Time_s,TestPhase,Distance_m,PosX,PosY,PosZ,Speed_Kmh,Accel_Long_G,Accel_Lat_G,Raw_Steer,Raw_Throttle,Raw_Brake,Clutch,Gear,RPM,Torque_Nm,Boost_Bar,Pitch,Roll,YawRate,Aero_DownN,Aero_DragN,FL_Load_N,FL_Travel_m,FL_DamperVel_ms,FL_Slip,FL_SlipDelta,FL_SlipAng_deg,FL_LatDelta,FL_WheelRPM,FL_LongForce_N,FL_LatForce_N,FL_ActBrakeTrq_Nm,FL_ABS_Active,FR_Load_N,FR_Travel_m,FR_DamperVel_ms,FR_Slip,FR_SlipDelta,FR_SlipAng_deg,FR_LatDelta,FR_WheelRPM,FR_LongForce_N,FR_LatForce_N,FR_ActBrakeTrq_Nm,FR_ABS_Active,RL_Load_N,RL_Travel_m,RL_DamperVel_ms,RL_Slip,RL_SlipDelta,RL_SlipAng_deg,RL_LatDelta,RL_WheelRPM,RL_LongForce_N,RL_LatForce_N,RL_ActBrakeTrq_Nm,RL_ABS_Active,RR_Load_N,RR_Travel_m,RR_DamperVel_ms,RR_Slip,RR_SlipDelta,RR_SlipAng_deg,RR_LatDelta,RR_WheelRPM,RR_LongForce_N,RR_LatForce_N,RR_ActBrakeTrq_Nm,RR_ABS_Active
83.26,3,7277.3,-2316.61,-0.04,8076.66,0.7,-0.04,0.0,1.0,0.5,0.0,0.0,1,835,0.0,0.26,0.53,0.0,0.5,0,0,6509,0.0665,0.003,1.047,0.947,-1.35,-5.82,14,1615,185,0,0,6503,0.0663,0.003,0.609,0.509,-1.53,-5.63,12,-10,363,0,0,7130,0.0501,-0.001,0.629,0.529,0.91,-6.26,8,1824,-324,0,0,7120,0.05,-0.001,1.41,1.31,0.91,-6.25,17,2040,-294,0,0
83.28,3,7277.3,-2316.61,-0.04,8076.67,0.7,0.05,0.04,1.0,0.5,0.0,0.0,1,894,159.2,0.53,0.51,0.01,1.28,0,0,6415,0.0661,-0.016,-0.647,0.547,11.36,4.2,-5,809,806,0,0,6369,0.066,-0.015,-0.085,-0.015,12.2,5.04,1,622,1054,0,0,7267,0.0505,0.017,-0.717,0.617,2.19,-4.97,-1,-809,-77,0,0,7221,0.0503,0.017,-0.92,0.82,2.35,-4.81,-9,857,-45,0,0
83.3,3,7277.3,-2316.61,-0.04,8076.67,0.6,-0.21,0.13,1.0,0.5,0.0,0.0,1,1032,210.7,0.62,0.5,0.02,2.34,0,0,6495,0.0659,-0.01,-0.246,0.146,5.04,-2.12,5,-1266,1654,0,0,6315,0.0655,-0.025,-0.212,0.112,3.95,-3.22,2,-497,1823,0,0,7344,0.051,0.026,0.426,0.326,1.88,-5.28,11,-261,213,0,0,7156,0.0506,0.012,0.05,-0.05,2.1,-5.06,8,-1649,252,0,0
83.32,3,7277.3,-2316.61,-0.04,8076.67,0.5,-0.17,0.19,1.0,0.5,0.0,0.0,1,1179,221.7,0.64,0.49,0.04,3.4,0,0,6575,0.0661,0.007,0.417,0.317,-2.67,-4.49,11,-143,1604,0,0,6251,0.065,-0.026,0.114,0.014,-6.75,-0.41,6,-341,1444,0,0,7426,0.0516,0.029,-0.147,0.047,0.53,-6.63,1,656,363,0,0,7079,0.0505,-0.004,0.353,0.253,0.46,-6.71,4,978,379,0,0
83.34,3,7277.3,-2316.61,-0.04,8076.67,0.5,-0.1,0.14,1.0,0.5,0.0,0.0,1,1335,233.3,0.66,0.48,0.06,3.81,0,0,6568,0.0662,0.008,-0.01,-0.09,-7.13,-0.03,4,701,822,0,0,6194,0.0644,-0.029,0.095,-0.005,-11.26,4.1,5,146,260,0,0,7487,0.0522,0.031,-0.112,0.012,-1.49,-5.67,5,-938,241,0,0,7078,0.0503,-0.007,-0.245,0.145,-1.62,-5.54,-1,-203,253,0,0
83.36,3,7277.3,-2316.61,-0.04,8076.68,0.5,-0.02,0.0,1.0,0.5,0.0,0.0,1,1498,245.5,0.67,0.47,0.07,3.35,0,0,6460,0.0661,-0.005,-0.334,0.234,-6.8,-0.36,3,-657,-100,0,0,6220,0.0639,-0.023,-0.098,-0.002,-10.17,3.01,3,-55,-957,0,0,7466,0.0526,0.024,0.254,0.154,-2.47,-4.69,6,383,-73,0,0,7182,0.0504,0.005,0.067,-0.033,-2.47,-4.69,2,-154,-45,0,0
83.38,3,7277.3,-2316.6,-0.04,8076.68,0.5,0.06,-0.14,1.0,0.5,0.0,0.0,1,1669,253.1,0.69,0.46,0.05,2.26,0,0,6275,0.0656,-0.025,0.243,0.143,-1.83,-5.33,9,-455,-537,0,0,6294,0.0637,-0.012,-0.036,-0.064,-3.3,-3.86,4,-326,-1597,0,0,7390,0.0529,0.011,-0.239,0.139,-1.65,-5.52,1,-159,-344,0,0,7369,0.0509,0.025,-0.023,-0.077,-1.66,-5.51,2,-54,-316,0,0
83.4,3,7277.3,-2316.6,-0.04,8076.68,0.5,0.06,-0.17,1.0,1.0,0.0,0.02,1,1841,260.4,0.72,0.44,0.03,1.29,0,0,6128,0.0648,-0.042,0.179,0.079,4.15,-3.02,5,585,-304,0,0,6364,0.0637,-0.001,0.091,-0.009,3.91,-3.25,4,-81,-1398,0,0,7309,0.0528,-0.001,0.136,0.036,-0.07,-7.09,7,-455,-422,0,0,7524,0.0517,0.041,0.076,-0.024,-0.15,-7.01,5,-112,-408,0,0
83.42,3,7277.3,-2316.6,-0.04,8076.68,0.6,0.16,-0.09,1.0,1.0,0.0,0.12,1,2001,429.1,1.09,0.42,0.01,1.04,0,0,6045,0.0639,-0.044,-0.194,0.094,8.07,0.91,2,318,415,0,0,6332,0.0637,0.001,0.041,-0.059,8.56,1.4,3,415,-526,0,0,7334,0.0528,-0.003,0.111,0.011,1.21,-5.95,5,1604,-304,0,0,7616,0.0526,0.043,0.111,0.011,1.21,-5.95,4,1750,-293,0,0
83.44,3,7277.3,-2316.6,-0.04,8076.69,0.7,0.25,0.05,1.0,1.0,0.0,0.22,1,2189,581.6,1.31,0.4,0.0,1.69,0,0,6039,0.0631,-0.039,-0.095,-0.005,9.38,2.21,6,78,1348,0,0,6191,0.0634,-0.015,-0.098,-0.002,9.74,2.58,4,417,591,0,0,7480,0.0531,0.013,-0.089,-0.011,1.59,-5.57,6,2099,-93,0,0,7638,0.0534,0.037,-0.07,-0.03,1.62,-5.54,5,2409,-69,0,0
83.46,3,7277.3,-2316.6,-0.04,8076.69,1.0,0.33,0.19,1.0,1.0,0.0,0.32,1,2319,612.4,1.34,0.37,0.01,3.22,0,0,6088,0.0626,-0.027,0.077,-0.023,8.04,0.88,11,547,2144,0,0,5988,0.0627,-0.036,-0.014,-0.086,7.97,0.8,8,560,1424,0,0,7693,0.0538,0.035,0.076,-0.024,0.69,-6.47,10,3285,62,0,0,7596,0.0539,0.025,0.118,0.018,0.67,-6.5,8,3951,87,0,0
83.48,3,7277.4,-2316.6,-0.04,8076.7,1.4,0.48,0.3,1.0,1.0,0.0,0.42,1,2360,623.5,1.36,0.35,0.04,5.43,1,0,6134,0.0623,-0.016,-0.023,-0.077,5.57,-1.6,13,1084,2629,0,0,5738,0.0615,-0.058,-0.02,-0.08,3.07,-4.09,10,1116,1710,0,0,7944,0.0549,0.056,-0.006,-0.094,-0.75,-6.41,12,4770,46,0,0,7535,0.0541,0.014,0.115,0.015,-0.56,-6.6,9,5826,71,0,0
83.5,3,7277.4,-2316.59,-0.04,8076.71,1.9,0.62,0.32,1.0,0.5,0.0,0.44,1,2326,616.0,1.35,0.31,0.07,7.9,1,0,6124,0.062,-0.013,-0.165,0.065,2.98,-4.18,15,1414,2776,0,0,5503,0.06,-0.077,-0.24,0.14,-0.21,-6.95,11,1259,1600,0,0,8193,0.0563,0.07,-0.258,0.158,-1.38,-5.78,11,5425,-120,0,0,7533,0.0543,0.007,-0.089,-0.011,-1.6,-5.56,7,6921,-86,0,0
83.52,3,7277.4,-2316.59,-0.04,8076.72,2.3,0.55,0.27,1.0,0.5,0.0,0.37,1,2230,354.3,0.95,0.28,0.11,10.02,1,0,6113,0.0617,-0.016,-0.1,0.0,2.3,-4.86,18,1827,2782,0,0,5399,0.0584,-0.081,-0.298,0.198,-1.64,-5.53,11,1520,1340,0,0,8307,0.0578,0.076,-0.293,0.193,-1.39,-5.78,11,4921,-317,0,0,7527,0.0545,0.011,-0.222,0.122,-1.86,-5.31,6,6915,-301,0,0
83.54,3,7277.4,-2316.58,-0.04,8076.74,2.6,0.39,0.2,1.0,0.5,0.0,0.27,1,2107,272.4,0.75,0.25,0.15,11.8,2,0,6111,0.0614,-0.014,0.014,-0.086,1.79,-5.37,23,1936,2724,0,0,5434,0.057,-0.067,-0.326,0.226,-2.45,-4.71,11,1777,989,0,0,8301,0.059,0.061,-0.473,0.373,-0.77,-6.39,9,3620,-449,0,0,7537,0.0547,0.009,-0.634,0.534,-1.24,-5.92,1,5979,-493,0,0
83.56,3,7277.4,-2316.58,-0.04,8076.75,2.8,0.25,0.15,1.0,0.5,0.0,0.21,1,2054,270.0,0.74,0.23,0.17,13.2,2,0,6123,0.0612,-0.011,0.092,-0.008,1.41,-5.75,27,1743,2613,0,0,5547,0.0562,-0.043,-0.37,0.27,-3.82,-3.34,10,1895,510,0,0,8194,0.0598,0.04,-0.581,0.481,-0.08,-7.08,9,1885,-452,0,0,7517,0.0548,0.007,-0.903,0.803,-0.15,-7.01,1,4245,-537,0,0
83.58,3,7277.4,-2316.57,-0.04,8076.77,3.0,0.2,0.11,1.0,0.5,0.0,0.19,1,2032,269.0,0.74,0.22,0.17,14.07,2,0,6128,0.061,-0.008,0.124,0.024,1.23,-5.93,31,1339,2476,0,0,5674,0.0557,-0.022,-0.382,0.282,-4.14,-3.02,10,1827,-46,0,0,8065,0.0601,0.016,-0.456,0.356,0.23,-6.93,15,872,-363,0,0,7504,0.0549,0.002,-0.689,0.589,0.35,-6.81,6,3032,-447,0,0
83.6,3,7277.4,-2316.56,-0.04,8076.78,3.1,0.21,0.09,1.0,0.5,0.0,0.19,1,2022,268.6,0.74,0.22,0.17,14.39,3,0,6124,0.0609,-0.007,0.109,0.009,1.78,-5.38,33,893,2384,0,0,5784,0.0556,-0.007,-0.315,0.215,-3.18,-3.98,13,1760,-508,0,0,7945,0.0602,0.001,-0.291,0.191,0.08,-7.09,20,742,-279,0,0,7499,0.0549,0.001,-0.403,0.303,0.0,-7.16,11,2956,-353,0,0
83.62,3,7277.5,-2316.55,-0.04,8076.8,3.3,0.23,0.07,1.0,0.5,0.0,0.18,1,2018,268.4,0.74,0.22,0.17,14.36,3,0,6109,0.0607,-0.009,0.076,-0.024,2.64,-4.52,34,587,2391,0,0,5870,0.0557,0.003,-0.204,0.104,-1.48,-5.68,16,1789,-755,0,0,7843,0.06,-0.009,-0.19,0.09,-0.44,-6.72,22,957,-269,0,0,7505,0.0549,0.002,-0.255,0.155,-0.66,-6.5,13,3342,-352,0,0
83.64,3,7277.5,-2316.55,-0.04,8076.82,3.5,0.23,0.06,1.0,0.5,0.0,0.18,1,2016,268.3,0.74,0.22,0.15,14.31,3,1,6084,0.0605,-0.01,0.038,-0.062,3.49,-3.67,34,496,2510,0,0,5942,0.0558,0.009,-0.097,-0.003,0.46,-6.7,19,1880,-759,0,0,7763,0.0597,-0.015,-0.152,0.052,-0.79,-6.37,23,1299,-337,0,0,7527,0.055,0.004,-0.199,0.099,-1.29,-5.87,13,3765,-453,0,0
83.66,3,7277.5,-2316.54,-0.04,8076.83,3.6,0.22,0.06,1.0,0.5,0.0,0.18,1,2015,268.3,0.74,0.22,0.14,14.52,4,1,6071,0.0603,-0.01,0.023,-0.077,4.03,-3.13,34,586,2716,0,0,5994,0.0561,0.014,-0.011,-0.089,1.58,-5.58,22,1961,-572,0,0,7702,0.0593,-0.018,-0.142,0.042,-0.99,-6.17,24,1669,-444,0,0,7542,0.0551,0.006,-0.17,0.07,-1.49,-5.67,14,4142,-593,0,0
83.68,3,7277.5,-2316.53,-0.04,8076.85,3.8,0.2,0.07,1.0,1.0,0.0,0.18,1,2015,268.2,0.74,0.23,0.13,15.05,4,1,6090,0.0601,-0.009,0.04,-0.06,4.44,-2.72,36,731,2981,0,0,6031,0.0564,0.015,0.025,-0.075,1.98,-5.19,24,2038,-303,0,0,7656,0.0589,-0.019,-0.144,0.044,-0.76,-6.4,24,1941,-534,0,0,7525,0.0552,0.005,-0.152,0.052,-1.24,-5.92,14,4444,-712,0,0
83.7,3,7277.5,-2316.52,-0.04,8076.87,3.9,0.19,0.09,1.0,1.0,0.0,0.21,1,2059,439.6,1.1,0.23,0.12,15.91,4,1,6124,0.0601,-0.002,0.08,-0.02,4.37,-2.8,39,876,3229,0,0,6046,0.0567,0.015,0.048,-0.052,1.73,-5.43,25,2214,-59,0,0,7627,0.0585,-0.019,-0.109,0.009,-0.46,-6.7,26,2497,-571,0,0,7483,0.0552,-0.002,-0.062,-0.038,-0.67,-6.49,16,5122,-758,0,0
83.72,3,7277.6,-2316.51,-0.04,8076.9,4.2,0.29,0.13,1.0,1.0,0.0,0.3,1,2165,577.2,1.31,0.23,0.11,17.03,5,1,6130,0.0601,0.0,0.113,0.013,4.25,-2.91,43,1163,3419,0,0,6001,0.0569,0.009,0.073,-0.027,1.28,-5.88,27,2626,118,0,0,7664,0.0583,-0.013,-0.023,-0.077,-0.16,-7.01,30,3821,-550,0,0,7472,0.0551,-0.004,0.164,0.064,-0.19,-6.97,21,6528,-698,0,0
83.74,3,7277.6,-2316.5,-0.04,8076.92,4.5,0.4,0.16,1.0,0.5,0.0,0.35,1,2226,591.8,1.32,0.23,0.11,18.18,5,1,6129,0.06,-0.003,0.165,0.065,4.4,-2.76,48,1301,3606,0,0,5912,0.0568,-0.004,0.149,0.049,1.62,-5.54,32,3013,315,0,0,7760,0.0583,0.001,0.139,0.039,-0.18,-6.99,37,4776,-512,0,0,7480,0.0551,0.0,0.492,0.392,-0.35,-6.81,30,7244,-619,0,0
83.76,3,7277.6,-2316.49,-0.04,8076.94,4.8,0.42,0.19,1.0,0.5,0.0,0.33,1,2184,351.5,0.94,0.23,0.12,19.28,6,1,6135,0.06,-0.002,0.18,0.08,4.51,-2.66,53,808,3820,0,0,5826,0.0565,-0.016,0.268,0.168,1.87,-5.3,39,2939,538,0,0,7853,0.0586,0.013,0.249,0.149,-0.32,-6.84,45,4073,-510,0,0,7474,0.0551,-0.001,0.591,0.491,-0.61,-6.55,36,6772,-651,0,0
83.78,3,7277.6,-2316.48,-0.04,8076.97,5.0,0.29,0.19,1.0,0.5,0.0,0.25,1,2093,271.7,0.75,0.23,0.13,20.54,7,1,6176,0.06,0.002,0.104,0.004,4.27,-2.89,54,66,4009,0,0,5816,0.0562,-0.016,0.349,0.249,1.45,-5.71,45,2347,727,0,0,7884,0.0589,0.015,0.266,0.166,-0.28,-6.88,48,2720,-533,0,0,7449,0.055,-0.003,0.526,0.426,-0.43,-6.73,37,5443,-709,0,0
83.8,3,7277.7,-2316.46,-0.04,8076.99,5.2,0.18,0.2,1.0,0.5,0.0,0.21,1,2048,269.7,0.74,0.23,0.14,22.0,7,1,6242,0.0602,0.011,0.018,-0.082,3.47,-3.69,52,-29,4096,0,0,5833,0.056,-0.007,0.365,0.265,-0.1,-7.07,48,1703,728,0,0,7876,0.059,0.008,0.216,0.116,-0.18,-6.99,49,2132,-523,0,0,7386,0.0548,-0.009,0.458,0.358,-0.32,-6.84,36,5076,-710,0,0
83.82,3,7277.7,-2316.45,-0.04,8077.02,5.3,0.14,0.19,1.0,0.5,0.0,0.19,1,2029,268.9,0.74,0.23,0.15,23.29,8,1,6298,0.0605,0.016,0.008,-0.092,2.89,-4.27,53,259,4060,0,0,5871,0.056,-0.001,0.311,0.211,-1.13,-6.04,50,1137,525,0,0,7844,0.0591,0.002,0.173,0.073,-0.02,-7.14,48,1926,-477,0,0,7328,0.0545,-0.015,0.406,0.306,-0.04,-7.12,35,4966,-671,0,0
83.84,3,7277.7,-2316.43,-0.04,8077.05,5.5,0.13,0.17,1.0,0.5,0.0,0.18,1,2021,268.5,0.74,0.24,0.16,24.22,8,1,6327,0.0609,0.018,0.048,-0.052,2.43,-4.73,56,420,3924,0,0,5914,0.0561,0.004,0.246,0.146,-1.81,-5.35,49,747,182,0,0,7802,0.059,-0.003,0.147,0.047,-0.03,-7.14,48,1842,-419,0,0,7293,0.0542,-0.017,0.378,0.278,0.05,-7.11,34,4984,-616,0,0
83.86,3,7277.8,-2316.42,-0.04,8077.07,5.6,0.15,0.15,1.0,0.5,0.0,0.18,1,2017,268.4,0.74,0.25,0.16,24.78,8,1,6330,0.0612,0.014,0.066,-0.034,2.34,-4.82,59,334,3756,0,0,5948,0.0562,0.007,0.184,0.084,-2.0,-5.17,49,538,-191,0,0,7763,0.0589,-0.006,0.129,0.029,-0.15,-7.01,49,1831,-380,0,0,7285,0.0539,-0.013,0.353,0.253,-0.22,-6.94,35,4980,-581,0,0
83.88,3,7277.8,-2316.4,-0.04,8077.1,5.8,0.17,0.13,1.0,0.5,0.0,0.18,1,2016,268.3,0.74,0.26,0.16,25.06,9,1,6317,0.0614,0.01,0.059,-0.041,2.57,-4.59,60,215,3622,0,0,5980,0.0564,0.009,0.141,0.041,-1.56,-5.6,48,493,-470,0,0,7729,0.0587,-0.009,0.12,0.02,-0.33,-6.83,50,1779,-385,0,0,7292,0.0537,-0.01,0.327,0.227,-0.52,-6.64,35,4985,-586,0,0
83.9,3,7277.8,-2316.39,-0.04,8077.13,5.9,0.18,0.11,1.0,0.5,0.0,0.18,1,2015,268.3,0.74,0.26,0.16,25.19,9,1,6289,0.0615,0.007,0.043,-0.057,2.96,-4.2,60,189,3558,0,0,6009,0.0566,0.011,0.116,0.016,-0.91,-6.25,48,524,-604,0,0,7696,0.0585,-0.01,0.114,0.014,-0.44,-6.72,50,1749,-426,0,0,7319,0.0536,-0.005,0.311,0.211,-0.68,-6.48,36,4963,-628,0,0
83.92,3,7277.9,-2316.37,-0.04,8077.16,6.0,0.18,0.1,1.0,0.5,0.0,0.18,1,2015,268.2,0.74,0.27,0.15,25.33,10,2,6252,0.0615,0.001,0.042,-0.058,3.22,-3.95,61,239,3573,0,0,6039,0.0569,0.012,0.103,0.003,0.01,-7.15,48,577,-574,0,0,7670,0.0583,-0.011,0.112,0.012,-0.5,-6.66,51,1724,-482,0,0,7363,0.0536,0.0,0.289,0.189,-0.84,-6.33,36,4962,-689,0,0
83.94,3,7277.9,-2316.35,-0.04,8077.19,6.2,0.17,0.1,1.0,0.5,0.0,0.18,1,2015,268.2,0.74,0.27,0.15,25.6,10,2,6241,0.0615,-0.002,0.041,-0.059,3.73,-3.43,62,264,3676,0,0,6057,0.0571,0.012,0.099,-0.001,0.51,-6.65,49,646,-430,0,0,7650,0.058,-0.011,0.101,0.001,-0.47,-6.69,52,1702,-528,0,0,7381,0.0537,0.003,0.282,0.182,-0.77,-6.4,37,4984,-743,0,0
83.96,3,7277.9,-2316.33,-0.04,8077.22,6.3,0.16,0.11,1.0,0.5,0.0,0.18,1,2015,268.2,0.74,0.28,0.14,26.07,11,2,6247,0.0615,0.0,0.042,-0.058,3.92,-3.25,63,248,3815,0,0,6067,0.0574,0.012,0.098,-0.002,0.81,-6.35,49,718,-226,0,0,7640,0.0578,-0.01,0.1,0.0,-0.37,-6.79,53,1704,-548,0,0,7377,0.0537,0.001,0.276,0.176,-0.61,-6.55,38,4991,-772,0,0
83.98,3,7278.0,-2316.31,-0.04,8077.25,6.5,0.14,0.13,0.99,0.5,0.0,0.18,1,2015,268.2,0.74,0.28,0.13,26.71,11,2,6264,0.0616,0.003,0.04,-0.06,3.9,-3.26,64,222,3948,0,0,6066,0.0576,0.01,0.107,0.007,0.63,-6.53,51,788,-31,0,0,7632,0.0577,-0.009,0.098,-0.002,-0.24,-6.92,55,1653,-533,0,0,7355,0.0537,-0.002,0.276,0.176,-0.36,-6.8,39,5015,-760,0,0
84.0,3,7278.0,-2316.29,-0.04,8077.28,6.6,0.13,0.14,0.96,0.5,0.0,0.18,1,2015,268.2,0.74,0.29,0.13,27.44,11,2,6286,0.0616,0.004,0.037,-0.063,3.45,-3.71,66,199,4017,0,0,6056,0.0577,0.008,0.108,0.008,0.12,-7.04,52,826,61,0,0,7642,0.0575,-0.007,0.098,-0.002,-0.12,-7.04,56,1624,-485,0,0,7332,0.0536,-0.003,0.284,0.184,-0.1,-7.06,40,5028,-713,0,0
84.02,3,7278.0,-2316.27,-0.04,8077.31,6.7,0.14,0.15,0.93,0.5,0.0,0.18,1,2015,268.2,0.74,0.29,0.13,28.1,12,2,6305,0.0618,0.006,0.033,-0.067,2.38,-4.78,67,211,3913,0,0,6047,0.0578,0.005,0.114,0.014,-1.36,-5.81,53,817,-81,0,0,7657,0.0574,-0.004,0.103,0.003,-0.03,-7.13,57,1609,-424,0,0,7321,0.0535,-0.005,0.287,0.187,-0.07,-7.09,41,5027,-651,0,0
84.04,3,7278.1,-2316.25,-0.04,8077.34,6.8,0.16,0.14,0.9,0.5,0.0,0.18,1,2015,268.2,0.74,0.29,0.13,28.47,12,2,6303,0.0619,0.006,0.032,-0.068,1.45,-5.71,68,235,3596,0,0,6036,0.0579,0.003,0.113,0.013,-2.43,-4.74,54,777,-463,0,0,7664,0.0574,-0.002,0.1,0.0,-0.06,-7.11,58,1572,-373,0,0,7315,0.0534,-0.004,0.287,0.187,-0.06,-7.1,42,5015,-595,0,0
84.06,3,7278.1,-2316.23,-0.04,8077.38,7.0,0.2,0.1,0.87,0.5,0.0,0.18,1,2015,268.2,0.74,0.29,0.13,28.39,13,2,6272,0.0619,0.002,0.035,-0.065,0.91,-6.25,69,264,3151,0,0,6034,0.0579,0.002,0.109,0.009,-2.84,-4.32,55,726,-934,0,0,7668,0.0574,-0.001,0.095,-0.005,-0.17,-6.99,59,1521,-349,0,0,7349,0.0534,-0.001,0.27,0.17,-0.26,-6.91,43,4972,-566,0,0
84.08,3,7278.2,-2316.21,-0.04,8077.41,7.2,0.24,0.06,0.85,0.5,0.0,0.18,1,2015,268.2,0.74,0.29,0.12,27.87,14,2,6201,0.0618,-0.005,0.038,-0.062,0.68,-6.48,70,317,2676,0,0,6050,0.058,0.004,0.104,0.004,-2.52,-4.64,56,658,-1333,0,0,7654,0.0573,-0.003,0.093,-0.007,-0.19,-6.97,61,1485,-347,0,0,7427,0.0535,0.006,0.249,0.149,-0.37,-6.79,44,4947,-565,0,0
84.1,3,7278.2,-2316.19,-0.04,8077.45,7.4,0.27,0.01,0.82,0.5,0.0,0.18,1,2015,268.2,0.74,0.29,0.11,27.05,14,2,6121,0.0615,-0.015,0.043,-0.057,0.81,-6.35,71,368,2295,0,0,6066,0.0581,0.006,0.098,-0.002,-1.74,-5.42,56,603,-1538,0,0,7634,0.0572,-0.004,0.089,-0.011,-0.31,-6.85,62,1480,-372,0,0,7511,0.0538,0.016,0.228,0.128,-0.47,-6.69,46,4904,-589,0,0
84.12,3,7278.2,-2316.17,-0.04,8077.48,7.6,0.29,-0.01,0.79,0.5,0.0,0.18,1,2015,268.2,0.74,0.28,0.09,26.13,15,2,6048,0.0611,-0.02,0.045,-0.055,1.15,-6.02,71,405,2054,0,0,6085,0.0583,0.007,0.087,-0.013,-0.72,-6.44,57,582,-1518,0,0,7611,0.0571,-0.006,0.087,-0.013,-0.29,-6.87,63,1493,-396,0,0,7591,0.0543,0.021,0.21,0.11,-0.48,-6.68,47,4871,-615,0,0
84.14,3,7278.3,-2316.15,-0.04,8077.52,7.8,0.29,-0.02,0.76,0.5,0.0,0.18,1,2015,268.2,0.74,0.27,0.07,25.31,16,3,5995,0.0607,-0.024,0.051,-0.049,1.38,-5.79,72,430,1947,0,0,6098,0.0584,0.008,0.084,-0.016,0.12,-7.04,57,624,-1287,0,0,7595,0.057,-0.007,0.085,-0.015,-0.26,-6.9,64,1519,-405,0,0,7655,0.0548,0.025,0.195,0.095,-0.34,-6.82,49,4836,-619,0,0
84.16,3,7278.3,-2316.12,-0.04,8077.56,7.9,0.28,0.0,0.74,0.5,0.0,0.18,1,2015,268.2,0.74,0.27,0.06,24.72,17,3,5976,0.0602,-0.023,0.047,-0.053,1.64,-5.53,73,432,1924,0,0,6090,0.0585,0.006,0.081,-0.019,0.74,-6.42,58,696,-931,0,0,7590,0.0569,-0.006,0.077,-0.023,-0.13,-7.03,65,1543,-386,0,0,7669,0.0552,0.022,0.181,0.081,-0.22,-6.94,50,4811,-595,0,0
84.18,3,7278.4,-2316.1,-0.04,8077.6,8.1,0.27,0.02,0.71,0.5,0.0,0.18,1,2015,268.2,0.74,0.26,0.04,24.4,18,3,5990,0.0598,-0.018,0.048,-0.052,1.49,-5.67,74,440,1918,0,0,6078,0.0586,0.004,0.081,-0.019,0.98,-6.18,59,778,-554,0,0,7599,0.0568,-0.004,0.074,-0.026,-0.02,-7.14,66,1565,-336,0,0,7661,0.0555,0.017,0.174,0.074,-0.06,-7.1,52,4788,-534,0,0
84.2,3,7278.4,-2316.08,-0.04,8077.64,8.3,0.25,0.05,0.69,0.5,0.0,0.18,1,2015,268.2,0.74,0.26,0.04,24.26,18,3,6018,0.0596,-0.012,0.049,-0.051,1.15,-6.01,75,458,1857,0,0,6052,0.0586,0.0,0.082,-0.018,0.81,-6.35,60,844,-244,0,0,7625,0.0568,-0.001,0.072,-0.028,0.04,-7.12,68,1580,-269,0,0,7636,0.0558,0.011,0.17,0.07,0.03,-7.13,53,4786,-449,0,0
84.22,3,7278.5,-2316.05,-0.04,8077.68,8.5,0.25,0.07,0.66,1.0,0.0,0.18,1,2015,268.2,0.74,0.26,0.03,24.2,19,3,6062,0.0595,-0.006,0.048,-0.052,0.83,-6.33,76,495,1721,0,0,6022,0.0586,-0.003,0.087,-0.013,0.43,-6.73,61,895,-52,0,0,7657,0.0568,0.003,0.067,-0.033,0.05,-7.11,69,1599,-195,0,0,7595,0.0559,0.005,0.163,0.063,0.1,-7.06,55,4777,-356,0,0
84.24,3,7278.5,-2316.03,-0.04,8077.72,8.7,0.27,0.08,0.64,0.5,0.0,0.21,1,2059,439.6,1.1,0.25,0.04,24.09,20,3,6088,0.0595,-0.001,0.052,-0.048,0.47,-6.7,78,610,1496,0,0,5992,0.0584,-0.006,0.094,-0.006,0.13,-7.03,63,1038,17,0,0,7690,0.0569,0.005,0.08,-0.02,0.08,-7.08,71,1954,-132,0,0,7574,0.0559,0.0,0.188,0.088,0.11,-7.05,58,5163,-270,0,0
84.26,3,7278.6,-2316.0,-0.04,8077.76,8.9,0.35,0.08,0.61,1.0,0.0,0.22,1,2063,270.4,0.74,0.25,0.04,23.82,21,3,6080,0.0595,-0.001,0.051,-0.049,0.14,-7.02,79,699,1221,0,0,5943,0.0582,-0.009,0.091,-0.009,0.11,-7.05,64,1077,40,0,0,7744,0.0571,0.01,0.07,-0.03,0.0,-7.16,72,2007,-99,0,0,7583,0.0559,0.002,0.165,0.065,0.02,-7.14,59,5309,-217,0,0
84.28,3,7278.6,-2315.98,-0.04,8077.8,9.2,0.34,0.07,0.59,0.5,0.0,0.23,1,2080,443.3,1.11,0.24,0.05,23.42,22,4,6074,0.0594,-0.004,0.058,-0.042,0.05,-7.11,81,777,955,0,0,5924,0.058,-0.012,0.103,0.003,0.1,-7.06,67,1109,70,0,0,7772,0.0574,0.013,0.087,-0.013,-0.05,-7.11,75,2138,-97,0,0,7595,0.056,0.004,0.193,0.093,-0.08,-7.08,63,5290,-196,0,0
84.3,3,7278.7,-2315.95,-0.04,8077.85,9.5,0.39,0.06,0.56,1.0,0.0,0.23,1,2072,270.8,0.74,0.24,0.05,22.95,24,4,6042,0.0593,-0.005,0.053,-0.047,0.02,-7.14,82,782,716,0,0,5895,0.0578,-0.012,0.094,-0.006,0.37,-6.79,68,1063,129,0,0,7801,0.0576,0.012,0.074,-0.026,-0.12,-7.04,77,2063,-115,0,0,7625,0.0561,0.005,0.166,0.066,-0.14,-7.02,64,5306,-196,0,0
84.32,3,7278.7,-2315.92,-0.04,8077.9,9.7,0.36,0.04,0.54,0.5,0.0,0.23,1,2085,444.0,1.11,0.23,0.05,22.48,25,4,6024,0.0591,-0.008,0.058,-0.042,-0.02,-7.14,84,811,529,0,0,5896,0.0575,-0.011,0.096,-0.004,0.56,-6.6,70,1056,230,0,0,7805,0.0578,0.011,0.085,-0.015,-0.09,-7.07,79,2152,-131,0,0,7644,0.0562,0.008,0.183,0.083,-0.14,-7.02,67,5234,-201,0,0
84.34,3,7278.8,-2315.89,-0.04,8077.95,10.0,0.4,0.04,0.52,1.0,0.0,0.23,1,2074,270.9,0.74,0.22,0.05,22.04,26,4,5995,0.059,-0.009,0.054,-0.046,-0.04,-7.12,85,793,377,0,0,5885,0.0574,-0.009,0.084,-0.016,0.81,-6.36,71,1001,358,0,0,7814,0.058,0.009,0.071,-0.029,-0.06,-7.11,80,2050,-126,0,0,7675,0.0564,0.009,0.149,0.049,-0.07,-7.09,68,5221,-189,0,0
84.36,3,7278.8,-2315.87,-0.04,8077.99,10.3,0.36,0.04,0.49,1.0,0.0,0.23,1,2085,444.1,1.11,0.21,0.05,21.63,28,4,5989,0.0588,-0.009,0.057,-0.043,-0.11,-7.06,87,812,252,0,0,5891,0.0572,-0.009,0.086,-0.014,0.86,-6.3,73,1007,495,0,0,7808,0.0582,0.008,0.082,-0.018,-0.01,-7.16,83,2129,-108,0,0,7679,0.0566,0.008,0.162,0.062,0.01,-7.15,71,5148,-161,0,0
84.38,3,7278.9,-2315.84,-0.04,8078.05,10.6,0.45,0.05,0.47,0.5,0.0,0.31,1,2177,580.2,1.31,0.21,0.05,21.27,30,5,5958,0.0586,-0.009,0.06,-0.04,-0.16,-7.0,89,1064,134,0,0,5863,0.057,-0.007,0.09,-0.01,0.88,-6.28,76,1302,617,0,0,7839,0.0583,0.007,0.092,-0.008,0.06,-7.11,87,2958,-72,0,0,7715,0.0567,0.008,0.191,0.091,0.08,-7.08,76,6044,-114,0,0
84.4,3,7279.0,-2315.81,-0.04,8078.1,11.0,0.55,0.06,0.45,1.0,0.0,0.31,1,2161,350.2,0.94,0.2,0.05,20.84,32,5,5913,0.0583,-0.014,0.055,-0.045,-0.15,-7.02,91,1041,46,0,0,5799,0.0568,-0.015,0.084,-0.016,1.08,-6.08,78,1243,754,0,0,7904,0.0586,0.014,0.081,-0.019,0.01,-7.15,89,2747,-49,0,0,7758,0.057,0.014,0.154,0.054,-0.01,-7.16,77,6007,-81,0,0
84.42,3,7279.0,-2315.77,-0.04,8078.15,11.3,0.49,0.07,0.43,0.5,0.0,0.31,1,2176,579.8,1.31,0.18,0.05,20.45,34,5,5898,0.058,-0.015,0.067,-0.033,-0.34,-6.83,94,1056,-31,0,0,5781,0.0564,-0.017,0.091,-0.009,1.03,-6.13,81,1221,886,0,0,7935,0.0589,0.016,0.097,-0.003,-0.04,-7.13,93,2790,-41,0,0,7785,0.0573,0.014,0.175,0.075,-0.01,-7.15,82,5829,-69,0,0
84.44,3,7279.1,-2315.74,-0.04,8078.21,11.7,0.55,0.07,0.4,1.0,0.0,0.3,1,2161,350.2,0.94,0.17,0.06,20.13,36,6,5879,0.0578,-0.013,0.056,-0.044,-0.33,-6.83,96,980,-121,0,0,5741,0.0561,-0.016,0.072,-0.028,1.12,-6.04,83,1114,980,0,0,7966,0.0592,0.015,0.072,-0.028,0.0,-7.16,94,2656,-40,0,0,7794,0.0575,0.012,0.135,0.035,0.0,-7.16,83,5879,-60,0,0
84.46,3,7279.2,-2315.71,-0.04,8078.27,12.1,0.49,0.07,0.38,1.0,0.0,0.31,1,2175,579.8,1.31,0.16,0.06,19.8,38,6,5885,0.0575,-0.012,0.057,-0.043,-0.47,-6.7,99,989,-225,0,0,5735,0.0558,-0.017,0.074,-0.026,1.02,-6.15,86,1117,1038,0,0,7966,0.0595,0.013,0.086,-0.014,0.02,-7.15,98,2735,-35,0,0,7781,0.0577,0.009,0.158,0.058,0.01,-7.16,88,5717,-51,0,0
84.48,3,7279.2,-2315.68,-0.04,8078.33,12.5,0.58,0.07,0.36,1.0,0.0,0.36,1,2231,593.1,1.32,0.15,0.06,19.48,41,7,5856,0.0573,-0.011,0.057,-0.043,-0.63,-6.53,102,1141,-346,0,0,5699,0.0555,-0.015,0.071,-0.029,0.88,-6.28,88,1297,1047,0,0,7997,0.0597,0.012,0.083,-0.017,0.03,-7.14,101,3243,-21,0,0,7801,0.0579,0.007,0.157,0.057,0.04,-7.12,91,6287,-32,0,0
84.5,3,7279.3,-2315.64,-0.04,8078.39,12.9,0.65,0.07,0.34,1.0,0.0,0.38,1,2258,599.6,1.33,0.14,0.06,19.05,44,7,5811,0.057,-0.015,0.054,-0.046,-0.6,-6.56,105,1223,-452,0,0,5664,0.0551,-0.018,0.071,-0.029,0.94,-6.22,92,1394,1052,0,0,8039,0.06,0.016,0.088,-0.012,0.0,-7.16,104,3466,-6,0,0,7853,0.0581,0.012,0.156,0.056,0.04,-7.12,95,6525,-10,0,0
84.52,3,7279.4,-2315.6,-0.04,8078.46,13.4,0.69,0.06,0.32,1.0,0.0,0.39,1,2272,602.9,1.33,0.13,0.07,18.54,47,8,5769,0.0567,-0.018,0.053,-0.047,-0.59,-6.57,108,1238,-527,0,0,5629,0.0547,-0.02,0.071,-0.029,0.92,-6.24,95,1438,1060,0,0,8082,0.0604,0.018,0.083,-0.017,0.03,-7.13,108,3540,7,0,0,7901,0.0584,0.015,0.148,0.048,0.02,-7.14,99,6620,3,0,0
84.54,3,7279.5,-2315.56,-0.04,8078.52,13.9,0.7,0.06,0.3,1.0,0.0,0.4,1,2278,604.4,1.34,0.11,0.07,18.01,51,8,5737,0.0563,-0.019,0.052,-0.048,-0.59,-6.57,111,1221,-583,0,0,5599,0.0543,-0.02,0.066,-0.034,1.0,-6.16,99,1433,1077,0,0,8111,0.0607,0.018,0.082,-0.018,0.0,-7.16,111,3590,10,0,0,7932,0.0588,0.017,0.141,0.041,0.02,-7.14,103,6608,8,0,0
84.56,3,7279.5,-2315.53,-0.04,8078.59,14.4,0.71,0.06,0.28,1.0,0.0,0.4,1,2282,605.2,1.34,0.1,0.07,17.49,54,9,5709,0.0559,-0.019,0.05,-0.05,-0.69,-6.47,114,1232,-625,0,0,5577,0.0539,-0.02,0.065,-0.035,0.95,-6.21,102,1431,1095,0,0,8141,0.0611,0.017,0.081,-0.019,-0.01,-7.15,115,3645,9,0,0,7969,0.0591,0.017,0.133,0.033,0.02,-7.14,107,6585,10,0,0
84.58,3,7279.6,-2315.48,-0.04,8078.67,14.9,0.72,0.05,0.26,1.0,0.0,0.4,1,2283,605.6,1.34,0.08,0.07,16.96,58,9,5682,0.0555,-0.019,0.048,-0.052,-0.69,-6.48,117,1250,-661,0,0,5562,0.0535,-0.018,0.06,-0.04,0.96,-6.2,106,1425,1096,0,0,8156,0.0614,0.017,0.076,-0.024,0.03,-7.13,118,3695,13,0,0,7996,0.0594,0.017,0.129,0.029,0.05,-7.11,110,6565,15,0,0
84.6,3,7279.7,-2315.44,-0.04,8078.74,15.5,0.72,0.05,0.24,1.0,0.0,0.4,1,2284,605.8,1.34,0.07,0.06,16.41,62,10,5668,0.0552,-0.018,0.046,-0.054,-0.66,-6.5,120,1259,-697,0,0,5558,0.0532,-0.016,0.058,-0.042,0.86,-6.3,109,1450,1077,0,0,8164,0.0617,0.014,0.074,-0.026,0.04,-7.12,122,3780,23,0,0,8017,0.0598,0.016,0.124,0.024,0.05,-7.11,114,6530,27,0,0
84.62,3,7279.8,-2315.4,-0.04,8078.82,16.0,0.72,0.05,0.22,1.0,0.0,0.4,1,2284,605.9,1.34,0.06,0.06,15.82,66,11,5657,0.0548,-0.016,0.044,-0.056,-0.71,-6.45,124,1257,-738,0,0,5558,0.0529,-0.014,0.057,-0.043,0.8,-6.36,113,1464,1040,0,0,8165,0.0619,0.012,0.074,-0.026,0.04,-7.12,125,3838,37,0,0,8028,0.06,0.014,0.123,0.023,0.01,-7.15,118,6503,35,0,0
84.64,3,7279.9,-2315.35,-0.04,8078.9,16.5,0.72,0.04,0.21,1.0,0.0,0.4,1,2285,605.9,1.34,0.05,0.06,15.19,71,11,5645,0.0545,-0.016,0.046,-0.054,-0.77,-6.39,127,1284,-775,0,0,5565,0.0527,-0.011,0.055,-0.045,0.76,-6.4,117,1456,995,0,0,8161,0.0621,0.01,0.075,-0.025,0.07,-7.09,129,3891,51,0,0,8045,0.0603,0.015,0.117,0.017,0.07,-7.09,122,6437,49,0,0
84.66,3,7280.0,-2315.31,-0.04,8078.98,17.0,0.73,0.04,0.19,1.0,0.0,0.4,1,2285,606.0,1.34,0.04,0.06,14.5,75,12,5635,0.0542,-0.014,0.042,-0.058,-0.75,-6.41,130,1273,-808,0,0,5575,0.0525,-0.009,0.051,-0.049,0.71,-6.45,120,1453,936,0,0,8154,0.0623,0.007,0.072,-0.028,0.06,-7.1,132,3942,65,0,0,8062,0.0606,0.012,0.114,0.014,0.04,-7.13,126,6386,62,0,0
84.68,3,7280.1,-2315.26,-0.04,8079.07,17.5,0.73,0.03,0.17,1.0,0.0,0.4,1,2285,606.0,1.34,0.03,0.05,13.78,80,13,5633,0.054,-0.013,0.041,-0.059,-0.75,-6.41,133,1281,-837,0,0,5587,0.0524,-0.006,0.05,-0.05,0.67,-6.49,124,1485,877,0,0,8148,0.0624,0.006,0.072,-0.028,0.07,-7.09,136,4014,75,0,0,8072,0.0608,0.012,0.109,0.009,0.07,-7.09,129,6324,72,0,0
84.7,3,7280.2,-2315.21,-0.04,8079.15,18.0,0.73,0.02,0.16,1.0,0.0,0.4,1,2285,606.0,1.34,0.03,0.05,13.02,84,14,5633,0.0537,-0.011,0.041,-0.059,-0.75,-6.41,137,1317,-853,0,0,5596,0.0523,-0.004,0.051,-0.049,0.56,-6.6,128,1504,813,0,0,8132,0.0624,0.003,0.071,-0.029,0.07,-7.1,139,4091,79,0,0,8067,0.061,0.01,0.106,0.006,0.07,-7.09,133,6261,79,0,0
84.72,3,7280.3,-2315.16,-0.04,8079.24,18.5,0.73,0.02,0.14,1.0,0.0,0.4,1,2285,606.0,1.34,0.02,0.04,12.24,89,15,5635,0.0536,-0.009,0.043,-0.057,-0.8,-6.36,140,1329,-862,0,0,5603,0.0523,-0.003,0.048,-0.052,0.53,-6.64,131,1492,742,0,0,8124,0.0625,0.001,0.071,-0.029,0.06,-7.1,143,4167,76,0,0,8067,0.0612,0.007,0.104,0.004,0.08,-7.08,137,6191,82,0,0
84.74,3,7280.4,-2315.11,-0.04,8079.34,19.1,0.73,0.01,0.13,1.0,0.0,0.4,1,2285,606.0,1.34,0.02,0.04,11.44,94,15,5624,0.0534,-0.009,0.041,-0.059,-0.72,-6.44,143,1322,-855,0,0,5617,0.0522,-0.002,0.046,-0.054,0.47,-6.69,135,1491,676,0,0,8113,0.0625,0.0,0.07,-0.03,0.06,-7.1,146,4222,72,0,0,8086,0.0613,0.007,0.099,-0.001,0.07,-7.1,141,6137,77,0,0
84.76,3,7280.5,-2315.06,-0.04,8079.43,19.6,0.73,0.01,0.12,1.0,0.0,0.4,1,2285,606.0,1.34,0.02,0.03,10.65,99,16,5622,0.0532,-0.008,0.039,-0.061,-0.71,-6.45,146,1329,-845,0,0,5624,0.0522,0.0,0.046,-0.054,0.42,-6.74,139,1512,612,0,0,8104,0.0625,0.0,0.071,-0.029,0.06,-7.1,150,4298,72,0,0,8089,0.0615,0.009,0.096,-0.004,0.07,-7.09,145,6068,78,0,0
84.78,3,7280.6,-2315.01,-0.04,8079.53,20.1,0.73,0.0,0.1,1.0,0.0,0.4,1,2285,606.0,1.34,0.01,0.03,9.86,105,17,5616,0.0531,-0.008,0.039,-0.061,-0.7,-6.46,150,1347,-829,0,0,5638,0.0522,0.001,0.044,-0.056,0.37,-6.79,143,1526,544,0,0,8094,0.0625,-0.001,0.07,-0.03,0.06,-7.1,153,4362,73,0,0,8101,0.0616,0.007,0.095,-0.005,0.04,-7.12,149,6018,76,0,0
84.8,3,7280.7,-2314.95,-0.04,8079.63,20.6,0.73,0.0,0.09,1.0,0.0,0.4,1,2285,606.0,1.34,0.01,0.02,9.06,110,18,5609,0.0529,-0.008,0.04,-0.06,-0.72,-6.44,153,1373,-811,0,0,5646,0.0523,0.002,0.044,-0.056,0.31,-6.85,147,1525,478,0,0,8086,0.0624,-0.002,0.07,-0.03,0.06,-7.1,157,4438,73,0,0,8111,0.0618,0.008,0.092,-0.008,0.06,-7.1,153,5949,75,0,0
84.82,3,7280.8,-2314.89,-0.04,8079.73,21.1,0.73,-0.01,0.08,1.0,0.0,0.4,1,2285,606.0,1.34,0.01,0.01,8.28,116,19,5605,0.0528,-0.007,0.039,-0.061,-0.68,-6.48,156,1366,-790,0,0,5657,0.0523,0.003,0.042,-0.058,0.25,-6.92,150,1512,407,0,0,8084,0.0624,-0.002,0.069,-0.031,0.07,-7.09,160,4495,68,0,0,8126,0.0619,0.007,0.089,-0.011,0.05,-7.11,157,5872,73,0,0
84.84,3,7281.0,-2314.84,-0.04,8079.84,21.6,0.73,-0.01,0.07,1.0,0.0,0.4,1,2285,606.0,1.34,0.01,0.01,7.51,121,20,5604,0.0527,-0.006,0.037,-0.063,-0.64,-6.53,159,1381,-768,0,0,5663,0.0524,0.003,0.041,-0.059,0.19,-6.98,154,1526,337,0,0,8072,0.0623,-0.002,0.069,-0.031,0.06,-7.1,164,4565,67,0,0,8125,0.0621,0.007,0.086,-0.014,0.06,-7.1,161,5814,74,0,0
84.86,3,7281.1,-2314.78,-0.04,8079.95,22.2,0.73,-0.02,0.06,1.0,0.0,0.4,1,2285,606.0,1.34,0.01,0.0,6.74,127,21,5600,0.0525,-0.005,0.036,-0.064,-0.61,-6.55,163,1399,-744,0,0,5679,0.0525,0.004,0.04,-0.06,0.13,-7.03,158,1528,267,0,0,8063,0.0623,-0.003,0.07,-0.03,0.04,-7.12,167,4627,65,0,0,8142,0.0622,0.006,0.084,-0.016,0.05,-7.11,164,5750,66,0,0
84.88,3,7281.2,-2314.72,-0.04,8080.06,22.7,0.73,-0.02,0.05,1.0,0.0,0.4,1,2285,606.0,1.34,0.01,0.0,5.99,133,22,5599,0.0525,-0.005,0.037,-0.063,-0.62,-6.55,166,1407,-720,0,0,5682,0.0526,0.004,0.039,-0.061,0.08,-7.08,162,1529,202,0,0,8048,0.0622,-0.003,0.07,-0.03,0.03,-7.13,171,4699,63,0,0,8132,0.0623,0.005,0.083,-0.017,0.02,-7.15,168,5708,60,0,0
84.9,3,7281.3,-2314.66,-0.04,8080.17,23.2,0.73,-0.03,0.04,1.0,0.0,0.4,1,2285,606.0,1.34,0.01,-0.01,5.25,139,23,5598,0.0524,-0.004,0.037,-0.063,-0.58,-6.58,169,1419,-694,0,0,5690,0.0526,0.004,0.038,-0.062,0.02,-7.14,166,1539,133,0,0,8047,0.0622,-0.003,0.069,-0.031,0.04,-7.12,175,4747,54,0,0,8143,0.0624,0.005,0.08,-0.02,0.04,-7.12,172,5638,51,0,0
84.92,3,7281.5,-2314.59,-0.04,8080.29,23.7,0.73,-0.03,0.03,1.0,0.0,0.4,1,2285,606.0,1.34,0.01,-0.01,4.54,146,24,5603,0.0523,-0.003,0.035,-0.065,-0.56,-6.6,173,1422,-671,0,0,5694,0.0527,0.004,0.038,-0.062,-0.03,-7.13,170,1522,69,0,0,8039,0.0621,-0.003,0.068,-0.032,0.04,-7.13,178,4793,45,0,0,8139,0.0625,0.005,0.078,-0.022,0.03,-7.13,176,5564,46,0,0
84.94,3,7281.6,-2314.53,-0.04,8080.41,24.2,0.73,-0.03,0.02,1.0,0.0,0.4,1,2285,606.0,1.34,0.01,-0.02,3.85,152,25,5600,0.0522,-0.003,0.036,-0.064,-0.55,-6.62,176,1433,-646,0,0,5695,0.0528,0.004,0.037,-0.063,-0.12,-7.04,173,1524,3,0,0,8038,0.062,-0.003,0.069,-0.031,0.02,-7.15,182,4851,36,0,0,8143,0.0626,0.004,0.077,-0.023,0.01,-7.15,180,5516,39,0,0
84.96,3,7281.7,-2314.47,-0.04,8080.53,24.7,0.73,-0.04,0.02,1.0,0.0,0.4,1,2285,606.0,1.34,0.01,-0.02,3.17,158,26,5589,0.0522,-0.004,0.034,-0.066,-0.51,-6.65,179,1439,-616,0,0,5700,0.0529,0.004,0.037,-0.063,-0.17,-6.99,177,1530,-55,0,0,8033,0.062,-0.003,0.069,-0.031,-0.01,-7.15,185,4919,28,0,0,8157,0.0627,0.005,0.074,-0.026,0.03,-7.13,184,5460,32,0,0
84.98,3,7281.9,-2314.4,-0.04,8080.65,25.2,0.73,-0.04,0.01,1.0,0.0,0.4,1,2285,606.0,1.34,0.01,-0.03,2.53,165,27,5596,0.0521,-0.003,0.034,-0.066,-0.5,-6.67,183,1441,-593,0,0,5699,0.053,0.004,0.035,-0.065,-0.18,-6.98,181,1512,-112,0,0,8037,0.0619,-0.002,0.067,-0.033,0.01,-7.15,189,4961,14,0,0,8158,0.0628,0.004,0.072,-0.028,0.02,-7.14,187,5399,22,0,0
85.0,3,7282.0,-2314.33,-0.04,8080.78,25.8,0.73,-0.05,0.0,1.0,0.0,0.4,1,2285,606.0,1.34,0.0,-0.03,1.91,172,28,5596,0.0521,-0.002,0.033,-0.067,-0.47,-6.69,186,1452,-571,0,0,5699,0.053,0.003,0.033,-0.067,-0.22,-6.94,185,1503,-167,0,0,8040,0.0619,-0.001,0.069,-0.031,-0.06,-7.1,192,5033,-2,0,0,8163,0.0629,0.004,0.072,-0.028,-0.03,-7.13,191,5373,9,0,0
85.02,3,7282.2,-2314.27,-0.04,8080.91,26.3,0.73,-0.05,0.0,1.0,0.0,0.4,1,2285,606.0,1.34,0.0,-0.04,1.31,179,29,5585,0.052,-0.003,0.032,-0.068,-0.45,-6.71,189,1483,-553,0,0,5712,0.0531,0.003,0.034,-0.066,-0.29,-6.87,189,1512,-222,0,0,8038,0.0619,0.0,0.069,-0.031,-0.04,-7.13,196,5056,-4,0,0,8186,0.063,0.006,0.069,-0.031,0.01,-7.15,195,5325,-3,0,0
85.04,3,7282.3,-2314.2,-0.04,8081.04,26.8,0.73,-0.05,-0.01,1.0,0.0,0.4,1,2285,606.0,1.34,0.0,-0.04,0.72,186,30,5584,0.052,-0.003,0.032,-0.068,-0.45,-6.72,193,1487,-532,0,0,5721,0.0532,0.004,0.033,-0.067,-0.3,-6.87,192,1509,-271,0,0,8021,0.0619,-0.002,0.067,-0.033,0.0,-7.16,199,5087,-9,0,0,8182,0.0631,0.005,0.067,-0.033,0.01,-7.15,199,5271,-9,0,0
85.06,3,7282.5,-2314.13,-0.04,8081.17,27.3,0.73,-0.06,-0.01,1.0,0.0,0.4,1,2285,606.0,1.34,0.0,-0.04,0.16,193,31,5587,0.0519,-0.002,0.032,-0.068,-0.48,-6.68,196,1493,-535,0,0,5723,0.0532,0.004,0.032,-0.068,-0.28,-6.89,196,1518,-292,0,0,8005,0.0618,-0.003,0.067,-0.033,0.0,-7.16,203,5124,-11,0,0,8168,0.0631,0.003,0.066,-0.034,-0.01,-7.15,203,5229,-14,0,0
85.08,3,7282.6,-2314.05,-0.04,8081.31,27.8,0.73,-0.06,-0.02,1.0,0.0,0.4,1,2285,606.0,1.34,0.0,-0.05,-0.38,201,33,5583,0.0519,-0.002,0.032,-0.068,-0.54,-6.62,200,1505,-554,0,0,5727,0.0533,0.004,0.031,-0.069,-0.25,-6.91,200,1518,-293,0,0,8004,0.0617,-0.004,0.067,-0.033,-0.05,-7.11,206,5184,-35,0,0,8179,0.0632,0.002,0.067,-0.033,-0.08,-7.09,206,5198,-30,0,0
85.1,3,7282.8,-2313.98,-0.04,8081.45,28.3,0.73,-0.07,-0.02,1.0,0.0,0.4,1,2285,606.0,1.34,0.0,-0.05,-0.88,208,34,5583,0.0519,-0.002,0.032,-0.068,-0.56,-6.6,203,1488,-582,0,0,5730,0.0534,0.004,0.032,-0.068,-0.28,-6.88,204,1508,-284,0,0,8012,0.0617,-0.001,0.067,-0.033,-0.03,-7.13,210,5203,-53,0,0,8190,0.0633,0.004,0.065,-0.035,-0.06,-7.1,210,5150,-51,0,0
85.12,3,7282.9,-2313.91,-0.04,8081.59,28.9,0.73,-0.07,-0.02,1.0,0.0,0.4,1,2285,606.0,1.34,0.0,-0.06,-1.35,216,35,5581,0.0518,-0.002,0.031,-0.069,-0.57,-6.59,207,1486,-617,0,0,5733,0.0535,0.003,0.03,-0.07,-0.23,-6.93,207,1511,-276,0,0,8016,0.0617,0.0,0.066,-0.034,-0.05,-7.11,214,5225,-67,0,0,8200,0.0634,0.005,0.062,-0.038,-0.04,-7.12,214,5094,-61,0,0
85.14,3,7283.1,-2313.83,-0.04,8081.74,29.4,0.73,-0.07,-0.03,1.0,0.0,0.4,1,2285,606.0,1.34,0.0,-0.06,-1.81,223,36,5574,0.0518,-0.002,0.03,-0.07,-0.6,-6.56,210,1483,-647,0,0,5738,0.0535,0.004,0.029,-0.071,-0.22,-6.95,211,1492,-266,0,0,8013,0.0617,-0.001,0.067,-0.033,-0.1,-7.06,217,5257,-80,0,0,8214,0.0634,0.004,0.061,-0.039,-0.08,-7.08,218,5072,-76,0,0
85.16,3,7283.3,-2313.76,-0.04,8081.89,29.9,0.73,-0.08,-0.03,1.0,0.0,0.4,1,2285,606.0,1.34,0.0,-0.06,-2.24,231,38,5569,0.0517,-0.002,0.03,-0.07,-0.64,-6.53,214,1484,-677,0,0,5742,0.0536,0.003,0.028,-0.072,-0.21,-6.95,215,1497,-259,0,0,8009,0.0617,0.0,0.067,-0.033,-0.1,-7.06,221,5281,-91,0,0,8219,0.0635,0.005,0.06,-0.04,-0.06,-7.11,221,5044,-88,0,0
85.18,3,7283.4,-2313.68,-0.04,8082.04,30.4,0.73,-0.08,-0.03,1.0,0.0,0.4,1,2285,606.0,1.34,0.0,-0.07,-2.65,239,39,5565,0.0517,-0.002,0.031,-0.069,-0.69,-6.47,217,1499,-707,0,0,5746,0.0537,0.004,0.028,-0.072,-0.21,-6.96,219,1479,-248,0,0,8011,0.0617,-0.001,0.066,-0.034,-0.1,-7.06,224,5300,-105,0,0,8230,0.0636,0.005,0.058,-0.042,-0.07,-7.1,225,5004,-103,0,0
85.2,3,7283.6,-2313.6,-0.04,8082.19,30.9,0.73,-0.08,-0.04,1.0,0.0,0.4,1,2285,606.0,1.34,0.0,-0.07,-3.04,247,40,5563,0.0517,-0.002,0.029,-0.071,-0.68,-6.48,221,1496,-738,0,0,5753,0.0538,0.004,0.028,-0.072,-0.21,-6.96,223,1471,-243,0,0,8003,0.0616,-0.001,0.065,-0.035,-0.11,-7.06,228,5323,-117,0,0,8238,0.0637,0.005,0.059,-0.041,-0.12,-7.04,229,4987,-122,0,0
85.22,3,7283.8,-2313.52,-0.04,8082.34,31.4,0.73,-0.09,-0.04,1.0,0.0,0.42,1,2315,611.6,1.34,0.0,-0.08,-3.42,256,42,5555,0.0516,-0.003,0.03,-0.07,-0.72,-6.44,224,1519,-764,0,0,5764,0.0538,0.005,0.028,-0.072,-0.2,-6.96,227,1469,-239,0,0,7991,0.0616,-0.002,0.067,-0.033,-0.09,-7.07,233,5370,-126,0,0,8246,0.0639,0.006,0.06,-0.04,-0.11,-7.05,234,5002,-136,0,0
85.24,3,7284.0,-2313.44,-0.04,8082.5,32.0,0.77,-0.09,-0.04,1.0,0.0,0.45,1,2352,619.7,1.35,0.0,-0.08,-3.79,265,43,5533,0.0515,-0.004,0.029,-0.071,-0.75,-6.41,228,1537,-788,0,0,5752,0.0539,0.004,0.026,-0.074,-0.2,-6.96,230,1468,-240,0,0,8000,0.0616,-0.001,0.067,-0.033,-0.11,-7.06,237,5509,-143,0,0,8269,0.064,0.006,0.059,-0.041,-0.1,-7.06,238,5070,-148,0,0
85.26,3,7284.1,-2313.36,-0.04,8082.67,32.6,0.83,-0.09,-0.04,1.0,0.0,0.48,1,2396,629.6,1.36,0.0,-0.09,-4.14,274,45,5499,0.0514,-0.007,0.028,-0.072,-0.77,-6.39,232,1600,-810,0,0,5723,0.0539,0.0,0.025,-0.075,-0.21,-6.96,235,1548,-236,0,0,8017,0.0616,0.001,0.07,-0.03,-0.11,-7.05,242,5780,-157,0,0,8295,0.0641,0.008,0.061,-0.039,-0.13,-7.03,243,5314,-167,0,0
85.28,3,7284.3,-2313.28,-0.04,8082.83,33.2,0.89,-0.1,-0.04,1.0,0.0,0.52,1,2449,641.9,1.37,-0.01,-0.09,-4.5,285,46,5457,0.0512,-0.01,0.029,-0.071,-0.78,-6.38,237,1740,-834,0,0,5686,0.0538,-0.004,0.026,-0.074,-0.22,-6.94,240,1685,-252,0,0,8058,0.0617,0.004,0.076,-0.024,-0.14,-7.03,249,6171,-179,0,0,8340,0.0644,0.01,0.067,-0.033,-0.15,-7.01,250,5708,-196,0,0
85.3,3,7284.5,-2313.2,-0.04,8083.0,33.9,0.97,-0.11,-0.05,1.0,0.0,0.56,1,2511,656.4,1.39,-0.02,-0.1,-4.86,296,48,5393,0.0509,-0.015,0.032,-0.068,-0.84,-6.32,243,1912,-862,0,0,5644,0.0537,-0.008,0.029,-0.071,-0.23,-6.93,245,1848,-263,0,0,8123,0.0619,0.01,0.086,-0.014,-0.22,-6.95,256,6628,-206,0,0,8430,0.0647,0.017,0.072,-0.028,-0.15,-7.02,257,6168,-223,0,0
85.32,3,7284.7,-2313.11,-0.04,8083.17,34.6,1.06,-0.11,-0.05,1.0,0.0,0.61,1,2581,668.4,1.4,-0.04,-0.1,-5.23,309,51,5323,0.0505,-0.021,0.036,-0.064,-0.86,-6.3,249,2112,-887,0,0,5574,0.0534,-0.013,0.032,-0.068,-0.26,-6.91,252,2054,-271,0,0,8207,0.0622,0.018,0.094,-0.006,-0.17,-6.99,264,7139,-227,0,0,8516,0.0652,0.025,0.082,-0.018,-0.22,-6.94,265,6709,-244,0,0
85.34,3,7284.9,-2313.03,-0.04,8083.35,35.4,1.17,-0.12,-0.05,1.0,0.0,0.65,1,2556,669.4,1.41,-0.06,-0.1,-5.62,323,53,5231,0.0499,-0.027,0.028,-0.072,-0.92,-6.24,251,2204,-911,0,0,5495,0.053,-0.02,0.024,-0.076,-0.28,-6.88,254,2120,-285,0,0,8287,0.0627,0.023,0.066,-0.034,-0.21,-6.95,259,7402,-253,0,0,8614,0.0658,0.03,0.052,-0.048,-0.19,-6.98,260,6951,-268,0,0
85.36,3,7285.1,-2312.94,-0.04,8083.53,36.1,0.89,-0.13,-0.05,1.0,0.0,0.63,1,2563,666.1,1.4,-0.07,-0.11,-5.88,334,55,5262,0.0494,-0.027,0.018,-0.082,-0.95,-6.21,254,1312,-969,0,0,5539,0.0526,-0.02,0.015,-0.085,-0.33,-6.83,258,1240,-323,0,0,8247,0.0632,0.023,0.041,-0.059,-0.21,-6.95,261,5018,-297,0,0,8588,0.0664,0.029,0.032,-0.068,-0.2,-6.96,263,4144,-313,0,0
85.38,3,7285.3,-2312.85,-0.04,8083.71,36.6,0.8,-0.14,-0.05,1.0,0.0,0.67,1,2609,674.9,1.41,-0.08,-0.12,-6.18,345,57,5299,0.0492,-0.011,0.017,-0.083,-0.98,-6.18,258,1464,-1017,0,0,5605,0.0526,-0.001,0.015,-0.085,-0.35,-6.82,262,1363,-352,0,0,8180,0.0632,0.003,0.047,-0.053,-0.21,-6.96,266,5494,-300,0,0,8555,0.0666,0.013,0.036,-0.064,-0.19,-6.97,268,4716,-319,0,0
85.4,3,7285.5,-2312.76,-0.04,8083.9,37.2,0.81,-0.14,-0.06,1.0,0.0,0.71,1,2653,682.4,1.42,-0.08,-0.12,-6.52,356,58,5330,0.049,-0.008,0.019,-0.081,-1.01,-6.15,262,1456,-1052,0,0,5654,0.0526,0.003,0.015,-0.085,-0.33,-6.83,266,1321,-375,0,0,8132,0.0632,-0.001,0.049,-0.051,-0.22,-6.94,271,5459,-313,0,0,8528,0.0668,0.01,0.038,-0.062,-0.2,-6.96,273,4635,-332,0,0
85.42,3,7285.7,-2312.67,-0.04,8084.09,37.8,0.84,-0.15,-0.06,1.0,0.0,0.74,1,2691,689.0,1.43,-0.08,-0.13,-6.85,367,60,5354,0.0489,-0.004,0.018,-0.082,-1.05,-6.12,266,1474,-1082,0,0,5679,0.0527,0.005,0.015,-0.085,-0.38,-6.78,270,1353,-387,0,0,8110,0.0631,-0.004,0.048,-0.052,-0.22,-6.94,275,5530,-335,0,0,8508,0.0669,0.006,0.037,-0.063,-0.24,-6.92,277,4670,-355,0,0
85.44,3,7285.9,-2312.58,-0.04,8084.28,38.4,0.85,-0.15,-0.06,1.0,0.0,0.77,1,2735,696.8,1.44,-0.08,-0.13,-7.18,379,62,5365,0.0489,-0.002,0.017,-0.083,-1.02,-6.14,270,1499,-1103,0,0,5700,0.0529,0.006,0.013,-0.087,-0.34,-6.82,275,1381,-394,0,0,8086,0.063,-0.004,0.049,-0.051,-0.26,-6.91,279,5624,-356,0,0,8501,0.067,0.005,0.037,-0.063,-0.24,-6.92,281,4730,-374,0,0
85.46,3,7286.2,-2312.49,-0.04,8084.48,39.0,0.86,-0.16,-0.06,1.0,0.0,0.81,1,2777,704.3,1.45,-0.08,-0.14,-7.48,391,64,5368,0.0488,-0.002,0.017,-0.083,-1.07,-6.09,274,1513,-1128,0,0,5710,0.053,0.006,0.013,-0.087,-0.35,-6.81,279,1386,-400,0,0,8090,0.063,-0.004,0.05,-0.05,-0.32,-6.85,283,5715,-391,0,0,8517,0.0671,0.005,0.036,-0.064,-0.25,-6.91,286,4769,-405,0,0
85.48,3,7286.4,-2312.39,-0.04,8084.68,39.6,0.88,-0.16,-0.06,1.0,0.0,0.85,1,2821,712.2,1.46,-0.08,-0.15,-7.78,403,66,5361,0.0488,-0.002,0.017,-0.083,-1.12,-6.05,278,1548,-1154,0,0,5720,0.0531,0.006,0.013,-0.087,-0.37,-6.79,284,1383,-411,0,0,8096,0.063,0.0,0.049,-0.051,-0.29,-6.87,288,5768,-411,0,0,8542,0.0673,0.008,0.035,-0.065,-0.26,-6.9,290,4813,-438,0,0
85.5,3,7286.6,-2312.3,-0.04,8084.88,40.6,1.32,-0.16,-0.06,0.5,0.0,0.94,1,3131,767.2,1.53,-0.1,-0.15,-8.41,422,69,5220,0.0486,-0.009,0.034,-0.066,-1.1,-6.06,291,3464,-1110,0,0,5564,0.0531,0.0,0.024,-0.076,-0.39,-6.77,294,3228,-407,0,0,8226,0.063,0.004,0.184,0.084,-0.35,-6.81,337,8973,-277,0,0,8662,0.0675,0.012,0.156,0.056,-0.33,-6.83,336,9213,-318,0,0
85.52,3,7286.8,-2312.2,-0.04,8085.09,41.6,1.52,-0.16,-0.06,1.0,0.0,1.0,1,3114,431.4,1.09,-0.12,-0.16,-9.16,443,73,5040,0.0479,-0.037,0.05,-0.05,-1.13,-6.03,299,2950,-1111,0,0,5401,0.0525,-0.032,0.043,-0.057,-0.44,-6.73,303,2832,-416,0,0,8389,0.0636,0.031,0.129,0.029,-0.44,-6.72,316,8914,-405,0,0,8843,0.0682,0.036,0.103,0.003,-0.46,-6.7,315,8966,-475,0,0
85.54,3,7287.1,-2312.1,-0.04,8085.31,42.7,1.45,-0.19,-0.07,0.5,0.0,1.0,1,3389,807.8,1.58,-0.15,-0.16,-9.63,464,77,4919,0.047,-0.044,0.082,-0.018,-1.25,-5.91,320,3385,-1113,0,0,5340,0.0518,-0.034,0.07,-0.03,-0.48,-6.69,324,3340,-447,0,0,8476,0.0644,0.036,0.22,0.12,-0.5,-6.66,366,9015,-477,0,0,8992,0.0692,0.046,0.19,0.09,-0.48,-6.68,366,9147,-566,0,0
85.56,3,7287.3,-2312.0,-0.04,8085.53,43.9,1.69,-0.18,-0.07,0.5,0.0,1.0,1,3394,465.6,1.13,-0.19,-0.17,-10.46,488,81,4769,0.046,-0.05,0.037,-0.063,-1.28,-5.88,312,2754,-1149,0,0,5176,0.0511,-0.038,0.03,-0.07,-0.5,-6.66,318,2445,-486,0,0,8641,0.0651,0.039,0.219,0.119,-0.6,-6.56,359,9599,-376,0,0,9148,0.0702,0.052,0.188,0.088,-0.59,-6.57,358,10000,-446,0,0
85.58,3,7287.6,-2311.9,-0.04,8085.76,44.9,1.49,-0.21,-0.07,1.0,0.0,1.0,1,3245,311.8,0.88,-0.22,-0.18,-10.98,510,85,4699,0.0449,-0.054,0.032,-0.068,-1.34,-5.82,323,2277,-1204,0,0,5169,0.0502,-0.044,0.024,-0.076,-0.57,-6.59,329,2051,-542,0,0,8688,0.0661,0.046,0.072,-0.028,-0.68,-6.48,342,8449,-851,0,0,9261,0.0713,0.056,0.046,-0.054,-0.67,-6.49,343,7827,-992,0,0
85.6,3,7287.8,-2311.8,-0.04,8085.99,45.3,0.61,-0.27,-0.07,1.0,0.0,1.0,1,3270,631.2,1.34,-0.23,-0.19,-10.4,519,87,4948,0.0443,-0.034,0.029,-0.071,-1.45,-5.71,322,1070,-1376,0,0,5490,0.0499,-0.013,0.026,-0.074,-0.71,-6.45,329,1043,-666,0,0,8409,0.0665,0.019,0.062,-0.038,-0.6,-6.56,333,4916,-999,0,0,9066,0.0721,0.04,0.051,-0.049,-0.56,-6.6,337,3273,-1067,0,0
85.62,3,7288.1,-2311.69,-0.04,8086.22,46.2,1.22,-0.26,-0.07,0.5,0.0,1.0,1,3714,874.3,1.68,-0.24,-0.21,-10.82,539,90,4914,0.0443,0.002,0.08,-0.02,-1.44,-5.72,341,3986,-1298,0,0,5502,0.0505,0.026,0.062,-0.038,-0.64,-6.52,343,4025,-680,0,0,8374,0.0661,-0.02,0.27,0.17,-0.56,-6.6,401,9228,-475,0,0,9085,0.0722,0.005,0.237,0.137,-0.57,-6.59,400,9770,-564,0,0
85.64,3,7288.3,-2311.59,-0.04,8086.46,47.4,1.66,-0.21,-0.07,0.5,0.0,1.0,1,3693,494.2,1.18,-0.26,-0.22,-11.94,566,95,4780,0.0437,-0.032,0.047,-0.053,-1.45,-5.71,340,2775,-1351,0,0,5335,0.0502,-0.013,0.04,-0.06,-0.66,-6.5,347,2642,-690,0,0,8522,0.0664,0.015,0.227,0.127,-0.74,-6.42,391,9498,-435,0,0,9206,0.0729,0.034,0.193,0.093,-0.71,-6.45,389,10077,-526,0,0
85.66,3,7288.6,-2311.48,-0.04,8086.71,48.5,1.55,-0.25,-0.07,1.0,0.0,1.0,1,3501,321.2,0.91,-0.28,-0.23,-12.72,591,99,4723,0.043,-0.034,0.027,-0.073,-1.54,-5.63,346,2461,-1395,0,0,5281,0.0497,-0.024,0.02,-0.08,-0.72,-6.44,353,2195,-727,0,0,8600,0.0669,0.027,0.056,-0.044,-0.88,-6.28,362,8771,-954,0,0,9291,0.0736,0.037,0.027,-0.073,-0.81,-6.35,362,8530,-1133,0,0
85.68,3,7288.9,-2311.37,-0.04,8086.96,49.4,1.27,-0.32,-0.07,1.0,0.0,1.0,1,3597,683.8,1.41,-0.29,-0.24,-12.73,612,103,4728,0.0424,-0.029,0.032,-0.068,-1.62,-5.54,350,2218,-1466,0,0,5368,0.0494,-0.013,0.023,-0.077,-0.82,-6.35,357,1943,-803,0,0,8524,0.0672,0.017,0.089,-0.011,-0.83,-6.34,367,7726,-1171,0,0,9307,0.0743,0.034,0.067,-0.033,-0.79,-6.37,369,6824,-1337,0,0
85.7,3,7289.2,-2311.27,-0.05,8087.22,50.1,1.05,-0.34,-0.08,1.0,0.0,1.0,1,3600,853.4,1.64,-0.3,-0.26,-12.6,631,106,4802,0.042,-0.018,0.027,-0.073,-1.7,-5.47,355,1777,-1565,0,0,5525,0.0496,0.01,0.019,-0.081,-0.85,-6.31,362,1617,-894,0,0,8366,0.0671,-0.005,0.064,-0.036,-0.78,-6.38,368,6578,-1201,0,0,9241,0.0748,0.022,0.043,-0.057,-0.75,-6.41,371,5343,-1338,0,0
85.72,3,7289.4,-2311.16,-0.05,8087.48,51.1,1.43,-0.31,-0.08,0.5,0.0,1.0,1,4016,913.4,1.74,-0.3,-0.27,-13.33,656,110,4759,0.0419,-0.008,0.054,-0.046,-1.7,-5.46,372,3712,-1492,0,0,5470,0.05,0.019,0.033,-0.067,-0.85,-6.31,375,3487,-897,0,0,8405,0.0668,-0.015,0.217,0.117,-0.84,-6.32,434,9268,-632,0,0,9281,0.075,0.012,0.18,0.08,-0.79,-6.37,433,9935,-781,0,0
85.74,3,7289.7,-2311.05,-0.05,8087.75,52.3,1.61,-0.28,-0.08,1.0,0.0,1.0,1,3976,518.4,1.22,-0.32,-0.28,-14.46,685,115,4679,0.0413,-0.026,0.047,-0.053,-1.76,-5.4,380,2929,-1566,0,0,5370,0.0498,-0.012,0.034,-0.066,-0.92,-6.24,385,2840,-943,0,0,8501,0.0671,0.012,0.153,0.053,-0.99,-6.17,420,9301,-774,0,0,9361,0.0755,0.027,0.116,0.016,-0.95,-6.21,419,9867,-970,0,0
85.76,3,7290.0,-2310.93,-0.05,8088.03,53.3,1.51,-0.34,-0.08,1.0,0.0,1.0,1,3890,900.3,1.72,-0.33,-0.3,-15.08,712,120,4631,0.0408,-0.027,0.04,-0.06,-1.86,-5.3,381,2784,-1622,0,0,5369,0.0496,-0.011,0.029,-0.071,-1.03,-6.13,388,2608,-1007,0,0,8502,0.0674,0.014,0.09,-0.01,-1.06,-6.11,398,8607,-1233,0,0,9416,0.0761,0.03,0.058,-0.042,-1.03,-6.14,398,8417,-1514,0,0
85.78,3,7290.3,-2310.82,-0.05,8088.3,54.1,1.13,-0.41,-0.08,1.0,0.0,1.0,1,3896,897.2,1.71,-0.33,-0.32,-14.93,733,124,4695,0.0404,-0.02,0.029,-0.071,-1.95,-5.21,384,1814,-1760,0,0,5537,0.0496,0.005,0.022,-0.078,-1.07,-6.09,392,1700,-1123,0,0,8337,0.0673,-0.002,0.066,-0.034,-1.02,-6.14,399,6738,-1522,0,0,9364,0.0766,0.023,0.043,-0.057,-0.99,-6.17,401,5412,-1744,0,0
85.8,3,7290.6,-2310.71,-0.05,8088.59,55.2,1.43,-0.38,-0.08,0.5,0.0,1.0,1,4216,951.1,1.8,-0.34,-0.33,-15.64,761,128,4659,0.0402,-0.008,0.052,-0.048,-2.0,-5.17,397,3597,-1683,0,0,5522,0.0501,0.025,0.028,-0.072,-1.09,-6.08,400,3332,-1147,0,0,8335,0.0669,-0.022,0.191,0.091,-1.07,-6.1,448,9148,-855,0,0,9396,0.0768,0.01,0.152,0.052,-1.04,-6.12,447,9923,-1106,0,0
85.82,3,7290.9,-2310.6,-0.05,8088.88,56.2,1.55,-0.37,-0.08,1.0,0.0,1.0,1,4227,538.1,1.26,-0.34,-0.35,-16.62,790,134,4607,0.0398,-0.022,0.058,-0.042,-2.06,-5.1,406,2987,-1766,0,0,5488,0.0501,0.0,0.04,-0.06,-1.13,-6.03,412,2949,-1199,0,0,8387,0.0669,0.002,0.142,0.042,-1.2,-5.96,434,8930,-1158,0,0,9476,0.0773,0.024,0.106,0.006,-1.16,-6.0,433,9379,-1506,0,0
85.84,3,7291.3,-2310.48,-0.05,8089.18,57.3,1.5,-0.42,-0.09,1.0,0.0,1.0,1,4221,950.4,1.8,-0.35,-0.37,-17.22,819,139,4573,0.0393,-0.021,0.044,-0.056,-2.15,-5.01,410,2889,-1825,0,0,5488,0.0502,0.001,0.029,-0.071,-1.21,-5.95,418,2677,-1265,0,0,8391,0.067,0.003,0.111,0.011,-1.28,-5.88,435,8666,-1403,0,0,9523,0.0778,0.026,0.075,-0.025,-1.25,-5.91,435,8805,-1798,0,0
85.86,3,7291.6,-2310.37,-0.05,8089.48,58.2,1.29,-0.47,-0.09,1.0,0.0,1.0,1,4194,943.1,1.78,-0.36,-0.39,-17.32,845,143,4580,0.039,-0.02,0.032,-0.068,-2.23,-4.93,413,2157,-1938,0,0,5586,0.0503,0.009,0.02,-0.08,-1.3,-5.86,421,1964,-1392,0,0,8309,0.0669,-0.003,0.07,-0.03,-1.29,-5.87,429,7432,-1782,0,0,9543,0.0783,0.025,0.042,-0.058,-1.25,-5.91,431,6382,-2140,0,0
85.88,3,7291.9,-2310.25,-0.05,8089.79,59.0,1.13,-0.5,-0.09,1.0,0.0,1.0,1,4281,956.6,1.81,-0.35,-0.41,-17.3,870,147,4630,0.0388,-0.008,0.036,-0.064,-2.31,-4.86,420,2275,-2021,0,0,5720,0.0509,0.028,0.023,-0.077,-1.37,-5.79,428,2067,-1496,0,0,8159,0.0665,-0.021,0.083,-0.017,-1.27,-5.9,440,7380,-1723,0,0,9493,0.0786,0.015,0.053,-0.047,-1.22,-5.95,441,6653,-2102,0,0
85.9,3,7292.3,-2310.14,-0.05,8090.1,59.8,1.17,-0.51,-0.09,1.0,0.0,1.0,1,4342,965.9,1.82,-0.34,-0.43,-17.52,895,151,4666,0.0387,-0.003,0.037,-0.063,-2.4,-4.76,426,2307,-2102,0,0,5810,0.0516,0.034,0.022,-0.078,-1.41,-5.76,434,2097,-1590,0,0,8058,0.0659,-0.029,0.084,-0.016,-1.27,-5.89,446,7390,-1674,0,0,9457,0.0788,0.008,0.054,-0.046,-1.23,-5.93,448,6762,-2071,0,0
85.92,3,7292.6,-2310.03,-0.05,8090.42,60.7,1.18,-0.51,-0.09,1.0,0.0,1.0,1,4408,976.0,1.84,-0.33,-0.46,-17.88,921,155,4684,0.0387,-0.001,0.037,-0.063,-2.46,-4.7,432,2327,-2169,0,0,5875,0.0523,0.036,0.025,-0.075,-1.51,-5.65,440,2138,-1670,0,0,7989,0.0653,-0.031,0.086,-0.014,-1.28,-5.89,453,7405,-1664,0,0,9451,0.0789,0.006,0.056,-0.044,-1.26,-5.9,455,6851,-2083,0,0
85.94,3,7292.9,-2309.92,-0.05,8090.74,61.5,1.19,-0.53,-0.09,1.0,0.0,1.0,1,4472,986.1,1.85,-0.32,-0.48,-18.34,947,160,4689,0.0387,0.001,0.038,-0.062,-2.55,-4.62,439,2348,-2236,0,0,5911,0.053,0.035,0.023,-0.077,-1.53,-5.63,446,2121,-1744,0,0,7971,0.0647,-0.028,0.088,-0.012,-1.35,-5.82,460,7447,-1688,0,0,9478,0.079,0.007,0.056,-0.044,-1.27,-5.89,461,6973,-2134,0,0
85.96,3,7293.3,-2309.8,-0.05,8091.07,62.4,1.2,-0.54,-0.1,1.0,0.0,1.0,1,4539,992.5,1.87,-0.31,-0.5,-18.87,974,164,4694,0.0387,0.0,0.039,-0.061,-2.62,-4.55,445,2406,-2305,0,0,5942,0.0536,0.031,0.023,-0.077,-1.62,-5.55,453,2162,-1831,0,0,7949,0.0643,-0.021,0.09,-0.01,-1.36,-5.81,467,7469,-1713,0,0,9494,0.0792,0.009,0.057,-0.043,-1.32,-5.85,468,7032,-2185,0,0
85.98,3,7293.6,-2309.69,-0.05,8091.4,63.2,1.2,-0.56,-0.1,1.0,0.0,1.0,1,4602,994.0,1.88,-0.3,-0.52,-19.47,1002,169,4676,0.0387,-0.002,0.039,-0.061,-2.72,-4.44,451,2392,-2362,0,0,5971,0.0542,0.031,0.024,-0.076,-1.71,-5.45,459,2172,-1926,0,0,7909,0.0639,-0.022,0.091,-0.009,-1.42,-5.74,474,7462,-1756,0,0,9513,0.0794,0.011,0.057,-0.043,-1.37,-5.79,475,7047,-2262,0,0
86.0,3,7294.0,-2309.58,-0.05,8091.74,64.1,1.2,-0.58,-0.1,1.0,0.0,1.0,1,4666,995.5,1.9,-0.3,-0.55,-20.09,1029,173,4661,0.0386,-0.003,0.04,-0.06,-2.82,-4.34,457,2406,-2428,0,0,5987,0.0548,0.029,0.023,-0.077,-1.76,-5.4,465,2156,-2006,0,0,7900,0.0635,-0.019,0.093,-0.007,-1.52,-5.64,481,7469,-1824,0,0,9551,0.0797,0.013,0.058,-0.042,-1.46,-5.7,481,7071,-2366,0,0
86.02,3,7294.3,-2309.47,-0.05,8092.08,64.9,1.2,-0.6,-0.1,1.0,0.0,1.0,1,4730,996.8,1.91,-0.29,-0.57,-20.71,1057,178,4652,0.0386,-0.004,0.041,-0.059,-2.92,-4.24,463,2414,-2494,0,0,5996,0.0553,0.025,0.024,-0.076,-1.83,-5.33,472,2160,-2095,0,0,7902,0.0632,-0.014,0.092,-0.008,-1.55,-5.62,487,7471,-1893,0,0,9583,0.08,0.015,0.058,-0.042,-1.49,-5.67,488,7056,-2456,0,0
86.04,3,7294.7,-2309.36,-0.05,8092.43,65.8,1.2,-0.62,-0.1,1.0,0.0,1.0,1,4794,998.1,1.93,-0.29,-0.58,-21.35,1085,183,4640,0.0385,-0.004,0.041,-0.059,-3.02,-4.15,470,2408,-2556,0,0,6011,0.0558,0.024,0.024,-0.076,-1.92,-5.25,478,2181,-2190,0,0,7896,0.063,-0.013,0.094,-0.006,-1.63,-5.53,494,7479,-1967,0,0,9614,0.0803,0.015,0.058,-0.042,-1.57,-5.6,495,7059,-2559,0,0
86.06,3,7295.1,-2309.25,-0.05,8092.79,66.6,1.2,-0.65,-0.1,1.0,0.0,1.0,1,4856,999.3,1.94,-0.29,-0.6,-22.0,1114,187,4613,0.0384,-0.006,0.042,-0.058,-3.1,-4.06,476,2410,-2612,0,0,6039,0.0563,0.023,0.024,-0.076,-1.99,-5.17,484,2175,-2285,0,0,7880,0.0627,-0.012,0.096,-0.004,-1.73,-5.43,500,7475,-2039,0,0,9666,0.0806,0.017,0.058,-0.042,-1.62,-5.54,501,7078,-2688,0,0
86.08,3,7295.5,-2309.15,-0.05,8093.15,67.4,1.2,-0.67,-0.11,1.0,0.0,1.0,1,4921,1000.4,1.96,-0.29,-0.63,-22.65,1143,192,4585,0.0382,-0.008,0.043,-0.057,-3.2,-3.96,482,2411,-2664,0,0,6060,0.0567,0.023,0.025,-0.075,-2.08,-5.08,491,2173,-2379,0,0,7868,0.0625,-0.01,0.095,-0.005,-1.75,-5.41,507,7458,-2107,0,0,9712,0.081,0.021,0.058,-0.042,-1.7,-5.46,508,7081,-2805,0,0
86.1,3,7295.8,-2309.04,-0.05,8093.51,68.3,1.2,-0.69,-0.11,1.0,0.0,1.0,1,4986,1001.4,1.97,-0.29,-0.65,-23.3,1172,197,4559,0.038,-0.009,0.044,-0.056,-3.32,-3.84,488,2423,-2713,0,0,6083,0.0572,0.022,0.025,-0.075,-2.16,-5.0,497,2192,-2475,0,0,7845,0.0623,-0.01,0.097,-0.003,-1.84,-5.33,514,7450,-2175,0,0,9752,0.0815,0.021,0.059,-0.041,-1.81,-5.36,514,7121,-2934,0,0
86.12,3,7296.2,-2308.94,-0.05,8093.88,69.1,1.2,-0.71,-0.11,1.0,0.0,1.0,1,5049,1002.2,1.99,-0.29,-0.67,-23.97,1201,202,4534,0.0378,-0.011,0.044,-0.056,-3.39,-3.77,495,2415,-2766,0,0,6117,0.0576,0.022,0.025,-0.075,-2.26,-4.9,503,2205,-2593,0,0,7808,0.0621,-0.011,0.098,-0.002,-1.94,-5.22,521,7430,-2242,0,0,9788,0.0819,0.022,0.059,-0.041,-1.84,-5.33,521,7121,-3054,0,0
86.14,3,7296.6,-2308.83,-0.05,8094.25,70.0,1.2,-0.74,-0.11,1.0,0.0,1.0,1,5114,1003.0,2.0,-0.29,-0.69,-24.64,1231,207,4514,0.0376,-0.012,0.046,-0.054,-3.53,-3.63,501,2421,-2822,0,0,6147,0.0581,0.024,0.024,-0.076,-2.31,-4.85,510,2191,-2689,0,0,7792,0.0618,-0.013,0.098,-0.002,-1.99,-5.17,527,7414,-2324,0,0,9837,0.0824,0.023,0.059,-0.041,-1.92,-5.24,528,7137,-3194,0,0
86.16,3,7297.0,-2308.73,-0.05,8094.63,70.8,1.2,-0.76,-0.11,1.0,0.0,1.0,1,5179,1003.8,2.02,-0.29,-0.72,-25.3,1260,212,4493,0.0373,-0.012,0.046,-0.054,-3.62,-3.54,507,2422,-2874,0,0,6160,0.0585,0.022,0.025,-0.075,-2.4,-4.76,516,2177,-2778,0,0,7780,0.0616,-0.011,0.099,-0.001,-2.07,-5.09,534,7417,-2411,0,0,9873,0.0828,0.023,0.06,-0.04,-2.01,-5.15,534,7156,-3326,0,0
86.18,3,7297.4,-2308.63,-0.05,8095.02,71.7,1.2,-0.79,-0.11,1.0,0.0,1.0,1,5243,1004.4,2.03,-0.29,-0.74,-25.96,1291,217,4473,0.0371,-0.011,0.05,-0.05,-3.78,-3.38,513,2456,-2925,0,0,6194,0.059,0.022,0.025,-0.075,-2.49,-4.67,522,2197,-2883,0,0,7750,0.0614,-0.01,0.101,0.001,-2.16,-5.0,541,7384,-2484,0,0,9911,0.0833,0.023,0.06,-0.04,-2.06,-5.1,541,7188,-3466,0,0
86.2,3,7297.8,-2308.54,-0.05,8095.41,72.5,1.2,-0.81,-0.11,1.0,0.0,1.0,1,5307,1004.9,2.05,-0.29,-0.76,-26.6,1321,222,4451,0.0369,-0.012,0.05,-0.05,-3.88,-3.28,520,2439,-2972,0,0,6217,0.0594,0.022,0.026,-0.074,-2.61,-4.55,529,2203,-2999,0,0,7739,0.0612,-0.01,0.102,0.002,-2.27,-4.89,547,7373,-2574,0,0,9956,0.0837,0.023,0.06,-0.04,-2.16,-5.0,548,7164,-3618,0,0
86.22,3,7298.2,-2308.44,-0.05,8095.81,73.3,1.2,-0.84,-0.11,1.0,0.0,1.0,1,5372,1005.3,2.06,-0.29,-0.78,-27.24,1352,227,4436,0.0366,-0.012,0.049,-0.051,-3.91,-3.25,526,2430,-3010,0,0,6241,0.0598,0.021,0.025,-0.075,-2.64,-4.52,535,2202,-3089,0,0,7719,0.061,-0.01,0.103,0.003,-2.35,-4.81,554,7361,-2650,0,0,9986,0.0842,0.024,0.061,-0.039,-2.28,-4.88,554,7195,-3757,0,0
86.24,3,7298.6,-2308.35,-0.05,8096.21,74.2,1.2,-0.86,-0.11,1.0,0.0,1.0,1,5436,1005.6,2.08,-0.29,-0.81,-27.85,1383,232,4412,0.0364,-0.012,0.049,-0.051,-3.93,-3.23,532,2426,-3026,0,0,6282,0.0603,0.023,0.025,-0.075,-2.71,-4.45,541,2201,-3177,0,0,7678,0.0608,-0.011,0.104,0.004,-2.44,-4.72,561,7325,-2716,0,0,10025,0.0847,0.024,0.061,-0.039,-2.34,-4.82,561,7207,-3906,0,0
86.26,3,7299.0,-2308.26,-0.05,8096.62,75.0,1.2,-0.88,-0.11,1.0,0.0,1.0,1,5500,1005.8,2.09,-0.29,-0.83,-28.41,1415,238,4394,0.0361,-0.014,0.05,-0.05,-3.98,-3.18,538,2438,-3041,0,0,6307,0.0608,0.023,0.027,-0.073,-2.82,-4.34,547,2244,-3253,0,0,7655,0.0605,-0.012,0.105,0.005,-2.55,-4.62,568,7302,-2798,0,0,10062,0.0852,0.025,0.062,-0.038,-2.43,-4.73,568,7233,-4046,0,0
86.28,3,7299.5,-2308.17,-0.05,8097.03,75.9,1.2,-0.9,-0.11,1.0,0.0,1.0,1,5564,1003.7,2.11,-0.29,-0.85,-28.9,1446,243,4388,0.0359,-0.012,0.051,-0.049,-4.06,-3.1,544,2432,-3073,0,0,6312,0.0612,0.021,0.026,-0.074,-2.82,-4.34,554,2209,-3305,0,0,7654,0.0603,-0.011,0.106,0.006,-2.66,-4.5,574,7293,-2896,0,0,10088,0.0856,0.023,0.062,-0.038,-2.52,-4.64,574,7227,-4185,0,0
86.3,3,7299.9,-2308.09,-0.05,8097.45,76.7,1.19,-0.92,-0.11,1.0,0.0,1.0,1,5626,1001.2,2.12,-0.29,-0.88,-29.35,1478,248,4364,0.0357,-0.011,0.051,-0.049,-4.15,-3.01,550,2416,-3100,0,0,6347,0.0616,0.019,0.026,-0.074,-2.93,-4.23,560,2213,-3410,0,0,7627,0.0602,-0.008,0.107,0.007,-2.75,-4.42,581,7250,-2965,0,0,10130,0.0861,0.022,0.064,-0.036,-2.68,-4.49,581,7250,-4357,0,0
86.32,3,7300.3,-2308.01,-0.05,8097.87,77.5,1.19,-0.95,-0.11,1.0,0.0,1.0,1,5687,998.5,2.14,-0.29,-0.9,-29.77,1510,254,4347,0.0354,-0.012,0.053,-0.047,-4.27,-2.9,556,2420,-3127,0,0,6383,0.062,0.023,0.025,-0.075,-2.98,-4.18,566,2216,-3510,0,0,7607,0.06,-0.009,0.107,0.007,-2.82,-4.34,587,7205,-3043,0,0,10175,0.0866,0.026,0.063,-0.037,-2.73,-4.43,587,7208,-4504,0,0
86.34,3,7300.8,-2307.93,-0.05,8098.3,78.3,1.19,-0.97,-0.12,1.0,0.0,1.0,1,5750,995.7,2.15,-0.29,-0.92,-30.15,1543,259,4327,0.0351,-0.013,0.053,-0.047,-4.37,-2.79,563,2423,-3159,0,0,6409,0.0625,0.023,0.026,-0.074,-3.06,-4.1,572,2190,-3602,0,0,7587,0.0598,-0.011,0.108,0.008,-2.93,-4.23,594,7176,-3119,0,0,10218,0.0871,0.025,0.063,-0.037,-2.81,-4.35,594,7204,-4642,0,0
86.36,3,7301.2,-2307.85,-0.05,8098.73,79.2,1.18,-0.99,-0.12,1.0,0.0,1.0,1,5811,992.9,2.17,-0.29,-0.95,-30.53,1575,264,4311,0.0349,-0.012,0.053,-0.047,-4.44,-2.73,569,2403,-3196,0,0,6449,0.063,0.023,0.026,-0.074,-3.2,-3.96,577,2205,-3734,0,0,7561,0.0596,-0.01,0.108,0.008,-3.0,-4.16,600,7139,-3182,0,0,10260,0.0876,0.025,0.064,-0.036,-2.9,-4.26,600,7216,-4779,0,0
86.38,3,7301.6,-2307.78,-0.05,8099.17,80.0,1.18,-1.02,-0.12,1.0,0.0,1.0,1,5873,989.9,2.18,-0.3,-0.97,-30.9,1608,270,4302,0.0347,-0.012,0.053,-0.047,-4.52,-2.64,575,2385,-3239,0,0,6466,0.0634,0.024,0.026,-0.074,-3.25,-3.91,584,2188,-3816,0,0,7541,0.0593,-0.011,0.109,0.009,-3.12,-4.04,607,7099,-3260,0,0,10280,0.0881,0.024,0.063,-0.037,-2.98,-4.18,606,7191,-4903,0,0
86.4,3,7302.1,-2307.71,-0.05,8099.61,80.8,1.17,-1.04,-0.12,1.0,0.0,1.0,1,5934,986.8,2.19,-0.3,-0.99,-31.27,1641,275,4286,0.0345,-0.011,0.054,-0.046,-4.66,-2.51,581,2380,-3278,0,0,6497,0.0639,0.022,0.027,-0.073,-3.4,-3.76,589,2179,-3949,0,0,7517,0.0592,-0.009,0.109,0.009,-3.21,-3.96,613,7059,-3324,0,0,10315,0.0886,0.023,0.064,-0.036,-3.07,-4.1,613,7179,-5039,0,0
86.42,3,7302.5,-2307.64,-0.05,8100.06,81.6,1.17,-1.06,-0.12,1.0,0.0,1.0,1,5995,983.5,2.21,-0.3,-1.02,-31.66,1674,281,4263,0.0342,-0.011,0.055,-0.045,-4.77,-2.39,587,2369,-3313,0,0,6533,0.0643,0.023,0.026,-0.074,-3.47,-3.69,596,2176,-4057,0,0,7477,0.0589,-0.011,0.11,0.01,-3.3,-3.87,619,7005,-3375,0,0,10353,0.089,0.023,0.064,-0.036,-3.15,-4.01,619,7175,-5185,0,0
86.44,3,7303.0,-2307.58,-0.05,8100.51,82.4,1.16,-1.09,-0.12,1.0,0.0,1.0,1,6056,980.2,2.22,-0.3,-1.04,-32.04,1708,286,4240,0.034,-0.013,0.056,-0.044,-4.88,-2.28,593,2360,-3341,0,0,6553,0.0648,0.023,0.026,-0.074,-3.61,-3.56,601,2181,-4174,0,0,7455,0.0587,-0.013,0.111,0.011,-3.41,-3.76,626,6977,-3443,0,0,10385,0.0895,0.024,0.065,-0.035,-3.23,-3.93,625,7170,-5310,0,0
86.46,3,7303.5,-2307.52,-0.05,8100.97,83.2,1.16,-1.11,-0.12,1.0,0.0,1.0,1,6115,976.8,2.24,-0.3,-1.06,-32.43,1741,292,4225,0.0337,-0.012,0.058,-0.042,-5.06,-2.1,599,2361,-3383,0,0,6581,0.0652,0.021,0.027,-0.073,-3.67,-3.49,607,2183,-4296,0,0,7435,0.0585,-0.011,0.111,0.011,-3.48,-3.69,632,6930,-3509,0,0,10420,0.09,0.022,0.065,-0.035,-3.3,-3.86,631,7199,-5447,0,0
86.48,3,7303.9,-2307.47,-0.05,8101.43,84.0,1.15,-1.14,-0.12,1.0,0.0,1.0,1,6175,973.3,2.25,-0.3,-1.09,-32.83,1774,298,4221,0.0335,-0.011,0.057,-0.043,-5.13,-2.03,605,2344,-3428,0,0,6614,0.0657,0.023,0.027,-0.073,-3.78,-3.39,613,2180,-4428,0,0,7417,0.0582,-0.011,0.115,0.015,-3.66,-3.5,638,6918,-3574,0,0,10450,0.0904,0.023,0.065,-0.035,-3.39,-3.77,638,7167,-5579,0,0
86.5,3,7304.4,-2307.42,-0.05,8101.9,84.7,1.15,-1.16,-0.12,1.0,0.0,1.0,1,6235,969.7,2.26,-0.3,-1.11,-33.23,1808,303,4207,0.0333,-0.01,0.058,-0.042,-5.27,-1.89,610,2336,-3465,0,0,6640,0.0661,0.023,0.027,-0.073,-3.94,-3.22,619,2149,-4547,0,0,7400,0.058,-0.009,0.113,0.013,-3.7,-3.47,644,6859,-3648,0,0,10491,0.0909,0.024,0.066,-0.034,-3.53,-3.64,644,7134,-5723,0,0
86.52,3,7304.9,-2307.38,-0.05,8102.38,85.5,1.14,-1.18,-0.12,1.0,0.0,1.0,1,6293,966.0,2.28,-0.3,-1.13,-33.62,1841,309,4178,0.0331,-0.011,0.059,-0.041,-5.4,-1.76,616,2317,-3481,0,0,6667,0.0666,0.023,0.027,-0.073,-4.06,-3.11,624,2156,-4663,0,0,7379,0.0579,-0.009,0.112,0.012,-3.76,-3.4,650,6815,-3708,0,0,10539,0.0914,0.025,0.066,-0.034,-3.62,-3.54,650,7138,-5861,0,0
86.54,3,7305.3,-2307.33,-0.05,8102.85,86.3,1.14,-1.21,-0.12,1.0,0.0,1.0,1,6352,962.2,2.29,-0.3,-1.16,-34.01,1875,314,4167,0.0328,-0.012,0.061,-0.039,-5.56,-1.6,622,2319,-3514,0,0,6700,0.0671,0.024,0.028,-0.072,-4.18,-2.99,630,2163,-4779,0,0,7352,0.0577,-0.011,0.113,0.013,-3.87,-3.29,657,6766,-3766,0,0,10568,0.0919,0.025,0.068,-0.032,-3.77,-3.39,656,7141,-5993,0,0
86.56,3,7305.8,-2307.3,-0.05,8103.33,87.0,1.13,-1.23,-0.12,1.0,0.0,1.0,1,6411,958.4,2.31,-0.3,-1.18,-34.41,1909,320,4145,0.0326,-0.012,0.061,-0.039,-5.64,-1.52,628,2296,-3535,0,0,6731,0.0675,0.023,0.027,-0.073,-4.25,-2.91,635,2146,-4898,0,0,7315,0.0574,-0.012,0.114,0.014,-3.98,-3.18,663,6717,-3814,0,0,10601,0.0924,0.024,0.067,-0.033,-3.8,-3.36,662,7107,-6127,0,0
86.58,3,7306.3,-2307.27,-0.05,8103.82,87.8,1.12,-1.25,-0.12,1.0,0.0,1.0,1,6470,954.3,2.32,-0.3,-1.2,-34.82,1944,325,4135,0.0324,-0.011,0.062,-0.038,-5.77,-1.4,634,2291,-3563,0,0,6763,0.068,0.024,0.028,-0.072,-4.37,-2.79,641,2141,-5008,0,0,7275,0.0572,-0.014,0.115,0.015,-4.08,-3.09,669,6665,-3862,0,0,10617,0.0928,0.022,0.069,-0.031,-3.96,-3.2,668,7115,-6246,0,0
86.6,3,7306.8,-2307.24,-0.05,8104.31,88.6,1.12,-1.27,-0.12,0.0,0.0,1.0,1,6527,950.3,2.33,-0.3,-1.23,-35.22,1978,331,4127,0.0322,-0.011,0.063,-0.037,-5.91,-1.25,639,2285,-3596,0,0,6787,0.0685,0.024,0.028,-0.072,-4.47,-2.69,647,2136,-5104,0,0,7261,0.0569,-0.013,0.116,0.016,-4.21,-2.95,675,6635,-3928,0,0,10646,0.0932,0.021,0.068,-0.032,-3.99,-3.17,674,7092,-6381,0,0
86.62,3,7307.3,-2307.22,-0.05,8104.81,89.2,1.03,-1.31,-0.12,0.0,0.0,0.89,1,6421,520.5,1.61,-0.29,-1.25,-35.29,2010,336,4124,0.032,-0.01,0.046,-0.054,-5.98,-1.19,633,1899,-3722,0,0,6852,0.069,0.024,0.017,-0.083,-4.59,-2.57,644,1535,-5286,0,0,7203,0.0566,-0.012,0.075,-0.025,-4.27,-2.89,653,5707,-4469,0,0,10672,0.0936,0.021,0.034,-0.066,-4.11,-3.05,655,4944,-6963,0,0
86.64,3,7307.8,-2307.2,-0.05,8105.3,89.6,0.63,-1.41,-0.12,1.0,0.0,0.76,1,6339,109.9,0.9,-0.28,-1.28,-34.4,2032,339,4214,0.0319,-0.002,0.026,-0.074,-6.12,-1.04,629,1196,-3971,0,0,7089,0.0698,0.041,0.006,-0.094,-4.69,-2.47,644,719,-5584,0,0,6973,0.0561,-0.029,0.046,-0.054,-4.29,-2.87,656,3736,-4887,0,0,10606,0.0939,0.015,0.009,-0.091,-4.07,-3.09,660,1387,-7239,0,0
86.66,3,7308.3,-2307.19,-0.05,8105.8,89.8,0.33,-1.45,-0.13,1.0,0.0,0.63,1,6465,517.9,1.62,-0.25,-1.32,-33.51,2048,341,4367,0.0323,0.017,0.025,-0.075,-6.22,-0.94,629,1073,-4154,0,0,7360,0.0712,0.072,0.009,-0.091,-4.74,-2.42,644,908,-5839,0,0,6687,0.0549,-0.06,0.039,-0.061,-4.2,-2.96,649,3947,-4603,0,0,10456,0.0938,-0.005,0.004,-0.096,-4.08,-3.08,652,2415,-7058,0,0
86.68,3,7308.8,-2307.19,-0.05,8106.3,90.3,0.7,-1.41,-0.13,1.0,0.0,0.49,1,6635,943.2,2.36,-0.22,-1.35,-33.75,2075,344,4376,0.0327,0.023,0.05,-0.05,-6.21,-0.95,645,1851,-4047,0,0,7400,0.0728,0.077,0.023,-0.077,-4.82,-2.34,654,1733,-5854,0,0,6612,0.0536,-0.066,0.098,-0.002,-4.2,-2.96,678,5474,-4019,0,0,10436,0.0936,-0.013,0.057,-0.043,-4.1,-3.06,678,5602,-6671,0,0
86.7,3,7309.3,-2307.19,-0.05,8106.81,90.8,0.76,-1.41,-0.13,1.0,0.0,0.36,1,6739,-221.7,2.39,-0.2,-1.38,-33.97,2103,348,4369,0.033,0.012,0.037,-0.063,-6.28,-0.88,639,1521,-4122,0,0,7397,0.0738,0.052,0.014,-0.086,-4.85,-2.31,652,1220,-5915,0,0,6603,0.0527,-0.043,0.07,-0.03,-4.28,-2.88,663,4690,-4361,0,0,10451,0.0935,-0.002,0.033,-0.067,-4.14,-3.02,665,3882,-6993,0,0
86.72,3,7309.8,-2307.2,-0.05,8107.31,91.1,0.48,-1.45,-0.13,1.0,0.0,0.23,1,6713,-221.5,2.39,-0.17,-1.4,-33.72,2123,350,4444,0.0333,0.016,0.023,-0.077,-6.37,-0.79,633,1015,-4286,0,0,7501,0.0749,0.054,0.008,-0.092,-4.9,-2.26,650,744,-6060,0,0,6498,0.0518,-0.043,0.048,-0.052,-4.29,-2.87,652,3538,-4587,0,0,10385,0.0934,-0.005,0.02,-0.08,-4.15,-3.01,657,2134,-7097,0,0
86.74,3,7310.3,-2307.21,-0.05,8107.82,91.2,0.22,-1.48,-0.13,1.0,0.0,0.09,1,6718,-221.4,2.38,-0.14,-1.43,-33.39,2136,351,4570,0.0339,0.028,0.01,-0.09,-6.37,-0.79,625,514,-4452,0,0,7667,0.0762,0.066,0.002,-0.098,-4.95,-2.21,647,262,-6230,0,0,6339,0.0507,-0.054,0.027,-0.073,-4.23,-2.93,639,2163,-4649,0,0,10281,0.0931,-0.016,0.001,-0.099,-4.08,-3.08,648,301,-7080,0,0
86.76,3,7310.8,-2307.23,-0.05,8108.33,91.1,-0.03,-1.49,-0.13,1.0,0.0,0.08,2,6734,-221.5,2.39,-0.09,-1.45,-33.35,2142,350,4741,0.0347,0.043,0.001,-0.099,-6.39,-0.77,620,50,-4631,0,0,7860,0.0778,0.079,-0.001,-0.099,-4.96,-2.21,644,-119,-6381,0,0,6133,0.0494,-0.066,0.005,-0.095,-4.28,-2.88,629,282,-4605,0,0,10114,0.0925,-0.03,0.0,-0.1,-4.13,-3.03,645,-227,-6986,0,0
86.78,3,7311.3,-2307.25,-0.05,8108.83,91.1,0.07,-1.49,-0.12,1.0,0.0,0.38,2,6706,-221.5,2.39,-0.05,-1.47,-33.66,2152,350,4829,0.0358,0.054,0.022,-0.078,-6.38,-0.79,633,772,-4674,0,0,7955,0.0795,0.085,0.009,-0.091,-4.92,-2.25,651,670,-6425,0,0,6021,0.048,-0.073,0.052,-0.048,-4.24,-2.93,656,3063,-4316,0,0,10018,0.0917,-0.041,0.02,-0.08,-4.13,-3.04,661,1737,-6900,0,0
86.8,3,7311.8,-2307.28,-0.05,8109.34,91.4,0.47,-1.47,-0.12,0.0,0.0,0.68,2,6688,937.5,2.37,-0.02,-1.49,-34.21,2172,352,4774,0.0366,0.039,0.039,-0.061,-6.28,-0.88,646,1496,-4521,0,0,7868,0.0808,0.064,0.019,-0.081,-4.87,-2.29,660,1380,-6290,0,0,6093,0.0469,-0.053,0.088,-0.012,-4.26,-2.9,681,4599,-3993,0,0,10073,0.0911,-0.028,0.046,-0.054,-4.12,-3.04,682,4328,-6759,0,0
86.82,3,7312.3,-2307.32,-0.05,8109.85,91.9,0.84,-1.41,-0.12,0.0,0.0,0.98,2,6322,523.8,1.6,-0.01,-1.5,-35.29,2200,357,4644,0.0369,0.017,0.059,-0.041,-6.25,-0.91,662,2203,-4237,0,0,7639,0.0814,0.031,0.029,-0.071,-4.78,-2.38,671,2115,-6028,0,0,6316,0.0465,-0.02,0.13,0.03,-4.43,-2.73,713,5815,-3582,0,0,10201,0.091,-0.007,0.082,-0.018,-4.28,-2.89,711,6921,-6361,0,0
86.84,3,7312.9,-2307.36,-0.05,8110.36,92.7,1.14,-1.32,-0.12,0.0,0.0,1.0,2,5507,158.4,0.84,-0.02,-1.49,-36.87,2234,362,4495,0.0369,-0.003,0.068,-0.032,-6.26,-0.9,672,2500,-3994,0,0,7326,0.0812,-0.01,0.031,-0.069,-4.77,-2.39,678,2350,-5753,0,0,6633,0.0469,0.02,0.151,0.051,-4.68,-2.48,728,6477,-3440,0,0,10351,0.0912,0.012,0.097,-0.003,-4.41,-2.75,725,8041,-6142,0,0
86.86,3,7313.4,-2307.41,-0.05,8110.88,93.4,1.18,-1.32,-0.11,0.0,0.0,1.0,2,4615,-228.5,0.2,-0.04,-1.47,-38.05,2266,369,4381,0.0366,-0.015,0.059,-0.041,-6.24,-0.92,672,2378,-3917,0,0,7071,0.0804,-0.04,0.024,-0.076,-4.8,-2.36,680,2171,-5593,0,0,6924,0.0479,0.049,0.122,0.022,-4.88,-2.29,716,6509,-3876,0,0,10488,0.0917,0.023,0.068,-0.032,-4.67,-2.5,714,7524,-6674,0,0
86.88,3,7313.9,-2307.46,-0.05,8111.39,93.7,0.47,-1.49,-0.11,0.0,0.0,1.0,2,4233,-211.8,0.2,-0.05,-1.47,-36.84,2278,371,4429,0.0362,-0.017,-0.01,-0.09,-6.22,-0.94,634,130,-4283,0,0,7231,0.0797,-0.036,-0.016,-0.084,-4.82,-2.34,660,-712,-5820,0,0,6819,0.0489,0.049,-0.019,-0.081,-4.93,-2.24,654,277,-5586,0,0,10489,0.0923,0.03,-0.047,-0.053,-4.74,-2.42,660,-3210,-7795,0,0
86.9,3,7314.4,-2307.52,-0.05,8111.91,93.5,-0.17,-1.56,-0.11,0.0,0.0,1.0,2,4334,-212.5,0.2,-0.03,-1.48,-35.24,2274,369,4651,0.0366,0.019,0.009,-0.091,-6.14,-1.03,636,214,-4465,0,0,7601,0.0803,0.032,0.002,-0.098,-4.84,-2.32,659,-57,-6102,0,0,6481,0.0485,-0.016,0.037,-0.063,-4.88,-2.28,638,1546,-5249,0,0,10305,0.0923,-0.003,0.003,-0.097,-4.61,-2.55,644,-1206,-7770,0,0
86.92,3,7314.9,-2307.59,-0.05,8112.42,93.4,-0.13,-1.56,-0.1,0.0,0.0,1.0,2,4278,-214.0,0.2,0.0,-1.49,-33.99,2273,368,4789,0.0373,0.034,-0.001,-0.099,-6.02,-1.15,639,132,-4560,0,0,7837,0.0814,0.056,-0.006,-0.094,-4.74,-2.42,662,-272,-6211,0,0,6235,0.0477,-0.041,-0.001,-0.099,-4.8,-2.37,661,1021,-5064,0,0,10167,0.0919,-0.019,-0.03,-0.07,-4.59,-2.58,666,-1820,-7594,0,0
86.94,3,7315.5,-2307.66,-0.05,8112.94,93.2,-0.12,-1.55,-0.1,1.0,0.0,1.0,2,4318,-211.7,0.2,0.03,-1.51,-32.99,2275,367,4895,0.0381,0.039,0.007,-0.093,-5.91,-1.25,634,208,-4613,0,0,7993,0.0827,0.063,0.004,-0.096,-4.69,-2.48,656,-117,-6251,0,0,6054,0.0467,-0.051,0.035,-0.065,-4.73,-2.44,636,1343,-4857,0,0,10045,0.0913,-0.027,0.004,-0.096,-4.56,-2.6,642,-1198,-7490,0,0
86.96,3,7316.0,-2307.74,-0.05,8113.45,93.1,-0.13,-1.53,-0.1,1.0,0.0,1.0,2,4291,209.8,0.74,0.06,-1.52,-32.16,2276,366,4979,0.0389,0.042,-0.001,-0.099,-5.81,-1.35,638,132,-4641,0,0,8081,0.084,0.062,-0.006,-0.094,-4.58,-2.58,659,-288,-6239,0,0,5934,0.0456,-0.053,-0.002,-0.098,-4.6,-2.56,658,933,-4749,0,0,9936,0.0907,-0.033,-0.03,-0.07,-4.5,-2.67,663,-1742,-7346,0,0
86.98,3,7316.5,-2307.82,-0.05,8113.96,93.0,0.04,-1.51,-0.09,1.0,0.0,1.0,2,4599,562.3,1.31,0.1,-1.53,-31.72,2281,365,5005,0.0397,0.042,0.043,-0.057,-5.63,-1.53,665,1290,-4536,0,0,8096,0.0851,0.057,0.029,-0.071,-4.42,-2.75,680,1468,-6104,0,0,5900,0.0446,-0.05,0.12,0.02,-4.6,-2.56,723,4334,-4084,0,0,9896,0.09,-0.035,0.082,-0.018,-4.47,-2.69,722,4576,-6959,0,0
87.0,3,7317.0,-2307.91,-0.05,8114.47,93.7,1.07,-1.33,-0.09,0.79,0.0,1.0,2,4763,997.4,1.92,0.09,-1.52,-33.17,2315,371,4761,0.04,0.015,0.06,-0.04,-5.5,-1.66,677,2566,-4026,0,0,7649,0.0854,0.015,0.028,-0.072,-4.31,-2.85,683,2389,-5610,0,0,6324,0.0445,-0.009,0.153,0.053,-4.74,-2.42,741,6192,-3330,0,0,10122,0.0898,-0.009,0.106,0.006,-4.57,-2.59,737,8082,-6028,0,0
87.02,3,7317.5,-2308.01,-0.05,8114.99,94.5,1.2,-1.28,-0.09,0.0,0.0,1.0,2,4778,736.5,1.55,0.07,-1.5,-34.37,2348,377,4590,0.0397,-0.017,0.059,-0.041,-5.42,-1.75,682,2478,-3855,0,0,7261,0.0844,-0.049,0.031,-0.069,-4.29,-2.87,690,2375,-5284,0,0,6731,0.0455,0.054,0.148,0.048,-4.88,-2.28,744,6491,-3638,0,0,10296,0.0902,0.021,0.1,0.0,-4.67,-2.49,741,8053,-6286,0,0
87.04,3,7318.1,-2308.11,-0.05,8115.51,95.3,1.17,-1.3,-0.08,0.0,0.0,1.0,2,4660,283.6,0.97,0.03,-1.48,-34.76,2377,383,4451,0.0392,-0.027,0.044,-0.056,-5.26,-1.9,679,2161,-3763,0,0,6994,0.083,-0.071,0.018,-0.082,-4.18,-2.98,690,1787,-5098,0,0,7026,0.047,0.075,0.098,-0.002,-5.03,-2.13,719,6089,-4420,0,0,10447,0.0908,0.03,0.053,-0.047,-4.84,-2.32,718,6514,-7192,0,0
87.06,3,7318.6,-2308.21,-0.05,8116.03,95.8,0.72,-1.45,-0.08,0.0,0.0,1.0,2,4469,-41.4,0.4,0.0,-1.46,-33.23,2392,387,4415,0.0386,-0.03,0.016,-0.084,-5.23,-1.93,661,1090,-3860,0,0,7051,0.0817,-0.062,0.002,-0.098,-4.15,-3.01,678,648,-5166,0,0,7023,0.0484,0.069,0.025,-0.075,-5.01,-2.16,667,3180,-5560,0,0,10520,0.0916,0.037,-0.002,-0.098,-4.8,-2.36,675,1311,-8077,0,0
87.08,3,7319.1,-2308.33,-0.05,8116.55,95.7,-0.04,-1.51,-0.07,1.0,0.0,1.0,2,4428,-216.3,0.2,0.0,-1.46,-30.84,2387,386,4609,0.0384,-0.009,0.004,-0.096,-5.13,-2.03,651,17,-4023,0,0,7384,0.0815,-0.014,0.001,-0.099,-4.14,-3.02,673,-251,-5342,0,0,6738,0.0489,0.024,0.033,-0.067,-4.77,-2.39,653,1197,-5486,0,0,10376,0.092,0.019,0.004,-0.096,-4.68,-2.48,659,-1298,-7868,0,0
87.1,3,7319.7,-2308.45,-0.05,8117.06,95.5,-0.11,-1.49,-0.07,1.0,0.0,1.0,2,4406,210.1,0.75,0.01,-1.46,-28.88,2384,385,4780,0.0388,0.022,-0.001,-0.099,-4.95,-2.21,657,115,-4097,0,0,7629,0.0821,0.029,-0.006,-0.094,-4.02,-3.14,676,-289,-5398,0,0,6495,0.0485,-0.018,-0.004,-0.096,-4.69,-2.47,675,851,-5217,0,0,10211,0.0918,-0.011,-0.027,-0.073,-4.55,-2.61,680,-1553,-7615,0,0
87.12,3,7320.2,-2308.57,-0.05,8117.58,95.5,0.06,-1.46,-0.07,1.0,0.0,1.0,2,4710,562.6,1.33,0.03,-1.46,-27.47,2387,385,4875,0.0395,0.031,0.04,-0.06,-4.84,-2.32,684,1312,-4043,0,0,7744,0.0828,0.038,0.028,-0.072,-3.85,-3.31,696,1510,-5328,0,0,6359,0.0479,-0.03,0.113,0.013,-4.47,-2.69,738,4484,-4415,0,0,10095,0.0913,-0.023,0.08,-0.02,-4.39,-2.77,737,4683,-7046,0,0
87.14,3,7320.7,-2308.7,-0.05,8118.1,96.2,1.09,-1.28,-0.06,1.0,0.0,1.0,2,4862,999.3,1.94,0.02,-1.45,-27.98,2421,391,4683,0.0397,0.011,0.054,-0.046,-4.67,-2.49,694,2540,-3622,0,0,7372,0.0829,0.004,0.028,-0.072,-3.76,-3.4,699,2428,-4922,0,0,6696,0.0479,0.0,0.139,0.039,-4.54,-2.62,754,6362,-3627,0,0,10249,0.0911,-0.007,0.099,-0.001,-4.39,-2.77,750,8035,-6076,0,0
87.16,3,7321.3,-2308.83,-0.05,8118.62,97.0,1.21,-1.22,-0.06,1.0,0.0,1.0,2,4892,999.9,1.95,-0.01,-1.43,-28.35,2455,397,4555,0.0393,-0.017,0.053,-0.047,-4.56,-2.6,700,2466,-3479,0,0,7045,0.0819,-0.052,0.028,-0.072,-3.69,-3.47,706,2356,-4646,0,0,7031,0.049,0.054,0.133,0.033,-4.58,-2.59,756,6595,-3856,0,0,10369,0.0915,0.018,0.097,-0.003,-4.47,-2.69,753,8026,-6201,0,0
87.18,3,7321.8,-2308.98,-0.05,8119.15,97.8,1.21,-1.22,-0.06,1.0,0.0,1.0,2,4925,1000.4,1.96,-0.04,-1.4,-28.23,2486,404,4452,0.0389,-0.023,0.054,-0.046,-4.47,-2.69,707,2457,-3357,0,0,6821,0.0805,-0.069,0.029,-0.071,-3.65,-3.51,712,2395,-4436,0,0,7284,0.0504,0.071,0.129,0.029,-4.61,-2.56,759,6705,-4082,0,0,10485,0.092,0.025,0.091,-0.009,-4.45,-2.71,757,7879,-6395,0,0
87.2,3,7322.4,-2309.13,-0.05,8119.67,98.6,1.21,-1.23,-0.05,1.0,0.0,1.0,2,4960,1001.0,1.96,-0.08,-1.37,-27.75,2517,411,4367,0.0383,-0.028,0.053,-0.047,-4.37,-2.79,713,2446,-3242,0,0,6669,0.079,-0.073,0.03,-0.07,-3.6,-3.57,718,2401,-4296,0,0,7460,0.0519,0.076,0.125,0.025,-4.57,-2.59,764,6788,-4216,0,0,10575,0.0926,0.03,0.089,-0.011,-4.44,-2.72,761,7829,-6492,0,0
87.22,3,7322.9,-2309.28,-0.05,8120.2,99.4,1.21,-1.22,-0.05,1.0,0.0,1.0,2,4994,1001.5,1.97,-0.12,-1.34,-27.0,2547,417,4316,0.0377,-0.03,0.053,-0.047,-4.28,-2.88,719,2428,-3162,0,0,6567,0.0776,-0.072,0.029,-0.071,-3.52,-3.64,723,2391,-4177,0,0,7599,0.0534,0.075,0.122,0.022,-4.53,-2.63,768,6830,-4339,0,0,10648,0.0933,0.032,0.088,-0.012,-4.44,-2.73,766,7813,-6544,0,0
87.24,3,7323.5,-2309.44,-0.05,8120.74,100.2,1.21,-1.22,-0.05,1.0,0.0,1.0,2,5029,1002.0,1.98,-0.16,-1.32,-26.08,2577,424,4279,0.0372,-0.029,0.053,-0.047,-4.19,-2.98,725,2430,-3087,0,0,6504,0.0762,-0.067,0.03,-0.07,-3.46,-3.7,729,2421,-4072,0,0,7701,0.0549,0.072,0.119,0.019,-4.47,-2.69,773,6871,-4402,0,0,10707,0.0939,0.033,0.086,-0.014,-4.36,-2.8,771,7792,-6558,0,0
87.26,3,7324.0,-2309.61,-0.05,8121.27,101.0,1.21,-1.21,-0.04,1.0,0.0,1.0,2,5064,1002.4,1.99,-0.2,-1.29,-25.03,2608,431,4261,0.0366,-0.026,0.052,-0.048,-4.05,-3.11,731,2425,-3019,0,0,6463,0.075,-0.062,0.03,-0.07,-3.38,-3.79,735,2414,-3989,0,0,7775,0.0562,0.067,0.117,0.017,-4.43,-2.73,777,6883,-4447,0,0,10741,0.0946,0.031,0.085,-0.015,-4.31,-2.85,775,7802,-6530,0,0
87.28,3,7324.6,-2309.78,-0.05,8121.81,101.8,1.21,-1.2,-0.04,1.0,0.0,1.0,2,5098,1002.9,2.0,-0.23,-1.27,-23.92,2641,438,4253,0.0362,-0.023,0.051,-0.049,-4.01,-3.15,736,2425,-2972,0,0,6448,0.0739,-0.055,0.03,-0.07,-3.36,-3.81,740,2426,-3926,0,0,7819,0.0574,0.061,0.114,0.014,-4.27,-2.89,782,6885,-4441,0,0,10768,0.0951,0.029,0.084,-0.016,-4.24,-2.92,780,7801,-6484,0,0
87.3,3,7325.2,-2309.96,-0.05,8122.35,102.6,1.21,-1.18,-0.04,1.0,0.0,1.0,2,5133,1003.3,2.01,-0.26,-1.26,-22.8,2675,445,4250,0.0358,-0.02,0.051,-0.049,-3.9,-3.26,742,2408,-2915,0,0,6442,0.073,-0.047,0.03,-0.07,-3.28,-3.89,745,2440,-3863,0,0,7830,0.0584,0.052,0.113,0.013,-4.23,-2.93,787,6894,-4392,0,0,10767,0.0956,0.025,0.082,-0.018,-4.12,-3.04,785,7810,-6388,0,0
87.32,3,7325.7,-2310.14,-0.05,8122.9,103.4,1.21,-1.17,-0.04,1.0,0.0,1.0,2,5167,1003.6,2.01,-0.28,-1.24,-21.67,2709,452,4266,0.0355,-0.015,0.05,-0.05,-3.75,-3.41,748,2412,-2872,0,0,6437,0.0721,-0.041,0.03,-0.07,-3.21,-3.95,750,2463,-3794,0,0,7852,0.0593,0.045,0.109,0.009,-4.1,-3.06,792,6866,-4377,0,0,10759,0.096,0.019,0.082,-0.018,-4.02,-3.14,790,7827,-6282,0,0
87.34,3,7326.3,-2310.33,-0.05,8123.45,104.2,1.2,-1.15,-0.03,1.0,0.0,1.0,2,5201,1004.0,2.02,-0.3,-1.22,-20.56,2746,459,4284,0.0352,-0.011,0.049,-0.051,-3.71,-3.45,754,2403,-2832,0,0,6437,0.0714,-0.035,0.029,-0.071,-3.13,-4.03,755,2452,-3724,0,0,7865,0.0601,0.039,0.106,0.006,-3.97,-3.19,797,6864,-4318,0,0,10742,0.0963,0.015,0.08,-0.02,-3.88,-3.28,795,7828,-6150,0,0
87.36,3,7326.9,-2310.53,-0.05,8124.0,105.0,1.2,-1.13,-0.03,1.0,0.0,1.0,2,5236,1004.3,2.03,-0.32,-1.2,-19.48,2783,466,4310,0.0351,-0.007,0.047,-0.053,-3.59,-3.57,759,2401,-2790,0,0,6437,0.0708,-0.031,0.029,-0.071,-3.02,-4.14,761,2455,-3639,0,0,7880,0.0608,0.034,0.104,0.004,-3.86,-3.3,802,6871,-4254,0,0,10718,0.0965,0.01,0.081,-0.019,-3.78,-3.38,800,7866,-6006,0,0
87.38,3,7327.5,-2310.73,-0.05,8124.55,105.9,1.2,-1.11,-0.03,1.0,0.0,1.0,2,5271,1004.6,2.04,-0.33,-1.19,-18.42,2821,473,4342,0.0351,-0.003,0.046,-0.054,-3.48,-3.68,765,2396,-2752,0,0,6430,0.0703,-0.026,0.031,-0.069,-2.96,-4.2,766,2508,-3547,0,0,7906,0.0614,0.031,0.101,0.001,-3.7,-3.47,807,6873,-4189,0,0,10702,0.0967,0.008,0.08,-0.02,-3.67,-3.49,805,7872,-5865,0,0
87.4,3,7328.1,-2310.94,-0.05,8125.1,106.7,1.2,-1.08,-0.03,1.0,0.0,1.0,2,5306,1004.9,2.05,-0.34,-1.17,-17.38,2860,480,4381,0.0351,0.002,0.045,-0.055,-3.38,-3.78,770,2394,-2711,0,0,6417,0.0698,-0.025,0.029,-0.071,-2.87,-4.3,772,2465,-3446,0,0,7931,0.0621,0.031,0.099,-0.001,-3.55,-3.61,812,6873,-4111,0,0,10661,0.0968,0.004,0.078,-0.022,-3.52,-3.65,810,7838,-5697,0,0
87.42,3,7328.7,-2311.15,-0.05,8125.66,107.5,1.2,-1.05,-0.03,1.0,0.0,1.0,2,5340,1005.1,2.05,-0.35,-1.15,-16.39,2900,488,4421,0.0352,0.006,0.045,-0.055,-3.17,-3.99,776,2422,-2641,0,0,6397,0.0693,-0.023,0.029,-0.071,-2.78,-4.38,777,2499,-3348,0,0,7962,0.0626,0.027,0.099,-0.001,-3.42,-3.74,817,6916,-4015,0,0,10620,0.0967,-0.002,0.077,-0.023,-3.33,-3.83,815,7849,-5495,0,0
87.44,3,7329.3,-2311.37,-0.05,8126.22,108.3,1.2,-1.02,-0.03,1.0,0.0,1.0,2,5374,1005.3,2.06,-0.36,-1.13,-15.44,2941,495,4463,0.0354,0.011,0.043,-0.057,-3.15,-4.02,781,2402,-2605,0,0,6382,0.0689,-0.022,0.028,-0.072,-2.68,-4.48,782,2482,-3238,0,0,7995,0.0632,0.028,0.095,-0.005,-3.29,-3.88,821,6893,-3940,0,0,10582,0.0966,-0.005,0.075,-0.025,-3.24,-3.92,820,7828,-5331,0,0
87.46,3,7329.9,-2311.6,-0.05,8126.78,109.1,1.2,-0.99,-0.02,1.0,0.0,1.0,2,5408,1005.5,2.07,-0.37,-1.1,-14.53,2983,503,4508,0.0357,0.013,0.042,-0.058,-3.03,-4.13,787,2402,-2560,0,0,6357,0.0685,-0.02,0.029,-0.071,-2.58,-4.58,788,2498,-3112,0,0,8038,0.0637,0.028,0.092,-0.008,-3.14,-4.02,826,6915,-3842,0,0,10540,0.0965,-0.006,0.074,-0.026,-3.09,-4.07,824,7826,-5123,0,0
87.48,3,7330.5,-2311.82,-0.05,8127.35,109.9,1.2,-0.96,-0.02,1.0,0.0,1.0,2,5443,1005.6,2.08,-0.37,-1.08,-13.65,3025,510,4560,0.036,0.017,0.041,-0.059,-2.91,-4.25,793,2413,-2502,0,0,6334,0.0681,-0.021,0.028,-0.072,-2.47,-4.69,793,2478,-2993,0,0,8085,0.0643,0.029,0.09,-0.01,-2.95,-4.22,831,6936,-3734,0,0,10501,0.0963,-0.009,0.073,-0.027,-2.94,-4.23,829,7813,-4931,0,0
87.5,3,7331.1,-2312.06,-0.05,8127.92,110.8,1.2,-0.93,-0.02,1.0,0.0,1.0,2,5478,1005.7,2.09,-0.37,-1.05,-12.8,3068,518,4609,0.0364,0.02,0.039,-0.061,-2.76,-4.4,798,2405,-2430,0,0,6308,0.0677,-0.02,0.027,-0.073,-2.36,-4.8,799,2468,-2859,0,0,8128,0.0649,0.029,0.087,-0.013,-2.83,-4.33,836,6945,-3628,0,0,10453,0.0961,-0.011,0.072,-0.028,-2.8,-4.36,834,7801,-4715,0,0
87.52,3,7331.7,-2312.3,-0.05,8128.49,111.6,1.2,-0.89,-0.02,1.0,0.0,1.0,2,5513,1005.7,2.1,-0.38,-1.02,-11.97,3112,526,4654,0.0369,0.022,0.039,-0.061,-2.64,-4.53,804,2424,-2349,0,0,6281,0.0673,-0.02,0.027,-0.073,-2.24,-4.92,804,2489,-2715,0,0,8173,0.0654,0.029,0.085,-0.015,-2.65,-4.51,841,6974,-3490,0,0,10409,0.0958,-0.013,0.071,-0.029,-2.67,-4.49,839,7791,-4513,0,0
87.54,3,7332.4,-2312.55,-0.05,8129.06,112.4,1.2,-0.85,-0.02,1.0,0.0,1.0,2,5548,1004.3,2.1,-0.38,-0.99,-11.16,3156,533,4700,0.0374,0.024,0.037,-0.063,-2.49,-4.68,809,2416,-2261,0,0,6251,0.0669,-0.02,0.027,-0.073,-2.12,-5.05,810,2461,-2576,0,0,8232,0.066,0.03,0.083,-0.017,-2.52,-4.64,846,6987,-3387,0,0,10372,0.0955,-0.015,0.07,-0.03,-2.52,-4.64,844,7786,-4313,0,0
87.56,3,7333.0,-2312.8,-0.05,8129.64,113.2,1.2,-0.82,-0.02,1.0,0.0,1.0,2,5583,1002.9,2.11,-0.38,-0.96,-10.35,3200,541,4748,0.0379,0.026,0.037,-0.063,-2.34,-4.82,815,2422,-2168,0,0,6221,0.0665,-0.02,0.027,-0.073,-1.99,-5.17,815,2487,-2429,0,0,8296,0.0667,0.032,0.081,-0.019,-2.41,-4.75,851,7019,-3272,0,0,10341,0.0952,-0.014,0.069,-0.031,-2.39,-4.77,850,7767,-4108,0,0
87.58,3,7333.6,-2313.05,-0.05,8130.22,114.1,1.2,-0.78,-0.01,1.0,0.0,1.0,2,5619,1001.4,2.12,-0.38,-0.93,-9.55,3245,549,4801,0.0384,0.028,0.036,-0.064,-2.18,-4.98,820,2453,-2061,0,0,6184,0.066,-0.021,0.027,-0.073,-1.85,-5.31,821,2485,-2256,0,0,8363,0.0674,0.034,0.079,-0.021,-2.26,-4.9,856,7039,-3144,0,0,10298,0.0949,-0.015,0.068,-0.032,-2.25,-4.91,855,7781,-3888,0,0
87.6,3,7334.3,-2313.31,-0.05,8130.8,114.9,1.2,-0.73,-0.01,1.0,0.0,1.0,2,5653,1000.0,2.13,-0.39,-0.89,-8.74,3291,557,4858,0.039,0.03,0.036,-0.064,-2.02,-5.14,826,2465,-1951,0,0,6147,0.0656,-0.022,0.027,-0.073,-1.72,-5.44,826,2502,-2095,0,0,8428,0.0681,0.036,0.077,-0.023,-2.13,-5.04,861,7051,-3011,0,0,10246,0.0946,-0.016,0.067,-0.033,-2.1,-5.06,860,7730,-3662,0,0
87.62,3,7334.9,-2313.57,-0.05,8131.39,115.7,1.2,-0.69,-0.01,1.0,0.0,1.0,2,5690,998.4,2.14,-0.39,-0.86,-7.93,3337,565,4918,0.0397,0.033,0.033,-0.067,-1.85,-5.31,831,2438,-1827,0,0,6102,0.0651,-0.023,0.028,-0.072,-1.57,-5.59,832,2529,-1926,0,0,8498,0.0688,0.036,0.075,-0.025,-1.99,-5.17,866,7097,-2874,0,0,10193,0.0942,-0.019,0.066,-0.034,-1.98,-5.18,865,7706,-3445,0,0
87.64,3,7335.5,-2313.84,-0.05,8131.98,116.5,1.2,-0.65,-0.01,1.0,0.0,1.0,2,5726,996.8,2.15,-0.39,-0.82,-7.09,3384,574,4978,0.0404,0.035,0.032,-0.068,-1.69,-5.47,837,2434,-1693,0,0,6060,0.0646,-0.025,0.026,-0.074,-1.44,-5.72,838,2465,-1753,0,0,8568,0.0696,0.039,0.074,-0.026,-1.82,-5.34,872,7115,-2720,0,0,10135,0.0938,-0.021,0.067,-0.033,-1.86,-5.31,871,7722,-3225,0,0
87.66,3,7336.2,-2314.12,-0.05,8132.57,117.4,1.2,-0.6,0.0,1.0,0.0,1.0,2,5763,995.1,2.15,-0.39,-0.77,-6.24,3431,582,5029,0.0411,0.036,0.033,-0.067,-1.52,-5.64,843,2488,-1549,0,0,6015,0.0641,-0.025,0.026,-0.074,-1.29,-5.88,843,2486,-1570,0,0,8636,0.0704,0.039,0.073,-0.027,-1.74,-5.42,877,7129,-2583,0,0,10082,0.0934,-0.022,0.065,-0.035,-1.73,-5.43,876,7691,-3007,0,0
87.68,3,7336.9,-2314.39,-0.05,8133.17,118.2,1.2,-0.55,0.0,1.0,0.0,1.0,2,5799,993.4,2.16,-0.39,-0.73,-5.36,3478,590,5090,0.0419,0.037,0.031,-0.069,-1.32,-5.85,849,2450,-1389,0,0,5967,0.0636,-0.026,0.026,-0.074,-1.13,-6.03,849,2479,-1384,0,0,8722,0.0712,0.041,0.072,-0.028,-1.6,-5.56,882,7198,-2428,0,0,10033,0.0929,-0.022,0.064,-0.036,-1.57,-5.6,881,7668,-2782,0,0
87.7,3,7337.5,-2314.67,-0.05,8133.77,119.1,1.2,-0.5,0.0,1.0,0.0,1.0,2,5836,991.7,2.17,-0.4,-0.69,-4.42,3526,599,5155,0.0426,0.04,0.029,-0.071,-1.14,-6.02,854,2446,-1228,0,0,5918,0.063,-0.029,0.027,-0.073,-0.97,-6.19,854,2505,-1196,0,0,8808,0.0721,0.045,0.069,-0.031,-1.47,-5.7,888,7179,-2272,0,0,9980,0.0925,-0.023,0.063,-0.037,-1.46,-5.7,887,7637,-2569,0,0
87.72,3,7338.2,-2314.96,-0.05,8134.37,119.9,1.2,-0.45,0.01,1.0,0.0,1.0,2,5873,989.8,2.18,-0.4,-0.64,-3.46,3574,607,5213,0.0434,0.04,0.029,-0.071,-0.99,-6.17,860,2443,-1075,0,0,5870,0.0625,-0.029,0.027,-0.073,-0.77,-6.4,860,2529,-977,0,0,8892,0.073,0.045,0.067,-0.033,-1.33,-5.83,893,7204,-2106,0,0,9931,0.092,-0.024,0.063,-0.037,-1.35,-5.81,892,7635,-2347,0,0
87.74,3,7338.9,-2315.24,-0.05,8134.98,120.7,1.2,-0.4,0.01,1.0,0.0,1.0,2,5911,987.9,2.19,-0.4,-0.59,-2.46,3623,616,5266,0.0443,0.04,0.028,-0.072,-0.82,-6.34,866,2453,-913,0,0,5816,0.0619,-0.03,0.026,-0.074,-0.6,-6.56,866,2486,-748,0,0,8961,0.0739,0.046,0.066,-0.034,-1.2,-5.96,899,7227,-1929,0,0,9864,0.0915,-0.024,0.063,-0.037,-1.19,-5.97,898,7620,-2104,0,0
87.76,3,7339.5,-2315.53,-0.06,8135.58,121.6,1.2,-0.34,0.01,1.0,0.0,1.0,2,5949,986.0,2.2,-0.4,-0.54,-1.43,3672,624,5323,0.0451,0.041,0.027,-0.073,-0.65,-6.51,872,2451,-740,0,0,5774,0.0613,-0.031,0.026,-0.074,-0.4,-6.76,871,2485,-521,0,0,9036,0.0748,0.046,0.065,-0.035,-1.08,-6.08,904,7234,-1745,0,0,9810,0.091,-0.026,0.063,-0.037,-1.07,-6.09,904,7614,-1880,0,0
87.78,3,7340.2,-2315.83,-0.06,8136.2,122.4,1.19,-0.29,0.02,1.0,0.0,1.0,2,5986,984.0,2.21,-0.4,-0.49,-0.34,3722,633,5384,0.0459,0.042,0.027,-0.073,-0.48,-6.68,878,2443,-570,0,0,5720,0.0606,-0.032,0.026,-0.074,-0.2,-6.96,877,2481,-284,0,0,9114,0.0757,0.047,0.064,-0.036,-0.93,-6.24,910,7252,-1534,0,0,9744,0.0904,-0.027,0.063,-0.037,-0.93,-6.23,909,7590,-1649,0,0
87.8,3,7340.9,-2316.13,-0.06,8136.82,123.3,1.19,-0.23,0.02,1.0,0.0,1.0,2,6025,981.9,2.22,-0.41,-0.44,0.77,3772,642,5451,0.0468,0.043,0.027,-0.073,-0.32,-6.84,884,2453,-389,0,0,5657,0.06,-0.032,0.026,-0.074,0.01,-7.15,883,2493,-49,0,0,9201,0.0767,0.047,0.062,-0.038,-0.78,-6.38,916,7269,-1336,0,0,9672,0.0899,-0.029,0.062,-0.038,-0.79,-6.37,915,7587,-1398,0,0
87.82,3,7341.6,-2316.42,-0.06,8137.44,124.1,1.19,-0.17,0.02,1.0,0.0,1.0,2,6064,979.7,2.22,-0.41,-0.39,1.93,3821,650,5522,0.0477,0.046,0.027,-0.073,-0.11,-7.05,890,2437,-195,0,0,5602,0.0593,-0.035,0.028,-0.072,0.26,-6.91,889,2524,199,0,0,9297,0.0777,0.05,0.061,-0.039,-0.66,-6.51,921,7297,-1131,0,0,9611,0.0893,-0.03,0.063,-0.037,-0.65,-6.51,921,7589,-1155,0,0
87.84,3,7342.3,-2316.73,-0.06,8138.06,124.9,1.19,-0.11,0.03,1.0,0.0,1.0,2,6103,977.5,2.23,-0.41,-0.33,3.13,3872,659,5595,0.0486,0.047,0.027,-0.073,0.06,-7.1,896,2470,3,0,0,5533,0.0586,-0.036,0.027,-0.073,0.44,-6.72,895,2504,435,0,0,9405,0.0787,0.053,0.061,-0.039,-0.49,-6.67,927,7337,-900,0,0,9541,0.0887,-0.029,0.063,-0.037,-0.5,-6.66,927,7552,-903,0,0
87.86,3,7343.0,-2317.03,-0.06,8138.69,125.8,1.19,-0.04,0.03,1.0,0.0,1.0,2,6142,975.2,2.24,-0.41,-0.27,4.36,3922,668,5669,0.0496,0.049,0.026,-0.074,0.23,-6.93,902,2436,207,0,0,5468,0.0578,-0.039,0.028,-0.072,0.67,-6.49,901,2483,668,0,0,9506,0.0798,0.055,0.059,-0.041,-0.36,-6.81,933,7311,-665,0,0,9467,0.088,-0.032,0.062,-0.038,-0.35,-6.81,932,7526,-644,0,0
87.88,3,7343.7,-2317.34,-0.06,8139.32,126.6,1.19,0.02,0.03,1.0,0.0,1.0,2,6182,972.9,2.25,-0.42,-0.21,5.61,3973,677,5740,0.0506,0.05,0.025,-0.075,0.42,-6.74,909,2421,426,0,0,5412,0.057,-0.039,0.028,-0.072,0.89,-6.27,907,2453,902,0,0,9600,0.0809,0.055,0.058,-0.042,-0.19,-6.97,939,7345,-407,0,0,9399,0.0874,-0.033,0.064,-0.036,-0.19,-6.98,938,7550,-385,0,0
87.9,3,7344.4,-2317.64,-0.06,8139.96,127.4,1.19,0.09,0.04,1.0,0.0,1.0,2,6221,970.5,2.26,-0.42,-0.15,6.9,4023,686,5812,0.0516,0.05,0.024,-0.076,0.62,-6.54,915,2402,662,0,0,5348,0.0562,-0.039,0.028,-0.072,1.13,-6.03,913,2451,1142,0,0,9718,0.0821,0.057,0.057,-0.043,-0.05,-7.11,944,7384,-135,0,0,9347,0.0867,-0.032,0.063,-0.037,-0.05,-7.12,944,7536,-123,0,0
87.92,3,7345.1,-2317.95,-0.06,8140.6,128.3,1.18,0.16,0.04,1.0,0.0,1.0,2,6263,967.9,2.27,-0.42,-0.09,8.21,4077,695,5886,0.0526,0.052,0.024,-0.076,0.83,-6.34,921,2410,906,0,0,5279,0.0554,-0.041,0.029,-0.071,1.37,-5.79,919,2449,1372,0,0,9794,0.0833,0.059,0.057,-0.043,0.11,-7.05,951,7385,144,0,0,9240,0.086,-0.034,0.064,-0.036,0.12,-7.05,951,7493,139,0,0
87.94,3,7345.8,-2318.26,-0.06,8141.25,129.1,1.18,0.23,0.05,1.0,0.0,1.0,2,6305,965.3,2.28,-0.42,-0.03,9.55,4129,704,5966,0.0537,0.053,0.025,-0.075,1.03,-6.13,927,2408,1159,0,0,5206,0.0546,-0.043,0.03,-0.07,1.63,-5.53,925,2452,1605,0,0,9892,0.0844,0.058,0.056,-0.044,0.28,-6.88,957,7388,430,0,0,9150,0.0853,-0.039,0.065,-0.035,0.28,-6.88,957,7457,404,0,0
87.96,3,7346.5,-2318.57,-0.06,8141.9,129.9,1.18,0.3,0.05,1.0,0.0,1.0,2,6344,962.8,2.29,-0.43,0.04,10.93,4180,713,6046,0.0548,0.055,0.024,-0.076,1.25,-5.92,933,2398,1433,0,0,5150,0.0537,-0.043,0.031,-0.069,1.88,-5.29,931,2428,1843,0,0,10013,0.0856,0.06,0.056,-0.044,0.46,-6.71,963,7400,742,0,0,9096,0.0845,-0.037,0.065,-0.035,0.46,-6.71,963,7440,670,0,0
87.98,3,7347.3,-2318.89,-0.06,8142.56,130.8,1.17,0.37,0.06,1.0,0.0,1.0,2,6387,960.0,2.3,-0.43,0.11,12.33,4233,722,6134,0.0559,0.056,0.024,-0.076,1.47,-5.69,940,2382,1706,0,0,5070,0.0528,-0.043,0.032,-0.068,2.14,-5.02,938,2413,2053,0,0,10128,0.0869,0.062,0.056,-0.044,0.63,-6.53,970,7430,1069,0,0,9003,0.0838,-0.037,0.066,-0.034,0.65,-6.51,970,7400,942,0,0
88.0,3,7348.0,-2319.2,-0.06,8143.22,131.6,1.17,0.45,0.06,1.0,0.0,1.0,2,6430,957.1,2.31,-0.43,0.18,13.74,4285,732,6210,0.0571,0.058,0.024,-0.076,1.7,-5.46,946,2371,2001,0,0,5010,0.0519,-0.045,0.034,-0.066,2.42,-4.75,944,2407,2265,0,0,10238,0.0881,0.064,0.056,-0.044,0.83,-6.33,976,7453,1404,0,0,8934,0.083,-0.039,0.069,-0.031,0.86,-6.31,976,7407,1229,0,0
88.02,3,7348.7,-2319.51,-0.06,8143.89,132.4,1.17,0.52,0.06,1.0,0.0,1.0,2,6472,954.2,2.32,-0.43,0.25,15.16,4337,741,6305,0.0582,0.058,0.025,-0.075,1.94,-5.23,953,2385,2299,0,0,4934,0.051,-0.045,0.035,-0.065,2.7,-4.46,951,2393,2471,0,0,10367,0.0894,0.065,0.056,-0.044,1.02,-6.14,982,7480,1771,0,0,8851,0.0822,-0.038,0.068,-0.032,1.01,-6.16,983,7335,1487,0,0
88.04,3,7349.5,-2319.82,-0.06,8144.56,133.2,1.16,0.6,0.07,1.0,0.0,1.0,2,6516,951.1,2.33,-0.44,0.32,16.58,4390,750,6381,0.0595,0.061,0.025,-0.075,2.19,-4.98,959,2368,2611,0,0,4860,0.0501,-0.048,0.037,-0.063,3.01,-4.15,957,2390,2663,0,0,10486,0.0908,0.069,0.056,-0.044,1.2,-5.97,989,7482,2110,0,0,8778,0.0814,-0.04,0.069,-0.031,1.2,-5.96,989,7304,1761,0,0
88.06,3,7350.2,-2320.13,-0.06,8145.23,134.0,1.16,0.68,0.07,1.0,0.0,0.99,2,6560,948.0,2.34,-0.44,0.39,18.02,4443,759,6471,0.0607,0.061,0.025,-0.075,2.44,-4.72,966,2376,2944,0,0,4781,0.0491,-0.048,0.039,-0.061,3.33,-3.84,964,2375,2846,0,0,10609,0.0922,0.069,0.056,-0.044,1.39,-5.77,996,7503,2483,0,0,8685,0.0806,-0.04,0.071,-0.029,1.4,-5.76,996,7266,2023,0,0
88.08,3,7351.0,-2320.44,-0.06,8145.92,134.8,1.1,0.76,0.08,1.0,0.0,0.86,2,6557,947.9,2.34,-0.44,0.47,19.4,4496,768,6581,0.0619,0.063,0.022,-0.078,2.72,-4.44,968,2091,3295,0,0,4733,0.0481,-0.049,0.035,-0.065,3.62,-3.54,965,2139,3064,0,0,10695,0.0936,0.068,0.045,-0.055,1.58,-5.59,991,6628,2914,0,0,8572,0.0798,-0.044,0.061,-0.039,1.6,-5.56,991,6642,2339,0,0
88.1,3,7351.7,-2320.75,-0.06,8146.6,135.5,0.92,0.85,0.08,1.0,0.0,0.72,2,6544,948.8,2.34,-0.43,0.55,20.64,4543,775,6747,0.0634,0.071,0.018,-0.082,3.0,-4.17,969,1725,3697,0,0,4733,0.0473,-0.041,0.031,-0.069,3.96,-3.2,964,1820,3310,0,0,10737,0.0948,0.06,0.036,-0.064,1.76,-5.4,987,5490,3345,0,0,8404,0.0787,-0.052,0.053,-0.047,1.85,-5.31,986,5842,2663,0,0
88.12,3,7352.5,-2321.06,-0.06,8147.29,136.0,0.74,0.94,0.09,1.0,0.0,0.59,2,6532,949.6,2.34,-0.42,0.62,21.79,4586,781,6937,0.065,0.082,0.015,-0.085,3.3,-3.86,969,1382,4116,0,0,4765,0.0467,-0.032,0.026,-0.074,4.31,-2.85,963,1506,3566,0,0,10737,0.0958,0.052,0.027,-0.073,1.96,-5.2,983,4316,3732,0,0,8198,0.0775,-0.062,0.043,-0.057,1.99,-5.17,982,4954,2923,0,0
88.14,3,7353.2,-2321.36,-0.06,8147.99,136.3,0.56,1.02,0.09,0.0,0.0,0.46,2,6645,941.9,2.36,-0.4,0.7,22.93,4625,785,7167,0.0669,0.096,0.011,-0.089,3.57,-3.59,968,1008,4563,0,0,4819,0.0463,-0.021,0.021,-0.079,4.64,-2.53,960,1195,3829,0,0,10725,0.0966,0.04,0.02,-0.08,2.14,-5.02,979,3195,4108,0,0,7963,0.0759,-0.077,0.036,-0.064,2.23,-4.93,976,4088,3169,0,0
88.16,3,7354.0,-2321.66,-0.06,8148.68,136.6,0.39,1.11,0.1,0.0,0.0,0.32,2,6738,504.3,1.66,-0.37,0.78,24.09,4660,788,7405,0.0691,0.108,0.008,-0.092,3.9,-3.27,966,706,5020,0,0,4882,0.046,-0.011,0.016,-0.084,5.01,-2.15,955,892,4091,0,0,10686,0.0972,0.031,0.012,-0.088,2.32,-4.84,974,2042,4450,0,0,7703,0.0742,-0.088,0.027,-0.073,2.36,-4.8,970,3150,3352,0,0
88.18,3,7354.8,-2321.96,-0.06,8149.38,136.7,0.21,1.19,0.1,0.0,0.0,0.19,2,6661,91.0,0.92,-0.33,0.86,25.33,4691,789,7659,0.0715,0.12,0.004,-0.096,4.19,-2.97,964,358,5495,0,0,4967,0.046,-0.001,0.011,-0.089,5.36,-1.81,950,592,4356,0,0,10632,0.0976,0.02,0.006,-0.094,2.52,-4.65,968,954,4782,0,0,7430,0.0722,-0.101,0.021,-0.079,2.63,-4.53,962,2253,3545,0,0
88.2,3,7355.5,-2322.25,-0.06,8150.08,136.7,0.03,1.26,0.11,0.0,0.0,0.06,2,6476,-296.8,0.2,-0.28,0.95,26.65,4716,789,7922,0.0741,0.131,0.0,-0.1,4.46,-2.7,961,67,5953,0,0,5059,0.0462,0.01,0.005,-0.095,5.72,-1.44,943,291,4611,0,0,10573,0.0978,0.011,-0.002,-0.098,2.72,-4.44,961,-186,5121,0,0,7153,0.07,-0.11,0.011,-0.089,2.77,-4.39,953,1214,3673,0,0
88.22,3,7356.3,-2322.53,-0.06,8150.79,136.6,-0.11,1.34,0.12,0.0,0.0,0.16,3,6216,-288.5,0.2,-0.22,1.03,28.27,4738,787,8173,0.0769,0.14,0.0,-0.1,4.77,-2.39,960,-12,6417,0,0,5153,0.0466,0.018,0.003,-0.097,6.09,-1.07,940,140,4857,0,0,10506,0.0979,0.003,-0.002,-0.098,2.98,-4.19,962,-351,5456,0,0,6883,0.0676,-0.119,0.013,-0.087,3.01,-4.15,956,924,3806,0,0
88.24,3,7357.0,-2322.81,-0.06,8151.49,136.6,0.06,1.41,0.12,0.0,0.0,0.46,3,5697,-272.0,0.2,-0.17,1.11,29.85,4765,787,8299,0.0797,0.14,0.006,-0.094,5.09,-2.07,966,520,6767,0,0,5140,0.047,0.02,0.016,-0.084,6.5,-0.66,950,657,4968,0,0,10534,0.0979,0.001,0.012,-0.088,3.16,-4.0,976,1461,5794,0,0,6721,0.0652,-0.119,0.031,-0.069,3.22,-3.94,972,2617,3915,0,0
88.26,3,7357.8,-2323.09,-0.06,8152.2,136.8,0.33,1.47,0.13,0.0,0.0,0.76,3,4888,-240.6,0.2,-0.14,1.19,31.54,4799,790,8318,0.0821,0.121,0.013,-0.087,5.42,-1.75,974,1033,7014,0,0,5033,0.047,0.004,0.028,-0.072,6.83,-0.33,962,1161,4948,0,0,10665,0.0982,0.016,0.027,-0.073,3.4,-3.76,993,3363,6171,0,0,6678,0.0632,-0.101,0.051,-0.049,3.51,-3.65,992,3888,3995,0,0
88.28,3,7358.5,-2323.36,-0.06,8152.91,136.8,0.11,1.53,0.13,0.0,0.0,1.0,3,4582,-225.0,0.2,-0.1,1.26,32.83,4821,790,8392,0.0841,0.1,-0.004,-0.096,5.78,-1.38,957,-274,7353,0,0,5003,0.0468,-0.011,0.001,-0.099,7.29,0.13,933,137,5102,0,0,10731,0.0988,0.03,-0.012,-0.088,3.67,-3.49,954,-1532,6642,0,0,6597,0.0616,-0.081,-0.007,-0.093,3.73,-3.43,935,-427,4429,0,0
88.3,3,7359.3,-2323.62,-0.06,8153.62,136.5,-0.32,1.61,0.14,0.0,0.0,1.0,3,4567,-224.3,0.2,-0.06,1.33,34.19,4826,786,8591,0.0864,0.114,-0.004,-0.096,6.14,-1.02,955,-333,7742,0,0,5097,0.047,0.007,-0.004,-0.096,7.69,0.53,926,-194,5292,0,0,10669,0.0991,0.014,-0.012,-0.088,3.98,-3.18,951,-1603,6987,0,0,6388,0.0597,-0.093,-0.005,-0.095,4.05,-3.11,934,-422,4538,0,0
88.32,3,7360.1,-2323.88,-0.06,8154.33,136.2,-0.33,1.67,0.14,0.0,0.0,1.0,3,4553,-223.7,0.2,-0.02,1.4,35.58,4830,783,8744,0.0887,0.118,-0.004,-0.096,6.44,-0.72,952,-334,8078,0,0,5142,0.0472,0.014,-0.004,-0.096,8.12,0.96,923,-180,5426,0,0,10649,0.0992,0.006,-0.013,-0.087,4.23,-2.93,949,-1632,7334,0,0,6216,0.0577,-0.098,-0.005,-0.095,4.35,-2.81,931,-392,4660,0,0
88.34,3,7360.8,-2324.13,-0.06,8155.04,135.9,-0.33,1.73,0.15,0.0,0.0,1.0,3,4539,-223.2,0.2,0.02,1.47,36.91,4833,779,8853,0.091,0.113,-0.004,-0.096,6.83,-0.33,950,-329,8359,0,0,5157,0.0475,0.013,-0.005,-0.095,8.48,1.32,919,-154,5520,0,0,10643,0.0994,0.006,-0.014,-0.086,4.44,-2.72,947,-1653,7651,0,0,6078,0.0559,-0.094,-0.006,-0.094,4.58,-2.59,928,-395,4762,0,0
88.36,3,7361.6,-2324.37,-0.06,8155.76,135.6,-0.33,1.78,0.15,0.0,0.0,1.0,3,4525,-222.5,0.2,0.06,1.53,38.18,4834,776,8940,0.0931,0.106,-0.004,-0.096,7.21,0.05,947,-312,8614,0,0,5158,0.0477,0.011,-0.005,-0.095,8.94,1.77,915,-180,5582,0,0,10658,0.0995,0.006,-0.015,-0.085,4.75,-2.42,944,-1657,7993,0,0,5969,0.0541,-0.089,-0.006,-0.094,4.88,-2.28,925,-368,4895,0,0
88.38,3,7362.3,-2324.61,-0.06,8156.47,135.3,-0.33,1.83,0.16,0.0,0.0,1.0,3,4510,-221.9,0.2,0.1,1.59,39.35,4833,772,8995,0.0951,0.098,-0.004,-0.096,7.63,0.47,944,-277,8820,0,0,5139,0.0479,0.007,-0.005,-0.095,9.37,2.21,911,-157,5616,0,0,10687,0.0996,0.009,-0.015,-0.085,5.03,-2.14,942,-1649,8322,0,0,5889,0.0524,-0.082,-0.006,-0.094,5.17,-2.0,922,-362,5012,0,0
88.4,3,7363.1,-2324.84,-0.06,8157.18,134.9,-0.33,1.87,0.16,0.0,0.0,1.0,3,4494,-221.2,0.2,0.13,1.65,40.38,4829,768,9028,0.0968,0.087,-0.005,-0.095,7.97,0.8,941,-318,8985,0,0,5114,0.0479,0.003,-0.005,-0.095,9.87,2.71,907,-160,5641,0,0,10715,0.0998,0.01,-0.015,-0.085,5.34,-1.82,939,-1652,8631,0,0,5823,0.051,-0.074,-0.005,-0.095,5.44,-1.72,919,-338,5134,0,0
88.42,3,7363.8,-2325.06,-0.06,8157.9,134.6,-0.34,1.92,0.17,0.0,0.0,1.0,3,4478,-220.5,0.2,0.15,1.7,41.25,4822,765,9062,0.0984,0.078,-0.005,-0.095,8.39,1.23,938,-306,9154,0,0,5089,0.0479,0.0,-0.005,-0.095,10.33,3.16,903,-158,5650,0,0,10761,0.1001,0.012,-0.016,-0.084,5.66,-1.5,936,-1630,8950,0,0,5779,0.0496,-0.066,-0.006,-0.094,5.81,-1.35,916,-334,5274,0,0
88.44,3,7364.6,-2325.27,-0.06,8158.61,134.2,-0.34,1.95,0.17,0.0,0.0,1.0,3,4461,-219.8,0.2,0.18,1.75,41.99,4813,761,9077,0.0997,0.07,-0.005,-0.095,8.86,1.7,935,-279,9286,0,0,5057,0.0478,-0.003,-0.005,-0.095,10.81,3.65,898,-147,5648,0,0,10799,0.1004,0.015,-0.017,-0.083,5.89,-1.27,934,-1655,9207,0,0,5743,0.0485,-0.058,-0.004,-0.096,6.2,-0.96,912,-304,5384,0,0
88.46,3,7365.3,-2325.47,-0.06,8159.32,133.9,-0.34,1.98,0.18,0.0,0.0,1.0,3,4444,-219.1,0.2,0.19,1.8,42.59,4801,757,9086,0.101,0.061,-0.005,-0.095,9.25,2.09,931,-284,9382,0,0,5027,0.0477,-0.006,-0.005,-0.095,11.35,4.18,894,-148,5640,0,0,10840,0.1007,0.016,-0.016,-0.084,6.25,-0.92,931,-1616,9474,0,0,5717,0.0475,-0.051,-0.006,-0.094,6.42,-0.74,909,-331,5478,0,0
88.48,3,7366.0,-2325.67,-0.06,8160.04,133.5,-0.34,2.01,0.19,0.0,0.0,1.0,3,4426,-218.4,0.2,0.21,1.84,43.04,4787,752,9091,0.102,0.053,-0.005,-0.095,9.7,2.53,928,-272,9466,0,0,5005,0.0476,-0.008,-0.005,-0.095,11.82,4.66,889,-136,5636,0,0,10873,0.101,0.017,-0.017,-0.083,6.48,-0.68,927,-1622,9706,0,0,5699,0.0466,-0.045,-0.006,-0.094,6.69,-0.47,906,-328,5576,0,0
88.5,3,7366.8,-2325.86,-0.06,8160.75,133.1,-0.34,2.04,0.19,0.0,0.0,1.0,3,4408,-217.6,0.2,0.22,1.87,43.37,4771,748,9082,0.103,0.046,-0.005,-0.095,10.2,3.04,923,-254,9527,0,0,4979,0.0474,-0.009,-0.005,-0.095,12.36,5.2,885,-130,5621,0,0,10898,0.1014,0.016,-0.018,-0.082,6.73,-0.43,924,-1637,9886,0,0,5683,0.0458,-0.039,-0.006,-0.094,6.93,-0.24,903,-317,5656,0,0
88.52,3,7367.5,-2326.04,-0.06,8161.47,132.7,-0.35,2.06,0.2,0.0,0.0,1.0,3,4389,-216.8,0.2,0.23,1.91,43.56,4753,744,9081,0.1037,0.039,-0.004,-0.096,10.73,3.57,919,-234,9581,0,0,4958,0.0472,-0.01,-0.004,-0.096,12.99,5.83,880,-122,5608,0,0,10921,0.1017,0.015,-0.018,-0.082,7.06,-0.1,921,-1613,10077,0,0,5668,0.0451,-0.034,-0.007,-0.093,7.28,0.12,899,-321,5733,0,0
88.54,3,7368.3,-2326.21,-0.06,8162.18,132.3,-0.35,2.07,0.21,0.0,0.0,1.0,3,4370,-215.9,0.2,0.24,1.94,43.64,4734,739,9074,0.1044,0.034,-0.005,-0.095,11.14,3.98,915,-243,9617,0,0,4946,0.047,-0.01,-0.004,-0.096,13.59,6.43,875,-106,5600,0,0,10938,0.1019,0.014,-0.019,-0.081,7.28,0.12,917,-1616,10231,0,0,5660,0.0445,-0.03,-0.007,-0.093,7.48,0.32,896,-319,5798,0,0
88.56,3,7369.0,-2326.38,-0.06,8162.9,131.9,-0.35,2.09,0.21,0.0,0.0,1.0,3,4349,-215.1,0.2,0.24,1.96,43.63,4713,735,9066,0.105,0.028,-0.004,-0.096,11.58,4.42,910,-229,9643,0,0,4940,0.0468,-0.01,-0.005,-0.095,14.07,6.91,870,-115,5595,0,0,10943,0.1022,0.012,-0.019,-0.081,7.47,0.31,913,-1593,10343,0,0,5655,0.044,-0.025,-0.007,-0.093,7.77,0.6,892,-321,5857,0,0
88.58,3,7369.7,-2326.53,-0.06,8163.61,131.5,-0.36,2.1,0.22,0.0,0.0,1.0,3,4329,-214.2,0.2,0.25,1.98,43.51,4690,730,9057,0.1054,0.023,-0.005,-0.095,12.15,4.99,906,-221,9659,0,0,4930,0.0466,-0.009,-0.005,-0.095,14.66,7.49,865,-107,5584,0,0,10950,0.1024,0.01,-0.02,-0.08,7.79,0.63,910,-1583,10480,0,0,5647,0.0436,-0.022,-0.007,-0.093,8.09,0.93,889,-317,5910,0,0
88.6,3,7370.4,-2326.68,-0.06,8164.32,131.0,-0.36,2.11,0.23,0.0,0.0,1.0,3,4308,-213.3,0.2,0.25,2.0,43.3,4667,725,9046,0.1058,0.019,-0.004,-0.096,12.69,5.53,901,-210,9668,0,0,4925,0.0464,-0.009,-0.004,-0.096,15.33,8.17,860,-95,5576,0,0,10954,0.1026,0.009,-0.02,-0.08,7.94,0.78,906,-1614,10556,0,0,5643,0.0432,-0.019,-0.007,-0.093,8.29,1.13,886,-324,5954,0,0
88.62,3,7371.2,-2326.82,-0.06,8165.03,130.6,-0.36,2.12,0.24,0.0,0.0,1.0,3,4286,-212.4,0.2,0.26,2.02,43.01,4642,721,9039,0.1061,0.016,-0.005,-0.095,13.12,5.95,896,-200,9673,0,0,4921,0.0463,-0.008,-0.004,-0.096,15.89,8.73,855,-92,5567,0,0,10954,0.1027,0.007,-0.02,-0.08,8.2,1.03,902,-1578,10646,0,0,5636,0.0429,-0.017,-0.008,-0.092,8.48,1.32,882,-324,5988,0,0
88.64,3,7371.9,-2326.95,-0.06,8165.74,130.2,-0.37,2.13,0.25,0.0,0.0,1.0,3,4265,-211.5,0.2,0.26,2.03,42.63,4616,716,9033,0.1064,0.012,-0.004,-0.096,13.74,6.58,891,-199,9673,0,0,4924,0.0461,-0.007,-0.004,-0.096,16.5,9.34,849,-88,5564,0,0,10939,0.1028,0.004,-0.021,-0.079,8.42,1.25,898,-1577,10702,0,0,5626,0.0425,-0.016,-0.008,-0.092,8.73,1.56,879,-325,6015,0,0
88.66,3,7372.6,-2327.07,-0.06,8166.45,129.7,-0.37,2.13,0.25,0.0,0.0,1.0,3,4242,-210.5,0.2,0.26,2.04,42.2,4590,711,9029,0.1065,0.01,-0.005,-0.095,14.2,7.03,885,-183,9670,0,0,4926,0.046,-0.006,-0.004,-0.096,17.11,9.95,843,-80,5559,0,0,10929,0.1028,0.002,-0.021,-0.079,8.58,1.42,895,-1572,10753,0,0,5617,0.0423,-0.014,-0.008,-0.092,8.91,1.75,875,-312,6041,0,0
88.68,3,7373.3,-2327.19,-0.06,8167.16,129.2,-0.37,2.14,0.26,0.0,0.0,1.0,3,4219,-209.6,0.2,0.27,2.05,41.71,4562,706,9020,0.1067,0.008,-0.005,-0.095,14.76,7.59,880,-185,9660,0,0,4927,0.0459,-0.005,-0.004,-0.096,17.71,10.55,838,-74,5552,0,0,10916,0.1028,0.0,-0.021,-0.079,8.8,1.64,890,-1556,10798,0,0,5605,0.042,-0.014,-0.008,-0.092,9.02,1.86,871,-320,6051,0,0
88.7,3,7374.0,-2327.29,-0.06,8167.87,128.8,-0.38,2.14,0.27,0.0,0.0,1.0,3,4196,-208.6,0.2,0.27,2.06,41.15,4534,701,9010,0.1068,0.006,-0.005,-0.095,15.29,8.13,874,-175,9645,0,0,4931,0.0458,-0.004,-0.003,-0.097,18.28,11.12,832,-65,5547,0,0,10896,0.1028,-0.002,-0.022,-0.078,8.93,1.77,887,-1552,10822,0,0,5598,0.0417,-0.012,-0.009,-0.091,9.21,2.05,868,-333,6065,0,0
88.72,3,7374.8,-2327.39,-0.06,8168.58,128.3,-0.39,2.14,0.28,0.0,0.0,1.0,3,4174,-207.6,0.2,0.27,2.06,40.56,4505,695,9007,0.1069,0.004,-0.004,-0.096,15.83,8.67,869,-174,9636,0,0,4941,0.0457,-0.003,-0.004,-0.096,18.94,11.78,826,-69,5548,0,0,10881,0.1027,-0.004,-0.021,-0.079,9.03,1.87,883,-1530,10844,0,0,5591,0.0415,-0.011,-0.009,-0.091,9.4,2.23,864,-336,6076,0,0
88.74,3,7375.5,-2327.48,-0.06,8169.28,127.8,-0.39,2.14,0.29,0.0,0.0,1.0,3,4149,-206.6,0.2,0.28,2.07,39.92,4475,690,8995,0.107,0.004,-0.004,-0.096,16.36,9.2,863,-166,9615,0,0,4945,0.0457,-0.002,-0.004,-0.096,19.6,12.43,820,-65,5542,0,0,10857,0.1026,-0.005,-0.022,-0.078,9.19,2.03,878,-1506,10865,0,0,5582,0.0413,-0.011,-0.009,-0.091,9.52,2.36,860,-343,6083,0,0
88.76,3,7376.2,-2327.56,-0.06,8169.98,127.3,-0.4,2.14,0.3,0.0,0.0,1.0,3,4126,-205.6,0.2,0.28,2.07,39.23,4444,685,8992,0.107,0.001,-0.004,-0.096,16.87,9.71,857,-163,9602,0,0,4945,0.0457,-0.002,-0.004,-0.096,20.2,13.04,814,-53,5533,0,0,10841,0.1024,-0.007,-0.022,-0.078,9.29,2.13,875,-1504,10872,0,0,5569,0.0411,-0.01,-0.009,-0.091,9.64,2.48,857,-347,6082,0,0
88.78,3,7376.9,-2327.63,-0.06,8170.68,126.8,-0.4,2.14,0.31,0.0,0.0,1.0,3,4102,-204.6,0.2,0.29,2.07,38.52,4413,679,8998,0.107,0.002,-0.005,-0.095,17.31,10.14,851,-162,9597,0,0,4958,0.0456,-0.001,-0.003,-0.097,20.77,13.6,808,-53,5537,0,0,10826,0.1023,-0.008,-0.022,-0.078,9.4,2.24,871,-1509,10877,0,0,5558,0.0409,-0.01,-0.01,-0.09,9.71,2.55,853,-349,6079,0,0
88.8,3,7377.6,-2327.7,-0.06,8171.38,126.3,-0.41,2.14,0.32,0.0,0.0,1.0,3,4078,-203.5,0.2,0.29,2.07,37.78,4381,674,9003,0.1071,0.002,-0.005,-0.095,17.84,10.67,845,-152,9590,0,0,4964,0.0456,0.0,-0.003,-0.097,21.44,14.27,801,-50,5534,0,0,10818,0.1021,-0.008,-0.022,-0.078,9.53,2.37,867,-1487,10892,0,0,5549,0.0407,-0.01,-0.01,-0.09,9.8,2.64,850,-349,6079,0,0
88.82,3,7378.3,-2327.75,-0.06,8172.08,125.8,-0.41,2.13,0.33,0.0,0.0,1.0,3,4054,-202.5,0.2,0.29,2.07,37.0,4348,669,8988,0.1071,0.001,-0.005,-0.095,18.32,11.15,839,-148,9563,0,0,4960,0.0456,-0.001,-0.004,-0.096,22.0,14.83,795,-53,5521,0,0,10798,0.1019,-0.008,-0.022,-0.078,9.58,2.42,863,-1481,10888,0,0,5540,0.0405,-0.01,-0.01,-0.09,9.84,2.67,846,-355,6077,0,0
88.84,3,7379.0,-2327.8,-0.06,8172.77,125.2,-0.42,2.13,0.34,0.0,0.0,1.0,3,4030,-201.5,0.2,0.3,2.07,36.19,4315,663,8981,0.1071,-0.001,-0.004,-0.096,18.85,11.69,833,-141,9544,0,0,4971,0.0456,0.0,-0.004,-0.096,22.59,15.42,789,-50,5523,0,0,10772,0.1017,-0.01,-0.022,-0.078,9.65,2.49,859,-1450,10880,0,0,5533,0.0403,-0.009,-0.01,-0.09,9.93,2.77,843,-348,6075,0,0
88.86,3,7379.7,-2327.84,-0.06,8173.46,124.7,-0.43,2.12,0.35,0.0,0.0,1.0,3,4006,-200.5,0.2,0.3,2.07,35.35,4281,658,8970,0.107,-0.002,-0.005,-0.095,19.3,12.14,827,-152,9522,0,0,4971,0.0456,0.0,-0.004,-0.096,23.11,15.95,782,-47,5514,0,0,10751,0.1015,-0.011,-0.022,-0.078,9.66,2.5,855,-1442,10869,0,0,5521,0.0401,-0.009,-0.01,-0.09,9.97,2.81,839,-356,6064,0,0
88.88,3,7380.4,-2327.87,-0.06,8174.15,124.2,-0.43,2.12,0.36,0.0,0.0,1.0,3,3982,-199.4,0.2,0.31,2.07,34.49,4247,652,8968,0.107,-0.002,-0.005,-0.095,19.76,12.59,821,-148,9508,0,0,4991,0.0457,0.001,-0.003,-0.097,23.73,16.57,776,-51,5528,0,0,10720,0.1013,-0.012,-0.02,-0.08,9.74,2.57,851,-1396,10850,0,0,5518,0.04,-0.009,-0.01,-0.09,9.86,2.7,835,-349,6061,0,0
88.9,3,7381.0,-2327.89,-0.06,8174.84,123.7,-0.44,2.12,0.37,0.0,0.0,1.0,3,3958,-198.4,0.2,0.31,2.07,33.63,4213,646,8965,0.107,-0.002,-0.005,-0.095,20.15,12.99,815,-135,9494,0,0,4994,0.0457,0.003,-0.004,-0.096,24.23,17.06,770,-51,5523,0,0,10699,0.101,-0.014,-0.021,-0.079,9.57,2.41,847,-1419,10824,0,0,5503,0.0398,-0.009,-0.011,-0.089,9.91,2.74,832,-372,6043,0,0
88.92,3,7381.7,-2327.91,-0.06,8175.52,123.1,-0.45,2.11,0.38,0.0,0.0,1.0,3,3935,-197.4,0.2,0.31,2.06,32.75,4178,641,8963,0.1069,-0.003,-0.006,-0.094,20.54,13.38,809,-156,9481,0,0,5007,0.0458,0.002,-0.004,-0.096,24.77,17.61,764,-53,5528,0,0,10672,0.1007,-0.014,-0.021,-0.079,9.6,2.44,844,-1424,10796,0,0,5493,0.0396,-0.009,-0.011,-0.089,9.83,2.67,829,-374,6028,0,0
88.94,3,7382.4,-2327.92,-0.06,8176.2,122.6,-0.45,2.1,0.4,0.0,0.0,1.0,3,3911,-196.4,0.2,0.32,2.06,31.86,4143,635,8944,0.1068,-0.003,-0.006,-0.094,20.94,13.77,803,-155,9453,0,0,4999,0.0458,0.002,-0.004,-0.096,25.26,18.1,757,-53,5513,0,0,10648,0.1004,-0.014,-0.021,-0.079,9.56,2.4,840,-1400,10770,0,0,5483,0.0394,-0.009,-0.011,-0.089,9.8,2.64,825,-378,6014,0,0
88.96,3,7383.1,-2327.92,-0.06,8176.88,122.0,-0.46,2.1,0.41,0.0,0.0,1.0,3,3888,-195.4,0.2,0.32,2.06,30.96,4107,630,8950,0.1068,-0.004,-0.006,-0.094,21.3,14.14,797,-154,9448,0,0,5008,0.0458,0.002,-0.003,-0.097,25.8,18.64,751,-47,5515,0,0,10627,0.1001,-0.015,-0.021,-0.079,9.47,2.31,836,-1399,10739,0,0,5466,0.0392,-0.009,-0.01,-0.09,9.78,2.61,822,-378,5992,0,0
88.98,3,7383.8,-2327.91,-0.06,8177.55,121.5,-0.47,2.09,0.42,0.0,0.0,1.0,3,3865,-194.5,0.2,0.33,2.05,30.07,4071,624,8955,0.1067,-0.003,-0.006,-0.094,21.68,14.52,791,-149,9443,0,0,5019,0.0459,0.002,-0.004,-0.096,26.22,19.06,745,-56,5521,0,0,10606,0.0999,-0.014,-0.019,-0.081,9.47,2.3,832,-1344,10715,0,0,5454,0.039,-0.01,-0.01,-0.09,9.7,2.54,819,-383,5970,0,0
89.0,3,7384.4,-2327.89,-0.06,8178.23,120.9,-0.47,2.08,0.43,0.0,0.0,1.0,3,3843,-193.5,0.2,0.33,2.05,29.19,4035,618,8957,0.1067,-0.002,-0.005,-0.095,22.07,14.91,785,-151,9435,0,0,5036,0.0459,0.004,-0.001,-0.099,26.75,19.59,739,-44,5531,0,0,10580,0.0995,-0.016,-0.02,-0.08,9.25,2.09,829,-1373,10664,0,0,5445,0.0388,-0.009,-0.011,-0.089,9.49,2.32,815,-395,5948,0,0
89.02,3,7385.1,-2327.87,-0.06,8178.89,120.4,-0.48,2.07,0.44,0.0,0.0,1.0,3,3821,-192.5,0.2,0.34,2.04,28.31,3998,613,8944,0.1066,-0.003,-0.006,-0.094,22.36,15.2,780,-157,9415,0,0,5036,0.046,0.003,-0.004,-0.096,27.08,19.92,733,-58,5526,0,0,10565,0.0992,-0.015,-0.02,-0.08,9.18,2.02,826,-1356,10629,0,0,5443,0.0387,-0.009,-0.01,-0.09,9.46,2.3,812,-385,5935,0,0
89.04,3,7385.8,-2327.84,-0.06,8179.56,119.8,-0.49,2.07,0.45,0.0,0.0,1.0,3,3799,-191.6,0.2,0.34,2.04,27.43,3962,607,8937,0.1065,-0.004,-0.006,-0.094,22.64,15.48,774,-163,9401,0,0,5045,0.0461,0.003,-0.004,-0.096,27.51,20.34,727,-55,5530,0,0,10539,0.0989,-0.015,-0.019,-0.081,8.98,1.82,822,-1347,10575,0,0,5437,0.0385,-0.008,-0.011,-0.089,9.25,2.08,809,-405,5910,0,0
89.06,3,7386.4,-2327.8,-0.06,8180.22,119.3,-0.49,2.06,0.46,0.0,0.0,1.0,3,3777,-190.7,0.2,0.35,2.03,26.57,3925,602,8935,0.1064,-0.004,-0.005,-0.095,22.97,15.81,769,-155,9392,0,0,5055,0.0461,0.003,-0.004,-0.096,27.86,20.7,722,-58,5536,0,0,10512,0.0986,-0.015,-0.019,-0.081,8.9,1.74,818,-1333,10523,0,0,5425,0.0383,-0.008,-0.011,-0.089,9.11,1.95,806,-402,5880,0,0
89.08,3,7387.1,-2327.75,-0.06,8180.88,118.7,-0.5,2.05,0.47,1.0,0.0,1.0,3,3756,-189.8,0.2,0.35,2.03,25.74,3888,596,8925,0.1063,-0.005,-0.007,-0.093,23.2,16.04,763,-166,9376,0,0,5063,0.0462,0.003,-0.006,-0.094,28.16,21.0,716,-68,5540,0,0,10487,0.0983,-0.017,-0.019,-0.081,8.66,1.49,815,-1323,10456,0,0,5422,0.0382,-0.008,-0.01,-0.09,8.94,1.78,803,-402,5853,0,0
89.1,3,7387.7,-2327.7,-0.06,8181.53,118.2,-0.46,2.04,0.47,1.0,0.0,1.0,3,3787,208.5,0.7,0.36,2.02,25.01,3853,591,8906,0.1062,-0.005,0.001,-0.099,23.44,16.28,764,-45,9353,0,0,5064,0.0463,0.004,0.007,-0.093,28.53,21.37,720,25,5536,0,0,10477,0.098,-0.016,-0.003,-0.097,8.48,1.31,824,-276,10449,0,0,5439,0.038,-0.006,0.009,-0.091,8.75,1.59,818,132,5850,0,0
89.12,3,7388.4,-2327.64,-0.06,8182.19,117.8,-0.31,2.04,0.48,1.0,0.0,1.0,3,3841,506.2,1.2,0.35,2.02,24.32,3823,587,8847,0.1061,-0.01,0.012,-0.088,23.54,16.37,770,241,9293,0,0,5009,0.0463,-0.001,0.03,-0.07,28.7,21.54,735,307,5470,0,0,10516,0.0978,-0.01,0.011,-0.089,8.28,1.12,835,643,10411,0,0,5481,0.038,-0.001,0.032,-0.068,8.51,1.35,833,1137,5785,0,0
89.14,3,7389.1,-2327.57,-0.06,8182.83,117.5,-0.11,2.02,0.49,1.0,0.0,1.0,3,3921,901.9,1.72,0.34,2.01,23.89,3798,584,8745,0.1057,-0.018,0.028,-0.072,23.71,16.55,780,598,9179,0,0,4914,0.0461,-0.011,0.062,-0.038,28.91,21.75,755,647,5343,0,0,10607,0.0978,0.001,0.035,-0.065,8.03,0.87,853,2326,10254,0,0,5584,0.0382,0.007,0.059,-0.041,8.17,1.01,854,2189,5633,0,0
89.16,3,7389.7,-2327.49,-0.06,8183.48,117.4,0.08,2.0,0.5,1.0,0.0,1.0,3,3966,909.2,1.73,0.33,2.0,23.76,3780,583,8583,0.105,-0.034,0.039,-0.061,23.73,16.57,787,870,9006,0,0,4796,0.0456,-0.023,0.088,-0.012,29.02,21.86,771,935,5180,0,0,10717,0.098,0.012,0.043,-0.057,7.89,0.73,858,3183,10114,0,0,5741,0.0386,0.022,0.067,-0.033,8.02,0.86,859,2711,5602,0,0
89.18,3,7390.4,-2327.41,-0.06,8184.13,117.3,0.14,1.98,0.5,1.0,0.0,1.0,3,3977,911.0,1.74,0.3,1.99,23.6,3763,582,8450,0.1041,-0.046,0.043,-0.057,23.79,16.63,789,968,8873,0,0,4701,0.045,-0.032,0.101,0.001,29.14,21.97,778,1064,5057,0,0,10811,0.0984,0.02,0.041,-0.059,7.61,0.45,857,3207,10116,0,0,5880,0.0393,0.035,0.066,-0.034,7.79,0.63,858,2806,5674,0,0
89.2,3,7391.0,-2327.32,-0.06,8184.77,117.3,0.16,1.97,0.51,1.0,0.0,1.0,3,3980,911.4,1.74,0.27,1.98,23.34,3746,581,8341,0.1031,-0.05,0.046,-0.054,23.82,16.66,790,1016,8765,0,0,4626,0.0443,-0.035,0.107,0.007,29.21,22.04,782,1110,4968,0,0,10885,0.0989,0.024,0.04,-0.06,7.39,0.23,856,3221,10081,0,0,5991,0.0401,0.039,0.064,-0.036,7.54,0.37,857,2859,5727,0,0
89.22,3,7391.7,-2327.22,-0.06,8185.42,117.2,0.16,1.96,0.51,1.0,0.0,1.0,3,3980,911.4,1.74,0.24,1.97,23.02,3729,581,8262,0.102,-0.052,0.047,-0.053,23.8,16.64,791,1036,8689,0,0,4582,0.0435,-0.036,0.109,0.009,29.18,22.01,783,1127,4918,0,0,10933,0.0994,0.024,0.039,-0.061,7.2,0.04,855,3206,10023,0,0,6081,0.0409,0.041,0.063,-0.037,7.28,0.12,856,2898,5760,0,0
89.24,3,7392.3,-2327.11,-0.06,8186.06,117.2,0.16,1.95,0.51,1.0,0.0,1.0,3,3978,911.2,1.74,0.22,1.96,22.68,3713,580,8214,0.101,-0.05,0.047,-0.053,23.67,16.51,791,1039,8644,0,0,4550,0.0429,-0.033,0.11,0.01,29.11,21.95,784,1136,4882,0,0,10964,0.0998,0.022,0.038,-0.062,6.98,-0.18,853,3185,9950,0,0,6137,0.0417,0.04,0.062,-0.038,7.16,0.0,854,2921,5752,0,0
89.26,3,7393.0,-2326.99,-0.06,8186.7,117.2,0.16,1.93,0.52,1.0,0.0,1.0,3,3976,911.0,1.74,0.19,1.95,22.39,3699,580,8178,0.1001,-0.045,0.047,-0.053,23.56,16.4,792,1045,8611,0,0,4538,0.0423,-0.029,0.11,0.01,29.08,21.92,785,1134,4871,0,0,10973,0.1002,0.02,0.038,-0.062,6.78,-0.38,852,3235,9816,0,0,6176,0.0424,0.035,0.059,-0.041,6.89,-0.27,853,2924,5727,0,0
89.28,3,7393.6,-2326.87,-0.06,8187.34,117.1,0.16,1.92,0.52,0.0,0.85,1.0,3,3975,910.7,1.73,0.17,1.94,22.18,3686,579,8139,0.0993,-0.043,0.048,-0.052,23.55,16.39,792,1050,8576,0,0,4542,0.0418,-0.025,0.11,0.01,29.01,21.85,785,1137,4875,0,0,10960,0.1005,0.015,0.035,-0.065,6.52,-0.64,851,3157,9681,0,0,6210,0.0431,0.032,0.059,-0.041,6.69,-0.47,852,2947,5685,0,0
89.3,3,7394.3,-2326.74,-0.06,8187.97,116.7,-0.5,1.83,0.52,0.0,0.5,1.0,3,3499,479.5,1.15,0.17,1.92,20.28,3653,575,8309,0.0986,-0.033,-0.124,0.024,23.49,16.33,661,-2769,8383,1492,1,4804,0.0416,-0.011,-0.142,0.042,28.98,21.82,605,-1462,5078,1492,1,10714,0.1005,0.0,-0.023,-0.077,6.23,-0.93,800,-2308,9460,2677,0,6069,0.0435,0.022,-0.009,-0.091,6.34,-0.82,796,-584,5835,2677,0
89.32,3,7394.9,-2326.61,-0.06,8188.6,116.0,-0.8,1.75,0.53,0.0,1.0,1.0,3,3457,207.4,0.67,0.19,1.89,18.19,3615,568,8472,0.0987,0.005,-0.132,0.032,23.48,16.32,655,-2796,8534,878,1,5122,0.0425,0.044,-0.137,0.037,29.09,21.92,609,-1534,5395,878,1,10374,0.0995,-0.051,-0.023,-0.077,5.9,-1.26,799,-1795,9053,1575,0,5896,0.0433,-0.011,-0.014,-0.086,6.08,-1.08,796,-484,5565,1575,0
89.34,3,7395.5,-2326.47,-0.06,8189.23,115.0,-1.18,1.65,0.54,0.0,0.5,1.0,3,3186,-164.4,0.2,0.23,1.85,16.75,3570,559,8659,0.0991,0.018,-0.15,0.05,23.61,16.44,631,-3207,8583,1755,1,5544,0.0439,0.069,-0.196,0.096,29.21,22.05,559,-2187,5644,1755,1,9924,0.098,-0.077,-0.103,0.003,5.73,-1.43,729,-6886,7233,3150,0,5703,0.0427,-0.026,-0.103,0.003,5.82,-1.34,721,-4085,4485,3150,0
89.36,3,7396.2,-2326.33,-0.06,8189.84,113.9,-1.53,1.5,0.54,0.0,0.5,0.87,3,3163,-161.4,0.2,0.29,1.8,16.6,3516,548,8856,0.0999,0.038,-0.121,0.021,23.73,16.57,644,-2848,8887,878,1,6005,0.0462,0.118,-0.19,0.09,29.4,22.24,555,-2433,6045,878,1,9425,0.0955,-0.124,-0.104,0.004,5.55,-1.62,714,-7097,6543,1575,0,5500,0.0419,-0.044,-0.117,0.017,5.63,-1.54,691,-4611,3897,1575,0
89.38,3,7396.8,-2326.19,-0.06,8190.45,112.7,-1.57,1.47,0.55,0.0,0.5,0.73,3,3130,-159.6,0.2,0.37,1.74,17.37,3466,536,9042,0.1009,0.05,-0.12,0.02,23.86,16.7,624,-2855,9060,2925,0,6356,0.049,0.139,-0.181,0.081,29.68,22.51,553,-2453,6404,878,1,9026,0.0926,-0.145,-0.11,0.01,5.44,-1.73,702,-7172,6038,1575,0,5302,0.0407,-0.056,-0.117,0.017,5.55,-1.61,684,-4565,3669,1575,0
89.4,3,7397.4,-2326.04,-0.06,8191.05,111.5,-1.58,1.45,0.56,0.0,0.5,0.6,3,3080,-157.0,0.2,0.45,1.68,18.53,3416,525,9131,0.102,0.055,-0.135,0.035,23.97,16.81,620,-3050,9083,878,1,6617,0.0519,0.145,-0.175,0.075,29.81,22.65,550,-2448,6673,878,1,8686,0.0896,-0.152,-0.114,0.014,5.42,-1.74,692,-7070,5726,1575,0,5173,0.0395,-0.062,-0.119,0.019,5.55,-1.61,673,-4504,3540,1575,0
89.42,3,7398.0,-2325.89,-0.06,8191.65,110.3,-1.58,1.44,0.56,0.0,0.5,0.47,3,3048,-155.3,0.2,0.52,1.63,19.93,3367,514,9173,0.103,0.05,-0.131,0.031,24.04,16.88,617,-3062,9118,878,1,6763,0.0547,0.142,-0.171,0.071,29.96,22.8,546,-2421,6828,878,1,8454,0.0865,-0.152,-0.116,0.016,5.43,-1.74,683,-6988,5522,1575,0,5077,0.0383,-0.06,-0.122,0.022,5.52,-1.64,671,-4452,3452,473,1
89.44,3,7398.6,-2325.73,-0.06,8192.23,109.1,-1.57,1.44,0.57,0.0,0.5,0.33,3,3018,-153.4,0.2,0.6,1.57,21.51,3315,503,9247,0.1039,0.048,-0.124,0.024,24.1,16.94,614,-2992,9208,878,1,6862,0.0573,0.128,-0.168,0.068,30.09,22.92,541,-2404,6933,878,1,8307,0.0837,-0.139,-0.118,0.018,5.39,-1.77,675,-6933,5398,1575,0,4990,0.0371,-0.059,-0.115,0.015,5.5,-1.66,662,-4347,3425,1575,0
89.46,3,7399.2,-2325.57,-0.06,8192.81,107.9,-1.54,1.46,0.57,0.0,0.46,0.2,3,3008,-153.1,0.2,0.66,1.53,23.08,3262,493,9283,0.1048,0.045,-0.133,0.033,24.08,16.91,603,-3069,9219,878,1,6863,0.0595,0.112,-0.162,0.062,30.11,22.94,539,-2328,6956,878,1,8264,0.0813,-0.121,-0.095,-0.005,5.43,-1.73,687,-6241,5812,1575,0,4938,0.0361,-0.054,-0.111,0.011,5.56,-1.6,658,-4150,3513,1575,0
89.48,3,7399.8,-2325.41,-0.06,8193.38,106.8,-1.42,1.52,0.57,0.0,0.42,0.07,3,3027,-154.0,0.2,0.71,1.5,24.42,3211,483,9295,0.1057,0.043,-0.121,0.021,24.0,16.84,607,-2947,9267,812,1,6767,0.0613,0.089,-0.147,0.047,30.09,22.92,543,-2122,6919,812,1,8324,0.0794,-0.096,-0.063,-0.037,5.47,-1.69,705,-4806,6497,1457,0,4910,0.0351,-0.049,-0.079,-0.021,5.63,-1.54,674,-3441,3880,1457,0
89.5,3,7400.4,-2325.24,-0.06,8193.94,105.9,-1.24,1.58,0.57,0.0,0.77,0.14,2,2976,-151.1,0.2,0.75,1.49,25.45,3163,474,9278,0.1063,0.033,-0.124,0.024,23.9,16.73,599,-2981,9244,739,1,6578,0.0624,0.055,-0.133,0.033,29.93,22.77,547,-1875,6795,739,1,8469,0.0781,-0.064,-0.058,-0.042,5.46,-1.7,699,-3967,6850,1326,0,4889,0.0342,-0.043,-0.067,-0.033,5.58,-1.58,675,-2834,4089,1326,0
89.52,3,7401.0,-2325.07,-0.06,8194.5,104.7,-1.47,1.47,0.56,0.0,0.35,0.44,2,3177,-160.6,0.2,0.78,1.48,26.49,3106,465,9277,0.1069,0.026,-0.158,0.058,23.71,16.55,568,-3525,9070,1357,1,6573,0.0631,0.032,-0.215,0.115,29.74,22.58,487,-2697,6540,1357,1,8460,0.0773,-0.043,-0.126,0.026,5.53,-1.63,645,-7261,5348,731,1,4880,0.0335,-0.037,-0.123,0.023,5.69,-1.47,629,-4324,3326,731,1
89.54,3,7401.6,-2324.9,-0.06,8195.05,103.5,-1.61,1.39,0.56,0.0,0.3,0.74,2,3673,-184.4,0.2,0.82,1.46,27.72,3043,454,9271,0.1073,0.023,-0.129,0.029,23.59,16.43,584,-3098,9209,615,1,6651,0.064,0.049,-0.184,0.084,29.61,22.45,504,-2619,6651,615,1,8371,0.0761,-0.056,-0.149,0.049,5.65,-1.51,617,-7482,5073,331,1,4883,0.0328,-0.031,-0.139,0.039,5.79,-1.37,607,-4406,3286,331,1
89.56,3,7402.1,-2324.72,-0.06,8195.59,102.3,-1.61,1.39,0.55,0.0,0.2,1.0,2,3924,-196.7,0.2,0.84,1.44,29.44,2979,443,9256,0.1077,0.018,-0.122,0.022,23.42,16.26,586,-2965,9239,527,1,6671,0.0649,0.046,-0.15,0.05,29.42,22.26,520,-2252,6793,527,1,8342,0.0751,-0.052,-0.115,0.015,5.81,-1.35,640,-7055,5460,946,0,4902,0.0324,-0.024,-0.114,0.014,5.99,-1.18,620,-4247,3473,946,0
89.58,3,7402.7,-2324.54,-0.06,8196.12,101.2,-1.45,1.52,0.55,0.0,0.17,1.0,2,3994,-199.9,0.2,0.86,1.44,30.59,2920,434,9273,0.108,0.018,-0.121,0.021,23.18,16.02,582,-2894,9281,345,1,6570,0.0656,0.032,-0.124,0.024,29.13,21.97,532,-1793,6816,345,1,8430,0.0743,-0.037,-0.082,-0.018,5.93,-1.24,657,-5791,6421,620,0,4877,0.0319,-0.024,-0.078,-0.022,6.11,-1.05,639,-3235,4072,620,0
89.6,3,7403.3,-2324.36,-0.06,8196.65,100.2,-1.27,1.61,0.54,0.0,0.0,1.0,2,4008,-200.2,0.2,0.87,1.45,31.1,2866,426,9290,0.1084,0.017,-0.114,0.014,22.87,15.71,578,-2910,9300,1019,0,6366,0.0657,0.004,-0.12,0.02,28.73,21.57,527,-1731,6631,1019,0,8628,0.0741,-0.011,-0.066,-0.034,5.95,-1.21,661,-4827,7031,549,0,4848,0.0314,-0.024,-0.063,-0.037,6.2,-0.96,642,-2613,4299,549,0
89.62,3,7403.8,-2324.17,-0.06,8197.17,99.2,-1.26,1.63,0.52,0.0,0.0,1.0,2,3955,-199.1,0.2,0.88,1.47,31.96,2812,417,9270,0.1086,0.014,-0.053,-0.047,22.41,15.25,618,-1538,9591,0,0,6210,0.0653,-0.02,-0.081,-0.019,28.22,21.06,552,-1257,6577,0,0,8770,0.0743,0.012,-0.128,0.028,6.04,-1.12,621,-6894,6156,0,0,4843,0.031,-0.022,-0.11,0.01,6.24,-0.92,608,-3624,3876,0,0
89.64,3,7404.4,-2323.98,-0.06,8197.68,98.2,-1.3,1.61,0.51,0.0,0.0,1.0,2,3952,-197.7,0.2,0.88,1.49,33.77,2754,409,9266,0.1088,0.009,-0.045,-0.055,21.94,14.77,616,-1210,9644,0,0,6122,0.0648,-0.024,-0.066,-0.034,27.55,20.39,555,-992,6539,0,0,8874,0.0746,0.015,-0.115,0.015,6.2,-0.97,604,-7080,6172,0,0,4849,0.0306,-0.018,-0.103,0.003,6.43,-0.74,594,-3736,3843,0,0
89.66,3,7404.9,-2323.79,-0.06,8198.18,97.2,-1.28,1.64,0.49,0.0,0.0,1.0,2,3913,-197.3,0.2,0.87,1.51,35.52,2699,400,9258,0.109,0.009,-0.047,-0.053,21.39,14.22,614,-1245,9647,0,0,6037,0.0642,-0.027,-0.065,-0.035,26.91,19.74,555,-941,6471,0,0,8952,0.075,0.019,-0.129,0.029,6.41,-0.76,609,-7081,6311,0,0,4838,0.0303,-0.016,-0.11,0.01,6.63,-0.53,595,-3644,3922,0,0
89.68,3,7405.4,-2323.59,-0.06,8198.68,96.2,-1.26,1.65,0.48,0.0,0.0,1.0,2,3893,-195.2,0.2,0.87,1.54,37.13,2644,392,9250,0.1091,0.004,-0.045,-0.055,20.77,13.61,609,-1283,9650,0,0,5960,0.0636,-0.033,-0.064,-0.036,26.12,18.96,550,-957,6403,0,0,9023,0.0755,0.021,-0.116,0.016,6.57,-0.6,592,-7041,6470,0,0,4825,0.03,-0.016,-0.101,0.001,6.81,-0.36,582,-3572,3984,0,0
89.7,3,7406.0,-2323.39,-0.06,8199.17,95.2,-1.24,1.67,0.45,0.0,0.0,1.0,2,3848,-194.6,0.2,0.86,1.56,38.64,2590,384,9220,0.1091,0.003,-0.048,-0.052,20.09,12.93,607,-1315,9636,0,0,5897,0.0629,-0.034,-0.067,-0.033,25.27,18.11,549,-985,6347,0,0,9079,0.0759,0.022,-0.132,0.032,6.77,-0.39,596,-7076,6557,0,0,4833,0.0297,-0.014,-0.11,0.01,7.05,-0.11,581,-3532,4051,0,0
89.72,3,7406.5,-2323.19,-0.06,8199.65,94.3,-1.23,1.68,0.43,0.0,0.0,1.0,2,3827,-192.4,0.2,0.85,1.58,40.07,2538,376,9202,0.1091,-0.002,-0.046,-0.054,19.37,12.21,602,-1372,9631,0,0,5848,0.0622,-0.035,-0.066,-0.034,24.33,17.16,544,-1029,6306,0,0,9099,0.0763,0.019,-0.119,0.019,6.99,-0.17,579,-7004,6682,0,0,4807,0.0294,-0.014,-0.101,0.001,7.34,0.17,568,-3453,4101,0,0
89.74,3,7407.0,-2322.98,-0.05,8200.12,93.3,-1.21,1.69,0.41,0.0,0.0,1.0,2,3782,-191.8,0.2,0.84,1.61,41.43,2486,369,9184,0.109,-0.002,-0.049,-0.051,18.56,11.4,601,-1433,9627,0,0,5785,0.0615,-0.036,-0.069,-0.031,23.32,16.16,543,-1076,6250,0,0,9129,0.0766,0.017,-0.135,0.035,7.17,0.0,583,-7014,6753,0,0,4777,0.0291,-0.017,-0.111,0.011,7.58,0.42,567,-3394,4132,0,0
89.76,3,7407.5,-2322.77,-0.05,8200.59,92.3,-1.2,1.7,0.38,0.0,0.0,1.0,2,3764,-189.7,0.2,0.83,1.63,42.74,2435,361,9168,0.109,-0.004,-0.047,-0.053,17.69,10.52,596,-1516,9622,0,0,5753,0.0607,-0.037,-0.068,-0.032,22.2,15.04,539,-1140,6225,0,0,9145,0.077,0.018,-0.121,0.021,7.45,0.29,566,-6914,6896,0,0,4767,0.0288,-0.015,-0.103,0.003,7.82,0.65,554,-3325,4191,0,0
89.78,3,7408.0,-2322.55,-0.05,8201.05,91.4,-1.17,1.72,0.35,0.0,0.0,1.0,2,3721,-189.2,0.2,0.83,1.65,44.0,2385,354,9149,0.1088,-0.006,-0.049,-0.051,16.76,9.6,595,-1591,9615,0,0,5725,0.0601,-0.034,-0.071,-0.029,20.98,13.81,538,-1205,6205,0,0,9158,0.0773,0.014,-0.138,0.038,7.72,0.56,570,-6889,6974,0,0,4756,0.0285,-0.014,-0.112,0.012,8.12,0.96,553,-3260,4245,0,0
89.8,3,7408.5,-2322.33,-0.05,8201.5,90.4,-1.16,1.73,0.32,0.0,0.0,1.0,2,3706,-187.2,0.2,0.82,1.66,45.23,2336,347,9174,0.1087,-0.006,-0.046,-0.054,15.74,8.58,590,-1692,9645,0,0,5706,0.0594,-0.032,-0.069,-0.031,19.62,12.46,534,-1284,6192,0,0,9174,0.0775,0.011,-0.124,0.024,7.98,0.82,554,-6785,7110,0,0,4718,0.0282,-0.015,-0.104,0.004,8.42,1.25,541,-3165,4282,0,0
89.82,3,7409.0,-2322.11,-0.05,8201.95,89.5,-1.13,1.76,0.28,0.0,0.0,1.0,2,3666,-186.8,0.2,0.81,1.68,46.45,2288,339,9173,0.1087,-0.001,-0.049,-0.051,14.59,7.43,591,-1780,9646,0,0,5677,0.0588,-0.029,-0.071,-0.029,18.21,11.05,535,-1352,6173,0,0,9203,0.0777,0.012,-0.14,0.04,8.22,1.06,558,-6765,7194,0,0,4709,0.0279,-0.016,-0.111,0.011,8.66,1.5,540,-3103,4329,0,0
89.84,3,7409.5,-2321.89,-0.05,8202.38,88.6,-1.11,1.77,0.24,0.0,0.0,1.0,2,3653,-184.9,0.2,0.81,1.7,47.66,2242,332,9169,0.1087,-0.001,-0.044,-0.056,13.45,6.29,586,-1854,9637,0,0,5634,0.0583,-0.03,-0.066,-0.034,16.65,9.48,532,-1419,6137,0,0,9227,0.078,0.014,-0.126,0.026,8.56,1.39,541,-6665,7333,0,0,4684,0.0276,-0.015,-0.105,0.005,8.99,1.82,528,-3031,4361,0,0
89.86,3,7410.0,-2321.66,-0.05,8202.81,87.7,-1.08,1.79,0.21,0.0,0.0,1.0,2,3615,-184.7,0.2,0.8,1.72,48.86,2197,326,9155,0.1086,-0.005,-0.045,-0.055,12.16,5.0,588,-1919,9602,0,0,5602,0.0577,-0.029,-0.066,-0.034,15.09,7.93,535,-1474,6113,0,0,9254,0.0782,0.01,-0.144,0.044,8.84,1.68,545,-6668,7390,0,0,4683,0.0273,-0.015,-0.114,0.014,9.39,2.23,526,-2982,4407,0,0
89.88,3,7410.5,-2321.43,-0.05,8203.24,86.8,-1.06,1.8,0.16,0.0,0.0,1.0,2,3605,-182.9,0.2,0.8,1.73,50.05,2153,319,9129,0.1084,-0.007,-0.037,-0.063,10.83,3.67,585,-1959,9522,0,0,5556,0.057,-0.032,-0.058,-0.042,13.34,6.18,533,-1518,6068,0,0,9287,0.0784,0.012,-0.131,0.031,9.15,1.99,527,-6612,7497,0,0,4688,0.027,-0.012,-0.107,0.007,9.74,2.58,514,-2949,4450,0,0
89.9,3,7411.0,-2321.19,-0.05,8203.65,85.9,-1.02,1.81,0.12,0.0,0.0,1.0,2,3569,-182.7,0.2,0.79,1.75,51.21,2109,313,9140,0.1083,-0.006,-0.038,-0.062,9.37,2.2,587,-1993,9399,0,0,5517,0.0564,-0.03,-0.056,-0.044,11.47,4.31,537,-1539,6011,0,0,9333,0.0787,0.014,-0.15,0.05,9.46,2.3,531,-6638,7554,0,0,4674,0.0268,-0.011,-0.118,0.018,10.04,2.88,512,-2907,4470,0,0
89.92,3,7411.4,-2320.95,-0.05,8204.06,85.0,-0.99,1.81,0.07,0.0,0.0,1.0,2,3559,-180.9,0.2,0.78,1.77,52.26,2068,306,9096,0.1082,-0.007,-0.028,-0.072,7.82,0.66,584,-1987,9088,0,0,5486,0.0558,-0.031,-0.044,-0.056,9.55,2.39,536,-1546,5908,0,0,9347,0.079,0.015,-0.138,0.038,9.79,2.63,513,-6597,7622,0,0,4691,0.0266,-0.009,-0.112,0.012,10.45,3.29,499,-2900,4508,0,0
89.94,3,7411.9,-2320.71,-0.05,8204.46,84.2,-0.95,1.78,0.02,0.0,0.0,1.0,2,3521,-180.7,0.2,0.77,1.78,53.06,2028,300,9047,0.108,-0.011,-0.028,-0.072,6.24,-0.92,586,-2011,8491,0,0,5480,0.0552,-0.028,-0.04,-0.06,7.51,0.35,539,-1556,5693,0,0,9322,0.0792,0.009,-0.158,0.058,10.08,2.91,516,-6601,7606,0,0,4701,0.0265,-0.008,-0.123,0.023,10.81,3.65,497,-2893,4534,0,0
89.96,3,7412.4,-2320.47,-0.05,8204.85,83.4,-0.91,1.72,-0.03,0.0,0.0,1.0,2,3510,-178.8,0.2,0.76,1.78,53.24,1989,295,8994,0.1076,-0.017,-0.019,-0.081,4.66,-2.51,582,-1953,7452,0,0,5502,0.0548,-0.023,-0.029,-0.071,5.4,-1.76,538,-1560,5190,0,0,9307,0.0793,0.005,-0.146,0.046,10.39,3.23,498,-6565,7627,0,0,4759,0.0264,-0.002,-0.12,0.02,11.17,4.01,484,-2928,4594,0,0
89.98,3,7412.8,-2320.22,-0.05,8205.24,82.6,-0.88,1.59,-0.09,0.0,0.0,1.0,2,3469,-178.4,0.2,0.75,1.76,52.17,1952,289,8833,0.1071,-0.028,-0.019,-0.081,2.77,-4.39,582,-2008,5562,0,0,5564,0.0545,-0.015,-0.026,-0.074,3.68,-3.48,540,-1553,4280,0,0,9226,0.0792,-0.002,-0.166,0.066,10.77,3.6,501,-6514,7581,0,0,4904,0.0267,0.011,-0.13,0.03,11.52,4.36,483,-3000,4738,0,0
90.0,3,7413.3,-2319.97,-0.05,8205.62,81.9,-0.86,1.37,-0.14,0.0,0.0,1.0,2,3453,-175.8,0.2,0.74,1.72,49.06,1915,284,8611,0.1061,-0.049,-0.011,-0.089,0.85,-6.32,576,-1852,2695,0,0,5730,0.0545,0.002,-0.017,-0.083,2.31,-4.85,537,-1562,3176,0,0,9041,0.0788,-0.02,-0.153,0.053,11.03,3.87,483,-6364,7481,0,0,5129,0.0273,0.031,-0.126,0.026,11.75,4.59,472,-3145,4933,0,0
90.02,3,7413.7,-2319.72,-0.05,8205.99,81.1,-0.86,1.11,-0.19,0.5,0.0,1.0,2,3406,-175.0,0.2,0.73,1.65,43.49,1880,279,8329,0.1046,-0.073,-0.015,-0.085,-0.86,-6.3,572,-1904,-237,0,0,6000,0.0551,0.03,-0.019,-0.081,1.11,-6.05,538,-1666,1961,0,0,8739,0.0779,-0.046,-0.171,0.071,11.22,4.06,486,-6169,7273,0,0,5418,0.0284,0.056,-0.138,0.038,11.87,4.71,472,-3336,5177,0,0
90.04,3,7414.2,-2319.47,-0.05,8206.36,80.5,-0.78,0.89,-0.23,1.0,0.0,1.0,2,3666,208.1,0.68,0.72,1.55,35.35,1847,274,8034,0.1027,-0.095,0.001,-0.099,-2.25,-4.91,567,-730,-2558,0,0,6254,0.0563,0.059,0.003,-0.097,0.2,-6.96,543,-522,796,0,0,8464,0.0764,-0.075,-0.023,-0.077,11.22,4.06,540,-3716,8368,0,0,5755,0.03,0.08,0.018,-0.082,11.76,4.6,535,-1567,6246,0,0
90.06,3,7414.6,-2319.22,-0.05,8206.73,80.4,0.02,0.82,-0.27,1.0,0.0,1.0,2,3844,507.0,1.2,0.69,1.43,23.99,1834,274,7543,0.1003,-0.124,0.011,-0.089,-3.36,-3.8,573,1118,-4042,0,0,6173,0.0574,0.053,0.013,-0.087,-0.53,-6.63,556,1370,-240,0,0,8484,0.0751,-0.068,0.056,-0.044,10.77,3.61,595,1947,8882,0,0,6256,0.0322,0.109,0.088,-0.012,11.1,3.94,593,2540,6489,0,0
90.08,3,7415.1,-2318.96,-0.05,8207.1,80.6,0.42,0.66,-0.29,1.0,0.0,1.0,2,3893,897.5,1.71,0.63,1.31,11.61,1829,275,7014,0.0968,-0.174,0.017,-0.083,-4.19,-2.97,575,1261,-4796,0,0,6055,0.0577,0.017,0.015,-0.085,-1.13,-6.03,566,1352,-1062,0,0,8580,0.0744,-0.033,0.077,-0.023,10.05,2.89,605,3326,8573,0,0,6838,0.0353,0.158,0.094,-0.006,10.21,3.04,605,3341,6777,0,0
90.1,3,7415.5,-2318.71,-0.05,8207.47,81.0,0.58,0.55,-0.3,1.0,0.0,1.0,2,3934,904.4,1.72,0.56,1.17,-1.22,1826,277,6544,0.0928,-0.199,0.021,-0.079,-4.75,-2.42,576,1506,-5047,0,0,5946,0.0578,0.004,0.015,-0.085,-1.61,-5.55,575,1441,-1642,0,0,8677,0.074,-0.018,0.092,-0.008,9.06,1.89,610,4534,8113,0,0,7388,0.039,0.185,0.094,-0.006,9.05,1.89,612,4088,6963,0,0
90.12,3,7416.0,-2318.44,-0.05,8207.84,81.4,0.66,0.49,-0.31,1.0,0.0,1.0,2,3942,905.9,1.73,0.48,1.04,-14.11,1825,280,6168,0.0886,-0.212,0.025,-0.075,-4.99,-2.17,577,1629,-5023,0,0,5844,0.0577,-0.006,0.014,-0.086,-1.86,-5.31,583,1318,-2009,0,0,8774,0.0739,-0.006,0.09,-0.01,7.8,0.64,607,5040,7813,0,0,7848,0.043,0.2,0.074,-0.026,7.68,0.52,609,4130,7265,0,0
90.14,3,7416.4,-2318.18,-0.05,8208.21,81.8,0.65,0.46,-0.3,1.0,0.0,1.0,2,3946,906.3,1.73,0.4,0.91,-26.75,1823,283,5902,0.0844,-0.209,0.027,-0.073,-5.01,-2.15,578,1662,-4890,0,0,5756,0.0574,-0.014,0.013,-0.087,-2.01,-5.15,591,1203,-2211,0,0,8855,0.074,0.003,0.083,-0.017,6.31,-0.85,603,5368,7406,0,0,8186,0.047,0.198,0.053,-0.047,6.11,-1.05,607,3794,7300,0,0
90.16,3,7416.9,-2317.91,-0.05,8208.58,82.2,0.65,0.4,-0.28,0.0,0.0,1.0,2,3950,906.9,1.73,0.32,0.79,-38.51,1823,285,5728,0.0805,-0.196,0.026,-0.074,-4.83,-2.33,577,1659,-4699,0,0,5704,0.057,-0.019,0.012,-0.088,-2.04,-5.13,599,1097,-2279,0,0,8900,0.0741,0.008,0.076,-0.024,4.63,-2.53,599,5884,6517,0,0,8420,0.0507,0.186,0.037,-0.063,4.4,-2.77,606,3376,6661,0,0
90.18,3,7417.3,-2317.65,-0.05,8208.96,82.6,0.58,0.28,-0.26,0.0,0.0,1.0,2,3896,511.4,1.21,0.25,0.68,-48.5,1823,288,5601,0.0768,-0.181,0.014,-0.086,-4.49,-2.68,569,1151,-4471,0,0,5733,0.0567,-0.015,0.004,-0.096,-1.96,-5.2,601,582,-2256,0,0,8861,0.0742,0.005,0.044,-0.056,2.89,-4.28,580,5262,5271,0,0,8591,0.0541,0.171,0.005,-0.095,2.71,-4.45,595,1404,5218,0,0
90.2,3,7417.8,-2317.38,-0.05,8209.33,82.7,0.17,0.08,-0.23,0.0,0.0,1.0,2,3858,208.7,0.7,0.2,0.56,-55.97,1816,289,5571,0.0736,-0.161,0.004,-0.096,-3.98,-3.18,562,330,-4186,0,0,5978,0.0569,0.007,0.001,-0.099,-1.75,-5.41,602,44,-2173,0,0,8605,0.0739,-0.018,0.021,-0.079,1.21,-5.96,567,3020,3099,0,0,8674,0.0571,0.151,-0.006,-0.094,1.13,-6.04,593,-749,2924,0,0
90.22,3,7418.3,-2317.11,-0.05,8209.7,82.7,-0.08,-0.19,-0.19,0.0,0.0,1.0,2,3816,-192.4,0.2,0.17,0.42,-61.01,1806,288,5522,0.0708,-0.14,-0.004,-0.096,-3.34,-3.82,555,-124,-3717,0,0,6359,0.0579,0.051,-0.003,-0.097,-1.39,-5.77,601,-247,-1949,0,0,8181,0.0727,-0.061,-0.007,-0.093,-0.29,-6.88,551,-650,599,0,0,8760,0.0597,0.13,-0.012,-0.088,-0.27,-6.89,590,-935,525,0,0
90.24,3,7418.7,-2316.84,-0.05,8210.08,82.5,-0.31,-0.43,-0.16,0.0,0.0,1.0,2,3808,-192.0,0.2,0.16,0.27,-63.14,1795,287,5468,0.0683,-0.127,-0.003,-0.097,-2.66,-4.5,553,-303,-3099,0,0,6811,0.0598,0.095,-0.003,-0.097,-0.99,-6.17,600,-401,-1569,0,0,7662,0.0705,-0.106,-0.003,-0.097,-1.57,-5.59,550,-436,-1478,0,0,8836,0.062,0.116,-0.013,-0.087,-1.46,-5.7,590,-1941,-1621,0,0
90.26,3,7419.2,-2316.58,-0.05,8210.45,82.3,-0.28,-0.6,-0.12,0.0,0.0,1.0,2,3795,-191.4,0.2,0.17,0.11,-62.6,1787,286,5375,0.0659,-0.119,-0.004,-0.096,-1.97,-5.2,551,-310,-2404,0,0,7188,0.0623,0.126,-0.003,-0.097,-0.61,-6.56,598,-395,-1083,0,0,7208,0.0678,-0.139,-0.003,-0.097,-2.57,-4.59,549,-380,-2907,0,0,8950,0.0642,0.106,-0.015,-0.085,-2.34,-4.82,588,-1990,-3301,0,0
90.28,3,7419.6,-2316.32,-0.05,8210.82,82.1,-0.26,-0.69,-0.09,0.0,0.0,1.0,2,3783,-190.9,0.2,0.18,-0.06,-59.89,1781,284,5298,0.0636,-0.113,-0.004,-0.096,-1.34,-5.82,550,-319,-1742,0,0,7470,0.0651,0.138,-0.003,-0.097,-0.25,-6.91,595,-369,-581,0,0,6846,0.0647,-0.151,-0.004,-0.096,-3.3,-3.86,548,-395,-3791,0,0,9047,0.0662,0.1,-0.016,-0.084,-3.06,-4.1,585,-1970,-4554,0,0
90.3,3,7420.1,-2316.06,-0.05,8211.2,81.9,-0.25,-0.73,-0.06,0.0,0.0,1.0,2,3771,-190.4,0.2,0.2,-0.21,-55.56,1777,283,5263,0.0616,-0.103,-0.004,-0.096,-0.88,-6.28,550,-344,-1184,0,0,7659,0.0678,0.138,-0.002,-0.098,-0.06,-7.1,591,-355,-191,0,0,6580,0.0617,-0.151,-0.005,-0.095,-3.85,-3.32,548,-425,-4306,0,0,9103,0.0679,0.09,-0.017,-0.083,-3.58,-3.58,582,-1945,-5413,0,0
90.32,3,7420.5,-2315.81,-0.05,8211.57,81.7,-0.24,-0.75,-0.04,0.0,0.0,1.0,2,3758,-189.9,0.2,0.22,-0.35,-50.13,1773,282,5274,0.0598,-0.088,-0.004,-0.096,-0.6,-6.56,550,-351,-795,0,0,7762,0.0704,0.128,-0.001,-0.099,0.02,-7.15,588,-321,35,0,0,6411,0.0589,-0.141,-0.005,-0.095,-4.25,-2.92,548,-430,-4612,0,0,9111,0.0694,0.075,-0.018,-0.082,-3.94,-3.22,578,-1907,-5963,0,0
90.34,3,7421.0,-2315.55,-0.05,8211.95,81.5,-0.24,-0.76,-0.02,0.0,0.0,1.0,2,3747,-189.4,0.2,0.24,-0.48,-44.06,1770,281,5319,0.0584,-0.071,-0.004,-0.096,-0.4,-6.76,550,-370,-542,0,0,7802,0.0726,0.113,-0.003,-0.097,0.08,-7.08,584,-334,108,0,0,6319,0.0564,-0.125,-0.007,-0.093,-4.37,-2.79,549,-487,-4761,0,0,9087,0.0706,0.06,-0.017,-0.083,-4.19,-2.97,575,-1849,-6267,0,0
90.36,3,7421.4,-2315.3,-0.05,8212.33,81.3,-0.24,-0.77,-0.01,1.0,0.0,1.0,2,3737,-189.0,0.2,0.26,-0.58,-37.77,1766,279,5382,0.0573,-0.055,-0.003,-0.097,-0.43,-6.73,551,-370,-455,0,0,7805,0.0746,0.097,-0.003,-0.097,-0.04,-7.12,580,-347,21,0,0,6271,0.0543,-0.107,-0.006,-0.094,-4.4,-2.76,549,-502,-4791,0,0,9038,0.0715,0.045,-0.018,-0.082,-4.2,-2.96,571,-1832,-6359,0,0
90.38,3,7421.9,-2315.06,-0.05,8212.71,81.2,-0.13,-0.78,0.0,1.0,0.0,1.0,2,3787,208.5,0.7,0.28,-0.66,-31.69,1764,279,5421,0.0565,-0.041,0.004,-0.096,-0.48,-6.68,557,163,-493,0,0,7749,0.0762,0.08,0.001,-0.099,-0.22,-6.94,579,92,-230,0,0,6295,0.0525,-0.088,0.026,-0.074,-4.29,-2.87,570,1044,-4763,0,0,9014,0.0722,0.032,-0.002,-0.098,-4.16,-3.01,577,-122,-6383,0,0
90.4,3,7422.4,-2314.81,-0.05,8213.09,81.3,0.16,-0.79,0.0,1.0,0.0,1.0,2,3824,504.8,1.2,0.28,-0.72,-25.65,1768,279,5367,0.0557,-0.041,0.008,-0.092,-0.73,-6.43,562,595,-688,0,0,7595,0.0772,0.053,0.005,-0.095,-0.5,-6.66,580,486,-594,0,0,6422,0.0513,-0.06,0.038,-0.062,-4.05,-3.11,580,2517,-4592,0,0,9080,0.0729,0.034,0.014,-0.086,-3.94,-3.22,586,1077,-6239,0,0
90.42,3,7422.8,-2314.57,-0.05,8213.47,81.6,0.45,-0.8,0.0,1.0,0.0,1.0,2,3896,898.2,1.72,0.27,-0.77,-20.46,1779,281,5251,0.0547,-0.049,0.017,-0.083,-1.13,-6.03,571,1336,-1016,0,0,7377,0.0777,0.023,0.01,-0.09,-0.87,-6.29,583,1169,-1043,0,0,6630,0.0507,-0.029,0.062,-0.038,-3.72,-3.44,598,4110,-4262,0,0,9218,0.0737,0.042,0.037,-0.063,-3.63,-3.53,599,3466,-5881,0,0
90.44,3,7423.3,-2314.33,-0.05,8213.86,82.1,0.69,-0.81,-0.02,1.0,0.0,1.0,2,3919,902.1,1.72,0.24,-0.81,-16.4,1794,284,5092,0.0535,-0.061,0.018,-0.082,-1.57,-5.59,577,1471,-1408,0,0,7133,0.0775,-0.008,0.011,-0.089,-1.31,-5.86,585,1321,-1591,0,0,6869,0.0508,0.002,0.059,-0.041,-3.41,-3.76,600,4534,-4072,0,0,9392,0.0748,0.055,0.038,-0.062,-3.3,-3.86,601,4183,-5532,0,0
90.46,3,7423.7,-2314.09,-0.05,8214.25,82.6,0.74,-0.84,-0.03,1.0,0.0,1.0,2,3936,904.6,1.73,0.21,-0.83,-13.39,1809,288,4975,0.0521,-0.067,0.02,-0.08,-2.22,-4.94,582,1447,-1900,0,0,6939,0.0769,-0.029,0.011,-0.089,-1.76,-5.4,588,1305,-2133,0,0,7076,0.0513,0.025,0.053,-0.047,-3.02,-4.14,602,4507,-3880,0,0,9535,0.0761,0.063,0.036,-0.064,-3.0,-4.16,602,4269,-5166,0,0
90.48,3,7424.2,-2313.85,-0.05,8214.64,83.1,0.74,-0.88,-0.05,1.0,0.0,1.0,2,3957,907.8,1.73,0.17,-0.86,-11.48,1823,291,4878,0.0508,-0.067,0.02,-0.08,-2.74,-4.42,587,1402,-2355,0,0,6824,0.0762,-0.036,0.012,-0.088,-2.21,-4.95,591,1304,-2665,0,0,7211,0.0519,0.034,0.049,-0.051,-2.71,-4.45,604,4487,-3610,0,0,9667,0.0773,0.064,0.035,-0.065,-2.67,-4.49,604,4352,-4767,0,0
90.5,3,7424.6,-2313.62,-0.05,8215.04,83.6,0.73,-0.9,-0.06,1.0,0.0,1.0,2,3979,911.1,1.74,0.13,-0.88,-10.64,1836,295,4810,0.0495,-0.066,0.021,-0.079,-3.31,-3.85,591,1383,-2800,0,0,6748,0.0754,-0.038,0.013,-0.087,-2.62,-4.54,594,1284,-3161,0,0,7321,0.0527,0.037,0.048,-0.052,-2.45,-4.71,607,4513,-3330,0,0,9778,0.0786,0.065,0.033,-0.067,-2.38,-4.78,607,4390,-4350,0,0
90.52,3,7425.1,-2313.38,-0.05,8215.44,84.0,0.68,-0.92,-0.08,1.0,0.0,1.0,2,4003,914.7,1.74,0.09,-0.89,-10.75,1849,298,4781,0.0483,-0.06,0.023,-0.077,-3.87,-3.29,595,1340,-3205,0,0,6718,0.0747,-0.035,0.014,-0.086,-3.04,-4.13,598,1271,-3613,0,0,7367,0.0534,0.037,0.047,-0.053,-2.15,-5.01,610,4507,-3040,0,0,9836,0.0799,0.061,0.033,-0.067,-2.11,-5.05,610,4390,-3947,0,0
90.54,3,7425.6,-2313.15,-0.05,8215.85,84.5,0.67,-0.93,-0.1,1.0,0.0,1.0,2,4024,917.9,1.75,0.06,-0.91,-11.76,1863,301,4761,0.0472,-0.052,0.025,-0.075,-4.43,-2.73,598,1318,-3561,0,0,6719,0.0741,-0.03,0.014,-0.086,-3.4,-3.76,602,1248,-4028,0,0,7382,0.054,0.031,0.047,-0.053,-2.01,-5.15,613,4575,-2778,0,0,9876,0.0809,0.053,0.032,-0.068,-1.95,-5.21,614,4377,-3638,0,0
90.56,3,7426.1,-2312.92,-0.05,8216.26,84.9,0.66,-0.95,-0.11,1.0,0.0,1.0,2,4047,921.3,1.75,0.03,-0.92,-13.47,1877,304,4754,0.0463,-0.046,0.026,-0.074,-4.9,-2.26,602,1325,-3840,0,0,6733,0.0737,-0.023,0.017,-0.083,-3.84,-3.32,606,1286,-4406,0,0,7372,0.0545,0.024,0.047,-0.053,-1.88,-5.28,616,4661,-2606,0,0,9896,0.0819,0.047,0.031,-0.069,-1.83,-5.33,617,4321,-3398,0,0
90.58,3,7426.5,-2312.69,-0.05,8216.68,85.4,0.66,-0.97,-0.13,1.0,0.0,1.0,2,4070,924.8,1.76,0.01,-0.94,-15.68,1893,308,4743,0.0455,-0.041,0.028,-0.072,-5.35,-1.82,605,1348,-4070,0,0,6758,0.0733,-0.018,0.016,-0.084,-4.1,-3.06,610,1251,-4707,0,0,7340,0.0549,0.017,0.048,-0.052,-1.81,-5.35,619,4738,-2488,0,0,9909,0.0826,0.04,0.03,-0.07,-1.79,-5.37,620,4271,-3302,0,0
90.6,3,7427.0,-2312.46,-0.05,8217.1,85.8,0.65,-1.0,-0.14,1.0,0.0,1.0,2,4092,928.2,1.76,-0.01,-0.96,-18.22,1909,311,4724,0.0448,-0.036,0.03,-0.07,-5.76,-1.4,607,1343,-4241,0,0,6794,0.0731,-0.011,0.016,-0.084,-4.29,-2.87,614,1225,-4975,0,0,7297,0.055,0.009,0.05,-0.05,-1.88,-5.28,622,4843,-2477,0,0,9933,0.0833,0.034,0.029,-0.071,-1.81,-5.35,624,4170,-3317,0,0
90.62,3,7427.5,-2312.24,-0.05,8217.52,86.3,0.64,-1.03,-0.15,1.0,0.0,1.0,2,4116,931.9,1.77,-0.02,-0.97,-20.93,1926,314,4722,0.0441,-0.033,0.032,-0.068,-6.14,-1.02,610,1378,-4386,0,0,6835,0.073,-0.006,0.017,-0.083,-4.59,-2.57,618,1233,-5228,0,0,7252,0.0551,0.005,0.052,-0.048,-1.9,-5.26,626,4935,-2507,0,0,9942,0.084,0.032,0.03,-0.07,-1.84,-5.32,628,4128,-3353,0,0
90.64,3,7428.0,-2312.02,-0.05,8217.95,86.7,0.68,-1.06,-0.16,1.0,0.0,1.0,2,4140,935.5,1.77,-0.03,-0.99,-23.77,1945,317,4697,0.0435,-0.029,0.034,-0.066,-6.45,-0.71,613,1437,-4466,0,0,6872,0.073,0.0,0.016,-0.084,-4.79,-2.38,622,1234,-5431,0,0,7192,0.0551,-0.003,0.054,-0.046,-2.03,-5.13,629,5040,-2593,0,0,9956,0.0845,0.026,0.028,-0.072,-1.98,-5.19,632,4040,-3517,0,0
90.66,3,7428.4,-2311.8,-0.05,8218.38,87.2,0.67,-1.1,-0.17,1.0,0.0,1.0,2,4166,939.5,1.78,-0.04,-1.02,-26.52,1964,321,4652,0.0429,-0.03,0.036,-0.064,-6.73,-0.43,616,1458,-4509,0,0,6930,0.0731,0.004,0.018,-0.082,-5.05,-2.11,626,1248,-5639,0,0,7125,0.0549,-0.008,0.057,-0.043,-2.2,-4.96,633,5123,-2725,0,0,10006,0.085,0.026,0.028,-0.072,-2.12,-5.04,636,3994,-3786,0,0
90.68,3,7428.9,-2311.58,-0.05,8218.82,87.6,0.67,-1.15,-0.18,1.0,0.0,1.0,2,4192,943.5,1.79,-0.05,-1.05,-29.14,1983,324,4604,0.0423,-0.031,0.038,-0.062,-7.01,-0.15,620,1467,-4528,0,0,6982,0.0733,0.011,0.017,-0.083,-5.12,-2.04,631,1235,-5799,0,0,7074,0.0547,-0.012,0.059,-0.041,-2.38,-4.79,637,5171,-2896,0,0,10072,0.0856,0.03,0.028,-0.072,-2.28,-4.88,641,3966,-4088,0,0
90.7,3,7429.4,-2311.37,-0.05,8219.26,88.1,0.67,-1.19,-0.18,1.0,0.0,1.0,2,4218,947.4,1.79,-0.06,-1.08,-31.57,2002,328,4573,0.0417,-0.031,0.04,-0.06,-7.23,0.07,623,1484,-4552,0,0,7051,0.0736,0.015,0.017,-0.083,-5.29,-1.87,635,1231,-5977,0,0,7019,0.0544,-0.015,0.063,-0.037,-2.61,-4.55,642,5213,-3076,0,0,10137,0.0863,0.031,0.029,-0.071,-2.53,-4.63,645,3937,-4414,0,0
90.72,3,7429.9,-2311.16,-0.05,8219.71,88.5,0.67,-1.24,-0.19,1.0,0.0,1.0,2,4244,951.5,1.8,-0.06,-1.11,-33.8,2022,331,4524,0.0411,-0.031,0.042,-0.058,-7.41,0.25,626,1501,-4542,0,0,7116,0.074,0.021,0.017,-0.083,-5.46,-1.71,639,1234,-6124,0,0,6957,0.054,-0.019,0.065,-0.035,-2.79,-4.37,646,5231,-3253,0,0,10208,0.0869,0.033,0.029,-0.071,-2.68,-4.48,649,3898,-4769,0,0
90.74,3,7430.4,-2310.96,-0.05,8220.16,89.0,0.67,-1.28,-0.19,0.0,0.0,1.0,2,4271,955.5,1.8,-0.07,-1.15,-35.82,2042,334,4475,0.0404,-0.032,0.043,-0.057,-7.58,0.42,629,1519,-4525,0,0,7179,0.0745,0.025,0.018,-0.082,-5.63,-1.54,643,1263,-6264,0,0,6895,0.0536,-0.021,0.068,-0.032,-3.04,-4.12,650,5241,-3426,0,0,10282,0.0876,0.035,0.029,-0.071,-2.92,-4.25,653,3939,-5159,0,0
90.76,3,7430.9,-2310.76,-0.05,8220.61,89.4,0.59,-1.33,-0.19,0.0,0.0,1.0,2,4231,539.4,1.26,-0.07,-1.19,-37.46,2061,337,4441,0.0398,-0.033,0.033,-0.067,-7.74,0.57,624,1247,-4572,0,0,7266,0.075,0.028,0.011,-0.089,-5.8,-1.36,640,890,-6454,0,0,6800,0.0531,-0.024,0.048,-0.052,-3.29,-3.87,638,4312,-3756,0,0,10330,0.0884,0.037,0.012,-0.088,-3.12,-4.05,645,2222,-5569,0,0
90.78,3,7431.4,-2310.56,-0.05,8221.07,89.6,0.28,-1.4,-0.19,0.0,0.0,1.0,2,4169,209.4,0.73,-0.06,-1.24,-38.6,2072,339,4507,0.0393,-0.024,0.015,-0.085,-7.95,0.79,613,632,-4746,0,0,7459,0.0759,0.042,0.002,-0.098,-5.88,-1.28,637,281,-6712,0,0,6604,0.0523,-0.038,0.023,-0.077,-3.49,-3.67,624,2391,-4064,0,0,10287,0.0889,0.028,-0.003,-0.097,-3.32,-3.84,637,-140,-5885,0,0
90.8,3,7431.9,-2310.37,-0.05,8221.53,89.5,-0.08,-1.45,-0.19,0.0,0.0,1.0,2,4103,-204.8,0.2,-0.03,-1.28,-39.85,2074,338,4656,0.0392,-0.003,-0.002,-0.098,-8.02,0.86,601,49,-4946,0,0,7730,0.0772,0.066,-0.004,-0.096,-5.99,-1.17,633,-169,-6993,0,0,6322,0.0511,-0.06,-0.008,-0.092,-3.69,-3.48,604,-163,-4153,0,0,10157,0.0891,0.009,-0.01,-0.09,-3.56,-3.6,630,-824,-6108,0,0
90.82,3,7432.4,-2310.18,-0.05,8221.99,89.2,-0.35,-1.49,-0.19,0.0,0.0,1.0,2,4077,-203.5,0.2,0.01,-1.33,-41.34,2071,336,4840,0.0396,0.018,-0.007,-0.093,-8.09,0.93,596,-284,-5132,0,0,8025,0.079,0.09,-0.005,-0.095,-6.02,-1.14,630,-397,-7265,0,0,6006,0.0494,-0.084,-0.004,-0.096,-4.02,-3.14,603,-459,-4172,0,0,9980,0.0889,-0.012,-0.017,-0.083,-3.74,-3.42,627,-2074,-6301,0,0
90.84,3,7432.9,-2310.01,-0.05,8222.45,88.9,-0.37,-1.53,-0.19,0.0,0.0,1.0,2,4063,-202.9,0.2,0.06,-1.38,-42.8,2069,333,4960,0.0402,0.032,-0.007,-0.093,-8.05,0.89,594,-259,-5252,0,0,8251,0.0811,0.104,-0.005,-0.095,-6.0,-1.16,629,-402,-7439,0,0,5748,0.0475,-0.098,-0.006,-0.094,-4.21,-2.96,600,-466,-4205,0,0,9857,0.0883,-0.026,-0.017,-0.083,-4.03,-3.13,624,-2028,-6534,0,0
90.86,3,7433.4,-2309.83,-0.05,8222.91,88.6,-0.36,-1.56,-0.18,0.0,0.0,1.0,2,4047,-202.2,0.2,0.11,-1.43,-44.2,2067,331,5043,0.0409,0.034,-0.007,-0.093,-7.94,0.78,591,-262,-5327,0,0,8418,0.0832,0.106,-0.005,-0.095,-5.97,-1.19,627,-420,-7560,0,0,5552,0.0455,-0.1,-0.006,-0.094,-4.52,-2.64,597,-428,-4277,0,0,9774,0.0878,-0.028,-0.018,-0.082,-4.2,-2.96,622,-2032,-6774,0,0
90.88,3,7433.9,-2309.67,-0.05,8223.37,88.3,-0.36,-1.59,-0.18,0.0,0.0,1.0,2,4032,-201.6,0.2,0.16,-1.48,-45.45,2064,329,5087,0.0416,0.034,-0.007,-0.093,-7.91,0.75,589,-271,-5358,0,0,8531,0.0853,0.103,-0.005,-0.095,-5.94,-1.22,626,-402,-7624,0,0,5409,0.0435,-0.096,-0.007,-0.093,-4.71,-2.45,594,-445,-4356,0,0,9728,0.0872,-0.027,-0.019,-0.081,-4.54,-2.62,620,-2030,-7067,0,0
90.9,3,7434.4,-2309.51,-0.05,8223.83,88.0,-0.35,-1.62,-0.17,0.0,0.0,1.0,2,4018,-201.0,0.2,0.21,-1.52,-46.51,2061,327,5111,0.0422,0.031,-0.007,-0.093,-7.78,0.62,586,-266,-5364,0,0,8608,0.0872,0.096,-0.005,-0.095,-5.86,-1.3,624,-420,-7647,0,0,5312,0.0418,-0.089,-0.007,-0.093,-5.04,-2.12,591,-424,-4446,0,0,9707,0.0868,-0.024,-0.018,-0.082,-4.81,-2.35,618,-2000,-7329,0,0
90.92,3,7434.8,-2309.36,-0.05,8224.29,87.7,-0.34,-1.65,-0.17,0.0,0.0,1.0,2,4003,-200.3,0.2,0.25,-1.56,-47.37,2056,325,5117,0.0427,0.027,-0.007,-0.093,-7.71,0.55,584,-277,-5348,0,0,8657,0.0889,0.087,-0.005,-0.095,-5.76,-1.4,622,-432,-7651,0,0,5244,0.0401,-0.08,-0.007,-0.093,-5.36,-1.8,589,-397,-4541,0,0,9708,0.0863,-0.02,-0.02,-0.08,-5.02,-2.15,616,-2005,-7580,0,0
90.94,3,7435.3,-2309.21,-0.05,8224.75,87.4,-0.34,-1.66,-0.16,0.0,0.0,1.0,2,3989,-199.7,0.2,0.28,-1.6,-48.01,2050,322,5111,0.0432,0.022,-0.007,-0.093,-7.57,0.4,582,-272,-5312,0,0,8675,0.0905,0.078,-0.004,-0.096,-5.65,-1.51,620,-407,-7595,0,0,5208,0.0387,-0.07,-0.008,-0.092,-5.51,-1.66,586,-419,-4638,0,0,9717,0.086,-0.015,-0.02,-0.08,-5.26,-1.91,614,-2014,-7806,0,0
90.96,3,7435.8,-2309.07,-0.05,8225.22,87.1,-0.33,-1.68,-0.15,0.0,0.0,1.0,2,3974,-199.1,0.2,0.31,-1.63,-48.42,2043,320,5096,0.0435,0.017,-0.006,-0.094,-7.49,0.33,580,-277,-5270,0,0,8679,0.0918,0.067,-0.005,-0.095,-5.65,-1.51,619,-401,-7542,0,0,5194,0.0375,-0.06,-0.008,-0.092,-5.81,-1.35,584,-404,-4744,0,0,9741,0.0858,-0.011,-0.02,-0.08,-5.4,-1.76,611,-1985,-8014,0,0
90.98,3,7436.3,-2308.94,-0.05,8225.68,86.8,-0.32,-1.69,-0.14,0.0,0.0,1.0,2,3960,-198.5,0.2,0.34,-1.66,-48.6,2035,318,5079,0.0438,0.013,-0.006,-0.094,-7.23,0.06,578,-274,-5213,0,0,8664,0.093,0.057,-0.005,-0.095,-5.51,-1.65,617,-403,-7465,0,0,5197,0.0366,-0.049,-0.008,-0.092,-6.0,-1.16,581,-410,-4855,0,0,9765,0.0857,-0.006,-0.022,-0.078,-5.67,-1.49,609,-1987,-8222,0,0
91.0,3,7436.8,-2308.81,-0.05,8226.14,86.5,-0.32,-1.71,-0.14,0.0,0.0,1.0,2,3945,-197.9,0.2,0.36,-1.68,-48.56,2026,316,5059,0.044,0.009,-0.006,-0.094,-7.16,0.0,576,-285,-5162,0,0,8645,0.0939,0.047,-0.004,-0.096,-5.47,-1.69,615,-401,-7381,0,0,5205,0.0358,-0.04,-0.007,-0.093,-6.32,-0.85,579,-386,-4950,0,0,9790,0.0857,-0.002,-0.022,-0.078,-5.85,-1.31,607,-1984,-8388,0,0
91.02,3,7437.3,-2308.69,-0.05,8226.6,86.2,-0.31,-1.71,-0.13,0.0,0.0,1.0,2,3931,-197.3,0.2,0.37,-1.7,-48.3,2016,314,5049,0.0441,0.007,-0.007,-0.093,-6.98,-0.18,574,-289,-5109,0,0,8620,0.0947,0.038,-0.005,-0.095,-5.36,-1.81,612,-411,-7308,0,0,5225,0.0351,-0.031,-0.008,-0.092,-6.38,-0.78,577,-405,-5033,0,0,9810,0.0857,0.0,-0.022,-0.078,-6.01,-1.15,604,-1973,-8545,0,0
91.04,3,7437.7,-2308.58,-0.05,8227.07,85.9,-0.31,-1.72,-0.12,0.0,0.0,1.0,2,3917,-196.6,0.2,0.39,-1.72,-47.86,2005,311,5032,0.0442,0.004,-0.007,-0.093,-6.85,-0.31,572,-278,-5049,0,0,8593,0.0952,0.03,-0.005,-0.095,-5.31,-1.85,610,-399,-7225,0,0,5253,0.0347,-0.024,-0.009,-0.091,-6.52,-0.64,575,-411,-5114,0,0,9836,0.0857,0.002,-0.022,-0.078,-6.13,-1.04,602,-1966,-8663,0,0
91.06,3,7438.2,-2308.47,-0.05,8227.53,85.6,-0.3,-1.72,-0.12,0.0,0.0,1.0,2,3902,-196.0,0.2,0.39,-1.74,-47.24,1993,309,5018,0.0442,0.002,-0.007,-0.093,-6.72,-0.44,570,-275,-5000,0,0,8566,0.0957,0.023,-0.005,-0.095,-5.22,-1.94,608,-400,-7143,0,0,5279,0.0343,-0.017,-0.009,-0.091,-6.7,-0.47,573,-424,-5188,0,0,9855,0.0858,0.003,-0.023,-0.077,-6.28,-0.88,599,-1958,-8773,0,0
91.08,3,7438.7,-2308.38,-0.05,8227.99,85.3,-0.29,-1.73,-0.11,0.0,0.0,1.0,2,3888,-195.4,0.2,0.4,-1.75,-46.48,1982,307,5009,0.0443,0.001,-0.006,-0.094,-6.54,-0.62,569,-281,-4948,0,0,8539,0.0961,0.017,-0.005,-0.095,-5.15,-2.01,606,-409,-7066,0,0,5297,0.0341,-0.013,-0.009,-0.091,-6.76,-0.4,571,-417,-5240,0,0,9864,0.0859,0.004,-0.022,-0.078,-6.33,-0.83,597,-1943,-8845,0,0
91.1,3,7439.2,-2308.28,-0.05,8228.46,85.0,-0.29,-1.73,-0.11,0.0,0.0,1.0,2,3875,-194.8,0.2,0.4,-1.75,-45.6,1969,305,5002,0.0443,0.0,-0.006,-0.094,-6.53,-0.63,567,-291,-4912,0,0,8512,0.0963,0.012,-0.004,-0.096,-5.11,-2.05,603,-397,-6996,0,0,5325,0.0339,-0.008,-0.008,-0.092,-6.88,-0.28,569,-425,-5291,0,0,9874,0.0859,0.004,-0.023,-0.077,-6.49,-0.68,594,-1932,-8910,0,0
91.12,3,7439.6,-2308.2,-0.05,8228.92,84.7,-0.29,-1.72,-0.1,0.0,0.0,1.0,2,3861,-194.3,0.2,0.4,-1.76,-44.61,1956,303,4995,0.0442,-0.001,-0.006,-0.094,-6.44,-0.73,565,-275,-4876,0,0,8482,0.0964,0.008,-0.005,-0.095,-5.02,-2.15,601,-410,-6907,0,0,5344,0.0338,-0.005,-0.01,-0.09,-6.88,-0.28,567,-428,-5328,0,0,9878,0.086,0.003,-0.023,-0.077,-6.52,-0.64,592,-1916,-8948,0,0
91.14,3,7440.1,-2308.12,-0.05,8229.38,84.4,-0.28,-1.72,-0.1,0.0,0.0,1.0,2,3848,-193.7,0.2,0.41,-1.76,-43.54,1943,301,4992,0.0442,-0.001,-0.006,-0.094,-6.32,-0.84,564,-287,-4840,0,0,8459,0.0965,0.004,-0.004,-0.096,-5.0,-2.16,598,-377,-6854,0,0,5364,0.0337,-0.003,-0.009,-0.091,-6.86,-0.31,566,-438,-5350,0,0,9879,0.0861,0.003,-0.023,-0.077,-6.47,-0.69,589,-1916,-8955,0,0
91.16,3,7440.6,-2308.05,-0.05,8229.84,84.1,-0.28,-1.72,-0.1,0.0,0.0,1.0,2,3834,-193.1,0.2,0.41,-1.77,-42.42,1930,299,4993,0.0442,-0.001,-0.006,-0.094,-6.2,-0.96,563,-293,-4804,0,0,8436,0.0966,0.002,-0.004,-0.096,-4.96,-2.2,596,-395,-6805,0,0,5381,0.0337,-0.001,-0.01,-0.09,-6.85,-0.31,564,-443,-5362,0,0,9871,0.0861,0.002,-0.023,-0.077,-6.53,-0.63,587,-1915,-8959,0,0
91.18,3,7441.0,-2307.98,-0.05,8230.3,83.8,-0.28,-1.71,-0.09,0.0,0.0,1.0,2,3821,-192.6,0.2,0.41,-1.76,-41.27,1917,297,4996,0.0442,0.0,-0.006,-0.094,-6.18,-0.98,561,-292,-4788,0,0,8413,0.0965,-0.001,-0.004,-0.096,-4.9,-2.27,594,-398,-6749,0,0,5399,0.0337,0.001,-0.01,-0.09,-6.82,-0.34,562,-445,-5364,0,0,9864,0.0861,0.0,-0.023,-0.077,-6.46,-0.71,585,-1892,-8941,0,0
91.2,3,7441.5,-2307.93,-0.05,8230.76,83.5,-0.28,-1.71,-0.09,0.0,0.0,1.0,2,3808,-192.0,0.2,0.4,-1.76,-40.1,1903,294,5001,0.0442,0.0,-0.006,-0.094,-6.12,-1.05,560,-299,-4770,0,0,8393,0.0965,-0.003,-0.004,-0.096,-4.91,-2.26,591,-394,-6711,0,0,5415,0.0338,0.002,-0.009,-0.091,-6.76,-0.4,561,-456,-5360,0,0,9851,0.0861,-0.001,-0.022,-0.078,-6.43,-0.73,582,-1862,-8900,0,0
91.22,3,7441.9,-2307.87,-0.05,8231.22,83.2,-0.28,-1.7,-0.09,0.0,0.0,1.0,2,3796,-191.5,0.2,0.4,-1.76,-38.94,1890,292,5007,0.0442,0.001,-0.006,-0.094,-6.08,-1.09,558,-302,-4756,0,0,8372,0.0964,-0.005,-0.004,-0.096,-4.83,-2.33,589,-393,-6677,0,0,5431,0.0338,0.003,-0.01,-0.09,-6.65,-0.51,559,-473,-5347,0,0,9840,0.086,-0.002,-0.022,-0.078,-6.35,-0.81,580,-1871,-8845,0,0
91.24,3,7442.4,-2307.83,-0.05,8231.68,82.9,-0.27,-1.69,-0.09,0.0,0.0,1.0,2,3783,-191.0,0.2,0.4,-1.75,-37.81,1877,290,5016,0.0442,0.001,-0.006,-0.094,-6.04,-1.12,557,-285,-4752,0,0,8354,0.0962,-0.006,-0.005,-0.095,-4.81,-2.35,587,-410,-6629,0,0,5446,0.0339,0.004,-0.01,-0.09,-6.52,-0.64,557,-481,-5317,0,0,9825,0.0859,-0.003,-0.02,-0.08,-6.32,-0.85,578,-1810,-8797,0,0
91.26,3,7442.9,-2307.79,-0.05,8232.14,82.6,-0.27,-1.68,-0.09,1.0,0.0,1.0,2,3771,-190.4,0.2,0.4,-1.75,-36.72,1863,288,5031,0.0443,0.002,-0.006,-0.094,-6.03,-1.13,555,-298,-4752,0,0,8336,0.0961,-0.007,-0.003,-0.097,-4.87,-2.29,584,-371,-6613,0,0,5459,0.034,0.004,-0.01,-0.09,-6.39,-0.78,556,-487,-5286,0,0,9799,0.0858,-0.005,-0.02,-0.08,-6.16,-1.0,576,-1814,-8703,0,0
91.28,3,7443.3,-2307.76,-0.05,8232.59,82.4,-0.19,-1.67,-0.09,1.0,0.0,1.0,2,3831,208.6,0.7,0.4,-1.74,-35.83,1852,287,5004,0.0443,0.002,0.005,-0.095,-5.97,-1.19,561,83,-4722,0,0,8289,0.0959,-0.009,0.002,-0.098,-4.79,-2.37,586,47,-6556,0,0,5493,0.0341,0.005,0.028,-0.072,-6.31,-0.85,578,698,-5264,0,0,9810,0.0857,-0.006,-0.002,-0.098,-5.96,-1.21,586,-172,-8675,0,0
91.3,3,7443.8,-2307.73,-0.05,8233.05,82.4,0.1,-1.65,-0.09,1.0,0.0,1.0,2,3884,509.6,1.21,0.39,-1.73,-34.71,1848,287,4893,0.0441,-0.009,0.016,-0.084,-6.0,-1.16,567,624,-4600,0,0,8156,0.0955,-0.021,0.007,-0.093,-4.81,-2.35,589,456,-6456,0,0,5616,0.0344,0.015,0.052,-0.048,-6.07,-1.09,591,2332,-5086,0,0,9905,0.0858,0.004,0.016,-0.084,-5.84,-1.32,597,992,-8618,0,0
91.32,3,7444.2,-2307.72,-0.05,8233.51,82.6,0.39,-1.62,-0.1,1.0,0.0,1.0,2,3975,909.8,1.73,0.36,-1.72,-33.82,1851,288,4749,0.0436,-0.025,0.032,-0.068,-6.03,-1.13,579,1267,-4431,0,0,7950,0.0947,-0.039,0.014,-0.086,-4.78,-2.38,595,1096,-6302,0,0,5827,0.0351,0.033,0.087,-0.013,-5.9,-1.26,613,3785,-4775,0,0,10048,0.0862,0.019,0.043,-0.057,-5.56,-1.6,614,3317,-8361,0,0
91.34,3,7444.7,-2307.7,-0.05,8233.97,82.9,0.65,-1.56,-0.1,1.0,0.0,1.0,2,4009,915.6,1.74,0.32,-1.7,-33.24,1860,291,4587,0.0428,-0.04,0.038,-0.062,-6.1,-1.07,584,1546,-4263,0,0,7682,0.0934,-0.064,0.016,-0.084,-4.85,-2.31,598,1316,-6130,0,0,6098,0.0362,0.057,0.091,-0.009,-5.65,-1.51,618,4414,-4704,0,0,10204,0.0868,0.033,0.046,-0.054,-5.45,-1.71,618,4188,-8190,0,0
91.36,3,7445.2,-2307.7,-0.05,8234.43,83.4,0.72,-1.54,-0.11,1.0,0.0,1.0,2,4025,918.1,1.75,0.27,-1.68,-32.65,1869,294,4454,0.0418,-0.049,0.041,-0.059,-6.32,-0.84,588,1577,-4171,0,0,7476,0.0918,-0.08,0.017,-0.083,-4.99,-2.17,601,1318,-6054,0,0,6327,0.0377,0.073,0.087,-0.013,-5.54,-1.62,619,4558,-4811,0,0,10346,0.0877,0.042,0.043,-0.057,-5.31,-1.85,619,4235,-8174,0,0
91.38,3,7445.6,-2307.7,-0.05,8234.9,83.8,0.71,-1.54,-0.11,1.0,0.0,1.0,2,4043,920.8,1.75,0.22,-1.66,-31.99,1878,297,4369,0.0408,-0.052,0.04,-0.06,-6.34,-0.82,592,1544,-4138,0,0,7329,0.0902,-0.083,0.019,-0.081,-5.15,-2.01,604,1359,-6028,0,0,6495,0.0392,0.078,0.083,-0.017,-5.33,-1.83,621,4609,-4892,0,0,10443,0.0886,0.046,0.042,-0.058,-5.11,-2.05,622,4196,-8096,0,0
91.4,3,7446.1,-2307.7,-0.05,8235.37,84.2,0.71,-1.54,-0.12,1.0,0.0,1.0,2,4061,923.6,1.75,0.18,-1.64,-31.37,1888,300,4313,0.0398,-0.049,0.04,-0.06,-6.56,-0.6,596,1520,-4134,0,0,7237,0.0886,-0.081,0.018,-0.082,-5.13,-2.03,607,1332,-6033,0,0,6611,0.0407,0.075,0.081,-0.019,-5.17,-2.0,623,4654,-4908,0,0,10510,0.0895,0.043,0.04,-0.06,-4.95,-2.21,624,4193,-7994,0,0
91.42,3,7446.6,-2307.71,-0.05,8235.84,84.7,0.71,-1.53,-0.12,1.0,0.0,1.0,2,4080,926.4,1.76,0.13,-1.62,-30.86,1898,303,4276,0.0389,-0.046,0.041,-0.059,-6.72,-0.45,599,1512,-4138,0,0,7180,0.0871,-0.075,0.018,-0.082,-5.31,-1.85,610,1319,-6071,0,0,6690,0.0421,0.07,0.079,-0.021,-4.97,-2.19,625,4696,-4878,0,0,10557,0.0903,0.04,0.039,-0.061,-4.8,-2.37,626,4184,-7881,0,0
91.44,3,7447.0,-2307.73,-0.05,8236.31,85.1,0.7,-1.52,-0.13,1.0,0.0,1.0,2,4099,929.3,1.76,0.09,-1.61,-30.5,1909,306,4259,0.0381,-0.042,0.042,-0.058,-6.87,-0.3,603,1509,-4157,0,0,7153,0.0857,-0.067,0.018,-0.082,-5.38,-1.78,613,1326,-6113,0,0,6728,0.0433,0.061,0.077,-0.023,-4.8,-2.36,627,4723,-4815,0,0,10575,0.091,0.036,0.039,-0.061,-4.64,-2.52,629,4201,-7707,0,0
91.46,3,7447.5,-2307.76,-0.05,8236.78,85.5,0.7,-1.51,-0.13,1.0,0.0,1.0,2,4119,932.3,1.77,0.06,-1.59,-30.3,1922,309,4249,0.0374,-0.036,0.043,-0.057,-7.01,-0.15,606,1506,-4179,0,0,7134,0.0845,-0.059,0.018,-0.082,-5.47,-1.69,616,1313,-6160,0,0,6751,0.0444,0.053,0.077,-0.023,-4.6,-2.56,630,4770,-4724,0,0,10581,0.0916,0.03,0.038,-0.062,-4.51,-2.66,631,4201,-7560,0,0
91.48,3,7448.0,-2307.79,-0.05,8237.26,86.0,0.7,-1.5,-0.14,1.0,0.0,1.0,2,4139,935.4,1.77,0.03,-1.58,-30.28,1935,312,4256,0.0367,-0.031,0.044,-0.056,-7.16,0.0,609,1516,-4211,0,0,7137,0.0835,-0.051,0.018,-0.082,-5.56,-1.6,619,1322,-6214,0,0,6763,0.0453,0.045,0.075,-0.025,-4.51,-2.65,633,4780,-4654,0,0,10580,0.0921,0.025,0.038,-0.062,-4.34,-2.82,634,4205,-7403,0,0
91.5,3,7448.5,-2307.82,-0.05,8237.74,86.4,0.69,-1.49,-0.14,1.0,0.0,1.0,2,4158,938.3,1.78,0.0,-1.57,-30.43,1949,315,4270,0.0362,-0.025,0.043,-0.057,-7.19,0.02,612,1501,-4250,0,0,7142,0.0827,-0.043,0.018,-0.082,-5.6,-1.56,622,1314,-6256,0,0,6766,0.0461,0.038,0.074,-0.026,-4.44,-2.72,636,4803,-4585,0,0,10565,0.0925,0.019,0.037,-0.063,-4.28,-2.88,637,4219,-7257,0,0
91.52,3,7449.0,-2307.87,-0.05,8238.22,86.8,0.69,-1.49,-0.14,1.0,0.0,1.0,2,4179,941.6,1.78,-0.02,-1.55,-30.72,1964,318,4283,0.0358,-0.02,0.044,-0.056,-7.27,0.11,616,1511,-4278,0,0,7151,0.0819,-0.037,0.019,-0.081,-5.68,-1.48,626,1333,-6296,0,0,6757,0.0467,0.031,0.074,-0.026,-4.32,-2.84,639,4832,-4502,0,0,10545,0.0928,0.014,0.037,-0.063,-4.18,-2.99,640,4211,-7136,0,0
91.54,3,7449.4,-2307.92,-0.05,8238.7,87.3,0.69,-1.48,-0.15,1.0,0.0,1.0,2,4200,944.7,1.79,-0.03,-1.54,-31.15,1981,321,4299,0.0355,-0.016,0.044,-0.056,-7.33,0.16,619,1530,-4304,0,0,7162,0.0813,-0.03,0.018,-0.082,-5.69,-1.47,629,1326,-6330,0,0,6742,0.0472,0.024,0.074,-0.026,-4.23,-2.94,642,4851,-4433,0,0,10521,0.0929,0.01,0.037,-0.063,-4.12,-3.04,643,4231,-7020,0,0
91.56,3,7449.9,-2307.97,-0.05,8239.19,87.7,0.69,-1.47,-0.15,1.0,0.0,1.0,2,4222,948.0,1.79,-0.05,-1.54,-31.67,1997,325,4314,0.0353,-0.012,0.045,-0.055,-7.37,0.21,622,1524,-4324,0,0,7182,0.0808,-0.025,0.019,-0.081,-5.65,-1.51,632,1338,-6329,0,0,6732,0.0475,0.019,0.074,-0.026,-4.21,-2.95,645,4870,-4385,0,0,10509,0.0931,0.007,0.036,-0.064,-4.05,-3.11,647,4236,-6967,0,0
91.58,3,7450.4,-2308.03,-0.05,8239.67,88.2,0.69,-1.47,-0.15,1.0,0.0,1.0,2,4243,951.3,1.8,-0.06,-1.53,-32.24,2015,328,4333,0.0351,-0.008,0.044,-0.056,-7.33,0.17,625,1533,-4341,0,0,7188,0.0804,-0.02,0.019,-0.081,-5.63,-1.53,636,1318,-6332,0,0,6731,0.0479,0.016,0.074,-0.026,-4.18,-2.98,648,4894,-4361,0,0,10491,0.0932,0.004,0.037,-0.063,-4.04,-3.12,650,4215,-6906,0,0
91.6,3,7450.9,-2308.1,-0.05,8240.16,88.6,0.69,-1.47,-0.15,1.0,0.0,1.0,2,4265,954.6,1.8,-0.07,-1.52,-32.83,2033,331,4347,0.035,-0.005,0.044,-0.056,-7.27,0.11,628,1547,-4347,0,0,7207,0.0801,-0.016,0.018,-0.082,-5.61,-1.55,639,1329,-6336,0,0,6727,0.0481,0.014,0.075,-0.025,-4.19,-2.97,652,4920,-4340,0,0,10488,0.0932,0.003,0.036,-0.064,-3.98,-3.18,653,4233,-6893,0,0
91.62,3,7451.4,-2308.17,-0.05,8240.65,89.0,0.7,-1.46,-0.15,1.0,0.0,1.0,2,4286,957.9,1.81,-0.07,-1.52,-33.43,2052,335,4363,0.0349,-0.004,0.044,-0.056,-7.21,0.05,631,1553,-4353,0,0,7217,0.0799,-0.012,0.018,-0.082,-5.56,-1.6,642,1342,-6312,0,0,6725,0.0484,0.011,0.075,-0.025,-4.17,-2.99,655,4933,-4338,0,0,10479,0.0933,0.003,0.038,-0.062,-4.06,-3.1,657,4245,-6887,0,0
91.64,3,7451.9,-2308.25,-0.05,8241.14,89.5,0.7,-1.46,-0.14,1.0,0.0,1.0,2,4309,961.4,1.81,-0.08,-1.51,-33.98,2071,338,4366,0.0349,-0.002,0.045,-0.055,-7.15,-0.01,634,1570,-4336,0,0,7230,0.0797,-0.009,0.019,-0.081,-5.51,-1.65,646,1353,-6270,0,0,6718,0.0486,0.009,0.077,-0.023,-4.23,-2.93,659,4961,-4336,0,0,10477,0.0933,0.002,0.038,-0.062,-4.08,-3.08,660,4259,-6912,0,0
91.66,3,7452.4,-2308.34,-0.05,8241.63,89.9,0.7,-1.46,-0.14,1.0,0.0,1.0,2,4331,964.8,1.82,-0.08,-1.51,-34.47,2091,341,4374,0.0349,-0.001,0.045,-0.055,-7.06,-0.1,637,1590,-4317,0,0,7241,0.0795,-0.007,0.018,-0.082,-5.36,-1.81,649,1344,-6218,0,0,6713,0.0487,0.008,0.077,-0.023,-4.26,-2.9,662,4960,-4348,0,0,10472,0.0934,0.002,0.038,-0.062,-4.12,-3.04,664,4264,-6935,0,0
91.68,3,7452.9,-2308.43,-0.05,8242.12,90.4,0.71,-1.46,-0.14,0.0,0.0,1.0,2,4354,968.3,1.82,-0.08,-1.5,-34.88,2112,345,4378,0.0349,0.0,0.043,-0.057,-6.85,-0.31,640,1594,-4288,0,0,7246,0.0794,-0.005,0.018,-0.082,-5.27,-1.89,652,1349,-6151,0,0,6710,0.0488,0.006,0.078,-0.022,-4.32,-2.84,666,4983,-4361,0,0,10468,0.0934,0.001,0.038,-0.062,-4.14,-3.02,668,4285,-6967,0,0
91.7,3,7453.4,-2308.53,-0.05,8242.62,90.8,0.64,-1.46,-0.13,0.0,0.0,1.0,2,4306,545.8,1.28,-0.08,-1.5,-35.01,2130,348,4402,0.0349,0.001,0.031,-0.069,-6.66,-0.51,634,1303,-4322,0,0,7266,0.0793,-0.004,0.011,-0.089,-5.17,-1.99,649,936,-6118,0,0,6700,0.049,0.006,0.055,-0.045,-4.38,-2.79,652,4155,-4647,0,0,10452,0.0934,0.001,0.018,-0.082,-4.17,-2.99,657,2653,-7163,0,0
91.72,3,7453.9,-2308.63,-0.05,8243.11,91.0,0.33,-1.49,-0.12,0.0,0.0,1.0,2,4235,209.6,0.73,-0.07,-1.5,-34.62,2141,349,4504,0.0351,0.009,0.011,-0.089,-6.48,-0.68,624,604,-4448,0,0,7414,0.0795,0.008,0.002,-0.098,-5.01,-2.15,645,266,-6141,0,0,6567,0.0489,-0.004,0.024,-0.076,-4.33,-2.84,636,2236,-4859,0,0,10364,0.0933,-0.006,-0.002,-0.098,-4.13,-3.04,646,180,-7204,0,0
91.74,3,7454.4,-2308.75,-0.05,8243.61,90.9,-0.04,-1.5,-0.12,0.0,0.0,1.0,2,4169,-207.6,0.2,-0.05,-1.5,-34.32,2144,349,4696,0.0356,0.028,-0.004,-0.096,-6.26,-0.9,614,-33,-4574,0,0,7647,0.0802,0.034,-0.002,-0.098,-4.84,-2.33,641,-152,-6186,0,0,6340,0.0483,-0.029,-0.008,-0.092,-4.32,-2.84,615,-79,-4806,0,0,10181,0.0928,-0.023,-0.012,-0.088,-4.14,-3.02,637,-858,-7084,0,0
91.76,3,7454.9,-2308.86,-0.05,8244.1,90.6,-0.31,-1.49,-0.11,0.58,0.0,1.0,2,4146,-206.4,0.2,-0.01,-1.51,-34.35,2140,347,4933,0.0366,0.051,-0.007,-0.093,-5.96,-1.21,611,-351,-4685,0,0,7901,0.0813,0.057,-0.004,-0.096,-4.54,-2.62,639,-440,-6160,0,0,6086,0.0473,-0.052,-0.008,-0.092,-4.36,-2.81,614,-621,-4635,0,0,9947,0.0919,-0.045,-0.017,-0.083,-4.2,-2.96,633,-2039,-6928,0,0
91.78,3,7455.4,-2308.98,-0.05,8244.58,90.4,-0.22,-1.47,-0.1,0.0,0.0,1.0,2,4203,209.5,0.73,0.04,-1.51,-34.55,2141,345,5067,0.038,0.066,0.004,-0.096,-5.62,-1.54,618,85,-4684,0,0,8029,0.0827,0.07,0.001,-0.099,-4.32,-2.84,642,37,-6042,0,0,5926,0.046,-0.064,0.024,-0.076,-4.4,-2.76,634,924,-4545,0,0,9784,0.0907,-0.059,-0.003,-0.097,-4.21,-2.96,641,-200,-6924,0,0
91.8,3,7455.9,-2309.11,-0.05,8245.07,90.3,-0.03,-1.45,-0.09,1.0,0.0,1.0,2,4146,-206.7,0.2,0.08,-1.51,-34.34,2147,344,5116,0.0391,0.056,-0.003,-0.097,-5.31,-1.86,612,1,-4564,0,0,8046,0.0839,0.058,-0.004,-0.096,-4.06,-3.1,638,-210,-5792,0,0,5888,0.0449,-0.054,-0.007,-0.093,-4.46,-2.7,611,99,-4566,0,0,9714,0.0897,-0.052,-0.011,-0.089,-4.29,-2.87,633,-740,-6935,0,0
91.82,3,7456.4,-2309.24,-0.05,8245.55,90.2,-0.19,-1.43,-0.08,1.0,0.0,1.0,2,4191,209.5,0.73,0.12,-1.51,-34.18,2147,343,5213,0.0402,0.056,0.004,-0.096,-4.94,-2.22,616,25,-4464,0,0,8087,0.0849,0.051,0.001,-0.099,-3.78,-3.38,640,13,-5525,0,0,5833,0.044,-0.047,0.023,-0.077,-4.5,-2.66,632,766,-4538,0,0,9599,0.0886,-0.053,-0.002,-0.098,-4.31,-2.85,639,-194,-6913,0,0
91.84,3,7456.9,-2309.37,-0.05,8246.03,90.2,0.1,-1.4,-0.07,1.0,0.0,1.0,2,4246,539.8,1.26,0.15,-1.5,-33.43,2154,343,5194,0.0412,0.052,0.013,-0.087,-4.59,-2.58,623,652,-4239,0,0,8003,0.0857,0.04,0.005,-0.095,-3.49,-3.67,644,449,-5164,0,0,5907,0.0432,-0.036,0.044,-0.056,-4.5,-2.67,645,2559,-4460,0,0,9606,0.0877,-0.048,0.015,-0.085,-4.36,-2.81,651,1074,-6928,0,0
91.86,3,7457.4,-2309.52,-0.05,8246.52,90.4,0.42,-1.35,-0.07,1.0,0.0,1.0,2,4338,965.3,1.82,0.16,-1.48,-32.5,2168,345,5096,0.0419,0.033,0.026,-0.074,-4.23,-2.93,634,1405,-3901,0,0,7805,0.086,0.014,0.014,-0.086,-3.3,-3.86,650,1228,-4748,0,0,6106,0.0431,-0.01,0.077,-0.023,-4.49,-2.67,667,4170,-4256,0,0,9698,0.0871,-0.029,0.039,-0.061,-4.33,-2.83,669,3525,-6815,0,0
91.88,3,7457.9,-2309.66,-0.05,8247.0,90.9,0.71,-1.28,-0.06,1.0,0.0,1.0,2,4374,971.5,1.83,0.16,-1.46,-31.42,2187,349,4961,0.0421,0.012,0.029,-0.071,-3.95,-3.21,639,1671,-3588,0,0,7528,0.0856,-0.02,0.013,-0.087,-3.05,-4.11,653,1401,-4339,0,0,6399,0.0435,0.024,0.08,-0.02,-4.45,-2.71,673,4755,-4290,0,0,9831,0.087,-0.007,0.043,-0.057,-4.31,-2.85,674,4374,-6774,0,0
91.9,3,7458.4,-2309.82,-0.05,8247.48,91.4,0.82,-1.23,-0.05,1.0,0.0,1.0,2,4397,975.3,1.83,0.14,-1.43,-30.03,2207,353,4848,0.0421,-0.003,0.029,-0.071,-3.63,-3.53,643,1764,-3314,0,0,7266,0.0847,-0.046,0.013,-0.087,-2.86,-4.31,657,1411,-3975,0,0,6694,0.0446,0.052,0.078,-0.022,-4.37,-2.79,675,5020,-4422,0,0,9965,0.0871,0.008,0.042,-0.058,-4.28,-2.88,676,4627,-6803,0,0
91.92,3,7459.0,-2309.98,-0.05,8247.97,92.1,1.02,-1.16,-0.04,1.0,0.0,1.0,2,4656,995.2,1.89,0.1,-1.39,-28.84,2232,358,4733,0.0418,-0.012,0.049,-0.051,-3.45,-3.71,662,2686,-2977,0,0,6985,0.0834,-0.064,0.026,-0.074,-2.68,-4.48,669,2513,-3603,0,0,7005,0.046,0.07,0.141,0.041,-4.38,-2.78,722,6675,-3681,0,0,10087,0.0875,0.018,0.1,0.0,-4.19,-2.97,719,7963,-5847,0,0
91.94,3,7459.5,-2310.14,-0.05,8248.46,92.9,1.24,-1.07,-0.03,1.0,0.0,1.0,2,4673,995.6,1.9,0.06,-1.35,-27.83,2261,364,4622,0.0414,-0.023,0.046,-0.054,-3.23,-3.93,667,2540,-2782,0,0,6664,0.0815,-0.095,0.027,-0.073,-2.62,-4.55,676,2375,-3298,0,0,7370,0.048,0.1,0.129,0.029,-4.35,-2.81,721,6868,-3963,0,0,10215,0.0881,0.028,0.09,-0.01,-4.25,-2.92,719,7810,-6046,0,0
91.96,3,7460.0,-2310.31,-0.05,8248.95,93.7,1.23,-1.07,-0.03,1.0,0.0,1.0,2,4705,996.3,1.9,0.0,-1.3,-26.25,2289,371,4542,0.0408,-0.028,0.046,-0.054,-3.04,-4.13,673,2538,-2600,0,0,6452,0.0794,-0.104,0.027,-0.073,-2.49,-4.67,682,2397,-3080,0,0,7627,0.0502,0.11,0.124,0.024,-4.35,-2.81,724,6956,-4178,0,0,10310,0.0888,0.035,0.087,-0.013,-4.18,-2.98,723,7703,-6141,0,0
91.98,3,7460.5,-2310.49,-0.05,8249.45,94.6,1.23,-1.06,-0.02,1.0,0.0,1.0,2,4737,997.0,1.91,-0.05,-1.25,-24.33,2316,377,4491,0.0402,-0.029,0.045,-0.055,-2.88,-4.28,680,2523,-2467,0,0,6309,0.0773,-0.103,0.027,-0.073,-2.38,-4.78,687,2406,-2914,0,0,7821,0.0524,0.11,0.117,0.017,-4.24,-2.93,728,7012,-4310,0,0,10379,0.0895,0.036,0.085,-0.015,-4.1,-3.07,727,7682,-6131,0,0
92.0,3,7461.0,-2310.67,-0.05,8249.94,95.4,1.23,-1.04,-0.02,1.0,0.0,1.0,2,4769,997.6,1.92,-0.1,-1.21,-22.21,2344,384,4455,0.0397,-0.028,0.044,-0.056,-2.76,-4.4,686,2504,-2342,0,0,6223,0.0754,-0.097,0.027,-0.073,-2.31,-4.85,692,2448,-2787,0,0,7956,0.0544,0.104,0.113,0.013,-4.09,-3.07,732,7059,-4345,0,0,10438,0.0902,0.035,0.083,-0.017,-4.0,-3.16,730,7688,-6076,0,0
92.02,3,7461.6,-2310.85,-0.05,8250.44,96.2,1.22,-1.02,-0.02,1.0,0.0,1.0,2,4803,998.3,1.93,-0.15,-1.17,-19.99,2373,391,4433,0.0391,-0.026,0.043,-0.057,-2.64,-4.53,693,2480,-2237,0,0,6169,0.0737,-0.088,0.028,-0.072,-2.26,-4.9,698,2440,-2683,0,0,8049,0.0563,0.095,0.107,0.007,-3.88,-3.28,736,7053,-4341,0,0,10476,0.0909,0.034,0.081,-0.019,-3.79,-3.37,735,7693,-5949,0,0
92.04,3,7462.1,-2311.05,-0.05,8250.95,97.0,1.22,-0.99,-0.01,1.0,0.0,1.0,2,4836,998.9,1.94,-0.19,-1.13,-17.79,2403,397,4438,0.0387,-0.023,0.042,-0.058,-2.51,-4.65,699,2470,-2167,0,0,6132,0.0721,-0.079,0.029,-0.071,-2.2,-4.96,703,2474,-2597,0,0,8113,0.058,0.084,0.103,0.003,-3.69,-3.47,740,7051,-4275,0,0,10475,0.0914,0.028,0.079,-0.021,-3.6,-3.56,739,7704,-5744,0,0
92.06,3,7462.7,-2311.25,-0.05,8251.46,97.9,1.22,-0.96,-0.01,1.0,0.0,1.0,2,4869,999.5,1.94,-0.23,-1.09,-15.68,2434,404,4456,0.0383,-0.017,0.041,-0.059,-2.41,-4.75,705,2486,-2105,0,0,6112,0.0707,-0.07,0.028,-0.072,-2.11,-5.05,708,2470,-2516,0,0,8164,0.0595,0.075,0.098,-0.002,-3.45,-3.71,744,7059,-4151,0,0,10467,0.0919,0.022,0.078,-0.022,-3.4,-3.76,743,7737,-5506,0,0
92.08,3,7463.2,-2311.45,-0.05,8251.97,98.7,1.22,-0.93,-0.01,1.0,0.0,1.0,2,4902,1000.1,1.95,-0.26,-1.06,-13.72,2467,411,4481,0.0381,-0.012,0.04,-0.06,-2.39,-4.77,711,2435,-2067,0,0,6094,0.0694,-0.062,0.028,-0.072,-2.09,-5.08,713,2477,-2451,0,0,8200,0.0609,0.067,0.094,-0.006,-3.22,-3.94,749,7039,-4007,0,0,10439,0.0922,0.016,0.076,-0.024,-3.18,-3.98,747,7751,-5230,0,0
92.1,3,7463.8,-2311.66,-0.05,8252.48,99.5,1.22,-0.89,-0.01,1.0,0.0,1.0,2,4937,1000.6,1.96,-0.28,-1.02,-11.96,2502,418,4517,0.038,-0.006,0.039,-0.061,-2.31,-4.85,717,2426,-2027,0,0,6073,0.0683,-0.056,0.03,-0.07,-2.0,-5.16,719,2525,-2379,0,0,8231,0.062,0.059,0.091,-0.009,-2.92,-4.24,753,7054,-3806,0,0,10397,0.0924,0.01,0.075,-0.025,-2.95,-4.22,752,7789,-4916,0,0
92.12,3,7464.3,-2311.87,-0.05,8252.99,100.4,1.22,-0.85,-0.01,1.0,0.0,1.0,2,4971,1001.1,1.97,-0.31,-0.99,-10.43,2538,425,4558,0.038,-0.001,0.039,-0.061,-2.27,-4.89,723,2426,-2004,0,0,6059,0.0673,-0.049,0.028,-0.072,-1.94,-5.22,724,2488,-2308,0,0,8259,0.0631,0.052,0.087,-0.013,-2.73,-4.43,758,7038,-3606,0,0,10346,0.0925,0.004,0.073,-0.027,-2.7,-4.46,756,7796,-4584,0,0
92.14,3,7464.9,-2312.09,-0.05,8253.51,101.2,1.21,-0.81,-0.01,1.0,0.0,1.0,2,5006,1001.7,1.98,-0.32,-0.96,-9.15,2575,432,4607,0.038,0.004,0.038,-0.062,-2.18,-4.98,729,2413,-1980,0,0,6045,0.0664,-0.044,0.028,-0.072,-1.91,-5.25,729,2490,-2256,0,0,8284,0.064,0.047,0.084,-0.016,-2.51,-4.66,763,7050,-3378,0,0,10291,0.0924,-0.002,0.071,-0.029,-2.45,-4.71,761,7814,-4242,0,0
92.16,3,7465.5,-2312.31,-0.05,8254.03,102.0,1.21,-0.76,-0.01,1.0,0.0,1.0,2,5041,1002.1,1.98,-0.34,-0.92,-8.13,2613,440,4663,0.0382,0.01,0.037,-0.063,-2.16,-5.0,735,2405,-1961,0,0,6019,0.0656,-0.04,0.028,-0.072,-1.86,-5.3,735,2510,-2172,0,0,8322,0.0649,0.042,0.081,-0.019,-2.26,-4.91,768,7059,-3156,0,0,10224,0.0923,-0.008,0.07,-0.03,-2.26,-4.9,766,7790,-3907,0,0
92.18,3,7466.0,-2312.54,-0.05,8254.56,102.9,1.21,-0.72,-0.02,1.0,0.0,1.0,2,5079,1002.6,1.99,-0.35,-0.89,-7.35,2653,447,4732,0.0386,0.016,0.036,-0.064,-2.1,-5.06,741,2417,-1937,0,0,5988,0.0649,-0.038,0.028,-0.072,-1.79,-5.37,741,2497,-2092,0,0,8343,0.0656,0.039,0.08,-0.02,-2.1,-5.06,773,7077,-2936,0,0,10128,0.092,-0.015,0.07,-0.03,-2.09,-5.07,772,7782,-3575,0,0
92.2,3,7466.6,-2312.77,-0.05,8255.09,103.7,1.21,-0.68,-0.02,1.0,0.0,1.0,2,5114,1003.1,2.0,-0.35,-0.85,-6.76,2693,454,4797,0.039,0.02,0.035,-0.065,-2.03,-5.13,747,2422,-1911,0,0,5960,0.0641,-0.036,0.027,-0.073,-1.71,-5.46,746,2493,-2001,0,0,8393,0.0664,0.038,0.078,-0.022,-1.91,-5.26,778,7087,-2737,0,0,10061,0.0916,-0.019,0.068,-0.032,-1.88,-5.28,777,7739,-3278,0,0
92.22,3,7467.2,-2313.0,-0.05,8255.62,104.6,1.21,-0.64,-0.02,1.0,0.0,1.0,2,5150,1003.5,2.01,-0.36,-0.81,-6.33,2734,462,4864,0.0395,0.025,0.034,-0.066,-1.94,-5.22,752,2427,-1862,0,0,5929,0.0635,-0.034,0.027,-0.073,-1.63,-5.53,752,2486,-1899,0,0,8456,0.0672,0.038,0.075,-0.025,-1.74,-5.42,783,7123,-2546,0,0,10001,0.0912,-0.022,0.067,-0.033,-1.74,-5.42,782,7716,-3015,0,0
92.24,3,7467.8,-2313.24,-0.05,8256.15,105.4,1.2,-0.6,-0.02,1.0,0.0,1.0,2,5190,1003.9,2.02,-0.36,-0.77,-6.0,2776,469,4926,0.04,0.028,0.033,-0.067,-1.85,-5.31,758,2435,-1809,0,0,5904,0.0628,-0.032,0.027,-0.073,-1.52,-5.65,758,2473,-1793,0,0,8512,0.0679,0.037,0.076,-0.024,-1.6,-5.56,789,7194,-2370,0,0,9945,0.0907,-0.022,0.066,-0.034,-1.58,-5.58,788,7707,-2765,0,0
92.26,3,7468.4,-2313.49,-0.05,8256.69,106.2,1.21,-0.56,-0.02,1.0,0.0,1.0,2,5226,1004.2,2.03,-0.37,-0.73,-5.77,2818,477,4975,0.0406,0.03,0.033,-0.067,-1.75,-5.41,764,2425,-1736,0,0,5879,0.0622,-0.031,0.027,-0.073,-1.42,-5.75,764,2461,-1673,0,0,8575,0.0687,0.039,0.073,-0.027,-1.48,-5.68,794,7178,-2214,0,0,9911,0.0903,-0.022,0.066,-0.034,-1.44,-5.73,793,7690,-2546,0,0
92.28,3,7469.0,-2313.74,-0.05,8257.23,107.1,1.2,-0.52,-0.01,1.0,0.0,1.0,2,5265,1004.5,2.04,-0.37,-0.69,-5.58,2861,484,5025,0.0412,0.031,0.032,-0.068,-1.63,-5.54,769,2437,-1645,0,0,5851,0.0616,-0.029,0.028,-0.072,-1.3,-5.86,770,2487,-1540,0,0,8619,0.0694,0.038,0.072,-0.028,-1.36,-5.8,800,7209,-2064,0,0,9855,0.0898,-0.022,0.065,-0.035,-1.35,-5.81,799,7656,-2362,0,0
92.3,3,7469.6,-2313.99,-0.05,8257.77,107.9,1.2,-0.49,-0.01,1.0,0.0,1.0,2,5304,1004.8,2.05,-0.37,-0.65,-5.39,2905,492,5073,0.0419,0.032,0.031,-0.069,-1.5,-5.66,775,2438,-1544,0,0,5824,0.0611,-0.027,0.026,-0.074,-1.2,-5.97,776,2474,-1416,0,0,8672,0.0702,0.036,0.071,-0.029,-1.26,-5.9,806,7242,-1937,0,0,9807,0.0894,-0.023,0.064,-0.036,-1.26,-5.9,805,7628,-2195,0,0
92.32,3,7470.2,-2314.24,-0.05,8258.32,108.8,1.2,-0.45,-0.01,1.0,0.0,1.0,2,5342,1005.1,2.06,-0.37,-0.61,-5.17,2949,500,5113,0.0425,0.032,0.031,-0.069,-1.37,-5.79,781,2443,-1420,0,0,5795,0.0606,-0.026,0.027,-0.073,-1.08,-6.09,781,2471,-1271,0,0,8725,0.0709,0.036,0.071,-0.029,-1.2,-5.97,812,7283,-1819,0,0,9768,0.0889,-0.022,0.065,-0.035,-1.18,-5.98,811,7624,-2039,0,0
92.34,3,7470.8,-2314.5,-0.05,8258.87,109.6,1.2,-0.42,-0.01,1.0,0.0,1.0,2,5381,1005.3,2.06,-0.37,-0.57,-4.9,2994,507,5165,0.0432,0.033,0.03,-0.07,-1.2,-5.96,787,2464,-1291,0,0,5761,0.06,-0.026,0.029,-0.071,-0.91,-6.25,787,2521,-1117,0,0,8788,0.0716,0.038,0.069,-0.031,-1.11,-6.05,817,7293,-1710,0,0,9723,0.0885,-0.021,0.064,-0.036,-1.11,-6.05,817,7566,-1901,0,0
92.36,3,7471.4,-2314.77,-0.05,8259.43,110.4,1.2,-0.38,-0.01,1.0,0.0,1.0,2,5420,1005.5,2.07,-0.38,-0.53,-4.54,3039,515,5211,0.0438,0.034,0.03,-0.07,-1.06,-6.1,792,2450,-1149,0,0,5740,0.0595,-0.025,0.026,-0.074,-0.82,-6.34,793,2459,-974,0,0,8844,0.0724,0.037,0.069,-0.031,-1.04,-6.12,823,7306,-1622,0,0,9689,0.088,-0.022,0.063,-0.037,-1.03,-6.13,823,7561,-1778,0,0
92.38,3,7472.0,-2315.03,-0.05,8259.99,111.3,1.2,-0.35,0.0,1.0,0.0,1.0,2,5458,1005.7,2.08,-0.38,-0.49,-4.08,3084,523,5249,0.0445,0.033,0.032,-0.068,-0.84,-6.32,798,2551,-967,0,0,5712,0.0591,-0.023,0.027,-0.073,-0.67,-6.5,799,2476,-817,0,0,8911,0.0731,0.037,0.068,-0.032,-0.97,-6.19,829,7331,-1526,0,0,9664,0.0876,-0.02,0.063,-0.037,-0.97,-6.2,829,7542,-1661,0,0
92.4,3,7472.6,-2315.3,-0.05,8260.55,112.1,1.2,-0.31,0.0,1.0,0.0,1.0,2,5498,1005.8,2.09,-0.38,-0.45,-3.53,3130,531,5280,0.0452,0.033,0.03,-0.07,-0.71,-6.45,804,2482,-809,0,0,5695,0.0586,-0.023,0.026,-0.074,-0.54,-6.62,805,2471,-656,0,0,8963,0.0739,0.039,0.068,-0.032,-0.85,-6.31,835,7354,-1408,0,0,9645,0.0873,-0.017,0.063,-0.037,-0.89,-6.28,834,7538,-1537,0,0
92.42,3,7473.2,-2315.57,-0.05,8261.11,113.0,1.2,-0.27,0.01,1.0,0.0,1.0,2,5537,1004.7,2.1,-0.38,-0.41,-2.85,3176,539,5332,0.0458,0.033,0.029,-0.071,-0.55,-6.61,810,2469,-634,0,0,5669,0.0582,-0.022,0.026,-0.074,-0.38,-6.78,811,2468,-477,0,0,9030,0.0746,0.038,0.067,-0.033,-0.81,-6.35,841,7355,-1322,0,0,9612,0.087,-0.016,0.063,-0.037,-0.82,-6.34,841,7553,-1407,0,0
92.44,3,7473.9,-2315.85,-0.05,8261.68,113.8,1.2,-0.23,0.01,1.0,0.0,1.0,2,5576,1003.2,2.11,-0.38,-0.38,-2.07,3223,547,5373,0.0465,0.034,0.028,-0.072,-0.4,-6.77,816,2460,-481,0,0,5633,0.0577,-0.022,0.026,-0.074,-0.19,-6.97,817,2466,-269,0,0,9092,0.0754,0.038,0.065,-0.035,-0.74,-6.42,847,7369,-1207,0,0,9574,0.0866,-0.017,0.063,-0.037,-0.73,-6.43,846,7528,-1274,0,0
92.46,3,7474.5,-2316.12,-0.05,8262.26,114.7,1.2,-0.19,0.01,1.0,0.0,1.0,2,5615,1001.6,2.12,-0.39,-0.34,-1.17,3269,555,5419,0.0472,0.034,0.027,-0.073,-0.25,-6.91,822,2443,-319,0,0,5598,0.0573,-0.023,0.026,-0.074,0.0,-7.16,822,2457,-55,0,0,9163,0.0762,0.04,0.065,-0.035,-0.63,-6.53,853,7411,-1076,0,0,9541,0.0863,-0.017,0.063,-0.037,-0.66,-6.51,852,7526,-1135,0,0
92.48,3,7475.2,-2316.4,-0.05,8262.83,115.5,1.2,-0.14,0.02,1.0,0.0,1.0,2,5656,999.9,2.13,-0.39,-0.3,-0.17,3317,564,5467,0.0479,0.035,0.027,-0.073,-0.1,-7.06,828,2450,-157,0,0,5559,0.0568,-0.024,0.027,-0.073,0.2,-6.96,828,2462,162,0,0,9219,0.077,0.04,0.064,-0.036,-0.56,-6.6,859,7376,-956,0,0,9488,0.0859,-0.018,0.063,-0.037,-0.56,-6.6,858,7541,-978,0,0
92.5,3,7475.8,-2316.69,-0.05,8263.41,116.4,1.2,-0.09,0.02,1.0,0.0,1.0,2,5695,998.2,2.14,-0.39,-0.26,0.92,3365,572,5520,0.0486,0.035,0.026,-0.074,0.07,-7.09,834,2452,23,0,0,5520,0.0563,-0.024,0.027,-0.073,0.4,-6.77,834,2459,380,0,0,9274,0.0778,0.038,0.063,-0.037,-0.47,-6.69,865,7395,-800,0,0,9430,0.0855,-0.021,0.063,-0.037,-0.47,-6.69,864,7516,-817,0,0
92.52,3,7476.5,-2316.97,-0.05,8264.0,117.2,1.19,-0.04,0.03,1.0,0.0,1.0,2,5736,996.4,2.15,-0.39,-0.22,2.1,3413,580,5570,0.0493,0.037,0.026,-0.074,0.22,-6.95,841,2437,195,0,0,5470,0.0558,-0.025,0.027,-0.073,0.6,-6.57,840,2468,595,0,0,9351,0.0786,0.04,0.063,-0.037,-0.35,-6.81,871,7402,-636,0,0,9379,0.0851,-0.022,0.064,-0.036,-0.36,-6.8,870,7510,-641,0,0
92.54,3,7477.1,-2317.26,-0.05,8264.59,118.0,1.19,0.01,0.03,1.0,0.0,1.0,2,5775,994.6,2.16,-0.39,-0.17,3.34,3462,589,5628,0.05,0.037,0.026,-0.074,0.37,-6.79,847,2424,380,0,0,5415,0.0553,-0.027,0.028,-0.072,0.8,-6.36,846,2460,811,0,0,9432,0.0794,0.042,0.061,-0.039,-0.25,-6.91,877,7394,-458,0,0,9323,0.0846,-0.022,0.064,-0.036,-0.25,-6.92,876,7494,-447,0,0
92.56,3,7477.8,-2317.55,-0.05,8265.18,118.9,1.19,0.06,0.03,1.0,0.0,1.0,2,5815,992.7,2.17,-0.4,-0.13,4.63,3511,597,5688,0.0508,0.039,0.026,-0.074,0.55,-6.62,853,2423,566,0,0,5381,0.0547,-0.028,0.028,-0.072,1.01,-6.15,852,2448,1027,0,0,9487,0.0803,0.043,0.06,-0.04,-0.13,-7.04,883,7374,-256,0,0,9258,0.0842,-0.025,0.064,-0.036,-0.12,-7.04,883,7483,-250,0,0
92.58,3,7478.4,-2317.84,-0.05,8265.78,119.7,1.19,0.12,0.04,1.0,0.0,1.0,2,5857,990.6,2.18,-0.4,-0.08,5.96,3560,605,5747,0.0516,0.04,0.026,-0.074,0.71,-6.45,860,2419,763,0,0,5328,0.0541,-0.029,0.03,-0.07,1.24,-5.93,858,2488,1240,0,0,9578,0.0811,0.043,0.059,-0.041,0.01,-7.15,889,7396,-42,0,0,9208,0.0836,-0.026,0.065,-0.035,0.02,-7.15,889,7505,-32,0,0
92.6,3,7479.1,-2318.13,-0.05,8266.39,120.6,1.19,0.18,0.04,1.0,0.0,1.0,2,5897,988.7,2.19,-0.4,-0.03,7.33,3609,614,5823,0.0525,0.042,0.025,-0.075,0.88,-6.28,866,2405,973,0,0,5264,0.0535,-0.03,0.029,-0.071,1.43,-5.73,864,2439,1437,0,0,9669,0.0821,0.046,0.059,-0.041,0.14,-7.02,895,7396,192,0,0,9130,0.0831,-0.026,0.065,-0.035,0.14,-7.02,895,7472,186,0,0
92.62,3,7479.8,-2318.42,-0.06,8266.99,121.4,1.19,0.24,0.05,1.0,0.0,1.0,2,5939,986.5,2.2,-0.4,0.02,8.72,3659,623,5897,0.0534,0.045,0.025,-0.075,1.06,-6.1,872,2409,1186,0,0,5193,0.0529,-0.033,0.031,-0.069,1.65,-5.51,870,2444,1627,0,0,9766,0.083,0.048,0.058,-0.042,0.29,-6.87,901,7426,454,0,0,9051,0.0825,-0.03,0.066,-0.034,0.3,-6.86,901,7451,414,0,0
92.64,3,7480.5,-2318.71,-0.06,8267.61,122.2,1.18,0.3,0.05,1.0,0.0,1.0,2,5979,984.4,2.2,-0.4,0.08,10.11,3709,631,5973,0.0543,0.047,0.025,-0.075,1.24,-5.92,879,2395,1413,0,0,5127,0.0521,-0.036,0.032,-0.068,1.87,-5.29,877,2435,1819,0,0,9876,0.0841,0.052,0.057,-0.043,0.44,-6.72,907,7419,721,0,0,8983,0.0819,-0.032,0.066,-0.034,0.44,-6.72,907,7436,663,0,0
92.66,3,7481.1,-2319.01,-0.06,8268.22,123.1,1.18,0.36,0.05,1.0,0.0,1.0,2,6022,982.1,2.21,-0.4,0.13,11.51,3759,640,6038,0.0553,0.048,0.025,-0.075,1.43,-5.73,885,2405,1644,0,0,5077,0.0514,-0.037,0.032,-0.068,2.1,-5.06,883,2441,2017,0,0,9956,0.0851,0.053,0.057,-0.043,0.61,-6.55,914,7429,1006,0,0,8917,0.0812,-0.032,0.068,-0.032,0.61,-6.56,914,7412,891,0,0
92.68,3,7481.8,-2319.3,-0.06,8268.85,123.9,1.18,0.43,0.06,1.0,0.0,1.0,2,6063,979.8,2.22,-0.41,0.19,12.9,3808,648,6124,0.0563,0.049,0.026,-0.074,1.66,-5.51,891,2430,1897,0,0,5006,0.0507,-0.036,0.034,-0.066,2.33,-4.84,889,2413,2191,0,0,10080,0.0862,0.054,0.057,-0.043,0.78,-6.38,920,7459,1318,0,0,8850,0.0806,-0.032,0.068,-0.032,0.77,-6.39,920,7381,1142,0,0
92.7,3,7482.5,-2319.6,-0.06,8269.47,124.7,1.17,0.49,0.06,1.0,0.0,1.0,2,6107,977.3,2.23,-0.41,0.26,14.3,3859,657,6206,0.0573,0.053,0.026,-0.074,1.87,-5.3,898,2427,2153,0,0,4945,0.0499,-0.04,0.035,-0.065,2.56,-4.6,895,2419,2369,0,0,10179,0.0874,0.059,0.057,-0.043,0.94,-6.23,927,7473,1621,0,0,8767,0.0799,-0.034,0.07,-0.03,0.94,-6.22,927,7356,1377,0,0
92.72,3,7483.2,-2319.89,-0.06,8270.1,125.6,1.17,0.56,0.07,1.0,0.0,1.0,2,6149,974.9,2.24,-0.41,0.32,15.68,3909,666,6285,0.0584,0.054,0.025,-0.075,2.06,-5.1,904,2400,2419,0,0,4888,0.0491,-0.039,0.036,-0.064,2.81,-4.35,902,2397,2543,0,0,10281,0.0885,0.058,0.057,-0.043,1.12,-6.04,933,7517,1957,0,0,8698,0.0792,-0.035,0.071,-0.029,1.12,-6.04,934,7335,1628,0,0
92.74,3,7483.9,-2320.19,-0.06,8270.74,126.4,1.17,0.63,0.07,1.0,0.0,1.0,2,6193,972.3,2.26,-0.41,0.38,17.06,3960,675,6371,0.0595,0.055,0.025,-0.075,2.25,-4.91,911,2370,2688,0,0,4822,0.0483,-0.04,0.039,-0.061,3.1,-4.06,908,2410,2710,0,0,10387,0.0897,0.061,0.057,-0.043,1.3,-5.86,940,7496,2280,0,0,8617,0.0785,-0.035,0.073,-0.027,1.34,-5.82,941,7301,1873,0,0
92.76,3,7484.6,-2320.48,-0.06,8271.38,127.2,1.17,0.7,0.07,1.0,0.0,1.0,2,6237,969.6,2.27,-0.41,0.45,18.42,4011,683,6446,0.0606,0.057,0.026,-0.074,2.5,-4.66,917,2393,2964,0,0,4760,0.0475,-0.041,0.039,-0.061,3.35,-3.82,915,2368,2867,0,0,10496,0.091,0.061,0.057,-0.043,1.47,-5.69,947,7503,2624,0,0,8546,0.0778,-0.037,0.074,-0.026,1.49,-5.67,947,7256,2115,0,0
92.78,3,7485.3,-2320.77,-0.06,8272.03,128.0,1.16,0.77,0.08,1.0,0.0,1.0,2,6281,966.9,2.28,-0.42,0.51,19.78,4062,692,6520,0.0618,0.056,0.026,-0.074,2.73,-4.43,924,2377,3254,0,0,4686,0.0466,-0.042,0.045,-0.055,3.73,-3.43,921,2411,3013,0,0,10603,0.0922,0.061,0.058,-0.042,1.68,-5.48,954,7539,2985,0,0,8465,0.077,-0.037,0.077,-0.023,1.74,-5.42,954,7241,2360,0,0
92.8,3,7486.1,-2321.06,-0.06,8272.69,128.8,1.16,0.84,0.08,1.0,0.0,1.0,2,6326,964.0,2.29,-0.42,0.58,21.11,4114,701,6597,0.0629,0.056,0.026,-0.074,2.95,-4.21,930,2373,3556,0,0,4622,0.0458,-0.043,0.044,-0.056,3.93,-3.23,928,2348,3145,0,0,10709,0.0934,0.063,0.059,-0.041,1.89,-5.27,961,7567,3352,0,0,8393,0.0763,-0.036,0.079,-0.021,1.94,-5.22,961,7186,2587,0,0
92.82,3,7486.8,-2321.35,-0.06,8273.35,129.6,1.15,0.91,0.09,1.0,0.0,1.0,2,6372,961.0,2.3,-0.42,0.65,22.44,4166,709,6678,0.064,0.058,0.027,-0.073,3.23,-3.93,937,2379,3861,0,0,4551,0.0449,-0.044,0.046,-0.054,4.22,-2.94,935,2333,3264,0,0,10822,0.0947,0.065,0.059,-0.041,2.06,-5.1,968,7592,3711,0,0,8314,0.0755,-0.037,0.079,-0.021,2.08,-5.08,969,7120,2793,0,0
92.84,3,7487.5,-2321.64,-0.06,8274.01,130.4,1.15,0.97,0.09,1.0,0.0,1.0,2,6418,957.9,2.31,-0.42,0.72,23.78,4218,718,6756,0.0652,0.059,0.027,-0.073,3.48,-3.68,943,2376,4180,0,0,4496,0.044,-0.045,0.048,-0.052,4.56,-2.6,942,2327,3390,0,0,10899,0.096,0.062,0.06,-0.04,2.25,-4.91,975,7605,4047,0,0,8214,0.0747,-0.041,0.082,-0.018,2.3,-4.86,976,7064,2997,0,0
92.86,3,7488.2,-2321.93,-0.06,8274.68,131.2,1.15,1.04,0.1,0.0,0.0,1.0,2,6464,954.8,2.32,-0.42,0.79,25.12,4271,727,6830,0.0664,0.058,0.028,-0.072,3.77,-3.4,950,2372,4484,0,0,4448,0.0431,-0.042,0.05,-0.05,4.86,-2.3,949,2292,3508,0,0,10992,0.0972,0.06,0.061,-0.039,2.47,-4.69,982,7660,4443,0,0,8146,0.0739,-0.04,0.084,-0.016,2.53,-4.63,984,7021,3211,0,0
92.88,3,7489.0,-2322.21,-0.06,8275.36,132.0,1.14,1.11,0.1,0.0,0.0,1.0,2,6483,518.3,1.62,-0.43,0.86,26.45,4322,735,6905,0.0676,0.059,0.029,-0.071,4.06,-3.11,956,2394,4799,0,0,4399,0.0423,-0.042,0.052,-0.048,5.21,-1.95,956,2288,3613,0,0,11107,0.0984,0.062,0.063,-0.037,2.67,-4.49,990,7718,4812,0,0,8095,0.0731,-0.039,0.086,-0.014,2.74,-4.43,991,6986,3421,0,0
92.9,3,7489.7,-2322.49,-0.06,8276.04,132.6,0.93,1.2,0.11,0.0,0.0,1.0,2,6348,111.9,0.9,-0.42,0.93,27.32,4368,742,7050,0.0688,0.061,0.018,-0.082,4.39,-2.77,947,1473,5234,0,0,4378,0.0415,-0.04,0.037,-0.063,5.56,-1.6,942,1652,3849,0,0,11155,0.0996,0.061,0.034,-0.066,2.89,-4.28,959,4562,5510,0,0,7939,0.0723,-0.04,0.056,-0.044,2.98,-4.19,957,5146,3995,0,0
92.92,3,7490.4,-2322.77,-0.06,8276.72,132.9,0.48,1.31,0.11,0.0,0.0,1.0,2,6124,-286.9,0.2,-0.4,1.0,27.74,4400,746,7339,0.0704,0.083,-0.003,-0.097,4.71,-2.45,935,241,5751,0,0,4493,0.041,-0.026,0.01,-0.09,5.97,-1.19,923,772,4200,0,0,11095,0.1005,0.046,-0.021,-0.079,3.1,-4.07,937,-637,5930,0,0,7661,0.0711,-0.062,-0.005,-0.095,3.11,-4.05,934,1532,4343,0,0
92.94,3,7491.2,-2323.04,-0.06,8277.41,132.7,-0.16,1.39,0.12,0.0,0.0,1.0,2,6136,-283.5,0.2,-0.36,1.07,28.04,4415,744,7779,0.0728,0.12,0.001,-0.099,5.05,-2.11,928,-161,6339,0,0,4752,0.0411,0.007,0.006,-0.094,6.32,-0.85,910,163,4583,0,0,10863,0.1008,0.015,0.003,-0.097,3.2,-3.96,916,-931,6038,0,0,7198,0.0691,-0.098,0.022,-0.078,3.28,-3.88,911,1169,4296,0,0
92.96,3,7491.9,-2323.3,-0.06,8278.09,132.6,-0.17,1.45,0.12,0.0,0.0,1.0,2,6080,-284.8,0.2,-0.3,1.15,28.77,4435,742,8110,0.0757,0.146,-0.005,-0.095,5.33,-1.83,931,-240,6813,0,0,4930,0.0418,0.032,0.001,-0.099,6.68,-0.48,914,154,4871,0,0,10698,0.1006,-0.012,-0.021,-0.079,3.35,-3.81,937,-1608,6194,0,0,6838,0.0666,-0.125,-0.003,-0.097,3.46,-3.71,934,657,4272,0,0
92.98,3,7492.6,-2323.56,-0.06,8278.78,132.4,-0.17,1.51,0.13,0.0,0.0,1.0,2,6117,-282.9,0.2,-0.23,1.23,29.75,4456,740,8359,0.0787,0.15,0.001,-0.099,5.69,-1.47,925,-92,7250,0,0,5043,0.0425,0.038,0.007,-0.093,7.06,-0.1,907,214,5087,0,0,10587,0.1002,-0.019,0.003,-0.097,3.55,-3.61,914,-930,6384,0,0,6547,0.064,-0.131,0.023,-0.077,3.62,-3.54,909,1103,4266,0,0
93.0,3,7493.4,-2323.81,-0.06,8279.47,132.2,-0.18,1.56,0.13,0.0,0.0,1.0,2,6060,-284.1,0.2,-0.17,1.3,30.87,4477,738,8543,0.0817,0.147,-0.005,-0.095,5.94,-1.22,928,-214,7595,0,0,5111,0.0433,0.038,0.002,-0.098,7.46,0.3,910,189,5255,0,0,10527,0.0998,-0.02,-0.021,-0.079,3.67,-3.5,935,-1566,6593,0,0,6328,0.0614,-0.129,-0.003,-0.097,3.79,-3.37,931,668,4314,0,0
93.02,3,7494.1,-2324.06,-0.06,8280.16,132.0,-0.18,1.61,0.14,0.0,0.0,1.0,2,6097,-282.2,0.2,-0.11,1.37,32.11,4495,736,8677,0.0845,0.14,0.001,-0.099,6.27,-0.89,922,-126,7910,0,0,5145,0.044,0.036,0.008,-0.092,7.86,0.7,902,251,5376,0,0,10498,0.0994,-0.019,0.002,-0.098,3.92,-3.24,911,-986,6858,0,0,6153,0.059,-0.123,0.024,-0.076,3.97,-3.19,906,1066,4340,0,0
93.04,3,7494.8,-2324.3,-0.06,8280.85,131.8,-0.19,1.66,0.15,0.0,0.0,1.0,2,6038,-283.4,0.2,-0.05,1.43,33.35,4510,733,8771,0.0871,0.13,-0.005,-0.095,6.59,-0.57,926,-215,8173,0,0,5153,0.0446,0.031,0.004,-0.096,8.28,1.12,905,223,5468,0,0,10501,0.0992,-0.015,-0.023,-0.077,4.08,-3.08,932,-1635,7103,0,0,6035,0.0567,-0.113,-0.001,-0.099,4.22,-2.94,928,677,4449,0,0
93.06,3,7495.6,-2324.53,-0.06,8281.55,131.6,-0.18,1.71,0.15,0.0,0.0,1.0,2,6073,-281.4,0.2,0.0,1.5,34.53,4522,731,8832,0.0895,0.118,0.001,-0.099,6.89,-0.27,919,-90,8405,0,0,5141,0.0452,0.026,0.011,-0.089,8.76,1.6,898,294,5521,0,0,10528,0.099,-0.009,0.001,-0.099,4.34,-2.82,908,-1053,7446,0,0,5953,0.0547,-0.102,0.024,-0.076,4.43,-2.74,903,1050,4550,0,0
93.08,3,7496.3,-2324.76,-0.06,8282.24,131.4,-0.19,1.75,0.16,0.0,0.0,1.0,2,6014,-282.6,0.2,0.04,1.55,35.63,4530,729,8864,0.0916,0.106,-0.005,-0.095,7.33,0.17,922,-164,8599,0,0,5124,0.0456,0.02,0.006,-0.094,9.2,2.04,900,273,5567,0,0,10565,0.0989,-0.003,-0.023,-0.077,4.58,-2.59,929,-1640,7719,0,0,5903,0.0529,-0.089,-0.001,-0.099,4.65,-2.51,925,700,4698,0,0
93.1,3,7497.0,-2324.98,-0.06,8282.93,131.2,-0.19,1.79,0.17,0.0,0.0,1.0,2,6049,-280.6,0.2,0.08,1.61,36.62,4535,726,8884,0.0935,0.094,0.001,-0.099,7.68,0.52,915,-94,8766,0,0,5098,0.0459,0.015,0.011,-0.089,9.56,2.4,893,306,5587,0,0,10608,0.0989,0.002,0.0,-0.1,4.76,-2.41,905,-1078,8020,0,0,5866,0.0513,-0.076,0.026,-0.074,4.9,-2.26,900,1027,4796,0,0
93.12,3,7497.8,-2325.19,-0.06,8283.63,131.0,-0.2,1.83,0.17,0.0,0.0,1.0,2,5989,-281.8,0.2,0.11,1.65,37.47,4535,724,8890,0.0951,0.082,-0.004,-0.096,8.02,0.86,918,-143,8899,0,0,5068,0.0461,0.01,0.007,-0.093,10.04,2.88,896,283,5600,0,0,10661,0.0991,0.007,-0.024,-0.076,4.98,-2.19,926,-1670,8256,0,0,5857,0.05,-0.065,0.001,-0.099,5.08,-2.09,921,707,4954,0,0
93.14,3,7498.5,-2325.39,-0.06,8284.32,130.7,-0.2,1.86,0.18,0.0,0.0,1.0,2,6021,-279.7,0.2,0.13,1.7,38.21,4534,721,8891,0.0965,0.071,0.001,-0.099,8.43,1.27,911,-51,9024,0,0,5030,0.0461,0.004,0.013,-0.087,10.52,3.36,888,332,5592,0,0,10713,0.0993,0.011,0.0,-0.1,5.26,-1.9,901,-1117,8548,0,0,5843,0.0489,-0.055,0.026,-0.074,5.34,-1.82,896,1004,5056,0,0
93.16,3,7499.2,-2325.59,-0.06,8285.02,130.5,-0.2,1.9,0.19,0.0,0.0,1.0,2,5959,-280.8,0.2,0.15,1.74,38.79,4529,719,8889,0.0977,0.061,-0.004,-0.096,8.85,1.68,913,-120,9122,0,0,4993,0.0462,0.0,0.009,-0.091,11.06,3.89,891,319,5583,0,0,10765,0.0996,0.014,-0.025,-0.075,5.37,-1.79,921,-1692,8763,0,0,5835,0.048,-0.047,0.0,-0.1,5.56,-1.61,917,668,5196,0,0
93.18,3,7499.9,-2325.78,-0.06,8285.72,130.2,-0.21,1.92,0.19,0.0,0.0,1.0,2,5991,-278.7,0.2,0.17,1.78,39.25,4522,716,8887,0.0988,0.053,0.001,-0.099,9.3,2.14,906,-38,9210,0,0,4971,0.0461,-0.003,0.016,-0.084,11.42,4.26,883,360,5577,0,0,10805,0.0999,0.016,-0.002,-0.098,5.59,-1.57,897,-1183,9002,0,0,5835,0.0472,-0.04,0.026,-0.074,5.76,-1.4,892,966,5295,0,0
93.2,3,7500.7,-2325.97,-0.06,8286.42,130.0,-0.21,1.95,0.2,0.0,0.0,1.0,2,5928,-279.7,0.2,0.18,1.81,39.59,4513,713,8886,0.0997,0.046,-0.004,-0.096,9.71,2.55,908,-72,9284,0,0,4936,0.046,-0.005,0.013,-0.087,12.13,4.97,885,364,5559,0,0,10843,0.1002,0.017,-0.026,-0.074,5.83,-1.33,917,-1684,9188,0,0,5820,0.0465,-0.034,0.001,-0.099,5.96,-1.2,913,651,5388,0,0
93.22,3,7501.4,-2326.14,-0.06,8287.11,129.7,-0.21,1.97,0.21,0.0,0.0,1.0,2,5957,-277.6,0.2,0.19,1.84,39.79,4502,710,8882,0.1005,0.039,0.002,-0.098,10.2,3.03,901,-13,9349,0,0,4918,0.0459,-0.007,0.017,-0.083,12.54,5.38,877,384,5549,0,0,10875,0.1006,0.017,-0.002,-0.098,6.01,-1.15,893,-1207,9409,0,0,5817,0.046,-0.029,0.027,-0.073,6.17,-0.99,888,910,5470,0,0
93.24,3,7502.1,-2326.31,-0.06,8287.81,129.4,-0.22,1.99,0.22,0.0,0.0,1.0,2,5893,-278.6,0.2,0.19,1.87,39.87,4490,707,8878,0.1011,0.033,-0.002,-0.098,10.72,3.55,902,-36,9397,0,0,4892,0.0457,-0.008,0.013,-0.087,13.11,5.95,880,365,5530,0,0,10905,0.1009,0.016,-0.026,-0.074,6.24,-0.93,912,-1671,9553,0,0,5810,0.0455,-0.025,0.001,-0.099,6.38,-0.79,908,609,5565,0,0
93.26,3,7502.8,-2326.47,-0.06,8288.51,129.1,-0.22,2.01,0.23,0.0,0.0,1.0,2,5922,-276.5,0.2,0.2,1.9,39.85,4476,704,8873,0.1017,0.029,0.006,-0.094,11.29,4.12,894,95,9436,0,0,4879,0.0455,-0.009,0.02,-0.08,13.67,6.5,871,417,5516,0,0,10917,0.1012,0.016,-0.003,-0.097,6.38,-0.78,888,-1188,9722,0,0,5799,0.045,-0.022,0.026,-0.074,6.63,-0.53,883,857,5614,0,0
93.28,3,7503.5,-2326.62,-0.06,8289.21,128.8,-0.23,2.02,0.24,0.0,0.0,1.0,2,5856,-277.4,0.2,0.2,1.92,39.75,4461,701,8870,0.1022,0.024,-0.002,-0.098,11.59,4.42,896,-2,9463,0,0,4868,0.0453,-0.009,0.015,-0.085,14.26,7.1,874,402,5507,0,0,10931,0.1015,0.013,-0.027,-0.073,6.61,-0.55,907,-1620,9837,0,0,5792,0.0446,-0.019,0.0,-0.1,6.75,-0.41,903,558,5689,0,0
93.3,3,7504.2,-2326.76,-0.06,8289.91,128.5,-0.23,2.04,0.24,0.0,0.0,1.0,2,5883,-275.2,0.2,0.21,1.94,39.57,4445,697,8872,0.1026,0.021,0.004,-0.096,12.13,4.96,888,65,9489,0,0,4861,0.0452,-0.008,0.023,-0.077,14.82,7.66,865,441,5494,0,0,10937,0.1017,0.012,-0.003,-0.097,6.69,-0.47,883,-1208,9956,0,0,5778,0.0443,-0.018,0.026,-0.074,6.99,-0.17,878,795,5718,0,0
93.32,3,7505.0,-2326.89,-0.06,8290.61,128.2,-0.24,2.05,0.25,0.0,0.0,1.0,2,5816,-276.0,0.2,0.21,1.96,39.31,4428,694,8864,0.103,0.018,0.0,-0.1,12.7,5.54,889,50,9499,0,0,4853,0.045,-0.008,0.019,-0.081,15.48,8.32,867,439,5483,0,0,10940,0.1019,0.01,-0.028,-0.072,6.85,-0.31,902,-1649,10009,0,0,5771,0.044,-0.016,-0.001,-0.099,7.1,-0.07,898,499,5781,0,0
93.34,3,7505.7,-2327.02,-0.06,8291.31,127.9,-0.25,2.05,0.26,0.0,0.0,1.0,2,5841,-273.8,0.2,0.21,1.97,38.98,4411,690,8859,0.1033,0.014,0.007,-0.093,13.24,6.08,880,130,9505,0,0,4856,0.0449,-0.007,0.026,-0.074,16.06,8.9,858,478,5478,0,0,10932,0.1021,0.007,-0.004,-0.096,6.99,-0.18,877,-1229,10129,0,0,5760,0.0437,-0.014,0.025,-0.075,7.22,0.05,873,717,5798,0,0
93.36,3,7506.4,-2327.14,-0.06,8292.01,127.5,-0.26,2.06,0.27,0.0,0.0,1.0,2,5774,-274.6,0.2,0.22,1.98,38.58,4392,687,8857,0.1035,0.012,-0.001,-0.099,13.68,6.52,881,71,9509,0,0,4855,0.0448,-0.006,0.023,-0.077,16.75,9.59,860,476,5469,0,0,10925,0.1022,0.005,-0.029,-0.071,7.11,-0.06,896,-1647,10155,0,0,5747,0.0434,-0.013,-0.001,-0.099,7.31,0.15,893,447,5833,0,0
93.38,3,7507.1,-2327.25,-0.06,8292.71,127.2,-0.26,2.06,0.29,0.0,0.0,1.0,2,5798,-272.4,0.2,0.22,1.99,38.15,4372,683,8861,0.1037,0.011,0.007,-0.093,14.26,7.09,872,161,9513,0,0,4867,0.0447,-0.004,0.03,-0.07,17.28,10.11,851,515,5472,0,0,10912,0.1022,0.002,-0.004,-0.096,7.23,0.07,871,-1234,10230,0,0,5738,0.0431,-0.013,0.025,-0.075,7.52,0.36,867,672,5856,0,0
93.4,3,7507.8,-2327.35,-0.06,8293.4,126.8,-0.27,2.07,0.3,0.0,0.0,1.0,2,5730,-273.2,0.2,0.22,2.0,37.66,4352,679,8862,0.1039,0.01,0.001,-0.099,14.72,7.56,873,120,9513,0,0,4872,0.0446,-0.003,0.027,-0.073,18.03,10.86,853,512,5469,0,0,10902,0.1022,0.001,-0.028,-0.072,7.37,0.21,890,-1570,10255,0,0,5728,0.0429,-0.012,-0.002,-0.098,7.59,0.43,887,403,5883,0,0
93.42,3,7508.5,-2327.45,-0.06,8294.1,126.5,-0.27,2.07,0.31,0.0,0.0,1.0,2,5754,-270.9,0.2,0.23,2.01,37.15,4331,676,8862,0.1041,0.008,0.008,-0.092,15.24,8.08,864,182,9507,0,0,4878,0.0446,-0.002,0.034,-0.066,18.56,11.4,844,547,5462,0,0,10882,0.1022,-0.002,-0.005,-0.095,7.41,0.24,866,-1236,10297,0,0,5709,0.0427,-0.012,0.023,-0.077,7.62,0.46,862,597,5869,0,0
93.44,3,7509.2,-2327.53,-0.06,8294.79,126.1,-0.28,2.07,0.32,0.0,0.0,1.0,2,5684,-271.7,0.2,0.23,2.01,36.61,4310,672,8863,0.1042,0.007,0.002,-0.098,15.73,8.56,865,161,9502,0,0,4888,0.0445,-0.001,0.029,-0.071,19.21,12.05,846,542,5464,0,0,10864,0.1021,-0.003,-0.029,-0.071,7.41,0.25,884,-1634,10281,0,0,5696,0.0424,-0.012,-0.003,-0.097,7.67,0.51,881,338,5888,0,0
93.46,3,7509.9,-2327.61,-0.06,8295.49,125.7,-0.29,2.07,0.33,0.0,0.0,1.0,2,5707,-269.4,0.2,0.24,2.02,36.03,4288,668,8855,0.1043,0.006,0.009,-0.091,16.22,9.06,856,226,9484,0,0,4893,0.0445,0.0,0.038,-0.062,19.85,12.69,836,579,5456,0,0,10839,0.102,-0.005,-0.005,-0.095,7.49,0.33,860,-1251,10317,0,0,5681,0.0422,-0.011,0.024,-0.076,7.84,0.68,855,563,5881,0,0
93.48,3,7510.6,-2327.68,-0.06,8296.18,125.4,-0.3,2.07,0.34,0.0,0.0,1.0,2,5636,-270.1,0.2,0.24,2.02,35.43,4266,664,8857,0.1044,0.004,0.004,-0.096,16.77,9.61,856,204,9477,0,0,4904,0.0445,0.001,0.034,-0.066,20.52,13.36,838,582,5457,0,0,10821,0.1019,-0.007,-0.03,-0.07,7.58,0.42,878,-1613,10306,0,0,5672,0.042,-0.011,-0.004,-0.096,7.86,0.7,875,302,5896,0,0
93.5,3,7511.3,-2327.74,-0.06,8296.87,125.0,-0.3,2.07,0.36,0.0,0.0,1.0,2,5658,-267.8,0.2,0.25,2.02,34.81,4242,660,8855,0.1045,0.004,0.011,-0.089,17.3,10.14,847,269,9461,0,0,4908,0.0446,0.001,0.044,-0.056,21.17,14.01,828,618,5448,0,0,10809,0.1017,-0.008,-0.005,-0.095,7.63,0.47,853,-1250,10327,0,0,5663,0.0418,-0.011,0.021,-0.079,7.79,0.63,850,487,5882,0,0
93.52,3,7512.0,-2327.8,-0.06,8297.56,124.6,-0.31,2.07,0.37,0.0,0.0,1.0,2,5587,-268.5,0.2,0.25,2.02,34.19,4218,656,8859,0.1046,0.004,0.005,-0.095,17.72,10.56,848,242,9455,0,0,4921,0.0446,0.001,0.037,-0.063,21.72,14.55,829,613,5453,0,0,10791,0.1016,-0.008,-0.029,-0.071,7.51,0.35,872,-1609,10287,0,0,5649,0.0416,-0.01,-0.006,-0.094,7.8,0.63,869,228,5878,0,0
93.54,3,7512.7,-2327.84,-0.06,8298.25,124.2,-0.32,2.06,0.38,0.0,0.0,1.0,2,5610,-266.2,0.2,0.26,2.02,33.55,4193,652,8853,0.1046,0.003,0.012,-0.088,18.24,11.08,838,293,9436,0,0,4924,0.0446,0.002,0.047,-0.053,22.34,15.18,820,645,5444,0,0,10772,0.1014,-0.008,-0.005,-0.095,7.61,0.45,848,-1277,10302,0,0,5643,0.0414,-0.009,0.02,-0.08,7.83,0.67,844,432,5869,0,0
93.56,3,7513.3,-2327.88,-0.06,8298.94,123.8,-0.33,2.06,0.39,0.0,0.0,1.0,2,5539,-266.9,0.2,0.26,2.02,32.89,4169,647,8847,0.1047,0.002,0.007,-0.093,18.77,11.61,838,281,9418,0,0,4934,0.0447,0.002,0.042,-0.058,22.9,15.74,821,642,5445,0,0,10749,0.1012,-0.009,-0.029,-0.071,7.65,0.49,866,-1615,10260,0,0,5636,0.0412,-0.009,-0.007,-0.093,7.81,0.64,863,188,5865,0,0
93.58,3,7514.0,-2327.91,-0.06,8299.62,123.4,-0.34,2.06,0.4,0.0,0.0,1.0,2,5560,-264.5,0.2,0.26,2.02,32.24,4143,643,8850,0.1047,0.0,0.015,-0.085,19.25,12.09,829,335,9407,0,0,4948,0.0447,0.003,0.051,-0.049,23.45,16.29,811,673,5448,0,0,10726,0.101,-0.011,-0.005,-0.095,7.59,0.43,841,-1247,10264,0,0,5625,0.0411,-0.009,0.019,-0.081,7.71,0.55,838,392,5841,0,0
93.6,3,7514.7,-2327.93,-0.06,8300.3,123.0,-0.35,2.05,0.42,0.0,0.0,1.0,2,5489,-265.2,0.2,0.27,2.02,31.59,4117,639,8844,0.1047,0.001,0.008,-0.092,19.6,12.44,829,299,9392,0,0,4954,0.0448,0.004,0.045,-0.055,24.05,16.89,812,671,5446,0,0,10708,0.1008,-0.012,-0.029,-0.071,7.59,0.43,860,-1638,10191,0,0,5620,0.0409,-0.008,-0.008,-0.092,7.68,0.52,857,144,5832,0,0
93.62,3,7515.4,-2327.95,-0.06,8300.98,122.6,-0.35,2.04,0.43,0.0,0.0,1.0,2,5510,-262.6,0.2,0.27,2.02,30.95,4091,635,8848,0.1047,0.001,0.015,-0.085,20.08,12.92,819,346,9383,0,0,4973,0.0449,0.005,0.055,-0.045,24.63,17.47,802,700,5455,0,0,10677,0.1005,-0.012,-0.005,-0.095,7.5,0.34,835,-1278,10178,0,0,5608,0.0407,-0.008,0.018,-0.082,7.62,0.46,832,348,5804,0,0
93.64,3,7516.1,-2327.95,-0.06,8301.66,122.1,-0.36,2.04,0.44,0.0,0.0,1.0,2,5438,-263.4,0.2,0.28,2.01,30.33,4064,630,8847,0.1047,0.0,0.009,-0.091,20.48,13.32,820,321,9372,0,0,4984,0.045,0.005,0.049,-0.051,25.14,17.98,803,687,5460,0,0,10660,0.1003,-0.013,-0.03,-0.07,7.35,0.19,854,-1674,10088,0,0,5601,0.0406,-0.008,-0.009,-0.091,7.6,0.43,851,112,5784,0,0
93.66,3,7516.7,-2327.95,-0.06,8302.34,121.7,-0.37,2.03,0.45,0.0,0.0,1.0,2,5460,-260.4,0.2,0.29,2.01,29.72,4037,626,8840,0.1047,0.0,0.016,-0.084,20.88,13.72,810,359,9353,0,0,4992,0.0451,0.005,0.058,-0.042,25.64,18.47,792,713,5458,0,0,10631,0.1,-0.013,-0.004,-0.096,7.37,0.21,829,-1246,10079,0,0,5592,0.0404,-0.008,0.017,-0.083,7.48,0.32,826,322,5752,0,0
93.68,3,7517.4,-2327.94,-0.06,8303.01,121.3,-0.38,2.02,0.46,0.0,0.0,1.0,2,5388,-261.3,0.2,0.29,2.0,29.13,4010,622,8829,0.1047,-0.002,0.01,-0.09,21.29,14.12,811,340,9333,0,0,5002,0.0452,0.006,0.053,-0.047,26.17,19.01,793,707,5462,0,0,10601,0.0997,-0.015,-0.03,-0.07,7.2,0.04,848,-1670,9972,0,0,5588,0.0403,-0.007,-0.009,-0.091,7.46,0.3,845,100,5734,0,0
93.7,3,7518.1,-2327.93,-0.06,8303.68,120.9,-0.38,2.01,0.47,0.0,0.0,1.0,2,5410,-258.3,0.2,0.3,2.0,28.57,3982,617,8824,0.1046,-0.003,0.017,-0.083,21.62,14.46,801,372,9319,0,0,5018,0.0453,0.006,0.061,-0.039,26.62,19.46,783,730,5470,0,0,10576,0.0994,-0.015,-0.004,-0.096,7.15,-0.02,824,-1279,9930,0,0,5582,0.0401,-0.007,0.018,-0.082,7.35,0.19,820,310,5693,0,0
93.72,3,7518.8,-2327.9,-0.06,8304.35,120.4,-0.39,2.0,0.48,0.0,0.0,1.0,2,5339,-259.2,0.2,0.3,1.99,28.06,3954,613,8822,0.1046,-0.001,0.011,-0.089,21.95,14.79,801,352,9309,0,0,5034,0.0455,0.007,0.055,-0.045,27.04,19.88,784,717,5482,0,0,10552,0.0991,-0.015,-0.029,-0.071,7.08,-0.08,842,-1661,9840,0,0,5581,0.04,-0.007,-0.01,-0.09,7.23,0.06,839,68,5669,0,0
93.74,3,7519.4,-2327.87,-0.06,8305.02,120.0,-0.4,1.99,0.49,0.0,0.0,1.0,2,5360,-256.2,0.2,0.31,1.99,27.56,3926,608,8816,0.1045,-0.003,0.018,-0.082,22.25,15.09,792,375,9294,0,0,5047,0.0456,0.007,0.064,-0.036,27.5,20.34,774,739,5487,0,0,10531,0.0988,-0.015,-0.004,-0.096,6.87,-0.3,818,-1283,9786,0,0,5583,0.0399,-0.005,0.017,-0.083,7.12,-0.04,814,303,5633,0,0
93.76,3,7520.1,-2327.83,-0.06,8305.68,119.6,-0.41,1.98,0.5,0.0,0.0,1.0,2,5290,-257.1,0.2,0.31,1.98,27.11,3898,604,8802,0.1044,-0.003,0.011,-0.089,22.54,15.38,793,345,9274,0,0,5053,0.0457,0.007,0.056,-0.044,27.81,20.65,775,725,5490,0,0,10504,0.0985,-0.015,-0.03,-0.07,6.79,-0.37,837,-1689,9663,0,0,5578,0.0398,-0.005,-0.01,-0.09,6.93,-0.23,834,47,5592,0,0
93.78,3,7520.8,-2327.78,-0.06,8306.34,119.1,-0.41,1.97,0.51,0.0,0.0,1.0,2,5312,-254.1,0.2,0.32,1.97,26.7,3870,600,8787,0.1043,-0.005,0.018,-0.082,22.78,15.62,783,367,9253,0,0,5064,0.0459,0.007,0.067,-0.033,28.26,21.09,764,746,5494,0,0,10471,0.0982,-0.017,-0.004,-0.096,6.64,-0.53,813,-1281,9590,0,0,5579,0.0397,-0.005,0.016,-0.084,6.81,-0.35,809,287,5547,0,0
93.8,3,7521.4,-2327.73,-0.06,8307.0,118.7,-0.42,1.96,0.52,0.0,0.0,1.0,2,5242,-255.1,0.2,0.32,1.96,26.35,3842,595,8785,0.1042,-0.005,0.011,-0.089,23.0,15.84,784,336,9246,0,0,5087,0.046,0.007,0.059,-0.041,28.56,21.4,766,730,5516,0,0,10444,0.0978,-0.017,-0.03,-0.07,6.49,-0.67,831,-1699,9469,0,0,5582,0.0396,-0.004,-0.01,-0.09,6.7,-0.46,828,40,5514,0,0
93.82,3,7522.1,-2327.67,-0.06,8307.65,118.3,-0.42,1.94,0.53,1.0,0.0,1.0,2,5264,-252.1,0.2,0.33,1.95,26.05,3814,591,8777,0.1042,-0.004,0.021,-0.079,23.35,16.19,774,399,9230,0,0,5104,0.0462,0.009,0.067,-0.033,28.85,21.68,755,749,5528,0,0,10412,0.0975,-0.017,-0.004,-0.096,6.41,-0.75,807,-1276,9402,0,0,5581,0.0395,-0.004,0.017,-0.083,6.49,-0.67,803,285,5455,0,0
93.84,3,7522.7,-2327.6,-0.06,8308.3,117.8,-0.43,1.93,0.54,1.0,0.0,1.0,2,5223,173.6,0.81,0.33,1.94,25.82,3785,587,8766,0.104,-0.007,0.011,-0.089,23.44,16.28,776,328,9219,0,0,5119,0.0464,0.009,0.059,-0.041,29.11,21.95,757,732,5541,0,0,10384,0.0971,-0.018,-0.03,-0.07,6.27,-0.89,826,-1721,9253,0,0,5585,0.0395,-0.003,-0.011,-0.089,6.41,-0.75,822,53,5417,0,0
93.86,3,7523.4,-2327.53,-0.06,8308.95,117.5,-0.32,1.91,0.54,1.0,0.0,1.0,2,5544,559.3,1.46,0.33,1.93,25.87,3760,583,8735,0.1039,-0.006,0.043,-0.057,23.57,16.41,796,762,9161,0,0,5117,0.0466,0.009,0.099,-0.001,29.35,22.19,780,980,5502,0,0,10382,0.0968,-0.017,0.071,-0.029,6.15,-1.02,895,3699,8894,0,0,5615,0.0394,-0.003,0.097,-0.003,6.26,-0.9,897,3099,4944,0,0
93.88,3,7524.0,-2327.44,-0.06,8309.6,117.6,0.38,1.82,0.55,0.0,0.0,1.0,2,5547,1004.3,2.1,0.31,1.92,27.44,3760,584,8418,0.1033,-0.032,0.058,-0.042,23.66,16.5,805,1283,8809,0,0,4915,0.0464,-0.009,0.128,0.028,29.51,22.34,795,1354,5216,0,0,10553,0.0968,-0.001,0.053,-0.047,6.14,-1.02,872,4651,8780,0,0,5911,0.0399,0.022,0.081,-0.019,6.26,-0.9,875,3880,4914,0,0
93.9,3,7524.7,-2327.35,-0.06,8310.25,117.7,0.31,1.85,0.55,0.0,0.0,1.0,2,5506,558.7,1.46,0.28,1.9,28.3,3754,585,8243,0.1021,-0.06,0.056,-0.044,23.67,16.51,803,1268,8645,0,0,4775,0.0457,-0.031,0.128,0.028,29.47,22.31,795,1379,5063,0,0,10691,0.0972,0.021,0.036,-0.064,6.09,-1.07,857,3653,9083,0,0,6098,0.0408,0.049,0.064,-0.036,6.16,-1.0,858,3484,5245,0,0
93.92,3,7525.3,-2327.26,-0.06,8310.89,117.7,0.12,1.88,0.55,0.0,0.0,1.0,2,5365,168.6,0.82,0.26,1.89,28.37,3740,585,8187,0.1009,-0.058,0.037,-0.063,23.64,16.48,788,917,8634,0,0,4713,0.0451,-0.034,0.104,0.004,29.45,22.28,777,1163,5046,0,0,10762,0.0977,0.025,0.006,-0.094,5.93,-1.23,833,1084,9357,0,0,6171,0.0418,0.049,0.029,-0.071,6.18,-0.98,830,1965,5671,0,0
93.94,3,7526.0,-2327.15,-0.06,8311.54,117.4,-0.27,1.89,0.55,0.0,0.0,1.0,2,5243,-251.2,0.2,0.24,1.88,27.79,3714,582,8297,0.1001,-0.038,0.025,-0.075,23.65,16.49,772,524,8767,0,0,4798,0.0446,-0.023,0.086,-0.014,29.47,22.31,757,922,5179,0,0,10691,0.098,0.016,-0.006,-0.094,5.87,-1.29,801,-1618,9212,0,0,6082,0.0424,0.031,0.016,-0.084,6.1,-1.07,796,268,5696,0,0
93.96,3,7526.6,-2327.04,-0.06,8312.18,116.9,-0.43,1.88,0.55,0.0,0.0,1.0,2,5166,-251.8,0.2,0.24,1.87,27.27,3685,578,8425,0.0999,-0.013,0.013,-0.087,23.64,16.47,771,360,8895,0,0,4910,0.0446,-0.001,0.066,-0.034,29.46,22.29,753,786,5315,0,0,10582,0.0979,-0.005,-0.029,-0.071,5.79,-1.37,821,-1824,9019,0,0,5961,0.0426,0.006,-0.007,-0.093,6.01,-1.15,817,162,5544,0,0
93.98,3,7527.3,-2326.92,-0.06,8312.81,116.5,-0.44,1.87,0.55,0.0,0.0,1.0,2,5186,-248.7,0.2,0.24,1.86,26.98,3659,573,8518,0.0999,-0.001,0.019,-0.081,23.51,16.35,761,357,8982,0,0,5001,0.0447,0.008,0.07,-0.03,29.48,22.32,742,757,5412,0,0,10481,0.0976,-0.014,-0.002,-0.098,5.62,-1.55,797,-1338,8891,0,0,5861,0.0425,-0.005,0.018,-0.082,5.77,-1.39,793,402,5395,0,0
94.0,3,7527.9,-2326.8,-0.06,8313.45,116.1,-0.45,1.86,0.56,0.0,0.0,1.0,2,5118,-249.8,0.2,0.25,1.86,26.89,3635,569,8600,0.1,0.007,0.01,-0.09,23.57,16.41,764,303,9061,0,0,5064,0.045,0.014,0.06,-0.04,29.49,22.33,743,724,5480,0,0,10411,0.0972,-0.02,-0.029,-0.071,5.59,-1.57,816,-1827,8727,0,0,5776,0.0422,-0.013,-0.01,-0.09,5.72,-1.44,812,108,5280,0,0
94.02,3,7528.6,-2326.67,-0.06,8314.07,115.7,-0.45,1.85,0.56,0.0,0.0,1.0,2,5145,-247.0,0.2,0.26,1.85,26.95,3612,565,8645,0.1002,0.01,0.017,-0.083,23.5,16.34,756,323,9103,0,0,5121,0.0453,0.016,0.066,-0.034,29.39,22.22,734,731,5539,0,0,10329,0.0967,-0.024,-0.003,-0.097,5.51,-1.65,791,-1361,8639,0,0,5707,0.0419,-0.017,0.018,-0.082,5.67,-1.49,787,406,5169,0,0
94.04,3,7529.2,-2326.53,-0.06,8314.7,115.2,-0.46,1.84,0.55,0.0,0.0,1.0,2,5080,-248.2,0.2,0.28,1.85,27.17,3589,561,8683,0.1004,0.012,0.009,-0.091,23.33,16.17,759,289,9142,0,0,5163,0.0457,0.019,0.057,-0.043,29.29,22.13,737,708,5586,0,0,10276,0.0962,-0.027,-0.029,-0.071,5.45,-1.72,810,-1848,8472,0,0,5663,0.0415,-0.019,-0.01,-0.09,5.54,-1.62,806,118,5102,0,0
94.06,3,7529.8,-2326.39,-0.06,8315.32,114.8,-0.46,1.83,0.55,0.0,0.0,1.0,2,5110,-245.5,0.2,0.29,1.84,27.48,3567,557,8705,0.1007,0.012,0.016,-0.084,23.23,16.06,751,304,9165,0,0,5191,0.0461,0.019,0.066,-0.034,29.18,22.02,729,723,5614,0,0,10228,0.0957,-0.025,-0.003,-0.097,5.36,-1.81,785,-1392,8422,0,0,5623,0.0411,-0.019,0.019,-0.081,5.52,-1.64,781,436,5036,0,0
94.08,3,7530.5,-2326.24,-0.06,8315.94,114.4,-0.46,1.83,0.55,0.0,0.0,1.0,2,5047,-246.7,0.2,0.31,1.84,27.88,3545,553,8709,0.1009,0.011,0.009,-0.091,23.1,15.94,755,273,9173,0,0,5218,0.0465,0.018,0.054,-0.046,28.93,21.77,732,694,5648,0,0,10184,0.0952,-0.026,-0.029,-0.071,5.32,-1.84,804,-1876,8316,0,0,5605,0.0407,-0.019,-0.009,-0.091,5.43,-1.74,800,149,4984,0,0
94.1,3,7531.1,-2326.08,-0.06,8316.55,114.0,-0.45,1.82,0.54,0.0,0.0,1.0,2,5078,-244.1,0.2,0.32,1.83,28.35,3522,549,8703,0.1011,0.007,0.015,-0.085,22.88,15.72,747,292,9172,0,0,5236,0.0468,0.017,0.063,-0.037,28.72,21.56,725,708,5667,0,0,10146,0.0946,-0.026,-0.001,-0.099,5.17,-2.0,780,-1384,8258,0,0,5595,0.0404,-0.016,0.019,-0.081,5.41,-1.75,776,466,4949,0,0
94.12,3,7531.7,-2325.92,-0.06,8317.16,113.6,-0.46,1.81,0.54,0.0,0.0,1.0,2,5018,-245.5,0.2,0.33,1.82,28.87,3500,545,8703,0.1012,0.007,0.007,-0.093,22.63,15.46,751,254,9179,0,0,5246,0.0471,0.016,0.052,-0.048,28.42,21.26,729,683,5683,0,0,10125,0.0942,-0.023,-0.03,-0.07,5.24,-1.92,799,-1910,8195,0,0,5586,0.0401,-0.015,-0.009,-0.091,5.36,-1.8,795,191,4934,0,0
94.14,3,7532.4,-2325.75,-0.06,8317.77,113.1,-0.45,1.81,0.53,0.0,0.0,1.0,2,5050,-242.9,0.2,0.34,1.82,29.42,3477,541,8711,0.1013,0.006,0.014,-0.086,22.36,15.19,745,277,9193,0,0,5252,0.0474,0.014,0.06,-0.04,27.99,20.83,721,696,5692,0,0,10116,0.0937,-0.021,-0.003,-0.097,5.19,-1.97,774,-1456,8190,0,0,5577,0.0398,-0.013,0.02,-0.08,5.38,-1.78,770,518,4907,0,0
94.16,3,7533.0,-2325.58,-0.06,8318.37,112.7,-0.45,1.81,0.52,0.0,0.0,1.0,2,4991,-244.4,0.2,0.35,1.81,30.0,3455,537,8693,0.1014,0.005,0.006,-0.094,22.01,14.85,749,244,9185,0,0,5245,0.0477,0.013,0.05,-0.05,27.62,20.46,726,672,5692,0,0,10103,0.0934,-0.019,-0.03,-0.07,5.2,-1.96,793,-1940,8145,0,0,5581,0.0396,-0.011,-0.008,-0.092,5.31,-1.85,789,233,4905,0,0
94.18,3,7533.6,-2325.4,-0.06,8318.97,112.3,-0.44,1.81,0.52,0.0,0.0,1.0,2,5026,-241.9,0.2,0.36,1.81,30.59,3432,533,8693,0.1015,0.002,0.014,-0.086,21.68,14.52,743,267,9193,0,0,5236,0.0478,0.009,0.058,-0.042,27.28,20.12,719,679,5687,0,0,10107,0.0931,-0.016,-0.003,-0.097,5.22,-1.94,769,-1476,8167,0,0,5581,0.0394,-0.009,0.021,-0.079,5.36,-1.8,765,551,4903,0,0
94.2,3,7534.2,-2325.21,-0.06,8319.56,111.9,-0.44,1.81,0.5,0.0,0.0,1.0,2,4968,-243.3,0.2,0.37,1.81,31.18,3408,529,8676,0.1015,0.002,0.006,-0.094,21.3,14.13,747,239,9187,0,0,5202,0.048,0.005,0.047,-0.053,26.78,19.62,724,656,5661,0,0,10123,0.0928,-0.012,-0.03,-0.07,5.15,-2.01,788,-1984,8135,0,0,5579,0.0393,-0.008,-0.007,-0.093,5.4,-1.76,784,289,4917,0,0
94.22,3,7534.9,-2325.02,-0.06,8320.15,111.5,-0.43,1.82,0.49,0.0,0.0,1.0,2,5003,-240.9,0.2,0.37,1.81,31.77,3385,525,8684,0.1015,-0.001,0.012,-0.088,20.82,13.66,741,250,9206,0,0,5197,0.048,0.001,0.054,-0.046,26.15,18.98,718,662,5663,0,0,10135,0.0926,-0.008,-0.003,-0.097,5.21,-1.96,764,-1517,8200,0,0,5577,0.0391,-0.007,0.022,-0.078,5.38,-1.78,759,601,4910,0,0
94.24,3,7535.5,-2324.82,-0.06,8320.73,111.1,-0.42,1.82,0.48,0.0,0.0,1.0,2,4947,-242.5,0.2,0.37,1.81,32.35,3363,522,8674,0.1015,0.002,0.005,-0.095,20.35,13.19,746,214,9209,0,0,5173,0.048,0.001,0.044,-0.056,25.63,18.47,724,633,5649,0,0,10146,0.0925,-0.006,-0.031,-0.069,5.26,-1.9,783,-1995,8204,0,0,5575,0.039,-0.007,-0.007,-0.093,5.41,-1.76,779,321,4928,0,0
94.26,3,7536.1,-2324.62,-0.06,8321.31,110.7,-0.41,1.82,0.47,0.0,0.0,1.0,2,4984,-240.1,0.2,0.37,1.81,32.91,3340,518,8660,0.1015,-0.001,0.012,-0.088,19.88,12.71,741,239,9208,0,0,5156,0.0479,-0.003,0.05,-0.05,24.96,17.8,718,637,5641,0,0,10150,0.0924,-0.005,-0.003,-0.097,5.31,-1.85,759,-1515,8274,0,0,5575,0.0389,-0.006,0.023,-0.077,5.47,-1.69,754,630,4940,0,0
94.28,3,7536.7,-2324.41,-0.06,8321.89,110.4,-0.4,1.83,0.45,0.0,0.0,1.0,2,4929,-241.7,0.2,0.38,1.81,33.45,3318,515,8651,0.1014,-0.003,0.003,-0.097,19.29,12.12,746,182,9215,0,0,5133,0.0479,-0.004,0.04,-0.06,24.29,17.13,723,607,5629,0,0,10157,0.0923,-0.005,-0.032,-0.068,5.3,-1.86,778,-1998,8273,0,0,5568,0.0388,-0.006,-0.005,-0.095,5.55,-1.62,773,394,4965,0,0
94.3,3,7537.3,-2324.19,-0.06,8322.46,110.0,-0.39,1.84,0.43,0.0,0.0,1.0,2,4967,-239.4,0.2,0.38,1.81,34.0,3295,511,8669,0.1014,-0.001,0.01,-0.09,18.71,11.54,740,207,9247,0,0,5119,0.0478,-0.005,0.046,-0.054,23.53,16.37,718,612,5625,0,0,10181,0.0923,-0.002,-0.004,-0.096,5.34,-1.82,754,-1558,8353,0,0,5558,0.0386,-0.006,0.024,-0.076,5.5,-1.66,749,671,4962,0,0
94.32,3,7537.9,-2323.97,-0.06,8323.03,109.6,-0.38,1.85,0.41,0.0,0.0,1.0,2,4912,-241.0,0.2,0.37,1.81,34.54,3274,508,8641,0.1014,-0.001,0.003,-0.097,18.09,10.93,745,169,9236,0,0,5102,0.0477,-0.005,0.035,-0.065,22.75,15.59,723,576,5623,0,0,10179,0.0923,-0.001,-0.032,-0.068,5.42,-1.75,773,-2008,8371,0,0,5567,0.0385,-0.005,-0.006,-0.094,5.59,-1.58,769,414,5010,0,0
94.34,3,7538.5,-2323.74,-0.06,8323.59,109.3,-0.37,1.85,0.4,0.0,0.0,1.0,2,4951,-238.7,0.2,0.37,1.82,35.05,3252,504,8638,0.1013,-0.005,0.008,-0.092,17.39,10.23,740,175,9249,0,0,5077,0.0475,-0.009,0.042,-0.058,21.91,14.75,718,581,5609,0,0,10208,0.0923,0.0,-0.004,-0.096,5.48,-1.69,749,-1540,8459,0,0,5569,0.0384,-0.004,0.025,-0.075,5.65,-1.51,744,732,5022,0,0
94.36,3,7539.1,-2323.51,-0.06,8324.15,108.9,-0.36,1.86,0.37,0.0,0.0,1.0,2,4898,-240.4,0.2,0.37,1.82,35.54,3231,501,8650,0.1013,-0.002,0.001,-0.099,16.66,9.5,746,115,9277,0,0,5049,0.0473,-0.011,0.03,-0.07,20.96,13.79,723,533,5598,0,0,10236,0.0923,0.004,-0.032,-0.068,5.53,-1.63,769,-1992,8507,0,0,5557,0.0384,-0.005,-0.004,-0.096,5.72,-1.44,764,467,5057,0,0
94.38,3,7539.7,-2323.27,-0.06,8324.7,108.6,-0.34,1.87,0.35,0.0,0.0,1.0,2,4937,-238.1,0.2,0.37,1.83,36.02,3211,498,8636,0.1012,-0.001,0.007,-0.093,15.91,8.75,740,130,9278,0,0,5017,0.047,-0.012,0.035,-0.065,19.99,12.83,718,528,5580,0,0,10252,0.0924,0.005,-0.003,-0.097,5.58,-1.58,745,-1502,8597,0,0,5549,0.0382,-0.006,0.026,-0.074,5.75,-1.41,740,783,5062,0,0
94.4,3,7540.3,-2323.02,-0.06,8325.25,108.2,-0.33,1.88,0.33,0.0,0.0,1.0,2,4883,-239.7,0.2,0.37,1.84,36.47,3190,495,8634,0.1012,-0.003,-0.001,-0.099,15.06,7.9,746,58,9291,0,0,4989,0.0468,-0.013,0.025,-0.075,18.97,11.81,723,482,5571,0,0,10280,0.0926,0.005,-0.032,-0.068,5.62,-1.54,765,-1962,8633,0,0,5544,0.0382,-0.004,-0.003,-0.097,5.79,-1.38,760,534,5098,0,0
94.42,3,7540.9,-2322.77,-0.06,8325.79,107.9,-0.31,1.89,0.3,0.0,0.0,1.0,2,4924,-237.5,0.2,0.36,1.84,36.89,3171,492,8618,0.1011,-0.004,0.005,-0.095,14.27,7.1,740,71,9283,0,0,4949,0.0465,-0.016,0.03,-0.07,17.89,10.73,718,471,5546,0,0,10299,0.0927,0.007,-0.003,-0.097,5.71,-1.46,741,-1465,8736,0,0,5537,0.0381,-0.005,0.028,-0.072,5.92,-1.24,736,852,5113,0,0
94.44,3,7541.5,-2322.51,-0.06,8326.33,107.6,-0.29,1.89,0.28,0.0,0.0,1.0,2,4871,-239.2,0.2,0.36,1.85,37.29,3152,489,8620,0.101,-0.005,-0.003,-0.097,13.35,6.19,746,-11,9286,0,0,4929,0.0461,-0.017,0.018,-0.082,16.7,9.54,723,416,5545,0,0,10316,0.0928,0.007,-0.031,-0.069,5.73,-1.44,761,-1884,8766,0,0,5525,0.0379,-0.005,-0.002,-0.098,5.94,-1.22,756,595,5143,0,0
94.46,3,7542.1,-2322.25,-0.06,8326.87,107.3,-0.27,1.9,0.25,0.0,0.0,1.0,2,4913,-237.1,0.2,0.35,1.86,37.67,3134,487,8625,0.101,-0.002,0.003,-0.097,12.39,5.23,741,-1,9279,0,0,4903,0.0458,-0.016,0.023,-0.077,15.53,8.37,718,405,5532,0,0,10345,0.093,0.008,-0.002,-0.098,5.83,-1.33,737,-1396,8874,0,0,5521,0.0378,-0.006,0.03,-0.07,6.03,-1.13,732,920,5153,0,0
94.48,3,7542.7,-2321.98,-0.06,8327.4,107.0,-0.25,1.91,0.22,0.0,0.0,1.0,2,4861,-238.8,0.2,0.35,1.87,38.01,3116,484,8612,0.1009,-0.002,-0.005,-0.095,11.41,4.25,746,-85,9233,0,0,4882,0.0455,-0.016,0.013,-0.087,14.27,7.11,723,344,5524,0,0,10363,0.0932,0.009,-0.031,-0.069,5.91,-1.26,758,-1820,8912,0,0,5526,0.0377,-0.005,0.0,-0.1,6.13,-1.03,753,675,5204,0,0
94.5,3,7543.3,-2321.71,-0.06,8327.92,106.7,-0.23,1.91,0.19,0.0,0.0,1.0,2,4903,-236.6,0.2,0.34,1.88,38.29,3099,481,8607,0.1008,-0.005,0.001,-0.099,10.39,3.23,742,-70,9160,0,0,4844,0.0451,-0.018,0.017,-0.083,12.93,5.77,718,330,5484,0,0,10408,0.0934,0.009,-0.001,-0.099,5.99,-1.17,734,-1305,9028,0,0,5530,0.0377,-0.004,0.032,-0.068,6.18,-0.99,729,983,5211,0,0
94.52,3,7543.9,-2321.43,-0.06,8328.44,106.5,-0.21,1.91,0.16,0.0,0.0,1.0,2,4852,-238.4,0.2,0.34,1.89,38.47,3083,479,8586,0.1007,-0.005,-0.006,-0.094,9.32,2.16,747,-169,9017,0,0,4822,0.0447,-0.018,0.007,-0.093,11.51,4.35,723,263,5445,0,0,10419,0.0936,0.011,-0.029,-0.071,6.05,-1.11,755,-1707,9057,0,0,5536,0.0376,-0.002,0.001,-0.099,6.27,-0.9,750,745,5263,0,0
94.54,3,7544.5,-2321.14,-0.06,8328.96,106.2,-0.19,1.9,0.13,0.0,0.0,1.0,2,4895,-236.3,0.2,0.33,1.89,38.49,3068,477,8550,0.1005,-0.009,0.0,-0.1,8.19,1.03,742,-145,8767,0,0,4817,0.0444,-0.017,0.012,-0.088,10.12,2.96,718,255,5388,0,0,10406,0.0937,0.007,-0.001,-0.099,6.08,-1.08,731,-1240,9128,0,0,5550,0.0376,-0.001,0.033,-0.067,6.34,-0.82,726,1036,5284,0,0
94.56,3,7545.1,-2320.85,-0.06,8329.47,106.0,-0.16,1.89,0.09,0.0,0.0,1.0,2,4844,-238.1,0.2,0.32,1.9,38.27,3053,475,8516,0.1003,-0.01,-0.006,-0.094,7.0,-0.16,747,-235,8385,0,0,4798,0.0441,-0.016,0.003,-0.097,8.68,1.52,723,198,5255,0,0,10415,0.0938,0.006,-0.029,-0.071,6.16,-1.0,752,-1633,9150,0,0,5577,0.0376,0.001,0.002,-0.098,6.32,-0.84,748,806,5337,0,0
94.58,3,7545.7,-2320.55,-0.06,8329.98,105.8,-0.14,1.85,0.06,0.0,0.0,1.0,2,4887,-236.0,0.2,0.31,1.89,37.64,3039,473,8458,0.1,-0.015,0.0,-0.1,5.92,-1.24,742,-196,7789,0,0,4809,0.0438,-0.014,0.008,-0.092,7.12,-0.04,718,195,5035,0,0,10413,0.094,0.005,0.001,-0.099,6.2,-0.96,729,-1124,9207,0,0,5640,0.0377,0.007,0.034,-0.066,6.38,-0.79,724,1079,5389,0,0
94.6,3,7546.3,-2320.25,-0.06,8330.48,105.6,-0.11,1.79,0.03,0.0,0.0,1.0,2,4837,-237.8,0.2,0.31,1.88,36.38,3025,471,8388,0.0996,-0.02,-0.005,-0.095,4.69,-2.48,747,-297,6922,0,0,4846,0.0437,-0.008,0.0,-0.1,5.7,-1.46,723,124,4660,0,0,10378,0.094,0.001,-0.028,-0.072,6.13,-1.04,749,-1508,9166,0,0,5717,0.038,0.014,0.001,-0.099,6.4,-0.76,745,803,5489,0,0
94.62,3,7546.9,-2319.94,-0.06,8330.98,105.5,-0.09,1.69,-0.01,0.0,0.0,1.0,2,4879,-235.6,0.2,0.3,1.86,34.2,3013,470,8275,0.0991,-0.028,0.001,-0.099,3.67,-3.49,741,-204,5782,0,0,4911,0.0436,-0.001,0.005,-0.095,4.24,-2.92,719,134,4041,0,0,10311,0.0939,-0.005,0.002,-0.098,6.14,-1.03,726,-982,9136,0,0,5835,0.0385,0.022,0.033,-0.067,6.36,-0.81,721,1059,5561,0,0
94.64,3,7547.4,-2319.62,-0.06,8331.47,105.3,-0.08,1.55,-0.04,0.0,0.0,1.0,2,4828,-237.4,0.2,0.29,1.82,30.8,3001,468,8124,0.0983,-0.04,-0.006,-0.094,2.54,-4.62,745,-318,4391,0,0,5032,0.0439,0.011,-0.002,-0.098,2.94,-4.22,725,29,3182,0,0,10174,0.0935,-0.017,-0.026,-0.074,6.06,-1.1,747,-1316,8968,0,0,5997,0.0391,0.034,-0.001,-0.099,6.27,-0.89,743,724,5694,0,0
94.66,3,7548.0,-2319.31,-0.05,8331.96,105.2,-0.06,1.38,-0.07,1.0,0.0,1.0,2,4869,-235.2,0.2,0.28,1.77,25.97,2990,467,7927,0.0971,-0.056,0.001,-0.099,1.26,-5.9,739,-194,2553,0,0,5205,0.0444,0.027,0.003,-0.097,1.95,-5.21,720,68,2350,0,0,9985,0.0929,-0.034,0.005,-0.095,5.88,-1.28,723,-720,8737,0,0,6205,0.0401,0.049,0.029,-0.071,6.06,-1.1,719,926,5786,0,0
94.68,3,7548.6,-2318.99,-0.05,8332.45,105.1,-0.07,1.18,-0.1,1.0,0.0,1.0,2,4845,191.6,0.78,0.27,1.68,19.7,2979,466,7700,0.0957,-0.072,-0.005,-0.095,0.13,-7.03,741,-341,755,0,0,5414,0.0453,0.046,-0.004,-0.096,1.15,-6.02,727,-51,1532,0,0,9749,0.0918,-0.052,-0.023,-0.077,5.55,-1.61,744,-982,8340,0,0,6455,0.0414,0.066,-0.006,-0.094,5.64,-1.52,741,484,5867,0,0
94.7,3,7549.2,-2318.66,-0.05,8332.93,105.1,0.09,0.97,-0.12,1.0,0.0,1.0,2,5152,561.9,1.4,0.26,1.58,12.34,2972,466,7405,0.0939,-0.089,0.024,-0.076,-0.88,-6.28,757,1942,-814,0,0,5625,0.0466,0.064,0.029,-0.071,0.39,-6.78,752,1766,717,0,0,9517,0.0904,-0.068,0.083,-0.017,5.19,-1.97,805,4484,7442,0,0,6789,0.0431,0.085,0.098,-0.002,5.25,-1.91,807,4005,5372,0,0
94.72,3,7549.8,-2318.33,-0.05,8333.42,105.8,1.14,0.61,-0.14,1.0,0.0,1.0,2,5317,1004.9,2.05,0.22,1.44,5.54,2997,473,6658,0.091,-0.143,0.024,-0.076,-1.72,-5.44,759,2499,-1888,0,0,5594,0.0478,0.058,0.027,-0.073,-0.28,-6.89,757,2528,-59,0,0,9494,0.0892,-0.064,0.116,0.016,4.74,-2.42,826,7943,5711,0,0,7565,0.0459,0.137,0.126,0.026,4.78,-2.39,828,6759,4494,0,0
94.74,3,7550.4,-2318.0,-0.05,8333.91,106.7,1.23,0.44,-0.16,1.0,0.0,1.0,2,5333,1005.1,2.05,0.15,1.27,-1.89,3020,480,6045,0.0868,-0.211,0.03,-0.07,-2.5,-4.66,767,2509,-2615,0,0,5614,0.0486,0.043,0.027,-0.073,-0.86,-6.3,766,2479,-754,0,0,9456,0.0882,-0.049,0.106,0.006,4.21,-2.95,822,7923,5410,0,0,8264,0.05,0.205,0.107,0.007,4.22,-2.94,824,7099,4769,0,0
94.76,3,7551.0,-2317.67,-0.05,8334.41,107.5,1.21,0.34,-0.17,1.0,0.0,1.0,2,5348,1005.1,2.06,0.09,1.09,-10.04,3040,488,5577,0.0823,-0.228,0.035,-0.065,-3.2,-3.96,774,2505,-3087,0,0,5657,0.0494,0.042,0.027,-0.073,-1.41,-5.75,776,2396,-1394,0,0,9405,0.0873,-0.045,0.096,-0.004,3.53,-3.63,819,7877,4924,0,0,8844,0.0545,0.225,0.088,-0.012,3.49,-3.67,820,7197,4779,0,0
94.78,3,7551.6,-2317.33,-0.06,8334.9,108.3,1.19,0.21,-0.18,1.0,0.0,1.0,2,5368,1005.3,2.06,0.01,0.91,-18.29,3059,495,5225,0.0777,-0.231,0.04,-0.06,-3.74,-3.42,780,2485,-3356,0,0,5718,0.0503,0.043,0.027,-0.073,-1.93,-5.23,785,2336,-1969,0,0,9343,0.0864,-0.044,0.09,-0.01,2.7,-4.47,817,7955,4126,0,0,9300,0.0591,0.23,0.072,-0.028,2.67,-4.49,818,7183,4310,0,0
94.8,3,7552.2,-2316.98,-0.06,8335.41,109.2,1.17,0.04,-0.18,1.0,0.0,1.0,2,5393,1005.4,2.07,-0.05,0.73,-26.03,3078,503,4948,0.0732,-0.225,0.044,-0.056,-4.22,-2.94,786,2449,-3507,0,0,5825,0.0513,0.047,0.027,-0.073,-2.35,-4.81,793,2270,-2496,0,0,9238,0.0855,-0.045,0.085,-0.015,1.82,-5.35,817,8047,3041,0,0,9689,0.0636,0.227,0.061,-0.039,1.77,-5.39,819,7112,3355,0,0
94.82,3,7552.8,-2316.64,-0.06,8335.91,110.0,1.16,-0.16,-0.18,0.0,0.0,1.0,2,5426,1005.5,2.07,-0.12,0.54,-32.76,3100,511,4688,0.0688,-0.219,0.049,-0.051,-4.63,-2.53,793,2408,-3552,0,0,5980,0.0524,0.057,0.027,-0.073,-2.76,-4.4,802,2193,-2979,0,0,9064,0.0844,-0.055,0.083,-0.017,0.9,-6.26,819,8145,1720,0,0,10044,0.068,0.222,0.053,-0.047,0.85,-6.31,822,7021,2016,0,0
94.84,3,7553.4,-2316.29,-0.06,8336.42,110.8,1.14,-0.37,-0.18,0.0,0.0,1.0,2,5436,559.7,1.45,-0.17,0.35,-38.21,3124,518,4456,0.0645,-0.213,0.053,-0.047,-4.96,-2.21,799,2358,-3539,0,0,6176,0.0538,0.07,0.026,-0.074,-3.09,-4.07,809,2144,-3445,0,0,8845,0.083,-0.068,0.084,-0.016,0.0,-7.16,825,8153,381,0,0,10364,0.0723,0.215,0.048,-0.052,0.02,-7.15,827,6966,479,0,0
94.86,3,7554.0,-2315.95,-0.06,8336.94,111.5,1.0,-0.59,-0.17,0.0,0.0,1.0,2,5329,171.5,0.82,-0.22,0.16,-42.13,3148,525,4279,0.0605,-0.204,0.037,-0.063,-5.24,-1.92,787,1736,-3628,0,0,6414,0.0555,0.085,0.013,-0.087,-3.42,-3.74,803,1248,-3941,0,0,8583,0.0814,-0.08,0.056,-0.044,-0.81,-6.35,797,6448,-907,0,0,10632,0.0765,0.208,0.022,-0.078,-0.8,-6.37,806,3607,-1112,0,0
94.88,3,7554.7,-2315.6,-0.06,8337.45,111.8,0.41,-0.8,-0.16,0.0,0.0,1.0,2,5150,-249.6,0.2,-0.24,-0.04,-44.45,3159,528,4288,0.0568,-0.181,0.005,-0.095,-5.51,-1.65,763,535,-3866,0,0,6846,0.0578,0.113,-0.004,-0.096,-3.72,-3.44,792,-47,-4519,0,0,8115,0.0793,-0.109,-0.013,-0.087,-1.53,-5.63,753,338,-2089,0,0,10692,0.0802,0.185,-0.009,-0.091,-1.48,-5.69,789,-1115,-2553,0,0
94.9,3,7555.3,-2315.27,-0.06,8337.97,111.5,-0.37,-0.99,-0.16,0.0,0.0,1.0,2,5119,-247.9,0.2,-0.22,-0.24,-46.51,3152,525,4523,0.0543,-0.128,-0.008,-0.092,-5.67,-1.49,752,-369,-4152,0,0,7500,0.0611,0.168,-0.005,-0.095,-3.95,-3.22,790,-478,-5152,0,0,7415,0.076,-0.163,-0.005,-0.095,-2.22,-4.94,757,-600,-2877,0,0,10516,0.0829,0.133,-0.015,-0.085,-2.13,-5.04,784,-2425,-3751,0,0
94.92,3,7555.9,-2314.93,-0.06,8338.49,111.3,-0.39,-1.15,-0.15,0.0,0.0,1.0,2,5101,-247.1,0.2,-0.18,-0.44,-47.94,3153,522,4667,0.0526,-0.086,-0.007,-0.093,-5.79,-1.38,750,-298,-4329,0,0,8011,0.0653,0.208,-0.005,-0.095,-4.09,-3.07,788,-493,-5655,0,0,6812,0.0719,-0.206,-0.006,-0.094,-2.85,-4.31,754,-611,-3452,0,0,10403,0.0846,0.089,-0.016,-0.084,-2.75,-4.41,781,-2382,-4806,0,0
94.94,3,7556.5,-2314.6,-0.06,8339.01,111.0,-0.38,-1.28,-0.14,0.0,0.0,1.0,2,5083,-246.3,0.2,-0.12,-0.63,-48.83,3158,520,4750,0.0512,-0.068,-0.007,-0.093,-5.86,-1.3,747,-321,-4434,0,0,8390,0.0697,0.219,-0.004,-0.096,-4.28,-2.88,786,-449,-6053,0,0,6319,0.0675,-0.218,-0.007,-0.093,-3.43,-3.73,750,-578,-3837,0,0,10334,0.086,0.069,-0.018,-0.082,-3.28,-3.88,778,-2356,-5692,0,0
94.96,3,7557.1,-2314.28,-0.06,8339.53,110.7,-0.37,-1.39,-0.13,0.0,0.0,1.0,2,5064,-245.6,0.2,-0.06,-0.81,-49.33,3165,517,4815,0.0501,-0.055,-0.006,-0.094,-5.95,-1.21,744,-303,-4524,0,0,8680,0.0741,0.218,-0.005,-0.095,-4.36,-2.8,784,-476,-6368,0,0,5941,0.0632,-0.218,-0.008,-0.092,-3.97,-3.19,747,-580,-4119,0,0,10293,0.0871,0.055,-0.019,-0.081,-3.81,-3.36,775,-2340,-6433,0,0
94.98,3,7557.7,-2313.96,-0.06,8340.06,110.4,-0.37,-1.47,-0.12,0.0,0.0,1.0,2,5046,-244.8,0.2,0.0,-0.98,-49.51,3171,514,4863,0.0492,-0.043,-0.007,-0.093,-6.01,-1.16,741,-333,-4591,0,0,8891,0.0782,0.208,-0.004,-0.096,-4.53,-2.63,781,-467,-6653,0,0,5663,0.059,-0.207,-0.009,-0.091,-4.48,-2.69,744,-559,-4323,0,0,10267,0.088,0.044,-0.02,-0.08,-4.26,-2.9,772,-2327,-7052,0,0
95.0,3,7558.3,-2313.65,-0.06,8340.58,110.0,-0.36,-1.54,-0.12,0.0,0.0,1.0,2,5027,-244.0,0.2,0.06,-1.13,-49.43,3176,511,4896,0.0485,-0.035,-0.007,-0.093,-6.05,-1.12,739,-324,-4639,0,0,9013,0.082,0.19,-0.005,-0.095,-4.64,-2.52,779,-461,-6861,0,0,5475,0.0552,-0.189,-0.008,-0.092,-5.01,-2.15,741,-527,-4515,0,0,10253,0.0887,0.036,-0.021,-0.079,-4.68,-2.48,768,-2276,-7566,0,0
95.02,3,7559.0,-2313.34,-0.06,8341.11,109.7,-0.35,-1.6,-0.11,0.0,0.0,1.0,2,5009,-243.2,0.2,0.12,-1.26,-49.11,3179,508,4914,0.048,-0.029,-0.007,-0.093,-6.17,-1.0,737,-316,-4691,0,0,9067,0.0854,0.169,-0.005,-0.095,-4.73,-2.43,776,-492,-7013,0,0,5358,0.0519,-0.167,-0.01,-0.09,-5.36,-1.8,739,-555,-4653,0,0,10248,0.0894,0.031,-0.022,-0.078,-5.09,-2.07,765,-2299,-7999,0,0
95.04,3,7559.6,-2313.04,-0.06,8341.64,109.4,-0.35,-1.65,-0.1,0.0,0.0,1.0,2,4990,-242.4,0.2,0.16,-1.38,-48.64,3180,505,4926,0.0475,-0.024,-0.007,-0.093,-6.2,-0.96,734,-331,-4725,0,0,9074,0.0884,0.148,-0.005,-0.095,-4.86,-2.3,773,-476,-7149,0,0,5289,0.049,-0.145,-0.01,-0.09,-5.72,-1.44,736,-542,-4784,0,0,10255,0.0899,0.026,-0.023,-0.077,-5.45,-1.71,762,-2265,-8364,0,0
95.06,3,7560.2,-2312.74,-0.06,8342.16,109.1,-0.34,-1.69,-0.1,0.0,0.0,1.0,2,4971,-241.6,0.2,0.2,-1.47,-48.01,3177,502,4936,0.0471,-0.02,-0.007,-0.093,-6.32,-0.85,732,-334,-4765,0,0,9065,0.0909,0.126,-0.005,-0.095,-5.04,-2.12,770,-466,-7286,0,0,5264,0.0465,-0.123,-0.011,-0.089,-6.12,-1.04,733,-537,-4936,0,0,10269,0.0903,0.023,-0.023,-0.077,-5.86,-1.3,758,-2227,-8688,0,0
95.08,3,7560.8,-2312.46,-0.06,8342.69,108.7,-0.34,-1.73,-0.09,0.0,0.0,1.0,2,4952,-240.8,0.2,0.24,-1.56,-47.28,3172,499,4947,0.0468,-0.017,-0.007,-0.093,-6.48,-0.68,729,-328,-4820,0,0,9031,0.093,0.106,-0.005,-0.095,-5.13,-2.03,767,-465,-7371,0,0,5262,0.0445,-0.102,-0.01,-0.09,-6.49,-0.68,731,-535,-5051,0,0,10270,0.0908,0.021,-0.024,-0.076,-6.1,-1.07,755,-2236,-8906,0,0
95.1,3,7561.4,-2312.18,-0.06,8343.23,108.4,-0.33,-1.76,-0.09,0.0,0.0,1.0,2,4934,-240.0,0.2,0.26,-1.62,-46.48,3165,496,4952,0.0465,-0.014,-0.008,-0.092,-6.53,-0.63,727,-336,-4859,0,0,8980,0.0947,0.086,-0.005,-0.095,-5.3,-1.87,765,-477,-7459,0,0,5279,0.0428,-0.083,-0.012,-0.088,-6.67,-0.49,728,-552,-5164,0,0,10272,0.0911,0.017,-0.024,-0.076,-6.4,-0.76,752,-2211,-9091,0,0
95.12,3,7562.0,-2311.9,-0.06,8343.76,108.1,-0.33,-1.79,-0.09,0.0,0.0,1.0,2,4915,-239.2,0.2,0.29,-1.68,-45.62,3155,493,4959,0.0462,-0.012,-0.007,-0.093,-6.75,-0.41,724,-326,-4918,0,0,8940,0.0961,0.07,-0.005,-0.095,-5.49,-1.67,761,-462,-7572,0,0,5307,0.0415,-0.066,-0.012,-0.088,-6.91,-0.25,725,-547,-5273,0,0,10285,0.0914,0.015,-0.025,-0.075,-6.59,-0.57,749,-2193,-9258,0,0
95.14,3,7562.6,-2311.64,-0.06,8344.3,107.7,-0.33,-1.82,-0.09,0.0,0.0,1.0,2,4897,-238.4,0.2,0.3,-1.73,-44.74,3143,490,4958,0.046,-0.01,-0.007,-0.093,-6.82,-0.34,722,-327,-4951,0,0,8902,0.0973,0.057,-0.005,-0.095,-5.66,-1.5,758,-472,-7667,0,0,5333,0.0405,-0.053,-0.012,-0.088,-7.05,-0.11,723,-569,-5355,0,0,10304,0.0917,0.014,-0.026,-0.074,-6.76,-0.41,746,-2189,-9392,0,0
95.16,3,7563.2,-2311.38,-0.06,8344.83,107.4,-0.32,-1.84,-0.08,0.0,0.0,1.0,2,4878,-237.6,0.2,0.32,-1.76,-43.86,3129,487,4955,0.0458,-0.01,-0.007,-0.093,-6.98,-0.18,720,-322,-4998,0,0,8870,0.0982,0.046,-0.005,-0.095,-5.88,-1.28,755,-432,-7797,0,0,5357,0.0396,-0.042,-0.012,-0.088,-7.31,0.15,720,-569,-5432,0,0,10321,0.092,0.014,-0.026,-0.074,-6.94,-0.22,742,-2172,-9505,0,0
95.18,3,7563.8,-2311.12,-0.06,8345.37,107.0,-0.32,-1.86,-0.09,0.0,0.0,1.0,2,4860,-236.8,0.2,0.33,-1.8,-43.0,3114,484,4951,0.0456,-0.009,-0.007,-0.093,-7.28,0.12,717,-317,-5052,0,0,8839,0.0989,0.037,-0.006,-0.094,-6.02,-1.15,752,-463,-7887,0,0,5375,0.039,-0.033,-0.012,-0.088,-7.45,0.29,718,-569,-5490,0,0,10326,0.0922,0.013,-0.026,-0.074,-7.08,-0.08,739,-2152,-9591,0,0
95.2,3,7564.3,-2310.88,-0.06,8345.91,106.6,-0.32,-1.88,-0.09,0.0,0.0,1.0,2,4840,-236.0,0.2,0.33,-1.82,-42.17,3097,480,4947,0.0455,-0.008,-0.008,-0.092,-7.38,0.22,714,-320,-5098,0,0,8818,0.0995,0.029,-0.006,-0.094,-6.23,-0.93,749,-462,-7999,0,0,5388,0.0384,-0.027,-0.013,-0.087,-7.6,0.44,715,-567,-5541,0,0,10341,0.0925,0.011,-0.027,-0.073,-7.2,0.04,736,-2144,-9670,0,0
95.22,3,7564.9,-2310.64,-0.06,8346.45,106.3,-0.32,-1.9,-0.09,0.0,0.0,1.0,2,4821,-235.2,0.2,0.34,-1.84,-41.38,3080,477,4936,0.0453,-0.008,-0.008,-0.092,-7.64,0.48,712,-324,-5133,0,0,8802,0.1,0.024,-0.006,-0.094,-6.41,-0.76,746,-454,-8111,0,0,5397,0.038,-0.022,-0.014,-0.086,-7.62,0.46,713,-592,-5570,0,0,10357,0.0927,0.011,-0.026,-0.074,-7.36,0.2,733,-2112,-9745,0,0
95.24,3,7565.5,-2310.41,-0.06,8346.99,105.9,-0.32,-1.91,-0.09,0.0,0.0,1.0,2,4802,-234.4,0.2,0.34,-1.86,-40.65,3061,474,4921,0.0451,-0.009,-0.008,-0.092,-7.88,0.72,709,-314,-5170,0,0,8790,0.1004,0.02,-0.005,-0.095,-6.69,-0.47,742,-429,-8222,0,0,5398,0.0376,-0.019,-0.014,-0.086,-7.67,0.51,710,-602,-5583,0,0,10370,0.0929,0.011,-0.026,-0.074,-7.34,0.18,730,-2126,-9783,0,0
95.26,3,7566.1,-2310.19,-0.06,8347.53,105.5,-0.32,-1.93,-0.1,0.0,0.0,1.0,2,4783,-233.6,0.2,0.35,-1.88,-40.0,3042,471,4918,0.045,-0.009,-0.008,-0.092,-8.15,0.99,706,-308,-5214,0,0,8783,0.1007,0.016,-0.006,-0.094,-6.82,-0.34,739,-446,-8335,0,0,5395,0.0373,-0.016,-0.014,-0.086,-7.73,0.56,708,-599,-5596,0,0,10376,0.0931,0.009,-0.027,-0.073,-7.42,0.26,728,-2101,-9817,0,0
95.28,3,7566.7,-2309.98,-0.06,8348.08,105.2,-0.33,-1.94,-0.1,0.0,0.0,1.0,2,4764,-232.8,0.2,0.35,-1.9,-39.4,3022,467,4905,0.0448,-0.008,-0.008,-0.092,-8.44,1.28,703,-306,-5248,0,0,8768,0.101,0.014,-0.006,-0.094,-7.1,-0.06,736,-439,-8419,0,0,5394,0.037,-0.014,-0.014,-0.086,-7.75,0.59,705,-604,-5606,0,0,10381,0.0932,0.008,-0.027,-0.073,-7.5,0.33,725,-2106,-9849,0,0
95.3,3,7567.3,-2309.77,-0.06,8348.62,104.8,-0.33,-1.95,-0.11,0.0,0.0,1.0,2,4744,-231.9,0.2,0.35,-1.91,-38.88,3002,464,4892,0.0446,-0.009,-0.008,-0.092,-8.76,1.6,700,-296,-5280,0,0,8757,0.1012,0.01,-0.006,-0.094,-7.34,0.18,733,-450,-8518,0,0,5390,0.0368,-0.012,-0.014,-0.086,-7.87,0.71,702,-598,-5617,0,0,10389,0.0934,0.007,-0.026,-0.074,-7.55,0.38,722,-2097,-9868,0,0
95.32,3,7567.9,-2309.57,-0.06,8349.16,104.4,-0.33,-1.96,-0.11,0.0,0.0,1.0,2,4725,-231.1,0.2,0.35,-1.92,-38.43,2981,460,4884,0.0444,-0.009,-0.008,-0.092,-9.09,1.93,697,-269,-5314,0,0,8753,0.1014,0.008,-0.006,-0.094,-7.63,0.47,729,-434,-8614,0,0,5382,0.0365,-0.011,-0.015,-0.085,-7.81,0.65,700,-583,-5613,0,0,10388,0.0935,0.006,-0.026,-0.074,-7.59,0.42,719,-2077,-9878,0,0
95.34,3,7568.4,-2309.38,-0.06,8349.71,104.0,-0.34,-1.96,-0.12,0.0,0.0,1.0,2,4705,-230.3,0.2,0.35,-1.93,-38.05,2960,457,4882,0.0443,-0.008,-0.009,-0.091,-9.32,2.16,694,-286,-5345,0,0,8762,0.1015,0.007,-0.006,-0.094,-7.91,0.74,726,-424,-8723,0,0,5366,0.0363,-0.011,-0.014,-0.086,-7.79,0.63,697,-604,-5593,0,0,10390,0.0936,0.005,-0.027,-0.073,-7.55,0.39,716,-2078,-9887,0,0
95.36,3,7569.0,-2309.19,-0.06,8350.25,103.6,-0.34,-1.97,-0.13,0.0,0.0,1.0,2,4686,-229.4,0.2,0.35,-1.94,-37.74,2939,454,4880,0.0441,-0.007,-0.009,-0.091,-9.66,2.5,691,-267,-5378,0,0,8763,0.1016,0.007,-0.006,-0.094,-8.14,0.98,723,-418,-8809,0,0,5354,0.0361,-0.012,-0.015,-0.085,-7.83,0.67,695,-616,-5582,0,0,10388,0.0936,0.003,-0.026,-0.074,-7.59,0.43,714,-2062,-9892,0,0
95.38,3,7569.6,-2309.02,-0.06,8350.8,103.2,-0.34,-1.98,-0.13,0.0,0.0,1.0,2,4666,-228.6,0.2,0.36,-1.95,-37.52,2917,450,4875,0.044,-0.006,-0.009,-0.091,-10.01,2.85,687,-278,-5399,0,0,8762,0.1018,0.006,-0.007,-0.093,-8.33,1.16,719,-410,-8881,0,0,5337,0.0359,-0.011,-0.014,-0.086,-7.88,0.71,692,-596,-5564,0,0,10381,0.0937,0.002,-0.026,-0.074,-7.49,0.33,711,-2067,-9873,0,0
95.4,3,7570.2,-2308.85,-0.06,8351.35,102.8,-0.35,-1.98,-0.14,0.0,0.0,1.0,2,4645,-227.7,0.2,0.36,-1.96,-37.36,2896,447,4871,0.0438,-0.006,-0.008,-0.092,-10.3,3.14,684,-262,-5421,0,0,8771,0.1019,0.006,-0.007,-0.093,-8.6,1.44,716,-417,-8956,0,0,5319,0.0356,-0.011,-0.015,-0.085,-7.79,0.63,689,-605,-5544,0,0,10379,0.0937,0.001,-0.027,-0.073,-7.49,0.33,708,-2056,-9878,0,0
95.42,3,7570.7,-2308.69,-0.05,8351.89,102.4,-0.35,-1.98,-0.15,0.0,0.0,1.0,2,4625,-226.9,0.2,0.36,-1.97,-37.25,2874,443,4870,0.0437,-0.006,-0.009,-0.091,-10.72,3.56,680,-264,-5442,0,0,8770,0.102,0.005,-0.007,-0.093,-8.92,1.76,713,-408,-9021,0,0,5309,0.0354,-0.011,-0.014,-0.086,-7.85,0.69,687,-597,-5536,0,0,10371,0.0937,0.0,-0.026,-0.074,-7.53,0.37,706,-2060,-9864,0,0
95.44,3,7571.3,-2308.54,-0.05,8352.44,102.0,-0.36,-1.99,-0.16,0.0,0.0,1.0,2,4605,-226.0,0.2,0.36,-1.97,-37.19,2852,440,4873,0.0436,-0.005,-0.009,-0.091,-11.09,3.93,677,-253,-5464,0,0,8769,0.1021,0.004,-0.007,-0.093,-9.17,2.0,709,-392,-9081,0,0,5294,0.0352,-0.011,-0.014,-0.086,-7.74,0.58,684,-599,-5511,0,0,10360,0.0936,-0.002,-0.027,-0.073,-7.46,0.3,703,-2079,-9848,0,0
95.46,3,7571.9,-2308.39,-0.05,8352.98,101.6,-0.36,-1.99,-0.17,0.0,0.0,1.0,2,4584,-225.1,0.2,0.37,-1.98,-37.21,2830,436,4875,0.0436,-0.004,-0.009,-0.091,-11.44,4.27,673,-258,-5480,0,0,8772,0.1021,0.003,-0.007,-0.093,-9.47,2.31,706,-389,-9130,0,0,5277,0.035,-0.011,-0.014,-0.086,-7.81,0.65,681,-591,-5494,0,0,10346,0.0936,-0.003,-0.026,-0.074,-7.48,0.32,700,-2064,-9821,0,0
95.48,3,7572.4,-2308.26,-0.05,8353.53,101.2,-0.37,-1.99,-0.17,0.0,0.0,1.0,2,4564,-224.2,0.2,0.37,-1.98,-37.26,2808,433,4877,0.0435,-0.003,-0.009,-0.091,-11.72,4.56,669,-238,-5496,0,0,8770,0.1022,0.003,-0.007,-0.093,-9.75,2.59,703,-385,-9175,0,0,5264,0.0348,-0.01,-0.014,-0.086,-7.78,0.62,679,-579,-5482,0,0,10331,0.0935,-0.004,-0.026,-0.074,-7.41,0.25,698,-2072,-9795,0,0
95.5,3,7573.0,-2308.13,-0.05,8354.07,100.8,-0.37,-1.99,-0.18,0.0,0.0,1.0,2,4543,-223.3,0.2,0.37,-1.98,-37.35,2786,429,4885,0.0434,-0.002,-0.009,-0.091,-12.15,4.99,666,-240,-5513,0,0,8772,0.1023,0.003,-0.007,-0.093,-10.05,2.89,699,-369,-9221,0,0,5254,0.0346,-0.01,-0.015,-0.085,-7.72,0.56,676,-585,-5466,0,0,10317,0.0934,-0.005,-0.026,-0.074,-7.44,0.28,695,-2062,-9781,0,0
95.52,3,7573.5,-2308.01,-0.05,8354.62,100.4,-0.38,-1.99,-0.19,0.0,0.0,1.0,2,4521,-222.4,0.2,0.37,-1.99,-37.47,2764,426,4886,0.0434,-0.002,-0.009,-0.091,-12.5,5.34,662,-235,-5522,0,0,8770,0.1023,0.002,-0.007,-0.093,-10.29,3.12,696,-397,-9250,0,0,5241,0.0344,-0.01,-0.014,-0.086,-7.7,0.54,673,-590,-5446,0,0,10305,0.0933,-0.006,-0.026,-0.074,-7.42,0.26,692,-2051,-9775,0,0
95.54,3,7574.1,-2307.9,-0.05,8355.16,100.0,-0.38,-1.99,-0.2,0.0,0.0,1.0,2,4501,-221.5,0.2,0.38,-1.99,-37.63,2742,422,4890,0.0434,-0.001,-0.009,-0.091,-12.83,5.67,658,-229,-5532,0,0,8771,0.1023,0.001,-0.007,-0.093,-10.5,3.34,692,-373,-9280,0,0,5234,0.0342,-0.01,-0.014,-0.086,-7.66,0.5,670,-587,-5432,0,0,10295,0.0931,-0.007,-0.026,-0.074,-7.37,0.21,689,-2063,-9752,0,0
95.56,3,7574.6,-2307.79,-0.05,8355.7,99.5,-0.39,-1.99,-0.21,0.0,0.0,1.0,2,4479,-220.6,0.2,0.38,-1.99,-37.8,2719,419,4897,0.0434,-0.001,-0.009,-0.091,-13.21,6.05,654,-222,-5543,0,0,8774,0.1023,0.001,-0.008,-0.092,-10.79,3.63,689,-378,-9309,0,0,5227,0.034,-0.009,-0.014,-0.086,-7.7,0.53,668,-579,-5428,0,0,10283,0.093,-0.006,-0.026,-0.074,-7.34,0.18,687,-2057,-9728,0,0
95.58,3,7575.2,-2307.7,-0.05,8356.25,99.1,-0.39,-1.99,-0.22,0.0,0.0,1.0,2,4457,-219.7,0.2,0.38,-1.99,-37.99,2697,415,4901,0.0433,0.0,-0.009,-0.091,-13.53,6.36,650,-223,-5550,0,0,8777,0.1024,0.002,-0.008,-0.092,-11.03,3.86,685,-370,-9333,0,0,5215,0.0338,-0.009,-0.014,-0.086,-7.7,0.54,664,-572,-5419,0,0,10272,0.0929,-0.007,-0.026,-0.074,-7.38,0.22,684,-2048,-9724,0,0
95.6,3,7575.7,-2307.61,-0.05,8356.79,98.7,-0.4,-1.98,-0.22,0.0,0.0,1.0,2,4437,-218.8,0.2,0.39,-1.99,-38.19,2675,412,4905,0.0433,0.0,-0.009,-0.091,-13.84,6.68,647,-216,-5555,0,0,8774,0.1024,0.001,-0.007,-0.093,-11.29,4.12,682,-362,-9348,0,0,5206,0.0337,-0.009,-0.014,-0.086,-7.7,0.54,662,-569,-5407,0,0,10259,0.0927,-0.007,-0.026,-0.074,-7.41,0.24,681,-2038,-9713,0,0
95.62,3,7576.3,-2307.53,-0.05,8357.33,98.3,-0.4,-1.98,-0.23,0.0,0.0,1.0,2,4415,-217.9,0.2,0.39,-1.99,-38.42,2652,408,4917,0.0434,0.001,-0.009,-0.091,-14.13,6.97,643,-219,-5568,0,0,8773,0.1024,0.0,-0.008,-0.092,-11.5,4.34,679,-361,-9363,0,0,5207,0.0335,-0.008,-0.014,-0.086,-7.62,0.46,659,-561,-5399,0,0,10243,0.0926,-0.008,-0.026,-0.074,-7.36,0.2,678,-2055,-9679,0,0
95.64,3,7576.8,-2307.45,-0.05,8357.86,97.8,-0.4,-1.98,-0.24,0.0,0.0,1.0,2,4393,-217.0,0.2,0.4,-1.99,-38.66,2630,404,4916,0.0434,0.001,-0.01,-0.09,-14.43,7.26,639,-207,-5568,0,0,8771,0.1024,0.0,-0.007,-0.093,-11.75,4.59,675,-345,-9373,0,0,5193,0.0334,-0.008,-0.014,-0.086,-7.67,0.51,656,-564,-5387,0,0,10226,0.0924,-0.009,-0.026,-0.074,-7.32,0.16,675,-2073,-9664,0,0
95.66,3,7577.4,-2307.39,-0.05,8358.4,97.4,-0.41,-1.98,-0.24,0.0,0.0,1.0,2,4372,-216.1,0.2,0.4,-1.99,-38.91,2607,401,4925,0.0434,0.001,-0.01,-0.09,-14.71,7.55,635,-209,-5576,0,0,8773,0.1024,0.0,-0.008,-0.092,-11.94,4.78,672,-345,-9385,0,0,5182,0.0332,-0.008,-0.014,-0.086,-7.67,0.51,653,-556,-5381,0,0,10209,0.0922,-0.009,-0.025,-0.075,-7.27,0.11,673,-2037,-9651,0,0
95.68,3,7577.9,-2307.33,-0.05,8358.94,97.0,-0.41,-1.98,-0.25,0.0,0.0,1.0,2,4351,-215.2,0.2,0.4,-1.99,-39.16,2585,397,4931,0.0434,0.001,-0.009,-0.091,-14.99,7.83,632,-203,-5581,0,0,8776,0.1024,0.001,-0.008,-0.092,-12.14,4.98,669,-351,-9396,0,0,5172,0.0331,-0.008,-0.014,-0.086,-7.66,0.5,650,-551,-5369,0,0,10195,0.092,-0.009,-0.025,-0.075,-7.41,0.24,670,-2029,-9648,0,0
95.7,3,7578.4,-2307.28,-0.05,8359.47,96.5,-0.41,-1.98,-0.25,0.0,0.0,1.0,2,4329,-214.2,0.2,0.41,-1.99,-39.41,2562,394,4932,0.0435,0.002,-0.009,-0.091,-15.19,8.03,628,-205,-5581,0,0,8776,0.1024,0.0,-0.007,-0.093,-12.33,5.17,665,-342,-9402,0,0,5163,0.0329,-0.008,-0.013,-0.087,-7.68,0.52,647,-539,-5368,0,0,10184,0.0918,-0.01,-0.026,-0.074,-7.34,0.18,667,-2062,-9629,0,0
95.72,3,7579.0,-2307.24,-0.05,8360.0,96.1,-0.42,-1.97,-0.26,0.0,0.0,1.0,2,4308,-213.4,0.2,0.41,-1.99,-39.66,2540,390,4935,0.0435,0.001,-0.009,-0.091,-15.41,8.25,624,-199,-5583,0,0,8780,0.1024,0.0,-0.006,-0.094,-12.52,5.36,662,-330,-9412,0,0,5151,0.0327,-0.008,-0.013,-0.087,-7.69,0.52,644,-543,-5354,0,0,10173,0.0917,-0.009,-0.025,-0.075,-7.39,0.23,664,-2033,-9628,0,0
95.74,3,7579.5,-2307.2,-0.05,8360.53,95.6,-0.42,-1.97,-0.26,0.0,0.0,1.0,2,4287,-212.4,0.2,0.41,-1.99,-39.91,2518,387,4934,0.0435,0.001,-0.01,-0.09,-15.55,8.39,621,-204,-5580,0,0,8776,0.1024,0.0,-0.008,-0.092,-12.6,5.44,659,-346,-9412,0,0,5146,0.0326,-0.008,-0.013,-0.087,-7.72,0.55,641,-530,-5349,0,0,10168,0.0915,-0.009,-0.025,-0.075,-7.43,0.26,661,-2015,-9637,0,0
95.76,3,7580.0,-2307.18,-0.05,8361.06,95.2,-0.42,-1.97,-0.27,0.0,0.0,1.0,2,4265,-211.5,0.2,0.42,-1.99,-40.16,2495,383,4925,0.0435,0.0,-0.01,-0.09,-15.74,8.58,617,-202,-5569,0,0,8771,0.1024,0.0,-0.008,-0.092,-12.71,5.55,656,-335,-9410,0,0,5136,0.0324,-0.007,-0.013,-0.087,-7.7,0.53,638,-547,-5341,0,0,10160,0.0913,-0.008,-0.026,-0.074,-7.36,0.2,658,-2055,-9617,0,0
95.78,3,7580.6,-2307.16,-0.05,8361.59,94.8,-0.42,-1.97,-0.27,0.0,0.0,1.0,2,4245,-210.6,0.2,0.42,-1.99,-40.39,2473,380,4925,0.0435,0.0,-0.009,-0.091,-15.87,8.71,614,-201,-5568,0,0,8760,0.1024,-0.001,-0.007,-0.093,-12.84,5.67,652,-316,-9403,0,0,5135,0.0323,-0.007,-0.013,-0.087,-7.75,0.58,635,-527,-5345,0,0,10147,0.0912,-0.007,-0.026,-0.074,-7.37,0.21,656,-2039,-9611,0,0
95.8,3,7581.1,-2307.15,-0.05,8362.11,94.3,-0.42,-1.97,-0.27,0.0,0.0,1.0,2,4224,-209.8,0.2,0.42,-1.98,-40.62,2450,376,4933,0.0435,0.0,-0.009,-0.091,-15.96,8.79,610,-205,-5575,0,0,8770,0.1024,-0.002,-0.007,-0.093,-12.89,5.73,649,-338,-9412,0,0,5126,0.0322,-0.006,-0.013,-0.087,-7.79,0.63,632,-513,-5345,0,0,10139,0.091,-0.008,-0.026,-0.074,-7.44,0.27,653,-2019,-9625,0,0
95.82,3,7581.6,-2307.14,-0.05,8362.63,93.9,-0.42,-1.97,-0.27,0.0,0.0,1.0,2,4204,-208.9,0.2,0.42,-1.98,-40.85,2428,373,4931,0.0435,0.001,-0.01,-0.09,-15.98,8.82,607,-206,-5572,0,0,8767,0.1023,0.0,-0.008,-0.092,-12.86,5.7,646,-347,-9410,0,0,5119,0.0321,-0.007,-0.013,-0.087,-7.74,0.58,629,-513,-5336,0,0,10131,0.0909,-0.008,-0.026,-0.074,-7.38,0.21,650,-2045,-9611,0,0
95.84,3,7582.1,-2307.15,-0.05,8363.15,93.4,-0.42,-1.97,-0.27,0.0,0.0,1.0,2,4184,-208.1,0.2,0.43,-1.98,-41.09,2406,369,4932,0.0435,0.0,-0.009,-0.091,-16.01,8.85,604,-206,-5573,0,0,8775,0.1023,-0.001,-0.006,-0.094,-12.95,5.79,644,-316,-9419,0,0,5112,0.0319,-0.006,-0.011,-0.089,-7.85,0.69,626,-482,-5342,0,0,10134,0.0907,-0.007,-0.026,-0.074,-7.37,0.21,647,-2038,-9616,0,0
95.86,3,7582.6,-2307.16,-0.05,8363.67,93.0,-0.42,-1.97,-0.27,0.0,0.0,1.0,2,4164,-207.2,0.2,0.43,-1.98,-41.3,2384,366,4922,0.0435,-0.002,-0.01,-0.09,-15.98,8.82,601,-209,-5562,0,0,8760,0.1023,-0.001,-0.008,-0.092,-12.81,5.65,641,-350,-9403,0,0,5101,0.0318,-0.007,-0.013,-0.087,-7.76,0.6,623,-513,-5327,0,0,10116,0.0906,-0.007,-0.025,-0.075,-7.49,0.32,644,-2006,-9624,0,0
95.88,3,7583.2,-2307.18,-0.05,8364.18,92.6,-0.42,-1.96,-0.27,0.0,0.0,1.0,2,4145,-206.4,0.2,0.43,-1.98,-41.52,2362,362,4922,0.0435,-0.001,-0.011,-0.089,-15.84,8.68,598,-219,-5563,0,0,8763,0.1023,-0.001,-0.008,-0.092,-12.77,5.6,638,-338,-9405,0,0,5089,0.0317,-0.007,-0.013,-0.087,-7.82,0.66,620,-500,-5323,0,0,10106,0.0904,-0.008,-0.026,-0.074,-7.48,0.32,641,-2015,-9618,0,0
95.9,3,7583.7,-2307.2,-0.05,8364.69,92.1,-0.42,-1.96,-0.27,0.0,0.0,1.0,2,4127,-205.6,0.2,0.43,-1.98,-41.75,2340,359,4922,0.0435,-0.001,-0.011,-0.089,-15.74,8.57,595,-218,-5564,0,0,8749,0.1022,-0.002,-0.008,-0.092,-12.7,5.54,635,-340,-9391,0,0,5091,0.0315,-0.006,-0.012,-0.088,-7.79,0.63,616,-497,-5324,0,0,10091,0.0903,-0.008,-0.026,-0.074,-7.5,0.34,638,-2009,-9614,0,0
95.92,3,7584.2,-2307.23,-0.05,8365.2,91.7,-0.42,-1.96,-0.26,0.0,0.0,1.0,2,4108,-204.8,0.2,0.44,-1.98,-41.97,2318,355,4917,0.0434,-0.001,-0.011,-0.089,-15.59,8.43,593,-226,-5560,0,0,8747,0.1022,-0.003,-0.008,-0.092,-12.5,5.34,633,-349,-9385,0,0,5092,0.0314,-0.005,-0.012,-0.088,-7.86,0.7,613,-492,-5333,0,0,10098,0.0901,-0.007,-0.026,-0.074,-7.46,0.29,635,-2022,-9615,0,0
95.94,3,7584.7,-2307.27,-0.05,8365.71,91.3,-0.42,-1.96,-0.26,0.0,0.0,1.0,2,4091,-204.1,0.2,0.44,-1.98,-42.18,2296,352,4913,0.0434,-0.002,-0.011,-0.089,-15.35,8.18,591,-225,-5557,0,0,8741,0.1021,-0.003,-0.008,-0.092,-12.33,5.17,630,-355,-9376,0,0,5090,0.0313,-0.005,-0.011,-0.089,-7.93,0.77,610,-480,-5338,0,0,10094,0.09,-0.005,-0.026,-0.074,-7.49,0.33,632,-2008,-9626,0,0
95.96,3,7585.2,-2307.32,-0.05,8366.21,90.8,-0.41,-1.96,-0.25,0.0,0.0,1.0,2,4073,-203.3,0.2,0.44,-1.98,-42.39,2275,349,4906,0.0434,-0.002,-0.01,-0.09,-15.18,8.02,588,-226,-5552,0,0,8731,0.1021,-0.003,-0.008,-0.092,-12.2,5.04,628,-338,-9362,0,0,5089,0.0312,-0.005,-0.011,-0.089,-7.79,0.62,608,-473,-5337,0,0,10087,0.0899,-0.006,-0.026,-0.074,-7.45,0.29,630,-1991,-9621,0,0
95.98,3,7585.7,-2307.38,-0.05,8366.71,90.4,-0.41,-1.96,-0.24,0.0,0.0,1.0,2,4056,-202.6,0.2,0.44,-1.98,-42.6,2253,345,4892,0.0433,-0.004,-0.011,-0.089,-14.82,7.66,586,-235,-5538,0,0,8729,0.102,-0.004,-0.006,-0.094,-11.97,4.81,626,-333,-9351,0,0,5084,0.0311,-0.004,-0.012,-0.088,-7.89,0.73,604,-478,-5337,0,0,10091,0.0898,-0.005,-0.025,-0.075,-7.57,0.41,627,-1974,-9640,0,0
96.0,3,7586.2,-2307.44,-0.05,8367.2,90.0,-0.4,-1.96,-0.24,0.0,0.0,1.0,2,4040,-201.9,0.2,0.44,-1.98,-42.8,2232,342,4884,0.0432,-0.005,-0.011,-0.089,-14.38,7.22,584,-243,-5531,0,0,8723,0.1019,-0.005,-0.008,-0.092,-11.61,4.44,624,-367,-9331,0,0,5077,0.0311,-0.005,-0.012,-0.088,-7.94,0.78,602,-479,-5334,0,0,10091,0.0897,-0.005,-0.026,-0.074,-7.52,0.36,624,-2005,-9644,0,0
96.02,3,7586.7,-2307.51,-0.05,8367.69,89.5,-0.4,-1.96,-0.23,0.0,0.0,1.0,2,4024,-201.2,0.2,0.44,-1.98,-43.0,2211,339,4885,0.0431,-0.003,-0.011,-0.089,-14.03,6.87,582,-246,-5533,0,0,8724,0.1018,-0.003,-0.008,-0.092,-11.24,4.08,621,-364,-9315,0,0,5075,0.031,-0.004,-0.012,-0.088,-7.96,0.79,599,-475,-5337,0,0,10088,0.0897,-0.004,-0.026,-0.074,-7.58,0.42,621,-1988,-9652,0,0
96.04,3,7587.2,-2307.59,-0.05,8368.18,89.1,-0.39,-1.96,-0.22,0.0,0.0,1.0,2,4009,-200.6,0.2,0.44,-1.98,-43.2,2191,336,4881,0.0431,-0.003,-0.011,-0.089,-13.59,6.43,581,-253,-5529,0,0,8727,0.1018,-0.002,-0.007,-0.093,-10.97,3.8,620,-372,-9294,0,0,5069,0.0309,-0.005,-0.012,-0.088,-7.95,0.79,596,-468,-5335,0,0,10090,0.0896,-0.004,-0.026,-0.074,-7.54,0.37,618,-1996,-9654,0,0
96.06,3,7587.7,-2307.67,-0.05,8368.67,88.7,-0.38,-1.96,-0.2,0.0,0.0,1.0,2,3994,-200.0,0.2,0.44,-1.98,-43.39,2170,333,4864,0.043,-0.005,-0.011,-0.089,-13.05,5.88,579,-264,-5508,0,0,8718,0.1017,-0.003,-0.007,-0.093,-10.53,3.37,618,-375,-9254,0,0,5071,0.0308,-0.004,-0.012,-0.088,-7.97,0.81,593,-463,-5341,0,0,10102,0.0895,-0.002,-0.026,-0.074,-7.58,0.42,616,-1986,-9668,0,0
96.08,3,7588.2,-2307.76,-0.05,8369.15,88.3,-0.37,-1.96,-0.19,0.0,0.0,1.0,2,3980,-199.3,0.2,0.44,-1.98,-43.55,2150,330,4850,0.0428,-0.006,-0.01,-0.09,-12.48,5.32,578,-264,-5488,0,0,8711,0.1016,-0.005,-0.007,-0.093,-10.03,2.86,616,-397,-9200,0,0,5071,0.0307,-0.003,-0.012,-0.088,-8.02,0.86,590,-458,-5347,0,0,10107,0.0895,-0.002,-0.026,-0.074,-7.6,0.44,613,-1989,-9677,0,0
96.1,3,7588.7,-2307.86,-0.05,8369.63,87.9,-0.37,-1.96,-0.18,0.0,0.0,1.0,2,3967,-198.8,0.2,0.44,-1.98,-43.68,2131,327,4838,0.0427,-0.006,-0.011,-0.089,-11.8,4.64,576,-271,-5464,0,0,8696,0.1015,-0.004,-0.007,-0.093,-9.46,2.3,615,-392,-9123,0,0,5069,0.0307,-0.004,-0.012,-0.088,-8.01,0.85,587,-453,-5348,0,0,10104,0.0895,-0.001,-0.025,-0.075,-7.64,0.48,611,-1968,-9686,0,0
96.12,3,7589.1,-2307.96,-0.05,8370.1,87.5,-0.35,-1.95,-0.16,0.0,0.0,1.0,2,3953,-198.2,0.2,0.44,-1.98,-43.78,2112,324,4846,0.0426,-0.005,-0.01,-0.09,-11.08,3.92,575,-280,-5453,0,0,8692,0.1014,-0.005,-0.007,-0.093,-9.01,1.84,613,-410,-9032,0,0,5076,0.0306,-0.003,-0.012,-0.088,-8.05,0.89,585,-453,-5357,0,0,10101,0.0894,-0.002,-0.026,-0.074,-7.62,0.46,608,-1974,-9686,0,0
96.14,3,7589.6,-2308.07,-0.05,8370.57,87.1,-0.34,-1.95,-0.14,0.0,0.0,1.0,2,3941,-197.7,0.2,0.43,-1.98,-43.8,2093,321,4840,0.0425,-0.005,-0.01,-0.09,-10.4,3.23,574,-290,-5416,0,0,8680,0.1013,-0.006,-0.006,-0.094,-8.42,1.26,612,-409,-8898,0,0,5092,0.0306,-0.001,-0.011,-0.089,-8.03,0.87,582,-447,-5373,0,0,10107,0.0894,-0.002,-0.026,-0.074,-7.64,0.48,605,-1964,-9697,0,0
96.16,3,7590.1,-2308.19,-0.05,8371.04,86.8,-0.33,-1.93,-0.13,0.0,0.0,1.0,2,3929,-197.1,0.2,0.43,-1.98,-43.71,2075,318,4824,0.0424,-0.005,-0.01,-0.09,-9.6,2.44,573,-285,-5353,0,0,8643,0.1012,-0.008,-0.006,-0.094,-7.82,0.66,610,-408,-8705,0,0,5106,0.0306,0.001,-0.011,-0.089,-8.06,0.89,580,-444,-5388,0,0,10096,0.0894,-0.002,-0.026,-0.074,-7.62,0.46,603,-1949,-9693,0,0
96.18,3,7590.6,-2308.31,-0.05,8371.51,86.4,-0.32,-1.92,-0.11,0.0,0.0,1.0,2,3917,-196.6,0.2,0.43,-1.98,-43.48,2057,316,4826,0.0423,-0.005,-0.009,-0.091,-8.81,1.65,573,-301,-5278,0,0,8612,0.101,-0.011,-0.006,-0.094,-7.14,-0.02,609,-426,-8451,0,0,5123,0.0306,0.002,-0.011,-0.089,-8.05,0.89,577,-446,-5405,0,0,10084,0.0893,-0.004,-0.025,-0.075,-7.57,0.4,600,-1938,-9677,0,0
96.2,3,7591.1,-2308.45,-0.05,8371.97,86.1,-0.3,-1.89,-0.09,0.0,0.0,1.0,2,3906,-196.2,0.2,0.43,-1.97,-43.04,2039,313,4841,0.0422,-0.004,-0.009,-0.091,-7.88,0.71,572,-319,-5173,0,0,8580,0.1007,-0.013,-0.006,-0.094,-6.46,-0.7,607,-422,-8126,0,0,5166,0.0307,0.005,-0.011,-0.089,-7.98,0.82,575,-443,-5443,0,0,10074,0.0892,-0.003,-0.026,-0.074,-7.59,0.43,598,-1923,-9667,0,0
96.22,3,7591.5,-2308.58,-0.05,8372.42,85.7,-0.29,-1.86,-0.07,0.0,0.0,1.0,2,3895,-195.7,0.2,0.42,-1.96,-42.32,2022,311,4863,0.0422,0.0,-0.008,-0.092,-7.03,-0.13,572,-315,-5024,0,0,8532,0.1004,-0.015,-0.005,-0.095,-5.76,-1.4,606,-423,-7704,0,0,5207,0.0309,0.009,-0.011,-0.089,-7.97,0.81,573,-451,-5479,0,0,10041,0.0891,-0.006,-0.025,-0.075,-7.55,0.39,596,-1919,-9628,0,0
96.24,3,7592.0,-2308.73,-0.05,8372.87,85.4,-0.28,-1.82,-0.05,0.0,0.0,1.0,2,3884,-195.2,0.2,0.42,-1.95,-41.22,2005,308,4893,0.0423,0.002,-0.008,-0.092,-6.11,-1.05,571,-324,-4808,0,0,8495,0.1,-0.018,-0.005,-0.095,-5.1,-2.06,604,-425,-7173,0,0,5258,0.0311,0.012,-0.011,-0.089,-7.87,0.71,571,-461,-5516,0,0,10014,0.0889,-0.008,-0.025,-0.075,-7.53,0.37,593,-1895,-9591,0,0
96.26,3,7592.5,-2308.87,-0.05,8373.32,85.1,-0.26,-1.76,-0.03,0.0,0.0,1.0,2,3874,-194.8,0.2,0.41,-1.93,-39.64,1989,306,4931,0.0424,0.006,-0.006,-0.094,-5.29,-1.87,571,-338,-4510,0,0,8417,0.0996,-0.022,-0.005,-0.095,-4.41,-2.75,602,-396,-6553,0,0,5335,0.0315,0.016,-0.011,-0.089,-7.77,0.6,570,-479,-5570,0,0,9968,0.0887,-0.011,-0.024,-0.076,-7.45,0.29,591,-1875,-9522,0,0
96.28,3,7593.0,-2309.03,-0.05,8373.77,84.8,-0.25,-1.69,-0.01,0.0,0.0,1.0,2,3865,-194.4,0.2,0.41,-1.9,-37.49,1974,304,5002,0.0426,0.012,-0.006,-0.094,-4.44,-2.72,571,-352,-4133,0,0,8334,0.099,-0.03,-0.004,-0.096,-3.76,-3.4,600,-414,-5841,0,0,5429,0.0319,0.024,-0.012,-0.088,-7.65,0.48,568,-503,-5630,0,0,9887,0.0883,-0.018,-0.024,-0.076,-7.28,0.12,588,-1847,-9409,0,0
96.3,3,7593.4,-2309.19,-0.05,8374.21,84.5,-0.24,-1.61,0.01,1.0,0.0,1.0,2,3855,-194.0,0.2,0.41,-1.86,-34.68,1959,302,5090,0.043,0.019,-0.006,-0.094,-3.66,-3.5,571,-362,-3689,0,0,8232,0.0983,-0.035,-0.004,-0.096,-3.17,-3.99,598,-423,-5086,0,0,5545,0.0325,0.03,-0.012,-0.088,-7.44,0.28,567,-533,-5696,0,0,9789,0.0878,-0.024,-0.024,-0.076,-7.11,-0.05,586,-1824,-9258,0,0
96.32,3,7593.9,-2309.35,-0.05,8374.65,84.3,-0.15,-1.52,0.02,1.0,0.0,1.0,2,3919,208.8,0.71,0.4,-1.81,-31.28,1947,300,5164,0.0435,0.026,0.004,-0.096,-3.03,-4.13,577,78,-3203,0,0,8086,0.0974,-0.044,0.003,-0.097,-2.64,-4.52,599,102,-4296,0,0,5691,0.0333,0.038,0.027,-0.073,-7.16,0.0,591,593,-5760,0,0,9691,0.0872,-0.032,-0.001,-0.099,-6.89,-0.28,597,-195,-9171,0,0
96.34,3,7594.4,-2309.52,-0.05,8375.08,84.3,0.15,-1.42,0.04,1.0,0.0,1.0,2,3974,517.1,1.22,0.38,-1.75,-26.98,1942,300,5151,0.044,0.022,0.01,-0.09,-2.61,-4.56,583,635,-2768,0,0,7845,0.0962,-0.062,0.005,-0.095,-2.05,-5.11,600,511,-3377,0,0,5932,0.0344,0.054,0.049,-0.051,-6.77,-0.39,606,2154,-5680,0,0,9671,0.0866,-0.03,0.02,-0.08,-6.54,-0.62,609,1221,-8946,0,0
96.36,3,7594.8,-2309.7,-0.05,8375.52,84.5,0.45,-1.3,0.04,1.0,0.0,1.0,2,4063,923.2,1.75,0.35,-1.68,-22.32,1945,302,5102,0.0442,0.013,0.02,-0.08,-2.26,-4.9,593,1385,-2391,0,0,7523,0.0944,-0.087,0.012,-0.088,-1.61,-5.55,604,1260,-2588,0,0,6269,0.036,0.078,0.08,-0.02,-6.3,-0.86,628,3672,-5423,0,0,9694,0.0862,-0.022,0.05,-0.05,-6.05,-1.11,628,3585,-8420,0,0
96.38,3,7595.3,-2309.88,-0.05,8375.95,85.0,0.72,-1.17,0.05,1.0,0.0,1.0,2,4092,928.3,1.76,0.31,-1.6,-17.6,1954,305,5028,0.0443,0.002,0.022,-0.078,-2.04,-5.13,598,1604,-2087,0,0,7148,0.0921,-0.117,0.013,-0.087,-1.29,-5.87,607,1455,-1966,0,0,6674,0.0381,0.108,0.079,-0.021,-5.73,-1.43,632,4337,-5388,0,0,9751,0.0859,-0.011,0.054,-0.046,-5.6,-1.56,631,4529,-7975,0,0
96.4,3,7595.8,-2310.07,-0.05,8376.39,85.5,0.79,-1.09,0.05,1.0,0.0,1.0,2,4102,930.0,1.76,0.26,-1.52,-12.71,1964,308,4985,0.0442,-0.004,0.02,-0.08,-1.82,-5.35,603,1555,-1884,0,0,6841,0.0894,-0.136,0.013,-0.087,-1.11,-6.05,609,1509,-1577,0,0,7034,0.0407,0.129,0.069,-0.031,-5.19,-1.98,631,4413,-5467,0,0,9793,0.0859,-0.003,0.051,-0.049,-5.11,-2.06,630,4663,-7619,0,0
96.42,3,7596.3,-2310.26,-0.05,8376.83,86.0,0.78,-1.04,0.05,1.0,0.0,1.0,2,4117,932.1,1.77,0.21,-1.43,-7.85,1973,312,4971,0.0441,-0.005,0.019,-0.081,-1.7,-5.46,608,1499,-1758,0,0,6611,0.0866,-0.141,0.013,-0.087,-1.0,-6.16,611,1493,-1350,0,0,7311,0.0434,0.135,0.06,-0.04,-4.54,-2.62,632,4375,-5363,0,0,9801,0.0859,-0.001,0.047,-0.053,-4.46,-2.7,631,4694,-7117,0,0
