Time_s,Distance_m,PosX,PosY,PosZ,Speed_Kmh,Accel_Long_G,Accel_Lat_G,Raw_Steer,Raw_Throttle,Raw_Brake,Clutch,Gear,RPM,Torque_Nm,Boost_Bar,Pitch,Roll,YawRate,Aero_DownN,Aero_DragN,FL_Load_N,FL_Travel_m,FL_DamperVel_ms,FL_Slip,FL_SlipDelta,FL_SlipAng_deg,FL_LatDelta,FL_WheelRPM,FL_LongForce_N,FL_LatForce_N,FL_ActBrakeTrq_Nm,FL_ABS_Active,FR_Load_N,FR_Travel_m,FR_DamperVel_ms,FR_Slip,FR_SlipDelta,FR_SlipAng_deg,FR_LatDelta,FR_WheelRPM,FR_LongForce_N,FR_LatForce_N,FR_ActBrakeTrq_Nm,FR_ABS_Active,RL_Load_N,RL_Travel_m,RL_DamperVel_ms,RL_Slip,RL_SlipDelta,RL_SlipAng_deg,RL_LatDelta,RL_WheelRPM,RL_LongForce_N,RL_LatForce_N,RL_ActBrakeTrq_Nm,RL_ABS_Active,RR_Load_N,RR_Travel_m,RR_DamperVel_ms,RR_Slip,RR_SlipDelta,RR_SlipAng_deg,RR_LatDelta,RR_WheelRPM,RR_LongForce_N,RR_LatForce_N,RR_ActBrakeTrq_Nm,RR_ABS_Active
0.120,5.3,-424.94,-23.48,-267.29,189.5,0.26,0.03,0.00,1.00,0.00,1.00,4,4989,1001.5,1.97,-0.05,-5.54,0.73,9084,1517,6909,0.0799,0.666,0.006,-0.094,-0.45,-6.71,1332,796,-633,0,0,7140,0.0845,0.704,0.006,-0.094,-0.21,-6.95,1332,798,-299,0,0,10273,0.1015,0.846,0.015,-0.085,-0.30,-6.86,1344,2638,-599,0,0,10584,0.1052,0.877,0.015,-0.085,-0.30,-6.86,1344,2726,-615,0,0
0.240,11.6,-424.74,-23.50,-260.95,190.9,0.31,0.05,0.00,1.00,0.00,1.00,4,5024,1002.0,1.98,-0.19,-5.51,0.87,9147,1538,6985,0.0793,-0.005,0.006,-0.094,-0.43,-6.73,1341,793,-608,0,0,7209,0.0830,-0.013,0.006,-0.094,-0.19,-6.97,1341,807,-274,0,0,10072,0.1014,-0.001,0.016,-0.084,-0.28,-6.89,1354,2638,-535,0,0,10329,0.1050,-0.002,0.016,-0.084,-0.28,-6.89,1353,2723,-546,0,0
0.360,18.0,-424.53,-23.51,-254.57,192.1,0.30,0.06,0.00,1.00,0.00,1.00,4,5057,1002.4,1.99,-0.27,-5.48,0.86,9267,1559,6802,0.0782,-0.009,0.007,-0.093,-0.41,-6.75,1351,793,-564,0,0,6913,0.0819,-0.009,0.006,-0.094,-0.17,-6.99,1350,802,-238,0,0,10410,0.1024,0.008,0.015,-0.085,-0.25,-6.91,1362,2708,-453,0,0,10593,0.1061,0.009,0.015,-0.085,-0.25,-6.91,1362,2753,-508,0,0
0.480,24.4,-424.30,-23.51,-248.16,192.0,-0.03,0.06,0.00,0.00,0.00,1.00,4,4982,-242.0,0.20,-0.28,-5.46,0.72,9327,1556,7158,0.0803,0.018,-0.002,-0.098,-0.40,-6.77,1338,-289,-572,0,0,7715,0.0836,0.015,-0.002,-0.098,-0.15,-7.01,1337,-301,-234,0,0,9941,0.1014,-0.008,-0.005,-0.095,-0.23,-6.93,1334,-920,-453,0,0,10179,0.1045,-0.013,-0.005,-0.095,-0.23,-6.93,1333,-902,-462,0,0
0.600,30.8,-424.07,-23.50,-241.79,190.7,-0.30,0.07,0.00,0.00,0.00,1.00,4,4949,-240.6,0.20,-0.21,-5.43,0.69,9332,1536,7550,0.0842,0.033,-0.002,-0.098,-0.40,-6.76,1329,-297,-600,0,0,7717,0.0873,0.031,-0.002,-0.098,-0.14,-7.02,1329,-299,-217,0,0,9569,0.0974,-0.033,-0.005,-0.095,-0.23,-6.93,1325,-911,-437,0,0,9790,0.1005,-0.034,-0.005,-0.095,-0.23,-6.93,1324,-897,-446,0,0
0.720,37.1,-423.83,-23.49,-235.44,190.9,0.03,0.07,0.00,1.00,0.00,1.00,4,5025,1002.0,1.98,-0.30,-5.41,0.82,9315,1537,6937,0.0830,-0.010,0.006,-0.094,-0.40,-6.76,1342,790,-559,0,0,7158,0.0866,-0.006,0.006,-0.094,-0.15,-7.02,1341,802,-209,0,0,9977,0.0981,0.006,0.016,-0.084,-0.24,-6.92,1354,2638,-462,0,0,10187,0.1009,0.003,0.016,-0.084,-0.24,-6.92,1354,2713,-470,0,0
0.840,43.5,-423.57,-23.47,-229.08,190.7,-0.03,0.06,0.00,0.00,0.00,1.00,4,4949,-240.6,0.20,-0.41,-5.39,0.72,9256,1536,7085,0.0817,-0.011,-0.002,-0.098,-0.40,-6.76,1329,-285,-568,0,0,7279,0.0847,-0.016,-0.002,-0.098,-0.15,-7.01,1328,-287,-218,0,0,10008,0.0998,0.014,-0.005,-0.095,-0.24,-6.92,1325,-916,-460,0,0,10252,0.1028,0.016,-0.005,-0.095,-0.24,-6.92,1325,-900,-470,0,0
0.960,49.8,-423.26,-23.45,-222.76,189.1,-0.36,0.84,0.00,0.00,0.00,1.00,4,4893,-238.1,0.20,-0.19,-4.87,32.87,9204,1510,9083,0.0913,0.081,-0.004,-0.096,-0.67,-6.49,1328,-904,1969,0,0,6396,0.0798,-0.040,-0.009,-0.091,-0.42,-6.74,1298,-1173,2418,0,0,11137,0.1038,0.033,-0.009,-0.091,1.25,-5.91,1320,-1647,2399,0,0,8239,0.0922,-0.089,-0.003,-0.097,1.27,-5.89,1304,-457,1883,0,0
1.080,56.1,-422.83,-23.43,-216.49,187.8,-0.28,0.86,0.00,1.00,0.00,1.00,4,4867,-237.1,0.20,0.03,-4.58,15.34,9129,1488,8427,0.0956,0.036,-0.002,-0.098,1.51,-5.65,1313,-301,2399,0,0,6649,0.0763,-0.029,-0.002,-0.098,1.78,-5.38,1301,-277,2286,0,0,10786,0.1070,0.027,-0.007,-0.093,2.51,-4.66,1306,-1160,4870,0,0,8558,0.0869,-0.044,-0.005,-0.095,2.53,-4.63,1298,-597,4025,0,0
1.200,62.4,-422.25,-23.43,-210.26,188.2,0.15,1.07,0.00,1.00,0.00,1.00,4,4959,1001.1,1.97,-0.04,-4.44,5.37,9068,1495,7686,0.0956,0.000,0.006,-0.094,1.52,-5.64,1324,805,2280,0,0,6076,0.0719,-0.037,0.008,-0.092,1.78,-5.39,1322,819,2141,0,0,11525,0.1108,0.032,0.016,-0.084,1.96,-5.20,1336,2694,4132,0,0,9415,0.0871,0.001,0.019,-0.081,1.96,-5.20,1337,2700,3481,0,0
1.320,68.7,-421.53,-23.42,-204.00,189.5,0.31,0.80,0.00,1.00,0.00,1.00,4,4989,1001.5,1.97,-0.19,-4.59,0.33,9065,1515,7144,0.0891,-0.054,0.006,-0.094,0.87,-6.30,1332,808,1247,0,0,6408,0.0706,-0.011,0.007,-0.093,1.11,-6.06,1332,793,1436,0,0,10655,0.1108,0.000,0.016,-0.084,1.02,-6.14,1344,2726,2074,0,0,9904,0.0920,0.042,0.016,-0.084,1.02,-6.14,1344,2633,1947,0,0
1.440,75.0,-420.73,-23.42,-197.71,190.7,0.30,0.46,0.00,1.00,0.00,1.00,4,5021,1002.0,1.98,-0.29,-4.88,-0.90,9145,1536,6738,0.0834,-0.048,0.007,-0.093,0.23,-6.93,1340,802,327,0,0,6740,0.0734,0.024,0.007,-0.093,0.47,-6.70,1341,795,647,0,0,10324,0.1076,-0.027,0.016,-0.084,0.31,-6.85,1352,2722,627,0,0,10140,0.0976,0.047,0.015,-0.085,0.31,-6.85,1353,2638,617,0,0
1.560,81.4,-419.88,-23.42,-191.39,192.0,0.30,0.23,0.00,1.00,0.00,1.00,4,5055,1002.4,1.99,-0.36,-5.10,-0.51,9251,1556,6817,0.0801,-0.027,0.006,-0.094,-0.16,-7.00,1349,797,-218,0,0,7047,0.0777,0.035,0.006,-0.094,0.07,-7.09,1349,796,112,0,0,10145,0.1037,-0.032,0.016,-0.084,-0.07,-7.09,1362,2683,-136,0,0,10326,0.1012,0.030,0.015,-0.085,-0.07,-7.09,1362,2673,-138,0,0
1.680,87.8,-419.00,-23.41,-185.02,193.3,0.30,0.11,0.00,1.00,0.00,1.00,4,5088,1002.8,2.00,-0.41,-5.23,0.06,9372,1577,6791,0.0778,-0.020,0.007,-0.093,-0.34,-6.82,1358,795,-467,0,0,7095,0.0797,0.017,0.006,-0.094,-0.11,-7.06,1358,802,-149,0,0,10018,0.1021,-0.013,0.016,-0.084,-0.23,-6.94,1371,2656,-432,0,0,10283,0.1033,0.017,0.016,-0.084,-0.23,-6.94,1371,2697,-442,0,0
1.800,94.3,-418.11,-23.40,-178.62,194.5,0.29,0.06,0.00,1.00,0.00,1.00,4,5120,1003.2,2.00,-0.48,-5.26,0.48,9485,1597,6714,0.0776,-0.001,0.007,-0.093,-0.40,-6.76,1367,794,-541,0,0,6957,0.0806,0.007,0.006,-0.094,-0.16,-7.00,1367,803,-226,0,0,10269,0.1025,0.003,0.015,-0.085,-0.26,-6.90,1379,2651,-513,0,0,10571,0.1055,0.018,0.015,-0.085,-0.26,-6.90,1379,2723,-526,0,0
1.920,100.8,-417.19,-23.38,-172.17,195.7,0.29,0.05,0.00,1.00,0.00,1.00,4,5152,1003.6,2.01,-0.54,-5.25,0.72,9600,1618,7031,0.0782,0.005,0.006,-0.094,-0.40,-6.76,1376,793,-571,0,0,7222,0.0817,0.009,0.006,-0.094,-0.16,-7.00,1375,806,-237,0,0,10270,0.1024,-0.001,0.015,-0.085,-0.25,-6.91,1388,2637,-499,0,0,10527,0.1058,0.002,0.015,-0.085,-0.25,-6.91,1388,2719,-509,0,0
2.040,107.3,-416.27,-23.35,-165.69,197.0,0.29,0.06,0.00,1.00,0.00,1.00,4,5183,1003.9,2.02,-0.59,-5.23,0.84,9719,1638,6988,0.0778,-0.003,0.005,-0.095,-0.39,-6.77,1383,662,-522,0,0,7171,0.0816,-0.001,0.006,-0.094,-0.15,-7.01,1384,809,-220,0,0,10233,0.1035,0.009,0.015,-0.085,-0.23,-6.93,1397,2648,-459,0,0,10393,0.1064,0.005,0.016,-0.084,-0.23,-6.93,1396,2721,-466,0,0
2.160,113.9,-415.32,-23.32,-159.17,198.1,0.27,0.29,0.18,1.00,0.00,1.00,4,5214,1004.2,2.03,-0.63,-5.06,12.39,9819,1657,7440,0.0807,0.024,0.010,-0.090,5.98,-1.18,1394,760,6321,0,0,6402,0.0802,-0.011,0.018,-0.082,8.03,0.87,1389,900,6365,0,0,11124,0.1063,0.024,0.013,-0.087,0.06,-7.10,1406,2388,65,0,0,10093,0.1058,-0.005,0.018,-0.082,0.06,-7.10,1404,2995,60,0,0
2.280,120.5,-414.23,-23.30,-152.65,198.3,0.11,1.35,0.00,0.00,0.00,1.00,4,5165,13.2,0.52,-0.28,-4.23,37.96,9920,1660,8972,0.0952,0.121,0.000,-0.100,1.02,-6.14,1397,-27,1571,0,0,5997,0.0692,-0.092,0.001,-0.099,1.29,-5.87,1370,99,1416,0,0,12107,0.1176,0.094,-0.003,-0.097,3.14,-4.02,1395,-472,6380,0,0,8606,0.0917,-0.118,0.006,-0.094,3.20,-3.96,1376,892,4883,0,0
2.400,127.1,-412.95,-23.28,-146.20,196.7,-0.25,1.48,0.00,0.00,0.00,1.00,4,5088,-246.5,0.20,0.04,-3.93,18.09,9932,1634,8694,0.1018,0.055,-0.002,-0.098,2.86,-4.30,1375,-305,4539,0,0,6318,0.0681,-0.009,-0.003,-0.097,3.14,-4.02,1360,-273,3704,0,0,11610,0.1198,0.018,-0.009,-0.091,3.98,-3.18,1365,-1251,7672,0,0,8166,0.0856,-0.050,-0.006,-0.094,4.02,-3.14,1356,-572,5719,0,0
2.520,133.6,-411.47,-23.28,-139.84,195.1,-0.28,1.59,0.00,0.00,0.00,1.00,4,5050,-244.9,0.20,0.14,-3.80,7.63,9822,1607,8716,0.1068,0.042,-0.002,-0.098,2.64,-4.53,1360,-312,4279,0,0,6293,0.0694,0.011,-0.003,-0.097,2.91,-4.25,1353,-279,3491,0,0,11892,0.1202,0.004,-0.007,-0.093,3.21,-3.95,1353,-1141,6644,0,0,8715,0.0828,-0.024,-0.006,-0.094,3.23,-3.93,1349,-744,5117,0,0
2.640,140.1,-409.78,-23.28,-133.59,193.3,-0.33,1.73,0.28,0.00,0.00,1.00,4,4944,-240.4,0.20,0.26,-3.69,22.59,9677,1576,9754,0.1084,0.013,-0.005,-0.095,11.40,4.24,1324,-241,10269,0,0,6565,0.0689,-0.004,-0.001,-0.099,14.38,7.22,1297,4,7276,0,0,11610,0.1194,-0.007,-0.008,-0.092,2.89,-4.27,1345,-1332,5850,0,0,8009,0.0798,-0.025,-0.004,-0.096,2.92,-4.24,1334,-472,4296,0,0
2.760,146.5,-407.86,-23.30,-127.50,190.9,-0.38,2.01,0.00,0.00,0.00,1.00,4,4934,-239.9,0.20,0.56,-3.40,34.98,9539,1538,9016,0.1134,0.042,-0.002,-0.098,2.75,-4.41,1340,-278,4457,0,0,5803,0.0655,-0.028,-0.003,-0.097,3.08,-4.08,1312,-274,3322,0,0,11907,0.1235,0.034,-0.011,-0.089,4.82,-2.34,1328,-1457,8898,0,0,7754,0.0756,-0.035,-0.005,-0.095,4.92,-2.24,1310,-397,6245,0,0
2.880,152.8,-405.71,-23.34,-121.54,189.4,-0.17,1.89,0.00,1.00,0.00,1.00,4,4948,562.4,1.38,0.68,-3.41,19.29,9354,1514,9020,0.1129,-0.004,0.002,-0.098,3.87,-3.29,1329,195,6050,0,0,6042,0.0667,0.010,0.004,-0.096,4.18,-2.98,1317,276,4481,0,0,12711,0.1219,-0.013,0.005,-0.095,5.10,-2.06,1334,565,9391,0,0,8434,0.0757,0.001,0.015,-0.085,5.15,-2.01,1331,1224,6960,0,0
3.000,159.2,-403.31,-23.38,-115.69,190.1,0.32,1.81,0.00,1.00,0.00,1.00,4,5020,1001.9,1.98,0.57,-3.45,6.76,9271,1525,8124,0.1059,-0.059,0.008,-0.092,3.31,-3.85,1338,846,4905,0,0,5574,0.0620,-0.039,0.011,-0.089,3.58,-3.58,1337,841,3706,0,0,11983,0.1248,0.023,0.020,-0.080,3.85,-3.31,1354,2808,7677,0,0,8499,0.0803,0.038,0.025,-0.075,3.86,-3.30,1355,2545,5712,0,0
3.120,165.5,-400.69,-23.43,-109.89,191.2,0.33,1.40,0.00,1.00,0.00,1.00,4,5038,1002.2,1.99,0.36,-3.75,-0.21,9237,1543,7564,0.1000,-0.049,0.007,-0.093,2.01,-5.15,1344,830,2968,0,0,6111,0.0644,0.020,0.008,-0.092,2.26,-4.91,1345,793,2722,0,0,11816,0.1238,-0.008,0.017,-0.083,2.15,-5.01,1357,2892,4644,0,0,9652,0.0882,0.066,0.018,-0.082,2.15,-5.01,1358,2549,3911,0,0
3.240,171.9,-397.92,-23.48,-104.13,192.5,0.32,0.82,0.00,1.00,0.00,1.00,4,5067,1002.6,1.99,0.22,-4.23,-2.00,9307,1564,7644,0.0931,-0.058,0.006,-0.094,0.80,-6.37,1351,812,1235,0,0,7314,0.0721,0.064,0.006,-0.094,1.04,-6.12,1353,785,1542,0,0,10702,0.1151,-0.072,0.016,-0.084,0.82,-6.34,1365,2795,1706,0,0,10000,0.0945,0.052,0.015,-0.085,0.82,-6.34,1366,2552,1609,0,0
3.360,178.4,-395.06,-23.53,-98.35,193.8,0.31,0.38,0.00,1.00,0.00,1.00,4,5101,1003.0,2.00,0.06,-4.67,-1.59,9422,1586,6863,0.0854,-0.064,0.006,-0.094,0.06,-7.10,1361,800,101,0,0,7148,0.0780,0.050,0.006,-0.094,0.31,-6.85,1362,790,456,0,0,10293,0.1103,-0.040,0.016,-0.084,0.10,-7.06,1374,2721,221,0,0,10371,0.1023,0.065,0.015,-0.085,0.10,-7.06,1374,2625,222,0,0
3.480,184.8,-392.15,-23.56,-92.56,195.1,0.31,0.14,0.00,1.00,0.00,1.00,4,5133,1003.3,2.01,-0.14,-4.92,-0.53,9525,1607,6979,0.0845,-0.008,0.006,-0.094,-0.29,-6.87,1371,795,-398,0,0,7381,0.0842,0.052,0.006,-0.094,-0.04,-7.13,1371,796,-45,0,0,11114,0.1086,-0.014,0.015,-0.085,-0.20,-6.96,1382,2721,-409,0,0,11514,0.1084,0.051,0.014,-0.086,-0.20,-6.96,1382,2729,-421,0,0
3.600,191.4,-389.21,-23.58,-86.73,196.4,0.30,0.06,0.00,1.00,0.00,1.00,4,5166,1003.7,2.02,-0.26,-5.00,0.23,9677,1628,7892,0.0836,-0.007,0.006,-0.094,-0.40,-6.76,1379,791,-631,0,0,8150,0.0866,0.019,0.006,-0.094,-0.15,-7.01,1379,794,-239,0,0,10347,0.1064,-0.019,0.015,-0.085,-0.28,-6.89,1392,2639,-544,0,0,10683,0.1094,0.008,0.015,-0.085,-0.28,-6.89,1392,2693,-559,0,0
3.720,197.9,-386.23,-23.57,-80.87,197.5,0.27,0.36,0.21,1.00,0.00,1.00,4,5196,1004.0,2.02,-0.39,-4.82,17.08,9780,1647,7881,0.0852,0.013,0.011,-0.089,6.79,-0.37,1390,759,7247,0,0,6498,0.0843,-0.019,0.020,-0.080,9.11,1.95,1383,943,6768,0,0,11333,0.1107,0.036,0.012,-0.088,0.18,-6.98,1402,2263,277,0,0,9858,0.1090,-0.003,0.019,-0.081,0.18,-6.98,1399,3104,247,0,0
3.840,204.5,-383.08,-23.57,-75.08,197.8,0.18,1.68,0.00,1.00,0.00,1.00,4,5209,1004.1,2.03,-0.19,-3.77,52.40,9858,1651,9791,0.1053,0.168,0.014,-0.086,10.51,3.35,1395,775,10193,0,0,5384,0.0729,-0.095,0.038,-0.062,13.42,6.25,1374,1004,5984,0,0,14416,0.1271,0.136,0.010,-0.090,3.81,-3.35,1413,1411,7447,0,0,9360,0.0947,-0.119,0.033,-0.067,3.92,-3.25,1405,3597,6023,0,0
3.960,211.1,-379.71,-23.56,-69.42,197.1,0.05,1.94,0.08,0.00,0.00,1.00,4,5068,-245.7,0.20,0.18,-3.35,34.33,10021,1639,10819,0.1113,0.050,-0.001,-0.099,7.28,0.12,1374,-93,9936,0,0,7280,0.0679,-0.042,0.000,-0.100,8.48,1.31,1345,-39,7401,0,0,12141,0.1285,0.012,-0.013,-0.087,6.15,-1.01,1365,-1380,10335,0,0,7838,0.0855,-0.076,-0.005,-0.095,6.27,-0.89,1350,-360,7251,0,0
4.080,217.6,-376.11,-23.55,-64.00,194.2,-0.31,2.55,0.27,0.00,0.00,1.00,4,4894,-238.3,0.20,0.46,-2.98,35.53,9968,1592,9794,0.1197,0.069,-0.004,-0.096,15.23,8.06,1313,-170,10368,0,0,5940,0.0662,-0.014,-0.002,-0.098,18.31,11.15,1269,-37,6590,0,0,12600,0.1315,0.025,-0.015,-0.085,7.40,0.24,1340,-1413,11158,0,0,7225,0.0773,-0.069,-0.006,-0.094,7.54,0.38,1325,-356,7266,0,0
4.200,224.0,-372.28,-23.54,-58.86,190.5,-0.45,2.62,0.29,0.00,0.28,1.00,4,4613,-226.4,0.20,0.56,-2.85,35.42,9621,1533,10926,0.1248,0.043,-0.044,-0.056,16.76,9.60,1227,-1738,11223,669,0,6085,0.0675,0.011,-0.062,-0.038,20.00,12.84,1157,-1206,6604,669,0,14216,0.1301,-0.012,-0.035,-0.065,8.50,1.34,1286,-2800,11450,360,0,9423,0.0728,-0.037,-0.025,-0.075,8.67,1.51,1273,-1599,9474,360,0
4.320,230.3,-368.31,-23.54,-54.07,183.4,-1.31,2.39,0.31,0.00,0.59,1.00,4,4015,-200.3,0.20,0.87,-2.99,26.20,9113,1420,9619,0.1202,-0.038,-0.128,0.028,18.75,11.59,1065,-3851,9414,1036,1,6472,0.0692,0.014,-0.146,0.046,22.26,15.09,1001,-2642,6576,1036,1,11150,0.1212,-0.074,-0.116,0.016,9.06,1.90,1126,-7090,9213,1860,0,7036,0.0701,-0.023,-0.116,0.016,9.20,2.04,1107,-4703,6196,1860,0
4.440,236.2,-364.29,-23.53,-49.68,175.7,-1.42,2.42,0.34,0.00,0.68,1.00,4,3841,-193.6,0.20,0.88,-3.08,22.74,8441,1304,9953,0.1230,0.023,-0.129,0.029,20.10,12.94,1010,-3765,9732,1009,1,6168,0.0742,0.042,-0.133,0.033,23.90,16.74,962,-2168,6388,1009,1,11726,0.1186,-0.022,-0.115,0.015,9.18,2.02,1080,-7121,9795,1810,0,7713,0.0697,-0.003,-0.116,0.016,9.31,2.15,1062,-4914,6859,1810,0
4.560,241.9,-360.23,-23.52,-45.67,168.2,-1.40,2.28,0.36,0.00,0.18,1.00,4,3851,-193.7,0.20,1.00,-3.02,18.23,7824,1196,12814,0.1256,0.022,-0.099,-0.001,20.75,13.59,995,-3445,11673,1049,0,7858,0.0752,0.009,-0.117,0.017,24.82,17.66,933,-2362,8029,1049,0,10769,0.1105,-0.067,-0.054,-0.046,8.58,1.42,1107,-3844,10212,565,0,6346,0.0615,-0.069,-0.055,-0.045,8.68,1.52,1093,-2424,6413,565,0
4.680,247.5,-356.09,-23.50,-42.01,164.4,-0.55,2.48,0.38,0.44,0.00,1.00,4,4165,428.6,1.13,0.62,-2.89,13.89,7287,1142,8743,0.1177,-0.066,0.009,-0.091,20.05,12.88,1093,238,9285,0,0,5321,0.0645,-0.089,0.024,-0.076,24.22,17.06,1067,332,5848,0,0,12453,0.1200,0.079,0.008,-0.092,6.98,-0.19,1155,688,11015,0,0,7428,0.0663,0.040,0.016,-0.084,7.04,-0.12,1154,963,7275,0,0
4.800,252.9,-351.81,-23.50,-38.66,162.0,-0.31,2.33,0.39,0.00,0.00,1.00,4,4053,-146.1,0.26,0.46,-2.74,17.70,6977,1107,11137,0.1218,0.034,-0.007,-0.093,18.42,11.26,1071,-251,11481,0,0,6725,0.0637,-0.006,-0.003,-0.097,22.67,15.51,1034,-55,7291,0,0,11655,0.1187,-0.011,-0.008,-0.092,5.35,-1.81,1125,-923,9441,0,0,6629,0.0616,-0.039,-0.004,-0.096,5.41,-1.75,1116,-292,5808,0,0
4.920,258.2,-347.44,-23.49,-35.64,157.0,-0.97,2.14,0.41,0.00,0.58,1.00,4,3584,-182.9,0.20,0.46,-2.89,19.93,6631,1040,9182,0.1172,-0.038,-0.125,0.025,18.18,11.02,920,-3668,9067,749,1,6719,0.0650,0.011,-0.130,0.030,22.56,15.40,873,-2379,6918,749,1,10856,0.1182,-0.004,-0.059,-0.041,4.78,-2.39,1035,-5985,7639,1344,0,6770,0.0650,0.029,-0.062,-0.038,4.84,-2.32,1016,-4065,5055,1344,0
5.040,263.3,-343.13,-23.48,-32.95,149.3,-1.62,1.90,0.44,0.00,0.32,1.00,4,3408,-174.5,0.20,0.79,-3.12,31.53,6190,943,12320,0.1262,0.076,-0.119,0.019,19.22,12.05,873,-4277,11465,1853,0,8180,0.0806,0.130,-0.126,0.026,23.99,16.83,825,-2623,8291,556,1,9239,0.0986,-0.164,-0.061,-0.039,5.45,-1.71,987,-5045,7156,998,0,5882,0.0536,-0.095,-0.058,-0.042,5.57,-1.59,967,-3210,4868,998,0
5.160,268.1,-338.89,-23.46,-30.61,141.8,-1.54,2.01,0.47,0.00,0.68,0.64,4,3014,-154.1,0.20,0.82,-3.18,31.99,5626,851,9184,0.1183,-0.066,-0.138,0.038,20.97,13.81,804,-3585,9031,1463,1,6864,0.0750,-0.047,-0.211,0.111,26.03,18.86,690,-3315,6654,1463,1,9942,0.1001,0.013,-0.119,0.019,6.33,-0.83,873,-7739,6913,2625,0,6256,0.0565,0.024,-0.122,0.022,6.49,-0.67,860,-5102,4627,788,1
5.280,272.7,-334.77,-23.45,-28.61,134.8,-1.41,1.99,0.49,0.00,0.53,0.34,3,3094,-156.6,0.20,1.07,-3.02,34.56,5151,769,12686,0.1248,0.054,-0.124,0.024,22.63,15.47,771,-3904,11479,938,1,7866,0.0774,0.020,-0.134,0.034,28.01,20.85,708,-2357,7979,938,1,9937,0.0928,-0.061,-0.099,-0.001,7.30,0.13,850,-6148,8189,1683,0,5518,0.0462,-0.086,-0.104,0.004,7.50,0.34,822,-3705,4825,1683,0
5.400,277.1,-330.76,-23.42,-26.94,126.8,-1.60,1.99,0.52,0.00,0.60,1.00,3,3364,-172.2,0.20,0.92,-3.06,30.58,4541,681,9195,0.1186,-0.052,-0.164,0.064,24.50,17.34,680,-3655,8927,1354,1,6342,0.0728,-0.039,-0.273,0.173,30.12,22.96,547,-3375,5997,1354,1,10243,0.0966,0.032,-0.116,0.016,8.13,0.96,778,-7114,8106,2430,0,6454,0.0508,0.038,-0.126,0.026,8.34,1.18,762,-4694,5429,729,1
5.520,281.1,-326.91,-23.41,-25.58,119.5,-1.45,1.88,0.55,0.00,0.79,1.00,3,3204,-163.2,0.20,1.24,-3.01,27.74,4083,605,9442,0.1155,-0.026,-0.149,0.049,25.95,18.79,643,-3260,9269,1234,1,6358,0.0698,-0.025,-0.219,0.119,31.89,24.73,543,-2639,6313,1234,1,9074,0.0878,-0.073,-0.123,0.023,8.26,1.10,738,-6427,7308,664,1,5011,0.0411,-0.081,-0.122,0.022,8.47,1.31,719,-3708,4313,664,1
5.640,285.0,-323.23,-23.40,-24.51,111.9,-1.52,1.90,0.58,0.00,0.42,1.00,3,3038,-154.3,0.20,1.09,-3.02,29.31,3551,530,9833,0.1215,0.050,-0.125,0.025,26.66,19.49,618,-2848,9735,968,1,6717,0.0754,0.047,-0.197,0.097,32.87,25.71,518,-2505,6717,968,1,11512,0.0837,-0.034,-0.121,0.021,8.36,1.20,698,-7663,9118,521,1,7784,0.0376,-0.029,-0.116,0.016,8.60,1.44,674,-5384,6580,1737,0
5.760,288.6,-319.70,-23.38,-23.75,106.4,-1.03,2.07,0.60,0.46,0.00,1.00,3,3352,193.6,0.64,1.02,-2.86,20.28,3208,479,8915,0.1143,-0.060,-0.001,-0.099,26.67,19.51,670,-116,9280,0,0,5205,0.0640,-0.095,-0.013,-0.087,33.08,25.92,609,-247,5621,0,0,10235,0.0911,0.062,-0.001,-0.099,6.65,-0.52,746,-146,9491,0,0,5520,0.0409,0.027,0.015,-0.085,6.78,-0.38,742,620,5493,0,0
5.880,292.1,-316.22,-23.38,-23.28,104.9,-0.15,1.98,0.00,1.00,0.00,1.00,3,3564,848.1,1.64,0.94,-2.73,22.94,3023,465,8223,0.1050,-0.078,-0.015,-0.085,2.43,-4.73,733,-1091,8637,0,0,4766,0.0526,-0.096,-0.028,-0.072,2.73,-4.43,707,-756,5349,0,0,10329,0.0925,0.011,0.022,-0.078,4.80,-2.36,756,2321,7936,0,0,5776,0.0389,-0.016,0.044,-0.056,4.91,-2.25,755,2628,4638,0,0
6.000,295.6,-312.70,-23.39,-23.04,106.5,0.47,1.39,0.00,1.00,0.00,1.00,3,3659,863.8,1.66,0.21,-3.11,9.96,2949,478,7179,0.0983,-0.056,0.008,-0.092,1.91,-5.25,753,895,2690,0,0,5698,0.0562,0.030,0.011,-0.089,2.16,-5.00,748,952,2448,0,0,12705,0.0962,0.031,0.018,-0.082,2.98,-4.18,760,2929,6407,0,0,9999,0.0541,0.126,0.025,-0.075,3.01,-4.15,758,3504,5506,0,0
6.120,299.2,-309.12,-23.38,-22.95,108.2,0.44,0.85,0.00,1.00,0.00,1.00,3,3718,872.3,1.67,-0.10,-3.72,0.50,3039,494,6083,0.0797,-0.155,0.009,-0.091,0.81,-6.36,762,899,1040,0,0,5828,0.0559,-0.002,0.009,-0.091,1.01,-6.15,762,897,1241,0,0,9386,0.0943,-0.015,0.021,-0.079,0.98,-6.19,772,3182,1853,0,0,8672,0.0706,0.137,0.022,-0.078,0.98,-6.19,772,3098,1729,0,0
6.240,302.8,-305.48,-23.37,-22.95,109.9,0.41,0.71,0.35,1.00,0.00,1.00,3,3780,881.5,1.69,-0.05,-3.97,17.70,3133,510,6895,0.0720,-0.064,0.016,-0.084,8.62,1.45,778,814,7041,0,0,5505,0.0580,0.017,0.032,-0.068,11.43,4.26,770,1004,6025,0,0,9215,0.0830,-0.094,0.017,-0.083,0.69,-6.47,788,2664,1111,0,0,7428,0.0674,-0.026,0.031,-0.069,0.70,-6.46,785,3608,920,0,0
6.360,306.5,-301.80,-23.36,-23.15,110.4,0.20,1.63,0.59,1.00,0.00,1.00,3,3752,877.3,1.68,-0.23,-3.21,52.54,3139,514,8995,0.0947,0.189,0.033,-0.067,19.76,12.60,768,953,9489,0,0,4927,0.0580,0.000,0.098,-0.002,25.69,18.53,744,1240,5302,0,0,13336,0.0980,0.124,0.009,-0.091,3.52,-3.64,798,1311,6926,0,0,8791,0.0613,-0.051,0.045,-0.055,3.70,-3.46,786,4508,5288,0,0
6.480,310.2,-298.16,-23.34,-23.60,109.6,0.02,1.94,0.59,0.33,0.00,1.00,3,3612,276.3,0.83,0.18,-2.76,52.32,3199,507,8508,0.0978,0.026,0.016,-0.084,22.47,15.31,735,391,9002,0,0,4612,0.0468,-0.093,0.064,-0.036,28.66,21.50,695,709,5026,0,0,10843,0.1049,0.058,-0.003,-0.097,5.71,-1.45,781,-349,9104,0,0,5927,0.0540,-0.061,0.033,-0.067,6.01,-1.15,769,1839,5353,0,0
6.600,313.8,-294.65,-23.33,-24.30,105.6,-0.70,1.92,0.60,0.00,0.51,0.69,3,2909,-148.3,0.20,0.91,-2.64,46.20,3064,471,2075,0.1006,0.024,-0.105,0.005,25.28,18.12,578,-697,2284,3001,0,5992,0.0499,0.026,-0.164,0.064,31.36,24.20,510,-1960,6161,900,1,9093,0.0927,-0.102,-0.117,0.017,7.37,0.21,660,-6637,7017,1616,0,4807,0.0394,-0.121,-0.123,0.023,7.73,0.56,631,-3593,4058,485,1
6.720,317.2,-291.39,-23.33,-25.19,97.9,-1.53,1.92,0.63,0.00,1.00,0.24,2,2592,-130.5,0.20,0.95,-2.78,48.04,2699,406,10079,0.1213,0.172,-0.195,0.095,27.67,20.51,495,-4082,9544,1755,1,7050,0.0727,0.190,-0.324,0.224,34.54,27.38,366,-3745,6539,1755,1,11552,0.0869,-0.049,-0.134,0.034,9.55,2.38,606,-7341,9508,945,1,7818,0.0382,-0.010,-0.116,0.016,10.05,2.89,572,-4975,6984,3150,0
6.840,320.3,-288.46,-23.31,-26.20,90.1,-1.56,1.78,0.66,0.00,0.42,1.00,2,3256,-166.2,0.20,1.24,-2.91,33.79,2359,344,9088,0.1143,-0.059,-0.124,0.024,30.23,23.06,483,-2414,9085,733,1,6295,0.0700,-0.022,-0.211,0.111,37.39,30.22,384,-2342,6292,733,1,8745,0.0824,-0.037,-0.119,0.019,9.87,2.70,555,-5579,7652,1316,0,5059,0.0381,-0.001,-0.125,0.025,10.27,3.11,536,-3282,4739,395,1
6.960,323.1,-285.81,-23.30,-27.33,83.6,-1.24,1.77,0.68,0.00,0.52,1.00,2,3110,-156.0,0.20,1.56,-2.83,28.15,2031,297,9317,0.1091,-0.043,-0.141,0.041,30.74,23.58,433,-2583,9244,907,1,6214,0.0646,-0.045,-0.140,0.040,38.09,30.93,381,-1701,6379,907,1,8552,0.0751,-0.061,-0.082,-0.018,9.09,1.93,513,-4978,7732,1627,0,4504,0.0294,-0.073,-0.070,-0.030,9.42,2.26,506,-2355,4522,1627,0
7.080,325.8,-283.45,-23.30,-28.57,77.8,-1.11,1.88,0.71,0.28,0.00,1.00,2,3265,-27.4,0.35,1.52,-2.68,28.61,1752,257,11199,0.1198,0.089,-0.014,-0.086,29.38,22.22,475,-336,11206,77,0,7270,0.0700,0.045,-0.022,-0.078,36.89,29.73,416,-327,7584,77,0,9158,0.0739,-0.009,-0.012,-0.088,7.28,0.12,545,-817,8926,42,0,4897,0.0260,-0.028,-0.001,-0.099,7.56,0.40,530,-31,5138,42,0
7.200,328.4,-281.33,-23.31,-29.99,75.8,-0.25,2.02,0.72,0.92,0.00,1.00,2,3430,607.4,1.30,0.63,-2.53,28.65,1560,243,8304,0.1113,-0.070,0.040,-0.060,27.20,20.04,500,715,8680,0,0,4759,0.0566,-0.112,0.105,0.005,34.70,27.54,473,885,5092,0,0,12616,0.0931,0.159,0.019,-0.081,4.69,-2.47,550,2142,9094,0,0,7961,0.0383,0.102,0.049,-0.051,4.88,-2.28,545,3697,6274,0,0
7.320,330.9,-279.38,-23.31,-31.61,76.5,0.27,1.70,0.71,0.15,0.00,1.00,2,3527,388.4,1.05,0.52,-2.73,34.62,1574,247,7157,0.0943,-0.142,0.064,-0.036,25.02,17.86,526,1370,7552,0,0,4614,0.0458,-0.089,0.169,0.069,32.37,25.21,513,1650,4787,0,0,10130,0.0952,0.018,-0.002,-0.098,3.28,-3.89,545,1596,5846,0,0,6621,0.0467,0.070,0.032,-0.068,3.44,-3.72,536,4035,3922,0,0
7.440,333.4,-277.56,-23.32,-33.40,77.1,0.22,1.18,0.00,1.00,0.00,1.00,2,3676,865.8,1.66,0.85,-3.13,24.42,1589,251,6216,0.0827,-0.097,0.011,-0.089,-0.22,-6.94,554,1221,-663,0,0,1359,0.0455,-0.003,0.032,-0.068,0.12,-7.04,540,464,-94,0,0,8606,0.0824,-0.107,0.032,-0.068,3.15,-4.01,565,3422,4893,0,0,7267,0.0464,-0.003,0.059,-0.041,3.26,-3.90,561,4949,4073,0,0
7.560,336.1,-275.76,-23.35,-35.31,80.1,0.71,0.62,0.00,1.00,0.00,1.00,2,3791,883.1,1.69,0.68,-3.70,4.69,1676,271,8652,0.0720,-0.089,0.008,-0.092,0.42,-6.74,565,1190,743,0,0,8181,0.0544,0.074,0.008,-0.092,0.61,-6.55,562,1330,1015,0,0,8707,0.0755,-0.057,0.033,-0.067,1.11,-6.05,580,4233,2003,0,0,8171,0.0575,0.092,0.038,-0.062,1.12,-6.04,579,4509,1892,0,0
7.680,338.8,-273.94,-23.36,-37.35,82.9,0.68,0.31,0.00,1.00,0.00,1.00,2,3929,904.3,1.72,-0.22,-4.07,1.29,1721,290,5982,0.0706,-0.012,0.013,-0.087,-0.08,-7.08,588,1304,-83,0,0,6271,0.0636,0.077,0.013,-0.087,0.12,-7.04,587,1338,172,0,0,11531,0.0751,-0.004,0.027,-0.073,0.11,-7.05,595,5253,296,0,0,11444,0.0681,0.088,0.030,-0.070,0.11,-7.05,595,5546,295,0,0
7.800,341.6,-272.08,-23.34,-39.47,85.8,0.67,0.11,0.00,1.00,0.00,1.00,2,4067,924.5,1.76,-0.51,-4.32,0.23,1890,310,5537,0.0606,-0.083,0.014,-0.086,-0.33,-6.83,607,1334,-371,0,0,5920,0.0612,-0.020,0.013,-0.087,-0.15,-7.01,607,1348,-171,0,0,8802,0.0804,0.045,0.033,-0.067,-0.21,-6.95,619,4492,-347,0,0,9210,0.0811,0.108,0.033,-0.067,-0.21,-6.95,619,4636,-361,0,0
7.920,344.5,-270.17,-23.32,-41.67,88.8,0.71,0.04,0.00,1.00,0.00,1.00,2,4214,946.9,1.79,-0.43,-4.40,0.18,2036,333,5484,0.0558,-0.040,0.014,-0.086,-0.42,-6.74,629,1382,-472,0,0,6202,0.0596,-0.013,0.013,-0.087,-0.25,-6.92,628,1394,-310,0,0,8176,0.0715,-0.075,0.036,-0.064,-0.31,-6.85,642,4553,-492,0,0,8468,0.0746,-0.054,0.035,-0.065,-0.31,-6.85,642,4664,-508,0,0
8.040,347.6,-268.22,-23.31,-43.97,91.5,0.64,0.68,0.42,1.00,0.00,1.00,2,4360,969.2,1.82,-0.44,-3.87,31.63,2162,353,8960,0.0676,0.098,0.021,-0.079,9.61,2.45,656,1197,9166,0,0,6376,0.0610,0.011,0.049,-0.051,13.06,5.90,643,1517,6915,0,0,10018,0.0763,0.041,0.025,-0.075,0.83,-6.34,667,3909,1244,0,0,7126,0.0653,-0.077,0.056,-0.044,0.85,-6.31,664,5370,900,0,0
8.160,350.6,-266.38,-23.28,-46.45,93.1,0.47,1.56,0.65,0.39,0.00,1.00,2,4368,524.6,1.26,-0.60,-2.90,56.19,2213,366,8455,0.0864,0.157,0.048,-0.052,21.81,14.65,652,1276,8905,0,0,4143,0.0478,-0.110,0.156,0.056,28.44,21.28,639,1529,4357,0,0,12925,0.0984,0.184,0.007,-0.093,3.87,-3.29,675,1457,7473,0,0,7894,0.0598,-0.046,0.054,-0.046,4.12,-3.04,662,4875,5062,0,0
8.280,353.7,-264.75,-23.26,-49.06,91.7,-0.15,1.87,0.65,0.43,0.00,1.00,2,4121,275.1,0.87,0.02,-2.52,53.97,2245,355,8540,0.0932,0.057,0.016,-0.084,23.75,16.59,613,337,9003,0,0,4792,0.0420,-0.048,0.056,-0.044,30.54,23.37,563,569,5209,0,0,10158,0.0981,-0.002,0.000,-0.100,5.60,-1.56,659,-147,8513,0,0,5361,0.0470,-0.107,0.045,-0.055,5.96,-1.20,647,2138,4781,0,0
8.400,356.8,-263.37,-23.25,-51.76,91.0,0.06,1.92,0.66,0.68,0.00,1.00,2,4320,884.9,1.71,0.64,-2.41,54.93,2244,350,8414,0.0953,0.017,0.061,-0.039,25.20,18.04,628,1282,8771,0,0,4821,0.0426,0.005,0.158,0.058,32.12,24.96,602,1503,5054,0,0,10108,0.0911,-0.058,0.052,-0.048,7.01,-0.15,688,4025,8999,0,0,5379,0.0372,-0.081,0.121,0.021,7.47,0.31,688,4181,4346,0,0
8.520,359.8,-262.25,-23.25,-54.58,91.7,0.46,1.92,0.00,1.00,0.00,1.00,2,4733,996.8,1.91,0.71,-2.31,50.15,2245,355,7951,0.0993,0.034,0.020,-0.080,2.46,-4.70,669,2362,3430,0,0,4753,0.0433,0.006,0.047,-0.053,2.83,-4.33,649,2770,2396,0,0,10716,0.0936,0.021,0.139,0.039,8.06,0.90,750,7724,8164,0,0,6627,0.0393,0.017,0.213,0.113,8.54,1.38,753,6119,4353,0,0
8.640,362.9,-261.31,-23.26,-57.59,96.3,1.31,1.49,0.00,1.00,0.00,1.00,2,4916,1000.3,1.95,0.46,-2.66,32.13,2394,391,6432,0.0813,-0.150,0.033,-0.067,4.15,-3.01,704,2372,4576,0,0,4070,0.0379,-0.046,0.059,-0.041,4.49,-2.68,696,2425,3017,0,0,11393,0.1025,0.075,0.120,0.020,7.65,0.48,763,7877,8728,0,0,8174,0.0591,0.166,0.164,0.064,7.92,0.76,766,6896,5774,0,0
8.760,366.2,-260.57,-23.28,-60.80,100.9,1.28,1.51,0.00,1.00,0.00,1.00,2,5115,1003.1,2.00,0.54,-2.70,20.53,2593,430,6793,0.0733,-0.067,0.032,-0.068,3.79,-3.37,732,2540,4563,0,0,4209,0.0329,-0.041,0.052,-0.048,4.04,-3.12,731,2376,2967,0,0,10854,0.1008,-0.014,0.113,0.013,5.99,-1.17,791,8155,7505,0,0,7423,0.0598,0.005,0.143,0.043,6.12,-1.04,794,6518,4886,0,0
8.880,369.7,-260.00,-23.32,-64.21,105.8,1.27,1.37,0.00,1.00,0.00,1.00,2,5266,1004.6,2.04,0.50,-2.78,12.26,2812,472,7043,0.0746,0.011,0.027,-0.073,2.72,-4.45,762,2532,3623,0,0,4772,0.0356,0.022,0.039,-0.061,2.92,-4.24,762,2426,2645,0,0,10847,0.0987,-0.017,0.085,-0.015,4.02,-3.14,806,8045,6331,0,0,7935,0.0613,0.013,0.102,0.002,4.07,-3.09,809,6737,4560,0,0
9.000,373.3,-259.60,-23.36,-67.81,110.8,1.24,1.05,0.00,1.00,0.00,1.00,2,5446,1005.6,2.08,0.35,-3.07,3.31,3059,519,6059,0.0692,-0.045,0.027,-0.073,1.54,-5.63,796,2511,1882,0,0,4927,0.0390,0.028,0.032,-0.068,1.70,-5.46,797,2400,1702,0,0,10570,0.0995,0.006,0.065,-0.035,1.95,-5.21,826,7877,3596,0,0,8823,0.0694,0.067,0.071,-0.029,1.96,-5.20,828,7066,3032,0,0
9.120,377.1,-259.29,-23.40,-71.59,116.0,1.23,0.57,0.00,1.00,0.00,1.00,2,5680,998.8,2.13,0.34,-3.52,0.35,3350,568,5663,0.0619,-0.061,0.026,-0.074,0.54,-6.62,831,2472,649,0,0,5566,0.0460,0.058,0.027,-0.073,0.71,-6.46,832,2464,821,0,0,9483,0.0911,-0.070,0.064,-0.036,0.66,-6.50,863,7555,1166,0,0,9025,0.0745,0.043,0.065,-0.035,0.66,-6.50,863,7299,1114,0,0
9.240,381.1,-259.00,-23.45,-75.55,120.9,1.18,-0.06,0.00,1.00,0.00,1.00,2,5962,985.4,2.20,0.15,-4.12,-17.03,3623,618,4879,0.0562,-0.047,0.066,-0.034,-9.74,2.58,882,2016,-5034,0,0,6817,0.0566,0.088,0.040,-0.060,-7.31,0.15,879,2211,-6459,0,0,8427,0.0829,-0.068,0.073,-0.027,-0.48,-6.68,901,7314,-576,0,0,10419,0.0840,0.079,0.056,-0.044,-0.47,-6.69,900,7689,-717,0,0
9.360,385.2,-258.66,-23.48,-79.66,126.0,1.20,-0.26,0.00,1.00,0.00,1.00,2,6166,973.9,2.25,-0.08,-4.52,-9.64,3944,671,4970,0.0490,-0.060,0.030,-0.070,-0.91,-6.25,903,2442,-865,0,0,6370,0.0623,0.048,0.023,-0.077,-0.74,-6.42,904,2469,-875,0,0,8950,0.0802,-0.022,0.070,-0.030,-1.65,-5.52,938,7265,-2512,0,0,10251,0.0929,0.074,0.060,-0.040,-1.63,-5.53,938,7512,-2885,0,0
9.480,389.5,-258.26,-23.51,-83.94,131.0,1.20,-0.34,0.00,1.00,0.00,1.00,2,6398,959.2,2.30,-0.20,-4.56,-2.74,4260,725,5455,0.0494,0.003,0.028,-0.072,-1.14,-6.02,939,2422,-1245,0,0,6393,0.0637,0.012,0.024,-0.076,-0.97,-6.20,938,2513,-1229,0,0,9080,0.0795,-0.006,0.064,-0.036,-1.29,-5.87,973,7141,-2084,0,0,10301,0.0940,0.009,0.060,-0.040,-1.29,-5.87,972,7689,-2343,0,0
9.600,394.0,-257.80,-23.53,-88.39,135.9,1.15,-0.25,0.00,1.00,0.00,0.74,2,6544,948.8,2.34,-0.29,-4.49,-0.03,4570,780,5403,0.0505,0.009,0.020,-0.080,-0.89,-6.27,967,1829,-989,0,0,6002,0.0629,-0.007,0.018,-0.082,-0.72,-6.44,966,1884,-885,0,0,9312,0.0823,0.023,0.041,-0.059,-0.82,-6.34,987,5653,-1457,0,0,10144,0.0947,0.006,0.040,-0.060,-0.82,-6.34,986,5982,-1571,0,0
9.720,398.5,-257.31,-23.54,-92.93,137.4,0.36,-0.13,0.00,1.00,0.00,0.12,3,6722,-221.5,2.39,-0.14,-4.35,0.62,4770,797,6508,0.0582,0.064,0.000,-0.100,-0.63,-6.53,960,-20,-845,0,0,6756,0.0670,0.034,0.000,-0.100,-0.45,-6.72,959,-18,-620,0,0,8713,0.0798,-0.021,0.003,-0.097,-0.49,-6.67,963,173,-854,0,0,9147,0.0886,-0.051,0.003,-0.097,-0.49,-6.67,962,227,-892,0,0
9.840,403.2,-256.80,-23.55,-97.52,140.0,0.61,-0.04,0.00,1.00,0.00,1.00,3,5346,1005.3,2.06,-0.12,-4.24,0.67,4988,827,6032,0.0634,0.044,0.017,-0.083,-0.48,-6.68,994,1742,-594,0,0,6244,0.0689,0.016,0.016,-0.084,-0.28,-6.88,993,1774,-362,0,0,9329,0.0806,0.007,0.039,-0.061,-0.34,-6.82,1016,5431,-613,0,0,9628,0.0861,-0.021,0.039,-0.061,-0.34,-6.82,1015,5589,-630,0,0
9.960,407.9,-256.27,-23.56,-102.23,143.5,0.82,0.14,0.20,1.00,0.00,1.00,3,5056,1002.4,1.99,-0.25,-4.09,7.75,5182,869,6337,0.0629,-0.004,0.018,-0.082,2.66,-4.51,1022,1665,3233,0,0,5662,0.0655,-0.029,0.024,-0.076,3.78,-3.38,1021,1686,3889,0,0,9855,0.0852,0.038,0.036,-0.064,-0.15,-7.01,1041,5399,-335,0,0,9469,0.0877,0.014,0.041,-0.059,-0.15,-7.01,1040,5716,-322,0,0
10.080,412.7,-255.84,-23.57,-107.05,146.6,0.78,0.83,0.00,1.00,0.00,1.00,3,5172,1003.7,2.02,-0.12,-3.46,24.80,5405,908,6799,0.0720,0.076,0.014,-0.086,0.18,-6.98,1048,1677,73,0,0,5216,0.0551,-0.087,0.021,-0.079,0.37,-6.79,1036,1905,263,0,0,10662,0.0966,0.096,0.034,-0.066,2.03,-5.13,1069,5015,3790,0,0,8734,0.0797,-0.067,0.051,-0.049,2.07,-5.09,1067,5809,3134,0,0
10.200,417.7,-255.50,-23.58,-111.99,150.1,0.84,0.77,0.00,1.00,0.00,1.00,3,5288,1004.8,2.04,-0.06,-3.37,8.70,5642,951,6777,0.0728,0.007,0.016,-0.084,1.22,-5.94,1067,1769,1616,0,0,5410,0.0544,-0.006,0.020,-0.080,1.42,-5.74,1065,1778,1523,0,0,10434,0.0983,0.014,0.038,-0.062,1.94,-5.23,1091,5432,3653,0,0,9022,0.0798,0.001,0.045,-0.055,1.95,-5.21,1091,5432,3201,0,0
10.320,422.8,-255.26,-23.59,-117.06,153.5,0.83,0.69,0.00,1.00,0.00,1.00,3,5399,1005.4,2.07,-0.08,-3.42,2.03,5892,995,6462,0.0721,-0.006,0.016,-0.084,0.85,-6.31,1090,1777,1113,0,0,5686,0.0551,0.006,0.018,-0.082,1.04,-6.12,1090,1750,1208,0,0,10334,0.0990,0.006,0.037,-0.063,1.10,-6.06,1113,5624,2130,0,0,9198,0.0820,0.018,0.039,-0.061,1.10,-6.06,1114,5326,1922,0,0
10.440,428.0,-255.09,-23.61,-122.24,157.0,0.82,0.43,0.00,1.00,0.00,1.00,3,5513,1005.5,2.10,-0.13,-3.63,0.02,6143,1041,6211,0.0694,-0.023,0.016,-0.084,0.32,-6.85,1114,1756,409,0,0,6020,0.0593,0.035,0.017,-0.083,0.51,-6.65,1114,1739,633,0,0,10158,0.0965,-0.021,0.036,-0.064,0.42,-6.74,1136,5565,822,0,0,9766,0.0864,0.037,0.036,-0.064,0.42,-6.74,1136,5419,795,0,0
10.560,433.3,-254.97,-23.64,-127.54,160.4,0.82,0.22,0.00,1.00,0.00,1.00,3,5634,1000.6,2.12,-0.16,-3.85,-0.28,6412,1087,6011,0.0663,-0.026,0.016,-0.084,-0.05,-7.11,1139,1749,-55,0,0,6175,0.0627,0.028,0.016,-0.084,0.14,-7.02,1139,1756,186,0,0,9774,0.0944,-0.018,0.037,-0.063,0.03,-7.13,1162,5462,65,0,0,9882,0.0908,0.037,0.036,-0.064,0.03,-7.13,1162,5485,66,0,0
10.680,438.7,-254.82,-23.65,-132.95,163.6,0.74,-0.45,-0.31,1.00,0.00,1.00,3,5775,994.4,2.16,-0.28,-4.35,-25.32,6666,1130,4992,0.0603,-0.050,0.068,-0.032,-14.48,7.31,1172,1531,-5455,0,0,7569,0.0716,0.074,0.037,-0.063,-11.12,3.95,1172,1593,-8031,0,0,8548,0.0880,-0.054,0.047,-0.053,-1.19,-5.98,1187,5720,-1742,0,0,11353,0.0993,0.070,0.031,-0.069,-1.17,-5.99,1188,5328,-2254,0,0
10.800,444.2,-254.56,-23.66,-138.45,166.6,0.78,-0.82,0.00,1.00,0.00,1.00,3,5879,989.3,2.18,-0.53,-4.83,-20.22,6948,1173,5066,0.0528,-0.063,0.023,-0.077,-2.10,-5.07,1182,1818,-2030,0,0,7467,0.0798,0.068,0.015,-0.085,-1.87,-5.29,1187,1749,-2608,0,0,8618,0.0810,-0.058,0.054,-0.046,-3.30,-3.86,1218,5348,-4754,0,0,11186,0.1074,0.068,0.040,-0.060,-3.25,-3.91,1218,5326,-6071,0,0
10.920,449.8,-254.16,-23.65,-144.05,169.8,0.80,-0.95,0.00,1.00,0.00,1.00,3,5983,983.9,2.21,-0.70,-4.92,-6.80,7193,1218,5133,0.0517,-0.009,0.023,-0.077,-2.53,-4.64,1209,1709,-2517,0,0,7167,0.0816,0.015,0.017,-0.083,-2.32,-4.85,1207,1815,-3171,0,0,8784,0.0813,0.003,0.047,-0.053,-2.88,-4.28,1238,5099,-4435,0,0,11437,0.1112,0.032,0.041,-0.059,-2.87,-4.30,1236,5746,-5609,0,0
11.040,455.5,-253.63,-23.64,-149.75,173.0,0.79,-0.78,0.00,1.00,0.00,1.00,3,6078,978.7,2.23,-0.74,-4.81,-0.33,7445,1264,5721,0.0534,0.013,0.019,-0.081,-1.90,-5.26,1230,1718,-2170,0,0,7068,0.0809,-0.006,0.016,-0.084,-1.70,-5.46,1227,1826,-2373,0,0,9092,0.0834,0.017,0.040,-0.060,-1.86,-5.31,1256,5088,-3129,0,0,10919,0.1101,-0.010,0.038,-0.062,-1.86,-5.31,1255,5752,-3672,0,0
11.160,461.3,-253.00,-23.62,-155.55,176.3,0.78,-0.46,0.00,1.00,0.00,1.00,3,6181,972.7,2.25,-0.77,-4.51,1.99,7701,1313,5914,0.0581,0.039,0.017,-0.083,-1.18,-5.98,1253,1716,-1420,0,0,6485,0.0766,-0.036,0.016,-0.084,-0.98,-6.18,1250,1796,-1290,0,0,9703,0.0894,0.050,0.036,-0.064,-0.98,-6.18,1276,5212,-1814,0,0,10632,0.1079,-0.018,0.036,-0.064,-0.98,-6.18,1275,5668,-1963,0,0
11.280,467.3,-252.32,-23.59,-161.45,179.6,0.78,-0.18,0.00,1.00,0.00,1.00,3,6289,966.0,2.28,-0.79,-4.22,2.09,7967,1362,6294,0.0630,0.042,0.016,-0.084,-0.67,-6.49,1275,1737,-859,0,0,6449,0.0738,-0.024,0.016,-0.084,-0.46,-6.70,1273,1778,-614,0,0,9967,0.0940,0.039,0.034,-0.066,-0.46,-6.70,1298,5267,-875,0,0,10631,0.1042,-0.031,0.034,-0.066,-0.46,-6.70,1297,5636,-902,0,0
11.400,473.3,-251.66,-23.56,-167.46,182.5,0.69,0.67,0.32,1.00,0.00,1.00,3,6433,956.6,2.31,-0.68,-3.56,31.91,8238,1407,7728,0.0732,0.084,0.032,-0.068,9.75,2.59,1308,1559,8105,0,0,4969,0.0644,-0.078,0.062,-0.038,12.81,5.65,1307,1522,5429,0,0,11587,0.1047,0.089,0.030,-0.070,1.11,-6.05,1324,5187,2156,0,0,8653,0.0960,-0.069,0.047,-0.053,1.13,-6.03,1323,5821,1655,0,0
11.520,479.5,-251.15,-23.54,-173.57,185.4,0.77,1.15,0.00,1.00,0.00,1.00,3,6531,949.7,2.34,-0.45,-2.94,24.82,8528,1452,7449,0.0838,0.088,0.015,-0.085,2.03,-5.14,1322,1724,2809,0,0,5090,0.0568,-0.064,0.023,-0.077,2.27,-4.89,1314,1825,2195,0,0,12013,0.1153,0.088,0.039,-0.061,3.54,-3.62,1354,5359,6905,0,0,9118,0.0883,-0.064,0.054,-0.046,3.59,-3.57,1354,5464,5352,0,0
11.640,485.7,-250.81,-23.52,-179.79,187.5,0.57,1.34,0.00,1.00,0.00,0.33,3,6746,-221.8,2.39,-0.31,-2.75,8.68,8758,1484,8130,0.0870,0.027,0.005,-0.095,2.50,-4.67,1316,597,3822,0,0,5777,0.0555,-0.011,0.007,-0.093,2.72,-4.44,1313,629,3033,0,0,11550,0.1178,0.021,0.012,-0.088,3.12,-4.04,1326,1865,6312,0,0,8501,0.0855,-0.024,0.017,-0.083,3.14,-4.02,1325,1994,4857,0,0
11.760,491.9,-250.65,-23.52,-186.04,187.7,0.11,1.15,0.00,1.00,0.00,1.00,4,6351,960.1,2.30,-0.16,-2.82,1.43,8901,1487,7599,0.0912,0.035,0.011,-0.089,1.69,-5.47,1325,1297,2523,0,0,6133,0.0615,0.050,0.013,-0.087,1.92,-5.24,1326,1239,2343,0,0,10868,0.1141,-0.031,0.027,-0.073,1.92,-5.24,1346,4683,3853,0,0,8810,0.0843,-0.009,0.031,-0.069,1.92,-5.24,1349,3814,3191,0,0
11.880,498.2,-250.61,-23.52,-192.34,190.0,0.57,0.72,0.00,1.00,0.00,1.00,4,5095,1002.9,2.00,-0.25,-3.16,-1.07,9032,1525,6940,0.0855,-0.048,0.011,-0.089,0.80,-6.36,1341,1337,1129,0,0,6462,0.0669,0.045,0.012,-0.088,1.03,-6.13,1343,1296,1351,0,0,10657,0.1104,-0.031,0.025,-0.075,0.87,-6.29,1360,4266,1772,0,0,10247,0.0915,0.059,0.025,-0.075,0.87,-6.29,1361,4092,1712,0,0
12.000,504.6,-250.64,-23.53,-198.72,192.2,0.52,0.36,0.00,0.00,0.00,1.00,4,5015,185.6,0.79,-0.32,-3.50,-1.51,9196,1561,6490,0.0783,-0.060,0.001,-0.099,0.16,-7.00,1343,232,227,0,0,6598,0.0699,0.025,0.001,-0.099,0.39,-6.78,1344,219,528,0,0,10254,0.1074,-0.025,0.003,-0.097,0.20,-6.96,1345,625,416,0,0,10206,0.0990,0.062,0.002,-0.098,0.20,-6.96,1345,537,414,0,0
12.120,511.0,-250.71,-23.53,-205.10,191.1,-0.27,0.15,0.00,0.00,0.00,1.00,4,4957,-240.9,0.20,-0.19,-3.71,-0.86,9261,1541,7156,0.0808,0.021,-0.002,-0.098,-0.19,-6.97,1331,-289,-267,0,0,7388,0.0793,0.079,-0.002,-0.098,0.05,-7.11,1331,-292,81,0,0,9662,0.1005,-0.058,-0.005,-0.095,-0.11,-7.05,1326,-886,-199,0,0,9855,0.0990,0.000,-0.005,-0.095,-0.11,-7.05,1327,-919,-202,0,0
12.240,517.4,-250.79,-23.54,-211.45,189.8,-0.29,0.05,0.00,0.00,0.00,1.00,4,4925,-239.6,0.20,-0.09,-3.80,-0.17,9257,1521,7475,0.0832,0.020,-0.002,-0.098,-0.33,-6.83,1322,-296,-496,0,0,7729,0.0856,0.052,-0.002,-0.098,-0.08,-7.08,1323,-300,-121,0,0,9368,0.0951,-0.045,-0.005,-0.095,-0.22,-6.94,1318,-890,-397,0,0,9585,0.0964,-0.022,-0.005,-0.095,-0.22,-6.94,1318,-906,-405,0,0
12.360,523.7,-250.88,-23.53,-217.75,188.6,-0.29,0.02,0.00,0.00,0.00,1.00,4,4893,-238.2,0.20,-0.07,-3.81,0.21,9178,1501,7096,0.0830,-0.002,-0.002,-0.098,-0.37,-6.79,1314,-287,-525,0,0,7298,0.0857,0.001,-0.002,-0.098,-0.12,-7.05,1314,-289,-168,0,0,9363,0.0947,-0.003,-0.005,-0.095,-0.23,-6.93,1309,-889,-424,0,0,9619,0.0974,0.009,-0.005,-0.095,-0.23,-6.93,1309,-892,-434,0,0
12.480,529.9,-250.96,-23.53,-224.01,187.4,-0.29,0.02,0.00,0.00,0.00,1.00,4,4862,-236.9,0.20,-0.12,-3.77,0.43,9052,1482,6979,0.0838,0.006,-0.002,-0.098,-0.37,-6.80,1305,-281,-515,0,0,7086,0.0867,0.008,-0.002,-0.098,-0.11,-7.05,1305,-282,-157,0,0,9890,0.0949,0.002,-0.005,-0.095,-0.22,-6.94,1301,-898,-419,0,0,10058,0.0979,0.004,-0.005,-0.095,-0.22,-6.94,1301,-891,-426,0,0
12.600,536.1,-251.05,-23.53,-230.23,186.2,-0.29,0.03,0.00,0.00,0.00,1.00,4,4830,-235.5,0.20,-0.09,-3.75,0.50,8957,1462,7686,0.0826,-0.010,-0.002,-0.098,-0.35,-6.81,1297,-301,-535,0,0,7811,0.0864,-0.002,-0.002,-0.098,-0.09,-7.07,1297,-298,-149,0,0,9367,0.0932,-0.015,-0.005,-0.095,-0.20,-6.96,1293,-892,-364,0,0,9434,0.0954,-0.021,-0.005,-0.095,-0.20,-6.96,1292,-880,-366,0,0
12.720,542.2,-251.15,-23.52,-236.30,178.3,-1.85,0.05,0.00,0.00,0.00,1.00,4,4586,-224.6,0.20,0.29,-3.69,0.12,8565,1343,8453,0.0921,0.079,-0.002,-0.098,-0.36,-6.80,1242,-478,-605,0,0,8538,0.0942,0.065,-0.002,-0.098,-0.08,-7.08,1242,-473,-142,0,0,7296,0.0844,-0.073,-0.022,-0.078,-0.20,-6.96,1222,-3470,-286,0,0,7399,0.0865,-0.075,-0.022,-0.078,-0.20,-6.96,1222,-3559,-286,0,0
12.840,548.1,-251.25,-23.51,-242.20,174.6,-0.87,0.04,0.00,0.00,1.00,1.00,4,4004,-200.7,0.20,0.28,-3.66,0.43,8189,1288,8423,0.0924,0.002,-0.114,0.014,-0.38,-6.78,1063,-8704,-451,5850,0,8519,0.0956,0.012,-0.128,0.028,-0.10,-7.06,1071,-8868,-114,1755,1,8252,0.0820,-0.020,-0.115,0.015,-0.22,-6.95,1070,-8542,-255,3150,0,9140,0.0841,-0.019,-0.123,0.023,-0.22,-6.94,1080,-9375,-277,945,1
12.960,553.7,-251.35,-23.51,-247.84,166.5,-1.93,0.04,0.00,0.00,0.00,1.00,4,4317,-213.7,0.20,0.66,-3.63,0.31,7682,1172,7835,0.0961,0.031,-0.002,-0.098,-0.39,-6.77,1160,-281,-612,0,0,7972,0.0981,0.020,-0.002,-0.098,-0.10,-7.06,1159,-286,-160,0,0,7271,0.0723,-0.081,-0.006,-0.094,-0.22,-6.94,1155,-738,-329,0,0,7445,0.0742,-0.083,-0.006,-0.094,-0.23,-6.94,1155,-738,-336,0,0
13.080,559.2,-251.45,-23.50,-253.29,159.9,-1.56,0.03,0.00,0.00,1.00,1.00,4,3661,-185.3,0.20,0.56,-3.58,0.53,7032,1080,7092,0.0957,-0.003,-0.119,0.019,-0.42,-6.74,963,-7517,-418,5850,0,7071,0.0985,0.004,-0.123,0.023,-0.13,-7.04,984,-7532,-125,1755,1,8218,0.0734,0.009,-0.118,0.018,-0.23,-6.93,976,-8550,-273,3150,0,8267,0.0761,0.016,-0.124,0.024,-0.23,-6.93,986,-8600,-274,945,1
13.200,564.4,-251.56,-23.51,-258.46,153.6,-1.47,0.03,0.00,0.00,0.00,1.00,4,3985,-199.5,0.20,0.87,-3.56,0.25,6585,998,7236,0.0923,-0.028,-0.002,-0.098,-0.40,-6.76,1070,-271,-585,0,0,7414,0.0945,-0.034,-0.002,-0.098,-0.12,-7.04,1070,-275,-180,0,0,7310,0.0651,-0.069,-0.006,-0.094,-0.25,-6.91,1066,-752,-370,0,0,7532,0.0672,-0.074,-0.006,-0.094,-0.25,-6.91,1066,-758,-380,0,0
13.320,569.4,-251.66,-23.52,-263.45,145.7,-1.87,0.03,0.00,0.00,1.00,1.00,4,3296,-169.7,0.20,0.80,-3.50,0.35,5896,898,6947,0.0927,0.003,-0.139,0.039,-0.45,-6.72,880,-7447,-424,1755,1,6970,0.0959,0.012,-0.133,0.033,-0.16,-7.00,886,-7495,-153,1755,1,7764,0.0669,0.015,-0.126,0.026,-0.27,-6.89,890,-8163,-295,945,1,7814,0.0696,0.020,-0.126,0.026,-0.27,-6.89,890,-8203,-298,945,1
13.440,574.1,-251.73,-23.54,-268.13,137.4,-1.95,-0.50,-0.35,0.00,0.42,0.68,4,3175,-162.4,0.20,1.20,-3.81,-22.53,5370,799,7036,0.0875,-0.044,-0.124,0.024,-16.09,8.93,802,-3371,-7016,737,1,9138,0.0993,0.028,-0.118,0.018,-12.31,5.15,829,-5085,-8440,2457,0,5006,0.0510,-0.133,-0.077,-0.023,-1.26,-5.90,877,-4699,-1027,1323,0,7347,0.0628,-0.056,-0.076,-0.024,-1.24,-5.92,894,-6673,-1441,1323,0
13.560,578.5,-251.66,-23.55,-272.62,133.1,-0.90,-1.41,-0.50,0.00,0.00,0.26,3,3294,-167.5,0.20,0.59,-4.56,-47.22,4928,750,5322,0.0740,-0.113,-0.005,-0.095,-24.41,17.24,825,-72,-5856,0,0,9335,0.1103,0.092,-0.006,-0.094,-19.07,11.90,889,-161,-9863,0,0,6584,0.0465,-0.038,-0.007,-0.093,-4.56,-2.60,903,-392,-5049,0,0,11351,0.0828,0.167,-0.020,-0.080,-4.39,-2.77,926,-2233,-7876,0,0
13.680,582.9,-251.38,-23.56,-276.95,127.5,-1.15,-1.47,0.00,0.00,0.00,1.00,3,3712,-187.5,0.20,0.44,-4.88,-39.16,4559,688,5985,0.0578,-0.135,-0.155,0.055,-4.03,-3.13,738,-6203,-2655,1755,1,8828,0.1045,-0.049,-0.118,0.018,-3.66,-3.50,775,-8285,-4086,5850,0,4461,0.0407,-0.048,-0.136,0.036,-7.16,0.00,752,-3817,-3377,945,1,8203,0.0873,0.038,-0.137,0.037,-6.93,-0.23,776,-6776,-5774,945,1
13.800,587.1,-250.94,-23.56,-281.11,124.7,-0.43,-1.64,0.00,0.00,0.00,1.00,3,4159,-206.9,0.20,0.06,-4.90,-31.00,4294,658,5239,0.0571,-0.006,-0.005,-0.095,-5.57,-1.60,849,-255,-4718,0,0,8948,0.1072,0.023,-0.004,-0.096,-5.17,-1.99,874,-333,-7331,0,0,5839,0.0402,-0.004,-0.009,-0.091,-8.11,0.94,846,-409,-6122,0,0,11266,0.0888,0.012,-0.018,-0.082,-7.89,0.73,861,-1467,-10815,0,0
13.920,591.1,-250.30,-23.55,-285.10,118.4,-1.31,-1.49,-0.17,0.00,1.00,1.00,3,3426,-174.8,0.20,0.12,-4.81,-15.95,3933,593,6058,0.0550,-0.018,-0.146,0.046,-9.40,2.24,688,-4550,-5103,1755,1,8650,0.1017,-0.046,-0.119,0.019,-8.38,1.22,699,-6151,-7032,5850,0,5456,0.0417,0.012,-0.143,0.043,-7.46,0.29,698,-4575,-4152,945,1,9136,0.0899,0.009,-0.136,0.036,-7.35,0.19,715,-7258,-6614,945,1
14.040,594.9,-249.53,-23.55,-288.83,111.5,-1.44,-1.45,-0.55,0.00,0.68,1.00,3,3138,-160.8,0.20,0.38,-4.69,-23.47,3542,526,6271,0.0618,0.057,-0.129,0.029,-26.95,19.79,594,-1965,-6518,921,1,10048,0.1088,0.059,-0.134,0.034,-21.98,14.81,632,-3584,-9850,921,1,4715,0.0310,-0.089,-0.118,0.018,-7.60,0.44,669,-3652,-3900,1654,0,8350,0.0747,-0.126,-0.122,0.022,-7.43,0.27,691,-6222,-6498,496,1
14.160,598.5,-248.65,-23.54,-292.30,104.1,-1.54,-1.48,-0.60,0.00,1.00,0.23,3,2590,-131.0,0.20,0.16,-4.61,-22.27,3103,460,6767,0.0671,0.044,-0.359,0.259,-34.03,26.87,378,-3979,-6107,1755,1,7430,0.1125,0.030,-0.231,0.131,-27.55,20.39,497,-3637,-7085,1755,1,5468,0.0320,0.009,-0.128,0.028,-7.73,0.57,625,-4320,-4398,945,1,9099,0.0780,0.027,-0.126,0.026,-7.55,0.39,644,-6804,-6962,945,1
14.280,601.8,-247.69,-23.52,-295.48,96.5,-1.68,-1.10,-0.63,0.00,1.00,1.00,2,3002,-153.3,0.20,0.50,-4.38,-11.71,2713,395,6736,0.0660,-0.009,-0.467,0.367,-35.55,28.39,288,-4673,-5614,1755,1,8676,0.1030,-0.079,-0.293,0.193,-28.84,21.68,418,-4909,-7733,1755,1,3628,0.0313,-0.006,-0.184,0.084,-6.89,-0.27,540,-3524,-2383,945,1,6303,0.0683,-0.080,-0.174,0.074,-6.81,-0.36,554,-5845,-4061,945,1
14.400,604.9,-246.70,-23.51,-298.38,88.7,-1.73,-0.99,-0.66,0.00,1.00,1.00,2,3086,-154.4,0.20,0.60,-4.18,-11.12,2280,334,7450,0.0717,0.047,-0.305,0.205,-36.15,28.99,339,-3844,-6895,1755,1,9655,0.1069,0.032,-0.202,0.102,-29.14,21.98,428,-4046,-9120,1755,1,4906,0.0278,-0.029,-0.105,0.005,-6.18,-0.98,517,-4118,-3637,3150,0,7442,0.0589,-0.078,-0.110,0.010,-6.10,-1.06,522,-6193,-5189,3150,0
14.520,607.7,-245.68,-23.50,-300.99,81.1,-1.68,-1.19,-0.69,0.00,1.00,1.00,2,2877,-143.2,0.20,0.36,-4.23,-11.53,1897,279,6768,0.0721,0.003,-0.288,0.188,-35.85,28.69,317,-3281,-6438,1755,1,9194,0.1095,0.021,-0.204,0.104,-28.57,21.40,393,-3925,-8733,1755,1,5381,0.0284,0.004,-0.086,-0.014,-4.73,-2.44,484,-4613,-3520,3150,0,8536,0.0658,0.057,-0.091,-0.009,-4.65,-2.51,490,-7171,-5211,3150,0
14.640,610.2,-244.63,-23.49,-303.33,74.1,-1.60,-0.83,-0.72,0.00,1.00,1.00,2,2566,-126.7,0.20,0.98,-4.08,-6.10,1600,233,6245,0.0608,-0.094,-0.349,0.249,-35.95,28.78,265,-3616,-5702,1755,1,7575,0.0890,-0.171,-0.257,0.157,-28.51,21.35,332,-4033,-7030,1755,1,5185,0.0303,0.016,-0.071,-0.029,-3.07,-4.09,448,-4841,-2495,3150,0,7529,0.0635,-0.019,-0.071,-0.029,-3.05,-4.12,452,-6798,-3495,3150,0
14.760,612.6,-243.60,-23.49,-305.42,67.2,-1.59,-0.75,-0.75,0.00,1.00,0.57,2,2312,-119.4,0.20,1.53,-3.97,-19.82,1313,192,7180,0.0694,0.071,-0.311,0.211,-35.40,28.24,261,-3608,-6730,1755,1,8840,0.0963,0.061,-0.227,0.127,-27.65,20.48,328,-4134,-8312,1755,1,3829,0.0189,-0.095,-0.147,0.047,-3.39,-3.78,412,-3960,-1690,945,1,5796,0.0433,-0.169,-0.153,0.053,-3.28,-3.88,419,-5930,-2370,945,1
14.880,614.7,-242.59,-23.51,-307.26,59.5,-1.76,-0.85,-0.77,0.00,1.00,0.15,1,2107,-107.2,0.20,1.27,-3.99,-24.83,1018,150,7158,0.0736,0.035,-0.393,0.293,-36.02,28.86,198,-4237,-6376,1755,1,9044,0.1010,0.039,-0.251,0.151,-27.99,20.83,279,-4483,-8350,1755,1,5194,0.0240,0.043,-0.135,0.035,-4.00,-3.16,356,-5109,-2646,945,1,7610,0.0514,0.067,-0.115,0.015,-3.83,-3.34,366,-7162,-3736,3150,0
15.000,616.5,-241.62,-23.52,-308.81,52.2,-1.68,-0.86,-0.80,0.00,0.61,0.00,1,1844,-95.2,0.20,1.18,-3.82,-22.77,776,115,3319,0.0585,-0.126,-0.587,0.487,-37.04,29.88,116,-2632,-2720,1230,1,7000,0.1042,0.027,-0.131,0.031,-28.89,21.73,279,-2279,-7131,1230,1,5944,0.0288,0.040,-0.104,0.004,-3.83,-3.33,316,-4956,-3516,2207,0,6533,0.0522,0.007,-0.079,-0.021,-3.66,-3.51,341,-4870,-3918,2207,0
15.120,618.1,-240.66,-23.54,-310.14,47.6,-1.04,-0.90,-0.82,0.00,0.05,0.00,1,1491,-78.2,0.20,2.03,-3.73,-25.27,656,96,5350,0.0500,-0.071,-0.130,0.030,-35.48,28.32,229,-1259,-5621,353,1,8089,0.0893,-0.124,-0.119,0.019,-27.20,20.04,265,-2186,-8242,1177,0,5597,0.0333,0.037,-0.021,-0.079,-2.46,-4.70,315,-1500,-2781,634,0,7688,0.0531,0.008,-0.018,-0.082,-2.32,-4.84,334,-1627,-3542,634,0
15.240,619.7,-239.65,-23.57,-311.30,45.2,-0.55,-1.09,-0.83,0.62,0.00,0.09,1,2008,265.7,0.73,2.63,-3.79,-48.51,599,87,6485,0.0559,0.049,-0.013,-0.087,-31.57,24.41,252,-121,-6899,0,0,8588,0.0929,0.030,-0.015,-0.085,-23.79,16.63,302,-256,-9035,0,0,3178,0.0173,-0.133,-0.010,-0.090,-4.14,-3.02,293,-57,-2252,0,0,5828,0.0537,0.005,-0.037,-0.063,-3.70,-3.47,320,-1899,-3633,0,0
15.360,621.2,-238.57,-23.60,-312.29,44.2,-0.17,-1.33,-0.83,0.52,0.00,0.69,1,3061,264.2,0.77,1.83,-4.07,-61.24,527,83,4689,0.0516,-0.036,0.099,-0.001,-29.39,22.23,278,1288,-4991,0,0,8028,0.0934,0.005,0.025,-0.075,-22.11,14.94,319,831,-8523,0,0,5650,0.0231,0.048,0.073,-0.027,-5.45,-1.71,306,4697,-3947,0,0,9444,0.0621,0.070,-0.009,-0.091,-4.70,-2.46,329,67,-7242,0,0
15.480,622.6,-237.35,-23.63,-313.12,44.5,0.10,-1.44,-0.83,0.15,0.00,1.00,1,3167,188.8,0.62,0.87,-4.33,-58.34,518,83,4600,0.0427,-0.074,0.150,0.050,-29.12,21.96,293,1550,-4834,0,0,7738,0.0900,-0.029,0.043,-0.057,-21.83,14.67,324,991,-8238,0,0,6689,0.0353,0.102,0.107,0.007,-4.33,-2.83,314,6125,-3817,0,0,10776,0.0826,0.171,0.017,-0.083,-3.76,-3.40,337,572,-7094,0,0
15.600,624.1,-236.06,-23.63,-313.78,42.8,-0.37,-1.36,0.00,1.00,0.00,0.99,1,3082,526.0,1.19,0.60,-4.31,-56.86,495,77,5370,0.0447,0.017,0.012,-0.088,10.92,3.76,275,-427,-6033,0,0,8142,0.0898,-0.001,0.023,-0.077,9.70,2.54,321,-1044,-8223,0,0,5305,0.0345,-0.007,0.132,0.032,-3.61,-3.55,279,3751,-3245,0,0,8973,0.0796,-0.026,0.020,-0.080,-3.13,-4.03,293,-3739,-4997,0,0
15.720,625.6,-234.66,-23.63,-314.42,48.6,1.37,0.16,0.00,1.00,0.00,1.00,1,3852,895.4,1.71,0.04,-3.17,-14.78,614,100,3777,0.0496,0.041,0.054,-0.046,-0.21,-6.95,353,2430,375,0,0,4342,0.0619,-0.232,0.045,-0.055,-0.02,-7.14,361,2535,538,0,0,9546,0.0587,0.202,0.257,0.157,-3.39,-3.77,415,10323,-2170,0,0,8430,0.0697,-0.082,0.223,0.123,-3.28,-3.88,417,9165,-2170,0,0
15.840,627.4,-233.07,-23.64,-315.12,54.8,1.48,-0.39,-0.17,0.75,0.00,1.00,1,4184,657.1,1.38,0.08,-3.01,-8.37,756,127,3780,0.0349,-0.122,0.091,-0.009,-7.79,0.63,414,2298,-3221,0,0,5217,0.0468,-0.126,0.063,-0.037,-5.94,-1.23,411,2663,-3857,0,0,8466,0.0687,0.083,0.143,0.043,-1.15,-6.02,442,8447,-1537,0,0,9654,0.0746,0.041,0.123,0.023,-1.13,-6.03,441,8995,-1840,0,0
15.960,629.3,-231.25,-23.66,-315.81,60.6,1.38,-0.51,0.00,1.00,0.00,1.00,1,4487,988.4,1.85,0.47,-3.29,-20.97,939,155,4767,0.0316,-0.027,0.036,-0.064,1.17,-5.99,430,2637,1296,0,0,5488,0.0522,0.044,0.027,-0.073,1.25,-5.91,442,2260,1641,0,0,6775,0.0560,-0.106,0.132,0.032,-2.45,-4.71,470,7039,-2095,0,0,7922,0.0766,0.016,0.091,-0.009,-2.36,-4.80,470,7134,-2856,0,0
16.080,631.4,-229.25,-23.69,-316.53,65.9,1.25,-0.29,-0.17,1.00,0.00,1.00,1,4805,998.3,1.93,0.36,-3.03,-8.06,1088,183,4996,0.0407,0.076,0.051,-0.049,-7.85,0.68,477,2086,-4424,0,0,6010,0.0540,0.016,0.035,-0.065,-6.02,-1.14,477,2134,-4546,0,0,8111,0.0613,0.045,0.079,-0.021,-1.19,-5.97,494,7217,-1741,0,0,9183,0.0724,-0.035,0.064,-0.036,-1.18,-5.98,494,7371,-2010,0,0
16.200,633.7,-227.07,-23.71,-317.20,70.4,1.09,-0.97,-0.59,0.67,0.00,1.00,1,5184,917.4,1.90,0.03,-3.53,-37.41,1237,209,4018,0.0354,-0.045,0.165,0.065,-22.08,14.91,517,1965,-4138,0,0,7043,0.0633,0.077,0.070,-0.030,-16.73,9.57,518,1974,-7512,0,0,7419,0.0590,-0.020,0.105,0.005,-2.61,-4.55,529,7119,-2672,0,0,10998,0.0870,0.122,0.047,-0.053,-2.47,-4.69,530,6565,-4407,0,0
16.320,636.1,-224.75,-23.72,-317.72,71.6,0.37,-1.31,-0.73,0.00,0.00,1.00,1,4824,-232.8,0.20,0.00,-4.00,-47.72,1324,217,2996,0.0321,-0.027,0.141,0.041,-31.59,24.43,461,940,-3226,0,0,5113,0.0757,0.103,0.033,-0.067,-24.42,17.26,475,466,-5628,0,0,5732,0.0476,-0.095,0.044,-0.056,-4.26,-2.90,470,1829,-4186,0,0,9959,0.0896,0.022,-0.012,-0.088,-3.97,-3.19,479,-3606,-6464,0,0
16.440,638.4,-222.43,-23.72,-318.05,69.3,-0.44,-1.43,-0.74,0.42,0.00,1.00,1,4701,396.4,1.13,0.54,-4.17,-46.04,1309,203,5167,0.0367,0.038,0.109,0.009,-32.69,25.53,427,1025,-5509,0,0,8465,0.0837,0.067,0.027,-0.073,-25.21,18.05,457,412,-8895,0,0,4790,0.0347,-0.108,0.061,-0.039,-4.93,-2.23,461,1567,-3940,0,0,9131,0.0814,-0.068,0.002,-0.098,-4.59,-2.57,468,-2725,-6774,0,0
16.560,640.7,-220.16,-23.73,-318.17,67.3,-0.35,-1.53,-0.75,0.00,0.00,1.00,1,4377,-218.8,0.20,0.58,-4.22,-51.14,1244,191,5476,0.0443,0.063,0.085,-0.015,-33.15,25.98,418,1009,-5821,0,0,9037,0.0959,0.101,0.009,-0.091,-25.57,18.41,453,372,-9414,0,0,4596,0.0255,-0.077,-0.007,-0.093,-6.15,-1.01,480,1181,-4322,0,0,8804,0.0732,-0.068,-0.070,-0.030,-5.67,-1.49,487,-3335,-7341,0,0
16.680,642.9,-217.97,-23.73,-318.07,64.6,-0.48,-1.66,-0.76,0.29,0.00,1.00,1,4235,-21.0,0.41,0.18,-4.24,-46.97,1142,176,5230,0.0462,0.016,0.088,-0.012,-33.76,26.60,401,989,-5568,0,0,8690,0.0992,0.028,0.010,-0.090,-26.07,18.91,433,377,-9084,0,0,5418,0.0272,0.014,-0.010,-0.090,-6.01,-1.16,462,1260,-5056,0,0,9949,0.0802,0.058,-0.068,-0.032,-5.56,-1.60,469,-3519,-8203,0,0
16.800,645.0,-215.88,-23.71,-317.75,64.4,0.07,-1.34,0.00,1.00,0.00,1.00,1,5209,1004.2,2.03,-0.19,-3.99,-40.20,1130,175,5174,0.0456,-0.005,0.023,-0.077,0.79,-6.38,446,2466,688,0,0,6615,0.0945,-0.039,0.020,-0.080,0.94,-6.22,474,2032,1342,0,0,7021,0.0327,0.046,0.368,0.268,-5.87,-1.29,592,7831,-1911,0,0,9422,0.0816,0.012,0.270,0.170,-5.49,-1.67,588,9920,-3146,0,0
16.920,647.3,-213.66,-23.70,-317.31,69.8,1.32,-0.61,-0.09,0.98,0.00,1.00,1,5164,975.1,1.97,-0.62,-3.29,-14.08,1241,205,3032,0.0355,-0.084,0.066,-0.034,-6.21,-0.95,511,1908,-2250,0,0,4107,0.0578,-0.306,0.046,-0.054,-5.13,-2.03,513,2081,-2748,0,0,8141,0.0560,0.194,0.104,0.004,-4.08,-3.08,531,7039,-4676,0,0,10126,0.0830,0.012,0.079,-0.021,-3.99,-3.17,530,7417,-6151,0,0
17.040,649.7,-211.34,-23.69,-316.68,74.2,1.11,-1.08,-0.53,0.00,0.00,1.00,1,6546,741.4,1.96,-0.08,-3.56,-30.67,1438,232,4354,0.0279,-0.064,0.241,0.141,-19.92,12.76,593,2901,-4048,0,0,7349,0.0633,0.046,0.137,0.037,-15.37,8.21,581,3687,-7221,0,0,4651,0.0498,-0.052,0.454,0.354,-3.36,-3.80,747,5481,-727,0,0,7929,0.0804,-0.022,0.383,0.283,-3.22,-3.94,742,8885,-1384,0,0
17.160,652.2,-208.91,-23.69,-315.87,78.0,0.99,-0.89,0.00,1.00,0.00,0.21,1,6305,966.6,2.28,-0.42,-3.56,-31.85,1539,257,4918,0.0324,0.038,0.011,-0.089,-1.30,-5.87,538,944,-957,0,0,6705,0.0682,0.041,0.006,-0.094,-1.09,-6.07,559,781,-1028,0,0,6921,0.0478,-0.016,0.050,-0.050,-5.62,-1.54,558,3410,-5846,0,0,10370,0.0832,0.024,0.016,-0.084,-5.37,-1.79,564,1732,-8596,0,0
17.280,654.9,-206.48,-23.68,-314.90,79.8,0.50,-1.21,-0.34,1.00,0.00,1.00,2,5980,982.6,2.21,-0.47,-3.60,-23.09,1642,269,4413,0.0379,0.046,0.105,0.005,-13.72,6.56,590,2108,-4601,0,0,7333,0.0750,0.057,0.056,-0.044,-10.70,3.53,587,2334,-7550,0,0,6792,0.0501,0.019,0.126,0.026,-3.39,-3.78,619,6583,-3076,0,0,10446,0.0872,0.033,0.086,-0.014,-3.28,-3.88,615,8236,-5155,0,0
17.400,657.6,-204.01,-23.67,-313.71,84.4,1.16,-0.96,-0.08,1.00,0.00,1.00,2,4256,947.0,1.79,-0.51,-3.50,-22.69,1804,301,2937,0.0257,-0.102,0.065,-0.035,-4.80,-2.36,617,2093,-1718,0,0,4191,0.0609,-0.118,0.042,-0.058,-3.84,-3.32,621,2196,-2087,0,0,7916,0.0546,0.038,0.117,0.017,-3.82,-3.35,649,7215,-4056,0,0,9979,0.0900,0.023,0.084,-0.016,-3.71,-3.45,648,7545,-5542,0,0
17.520,660.5,-201.46,-23.67,-312.34,89.0,1.14,-0.96,0.00,1.00,0.00,1.00,2,4631,994.6,1.89,0.10,-3.40,-31.54,2047,334,4953,0.0274,0.014,0.029,-0.071,-0.66,-6.50,627,2497,-1059,0,0,6829,0.0629,0.017,0.021,-0.079,-0.50,-6.66,646,2190,-1056,0,0,5548,0.0466,-0.067,0.222,0.122,-4.35,-2.81,746,6088,-2009,0,0,7817,0.0789,-0.092,0.171,0.071,-4.19,-2.97,742,7936,-3315,0,0
17.640,663.6,-198.82,-23.69,-310.77,94.1,1.27,-0.74,-0.06,1.00,0.00,1.00,2,4692,996.0,1.90,-0.25,-3.17,-16.50,2210,374,4575,0.0359,0.071,0.048,-0.052,-5.25,-1.91,680,2258,-3346,0,0,6392,0.0633,0.004,0.032,-0.068,-4.41,-2.75,683,2360,-4145,0,0,8572,0.0574,0.090,0.100,0.000,-4.03,-3.13,716,7153,-4898,0,0,10959,0.0848,0.049,0.078,-0.022,-3.96,-3.20,715,7722,-6483,0,0
17.760,666.8,-196.14,-23.70,-308.98,98.5,1.12,-1.29,0.00,1.00,0.00,1.00,2,4998,1001.5,1.97,-0.45,-3.50,-28.49,2427,409,1614,0.0300,-0.049,0.102,0.002,-0.73,-6.43,748,1295,-1300,0,0,5229,0.0703,0.059,0.038,-0.062,-0.56,-6.60,725,2359,-4061,0,0,7370,0.0590,0.014,0.116,0.016,-3.71,-3.45,756,6828,-3646,0,0,11164,0.0975,0.106,0.078,-0.022,-3.60,-3.57,753,8130,-5931,0,0
17.880,670.2,-193.42,-23.71,-306.98,103.4,1.21,-0.78,-0.19,0.82,0.00,1.00,2,5272,1004.6,2.04,0.01,-3.23,-16.95,2725,451,4295,0.0285,-0.013,0.062,-0.038,-6.16,-1.01,756,2265,-3848,0,0,6705,0.0607,-0.080,0.037,-0.063,-5.02,-2.14,752,2512,-5433,0,0,5884,0.0578,-0.011,0.146,0.046,-3.27,-3.89,822,6060,-2381,0,0,8018,0.0888,-0.073,0.123,0.023,-3.21,-3.95,819,7622,-3457,0,0
18.000,673.7,-190.68,-23.73,-304.76,107.5,1.06,-1.30,-0.57,0.20,0.00,1.00,2,5436,608.6,1.51,-0.14,-3.46,-39.10,2901,488,4149,0.0321,0.030,0.192,0.092,-23.75,16.59,803,2091,-4200,0,0,7471,0.0714,0.089,0.099,-0.001,-18.68,11.52,796,2484,-7759,0,0,7398,0.0535,-0.036,0.129,0.029,-4.75,-2.42,831,6823,-4148,0,0,11523,0.0928,0.034,0.083,-0.017,-4.57,-2.59,828,8163,-7125,0,0
18.120,677.3,-188.02,-23.74,-302.31,109.1,0.56,-1.58,-0.25,1.00,0.00,1.00,2,5301,1004.8,2.05,-0.23,-3.77,-37.45,3057,503,2726,0.0313,-0.007,0.070,-0.030,-10.66,3.50,786,1143,-2913,0,0,6138,0.0813,0.082,0.030,-0.070,-8.62,1.46,789,1305,-6213,0,0,6594,0.0512,-0.019,0.088,-0.012,-5.84,-1.32,812,4680,-5097,0,0,11005,0.1003,0.063,0.048,-0.052,-5.63,-1.53,811,4738,-8738,0,0
18.240,681.0,-185.47,-23.76,-299.65,111.5,0.75,-1.55,-0.58,0.12,0.00,1.00,2,5031,-246.6,0.20,0.00,-3.78,-41.69,3251,524,4666,0.0294,-0.016,0.109,0.009,-27.30,20.14,752,1390,-4969,0,0,8107,0.0805,-0.007,0.028,-0.072,-21.86,14.70,758,924,-8601,0,0,5170,0.0465,-0.039,-0.003,-0.097,-7.14,-0.02,779,897,-5198,0,0,9418,0.0954,-0.041,-0.036,-0.064,-6.87,-0.29,783,-1301,-8816,0,0
18.360,684.7,-183.07,-23.77,-296.81,112.8,0.54,-1.57,-0.08,0.44,0.00,1.00,2,5767,994.9,2.15,-0.16,-3.73,-36.62,3329,537,4570,0.0366,0.060,0.053,-0.047,-4.76,-2.40,811,2479,-3524,0,0,7259,0.0868,0.052,0.029,-0.071,-4.41,-2.75,820,2319,-5340,0,0,7396,0.0464,0.000,0.178,0.078,-8.12,0.96,907,6521,-5063,0,0,11086,0.0965,0.009,0.133,0.033,-7.84,0.68,904,8155,-8213,0,0
18.480,688.5,-180.80,-23.77,-293.75,114.7,0.72,-1.74,-0.44,1.00,0.00,1.00,2,5538,888.8,1.93,-0.38,-3.78,-29.44,3416,556,3166,0.0303,-0.053,0.123,0.023,-22.05,14.89,821,1163,-3438,0,0,6900,0.0817,-0.042,0.061,-0.039,-18.14,10.98,816,1469,-7441,0,0,6487,0.0515,0.043,0.085,-0.015,-7.86,0.69,852,3711,-5966,0,0,11350,0.1035,0.058,0.054,-0.046,-7.64,0.48,851,4178,-10337,0,0
18.600,692.4,-178.72,-23.78,-290.51,116.9,0.75,-1.60,0.00,1.00,0.00,1.00,2,6027,981.9,2.22,-0.24,-3.76,-28.52,3570,577,4521,0.0317,0.012,0.055,-0.045,-5.11,-2.05,846,2422,-3675,0,0,7423,0.0852,0.029,0.031,-0.069,-4.80,-2.36,848,2397,-5821,0,0,6357,0.0457,-0.049,0.191,0.091,-7.61,0.45,956,5962,-4068,0,0,10114,0.0968,-0.056,0.155,0.055,-7.42,0.25,951,8306,-6875,0,0
18.720,696.4,-176.76,-23.78,-287.04,121.4,1.25,-1.42,0.00,1.00,0.00,1.00,2,6155,974.5,2.25,-0.60,-3.49,-23.37,3748,622,4152,0.0334,0.015,0.058,-0.042,-5.36,-1.80,883,2298,-3470,0,0,6863,0.0787,-0.054,0.036,-0.064,-5.08,-2.08,882,2475,-5595,0,0,7919,0.0583,0.106,0.147,0.047,-7.33,0.17,957,6594,-5656,0,0,11545,0.1037,0.057,0.119,0.019,-7.18,0.02,954,8243,-8515,0,0
18.840,700.5,-174.93,-23.78,-283.34,125.6,1.19,-1.44,-0.25,0.86,0.00,1.00,2,6386,779.4,2.00,-0.58,-3.44,-18.26,4009,666,3553,0.0278,-0.047,0.113,0.013,-13.52,6.35,941,1875,-3678,0,0,7208,0.0719,-0.057,0.067,-0.033,-11.42,4.26,924,2684,-7413,0,0,7570,0.0623,0.033,0.132,0.032,-6.25,-0.91,982,6405,-5194,0,0,11468,0.1067,0.026,0.110,0.010,-6.15,-1.01,977,8408,-7998,0,0
18.960,704.7,-173.26,-23.77,-279.44,128.1,0.80,-1.64,0.00,1.00,0.00,1.00,2,6158,974.2,2.25,-0.56,-3.57,-24.51,4175,693,4385,0.0313,0.029,0.030,-0.070,-4.15,-3.01,909,1535,-3347,0,0,7950,0.0813,0.078,0.016,-0.084,-3.90,-3.26,915,1480,-5565,0,0,6919,0.0546,-0.064,0.071,-0.029,-6.11,-1.05,946,3988,-5831,0,0,11457,0.1045,-0.019,0.048,-0.052,-5.99,-1.18,944,4468,-9457,0,0
19.080,709.1,-171.78,-23.77,-275.39,130.6,0.73,-1.44,0.00,1.00,0.00,1.00,2,6270,967.2,2.27,-0.54,-3.47,-10.53,4352,720,3729,0.0338,0.021,0.032,-0.068,-3.91,-3.25,934,1463,-2669,0,0,6322,0.0802,-0.009,0.020,-0.080,-3.71,-3.45,931,1596,-4247,0,0,7382,0.0578,0.026,0.058,-0.042,-4.71,-2.45,958,4266,-5458,0,0,11020,0.1051,0.005,0.046,-0.054,-4.67,-2.49,956,5062,-7917,0,0
19.200,713.5,-170.44,-23.76,-271.19,133.5,0.76,-1.12,0.00,1.00,0.00,1.00,2,6371,960.7,2.30,-0.38,-3.14,-3.36,4537,753,5273,0.0396,0.048,0.020,-0.080,-2.69,-4.48,948,1552,-2772,0,0,7020,0.0784,-0.015,0.015,-0.085,-2.50,-4.66,947,1585,-3396,0,0,7407,0.0590,0.010,0.046,-0.054,-2.90,-4.26,973,4383,-3877,0,0,9759,0.0957,-0.078,0.041,-0.059,-2.90,-4.27,971,5104,-4987,0,0
19.320,718.0,-169.20,-23.75,-266.84,136.7,0.77,-0.74,0.00,1.00,0.00,0.28,2,6740,935.7,2.38,-0.48,-2.71,0.69,4706,789,5750,0.0476,0.067,0.007,-0.093,-1.60,-5.56,960,658,-1883,0,0,6622,0.0737,-0.039,0.006,-0.094,-1.42,-5.74,959,673,-1911,0,0,8683,0.0706,0.096,0.015,-0.085,-1.48,-5.68,968,2190,-2546,0,0,10073,0.0967,0.008,0.015,-0.085,-1.49,-5.68,967,2411,-2898,0,0
19.440,722.5,-168.05,-23.75,-262.42,137.4,0.20,-0.85,0.00,1.00,0.00,1.00,3,6223,968.4,2.27,-0.13,-2.67,-22.45,4868,797,5520,0.0501,0.021,0.068,-0.032,-14.65,7.48,983,1632,-6001,0,0,7861,0.0759,0.018,0.038,-0.062,-11.32,4.16,985,1621,-8331,0,0,6490,0.0647,-0.049,0.063,-0.037,-1.62,-5.54,1011,5149,-1821,0,0,9192,0.0887,-0.067,0.044,-0.056,-1.59,-5.57,1010,5551,-2561,0,0
19.560,727.2,-166.99,-23.74,-257.90,140.8,0.84,-0.70,0.00,1.00,0.00,1.00,3,4974,1001.3,1.97,-0.37,-2.60,-12.54,5032,837,5381,0.0515,0.012,0.021,-0.079,-1.66,-5.50,999,1814,-1743,0,0,6675,0.0760,0.001,0.016,-0.084,-1.46,-5.70,1003,1749,-1868,0,0,8815,0.0702,0.046,0.050,-0.050,-2.53,-4.63,1027,5471,-3931,0,0,10601,0.0947,0.050,0.040,-0.060,-2.51,-4.66,1027,5393,-4667,0,0
19.680,731.9,-166.02,-23.74,-253.24,144.2,0.83,-0.66,0.00,1.00,0.00,1.00,3,5100,1002.9,2.00,-0.33,-2.50,-2.59,5258,878,4971,0.0474,-0.034,0.021,-0.079,-1.57,-5.59,1027,1731,-1583,0,0,6757,0.0694,-0.054,0.017,-0.083,-1.40,-5.77,1024,1850,-1876,0,0,7619,0.0743,0.034,0.049,-0.051,-1.69,-5.47,1056,5086,-2405,0,0,9118,0.0955,0.007,0.046,-0.054,-1.69,-5.47,1054,5657,-2836,0,0
19.800,736.8,-165.09,-23.74,-248.46,147.7,0.83,-0.44,0.00,1.00,0.00,1.00,3,5196,1004.0,2.02,-0.39,-2.27,0.11,5454,921,5820,0.0534,0.050,0.018,-0.082,-1.04,-6.12,1049,1735,-1233,0,0,6362,0.0696,0.002,0.016,-0.084,-0.85,-6.31,1048,1780,-1105,0,0,9360,0.0781,0.032,0.038,-0.062,-0.96,-6.21,1071,5337,-1706,0,0,10238,0.0943,-0.010,0.038,-0.062,-0.96,-6.21,1070,5672,-1846,0,0
19.920,741.8,-164.19,-23.74,-243.55,151.1,0.82,-0.22,0.00,1.00,0.00,1.00,3,5321,1005.0,2.05,-0.29,-2.04,1.10,5736,964,5537,0.0538,0.003,0.018,-0.082,-0.60,-6.56,1074,1730,-689,0,0,6310,0.0634,-0.052,0.014,-0.086,-0.43,-6.74,1069,2135,-463,0,0,8278,0.0836,0.046,0.041,-0.059,-0.44,-6.72,1100,5015,-712,0,0,8579,0.0930,-0.011,0.041,-0.059,-0.44,-6.72,1100,5202,-734,0,0
20.040,746.9,-163.30,-23.74,-238.52,154.4,0.78,-0.46,-0.31,1.00,0.00,1.00,3,5451,1005.7,2.08,-0.33,-2.09,-17.93,5949,1007,5310,0.0568,0.025,0.050,-0.050,-11.05,3.89,1105,1528,-5732,0,0,7133,0.0684,0.042,0.030,-0.070,-8.44,1.28,1105,1546,-7235,0,0,8812,0.0822,-0.011,0.045,-0.055,-0.83,-6.33,1120,5693,-1268,0,0,10864,0.0938,0.007,0.033,-0.067,-0.82,-6.34,1121,5397,-1533,0,0
20.160,752.1,-162.54,-23.75,-233.38,157.0,0.69,-1.16,0.00,1.00,0.00,1.00,3,5571,1003.3,2.11,-0.32,-2.74,-36.66,6232,1041,4336,0.0452,-0.097,0.027,-0.073,-1.37,-5.79,1111,1943,-1131,0,0,7844,0.0781,0.080,0.012,-0.088,-1.16,-6.01,1123,1648,-1624,0,0,6886,0.0729,-0.078,0.071,-0.029,-3.76,-3.40,1159,5004,-4082,0,0,10383,0.1052,0.095,0.044,-0.056,-3.67,-3.49,1159,5063,-6165,0,0
20.280,757.4,-161.93,-23.75,-228.12,160.2,0.84,-1.13,0.00,1.00,0.00,1.00,3,5676,998.8,2.13,-0.47,-2.81,-16.81,6445,1084,4928,0.0469,0.014,0.027,-0.073,-3.21,-3.95,1140,1775,-2951,0,0,7427,0.0819,0.032,0.017,-0.083,-2.98,-4.18,1142,1792,-4069,0,0,8427,0.0731,0.002,0.060,-0.040,-4.25,-2.91,1177,5151,-5643,0,0,11641,0.1082,0.025,0.047,-0.053,-4.20,-2.96,1176,5639,-7630,0,0
20.400,762.8,-161.49,-23.75,-222.75,161.8,0.47,-1.20,0.00,0.00,0.00,1.00,3,5432,-261.2,0.20,-0.37,-2.82,-4.15,6628,1106,5653,0.0455,-0.011,-0.004,-0.096,-2.86,-4.30,1121,-371,-3130,0,0,8041,0.0825,0.005,-0.003,-0.097,-2.66,-4.50,1126,-393,-4041,0,0,7181,0.0723,-0.007,-0.010,-0.090,-3.07,-4.09,1115,-1017,-4139,0,0,9960,0.1079,-0.003,-0.010,-0.090,-3.06,-4.10,1118,-1341,-5508,0,0
20.520,768.2,-161.19,-23.75,-217.40,160.3,-0.32,-0.90,0.00,0.00,0.00,1.00,3,5393,-259.5,0.20,-0.13,-2.56,-0.59,6655,1085,6677,0.0600,0.121,-0.003,-0.097,-1.88,-5.29,1114,-369,-2492,0,0,7907,0.0894,0.057,-0.003,-0.097,-1.65,-5.51,1116,-387,-2572,0,0,7986,0.0699,-0.021,-0.009,-0.091,-1.83,-5.33,1108,-1123,-2860,0,0,9812,0.0992,-0.072,-0.008,-0.092,-1.83,-5.33,1110,-1257,-3424,0,0
20.640,773.5,-160.99,-23.75,-212.09,159.0,-0.31,-0.51,0.00,0.00,0.00,1.00,3,5351,-257.7,0.20,0.07,-2.19,0.70,6629,1067,7193,0.0676,0.063,-0.003,-0.097,-1.11,-6.05,1106,-376,-1611,0,0,7628,0.0870,-0.020,-0.003,-0.097,-0.88,-6.28,1106,-385,-1353,0,0,7961,0.0719,0.017,-0.009,-0.091,-0.97,-6.20,1100,-1167,-1539,0,0,8680,0.0900,-0.077,-0.008,-0.092,-0.97,-6.20,1100,-1187,-1662,0,0
20.760,778.8,-160.84,-23.74,-206.81,158.4,-0.14,-0.25,0.00,1.00,0.00,1.00,3,5439,1005.6,2.08,0.01,-1.87,0.82,6551,1059,6783,0.0740,0.053,0.008,-0.092,-0.64,-6.52,1115,908,-886,0,0,6903,0.0839,-0.026,0.008,-0.092,-0.40,-6.76,1115,921,-572,0,0,9127,0.0782,0.052,0.021,-0.079,-0.48,-6.68,1130,3045,-865,0,0,9459,0.0881,-0.016,0.021,-0.079,-0.48,-6.68,1130,3168,-892,0,0
20.880,784.1,-160.70,-23.74,-201.49,160.4,0.49,-0.09,0.00,1.00,0.00,1.00,3,5518,1005.2,2.10,-0.14,-1.68,0.89,6596,1086,6530,0.0700,-0.033,0.009,-0.091,-0.38,-6.79,1131,1075,-506,0,0,6552,0.0754,-0.070,0.009,-0.091,-0.16,-7.00,1131,1087,-218,0,0,9346,0.0848,0.055,0.023,-0.077,-0.22,-6.94,1146,3491,-404,0,0,9372,0.0889,0.007,0.023,-0.077,-0.22,-6.94,1146,3556,-405,0,0
21.000,789.5,-160.58,-23.74,-196.10,162.5,0.48,-0.02,0.00,1.00,0.00,1.00,3,5586,1002.6,2.11,-0.29,-1.57,0.62,6679,1114,6009,0.0693,-0.006,0.010,-0.090,-0.24,-6.92,1146,1046,-303,0,0,6010,0.0714,-0.034,0.010,-0.090,-0.03,-7.13,1145,1059,-43,0,0,9761,0.0901,0.045,0.022,-0.078,-0.10,-7.06,1159,3497,-195,0,0,9795,0.0923,0.028,0.022,-0.078,-0.10,-7.06,1159,3547,-196,0,0
21.120,794.9,-160.43,-23.73,-190.65,164.3,0.43,0.37,0.29,1.00,0.00,1.00,3,5656,999.6,2.13,-0.27,-1.29,18.60,6823,1139,7602,0.0724,0.026,0.014,-0.086,6.51,-0.66,1163,932,7187,0,0,5769,0.0682,-0.026,0.026,-0.074,8.70,1.54,1157,1078,6109,0,0,10367,0.0927,0.022,0.018,-0.082,0.43,-6.73,1175,3134,723,0,0,8363,0.0873,-0.041,0.028,-0.072,0.44,-6.73,1173,3848,600,0,0
21.240,800.4,-160.14,-23.73,-185.16,165.6,0.39,1.16,0.00,1.00,0.00,1.00,3,5715,997.1,2.14,-0.18,-0.51,32.14,6977,1158,7574,0.0851,0.106,0.008,-0.092,1.21,-5.95,1177,1026,1615,0,0,5090,0.0568,-0.095,0.014,-0.086,1.45,-5.71,1160,1231,1361,0,0,11239,0.1059,0.110,0.020,-0.080,3.34,-3.82,1191,2827,6343,0,0,8181,0.0776,-0.081,0.039,-0.061,3.41,-3.75,1188,3909,4779,0,0
21.360,806.0,-159.69,-23.73,-179.62,167.4,0.49,1.19,0.00,1.00,0.00,1.00,3,5773,994.4,2.16,-0.17,-0.35,12.98,7110,1183,7799,0.0875,0.020,0.009,-0.091,2.48,-4.69,1183,1089,3628,0,0,5398,0.0560,-0.007,0.014,-0.086,2.71,-4.45,1179,1132,2814,0,0,11093,0.1078,0.016,0.024,-0.076,3.42,-3.74,1201,3327,6501,0,0,8585,0.0761,-0.012,0.033,-0.067,3.45,-3.71,1201,3484,5189,0,0
21.480,811.6,-159.07,-23.73,-174.05,169.2,0.48,1.12,0.00,1.00,0.00,1.00,3,5824,991.9,2.17,-0.19,-0.37,2.77,7249,1208,7251,0.0865,-0.009,0.010,-0.090,1.96,-5.21,1193,1102,2773,0,0,5535,0.0553,-0.006,0.012,-0.088,2.17,-4.99,1194,1066,2388,0,0,10949,0.1096,0.015,0.023,-0.077,2.27,-4.90,1209,3621,4531,0,0,8624,0.0784,0.019,0.026,-0.074,2.27,-4.89,1210,3279,3683,0,0
21.600,817.3,-158.31,-23.73,-168.42,171.1,0.47,0.74,0.00,1.00,0.00,1.00,3,5879,989.2,2.18,-0.25,-0.63,-0.76,7374,1235,6959,0.0833,-0.026,0.009,-0.091,1.06,-6.10,1205,1077,1490,0,0,6208,0.0611,0.048,0.010,-0.090,1.27,-5.89,1206,1047,1608,0,0,10677,0.1058,-0.031,0.021,-0.079,1.14,-6.02,1220,3614,2326,0,0,9486,0.0836,0.044,0.022,-0.078,1.14,-6.02,1221,3320,2101,0,0
21.720,823.0,-157.47,-23.73,-162.74,173.0,0.46,0.37,0.00,1.00,0.00,1.00,3,5943,985.9,2.20,-0.27,-0.99,-1.46,7538,1263,6937,0.0772,-0.051,0.009,-0.091,0.38,-6.78,1218,1133,545,0,0,6878,0.0668,0.047,0.009,-0.091,0.59,-6.57,1219,1051,838,0,0,9907,0.1007,-0.043,0.022,-0.078,0.41,-6.75,1233,3525,798,0,0,9545,0.0891,0.046,0.021,-0.079,0.41,-6.75,1234,3349,773,0,0
21.840,828.8,-156.58,-23.73,-157.01,174.9,0.45,0.15,0.00,1.00,0.00,1.00,3,6008,982.6,2.21,-0.34,-1.21,-0.95,7691,1291,11422,0.0749,-0.019,0.010,-0.090,0.00,-7.16,1229,2618,37,0,0,6586,0.0710,0.035,0.009,-0.091,0.22,-6.94,1232,1056,304,0,0,10033,0.0984,-0.019,0.021,-0.079,0.06,-7.11,1246,3478,120,0,0,10002,0.0944,0.044,0.020,-0.080,0.06,-7.11,1247,3399,120,0,0
21.960,834.7,-155.68,-23.73,-151.21,176.8,0.44,0.04,0.08,1.00,0.00,1.00,3,6072,979.0,2.23,-0.36,-1.31,-0.39,7853,1319,6710,0.0734,-0.013,0.009,-0.091,-0.16,-7.00,1245,1048,-210,0,0,6852,0.0737,0.023,0.009,-0.091,0.06,-7.10,1245,1047,91,0,0,9775,0.0964,-0.017,0.021,-0.079,-0.07,-7.09,1260,3411,-130,0,0,9836,0.0955,0.009,0.021,-0.079,-0.07,-7.09,1260,3397,-131,0,0
22.080,840.6,-154.70,-23.72,-145.38,177.6,0.21,0.85,0.33,0.46,0.00,1.00,3,6014,434.5,1.40,-0.32,-0.76,33.21,7971,1331,8270,0.0822,0.073,0.009,-0.091,11.38,4.22,1238,411,8881,0,0,5340,0.0665,-0.061,0.029,-0.071,14.84,7.67,1221,692,5978,0,0,11311,0.1043,0.066,0.003,-0.097,1.53,-5.63,1255,487,3012,0,0,8055,0.0886,-0.058,0.017,-0.083,1.56,-5.60,1248,2163,2274,0,0
22.200,846.5,-153.56,-23.71,-139.60,176.2,-0.24,1.23,0.00,0.00,0.00,1.00,3,5914,-277.8,0.20,-0.10,-0.22,26.30,8016,1310,8682,0.0955,0.111,-0.003,-0.097,2.29,-4.88,1234,-403,3626,0,0,6061,0.0643,-0.018,-0.004,-0.096,2.56,-4.60,1213,-356,2926,0,0,11211,0.1079,0.030,-0.013,-0.087,3.98,-3.19,1221,-1735,7385,0,0,7975,0.0768,-0.098,-0.007,-0.093,4.04,-3.12,1209,-726,5585,0,0
22.320,852.3,-152.26,-23.70,-133.91,174.4,-0.31,1.42,0.00,0.00,0.00,1.00,3,5852,-275.7,0.20,0.03,-0.03,11.77,7959,1284,8512,0.1002,0.040,-0.003,-0.097,2.87,-4.29,1216,-414,4507,0,0,5886,0.0633,-0.008,-0.004,-0.096,3.14,-4.02,1206,-362,3491,0,0,10817,0.1087,0.007,-0.012,-0.088,3.74,-3.43,1206,-1535,6906,0,0,7453,0.0719,-0.041,-0.010,-0.090,3.76,-3.40,1199,-924,5025,0,0
22.440,858.1,-150.76,-23.70,-128.30,174.0,0.01,1.57,0.28,0.69,0.00,1.00,3,5934,585.6,1.59,-0.04,0.14,18.57,7873,1278,8500,0.1018,0.014,0.019,-0.081,12.44,5.27,1216,852,9098,0,0,5259,0.0613,-0.017,0.042,-0.058,15.57,8.41,1212,952,5857,0,0,11898,0.1121,0.028,0.011,-0.089,3.15,-4.01,1235,1771,6460,0,0,7844,0.0716,-0.002,0.021,-0.079,3.19,-3.98,1233,2261,4518,0,0
22.560,863.9,-149.04,-23.69,-122.78,172.9,-0.13,1.83,0.35,0.00,0.00,1.00,3,5708,-134.5,0.38,0.01,0.39,33.61,7790,1261,9256,0.1038,0.016,-0.002,-0.098,15.15,7.99,1173,-77,9876,0,0,5621,0.0567,-0.038,0.009,-0.091,18.98,11.81,1137,194,6250,0,0,11560,0.1154,0.027,-0.008,-0.092,4.34,-2.82,1207,-1089,8083,0,0,6891,0.0674,-0.036,-0.001,-0.099,4.43,-2.73,1190,-104,5230,0,0
22.680,869.6,-147.08,-23.69,-117.42,170.2,-0.41,1.96,0.00,0.00,0.00,1.00,3,5689,-270.3,0.20,0.16,0.57,32.88,7678,1223,8885,0.1092,0.045,-0.004,-0.096,3.89,-3.27,1191,-395,5918,0,0,5525,0.0567,0.000,-0.005,-0.095,4.22,-2.94,1165,-320,4107,0,0,11364,0.1152,-0.002,-0.017,-0.083,6.04,-1.12,1175,-1747,9761,0,0,6946,0.0627,-0.039,-0.009,-0.091,6.17,-0.99,1160,-597,6446,0,0
22.800,875.2,-144.91,-23.69,-112.23,168.1,-0.26,1.89,0.00,0.00,0.00,1.00,3,5616,-267.9,0.20,0.22,0.54,19.36,7505,1193,8998,0.1085,-0.006,-0.004,-0.096,4.61,-2.56,1171,-417,6866,0,0,5691,0.0583,0.013,-0.005,-0.095,4.92,-2.24,1155,-335,4746,0,0,11225,0.1126,-0.022,-0.016,-0.084,5.97,-1.19,1157,-1605,9657,0,0,6875,0.0615,-0.010,-0.012,-0.088,6.04,-1.12,1148,-760,6345,0,0
22.920,880.8,-142.53,-23.69,-107.19,166.8,-0.14,1.82,0.00,1.00,0.00,1.00,3,5746,995.8,2.15,0.18,0.50,8.76,7341,1174,8282,0.1060,-0.021,0.009,-0.091,3.95,-3.21,1176,894,5739,0,0,5330,0.0567,-0.013,0.014,-0.086,4.22,-2.95,1174,850,4030,0,0,11381,0.1131,0.005,0.026,-0.074,4.66,-2.50,1196,2953,8408,0,0,7423,0.0638,0.019,0.033,-0.067,4.69,-2.47,1198,2561,5769,0,0
23.040,886.4,-139.94,-23.70,-102.24,168.4,0.49,1.42,0.00,1.00,0.00,1.00,3,5803,992.9,2.17,-0.05,0.25,1.35,7284,1197,7482,0.0969,-0.075,0.010,-0.090,2.65,-4.52,1188,1121,3777,0,0,5487,0.0561,-0.005,0.013,-0.087,2.88,-4.28,1190,1056,3060,0,0,11613,0.1128,-0.003,0.025,-0.075,2.89,-4.28,1205,3755,5915,0,0,8826,0.0720,0.068,0.027,-0.073,2.89,-4.27,1206,3236,4668,0,0
23.160,892.1,-137.17,-23.70,-97.31,170.3,0.47,0.89,0.00,1.00,0.00,1.00,3,5857,990.3,2.18,-0.16,-0.21,-2.51,7345,1224,6680,0.0857,-0.094,0.010,-0.090,1.33,-5.83,1199,1091,1800,0,0,6125,0.0585,0.020,0.010,-0.090,1.54,-5.62,1202,1062,1917,0,0,10315,0.1081,-0.039,0.023,-0.077,1.31,-5.85,1215,3675,2588,0,0,9072,0.0809,0.074,0.022,-0.078,1.31,-5.85,1217,3241,2315,0,0
23.280,897.8,-134.31,-23.71,-92.36,172.2,0.46,0.41,0.00,1.00,0.00,1.00,3,5917,987.3,2.19,-0.26,-0.66,-2.27,7465,1252,6540,0.0789,-0.057,0.009,-0.091,0.43,-6.73,1213,1065,588,0,0,6511,0.0661,0.063,0.009,-0.091,0.65,-6.52,1214,1038,870,0,0,10163,0.1020,-0.051,0.021,-0.079,0.41,-6.75,1227,3562,830,0,0,9891,0.0892,0.069,0.020,-0.080,0.41,-6.75,1228,3351,811,0,0
23.400,903.5,-131.38,-23.71,-87.38,174.1,0.45,0.16,0.06,1.00,0.00,1.00,3,5983,983.9,2.21,-0.26,-0.92,0.27,7637,1280,6793,0.0745,-0.037,0.009,-0.091,2.17,-4.99,1227,1021,2354,0,0,6827,0.0709,0.040,0.010,-0.090,3.00,-4.16,1227,1032,3248,0,0,9757,0.0972,-0.040,0.021,-0.079,0.03,-7.13,1242,3431,63,0,0,9639,0.0925,0.028,0.021,-0.079,0.03,-7.13,1242,3399,63,0,0
23.520,909.4,-128.34,-23.71,-82.40,175.4,0.32,1.00,0.00,0.00,0.00,1.00,3,6010,856.1,2.02,-0.24,-0.37,36.27,7770,1298,8151,0.0834,0.074,0.020,-0.080,12.13,4.97,1235,862,8772,0,0,5050,0.0635,-0.062,0.050,-0.050,15.74,8.57,1224,1060,5610,0,0,11572,0.1060,0.073,0.012,-0.088,1.95,-5.21,1253,2121,3904,0,0,8066,0.0860,-0.054,0.030,-0.070,1.99,-5.17,1248,3632,2867,0,0
23.640,915.2,-125.17,-23.71,-77.50,174.5,-0.13,1.12,0.00,0.00,0.00,1.00,3,5858,-275.9,0.20,-0.07,0.00,21.23,7829,1285,8571,0.0931,0.081,-0.003,-0.097,2.30,-4.86,1221,-406,3646,0,0,6135,0.0633,-0.002,-0.004,-0.096,2.57,-4.59,1204,-358,2991,0,0,10609,0.1070,0.009,-0.012,-0.088,3.71,-3.45,1209,-1638,6704,0,0,8137,0.0771,-0.075,-0.008,-0.092,3.76,-3.40,1199,-802,5392,0,0
23.760,921.0,-121.89,-23.71,-72.75,172.8,-0.31,1.31,0.10,0.00,0.00,1.00,3,5802,-274.1,0.20,0.08,0.15,8.63,7799,1260,8323,0.0979,0.040,-0.003,-0.097,2.51,-4.65,1204,-409,3930,0,0,5992,0.0635,0.002,-0.004,-0.096,2.77,-4.39,1196,-366,3189,0,0,10486,0.1072,0.001,-0.011,-0.089,3.19,-3.97,1195,-1465,5926,0,0,7458,0.0728,-0.036,-0.009,-0.091,3.21,-3.96,1190,-964,4424,0,0
23.880,926.7,-118.47,-23.71,-68.16,170.7,-0.39,1.68,0.36,0.00,0.00,1.00,3,5633,-268.5,0.20,0.12,0.45,26.94,7655,1230,9167,0.1048,0.057,-0.001,-0.099,14.89,7.73,1159,-47,9799,0,0,5621,0.0627,-0.007,0.009,-0.091,18.79,11.62,1127,173,6262,0,0,11558,0.1097,0.021,-0.012,-0.088,3.41,-3.75,1186,-1770,6692,0,0,7156,0.0676,-0.043,-0.006,-0.094,3.47,-3.69,1172,-629,4480,0,0
24.000,932.3,-114.91,-23.71,-63.79,167.9,-0.48,1.93,0.00,0.00,0.00,1.00,3,5543,-265.2,0.20,0.25,0.75,38.88,7507,1189,9682,0.1092,0.037,-0.018,-0.082,2.71,-4.45,1166,-2044,7972,0,0,5818,0.0596,-0.026,-0.039,-0.061,3.04,-4.12,1114,-2132,5451,0,0,11239,0.1114,0.014,-0.020,-0.080,5.24,-1.92,1158,-2239,8877,0,0,6312,0.0607,-0.057,-0.011,-0.089,5.37,-1.79,1141,-675,5459,0,0
24.120,937.9,-111.21,-23.71,-59.65,165.8,-0.27,1.78,0.00,0.00,0.00,1.00,3,5541,-265.5,0.20,0.22,0.75,22.60,7321,1161,8588,0.1085,-0.006,-0.004,-0.096,4.30,-2.86,1157,-393,6262,0,0,5352,0.0591,-0.005,-0.007,-0.093,4.62,-2.54,1136,-282,4271,0,0,11408,0.1121,0.006,-0.015,-0.085,5.88,-1.28,1144,-1631,9703,0,0,7173,0.0626,0.015,-0.010,-0.090,5.96,-1.20,1133,-713,6548,0,0
24.240,943.4,-107.37,-23.72,-55.73,163.9,-0.28,1.79,0.00,0.00,0.00,1.00,3,5487,-263.5,0.20,0.20,0.73,11.41,7119,1134,8850,0.1068,-0.014,-0.004,-0.096,3.97,-3.19,1141,-414,6106,0,0,5816,0.0588,-0.002,-0.005,-0.095,4.25,-2.91,1131,-349,4401,0,0,10997,0.1104,-0.014,-0.013,-0.087,4.86,-2.30,1130,-1499,8474,0,0,6937,0.0614,-0.010,-0.011,-0.089,4.90,-2.26,1123,-870,5694,0,0
24.360,948.8,-103.40,-23.72,-52.01,162.8,-0.14,1.50,0.07,1.00,0.00,1.00,3,5603,1001.9,2.12,0.13,0.56,3.33,6970,1119,7855,0.1023,-0.037,0.009,-0.091,2.83,-4.34,1147,921,4182,0,0,5651,0.0592,0.004,0.011,-0.089,3.08,-4.09,1148,868,3332,0,0,10859,0.1088,-0.014,0.024,-0.076,3.20,-3.96,1165,3141,6115,0,0,7799,0.0656,0.035,0.028,-0.072,3.21,-3.95,1167,2697,4576,0,0
24.480,954.3,-99.29,-23.72,-48.44,163.3,0.21,1.56,0.39,0.37,0.00,1.00,3,5490,271.7,1.07,-0.03,0.55,22.74,6898,1126,8423,0.0983,-0.034,0.016,-0.084,15.61,8.45,1123,553,9077,0,0,5351,0.0572,-0.017,0.044,-0.056,19.76,12.60,1111,796,5919,0,0,11813,0.1100,0.010,0.001,-0.099,2.87,-4.29,1150,239,5902,0,0,7918,0.0688,0.027,0.012,-0.088,2.91,-4.25,1144,1323,4223,0,0
24.600,959.7,-95.06,-23.72,-45.07,161.3,-0.32,1.80,0.39,0.16,0.00,1.00,3,5298,-18.9,0.49,0.10,0.76,38.07,6843,1098,8975,0.1028,0.037,-0.004,-0.096,16.56,9.40,1088,-137,9590,0,0,5403,0.0553,-0.015,0.000,-0.100,20.82,13.65,1038,-3,5997,0,0,11119,0.1106,0.005,-0.005,-0.095,4.57,-2.59,1133,-639,8103,0,0,6585,0.0631,-0.048,0.002,-0.098,4.69,-2.47,1112,89,5204,0,0
24.720,965.0,-90.71,-23.72,-41.95,161.1,0.15,1.79,0.00,1.00,0.00,1.00,3,5587,1002.5,2.11,0.06,0.86,28.92,6830,1095,8199,0.1040,0.010,0.011,-0.089,4.01,-3.16,1144,1082,5651,0,0,5090,0.0548,-0.005,0.020,-0.080,4.33,-2.84,1132,1227,3854,0,0,11839,0.1120,0.012,0.032,-0.068,6.01,-1.15,1168,3297,9938,0,0,7746,0.0628,-0.003,0.052,-0.048,6.13,-1.03,1167,3495,6723,0,0
24.840,970.4,-86.19,-23.72,-39.00,162.3,0.46,1.76,0.10,0.00,0.00,1.00,3,5505,162.1,0.83,-0.11,0.83,12.96,6810,1111,8420,0.0977,-0.052,0.000,-0.100,4.21,-2.95,1134,310,6135,0,0,5340,0.0508,-0.033,0.005,-0.095,4.47,-2.69,1129,358,4209,0,0,11765,0.1154,0.029,0.005,-0.095,5.20,-1.97,1139,719,9374,0,0,7665,0.0673,0.038,0.012,-0.088,5.24,-1.92,1137,1110,6486,0,0
24.960,975.8,-81.55,-23.71,-36.30,160.0,-0.35,1.95,0.40,0.00,0.00,1.00,3,5239,-253.1,0.20,-0.01,0.99,20.14,6710,1081,9089,0.1038,0.050,0.001,-0.099,17.63,10.46,1071,28,9684,0,0,5412,0.0520,0.011,0.014,-0.086,21.92,14.75,1042,221,5993,0,0,11317,0.1139,-0.012,-0.012,-0.088,4.36,-2.80,1108,-1562,8019,0,0,6613,0.0622,-0.042,-0.008,-0.092,4.42,-2.74,1098,-651,5065,0,0
25.080,981.1,-76.87,-23.71,-33.87,157.2,-0.49,1.87,0.00,0.00,0.00,1.00,3,5266,-254.1,0.20,0.18,1.02,27.78,6598,1043,9196,0.1084,0.039,-0.003,-0.097,2.97,-4.19,1101,-375,4962,0,0,6021,0.0565,0.037,-0.003,-0.097,3.28,-3.88,1080,-317,3715,0,0,10740,0.1087,-0.043,-0.015,-0.085,4.96,-2.20,1088,-1774,8317,0,0,6427,0.0557,-0.055,-0.010,-0.090,5.05,-2.11,1074,-716,5370,0,0
25.200,986.3,-72.14,-23.70,-31.68,155.5,-0.26,1.58,0.00,0.00,0.00,1.00,3,5211,-251.8,0.20,0.15,0.82,13.58,6436,1020,8319,0.1043,-0.034,-0.003,-0.097,3.40,-3.76,1084,-403,5101,0,0,5726,0.0588,0.019,-0.004,-0.096,3.68,-3.48,1073,-334,3881,0,0,10725,0.1057,-0.025,-0.012,-0.088,4.47,-2.69,1074,-1466,7844,0,0,7219,0.0602,0.038,-0.010,-0.090,4.51,-2.65,1067,-815,5593,0,0
25.320,991.4,-67.39,-23.70,-29.70,153.8,-0.30,1.55,0.25,0.00,0.00,1.00,3,5135,-248.6,0.20,0.13,0.73,13.98,6263,998,8673,0.1015,-0.023,-0.002,-0.098,9.16,2.00,1062,-128,8855,0,0,5764,0.0600,0.010,0.002,-0.098,11.32,4.15,1048,41,6357,0,0,10670,0.1032,-0.021,-0.011,-0.089,3.31,-3.85,1066,-1462,6191,0,0,6853,0.0606,0.003,-0.008,-0.092,3.34,-3.82,1058,-756,4232,0,0
25.440,996.5,-62.61,-23.69,-27.98,151.3,-0.44,1.77,0.00,0.00,0.00,1.00,3,4998,-242.3,0.20,0.16,0.91,31.58,6102,967,8848,0.1043,0.023,-0.021,-0.079,1.80,-5.37,1049,-2227,7308,0,0,5386,0.0569,-0.026,-0.044,-0.056,2.08,-5.08,1001,-2197,5081,0,0,10851,0.1048,0.013,-0.017,-0.083,4.08,-3.08,1047,-2103,7284,0,0,6453,0.0574,-0.027,-0.009,-0.091,4.17,-2.99,1033,-702,4705,0,0
25.560,1001.6,-57.81,-23.69,-26.47,151.4,0.14,1.36,0.00,1.00,0.00,1.00,3,5236,1004.4,2.03,0.08,0.72,15.53,6046,968,7722,0.0982,-0.051,0.010,-0.090,2.92,-4.24,1072,1093,4165,0,0,5468,0.0576,0.006,0.015,-0.085,3.19,-3.98,1066,1175,3274,0,0,10767,0.1024,-0.020,0.028,-0.072,4.13,-3.03,1092,3404,7316,0,0,7629,0.0609,0.030,0.040,-0.060,4.18,-2.98,1092,3416,5361,0,0
25.680,1006.6,-52.91,-23.68,-25.12,153.2,0.51,1.24,0.00,1.00,0.00,1.00,3,5285,1004.7,2.04,-0.15,0.54,3.71,6041,991,7053,0.0891,-0.076,0.010,-0.090,2.34,-4.82,1082,1118,3195,0,0,5209,0.0534,-0.035,0.014,-0.086,2.56,-4.60,1082,1083,2622,0,0,10917,0.1055,0.026,0.025,-0.075,2.73,-4.43,1098,3687,5353,0,0,8360,0.0699,0.075,0.029,-0.071,2.74,-4.42,1099,3334,4240,0,0
25.800,1011.8,-47.91,-23.68,-23.90,155.2,0.49,0.81,0.00,1.00,0.00,1.00,3,5342,1005.1,2.06,-0.23,0.21,-0.71,6127,1017,6822,0.0818,-0.061,0.010,-0.090,1.28,-5.89,1094,1099,1763,0,0,6017,0.0569,0.029,0.011,-0.089,1.48,-5.68,1095,1067,1816,0,0,10098,0.1008,-0.039,0.024,-0.076,1.36,-5.80,1109,3704,2628,0,0,8709,0.0750,0.043,0.024,-0.076,1.36,-5.80,1110,3339,2309,0,0
25.920,1017.0,-42.83,-23.67,-22.74,157.2,0.48,0.40,0.00,1.00,0.00,1.00,3,5408,1005.5,2.07,-0.27,-0.17,-1.55,6265,1044,6302,0.0751,-0.056,0.010,-0.090,0.50,-6.66,1108,1086,660,0,0,6211,0.0615,0.039,0.010,-0.090,0.71,-6.46,1109,1068,909,0,0,9722,0.0961,-0.039,0.023,-0.077,0.52,-6.65,1123,3633,989,0,0,9363,0.0826,0.063,0.022,-0.078,0.52,-6.65,1123,3448,957,0,0
26.040,1022.3,-37.67,-23.67,-21.60,159.3,0.48,0.16,0.00,1.00,0.00,1.00,3,5478,1005.8,2.09,-0.28,-0.44,-1.03,6418,1071,6421,0.0714,-0.031,0.009,-0.091,0.08,-7.08,1122,1080,113,0,0,6582,0.0668,0.044,0.009,-0.091,0.29,-6.88,1123,1077,392,0,0,9460,0.0915,-0.039,0.023,-0.077,0.12,-7.04,1138,3568,232,0,0,10639,0.0860,0.028,0.023,-0.077,0.12,-7.04,1137,3953,272,0,0
26.160,1027.6,-32.44,-23.66,-20.46,161.3,0.48,0.04,0.00,1.00,0.00,1.00,3,5546,1004.1,2.10,-0.30,-0.56,-0.52,6582,1098,6263,0.0693,-0.018,0.010,-0.090,-0.10,-7.07,1137,1078,-119,0,0,6371,0.0682,0.012,0.009,-0.091,0.11,-7.05,1137,1074,146,0,0,9568,0.0909,-0.004,0.022,-0.078,-0.03,-7.14,1151,3539,-43,0,0,9663,0.0899,0.033,0.022,-0.078,-0.03,-7.14,1151,3523,-43,0,0
26.280,1033.0,-27.15,-23.66,-19.31,163.3,0.48,0.00,0.00,1.00,0.00,1.00,3,5614,1001.4,2.12,-0.31,-0.60,-0.17,6737,1126,6495,0.0693,0.000,0.009,-0.091,-0.15,-7.01,1151,1078,-201,0,0,6567,0.0703,0.017,0.009,-0.091,0.06,-7.11,1151,1074,75,0,0,9511,0.0899,-0.009,0.022,-0.078,-0.06,-7.10,1166,3475,-110,0,0,9862,0.0902,0.003,0.022,-0.078,-0.06,-7.10,1165,3540,-94,0,0
26.400,1038.5,-21.79,-23.65,-18.17,165.0,0.41,0.48,0.37,1.00,0.00,1.00,3,5681,998.6,2.14,-0.29,-0.27,23.49,6892,1150,7553,0.0739,0.038,0.021,-0.079,10.02,2.86,1167,999,7995,0,0,5342,0.0654,-0.040,0.043,-0.057,13.17,6.01,1161,1135,5912,0,0,10566,0.0956,0.047,0.017,-0.083,0.75,-6.41,1181,3005,1339,0,0,8174,0.0871,-0.026,0.030,-0.070,0.76,-6.40,1178,3932,1072,0,0
26.520,1044.0,-16.36,-23.65,-17.18,166.3,0.38,1.23,0.00,1.00,0.00,1.00,3,5740,995.9,2.15,-0.24,0.49,34.47,7041,1167,7971,0.0874,0.112,0.008,-0.092,1.56,-5.60,1182,1034,2221,0,0,5219,0.0562,-0.077,0.014,-0.086,1.82,-5.35,1163,1240,1759,0,0,11260,0.1062,0.089,0.021,-0.079,3.83,-3.33,1198,2797,7104,0,0,8171,0.0748,-0.103,0.041,-0.059,3.91,-3.25,1194,3892,5319,0,0
26.640,1049.6,-10.85,-23.64,-16.35,167.9,0.49,1.30,0.00,1.00,0.00,1.00,3,5800,993.1,2.16,-0.24,0.66,13.97,7181,1190,7676,0.0883,0.008,0.010,-0.090,2.91,-4.26,1188,1103,4129,0,0,5092,0.0525,-0.031,0.016,-0.084,3.15,-4.02,1184,1138,3030,0,0,11216,0.1102,0.033,0.027,-0.073,3.91,-3.25,1207,3425,7272,0,0,7925,0.0744,-0.003,0.036,-0.064,3.95,-3.22,1208,3350,5343,0,0
26.760,1055.2,-5.26,-23.64,-15.69,169.6,0.48,1.24,0.00,1.00,0.00,1.00,3,5843,991.0,2.17,-0.28,0.65,3.68,7288,1215,7580,0.0889,0.005,0.010,-0.090,2.34,-4.82,1196,1109,3406,0,0,5523,0.0539,0.012,0.013,-0.087,2.56,-4.60,1197,1073,2766,0,0,11358,0.1107,0.004,0.024,-0.076,2.71,-4.45,1213,3648,5481,0,0,8603,0.0757,0.011,0.028,-0.072,2.72,-4.45,1215,3264,4308,0,0
26.880,1060.9,0.41,-23.64,-15.17,171.5,0.46,0.84,0.00,1.00,0.00,1.00,3,5898,988.3,2.19,-0.26,0.35,-1.06,7428,1241,6898,0.0836,-0.044,0.009,-0.091,1.34,-5.82,1208,1091,1865,0,0,6004,0.0575,0.030,0.010,-0.090,1.55,-5.61,1210,1049,1889,0,0,10349,0.1065,-0.035,0.023,-0.077,1.41,-5.75,1224,3633,2778,0,0,8947,0.0804,0.039,0.023,-0.077,1.41,-5.75,1225,3258,2448,0,0
27.000,1066.7,6.15,-23.64,-14.74,173.4,0.46,0.43,0.00,1.00,0.00,1.00,3,5958,985.2,2.20,-0.30,-0.03,-1.84,7566,1269,6422,0.0784,-0.043,0.009,-0.091,0.55,-6.61,1221,1061,728,0,0,6244,0.0643,0.056,0.009,-0.091,0.76,-6.40,1223,1035,978,0,0,10206,0.1019,-0.038,0.021,-0.079,0.56,-6.60,1236,3558,1112,0,0,9748,0.0877,0.061,0.021,-0.079,0.56,-6.60,1237,3340,1069,0,0
27.120,1072.5,11.95,-23.64,-14.33,175.3,0.45,0.17,0.00,1.00,0.00,1.00,3,6022,981.7,2.22,-0.28,-0.31,-1.34,7734,1297,6728,0.0740,-0.037,0.009,-0.091,0.09,-7.07,1235,1095,139,0,0,6823,0.0691,0.040,0.009,-0.091,0.31,-6.85,1235,1047,436,0,0,9772,0.0972,-0.039,0.021,-0.079,0.13,-7.04,1250,3475,252,0,0,9705,0.0916,0.032,0.021,-0.079,0.13,-7.04,1250,3369,250,0,0
27.240,1078.4,17.82,-23.64,-13.93,177.2,0.45,0.04,0.00,1.00,0.00,1.00,3,6086,978.1,2.23,-0.31,-0.44,-0.68,7896,1326,6370,0.0723,-0.014,0.009,-0.091,-0.10,-7.06,1248,1043,-127,0,0,6488,0.0711,0.017,0.009,-0.091,0.11,-7.05,1248,1040,155,0,0,9304,0.0968,-0.003,0.023,-0.077,-0.03,-7.14,1263,3370,-50,0,0,9983,0.0958,0.035,0.020,-0.080,-0.03,-7.13,1263,3429,-55,0,0
27.360,1084.3,23.75,-23.64,-13.55,179.0,0.42,0.27,0.26,1.00,0.00,1.00,3,6152,974.4,2.25,-0.31,-0.31,13.70,8045,1352,7416,0.0747,0.021,0.014,-0.086,6.42,-0.74,1264,953,6614,0,0,6108,0.0713,0.001,0.023,-0.077,8.54,1.38,1260,1072,6238,0,0,10550,0.0978,0.008,0.018,-0.082,0.30,-6.86,1277,3127,518,0,0,9118,0.0936,-0.018,0.024,-0.076,0.30,-6.86,1276,3673,457,0,0
27.480,1090.3,29.73,-23.64,-13.27,180.5,0.40,0.88,0.00,1.00,0.00,1.00,3,6212,970.8,2.26,-0.26,0.24,21.36,8215,1375,7402,0.0831,0.070,0.008,-0.092,1.18,-5.99,1277,1001,1611,0,0,5622,0.0623,-0.075,0.012,-0.088,1.41,-5.75,1266,1149,1512,0,0,10854,0.1069,0.076,0.019,-0.081,2.53,-4.63,1292,2919,4858,0,0,8660,0.0861,-0.063,0.030,-0.070,2.56,-4.60,1290,3670,3992,0,0
27.600,1096.4,35.78,-23.64,-13.11,182.2,0.45,0.94,0.00,1.00,0.00,1.00,3,6267,967.3,2.27,-0.30,0.40,7.34,8346,1401,7289,0.0858,0.022,0.009,-0.091,1.84,-5.33,1285,1054,2593,0,0,5406,0.0612,-0.009,0.012,-0.088,2.07,-5.10,1284,1053,2205,0,0,11479,0.1103,0.029,0.021,-0.079,2.39,-4.77,1301,3383,4923,0,0,9109,0.0856,-0.004,0.026,-0.074,2.40,-4.76,1301,3344,4038,0,0
27.720,1102.5,41.89,-23.64,-13.08,183.9,0.44,0.80,0.00,1.00,0.00,1.00,3,6320,964.0,2.29,-0.28,0.35,0.77,8500,1428,7098,0.0843,-0.012,0.009,-0.091,1.32,-5.84,1295,1053,1872,0,0,6415,0.0620,0.007,0.010,-0.090,1.54,-5.62,1296,1040,1980,0,0,10726,0.1093,-0.009,0.021,-0.079,1.50,-5.66,1311,3488,3019,0,0,9060,0.0863,0.005,0.022,-0.078,1.50,-5.66,1312,3189,2610,0,0
27.840,1108.6,48.05,-23.64,-13.13,185.7,0.43,0.49,0.00,1.00,0.00,1.00,3,6377,960.3,2.30,-0.30,0.12,-1.42,8652,1456,6666,0.0811,-0.027,0.009,-0.091,0.66,-6.50,1307,1037,904,0,0,6254,0.0657,0.031,0.009,-0.091,0.88,-6.28,1309,1008,1129,0,0,10099,0.1076,-0.014,0.020,-0.080,0.71,-6.45,1323,3369,1390,0,0,9378,0.0923,0.050,0.020,-0.080,0.71,-6.45,1324,3126,1303,0,0
27.960,1114.9,54.28,-23.65,-13.23,187.5,0.42,0.22,0.00,1.00,0.00,1.00,3,6435,956.3,2.31,-0.32,-0.13,-1.33,8790,1484,6865,0.0787,-0.020,0.008,-0.092,0.19,-6.97,1320,1027,269,0,0,6863,0.0720,0.052,0.008,-0.092,0.41,-6.75,1320,1011,581,0,0,10108,0.1027,-0.041,0.020,-0.080,0.23,-6.93,1335,3365,465,0,0,10486,0.0953,0.026,0.019,-0.081,0.23,-6.93,1335,3359,479,0,0
28.080,1121.2,60.56,-23.65,-13.35,189.2,0.42,0.07,0.00,1.00,0.00,1.00,3,6497,952.0,2.33,-0.29,-0.28,-0.86,8966,1512,6490,0.0747,-0.033,0.009,-0.091,-0.05,-7.11,1333,1021,-59,0,0,6581,0.0723,0.002,0.009,-0.091,0.17,-6.99,1333,1013,235,0,0,9816,0.1008,-0.016,0.020,-0.080,0.02,-7.15,1348,3319,38,0,0,9860,0.0985,0.026,0.020,-0.080,0.02,-7.15,1348,3273,38,0,0
28.200,1127.5,66.90,-23.65,-13.48,191.0,0.41,0.01,0.00,1.00,0.00,0.98,3,6554,947.9,2.34,-0.32,-0.30,-0.38,9115,1540,5998,0.0735,-0.010,0.009,-0.091,-0.14,-7.02,1345,999,-173,0,0,6023,0.0735,0.010,0.009,-0.091,0.08,-7.08,1346,998,99,0,0,10590,0.1027,0.016,0.019,-0.081,-0.05,-7.11,1359,3326,-103,0,0,10607,0.1026,0.034,0.019,-0.081,-0.05,-7.11,1359,3305,-103,0,0
28.320,1133.9,73.29,-23.66,-13.60,192.3,0.31,-0.01,0.00,1.00,0.00,0.18,3,6770,933.8,2.39,-0.28,-0.28,-0.07,9246,1562,7917,0.0769,0.028,0.002,-0.098,-0.17,-7.00,1345,266,-262,0,0,7974,0.0797,0.051,0.002,-0.098,0.07,-7.09,1345,266,107,0,0,9864,0.0988,-0.033,0.006,-0.094,-0.06,-7.11,1351,1070,-106,0,0,9674,0.0981,-0.037,0.006,-0.094,-0.06,-7.11,1351,1054,-105,0,0
28.440,1140.3,79.71,-23.67,-13.73,193.1,0.19,-0.01,0.00,1.00,0.00,1.00,4,6004,981.3,2.22,0.02,-0.19,0.06,9458,1574,5914,0.0697,-0.060,0.013,-0.087,-0.14,-7.02,1365,1362,-170,0,0,5842,0.0700,-0.081,0.013,-0.087,0.07,-7.09,1365,1359,83,0,0,7917,0.0951,-0.031,0.032,-0.068,-0.03,-7.13,1391,4066,-50,0,0,7852,0.0953,-0.023,0.032,-0.068,-0.03,-7.13,1391,4045,-49,0,0
28.560,1146.8,86.19,-23.69,-13.85,195.5,0.56,-0.01,0.00,1.00,0.00,1.00,4,5243,1004.4,2.03,-0.50,0.11,0.19,9401,1614,5078,0.0817,0.100,0.014,-0.086,-0.14,-7.02,1384,1282,-152,0,0,4460,0.0834,0.112,0.015,-0.085,0.11,-7.06,1386,1238,98,0,0,14530,0.1132,0.151,0.023,-0.077,-0.01,-7.15,1396,4439,-24,0,0,14108,0.1143,0.158,0.023,-0.077,-0.01,-7.15,1396,4453,-24,0,0
28.680,1153.4,92.75,-23.70,-13.98,197.8,0.55,0.00,0.00,1.00,0.00,1.00,4,5300,1004.9,2.05,-0.32,0.28,0.19,9729,1653,8743,0.0784,-0.028,0.009,-0.091,-0.10,-7.06,1394,1356,-180,0,0,8593,0.0810,-0.020,0.009,-0.091,0.13,-7.03,1394,1350,223,0,0,9717,0.1043,-0.074,0.026,-0.074,0.02,-7.14,1419,4180,42,0,0,9121,0.1010,-0.111,0.027,-0.073,0.02,-7.14,1419,4016,40,0,0
28.800,1160.0,99.39,-23.70,-14.10,200.1,0.54,0.00,0.00,1.00,0.00,1.00,4,5370,1005.3,2.06,-0.38,0.41,0.05,9954,1691,6097,0.0742,-0.034,0.012,-0.088,-0.08,-7.09,1414,1337,-95,0,0,5934,0.0730,-0.066,0.012,-0.088,0.15,-7.02,1414,1331,175,0,0,9288,0.1089,0.038,0.027,-0.073,0.04,-7.12,1436,4144,66,0,0,9114,0.1077,0.056,0.028,-0.072,0.04,-7.12,1436,4094,65,0,0
28.920,1166.7,106.09,-23.70,-14.23,201.2,0.25,0.00,0.00,0.00,0.00,1.00,4,5219,-252.1,0.20,-0.35,0.47,-0.01,10053,1710,6552,0.0768,0.021,-0.002,-0.098,-0.08,-7.08,1401,-281,-106,0,0,6401,0.0762,0.026,-0.002,-0.098,0.15,-7.01,1401,-279,195,0,0,10778,0.1058,-0.026,-0.005,-0.095,0.04,-7.13,1397,-950,72,0,0,10619,0.1052,-0.021,-0.005,-0.095,0.04,-7.13,1397,-946,71,0,0
29.040,1173.4,112.77,-23.72,-14.36,199.9,-0.31,0.00,0.00,0.00,0.00,1.00,4,5185,-250.6,0.20,-0.08,0.50,-0.01,10158,1686,7834,0.0826,0.048,-0.002,-0.098,-0.09,-7.07,1392,-307,-139,0,0,7825,0.0826,0.054,-0.002,-0.098,0.16,-7.00,1392,-314,245,0,0,9513,0.0995,-0.052,-0.006,-0.094,0.03,-7.13,1387,-940,62,0,0,9373,0.0982,-0.058,-0.006,-0.094,0.03,-7.13,1387,-934,61,0,0
29.160,1180.0,119.41,-23.73,-14.48,198.6,-0.31,0.00,0.00,0.00,0.00,1.00,4,5151,-249.2,0.20,-0.03,0.52,-0.05,10105,1664,7330,0.0855,0.025,-0.002,-0.098,-0.10,-7.07,1383,-299,-140,0,0,7292,0.0850,0.020,-0.002,-0.098,0.16,-7.00,1383,-299,235,0,0,9690,0.1002,0.006,-0.005,-0.095,0.03,-7.13,1379,-925,57,0,0,9642,0.0997,0.012,-0.005,-0.095,0.03,-7.13,1379,-925,57,0,0
29.280,1186.6,126.00,-23.73,-14.61,197.5,-0.25,0.00,0.00,1.00,0.00,1.00,4,5166,561.6,1.41,-0.07,0.54,-0.09,9997,1646,7378,0.0875,0.016,0.002,-0.098,-0.10,-7.06,1382,245,-152,0,0,7289,0.0872,0.019,0.002,-0.098,0.16,-7.00,1382,244,234,0,0,10317,0.1007,0.004,0.007,-0.093,0.02,-7.14,1389,1094,49,0,0,10224,0.1004,0.006,0.007,-0.093,0.02,-7.14,1389,1084,48,0,0
29.400,1193.2,132.61,-23.73,-14.73,198.7,0.27,-0.01,0.00,1.00,0.00,1.00,4,5229,1004.3,2.03,-0.23,0.56,-0.09,9983,1666,7137,0.0835,-0.033,0.006,-0.094,-0.10,-7.06,1396,801,-141,0,0,7103,0.0837,-0.029,0.006,-0.094,0.15,-7.01,1396,800,218,0,0,10421,0.1040,0.028,0.015,-0.085,0.02,-7.14,1409,2688,46,0,0,10301,0.1033,0.024,0.015,-0.085,0.02,-7.14,1409,2665,46,0,0
29.520,1199.9,139.25,-23.73,-14.85,199.9,0.29,-0.01,0.00,1.00,0.00,1.00,4,5261,1004.6,2.04,-0.38,0.58,-0.09,10010,1687,6881,0.0817,-0.015,0.006,-0.094,-0.09,-7.07,1405,801,-131,0,0,6828,0.0812,-0.020,0.006,-0.094,0.15,-7.01,1405,799,207,0,0,10638,0.1070,0.024,0.015,-0.085,0.02,-7.14,1417,2694,49,0,0,10589,0.1065,0.026,0.015,-0.085,0.02,-7.14,1417,2682,48,0,0
29.640,1206.5,145.94,-23.72,-14.98,201.1,0.29,-0.01,0.00,1.00,0.00,1.00,4,5293,1004.8,2.05,-0.45,0.60,-0.07,10107,1708,7203,0.0814,-0.002,0.006,-0.094,-0.09,-7.07,1413,802,-136,0,0,7117,0.0812,0.000,0.006,-0.094,0.15,-7.01,1413,799,214,0,0,10683,0.1071,0.001,0.015,-0.085,0.02,-7.14,1425,2691,51,0,0,10602,0.1069,0.003,0.015,-0.085,0.02,-7.14,1426,2676,50,0,0
29.760,1213.3,152.66,-23.71,-15.10,202.3,0.28,-0.01,0.00,1.00,0.00,1.00,4,5325,1005.0,2.05,-0.50,0.61,-0.08,10227,1729,7190,0.0811,-0.003,0.006,-0.094,-0.09,-7.07,1422,813,-134,0,0,7139,0.0812,0.000,0.006,-0.094,0.15,-7.01,1422,802,216,0,0,10497,0.1078,0.006,0.015,-0.085,0.03,-7.14,1434,2688,50,0,0,10386,0.1072,0.003,0.015,-0.085,0.03,-7.14,1434,2665,50,0,0
29.880,1220.0,159.43,-23.68,-15.22,203.5,0.28,-0.01,0.00,1.00,0.00,1.00,4,5355,1005.2,2.06,-0.60,0.64,-0.09,10329,1749,7073,0.0826,0.013,0.006,-0.094,-0.09,-7.07,1430,802,-134,0,0,7021,0.0822,0.008,0.006,-0.094,0.15,-7.01,1430,800,217,0,0,10928,0.1092,0.011,0.015,-0.085,0.03,-7.14,1442,2702,54,0,0,10869,0.1087,0.013,0.015,-0.085,0.03,-7.14,1442,2688,54,0,0
30.001,1226.8,166.24,-23.65,-15.34,204.7,0.28,-0.01,0.00,1.00,0.00,1.00,4,5386,1005.4,2.07,-0.66,0.65,-0.10,10456,1769,7457,0.0833,0.005,0.006,-0.094,-0.10,-7.07,1438,801,-143,0,0,7391,0.0832,0.008,0.006,-0.094,0.15,-7.01,1438,800,228,0,0,10740,0.1092,0.000,0.015,-0.085,0.02,-7.14,1451,2682,51,0,0,10663,0.1090,0.002,0.015,-0.085,0.02,-7.14,1451,2666,51,0,0
30.121,1233.7,173.08,-23.61,-15.47,205.8,0.27,0.10,0.15,1.00,0.00,1.00,4,5417,1005.5,2.07,-0.75,0.73,6.03,10568,1789,7533,0.0836,0.002,0.006,-0.094,2.15,-5.01,1447,756,3131,0,0,6842,0.0823,-0.008,0.009,-0.091,3.07,-4.10,1445,834,3934,0,0,10983,0.1112,0.017,0.014,-0.086,0.13,-7.03,1459,2559,245,0,0,10212,0.1092,0.002,0.016,-0.084,0.13,-7.03,1459,2803,231,0,0
30.241,1240.6,179.96,-23.56,-15.67,206.7,0.24,0.69,0.00,1.00,0.00,1.00,4,5444,1005.6,2.08,-0.88,1.17,16.21,10667,1805,7836,0.0923,0.073,0.006,-0.094,0.90,-6.26,1457,764,1314,0,0,6382,0.0767,-0.047,0.008,-0.092,1.16,-6.00,1448,875,1423,0,0,11939,0.1192,0.067,0.013,-0.087,1.86,-5.31,1468,2327,3962,0,0,10186,0.1036,-0.047,0.020,-0.080,1.87,-5.29,1466,3054,3478,0,0
30.361,1247.5,186.86,-23.49,-15.97,207.8,0.27,0.75,0.00,1.00,0.00,1.00,4,5471,1005.7,2.09,-0.99,1.31,5.47,10771,1823,8347,0.0951,0.023,0.006,-0.094,1.42,-5.74,1461,806,2285,0,0,6833,0.0756,-0.009,0.007,-0.093,1.68,-5.48,1459,831,2250,0,0,11704,0.1208,0.013,0.015,-0.085,1.84,-5.32,1474,2661,3934,0,0,9798,0.1014,-0.018,0.018,-0.082,1.85,-5.31,1474,2703,3388,0,0
30.481,1254.4,193.79,-23.42,-16.38,208.8,0.26,0.65,0.00,1.00,0.00,1.00,4,5496,1005.8,2.09,-1.10,1.29,0.27,10870,1841,7641,0.0939,-0.010,0.006,-0.094,1.05,-6.11,1467,820,1590,0,0,6690,0.0755,-0.001,0.007,-0.093,1.30,-5.86,1468,804,1744,0,0,11416,0.1222,0.012,0.015,-0.085,1.21,-5.95,1480,2779,2589,0,0,10040,0.1034,0.016,0.016,-0.084,1.21,-5.95,1481,2599,2322,0,0
30.601,1261.4,200.76,-23.32,-16.85,209.8,0.25,0.40,0.00,1.00,0.00,1.00,4,5521,1005.1,2.10,-1.25,1.09,-1.28,10952,1859,7333,0.0926,-0.010,0.006,-0.094,0.53,-6.63,1474,816,791,0,0,6978,0.0800,0.037,0.006,-0.094,0.79,-6.37,1475,796,1116,0,0,11559,0.1211,-0.010,0.015,-0.085,0.61,-6.55,1486,2800,1349,0,0,10952,0.1084,0.042,0.014,-0.086,0.61,-6.55,1487,2638,1289,0,0
30.721,1268.4,207.75,-23.21,-17.37,210.8,0.25,0.18,0.00,1.00,0.00,1.00,4,5548,1004.0,2.11,-1.38,0.90,-1.28,11030,1878,7674,0.0912,-0.012,0.006,-0.094,0.16,-7.00,1481,810,252,0,0,7614,0.0847,0.039,0.006,-0.094,0.42,-6.74,1482,797,650,0,0,10831,0.1164,-0.039,0.015,-0.085,0.24,-6.92,1494,2719,500,0,0,10649,0.1101,0.013,0.015,-0.085,0.24,-6.92,1495,2616,492,0,0
30.841,1275.5,214.78,-23.08,-17.89,211.8,0.23,-0.11,0.00,1.00,0.00,1.00,4,5573,1003.0,2.11,-1.48,0.70,-9.36,11159,1895,6670,0.0865,-0.039,0.016,-0.084,-7.43,0.27,1486,886,-6486,0,0,7593,0.0860,0.011,0.010,-0.090,-5.53,-1.63,1490,766,-6255,0,0,10281,0.1154,-0.008,0.017,-0.083,-0.07,-7.09,1500,2874,-93,0,0,11506,0.1147,0.039,0.013,-0.087,-0.07,-7.09,1502,2509,-102,0,0
30.961,1282.6,221.84,-22.93,-18.37,212.7,0.23,-0.37,0.00,1.00,0.00,1.00,4,5598,1002.0,2.12,-1.64,0.47,-7.34,11253,1911,6707,0.0840,-0.021,0.007,-0.093,-0.79,-6.37,1493,830,-1039,0,0,7819,0.0922,0.052,0.006,-0.094,-0.52,-6.64,1497,788,-781,0,0,10786,0.1134,-0.016,0.016,-0.084,-1.03,-6.13,1507,2871,-2058,0,0,11692,0.1214,0.055,0.013,-0.087,-1.02,-6.14,1508,2531,-2198,0,0
31.081,1289.7,228.94,-22.77,-18.80,213.7,0.23,-0.45,0.00,1.00,0.00,1.00,4,5621,1001.0,2.12,-1.82,0.42,-2.33,11322,1928,7182,0.0850,0.009,0.006,-0.094,-0.90,-6.26,1501,811,-1286,0,0,7917,0.0954,0.026,0.006,-0.094,-0.63,-6.53,1502,803,-982,0,0,11596,0.1127,-0.007,0.015,-0.085,-0.89,-6.27,1513,2805,-1929,0,0,12557,0.1230,0.014,0.014,-0.086,-0.89,-6.27,1513,2713,-1983,0,0
31.201,1296.8,236.05,-22.59,-19.17,213.2,-0.11,-0.35,0.00,0.00,0.00,1.00,4,5531,-265.1,0.20,-1.87,0.49,-0.07,11391,1918,8578,0.0877,0.022,-0.002,-0.098,-0.65,-6.51,1485,-332,-1106,0,0,8931,0.0968,0.012,-0.002,-0.098,-0.38,-6.78,1485,-337,-666,0,0,10299,0.1108,-0.016,-0.006,-0.094,-0.53,-6.63,1480,-978,-1056,0,0,10840,0.1198,-0.027,-0.005,-0.095,-0.53,-6.63,1480,-1005,-1102,0,0
31.321,1303.9,243.11,-22.38,-19.50,211.5,-0.40,-0.21,0.00,0.00,0.00,1.00,4,5487,-263.5,0.20,-1.92,0.62,0.45,11360,1888,7761,0.0916,0.033,-0.002,-0.098,-0.40,-6.76,1473,-314,-630,0,0,7833,0.0975,0.005,-0.002,-0.098,-0.12,-7.04,1473,-313,-193,0,0,10415,0.1113,0.004,-0.005,-0.095,-0.25,-6.91,1469,-982,-503,0,0,10586,0.1166,-0.027,-0.005,-0.095,-0.25,-6.91,1468,-975,-510,0,0
31.441,1310.9,250.12,-22.16,-19.80,209.8,-0.40,-0.11,0.00,0.00,0.00,1.00,4,5445,-261.7,0.20,-2.09,0.74,0.37,11214,1858,7845,0.0963,0.039,-0.002,-0.098,-0.24,-6.92,1462,-311,-376,0,0,7802,0.0986,0.010,-0.002,-0.098,0.05,-7.11,1462,-309,80,0,0,11237,0.1129,0.013,-0.005,-0.095,-0.08,-7.08,1457,-1006,-169,0,0,11254,0.1153,-0.011,-0.005,-0.095,-0.08,-7.08,1457,-995,-169,0,0
31.561,1317.8,257.07,-21.91,-20.10,208.1,-0.40,-0.04,0.00,0.00,0.00,1.00,4,5401,-259.9,0.20,-2.24,0.82,0.19,11038,1828,8515,0.0985,0.018,-0.002,-0.098,-0.15,-7.01,1450,-326,-254,0,0,8424,0.0991,0.004,-0.002,-0.098,0.15,-7.02,1450,-324,241,0,0,10319,0.1100,-0.024,-0.005,-0.095,0.01,-7.15,1445,-972,14,0,0,10242,0.1105,-0.040,-0.005,-0.095,0.01,-7.15,1445,-962,14,0,0
31.681,1324.7,263.96,-21.65,-20.39,206.4,-0.40,-0.02,0.00,0.00,0.00,1.00,4,5356,-257.9,0.20,-2.38,0.86,0.07,10903,1798,7581,0.0953,-0.027,-0.002,-0.098,-0.10,-7.06,1438,-303,-160,0,0,7510,0.0953,-0.032,-0.002,-0.098,0.18,-6.98,1438,-302,271,0,0,10378,0.1117,0.014,-0.005,-0.095,0.04,-7.12,1433,-960,82,0,0,10607,0.1112,0.006,-0.005,-0.095,0.04,-7.12,1434,-975,84,0,0
31.801,1331.6,270.80,-21.36,-20.67,204.7,-0.41,-0.01,0.00,0.00,0.00,1.00,4,5312,-256.1,0.20,-2.62,0.89,-0.04,10716,1768,7636,0.0969,0.013,-0.002,-0.098,-0.09,-7.07,1426,-301,-142,0,0,7656,0.0962,0.008,-0.002,-0.098,0.20,-6.97,1426,-304,300,0,0,10936,0.1131,0.012,-0.005,-0.095,0.05,-7.11,1422,-967,107,0,0,10850,0.1124,0.010,-0.005,-0.095,0.05,-7.11,1422,-964,106,0,0
31.921,1338.4,277.57,-21.05,-20.95,202.9,-0.41,0.04,0.09,0.00,0.00,1.00,4,5265,-254.1,0.20,-2.81,0.94,2.55,10524,1738,8333,0.0984,0.013,-0.002,-0.098,2.99,-4.17,1413,-242,3913,0,0,7936,0.0975,0.011,-0.001,-0.099,4.16,-3.00,1411,-108,5038,0,0,12107,0.1100,-0.026,-0.005,-0.095,0.07,-7.10,1411,-1166,136,0,0,11692,0.1091,-0.027,-0.005,-0.095,0.07,-7.10,1410,-984,133,0,0
32.041,1345.1,284.28,-20.73,-21.32,200.8,-0.46,0.99,0.00,0.00,0.00,1.00,4,5207,-251.6,0.20,-2.96,1.45,31.39,10390,1702,10508,0.1056,0.060,-0.002,-0.098,0.68,-6.49,1410,-388,1170,0,0,8019,0.0850,-0.104,-0.002,-0.098,0.98,-6.19,1387,-314,1392,0,0,11411,0.1184,0.070,-0.008,-0.092,2.44,-4.72,1401,-1408,4872,0,0,8893,0.0978,-0.094,-0.003,-0.097,2.48,-4.68,1385,-440,4000,0,0
32.161,1351.8,290.91,-20.38,-21.82,198.8,-0.39,1.10,0.00,0.00,0.00,1.00,4,5150,-249.2,0.20,-3.22,1.61,14.25,10206,1669,8609,0.1090,0.028,-0.002,-0.098,2.34,-4.82,1389,-299,3763,0,0,6598,0.0808,-0.035,-0.003,-0.097,2.65,-4.51,1378,-275,3318,0,0,12072,0.1241,0.047,-0.008,-0.092,3.26,-3.91,1381,-1236,6720,0,0,9091,0.0954,-0.020,-0.005,-0.095,3.28,-3.88,1374,-653,5349,0,0
32.281,1358.4,297.46,-20.01,-22.49,197.4,-0.28,1.21,0.00,1.00,0.00,1.00,4,5193,1004.0,2.02,-3.46,1.67,5.39,10007,1644,8716,0.1114,0.020,0.005,-0.095,2.18,-4.98,1387,667,3596,0,0,6620,0.0792,-0.013,0.007,-0.093,2.47,-4.69,1385,666,3158,0,0,12914,0.1244,0.003,0.014,-0.086,2.64,-4.52,1400,2285,5633,0,0,10187,0.0923,-0.026,0.017,-0.083,2.65,-4.51,1400,2377,4913,0,0
32.401,1364.9,303.99,-19.62,-23.29,197.8,0.13,0.90,0.00,0.00,0.00,1.00,4,5159,178.8,0.80,-3.71,1.47,-0.37,9931,1651,8855,0.1032,-0.068,0.001,-0.099,1.44,-5.72,1382,101,2483,0,0,7711,0.0768,-0.021,0.001,-0.099,1.71,-5.45,1382,119,2589,0,0,11476,0.1224,-0.016,0.003,-0.097,1.59,-5.57,1384,556,3423,0,0,9824,0.0964,0.034,0.003,-0.097,1.59,-5.57,1384,524,3001,0,0
32.521,1371.5,310.47,-19.21,-24.19,196.0,-0.41,0.53,0.00,0.00,0.00,1.00,4,5086,-246.4,0.20,-3.84,1.16,-1.81,9803,1622,7838,0.0983,-0.040,-0.002,-0.098,0.70,-6.46,1365,-294,1111,0,0,7468,0.0822,0.045,-0.002,-0.098,0.97,-6.19,1366,-292,1461,0,0,10618,0.1169,-0.046,-0.005,-0.095,0.77,-6.39,1361,-906,1581,0,0,9850,0.1001,0.031,-0.006,-0.094,0.77,-6.39,1362,-931,1481,0,0
32.641,1378.0,316.89,-18.78,-25.12,194.2,-0.42,0.23,0.00,1.00,0.00,1.00,4,5063,183.5,0.80,-3.92,0.89,-1.52,9682,1592,7580,0.0956,-0.023,0.000,-0.100,0.23,-6.94,1356,-30,354,0,0,7543,0.0875,0.044,0.000,-0.100,0.50,-6.66,1357,-35,765,0,0,10712,0.1088,-0.067,0.002,-0.098,0.30,-6.86,1358,194,625,0,0,10513,0.1007,0.005,0.001,-0.099,0.30,-6.86,1359,115,615,0,0
32.761,1384.5,323.28,-18.34,-26.07,194.6,0.09,0.07,0.00,1.00,0.00,1.00,4,5123,1003.2,2.01,-4.11,0.75,-0.98,9631,1598,7429,0.0891,-0.054,0.006,-0.094,-0.01,-7.16,1367,809,-2,0,0,7421,0.0861,-0.011,0.006,-0.094,0.26,-6.90,1368,798,388,0,0,10509,0.1064,-0.020,0.015,-0.085,0.08,-7.08,1380,2716,171,0,0,10474,0.1036,0.023,0.015,-0.085,0.08,-7.08,1380,2652,170,0,0
32.881,1391.0,329.68,-17.89,-27.02,193.9,-0.16,0.00,0.00,0.00,0.00,1.00,4,5032,-244.1,0.20,-4.24,0.69,-0.51,9537,1587,7372,0.0854,-0.031,-0.002,-0.098,-0.09,-7.07,1351,-285,-138,0,0,7424,0.0850,-0.010,-0.002,-0.098,0.16,-7.00,1351,-286,242,0,0,10036,0.1056,-0.007,-0.005,-0.095,0.01,-7.15,1347,-896,16,0,0,10015,0.1045,0.008,-0.005,-0.095,0.01,-7.15,1347,-913,16,0,0
33.001,1397.4,336.02,-17.43,-27.98,191.9,-0.46,0.40,0.25,0.00,0.00,1.00,4,4960,-241.1,0.20,-4.22,0.89,19.83,9449,1555,8332,0.0903,0.041,-0.004,-0.096,6.02,-1.15,1334,-326,7534,0,0,6446,0.0831,-0.016,-0.002,-0.098,8.05,0.89,1317,-97,6703,0,0,10898,0.1048,-0.007,-0.007,-0.093,0.63,-6.53,1338,-1280,1188,0,0,8897,0.0976,-0.058,-0.003,-0.097,0.64,-6.52,1328,-518,1008,0,0
33.121,1403.7,342.26,-16.97,-29.05,189.8,-0.45,0.88,0.00,0.00,0.00,1.00,4,4920,-239.4,0.20,-4.24,1.16,19.50,9321,1521,8188,0.0976,0.061,-0.002,-0.098,1.55,-5.62,1329,-278,2368,0,0,6277,0.0760,-0.059,-0.002,-0.098,1.83,-5.34,1314,-260,2199,0,0,10989,0.1094,0.038,-0.008,-0.092,2.76,-4.41,1321,-1202,5363,0,0,8639,0.0878,-0.082,-0.004,-0.096,2.79,-4.38,1311,-534,4408,0,0
33.241,1410.0,348.42,-16.51,-30.23,187.8,-0.42,1.04,0.00,0.00,0.00,1.00,4,4867,-237.1,0.20,-4.26,1.25,7.81,9141,1489,8464,0.0991,0.013,-0.002,-0.098,2.02,-5.14,1311,-294,3259,0,0,6434,0.0725,-0.029,-0.003,-0.097,2.29,-4.87,1304,-267,2863,0,0,10837,0.1098,0.003,-0.007,-0.093,2.61,-4.55,1304,-1046,5119,0,0,8209,0.0824,-0.044,-0.006,-0.094,2.62,-4.54,1300,-691,4043,0,0
33.361,1416.2,354.48,-16.06,-31.56,185.4,-0.49,1.42,0.30,0.00,0.00,1.00,4,4733,-231.4,0.20,-4.22,1.44,24.62,8950,1451,8768,0.1012,0.017,-0.005,-0.095,12.54,5.38,1266,-197,9408,0,0,5502,0.0655,-0.058,0.001,-0.099,15.87,8.70,1237,24,6175,0,0,11061,0.1119,0.018,-0.008,-0.092,2.84,-4.33,1292,-1284,5503,0,0,7078,0.0763,-0.051,-0.004,-0.096,2.88,-4.29,1280,-391,3774,0,0
33.481,1422.4,360.39,-15.61,-33.08,182.8,-0.48,1.57,0.00,0.00,0.00,1.00,4,4728,-231.2,0.20,-4.21,1.42,24.67,8751,1411,7904,0.1043,0.026,-0.002,-0.098,2.96,-4.21,1280,-250,4250,0,0,5184,0.0619,-0.030,-0.003,-0.097,3.25,-3.91,1260,-225,3146,0,0,11470,0.1142,0.019,-0.010,-0.090,4.51,-2.65,1270,-1230,8293,0,0,7875,0.0715,-0.040,-0.005,-0.095,4.58,-2.58,1258,-428,6065,0,0
33.601,1428.4,366.18,-15.17,-34.78,180.5,-0.39,1.65,0.28,0.00,0.00,1.00,4,4646,-227.7,0.20,-4.13,1.32,18.76,8540,1376,9075,0.1034,-0.008,0.000,-0.100,9.35,2.19,1250,-11,9283,0,0,5739,0.0606,-0.011,0.004,-0.096,11.33,4.17,1233,124,6340,0,0,11227,0.1114,-0.023,-0.009,-0.091,4.36,-2.80,1253,-1153,7977,0,0,6974,0.0679,-0.030,-0.005,-0.095,4.41,-2.76,1244,-451,5309,0,0
33.721,1434.4,371.80,-14.74,-36.71,177.5,-0.53,1.93,0.33,0.00,0.00,1.00,4,4482,-220.7,0.20,-3.98,1.39,26.22,8329,1330,8664,0.1043,0.008,-0.005,-0.095,15.48,8.32,1197,-179,9316,0,0,4996,0.0537,-0.058,-0.003,-0.097,19.12,11.96,1157,-50,5601,0,0,10390,0.1138,0.020,-0.011,-0.089,4.87,-2.30,1232,-1211,8015,0,0,5718,0.0632,-0.039,-0.005,-0.095,4.94,-2.22,1220,-335,4765,0,0
33.841,1440.2,377.22,-14.33,-38.83,172.4,-1.00,1.95,0.35,0.00,0.39,1.00,4,3919,-196.7,0.20,-3.80,1.25,29.11,7963,1255,9836,0.1117,0.062,-0.119,0.019,16.92,9.76,1014,-4133,9563,2875,0,6322,0.0587,0.042,-0.126,0.026,20.76,13.60,973,-2426,6522,863,1,11058,0.1099,-0.033,-0.079,-0.021,5.93,-1.23,1113,-6769,8357,1548,0,6470,0.0570,-0.052,-0.082,-0.018,6.04,-1.13,1088,-4249,5242,1548,0
33.961,1445.8,382.35,-13.95,-41.11,167.5,-0.93,1.85,0.00,0.00,0.00,1.00,4,4313,-213.5,0.20,-3.41,0.99,23.36,7648,1185,8783,0.1091,-0.022,-0.003,-0.097,4.82,-2.34,1169,-280,6914,0,0,6072,0.0587,-0.001,-0.003,-0.097,5.14,-2.02,1151,-227,5176,0,0,10111,0.1015,-0.070,-0.012,-0.088,6.43,-0.74,1158,-1109,9161,0,0,5884,0.0510,-0.050,-0.007,-0.093,6.52,-0.64,1147,-370,5706,0,0
34.081,1451.4,387.29,-13.58,-43.58,164.9,-0.37,2.06,0.38,0.00,0.00,1.00,4,4188,-208.2,0.20,-3.54,0.99,20.35,7267,1148,7934,0.1057,-0.028,0.012,-0.088,17.18,10.01,1118,333,8605,0,0,4067,0.0520,-0.056,0.028,-0.072,20.91,13.75,1096,353,4599,0,0,11970,0.1110,0.079,-0.010,-0.090,6.01,-1.15,1142,-1116,10251,0,0,6937,0.0563,0.044,-0.006,-0.094,6.09,-1.07,1132,-382,6434,0,0
34.201,1456.8,392.00,-13.24,-46.25,161.1,-0.68,1.97,0.40,0.00,0.00,1.00,4,3949,-197.8,0.20,-3.31,0.88,21.01,6959,1095,9454,0.1064,0.006,-0.025,-0.075,18.66,11.50,1047,-912,9943,0,0,5897,0.0523,0.003,-0.052,-0.048,22.92,15.76,976,-961,6396,0,0,10511,0.1057,-0.045,-0.014,-0.086,5.63,-1.53,1113,-1451,8860,0,0,5813,0.0507,-0.047,-0.010,-0.090,5.71,-1.45,1102,-618,5283,0,0
34.321,1462.1,396.46,-12.91,-49.09,157.7,-0.58,2.02,0.41,0.15,0.00,1.00,4,3950,15.4,0.43,-3.16,0.75,22.92,6703,1050,8369,0.1047,-0.014,-0.003,-0.097,18.91,11.75,1045,-95,8966,0,0,4829,0.0503,-0.017,-0.003,-0.097,23.31,16.15,999,-54,5364,0,0,11302,0.1084,0.023,-0.001,-0.099,5.53,-1.63,1104,-218,9361,0,0,6548,0.0530,0.019,0.000,-0.100,5.62,-1.55,1088,0,5850,0,0
34.441,1467.3,400.70,-12.61,-52.09,155.3,-0.34,1.99,0.00,1.00,0.00,1.00,4,4041,828.5,1.63,-3.04,0.61,28.29,6449,1018,9047,0.1058,0.009,-0.011,-0.089,3.76,-3.41,1083,-1067,8667,0,0,5289,0.0514,0.009,-0.019,-0.081,4.07,-3.09,1053,-824,5610,0,0,11095,0.1045,-0.033,0.012,-0.088,5.78,-1.38,1105,1134,9405,0,0,6177,0.0493,-0.031,0.030,-0.070,5.89,-1.27,1103,1705,5580,0,0
34.561,1472.5,404.76,-12.31,-55.29,155.5,0.22,1.70,0.00,1.00,0.00,1.00,4,4116,932.2,1.77,-3.09,0.33,12.18,6353,1020,7407,0.0951,-0.090,0.009,-0.091,4.06,-3.10,1096,783,5287,0,0,4602,0.0457,-0.047,0.014,-0.086,4.30,-2.86,1093,808,3554,0,0,10135,0.1088,0.036,0.024,-0.076,5.03,-2.13,1113,2392,8009,0,0,6362,0.0595,0.085,0.033,-0.067,5.07,-2.09,1114,2183,5262,0,0
34.681,1477.7,408.68,-12.03,-58.68,155.6,0.16,1.70,0.34,0.71,0.00,1.00,4,4081,784.1,1.56,-3.11,0.19,15.46,6250,1021,8369,0.0939,-0.010,0.015,-0.085,11.53,4.36,1085,666,8974,0,0,5101,0.0478,0.017,0.033,-0.067,14.21,7.05,1081,772,5718,0,0,11222,0.1066,-0.018,0.014,-0.086,3.71,-3.45,1106,1893,7078,0,0,7495,0.0599,0.003,0.024,-0.076,3.75,-3.41,1105,2225,4977,0,0
34.801,1482.8,412.40,-11.76,-62.24,154.0,-0.23,1.75,0.42,0.09,0.00,1.00,4,3913,61.2,0.48,-2.83,0.14,26.60,6216,1001,8326,0.0944,0.004,0.004,-0.096,17.63,10.46,1037,119,8955,0,0,5093,0.0460,-0.015,0.026,-0.074,22.12,14.96,1012,418,5641,0,0,9984,0.1058,-0.007,-0.001,-0.099,3.97,-3.19,1082,-148,6710,0,0,5795,0.0574,-0.021,0.001,-0.099,4.05,-3.12,1065,139,4184,0,0
34.921,1487.9,415.90,-11.51,-65.91,151.9,-0.33,1.77,0.00,1.00,0.00,1.00,4,4009,915.7,1.74,-2.60,0.00,29.88,6106,974,8603,0.1014,0.058,0.005,-0.095,3.03,-4.13,1075,597,4662,0,0,5612,0.0524,0.053,0.010,-0.090,3.33,-3.83,1057,737,3436,0,0,10931,0.1023,-0.028,0.016,-0.084,5.21,-1.95,1086,1552,8731,0,0,7171,0.0534,-0.033,0.034,-0.066,5.33,-1.84,1083,2383,5996,0,0
35.041,1493.0,419.23,-11.27,-69.73,152.3,0.26,1.56,0.00,1.00,0.00,1.00,4,4029,919.0,1.75,-2.57,-0.25,12.28,6073,980,7527,0.0925,-0.074,0.008,-0.092,3.46,-3.70,1074,763,4737,0,0,4959,0.0485,-0.032,0.012,-0.088,3.71,-3.46,1070,811,3408,0,0,10391,0.1039,0.013,0.021,-0.079,4.45,-2.71,1089,2409,7566,0,0,6961,0.0599,0.054,0.031,-0.069,4.49,-2.67,1089,2382,5290,0,0
35.161,1498.1,422.40,-11.04,-73.71,152.7,0.20,1.59,0.27,1.00,0.00,1.00,4,4019,917.6,1.75,-2.64,-0.32,15.78,6013,984,8215,0.0925,0.000,0.020,-0.080,12.10,4.94,1069,882,8806,0,0,5044,0.0499,0.012,0.042,-0.058,15.08,7.91,1067,934,5635,0,0,11662,0.1056,0.014,0.015,-0.085,3.25,-3.91,1088,2260,6559,0,0,7629,0.0630,0.026,0.025,-0.075,3.28,-3.88,1087,2547,4527,0,0
35.281,1503.2,425.37,-10.81,-77.82,152.4,0.05,1.70,0.00,1.00,0.00,1.00,4,4013,916.1,1.74,-2.40,-0.31,30.07,6039,980,8155,0.0927,0.002,-0.001,-0.099,1.72,-5.44,1075,-206,6820,0,0,4903,0.0462,-0.031,0.005,-0.095,1.97,-5.19,1058,231,4812,0,0,10620,0.1058,0.002,0.014,-0.086,3.88,-3.28,1089,1783,6895,0,0,6413,0.0593,-0.030,0.033,-0.067,3.96,-3.20,1087,2552,4392,0,0
35.401,1508.2,428.18,-10.60,-82.07,153.1,0.26,1.33,0.00,1.00,0.00,1.00,4,4040,920.7,1.75,-2.39,-0.61,13.09,6049,989,7695,0.0912,-0.013,0.007,-0.093,2.69,-4.47,1079,732,3872,0,0,5512,0.0518,0.046,0.010,-0.090,2.93,-4.23,1073,802,3082,0,0,11093,0.1040,-0.015,0.017,-0.083,3.72,-3.44,1091,2291,7026,0,0,8114,0.0646,0.044,0.026,-0.074,3.76,-3.40,1090,2578,5352,0,0
35.521,1513.4,430.85,-10.39,-86.42,153.8,0.24,1.14,0.00,1.00,0.00,1.00,4,4057,923.3,1.75,-2.31,-0.87,2.80,6088,999,7129,0.0847,-0.054,0.007,-0.093,2.00,-5.17,1082,752,2796,0,0,5612,0.0522,0.003,0.009,-0.091,2.21,-4.96,1081,752,2465,0,0,9984,0.1006,-0.028,0.018,-0.082,2.33,-4.83,1094,2562,4331,0,0,7819,0.0681,0.029,0.021,-0.079,2.33,-4.83,1095,2383,3495,0,0
35.641,1518.5,433.42,-10.19,-90.88,154.7,0.23,0.93,0.23,1.00,0.00,1.00,4,4073,925.7,1.76,-2.35,-1.09,9.02,6114,1010,6770,0.0829,-0.015,0.011,-0.089,6.65,-0.51,1088,677,6205,0,0,5122,0.0579,0.048,0.019,-0.081,8.50,1.34,1085,747,5293,0,0,10680,0.0985,-0.017,0.014,-0.086,1.37,-5.79,1098,2377,2731,0,0,8505,0.0736,0.046,0.019,-0.081,1.38,-5.78,1098,2639,2245,0,0
35.761,1523.7,435.84,-10.00,-95.43,154.9,0.13,1.32,0.00,1.00,0.00,1.00,4,4090,928.3,1.76,-2.12,-0.92,30.12,6189,1013,7725,0.0868,0.033,0.005,-0.095,0.87,-6.29,1098,695,1230,0,0,5300,0.0527,-0.043,0.010,-0.090,1.10,-6.06,1080,900,1139,0,0,10403,0.1008,0.019,0.013,-0.087,3.01,-4.16,1107,1844,5445,0,0,7286,0.0667,-0.057,0.031,-0.069,3.07,-4.09,1103,3009,3983,0,0
35.881,1528.8,438.13,-9.81,-100.07,155.7,0.26,1.07,0.07,1.00,0.00,1.00,4,4109,931.1,1.77,-2.11,-1.07,11.27,6225,1024,7017,0.0859,-0.008,0.007,-0.093,2.08,-5.08,1098,740,2810,0,0,5120,0.0556,0.024,0.010,-0.090,2.31,-4.85,1093,786,2321,0,0,10882,0.1016,0.006,0.016,-0.084,2.97,-4.19,1109,2329,5739,0,0,8370,0.0712,0.037,0.023,-0.077,2.99,-4.17,1108,2635,4575,0,0
36.001,1534.1,440.29,-9.63,-104.81,156.6,0.25,1.11,0.00,1.00,0.00,1.00,4,4128,934.2,1.77,-2.01,-1.13,6.88,6291,1035,7194,0.0843,-0.013,0.006,-0.094,1.69,-5.47,1102,741,2377,0,0,6105,0.0546,-0.009,0.008,-0.092,1.91,-5.26,1099,843,2297,0,0,10164,0.1004,-0.009,0.017,-0.083,2.29,-4.88,1114,2455,4292,0,0,7981,0.0705,-0.005,0.021,-0.079,2.30,-4.87,1114,2527,3477,0,0
36.121,1539.3,442.33,-9.45,-109.62,157.3,0.22,1.06,0.00,1.00,0.00,1.00,4,4144,936.5,1.77,-2.02,-1.20,15.48,6329,1045,7357,0.0839,-0.003,0.015,-0.085,9.07,1.91,1107,757,7650,0,0,5113,0.0568,0.019,0.029,-0.071,11.58,4.42,1102,852,5665,0,0,10959,0.1011,0.005,0.013,-0.087,1.77,-5.40,1119,2230,3530,0,0,8172,0.0740,0.029,0.022,-0.078,1.78,-5.38,1117,2782,2745,0,0
36.241,1544.6,444.24,-9.28,-114.52,158.3,0.25,0.83,0.00,1.00,0.00,1.00,4,4172,940.8,1.78,-1.90,-1.36,8.33,6419,1057,6973,0.0819,-0.017,0.006,-0.094,1.29,-5.88,1115,733,1756,0,0,6369,0.0584,0.013,0.007,-0.093,1.50,-5.66,1110,801,1887,0,0,9947,0.0980,-0.026,0.016,-0.084,1.97,-5.20,1126,2376,3649,0,0,8351,0.0739,0.000,0.021,-0.079,1.98,-5.18,1125,2654,3138,0,0
36.361,1549.8,446.03,-9.11,-119.50,158.8,0.19,1.22,0.00,1.00,0.00,1.00,4,4190,943.5,1.79,-1.86,-1.21,25.47,6462,1065,7815,0.0856,0.031,0.004,-0.096,0.53,-6.63,1124,460,4172,0,0,4918,0.0564,-0.017,0.012,-0.088,0.76,-6.41,1112,792,3416,0,0,11278,0.1026,0.039,0.012,-0.088,2.30,-4.87,1132,1922,4576,0,0,7790,0.0734,-0.004,0.026,-0.074,2.34,-4.83,1128,2950,3330,0,0
36.481,1555.2,447.69,-8.95,-124.54,159.8,0.27,0.93,0.10,1.00,0.00,1.00,4,4213,947.1,1.79,-1.75,-1.32,11.78,6547,1078,7302,0.0840,-0.013,0.009,-0.091,5.26,-1.90,1126,750,5619,0,0,6062,0.0578,0.012,0.014,-0.086,6.50,-0.66,1120,828,5383,0,0,10397,0.1003,-0.019,0.016,-0.084,2.44,-4.72,1137,2354,4622,0,0,8074,0.0731,-0.002,0.023,-0.077,2.46,-4.70,1136,2662,3711,0,0
36.601,1560.5,449.17,-8.80,-129.66,160.1,0.17,1.60,0.00,1.00,0.00,1.00,4,4225,948.6,1.79,-1.66,-0.99,31.33,6592,1081,8206,0.0909,0.057,0.003,-0.097,1.20,-5.96,1133,259,5651,0,0,4750,0.0523,-0.045,0.012,-0.088,1.45,-5.71,1119,695,4028,0,0,11643,0.1078,0.063,0.013,-0.087,3.34,-3.82,1143,1857,6582,0,0,7395,0.0692,-0.032,0.031,-0.069,3.41,-3.75,1139,2903,4433,0,0
36.721,1565.8,450.45,-8.65,-134.85,160.6,0.24,1.48,0.31,0.61,0.00,1.00,4,4201,581.3,1.31,-1.51,-0.97,26.25,6650,1088,8622,0.0921,0.010,0.014,-0.086,11.54,4.38,1122,657,9167,0,0,5356,0.0521,-0.002,0.033,-0.067,14.38,7.21,1111,822,5981,0,0,11281,0.1074,-0.003,0.007,-0.093,3.90,-3.26,1138,1011,7350,0,0,7149,0.0665,-0.022,0.022,-0.078,3.97,-3.19,1134,1918,4952,0,0
36.841,1571.2,451.47,-8.52,-140.07,158.9,-0.22,1.96,0.40,0.08,0.00,1.00,4,4014,-91.3,0.32,-1.25,-0.71,34.44,6619,1065,8897,0.1002,0.067,-0.001,-0.099,17.55,10.39,1067,-14,9496,0,0,5017,0.0496,-0.021,0.014,-0.086,21.90,14.74,1030,242,5575,0,0,11043,0.1116,0.035,-0.007,-0.093,5.03,-2.13,1112,-745,8618,0,0,6599,0.0610,-0.046,0.001,-0.099,5.15,-2.01,1094,59,5566,0,0
36.961,1576.4,452.21,-8.39,-145.26,156.4,-0.34,2.06,0.00,1.00,0.00,1.00,4,4106,696.3,1.44,-0.92,-0.64,36.28,6528,1033,9287,0.1069,0.056,0.004,-0.096,3.90,-3.26,1105,397,6236,0,0,5570,0.0519,0.019,0.008,-0.092,4.24,-2.92,1083,453,4209,0,0,11142,0.1090,-0.021,0.009,-0.091,6.44,-0.72,1112,616,9951,0,0,6271,0.0533,-0.064,0.030,-0.070,6.60,-0.56,1108,1557,5972,0,0
37.081,1581.6,452.67,-8.28,-150.46,156.8,0.32,1.90,0.00,1.00,0.00,1.00,4,4150,937.5,1.78,-0.95,-0.76,19.75,6466,1037,7981,0.1008,-0.050,0.009,-0.091,4.76,-2.41,1107,780,6301,0,0,4748,0.0487,-0.027,0.016,-0.084,5.05,-2.11,1100,855,4054,0,0,11376,0.1125,0.029,0.023,-0.077,6.22,-0.95,1123,2325,9901,0,0,7109,0.0604,0.059,0.037,-0.063,6.30,-0.86,1123,2398,6489,0,0
37.201,1586.9,452.87,-8.18,-155.69,157.4,0.31,1.80,0.00,1.00,0.00,1.00,4,4158,938.7,1.78,-0.99,-0.89,7.81,6413,1045,8182,0.0972,-0.030,0.008,-0.092,3.87,-3.29,1108,790,5608,0,0,5304,0.0488,0.001,0.012,-0.088,4.11,-3.05,1106,800,3950,0,0,11332,0.1118,-0.005,0.022,-0.078,4.55,-2.61,1123,2611,8283,0,0,7417,0.0626,0.019,0.028,-0.072,4.57,-2.59,1124,2328,5707,0,0
37.321,1592.1,452.83,-8.09,-160.95,158.1,0.27,1.55,0.26,0.82,0.00,1.00,4,4167,940.1,1.78,-1.01,-1.08,8.89,6424,1054,7759,0.0923,-0.041,0.012,-0.088,7.55,0.39,1110,736,7770,0,0,5159,0.0499,0.009,0.022,-0.078,9.28,2.12,1110,778,5607,0,0,10891,0.1099,-0.016,0.017,-0.083,2.74,-4.42,1125,2527,5361,0,0,7434,0.0675,0.040,0.024,-0.076,2.76,-4.40,1125,2442,3838,0,0
37.441,1597.4,452.57,-8.01,-166.20,157.1,-0.12,1.70,0.41,0.26,0.00,1.00,4,4011,156.3,0.59,-0.80,-1.05,31.12,6408,1041,8852,0.0972,0.040,0.004,-0.096,16.40,9.24,1066,134,9478,0,0,5642,0.0533,0.029,0.024,-0.076,20.79,13.63,1038,437,6228,0,0,10849,0.1069,-0.025,-0.003,-0.097,3.42,-3.74,1104,-428,6351,0,0,6693,0.0622,-0.044,0.009,-0.091,3.49,-3.67,1093,791,4217,0,0
37.561,1602.6,452.05,-7.93,-171.36,154.6,-0.39,1.95,0.42,0.00,0.00,1.00,4,3874,-194.8,0.20,-0.45,-0.87,41.63,6352,1009,9089,0.1036,0.054,-0.004,-0.096,17.95,10.78,1035,-139,9665,0,0,5314,0.0531,-0.001,-0.001,-0.099,22.48,15.32,980,-18,5879,0,0,10897,0.1074,0.004,-0.012,-0.088,5.38,-1.78,1079,-1253,8830,0,0,6118,0.0569,-0.044,-0.002,-0.098,5.53,-1.63,1058,-145,5403,0,0
37.681,1607.7,451.26,-7.87,-176.39,151.6,-0.43,2.16,0.43,0.00,0.00,1.00,4,3761,-190.0,0.20,-0.18,-0.70,43.39,6191,970,9472,0.1101,0.054,-0.004,-0.096,20.11,12.95,1003,-109,9960,0,0,5363,0.0539,0.006,-0.001,-0.099,24.82,17.66,942,-17,5892,0,0,11150,0.1075,0.001,-0.014,-0.086,7.30,0.14,1054,-1214,10442,0,0,6458,0.0508,-0.051,-0.003,-0.097,7.53,0.37,1033,-142,6552,0,0
37.801,1612.6,450.20,-7.82,-181.26,148.3,-0.42,2.26,0.44,0.00,0.00,1.00,4,3642,-184.9,0.20,0.02,-0.60,37.87,5987,929,9209,0.1117,0.014,-0.004,-0.096,22.09,14.93,966,-103,9665,0,0,5153,0.0517,-0.018,-0.002,-0.098,26.96,19.79,906,-26,5646,0,0,11277,0.1099,0.020,-0.015,-0.085,8.53,1.37,1025,-1166,11064,0,0,6030,0.0499,-0.007,-0.004,-0.096,8.77,1.61,1008,-198,6431,0,0
37.921,1617.5,448.87,-7.78,-185.95,144.8,-0.43,2.27,0.46,0.00,0.00,1.00,4,3535,-180.3,0.20,0.17,-0.57,32.27,5727,887,9322,0.1128,0.009,-0.005,-0.095,23.30,16.14,933,-128,9735,0,0,5313,0.0525,0.006,-0.004,-0.096,28.30,21.13,874,-50,5792,0,0,11043,0.1081,-0.015,-0.015,-0.085,8.94,1.78,999,-1084,11000,0,0,6406,0.0475,-0.020,-0.005,-0.095,9.16,1.99,984,-227,6864,0,0
38.041,1622.3,447.28,-7.75,-190.44,141.4,-0.45,2.27,0.47,0.00,0.00,1.00,4,3442,-175.8,0.20,0.25,-0.57,25.67,5464,844,9177,0.1129,0.001,-0.006,-0.094,23.76,16.60,905,-148,9590,0,0,5271,0.0520,-0.004,-0.006,-0.094,28.86,21.70,849,-76,5741,0,0,11345,0.1086,0.005,-0.013,-0.087,8.51,1.34,974,-1052,11139,0,0,6224,0.0478,0.002,-0.006,-0.094,8.67,1.51,962,-276,6615,0,0
38.161,1626.9,445.45,-7.72,-194.71,138.0,-0.48,2.22,0.48,0.00,0.00,1.00,4,3367,-171.9,0.20,0.32,-0.60,21.47,5195,804,9217,0.1122,-0.005,-0.007,-0.093,23.44,16.27,884,-176,9633,0,0,5419,0.0529,0.008,-0.008,-0.092,28.63,21.46,831,-98,5893,0,0,10848,0.1060,-0.022,-0.012,-0.088,7.44,0.28,953,-1001,10335,0,0,5797,0.0459,-0.015,-0.006,-0.094,7.57,0.41,943,-294,5971,0,0
38.281,1631.5,443.40,-7.70,-198.75,134.7,-0.50,2.16,0.49,0.00,0.00,1.00,4,3304,-168.5,0.20,0.30,-0.63,20.97,4930,767,9297,0.1134,0.010,-0.007,-0.093,22.64,15.48,868,-193,9726,0,0,5567,0.0542,0.011,-0.008,-0.092,27.94,20.78,817,-107,6051,0,0,11499,0.1045,-0.013,-0.010,-0.090,6.19,-0.98,934,-1059,10078,0,0,5901,0.0461,0.002,-0.005,-0.095,6.30,-0.87,924,-287,5649,0,0
38.401,1635.9,441.14,-7.68,-202.56,131.7,-0.50,2.06,0.51,0.00,0.00,1.00,4,3242,-165.3,0.20,0.32,-0.72,23.77,4714,732,9091,0.1108,-0.022,-0.007,-0.093,21.93,14.77,854,-192,9558,0,0,5627,0.0554,0.009,-0.007,-0.093,27.33,20.17,802,-101,6120,0,0,10633,0.1038,-0.006,-0.010,-0.090,5.30,-1.87,916,-1025,8671,0,0,5965,0.0471,0.008,-0.004,-0.096,5.40,-1.76,904,-240,5259,0,0
38.521,1640.2,438.71,-7.67,-206.15,128.7,-0.50,2.01,0.52,0.00,0.00,0.72,4,3176,-161.8,0.20,0.32,-0.75,30.89,4503,700,9625,0.1126,0.015,-0.007,-0.093,21.55,14.39,840,-198,10054,0,0,6023,0.0576,0.019,-0.006,-0.094,27.05,19.89,784,-93,6519,0,0,10511,0.1008,-0.024,-0.010,-0.090,5.17,-1.99,899,-1076,8430,0,0,5914,0.0465,-0.004,-0.002,-0.098,5.31,-1.85,883,-152,5145,0,0
38.641,1644.5,436.11,-7.65,-209.48,125.8,-0.47,2.04,0.53,0.13,0.00,0.16,3,3050,-155.0,0.20,0.30,-0.75,34.74,4312,668,9294,0.1104,-0.019,-0.005,-0.095,22.06,14.90,820,-122,9741,0,0,5667,0.0567,-0.008,-0.003,-0.097,27.71,20.54,762,-45,6156,0,0,10901,0.1033,0.021,-0.013,-0.087,5.57,-1.59,875,-1017,9075,0,0,6083,0.0480,0.012,-0.002,-0.098,5.74,-1.42,859,-38,5516,0,0
38.761,1648.6,433.36,-7.63,-212.56,122.8,-0.46,2.04,0.54,0.74,0.00,1.00,3,4034,412.0,1.10,0.38,-0.71,36.92,4135,638,10222,0.1111,0.006,0.013,-0.087,22.77,15.61,813,369,10547,0,0,6342,0.0561,-0.005,0.042,-0.058,28.54,21.38,772,604,6790,0,0,10794,0.1001,-0.027,0.007,-0.093,6.09,-1.07,875,601,9450,0,0,5875,0.0452,-0.024,0.033,-0.067,6.29,-0.87,869,1755,5474,0,0
38.881,1652.7,430.44,-7.61,-215.40,122.0,0.06,2.10,0.54,1.00,0.00,1.00,3,4136,935.3,1.77,0.14,-0.65,37.14,4005,628,8488,0.1080,-0.025,0.044,-0.056,23.36,16.20,828,1012,8914,0,0,4696,0.0507,-0.045,0.112,0.012,29.18,22.02,812,1176,5029,0,0,11959,0.1069,0.057,0.029,-0.071,6.56,-0.60,888,2878,10485,0,0,7023,0.0496,0.037,0.061,-0.039,6.77,-0.39,886,3446,6334,0,0
39.001,1656.7,427.34,-7.59,-218.02,121.7,0.20,2.05,0.54,1.00,0.00,1.00,3,4133,934.7,1.77,0.11,-0.63,34.66,3953,625,8321,0.1019,-0.051,0.047,-0.053,23.69,16.53,825,1047,8745,0,0,4571,0.0457,-0.041,0.117,0.017,29.50,22.34,813,1197,4889,0,0,10988,0.1062,-0.006,0.033,-0.067,6.65,-0.51,887,2898,9806,0,0,6673,0.0500,0.003,0.063,-0.037,6.85,-0.31,886,3331,6062,0,0
39.121,1660.8,424.06,-7.57,-220.39,121.4,0.19,2.08,0.54,1.00,0.00,1.00,3,4114,932.1,1.77,0.03,-0.59,35.16,3897,622,8685,0.1036,0.015,0.044,-0.056,23.71,16.55,821,1012,9089,0,0,4912,0.0462,0.004,0.111,0.011,29.54,22.38,806,1214,5243,0,0,12504,0.1057,-0.004,0.033,-0.067,6.67,-0.50,885,3177,10552,0,0,7577,0.0483,-0.014,0.063,-0.037,6.88,-0.29,883,3804,6784,0,0
39.241,1664.8,420.62,-7.55,-222.52,121.1,0.20,2.07,0.00,1.00,0.00,1.00,3,4161,937.9,1.78,0.07,-0.58,32.83,3904,619,8558,0.1007,-0.024,-0.007,-0.093,3.50,-3.66,852,-547,8898,0,0,4843,0.0445,-0.014,-0.003,-0.097,3.83,-3.33,831,-9,5450,0,0,11192,0.1076,0.016,0.029,-0.071,6.41,-0.75,879,2766,9832,0,0,6233,0.0498,0.013,0.058,-0.042,6.60,-0.56,879,3041,5648,0,0
39.361,1668.9,417.04,-7.54,-224.43,122.5,0.52,1.71,0.00,1.00,0.00,1.00,3,4243,951.6,1.80,0.00,-0.78,17.56,3944,633,8256,0.0958,-0.041,0.010,-0.090,3.66,-3.50,868,1029,5385,0,0,5435,0.0456,0.009,0.017,-0.083,3.93,-3.23,861,1138,3881,0,0,10930,0.1042,-0.028,0.031,-0.069,5.29,-1.87,887,3240,8746,0,0,7108,0.0539,0.034,0.048,-0.052,5.37,-1.79,887,3225,5887,0,0
39.481,1673.0,413.30,-7.52,-226.15,124.2,0.50,1.45,0.00,1.00,0.00,1.00,3,4283,957.7,1.81,-0.21,-1.07,4.84,3988,651,7173,0.0888,-0.058,0.010,-0.090,2.54,-4.62,877,1043,3526,0,0,5176,0.0467,0.009,0.014,-0.086,2.76,-4.41,876,1031,2804,0,0,10796,0.1034,-0.006,0.026,-0.074,3.09,-4.07,890,3510,5945,0,0,7958,0.0614,0.062,0.031,-0.069,3.10,-4.06,891,3222,4544,0,0
39.601,1677.2,409.44,-7.51,-227.74,125.8,0.43,1.23,0.34,1.00,0.00,1.00,3,4334,965.5,1.82,-0.24,-1.29,17.12,4074,668,7506,0.0836,-0.044,0.019,-0.081,9.67,2.51,889,928,7970,0,0,5121,0.0501,0.029,0.039,-0.061,12.40,5.24,885,1029,5692,0,0,10425,0.0971,-0.053,0.020,-0.080,1.90,-5.26,902,3149,3614,0,0,7646,0.0636,0.019,0.033,-0.067,1.92,-5.24,901,3673,2746,0,0
39.721,1681.4,405.47,-7.49,-229.15,127.0,0.38,1.32,0.00,1.00,0.00,1.00,3,4383,973.1,1.83,-0.19,-1.19,27.15,4173,681,7350,0.0873,0.031,0.008,-0.092,0.97,-6.20,903,986,1203,0,0,5425,0.0501,0.000,0.013,-0.087,1.20,-5.96,887,1188,1161,0,0,10751,0.0985,0.012,0.021,-0.079,3.30,-3.86,915,2733,6097,0,0,8087,0.0613,-0.019,0.040,-0.060,3.38,-3.78,911,3947,4721,0,0
39.841,1685.6,401.40,-7.47,-230.43,128.9,0.51,0.99,0.00,1.00,0.00,1.00,3,4446,982.9,1.85,-0.20,-1.45,8.61,4289,702,7105,0.0810,-0.052,0.009,-0.091,1.65,-5.51,911,1047,2299,0,0,5707,0.0534,0.028,0.012,-0.088,1.87,-5.29,907,1100,2116,0,0,10037,0.0951,-0.028,0.025,-0.075,2.47,-4.69,925,3383,4561,0,0,7961,0.0661,0.040,0.032,-0.068,2.49,-4.67,925,3484,3715,0,0
39.961,1690.0,397.23,-7.46,-231.62,130.9,0.50,0.75,0.00,1.00,0.00,1.00,3,4508,991.8,1.86,-0.30,-1.67,1.77,4396,724,6786,0.0776,-0.028,0.009,-0.091,1.01,-6.16,923,1062,1390,0,0,5959,0.0564,0.025,0.010,-0.090,1.21,-5.95,923,1060,1475,0,0,9758,0.0921,-0.025,0.024,-0.076,1.27,-5.90,937,3593,2391,0,0,8493,0.0707,0.038,0.026,-0.074,1.27,-5.89,937,3438,2117,0,0
40.081,1694.4,392.96,-7.44,-232.71,132.5,0.41,1.00,0.40,1.00,0.00,1.00,3,4567,993.3,1.87,-0.27,-1.56,26.40,4511,741,7580,0.0783,0.005,0.022,-0.078,11.00,3.84,938,943,8159,0,0,5464,0.0545,-0.015,0.048,-0.052,14.34,7.18,930,1190,6038,0,0,10479,0.0935,0.012,0.018,-0.082,1.58,-5.58,952,2922,2931,0,0,7461,0.0697,-0.008,0.036,-0.064,1.62,-5.55,949,3987,2171,0,0
40.201,1698.8,388.63,-7.43,-233.60,133.1,0.26,1.60,0.50,1.00,0.00,1.00,3,4570,993.4,1.87,-0.08,-0.98,47.27,4602,748,8677,0.0892,0.091,0.038,-0.062,19.02,11.85,929,1099,9193,0,0,4798,0.0489,-0.047,0.101,0.001,24.30,17.14,915,1308,5167,0,0,11375,0.1002,0.055,0.021,-0.079,4.22,-2.94,967,2631,7670,0,0,6694,0.0598,-0.082,0.056,-0.044,4.39,-2.77,963,3916,4654,0,0
40.321,1703.3,384.22,-7.42,-234.26,134.2,0.44,1.72,0.00,1.00,0.00,1.00,3,4662,995.5,1.90,0.08,-0.71,36.68,4704,760,7774,0.0928,0.030,0.010,-0.090,3.26,-3.91,957,1060,4473,0,0,4756,0.0444,-0.038,0.020,-0.080,3.56,-3.60,938,1260,3061,0,0,11146,0.1051,0.041,0.032,-0.068,6.19,-0.97,977,3017,9586,0,0,7156,0.0567,-0.026,0.061,-0.039,6.38,-0.79,976,3622,6256,0,0
40.441,1707.8,379.74,-7.42,-234.68,135.5,0.53,1.80,0.29,1.00,0.00,1.00,3,4709,996.5,1.91,0.11,-0.67,24.27,4769,775,8124,0.0917,-0.009,0.025,-0.075,10.98,3.82,960,1202,8562,0,0,4574,0.0436,-0.007,0.050,-0.050,13.25,6.09,957,1166,5069,0,0,11357,0.1061,0.009,0.033,-0.067,5.63,-1.54,984,3451,9279,0,0,7197,0.0572,0.004,0.054,-0.046,5.73,-1.43,984,3505,6064,0,0
40.561,1712.3,375.21,-7.43,-234.83,136.6,0.45,1.87,0.00,1.00,0.00,1.00,3,4736,997.1,1.91,0.17,-0.53,21.81,4845,787,7847,0.0939,0.018,0.011,-0.089,3.40,-3.76,969,1089,4794,0,0,4753,0.0414,-0.018,0.019,-0.081,3.67,-3.49,961,1198,3204,0,0,11304,0.1089,0.023,0.031,-0.069,5.20,-1.97,989,3387,8853,0,0,7159,0.0565,-0.006,0.049,-0.051,5.29,-1.88,989,3404,5814,0,0
40.681,1716.9,370.63,-7.44,-234.74,138.3,0.54,1.48,0.00,1.00,0.00,1.00,3,4781,998.0,1.92,0.18,-0.81,8.20,4935,808,7496,0.0889,-0.042,0.011,-0.089,2.89,-4.27,978,1107,4079,0,0,5343,0.0460,0.038,0.015,-0.085,3.11,-4.05,976,1122,3183,0,0,10662,0.1045,-0.037,0.029,-0.071,3.65,-3.51,995,3592,6654,0,0,7586,0.0608,0.037,0.036,-0.064,3.67,-3.49,997,3303,4910,0,0
40.801,1721.5,365.98,-7.45,-234.47,140.3,0.52,1.08,0.00,1.00,0.00,1.00,3,4831,999.0,1.94,0.11,-1.18,1.07,5035,831,6873,0.0832,-0.048,0.010,-0.090,1.69,-5.47,989,1090,2325,0,0,5702,0.0511,0.042,0.012,-0.088,1.89,-5.27,990,1068,2179,0,0,10322,0.1003,-0.035,0.025,-0.075,1.90,-5.26,1003,3720,3676,0,0,8512,0.0682,0.061,0.024,-0.076,1.90,-5.26,1004,3457,3091,0,0
40.921,1726.2,361.28,-7.47,-234.09,142.4,0.50,0.46,0.00,1.00,0.00,1.00,3,4900,1000.1,1.95,0.07,-1.72,-7.71,5173,856,6217,0.0753,-0.066,0.012,-0.088,-2.88,-4.28,1003,1101,-3400,0,0,6775,0.0595,0.070,0.009,-0.091,-1.84,-5.32,1006,993,-2448,0,0,9088,0.0924,-0.066,0.026,-0.074,0.63,-6.54,1017,3773,1178,0,0,9260,0.0758,0.063,0.022,-0.078,0.62,-6.54,1019,3296,1197,0,0
41.041,1731.0,356.51,-7.48,-233.68,144.5,0.50,0.09,0.00,1.00,0.00,1.00,3,4971,1001.2,1.97,-0.05,-2.18,-4.93,5313,881,6085,0.0685,-0.057,0.010,-0.090,-0.19,-6.98,1017,1088,-195,0,0,6611,0.0668,0.061,0.009,-0.091,0.02,-7.15,1020,1049,63,0,0,9094,0.0861,-0.052,0.025,-0.075,-0.44,-6.72,1032,3664,-744,0,0,9594,0.0845,0.073,0.022,-0.078,-0.44,-6.72,1033,3407,-779,0,0
41.161,1735.9,351.67,-7.49,-233.27,146.6,0.50,-0.09,0.00,1.00,0.00,1.00,3,5043,1002.2,1.99,-0.09,-2.37,-1.42,5470,907,6257,0.0655,-0.025,0.010,-0.090,-0.49,-6.67,1033,1084,-616,0,0,6800,0.0704,0.030,0.009,-0.091,-0.29,-6.88,1033,1070,-387,0,0,8996,0.0835,-0.022,0.024,-0.076,-0.50,-6.66,1048,3515,-864,0,0,9562,0.0875,0.025,0.023,-0.077,-0.50,-6.67,1048,3538,-912,0,0
41.281,1740.8,346.76,-7.50,-232.84,148.5,0.46,0.30,0.24,1.00,0.00,1.00,3,5114,1003.1,2.00,-0.13,-2.12,19.30,5610,931,7280,0.0695,0.034,0.017,-0.083,7.88,0.72,1052,949,7215,0,0,5660,0.0677,-0.022,0.032,-0.068,10.53,3.37,1045,1109,6121,0,0,10203,0.0875,0.033,0.018,-0.082,0.25,-6.91,1063,3076,340,0,0,8547,0.0857,-0.015,0.029,-0.071,0.25,-6.91,1060,4014,292,0,0
41.401,1745.8,341.81,-7.51,-232.31,150.4,0.47,0.68,0.00,1.00,0.00,1.00,3,5181,1003.8,2.02,-0.06,-1.65,16.86,5768,955,7239,0.0769,0.062,0.008,-0.092,0.81,-6.36,1065,1034,1060,0,0,5893,0.0614,-0.053,0.011,-0.089,1.02,-6.14,1056,1169,1135,0,0,10223,0.0949,0.062,0.021,-0.079,2.08,-5.08,1079,3111,3872,0,0,8506,0.0785,-0.060,0.031,-0.069,2.11,-5.05,1077,3829,3297,0,0
41.521,1750.9,336.79,-7.51,-231.67,152.4,0.50,0.73,0.00,1.00,0.00,1.00,3,5247,1004.5,2.03,-0.11,-1.54,5.20,5906,981,7136,0.0789,0.017,0.009,-0.091,1.15,-6.01,1076,1077,1622,0,0,5845,0.0602,-0.009,0.011,-0.089,1.36,-5.80,1074,1095,1598,0,0,10335,0.0974,0.021,0.023,-0.077,1.63,-5.53,1090,3520,3151,0,0,8680,0.0788,0.002,0.026,-0.074,1.63,-5.53,1090,3503,2708,0,0
41.641,1756.0,331.72,-7.51,-230.94,154.5,0.49,0.59,0.09,1.00,0.00,1.00,3,5314,1005.0,2.05,-0.15,-1.63,2.75,6057,1007,7001,0.0772,-0.014,0.011,-0.089,3.84,-3.32,1089,1030,4126,0,0,6174,0.0623,0.017,0.014,-0.086,4.94,-2.22,1089,1037,4488,0,0,10067,0.0968,-0.005,0.022,-0.078,0.87,-6.29,1103,3579,1688,0,0,8870,0.0809,0.018,0.024,-0.076,0.88,-6.29,1104,3468,1511,0,0
41.761,1761.2,326.62,-7.52,-230.06,155.8,0.37,1.25,0.00,1.00,0.00,1.00,3,5379,1005.3,2.06,-0.10,-1.18,34.97,6186,1025,8241,0.0854,0.068,0.007,-0.093,-0.04,-7.12,1109,776,4538,0,0,5093,0.0571,-0.043,0.019,-0.081,0.17,-6.99,1095,1267,3744,0,0,11261,0.1029,0.051,0.017,-0.083,2.37,-4.79,1120,2723,4624,0,0,7556,0.0747,-0.052,0.038,-0.062,2.43,-4.73,1116,3970,3251,0,0
41.881,1766.4,321.50,-7.52,-229.02,157.7,0.51,0.96,0.00,1.00,0.00,1.00,3,5439,1005.6,2.08,-0.07,-1.16,14.02,6343,1050,7472,0.0852,-0.001,0.009,-0.091,1.91,-5.26,1116,1074,2716,0,0,5689,0.0572,0.000,0.013,-0.087,2.14,-5.02,1109,1161,2363,0,0,10741,0.1042,0.011,0.024,-0.076,2.96,-4.20,1132,3315,5600,0,0,8332,0.0753,0.005,0.033,-0.067,2.99,-4.17,1131,3584,4476,0,0
42.001,1771.7,316.34,-7.52,-227.82,159.6,0.50,0.99,0.00,1.00,0.00,1.00,3,5497,1005.8,2.09,-0.14,-1.21,3.71,6467,1076,7230,0.0844,-0.007,0.009,-0.091,1.61,-5.56,1126,1099,2290,0,0,5772,0.0578,0.005,0.012,-0.088,1.82,-5.34,1126,1091,2104,0,0,10827,0.1042,0.000,0.023,-0.077,1.98,-5.18,1142,3670,3961,0,0,8624,0.0775,0.019,0.027,-0.073,1.99,-5.18,1143,3400,3252,0,0
42.121,1777.0,311.15,-7.52,-226.49,161.6,0.48,0.77,0.17,1.00,0.00,1.00,3,5567,1003.5,2.11,-0.19,-1.40,5.97,6608,1102,7140,0.0812,-0.027,0.011,-0.089,3.58,-3.58,1141,1014,4673,0,0,5993,0.0612,0.029,0.016,-0.084,4.61,-2.55,1140,1068,4782,0,0,10438,0.1017,-0.021,0.021,-0.079,1.08,-6.08,1156,3529,2121,0,0,13380,0.0809,0.028,0.029,-0.071,1.09,-6.07,1152,5240,2454,0,0
42.241,1782.5,305.95,-7.53,-224.99,162.7,0.35,1.38,0.00,1.00,0.00,1.00,3,5617,1001.3,2.12,-0.12,-0.98,36.73,6744,1118,8286,0.0890,0.065,0.007,-0.093,0.37,-6.80,1158,722,4900,0,0,5049,0.0566,-0.039,0.019,-0.081,0.60,-6.57,1144,1219,3870,0,0,11747,0.1078,0.051,0.017,-0.083,2.80,-4.36,1169,2693,5613,0,0,7869,0.0754,-0.046,0.038,-0.062,2.87,-4.29,1166,3963,3944,0,0
42.361,1787.9,300.75,-7.53,-223.31,164.6,0.50,1.12,0.00,1.00,0.00,1.00,3,5675,998.8,2.13,-0.10,-0.96,15.34,6890,1143,7582,0.0884,-0.004,0.009,-0.091,2.31,-4.85,1164,1077,3302,0,0,5454,0.0563,-0.003,0.014,-0.086,2.55,-4.61,1158,1151,2676,0,0,11378,0.1084,0.006,0.024,-0.076,3.42,-3.75,1181,3338,6626,0,0,8615,0.0762,0.007,0.034,-0.066,3.45,-3.71,1180,3580,5191,0,0
42.481,1793.4,295.55,-7.53,-221.45,166.4,0.49,1.14,0.00,1.00,0.00,1.00,3,5728,996.4,2.15,-0.14,-1.01,4.07,7017,1168,7318,0.0872,-0.010,0.009,-0.091,1.96,-5.20,1173,1098,2801,0,0,5615,0.0565,0.002,0.012,-0.088,2.18,-4.98,1173,1081,2428,0,0,11021,0.1090,0.005,0.023,-0.077,2.36,-4.80,1190,3594,4720,0,0,8701,0.0783,0.017,0.027,-0.073,2.36,-4.80,1191,3338,3845,0,0
42.601,1799.0,290.35,-7.53,-219.44,168.3,0.47,0.78,0.00,1.00,0.00,1.00,3,5780,993.7,2.16,-0.20,-1.27,-0.32,7152,1195,7067,0.0834,-0.032,0.006,-0.094,1.09,-6.07,1181,1416,1535,0,0,6304,0.0609,0.037,0.010,-0.090,1.31,-5.85,1187,1079,1675,0,0,10546,0.1054,-0.030,0.022,-0.078,1.21,-5.96,1201,3607,2420,0,0,9350,0.0829,0.039,0.022,-0.078,1.21,-5.96,1202,3342,2181,0,0
42.721,1804.7,285.12,-7.54,-217.31,170.0,0.42,0.82,0.32,1.00,0.00,1.00,3,5848,990.8,2.18,-0.21,-1.35,18.02,7298,1220,7476,0.0816,-0.015,0.018,-0.082,8.70,1.54,1201,986,7689,0,0,5914,0.0630,0.017,0.033,-0.067,11.31,4.15,1196,1133,6454,0,0,10926,0.1040,-0.012,0.018,-0.082,1.09,-6.07,1215,3148,2143,0,0,8559,0.0848,0.015,0.028,-0.072,1.11,-6.05,1213,3759,1737,0,0
42.841,1810.4,279.92,-7.54,-215.00,171.2,0.37,1.31,0.00,1.00,0.00,1.00,3,5904,988.0,2.19,-0.11,-0.89,30.04,7455,1237,7830,0.0902,0.072,0.008,-0.092,1.55,-5.61,1215,1019,2201,0,0,5455,0.0573,-0.047,0.014,-0.086,1.80,-5.36,1199,1216,1846,0,0,11356,0.1107,0.056,0.021,-0.079,3.50,-3.66,1231,2863,6669,0,0,8330,0.0779,-0.057,0.038,-0.062,3.56,-3.60,1228,3806,5064,0,0
42.961,1816.1,274.75,-7.55,-212.52,172.9,0.48,1.26,0.00,1.00,0.00,1.00,3,5961,985.0,2.20,-0.09,-0.85,11.79,7585,1262,7825,0.0899,-0.002,0.009,-0.091,2.54,-4.63,1221,1080,3727,0,0,5570,0.0570,-0.003,0.014,-0.086,2.77,-4.39,1218,1121,2963,0,0,11304,0.1117,0.009,0.024,-0.076,3.39,-3.78,1240,3391,6553,0,0,8339,0.0781,0.002,0.032,-0.068,3.41,-3.75,1240,3359,5020,0,0
43.081,1821.9,269.60,-7.55,-209.84,174.6,0.47,1.14,0.00,1.00,0.00,1.00,3,6009,982.4,2.21,-0.13,-0.92,2.31,7707,1287,7323,0.0883,-0.013,0.009,-0.091,1.92,-5.24,1231,1089,2746,0,0,5699,0.0573,0.002,0.012,-0.088,2.14,-5.02,1232,1056,2418,0,0,11040,0.1118,0.001,0.023,-0.077,2.20,-4.97,1247,3589,4439,0,0,8791,0.0807,0.022,0.025,-0.075,2.20,-4.96,1249,3245,3641,0,0
43.201,1827.7,264.47,-7.56,-207.03,176.5,0.46,0.74,0.00,1.00,0.00,1.00,3,6062,979.5,2.23,-0.17,-1.23,-0.99,7834,1315,6963,0.0840,-0.036,0.009,-0.091,0.99,-6.17,1243,1068,1401,0,0,6286,0.0628,0.046,0.010,-0.090,1.21,-5.95,1244,1037,1549,0,0,10743,0.1071,-0.039,0.021,-0.079,1.07,-6.10,1257,3551,2207,0,0,9650,0.0859,0.043,0.021,-0.079,1.06,-6.10,1258,3269,1992,0,0
43.321,1833.7,259.31,-7.57,-204.12,178.4,0.45,0.37,0.00,1.00,0.00,1.00,3,6127,975.8,2.24,-0.19,-1.58,-1.55,7999,1343,6491,0.0779,-0.051,0.009,-0.091,0.32,-6.84,1256,1050,434,0,0,6865,0.0674,0.039,0.009,-0.091,0.54,-6.63,1257,1067,757,0,0,9937,0.1021,-0.042,0.021,-0.079,0.35,-6.81,1271,3474,683,0,0,9706,0.0915,0.046,0.021,-0.079,0.35,-6.81,1272,3322,669,0,0
43.441,1839.6,254.12,-7.58,-201.16,180.2,0.44,0.14,0.00,0.00,0.00,1.00,3,6189,972.1,2.26,-0.24,-1.80,-0.95,8152,1371,6345,0.0750,-0.024,0.009,-0.091,-0.05,-7.11,1270,1036,-58,0,0,6498,0.0718,0.036,0.009,-0.091,0.17,-6.99,1270,1030,231,0,0,10037,0.0995,-0.022,0.020,-0.080,0.01,-7.15,1284,3411,24,0,0,10132,0.0963,0.040,0.020,-0.080,0.01,-7.15,1284,3366,24,0,0
43.561,1845.7,248.90,-7.59,-198.17,179.7,-0.12,0.04,0.00,0.00,0.00,1.00,3,6051,-282.3,0.20,-0.11,-1.91,-0.41,8223,1364,7271,0.0768,0.015,-0.003,-0.097,-0.21,-6.95,1251,-399,-299,0,0,7454,0.0775,0.047,-0.003,-0.097,0.02,-7.14,1251,-402,39,0,0,9142,0.0940,-0.046,-0.008,-0.092,-0.11,-7.05,1244,-1266,-199,0,0,9289,0.0940,-0.019,-0.008,-0.092,-0.11,-7.05,1245,-1289,-202,0,0
43.681,1851.6,243.74,-7.59,-195.20,178.3,-0.34,0.01,0.00,0.00,0.00,1.00,3,6002,-280.7,0.20,0.04,-1.94,-0.07,8229,1341,7097,0.0800,0.027,-0.003,-0.097,-0.26,-6.91,1241,-393,-366,0,0,7224,0.0814,0.033,-0.003,-0.097,-0.01,-7.15,1241,-395,-20,0,0,9176,0.0907,-0.027,-0.008,-0.092,-0.14,-7.02,1235,-1268,-248,0,0,9332,0.0922,-0.015,-0.008,-0.092,-0.14,-7.02,1235,-1279,-252,0,0
43.801,1857.5,238.61,-7.60,-192.25,176.9,-0.34,0.00,0.00,0.00,0.00,1.00,3,5956,-279.1,0.20,0.07,-1.93,0.12,8128,1320,7271,0.0822,0.018,-0.003,-0.097,-0.27,-6.90,1231,-395,-387,0,0,7346,0.0840,0.022,-0.003,-0.097,-0.02,-7.15,1231,-395,-24,0,0,9401,0.0889,-0.015,-0.008,-0.092,-0.14,-7.03,1225,-1274,-250,0,0,9512,0.0908,-0.012,-0.008,-0.092,-0.14,-7.03,1225,-1276,-253,0,0
43.921,1863.4,233.52,-7.60,-189.32,175.4,-0.33,0.01,0.00,1.00,0.00,1.00,3,5907,-277.5,0.20,0.11,-1.91,0.19,8020,1299,7027,0.0810,-0.010,-0.003,-0.097,-0.26,-6.91,1221,-390,-362,0,0,7447,0.0830,-0.008,-0.003,-0.097,-0.01,-7.15,1221,-398,-14,0,0,8960,0.0883,-0.005,-0.008,-0.092,-0.12,-7.04,1215,-1260,-215,0,0,9039,0.0899,-0.007,-0.008,-0.092,-0.12,-7.04,1215,-1257,-216,0,0
44.041,1869.3,228.44,-7.61,-186.40,176.4,0.22,0.01,0.00,1.00,0.00,1.00,3,6060,979.6,2.23,-0.05,-1.89,0.29,7987,1313,6153,0.0784,-0.021,0.009,-0.091,-0.24,-6.92,1243,1008,-303,0,0,6215,0.0800,-0.026,0.009,-0.091,0.00,-7.16,1243,1006,-4,0,0,9955,0.0919,0.030,0.021,-0.079,-0.11,-7.05,1257,3402,-211,0,0,10042,0.0934,0.029,0.021,-0.079,-0.11,-7.05,1257,3436,-213,0,0
44.161,1875.2,223.32,-7.62,-183.45,178.3,0.45,0.02,0.00,1.00,0.00,1.00,3,6125,975.9,2.24,-0.18,-1.87,0.33,8033,1342,6538,0.0736,-0.041,0.009,-0.091,-0.22,-6.94,1256,1039,-296,0,0,6616,0.0752,-0.039,0.009,-0.091,0.00,-7.16,1256,1046,1,0,0,9787,0.0945,0.021,0.021,-0.079,-0.10,-7.07,1271,3382,-181,0,0,9838,0.0955,0.018,0.021,-0.079,-0.10,-7.07,1271,3412,-182,0,0
44.281,1881.1,218.14,-7.62,-180.47,179.5,0.28,0.02,0.00,0.00,0.00,1.00,3,6052,-282.4,0.20,-0.20,-1.85,0.26,8124,1360,6518,0.0721,-0.012,-0.002,-0.098,-0.21,-6.95,1250,-216,-282,0,0,6580,0.0733,-0.016,-0.002,-0.098,0.01,-7.16,1250,-217,8,0,0,9719,0.0963,0.016,-0.006,-0.094,-0.09,-7.08,1245,-794,-165,0,0,9801,0.0975,0.017,-0.005,-0.095,-0.09,-7.08,1245,-789,-166,0,0
44.401,1887.1,212.99,-7.63,-177.50,177.1,-0.55,0.02,0.00,0.00,1.00,1.00,3,5339,-259.8,0.20,0.03,-1.83,0.18,8094,1324,7731,0.0787,0.055,-0.135,0.035,-0.22,-6.94,1083,-8190,-232,1755,1,7758,0.0799,0.055,-0.134,0.034,0.02,-7.14,1085,-8226,19,1755,1,8926,0.0903,-0.050,-0.087,-0.013,-0.09,-7.08,1143,-8070,-132,3150,0,8983,0.0915,-0.050,-0.086,-0.014,-0.09,-7.08,1143,-8106,-133,3150,0
44.521,1892.8,208.04,-7.64,-174.65,167.1,-2.36,-0.17,-0.24,0.00,1.00,1.00,3,4956,-238.5,0.20,0.70,-1.93,-8.98,7687,1181,8439,0.0929,0.118,-0.129,0.029,-8.03,0.86,1006,-6619,-6267,1755,1,9754,0.0972,0.144,-0.116,0.016,-6.01,-1.15,1008,-8202,-6032,5850,0,6295,0.0729,-0.145,-0.107,0.007,-0.33,-6.83,1021,-6673,-278,3150,0,7320,0.0766,-0.124,-0.107,0.007,-0.33,-6.83,1024,-7629,-320,3150,0
44.641,1898.2,203.32,-7.65,-172.00,160.6,-1.52,-0.48,0.00,0.00,0.00,1.00,3,5407,-260.1,0.20,0.77,-2.20,-12.14,7197,1092,7326,0.0940,0.009,-0.003,-0.097,-1.09,-6.07,1113,-382,-1520,0,0,8362,0.1066,0.078,-0.003,-0.097,-0.78,-6.38,1123,-405,-1209,0,0,7735,0.0646,-0.069,-0.007,-0.093,-1.75,-5.42,1109,-926,-2584,0,0,9036,0.0771,0.004,-0.010,-0.090,-1.73,-5.43,1115,-1453,-2938,0,0
44.761,1903.5,198.64,-7.65,-169.44,159.4,-0.29,-0.55,0.00,0.00,0.00,1.00,3,5365,-258.3,0.20,0.37,-2.31,-4.25,6817,1072,6349,0.0787,-0.127,-0.003,-0.097,-1.39,-5.77,1107,-358,-1758,0,0,7596,0.0955,-0.092,-0.003,-0.097,-1.12,-6.04,1111,-378,-1676,0,0,8178,0.0719,0.061,-0.008,-0.092,-1.56,-5.60,1102,-1060,-2483,0,0,9701,0.0880,0.091,-0.008,-0.092,-1.55,-5.61,1105,-1315,-2873,0,0
44.881,1908.8,193.97,-7.66,-166.97,158.1,-0.30,-0.45,0.00,0.00,0.00,1.00,3,5322,-256.5,0.20,0.15,-2.26,-0.62,6577,1054,6539,0.0738,-0.042,-0.003,-0.097,-1.07,-6.10,1100,-359,-1411,0,0,7289,0.0891,-0.053,-0.003,-0.097,-0.82,-6.34,1101,-368,-1205,0,0,8570,0.0761,0.035,-0.008,-0.092,-1.00,-6.16,1094,-1142,-1698,0,0,9638,0.0914,0.029,-0.008,-0.092,-1.00,-6.16,1095,-1228,-1880,0,0
45.001,1914.1,189.31,-7.66,-164.55,156.8,-0.30,-0.25,-0.08,0.00,0.00,1.00,3,5279,-254.7,0.20,0.17,-2.08,0.43,6456,1037,6918,0.0733,-0.004,-0.003,-0.097,-0.69,-6.47,1091,-366,-977,0,0,7212,0.0840,-0.043,-0.003,-0.097,-0.46,-6.70,1091,-370,-675,0,0,8341,0.0766,0.004,-0.008,-0.092,-0.56,-6.60,1086,-1163,-932,0,0,8792,0.0866,-0.040,-0.008,-0.092,-0.56,-6.60,1086,-1174,-977,0,0
45.121,1919.3,184.67,-7.66,-162.23,155.1,-0.37,-0.93,0.00,0.00,0.00,1.00,3,5150,-249.2,0.20,0.12,-2.46,-31.92,6331,1015,5164,0.0685,-0.040,-0.003,-0.097,-14.61,7.44,1033,-52,-5831,0,0,8929,0.0899,0.049,-0.007,-0.093,-11.23,4.06,1066,-301,-9495,0,0,7080,0.0707,-0.049,-0.004,-0.096,-1.94,-5.22,1066,-514,-2539,0,0,10449,0.0921,0.046,-0.011,-0.089,-1.90,-5.26,1082,-1791,-3499,0,0
45.241,1924.4,180.01,-7.67,-160.07,153.6,-0.30,-0.92,0.00,0.00,0.00,1.00,3,5159,-249.6,0.20,0.09,-2.68,-19.07,6238,995,6057,0.0640,-0.037,-0.004,-0.096,-2.31,-4.85,1060,-337,-2670,0,0,8101,0.0930,0.026,-0.003,-0.097,-2.04,-5.12,1075,-373,-3088,0,0,7231,0.0651,-0.047,-0.008,-0.092,-3.52,-3.64,1055,-729,-4607,0,0,9789,0.0933,0.010,-0.012,-0.088,-3.47,-3.69,1065,-1503,-5938,0,0
45.361,1929.5,175.34,-7.66,-158.05,152.2,-0.27,-1.07,0.00,1.00,0.00,1.00,3,5153,179.2,0.80,0.01,-2.75,-7.34,6111,977,5437,0.0626,-0.011,0.000,-0.100,-2.46,-4.70,1059,-30,-2624,0,0,7522,0.0937,0.006,0.000,-0.100,-2.21,-4.95,1064,-32,-3198,0,0,7499,0.0650,-0.001,0.004,-0.096,-2.88,-4.29,1064,297,-4070,0,0,10218,0.0963,0.024,0.001,-0.099,-2.86,-4.30,1066,-45,-5313,0,0
45.481,1934.6,170.61,-7.66,-156.14,153.6,0.37,-0.81,0.00,0.00,0.00,1.00,3,5256,561.0,1.42,-0.11,-2.59,-1.24,6112,996,5778,0.0594,-0.026,0.007,-0.093,-1.78,-5.38,1079,750,-2068,0,0,7018,0.0867,-0.059,0.006,-0.094,-1.56,-5.61,1079,740,-2176,0,0,8336,0.0697,0.039,0.017,-0.083,-1.78,-5.38,1089,2348,-2888,0,0,10052,0.0961,-0.001,0.015,-0.085,-1.78,-5.38,1088,2505,-3400,0,0
45.601,1939.7,165.84,-7.65,-154.31,152.7,-0.19,-0.48,0.00,0.00,0.00,1.00,3,5142,-248.8,0.20,-0.10,-2.27,0.93,6050,985,6226,0.0648,0.045,-0.003,-0.097,-1.06,-6.10,1063,-340,-1352,0,0,6704,0.0824,-0.036,-0.003,-0.097,-0.84,-6.32,1063,-346,-1152,0,0,8439,0.0746,0.041,-0.008,-0.092,-0.90,-6.26,1058,-1142,-1520,0,0,9276,0.0923,-0.031,-0.007,-0.093,-0.90,-6.26,1058,-1152,-1653,0,0
45.721,1944.8,161.09,-7.65,-152.54,151.5,-0.29,-0.21,0.00,0.00,0.00,1.00,3,5101,-247.1,0.20,0.07,-1.97,0.82,6014,969,7055,0.0712,0.053,-0.003,-0.097,-0.60,-6.57,1055,-361,-860,0,0,7182,0.0808,-0.014,-0.003,-0.097,-0.37,-6.79,1054,-362,-546,0,0,8268,0.0746,0.000,-0.008,-0.092,-0.44,-6.73,1049,-1147,-725,0,0,8514,0.0834,-0.075,-0.008,-0.092,-0.44,-6.73,1049,-1130,-745,0,0
45.841,1949.8,156.38,-7.65,-150.80,150.3,-0.29,-0.08,0.00,0.00,0.00,1.00,3,5061,-245.4,0.20,0.09,-1.80,0.56,5932,953,6451,0.0748,0.030,-0.003,-0.097,-0.37,-6.79,1046,-341,-496,0,0,6497,0.0793,-0.012,-0.003,-0.097,-0.14,-7.02,1046,-341,-193,0,0,8699,0.0773,0.023,-0.007,-0.093,-0.22,-6.94,1041,-1143,-389,0,0,8830,0.0818,-0.013,-0.007,-0.093,-0.22,-6.94,1041,-1128,-395,0,0
45.961,1954.8,151.70,-7.65,-149.08,149.1,-0.28,-0.06,-0.10,0.00,0.00,1.00,3,5015,-243.5,0.20,0.17,-1.75,-2.00,5849,938,6905,0.0753,0.004,-0.001,-0.099,-5.02,-2.14,1034,-129,-4873,0,0,7225,0.0784,-0.008,-0.003,-0.097,-3.75,-3.41,1036,-264,-3956,0,0,8240,0.0764,-0.008,-0.007,-0.093,-0.15,-7.01,1032,-1049,-240,0,0,8555,0.0787,-0.026,-0.008,-0.092,-0.15,-7.01,1033,-1160,-248,0,0
46.081,1959.7,147.04,-7.65,-147.47,147.2,-0.40,-1.08,-0.45,0.00,0.00,1.00,3,4859,-236.9,0.20,0.09,-2.43,-39.90,5728,915,4769,0.0662,-0.076,0.012,-0.088,-19.90,12.74,962,172,-5363,0,0,8178,0.0897,0.094,0.000,-0.100,-15.37,8.21,1005,-10,-8863,0,0,6659,0.0664,-0.084,-0.003,-0.097,-2.54,-4.62,1009,-357,-3089,0,0,10567,0.0900,0.094,-0.011,-0.089,-2.47,-4.69,1030,-1745,-4518,0,0
46.201,1964.6,142.39,-7.64,-146.07,144.5,-0.47,-1.69,0.00,0.00,0.00,1.00,3,4674,-228.9,0.20,0.07,-3.15,-51.20,5613,882,5053,0.0548,-0.095,-0.003,-0.097,-23.84,16.68,900,-47,-5588,0,0,9382,0.1013,0.097,-0.006,-0.094,-18.94,11.78,965,-179,-9909,0,0,5487,0.0519,-0.121,-0.005,-0.095,-6.10,-1.06,982,-276,-5130,0,0,10650,0.0975,0.062,-0.017,-0.083,-5.88,-1.28,1007,-1711,-9038,0,0
46.321,1969.3,137.75,-7.63,-144.93,142.3,-0.26,-1.79,0.00,0.00,0.00,1.00,3,4743,-231.8,0.20,-0.13,-3.34,-36.46,5474,856,5121,0.0518,-0.025,-0.005,-0.095,-5.45,-1.72,968,-266,-4541,0,0,8770,0.1046,0.028,-0.004,-0.096,-5.07,-2.10,997,-344,-7076,0,0,6352,0.0501,-0.015,-0.009,-0.091,-8.06,0.89,965,-435,-6594,0,0,11059,0.1029,0.045,-0.019,-0.081,-7.84,0.68,981,-1569,-10602,0,0
46.441,1974.0,133.14,-7.62,-144.04,140.3,-0.21,-1.89,0.00,0.00,0.00,1.00,3,4667,-228.6,0.20,-0.14,-3.40,-23.50,5320,831,5056,0.0470,-0.040,-0.006,-0.094,-6.13,-1.03,958,-282,-4820,0,0,8852,0.1027,-0.016,-0.004,-0.096,-5.80,-1.36,977,-368,-7787,0,0,5748,0.0480,-0.018,-0.012,-0.088,-7.82,0.65,951,-550,-5968,0,0,10457,0.1024,-0.004,-0.018,-0.082,-7.68,0.52,963,-1441,-10077,0,0
46.561,1978.6,128.62,-7.60,-143.41,133.5,-1.40,-1.59,-0.18,0.00,0.83,1.00,3,3891,-195.3,0.20,0.08,-3.16,-13.46,4932,754,6999,0.0591,0.100,-0.127,0.027,-9.75,2.59,796,-5032,-5903,1755,1,9497,0.1079,0.043,-0.123,0.023,-8.65,1.49,815,-6961,-7361,1755,1,5526,0.0443,-0.031,-0.138,0.038,-7.03,-0.13,794,-4663,-4128,945,1,9002,0.0931,-0.078,-0.133,0.033,-6.96,-0.20,808,-7180,-6449,945,1
46.681,1982.9,124.31,-7.58,-143.00,127.9,-1.12,-1.65,0.00,0.00,1.00,1.00,3,3793,-190.3,0.20,0.30,-3.11,-14.26,4606,693,5762,0.0613,0.018,-0.120,0.020,-5.09,-2.07,750,-5257,-3578,5850,0,8915,0.1079,0.001,-0.135,0.035,-4.78,-2.38,778,-7994,-4993,1755,1,5458,0.0405,-0.031,-0.101,0.001,-6.17,-0.99,770,-4241,-4217,3150,0,8908,0.0872,-0.049,-0.106,0.006,-6.10,-1.06,777,-6658,-6504,3150,0
46.801,1987.1,120.19,-7.57,-142.78,122.2,-1.22,-1.36,0.00,1.00,0.00,1.00,3,4094,-204.2,0.20,0.32,-2.93,-10.69,4185,632,6005,0.0659,0.039,-0.004,-0.096,-4.15,-3.01,843,-290,-4497,0,0,8755,0.1086,0.005,-0.003,-0.097,-3.85,-3.31,852,-358,-5970,0,0,5826,0.0390,-0.013,-0.011,-0.089,-4.97,-2.19,838,-669,-4930,0,0,9673,0.0812,-0.050,-0.012,-0.088,-4.93,-2.24,844,-1234,-7706,0,0
46.921,1991.1,116.11,-7.55,-142.76,123.0,0.28,-1.25,0.00,1.00,0.00,1.00,3,4248,952.3,1.80,-0.11,-2.82,-2.57,4048,639,4396,0.0540,-0.099,0.015,-0.085,-2.77,-4.40,871,988,-2411,0,0,6405,0.0929,-0.131,0.011,-0.089,-2.54,-4.62,869,1044,-3174,0,0,7681,0.0518,0.106,0.031,-0.069,-2.92,-4.24,884,3140,-4186,0,0,10572,0.0919,0.089,0.027,-0.073,-2.91,-4.25,882,3606,-5552,0,0
47.041,1995.3,111.97,-7.53,-142.87,125.0,0.49,-0.70,0.00,1.00,0.00,1.00,3,4305,961.1,1.81,-0.24,-2.40,1.18,4058,659,5514,0.0511,-0.024,0.011,-0.089,-1.49,-5.67,883,1005,-1702,0,0,6517,0.0783,-0.122,0.010,-0.090,-1.30,-5.86,881,1044,-1740,0,0,8062,0.0616,0.082,0.026,-0.074,-1.33,-5.83,895,3235,-2131,0,0,9202,0.0877,-0.035,0.025,-0.075,-1.33,-5.83,894,3585,-2397,0,0
47.161,1999.5,107.77,-7.51,-143.04,127.0,0.48,-0.31,0.00,1.00,0.00,1.00,3,4369,971.0,1.83,-0.36,-1.93,1.32,4133,681,6159,0.0575,0.053,0.009,-0.091,-0.72,-6.44,896,1017,-927,0,0,6171,0.0708,-0.062,0.010,-0.090,-0.53,-6.63,895,1033,-689,0,0,9018,0.0715,0.083,0.023,-0.077,-0.53,-6.63,908,3386,-965,0,0,9295,0.0848,-0.024,0.023,-0.077,-0.53,-6.63,907,3547,-991,0,0
47.281,2003.8,103.50,-7.50,-143.25,129.1,0.49,-0.12,-0.19,1.00,0.00,1.00,3,4448,983.3,1.85,-0.16,-1.70,-0.70,4286,703,5813,0.0570,-0.004,0.014,-0.086,-4.21,-2.95,911,1032,-3524,0,0,5997,0.0623,-0.071,0.012,-0.088,-3.19,-3.98,910,1030,-2819,0,0,7706,0.0738,0.019,0.027,-0.073,-0.20,-6.96,925,3429,-316,0,0,7991,0.0791,-0.048,0.026,-0.074,-0.20,-6.96,925,3499,-326,0,0
47.401,2008.1,99.18,-7.50,-143.55,130.3,0.34,-1.02,-0.51,0.72,0.00,1.00,3,4471,871.0,1.70,-0.18,-2.30,-37.98,4362,717,4876,0.0518,-0.043,0.064,-0.036,-18.45,11.29,904,1110,-5379,0,0,8187,0.0765,0.119,0.024,-0.076,-14.20,7.03,917,873,-8834,0,0,6790,0.0633,-0.088,0.039,-0.061,-2.36,-4.80,932,3697,-2824,0,0,10950,0.0875,0.070,0.014,-0.086,-2.29,-4.87,937,2123,-4303,0,0
47.521,2012.4,94.88,-7.49,-144.05,129.4,-0.08,-1.55,-0.51,0.12,0.00,1.00,3,4260,114.1,0.56,-0.03,-2.94,-45.32,4431,707,4339,0.0421,-0.081,0.047,-0.053,-25.77,18.61,834,546,-4792,0,0,8245,0.0856,0.076,0.009,-0.091,-20.35,13.19,869,248,-8813,0,0,6003,0.0537,-0.080,0.012,-0.088,-5.21,-1.95,895,837,-5090,0,0,10924,0.0982,0.089,-0.003,-0.097,-5.02,-2.14,915,-395,-8480,0,0
47.641,2016.7,90.68,-7.49,-144.76,126.6,-0.43,-1.81,-0.53,0.00,0.00,1.00,3,4022,-201.2,0.20,0.14,-3.26,-47.82,4338,677,5314,0.0452,0.026,-0.002,-0.098,-28.50,21.34,757,-33,-5791,0,0,9462,0.0998,0.118,-0.005,-0.095,-22.86,15.70,824,-148,-9876,0,0,5095,0.0397,-0.117,-0.005,-0.095,-7.79,0.63,857,-222,-5315,0,0,10192,0.0927,-0.046,-0.019,-0.081,-7.49,0.32,880,-1514,-9717,0,0
47.761,2020.8,86.64,-7.49,-145.71,123.3,-0.47,-1.97,-0.54,0.00,0.00,1.00,3,3861,-194.3,0.20,0.13,-3.37,-39.94,4175,643,4325,0.0438,-0.012,-0.006,-0.094,-31.06,23.90,717,-52,-4749,0,0,8122,0.1013,0.013,-0.006,-0.094,-25.26,18.10,784,-119,-8583,0,0,5599,0.0392,-0.004,-0.007,-0.093,-9.27,2.11,832,-282,-6073,0,0,10701,0.0980,0.044,-0.020,-0.080,-8.96,1.80,850,-1417,-10676,0,0
47.881,2024.9,82.77,-7.50,-146.88,119.9,-0.48,-1.90,-0.55,0.00,0.00,1.00,3,3718,-188.2,0.20,0.31,-3.34,-34.31,3985,608,5320,0.0449,0.010,-0.007,-0.093,-32.67,25.51,686,-78,-5747,0,0,9237,0.1032,0.016,-0.007,-0.093,-26.72,19.55,750,-166,-9574,0,0,4942,0.0341,-0.043,-0.010,-0.090,-9.80,2.64,807,-315,-5459,0,0,9683,0.0908,-0.060,-0.022,-0.078,-9.51,2.34,822,-1334,-9914,0,0
48.001,2028.8,79.10,-7.50,-148.26,116.2,-0.52,-2.01,-0.56,0.00,0.00,1.00,3,3595,-182.9,0.20,0.17,-3.36,-27.90,3737,571,5206,0.0479,0.025,-0.010,-0.090,-33.40,26.24,660,-103,-5624,0,0,9148,0.1069,0.031,-0.008,-0.092,-27.33,20.17,721,-182,-9478,0,0,5564,0.0360,0.016,-0.010,-0.090,-9.40,2.24,785,-367,-6060,0,0,10691,0.0950,0.035,-0.019,-0.081,-9.16,2.00,798,-1303,-10746,0,0
48.121,2032.6,75.63,-7.50,-149.83,112.8,-0.51,-1.87,-0.57,0.11,0.00,1.00,3,3518,-34.3,0.36,0.37,-3.32,-19.02,3541,538,5019,0.0442,-0.031,-0.010,-0.090,-33.20,26.03,645,-113,-5436,0,0,8603,0.1016,-0.045,-0.008,-0.092,-27.07,19.91,701,-167,-8986,0,0,4336,0.0343,-0.014,-0.002,-0.098,-7.84,0.67,773,-120,-4609,0,0,9063,0.0917,-0.028,-0.007,-0.093,-7.70,0.53,783,-565,-8976,0,0
48.241,2036.3,72.36,-7.50,-151.58,110.5,-0.32,-1.84,-0.59,0.80,0.00,1.00,3,3594,430.0,1.10,0.30,-3.25,-19.47,3338,516,5102,0.0464,0.018,0.056,-0.044,-31.95,24.79,684,580,-5507,0,0,8756,0.1030,0.011,0.018,-0.082,-25.76,18.60,713,387,-9148,0,0,5559,0.0347,0.003,0.030,-0.070,-6.28,-0.88,783,1492,-5264,0,0,10599,0.0899,-0.015,0.012,-0.088,-6.16,-1.00,785,1142,-9415,0,0
48.361,2040.0,69.26,-7.50,-153.53,109.9,0.05,-1.76,0.00,1.00,0.00,1.00,3,3756,876.9,1.68,0.10,-3.16,-21.12,3243,510,4174,0.0417,-0.039,-0.009,-0.091,-3.02,-4.14,754,-153,-4753,0,0,7407,0.0955,-0.062,-0.009,-0.091,-2.75,-4.41,770,-581,-7872,0,0,6347,0.0416,0.058,0.043,-0.057,-4.95,-2.21,791,2830,-5083,0,0,10714,0.0958,0.049,0.023,-0.077,-4.85,-2.31,791,2554,-8219,0,0
48.481,2043.7,66.24,-7.50,-155.66,111.5,0.47,-1.18,0.00,1.00,0.00,1.00,3,3851,892.0,1.71,0.08,-2.73,-8.46,3278,525,5131,0.0428,0.009,0.013,-0.087,-2.67,-4.49,785,995,-2692,0,0,7157,0.0843,-0.093,0.009,-0.091,-2.46,-4.70,788,965,-3395,0,0,7006,0.0485,0.057,0.036,-0.064,-3.41,-3.75,802,3090,-4339,0,0,9477,0.0896,-0.052,0.027,-0.073,-3.38,-3.78,802,3124,-5706,0,0
48.601,2047.4,63.26,-7.50,-157.94,113.4,0.47,-0.82,0.00,1.00,0.00,1.00,3,3900,899.5,1.72,-0.08,-2.27,-1.50,3322,542,5703,0.0491,0.052,0.010,-0.090,-1.67,-5.50,799,943,-1944,0,0,6623,0.0779,-0.053,0.009,-0.091,-1.47,-5.69,799,949,-1985,0,0,8297,0.0588,0.086,0.025,-0.075,-1.74,-5.42,811,3138,-2840,0,0,9794,0.0876,-0.017,0.023,-0.077,-1.74,-5.43,810,3308,-3285,0,0
48.721,2051.2,60.28,-7.51,-160.32,115.3,0.46,-0.40,0.00,1.00,0.00,1.00,3,3963,909.0,1.73,0.00,-1.84,0.79,3442,561,5785,0.0521,0.025,0.009,-0.091,-0.87,-6.29,812,944,-1055,0,0,6003,0.0681,-0.081,0.009,-0.091,-0.69,-6.47,812,960,-872,0,0,8512,0.0675,0.073,0.023,-0.077,-0.72,-6.45,824,3172,-1235,0,0,9041,0.0835,-0.035,0.023,-0.077,-0.72,-6.44,823,3349,-1303,0,0
48.841,2055.1,57.28,-7.51,-162.79,117.1,0.44,-0.47,-0.29,1.00,0.00,1.00,3,4031,919.2,1.75,0.06,-1.75,-15.54,3538,579,5578,0.0556,0.029,0.028,-0.072,-9.94,2.78,823,1010,-5993,0,0,7203,0.0692,0.009,0.015,-0.085,-7.53,0.37,828,855,-7045,0,0,7600,0.0662,-0.011,0.030,-0.070,-0.80,-6.36,837,3628,-1100,0,0,9409,0.0789,-0.039,0.019,-0.081,-0.79,-6.37,839,2906,-1327,0,0
48.961,2059.1,54.34,-7.52,-165.38,118.5,0.38,-0.98,0.00,1.00,0.00,1.00,3,4089,928.1,1.76,-0.05,-2.21,-27.66,3630,593,4739,0.0488,-0.056,0.014,-0.086,-0.66,-6.50,828,1130,-463,0,0,6647,0.0774,0.069,0.008,-0.092,-0.46,-6.71,844,937,-365,0,0,7637,0.0609,-0.044,0.040,-0.060,-3.05,-4.11,850,3890,-4085,0,0,10126,0.0894,0.088,0.019,-0.081,-2.97,-4.19,854,2544,-5266,0,0
49.081,2063.0,51.42,-7.52,-168.10,120.4,0.48,-0.84,-0.19,1.00,0.00,1.00,3,4155,938.1,1.78,0.01,-2.17,-14.21,3751,611,5074,0.0487,-0.001,0.021,-0.079,-5.81,-1.35,848,1011,-4671,0,0,7138,0.0751,-0.020,0.012,-0.088,-4.67,-2.49,852,929,-5646,0,0,7089,0.0609,0.000,0.035,-0.065,-2.58,-4.58,864,3403,-3402,0,0,9683,0.0872,-0.018,0.024,-0.076,-2.55,-4.61,865,3129,-4505,0,0
49.201,2067.1,48.59,-7.52,-170.98,121.7,0.39,-1.33,0.00,1.00,0.00,1.00,3,4200,945.0,1.79,-0.08,-2.53,-28.37,3831,625,4943,0.0451,-0.030,0.014,-0.086,-1.14,-6.02,850,1169,-1212,0,0,7698,0.0843,0.076,0.007,-0.093,-0.92,-6.24,866,964,-1415,0,0,7233,0.0555,-0.045,0.043,-0.057,-3.54,-3.63,874,3797,-4372,0,0,10766,0.0946,0.062,0.020,-0.080,-3.45,-3.71,877,2773,-6302,0,0
49.321,2071.2,45.84,-7.53,-174.00,123.5,0.49,-0.96,-0.18,1.00,0.00,1.00,3,4262,954.5,1.80,-0.09,-2.34,-12.23,3952,644,5040,0.0462,0.009,0.018,-0.082,-4.63,-2.53,870,1036,-4061,0,0,6985,0.0785,-0.048,0.011,-0.089,-3.84,-3.32,874,975,-4810,0,0,7603,0.0612,0.048,0.034,-0.066,-2.85,-4.32,886,3433,-3979,0,0,10214,0.0937,-0.007,0.024,-0.076,-2.82,-4.35,887,3240,-5179,0,0
49.441,2075.3,43.16,-7.53,-177.17,125.2,0.47,-1.06,0.00,1.00,0.00,1.00,3,4319,963.3,1.82,-0.11,-2.33,-12.96,4047,662,5499,0.0472,0.008,0.012,-0.088,-1.76,-5.40,880,1109,-1889,0,0,7157,0.0807,0.018,0.009,-0.091,-1.55,-5.61,886,1012,-2120,0,0,7641,0.0594,-0.015,0.034,-0.066,-2.78,-4.38,899,3516,-3899,0,0,9889,0.0920,-0.014,0.024,-0.076,-2.75,-4.41,900,3181,-4910,0,0
49.561,2079.5,40.55,-7.53,-180.47,127.0,0.46,-0.94,-0.29,1.00,0.00,1.00,3,4380,972.7,1.83,-0.18,-2.17,-14.33,4145,681,4822,0.0491,0.015,0.040,-0.060,-12.20,5.03,896,1035,-5350,0,0,6993,0.0772,-0.029,0.021,-0.079,-9.59,2.43,898,990,-7376,0,0,7611,0.0645,0.042,0.033,-0.067,-2.03,-5.13,910,3595,-2901,0,0,10364,0.0928,0.007,0.022,-0.078,-2.01,-5.15,911,3279,-3812,0,0
49.681,2083.8,38.04,-7.52,-183.91,128.4,0.41,-1.15,0.00,1.00,0.00,1.00,3,4437,981.5,1.84,-0.13,-2.37,-23.59,4269,696,5189,0.0462,-0.024,0.014,-0.086,-1.43,-5.74,899,1197,-1372,0,0,7454,0.0819,0.038,0.008,-0.092,-1.21,-5.96,912,1015,-1600,0,0,7327,0.0588,-0.047,0.041,-0.059,-3.29,-3.87,924,3751,-4220,0,0,9962,0.0939,0.009,0.024,-0.076,-3.23,-3.94,927,2961,-5590,0,0
49.801,2088.1,35.61,-7.52,-187.48,130.3,0.49,-1.04,0.00,1.00,0.00,1.00,3,4499,991.1,1.86,-0.24,-2.25,-16.21,4367,716,5090,0.0493,0.026,0.032,-0.068,-10.15,2.99,918,1084,-5443,0,0,7472,0.0809,-0.008,0.018,-0.082,-8.10,0.94,922,1041,-7318,0,0,7650,0.0632,0.037,0.036,-0.064,-2.79,-4.37,936,3615,-3889,0,0,10671,0.0948,0.008,0.023,-0.077,-2.75,-4.41,937,3305,-5231,0,0
49.921,2092.5,33.28,-7.51,-191.19,132.2,0.50,-0.87,0.00,1.00,0.00,1.00,3,4561,993.2,1.87,-0.22,-2.15,-7.03,4498,738,5447,0.0490,-0.002,0.013,-0.087,-1.82,-5.34,932,1108,-1975,0,0,6806,0.0780,-0.025,0.010,-0.090,-1.62,-5.54,934,1073,-2166,0,0,7741,0.0646,0.011,0.032,-0.068,-2.31,-4.85,949,3464,-3371,0,0,9682,0.0935,-0.011,0.026,-0.074,-2.30,-4.87,949,3480,-4114,0,0
50.041,2096.9,30.99,-7.51,-195.00,134.3,0.50,-0.61,0.00,1.00,0.00,1.00,3,4623,994.6,1.89,-0.26,-1.86,-1.27,4611,761,5921,0.0542,0.043,0.011,-0.089,-1.31,-5.86,947,1064,-1575,0,0,6688,0.0757,-0.019,0.009,-0.091,-1.11,-6.05,947,1071,-1503,0,0,8431,0.0693,0.039,0.026,-0.074,-1.33,-5.83,961,3405,-2194,0,0,9868,0.0903,-0.027,0.024,-0.076,-1.33,-5.83,960,3637,-2518,0,0
50.161,2101.4,28.72,-7.50,-198.91,136.3,0.50,-0.34,0.09,1.00,0.00,1.00,3,4693,996.2,1.90,-0.24,-1.57,0.63,4757,785,5962,0.0574,0.026,0.010,-0.090,-0.76,-6.41,962,1056,-934,0,0,6237,0.0700,-0.048,0.010,-0.090,-0.57,-6.60,961,1074,-733,0,0,8426,0.0751,0.048,0.024,-0.076,-0.62,-6.54,976,3363,-1051,0,0,8953,0.0877,-0.022,0.024,-0.076,-0.62,-6.54,975,3543,-1109,0,0
50.281,2106.0,26.39,-7.49,-202.85,138.0,0.40,0.76,0.00,1.00,0.00,1.00,3,4767,997.7,1.92,-0.15,-0.71,36.82,4871,804,8105,0.0720,0.122,0.008,-0.092,-1.25,-5.91,984,961,2701,0,0,4921,0.0596,-0.086,0.020,-0.080,-1.08,-6.08,968,1508,2638,0,0,10708,0.0867,0.097,0.016,-0.084,1.57,-5.59,993,2624,2856,0,0,7216,0.0735,-0.118,0.040,-0.060,1.62,-5.55,988,4224,2014,0,0
50.401,2110.7,23.94,-7.49,-206.79,140.0,0.51,0.63,0.00,1.00,0.00,1.00,3,4827,998.9,1.94,-0.12,-0.42,13.51,5020,828,6919,0.0755,0.029,0.009,-0.091,1.34,-5.82,991,1054,1776,0,0,5278,0.0545,-0.043,0.013,-0.087,1.55,-5.61,985,1138,1602,0,0,10309,0.0934,0.055,0.023,-0.077,2.46,-4.70,1005,3266,4593,0,0,8238,0.0724,-0.010,0.032,-0.068,2.49,-4.67,1004,3683,3769,0,0
50.521,2115.4,21.36,-7.49,-210.72,142.0,0.51,0.75,0.00,1.00,0.00,1.00,3,4892,1000.0,1.95,-0.09,-0.39,3.85,5154,852,7095,0.0761,0.005,0.009,-0.091,1.26,-5.90,1002,1042,1787,0,0,5802,0.0550,0.004,0.011,-0.089,1.46,-5.70,1001,1086,1712,0,0,9993,0.0930,-0.003,0.024,-0.076,1.66,-5.50,1017,3580,3141,0,0,8223,0.0712,-0.009,0.027,-0.073,1.67,-5.49,1017,3430,2647,0,0
50.641,2120.1,18.68,-7.50,-214.67,144.1,0.49,0.37,-0.20,1.00,0.00,1.00,3,4960,1001.1,1.97,-0.12,-0.65,-7.36,5289,876,5968,0.0724,-0.031,0.014,-0.086,-3.49,-3.68,1016,1087,-3856,0,0,6270,0.0583,0.028,0.010,-0.090,-2.31,-4.85,1018,986,-2833,0,0,9329,0.0914,-0.013,0.025,-0.075,0.71,-6.45,1029,3793,1349,0,0,9343,0.0773,0.050,0.022,-0.078,0.71,-6.46,1031,3314,1351,0,0
50.761,2125.0,15.99,-7.50,-218.70,146.0,0.46,-0.41,0.00,1.00,0.00,1.00,3,5025,1002.0,1.98,-0.13,-1.38,-18.14,5435,900,5853,0.0618,-0.089,0.009,-0.091,-0.42,-6.74,1022,1022,-352,0,0,7156,0.0709,0.105,0.008,-0.092,-0.22,-6.94,1034,1024,-175,0,0,8439,0.0790,-0.104,0.031,-0.069,-1.64,-5.53,1044,3959,-2530,0,0,9861,0.0874,0.085,0.020,-0.080,-1.61,-5.55,1047,3047,-2897,0,0
50.881,2129.9,13.31,-7.50,-222.80,148.0,0.50,-0.50,0.00,1.00,0.00,1.00,3,5097,1002.9,2.00,-0.19,-1.58,-5.67,5575,925,5484,0.0586,-0.026,0.012,-0.088,-1.27,-5.89,1043,1089,-1396,0,0,6750,0.0737,0.023,0.009,-0.091,-1.07,-6.10,1045,1073,-1420,0,0,8675,0.0781,-0.008,0.027,-0.073,-1.59,-5.58,1059,3546,-2623,0,0,10242,0.0932,0.048,0.023,-0.077,-1.58,-5.58,1059,3502,-3031,0,0
51.001,2134.9,10.65,-7.51,-227.01,150.1,0.49,-0.45,0.00,1.00,0.00,1.00,3,5162,1003.6,2.01,-0.17,-1.57,-1.01,5728,951,6132,0.0589,0.002,0.007,-0.093,-1.02,-6.15,1056,994,-1229,0,0,6908,0.0744,0.006,0.009,-0.091,-0.82,-6.35,1058,1088,-1137,0,0,8727,0.0777,-0.004,0.025,-0.075,-1.00,-6.16,1074,3458,-1707,0,0,9750,0.0925,-0.006,0.023,-0.077,-1.00,-6.16,1073,3626,-1880,0,0
51.121,2139.9,7.99,-7.51,-231.29,152.1,0.49,-0.27,-0.09,1.00,0.00,1.00,3,5233,1004.3,2.03,-0.20,-1.39,0.49,5874,977,6029,0.0617,0.023,0.010,-0.090,-0.64,-6.52,1073,1065,-794,0,0,6290,0.0719,-0.021,0.010,-0.090,-0.44,-6.72,1072,1080,-570,0,0,9267,0.0819,0.036,0.023,-0.077,-0.52,-6.65,1087,3475,-939,0,0,9730,0.0921,-0.003,0.023,-0.077,-0.52,-6.65,1086,3613,-980,0,0
51.241,2145.0,5.37,-7.51,-235.67,153.9,0.43,-0.77,0.00,1.00,0.00,1.00,3,5299,1004.9,2.05,-0.19,-1.71,-22.76,6028,999,5675,0.0575,-0.035,0.012,-0.088,-0.37,-6.79,1078,1202,-358,0,0,7516,0.0784,0.055,0.008,-0.092,-0.16,-7.00,1091,1012,-135,0,0,8157,0.0757,-0.052,0.033,-0.067,-1.84,-5.32,1101,3957,-2718,0,0,10343,0.0958,0.031,0.019,-0.081,-1.81,-5.35,1104,2979,-3345,0,0
51.361,2150.2,2.80,-7.51,-240.16,155.9,0.49,-0.60,0.00,1.00,0.00,1.00,3,5367,1005.3,2.06,-0.25,-1.70,-7.57,6174,1025,5578,0.0579,0.003,0.012,-0.088,-1.54,-5.62,1098,1110,-1711,0,0,6848,0.0776,-0.006,0.009,-0.091,-1.33,-5.83,1101,1077,-1787,0,0,8738,0.0782,0.021,0.028,-0.072,-1.97,-5.19,1115,3567,-3233,0,0,10412,0.0981,0.019,0.023,-0.077,-1.96,-5.20,1115,3442,-3765,0,0
51.481,2155.4,0.28,-7.51,-244.74,157.9,0.49,-0.58,0.00,1.00,0.00,1.00,3,5431,1005.6,2.08,-0.25,-1.63,-1.51,6322,1052,6082,0.0590,0.010,0.010,-0.090,-1.27,-5.90,1113,1080,-1557,0,0,7027,0.0777,0.001,0.009,-0.091,-1.06,-6.10,1113,1093,-1493,0,0,8780,0.0787,0.004,0.025,-0.075,-1.28,-5.88,1129,3425,-2180,0,0,10035,0.0966,-0.012,0.023,-0.077,-1.28,-5.88,1128,3609,-2449,0,0
51.601,2160.7,-2.22,-7.51,-249.42,159.9,0.48,-0.36,0.00,1.00,0.00,1.00,3,5498,1005.8,2.09,-0.27,-1.43,0.64,6473,1079,6077,0.0617,0.022,0.010,-0.090,-0.79,-6.37,1127,1066,-991,0,0,6451,0.0744,-0.027,0.010,-0.090,-0.59,-6.57,1127,1087,-782,0,0,9318,0.0835,0.040,0.023,-0.077,-0.66,-6.50,1142,3444,-1211,0,0,9949,0.0962,-0.003,0.022,-0.078,-0.66,-6.50,1141,3627,-1282,0,0
51.721,2166.1,-4.72,-7.51,-254.17,161.9,0.48,-0.16,0.00,1.00,0.00,1.00,3,5566,1003.3,2.11,-0.26,-1.23,0.87,6626,1106,6521,0.0655,0.031,0.009,-0.091,-0.45,-6.72,1141,1070,-599,0,0,6606,0.0728,-0.014,0.009,-0.091,-0.24,-6.92,1141,1084,-329,0,0,9414,0.0860,0.021,0.022,-0.078,-0.30,-6.87,1156,3467,-548,0,0,9582,0.0925,-0.031,0.023,-0.077,-0.30,-6.87,1156,3564,-557,0,0
51.841,2171.5,-7.24,-7.51,-258.98,163.9,0.47,-0.06,0.00,1.00,0.00,1.00,3,5636,1000.5,2.13,-0.27,-1.08,0.67,6791,1134,6333,0.0673,0.015,0.009,-0.091,-0.26,-6.90,1155,1069,-338,0,0,6320,0.0702,-0.021,0.010,-0.090,-0.05,-7.11,1155,1077,-72,0,0,9358,0.0894,0.028,0.022,-0.078,-0.12,-7.05,1170,3474,-215,0,0,9396,0.0923,-0.002,0.023,-0.077,-0.12,-7.05,1170,3528,-216,0,0
51.961,2177.0,-9.79,-7.50,-263.86,165.9,0.47,0.00,0.00,1.00,0.00,1.00,3,5703,997.2,2.14,-0.28,-1.01,0.42,6942,1162,6558,0.0693,0.017,0.009,-0.091,-0.18,-6.98,1169,1063,-240,0,0,6576,0.0709,0.006,0.009,-0.091,0.03,-7.13,1169,1070,40,0,0,9615,0.0902,0.007,0.023,-0.077,-0.05,-7.11,1185,3561,-92,0,0,9919,0.0912,-0.009,0.021,-0.079,-0.05,-7.11,1183,4039,24,0,0
52.081,2182.6,-12.37,-7.50,-268.80,167.9,0.46,0.11,0.15,1.00,0.00,1.00,3,5773,994.4,2.16,-0.27,-0.92,5.70,7112,1190,6698,0.0699,0.005,0.010,-0.090,2.05,-5.11,1185,1012,2694,0,0,6098,0.0692,-0.015,0.012,-0.088,2.92,-4.24,1183,1078,3396,0,0,9808,0.0923,0.017,0.021,-0.079,0.06,-7.10,1198,3373,78,0,0,9195,0.0915,0.003,0.024,-0.076,0.06,-7.10,1198,3590,74,0,0
52.201,2188.2,-15.06,-7.50,-273.73,169.3,0.39,0.99,0.00,1.00,0.00,1.00,3,5830,991.6,2.17,-0.22,-0.21,32.18,7254,1210,7601,0.0828,0.107,0.006,-0.094,0.37,-6.79,1201,1046,414,0,0,5019,0.0607,-0.071,0.013,-0.087,0.59,-6.57,1185,1149,514,0,0,11440,0.1032,0.091,0.017,-0.083,2.45,-4.71,1215,2752,4852,0,0,8404,0.0810,-0.088,0.035,-0.065,2.50,-4.66,1211,4041,3711,0,0
52.321,2193.9,-17.90,-7.51,-278.65,171.1,0.48,0.94,0.00,1.00,0.00,1.00,3,5897,988.3,2.19,-0.18,-0.03,12.33,7419,1236,7417,0.0840,0.009,0.009,-0.091,2.01,-5.15,1209,1069,2848,0,0,5446,0.0574,-0.027,0.013,-0.087,2.24,-4.92,1205,1124,2375,0,0,10901,0.1062,0.025,0.023,-0.077,2.89,-4.27,1226,3321,5554,0,0,8390,0.0796,-0.012,0.031,-0.069,2.91,-4.25,1226,3451,4416,0,0
52.441,2199.6,-20.89,-7.51,-283.55,172.9,0.47,0.97,0.00,1.00,0.00,1.00,3,5950,985.6,2.20,-0.21,-0.01,2.89,7547,1262,7129,0.0846,0.006,0.009,-0.091,1.70,-5.47,1219,1084,2380,0,0,5559,0.0578,0.004,0.012,-0.088,1.91,-5.25,1220,1057,2125,0,0,11039,0.1082,0.017,0.022,-0.078,2.01,-5.16,1235,3566,4072,0,0,8930,0.0813,0.014,0.025,-0.075,2.01,-5.15,1236,3303,3391,0,0
52.561,2205.4,-24.01,-7.52,-288.44,174.8,0.46,0.65,0.00,1.00,0.00,1.00,3,6007,982.5,2.21,-0.20,-0.24,-0.65,7697,1290,7071,0.0814,-0.027,0.009,-0.091,0.95,-6.21,1231,1069,1355,0,0,6412,0.0620,0.035,0.009,-0.091,1.16,-6.00,1232,1045,1512,0,0,10292,0.1044,-0.032,0.022,-0.078,1.04,-6.13,1247,3555,2044,0,0,9201,0.0844,0.026,0.022,-0.078,1.04,-6.13,1248,3281,1855,0,0
52.681,2211.3,-27.20,-7.52,-293.36,176.5,0.41,-0.02,-0.30,1.00,0.00,1.00,3,6072,979.0,2.23,-0.22,-0.75,-19.44,7846,1316,5614,0.0741,-0.061,0.030,-0.070,-10.22,3.05,1243,1072,-6077,0,0,7356,0.0694,0.061,0.016,-0.084,-7.63,0.47,1248,935,-7276,0,0,8789,0.0983,-0.050,0.027,-0.073,-0.08,-7.08,1258,3811,-25,0,0,10435,0.0936,0.076,0.017,-0.083,-0.08,-7.08,1261,2963,-30,0,0
52.801,2217.2,-30.32,-7.53,-298.38,177.8,0.36,-1.06,0.00,1.00,0.00,1.00,3,6130,975.6,2.24,-0.28,-1.74,-34.10,7995,1335,5336,0.0606,-0.112,0.013,-0.087,-1.62,-5.54,1244,1211,-1605,0,0,8083,0.0871,0.147,0.007,-0.093,-1.37,-5.79,1262,1000,-1965,0,0,8183,0.0820,-0.136,0.038,-0.062,-3.55,-3.61,1275,3793,-4946,0,0,11793,0.1083,0.122,0.019,-0.081,-3.48,-3.68,1278,2794,-6832,0,0
52.921,2223.2,-33.33,-7.53,-303.52,179.4,0.46,-1.22,0.00,1.00,0.00,1.00,3,6188,972.1,2.26,-0.33,-2.01,-13.86,8150,1359,5164,0.0555,-0.043,0.015,-0.085,-3.11,-4.05,1264,1109,-3041,0,0,7794,0.0895,0.020,0.010,-0.090,-2.87,-4.29,1268,1076,-4137,0,0,8141,0.0796,-0.020,0.034,-0.066,-3.85,-3.32,1288,3286,-5380,0,0,11459,0.1135,0.044,0.025,-0.075,-3.81,-3.35,1287,3348,-7268,0,0
53.041,2229.2,-36.21,-7.53,-308.79,181.0,0.45,-1.22,0.00,1.00,0.00,1.00,3,6230,969.6,2.27,-0.39,-2.01,-3.39,8259,1383,5390,0.0556,0.001,0.013,-0.087,-2.65,-4.51,1277,1043,-2784,0,0,7415,0.0907,0.010,0.010,-0.090,-2.42,-4.74,1276,1089,-3444,0,0,8797,0.0804,0.007,0.026,-0.074,-2.77,-4.39,1295,3191,-4474,0,0,11535,0.1156,0.017,0.023,-0.077,-2.77,-4.39,1293,3573,-5651,0,0
53.161,2235.2,-38.99,-7.53,-314.18,182.7,0.44,-0.84,0.00,1.00,0.00,1.00,3,6278,966.6,2.28,-0.37,-1.73,1.36,8394,1409,6359,0.0595,0.033,0.010,-0.090,-1.67,-5.49,1288,1046,-2127,0,0,7334,0.0869,-0.031,0.009,-0.091,-1.45,-5.71,1286,1070,-2117,0,0,9166,0.0843,0.032,0.022,-0.078,-1.51,-5.65,1304,3161,-2665,0,0,10617,0.1108,-0.040,0.022,-0.078,-1.51,-5.65,1303,3546,-3026,0,0
53.281,2241.4,-41.72,-7.52,-319.66,184.5,0.43,-0.44,0.00,1.00,0.00,1.00,3,6334,963.1,2.29,-0.39,-1.33,2.30,8537,1437,6399,0.0657,0.051,0.009,-0.091,-0.86,-6.30,1300,1012,-1126,0,0,6623,0.0810,-0.050,0.009,-0.091,-0.64,-6.52,1299,1044,-871,0,0,9601,0.0916,0.061,0.020,-0.080,-0.63,-6.53,1314,3143,-1195,0,0,10129,0.1069,-0.033,0.020,-0.080,-0.64,-6.53,1314,3411,-1251,0,0
53.401,2247.5,-44.47,-7.51,-325.20,186.0,0.37,0.34,0.30,1.00,0.00,1.00,3,6393,959.1,2.30,-0.38,-0.69,25.67,8672,1461,8064,0.0759,0.085,0.013,-0.087,7.23,0.07,1316,886,7888,0,0,5643,0.0739,-0.059,0.029,-0.071,9.65,2.49,1308,1057,6098,0,0,11199,0.1000,0.070,0.015,-0.085,0.61,-6.55,1328,2757,1126,0,0,9055,0.0974,-0.079,0.026,-0.074,0.62,-6.54,1324,3921,962,0,0
53.521,2253.8,-47.38,-7.51,-330.70,186.8,0.28,1.54,0.00,1.00,0.00,1.00,3,6448,955.4,2.32,-0.27,0.41,50.38,8836,1472,8887,0.0930,0.143,0.024,-0.076,12.59,5.43,1320,1047,9468,0,0,4520,0.0574,-0.137,0.061,-0.039,15.89,8.72,1311,1152,5016,0,0,12409,0.1166,0.138,0.020,-0.080,4.38,-2.78,1347,2595,8254,0,0,7326,0.0810,-0.136,0.047,-0.053,4.51,-2.65,1344,3673,5266,0,0
53.641,2260.0,-50.52,-7.51,-336.10,187.8,0.47,1.76,0.00,1.00,0.00,1.00,3,6505,951.5,2.33,-0.26,0.84,31.79,8988,1489,8310,0.0993,0.052,0.011,-0.089,4.71,-2.46,1332,1044,6427,0,0,4729,0.0518,-0.047,0.022,-0.078,5.02,-2.14,1321,1151,3978,0,0,12686,0.1245,0.066,0.031,-0.069,6.60,-0.56,1358,3052,10514,0,0,8152,0.0770,-0.034,0.049,-0.051,6.73,-0.44,1357,3324,7384,0,0
53.761,2266.3,-53.90,-7.51,-341.38,188.8,0.47,1.97,0.00,1.00,0.00,1.00,3,6534,949.3,2.34,-0.24,0.99,16.91,9080,1504,8732,0.1008,0.013,0.012,-0.088,5.27,-1.89,1334,1113,7278,0,0,5176,0.0498,-0.016,0.021,-0.079,5.55,-1.61,1332,1113,4638,0,0,12420,0.1267,0.018,0.034,-0.066,6.37,-0.79,1362,3430,10329,0,0,7798,0.0751,-0.016,0.045,-0.055,6.43,-0.73,1364,3042,7030,0,0
53.881,2272.6,-57.53,-7.51,-346.54,189.8,0.44,1.88,0.00,1.00,0.00,0.87,3,6555,947.8,2.34,-0.25,0.97,5.83,9144,1521,8099,0.1003,-0.004,0.012,-0.088,4.42,-2.74,1339,1122,6099,0,0,5090,0.0499,0.001,0.018,-0.082,4.66,-2.50,1342,1041,4126,0,0,12018,0.1269,0.002,0.030,-0.070,4.91,-2.25,1363,3626,9014,0,0,8001,0.0766,0.012,0.035,-0.065,4.93,-2.24,1365,2952,6328,0,0
54.001,2278.9,-61.38,-7.52,-351.59,190.5,0.27,1.52,0.00,1.00,0.00,0.07,3,6720,938.3,2.37,-0.24,0.72,-1.25,9160,1532,7828,0.0981,-0.018,0.001,-0.099,2.83,-4.33,1329,88,4188,0,0,5729,0.0558,0.049,0.000,-0.100,3.06,-4.10,1329,80,3379,0,0,11816,0.1224,-0.038,0.002,-0.098,2.93,-4.23,1330,439,6165,0,0,8861,0.0799,0.028,0.002,-0.098,2.93,-4.24,1331,363,4819,0,0
54.121,2285.3,-65.37,-7.52,-356.54,191.5,0.27,0.92,0.00,1.00,0.00,1.00,4,5682,997.4,2.14,-0.20,0.25,-3.45,9255,1548,6990,0.0915,-0.055,0.012,-0.088,1.36,-5.80,1351,1359,1913,0,0,6757,0.0635,0.065,0.011,-0.089,1.59,-5.57,1353,1272,2161,0,0,10737,0.1144,-0.067,0.027,-0.073,1.32,-5.85,1372,4439,2670,0,0,9446,0.0860,0.051,0.026,-0.074,1.31,-5.85,1374,3884,2391,0,0
54.241,2291.7,-69.47,-7.53,-361.50,193.8,0.56,0.41,0.00,1.00,0.00,1.00,4,5194,1004.0,2.02,-0.33,-0.23,-3.09,9368,1587,6431,0.0823,-0.077,0.012,-0.088,0.43,-6.73,1368,1328,574,0,0,6478,0.0690,0.046,0.011,-0.089,0.65,-6.51,1370,1290,874,0,0,10417,0.1108,-0.029,0.025,-0.075,0.39,-6.77,1387,4258,794,0,0,10199,0.0976,0.096,0.023,-0.077,0.39,-6.77,1387,4022,783,0,0
