Time_s,Distance_m,PosX,PosY,PosZ,Speed_Kmh,Accel_Long_G,Accel_Lat_G,Raw_Steer,Raw_Throttle,Raw_Brake,Clutch,Gear,RPM,Torque_Nm,Boost_Bar,Pitch,Roll,YawRate,Aero_DownN,Aero_DragN,FL_Load_N,FL_Travel_m,FL_DamperVel_ms,FL_Slip,FL_SlipDelta,FL_SlipAng_deg,FL_LatDelta,FL_WheelRPM,FL_LongForce_N,FL_LatForce_N,FL_ActBrakeTrq_Nm,FL_ABS_Active,FR_Load_N,FR_Travel_m,FR_DamperVel_ms,FR_Slip,FR_SlipDelta,FR_SlipAng_deg,FR_LatDelta,FR_WheelRPM,FR_LongForce_N,FR_LatForce_N,FR_ActBrakeTrq_Nm,FR_ABS_Active,RL_Load_N,RL_Travel_m,RL_DamperVel_ms,RL_Slip,RL_SlipDelta,RL_SlipAng_deg,RL_LatDelta,RL_WheelRPM,RL_LongForce_N,RL_LatForce_N,RL_ActBrakeTrq_Nm,RL_ABS_Active,RR_Load_N,RR_Travel_m,RR_DamperVel_ms,RR_Slip,RR_SlipDelta,RR_SlipAng_deg,RR_LatDelta,RR_WheelRPM,RR_LongForce_N,RR_LatForce_N,RR_ActBrakeTrq_Nm,RR_ABS_Active
0.120,1.6,368.33,-14.98,-32.51,56.5,-0.22,0.04,0.00,0.00,0.00,1.00,1,3592,-116.5,0.20,-3.79,0.58,5.79,69,147,6015,-0.0058,-0.048,-0.007,-0.064,0.36,-6.80,404,-830,194,0,0,6096,-0.0156,-0.130,-0.007,-0.064,0.33,-6.84,400,-862,154,0,0,4139,-0.0234,-0.195,-0.017,-0.054,1.47,-5.69,400,-1202,965,0,0,4254,-0.0341,-0.284,-0.010,-0.062,1.49,-5.68,399,-686,1010,0,0
0.240,3.5,370.13,-14.85,-33.01,56.2,-0.07,0.12,0.14,1.00,0.00,1.00,1,3717,389.2,1.28,-3.94,0.45,2.85,67,145,5490,-0.0120,-0.052,0.029,-0.043,5.14,-2.02,415,1475,1772,0,0,4904,-0.0186,-0.025,0.033,-0.038,5.91,-1.25,414,1409,1754,0,0,4819,-0.0216,0.015,0.029,-0.043,0.86,-6.30,416,1705,737,0,0,4486,-0.0280,0.051,0.032,-0.040,0.86,-6.30,416,1817,681,0,0
0.360,5.4,371.95,-14.71,-33.56,57.8,0.39,0.34,0.30,0.44,0.00,1.00,1,3827,324.6,1.21,-4.48,1.01,12.90,66,149,5557,-0.0168,-0.040,0.028,-0.044,9.61,2.45,425,1198,4163,0,0,3027,-0.0423,-0.198,0.072,0.001,11.31,4.15,431,1201,2341,0,0,6314,0.0079,0.246,0.012,-0.059,1.14,-6.02,425,2542,964,0,0,4807,-0.0176,0.087,0.035,-0.037,1.19,-5.97,424,3007,733,0,0
0.480,7.3,373.77,-14.58,-34.17,57.1,-0.15,0.49,0.53,0.00,0.00,1.00,1,3524,-115.0,0.20,-4.48,1.42,21.65,64,148,6788,-0.0079,0.074,-0.014,-0.057,14.76,7.60,398,-311,5685,0,0,3993,-0.0503,-0.066,-0.018,-0.053,17.43,10.27,375,-127,3538,0,0,5754,0.0178,0.082,-0.033,-0.038,2.17,-4.99,403,-2606,1631,0,0,3661,-0.0245,-0.058,-0.009,-0.063,2.26,-4.91,397,-589,1148,0,0
0.600,9.1,375.51,-14.45,-34.82,55.5,-0.35,0.54,0.00,1.00,0.00,1.00,1,3514,-114.8,0.20,-3.88,1.40,26.86,64,143,7508,0.0104,0.153,-0.009,-0.062,-1.15,-6.02,404,-1114,430,0,0,5109,-0.0387,0.096,-0.005,-0.066,-1.26,-5.90,383,-446,658,0,0,4620,0.0055,-0.102,-0.035,-0.037,3.81,-3.35,393,-1638,2190,0,0,3263,-0.0436,-0.159,0.002,-0.069,4.02,-3.15,387,199,1693,0,0
0.720,11.0,377.22,-14.32,-35.50,55.6,0.03,0.24,0.00,1.00,0.00,1.00,1,3760,570.2,1.50,-3.77,0.41,13.62,66,152,5882,0.0007,-0.081,0.042,-0.029,1.27,-5.89,422,2903,931,0,0,5529,-0.0216,0.143,0.044,-0.027,1.27,-5.90,412,2873,865,0,0,4794,-0.0112,-0.139,0.047,-0.024,3.84,-3.32,424,1709,2524,0,0,4420,-0.0342,0.078,0.073,0.002,3.94,-3.22,423,2377,2242,0,0
0.840,12.9,378.97,-14.19,-36.26,58.2,0.62,0.29,0.21,1.00,0.00,1.00,1,6013,1022.7,2.45,-4.58,0.23,11.58,66,165,3999,-0.0205,-0.177,0.496,0.425,6.83,-0.33,635,3427,903,0,0,2988,-0.0404,-0.157,0.726,0.654,7.69,0.53,717,2642,512,0,0,6282,0.0099,0.175,0.582,0.510,3.35,-3.81,679,5307,602,0,0,5659,-0.0108,0.195,0.622,0.551,3.42,-3.74,677,4838,523,0,0
0.960,14.9,380.79,-14.06,-37.09,61.1,0.70,0.18,0.37,1.00,0.00,0.24,1,6477,-229.4,2.60,-5.29,-0.06,15.22,65,190,3671,-0.0417,-0.176,0.258,0.187,14.89,7.73,535,2634,1932,0,0,2932,-0.0555,-0.126,0.677,0.606,17.01,9.85,689,2468,905,0,0,6961,0.0341,0.202,0.369,0.298,4.33,-2.83,603,5760,988,0,0,6456,0.0194,0.252,0.407,0.336,4.45,-2.72,603,5401,868,0,0
1.080,17.0,382.64,-13.92,-38.00,62.7,0.41,0.42,0.00,1.00,0.00,1.00,2,6008,1027.6,2.47,-5.21,0.38,9.88,68,199,5242,-0.0314,0.085,0.113,0.041,2.01,-5.15,504,4058,1227,0,0,3183,-0.0622,-0.056,0.279,0.208,1.86,-5.31,572,2821,400,0,0,6698,0.0414,0.061,0.189,0.118,3.54,-3.62,540,5177,1981,0,0,5179,0.0106,-0.074,0.212,0.140,3.60,-3.56,541,4196,1453,0,0
1.200,19.1,384.55,-13.78,-38.98,65.8,0.73,0.16,0.00,1.00,0.00,1.00,2,4329,887.2,1.99,-5.18,-0.13,6.97,75,221,3928,-0.0376,-0.051,0.290,0.219,2.72,-4.44,612,3430,582,0,0,3913,-0.0548,0.062,0.652,0.581,2.57,-4.59,775,3462,231,0,0,6120,0.0345,-0.057,0.463,0.392,3.79,-3.37,694,5165,750,0,0,6172,0.0173,0.056,0.480,0.409,3.84,-3.32,694,5207,735,0,0
1.320,21.4,386.54,-13.63,-40.02,68.9,0.75,0.12,0.16,1.00,0.00,1.00,2,5156,963.6,2.22,-5.33,-0.58,6.00,81,245,3878,-0.0455,-0.066,0.531,0.459,5.59,-1.58,757,3387,617,0,0,3837,-0.0498,0.042,0.831,0.759,5.89,-1.27,897,3373,403,0,0,6436,0.0322,-0.019,0.666,0.594,3.68,-3.49,827,5424,514,0,0,6344,0.0272,0.083,0.682,0.610,3.71,-3.45,827,5355,500,0,0
1.440,23.7,388.60,-13.48,-41.15,71.9,0.71,0.16,0.00,1.00,0.00,1.00,2,6169,1036.0,2.50,-5.36,-0.47,9.20,87,269,3848,-0.0491,-0.030,0.702,0.631,2.82,-4.34,881,3367,539,0,0,3030,-0.0580,-0.068,1.154,1.082,2.65,-4.52,1102,2696,251,0,0,6681,0.0373,0.042,0.911,0.840,4.02,-3.14,990,5597,410,0,0,6155,0.0276,0.003,0.938,0.866,4.07,-3.09,991,5205,375,0,0
1.560,26.2,390.75,-13.32,-42.34,74.9,0.71,0.08,0.07,1.00,0.00,0.59,2,6405,1050.6,2.57,-5.17,-0.63,8.17,95,299,3763,-0.0509,-0.015,0.588,0.517,3.61,-3.55,852,3330,331,0,0,3628,-0.0568,0.009,1.124,1.053,3.44,-3.72,1127,3206,159,0,0,5976,0.0315,-0.048,0.840,0.769,4.65,-2.52,987,5068,456,0,0,5995,0.0256,-0.016,0.862,0.791,4.70,-2.46,987,5081,451,0,0
1.680,28.7,392.95,-13.16,-43.60,77.1,0.54,0.30,0.00,1.00,0.00,0.46,3,6441,1052.3,2.58,-5.00,-0.33,5.93,103,322,5182,-0.0429,0.067,-0.012,-0.060,3.38,-3.78,551,-1324,3563,0,0,3120,-0.0580,-0.009,0.130,0.059,3.20,-3.96,617,2410,1400,0,0,6570,0.0326,0.009,0.051,-0.020,4.03,-3.13,582,1963,3545,0,0,4793,0.0175,-0.068,0.060,-0.012,4.07,-3.10,582,1825,2644,0,0
1.800,31.3,395.17,-13.00,-44.95,79.2,0.52,0.42,0.07,1.00,0.00,1.00,3,5050,957.1,2.20,-4.77,0.30,2.95,112,321,5624,-0.0230,0.166,0.065,-0.006,5.01,-2.16,603,2760,3088,0,0,3473,-0.0582,-0.002,0.184,0.112,5.26,-1.90,667,2776,1323,0,0,6635,0.0379,0.045,0.117,0.045,2.99,-4.17,634,4913,2068,0,0,5151,0.0019,-0.130,0.123,0.052,3.00,-4.16,636,3971,1609,0,0
1.920,34.0,397.43,-12.84,-46.39,81.5,0.57,0.41,0.26,0.81,0.00,1.00,3,3177,596.3,1.47,-4.73,0.23,6.49,119,328,4713,-0.0284,-0.045,0.115,0.044,10.80,3.63,642,2230,3389,0,0,3053,-0.0618,-0.030,0.265,0.194,12.20,5.04,719,2202,1650,0,0,6615,0.0387,0.007,0.154,0.083,2.51,-4.66,677,5275,1453,0,0,5510,0.0048,0.024,0.166,0.095,2.53,-4.63,678,4520,1184,0,0
2.040,36.8,399.71,-12.67,-47.92,83.0,0.36,0.48,0.47,0.11,0.00,1.00,3,2727,110.5,0.66,-4.48,0.26,12.89,125,338,5585,-0.0267,0.014,-0.004,-0.067,15.04,7.88,576,120,4801,0,0,3238,-0.0626,-0.007,0.068,-0.004,17.31,10.15,599,846,2783,0,0,6083,0.0331,-0.047,-0.014,-0.058,2.62,-4.55,591,-486,2300,0,0,4345,-0.0028,-0.063,0.000,-0.071,2.66,-4.50,588,531,1716,0,0
2.160,39.5,401.93,-12.51,-49.51,81.7,-0.27,0.62,0.61,0.00,0.00,0.94,3,2599,-93.7,0.20,-3.68,0.57,19.70,131,329,2943,-0.0029,0.199,0.034,-0.037,22.35,15.18,557,150,2641,0,0,4599,-0.0496,0.108,0.044,-0.027,25.82,18.66,541,423,3965,0,0,5200,0.0195,-0.113,-0.028,-0.044,3.24,-3.92,574,-1665,2269,0,0,2964,-0.0291,-0.219,-0.009,-0.062,3.32,-3.84,570,-350,1399,0,0
2.280,42.2,404.07,-12.36,-51.14,80.7,-0.19,0.55,0.00,1.00,0.00,0.14,3,2689,143.5,0.73,-3.06,0.37,20.81,138,332,6750,0.0136,0.138,0.003,-0.068,1.95,-5.22,587,230,1752,0,0,5037,-0.0329,0.139,0.005,-0.066,1.96,-5.20,572,300,1372,0,0,4572,0.0033,-0.135,-0.007,-0.065,4.64,-2.52,582,-255,2709,0,0,3819,-0.0440,-0.124,0.019,-0.052,4.77,-2.39,580,558,2325,0,0
2.400,44.9,406.16,-12.20,-52.81,80.8,0.05,0.46,0.00,1.00,0.00,1.00,2,3798,827.4,1.84,-2.93,-0.19,14.64,139,342,5795,0.0010,-0.105,0.043,-0.028,2.94,-4.22,609,2793,2251,0,0,4381,-0.0316,0.011,0.074,0.002,2.94,-4.22,615,3010,1564,0,0,4924,-0.0044,-0.064,0.058,-0.014,4.80,-2.36,618,2354,2779,0,0,1693,-0.0377,0.053,0.092,0.021,4.74,-2.42,621,1048,952,0,0
2.520,47.6,408.24,-12.06,-54.57,82.5,0.44,0.50,0.13,1.00,0.00,1.00,2,3967,846.6,1.89,-3.48,-0.20,10.47,135,356,5254,-0.0140,-0.125,0.059,-0.012,7.59,0.43,626,2026,3478,0,0,2970,-0.0482,-0.138,0.132,0.061,8.31,1.15,659,1931,1749,0,0,6194,0.0105,0.124,0.078,0.006,4.22,-2.94,642,3578,2988,0,0,4803,-0.0237,0.117,0.093,0.022,4.28,-2.89,642,3113,2271,0,0
2.640,50.4,410.30,-11.91,-56.43,83.4,0.25,0.62,0.36,0.24,0.00,1.00,2,3714,143.9,0.89,-3.89,0.17,10.42,130,360,6244,-0.0138,0.001,0.016,-0.055,13.09,5.92,595,401,5220,0,0,3054,-0.0600,-0.099,0.057,-0.015,14.84,7.68,606,680,2657,0,0,6719,0.0321,0.180,0.001,-0.070,3.52,-3.64,601,346,3264,0,0,4671,-0.0149,0.073,0.013,-0.059,3.57,-3.60,600,881,2362,0,0
2.760,53.1,412.28,-11.77,-58.34,82.5,-0.16,0.67,0.00,1.00,0.00,1.00,2,3677,107.0,0.78,-3.50,0.36,13.73,132,343,6832,-0.0011,0.106,0.011,-0.061,1.71,-5.45,601,388,3376,0,0,3868,-0.0555,0.037,0.007,-0.064,1.63,-5.54,589,-64,2159,0,0,5729,0.0289,-0.027,0.001,-0.070,3.42,-3.74,596,-87,2698,0,0,3833,-0.0261,-0.093,0.018,-0.054,3.48,-3.68,595,520,1886,0,0
2.880,55.9,414.22,-11.63,-60.29,83.3,0.21,0.40,0.00,1.00,0.00,1.00,2,3885,837.3,1.87,-3.13,-0.36,8.13,139,346,5464,-0.0075,-0.053,0.043,-0.028,2.25,-4.91,626,2867,1713,0,0,4580,-0.0418,0.115,0.057,-0.015,2.18,-4.99,627,2878,1363,0,0,4977,0.0100,-0.158,0.052,-0.019,3.28,-3.89,631,2590,2176,0,0,4572,-0.0243,0.014,0.064,-0.008,3.31,-3.85,631,2699,1962,0,0
3.000,58.7,416.15,-11.49,-62.34,85.1,0.44,0.44,0.20,0.84,0.00,1.00,2,4039,854.4,1.91,-3.41,-0.59,7.90,140,356,5315,-0.0185,-0.092,0.056,-0.015,6.75,-0.41,643,1947,3621,0,0,4961,-0.0468,-0.041,0.107,0.035,7.52,0.36,665,2631,3200,0,0,6097,0.0144,0.037,0.063,-0.008,2.53,-4.64,652,3767,2033,0,0,4949,-0.0139,0.087,0.075,0.003,2.55,-4.61,653,3356,1635,0,0
3.120,61.6,418.05,-11.35,-64.46,85.7,0.18,0.57,0.36,0.30,0.00,1.00,2,3802,103.5,0.78,-3.58,-0.15,13.42,139,359,6390,-0.0124,0.051,0.018,-0.053,13.40,6.24,613,454,5330,0,0,3444,-0.0551,-0.069,0.049,-0.023,15.45,8.29,615,605,3014,0,0,6402,0.0285,0.117,-0.004,-0.067,2.48,-4.69,616,-148,2271,0,0,4307,-0.0151,-0.010,0.010,-0.061,2.52,-4.65,615,754,1601,0,0
3.240,64.4,419.88,-11.21,-66.63,84.7,-0.22,0.64,0.00,1.00,0.00,1.00,2,3668,-30.3,0.41,-3.02,0.05,19.79,142,352,7127,-0.0004,0.100,-0.023,-0.049,0.85,-6.31,601,-850,5565,0,0,4148,-0.0514,0.031,-0.034,-0.038,0.77,-6.40,579,-511,3523,0,0,5434,0.0222,-0.052,-0.019,-0.052,3.23,-3.93,602,-1563,2370,0,0,3411,-0.0292,-0.118,-0.001,-0.070,3.32,-3.85,598,-295,1597,0,0
3.360,67.2,421.64,-11.08,-68.82,84.9,0.07,0.42,0.00,1.00,0.00,1.00,2,3917,750.5,1.76,-2.58,-0.58,14.75,148,363,5976,-0.0013,-0.008,0.035,-0.036,2.22,-4.94,635,2504,1812,0,0,4927,-0.0367,0.123,0.043,-0.029,2.19,-4.98,628,2454,1477,0,0,4796,0.0020,-0.168,0.039,-0.032,4.03,-3.13,638,1652,2533,0,0,4282,-0.0333,-0.034,0.058,-0.013,4.11,-3.06,637,2084,2218,0,0
3.480,70.1,423.38,-10.96,-71.10,86.6,0.45,0.46,0.11,1.00,0.00,1.00,2,4102,862.0,1.93,-2.97,-0.82,10.18,148,382,5495,-0.0133,-0.100,0.054,-0.018,6.30,-0.86,656,2225,3275,0,0,3611,-0.0417,-0.042,0.094,0.023,6.91,-0.26,672,2110,2103,0,0,6125,0.0108,0.073,0.062,-0.010,3.53,-3.63,664,3326,2720,0,0,4951,-0.0185,0.124,0.075,0.004,3.57,-3.59,665,3068,2168,0,0
3.600,73.0,425.08,-10.83,-73.47,88.3,0.43,0.56,0.31,1.00,0.00,1.00,2,4289,883.3,1.98,-3.47,-0.47,12.14,144,394,5304,-0.0179,-0.038,0.068,-0.003,10.93,3.77,669,1563,4214,0,0,2486,-0.0586,-0.141,0.178,0.107,12.36,5.20,724,1436,1746,0,0,6952,0.0338,0.192,0.084,0.013,3.30,-3.87,691,4515,2613,0,0,5248,-0.0073,0.093,0.101,0.030,3.34,-3.82,692,3764,1923,0,0
3.720,76.0,426.76,-10.70,-75.93,90.3,0.49,0.45,0.00,1.00,0.00,1.00,2,4239,877.8,1.97,-3.58,-0.67,7.89,147,413,4658,-0.0254,-0.062,0.042,-0.030,2.39,-4.77,677,2352,1564,0,0,3383,-0.0620,-0.028,0.080,0.008,2.24,-4.92,694,2558,945,0,0,6289,0.0385,0.039,0.057,-0.015,3.27,-3.89,686,3422,2628,0,0,5518,0.0019,0.076,0.067,-0.004,3.30,-3.86,686,3351,2276,0,0
3.840,79.0,428.43,-10.58,-78.48,92.2,0.48,0.38,0.00,1.00,0.00,1.00,2,4282,882.7,1.98,-3.55,-1.07,1.75,152,422,4781,-0.0309,-0.046,0.041,-0.031,2.12,-5.04,688,2469,1493,0,0,3884,-0.0552,0.056,0.056,-0.016,1.95,-5.21,697,2536,1090,0,0,6177,0.0321,-0.054,0.049,-0.023,2.27,-4.89,693,3424,1993,0,0,5571,0.0071,0.044,0.051,-0.020,2.28,-4.89,694,3231,1806,0,0
3.960,82.2,430.09,-10.45,-81.11,94.2,0.48,0.29,0.05,1.00,0.00,1.00,2,4348,890.6,2.00,-3.54,-1.24,-1.13,159,424,4472,-0.0310,0.000,0.036,-0.036,1.45,-5.71,699,2306,1014,0,0,3716,-0.0500,0.044,0.046,-0.026,1.29,-5.88,707,2390,740,0,0,5214,0.0279,-0.035,0.046,-0.026,1.30,-5.86,705,3038,1035,0,0,5699,0.0090,0.016,0.043,-0.028,1.27,-5.89,704,3249,1120,0,0
4.080,85.3,431.75,-10.32,-83.82,96.2,0.46,0.30,0.22,1.00,0.00,1.00,2,4516,908.6,2.04,-3.45,-1.22,3.77,167,426,4900,-0.0332,-0.018,0.054,-0.017,6.61,-0.55,723,1869,3164,0,0,3512,-0.0526,-0.022,0.088,0.016,7.51,0.35,742,1803,2299,0,0,6064,0.0275,-0.003,0.057,-0.015,0.75,-6.42,730,4088,641,0,0,5058,0.0081,-0.007,0.062,-0.010,0.75,-6.41,730,3591,538,0,0
4.200,88.6,433.39,-10.19,-86.61,97.9,0.43,0.43,0.38,1.00,0.00,1.00,2,4720,926.8,2.10,-3.30,-0.86,16.07,174,442,5513,-0.0256,0.063,0.077,0.006,11.67,4.50,747,1686,4377,0,0,3214,-0.0574,-0.040,0.161,0.090,13.53,6.37,786,1624,2387,0,0,6412,0.0297,0.018,0.076,0.004,1.59,-5.57,761,4627,1197,0,0,4786,-0.0020,-0.085,0.096,0.025,1.62,-5.55,763,3779,860,0,0
4.320,91.9,435.00,-10.06,-89.48,99.6,0.41,0.54,0.00,1.00,0.00,1.00,2,4917,944.1,2.16,-3.19,-0.55,25.92,182,482,5999,-0.0158,0.082,0.063,-0.009,0.80,-6.36,768,2237,4328,0,0,3249,-0.0589,-0.013,0.175,0.103,0.67,-6.49,826,2209,1889,0,0,6608,0.0351,0.045,0.098,0.027,3.40,-3.76,794,4623,2311,0,0,4951,-0.0085,-0.054,0.130,0.059,3.50,-3.67,795,3846,1593,0,0
4.440,95.2,436.59,-9.94,-92.44,101.8,0.55,0.41,0.00,1.00,0.00,1.00,2,4849,938.0,2.14,-3.19,-1.00,16.26,188,541,4675,-0.0259,-0.083,0.054,-0.018,2.87,-4.29,774,2649,1742,0,0,3501,-0.0580,0.008,0.100,0.028,2.75,-4.41,794,2714,1071,0,0,6170,0.0348,-0.002,0.070,-0.001,4.47,-2.69,786,3319,3128,0,0,5474,0.0027,0.093,0.089,0.017,4.54,-2.62,786,3384,2671,0,0
4.560,98.7,438.14,-9.81,-95.50,103.7,0.51,0.49,0.13,1.00,0.00,1.00,2,4995,950.5,2.18,-3.18,-1.10,8.85,194,570,5087,-0.0288,-0.024,0.061,-0.010,5.21,-1.95,789,2356,2960,0,0,3181,-0.0592,-0.010,0.124,0.053,5.40,-1.76,829,2244,1590,0,0,6519,0.0339,-0.007,0.084,0.012,4.09,-3.07,808,3948,2982,0,0,5283,0.0035,0.007,0.095,0.023,4.13,-3.03,809,3462,2391,0,0
4.680,102.2,439.64,-9.68,-98.66,105.6,0.47,0.59,0.29,0.81,0.00,1.00,2,5222,969.5,2.24,-3.18,-0.75,10.86,201,582,6754,-0.0210,0.065,0.087,0.015,11.06,3.89,810,2333,5098,0,0,3038,-0.0619,-0.023,0.202,0.130,12.35,5.19,883,1867,2002,0,0,6794,0.0400,0.050,0.109,0.038,3.82,-3.34,843,4715,2617,0,0,5170,-0.0013,-0.041,0.123,0.051,3.86,-3.30,844,3827,1956,0,0
4.800,105.7,441.08,-9.56,-101.89,106.5,0.26,0.57,0.00,0.00,0.00,1.00,2,4714,43.7,0.73,-2.95,-0.72,7.71,209,594,5725,-0.0188,0.019,0.002,-0.070,2.97,-4.19,765,199,2425,0,0,3577,-0.0623,-0.003,0.002,-0.070,2.83,-4.33,760,102,1513,0,0,5828,0.0387,-0.011,-0.002,-0.070,3.70,-3.46,763,-55,2958,0,0,4620,-0.0049,-0.029,0.006,-0.066,3.73,-3.43,763,349,2409,0,0
4.920,109.2,442.46,-9.44,-105.13,105.6,-0.19,0.48,0.00,0.00,0.00,1.00,2,4609,-139.3,0.20,-2.26,-1.07,4.25,218,572,6578,-0.0090,0.081,-0.009,-0.063,2.68,-4.49,750,-765,2545,0,0,5222,-0.0420,0.169,-0.010,-0.061,2.59,-4.58,745,-761,2006,0,0,4693,0.0149,-0.198,-0.015,-0.056,3.10,-4.06,745,-902,2118,0,0,3883,-0.0185,-0.114,-0.012,-0.059,3.12,-4.04,744,-596,1791,0,0
5.040,112.7,443.77,-9.32,-108.38,105.1,-0.09,0.43,0.00,1.00,0.00,1.00,2,4739,439.9,1.47,-1.82,-1.21,3.64,229,548,6537,0.0007,0.081,0.015,-0.056,2.16,-5.00,766,1161,2093,0,0,5075,-0.0278,0.118,0.019,-0.052,2.12,-5.05,766,1220,1633,0,0,5107,-0.0002,-0.126,0.019,-0.053,2.53,-4.64,769,1093,1928,0,0,4207,-0.0288,-0.086,0.022,-0.049,2.54,-4.63,769,1115,1613,0,0
5.160,116.3,445.03,-9.21,-111.68,106.8,0.40,0.42,0.17,0.58,0.00,1.00,2,4934,637.2,1.74,-2.13,-1.23,5.64,229,552,5293,-0.0109,-0.097,0.031,-0.040,5.48,-1.68,789,1494,3359,0,0,3534,-0.0391,-0.094,0.065,-0.006,6.07,-1.09,809,1700,2274,0,0,5894,0.0081,0.069,0.038,-0.034,2.07,-5.10,797,3076,1735,0,0,4816,-0.0201,0.073,0.044,-0.027,2.08,-5.08,797,2785,1429,0,0
5.280,119.8,446.23,-9.10,-115.04,106.7,0.01,0.56,0.37,0.00,0.00,1.00,2,4649,-74.4,0.38,-2.30,-0.87,12.48,221,551,6358,-0.0110,-0.001,-0.002,-0.069,12.16,5.00,750,11,5306,0,0,3829,-0.0499,-0.090,0.011,-0.061,13.99,6.83,745,208,3380,0,0,6082,0.0200,0.099,-0.015,-0.056,2.18,-4.98,758,-1201,1910,0,0,4100,-0.0198,0.002,-0.006,-0.065,2.21,-4.96,755,-318,1355,0,0
5.400,123.4,447.34,-8.99,-118.38,105.3,-0.31,0.66,0.53,0.00,0.00,1.00,2,4473,-136.1,0.20,-1.83,-0.54,21.09,225,547,7466,0.0061,0.143,0.010,-0.061,19.59,12.43,724,160,6205,0,0,4370,-0.0445,0.045,0.025,-0.047,22.73,15.57,704,217,3827,0,0,5453,0.0150,-0.041,-0.034,-0.037,3.29,-3.87,735,-2065,2368,0,0,3297,-0.0357,-0.132,-0.018,-0.053,3.36,-3.80,731,-740,1546,0,0
5.520,126.8,448.35,-8.88,-121.70,103.7,-0.32,0.69,0.00,0.00,0.00,1.00,2,4526,-137.3,0.20,-1.22,-0.56,26.28,232,563,7572,0.0163,0.085,-0.009,-0.062,2.50,-4.66,744,-787,2788,0,0,4943,-0.0369,0.064,-0.008,-0.063,2.53,-4.63,725,-694,1983,0,0,4620,0.0027,-0.103,-0.026,-0.046,5.14,-2.03,732,-1094,2854,0,0,3131,-0.0505,-0.124,-0.003,-0.068,5.28,-1.88,728,-111,2053,0,0
5.640,130.3,449.28,-8.78,-125.01,102.8,-0.15,0.61,0.00,1.00,0.00,1.00,2,4569,115.3,0.94,-1.02,-0.98,22.02,231,592,7131,0.0110,-0.045,0.005,-0.066,4.13,-3.03,746,284,3732,0,0,4993,-0.0300,0.057,0.007,-0.064,4.19,-2.97,731,266,2745,0,0,4997,-0.0070,-0.081,-0.003,-0.068,6.33,-0.83,741,-146,3554,0,0,3616,-0.0489,0.014,0.019,-0.053,6.48,-0.68,740,426,2653,0,0
5.760,133.7,450.10,-8.69,-128.35,103.2,0.19,0.74,0.20,0.51,0.00,1.00,2,4882,592.4,1.67,-1.39,-0.78,20.01,224,611,6323,0.0048,-0.052,0.051,-0.020,9.25,2.09,776,1613,4851,0,0,3052,-0.0438,-0.115,0.114,0.042,10.04,2.87,804,1475,2271,0,0,6210,0.0086,0.131,0.060,-0.011,6.81,-0.35,790,2310,4182,0,0,4221,-0.0402,0.072,0.083,0.012,6.95,-0.21,791,2051,2817,0,0
5.880,137.2,450.81,-8.61,-131.72,103.0,0.03,0.82,0.40,0.23,0.00,1.00,2,4438,-96.0,0.31,-1.66,-0.49,15.64,214,618,6804,0.0014,-0.029,0.006,-0.065,17.16,9.99,714,129,5728,0,0,3198,-0.0573,-0.112,0.035,-0.036,19.20,12.04,714,333,2855,0,0,6303,0.0259,0.144,-0.024,-0.048,6.80,-0.37,722,-822,4516,0,0,4018,-0.0327,0.063,-0.010,-0.061,6.91,-0.26,720,-160,3043,0,0
6.000,140.6,451.41,-8.52,-135.07,102.0,-0.12,0.83,0.00,1.00,0.00,1.00,2,4619,375.5,1.37,-1.38,-0.46,14.41,213,601,7313,0.0083,0.058,0.020,-0.051,5.19,-1.97,748,1041,4593,0,0,4121,-0.0517,0.046,0.032,-0.040,5.18,-1.98,746,877,2738,0,0,5675,0.0213,-0.039,0.022,-0.049,6.66,-0.50,750,684,4080,0,0,3692,-0.0395,-0.057,0.038,-0.034,6.76,-0.40,749,840,2728,0,0
6.120,144.0,451.90,-8.44,-138.46,103.4,0.40,0.66,0.00,1.00,0.00,1.00,2,5080,957.8,2.20,-1.57,-0.91,10.28,214,610,5330,-0.0026,-0.091,0.076,0.005,5.31,-1.85,799,2810,3040,0,0,3627,-0.0497,0.017,0.147,0.076,5.27,-1.90,843,2697,1649,0,0,6219,0.0215,0.002,0.108,0.037,6.32,-0.84,823,3607,3539,0,0,4963,-0.0260,0.113,0.121,0.050,6.38,-0.78,824,3112,2785,0,0
6.240,147.5,452.31,-8.37,-141.93,105.5,0.55,0.58,0.00,1.00,0.00,1.00,2,5191,967.2,2.23,-2.08,-1.30,3.42,208,624,4686,-0.0211,-0.154,0.070,-0.001,4.93,-2.23,808,2471,2636,0,0,3088,-0.0566,-0.058,0.158,0.087,4.80,-2.37,872,2423,1261,0,0,6645,0.0321,0.088,0.111,0.040,5.22,-1.94,839,4208,3286,0,0,5568,-0.0035,0.187,0.116,0.044,5.24,-1.93,840,3664,2764,0,0
6.360,151.0,452.63,-8.30,-145.47,107.7,0.56,0.53,0.00,1.00,0.00,1.00,2,5175,965.9,2.23,-2.44,-1.39,-2.75,206,620,4967,-0.0281,-0.058,0.050,-0.021,3.86,-3.30,808,2359,2497,0,0,3221,-0.0605,-0.033,0.124,0.052,3.68,-3.49,867,2503,1218,0,0,6881,0.0416,0.079,0.087,0.015,3.54,-3.62,836,4445,2791,0,0,5740,0.0083,0.098,0.085,0.013,3.53,-3.63,837,3762,2387,0,0
6.480,154.7,452.89,-8.22,-149.10,109.7,0.48,0.43,0.00,0.00,0.00,1.00,2,4919,342.1,1.37,-2.57,-1.51,-6.92,210,602,4749,-0.0317,-0.030,0.012,-0.060,2.43,-4.74,791,918,1795,0,0,3471,-0.0601,0.004,0.017,-0.054,2.23,-4.93,800,1177,1233,0,0,6594,0.0435,0.016,0.016,-0.055,1.72,-5.44,795,1964,1806,0,0,5846,0.0149,0.055,0.011,-0.061,1.71,-5.45,796,1336,1624,0,0
6.600,158.3,453.11,-8.15,-152.74,109.2,-0.10,0.32,0.17,0.00,0.00,1.00,2,4773,-143.2,0.20,-1.98,-1.73,-3.01,221,558,5965,-0.0229,0.073,-0.008,-0.064,4.93,-2.24,771,-506,3184,0,0,4923,-0.0440,0.134,-0.009,-0.063,5.51,-1.66,772,-446,2856,0,0,4898,0.0228,-0.173,-0.010,-0.062,0.50,-6.67,773,-864,437,0,0,4305,0.0017,-0.110,-0.012,-0.060,0.49,-6.67,773,-968,386,0,0
6.720,161.9,453.25,-8.08,-156.34,108.0,-0.27,0.50,0.30,0.00,0.00,1.00,2,4680,-141.0,0.20,-1.17,-1.31,13.95,238,526,7760,0.0030,0.216,-0.007,-0.064,10.19,3.03,761,-295,6069,0,0,5247,-0.0298,0.119,-0.007,-0.064,11.98,4.82,746,-189,4427,0,0,4994,0.0063,-0.137,-0.020,-0.051,0.90,-6.26,763,-1724,612,0,0,2945,-0.0274,-0.242,-0.011,-0.060,0.91,-6.25,759,-622,382,0,0
6.840,165.5,453.33,-8.00,-159.91,106.7,-0.30,0.64,0.00,0.00,0.00,1.00,2,4599,-138.9,0.20,-0.62,-0.83,28.26,247,542,7892,0.0182,0.127,-0.023,-0.048,0.27,-6.89,758,-1260,5432,0,0,4727,-0.0306,-0.007,-0.036,-0.036,0.26,-6.91,727,-916,3663,0,0,5134,0.0014,-0.041,-0.032,-0.039,3.00,-4.16,750,-2060,2009,0,0,2882,-0.0476,-0.168,-0.011,-0.060,3.08,-4.08,745,-478,1234,0,0
6.960,169.0,453.34,-7.94,-163.45,105.7,-0.20,0.44,0.00,0.00,0.00,1.00,2,4611,-139.3,0.20,-0.43,-1.33,22.55,245,587,6475,0.0088,-0.079,-0.009,-0.062,2.75,-4.41,758,-807,2401,0,0,5265,-0.0262,0.036,-0.011,-0.060,2.78,-4.38,739,-808,2010,0,0,4489,-0.0110,-0.103,-0.026,-0.045,4.95,-2.21,745,-1072,2745,0,0,3782,-0.0460,0.013,-0.007,-0.064,5.06,-2.10,742,-245,2415,0,0
7.080,172.5,453.26,-7.88,-166.95,104.6,-0.20,0.69,0.21,0.00,0.00,1.00,2,4492,-136.5,0.20,-0.47,-1.10,21.85,237,603,7444,0.0098,0.009,-0.014,-0.058,9.46,2.30,737,-492,5803,0,0,4168,-0.0319,-0.047,-0.020,-0.051,10.52,3.36,714,-382,3521,0,0,5363,-0.0059,0.042,-0.035,-0.037,5.72,-1.44,730,-1436,3499,0,0,3454,-0.0481,-0.018,-0.017,-0.054,5.84,-1.32,727,-462,2410,0,0
7.200,176.0,453.08,-7.82,-170.40,103.2,-0.24,0.83,0.41,0.00,0.00,1.00,2,4356,-133.5,0.20,-0.44,-0.53,23.43,230,608,7718,0.0169,0.059,-0.004,-0.067,16.67,9.50,713,-127,6383,0,0,3873,-0.0433,-0.095,-0.004,-0.067,18.85,11.69,687,-76,3440,0,0,5645,0.0074,0.111,-0.045,-0.026,6.74,-0.42,711,-1691,3916,0,0,3237,-0.0529,-0.040,-0.026,-0.045,6.90,-0.26,708,-597,2434,0,0
7.320,179.4,452.79,-7.77,-173.80,101.5,-0.29,0.84,0.53,0.00,0.00,1.00,2,4178,-129.5,0.20,-0.23,-0.51,24.98,226,613,7639,0.0185,0.013,0.014,-0.057,24.07,16.91,680,154,6288,0,0,4358,-0.0431,0.002,0.029,-0.042,27.42,20.26,654,190,3786,0,0,5165,0.0049,-0.020,-0.063,-0.009,7.93,0.77,686,-1816,3760,0,0,3141,-0.0567,-0.032,-0.042,-0.030,8.14,0.98,683,-779,2480,0,0
7.440,182.8,452.40,-7.72,-177.12,99.6,-0.33,0.86,0.63,0.00,0.00,1.00,2,3978,-125.1,0.20,0.00,-0.60,27.08,221,618,7901,0.0217,0.026,0.014,-0.057,28.25,21.09,645,193,6405,0,0,4735,-0.0369,0.051,0.036,-0.035,32.20,25.04,615,276,4034,0,0,4977,-0.0009,-0.049,-0.081,0.010,9.26,2.09,659,-1939,3711,0,0,3202,-0.0599,-0.026,-0.058,-0.013,9.52,2.36,656,-938,2594,0,0
7.560,186.0,451.91,-7.68,-180.36,97.5,-0.34,0.87,0.63,0.00,0.00,1.00,2,3841,-122.0,0.20,0.21,-0.63,28.30,215,623,7838,0.0228,0.009,0.017,-0.055,29.78,22.61,624,210,6343,0,0,4641,-0.0357,0.010,0.039,-0.033,33.83,26.67,591,266,3950,0,0,5065,-0.0028,-0.016,-0.091,0.019,10.69,3.52,637,-1917,3880,0,0,3021,-0.0613,-0.012,-0.066,-0.005,11.02,3.86,634,-881,2518,0,0
7.680,189.2,451.32,-7.64,-183.52,95.4,-0.33,0.87,0.64,0.00,0.00,1.00,2,3696,-118.8,0.20,0.39,-0.67,29.24,208,628,7688,0.0214,-0.012,0.020,-0.051,31.54,24.38,601,229,6219,0,0,4572,-0.0363,-0.005,0.044,-0.027,35.72,28.56,567,280,3883,0,0,4958,-0.0054,-0.022,-0.102,0.030,12.23,5.07,613,-1860,3866,0,0,2983,-0.0631,-0.015,-0.076,0.004,12.63,5.47,610,-874,2523,0,0
7.800,192.4,450.64,-7.60,-186.58,93.1,-0.33,0.88,0.65,0.00,0.00,1.00,2,3547,-115.5,0.20,0.52,-0.68,30.33,200,630,7861,0.0223,0.008,0.021,-0.050,33.17,26.01,577,237,6319,0,0,4695,-0.0348,0.013,0.046,-0.025,37.45,30.29,542,291,3967,0,0,4984,-0.0068,-0.011,-0.112,0.041,13.83,6.67,589,-1837,3924,0,0,2951,-0.0645,-0.012,-0.085,0.013,14.31,7.15,586,-858,2517,0,0
7.920,195.4,449.86,-7.57,-189.54,90.8,-0.33,0.90,0.66,0.00,0.00,1.00,2,3401,-112.3,0.20,0.60,-0.66,30.70,191,630,7881,0.0233,0.008,0.025,-0.046,35.03,27.87,553,270,6312,0,0,4667,-0.0348,0.000,0.054,-0.017,39.44,32.28,517,320,3932,0,0,5119,-0.0049,0.016,-0.120,0.048,15.45,8.28,567,-1810,4061,0,0,3098,-0.0625,0.016,-0.091,0.019,16.00,8.84,564,-865,2653,0,0
8.040,198.4,449.01,-7.54,-192.40,88.4,-0.32,0.90,0.67,0.00,0.00,1.00,2,3249,-108.9,0.20,0.70,-0.68,30.55,182,626,7692,0.0216,-0.014,0.030,-0.041,36.93,29.77,528,296,6163,0,0,4603,-0.0357,-0.007,0.062,-0.009,41.47,34.31,492,343,3870,0,0,5106,-0.0038,0.009,-0.129,0.057,17.03,9.87,542,-1768,4068,0,0,3141,-0.0612,0.011,-0.099,0.027,17.65,10.49,540,-867,2690,0,0
8.160,201.3,448.07,-7.52,-195.14,86.0,-0.31,0.90,0.68,0.00,0.00,1.00,2,3087,-105.3,0.20,0.85,-0.69,30.72,173,619,7841,0.0210,-0.005,0.032,-0.039,38.72,31.56,501,307,6247,0,0,4770,-0.0348,0.007,0.066,-0.005,43.39,36.22,465,360,3987,0,0,4981,-0.0055,-0.014,-0.140,0.069,18.59,11.43,517,-1728,3971,0,0,3024,-0.0619,-0.006,-0.110,0.038,19.29,12.13,514,-849,2587,0,0
8.280,204.2,447.06,-7.50,-197.78,83.8,-0.21,0.94,0.00,1.00,0.00,1.00,2,3634,221.5,1.05,0.89,-0.61,32.45,164,610,8029,0.0225,0.012,0.030,-0.041,16.32,9.16,601,527,6585,0,0,4595,-0.0366,-0.015,0.027,-0.044,16.98,9.82,575,85,4030,0,0,5376,-0.0037,0.015,0.011,-0.060,20.07,12.91,590,-33,4639,0,0,3253,-0.0613,0.005,0.055,-0.017,20.89,13.72,590,317,2895,0,0
8.400,207.0,445.93,-7.48,-200.34,83.7,0.31,0.90,0.00,1.00,0.00,1.00,2,4460,902.4,2.03,0.36,-0.62,31.39,155,620,6160,0.0129,-0.080,0.190,0.118,17.60,10.44,689,2734,4470,0,0,3513,-0.0459,-0.078,0.352,0.281,18.24,11.08,753,2301,2110,0,0,6435,0.0154,0.159,0.249,0.178,21.15,13.99,724,2993,4512,0,0,4648,-0.0435,0.148,0.303,0.232,21.97,14.81,725,2497,3166,0,0
8.520,209.8,444.68,-7.47,-202.87,84.7,0.54,0.76,0.00,1.00,0.00,1.00,2,4737,928.3,2.10,-0.37,-1.08,23.42,143,644,4884,-0.0111,-0.200,0.228,0.156,18.80,11.64,712,2428,3479,0,0,3153,-0.0550,-0.076,0.461,0.390,19.22,12.06,822,2290,1632,0,0,6919,0.0360,0.172,0.322,0.251,21.39,14.23,767,3780,4344,0,0,5698,-0.0079,0.297,0.365,0.293,22.00,14.84,767,3362,3487,0,0
8.640,212.6,443.30,-7.45,-205.36,85.7,0.56,0.75,0.00,1.00,0.00,1.00,2,4837,937.0,2.13,-0.75,-1.21,14.81,139,658,5207,-0.0211,-0.083,0.214,0.143,18.93,11.77,709,2466,3761,0,0,3079,-0.0600,-0.041,0.494,0.422,19.12,11.95,857,2294,1516,0,0,7024,0.0464,0.087,0.339,0.267,20.55,13.39,782,4031,4222,0,0,5655,0.0072,0.126,0.367,0.295,20.92,13.76,783,3437,3374,0,0
8.760,215.5,441.79,-7.44,-207.81,86.9,0.56,0.76,0.00,1.00,0.00,1.00,2,4873,940.2,2.14,-0.88,-1.16,8.02,141,657,5899,-0.0173,0.032,0.181,0.110,18.09,10.92,701,2514,4367,0,0,3491,-0.0598,0.001,0.489,0.418,18.11,10.94,875,2621,1650,0,0,6968,0.0486,0.018,0.328,0.256,18.96,11.80,788,4109,4105,0,0,5496,0.0085,0.011,0.343,0.272,19.14,11.98,789,3393,3260,0,0
8.880,218.4,440.14,-7.42,-210.23,88.1,0.56,0.77,0.12,0.77,0.00,1.00,2,4890,941.7,2.15,-1.02,-1.13,2.02,145,644,5597,-0.0166,0.006,0.177,0.106,18.51,11.35,706,2330,4204,0,0,3201,-0.0599,-0.001,0.469,0.398,18.74,11.58,878,2362,1602,0,0,7163,0.0521,0.029,0.304,0.232,16.73,9.57,790,4300,4134,0,0,5641,0.0088,0.002,0.309,0.237,16.77,9.61,791,3510,3321,0,0
9.000,221.4,438.38,-7.40,-212.59,88.7,0.37,0.84,0.30,0.20,0.00,1.00,2,4017,109.2,0.84,-0.91,-0.95,-4.78,150,610,6118,-0.0148,0.015,0.025,-0.046,22.87,15.71,598,502,5159,0,0,3276,-0.0626,-0.023,0.207,0.135,24.14,16.98,699,1426,2532,0,0,6657,0.0486,-0.029,0.055,-0.016,13.64,6.48,647,1604,5371,0,0,4436,0.0003,-0.070,0.051,-0.021,13.57,6.41,648,1066,3741,0,0
9.120,224.3,436.52,-7.38,-214.86,87.3,-0.15,0.92,0.46,0.00,0.00,1.00,2,3502,-114.5,0.20,-0.37,-0.52,-8.89,155,534,7676,0.0055,0.170,0.004,-0.067,27.17,20.01,556,-1,6274,0,0,4079,-0.0550,0.064,0.032,-0.040,29.76,22.60,563,222,3539,0,0,5521,0.0347,-0.116,-0.059,-0.013,10.08,2.92,574,-1415,4412,0,0,3984,-0.0270,-0.228,-0.072,0.000,9.97,2.81,574,-1253,3209,0,0
9.240,227.2,434.62,-7.36,-217.00,85.3,-0.35,0.89,0.65,0.00,0.00,1.00,2,3424,-112.7,0.20,0.12,-0.42,-4.19,159,457,8773,0.0301,0.204,0.010,-0.061,28.12,20.96,543,190,6993,0,0,5324,-0.0337,0.178,0.030,-0.041,31.64,24.47,537,275,4494,0,0,4901,0.0152,-0.162,-0.059,-0.013,7.24,0.08,568,-1707,3553,0,0,2745,-0.0482,-0.177,-0.066,-0.005,7.20,0.04,567,-1110,2028,0,0
9.360,230.0,432.68,-7.34,-219.02,83.3,-0.39,0.83,0.69,0.00,0.00,1.00,2,3368,-111.5,0.20,0.33,-0.55,1.25,158,398,8160,0.0323,0.019,0.013,-0.058,28.93,21.77,530,180,6569,0,0,5124,-0.0277,0.050,0.034,-0.038,33.11,25.95,516,267,4326,0,0,4910,0.0057,-0.079,-0.045,-0.026,5.19,-1.97,568,-1776,3080,0,0,3055,-0.0544,-0.051,-0.047,-0.025,5.20,-1.96,566,-1177,1975,0,0
9.480,232.7,430.71,-7.32,-220.93,81.4,-0.37,0.74,0.69,0.00,0.00,1.00,2,3337,-110.8,0.20,0.43,-0.74,8.37,151,356,7532,0.0246,-0.064,0.015,-0.056,27.28,20.11,529,197,6156,0,0,5075,-0.0287,-0.008,0.033,-0.039,31.50,24.34,511,264,4302,0,0,4622,-0.0057,-0.095,-0.042,-0.029,4.20,-2.96,561,-1834,2524,0,0,2913,-0.0600,-0.047,-0.036,-0.036,4.25,-2.91,559,-1042,1672,0,0
9.600,235.4,428.72,-7.30,-222.72,79.7,-0.36,0.71,0.70,0.00,0.00,1.00,2,3286,-109.6,0.20,0.45,-0.77,16.04,143,331,12573,0.0213,-0.027,0.017,-0.055,26.52,19.36,524,371,9302,0,0,5390,-0.0289,-0.002,0.034,-0.037,30.80,23.64,502,306,4548,0,0,4766,-0.0111,-0.045,-0.044,-0.028,4.17,-3.00,551,-1968,2528,0,0,3017,-0.0640,-0.033,-0.029,-0.043,4.25,-2.91,548,-898,1722,0,0
9.720,238.0,426.71,-7.28,-224.41,77.9,-0.36,0.75,0.71,0.00,0.00,1.00,2,3212,-108.0,0.20,0.33,-0.62,23.17,137,318,8163,0.0275,0.052,0.016,-0.056,26.50,19.34,515,226,6604,0,0,4937,-0.0279,0.008,0.037,-0.035,30.85,23.69,489,291,4200,0,0,5001,-0.0091,0.017,-0.049,-0.022,4.88,-2.28,539,-2052,2878,0,0,2917,-0.0653,-0.011,-0.026,-0.046,5.04,-2.12,535,-701,1851,0,0
9.840,240.6,424.69,-7.26,-225.98,76.1,-0.35,0.78,0.71,0.00,0.00,1.00,2,3127,-106.1,0.20,0.26,-0.56,26.42,130,312,7842,0.0256,-0.016,0.018,-0.053,27.21,20.05,503,251,6375,0,0,4588,-0.0324,-0.038,0.042,-0.029,31.61,24.45,475,307,3920,0,0,5298,-0.0012,0.065,-0.054,-0.018,5.85,-1.31,525,-2062,3363,0,0,3237,-0.0593,0.050,-0.026,-0.046,6.07,-1.09,521,-659,2279,0,0
9.960,243.1,422.65,-7.24,-227.43,74.4,-0.34,0.78,0.72,0.00,0.00,1.00,2,3023,-103.8,0.20,0.38,-0.57,28.39,124,310,7683,0.0223,-0.028,0.020,-0.052,28.21,21.05,488,258,6252,0,0,4542,-0.0355,-0.026,0.045,-0.027,32.68,25.52,458,314,3877,0,0,4975,-0.0032,-0.016,-0.064,-0.007,6.96,-0.20,507,-1983,3407,0,0,2983,-0.0610,-0.015,-0.033,-0.039,7.25,0.09,503,-655,2277,0,0
10.080,245.5,420.60,-7.22,-228.76,72.6,-0.33,0.79,0.73,0.00,0.00,1.00,2,2915,-101.3,0.20,0.56,-0.54,30.24,119,308,7912,0.0219,-0.003,0.020,-0.051,29.33,22.17,471,262,6397,0,0,4681,-0.0353,0.002,0.046,-0.025,33.90,26.74,440,318,3977,0,0,4941,-0.0064,-0.026,-0.074,0.002,8.19,1.02,489,-1960,3566,0,0,2797,-0.0651,-0.035,-0.039,-0.032,8.55,1.39,486,-636,2261,0,0
10.200,247.9,418.54,-7.21,-229.97,71.0,-0.25,0.84,0.00,1.00,0.00,1.00,2,3183,190.4,0.92,0.59,-0.40,32.76,114,306,8246,0.0275,0.047,0.029,-0.042,4.76,-2.40,534,206,6354,0,0,4503,-0.0336,0.014,0.007,-0.064,4.99,-2.17,499,-491,3810,0,0,5300,-0.0056,0.007,-0.004,-0.068,9.40,2.24,517,-476,4293,0,0,2985,-0.0668,-0.014,0.044,-0.028,9.87,2.70,516,399,2536,0,0
10.320,250.3,416.43,-7.20,-231.08,71.9,0.33,0.74,0.00,1.00,0.00,1.00,2,3525,796.0,1.76,-0.03,-0.54,27.65,110,321,6041,0.0131,-0.120,0.066,-0.005,6.30,-0.86,557,2626,3805,0,0,3482,-0.0444,-0.090,0.157,0.086,6.50,-0.67,581,2496,1770,0,0,6384,0.0143,0.166,0.096,0.025,10.12,2.96,573,2527,4672,0,0,4650,-0.0432,0.197,0.142,0.071,10.53,3.37,573,2468,3206,0,0
10.440,252.7,414.23,-7.19,-232.11,73.4,0.49,0.70,0.00,1.00,0.00,1.00,2,3631,808.2,1.79,-0.77,-0.84,17.01,104,339,5272,-0.0083,-0.179,0.069,-0.002,7.06,-0.10,565,2196,3594,0,0,2886,-0.0567,-0.102,0.181,0.110,7.11,-0.05,610,2141,1455,0,0,6963,0.0363,0.183,0.112,0.040,9.36,2.20,588,3226,4747,0,0,5397,-0.0121,0.259,0.140,0.069,9.59,2.43,588,2956,3551,0,0
10.560,255.2,411.93,-7.19,-233.06,75.0,0.49,0.69,0.00,1.00,0.00,1.00,2,3676,813.3,1.81,-1.07,-0.88,7.01,104,343,5461,-0.0167,-0.070,0.059,-0.012,6.61,-0.56,568,2079,3709,0,0,3605,-0.0639,-0.060,0.171,0.100,6.51,-0.65,621,2649,1764,0,0,6960,0.0459,0.080,0.107,0.035,7.53,0.37,594,3583,4369,0,0,5316,-0.0013,0.090,0.119,0.048,7.60,0.44,595,3015,3325,0,0
10.680,257.7,409.55,-7.18,-233.92,76.8,0.49,0.66,0.00,1.00,0.00,1.00,2,3657,811.3,1.80,-1.10,-0.87,0.11,108,334,5928,-0.0154,0.011,0.047,-0.024,5.13,-2.03,574,2211,3613,0,0,3429,-0.0616,0.019,0.109,0.038,4.98,-2.18,608,2345,1748,0,0,6589,0.0440,-0.015,0.079,0.008,5.13,-2.03,592,3497,3665,0,0,4994,-0.0034,-0.017,0.081,0.010,5.13,-2.03,593,2784,2839,0,0
10.800,260.3,407.08,-7.17,-234.72,78.7,0.48,0.57,0.12,1.00,0.00,1.00,2,3678,813.6,1.81,-1.17,-1.03,-3.17,113,321,5563,-0.0161,-0.006,0.044,-0.028,5.39,-1.77,585,1938,3440,0,0,3583,-0.0574,0.035,0.078,0.007,5.61,-1.56,607,1952,2143,0,0,6612,0.0395,-0.038,0.057,-0.014,2.78,-4.38,594,3710,2552,0,0,5332,-0.0018,0.013,0.055,-0.017,2.77,-4.39,595,2984,2117,0,0
10.920,263.0,404.53,-7.17,-235.47,80.3,0.42,0.54,0.25,0.83,0.00,1.00,2,3681,603.5,1.54,-1.13,-1.12,3.76,119,309,5643,-0.0177,-0.013,0.033,-0.038,9.79,2.63,588,1000,4536,0,0,3521,-0.0564,0.008,0.078,0.007,11.17,4.00,607,1249,2839,0,0,6277,0.0360,-0.029,0.029,-0.042,1.52,-5.64,594,2950,1456,0,0,4929,-0.0027,-0.007,0.035,-0.036,1.53,-5.63,594,2628,1161,0,0
11.040,265.7,401.93,-7.16,-236.14,80.6,0.08,0.55,0.50,0.01,0.00,1.00,2,3531,29.0,0.55,-0.74,-1.03,14.60,124,303,6497,-0.0108,0.057,0.013,-0.058,15.06,7.90,569,374,5478,0,0,4048,-0.0521,0.036,0.039,-0.032,17.57,10.41,565,527,3547,0,0,5550,0.0263,-0.081,-0.004,-0.067,1.76,-5.40,580,-339,1414,0,0,3887,-0.0149,-0.102,-0.001,-0.071,1.80,-5.37,571,-64,1037,0,0
11.160,268.3,399.34,-7.16,-236.74,79.3,-0.28,0.64,0.68,0.00,0.00,1.00,2,3343,-111.0,0.20,0.02,-0.77,25.46,130,299,8045,0.0098,0.172,0.008,-0.063,21.47,14.31,541,175,6591,0,0,5077,-0.0378,0.119,0.026,-0.046,25.18,18.01,517,282,4361,0,0,4929,0.0107,-0.130,-0.038,-0.033,3.11,-4.05,555,-2117,1999,0,0,2810,-0.0382,-0.194,-0.013,-0.058,3.22,-3.94,550,-469,1258,0,0
11.280,271.0,396.78,-7.15,-237.23,77.7,-0.34,0.73,0.71,0.00,0.00,1.00,2,3209,-108.0,0.20,0.59,-0.51,33.41,133,307,8359,0.0256,0.132,0.014,-0.057,25.48,18.31,520,223,6753,0,0,5095,-0.0298,0.067,0.035,-0.036,29.80,22.64,487,304,4332,0,0,5019,0.0001,-0.088,-0.054,-0.017,5.16,-2.00,537,-2182,2905,0,0,2788,-0.0553,-0.143,-0.019,-0.052,5.40,-1.76,532,-482,1831,0,0
11.400,273.5,394.26,-7.15,-237.62,75.9,-0.33,0.78,0.72,0.00,0.00,1.00,2,3087,-105.3,0.20,0.92,-0.40,37.44,132,320,8010,0.0274,0.015,0.018,-0.054,27.39,20.23,503,247,6490,0,0,4745,-0.0310,-0.010,0.041,-0.030,31.86,24.70,467,307,4044,0,0,4858,-0.0052,-0.044,-0.072,0.001,7.45,0.29,516,-2044,3355,0,0,2757,-0.0637,-0.069,-0.030,-0.041,7.85,0.69,511,-530,2170,0,0
11.520,276.0,391.77,-7.15,-237.89,74.8,-0.15,0.79,0.00,1.00,0.00,1.00,2,3362,214.0,1.01,1.01,-0.37,38.36,127,335,7217,0.0221,-0.044,0.012,-0.059,4.55,-2.61,554,650,4107,0,0,4174,-0.0366,-0.046,0.026,-0.046,4.78,-2.38,531,964,2603,0,0,5149,-0.0062,-0.008,-0.001,-0.070,9.69,2.53,547,-77,4218,0,0,3168,-0.0649,-0.010,0.052,-0.019,10.23,3.07,545,781,2634,0,0
11.640,278.5,389.26,-7.16,-238.06,75.8,0.36,0.70,0.00,1.00,0.00,1.00,2,3766,823.6,1.83,0.50,-0.56,31.73,121,364,5924,0.0056,-0.137,0.077,0.005,6.77,-0.39,593,2737,3782,0,0,3512,-0.0459,-0.078,0.180,0.109,7.00,-0.16,622,2585,1728,0,0,6081,0.0084,0.122,0.111,0.039,10.91,3.75,612,2560,4446,0,0,4471,-0.0434,0.179,0.162,0.090,11.40,4.24,612,2464,3046,0,0
11.760,281.1,386.69,-7.18,-238.13,77.4,0.52,0.68,-0.12,1.00,0.00,1.00,2,3880,836.7,1.86,-0.27,-0.69,21.18,115,394,5288,-0.0108,-0.137,0.063,-0.008,5.88,-1.29,595,2363,3300,0,0,2914,-0.0574,-0.096,0.214,0.142,6.32,-0.84,660,2334,1193,0,0,7049,0.0334,0.208,0.128,0.056,10.88,3.72,628,3279,4862,0,0,5742,-0.0132,0.251,0.163,0.091,11.19,4.03,628,3148,3778,0,0
11.880,283.7,384.07,-7.20,-238.08,79.3,0.53,0.54,-0.31,1.00,0.00,1.00,2,3808,828.8,1.84,-0.68,-1.03,-0.03,114,408,4612,-0.0229,-0.101,0.043,-0.028,-1.73,-5.43,593,2577,-1001,0,0,3543,-0.0596,-0.018,0.118,0.047,-0.30,-6.86,635,3065,-39,0,0,6716,0.0442,0.090,0.100,0.028,9.01,1.84,618,2974,4669,0,0,5946,0.0076,0.173,0.101,0.029,9.01,1.85,618,2731,4164,0,0
12.000,286.4,381.40,-7.21,-237.95,81.0,0.48,0.60,0.00,1.00,0.00,1.00,2,3895,838.7,1.87,-0.71,-1.11,-12.97,118,383,5578,-0.0243,-0.012,0.056,-0.015,6.37,-0.80,604,2108,3797,0,0,3088,-0.0583,0.011,0.129,0.057,6.10,-1.07,657,2065,1744,0,0,6787,0.0419,-0.019,0.099,0.027,4.67,-2.49,629,4160,3380,0,0,4981,0.0079,0.003,0.083,0.012,4.59,-2.57,631,2916,2676,0,0
12.120,289.1,378.67,-7.23,-237.71,83.0,0.51,0.50,-0.11,1.00,0.00,1.00,2,3829,831.0,1.85,-0.69,-0.97,-13.27,125,351,5426,-0.0190,0.044,0.028,-0.044,1.48,-5.68,607,2254,1601,0,0,3664,-0.0580,0.002,0.053,-0.019,1.55,-5.61,632,2410,1027,0,0,6189,0.0392,-0.022,0.051,-0.021,1.62,-5.54,619,3780,1608,0,0,5239,-0.0003,-0.068,0.035,-0.036,1.60,-5.56,621,2680,1422,0,0
12.240,291.9,375.88,-7.25,-237.44,85.1,0.49,0.14,0.00,1.00,0.00,1.00,2,3902,839.3,1.87,-0.77,-1.92,-13.50,131,331,4182,-0.0323,-0.111,0.038,-0.034,1.20,-5.96,628,2261,915,0,0,4700,-0.0429,0.126,0.032,-0.040,1.03,-6.13,635,2309,913,0,0,5601,0.0243,-0.124,0.044,-0.027,-0.53,-6.63,632,3506,-264,0,0,6059,0.0138,0.117,0.028,-0.043,-0.52,-6.64,633,2809,-292,0,0
12.360,294.8,373.01,-7.27,-237.15,87.2,0.50,-0.01,0.00,1.00,0.00,1.00,2,4004,850.9,1.90,-0.82,-2.48,-7.23,138,352,3936,-0.0411,-0.073,0.041,-0.031,-0.36,-6.80,648,2396,-146,0,0,4861,-0.0353,0.063,0.031,-0.041,-0.51,-6.65,647,2433,-292,0,0,5446,0.0157,-0.072,0.043,-0.029,-1.31,-5.85,649,3154,-1003,0,0,6135,0.0215,0.064,0.034,-0.038,-1.30,-5.86,649,2994,-1130,0,0
12.480,297.8,370.08,-7.28,-236.87,89.3,0.50,-0.11,0.04,1.00,0.00,1.00,2,4102,862.2,1.93,-0.84,-2.71,-2.77,145,375,4100,-0.0449,-0.032,0.040,-0.031,0.65,-6.51,665,2503,-43,0,0,4949,-0.0314,0.032,0.031,-0.041,0.77,-6.39,661,2521,-66,0,0,5499,0.0105,-0.043,0.040,-0.031,-1.30,-5.86,665,3081,-1056,0,0,6042,0.0232,0.014,0.037,-0.035,-1.30,-5.86,665,3135,-1156,0,0
12.600,300.8,367.08,-7.30,-236.58,91.4,0.48,0.12,0.23,1.00,0.00,1.00,2,4268,880.9,1.97,-0.88,-2.13,10.82,151,392,5168,-0.0362,0.073,0.047,-0.024,6.55,-0.62,686,1811,3292,0,0,3663,-0.0396,-0.068,0.082,0.010,7.79,0.63,698,1770,2450,0,0,6304,0.0187,0.069,0.046,-0.026,-0.50,-6.66,689,3889,-580,0,0,5196,0.0154,-0.065,0.059,-0.012,-0.50,-6.66,690,3649,-474,0,0
12.720,303.9,364.00,-7.31,-236.26,93.6,0.52,0.13,0.00,1.00,0.00,1.00,2,4302,884.9,1.98,-0.88,-1.79,12.16,158,394,4533,-0.0316,0.038,0.035,-0.037,-0.07,-7.09,699,2498,-176,0,0,4203,-0.0458,-0.051,0.039,-0.033,-0.23,-6.94,692,2490,-264,0,0,6056,0.0264,0.064,0.032,-0.039,1.20,-5.96,698,2928,981,0,0,5829,0.0123,-0.026,0.046,-0.026,1.22,-5.94,697,3535,930,0,0
12.840,307.0,360.86,-7.33,-235.91,95.7,0.50,0.28,0.21,1.00,0.00,1.00,2,4487,905.7,2.03,-0.85,-1.68,12.18,166,427,5257,-0.0316,0.000,0.050,-0.021,6.06,-1.10,721,2008,3242,0,0,3635,-0.0469,-0.009,0.084,0.012,6.91,-0.25,733,1892,2299,0,0,6380,0.0269,0.004,0.050,-0.021,1.53,-5.63,725,3861,1324,0,0,5168,0.0109,-0.012,0.065,-0.006,1.55,-5.61,726,3594,1059,0,0
12.960,310.3,357.66,-7.34,-235.49,97.9,0.53,0.37,0.00,1.00,0.00,1.00,2,4541,911.1,2.05,-0.86,-1.24,12.62,173,461,5190,-0.0239,0.064,0.033,-0.038,1.17,-5.99,730,2601,818,0,0,3693,-0.0534,-0.055,0.059,-0.012,1.03,-6.13,738,2702,478,0,0,6525,0.0347,0.065,0.042,-0.030,2.45,-4.71,736,3247,2139,0,0,5564,0.0053,-0.046,0.056,-0.015,2.48,-4.68,736,3371,1802,0,0
13.080,313.6,354.38,-7.36,-235.02,100.1,0.53,0.33,0.00,1.00,0.00,1.00,2,4674,922.7,2.09,-0.90,-1.45,6.32,180,490,4848,-0.0293,-0.044,0.046,-0.025,3.22,-3.94,752,2379,2036,0,0,3720,-0.0515,0.016,0.066,-0.005,3.35,-3.82,761,2290,1549,0,0,6366,0.0327,-0.017,0.051,-0.020,2.22,-4.94,757,3606,1950,0,0,5653,0.0104,0.042,0.059,-0.013,2.23,-4.93,757,3493,1726,0,0
13.200,316.9,351.04,-7.37,-234.49,102.4,0.55,0.31,0.00,1.00,0.00,1.00,2,4745,929.0,2.11,-0.92,-1.50,2.32,188,506,4834,-0.0312,-0.016,0.038,-0.033,1.54,-5.62,762,2570,1109,0,0,3864,-0.0514,0.001,0.054,-0.018,1.38,-5.78,772,2587,776,0,0,6233,0.0312,-0.012,0.046,-0.025,1.71,-5.45,768,3557,1538,0,0,5629,0.0103,-0.001,0.049,-0.022,1.72,-5.44,769,3370,1396,0,0
13.320,320.4,347.64,-7.39,-233.90,104.7,0.55,0.24,0.00,1.00,0.00,1.00,2,4833,936.7,2.13,-0.98,-1.67,-0.42,195,517,4619,-0.0336,-0.020,0.038,-0.034,1.16,-6.00,779,2543,827,0,0,4027,-0.0491,0.019,0.046,-0.025,0.99,-6.17,785,2565,615,0,0,6222,0.0292,-0.017,0.043,-0.028,1.05,-6.11,783,3641,987,0,0,5857,0.0138,0.029,0.043,-0.028,1.05,-6.11,783,3451,935,0,0
13.440,323.9,344.16,-7.40,-233.27,107.0,0.55,0.16,0.00,1.00,0.00,1.00,2,4934,945.4,2.16,-1.04,-1.88,-1.51,203,526,4314,-0.0375,-0.032,0.039,-0.032,0.68,-6.48,797,2535,472,0,0,4119,-0.0467,0.020,0.042,-0.029,0.51,-6.65,800,2554,344,0,0,6113,0.0272,-0.016,0.042,-0.029,0.46,-6.70,799,3665,450,0,0,5998,0.0180,0.035,0.041,-0.030,0.46,-6.70,799,3540,444,0,0
13.560,327.6,340.61,-7.42,-232.61,109.3,0.55,0.09,0.00,1.00,0.00,1.00,2,5040,954.4,2.19,-1.09,-2.06,-1.48,212,538,4296,-0.0403,-0.023,0.040,-0.031,0.28,-6.88,815,2601,201,0,0,4331,-0.0433,0.028,0.040,-0.032,0.11,-7.05,816,2614,93,0,0,5984,0.0243,-0.024,0.042,-0.029,0.06,-7.11,816,3613,74,0,0,6017,0.0205,0.020,0.041,-0.031,0.06,-7.11,816,3560,74,0,0
13.680,331.2,336.98,-7.43,-231.93,111.7,0.55,0.09,0.11,1.00,0.00,1.00,2,5176,965.8,2.23,-1.16,-2.08,1.42,221,560,4533,-0.0404,-0.001,0.045,-0.026,3.85,-3.32,836,2241,1838,0,0,4118,-0.0425,0.007,0.054,-0.017,4.38,-2.78,841,2167,1821,0,0,6226,0.0247,0.003,0.045,-0.026,-0.13,-7.03,837,3860,-118,0,0,5923,0.0227,0.019,0.047,-0.025,-0.14,-7.03,838,3739,-113,0,0
13.800,335.0,333.29,-7.44,-231.19,113.9,0.52,0.31,0.00,1.00,0.00,1.00,2,5404,985.1,2.29,-1.15,-1.45,14.03,230,581,5290,-0.0306,0.082,0.044,-0.027,-0.42,-6.74,857,2736,2114,0,0,3424,-0.0516,-0.076,0.102,0.030,-0.60,-6.57,893,2584,1256,0,0,6753,0.0352,0.087,0.063,-0.008,0.77,-6.39,873,4784,588,0,0,5301,0.0138,-0.074,0.078,0.007,0.78,-6.38,874,4096,452,0,0
13.920,338.9,329.52,-7.45,-230.42,116.3,0.59,0.16,0.00,1.00,0.00,1.00,2,5395,984.1,2.29,-1.21,-1.61,8.61,239,638,4422,-0.0336,-0.025,0.043,-0.028,0.95,-6.21,873,2701,582,0,0,4032,-0.0492,0.021,0.050,-0.021,0.79,-6.37,872,2709,430,0,0,6409,0.0342,-0.008,0.044,-0.028,1.65,-5.52,874,3583,1465,0,0,6111,0.0186,0.040,0.052,-0.020,1.66,-5.50,874,3776,1383,0,0
14.040,342.8,325.68,-7.45,-229.59,118.7,0.56,0.28,0.11,1.00,0.00,1.00,2,5564,996.9,2.34,-1.27,-1.62,5.94,248,672,4835,-0.0346,-0.008,0.052,-0.020,5.05,-2.11,893,2216,2527,0,0,3578,-0.0494,-0.002,0.077,0.006,5.57,-1.59,910,2078,1900,0,0,6647,0.0349,0.006,0.055,-0.017,1.54,-5.62,900,4191,1400,0,0,5874,0.0201,0.013,0.061,-0.010,1.55,-5.61,900,3929,1239,0,0
14.160,346.8,321.79,-7.46,-228.69,120.9,0.55,0.42,0.00,1.00,0.00,1.00,2,5741,1009.3,2.39,-1.26,-1.11,11.36,258,701,5314,-0.0265,0.068,0.033,-0.038,1.14,-6.02,899,2784,1133,0,0,3333,-0.0566,-0.060,0.112,0.041,0.99,-6.17,959,2814,489,0,0,6853,0.0428,0.065,0.066,-0.005,2.06,-5.10,928,4610,1730,0,0,5512,0.0118,-0.069,0.078,0.007,2.08,-5.08,929,4018,1374,0,0
14.280,350.9,317.82,-7.46,-227.73,123.4,0.59,0.30,0.04,1.00,0.00,1.00,2,5772,1011.1,2.40,-1.33,-1.36,5.07,267,745,4632,-0.0315,-0.042,0.046,-0.025,1.77,-5.39,927,2715,1170,0,0,3824,-0.0535,0.026,0.066,-0.005,1.61,-5.56,941,2762,835,0,0,6525,0.0402,-0.021,0.055,-0.017,2.13,-5.03,934,3906,1877,0,0,6032,0.0183,0.055,0.059,-0.012,2.14,-5.02,935,3807,1730,0,0
14.400,355.0,313.79,-7.47,-226.69,125.8,0.58,0.35,0.00,1.00,0.00,1.00,2,5893,1019.1,2.43,-1.38,-1.39,3.30,277,767,4617,-0.0334,-0.015,0.042,-0.029,1.58,-5.58,941,2617,1076,0,0,3700,-0.0543,-0.006,0.074,0.003,1.41,-5.76,966,2826,701,0,0,6653,0.0404,0.002,0.057,-0.015,1.78,-5.38,953,4205,1606,0,0,5924,0.0189,0.005,0.060,-0.011,1.79,-5.37,954,3902,1436,0,0
14.520,359.3,309.70,-7.47,-225.60,128.3,0.59,0.26,0.00,1.00,0.00,1.00,2,5978,1024.6,2.45,-1.44,-1.52,-0.16,287,786,4394,-0.0362,-0.024,0.045,-0.027,1.35,-5.81,960,2642,887,0,0,3743,-0.0527,0.013,0.061,-0.011,1.17,-5.99,975,2685,634,0,0,6543,0.0380,-0.020,0.053,-0.019,1.27,-5.90,967,4151,1180,0,0,6121,0.0215,0.022,0.053,-0.019,1.27,-5.90,968,3925,1112,0,0
14.640,363.6,305.53,-7.47,-224.44,130.7,0.59,0.19,0.00,1.00,0.00,1.00,2,6069,1030.4,2.48,-1.52,-1.71,-1.88,297,796,4246,-0.0390,-0.023,0.045,-0.027,0.88,-6.28,978,2657,580,0,0,3936,-0.0499,0.024,0.052,-0.019,0.71,-6.46,986,2697,427,0,0,6498,0.0362,-0.016,0.049,-0.022,0.66,-6.50,982,4142,640,0,0,6273,0.0253,0.031,0.048,-0.024,0.66,-6.51,982,3963,623,0,0
14.760,368.0,301.29,-7.46,-223.24,133.1,0.57,0.20,0.20,1.00,0.00,1.00,2,6264,1042.3,2.53,-1.57,-1.70,2.16,307,806,4654,-0.0393,-0.003,0.059,-0.012,5.79,-1.38,1006,2060,2816,0,0,3647,-0.0490,0.007,0.082,0.011,6.58,-0.58,1025,1904,2289,0,0,6589,0.0357,-0.004,0.060,-0.012,0.26,-6.90,1012,4577,242,0,0,6022,0.0258,0.004,0.062,-0.010,0.26,-6.90,1013,4273,222,0,0
14.880,372.5,297.00,-7.46,-221.98,135.0,0.46,0.40,0.37,1.00,0.00,0.28,2,6491,-229.6,2.60,-1.50,-1.07,14.97,319,841,5593,-0.0277,0.096,0.030,-0.041,11.61,4.45,981,784,4622,0,0,3204,-0.0563,-0.061,0.086,0.015,13.45,6.29,1015,1071,2656,0,0,6979,0.0439,0.068,0.021,-0.050,1.19,-5.98,992,2721,1124,0,0,5253,0.0153,-0.087,0.033,-0.038,1.20,-5.96,992,2821,862,0,0
15.000,377.0,292.70,-7.45,-220.64,135.3,0.09,0.59,0.00,0.00,0.00,1.00,3,6076,808.2,2.18,-0.99,-0.52,24.38,339,890,6741,-0.0086,0.160,0.068,-0.004,1.13,-6.03,1044,3075,4018,0,0,3812,-0.0534,0.025,0.116,0.045,1.03,-6.13,1072,2384,2214,0,0,6404,0.0398,-0.034,0.082,0.010,2.96,-4.20,1059,4217,2180,0,0,4222,-0.0058,-0.176,0.104,0.033,3.02,-4.14,1060,3161,1391,0,0
15.120,381.5,288.37,-7.44,-219.22,137.3,0.50,0.45,0.00,0.00,0.00,1.00,3,4686,-96.2,0.33,-0.99,-0.88,16.27,353,991,5351,-0.0158,-0.060,0.023,-0.048,3.16,-4.01,1015,1627,2303,0,0,3986,-0.0492,0.035,0.032,-0.040,3.07,-4.10,1011,1631,1689,0,0,6308,0.0347,-0.043,0.024,-0.048,4.34,-2.82,1016,1601,3451,0,0,5437,0.0013,0.059,0.036,-0.035,4.40,-2.77,1016,1967,2984,0,0
15.240,386.1,284.06,-7.43,-217.72,136.7,-0.08,0.62,0.11,0.00,0.00,1.00,3,4471,-136.0,0.20,-0.71,-0.78,9.80,359,1006,6649,-0.0107,0.042,-0.009,-0.063,5.22,-1.95,970,-481,4125,0,0,4336,-0.0461,0.026,-0.011,-0.060,5.41,-1.75,959,-421,2858,0,0,5771,0.0278,-0.057,-0.016,-0.056,4.34,-2.82,965,-879,3253,0,0,4056,-0.0083,-0.080,-0.009,-0.062,4.38,-2.78,964,-383,2381,0,0
15.360,390.6,279.82,-7.42,-216.13,135.6,-0.20,0.74,0.00,0.00,0.00,1.00,3,4441,-135.3,0.20,-0.20,-0.32,12.53,375,986,7550,0.0079,0.155,-0.007,-0.065,3.57,-3.59,967,-606,3771,0,0,4495,-0.0422,0.033,-0.013,-0.059,3.54,-3.62,952,-722,2376,0,0,5561,0.0202,-0.064,-0.016,-0.055,4.55,-2.61,958,-926,3217,0,0,3443,-0.0299,-0.180,-0.008,-0.063,4.59,-2.57,956,-327,2094,0,0
15.480,395.1,275.63,-7.41,-214.47,134.7,-0.17,0.63,0.00,0.00,0.00,1.00,3,4412,-134.7,0.20,0.10,-0.50,10.33,383,983,6951,0.0091,0.010,-0.008,-0.063,3.96,-3.20,958,-590,3595,0,0,4853,-0.0350,0.060,-0.011,-0.061,3.94,-3.22,948,-568,2596,0,0,5056,0.0082,-0.100,-0.016,-0.056,4.77,-2.39,951,-744,3067,0,0,3871,-0.0359,-0.050,-0.009,-0.063,4.81,-2.35,950,-330,2422,0,0
15.600,399.6,271.51,-7.40,-212.75,133.7,-0.17,0.65,0.00,0.00,0.00,1.00,3,4384,-134.1,0.20,0.16,-0.58,8.39,380,970,6917,0.0074,-0.014,-0.008,-0.063,3.98,-3.19,952,-577,3600,0,0,4674,-0.0333,0.015,-0.011,-0.061,3.95,-3.21,943,-554,2520,0,0,5356,0.0028,-0.045,-0.015,-0.057,4.64,-2.53,945,-751,3182,0,0,3927,-0.0379,-0.016,-0.009,-0.062,4.67,-2.50,944,-358,2413,0,0
15.720,404.0,267.45,-7.40,-210.95,132.8,-0.17,0.53,0.00,0.00,0.00,1.00,3,4374,-133.9,0.20,0.14,-0.76,2.03,372,948,6155,0.0025,-0.041,-0.006,-0.066,-0.51,-6.66,948,-640,-396,0,0,4971,-0.0338,-0.004,-0.007,-0.064,0.12,-7.05,945,-691,150,0,0,4859,0.0002,-0.022,-0.010,-0.061,4.24,-2.93,941,-515,2762,0,0,4193,-0.0361,0.015,-0.009,-0.063,4.24,-2.92,941,-379,2419,0,0
15.840,408.4,263.44,-7.39,-209.11,132.0,-0.17,0.53,0.00,0.00,0.00,1.00,3,4341,-133.1,0.20,0.09,-0.90,-0.34,364,901,6678,-0.0003,-0.023,-0.007,-0.065,3.09,-4.08,938,-568,2923,0,0,4834,-0.0310,0.023,-0.009,-0.063,3.02,-4.14,937,-543,2151,0,0,5229,-0.0021,-0.019,-0.010,-0.062,3.06,-4.10,936,-640,2331,0,0,4143,-0.0334,0.022,-0.010,-0.061,3.06,-4.10,935,-510,1888,0,0
15.960,412.8,259.49,-7.39,-207.21,131.2,-0.17,0.35,0.00,0.00,0.00,1.00,3,4325,-132.8,0.20,0.05,-1.09,-4.89,359,855,5804,-0.0034,-0.026,-0.006,-0.066,-1.58,-5.58,933,-550,-1288,0,0,5347,-0.0295,0.013,-0.006,-0.065,-1.05,-6.11,936,-603,-784,0,0,4625,-0.0034,-0.011,-0.007,-0.064,2.14,-5.02,931,-487,1546,0,0,4469,-0.0295,0.033,-0.011,-0.061,2.13,-5.03,932,-605,1488,0,0
16.080,417.2,255.57,-7.39,-205.30,130.4,-0.17,0.27,0.00,0.00,0.00,1.00,3,4308,-132.4,0.20,0.03,-1.46,-5.05,353,801,6157,-0.0089,-0.046,-0.005,-0.066,1.26,-5.91,928,-557,1258,0,0,5539,-0.0224,0.059,-0.005,-0.066,1.19,-5.97,932,-523,1085,0,0,4808,-0.0097,-0.053,-0.005,-0.066,0.84,-6.32,928,-480,690,0,0,4432,-0.0240,0.046,-0.009,-0.063,0.83,-6.33,929,-713,636,0,0
16.200,421.5,251.69,-7.39,-203.37,129.7,-0.17,0.17,0.11,0.00,0.00,1.00,3,4282,-131.8,0.20,-0.01,-1.58,-2.23,350,760,5893,-0.0109,-0.017,-0.006,-0.066,2.03,-5.13,923,-507,1774,0,0,5422,-0.0206,0.015,-0.006,-0.066,2.25,-4.91,925,-466,1802,0,0,4833,-0.0117,-0.016,-0.006,-0.065,0.16,-7.00,923,-575,152,0,0,4533,-0.0213,0.022,-0.008,-0.064,0.16,-7.00,924,-683,143,0,0
16.320,425.8,247.85,-7.38,-201.42,129.0,-0.17,0.24,0.00,0.00,0.00,1.00,3,4262,-131.3,0.20,0.04,-1.37,5.45,346,743,6037,-0.0081,0.024,-0.005,-0.067,0.08,-7.09,923,-527,42,0,0,5448,-0.0247,-0.035,-0.005,-0.066,0.01,-7.15,918,-540,-13,0,0,4736,-0.0100,0.014,-0.008,-0.063,0.50,-6.67,919,-749,331,0,0,4316,-0.0268,-0.046,-0.005,-0.066,0.50,-6.66,918,-414,306,0,0
16.440,430.1,244.03,-7.38,-199.46,128.3,-0.16,0.10,0.00,0.00,0.00,1.00,3,4239,-130.9,0.20,0.04,-1.69,3.59,343,750,5618,-0.0123,-0.035,-0.005,-0.067,0.49,-6.67,917,-515,416,0,0,5638,-0.0182,0.054,-0.005,-0.067,0.43,-6.73,914,-522,366,0,0,4689,-0.0153,-0.044,-0.008,-0.064,0.76,-6.41,914,-679,555,0,0,4659,-0.0211,0.048,-0.005,-0.066,0.76,-6.40,913,-478,554,0,0
16.560,434.4,240.25,-7.38,-197.50,127.6,-0.16,0.14,0.00,0.00,0.00,1.00,3,4216,-130.3,0.20,0.05,-1.70,2.27,339,746,5817,-0.0142,-0.015,-0.005,-0.067,0.58,-6.58,911,-523,523,0,0,5403,-0.0198,-0.013,-0.005,-0.066,0.52,-6.65,909,-520,434,0,0,4665,-0.0156,-0.003,-0.007,-0.064,0.74,-6.42,909,-650,547,0,0,4377,-0.0212,-0.001,-0.006,-0.065,0.74,-6.42,908,-500,517,0,0
16.680,438.6,236.49,-7.38,-195.54,126.9,-0.16,0.14,0.00,0.00,0.00,1.00,3,4194,-129.8,0.20,0.06,-1.62,1.46,336,737,5993,-0.0126,0.013,-0.005,-0.067,0.57,-6.59,906,-526,532,0,0,5536,-0.0198,0.000,-0.005,-0.066,0.51,-6.65,905,-522,440,0,0,4689,-0.0159,-0.002,-0.007,-0.064,0.66,-6.50,904,-628,497,0,0,4483,-0.0237,-0.020,-0.006,-0.065,0.67,-6.50,904,-531,478,0,0
16.800,442.8,232.76,-7.38,-193.57,126.3,-0.16,0.12,0.00,0.00,0.00,1.00,3,4171,-129.3,0.20,0.07,-1.62,0.84,332,726,5746,-0.0139,-0.011,-0.005,-0.067,0.50,-6.66,901,-516,456,0,0,5407,-0.0211,-0.011,-0.005,-0.066,0.43,-6.73,900,-513,374,0,0,4563,-0.0152,0.005,-0.007,-0.065,0.55,-6.62,899,-597,402,0,0,4363,-0.0224,0.011,-0.006,-0.065,0.55,-6.62,899,-532,387,0,0
16.920,447.0,229.06,-7.38,-191.60,125.6,-0.16,-0.01,0.00,0.00,0.00,1.00,3,4147,-128.8,0.20,0.08,-1.91,-4.22,328,714,5379,-0.0179,-0.033,-0.006,-0.066,0.64,-6.52,894,-615,-816,0,0,6136,-0.0160,0.042,-0.005,-0.067,0.57,-6.59,898,-623,-760,0,0,4146,-0.0209,-0.047,-0.006,-0.066,0.26,-6.90,894,-480,203,0,0,4748,-0.0198,0.022,-0.008,-0.063,0.26,-6.90,895,-757,229,0,0
17.040,451.2,225.37,-7.38,-189.64,124.9,-0.16,0.05,0.00,0.00,0.00,1.00,3,4128,-128.4,0.20,0.05,-1.93,-3.05,325,695,5599,-0.0179,0.000,-0.005,-0.067,-0.04,-7.13,890,-511,1,0,0,5587,-0.0151,0.008,-0.005,-0.067,-0.10,-7.06,892,-505,-56,0,0,4660,-0.0200,0.008,-0.005,-0.066,-0.32,-6.84,889,-486,-220,0,0,4669,-0.0172,0.022,-0.007,-0.064,-0.32,-6.84,890,-663,-220,0,0
17.160,455.4,221.71,-7.38,-187.68,124.2,-0.16,-0.02,0.00,0.00,0.00,1.00,3,4105,-127.9,0.20,0.07,-1.93,-1.97,321,698,5494,-0.0188,-0.008,-0.005,-0.067,-0.31,-6.86,886,-512,-250,0,0,5733,-0.0162,-0.010,-0.005,-0.067,-0.38,-6.79,887,-513,-321,0,0,4397,-0.0211,-0.009,-0.006,-0.065,-0.51,-6.65,885,-503,-348,0,0,4570,-0.0185,-0.011,-0.007,-0.064,-0.51,-6.66,885,-629,-360,0,0
17.280,459.5,218.06,-7.38,-185.75,123.6,-0.16,-0.04,0.00,0.00,0.00,1.00,3,4084,-127.4,0.20,0.05,-2.00,-1.24,318,695,5571,-0.0188,0.001,-0.005,-0.067,-0.43,-6.73,881,-512,-370,0,0,5953,-0.0132,0.025,-0.005,-0.067,-0.50,-6.67,882,-515,-451,0,0,4501,-0.0230,-0.016,-0.006,-0.065,-0.57,-6.59,880,-523,-407,0,0,4739,-0.0175,0.009,-0.007,-0.065,-0.57,-6.59,880,-618,-427,0,0
17.400,463.6,214.43,-7.38,-183.83,122.9,-0.16,-0.14,0.00,0.00,0.00,1.00,3,4055,-126.7,0.20,0.06,-2.22,-4.59,315,687,4913,-0.0235,-0.040,-0.007,-0.064,-0.22,-6.94,873,-617,-1453,0,0,6184,-0.0120,0.011,-0.006,-0.066,-0.29,-6.87,878,-640,-1629,0,0,3932,-0.0256,-0.021,-0.006,-0.065,-0.65,-6.51,874,-478,-394,0,0,4882,-0.0140,0.029,-0.009,-0.063,-0.65,-6.51,875,-813,-479,0,0
17.520,467.7,210.81,-7.38,-181.94,122.2,-0.16,-0.08,0.00,0.00,0.00,1.00,3,4038,-126.4,0.20,0.06,-2.20,-3.26,312,690,5547,-0.0224,0.009,-0.005,-0.067,-0.69,-6.47,871,-500,-573,0,0,6026,-0.0105,0.012,-0.005,-0.067,-0.75,-6.41,873,-520,-678,0,0,4389,-0.0264,-0.007,-0.006,-0.066,-1.01,-6.15,870,-453,-692,0,0,4615,-0.0151,-0.009,-0.008,-0.064,-1.01,-6.15,871,-652,-722,0,0
17.640,471.7,207.21,-7.39,-180.07,121.6,-0.14,-0.11,0.00,1.00,0.00,1.00,3,4045,49.8,0.66,0.04,-2.12,-2.00,308,686,5244,-0.0221,0.003,0.001,-0.071,-0.80,-6.36,872,6,-652,0,0,5770,-0.0125,-0.017,0.001,-0.071,-0.87,-6.30,873,9,-769,0,0,4486,-0.0240,0.020,0.002,-0.070,-1.01,-6.15,873,73,-720,0,0,4816,-0.0143,0.007,0.000,-0.071,-1.01,-6.15,873,-47,-767,0,0
17.760,475.8,203.59,-7.39,-178.22,122.2,0.13,-0.11,0.00,1.00,0.00,1.00,3,4169,869.7,1.95,-0.15,-2.14,-0.92,304,688,4631,-0.0276,-0.046,0.026,-0.045,-0.77,-6.39,900,1978,-554,0,0,5386,-0.0171,-0.038,0.023,-0.049,-0.86,-6.30,897,2019,-709,0,0,4812,-0.0200,0.033,0.028,-0.043,-0.91,-6.25,901,2143,-679,0,0,5167,-0.0098,0.038,0.027,-0.044,-0.91,-6.25,901,2216,-725,0,0
17.880,479.9,199.93,-7.39,-176.35,123.7,0.36,-0.10,0.00,1.00,0.00,1.00,3,4218,875.3,1.96,-0.71,-2.09,0.28,294,706,3977,-0.0358,-0.069,0.026,-0.046,-0.66,-6.51,911,1721,-416,0,0,4376,-0.0265,-0.078,0.023,-0.048,-0.78,-6.38,909,1734,-538,0,0,5703,-0.0021,0.149,0.025,-0.046,-0.72,-6.45,911,2374,-630,0,0,5977,0.0073,0.142,0.025,-0.046,-0.72,-6.45,910,2465,-663,0,0
18.000,484.1,196.22,-7.40,-174.48,125.2,0.36,-0.07,-0.06,0.80,0.00,1.00,3,4264,880.6,1.97,-1.03,-2.01,1.08,288,719,4145,-0.0422,-0.053,0.025,-0.047,-0.45,-6.71,921,1793,-306,0,0,4389,-0.0351,-0.072,0.023,-0.048,-0.61,-6.55,919,1787,-428,0,0,5816,0.0115,0.113,0.025,-0.047,-0.45,-6.71,920,2417,-419,0,0,6015,0.0185,0.094,0.025,-0.046,-0.45,-6.71,920,2543,-431,0,0
18.120,488.2,192.47,-7.40,-172.61,125.9,0.16,-0.21,0.00,0.00,0.00,1.00,3,4200,170.9,1.03,-0.97,-2.32,-6.39,292,722,4210,-0.0438,-0.014,0.006,-0.065,0.02,-7.14,905,597,-1249,0,0,5722,-0.0267,0.070,0.003,-0.069,-0.12,-7.04,907,407,-1537,0,0,4720,0.0047,-0.057,0.007,-0.064,-0.59,-6.57,905,767,-401,0,0,6096,0.0211,0.022,0.002,-0.069,-0.58,-6.58,906,444,-503,0,0
18.240,492.4,188.72,-7.40,-170.76,125.5,-0.10,-0.08,0.00,0.00,0.00,1.00,3,4138,-128.6,0.20,-0.52,-2.17,-4.17,306,731,5322,-0.0328,0.091,-0.005,-0.066,-0.67,-6.49,892,-511,-530,0,0,5696,-0.0204,0.053,-0.005,-0.067,-0.77,-6.39,895,-508,-657,0,0,4650,-0.0044,-0.075,-0.005,-0.066,-1.07,-6.10,892,-455,-767,0,0,4702,0.0081,-0.109,-0.008,-0.063,-1.06,-6.10,892,-681,-771,0,0
18.360,496.6,184.97,-7.40,-168.93,124.7,-0.17,-0.22,-0.15,0.00,0.00,1.00,3,4097,-127.7,0.20,-0.07,-2.27,-7.40,319,725,5296,-0.0247,0.068,-0.006,-0.066,-6.80,-0.36,879,-240,-3667,0,0,6747,-0.0095,0.090,-0.006,-0.066,-5.94,-1.22,886,-326,-4241,0,0,3630,-0.0204,-0.133,-0.007,-0.065,-1.21,-5.95,884,-450,-687,0,0,4924,-0.0059,-0.117,-0.011,-0.060,-1.20,-5.96,886,-947,-903,0,0
18.480,500.7,181.24,-7.40,-167.16,124.0,-0.17,-0.27,0.00,0.00,0.00,1.00,3,4090,-127.5,0.20,0.07,-2.57,-8.98,323,736,5147,-0.0263,-0.013,-0.006,-0.066,-1.29,-5.87,880,-529,-973,0,0,6277,-0.0010,0.071,-0.005,-0.067,-1.34,-5.82,887,-510,-1202,0,0,4150,-0.0313,-0.091,-0.005,-0.067,-2.10,-5.07,881,-296,-1303,0,0,4824,-0.0061,-0.001,-0.010,-0.061,-2.08,-5.08,882,-782,-1481,0,0
18.600,504.9,177.50,-7.40,-165.41,123.3,-0.15,-0.26,0.00,0.00,0.00,1.00,3,4065,-127.0,0.20,0.11,-2.43,-6.20,321,744,5064,-0.0265,-0.002,-0.006,-0.065,-1.76,-5.40,875,-523,-1344,0,0,6135,-0.0059,-0.041,-0.005,-0.066,-1.81,-5.35,881,-531,-1644,0,0,4024,-0.0324,-0.009,-0.006,-0.065,-2.33,-4.83,875,-370,-1422,0,0,4691,-0.0117,-0.047,-0.010,-0.061,-2.32,-4.84,876,-712,-1627,0,0
18.720,509.0,173.77,-7.40,-163.72,122.5,-0.16,-0.37,0.00,0.00,0.00,1.00,3,4024,-126.1,0.20,0.04,-2.63,-7.76,315,737,4600,-0.0295,-0.025,-0.009,-0.063,-6.09,-1.07,863,-304,-3217,0,0,6753,-0.0025,0.028,-0.007,-0.064,-5.48,-1.68,871,-390,-4297,0,0,3856,-0.0355,-0.026,-0.008,-0.064,-2.34,-4.82,868,-449,-1368,0,0,5229,-0.0086,0.027,-0.013,-0.059,-2.32,-4.84,870,-944,-1794,0,0
18.840,513.0,170.04,-7.41,-162.09,121.8,-0.16,-0.33,0.00,0.00,0.00,1.00,3,4014,-125.8,0.20,0.02,-2.71,-6.34,311,736,4838,-0.0333,-0.031,-0.007,-0.065,-2.04,-5.12,864,-517,-1477,0,0,6221,-0.0032,-0.006,-0.006,-0.066,-2.10,-5.06,870,-528,-1903,0,0,4016,-0.0351,0.004,-0.006,-0.065,-2.64,-4.52,864,-364,-1584,0,0,4814,-0.0050,0.030,-0.011,-0.061,-2.63,-4.53,865,-715,-1857,0,0
18.960,517.1,166.32,-7.41,-160.51,121.0,-0.16,-0.40,0.00,0.00,0.00,1.00,3,3969,-124.9,0.20,0.01,-2.71,-7.67,306,726,4739,-0.0321,0.010,-0.007,-0.065,-7.82,0.66,851,-214,-3560,0,0,6772,-0.0022,0.009,-0.006,-0.065,-6.99,-0.17,859,-293,-4681,0,0,3757,-0.0359,-0.007,-0.008,-0.063,-2.57,-4.59,857,-445,-1455,0,0,5135,-0.0068,-0.015,-0.013,-0.058,-2.55,-4.61,858,-926,-1924,0,0
19.080,521.1,162.60,-7.41,-158.99,120.3,-0.16,-0.37,0.00,0.00,0.00,1.00,3,3964,-124.7,0.20,-0.02,-2.75,-6.61,303,723,4794,-0.0330,-0.008,-0.007,-0.065,-2.19,-4.97,853,-504,-1568,0,0,6218,-0.0012,0.008,-0.006,-0.066,-2.25,-4.91,859,-512,-2027,0,0,4148,-0.0353,0.005,-0.006,-0.065,-2.83,-4.34,854,-348,-1732,0,0,5096,-0.0034,0.028,-0.011,-0.061,-2.81,-4.35,855,-727,-2076,0,0
19.200,525.1,158.88,-7.41,-157.53,119.6,-0.15,-0.34,0.00,0.00,0.00,1.00,3,3940,-124.2,0.20,0.01,-2.59,-4.43,299,714,4922,-0.0316,0.012,-0.007,-0.065,-2.21,-4.95,849,-508,-1639,0,0,6437,-0.0045,-0.027,-0.006,-0.065,-2.27,-4.89,853,-522,-2133,0,0,4019,-0.0345,0.007,-0.007,-0.064,-2.66,-4.51,849,-400,-1606,0,0,4839,-0.0076,-0.035,-0.010,-0.061,-2.65,-4.52,849,-672,-1895,0,0
19.320,529.0,155.18,-7.41,-156.12,118.1,-0.34,-0.31,0.00,0.00,1.00,1.00,3,3303,-109.4,0.20,0.08,-2.48,-2.72,295,696,5597,-0.0271,0.037,-0.159,0.087,-2.12,-5.04,704,-4608,-1043,1248,1,6727,-0.0020,0.021,-0.148,0.077,-2.18,-4.99,699,-5399,-1283,4160,0,3853,-0.0354,-0.008,-0.150,0.078,-2.41,-4.75,697,-3227,-874,2240,0,4409,-0.0103,-0.022,-0.151,0.080,-2.40,-4.76,707,-3661,-981,672,1
19.440,532.9,151.56,-7.41,-154.77,114.4,-0.86,-0.18,0.00,0.00,0.00,1.00,3,3318,-110.5,0.20,0.79,-2.14,-3.60,295,658,6892,-0.0078,0.161,-0.098,0.027,-2.16,-5.00,746,-5256,-1583,0,0,7400,0.0064,0.070,-0.084,0.013,-2.15,-5.01,760,-5457,-1772,0,0,2645,-0.0481,-0.106,-0.158,0.086,-2.48,-4.68,693,-2278,-599,0,0,2810,-0.0339,-0.197,-0.160,0.089,-2.47,-4.69,694,-2418,-625,0,0
19.560,536.7,148.03,-7.40,-153.49,111.5,-0.66,-0.39,-0.22,0.00,0.00,1.00,3,3278,-109.9,0.20,1.19,-2.50,-12.07,294,631,6166,-0.0034,0.036,-0.114,0.043,-9.02,1.86,700,-3157,-4007,0,0,8423,0.0219,0.129,-0.076,0.005,-7.90,0.73,740,-3352,-5432,0,0,2155,-0.0663,-0.152,-0.121,0.050,-2.94,-4.22,702,-1756,-675,0,0,3907,-0.0418,-0.066,-0.128,0.056,-2.90,-4.26,707,-3120,-1150,0,0
19.680,540.3,144.56,-7.40,-152.30,109.3,-0.48,-0.60,0.00,0.00,0.00,1.00,3,3555,-115.6,0.20,1.01,-3.20,-23.35,282,628,4375,-0.0171,-0.114,-0.029,-0.043,-2.35,-4.81,753,-730,-3418,0,0,8040,0.0294,0.062,-0.017,-0.054,-2.27,-4.89,779,-796,-5629,0,0,2689,-0.0744,-0.067,-0.009,-0.062,-4.60,-2.56,767,-279,-1626,0,0,4820,-0.0277,0.118,-0.027,-0.044,-4.50,-2.67,770,-1309,-2718,0,0
19.800,544.0,141.10,-7.40,-151.19,108.6,-0.13,-0.52,0.00,0.00,0.00,1.00,3,3563,-115.8,0.20,0.39,-3.15,-19.47,264,656,4318,-0.0316,-0.121,-0.010,-0.061,-4.13,-3.03,761,-479,-2364,0,0,6446,0.0137,-0.131,-0.007,-0.064,-4.09,-3.08,778,-495,-3372,0,0,3695,-0.0577,0.139,-0.004,-0.068,-6.07,-1.09,766,-109,-2631,0,0,5111,-0.0124,0.127,-0.020,-0.051,-5.95,-1.21,768,-806,-3482,0,0
19.920,547.6,137.64,-7.41,-150.17,107.7,-0.13,-0.63,0.00,0.00,0.00,1.00,3,3526,-115.0,0.20,-0.12,-3.14,-14.61,247,663,4112,-0.0391,-0.062,-0.012,-0.059,-4.91,-2.25,755,-462,-2575,0,0,6877,0.0067,-0.058,-0.008,-0.064,-4.90,-2.26,769,-490,-4097,0,0,3935,-0.0438,0.116,-0.007,-0.065,-6.40,-0.76,759,-192,-2880,0,0,5703,0.0011,0.113,-0.019,-0.053,-6.31,-0.85,761,-767,-3987,0,0
20.040,551.1,134.19,-7.41,-149.25,106.9,-0.14,-0.66,0.00,0.00,0.00,1.00,3,3493,-114.3,0.20,-0.31,-3.28,-9.87,238,653,3798,-0.0456,-0.055,-0.013,-0.059,-5.09,-2.07,749,-448,-2459,0,0,6706,0.0043,-0.020,-0.008,-0.063,-5.12,-2.04,760,-473,-4141,0,0,3929,-0.0392,0.039,-0.009,-0.063,-6.14,-1.03,752,-264,-2827,0,0,5767,0.0113,0.085,-0.017,-0.055,-6.08,-1.09,753,-728,-3975,0,0
20.160,554.7,130.74,-7.40,-148.41,106.0,-0.14,-0.64,0.00,0.00,0.00,1.00,3,3460,-113.5,0.20,-0.20,-3.28,-7.93,236,633,4180,-0.0455,0.001,-0.015,-0.057,-4.74,-2.42,742,-510,-2830,0,0,4980,0.0040,-0.003,-0.005,-0.066,-4.75,-2.41,752,-379,-3307,0,0,3492,-0.0434,-0.035,-0.011,-0.061,-5.61,-1.56,745,-328,-2417,0,0,5234,0.0064,-0.040,-0.017,-0.054,-5.56,-1.60,746,-742,-3481,0,0
20.280,558.2,127.30,-7.40,-147.67,105.1,-0.14,-0.61,-0.04,0.00,0.00,1.00,3,3447,-113.2,0.20,-0.14,-3.16,-6.45,233,610,4592,-0.0402,0.044,-0.010,-0.061,-4.32,-2.84,741,-478,-2660,0,0,7044,0.0074,0.029,-0.007,-0.064,-4.36,-2.80,748,-505,-3928,0,0,3672,-0.0450,-0.013,-0.009,-0.062,-5.04,-2.12,742,-303,-2390,0,0,5292,0.0024,-0.034,-0.014,-0.057,-5.00,-2.16,743,-664,-3322,0,0
20.400,561.7,123.88,-7.39,-147.02,104.2,-0.16,-0.64,-0.23,0.00,0.00,1.00,3,3388,-111.9,0.20,-0.07,-3.20,-8.21,230,585,4010,-0.0428,-0.021,-0.009,-0.063,-10.97,3.81,723,-152,-3444,0,0,6963,0.0055,-0.016,-0.007,-0.064,-9.91,2.75,733,-232,-5566,0,0,3496,-0.0456,-0.005,-0.013,-0.059,-4.44,-2.72,732,-456,-2097,0,0,5435,0.0032,0.007,-0.019,-0.052,-4.40,-2.76,734,-992,-3116,0,0
20.520,565.1,120.47,-7.39,-146.46,103.3,-0.18,-0.62,0.00,0.00,0.00,1.00,3,3394,-112.1,0.20,0.03,-3.29,-12.06,227,569,4392,-0.0434,-0.006,-0.008,-0.064,-3.35,-3.81,728,-441,-2170,0,0,7184,0.0089,0.029,-0.007,-0.065,-3.37,-3.79,738,-512,-3366,0,0,3438,-0.0524,-0.057,-0.005,-0.066,-4.65,-2.52,730,-172,-2110,0,0,4989,-0.0006,-0.032,-0.015,-0.057,-4.59,-2.57,732,-727,-2938,0,0
20.640,568.6,117.08,-7.38,-145.98,102.5,-0.13,-0.54,-0.10,0.00,0.00,1.00,3,3363,-111.4,0.20,-0.04,-2.96,-10.36,224,563,4770,-0.0357,0.065,-0.010,-0.062,-5.13,-2.03,721,-416,-3052,0,0,6932,0.0066,-0.019,-0.007,-0.064,-4.90,-2.26,731,-447,-4154,0,0,3845,-0.0456,0.057,-0.007,-0.064,-4.58,-2.58,724,-269,-2343,0,0,5244,-0.0033,-0.022,-0.016,-0.056,-4.53,-2.63,726,-790,-3077,0,0
20.760,572.0,113.70,-7.38,-145.59,101.6,-0.16,-0.65,-0.28,0.00,0.00,1.00,3,3292,-109.8,0.20,-0.02,-3.20,-13.13,219,550,3827,-0.0435,-0.065,0.001,-0.071,-14.41,7.25,700,-6,-3379,0,0,7058,0.0053,-0.011,-0.002,-0.069,-12.77,5.61,713,-68,-5813,0,0,2924,-0.0462,-0.005,-0.013,-0.059,-4.53,-2.63,712,-354,-1781,0,0,5149,0.0026,0.050,-0.023,-0.048,-4.47,-2.69,715,-1096,-2958,0,0
20.880,575.3,110.35,-7.38,-145.29,100.5,-0.22,-0.69,-0.45,0.00,0.00,1.00,3,3212,-108.0,0.20,0.09,-3.41,-18.41,216,544,4193,-0.0449,-0.011,0.024,-0.047,-21.73,14.57,677,215,-3687,0,0,7589,0.0118,0.054,0.010,-0.061,-18.99,11.83,693,159,-6294,0,0,3057,-0.0554,-0.077,-0.017,-0.054,-5.24,-1.93,699,-475,-2013,0,0,5185,0.0002,-0.020,-0.032,-0.039,-5.14,-2.03,701,-1420,-3192,0,0
21.000,578.7,107.03,-7.38,-145.09,99.0,-0.27,-0.73,-0.62,0.00,0.00,1.00,3,3108,-105.7,0.20,0.12,-3.47,-22.51,214,547,3989,-0.0402,0.039,0.063,-0.009,-29.15,21.98,648,398,-3456,0,0,7046,0.0179,0.051,0.030,-0.041,-25.44,18.28,667,365,-5839,0,0,3199,-0.0585,-0.026,-0.023,-0.048,-6.32,-0.84,682,-572,-2314,0,0,5303,0.0002,0.000,-0.042,-0.029,-6.17,-0.99,685,-1621,-3556,0,0
21.120,581.9,103.77,-7.37,-144.99,97.5,-0.26,-0.72,0.00,0.00,0.00,1.00,3,3143,-106.3,0.20,0.27,-3.42,-24.02,211,553,4208,-0.0434,-0.026,-0.034,-0.037,-4.92,-2.25,664,-1142,-3182,0,0,7265,0.0134,-0.038,-0.009,-0.062,-4.85,-2.32,698,-1026,-5157,0,0,2597,-0.0603,-0.015,-0.016,-0.056,-7.55,0.39,676,-373,-2053,0,0,4523,-0.0035,-0.031,-0.037,-0.034,-7.36,0.19,678,-1233,-3338,0,0
21.240,585.2,100.53,-7.38,-144.98,96.6,-0.12,-0.70,-0.15,0.00,0.00,1.00,3,3117,-105.9,0.20,0.19,-3.31,-23.67,205,568,4305,-0.0427,0.006,-0.008,-0.063,-12.29,5.13,661,-168,-3688,0,0,7369,0.0119,-0.013,-0.006,-0.065,-11.27,4.11,682,-221,-5891,0,0,3237,-0.0600,0.003,-0.009,-0.063,-8.70,1.53,672,-149,-2679,0,0,5134,-0.0067,-0.027,-0.031,-0.040,-8.47,1.31,674,-884,-4021,0,0
21.360,588.4,97.34,-7.38,-145.09,95.4,-0.17,-0.81,-0.37,0.00,0.00,1.00,3,3023,-103.8,0.20,-0.03,-3.53,-23.80,198,572,3074,-0.0464,-0.031,0.008,-0.063,-20.10,12.94,637,45,-2767,0,0,6756,0.0147,0.023,0.003,-0.069,-18.04,10.87,659,15,-5696,0,0,3374,-0.0573,0.022,-0.019,-0.052,-9.63,2.47,655,-333,-2848,0,0,5694,0.0046,0.095,-0.041,-0.030,-9.38,2.22,657,-1185,-4494,0,0
21.480,591.5,94.19,-7.38,-145.29,93.9,-0.21,-0.78,-0.53,0.00,0.00,1.00,3,2902,-101.0,0.20,0.08,-3.52,-21.89,193,572,3906,-0.0507,-0.036,0.035,-0.037,-27.17,20.01,610,268,-3409,0,0,7114,0.0100,-0.039,0.013,-0.058,-24.20,17.04,627,213,-5902,0,0,2748,-0.0562,0.010,-0.036,-0.035,-10.38,3.22,632,-466,-2358,0,0,4734,0.0046,0.000,-0.057,-0.015,-10.13,2.97,634,-1230,-3812,0,0
21.600,594.6,91.11,-7.39,-145.59,92.2,-0.26,-0.78,-0.65,0.00,0.00,0.82,3,2766,-97.7,0.20,0.23,-3.40,-22.67,188,569,4565,-0.0438,0.058,0.077,0.006,-35.28,28.12,571,521,-3857,0,0,7723,0.0148,0.040,0.035,-0.037,-31.17,24.00,591,440,-6238,0,0,2984,-0.0612,-0.042,-0.050,-0.022,-11.26,4.10,611,-652,-2554,0,0,4897,-0.0042,-0.073,-0.071,0.000,-10.97,3.81,613,-1470,-3922,0,0
21.720,597.6,88.10,-7.40,-145.98,90.3,-0.30,-0.81,-0.66,0.00,0.00,0.02,3,2667,-95.4,0.20,0.25,-3.42,-23.12,184,561,3760,-0.0381,0.047,0.066,-0.005,-36.51,29.35,545,350,-3225,0,0,7067,0.0206,0.049,0.032,-0.040,-32.28,25.12,569,334,-5770,0,0,3073,-0.0626,-0.012,-0.049,-0.023,-12.11,4.95,598,-657,-2652,0,0,5209,-0.0033,0.007,-0.071,-0.001,-11.79,4.63,601,-1520,-4193,0,0
21.840,600.6,85.17,-7.40,-146.46,87.9,-0.42,-0.70,-0.67,0.00,0.00,1.00,2,3027,-104.8,0.20,0.52,-3.20,-24.36,178,552,4764,-0.0381,0.000,-0.050,-0.022,-37.88,30.71,472,-242,-4022,0,0,7324,0.0143,-0.053,-0.038,-0.033,-33.57,26.41,519,-287,-5940,0,0,2294,-0.0627,-0.001,-0.200,0.129,-13.46,6.30,503,-1300,-1642,0,0,3746,-0.0104,-0.058,-0.221,0.150,-13.07,5.91,504,-2248,-2463,0,0
21.960,603.5,82.34,-7.41,-146.99,85.3,-0.45,-0.69,-0.68,0.00,0.00,1.00,2,2816,-99.8,0.20,0.74,-3.00,-29.96,170,549,5354,-0.0294,0.073,-0.070,-0.001,-39.78,32.62,436,-400,-4449,0,0,7900,0.0183,0.033,-0.052,-0.019,-35.25,28.09,488,-457,-6311,0,0,2611,-0.0702,-0.062,-0.226,0.154,-15.64,8.48,469,-1466,-1861,0,0,4115,-0.0240,-0.114,-0.252,0.181,-15.08,7.92,470,-2464,-2673,0,0
22.080,606.3,79.61,-7.43,-147.59,82.6,-0.47,-0.74,-0.69,0.00,0.00,1.00,2,2658,-96.0,0.20,0.70,-3.06,-34.64,162,549,5251,-0.0252,0.035,-0.061,-0.010,-42.23,35.06,408,-315,-4364,0,0,8135,0.0248,0.054,-0.045,-0.026,-37.43,30.27,464,-370,-6455,0,0,2784,-0.0719,-0.014,-0.235,0.163,-18.32,11.16,444,-1442,-2058,0,0,4617,-0.0220,0.017,-0.266,0.195,-17.54,10.38,445,-2596,-3088,0,0
22.200,609.0,76.99,-7.44,-148.24,79.8,-0.44,-0.73,-0.70,0.00,0.00,1.00,2,2443,-90.9,0.20,0.62,-3.06,-37.05,153,552,4690,-0.0303,-0.042,-0.063,-0.009,-45.41,38.25,372,-265,-3924,0,0,7275,0.0192,-0.046,-0.046,-0.025,-40.37,33.21,430,-311,-5845,0,0,2903,-0.0696,0.020,-0.259,0.188,-21.39,14.23,409,-1445,-2167,0,0,4631,-0.0188,0.026,-0.294,0.222,-20.39,13.23,410,-2523,-3143,0,0
22.320,611.6,74.48,-7.45,-148.94,77.0,-0.41,-0.73,-0.71,0.00,0.00,0.37,2,2419,-89.3,0.20,0.66,-3.00,-40.16,143,555,4883,-0.0312,-0.007,0.018,-0.053,-48.75,41.59,355,30,-4065,0,0,7661,0.0170,-0.018,0.011,-0.061,-43.40,36.24,410,38,-6094,0,0,2589,-0.0716,-0.017,-0.199,0.127,-24.78,17.62,400,-1056,-2071,0,0,4218,-0.0238,-0.041,-0.240,0.168,-23.50,16.34,403,-1980,-3108,0,0
22.440,614.1,72.08,-7.46,-149.69,74.3,-0.32,-0.80,0.00,1.00,0.00,0.32,1,2966,184.7,0.87,0.45,-3.08,-42.14,133,556,4730,-0.0323,-0.010,-0.354,0.283,-22.63,15.47,300,-1251,-3789,0,0,7793,0.0200,0.025,-0.277,0.206,-21.34,14.17,360,-1904,-5951,0,0,2881,-0.0706,0.009,-0.288,0.217,-28.11,20.95,328,-1304,-2202,0,0,4861,-0.0192,0.039,-0.330,0.259,-26.56,19.40,330,-2449,-3382,0,0
22.560,616.5,69.78,-7.48,-150.49,71.8,-0.21,-0.86,0.05,1.00,0.00,0.92,1,4964,943.7,2.15,0.11,-3.16,-44.87,124,553,4136,-0.0353,-0.025,0.227,0.155,-25.66,18.50,552,1189,-3410,0,0,7534,0.0205,0.004,0.175,0.103,-24.04,16.88,567,1899,-5899,0,0,3269,-0.0644,0.051,0.265,0.194,-31.54,24.38,568,995,-2691,0,0,5371,-0.0086,0.088,0.173,0.102,-29.65,22.49,568,981,-4449,0,0
22.680,619.0,67.55,-7.49,-151.39,72.2,0.52,-0.64,0.24,1.00,0.00,1.00,1,6360,1044.8,2.54,-0.81,-2.75,-40.12,115,581,3331,-0.0488,-0.112,0.643,0.572,-21.67,14.51,764,2555,-1477,0,0,4413,-0.0056,-0.217,0.329,0.257,-18.95,11.79,665,2723,-2725,0,0,5232,-0.0320,0.270,0.636,0.564,-33.68,26.52,719,3310,-2942,0,0,6249,0.0136,0.185,0.524,0.452,-31.89,24.73,720,3629,-3720,0,0
22.800,621.4,65.33,-7.51,-152.41,73.2,0.62,-0.54,0.38,1.00,0.00,1.00,1,6434,-229.4,2.60,-1.59,-2.14,-28.31,104,616,3220,-0.0557,-0.058,0.572,0.500,-17.18,10.02,765,2565,-1287,0,0,4286,-0.0298,-0.201,0.260,0.188,-13.84,6.68,646,2832,-2490,0,0,5871,0.0029,0.291,0.581,0.510,-33.98,26.82,708,3667,-3264,0,0,6505,0.0282,0.121,0.508,0.437,-32.70,25.54,707,3839,-3768,0,0
22.920,623.9,63.14,-7.52,-153.55,74.2,0.64,-0.53,0.55,1.00,0.00,0.72,1,6455,1053.0,2.58,-1.99,-1.99,-14.43,101,637,3340,-0.0585,-0.024,0.571,0.500,-11.37,4.21,810,2794,-1045,0,0,4535,-0.0350,-0.044,0.196,0.125,-7.57,0.41,635,3067,-2513,0,0,5971,0.0153,0.104,0.608,0.537,-32.63,25.46,726,3659,-3390,0,0,6815,0.0382,0.084,0.568,0.497,-31.99,24.83,725,4009,-3919,0,0
23.040,626.4,60.98,-7.53,-154.80,75.0,0.54,-0.57,0.00,1.00,0.00,0.18,2,6433,-229.0,2.59,-2.04,-2.01,3.33,103,635,3319,-0.0579,0.006,0.210,0.139,-29.36,22.20,566,1655,-2468,0,0,5066,-0.0350,0.000,0.107,0.036,-29.68,22.52,515,788,-4323,0,0,5374,0.0179,0.022,0.151,0.080,-29.09,21.92,539,1577,-4271,0,0,6726,0.0408,0.021,0.156,0.085,-29.22,22.05,538,1948,-5204,0,0
23.160,628.8,58.89,-7.53,-156.15,75.1,0.41,-0.72,0.00,1.00,0.00,1.00,2,5370,983.6,2.29,-1.68,-2.64,7.44,110,586,3070,-0.0622,-0.036,0.939,0.868,-26.10,18.94,949,2453,-1180,0,0,5430,-0.0206,0.120,0.585,0.514,-26.54,19.38,764,3618,-2859,0,0,4863,-0.0021,-0.167,0.760,0.689,-25.30,18.14,860,3616,-2096,0,0,6454,0.0413,0.004,0.778,0.707,-25.56,18.40,858,4676,-2672,0,0
23.280,631.4,56.81,-7.54,-157.60,77.1,0.68,-0.40,0.00,1.00,0.00,1.00,2,6274,1043.4,2.54,-1.58,-2.04,10.22,112,574,3748,-0.0564,0.048,1.235,1.164,-23.24,16.08,1148,3135,-974,0,0,4157,-0.0325,-0.099,0.745,0.673,-23.74,16.57,881,3202,-1695,0,0,5728,0.0068,0.074,0.978,0.906,-22.11,14.95,1014,4545,-1705,0,0,5725,0.0297,-0.097,1.008,0.936,-22.42,15.26,1014,4550,-1678,0,0
23.400,634.0,54.72,-7.54,-159.18,79.4,0.71,-0.37,0.00,1.00,0.00,1.00,2,5685,1005.9,2.37,-1.74,-1.67,14.75,112,564,3594,-0.0534,0.024,0.945,0.873,-19.96,12.80,1055,3019,-980,0,0,4141,-0.0407,-0.068,0.479,0.408,-20.54,13.37,784,3044,-1981,0,0,6008,0.0167,0.083,0.695,0.624,-18.29,11.12,918,4654,-2052,0,0,6456,0.0292,-0.005,0.730,0.658,-18.64,11.48,918,4982,-2130,0,0
23.520,636.7,52.64,-7.55,-160.87,81.5,0.66,-0.48,-0.15,1.00,0.00,1.00,2,5127,962.3,2.22,-1.84,-2.04,17.14,117,538,2896,-0.0601,-0.055,0.782,0.711,-20.49,13.33,989,2371,-1036,0,0,4919,-0.0365,0.034,0.237,0.166,-20.39,13.23,672,2446,-3486,0,0,5614,0.0171,0.003,0.456,0.384,-14.11,6.95,828,4245,-2260,0,0,6943,0.0406,0.095,0.488,0.416,-14.42,7.26,827,5172,-2625,0,0
23.640,639.4,50.56,-7.55,-162.68,83.4,0.57,-0.54,0.00,1.00,0.00,1.00,2,4876,940.7,2.14,-1.68,-2.47,17.58,124,499,2809,-0.0659,-0.049,0.580,0.509,-12.19,5.03,935,2372,-883,0,0,5064,-0.0300,0.055,0.118,0.047,-12.66,5.50,646,1959,-3940,0,0,5259,0.0090,-0.067,0.332,0.260,-10.20,3.04,787,4001,-2171,0,0,6813,0.0456,0.041,0.360,0.289,-10.43,3.27,786,5102,-2604,0,0
23.760,642.3,48.49,-7.55,-164.59,85.5,0.58,-0.50,-0.16,1.00,0.00,1.00,2,4602,916.8,2.07,-1.42,-2.47,18.33,132,461,3269,-0.0638,0.017,0.384,0.313,-12.86,5.70,837,2544,-1448,0,0,5240,-0.0275,0.021,0.105,0.033,-12.58,5.42,654,1939,-4086,0,0,5082,0.0037,-0.045,0.212,0.141,-6.37,-0.79,743,3874,-2091,0,0,6275,0.0389,-0.055,0.238,0.167,-6.52,-0.64,742,4777,-2356,0,0
23.880,645.1,46.43,-7.56,-166.61,87.5,0.52,-0.53,-0.34,1.00,0.00,1.00,2,4374,893.4,2.00,-1.28,-2.57,14.29,138,420,3217,-0.0620,0.015,0.259,0.188,-16.68,9.52,763,1940,-2131,0,0,5539,-0.0228,0.039,0.094,0.022,-15.15,7.98,657,1617,-4492,0,0,5058,-0.0013,-0.042,0.119,0.048,-3.06,-4.10,706,3868,-1685,0,0,6605,0.0379,-0.009,0.137,0.065,-3.11,-4.05,704,5043,-2012,0,0
24.000,648.1,44.37,-7.56,-168.72,89.3,0.45,-0.48,-0.49,1.00,0.00,1.00,2,4311,886.0,1.99,-1.15,-2.62,4.17,145,389,3440,-0.0601,0.016,0.232,0.161,-21.83,14.67,734,1634,-2584,0,0,5640,-0.0192,0.030,0.105,0.033,-19.01,11.85,667,1472,-4619,0,0,4972,-0.0048,-0.029,0.085,0.013,-1.29,-5.87,696,3839,-872,0,0,6341,0.0361,-0.015,0.088,0.017,-1.30,-5.86,694,4830,-1071,0,0
24.120,651.1,42.31,-7.56,-170.92,91.4,0.50,-0.30,0.00,1.00,0.00,1.00,2,4208,874.3,1.96,-1.03,-2.24,-2.34,153,389,3876,-0.0565,0.030,0.044,-0.028,-0.82,-6.34,682,2593,-503,0,0,4604,-0.0257,-0.054,0.034,-0.037,-0.98,-6.18,679,2328,-735,0,0,5546,-0.0013,0.029,0.042,-0.029,-1.20,-5.97,682,3294,-959,0,0,5785,0.0291,-0.059,0.039,-0.032,-1.19,-5.97,682,3275,-1001,0,0
24.240,654.2,40.21,-7.56,-173.19,93.6,0.51,-0.16,-0.10,1.00,0.00,1.00,2,4331,888.0,1.99,-1.07,-1.61,-2.09,158,404,4243,-0.0457,0.090,0.052,-0.019,-4.76,-2.40,703,2080,-2058,0,0,4596,-0.0345,-0.073,0.045,-0.027,-4.28,-2.88,700,2105,-2103,0,0,5671,0.0086,0.083,0.046,-0.026,-0.79,-6.37,701,3485,-682,0,0,5986,0.0196,-0.079,0.043,-0.028,-0.79,-6.38,701,3558,-718,0,0
24.360,657.4,38.09,-7.56,-175.53,95.6,0.48,-0.34,-0.23,1.00,0.00,1.00,2,4530,910.0,2.05,-1.13,-2.07,-12.49,165,419,3250,-0.0519,-0.052,0.116,0.044,-9.26,2.10,749,1665,-2329,0,0,5538,-0.0268,0.064,0.056,-0.016,-8.02,0.86,721,1739,-4090,0,0,5030,0.0044,-0.035,0.076,0.004,-1.27,-5.90,732,3775,-770,0,0,6581,0.0295,0.083,0.060,-0.012,-1.25,-5.91,731,4430,-1025,0,0
24.480,660.6,35.98,-7.56,-177.97,97.4,0.45,-0.44,-0.47,1.00,0.00,1.00,2,4761,930.2,2.11,-1.13,-2.55,-21.53,172,455,2940,-0.0607,-0.073,0.233,0.162,-19.89,12.73,800,1507,-2173,0,0,5617,-0.0209,0.050,0.106,0.035,-17.16,10.00,746,1653,-4545,0,0,4868,-0.0026,-0.059,0.115,0.044,-2.87,-4.29,769,3776,-1411,0,0,6662,0.0372,0.064,0.088,0.016,-2.81,-4.35,768,4639,-2056,0,0
24.600,663.9,33.87,-7.57,-180.49,99.6,0.55,-0.39,0.00,1.00,0.00,1.00,2,4747,929.3,2.11,-1.16,-2.40,-18.56,181,510,3633,-0.0584,0.018,0.107,0.036,-2.39,-4.77,781,2940,-903,0,0,4929,-0.0223,-0.012,0.046,-0.026,-2.51,-4.66,753,2622,-1618,0,0,5351,-0.0027,-0.001,0.090,0.018,-4.46,-2.70,769,3411,-2528,0,0,6248,0.0329,-0.036,0.068,-0.003,-4.37,-2.79,769,3398,-3087,0,0
24.720,667.2,31.76,-7.57,-183.11,101.8,0.54,-0.42,0.00,0.00,0.00,1.00,2,4791,738.2,1.87,-1.30,-2.19,-9.45,187,549,3393,-0.0566,0.016,0.089,0.017,-3.20,-3.97,788,2489,-1261,0,0,5078,-0.0268,-0.038,0.040,-0.031,-3.33,-3.83,760,2390,-2237,0,0,5469,0.0040,0.056,0.071,-0.001,-4.28,-2.88,775,3178,-2695,0,0,6535,0.0338,0.007,0.060,-0.012,-4.24,-2.92,774,3385,-3251,0,0
24.840,670.6,29.68,-7.57,-185.80,102.2,0.13,-0.47,0.00,0.00,0.00,1.00,2,4479,-90.9,0.32,-1.05,-2.36,-2.52,193,547,3806,-0.0560,0.005,-0.008,-0.064,-2.96,-4.21,723,-256,-1683,0,0,5874,-0.0210,0.049,-0.006,-0.065,-3.10,-4.06,726,-331,-2603,0,0,4380,-0.0045,-0.071,-0.008,-0.064,-3.32,-3.85,723,-255,-2125,0,0,5784,0.0306,-0.026,-0.009,-0.062,-3.31,-3.86,724,-468,-2727,0,0
24.960,674.0,27.66,-7.56,-188.52,101.3,-0.20,-0.39,0.00,0.00,0.00,1.00,2,4428,-135.1,0.20,-0.34,-2.26,-1.52,205,517,5267,-0.0378,0.151,-0.010,-0.062,-2.34,-4.82,717,-732,-1871,0,0,6839,-0.0049,0.134,-0.008,-0.064,-2.43,-4.74,719,-752,-2439,0,0,3685,-0.0234,-0.158,-0.012,-0.059,-2.56,-4.60,715,-645,-1453,0,0,4671,0.0091,-0.180,-0.013,-0.058,-2.56,-4.60,715,-844,-1806,0,0
25.080,677.4,25.70,-7.56,-191.24,100.7,-0.14,-0.32,0.00,1.00,0.00,1.00,2,4473,117.8,0.93,0.08,-2.02,-1.67,213,494,5532,-0.0241,0.115,0.004,-0.068,-1.79,-5.37,723,259,-1537,0,0,6691,0.0016,0.054,0.003,-0.068,-1.83,-5.33,724,248,-1860,0,0,4011,-0.0318,-0.070,0.005,-0.066,-2.01,-5.16,724,278,-1269,0,0,4586,-0.0061,-0.127,0.004,-0.068,-2.00,-5.16,724,203,-1435,0,0
25.200,680.7,23.75,-7.56,-194.00,102.0,0.31,-0.23,0.00,1.00,0.00,1.00,2,4748,929.3,2.11,-0.17,-1.80,-0.58,214,492,4208,-0.0303,-0.052,0.054,-0.017,-1.39,-5.77,771,2781,-856,0,0,4886,-0.0110,-0.105,0.042,-0.029,-1.47,-5.69,763,2794,-1066,0,0,4927,-0.0231,0.072,0.052,-0.019,-1.52,-5.64,770,3147,-1087,0,0,5429,-0.0038,0.019,0.051,-0.020,-1.52,-5.65,770,3391,-1191,0,0
25.320,684.2,21.79,-7.56,-196.84,104.3,0.56,-0.16,0.00,1.00,0.00,1.00,2,4840,937.3,2.13,-0.89,-1.58,1.27,205,509,3710,-0.0426,-0.103,0.050,-0.022,-0.99,-6.17,787,2459,-562,0,0,4138,-0.0293,-0.152,0.041,-0.030,-1.13,-6.03,780,2439,-722,0,0,5838,0.0003,0.195,0.045,-0.026,-0.96,-6.20,783,3560,-850,0,0,6226,0.0132,0.142,0.046,-0.025,-0.96,-6.20,783,3799,-899,0,0
25.440,687.7,19.80,-7.57,-199.75,106.6,0.54,-0.17,-0.17,1.00,0.00,1.00,2,4977,949.0,2.17,-1.39,-1.57,-1.42,200,522,3409,-0.0501,-0.062,0.071,0.000,-4.80,-2.37,816,1868,-1895,0,0,4521,-0.0375,-0.069,0.047,-0.024,-4.30,-2.86,799,1957,-2430,0,0,6075,0.0180,0.147,0.053,-0.019,-0.53,-6.64,804,4015,-466,0,0,6708,0.0305,0.144,0.051,-0.021,-0.53,-6.64,804,4320,-511,0,0
25.560,691.3,17.80,-7.57,-202.74,108.8,0.54,-0.23,0.00,1.00,0.00,1.00,2,5049,955.3,2.19,-1.48,-1.87,-7.48,206,547,3441,-0.0576,-0.063,0.066,-0.005,-0.32,-6.84,828,2681,-150,0,0,4680,-0.0347,0.023,0.031,-0.041,-0.50,-6.66,807,2323,-351,0,0,5923,0.0170,-0.008,0.052,-0.020,-1.15,-6.01,817,3873,-901,0,0,6600,0.0396,0.076,0.044,-0.028,-1.15,-6.02,817,3919,-1009,0,0
25.680,695.0,15.78,-7.57,-205.80,111.2,0.55,-0.12,0.00,1.00,0.00,1.00,2,5146,963.4,2.22,-1.42,-1.51,-3.19,217,581,4055,-0.0503,0.061,0.048,-0.024,-0.83,-6.33,833,2646,-490,0,0,4388,-0.0382,-0.029,0.042,-0.029,-1.01,-6.16,832,2640,-648,0,0,6007,0.0189,0.016,0.048,-0.024,-1.23,-5.93,833,3683,-1060,0,0,6113,0.0310,-0.072,0.045,-0.027,-1.23,-5.93,833,3601,-1084,0,0
25.800,698.7,13.73,-7.56,-208.95,113.5,0.56,-0.13,0.00,1.00,0.00,1.00,2,5256,972.5,2.25,-1.39,-1.43,-0.63,228,603,3947,-0.0484,0.016,0.049,-0.022,-0.78,-6.38,853,2630,-460,0,0,4460,-0.0387,-0.005,0.041,-0.031,-0.95,-6.21,847,2631,-642,0,0,5859,0.0187,-0.002,0.047,-0.025,-0.94,-6.23,851,3625,-807,0,0,6179,0.0283,-0.022,0.046,-0.026,-0.93,-6.23,851,3759,-848,0,0
25.920,702.6,11.65,-7.56,-212.16,115.8,0.55,-0.15,-0.16,1.00,0.00,1.00,2,5424,986.3,2.30,-1.33,-1.48,-1.63,238,620,3708,-0.0510,-0.022,0.073,0.001,-5.14,-2.02,887,2145,-1890,0,0,4619,-0.0394,-0.006,0.051,-0.020,-4.62,-2.54,871,2198,-2286,0,0,5457,0.0162,-0.021,0.058,-0.014,-0.65,-6.51,878,3773,-510,0,0,6151,0.0270,-0.011,0.056,-0.016,-0.65,-6.51,877,4144,-571,0,0
26.040,706.5,9.56,-7.56,-215.47,118.3,0.57,-0.19,0.00,1.00,0.00,1.00,2,5492,992.0,2.32,-1.36,-1.68,-5.05,247,649,3773,-0.0534,-0.020,0.058,-0.013,-0.56,-6.60,895,2769,-275,0,0,4515,-0.0351,0.036,0.038,-0.033,-0.73,-6.43,882,2581,-465,0,0,5860,0.0129,-0.027,0.051,-0.020,-1.11,-6.05,889,3798,-893,0,0,6364,0.0312,0.035,0.046,-0.025,-1.11,-6.05,889,3879,-971,0,0
26.160,710.5,7.44,-7.56,-218.84,120.7,0.57,-0.12,0.00,1.00,0.00,1.00,2,5611,1000.2,2.35,-1.42,-1.42,-1.78,255,682,3767,-0.0510,0.020,0.053,-0.019,-0.79,-6.37,910,2597,-435,0,0,4047,-0.0408,-0.047,0.047,-0.024,-0.97,-6.19,906,2608,-579,0,0,6063,0.0197,0.057,0.051,-0.020,-1.05,-6.12,908,3888,-906,0,0,6273,0.0299,-0.011,0.049,-0.022,-1.04,-6.12,908,3935,-938,0,0
26.280,714.5,5.30,-7.56,-222.30,123.1,0.58,-0.12,-0.04,1.00,0.00,1.00,2,5721,1007.6,2.38,-1.43,-1.35,-0.02,265,705,3866,-0.0503,0.006,0.055,-0.017,-2.17,-4.99,930,2551,-880,0,0,4331,-0.0416,-0.007,0.046,-0.026,-2.13,-5.03,922,2560,-1032,0,0,5905,0.0200,0.003,0.050,-0.022,-0.75,-6.41,926,3807,-654,0,0,6309,0.0284,-0.012,0.049,-0.022,-0.75,-6.41,926,4027,-690,0,0
26.400,718.7,3.14,-7.56,-225.84,125.4,0.54,-0.26,0.00,1.00,0.00,1.00,2,5990,1025.2,2.46,-1.44,-1.73,-7.77,275,725,3183,-0.0548,-0.038,0.119,0.048,-8.48,1.32,992,1761,-2171,0,0,5059,-0.0352,0.054,0.065,-0.006,-7.43,0.27,952,1941,-3576,0,0,5405,0.0155,-0.038,0.081,0.010,-0.90,-6.26,968,4153,-591,0,0,6715,0.0351,0.056,0.073,0.002,-0.89,-6.27,967,4900,-736,0,0
26.520,722.9,0.96,-7.56,-229.47,127.9,0.61,-0.16,0.00,1.00,0.00,1.00,2,5982,1024.8,2.45,-1.47,-1.65,-5.74,286,776,3788,-0.0555,-0.006,0.067,-0.005,-0.98,-6.18,975,2855,-491,0,0,4316,-0.0369,-0.014,0.046,-0.026,-1.16,-6.00,961,2669,-710,0,0,5980,0.0174,0.016,0.059,-0.012,-1.56,-5.60,968,3983,-1252,0,0,6172,0.0353,0.001,0.054,-0.017,-1.55,-5.61,968,3930,-1303,0,0
26.640,727.2,-1.24,-7.56,-233.18,130.4,0.59,-0.18,0.00,1.00,0.00,1.00,2,6083,1031.2,2.48,-1.53,-1.44,-1.84,295,811,3761,-0.0522,0.028,0.060,-0.011,-1.12,-6.04,990,2693,-602,0,0,4324,-0.0401,-0.027,0.047,-0.024,-1.31,-5.85,979,2709,-827,0,0,6108,0.0218,0.037,0.055,-0.016,-1.38,-5.78,985,3959,-1178,0,0,6468,0.0339,-0.011,0.053,-0.018,-1.38,-5.79,985,4095,-1244,0,0
26.760,731.6,-3.45,-7.56,-236.97,132.8,0.59,-0.16,0.00,1.00,0.00,1.00,2,6206,1038.9,2.52,-1.54,-1.42,0.66,306,833,3528,-0.0541,-0.016,0.065,-0.007,-0.93,-6.23,1014,2626,-470,0,0,4303,-0.0421,-0.017,0.046,-0.025,-1.12,-6.04,996,2724,-713,0,0,6074,0.0228,0.008,0.055,-0.016,-0.99,-6.18,1004,4051,-855,0,0,6444,0.0345,0.005,0.055,-0.016,-0.99,-6.18,1004,4273,-900,0,0
26.880,736.1,-5.69,-7.56,-240.85,135.4,0.59,-0.11,0.00,1.00,0.00,0.99,2,6302,1044.7,2.54,-1.55,-1.30,1.96,316,849,3842,-0.0520,0.017,0.056,-0.016,-0.60,-6.56,1025,2726,-349,0,0,4130,-0.0432,-0.009,0.047,-0.024,-0.79,-6.37,1015,2682,-500,0,0,6191,0.0236,0.007,0.051,-0.021,-0.56,-6.60,1020,4049,-514,0,0,6377,0.0324,-0.017,0.052,-0.019,-0.56,-6.60,1020,4206,-526,0,0
27.000,740.7,-7.96,-7.56,-244.80,137.4,0.47,-0.05,0.00,1.00,0.00,0.19,2,6419,-228.9,2.58,-1.50,-1.16,2.21,327,862,4018,-0.0498,0.019,0.010,-0.061,-0.25,-6.91,994,932,-175,0,0,4103,-0.0454,-0.018,0.010,-0.061,-0.44,-6.72,993,937,-304,0,0,6029,0.0258,0.018,0.009,-0.062,-0.18,-6.98,993,1247,-189,0,0,5989,0.0302,-0.018,0.011,-0.061,-0.18,-6.98,993,1399,-188,0,0
27.120,745.2,-10.24,-7.56,-248.78,138.4,0.24,0.00,-0.05,1.00,0.00,1.00,3,5920,1022.0,2.44,-1.10,-1.03,1.68,347,856,4809,-0.0378,0.100,0.053,-0.018,-0.01,-7.15,1045,3299,-15,0,0,4773,-0.0363,0.076,0.053,-0.018,-0.16,-7.00,1044,3283,-119,0,0,5752,0.0155,-0.085,0.055,-0.016,0.04,-7.12,1047,3952,25,0,0,5644,0.0171,-0.109,0.057,-0.015,0.04,-7.12,1047,3925,27,0,0
27.240,749.9,-12.55,-7.56,-252.83,140.9,0.60,-0.15,0.00,0.00,0.00,1.00,3,5140,962.7,2.22,-1.24,-1.36,-7.10,358,889,3105,-0.0458,-0.066,0.121,0.050,-7.44,0.28,1122,1931,-1890,0,0,4710,-0.0349,0.012,0.071,0.000,-6.44,-0.72,1079,2241,-2954,0,0,5702,0.0155,0.000,0.088,0.017,-0.22,-6.94,1097,4492,-120,0,0,6584,0.0264,0.077,0.082,0.010,-0.22,-6.94,1097,5025,-139,0,0
27.360,754.7,-14.89,-7.56,-256.96,143.1,0.51,-0.09,0.00,0.00,0.00,1.00,3,4735,-6.3,0.58,-1.47,-1.38,-5.70,359,955,3942,-0.0519,-0.051,-0.004,-0.067,-0.53,-6.63,1019,-117,-306,0,0,4313,-0.0394,-0.038,-0.003,-0.068,-0.71,-6.45,1024,-92,-456,0,0,6052,0.0210,0.046,-0.003,-0.069,-1.05,-6.11,1020,-16,-952,0,0,6357,0.0332,0.057,-0.005,-0.067,-1.05,-6.12,1023,-367,-989,0,0
27.480,759.4,-17.22,-7.56,-261.11,142.3,-0.18,-0.14,0.00,0.00,0.00,1.00,3,4690,-141.2,0.20,-0.93,-1.28,-3.20,376,956,5108,-0.0363,0.130,-0.006,-0.066,-0.85,-6.31,1011,-537,-673,0,0,5643,-0.0271,0.102,-0.006,-0.066,-0.98,-6.18,1014,-528,-848,0,0,4645,0.0084,-0.105,-0.006,-0.065,-1.15,-6.01,1011,-522,-838,0,0,5003,0.0177,-0.129,-0.008,-0.063,-1.15,-6.01,1011,-712,-894,0,0
27.600,764.1,-19.50,-7.55,-265.24,141.5,-0.19,-0.25,-0.14,0.00,0.00,1.00,3,4645,-140.1,0.20,-0.27,-1.52,-6.38,403,938,5323,-0.0259,0.087,-0.007,-0.065,-6.28,-0.88,998,-289,-3570,0,0,6875,-0.0092,0.149,-0.006,-0.065,-5.53,-1.64,1004,-378,-4174,0,0,3572,-0.0141,-0.188,-0.008,-0.063,-1.22,-5.94,1002,-513,-683,0,0,4915,0.0019,-0.132,-0.011,-0.060,-1.21,-5.95,1004,-950,-912,0,0
27.720,768.8,-21.73,-7.55,-269.37,140.5,-0.20,-0.41,0.00,0.00,0.00,1.00,3,4634,-139.8,0.20,0.01,-2.08,-13.29,415,948,5124,-0.0287,-0.023,-0.006,-0.065,-1.31,-5.85,995,-571,-978,0,0,7004,0.0060,0.126,-0.005,-0.066,-1.34,-5.82,1007,-593,-1320,0,0,3825,-0.0331,-0.158,-0.004,-0.067,-2.35,-4.81,997,-237,-1321,0,0,5002,0.0016,-0.003,-0.012,-0.059,-2.33,-4.84,999,-891,-1669,0,0
27.840,773.5,-23.91,-7.54,-273.50,139.8,-0.16,-0.33,0.00,1.00,0.00,1.00,3,4641,39.2,0.70,0.04,-1.80,-9.73,413,978,5155,-0.0270,0.015,0.000,-0.071,-2.23,-4.93,998,-74,-1694,0,0,6314,-0.0007,-0.056,0.000,-0.071,-2.27,-4.89,1005,-62,-2063,0,0,4099,-0.0324,0.006,0.002,-0.069,-3.01,-4.15,1000,54,-1795,0,0,4728,-0.0069,-0.071,-0.002,-0.070,-2.99,-4.18,1003,-178,-2034,0,0
27.960,778.2,-26.03,-7.54,-277.65,140.2,0.12,-0.40,0.00,1.00,0.00,1.00,3,4834,936.7,2.13,-0.27,-1.82,-6.34,403,993,4094,-0.0339,-0.058,0.042,-0.029,-2.54,-4.62,1045,2033,-1481,0,0,5728,-0.0069,-0.051,0.031,-0.041,-2.61,-4.55,1038,2152,-2105,0,0,4652,-0.0263,0.050,0.042,-0.029,-3.08,-4.08,1045,2128,-1975,0,0,5669,0.0007,0.064,0.037,-0.035,-3.07,-4.10,1045,2287,-2381,0,0
28.080,782.9,-28.13,-7.54,-281.87,141.7,0.38,-0.39,0.00,1.00,0.00,1.00,3,4889,941.6,2.15,-0.88,-1.85,-1.54,384,1014,3509,-0.0478,-0.116,0.045,-0.026,-2.44,-4.72,1061,2003,-1203,0,0,5021,-0.0192,-0.103,0.030,-0.042,-2.57,-4.59,1047,1903,-1868,0,0,5400,-0.0077,0.155,0.040,-0.032,-2.66,-4.50,1055,2540,-2024,0,0,6344,0.0200,0.161,0.038,-0.034,-2.66,-4.50,1055,2833,-2344,0,0
28.200,787.6,-30.19,-7.54,-286.15,143.3,0.37,-0.34,0.00,1.00,0.00,1.00,3,4913,943.6,2.15,-1.32,-1.71,2.44,371,1012,3698,-0.0520,-0.035,0.037,-0.035,-1.89,-5.27,1066,1878,-1067,0,0,4729,-0.0274,-0.068,0.028,-0.044,-2.06,-5.11,1054,1845,-1470,0,0,5915,0.0086,0.135,0.032,-0.040,-1.83,-5.33,1060,2601,-1618,0,0,6631,0.0332,0.109,0.033,-0.039,-1.83,-5.33,1060,2958,-1788,0,0
28.320,792.4,-32.25,-7.53,-290.50,144.8,0.37,-0.23,0.00,1.00,0.00,1.00,3,4945,946.4,2.16,-1.41,-1.45,4.32,373,996,3931,-0.0508,0.010,0.031,-0.041,-1.13,-6.03,1071,1892,-713,0,0,4634,-0.0338,-0.053,0.026,-0.046,-1.30,-5.86,1063,1911,-956,0,0,5895,0.0168,0.069,0.027,-0.044,-0.93,-6.24,1067,2579,-867,0,0,6086,0.0335,0.003,0.030,-0.041,-0.93,-6.23,1067,2845,-889,0,0
28.440,797.3,-34.30,-7.53,-294.90,146.4,0.37,-0.10,0.06,1.00,0.00,1.00,3,4989,950.1,2.18,-1.36,-1.12,4.19,383,981,4409,-0.0442,0.055,0.026,-0.045,-0.43,-6.73,1078,1969,-326,0,0,4473,-0.0362,-0.021,0.026,-0.046,-0.60,-6.56,1074,1952,-443,0,0,5997,0.0186,0.015,0.025,-0.046,-0.23,-6.93,1077,2559,-241,0,0,5911,0.0265,-0.058,0.028,-0.043,-0.23,-6.93,1077,2744,-238,0,0
28.560,802.2,-36.38,-7.52,-299.34,147.8,0.35,0.18,0.21,1.00,0.00,1.00,3,5101,959.6,2.21,-1.25,-0.46,11.78,394,984,5245,-0.0343,0.083,0.037,-0.034,7.02,-0.14,1095,1343,3661,0,0,3368,-0.0456,-0.078,0.062,-0.009,8.11,0.94,1110,1239,2489,0,0,6468,0.0263,0.064,0.033,-0.038,0.57,-6.60,1099,3278,472,0,0,4890,0.0149,-0.097,0.042,-0.030,0.57,-6.59,1100,2969,364,0,0
28.680,807.1,-38.53,-7.51,-303.80,148.8,0.24,0.49,0.40,0.48,0.00,1.00,3,5037,408.2,1.48,-1.12,0.48,22.35,406,1062,6344,-0.0165,0.148,0.028,-0.043,13.23,6.07,1075,689,5297,0,0,3217,-0.0553,-0.081,0.078,0.007,15.25,8.08,1099,837,2766,0,0,6781,0.0369,0.089,0.011,-0.060,2.38,-4.79,1086,1225,2202,0,0,4538,-0.0019,-0.140,0.027,-0.045,2.41,-4.75,1085,1752,1526,0,0
28.800,812.1,-40.74,-7.51,-308.23,148.4,-0.06,0.58,0.00,0.00,0.00,1.00,3,4870,-145.5,0.20,-0.71,0.71,21.10,424,1146,6408,-0.0056,0.091,-0.007,-0.065,2.88,-4.28,1061,-533,2505,0,0,4241,-0.0518,0.029,-0.009,-0.062,2.81,-4.35,1043,-488,1683,0,0,5550,0.0315,-0.045,-0.017,-0.055,4.33,-2.83,1051,-887,3074,0,0,4405,-0.0147,-0.107,-0.004,-0.068,4.39,-2.77,1048,-125,2534,0,0
28.920,817.0,-43.01,-7.50,-312.60,147.3,-0.18,0.61,0.00,0.00,0.00,1.00,3,4819,-144.3,0.20,-0.24,0.47,16.66,441,1191,6947,0.0004,0.050,-0.009,-0.063,4.18,-2.98,1049,-621,3699,0,0,4878,-0.0371,0.123,-0.012,-0.060,4.15,-3.01,1033,-600,2682,0,0,5284,0.0128,-0.156,-0.018,-0.053,5.34,-1.82,1039,-832,3393,0,0,3964,-0.0247,-0.083,-0.008,-0.063,5.40,-1.76,1037,-278,2642,0,0
29.040,821.9,-45.34,-7.49,-316.89,146.3,-0.17,0.70,0.00,1.00,0.00,1.00,3,4829,34.7,0.71,0.01,0.64,13.77,449,1209,6997,0.0057,0.045,-0.001,-0.070,4.90,-2.26,1048,-141,4169,0,0,4354,-0.0372,-0.001,-0.003,-0.068,4.89,-2.28,1036,-189,2718,0,0,5456,0.0084,-0.037,-0.005,-0.066,5.87,-1.29,1044,-294,3717,0,0,3670,-0.0346,-0.083,0.001,-0.070,5.93,-1.23,1040,-17,2598,0,0
29.160,826.8,-47.76,-7.49,-321.12,146.4,0.09,0.72,0.00,0.00,0.00,1.00,3,5131,961.9,2.21,-0.12,0.77,10.98,445,1220,6387,0.0035,-0.019,0.045,-0.027,5.28,-1.88,1097,2172,3865,0,0,3780,-0.0426,-0.045,0.070,-0.001,5.25,-1.92,1115,1904,2254,0,0,5836,0.0108,0.020,0.057,-0.015,6.05,-1.12,1109,2191,3779,0,0,4311,-0.0353,-0.005,0.065,-0.006,6.10,-1.06,1110,1869,2824,0,0
29.280,831.7,-50.28,-7.49,-325.32,146.8,0.17,0.72,0.00,0.00,0.00,1.00,3,4865,-9.4,0.59,-0.56,0.74,4.13,425,1226,5860,-0.0073,-0.090,0.000,-0.071,5.22,-1.94,1049,22,3737,0,0,3380,-0.0524,-0.081,0.003,-0.068,5.12,-2.04,1049,143,2228,0,0,6375,0.0253,0.121,0.000,-0.071,5.50,-1.66,1049,46,4161,0,0,4792,-0.0199,0.129,0.003,-0.069,5.52,-1.65,1049,158,3225,0,0
29.400,836.5,-52.87,-7.49,-329.45,145.8,-0.18,0.69,0.00,0.00,0.00,1.00,3,4770,-143.1,0.20,-0.45,0.74,0.16,420,1168,6717,-0.0033,0.033,-0.009,-0.062,4.40,-2.76,1032,-592,3800,0,0,4330,-0.0476,0.039,-0.013,-0.059,4.30,-2.86,1028,-572,2514,0,0,5588,0.0218,-0.030,-0.013,-0.059,4.41,-2.75,1028,-699,3231,0,0,4313,-0.0228,-0.024,-0.013,-0.059,4.41,-2.75,1028,-560,2551,0,0
29.520,841.4,-55.52,-7.49,-333.50,144.9,-0.16,0.59,0.00,0.00,0.00,1.00,3,4767,-143.1,0.20,-0.18,0.59,-0.90,428,1100,6585,0.0006,0.032,-0.007,-0.065,3.41,-3.75,1029,-447,3114,0,0,4660,-0.0393,0.069,-0.008,-0.064,3.33,-3.83,1029,-370,2241,0,0,5260,0.0127,-0.075,-0.009,-0.063,3.35,-3.81,1027,-458,2514,0,0,4188,-0.0272,-0.037,-0.009,-0.062,3.35,-3.82,1027,-406,2040,0,0
29.640,846.2,-58.21,-7.49,-337.49,144.1,-0.19,0.47,0.00,0.00,0.00,1.00,3,4742,-142.4,0.20,-0.01,0.32,-0.84,430,1042,6567,-0.0002,-0.006,-0.007,-0.065,2.53,-4.64,1024,-604,2428,0,0,5154,-0.0313,0.066,-0.008,-0.063,2.46,-4.70,1024,-585,1912,0,0,4856,0.0015,-0.094,-0.009,-0.062,2.47,-4.69,1022,-632,1813,0,0,4279,-0.0301,-0.024,-0.010,-0.062,2.47,-4.70,1022,-605,1613,0,0
29.760,851.0,-60.94,-7.49,-341.42,143.2,-0.18,0.36,0.00,0.00,0.00,1.00,3,4722,-141.9,0.20,0.04,0.08,-0.87,428,997,6070,-0.0039,-0.031,-0.006,-0.065,1.84,-5.33,1020,-575,1700,0,0,5120,-0.0278,0.029,-0.007,-0.065,1.77,-5.39,1020,-563,1412,0,0,4891,-0.0039,-0.045,-0.008,-0.064,1.76,-5.40,1018,-628,1350,0,0,4335,-0.0279,0.019,-0.009,-0.063,1.76,-5.40,1018,-609,1208,0,0
29.880,855.7,-63.68,-7.49,-345.31,142.4,-0.18,0.26,0.00,0.00,1.00,1.00,3,4700,-141.4,0.20,0.06,-0.13,-0.71,423,960,6122,-0.0073,-0.029,-0.006,-0.066,1.30,-5.86,1015,-578,1237,0,0,5425,-0.0243,0.029,-0.006,-0.065,1.23,-5.93,1015,-568,1058,0,0,4716,-0.0096,-0.047,-0.007,-0.064,1.23,-5.93,1013,-617,930,0,0,4326,-0.0274,0.004,-0.008,-0.064,1.23,-5.93,1013,-610,858,0,0
30.001,860.4,-66.39,-7.49,-349.12,138.8,-0.85,0.14,0.00,0.00,0.00,1.00,3,4207,-129.7,0.20,0.57,-0.41,-0.29,421,907,7041,0.0004,0.064,-0.052,-0.020,0.97,-6.19,937,-4846,935,0,0,6836,-0.0084,0.133,-0.061,-0.011,0.95,-6.21,929,-4946,863,0,0,3292,-0.0267,-0.143,-0.110,0.039,0.95,-6.21,880,-2810,357,0,0,3321,-0.0355,-0.068,-0.110,0.039,0.95,-6.21,880,-2835,360,0,0
30.121,865.0,-69.06,-7.49,-352.82,135.9,-0.69,0.15,0.05,0.00,0.16,1.00,3,4383,-133.9,0.20,1.08,-0.44,1.61,426,867,7587,0.0112,0.090,-0.021,-0.050,2.41,-4.76,953,-2776,1923,679,0,7091,0.0043,0.106,-0.024,-0.047,2.74,-4.43,949,-2783,2005,679,0,3365,-0.0424,-0.131,-0.034,-0.038,0.83,-6.33,942,-2036,433,366,0,2953,-0.0501,-0.122,-0.033,-0.038,0.84,-6.33,942,-1792,383,366,0
30.241,869.5,-71.72,-7.49,-356.46,134.8,-0.24,0.42,0.00,0.00,0.00,1.00,3,4437,-135.2,0.20,0.82,0.26,13.24,414,851,7395,0.0159,0.039,-0.009,-0.063,0.36,-6.80,965,-887,3107,0,0,4445,-0.0119,-0.135,-0.014,-0.057,0.38,-6.78,950,-734,2225,0,0,5030,-0.0258,0.139,-0.014,-0.058,1.39,-5.77,959,-1215,1011,0,0,3416,-0.0536,-0.029,-0.006,-0.065,1.41,-5.75,957,-415,717,0,0
30.361,874.0,-74.41,-7.49,-360.05,134.1,-0.16,0.25,0.00,0.00,0.00,1.00,3,4427,-135.0,0.20,0.30,0.14,9.67,388,875,6004,0.0007,-0.127,-0.006,-0.066,1.62,-5.55,960,-556,1414,0,0,5222,-0.0226,-0.089,-0.006,-0.065,1.58,-5.58,952,-547,1225,0,0,5012,-0.0126,0.110,-0.011,-0.060,2.36,-4.81,955,-815,1733,0,0,4394,-0.0367,0.141,-0.005,-0.066,2.37,-4.79,953,-331,1553,0,0
30.481,878.4,-77.11,-7.49,-363.59,133.3,-0.17,0.35,0.00,0.00,0.00,1.00,3,4398,-134.4,0.20,-0.05,0.08,6.06,369,877,6183,-0.0056,-0.052,-0.006,-0.066,1.99,-5.17,953,-536,1813,0,0,4841,-0.0270,-0.037,-0.007,-0.065,1.94,-5.23,947,-527,1417,0,0,5381,-0.0033,0.078,-0.010,-0.062,2.45,-4.71,949,-762,1941,0,0,4559,-0.0247,0.100,-0.006,-0.065,2.46,-4.70,947,-412,1680,0,0
30.601,882.9,-79.84,-7.49,-367.08,132.5,-0.17,0.40,0.14,0.00,0.00,1.00,3,4357,-133.5,0.20,-0.10,0.25,5.21,361,864,6398,-0.0061,-0.004,-0.006,-0.066,5.31,-1.85,942,-353,3705,0,0,5672,-0.0322,-0.043,-0.007,-0.064,5.84,-1.33,936,-341,3509,0,0,5298,0.0008,0.033,-0.011,-0.060,2.26,-4.90,941,-837,1785,0,0,4021,-0.0254,-0.006,-0.008,-0.063,2.27,-4.90,940,-480,1394,0,0
30.721,887.3,-82.60,-7.49,-370.51,131.7,-0.18,0.45,0.00,0.00,0.00,1.00,3,4341,-133.1,0.20,-0.03,0.52,7.79,359,854,6678,0.0011,0.060,-0.005,-0.066,1.96,-5.20,941,-548,1888,0,0,4949,-0.0331,-0.007,-0.007,-0.065,1.91,-5.26,934,-541,1407,0,0,5250,0.0020,0.010,-0.011,-0.061,2.57,-4.59,936,-784,1960,0,0,4186,-0.0322,-0.057,-0.006,-0.066,2.59,-4.58,935,-348,1607,0,0
30.841,891.6,-85.39,-7.49,-373.88,130.9,-0.17,0.45,0.00,0.00,0.00,1.00,3,4302,-132.2,0.20,0.03,0.44,8.65,358,849,6625,-0.0009,-0.017,-0.008,-0.063,1.95,-5.21,934,-674,2979,0,0,4653,-0.0318,0.010,-0.011,-0.060,1.90,-5.26,924,-644,2262,0,0,5244,-0.0009,-0.024,-0.013,-0.059,2.63,-4.53,929,-936,2003,0,0,3922,-0.0319,0.003,-0.007,-0.064,2.65,-4.51,927,-434,1548,0,0
30.961,896.0,-88.20,-7.48,-377.19,130.1,-0.16,0.39,0.00,0.00,0.00,1.00,3,4285,-131.9,0.20,0.06,0.37,6.39,355,846,6525,-0.0012,-0.002,-0.006,-0.065,2.26,-4.90,929,-563,2143,0,0,5110,-0.0293,0.021,-0.007,-0.064,2.22,-4.95,923,-548,1688,0,0,4941,-0.0048,-0.032,-0.011,-0.060,2.77,-4.39,924,-740,1998,0,0,4196,-0.0337,-0.015,-0.008,-0.064,2.78,-4.38,922,-321,1752,0,0
31.081,900.3,-91.05,-7.48,-380.45,129.3,-0.17,0.50,0.18,0.00,0.00,1.00,3,4237,-130.8,0.20,0.04,0.55,8.74,350,833,6795,0.0005,0.014,-0.006,-0.065,6.89,-0.27,917,-308,4722,0,0,4345,-0.0326,-0.028,-0.008,-0.064,7.69,0.53,908,-244,3303,0,0,5384,-0.0013,0.029,-0.014,-0.058,2.69,-4.47,916,-999,2094,0,0,3789,-0.0344,-0.006,-0.009,-0.063,2.71,-4.45,915,-458,1531,0,0
31.201,904.6,-93.93,-7.48,-383.62,128.2,-0.21,0.66,0.00,0.00,0.00,1.00,3,4155,-129.0,0.20,0.10,1.07,17.03,346,831,7544,0.0089,0.070,-0.003,-0.069,12.99,5.83,899,-67,6198,0,0,4343,-0.0388,-0.052,0.002,-0.070,14.87,7.70,883,34,3816,0,0,5551,0.0049,0.051,-0.023,-0.048,3.43,-3.73,903,-1452,2563,0,0,3271,-0.0439,-0.079,-0.012,-0.059,3.48,-3.68,900,-489,1607,0,0
31.321,908.8,-96.85,-7.48,-386.71,127.3,-0.17,0.57,0.11,0.00,0.00,1.00,3,4171,-129.4,0.20,0.10,0.94,15.96,343,855,6666,0.0088,-0.001,-0.008,-0.064,4.88,-2.28,908,-471,3923,0,0,7564,-0.0351,0.031,-0.011,-0.060,5.16,-2.00,892,-508,4516,0,0,5262,0.0034,-0.012,-0.018,-0.054,4.51,-2.65,901,-893,3038,0,0,4024,-0.0406,0.028,-0.007,-0.065,4.58,-2.59,898,-256,2414,0,0
31.441,913.1,-99.82,-7.48,-389.72,126.2,-0.18,0.74,0.32,0.00,0.00,1.00,3,4078,-127.3,0.20,0.11,1.12,18.76,338,867,7263,0.0090,0.002,-0.002,-0.070,13.27,6.11,885,-64,5985,0,0,4035,-0.0400,-0.041,0.000,-0.071,14.93,7.77,866,-17,3558,0,0,5532,0.0057,0.019,-0.027,-0.045,5.23,-1.94,885,-1250,3452,0,0,3363,-0.0434,-0.023,-0.014,-0.057,5.31,-1.85,882,-417,2230,0,0
31.561,917.2,-102.83,-7.47,-392.62,124.8,-0.24,0.81,0.46,0.00,0.00,1.00,3,3965,-124.8,0.20,0.16,1.45,22.10,334,883,7709,0.0161,0.059,0.016,-0.056,20.80,13.64,856,256,6365,0,0,4227,-0.0420,-0.017,0.033,-0.039,23.66,16.50,837,278,3699,0,0,5664,0.0081,0.020,-0.038,-0.033,6.37,-0.79,865,-1519,3868,0,0,3404,-0.0501,-0.056,-0.023,-0.049,6.49,-0.67,862,-577,2490,0,0
31.681,921.4,-105.88,-7.47,-395.42,123.6,-0.20,0.79,0.00,0.00,0.00,1.00,3,4023,-126.0,0.20,0.21,1.41,21.33,331,906,7070,0.0148,-0.011,-0.010,-0.062,5.82,-1.34,879,-544,4615,0,0,4351,-0.0420,0.000,-0.014,-0.057,5.87,-1.29,859,-508,2993,0,0,5349,0.0071,-0.008,-0.023,-0.048,7.60,0.44,867,-782,4045,0,0,3622,-0.0499,0.002,-0.007,-0.064,7.74,0.58,865,-166,2870,0,0
31.801,925.5,-108.97,-7.47,-398.11,122.5,-0.14,0.80,0.12,0.00,0.00,1.00,3,3963,-124.7,0.20,0.17,1.29,19.13,324,922,7286,0.0112,-0.030,-0.011,-0.060,8.36,1.19,865,-462,5517,0,0,4343,-0.0407,0.011,-0.016,-0.055,8.69,1.53,846,-385,3506,0,0,5466,0.0047,-0.020,-0.026,-0.045,8.32,1.16,855,-807,4255,0,0,3553,-0.0481,0.015,-0.012,-0.060,8.46,1.30,853,-236,2902,0,0
31.921,929.5,-112.11,-7.47,-400.68,121.2,-0.17,0.89,0.26,0.00,0.00,1.00,3,3853,-122.3,0.20,0.10,1.52,18.64,316,923,7394,0.0138,0.022,-0.002,-0.069,16.25,9.09,838,-73,6151,0,0,3805,-0.0451,-0.036,-0.001,-0.070,17.87,10.71,818,-33,3385,0,0,5763,0.0106,0.049,-0.037,-0.035,8.86,1.70,835,-1113,4502,0,0,3516,-0.0485,-0.003,-0.023,-0.049,9.00,1.84,833,-439,2909,0,0
32.041,933.6,-115.28,-7.47,-403.13,119.7,-0.22,0.89,0.47,0.00,0.00,1.00,3,3733,-119.6,0.20,0.18,1.57,18.27,310,918,7381,0.0142,0.003,0.010,-0.061,22.30,15.14,806,193,6114,0,0,4119,-0.0463,-0.010,0.025,-0.046,24.89,17.72,789,223,3602,0,0,5375,0.0094,-0.009,-0.048,-0.023,9.40,2.24,813,-1278,4243,0,0,3330,-0.0511,-0.021,-0.035,-0.036,9.55,2.39,811,-592,2780,0,0
32.161,937.5,-118.49,-7.46,-405.45,118.3,-0.17,0.89,0.00,1.00,0.00,1.00,3,3932,230.1,1.10,0.22,1.55,18.85,305,912,7497,0.0166,0.020,0.010,-0.061,8.29,1.12,854,371,5672,0,0,4278,-0.0421,0.035,0.014,-0.057,8.38,1.22,843,266,3446,0,0,5505,0.0061,-0.028,0.006,-0.066,9.93,2.76,850,81,4529,0,0,3553,-0.0526,-0.013,0.023,-0.049,10.09,2.93,849,352,3023,0,0
32.281,941.5,-121.75,-7.46,-407.67,118.5,0.21,0.84,0.00,0.00,0.00,1.00,3,4167,517.4,1.48,-0.14,1.44,15.31,296,921,6118,0.0063,-0.086,0.045,-0.026,8.79,1.62,882,1557,4664,0,0,3399,-0.0492,-0.059,0.096,0.025,8.82,1.66,913,1637,2465,0,0,6185,0.0169,0.090,0.065,-0.007,10.10,2.94,899,1883,4764,0,0,4388,-0.0388,0.115,0.080,0.009,10.24,3.08,899,1630,3411,0,0
32.401,945.4,-125.09,-7.47,-409.79,118.1,0.05,0.88,0.12,0.00,0.00,1.00,3,3797,-121.1,0.20,-0.45,1.47,8.82,283,910,6875,0.0004,-0.049,-0.010,-0.062,12.68,5.52,820,-186,5707,0,0,3578,-0.0546,-0.045,-0.004,-0.068,13.36,6.19,816,10,3169,0,0,6318,0.0264,0.079,-0.022,-0.049,9.35,2.19,820,-618,5042,0,0,4162,-0.0295,0.078,-0.016,-0.056,9.42,2.26,819,-267,3472,0,0
32.521,949.3,-128.45,-7.47,-411.77,116.6,-0.20,0.90,0.32,0.00,0.00,1.00,3,3685,-118.5,0.20,-0.26,1.68,6.89,282,860,7425,0.0102,0.082,0.004,-0.068,18.92,11.76,795,45,6179,0,0,3928,-0.0512,0.029,0.009,-0.062,20.82,13.66,785,69,3480,0,0,5860,0.0244,-0.016,-0.035,-0.036,8.39,1.23,800,-1124,4523,0,0,3542,-0.0371,-0.063,-0.031,-0.041,8.45,1.28,799,-618,2870,0,0
32.641,953.2,-131.83,-7.46,-413.63,115.0,-0.26,0.86,0.51,0.00,0.00,1.00,3,3584,-116.3,0.20,0.11,1.63,8.25,284,813,7586,0.0153,0.042,0.011,-0.061,23.07,15.90,768,188,6248,0,0,4409,-0.0447,0.054,0.029,-0.043,25.87,18.71,759,256,3824,0,0,5084,0.0130,-0.096,-0.045,-0.026,7.67,0.51,783,-1361,3803,0,0,3150,-0.0470,-0.083,-0.040,-0.031,7.73,0.57,781,-775,2465,0,0
32.761,957.0,-135.21,-7.46,-415.37,113.6,-0.24,0.82,0.00,0.00,0.00,1.00,3,3694,-118.7,0.20,0.31,1.55,11.01,283,777,7680,0.0187,0.028,-0.010,-0.061,6.31,-0.85,804,-560,5232,0,0,4686,-0.0377,0.058,-0.014,-0.057,6.34,-0.82,793,-522,3375,0,0,5124,0.0036,-0.078,-0.020,-0.051,7.34,0.17,796,-677,3867,0,0,3256,-0.0539,-0.057,-0.012,-0.060,7.41,0.25,795,-258,2564,0,0
32.881,960.7,-138.61,-7.46,-416.99,112.6,-0.14,0.78,0.16,0.00,0.00,1.00,3,3649,-117.7,0.20,0.23,1.49,10.38,276,754,7114,0.0143,-0.036,-0.007,-0.065,9.91,2.75,793,-284,5545,0,0,4100,-0.0401,-0.020,-0.010,-0.061,10.60,3.44,780,-248,3421,0,0,5511,0.0046,0.009,-0.022,-0.050,6.95,-0.22,788,-797,4042,0,0,3590,-0.0500,0.032,-0.014,-0.058,7.01,-0.15,787,-339,2752,0,0
33.001,964.5,-142.02,-7.46,-418.50,111.4,-0.18,0.81,0.34,0.00,0.00,1.00,3,3564,-115.9,0.20,0.20,1.59,11.94,267,727,7299,0.0127,-0.014,0.000,-0.071,15.81,8.64,771,-39,6079,0,0,3992,-0.0448,-0.039,0.003,-0.069,17.59,10.43,758,6,3540,0,0,5456,0.0059,0.011,-0.031,-0.041,6.65,-0.51,774,-1141,3889,0,0,3326,-0.0516,-0.014,-0.022,-0.050,6.72,-0.44,772,-517,2498,0,0
33.121,968.1,-145.43,-7.46,-419.89,109.9,-0.24,0.82,0.47,0.00,0.00,1.00,3,3472,-113.8,0.20,0.22,1.69,14.65,261,705,7683,0.0167,0.033,0.016,-0.056,21.88,14.72,747,227,6337,0,0,4336,-0.0428,0.017,0.033,-0.038,24.79,17.63,733,270,3779,0,0,5366,0.0053,-0.005,-0.039,-0.033,6.68,-0.48,759,-1409,3789,0,0,3386,-0.0545,-0.024,-0.028,-0.044,6.78,-0.39,756,-669,2528,0,0
33.241,971.8,-148.84,-7.46,-421.16,108.3,-0.28,0.81,0.59,0.00,0.00,1.00,3,3363,-111.4,0.20,0.32,1.68,16.43,257,689,7534,0.0172,0.004,0.023,-0.049,26.09,18.93,718,319,6171,0,0,4363,-0.0420,0.006,0.053,-0.019,29.73,22.56,703,398,3746,0,0,5211,0.0042,-0.009,-0.047,-0.025,6.98,-0.18,742,-1567,3711,0,0,3260,-0.0551,-0.005,-0.034,-0.037,7.09,-0.07,739,-755,2467,0,0
33.361,975.4,-152.22,-7.46,-422.31,106.7,-0.30,0.79,0.60,0.18,0.00,1.00,3,3307,-23.7,0.40,0.44,1.62,18.83,251,679,7595,0.0174,0.002,0.020,-0.052,26.65,19.49,701,289,6207,0,0,4674,-0.0391,0.024,0.046,-0.026,30.36,23.20,681,366,3992,0,0,5043,-0.0016,-0.048,-0.039,-0.032,7.53,0.37,738,-1391,3727,0,0,3052,-0.0587,-0.030,-0.024,-0.047,7.68,0.51,735,-596,2400,0,0
33.481,978.9,-155.60,-7.46,-423.35,105.7,-0.12,0.81,0.00,1.00,0.00,1.00,3,3582,441.0,1.32,0.34,1.69,20.28,246,678,7368,0.0188,0.011,0.019,-0.052,6.23,-0.93,775,881,4970,0,0,4167,-0.0396,-0.003,0.032,-0.039,6.32,-0.85,769,856,2975,0,0,5565,0.0009,0.021,0.019,-0.052,8.21,1.04,775,502,4334,0,0,3529,-0.0574,0.011,0.040,-0.032,8.38,1.21,775,743,2820,0,0
33.601,982.4,-159.02,-7.46,-424.28,106.4,0.29,0.73,0.00,1.00,0.00,1.00,3,3780,825.4,1.84,-0.22,1.51,14.99,235,694,5820,0.0030,-0.131,0.050,-0.021,6.92,-0.25,802,1863,4052,0,0,3289,-0.0498,-0.086,0.100,0.029,6.93,-0.24,827,1846,2120,0,0,6217,0.0168,0.132,0.070,-0.002,8.35,1.19,817,2232,4494,0,0,4541,-0.0360,0.178,0.086,0.015,8.48,1.31,817,1977,3282,0,0
33.721,986.0,-162.49,-7.46,-425.11,107.4,0.34,0.73,0.00,0.00,0.00,1.00,3,3716,485.4,1.39,-0.76,1.41,6.81,224,703,5983,-0.0092,-0.101,0.027,-0.044,6.80,-0.36,788,1291,4267,0,0,3246,-0.0577,-0.066,0.068,-0.004,6.71,-0.45,813,1514,2225,0,0,6717,0.0320,0.127,0.044,-0.027,7.43,0.27,801,1940,4798,0,0,4955,-0.0174,0.155,0.052,-0.019,7.49,0.32,801,1682,3613,0,0
33.841,989.6,-166.00,-7.47,-425.83,107.2,0.02,0.76,0.00,1.00,0.00,1.00,3,3528,15.8,0.51,-0.79,1.58,-0.02,222,669,6602,-0.0039,0.044,-0.002,-0.069,5.68,-1.48,762,-206,4388,0,0,3527,-0.0576,0.001,-0.005,-0.066,5.56,-1.60,761,-175,2451,0,0,6375,0.0360,0.033,-0.003,-0.068,5.68,-1.49,762,-257,4270,0,0,4314,-0.0178,-0.003,-0.004,-0.068,5.68,-1.49,762,-182,3001,0,0
33.961,993.2,-169.51,-7.46,-426.45,107.2,0.07,0.64,0.00,1.00,0.00,1.00,3,3692,815.0,1.81,-0.45,1.41,-2.00,229,621,6373,-0.0012,0.023,0.030,-0.041,4.20,-2.97,789,1710,3485,0,0,4116,-0.0500,0.063,0.045,-0.026,4.09,-3.08,803,1657,2243,0,0,5459,0.0238,-0.102,0.042,-0.030,4.00,-3.16,798,2033,2886,0,0,4237,-0.0250,-0.060,0.041,-0.031,4.00,-3.17,799,1578,2292,0,0
34.081,996.8,-173.07,-7.46,-427.01,108.6,0.34,0.47,0.00,1.00,0.00,1.00,3,3719,818.4,1.82,-0.55,0.97,-3.52,231,597,5552,-0.0106,-0.079,0.026,-0.046,2.84,-4.32,797,1772,2302,0,0,4272,-0.0454,0.038,0.035,-0.037,2.72,-4.44,806,1827,1720,0,0,5800,0.0177,-0.051,0.034,-0.038,2.49,-4.68,803,2430,2124,0,0,4890,-0.0181,0.058,0.031,-0.040,2.48,-4.68,804,1961,1825,0,0
34.201,1000.4,-176.68,-7.47,-427.51,110.0,0.34,0.31,0.12,1.00,0.00,1.00,3,3747,821.6,1.83,-0.83,0.56,-4.46,229,580,4694,-0.0218,-0.093,0.023,-0.048,1.68,-5.48,805,1671,1257,0,0,4118,-0.0443,0.009,0.027,-0.045,1.54,-5.62,811,1688,1027,0,0,5996,0.0190,0.011,0.027,-0.044,1.22,-5.94,808,2540,1172,0,0,5493,-0.0035,0.121,0.024,-0.048,1.21,-5.95,809,2104,1086,0,0
34.321,1004.1,-180.34,-7.47,-427.97,110.8,0.21,0.39,0.30,0.41,0.00,1.00,3,3704,247.5,1.10,-0.84,0.70,5.91,231,567,5733,-0.0222,-0.003,0.013,-0.059,9.21,2.05,796,432,4599,0,0,3748,-0.0483,-0.033,0.031,-0.041,10.62,3.46,802,582,3178,0,0,6042,0.0219,0.024,0.004,-0.068,0.80,-6.36,799,576,723,0,0,4531,-0.0042,-0.005,0.009,-0.063,0.80,-6.36,799,830,558,0,0
34.441,1007.8,-184.00,-7.47,-428.37,110.2,-0.13,0.52,0.48,0.00,0.00,1.00,3,3571,-116.0,0.20,-0.42,1.24,19.45,239,569,7292,-0.0032,0.158,0.003,-0.069,15.43,8.27,769,80,6075,0,0,4439,-0.0444,0.032,0.018,-0.054,17.99,10.83,756,244,3897,0,0,5566,0.0181,-0.031,-0.020,-0.051,1.98,-5.18,780,-1670,1526,0,0,3367,-0.0242,-0.167,-0.007,-0.065,2.02,-5.14,776,-376,986,0,0
34.561,1011.4,-187.63,-7.46,-428.68,108.9,-0.28,0.66,0.59,0.00,0.00,1.00,3,3459,-113.5,0.20,0.09,1.63,28.65,249,592,7783,0.0138,0.142,0.017,-0.055,22.05,14.89,744,289,6396,0,0,4592,-0.0390,0.044,0.043,-0.029,25.63,18.47,721,389,3963,0,0,5247,0.0105,-0.063,-0.035,-0.036,4.08,-3.08,761,-1829,2679,0,0,3030,-0.0425,-0.152,-0.013,-0.058,4.20,-2.96,757,-427,1688,0,0
34.681,1015.0,-191.22,-7.46,-428.90,107.3,-0.29,0.74,0.60,0.00,0.00,1.00,3,3356,-111.2,0.20,0.43,1.77,33.89,254,635,7824,0.0200,0.051,0.020,-0.052,24.22,17.06,725,300,6399,0,0,4607,-0.0369,0.018,0.044,-0.027,27.93,20.77,696,367,3959,0,0,4920,0.0008,-0.081,-0.051,-0.020,6.59,-0.57,739,-1709,3350,0,0,2826,-0.0560,-0.113,-0.023,-0.048,6.81,-0.35,735,-481,2113,0,0
34.801,1018.6,-194.76,-7.46,-429.02,105.6,-0.28,0.81,0.60,0.00,0.00,1.00,3,3246,-108.8,0.20,0.50,1.86,36.44,251,681,7925,0.0228,0.024,0.024,-0.048,26.78,19.62,702,333,6436,0,0,4600,-0.0357,0.010,0.052,-0.020,30.63,23.47,670,388,3931,0,0,5098,-0.0027,-0.029,-0.064,-0.007,9.21,2.05,715,-1645,3897,0,0,2924,-0.0621,-0.051,-0.034,-0.038,9.55,2.39,712,-519,2446,0,0
34.921,1022.0,-198.25,-7.46,-429.02,103.9,-0.26,0.85,0.00,1.00,0.00,1.00,3,3273,-109.2,0.20,0.46,1.91,36.31,244,722,7497,0.0199,-0.024,-0.021,-0.050,8.21,1.05,733,-1145,5856,0,0,4180,-0.0397,-0.033,-0.050,-0.022,8.49,1.33,685,-1095,3432,0,0,5304,-0.0006,0.018,-0.055,-0.016,11.73,4.57,707,-1332,4318,0,0,3182,-0.0607,0.012,-0.023,-0.048,12.17,5.01,704,-401,2786,0,0
35.041,1025.5,-201.69,-7.46,-428.92,103.0,0.00,0.86,0.00,1.00,0.00,1.00,3,3528,551.2,1.45,0.26,1.89,35.02,236,764,6870,0.0134,-0.055,0.041,-0.031,10.58,3.42,766,1107,5473,0,0,3708,-0.0454,-0.048,0.063,-0.009,10.90,3.74,755,921,3087,0,0,5584,0.0031,0.031,0.037,-0.034,13.96,6.80,764,607,4746,0,0,3560,-0.0557,0.041,0.076,0.005,14.47,7.31,764,848,3058,0,0
35.161,1028.9,-205.13,-7.47,-428.68,103.4,0.32,0.83,-0.16,1.00,0.00,1.00,3,3760,823.1,1.83,-0.35,1.76,29.65,225,811,5971,0.0026,-0.090,0.067,-0.004,8.36,1.20,792,2110,4353,0,0,3378,-0.0519,-0.054,0.152,0.080,9.30,2.14,827,2052,2189,0,0,6340,0.0188,0.131,0.111,0.040,15.54,8.38,813,2043,4982,0,0,4735,-0.0361,0.163,0.147,0.076,16.01,8.85,813,1937,3660,0,0
35.281,1032.4,-208.58,-7.47,-428.32,104.2,0.40,0.73,-0.34,1.00,0.00,1.00,3,3696,815.9,1.81,-0.92,1.40,13.57,212,848,4985,-0.0141,-0.139,0.033,-0.039,1.91,-5.25,775,2274,1449,0,0,3367,-0.0574,-0.046,0.102,0.031,3.81,-3.36,815,2456,1410,0,0,6598,0.0348,0.133,0.099,0.028,15.58,8.42,799,1958,5223,0,0,5518,-0.0091,0.225,0.114,0.043,15.80,8.64,800,1852,4384,0,0
35.401,1035.9,-212.04,-7.47,-427.86,104.9,0.32,0.62,0.00,1.00,0.00,1.00,3,3715,817.6,1.82,-1.06,0.90,-10.29,206,834,5301,-0.0253,-0.093,0.084,0.013,13.73,6.57,790,1555,4285,0,0,3920,-0.0519,0.046,0.103,0.032,13.43,6.27,813,1401,3165,0,0,6358,0.0310,-0.031,0.101,0.030,12.70,5.53,803,2110,4947,0,0,5308,0.0041,0.110,0.091,0.019,12.57,5.40,803,1643,4267,0,0
35.521,1039.4,-215.49,-7.48,-427.26,105.5,0.31,0.85,0.00,1.00,0.00,1.00,3,3787,826.3,1.84,-1.01,1.65,-14.56,212,751,6614,-0.0089,0.136,0.054,-0.017,10.18,3.02,780,1619,5193,0,0,2982,-0.0589,-0.058,0.137,0.065,9.90,2.74,854,1640,2105,0,0,6939,0.0400,0.075,0.102,0.031,8.76,1.60,816,3163,4728,0,0,4493,-0.0100,-0.117,0.089,0.017,8.63,1.47,818,1952,3289,0,0
35.641,1042.9,-218.96,-7.47,-426.54,106.5,0.33,0.74,0.11,1.00,0.00,1.00,3,3747,821.6,1.83,-0.93,1.82,-17.83,217,668,6016,-0.0077,0.010,0.042,-0.029,8.32,1.16,782,1403,4592,0,0,3157,-0.0627,-0.032,0.096,0.024,8.36,1.20,836,1537,2280,0,0,6292,0.0410,0.008,0.072,0.000,4.90,-2.26,807,3230,3515,0,0,4524,-0.0140,-0.034,0.055,-0.016,4.82,-2.35,809,2004,2709,0,0
35.761,1046.5,-222.43,-7.47,-425.73,107.7,0.30,0.62,0.00,1.00,0.00,1.00,3,3729,819.6,1.82,-0.84,1.57,-12.30,219,592,6005,-0.0115,-0.031,0.045,-0.027,11.09,3.92,786,1150,4892,0,0,3732,-0.0580,0.039,0.088,0.017,12.30,5.14,826,1264,3050,0,0,6013,0.0320,-0.074,0.047,-0.024,1.85,-5.31,802,3430,1712,0,0,4704,-0.0154,-0.012,0.037,-0.035,1.83,-5.33,804,2324,1395,0,0
35.881,1050.1,-225.94,-7.47,-424.85,109.1,0.34,0.29,0.10,1.00,0.00,1.00,3,3711,817.4,1.82,-0.89,0.84,-7.88,223,554,4469,-0.0206,-0.076,0.025,-0.047,2.70,-4.46,798,1517,1459,0,0,4485,-0.0454,0.104,0.025,-0.047,2.82,-4.34,804,1538,1465,0,0,5581,0.0219,-0.084,0.028,-0.044,0.44,-6.72,801,2538,465,0,0,5625,-0.0030,0.103,0.021,-0.051,0.44,-6.72,801,2015,470,0,0
36.001,1053.8,-229.48,-7.47,-423.92,110.3,0.30,0.29,0.22,0.85,0.00,1.00,3,3762,650.8,1.61,-0.86,0.62,5.12,228,544,5311,-0.0260,-0.045,0.029,-0.043,7.51,0.35,808,1077,3859,0,0,3973,-0.0437,0.015,0.049,-0.023,8.73,1.56,817,1143,3055,0,0,5900,0.0190,-0.024,0.022,-0.049,0.11,-7.06,810,2492,65,0,0,4924,0.0014,0.037,0.027,-0.044,0.11,-7.06,810,2400,55,0,0
36.121,1057.5,-233.03,-7.47,-422.94,110.5,0.05,0.44,0.00,0.00,0.00,1.00,3,3662,27.6,0.56,-0.63,1.19,19.85,234,557,6728,-0.0119,0.118,-0.006,-0.066,-0.32,-6.85,795,-191,4287,0,0,4143,-0.0457,-0.017,0.001,-0.070,-0.44,-6.72,785,231,3007,0,0,5918,0.0200,0.008,-0.001,-0.071,1.49,-5.68,798,-63,1192,0,0,3789,-0.0149,-0.135,-0.002,-0.069,1.51,-5.65,782,-64,805,0,0
36.241,1061.1,-236.56,-7.47,-421.92,109.9,-0.13,0.27,0.11,0.00,0.00,1.00,3,3617,-117.0,0.20,-0.26,0.93,15.01,244,591,6291,-0.0067,0.043,-0.006,-0.066,3.19,-3.97,787,-457,2646,0,0,5162,-0.0323,0.111,-0.007,-0.065,3.42,-3.74,775,-421,2340,0,0,4812,0.0056,-0.120,-0.014,-0.057,2.88,-4.28,781,-907,1976,0,0,4266,-0.0201,-0.044,-0.003,-0.068,2.93,-4.24,779,-165,1801,0,0
36.361,1064.8,-240.04,-7.47,-420.84,109.1,-0.17,0.59,0.27,0.00,0.00,1.00,3,3551,-115.5,0.20,0.09,1.39,20.15,250,603,7364,0.0043,0.091,-0.006,-0.066,9.85,2.69,772,-200,5822,0,0,4254,-0.0352,-0.024,-0.006,-0.065,11.21,4.05,754,-106,3646,0,0,5332,0.0016,-0.033,-0.022,-0.049,3.77,-3.39,770,-1278,2655,0,0,2963,-0.0378,-0.148,-0.007,-0.065,3.85,-3.32,767,-235,1580,0,0
36.481,1068.4,-243.46,-7.47,-419.69,107.9,-0.21,0.73,0.44,0.00,0.00,1.00,3,3458,-113.5,0.20,0.23,2.00,26.31,251,624,7919,0.0174,0.110,0.010,-0.062,18.28,11.12,750,177,6528,0,0,4286,-0.0394,-0.035,0.023,-0.048,20.99,13.83,728,221,3767,0,0,5477,0.0046,0.025,-0.034,-0.037,5.40,-1.76,755,-1517,3419,0,0,2969,-0.0532,-0.128,-0.013,-0.058,5.54,-1.62,751,-339,2012,0,0
36.601,1072.0,-246.81,-7.47,-418.46,106.5,-0.25,0.78,0.60,0.00,0.00,1.00,3,3334,-110.8,0.20,0.28,2.15,28.55,248,650,7516,0.0189,0.013,0.030,-0.041,25.45,18.29,718,394,6172,0,0,4200,-0.0422,-0.023,0.063,-0.008,29.18,22.02,696,434,3623,0,0,5333,0.0052,0.005,-0.048,-0.023,7.23,0.06,732,-1610,3811,0,0,3221,-0.0561,-0.024,-0.025,-0.047,7.43,0.27,729,-525,2494,0,0
36.721,1075.5,-250.08,-7.47,-417.15,104.8,-0.28,0.79,0.61,0.00,0.00,1.00,3,3211,-108.0,0.20,0.39,2.06,29.67,244,676,7494,0.0170,-0.016,0.025,-0.047,27.33,20.17,692,325,6128,0,0,4411,-0.0411,0.009,0.054,-0.017,31.15,23.99,665,389,3777,0,0,4954,-0.0012,-0.053,-0.063,-0.009,9.07,1.91,708,-1582,3796,0,0,3050,-0.0593,-0.027,-0.038,-0.034,9.34,2.18,705,-614,2526,0,0
36.841,1078.9,-253.24,-7.47,-415.76,103.0,-0.28,0.83,0.61,0.00,0.00,1.00,3,3106,-105.7,0.20,0.41,2.08,30.61,238,698,7810,0.0199,0.024,0.028,-0.044,29.31,22.15,669,349,6323,0,0,4552,-0.0381,0.025,0.059,-0.013,33.26,26.10,641,402,3873,0,0,5122,-0.0032,-0.017,-0.072,0.001,10.91,3.75,686,-1579,4062,0,0,3168,-0.0617,-0.020,-0.046,-0.026,11.25,4.09,683,-639,2710,0,0
36.961,1082.3,-256.31,-7.47,-414.30,101.3,-0.23,0.87,0.00,1.00,0.00,1.00,3,3318,135.8,0.80,0.37,2.14,30.48,231,715,7436,0.0185,-0.011,0.011,-0.061,9.62,2.46,732,209,5896,0,0,4060,-0.0410,-0.024,-0.002,-0.070,9.89,2.73,701,-277,3445,0,0,5382,0.0001,0.027,-0.010,-0.062,12.65,5.49,717,-326,4582,0,0,3242,-0.0599,0.015,0.022,-0.049,13.06,5.89,717,157,2879,0,0
37.081,1085.7,-259.30,-7.47,-412.74,101.1,0.16,0.84,0.00,1.00,0.00,1.00,3,3650,810.3,1.80,0.03,2.09,28.32,223,743,6395,0.0095,-0.075,0.079,0.008,11.25,4.09,776,1998,4950,0,0,3459,-0.0487,-0.065,0.142,0.070,11.51,4.35,797,1743,2539,0,0,5855,0.0081,0.067,0.098,0.027,14.04,6.88,790,1816,4667,0,0,3940,-0.0502,0.081,0.133,0.062,14.46,7.30,790,1602,3105,0,0
37.201,1089.1,-262.25,-7.47,-411.07,101.6,0.35,0.82,0.00,1.00,0.00,1.00,3,3718,818.2,1.82,-0.63,1.94,21.91,211,773,5902,-0.0025,-0.101,0.084,0.013,12.49,5.33,778,1819,4675,0,0,3164,-0.0554,-0.056,0.176,0.104,12.66,5.50,825,1770,2227,0,0,6576,0.0254,0.144,0.118,0.047,14.63,7.46,803,2326,5048,0,0,4992,-0.0280,0.185,0.146,0.074,14.96,7.80,803,2117,3796,0,0
37.321,1092.5,-265.14,-7.48,-409.28,102.2,0.34,0.83,0.00,1.00,0.00,1.00,3,3743,821.2,1.83,-1.04,1.93,12.76,203,785,5723,-0.0108,-0.069,0.081,0.009,12.87,5.71,775,1658,4598,0,0,2846,-0.0629,-0.062,0.187,0.115,12.90,5.73,840,1641,1983,0,0,6916,0.0407,0.128,0.126,0.054,14.10,6.94,807,2623,5181,0,0,5066,-0.0120,0.134,0.142,0.071,14.29,7.13,808,2173,3830,0,0
37.441,1095.9,-267.97,-7.48,-407.37,102.7,0.34,0.82,0.00,1.00,0.00,1.00,3,3751,822.1,1.83,-1.05,1.93,4.96,204,771,5930,-0.0123,-0.012,0.076,0.004,12.18,5.02,776,1690,4737,0,0,3063,-0.0646,-0.014,0.174,0.102,12.09,4.93,842,1749,2131,0,0,6527,0.0402,-0.004,0.122,0.051,12.65,5.49,809,2651,4829,0,0,4700,-0.0121,-0.001,0.130,0.058,12.72,5.55,810,2059,3551,0,0
37.561,1099.4,-270.75,-7.48,-405.34,103.5,0.34,0.81,0.00,0.00,0.00,1.00,3,3705,645.7,1.60,-1.00,1.97,-0.93,207,739,6227,-0.0090,0.027,0.057,-0.014,10.60,3.44,769,1616,4921,0,0,3262,-0.0618,0.023,0.135,0.064,10.45,3.29,827,1756,2320,0,0,6459,0.0373,-0.024,0.096,0.025,10.50,3.34,798,2582,4743,0,0,4713,-0.0158,-0.031,0.097,0.025,10.49,3.33,799,1957,3568,0,0
37.681,1102.8,-273.46,-7.48,-403.22,103.3,0.09,0.84,0.15,0.00,0.00,1.00,3,3366,-68.2,0.30,-0.78,2.12,-6.58,209,681,6654,-0.0049,0.034,-0.001,-0.071,12.08,4.92,720,15,5483,0,0,3358,-0.0617,0.001,0.008,-0.063,12.54,5.38,730,150,2945,0,0,6123,0.0347,-0.022,-0.005,-0.067,7.67,0.51,726,-55,4701,0,0,3896,-0.0225,-0.056,-0.011,-0.061,7.62,0.46,726,-173,3105,0,0
37.801,1106.2,-276.08,-7.47,-401.02,102.1,-0.20,0.79,0.33,0.00,0.00,1.00,3,3264,-109.2,0.20,-0.21,2.18,-4.22,214,602,7462,0.0074,0.102,-0.005,-0.067,15.50,8.34,700,-83,6200,0,0,4434,-0.0511,0.088,-0.001,-0.070,17.09,9.93,699,-2,3901,0,0,5172,0.0189,-0.132,-0.023,-0.048,5.27,-1.89,709,-973,3380,0,0,3155,-0.0396,-0.143,-0.028,-0.043,5.25,-1.91,709,-756,2117,0,0
37.921,1109.6,-278.60,-7.47,-398.78,100.8,-0.26,0.74,0.48,0.00,0.00,1.00,3,3214,-108.1,0.20,0.19,2.15,3.88,218,545,7906,0.0186,0.094,0.013,-0.058,20.34,13.18,687,204,6507,0,0,4822,-0.0382,0.107,0.030,-0.042,23.24,16.08,681,277,4179,0,0,4972,0.0062,-0.106,-0.025,-0.046,3.98,-3.19,703,-1300,2676,0,0,3225,-0.0509,-0.093,-0.023,-0.048,3.99,-3.17,702,-819,1798,0,0
38.041,1112.9,-281.03,-7.47,-396.50,99.3,-0.29,0.69,0.63,0.00,0.00,1.00,3,3133,-106.3,0.20,0.40,2.07,12.12,217,514,7485,0.0183,-0.003,0.022,-0.050,24.46,17.30,666,340,6155,0,0,4653,-0.0359,0.019,0.051,-0.021,28.26,21.10,654,435,3985,0,0,4934,-0.0005,-0.056,-0.031,-0.041,3.85,-3.31,693,-1570,2529,0,0,3185,-0.0550,-0.034,-0.021,-0.050,3.90,-3.26,691,-758,1721,0,0
38.161,1116.2,-283.35,-7.47,-394.19,97.8,-0.30,0.68,0.63,0.16,0.00,1.00,3,3090,-19.6,0.39,0.50,2.01,19.23,212,504,7475,0.0165,-0.015,0.017,-0.054,24.67,17.51,654,276,6147,0,0,4600,-0.0358,0.001,0.041,-0.030,28.52,21.36,634,352,3949,0,0,4820,-0.0076,-0.059,-0.023,-0.048,4.59,-2.57,692,-1341,2781,0,0,2995,-0.0599,-0.041,-0.007,-0.064,4.69,-2.47,689,-413,1841,0,0
38.281,1119.4,-285.58,-7.47,-391.83,97.1,-0.12,0.70,0.00,1.00,0.00,1.00,3,3301,479.8,1.33,0.35,2.10,23.25,206,511,7196,0.0168,0.002,0.016,-0.056,3.32,-3.84,715,1203,3463,0,0,4262,-0.0380,-0.018,0.031,-0.041,3.37,-3.79,707,1226,2212,0,0,5293,-0.0042,0.029,0.016,-0.056,5.79,-1.37,715,563,3543,0,0,3491,-0.0594,0.004,0.041,-0.030,5.94,-1.22,714,1048,2377,0,0
38.401,1122.7,-287.77,-7.47,-389.41,98.1,0.30,0.58,0.00,1.00,0.00,1.00,3,3420,784.0,1.74,-0.28,1.80,15.61,197,539,5505,-0.0017,-0.153,0.037,-0.035,4.59,-2.58,734,1838,3102,0,0,3438,-0.0468,-0.073,0.063,-0.008,4.57,-2.59,740,1814,1883,0,0,6157,0.0118,0.133,0.045,-0.027,6.21,-0.95,739,1904,4102,0,0,4755,-0.0336,0.215,0.063,-0.009,6.32,-0.85,739,1986,3155,0,0
38.521,1126.0,-289.90,-7.48,-386.90,99.2,0.33,0.61,0.00,1.00,0.00,1.00,3,3452,787.8,1.74,-0.79,1.75,7.11,189,552,5598,-0.0124,-0.090,0.033,-0.038,4.70,-2.46,736,1676,3268,0,0,3141,-0.0560,-0.077,0.065,-0.006,4.60,-2.56,753,1685,1752,0,0,6535,0.0275,0.131,0.047,-0.025,5.42,-1.74,745,2286,4030,0,0,4979,-0.0161,0.146,0.055,-0.016,5.46,-1.70,746,2060,3112,0,0
38.641,1129.3,-291.98,-7.48,-384.30,100.4,0.33,0.58,0.00,1.00,0.00,1.00,3,3463,788.8,1.75,-1.01,1.77,0.64,189,544,5801,-0.0136,-0.009,0.028,-0.044,3.96,-3.20,739,1646,3057,0,0,3518,-0.0572,-0.009,0.049,-0.022,3.82,-3.34,754,1704,1798,0,0,6515,0.0345,0.059,0.039,-0.032,4.01,-3.15,748,2411,3375,0,0,6278,-0.0099,0.052,0.043,-0.028,4.01,-3.15,747,2486,3250,0,0
38.761,1132.7,-294.03,-7.48,-381.62,101.6,0.32,0.49,0.12,1.00,0.00,1.00,3,3494,792.5,1.76,-0.99,1.59,-1.79,193,525,5448,-0.0178,-0.035,0.034,-0.038,6.86,-0.30,747,1340,3639,0,0,3591,-0.0557,0.012,0.054,-0.017,7.43,0.27,762,1325,2478,0,0,6201,0.0324,-0.018,0.036,-0.036,2.47,-4.69,753,2684,2239,0,0,5068,-0.0055,0.036,0.035,-0.036,2.47,-4.69,754,2190,1870,0,0
38.881,1136.1,-296.04,-7.48,-378.87,102.7,0.28,0.51,0.32,1.00,0.00,1.00,3,3552,799.2,1.77,-0.82,1.63,6.40,199,510,5898,-0.0159,0.016,0.044,-0.027,10.92,3.76,757,1144,4788,0,0,3580,-0.0552,0.004,0.086,0.015,12.46,5.30,778,1175,2948,0,0,6004,0.0267,-0.048,0.036,-0.035,1.89,-5.27,765,2884,1631,0,0,4427,-0.0126,-0.059,0.044,-0.028,1.90,-5.26,765,2467,1223,0,0
39.001,1139.6,-298.01,-7.48,-376.04,103.6,0.24,0.55,0.51,0.82,0.00,1.00,3,3601,804.9,1.79,-0.70,1.84,16.73,206,518,6408,-0.0086,0.060,0.069,-0.002,16.94,9.78,766,1247,5292,0,0,3730,-0.0531,0.017,0.140,0.068,19.61,12.45,790,1254,3067,0,0,6122,0.0252,-0.012,0.035,-0.037,2.59,-4.57,776,2702,2128,0,0,4437,-0.0201,-0.063,0.055,-0.016,2.63,-4.53,775,2659,1540,0,0
39.121,1143.0,-299.92,-7.48,-373.16,103.7,0.05,0.62,0.61,0.21,0.00,1.00,3,3418,129.8,0.80,-0.51,2.04,21.95,211,541,6692,-0.0032,0.046,0.054,-0.018,23.03,15.86,727,776,5555,0,0,3749,-0.0536,-0.004,0.133,0.062,26.66,19.50,742,945,3152,0,0,5858,0.0241,-0.009,-0.004,-0.068,3.82,-3.34,747,-210,2951,0,0,3861,-0.0264,-0.052,-0.001,-0.071,3.91,-3.25,732,114,2050,0,0
39.241,1146.4,-301.75,-7.48,-370.26,102.5,-0.22,0.69,0.62,0.00,0.00,1.00,3,3223,-108.3,0.20,-0.06,2.17,25.78,218,558,7488,0.0077,0.090,0.020,-0.052,24.24,17.08,690,290,6162,0,0,4400,-0.0464,0.060,0.052,-0.020,27.97,20.81,671,419,3787,0,0,5078,0.0120,-0.101,-0.041,-0.030,5.34,-1.82,711,-1704,3134,0,0,3045,-0.0421,-0.131,-0.020,-0.051,5.49,-1.67,707,-534,2040,0,0
39.361,1149.8,-303.46,-7.48,-367.34,101.1,-0.24,0.76,0.00,1.00,0.00,1.00,3,3362,162.6,0.88,0.28,2.32,29.86,223,581,7997,0.0199,0.102,0.015,-0.056,4.13,-3.03,744,75,5259,0,0,4652,-0.0379,0.071,-0.002,-0.069,4.23,-2.93,710,-692,3384,0,0,5216,0.0035,-0.071,-0.009,-0.062,7.15,-0.01,727,-491,3861,0,0,2935,-0.0551,-0.109,0.021,-0.051,7.38,0.22,726,264,2293,0,0
39.481,1153.2,-305.09,-7.48,-364.38,101.6,0.20,0.68,0.00,1.00,0.00,1.00,3,3582,802.6,1.78,0.00,2.16,25.03,221,622,6162,0.0096,-0.086,0.047,-0.025,6.06,-1.11,767,2058,3975,0,0,3663,-0.0434,-0.046,0.085,0.014,6.15,-1.01,775,1969,2275,0,0,5840,0.0086,0.042,0.057,-0.014,8.56,1.40,775,1744,4377,0,0,4166,-0.0447,0.087,0.086,0.014,8.79,1.63,775,1771,3071,0,0
39.601,1156.6,-306.63,-7.49,-361.34,102.6,0.35,0.70,0.00,1.00,0.00,1.00,3,3650,810.5,1.80,-0.56,2.03,17.20,211,654,5682,-0.0057,-0.128,0.051,-0.021,7.16,0.00,773,1802,4017,0,0,3038,-0.0546,-0.093,0.107,0.036,7.17,0.00,800,1755,1959,0,0,6393,0.0220,0.112,0.071,0.000,8.85,1.69,788,2225,4691,0,0,4706,-0.0268,0.149,0.091,0.020,9.01,1.85,789,2041,3434,0,0
39.721,1160.1,-308.09,-7.49,-358.22,103.6,0.34,0.73,0.00,1.00,0.00,1.00,3,3670,812.8,1.81,-0.96,2.12,8.89,205,665,6026,-0.0097,-0.033,0.046,-0.026,7.22,0.06,773,1704,4312,0,0,3039,-0.0607,-0.051,0.104,0.033,7.15,-0.01,809,1726,1982,0,0,6749,0.0355,0.112,0.071,-0.001,8.09,0.92,792,2483,4775,0,0,4854,-0.0163,0.088,0.082,0.010,8.16,1.00,793,2065,3482,0,0
39.841,1163.5,-309.46,-7.49,-355.03,104.6,0.34,0.69,-0.11,1.00,0.00,1.00,3,3653,811.0,1.80,-1.07,2.09,-0.22,206,653,5597,-0.0130,-0.028,0.029,-0.043,2.16,-5.00,771,1946,2464,0,0,3168,-0.0635,-0.023,0.072,0.001,2.66,-4.51,803,2073,1388,0,0,6629,0.0405,0.042,0.058,-0.013,6.49,-0.68,788,2488,4389,0,0,5038,-0.0102,0.051,0.059,-0.012,6.48,-0.68,789,1988,3424,0,0
39.961,1167.0,-310.76,-7.49,-351.77,105.8,0.33,0.59,0.00,1.00,0.00,1.00,3,3666,812.4,1.80,-0.98,1.84,-7.18,210,618,5680,-0.0164,-0.028,0.033,-0.038,4.77,-2.40,778,1648,3413,0,0,3499,-0.0589,0.038,0.059,-0.013,4.58,-2.58,803,1727,2011,0,0,6134,0.0329,-0.063,0.050,-0.022,4.04,-3.13,791,2724,3178,0,0,4832,-0.0096,0.005,0.044,-0.028,4.01,-3.16,792,2005,2588,0,0
40.081,1170.6,-311.99,-7.49,-348.44,107.0,0.32,0.53,0.18,1.00,0.00,1.00,3,3689,815.0,1.81,-0.90,1.76,-4.79,215,577,5904,-0.0148,0.014,0.035,-0.037,7.53,0.37,785,1310,4263,0,0,3750,-0.0542,0.039,0.062,-0.010,8.25,1.09,808,1348,2789,0,0,6130,0.0286,-0.035,0.039,-0.032,2.05,-5.11,794,3014,1879,0,0,4885,-0.0116,-0.016,0.035,-0.036,2.04,-5.12,796,2286,1538,0,0
40.201,1174.2,-313.17,-7.49,-345.05,108.1,0.28,0.50,0.36,1.00,0.00,1.00,3,3736,820.3,1.82,-0.80,1.79,5.65,221,556,5808,-0.0148,0.000,0.046,-0.025,11.82,4.66,796,1092,4779,0,0,3565,-0.0549,-0.006,0.091,0.020,13.56,6.40,820,1140,2963,0,0,6142,0.0274,-0.010,0.035,-0.036,1.53,-5.63,804,3028,1360,0,0,4706,-0.0128,-0.010,0.042,-0.030,1.54,-5.62,805,2637,1059,0,0
40.321,1177.8,-314.30,-7.49,-341.61,109.1,0.24,0.52,0.51,1.00,0.00,1.00,3,3792,826.7,1.84,-0.69,1.86,16.57,227,568,6086,-0.0123,0.021,0.081,0.010,18.81,11.65,806,1252,5039,0,0,3617,-0.0545,0.004,0.157,0.086,21.82,14.66,833,1243,2961,0,0,6007,0.0236,-0.032,0.037,-0.034,2.34,-4.82,817,2810,1902,0,0,4352,-0.0186,-0.049,0.054,-0.017,2.38,-4.78,817,2652,1377,0,0
40.441,1181.5,-315.37,-7.50,-338.11,110.3,0.33,0.43,0.00,1.00,0.00,1.00,3,3781,825.5,1.84,-0.74,1.70,15.07,233,610,5471,-0.0128,-0.004,0.026,-0.046,2.14,-5.03,817,1993,1619,0,0,4135,-0.0499,0.038,0.035,-0.037,2.04,-5.12,812,1980,1179,0,0,5814,0.0218,-0.015,0.027,-0.044,3.52,-3.64,818,1729,2725,0,0,5072,-0.0154,0.027,0.041,-0.030,3.57,-3.59,817,2185,2370,0,0
40.561,1185.2,-316.40,-7.50,-334.55,111.7,0.34,0.41,0.00,1.00,0.00,1.00,3,3837,831.8,1.85,-0.84,1.43,7.45,236,640,5260,-0.0210,-0.069,0.028,-0.043,2.73,-4.43,825,1863,2032,0,0,3780,-0.0497,0.002,0.040,-0.031,2.61,-4.55,829,1852,1407,0,0,5997,0.0222,0.003,0.033,-0.039,3.38,-3.78,829,2134,2745,0,0,5058,-0.0065,0.074,0.040,-0.031,3.40,-3.76,829,2160,2331,0,0
40.681,1188.9,-317.37,-7.50,-330.93,112.9,0.32,0.50,0.00,1.00,0.00,1.00,3,3919,841.2,1.88,-0.87,1.67,7.14,239,645,5835,-0.0186,0.020,0.042,-0.030,8.71,1.55,836,1362,4399,0,0,3483,-0.0535,-0.031,0.078,0.006,9.70,2.54,857,1339,2678,0,0,6333,0.0258,0.030,0.041,-0.030,2.89,-4.27,845,2873,2485,0,0,4599,-0.0098,-0.028,0.049,-0.023,2.91,-4.25,845,2421,1836,0,0
40.801,1192.7,-318.28,-7.50,-327.25,114.3,0.35,0.40,0.00,1.00,0.00,1.00,3,3915,840.8,1.87,-0.94,1.65,3.76,244,656,5163,-0.0182,0.003,0.026,-0.046,2.38,-4.79,841,1788,1786,0,0,3778,-0.0529,0.004,0.036,-0.035,2.24,-4.92,847,1822,1246,0,0,6192,0.0278,0.017,0.031,-0.041,2.68,-4.48,845,2322,2349,0,0,5241,-0.0069,0.024,0.035,-0.037,2.69,-4.47,846,2210,2012,0,0
40.921,1196.5,-319.16,-7.50,-323.51,115.7,0.34,0.34,0.12,1.00,0.00,1.00,3,3966,846.6,1.89,-0.92,1.34,0.82,249,656,5145,-0.0243,-0.051,0.029,-0.043,3.55,-3.61,852,1638,2464,0,0,3966,-0.0493,0.030,0.039,-0.032,3.69,-3.47,860,1613,1958,0,0,5886,0.0232,-0.039,0.032,-0.039,1.93,-5.24,856,2552,1692,0,0,5188,-0.0018,0.042,0.033,-0.038,1.93,-5.24,856,2336,1508,0,0
41.041,1200.4,-319.98,-7.51,-319.72,117.0,0.31,0.45,0.00,1.00,0.00,1.00,3,4036,854.8,1.91,-0.89,1.63,8.40,256,654,5939,-0.0185,0.048,0.025,-0.046,1.09,-6.08,862,1649,3170,0,0,3605,-0.0516,-0.019,0.055,-0.017,0.95,-6.21,880,1809,1985,0,0,6299,0.0259,0.023,0.034,-0.037,1.78,-5.38,870,2997,1583,0,0,4644,-0.0079,-0.051,0.043,-0.029,1.80,-5.37,870,2625,1186,0,0
41.161,1204.4,-320.77,-7.51,-315.87,118.4,0.35,0.25,0.05,1.00,0.00,1.00,3,4046,855.7,1.91,-0.92,1.34,4.32,261,678,4868,-0.0238,-0.044,0.027,-0.044,3.19,-3.97,872,1699,1784,0,0,4127,-0.0483,0.028,0.032,-0.039,3.33,-3.83,873,1668,1534,0,0,5932,0.0237,-0.018,0.028,-0.044,1.92,-5.25,874,2282,1676,0,0,5445,-0.0008,0.060,0.031,-0.040,1.92,-5.24,874,2353,1547,0,0
41.281,1208.3,-321.52,-7.51,-311.97,119.7,0.32,0.42,0.15,1.00,0.00,1.00,3,4138,866.3,1.94,-0.90,1.50,9.52,267,688,5670,-0.0218,0.016,0.034,-0.037,6.51,-0.65,885,1364,3963,0,0,3472,-0.0508,-0.021,0.065,-0.006,7.30,0.14,902,1367,2521,0,0,6244,0.0244,0.005,0.035,-0.036,1.92,-5.25,892,2943,1682,0,0,4723,-0.0046,-0.032,0.045,-0.027,1.93,-5.23,892,2660,1289,0,0
41.401,1212.3,-322.22,-7.51,-308.02,121.1,0.34,0.40,0.13,1.00,0.00,1.00,3,4173,870.2,1.95,-0.94,1.66,10.54,274,718,5434,-0.0187,0.026,0.035,-0.036,6.28,-0.88,897,1489,3449,0,0,3579,-0.0516,-0.007,0.055,-0.017,6.96,-0.20,905,1396,2392,0,0,6221,0.0270,0.022,0.033,-0.039,2.47,-4.69,900,2532,2140,0,0,5138,-0.0060,-0.012,0.042,-0.029,2.49,-4.67,900,2574,1781,0,0
41.521,1216.4,-322.85,-7.51,-304.01,122.3,0.31,0.54,0.00,1.00,0.00,1.00,3,4275,881.9,1.98,-0.92,1.92,15.28,280,746,5900,-0.0158,0.024,0.032,-0.040,1.86,-5.31,909,1633,3768,0,0,3244,-0.0567,-0.043,0.077,0.006,1.74,-5.43,936,1744,2033,0,0,6379,0.0307,0.031,0.045,-0.026,3.10,-4.06,921,3069,2557,0,0,4565,-0.0102,-0.035,0.060,-0.011,3.14,-4.02,922,2697,1834,0,0
41.641,1220.5,-323.43,-7.52,-299.94,123.8,0.37,0.40,0.00,1.00,0.00,1.00,3,4258,879.9,1.97,-0.95,1.67,8.48,286,786,5395,-0.0197,-0.033,0.029,-0.042,2.77,-4.40,915,1988,2089,0,0,3952,-0.0527,0.034,0.042,-0.029,2.64,-4.52,920,1997,1467,0,0,6063,0.0272,-0.029,0.035,-0.037,3.44,-3.73,920,2239,2782,0,0,5173,-0.0064,0.032,0.042,-0.029,3.46,-3.70,920,2275,2387,0,0
41.761,1224.7,-323.95,-7.52,-295.82,125.1,0.35,0.44,0.04,1.00,0.00,1.00,3,4317,886.6,1.99,-1.00,1.57,3.44,291,799,5305,-0.0226,-0.024,0.032,-0.039,4.07,-3.09,925,1717,2797,0,0,3595,-0.0522,0.004,0.050,-0.021,4.18,-2.98,938,1663,1917,0,0,6327,0.0278,0.005,0.038,-0.034,2.89,-4.27,931,2690,2523,0,0,5246,-0.0017,0.039,0.041,-0.030,2.90,-4.26,932,2431,2122,0,0
41.881,1228.9,-324.40,-7.52,-291.65,126.5,0.35,0.44,0.00,1.00,0.00,1.00,3,4343,889.7,1.99,-1.00,1.69,3.32,297,799,5356,-0.0211,0.013,0.025,-0.046,2.24,-4.92,930,1839,1775,0,0,3606,-0.0551,-0.025,0.042,-0.030,2.10,-5.07,943,1983,1118,0,0,6215,0.0291,0.011,0.033,-0.038,2.47,-4.69,938,2584,2171,0,0,5117,-0.0049,-0.026,0.036,-0.035,2.48,-4.68,938,2342,1815,0,0
42.001,1233.1,-324.81,-7.52,-287.42,128.0,0.36,0.31,0.00,1.00,0.00,1.00,3,4380,893.8,2.00,-1.04,1.40,-0.30,302,802,4819,-0.0255,-0.037,0.027,-0.045,1.93,-5.23,942,1868,1407,0,0,3967,-0.0498,0.045,0.033,-0.039,1.78,-5.38,948,1880,1079,0,0,6115,0.0254,-0.031,0.031,-0.041,1.86,-5.31,945,2613,1687,0,0,5510,0.0011,0.050,0.031,-0.040,1.86,-5.31,946,2394,1537,0,0
42.121,1237.4,-325.19,-7.52,-283.14,129.5,0.36,0.23,0.00,1.00,0.00,1.00,3,4419,898.2,2.02,-1.04,1.14,-2.23,308,797,4748,-0.0303,-0.040,0.025,-0.047,1.35,-5.81,950,1872,1009,0,0,4137,-0.0470,0.023,0.029,-0.043,1.20,-5.97,956,1889,787,0,0,5845,0.0223,-0.026,0.029,-0.043,1.11,-6.05,954,2599,1016,0,0,5518,0.0056,0.038,0.027,-0.044,1.11,-6.05,954,2372,966,0,0
42.241,1241.7,-325.54,-7.52,-278.81,131.0,0.36,0.14,0.00,1.00,0.00,1.00,3,4463,903.2,2.03,-1.04,0.93,-2.67,315,793,4746,-0.0327,-0.020,0.024,-0.048,0.79,-6.37,961,1910,610,0,0,4457,-0.0424,0.038,0.025,-0.046,0.64,-6.52,964,1919,470,0,0,5776,0.0188,-0.030,0.027,-0.045,0.52,-6.64,963,2562,486,0,0,5629,0.0083,0.022,0.025,-0.047,0.52,-6.65,964,2364,476,0,0
42.361,1246.1,-325.88,-7.52,-274.42,132.6,0.36,0.10,0.10,1.00,0.00,1.00,3,4530,910.0,2.05,-1.03,0.84,-0.28,322,794,4696,-0.0355,-0.024,0.029,-0.043,3.82,-3.34,975,1583,2030,0,0,4168,-0.0419,0.004,0.034,-0.037,4.29,-2.88,981,1545,1960,0,0,5861,0.0178,-0.008,0.029,-0.043,0.14,-7.03,977,2741,135,0,0,5478,0.0113,0.025,0.029,-0.043,0.14,-7.03,978,2560,127,0,0
42.481,1250.6,-326.19,-7.53,-269.99,133.9,0.33,0.30,0.00,1.00,0.00,1.00,3,4623,918.3,2.07,-1.01,1.40,12.16,330,813,5719,-0.0261,0.078,0.034,-0.038,6.43,-0.73,991,1367,3966,0,0,3558,-0.0489,-0.058,0.063,-0.009,7.41,0.25,1007,1349,2603,0,0,6393,0.0251,0.061,0.033,-0.039,0.81,-6.36,996,3196,680,0,0,4817,0.0017,-0.081,0.043,-0.029,0.81,-6.35,996,2931,519,0,0
42.601,1255.1,-326.47,-7.53,-265.50,135.5,0.37,0.19,0.05,1.00,0.00,1.00,3,4635,919.3,2.08,-1.06,1.34,9.23,337,875,4747,-0.0272,-0.009,0.028,-0.043,2.85,-4.32,1001,1818,1525,0,0,4084,-0.0484,0.004,0.033,-0.038,2.99,-4.17,998,1775,1336,0,0,6119,0.0267,0.014,0.027,-0.045,1.85,-5.31,1001,2339,1626,0,0,5653,0.0056,0.033,0.034,-0.037,1.86,-5.30,1001,2621,1505,0,0
42.721,1259.6,-326.71,-7.53,-260.97,136.8,0.33,0.43,0.00,1.00,0.00,1.00,3,4757,930.3,2.11,-1.06,1.62,13.10,344,913,5636,-0.0234,0.032,0.030,-0.041,1.45,-5.72,1015,1898,2856,0,0,3467,-0.0526,-0.036,0.065,-0.006,1.31,-5.86,1038,1997,1749,0,0,6467,0.0294,0.022,0.041,-0.030,2.38,-4.78,1025,3208,2070,0,0,4837,0.0002,-0.045,0.052,-0.019,2.40,-4.76,1026,2863,1560,0,0
42.841,1264.2,-326.90,-7.53,-256.38,138.4,0.38,0.34,0.00,1.00,0.00,1.00,3,4758,930.2,2.11,-1.11,1.62,6.89,352,961,5022,-0.0239,-0.004,0.029,-0.042,2.30,-4.86,1023,1976,1660,0,0,3712,-0.0526,0.001,0.041,-0.030,2.16,-5.01,1029,1979,1155,0,0,6349,0.0308,0.011,0.034,-0.038,2.76,-4.40,1027,2539,2420,0,0,5467,0.0020,0.015,0.039,-0.032,2.78,-4.38,1027,2504,2102,0,0
42.961,1268.9,-327.03,-7.53,-251.74,139.8,0.34,0.43,0.21,1.00,0.00,1.00,3,4867,939.6,2.14,-1.11,1.63,5.51,358,975,5415,-0.0252,-0.011,0.047,-0.024,8.24,1.08,1040,1434,4101,0,0,3390,-0.0537,-0.009,0.077,0.006,9.16,2.00,1063,1294,2624,0,0,6392,0.0299,-0.007,0.046,-0.026,2.43,-4.73,1049,3305,2127,0,0,4978,0.0014,-0.005,0.051,-0.021,2.44,-4.72,1049,2814,1683,0,0
43.081,1273.6,-327.09,-7.53,-247.05,141.3,0.38,0.40,0.00,1.00,0.00,1.00,3,4855,938.6,2.14,-1.14,1.74,4.27,366,995,5030,-0.0226,0.021,0.028,-0.043,2.21,-4.95,1042,1960,1616,0,0,3664,-0.0545,-0.007,0.041,-0.030,2.06,-5.10,1052,1978,1101,0,0,6387,0.0321,0.019,0.034,-0.037,2.48,-4.69,1048,2686,2216,0,0,5450,0.0001,-0.011,0.038,-0.034,2.48,-4.68,1048,2521,1914,0,0
43.201,1278.3,-327.11,-7.53,-242.31,142.8,0.37,0.33,0.13,1.00,0.00,1.00,3,4912,943.4,2.15,-1.15,1.46,0.67,372,1003,4911,-0.0284,-0.048,0.038,-0.033,6.48,-0.68,1056,1523,2966,0,0,3851,-0.0513,0.027,0.049,-0.023,7.12,-0.05,1065,1429,2432,0,0,6140,0.0285,-0.030,0.036,-0.036,1.93,-5.23,1060,2838,1736,0,0,5495,0.0056,0.045,0.036,-0.035,1.93,-5.23,1060,2608,1571,0,0
43.321,1283.1,-327.06,-7.53,-237.53,144.3,0.37,0.35,0.00,1.00,0.00,1.00,3,4939,945.9,2.16,-1.17,1.54,2.08,379,1007,4884,-0.0262,0.018,0.026,-0.045,1.61,-5.55,1061,1930,1183,0,0,3760,-0.0517,-0.004,0.035,-0.036,1.46,-5.71,1069,1947,830,0,0,6214,0.0299,0.012,0.031,-0.041,1.71,-5.45,1066,2682,1556,0,0,5563,0.0042,-0.012,0.032,-0.039,1.71,-5.45,1066,2552,1415,0,0
43.441,1287.9,-326.99,-7.53,-232.69,145.8,0.37,0.22,0.00,1.00,0.00,1.00,3,4987,950.0,2.18,-1.18,1.26,-0.75,386,1015,4605,-0.0319,-0.048,0.027,-0.044,1.37,-5.79,1073,1962,979,0,0,4058,-0.0487,0.025,0.031,-0.040,1.21,-5.95,1078,1975,767,0,0,5983,0.0266,-0.028,0.030,-0.041,1.26,-5.90,1076,2729,1144,0,0,5691,0.0098,0.047,0.030,-0.041,1.26,-5.90,1077,2591,1094,0,0
43.561,1292.8,-326.88,-7.53,-227.80,147.4,0.37,0.16,0.00,1.00,0.00,1.00,3,5030,953.7,2.19,-1.20,1.07,-2.04,393,1014,4488,-0.0341,-0.018,0.026,-0.046,0.94,-6.22,1083,1963,670,0,0,4123,-0.0447,0.033,0.028,-0.043,0.78,-6.38,1087,1926,517,0,0,5986,0.0236,-0.025,0.028,-0.043,0.73,-6.43,1086,2737,682,0,0,5835,0.0126,0.024,0.027,-0.044,0.73,-6.44,1086,2585,667,0,0
43.681,1297.8,-326.76,-7.53,-222.85,149.0,0.37,0.08,0.00,1.00,0.00,1.00,3,5084,958.2,2.20,-1.19,0.93,-2.35,401,1015,4393,-0.0375,-0.029,0.026,-0.045,0.53,-6.63,1095,1969,381,0,0,4235,-0.0441,0.005,0.027,-0.044,0.37,-6.79,1098,1980,260,0,0,5861,0.0217,-0.015,0.028,-0.043,0.30,-6.87,1097,2743,284,0,0,5804,0.0152,0.022,0.027,-0.044,0.30,-6.87,1098,2609,282,0,0
43.801,1302.7,-326.62,-7.53,-217.86,150.6,0.38,0.02,0.00,1.00,0.00,1.00,3,5135,962.5,2.22,-1.19,0.80,-2.00,410,1020,4216,-0.0389,-0.011,0.026,-0.045,0.22,-6.94,1107,1914,156,0,0,4301,-0.0409,0.027,0.026,-0.046,0.06,-7.10,1108,1934,51,0,0,5851,0.0192,-0.021,0.028,-0.044,0.00,-7.16,1108,2695,17,0,0,5983,0.0170,0.014,0.026,-0.045,0.00,-7.16,1109,2643,18,0,0
43.921,1307.8,-326.49,-7.53,-212.81,152.2,0.38,-0.02,0.00,1.00,0.00,1.00,3,5193,967.4,2.23,-1.19,0.71,-1.41,417,1041,4219,-0.0417,-0.023,0.027,-0.044,0.03,-7.14,1120,1986,24,0,0,4351,-0.0411,-0.002,0.026,-0.045,-0.14,-7.02,1120,1990,-88,0,0,5814,0.0185,-0.006,0.028,-0.043,-0.15,-7.01,1121,2717,-129,0,0,5917,0.0192,0.018,0.027,-0.044,-0.15,-7.01,1121,2687,-131,0,0
44.041,1312.9,-326.35,-7.53,-207.71,153.8,0.38,-0.01,0.10,1.00,0.00,1.00,3,5253,972.4,2.25,-1.21,0.72,0.37,426,1068,4349,-0.0411,0.005,0.028,-0.044,1.47,-5.69,1133,1871,960,0,0,4136,-0.0398,0.010,0.029,-0.042,1.59,-5.58,1134,1814,981,0,0,5968,0.0182,-0.003,0.028,-0.043,-0.20,-6.96,1134,2773,-179,0,0,5959,0.0194,0.002,0.028,-0.043,-0.20,-6.96,1134,2774,-178,0,0
44.161,1318.1,-326.20,-7.53,-202.56,155.2,0.34,0.25,0.00,1.00,0.00,1.00,3,5383,983.0,2.29,-1.19,1.41,12.93,434,1085,5431,-0.0310,0.085,0.040,-0.032,7.77,0.61,1151,1298,4062,0,0,3222,-0.0501,-0.086,0.075,0.004,8.98,1.82,1176,1227,2492,0,0,6568,0.0290,0.090,0.038,-0.034,0.62,-6.55,1159,3616,511,0,0,4969,0.0099,-0.079,0.047,-0.024,0.62,-6.54,1160,3196,391,0,0
44.281,1323.3,-326.01,-7.53,-197.35,156.9,0.39,0.18,0.00,1.00,0.00,1.00,3,5372,982.2,2.28,-1.25,1.45,9.95,444,1176,4605,-0.0292,0.015,0.028,-0.043,1.26,-5.90,1160,2046,841,0,0,3963,-0.0493,0.007,0.033,-0.038,1.11,-6.05,1158,2043,637,0,0,6354,0.0312,0.019,0.029,-0.043,1.86,-5.30,1160,2551,1677,0,0,5868,0.0111,0.010,0.035,-0.036,1.87,-5.29,1160,2796,1551,0,0
44.401,1328.5,-325.79,-7.53,-192.10,158.4,0.37,0.27,0.04,1.00,0.00,1.00,3,5446,988.2,2.30,-1.28,1.34,4.93,451,1228,4761,-0.0330,-0.032,0.032,-0.039,3.30,-3.86,1172,1861,1891,0,0,3743,-0.0496,-0.002,0.041,-0.030,3.41,-3.75,1179,1794,1496,0,0,6290,0.0301,-0.010,0.034,-0.037,2.02,-5.14,1175,2812,1814,0,0,5622,0.0135,0.020,0.038,-0.034,2.02,-5.14,1176,2736,1634,0,0
44.521,1333.8,-325.51,-7.53,-186.80,159.8,0.35,0.40,0.00,1.00,0.00,1.00,3,5562,996.9,2.34,-1.30,1.71,6.71,459,1252,5300,-0.0278,0.044,0.047,-0.024,8.70,1.54,1189,1349,4087,0,0,3087,-0.0544,-0.040,0.079,0.008,9.77,2.61,1216,1152,2441,0,0,6730,0.0351,0.042,0.044,-0.027,2.02,-5.14,1198,3555,1872,0,0,5290,0.0083,-0.043,0.049,-0.022,2.03,-5.13,1199,3068,1496,0,0
44.641,1339.2,-325.18,-7.53,-181.45,161.4,0.39,0.33,0.00,1.00,0.00,1.00,3,5556,996.5,2.33,-1.31,1.69,3.43,468,1286,4720,-0.0289,-0.009,0.031,-0.041,2.00,-5.16,1193,2022,1392,0,0,3683,-0.0558,-0.011,0.042,-0.029,1.84,-5.32,1204,2066,994,0,0,6266,0.0353,0.002,0.036,-0.036,2.17,-5.00,1199,2865,1925,0,0,5663,0.0084,0.000,0.038,-0.033,2.17,-4.99,1199,2754,1753,0,0
44.761,1344.6,-324.80,-7.53,-176.05,163.0,0.38,0.29,0.00,1.00,0.00,1.00,3,5596,999.3,2.35,-1.36,1.44,-0.49,474,1297,4538,-0.0328,-0.032,0.030,-0.041,1.78,-5.38,1203,1993,1224,0,0,3788,-0.0514,0.036,0.037,-0.034,1.61,-5.55,1211,1998,930,0,0,6429,0.0329,-0.019,0.034,-0.037,1.69,-5.47,1207,3004,1591,0,0,5899,0.0142,0.048,0.034,-0.037,1.69,-5.47,1208,2786,1474,0,0
44.881,1350.1,-324.37,-7.53,-170.60,164.6,0.38,0.22,0.00,1.00,0.00,1.00,3,5636,1002.1,2.36,-1.35,1.31,-2.73,482,1289,4673,-0.0359,-0.026,0.029,-0.043,1.28,-5.88,1212,2088,929,0,0,4039,-0.0500,0.012,0.033,-0.039,1.10,-6.06,1219,2058,701,0,0,6207,0.0304,-0.021,0.032,-0.039,1.04,-6.13,1216,3000,982,0,0,5838,0.0157,0.013,0.030,-0.041,1.03,-6.13,1217,2747,931,0,0
45.001,1355.6,-323.92,-7.52,-165.10,166.2,0.38,0.13,0.00,1.00,0.00,1.00,3,5682,1005.2,2.37,-1.37,1.14,-3.42,491,1278,4243,-0.0385,-0.022,0.028,-0.043,0.73,-6.43,1224,1983,500,0,0,4037,-0.0476,0.020,0.030,-0.042,0.56,-6.60,1228,2001,368,0,0,6241,0.0291,-0.011,0.030,-0.041,0.44,-6.72,1226,3014,439,0,0,6082,0.0199,0.035,0.028,-0.043,0.44,-6.72,1226,2803,430,0,0
45.121,1361.2,-323.45,-7.52,-159.55,167.9,0.39,0.04,0.00,1.00,0.00,1.00,3,5734,1008.6,2.38,-1.36,0.95,-3.08,500,1273,4322,-0.0413,-0.023,0.028,-0.044,0.27,-6.89,1236,2044,197,0,0,4371,-0.0442,0.029,0.028,-0.044,0.10,-7.06,1238,2079,81,0,0,5997,0.0249,-0.034,0.030,-0.042,0.00,-7.16,1238,2886,16,0,0,6070,0.0215,0.013,0.028,-0.044,0.00,-7.16,1238,2779,16,0,0
45.241,1366.8,-322.99,-7.52,-153.94,169.4,0.37,-0.11,0.00,1.00,0.00,1.00,3,5832,1015.0,2.41,-1.35,0.64,-6.12,509,1299,3577,-0.0461,-0.040,0.046,-0.026,-4.19,-2.97,1264,1540,-1933,0,0,4673,-0.0404,0.031,0.033,-0.038,-3.72,-3.44,1255,1648,-2324,0,0,5524,0.0216,-0.028,0.037,-0.034,-0.35,-6.81,1258,3104,-267,0,0,6360,0.0273,0.048,0.033,-0.038,-0.35,-6.81,1257,3271,-304,0,0
45.361,1372.5,-322.54,-7.52,-148.28,171.1,0.39,-0.13,0.00,1.00,0.00,1.00,3,5850,1016.3,2.42,-1.36,0.50,-4.77,519,1360,4124,-0.0475,-0.011,0.031,-0.041,-0.54,-6.62,1262,2091,-330,0,0,4606,-0.0364,0.034,0.027,-0.044,-0.71,-6.45,1261,2080,-486,0,0,5971,0.0191,-0.021,0.031,-0.040,-0.93,-6.23,1263,2876,-811,0,0,6389,0.0301,0.023,0.028,-0.043,-0.93,-6.24,1263,2827,-863,0,0
45.481,1378.2,-322.10,-7.52,-142.56,172.7,0.38,-0.16,0.00,1.00,0.00,1.00,3,5915,1020.5,2.44,-1.36,0.58,-1.99,528,1399,3889,-0.0483,-0.007,0.033,-0.039,-0.75,-6.42,1278,2040,-447,0,0,4342,-0.0395,-0.026,0.029,-0.042,-0.92,-6.24,1274,2049,-614,0,0,5928,0.0209,0.016,0.032,-0.039,-0.96,-6.20,1277,2901,-853,0,0,6206,0.0297,-0.003,0.031,-0.041,-0.96,-6.20,1276,2929,-890,0,0
45.601,1384.0,-321.67,-7.52,-136.79,174.3,0.38,-0.01,0.00,1.00,0.00,1.00,3,5967,1023.9,2.45,-1.39,0.98,6.31,536,1410,4453,-0.0415,0.056,0.026,-0.046,-0.66,-6.50,1284,1937,-444,0,0,3707,-0.0445,-0.042,0.035,-0.036,-0.84,-6.33,1291,2070,-459,0,0,6466,0.0276,0.056,0.028,-0.043,-0.37,-6.79,1287,2997,-415,0,0,6054,0.0246,-0.043,0.032,-0.039,-0.37,-6.79,1287,3095,-390,0,0
45.721,1389.8,-321.25,-7.52,-130.96,176.0,0.39,-0.04,0.00,1.00,0.00,1.00,3,6012,1026.8,2.46,-1.40,0.95,4.83,545,1397,4287,-0.0435,-0.017,0.027,-0.044,0.15,-7.01,1298,2203,124,0,0,4311,-0.0445,0.000,0.028,-0.043,-0.02,-7.14,1295,2071,-36,0,0,6122,0.0270,-0.005,0.028,-0.044,0.35,-6.81,1298,2824,298,0,0,6144,0.0254,0.007,0.031,-0.041,0.35,-6.81,1298,3034,298,0,0
45.841,1395.7,-320.81,-7.52,-125.08,177.5,0.36,0.05,0.00,0.00,0.00,1.00,3,5998,594.3,1.86,-1.42,1.03,2.86,554,1453,4299,-0.0427,0.007,0.016,-0.055,0.55,-6.61,1293,1376,366,0,0,3898,-0.0460,-0.013,0.018,-0.053,0.38,-6.78,1294,1406,224,0,0,6373,0.0294,0.020,0.016,-0.055,0.64,-6.53,1293,1963,606,0,0,6112,0.0260,0.005,0.018,-0.053,0.64,-6.53,1293,2050,584,0,0
45.961,1401.6,-320.37,-7.52,-119.18,177.3,-0.05,0.09,0.00,0.00,0.00,1.00,3,5843,-168.8,0.20,-1.09,1.16,1.34,572,1460,5439,-0.0327,0.083,-0.006,-0.065,0.68,-6.48,1262,-618,573,0,0,4973,-0.0392,0.057,-0.007,-0.065,0.53,-6.63,1261,-609,414,0,0,5369,0.0209,-0.071,-0.008,-0.063,0.69,-6.48,1260,-777,575,0,0,4986,0.0137,-0.102,-0.008,-0.064,0.69,-6.47,1259,-677,538,0,0
46.081,1407.5,-319.91,-7.52,-113.32,176.3,-0.24,0.10,0.00,0.00,0.00,1.00,3,5809,-167.9,0.20,-0.50,1.20,0.71,607,1432,5935,-0.0193,0.112,-0.006,-0.065,0.65,-6.51,1255,-670,596,0,0,5515,-0.0271,0.101,-0.006,-0.065,0.55,-6.61,1254,-666,477,0,0,4687,0.0062,-0.122,-0.008,-0.063,0.65,-6.52,1252,-732,480,0,0,4424,-0.0016,-0.128,-0.008,-0.063,0.65,-6.52,1252,-674,455,0,0
46.201,1413.4,-319.45,-7.52,-107.48,175.3,-0.23,0.09,0.00,0.00,0.00,1.00,3,5782,-167.3,0.20,-0.15,1.20,0.47,628,1405,6012,-0.0112,0.067,-0.006,-0.066,0.58,-6.58,1249,-659,539,0,0,5641,-0.0180,0.076,-0.006,-0.065,0.52,-6.64,1248,-655,458,0,0,4856,-0.0052,-0.095,-0.008,-0.063,0.58,-6.58,1246,-730,447,0,0,4620,-0.0120,-0.087,-0.008,-0.064,0.58,-6.58,1246,-683,427,0,0
46.321,1419.2,-318.97,-7.51,-101.68,174.4,-0.22,0.08,0.00,0.00,0.00,1.00,3,5752,-166.6,0.20,-0.03,1.18,0.28,630,1383,5760,-0.0130,-0.015,-0.006,-0.065,0.52,-6.64,1242,-660,471,0,0,5707,-0.0187,-0.006,-0.006,-0.065,0.46,-6.70,1242,-671,411,0,0,4644,-0.0110,-0.048,-0.008,-0.063,0.51,-6.65,1240,-719,381,0,0,4458,-0.0172,-0.043,-0.008,-0.063,0.51,-6.65,1240,-685,367,0,0
46.441,1425.0,-318.49,-7.51,-95.90,173.4,-0.22,0.07,0.00,0.00,0.00,1.00,3,5723,-165.9,0.20,-0.05,1.17,0.08,622,1364,5608,-0.0142,-0.011,-0.006,-0.065,0.46,-6.70,1236,-640,407,0,0,5340,-0.0195,-0.006,-0.006,-0.065,0.40,-6.77,1235,-633,334,0,0,4906,-0.0116,-0.005,-0.008,-0.064,0.44,-6.72,1234,-725,343,0,0,4732,-0.0168,0.003,-0.008,-0.064,0.44,-6.72,1234,-701,332,0,0
46.561,1430.8,-318.00,-7.51,-90.16,172.5,-0.22,0.05,0.00,0.00,0.00,1.00,3,5693,-165.2,0.20,-0.06,1.15,-0.04,613,1345,5855,-0.0157,-0.013,-0.006,-0.066,0.40,-6.76,1230,-665,368,0,0,5642,-0.0197,-0.002,-0.006,-0.065,0.33,-6.84,1229,-647,290,0,0,4752,-0.0133,-0.014,-0.008,-0.064,0.36,-6.80,1227,-716,277,0,0,4589,-0.0180,-0.010,-0.008,-0.064,0.36,-6.80,1227,-698,269,0,0
46.681,1436.5,-317.51,-7.51,-84.45,171.6,-0.22,0.04,0.00,0.00,0.00,1.00,3,5661,-164.4,0.20,-0.09,1.15,-0.13,605,1327,5585,-0.0166,-0.008,-0.006,-0.065,0.34,-6.82,1222,-643,298,0,0,5396,-0.0206,-0.007,-0.006,-0.065,0.26,-6.90,1222,-641,226,0,0,4738,-0.0115,0.015,-0.008,-0.064,0.30,-6.86,1220,-714,226,0,0,4622,-0.0154,0.022,-0.008,-0.064,0.30,-6.86,1220,-705,221,0,0
46.801,1442.2,-317.02,-7.51,-78.77,170.7,-0.22,0.00,-0.11,0.00,0.00,1.00,3,5630,-163.7,0.20,-0.09,1.09,-1.52,598,1309,5710,-0.0160,0.005,-0.006,-0.065,-1.55,-5.61,1215,-599,-1327,0,0,5864,-0.0177,0.024,-0.006,-0.065,-1.34,-5.82,1216,-635,-1181,0,0,4597,-0.0136,-0.018,-0.008,-0.064,0.23,-6.93,1214,-674,175,0,0,4919,-0.0155,-0.001,-0.008,-0.063,0.23,-6.93,1214,-771,186,0,0
46.921,1447.9,-316.54,-7.51,-73.12,169.7,-0.22,-0.07,0.00,0.00,0.00,1.00,3,5602,-163.0,0.20,-0.07,0.89,-3.70,592,1282,5460,-0.0207,-0.039,-0.006,-0.065,0.02,-7.15,1208,-637,37,0,0,5646,-0.0156,0.018,-0.006,-0.066,-0.06,-7.10,1211,-632,-25,0,0,4635,-0.0159,-0.019,-0.007,-0.065,-0.25,-6.91,1207,-607,-168,0,0,4729,-0.0108,0.039,-0.009,-0.063,-0.25,-6.91,1208,-784,-170,0,0
47.041,1453.5,-316.07,-7.51,-67.51,168.0,-0.40,-0.06,0.00,0.00,1.00,1.00,3,4795,-144.6,0.20,0.01,0.99,-2.61,586,1283,5933,-0.0161,0.038,-0.160,0.088,-0.30,-6.86,1027,-4962,-160,1248,1,6027,-0.0132,0.020,-0.157,0.085,-0.36,-6.80,1033,-5034,-195,1248,1,4436,-0.0166,-0.006,-0.127,0.056,-0.50,-6.66,1049,-3728,-242,2240,0,4439,-0.0137,-0.025,-0.129,0.057,-0.50,-6.66,1049,-3736,-240,2240,0
47.161,1459.0,-315.62,-7.51,-62.01,164.1,-0.93,-0.07,0.00,0.00,1.00,1.00,3,4584,-139.2,0.20,0.74,1.01,-2.42,597,1246,7122,-0.0014,0.122,-0.160,0.089,-0.54,-6.62,998,-5836,-331,1248,1,7570,0.0016,0.124,-0.159,0.088,-0.54,-6.62,1002,-6154,-336,1248,1,2970,-0.0362,-0.163,-0.158,0.087,-0.71,-6.46,1000,-2627,-191,672,1,3060,-0.0338,-0.167,-0.159,0.088,-0.70,-6.46,1000,-2703,-195,672,1
47.281,1464.4,-315.18,-7.51,-56.64,160.1,-0.94,-0.10,0.00,0.00,1.00,1.00,3,4452,-136.2,0.20,1.31,0.99,-2.66,607,1208,7523,0.0130,0.120,-0.161,0.090,-0.76,-6.40,973,-6121,-477,1248,1,7762,0.0168,0.127,-0.166,0.094,-0.70,-6.47,970,-6286,-454,1248,1,2922,-0.0522,-0.134,-0.164,0.092,-0.91,-6.25,970,-2582,-242,672,1,3094,-0.0484,-0.121,-0.165,0.094,-0.91,-6.26,970,-2727,-253,672,1
47.401,1469.7,-314.78,-7.50,-51.39,156.4,-0.88,-0.22,-0.19,0.00,1.00,1.00,3,4313,-132.0,0.20,1.55,0.75,-7.14,594,1166,7073,0.0110,-0.017,-0.160,0.089,-8.67,1.51,921,-4481,-3790,1248,1,8289,0.0227,0.049,-0.158,0.086,-7.43,0.27,933,-5349,-4017,1248,1,2370,-0.0652,-0.108,-0.164,0.092,-1.22,-5.94,921,-2114,-252,672,1,3379,-0.0548,-0.054,-0.167,0.096,-1.21,-5.95,922,-2964,-347,672,1
47.521,1474.8,-314.43,-7.50,-46.26,152.8,-0.84,-0.34,0.00,0.00,1.00,1.00,3,4293,-131.8,0.20,1.47,0.36,-13.24,564,1155,6469,0.0018,-0.077,-0.150,0.079,-1.60,-5.56,928,-5309,-858,1248,1,7645,0.0265,0.032,-0.148,0.077,-1.53,-5.64,924,-6134,-958,4160,0,2947,-0.0698,-0.038,-0.155,0.084,-2.49,-4.67,922,-2531,-641,672,1,3741,-0.0450,0.081,-0.161,0.090,-2.47,-4.69,924,-3183,-774,672,1
47.641,1479.8,-314.11,-7.50,-41.25,149.0,-0.87,-0.27,0.00,0.00,1.00,1.00,3,4134,-129.4,0.20,1.47,0.67,-13.45,534,1162,7132,0.0044,0.022,-0.157,0.086,-2.83,-4.33,904,-5614,-1655,1248,1,7769,0.0204,-0.051,-0.169,0.098,-2.76,-4.40,900,-6062,-1725,1248,1,2966,-0.0665,0.027,-0.170,0.098,-3.76,-3.40,902,-2451,-951,672,1,3182,-0.0520,-0.058,-0.169,0.097,-3.72,-3.44,897,-2638,-984,672,1
47.761,1484.7,-313.84,-7.49,-36.36,145.2,-0.86,-0.39,0.00,0.00,1.00,1.00,3,4021,-126.5,0.20,1.44,0.61,-13.91,507,1159,6384,0.0031,-0.011,-0.158,0.087,-3.90,-3.26,876,-4900,-2040,1248,1,7691,0.0207,0.003,-0.164,0.092,-3.81,-3.35,881,-5824,-2284,1248,1,2959,-0.0655,0.008,-0.166,0.095,-4.88,-2.28,877,-2340,-1191,672,1,3735,-0.0477,0.036,-0.173,0.101,-4.83,-2.33,877,-2949,-1431,672,1
47.881,1489.5,-313.63,-7.49,-31.60,141.6,-0.81,-0.46,0.00,0.00,1.00,1.00,3,3923,-124.3,0.20,1.45,0.41,-14.59,482,1152,6594,-0.0020,-0.042,-0.161,0.090,-4.92,-2.24,850,-4861,-2522,1248,1,8178,0.0236,0.024,-0.157,0.086,-4.83,-2.33,865,-5855,-3011,1248,1,2664,-0.0697,-0.035,-0.164,0.093,-5.99,-1.17,855,-2007,-1278,672,1,3683,-0.0460,0.014,-0.172,0.100,-5.93,-1.24,855,-2775,-1670,672,1
48.001,1494.1,-313.48,-7.49,-26.95,138.0,-0.79,-0.55,0.00,0.00,1.00,1.00,3,3792,-121.7,0.20,1.37,0.25,-15.58,457,1139,5995,-0.0045,-0.021,-0.173,0.101,-5.94,-1.22,818,-4335,-2604,1248,1,7876,0.0255,0.016,-0.170,0.099,-5.83,-1.34,832,-5425,-3376,1248,1,2930,-0.0688,0.008,-0.165,0.094,-7.11,-0.05,827,-2083,-1577,672,1,4070,-0.0386,0.062,-0.174,0.102,-7.02,-0.14,828,-2905,-2064,672,1
48.121,1498.7,-313.40,-7.48,-22.42,134.5,-0.75,-0.59,0.00,0.00,1.00,1.00,3,3601,-117.5,0.20,1.37,0.20,-16.99,433,1126,6350,-0.0088,-0.035,-0.208,0.137,-6.99,-0.17,761,-4616,-2736,1248,1,8179,0.0250,-0.005,-0.173,0.101,-6.87,-0.29,807,-5340,-3907,1248,1,2769,-0.0697,-0.008,-0.185,0.113,-8.31,1.15,785,-1948,-1555,672,1,3835,-0.0381,0.004,-0.194,0.123,-8.20,1.04,786,-2716,-2031,672,1
48.241,1503.1,-313.39,-7.48,-18.00,130.9,-0.75,-0.65,0.00,0.00,1.00,1.00,3,3458,-114.0,0.20,1.32,0.18,-19.46,410,1116,5909,-0.0075,0.010,-0.223,0.152,-8.18,1.01,721,-4238,-2740,1248,1,7874,0.0264,0.012,-0.166,0.094,-8.01,0.85,788,-4919,-4142,1248,1,2969,-0.0682,0.013,-0.195,0.123,-9.71,2.55,755,-1990,-1782,672,1,4196,-0.0342,0.033,-0.206,0.134,-9.56,2.40,755,-2843,-2362,672,1
48.361,1507.4,-313.45,-7.47,-13.70,127.4,-0.71,-0.67,0.00,0.00,1.00,1.00,3,3231,-109.0,0.20,1.34,0.14,-21.93,389,1112,5793,-0.0118,-0.036,-0.281,0.210,-9.59,2.43,646,-4257,-2561,1248,1,8124,0.0236,-0.023,-0.166,0.094,-9.39,2.23,764,-4704,-4666,1248,1,2766,-0.0685,-0.002,-0.223,0.152,-11.37,4.21,705,-1850,-1688,672,1,3975,-0.0335,0.005,-0.236,0.164,-11.17,4.00,706,-2691,-2274,672,1
48.481,1511.6,-313.59,-7.47,-9.52,123.9,-0.70,-0.72,0.00,0.00,1.00,1.00,3,3026,-104.4,0.20,1.33,0.18,-25.91,368,1114,6093,-0.0099,0.016,-0.316,0.245,-11.33,4.17,594,-4406,-2751,1248,1,8019,0.0258,0.018,-0.179,0.108,-11.05,3.88,727,-4455,-4844,1248,1,3010,-0.0683,0.002,-0.246,0.174,-13.47,6.31,661,-1943,-1895,672,1,4247,-0.0325,0.008,-0.261,0.189,-13.18,6.02,662,-2790,-2498,672,1
48.601,1515.6,-313.79,-7.46,-5.47,120.3,-0.68,-0.74,0.00,0.00,1.00,0.88,3,2757,-98.0,0.20,1.36,0.18,-29.13,348,1124,5790,-0.0124,-0.021,-0.365,0.294,-13.49,6.33,529,-4176,-2667,1248,1,7687,0.0230,-0.024,-0.210,0.139,-13.12,5.96,674,-4285,-4704,1248,1,2928,-0.0665,0.015,-0.284,0.212,-15.95,8.79,602,-1875,-1856,672,1,4015,-0.0311,0.012,-0.301,0.229,-15.55,8.39,602,-2628,-2384,672,1
48.721,1519.6,-314.06,-7.45,-1.53,116.7,-0.64,-0.78,0.00,0.00,1.00,0.08,3,2644,-94.8,0.20,1.41,0.20,-33.66,329,1140,5966,-0.0126,-0.002,-0.358,0.286,-16.01,8.85,505,-4039,-3081,1248,1,7997,0.0240,0.009,-0.207,0.136,-15.50,8.34,644,-4005,-5217,1248,1,2814,-0.0681,-0.013,-0.280,0.209,-18.91,11.74,566,-1659,-1915,672,1,4277,-0.0332,-0.018,-0.299,0.228,-18.35,11.19,569,-2589,-2716,672,1
48.841,1523.4,-314.40,-7.44,2.27,112.9,-0.65,-0.80,0.12,0.00,0.79,1.00,2,3039,-104.1,0.20,1.43,0.25,-37.15,309,1159,5930,-0.0121,0.004,-0.448,0.377,-17.30,10.14,415,-4226,-2748,1248,1,7608,0.0222,-0.015,-0.263,0.192,-16.31,9.14,577,-4328,-4567,1248,1,3061,-0.0649,0.026,-0.348,0.276,-22.40,15.24,486,-1857,-2000,672,1,4133,-0.0304,0.024,-0.368,0.297,-21.66,14.49,489,-2578,-2537,672,1
48.961,1527.1,-314.80,-7.43,5.95,109.3,-0.52,-0.90,0.26,0.00,0.30,1.00,2,3727,-119.2,0.20,1.49,0.13,-41.51,291,1179,5203,-0.0166,-0.037,-0.236,0.164,-13.28,6.12,567,-3257,-3117,377,1,7961,0.0210,-0.010,-0.146,0.075,-10.79,3.63,660,-3897,-5245,1257,0,2875,-0.0659,-0.009,-0.184,0.112,-26.11,18.95,574,-1037,-2345,203,1,4359,-0.0295,0.008,-0.165,0.094,-25.13,17.97,614,-1440,-3509,203,1
49.081,1530.7,-315.29,-7.43,9.51,106.6,-0.18,-1.04,0.46,0.36,0.00,1.00,2,4335,-25.1,0.49,1.20,-0.22,-44.75,274,1204,4279,-0.0278,-0.094,-0.035,-0.037,-11.72,4.56,698,-800,-3618,0,0,7332,0.0205,-0.004,-0.006,-0.065,-8.19,1.03,756,-445,-5519,0,0,3551,-0.0608,0.043,0.006,-0.066,-29.69,22.53,669,-22,-3114,0,0,5428,-0.0124,0.142,-0.020,-0.051,-28.47,21.31,684,-231,-4605,0,0
49.201,1534.2,-315.90,-7.43,12.99,105.2,0.21,-0.96,0.61,0.96,0.00,1.00,2,4906,674.4,1.79,0.55,-0.11,-37.54,251,1240,3974,-0.0403,-0.103,0.095,0.023,-8.10,0.93,796,1798,-2837,0,0,5516,0.0040,-0.138,0.042,-0.030,-3.48,-3.68,789,2317,-2475,0,0,4875,-0.0347,0.217,0.243,0.172,-32.28,25.12,797,1637,-3815,0,0,6006,0.0094,0.182,0.190,0.118,-31.16,24.00,797,1623,-4749,0,0
49.321,1537.8,-316.64,-7.43,16.44,105.3,0.52,-0.77,0.00,0.00,0.00,1.00,2,5197,539.5,1.66,-0.23,0.63,-18.58,221,1275,3790,-0.0450,-0.040,0.179,0.108,-9.45,2.28,866,2523,-2219,0,0,4337,-0.0221,-0.217,0.076,0.004,-5.35,-1.81,810,2467,-2447,0,0,6186,0.0032,0.316,0.313,0.242,-32.24,25.08,840,2609,-4430,0,0,6402,0.0234,0.117,0.285,0.214,-31.68,24.52,841,2533,-4659,0,0
49.441,1541.2,-317.52,-7.42,19.82,104.0,0.27,-1.05,0.06,1.00,0.00,1.00,2,5000,923.5,2.14,-0.53,0.18,-7.48,211,1231,3048,-0.0547,-0.081,0.277,0.206,-27.50,20.34,841,1298,-2367,0,0,6020,-0.0190,0.026,0.172,0.101,-27.05,19.89,780,1608,-4799,0,0,5095,0.0074,0.035,0.261,0.190,-30.43,23.27,813,1842,-3920,0,0,7095,0.0431,0.164,0.249,0.177,-30.21,23.04,812,2378,-5305,0,0
49.561,1544.7,-318.53,-7.42,23.12,103.4,0.39,-0.97,0.28,0.29,0.00,1.00,2,4770,128.7,1.02,-0.47,-0.06,-0.21,215,1168,3480,-0.0576,-0.024,0.172,0.100,-19.76,12.60,814,1499,-2711,0,0,5906,-0.0139,0.043,0.036,-0.035,-18.48,11.32,727,755,-4996,0,0,4982,0.0005,-0.057,0.179,0.107,-28.08,20.92,769,1611,-3944,0,0,6513,0.0434,0.003,0.177,0.106,-28.07,20.91,768,2030,-5020,0,0
49.681,1548.1,-319.67,-7.41,26.34,101.8,0.10,-1.06,0.00,1.00,0.00,1.00,2,4308,266.1,1.19,-0.22,-0.21,5.35,215,1071,3828,-0.0553,0.019,0.062,-0.010,-25.31,18.15,704,450,-3339,0,0,6842,-0.0046,0.077,0.049,-0.022,-25.57,18.40,690,646,-5662,0,0,4083,-0.0124,-0.108,0.055,-0.016,-24.95,17.79,699,437,-3546,0,0,6046,0.0358,-0.064,0.061,-0.011,-25.08,17.92,698,684,-5058,0,0
49.801,1551.5,-320.92,-7.41,29.47,101.2,0.25,-0.98,-0.05,1.00,0.00,1.00,2,5415,985.1,2.29,-0.07,-0.20,7.55,216,977,3781,-0.0515,0.032,0.361,0.290,-22.26,15.10,921,2244,-2456,0,0,6225,-0.0005,0.035,0.240,0.169,-22.54,15.38,831,2704,-4496,0,0,4601,-0.0207,-0.069,0.301,0.230,-21.65,14.49,880,2462,-3147,0,0,6124,0.0304,-0.045,0.311,0.240,-21.82,14.66,879,3233,-4033,0,0
49.921,1554.9,-322.30,-7.41,32.56,102.0,0.50,-0.80,-0.23,1.00,0.00,1.00,2,5885,1018.4,2.43,-0.39,0.21,10.37,208,915,3685,-0.0523,-0.007,0.560,0.489,-26.65,19.49,1030,2525,-2015,0,0,5285,-0.0125,-0.100,0.331,0.259,-25.86,18.70,875,2708,-3605,0,0,5252,-0.0094,0.094,0.367,0.296,-18.17,11.01,954,3421,-2955,0,0,6359,0.0294,-0.008,0.382,0.310,-18.37,11.21,953,4106,-3445,0,0
50.041,1558.3,-323.82,-7.40,35.64,103.2,0.51,-0.77,-0.38,0.63,0.00,1.00,2,5609,541.9,1.73,-0.87,0.36,12.68,201,856,3259,-0.0566,-0.036,0.589,0.518,-31.22,24.06,1013,2174,-1869,0,0,5443,-0.0191,-0.055,0.249,0.178,-29.26,22.10,801,2167,-4070,0,0,5600,0.0036,0.108,0.261,0.189,-14.50,7.34,904,3512,-3291,0,0,6900,0.0391,0.081,0.276,0.205,-14.69,7.53,902,4307,-3862,0,0
50.161,1561.8,-325.46,-7.40,38.68,104.0,0.38,-0.83,-0.59,0.00,0.00,1.00,2,5294,-81.0,0.43,-1.05,0.07,16.39,201,778,2967,-0.0623,-0.047,0.542,0.471,-33.82,26.66,968,1820,-1874,0,0,5940,-0.0158,0.027,0.177,0.106,-30.92,23.76,752,1660,-4683,0,0,5028,0.0023,-0.011,0.158,0.087,-10.41,3.25,859,2909,-3249,0,0,7045,0.0488,0.081,0.174,0.103,-10.59,3.43,859,4108,-4226,0,0
50.281,1565.2,-327.21,-7.39,41.65,102.9,-0.14,-0.85,-0.61,0.00,0.00,1.00,2,4051,-125.9,0.20,-0.67,-0.23,20.76,207,664,4438,-0.0544,0.066,0.090,0.019,-32.99,25.82,670,640,-3748,0,0,7732,0.0020,0.148,-0.011,-0.061,-29.54,22.37,619,-263,-6264,0,0,3385,-0.0171,-0.162,-0.099,0.027,-5.93,-1.24,648,-2070,-2022,0,0,5597,0.0390,-0.082,-0.078,0.007,-6.05,-1.11,649,-2853,-3475,0,0
50.401,1568.6,-329.00,-7.38,44.51,100.4,-0.54,-0.73,-0.62,0.00,0.00,1.00,2,3999,-124.7,0.20,0.08,-0.13,10.93,216,543,5902,-0.0284,0.217,0.022,-0.049,-29.52,22.36,633,152,-4952,0,0,8683,0.0260,0.200,0.010,-0.061,-25.79,18.63,640,48,-6963,0,0,2963,-0.0400,-0.191,-0.088,0.017,-2.94,-4.22,640,-2243,-1077,0,0,4564,0.0132,-0.215,-0.076,0.005,-2.97,-4.19,642,-3188,-1721,0,0
50.521,1571.9,-330.83,-7.36,47.25,98.0,-0.53,-0.66,-0.63,0.00,0.00,1.00,2,3978,-124.3,0.20,0.56,0.07,-5.08,220,475,5841,-0.0168,0.097,0.020,-0.051,-27.34,20.18,624,141,-4928,0,0,8289,0.0316,0.047,0.010,-0.062,-23.47,16.31,642,48,-6730,0,0,2773,-0.0549,-0.124,-0.066,-0.006,-2.06,-5.10,636,-2087,-758,0,0,4237,-0.0066,-0.165,-0.069,-0.002,-2.05,-5.11,638,-3137,-1114,0,0
50.641,1575.1,-332.68,-7.34,49.89,95.8,-0.49,-0.64,-0.64,0.00,0.00,1.00,2,3884,-122.2,0.20,0.73,0.13,-20.11,213,452,5826,-0.0169,-0.001,0.016,-0.056,-27.10,19.94,604,91,-4923,0,0,8392,0.0284,-0.027,0.007,-0.065,-23.17,16.01,632,-1,-6807,0,0,2610,-0.0644,-0.079,-0.060,-0.011,-3.07,-4.09,620,-1781,-995,0,0,4331,-0.0179,-0.095,-0.079,0.007,-3.00,-4.16,622,-3140,-1474,0,0
50.761,1578.2,-334.56,-7.32,52.42,93.6,-0.48,-0.71,-0.64,0.00,0.00,1.00,2,3758,-119.4,0.20,0.60,-0.02,-31.33,203,458,5238,-0.0196,-0.023,0.015,-0.057,-28.22,21.06,579,55,-4465,0,0,8400,0.0316,0.027,0.007,-0.064,-24.22,17.06,617,-9,-6800,0,0,3022,-0.0671,-0.022,-0.062,-0.010,-5.34,-1.82,600,-1680,-1751,0,0,4939,-0.0167,0.011,-0.092,0.021,-5.15,-2.01,602,-3219,-2447,0,0
50.881,1581.3,-336.47,-7.29,54.83,91.3,-0.45,-0.77,-0.66,0.00,0.00,1.00,2,3567,-115.2,0.20,0.48,-0.15,-36.75,192,478,4797,-0.0266,-0.058,0.012,-0.059,-30.76,23.60,545,36,-4104,0,0,8007,0.0293,-0.020,0.004,-0.067,-26.61,19.45,589,-41,-6503,0,0,3078,-0.0641,0.025,-0.080,0.009,-8.14,0.98,568,-1519,-2174,0,0,5085,-0.0082,0.070,-0.117,0.045,-7.80,0.64,570,-3035,-3064,0,0
51.001,1584.3,-338.40,-7.27,57.12,88.9,-0.44,-0.78,-0.67,0.00,0.00,1.00,2,3320,-109.7,0.20,0.56,-0.11,-40.08,183,503,4817,-0.0305,-0.032,-0.004,-0.067,-33.76,26.60,502,-82,-4097,0,0,7752,0.0248,-0.037,-0.006,-0.066,-29.43,22.27,552,-160,-6291,0,0,2896,-0.0649,-0.007,-0.112,0.041,-11.28,4.12,528,-1418,-2174,0,0,4740,-0.0097,-0.012,-0.152,0.081,-10.76,3.60,530,-2750,-3079,0,0
51.121,1587.2,-340.36,-7.25,59.29,86.4,-0.44,-0.80,-0.67,0.00,0.00,1.00,2,3059,-103.9,0.20,0.71,-0.07,-43.93,175,529,5357,-0.0266,0.032,-0.019,-0.053,-37.21,30.05,457,-199,-4485,0,0,8530,0.0276,0.023,-0.015,-0.056,-32.60,25.44,513,-282,-6777,0,0,2752,-0.0678,-0.024,-0.147,0.075,-14.84,7.68,485,-1330,-2109,0,0,4633,-0.0138,-0.034,-0.191,0.119,-14.07,6.91,487,-2612,-3107,0,0
