Time_s,Distance_m,PosX,PosY,PosZ,Speed_Kmh,Accel_Long_G,Accel_Lat_G,Raw_Steer,Raw_Throttle,Raw_Brake,Clutch,Gear,RPM,Torque_Nm,Boost_Bar,Pitch,Roll,YawRate,Aero_DownN,Aero_DragN,FL_Load_N,FL_Travel_m,FL_DamperVel_ms,FL_Slip,FL_SlipDelta,FL_SlipAng_deg,FL_LatDelta,FL_WheelRPM,FL_LongForce_N,FL_LatForce_N,FL_ActBrakeTrq_Nm,FL_ABS_Active,FR_Load_N,FR_Travel_m,FR_DamperVel_ms,FR_Slip,FR_SlipDelta,FR_SlipAng_deg,FR_LatDelta,FR_WheelRPM,FR_LongForce_N,FR_LatForce_N,FR_ActBrakeTrq_Nm,FR_ABS_Active,RL_Load_N,RL_Travel_m,RL_DamperVel_ms,RL_Slip,RL_SlipDelta,RL_SlipAng_deg,RL_LatDelta,RL_WheelRPM,RL_LongForce_N,RL_LatForce_N,RL_ActBrakeTrq_Nm,RL_ABS_Active,RR_Load_N,RR_Travel_m,RR_DamperVel_ms,RR_Slip,RR_SlipDelta,RR_SlipAng_deg,RR_LatDelta,RR_WheelRPM,RR_LongForce_N,RR_LatForce_N,RR_ActBrakeTrq_Nm,RR_ABS_Active
0.120,1.4,-58.58,-23.61,-21.86,53.7,1.18,-0.01,0.00,1.00,0.00,1.00,1,3807,883.8,1.69,-0.54,-0.73,-0.10,718,122,4963,0.0425,0.354,0.017,-0.083,-0.16,-7.00,381,1619,-167,0,0,5104,0.0449,0.374,0.016,-0.084,-0.03,-7.13,381,1620,-31,0,0,8906,0.0716,0.597,0.034,-0.066,-0.12,-7.04,389,5905,-212,0,0,8936,0.0736,0.613,0.034,-0.066,-0.12,-7.04,389,5888,-212,0,0
0.240,3.3,-56.91,-23.60,-20.95,59.4,1.36,0.09,0.24,1.00,0.00,1.00,1,4324,962.6,1.81,-0.55,-0.62,5.76,880,149,5574,0.0441,0.013,0.037,-0.063,5.91,-1.25,430,1952,4151,0,0,4944,0.0446,-0.003,0.051,-0.049,7.92,0.75,430,1897,4416,0,0,9128,0.0731,0.012,0.062,-0.038,0.01,-7.15,443,6924,-51,0,0,8394,0.0722,-0.011,0.072,-0.028,0.01,-7.15,443,6910,-46,0,0
0.360,5.4,-55.05,-23.60,-20.04,63.7,1.02,0.94,0.53,0.90,0.00,1.00,1,4698,871.8,1.73,-0.43,0.12,42.32,1020,171,7136,0.0590,0.124,0.056,-0.044,14.99,7.83,471,1824,7648,0,0,3921,0.0366,-0.066,0.153,0.053,20.12,12.96,466,1931,4053,0,0,10372,0.0817,0.071,0.043,-0.057,2.18,-4.99,480,6280,3588,0,0,6786,0.0595,-0.106,0.116,0.016,2.33,-4.83,479,6894,1997,0,0
0.480,7.6,-53.01,-23.59,-19.19,68.5,1.17,0.59,0.00,1.00,0.00,1.00,1,5024,1001.9,1.98,-0.34,0.14,22.39,1189,198,5532,0.0606,0.013,0.025,-0.075,-0.30,-6.86,499,2289,-796,0,0,5110,0.0372,0.005,0.032,-0.068,-0.16,-7.00,485,2607,-628,0,0,9213,0.0824,0.006,0.073,-0.027,3.15,-4.01,523,6954,4720,0,0,8346,0.0591,-0.003,0.109,0.009,3.27,-3.90,521,7705,3844,0,0
0.600,10.0,-50.78,-23.59,-18.34,73.8,1.28,0.66,0.24,1.00,0.00,1.00,1,5423,1005.5,2.07,-0.37,-0.04,15.45,1370,230,6186,0.0567,-0.033,0.046,-0.054,8.28,1.12,540,2132,6028,0,0,4428,0.0391,0.016,0.078,-0.022,10.83,3.67,541,2017,4565,0,0,9906,0.0814,-0.008,0.063,-0.037,1.59,-5.57,555,7593,2774,0,0,7800,0.0639,0.039,0.088,-0.012,1.63,-5.53,555,7172,2105,0,0
0.720,12.6,-48.35,-23.59,-17.58,77.7,0.96,1.20,0.62,0.67,0.00,1.00,1,5662,619.2,1.58,-0.27,0.46,42.15,1527,255,7273,0.0663,0.080,0.041,-0.059,17.21,10.05,558,1433,7824,0,0,4156,0.0337,-0.046,0.121,0.021,22.61,15.44,549,1653,4386,0,0,10508,0.0883,0.057,-0.029,-0.071,2.97,-4.19,565,3422,5287,0,0,6553,0.0555,-0.069,0.026,-0.074,3.15,-4.02,561,5505,3172,0,0
0.840,15.1,-45.82,-23.59,-17.00,77.5,0.06,1.52,0.71,0.23,0.00,1.00,1,5108,-76.4,0.41,0.06,0.88,49.03,1569,253,8570,0.0811,0.123,0.009,-0.091,24.05,16.89,523,344,9022,0,0,4989,0.0364,0.023,0.087,-0.013,31.23,24.07,494,1020,5343,0,0,9770,0.0882,-0.001,-0.059,-0.041,4.32,-2.84,558,-3572,6774,0,0,5237,0.0426,-0.107,-0.008,-0.092,4.62,-2.54,551,1311,4113,0,0
0.960,17.7,-43.26,-23.59,-16.61,79.6,0.59,1.04,0.00,1.00,0.00,1.00,1,5914,987.7,2.19,0.18,0.62,31.58,1671,267,6058,0.0798,-0.011,0.022,-0.078,1.03,-6.13,580,2223,909,0,0,5223,0.0428,0.054,0.033,-0.067,1.26,-5.90,561,2643,1008,0,0,9418,0.0830,-0.043,0.099,-0.001,5.18,-1.98,623,7279,6242,0,0,7832,0.0459,0.027,0.147,0.047,5.41,-1.76,623,7302,4487,0,0
1.080,20.5,-40.53,-23.59,-16.32,84.6,1.25,0.92,0.00,1.00,0.00,1.00,1,6173,973.3,2.25,-0.09,0.29,10.85,1826,302,5955,0.0671,-0.105,0.025,-0.075,1.73,-5.43,610,2329,2031,0,0,4460,0.0401,-0.022,0.036,-0.064,1.92,-5.24,607,2333,1693,0,0,10134,0.0859,0.024,0.071,-0.029,3.16,-4.00,637,7429,5218,0,0,8110,0.0589,0.108,0.088,-0.012,3.21,-3.96,638,6860,4077,0,0
1.200,23.4,-37.61,-23.59,-16.14,89.6,1.20,0.66,0.00,1.00,0.00,1.00,1,6466,954.5,2.32,-0.22,0.10,2.22,2018,339,5861,0.0613,-0.048,0.023,-0.077,0.96,-6.21,641,2280,1169,0,0,5060,0.0404,0.002,0.027,-0.073,1.11,-6.05,642,2239,1175,0,0,9701,0.0863,0.004,0.058,-0.042,1.31,-5.85,663,7256,2361,0,0,8430,0.0648,0.049,0.063,-0.037,1.31,-5.85,664,6723,2064,0,0
1.320,26.5,-34.54,-23.60,-16.02,94.3,1.11,0.30,0.00,1.00,0.00,0.44,1,6767,-222.0,2.40,-0.27,-0.23,0.02,2226,375,5495,0.0563,-0.042,0.018,-0.082,0.34,-6.82,669,1726,408,0,0,5424,0.0453,0.041,0.018,-0.082,0.49,-6.67,669,1723,573,0,0,9231,0.0821,-0.035,0.038,-0.062,0.43,-6.73,683,5553,802,0,0,8921,0.0710,0.052,0.039,-0.061,0.43,-6.73,683,5441,777,0,0
1.440,29.7,-31.37,-23.60,-15.92,95.8,0.37,0.11,0.00,1.00,0.00,0.80,2,6586,944.6,2.35,-0.03,-0.47,-0.20,2357,387,6132,0.0589,0.022,0.019,-0.081,0.02,-7.14,682,1852,38,0,0,6271,0.0552,0.083,0.019,-0.081,0.19,-6.97,682,1861,256,0,0,8136,0.0731,-0.075,0.053,-0.047,0.09,-7.07,706,5665,150,0,0,8175,0.0694,-0.014,0.053,-0.047,0.09,-7.07,706,5669,151,0,0
1.560,33.0,-28.08,-23.61,-15.83,100.9,1.20,0.03,0.00,1.00,0.00,1.00,2,4958,1001.0,1.96,-0.13,-0.57,-0.11,2581,430,5351,0.0552,-0.031,0.028,-0.072,-0.09,-7.07,725,2452,-96,0,0,5647,0.0552,-0.001,0.027,-0.073,0.07,-7.09,724,2489,90,0,0,9119,0.0747,0.014,0.066,-0.034,-0.02,-7.14,752,7470,-29,0,0,9162,0.0741,0.039,0.066,-0.034,-0.02,-7.14,752,7488,-30,0,0
1.680,36.4,-24.61,-23.61,-15.73,106.0,1.21,0.01,0.00,1.00,0.00,1.00,2,5199,1004.0,2.02,-0.30,-0.59,-0.02,2808,475,5286,0.0524,-0.023,0.028,-0.072,-0.12,-7.04,761,2442,-131,0,0,5308,0.0529,-0.019,0.028,-0.072,0.04,-7.13,761,2446,41,0,0,9424,0.0788,0.034,0.063,-0.037,-0.05,-7.12,788,7482,-79,0,0,9462,0.0793,0.043,0.063,-0.037,-0.05,-7.12,788,7503,-79,0,0
1.800,40.0,-20.98,-23.61,-15.64,111.1,1.20,0.00,0.00,1.00,0.00,1.00,2,5448,1005.6,2.08,-0.33,-0.59,0.02,3077,521,5410,0.0515,-0.008,0.027,-0.073,-0.13,-7.04,797,2458,-139,0,0,5454,0.0520,-0.008,0.027,-0.073,0.03,-7.13,797,2467,34,0,0,9181,0.0801,0.010,0.065,-0.035,-0.05,-7.12,827,7433,-76,0,0,9227,0.0806,0.011,0.065,-0.035,-0.05,-7.12,827,7462,-76,0,0
1.920,43.9,-17.18,-23.62,-15.53,116.2,1.20,0.00,0.00,1.00,0.00,1.00,2,5688,998.5,2.14,-0.35,-0.58,0.08,3357,570,5605,0.0523,0.007,0.026,-0.074,-0.13,-7.03,833,2465,-146,0,0,5649,0.0532,0.010,0.026,-0.074,0.03,-7.13,833,2478,35,0,0,9328,0.0810,0.008,0.063,-0.037,-0.04,-7.12,864,7447,-73,0,0,9322,0.0813,0.006,0.063,-0.037,-0.04,-7.12,864,7449,-73,0,0
2.040,47.8,-13.22,-23.62,-15.39,121.0,1.14,-0.51,0.00,1.00,0.00,1.00,2,5957,985.3,2.20,-0.38,-0.96,-24.44,3640,618,4445,0.0474,-0.042,0.047,-0.053,0.88,-6.29,874,3109,-1646,0,0,6623,0.0594,0.052,0.024,-0.076,1.02,-6.15,874,2841,-1555,0,0,8221,0.0769,-0.035,0.079,-0.021,-1.16,-6.00,903,7338,-1461,0,0,10640,0.0889,0.064,0.055,-0.045,-1.13,-6.03,902,7599,-1928,0,0
2.160,52.0,-9.09,-23.62,-15.17,126.0,1.20,-0.34,0.00,1.00,0.00,1.00,2,6175,973.4,2.25,-0.39,-1.03,-9.21,3945,671,5083,0.0466,-0.006,0.030,-0.070,-1.01,-6.15,903,2474,-995,0,0,1543,0.0597,0.002,0.037,-0.063,-0.40,-6.76,910,772,-234,0,0,8800,0.0764,-0.004,0.072,-0.028,-1.71,-5.45,940,7240,-2569,0,0,10011,0.0905,0.014,0.063,-0.037,-1.70,-5.46,940,7503,-2935,0,0
2.280,56.2,-4.80,-23.62,-14.88,131.0,1.19,-0.44,0.00,1.00,0.00,1.00,2,6395,959.4,2.30,-0.46,-1.00,-2.57,4249,725,5096,0.0480,0.011,0.027,-0.073,-1.00,-6.16,939,2328,-1036,0,0,5826,0.0619,0.018,0.026,-0.074,-0.84,-6.33,940,2464,-979,0,0,9243,0.0787,0.019,0.062,-0.038,-1.14,-6.02,972,7216,-1888,0,0,10269,0.0926,0.017,0.059,-0.041,-1.14,-6.03,971,7654,-2083,0,0
2.400,60.7,-0.35,-23.62,-14.52,135.8,1.14,-0.29,0.00,1.00,0.00,0.73,2,6541,949.0,2.34,-0.44,-0.87,-0.16,4568,779,5515,0.0499,0.016,0.019,-0.081,-0.66,-6.50,966,1835,-750,0,0,5861,0.0601,-0.015,0.018,-0.082,-0.49,-6.67,965,1859,-597,0,0,9188,0.0814,0.022,0.041,-0.059,-0.60,-6.56,987,5645,-1055,0,0,9737,0.0916,-0.009,0.040,-0.060,-0.60,-6.56,986,5855,-1111,0,0
2.520,65.3,4.20,-23.62,-14.12,137.3,0.34,-0.15,0.00,1.00,0.00,0.14,3,6697,-221.3,2.38,-0.26,-0.71,0.42,4760,795,6665,0.0589,0.075,0.001,-0.099,-0.38,-6.78,959,13,-526,0,0,6754,0.0651,0.042,0.001,-0.099,-0.20,-6.96,959,15,-279,0,0,8618,0.0798,-0.013,0.004,-0.096,-0.26,-6.90,963,320,-459,0,0,9036,0.0855,-0.050,0.004,-0.096,-0.26,-6.90,963,356,-479,0,0
2.640,69.9,8.79,-23.62,-13.71,139.8,0.60,0.10,0.24,1.00,0.00,1.00,3,5320,1005.2,2.06,-0.17,-0.50,9.11,4982,825,6595,0.0641,0.043,0.025,-0.075,6.29,-0.88,998,1566,5799,0,0,5604,0.0647,-0.003,0.037,-0.063,8.38,1.22,998,1546,5634,0,0,9593,0.0814,0.014,0.038,-0.062,0.03,-7.13,1017,5477,-8,0,0,8610,0.0821,-0.028,0.044,-0.056,0.03,-7.13,1017,5576,-7,0,0
2.760,74.6,13.50,-23.62,-13.38,143.0,0.79,0.68,0.00,1.00,0.00,1.00,3,5047,1002.3,1.99,-0.24,0.05,19.02,5169,864,6784,0.0717,0.064,0.015,-0.085,0.53,-6.63,1020,1705,598,0,0,5415,0.0558,-0.075,0.020,-0.080,0.74,-6.43,1012,1874,703,0,0,10396,0.0930,0.096,0.036,-0.064,2.02,-5.14,1043,5176,3710,0,0,8647,0.0763,-0.048,0.050,-0.050,2.05,-5.11,1042,5663,3116,0,0
2.880,79.4,18.33,-23.62,-13.12,146.5,0.83,0.64,0.00,1.00,0.00,1.00,3,5165,1003.7,2.01,-0.30,0.13,5.82,5391,906,6550,0.0711,-0.006,0.016,-0.084,1.20,-5.97,1041,1786,1546,0,0,5294,0.0529,-0.024,0.020,-0.080,1.39,-5.78,1041,1762,1469,0,0,10224,0.0968,0.031,0.040,-0.060,1.72,-5.44,1066,5595,3210,0,0,8618,0.0786,0.019,0.045,-0.055,1.73,-5.43,1066,5309,2751,0,0
3.000,84.4,23.28,-23.62,-12.94,149.9,0.83,0.52,0.00,1.00,0.00,1.00,3,5275,1004.7,2.04,-0.32,0.06,1.08,5627,949,6539,0.0704,-0.006,0.016,-0.084,0.82,-6.34,1064,1789,1084,0,0,5841,0.0551,0.019,0.018,-0.082,1.01,-6.16,1065,1750,1196,0,0,10102,0.0960,-0.007,0.038,-0.062,1.00,-6.16,1088,5651,1903,0,0,9011,0.0800,0.012,0.040,-0.060,1.00,-6.16,1088,5295,1720,0,0
3.120,89.5,28.34,-23.63,-12.81,153.4,0.82,0.30,0.00,1.00,0.00,1.00,3,5394,1005.4,2.07,-0.33,-0.13,-0.51,5880,993,6083,0.0673,-0.025,0.017,-0.083,0.38,-6.78,1089,1772,482,0,0,5872,0.0575,0.020,0.017,-0.083,0.57,-6.59,1089,1748,690,0,0,9684,0.0948,-0.010,0.038,-0.062,0.45,-6.71,1112,5577,839,0,0,9278,0.0850,0.042,0.038,-0.062,0.45,-6.71,1113,5386,808,0,0
3.240,94.6,33.52,-23.63,-12.72,156.8,0.82,0.14,0.00,1.00,0.00,1.00,3,5509,1005.6,2.10,-0.34,-0.30,-0.57,6135,1038,6283,0.0659,-0.012,0.016,-0.084,0.09,-7.08,1113,1769,116,0,0,6298,0.0620,0.037,0.016,-0.084,0.28,-6.88,1113,1759,362,0,0,9735,0.0924,-0.020,0.037,-0.063,0.15,-7.01,1136,5515,281,0,0,9627,0.0877,0.023,0.037,-0.063,0.15,-7.01,1136,5438,278,0,0
3.360,99.9,38.81,-23.63,-12.63,160.3,0.81,0.05,0.00,1.00,0.00,1.00,3,5630,1000.8,2.12,-0.35,-0.38,-0.39,6404,1084,6011,0.0643,-0.014,0.017,-0.083,-0.06,-7.10,1138,1763,-68,0,0,6056,0.0629,0.007,0.016,-0.084,0.13,-7.03,1138,1760,167,0,0,9581,0.0926,0.002,0.037,-0.063,0.01,-7.15,1161,5472,30,0,0,9597,0.0912,0.029,0.037,-0.063,0.01,-7.15,1161,5453,30,0,0
3.480,105.3,44.22,-23.63,-12.54,163.7,0.81,0.01,0.00,1.00,0.00,1.00,3,5745,995.8,2.15,-0.38,-0.41,-0.14,6661,1131,6293,0.0652,0.008,0.016,-0.084,-0.12,-7.04,1161,1760,-150,0,0,6361,0.0657,0.023,0.016,-0.084,0.08,-7.08,1161,1764,102,0,0,9819,0.0926,0.000,0.036,-0.064,-0.03,-7.13,1185,5468,-54,0,0,9804,0.0922,0.008,0.036,-0.064,-0.03,-7.13,1185,5453,-54,0,0
3.600,110.9,49.74,-23.63,-12.45,167.1,0.80,0.00,0.00,1.00,0.00,1.00,3,5864,990.1,2.18,-0.37,-0.41,-0.02,6942,1179,6085,0.0644,-0.006,0.016,-0.084,-0.13,-7.03,1186,1761,-161,0,0,6103,0.0647,-0.008,0.016,-0.084,0.06,-7.10,1186,1762,79,0,0,9695,0.0938,0.010,0.037,-0.063,-0.04,-7.13,1210,5444,-65,0,0,9734,0.0941,0.016,0.037,-0.063,-0.04,-7.13,1210,5458,-65,0,0
3.720,116.5,55.38,-23.64,-12.36,170.5,0.80,0.00,0.00,1.00,0.00,1.00,3,5976,984.3,2.21,-0.42,-0.38,0.00,7197,1228,5823,0.0661,0.014,0.016,-0.084,-0.13,-7.03,1210,1685,-158,0,0,5705,0.0669,0.018,0.014,-0.086,0.07,-7.10,1208,1421,79,0,0,10489,0.0950,0.010,0.034,-0.066,-0.04,-7.13,1232,5835,1,0,0,10399,0.0958,0.014,0.036,-0.064,-0.04,-7.13,1233,5634,-66,0,0
3.840,122.3,61.12,-23.64,-12.27,173.9,0.80,0.00,0.00,1.00,0.00,1.00,3,6096,977.7,2.23,-0.38,-0.37,0.06,7491,1277,6142,0.0653,-0.007,0.016,-0.084,-0.12,-7.04,1234,1759,-156,0,0,6144,0.0655,-0.011,0.016,-0.084,0.07,-7.09,1234,1758,89,0,0,9836,0.0958,0.007,0.036,-0.064,-0.02,-7.14,1258,5432,-44,0,0,9864,0.0960,0.002,0.036,-0.064,-0.02,-7.14,1258,5448,-44,0,0
3.960,128.1,66.98,-23.64,-12.17,177.2,0.79,0.00,0.00,1.00,0.00,1.00,3,6207,971.1,2.26,-0.42,-0.32,0.07,7765,1327,5742,0.0653,0.000,0.017,-0.083,-0.12,-7.04,1258,1731,-143,0,0,5679,0.0657,0.001,0.017,-0.083,0.08,-7.09,1259,1729,88,0,0,10608,0.0991,0.028,0.034,-0.066,-0.02,-7.14,1279,5493,-38,0,0,10555,0.0995,0.029,0.034,-0.066,-0.02,-7.14,1279,5480,-38,0,0
4.080,134.1,72.95,-23.65,-12.08,180.6,0.79,0.00,0.00,1.00,0.00,1.00,3,6319,964.1,2.29,-0.36,-0.28,0.11,8063,1377,7675,0.0667,0.012,0.013,-0.087,-0.12,-7.04,1278,1838,-185,0,0,7611,0.0697,0.034,0.013,-0.087,0.08,-7.08,1278,1797,123,0,0,10089,0.0969,-0.019,0.035,-0.065,-0.02,-7.15,1306,5463,-33,0,0,9788,0.0962,-0.028,0.035,-0.065,-0.02,-7.15,1306,5356,-32,0,0
4.200,140.2,79.04,-23.66,-11.98,183.9,0.78,0.00,0.00,1.00,0.00,1.00,3,6473,953.9,2.32,-0.21,-0.19,0.11,8399,1428,5452,0.0612,-0.047,0.018,-0.082,-0.10,-7.06,1307,1792,-113,0,0,5355,0.0610,-0.073,0.019,-0.081,0.08,-7.08,1308,1785,91,0,0,8056,0.0979,0.008,0.044,-0.056,0.00,-7.16,1341,5304,-4,0,0,7953,0.0977,0.012,0.044,-0.056,0.00,-7.16,1341,5258,-4,0,0
4.320,146.4,85.23,-23.69,-11.89,187.3,0.80,0.00,0.00,1.00,0.00,1.00,3,6548,948.7,2.34,-0.47,0.01,0.22,8506,1482,5018,0.0773,0.134,0.015,-0.085,-0.13,-7.03,1330,1293,-135,0,0,4401,0.0827,0.181,0.015,-0.085,0.11,-7.05,1330,1160,101,0,0,10225,0.0974,-0.004,0.033,-0.067,0.00,-7.16,1351,5225,1,0,0,14372,0.1011,0.029,0.032,-0.068,0.00,-7.16,1350,5838,2,0,0
4.440,152.6,91.52,-23.70,-11.79,189.1,0.43,0.00,0.00,1.00,0.00,0.21,3,6697,-221.3,2.38,-0.22,0.21,0.09,8909,1510,6504,0.0711,-0.051,0.003,-0.097,-0.08,-7.08,1323,344,-109,0,0,6329,0.0698,-0.108,0.003,-0.097,0.13,-7.03,1323,346,166,0,0,9146,0.1030,0.046,0.007,-0.093,0.03,-7.13,1329,1233,52,0,0,8946,0.1016,0.004,0.007,-0.093,0.03,-7.13,1329,1224,51,0,0
4.560,159.0,97.82,-23.71,-11.72,189.5,0.12,0.49,0.00,1.00,0.00,1.00,4,6043,979.1,2.23,-0.21,0.70,22.45,9104,1517,7569,0.0833,0.102,0.024,-0.076,9.74,2.58,1344,1196,7948,0,0,5078,0.0739,0.035,0.046,-0.054,12.76,5.60,1342,1212,5610,0,0,13033,0.1110,0.067,0.020,-0.080,0.81,-6.35,1358,3779,1662,0,0,10323,0.1017,0.001,0.030,-0.070,0.82,-6.34,1355,4828,1465,0,0
4.680,165.3,104.18,-23.72,-11.75,191.8,0.56,0.67,0.00,1.00,0.00,1.00,4,5152,1003.5,2.01,-0.24,1.06,14.13,9238,1553,7984,0.0861,0.023,0.010,-0.090,1.42,-5.74,1357,1302,2155,0,0,6381,0.0680,-0.049,0.013,-0.087,1.67,-5.50,1351,1404,2057,0,0,11080,0.1096,-0.012,0.026,-0.074,2.32,-4.84,1379,3997,4579,0,0,8931,0.0894,-0.103,0.034,-0.066,2.34,-4.82,1379,4194,3792,0,0
4.800,171.8,110.62,-23.73,-11.89,194.1,0.56,0.82,0.00,1.00,0.00,1.00,4,5211,1004.1,2.03,-0.31,1.21,3.48,9384,1590,7148,0.0844,-0.014,0.011,-0.089,1.56,-5.60,1371,1356,2195,0,0,5631,0.0620,-0.050,0.014,-0.086,1.79,-5.37,1372,1312,2004,0,0,11057,0.1143,0.039,0.027,-0.073,1.89,-5.28,1393,4312,3806,0,0,9088,0.0918,0.021,0.030,-0.070,1.89,-5.27,1394,3979,3212,0,0
4.920,178.3,117.13,-23.74,-12.13,196.4,0.56,0.62,0.00,1.00,0.00,1.00,4,5262,1004.6,2.04,-0.38,1.13,-0.63,9548,1628,6968,0.0841,-0.003,0.011,-0.089,1.00,-6.16,1386,1341,1398,0,0,6070,0.0654,0.028,0.012,-0.088,1.22,-5.94,1388,1287,1502,0,0,11526,0.1148,0.004,0.024,-0.076,1.10,-6.06,1404,4392,2362,0,0,10263,0.0960,0.035,0.025,-0.075,1.10,-6.06,1405,4047,2140,0,0
5.040,184.9,123.71,-23.75,-12.44,198.7,0.55,0.33,0.00,1.00,0.00,1.00,4,5321,1005.0,2.05,-0.39,0.89,-1.66,9766,1667,7130,0.0809,-0.026,0.011,-0.089,0.44,-6.72,1401,1333,639,0,0,6910,0.0702,0.041,0.011,-0.089,0.66,-6.50,1403,1307,933,0,0,10675,0.1114,-0.028,0.025,-0.075,0.48,-6.68,1421,4281,977,0,0,10143,0.0998,0.031,0.025,-0.075,0.48,-6.69,1422,4040,935,0,0
5.160,191.5,130.37,-23.75,-12.78,201.0,0.54,0.13,0.00,1.00,0.00,1.00,4,5382,1005.4,2.07,-0.45,0.70,-1.35,9979,1706,6635,0.0788,-0.018,0.011,-0.089,0.09,-7.07,1418,1321,127,0,0,6659,0.0737,0.029,0.011,-0.089,0.32,-6.84,1419,1304,435,0,0,10637,0.1104,-0.008,0.024,-0.076,0.14,-7.02,1437,4219,291,0,0,10562,0.1054,0.047,0.024,-0.076,0.14,-7.02,1438,4114,289,0,0
5.280,198.3,137.10,-23.75,-13.14,203.3,0.54,0.02,0.00,1.00,0.00,1.00,4,5440,1005.6,2.08,-0.51,0.61,-0.78,10190,1745,6876,0.0786,-0.002,0.011,-0.089,-0.08,-7.09,1434,1320,-102,0,0,6888,0.0772,0.029,0.011,-0.089,0.16,-7.00,1435,1309,223,0,0,10890,0.1097,-0.006,0.024,-0.076,0.00,-7.16,1453,4204,10,0,0,10877,0.1084,0.025,0.023,-0.077,0.00,-7.16,1453,4149,10,0,0
5.400,205.1,143.91,-23.74,-13.50,205.5,0.53,-0.02,0.00,1.00,0.00,1.00,4,5501,1005.8,2.09,-0.56,0.58,-0.34,10418,1784,6956,0.0781,-0.004,0.011,-0.089,-0.13,-7.04,1450,1320,-174,0,0,6993,0.0785,0.011,0.011,-0.089,0.11,-7.05,1450,1316,155,0,0,10654,0.1102,0.004,0.024,-0.076,-0.03,-7.14,1470,4167,-49,0,0,10661,0.1098,0.012,0.024,-0.076,-0.03,-7.14,1470,4148,-49,0,0
5.520,212.0,150.80,-23.73,-13.86,207.8,0.53,-0.03,0.00,1.00,0.00,1.00,4,5559,1003.6,2.11,-0.64,0.58,-0.13,10628,1824,6774,0.0789,0.007,0.011,-0.089,-0.12,-7.04,1466,1316,-171,0,0,6773,0.0791,0.005,0.011,-0.089,0.11,-7.05,1467,1314,153,0,0,10937,0.1120,0.015,0.023,-0.077,-0.01,-7.15,1485,4181,-27,0,0,10938,0.1122,0.020,0.023,-0.077,-0.01,-7.15,1485,4173,-27,0,0
5.640,219.0,157.76,-23.70,-14.22,210.0,0.52,-0.02,0.00,1.00,0.00,1.00,4,5617,1001.2,2.12,-0.73,0.61,-0.07,10835,1863,7108,0.0807,0.015,0.010,-0.090,-0.11,-7.05,1482,1320,-164,0,0,7039,0.0808,0.015,0.010,-0.090,0.13,-7.03,1482,1314,181,0,0,10985,0.1126,0.005,0.023,-0.077,0.00,-7.16,1501,4179,7,0,0,10919,0.1127,0.004,0.023,-0.077,0.00,-7.16,1501,4158,7,0,0
5.760,226.0,164.79,-23.67,-14.58,212.2,0.52,-0.02,0.00,1.00,0.00,1.00,4,5676,998.8,2.13,-0.80,0.63,-0.04,11064,1902,6956,0.0806,-0.001,0.011,-0.089,-0.10,-7.06,1497,1318,-144,0,0,6930,0.0809,0.000,0.011,-0.089,0.14,-7.02,1497,1316,194,0,0,10870,0.1142,0.013,0.023,-0.077,0.02,-7.15,1517,4166,34,0,0,10813,0.1138,0.009,0.024,-0.076,0.02,-7.15,1517,4150,34,0,0
5.880,233.1,171.90,-23.63,-14.94,214.4,0.51,-0.01,0.00,1.00,0.00,1.00,4,5732,996.2,2.15,-0.90,0.65,-0.07,11278,1941,6861,0.0817,0.009,0.011,-0.089,-0.10,-7.07,1513,1318,-133,0,0,6827,0.0813,0.004,0.011,-0.089,0.15,-7.01,1513,1316,205,0,0,11171,0.1165,0.019,0.023,-0.077,0.02,-7.14,1531,4197,50,0,0,11117,0.1161,0.019,0.023,-0.077,0.02,-7.14,1532,4179,50,0,0
6.000,240.3,179.08,-23.57,-15.30,216.5,0.51,-0.01,0.00,1.00,0.00,1.00,4,5787,993.7,2.16,-1.02,0.67,-0.09,11481,1981,7144,0.0837,0.016,0.010,-0.090,-0.10,-7.07,1527,1322,-137,0,0,7081,0.0832,0.016,0.010,-0.090,0.15,-7.01,1528,1317,220,0,0,11724,0.1176,0.009,0.022,-0.078,0.03,-7.14,1546,4295,57,0,0,11667,0.1172,0.009,0.022,-0.078,0.03,-7.14,1546,4275,57,0,0
6.120,247.6,186.33,-23.51,-15.67,218.6,0.50,-0.01,0.00,1.00,0.00,1.00,4,5842,991.1,2.17,-1.10,0.68,-0.10,11713,2019,7720,0.0845,0.007,0.010,-0.090,-0.10,-7.06,1541,1326,-149,0,0,7654,0.0843,0.009,0.010,-0.090,0.16,-7.01,1542,1324,238,0,0,11322,0.1179,0.003,0.023,-0.077,0.03,-7.14,1562,4202,55,0,0,11241,0.1177,0.004,0.023,-0.077,0.03,-7.14,1562,4177,54,0,0
6.240,254.9,193.64,-23.42,-16.04,220.7,0.49,-0.01,0.00,1.00,0.00,1.00,4,5898,988.2,2.19,-1.22,0.69,-0.09,11925,2058,7153,0.0844,-0.002,0.010,-0.090,-0.10,-7.07,1557,1323,-139,0,0,7131,0.0844,0.001,0.010,-0.090,0.16,-7.01,1557,1322,224,0,0,11288,0.1204,0.021,0.023,-0.077,0.03,-7.14,1576,4202,55,0,0,11206,0.1199,0.018,0.023,-0.077,0.03,-7.14,1576,4177,55,0,0
6.360,262.3,201.03,-23.33,-16.41,222.8,0.49,-0.01,0.00,1.00,0.00,1.00,4,5952,985.5,2.20,-1.39,0.71,-0.10,12123,2097,7131,0.0866,0.018,0.010,-0.090,-0.10,-7.06,1572,1326,-142,0,0,7101,0.0861,0.015,0.010,-0.090,0.16,-7.00,1572,1325,228,0,0,11812,0.1229,0.021,0.022,-0.078,0.03,-7.14,1590,4315,59,0,0,11773,0.1224,0.021,0.022,-0.078,0.03,-7.14,1590,4299,58,0,0
6.480,269.7,208.49,-23.21,-16.78,224.8,0.48,-0.01,0.00,1.00,0.00,1.00,4,6004,982.7,2.21,-1.54,0.73,-0.10,12312,2135,7560,0.0887,0.018,0.010,-0.090,-0.10,-7.06,1585,1330,-154,0,0,7498,0.0883,0.018,0.010,-0.090,0.16,-7.00,1585,1327,245,0,0,12620,0.1229,0.001,0.022,-0.078,0.03,-7.13,1604,4352,62,0,0,12548,0.1225,0.001,0.022,-0.078,0.03,-7.13,1604,4348,62,0,0
6.600,277.3,216.01,-23.07,-17.16,226.8,0.47,-0.01,0.00,1.00,0.00,1.00,4,6054,979.9,2.22,-1.66,0.74,-0.11,12554,2173,8343,0.0889,0.002,0.009,-0.091,-0.10,-7.06,1598,1333,-167,0,0,8269,0.0888,0.004,0.009,-0.091,0.16,-7.00,1598,1330,268,0,0,11616,0.1239,0.008,0.022,-0.078,0.03,-7.13,1619,4239,67,0,0,11539,0.1237,0.010,0.022,-0.078,0.03,-7.13,1619,4214,59,0,0
6.720,284.9,223.60,-22.91,-17.53,228.7,0.46,-0.01,0.00,1.00,0.00,1.00,4,6108,976.8,2.24,-1.83,0.75,-0.09,12766,2210,7279,0.0886,-0.003,0.010,-0.090,-0.10,-7.06,1613,1328,-147,0,0,7272,0.0887,-0.001,0.010,-0.090,0.17,-7.00,1613,1327,240,0,0,11582,0.1265,0.022,0.022,-0.078,0.03,-7.13,1633,4249,61,0,0,11515,0.1260,0.020,0.022,-0.078,0.03,-7.13,1633,4227,61,0,0
6.840,292.5,231.25,-22.73,-17.91,230.6,0.45,-0.01,0.00,1.00,0.00,1.00,4,6158,973.9,2.25,-2.03,0.77,-0.10,12970,2248,7268,0.0910,0.020,0.010,-0.090,-0.10,-7.06,1627,1329,-150,0,0,7250,0.0907,0.017,0.010,-0.090,0.17,-6.99,1627,1328,246,0,0,12054,0.1286,0.017,0.022,-0.078,0.03,-7.13,1646,4359,65,0,0,12019,0.1283,0.019,0.022,-0.078,0.03,-7.13,1646,4353,65,0,0
6.960,300.3,238.96,-22.53,-18.29,232.5,0.45,-0.01,0.00,1.00,0.00,1.00,4,6207,971.0,2.26,-2.22,0.79,-0.10,13158,2285,7728,0.0933,0.019,0.010,-0.090,-0.11,-7.06,1640,1337,-163,0,0,7675,0.0931,0.020,0.010,-0.090,0.17,-6.99,1640,1333,265,0,0,12962,0.1285,-0.001,0.022,-0.078,0.03,-7.13,1660,4340,69,0,0,12910,0.1283,0.000,0.022,-0.078,0.03,-7.13,1660,4335,69,0,0
7.080,308.1,246.73,-22.29,-18.67,234.3,0.44,-0.01,0.00,1.00,0.00,1.00,4,6254,968.1,2.27,-2.36,0.80,-0.11,13414,2320,8440,0.0943,0.008,0.009,-0.091,-0.11,-7.06,1651,1336,-177,0,0,8387,0.0942,0.009,0.009,-0.091,0.18,-6.99,1652,1334,290,0,0,11492,0.1263,-0.018,0.022,-0.078,0.03,-7.13,1673,4207,67,0,0,11428,0.1261,-0.018,0.022,-0.078,0.03,-7.13,1673,4188,66,0,0
7.200,315.9,254.57,-22.02,-19.05,236.1,0.43,-0.01,0.00,0.00,0.00,1.00,4,6305,964.9,2.28,-2.52,0.82,-0.10,13678,2356,7258,0.0920,-0.019,0.010,-0.090,-0.10,-7.06,1666,1330,-149,0,0,7256,0.0921,-0.017,0.010,-0.090,0.17,-6.99,1666,1329,253,0,0,11278,0.1277,0.011,0.023,-0.077,0.03,-7.13,1686,4184,68,0,0,11606,0.1273,0.010,0.023,-0.077,0.03,-7.13,1686,4271,69,0,0
7.320,323.8,262.42,-21.73,-19.43,235.3,-0.18,-0.01,0.00,0.00,0.00,1.00,4,6106,-284.1,0.20,-2.64,0.84,-0.06,13763,2339,8216,0.0976,0.047,-0.002,-0.098,-0.11,-7.05,1639,-342,-180,0,0,8184,0.0979,0.048,-0.002,-0.098,0.18,-6.98,1639,-334,296,0,0,11249,0.1278,0.001,-0.005,-0.095,0.03,-7.13,1634,-1066,69,0,0,11146,0.1275,0.001,-0.006,-0.094,0.03,-7.13,1634,-1063,69,0,0
7.440,331.6,270.21,-21.41,-19.80,233.4,-0.46,-0.01,0.00,0.00,0.00,1.00,4,6056,-282.4,0.20,-2.77,0.87,-0.09,13673,2300,8300,0.1044,0.057,-0.002,-0.098,-0.12,-7.04,1626,-333,-194,0,0,8247,0.1040,0.051,-0.002,-0.098,0.19,-6.97,1626,-332,317,0,0,12145,0.1274,-0.003,-0.005,-0.095,0.04,-7.13,1621,-1121,79,0,0,12084,0.1270,-0.004,-0.005,-0.095,0.04,-7.13,1621,-1123,79,0,0
7.560,339.3,277.94,-21.06,-20.17,231.4,-0.46,-0.01,0.00,0.00,0.00,1.00,4,6006,-280.8,0.20,-2.96,0.89,-0.09,13476,2261,8673,0.1070,0.022,-0.002,-0.098,-0.12,-7.04,1613,-337,-204,0,0,8591,0.1067,0.022,-0.002,-0.098,0.20,-6.96,1613,-336,339,0,0,12969,0.1258,-0.014,-0.005,-0.095,0.04,-7.12,1607,-1130,86,0,0,12877,0.1254,-0.013,-0.005,-0.095,0.04,-7.12,1607,-1131,86,0,0
7.680,347.0,285.60,-20.69,-20.54,229.4,-0.47,-0.01,0.00,0.00,0.00,1.00,4,5954,-279.1,0.20,-3.12,0.92,-0.08,13309,2222,9352,0.1063,-0.006,-0.002,-0.098,-0.12,-7.05,1599,-355,-211,0,0,9268,0.1061,-0.004,-0.002,-0.098,0.20,-6.96,1599,-354,365,0,0,11169,0.1237,-0.018,-0.005,-0.095,0.04,-7.12,1594,-1054,87,0,0,11060,0.1233,-0.018,-0.005,-0.095,0.04,-7.12,1593,-1050,86,0,0
7.800,354.6,293.19,-20.29,-20.90,227.4,-0.48,0.23,0.24,0.00,0.00,1.00,4,5886,-276.9,0.20,-3.33,1.04,11.98,13096,2183,8459,0.1042,-0.018,-0.001,-0.099,6.37,-0.79,1581,-74,7437,0,0,7307,0.1010,-0.042,0.003,-0.097,8.51,1.35,1570,163,7399,0,0,11627,0.1260,0.020,-0.006,-0.094,0.33,-6.83,1582,-1250,661,0,0,10357,0.1222,-0.009,-0.004,-0.096,0.33,-6.83,1577,-751,602,0,0
7.920,362.1,300.69,-19.86,-21.40,224.9,-0.52,1.13,0.00,0.00,0.00,1.00,4,5827,-274.9,0.20,-3.55,1.42,25.66,12961,2135,8636,0.1137,0.079,-0.002,-0.098,1.70,-5.47,1575,-310,2708,0,0,7425,0.0930,-0.067,-0.003,-0.097,2.03,-5.13,1555,-307,2826,0,0,12409,0.1321,0.050,-0.009,-0.091,3.05,-4.11,1565,-1459,6285,0,0,9813,0.1113,-0.091,-0.004,-0.096,3.09,-4.07,1553,-580,5369,0,0
8.040,369.6,308.10,-19.41,-22.04,222.6,-0.45,1.36,0.00,0.00,0.00,1.00,4,5763,-272.8,0.20,-3.76,1.55,12.84,12731,2092,9223,0.1176,0.033,-0.002,-0.098,2.70,-4.46,1554,-328,4556,0,0,6900,0.0894,-0.029,-0.003,-0.097,3.03,-4.14,1543,-290,3899,0,0,13733,0.1328,0.006,-0.009,-0.091,3.48,-3.68,1544,-1298,7104,0,0,10133,0.1046,-0.056,-0.006,-0.094,3.50,-3.66,1538,-775,6202,0,0
8.160,377.0,315.43,-18.93,-22.86,221.3,-0.25,1.34,0.00,1.00,0.00,1.00,4,5831,991.6,2.17,-3.95,1.56,4.59,12526,2067,8952,0.1154,-0.018,0.006,-0.094,2.36,-4.80,1556,819,3972,0,0,6999,0.0858,-0.030,0.008,-0.092,2.67,-4.49,1555,828,3563,0,0,11967,0.1289,-0.032,0.017,-0.083,2.77,-4.39,1572,2708,5837,0,0,9421,0.0995,-0.042,0.019,-0.081,2.78,-4.39,1572,2550,4766,0,0
8.280,384.3,322.72,-18.44,-23.86,220.6,-0.11,1.25,0.25,0.00,0.00,1.00,4,5690,-270.4,0.20,-4.16,1.47,12.10,12345,2054,9473,0.1082,-0.060,-0.001,-0.099,8.56,1.39,1525,-87,9454,0,0,7336,0.0811,-0.039,0.004,-0.096,10.82,3.65,1514,178,7902,0,0,11718,0.1290,0.001,-0.007,-0.093,2.06,-5.11,1533,-1237,4351,0,0,9482,0.1017,0.018,-0.005,-0.095,2.07,-5.10,1528,-718,3655,0,0
8.400,391.6,329.89,-17.93,-25.06,217.5,-0.59,1.82,0.00,0.00,0.00,1.00,4,5594,-267.1,0.20,-4.18,1.61,37.75,12220,1997,9726,0.1152,0.058,-0.009,-0.091,2.20,-4.97,1519,-1247,5984,0,0,6431,0.0767,-0.036,-0.017,-0.083,2.53,-4.63,1479,-1392,4780,0,0,12280,0.1308,0.015,-0.013,-0.087,4.15,-3.01,1511,-1774,8022,0,0,7956,0.0918,-0.082,-0.005,-0.095,4.23,-2.94,1494,-482,5731,0,0
8.520,398.8,336.93,-17.41,-26.48,214.9,-0.43,1.74,0.00,0.00,0.00,1.00,4,5546,-265.6,0.20,-4.26,1.47,21.20,11996,1950,9031,0.1159,0.006,-0.003,-0.097,4.10,-3.06,1500,-309,6318,0,0,6109,0.0743,-0.021,-0.003,-0.097,4.43,-2.73,1482,-255,4711,0,0,12270,0.1300,-0.007,-0.011,-0.089,5.31,-1.85,1487,-1335,9573,0,0,8495,0.0884,-0.029,-0.007,-0.093,5.37,-1.80,1478,-581,7186,0,0
8.640,406.0,343.83,-16.89,-28.13,212.3,-0.44,1.87,0.00,0.00,0.00,1.00,4,5481,-263.3,0.20,-4.33,1.44,9.76,11698,1902,8874,0.1146,-0.011,-0.003,-0.097,4.06,-3.10,1478,-319,6221,0,0,5967,0.0707,-0.029,-0.004,-0.096,4.36,-2.80,1469,-270,4587,0,0,12007,0.1294,-0.005,-0.009,-0.091,4.73,-2.43,1468,-1216,8952,0,0,8315,0.0855,-0.024,-0.008,-0.092,4.76,-2.41,1463,-727,6566,0,0
8.760,413.0,350.58,-16.37,-30.01,209.6,-0.50,1.86,0.25,0.00,0.00,1.00,4,5357,-258.0,0.20,-4.36,1.43,14.22,11357,1854,8757,0.1139,-0.006,-0.003,-0.097,12.17,5.01,1431,-133,9381,0,0,5345,0.0689,-0.015,0.003,-0.097,14.98,7.82,1412,82,6020,0,0,12579,0.1280,-0.012,-0.009,-0.091,3.80,-3.37,1453,-1273,7613,0,0,8268,0.0827,-0.024,-0.006,-0.094,3.82,-3.34,1447,-641,5569,0,0
8.880,419.9,357.16,-15.86,-32.11,206.4,-0.59,1.98,0.00,0.00,0.00,1.00,4,5258,-253.8,0.20,-4.27,1.38,28.39,11095,1797,9639,0.1146,0.006,-0.005,-0.095,12.20,5.04,1411,-252,10204,0,0,6050,0.0657,-0.026,-0.004,-0.096,15.04,7.88,1375,-101,6748,0,0,11927,0.1262,-0.015,-0.011,-0.089,4.55,-2.62,1432,-1457,8585,0,0,7323,0.0767,-0.050,-0.005,-0.095,4.61,-2.55,1419,-450,5697,0,0
9.000,426.7,363.55,-15.36,-34.42,203.7,-0.45,1.78,0.00,0.00,0.00,1.00,4,5257,-253.7,0.20,-4.21,1.13,16.59,10821,1751,8461,0.1096,-0.042,-0.003,-0.097,4.05,-3.11,1420,-300,5928,0,0,5645,0.0626,-0.026,-0.004,-0.096,4.35,-2.81,1406,-250,4332,0,0,11137,0.1239,-0.019,-0.010,-0.090,5.08,-2.08,1409,-1196,8778,0,0,7387,0.0768,0.001,-0.007,-0.093,5.13,-2.04,1401,-574,6182,0,0
9.120,433.5,369.79,-14.88,-36.93,201.3,-0.43,1.71,0.00,0.00,0.00,1.00,4,5201,-251.4,0.20,-4.19,0.99,5.35,10497,1710,7657,0.1057,-0.033,-0.003,-0.097,3.63,-3.53,1401,-279,5014,0,0,4982,0.0615,-0.009,-0.004,-0.096,3.90,-3.27,1394,-253,3574,0,0,11999,0.1238,-0.001,-0.008,-0.092,4.09,-3.07,1393,-1117,8102,0,0,8354,0.0787,0.016,-0.008,-0.092,4.10,-3.06,1389,-760,5959,0,0
9.240,440.1,375.87,-14.41,-39.62,198.7,-0.50,1.72,0.26,0.00,0.00,1.00,4,5076,-246.0,0.20,-4.07,0.96,17.77,10207,1665,9235,0.1069,0.010,-0.005,-0.095,11.63,4.47,1358,-249,9807,0,0,5883,0.0626,0.009,-0.002,-0.098,14.46,7.30,1333,-55,6580,0,0,9943,0.1175,-0.052,-0.006,-0.094,3.32,-3.84,1379,-958,5843,0,0,7811,0.0735,-0.044,-0.005,-0.095,3.38,-3.79,1371,-568,4775,0,0
9.360,446.7,381.75,-13.96,-42.49,195.7,-0.54,1.83,0.27,0.00,0.00,1.00,4,4983,-242.1,0.20,-3.79,0.91,30.72,10018,1616,9334,0.1047,-0.018,-0.004,-0.096,12.51,5.35,1338,-211,9933,0,0,5846,0.0576,-0.042,-0.003,-0.097,15.47,8.30,1301,-75,6535,0,0,10747,0.1157,-0.015,-0.011,-0.089,4.51,-2.65,1359,-1354,7811,0,0,6268,0.0678,-0.047,-0.005,-0.095,4.58,-2.58,1345,-362,4917,0,0
9.480,453.2,387.41,-13.54,-45.57,192.5,-0.51,2.11,0.28,0.00,0.00,1.00,4,4870,-237.3,0.20,-3.63,0.87,33.94,9781,1564,8331,0.1067,0.017,-0.003,-0.097,14.47,7.31,1307,-121,9010,0,0,4512,0.0534,-0.035,-0.002,-0.098,17.58,10.42,1264,-38,5113,0,0,12303,0.1219,0.052,-0.013,-0.087,6.23,-0.93,1333,-1396,10394,0,0,7250,0.0673,-0.004,-0.005,-0.095,6.35,-0.81,1318,-352,6801,0,0
9.600,459.5,392.84,-13.14,-48.84,189.0,-0.51,2.24,0.29,0.00,0.00,1.00,4,4749,-232.1,0.20,-3.45,0.81,33.80,9462,1508,9673,0.1127,0.050,-0.004,-0.096,16.24,9.08,1272,-145,10241,0,0,5417,0.0548,0.012,-0.002,-0.098,19.52,12.36,1227,-44,6033,0,0,12384,0.1193,-0.022,-0.015,-0.085,7.57,0.41,1304,-1354,11250,0,0,6997,0.0614,-0.050,-0.006,-0.094,7.71,0.55,1290,-346,7111,0,0
9.720,465.7,398.00,-12.76,-52.31,185.4,-0.50,2.25,0.30,0.00,0.00,1.00,4,4631,-227.1,0.20,-3.17,0.69,26.64,9183,1452,9531,0.1098,-0.024,-0.005,-0.095,17.62,10.46,1235,-165,10079,0,0,5551,0.0514,-0.028,-0.004,-0.096,21.01,13.85,1192,-69,6145,0,0,11063,0.1174,-0.016,-0.015,-0.085,8.09,0.93,1274,-1214,10744,0,0,5854,0.0582,-0.026,-0.008,-0.092,8.22,1.06,1263,-380,6158,0,0
9.840,471.8,402.88,-12.41,-55.96,181.9,-0.49,2.31,0.32,0.42,0.00,1.00,4,4583,143.1,0.61,-3.05,0.61,20.56,8837,1396,8405,0.1098,0.000,0.002,-0.098,18.31,11.15,1214,56,9015,0,0,4491,0.0500,-0.012,0.008,-0.092,21.82,14.66,1180,94,5030,0,0,12209,0.1215,0.035,-0.003,-0.097,7.97,0.81,1263,-268,11503,0,0,6989,0.0606,0.020,0.006,-0.094,8.07,0.91,1259,281,7217,0,0
9.960,477.8,407.50,-12.08,-59.80,179.5,-0.23,2.26,0.33,0.98,0.00,1.00,4,4659,843.9,1.69,-2.96,0.51,18.26,8527,1360,9188,0.1106,0.007,0.020,-0.080,18.00,10.84,1222,649,9733,0,0,5152,0.0512,0.011,0.046,-0.054,21.60,14.43,1213,730,5680,0,0,12411,0.1177,-0.031,0.023,-0.077,7.19,0.02,1281,2122,11016,0,0,7181,0.0584,-0.019,0.035,-0.065,7.27,0.10,1282,2009,6996,0,0
10.080,483.8,411.87,-11.77,-63.83,178.5,0.03,2.15,0.33,1.00,0.00,1.00,4,4688,996.1,1.90,-2.88,0.38,14.70,8346,1345,8241,0.1037,-0.058,0.031,-0.069,17.29,10.12,1232,949,8833,0,0,4774,0.0460,-0.044,0.063,-0.037,20.88,13.72,1232,960,5260,0,0,11183,0.1193,0.013,0.028,-0.072,6.11,-1.05,1282,2779,9628,0,0,6439,0.0615,0.027,0.039,-0.061,6.16,-1.00,1284,2301,5860,0,0
10.200,489.7,416.02,-11.47,-68.06,177.7,0.05,2.11,0.33,1.00,0.00,1.00,4,4665,995.6,1.90,-2.88,0.27,17.87,8177,1333,7716,0.1032,-0.004,0.030,-0.070,16.48,9.32,1231,883,8348,0,0,4118,0.0469,0.008,0.061,-0.039,20.11,12.95,1230,837,4586,0,0,12295,0.1214,0.017,0.023,-0.077,5.37,-1.80,1272,2606,9572,0,0,7533,0.0648,0.027,0.034,-0.066,5.42,-1.74,1272,2545,6349,0,0
10.320,495.7,419.95,-11.19,-72.47,177.1,0.06,2.02,0.34,1.00,0.00,1.00,4,4648,995.2,1.89,-2.70,0.12,22.99,8122,1324,8845,0.1020,-0.010,0.026,-0.074,16.01,8.85,1227,900,9438,0,0,5281,0.0482,0.011,0.056,-0.044,19.67,12.51,1221,1002,5807,0,0,11559,0.1175,-0.033,0.022,-0.078,5.11,-2.06,1269,2528,8991,0,0,6860,0.0627,-0.017,0.036,-0.064,5.18,-1.98,1269,2553,5640,0,0
10.440,501.5,423.64,-10.92,-77.06,176.8,0.14,1.95,0.00,1.00,0.00,1.00,4,4682,996.0,1.90,-2.59,-0.03,19.96,8101,1320,7836,0.0999,-0.017,0.009,-0.091,3.96,-3.20,1249,837,5415,0,0,4826,0.0469,-0.011,0.015,-0.085,4.23,-2.93,1242,919,3640,0,0,10867,0.1203,0.023,0.023,-0.077,5.29,-1.87,1266,2386,8734,0,0,7313,0.0672,0.037,0.035,-0.065,5.36,-1.80,1266,2532,6126,0,0
10.560,507.5,427.15,-10.66,-81.80,177.3,0.27,1.70,0.17,1.00,0.00,1.00,4,4685,996.0,1.90,-2.59,-0.30,9.23,8037,1327,8179,0.0974,-0.021,0.011,-0.089,6.31,-0.85,1248,881,7265,0,0,5375,0.0518,0.041,0.018,-0.082,7.32,0.16,1247,856,5278,0,0,12037,0.1159,-0.036,0.021,-0.079,4.20,-2.96,1265,2770,8200,0,0,8318,0.0703,0.026,0.027,-0.073,4.23,-2.94,1265,2587,5972,0,0
10.680,513.4,430.45,-10.41,-86.69,177.2,0.12,1.84,0.34,1.00,0.00,1.00,4,4657,995.4,1.90,-2.43,-0.31,21.08,8051,1325,8258,0.0965,-0.007,0.026,-0.074,14.80,7.64,1234,909,8894,0,0,4987,0.0488,-0.025,0.055,-0.045,18.43,11.27,1230,992,5518,0,0,11244,0.1164,0.004,0.018,-0.082,3.78,-3.39,1266,2445,7111,0,0,7015,0.0687,-0.013,0.031,-0.069,3.82,-3.34,1266,2638,4684,0,0
10.800,519.2,433.51,-10.18,-91.71,175.3,-0.27,1.92,0.34,0.99,0.26,1.00,4,4157,939.2,1.78,-2.24,-0.30,29.11,7976,1297,8558,0.1022,0.048,-0.121,0.021,15.46,8.29,1052,-3890,8405,695,1,5103,0.0515,0.022,-0.118,0.018,19.17,12.01,1002,-2052,5354,2317,0,11614,0.1173,0.007,-0.022,-0.078,4.76,-2.40,1205,-2632,8603,1247,0,7123,0.0664,-0.019,-0.011,-0.089,4.85,-2.31,1197,-833,5738,1247,0
10.920,525.0,436.29,-9.96,-96.77,172.6,-0.43,2.01,0.35,1.00,0.00,1.00,4,4511,991.9,1.86,-1.88,-0.35,32.46,7892,1258,9349,0.1071,0.041,0.021,-0.079,16.56,9.40,1190,754,9910,0,0,5586,0.0555,0.034,0.047,-0.053,20.43,13.27,1170,834,6137,0,0,11374,0.1119,-0.045,0.022,-0.078,5.63,-1.53,1240,2307,9369,0,0,6498,0.0593,-0.059,0.042,-0.058,5.74,-1.42,1239,2582,5635,0,0
11.040,530.8,438.78,-9.75,-101.93,171.9,0.10,2.16,0.36,1.00,0.00,1.00,4,4511,991.9,1.86,-1.85,-0.32,32.10,7772,1247,8441,0.1060,-0.010,0.030,-0.070,17.66,10.50,1188,921,9020,0,0,4549,0.0495,-0.050,0.071,-0.029,21.57,14.41,1181,994,5004,0,0,12327,0.1197,0.065,0.024,-0.076,6.61,-0.55,1235,2393,10606,0,0,7268,0.0629,0.030,0.044,-0.056,6.75,-0.41,1234,2696,6742,0,0
11.160,536.5,440.99,-9.56,-107.20,171.2,0.15,2.18,0.00,1.00,0.00,1.00,4,4543,992.7,1.87,-1.76,-0.37,28.82,7667,1237,8802,0.1059,-0.001,0.009,-0.091,5.25,-1.91,1211,838,7313,0,0,5032,0.0483,-0.010,0.019,-0.081,5.58,-1.58,1199,944,4542,0,0,11991,0.1194,-0.002,0.027,-0.073,7.15,-0.01,1232,2481,10924,0,0,7010,0.0611,-0.015,0.046,-0.054,7.28,0.12,1232,2539,6726,0,0
11.280,542.2,442.94,-9.38,-112.56,171.6,0.31,1.75,0.00,1.00,0.00,1.00,4,4543,992.7,1.87,-1.74,-0.69,-1.45,7619,1243,7406,0.0975,-0.070,0.012,-0.088,5.65,-1.51,1206,965,5327,0,0,5389,0.0486,0.002,0.014,-0.086,5.87,-1.30,1210,803,4356,0,0,10857,0.1174,-0.017,0.029,-0.071,5.75,-1.42,1227,2904,9148,0,0,7853,0.0684,0.061,0.031,-0.069,5.74,-1.42,1230,2292,6891,0,0
11.400,547.9,444.67,-9.20,-118.03,172.3,0.27,1.64,0.00,1.00,0.00,1.00,4,4545,992.8,1.87,-1.83,-0.88,-5.11,7564,1253,7842,0.0952,-0.019,0.008,-0.092,2.89,-4.28,1209,861,4293,0,0,5593,0.0528,0.036,0.010,-0.090,3.10,-4.06,1215,767,3350,0,0,11632,0.1144,-0.024,0.020,-0.080,2.74,-4.42,1224,3106,5729,0,0,8531,0.0721,0.031,0.019,-0.081,2.73,-4.43,1227,2305,4383,0,0
11.520,553.7,446.25,-9.04,-123.57,173.3,0.27,0.83,0.00,1.00,0.00,1.00,4,4568,993.3,1.87,-1.80,-1.39,-5.21,7624,1268,6675,0.0851,-0.084,0.007,-0.093,1.05,-6.11,1217,825,1454,0,0,6306,0.0587,0.049,0.007,-0.093,1.27,-5.90,1221,772,1645,0,0,9859,0.1058,-0.072,0.018,-0.082,0.88,-6.28,1230,2911,1725,0,0,8987,0.0794,0.061,0.016,-0.084,0.88,-6.28,1232,2442,1589,0,0
11.640,559.5,447.77,-8.87,-129.16,174.5,0.27,0.29,0.00,1.00,0.00,1.00,4,4595,994.0,1.88,-1.86,-1.92,-2.97,7694,1285,6160,0.0775,-0.063,0.007,-0.093,0.12,-7.05,1226,802,164,0,0,6516,0.0684,0.081,0.007,-0.093,0.33,-6.83,1227,782,462,0,0,9887,0.0990,-0.056,0.017,-0.083,0.06,-7.10,1238,2777,144,0,0,10067,0.0899,0.088,0.015,-0.085,0.06,-7.10,1238,2610,146,0,0
11.760,565.3,449.28,-8.71,-134.80,175.6,0.27,0.05,0.08,1.00,0.00,1.00,4,4625,994.7,1.89,-1.83,-2.21,-1.23,7803,1301,6780,0.0730,-0.037,0.007,-0.093,-0.24,-6.92,1234,802,-326,0,0,7167,0.0737,0.044,0.006,-0.094,-0.02,-7.14,1234,796,-25,0,0,9419,0.0933,-0.048,0.017,-0.083,-0.21,-6.96,1246,2690,-368,0,0,9719,0.0928,0.023,0.016,-0.084,-0.21,-6.96,1247,2658,-378,0,0
11.880,571.2,450.74,-8.55,-140.48,176.2,0.17,0.85,0.34,1.00,0.00,1.00,4,4636,995.0,1.89,-1.76,-1.74,34.24,7880,1311,8016,0.0808,0.065,0.020,-0.080,11.93,4.76,1240,839,8617,0,0,5166,0.0663,-0.061,0.047,-0.053,15.56,8.40,1228,1029,5745,0,0,10905,0.1021,0.074,0.009,-0.091,1.46,-5.70,1255,1819,2795,0,0,7769,0.0877,-0.042,0.026,-0.074,1.49,-5.67,1250,3255,2079,0,0
12.000,577.1,452.00,-8.39,-146.21,176.1,0.12,1.77,0.34,1.00,0.00,1.00,4,4640,995.0,1.89,-1.49,-0.96,52.49,7957,1308,9290,0.0969,0.134,0.021,-0.079,14.53,7.37,1233,862,9879,0,0,4814,0.0558,-0.088,0.060,-0.040,18.25,11.09,1217,1050,5327,0,0,12221,0.1136,0.096,0.016,-0.084,5.15,-2.01,1266,1880,9254,0,0,6862,0.0715,-0.135,0.045,-0.055,5.31,-1.85,1262,3062,5572,0,0
12.120,582.9,452.97,-8.25,-151.97,173.9,-0.19,2.12,0.35,0.07,0.00,1.00,4,4045,923.5,1.75,-1.15,-0.60,51.59,7954,1277,9281,0.1050,0.068,0.023,-0.077,17.88,10.71,1196,751,9818,0,0,5333,0.0489,-0.057,0.065,-0.035,21.72,14.56,1178,1064,5820,0,0,11392,0.1202,0.055,-0.218,0.118,8.43,1.27,951,-10112,6637,6000,0,6325,0.0641,-0.061,-0.203,0.103,8.70,1.54,939,-5801,4252,6000,0
12.240,588.6,453.66,-8.12,-157.58,167.0,-1.18,2.11,0.37,0.10,0.00,1.00,4,3977,-199.0,0.20,-0.47,-0.78,67.45,7715,1179,9723,0.1150,0.084,-0.007,-0.093,23.22,16.06,1079,-217,10101,0,0,5993,0.0632,0.119,-0.001,-0.099,27.66,20.49,1002,-24,6486,0,0,11063,0.1079,-0.103,-0.048,-0.052,13.74,6.58,1111,-2558,11243,0,0,6252,0.0557,-0.070,-0.036,-0.064,14.34,7.18,1077,-1167,6867,0,0
12.360,594.0,454.04,-8.01,-163.05,163.0,-0.20,2.46,0.39,0.70,0.00,1.00,4,3976,354.3,1.03,-0.18,-0.61,58.15,7455,1124,9162,0.1154,0.003,0.022,-0.078,28.24,21.08,1034,454,9467,0,0,4891,0.0557,-0.063,0.059,-0.041,32.95,25.78,984,584,5285,0,0,11764,0.1133,0.045,0.009,-0.091,17.64,10.48,1125,353,12045,0,0,6279,0.0536,-0.018,0.047,-0.053,18.32,11.15,1121,1056,6860,0,0
12.480,599.4,454.09,-7.91,-168.41,159.6,0.07,2.43,0.40,0.86,0.00,1.00,4,3984,912.4,1.74,-0.13,-0.57,47.12,7107,1077,8684,0.1120,-0.028,0.051,-0.049,31.79,24.63,1002,887,8935,0,0,4643,0.0507,-0.041,0.121,0.021,36.60,29.44,979,1016,4937,0,0,12475,0.1185,0.043,0.070,-0.030,20.15,12.98,1146,2496,11921,0,0,7164,0.0568,0.027,0.107,0.007,20.78,13.62,1147,2329,7430,0,0
12.600,604.6,453.83,-7.82,-173.65,155.8,0.01,2.40,0.42,0.21,0.00,1.00,4,3653,215.7,0.70,0.04,-0.59,33.39,6783,1027,8787,0.1078,-0.035,0.025,-0.075,34.14,26.98,926,421,9020,0,0,4862,0.0471,-0.030,0.079,-0.021,38.98,31.82,896,669,5194,0,0,11621,0.1178,-0.006,0.014,-0.086,21.14,13.98,1047,509,11801,0,0,6475,0.0571,0.003,0.039,-0.061,21.63,14.46,1046,784,7025,0,0
12.720,609.7,453.27,-7.75,-178.71,150.8,-0.31,2.42,0.43,0.00,0.00,1.00,4,3354,-171.2,0.20,0.21,-0.57,22.34,6399,962,9291,0.1107,0.024,-0.004,-0.096,35.09,27.93,860,-72,9462,0,0,5261,0.0497,0.021,0.004,-0.096,40.00,32.83,799,36,5621,0,0,11711,0.1147,-0.026,-0.024,-0.076,20.79,13.63,972,-843,11869,0,0,6455,0.0536,-0.029,-0.015,-0.085,21.13,13.96,964,-293,7050,0,0
12.840,614.7,452.45,-7.68,-183.56,145.5,-0.45,2.36,0.45,0.00,0.00,1.00,4,3244,-165.4,0.20,0.38,-0.57,11.54,5991,896,9137,0.1112,0.004,-0.009,-0.091,34.82,27.66,828,-148,9328,0,0,5218,0.0505,0.007,-0.009,-0.091,39.78,32.62,768,-82,5580,0,0,11087,0.1111,-0.030,-0.023,-0.077,19.13,11.97,944,-829,11389,0,0,5951,0.0503,-0.028,-0.019,-0.081,19.30,12.14,938,-397,6571,0,0
12.960,619.4,451.38,-7.63,-188.19,140.4,-0.50,2.34,0.47,0.00,0.00,0.75,4,3187,-162.4,0.20,0.40,-0.57,2.59,5547,835,9645,0.1129,0.015,-0.012,-0.088,33.14,25.98,812,-219,9802,0,0,5274,0.0520,0.013,-0.016,-0.084,38.17,31.01,758,-145,5647,0,0,11478,0.1076,-0.029,-0.019,-0.081,16.15,8.99,925,-837,11811,0,0,6284,0.0472,-0.026,-0.020,-0.080,16.19,9.03,922,-518,6954,0,0
13.080,624.0,450.06,-7.59,-192.59,135.9,-0.54,2.31,0.49,0.00,0.00,0.10,3,3094,-157.5,0.20,0.33,-0.56,-7.08,5142,781,9132,0.1125,-0.004,-0.011,-0.089,30.16,22.99,810,-216,9401,0,0,5181,0.0514,-0.005,-0.018,-0.082,35.26,28.09,764,-178,5578,0,0,11116,0.1078,0.001,-0.006,-0.094,11.80,4.64,919,-320,11511,0,0,5944,0.0466,-0.005,-0.010,-0.090,11.74,4.58,920,-324,6611,0,0
13.200,628.4,448.52,-7.55,-196.75,131.3,-0.75,2.16,0.51,0.00,0.00,1.00,3,4080,-203.5,0.20,0.31,-0.63,-11.22,4758,729,9320,0.1122,-0.003,-0.017,-0.083,25.95,18.79,808,-391,9653,0,0,5649,0.0538,0.020,-0.027,-0.073,31.20,24.03,768,-323,6081,0,0,10436,0.1020,-0.048,-0.012,-0.088,6.68,-0.48,895,-1072,9704,0,0,5515,0.0427,-0.032,-0.021,-0.079,6.62,-0.54,895,-1012,5440,0,0
13.320,632.8,446.77,-7.52,-200.69,127.9,-0.65,1.89,0.52,0.00,0.00,1.00,3,4082,-203.6,0.20,0.11,-0.80,1.26,4441,692,8834,0.1115,-0.006,-0.013,-0.087,21.82,14.65,819,-351,9316,0,0,5956,0.0575,0.031,-0.016,-0.084,27.30,20.13,781,-235,6444,0,0,10968,0.0996,-0.020,-0.008,-0.092,2.92,-4.25,885,-1203,5842,0,0,7009,0.0457,0.025,-0.011,-0.089,2.92,-4.24,882,-1034,3962,0,0
13.440,637.0,444.85,-7.49,-204.43,125.1,-0.59,1.56,0.53,0.00,0.00,1.00,3,4031,-201.5,0.20,0.14,-1.13,25.88,4247,661,8247,0.1032,-0.069,-0.010,-0.090,20.02,12.86,821,-275,8818,0,0,6445,0.0596,0.017,-0.009,-0.091,25.61,18.45,772,-151,6960,0,0,9689,0.0939,-0.048,-0.011,-0.089,2.71,-4.45,873,-1478,4710,0,0,6447,0.0501,0.037,-0.005,-0.095,2.78,-4.39,859,-441,3346,0,0
13.560,641.1,442.78,-7.47,-207.99,122.2,-0.55,1.76,0.54,0.00,0.00,1.00,3,3930,-197.2,0.20,0.22,-1.07,44.53,4065,631,9921,0.1064,0.027,-0.007,-0.093,20.66,13.49,807,-230,10347,0,0,6325,0.0617,0.017,-0.005,-0.095,26.38,19.22,744,-90,6832,0,0,10530,0.0922,-0.014,-0.014,-0.086,4.54,-2.62,857,-1587,7633,0,0,6086,0.0475,-0.022,-0.003,-0.097,4.72,-2.45,833,-234,4836,0,0
13.680,645.1,440.53,-7.44,-211.32,119.7,-0.36,2.04,0.55,0.66,0.00,1.00,3,3928,329.2,0.98,0.17,-0.80,47.22,3900,605,8950,0.1086,0.019,0.015,-0.085,22.60,15.44,797,354,9409,0,0,4932,0.0548,-0.057,0.046,-0.054,28.50,21.34,750,513,5379,0,0,11387,0.1012,0.075,0.001,-0.099,6.42,-0.74,851,7,10105,0,0,6306,0.0474,-0.001,0.033,-0.067,6.69,-0.47,842,1775,5997,0,0
13.800,649.1,438.09,-7.42,-214.44,118.6,0.04,2.06,0.56,1.00,0.00,1.00,3,4024,918.1,1.75,0.27,-0.69,43.36,3822,594,8731,0.1039,-0.039,0.043,-0.057,24.13,16.96,802,996,9125,0,0,4879,0.0481,-0.056,0.112,0.012,30.10,22.94,780,1190,5208,0,0,10967,0.1020,0.007,0.035,-0.065,7.46,0.30,870,2856,10194,0,0,5896,0.0447,-0.022,0.075,-0.025,7.76,0.60,869,3174,5531,0,0
13.920,653.0,435.43,-7.40,-217.35,118.1,0.19,2.13,0.56,1.00,0.00,1.00,3,3994,913.6,1.74,0.13,-0.59,41.84,3729,589,9059,0.1064,0.021,0.043,-0.057,24.96,17.80,792,993,9407,0,0,4966,0.0473,-0.007,0.116,0.016,30.98,23.82,772,1219,5283,0,0,11377,0.1042,0.019,0.037,-0.063,8.12,0.95,866,2905,10790,0,0,6213,0.0457,0.008,0.076,-0.024,8.43,1.26,866,3177,5976,0,0
14.040,656.9,432.57,-7.38,-220.04,117.4,0.18,2.14,0.56,0.98,0.00,1.00,3,3962,878.3,1.69,0.10,-0.58,34.19,3696,582,8337,0.1021,-0.035,0.048,-0.052,25.54,18.38,785,993,8725,0,0,4537,0.0428,-0.038,0.124,0.024,31.55,24.39,771,1172,4838,0,0,11357,0.1092,0.041,0.036,-0.064,7.98,0.82,857,2851,10750,0,0,6367,0.0499,0.035,0.069,-0.031,8.23,1.07,857,3014,6177,0,0
14.160,660.8,429.53,-7.37,-222.48,116.9,0.17,2.06,0.56,1.00,0.00,1.00,3,3947,906.4,1.73,0.26,-0.61,30.59,3665,577,8523,0.0994,-0.023,0.046,-0.054,25.30,18.13,781,991,8903,0,0,4844,0.0426,-0.002,0.117,0.017,31.30,24.14,767,1189,5158,0,0,10800,0.1036,-0.047,0.038,-0.062,7.36,0.20,855,3069,10004,0,0,5869,0.0454,-0.037,0.068,-0.032,7.57,0.41,855,2956,5563,0,0
14.280,664.7,426.33,-7.36,-224.69,116.3,0.15,2.10,0.56,1.00,0.00,1.00,3,3918,902.3,1.72,0.12,-0.56,31.08,3591,571,8701,0.1037,0.036,0.044,-0.056,24.71,17.54,780,977,9083,0,0,4872,0.0452,0.022,0.113,0.013,30.73,23.57,765,1172,5197,0,0,12454,0.1051,0.012,0.030,-0.070,6.75,-0.41,845,2951,10661,0,0,7453,0.0467,0.011,0.058,-0.042,6.94,-0.22,843,3458,6813,0,0
14.400,668.6,422.99,-7.34,-226.63,116.0,0.16,2.02,0.57,1.00,0.00,1.00,3,3920,902.4,1.72,0.18,-0.61,28.34,3586,568,8189,0.0994,-0.035,0.046,-0.054,24.15,16.99,782,991,8615,0,0,4687,0.0425,-0.022,0.114,0.014,30.15,22.99,769,1171,5009,0,0,10897,0.1055,0.003,0.030,-0.070,5.91,-1.25,843,2904,9251,0,0,6263,0.0486,0.016,0.057,-0.043,6.07,-1.09,842,3107,5480,0,0
14.520,672.4,419.52,-7.34,-228.33,115.8,0.16,1.94,0.57,1.00,0.00,1.00,3,3914,901.6,1.72,0.30,-0.66,31.64,3566,566,9374,0.0981,-0.010,0.041,-0.059,23.51,16.35,782,1049,9723,0,0,5865,0.0443,0.015,0.106,0.006,29.51,22.35,765,1382,6191,0,0,10617,0.1005,-0.041,0.029,-0.071,5.53,-1.64,842,2840,8716,0,0,5986,0.0455,-0.026,0.058,-0.042,5.69,-1.47,841,3147,5048,0,0
14.640,676.3,415.95,-7.34,-229.77,115.5,0.17,1.99,0.00,1.00,0.00,1.00,3,3963,907.9,1.73,0.22,-0.61,35.02,3536,563,8414,0.1001,0.016,-0.006,-0.094,2.37,-4.79,816,-564,8619,0,0,4745,0.0448,0.004,-0.003,-0.097,2.67,-4.49,793,-30,5324,0,0,11668,0.1041,0.030,0.021,-0.079,5.59,-1.57,835,2359,9567,0,0,6887,0.0488,0.027,0.051,-0.049,5.78,-1.39,832,3249,5864,0,0
14.760,680.2,412.27,-7.33,-230.99,117.1,0.50,1.51,0.00,1.00,0.00,1.00,3,4049,921.9,1.75,0.21,-0.92,15.13,3599,578,7185,0.0902,-0.083,0.010,-0.090,2.98,-4.18,830,988,3999,0,0,5055,0.0443,-0.004,0.016,-0.084,3.22,-3.94,823,1089,3092,0,0,10371,0.1002,-0.033,0.028,-0.072,4.46,-2.70,845,3089,7549,0,0,7224,0.0543,0.046,0.042,-0.058,4.52,-2.64,844,3239,5424,0,0
14.880,684.1,408.47,-7.34,-232.04,118.8,0.49,1.21,0.00,1.00,0.00,1.00,3,4093,928.7,1.76,0.09,-1.24,4.48,3659,596,7349,0.0851,-0.042,0.009,-0.091,1.93,-5.24,838,988,2804,0,0,5747,0.0497,0.046,0.011,-0.089,2.14,-5.02,837,1001,2465,0,0,10305,0.0947,-0.046,0.024,-0.076,2.45,-4.71,851,3366,4690,0,0,7999,0.0595,0.044,0.029,-0.071,2.46,-4.70,852,3205,3752,0,0
15.000,688.1,404.59,-7.34,-232.99,120.7,0.46,0.43,-0.29,1.00,0.00,1.00,3,4154,938.0,1.78,-0.08,-1.87,-14.18,3752,615,5652,0.0745,-0.089,0.019,-0.081,-6.71,-0.45,849,1011,-5162,0,0,6718,0.0570,0.061,0.011,-0.089,-4.74,-2.42,855,853,-4801,0,0,8737,0.0886,-0.051,0.028,-0.072,0.61,-6.56,861,3819,1194,0,0,9447,0.0712,0.097,0.019,-0.081,0.60,-6.56,864,2908,1276,0,0
15.120,692.2,400.67,-7.33,-234.02,122.3,0.40,-0.68,0.00,1.00,0.00,1.00,3,4218,947.8,1.79,-0.24,-2.98,-30.12,3863,631,5289,0.0566,-0.149,0.012,-0.088,-0.21,-6.95,853,1156,8,0,0,7564,0.0752,0.151,0.007,-0.093,-0.01,-7.15,871,945,303,0,0,7549,0.0693,-0.161,0.040,-0.060,-2.73,-4.43,876,4011,-3623,0,0,10051,0.0863,0.126,0.019,-0.081,-2.66,-4.50,881,2522,-4684,0,0
15.240,696.3,396.71,-7.32,-235.13,124.2,0.48,-0.65,0.09,1.00,0.00,1.00,3,4277,958.2,1.81,-0.46,-3.13,-7.63,3968,651,5504,0.0545,-0.018,0.011,-0.089,1.37,-5.79,873,1058,607,0,0,7033,0.0780,0.024,0.009,-0.091,2.47,-4.69,877,1033,1956,0,0,8409,0.0675,-0.015,0.027,-0.073,-2.50,-4.66,888,3995,-3876,0,0,10409,0.0910,0.039,0.025,-0.075,-2.48,-4.68,890,3407,-4710,0,0
15.360,700.5,392.69,-7.29,-236.27,125.7,0.35,0.52,0.52,1.00,0.00,1.00,3,4327,964.5,1.82,-0.37,-2.28,43.24,4066,667,7714,0.0666,0.101,0.029,-0.071,14.17,7.01,892,1029,8352,0,0,4860,0.0644,-0.113,0.073,-0.027,18.85,11.69,876,1257,5344,0,0,10268,0.0802,0.106,0.013,-0.087,0.93,-6.24,905,2178,1418,0,0,7370,0.0781,-0.108,0.041,-0.059,0.96,-6.20,897,4559,1059,0,0
15.480,704.7,388.61,-7.28,-237.24,126.1,0.23,1.59,0.53,1.00,0.00,1.00,3,4339,966.3,1.82,-0.08,-1.06,60.57,4142,671,9074,0.0874,0.173,0.037,-0.063,19.70,12.53,881,1090,9550,0,0,4355,0.0495,-0.124,0.113,0.013,25.23,18.07,863,1276,4688,0,0,11416,0.0965,0.136,0.021,-0.079,5.17,-1.99,921,2418,8795,0,0,6273,0.0577,-0.170,0.069,-0.031,5.43,-1.73,916,3943,4882,0,0
15.600,708.9,384.47,-7.27,-237.96,126.0,0.27,2.02,0.53,0.94,0.00,1.00,3,4311,893.2,1.72,0.16,-0.45,56.88,4205,670,8647,0.0970,0.080,0.044,-0.056,23.03,15.87,862,1061,9068,0,0,4288,0.0408,-0.073,0.128,0.028,28.73,21.57,846,1262,4581,0,0,11572,0.1063,0.081,0.033,-0.067,8.24,1.07,926,2620,11010,0,0,6085,0.0500,-0.064,0.082,-0.018,8.64,1.48,924,3272,5815,0,0
15.720,713.0,380.30,-7.27,-238.38,125.4,0.25,2.12,0.00,1.00,0.00,1.00,3,4322,962.6,1.81,0.44,-0.29,49.81,4222,664,8814,0.0988,0.015,-0.014,-0.086,6.04,-1.12,877,-688,9375,0,0,4720,0.0396,-0.010,-0.004,-0.096,6.52,-0.65,847,26,5362,0,0,11251,0.1063,0.000,0.045,-0.055,10.18,3.02,925,2906,11145,0,0,5924,0.0462,-0.031,0.091,-0.009,10.62,3.45,925,2986,5919,0,0
15.840,717.2,376.11,-7.27,-238.50,126.1,0.60,2.09,0.00,1.00,0.00,1.00,3,4420,979.0,1.84,0.48,-0.25,39.51,4239,672,8117,0.0974,-0.012,0.017,-0.083,7.66,0.50,899,1081,8058,0,0,4300,0.0382,-0.011,0.038,-0.062,8.13,0.97,886,1225,4495,0,0,11826,0.1087,0.020,0.055,-0.045,10.96,3.80,932,3390,11627,0,0,6827,0.0495,0.027,0.092,-0.008,11.34,4.17,932,3250,6833,0,0
15.960,721.5,371.90,-7.29,-238.31,126.9,0.61,2.11,0.06,1.00,0.00,1.00,3,4445,982.8,1.85,0.56,-0.23,28.87,4266,679,8014,0.0945,-0.024,0.019,-0.081,7.94,0.78,902,1128,8069,0,0,4211,0.0358,-0.019,0.038,-0.062,8.34,1.18,896,1180,4448,0,0,11501,0.1097,0.008,0.056,-0.044,10.40,3.24,935,3553,11249,0,0,6523,0.0510,0.012,0.085,-0.015,10.65,3.49,937,3053,6560,0,0
16.080,725.7,367.69,-7.32,-237.81,127.3,0.51,2.17,0.00,1.00,0.00,1.00,3,4443,982.3,1.84,0.62,-0.15,24.65,4279,684,8438,0.0962,0.014,0.013,-0.087,7.01,-0.15,902,761,8827,0,0,4380,0.0364,0.004,0.031,-0.069,7.36,0.20,898,920,4855,0,0,11820,0.1094,-0.002,0.049,-0.051,9.13,1.97,933,3614,11317,0,0,6601,0.0498,-0.010,0.074,-0.026,9.32,2.16,935,3051,6555,0,0
16.200,730.0,363.50,-7.35,-237.03,128.7,0.55,1.56,-0.33,1.00,0.00,1.00,3,4467,986.2,1.85,0.62,-0.52,-11.34,4326,699,6793,0.0901,-0.051,0.018,-0.082,-5.84,-1.32,907,1235,-5724,0,0,5622,0.0406,0.036,0.012,-0.088,-2.94,-4.22,913,983,-2633,0,0,10117,0.1054,-0.033,0.048,-0.052,6.37,-0.79,932,3908,8875,0,0,7960,0.0560,0.052,0.042,-0.058,6.31,-0.85,935,2921,7237,0,0
16.320,734.3,359.27,-7.39,-236.18,129.8,0.26,-0.33,0.00,1.00,0.00,1.00,3,4480,988.1,1.85,0.37,-2.21,-77.48,4329,711,4560,0.0676,-0.187,0.084,-0.016,-20.26,13.10,895,1244,-4986,0,0,8422,0.0671,0.221,0.028,-0.072,-15.12,7.96,930,996,-9043,0,0,6974,0.0799,-0.213,0.058,-0.042,-2.30,-4.86,929,5118,-2438,0,0,10840,0.0788,0.190,0.009,-0.091,-2.16,-5.00,943,1336,-3657,0,0
16.440,738.6,354.97,-7.41,-235.45,131.6,0.53,-1.00,0.00,1.00,0.00,1.00,3,4571,993.4,1.87,-0.02,-3.27,-41.14,4471,731,4455,0.0513,-0.136,0.020,-0.080,-3.11,-4.06,919,1241,-2516,0,0,7860,0.0817,0.121,0.009,-0.091,-2.81,-4.36,940,1062,-3886,0,0,7315,0.0670,-0.108,0.061,-0.039,-6.34,-0.83,956,3754,-6336,0,0,11325,0.0974,0.155,0.029,-0.071,-6.13,-1.04,959,2847,-9675,0,0
16.560,743.1,350.59,-7.43,-234.89,133.2,0.55,-1.53,0.00,1.00,0.00,1.00,3,4626,994.7,1.89,-0.20,-3.73,-20.62,4593,748,4562,0.0430,-0.068,0.022,-0.078,-4.45,-2.72,938,1172,-3568,0,0,8156,0.0885,0.056,0.012,-0.088,-4.18,-2.99,945,1109,-5849,0,0,6853,0.0596,-0.061,0.054,-0.046,-6.01,-1.15,968,3253,-5961,0,0,11257,0.1040,0.055,0.035,-0.065,-5.91,-1.25,967,3480,-9445,0,0
16.680,747.5,346.13,-7.43,-234.54,134.8,0.52,-1.49,0.00,1.00,0.00,1.00,3,4665,995.6,1.90,-0.33,-3.77,-8.23,4685,767,4884,0.0428,-0.002,0.018,-0.082,-3.76,-3.40,952,1109,-3409,0,0,7695,0.0896,0.009,0.011,-0.089,-3.54,-3.62,953,1128,-4946,0,0,7297,0.0592,-0.003,0.040,-0.060,-4.35,-2.81,973,3195,-5347,0,0,11044,0.1059,0.016,0.031,-0.069,-4.32,-2.84,972,3683,-7751,0,0
16.800,752.1,341.61,-7.42,-234.35,136.5,0.45,-0.56,0.36,1.00,0.00,1.00,3,4708,996.5,1.91,-0.31,-3.09,27.16,4783,787,6808,0.0518,0.075,0.015,-0.085,7.27,0.11,971,879,6552,0,0,6014,0.0803,-0.077,0.032,-0.068,10.36,3.20,959,1183,6449,0,0,9379,0.0687,0.079,0.019,-0.081,-1.55,-5.61,981,2746,-3047,0,0,8745,0.0964,-0.079,0.035,-0.065,-1.59,-5.58,976,4367,-2864,0,0
16.920,756.6,337.04,-7.42,-234.07,138.0,0.39,0.85,0.00,1.00,0.00,1.00,3,4768,997.7,1.92,-0.14,-1.62,42.94,4883,804,7896,0.0771,0.211,0.007,-0.093,0.04,-7.12,986,1020,-311,0,0,5076,0.0602,-0.168,0.014,-0.086,0.26,-6.91,961,1263,-2,0,0,10947,0.0915,0.190,0.018,-0.082,3.34,-3.82,997,2442,6138,0,0,7786,0.0745,-0.182,0.046,-0.054,3.46,-3.70,991,4306,4495,0,0
17.040,761.3,332.42,-7.41,-233.67,139.9,0.52,1.09,0.00,1.00,0.00,1.00,3,4834,999.0,1.94,-0.10,-1.18,16.15,5023,826,7483,0.0817,0.038,0.009,-0.091,2.25,-4.91,991,1078,3172,0,0,4940,0.0524,-0.065,0.015,-0.085,2.48,-4.68,985,1153,2370,0,0,10838,0.0992,0.064,0.026,-0.074,3.57,-3.59,1007,3335,6598,0,0,7715,0.0698,-0.039,0.038,-0.062,3.62,-3.55,1007,3531,4865,0,0
17.160,766.0,327.76,-7.41,-233.09,141.8,0.51,1.18,0.17,1.00,0.00,1.00,3,4890,1000.0,1.95,-0.12,-1.06,9.34,5142,848,7732,0.0836,0.015,0.011,-0.089,4.22,-2.94,1002,1035,5686,0,0,5404,0.0519,-0.004,0.019,-0.081,5.16,-2.01,1001,1065,4654,0,0,10919,0.1002,0.008,0.023,-0.077,2.40,-4.76,1016,3543,4747,0,0,7958,0.0685,-0.011,0.031,-0.069,2.42,-4.75,1017,3449,3596,0,0
17.280,770.7,323.07,-7.41,-232.31,142.9,0.35,1.55,0.46,1.00,0.00,1.00,3,4906,1000.2,1.95,-0.05,-0.78,31.93,5248,861,8116,0.0886,0.042,0.041,-0.059,17.90,10.74,999,1187,8677,0,0,4859,0.0485,-0.028,0.093,-0.007,22.81,15.65,993,1309,5255,0,0,11198,0.1047,0.037,0.021,-0.079,3.13,-4.03,1030,2974,5976,0,0,7140,0.0646,-0.033,0.043,-0.057,3.20,-3.96,1027,3804,3980,0,0
17.400,775.5,318.40,-7.41,-231.30,144.1,0.42,1.51,0.00,1.00,0.00,1.00,3,4986,1001.5,1.97,0.08,-0.67,27.35,5366,876,7948,0.0910,0.020,0.009,-0.091,2.47,-4.69,1024,1092,3581,0,0,1376,0.0468,-0.014,0.042,-0.058,2.94,-4.23,1012,532,745,0,0,10776,0.1048,0.002,0.027,-0.073,4.57,-2.59,1042,3043,7830,0,0,7843,0.0619,-0.022,0.046,-0.054,4.66,-2.50,1040,3745,5828,0,0
17.520,780.3,313.72,-7.42,-230.08,145.9,0.53,1.40,0.00,1.00,0.00,1.00,3,5038,1002.2,1.98,0.03,-0.80,10.11,5461,898,7423,0.0880,-0.025,0.010,-0.090,2.74,-4.42,1031,1108,3837,0,0,5162,0.0493,0.021,0.015,-0.085,2.97,-4.19,1029,1126,2944,0,0,11026,0.1057,0.007,0.027,-0.073,3.60,-3.56,1049,3529,6769,0,0,8001,0.0670,0.042,0.035,-0.065,3.63,-3.53,1049,3403,5095,0,0
17.640,785.2,309.03,-7.42,-228.67,147.7,0.50,1.19,0.23,1.00,0.00,1.00,3,5093,1002.9,2.00,0.00,-0.96,7.38,5569,921,7431,0.0848,-0.027,0.018,-0.082,7.75,0.58,1043,1068,7217,0,0,5442,0.0523,0.025,0.029,-0.071,9.66,2.50,1043,1059,5771,0,0,10603,0.1026,-0.026,0.024,-0.076,2.13,-5.03,1058,3606,4155,0,0,8289,0.0695,0.021,0.029,-0.071,2.14,-5.02,1059,3527,3346,0,0
17.760,790.2,304.34,-7.43,-227.07,149.4,0.45,1.17,0.00,1.00,0.00,1.00,3,5147,1003.5,2.01,0.00,-1.00,13.46,5700,942,7088,0.0855,0.006,0.009,-0.091,1.37,-5.79,1057,1051,1862,0,0,5686,0.0535,0.009,0.012,-0.088,1.60,-5.57,1050,1152,1769,0,0,10586,0.1036,0.008,0.022,-0.078,2.44,-4.72,1071,3269,4657,0,0,8538,0.0716,0.017,0.031,-0.069,2.46,-4.70,1070,3689,3859,0,0
17.880,795.2,299.63,-7.44,-225.33,151.4,0.50,0.80,0.00,1.00,0.00,1.00,3,5211,1004.1,2.03,-0.03,-1.29,3.70,5835,967,6903,0.0805,-0.041,0.009,-0.091,1.25,-5.91,1068,1083,1725,0,0,5974,0.0582,0.040,0.011,-0.089,1.46,-5.70,1067,1091,1760,0,0,10046,0.0987,-0.041,0.023,-0.077,1.63,-5.53,1083,3543,3099,0,0,8998,0.0758,0.035,0.026,-0.074,1.64,-5.53,1083,3571,2814,0,0
18.000,800.3,294.90,-7.45,-223.46,153.3,0.48,0.73,0.23,1.00,0.00,1.00,3,5279,1004.7,2.04,-0.08,-1.42,10.12,5975,993,7123,0.0785,-0.017,0.015,-0.085,6.55,-0.61,1083,1002,6386,0,0,5676,0.0603,0.017,0.024,-0.076,8.47,1.31,1081,1063,5772,0,0,10478,0.0978,-0.007,0.020,-0.080,1.03,-6.13,1096,3411,2007,0,0,8665,0.0796,0.032,0.027,-0.073,1.04,-6.12,1096,3665,1702,0,0
18.120,805.4,290.16,-7.46,-221.46,155.2,0.47,0.78,0.00,1.00,0.00,1.00,3,5343,1005.1,2.06,-0.05,-1.35,11.01,6124,1017,6971,0.0798,0.011,0.009,-0.091,0.93,-6.23,1097,1052,1241,0,0,5958,0.0600,-0.003,0.011,-0.089,1.15,-6.01,1091,1135,1334,0,0,10105,0.0984,0.005,0.021,-0.079,1.79,-5.37,1111,3225,3347,0,0,9046,0.0783,-0.011,0.028,-0.072,1.80,-5.36,1110,3738,3047,0,0
18.240,810.7,285.39,-7.47,-219.35,157.3,0.49,0.63,0.00,1.00,0.00,1.00,3,5410,1005.5,2.07,-0.09,-1.46,2.87,6273,1044,6799,0.0780,-0.016,0.009,-0.091,0.91,-6.25,1109,1079,1238,0,0,5980,0.0615,0.012,0.010,-0.090,1.12,-6.04,1108,1083,1353,0,0,10202,0.0981,-0.002,0.022,-0.078,1.22,-5.94,1123,3550,2364,0,0,9054,0.0817,0.028,0.024,-0.076,1.22,-5.94,1124,3497,2132,0,0
18.360,815.9,280.59,-7.48,-217.14,159.3,0.49,0.42,0.00,1.00,0.00,1.00,3,5476,1005.8,2.09,-0.14,-1.61,0.18,6422,1071,6661,0.0758,-0.018,0.009,-0.091,0.46,-6.70,1122,1080,633,0,0,6262,0.0645,0.025,0.010,-0.090,0.67,-6.49,1123,1070,865,0,0,10117,0.0958,-0.019,0.022,-0.078,0.59,-6.57,1137,3604,1159,0,0,9495,0.0846,0.024,0.022,-0.078,0.59,-6.57,1137,3484,1097,0,0
18.480,821.3,275.75,-7.48,-214.87,161.3,0.48,0.23,0.00,1.00,0.00,1.00,3,5547,1004.1,2.10,-0.18,-1.80,-0.42,6585,1099,6392,0.0727,-0.025,0.009,-0.091,0.11,-7.06,1137,1076,144,0,0,6395,0.0670,0.021,0.009,-0.091,0.31,-6.85,1137,1071,416,0,0,9669,0.0938,-0.016,0.022,-0.078,0.19,-6.97,1152,3552,361,0,0,9559,0.0881,0.029,0.022,-0.078,0.19,-6.97,1152,3499,358,0,0
18.600,826.7,270.86,-7.48,-212.54,163.3,0.48,0.10,0.00,1.00,0.00,1.00,3,5614,1001.4,2.12,-0.24,-1.92,-0.28,6740,1126,6434,0.0714,-0.011,0.009,-0.091,-0.10,-7.06,1151,1068,-131,0,0,6507,0.0698,0.024,0.009,-0.091,0.11,-7.05,1151,1067,148,0,0,9800,0.0925,-0.011,0.022,-0.078,-0.01,-7.15,1165,3524,-22,0,0,9839,0.0909,0.024,0.022,-0.078,-0.01,-7.15,1165,3512,-22,0,0
18.720,832.2,265.91,-7.48,-210.18,165.3,0.47,0.04,0.00,1.00,0.00,1.00,3,5683,998.4,2.14,-0.26,-1.98,-0.04,6906,1154,6331,0.0699,-0.012,0.009,-0.091,-0.19,-6.97,1165,1064,-248,0,0,6811,0.0707,0.007,0.009,-0.091,0.02,-7.15,1165,1081,26,0,0,9573,0.0918,-0.006,0.022,-0.078,-0.09,-7.07,1180,3487,-168,0,0,9686,0.0922,0.011,0.022,-0.078,-0.09,-7.07,1180,3508,-170,0,0
18.840,837.7,260.90,-7.48,-207.79,167.3,0.46,-0.02,-0.19,1.00,0.00,1.00,3,5751,995.4,2.15,-0.31,-2.00,-2.09,7063,1182,6251,0.0701,0.002,0.013,-0.087,-4.63,-2.53,1180,1023,-4267,0,0,6587,0.0716,0.008,0.011,-0.089,-3.45,-3.71,1180,1008,-3472,0,0,9640,0.0923,0.004,0.022,-0.078,-0.12,-7.04,1194,3505,-221,0,0,10006,0.0938,0.013,0.021,-0.079,-0.12,-7.04,1194,3475,-228,0,0
18.960,843.3,255.81,-7.47,-205.46,168.7,0.37,-0.93,0.00,1.00,0.00,1.00,3,5812,992.5,2.17,-0.38,-2.67,-30.48,7217,1202,5532,0.0601,-0.084,0.012,-0.088,-0.68,-6.48,1181,1238,-661,0,0,8018,0.0836,0.100,0.007,-0.093,-0.45,-6.71,1197,1002,-558,0,0,8169,0.0808,-0.096,0.035,-0.065,-2.49,-4.67,1207,3964,-3607,0,0,11039,0.1034,0.080,0.018,-0.082,-2.44,-4.72,1211,2804,-4697,0,0
19.080,849.0,250.61,-7.46,-203.21,170.5,0.47,-0.85,0.00,1.00,0.00,1.00,3,5878,989.5,2.18,-0.50,-2.80,-11.41,7368,1227,5379,0.0581,-0.017,0.013,-0.087,-2.29,-4.88,1201,1105,-2397,0,0,7442,0.0848,0.010,0.009,-0.091,-2.05,-5.11,1205,1078,-2921,0,0,8642,0.0806,-0.002,0.030,-0.070,-2.91,-4.26,1222,3471,-4526,0,0,16455,0.1074,0.033,0.026,-0.074,-2.88,-4.28,1220,4424,-5976,0,0
19.200,854.7,245.32,-7.44,-201.06,172.3,0.46,-0.88,0.00,1.00,0.00,1.00,3,5928,986.7,2.19,-0.54,-2.80,-2.52,7498,1253,5843,0.0578,-0.002,0.011,-0.089,-1.98,-5.19,1215,1066,-2295,0,0,7438,0.0855,0.006,0.009,-0.091,-1.76,-5.40,1214,1087,-2562,0,0,8706,0.0803,-0.003,0.025,-0.075,-2.05,-5.11,1232,3268,-3380,0,0,10773,0.1071,-0.002,0.023,-0.077,-2.05,-5.11,1231,3563,-4067,0,0
19.320,860.5,239.93,-7.42,-198.96,174.0,0.41,-0.16,0.30,1.00,0.00,1.00,3,5986,983.7,2.21,-0.52,-2.28,22.12,7631,1278,7153,0.0646,0.057,0.015,-0.085,7.00,-0.16,1232,914,6796,0,0,5800,0.0776,-0.066,0.028,-0.072,9.60,2.44,1224,1101,6174,0,0,10165,0.0881,0.065,0.017,-0.083,-0.46,-6.71,1244,2882,-1047,0,0,9069,0.1011,-0.050,0.027,-0.073,-0.46,-6.70,1240,4016,-950,0,0
19.440,866.3,234.56,-7.41,-196.73,175.1,0.34,1.23,0.00,1.00,0.00,1.00,3,6045,980.5,2.22,-0.33,-1.01,46.61,7763,1294,8517,0.0864,0.182,0.007,-0.093,0.94,-6.22,1247,1013,1307,0,0,4666,0.0604,-0.143,0.015,-0.085,1.19,-5.97,1222,1194,993,0,0,11863,0.1073,0.160,0.018,-0.082,3.80,-3.36,1262,2584,7315,0,0,8032,0.0808,-0.169,0.044,-0.056,3.91,-3.26,1257,4075,5145,0,0
19.560,872.2,229.21,-7.39,-194.32,176.6,0.49,1.42,0.00,1.00,0.00,1.00,3,6106,977.0,2.24,-0.22,-0.59,21.61,7926,1317,8000,0.0907,0.036,0.010,-0.090,3.43,-3.74,1251,1076,4900,0,0,4907,0.0529,-0.063,0.018,-0.082,3.69,-3.47,1244,1151,3315,0,0,11703,0.1142,0.058,0.028,-0.072,4.84,-2.33,1272,3284,8721,0,0,7852,0.0764,-0.037,0.041,-0.059,4.90,-2.26,1272,3339,6100,0,0
19.680,878.1,223.91,-7.39,-191.69,178.1,0.47,1.57,0.00,1.00,0.00,1.00,3,6143,974.8,2.25,-0.21,-0.44,7.99,8030,1338,7728,0.0927,0.017,0.011,-0.089,3.28,-3.88,1257,1111,4637,0,0,5003,0.0512,-0.014,0.016,-0.084,3.51,-3.65,1257,1073,3287,0,0,11946,0.1176,0.028,0.026,-0.074,3.90,-3.26,1277,3601,7673,0,0,8381,0.0760,-0.003,0.032,-0.068,3.92,-3.25,1278,3207,5638,0,0
19.800,884.1,218.66,-7.39,-188.85,179.7,0.45,1.28,0.08,1.00,0.00,1.00,3,6184,972.4,2.25,-0.17,-0.63,1.97,8145,1363,7413,0.0897,-0.025,0.013,-0.087,5.14,-2.02,1266,1053,5790,0,0,5947,0.0546,0.029,0.017,-0.083,6.19,-0.97,1268,1014,5278,0,0,11119,0.1141,-0.030,0.023,-0.077,2.33,-4.83,1283,3602,4717,0,0,8554,0.0785,0.021,0.025,-0.075,2.34,-4.83,1285,3138,3757,0,0
19.920,890.1,213.47,-7.40,-185.82,181.0,0.37,1.39,0.00,1.00,0.00,1.00,3,6231,969.6,2.27,-0.09,-0.58,19.71,8282,1382,7636,0.0913,0.013,0.008,-0.092,1.39,-5.77,1280,1015,2022,0,0,5443,0.0544,-0.002,0.013,-0.087,1.63,-5.53,1271,1167,1740,0,0,11095,0.1150,0.008,0.020,-0.080,2.66,-4.50,1296,3092,5194,0,0,8167,0.0782,-0.002,0.031,-0.069,2.70,-4.47,1295,3533,3972,0,0
20.040,896.1,208.32,-7.42,-182.63,182.7,0.46,1.00,0.00,1.00,0.00,1.00,3,6283,966.3,2.28,-0.07,-0.83,6.78,8403,1409,7444,0.0882,-0.026,0.009,-0.091,1.83,-5.34,1288,1048,2635,0,0,6036,0.0600,0.047,0.011,-0.089,2.06,-5.11,1286,1070,2437,0,0,10946,0.1112,-0.032,0.022,-0.078,2.35,-4.81,1305,3335,4662,0,0,9305,0.0826,0.037,0.026,-0.074,2.36,-4.80,1305,3423,4052,0,0
20.160,902.3,203.18,-7.44,-179.29,184.4,0.44,0.81,0.00,1.00,0.00,1.00,3,6337,962.8,2.29,-0.04,-1.03,0.39,8547,1436,6987,0.0837,-0.037,0.009,-0.091,1.22,-5.94,1299,1051,1714,0,0,6065,0.0617,0.014,0.010,-0.090,1.44,-5.72,1300,1025,1766,0,0,10529,0.1087,-0.021,0.021,-0.079,1.38,-5.78,1315,3463,2745,0,0,9163,0.0866,0.034,0.022,-0.078,1.38,-5.78,1316,3205,2434,0,0
20.280,908.4,198.06,-7.47,-175.86,184.4,0.01,0.48,0.00,0.00,0.00,1.00,3,6208,-287.5,0.20,0.03,-1.29,-1.39,8615,1436,7069,0.0822,-0.013,-0.003,-0.097,0.54,-6.62,1283,-395,782,0,0,6770,0.0687,0.059,-0.003,-0.097,0.77,-6.40,1284,-395,1059,0,0,9999,0.1043,-0.037,-0.008,-0.092,0.59,-6.57,1277,-1296,1162,0,0,9409,0.0905,0.032,-0.008,-0.092,0.59,-6.57,1277,-1313,1102,0,0
20.400,914.5,193.01,-7.50,-172.42,183.0,-0.34,0.22,0.00,0.00,0.00,1.00,3,6160,-285.9,0.20,0.23,-1.54,-0.99,8626,1413,7475,0.0842,0.016,-0.003,-0.097,0.08,-7.08,1273,-408,135,0,0,7552,0.0785,0.081,-0.003,-0.097,0.33,-6.83,1274,-411,504,0,0,9212,0.0947,-0.080,-0.008,-0.092,0.16,-7.01,1267,-1277,291,0,0,9139,0.0885,-0.016,-0.008,-0.092,0.16,-7.01,1267,-1310,289,0,0
20.520,920.6,188.00,-7.53,-168.98,181.6,-0.34,0.09,0.00,0.00,0.00,1.00,3,6112,-284.3,0.20,0.31,-1.67,-0.51,8554,1391,7093,0.0827,-0.013,-0.003,-0.097,-0.13,-7.03,1263,-399,-185,0,0,7202,0.0812,0.023,-0.003,-0.097,0.11,-7.05,1264,-401,168,0,0,8986,0.0918,-0.024,-0.008,-0.092,-0.04,-7.13,1257,-1269,-60,0,0,9071,0.0904,0.016,-0.008,-0.092,-0.04,-7.13,1257,-1293,-60,0,0
20.640,926.6,183.04,-7.56,-165.57,180.1,-0.33,0.03,0.00,0.00,0.00,1.00,3,6066,-282.8,0.20,0.30,-1.72,-0.14,8420,1370,6695,0.0832,0.004,-0.003,-0.097,-0.22,-6.94,1254,-378,-297,0,0,6226,0.0840,0.023,0.000,-0.100,0.00,-7.16,1253,-211,32,0,0,9516,0.0911,-0.006,-0.008,-0.092,-0.10,-7.06,1248,-1284,-191,0,0,9591,0.0917,0.011,-0.008,-0.092,-0.10,-7.06,1248,-1293,-192,0,0
20.760,932.6,178.09,-7.59,-162.22,178.5,-0.38,-0.68,-0.33,0.00,0.00,1.00,3,5942,-278.7,0.20,0.32,-2.18,-29.39,8296,1344,6037,0.0758,-0.062,0.005,-0.095,-14.66,7.50,1200,120,-6738,0,0,8796,0.0901,0.051,-0.003,-0.097,-11.24,4.07,1229,-145,-9343,0,0,7511,0.0823,-0.073,-0.005,-0.095,-1.40,-5.77,1229,-632,-1926,0,0,10503,0.0961,0.037,-0.011,-0.089,-1.37,-5.79,1243,-1851,-2538,0,0
20.880,938.5,173.10,-7.62,-159.07,175.9,-0.46,-1.66,-0.34,0.00,0.00,1.00,3,5775,-273.2,0.20,0.20,-3.08,-49.99,8162,1306,4843,0.0623,-0.112,-0.003,-0.097,-18.29,11.13,1142,-60,-5454,0,0,9153,0.1036,0.113,-0.005,-0.095,-14.56,7.40,1198,-211,-9784,0,0,6674,0.0689,-0.112,-0.006,-0.094,-5.24,-1.92,1199,-435,-5633,0,0,11811,0.1100,0.115,-0.017,-0.083,-5.08,-2.08,1223,-2033,-9048,0,0
21.000,944.3,168.06,-7.64,-156.18,173.4,-0.31,-1.90,0.00,0.00,0.00,1.00,3,5772,-273.1,0.20,0.06,-3.46,-39.28,8021,1270,5331,0.0570,-0.044,-0.005,-0.095,-5.72,-1.45,1181,-294,-4844,0,0,9127,0.1099,0.052,-0.004,-0.096,-5.33,-1.83,1212,-390,-7559,0,0,6956,0.0613,-0.063,-0.010,-0.090,-8.01,0.85,1175,-537,-7142,0,0,11807,0.1142,0.035,-0.021,-0.079,-7.82,0.65,1192,-1795,-11165,0,0
21.120,950.1,162.96,-7.65,-153.56,171.0,-0.25,-2.09,-0.19,0.00,0.00,1.00,3,5645,-268.9,0.20,-0.04,-3.59,-26.94,7831,1234,4891,0.0521,-0.041,-0.006,-0.094,-10.44,3.27,1154,-189,-5457,0,0,9273,0.1093,-0.004,-0.007,-0.093,-9.34,2.18,1177,-414,-9578,0,0,6118,0.0600,-0.011,-0.014,-0.086,-8.58,1.41,1156,-607,-6471,0,0,11250,0.1168,0.022,-0.021,-0.079,-8.43,1.27,1168,-1604,-10982,0,0
21.240,955.7,157.82,-7.66,-151.25,167.9,-0.39,-2.20,0.00,0.00,0.00,1.00,3,5550,-265.7,0.20,-0.10,-3.68,-22.72,7571,1190,5272,0.0520,-0.001,-0.012,-0.088,-7.07,-0.09,1139,-637,-5325,0,0,9299,0.1127,0.028,-0.006,-0.094,-6.72,-0.44,1164,-483,-8732,0,0,6466,0.0563,-0.031,-0.018,-0.082,-8.41,1.25,1133,-861,-6763,0,0,11710,0.1170,0.001,-0.023,-0.077,-8.29,1.13,1144,-1891,-11288,0,0
21.360,961.2,152.65,-7.66,-149.24,165.3,-0.30,-2.10,-0.25,0.00,0.00,1.00,3,5451,-262.1,0.20,-0.08,-3.63,-16.23,7338,1154,5301,0.0505,-0.013,0.004,-0.096,-15.13,7.96,1111,84,-5976,0,0,9149,0.1103,-0.020,0.000,-0.100,-12.96,5.79,1128,-31,-9758,0,0,6076,0.0551,-0.010,-0.015,-0.085,-7.39,0.23,1123,-737,-6164,0,0,11043,0.1140,-0.025,-0.018,-0.082,-7.31,0.15,1132,-1526,-10392,0,0
21.480,966.7,147.47,-7.65,-147.54,162.2,-0.47,-2.10,-0.39,0.00,0.00,1.00,3,5223,-252.3,0.20,-0.11,-3.60,-16.17,7058,1111,5423,0.0524,0.016,-0.007,-0.093,-23.61,16.45,1024,-105,-5969,0,0,9186,0.1115,0.010,-0.009,-0.091,-19.40,12.24,1063,-272,-9711,0,0,6393,0.0543,-0.007,-0.013,-0.087,-6.35,-0.81,1106,-760,-6082,0,0,11335,0.1133,-0.005,-0.016,-0.084,-6.28,-0.88,1115,-1576,-9991,0,0
21.600,972.0,142.32,-7.64,-146.12,159.5,-0.44,-1.83,0.00,0.00,0.00,1.00,3,5333,-257.0,0.20,-0.04,-3.43,-12.84,6828,1075,5736,0.0535,0.009,-0.005,-0.095,-4.61,-2.56,1099,-338,-4596,0,0,8745,0.1085,-0.025,-0.004,-0.096,-4.32,-2.84,1110,-409,-6432,0,0,6408,0.0533,-0.008,-0.012,-0.088,-5.38,-1.78,1091,-806,-5601,0,0,10428,0.1072,-0.051,-0.014,-0.086,-5.33,-1.83,1099,-1470,-8560,0,0
21.720,977.3,137.17,-7.63,-144.94,157.7,-0.30,-1.53,0.00,0.00,0.00,1.00,3,5291,-255.2,0.20,-0.13,-3.13,-4.71,6600,1050,5014,0.0572,0.030,-0.004,-0.096,-3.56,-3.61,1092,-303,-3362,0,0,7404,0.1028,-0.047,-0.004,-0.096,-3.30,-3.86,1097,-362,-4527,0,0,7315,0.0593,0.050,-0.011,-0.089,-3.79,-3.37,1086,-976,-5009,0,0,10663,0.1055,-0.015,-0.010,-0.090,-3.78,-3.38,1089,-1351,-6946,0,0
21.840,982.5,132.04,-7.62,-143.93,156.2,-0.30,-1.06,0.00,0.00,0.00,1.00,3,5253,-253.5,0.20,-0.04,-2.74,-0.16,6441,1030,6422,0.0602,0.025,-0.004,-0.096,-2.26,-4.90,1086,-360,-2870,0,0,7780,0.0953,-0.062,-0.003,-0.097,-2.03,-5.14,1087,-382,-3086,0,0,7440,0.0626,0.028,-0.009,-0.091,-2.19,-4.97,1079,-1092,-3184,0,0,9407,0.0966,-0.074,-0.009,-0.091,-2.19,-4.97,1080,-1226,-3917,0,0
21.960,987.7,126.93,-7.60,-143.07,154.6,-0.34,-1.02,-0.34,0.00,0.00,1.00,3,5158,-249.6,0.20,-0.07,-2.55,-17.88,6290,1009,5100,0.0634,0.027,0.003,-0.097,-13.14,5.98,1047,62,-5752,0,0,7375,0.0921,-0.026,-0.002,-0.098,-10.24,3.08,1065,-126,-7874,0,0,7378,0.0664,0.032,-0.006,-0.094,-1.82,-5.35,1066,-716,-2549,0,0,10285,0.0956,-0.009,-0.010,-0.090,-1.79,-5.37,1075,-1543,-3370,0,0
22.080,992.8,121.87,-7.59,-142.41,152.2,-0.47,-1.49,-0.43,0.00,0.00,1.00,3,4960,-241.1,0.20,0.01,-2.90,-41.18,6171,977,5548,0.0578,-0.046,-0.004,-0.096,-21.61,14.44,968,-68,-6132,0,0,9120,0.0986,0.054,-0.007,-0.093,-17.02,9.86,1022,-236,-9715,0,0,5949,0.0565,-0.082,-0.005,-0.095,-4.22,-2.94,1040,-388,-4371,0,0,10232,0.0961,0.004,-0.015,-0.085,-4.10,-3.06,1060,-1766,-6907,0,0
22.200,997.8,116.88,-7.58,-141.99,149.2,-0.48,-1.91,-0.44,0.00,0.00,1.00,3,4805,-234.5,0.20,-0.11,-3.27,-45.31,5997,940,4109,0.0535,-0.036,-0.004,-0.096,-24.46,17.30,926,-42,-4594,0,0,8208,0.1052,0.055,-0.005,-0.095,-19.68,12.52,988,-146,-8796,0,0,5991,0.0510,-0.046,-0.007,-0.093,-6.93,-0.24,1013,-351,-5917,0,0,11261,0.1038,0.065,-0.018,-0.082,-6.70,-0.46,1034,-1712,-10132,0,0
22.320,1002.7,111.99,-7.56,-141.84,144.7,-0.77,-1.89,-0.46,0.00,0.50,1.00,3,4096,-204.4,0.20,0.02,-3.36,-38.13,5754,885,6061,0.0512,-0.019,-0.127,0.027,-27.44,20.28,768,-1815,-6323,695,1,9554,0.1078,0.021,-0.122,0.022,-22.46,15.30,831,-3199,-9480,695,1,5179,0.0441,-0.057,-0.113,0.013,-8.79,1.63,874,-3480,-4690,1247,0,9676,0.0992,-0.038,-0.110,0.010,-8.55,1.39,902,-6159,-8174,1247,0
22.440,1007.4,107.30,-7.55,-141.92,138.3,-1.19,-1.91,-0.48,0.00,0.14,1.00,3,4236,-210.0,0.20,0.08,-3.25,-33.83,5366,809,5971,0.0602,0.075,-0.054,-0.046,-30.21,23.05,778,-787,-6382,0,0,8127,0.1134,0.046,-0.027,-0.073,-24.94,17.78,861,-668,-8571,0,0,5465,0.0414,-0.023,-0.021,-0.079,-10.16,3.00,921,-794,-5990,0,0,10253,0.0951,-0.034,-0.031,-0.069,-9.90,2.74,937,-2014,-10398,0,0
22.560,1011.9,102.81,-7.53,-142.23,132.5,-1.04,-1.82,-0.50,0.00,0.46,1.00,3,3585,-182.9,0.20,0.26,-3.26,-24.20,4968,743,5849,0.0559,-0.035,-0.188,0.088,-31.89,24.73,628,-2137,-5952,1022,1,9489,0.1094,-0.033,-0.129,0.029,-26.45,19.29,726,-2823,-9429,1022,1,4631,0.0372,-0.035,-0.127,0.027,-10.23,3.07,790,-3078,-4326,550,1,8903,0.0902,-0.041,-0.120,0.020,-10.03,2.87,805,-5577,-7839,1835,0
22.680,1016.2,98.55,-7.52,-142.73,126.2,-1.18,-1.83,-0.53,0.00,0.00,1.00,3,3813,-192.0,0.20,0.24,-3.18,-20.25,4507,674,5879,0.0608,0.041,-0.064,-0.036,-32.86,25.70,686,-856,-6249,0,0,9496,0.1130,0.031,-0.032,-0.068,-27.18,20.02,765,-840,-9762,0,0,5470,0.0364,-0.007,-0.023,-0.077,-9.80,2.64,843,-891,-5962,0,0,10127,0.0886,-0.013,-0.027,-0.073,-9.63,2.47,854,-1826,-10285,0,0
22.800,1020.4,94.48,-7.51,-143.46,123.1,-0.43,-1.95,-0.54,0.55,0.00,1.00,3,3950,275.0,0.86,0.21,-3.34,-11.53,4236,641,4445,0.0488,-0.100,0.035,-0.065,-31.95,24.79,750,315,-4854,0,0,8380,0.1041,-0.075,0.011,-0.089,-26.26,19.10,782,221,-8795,0,0,5841,0.0392,0.023,0.018,-0.082,-7.66,0.50,863,812,-6024,0,0,9278,0.0947,0.051,0.008,-0.092,-7.59,0.43,864,582,-9139,0,0
22.920,1024.4,90.52,-7.50,-144.43,121.9,-0.06,-1.82,-0.54,1.00,0.00,1.00,3,4102,930.1,1.76,0.05,-3.31,-13.66,4016,627,4834,0.0452,-0.030,0.098,-0.002,-30.07,22.90,804,1035,-5190,0,0,8431,0.1017,-0.020,0.043,-0.057,-24.32,17.16,813,931,-8843,0,0,6031,0.0394,0.002,0.050,-0.050,-5.64,-1.52,885,2798,-5193,0,0,11035,0.0944,-0.002,0.034,-0.066,-5.57,-1.59,883,3503,-9045,0,0
23.040,1028.5,86.65,-7.49,-145.64,121.9,0.16,-1.70,-0.54,1.00,0.00,1.00,3,4144,936.4,1.77,-0.11,-3.18,-17.30,3933,627,3975,0.0398,-0.044,0.118,0.018,-28.48,21.32,830,1087,-4285,0,0,6939,0.0916,-0.084,0.054,-0.046,-22.77,15.60,833,1065,-7430,0,0,6727,0.0474,0.067,0.043,-0.057,-4.34,-2.82,879,3141,-4910,0,0,10856,0.1003,0.049,0.027,-0.073,-4.28,-2.88,879,3161,-7593,0,0
23.160,1032.6,82.84,-7.49,-147.06,122.1,0.19,-1.55,-0.54,1.00,0.00,1.00,3,4156,938.3,1.78,0.04,-3.04,-28.04,3942,630,4764,0.0404,0.004,0.106,0.006,-27.54,20.38,825,1204,-5112,0,0,8217,0.0894,-0.018,0.043,-0.057,-21.83,14.67,835,1039,-8691,0,0,5987,0.0451,-0.019,0.051,-0.049,-4.37,-2.79,885,3289,-4300,0,0,9874,0.0927,-0.064,0.027,-0.073,-4.26,-2.90,885,2959,-6903,0,0
23.280,1036.6,79.09,-7.49,-148.69,123.4,0.41,-1.38,0.00,1.00,0.00,1.00,3,4266,955.2,1.80,-0.18,-2.86,-19.03,3972,642,5160,0.0443,0.033,0.015,-0.085,-2.92,-4.24,866,1135,-2852,0,0,6612,0.0883,-0.009,0.010,-0.090,-2.68,-4.48,876,923,-3320,0,0,7591,0.0523,0.060,0.043,-0.057,-4.48,-2.68,889,3473,-5594,0,0,10684,0.0965,0.032,0.027,-0.073,-4.41,-2.75,891,3074,-7646,0,0
23.400,1040.8,75.36,-7.49,-150.50,125.2,0.50,-1.07,0.00,1.00,0.00,1.00,3,4326,964.4,1.82,-0.02,-2.56,-5.20,4071,661,5103,0.0426,-0.014,0.014,-0.086,-2.49,-4.67,883,1075,-2517,0,0,6739,0.0775,-0.090,0.010,-0.090,-2.30,-4.86,884,1070,-3028,0,0,6726,0.0564,0.034,0.035,-0.065,-2.86,-4.30,902,3166,-3599,0,0,9060,0.0913,-0.043,0.030,-0.070,-2.85,-4.31,901,3508,-4718,0,0
23.520,1045.0,71.62,-7.50,-152.45,127.2,0.50,-0.73,0.00,1.00,0.00,1.00,3,4380,972.7,1.83,-0.08,-2.21,-0.78,4146,683,5867,0.0504,0.065,0.011,-0.089,-1.53,-5.63,897,1032,-1837,0,0,6730,0.0762,-0.011,0.009,-0.091,-1.34,-5.82,897,1043,-1835,0,0,8140,0.0626,0.052,0.026,-0.074,-1.53,-5.63,911,3276,-2451,0,0,9949,0.0884,-0.025,0.024,-0.076,-1.53,-5.63,910,3623,-2922,0,0
23.640,1049.3,67.87,-7.50,-154.50,129.3,0.50,-0.37,0.00,1.00,0.00,1.00,3,4448,983.0,1.85,0.04,-1.82,1.12,4305,705,5755,0.0525,0.018,0.010,-0.090,-0.83,-6.34,912,1035,-991,0,0,5934,0.0673,-0.074,0.010,-0.090,-0.65,-6.51,911,1052,-804,0,0,7496,0.0717,0.076,0.023,-0.077,-0.65,-6.51,924,3255,-1027,0,0,8649,0.0865,-0.015,0.024,-0.076,-0.65,-6.51,924,3434,-1131,0,0
23.760,1053.6,64.06,-7.52,-156.61,131.4,0.51,-0.17,-0.10,1.00,0.00,1.00,3,4524,992.2,1.86,0.10,-1.55,-1.27,4414,729,6244,0.0596,0.059,0.014,-0.086,-5.01,-2.15,927,1031,-4346,0,0,6492,0.0667,-0.005,0.011,-0.089,-3.81,-3.35,927,1013,-3580,0,0,8635,0.0728,0.009,0.025,-0.075,-0.29,-6.87,940,3510,-490,0,0,8958,0.0791,-0.062,0.024,-0.076,-0.29,-6.87,940,3535,-506,0,0
23.880,1058.0,60.25,-7.53,-158.83,132.8,0.37,-0.98,-0.48,1.00,0.00,1.00,3,4570,993.4,1.87,0.07,-2.07,-34.70,4530,745,4376,0.0509,-0.073,0.097,-0.003,-22.24,15.08,928,1262,-4760,0,0,7391,0.0743,0.063,0.042,-0.058,-17.21,10.05,935,1166,-7993,0,0,7287,0.0685,-0.037,0.041,-0.059,-2.20,-4.96,952,4135,-2818,0,0,10727,0.0909,0.099,0.017,-0.083,-2.14,-5.02,956,2706,-3979,0,0
24.000,1062.5,56.52,-7.55,-161.23,133.4,0.26,-1.53,-0.50,1.00,0.00,1.00,3,4589,993.8,1.88,0.13,-2.74,-49.13,4636,751,4610,0.0444,-0.054,0.108,0.008,-25.04,17.88,915,1304,-4957,0,0,8708,0.0879,0.113,0.040,-0.060,-19.74,12.58,928,1124,-9201,0,0,6030,0.0540,-0.121,0.065,-0.035,-5.32,-1.84,971,3645,-4725,0,0,10909,0.0966,0.047,0.027,-0.073,-5.12,-2.05,973,2859,-8420,0,0
24.120,1066.9,52.92,-7.57,-163.84,133.5,0.28,-1.88,-0.50,0.94,0.00,1.00,3,4594,993.9,1.88,-0.03,-3.13,-47.78,4691,752,3805,0.0396,-0.040,0.129,0.029,-27.64,20.48,912,1168,-4090,0,0,7875,0.0950,0.060,0.050,-0.050,-22.25,15.09,920,1126,-8347,0,0,6374,0.0508,-0.027,0.077,-0.023,-7.84,0.68,979,3461,-5930,0,0,11565,0.1060,0.078,0.037,-0.063,-7.55,0.39,980,3142,-10653,0,0
24.240,1071.4,49.49,-7.58,-166.66,133.2,0.25,-1.94,0.00,1.00,0.00,1.00,3,4550,938.0,1.80,0.00,-3.22,-41.83,4728,749,4742,0.0382,-0.012,0.124,0.024,-29.62,22.46,890,1310,-5043,0,0,8641,0.0968,0.015,0.049,-0.051,-24.18,17.01,901,1116,-9027,0,0,5866,0.0471,-0.031,0.084,-0.016,-9.32,2.16,982,3028,-5758,0,0,10844,0.1047,-0.011,0.047,-0.053,-9.02,1.86,981,3196,-10524,0,0
24.360,1075.8,46.21,-7.59,-169.68,134.2,0.47,-1.34,0.38,1.00,0.00,1.00,3,4672,995.7,1.90,-0.18,-2.77,3.86,4736,760,5861,0.0443,0.051,0.013,-0.087,3.41,-3.75,950,1057,3302,0,0,6764,0.0907,-0.050,0.021,-0.079,6.83,-0.33,949,1224,6322,0,0,8299,0.0564,0.077,0.054,-0.046,-8.18,1.02,979,3150,-8078,0,0,10131,0.1029,-0.015,0.055,-0.045,-8.20,1.03,978,3692,-9622,0,0
24.480,1080.3,42.96,-7.59,-172.79,135.7,0.36,-0.47,0.00,1.00,0.00,1.00,3,4678,995.9,1.90,0.00,-1.83,50.74,4738,777,5760,0.0557,0.095,0.013,-0.087,-3.71,-3.45,978,915,-4205,0,0,6638,0.0735,-0.143,0.014,-0.086,-3.66,-3.50,941,1116,-4771,0,0,8186,0.0712,0.123,0.012,-0.088,0.18,-6.99,978,1711,-127,0,0,9029,0.0885,-0.120,0.039,-0.061,0.18,-6.98,964,5423,-149,0,0
24.600,1084.9,39.69,-7.60,-175.97,137.8,0.50,0.21,0.00,1.00,0.00,1.00,3,4748,997.3,1.92,0.00,-1.21,18.83,4840,801,7113,0.0650,0.077,0.008,-0.092,0.73,-6.43,977,1027,916,0,0,5349,0.0656,-0.066,0.012,-0.088,0.94,-6.22,967,1151,929,0,0,10174,0.0811,0.083,0.021,-0.079,2.25,-4.91,989,3020,4141,0,0,8433,0.0817,-0.056,0.033,-0.067,2.28,-4.88,986,3916,3513,0,0
24.720,1089.5,36.31,-7.62,-179.14,139.8,0.51,0.61,-0.17,1.00,0.00,1.00,3,4816,998.6,1.93,0.07,-0.66,-0.11,5002,825,6627,0.0714,0.053,0.011,-0.089,-1.81,-5.36,986,1113,-2379,0,0,5437,0.0554,-0.085,0.011,-0.089,-0.90,-6.26,987,1040,-1021,0,0,9333,0.0910,0.082,0.025,-0.075,1.67,-5.50,1001,3519,2987,0,0,8414,0.0746,-0.059,0.026,-0.074,1.67,-5.50,1001,3367,2724,0,0
24.840,1094.2,32.90,-7.63,-182.36,141.3,0.36,-0.73,-0.47,1.00,0.00,1.00,3,4866,999.6,1.94,0.03,-1.56,-46.19,5100,842,4781,0.0608,-0.088,0.078,-0.022,-19.39,12.23,986,1276,-5238,0,0,8176,0.0720,0.138,0.031,-0.069,-14.79,7.63,1000,1099,-8800,0,0,7375,0.0759,-0.126,0.043,-0.057,-1.95,-5.21,1011,4456,-2441,0,0,10989,0.0871,0.104,0.014,-0.086,-1.88,-5.28,1018,2360,-3477,0,0
24.960,1098.9,29.61,-7.64,-185.75,141.8,0.29,-1.62,0.00,1.00,0.00,1.00,3,4905,1000.2,1.95,-0.04,-2.65,-55.76,5223,849,3948,0.0451,-0.131,0.116,0.016,-24.13,16.97,985,1249,-4262,0,0,8514,0.0888,0.140,0.042,-0.058,-19.12,11.96,993,1186,-9027,0,0,6333,0.0603,-0.130,0.069,-0.031,-6.15,-1.01,1034,3698,-5328,0,0,11789,0.1039,0.140,0.028,-0.072,-5.90,-1.26,1036,2891,-9756,0,0
25.080,1103.7,26.48,-7.65,-189.31,143.1,0.55,-1.69,0.00,1.00,0.00,1.00,3,4989,1001.5,1.97,-0.19,-2.90,-38.09,5343,864,4538,0.0415,-0.029,0.027,-0.073,-5.50,-1.66,1004,1254,-4014,0,0,8059,0.0933,0.037,0.013,-0.087,-5.15,-2.02,1019,1088,-6603,0,0,7069,0.0566,-0.031,0.071,-0.029,-8.24,1.07,1047,3424,-6745,0,0,11628,0.1083,0.037,0.040,-0.060,-8.00,0.84,1047,3274,-10885,0,0
25.200,1108.5,23.52,-7.65,-193.08,144.2,0.56,-1.87,0.00,1.00,0.00,1.00,3,5030,1002.1,1.98,-0.29,-2.97,-23.08,5415,878,4136,0.0386,-0.024,0.030,-0.070,-6.31,-0.85,1021,1167,-3970,0,0,7757,0.0924,-0.007,0.016,-0.084,-6.00,-1.16,1024,1165,-7013,0,0,6951,0.0576,0.009,0.064,-0.036,-7.93,0.77,1054,3181,-6664,0,0,11668,0.1116,0.028,0.044,-0.056,-7.79,0.63,1053,3627,-10789,0,0
25.320,1113.3,20.75,-7.65,-197.04,145.4,0.54,-1.83,0.00,1.00,0.00,1.00,3,5055,1002.4,1.99,-0.32,-2.94,-12.61,5481,893,4629,0.0392,0.005,0.024,-0.076,-5.53,-1.63,1030,1140,-4171,0,0,7989,0.0931,0.006,0.014,-0.086,-5.28,-1.88,1030,1181,-6750,0,0,7118,0.0570,-0.005,0.051,-0.049,-6.39,-0.77,1057,3125,-6403,0,0,11558,0.1110,-0.005,0.039,-0.061,-6.33,-0.83,1055,3775,-9940,0,0
25.440,1118.2,18.17,-7.65,-201.17,146.8,0.49,-1.70,-0.25,1.00,0.00,1.00,3,5086,1002.8,2.00,-0.34,-2.82,-8.36,5547,910,4451,0.0406,0.012,0.046,-0.054,-12.89,5.73,1042,1072,-4945,0,0,7563,0.0910,-0.018,0.027,-0.073,-10.72,3.56,1037,1232,-7993,0,0,7209,0.0599,0.024,0.040,-0.060,-4.32,-2.84,1060,3166,-5251,0,0,11356,0.1105,-0.004,0.031,-0.069,-4.29,-2.87,1058,3820,-7878,0,0
25.560,1123.1,15.76,-7.64,-205.46,148.3,0.45,-1.43,0.00,1.00,0.00,1.00,3,5121,1003.2,2.00,-0.32,-2.60,-9.34,5645,928,5413,0.0446,0.033,0.014,-0.086,-2.80,-4.36,1045,1144,-2920,0,0,7359,0.0897,-0.011,0.010,-0.090,-2.58,-4.58,1048,1105,-3599,0,0,7777,0.0613,0.012,0.035,-0.065,-3.40,-3.76,1067,3394,-4707,0,0,10772,0.1064,-0.034,0.027,-0.073,-3.38,-3.78,1066,3578,-6287,0,0
25.680,1128.1,13.47,-7.63,-209.88,150.2,0.49,-0.95,0.00,1.00,0.00,1.00,3,5175,1003.8,2.02,-0.36,-2.14,-1.31,5752,952,5409,0.0512,0.054,0.012,-0.088,-2.01,-5.15,1060,1044,-2184,0,0,6546,0.0822,-0.062,0.010,-0.090,-1.81,-5.36,1060,1105,-2355,0,0,8488,0.0702,0.074,0.027,-0.073,-2.03,-5.13,1076,3347,-3293,0,0,10272,0.1016,-0.040,0.025,-0.075,-2.03,-5.13,1075,3669,-3892,0,0
25.800,1133.1,11.21,-7.62,-214.39,152.0,0.42,0.02,0.00,1.00,0.00,1.00,3,5234,1004.3,2.03,-0.30,-1.34,28.69,5873,975,7634,0.0629,0.098,0.019,-0.081,9.40,2.24,1078,964,7962,0,0,5343,0.0719,-0.086,0.042,-0.058,12.68,5.52,1069,1151,5900,0,0,10168,0.0809,0.089,0.016,-0.084,-0.04,-7.12,1089,2762,-314,0,0,8318,0.0893,-0.102,0.032,-0.068,-0.04,-7.12,1084,4252,-234,0,0
25.920,1138.2,8.87,-7.62,-218.93,154.0,0.48,0.45,0.00,1.00,0.00,1.00,3,5303,1004.9,2.05,-0.27,-0.68,16.18,6018,1000,6782,0.0733,0.087,0.009,-0.091,0.82,-6.34,1090,1040,1026,0,0,5276,0.0615,-0.087,0.012,-0.088,1.04,-6.13,1082,1152,1041,0,0,10355,0.0931,0.102,0.021,-0.079,2.02,-5.14,1103,3149,3809,0,0,8612,0.0814,-0.067,0.030,-0.070,2.05,-5.11,1101,3818,3244,0,0
26.040,1143.4,6.42,-7.61,-223.48,155.9,0.49,0.69,0.00,1.00,0.00,1.00,3,5369,1005.3,2.06,-0.23,-0.45,5.21,6170,1026,7128,0.0767,0.028,0.009,-0.091,1.20,-5.96,1100,1088,1691,0,0,5730,0.0589,-0.022,0.011,-0.089,1.41,-5.75,1099,1100,1620,0,0,10189,0.0960,0.024,0.023,-0.077,1.67,-5.49,1116,3539,3186,0,0,8686,0.0776,-0.031,0.027,-0.073,1.68,-5.49,1116,3551,2771,0,0
26.160,1148.6,3.87,-7.61,-228.05,157.9,0.49,0.51,-0.07,1.00,0.00,1.00,3,5433,1005.6,2.08,-0.25,-0.53,-0.95,6318,1053,6363,0.0756,-0.009,0.011,-0.089,-2.37,-4.80,1113,1083,-2125,0,0,5849,0.0596,0.006,0.010,-0.090,-1.47,-5.69,1114,1053,-1111,0,0,9948,0.0968,0.007,0.023,-0.077,0.94,-6.23,1128,3646,1801,0,0,9118,0.0808,0.027,0.023,-0.077,0.94,-6.23,1129,3426,1669,0,0
26.280,1153.9,1.30,-7.60,-232.69,159.7,0.42,-0.52,0.00,1.00,0.00,1.00,3,5499,1005.8,2.09,-0.26,-1.34,-28.82,6462,1076,5465,0.0639,-0.097,0.012,-0.088,0.15,-7.01,1118,1209,288,0,0,7544,0.0741,0.121,0.007,-0.093,0.35,-6.81,1134,992,701,0,0,8231,0.0829,-0.116,0.033,-0.067,-1.65,-5.51,1141,4098,-2408,0,0,10795,0.0928,0.100,0.017,-0.083,-1.62,-5.55,1145,2781,-3032,0,0
26.400,1159.3,-1.22,-7.60,-237.42,161.6,0.49,-0.59,0.00,1.00,0.00,1.00,3,5567,1003.3,2.11,-0.32,-1.64,-10.40,6622,1103,5350,0.0592,-0.040,0.013,-0.087,-1.65,-5.51,1138,1121,-1740,0,0,7020,0.0775,0.028,0.009,-0.091,-1.43,-5.73,1142,1075,-1944,0,0,8600,0.0810,-0.016,0.029,-0.071,-2.24,-4.93,1157,3574,-3566,0,0,10655,0.0994,0.055,0.022,-0.078,-2.22,-4.94,1157,3382,-4297,0,0
26.520,1164.7,-3.70,-7.60,-242.25,163.6,0.48,-0.68,0.00,1.00,0.00,1.00,3,5628,1000.8,2.12,-0.33,-1.71,-2.66,6767,1129,5872,0.0589,-0.003,0.011,-0.089,-1.51,-5.65,1153,1079,-1784,0,0,7104,0.0800,0.021,0.009,-0.091,-1.30,-5.86,1153,1088,-1834,0,0,8952,0.0794,-0.013,0.025,-0.075,-1.60,-5.56,1169,3454,-2736,0,0,10613,0.1005,0.009,0.022,-0.078,-1.60,-5.56,1169,3621,-3169,0,0
26.640,1170.2,-6.12,-7.59,-247.17,165.5,0.47,-0.46,0.00,1.00,0.00,1.00,3,5692,998.1,2.14,-0.33,-1.53,0.55,6929,1157,6006,0.0609,0.017,0.010,-0.090,-0.99,-6.17,1167,1058,-1214,0,0,6559,0.0767,-0.027,0.009,-0.091,-0.78,-6.38,1166,1083,-1046,0,0,9229,0.0837,0.036,0.023,-0.077,-0.87,-6.30,1182,3383,-1559,0,0,10108,0.0996,-0.007,0.022,-0.078,-0.87,-6.30,1181,3611,-1687,0,0
26.760,1175.8,-8.55,-7.58,-252.17,167.5,0.46,-0.09,0.21,1.00,0.00,1.00,3,5758,995.1,2.15,-0.33,-1.20,8.44,7073,1184,6903,0.0665,0.047,0.012,-0.088,4.75,-2.41,1182,964,5044,0,0,6152,0.0740,-0.022,0.018,-0.082,6.49,-0.67,1180,1049,5556,0,0,10115,0.0878,0.034,0.020,-0.080,-0.29,-6.88,1195,3297,-614,0,0,9512,0.0954,-0.036,0.024,-0.076,-0.29,-6.87,1194,3690,-582,0,0
26.880,1181.4,-11.06,-7.58,-257.19,169.2,0.42,0.66,0.00,1.00,0.00,1.00,3,5823,992.0,2.17,-0.26,-0.53,19.29,7237,1208,7098,0.0766,0.084,0.008,-0.092,0.61,-6.56,1198,1013,748,0,0,5630,0.0630,-0.092,0.012,-0.088,0.82,-6.34,1187,1161,853,0,0,10307,0.0989,0.092,0.019,-0.081,1.90,-5.26,1211,3001,3547,0,0,8567,0.0853,-0.084,0.030,-0.070,1.93,-5.24,1209,3801,3021,0,0
27.000,1187.1,-13.67,-7.58,-262.23,171.0,0.47,0.72,0.00,1.00,0.00,1.00,3,5883,989.0,2.18,-0.28,-0.33,6.58,7380,1235,7280,0.0805,0.033,0.009,-0.091,1.33,-5.83,1207,1064,1890,0,0,5765,0.0618,-0.010,0.011,-0.089,1.55,-5.61,1205,1084,1775,0,0,10852,0.1028,0.032,0.021,-0.079,1.85,-5.31,1222,3425,3704,0,0,8960,0.0841,-0.010,0.025,-0.075,1.86,-5.30,1222,3443,3140,0,0
27.120,1192.8,-16.40,-7.58,-267.28,172.9,0.46,0.62,0.00,1.00,0.00,1.00,3,5945,985.9,2.20,-0.25,-0.35,1.00,7540,1262,7137,0.0793,-0.010,0.009,-0.091,0.96,-6.20,1218,1084,1375,0,0,6246,0.0619,0.001,0.010,-0.090,1.17,-5.99,1219,1060,1481,0,0,10237,0.1024,-0.003,0.022,-0.078,1.15,-6.02,1234,3538,2231,0,0,8937,0.0844,0.002,0.023,-0.077,1.15,-6.02,1235,3317,1983,0,0
27.240,1198.6,-19.22,-7.58,-272.34,174.8,0.45,0.38,0.00,1.00,0.00,1.00,3,6007,982.6,2.21,-0.29,-0.54,-0.73,7685,1290,6435,0.0771,-0.018,0.009,-0.091,0.46,-6.70,1232,1054,606,0,0,6153,0.0655,0.029,0.010,-0.090,0.67,-6.49,1232,1040,849,0,0,10192,0.1010,-0.012,0.021,-0.079,0.53,-6.63,1246,3507,1053,0,0,9672,0.0893,0.042,0.021,-0.079,0.53,-6.63,1247,3351,1007,0,0
27.360,1204.5,-22.11,-7.58,-277.45,176.7,0.45,0.18,0.00,1.00,0.00,1.00,3,6071,979.0,2.23,-0.28,-0.74,-0.81,7848,1318,6645,0.0746,-0.021,0.009,-0.091,0.10,-7.06,1245,1053,141,0,0,6682,0.0696,0.035,0.009,-0.091,0.32,-6.85,1245,1045,434,0,0,9795,0.0974,-0.030,0.021,-0.079,0.16,-7.00,1260,3447,320,0,0,9675,0.0918,0.020,0.021,-0.079,0.16,-7.00,1260,3368,317,0,0
27.480,1210.4,-25.04,-7.58,-282.60,178.6,0.44,0.07,0.00,1.00,0.00,1.00,3,6134,975.4,2.24,-0.29,-0.86,-0.51,8019,1347,6372,0.0725,-0.017,0.009,-0.091,-0.08,-7.08,1258,1041,-104,0,0,6464,0.0709,0.011,0.009,-0.091,0.13,-7.03,1258,1039,177,0,0,9930,0.0975,0.001,0.021,-0.079,0.00,-7.16,1273,3414,-2,0,0,9987,0.0959,0.035,0.020,-0.080,0.00,-7.16,1273,3392,-2,0,0
27.600,1216.4,-28.00,-7.58,-287.81,180.5,0.44,0.02,0.00,1.00,0.00,1.00,3,6196,971.7,2.26,-0.31,-0.90,-0.17,8169,1375,6615,0.0730,0.004,0.009,-0.091,-0.16,-7.00,1271,1034,-211,0,0,6661,0.0733,0.020,0.009,-0.091,0.06,-7.10,1271,1033,84,0,0,10098,0.0968,-0.006,0.020,-0.080,-0.06,-7.10,1286,3387,-114,0,0,10161,0.0971,0.009,0.020,-0.080,-0.06,-7.10,1286,3387,-115,0,0
27.720,1222.4,-31.00,-7.58,-293.07,182.3,0.43,0.00,0.00,1.00,0.00,1.00,3,6261,967.7,2.27,-0.30,-0.90,0.03,8340,1403,4296,0.0717,-0.011,0.013,-0.087,-0.05,-7.11,1285,839,-128,0,0,6843,0.0733,0.000,0.008,-0.092,0.04,-7.12,1284,1039,60,0,0,9806,0.0970,0.002,0.021,-0.079,-0.07,-7.10,1299,3360,-123,0,0,9804,0.0976,0.005,0.021,-0.079,-0.07,-7.10,1299,3360,-123,0,0
27.840,1228.5,-34.02,-7.58,-298.38,184.1,0.43,0.00,0.00,1.00,0.00,1.00,3,6322,963.8,2.29,-0.34,-0.89,0.12,8492,1431,6373,0.0732,0.012,0.009,-0.091,-0.17,-6.99,1297,1023,-222,0,0,6401,0.0739,0.005,0.009,-0.091,0.05,-7.11,1297,1026,65,0,0,10114,0.0986,0.013,0.020,-0.080,-0.05,-7.11,1311,3350,-107,0,0,10156,0.0993,0.014,0.020,-0.080,-0.05,-7.11,1311,3366,-107,0,0
27.960,1234.7,-37.08,-7.58,-303.74,185.9,0.43,0.01,0.00,1.00,0.00,1.00,3,6382,959.8,2.30,-0.33,-0.87,0.14,8654,1460,6746,0.0738,0.005,0.008,-0.092,-0.16,-7.00,1309,1027,-224,0,0,6768,0.0748,0.008,0.008,-0.092,0.06,-7.10,1309,1026,81,0,0,9937,0.0982,-0.004,0.020,-0.080,-0.05,-7.12,1324,3330,-86,0,0,10315,0.0987,-0.005,0.019,-0.081,-0.05,-7.12,1324,3441,-41,0,0
28.080,1240.9,-40.17,-7.58,-309.15,187.7,0.42,0.01,0.00,1.00,0.00,1.00,3,6444,955.7,2.32,-0.34,-0.85,0.15,8825,1488,6510,0.0735,-0.002,0.009,-0.091,-0.16,-7.00,1322,1014,-209,0,0,6528,0.0740,-0.007,0.009,-0.091,0.06,-7.10,1322,1017,84,0,0,9833,0.0999,0.014,0.020,-0.080,-0.04,-7.12,1337,3244,-74,0,0,9862,0.1004,0.014,0.020,-0.080,-0.04,-7.12,1337,3262,-75,0,0
28.200,1247.2,-43.28,-7.58,-314.62,189.5,0.42,0.01,0.00,1.00,0.00,1.00,3,6502,951.7,2.33,-0.37,-0.83,0.14,8973,1516,6723,0.0751,0.013,0.008,-0.092,-0.16,-7.01,1334,1010,-212,0,0,6710,0.0756,0.013,0.008,-0.092,0.07,-7.09,1334,1011,96,0,0,10309,0.1006,0.006,0.019,-0.081,-0.04,-7.13,1349,3300,-70,0,0,10313,0.1011,0.006,0.019,-0.081,-0.04,-7.13,1349,3310,-70,0,0
28.320,1253.6,-46.43,-7.58,-320.12,190.0,0.12,0.01,0.00,0.00,0.00,1.00,3,6395,-293.6,0.20,-0.30,-0.82,0.12,9086,1524,7288,0.0762,0.010,-0.003,-0.097,-0.15,-7.01,1322,-411,-227,0,0,7305,0.0771,0.013,-0.003,-0.097,0.08,-7.09,1322,-411,110,0,0,9620,0.0993,-0.011,-0.008,-0.092,-0.03,-7.13,1316,-1331,-62,0,0,9590,0.0994,-0.015,-0.008,-0.092,-0.03,-7.13,1315,-1324,-62,0,0
28.440,1259.9,-49.55,-7.57,-325.59,188.4,-0.37,0.01,0.00,0.00,0.00,1.00,3,6343,-291.9,0.20,-0.13,-0.80,0.09,9110,1498,7236,0.0814,0.043,-0.003,-0.097,-0.16,-7.00,1311,-407,-234,0,0,7241,0.0818,0.039,-0.003,-0.097,0.08,-7.08,1311,-407,122,0,0,9493,0.0961,-0.027,-0.008,-0.092,-0.03,-7.13,1305,-1319,-61,0,0,9510,0.0965,-0.025,-0.008,-0.092,-0.03,-7.13,1305,-1316,-61,0,0
28.560,1266.1,-52.66,-7.57,-331.02,186.9,-0.36,0.13,0.16,0.00,0.00,1.00,3,6288,-290.1,0.20,-0.06,-0.72,6.38,9026,1474,7805,0.0853,0.032,-0.004,-0.096,2.12,-5.05,1301,-458,3189,0,0,7103,0.0845,0.023,-0.003,-0.097,3.05,-4.11,1296,-346,4068,0,0,10076,0.0943,-0.015,-0.009,-0.091,0.07,-7.09,1296,-1483,105,0,0,9360,0.0935,-0.025,-0.007,-0.093,0.07,-7.09,1293,-1173,99,0,0
28.680,1272.3,-55.82,-7.57,-336.33,184.9,-0.43,1.09,0.00,0.00,0.00,1.00,3,6217,-287.8,0.20,0.04,0.01,34.52,8902,1442,8569,0.0964,0.093,-0.003,-0.097,0.68,-6.49,1299,-415,951,0,0,6344,0.0732,-0.094,-0.003,-0.097,0.95,-6.22,1273,-374,1074,0,0,10791,0.1046,0.086,-0.012,-0.088,2.74,-4.42,1286,-1872,5146,0,0,7680,0.0812,-0.102,-0.006,-0.094,2.80,-4.36,1269,-656,3906,0,0
28.800,1278.4,-59.09,-7.56,-341.52,183.2,-0.32,1.15,0.00,0.00,0.00,1.00,3,6149,-285.5,0.20,0.03,0.29,15.76,8750,1416,8304,0.1001,0.031,-0.003,-0.097,2.50,-4.66,1279,-414,3861,0,0,5810,0.0698,-0.029,-0.004,-0.096,2.78,-4.38,1265,-388,3079,0,0,11189,0.1089,0.036,-0.012,-0.088,3.55,-3.61,1268,-1642,6797,0,0,8078,0.0785,-0.023,-0.009,-0.091,3.58,-3.58,1260,-916,5176,0,0
28.920,1284.5,-62.46,-7.56,-346.57,181.4,-0.33,1.24,0.00,0.00,0.00,1.00,3,6096,-283.8,0.20,0.05,0.40,5.78,8589,1389,8511,0.1011,0.008,-0.003,-0.097,2.30,-4.86,1264,-426,3716,0,0,6375,0.0682,-0.013,-0.004,-0.096,2.57,-4.59,1258,-387,3163,0,0,10722,0.1088,-0.001,-0.010,-0.090,2.80,-4.36,1255,-1475,5408,0,0,7868,0.0752,-0.028,-0.010,-0.090,2.81,-4.35,1251,-1079,4146,0,0
29.040,1290.5,-65.92,-7.56,-351.48,179.0,-0.53,0.94,0.00,0.00,1.00,1.00,3,5492,-262.7,0.20,0.08,0.21,-0.24,8383,1353,8027,0.0977,-0.028,-0.121,0.021,1.56,-5.60,1104,-8255,1711,1755,1,6896,0.0701,0.016,-0.123,0.023,1.81,-5.35,1099,-7168,1717,1755,1,9688,0.1061,-0.023,-0.057,-0.043,1.70,-5.46,1158,-6977,2929,3150,0,8138,0.0785,0.028,-0.058,-0.042,1.70,-5.46,1155,-6098,2503,3150,0
29.160,1296.3,-69.33,-7.56,-356.18,172.1,-1.63,0.49,0.07,0.00,0.00,1.00,3,5791,-273.7,0.20,0.44,-0.17,-0.27,8017,1251,8292,0.1025,0.040,-0.003,-0.097,0.80,-6.36,1198,-419,1327,0,0,7860,0.0875,0.144,-0.003,-0.097,1.08,-6.08,1198,-409,1703,0,0,9019,0.0880,-0.150,-0.008,-0.092,0.94,-6.22,1191,-1274,1669,0,0,8281,0.0730,-0.046,-0.009,-0.091,0.94,-6.22,1191,-1233,1548,0,0
29.280,1302.0,-72.77,-7.56,-360.73,170.3,-0.38,1.09,0.00,0.00,0.00,1.00,3,5652,-269.2,0.20,0.28,0.12,30.23,7725,1224,8504,0.0995,-0.025,-0.001,-0.099,13.20,6.03,1166,-59,9163,0,0,5697,0.0763,-0.093,0.009,-0.091,17.06,9.90,1135,191,6369,0,0,10686,0.0966,0.071,-0.011,-0.089,1.95,-5.21,1187,-1795,3689,0,0,7420,0.0734,0.003,-0.005,-0.095,1.99,-5.18,1172,-578,2733,0,0
29.400,1307.7,-76.31,-7.56,-365.13,169.3,-0.17,1.08,0.00,1.00,0.00,1.00,3,5824,992.2,2.17,0.11,0.36,17.99,7528,1210,7677,0.0988,-0.006,0.007,-0.093,2.11,-5.06,1197,845,3037,0,0,12859,0.0692,-0.058,0.012,-0.088,2.38,-4.78,1184,2828,4929,0,0,10995,0.1032,0.055,0.020,-0.080,3.36,-3.81,1212,2609,6353,0,0,8358,0.0736,0.002,0.030,-0.070,3.40,-3.77,1211,3101,5001,0,0
29.520,1313.4,-79.98,-7.56,-369.46,171.0,0.48,1.11,0.00,1.00,0.00,1.00,3,5891,988.6,2.19,-0.10,0.39,5.34,7501,1235,7593,0.0908,-0.067,0.009,-0.091,2.11,-5.06,1207,1096,3085,0,0,5700,0.0610,-0.069,0.012,-0.088,2.34,-4.82,1206,1084,2619,0,0,11062,0.1078,0.038,0.024,-0.076,2.58,-4.58,1224,3550,5115,0,0,8506,0.0772,0.030,0.028,-0.072,2.59,-4.58,1225,3297,4071,0,0
29.640,1319.1,-83.80,-7.56,-373.75,172.9,0.46,0.83,0.00,1.00,0.00,1.00,3,5944,985.9,2.20,-0.25,0.21,-0.44,7552,1262,6785,0.0849,-0.049,0.009,-0.091,1.32,-5.84,1218,1080,1797,0,0,5759,0.0602,-0.007,0.011,-0.089,1.53,-5.63,1220,1041,1791,0,0,10761,0.1081,0.003,0.022,-0.078,1.42,-5.74,1233,3622,2894,0,0,9237,0.0834,0.052,0.023,-0.077,1.42,-5.74,1234,3277,2537,0,0
29.760,1324.9,-87.72,-7.56,-378.02,174.8,0.45,0.44,0.00,1.00,0.00,1.00,3,6006,982.6,2.21,-0.28,-0.12,-1.56,7684,1290,6789,0.0795,-0.045,0.009,-0.091,0.56,-6.60,1231,1066,782,0,0,6580,0.0657,0.046,0.009,-0.091,0.78,-6.38,1232,1042,1047,0,0,10011,0.1020,-0.051,0.022,-0.078,0.59,-6.57,1246,3533,1152,0,0,9448,0.0873,0.033,0.021,-0.079,0.59,-6.57,1247,3309,1095,0,0
29.880,1330.8,-91.71,-7.56,-382.31,176.7,0.45,0.18,0.00,1.00,0.00,1.00,3,6070,979.1,2.23,-0.30,-0.38,-1.30,7852,1318,6400,0.0749,-0.038,0.009,-0.091,0.12,-7.05,1244,1051,160,0,0,6481,0.0689,0.026,0.009,-0.091,0.33,-6.83,1245,1038,445,0,0,9696,0.0994,-0.022,0.021,-0.079,0.15,-7.01,1260,3439,298,0,0,9660,0.0934,0.050,0.021,-0.079,0.15,-7.01,1260,3346,297,0,0
30.001,1336.7,-95.76,-7.56,-386.64,178.5,0.43,0.27,0.21,1.00,0.00,1.00,3,6132,975.5,2.24,-0.33,-0.37,10.39,7999,1345,7220,0.0759,0.008,0.012,-0.088,5.32,-1.84,1260,948,5742,0,0,6167,0.0713,0.021,0.019,-0.081,7.10,-0.06,1257,1042,5854,0,0,10781,0.0990,-0.003,0.018,-0.082,0.26,-6.90,1273,3200,465,0,0,9630,0.0944,0.009,0.023,-0.077,0.26,-6.90,1271,3626,423,0,0
30.121,1342.6,-99.93,-7.56,-390.89,178.4,0.05,1.27,0.33,0.40,0.56,1.00,3,5583,367.7,1.22,-0.20,0.39,40.17,8108,1344,8736,0.0886,0.106,-0.122,0.022,12.80,5.63,1089,-4522,8321,822,1,5783,0.0611,-0.086,-0.128,0.028,16.36,9.19,1037,-2699,5902,822,1,11301,0.1089,0.083,-0.015,-0.085,3.05,-4.11,1246,-1562,5885,1476,0,7253,0.0810,-0.112,0.002,-0.098,3.13,-4.03,1239,821,4085,1476,0
30.241,1348.5,-104.17,-7.56,-394.91,173.1,-1.08,1.82,0.35,0.00,0.07,1.00,3,5444,-261.6,0.20,0.18,1.04,41.54,7994,1265,9952,0.1093,0.173,-0.043,-0.057,15.94,8.78,1125,-1760,10362,395,0,5837,0.0633,0.019,-0.085,-0.015,19.79,12.62,1026,-1680,6250,395,0,11141,0.1099,0.008,-0.032,-0.068,5.69,-1.47,1181,-3348,9108,212,0,6096,0.0638,-0.144,-0.024,-0.076,5.84,-1.32,1160,-1458,5481,212,0
30.361,1354.1,-108.44,-7.56,-398.62,166.7,-1.24,1.99,0.38,0.00,0.18,1.00,3,4805,-234.3,0.20,0.48,1.28,41.13,7671,1174,10327,0.1185,0.076,-0.119,0.019,19.13,11.97,974,-3877,10077,2043,0,6790,0.0664,0.026,-0.123,0.023,23.29,16.13,923,-2305,7005,613,1,10298,0.1062,-0.030,-0.108,0.008,8.14,0.97,1043,-6688,8435,1100,0,5660,0.0532,-0.088,-0.107,0.007,8.35,1.19,1016,-3831,5021,1100,0
30.481,1359.6,-112.72,-7.55,-401.99,161.7,-0.77,2.25,0.39,0.00,0.19,1.00,3,5129,-248.3,0.20,0.44,1.43,36.36,7251,1106,9162,0.1180,-0.004,-0.007,-0.093,21.56,14.40,1052,-193,9635,0,0,5083,0.0617,-0.039,-0.013,-0.087,25.93,18.77,988,-173,5586,0,0,11514,0.1088,0.021,-0.024,-0.076,9.66,2.50,1102,-1714,11491,0,0,6286,0.0523,-0.008,-0.013,-0.087,9.90,2.74,1088,-538,6819,0,0
30.601,1364.9,-117.03,-7.55,-405.03,155.4,-1.13,2.08,0.42,0.00,0.05,1.00,3,4484,-220.6,0.20,0.50,1.44,26.99,6730,1021,9871,0.1178,-0.002,-0.104,0.004,23.60,16.44,896,-2716,9882,876,0,6319,0.0622,0.004,-0.119,0.019,28.19,21.03,830,-1749,6591,876,0,10418,0.1055,-0.027,-0.079,-0.021,10.29,3.12,995,-4631,9883,472,0,5696,0.0492,-0.026,-0.079,-0.021,10.48,3.32,976,-2665,5795,472,0
30.721,1369.9,-121.33,-7.55,-407.74,150.9,-0.65,2.23,0.43,0.29,0.00,1.00,3,4767,-42.4,0.42,0.45,1.54,19.80,6326,963,9170,0.1162,-0.013,-0.006,-0.094,24.02,16.86,961,-163,9577,0,0,5109,0.0578,-0.037,-0.011,-0.089,28.75,21.59,906,-141,5576,0,0,11318,0.1076,0.017,-0.010,-0.090,9.59,2.43,1038,-786,11406,0,0,6065,0.0489,-0.002,-0.006,-0.094,9.73,2.57,1028,-271,6603,0,0
30.841,1374.9,-125.69,-7.55,-410.14,148.4,-0.24,2.19,0.44,0.83,0.00,1.00,3,4923,649.5,1.47,0.31,1.61,14.07,6003,931,9082,0.1123,-0.033,0.022,-0.078,23.12,15.95,979,535,9505,0,0,5100,0.0527,-0.042,0.055,-0.045,27.89,20.73,961,651,5544,0,0,11429,0.1092,0.014,0.026,-0.074,7.93,0.76,1061,2114,10919,0,0,6198,0.0488,-0.001,0.039,-0.061,8.01,0.85,1062,1768,6308,0,0
30.961,1379.9,-130.15,-7.55,-412.25,148.0,0.17,2.07,0.44,1.00,0.00,1.00,3,5055,1002.4,1.99,0.10,1.57,12.35,5825,925,8176,0.1051,-0.060,0.048,-0.052,21.46,14.30,1012,1165,8645,0,0,4581,0.0467,-0.050,0.097,-0.003,26.22,19.06,1012,1118,4952,0,0,11719,0.1130,0.032,0.038,-0.062,6.04,-1.12,1073,3821,9849,0,0,6935,0.0545,0.047,0.050,-0.050,6.10,-1.07,1075,3061,6130,0,0
31.081,1384.8,-134.73,-7.55,-414.11,148.5,0.30,1.88,0.00,1.00,0.00,1.00,3,5145,1003.5,2.01,0.01,1.45,15.53,5765,930,8183,0.1001,-0.042,0.011,-0.089,3.53,-3.63,1051,1161,5272,0,0,5074,0.0459,-0.007,0.019,-0.081,3.79,-3.37,1048,1235,3602,0,0,11282,0.1110,-0.017,0.032,-0.068,4.77,-2.39,1073,3586,8381,0,0,7023,0.0560,0.013,0.045,-0.055,4.83,-2.34,1074,3220,5455,0,0
31.201,1389.8,-139.42,-7.55,-415.77,150.2,0.51,1.37,0.00,1.00,0.00,1.00,3,5184,1003.9,2.02,-0.12,1.07,3.92,5803,952,7061,0.0902,-0.082,0.011,-0.089,2.75,-4.41,1061,1127,3707,0,0,5181,0.0477,0.015,0.015,-0.085,2.97,-4.19,1061,1089,2974,0,0,10916,0.1086,-0.020,0.027,-0.073,3.17,-3.99,1078,3702,6072,0,0,8175,0.0659,0.083,0.031,-0.069,3.18,-3.98,1079,3296,4711,0,0
31.321,1394.8,-144.23,-7.55,-417.31,152.2,0.50,0.91,0.00,1.00,0.00,1.00,3,5239,1004.4,2.03,-0.16,0.63,-0.62,5899,977,6986,0.0831,-0.059,0.010,-0.090,1.51,-5.65,1072,1105,2120,0,0,6085,0.0547,0.058,0.011,-0.089,1.71,-5.45,1074,1071,2109,0,0,10084,0.1010,-0.063,0.024,-0.076,1.60,-5.56,1088,3720,3070,0,0,8528,0.0716,0.047,0.025,-0.075,1.60,-5.56,1089,3316,2650,0,0
31.441,1399.9,-149.13,-7.55,-418.77,154.2,0.49,0.46,0.00,1.00,0.00,1.00,3,5304,1004.9,2.05,-0.20,0.21,-1.75,6038,1004,6279,0.0755,-0.063,0.010,-0.090,0.63,-6.54,1087,1087,818,0,0,6104,0.0598,0.042,0.010,-0.090,0.83,-6.33,1088,1061,1046,0,0,9788,0.0966,-0.037,0.023,-0.077,0.62,-6.54,1101,3660,1202,0,0,9290,0.0808,0.077,0.022,-0.078,0.62,-6.54,1102,3426,1148,0,0
31.561,1405.1,-154.10,-7.56,-420.21,156.3,0.49,0.18,0.00,1.00,0.00,1.00,3,5374,1005.3,2.06,-0.22,-0.09,-1.15,6181,1031,6487,0.0717,-0.031,0.009,-0.091,0.14,-7.02,1101,1084,192,0,0,6606,0.0661,0.053,0.009,-0.091,0.34,-6.82,1102,1074,471,0,0,9398,0.0906,-0.049,0.023,-0.077,0.17,-6.99,1116,3579,323,0,0,9911,0.0839,0.026,0.023,-0.077,0.17,-6.99,1116,3677,338,0,0
31.681,1410.4,-159.15,-7.55,-421.64,158.2,0.45,0.41,0.28,1.00,0.00,1.00,3,5445,1005.6,2.08,-0.22,0.01,16.80,6346,1056,7085,0.0720,0.002,0.017,-0.083,7.49,0.33,1119,963,6964,0,0,5472,0.0640,-0.017,0.030,-0.070,9.90,2.74,1115,1078,5892,0,0,10428,0.0937,0.025,0.019,-0.081,0.55,-6.61,1131,3192,981,0,0,8648,0.0857,0.015,0.028,-0.072,0.56,-6.60,1129,3895,835,0,0
31.801,1415.7,-164.28,-7.56,-422.93,159.0,0.30,1.40,0.00,1.00,0.00,1.00,3,5478,1005.8,2.09,-0.17,0.87,47.03,6463,1068,8797,0.0876,0.129,0.031,-0.069,15.48,8.32,1119,1098,9383,0,0,4737,0.0550,-0.075,0.079,-0.021,19.79,12.63,1109,1235,5184,0,0,11586,0.1039,0.085,0.019,-0.081,3.68,-3.48,1149,2651,6976,0,0,7374,0.0709,-0.124,0.047,-0.053,3.79,-3.37,1144,4044,4614,0,0
31.921,1421.0,-169.50,-7.55,-424.03,160.6,0.50,1.45,0.00,1.00,0.00,1.00,3,5566,1003.4,2.11,-0.17,1.19,26.80,6628,1088,7751,0.0906,0.025,0.011,-0.089,3.53,-3.64,1140,1090,4849,0,0,4782,0.0483,-0.055,0.020,-0.080,3.80,-3.36,1129,1213,3292,0,0,11166,0.1108,0.058,0.031,-0.069,5.39,-1.77,1163,3248,8923,0,0,7357,0.0686,-0.019,0.049,-0.051,5.48,-1.68,1162,3419,6068,0,0
32.041,1426.4,-174.80,-7.55,-424.92,162.0,0.51,1.65,0.18,1.00,0.00,1.00,3,5608,1001.6,2.12,-0.24,1.32,15.42,6708,1108,8230,0.0931,0.021,0.015,-0.085,6.04,-1.12,1147,1118,7443,0,0,4854,0.0482,-0.001,0.026,-0.074,6.96,-0.20,1146,1092,4850,0,0,12153,0.1129,0.017,0.029,-0.071,4.71,-2.45,1167,3627,8770,0,0,7883,0.0680,-0.005,0.041,-0.059,4.76,-2.41,1168,3360,6032,0,0
32.161,1431.8,-180.19,-7.55,-425.57,163.5,0.48,1.54,0.00,1.00,0.00,1.00,3,5649,999.9,2.13,-0.21,1.30,8.25,6830,1129,7505,0.0912,-0.016,0.011,-0.089,3.09,-4.08,1155,1134,4294,0,0,5123,0.0467,-0.013,0.016,-0.084,3.31,-3.85,1155,1123,3204,0,0,10955,0.1131,0.002,0.028,-0.072,3.76,-3.40,1175,3621,6928,0,0,7682,0.0686,0.005,0.035,-0.065,3.78,-3.38,1177,3233,5056,0,0
32.281,1437.3,-185.66,-7.56,-426.06,165.3,0.48,1.15,0.00,1.00,0.00,1.00,3,5691,998.1,2.14,-0.27,1.00,1.02,6924,1154,7309,0.0882,-0.025,0.010,-0.090,2.06,-5.10,1165,1110,2948,0,0,5759,0.0537,0.058,0.012,-0.088,2.28,-4.88,1167,1066,2597,0,0,11094,0.1094,-0.031,0.024,-0.076,2.27,-4.89,1181,3700,4603,0,0,8852,0.0748,0.052,0.026,-0.074,2.27,-4.89,1183,3282,3786,0,0
32.401,1442.8,-191.19,-7.56,-426.40,167.0,0.44,1.01,0.00,1.00,0.00,1.00,3,5754,995.2,2.15,-0.22,0.82,14.48,7069,1177,7396,0.0838,-0.037,0.009,-0.091,0.65,-6.51,1181,1075,2822,0,0,5907,0.0558,0.018,0.014,-0.086,0.86,-6.30,1176,1330,2913,0,0,10707,0.1056,-0.031,0.020,-0.080,1.67,-5.50,1195,3330,3242,0,0,8036,0.0768,0.016,0.029,-0.071,1.68,-5.48,1195,3590,2523,0,0
32.521,1448.4,-196.79,-7.56,-426.63,168.9,0.47,0.62,0.00,1.00,0.00,1.00,3,5810,992.6,2.17,-0.28,0.59,4.58,7208,1205,6585,0.0813,-0.021,0.009,-0.091,1.15,-6.01,1192,1060,1502,0,0,5714,0.0605,0.039,0.011,-0.089,1.37,-5.80,1190,1070,1565,0,0,10593,0.1039,-0.015,0.021,-0.079,1.56,-5.60,1206,3441,3083,0,0,9307,0.0830,0.052,0.024,-0.076,1.56,-5.60,1206,3479,2759,0,0
32.641,1454.1,-202.46,-7.56,-426.78,170.8,0.46,0.52,0.17,1.00,0.00,1.00,3,5874,989.5,2.18,-0.25,0.41,2.02,7369,1232,7184,0.0781,-0.027,0.010,-0.090,3.06,-4.10,1204,1031,3579,0,0,6436,0.0641,0.030,0.012,-0.088,3.92,-3.24,1204,1034,4003,0,0,10135,0.0999,-0.033,0.021,-0.079,0.93,-6.24,1219,3514,1791,0,0,8991,0.0846,0.013,0.023,-0.077,0.93,-6.24,1220,3369,1614,0,0
32.761,1459.8,-208.18,-7.56,-426.79,172.0,0.33,1.25,0.35,1.00,0.00,1.00,3,5918,987.2,2.19,-0.25,0.91,34.32,7504,1249,8035,0.0859,0.065,0.028,-0.072,13.51,6.35,1213,1056,8667,0,0,4799,0.0570,-0.059,0.064,-0.036,17.32,10.16,1206,1163,5300,0,0,11705,0.1087,0.074,0.017,-0.083,2.53,-4.63,1234,2815,5099,0,0,7885,0.0798,-0.039,0.036,-0.064,2.58,-4.58,1231,3898,3607,0,0
32.881,1465.6,-213.91,-7.56,-426.58,172.5,0.29,1.78,0.35,1.00,0.00,1.00,3,5956,985.3,2.20,-0.20,1.52,47.12,7637,1256,9024,0.0972,0.094,0.031,-0.069,15.64,8.48,1211,1128,9592,0,0,4805,0.0511,-0.049,0.076,-0.024,19.50,12.34,1203,1240,5260,0,0,12105,0.1152,0.054,0.027,-0.073,5.51,-1.66,1251,2995,9566,0,0,6890,0.0680,-0.099,0.056,-0.044,5.67,-1.49,1250,3527,5699,0,0
33.001,1471.3,-219.64,-7.56,-426.09,172.6,0.32,2.08,0.35,1.00,0.00,1.00,3,5970,984.5,2.20,-0.18,1.89,43.84,7749,1257,8602,0.1016,0.037,0.040,-0.060,18.27,11.10,1203,1212,9127,0,0,4462,0.0447,-0.053,0.093,-0.007,22.19,15.03,1200,1234,4851,0,0,11940,0.1216,0.054,0.040,-0.060,7.97,0.81,1261,3332,11104,0,0,6664,0.0648,-0.027,0.069,-0.031,8.19,1.03,1262,3214,6391,0,0
33.121,1477.1,-225.33,-7.56,-425.29,172.3,0.33,2.21,0.35,1.00,0.00,1.00,3,5936,986.3,2.20,-0.22,2.03,38.96,7764,1253,8945,0.1053,0.030,0.043,-0.057,20.24,13.08,1188,1211,9399,0,0,4756,0.0453,0.005,0.095,-0.005,24.22,17.05,1184,1235,5140,0,0,12793,0.1229,0.011,0.049,-0.051,9.64,2.48,1263,3454,11589,0,0,7406,0.0630,-0.015,0.075,-0.025,9.88,2.71,1263,3301,7349,0,0
33.241,1482.8,-230.96,-7.56,-424.18,171.8,0.32,2.22,0.36,1.00,0.00,1.00,3,5917,987.3,2.19,-0.17,2.05,30.43,7767,1246,8545,0.1036,-0.014,0.049,-0.051,21.50,14.33,1179,1240,8987,0,0,4637,0.0433,-0.016,0.100,0.000,25.46,18.30,1178,1212,5002,0,0,11939,0.1229,0.000,0.056,-0.044,10.33,3.17,1262,3719,11576,0,0,6820,0.0626,-0.003,0.079,-0.021,10.53,3.37,1264,3035,6880,0,0
33.361,1488.5,-236.49,-7.56,-422.77,171.2,0.30,2.26,0.36,1.00,0.00,1.00,3,5879,989.2,2.18,-0.22,2.09,24.18,7700,1237,8347,0.1050,0.011,0.049,-0.051,21.84,14.68,1171,1198,8796,0,0,4329,0.0446,0.010,0.098,-0.002,25.80,18.64,1171,1096,4693,0,0,12618,0.1242,0.011,0.055,-0.045,10.23,3.07,1254,3706,11623,0,0,7355,0.0635,0.007,0.074,-0.026,10.39,3.23,1256,3091,7416,0,0
33.481,1494.2,-241.93,-7.56,-421.06,170.7,0.28,2.21,0.36,1.00,0.00,1.00,3,5861,990.1,2.18,-0.16,2.08,17.35,7654,1230,8579,0.1035,-0.012,0.048,-0.052,21.34,14.18,1168,1232,9022,0,0,5165,0.0443,-0.002,0.091,-0.009,25.28,18.11,1168,1234,5556,0,0,11998,0.1219,-0.019,0.054,-0.046,9.26,2.10,1248,3914,11415,0,0,6821,0.0619,-0.013,0.069,-0.031,9.37,2.21,1252,2931,6831,0,0
33.601,1499.9,-247.24,-7.56,-419.05,170.3,0.26,2.21,0.36,1.00,0.00,1.00,3,5848,990.7,2.18,-0.20,2.11,12.86,7581,1225,8366,0.1039,0.003,0.046,-0.054,20.21,13.05,1172,1220,8850,0,0,4500,0.0440,-0.002,0.088,-0.012,24.13,16.97,1175,1089,4897,0,0,12385,0.1237,0.015,0.046,-0.054,7.82,0.66,1238,3836,11033,0,0,7290,0.0636,0.014,0.057,-0.043,7.88,0.72,1241,3003,7051,0,0
33.721,1505.6,-252.43,-7.56,-416.77,170.3,0.26,2.11,0.36,1.00,0.00,1.00,3,5842,991.1,2.17,-0.17,2.07,12.98,7537,1224,8869,0.1036,-0.002,0.039,-0.061,18.63,11.47,1175,1190,9370,0,0,5117,0.0458,0.015,0.076,-0.024,22.54,15.38,1176,1139,5565,0,0,11929,0.1205,-0.027,0.038,-0.062,6.22,-0.94,1233,3843,10119,0,0,6946,0.0618,-0.015,0.049,-0.051,6.28,-0.89,1236,2985,6224,0,0
33.841,1511.2,-257.50,-7.56,-414.21,170.4,0.26,2.01,0.36,1.00,0.00,1.00,3,5859,990.2,2.18,-0.17,2.02,16.13,7524,1226,8246,0.1016,-0.017,0.039,-0.061,17.41,10.25,1185,1191,8807,0,0,4750,0.0453,-0.004,0.077,-0.023,21.32,14.16,1187,1132,5195,0,0,11466,0.1209,0.003,0.032,-0.068,5.19,-1.97,1231,3555,8940,0,0,6844,0.0646,0.024,0.044,-0.056,5.25,-1.91,1233,3001,5612,0,0
33.961,1516.9,-262.45,-7.56,-411.41,170.7,0.27,1.94,0.36,1.00,0.00,1.00,3,5868,989.8,2.18,-0.18,1.98,23.99,7520,1230,8673,0.1020,0.004,0.035,-0.065,16.75,9.58,1189,1144,9236,0,0,5145,0.0482,0.024,0.072,-0.028,20.65,13.49,1186,1184,5616,0,0,11815,0.1183,-0.022,0.029,-0.071,5.04,-2.12,1233,3439,8996,0,0,7384,0.0635,-0.009,0.046,-0.054,5.11,-2.05,1233,3359,5877,0,0
34.081,1522.6,-267.26,-7.56,-408.36,171.0,0.28,1.95,0.36,1.00,0.00,1.00,3,5891,988.6,2.19,-0.16,1.99,27.81,7568,1234,8344,0.1004,-0.014,0.037,-0.063,16.95,9.78,1194,1173,8915,0,0,4773,0.0461,-0.017,0.078,-0.022,20.85,13.69,1192,1186,5216,0,0,11585,0.1188,0.005,0.031,-0.069,5.49,-1.67,1238,3377,9293,0,0,6933,0.0646,0.009,0.050,-0.050,5.59,-1.57,1239,3249,5802,0,0
34.201,1528.3,-271.92,-7.56,-405.08,171.2,0.29,2.03,0.36,1.00,0.00,1.00,3,5891,988.6,2.19,-0.21,2.07,30.74,7584,1237,8151,0.1031,0.023,0.037,-0.063,17.47,10.31,1192,1093,8728,0,0,1591,0.0470,0.007,0.090,-0.010,21.58,14.41,1190,427,1806,0,0,12504,0.1200,0.010,0.033,-0.067,6.23,-0.93,1241,3332,10213,0,0,7478,0.0642,-0.003,0.053,-0.047,6.35,-0.81,1241,3373,6613,0,0
34.321,1534.0,-276.41,-7.56,-401.55,171.3,0.29,2.05,0.36,1.00,0.00,1.00,3,5904,988.0,2.19,-0.17,2.11,29.15,7626,1238,8487,0.1016,-0.012,0.040,-0.060,18.12,10.96,1191,1198,9021,0,0,4711,0.0449,-0.017,0.084,-0.016,22.04,14.88,1189,1193,5130,0,0,11806,0.1198,-0.002,0.037,-0.063,6.80,-0.36,1245,3497,10426,0,0,6894,0.0631,-0.009,0.057,-0.043,6.93,-0.23,1246,3180,6340,0,0
34.441,1539.7,-280.71,-7.56,-397.80,171.3,0.29,2.12,0.36,1.00,0.00,1.00,3,5899,988.2,2.19,-0.22,2.19,27.54,7622,1238,8281,0.1030,0.012,0.042,-0.058,18.60,11.44,1189,1190,8814,0,0,4396,0.0450,0.001,0.087,-0.013,22.53,15.37,1189,1127,4799,0,0,12445,0.1222,0.020,0.038,-0.062,7.19,0.03,1244,3479,10799,0,0,7367,0.0640,0.007,0.057,-0.043,7.31,0.15,1245,3235,6896,0,0
34.561,1545.4,-284.80,-7.57,-393.82,171.2,0.29,2.10,0.36,1.00,0.00,1.00,3,5893,988.5,2.19,-0.17,2.20,25.07,7636,1237,9001,0.1024,-0.005,0.041,-0.059,18.75,11.59,1186,1255,9483,0,0,5141,0.0451,0.001,0.083,-0.017,22.67,15.51,1184,1243,5567,0,0,11952,0.1203,-0.016,0.040,-0.060,7.19,0.03,1246,3647,10734,0,0,6884,0.0621,-0.015,0.058,-0.042,7.30,0.14,1248,3103,6468,0,0
34.681,1551.1,-288.68,-7.57,-389.64,171.2,0.28,2.12,0.36,1.00,0.00,1.00,3,5892,988.6,2.19,-0.21,2.24,22.47,7629,1237,8343,0.1026,0.002,0.043,-0.057,18.72,11.56,1187,1215,8868,0,0,4549,0.0443,-0.007,0.086,-0.014,22.63,15.47,1188,1145,4958,0,0,12322,0.1228,0.021,0.039,-0.061,6.99,-0.17,1243,3596,10681,0,0,7319,0.0641,0.017,0.055,-0.045,7.09,-0.07,1244,3167,6807,0,0
34.801,1556.8,-292.33,-7.57,-385.25,171.2,0.28,2.09,0.36,1.00,0.00,1.00,3,5885,988.9,2.18,-0.19,2.23,22.40,7614,1237,8867,0.1033,0.005,0.039,-0.061,18.36,11.20,1186,1192,9375,0,0,5058,0.0459,0.014,0.079,-0.021,22.27,15.11,1184,1187,5497,0,0,11987,0.1202,-0.022,0.038,-0.062,6.63,-0.53,1243,3660,10448,0,0,6967,0.0621,-0.017,0.054,-0.046,6.73,-0.43,1244,3109,6371,0,0
34.921,1562.6,-295.75,-7.57,-380.69,171.2,0.27,2.07,0.36,1.00,0.00,1.00,3,5897,988.3,2.19,-0.19,2.24,21.46,7618,1237,8359,0.1018,-0.012,0.041,-0.059,18.07,10.91,1190,1204,8899,0,0,4668,0.0444,-0.013,0.082,-0.018,21.97,14.81,1190,1153,5093,0,0,11589,0.1209,0.006,0.037,-0.063,6.29,-0.87,1242,3587,9931,0,0,6755,0.0635,0.012,0.053,-0.047,6.38,-0.79,1244,3047,6061,0,0
35.041,1568.3,-298.93,-7.57,-375.95,171.3,0.28,2.05,0.36,1.00,0.00,1.00,3,5891,988.6,2.19,-0.21,2.24,23.83,7602,1239,8770,0.1032,0.012,0.037,-0.063,17.74,10.58,1190,1171,9302,0,0,5007,0.0467,0.019,0.077,-0.023,21.64,14.48,1188,1176,5456,0,0,11999,0.1198,-0.009,0.035,-0.065,6.12,-1.04,1241,3570,10108,0,0,7532,0.0627,-0.007,0.051,-0.049,6.21,-0.95,1242,3348,6614,0,0
35.161,1574.0,-301.87,-7.57,-371.05,171.5,0.28,2.02,0.36,1.00,0.00,1.00,3,5906,987.8,2.19,-0.18,2.24,24.01,7629,1241,8398,0.1012,-0.017,0.039,-0.061,17.67,10.51,1193,1194,8947,0,0,4754,0.0448,-0.016,0.080,-0.020,21.56,14.40,1193,1171,5188,0,0,11657,0.1197,-0.001,0.035,-0.065,6.07,-1.09,1243,3529,9826,0,0,6882,0.0633,0.005,0.052,-0.048,6.17,-1.00,1245,3139,6064,0,0
35.281,1579.7,-304.56,-7.57,-366.00,171.6,0.28,2.05,0.36,1.00,0.00,1.00,3,5905,987.9,2.19,-0.23,2.28,26.02,7622,1243,8152,0.1027,0.012,0.039,-0.061,17.70,10.54,1194,1135,8719,0,0,4344,0.0461,0.011,0.080,-0.020,21.60,14.44,1193,1068,4768,0,0,12442,0.1207,0.009,0.034,-0.066,6.24,-0.93,1243,3422,10215,0,0,7476,0.0639,0.005,0.051,-0.049,6.34,-0.82,1243,3280,6635,0,0
35.401,1585.4,-306.99,-7.57,-360.82,171.7,0.28,2.03,0.36,1.00,0.00,1.00,3,5915,987.4,2.19,-0.19,2.28,25.61,7654,1245,8475,0.1015,-0.010,0.040,-0.060,17.85,10.69,1194,1194,9017,0,0,4769,0.0448,-0.011,0.081,-0.019,21.74,14.57,1193,1179,5200,0,0,11796,0.1196,-0.009,0.036,-0.064,6.37,-0.79,1246,3525,10144,0,0,6959,0.0630,-0.008,0.054,-0.046,6.48,-0.69,1247,3163,6251,0,0
35.521,1591.1,-309.15,-7.57,-355.52,171.8,0.28,2.07,0.36,1.00,0.00,1.00,3,5916,987.3,2.19,-0.24,2.33,25.74,7654,1246,8294,0.1023,0.007,0.041,-0.059,18.03,10.86,1195,1193,8840,0,0,4516,0.0451,0.002,0.084,-0.016,21.92,14.75,1195,1142,4933,0,0,12356,0.1219,0.019,0.036,-0.064,6.57,-0.59,1246,3476,10441,0,0,7398,0.0645,0.013,0.053,-0.047,6.68,-0.48,1247,3245,6711,0,0
35.641,1596.9,-311.04,-7.57,-350.12,171.9,0.28,2.07,0.36,1.00,0.00,1.00,3,5914,987.4,2.19,-0.21,2.34,25.42,7672,1246,8897,0.1025,0.002,0.039,-0.061,18.09,10.93,1193,1211,9408,0,0,5080,0.0457,0.005,0.080,-0.020,21.98,14.82,1191,1216,5520,0,0,11961,0.1201,-0.015,0.037,-0.063,6.63,-0.53,1248,3587,10431,0,0,6966,0.0627,-0.015,0.055,-0.045,6.74,-0.43,1249,3149,6358,0,0
35.761,1602.6,-312.64,-7.57,-344.62,171.9,0.28,2.08,0.36,1.00,0.00,1.00,3,5919,987.2,2.19,-0.24,2.37,24.14,7680,1247,8395,0.1022,-0.003,0.041,-0.059,18.19,11.03,1194,1210,8930,0,0,4600,0.0446,-0.009,0.084,-0.016,22.07,14.91,1195,1155,5019,0,0,11663,0.1221,0.016,0.037,-0.063,6.65,-0.51,1247,3463,10241,0,0,6717,0.0645,0.015,0.054,-0.046,6.75,-0.41,1249,2969,6180,0,0
35.881,1608.3,-313.97,-7.57,-339.04,172.7,0.43,1.94,0.00,1.00,0.00,1.00,3,5988,983.6,2.21,-0.29,2.28,16.63,7692,1259,8317,0.1011,-0.009,0.013,-0.087,5.06,-2.10,1222,1132,6800,0,0,5069,0.0466,0.017,0.021,-0.079,5.34,-1.82,1219,1147,4446,0,0,11915,0.1200,-0.017,0.036,-0.064,6.23,-0.94,1249,3600,10141,0,0,7536,0.0650,0.004,0.048,-0.052,6.29,-0.87,1251,3139,6717,0,0
36.001,1614.1,-315.05,-7.57,-333.36,174.0,0.48,1.74,0.00,1.00,0.00,1.00,3,6016,982.0,2.22,-0.32,2.12,4.88,7735,1278,7750,0.0958,-0.044,0.012,-0.088,4.12,-3.04,1228,1161,5584,0,0,4969,0.0464,-0.002,0.018,-0.082,4.35,-2.81,1231,1077,3851,0,0,11429,0.1191,-0.007,0.031,-0.069,4.57,-2.59,1251,3732,8264,0,0,7660,0.0698,0.040,0.037,-0.063,4.59,-2.57,1254,3031,5807,0,0
36.121,1619.9,-315.93,-7.57,-327.59,175.6,0.46,1.34,0.00,1.00,0.00,1.00,3,6042,980.6,2.22,-0.37,1.83,-1.28,7792,1301,7018,0.0923,-0.030,0.008,-0.092,2.55,-4.61,1235,1012,3467,0,0,5165,0.0523,0.049,0.012,-0.088,2.76,-4.40,1241,951,2798,0,0,11468,0.1156,-0.030,0.024,-0.076,2.63,-4.54,1254,3773,5395,0,0,8794,0.0754,0.047,0.026,-0.074,2.62,-4.54,1256,3126,4291,0,0
36.241,1625.8,-316.69,-7.56,-321.76,177.3,0.41,0.39,-0.31,1.00,0.00,1.00,3,6099,977.5,2.23,-0.30,1.12,-22.35,7917,1327,8364,0.0809,-0.094,0.028,-0.072,-9.36,2.20,1247,1592,-8566,0,0,7591,0.0618,0.079,0.014,-0.086,-6.78,-0.39,1254,920,-7115,0,0,9167,0.1046,-0.091,0.027,-0.073,0.67,-6.50,1263,4008,1321,0,0,10068,0.0849,0.079,0.017,-0.083,0.66,-6.50,1267,2842,1430,0,0
36.361,1631.8,-317.51,-7.56,-315.87,178.9,0.41,-0.57,0.00,1.00,0.00,1.00,3,6156,974.1,2.25,-0.30,0.14,-21.74,8056,1352,5365,0.0665,-0.120,0.012,-0.088,-1.14,-6.02,1256,1136,-1160,0,0,7243,0.0775,0.131,0.008,-0.092,-0.92,-6.25,1267,997,-1203,0,0,9040,0.0914,-0.110,0.029,-0.071,-2.32,-4.84,1277,3778,-3784,0,0,11149,0.1025,0.147,0.018,-0.082,-2.29,-4.87,1280,2896,-4531,0,0
36.481,1637.8,-318.43,-7.57,-309.95,180.7,0.45,-0.86,0.00,1.00,0.00,1.00,3,6215,970.5,2.26,-0.28,-0.22,-7.84,8210,1378,5732,0.0616,-0.041,0.012,-0.088,-1.93,-5.23,1272,1073,-2181,0,0,7684,0.0841,0.055,0.008,-0.092,-1.70,-5.46,1274,1054,-2526,0,0,8675,0.0851,-0.053,0.026,-0.074,-2.30,-4.86,1291,3319,-3705,0,0,11256,0.1069,0.037,0.021,-0.079,-2.29,-4.88,1291,3422,-4639,0,0
36.601,1643.8,-319.48,-7.57,-303.98,182.4,0.44,-0.77,0.00,1.00,0.00,1.00,3,6271,967.1,2.27,-0.26,-0.21,-0.92,8369,1405,5881,0.0609,-0.005,0.010,-0.090,-1.50,-5.66,1286,1033,-1775,0,0,7025,0.0831,-0.008,0.009,-0.091,-1.28,-5.88,1285,1061,-1795,0,0,8868,0.0863,0.010,0.023,-0.077,-1.47,-5.70,1302,3204,-2502,0,0,10450,0.1085,0.013,0.022,-0.078,-1.47,-5.70,1301,3486,-2885,0,0
36.721,1649.9,-320.62,-7.57,-297.97,184.2,0.43,-0.48,0.09,1.00,0.00,1.00,3,6325,963.6,2.29,-0.28,0.05,1.07,8503,1433,6528,0.0663,0.045,0.009,-0.091,-0.87,-6.30,1298,1017,-1152,0,0,6405,0.0812,-0.016,0.009,-0.091,-0.65,-6.52,1297,985,-849,0,0,9909,0.0907,0.037,0.020,-0.080,-0.71,-6.45,1313,3257,-1368,0,0,10556,0.1057,-0.023,0.020,-0.080,-0.71,-6.45,1312,3454,-1445,0,0
36.841,1656.1,-321.75,-7.58,-291.91,185.6,0.33,0.69,0.30,1.00,0.00,1.00,3,6380,960.0,2.30,-0.25,0.94,37.42,8652,1454,8277,0.0788,0.104,0.019,-0.081,10.69,3.53,1312,943,8802,0,0,5344,0.0682,-0.108,0.046,-0.054,13.97,6.81,1302,1155,5918,0,0,11528,0.1031,0.103,0.014,-0.086,1.58,-5.58,1328,2553,3140,0,0,8013,0.0921,-0.113,0.033,-0.067,1.62,-5.54,1324,3960,2295,0,0
36.961,1662.3,-322.71,-7.58,-285.78,186.7,0.39,1.38,0.00,1.00,0.00,1.00,3,6447,955.5,2.32,-0.31,1.80,34.10,8830,1471,8043,0.0926,0.115,0.009,-0.091,2.84,-4.32,1325,1008,4114,0,0,4857,0.0561,-0.101,0.017,-0.083,3.12,-4.04,1309,1168,2813,0,0,12212,0.1178,0.123,0.023,-0.077,4.86,-2.30,1344,2865,8927,0,0,8287,0.0814,-0.089,0.042,-0.058,4.96,-2.20,1342,3551,6400,0,0
37.081,1668.6,-323.47,-7.59,-279.58,188.0,0.46,1.61,0.00,1.00,0.00,1.00,3,6492,952.3,2.33,-0.36,2.05,16.31,8946,1491,8392,0.0963,0.031,0.010,-0.090,4.00,-3.16,1328,1074,5813,0,0,5183,0.0533,-0.023,0.017,-0.083,4.26,-2.90,1325,1103,3917,0,0,12128,0.1212,0.029,0.028,-0.072,5.06,-2.11,1352,3370,9166,0,0,8006,0.0776,-0.031,0.039,-0.061,5.10,-2.06,1353,3144,6409,0,0
37.201,1674.9,-324.01,-7.59,-273.31,189.2,0.43,1.56,0.00,1.00,0.00,1.00,3,6524,950.1,2.33,-0.36,2.08,4.38,9045,1512,7856,0.0958,-0.005,0.011,-0.089,3.40,-3.77,1335,1100,4859,0,0,5253,0.0520,-0.011,0.015,-0.085,3.63,-3.53,1337,1037,3542,0,0,11675,0.1224,0.009,0.026,-0.074,3.80,-3.36,1355,3566,7387,0,0,8189,0.0786,0.008,0.030,-0.070,3.81,-3.35,1357,3004,5425,0,0
37.321,1681.2,-324.35,-7.59,-266.99,190.8,0.42,1.18,0.00,1.00,0.00,0.88,3,6557,947.7,2.34,-0.39,1.81,-1.64,9127,1536,7217,0.0924,-0.028,0.009,-0.091,2.12,-5.04,1343,1068,2993,0,0,5678,0.0571,0.043,0.011,-0.089,2.35,-4.82,1346,993,2634,0,0,11508,0.1192,-0.026,0.022,-0.078,2.18,-4.98,1360,3589,4583,0,0,9264,0.0839,0.044,0.022,-0.078,2.18,-4.98,1361,3051,3806,0,0
37.441,1687.6,-324.58,-7.59,-260.61,191.8,0.25,0.65,0.00,1.00,0.00,0.08,3,6686,940.8,2.36,-0.32,1.36,-3.30,9232,1553,7349,0.0865,-0.049,0.001,-0.099,0.97,-6.19,1338,100,1453,0,0,6907,0.0652,0.068,0.001,-0.099,1.20,-5.96,1340,88,1680,0,0,10318,0.1113,-0.066,0.003,-0.097,0.93,-6.23,1341,555,1875,0,0,9401,0.0894,0.046,0.002,-0.098,0.93,-6.23,1342,362,1728,0,0
37.561,1694.0,-324.75,-7.59,-254.21,192.9,0.26,0.25,0.00,1.00,0.00,1.00,4,5754,994.1,2.16,-0.28,0.97,-2.42,9363,1570,6551,0.0818,-0.039,0.011,-0.089,0.28,-6.88,1361,1333,380,0,0,6620,0.0721,0.057,0.011,-0.089,0.51,-6.65,1363,1306,692,0,0,10027,0.1053,-0.050,0.026,-0.074,0.27,-6.89,1382,4268,537,0,0,9898,0.0956,0.051,0.025,-0.075,0.27,-6.89,1382,4083,531,0,0
37.681,1700.5,-324.90,-7.59,-247.73,195.2,0.56,0.05,0.00,1.00,0.00,1.00,4,5225,1004.3,2.03,-0.39,0.76,-1.40,9479,1610,6219,0.0771,-0.039,0.010,-0.090,-0.03,-7.13,1376,1191,-37,0,0,6326,0.0745,0.021,0.009,-0.091,0.19,-6.97,1376,1119,255,0,0,10661,0.1046,-0.005,0.024,-0.076,0.01,-7.15,1396,4219,24,0,0,10712,0.1021,0.054,0.024,-0.076,0.01,-7.15,1396,4139,24,0,0
37.801,1707.0,-325.05,-7.60,-241.18,197.6,0.55,-0.03,0.00,1.00,0.00,1.00,4,5293,1004.8,2.04,-0.41,0.68,-0.64,9672,1648,6445,0.0740,-0.026,0.011,-0.089,-0.13,-7.03,1395,1312,-171,0,0,6876,0.0745,-0.001,0.011,-0.089,0.09,-7.07,1395,1319,128,0,0,10285,0.1044,-0.002,0.025,-0.075,-0.06,-7.11,1414,4179,-105,0,0,10341,0.1043,0.018,0.025,-0.075,-0.06,-7.11,1414,4152,-106,0,0
37.921,1713.6,-325.21,-7.60,-234.55,199.9,0.55,-0.04,0.00,1.00,0.00,1.00,4,5354,1005.2,2.06,-0.43,0.67,-0.23,9880,1687,6467,0.0739,-0.001,0.011,-0.089,-0.14,-7.02,1411,1315,-181,0,0,6515,0.0744,0.000,0.011,-0.089,0.08,-7.08,1411,1314,111,0,0,10214,0.1058,0.012,0.025,-0.075,-0.04,-7.12,1430,4114,-78,0,0,10273,0.1064,0.018,0.025,-0.075,-0.04,-7.12,1430,4114,-78,0,0
38.041,1720.3,-325.38,-7.60,-227.85,202.2,0.54,-0.03,0.09,1.00,0.00,1.00,4,5413,1005.5,2.07,-0.45,0.69,-0.10,10083,1727,6396,0.0753,0.012,0.011,-0.089,-0.12,-7.04,1427,1256,-158,0,0,6329,0.0758,0.012,0.011,-0.089,0.11,-7.06,1428,1256,135,0,0,10822,0.1063,0.004,0.024,-0.076,-0.01,-7.15,1445,4299,27,0,0,10767,0.1069,0.004,0.024,-0.076,-0.01,-7.15,1446,4245,-28,0,0
38.161,1727.1,-325.50,-7.60,-221.07,204.2,0.50,0.57,0.00,1.00,0.00,1.00,4,5473,1005.7,2.09,-0.44,1.13,17.52,10314,1762,7293,0.0816,0.053,0.010,-0.090,0.45,-6.71,1446,1258,574,0,0,6257,0.0693,-0.054,0.013,-0.087,0.69,-6.48,1437,1405,791,0,0,11260,0.1132,0.058,0.022,-0.078,1.47,-5.70,1464,3820,2957,0,0,9604,0.1004,-0.054,0.030,-0.070,1.48,-5.68,1463,4434,2579,0,0
38.281,1734.0,-325.54,-7.61,-214.22,206.4,0.54,0.61,0.00,1.00,0.00,1.00,4,5535,1004.6,2.10,-0.48,1.29,6.01,10527,1800,7238,0.0840,0.019,0.011,-0.089,1.28,-5.89,1459,1334,1805,0,0,5907,0.0674,-0.016,0.013,-0.087,1.51,-5.65,1458,1330,1766,0,0,11259,0.1170,0.032,0.025,-0.075,1.71,-5.45,1480,4176,3511,0,0,9596,0.1004,0.000,0.028,-0.072,1.72,-5.45,1480,4093,3062,0,0
38.401,1740.9,-325.48,-7.61,-207.29,208.7,0.54,0.59,0.00,1.00,0.00,1.00,4,5587,1002.5,2.11,-0.50,1.31,0.59,10718,1839,6968,0.0852,0.010,0.011,-0.089,1.02,-6.15,1473,1270,1414,0,0,5972,0.0684,0.008,0.012,-0.088,1.25,-5.92,1475,1279,1500,0,0,11618,0.1181,0.009,0.024,-0.076,1.18,-5.98,1492,4347,2536,0,0,10279,0.1013,0.007,0.025,-0.075,1.18,-5.98,1493,4058,2287,0,0
38.521,1747.9,-325.37,-7.61,-200.30,210.9,0.53,0.37,0.00,1.00,0.00,1.00,4,5642,1000.2,2.13,-0.49,1.16,-1.35,10940,1879,7185,0.0829,-0.019,0.010,-0.090,0.54,-6.63,1487,1263,794,0,0,6785,0.0711,0.023,0.011,-0.089,0.77,-6.40,1489,1305,1053,0,0,10980,0.1162,-0.016,0.024,-0.076,0.60,-6.56,1508,4277,1247,0,0,10296,0.1040,0.022,0.024,-0.076,0.60,-6.56,1509,4025,1180,0,0
38.641,1755.0,-325.21,-7.61,-193.23,213.1,0.53,0.20,0.07,1.00,0.00,1.00,4,5704,997.5,2.14,-0.49,1.00,0.37,11159,1919,6786,0.0803,-0.022,0.012,-0.088,2.63,-4.53,1505,1269,2966,0,0,6543,0.0738,0.022,0.014,-0.086,3.55,-3.61,1506,1244,3774,0,0,10782,0.1147,-0.013,0.024,-0.076,0.23,-6.93,1524,4202,475,0,0,10409,0.1083,0.036,0.024,-0.076,0.23,-6.93,1524,4106,461,0,0
38.761,1762.1,-324.96,-7.62,-186.09,214.8,0.44,1.04,0.00,1.00,0.00,1.00,4,5772,994.4,2.16,-0.52,1.54,34.74,11370,1949,8184,0.0898,0.079,0.010,-0.090,0.45,-6.71,1527,1354,2764,0,0,5134,0.0673,-0.054,0.022,-0.078,0.70,-6.46,1518,1792,2387,0,0,12715,0.1236,0.074,0.021,-0.079,2.25,-4.91,1544,3604,4644,0,0,9205,0.1011,-0.060,0.037,-0.063,2.29,-4.88,1541,4691,3687,0,0
38.881,1769.3,-324.55,-7.62,-178.90,216.8,0.54,1.04,0.00,1.00,0.00,1.00,4,5823,992.0,2.17,-0.58,1.79,15.26,11594,1986,8111,0.0937,0.033,0.011,-0.089,2.53,-4.63,1535,1338,3817,0,0,5822,0.0648,-0.021,0.016,-0.084,2.79,-4.37,1530,1381,3079,0,0,12270,0.1273,0.031,0.028,-0.072,3.41,-3.75,1561,4120,6856,0,0,9361,0.0979,-0.027,0.036,-0.064,3.44,-3.72,1561,4132,5522,0,0
39.001,1776.6,-323.97,-7.61,-171.66,218.8,0.53,1.21,0.00,1.00,0.00,1.00,4,5869,989.7,2.18,-0.57,1.84,3.65,11820,2021,7674,0.0937,0.000,0.012,-0.088,2.41,-4.75,1546,1389,3513,0,0,6041,0.0632,-0.013,0.015,-0.085,2.65,-4.52,1547,1367,3077,0,0,11832,0.1279,0.005,0.028,-0.072,2.73,-4.43,1571,4407,5650,0,0,9337,0.0973,-0.005,0.031,-0.069,2.74,-4.42,1572,3922,4610,0,0
39.121,1783.9,-323.23,-7.61,-164.37,220.8,0.52,0.92,0.00,1.00,0.00,1.00,4,5912,987.6,2.19,-0.59,1.68,-1.82,11992,2060,7238,0.0916,-0.018,0.011,-0.089,1.54,-5.62,1558,1375,2207,0,0,6141,0.0663,0.026,0.013,-0.087,1.78,-5.38,1562,1291,2176,0,0,11454,0.1270,-0.008,0.026,-0.074,1.60,-5.56,1581,4401,3383,0,0,9853,0.1017,0.036,0.026,-0.074,1.60,-5.56,1582,3894,2976,0,0
39.241,1791.3,-322.39,-7.60,-157.02,223.0,0.51,0.49,0.00,1.00,0.00,1.00,4,5961,985.0,2.20,-0.62,1.38,-3.07,12147,2101,6772,0.0878,-0.032,0.011,-0.089,0.69,-6.48,1573,1346,945,0,0,6407,0.0721,0.049,0.011,-0.089,0.92,-6.24,1576,1287,1204,0,0,11657,0.1240,-0.024,0.024,-0.076,0.68,-6.48,1592,4402,1494,0,0,10961,0.1082,0.055,0.023,-0.077,0.68,-6.48,1593,4047,1418,0,0
39.361,1798.8,-321.50,-7.60,-149.59,225.1,0.51,0.17,0.00,1.00,0.00,1.00,4,6016,982.1,2.21,-0.62,1.09,-2.40,12354,2142,6996,0.0840,-0.032,0.011,-0.089,0.14,-7.02,1588,1336,207,0,0,7086,0.0774,0.044,0.010,-0.090,0.38,-6.78,1589,1310,553,0,0,11044,0.1201,-0.033,0.024,-0.076,0.16,-7.00,1608,4239,342,0,0,10960,0.1130,0.040,0.023,-0.077,0.16,-7.00,1609,4074,340,0,0
39.481,1806.3,-320.59,-7.59,-142.10,227.3,0.51,0.00,0.00,1.00,0.00,1.00,4,6073,978.9,2.23,-0.62,0.93,-1.36,12588,2183,6694,0.0808,-0.026,0.011,-0.089,-0.11,-7.06,1604,1322,-138,0,0,7266,0.0797,0.019,0.010,-0.090,0.13,-7.03,1604,1337,202,0,0,10910,0.1186,-0.013,0.023,-0.077,-0.05,-7.12,1624,4182,-89,0,0,11001,0.1170,0.033,0.023,-0.077,-0.05,-7.12,1624,4121,-90,0,0
39.601,1813.9,-319.68,-7.59,-134.54,229.4,0.50,-0.06,0.00,1.00,0.00,1.00,4,6130,975.6,2.24,-0.63,0.88,-0.58,12813,2224,6698,0.0805,-0.003,0.011,-0.089,-0.17,-6.99,1619,1324,-234,0,0,6782,0.0810,0.011,0.011,-0.089,0.07,-7.09,1619,1320,95,0,0,10855,0.1193,0.006,0.023,-0.077,-0.08,-7.08,1639,4151,-162,0,0,10956,0.1199,0.024,0.023,-0.077,-0.08,-7.08,1639,4141,-163,0,0
39.721,1821.6,-318.76,-7.58,-126.91,231.5,0.50,-0.06,-0.09,1.00,0.00,1.00,4,6184,972.4,2.25,-0.66,0.89,-0.18,13019,2265,6641,0.0814,0.008,0.011,-0.089,-0.16,-7.00,1634,1320,-219,0,0,6651,0.0822,0.010,0.011,-0.089,0.08,-7.08,1634,1319,111,0,0,11460,0.1204,0.009,0.023,-0.077,-0.05,-7.11,1653,4233,-106,0,0,11481,0.1212,0.011,0.022,-0.078,-0.05,-7.11,1653,4227,-106,0,0
39.841,1829.4,-317.91,-7.58,-119.21,233.3,0.45,-0.78,0.00,1.00,0.00,1.00,4,6239,969.1,2.27,-0.61,0.42,-24.85,13250,2301,6212,0.0754,-0.050,0.013,-0.087,-0.75,-6.41,1641,1451,-851,0,0,8074,0.0914,0.077,0.009,-0.091,-0.49,-6.67,1652,1246,-672,0,0,10445,0.1126,-0.065,0.030,-0.070,-1.75,-5.41,1669,4664,-3245,0,0,12628,0.1287,0.063,0.020,-0.080,-1.73,-5.43,1671,3666,-3648,0,0
39.961,1837.2,-317.17,-7.58,-111.42,235.3,0.51,-0.87,0.00,1.00,0.00,1.00,4,6297,965.4,2.28,-0.54,0.31,-9.99,13547,2339,6459,0.0735,-0.016,0.013,-0.087,-2.05,-5.11,1660,1352,-2567,0,0,7948,0.0929,0.012,0.010,-0.090,-1.79,-5.37,1663,1328,-2724,0,0,9955,0.1099,-0.023,0.030,-0.070,-2.39,-4.77,1687,4143,-4293,0,0,11767,0.1286,-0.001,0.025,-0.075,-2.38,-4.78,1687,4098,-4952,0,0
40.081,1845.1,-316.55,-7.58,-103.57,237.3,0.50,-0.95,0.00,1.00,0.00,1.00,4,6347,962.2,2.29,-0.51,0.30,-1.66,13792,2379,6282,0.0728,-0.005,0.013,-0.087,-1.83,-5.33,1676,1317,-2272,0,0,5834,0.0921,-0.007,0.014,-0.086,-1.46,-5.70,1676,1230,-1799,0,0,9965,0.1097,-0.002,0.027,-0.073,-1.81,-5.36,1700,3980,-3342,0,0,11442,0.1292,0.005,0.025,-0.075,-1.80,-5.36,1699,4264,-3760,0,0
40.201,1853.0,-316.05,-7.58,-95.64,239.3,0.49,-0.67,0.00,1.00,0.00,1.00,4,6392,959.2,2.30,-0.54,0.49,1.71,13972,2420,6551,0.0760,0.026,0.011,-0.089,-1.15,-6.01,1690,1305,-1521,0,0,6977,0.0908,-0.011,0.011,-0.089,-0.90,-6.26,1689,1354,-1269,0,0,11018,0.1145,0.040,0.023,-0.077,-0.97,-6.19,1710,4080,-2018,0,0,11744,0.1293,0.001,0.023,-0.077,-0.97,-6.19,1709,4351,-2129,0,0
40.321,1861.0,-315.61,-7.58,-87.65,239.4,0.04,-0.35,0.00,0.00,0.00,1.00,4,6210,-287.5,0.20,-0.50,0.74,2.18,14045,2423,7158,0.0830,0.059,-0.002,-0.098,-0.55,-6.61,1668,-319,-806,0,0,7215,0.0912,0.003,-0.002,-0.098,-0.29,-6.87,1667,-317,-435,0,0,11103,0.1176,0.026,-0.006,-0.094,-0.34,-6.82,1663,-1107,-731,0,0,11333,0.1258,-0.030,-0.005,-0.095,-0.34,-6.82,1662,-1047,-745,0,0
40.441,1869.0,-315.21,-7.59,-79.72,237.8,-0.39,-0.12,0.00,0.00,0.00,1.00,4,6168,-286.1,0.20,-0.34,0.94,1.49,14088,2388,8126,0.0911,0.068,-0.002,-0.098,-0.21,-6.96,1657,-343,-337,0,0,7933,0.0946,0.029,-0.002,-0.098,0.07,-7.09,1656,-338,108,0,0,10656,0.1163,-0.011,-0.006,-0.094,0.00,-7.16,1651,-1076,-17,0,0,11114,0.1197,-0.051,-0.005,-0.095,0.00,-7.16,1651,-1049,-18,0,0
40.561,1876.8,-314.82,-7.59,-71.91,230.3,-1.77,-0.02,0.00,0.00,0.00,1.00,4,5260,-255.3,0.20,0.04,1.07,0.77,13762,2238,9863,0.1015,0.086,-0.123,0.023,-0.06,-7.10,1421,-10033,-81,1755,1,9662,0.1020,0.062,-0.127,0.027,0.24,-6.92,1413,-9904,313,1755,1,9018,0.1100,-0.052,-0.117,0.017,0.12,-7.04,1408,-9262,150,3150,0,8736,0.1096,-0.084,-0.121,0.021,0.12,-7.04,1418,-9012,146,945,1
40.681,1884.4,-314.44,-7.60,-64.33,225.0,-1.26,0.02,0.00,0.00,1.00,1.00,4,5149,-249.5,0.20,0.19,1.14,0.19,13329,2136,8607,0.1054,0.033,-0.126,0.026,-0.02,-7.14,1381,-8940,-26,1755,1,8424,0.1037,0.014,-0.115,0.015,0.29,-6.87,1371,-8704,349,5850,0,9420,0.1079,-0.018,-0.122,0.022,0.15,-7.02,1387,-9636,189,945,1,9198,0.1062,-0.028,-0.122,0.022,0.15,-7.02,1387,-9445,185,945,1
40.801,1891.6,-314.07,-7.60,-57.06,214.1,-2.56,0.01,0.00,0.00,0.00,1.00,4,5497,-263.3,0.20,0.49,1.17,-0.03,12480,1936,8976,0.1144,0.074,-0.005,-0.095,-0.03,-7.13,1488,-1077,-59,0,0,8830,0.1129,0.077,-0.005,-0.095,0.31,-6.85,1488,-1095,531,0,0,9091,0.0981,-0.082,-0.023,-0.077,0.13,-7.03,1467,-4140,236,0,0,8915,0.0966,-0.080,-0.023,-0.077,0.13,-7.03,1466,-4102,232,0,0
40.921,1898.7,-313.72,-7.60,-50.04,206.8,-1.73,0.01,0.00,0.00,1.00,1.00,4,4734,-230.7,0.20,0.46,1.19,-0.12,11611,1806,9342,0.1114,-0.025,-0.122,0.022,-0.05,-7.11,1277,-9621,-62,1755,1,9238,0.1107,-0.018,-0.119,0.019,0.28,-6.88,1256,-9482,362,5850,0,8676,0.0956,-0.020,-0.126,0.026,0.11,-7.05,1272,-8997,133,945,1,9242,0.0941,-0.020,-0.118,0.018,0.11,-7.05,1265,-9472,142,3150,0
41.041,1905.4,-313.38,-7.59,-43.31,201.0,-1.36,-0.19,-0.21,0.00,0.17,1.00,4,5206,-251.5,0.20,0.45,1.11,-10.30,10951,1707,7085,0.1053,-0.051,-0.003,-0.097,-5.02,-2.14,1391,-207,-5901,0,0,8496,0.1063,-0.037,-0.004,-0.096,-3.58,-3.59,1400,-392,-5438,0,0,8898,0.0926,-0.025,-0.005,-0.095,-0.09,-7.07,1393,-730,-114,0,0,9825,0.0936,-0.005,-0.007,-0.093,-0.09,-7.07,1398,-1147,-123,0,0
41.161,1912.0,-313.13,-7.59,-36.76,192.4,-2.01,-0.58,0.00,0.00,0.00,1.00,4,4937,-239.4,0.20,0.46,0.85,-14.07,10076,1565,7965,0.0998,-0.046,-0.005,-0.095,-1.18,-5.98,1332,-1022,-1779,0,0,8873,0.1107,0.037,-0.004,-0.096,-0.86,-6.31,1344,-940,-1406,0,0,8190,0.0861,-0.055,-0.023,-0.077,-1.80,-5.36,1312,-3616,-2739,0,0,9319,0.0970,0.029,-0.026,-0.074,-1.78,-5.38,1319,-4479,-3028,0,0
41.281,1918.3,-312.96,-7.59,-30.45,185.5,-1.61,-0.65,-0.10,0.96,1.00,1.00,4,4285,209.8,0.74,0.52,0.75,-5.81,9404,1455,8583,0.0967,-0.026,-0.130,0.030,-1.71,-5.45,1134,-8741,-1960,1755,1,9629,0.1125,0.015,-0.118,0.018,-1.39,-5.77,1129,-9660,-1809,5850,0,7368,0.0786,-0.062,-0.104,0.004,-1.90,-5.26,1151,-7189,-2115,3150,0,9523,0.0933,-0.031,-0.100,0.000,-1.90,-5.27,1161,-8965,-2666,3150,0
41.401,1924.3,-312.91,-7.58,-24.44,177.3,-1.89,-1.23,-0.33,0.34,0.52,1.00,4,4157,212.8,0.73,0.69,0.40,-23.04,8738,1329,6890,0.0915,-0.043,-0.120,0.020,-16.85,9.69,1036,-3057,-6966,905,1,9618,0.1171,0.039,-0.124,0.024,-13.18,6.02,1068,-4971,-9020,905,1,6317,0.0682,-0.087,-0.048,-0.052,-2.48,-4.68,1168,-4004,-2816,1624,0,9561,0.0939,0.005,-0.044,-0.056,-2.45,-4.71,1189,-5510,-4055,1624,0
41.521,1930.1,-313.06,-7.57,-18.68,169.3,-1.75,-1.61,-0.36,0.00,1.00,1.00,4,3689,-187.7,0.20,0.66,0.10,-38.45,7980,1212,6892,0.0842,-0.061,-0.195,0.095,-19.61,12.45,882,-3916,-6497,1755,1,9786,0.1208,0.031,-0.127,0.027,-15.61,8.45,1003,-4588,-9347,1755,1,6824,0.0613,-0.057,-0.123,0.023,-4.93,-2.23,1027,-6130,-4098,945,1,10238,0.0980,0.034,-0.125,0.025,-4.81,-2.35,1051,-8894,-5702,945,1
41.641,1935.5,-313.41,-7.57,-13.21,161.3,-1.68,-1.78,-0.40,0.00,0.95,1.00,4,3470,-177.5,0.20,0.82,-0.07,-41.58,7318,1101,6329,0.0769,-0.061,-0.192,0.092,-23.33,16.17,819,-3130,-6199,1361,1,10332,0.1200,-0.007,-0.131,0.031,-19.01,11.85,936,-4208,-9958,1361,1,5796,0.0542,-0.060,-0.121,0.021,-7.78,0.61,973,-4425,-4735,733,1,9685,0.0957,-0.019,-0.124,0.024,-7.56,0.40,998,-7124,-7375,733,1
41.761,1940.8,-313.96,-7.57,-8.02,153.4,-1.53,-1.95,-0.42,0.00,0.61,1.00,4,3248,-165.2,0.20,0.82,-0.17,-37.65,6649,997,6050,0.0733,-0.030,-0.208,0.108,-27.33,20.17,740,-2850,-5957,1069,1,9275,0.1193,-0.006,-0.126,0.026,-22.61,15.45,873,-3194,-9211,1069,1,6115,0.0512,-0.025,-0.120,0.020,-10.02,2.86,915,-3990,-5587,1918,0,10275,0.0974,0.014,-0.116,0.016,-9.76,2.60,944,-6365,-8817,1918,0
41.881,1945.8,-314.74,-7.57,-3.07,149.0,-0.63,-2.18,0.00,1.00,0.00,1.00,4,3925,902.8,1.72,0.78,-0.44,-33.58,6215,939,4606,0.0617,-0.096,0.019,-0.081,-8.66,1.50,1033,609,-4970,0,0,9585,0.1173,-0.017,0.008,-0.092,-8.18,1.02,1048,538,-9561,0,0,6078,0.0478,-0.028,0.051,-0.049,-10.91,3.74,1066,1695,-6523,0,0,11287,0.1014,0.034,0.026,-0.074,-10.65,3.49,1067,1498,-11471,0,0
42.001,1950.7,-315.82,-7.57,1.77,148.8,0.40,-2.25,0.00,1.00,0.00,1.00,4,3946,906.5,1.73,0.36,-0.61,-23.95,5963,935,4182,0.0485,-0.111,0.027,-0.073,-8.72,1.56,1043,815,-4521,0,0,8213,0.1086,-0.072,0.013,-0.087,-8.34,1.18,1048,795,-8385,0,0,7208,0.0553,0.063,0.054,-0.046,-10.33,3.17,1071,2289,-7508,0,0,12453,0.1156,0.118,0.035,-0.065,-10.15,2.99,1070,2395,-11898,0,0
42.121,1955.7,-317.20,-7.58,6.53,148.8,0.37,-2.17,0.00,1.00,0.00,1.00,4,3943,906.0,1.73,0.27,-0.59,-12.91,5851,934,4370,0.0419,-0.054,0.022,-0.078,-7.55,0.39,1047,784,-4551,0,0,8760,0.1023,-0.052,0.012,-0.088,-7.26,0.10,1046,810,-8533,0,0,6797,0.0568,0.013,0.044,-0.056,-8.40,1.24,1069,2129,-6902,0,0,11661,0.1161,0.004,0.032,-0.068,-8.32,1.16,1067,2565,-11189,0,0
42.241,1960.6,-318.87,-7.60,11.19,148.0,0.07,-2.06,0.00,0.00,0.00,1.00,4,3812,-192.1,0.20,0.26,-0.44,-4.66,5748,924,5257,0.0448,0.024,-0.004,-0.096,-5.45,-1.71,1022,-230,-4740,0,0,8586,0.1018,-0.004,-0.003,-0.097,-5.22,-1.95,1027,-280,-7210,0,0,6892,0.0572,0.003,-0.009,-0.091,-5.73,-1.43,1017,-591,-6246,0,0,11359,0.1142,-0.016,-0.008,-0.092,-5.71,-1.45,1021,-913,-9646,0,0
42.361,1965.5,-320.75,-7.61,15.72,146.6,-0.21,-1.60,0.00,0.00,0.00,1.00,4,3794,-191.3,0.20,0.38,-0.10,-0.05,5665,907,5916,0.0520,0.060,-0.003,-0.097,-3.22,-3.94,1018,-241,-3652,0,0,8565,0.0992,-0.022,-0.002,-0.098,-2.99,-4.17,1019,-283,-4796,0,0,7109,0.0576,0.003,-0.007,-0.093,-3.16,-4.00,1014,-682,-4253,0,0,10155,0.1048,-0.078,-0.006,-0.094,-3.16,-4.00,1016,-806,-5821,0,0
42.481,1970.4,-322.78,-7.63,20.14,145.5,-0.21,-0.96,-0.09,0.00,0.00,1.00,4,3775,-190.5,0.20,0.35,0.53,1.11,5571,894,7065,0.0630,0.091,-0.002,-0.098,-1.62,-5.54,1014,-258,-2305,0,0,7661,0.0936,-0.047,-0.002,-0.098,-1.38,-5.78,1013,-260,-2138,0,0,8419,0.0651,0.063,-0.005,-0.095,-1.45,-5.71,1010,-749,-2430,0,0,9610,0.0955,-0.077,-0.005,-0.095,-1.45,-5.71,1010,-754,-2730,0,0
42.601,1975.2,-324.91,-7.64,24.47,144.1,-0.29,-1.21,-0.45,0.00,0.00,1.00,4,3681,-186.6,0.20,0.36,0.57,-29.41,5483,876,5753,0.0642,0.011,0.011,-0.089,-17.89,10.72,957,234,-6416,0,0,8338,0.0930,-0.004,0.001,-0.099,-13.83,6.67,987,11,-9014,0,0,7171,0.0658,0.005,-0.002,-0.098,-2.07,-5.09,993,-193,-2762,0,0,10323,0.0946,-0.008,-0.007,-0.093,-2.03,-5.13,1009,-1174,-3730,0,0
42.721,1980.0,-327.22,-7.66,28.63,141.7,-0.42,-1.75,-0.47,0.00,0.00,1.00,4,3545,-180.8,0.20,0.49,0.12,-48.62,5371,848,6011,0.0590,-0.044,-0.001,-0.099,-23.53,16.37,888,-11,-6569,0,0,9832,0.1032,0.085,-0.005,-0.095,-18.53,11.37,948,-156,-10331,0,0,6474,0.0561,-0.081,-0.001,-0.099,-5.07,-2.09,968,-73,-5369,0,0,11108,0.0999,0.044,-0.011,-0.089,-4.89,-2.27,995,-1248,-8413,0,0
42.841,1984.7,-329.70,-7.67,32.58,138.8,-0.40,-2.11,-0.48,0.00,0.00,1.00,4,3428,-175.1,0.20,0.56,-0.28,-49.53,5228,814,5079,0.0543,-0.039,0.000,-0.100,-26.56,19.40,848,5,-5577,0,0,9281,0.1098,0.055,-0.003,-0.097,-21.35,14.19,914,-80,-9753,0,0,6115,0.0507,-0.045,-0.001,-0.099,-7.76,0.60,944,-63,-6290,0,0,11425,0.1061,0.052,-0.013,-0.087,-7.47,0.31,969,-1195,-10734,0,0
42.961,1989.2,-332.38,-7.68,36.28,135.6,-0.40,-2.20,-0.49,0.00,0.00,1.00,4,3304,-168.6,0.20,0.66,-0.39,-43.76,5039,777,1429,0.0509,-0.028,0.012,-0.088,-29.40,22.24,808,11,-1636,0,0,10266,0.1128,0.025,-0.003,-0.097,-23.82,16.65,875,-93,-10564,0,0,6191,0.0461,-0.038,-0.002,-0.098,-9.50,2.34,919,-77,-6694,0,0,11236,0.1064,0.002,-0.015,-0.085,-9.18,2.02,940,-1108,-11206,0,0
43.081,1993.7,-335.21,-7.69,39.70,131.3,-0.62,-2.22,-0.50,0.00,0.30,0.64,4,2890,-146.8,0.20,0.65,-0.39,-34.55,4767,729,5652,0.0541,0.027,-0.121,0.021,-31.27,24.11,676,-1457,-5939,521,1,9372,0.1145,0.014,-0.117,0.017,-25.73,18.57,732,-2701,-9371,1735,0,6144,0.0466,0.004,-0.069,-0.031,-10.23,3.07,829,-2428,-6354,934,0,11068,0.1070,0.005,-0.070,-0.030,-9.95,2.79,854,-4287,-10582,934,0
43.201,1997.9,-338.11,-7.69,42.80,124.7,-1.21,-1.98,-0.53,0.00,0.19,0.36,3,2755,-138.7,0.20,0.90,-0.18,-26.85,4392,658,6322,0.0603,0.052,-0.128,0.028,-32.93,25.77,628,-1635,-6558,499,1,9460,0.1156,0.009,-0.123,0.023,-27.16,20.00,687,-2651,-9433,499,1,5181,0.0412,-0.045,-0.089,-0.011,-10.23,3.07,771,-2588,-5238,896,0,9867,0.0959,-0.093,-0.088,-0.012,-9.99,2.83,790,-4478,-9388,896,0
43.321,2001.9,-341.03,-7.69,45.58,118.2,-1.19,-2.01,-0.56,0.00,0.36,1.00,3,3214,-163.7,0.20,0.85,-0.10,-21.99,3965,592,6167,0.0644,0.034,-0.162,0.062,-33.63,26.47,567,-1855,-6340,818,1,9528,0.1180,0.020,-0.127,0.027,-27.64,20.48,644,-2730,-9464,818,1,6004,0.0398,-0.011,-0.118,0.018,-9.49,2.33,709,-3997,-5429,1469,0,10437,0.0935,-0.020,-0.121,0.021,-9.30,2.14,731,-6576,-8826,441,1
43.441,2005.8,-343.96,-7.68,48.03,112.5,-1.05,-1.95,-0.58,0.38,0.00,1.00,3,3524,172.4,0.60,0.86,-0.06,-16.70,3593,536,5647,0.0621,-0.019,-0.016,-0.084,-33.41,26.25,641,-278,-6058,0,0,9273,0.1158,-0.018,-0.005,-0.095,-27.24,20.08,700,-207,-9590,0,0,5293,0.0375,-0.019,0.011,-0.089,-7.77,0.61,783,359,-5545,0,0,9845,0.0896,-0.032,-0.001,-0.099,-7.65,0.48,785,-126,-9651,0,0
43.561,2009.5,-346.96,-7.67,50.20,110.5,-0.23,-2.02,-0.59,0.97,0.00,1.00,3,3646,679.3,1.40,0.50,-0.13,-18.32,3356,516,5123,0.0555,-0.055,0.072,-0.028,-31.45,24.29,700,748,-5515,0,0,8833,0.1115,-0.035,0.027,-0.073,-25.24,18.08,723,565,-9222,0,0,5897,0.0394,0.015,0.040,-0.060,-5.58,-1.58,793,2203,-5170,0,0,10687,0.0951,0.046,0.022,-0.078,-5.49,-1.68,793,2122,-8883,0,0
43.681,2013.1,-350.09,-7.67,52.13,110.2,0.09,-1.83,-0.59,1.00,0.00,1.00,3,3708,870.8,1.67,0.21,-0.02,-23.05,3258,513,4723,0.0477,-0.065,0.106,0.006,-29.73,22.57,731,1108,-5064,0,0,8219,0.1016,-0.083,0.042,-0.058,-23.54,16.38,743,927,-8663,0,0,6648,0.0474,0.067,0.043,-0.057,-4.23,-2.93,793,3167,-4756,0,0,10744,0.1003,0.043,0.022,-0.078,-4.14,-3.03,794,2664,-7373,0,0
43.801,2016.8,-353.34,-7.66,53.84,110.1,0.12,-1.73,-0.59,1.00,0.00,1.00,3,3713,871.6,1.67,0.18,0.13,-33.04,3226,512,5713,0.0472,-0.004,0.099,-0.001,-28.84,21.67,727,1285,-6064,0,0,8823,0.0963,-0.044,0.038,-0.062,-22.67,15.50,748,965,-9246,0,0,6477,0.0480,0.005,0.049,-0.051,-4.29,-2.88,793,3420,-4584,0,0,10563,0.0973,-0.024,0.021,-0.079,-4.15,-3.01,796,2408,-7223,0,0
43.921,2020.5,-356.69,-7.65,55.32,109.9,0.13,-1.82,-0.59,1.00,0.00,1.00,3,3717,872.1,1.67,0.11,0.09,-39.91,3202,510,4788,0.0460,-0.010,0.109,0.009,-29.08,21.91,729,1176,-5126,0,0,8286,0.0967,0.003,0.041,-0.059,-22.89,15.72,749,938,-8743,0,0,6703,0.0485,0.004,0.055,-0.045,-5.17,-1.99,793,3532,-5297,0,0,11211,0.0992,0.015,0.020,-0.080,-4.97,-2.19,797,2258,-8599,0,0
44.041,2024.1,-360.13,-7.65,56.56,109.7,0.15,-1.87,-0.59,1.00,0.00,1.00,3,3713,871.5,1.67,0.20,0.03,-41.43,3205,508,4743,0.0433,-0.023,0.114,0.014,-29.79,22.63,724,1190,-5068,0,0,8359,0.0969,0.002,0.042,-0.058,-23.56,16.40,745,945,-8796,0,0,6024,0.0462,-0.019,0.064,-0.036,-6.01,-1.15,797,3308,-5144,0,0,10596,0.0986,-0.005,0.025,-0.075,-5.77,-1.39,799,2416,-8915,0,0
44.161,2027.8,-363.65,-7.64,57.53,109.3,0.15,-1.94,-0.59,1.00,0.00,1.00,3,3693,868.6,1.67,0.26,-0.03,-41.74,3192,505,4901,0.0436,0.003,0.113,0.013,-30.50,23.33,716,1188,-5227,0,0,8662,0.0988,0.016,0.041,-0.059,-24.23,17.07,738,936,-9063,0,0,5934,0.0440,-0.018,0.068,-0.032,-6.70,-0.46,796,3209,-5319,0,0,10739,0.0989,0.003,0.028,-0.072,-6.44,-0.73,798,2497,-9506,0,0
44.281,2031.4,-367.22,-7.64,58.23,109.2,0.22,-1.96,0.00,1.00,0.00,1.00,3,3797,884.1,1.69,0.28,-0.06,-37.29,3184,503,4551,0.0412,-0.020,0.023,-0.077,-3.42,-3.74,762,1326,-3236,0,0,8428,0.0980,-0.007,0.008,-0.092,-3.09,-4.08,779,1025,-5143,0,0,6307,0.0450,0.008,0.066,-0.034,-6.96,-0.21,795,3211,-5770,0,0,10957,0.1013,0.020,0.030,-0.070,-6.71,-0.46,797,2573,-9854,0,0
44.401,2035.1,-370.86,-7.64,58.69,110.6,0.51,-1.61,0.00,1.00,0.00,1.00,3,3828,888.6,1.70,0.23,0.21,-17.37,3219,516,4821,0.0417,0.004,0.017,-0.083,-3.80,-3.36,777,1047,-3381,0,0,7410,0.0906,-0.061,0.010,-0.090,-3.54,-3.62,784,956,-4758,0,0,7124,0.0499,0.041,0.046,-0.054,-5.39,-1.77,799,3159,-5943,0,0,10697,0.0988,-0.021,0.029,-0.071,-5.30,-1.86,799,2984,-8648,0,0
44.521,2038.8,-374.57,-7.64,58.93,112.2,0.48,-1.36,0.00,1.00,0.00,1.00,3,3865,894.2,1.71,0.08,0.51,-5.21,3267,531,5273,0.0454,0.031,0.012,-0.088,-2.53,-4.63,790,954,-2661,0,0,7131,0.0859,-0.039,0.009,-0.091,-2.33,-4.84,792,947,-3250,0,0,7943,0.0557,0.048,0.030,-0.070,-2.96,-4.20,804,3085,-4396,0,0,10614,0.0962,-0.021,0.024,-0.076,-2.94,-4.22,803,3225,-5673,0,0
44.641,2042.6,-378.34,-7.65,59.04,114.1,0.46,-0.79,0.00,1.00,0.00,1.00,3,3922,902.8,1.72,0.03,1.02,-0.19,3365,549,6053,0.0515,0.051,0.009,-0.091,-1.24,-5.92,804,943,-1563,0,0,6570,0.0779,-0.067,0.009,-0.091,-1.05,-6.12,803,950,-1432,0,0,8255,0.0637,0.067,0.024,-0.076,-1.19,-5.98,815,3132,-1971,0,0,9211,0.0890,-0.060,0.023,-0.077,-1.18,-5.98,815,3314,-2172,0,0
44.761,2046.4,-382.18,-7.65,59.07,116.0,0.46,-0.46,-0.19,1.00,0.00,1.00,3,3988,912.7,1.74,-0.05,1.47,-5.42,3471,567,6249,0.0595,0.067,0.013,-0.087,-3.83,-3.33,816,964,-4369,0,0,6744,0.0718,-0.051,0.009,-0.091,-2.83,-4.33,818,881,-3677,0,0,8433,0.0701,0.053,0.025,-0.075,-0.44,-6.72,828,3383,-721,0,0,9182,0.0825,-0.055,0.021,-0.079,-0.44,-6.72,829,3148,-777,0,0
44.881,2050.3,-386.07,-7.65,58.97,117.1,0.31,-1.19,-0.56,1.00,0.00,1.00,3,4014,916.8,1.74,-0.01,1.01,-39.54,3550,578,4789,0.0527,-0.056,0.091,-0.009,-22.65,15.49,808,1268,-5202,0,0,7936,0.0792,0.061,0.036,-0.064,-17.42,10.26,822,1054,-8540,0,0,6938,0.0636,-0.054,0.044,-0.056,-2.45,-4.71,838,4053,-2960,0,0,10615,0.0900,0.063,0.015,-0.085,-2.37,-4.79,844,2186,-4332,0,0
45.001,2054.2,-389.96,-7.65,58.65,117.3,0.21,-1.68,0.00,1.00,0.00,1.00,3,4058,922.4,1.75,0.20,0.42,-51.47,3614,581,4503,0.0452,-0.063,0.013,-0.087,-0.76,-6.40,811,463,-4847,0,0,8453,0.0902,0.092,0.001,-0.099,-0.52,-6.64,840,-223,-7807,0,0,5992,0.0520,-0.097,0.062,-0.038,-5.32,-1.84,849,3498,-4732,0,0,11148,0.0968,0.057,0.019,-0.081,-5.08,-2.08,853,2113,-8591,0,0
45.121,2058.2,-393.87,-7.65,58.11,118.9,0.53,-1.43,-0.17,1.00,0.00,1.00,3,4119,932.6,1.77,0.17,0.46,-25.05,3694,597,4870,0.0455,0.002,0.025,-0.075,-7.10,-0.06,834,1075,-4558,0,0,7619,0.0889,-0.011,0.013,-0.087,-6.01,-1.15,845,994,-6359,0,0,7496,0.0551,0.026,0.049,-0.051,-5.43,-1.73,859,3457,-6182,0,0,11110,0.0985,0.014,0.028,-0.072,-5.31,-1.85,861,2911,-8910,0,0
45.241,2062.2,-397.77,-7.66,57.32,119.8,0.38,-1.88,0.00,1.00,0.00,1.00,3,4128,934.0,1.77,0.24,0.23,-30.02,3751,605,4607,0.0409,-0.038,0.092,-0.008,-22.25,15.08,833,1267,-5010,0,0,8356,0.0920,0.026,0.040,-0.060,-17.73,10.57,838,1197,-8920,0,0,6365,0.0521,-0.024,0.053,-0.047,-4.94,-2.23,867,3356,-4946,0,0,11027,0.1021,0.030,0.027,-0.073,-4.81,-2.36,868,2973,-8274,0,0
45.361,2066.2,-401.65,-7.67,56.29,121.1,0.47,-1.62,-0.22,1.00,0.00,1.00,3,4192,943.7,1.79,0.26,0.34,-24.74,3826,619,4948,0.0431,0.019,0.043,-0.057,-12.65,5.49,851,1103,-5486,0,0,7996,0.0908,-0.010,0.021,-0.079,-10.21,3.05,858,1011,-8424,0,0,6884,0.0537,0.013,0.047,-0.053,-4.49,-2.67,875,3415,-5072,0,0,10837,0.1010,-0.010,0.026,-0.074,-4.40,-2.76,876,3011,-7710,0,0
45.481,2070.2,-405.50,-7.68,55.00,122.1,0.40,-1.76,0.00,1.00,0.00,1.00,3,4230,949.5,1.79,0.32,0.27,-29.58,3894,630,4770,0.0416,-0.013,0.017,-0.083,-2.22,-4.95,854,1252,-2221,0,0,7779,0.0917,0.007,0.008,-0.092,-1.96,-5.20,869,994,-3049,0,0,6857,0.0528,-0.007,0.051,-0.049,-4.71,-2.45,883,3571,-5145,0,0,10872,0.1029,0.016,0.026,-0.074,-4.59,-2.58,885,2932,-7916,0,0
45.601,2074.3,-409.31,-7.70,53.49,123.7,0.49,-1.49,-0.29,1.00,0.00,1.00,3,4278,956.9,1.81,0.34,0.48,-22.60,3974,646,4841,0.0441,0.021,0.045,-0.055,-13.10,5.94,870,1099,-5378,0,0,8176,0.0882,-0.029,0.022,-0.078,-10.50,3.34,875,1070,-8618,0,0,6917,0.0562,0.028,0.044,-0.056,-3.93,-3.24,892,3446,-4642,0,0,10915,0.0996,-0.027,0.025,-0.075,-3.85,-3.31,893,3120,-7034,0,0
45.721,2078.5,-413.06,-7.72,51.74,124.7,0.37,-1.72,0.00,1.00,0.00,1.00,3,4315,962.7,1.81,0.39,0.35,-30.56,4046,656,4873,0.0433,-0.006,0.016,-0.084,-1.93,-5.23,871,1279,-2015,0,0,7850,0.0916,0.029,0.008,-0.092,-1.68,-5.48,887,1002,-2671,0,0,7102,0.0544,-0.015,0.049,-0.051,-4.45,-2.71,900,3703,-5116,0,0,11046,0.1027,0.026,0.025,-0.075,-4.34,-2.82,902,2921,-7708,0,0
45.841,2082.7,-416.77,-7.75,49.79,126.5,0.53,-1.22,0.00,1.00,0.00,1.00,3,4368,971.5,1.83,0.41,0.68,-10.88,4149,676,5484,0.0466,0.027,0.012,-0.088,-2.55,-4.61,889,1269,-2684,0,0,7272,0.0853,-0.052,0.010,-0.090,-2.33,-4.83,895,1045,-3248,0,0,7700,0.0602,0.048,0.036,-0.064,-3.39,-3.78,910,3411,-4667,0,0,10140,0.0976,-0.042,0.027,-0.073,-3.35,-3.81,911,3310,-5976,0,0
45.961,2086.9,-420.47,-7.78,47.67,128.6,0.51,-0.87,0.18,1.00,0.00,1.00,3,4425,979.7,1.84,0.29,1.10,2.82,4239,698,6113,0.0531,0.054,0.009,-0.091,0.54,-6.62,907,1012,670,0,0,6549,0.0806,-0.039,0.010,-0.090,1.44,-5.73,906,1092,1856,0,0,8587,0.0664,0.051,0.024,-0.076,-1.72,-5.44,920,3243,-2904,0,0,10077,0.0937,-0.032,0.024,-0.076,-1.72,-5.44,919,3764,-3335,0,0
46.081,2091.2,-424.22,-7.80,45.53,130.0,0.35,0.70,0.51,1.00,0.00,1.00,3,4482,988.5,1.85,0.14,2.41,46.62,4342,713,8261,0.0721,0.158,0.031,-0.069,15.21,8.05,921,1094,8881,0,0,4424,0.0608,-0.165,0.084,-0.016,19.95,12.79,908,1236,4852,0,0,10990,0.0866,0.169,0.015,-0.085,2.05,-5.12,938,2339,3762,0,0,6941,0.0753,-0.154,0.046,-0.054,2.12,-5.04,932,4387,2491,0,0
46.201,2095.6,-428.08,-7.81,43.54,130.4,0.26,1.61,0.51,1.00,0.00,1.00,3,4492,990.1,1.86,-0.13,3.59,57.46,4434,718,9157,0.0926,0.171,0.040,-0.060,20.29,13.13,907,1136,9605,0,0,4317,0.0474,-0.112,0.117,0.017,25.73,18.57,893,1288,4637,0,0,11897,0.1017,0.126,0.027,-0.073,5.98,-1.18,955,2806,9902,0,0,6188,0.0566,-0.156,0.073,-0.027,6.27,-0.90,952,3733,5210,0,0
46.321,2099.9,-432.06,-7.80,41.77,131.4,0.49,1.73,0.00,1.00,0.00,1.00,3,4586,993.8,1.88,-0.45,3.85,41.67,4542,729,7956,0.0953,0.022,0.012,-0.088,4.91,-2.25,938,1068,6309,0,0,4453,0.0413,-0.051,0.027,-0.073,5.29,-1.87,919,1260,3839,0,0,11464,0.1086,0.058,0.041,-0.059,8.28,1.12,964,3149,10866,0,0,6880,0.0546,-0.016,0.076,-0.024,8.57,1.40,964,3454,6590,0,0
46.441,2104.3,-436.17,-7.79,40.18,132.7,0.50,1.23,-0.38,1.00,0.00,1.00,3,4612,994.4,1.88,-0.65,3.45,-7.14,4591,743,7012,0.0898,-0.045,0.022,-0.078,-7.43,0.27,937,1238,-6760,0,0,6160,0.0462,0.041,0.013,-0.087,-4.09,-3.07,940,1017,-4044,0,0,9835,0.1031,-0.046,0.050,-0.050,7.06,-0.10,964,3727,8984,0,0,8512,0.0599,0.044,0.047,-0.053,7.02,-0.14,966,3187,7942,0,0
46.561,2108.8,-440.32,-7.76,38.60,133.6,0.20,-0.38,-0.50,1.00,0.00,1.00,3,4611,994.3,1.88,-0.46,2.10,-81.17,4586,753,4730,0.0692,-0.172,0.076,-0.024,-19.02,11.86,922,1242,-5188,0,0,8074,0.0675,0.178,0.026,-0.074,-14.07,6.90,961,953,-8717,0,0,7502,0.0835,-0.163,0.055,-0.045,-1.85,-5.31,953,5433,-2019,0,0,10805,0.0818,0.183,0.007,-0.093,-1.74,-5.42,970,1156,-2804,0,0
46.681,2113.2,-444.42,-7.74,36.85,134.2,0.39,-1.76,0.00,1.00,0.00,1.00,3,4700,996.3,1.91,-0.13,0.67,-79.33,4702,761,4269,0.0474,-0.181,0.021,-0.079,-2.80,-4.36,922,1365,-2184,0,0,9158,0.0916,0.200,0.008,-0.092,-2.42,-4.74,969,1067,-3784,0,0,6241,0.0596,-0.198,0.099,-0.001,-9.02,1.86,992,3786,-5774,0,0,12336,0.1037,0.182,0.034,-0.066,-8.47,1.31,995,2751,-11382,0,0
46.801,2117.7,-448.44,-7.72,34.84,135.2,0.63,-1.94,0.00,1.00,0.00,1.00,3,4747,997.3,1.92,-0.01,0.28,-57.09,4820,771,4133,0.0400,-0.061,0.040,-0.060,-8.01,0.85,944,1269,-4279,0,0,8235,0.0949,0.028,0.016,-0.084,-7.45,0.29,967,1082,-8051,0,0,6847,0.0573,-0.020,0.105,0.005,-12.36,5.20,1003,3402,-6806,0,0,12049,0.1122,0.071,0.055,-0.045,-11.82,4.66,1003,3257,-11863,0,0
46.921,2122.3,-452.33,-7.71,32.56,135.5,0.64,-2.16,0.00,1.00,0.00,1.00,3,4770,997.8,1.92,0.16,0.13,-46.88,4889,776,4292,0.0369,-0.027,0.049,-0.051,-10.51,3.35,952,1264,-4689,0,0,8301,0.0966,0.014,0.022,-0.078,-9.93,2.76,964,1123,-8720,0,0,6513,0.0542,-0.026,0.113,0.013,-14.04,6.87,1011,3140,-6554,0,0,12037,0.1134,0.011,0.070,-0.030,-13.53,6.37,1009,3615,-11811,0,0
47.041,2126.8,-456.06,-7.70,30.00,135.7,0.63,-2.23,0.00,1.00,0.00,1.00,3,4769,997.8,1.92,0.25,0.07,-39.37,4917,777,4296,0.0369,0.000,0.052,-0.048,-11.80,4.63,956,1225,-4746,0,0,8274,0.0976,0.009,0.026,-0.074,-11.23,4.07,962,1168,-8816,0,0,6886,0.0546,0.003,0.112,0.012,-14.73,7.57,1010,3147,-6956,0,0,12083,0.1153,0.016,0.075,-0.025,-14.29,7.12,1008,3675,-11790,0,0
47.161,2131.3,-459.59,-7.70,27.18,135.7,0.62,-2.22,0.00,1.00,0.00,1.00,3,4771,997.8,1.92,0.38,0.06,-32.33,4928,778,4376,0.0362,-0.006,0.052,-0.048,-12.13,4.97,958,1195,-4848,0,0,8326,0.0976,0.000,0.027,-0.073,-11.62,4.46,960,1190,-8887,0,0,6574,0.0538,-0.007,0.110,0.010,-14.53,7.37,1011,3003,-6676,0,0,12005,0.1141,-0.010,0.078,-0.022,-14.17,7.00,1008,3851,-11738,0,0
47.281,2135.8,-462.91,-7.70,24.10,135.8,0.61,-2.24,0.00,1.00,0.00,1.00,3,4769,997.8,1.92,0.42,0.06,-26.21,4920,779,4343,0.0369,0.006,0.049,-0.051,-11.66,4.50,961,1164,-4811,0,0,8269,0.0978,0.001,0.027,-0.073,-11.22,4.06,961,1213,-8809,0,0,6937,0.0540,0.002,0.100,0.000,-13.60,6.44,1008,3061,-7055,0,0,12078,0.1149,0.007,0.074,-0.026,-13.32,6.16,1005,3847,-11742,0,0
47.401,2140.4,-466.01,-7.72,20.80,136.3,0.61,-2.18,0.24,1.00,0.00,1.00,3,4776,997.9,1.92,0.49,0.09,-17.35,4927,784,4560,0.0361,-0.006,0.025,-0.075,-3.91,-3.25,964,1327,-3746,0,0,8234,0.0972,-0.005,0.011,-0.089,-1.75,-5.41,965,1309,-4352,0,0,6776,0.0540,0.000,0.087,-0.013,-11.85,4.69,1008,2961,-6910,0,0,11547,0.1137,-0.010,0.068,-0.032,-11.68,4.52,1005,3846,-11304,0,0
47.521,2144.9,-468.97,-7.74,17.32,137.3,0.36,-0.87,0.00,1.00,0.00,1.00,3,4767,997.7,1.92,0.32,1.11,62.86,4872,796,6949,0.0520,0.133,0.016,-0.084,8.74,1.57,992,819,7207,0,0,6093,0.0843,-0.108,0.047,-0.053,13.39,6.23,959,1369,6662,0,0,9193,0.0676,0.113,0.021,-0.079,-4.64,-2.52,996,2125,-7373,0,0,9414,0.0997,-0.116,0.061,-0.039,-4.87,-2.29,986,5188,-7193,0,0
47.641,2149.5,-471.89,-7.75,13.75,139.3,0.46,-0.56,0.00,1.00,0.00,1.00,3,4801,998.4,1.93,0.02,1.78,38.03,4953,819,6462,0.0599,0.065,0.009,-0.091,-0.50,-6.66,995,1002,-940,0,0,6168,0.0746,-0.081,0.011,-0.089,-0.31,-6.85,969,1213,-681,0,0,9417,0.0772,0.080,0.016,-0.084,2.40,-4.77,1003,2205,3979,0,0,9006,0.0911,-0.072,0.038,-0.062,2.47,-4.69,995,4635,3824,0,0
47.761,2154.2,-474.88,-7.76,10.14,141.3,0.51,0.73,0.00,1.00,0.00,1.00,3,4874,999.7,1.95,-0.20,2.79,13.83,5086,842,7907,0.0762,0.136,0.008,-0.092,1.79,-5.37,999,1072,2676,0,0,4986,0.0604,-0.118,0.014,-0.086,2.02,-5.15,994,1128,1966,0,0,11003,0.0925,0.128,0.024,-0.076,2.93,-4.23,1015,3401,5662,0,0,7764,0.0767,-0.120,0.034,-0.066,2.96,-4.20,1014,3512,4160,0,0
47.881,2159.0,-478.00,-7.76,6.57,143.2,0.50,0.82,0.00,1.00,0.00,1.00,3,4934,1000.7,1.96,-0.29,3.16,3.45,5240,866,7156,0.0807,0.037,0.009,-0.091,1.67,-5.50,1010,1091,2352,0,0,5660,0.0541,-0.053,0.012,-0.088,1.87,-5.29,1010,1091,2120,0,0,10514,0.0994,0.058,0.024,-0.076,2.05,-5.12,1025,3673,3985,0,0,8084,0.0723,-0.036,0.028,-0.072,2.05,-5.11,1026,3340,3165,0,0
48.001,2163.8,-481.24,-7.76,3.01,145.2,0.49,0.54,0.00,1.00,0.00,1.00,3,4998,1001.6,1.98,-0.38,2.97,-0.09,5369,890,6865,0.0793,-0.012,0.009,-0.091,1.02,-6.14,1023,1084,1421,0,0,6098,0.0584,0.036,0.010,-0.090,1.23,-5.93,1024,1063,1525,0,0,10002,0.0961,-0.027,0.023,-0.077,1.14,-6.02,1038,3665,2199,0,0,8832,0.0755,0.026,0.024,-0.076,1.14,-6.02,1039,3401,1972,0,0
48.121,2168.7,-484.56,-7.74,-0.57,147.3,0.48,0.27,0.00,1.00,0.00,1.00,3,5066,1002.5,1.99,-0.43,2.68,-1.05,5522,915,7563,0.0738,-0.045,0.010,-0.090,0.51,-6.65,1037,1319,791,0,0,6525,0.0626,0.035,0.009,-0.091,0.71,-6.45,1038,1067,956,0,0,9603,0.0927,-0.029,0.023,-0.077,0.55,-6.61,1052,3633,1037,0,0,9086,0.0808,0.044,0.023,-0.077,0.55,-6.61,1053,3439,988,0,0
48.241,2173.6,-487.94,-7.72,-4.18,149.3,0.48,0.10,0.00,1.00,0.00,1.00,3,5135,1003.4,2.01,-0.52,2.49,-0.91,5659,941,6560,0.0727,-0.010,0.009,-0.091,0.22,-6.94,1052,1077,298,0,0,6468,0.0666,0.034,0.009,-0.091,0.43,-6.73,1053,1064,568,0,0,9567,0.0900,-0.023,0.023,-0.077,0.27,-6.89,1066,3590,507,0,0,9383,0.0843,0.029,0.023,-0.077,0.27,-6.89,1067,3488,498,0,0
48.361,2178.6,-491.38,-7.69,-7.84,151.3,0.48,0.02,0.00,1.00,0.00,1.00,3,5204,1004.1,2.02,-0.58,2.40,-0.64,5818,967,6617,0.0707,-0.016,0.009,-0.091,0.09,-7.07,1066,1079,125,0,0,6568,0.0682,0.013,0.009,-0.091,0.30,-6.86,1067,1071,401,0,0,9519,0.0898,-0.001,0.023,-0.077,0.16,-7.01,1081,3578,290,0,0,9359,0.0867,0.020,0.023,-0.077,0.16,-7.01,1081,3497,285,0,0
48.481,2183.7,-494.86,-7.65,-11.55,153.3,0.47,-0.02,-0.08,1.00,0.00,1.00,3,5273,1004.7,2.04,-0.68,2.37,-0.47,5957,992,6592,0.0715,0.006,0.009,-0.091,0.04,-7.12,1080,1079,59,0,0,6491,0.0694,0.010,0.009,-0.091,0.25,-6.91,1081,1071,337,0,0,9557,0.0895,-0.003,0.023,-0.077,0.12,-7.04,1095,3566,227,0,0,9445,0.0878,0.009,0.022,-0.078,0.12,-7.04,1095,3509,225,0,0
48.601,2188.9,-498.33,-7.61,-15.34,154.8,0.38,-0.85,-0.42,1.00,0.00,1.00,3,5332,1005.1,2.05,-0.64,1.80,-34.18,6096,1012,5173,0.0634,-0.068,0.059,-0.041,-16.33,9.17,1086,1223,-5711,0,0,8141,0.0787,0.078,0.026,-0.074,-12.50,5.34,1095,1061,-8739,0,0,7776,0.0817,-0.065,0.036,-0.064,-1.54,-5.63,1107,4172,-2100,0,0,10980,0.0965,0.072,0.016,-0.084,-1.50,-5.66,1112,2752,-2838,0,0
48.721,2194.0,-501.67,-7.56,-19.29,155.4,0.27,-1.71,-0.42,1.00,0.00,1.00,3,5364,1005.3,2.06,-0.44,0.96,-52.17,6216,1019,4553,0.0520,-0.095,0.090,-0.010,-21.35,14.19,1080,1262,-4955,0,0,8872,0.0935,0.123,0.034,-0.066,-16.86,9.70,1091,1132,-9425,0,0,7131,0.0673,-0.120,0.058,-0.042,-5.15,-2.01,1126,3989,-5480,0,0,11875,0.1090,0.104,0.024,-0.076,-4.97,-2.19,1129,2841,-8892,0,0
48.841,2199.2,-504.80,-7.53,-23.42,155.5,0.32,-2.10,-0.42,1.00,0.00,1.00,3,5369,1005.3,2.06,-0.23,0.51,-51.24,6316,1020,4566,0.0453,-0.056,0.106,0.006,-24.40,17.24,1071,1307,-4917,0,0,8795,0.1017,0.068,0.042,-0.058,-19.81,12.65,1080,1194,-9273,0,0,6992,0.0603,-0.058,0.075,-0.025,-8.18,1.01,1139,3611,-6573,0,0,12349,0.1166,0.064,0.039,-0.061,-7.89,0.73,1140,3274,-11124,0,0
48.961,2204.4,-507.67,-7.50,-27.72,155.1,0.33,-2.23,-0.42,1.00,0.00,1.00,3,5341,1005.1,2.06,-0.05,0.38,-45.48,6353,1016,4710,0.0441,-0.010,0.114,0.014,-26.92,19.76,1055,1310,-5040,0,0,8763,0.1042,0.021,0.048,-0.052,-22.26,15.10,1063,1208,-9177,0,0,7120,0.0580,-0.019,0.086,-0.014,-10.26,3.10,1145,3471,-7006,0,0,12382,0.1181,0.012,0.052,-0.048,-9.94,2.78,1144,3556,-11611,0,0
49.081,2209.5,-510.26,-7.48,-32.18,154.5,0.33,-2.28,-0.42,1.00,0.00,1.00,3,5299,1004.9,2.05,0.09,0.38,-38.40,6343,1008,4701,0.0438,-0.003,0.119,0.019,-28.66,21.50,1042,1287,-5015,0,0,8617,0.1046,0.004,0.053,-0.047,-23.97,16.81,1048,1221,-8997,0,0,7025,0.0587,0.006,0.090,-0.010,-11.42,4.26,1142,3257,-7046,0,0,12151,0.1195,0.012,0.059,-0.041,-11.12,3.96,1141,3670,-11716,0,0
49.201,2214.7,-512.55,-7.46,-36.78,153.9,0.36,-2.29,0.00,1.00,0.00,1.00,3,5377,1005.3,2.06,0.21,0.37,-31.87,6300,1000,4635,0.0435,-0.002,0.034,-0.066,-9.59,2.42,1081,997,-5060,0,0,8561,0.1041,-0.004,0.019,-0.081,-9.15,1.99,1090,1014,-8875,0,0,7109,0.0577,-0.008,0.086,-0.014,-11.67,4.51,1134,3135,-7194,0,0,12251,0.1183,-0.010,0.060,-0.040,-11.42,4.26,1133,3631,-11750,0,0
49.321,2219.8,-514.54,-7.46,-41.51,154.3,0.58,-2.28,0.00,1.00,0.00,1.00,3,5401,1005.5,2.07,0.22,0.40,-23.68,6284,1005,4462,0.0416,-0.016,0.039,-0.061,-9.44,2.27,1093,1167,-4831,0,0,8302,0.1020,-0.018,0.022,-0.078,-9.07,1.90,1094,1213,-8593,0,0,7227,0.0602,0.020,0.080,-0.020,-10.98,3.82,1136,3112,-7306,0,0,12287,0.1205,0.018,0.060,-0.040,-10.80,3.63,1134,3782,-11664,0,0
49.441,2225.0,-516.24,-7.46,-46.38,154.9,0.56,-2.24,0.00,1.00,0.00,1.00,3,5411,1005.5,2.07,0.23,0.42,-15.45,6276,1013,4498,0.0407,-0.008,0.034,-0.066,-8.33,1.17,1099,1132,-4758,0,0,8645,0.1003,-0.014,0.020,-0.080,-8.03,0.86,1097,1275,-8661,0,0,7289,0.0604,0.002,0.068,-0.032,-9.32,2.16,1136,3093,-7257,0,0,12280,0.1200,-0.005,0.054,-0.046,-9.22,2.05,1133,3910,-11414,0,0
49.561,2230.1,-517.64,-7.47,-51.37,155.9,0.54,-2.15,0.00,1.00,0.00,1.00,3,5421,1005.6,2.08,0.22,0.51,-7.51,6296,1026,4645,0.0412,0.005,0.026,-0.074,-6.45,-0.71,1106,1106,-4520,0,0,8148,0.0990,-0.010,0.017,-0.083,-6.20,-0.96,1102,1230,-7488,0,0,7369,0.0620,0.013,0.051,-0.049,-6.91,-0.26,1134,3043,-6852,0,0,12039,0.1198,-0.001,0.043,-0.057,-6.87,-0.29,1131,3979,-10580,0,0
49.681,2235.4,-518.80,-7.49,-56.46,157.5,0.48,-1.28,0.00,1.00,0.00,1.00,3,5429,1005.6,2.08,0.14,1.13,28.56,6331,1047,6343,0.0502,0.075,0.011,-0.089,-4.80,-2.36,1120,933,-3612,0,0,6763,0.0899,-0.076,0.014,-0.086,-4.68,-2.48,1102,1392,-3048,0,0,9279,0.0706,0.072,0.021,-0.079,-2.89,-4.28,1131,2624,-5112,0,0,10211,0.1103,-0.079,0.035,-0.065,-2.94,-4.22,1125,4519,-5528,0,0
49.801,2240.7,-519.86,-7.51,-61.65,159.5,0.48,-0.68,0.09,1.00,0.00,1.00,3,5483,1005.8,2.09,-0.04,1.89,16.51,6431,1074,6717,0.0605,0.086,0.009,-0.091,2.53,-4.63,1129,971,2355,0,0,6084,0.0797,-0.085,0.013,-0.087,3.63,-3.53,1120,1102,3141,0,0,9882,0.0817,0.092,0.018,-0.082,0.38,-6.78,1140,2981,601,0,0,9611,0.1009,-0.078,0.026,-0.074,0.38,-6.78,1137,4070,588,0,0
49.921,2246.0,-520.98,-7.52,-66.87,160.8,0.37,1.10,0.00,1.00,0.00,1.00,3,5548,1004.0,2.11,-0.22,3.30,42.34,6572,1091,8779,0.0823,0.182,0.033,-0.067,15.05,7.88,1135,1230,9361,0,0,4675,0.0597,-0.167,0.081,-0.019,19.28,12.12,1129,1312,5115,0,0,12103,0.1023,0.171,0.019,-0.081,3.15,-4.02,1159,2865,6289,0,0,7154,0.0794,-0.179,0.044,-0.056,3.24,-3.93,1156,3945,3955,0,0
50.041,2251.4,-522.29,-7.52,-72.10,162.4,0.49,1.26,0.00,1.00,0.00,1.00,3,5618,1001.2,2.12,-0.46,3.88,23.93,6741,1113,7975,0.0913,0.075,0.010,-0.090,3.20,-3.97,1151,1088,4584,0,0,4903,0.0515,-0.068,0.018,-0.082,3.46,-3.70,1142,1195,3132,0,0,11741,0.1119,0.080,0.028,-0.072,4.86,-2.30,1172,3304,8767,0,0,7856,0.0721,-0.061,0.044,-0.056,4.94,-2.22,1171,3506,6099,0,0
50.161,2256.8,-523.81,-7.51,-77.33,163.9,0.49,1.41,0.00,1.00,0.00,1.00,3,5663,999.3,2.13,-0.60,3.96,9.39,6859,1134,8083,0.0923,0.008,0.010,-0.090,3.35,-3.82,1158,1114,4911,0,0,5354,0.0505,-0.008,0.016,-0.084,3.58,-3.58,1157,1128,3559,0,0,11535,0.1136,0.014,0.028,-0.072,4.10,-3.07,1178,3641,7716,0,0,7923,0.0713,-0.007,0.036,-0.064,4.12,-3.04,1180,3261,5540,0,0
50.281,2262.3,-525.51,-7.48,-82.55,165.6,0.46,1.02,-0.22,1.00,0.00,1.00,3,5704,997.5,2.14,-0.68,3.71,-7.11,6964,1158,7013,0.0891,-0.026,0.014,-0.086,-4.96,-2.20,1166,1121,-5055,0,0,6051,0.0534,0.024,0.011,-0.089,-3.10,-4.06,1170,985,-2851,0,0,10615,0.1112,-0.020,0.027,-0.073,2.51,-4.66,1184,3846,4872,0,0,8937,0.0755,0.035,0.025,-0.075,2.50,-4.67,1186,3114,4199,0,0
50.401,2267.9,-527.20,-7.45,-87.83,166.8,0.29,-0.91,-0.37,1.00,0.00,1.00,3,5750,995.5,2.15,-0.46,2.24,-58.25,7043,1174,4693,0.0679,-0.177,0.065,-0.035,-16.63,9.46,1166,1196,-5188,0,0,8931,0.0781,0.206,0.023,-0.077,-12.67,5.51,1183,1004,-9515,0,0,7444,0.0876,-0.196,0.045,-0.055,-2.53,-4.63,1194,4432,-3180,0,0,11806,0.0971,0.180,0.013,-0.087,-2.44,-4.72,1202,2174,-4788,0,0
50.521,2273.5,-528.68,-7.43,-93.20,167.1,0.33,-1.96,-0.37,1.00,0.00,1.00,3,5799,993.1,2.16,-0.14,0.99,-63.21,7206,1179,4106,0.0494,-0.155,0.098,-0.002,-21.26,14.09,1167,1253,-4471,0,0,9124,0.0977,0.163,0.036,-0.064,-17.13,9.97,1175,1198,-9649,0,0,6692,0.0690,-0.155,0.073,-0.027,-7.60,0.44,1221,3571,-6154,0,0,12671,0.1173,0.168,0.032,-0.068,-7.30,0.14,1223,2921,-10883,0,0
50.641,2279.0,-529.86,-7.42,-98.64,167.0,0.42,-2.25,0.00,1.00,0.00,1.00,3,5841,991.1,2.17,0.15,0.58,-56.17,7327,1178,4577,0.0440,-0.045,0.036,-0.064,-7.88,0.72,1170,1266,-4727,0,0,8772,0.1046,0.057,0.015,-0.085,-7.38,0.22,1190,1071,-8515,0,0,7233,0.0625,-0.054,0.089,-0.011,-11.33,4.17,1230,3366,-7220,0,0,12654,0.1231,0.048,0.051,-0.049,-10.94,3.77,1231,3213,-11810,0,0
50.761,2284.6,-530.73,-7.42,-104.14,167.3,0.61,-2.29,0.00,1.00,0.00,1.00,3,5861,990.1,2.18,0.36,0.53,-44.39,7388,1181,4452,0.0420,-0.017,0.046,-0.054,-10.77,3.61,1178,1228,-4884,0,0,8342,0.1023,-0.019,0.023,-0.077,-10.25,3.09,1186,1146,-8796,0,0,7217,0.0638,0.011,0.099,-0.001,-13.46,6.30,1237,3174,-7312,0,0,12320,0.1241,0.009,0.066,-0.034,-13.08,5.92,1236,3519,-11835,0,0
50.881,2290.2,-531.25,-7.43,-109.69,167.2,0.62,-2.34,0.23,1.00,0.00,1.00,3,5860,990.1,2.18,0.51,0.51,-34.56,7393,1181,4549,0.0418,-0.002,0.038,-0.062,-9.01,1.85,1180,1222,-4869,0,0,8395,0.1024,0.001,0.018,-0.082,-7.65,0.48,1186,1166,-8302,0,0,7421,0.0644,0.005,0.099,-0.001,-14.32,7.16,1236,3110,-7549,0,0,12497,0.1250,0.007,0.073,-0.027,-14.01,6.84,1234,3637,-11804,0,0
51.001,2295.8,-531.51,-7.46,-115.27,167.9,0.47,-1.46,0.00,1.00,0.00,1.00,3,5851,990.6,2.18,0.52,1.13,30.97,7314,1190,6123,0.0500,0.068,0.009,-0.091,1.23,-5.93,1198,937,1426,0,0,7186,0.0922,-0.085,0.018,-0.082,4.95,-2.21,1183,1442,5828,0,0,8853,0.0732,0.074,0.057,-0.043,-10.64,3.48,1226,2804,-9038,0,0,10380,0.1153,-0.081,0.074,-0.026,-10.84,3.68,1222,3982,-10149,0,0
51.121,2301.4,-531.51,-7.49,-120.88,168.9,0.43,-2.03,0.00,1.00,0.00,1.00,3,5828,991.7,2.17,0.28,1.11,35.04,7265,1204,4866,0.0489,-0.009,0.017,-0.083,-4.95,-2.21,1210,919,-4210,0,0,8194,0.0946,0.020,0.014,-0.086,-4.84,-2.32,1181,1239,-6713,0,0,7744,0.0715,-0.015,0.020,-0.080,-2.77,-4.39,1214,2190,-4221,0,0,11985,0.1171,0.015,0.034,-0.066,-2.84,-4.33,1204,5179,-6147,0,0
51.241,2307.0,-531.36,-7.53,-126.55,170.6,0.41,-0.12,0.30,1.00,0.00,1.00,3,5882,989.1,2.18,0.11,2.18,44.02,7343,1229,8017,0.0629,0.116,0.013,-0.087,7.21,0.05,1215,894,7810,0,0,5216,0.0792,-0.128,0.033,-0.067,9.67,2.51,1197,1123,5643,0,0,11062,0.0856,0.118,0.014,-0.086,1.57,-5.60,1224,2345,2932,0,0,8149,0.1013,-0.132,0.036,-0.064,1.61,-5.55,1218,4368,2251,0,0
51.361,2312.7,-531.36,-7.56,-132.26,172.0,0.44,1.30,0.00,1.00,0.00,1.00,3,5954,985.4,2.20,-0.21,3.85,38.38,7512,1248,8411,0.0894,0.221,0.009,-0.091,2.90,-4.26,1222,1040,4325,0,0,4279,0.0556,-0.196,0.020,-0.080,3.19,-3.97,1206,1180,2520,0,0,12455,0.1122,0.222,0.026,-0.074,5.33,-1.83,1243,2986,9419,0,0,7647,0.0784,-0.191,0.049,-0.051,5.46,-1.70,1242,3590,6226,0,0
