Time_s,Distance_m,PosX,PosY,PosZ,Speed_Kmh,Accel_Long_G,Accel_Lat_G,Raw_Steer,Raw_Throttle,Raw_Brake,Clutch,Gear,RPM,Torque_Nm,Boost_Bar,Pitch,Roll,YawRate,Aero_DownN,Aero_DragN,FL_Load_N,FL_Travel_m,FL_DamperVel_ms,FL_Slip,FL_SlipDelta,FL_SlipAng_deg,FL_LatDelta,FL_WheelRPM,FL_LongForce_N,FL_LatForce_N,FL_ActBrakeTrq_Nm,FL_ABS_Active,FR_Load_N,FR_Travel_m,FR_DamperVel_ms,FR_Slip,FR_SlipDelta,FR_SlipAng_deg,FR_LatDelta,FR_WheelRPM,FR_LongForce_N,FR_LatForce_N,FR_ActBrakeTrq_Nm,FR_ABS_Active,RL_Load_N,RL_Travel_m,RL_DamperVel_ms,RL_Slip,RL_SlipDelta,RL_SlipAng_deg,RL_LatDelta,RL_WheelRPM,RL_LongForce_N,RL_LatForce_N,RL_ActBrakeTrq_Nm,RL_ABS_Active,RR_Load_N,RR_Travel_m,RR_DamperVel_ms,RR_Slip,RR_SlipDelta,RR_SlipAng_deg,RR_LatDelta,RR_WheelRPM,RR_LongForce_N,RR_LatForce_N,RR_ActBrakeTrq_Nm,RR_ABS_Active
0.12,0.7,469.37,31.91,306.34,24.3,0.36,-0.57,-0.55,1,0,0.4,1,2285,606,1.34,-4.34,-3.07,-31.97,154,25,5433,0.0525,0.437,0.052,-0.048,-10.92,3.76,168,1409,-5713,0,0,6519,0.0547,0.456,0.021,-0.079,-7.31,0.15,187,988,-5878,0,0,5713,0.0487,0.406,0.139,0.039,-1.29,-5.87,180,5983,-869,0,0,9539,0.0752,0.626,0.02,-0.08,-1.15,-6.01,185,4078,-1596,0,0
0.24,1.5,469.1,31.98,307.12,24.8,0.06,-1,-0.9,0.85,0,0.25,1,2098,359.3,0.96,-4.69,-3.47,-57.71,163,26,6273,0.0534,0.008,0.036,-0.064,-14.57,7.41,165,776,-6938,0,0,7448,0.0656,0.091,0.012,-0.088,-11.05,3.88,203,302,-8077,0,0,4770,0.0347,-0.116,0.166,0.066,-2.52,-4.64,177,4911,-1586,0,0,5108,0.0827,0.063,0.024,-0.076,-1.56,-5.61,197,603,-1856,0,0
0.36,2.3,468.69,32.06,307.82,24.1,-0.29,-1.13,-0.91,0.2,0,0.05,1,1851,-7.6,0.31,-5.27,-3.17,-74.51,155,25,5873,0.056,0.021,-0.004,-0.096,-11.07,3.91,158,66,-6566,0,0,8129,0.0755,0.083,-0.007,-0.093,-9.64,2.48,207,-211,-8699,0,0,4839,0.0276,-0.059,0.04,-0.06,-3.64,-3.53,142,2837,-2970,0,0,9253,0.0811,-0.014,-0.001,-0.099,-2.62,-4.55,193,-1002,-4400,0,0
0.48,3.1,468.21,32.15,308.46,24.1,0.01,0.01,0,1,0,0.38,1,2255,598.9,1.33,-6.11,-1.81,-21.31,151,25,8204,0.0683,0.103,0.031,-0.069,10.42,3.26,166,1097,8816,0,0,4331,0.0645,-0.092,0.047,-0.053,9.58,2.42,187,840,4879,0,0,8389,0.043,0.128,0.069,-0.031,0.02,-7.14,172,6672,-2018,0,0,7593,0.0658,-0.128,0.03,-0.07,0.02,-7.14,184,2814,-1453,0,0
0.6,4,467.8,32.25,309.19,26.1,0.49,0.59,-0.07,1,0,0.4,1,2284,605.9,1.34,-7.22,-1.24,2.77,178,29,7333,0.0817,0.111,0.027,-0.073,-4.34,-2.82,190,1338,-2626,0,0,5809,0.0447,-0.165,0.025,-0.075,-3.47,-3.69,187,1601,-1753,0,0,8822,0.0675,0.205,0.069,-0.031,0.29,-6.87,198,4737,869,0,0,8981,0.062,-0.031,0.071,-0.029,0.29,-6.87,196,5525,912,0,0
0.72,4.9,467.33,32.38,309.96,28,0.44,-0.26,0,1,0,0.4,1,2285,606,1.34,-8.3,-2.03,-8.96,202,33,5135,0.0604,-0.177,0.032,-0.068,2.64,-4.52,200,1307,2126,0,0,5946,0.055,0.085,0.029,-0.071,2.73,-4.44,206,1328,2887,0,0,12339,0.0616,-0.05,0.122,0.022,-0.71,-6.45,204,8986,-1354,0,0,9656,0.0748,0.106,0.053,-0.047,-0.68,-6.48,214,4684,-1113,0,0
0.84,5.8,466.85,32.53,310.8,29.8,0.43,0.12,-0.07,1,0,0.4,1,2285,606,1.34,-9.32,-2.19,0.55,220,38,6809,0.0655,0.042,0.028,-0.072,-0.36,-6.8,216,1497,-592,0,0,5270,0.0492,-0.048,0.025,-0.075,-0.19,-6.98,215,1382,-274,0,0,8362,0.0604,-0.009,0.047,-0.053,-0.03,-7.13,220,5005,-106,0,0,8834,0.0724,-0.02,0.045,-0.055,-0.04,-7.12,219,5363,-64,0,0
0.96,6.9,466.32,32.7,311.66,31.2,0.33,-0.45,-0.44,1,0,0.42,1,2312,611.4,1.34,-10.33,-2.71,-22.02,247,41,4821,0.0568,-0.073,0.056,-0.044,-11.88,4.72,221,1326,-5107,0,0,6926,0.0576,0.07,0.025,-0.075,-8.25,1.09,232,1028,-6379,0,0,7571,0.0613,0.007,0.079,-0.021,-0.8,-6.37,229,6157,-824,0,0,11059,0.0795,0.059,0.035,-0.065,-0.74,-6.42,235,4212,-1221,0,0
1.08,7.9,465.67,32.9,312.48,31.8,0.11,-1.01,-0.77,0.73,0,0.36,1,2228,333,0.9,-11.19,-2.6,-50,253,43,4708,0.0472,-0.08,0.032,-0.068,-18.5,11.34,207,683,-5295,0,0,7031,0.0658,0.068,0.013,-0.087,-13.4,6.24,244,389,-7698,0,0,7146,0.0471,-0.118,0.008,-0.092,-2.38,-4.79,207,4976,-2905,0,0,9982,0.0855,0.05,0.006,-0.094,-2.06,-5.11,242,466,-3645,0,0
1.2,9,464.93,33.11,313.19,31.9,0.01,-0.76,0,1,0,0.5,1,2422,635.8,1.37,-11.9,-1.54,-40.29,264,43,5982,0.047,-0.001,0.064,-0.036,12.19,5.02,221,1844,6334,0,0,6070,0.0739,0.068,0.043,-0.057,10.75,3.59,251,1143,6563,0,0,7984,0.0463,-0.007,0.149,0.049,-2.68,-4.48,240,7962,-2952,0,0,9419,0.0823,-0.027,0.047,-0.053,-2.32,-4.84,251,3653,-4168,0,0
1.32,10.1,464.17,33.35,313.96,33.8,0.46,0.39,0,1,0,0.52,1,2425,637.8,1.37,-12.61,-0.27,3.44,289,48,6750,0.0609,0.116,0.013,-0.087,-0.35,-6.81,242,1283,464,0,0,4172,0.0473,-0.222,0.02,-0.08,-0.18,-6.98,242,1350,394,0,0,8837,0.0649,0.155,0.038,-0.062,0.5,-6.66,248,4796,512,0,0,7708,0.0665,-0.132,0.046,-0.054,0.51,-6.65,248,4920,469,0,0
1.44,11.3,463.38,33.6,314.77,35.4,0.39,0.05,-0.15,1,0,0.61,1,2529,661.7,1.39,-13.25,-0.43,-1.37,320,53,5459,0.0588,-0.018,0.016,-0.084,-3.05,-4.11,252,1574,-1275,0,0,5389,0.0476,0.003,0.017,-0.083,-2.22,-4.94,253,1557,-817,0,0,8635,0.0683,0.029,0.035,-0.065,-0.03,-7.13,258,5286,57,0,0,9293,0.0675,0.009,0.031,-0.069,-0.03,-7.14,257,5432,13,0,0
1.56,12.5,462.53,33.88,315.59,36.8,0.32,-0.5,0,1,0,0.71,1,2705,692.8,1.44,-13.63,-0.74,-21.45,342,57,9896,0.0496,-0.077,0.053,-0.047,4.95,-2.21,258,4054,3764,0,0,6654,0.052,0.036,0.029,-0.071,4.8,-2.36,272,2203,3537,0,0,7266,0.0564,-0.099,0.104,0.004,-1.1,-6.06,274,7160,-1007,0,0,8893,0.0746,0.059,0.047,-0.053,-1.05,-6.11,277,6019,-1413,0,0
1.68,13.7,461.65,34.18,316.44,38.6,0.43,0.16,-0.06,1,0,0.79,1,2759,701.2,1.45,-14.04,-0.48,1.08,384,63,5795,0.0528,0.027,0.013,-0.087,-0.22,-6.94,275,1405,-98,0,0,5060,0.05,-0.017,0.012,-0.088,-0.07,-7.1,274,1452,89,0,0,8585,0.0636,0.06,0.04,-0.06,0.03,-7.13,283,5227,-93,0,0,8650,0.0707,-0.032,0.041,-0.059,0.03,-7.13,282,5347,-93,0,0
1.8,15.1,460.67,34.51,317.32,42.4,0.88,-0.48,0,1,0,1,1,3305,802,1.58,-14.4,-0.66,-26.93,447,76,4066,0.0454,-0.062,0.08,-0.02,5.11,-2.05,307,3722,-2057,0,0,6153,0.046,-0.033,0.019,-0.081,4.92,-2.24,310,3335,-1991,0,0,7582,0.0593,-0.036,0.216,0.116,-1.27,-5.9,350,8491,-656,0,0,14227,0.0753,0.039,0.177,0.077,-1.19,-5.97,342,12125,-1243,0,0
1.92,16.6,459.57,34.88,318.28,46.7,1.03,0.03,-0.06,1,0,1,1,3369,812.3,1.59,-14.71,-0.3,-4.37,541,92,5520,0.0427,-0.022,0.014,-0.086,0.14,-7.02,331,1481,411,0,0,3014,0.0336,-0.103,0.033,-0.067,0.25,-6.91,341,1191,319,0,0,8243,0.0665,0.061,0.057,-0.043,-0.74,-6.42,345,5670,-1585,0,0,9675,0.0807,0.045,0.048,-0.052,-0.74,-6.43,346,5581,-1796,0,0
2.04,18.2,458.37,35.28,319.27,47.9,0.27,-0.6,-0.42,0.28,0,1,1,3302,73.6,0.47,-14.67,-0.54,-24.57,577,97,4680,0.0377,-0.042,0.002,-0.098,-13,5.84,326,309,-5281,0,0,6410,0.0476,0.116,-0.015,-0.085,-9.43,2.27,341,-264,-6746,0,0,5873,0.0573,-0.077,-0.041,-0.059,-1.01,-6.16,349,1301,-1122,0,0,9840,0.0792,-0.013,-0.068,-0.032,-0.95,-6.21,354,-2987,-1637,0,0
2.16,19.8,457.13,35.67,320.18,48.9,0.24,-0.24,0,1,0,1,1,3715,875.5,1.68,-14.39,-0.11,-11.27,614,101,5621,0.0468,0.076,0.038,-0.062,0.86,-6.3,350,3269,1728,0,0,4106,0.0523,0.04,0.049,-0.051,0.98,-6.18,364,2611,1346,0,0,8313,0.0513,-0.05,0.164,0.064,-1.75,-5.41,389,8980,-1574,0,0,9607,0.0701,-0.076,0.126,0.026,-1.7,-5.46,387,9853,-2057,0,0
2.28,21.5,455.79,36.09,321.14,52.2,0.79,-0.39,-0.3,0.18,0,1,1,3553,-59.3,0.33,-14.39,-0.01,-16.99,686,115,4733,0.0438,-0.024,-0.013,-0.087,-9.56,2.4,350,152,-5064,0,0,6150,0.0393,-0.109,-0.006,-0.094,-6.99,-0.17,367,-217,-5758,0,0,7691,0.0567,0.045,-0.032,-0.068,-0.85,-6.31,350,-884,-1302,0,0,7946,0.0733,0.027,-0.012,-0.088,-0.84,-6.33,366,-779,-1279,0,0
2.4,23.2,454.38,36.51,322.06,53.4,0.3,-0.29,0,1,0,1,1,4001,917.1,1.74,-13.98,0.07,-11.4,729,121,5091,0.0436,-0.002,0.031,-0.069,0.67,-6.49,381,2653,1148,0,0,4404,0.0403,0.009,0.037,-0.063,0.78,-6.38,392,2472,1055,0,0,7289,0.0513,-0.045,0.143,0.043,-1.62,-5.54,419,7978,-1273,0,0,8280,0.0725,-0.007,0.109,0.009,-1.58,-5.58,418,8659,-1624,0,0
2.52,25.1,452.87,36.95,323.03,56.8,0.8,-0.18,-0.14,0.78,0,1,1,4383,963.2,1.82,-13.69,-0.09,-4.77,811,136,3533,0.0409,-0.023,0.05,-0.05,-2.52,-4.64,420,2309,-1567,0,0,2384,0.0299,-0.087,0.086,-0.014,-1.85,-5.32,436,2210,-759,0,0,13106,0.0586,0.06,0.168,0.068,-0.38,-6.78,452,12160,-575,0,0,2943,0.0696,-0.025,0.129,0.029,0.05,-7.11,479,3319,-163,0,0
2.64,27,451.25,37.38,323.98,57.4,0.15,-0.75,0,1,0,1,1,3934,75.6,0.5,-12.99,-0.46,-30.09,850,139,3478,0.035,-0.049,0.014,-0.086,-15.74,8.58,388,318,-4000,0,0,5578,0.0411,0.094,-0.013,-0.087,-11.64,4.48,405,-143,-6225,0,0,5714,0.0473,-0.094,-0.033,-0.067,-1.46,-5.7,415,1354,-1524,0,0,7773,0.0766,0.059,-0.059,-0.041,-1.41,-5.75,418,-2788,-1900,0,0
2.76,28.9,449.59,37.8,324.88,59.8,0.58,-0.11,-0.08,0,0,1,1,4900,1000.5,1.96,-12.12,0.02,-16.02,930,151,5745,0.0403,0.044,0.031,-0.069,-0.04,-7.12,425,3069,308,0,0,2541,0.0403,-0.006,0.068,-0.032,0.07,-7.09,454,2168,174,0,0,8570,0.046,-0.011,0.335,0.235,-2.99,-4.17,548,9574,-1236,0,0,9307,0.0684,-0.069,0.299,0.199,-2.9,-4.26,545,10247,-1487,0,0
2.88,31,447.81,38.2,325.78,60.8,0.27,-0.76,-0.39,0.51,0,1,1,4216,265.9,0.87,-11.17,-0.3,-22.64,960,156,4151,0.0321,-0.068,0.01,-0.09,-14.07,6.91,415,333,-4735,0,0,4072,0.0426,0.019,-0.008,-0.092,-10.68,3.52,428,-36,-4549,0,0,4844,0.0423,-0.031,-0.026,-0.074,-2.06,-5.1,440,927,-2059,0,0,9774,0.069,0.005,-0.052,-0.048,-1.98,-5.18,444,-2251,-3743,0,0
3,33,445.97,38.57,326.58,63.2,0.57,-0.37,0,1,0,1,1,5614,1001.4,2.12,-10,-0.2,-20.43,1042,168,4561,0.0318,-0.003,0.042,-0.058,-0.11,-7.06,451,2967,216,0,0,10926,0.0432,0.005,0.041,-0.059,0.01,-7.16,458,6012,554,0,0,6983,0.0389,-0.029,0.563,0.463,-3.62,-3.55,673,8017,-767,0,0,8967,0.0647,-0.036,0.499,0.399,-3.48,-3.68,669,10007,-1047,0,0
3.12,35.2,443.98,38.93,327.43,67.8,1.12,-0.27,-0.2,0,0,1,1,5717,145.5,0.85,-8.85,-0.01,-21.85,1177,194,3577,0.0264,-0.044,0.072,-0.028,-8.01,0.85,498,2218,-3138,0,0,3174,0.0257,-0.146,0.041,-0.059,-6.43,-0.73,502,1598,-2644,0,0,4548,0.048,0.076,0.359,0.259,-4.48,-2.68,642,5337,-897,0,0,9086,0.0623,-0.02,0.302,0.202,-4.26,-2.91,631,9973,-1873,0,0
3.24,37.5,441.87,39.23,328.2,67.4,-0.02,-1.06,-0.54,0.48,0,1,1,4607,234.6,0.85,-6.99,-0.78,-25.92,1190,192,3742,0.0175,-0.074,0.048,-0.052,-22.57,15.41,452,618,-4198,0,0,5645,0.038,0.103,0.002,-0.098,-17.6,10.44,463,185,-6311,0,0,10470,0.0281,-0.166,-0.016,-0.084,-3.47,-3.7,480,1985,-6492,0,0,8499,0.063,0.006,-0.05,-0.05,-3.39,-3.77,489,-2067,-5174,0,0
3.36,39.7,439.76,39.46,328.81,66.1,-0.22,-1.09,-0.75,0,0,1,1,4310,-215.7,0.2,-4.92,-1.12,-34.14,1176,185,3242,0.0183,0.007,0.107,0.007,-33.85,26.69,420,752,-3522,0,0,4356,0.0468,0.073,0.024,-0.076,-26.29,19.13,441,332,-4822,0,0,3108,0.0144,-0.114,-0.014,-0.086,-3.98,-3.19,473,719,-2276,0,0,8401,0.0592,-0.032,-0.057,-0.043,-3.76,-3.4,478,-2770,-5437,0,0
3.48,41.8,437.67,39.61,329.27,63.9,-0.45,-0.87,0,0,0,1,1,4331,-214.3,0.2,-2.85,-0.96,-24.56,1123,173,5373,0.0262,0.065,-0.007,-0.093,-0.14,-7.03,432,-567,189,0,0,5432,0.0522,0.046,-0.003,-0.097,-0.03,-7.14,451,-524,334,0,0,4229,0.0106,-0.032,-0.029,-0.071,-4.2,-2.96,422,-1223,-3221,0,0,7130,0.052,-0.06,-0.029,-0.071,-4.03,-3.13,440,-2687,-4989,0,0
3.6,43.9,435.62,39.69,329.64,62.2,-0.38,-0.53,0,1,0,1,1,4310,209.9,0.74,-0.92,-0.65,-6.99,1066,163,5778,0.0351,0.075,-0.008,-0.092,-1.16,-6,431,263,-1374,0,0,5247,0.05,-0.019,-0.008,-0.092,-1.02,-6.14,437,126,-1112,0,0,5310,0.0194,0.074,-0.039,-0.061,-2.28,-4.89,447,665,-2600,0,0,6895,0.0428,-0.077,-0.045,-0.055,-2.25,-4.91,447,-269,-3248,0,0
3.72,46,433.53,39.71,329.96,66.1,0.95,-0.25,0,1,0,1,1,5766,994.7,2.16,0.69,-0.33,-5.38,1176,185,1123,0.0274,-0.065,0.061,-0.039,-1.04,-6.12,479,735,-196,0,0,4206,0.0396,-0.087,0.038,-0.062,-0.69,-6.47,479,2450,-600,0,0,6582,0.0342,0.123,0.501,0.401,-1.57,-5.59,686,7631,-372,0,0,7492,0.0448,0.017,0.484,0.384,-1.56,-5.6,684,8576,-432,0,0
3.84,48.3,431.25,39.64,330.28,71.7,1.33,-0.22,-0.27,0,0,1,1,5444,-264.9,0.2,2.47,-0.05,-11.42,1335,217,880,0.0087,-0.155,0.118,0.018,-9.87,2.71,547,627,-839,0,0,1077,0.0238,-0.131,0.055,-0.045,-7.75,0.59,530,527,-1058,0,0,7008,0.043,0.074,0.066,-0.034,-1.86,-5.3,541,7732,-1316,0,0,6796,0.046,0.011,0.05,-0.05,-1.83,-5.34,541,7420,-1372,0,0
3.96,50.7,428.88,39.48,330.52,71.9,0.11,-0.76,-0.6,0.55,0,1,1,4901,285.5,1.02,5.01,-0.43,-23.77,1385,218,2025,0.0031,-0.047,0.071,-0.029,-24.41,17.24,484,430,-2297,0,0,5576,0.0355,0.097,0.007,-0.093,-18.88,11.72,490,229,-6220,0,0,4369,0.0264,-0.139,-0.023,-0.077,-2.17,-4.99,513,559,-1828,0,0,6433,0.0428,-0.027,-0.049,-0.051,-2.1,-5.07,516,-2060,-2526,0,0
4.08,53.1,426.46,39.23,330.66,75.9,0.98,-0.54,0,1,0,0.98,1,6831,935.1,2.38,6.88,-0.49,-36.59,1537,243,3542,0.0106,0.062,0.075,-0.025,-0.34,-6.82,555,2969,25,0,0,5402,0.0458,0.086,0.045,-0.055,-0.23,-6.94,566,3016,141,0,0,3065,0.0234,-0.024,0.598,0.498,-5.31,-1.85,839,3679,-557,0,0,4400,0.0421,-0.006,0.516,0.416,-5.04,-2.12,836,5172,-884,0,0
4.2,55.8,423.86,38.88,330.75,80.2,1.09,-0.57,0,0,0,0.18,1,5384,-259.1,0.2,8.15,-0.38,-21.97,1672,272,3383,0.0149,0.036,-0.013,-0.087,-2.93,-4.23,540,-676,-1882,0,0,5200,0.0374,-0.07,-0.01,-0.09,-2.76,-4.4,558,-769,-2653,0,0,5427,0.0356,0.102,-0.032,-0.068,-5.86,-1.3,530,-1563,-5003,0,0,8379,0.0502,0.068,-0.04,-0.06,-5.65,-1.51,542,-3010,-7174,0,0
4.32,58.5,421.19,38.47,330.7,82.5,0.62,-0.97,0,1,0,1,2,3957,906.8,1.73,9.43,-0.76,-11.13,1788,287,2576,0.0191,0.035,0.029,-0.071,-2.46,-4.71,586,892,-1284,0,0,6171,0.0535,0.134,0.015,-0.085,-2.3,-4.86,586,1171,-2790,0,0,4761,0.0293,-0.053,0.069,-0.031,-3.82,-3.34,609,3249,-3125,0,0,7104,0.0553,0.043,0.05,-0.05,-3.76,-3.4,608,3724,-4624,0,0
4.44,61.3,418.41,37.98,330.52,87,1.1,-0.7,0,1,0,1,2,4153,937.3,1.78,10.24,-0.52,-4.46,1969,319,4563,0.024,0.041,0.02,-0.08,-1.56,-5.61,616,1473,-1481,0,0,4527,0.0538,0.002,0.017,-0.083,-1.43,-5.73,618,1278,-1357,0,0,5214,0.0372,0.066,0.054,-0.046,-1.96,-5.2,638,3757,-1982,0,0,7808,0.0605,0.043,0.044,-0.056,-1.95,-5.21,635,4813,-2907,0,0
4.56,64.3,415.49,37.43,330.24,91.7,1.12,-0.62,-0.28,1,0,1,2,4391,973.4,1.83,10.93,-0.2,-12.08,2174,355,11748,0.0267,0.023,0.058,-0.042,-10.14,2.98,653,3915,-11139,0,0,5162,0.0524,-0.011,0.027,-0.073,-7.83,0.67,654,1146,-5149,0,0,5170,0.0466,0.078,0.05,-0.05,-1.14,-6.02,669,3767,-1113,0,0,7387,0.0624,0.015,0.039,-0.061,-1.12,-6.04,668,4397,-1558,0,0
4.68,67.4,412.41,36.81,329.85,97.8,1.47,-0.48,0,1,0,1,2,4887,999.8,1.95,11.42,-0.27,-13.2,2431,404,4288,0.0275,0.006,0.038,-0.062,-0.63,-6.54,703,2527,-467,0,0,4910,0.0479,-0.038,0.032,-0.068,-0.5,-6.66,708,2549,-414,0,0,7318,0.0518,0.043,0.107,0.007,-1.93,-5.23,751,7172,-2096,0,0,7529,0.0667,0.036,0.091,-0.009,-1.9,-5.26,751,6911,-2310,0,0
4.8,70.8,409.13,36.1,329.37,104.7,1.62,-0.38,0,0,0,1,2,5207,1004.1,2.02,11.84,0.03,-4.81,2749,462,3618,0.0291,0.013,0.039,-0.061,-0.92,-6.24,757,2076,-674,0,0,4179,0.0447,-0.027,0.033,-0.067,-0.81,-6.36,756,2363,-705,0,0,7312,0.0591,0.061,0.1,0,-1.29,-5.87,796,6930,-1559,0,0,9307,0.0693,0.021,0.081,-0.019,-1.28,-5.88,794,8399,-1846,0,0
4.92,74.4,405.69,35.34,328.82,107.5,0.69,-0.3,0,0,0,1,2,4930,-239.8,0.2,12.46,0.32,-1.48,2952,488,5959,0.0371,0.067,-0.004,-0.096,-0.61,-6.56,746,-439,-753,0,0,6353,0.051,0.052,-0.004,-0.096,-0.47,-6.69,746,-474,-628,0,0,1844,0.0567,-0.02,-0.005,-0.095,-0.04,-7.12,737,-357,-218,0,0,7000,0.065,-0.035,-0.012,-0.088,-0.63,-6.53,740,-1521,-912,0,0
5.04,78,402.24,34.54,328.22,108,0.1,-0.39,-0.26,0,0,1,2,4918,-239.3,0.2,13.17,0.43,-11.34,3083,492,5565,0.0506,0.113,-0.005,-0.095,-9.33,2.17,734,-193,-5943,0,0,7541,0.0624,0.095,-0.007,-0.093,-7.06,-0.11,745,-442,-7112,0,0,6086,0.0521,-0.038,-0.012,-0.088,-0.54,-6.62,739,-1278,-594,0,0,6879,0.0575,-0.063,-0.016,-0.084,-0.53,-6.63,745,-1819,-669,0,0
5.16,81.6,398.82,33.72,327.49,107.6,-0.02,-1.22,0,0,0,1,2,4852,-235.6,0.2,13.6,-1.04,-42.81,3122,489,4728,0.0481,-0.021,-0.044,-0.056,0.97,-6.19,704,-2105,-4405,0,0,7762,0.0808,0.153,-0.017,-0.083,1.12,-6.04,757,-2227,-5864,0,0,5490,0.0408,-0.093,-0.011,-0.089,-3.38,-3.79,723,-805,-3301,0,0,8313,0.069,0.096,-0.028,-0.072,-3.23,-3.93,743,-2564,-4548,0,0
5.28,85.2,395.44,32.9,326.63,107.9,0.13,-0.83,0,0,0,1,2,4935,-240,0.2,13.76,-1.69,-19.84,3152,492,6247,0.0499,0.015,-0.005,-0.095,-2.19,-4.98,740,-523,-2581,0,0,6582,0.0837,0.024,-0.004,-0.096,-1.96,-5.21,755,-439,-2414,0,0,6037,0.0425,0.014,-0.013,-0.087,-4.05,-3.11,734,-977,-4375,0,0,8928,0.0713,0.019,-0.018,-0.082,-3.96,-3.2,744,-1967,-6104,0,0
5.4,88.8,392.08,32.06,325.64,108.3,0.16,-0.94,0,0,0,1,2,4961,-241.1,0.2,13.79,-1.9,-8.02,3151,496,5216,0.0509,0.008,-0.005,-0.095,-2.08,-5.08,747,-455,-2179,0,0,7684,0.0832,-0.004,-0.004,-0.096,-1.87,-5.3,754,-456,-2821,0,0,6449,0.0452,0.022,-0.014,-0.086,-2.78,-4.39,741,-1362,-3443,0,0,7977,0.0725,0.01,-0.016,-0.084,-2.76,-4.41,746,-1821,-4176,0,0
5.52,92.4,388.73,31.21,324.54,108.9,0.15,-0.67,0,0,0,1,2,4993,-242.5,0.2,13.86,-1.65,-3.22,3175,500,6364,0.055,0.034,-0.004,-0.096,-1.38,-5.78,754,-483,-1798,0,0,6584,0.0799,-0.027,-0.004,-0.096,-1.18,-5.98,756,-474,-1590,0,0,6895,0.0493,0.034,-0.013,-0.087,-1.53,-5.63,748,-1417,-2146,0,0,7527,0.0715,-0.008,-0.013,-0.087,-1.53,-5.63,749,-1589,-2322,0,0
5.64,96,385.39,30.36,323.37,109.4,0.14,-0.37,0,0,0,1,2,5026,-243.9,0.2,13.84,-1.2,-1.73,3203,506,6209,0.0607,0.048,-0.004,-0.096,-0.8,-6.36,759,-467,-1028,0,0,6783,0.0786,-0.011,-0.004,-0.096,-0.59,-6.57,760,-471,-828,0,0,7855,0.0562,0.058,-0.011,-0.089,-0.78,-6.38,754,-1504,-1252,0,0,8632,0.0688,-0.023,-0.011,-0.089,-0.78,-6.38,755,-1582,-1348,0,0
5.76,99.7,382.05,29.5,322.16,110,0.14,-0.18,0,0,0,1,2,5053,-245.1,0.2,13.76,-0.81,-0.61,3226,511,1629,0.0663,0.047,0.02,-0.08,0.11,-7.05,763,101,-129,0,0,1733,0.0743,-0.036,0,-0.1,0.28,-6.88,763,-98,-59,0,0,8243,0.0609,0.039,-0.011,-0.089,-0.36,-6.8,758,-1552,-617,0,0,7571,0.0658,-0.025,-0.011,-0.089,-0.36,-6.8,758,-1522,-569,0,0
5.88,103.4,378.69,28.65,320.92,110.6,0.13,-0.08,0,0,0,1,2,5080,-246.2,0.2,13.59,-0.51,-0.5,3260,516,7495,0.071,0.039,-0.004,-0.096,-0.28,-6.88,768,-486,-428,0,0,6512,0.0766,0.019,-0.004,-0.096,-0.06,-7.11,768,-492,-70,0,0,7678,0.0648,0.033,-0.011,-0.089,-0.18,-6.99,762,-1519,-275,0,0,8068,0.0662,0.003,-0.011,-0.089,-0.18,-6.98,762,-1554,-293,0,0
6,107.1,375.31,27.81,319.67,111.1,0.12,-0.04,0,0,0,1,2,5104,-247.2,0.2,13.32,-0.26,-0.4,3294,521,6901,0.0746,0.031,-0.004,-0.096,-0.2,-6.96,771,-516,-246,0,0,7859,0.0782,0.014,-0.004,-0.096,0.03,-7.13,772,-500,40,0,0,8027,0.0688,0.033,-0.011,-0.089,-0.09,-7.07,766,-1491,-130,0,0,8472,0.0693,0.026,-0.011,-0.089,-0.09,-7.07,766,-1546,-154,0,0
6.12,110.8,371.94,26.99,318.37,111.3,0.06,-0.62,0,0,0,1,2,5113,-247.4,0.2,12.92,-0.8,-25.24,3305,523,6093,0.073,-0.013,-0.006,-0.094,1.23,-5.93,763,-900,-2733,0,0,8954,0.0883,0.084,-0.002,-0.098,1.44,-5.72,785,-728,-2232,0,0,7962,0.0658,-0.025,-0.008,-0.092,-1.19,-5.97,760,-1061,-1648,0,0,9838,0.0762,0.058,-0.015,-0.085,-1.16,-6,774,-2461,-1936,0,0
6.24,114.5,368.57,26.2,317,111.6,0.09,-0.36,-0.06,0,0,1,2,5133,-248.4,0.2,12.33,-1.03,-9.14,3321,526,7556,0.0762,0.027,-0.004,-0.096,-0.92,-6.24,772,-511,-1262,0,0,8287,0.0946,0.053,-0.003,-0.097,-0.66,-6.51,779,-499,-1000,0,0,7928,0.067,0.01,-0.01,-0.09,-1.64,-5.52,768,-1278,-2543,0,0,10325,0.0822,0.049,-0.011,-0.089,-1.62,-5.54,773,-1853,-3166,0,0
6.36,118.2,365.24,25.45,315.52,111.5,0.01,-1.14,0,0,0,1,2,5120,-247.7,0.2,11.54,-1.74,-30.84,3309,525,7463,0.0775,0.011,-0.006,-0.094,0.58,-6.58,762,-1080,-4372,0,0,11887,0.108,0.112,-0.003,-0.097,0.85,-6.31,789,-1006,-4348,0,0,8466,0.0656,-0.012,-0.009,-0.091,-2.36,-4.8,759,-1116,-3582,0,0,10227,0.09,0.066,-0.018,-0.082,-2.29,-4.87,776,-2646,-4124,0,0
6.48,122,361.94,24.76,313.92,111.5,0.04,-0.7,0,0,0,1,2,5130,-248.4,0.2,10.37,-1.76,-10.98,3301,525,7477,0.0839,0.053,-0.004,-0.096,-1.41,-5.76,771,-492,-2029,0,0,10808,0.1178,0.082,-0.004,-0.096,-1.08,-6.08,780,-590,-2156,0,0,9143,0.0746,0.074,-0.01,-0.09,-2.27,-4.89,767,-1294,-3946,0,0,10230,0.098,0.067,-0.012,-0.088,-2.24,-4.92,772,-1836,-4296,0,0
6.6,125.7,358.69,24.17,312.21,111.1,-0.05,-1,-0.29,0,0.12,1,2,5092,-246.7,0.2,8.51,-1.41,-20.29,3255,521,9887,0.1016,0.147,-0.004,-0.096,-10.14,2.98,754,-235,-10154,0,0,13021,0.1275,0.08,-0.006,-0.094,-7.61,0.45,773,-539,-11067,0,0,12196,0.0914,0.141,-0.006,-0.094,-1.63,-5.53,765,-1167,-3498,0,0,14231,0.109,0.091,-0.012,-0.088,-1.6,-5.56,775,-2285,-3424,0,0
6.72,129.3,355.59,23.71,310.35,106.9,-0.88,-1.66,-0.6,0,0.43,1,2,4394,-214.8,0.2,6.6,-1.82,-41.5,3034,482,10163,0.0951,-0.054,-0.121,0.021,-27.66,20.5,568,-2902,-10023,758,1,14195,0.1288,0.011,-0.109,0.009,-21.34,14.18,622,-3996,-11513,2526,0,9149,0.0903,-0.009,-0.003,-0.097,-3.61,-3.55,706,-1740,-5667,1360,0,12003,0.1155,0.054,-0.032,-0.068,-3.46,-3.7,716,-5935,-6633,1360,0
6.84,132.8,352.73,23.39,308.4,102.4,-0.93,-1.51,0,0,0,1,2,4610,-225.6,0.2,5.07,-1.97,-28.42,2830,443,7108,0.0887,-0.053,-0.009,-0.091,-1.73,-5.43,695,-1423,-2184,0,0,9248,0.1219,-0.058,-0.006,-0.094,-1.37,-5.8,718,-1514,-2102,0,0,9869,0.0831,-0.06,-0.031,-0.069,-4.54,-2.62,674,-3904,-7172,0,0,10995,0.1083,-0.06,-0.053,-0.047,-4.41,-2.75,680,-6207,-7426,0,0
6.96,136.1,350.12,23.16,306.42,94.7,-1.76,-1.21,-0.21,0,0.9,1,2,3954,-196,0.2,3.93,-1.64,-16.24,2491,379,9330,0.0945,0.049,-0.115,0.015,-11.45,4.29,545,-5666,-8278,5249,0,12573,0.1263,0.037,-0.109,0.009,-8.99,1.83,569,-7931,-9420,5249,0,9183,0.0737,-0.078,-0.05,-0.05,-3.27,-3.89,599,-6505,-4914,2826,0,11441,0.0944,-0.116,-0.063,-0.037,-3.21,-3.96,604,-8684,-5603,2826,0
7.08,139.1,347.78,23.03,304.46,89.8,-1.09,-1.08,0,0,0,1,2,4030,-202.2,0.2,2.68,-1.3,-10.66,2231,341,7350,0.0896,-0.041,-0.016,-0.084,-1.36,-5.8,616,-1655,-1925,0,0,8190,0.1165,-0.082,-0.015,-0.085,-1.03,-6.13,625,-1779,-1603,0,0,8746,0.0674,-0.052,-0.048,-0.052,-2.48,-4.68,600,-4783,-4046,0,0,9485,0.0867,-0.064,-0.056,-0.044,-2.45,-4.71,604,-5820,-4211,0,0
7.2,142.1,345.6,22.96,302.5,87,-0.66,-0.59,0,0,0,1,2,4014,-200.7,0.2,1.42,-0.81,-2.48,2056,319,8258,0.0889,-0.005,-0.003,-0.097,-0.86,-6.31,606,-416,-1456,0,0,9889,0.112,-0.038,-0.003,-0.097,-0.55,-6.61,607,-473,-1114,0,0,8444,0.07,0.021,-0.009,-0.091,-1.03,-6.13,602,-1356,-1873,0,0,8609,0.0822,-0.038,-0.01,-0.09,-1.03,-6.13,603,-1396,-1837,0,0
7.32,145,343.48,22.95,300.53,85.9,-0.26,-0.37,-0.2,0,0,1,2,3956,-198.3,0.2,0.11,-0.32,-6.48,1982,311,8007,0.0899,0.008,-0.003,-0.097,-6.79,-0.38,592,-174,-6828,0,0,8313,0.1034,-0.072,-0.004,-0.096,-5,-2.16,598,-360,-5685,0,0,9642,0.0761,0.051,-0.006,-0.094,-0.41,-6.75,595,-1114,-764,0,0,10733,0.0845,0.019,-0.009,-0.091,-0.41,-6.75,598,-1585,-814,0,0
7.44,147.8,341.51,23,298.5,83.7,-0.46,-1.38,-0.56,0,0,1,2,3772,-190.5,0.2,-1.05,-0.76,-48.94,1879,296,7053,0.0791,-0.09,0.001,-0.099,-20.54,13.38,532,46,-7684,0,0,10414,0.1091,0.048,-0.005,-0.095,-15.38,8.22,579,-216,-10934,0,0,7427,0.0667,-0.078,-0.005,-0.095,-2.9,-4.26,564,-276,-3793,0,0,11189,0.0953,0.09,-0.013,-0.087,-2.73,-4.43,595,-1989,-5069,0,0
7.56,150.5,339.78,23.1,296.39,80.2,-0.66,-1.89,-0.7,0,0.13,1,2,3491,-178.4,0.2,-2.07,-1.07,-64.02,1751,272,6488,0.072,-0.059,-0.009,-0.091,-30.12,22.96,461,-123,-6934,0,0,10173,0.1206,0.096,-0.01,-0.09,-23.05,15.89,533,-275,-10502,0,0,5857,0.0525,-0.119,-0.004,-0.096,-5.92,-1.25,535,-247,-5314,0,0,11716,0.0996,0.036,-0.02,-0.08,-5.43,-1.73,573,-2183,-9250,0,0
7.68,153.1,338.36,23.24,294.27,74,-1.27,-1.9,-0.72,0,0.33,0.4,2,2839,-145.6,0.2,-2.91,-0.75,-53.74,1546,232,8621,0.0769,0.04,-0.127,0.027,-33.17,26,367,-2157,-8662,798,1,11039,0.1223,0.014,-0.14,0.04,-25.7,18.54,422,-3327,-10720,798,1,6075,0.0462,-0.053,-0.098,-0.002,-7.08,-0.08,462,-3508,-5434,1432,0,10081,0.0968,-0.023,-0.108,0.008,-6.56,-0.6,488,-6845,-7703,1432,0
7.8,155.4,337.25,23.41,292.2,68.2,-1.17,-1.91,-0.74,0,0,0.29,1,2959,-149.7,0.2,-3.74,-0.41,-49.18,1308,197,7183,0.0736,-0.027,-0.032,-0.068,-34.39,27.23,365,-381,-7533,0,0,10970,0.1217,-0.005,-0.03,-0.07,-26.66,19.49,428,-663,-11074,0,0,5680,0.0386,-0.063,-0.048,-0.052,-7.13,-0.03,435,-1884,-5570,0,0,8800,0.0912,-0.047,-0.07,-0.03,-6.51,-0.66,456,-4426,-7626,0,0
7.92,157.6,336.46,23.61,290.22,61.9,-1.28,-1.86,-0.77,0,0,0.89,1,3910,-196.5,0.2,-4.57,-0.67,-50.8,1071,162,4430,0.076,0.02,-0.021,-0.079,-34.67,27.51,333,-165,-4824,0,0,10609,0.1091,-0.105,-0.014,-0.086,-26.7,19.54,398,-349,-10779,0,0,3694,0.0274,-0.093,-0.022,-0.078,-7.31,0.14,405,-657,-3827,0,0,12657,0.0931,0.016,-0.029,-0.071,-6.64,-0.52,439,-2877,-10584,0,0
8.04,159.6,335.95,23.8,288.3,58.8,-0.57,-1.83,-0.78,0.65,0,1,1,4008,360.6,1.04,-5.02,-0.49,-45.18,956,146,6203,0.0698,-0.052,0.084,-0.016,-33.8,26.64,357,868,-6555,0,0,5148,0.0863,-0.19,0.057,-0.043,-26.01,18.85,407,688,-5613,0,0,6782,0.0372,0.082,0.065,-0.035,-5.08,-2.09,421,3806,-5417,0,0,10519,0.092,-0.009,0.011,-0.089,-4.78,-2.39,432,1002,-8286,0,0
8.16,161.5,335.68,23.99,286.39,57,-0.33,-1.49,-0.79,0.19,0,1,1,3811,-61.3,0.34,-5.08,-0.83,-45.86,873,137,3018,0.0569,-0.108,0.115,0.015,-33.35,26.19,348,549,-3317,0,0,5083,0.0725,-0.115,0.041,-0.059,-25.54,18.38,383,395,-5582,0,0,2010,0.0151,-0.184,0.085,-0.015,-5.23,-1.93,381,1034,-1709,0,0,7224,0.1027,0.089,0.009,-0.091,-4.77,-2.39,385,-1988,-5579,0,0
8.28,163.4,335.6,24.14,284.55,55.1,-0.38,-1.23,-0.79,0,0,1,1,3623,-187.3,0.2,-3.7,-1.2,-33.22,829,128,3755,0.0297,-0.226,0.113,0.013,-33.98,26.82,350,1065,-4008,0,0,5252,0.0517,-0.174,0.026,-0.074,-26.1,18.94,371,580,-5731,0,0,3264,0.0364,0.177,0.001,-0.099,-2.97,-4.2,396,973,-1966,0,0,7010,0.0843,-0.154,-0.069,-0.031,-2.81,-4.35,401,-83,-3852,0,0
8.4,165.1,335.68,24.25,282.78,52.6,-0.54,-1.13,-0.8,0,0,1,1,3391,-176.1,0.2,-1.63,-1.56,-43.89,796,117,5626,0.0343,0.038,0.065,-0.035,-32.55,25.39,323,956,-5983,0,0,7209,0.0661,0.12,0.003,-0.097,-24.79,17.62,356,261,-7715,0,0,3488,0.018,-0.153,-0.016,-0.084,-3.71,-3.45,377,1230,-2365,0,0,6956,0.0581,-0.218,-0.078,-0.022,-3.4,-3.77,384,-3574,-4060,0,0
8.52,166.8,335.91,24.3,281.11,50,-0.54,-1.31,-0.81,0.51,0,1,1,3367,281.4,0.82,-0.83,-1.71,-53.4,689,105,6274,0.0408,0.054,0.059,-0.041,-31.72,24.55,306,1050,-6627,0,0,8092,0.0812,0.126,0.001,-0.099,-24.07,16.9,346,248,-8574,0,0,4376,0.0099,-0.068,-0.003,-0.097,-5.1,-2.06,361,2017,-3652,0,0,8827,0.0561,-0.017,-0.083,-0.017,-4.56,-2.6,370,-3986,-6471,0,0
8.64,168.5,336.34,24.34,279.51,49.6,0,-1.5,-0.81,0.1,0,1,1,3232,-168.7,0.2,-0.88,-1.81,-57.68,658,104,4418,0.039,-0.016,0.063,-0.037,-30.89,23.73,305,1137,-4726,0,0,7767,0.0866,0.045,-0.021,-0.079,-23.37,16.21,339,265,-8284,0,0,6301,0.0242,0.119,-0.04,-0.06,-5.29,-1.88,348,2363,-5387,0,0,10330,0.0714,0.128,-0.113,0.013,-4.68,-2.48,361,-5586,-7404,0,0
8.76,170.1,336.94,24.37,277.99,50.6,0.28,-0.88,0,0,0,1,1,4013,521.2,1.23,-0.95,-1.31,-34.45,680,108,5390,0.0441,0.043,0.053,-0.047,2.6,-4.56,362,3148,3342,0,0,5203,0.0801,-0.055,0.047,-0.053,2.6,-4.56,386,2706,3294,0,0,8444,0.0369,0.106,0.266,0.166,-4.75,-2.42,438,9144,-2465,0,0,8658,0.0743,0.024,0.176,0.076,-4.41,-2.75,438,8887,-3416,0,0
8.88,171.9,337.62,24.41,276.4,51.8,0.3,-0.37,0,1,0,1,1,3778,494,1.18,-1.05,-0.57,-1.44,706,113,5872,0.0528,0.073,0.035,-0.065,-0.5,-6.66,366,571,-607,0,0,6187,0.0641,-0.133,0.035,-0.065,-0.33,-6.84,367,616,-408,0,0,7594,0.054,0.142,0.129,0.029,-0.74,-6.43,366,3236,-1522,0,0,7770,0.0678,-0.054,0.127,0.027,-0.74,-6.43,366,3016,-1545,0,0
9,173.7,338.37,24.45,274.73,56.9,1.22,-0.1,0,1,0,1,1,4461,976.1,1.84,-1.22,-0.31,-0.04,830,137,5411,0.0516,-0.011,0.063,-0.037,-0.18,-6.98,424,3462,-213,0,0,5079,0.0541,-0.084,0.065,-0.035,-0.02,-7.14,426,3374,-40,0,0,9615,0.0633,0.078,0.171,0.071,-0.14,-7.02,478,9746,-282,0,0,2268,0.0674,-0.004,0.196,0.096,-0.73,-6.43,491,2553,-92,0,0
9.12,175.7,339.22,24.49,272.88,64.1,1.69,-0.01,0,1,0,1,1,5350,1005,2.05,-1.52,-0.23,-0.15,1020,174,4886,0.0455,-0.05,0.056,-0.044,-0.1,-7.06,474,3707,-100,0,0,4420,0.0446,-0.079,0.061,-0.039,0.04,-7.13,476,3519,29,0,0,9201,0.0728,0.079,0.329,0.229,-0.06,-7.11,597,10258,-30,0,0,9606,0.0738,0.053,0.323,0.223,-0.06,-7.11,598,10648,-34,0,0
9.24,178,340.18,24.53,270.85,68.2,0.96,-0.42,-0.39,0.34,0,1,1,4639,0.6,0.46,-1.49,-0.53,-19.87,1162,196,4797,0.0414,-0.034,0.003,-0.097,-10.9,3.74,469,265,-5251,0,0,6897,0.049,0.037,-0.01,-0.09,-8.03,0.86,481,-218,-6709,0,0,7280,0.0691,-0.03,-0.027,-0.073,-0.74,-6.43,491,824,-898,0,0,9106,0.0792,0.045,-0.045,-0.055,-0.72,-6.45,495,-2138,-1040,0,0
9.36,180.2,341.26,24.57,268.86,68.8,0.18,-1.04,0,1,0,1,1,5368,1004.8,2.05,-1.08,-1.2,-42.46,1238,200,5198,0.0434,0.017,0.05,-0.05,3.32,-3.84,492,2733,1928,0,0,7570,0.0747,0.214,0.039,-0.061,3.28,-3.89,518,2556,3424,0,0,6511,0.0471,-0.183,0.245,0.145,-3.25,-3.92,586,7161,-1831,0,0,9319,0.0796,0.004,0.155,0.055,-3.04,-4.12,585,8891,-3509,0,0
9.48,182.6,342.48,24.62,266.78,74.5,1.36,-0.32,-0.07,1,0,1,1,5438,1005.6,2.08,-1.4,-0.73,-13.95,1411,234,4915,0.0452,0.014,0.038,-0.062,-4.02,-3.14,534,2336,-2518,0,0,5742,0.0609,-0.115,0.028,-0.072,-3.18,-3.98,540,2231,-2384,0,0,7929,0.0618,0.122,0.089,-0.011,-2.81,-4.35,562,6940,-3584,0,0,10029,0.0798,0.001,0.066,-0.034,-2.76,-4.4,561,7355,-4702,0,0
9.6,185.2,343.89,24.68,264.62,79.5,1.21,-1.04,0,1,0,1,1,5997,982.5,2.21,-1.62,-1.06,-31.8,1583,267,3764,0.0363,-0.074,0.094,-0.006,1.31,-5.86,593,3172,-2641,0,0,6648,0.0641,0.027,0.036,-0.064,1.4,-5.76,586,3311,-4224,0,0,7633,0.0612,-0.005,0.143,0.043,-2.83,-4.33,620,7761,-2622,0,0,11084,0.089,0.077,0.091,-0.009,-2.72,-4.44,616,9326,-4341,0,0
9.72,188,345.49,24.74,262.38,84.8,1.27,-0.5,-0.07,1,0,1,1,6184,971.8,2.26,-1.74,-0.84,-9.71,1796,303,5191,0.04,0.031,0.027,-0.073,-0.99,-6.18,604,2561,-989,0,0,1533,0.0589,-0.043,0.037,-0.063,-0.82,-6.34,616,796,-252,0,0,8383,0.0657,0.037,0.089,-0.011,-2.15,-5.01,639,7729,-2851,0,0,10028,0.088,-0.008,0.073,-0.027,-2.12,-5.04,638,8341,-3509,0,0
9.84,190.9,347.28,24.82,260.08,89.3,1.1,-0.99,0,1,0,1,1,6522,950.2,2.33,-1.85,-1.03,-28.66,1993,336,4237,0.0383,-0.014,0.057,-0.043,0.99,-6.17,646,2926,-2742,0,0,7777,0.065,0.051,0.02,-0.08,1.11,-6.05,645,3089,-3807,0,0,7578,0.0637,-0.017,0.091,-0.009,-2.31,-4.86,670,6964,-2632,0,0,10978,0.0907,0.023,0.054,-0.046,-2.23,-4.93,669,7360,-4010,0,0
9.96,194,349.25,24.9,257.74,93.6,1.03,-0.5,-0.07,1,0,0.36,1,6716,937.1,2.38,-2,-0.81,-9.25,2197,370,5384,0.0442,0.049,0.019,-0.081,-4.25,-2.91,660,1295,-3146,0,0,6543,0.0646,-0.004,0.013,-0.087,-3.36,-3.81,664,1261,-3077,0,0,8302,0.067,0.027,0.037,-0.063,-1.85,-5.31,674,4506,-2949,0,0,10405,0.0895,-0.01,0.028,-0.072,-1.83,-5.33,675,4245,-3603,0,0
10.08,197.1,351.35,25,255.42,94.6,0.28,-1.02,0,1,0,0.98,2,6547,946.6,2.35,-1.93,-1.02,-25.35,2303,377,5010,0.0473,0.026,0.03,-0.07,0.4,-6.76,672,2279,162,0,0,7474,0.0757,0.093,0.019,-0.081,0.57,-6.59,683,2198,651,0,0,7007,0.0584,-0.071,0.097,-0.003,-2.36,-4.8,717,6382,-2546,0,0,10139,0.0885,-0.009,0.064,-0.036,-2.29,-4.87,715,6958,-3834,0,0
10.2,200.3,353.61,25.11,253.08,99.4,1.15,-0.56,-0.17,1,0,1,2,4890,999.9,1.95,-2.33,-0.75,-12.26,2499,417,5018,0.0504,0.025,0.041,-0.059,-4.03,-3.14,717,2333,-3536,0,0,6243,0.0708,-0.041,0.028,-0.072,-3.12,-4.04,718,2279,-3605,0,0,9263,0.0683,0.083,0.07,-0.03,-1.9,-5.26,739,7489,-2971,0,0,10542,0.0891,0.005,0.056,-0.044,-1.88,-5.29,739,7342,-3450,0,0
10.32,203.7,356.07,25.25,250.75,103.6,1.05,-1.12,0,1,0,1,2,5116,1003.1,2,-2.74,-1.03,-30.51,2692,453,5044,0.0455,-0.041,0.031,-0.069,0.03,-7.14,735,2493,-146,0,0,7060,0.0754,0.039,0.021,-0.079,0.2,-6.96,750,2333,171,0,0,8559,0.0663,-0.016,0.096,-0.004,-3.02,-4.14,781,7627,-3715,0,0,10973,0.0992,0.085,0.063,-0.037,-2.93,-4.23,781,7484,-5095,0,0
10.44,207.3,358.73,25.41,248.41,107.9,1.08,-0.93,-0.3,1,0,1,2,5386,1005.3,2.06,-3.21,-0.93,-23.04,2905,492,6017,0.0475,0.017,0.084,-0.016,-12.33,5.17,789,2567,-6224,0,0,7386,0.0764,0.008,0.048,-0.052,-9.62,2.46,789,2270,-7534,0,0,14250,0.0722,0.049,0.107,0.007,-2.73,-4.43,811,10312,-4497,0,0,11876,0.101,0.015,0.061,-0.039,-2.66,-4.5,816,8244,-5052,0,0
10.56,210.9,361.61,25.61,246.14,111.8,1.02,-1.31,0,1,0,1,2,5526,1005,2.1,-3.75,-1.07,-30.82,3130,528,6091,0.048,0.004,0.029,-0.071,-1.3,-5.86,791,2896,-1360,0,0,7680,0.0864,0.083,0.019,-0.081,-1.07,-6.09,807,2378,-1347,0,0,8775,0.0703,-0.016,0.101,0.001,-4.16,-3,848,7358,-4965,0,0,11924,0.1094,0.07,0.068,-0.032,-4.04,-3.12,847,7659,-7099,0,0
10.68,214.8,364.7,25.86,243.93,115.9,1.05,-1.27,-0.28,1,0,1,2,5727,997,2.14,-4.6,-0.89,-24.33,3336,567,6505,0.058,0.084,0.066,-0.034,-11.58,4.41,837,2307,-6811,0,0,9878,0.093,0.055,0.037,-0.063,-9.14,1.98,838,2342,-9770,0,0,9969,0.078,0.064,0.083,-0.017,-3.46,-3.7,872,7790,-5167,0,0,19931,0.1137,0.035,0.068,-0.032,-3.38,-3.78,870,8022,-6164,0,0
10.8,218.7,368.02,26.2,241.86,118.3,0.77,-1.95,-0.56,0.4,0,1,2,5768,406.6,1.31,-5.88,-1.1,-52.72,3490,591,9420,0.071,0.108,0.143,0.043,-27.04,19.87,822,3132,-9271,0,0,11275,0.1159,0.191,0.07,-0.03,-21.12,13.96,844,2354,-11300,0,0,10716,0.079,0.008,0.108,0.008,-5.38,-1.78,895,8613,-6697,0,0,16036,0.1308,0.143,0.061,-0.039,-5.14,-2.02,898,6775,-8453,0,0
10.92,222.6,371.49,26.66,240.08,116.6,-0.04,-2.49,-0.56,0.21,0,1,2,5209,192.5,0.85,-7.84,-0.69,-62.77,3532,574,10668,0.1021,0.259,0.033,-0.067,-28.98,21.82,714,791,-10755,0,0,13461,0.1316,0.131,0.012,-0.088,-22.86,15.69,780,411,-12068,0,0,12375,0.0845,0.046,0.029,-0.071,-8.17,1.01,812,2444,-11363,0,0,15611,0.1384,0.063,-0.007,-0.093,-7.75,0.59,830,-666,-11333,0,0
11.04,226.4,374.98,27.26,238.67,112.4,-0.56,-2.49,0,0,0,1,2,5115,-247.7,0.2,-9.78,-0.51,-51.24,3362,533,8675,0.1012,-0.008,-0.005,-0.095,-5.15,-2.01,758,-421,-7064,0,0,11612,0.1229,-0.072,-0.004,-0.096,-4.59,-2.57,796,-546,-8397,0,0,8214,0.0862,0.014,-0.012,-0.088,-9.73,2.56,752,-615,-8658,0,0,15796,0.1339,-0.037,-0.031,-0.069,-9.27,2.11,774,-2348,-11730,0,0
11.16,230.1,378.43,27.95,237.6,108.3,-0.57,-2.25,0,0,0,1,2,4918,-239.3,0.2,-10.98,-1.24,-36.63,3182,496,5302,0.0819,-0.16,-0.007,-0.093,-6.01,-1.15,733,-336,-4980,0,0,10378,0.1174,-0.046,-0.007,-0.093,-5.51,-1.65,759,-477,-8625,0,0,7756,0.0705,-0.13,-0.015,-0.085,-9.24,2.08,727,-789,-8153,0,0,11759,0.1262,-0.065,-0.029,-0.071,-8.97,1.8,742,-2172,-11492,0,0
11.28,233.6,381.8,28.66,236.84,104.4,-0.63,-2.06,0,0,0,1,2,4754,-232.3,0.2,-11.72,-1.92,-24.61,2983,460,6101,0.0671,-0.124,-0.006,-0.094,-5.52,-1.65,712,-399,-5454,0,0,10849,0.1076,-0.082,-0.008,-0.092,-5.13,-2.03,729,-715,-8638,0,0,7443,0.0557,-0.123,-0.015,-0.085,-7.73,0.57,706,-841,-7547,0,0,10577,0.1198,-0.053,-0.023,-0.077,-7.59,0.42,717,-1802,-10140,0,0
11.4,237,385.1,29.39,236.35,100.7,-0.67,-1.78,0,0,0,1,2,4612,-226.3,0.2,-12.22,-2.14,-13.08,2762,428,5420,0.0576,-0.079,-0.006,-0.094,-4.15,-3.01,693,-439,-4091,0,0,16052,0.1041,-0.029,-0.005,-0.095,-3.86,-3.3,702,-211,-7663,0,0,6617,0.0481,-0.064,-0.015,-0.085,-5.39,-1.77,687,-960,-5843,0,0,10467,0.1078,-0.099,-0.017,-0.083,-5.33,-1.83,695,-1681,-8675,0,0
11.52,240.3,388.3,30.11,236.07,97.4,-0.69,-1.28,0,0,0,1,2,4481,-220.7,0.2,-12.44,-2.02,-3.66,2564,400,6274,0.0564,-0.01,-0.004,-0.096,-2.47,-4.69,676,-389,-3099,0,0,6514,0.0925,-0.097,-0.004,-0.096,-2.25,-4.91,679,-385,-2941,0,0,6509,0.0469,-0.01,-0.012,-0.088,-2.82,-4.34,670,-1126,-3623,0,0,9874,0.0939,-0.116,-0.011,-0.089,-2.81,-4.35,674,-1520,-5227,0,0
11.64,243.5,391.4,30.82,235.91,94.3,-0.7,-0.54,0.21,0,0,1,2,4338,-214.6,0.2,-12.56,-1.62,7.12,2387,376,6246,0.0597,0.027,-0.007,-0.093,4.2,-2.96,656,-308,3767,0,0,6452,0.0827,-0.082,-0.002,-0.098,6.06,-1.11,652,-172,5167,0,0,7461,0.0527,0.048,-0.012,-0.088,-1.16,-6,654,-1466,-1845,0,0,6984,0.0757,-0.151,-0.009,-0.091,-1.17,-5.99,651,-1095,-1758,0,0
11.76,246.6,394.39,31.51,235.7,90.6,-0.84,1,0,0,0,1,2,4168,-207,0.2,-12.5,-1.12,50.45,2210,347,8744,0.0758,0.134,0.001,-0.099,-3.11,-4.05,653,-1067,4050,0,0,5651,0.0645,-0.152,-0.013,-0.087,-3.08,-4.09,611,-1534,4321,0,0,9712,0.071,0.152,-0.018,-0.082,2.4,-4.77,640,-2583,3872,0,0,4998,0.0516,-0.201,-0.008,-0.092,2.54,-4.62,610,-581,2225,0,0
11.88,249.6,397.26,32.17,235.39,87.7,-0.67,0.59,0,0,0,1,2,4038,-201.8,0.2,-12.38,-1.33,15.95,2070,325,5451,0.0709,-0.041,-0.003,-0.097,0.89,-6.28,616,-312,846,0,0,3825,0.0609,-0.03,-0.005,-0.095,1.11,-6.06,604,-324,782,0,0,8925,0.0748,0.032,-0.013,-0.087,2.84,-4.32,610,-1508,4737,0,0,6719,0.047,-0.039,-0.009,-0.091,2.91,-4.25,601,-792,3750,0,0
12,252.4,400.03,32.8,235,84.8,-0.66,0.66,0.13,0,0,1,2,3899,-195.9,0.2,-12.22,-0.92,6.32,1928,303,6755,0.0658,-0.042,-0.004,-0.096,2.93,-4.23,591,-366,2852,0,0,9794,0.0642,0.028,-0.002,-0.098,3.73,-3.43,588,-312,4888,0,0,7523,0.0703,-0.038,-0.012,-0.088,1.4,-5.76,587,-1459,2144,0,0,3722,0.0427,-0.035,-0.014,-0.086,1.41,-5.75,582,-877,1123,0,0
12.12,255.2,402.68,33.39,234.51,81.5,-0.73,0.99,0.51,0,0,1,2,3677,-186.5,0.2,-11.78,0.06,29.67,1764,280,6212,0.0538,-0.101,-0.003,-0.097,15.48,8.31,557,-80,6917,0,0,2768,0.0546,-0.081,0.008,-0.092,20.21,13.04,528,68,3198,0,0,10305,0.0784,0.068,-0.012,-0.088,2.18,-4.98,573,-1767,3922,0,0,12768,0.0288,-0.116,-0.004,-0.096,2.21,-4.95,557,-861,4579,0,0
12.24,257.8,405.19,33.91,233.91,78.3,-0.69,0.88,0.71,0,0,1,2,3358,-171.6,0.2,-9.91,1.1,31.65,1658,259,1096,0.0146,-0.327,0.004,-0.096,25.78,18.62,500,15,1271,0,0,779,0.0009,-0.447,0.02,-0.08,32.89,25.73,455,38,892,0,0,3184,0.0698,-0.072,-0.026,-0.074,3.66,-3.5,539,-742,2105,0,0,1192,0.0183,-0.087,-0.012,-0.088,3.78,-3.39,526,-164,849,0,0
12.36,260.4,407.6,34.3,233.23,75,-0.68,0.84,0.72,0,0,0.71,2,3193,-163.9,0.2,-6.76,1.54,38.59,1624,239,7909,0.0439,0.245,0.004,-0.096,26.55,19.39,480,38,8355,0,0,3645,0.0057,0.04,0.037,-0.063,33.86,26.69,436,182,4014,0,0,1354,0.0235,-0.386,-0.053,-0.047,5.15,-2.01,505,-701,1137,0,0,585,-0.0174,-0.298,-0.012,-0.088,5.42,-1.74,499,-56,538,0,0
12.48,262.8,409.87,34.58,232.44,71,-0.78,1.35,0.73,0,0,0.07,1,2947,-149.8,0.2,-6.06,1.41,53.98,1366,213,8995,0.0803,0.303,-0.004,-0.096,27.54,20.38,454,-77,9339,0,0,4782,0.0314,0.214,-0.002,-0.098,35.14,27.98,387,-21,5182,0,0,1582,0.0412,0.148,0,-0.1,7.35,0.19,498,-109,1739,0,0,3765,-0.0131,0.036,0.003,-0.097,8.75,1.59,475,155,4123,0,0
12.6,265,411.91,34.83,231.52,64.9,-1.21,1.72,0.76,0,0,0.67,1,3895,-194.7,0.2,-5.86,1,47.42,1159,178,8975,0.0907,0.087,-0.019,-0.081,29.17,22.01,398,-591,9271,0,0,5201,0.0434,0.1,-0.022,-0.078,37.08,29.92,336,-445,5572,0,0,9374,0.0729,0.264,-0.093,-0.007,8.73,1.57,411,-5414,8312,0,0,4594,0.0146,0.23,-0.04,-0.06,9.43,2.27,401,-1483,4900,0,0
12.72,267.1,413.68,35.05,230.49,60.1,-0.91,1.72,0.77,0,0,1,1,3694,-187.3,0.2,-5.11,0.84,38.3,1026,153,8830,0.085,-0.048,-0.02,-0.08,29.36,22.2,369,-344,9142,0,0,5160,0.0451,0.014,-0.027,-0.073,37.37,30.21,312,-251,5536,0,0,8537,0.0758,0.024,-0.039,-0.061,7.23,0.07,415,-2459,8181,0,0,2032,0.0193,0.039,-0.027,-0.073,7.74,0.58,392,-362,2207,0,0
12.84,269,415.22,35.23,229.37,56.1,-0.8,1.45,0.79,0,0,1,1,3465,-177.1,0.2,-3.93,0.79,31.33,884,133,7207,0.0714,-0.114,-0.02,-0.08,28.84,21.68,344,-344,7637,0,0,4305,0.0394,-0.047,-0.03,-0.07,36.93,29.77,293,-247,4674,0,0,7457,0.0692,-0.056,-0.033,-0.067,5.41,-1.75,388,-2373,6453,0,0,4941,0.0162,-0.026,-0.018,-0.082,5.7,-1.46,371,-837,4633,0,0
12.96,270.8,416.56,35.33,228.19,53.2,-0.59,1.11,0.8,0.39,0,1,1,3481,183.2,0.62,-1.86,0.92,24.69,780,120,1945,0.0495,-0.182,0.036,-0.064,28.38,21.22,344,95,2213,0,0,2279,0.0191,-0.169,0.061,-0.039,36.5,29.33,306,117,2544,0,0,5812,0.0607,-0.07,0.01,-0.09,3.51,-3.65,381,208,3907,0,0,4204,0.0165,0.003,0.041,-0.059,3.67,-3.49,374,1665,2929,0,0
13.08,272.5,417.77,35.35,226.95,51.8,-0.26,0.79,0.81,0,0,1,1,3378,-175.4,0.2,1.43,0.91,21.48,733,114,2193,0.0274,-0.184,0.054,-0.046,28.06,20.89,346,335,2472,0,0,355,-0.0317,-0.424,0.21,0.11,36.17,29.01,345,138,385,0,0,4676,0.0455,-0.127,-0.069,-0.031,2.44,-4.73,373,-1905,2244,0,0,4000,0.0141,-0.021,-0.038,-0.062,2.53,-4.63,370,585,2030,0,0
13.2,274.2,418.87,35.26,225.69,51,-0.14,0.69,0.81,0,0,1,1,3314,-172.1,0.2,5.58,0.34,26.16,721,110,1271,0.0387,0.094,0.047,-0.053,27.69,20.53,340,150,1456,0,0,0,-0.0911,-0.495,0.226,0.126,35.76,28.6,344,0,0,0,0,3210,0.0224,-0.193,-0.078,-0.022,2.79,-4.38,363,-1670,1678,0,0,4888,0.0104,-0.031,-0.045,-0.055,2.95,-4.22,362,719,2702,0,0
13.32,275.9,419.9,35.04,224.39,50.8,0.03,0.73,0.81,0,0,1,1,3154,-164.6,0.2,10.02,-1.35,32.1,726,109,3516,0.0607,0.183,0.016,-0.084,27,19.84,334,206,3929,0,0,5398,-0.0806,0.087,0.037,-0.063,34.69,27.53,295,1112,5883,0,0,1864,-0.0121,-0.287,-0.107,0.007,3.16,-4,351,-1397,1075,0,0,7083,0.0059,-0.037,-0.063,-0.037,3.33,-3.83,352,-212,4439,0,0
13.44,277.5,420.8,34.73,223.03,50.2,-0.09,1.1,0.81,0,0.14,1,1,3269,-168.8,0.2,12.95,-2.2,56.3,696,107,9875,0.1041,0.361,-0.008,-0.092,24.85,17.69,340,-33,10195,0,0,1308,-0.03,0.421,0.149,0.049,32.9,25.74,326,411,1437,0,0,4568,-0.0158,-0.032,-0.084,-0.016,5.29,-1.87,368,-2880,3494,0,0,2421,-0.0336,-0.329,0.001,-0.099,5.94,-1.23,363,799,2186,0,0
13.56,279.2,421.54,34.35,221.64,46.7,-0.73,1.36,0.82,0,0.72,0.6,1,2577,-131,0.2,14,-3.46,65.16,594,92,11757,0.1089,0.04,-0.138,0.038,23.36,16.19,280,-4190,11137,1062,1,9062,0.0561,0.717,-0.179,0.079,30.83,23.67,212,-2778,8947,1062,1,6602,0.0134,0.244,-0.187,0.087,6.67,-0.49,282,-6331,3940,572,1,9801,0.0194,0.442,-0.128,0.028,7.76,0.6,267,-6284,8092,572,1
13.68,280.6,422.05,34,220.29,43.5,-0.7,1.27,0.84,0,0.13,0,1,2261,-115.1,0.2,15.06,-3.8,49.76,504,80,11297,0.1118,0.024,-0.108,0.008,25.28,18.11,257,-3221,10982,1427,0,3905,0.0201,-0.3,-0.132,0.032,33.49,26.33,208,-1374,4093,428,1,1366,0.0285,0.126,-0.121,0.021,5.06,-2.1,282,-1252,944,231,1,4757,0.0272,0.065,-0.032,-0.068,5.78,-1.38,274,-1556,4290,769,0
13.8,282.1,422.34,33.64,218.95,42.5,-0.21,1.66,0.84,0.56,0,0.5,1,2888,259.9,0.76,15.9,-3.2,48.32,558,77,8341,0.1179,0.05,0.016,-0.084,21.39,14.23,300,428,8858,0,0,3668,0.0293,0.077,0.102,0.002,28.87,21.71,271,649,4029,0,0,8291,0.0482,0.164,-0.002,-0.098,1.86,-5.3,312,-463,3406,0,0,9206,0.0617,0.287,0.027,-0.073,2.11,-5.06,283,3578,4167,0,0
13.92,283.5,422.44,33.25,217.56,44,0.37,1.23,0,1,0,0.98,1,3097,262.4,0.77,16.44,-2.75,69.45,515,82,7542,0.1021,-0.131,0.039,-0.061,-10.5,3.34,346,-691,7237,0,0,4307,0.0255,-0.032,-0.011,-0.089,-11.98,4.82,282,-1423,4713,0,0,8279,0.044,-0.035,-0.01,-0.09,4.26,-2.9,326,-250,5881,0,0,4782,0.0242,-0.312,0.069,-0.031,5.1,-2.06,302,2123,3870,0,0
14.04,285.1,422.46,32.81,216.04,50.7,1.57,0.13,0,1,0,1,1,3651,860.8,1.66,16.17,-3.78,12.62,666,108,4305,0.066,-0.301,0.026,-0.074,-0.87,-6.29,366,1608,-1244,0,0,3440,0.0398,0.119,0.032,-0.068,-0.67,-6.49,361,1564,-902,0,0,6164,0.0499,0.049,0.059,-0.041,1.2,-5.96,379,4317,1928,0,0,11019,0.0664,0.352,0.059,-0.041,1.27,-5.9,371,7550,3322,0,0
14.16,287,422.46,32.29,214.25,59.5,2.07,0.15,0,1,0,1,1,4274,956.5,1.81,15.85,-4.7,1.88,891,149,3374,0.0476,-0.153,0.042,-0.058,-0.31,-6.85,431,2162,-227,0,0,3139,0.0392,-0.005,0.038,-0.062,-0.16,-7,430,1900,-112,0,0,7726,0.0613,0.095,0.047,-0.053,-0.23,-6.93,434,7075,-187,0,0,10832,0.0748,0.07,0.038,-0.062,-0.21,-6.96,430,8972,-220,0,0
14.28,289.1,422.44,31.69,212.19,67.6,1.91,0.05,0,1,0,1,1,4906,1000.1,1.95,15.76,-5.25,0.73,1134,193,3551,0.0445,-0.026,0.043,-0.057,-0.45,-6.71,490,2210,-330,0,0,4158,0.036,-0.026,0.034,-0.066,-0.32,-6.84,487,2210,-272,0,0,7656,0.0622,0.007,0.07,-0.03,-0.49,-6.67,504,6586,-644,0,0,9985,0.0765,0.014,0.063,-0.037,-0.47,-6.69,501,7882,-808,0,0
14.4,291.5,422.42,31.02,209.87,76,1.98,0.03,0,1,0,1,1,5480,1005.8,2.09,15.7,-5.77,0.56,1433,244,3622,0.0439,-0.005,0.036,-0.064,-0.55,-6.61,548,2145,-406,0,0,4858,0.0364,0.003,0.024,-0.076,-0.43,-6.73,543,2337,-451,0,0,11000,0.0672,0.042,0.059,-0.041,-0.63,-6.53,559,8932,-1284,0,0,9235,0.0771,0.005,0.062,-0.038,-0.64,-6.53,562,7506,-1073,0,0
14.52,294.2,422.39,30.27,207.3,83.3,1.72,0.17,0.25,1,0,1,1,6068,979.1,2.23,15.73,-6.19,9.18,1723,293,7516,0.044,0,0.025,-0.075,3.45,-3.71,596,2849,4682,0,0,4274,0.0402,0.032,0.046,-0.054,4.93,-2.23,602,2030,3493,0,0,7271,0.0674,0.002,0.074,-0.026,-0.38,-6.78,628,6452,-573,0,0,8075,0.0749,-0.018,0.083,-0.017,-0.38,-6.78,626,7399,-617,0,0
14.64,297.1,422.25,29.46,204.52,89.9,1.59,1.06,0.63,0,0,0.7,1,6588,511.4,1.64,16.1,-4.76,44.82,2025,341,7864,0.0664,0.187,0.064,-0.036,16.99,9.82,655,1988,8322,0,0,4938,0.0329,-0.06,0.167,0.067,22.42,15.25,655,2442,4978,0,0,12054,0.0777,0.086,0.042,-0.058,2.31,-4.85,666,7279,4285,0,0,6495,0.0632,-0.098,0.105,0.005,2.46,-4.71,668,6463,2113,0,0
14.76,300.1,421.91,28.59,201.63,91.6,0.5,1.31,0,0,0,0.22,2,5574,-267.4,0.2,16.97,-2.79,40.98,2201,354,7594,0.0766,0.085,0.002,-0.098,-0.25,-6.92,654,260,-853,0,0,4912,0.0354,0.02,0.008,-0.092,-0.08,-7.08,626,450,-404,0,0,4279,0.0838,0.05,0.002,-0.098,4.89,-2.27,655,-85,3474,0,0,7330,0.0471,-0.134,0.036,-0.064,4.8,-2.36,645,2265,5716,0,0
14.88,303.3,421.42,27.68,198.69,94.4,0.74,0.97,0.07,0,0,1,2,4365,-213.7,0.2,17.28,-2.43,14.3,2363,377,7424,0.0778,0.01,0.002,-0.098,1.69,-5.47,658,-168,2409,0,0,5634,0.0435,0.068,0.003,-0.097,1.9,-5.26,649,14,2105,0,0,9624,0.0747,-0.075,0.01,-0.09,3.34,-3.82,646,-520,5827,0,0,5920,0.046,-0.009,0.023,-0.077,3.4,-3.76,644,652,3833,0,0
15,306.4,420.74,26.75,195.73,95.8,0.41,1.39,0.45,0,0,1,2,4380,-214.3,0.2,17.54,-1.64,27.18,2454,388,7710,0.0817,0.032,0.008,-0.092,13.97,6.81,658,126,8408,0,0,4760,0.0437,0.002,0.032,-0.068,18.09,10.93,639,484,5361,0,0,8917,0.0761,0.011,0.002,-0.098,2.71,-4.45,658,-1476,4356,0,0,8081,0.0412,-0.04,0.028,-0.072,2.8,-4.36,651,1497,4100,0,0
15.12,309.6,419.85,25.8,192.8,96.5,0.25,1.45,0,0,0,1,2,4417,-217.9,0.2,17.8,-0.13,37.61,2510,393,7987,0.0877,0.05,-0.004,-0.096,-0.21,-6.95,683,-447,368,0,0,5384,0.0431,-0.005,-0.003,-0.097,-0.02,-7.14,655,-350,804,0,0,9192,0.0781,0.017,-0.017,-0.083,4.03,-3.13,674,-2444,6153,0,0,5419,0.0354,-0.048,-0.012,-0.088,4.22,-2.95,650,-1031,3979,0,0
15.24,312.9,418.8,24.83,189.9,97.6,0.32,0.89,0,1,0,1,2,4468,-220.1,0.2,17.85,0.31,14.28,2569,402,7169,0.0819,-0.048,-0.004,-0.096,1.69,-5.47,682,-450,2335,0,0,5532,0.0516,0.071,-0.005,-0.095,1.92,-5.24,671,-408,2085,0,0,8560,0.0731,-0.041,-0.016,-0.084,3.33,-3.83,674,-1762,5204,0,0,6510,0.0418,0.053,-0.012,-0.088,3.38,-3.78,666,-1033,4141,0,0
15.36,316.2,417.61,23.83,186.96,101.8,1.03,0.77,0,0,0,1,2,4785,562.7,1.35,17.6,0.37,4.62,2731,438,6195,0.0743,-0.064,0.008,-0.092,1.23,-5.94,716,962,1554,0,0,5030,0.0501,-0.012,0.011,-0.089,1.42,-5.74,715,1016,1466,0,0,9369,0.0753,0.018,0.02,-0.08,1.76,-5.4,725,3384,3196,0,0,7421,0.0505,0.073,0.025,-0.075,1.77,-5.39,725,3311,2594,0,0
15.48,319.6,416.3,22.8,183.95,103.6,0.42,0.42,0,0,0,1,2,4750,-232.1,0.2,17.51,0.22,0.89,2817,453,5993,0.0675,-0.056,-0.004,-0.096,0.56,-6.6,718,-477,681,0,0,6245,0.0572,0.059,-0.004,-0.096,0.75,-6.42,718,-424,1037,0,0,7855,0.0728,-0.021,-0.012,-0.088,0.72,-6.44,713,-1631,1128,0,0,7466,0.0563,0.048,-0.012,-0.088,0.72,-6.44,713,-1484,1114,0,0
15.6,323.1,414.93,21.76,180.9,106.8,0.75,0.18,0,0,0,1,2,4955,188.6,0.79,17.31,0.25,-0.64,2991,481,6361,0.0659,-0.013,0.001,-0.099,0.15,-7.02,745,211,208,0,0,6498,0.0678,0.089,0.001,-0.099,0.34,-6.82,745,164,475,0,0,9946,0.0704,-0.02,0.004,-0.096,0.26,-6.9,747,967,526,0,0,8799,0.0627,0.053,0.005,-0.095,0.26,-6.9,748,944,470,0,0
15.72,326.7,413.51,20.71,177.78,108,0.3,0.06,0,0,0,1,2,4960,-241.1,0.2,17.14,0.45,-0.04,3080,493,8599,0.0718,0.049,-0.004,-0.096,0.03,-7.14,750,-526,39,0,0,8361,0.0722,0.036,-0.003,-0.097,0.24,-6.92,751,-583,374,0,0,8360,0.0707,0.003,-0.011,-0.089,0.13,-7.04,744,-1603,200,0,0,6286,0.0617,-0.008,-0.013,-0.087,0.13,-7.03,743,-1427,154,0,0
15.84,330.3,412.06,19.67,174.63,109,0.24,0.01,0,0,0,1,2,5002,-242.9,0.2,16.72,1.13,-2.36,3151,502,6092,0.0775,0.047,-0.005,-0.095,-0.09,-7.07,757,-501,-82,0,0,13913,0.0946,0.187,-0.006,-0.094,0.19,-6.97,755,-635,228,0,0,5348,0.0683,-0.02,-0.015,-0.085,0.04,-7.12,749,-1471,75,0,0,7663,0.0631,0.011,-0.012,-0.088,0.05,-7.11,751,-1685,135,0,0
15.96,334,410.59,18.68,171.4,111.6,0.6,-0.01,0,1,0,1,2,5262,1004.6,2.04,14.96,1.84,-1.98,3238,525,15602,0.1069,0.245,0.005,-0.095,-0.08,-7.09,783,1449,-272,0,0,8620,0.1106,0.133,0.01,-0.09,0.25,-6.91,787,1416,421,0,0,12256,0.0911,0.19,0.026,-0.074,0.1,-7.06,800,5068,228,0,0,3640,0.0919,0.24,0.048,-0.052,-0.44,-6.73,808,2079,3,0,0
16.08,337.9,409.07,17.77,168.01,116.2,1.11,-0.44,-0.27,0.66,0,1,2,5464,772.4,1.74,12.81,1.64,-20.44,3422,570,7214,0.1039,-0.025,0.019,-0.081,-7.1,-0.06,813,1120,-7089,0,0,9406,0.111,0.003,0.009,-0.091,-5.02,-2.14,824,846,-7589,0,0,10984,0.1188,0.231,0.027,-0.073,-0.51,-6.66,825,4580,-830,0,0,15394,0.1176,0.214,0.014,-0.086,-0.49,-6.67,831,2759,-877,0,0
16.2,341.8,407.65,16.95,164.46,117.3,0.32,-1.04,0,0,0,1,2,5396,-259.7,0.2,11.27,0.48,-25.49,3561,580,12223,0.1008,-0.026,-0.005,-0.095,-0.72,-6.44,806,-797,-1230,0,0,10023,0.1228,0.099,-0.003,-0.097,-0.38,-6.78,825,-525,-406,0,0,12201,0.1054,-0.112,-0.007,-0.093,-2.87,-4.29,803,-1179,-6020,0,0,12244,0.1264,0.074,-0.014,-0.086,-2.81,-4.35,816,-2331,-5879,0,0
16.32,345.7,406.33,16.25,160.84,117.1,0.01,-0.88,0,0,0,1,2,5393,-259.5,0.2,9.78,0.32,-7.87,3594,579,8738,0.1015,0.006,-0.004,-0.096,-1.32,-5.84,812,-535,-2238,0,0,9922,0.1214,-0.011,-0.003,-0.097,-0.98,-6.18,818,-531,-1861,0,0,12475,0.1,-0.044,-0.009,-0.091,-1.85,-5.31,808,-1662,-4140,0,0,13602,0.1196,-0.056,-0.011,-0.089,-1.84,-5.33,812,-1997,-4088,0,0
16.44,349.6,405.11,15.65,157.18,116.8,-0.04,-0.58,0,0,0,1,2,5381,-258.9,0.2,8.6,0.36,-2.09,3613,576,8944,0.0997,-0.015,-0.003,-0.097,-0.81,-6.35,812,-523,-1437,0,0,8511,0.1123,-0.076,-0.003,-0.097,-0.49,-6.67,814,-513,-845,0,0,9834,0.0961,-0.033,-0.01,-0.09,-0.84,-6.32,806,-1592,-1708,0,0,12619,0.1107,-0.074,-0.009,-0.091,-0.83,-6.33,809,-1862,-1931,0,0
16.56,353.5,403.94,15.12,153.5,116.5,-0.07,-0.26,0,0,0,1,2,5360,-258.1,0.2,7.96,0.42,-0.26,3636,573,8961,0.0913,-0.07,-0.003,-0.097,-0.42,-6.74,810,-580,-764,0,0,6496,0.0947,-0.147,-0.004,-0.096,-0.15,-7.02,810,-469,-204,0,0,8940,0.0883,-0.065,-0.01,-0.09,-0.31,-6.85,804,-1577,-568,0,0,9707,0.0982,-0.104,-0.01,-0.09,-0.31,-6.85,805,-1644,-609,0,0
16.68,357.4,402.8,14.61,149.83,116.2,-0.07,-0.09,0,0,0,1,2,5336,-257.1,0.2,7.92,0.26,0.34,3646,570,4939,0.0768,-0.121,-0.005,-0.095,-0.21,-6.96,806,-435,-219,0,0,4032,0.0775,-0.144,-0.005,-0.095,0.03,-7.14,805,-375,21,0,0,2197,0.0774,-0.091,-0.01,-0.09,0.16,-7.01,798,-427,-31,0,0,8369,0.0809,-0.144,-0.011,-0.089,-0.08,-7.08,801,-1552,-150,0,0
16.8,361.2,401.66,14.09,146.18,116,-0.05,-0.02,0,0,0,1,2,5325,-256.6,0.2,8.45,-0.06,0.64,3639,568,6242,0.0632,-0.113,-0.004,-0.096,-0.1,-7.07,805,-464,-133,0,0,5348,0.0595,-0.15,-0.005,-0.095,0.09,-7.07,804,-460,92,0,0,8224,0.0647,-0.106,-0.011,-0.089,0,-7.16,799,-1627,13,0,0,8721,0.0651,-0.132,-0.01,-0.09,0,-7.16,800,-1665,-4,0,0
16.92,365.1,400.52,13.52,142.54,115.8,-0.02,0.23,0.28,0,0.11,1,2,5274,-254.5,0.2,9.48,0.05,11.4,3655,567,2317,0.0516,-0.097,-0.006,-0.094,6.86,-0.31,799,-140,2272,0,0,5290,0.0508,-0.073,-0.003,-0.097,9.11,1.94,789,-137,5573,0,0,5307,0.0533,-0.095,-0.019,-0.081,0.29,-6.87,796,-1779,238,0,0,1947,0.0472,-0.15,-0.011,-0.089,0.02,-7.14,790,-456,76,0,0
17.04,368.9,399.31,12.89,138.99,112.6,-0.72,0.94,0.58,0,0.16,1,2,4577,-223.3,0.2,10.11,1.86,38.59,3442,536,10768,0.0811,0.245,-0.113,0.013,19.72,12.56,660,-3727,10523,1922,0,8692,0.0602,0.078,-0.122,0.022,25.51,18.34,609,-2606,8760,577,1,1701,0.0482,-0.042,-0.048,-0.052,2.79,-4.37,723,-1408,852,1035,0,2908,0.0256,-0.179,-0.031,-0.069,3.09,-4.07,724,-1693,1593,1035,0
17.16,372.6,397.97,12.29,135.6,110.1,-0.47,1.36,0.06,0,0,1,2,5036,-244.4,0.2,9.61,3.49,33.88,3327,512,17099,0.1092,0.234,-0.005,-0.095,1.9,-5.26,774,18,3682,0,0,6425,0.0629,0.023,-0.005,-0.095,2.23,-4.93,750,-473,2568,0,0,10782,0.0821,0.282,-0.021,-0.079,5.29,-1.87,763,-2229,8654,0,0,6906,0.0375,0.099,-0.011,-0.089,5.47,-1.69,745,-812,6023,0,0
17.28,376.2,396.45,11.72,132.33,109.1,-0.06,1.78,0.4,0,0,1,2,4897,-238.5,0.2,8.91,4.27,34.72,3241,503,10470,0.1111,0.016,-0.005,-0.095,14.39,7.22,745,-242,10984,0,0,4972,0.0556,-0.061,0,-0.1,18.13,10.97,709,-24,5606,0,0,11212,0.0975,0.128,-0.02,-0.08,5.36,-1.81,757,-2240,9020,0,0,6440,0.046,0.071,-0.011,-0.089,5.54,-1.62,738,-715,5690,0,0
17.4,379.8,394.73,11.19,129.21,107.2,-0.25,1.81,0.6,0,0,1,2,4599,-225.7,0.2,8.49,4.69,37.37,3153,485,9033,0.113,0.016,-0.013,-0.087,24.34,17.18,683,-310,9442,0,0,5799,0.0501,-0.046,-0.012,-0.088,30.69,23.53,622,-148,6247,0,0,9989,0.0976,0.001,-0.023,-0.077,5.98,-1.19,741,-2051,8655,0,0,3098,0.0435,-0.021,-0.011,-0.089,6.09,-1.08,722,-341,3029,0,0
17.52,383.4,392.84,10.7,126.27,105.1,-0.28,1.79,0.61,0.41,0,1,2,4599,151.5,0.63,8.23,4.69,36.67,3058,467,10757,0.1155,0.021,0.003,-0.097,25.05,17.89,677,36,10956,0,0,4070,0.0462,-0.032,0.015,-0.085,31.54,24.37,622,84,4479,0,0,10813,0.0902,-0.062,-0.005,-0.095,6.38,-0.78,740,-431,9691,0,0,6342,0.0433,-0.002,0.021,-0.079,6.63,-0.53,732,981,6119,0,0
17.64,386.9,390.76,10.23,123.5,105,0.21,1.8,0.61,0.72,0,1,2,4859,640.9,1.45,7.75,4.23,37.03,2993,466,10525,0.1156,0,0.042,-0.058,25.32,18.16,701,1115,10693,0,0,3759,0.0392,-0.058,0.135,0.035,31.83,24.67,693,1051,4031,0,0,10058,0.0931,0.024,0.03,-0.07,6.54,-0.63,767,2547,9039,0,0,2405,0.0414,-0.015,0.07,-0.03,6.64,-0.52,771,1372,2264,0,0
17.76,390.4,388.47,9.79,120.89,104.2,0.02,1.95,0.61,0,0,1,2,4463,-220,0.2,7.18,3.39,36.33,2949,458,14382,0.1259,0.086,-0.013,-0.087,25,17.84,661,-364,11995,0,0,7969,0.0471,0.066,-0.008,-0.092,31.53,24.36,602,-76,8320,0,0,10507,0.0944,0.011,-0.023,-0.077,6.19,-0.97,721,-2059,9246,0,0,5373,0.0493,0.066,-0.011,-0.089,6.44,-0.72,703,-496,5227,0,0
17.88,393.8,386.02,9.42,118.53,100.9,-0.51,2.16,0.62,0,0,1,2,4338,-214.6,0.2,5.58,2.04,40.91,2751,430,21545,0.139,0.108,-0.016,-0.084,24.68,17.51,643,-488,12000,0,0,9891,0.0749,0.232,-0.014,-0.086,31.38,24.22,581,-274,10050,0,0,11858,0.0973,0.024,-0.021,-0.079,6.08,-1.08,704,-2292,10155,0,0,9636,0.0635,0.118,-0.008,-0.092,6.35,-0.81,684,-707,8780,0,0
18,397.1,383.43,9.2,116.46,98.1,-0.37,2.39,0.63,0.59,0,1,2,4370,307.9,0.98,2.31,1.07,45.72,2439,406,19275,0.1323,-0.055,0.014,-0.086,24.26,17.1,650,394,12019,0,0,10318,0.0964,0.179,0.035,-0.065,31,23.84,593,723,10408,0,0,16274,0.1265,0.244,-0.001,-0.099,5.88,-1.28,702,-160,10196,0,0,14223,0.0914,0.233,0.026,-0.074,6.18,-0.98,687,2749,10302,0,0
18.12,400.4,380.69,9.15,114.7,97,0.04,2.33,0.64,0.52,0,1,2,4401,490.4,1.22,-0.02,1.27,45.48,2434,397,10837,0.1194,-0.108,0.033,-0.067,24.24,17.08,653,993,11005,0,0,6822,0.087,-0.078,0.083,-0.017,31.01,23.85,613,1231,7150,0,0,15240,0.137,0.088,0.006,-0.094,5.68,-1.48,698,725,9992,0,0,10438,0.0984,0.058,0.039,-0.061,5.96,-1.2,686,3626,8824,0,0
18.24,403.6,377.85,9.19,113.24,94.6,-0.33,2.12,0.64,0.04,0,1,2,4091,-142.2,0.27,-0.96,1.78,45.1,2411,378,10162,0.1202,0.007,-0.007,-0.093,24.65,17.49,611,-152,10448,0,0,5616,0.0716,-0.129,0.001,-0.099,31.48,24.32,549,49,6056,0,0,18583,0.1233,-0.114,-0.018,-0.082,5.86,-1.3,665,-1699,10017,0,0,7434,0.0727,-0.214,-0.005,-0.095,6.17,-1,640,-213,6861,0,0
18.36,406.6,375,9.28,112.08,91.1,-0.61,2,0.66,0.36,0,1,2,3996,162.4,0.61,-1.48,1.95,44.95,2285,351,12601,0.1169,-0.028,0.006,-0.094,25.47,18.31,592,115,11989,0,0,6740,0.0657,-0.049,0.02,-0.08,32.44,25.28,533,180,7145,0,0,10952,0.1097,-0.114,-0.007,-0.093,6.35,-0.81,647,-481,9773,0,0,5437,0.0518,-0.175,0.03,-0.07,6.69,-0.47,637,1099,5296,0,0
18.48,409.6,372.14,9.4,111.2,89.3,-0.19,1.97,0,1,0,1,2,4136,796.3,1.58,-2.1,1.92,43.8,2182,337,8427,0.1123,-0.038,0.051,-0.049,25.96,18.8,604,1036,8794,0,0,5270,0.0578,-0.066,0.126,0.026,32.99,25.83,574,1267,5567,0,0,11704,0.1027,-0.058,0.033,-0.067,6.49,-0.68,660,2998,10241,0,0,6909,0.0458,-0.05,0.082,-0.018,6.83,-0.33,657,4158,5982,0,0
18.6,412.6,369.2,9.54,110.55,91.2,0.63,1.5,0,1,0,1,2,4388,975,1.83,-2.82,1.58,23.2,2208,351,7831,0.0962,-0.135,0.013,-0.087,2.71,-4.45,653,1529,3917,0,0,6010,0.052,-0.048,0.02,-0.08,3.01,-4.15,640,1636,3373,0,0,10538,0.1025,-0.002,0.051,-0.049,5.5,-1.66,677,4514,8468,0,0,7756,0.0525,0.056,0.074,-0.026,5.65,-1.51,676,4938,6119,0,0
18.72,415.8,366.13,9.72,110.07,95.2,1.03,1.17,0,1,0,1,2,4704,996.3,1.91,-3.55,1.28,8.63,2318,383,7061,0.0816,-0.122,0.023,-0.077,2.13,-5.03,684,2420,2931,0,0,4717,0.0483,-0.031,0.037,-0.063,2.35,-4.81,687,2382,2179,0,0,11699,0.1026,0.001,0.067,-0.033,3.22,-3.94,714,7955,6072,0,0,9252,0.0645,0.099,0.08,-0.02,3.25,-3.91,715,7225,4796,0,0
18.84,419,362.89,9.92,109.72,99.5,1.05,1.01,0.3,1,0,1,2,4952,1000.9,1.96,-4.01,1.19,16.58,2486,418,6073,0.0727,-0.074,0.05,-0.05,8.82,1.66,729,2171,6049,0,0,5360,0.0459,-0.02,0.076,-0.024,11.36,4.2,728,2300,5540,0,0,11603,0.1017,-0.008,0.062,-0.038,1.92,-5.24,746,8317,3715,0,0,7815,0.0685,0.034,0.084,-0.016,1.96,-5.2,748,6921,2493,0,0
18.96,422.4,359.52,10.15,109.54,102.7,0.83,1.35,0.62,0,0,1,2,4944,170.2,0.74,-4.28,1.43,43.11,2660,445,8550,0.079,0.052,0.072,-0.028,21.28,14.12,734,2008,8884,0,0,4767,0.0426,-0.028,0.179,0.079,27.43,20.27,735,2064,4873,0,0,12829,0.1022,0.005,0.027,-0.073,3.6,-3.56,757,5186,6863,0,0,7604,0.0633,-0.043,0.067,-0.033,3.77,-3.39,757,5739,4354,0,0
19.08,425.8,356.15,10.39,109.59,100.2,-0.42,1.72,0.62,0.35,0,1,2,4569,287.3,0.95,-4.14,1.66,46.81,2649,424,9710,0.0921,0.109,0.024,-0.076,23.37,16.21,678,477,10074,0,0,6020,0.0473,0.04,0.078,-0.022,29.87,22.71,643,945,6416,0,0,9703,0.0989,-0.028,0.011,-0.089,5.18,-1.98,741,-520,7844,0,0,5158,0.0472,-0.134,0.054,-0.046,5.44,-1.72,737,1900,4420,0,0
19.2,429.1,352.88,10.64,109.88,97.3,-0.48,1.87,0.64,0,0,1,2,4177,-207.8,0.2,-4.09,1.66,47.47,2576,400,16076,0.1005,0.07,-0.008,-0.092,24.91,17.75,625,-128,12008,0,0,1396,0.0484,0.009,-0.006,-0.094,31.67,24.51,558,-15,1591,0,0,10824,0.097,-0.016,-0.022,-0.078,6.58,-0.58,679,-2023,9698,0,0,5516,0.0393,-0.066,-0.009,-0.091,6.93,-0.24,653,-412,5485,0,0
19.32,432.2,349.78,10.89,110.4,93.1,-0.73,1.9,0.65,0,0,1,2,3955,-198.3,0.2,-4.07,1.52,44.56,2399,366,8714,0.103,0.021,-0.011,-0.089,26.4,19.24,589,-225,9104,0,0,1423,0.0505,0.018,-0.001,-0.099,33.36,26.2,522,-28,1616,0,0,9639,0.0925,-0.037,-0.025,-0.075,7.49,0.33,647,-1832,9244,0,0,4425,0.0329,-0.054,-0.011,-0.089,7.88,0.72,624,-378,4677,0,0
19.44,435.3,346.86,11.13,111.14,88.9,-0.72,1.92,0.67,0.25,0,1,2,3800,-38.9,0.37,-4.14,1.41,40.97,2203,335,9851,0.1053,0.02,-0.004,-0.096,27.35,20.19,561,-103,10105,0,0,5364,0.0518,0.011,-0.004,-0.096,34.41,27.25,496,-48,5773,0,0,10976,0.0904,-0.018,-0.012,-0.088,7.69,0.52,626,-797,10539,0,0,5246,0.0309,-0.017,0.004,-0.096,8.07,0.91,605,153,5543,0,0
19.56,438.2,344.12,11.37,112.1,86.8,-0.26,1.88,0,1,0,1,2,4232,949.8,1.8,-4.28,1.32,36.65,2076,318,7092,0.0976,-0.064,0.017,-0.083,2.7,-4.46,627,1854,4623,0,0,5344,0.0486,-0.027,0.041,-0.059,3.04,-4.12,613,2309,4029,0,0,10970,0.0946,0.035,0.06,-0.04,6.97,-0.19,655,4276,9766,0,0,5605,0.032,0.01,0.11,0.01,7.43,0.27,656,3862,4843,0,0
19.68,441.1,341.42,11.62,113.28,90.4,1.01,1.23,0,1,0,1,2,4602,994,1.88,-4.78,0.94,24.77,2136,345,7127,0.0789,-0.156,0.027,-0.073,3.41,-3.75,657,2344,4395,0,0,4688,0.0424,-0.052,0.047,-0.053,3.7,-3.46,650,2438,3090,0,0,10189,0.0928,-0.015,0.119,0.019,6.34,-0.82,715,7854,7138,0,0,8420,0.0494,0.145,0.153,0.053,6.52,-0.65,716,7442,5390,0,0
19.8,444.2,338.68,11.88,114.69,94.3,1.05,1.36,0.28,0.94,0,1,2,4781,792.7,1.64,-5.08,1.01,21.84,2260,375,5250,0.067,-0.099,0.072,-0.028,10.47,3.3,702,2185,5435,0,0,2663,0.0364,-0.05,0.103,0.003,12.9,5.74,702,1346,2819,0,0,12753,0.1015,0.073,0.089,-0.011,4.71,-2.45,725,8516,7599,0,0,7550,0.0566,0.06,0.122,0.022,4.83,-2.33,729,6629,4585,0,0
19.92,447.4,335.96,12.14,116.34,95.9,0.52,1.52,0.64,0.1,0,1,2,4314,-211.5,0.2,-5.04,1.42,32.05,2335,388,9137,0.0733,0.052,0.026,-0.074,23.66,16.5,634,637,9558,0,0,5267,0.0336,-0.024,0.099,-0.001,30.01,22.85,618,1186,5625,0,0,11257,0.0977,-0.032,0.001,-0.099,4.58,-2.58,660,-2106,8234,0,0,4903,0.0494,-0.06,0.028,-0.072,4.75,-2.41,654,508,4032,0,0
20.04,450.6,333.36,12.41,118.16,97,0.38,1.26,0,1,0,1,2,4839,999,1.94,-4.94,1.28,24.04,2456,397,6643,0.081,0.064,0.025,-0.075,1.98,-5.18,703,2400,2424,0,0,5552,0.0428,0.077,0.034,-0.066,2.22,-4.94,691,2675,2278,0,0,11316,0.095,-0.022,0.081,-0.019,4.68,-2.48,742,7889,7274,0,0,8350,0.0496,0.002,0.113,0.013,4.8,-2.36,744,7184,5037,0,0
20.16,453.9,330.75,12.7,120.18,101.2,1.06,0.98,0.06,1,0,1,2,5047,1002.2,1.99,-5.25,1.04,9.99,2583,432,6758,0.0669,-0.118,0.024,-0.076,2.15,-5.02,727,2556,2811,0,0,5023,0.0404,-0.02,0.034,-0.066,2.33,-4.83,727,2471,2279,0,0,9391,0.0948,-0.002,0.091,-0.009,3.28,-3.88,776,7589,4732,0,0,7289,0.0605,0.091,0.105,0.005,3.32,-3.85,779,6521,3598,0,0
20.28,457.4,328.13,13,122.4,105,0.97,1.19,0,1,0,1,2,5284,1004.7,2.04,-5.37,1.21,24.93,2768,466,5325,0.0687,0.015,0.076,-0.024,13.61,6.45,778,1832,5731,0,0,2730,0.0366,-0.031,0.135,0.035,17.39,10.22,786,1336,2898,0,0,10913,0.0979,0.026,0.068,-0.032,2.8,-4.36,794,7949,4841,0,0,8446,0.0625,0.017,0.096,-0.004,2.86,-4.3,795,7574,3539,0,0
20.4,460.9,325.51,13.31,124.83,109.3,1.05,0.8,0,1,0,1,2,5409,1005.5,2.07,-5.43,1.01,13.75,2987,504,5888,0.0664,-0.019,0.026,-0.074,1.51,-5.65,789,2285,1713,0,0,4854,0.0398,0.027,0.035,-0.065,1.69,-5.47,784,2443,1584,0,0,11160,0.0948,-0.026,0.072,-0.028,2.93,-4.23,823,8633,5046,0,0,8941,0.0654,0.024,0.089,-0.011,2.97,-4.19,824,7815,3966,0,0
20.52,464.7,322.87,13.64,127.44,113.5,1.03,0.69,0,0,0,1,2,5578,556.6,1.47,-5.46,0.88,4.23,3205,544,6268,0.0619,-0.037,0.026,-0.074,1.31,-5.85,815,2531,1641,0,0,5067,0.0415,0.014,0.031,-0.069,1.47,-5.69,816,2517,1509,0,0,9244,0.0924,-0.02,0.076,-0.024,1.8,-5.36,856,7659,2836,0,0,7773,0.0687,0.027,0.083,-0.017,1.81,-5.35,858,6840,2387,0,0
20.64,468.5,320.24,13.97,130.14,112.9,-0.14,0.46,0,0,0,1,2,5194,-251.1,0.2,-5.19,0.78,0.47,3274,538,6129,0.0661,0.035,-0.004,-0.096,0.71,-6.45,785,-407,906,0,0,5874,0.0529,0.094,-0.004,-0.096,0.89,-6.28,784,-417,1082,0,0,9010,0.0849,-0.062,-0.01,-0.09,0.86,-6.31,780,-1550,1540,0,0,8181,0.0679,-0.007,-0.011,-0.089,0.86,-6.31,779,-1469,1428,0,0
20.76,472.2,317.7,14.31,132.83,110.7,-0.52,0.59,0.29,0,0,1,2,5060,-245.4,0.2,-4.89,0.8,18.34,3251,517,8000,0.0773,0.093,-0.006,-0.094,7.84,0.68,768,-366,7864,0,0,6001,0.0625,0.08,-0.003,-0.097,10.39,3.23,751,-119,6521,0,0,8888,0.0756,-0.077,-0.013,-0.087,0.97,-6.2,769,-1894,1539,0,0,6910,0.0602,-0.064,-0.008,-0.092,0.98,-6.18,760,-963,1250,0,0
20.88,475.8,315.33,14.63,135.57,107.5,-0.66,1.41,0,0,0,1,2,4864,-236.3,0.2,-4.79,1.11,48.72,3120,488,9140,0.0924,0.126,-0.015,-0.085,-0.9,-6.27,761,-2327,7335,0,0,5299,0.0581,-0.036,-0.044,-0.056,-0.71,-6.45,705,-2170,5153,0,0,9977,0.0824,0.057,-0.026,-0.074,3.76,-3.4,748,-2913,6161,0,0,5251,0.0459,-0.119,-0.012,-0.088,3.94,-3.22,723,-701,3616,0,0
21,479.3,313.15,14.95,138.34,105.2,-0.46,1.03,0,0,0,1,2,4826,-235.4,0.2,-4.82,0.83,20.43,3001,468,7902,0.0914,-0.008,-0.004,-0.096,2.09,-5.07,739,-447,3077,0,0,5665,0.0575,-0.005,-0.005,-0.095,2.36,-4.8,723,-404,2558,0,0,8792,0.0827,0.002,-0.018,-0.082,4.24,-2.92,728,-1845,6347,0,0,4978,0.0473,0.011,-0.008,-0.092,4.22,-2.94,717,-640,3855,0,0
21.12,482.8,311.14,15.27,141.14,103,-0.45,1.07,0,0,0,1,2,4736,-231.6,0.2,-4.89,0.63,7.21,2858,448,7859,0.0896,-0.015,-0.004,-0.096,1.83,-5.33,719,-448,2821,0,0,6122,0.0572,-0.003,-0.004,-0.096,2.06,-5.1,713,-413,2522,0,0,9167,0.0817,-0.008,-0.013,-0.087,2.71,-4.45,713,-1656,4674,0,0,6423,0.0486,0.011,-0.012,-0.088,2.73,-4.43,707,-1134,3429,0,0
21.24,486.2,309.25,15.58,143.94,101,-0.46,0.69,0,0,0,1,2,4650,-227.9,0.2,-4.96,0.29,1.75,2735,430,7078,0.0843,-0.045,-0.003,-0.097,0.99,-6.18,704,-420,1439,0,0,6373,0.061,0.032,-0.004,-0.096,1.21,-5.96,702,-413,1588,0,0,8711,0.0774,-0.036,-0.011,-0.089,1.33,-5.83,698,-1490,2326,0,0,7528,0.0541,0.046,-0.011,-0.089,1.33,-5.83,697,-1317,2048,0,0
21.36,489.5,307.46,15.89,146.73,99,-0.46,0.34,0,0,0,1,2,4561,-224.1,0.2,-4.99,-0.1,0.25,2628,414,6580,0.0781,-0.052,-0.003,-0.097,0.37,-6.79,689,-407,523,0,0,6482,0.066,0.041,-0.004,-0.096,0.59,-6.57,689,-407,801,0,0,7970,0.0707,-0.056,-0.01,-0.09,0.55,-6.62,685,-1396,901,0,0,7634,0.0586,0.037,-0.01,-0.09,0.55,-6.62,684,-1351,868,0,0
21.48,492.8,305.72,16.2,149.49,98.7,-0.06,0.14,0,1,0,1,2,4695,996.2,1.9,-5.14,-0.34,-0.19,2591,412,6326,0.0729,-0.043,0.014,-0.086,0.07,-7.1,700,1508,98,0,0,6313,0.067,0.008,0.013,-0.087,0.28,-6.89,700,1353,360,0,0,8873,0.0681,-0.022,0.036,-0.064,0.17,-6.99,715,5076,310,0,0,8919,0.0644,0.048,0.036,-0.064,0.17,-6.99,715,5015,310,0,0
21.6,496.2,303.96,16.51,152.31,101.2,0.58,0.05,0,1,0,1,2,4812,998.5,1.93,-5.49,-0.5,-0.17,2644,432,5606,0.0628,-0.084,0.015,-0.085,-0.06,-7.1,718,1491,-67,0,0,5755,0.0614,-0.047,0.015,-0.085,0.12,-7.04,718,1491,153,0,0,9090,0.0741,0.05,0.035,-0.065,0.02,-7.14,732,4907,48,0,0,9234,0.0727,0.069,0.035,-0.065,0.02,-7.14,732,4946,51,0,0
21.72,499.6,302.15,16.84,155.21,104.5,0.78,0.02,0,0,0,1,2,5127,1003.2,2,-5.74,-0.6,-0.16,2770,461,5652,0.0593,-0.029,0.027,-0.073,-0.11,-7.05,750,2475,-125,0,0,5365,0.0575,-0.032,0.028,-0.072,0.07,-7.1,751,2444,75,0,0,9663,0.0765,0.02,0.062,-0.038,-0.03,-7.13,777,7661,-50,0,0,9266,0.077,0.036,0.063,-0.037,-0.03,-7.13,777,7422,-49,0,0
21.84,503.1,300.31,17.19,158.18,104.8,0.07,0,0,0,0,1,2,4822,-235.2,0.2,-5.73,-0.67,-0.11,2818,463,7502,0.0612,0.016,-0.004,-0.096,-0.14,-7.02,729,-452,-209,0,0,6908,0.0604,0.024,-0.003,-0.097,0.04,-7.12,729,-441,60,0,0,8496,0.0747,-0.015,-0.012,-0.088,-0.05,-7.11,723,-1608,-111,0,0,8523,0.0758,-0.009,-0.01,-0.09,-0.05,-7.11,724,-1489,-83,0,0
21.96,506.5,298.49,17.53,161.1,102.7,-0.49,0,-0.06,0,0,1,2,4727,-231.2,0.2,-5.51,-0.78,-0.19,2792,445,6947,0.0701,0.074,-0.003,-0.097,-0.16,-7.01,715,-426,-216,0,0,7452,0.0688,0.07,-0.003,-0.097,0.05,-7.11,715,-445,83,0,0,7867,0.0672,-0.063,-0.011,-0.089,-0.06,-7.11,709,-1474,-84,0,0,8060,0.0689,-0.057,-0.012,-0.088,-0.06,-7.1,709,-1588,-185,0,0
22.08,509.9,296.69,17.87,163.94,100.6,-0.5,-0.33,0,0,0,1,2,4633,-227.2,0.2,-5.54,-1.07,-11.13,2708,427,6523,0.0698,-0.003,-0.004,-0.096,0.12,-7.04,696,-422,293,0,0,7169,0.0767,0.066,-0.003,-0.097,0.33,-6.83,704,-425,632,0,0,8113,0.0614,-0.049,-0.008,-0.092,-0.93,-6.23,693,-1194,-1424,0,0,9114,0.0709,0.016,-0.013,-0.087,-0.92,-6.24,698,-1774,-1544,0,0
22.2,513.2,294.9,18.21,166.7,98.5,-0.48,-0.2,0,0,0,1,2,4539,-223.2,0.2,-5.62,-1.01,-2.94,2606,410,6484,0.0683,-0.012,-0.003,-0.097,-0.56,-6.61,685,-397,-717,0,0,6912,0.0777,0.008,-0.003,-0.097,-0.34,-6.83,687,-409,-452,0,0,7760,0.0618,0.004,-0.01,-0.09,-0.78,-6.39,680,-1286,-1216,0,0,8430,0.0695,-0.012,-0.01,-0.09,-0.76,-6.4,682,-1439,-1303,0,0
22.32,516.5,293.12,18.55,169.4,97.4,-0.25,-0.17,0,1,0,1,2,4636,994.9,1.89,-5.71,-0.82,-0.56,2536,401,6098,0.0667,-0.014,0.014,-0.086,-0.44,-6.72,691,1385,-557,0,0,6972,0.0756,-0.017,0.012,-0.088,-0.23,-6.93,690,1433,-322,0,0,7699,0.0622,0.003,0.039,-0.061,-0.42,-6.74,708,4305,-652,0,0,8159,0.0677,-0.015,0.038,-0.062,-0.42,-6.74,708,4405,-685,0,0
22.44,519.8,291.3,18.9,172.14,99.6,0.51,-0.09,0,0,0,1,2,4593,-225.5,0.2,-6.06,-0.58,0.29,2573,419,5719,0.0594,-0.061,-0.003,-0.097,-0.29,-6.88,693,-366,-343,0,0,5996,0.0651,-0.088,-0.003,-0.097,-0.1,-7.06,694,-370,-126,0,0,8584,0.0713,0.075,-0.009,-0.091,-0.19,-6.97,689,-1343,-337,0,0,9034,0.0745,0.057,-0.009,-0.091,-0.19,-6.97,690,-1361,-345,0,0
22.56,523.1,289.48,19.25,174.84,97.4,-0.51,-0.29,-0.28,0,0,1,2,4465,-219.9,0.2,-5.95,-0.52,-13.41,2505,401,7332,0.0639,0.038,-0.003,-0.097,-9.12,1.96,665,-177,-7600,0,0,7676,0.0703,0.043,-0.005,-0.095,-6.79,-0.37,677,-390,-7113,0,0,7166,0.0648,-0.054,-0.007,-0.093,-0.37,-6.79,670,-976,-433,0,0,8822,0.0695,-0.042,-0.012,-0.088,-0.36,-6.8,677,-1773,-564,0,0
22.68,526.3,287.6,19.59,177.4,94.4,-0.65,-1.29,0,0,0,1,2,4217,-209.6,0.2,-5.83,-0.83,-48.91,2400,376,5143,0.0564,-0.062,0.013,-0.087,-24.18,17.02,592,175,-5695,0,0,9223,0.0868,0.138,-0.001,-0.099,-18.48,11.32,641,-51,-9802,0,0,5851,0.0479,-0.141,-0.005,-0.095,-3.41,-3.75,638,-390,-3530,0,0,9815,0.0778,0.069,-0.016,-0.084,-3.24,-3.93,666,-2034,-5340,0,0
22.8,529.4,285.65,19.93,179.78,92,-0.5,-1,0,0,0,1,2,4227,-209.8,0.2,-5.84,-0.42,-22.69,2293,357,6167,0.0568,0.003,-0.004,-0.096,-1.72,-5.44,631,-400,-1951,0,0,7622,0.0896,0.023,-0.003,-0.097,-1.46,-5.7,648,-390,-1991,0,0,6623,0.0457,-0.018,-0.009,-0.091,-4.35,-2.82,627,-740,-5023,0,0,9240,0.0785,0.005,-0.017,-0.083,-4.16,-3,639,-1769,-6576,0,0
22.92,532.4,283.65,20.26,182.02,89.8,-0.46,-0.96,0,0,0,1,2,4135,-205.9,0.2,-5.96,-0.1,-6.85,2177,341,6054,0.0583,0.012,-0.004,-0.096,-1.65,-5.52,622,-364,-2020,0,0,7262,0.0872,-0.019,-0.003,-0.097,-1.42,-5.75,628,-385,-2065,0,0,7019,0.0487,0.025,-0.01,-0.09,-2.38,-4.78,618,-1070,-3346,0,0,8753,0.077,-0.012,-0.012,-0.088,-2.37,-4.8,622,-1484,-4037,0,0
23.04,535.3,281.62,20.59,184.15,87.7,-0.47,-0.57,0,0,0,1,2,4045,-202.1,0.2,-6.09,0.22,-1.32,2068,325,4180,0.0624,0.035,0,-0.1,-1,-6.16,610,-205,-812,0,0,6620,0.0809,-0.053,-0.003,-0.097,-0.67,-6.5,612,-377,-936,0,0,7430,0.0529,0.034,-0.01,-0.09,-0.99,-6.17,607,-1219,-1546,0,0,8106,0.0735,-0.029,-0.01,-0.09,-0.99,-6.17,608,-1320,-1669,0,0
23.16,538.2,279.6,20.92,186.18,85.6,-0.5,-0.54,-0.27,0,0,1,2,3927,-197.1,0.2,-6.27,0.4,-15.76,1964,309,6173,0.0667,0.036,-0.006,-0.094,-8.16,1,583,-265,-6479,0,0,8004,0.0796,-0.011,-0.006,-0.094,-5.99,-1.17,597,-468,-7319,0,0,2395,0.0549,0.017,-0.002,-0.098,-0.94,-6.23,587,-259,-337,0,0,8371,0.0696,-0.033,-0.012,-0.088,-0.69,-6.47,597,-1674,-1022,0,0
23.28,541,277.53,21.25,188.04,82.5,-0.66,-1.36,-0.65,0,0,1,2,3687,-186.9,0.2,-6.35,0.2,-49.57,1841,288,5480,0.0596,-0.059,0.008,-0.092,-24.34,17.18,513,128,-6038,0,0,1915,0.0883,0.073,0.017,-0.083,-19.34,12.18,563,10,-2244,0,0,5450,0.0452,-0.081,-0.004,-0.096,-3.4,-3.76,556,-277,-3273,0,0,10267,0.0799,0.086,-0.014,-0.086,-3.19,-3.97,586,-1909,-5469,0,0
23.4,543.7,275.42,21.57,189.65,78.8,-0.74,-1.75,-0.7,0.41,0,1,2,3505,176.2,0.61,-6.38,0.37,-59.3,1703,262,1484,0.0552,-0.037,0.044,-0.056,-30.48,23.31,467,76,-1690,0,0,9283,0.1008,0.104,0.009,-0.091,-23.91,16.75,529,145,-9686,0,0,4755,0.0358,-0.078,0.04,-0.06,-6.01,-1.15,551,1401,-4339,0,0,10458,0.085,0.043,-0.008,-0.092,-5.55,-1.62,568,-695,-8630,0,0
23.52,546.3,273.23,21.89,191.04,78.9,0.18,-1.4,0,1,0,1,2,3793,884.1,1.69,-6.8,1.04,-32.3,1669,263,4565,0.0552,0,0.024,-0.076,-1.75,-5.41,552,1599,-1343,0,0,6388,0.0922,-0.071,0.011,-0.089,-1.46,-5.71,569,1490,-1498,0,0,7964,0.0432,0.062,0.077,-0.023,-6.06,-1.1,581,4907,-6505,0,0,10713,0.0902,0.043,0.037,-0.063,-5.8,-1.36,585,3467,-9018,0,0
23.64,549,270.93,22.23,192.29,78.5,-0.02,-1.19,0,0,0,1,2,3613,-183.7,0.2,-7.32,1.36,-7.06,1617,260,4646,0.0545,-0.006,-0.004,-0.096,-1.71,-5.45,543,-319,-1644,0,0,6569,0.0817,-0.088,-0.003,-0.097,-1.48,-5.68,549,-321,-1990,0,0,6220,0.0564,0.11,-0.013,-0.087,-2.57,-4.59,539,-866,-3291,0,0,9427,0.0909,0.006,-0.011,-0.089,-2.54,-4.62,545,-1384,-4755,0,0
23.76,551.5,268.64,22.59,193.41,76.3,-0.5,-0.61,0,0,0,1,2,3521,-179.7,0.2,-7.83,1.58,-1.31,1551,246,10746,0.073,0.154,-0.002,-0.098,-0.62,-6.54,532,-429,-1395,0,0,6454,0.089,0.061,-0.003,-0.097,-0.39,-6.77,533,-324,-588,0,0,6277,0.0565,0.001,-0.011,-0.089,-0.75,-6.41,528,-1153,-1024,0,0,7279,0.0791,-0.098,-0.011,-0.089,-0.75,-6.41,529,-1356,-1165,0,0
23.88,554.1,266.37,22.96,194.47,76.2,-0.03,-0.18,0,1,0,1,2,3642,860.8,1.66,-8.67,1.46,-0.81,1510,245,3311,0.0828,0.082,0.023,-0.077,-0.16,-7,545,1247,-108,0,0,3071,0.072,-0.141,0.024,-0.076,0.08,-7.09,547,1141,53,0,0,7237,0.061,0.037,0.037,-0.063,-0.13,-7.04,553,3962,-147,0,0,10672,0.0804,0.011,0.031,-0.069,-0.15,-7.01,551,4847,-222,0,0
24,556.6,264.05,23.38,195.52,77.7,0.36,-0.04,-0.07,1,0,1,2,3681,866.5,1.67,-9.54,0.82,-2.38,1612,255,10473,0.0932,0.086,0.007,-0.093,0,-7.16,548,1236,-14,0,0,7299,0.0653,-0.056,0.009,-0.091,0.26,-6.9,549,1175,378,0,0,4138,0.0828,0.182,0.035,-0.065,0.08,-7.08,567,2110,90,0,0,4034,0.0883,0.066,0.046,-0.054,0.38,-6.78,566,2053,111,0,0
24.12,559.3,261.69,23.83,196.55,79,0.33,-0.61,-0.4,1,0,1,2,3980,910.1,1.73,-10.27,-0.38,-30.05,1597,264,1636,0.0668,-0.22,0.124,0.024,-13.77,6.61,595,839,-1757,0,0,2457,0.0575,-0.065,0.078,-0.022,-10.21,3.05,599,1119,-2597,0,0,11413,0.0742,-0.072,0.079,-0.021,-1.13,-6.03,586,9702,-1832,0,0,13361,0.0961,0.065,0.047,-0.053,-1.1,-6.07,590,7539,-2041,0,0
24.24,561.9,259.22,24.31,197.46,80.4,0.4,-1.19,-0.7,0,0,1,2,3628,-183.3,0.2,-10.39,-1.64,-53.36,1670,273,8238,0.0438,-0.192,0.088,-0.012,-30.62,23.46,499,2085,-8377,0,0,4610,0.0542,-0.027,0.06,-0.04,-23.63,16.47,557,851,-5077,0,0,6850,0.0521,-0.185,0.031,-0.069,-4.5,-2.66,535,2550,-5088,0,0,7315,0.1053,0.077,-0.021,-0.079,-4.29,-2.87,545,-1515,-5339,0,0
24.36,564.5,256.76,24.77,198.16,76.6,-0.75,-1.51,-0.71,0,0,1,2,3420,-172.2,0.2,-9.98,-2.18,-51.91,1549,248,4797,0.0403,-0.029,0.091,-0.009,-32.89,25.73,466,809,-5162,0,0,7466,0.0749,0.172,0.022,-0.078,-25.61,18.45,505,334,-7951,0,0,13541,0.0117,-0.336,0.062,-0.038,-6.57,-0.6,515,4295,-10203,0,0,7698,0.0884,-0.141,-0.004,-0.096,-6.23,-0.93,530,-1619,-6928,0,0
24.48,567,254.37,25.2,198.63,72.7,-0.74,-1.64,-0.73,0.26,0,0.88,2,3210,8.4,0.39,-9.37,-2.04,-45.88,1456,224,6737,0.0417,0.012,0.084,-0.016,-34.46,27.29,432,1105,-7042,0,0,7630,0.0798,0.04,0.023,-0.077,-26.98,19.81,472,344,-8077,0,0,3064,0.0193,0.063,0.047,-0.053,-6.67,-0.49,492,682,-3124,0,0,9391,0.0816,-0.056,-0.01,-0.09,-6.52,-0.64,500,-2248,-8546,0,0
24.6,569.4,252.05,25.6,198.88,70.5,-0.36,-1.42,0,1,0,0.08,2,4241,945.9,1.79,-9.11,-1.59,-31.99,1350,210,6795,0.0419,0.002,0.003,-0.097,-1.81,-5.35,480,264,-2148,0,0,7638,0.08,0.002,0.002,-0.098,-1.55,-5.61,504,196,-2002,0,0,4895,0.0217,0.02,0.031,-0.069,-6.65,-0.51,494,1501,-4776,0,0,8883,0.0769,-0.039,-0.002,-0.098,-6.34,-0.82,502,-91,-8213,0,0
24.72,571.7,249.75,25.97,198.97,70.5,0.09,-1.04,0,1,0,0.53,1,6745,933.9,2.39,-8.98,-1.32,-10.73,1315,210,6537,0.045,0.026,0.023,-0.077,-1.87,-5.29,500,2155,-2495,0,0,6373,0.0721,-0.065,0.021,-0.079,-1.68,-5.49,508,1929,-2199,0,0,4805,0.0314,0.081,0.116,0.016,-3.45,-3.71,547,4486,-2515,0,0,8161,0.0731,-0.032,0.089,-0.011,-3.39,-3.77,543,6341,-4465,0,0
24.84,574.1,247.35,26.36,198.95,75,1.08,-0.51,0,1,0,1,1,6178,971.4,2.26,-9.12,-1.03,-6.36,1434,238,3247,0.0435,-0.013,0.058,-0.042,-1.14,-6.02,554,2246,-757,0,0,2889,0.0539,-0.151,0.072,-0.028,-0.99,-6.18,566,2250,-576,0,0,10033,0.053,0.18,0.319,0.219,-2,-5.16,681,10987,-1155,0,0,10370,0.079,0.049,0.304,0.204,-1.99,-5.17,681,11287,-1225,0,0
24.96,576.8,244.77,26.75,198.88,80.8,1.38,-0.25,0,1,0,1,1,6474,955.2,2.32,-9.12,-0.9,-5.87,1624,276,3098,0.0352,-0.069,0.095,-0.005,-1.03,-6.13,618,3090,-558,0,0,3686,0.0391,-0.124,0.08,-0.02,-0.92,-6.25,614,3390,-608,0,0,10352,0.0698,0.14,0.211,0.111,-1.71,-5.45,683,11037,-1612,0,0,10215,0.082,0.024,0.202,0.102,-1.7,-5.46,684,10869,-1653,0,0
25.08,579.6,242,27.16,198.76,86,1.23,-0.28,0,1,0,1,1,6611,948,2.34,-8.84,-1.06,-3.73,1825,313,4734,0.0328,-0.02,0.051,-0.049,-0.85,-6.31,633,3008,-817,0,0,5256,0.0399,0.007,0.048,-0.052,-0.74,-6.42,633,3130,-788,0,0,7951,0.0665,-0.027,0.164,0.064,-1.16,-6,705,8393,-1248,0,0,8535,0.0786,-0.028,0.155,0.055,-1.22,-5.94,705,8834,-1420,0,0
25.2,582.5,239.08,27.58,198.59,90.3,1.01,-0.23,0,1,0,0.43,1,6711,937.1,2.38,-8.44,-1.19,-1.23,2026,344,4277,0.0345,0.015,0.021,-0.079,-0.63,-6.53,644,1501,-568,0,0,5327,0.0414,0.013,0.018,-0.082,-0.52,-6.65,642,1618,-573,0,0,8468,0.0658,-0.006,0.042,-0.058,-0.71,-6.45,657,5229,-1186,0,0,8288,0.0772,-0.012,0.042,-0.058,-0.71,-6.46,657,5013,-1156,0,0
25.32,585.5,236.1,27.99,198.39,90.8,0.11,-0.13,0,1,0,0.82,2,6618,942.1,2.36,-7.82,-1.18,-0.07,2110,348,5437,0.0445,0.083,0.023,-0.077,-0.38,-6.78,649,1917,-435,0,0,6149,0.051,0.08,0.021,-0.079,-0.24,-6.92,647,1975,-308,0,0,7042,0.06,-0.048,0.063,-0.037,-0.33,-6.84,675,5478,-439,0,0,7962,0.0674,-0.082,0.061,-0.039,-0.33,-6.84,674,5991,-493,0,0
25.44,588.6,233.03,28.4,198.17,94.8,0.95,-0.05,0,1,0,1,2,4693,996.1,1.9,-7.62,-1.06,0.22,2281,379,4361,0.0443,-0.001,0.035,-0.065,-0.26,-6.9,686,2367,-236,0,0,4836,0.0486,-0.02,0.033,-0.067,-0.12,-7.04,684,2457,-108,0,0,8437,0.0655,0.046,0.074,-0.026,-0.18,-6.98,712,7325,-276,0,0,8918,0.0688,0.012,0.073,-0.027,-0.18,-6.98,712,7645,-291,0,0
25.56,591.9,229.83,28.81,197.94,98.9,0.97,-0.02,0,1,0,1,2,4891,999.9,1.95,-7.46,-0.91,0.35,2451,413,4242,0.0421,-0.019,0.032,-0.068,-0.22,-6.94,714,2173,-178,0,0,4829,0.0458,-0.024,0.032,-0.068,-0.06,-7.1,713,2467,-64,0,0,8359,0.0704,0.041,0.074,-0.026,-0.1,-7.06,744,7330,-155,0,0,8610,0.0709,0.017,0.074,-0.026,-0.1,-7.06,743,7510,-157,0,0
25.68,595.2,226.49,29.22,197.7,103,0.98,-0.01,0,1,0,1,2,5087,1002.7,2,-7.17,-0.7,0.57,2655,448,4177,0.039,-0.025,0.035,-0.065,-0.16,-7,745,2319,-141,0,0,5581,0.0455,-0.002,0.028,-0.072,-0.04,-7.13,740,2568,-33,0,0,8205,0.0738,0.028,0.071,-0.029,-0.07,-7.09,774,7146,-123,0,0,7885,0.0709,0,0.073,-0.027,-0.07,-7.09,774,7023,-94,0,0
25.8,598.8,223.01,29.62,197.45,107.2,0.99,0,0,1,0,1,2,5294,1004.8,2.04,-6.81,-0.45,0.36,2874,485,5692,0.042,0.025,0.026,-0.074,-0.11,-7.05,769,2501,-134,0,0,5450,0.0435,-0.017,0.028,-0.072,0.01,-7.15,770,2475,13,0,0,8421,0.0716,-0.018,0.077,-0.023,-0.03,-7.13,808,7523,-49,0,0,7922,0.0704,-0.004,0.079,-0.021,-0.03,-7.13,809,7174,-47,0,0
25.92,602.4,219.38,30.03,197.18,111.4,0.99,0.01,0,1,0,1,2,5451,1005.7,2.08,-7.02,-0.55,-0.44,3059,524,6288,0.0604,0.153,0.023,-0.077,-0.09,-7.07,798,2407,-93,0,0,2325,0.0504,0.058,0.028,-0.072,0.47,-6.69,801,1057,70,0,0,10259,0.0743,0.022,0.06,-0.04,-0.02,-7.14,826,7975,-24,0,0,9527,0.0771,0.056,0.061,-0.039,-0.02,-7.14,827,7515,-20,0,0
26.04,606.2,215.62,30.48,196.91,115.5,0.96,0.02,0,1,0,1,2,5624,1001.1,2.12,-7.58,-0.98,-0.4,3277,563,6158,0.0621,0.014,0.022,-0.078,-0.13,-7.03,826,2413,-183,0,0,6142,0.058,0.063,0.024,-0.076,0.05,-7.12,827,2466,58,0,0,10500,0.0897,0.128,0.053,-0.047,-0.05,-7.12,851,7487,-82,0,0,11013,0.0919,0.123,0.052,-0.048,-0.04,-7.12,850,7744,-84,0,0
26.16,610.1,211.74,30.98,196.63,119.5,0.94,0.02,0,1,0,1,2,5848,990.8,2.18,-7.65,-1.31,-0.24,3549,603,5180,0.0555,-0.055,0.028,-0.072,-0.17,-6.99,858,2395,-179,0,0,5128,0.0554,-0.022,0.023,-0.077,-0.01,-7.16,855,2395,79,0,0,9613,0.0878,-0.016,0.062,-0.038,-0.09,-7.07,888,7585,-149,0,0,9120,0.0893,-0.022,0.063,-0.037,-0.09,-7.07,888,7295,-142,0,0
26.28,614.2,207.73,31.48,196.34,122,0.59,0.01,0,0,0,1,2,5609,-269.2,0.2,-7.21,-1.37,-0.04,3752,628,4603,0.0446,-0.091,-0.003,-0.097,-0.2,-6.97,853,-105,-189,0,0,4740,0.0481,-0.06,-0.003,-0.097,-0.06,-7.1,853,-104,-54,0,0,7646,0.0786,-0.077,-0.014,-0.086,-0.12,-7.04,862,-388,-187,0,0,8264,0.0798,-0.079,-0.014,-0.086,-0.12,-7.04,863,-414,-201,0,0
26.4,618.2,203.74,31.94,196.06,120.7,-0.31,0,0,0,0,1,2,5539,-267,0.2,-6.1,-1.16,0.39,3817,614,3653,0.0412,-0.028,-0.004,-0.096,-0.22,-6.95,843,-95,-163,0,0,5070,0.0484,0.002,-0.004,-0.096,-0.08,-7.08,843,-129,-78,0,0,6820,0.0611,-0.146,-0.016,-0.084,-0.13,-7.03,852,-359,-92,0,0,8083,0.062,-0.148,-0.015,-0.085,-0.11,-7.05,852,-477,-196,0,0
26.52,622.2,199.77,32.32,195.78,119.5,-0.26,0,0,0,0,1,2,5485,-265.1,0.2,-4.74,-0.78,0.35,3810,603,2588,0.0328,-0.07,-0.004,-0.096,-0.19,-6.97,834,-96,-106,0,0,4607,0.0408,-0.063,-0.004,-0.096,-0.08,-7.08,834,-139,-58,0,0,6276,0.0495,-0.096,-0.014,-0.086,-0.12,-7.04,844,-351,-150,0,0,5716,0.0477,-0.119,-0.014,-0.086,-0.12,-7.04,844,-309,-129,0,0
26.64,626.1,195.85,32.6,195.5,117.6,-0.43,0.1,0.27,0,0.44,1,2,4898,-240.6,0.2,-2.93,-0.24,5.89,3729,584,3017,0.0236,-0.076,-0.131,0.031,7.15,-0.01,718,-2586,2321,603,1,2541,0.0281,-0.106,-0.124,0.024,9.31,2.15,714,-1927,2270,603,1,4667,0.037,-0.104,-0.066,-0.034,0.06,-7.1,787,-3690,28,1082,0,3451,0.0325,-0.127,-0.064,-0.036,0.06,-7.1,785,-2697,21,1082,0
26.76,630,192.04,32.74,195.28,113.2,-1,0.41,0.56,0,0.73,1,2,4106,-207.1,0.2,-0.6,0.37,19.29,3544,542,2914,0.0296,0.049,-0.193,0.093,20.55,13.39,602,-1664,2939,1286,1,1007,0.0185,-0.08,-0.237,0.137,26.3,19.14,535,-566,1037,1286,1,3281,0.0254,-0.097,-0.159,0.059,1.5,-5.67,690,-3729,590,692,1,1495,0.011,-0.179,-0.15,0.05,1.52,-5.64,686,-1724,290,692,1
26.88,633.7,188.36,32.74,195.11,109.4,-0.84,0.37,0,0,0,1,2,4744,-231.8,0.2,1.69,0.55,22.75,3354,507,1291,0.0356,0.05,-0.013,-0.087,1.51,-5.66,758,-262,379,0,0,1023,0.0197,0.01,-0.013,-0.087,1.63,-5.53,741,-183,326,0,0,2219,0.0168,-0.072,-0.116,0.016,3.67,-3.49,682,-2267,1110,0,0,1472,0.001,-0.083,-0.1,0,3.75,-3.41,678,-1430,818,0,0
27,637.3,184.73,32.6,195.01,110.6,0.35,0.51,0,1,0,1,2,5808,993,2.16,3.45,0.56,17.16,3298,517,3133,0.0295,-0.051,0.042,-0.058,2.87,-4.29,808,1818,1676,0,0,970,0.0074,-0.102,0.086,-0.014,2.98,-4.18,829,883,494,0,0,4998,0.0256,0.073,0.201,0.101,4.49,-2.68,931,5425,2038,0,0,3453,0.0102,0.077,0.227,0.127,4.56,-2.6,935,3894,1313,0,0
27.12,641.1,180.97,32.32,194.98,115.1,1.1,0.42,0,1,0,1,2,6303,965.3,2.28,5.21,0.45,13.86,3444,559,902,0.0104,-0.159,0.118,0.018,3.82,-3.34,900,904,499,0,0,660,-0.0083,-0.131,0.149,0.049,3.88,-3.29,912,718,321,0,0,5243,0.0359,0.086,0.237,0.137,5.05,-2.11,993,5759,2033,0,0,3891,0.0204,0.085,0.258,0.158,5.12,-2.05,997,4397,1440,0,0
27.24,645,177.08,31.88,195.01,119.8,1.18,0.44,0,1,0,0.96,2,6527,950,2.33,6.99,0.39,14.86,3645,606,1732,0.0108,0.003,0.068,-0.032,4.24,-2.92,894,1229,1239,0,0,678,-0.0068,0.012,0.07,-0.03,4.3,-2.86,886,497,495,0,0,6355,0.0358,-0.001,0.285,0.185,5.53,-1.64,1073,6985,2218,0,0,3331,0.0229,0.021,0.313,0.213,5.61,-1.56,1082,3844,1130,0,0
27.36,649,173.05,31.3,195.16,123.9,1.07,0.85,0,1,0,0.16,2,6805,-222.2,2.4,8.25,0.75,12.24,3868,648,4571,0.0289,0.151,0.006,-0.094,4.34,-2.83,870,356,3550,0,0,1994,0.0016,0.07,0.013,-0.087,4.43,-2.73,866,344,1623,0,0,9296,0.0536,0.148,0.013,-0.087,5.45,-1.71,875,1313,7874,0,0,4519,0.0285,0.047,0.025,-0.075,5.52,-1.64,876,1245,4070,0,0
27.48,653.2,168.96,30.65,195.48,126.4,0.71,1.15,0,1,0,1,3,5974,983,2.21,9.24,1.15,7.62,4098,675,5609,0.0539,0.209,0.026,-0.074,3.3,-3.86,905,1873,3459,0,0,3187,0.0137,0.101,0.039,-0.061,3.43,-3.74,911,1544,2055,0,0,8809,0.0682,0.122,0.067,-0.033,4,-3.16,943,5856,5559,0,0,5850,0.0309,0.02,0.078,-0.022,4.03,-3.14,946,4481,3715,0,0
27.6,657.5,164.76,29.92,195.97,129.4,0.74,0.95,0,0,0,1,3,4340,-214.7,0.2,9.77,0.87,2.82,4282,706,6140,0.0606,0.056,-0.003,-0.097,2.24,-4.92,899,-322,2730,0,0,4860,0.0263,0.106,-0.004,-0.096,2.38,-4.79,896,-318,2319,0,0,9204,0.0763,0.068,-0.008,-0.092,2.51,-4.65,894,-1125,4376,0,0,6726,0.044,0.109,-0.009,-0.091,2.52,-4.65,892,-906,3320,0,0
27.72,661.8,160.56,29.16,196.56,129.6,0.09,0.67,0,0,0,1,3,4356,-215.3,0.2,10.29,0.39,1.25,4399,709,6893,0.0716,0.091,-0.003,-0.097,1.15,-6.01,901,-342,1625,0,0,5661,0.0465,0.168,-0.003,-0.097,1.33,-5.83,900,-327,1562,0,0,7865,0.072,-0.036,-0.008,-0.092,1.31,-5.85,896,-1038,2067,0,0,7748,0.0523,0.069,-0.008,-0.092,1.31,-5.85,896,-1020,2040,0,0
27.84,666.1,156.35,28.39,197.23,130,0.09,0.38,0,0,0,1,3,4370,-215.9,0.2,10.42,-0.15,0.96,4459,713,7830,0.0773,0.048,-0.003,-0.097,0.5,-6.67,904,-396,792,0,0,5989,0.0614,0.124,-0.003,-0.097,0.71,-6.46,904,-314,877,0,0,8422,0.072,0,-0.007,-0.093,0.63,-6.53,900,-1061,1068,0,0,7992,0.0615,0.077,-0.01,-0.09,0.63,-6.53,898,-1036,993,0,0
27.96,670.5,152.14,27.63,197.93,130.3,0.08,0.2,0,0,0,1,3,4389,-216.7,0.2,10.21,-0.6,0.53,4482,717,8380,0.0814,0.034,-0.002,-0.098,0.13,-7.04,907,-354,225,0,0,8715,0.0736,0.102,-0.003,-0.097,0.36,-6.8,907,-416,628,0,0,8755,0.0748,0.023,-0.007,-0.093,0.25,-6.91,903,-1067,442,0,0,9260,0.0717,0.085,-0.007,-0.093,0.25,-6.91,903,-1093,464,0,0
28.08,674.8,147.92,26.89,198.7,130.3,0,0.79,0.4,0,0,1,3,4333,-214.4,0.2,9.78,-0.14,30.07,4471,716,10052,0.0949,0.113,-0.004,-0.096,11.45,4.29,899,-228,10498,0,0,7917,0.0779,0.035,0.002,-0.098,15.15,7.99,868,67,8613,0,0,10816,0.085,0.086,-0.009,-0.091,1.29,-5.87,912,-1776,2407,0,0,7370,0.0721,0.003,-0.003,-0.097,1.32,-5.84,894,-456,1738,0,0
28.2,679.2,143.74,26.2,199.63,130,0,1.06,0,0,0,1,3,4374,-216.1,0.2,9.07,0.83,24.24,4470,713,10795,0.1138,0.157,-0.002,-0.098,1.31,-5.85,914,-409,2451,0,0,8762,0.08,0.018,-0.003,-0.097,1.63,-5.53,895,-384,2572,0,0,12832,0.1005,0.129,-0.011,-0.089,3.41,-3.75,906,-1708,6954,0,0,8228,0.0717,-0.003,-0.006,-0.094,3.49,-3.67,893,-624,5140,0,0
28.32,683.5,139.59,25.57,200.71,129.7,0.01,1.4,0.27,0,0,1,3,4332,-214.3,0.2,7.92,1.09,23.08,4435,710,13919,0.1264,0.105,-0.005,-0.095,8.73,1.57,899,-421,11620,0,0,9445,0.0894,0.078,-0.002,-0.098,11.22,4.06,878,-130,9922,0,0,14037,0.1127,0.101,-0.01,-0.09,2.88,-4.29,905,-1730,6009,0,0,8891,0.0796,0.065,-0.005,-0.095,2.94,-4.22,892,-598,4764,0,0
28.44,687.8,135.53,25.06,202.04,127.4,-0.35,2.1,0.52,0,0.26,1,3,3879,-196.5,0.2,6.08,1.58,47.95,4247,684,16364,0.1378,0.094,-0.096,-0.004,19.92,12.76,773,-3297,11754,1536,0,9310,0.0929,0.029,-0.107,0.007,25.55,18.39,704,-2267,9432,1536,0,15306,0.1264,0.114,-0.044,-0.056,4.75,-2.41,882,-4527,8545,827,0,11185,0.0867,0.059,-0.017,-0.083,4.95,-2.21,873,-1094,8544,827,0
28.56,692,131.67,24.72,203.59,124.2,-0.5,1.96,0,0,0,1,3,4175,-207.6,0.2,3.38,1.22,31.98,3933,651,19044,0.1417,0.033,-0.004,-0.096,2.81,-4.36,876,-646,5835,0,0,12815,0.1075,0.122,-0.004,-0.096,3.26,-3.9,852,-509,6631,0,0,17480,0.1333,0.057,-0.015,-0.085,5.66,-1.5,866,-1744,9935,0,0,14422,0.108,0.177,-0.006,-0.094,5.82,-1.34,850,-671,10139,0,0
28.68,696,128.03,24.6,205.3,115.8,-1.77,1.8,0.25,0,1,1,3,3448,-174,0.2,0.32,0.45,23.43,3467,566,19507,0.1451,0.029,-0.123,0.023,9.79,2.63,712,-8064,9407,1755,1,15426,0.1301,0.188,-0.126,0.026,12.21,5.05,688,-7091,10215,1755,1,16557,0.1323,-0.008,-0.099,-0.001,4.93,-2.23,722,-9578,7101,3150,0,13581,0.1253,0.144,-0.084,-0.016,5.04,-2.12,720,-9078,7492,3150,0
28.8,699.7,124.8,24.69,207.08,106.6,-1.95,2.07,0,0,0,0.65,3,3460,-175.8,0.2,-2.24,0.41,35.54,3012,480,16604,0.1334,-0.097,-0.019,-0.081,1.57,-5.59,749,-3738,10728,0,0,10353,0.1152,-0.124,-0.054,-0.046,2.01,-5.16,702,-5059,9537,0,0,13626,0.1289,-0.028,-0.048,-0.052,5.13,-2.03,721,-5397,8933,0,0,10287,0.1132,-0.101,-0.029,-0.071,5.31,-1.85,709,-2904,8304,0,0
28.92,703.2,121.87,24.91,208.97,101.9,-0.98,1.52,0,0,1,0.32,2,3444,-175.2,0.2,-4.33,0.44,12.71,2736,438,9794,0.1222,-0.093,-0.113,0.013,2.2,-4.96,620,-9557,2854,5850,0,8870,0.0994,-0.132,-0.107,0.007,2.56,-4.6,614,-8800,2931,5850,0,12539,0.1264,-0.021,-0.118,0.018,3.68,-3.48,629,-10200,5809,3150,0,10490,0.1019,-0.094,-0.114,0.014,3.73,-3.43,622,-8885,5379,3150,0
29.04,706.4,119.25,25.22,210.82,94.1,-1.78,1.03,0.06,0,0,1,2,4343,-214.8,0.2,-5.54,0.26,5.95,2435,374,11922,0.1214,-0.007,-0.003,-0.097,3.22,-3.94,658,-448,5575,0,0,8920,0.1039,0.038,-0.003,-0.097,4.14,-3.02,653,-325,5339,0,0,12188,0.1028,-0.197,-0.01,-0.09,1.92,-5.25,655,-1775,4370,0,0,8958,0.0809,-0.174,-0.009,-0.091,1.93,-5.23,651,-1244,3456,0,0
29.16,709.5,116.84,25.59,212.73,91.3,-0.61,1.42,0.47,0,0,1,2,4153,-206.8,0.2,-6.78,0.5,37.24,2258,352,14028,0.112,-0.078,-0.004,-0.096,12.72,5.56,634,-158,12261,0,0,5748,0.0848,-0.159,0.003,-0.097,16.9,9.74,599,31,6431,0,0,11650,0.1042,0.012,-0.012,-0.088,2.42,-4.74,644,-2081,4825,0,0,7925,0.0709,-0.084,-0.004,-0.096,2.52,-4.64,622,-528,3587,0,0
29.28,712.5,114.66,25.99,214.72,88.6,-0.54,1.28,0,1,0,1,2,4178,534.2,1.25,-7.64,0.2,28.77,2127,332,8124,0.1084,-0.03,0.004,-0.096,0.36,-6.8,634,500,81,0,0,11899,0.0742,-0.089,0.009,-0.091,0.65,-6.51,612,1742,801,0,0,11965,0.0984,-0.049,0.012,-0.088,3.92,-3.25,639,1184,7826,0,0,8390,0.0601,-0.09,0.037,-0.063,4.06,-3.1,632,3167,5787,0,0
29.4,715.5,112.56,26.43,216.8,90.3,0.42,0.85,0,1,0,1,2,4291,958.9,1.81,-8.44,-0.19,5.43,2144,344,6257,0.0844,-0.2,0.013,-0.087,1.09,-6.07,642,1365,1383,0,0,4358,0.0641,-0.084,0.014,-0.086,1.32,-5.84,639,1103,1185,0,0,10684,0.0966,-0.015,0.033,-0.067,1.86,-5.3,654,4871,3811,0,0,9304,0.0684,0.07,0.038,-0.062,1.87,-5.29,653,5177,3392,0,0
29.52,718.5,110.49,26.89,218.99,92.1,0.45,0.43,0,1,0,1,2,4386,973.3,1.83,-8.81,-0.3,0.34,2186,358,3967,0.0665,-0.149,0.019,-0.081,0.46,-6.7,657,1221,408,0,0,7086,0.0578,-0.053,0.011,-0.089,0.65,-6.51,652,1375,975,0,0,9415,0.0874,-0.076,0.036,-0.064,0.62,-6.55,668,5085,1167,0,0,7381,0.0692,0.006,0.039,-0.061,0.62,-6.54,669,4390,940,0,0
29.64,721.6,108.39,27.36,221.24,95,0.68,0.14,0,0,0,1,2,4661,562.6,1.33,-8.5,-0.21,0.09,2324,381,3624,0.0443,-0.184,0.039,-0.061,0.11,-7.05,689,2354,87,0,0,3140,0.0466,-0.094,0.042,-0.058,0.25,-6.91,692,2138,167,0,0,7587,0.0783,-0.075,0.066,-0.034,0.16,-7,706,6601,246,0,0,8752,0.0715,0.019,0.055,-0.045,0.16,-7.01,706,7275,239,0,0
29.76,724.8,106.27,27.79,223.54,94.1,-0.22,0.03,0,0,1,1,2,4312,-213.5,0.2,-7.2,0.07,0.12,2322,373,1664,0.0319,-0.104,-0.007,-0.093,0,-7.16,650,-199,-4,0,0,1257,0.0377,-0.074,-0.006,-0.094,0.1,-7.06,651,-105,29,0,0,6329,0.0604,-0.15,-0.011,-0.089,0.03,-7.14,648,-1225,38,0,0,5791,0.0544,-0.142,-0.011,-0.089,0.03,-7.14,648,-1212,35,0,0
29.88,727.8,104.25,28.11,225.75,88.3,-1.34,0.11,0.3,0,0.9,1,2,3219,-167.1,0.2,-4.54,0.38,5.16,2167,330,4640,0.0306,-0.01,-0.172,0.072,10.73,3.57,506,-3887,3708,1573,1,1654,0.0248,-0.108,-0.27,0.17,13.87,6.71,435,-1532,1281,1573,1,2130,0.0309,-0.245,-0.189,0.089,0.16,-7,518,-2521,34,847,1,1330,0.0264,-0.233,-0.188,0.088,0.16,-7,516,-1590,22,847,1
30.001,730.6,102.35,28.28,227.85,84.2,-0.92,0.2,0.68,0,0.23,0.38,2,2903,-147.6,0.2,-0.99,0.44,10.45,2052,301,5387,0.0178,-0.107,-0.161,0.061,23.3,16.14,454,-2718,5349,592,1,769,0.0001,-0.206,-0.324,0.224,29.76,22.6,336,-515,743,592,1,3116,0.0138,-0.143,-0.16,0.06,1,-6.16,493,-3618,354,319,1,940,0.0035,-0.191,-0.198,0.098,1.03,-6.14,464,-1141,96,319,1
30.121,733.4,100.55,28.28,229.91,81.8,-0.49,0.33,0.69,0,0,0.31,1,3121,-158.1,0.2,2.51,0.35,19.1,1903,283,2093,0.0129,-0.04,-0.067,-0.033,25.63,18.47,481,-337,2373,0,0,686,-0.0077,-0.065,-0.111,0.011,32.62,25.45,417,-159,773,0,0,4304,-0.006,-0.165,-0.107,0.007,2.45,-4.71,507,-4129,1641,0,0,581,-0.0176,-0.176,-0.115,0.015,2.52,-4.64,489,-573,242,0,0
30.241,736,98.85,28.12,231.93,78.8,-0.62,0.52,0.7,0,0.44,0.91,1,3747,-190.2,0.2,5.39,0.49,33.83,1736,263,5075,0.0309,0.15,-0.169,0.069,26.84,19.68,414,-2043,5218,555,1,3550,0.0061,0.115,-0.219,0.119,34.02,26.86,344,-1446,3676,555,1,5377,-0.0008,0.044,-0.334,0.234,5.24,-1.92,381,-6096,1585,299,1,1844,-0.0196,-0.017,-0.288,0.188,5.48,-1.68,377,-2156,663,299,1
30.361,738.6,97.29,27.85,233.92,75.1,-0.75,0.77,0.72,0,0.3,1,1,3958,-195.8,0.2,7.78,0.88,36.35,1578,239,5559,0.0428,0.099,-0.142,0.042,29.13,21.97,392,-1917,5748,857,1,5113,0.0149,0.073,-0.121,0.021,36.55,29.39,349,-1401,5345,857,1,3739,0.0157,0.137,-0.165,0.065,7.68,0.52,416,-3590,2523,461,1,1394,-0.0058,0.115,-0.12,0.02,8.09,0.93,410,-1237,1123,461,1
30.481,741,95.89,27.49,235.88,72.7,-0.44,0.87,0.73,0,0.29,1,1,3848,-191.1,0.2,10.61,1.61,27.2,1498,224,3693,0.0394,-0.028,-0.136,0.036,31.39,24.23,367,-1099,3954,792,1,276,-0.0378,-0.439,-0.188,0.088,39.09,31.93,297,-88,304,792,1,3900,0.0288,0.109,-0.121,0.021,8.33,1.17,417,-3205,3184,427,1,2897,-0.0105,-0.039,-0.087,-0.013,8.66,1.5,409,-2024,2687,1422,0
30.601,743.4,94.61,27,237.81,71.3,-0.18,0.72,0.73,0,0,1,1,4006,-200.1,0.2,14.37,1,24.01,1491,216,13578,0.0573,0.149,-0.032,-0.068,32.05,24.89,408,-701,11794,0,0,0,-0.0657,-0.233,-0.065,-0.035,40.12,32.96,343,0,0,0,0,2627,0.0058,-0.192,-0.139,0.039,8.31,1.15,428,-2298,2093,0,0,4704,-0.0055,0.041,-0.085,-0.015,8.55,1.39,437,-3204,4260,0,0
30.721,745.7,93.46,26.43,239.77,69.6,-0.18,1.36,0.74,0.25,0,1,1,4279,-68.4,0.36,15.2,-0.95,60.05,1366,205,22559,0.1454,0.734,-0.006,-0.094,29.78,22.62,441,94,11863,0,0,9246,0.0257,0.762,0.054,-0.046,37.8,30.64,394,1034,9330,0,0,12642,-0.0129,-0.155,-0.129,0.029,10.69,3.52,480,-5551,11005,0,0,5797,-0.0033,0.019,-0.056,-0.044,11.66,4.5,469,-426,6431,0,0
30.841,748,92.57,25.9,241.82,67.7,-0.07,2.24,0.75,0.54,0,1,1,4376,261.5,0.87,13.03,-2.57,49.31,1188,193,13873,0.1452,-0.002,-0.004,-0.096,29.37,22.21,433,269,11877,0,0,7150,0.049,0.194,0.071,-0.029,37.29,30.13,398,992,7416,0,0,14583,0.0671,0.666,-0.072,-0.028,8.64,1.47,486,-3506,11438,0,0,10234,0.0545,0.482,-0.021,-0.079,9.28,2.12,480,625,10480,0,0
30.961,750.3,92,25.43,243.97,68.4,0.38,2.16,0.74,0,0,1,1,4410,-219.9,0.2,11.54,-2.81,38.21,1229,197,3560,0.1236,-0.18,0.018,-0.082,26.56,19.39,455,238,3979,0,0,7386,0.0549,0.05,0.066,-0.034,34.24,27.07,418,1228,7645,0,0,18093,0.0902,0.193,-0.06,-0.04,4.5,-2.66,496,-4754,8704,0,0,8590,0.0705,0.133,-0.025,-0.075,4.9,-2.26,489,62,7108,0,0
31.081,752.5,91.69,25,246.16,66.1,-0.44,1.58,0.75,0,0.6,1,1,3804,-194,0.2,10.97,-2.75,36.1,1160,184,8023,0.1001,-0.196,-0.144,0.044,25.47,18.31,376,-2811,8049,1052,1,5092,0.0603,0.045,-0.176,0.076,33.19,26.03,318,-1605,5303,1052,1,14752,0.1133,0.193,-0.093,-0.007,3.21,-3.95,461,-8699,5859,1889,0,10155,0.0566,-0.116,-0.06,-0.04,3.4,-3.76,456,-4246,6005,1889,0
31.201,754.7,91.6,24.61,248.24,61.8,-0.95,1.48,0.77,0,0,1,1,3758,-193.1,0.2,11.24,-2.08,43.77,1109,162,14161,0.1229,0.19,-0.03,-0.07,24.21,17.05,406,-725,12001,0,0,6672,0.0677,0.061,-0.016,-0.084,31.96,24.79,358,-518,7066,0,0,8398,0.0753,-0.317,-0.146,0.046,3.28,-3.89,426,-7350,3983,0,0,8725,0.0556,-0.008,-0.093,-0.007,3.53,-3.63,422,-4364,5237,0,0
31.321,756.7,91.72,24.26,250.22,59.5,-0.46,1.56,0.78,0,0,1,1,3810,-192.1,0.2,10.82,-1.34,56.06,983,150,12745,0.1223,-0.005,-0.018,-0.082,23.5,16.34,395,-568,12031,0,0,6400,0.0619,-0.048,-0.02,-0.08,31.1,23.94,332,-290,6825,0,0,6151,0.0627,-0.105,-0.042,-0.058,4.38,-2.79,418,-2717,4473,0,0,6855,0.0408,-0.123,-0.01,-0.09,4.83,-2.33,390,-746,5461,0,0
31.441,758.6,92.06,23.93,252.12,58.3,-0.18,1.69,0.78,0.55,0,1,1,3961,276.1,0.86,10.27,-0.54,60.42,914,143,8846,0.1119,-0.086,0.023,-0.077,23.42,16.26,405,486,9284,0,0,6555,0.0535,-0.069,0.063,-0.037,30.91,23.74,353,789,6945,0,0,7159,0.0684,0.047,0.001,-0.099,4.93,-2.23,430,5,5786,0,0,4950,0.0399,-0.007,0.067,-0.033,5.5,-1.66,412,2912,4036,0,0
31.561,760.6,92.66,23.61,253.97,59.5,0.4,1.79,0.78,0.36,0,1,1,4120,239.9,0.79,9.51,0.56,62.92,958,149,9801,0.1107,-0.011,0.024,-0.076,23.23,16.07,414,818,10138,0,0,4268,0.0516,-0.016,0.129,0.029,30.7,23.54,382,1242,4544,0,0,9647,0.0881,0.164,0,-0.1,5.04,-2.12,438,708,7623,0,0,4923,0.0403,0.003,0.084,-0.016,5.66,-1.5,424,3873,3659,0,0
31.681,762.6,93.48,23.29,255.76,60.2,0.28,1.64,0.77,0.81,0,1,1,4207,570.4,1.3,9.11,1.14,53.63,959,153,8966,0.0972,-0.112,0.054,-0.046,24.11,16.95,424,1130,9327,0,0,4808,0.0407,-0.091,0.137,0.037,31.7,24.54,389,1203,5114,0,0,9613,0.0857,-0.02,0.021,-0.079,4.47,-2.69,449,2135,7139,0,0,7930,0.0481,0.066,0.091,-0.009,4.91,-2.26,436,5903,5454,0,0
31.801,764.7,94.53,22.97,257.54,65.5,1.31,0.81,0,1,0,1,1,5626,1001.7,2.12,9.15,1.2,46.95,1130,181,5751,0.0795,-0.148,0.028,-0.072,-0.62,-6.54,486,2358,-1457,0,0,13611,0.0363,-0.037,0.054,-0.046,-0.47,-6.69,454,6163,-2367,0,0,6929,0.078,-0.064,0.401,0.301,6.41,-0.75,660,7711,1989,0,0,7511,0.048,-0.001,0.504,0.404,6.91,-0.25,659,8387,1789,0,0
31.921,767,95.76,22.6,259.49,73.2,1.88,0.47,0,1,0,1,1,5676,998.6,2.14,8.85,0.89,31.15,1339,226,5841,0.0572,-0.186,0.025,-0.075,2.52,-4.65,533,2341,2677,0,0,4084,0.0352,-0.009,0.051,-0.049,2.78,-4.38,522,2597,2037,0,0,9042,0.0736,-0.036,0.187,0.087,6.89,-0.27,616,8544,5029,0,0,7676,0.0641,0.134,0.245,0.145,7.22,0.05,617,7830,3676,0,0
32.041,769.6,97.24,22.19,261.54,79.5,1.61,1.04,0,1,0,1,1,5919,987.3,2.19,8.88,1.49,15.56,1588,267,5333,0.0601,0.025,0.032,-0.068,2.47,-4.69,578,2276,2541,0,0,3405,0.0293,-0.049,0.049,-0.051,2.65,-4.51,575,2065,1735,0,0,10873,0.0847,0.093,0.1,0,4.6,-2.56,616,8683,6489,0,0,6554,0.058,-0.051,0.135,0.035,4.71,-2.45,621,6198,3695,0,0
32.161,772.4,98.97,21.74,263.68,86.6,1.72,0.79,0,1,0,0.97,1,6565,946.4,2.35,8.94,1.46,9.12,1883,317,6121,0.0614,0.01,0.026,-0.074,1.76,-5.4,623,2729,2111,0,0,3814,0.0294,0.001,0.051,-0.049,1.91,-5.25,630,2607,1434,0,0,8755,0.0857,0.008,0.15,0.05,2.88,-4.29,695,8907,2962,0,0,7777,0.0616,0.029,0.164,0.064,2.91,-4.26,696,8177,2473,0,0
32.281,775.4,100.92,21.25,265.92,92.1,1.32,0.61,0.14,1,0,0.17,1,6688,-221.2,2.38,9.01,1.16,3.18,2132,358,6956,0.0595,-0.015,0.006,-0.094,3.47,-3.69,645,602,3543,0,0,5854,0.0368,0.062,0.009,-0.091,4.31,-2.85,644,637,3582,0,0,8952,0.084,-0.014,0.014,-0.086,1.33,-5.84,651,2230,2409,0,0,7468,0.0644,0.024,0.017,-0.083,1.34,-5.83,651,2260,2061,0,0
32.401,778.5,103.03,20.75,268.15,95.1,0.76,1.07,0.48,0.95,0,1,2,5928,985.4,2.2,9.2,1.67,33.1,2329,382,7368,0.0723,0.106,0.067,-0.033,14.01,6.85,701,2185,7795,0,0,4586,0.0403,0.029,0.133,0.033,18.35,11.19,701,2070,4786,0,0,10619,0.0833,-0.006,0.065,-0.035,2.22,-4.94,721,7763,3737,0,0,7241,0.0564,-0.067,0.108,0.008,2.31,-4.85,723,7016,2354,0,0
32.521,781.8,105.38,20.22,270.39,101.2,1.5,0.81,0,1,0,1,2,5037,1002,1.98,8.9,2.18,24.6,2594,433,6062,0.0702,-0.018,0.025,-0.075,1.22,-5.94,733,2418,1279,0,0,9586,0.038,-0.02,0.044,-0.056,1.42,-5.74,721,5437,2301,0,0,10188,0.0882,0.04,0.077,-0.023,3.81,-3.36,771,7360,5823,0,0,8549,0.0606,0.035,0.106,0.006,3.91,-3.26,771,7422,4576,0,0
32.641,785.3,107.95,19.67,272.69,107.5,1.53,0.8,0,1,0,1,2,5307,1004.9,2.05,8.68,2.14,8.15,2891,488,6032,0.0653,-0.041,0.027,-0.073,1.72,-5.44,773,2490,2034,0,0,4717,0.0384,0.003,0.035,-0.065,1.89,-5.27,773,2413,1756,0,0,10028,0.091,0.023,0.073,-0.027,2.6,-4.56,808,7631,4315,0,0,8506,0.0674,0.057,0.083,-0.017,2.62,-4.54,810,7098,3641,0,0
32.761,789,110.75,19.08,275.05,113.8,1.51,0.56,-0.08,1,0,1,2,5575,1003.1,2.11,8.53,1.92,0.86,3217,547,5969,0.0639,-0.012,0.027,-0.073,-2.67,-4.5,815,2429,-1819,0,0,5598,0.0418,0.028,0.026,-0.074,-1.67,-5.49,815,2412,-893,0,0,10108,0.0907,-0.002,0.065,-0.035,1.38,-5.78,846,7996,2471,0,0,9479,0.0713,0.033,0.066,-0.034,1.38,-5.78,846,7706,2354,0,0
32.881,792.9,113.71,18.48,277.54,120,1.46,-0.23,0,1,0,1,2,5868,989.9,2.18,8.42,0.77,-17.74,3566,608,5903,0.055,-0.074,0.026,-0.074,0.62,-6.54,852,2652,915,0,0,6236,0.0554,0.113,0.023,-0.077,0.77,-6.39,864,2305,1159,0,0,9324,0.082,-0.073,0.074,-0.026,-0.94,-6.23,891,8045,-1335,0,0,5549,0.0843,0.108,0.06,-0.04,-1.2,-5.97,900,4496,-882,0,0
33.001,797,116.81,17.85,280.19,126.3,1.49,-0.27,0,1,0,1,2,6155,974.6,2.25,8.23,0.23,-5.7,3948,674,5866,0.0543,-0.006,0.025,-0.075,-0.67,-6.49,901,2466,-764,0,0,6516,0.0608,0.045,0.022,-0.078,-0.5,-6.67,903,2415,-608,0,0,9006,0.0826,0.005,0.064,-0.036,-1.1,-6.06,936,7130,-1758,0,0,10385,0.0911,0.056,0.058,-0.042,-1.1,-6.07,935,7563,-2015,0,0
33.121,801.4,120.04,17.21,283,132.5,1.47,-0.31,0,1,0,1,2,6442,956.2,2.31,7.99,0,-1.6,4333,742,5836,0.0559,0.013,0.025,-0.075,-0.63,-6.53,947,2412,-741,0,0,6549,0.0633,0.021,0.022,-0.078,-0.45,-6.71,946,2453,-596,0,0,9696,0.0843,0.014,0.058,-0.042,-0.69,-6.47,978,7321,-1214,0,0,10246,0.0944,0.028,0.056,-0.044,-0.69,-6.47,978,7514,-1281,0,0
33.241,805.9,123.4,16.55,285.98,138.1,1.31,-0.1,0.17,1,0,0.56,2,6588,945.7,2.35,7.72,0.01,5.27,4712,805,7031,0.0618,0.049,0.011,-0.089,1.89,-5.27,976,1309,2618,0,0,6442,0.0645,0.01,0.015,-0.085,2.8,-4.37,975,1415,3434,0,0,10444,0.0897,0.045,0.025,-0.075,-0.24,-6.92,989,4329,-531,0,0,10092,0.096,0.014,0.029,-0.071,-0.24,-6.92,989,4643,-518,0,0
33.361,810.5,126.88,15.91,288.97,139.7,0.42,0.72,0,1,0,0.52,3,6686,938.5,2.37,7.62,1.02,23.8,4967,824,8679,0.0836,0.182,0.005,-0.095,0.13,-7.04,989,656,-27,0,0,6448,0.0651,0.005,0.008,-0.092,0.35,-6.81,974,805,271,0,0,10934,0.0975,0.065,0.012,-0.088,2.05,-5.11,997,1818,3980,0,0,8602,0.081,-0.125,0.026,-0.074,2.09,-5.07,992,3204,3259,0,0
33.481,815.3,130.5,15.28,291.97,143.9,1.02,0.66,0,1,0,1,3,5056,1002.4,1.99,7.16,1.24,8.06,5263,874,8313,0.0892,0.047,0.012,-0.088,1.24,-5.92,1020,1832,1998,0,0,7116,0.0675,0.02,0.016,-0.084,1.48,-5.68,1017,1940,2051,0,0,11427,0.103,0.046,0.035,-0.065,1.97,-5.2,1043,5455,4036,0,0,9990,0.0837,0.022,0.041,-0.059,1.98,-5.18,1043,5551,3582,0,0
33.601,820.2,134.3,14.68,294.98,148.3,1.06,0.61,0,0,0,1,3,5176,561.5,1.41,6.51,1.06,2.1,5512,929,7787,0.091,0.015,0.013,-0.087,0.91,-6.25,1050,1756,1409,0,0,7061,0.0692,0.015,0.015,-0.085,1.15,-6.01,1050,1796,1625,0,0,11603,0.1087,0.048,0.033,-0.067,1.18,-5.98,1071,5689,2525,0,0,10394,0.0916,0.066,0.035,-0.065,1.18,-5.98,1072,5435,2295,0,0
33.721,825.1,138.21,14.13,297.99,148.7,0.08,0.38,0,0,0,1,3,5010,-243.2,0.2,5.99,0.64,0.61,5656,933,10041,0.1007,0.081,-0.002,-0.098,0.4,-6.76,1035,-424,795,0,0,9903,0.0875,0.152,-0.003,-0.097,0.68,-6.48,1035,-444,1313,0,0,10885,0.1072,-0.013,-0.007,-0.093,0.57,-6.59,1031,-1214,1209,0,0,10744,0.0967,0.042,-0.007,-0.093,0.57,-6.59,1031,-1191,1205,0,0
33.841,830.1,142.13,13.65,300.97,148.1,-0.12,0.19,0,0,0,1,3,4996,-242.6,0.2,5.15,0.29,0.51,5713,926,10600,0.1165,0.131,-0.002,-0.098,0.09,-7.08,1033,-429,189,0,0,10769,0.1089,0.178,-0.003,-0.097,0.42,-6.74,1032,-529,849,0,0,11572,0.1066,-0.005,-0.006,-0.094,0.29,-6.88,1028,-1251,637,0,0,11720,0.1026,0.05,-0.007,-0.093,0.29,-6.88,1028,-1331,674,0,0
33.961,835,146.06,13.27,303.93,147.5,-0.15,0.1,0.07,0,0,1,3,4974,-241.6,0.2,3.93,0.03,0.24,5692,918,10734,0.1214,0.041,-0.002,-0.098,-0.06,-7.11,1028,-418,-112,0,0,10716,0.1193,0.086,-0.004,-0.096,0.3,-6.86,1027,-499,525,0,0,12876,0.1139,0.06,-0.006,-0.094,0.13,-7.03,1024,-1322,314,0,0,13615,0.1133,0.089,-0.006,-0.094,0.14,-7.03,1024,-1376,370,0,0
34.081,839.9,150.02,13.01,306.81,146.1,-0.29,1.14,0.41,0,0,1,3,4861,-236.9,0.2,2.51,0.57,42.57,5583,900,12779,0.1278,0.054,-0.004,-0.096,11.91,4.75,1011,-241,12228,0,0,8367,0.1127,-0.055,0.004,-0.096,15.79,8.63,970,113,9039,0,0,14453,0.1257,0.099,-0.011,-0.089,2.08,-5.09,1025,-1978,4204,0,0,13598,0.1106,-0.023,-0.003,-0.097,2.14,-5.02,1002,-468,4357,0,0
34.201,844.7,154.06,12.89,309.44,143.1,-0.46,2.21,0.46,0,0,1,3,4642,-227.6,0.2,0.76,1.21,62.61,5348,864,13167,0.1339,0.05,-0.006,-0.094,18.48,11.32,963,-236,12219,0,0,7570,0.0988,-0.116,-0.003,-0.097,23.54,16.38,891,-57,8099,0,0,15383,0.1348,0.076,-0.018,-0.082,6.12,-1.04,1003,-1965,10180,0,0,11794,0.1034,-0.06,-0.004,-0.096,6.41,-0.75,971,-360,10336,0,0
34.321,849.4,158.18,12.92,311.71,139,-0.51,2.63,0.48,0,0,1,3,4423,-218.3,0.2,-1.08,1.03,61.7,5059,816,15031,0.1326,-0.011,-0.005,-0.095,22.27,15.1,912,-164,12094,0,0,7621,0.093,-0.048,-0.001,-0.099,27.65,20.49,836,-24,8065,0,0,15863,0.1352,0.003,-0.024,-0.076,9.35,2.19,964,-1818,11802,0,0,12381,0.1008,-0.022,-0.006,-0.094,9.8,2.64,935,-272,12009,0,0
34.441,854,162.32,13.08,313.6,135.3,-0.32,2.68,0,1,0,1,3,4469,-220.2,0.2,-2.6,0.71,54.75,4835,772,12601,0.1274,-0.043,-0.004,-0.096,7.36,0.19,949,-396,11150,0,0,7115,0.0858,-0.06,-0.004,-0.096,8.01,0.85,907,-226,7288,0,0,15476,0.1351,-0.001,-0.027,-0.073,11.61,4.45,926,-1689,12139,0,0,11542,0.0941,-0.055,-0.009,-0.091,12.12,4.95,903,-331,11881,0,0
34.561,858.5,166.52,13.33,315.13,133.9,0.27,2.53,0,1,0,1,3,4681,995.9,1.9,-3.56,0.6,46.77,4770,756,9192,0.1179,-0.079,0.018,-0.082,9.14,1.98,952,1077,9418,0,0,8157,0.0701,-0.13,0.039,-0.061,9.78,2.62,933,1964,8445,0,0,12972,0.1322,-0.025,0.058,-0.042,12.8,5.64,989,3229,11907,0,0,9762,0.0822,-0.099,0.096,-0.004,13.29,6.13,986,4146,9544,0,0
34.681,862.9,170.8,13.64,316.32,133.5,0.49,2.3,-0.07,1,0,1,3,4684,996,1.9,-3.88,0.61,37.02,4796,753,7708,0.1069,-0.092,0.017,-0.083,7.12,-0.04,950,1012,7777,0,0,3943,0.0534,-0.139,0.037,-0.063,8.34,1.18,939,1068,4252,0,0,12709,0.1263,-0.049,0.067,-0.033,13.18,6.02,988,3577,11820,0,0,7575,0.0696,-0.105,0.101,0.001,13.57,6.41,989,3362,7617,0,0
34.801,867.4,175.15,13.95,317.25,133.8,0.4,1.47,-0.48,1,0,1,3,4693,996.2,1.9,-3.83,0.29,-12.04,4751,756,6049,0.0881,-0.157,0.027,-0.073,-8.09,0.93,948,1247,-6106,0,0,4325,0.0442,-0.076,0.017,-0.083,-3.72,-3.44,954,999,-2665,0,0,9455,0.1097,-0.138,0.079,-0.021,11.14,3.98,984,3797,9337,0,0,7799,0.0626,-0.058,0.073,-0.027,11.05,3.89,987,3039,7939,0,0
34.921,871.8,179.53,14.24,318.09,134.4,0.18,0.48,0,1,0,1,3,4653,995.3,1.89,-3.62,-0.05,-76.05,4678,763,5369,0.065,-0.192,0.023,-0.077,6.38,-0.79,930,1091,5270,0,0,4735,0.0517,0.062,0.017,-0.083,6.17,-0.99,982,729,4653,0,0,8550,0.0844,-0.211,0.05,-0.05,0.46,-6.71,954,6054,1425,0,0,7590,0.0685,0.049,0.009,-0.091,0.43,-6.73,974,1142,1270,0,0
35.041,876.4,183.96,14.51,318.89,136,0.39,-0.12,0,0,0,1,3,4712,996.7,1.91,-3.29,-0.15,-34.25,4745,781,4016,0.053,-0.101,0.015,-0.085,-1.32,-5.84,951,1220,-991,0,0,5951,0.0531,0.012,0.01,-0.09,-1.13,-6.03,971,1064,-1157,0,0,6962,0.0729,-0.096,0.049,-0.051,-3.87,-3.3,983,3854,-4492,0,0,5395,0.0713,0.023,0.028,-0.072,-3.47,-3.69,988,1777,-3577,0,0
35.161,880.9,188.38,14.74,319.8,135.3,-0.1,-1.04,0,0,0,1,3,4537,-223.1,0.2,-2.78,-0.87,-14.35,4759,772,3603,0.0414,-0.096,-0.005,-0.095,-2.81,-4.35,932,-254,-1985,0,0,2952,0.068,0.124,0.009,-0.091,-2.34,-4.82,944,56,-1505,0,0,5649,0.0546,-0.152,-0.009,-0.091,-3.85,-3.32,928,-658,-3966,0,0,8980,0.081,0.081,-0.012,-0.088,-3.8,-3.36,936,-1323,-5952,0,0
35.281,885.4,192.74,14.93,320.8,133.6,-0.39,-0.35,0.36,0,0,1,3,4469,-220.2,0.2,-2.22,-0.59,26.59,4712,753,9095,0.052,0.088,-0.005,-0.095,7.39,0.23,930,-355,8617,0,0,5892,0.0714,0.028,0.001,-0.099,10.49,3.33,908,10,6435,0,0,7468,0.0541,-0.004,-0.013,-0.087,-1.55,-5.61,929,-1442,-2481,0,0,6729,0.0731,-0.065,-0.004,-0.096,-1.58,-5.58,918,-500,-2324,0,0
35.401,889.8,197.05,15.11,321.7,131.2,-0.5,1.03,0,0,0,1,3,4416,-217.9,0.2,-1.99,0.55,56.78,4574,727,9532,0.0837,0.265,-0.002,-0.098,-0.45,-6.71,935,-388,-1145,0,0,5947,0.0607,-0.09,-0.003,-0.097,-0.25,-6.91,892,-147,-440,0,0,10152,0.0769,0.19,-0.012,-0.088,4.04,-3.12,925,-1545,6653,0,0,5997,0.0532,-0.166,-0.004,-0.096,4.23,-2.93,891,-313,4322,0,0
35.521,894.1,201.32,15.28,322.44,129.5,-0.28,1.24,0,0,0,1,3,4343,-214.8,0.2,-2.1,0.91,26.54,4478,708,8760,0.0944,0.089,-0.004,-0.096,2.98,-4.18,909,-458,4734,0,0,4919,0.0581,-0.021,-0.004,-0.096,3.28,-3.88,889,-227,3049,0,0,10503,0.0913,0.121,-0.014,-0.086,5.22,-1.94,899,-1453,8471,0,0,6525,0.0538,0.005,-0.007,-0.093,5.33,-1.83,886,-503,5660,0,0
35.641,898.4,205.57,15.46,322.98,127.8,-0.28,1.46,0,1,0,1,3,4328,209.8,0.74,-2.17,1.04,11.77,4354,690,8934,0.0971,0.023,0,-0.1,2.99,-4.17,895,102,4945,0,0,9367,0.0547,-0.028,0.001,-0.099,3.25,-3.91,887,352,5447,0,0,10588,0.0953,0.033,0.001,-0.099,4.09,-3.07,896,27,7369,0,0,7026,0.0528,-0.009,0.008,-0.092,4.13,-3.03,894,519,5209,0,0
35.761,902.7,209.83,15.64,323.34,128.9,0.32,1.1,-0.09,1,0,1,3,4443,982.5,1.84,-2.37,0.79,0.93,4350,701,6747,0.0886,-0.071,0.01,-0.09,-1.98,-5.18,909,1098,-1228,0,0,5936,0.0526,-0.018,0.01,-0.09,-0.89,-6.27,909,1115,-53,0,0,10685,0.0962,0.007,0.026,-0.074,2.36,-4.8,923,3728,4657,0,0,7907,0.061,0.068,0.029,-0.071,2.37,-4.8,925,3214,3576,0,0
35.881,907,214.13,15.82,323.66,129.6,0.16,-0.04,0,0,0,1,3,4366,-215.8,0.2,-2.49,-0.07,-21.89,4340,709,6170,0.0709,-0.148,-0.003,-0.097,0.89,-6.27,894,-302,1319,0,0,7285,0.0652,0.105,-0.002,-0.098,1.08,-6.08,911,-291,1791,0,0,8788,0.0827,-0.113,-0.005,-0.095,-0.76,-6.41,893,-631,-1111,0,0,8999,0.0762,0.127,-0.01,-0.09,-0.74,-6.42,904,-1411,-1115,0,0
36.001,911.3,218.4,16.01,323.99,128.2,-0.33,-0.25,0,0,0,1,3,4314,-213.7,0.2,-2.36,-0.43,-8.3,4303,693,5912,0.0678,-0.025,-0.003,-0.097,-0.79,-6.37,889,-286,-912,0,0,7770,0.0747,0.079,-0.002,-0.098,-0.57,-6.59,896,-334,-833,0,0,8016,0.0712,-0.096,-0.006,-0.094,-1.36,-5.8,886,-858,-2115,0,0,14075,0.0777,0.012,-0.011,-0.089,-1.39,-5.77,887,-913,-2967,0,0
36.121,915.5,222.62,16.19,324.37,126.7,-0.33,-0.39,0,1,0,1,3,4268,-211.7,0.2,-2.29,-0.57,-2.75,4254,678,6655,0.0677,-0.001,-0.003,-0.097,-0.86,-6.3,881,-314,-1154,0,0,6801,0.08,0.044,-0.003,-0.097,-0.64,-6.52,884,-307,-872,0,0,12848,0.0671,-0.034,-0.009,-0.091,-0.99,-6.17,877,-1169,-2083,0,0,8996,0.079,0.01,-0.007,-0.093,-0.99,-6.17,879,-1083,-1742,0,0
36.241,919.7,226.83,16.38,324.78,127.6,0.21,-0.27,0,1,0,1,3,4388,973.9,1.83,-2.41,-0.48,-0.49,4260,687,6132,0.0661,-0.014,0.006,-0.094,-0.6,-6.56,896,1057,-746,0,0,6403,0.0759,-0.034,0.009,-0.091,-0.39,-6.77,900,1027,-509,0,0,8807,0.0705,0.028,0.024,-0.076,-0.55,-6.61,913,3454,-958,0,0,9324,0.0798,0.007,0.024,-0.076,-0.55,-6.61,913,3529,-1007,0,0
36.361,924,231.09,16.56,325.23,129.3,0.41,-0.17,-0.18,0.84,0,1,3,4451,983.7,1.85,-2.56,-0.34,-1.43,4313,706,6094,0.0635,-0.022,0.013,-0.087,-4.12,-3.04,912,1015,-3614,0,0,6406,0.0689,-0.058,0.011,-0.089,-3.09,-4.07,912,992,-2906,0,0,8954,0.0768,0.052,0.024,-0.076,-0.24,-6.92,925,3494,-430,0,0,9268,0.0817,0.016,0.023,-0.077,-0.24,-6.92,925,3491,-444,0,0
36.481,928.4,235.37,16.75,325.78,129.5,0.07,-0.89,0,0,0,1,3,4361,-215.6,0.2,-2.54,-0.71,-28.26,4342,708,5500,0.0558,-0.064,-0.003,-0.097,0.05,-7.11,891,-247,83,0,0,7665,0.0783,0.078,-0.002,-0.098,0.25,-6.91,912,-260,471,0,0,7428,0.0677,-0.076,-0.004,-0.096,-2.15,-5.01,889,-397,-2934,0,0,9933,0.0887,0.058,-0.01,-0.09,-2.1,-5.06,904,-1272,-3700,0,0
36.601,932.6,239.61,16.94,326.42,128,-0.32,-0.65,0,0,0,1,3,4307,-213.3,0.2,-2.39,-0.62,-10.78,4313,691,6245,0.0613,0.046,-0.003,-0.097,-1.54,-5.62,886,-307,-1891,0,0,7566,0.0816,0.028,-0.003,-0.097,-1.32,-5.84,895,-323,-1921,0,0,7310,0.0632,-0.038,-0.007,-0.093,-2.34,-4.82,883,-755,-3291,0,0,12442,0.0846,-0.034,-0.01,-0.09,-2.32,-4.84,889,-1504,-4931,0,0
36.721,936.9,243.79,17.13,327.14,127.7,-0.04,-0.66,0,1,0,1,3,4405,975.9,1.83,-2.37,-0.59,-3.4,4297,688,5836,0.0621,0.006,0.011,-0.089,-1.33,-5.84,900,1063,-1570,0,0,7030,0.0817,0,0.009,-0.091,-1.11,-6.06,901,1060,-1559,0,0,7969,0.0632,0.001,0.028,-0.072,-1.52,-5.65,916,3420,-2354,0,0,13071,0.0835,-0.009,0.029,-0.071,-1.51,-5.65,914,4548,-3400,0,0
36.841,941.2,248,17.32,327.95,129.4,0.42,-0.42,0,1,0,1,3,4457,984.7,1.85,-2.55,-0.39,-0.22,4330,707,5859,0.0598,-0.019,0.01,-0.09,-0.82,-6.34,913,1048,-996,0,0,6309,0.0735,-0.068,0.009,-0.091,-0.62,-6.54,913,1081,-800,0,0,8673,0.0712,0.066,0.025,-0.075,-0.76,-6.4,926,3446,-1308,0,0,9414,0.0848,0.011,0.024,-0.076,-0.76,-6.4,926,3591,-1406,0,0
36.961,945.5,252.26,17.51,328.8,131.2,0.42,-0.2,0,1,0,1,3,4516,992,1.86,-2.63,-0.17,0.5,4409,727,6065,0.0608,0.008,0.01,-0.09,-0.43,-6.73,926,1063,-546,0,0,6272,0.0687,-0.04,0.01,-0.09,-0.24,-6.92,925,1071,-314,0,0,8978,0.0762,0.042,0.024,-0.076,-0.31,-6.85,938,3485,-555,0,0,9163,0.0836,-0.01,0.024,-0.076,-0.31,-6.85,938,3557,-543,0,0
37.081,949.9,256.58,17.7,329.69,133,0.42,-0.08,0,1,0,1,3,4577,993.6,1.88,-2.65,0,0.41,4519,746,6269,0.0627,0.016,0.01,-0.09,-0.22,-6.94,938,1066,-284,0,0,6327,0.065,-0.031,0.01,-0.09,-0.02,-7.14,937,1136,-38,0,0,8957,0.0791,0.024,0.024,-0.076,-0.09,-7.07,951,3509,-172,0,0,9128,0.0822,-0.012,0.024,-0.076,-0.09,-7.07,951,3576,-174,0,0
37.201,954.4,260.92,17.9,330.59,133,0,-0.03,0,0,0,1,3,4480,-220.6,0.2,-2.54,0.07,0.23,4566,746,6845,0.0668,0.034,-0.003,-0.097,-0.13,-7.03,926,-325,-179,0,0,6958,0.0669,0.016,-0.002,-0.098,0.07,-7.09,926,-331,90,0,0,8432,0.0778,-0.01,-0.007,-0.093,-0.01,-7.15,922,-1040,-22,0,0,8638,0.0788,-0.028,-0.007,-0.093,-0.01,-7.15,922,-1042,-21,0,0
37.321,958.8,265.23,18.09,331.49,131.5,-0.34,0,0,0,0,1,3,4432,-218.6,0.2,-2.37,0.06,0.11,4546,730,6947,0.0721,0.044,-0.003,-0.097,-0.11,-7.05,916,-323,-151,0,0,6996,0.0723,0.045,-0.003,-0.097,0.11,-7.05,916,-313,155,0,0,8300,0.0741,-0.031,-0.007,-0.093,0.01,-7.15,912,-1029,16,0,0,8331,0.0743,-0.038,-0.007,-0.093,0.01,-7.15,912,-1025,15,0,0
37.441,963.2,269.51,18.28,332.37,131.9,0.08,0,0,1,0,1,3,4538,992.6,1.87,-2.38,0.07,0.05,4558,734,6533,0.071,-0.009,0.009,-0.091,-0.1,-7.06,929,1033,-109,0,0,6539,0.0708,-0.012,0.009,-0.091,0.11,-7.05,929,1034,174,0,0,9030,0.0754,0.011,0.024,-0.076,0.01,-7.15,943,3568,21,0,0,8911,0.0753,0.009,0.024,-0.076,0.01,-7.15,943,3544,21,0,0
37.561,967.6,273.85,18.47,333.27,133.7,0.42,0,0,1,0,1,3,4601,994.1,1.88,-2.56,0.08,0.04,4598,754,5702,0.0669,-0.035,0.01,-0.09,-0.09,-7.07,943,969,-108,0,0,5728,0.0663,-0.037,0.01,-0.09,0.11,-7.05,943,1060,131,0,0,9265,0.0801,0.039,0.023,-0.077,0.01,-7.15,956,3547,22,0,0,9289,0.0795,0.035,0.023,-0.077,0.01,-7.15,956,3559,19,0,0
37.681,972.1,278.24,18.67,334.19,135.4,0.42,0,0,1,0,1,3,4660,995.5,1.9,-2.62,0.07,0.04,4685,774,6381,0.0644,-0.021,0.01,-0.09,-0.09,-7.08,955,1113,-113,0,0,6443,0.0643,-0.017,0.01,-0.09,0.11,-7.06,955,1115,140,0,0,9254,0.0814,0.011,0.023,-0.077,0.01,-7.15,968,3568,25,0,0,9295,0.0813,0.015,0.023,-0.077,0.01,-7.15,968,3581,16,0,0
37.801,976.6,282.69,18.86,335.11,137.2,0.42,0,0,1,0,1,3,4724,996.9,1.91,-2.6,0.06,-0.03,4804,794,6013,0.0645,0.001,0.01,-0.09,-0.09,-7.07,968,1079,-110,0,0,6578,0.0641,-0.002,0.009,-0.091,0.1,-7.06,967,1116,138,0,0,8753,0.081,-0.003,0.025,-0.075,0,-7.16,982,3541,8,0,0,8835,0.0813,0,0.024,-0.076,0,-7.16,982,3560,8,0,0
37.921,981.2,287.2,19.06,336.04,139,0.42,-0.03,-0.18,1,0,1,3,4784,998,1.93,-2.6,0.04,-1.91,4918,815,5993,0.0646,0,0.013,-0.087,-4.26,-2.9,980,1041,-3655,0,0,6182,0.0649,0.007,0.011,-0.089,-3.15,-4.01,980,981,-2825,0,0,9444,0.0811,0.001,0.024,-0.076,-0.01,-7.15,993,3765,-9,0,0,9645,0.0815,0.002,0.023,-0.077,-0.01,-7.15,993,3705,-9,0,0
38.041,985.9,291.74,19.26,337.06,140.4,0.36,-0.69,0,0,0,1,3,4805,562.6,1.35,-2.57,-0.39,-20.6,5036,832,5923,0.0579,-0.056,0.007,-0.093,-0.37,-6.79,979,824,-305,0,0,6903,0.0731,0.068,0.005,-0.095,-0.17,-6.99,992,657,-74,0,0,8076,0.0733,-0.065,0.022,-0.078,-1.82,-5.34,993,2971,-2713,0,0,10013,0.09,0.071,0.011,-0.089,-1.79,-5.37,998,1827,-3253,0,0
38.161,990.6,296.27,19.45,338.15,139.3,-0.24,-0.58,0,0,0,1,3,4688,-229.5,0.2,-2.38,-0.41,-7.32,5044,819,6449,0.061,0.026,-0.003,-0.097,-1.33,-5.83,966,-332,-1695,0,0,6967,0.0778,0.039,-0.003,-0.097,-1.12,-6.05,972,-306,-1526,0,0,7452,0.0695,-0.032,-0.007,-0.093,-1.79,-5.37,962,-877,-2609,0,0,9263,0.0873,-0.023,-0.008,-0.092,-1.78,-5.38,966,-1252,-3142,0,0
38.281,995.2,300.73,19.65,339.31,137.8,-0.33,-0.54,0,1,0,1,3,4675,202,0.77,-2.22,-0.39,-2.56,5005,802,6623,0.0659,0.041,0.001,-0.099,-1.1,-6.06,962,29,-1472,0,0,6975,0.0818,0.034,0,-0.1,-0.88,-6.28,963,-109,-1223,0,0,7252,0.0671,-0.02,0.004,-0.096,-1.2,-5.96,966,381,-1748,0,0,8559,0.0828,-0.037,0.003,-0.097,-1.2,-5.96,967,262,-2021,0,0
38.401,999.8,305.18,19.83,340.53,139.2,0.32,-0.35,0,1,0,1,3,4788,998.1,1.93,-2.31,-0.26,-0.27,5026,817,6447,0.0641,-0.015,0.008,-0.092,-0.71,-6.45,980,984,-935,0,0,6434,0.0755,-0.052,0.009,-0.091,-0.5,-6.66,981,1052,-673,0,0,9189,0.0729,0.048,0.024,-0.076,-0.64,-6.52,995,3525,-1156,0,0,9628,0.0836,0.007,0.023,-0.077,-0.64,-6.52,995,3649,-1213,0,0
38.521,1004.5,309.67,20.02,341.79,141,0.42,-0.18,0,1,0,1,3,4852,999.3,1.94,-2.41,-0.11,0.47,5089,839,6119,0.063,-0.009,0.01,-0.09,-0.39,-6.77,994,1073,-499,0,0,5718,0.0687,-0.057,0.01,-0.09,-0.2,-6.97,995,1042,-237,0,0,8914,0.0787,0.048,0.024,-0.076,-0.27,-6.89,1008,3473,-478,0,0,9413,0.0853,0.014,0.023,-0.077,-0.27,-6.89,1008,3622,-500,0,0
38.641,1009.2,314.22,20.21,343.09,142.7,0.42,-0.07,0,1,0,1,3,4914,1000.3,1.96,-2.42,-0.02,0.42,5196,860,10863,0.0636,0.005,0.012,-0.088,-0.21,-6.95,1006,2047,-294,0,0,6496,0.0661,-0.021,0.01,-0.09,-0.02,-7.15,1006,1132,-23,0,0,9244,0.0817,0.026,0.023,-0.077,-0.09,-7.07,1020,3570,-158,0,0,9269,0.0841,-0.01,0.023,-0.077,-0.09,-7.07,1020,3601,-127,0,0
38.761,1014,318.82,20.4,344.41,144.5,0.42,-0.02,0.08,1,0,1,3,4973,1001.3,1.97,-2.35,0.03,0.22,5319,882,5708,0.063,-0.004,0.01,-0.09,-0.12,-7.04,1020,1049,-142,0,0,6256,0.0639,-0.018,0.009,-0.091,0.07,-7.1,1019,988,90,0,0,8840,0.0823,0.005,0.024,-0.076,-0.02,-7.15,1033,3432,-18,0,0,9074,0.0829,-0.011,0.023,-0.077,-0.01,-7.15,1033,3511,-27,0,0
38.881,1018.8,323.49,20.58,345.7,146.1,0.38,0.53,0,0,0,1,3,4999,562.3,1.38,-2.25,0.4,19.34,5440,901,6830,0.0696,0.054,0.005,-0.095,-0.18,-6.98,1032,663,-350,0,0,5396,0.0575,-0.054,0.008,-0.092,0.01,-7.15,1020,822,-61,0,0,10293,0.089,0.056,0.01,-0.09,1.28,-5.88,1037,1859,2371,0,0,8514,0.0756,-0.061,0.02,-0.08,1.3,-5.86,1033,3001,2023,0,0
39.001,1023.7,328.19,20.75,346.93,145,-0.24,0.44,0,0,0,1,3,4882,-237.8,0.2,-2.02,0.43,7.26,5456,888,7686,0.0756,0.05,-0.003,-0.097,0.91,-6.25,1012,-357,1358,0,0,6600,0.0618,0.036,-0.003,-0.097,1.12,-6.04,1007,-321,1462,0,0,9160,0.0855,-0.029,-0.009,-0.091,1.55,-5.62,1006,-1282,2708,0,0,7796,0.0716,-0.033,-0.007,-0.093,1.55,-5.61,1002,-935,2366,0,0
39.121,1028.5,332.85,20.91,348.08,143.6,-0.34,0.48,0,0,0,1,3,4833,-235.7,0.2,-1.82,0.44,2.53,5410,870,7253,0.0791,0.029,-0.003,-0.097,0.8,-6.36,1000,-340,1158,0,0,6446,0.0659,0.034,-0.003,-0.097,1.02,-6.14,998,-365,1327,0,0,8788,0.0827,-0.023,-0.008,-0.092,1.1,-6.06,995,-1163,1900,0,0,7531,0.0673,-0.036,-0.008,-0.092,1.11,-6.06,993,-996,1660,0,0
39.241,1033.3,337.47,21.07,349.18,142.1,-0.34,0.18,-0.19,0,0,1,3,4780,-233.3,0.2,-1.74,0.23,-7.49,5314,852,6117,0.0786,-0.004,-0.003,-0.097,-3.77,-3.39,984,-260,-4225,0,0,7137,0.0702,0.036,-0.004,-0.096,-2.56,-4.61,990,-374,-3506,0,0,8484,0.0797,-0.025,-0.006,-0.094,0.51,-6.65,983,-957,917,0,0,8782,0.0699,0.022,-0.009,-0.091,0.51,-6.66,986,-1412,907,0,0
39.361,1038,342.03,21.23,350.31,140.5,-0.37,-0.51,0,0,0,1,3,4731,-231.3,0.2,-1.68,-0.32,-18.8,5215,833,6715,0.0697,-0.074,-0.003,-0.097,-0.47,-6.69,971,-344,-496,0,0,7212,0.0806,0.087,-0.003,-0.097,-0.24,-6.92,985,-330,-201,0,0,7388,0.0698,-0.082,-0.006,-0.094,-1.77,-5.39,968,-678,-2469,0,0,9516,0.0809,0.091,-0.01,-0.09,-1.74,-5.42,978,-1444,-3040,0,0
39.481,1042.6,346.55,21.38,351.5,140.3,-0.03,-0.56,0,1,0,1,3,4835,999,1.94,-1.71,-0.48,-6.98,5170,831,5616,0.0652,-0.038,0.012,-0.088,-1.31,-5.85,988,1110,-1467,0,0,6978,0.0824,0.014,0.008,-0.092,-1.08,-6.08,990,1038,-1460,0,0,7969,0.0688,-0.008,0.029,-0.071,-1.73,-5.43,1006,3524,-2633,0,0,9484,0.0838,0.024,0.024,-0.076,-1.72,-5.44,1006,3429,-3068,0,0
39.601,1047.3,351.08,21.53,352.77,142.1,0.45,-0.51,0,1,0,1,3,4892,1000,1.95,-1.89,-0.43,-1.34,5195,852,5787,0.0605,-0.039,0.01,-0.09,-1.04,-6.12,1002,1047,-1223,0,0,6308,0.0756,-0.056,0.01,-0.09,-0.84,-6.32,1003,1031,-1046,0,0,8701,0.0737,0.04,0.025,-0.075,-1.06,-6.1,1017,3431,-1798,0,0,9811,0.0896,0.048,0.023,-0.077,-1.06,-6.11,1016,3582,-1989,0,0
39.721,1052.1,355.66,21.68,354.11,143.9,0.44,-0.3,0,1,0,1,3,4953,1001,1.96,-1.97,-0.3,0.31,5279,875,6067,0.0614,0.008,0.01,-0.09,-0.61,-6.55,1015,1066,-762,0,0,6435,0.0714,-0.035,0.009,-0.091,-0.41,-6.75,1015,1079,-545,0,0,9078,0.0785,0.041,0.023,-0.077,-0.5,-6.66,1029,3474,-895,0,0,9643,0.0885,-0.01,0.023,-0.077,-0.5,-6.66,1029,3620,-941,0,0
39.841,1056.9,360.29,21.83,355.5,145.8,0.43,-0.14,0,0,0,1,3,5018,1001.9,1.98,-1.96,-0.14,0.57,5411,897,6404,0.0637,0.018,0.01,-0.09,-0.32,-6.84,1028,1082,-427,0,0,6382,0.0688,-0.022,0.01,-0.09,-0.12,-7.04,1028,1086,-168,0,0,8581,0.0808,0.019,0.024,-0.076,-0.19,-6.97,1043,3436,-328,0,0,9210,0.0868,-0.014,0.024,-0.076,-0.19,-6.97,1042,3625,-353,0,0
39.961,1061.8,364.94,21.98,356.9,145.3,-0.12,-0.05,0,0,0,1,3,4893,-238.2,0.2,-1.84,-0.06,0.3,5444,891,7044,0.0696,0.05,-0.003,-0.097,-0.18,-6.98,1011,-345,-257,0,0,7033,0.07,0.01,-0.003,-0.097,0.03,-7.13,1011,-343,40,0,0,8617,0.0807,-0.001,-0.007,-0.093,-0.05,-7.11,1007,-1104,-95,0,0,8773,0.0832,-0.03,-0.007,-0.093,-0.05,-7.11,1007,-1099,-95,0,0
40.081,1066.6,369.54,22.13,358.3,143.8,-0.34,-0.13,-0.18,0,0,1,3,4839,-235.9,0.2,-1.69,-0.12,-6.34,5419,873,6686,0.0738,0.035,-0.003,-0.097,-3.44,-3.72,997,-285,-4263,0,0,7398,0.0759,0.049,-0.003,-0.097,-2.44,-4.72,1002,-395,-3478,0,0,7663,0.0765,-0.035,-0.007,-0.093,-0.12,-7.04,995,-933,-142,0,0,8952,0.0792,-0.034,-0.008,-0.092,-0.12,-7.04,998,-1267,-175,0,0
40.201,1071.4,374.07,22.28,359.76,142.2,-0.37,-0.64,0,0,0,1,3,4788,-233.7,0.2,-1.66,-0.45,-17.12,5336,853,6916,0.0698,-0.033,-0.003,-0.097,-0.72,-6.44,983,-351,-874,0,0,7576,0.0851,0.076,-0.003,-0.097,-0.48,-6.68,996,-341,-593,0,0,7990,0.0695,-0.059,-0.006,-0.094,-1.88,-5.29,980,-768,-2845,0,0,9437,0.0849,0.048,-0.01,-0.09,-1.85,-5.31,989,-1432,-3228,0,0
40.321,1076.1,378.53,22.44,361.27,140.7,-0.32,-0.6,0,0,0,1,3,4736,-231.5,0.2,-1.71,-0.51,-6.53,5227,836,6494,0.0697,-0.001,-0.003,-0.097,-1.33,-5.83,977,-331,-1717,0,0,8001,0.0862,0.01,-0.004,-0.096,-1.09,-6.07,981,-391,-1678,0,0,7491,0.0687,-0.007,-0.007,-0.093,-1.72,-5.45,973,-906,-2517,0,0,9155,0.0861,0.009,-0.008,-0.092,-1.71,-5.45,976,-1237,-2979,0,0
40.441,1080.8,382.92,22.6,362.85,140.4,-0.06,-0.67,-0.19,0.85,0,1,3,4814,812,1.67,-1.83,-0.54,-9.82,5177,832,5768,0.068,-0.014,0.023,-0.077,-9.47,2.31,986,926,-6093,0,0,5561,0.0851,-0.009,0.013,-0.087,-7.2,0.04,988,612,-5427,0,0,8219,0.0706,0.016,0.022,-0.078,-1.21,-5.95,999,2963,-1891,0,0,10222,0.089,0.025,0.016,-0.084,-1.2,-5.96,1000,2656,-2300,0,0
40.561,1085.4,387.27,22.76,364.57,140,-0.03,-1.1,0,0,0,1,3,4712,-230.5,0.2,-1.99,-0.83,-23.99,5120,827,5996,0.0595,-0.072,-0.003,-0.097,-1.15,-6.01,965,-326,-1248,0,0,7992,0.0897,0.038,-0.002,-0.098,-0.9,-6.26,984,-333,-1244,0,0,8071,0.0669,-0.031,-0.005,-0.095,-2.86,-4.3,963,-636,-4223,0,0,10250,0.0969,0.066,-0.01,-0.09,-2.81,-4.35,975,-1537,-5102,0,0
40.681,1090.1,391.53,22.93,366.4,138.3,-0.35,-1.13,-0.28,0,0,1,3,4618,-226.5,0.2,-2.01,-0.84,-21.45,5041,807,5949,0.0632,0.032,0,-0.1,-11.85,4.69,937,8,-6595,0,0,8863,0.0933,0.031,-0.003,-0.097,-9.35,2.19,957,-200,-9124,0,0,7032,0.0642,-0.022,-0.006,-0.094,-2.86,-4.3,952,-566,-3753,0,0,10569,0.0949,-0.017,-0.01,-0.09,-2.81,-4.35,963,-1493,-5286,0,0
40.801,1094.6,395.62,23.11,368.39,135.5,-0.51,-1.75,-0.49,0,0.16,1,3,4388,-216.7,0.2,-2.03,-1.22,-40.25,4916,775,5746,0.0588,-0.037,0,-0.1,-24.54,17.38,846,14,-6284,0,0,9730,0.1041,0.089,-0.007,-0.093,-19.33,12.17,899,-208,-10214,0,0,5974,0.0547,-0.08,-0.004,-0.096,-4.6,-2.57,926,-298,-4682,0,0,11244,0.1011,0.052,-0.013,-0.087,-4.45,-2.71,947,-1627,-7978,0,0
40.921,1099.1,399.48,23.29,370.53,130.6,-0.96,-1.77,0,0,0,1,3,4372,-216.1,0.2,-2.02,-1.2,-37.62,4675,721,7021,0.0625,0.031,-0.004,-0.096,-3.59,-3.57,891,-321,-4474,0,0,9798,0.1132,0.076,-0.004,-0.096,-3.22,-3.94,919,-365,-5436,0,0,6084,0.048,-0.055,-0.006,-0.094,-6.53,-0.63,889,-329,-5867,0,0,14634,0.0987,-0.02,-0.018,-0.082,-6.33,-0.83,907,-1620,-10466,0,0
41.041,1103.3,403.12,23.49,372.81,126.5,-0.76,-1.82,-0.3,0,0.5,1,3,3709,-185.9,0.2,-2.27,-1.08,-27.17,4392,676,6767,0.0632,0.006,-0.122,0.022,-18.4,11.24,725,-2933,-6868,877,1,10328,0.1143,0.009,-0.118,0.018,-15.02,7.85,750,-4921,-9754,2922,0,5784,0.0499,0.016,-0.092,-0.008,-6.45,-0.71,779,-4455,-4509,1574,0,10629,0.1005,0.015,-0.096,-0.004,-6.3,-0.86,791,-7725,-7645,1574,0
41.161,1107.4,406.43,23.7,375.17,119.9,-1.31,-1.97,-0.55,0,0,1,3,3749,-189.3,0.2,-2.43,-1,-30.65,4026,609,6312,0.0694,0.052,-0.044,-0.056,-29.84,22.67,685,-737,-6731,0,0,11441,0.122,0.064,-0.017,-0.083,-23.92,16.76,763,-663,-11555,0,0,6131,0.0449,-0.042,-0.009,-0.091,-6.66,-0.5,816,-558,-5973,0,0,10378,0.0971,-0.028,-0.018,-0.082,-6.48,-0.68,830,-1689,-9369,0,0
41.281,1111.3,409.46,23.93,377.66,115.8,-0.7,-2.18,-0.57,0,0.17,1,3,3666,-185.9,0.2,-3.23,-0.83,-34.46,3679,567,7059,0.0672,-0.019,-0.009,-0.091,-29.95,22.79,683,-134,-7485,0,0,12304,0.1221,0.001,-0.009,-0.091,-23.9,16.74,744,-245,-12032,0,0,7053,0.0493,0.036,-0.005,-0.095,-6.6,-0.56,790,-316,-6769,0,0,12945,0.1028,0.047,-0.017,-0.083,-6.39,-0.77,806,-1508,-10569,0,0
41.401,1115.1,412.16,24.21,380.25,110.1,-1.12,-2.14,-0.59,0,0,1,3,3400,-173.6,0.2,-4.14,-0.48,-30.68,3316,512,7376,0.073,0.049,-0.062,-0.038,-30.54,23.38,611,-1004,-7721,301,0,11303,0.1256,0.029,-0.037,-0.063,-24.31,17.15,684,-1094,-11391,301,0,7629,0.055,0.047,-0.014,-0.086,-6.07,-1.09,745,-966,-6989,162,0,11910,0.1081,0.044,-0.021,-0.079,-5.89,-1.27,762,-2323,-10048,162,0
41.521,1118.7,414.53,24.54,382.9,104.3,-1.14,-2.11,-0.61,0,0.27,0.75,3,3024,-153.7,0.2,-5.13,-0.22,-32.83,2974,459,6706,0.076,0.025,-0.128,0.028,-30.98,23.82,535,-1756,-6938,685,1,11521,0.1222,-0.028,-0.116,0.016,-24.51,17.35,588,-3417,-11149,2285,0,8090,0.057,0.017,-0.061,-0.039,-5.75,-1.41,671,-4292,-6618,1230,0,11791,0.109,0.008,-0.066,-0.034,-5.56,-1.6,691,-6612,-8810,1230,0
41.641,1122,416.55,24.91,385.55,98.2,-1.21,-2.1,-0.63,0,0.12,0.1,2,3028,-154,0.2,-6.3,-0.03,-38.91,2630,408,5536,0.0833,0.061,-0.082,-0.018,-31.23,24.07,525,-784,-5933,686,0,10301,0.1222,0,-0.063,-0.037,-24.51,17.35,596,-1442,-10483,686,0,7609,0.0522,-0.04,-0.014,-0.086,-5.67,-1.5,662,-1030,-6693,369,0,11764,0.1073,-0.015,-0.018,-0.082,-5.45,-1.72,685,-1579,-9533,369,0
41.761,1125.2,418.21,25.32,388.17,90.4,-1.65,-1.98,-0.66,0,0,1,2,3705,-187.6,0.2,-7.31,-0.11,-42.2,2283,346,9321,0.0982,0.125,-0.085,-0.015,-32.21,25.05,476,-1621,-9417,541,0,10186,0.1175,-0.039,-0.079,-0.021,-25.23,18.07,539,-2071,-10266,541,0,3550,0.0484,-0.031,-0.041,-0.059,-5.98,-1.18,590,-1267,-3307,291,0,11860,0.1081,0.007,-0.035,-0.065,-5.7,-1.47,623,-3732,-9594,291,0
41.881,1128.1,419.54,25.75,390.71,84.3,-1.26,-1.91,-0.68,0,0.26,1,2,3415,-171.9,0.2,-8.08,-0.51,-36.54,2010,301,6914,0.0904,-0.066,-0.103,0.003,-33.08,25.92,423,-1530,-7160,1517,0,6475,0.1075,-0.083,-0.115,0.015,-25.91,18.75,469,-1946,-6734,1517,0,6656,0.0504,0.016,0.005,-0.095,-5.26,-1.91,556,-558,-5756,817,0,12275,0.105,-0.026,-0.024,-0.076,-5.08,-2.09,565,-4351,-9136,817,0
42.001,1130.8,420.59,26.18,393.17,78.8,-1.14,-1.62,-0.7,0.35,0.37,1,2,3189,159.2,0.56,-8.34,-0.83,-34.27,1756,263,8075,0.0764,-0.117,-0.101,0.001,-33.42,26.26,394,-1687,-8237,1575,0,6693,0.0935,-0.117,-0.119,0.019,-26.14,18.98,435,-2003,-6936,1575,0,7015,0.0417,-0.072,-0.002,-0.098,-4.69,-2.48,515,-1463,-5582,848,0,7950,0.0933,-0.098,-0.036,-0.064,-4.56,-2.6,521,-4118,-5817,848,0
42.121,1133.3,421.39,26.56,395.52,74.1,-1.02,-1.3,-0.72,0.65,0,1,2,3333,339.9,0.96,-7.77,-1.08,-29.66,1547,233,3764,0.0599,-0.137,0.093,-0.007,-34.03,26.87,459,636,-4097,0,0,5211,0.0737,-0.165,0.053,-0.047,-26.56,19.4,497,623,-5678,0,0,6944,0.0264,-0.128,0.032,-0.068,-4.1,-3.06,521,3118,-4944,0,0,7941,0.0823,-0.092,0.006,-0.094,-4.01,-3.15,530,1099,-5644,0,0
42.241,1135.7,422,26.9,397.86,73.1,-0.15,-1.21,-0.73,0.1,0,1,2,3304,99.3,0.49,-6.89,-1.28,-32.93,1456,226,1219,0.0347,-0.21,0.137,0.037,-33.88,26.72,469,358,-1344,0,0,10412,0.0569,-0.141,0.065,-0.035,-26.35,19.19,494,1761,-10487,0,0,5737,0.0247,-0.015,0.021,-0.079,-4.24,-2.92,506,2219,-4233,0,0,6402,0.0712,-0.093,-0.007,-0.093,-4.1,-3.07,516,227,-4677,0,0
42.361,1138.1,422.44,27.17,400.18,70.9,-0.42,-1.17,-0.73,0.7,0,0.27,2,3194,347.2,0.97,-5.43,-1.34,-34.18,1371,212,4249,0.026,-0.073,0.095,-0.005,-33.96,26.8,437,800,-4583,0,0,6943,0.0555,-0.011,0.033,-0.067,-26.48,19.32,468,624,-7408,0,0,3872,0.017,-0.064,0.054,-0.046,-4.45,-2.71,507,2189,-2880,0,0,5787,0.0599,-0.094,0.013,-0.087,-4.26,-2.9,513,835,-4313,0,0
42.481,1140.4,422.73,27.37,402.49,70.4,-0.06,-0.86,0,1,0,0.39,1,5851,991.4,2.17,-3.87,-1.07,-20.94,1345,209,9257,0.0259,-0.001,0.029,-0.071,-1.19,-5.97,492,3144,-1809,0,0,6088,0.055,-0.005,0.015,-0.085,-1.03,-6.13,505,1383,-1031,0,0,5143,0.0184,0.011,0.096,-0.004,-4.32,-2.84,530,4132,-3373,0,0,6326,0.0526,-0.061,0.064,-0.036,-4.19,-2.97,531,3677,-4426,0,0
42.601,1142.8,422.94,27.51,404.88,74.2,0.95,-0.61,-0.3,0,0,0.99,1,5839,138.1,0.86,-2.43,-0.67,-21.65,1449,232,1590,0.0161,-0.082,0.147,0.047,-12.28,5.12,576,1086,-1559,0,0,1857,0.0376,-0.145,0.102,0.002,-9.75,2.59,576,1084,-1868,0,0,6716,0.0332,0.123,0.167,0.067,-3.95,-3.21,603,7335,-2169,0,0,7993,0.0547,0.017,0.128,0.028,-3.83,-3.34,601,8336,-2935,0,0
42.721,1145.3,423.03,27.56,407.34,74,0.04,-0.98,-0.69,0.65,0,1,1,5057,368.2,1.14,-0.24,-0.92,-21.91,1480,231,3742,0.0101,-0.05,0.105,0.005,-29.04,21.87,497,832,-4096,0,0,6388,0.037,-0.005,0.035,-0.065,-22.76,15.6,506,513,-6964,0,0,4470,0.0251,-0.067,0.041,-0.059,-3.16,-4,554,774,-2740,0,0,13068,0.0569,0.019,0.008,-0.092,-3.06,-4.1,560,-2054,-6554,0,0
42.841,1147.8,422.99,27.53,409.8,73.8,0.03,-0.91,-0.72,0.02,0,1,1,4868,-234.7,0.2,2.15,-1.17,-31.14,1476,230,1997,0.0091,-0.008,0.148,0.048,-33.74,26.57,470,531,-2194,0,0,4250,0.0438,0.057,0.045,-0.055,-26.39,19.23,483,373,-4706,0,0,3247,0.0104,-0.122,0.045,-0.055,-4.16,-3,490,662,-2448,0,0,6502,0.0441,-0.107,0.006,-0.094,-3.97,-3.19,494,-1823,-4510,0,0
42.961,1150.2,422.81,27.41,412.21,72.3,-0.26,-1.15,-0.73,0.37,0,1,1,4846,153.8,0.67,4.12,-1.45,-37.52,1443,221,4368,0.0186,0.079,0.128,0.028,-33.85,26.69,449,1017,-4671,0,0,6591,0.0592,0.129,0.035,-0.065,-26.42,19.26,470,443,-7079,0,0,3140,0.0066,-0.032,0.05,-0.05,-5.05,-2.11,480,775,-2709,0,0,7540,0.0458,0.014,0.004,-0.096,-4.77,-2.39,484,-1974,-5912,0,0
43.081,1152.6,422.45,27.23,414.56,71.7,-0.01,-1.33,-0.73,0,0,1,1,4704,-227.7,0.2,5.31,-1.87,-43.14,1410,217,4748,0.0246,0.05,0.12,0.02,-33.97,26.81,439,1093,-5053,0,0,7111,0.0717,0.104,0.027,-0.073,-26.49,19.33,465,441,-7583,0,0,3343,0.0103,0.031,0.041,-0.059,-5.98,-1.18,470,530,-3185,0,0,7259,0.0527,0.058,-0.014,-0.086,-5.6,-1.57,475,-2774,-6154,0,0
43.201,1154.9,421.9,27.01,416.83,70.1,-0.23,-1.46,-0.74,0,0,1,1,4590,-222.8,0.2,6.18,-2.24,-41.43,1345,208,3904,0.0284,0.032,0.127,0.027,-34.43,27.27,431,841,-4211,0,0,6775,0.0807,0.075,0.033,-0.067,-26.87,19.7,455,392,-7254,0,0,4264,0.0147,0.037,0.055,-0.045,-6.03,-1.13,465,1046,-4017,0,0,8422,0.0606,0.066,0,-0.1,-5.65,-1.51,470,-2314,-7222,0,0
43.321,1157.2,421.17,26.76,419,68.9,-0.13,-1.5,0,1,0,1,1,4958,676.6,1.51,6.86,-2.53,-40,1311,201,1987,0.0324,0.034,0.028,-0.072,0.47,-6.69,485,587,-946,0,0,6096,0.0868,0.05,0.003,-0.097,0.65,-6.51,502,491,-1479,0,0,5307,0.0186,0.032,0.054,-0.046,-5.61,-1.55,517,2871,-4493,0,0,8794,0.0656,0.042,-0.003,-0.097,-5.27,-1.89,521,209,-7366,0,0
43.441,1159.6,420.28,26.48,421.23,75.2,1.53,-0.54,-0.07,0,0,1,1,5839,549.6,1.5,6.92,-1.83,-24.68,1486,239,3426,0.0292,-0.027,0.08,-0.02,-5.63,-1.54,541,2201,-2425,0,0,3403,0.0644,-0.187,0.074,-0.026,-4.7,-2.46,557,2218,-2164,0,0,9008,0.0486,0.25,0.2,0.1,-5.62,-1.54,562,8562,-4793,0,0,9467,0.0689,0.027,0.161,0.061,-5.43,-1.74,562,8242,-5719,0,0
43.561,1162.2,419.18,26.16,423.51,77.4,0.64,-1.38,-0.46,0.65,0,1,1,5450,403.3,1.25,7.3,-2.03,-24.68,1564,253,5679,0.0238,-0.045,0.06,-0.04,-19.26,12.1,530,1177,-6227,0,0,9141,0.0711,0.057,0.025,-0.075,-15.04,7.87,542,1036,-9725,0,0,4525,0.044,-0.038,0.06,-0.04,-3.58,-3.59,562,3026,-2835,0,0,7112,0.0751,0.052,0.029,-0.071,-3.45,-3.71,564,2393,-4461,0,0
43.681,1164.8,417.87,25.82,425.76,79.5,0.58,-1.38,-0.7,0.12,0,1,1,5192,-254.3,0.2,7.64,-2.35,-41.08,1651,267,2093,0.028,0.035,0.089,-0.011,-32.09,24.93,507,460,-2321,0,0,9375,0.0841,0.108,0.007,-0.093,-24.85,17.68,527,479,-9734,0,0,7645,0.0341,-0.083,-0.029,-0.071,-4.45,-2.71,558,601,-5750,0,0,10826,0.0753,0.002,-0.067,-0.033,-4.21,-2.95,565,-4393,-7236,0,0
43.801,1167.4,416.39,25.47,427.9,78.4,-0.13,-1.51,-0.71,0.32,0,1,1,5456,467.1,1.33,8.01,-2.44,-42.86,1658,260,1143,0.0289,0.008,0.183,0.083,-32.62,25.46,530,388,-1252,0,0,6658,0.0987,0.122,0.054,-0.046,-25.28,18.12,536,798,-7140,0,0,8235,0.0362,0.018,0.063,-0.037,-4.98,-2.19,563,4631,-6180,0,0,9811,0.0758,0.004,0.021,-0.079,-4.7,-2.46,573,1945,-7447,0,0
43.921,1170.1,414.74,25.12,429.89,77.7,-0.04,-1.66,-0.71,0.45,0,1,1,5228,174.7,0.8,7.96,-2.47,-43.83,1657,255,9067,0.0399,0.091,0.108,0.008,-32.68,25.51,479,1987,-9112,0,0,12626,0.1076,0.074,0.025,-0.075,-25.35,18.19,507,616,-11975,0,0,1563,0.0401,0.033,0.054,-0.046,-5.3,-1.87,520,440,-1412,0,0,6034,0.0797,0.033,-0.001,-0.099,-4.96,-2.2,523,-1686,-4936,0,0
44.041,1172.6,412.94,24.8,431.7,77.3,0.08,-1.74,-0.71,0.27,0,1,1,5306,176.5,0.83,7.39,-2.29,-50.58,1634,253,3928,0.0487,0.073,0.149,0.049,-32.56,25.4,504,1112,-4194,0,0,12855,0.1255,0.148,0.03,-0.07,-25.14,17.97,519,814,-11973,0,0,4687,0.0375,-0.022,0.064,-0.036,-5.96,-1.2,553,2484,-4060,0,0,6996,0.0776,-0.018,0.001,-0.099,-5.56,-1.6,562,-383,-6085,0,0
44.161,1175.2,410.95,24.51,433.33,77.8,0.3,-1.82,-0.71,0,0,1,1,5794,663.7,1.64,6.15,-2.03,-51.33,1614,256,10050,0.0506,0.016,0.249,0.149,-32.87,25.71,532,4568,-9214,0,0,10777,0.12,-0.046,0.093,-0.007,-25.52,18.36,542,2153,-10762,0,0,6955,0.0569,0.161,0.175,0.075,-6.35,-0.81,568,5871,-4880,0,0,12948,0.0977,0.168,0.098,-0.002,-5.89,-1.27,567,5929,-9442,0,0
44.281,1177.8,408.79,24.28,434.74,76.8,-0.03,-2,-0.71,0.4,0,1,1,5120,145.1,0.72,4.65,-1.84,-50.71,1556,249,5515,0.0578,0.06,0.084,-0.016,-32.87,25.71,480,954,-5872,0,0,9295,0.1241,0.034,0.008,-0.092,-25.48,18.31,513,309,-9653,0,0,3578,0.0556,-0.01,0.003,-0.097,-6.39,-0.77,551,979,-3463,0,0,12058,0.1016,0.032,-0.055,-0.045,-5.92,-1.24,557,-3341,-9928,0,0
44.401,1180.3,406.54,24.1,435.9,76.2,0.04,-1.87,0,1,0,1,1,5457,216.8,0.98,4.01,-1.6,-43.03,1566,245,5104,0.0486,-0.076,0.226,0.126,-33.07,25.91,535,2212,-5120,0,0,7530,0.1077,-0.136,0.092,-0.008,-25.67,18.51,544,1770,-7831,0,0,7214,0.0617,0.05,0.078,-0.022,-5.31,-1.85,575,5028,-5386,0,0,11554,0.1055,0.033,0.022,-0.078,-4.87,-2.3,579,3025,-8881,0,0
44.521,1183,404.12,23.94,436.9,81,1.21,-0.99,0,1,0,1,1,6090,977.7,2.23,3.72,-1,-23.57,1730,277,5916,0.0449,-0.031,0.027,-0.073,-1.71,-5.45,571,2713,-1838,0,0,6206,0.0833,-0.203,0.02,-0.08,-1.47,-5.69,585,2544,-1643,0,0,7474,0.0585,-0.026,0.171,0.071,-4.65,-2.51,651,7554,-3457,0,0,8755,0.0913,-0.119,0.133,0.033,-4.5,-2.66,649,8148,-4562,0,0
44.641,1185.8,401.47,23.76,437.85,87,1.46,-0.81,-0.08,1,0,1,1,6295,965.5,2.28,3.29,-0.51,-8.68,1913,320,4541,0.0427,-0.018,0.034,-0.066,-1.7,-5.46,624,2280,-1554,0,0,5940,0.0686,-0.123,0.025,-0.075,-1.52,-5.64,625,2370,-1799,0,0,9643,0.0667,0.068,0.068,-0.032,-2.67,-4.49,645,7680,-4271,0,0,10696,0.0874,-0.032,0.057,-0.043,-2.64,-4.52,645,7692,-4780,0,0
44.761,1188.8,398.6,23.59,438.73,92,1.24,-1.13,-0.41,1,0,0.4,1,6730,935.7,2.38,2.89,-0.67,-27.6,2117,358,4703,0.0412,-0.012,0.07,-0.03,-14.59,7.43,655,1520,-5139,0,0,8204,0.0735,0.041,0.029,-0.071,-11.15,3.99,659,1401,-8653,0,0,7383,0.0666,-0.001,0.057,-0.043,-2.31,-4.85,668,5392,-2974,0,0,10235,0.0939,0.054,0.029,-0.071,-2.23,-4.93,671,4256,-4047,0,0
44.881,1191.9,395.61,23.43,439.43,92.4,0.18,-1.56,-0.65,0.79,0,0.88,2,6548,947,2.34,2.77,-1.23,-47.18,2210,360,5463,0.0457,0.037,0.157,0.057,-29.51,22.35,634,1731,-5703,0,0,9500,0.0915,0.15,0.071,-0.029,-22.78,15.61,655,1729,-9781,0,0,6413,0.055,-0.096,0.116,0.016,-4.07,-3.09,703,5733,-3539,0,0,11188,0.0977,0.032,0.057,-0.043,-3.85,-3.31,702,5882,-6684,0,0
45.001,1195,392.51,23.29,439.91,95.6,0.92,-1.5,0,1,0,1,2,4604,994.1,1.88,2.32,-1.53,-47.14,2384,386,5329,0.0461,0.003,0.021,-0.079,-1.45,-5.71,662,1821,-1243,0,0,8382,0.0956,0.034,0.011,-0.089,-1.17,-6,691,1478,-1418,0,0,7998,0.0552,0.001,0.093,-0.007,-6.65,-0.52,709,5466,-6396,0,0,11226,0.1019,0.035,0.043,-0.057,-6.31,-0.86,713,3988,-9550,0,0
45.121,1198.3,389.28,23.17,440.21,98.6,0.86,-1.38,-0.11,1,0,1,2,4721,996.8,1.91,1.74,-1.39,-19.58,2512,410,5825,0.048,0.016,0.034,-0.066,-8.14,0.98,697,1632,-5516,0,0,8380,0.0909,-0.039,0.016,-0.084,-6.74,-0.42,702,1581,-7113,0,0,8270,0.0625,0.061,0.063,-0.037,-4.86,-2.3,723,4923,-6129,0,0,11453,0.1031,0.01,0.041,-0.059,-4.76,-2.4,724,4696,-8435,0,0
45.241,1201.6,385.93,23.08,440.28,102.2,0.98,-1.48,0,1,0,1,2,5059,1002.4,1.99,1.13,-1.48,-21.5,2674,441,5607,0.0472,-0.007,0.032,-0.068,-1.83,-5.33,729,2541,-1940,0,0,7782,0.0916,0.006,0.021,-0.079,-1.59,-5.57,737,2487,-2276,0,0,8673,0.063,0.005,0.097,-0.003,-3.99,-3.18,775,7198,-4890,0,0,11661,0.1073,0.035,0.071,-0.029,-3.9,-3.26,773,7778,-6808,0,0
45.361,1205.1,382.42,23.02,440.19,107.3,1.26,-0.93,0,1,0,1,2,5266,1004.6,2.04,0.43,-1.06,-6.52,2886,486,5455,0.051,0.032,0.03,-0.07,-1.79,-5.37,770,2463,-1939,0,0,8253,0.0816,-0.083,0.023,-0.077,-1.57,-5.59,768,2980,-2519,0,0,9911,0.075,0.1,0.069,-0.031,-2.35,-4.81,798,7665,-3942,0,0,11696,0.1061,-0.01,0.06,-0.04,-2.34,-4.82,797,8212,-4607,0,0
45.481,1208.8,378.75,22.99,439.99,112.4,1.21,-0.6,0,1,0,1,2,5479,1005.7,2.09,-0.23,-0.64,-1.13,3136,533,6573,0.0582,0.06,0.023,-0.077,-1.01,-6.15,803,2474,-1353,0,0,6373,0.0769,-0.039,0.023,-0.077,-0.8,-6.36,804,2447,-1059,0,0,2276,0.0821,0.059,0.069,-0.031,-0.34,-6.82,843,1927,-420,0,0,11530,0.104,-0.017,0.053,-0.047,-1.02,-6.14,828,7962,-2146,0,0
45.601,1212.7,374.91,23,439.71,117.4,1.19,-0.27,0,1,0,1,2,5703,997.8,2.14,-0.89,-0.33,0.3,3417,582,6883,0.065,0.056,0.021,-0.079,-0.49,-6.67,838,2436,-694,0,0,6759,0.0738,-0.026,0.023,-0.077,-0.28,-6.88,839,2549,-401,0,0,11046,0.0924,0.086,0.05,-0.05,-0.37,-6.79,862,7528,-774,0,0,11362,0.1016,-0.02,0.05,-0.05,-0.37,-6.79,862,7697,-793,0,0
45.721,1216.7,370.91,23.06,439.37,121.9,1.07,-0.67,0,1,0,1,2,5988,983.8,2.21,-1.53,-0.54,-27.04,3686,627,5805,0.0656,0.005,0.077,-0.023,-12.78,5.61,885,2139,-6162,0,0,8858,0.0795,0.047,0.04,-0.06,-9.63,2.46,885,2203,-9061,0,0,9718,0.0905,-0.016,0.07,-0.03,-1.14,-6.02,902,8025,-1726,0,0,11939,0.106,0.037,0.047,-0.053,-1.12,-6.04,902,7643,-2068,0,0
45.841,1220.8,366.79,23.17,438.9,126.6,1.14,-0.6,0,1,0,1,2,6166,973.8,2.25,-2.21,-0.66,-13.04,3977,677,6193,0.0648,-0.006,0.025,-0.075,-1.15,-6.01,902,2495,-1348,0,0,7412,0.0842,0.04,0.02,-0.08,-0.92,-6.24,907,2398,-1254,0,0,10460,0.0903,-0.001,0.063,-0.037,-2.15,-5.01,936,7680,-3790,0,0,11396,0.1097,0.031,0.052,-0.048,-2.12,-5.04,937,7299,-4158,0,0
45.961,1225.1,362.53,23.33,438.28,130.8,1.05,-1.16,0,1,0,1,2,6408,958.2,2.31,-2.9,-0.94,-28.9,4254,722,5759,0.0628,-0.017,0.041,-0.059,-0.33,-6.83,939,3218,-3326,0,0,9523,0.0914,0.06,0.02,-0.08,-0.09,-7.07,941,2981,-4104,0,0,9764,0.0888,-0.013,0.075,-0.025,-2.53,-4.63,971,7778,-3881,0,0,14273,0.1171,0.062,0.051,-0.049,-2.47,-4.69,972,7337,-4850,0,0
46.081,1229.6,358.15,23.56,437.5,135.2,1.09,-0.82,0,1,0,0.95,2,6568,946.8,2.35,-3.76,-0.81,-10.58,4527,772,8252,0.0684,0.046,0.022,-0.078,-1.72,-5.44,961,2841,-2679,0,0,8611,0.0956,0.035,0.017,-0.083,-1.46,-5.7,965,2382,-2386,0,0,10912,0.0929,0.034,0.059,-0.041,-2.47,-4.69,996,7731,-4449,0,0,12459,0.1201,0.025,0.051,-0.049,-2.44,-4.72,996,7610,-4922,0,0
46.201,1234.1,353.69,23.87,436.58,137.1,0.48,-0.77,0,1,0,0.15,2,6746,935.9,2.38,-4.58,-0.7,-2.59,4702,794,8784,0.0789,0.087,0.002,-0.098,-1.29,-5.87,959,283,-2236,0,0,8007,0.0963,0.005,0.002,-0.098,-1.03,-6.13,961,293,-1656,0,0,10776,0.0984,0.046,0.007,-0.093,-1.39,-5.78,963,1280,-2873,0,0,12709,0.121,0.008,0.005,-0.095,-1.38,-5.78,964,1138,-3139,0,0
46.321,1238.7,349.24,24.24,435.58,138,0.22,-0.43,0,1,0,1,3,5871,988.4,2.19,-5.07,-0.61,-0.05,4879,804,6908,0.0816,0.023,0.015,-0.085,-0.75,-6.41,979,1710,-1041,0,0,7490,0.0941,-0.019,0.014,-0.086,-0.49,-6.68,978,1754,-734,0,0,10266,0.0965,-0.016,0.035,-0.065,-0.64,-6.52,998,5395,-1263,0,0,11248,0.1108,-0.086,0.034,-0.066,-0.64,-6.52,998,5702,-1366,0,0
46.441,1243.4,344.72,24.67,434.52,140.8,0.65,-0.18,0,1,0,1,3,4944,1000.8,1.96,-5.62,-0.52,0.47,5038,836,7015,0.0778,-0.031,0.014,-0.086,-0.41,-6.75,998,1720,-587,0,0,1840,0.0826,-0.096,0.015,-0.085,-0.34,-6.82,1001,495,-84,0,0,10539,0.0976,0.009,0.034,-0.066,-0.27,-6.89,1018,5473,-541,0,0,11541,0.1047,-0.051,0.034,-0.066,-0.27,-6.89,1017,5881,-586,0,0
46.561,1248.1,340.13,25.13,433.43,143.5,0.64,-0.07,0,1,0,1,3,5048,1002.3,1.99,-6.01,-0.49,0.5,5184,869,6785,0.0728,-0.042,0.015,-0.085,-0.23,-6.93,1018,1719,-304,0,0,6351,0.0749,-0.064,0.016,-0.084,-0.01,-7.15,1018,1739,-23,0,0,10570,0.0962,-0.012,0.037,-0.063,-0.09,-7.07,1039,5967,-251,0,0,10261,0.0991,-0.047,0.038,-0.062,-0.09,-7.07,1040,5784,-177,0,0
46.681,1252.9,335.46,25.63,432.32,144.5,0.25,-0.01,0,0,0,1,3,4873,-237.4,0.2,-6.17,-0.49,0.27,5293,882,6967,0.0718,-0.008,-0.002,-0.098,-0.16,-7,1007,-309,-224,0,0,7003,0.072,-0.024,-0.003,-0.097,0.06,-7.11,1007,-336,77,0,0,9352,0.0931,-0.026,-0.007,-0.093,-0.03,-7.13,1003,-1117,-61,0,0,9517,0.0946,-0.038,-0.007,-0.093,-0.03,-7.13,1003,-1113,-59,0,0
46.801,1257.7,330.84,26.13,431.22,142.5,-0.48,0.01,0,0,0,1,3,4802,-234.3,0.2,-6.03,-0.52,0.12,5294,857,7335,0.076,0.035,-0.003,-0.097,-0.15,-7.01,993,-346,-213,0,0,6869,0.0769,0.041,-0.003,-0.097,0.08,-7.08,992,-331,113,0,0,8372,0.0844,-0.072,-0.007,-0.093,-0.02,-7.14,988,-1079,-40,0,0,8551,0.0846,-0.083,-0.007,-0.093,-0.02,-7.14,988,-1085,-34,0,0
46.921,1262.4,326.29,26.63,430.14,140.5,-0.48,0.01,0,0,0,1,3,4735,-231.5,0.2,-5.98,-0.52,0.08,5203,833,6935,0.0776,0.013,-0.003,-0.097,-0.15,-7.02,979,-326,-205,0,0,6967,0.0779,0.009,-0.003,-0.097,0.09,-7.07,979,-327,123,0,0,8651,0.0792,-0.043,-0.007,-0.093,-0.02,-7.14,974,-1069,-41,0,0,8676,0.0795,-0.042,-0.007,-0.093,-0.02,-7.14,974,-1068,-41,0,0
47.041,1267.1,321.8,27.13,429.07,138.5,-0.47,0.01,0,0,0,1,3,4668,-228.6,0.2,-5.95,-0.52,0.05,5071,809,6691,0.0758,-0.015,-0.003,-0.097,-0.15,-7.02,965,-324,-203,0,0,6849,0.0764,-0.013,-0.003,-0.097,0.08,-7.08,965,-323,115,0,0,8395,0.0763,-0.024,-0.007,-0.093,-0.03,-7.13,960,-1052,-47,0,0,8410,0.0767,-0.024,-0.007,-0.093,-0.03,-7.13,960,-1051,-48,0,0
47.161,1271.6,317.38,27.62,427.99,136.3,-0.51,-0.53,-0.35,0,0,1,3,4555,-223.9,0.2,-5.91,-0.71,-24.72,4918,784,5220,0.0682,-0.063,0.002,-0.098,-12.72,5.55,921,55,-5872,0,0,7871,0.0796,0.027,-0.003,-0.097,-9.63,2.47,944,-187,-8264,0,0,7012,0.0692,-0.059,-0.004,-0.096,-0.99,-6.17,939,-500,-1241,0,0,9565,0.0797,0.025,-0.009,-0.091,-0.97,-6.19,952,-1521,-1605,0,0
47.281,1276.1,313.07,28.1,426.81,134,-0.49,-0.82,0,0,0,1,3,4509,-221.8,0.2,-5.79,-0.7,-20.68,4774,758,5479,0.0599,-0.069,-0.003,-0.097,-1.51,-5.65,925,-297,-1565,0,0,7445,0.0842,0.039,-0.002,-0.098,-1.27,-5.89,941,-312,-1726,0,0,6872,0.0604,-0.074,-0.007,-0.093,-3.05,-4.11,921,-699,-3867,0,0,8912,0.0824,0.023,-0.011,-0.089,-3,-4.16,932,-1394,-4814,0,0
47.401,1280.6,308.85,28.55,425.54,132,-0.44,-0.88,0,0,0,1,3,4442,-219,0.2,-5.64,-0.54,-7.8,4634,735,5755,0.0574,-0.021,-0.003,-0.097,-1.97,-5.19,915,-299,-2247,0,0,7346,0.0836,-0.005,-0.002,-0.098,-1.75,-5.42,922,-310,-2511,0,0,6721,0.0581,-0.019,-0.008,-0.092,-2.51,-4.65,911,-803,-3270,0,0,9197,0.0829,0.004,-0.009,-0.091,-2.49,-4.67,916,-1213,-4293,0,0
47.521,1284.9,304.72,28.99,424.19,130,-0.43,-0.7,0,0,0,1,3,4378,-216.3,0.2,-5.42,-0.32,-2.06,4489,714,5538,0.0566,-0.006,-0.003,-0.097,-1.45,-5.71,904,-295,-1649,0,0,6666,0.0794,-0.035,-0.003,-0.097,-1.24,-5.92,906,-304,-1671,0,0,6486,0.0569,-0.01,-0.008,-0.092,-1.55,-5.61,899,-884,-2034,0,0,8380,0.0787,-0.035,-0.008,-0.092,-1.55,-5.61,901,-1076,-2550,0,0
47.641,1289.2,300.68,29.4,422.8,128.2,-0.42,-0.39,0.17,0,0,1,3,4317,-213.7,0.2,-5.13,0.04,1.84,4368,694,6225,0.0584,0.015,-0.003,-0.097,2.25,-4.91,893,-276,1760,0,0,6217,0.0736,-0.048,-0.002,-0.098,3.33,-3.83,891,-177,2743,0,0,7155,0.0588,0.016,-0.008,-0.092,-0.79,-6.37,888,-987,-1162,0,0,7583,0.073,-0.048,-0.007,-0.093,-0.79,-6.37,888,-945,-1223,0,0
47.761,1293.5,296.69,29.79,421.45,126.2,-0.46,0.5,0,0,0,1,3,4249,-210.8,0.2,-4.81,0.65,23.15,4237,672,6627,0.0686,0.085,-0.002,-0.098,-0.36,-6.81,887,-292,-683,0,0,5514,0.0601,-0.113,-0.003,-0.097,-0.17,-6.99,870,-294,-370,0,0,8172,0.0693,0.087,-0.01,-0.09,1.61,-5.55,880,-1366,2410,0,0,6339,0.0591,-0.115,-0.006,-0.094,1.65,-5.52,868,-558,1958,0,0
47.881,1297.6,292.73,30.14,420.18,124.5,-0.39,0.46,0,0,0,1,3,4189,-208.2,0.2,-4.46,0.75,9.18,4119,654,6039,0.0689,0.002,-0.003,-0.097,1.07,-6.09,869,-330,1255,0,0,5384,0.0558,-0.036,-0.003,-0.097,1.27,-5.89,863,-279,1355,0,0,7913,0.0691,-0.002,-0.009,-0.091,1.93,-5.23,864,-1137,2943,0,0,6742,0.0549,-0.035,-0.007,-0.093,1.94,-5.22,859,-755,2569,0,0
48.001,1301.7,288.8,30.46,418.98,123.5,-0.22,0.5,0,1,0,1,3,4252,952.7,1.8,-4.04,0.85,3.05,4047,644,5802,0.0677,-0.01,0.009,-0.091,0.99,-6.17,871,906,1184,0,0,5322,0.0525,-0.028,0.011,-0.089,1.17,-5.99,870,905,1278,0,0,8209,0.0689,-0.002,0.024,-0.076,1.34,-5.82,885,3003,2171,0,0,6214,0.0539,-0.008,0.027,-0.073,1.35,-5.82,886,2568,1700,0,0
48.121,1305.9,284.84,30.75,417.84,124.3,0.21,0.33,0,0,0,1,3,4192,-208.4,0.2,-3.71,0.75,0.21,4035,652,4543,0.0583,-0.078,-0.002,-0.098,0.63,-6.53,865,-149,610,0,0,5444,0.0486,-0.033,-0.002,-0.098,0.79,-6.37,866,-135,897,0,0,7887,0.0697,0.007,-0.005,-0.095,0.74,-6.43,862,-492,1183,0,0,7527,0.0576,0.031,-0.005,-0.095,0.74,-6.43,862,-474,1134,0,0
48.241,1310,280.89,30.99,416.74,122.8,-0.35,0.33,0.22,0,0,1,3,4121,-205.4,0.2,-3.02,0.76,8.41,3986,637,5704,0.059,0.006,-0.004,-0.096,5.85,-1.31,852,-223,4775,0,0,5158,0.0495,0.008,0,-0.1,7.66,0.49,846,-28,5035,0,0,7379,0.0638,-0.05,-0.008,-0.092,0.56,-6.6,853,-1105,791,0,0,6000,0.0544,-0.027,-0.006,-0.094,0.57,-6.59,848,-705,649,0,0
48.361,1314,276.96,31.19,415.76,120.7,-0.44,1.04,0,0,0,1,3,3942,-197.8,0.2,-2.27,1.19,38,3903,615,6905,0.0686,0.08,0.002,-0.098,18.81,11.65,811,32,7565,0,0,4319,0.0417,-0.065,0.019,-0.081,24.21,17.05,768,222,4826,0,0,8346,0.0683,0.038,-0.012,-0.088,2.82,-4.34,845,-1471,4150,0,0,4448,0.0407,-0.114,-0.003,-0.097,2.91,-4.25,825,-223,2400,0,0
48.481,1318,273.06,31.35,414.93,119.7,-0.18,0.95,0,1,0,1,3,4144,935.8,1.77,-1.7,1.16,23.34,3834,605,6313,0.0728,0.036,0.009,-0.091,2.26,-4.9,851,832,2680,0,0,4965,0.0408,-0.007,0.014,-0.086,2.48,-4.68,837,998,2341,0,0,8092,0.0697,0.012,0.03,-0.07,4.37,-2.79,868,2472,5927,0,0,5669,0.0383,-0.02,0.049,-0.051,4.47,-2.69,867,2893,4199,0,0
48.601,1322.1,269.11,31.46,414.23,121.2,0.44,1.04,0,0,0,1,3,4166,533.7,1.25,-1.43,1.13,9.14,3839,620,6551,0.0684,-0.037,0.007,-0.093,2.52,-4.65,854,746,3174,0,0,3888,0.0366,-0.035,0.013,-0.087,2.7,-4.46,852,761,2073,0,0,8566,0.0772,0.063,0.02,-0.08,3.4,-3.76,864,2350,5241,0,0,5796,0.0445,0.052,0.029,-0.071,3.43,-3.73,865,2296,3667,0,0
48.721,1326.1,265.12,31.55,413.67,120.4,-0.16,0.84,0,0,0,1,3,4046,-202.1,0.2,-0.95,0.96,2.06,3802,612,6313,0.0696,0.01,-0.003,-0.097,1.67,-5.49,838,-301,2141,0,0,5116,0.0412,0.038,-0.003,-0.097,1.84,-5.32,836,-280,1930,0,0,7266,0.0756,-0.014,-0.009,-0.091,1.96,-5.2,833,-993,2829,0,0,6088,0.0472,0.022,-0.009,-0.091,1.97,-5.2,831,-846,2412,0,0
48.841,1330.1,261.16,31.61,413.2,119.9,-0.1,0.5,0,1,0,1,3,4128,933.6,1.77,-0.49,0.63,0.39,3792,607,5820,0.0682,-0.012,0.009,-0.091,0.86,-6.3,845,850,1043,0,0,5469,0.0509,0.081,0.01,-0.09,1.04,-6.12,845,872,1183,0,0,7673,0.0701,-0.046,0.026,-0.074,1,-6.16,859,2982,1537,0,0,6826,0.0512,0.034,0.027,-0.073,1,-6.16,860,2798,1383,0,0
48.961,1334.1,257.15,31.64,412.77,121.9,0.47,0.25,0,1,0,1,3,4197,944.6,1.79,-0.33,0.32,-0.39,3853,627,5469,0.0616,-0.055,0.01,-0.09,0.37,-6.8,859,1006,423,0,0,5408,0.0528,0.016,0.011,-0.089,0.54,-6.63,860,1002,611,0,0,8553,0.0706,0.005,0.025,-0.075,0.43,-6.74,872,3489,730,0,0,7656,0.0614,0.085,0.026,-0.074,0.43,-6.74,873,3233,662,0,0
49.081,1338.2,253.07,31.65,412.37,123.8,0.47,0.29,0.23,1,0,1,3,4268,955.4,1.8,-0.15,0.25,9.21,3943,647,6110,0.0593,-0.019,0.014,-0.086,5.5,-1.66,876,920,4916,0,0,5131,0.0525,-0.003,0.022,-0.078,7.29,0.13,873,970,4903,0,0,8637,0.0732,0.022,0.022,-0.078,0.38,-6.78,887,3222,585,0,0,7546,0.066,0.038,0.029,-0.071,0.39,-6.77,886,3558,522,0,0
49.201,1342.4,248.93,31.65,412.07,125.1,0.35,1.1,0,1,0,1,3,4337,965.7,1.82,0.12,0.91,39.81,4040,660,7508,0.0706,0.094,0.008,-0.092,-0.57,-6.59,895,639,5095,0,0,4197,0.0433,-0.076,0.025,-0.075,-0.42,-6.75,879,1176,3672,0,0,9912,0.0836,0.087,0.019,-0.081,2.76,-4.4,905,2543,4719,0,0,6043,0.0565,-0.079,0.049,-0.051,2.85,-4.31,901,3786,2976,0,0
49.321,1346.6,244.72,31.63,411.91,127.1,0.53,0.83,0,1,0,1,3,4394,974.7,1.83,0.26,0.99,15.65,4162,682,6224,0.0723,0.014,0.011,-0.089,1.96,-5.2,902,1051,2340,0,0,4448,0.0433,0,0.016,-0.084,2.16,-5,894,1114,1878,0,0,9916,0.0872,0.03,0.026,-0.074,3.35,-3.82,916,3167,5809,0,0,7529,0.058,0.013,0.038,-0.062,3.39,-3.77,914,3545,4524,0,0
49.441,1350.8,240.45,31.59,411.88,129.1,0.52,0.89,0,1,0,1,3,4452,983.7,1.85,0.39,0.95,4.5,4286,704,1703,0.072,-0.003,0.032,-0.068,1.85,-5.32,913,503,626,0,0,5318,0.0459,0.022,0.013,-0.087,1.9,-5.26,911,1066,2035,0,0,9387,0.0884,0.01,0.025,-0.075,2.2,-4.96,925,3642,3884,0,0,7319,0.0611,0.026,0.031,-0.069,2.21,-4.95,927,3210,3099,0,0
49.561,1355.2,236.1,31.55,411.96,131.3,0.52,0.58,0,1,0,1,3,4522,992.2,1.86,0.51,0.69,0.37,4414,727,6451,0.0703,-0.014,0.01,-0.09,0.98,-6.18,925,1078,1297,0,0,5791,0.0504,0.038,0.011,-0.089,1.16,-6,926,1063,1385,0,0,9113,0.0853,-0.026,0.025,-0.075,1.12,-6.05,940,3634,1990,0,0,8031,0.0654,0.035,0.026,-0.074,1.12,-6.04,941,3387,1778,0,0
49.681,1359.6,231.69,31.5,412.09,133.5,0.53,0.3,0,1,0,1,3,4591,994,1.88,0.57,0.39,-0.6,4560,752,6667,0.0671,-0.027,0.009,-0.091,0.41,-6.75,940,1289,628,0,0,6513,0.0565,0.051,0.009,-0.091,0.6,-6.57,941,1060,804,0,0,9266,0.0838,-0.013,0.024,-0.076,0.46,-6.7,954,3593,855,0,0,8901,0.0732,0.065,0.024,-0.076,0.46,-6.7,955,3465,826,0,0
49.801,1364.1,227.2,31.44,412.25,135.7,0.52,0.12,0,1,0,1,3,4669,995.7,1.9,0.61,0.17,-0.49,4704,777,6842,0.0658,-0.011,0.009,-0.091,0.1,-7.06,956,1095,148,0,0,6203,0.0611,0.038,0.01,-0.09,0.29,-6.87,957,1056,376,0,0,8914,0.0813,-0.02,0.024,-0.076,0.16,-7,970,3535,290,0,0,8927,0.0772,0.034,0.024,-0.076,0.16,-7,971,3503,296,0,0
49.921,1368.7,222.63,31.38,412.43,137.9,0.52,0.04,0,1,0,1,3,4746,997.3,1.92,0.58,0.05,-0.28,4845,803,6130,0.0655,-0.003,0.01,-0.09,-0.04,-7.12,972,1065,-44,0,0,6183,0.0641,0.025,0.01,-0.09,0.16,-7,972,1065,203,0,0,9096,0.082,0.006,0.024,-0.076,0.04,-7.12,986,3549,76,0,0,9103,0.0803,0.026,0.023,-0.077,0.04,-7.12,986,3526,74,0,0
50.041,1373.3,218,31.32,412.62,140.1,0.52,0.04,0.16,1,0,1,3,4817,998.7,1.93,0.52,0.03,1.47,4998,829,6667,0.0671,0.014,0.01,-0.09,2.57,-4.59,988,1023,2531,0,0,6460,0.0662,0.017,0.01,-0.09,3.53,-3.63,987,883,3344,0,0,9879,0.0836,0.013,0.022,-0.078,0,-7.16,1001,3621,1,0,0,8959,0.0826,0.019,0.023,-0.077,0,-7.16,1001,3491,-2,0,0
50.161,1378,213.31,31.27,412.89,141,0.25,1.06,0,0,0,1,3,4759,381.3,1.12,0.48,0.77,39.41,5098,839,8903,0.0813,0.118,0.016,-0.084,15.44,8.28,978,609,9532,0,0,9412,0.0582,-0.067,0.055,-0.045,20.04,12.88,958,1674,9795,0,0,10933,0.0952,0.097,0.001,-0.099,2.24,-4.92,999,101,4236,0,0,7984,0.0725,-0.084,0.018,-0.082,2.31,-4.86,987,2344,3264,0,0
50.281,1382.7,208.65,31.22,413.32,139.9,-0.19,1.08,0,0,0,1,3,4700,-230,0.2,0.5,1.13,22.26,5131,826,8548,0.0924,0.093,-0.003,-0.097,2.08,-5.08,981,-350,3271,0,0,6170,0.0608,0.022,-0.003,-0.097,2.35,-4.82,964,-322,2742,0,0,10922,0.0977,0.021,-0.012,-0.088,3.86,-3.3,972,-1557,7112,0,0,7913,0.0662,-0.053,-0.007,-0.093,3.93,-3.23,960,-640,5463,0,0
50.401,1387.3,204.04,31.2,413.91,139.8,0.04,1.19,0,1,0,1,3,4821,998.7,1.93,0.33,1.16,9.19,5130,824,8300,0.0968,0.037,0.009,-0.091,2.22,-4.94,987,1035,3514,0,0,6162,0.0631,0.019,0.012,-0.088,2.48,-4.68,984,1132,2965,0,0,10252,0.0991,0.012,0.026,-0.074,3.06,-4.1,1004,3420,5577,0,0,8252,0.065,-0.009,0.033,-0.067,3.08,-4.08,1004,3525,4595,0,0
50.521,1392,199.39,31.19,414.65,141.8,0.51,0.92,0,1,0,1,3,4874,999.7,1.95,-0.14,0.94,1.73,5170,848,8017,0.0922,-0.038,0.006,-0.094,1.47,-5.69,996,1199,2333,0,0,6103,0.063,-0.001,0.011,-0.089,1.71,-5.46,1000,1058,2096,0,0,11008,0.1033,0.035,0.023,-0.077,1.75,-5.42,1013,3658,3599,0,0,9300,0.0752,0.085,0.025,-0.075,1.75,-5.41,1014,3447,3113,0,0
50.641,1396.8,194.7,31.21,415.5,143.8,0.48,0.52,0,1,0,1,3,4939,1000.8,1.96,-0.58,0.56,-0.58,5262,872,7851,0.0876,-0.038,0.008,-0.092,0.67,-6.49,1012,1062,1082,0,0,7427,0.0691,0.051,0.008,-0.092,0.91,-6.25,1013,1021,1373,0,0,10867,0.1013,-0.017,0.022,-0.078,0.77,-6.39,1025,3735,1627,0,0,10426,0.0851,0.082,0.021,-0.079,0.77,-6.39,1026,3541,1568,0,0
50.761,1401.6,189.97,31.27,416.44,145.4,0.41,0.81,0.32,1,0,1,3,4996,1001.6,1.98,-1.04,0.59,25.15,5376,892,9406,0.0912,0.03,0.016,-0.084,9.24,2.08,1028,1001,9556,0,0,6176,0.0726,0.029,0.036,-0.064,12.17,5.01,1019,1175,6753,0,0,12663,0.106,0.039,0.014,-0.086,1.26,-5.9,1039,3071,2671,0,0,9960,0.0871,0.017,0.028,-0.072,1.29,-5.88,1035,4406,2298,0,0
50.881,1406.5,185.24,31.36,417.58,145.8,0.22,1.6,0,0,0,1,3,4954,188.5,0.79,-1.56,1.22,45.12,5467,898,9905,0.1091,0.149,0,-0.1,1.07,-6.1,1035,-34,1845,0,0,6244,0.068,-0.038,0.002,-0.098,1.37,-5.79,1003,301,1614,0,0,12797,0.1193,0.111,-0.003,-0.097,4.4,-2.76,1031,-311,8352,0,0,8351,0.078,-0.076,0.018,-0.082,4.55,-2.62,1018,1871,6214,0,0
51.001,1411.3,180.6,31.52,418.92,144.1,-0.27,1.54,0,0,0,1,3,4838,-235.9,0.2,-2.11,1.2,22.19,5456,876,10011,0.1196,0.087,-0.003,-0.097,3.01,-4.15,1010,-389,5364,0,0,7647,0.0765,0.071,-0.003,-0.097,3.35,-3.81,992,-344,4651,0,0,12912,0.1219,0.022,-0.013,-0.087,4.79,-2.38,1000,-1612,8997,0,0,9026,0.0788,0.007,-0.007,-0.093,4.87,-2.3,989,-695,7161,0,0
51.121,1416.1,176.09,31.74,420.44,142.1,-0.35,1.59,0,0,0,1,3,4778,-233.3,0.2,-2.82,1.17,10.72,5331,852,8954,0.1195,0,-0.003,-0.097,2.7,-4.46,993,-360,4498,0,0,6570,0.0788,0.019,-0.004,-0.096,3.02,-4.14,983,-329,3756,0,0,7730,0.1223,0.003,0.002,-0.098,4.16,-3.01,983,-554,5248,0,0,8944,0.0798,0.008,-0.008,-0.092,3.71,-3.45,979,-865,5885,0,0
51.241,1420.8,171.73,32.01,422.15,139.6,-0.46,1.71,0.42,0,0,1,3,4613,-226.4,0.2,-3.4,1.27,27.09,5178,823,9118,0.1166,-0.024,-0.002,-0.098,14.6,7.44,951,-79,9755,0,0,7747,0.0771,-0.014,0.004,-0.096,18.59,11.43,918,152,8393,0,0,12422,0.1194,-0.024,-0.011,-0.089,3.24,-3.92,974,-1676,6615,0,0,7366,0.075,-0.04,-0.005,-0.095,3.31,-3.85,960,-488,4426,0,0
51.361,1425.4,167.55,32.32,424.05,136.9,-0.5,1.62,0,0,0,1,3,4601,-225.8,0.2,-3.83,1.2,26.96,5019,792,9633,0.1158,-0.007,-0.004,-0.096,2.32,-4.85,961,-277,3971,0,0,7083,0.0731,-0.034,-0.003,-0.097,2.65,-4.51,942,-323,3465,0,0,12068,0.1136,-0.049,-0.012,-0.088,4.53,-2.63,953,-1658,8633,0,0,7452,0.0671,-0.065,-0.007,-0.093,4.64,-2.53,939,-550,5827,0,0
51.481,1429.9,163.52,32.66,426.09,134.9,-0.38,1.41,0,0,0,1,3,4535,-223,0.2,-4.24,1,11.22,4855,768,9130,0.1081,-0.064,-0.003,-0.097,2.56,-4.6,943,-369,4352,0,0,7037,0.0707,-0.019,-0.003,-0.097,2.85,-4.31,934,-319,3802,0,0,11173,0.1073,-0.052,-0.01,-0.09,3.6,-3.57,936,-1361,6946,0,0,7786,0.0672,0.001,-0.009,-0.091,3.63,-3.53,929,-820,5153,0,0
51.601,1434.4,159.62,33.03,428.26,134.7,0.01,1.08,0,1,0,1,3,4639,995,1.89,-4.62,0.84,2.94,4782,766,7744,0.0987,-0.078,0.009,-0.091,1.71,-5.45,950,1086,2612,0,0,6024,0.0674,-0.028,0.011,-0.089,1.96,-5.2,950,1080,2369,0,0,11288,0.1023,-0.042,0.023,-0.077,2.1,-5.06,963,3751,4379,0,0,8565,0.0702,0.025,0.027,-0.073,2.11,-5.05,965,3395,3446,0,0
51.721,1438.9,155.76,33.41,430.53,134.3,-0.08,0.61,0,0,0,1,3,4525,-222.5,0.2,-4.93,0.53,-0.55,4698,761,7629,0.0864,-0.103,-0.004,-0.096,0.85,-6.31,935,-593,1343,0,0,6136,0.0683,0.008,-0.002,-0.098,1.12,-6.05,936,-242,1385,0,0,9498,0.0963,-0.05,-0.007,-0.093,0.96,-6.2,931,-1110,1827,0,0,8571,0.0751,0.041,-0.007,-0.093,0.96,-6.2,931,-1072,1661,0,0
51.841,1443.3,151.97,33.8,432.82,132.5,-0.43,0.27,0,0,0,1,3,4465,-220,0.2,-4.94,0.29,-0.73,4616,741,7347,0.0818,-0.038,-0.002,-0.098,0.31,-6.85,923,-323,478,0,0,7832,0.0717,0.029,-0.003,-0.097,0.54,-6.62,923,-340,873,0,0,9016,0.085,-0.094,-0.007,-0.093,0.4,-6.76,919,-1027,722,0,0,8673,0.074,-0.009,-0.007,-0.093,0.4,-6.76,919,-1036,697,0,0
51.961,1447.7,148.25,34.2,435.1,130.7,-0.42,0.11,0,0,0,1,3,4405,-217.4,0.2,-4.93,0.18,-0.34,4519,721,6349,0.0776,-0.035,-0.003,-0.097,0.05,-7.11,910,-316,73,0,0,6833,0.0744,0.022,-0.003,-0.097,0.28,-6.88,910,-312,394,0,0,8654,0.0777,-0.061,-0.007,-0.093,0.14,-7.02,906,-1017,257,0,0,8465,0.0736,-0.003,-0.007,-0.093,0.14,-7.02,906,-1027,274,0,0
52.081,1452,144.59,34.58,437.35,128.9,-0.42,0.04,0,0,0,1,3,4341,-214.8,0.2,-4.87,0.12,-0.26,4408,701,6473,0.075,-0.021,-0.004,-0.096,-0.04,-7.12,896,-173,-120,0,0,7147,0.0728,-0.013,-0.004,-0.096,0.18,-6.98,897,-399,212,0,0,8405,0.0736,-0.034,-0.007,-0.093,0.06,-7.11,894,-998,95,0,0,10391,0.072,-0.014,-0.008,-0.092,0.06,-7.11,894,-1142,127,0,0
52.201,1456.3,140.96,34.96,439.55,126.9,-0.46,-0.52,-0.36,0,0.18,1,3,4243,-210.5,0.2,-4.76,-0.16,-25.05,4284,680,4986,0.0671,-0.066,-0.004,-0.096,-10.91,3.75,858,-108,-5586,0,0,7298,0.0761,0.028,-0.006,-0.094,-8.17,1.01,881,-335,-7530,0,0,6749,0.0658,-0.065,-0.004,-0.096,-0.92,-6.24,874,-481,-1096,0,0,8921,0.075,0.025,-0.01,-0.09,-0.9,-6.26,886,-1495,-1379,0,0
52.321,1460.4,137.38,35.31,441.56,120.8,-1.38,-1.24,-0.55,0,0.25,1,3,3518,-179.6,0.2,-4.27,-0.52,-43.74,3995,616,5795,0.06,-0.059,-0.131,0.031,-25.98,18.81,645,-1897,-6047,690,1,8937,0.09,0.116,-0.119,0.019,-20.27,13.11,702,-3277,-8918,2299,0,4714,0.0458,-0.167,-0.084,-0.016,-4.14,-3.02,756,-3853,-2914,1238,0,8668,0.0775,0.021,-0.081,-0.019,-3.99,-3.17,789,-6715,-4963,1238,0
52.441,1464.3,133.89,35.63,443.3,115.5,-1.05,-1.65,-0.57,0,0.26,1,3,3464,-176.9,0.2,-3.83,-0.62,-46.36,3729,565,2299,0.0541,-0.049,-0.118,0.018,-28.99,21.82,603,-627,-2535,680,0,8491,0.0969,0.057,-0.077,-0.023,-23.11,15.95,697,-1764,-8816,680,0,1437,0.0327,-0.109,-0.028,-0.072,-6.56,-0.61,760,-371,-1465,366,0,8933,0.0801,0.022,-0.038,-0.062,-6.56,-0.6,789,-2857,-8038,366,0
52.561,1468.1,130.46,35.91,444.77,110.6,-0.92,-1.76,0,0,0,1,3,3529,-179.6,0.2,-3.46,-0.62,-40.32,3429,518,4637,0.0499,-0.035,-0.115,0.015,-4.57,-2.59,671,-2480,-4700,0,0,8050,0.0969,0,-0.053,-0.047,-4.18,-2.98,747,-2711,-8260,0,0,4547,0.0285,-0.035,-0.012,-0.088,-8.3,1.14,742,-379,-4869,0,0,9017,0.081,0.008,-0.028,-0.072,-7.99,0.83,759,-1713,-8900,0,0
52.681,1471.6,127.11,36.15,445.99,104.3,-1.26,-1.48,0,0,0,0.45,3,3399,-173.1,0.2,-2.9,-0.43,-28.06,3076,461,5960,0.0515,0.014,0.002,-0.098,-6.12,-1.04,713,-335,-5610,0,0,6949,0.0929,-0.034,0,-0.1,-5.74,-1.42,732,46,-6256,0,0,3459,0.0262,-0.019,-0.061,-0.039,-8.85,1.69,671,-1672,-3546,0,0,7490,0.0736,-0.062,-0.059,-0.041,-8.6,1.44,694,-3549,-7193,0,0
52.801,1475,123.86,36.35,446.97,99.8,-0.85,-1.52,0,0,1,0.78,2,3820,-192.7,0.2,-2.37,-0.54,-18.68,2802,421,4578,0.0463,-0.043,-0.191,0.091,-6.08,-1.08,551,-4641,-2591,1755,1,7440,0.0866,-0.052,-0.118,0.018,-5.76,-1.4,591,-6484,-4820,5850,0,4983,0.0263,0.001,-0.182,0.082,-7.96,0.8,558,-4574,-3482,945,1,7583,0.0725,-0.009,-0.18,0.08,-7.81,0.65,571,-6763,-5058,945,1
52.921,1478.3,120.74,36.51,447.73,95.3,-0.88,-1.42,0,0,0,1,2,4328,-214.1,0.2,-1.65,-0.69,-17.05,2548,384,5165,0.047,0.006,-0.006,-0.094,-5.01,-2.16,650,-375,-4422,0,0,5163,0.0815,-0.042,-0.007,-0.093,-4.73,-2.43,663,-372,-4266,0,0,3967,0.0216,-0.04,-0.02,-0.08,-6.79,-0.37,641,-716,-4016,0,0,8882,0.0682,-0.036,-0.023,-0.077,-6.66,-0.5,652,-1722,-8322,0,0
53.041,1481.3,117.72,36.61,448.3,89.7,-1.21,-1.08,-0.07,0,0.88,1,2,3568,-183.9,0.2,-0.65,-0.85,-6.03,2266,340,4716,0.0435,-0.029,-0.132,0.032,-7.57,0.41,541,-4177,-3355,1548,1,7307,0.0753,-0.052,-0.126,0.026,-6.64,-0.52,554,-6362,-4778,1548,1,3941,0.0211,-0.004,-0.147,0.047,-4.85,-2.31,557,-3680,-2478,833,1,5363,0.059,-0.077,-0.149,0.049,-4.83,-2.33,559,-4948,-3282,833,1
53.161,1484.2,114.89,36.64,448.72,84.1,-1.23,-1.01,0,0,1,1,2,3456,-173.9,0.2,0.76,-1.02,-11.81,2008,299,4300,0.0415,-0.016,-0.113,0.013,-20.97,13.81,469,-1700,-4568,1967,0,5554,0.0683,-0.058,-0.112,0.012,-16.77,9.6,490,-2564,-5706,1967,0,3147,0.0143,-0.057,-0.037,-0.063,-3.61,-3.55,537,-2345,-1973,1059,0,6189,0.0512,-0.065,-0.044,-0.056,-3.56,-3.61,542,-4494,-3672,1059,0
53.281,1486.9,112.22,36.6,449.01,78.5,-1.27,-0.58,0,0,0,0.8,2,3470,-176.8,0.2,2.49,-0.92,-9.23,1768,261,4485,0.0427,0.01,0.016,-0.084,-2.19,-4.97,547,624,-1995,0,0,4524,0.0644,-0.033,0.006,-0.094,-2,-5.16,548,886,-1838,0,0,3357,0.0135,-0.006,-0.092,-0.008,-3.31,-3.85,497,-3369,-1598,0,0,3977,0.0371,-0.117,-0.094,-0.006,-3.27,-3.89,502,-3995,-1838,0,0
53.401,1489.5,109.64,36.49,449.22,78.2,-0.02,-0.58,0,1,0,0,2,4142,930,1.76,3.78,-0.9,-3.95,1702,259,4250,0.037,-0.048,0,-0.1,-1.5,-5.67,542,-8,-1341,0,0,4981,0.0553,-0.075,0,-0.1,-1.35,-5.81,545,0,-1408,0,0,4523,0.0216,0.068,0.006,-0.094,-1.93,-5.24,542,288,-1878,0,0,7482,0.042,0.041,-0.001,-0.099,-1.94,-5.23,544,-15,-2954,0,0
53.521,1492.1,107.02,36.31,449.36,80.4,0.54,-0.38,-0.16,1,0,0.59,1,6631,942.3,2.36,5.02,-0.77,-3.9,1732,273,6492,0.0257,-0.094,0.095,-0.005,-8.24,1.08,600,4024,-5522,0,0,3294,0.0426,-0.106,0.065,-0.035,-6.5,-0.67,594,1817,-2736,0,0,5989,0.0313,0.08,0.108,0.008,-0.99,-6.17,621,6012,-978,0,0,6324,0.0453,0.028,0.102,0.002,-0.99,-6.17,621,6201,-1050,0,0
53.641,1494.9,104.27,36.04,449.43,84.9,1.08,-0.62,-0.58,0.13,0,1,1,5738,-274.6,0.2,6.41,-0.97,-23.05,1881,304,1626,0.0094,-0.136,0.081,-0.019,-23.09,15.93,584,506,-1827,0,0,4523,0.036,-0.055,0.007,-0.093,-17.94,10.78,580,360,-5121,0,0,3518,0.034,0.023,-0.023,-0.077,-2.13,-5.04,603,274,-1454,0,0,5857,0.0509,0.047,-0.045,-0.055,-2.06,-5.1,606,-1853,-2263,0,0
53.761,1497.7,101.48,35.68,449.39,84.4,-0.05,-0.94,-0.68,0.44,0,1,1,5629,242.7,1.06,8.32,-1.43,-33.97,1919,301,4780,0.0134,0.033,0.093,-0.007,-31.47,24.3,543,1041,-5119,0,0,7095,0.0524,0.137,0.016,-0.084,-24.55,17.39,560,405,-7608,0,0,2641,0.0197,-0.119,-0.019,-0.081,-3.56,-3.61,594,314,-1750,0,0,6138,0.046,-0.041,-0.056,-0.044,-3.4,-3.76,599,-2372,-3685,0,0
53.881,1500.5,98.72,35.24,449.2,84.6,0.14,-1.07,-0.68,0.18,0,1,1,5580,-19.6,0.53,10.12,-1.95,-37.2,1964,302,2654,0.0131,-0.003,0.129,0.029,-32.59,25.43,553,734,-2888,0,0,5034,0.0566,0.035,0.029,-0.071,-25.58,18.42,565,457,-5527,0,0,4960,0.0161,-0.03,-0.016,-0.084,-5.08,-2.08,596,572,-4236,0,0,4162,0.0497,0.031,-0.054,-0.046,-4.86,-2.3,598,-1393,-3417,0,0
54.001,1503.3,95.97,34.72,448.86,86.3,0.52,-0.97,0,1,0,0.85,1,6823,-222.7,2.4,11.44,-2.35,-35.23,2016,315,942,0.0134,0.003,0.073,-0.027,-2.37,-4.8,634,791,-385,0,0,5019,0.0602,0.029,0.019,-0.081,-2.12,-5.04,627,1866,-1897,0,0,4111,0.0163,0.001,0.238,0.138,-6.53,-0.64,739,4526,-1801,0,0,3434,0.0464,-0.027,0.186,0.086,-6.41,-0.75,741,3657,-1795,0,0
54.121,1506.3,93.1,34.11,448.37,90.9,1.2,-0.9,0,1,0,0.05,1,6789,-222,2.4,12.33,-2.11,-21.02,2180,349,2405,0.007,-0.053,0.019,-0.081,-3.9,-3.26,633,627,-1740,0,0,8252,0.0585,-0.014,0.002,-0.098,-3.67,-3.49,638,161,-5316,0,0,2681,0.0312,0.124,0.031,-0.069,-6.14,-1.02,641,851,-2599,0,0,9878,0.0583,0.099,0.007,-0.093,-5.97,-1.19,641,747,-8731,0,0
54.241,1509.4,90.16,33.42,447.69,95.1,1.11,-1.09,-0.26,0,0,1,2,5131,179.7,0.8,13.15,-1.77,-26.82,2356,382,2128,0.0042,-0.023,0.201,0.101,-14.77,7.61,759,1631,-1941,0,0,3799,0.0686,0.084,0.107,0.007,-11.98,4.82,729,1967,-3917,0,0,5645,0.0324,0.01,0.234,0.134,-5.37,-1.79,803,6122,-2294,0,0,10349,0.0662,0.066,0.188,0.088,-5.2,-1.96,795,10125,-4595,0,0
54.361,1512.6,87.14,32.67,446.8,98.8,0.99,-1.28,0,1,0,1,2,4750,997.5,1.92,13.43,-1.73,-24.1,2520,412,7778,0.0239,0.164,0.017,-0.083,-2.61,-4.56,690,1817,-3776,0,0,9780,0.0822,0.114,0.012,-0.088,-2.41,-4.75,704,1591,-4330,0,0,10200,0.0423,0.083,0.077,-0.023,-5.05,-2.11,729,7173,-6977,0,0,6477,0.0687,0.02,0.062,-0.038,-4.94,-2.22,738,4208,-4849,0,0
54.481,1516,84.03,31.88,445.7,104.1,1.34,-1.25,-0.23,1,0,1,2,5191,1003.9,2.02,13.16,-0.97,-20.22,2788,457,4894,0.0414,0.146,0.065,-0.035,-9.92,2.75,755,2060,-4955,0,0,11156,0.092,0.081,0.03,-0.07,-7.89,0.73,747,2538,-10012,0,0,6341,0.0604,0.151,0.112,0.012,-3.54,-3.62,799,5844,-3201,0,0,9813,0.0889,0.169,0.081,-0.019,-3.45,-3.71,796,7644,-5050,0,0
54.601,1519.6,80.82,31.08,444.31,109.8,1.49,-1.51,0,1,0,1,2,5516,1005.6,2.1,12.19,-0.8,-39.48,3005,509,5962,0.0497,0.069,0.02,-0.08,-0.96,-6.2,769,2337,-1365,0,0,7458,0.1106,0.155,0.018,-0.082,-0.67,-6.49,795,2199,-1109,0,0,5391,0.0649,0.038,0.154,0.054,-4.53,-2.63,868,5402,-2759,0,0,11336,0.1052,0.135,0.1,0,-4.37,-2.79,861,8962,-6369,0,0
54.721,1523.4,77.49,30.31,442.66,116.3,1.64,-1.16,0,1,0,1,2,5660,999.5,2.13,10.47,-0.19,-17.53,3315,572,11864,0.0777,0.233,0.012,-0.088,-2.31,-4.85,816,2387,-4921,0,0,14563,0.1146,0.033,0.011,-0.089,-1.98,-5.18,826,2499,-4334,0,0,11404,0.0967,0.265,0.073,-0.027,-3.71,-3.45,865,7999,-6411,0,0,14658,0.123,0.149,0.059,-0.041,-3.64,-3.52,866,7284,-6887,0,0
54.841,1527.4,74.05,29.64,440.71,122.1,1.48,-1.48,-0.3,1,0,1,2,5947,985.8,2.2,8.35,0.21,-27.14,3723,629,10624,0.0974,0.164,0.047,-0.053,-11.49,4.32,866,2608,-10723,0,0,12754,0.1272,0.105,0.028,-0.072,-8.82,1.65,877,2231,-11469,0,0,11840,0.119,0.186,0.068,-0.032,-2.73,-4.43,901,8617,-5028,0,0,16235,0.142,0.158,0.048,-0.052,-2.67,-4.49,904,6981,-5318,0,0
54.961,1531.6,70.6,29.1,438.44,126.9,1.33,-1.74,0,1,0,1,2,6218,970.7,2.26,6.18,0.05,-39.41,4018,680,2903,0.1002,0.024,0.029,-0.071,-1.25,-5.91,892,1130,-838,0,0,19551,0.1252,-0.017,0.018,-0.082,-1.27,-5.89,914,3413,-2245,0,0,11534,0.1163,-0.023,0.091,-0.009,-4.76,-2.4,952,8507,-7175,0,0,14910,0.1367,-0.045,0.06,-0.04,-4.6,-2.56,955,6747,-8018,0,0
55.081,1535.9,67.13,28.71,435.86,131.8,1.35,-1.75,-0.3,1,0,1,2,6491,952.6,2.33,4.06,-0.12,-35.9,4364,734,7545,0.1012,0.008,0.068,-0.032,-13.22,6.06,945,2412,-7906,0,0,10707,0.1226,-0.022,0.038,-0.062,-10.45,3.29,954,2370,-10737,0,0,13615,0.1232,0.057,0.089,-0.011,-4.81,-2.35,987,8633,-7529,0,0,19640,0.1431,0.054,0.061,-0.039,-4.67,-2.49,991,6862,-8050,0,0
55.201,1540.4,63.76,28.43,432.96,134,0.77,-2.2,-0.5,1,0,0.34,2,6759,915.2,2.35,3.11,-0.9,-45.79,4693,758,6211,0.082,-0.16,0.088,-0.012,-26.24,19.08,894,1390,-6589,0,0,9934,0.1186,-0.033,0.033,-0.067,-20.82,13.66,917,1011,-10309,0,0,9104,0.0993,-0.199,0.045,-0.055,-6.3,-0.86,956,3545,-7933,0,0,13642,0.1333,-0.082,0.015,-0.085,-6.08,-1.08,963,1618,-10243,0,0
55.321,1544.8,60.61,28.22,429.83,132.9,0.06,-2.27,0,1,0,1,3,6356,959.8,2.3,2.55,-1.63,-46.46,4712,745,5530,0.0673,-0.122,0.011,-0.089,-4.29,-2.87,921,290,-6118,0,0,9151,0.12,0.012,0.005,-0.095,-3.86,-3.3,949,66,-9298,0,0,7850,0.0744,-0.207,0.098,-0.002,-7.87,0.71,997,4859,-6852,0,0,12865,0.1263,-0.059,0.058,-0.042,-7.59,0.43,997,4647,-10691,0,0
55.441,1549.3,57.66,28.06,426.48,134.1,0.59,-1.95,0,0,0,1,3,4463,-219.9,0.2,1.9,-1.77,-31.56,4743,759,5793,0.058,-0.078,-0.005,-0.095,-5.94,-1.22,912,-302,-5369,0,0,9345,0.1119,-0.068,-0.004,-0.096,-5.54,-1.62,937,-379,-7940,0,0,7590,0.0707,-0.031,-0.009,-0.091,-8.34,1.18,909,-516,-7832,0,0,12736,0.125,-0.01,-0.019,-0.081,-8.13,0.96,923,-1641,-11481,0,0
55.561,1553.7,54.95,27.93,422.97,132.2,-0.15,-2.09,0,0,0,1,3,4410,-217.6,0.2,1.65,-1.89,-20.41,4678,738,6515,0.057,-0.008,-0.005,-0.095,-5.61,-1.55,905,-330,-5834,0,0,9306,0.1134,0.013,-0.004,-0.096,-5.26,-1.9,922,-362,-7727,0,0,7033,0.0623,-0.07,-0.01,-0.09,-7.15,-0.01,900,-615,-6986,0,0,11856,0.1188,-0.052,-0.016,-0.084,-7.03,-0.13,911,-1486,-10897,0,0
55.681,1558.1,52.49,27.83,419.33,132.2,0.22,-1.85,0,1,0,1,3,4579,993.6,1.88,1.33,-1.79,-11.72,4646,738,5813,0.0564,-0.005,0.017,-0.083,-4.37,-2.79,932,1160,-4486,0,0,8868,0.1097,-0.03,0.011,-0.089,-4.08,-3.08,935,1091,-6269,0,0,7309,0.0598,-0.02,0.045,-0.055,-5.23,-1.94,957,3195,-5979,0,0,11698,0.1127,-0.05,0.033,-0.067,-5.17,-1.99,956,3683,-9121,0,0
55.801,1562.6,50.19,27.74,415.52,134.2,0.56,-1.41,0,1,0,1,3,4627,994.7,1.89,0.93,-1.43,-2.74,4674,760,6137,0.0546,-0.015,0.013,-0.087,-2.85,-4.32,947,1143,-3385,0,0,8027,0.0974,-0.103,0.009,-0.091,-2.61,-4.55,946,1095,-4009,0,0,8046,0.0667,0.057,0.031,-0.069,-2.99,-4.17,964,3251,-4439,0,0,10800,0.1096,-0.027,0.027,-0.073,-2.98,-4.18,962,3712,-5751,0,0
55.921,1567.1,48,27.68,411.58,136.2,0.52,-0.92,-0.16,1,0,1,3,4688,996.2,1.9,0.65,-0.94,-3.73,4762,783,6341,0.0579,0.027,0.014,-0.086,-4.37,-2.8,960,1216,-4901,0,0,7518,0.0874,-0.083,0.01,-0.09,-3.47,-3.69,961,990,-4812,0,0,8770,0.0746,0.066,0.026,-0.074,-1.42,-5.75,974,3474,-2406,0,0,10389,0.1025,-0.059,0.022,-0.078,-1.41,-5.75,974,3584,-2789,0,0
56.041,1571.6,45.92,27.62,407.51,137.5,0.36,-1.31,0,1,0,1,3,4715,996.7,1.91,0.52,-1.1,-34.27,4872,798,5356,0.0555,-0.02,0.079,-0.021,-21.31,14.15,952,1305,-5804,0,0,8320,0.0894,0.017,0.033,-0.067,-16.56,9.4,963,1065,-8912,0,0,7428,0.0698,-0.04,0.041,-0.059,-2.69,-4.47,986,4010,-3511,0,0,10995,0.103,0.004,0.018,-0.082,-2.62,-4.54,990,2711,-4985,0,0
56.161,1576.3,43.98,27.58,403.32,139.3,0.51,-1.09,0,1,0,1,3,4810,998.5,1.93,0.36,-1.12,-17.82,5006,819,5738,0.0556,0.001,0.013,-0.087,-2.3,-4.86,978,1179,-2528,0,0,7393,0.0886,-0.007,0.009,-0.091,-2.05,-5.11,987,1050,-2861,0,0,8207,0.0696,-0.002,0.037,-0.063,-3.56,-3.6,1001,3667,-5082,0,0,10795,0.1024,-0.005,0.024,-0.076,-3.52,-3.65,1003,3175,-6491,0,0
56.281,1580.9,42.17,27.55,399.01,140.9,0.46,-1.39,-0.38,1,0,1,3,4866,999.5,1.94,0.24,-1.27,-22.75,5101,838,4679,0.0513,-0.036,0.06,-0.04,-16.34,9.18,992,1130,-5194,0,0,8490,0.0892,0.005,0.029,-0.071,-12.94,5.78,994,1191,-9076,0,0,6834,0.0667,-0.024,0.04,-0.06,-3.18,-3.98,1015,3497,-3867,0,0,11357,0.1042,0.015,0.023,-0.077,-3.12,-4.04,1015,3347,-6091,0,0
56.401,1585.6,40.57,27.52,394.58,141.3,0.22,-1.7,-0.47,0.54,0,1,3,4755,514.3,1.29,0.23,-1.61,-36.28,5190,842,12461,0.0475,-0.032,0.072,-0.028,-24,16.84,948,2161,-11856,0,0,8688,0.0954,0.052,0.023,-0.077,-19.03,11.87,965,689,-9240,0,0,6565,0.0611,-0.046,0.029,-0.071,-4.52,-2.64,1000,2203,-4965,0,0,11013,0.107,0.023,0.008,-0.092,-4.4,-2.76,1006,930,-7827,0,0
56.521,1590.3,39.21,27.5,390.1,139.9,-0.15,-1.6,-0.07,0,0,1,3,4687,-229.4,0.2,0.34,-1.6,-25.55,5179,827,5740,0.0507,0.027,-0.004,-0.096,-3.62,-3.54,960,-303,-3790,0,0,8281,0.0976,0.018,-0.003,-0.097,-3.33,-3.83,980,-346,-4924,0,0,6678,0.0562,-0.041,-0.008,-0.092,-5.47,-1.7,956,-557,-5856,0,0,10390,0.1036,-0.028,-0.014,-0.086,-5.36,-1.8,969,-1491,-8521,0,0
56.641,1595,38.08,27.48,385.61,137.9,-0.29,-1.87,-0.45,0,0,1,3,4512,-222.1,0.2,0.44,-1.75,-28.04,5090,803,5027,0.0507,0,0.013,-0.087,-21.7,14.54,894,191,-5602,0,0,8995,0.102,0.036,0.001,-0.099,-17.46,10.3,927,16,-9603,0,0,6000,0.0513,-0.04,-0.007,-0.093,-5.37,-1.79,942,-446,-5249,0,0,10797,0.102,-0.014,-0.014,-0.086,-5.26,-1.91,957,-1492,-8694,0,0
56.761,1599.5,37.23,27.46,381.16,135,-0.47,-1.9,-0.49,0,0,1,3,4316,-213.7,0.2,0.55,-1.86,-31.67,4931,770,4814,0.0502,-0.004,-0.007,-0.093,-26.69,19.53,824,-87,-5301,0,0,9132,0.1043,0.019,-0.008,-0.092,-21.41,14.25,880,-221,-9610,0,0,5725,0.0456,-0.048,-0.007,-0.093,-5.92,-1.24,920,-412,-5296,0,0,9906,0.1,-0.017,-0.016,-0.084,-5.78,-1.38,935,-1492,-8501,0,0
56.881,1603.9,36.65,27.44,376.76,131.9,-0.49,-1.91,-0.51,0,0,1,3,4198,-208.6,0.2,0.66,-1.89,-32.4,4743,735,5126,0.0492,-0.008,-0.008,-0.092,-27.71,20.55,796,-103,-5608,0,0,8648,0.1049,0.005,-0.008,-0.092,-22.3,15.14,855,-198,-9140,0,0,5929,0.0428,-0.023,-0.008,-0.092,-6.52,-0.64,898,-429,-5735,0,0,10031,0.0982,-0.014,-0.017,-0.083,-6.36,-0.81,913,-1510,-9019,0,0
57.001,1608.3,36.34,27.41,372.43,128.9,-0.48,-1.92,-0.52,0,0,1,3,4083,-203.7,0.2,0.81,-1.93,-30.38,4543,702,5061,0.0475,-0.015,-0.009,-0.091,-28.63,21.47,771,-102,-5530,0,0,8718,0.1034,-0.012,-0.008,-0.092,-23.11,15.95,829,-193,-9186,0,0,5036,0.041,-0.015,-0.008,-0.092,-6.8,-0.36,876,-380,-5023,0,0,10374,0.0958,-0.021,-0.017,-0.083,-6.63,-0.53,891,-1508,-9468,0,0
57.121,1612.5,36.29,27.37,368.2,125.7,-0.49,-1.93,0,0,0,1,3,4054,-202,0.2,0.9,-1.94,-29.98,4329,668,4711,0.0482,0.006,-0.094,-0.006,-4.47,-2.69,787,-2377,-4823,0,0,9005,0.105,0.013,-0.042,-0.058,-4.12,-3.04,853,-2741,-9039,0,0,5568,0.0386,-0.02,-0.013,-0.087,-6.88,-0.28,850,-595,-5533,0,0,10260,0.0945,-0.011,-0.023,-0.077,-6.71,-0.45,863,-1858,-9393,0,0
57.241,1616.7,36.5,27.33,364.03,125.6,0.17,-1.71,0,1,0,1,3,4362,970.6,1.83,0.76,-1.78,-18.54,4238,666,5013,0.0471,-0.009,0.02,-0.08,-4.5,-2.66,884,1150,-3955,0,0,7889,0.0995,-0.046,0.011,-0.089,-4.21,-2.95,891,1072,-5738,0,0,7076,0.0453,0.055,0.054,-0.046,-5.98,-1.19,913,3298,-6143,0,0,10251,0.0974,0.024,0.036,-0.064,-5.89,-1.27,913,3502,-8751,0,0
57.361,1620.9,36.93,27.29,359.83,127.3,0.54,-1.49,0,1,0,1,3,4405,976.3,1.84,0.5,-1.53,-6.34,4229,684,12372,0.0452,-0.016,0.02,-0.08,-3.43,-3.73,899,2638,-7154,0,0,6668,0.0899,-0.079,0.011,-0.089,-3.22,-3.95,900,1005,-4019,0,0,7715,0.0555,0.085,0.036,-0.064,-3.89,-3.27,917,3228,-5235,0,0,10890,0.1014,0.034,0.029,-0.071,-3.87,-3.3,916,3570,-7111,0,0
57.481,1625.2,37.55,27.26,355.6,129.2,0.51,-1.13,-0.26,1,0,1,3,4455,984.3,1.85,0.39,-1.18,-5.77,4298,705,5269,0.0475,0.019,0.028,-0.072,-9.54,2.38,913,1023,-5606,0,0,7021,0.0831,-0.057,0.018,-0.082,-7.64,0.48,912,1019,-6866,0,0,7846,0.0635,0.066,0.029,-0.071,-2.01,-5.15,926,3323,-3038,0,0,10985,0.0982,-0.027,0.023,-0.077,-2,-5.16,925,3650,-4068,0,0
57.601,1629.5,38.37,27.22,351.35,130.3,0.32,-1.41,-0.51,1,0,1,3,4454,984.3,1.85,0.4,-1.28,-33.22,4387,716,5305,0.0484,0.008,0.096,-0.004,-24.53,17.37,894,1370,-5688,0,0,8249,0.0871,0.034,0.041,-0.059,-19.16,12,906,1124,-8782,0,0,7460,0.0597,-0.031,0.044,-0.056,-3.03,-4.13,936,4118,-3920,0,0,11166,0.0984,0.002,0.019,-0.081,-2.95,-4.21,939,2847,-5643,0,0
57.721,1633.9,39.4,27.19,347.12,131.2,0.36,-1.51,0,1,0,1,3,4546,992.8,1.87,0.36,-1.48,-33.93,4487,727,5023,0.0466,-0.015,0.016,-0.084,-2.32,-4.84,916,1200,-2164,0,0,7692,0.091,0.032,0.009,-0.091,-2.05,-5.11,935,1020,-2836,0,0,5144,0.0572,-0.021,0.057,-0.043,-5.23,-1.93,951,2793,-4082,0,0,10852,0.1019,0.029,0.026,-0.074,-4.83,-2.33,952,2887,-8160,0,0
57.841,1638.3,40.64,27.16,342.88,133,0.54,-1.34,0,0,0,1,3,4560,562.4,1.32,0.23,-1.34,-13.77,4578,747,5274,0.0478,0.01,0.011,-0.089,-3.18,-3.99,931,841,-3177,0,0,7654,0.0882,-0.023,0.006,-0.094,-2.94,-4.23,938,735,-4177,0,0,8035,0.062,0.04,0.027,-0.073,-4.2,-2.97,945,2635,-5769,0,0,10539,0.1022,0.003,0.016,-0.084,-4.15,-3.01,946,2269,-7285,0,0
57.961,1642.7,42.05,27.14,338.69,132.2,-0.13,-1.17,0,0,0,1,3,4444,-219.1,0.2,0.26,-1.17,-4.19,4562,737,6607,0.0548,0.058,-0.003,-0.097,-2.31,-4.85,917,-324,-3005,0,0,8356,0.0905,0.019,-0.003,-0.097,-2.08,-5.08,921,-353,-3376,0,0,7287,0.0612,-0.006,-0.008,-0.092,-2.57,-4.59,912,-898,-3621,0,0,9737,0.0968,-0.045,-0.008,-0.092,-2.56,-4.6,915,-1181,-4659,0,0
58.081,1647.1,43.57,27.13,334.58,131,-0.25,-0.73,0,0,0,1,3,4411,-217.7,0.2,0.29,-0.84,-1.02,4532,724,6510,0.064,0.077,-0.003,-0.097,-1.36,-5.8,911,-321,-1802,0,0,7110,0.0891,-0.012,-0.003,-0.097,-1.13,-6.03,912,-348,-1638,0,0,8097,0.0647,0.03,-0.007,-0.093,-1.35,-5.81,907,-975,-2185,0,0,9301,0.0883,-0.071,-0.007,-0.093,-1.35,-5.81,908,-1069,-2467,0,0
58.201,1651.4,45.14,27.12,330.53,129.9,-0.25,-0.38,0,0,0,1,3,4374,-216.1,0.2,0.2,-0.44,-0.07,4471,712,7534,0.0723,0.069,-0.002,-0.098,-0.73,-6.43,905,-331,-1123,0,0,6790,0.0854,-0.03,-0.007,-0.093,-0.5,-6.66,901,-318,-623,0,0,8636,0.0696,0.04,-0.007,-0.093,-0.63,-6.53,901,-1015,-1102,0,0,9008,0.0825,-0.048,-0.006,-0.094,-0.63,-6.53,901,-1033,-1143,0,0
58.321,1655.7,46.73,27.13,326.53,128.8,-0.25,-0.18,0,0,0,1,3,4341,-214.7,0.2,0.04,-0.2,0.18,4390,701,6500,0.076,0.031,-0.003,-0.097,-0.39,-6.78,897,-283,-611,0,0,6557,0.0812,-0.035,-0.003,-0.097,-0.15,-7.01,897,-344,-213,0,0,8579,0.0735,0.032,-0.007,-0.093,-0.26,-6.9,893,-1019,-452,0,0,9049,0.0796,-0.025,-0.007,-0.093,-0.26,-6.9,893,-1034,-475,0,0
58.441,1660,48.33,27.15,322.56,127.7,-0.26,-0.07,0,0,0,1,3,4306,-213.2,0.2,-0.15,-0.09,0.16,4313,689,7058,0.0778,0.014,-0.003,-0.097,-0.23,-6.93,890,-319,-328,0,0,7003,0.0813,0,-0.003,-0.097,0.01,-7.15,890,-323,5,0,0,8756,0.0754,0.017,-0.007,-0.093,-0.1,-7.06,886,-1019,-177,0,0,9343,0.0785,-0.009,-0.006,-0.094,-0.1,-7.06,886,-1038,-188,0,0
58.561,1664.2,49.91,27.19,318.63,126.6,-0.26,-0.03,0,0,0,1,3,4269,-211.6,0.2,-0.37,-0.01,0.09,4243,677,7339,0.0803,0.021,-0.002,-0.098,-0.15,-7.01,882,-323,-230,0,0,7271,0.0806,-0.006,-0.003,-0.097,0.09,-7.08,882,-327,125,0,0,9091,0.0772,0.015,-0.006,-0.094,-0.03,-7.13,879,-1022,-52,0,0,9101,0.0783,-0.001,-0.006,-0.094,-0.03,-7.13,878,-1020,-51,0,0
58.681,1668.4,51.49,27.24,314.74,125.5,-0.27,-0.01,0,0,0,1,3,4230,-210,0.2,-0.64,-0.02,-0.04,4171,665,14263,0.0818,0.013,-0.003,-0.097,-0.13,-7.03,872,217,-449,0,0,7375,0.0815,0.008,-0.002,-0.098,0.11,-7.05,874,-323,162,0,0,9186,0.0788,0.013,-0.006,-0.094,-0.01,-7.15,871,-998,-12,0,0,8938,0.0792,0.007,-0.006,-0.094,-0.01,-7.15,871,-1001,-24,0,0
58.801,1672.6,53.01,27.32,310.87,123.9,-0.36,0.71,0,0,0,1,3,4131,-205.8,0.2,-0.99,0.46,32.03,4075,648,9906,0.0907,0.074,-0.003,-0.097,11.23,4.07,858,-195,10342,0,0,5981,0.0787,-0.024,0.004,-0.096,14.91,7.75,828,85,6681,0,0,10405,0.0861,0.061,-0.009,-0.091,1.26,-5.91,870,-1533,2218,0,0,7126,0.0729,-0.052,-0.003,-0.097,1.29,-5.87,851,-303,1649,0,0
58.921,1676.7,54.39,27.43,307,122.5,-0.31,0.75,0,0,0,1,3,4127,-205.6,0.2,-1.51,0.82,16.65,3987,633,10443,0.0979,0.06,-0.002,-0.098,1.07,-6.09,860,-377,1997,0,0,7590,0.0789,0.001,-0.003,-0.097,1.36,-5.8,846,-321,1850,0,0,10723,0.0934,0.061,-0.009,-0.091,2.63,-4.53,854,-1383,5101,0,0,9215,0.0704,-0.021,-0.006,-0.094,2.67,-4.49,844,-626,4509,0,0
59.041,1680.8,55.66,27.58,303.15,121.1,-0.31,0.8,0,0,0,1,3,4082,-203.6,0.2,-2.21,0.95,5.64,3889,619,9280,0.1038,0.049,-0.002,-0.098,1.13,-6.03,846,-323,2050,0,0,9503,0.0836,0.039,-0.002,-0.098,1.41,-5.75,842,-361,2597,0,0,9991,0.0984,0.042,-0.008,-0.092,1.78,-5.38,841,-1236,3384,0,0,7856,0.0728,0.02,-0.007,-0.093,1.79,-5.37,838,-839,2777,0,0
59.161,1684.8,56.82,27.79,299.32,119.4,-0.36,0.87,0.24,0,0,1,3,4020,-201,0.2,-3.53,1.1,17.82,3737,602,12624,0.1222,0.154,-0.004,-0.096,6.15,-1.02,834,-366,9645,0,0,11843,0.1029,0.161,-0.001,-0.099,8.24,1.08,819,-92,11002,0,0,14086,0.1019,0.029,-0.008,-0.092,1.33,-5.83,836,-1509,2866,0,0,10727,0.0804,0.063,-0.003,-0.097,1.35,-5.81,826,-610,2653,0,0
59.281,1688.7,57.75,28.13,295.51,116.2,-0.6,1.93,0,0,0,1,3,3883,-194.7,0.2,-5.74,1.15,55.25,3522,570,14645,0.1328,0.089,-0.007,-0.093,-0.82,-6.34,832,-2173,8410,0,0,10334,0.0983,-0.038,-0.032,-0.068,-0.51,-6.65,775,-3476,9068,0,0,13787,0.1275,0.213,-0.018,-0.082,4.17,-2.99,818,-2363,7904,0,0,11033,0.0937,0.111,-0.005,-0.095,4.38,-2.78,788,-594,7677,0,0
59.401,1692.6,58.44,28.59,291.76,113.8,-0.44,1.39,0,0,0,1,3,3839,-193.3,0.2,-7.72,0.62,20.69,3344,547,10118,0.1208,-0.1,-0.002,-0.098,2.08,-5.08,802,-280,3848,0,0,7453,0.0938,-0.037,-0.003,-0.097,2.46,-4.71,786,-332,3431,0,0,12638,0.1285,0.008,-0.01,-0.09,4.16,-3,795,-1402,8258,0,0,11263,0.101,0.061,-0.005,-0.095,4.24,-2.93,784,-623,7965,0,0
59.521,1696.3,58.94,29.15,288.08,112,-0.36,1.27,0,1,0,1,3,3845,891.1,1.7,-9.18,0.57,6.49,3276,529,10665,0.1179,-0.024,0.003,-0.097,1.52,-5.65,789,732,3071,0,0,7011,0.093,-0.006,0.008,-0.092,1.85,-5.31,788,743,2576,0,0,12399,0.1254,-0.025,0.017,-0.083,2.31,-4.85,800,2716,5119,0,0,11245,0.0947,-0.053,0.021,-0.079,2.32,-4.84,798,3183,4859,0,0
59.641,1700.1,59.3,29.8,284.41,112.4,0.12,0.66,0,0,0,1,3,3860,893.7,1.71,-10.38,0.55,1.05,3274,533,5753,0.0974,-0.171,0.009,-0.091,0.72,-6.44,794,904,872,0,0,7205,0.0885,-0.038,0.007,-0.093,0.99,-6.17,792,912,1470,0,0,11824,0.1179,-0.063,0.017,-0.083,0.96,-6.2,800,3286,2201,0,0,12835,0.0934,-0.011,0.018,-0.082,0.95,-6.21,800,3414,2206,0,0
59.761,1703.8,59.61,30.5,280.76,110.7,-0.39,0.25,0,0,0,1,3,3735,-188.9,0.2,-10.71,0.7,-0.08,3231,517,3490,0.0764,-0.175,-0.003,-0.097,0.26,-6.9,771,-192,199,0,0,5785,0.0768,-0.098,-0.002,-0.098,0.49,-6.67,772,-221,596,0,0,9971,0.0992,-0.155,-0.006,-0.094,0.34,-6.82,769,-916,675,0,0,8292,0.0839,-0.079,-0.006,-0.094,0.34,-6.82,769,-879,593,0,0
59.881,1707.4,59.88,31.17,277.19,108.3,-0.56,0.21,0.21,0,0,1,3,3641,-184.9,0.2,-9.97,1.27,8.85,3172,495,1482,0.055,-0.179,-0.002,-0.098,5.3,-1.86,753,-35,1213,0,0,1511,0.0573,-0.163,0,-0.1,7.04,-0.13,746,-3,1478,0,0,2140,0.0741,-0.21,0.009,-0.091,-0.37,-6.79,752,-67,87,0,0,6638,0.0627,-0.177,-0.005,-0.095,0.35,-6.81,749,-606,414,0,0
60.001,1711,60.09,31.75,273.7,105.9,-0.53,0.51,0.6,0,0,1,3,3449,-176.3,0.2,-8.12,1.87,24.34,3050,474,3239,0.0334,-0.18,0.008,-0.092,19.91,12.75,706,96,3714,0,0,1151,0.0151,-0.351,0.04,-0.06,25.48,18.31,683,129,1330,0,0,3844,0.0501,-0.199,-0.017,-0.083,2.05,-5.11,733,-1030,1493,0,0,1292,0.0242,-0.321,-0.01,-0.09,2.1,-5.06,721,-214,531,0,0
60.121,1714.4,60.22,32.18,270.26,103.7,-0.45,0.5,0.61,0,0,1,3,3267,-166.7,0.2,-5.47,1.91,24.47,2951,454,952,0.0142,-0.16,-0.007,-0.093,24.13,16.96,660,-19,1109,0,0,565,-0.0156,-0.256,0.015,-0.085,30.32,23.16,622,20,652,0,0,2211,0.0303,-0.165,-0.025,-0.075,3.94,-3.23,710,-673,1593,0,0,902,0.0012,-0.191,-0.012,-0.088,4.04,-3.13,702,-129,680,0,0
60.241,1717.8,60.29,32.42,266.87,101.8,-0.36,0.41,0.62,0,0.35,0.62,3,2713,-137.8,0.2,-2.37,1.53,20.02,2810,438,1015,-0.0018,-0.133,-0.164,0.064,26.38,19.22,532,-404,1110,437,1,249,-0.0398,-0.202,-0.194,0.094,32.62,25.45,471,-95,273,437,1,1500,0.0106,-0.164,-0.126,0.026,5.51,-1.65,621,-1390,1054,235,1,604,-0.0163,-0.146,-0.127,0.027,5.65,-1.52,607,-555,441,235,1
60.361,1721.2,60.31,32.46,263.55,99.1,-0.56,0.33,0.63,0,0.48,0.4,2,2298,-115.5,0.2,1.02,0.7,15.68,2690,415,4567,0.0063,0.068,-0.428,0.328,28.46,21.29,348,-3567,3734,1102,1,262,-0.0428,-0.025,-0.769,0.669,34.83,27.67,121,-254,188,1102,1,820,-0.0036,-0.118,-0.266,0.166,6.91,-0.25,497,-912,436,594,1,2948,-0.0171,-0.006,-0.241,0.141,7.03,-0.14,507,-3118,1643,594,1
60.481,1724.4,60.31,32.33,260.32,96,-0.64,0.37,0.64,0,0.6,1,2,2889,-149.4,0.2,4.21,-0.32,17.56,2545,389,1023,0.0197,0.112,-0.177,0.077,29.89,22.72,481,-381,1119,778,1,4300,-0.0128,0.25,-0.399,0.299,36.4,29.24,328,-2828,3868,778,1,689,-0.0113,-0.064,-0.3,0.2,8.18,1.02,486,-769,368,419,1,537,-0.0202,-0.026,-0.287,0.187,8.35,1.19,485,-591,305,419,1
60.601,1727.5,60.25,32.06,257.22,92.3,-0.73,0.64,0.65,0,0.23,1,2,2792,-142,0.2,6.97,-0.98,20.68,2387,361,5203,0.0433,0.197,-0.163,0.063,31.16,23.99,463,-1832,5375,575,1,5157,0.0018,0.121,-0.459,0.359,37.96,30.8,273,-3525,4465,575,1,821,-0.0035,0.064,-0.264,0.164,9.35,2.19,469,-863,523,309,1,789,-0.0054,0.123,-0.238,0.138,9.59,2.42,473,-783,566,309,1
60.721,1730.5,60.09,31.69,254.26,88.5,-0.7,1.1,0.67,0,0.41,1,2,3197,-160.4,0.2,8.89,-1.24,27.3,2211,332,11845,0.076,0.272,-0.134,0.034,31.47,24.31,457,-3089,11332,920,1,5882,0.025,0.194,-0.132,0.032,38.62,31.45,403,-1394,6108,920,1,3776,0.0175,0.175,-0.131,0.031,10.13,2.97,519,-2843,3355,496,1,4374,-0.002,0.028,-0.099,-0.001,10.47,3.31,512,-2861,4140,1652,0
60.841,1733.4,59.77,31.27,251.44,85.1,-0.55,1.54,0.68,0.18,0,1,2,3609,-78.1,0.31,10.03,-1.46,27.11,2049,307,12180,0.0961,0.168,0.018,-0.082,31.01,23.85,518,297,11831,0,0,8028,0.0347,0.081,0.056,-0.044,38.25,31.09,476,476,8267,0,0,9051,0.043,0.213,-0.003,-0.097,9.3,2.13,573,-1157,9342,0,0,2549,0.0093,0.094,0.026,-0.074,9.63,2.46,570,143,2902,0,0
60.961,1736.2,59.23,30.82,248.71,85,0.24,1.74,0.68,0,0,1,2,3956,169,0.62,10.63,-1.73,25.27,2018,306,10354,0.0975,0.012,0.071,-0.029,29.2,22.04,565,1561,10394,0,0,8373,0.0307,-0.034,0.226,0.126,36.52,29.36,572,2963,8159,0,0,12158,0.0649,0.183,0.036,-0.064,7.07,-0.09,626,5148,10416,0,0,8923,0.0306,0.177,0.068,-0.032,7.29,0.13,626,5523,7549,0,0
61.081,1739,58.47,30.31,246.04,84.5,0.05,1.64,0.68,0.43,0,1,2,3671,204.8,0.68,11.49,-2.11,20.82,1979,302,7928,0.0891,-0.07,0.009,-0.091,27.38,20.22,539,252,8349,0,0,5945,0.0275,-0.026,0.068,-0.032,34.49,27.33,516,872,6292,0,0,10517,0.0735,0.071,-0.033,-0.067,4.72,-2.44,597,-1877,8094,0,0,3985,0.031,0.003,-0.014,-0.086,4.85,-2.31,593,100,3440,0,0
61.201,1740,57.62,30.27,245.45,30.9,-13.62,5.37,0.88,0,0,0.81,2,3046,-157,0.2,9.56,-1.15,18.5,377,46,0,-0.1,-1.576,0.819,0.719,4.18,-2.98,384,0,0,0,0,0,-0.1,-1.062,1.844,1.744,11.91,4.74,560,0,0,0,0,425,-0.0268,-0.836,1.42,1.32,-26.58,19.41,463,502,-142,0,0,0,-0.1,-1.091,1.502,1.402,-27.11,19.94,464,0,0,0,0
61.321,1741.1,56.83,30.07,244.82,32.6,0.49,0.12,0.88,0,0,0.01,2,2388,-121.1,0.2,10.65,-7.63,19.44,138,48,0,-0.1,0,0.729,0.629,5.68,-1.48,376,0,0,0,0,0,-0.1,0,1.462,1.362,13.44,6.28,525,0,0,0,0,0,-0.1,-0.61,1.003,0.903,-23.6,16.44,403,0,0,0,0,6756,-0.0382,0.515,-0.167,0.067,-24.58,17.42,167,-2492,-6915,0,0
61.441,1742.2,56.01,29.7,244.18,33.4,0.21,-0.14,0.87,0.1,0,0.23,1,2235,-114.2,0.2,12.84,-5.43,67.25,125,52,11448,-0.029,0.592,0.034,-0.066,2.77,-4.39,289,-769,4549,0,0,9687,0.0336,1.113,0.02,-0.08,4.67,-2.49,233,608,8412,0,0,8126,-0.0352,0.54,-0.065,-0.035,-9.97,2.81,227,-1450,-8620,0,0,8977,0.0456,0.698,-0.186,0.086,-12.91,5.75,147,1786,-9416,0,0
61.561,1743.3,55.17,29.38,243.53,33.9,0.11,0.42,0,1,0,0.57,1,2490,535.2,1.22,13.73,0.46,108.21,265,49,10612,0.0859,0.957,0.04,-0.06,-23.82,16.66,284,1840,-9289,0,0,5619,0.063,0.245,0.114,0.014,-32.55,25.39,209,1828,-5591,0,0,12777,0.07,0.877,0.014,-0.086,5.27,-1.89,279,979,8989,0,0,7337,0.0579,0.103,0.215,0.115,7.64,0.48,233,6019,5191,0,0
61.681,1744.5,54.22,29.1,242.8,38.3,1.04,-0.29,0,0,0,0.41,1,2583,-130.8,0.2,13.86,1.82,17.95,408,62,5214,0.0725,-0.112,-0.008,-0.092,-3.31,-3.85,269,-67,-4832,0,0,6019,0.0562,-0.057,-0.018,-0.082,-3.27,-3.9,255,-306,-5828,0,0,6685,0.0729,0.024,-0.016,-0.084,1.3,-5.86,265,-429,2595,0,0,7604,0.0616,0.031,-0.039,-0.061,1.36,-5.8,252,-1424,3304,0,0
61.801,1745.8,53.26,28.8,241.99,39.5,0.28,-0.14,0,1,0,0.1,1,2610,190.6,0.6,14.38,1.18,-0.33,431,66,5367,0.0583,-0.118,-0.006,-0.094,0.07,-7.1,271,-359,103,0,0,5906,0.0586,0.021,-0.005,-0.095,0.23,-6.93,272,-318,313,0,0,6477,0.0515,-0.178,-0.019,-0.081,-0.12,-7.05,268,-1293,-83,0,0,7135,0.0552,-0.053,-0.018,-0.082,-0.12,-7.04,269,-1403,-83,0,0
61.921,1747.2,52.22,28.46,241.13,44.3,1.14,-0.03,0,1,0,0.7,1,3349,807.3,1.58,14.68,1.19,-0.14,527,83,5426,0.0549,-0.029,0.04,-0.06,0.01,-7.15,320,2638,-3,0,0,5040,0.0524,-0.052,0.044,-0.056,0.16,-7,322,2525,151,0,0,7515,0.0496,-0.015,0.122,0.022,0.08,-7.08,348,7425,73,0,0,7466,0.0537,-0.013,0.123,0.023,0.07,-7.09,348,7385,67,0,0
62.041,1748.8,51.01,28.05,240.11,52.3,1.9,-0.01,0,1,0,1,1,3738,875.5,1.68,14.56,1.16,0.08,697,116,4238,0.0434,-0.096,0.022,-0.078,0.07,-7.09,372,2154,75,0,0,4020,0.04,-0.103,0.026,-0.074,0.2,-6.97,373,2035,148,0,0,8103,0.0599,0.085,0.049,-0.051,0.12,-7.04,382,7120,193,0,0,8195,0.0603,0.055,0.048,-0.052,0.12,-7.05,382,7162,183,0,0
62.161,1750.7,49.62,27.57,238.94,59.7,1.75,0,0,1,0,1,1,4309,960.7,1.81,14.75,1.1,0.12,904,151,4661,0.039,-0.036,0.029,-0.071,0.05,-7.11,427,2159,46,0,0,1242,0.0366,-0.028,0.037,-0.063,0.49,-6.67,431,634,51,0,0,8741,0.0662,0.053,0.064,-0.036,0.1,-7.07,443,7044,159,0,0,8666,0.0657,0.045,0.065,-0.035,0.09,-7.07,443,7001,153,0,0
62.281,1752.9,48.03,27,237.61,67.7,1.88,0,0,1,0,1,1,5133,1003.5,2.01,15.01,1.06,-0.03,1150,193,4781,0.0383,-0.006,0.044,-0.056,0.04,-7.12,490,3387,43,0,0,4736,0.0377,0.009,0.044,-0.056,0.16,-7,490,3361,151,0,0,8001,0.0652,-0.008,0.156,0.056,0.09,-7.07,543,8640,82,0,0,8340,0.0644,-0.011,0.155,0.055,0.09,-7.07,542,8952,105,0,0
62.401,1755.3,46.25,26.36,236.12,75.4,1.82,0,0,1,0,1,1,5468,1005.7,2.08,15.2,1.12,-0.04,1420,240,4447,0.0376,-0.006,0.032,-0.068,0.03,-7.13,542,2265,41,0,0,4733,0.0394,0.014,0.029,-0.071,0.15,-7.01,540,2290,129,0,0,8440,0.0673,0.017,0.071,-0.029,0.1,-7.06,563,7291,158,0,0,8084,0.0649,0.004,0.072,-0.028,0.1,-7.06,563,7070,160,0,0
62.521,1757.9,44.29,25.64,234.46,83.5,1.9,-0.26,-0.3,0.94,0,1,1,6410,925.9,2.23,15.3,0.9,-13.24,1738,294,3653,0.037,-0.005,0.105,0.005,-10.28,3.12,631,2108,-3573,0,0,5606,0.0446,0.043,0.07,-0.03,-7.7,0.54,626,2675,-5065,0,0,7594,0.0669,-0.003,0.155,0.055,-0.38,-6.78,672,8040,-255,0,0,8946,0.0698,0.041,0.128,0.028,-0.37,-6.79,672,8894,-373,0,0
62.641,1760.9,42.23,24.85,232.56,89.7,1.51,-0.88,0,1,0,0.46,1,6569,947.6,2.34,15.45,-0.6,-33.99,2021,340,6219,0.0274,-0.08,0.026,-0.074,1.36,-5.81,625,2850,1002,0,0,7135,0.0608,0.135,0.013,-0.087,1.43,-5.74,646,1545,1552,0,0,6661,0.0586,-0.07,0.082,-0.018,-2.82,-4.35,661,5884,-2848,0,0,9482,0.0805,0.089,0.04,-0.06,-2.69,-4.47,663,5159,-4274,0,0
62.761,1763.9,40.11,24.02,230.5,93.5,0.91,-0.51,0,1,0,0.76,2,6757,931.7,2.39,15.42,-0.7,-10.44,2237,369,4189,0.0462,0.156,0.023,-0.077,-1.11,-6.06,664,1321,-916,0,0,9078,0.075,0.118,0.013,-0.087,-0.89,-6.27,664,1776,-1506,0,0,8840,0.0568,-0.014,0.057,-0.043,-2.09,-5.08,686,5980,-3351,0,0,8419,0.0746,-0.049,0.049,-0.051,-2.07,-5.09,688,5040,-3250,0,0
62.881,1767.2,37.95,23.16,228.24,100.2,1.63,-0.93,-0.33,1,0,1,2,4993,1001.4,1.97,15,-0.72,-25.74,2571,424,6434,0.046,-0.001,0.065,-0.035,-11.15,3.98,722,2237,-6772,0,0,9945,0.0833,0.07,0.033,-0.067,-8.41,1.25,725,2289,-9811,0,0,6643,0.0669,0.084,0.109,0.009,-1.9,-5.26,767,6521,-1858,0,0,9184,0.0858,0.094,0.076,-0.024,-1.85,-5.31,765,7486,-2734,0,0
63.001,1770.6,35.77,22.28,225.68,106.7,1.61,-1.21,0,1,0,1,2,5247,1004.4,2.03,14.02,-1.49,-34.25,2844,481,4091,0.04,-0.05,0.039,-0.061,-0.82,-6.34,761,2504,-475,0,0,8090,0.0915,0.068,0.018,-0.082,-0.57,-6.6,770,2415,-522,0,0,11313,0.0768,0.083,0.087,-0.013,-4.04,-3.12,795,8597,-6364,0,0,13369,0.105,0.159,0.056,-0.044,-3.9,-3.26,799,6849,-7180,0,0
63.121,1774.3,33.57,21.41,222.84,113.4,1.66,-1.07,-0.23,1,0,1,2,5560,1003.7,2.11,12.39,-0.95,-19.12,3107,544,5873,0.0627,0.189,0.055,-0.045,-9.62,2.46,818,2144,-5936,0,0,8054,0.1061,0.122,0.034,-0.066,-7.6,0.44,819,2213,-7446,0,0,12984,0.0916,0.123,0.067,-0.033,-3.03,-4.13,838,8399,-5753,0,0,16887,0.1179,0.108,0.052,-0.048,-2.98,-4.19,840,7183,-5905,0,0
63.241,1778.2,31.43,20.64,219.67,118.3,1.38,-1.96,-0.56,0.72,0,1,2,5831,991.7,2.17,9.35,-0.4,-53.33,3371,592,6453,0.0857,0.192,0.141,0.041,-23.49,16.33,848,2426,-6625,0,0,22073,0.1459,0.331,0.061,-0.039,-18.08,10.92,852,2456,-12016,0,0,16331,0.1205,0.241,0.094,-0.006,-4.7,-2.46,886,9028,-7166,0,0,24918,0.1499,0.267,0.053,-0.047,-4.46,-2.7,891,6270,-7881,0,0
63.361,1782.3,29.48,20.13,216.2,119.7,0.72,-2.17,0,0,0,1,2,5488,-263.6,0.2,4.98,0.41,-54.47,3492,606,19231,0.1389,0.443,-0.004,-0.096,-2.76,-4.4,813,-805,-5487,0,0,14181,0.1403,-0.047,-0.004,-0.096,-2.22,-4.94,853,-645,-4411,0,0,18723,0.1412,0.172,-0.011,-0.089,-7.29,0.12,808,-1013,-11120,0,0,20621,0.1451,-0.041,-0.028,-0.072,-6.95,-0.22,832,-2746,-10761,0,0
63.481,1786.2,27.82,19.91,212.61,117.6,-0.16,-2.15,-0.09,0,0,1,2,5365,-258.4,0.2,1.89,-0.29,-31.8,3555,584,9078,0.114,-0.207,-0.003,-0.097,-8.23,1.07,798,-251,-8688,0,0,13807,0.1291,-0.093,-0.005,-0.095,-6.85,-0.31,823,-498,-10233,0,0,11858,0.1274,-0.115,-0.011,-0.089,-6.7,-0.46,799,-1152,-10728,0,0,15759,0.1401,-0.041,-0.023,-0.077,-6.52,-0.65,812,-2366,-10599,0,0
63.601,1790.1,26.49,19.86,208.97,114.6,-0.39,-2.51,-0.49,0,0,1,2,5098,-247.1,0.2,0.13,-1.17,-38.97,3484,555,13144,0.0964,-0.147,0.005,-0.095,-23,15.83,726,145,-12098,0,0,14287,0.1276,-0.012,-0.003,-0.097,-18.23,11.07,770,-145,-12248,0,0,8895,0.0974,-0.25,-0.009,-0.091,-6.23,-0.93,777,-745,-8093,0,0,18039,0.1336,-0.054,-0.022,-0.078,-6.01,-1.15,795,-2394,-10145,0,0
63.721,1793.9,25.51,19.91,205.35,110.7,-0.65,-2.28,-0.58,0,0,1,2,4774,-233.2,0.2,-1.23,-1.66,-39.69,3275,517,7260,0.0794,-0.141,-0.012,-0.088,-30.21,23.04,646,-195,-7674,0,0,10204,0.1236,-0.034,-0.011,-0.089,-23.94,16.78,711,-290,-10502,0,0,8214,0.0786,-0.157,-0.01,-0.09,-6.48,-0.68,749,-758,-7677,0,0,13056,0.1274,-0.052,-0.022,-0.078,-6.24,-0.92,768,-2391,-10337,0,0
63.841,1797.5,24.85,20.04,201.8,106.5,-0.73,-2.18,0,0,0,1,2,4577,-224.8,0.2,-2.14,-1.82,-38.28,3071,479,6243,0.0701,-0.077,-0.013,-0.087,-30.98,23.82,616,-170,-6681,0,0,10549,0.1219,-0.014,-0.012,-0.088,-24.56,17.4,680,-320,-10785,0,0,7017,0.0647,-0.116,-0.01,-0.09,-6.54,-0.62,720,-627,-6698,0,0,11976,0.1183,-0.076,-0.021,-0.079,-6.29,-0.87,740,-2245,-10388,0,0
63.961,1800.9,24.46,20.22,198.36,102.6,-0.71,-1.76,0,0,0,1,2,4698,-229.9,0.2,-2.77,-1.64,-24.29,2878,445,7291,0.0691,-0.008,-0.005,-0.095,-3.58,-3.59,702,-412,-4730,0,0,10267,0.1156,-0.052,-0.004,-0.096,-3.21,-3.95,721,-526,-5824,0,0,7525,0.0566,-0.067,-0.012,-0.088,-5.98,-1.18,697,-885,-6896,0,0,11125,0.1071,-0.093,-0.019,-0.081,-5.84,-1.33,710,-1992,-9510,0,0
64.081,1804.3,24.3,20.43,194.98,101.4,-0.17,-1.48,0,1,0,1,2,4833,998.9,1.94,-3.44,-1.44,-9.35,2775,434,5539,0.0652,-0.033,0.018,-0.082,-2.71,-4.45,718,1284,-2936,0,0,8421,0.1077,-0.066,0.012,-0.088,-2.42,-4.74,720,1323,-3892,0,0,8016,0.0574,0.007,0.048,-0.052,-3.6,-3.56,740,4104,-5079,0,0,11920,0.102,-0.042,0.037,-0.063,-3.57,-3.6,738,4547,-7224,0,0
64.201,1807.8,24.29,20.67,191.56,103.9,0.63,-0.89,0,1,0,1,2,4945,1000.9,1.96,-4.2,-1.06,-1.28,2800,456,7424,0.0606,-0.038,0.017,-0.083,-1.49,-5.67,737,1915,-2243,0,0,6277,0.088,-0.164,0.015,-0.085,-1.27,-5.89,738,1510,-1649,0,0,7292,0.0663,0.073,0.041,-0.059,-1.51,-5.66,755,4202,-2257,0,0,10648,0.0986,-0.028,0.036,-0.064,-1.57,-5.59,752,5320,-3200,0,0
64.321,1811.3,24.37,20.94,188.05,106.4,0.61,-0.39,0,1,0,1,2,5059,1002.4,1.99,-4.65,-0.68,0.77,2902,478,6106,0.0608,0.002,0.014,-0.086,-0.67,-6.5,755,1491,-858,0,0,6292,0.0742,-0.115,0.014,-0.086,-0.46,-6.7,754,1504,-623,0,0,9110,0.0761,0.082,0.034,-0.066,-0.53,-6.63,771,4803,-965,0,0,12065,0.0917,-0.057,0.037,-0.063,-0.53,-6.64,767,6197,-1244,0,0
64.441,1814.9,24.48,21.23,184.47,108.9,0.59,-0.13,0,1,0,1,2,5176,1003.8,2.02,-4.85,-0.51,0.51,3026,501,6075,0.0614,0.005,0.014,-0.086,-0.29,-6.87,772,1510,-372,0,0,3430,0.0634,-0.09,0.02,-0.08,-0.09,-7.08,774,1047,-82,0,0,9553,0.079,0.024,0.034,-0.066,-0.15,-7.01,788,4996,-314,0,0,8818,0.0844,-0.061,0.035,-0.065,-0.15,-7.01,788,4794,-286,0,0
64.561,1818.6,24.64,21.53,180.77,112.9,0.94,-0.55,-0.41,0.89,0,1,2,5618,1001.4,2.12,-4.99,-0.79,-25.77,3221,538,4606,0.0509,-0.087,0.106,0.006,-15.07,7.91,833,2058,-4847,0,0,6400,0.0627,-0.006,0.06,-0.04,-11.46,4.3,830,2116,-6754,0,0,8615,0.0753,-0.031,0.082,-0.018,-1.11,-6.05,844,7786,-1444,0,0,10763,0.0884,0.033,0.057,-0.043,-1.09,-6.07,844,7840,-1850,0,0
64.681,1822.4,24.96,21.85,176.99,114.6,0.48,-1.19,0,0,0,1,2,5269,-256.2,0.2,-4.85,-1.21,-40.28,3355,554,3593,0.0384,-0.105,-0.003,-0.097,-0.41,-6.75,787,-99,-460,0,0,6949,0.0696,0.058,-0.004,-0.096,-0.24,-6.92,815,-158,-430,0,0,6708,0.0607,-0.122,0.002,-0.098,-4.05,-3.11,809,1250,-4705,0,0,10368,0.0955,0.059,-0.026,-0.074,-3.91,-3.25,815,-1940,-6713,0,0
64.801,1826.2,25.42,22.14,173.24,113.4,-0.22,-0.98,-0.16,0,0,1,2,5198,-253.2,0.2,-4.24,-1.11,-15.37,3385,542,4794,0.0417,0.028,-0.001,-0.099,-5.46,-1.7,785,87,-3839,0,0,6648,0.0729,0.028,-0.004,-0.096,-4.59,-2.57,795,-145,-4629,0,0,5737,0.0494,-0.094,-0.009,-0.091,-3.72,-3.44,800,271,-3955,0,0,8900,0.0834,-0.101,-0.02,-0.08,-3.67,-3.49,802,-944,-5795,0,0
64.921,1829.9,26.04,22.4,169.56,111.6,-0.32,-1.39,-0.52,0,0,1,2,5038,-246.4,0.2,-3.49,-1.26,-26.1,3331,525,3637,0.0355,-0.052,0.054,-0.046,-22.75,15.59,752,615,-4077,0,0,6666,0.0738,0.007,0.012,-0.088,-17.97,10.81,763,361,-7334,0,0,4562,0.0376,-0.098,-0.008,-0.092,-3.75,-3.41,784,268,-3152,0,0,7534,0.079,-0.037,-0.028,-0.072,-3.66,-3.5,787,-1540,-4881,0,0
65.041,1833.6,26.84,22.61,165.99,109,-0.5,-1.31,-0.59,0,0.29,1,2,4456,-222,0.2,-2.44,-1.24,-28.75,3238,502,2089,0.0298,-0.047,-0.091,-0.009,-29.52,22.36,595,-370,-2343,929,0,11031,0.0688,-0.042,-0.11,0.01,-23.4,16.24,635,-2719,-10928,929,0,4067,0.0287,-0.074,-0.03,-0.07,-4.59,-2.57,747,-825,-3264,500,0,7778,0.0716,-0.062,-0.05,-0.05,-4.47,-2.7,752,-3267,-5688,500,0
65.161,1837.1,27.75,22.74,162.58,104.3,-1,-1.06,-0.61,0,0.11,1,2,4085,-203.6,0.2,-0.82,-1.08,-26.31,3033,460,3247,0.0278,-0.017,-0.122,0.022,-31.5,24.34,536,-857,-3522,190,1,4485,0.0615,-0.061,-0.118,0.018,-25.18,18.02,585,-1388,-4800,633,0,2779,0.0168,-0.099,-0.078,-0.022,-5.57,-1.59,659,-1991,-2250,341,0,5851,0.0543,-0.144,-0.074,-0.026,-5.42,-1.74,680,-4010,-4497,341,0
65.281,1840.5,28.75,22.78,159.35,99.5,-1,-1.13,-0.63,0,0.26,1,2,3765,-192.6,0.2,0.58,-1.16,-32.07,2790,419,5813,0.0382,0.087,-0.14,0.04,-32.77,25.61,499,-1551,-6064,706,1,8586,0.0729,0.095,-0.135,0.035,-26.23,19.07,554,-2575,-8649,706,1,2492,0.0081,-0.073,-0.105,0.005,-6.89,-0.27,627,-1762,-2201,1266,0,5579,0.0433,-0.092,-0.126,0.026,-6.66,-0.5,638,-4357,-4354,380,1
65.401,1843.7,29.86,22.77,156.34,94.6,-0.96,-1.48,-0.65,0,0.43,1,2,3631,-187.2,0.2,1.12,-1.51,-30.5,2503,378,4526,0.0431,0.041,-0.142,0.042,-34.41,27.25,465,-1140,-4809,572,1,7987,0.0869,0.117,-0.134,0.034,-27.6,20.44,521,-2248,-8132,572,1,1119,0.014,0.049,-0.053,-0.047,-7.76,0.6,617,-415,-1176,1028,0,8454,0.0601,0.14,-0.091,-0.009,-7.24,0.08,626,-4542,-7475,1028,0
65.521,1846.8,31.09,22.73,153.55,89.9,-0.91,-1.57,-0.66,0.33,0,1,2,3911,64.7,0.48,1.54,-1.74,-26.02,2269,342,4671,0.045,0.016,0.058,-0.042,-34.87,27.7,530,369,-5058,0,0,8030,0.0942,0.061,0.02,-0.08,-27.9,20.74,567,266,-8435,0,0,4189,0.0191,0.043,0.022,-0.078,-6.81,-0.35,606,283,-4249,0,0,8399,0.0683,0.069,-0.004,-0.096,-6.61,-0.55,610,-1324,-7899,0,0
65.641,1849.7,32.48,22.67,150.94,88.8,-0.07,-1.64,-0.67,0.29,0,1,2,3954,177.2,0.64,1.74,-1.88,-27.34,2168,333,1273,0.0389,-0.051,0.1,0,-33.93,26.76,555,276,-1423,0,0,7109,0.0894,-0.04,0.025,-0.075,-26.84,19.68,575,497,-7571,0,0,4959,0.0257,0.055,0.027,-0.073,-5.66,-1.51,624,1399,-4490,0,0,9401,0.0774,0.075,0.002,-0.098,-5.47,-1.69,629,265,-7994,0,0
65.761,1852.7,34.05,22.6,148.46,88,-0.04,-1.53,-0.67,0.94,0,1,2,4056,701.3,1.45,2.07,-1.88,-27.56,2103,327,3932,0.0341,-0.04,0.13,0.03,-32.99,25.82,573,986,-4223,0,0,6903,0.0849,-0.037,0.051,-0.049,-26.01,18.85,589,828,-7360,0,0,5765,0.0313,0.047,0.063,-0.037,-4.67,-2.49,641,3463,-4306,0,0,8858,0.0783,0.007,0.031,-0.069,-4.53,-2.64,643,2800,-6604,0,0
65.881,1855.6,35.8,22.49,146.09,88.6,0.25,-1.42,-0.67,0.62,0.39,1,2,3731,442.6,1.12,2.44,-1.83,-32.05,2104,331,4745,0.033,-0.009,-0.122,0.022,-32.37,25.21,455,-1039,-5074,683,1,7350,0.0797,-0.043,-0.123,0.023,-25.44,18.28,505,-2114,-7580,683,1,5256,0.0329,0.013,0.056,-0.044,-4.71,-2.45,642,3833,-3729,1225,0,8692,0.0784,0.002,0.016,-0.084,-4.53,-2.63,642,3428,-6361,1225,0
66.001,1858.5,37.69,22.37,143.85,87.8,-0.07,-1.37,-0.67,0.63,0,1,2,3985,474.8,1.18,2.96,-1.77,-31.69,2080,326,4126,0.0347,0.014,0.104,0.004,-32.4,25.24,560,848,-4458,0,0,7548,0.0808,0.009,0.039,-0.061,-25.43,18.27,585,770,-8000,0,0,5749,0.0338,0.008,0.043,-0.057,-4.57,-2.59,626,2743,-4365,0,0,9153,0.0747,-0.032,0.012,-0.088,-4.4,-2.76,631,1332,-6734,0,0
66.121,1861.4,39.71,22.22,141.77,85.9,-0.35,-1.35,-0.68,0,0.37,1,2,3361,-44.6,0.34,3.53,-1.82,-30.62,2007,311,5177,0.0357,0.008,-0.127,0.027,-32.72,25.55,425,-1407,-5443,875,1,7958,0.0829,0.018,-0.123,0.023,-25.72,18.56,477,-2554,-8055,875,1,4548,0.031,-0.024,-0.039,-0.061,-4.78,-2.38,535,-2476,-3538,1571,0,12976,0.0734,-0.01,-0.081,-0.019,-4.61,-2.56,548,-8009,-7599,1571,0
66.241,1864.2,41.76,22.05,139.9,82.5,-0.67,-1.41,-0.69,0,0.12,1,2,3631,-182.4,0.2,4.18,-1.79,-33.36,1885,288,4981,0.0428,0.059,0.073,-0.027,-33.11,25.95,500,608,-5369,0,0,8633,0.0909,0.067,0.019,-0.081,-25.93,18.77,533,303,-9036,0,0,4612,0.0263,-0.039,0.032,-0.068,-4.86,-2.31,558,746,-3848,0,0,8057,0.0659,-0.062,-0.003,-0.097,-4.65,-2.51,563,-1735,-6215,0,0
66.361,1866.9,43.86,21.88,138.25,78.5,-0.83,-1.38,-0.71,0,0.11,0.55,2,3037,-154.6,0.2,4.68,-1.7,-33.16,1725,261,5613,0.044,0.01,-0.141,0.041,-33.55,26.39,382,-1544,-5852,495,1,9187,0.0963,0.045,-0.123,0.023,-26.25,19.09,442,-2647,-9198,495,1,4675,0.0262,0,-0.078,-0.022,-5,-2.17,491,-3150,-3554,889,0,7760,0.0643,-0.014,-0.08,-0.02,-4.78,-2.39,513,-5398,-5386,889,0
66.481,1869.4,45.96,21.69,136.82,75.4,-0.6,-1.51,-0.72,0,0,0.19,1,3175,-161.4,0.2,4.95,-1.63,-39.27,1592,241,5314,0.0453,0.011,-0.024,-0.076,-33.47,26.31,416,-210,-5728,0,0,9539,0.1023,0.05,-0.021,-0.079,-26.04,18.88,474,-430,-9850,0,0,3905,0.0262,0,-0.029,-0.071,-5.25,-1.92,495,-973,-3415,0,0,8666,0.0654,0.009,-0.043,-0.057,-4.95,-2.21,515,-3302,-6712,0,0
66.601,1871.9,48.07,21.51,135.64,70.6,-1.01,-1.5,-0.73,0.1,0,0.79,1,4442,-63.6,0.37,5.19,-1.51,-46.11,1415,211,6014,0.0506,0.044,0.012,-0.088,-33.95,26.79,395,-143,-6420,0,0,8967,0.1081,0.049,-0.004,-0.096,-26.37,19.21,450,-342,-9332,0,0,4980,0.0256,-0.005,0.02,-0.08,-6.35,-0.82,463,-821,-4778,0,0,7755,0.0649,-0.004,-0.037,-0.063,-5.94,-1.22,470,-4261,-6383,0,0
66.721,1874.2,50.19,21.33,134.7,69.7,-0.04,-1.71,-0.74,0,0,1,1,4897,137.3,0.65,5.01,-1.54,-47.84,1351,206,4544,0.0448,-0.048,0.2,0.1,-33.82,26.66,474,1700,-4685,0,0,7699,0.1081,0,0.069,-0.031,-26.22,19.06,489,1284,-8070,0,0,6121,0.0307,0.042,0.079,-0.021,-6.31,-0.86,531,4095,-5052,0,0,10633,0.073,0.068,0.019,-0.081,-5.85,-1.31,532,1710,-9141,0,0
66.841,1876.5,52.37,21.15,133.99,68.3,-0.18,-1.68,-0.74,0.41,0,1,1,4597,162.6,0.64,4.93,-1.28,-39.69,1277,197,4572,0.0359,-0.075,0.122,0.022,-33.96,26.8,421,990,-4889,0,0,7709,0.1037,-0.037,0.032,-0.068,-26.33,19.17,446,430,-8160,0,0,6161,0.0372,0.054,0.057,-0.043,-5.09,-2.08,454,1454,-5248,0,0,10476,0.0801,0.059,0.007,-0.093,-4.76,-2.4,461,-2795,-8011,0,0
66.961,1878.8,54.56,20.97,133.5,68.3,0.09,-1.52,-0.74,0,0,1,1,4903,223.7,0.88,5.3,-0.68,-42.64,1277,197,1175,0.0314,-0.037,0.239,0.139,-33,25.84,480,544,-1237,0,0,6765,0.0973,-0.053,0.077,-0.023,-25.59,18.43,481,1564,-7120,0,0,5955,0.0381,0.008,0.025,-0.075,-4.62,-2.55,498,4692,-3966,0,0,7341,0.0761,-0.033,-0.026,-0.074,-4.33,-2.84,499,2364,-5323,0,0
67.081,1881,56.8,20.78,133.23,67.4,-0.1,-1.56,0,1,0,1,1,4629,333.7,1.03,5.65,-0.39,-45.46,1245,192,5592,0.0376,0.052,-0.024,-0.076,2.56,-4.6,438,-781,-6235,0,0,8041,0.0947,-0.022,-0.011,-0.089,2.58,-4.58,477,-1580,-8413,0,0,4954,0.0337,-0.037,0.066,-0.034,-4.53,-2.63,448,1538,-3864,0,0,6795,0.073,-0.026,0.003,-0.097,-4.22,-2.94,456,-2508,-4881,0,0
67.201,1883.4,59.13,20.56,133.09,73.1,1.39,-0.51,0,1,0,1,1,5446,1005.7,2.08,5.41,0.49,-23.81,1392,225,5315,0.0419,0.036,0.034,-0.066,-1.42,-5.74,518,2842,-1312,0,0,4013,0.0723,-0.186,0.036,-0.064,-1.21,-5.95,537,2305,-842,0,0,8696,0.0541,0.17,0.14,0.04,-4.68,-2.48,570,8335,-4374,0,0,9523,0.0717,-0.012,0.102,0.002,-4.51,-2.65,570,8180,-5447,0,0
67.321,1885.9,61.67,20.33,133.06,78.9,1.43,-0.94,-0.21,1,0,1,1,5893,988.2,2.19,5.12,0.76,-14.61,1572,263,5578,0.0353,-0.055,0.083,-0.017,-10.06,2.9,580,2924,-5394,0,0,7092,0.0656,-0.056,0.048,-0.052,-7.82,0.66,577,2729,-6513,0,0,8562,0.0645,0.087,0.118,0.018,-2.19,-4.98,608,8318,-2728,0,0,8920,0.0836,0.1,0.097,-0.003,-2.15,-5.01,609,8150,-2970,0,0
67.441,1888.7,64.39,20.07,133.2,84.3,1.33,-1.2,0,1,0,0.82,1,6593,-220.8,2.08,5.08,0.3,-43.07,1776,300,5020,0.0339,-0.011,0.204,0.104,-22.73,15.57,637,2846,-4853,0,0,5315,0.0673,0.014,0.117,0.017,-17.45,10.29,645,2414,-5478,0,0,6535,0.0574,-0.059,0.165,0.065,-3.66,-3.5,668,7172,-1988,0,0,11641,0.0912,0.063,0.092,-0.008,-3.46,-3.7,661,11133,-4250,0,0
67.561,1891.6,67.26,19.8,133.52,88.2,0.98,-0.89,0,1,0,0.02,1,6727,938,2.37,5.19,0.25,-17.6,1977,328,4974,0.0377,0.031,0.001,-0.099,-1.36,-5.8,608,114,-1273,0,0,7655,0.0703,0.025,-0.001,-0.099,-1.17,-6,621,10,-1606,0,0,8506,0.0623,0.041,0.006,-0.094,-3.41,-3.75,611,1023,-5347,0,0,12490,0.0852,-0.05,-0.004,-0.096,-3.33,-3.83,618,-61,-7032,0,0
67.681,1894.6,70.21,19.52,133.97,92,0.93,-0.97,-0.34,1,0,1,2,5585,1001.6,2.12,5.24,0.33,-18.71,2171,357,4249,0.0444,0.056,0.088,-0.012,-12.41,5.25,676,1944,-4447,0,0,7521,0.0729,0.022,0.047,-0.053,-9.58,2.42,670,2286,-7523,0,0,8375,0.059,-0.028,0.091,-0.009,-2.08,-5.08,694,7598,-2722,0,0,9883,0.0854,0.002,0.068,-0.032,-2.04,-5.12,694,7632,-3339,0,0
67.801,1897.7,73.29,19.23,134.63,96.3,1.1,-1.36,-0.64,0.24,0,1,2,4642,285,0.96,5.12,-0.32,-42.85,2362,391,5017,0.0387,-0.047,0.156,0.056,-26.57,19.41,675,1902,-5206,0,0,6957,0.0764,0.029,0.07,-0.03,-20.57,13.4,687,1515,-7423,0,0,6282,0.0568,-0.018,0.091,-0.009,-3.8,-3.36,709,5101,-3598,0,0,10652,0.0942,0.074,0.042,-0.058,-3.62,-3.54,710,4450,-6283,0,0
67.921,1900.9,76.35,18.94,135.52,95.4,-0.07,-1.71,0,1,0,1,2,4226,211.7,0.74,5.32,-1.15,-46.5,2405,384,5298,0.0429,0.035,0.06,-0.04,-30.24,23.08,598,742,-5710,0,0,9600,0.0922,0.132,0.007,-0.093,-23.58,16.42,634,261,-9976,0,0,5950,0.0466,-0.085,0.001,-0.099,-5.28,-1.88,670,895,-5097,0,0,10888,0.0938,-0.004,-0.038,-0.062,-5.01,-2.15,677,-2895,-8331,0,0
68.041,1904.2,79.38,18.65,136.62,99.5,1.11,-1.18,0,1,0,1,2,5020,1001.8,1.98,5.04,-1.29,-32.04,2592,418,7467,0.0461,0.027,0.038,-0.062,-2.9,-4.26,705,3433,-3784,0,0,10137,0.0862,-0.05,0.029,-0.071,-2.61,-4.56,721,3716,-4516,0,0,7978,0.0528,0.052,0.146,0.046,-6.2,-0.96,781,7022,-5147,0,0,10533,0.0937,-0.001,0.105,0.005,-5.99,-1.17,780,7678,-7464,0,0
68.161,1907.6,82.52,18.36,137.96,104.4,1.28,-1.28,0,0,0,1,2,4781,-236.3,0.2,4.46,-1.43,-14.5,2770,460,5259,0.0433,-0.023,-0.003,-0.097,-3.17,-3.99,723,384,-3191,0,0,7648,0.0794,-0.057,-0.007,-0.093,-2.94,-4.22,731,67,-4197,0,0,8520,0.0641,0.094,-0.016,-0.084,-4.6,-2.56,731,1216,-6677,0,0,11664,0.1006,0.058,-0.027,-0.073,-4.53,-2.63,733,-100,-8652,0,0
68.281,1911.1,85.63,18.09,139.49,104.4,0.06,-1.14,0,0,0,1,2,4788,-235.7,0.2,4.29,-1.46,-3.87,2830,460,6809,0.0549,0.096,-0.004,-0.096,-1.94,-5.22,728,-165,-2662,0,0,9148,0.09,0.089,-0.005,-0.095,-1.71,-5.45,731,-278,-3089,0,0,7549,0.0603,-0.031,-0.015,-0.085,-2.25,-4.92,738,-219,-3374,0,0,10130,0.0959,-0.04,-0.018,-0.082,-2.24,-4.92,739,-730,-4358,0,0
68.401,1914.5,88.7,17.84,141.12,104.5,0.04,-0.47,0.07,0,0,1,2,4798,-236.2,0.2,3.86,-0.99,5.13,2871,461,5612,0.0732,0.153,-0.004,-0.096,1.44,-5.72,732,-183,1512,0,0,7921,0.0913,0.01,-0.004,-0.096,2.29,-4.87,729,-132,3452,0,0,9554,0.067,0.056,-0.019,-0.081,-0.84,-6.32,741,-807,-1698,0,0,8951,0.0878,-0.067,-0.015,-0.085,-0.85,-6.31,740,-245,-1600,0,0
68.521,1918,91.79,17.65,142.69,103.7,-0.14,1.03,0.53,0,0,1,2,4709,-232.3,0.2,3,0.42,47.67,2833,454,11128,0.104,0.256,-0.003,-0.097,13.75,6.58,725,-35,11566,0,0,7101,0.085,-0.052,0.019,-0.081,18.38,11.22,690,571,7737,0,0,12736,0.0907,0.197,-0.032,-0.068,2.13,-5.03,742,-3409,4157,0,0,6772,0.0704,-0.144,0.001,-0.099,2.25,-4.92,731,1538,2649,0,0
68.641,1921.4,94.94,17.54,144.03,101.2,-0.4,2.01,0.62,0,0,1,2,4495,-223.3,0.2,1.09,1.5,65.12,2706,433,18160,0.136,0.267,0.004,-0.096,21.82,14.65,688,256,12107,0,0,6913,0.0895,0.037,0.044,-0.056,28.34,21.18,635,752,7341,0,0,14391,0.114,0.194,-0.042,-0.058,5.67,-1.49,723,-3423,9584,0,0,7231,0.0647,-0.047,0.008,-0.092,6.09,-1.07,712,1516,6512,0,0
68.76,1924.8,98.11,17.58,145.06,98.5,-0.36,2.11,0,0,0,1,2,4523,-222.4,0.2,-1.86,1.38,44.24,2490,409,11894,0.1295,-0.054,-0.003,-0.097,2.17,-5,703,-621,4220,0,0,9389,0.0969,0.062,-0.004,-0.096,2.62,-4.54,669,-546,4163,0,0,14513,0.1309,0.14,-0.023,-0.077,6.97,-0.19,688,-2254,10865,0,0,8803,0.0822,0.145,-0.009,-0.091,7.34,0.18,665,-637,8593,0,0
68.88,1928,101.26,17.76,145.81,95.6,-0.42,2.19,0,0,0,1,2,4342,-214.8,0.2,-4.32,1.51,35.25,2374,386,14403,0.1279,-0.013,-0.008,-0.092,10.68,3.52,665,-533,12161,0,0,7893,0.0942,-0.023,-0.008,-0.092,13.63,6.47,632,-276,8586,0,0,13681,0.1329,0.017,-0.019,-0.081,5.26,-1.9,668,-2253,9536,0,0,9256,0.092,0.082,-0.008,-0.092,5.46,-1.7,650,-716,7877,0,0
69,1931.2,104.36,18.06,146.28,93.1,-0.46,1.56,0,0,0,1,2,4293,-212.7,0.2,-6.17,1.43,14.17,2279,366,7933,0.1177,-0.085,-0.003,-0.097,1.78,-5.38,654,-398,2708,0,0,7824,0.089,-0.043,-0.004,-0.096,2.11,-5.05,643,-426,3165,0,0,13351,0.1253,-0.064,-0.012,-0.088,3.57,-3.59,648,-1819,7479,0,0,9240,0.0847,-0.061,-0.009,-0.091,3.63,-3.53,640,-1016,6102,0,0
69.12,1934.2,107.38,18.45,146.58,90.7,-0.52,0.93,0,0,0,1,2,4191,-208.4,0.2,-7.74,1.47,3.67,2173,347,10650,0.1148,-0.024,-0.003,-0.097,0.86,-6.3,635,-592,1923,0,0,10137,0.0974,0.07,-0.003,-0.097,1.18,-5.98,632,-462,2386,0,0,9834,0.1104,-0.124,-0.01,-0.09,1.49,-5.67,630,-1465,2933,0,0,12493,0.0799,-0.041,-0.01,-0.09,1.47,-5.69,628,-1579,3456,0,0
69.24,1937.2,110.32,18.9,146.77,88.1,-0.59,0.75,0.31,0,0,1,2,4045,-202.2,0.2,-8.95,1.64,19.01,2083,328,11654,0.0997,-0.126,-0.005,-0.095,8.24,1.08,614,-313,10926,0,0,5667,0.0905,-0.057,-0.002,-0.098,11.06,3.9,597,-67,6211,0,0,12540,0.1071,-0.027,-0.009,-0.091,1.11,-6.06,618,-1804,2334,0,0,9777,0.0811,0.01,-0.005,-0.095,1.13,-6.04,607,-799,1990,0,0
69.36,1940.1,113.15,19.4,146.79,84.3,-0.82,1.53,0.68,0,0,1,2,3746,-189.5,0.2,-9.86,1.96,54.24,1929,300,6757,0.1063,0.055,0.003,-0.097,20.15,12.99,572,-59,7403,0,0,9327,0.0836,-0.058,0.005,-0.095,25.96,18.8,515,126,9703,0,0,9779,0.099,-0.068,-0.016,-0.084,3.72,-3.44,600,-1959,5980,0,0,4133,0.057,-0.201,-0.004,-0.096,3.98,-3.19,568,-175,2890,0,0
69.48,1942.8,115.82,19.91,146.58,79.6,-0.94,1.79,0.7,0,0,1,2,3449,-176.3,0.2,-10.58,1.69,59.49,1742,268,6517,0.1058,-0.004,-0.006,-0.094,24.45,17.29,523,-111,7057,0,0,3800,0.0701,-0.112,-0.005,-0.095,31.65,24.49,452,-40,4199,0,0,12764,0.1021,0.026,-0.018,-0.082,6.18,-0.99,568,-1945,10262,0,0,8639,0.0435,-0.113,-0.003,-0.097,6.65,-0.51,532,-305,8083,0,0
69.6,1945.4,118.29,20.41,146.15,74.8,-0.92,1.86,0.72,0.17,0,0.98,2,3191,-162.7,0.2,-10.82,1.12,53.63,1566,237,7212,0.0973,-0.071,-0.007,-0.093,26.42,19.26,481,-120,7696,0,0,5172,0.0594,-0.09,-0.009,-0.091,33.85,26.69,413,-84,5587,0,0,8613,0.0989,-0.027,-0.025,-0.075,7.28,0.12,528,-1548,8306,0,0,5729,0.036,-0.062,-0.005,-0.095,7.8,0.64,499,-211,5946,0,0
69.72,1947.8,120.58,20.9,145.52,72.2,-0.4,1.63,0,1,0,0.18,2,4024,914.1,1.74,-10.94,0.46,38.51,1442,220,7977,0.0884,-0.074,0.004,-0.096,1.8,-5.36,520,266,2408,0,0,7320,0.0543,-0.042,0.005,-0.095,2.11,-5.05,492,450,2702,0,0,8676,0.09,-0.074,0.006,-0.094,7.31,0.15,521,501,8519,0,0,1418,0.0316,-0.037,0.073,-0.027,6.94,-0.22,516,633,1473,0,0
69.84,1950.2,122.78,21.36,144.73,71.5,-0.06,1.25,0,1,0,0.46,1,6790,930.7,2.4,-10.95,0.18,13.23,1359,216,3788,0.0709,-0.146,0.03,-0.07,2.21,-4.95,519,1530,1715,0,0,6276,0.046,-0.069,0.022,-0.078,2.42,-4.75,506,1815,3021,0,0,8687,0.0812,-0.073,0.068,-0.032,4.15,-3.01,539,5276,5921,0,0,5787,0.0371,0.046,0.092,-0.008,4.22,-2.94,541,4501,3860,0,0
69.96,1952.6,124.98,21.82,143.79,75.2,0.93,0.61,0,1,0,1,1,6253,967.4,2.27,-10.56,0.04,6.9,1457,239,1290,0.0402,-0.255,0.139,0.039,1.5,-5.66,603,1474,286,0,0,3193,0.0326,-0.112,0.106,0.006,1.62,-5.54,577,3204,879,0,0,9609,0.0857,0.037,0.272,0.172,2.6,-4.56,667,10473,1659,0,0,9195,0.0485,0.095,0.29,0.19,2.62,-4.54,667,10112,1513,0,0
70.08,1955.2,127.31,22.27,142.73,80.1,1.16,0.31,0.08,0,0,1,1,6391,960.7,2.3,-9.79,0.25,8.74,1620,271,2489,0.0255,-0.123,0.037,-0.063,1.19,-5.97,585,1259,615,0,0,2911,0.033,0.003,0.048,-0.052,1.28,-5.88,584,1751,749,0,0,6277,0.0716,-0.117,0.256,0.156,2.26,-4.9,706,7170,1041,0,0,5114,0.0521,0.03,0.275,0.175,2.29,-4.88,709,5946,834,0,0
70.2,1957.9,129.72,22.69,141.54,81.4,0.34,0.83,0.44,0.45,0,1,1,5655,160.9,0.85,-8.76,1.24,24.95,1714,279,6120,0.0418,0.136,0.01,-0.09,13.13,5.96,559,121,6800,0,0,4581,0.0328,-0.002,0.036,-0.064,16.99,9.83,546,557,5179,0,0,10218,0.0733,0.014,0.021,-0.079,2.19,-4.97,551,-1076,4117,0,0,3198,0.042,-0.084,0.041,-0.059,2.25,-4.91,550,870,1403,0,0
70.32,1960.6,132.01,23.09,140.21,80.4,-0.14,1.43,0.7,0.11,0,1,1,5554,-262.2,0.21,-8.67,1.99,50.22,1675,273,10025,0.076,0.285,0.04,-0.06,23.74,16.58,549,1180,10314,0,0,10868,0.051,0.152,0.122,0.022,30.86,23.7,517,2665,10637,0,0,9604,0.082,0.073,0.004,-0.096,4.13,-3.03,578,1228,6458,0,0,4299,0.0269,-0.126,0.067,-0.033,4.37,-2.79,571,3313,2827,0,0
70.44,1963.2,134.13,23.49,138.74,77.1,-0.63,1.59,0.71,0.65,0,1,1,5365,460.7,1.31,-8.5,1.92,47.07,1587,251,6225,0.082,0.049,0.055,-0.045,25.3,18.14,537,761,6714,0,0,2060,0.0443,-0.056,0.149,0.049,32.59,25.43,514,556,2264,0,0,12566,0.0903,0.069,0.014,-0.086,5.22,-1.95,588,1934,9455,0,0,14215,0.0349,0.067,0.082,-0.018,5.53,-1.63,576,6692,8961,0,0
70.56,1965.8,136.07,23.87,137.13,75.7,-0.17,1.56,0,1,0,1,1,4961,-243.7,0.2,-8.05,1.64,44.21,1556,242,6810,0.0738,-0.068,0.021,-0.079,26.42,19.25,505,481,7293,0,0,3049,0.0359,-0.07,0.135,0.035,33.77,26.61,490,869,3288,0,0,9300,0.0883,-0.016,-0.062,-0.038,5.99,-1.17,542,-2992,8083,0,0,7263,0.0359,0.009,-0.015,-0.085,6.32,-0.84,536,1050,6831,0,0
70.68,1968.3,137.87,24.22,135.4,77,0.43,1,0,1,0,1,1,6439,956.2,2.31,-7.63,1.16,33.84,1577,250,5368,0.0655,-0.069,0.028,-0.072,2.2,-4.97,564,2293,2129,0,0,5043,0.0377,0.015,0.042,-0.058,2.46,-4.7,545,2830,2197,0,0,8122,0.0767,-0.097,0.349,0.249,6.79,-0.37,741,8729,2773,0,0,5028,0.0327,-0.027,0.427,0.327,7.12,-0.04,747,5723,1540,0,0
70.8,1970.9,139.67,24.56,133.49,81.4,1.14,0.76,0,1,1,1,1,6387,959.6,2.3,-7.26,0.73,29.18,1697,280,3265,0.0446,-0.174,0.057,-0.043,3.7,-3.46,610,2052,2096,0,0,2351,0.0277,-0.083,0.09,-0.01,3.97,-3.2,604,2015,1456,0,0,9567,0.0779,0.01,0.181,0.081,7.37,0.21,680,8673,5720,0,0,7406,0.0478,0.126,0.234,0.134,7.65,0.49,682,7389,3906,0,0
70.92,1973.7,141.45,24.88,131.42,84,0.74,0.9,0,1,0,0.6,1,6741,934.5,2.38,-6.35,0.87,25.26,1816,298,5597,0.0438,-0.006,0.036,-0.064,4.11,-3.05,614,2427,3994,0,0,2983,0.0213,-0.053,0.071,-0.029,4.35,-2.82,615,2119,2133,0,0,7868,0.0748,-0.026,0.234,0.134,7.19,0.02,732,7815,4080,0,0,5436,0.0433,-0.038,0.282,0.182,7.41,0.25,736,5787,2556,0,0
71.04,1976.5,143.15,25.15,129.18,84.9,0.34,1.2,0,1,0,0.44,2,6661,-221.1,2.38,-5.3,1.24,12.99,1870,304,5231,0.0518,0.066,0.016,-0.084,3.67,-3.49,604,843,3585,0,0,3290,0.0186,-0.023,0.025,-0.075,3.83,-3.33,601,888,2380,0,0,9313,0.0741,-0.006,0.043,-0.057,5.27,-1.9,621,3204,7618,0,0,4515,0.0331,-0.085,0.064,-0.036,5.35,-1.81,624,2420,3829,0,0
71.16,1979.4,144.76,25.39,126.8,88.5,0.94,0.85,0,1,0,1,2,4981,1001.7,1.98,-4.41,1.16,11.04,2025,331,4534,0.0507,-0.009,0.04,-0.06,2.61,-4.55,647,2264,2276,0,0,3631,0.0201,0.013,0.052,-0.048,2.75,-4.41,645,2256,1900,0,0,7503,0.0715,-0.021,0.144,0.044,3.98,-3.18,713,7277,3610,0,0,6361,0.0383,0.043,0.163,0.063,4.03,-3.14,715,6479,2901,0,0
71.28,1982.4,146.36,25.59,124.23,93.1,1.12,0.68,0,1,0,1,2,4710,996.4,1.91,-3.69,0.92,6.05,2194,366,3256,0.0417,-0.075,0.052,-0.048,1.98,-5.19,685,2143,1271,0,0,3764,0.0205,0.003,0.049,-0.051,2.08,-5.08,679,2439,1532,0,0,8601,0.0719,0.003,0.104,0.004,2.71,-4.45,720,7937,3444,0,0,7251,0.0475,0.077,0.114,0.014,2.72,-4.44,721,7042,2846,0,0
71.4,1985.6,147.97,25.75,121.48,97.8,1.12,0.49,0,1,0,1,2,4950,1000.8,1.96,-2.93,0.83,3.08,2398,404,3926,0.0384,-0.027,0.044,-0.056,1.26,-5.9,713,2520,1002,0,0,3639,0.0248,0.037,0.051,-0.049,1.36,-5.8,715,2576,988,0,0,7983,0.0691,-0.023,0.107,0.007,1.64,-5.52,760,7821,1991,0,0,5681,0.0511,0.03,0.121,0.021,1.65,-5.51,764,5879,1399,0,0
71.52,1989,149.6,25.87,118.56,102.6,1.14,0.4,0.19,1,0,1,2,5163,1003.5,2.01,-2.19,0.85,5.61,2633,444,5369,0.0374,-0.009,0.047,-0.053,3.89,-3.27,749,2725,3646,0,0,3196,0.0253,0.004,0.062,-0.038,4.93,-2.23,756,1885,2564,0,0,7654,0.069,-0.002,0.096,-0.004,0.98,-6.18,788,7386,1211,0,0,7008,0.0564,0.044,0.103,0.003,0.98,-6.18,788,6977,1088,0,0
71.64,1992.5,151.21,25.96,115.46,106.3,0.92,0.9,0.52,0.09,0,1,2,4997,-81.1,0.4,-1.54,1.24,33.23,2836,477,6739,0.0504,0.108,0.047,-0.053,18.46,11.3,750,1356,7292,0,0,3574,0.0233,-0.017,0.128,0.028,23.76,16.6,754,1394,3814,0,0,9217,0.0754,0.053,-0.014,-0.086,2.59,-4.58,759,1557,4209,0,0,6068,0.0499,-0.054,0.015,-0.085,2.67,-4.49,755,3501,2866,0,0
71.76,1996,152.67,26.02,112.28,104.3,-0.37,1.43,0.61,0,0,1,2,4618,-228.7,0.2,-0.75,1.66,42.79,2866,459,8278,0.0754,0.208,0.01,-0.09,22.7,15.54,697,299,8784,0,0,4717,0.0326,0.078,0.064,-0.036,29,21.84,667,744,5127,0,0,8372,0.0792,0.032,-0.034,-0.066,4.49,-2.68,736,-2129,6158,0,0,3979,0.0364,-0.113,-0.006,-0.094,4.68,-2.48,730,678,3189,0,0
71.88,1999.4,153.91,26.06,109.08,102.2,-0.34,1.45,0,0,0,1,2,4666,-228.6,0.2,-0.28,1.71,34.28,2832,441,7808,0.0888,0.112,-0.004,-0.096,2.39,-4.77,721,-438,3305,0,0,13160,0.0415,0.074,-0.006,-0.094,2.68,-4.48,693,-128,5106,0,0,9531,0.0801,0.007,-0.023,-0.077,5.93,-1.23,707,-2013,8290,0,0,5544,0.0329,-0.029,-0.013,-0.087,6.15,-1.01,689,-677,5234,0,0
72,2002.8,154.96,26.09,105.88,100.5,-0.27,1.34,0,0,0,1,2,4596,-225.6,0.2,-0.06,1.5,16.52,2739,427,7963,0.0879,-0.008,-0.004,-0.096,2.98,-4.18,703,-454,4390,0,0,5333,0.0455,0.034,-0.005,-0.095,3.23,-3.93,690,-394,3277,0,0,9154,0.0798,-0.003,-0.018,-0.082,4.8,-2.36,693,-1794,7201,0,0,5668,0.0374,0.038,-0.015,-0.085,4.89,-2.27,683,-907,4751,0,0
72.12,2006.1,155.83,26.1,102.68,99,-0.28,1.13,0,0,0,1,2,4542,-223.3,0.2,0.13,1.26,6.36,2645,414,7226,0.0854,-0.021,-0.004,-0.096,2.1,-5.07,690,-423,2993,0,0,5480,0.0484,0.024,-0.005,-0.095,2.31,-4.85,684,-399,2545,0,0,8400,0.078,-0.015,-0.013,-0.087,2.89,-4.27,683,-1521,4602,0,0,5988,0.0418,0.037,-0.013,-0.087,2.91,-4.25,679,-1075,3416,0,0
72.24,2009.4,156.57,26.11,99.49,97.7,-0.28,0.69,0,0,0,1,2,4489,-221,0.2,0.36,0.83,1.82,2574,403,6433,0.0789,-0.054,-0.004,-0.096,1.08,-6.08,680,-408,1451,0,0,5924,0.0548,0.053,-0.006,-0.094,1.29,-5.87,677,-364,1592,0,0,8069,0.0717,-0.053,-0.011,-0.089,1.4,-5.77,675,-1442,2283,0,0,6424,0.0469,0.043,-0.012,-0.088,1.4,-5.76,673,-1244,1865,0,0
72.36,2012.6,157.24,26.1,96.33,96.5,-0.27,0.33,0,0,0,1,2,4440,-218.9,0.2,0.58,0.41,0.41,2507,393,6746,0.0732,-0.048,-0.003,-0.097,0.44,-6.72,671,-413,633,0,0,5579,0.059,0.034,-0.004,-0.096,0.64,-6.52,671,-394,761,0,0,7365,0.0647,-0.058,-0.011,-0.089,0.6,-6.57,666,-1361,915,0,0,7313,0.0534,0.054,-0.01,-0.09,0.6,-6.56,666,-1341,911,0,0
72.48,2015.8,157.88,26.08,93.2,95.2,-0.31,-0.06,-0.3,0,0.37,1,2,4259,-213.3,0.2,0.87,0,-9.76,2440,383,5249,0.0655,-0.064,-0.038,-0.062,-7.68,0.52,634,-1623,-4843,1034,0,6523,0.0639,0.041,-0.034,-0.066,-5.65,-1.51,647,-2280,-4896,1034,0,6650,0.0598,-0.041,-0.027,-0.073,0,-7.16,665,-1449,79,557,0,7785,0.0568,0.028,-0.034,-0.066,0,-7.16,667,-2530,65,557,0
72.6,2018.8,158.58,26.05,90.21,90.2,-1.15,-0.97,-0.65,0,0.13,1,2,4006,-200.6,0.2,1.46,-0.82,-40.03,2250,344,5884,0.0606,-0.041,0.003,-0.097,-24.75,17.58,559,-69,-6445,0,0,8399,0.0825,0.155,-0.005,-0.095,-18.9,11.73,606,-236,-9018,0,0,4245,0.0391,-0.172,-0.003,-0.097,-2.55,-4.61,611,-228,-1967,0,0,7801,0.0609,0.034,-0.014,-0.086,-2.43,-4.73,634,-1581,-3318,0,0
72.72,2021.8,159.41,25.99,87.4,85.8,-0.93,-1.28,-0.67,0,0.33,1,2,3325,-169.9,0.2,1.96,-1.36,-43.89,2062,312,4674,0.05,-0.088,-0.146,0.046,-31.42,24.26,423,-1379,-4939,578,1,7506,0.09,0.062,-0.122,0.022,-24.43,17.27,492,-2495,-7653,578,1,1380,0.0294,-0.081,-0.076,-0.024,-4.7,-2.46,524,-1068,-1042,1037,0,7969,0.066,0.042,-0.093,-0.007,-4.75,-2.42,556,-6183,-5145,1037,0
72.84,2024.5,160.34,25.92,84.8,81.1,-0.99,-1.37,-0.69,0,0.55,0.8,2,3079,-154.8,0.2,2.64,-1.53,-39.32,1869,278,5006,0.048,-0.017,-0.152,0.052,-33.76,26.6,382,-1486,-5238,963,1,10567,0.0925,0.021,-0.136,0.036,-26.52,19.36,445,-3211,-10308,963,1,3594,0.0232,-0.051,-0.071,-0.029,-6.22,-0.94,492,-2375,-3081,1729,0,7112,0.0642,-0.015,-0.09,-0.01,-5.9,-1.26,505,-5556,-5158,1729,0
72.96,2027.1,161.37,25.81,82.42,76.5,-0.94,-1.28,-0.71,0,0.14,0,2,2957,-150.6,0.2,3.57,-1.32,-32.24,1662,248,7014,0.0334,-0.121,-0.104,0.004,-35.69,28.52,382,-1880,-7154,0,0,7023,0.0896,-0.024,-0.018,-0.082,-28.27,21.11,471,-548,-7463,0,0,5714,0.0244,0.01,0.007,-0.093,-6.58,-0.58,522,232,-5611,0,0,7685,0.0566,-0.063,-0.002,-0.098,-6.29,-0.87,542,-429,-7195,0,0
73.08,2029.6,162.49,25.68,80.24,71.4,-1.06,-1.22,-0.73,0,0.7,0.6,1,3665,-184.5,0.2,4.61,-0.72,-32.22,1468,216,4803,0.034,0.004,-0.262,0.162,-36.5,29.33,283,-2206,-4766,963,1,14024,0.1032,0.113,-0.135,0.035,-28.86,21.7,383,-3439,-11439,963,1,1245,0.0185,-0.05,-0.143,0.043,-6.98,-0.18,401,-1256,-831,519,1,1732,0.05,-0.055,-0.14,0.04,-7.1,-0.06,408,-1745,-1130,519,1
73.2,2031.9,163.63,25.52,78.29,65.4,-1.28,-1.21,-0.75,0,1,1,1,3384,-169.6,0.2,5.16,0.12,-37.25,1228,181,8294,0.0611,0.226,-0.22,0.12,-37.22,30.05,265,-3182,-8006,1755,1,11864,0.1133,0.084,-0.171,0.071,-29.26,22.1,332,-4629,-10924,1755,1,7278,0.0225,0.034,-0.08,-0.02,-7.81,0.65,368,-5492,-5801,3150,0,8808,0.042,-0.067,-0.124,0.024,-7.36,0.19,385,-7702,-5748,945,1
73.32,2033.9,164.8,25.39,76.63,58.2,-1.55,-1.45,-0.78,0,1,1,1,2996,-156.2,0.2,4.65,0.5,-35.67,979,144,7859,0.075,0.116,-0.254,0.154,-37.65,30.48,240,-3048,-7622,1755,1,17432,0.1192,0.049,-0.238,0.138,-29.46,22.29,287,-4716,-11009,1755,1,6071,0.0287,0.052,-0.169,0.069,-7.41,0.25,361,-4302,-5138,945,1,5513,0.057,0.124,-0.22,0.12,-6.95,-0.21,362,-4948,-3844,945,1
73.44,2035.7,165.97,25.29,75.26,51.2,-1.53,-1.39,-0.8,0,1,0.75,1,2636,-136.3,0.2,4.13,0.58,-26.62,751,111,6344,0.0691,-0.049,-0.339,0.239,-37.38,30.22,188,-3202,-6006,1755,1,9444,0.1157,-0.029,-0.215,0.115,-29.04,21.88,257,-3862,-8989,1755,1,5047,0.0328,0.034,-0.147,0.047,-5.15,-2.01,327,-3939,-3745,945,1,8517,0.0663,0.077,-0.172,0.072,-4.85,-2.31,333,-7440,-5150,945,1
73.56,2037.3,167.1,25.21,74.17,44,-1.64,-1.11,-0.83,0,1,0.15,1,2254,-115.2,0.2,4.07,0.86,-25.11,568,82,7042,0.071,0.016,-0.37,0.27,-35.98,28.82,153,-4007,-6372,1755,1,9482,0.1101,-0.046,-0.233,0.133,-27.55,20.38,217,-4522,-8773,1755,1,5425,0.0332,0.004,-0.148,0.048,-3.03,-4.13,269,-5298,-2452,945,1,6925,0.0586,-0.064,-0.124,0.024,-2.86,-4.31,287,-6672,-2920,945,1
73.68,2038.6,168.12,25.14,73.33,36.9,-1.66,-0.88,-0.86,0,0.83,0,1,1829,-94.4,0.2,4.11,1.06,-31.81,397,58,7372,0.0748,0.032,-0.262,0.162,-34.02,26.86,151,-3709,-6895,1465,1,11594,0.1046,-0.046,-0.178,0.078,-25.67,18.51,203,-4732,-10722,1465,1,4787,0.028,-0.043,-0.1,0,-2.8,-4.36,216,-4725,-1987,2629,0,6687,0.0497,-0.074,-0.119,0.019,-2.54,-4.62,235,-5961,-2747,2629,0
73.8,2039.7,169.06,25.08,72.73,31.5,-1.3,-1.05,-0.88,0,0.24,0,1,1478,-77.4,0.2,4.09,0.93,-44.17,285,42,6084,0.0713,-0.03,-0.113,0.013,-28.58,21.41,157,-1731,-6331,1401,0,8936,0.1028,-0.015,-0.125,0.025,-21.16,14,200,-2925,-8979,420,1,5270,0.0276,-0.004,-0.05,-0.05,-2.47,-4.69,192,-1673,-2567,755,0,7218,0.0511,0.012,-0.041,-0.059,-2.12,-5.04,226,-2001,-2998,755,0
73.92,2040.7,169.98,25.03,72.33,29.3,-0.56,-1.19,-0.89,0.58,0,0,1,1749,218.9,0.64,3.98,0.51,-63.37,238,36,5686,0.0614,-0.082,0.007,-0.093,-20.58,13.42,182,-109,-6254,0,0,7794,0.0939,-0.074,-0.007,-0.093,-15.53,8.37,227,-140,-8464,0,0,5493,0.0311,0.03,0.002,-0.098,-3.02,-4.14,180,-52,-2925,0,0,8542,0.0598,0.072,-0.004,-0.096,-2.39,-4.78,225,-44,-3622,0,0
74.04,2041.7,170.93,24.97,72.12,29.5,-0.05,-1.29,-0.89,0.91,0,0.27,1,2130,382.4,1.01,3.87,-0.07,-75.98,236,37,4642,0.0498,-0.097,0.028,-0.072,-15.89,8.72,193,502,-5240,0,0,7123,0.0924,-0.013,0.01,-0.09,-12.47,5.31,243,304,-7820,0,0,6154,0.0349,0.032,0.102,0.002,-3.21,-3.96,194,5181,-3115,0,0,9063,0.068,0.068,-0.002,-0.098,-2.41,-4.75,231,243,-4063,0,0
74.16,2042.7,171.93,24.91,72.07,30.4,0.1,-1.23,-0.89,0.49,0,0.32,1,2186,183.4,0.58,3.92,-0.58,-83.8,245,39,5043,0.0454,-0.037,0.025,-0.075,-14.16,7,199,221,-5700,0,0,8032,0.085,-0.061,0.005,-0.095,-11.47,4.31,253,53,-8678,0,0,5720,0.0362,0.011,0.08,-0.02,-4.07,-3.09,192,3846,-3703,0,0,8539,0.0711,0.025,-0.011,-0.089,-3.02,-4.14,237,-666,-4606,0,0
74.28,2043.8,172.98,24.84,72.14,33.2,0.65,-0.16,0,1,0,0.55,1,2494,652,1.38,3.79,-0.21,-30.69,291,47,6540,0.0513,0.05,0.055,-0.045,8.3,1.14,233,1593,7066,0,0,4521,0.07,-0.125,0.058,-0.042,7.71,0.55,257,1330,4930,0,0,9289,0.0516,0.128,0.114,0.014,-1.55,-5.61,247,8589,-3233,0,0,7798,0.0648,-0.052,0.059,-0.041,-1.45,-5.72,258,4041,-2982,0,0
74.4,2045,174.18,24.77,72.14,37.8,1.09,0.35,0,1,0,0.74,1,2690,688.9,1.43,3.54,0.7,1.68,369,60,5891,0.058,0.055,0.014,-0.086,-0.11,-7.05,268,1391,176,0,0,4906,0.0482,-0.182,0.018,-0.082,0.05,-7.11,268,1444,302,0,0,9295,0.0711,0.163,0.04,-0.06,0.48,-6.68,275,5273,789,0,0,7388,0.0574,-0.062,0.047,-0.053,0.49,-6.68,276,5022,648,0,0
74.52,2046.3,175.54,24.69,72.12,43.6,1.38,0.04,0,1,0,1,1,3180,777.5,1.55,3.39,0.63,0.12,485,80,4842,0.0494,-0.071,0.016,-0.084,0,-7.16,313,2011,33,0,0,5129,0.0469,-0.011,0.024,-0.076,0.15,-7.01,314,2365,157,0,0,9007,0.0722,0.009,0.042,-0.058,0.1,-7.06,332,8747,220,0,0,8570,0.0644,0.059,0.066,-0.034,0.1,-7.06,329,8259,171,0,0
74.639,2047.9,177.13,24.59,72.1,50.8,1.7,-0.01,-0.07,0.21,0,1,1,3768,501.3,1.19,3.22,0.5,-0.72,646,109,4562,0.0429,-0.054,0.041,-0.059,-3.29,-3.88,371,2720,-1402,0,0,5322,0.0446,-0.019,0.033,-0.067,-2.43,-4.73,369,2856,-1141,0,0,9150,0.074,0.015,0.085,-0.015,0.04,-7.12,391,9457,70,0,0,9281,0.071,0.055,0.083,-0.017,0.04,-7.12,391,9558,76,0,0
74.759,2049.7,178.88,24.48,72.13,53.4,0.6,-0.71,-0.5,0.92,0,1,1,3970,687.6,1.42,3.46,-0.1,-31.41,725,120,4672,0.0413,-0.014,0.106,0.006,-15.05,7.89,386,1797,-5021,0,0,12891,0.0589,0.119,0.055,-0.045,-10.92,3.76,396,2686,-11764,0,0,6406,0.059,-0.124,0.131,0.031,-1.26,-5.9,406,6524,-1015,0,0,9077,0.0738,0.023,0.067,-0.033,-1.18,-5.98,407,6078,-1596,0,0
74.879,2051.5,180.74,24.36,72.3,59.1,1.37,-0.72,0,1,0,1,1,4458,985.4,1.85,3.5,-0.74,-43.17,890,147,4788,0.0352,-0.051,0.055,-0.045,3.12,-4.04,417,2972,3020,0,0,6179,0.0658,0.058,0.034,-0.066,3.03,-4.13,442,2393,3970,0,0,8189,0.0547,-0.036,0.185,0.085,-4.73,-2.43,468,8423,-3382,0,0,9292,0.081,0.06,0.098,-0.002,-4.38,-2.79,469,7711,-5294,0,0
74.999,2053.6,182.83,24.22,72.55,66,1.65,-0.3,0,1,0,1,1,4951,1001.1,1.97,3.32,-0.4,-14.01,1087,184,4641,0.0383,0.026,0.043,-0.057,-1.09,-6.07,474,2929,-904,0,0,5553,0.0531,-0.106,0.032,-0.068,-0.93,-6.23,480,2769,-913,0,0,8505,0.067,0.103,0.149,0.049,-3.27,-3.89,520,8510,-3365,0,0,9429,0.0783,-0.023,0.12,0.02,-3.2,-3.96,520,8856,-4025,0,0
75.119,2056,185.12,24.07,72.92,72.2,1.51,-0.73,-0.28,0.16,0,1,1,5268,176.1,0.81,3.29,-0.61,-17.57,1298,220,4271,0.0348,-0.029,0.079,-0.021,-12.31,5.14,513,1892,-4492,0,0,6217,0.055,0.015,0.04,-0.06,-9.41,2.25,512,1796,-6346,0,0,7496,0.066,-0.009,0.087,-0.013,-1.83,-5.33,493,6601,-2281,0,0,10471,0.0825,0.035,0.066,-0.034,-1.78,-5.38,490,7007,-3230,0,0
75.239,2058.4,187.52,23.91,73.42,76.1,0.94,-0.54,0,1,0,1,1,5603,1002.6,2.11,3.48,-0.7,-12.97,1468,245,5715,0.0403,0.045,0.026,-0.074,-0.3,-6.86,540,2746,-151,0,0,5768,0.0605,0.046,0.022,-0.078,-0.14,-7.02,547,2579,14,0,0,11579,0.0598,-0.051,0.123,0.023,-2.01,-5.15,577,11212,-2920,0,0,8958,0.0798,-0.022,0.085,-0.015,-1.97,-5.19,584,8393,-2650,0,0
75.359,2061.1,190.1,23.74,74.01,81.9,1.37,-0.33,0,1,0,1,1,5976,987.4,2.19,3.4,-0.41,-2.49,1683,283,5180,0.0434,0.026,0.027,-0.073,-0.59,-6.58,590,2336,-627,0,0,5346,0.0546,-0.049,0.026,-0.074,-0.44,-6.72,591,2287,-483,0,0,13005,0.0677,0.066,0.081,-0.019,-0.84,-6.33,615,9722,-1678,0,0,9101,0.0779,-0.016,0.062,-0.038,-0.83,-6.33,627,7200,-1420,0,0
75.479,2063.9,192.86,23.56,74.67,87.6,1.34,-0.16,0,1,0,1,1,6315,964.7,2.28,3.38,-0.2,-0.34,1922,324,5270,0.0457,0.02,0.025,-0.075,-0.32,-6.84,627,2245,-360,0,0,5304,0.0528,-0.016,0.025,-0.075,-0.18,-6.99,627,2231,-192,0,0,8923,0.072,0.036,0.059,-0.041,-0.28,-6.88,648,7036,-495,0,0,8909,0.0769,-0.008,0.059,-0.041,-0.28,-6.88,648,7007,-491,0,0
75.599,2066.9,195.79,23.36,75.4,93,1.28,-0.06,0,1,0,0.72,1,6692,938.2,2.37,3.39,-0.05,0.04,2170,365,5782,0.0492,0.029,0.023,-0.077,-0.16,-7,664,2204,-198,0,0,5329,0.0509,-0.016,0.024,-0.076,-0.01,-7.15,665,2160,-19,0,0,8891,0.0743,0.019,0.056,-0.044,-0.08,-7.08,686,6745,-139,0,0,8895,0.0769,0,0.056,-0.044,-0.08,-7.08,686,6754,-136,0,0
75.719,2070.1,198.86,23.16,76.16,95.7,0.63,-0.02,0,1,0,0.16,2,6673,-221.1,2.37,3.56,0.02,0.06,2335,387,6280,0.0539,0.04,0.003,-0.097,-0.1,-7.06,670,139,-132,0,0,6193,0.0552,0.036,0.004,-0.096,0.06,-7.1,670,146,80,0,0,8020,0.0727,-0.013,0.01,-0.09,-0.01,-7.15,675,771,-22,0,0,8084,0.0726,-0.036,0.01,-0.09,-0.01,-7.15,675,784,-24,0,0
75.839,2073.4,202.02,22.95,76.95,100.2,1.06,0,0,1,0,1,2,5294,1005,2.05,3.58,0.07,0.06,2559,424,5481,0.0559,0.016,0.028,-0.072,-0.09,-7.08,719,2479,-99,0,0,5373,0.0564,0.01,0.028,-0.072,0.08,-7.08,719,2453,89,0,0,12064,0.0726,-0.001,0.078,-0.022,0,-7.16,745,9802,60,0,0,8764,0.0721,-0.004,0.069,-0.031,0,-7.16,753,7361,5,0,0
75.959,2076.8,205.36,22.72,77.78,105.9,1.34,0,0,1,0,1,2,5192,1003.9,2.02,3.4,0.11,0.02,2806,473,5301,0.0527,-0.027,0.028,-0.072,-0.07,-7.09,760,2462,-75,0,0,5223,0.0523,-0.034,0.028,-0.072,0.09,-7.07,760,2436,95,0,0,9216,0.0773,0.039,0.064,-0.036,0.01,-7.15,787,7420,26,0,0,9727,0.0773,0.044,0.063,-0.037,0.01,-7.15,786,7734,27,0,0
76.079,2080.5,208.88,22.48,78.66,111.5,1.33,0,0,0,0,1,2,5436,559.7,1.45,3.35,0.11,0.05,3098,525,5212,0.0527,0,0.027,-0.073,-0.07,-7.1,800,2294,-71,0,0,5236,0.0521,-0.002,0.028,-0.072,0.09,-7.07,800,2439,98,0,0,9208,0.0799,0.022,0.064,-0.036,0.02,-7.14,829,7440,26,0,0,9220,0.0793,0.016,0.064,-0.036,0.02,-7.14,829,7450,26,0,0
76.199,2084.2,212.51,22.24,79.57,112.1,0.13,0,0,0,0,1,2,5150,-249.2,0.2,3.66,0.1,0,3231,530,6807,0.0598,0.059,-0.004,-0.096,-0.08,-7.08,778,-465,-107,0,0,6826,0.0595,0.062,-0.004,-0.096,0.1,-7.06,779,-465,139,0,0,7751,0.0739,-0.05,-0.011,-0.089,0.01,-7.15,773,-1518,16,0,0,7765,0.0736,-0.047,-0.011,-0.089,0.01,-7.15,773,-1520,16,0,0
76.319,2087.9,216.11,22,80.46,111.2,-0.19,0,0,1,0,1,2,5113,-247.7,0.2,3.98,0.09,0.02,3280,522,6638,0.0693,0.079,-0.004,-0.096,-0.09,-7.07,773,-467,-126,0,0,12476,0.0686,0.076,-0.004,-0.096,0.07,-7.1,773,-718,147,0,0,7655,0.0662,-0.064,-0.011,-0.089,0.01,-7.15,767,-1504,16,0,0,7779,0.0665,-0.06,-0.011,-0.089,0.01,-7.15,767,-1520,16,0,0
76.439,2091.7,219.73,21.75,81.37,113.9,0.62,0,0,1,0,1,2,5592,1002.5,2.11,3.89,0.03,0.03,3397,547,6070,0.0686,-0.006,0.025,-0.075,-0.09,-7.07,815,2543,-111,0,0,5491,0.066,-0.022,0.027,-0.073,0.11,-7.05,817,2464,130,0,0,8900,0.0694,0.027,0.069,-0.031,0.01,-7.15,851,7520,44,0,0,8708,0.0704,0.032,0.07,-0.03,0.01,-7.15,852,7384,15,0,0
76.559,2095.6,223.52,21.49,82.29,119.3,1.29,0.34,0.3,0.64,0,1,2,5857,747.2,1.8,3.56,0.24,17.47,3601,601,6728,0.062,-0.055,0.037,-0.063,6.5,-0.66,866,2135,6282,0,0,3944,0.054,-0.1,0.067,-0.033,8.71,1.54,873,1763,4053,0,0,10082,0.0827,0.111,0.053,-0.047,0.58,-6.58,886,7173,917,0,0,8595,0.076,0.047,0.069,-0.031,0.59,-6.57,886,7309,837,0,0
76.679,2099.6,227.43,21.22,83.12,120.1,0.24,1.08,0,0,0,1,2,5512,-264.5,0.2,3.77,1.11,36.62,3717,609,8535,0.0777,0.131,-0.004,-0.096,-0.08,-7.08,848,-564,-115,0,0,5165,0.0444,-0.08,-0.004,-0.096,0.11,-7.06,820,-361,223,0,0,9170,0.089,0.053,-0.018,-0.082,3.18,-3.98,835,-2253,5034,0,0,6827,0.0612,-0.123,-0.009,-0.091,3.28,-3.88,817,-862,4025,0,0
76.799,2103.6,231.34,20.95,83.81,119.1,-0.18,0.86,0,0,0,1,2,5454,-262.1,0.2,4.22,0.95,15.76,3778,599,9061,0.086,0.069,-0.004,-0.096,1.89,-5.27,833,-564,3222,0,0,8033,0.0545,0.085,-0.004,-0.096,2.13,-5.03,821,-526,3239,0,0,8191,0.0799,-0.076,-0.019,-0.081,3.38,-3.78,820,-2013,5001,0,0,7282,0.0536,-0.064,-0.015,-0.085,3.42,-3.74,813,-1397,4561,0,0
76.919,2107.5,235.24,20.68,84.36,117.8,-0.23,1.27,0.36,0,0,1,2,5333,-257,0.2,4.24,1.03,21.85,3721,586,8339,0.091,0.042,-0.006,-0.094,12.01,4.84,807,-287,8956,0,0,5403,0.0561,0.013,-0.002,-0.098,15.3,8.14,782,-71,6082,0,0,10673,0.0856,0.048,-0.015,-0.085,2.83,-4.33,817,-2184,5352,0,0,6580,0.0536,0,-0.01,-0.09,2.89,-4.27,805,-955,3568,0,0
77.039,2111.4,239.1,20.4,84.7,115.8,-0.38,1.29,0,0,0,1,2,5296,-255.4,0.2,4.68,1.23,27.08,3647,567,7337,0.0897,-0.011,-0.004,-0.096,1.52,-5.64,813,-443,2005,0,0,5079,0.0445,-0.097,-0.005,-0.095,1.77,-5.39,793,-449,1679,0,0,7755,0.0824,-0.027,-0.021,-0.079,4.02,-3.14,799,-2137,5347,0,0,5007,0.0436,-0.083,-0.014,-0.086,4.13,-3.04,785,-1143,3671,0,0
77.159,2115.2,242.92,20.1,84.87,114.5,-0.19,1.34,0.42,0,0,1,2,5135,-248.6,0.2,5.24,1.01,29.8,3584,554,7985,0.0903,0.005,-0.005,-0.095,14.74,7.57,778,-192,8677,0,0,1928,0.0411,-0.028,0.002,-0.098,18.61,11.45,747,9,2259,0,0,8862,0.0738,-0.071,-0.021,-0.079,4.25,-2.91,791,-2129,6291,0,0,4703,0.0388,-0.04,-0.014,-0.086,4.38,-2.78,776,-766,3637,0,0
77.279,2119,246.68,19.78,84.82,112.1,-0.4,1.79,0.58,0,0,1,2,4858,-236.8,0.2,5.19,1.16,45.4,3416,531,11324,0.1144,0.201,-0.012,-0.088,22.84,15.68,727,-371,11501,0,0,14521,0.059,0.149,-0.009,-0.091,29,21.83,662,-90,11894,0,0,11738,0.0814,0.063,-0.022,-0.078,5.73,-1.44,780,-2446,9657,0,0,8031,0.0324,-0.053,-0.01,-0.09,5.98,-1.19,757,-917,7186,0,0
77.399,2122.7,250.33,19.52,84.48,108.5,-0.54,2.28,0.59,0,0,1,2,4674,-228.9,0.2,3.74,1.38,52.34,3179,497,14289,0.133,0.155,-0.012,-0.088,24.01,16.85,701,-385,12031,0,0,8517,0.0806,0.18,-0.01,-0.09,30.41,23.25,630,-184,8846,0,0,14917,0.1054,0.2,-0.028,-0.072,7.21,0.05,754,-2483,10944,0,0,7752,0.0527,0.169,-0.009,-0.091,7.62,0.46,730,-580,7738,0,0
77.519,2126.3,253.84,19.37,83.85,105.7,-0.34,2.22,0,0,0,1,2,4829,-235.5,0.2,1.73,1.49,36.27,2942,472,12012,0.1248,-0.068,-0.005,-0.095,3.66,-3.5,746,-655,7362,0,0,7740,0.08,-0.005,-0.006,-0.094,4.12,-3.04,718,-568,5530,0,0,12936,0.1224,0.141,-0.024,-0.076,7.38,0.22,731,-2227,11122,0,0,10240,0.0756,0.19,-0.011,-0.089,7.64,0.48,714,-840,9950,0,0
77.639,2129.8,257.21,19.32,82.96,103.8,-0.24,1.93,0,1,0,1,2,4755,-232.3,0.2,0.5,1.62,16.17,2852,454,8677,0.118,-0.057,-0.004,-0.096,3.3,-3.87,726,-469,5212,0,0,6841,0.0711,-0.074,-0.005,-0.095,3.63,-3.53,713,-480,4567,0,0,12690,0.1244,0.017,-0.016,-0.084,5.1,-2.06,717,-1983,9474,0,0,7956,0.0755,-0.001,-0.013,-0.087,5.19,-1.97,708,-1021,6752,0,0
77.759,2133.2,260.51,19.33,81.86,105.3,0.45,1.37,0,1,0,1,2,5001,1001.7,1.98,-0.6,1.38,6.37,2907,468,9393,0.1152,-0.023,0.011,-0.089,1.81,-5.35,746,1502,3324,0,0,7899,0.0748,0.031,0.013,-0.087,2.11,-5.05,743,1581,3276,0,0,12888,0.1145,-0.083,0.032,-0.068,2.65,-4.52,762,5147,5669,0,0,9314,0.073,-0.021,0.04,-0.06,2.67,-4.49,763,4954,4566,0,0
77.879,2136.8,263.85,19.42,80.59,108,0.69,0.72,0,0,0,1,2,5071,562,1.4,-2.06,0.91,0.64,2967,493,7283,0.1003,-0.124,0.007,-0.093,0.77,-6.39,761,944,1197,0,0,8319,0.0812,0.053,0.006,-0.094,1.04,-6.12,760,828,1786,0,0,11602,0.1136,-0.007,0.015,-0.085,1.02,-6.14,767,3204,2318,0,0,11034,0.0885,0.129,0.016,-0.084,1.02,-6.15,767,3203,2205,0,0
77.999,2140.4,267.19,19.57,79.27,106.9,-0.27,0.27,0,0,0,1,2,4927,-239.7,0.2,-2.81,0.66,-0.24,2980,482,6887,0.0915,-0.074,-0.005,-0.095,0.2,-6.96,743,-612,335,0,0,8142,0.085,0.031,-0.003,-0.097,0.47,-6.7,744,-459,781,0,0,10679,0.1018,-0.098,-0.008,-0.092,0.33,-6.83,740,-1504,713,0,0,9494,0.091,0.021,-0.009,-0.091,0.33,-6.83,740,-1459,640,0,0
78.119,2143.9,270.45,19.77,77.94,105.1,-0.42,0.08,0,0,0,1,2,4845,-236.2,0.2,-3.08,0.63,-0.08,2954,467,7416,0.0857,-0.048,-0.003,-0.097,0,-7.16,732,-443,5,0,0,7181,0.0836,-0.012,-0.003,-0.097,0.25,-6.91,732,-441,373,0,0,9429,0.084,-0.148,-0.009,-0.091,0.12,-7.04,728,-1554,231,0,0,8526,0.0803,-0.09,-0.01,-0.09,0.12,-7.04,727,-1469,213,0,0
78.239,2147.4,273.66,19.98,76.64,103.4,-0.41,0.02,-0.06,0,0,1,2,4761,-232.5,0.2,-3.21,0.59,-0.09,2876,451,7017,0.0801,-0.047,-0.003,-0.097,-0.04,-7.12,720,-476,-51,0,0,6726,0.0774,-0.051,-0.003,-0.097,0.19,-6.97,719,-425,266,0,0,8259,0.0739,-0.084,-0.011,-0.089,0.07,-7.09,714,-1515,184,0,0,8045,0.0727,-0.063,-0.01,-0.09,0.07,-7.09,714,-1431,117,0,0
78.359,2150.8,276.83,20.2,75.4,101.3,-0.47,-0.69,-0.4,0,0,1,2,4603,-226,0.2,-3.16,0.09,-30.6,2776,434,5782,0.0688,-0.094,-0.001,-0.099,-14.7,7.53,673,-50,-6476,0,0,8240,0.079,0.013,-0.006,-0.094,-11.02,3.86,702,-284,-8772,0,0,5566,0.0602,-0.114,-0.01,-0.09,-1.28,-5.88,689,-551,-1195,0,0,8840,0.0741,0.012,-0.015,-0.085,-1.24,-5.92,708,-2099,-1867,0,0
78.479,2154.1,279.97,20.4,74.32,99.1,-0.48,-0.95,0,0,0,1,2,4546,-223.5,0.2,-2.9,-0.34,-28.06,2661,415,4288,0.0552,-0.113,-0.005,-0.095,-0.76,-6.4,677,-378,-464,0,0,4348,0.0792,0.002,-0.001,-0.099,-0.46,-6.7,697,-162,-288,0,0,6678,0.0475,-0.105,-0.009,-0.091,-3.67,-3.5,674,-746,-4407,0,0,8389,0.0776,0.029,-0.018,-0.082,-3.56,-3.6,689,-1868,-5246,0,0
78.599,2157.4,283.09,20.58,73.37,97.3,-0.37,-0.95,-0.23,0,0,1,2,4448,-219.3,0.2,-2.53,-0.46,-18.18,2562,400,6124,0.0538,-0.012,-0.002,-0.098,-9,1.84,662,-98,-6257,0,0,5130,0.0763,-0.024,-0.004,-0.096,-7.11,-0.06,677,-202,-4826,0,0,4574,0.041,-0.054,-0.011,-0.089,-2.96,-4.21,664,-739,-2623,0,0,9123,0.0734,-0.035,-0.014,-0.086,-2.89,-4.27,675,-1782,-4819,0,0
78.719,2160.6,286.19,20.72,72.59,95,-0.44,-1.27,0,0,0,1,2,4359,-215.5,0.2,-1.91,-0.9,-29.57,2465,382,4911,0.0441,-0.081,-0.003,-0.097,-0.45,-6.71,649,-90,-919,0,0,7984,0.0768,0.004,-0.004,-0.096,-0.26,-6.9,671,-441,-853,0,0,4551,0.0353,-0.047,-0.011,-0.089,-3.65,-3.51,644,-691,-3020,0,0,7417,0.073,-0.004,-0.018,-0.082,-3.54,-3.62,661,-1803,-4637,0,0
78.839,2163.7,289.25,20.83,71.96,93.5,-0.31,-0.74,0,0,0,1,2,4289,-212.5,0.2,-1.2,-0.76,-10.63,2380,370,3861,0.0432,-0.008,-0.005,-0.095,-1.83,-5.33,644,-326,-1418,0,0,5921,0.0686,-0.068,-0.004,-0.096,-1.64,-5.53,653,-371,-1900,0,0,1486,0.0356,0.002,0.018,-0.082,-3.01,-4.15,638,-86,-907,0,0,8126,0.0665,-0.054,-0.014,-0.086,-2.91,-4.26,646,-1578,-4449,0,0
78.959,2166.8,292.31,20.89,71.42,93.8,0.09,-0.61,0,1,0,1,2,4501,991.3,1.86,-0.58,-0.67,-4.5,2357,371,5171,0.0443,0.009,0.019,-0.081,-1.34,-5.82,665,1635,-1432,0,0,5578,0.0646,-0.033,0.017,-0.083,-1.17,-5.99,667,1548,-1350,0,0,1501,0.0365,0.008,0.087,-0.013,-2.14,-5.02,699,1318,-527,0,0,3679,0.0612,-0.044,0.058,-0.042,-1.49,-5.67,696,2723,-1243,0,0
79.079,2170.1,295.49,20.93,70.93,98.8,1.2,-0.37,0,1,0,1,2,4891,999.9,1.95,-0.63,-0.49,-1.72,2496,412,4831,0.0415,-0.023,0.032,-0.068,-0.85,-6.31,712,2422,-855,0,0,5437,0.0553,-0.078,0.029,-0.071,-0.71,-6.46,711,2537,-792,0,0,8068,0.0555,0.158,0.08,-0.02,-0.97,-6.19,745,7255,-1501,0,0,8899,0.0694,0.068,0.076,-0.024,-0.97,-6.19,744,7717,-1534,0,0
79.199,2173.4,298.85,20.95,70.45,103.9,1.2,-0.22,0,1,0,1,2,5107,1003,2,-0.63,-0.28,0.08,2701,456,4984,0.041,-0.005,0.03,-0.07,-0.46,-6.7,747,2423,-486,0,0,4640,0.05,-0.044,0.027,-0.073,-0.33,-6.83,746,2236,-337,0,0,8700,0.069,0.112,0.065,-0.035,-0.4,-6.77,776,7193,-624,0,0,8983,0.0762,0.057,0.069,-0.031,-0.4,-6.76,775,7424,-666,0,0
79.319,2177,302.38,20.96,69.98,109,1.2,-0.09,0,1,0,1,2,5360,1005.2,2.06,-0.48,-0.11,0.32,2954,502,4972,0.0442,0.027,0.03,-0.07,-0.23,-6.93,784,2441,-239,0,0,4993,0.0473,-0.023,0.03,-0.07,-0.09,-7.07,784,2486,-100,0,0,8653,0.074,0.042,0.068,-0.032,-0.13,-7.03,814,7220,-218,0,0,8671,0.0766,0.004,0.068,-0.032,-0.13,-7.03,814,7275,-218,0,0
79.439,2180.7,306.08,20.96,69.49,114.1,1.2,-0.03,0,1,0,1,2,5598,1002.3,2.12,-0.33,-0.03,0.24,3231,550,5223,0.0463,0.018,0.029,-0.071,-0.12,-7.04,820,2465,-132,0,0,5165,0.0477,0.003,0.029,-0.071,0.02,-7.14,820,2458,19,0,0,9065,0.0764,0.02,0.066,-0.034,-0.03,-7.13,850,7452,-53,0,0,9006,0.0773,0.005,0.066,-0.034,-0.03,-7.13,850,7427,-53,0,0
79.559,2184.6,309.95,20.95,68.99,119,1.17,-0.3,-0.3,1,0,1,2,5888,989.3,2.18,-0.18,-0.19,-15.28,3524,598,4631,0.0456,-0.006,0.072,-0.028,-10.53,3.37,871,1971,-4829,0,0,6146,0.0516,0.032,0.047,-0.053,-7.98,0.82,868,2173,-6019,0,0,8358,0.0758,-0.005,0.075,-0.025,-0.47,-6.69,889,7358,-587,0,0,9251,0.081,0.032,0.061,-0.039,-0.47,-6.7,889,7245,-661,0,0
79.679,2188.7,313.97,20.93,68.61,122.7,0.93,-1.15,-0.54,0,0,1,2,5903,-35.4,0.53,-0.02,-0.99,-45.64,3778,636,3725,0.0373,-0.069,0.162,0.062,-25.18,18.02,874,1557,-3904,0,0,7326,0.0671,0.129,0.068,-0.032,-19.58,12.42,870,1651,-7786,0,0,6912,0.064,-0.098,0.073,-0.027,-3.57,-3.59,866,5112,-3874,0,0,11118,0.0936,0.105,0.034,-0.066,-3.43,-3.73,868,4110,-6238,0,0
79.799,2192.7,318.02,20.9,68.42,121,-0.26,-1.44,0,0,0,1,2,5525,-265,0.2,0.45,-1.48,-34.52,3848,618,5800,0.0414,0.034,-0.005,-0.095,-2.7,-4.46,825,-449,-2868,0,0,8672,0.085,0.149,-0.004,-0.096,-2.43,-4.73,851,-517,-3734,0,0,5816,0.0492,-0.124,-0.013,-0.087,-5.65,-1.52,818,-792,-5216,0,0,9558,0.0928,-0.007,-0.024,-0.076,-5.48,-1.69,834,-2199,-7930,0,0
79.919,2196.7,322.02,20.87,68.42,119.3,-0.27,-1.42,0,1,0,1,2,5523,161.5,0.83,0.72,-1.48,-18.44,3813,601,5408,0.0493,0.066,0.001,-0.099,-3.53,-3.63,824,-52,-3555,0,0,8198,0.0917,0.057,0,-0.1,-3.26,-3.9,837,-47,-4855,0,0,5820,0.0454,-0.032,0.009,-0.091,-5.08,-2.08,832,168,-4976,0,0,9458,0.0878,-0.041,-0.001,-0.099,-4.99,-2.17,837,-305,-7609,0,0
80.039,2200.8,326.03,20.84,68.62,122.3,0.81,-1.23,0,1,0,1,2,6069,979.5,2.23,0.52,-1.35,-9.6,3904,631,4087,0.0458,-0.03,0.042,-0.058,-2.87,-4.3,886,2215,-2224,0,0,6618,0.085,-0.057,0.028,-0.072,-2.64,-4.52,881,2545,-3309,0,0,7998,0.0545,0.076,0.094,-0.006,-3.62,-3.54,930,6760,-4279,0,0,10624,0.093,0.043,0.082,-0.018,-3.59,-3.57,928,8048,-5705,0,0
80.159,2204.9,330.19,20.8,68.97,127.3,1.23,-0.89,0,1,0,1,2,6247,969,2.27,0.21,-1,-2.18,4078,684,4402,0.0426,-0.026,0.035,-0.065,-1.94,-5.22,920,2287,-1708,0,0,6119,0.0716,-0.111,0.027,-0.073,-1.76,-5.4,914,2546,-2141,0,0,8919,0.0684,0.115,0.069,-0.031,-2.06,-5.1,950,7012,-3186,0,0,10651,0.0977,0.039,0.065,-0.035,-2.05,-5.11,948,7885,-3753,0,0
80.279,2209.3,334.51,20.76,69.44,132.4,1.21,-0.52,0,1,0,1,2,6456,955.3,2.32,0.1,-0.62,0.59,4343,740,5514,0.0458,0.026,0.027,-0.073,-1.04,-6.12,950,2409,-1182,0,0,5364,0.0643,-0.062,0.026,-0.074,-0.88,-6.28,949,2272,-978,0,0,9547,0.0774,0.075,0.059,-0.041,-0.93,-6.23,980,7252,-1637,0,0,10157,0.0951,-0.021,0.059,-0.041,-0.93,-6.23,980,7621,-1729,0,0
80.399,2213.8,338.98,20.71,69.98,136.6,1,-0.24,0,1,0,0.48,2,6621,943.7,2.36,0.11,-0.29,1.02,4623,788,5409,0.0518,0.05,0.012,-0.088,-0.49,-6.67,965,1119,-558,0,0,5419,0.0601,-0.035,0.012,-0.088,-0.32,-6.84,964,1113,-371,0,0,9474,0.0825,0.042,0.024,-0.076,-0.34,-6.83,977,3788,-633,0,0,9618,0.0906,-0.037,0.024,-0.076,-0.34,-6.83,976,3899,-644,0,0
80.519,2218.3,343.52,20.67,70.56,137.5,0.22,-0.08,0,0,0,0.72,3,5860,-278,0.2,0.46,-0.08,0.72,4824,798,5361,0.0572,0.045,0.012,-0.088,-0.22,-6.94,972,1100,-250,0,0,4803,0.0621,0.017,0.011,-0.089,-0.04,-7.12,971,919,-46,0,0,9009,0.0798,-0.023,0.027,-0.073,-0.08,-7.08,987,3747,-147,0,0,8080,0.0821,-0.071,0.028,-0.072,-0.08,-7.08,988,3532,-133,0,0
80.638,2222.9,348.07,20.6,71.13,137.5,-0.01,-0.02,0,0,0,1,3,4622,-226.7,0.2,1.16,0.03,0.37,4940,798,6027,0.057,-0.002,-0.003,-0.097,-0.11,-7.05,956,-326,-139,0,0,5238,0.0575,-0.039,-0.003,-0.097,0.06,-7.1,955,-313,66,0,0,6425,0.0684,-0.095,-0.009,-0.091,0.01,-7.16,950,-1018,5,0,0,7029,0.0687,-0.112,-0.008,-0.092,0.01,-7.16,951,-1046,3,0,0
80.758,2227.5,352.59,20.49,71.71,136.6,-0.21,0,0,1,0,1,3,4589,-225.4,0.2,1.7,0.08,0.06,4919,787,6196,0.0621,0.043,-0.003,-0.097,-0.08,-7.08,950,-318,-99,0,0,12585,0.0616,0.034,-0.007,-0.093,0.11,-7.05,945,236,509,0,0,7533,0.062,-0.054,-0.009,-0.091,0.02,-7.14,945,-1152,34,0,0,7512,0.0628,-0.049,-0.009,-0.091,0.02,-7.14,945,-1234,53,0,0
80.878,2232.1,357.13,20.36,72.29,138,0.34,0,0,1,0,1,3,4754,997.5,1.92,1.8,0.14,-0.02,4950,804,5988,0.0631,0.008,0.01,-0.09,-0.08,-7.08,973,1075,-101,0,0,5829,0.0634,0.015,0.01,-0.09,0.11,-7.05,974,1069,129,0,0,8194,0.069,0.059,0.025,-0.075,0.01,-7.15,988,3451,23,0,0,8625,0.0691,0.052,0.025,-0.075,0.01,-7.15,988,3564,27,0,0
80.998,2236.7,361.73,20.21,72.88,140.4,0.55,-0.18,-0.25,1,0,1,3,4833,999,1.94,1.73,0.04,-9.62,5039,832,5370,0.0621,-0.008,0.023,-0.077,-8.1,0.94,989,980,-5307,0,0,6925,0.0645,0.009,0.014,-0.086,-6.1,-1.06,992,1003,-5802,0,0,7940,0.076,0.058,0.028,-0.072,-0.21,-6.95,1004,3564,-266,0,0,9747,0.0787,0.081,0.021,-0.079,-0.21,-6.95,1004,3378,-318,0,0
81.118,2241.4,366.38,20.05,73.6,141.6,0.33,-1.07,0,0,0,1,3,4801,102.2,0.59,1.72,-0.82,-35.04,5136,846,5238,0.0532,-0.075,0.001,-0.099,-0.43,-6.73,976,157,-385,0,0,8196,0.0808,0.136,0,-0.1,-0.22,-6.94,1001,50,-193,0,0,7688,0.0675,-0.071,0.012,-0.088,-2.97,-4.19,985,1424,-4098,0,0,10917,0.0947,0.133,-0.003,-0.097,-2.9,-4.27,997,-453,-5446,0,0
81.238,2246.1,371,19.91,74.44,140.6,-0.17,-0.96,0,1,0,1,3,4724,-231,0.2,1.81,-1,-14.59,5168,834,6292,0.0594,0.052,-0.003,-0.097,-2.27,-4.9,971,-332,-2746,0,0,8536,0.0894,0.071,-0.003,-0.097,-2.02,-5.14,983,-359,-3235,0,0,7882,0.0651,-0.019,-0.007,-0.093,-3.27,-3.89,967,-790,-4723,0,0,9906,0.0941,-0.005,-0.011,-0.089,-3.23,-3.93,975,-1397,-5705,0,0
81.358,2250.8,375.6,19.77,75.43,141.8,0.34,-0.98,0,1,0,1,3,4881,999.8,1.95,1.59,-1,-5.33,5226,849,5762,0.062,0.022,0.012,-0.088,-1.98,-5.19,999,1082,-2266,0,0,8144,0.0918,0.02,0.008,-0.092,-1.74,-5.43,1000,1060,-2717,0,0,8254,0.0687,0.029,0.028,-0.072,-2.28,-4.88,1015,3275,-3556,0,0,11199,0.0981,0.033,0.022,-0.078,-2.27,-4.89,1014,3560,-4605,0,0
81.478,2255.6,380.24,19.65,76.55,144,0.55,-0.69,0,1,0,1,3,4950,1000.9,1.96,1.16,-0.74,-0.69,5301,875,6752,0.0656,0.031,0.009,-0.091,-1.25,-5.92,1015,1047,-1702,0,0,7315,0.0879,-0.032,0.008,-0.092,-1.02,-6.15,1015,1049,-1507,0,0,9948,0.0795,0.09,0.022,-0.078,-1.2,-5.96,1028,3501,-2307,0,0,10519,0.1008,0.023,0.022,-0.078,-1.2,-5.96,1028,3559,-2419,0,0
81.598,2260.4,384.93,19.56,77.75,146.2,0.52,-0.36,0,1,0,1,3,5021,1002,1.98,0.69,-0.39,0.48,5425,902,8382,0.0739,0.069,0.008,-0.092,-0.65,-6.51,1029,1213,-1099,0,0,7906,0.0861,-0.016,0.008,-0.092,-0.41,-6.75,1029,1042,-665,0,0,10724,0.0886,0.076,0.02,-0.08,-0.51,-6.65,1042,3568,-1065,0,0,10370,0.1011,0.002,0.021,-0.079,-0.51,-6.65,1043,3541,-1036,0,0
81.718,2265.4,389.69,19.51,79,148.3,0.5,-0.16,0,1,0,1,3,5088,1002.8,2,0.08,-0.18,0.37,5569,929,8980,0.0849,0.092,0.007,-0.093,-0.33,-6.83,1043,1053,-593,0,0,8904,0.0889,0.024,0.005,-0.095,-0.07,-7.09,1042,915,-115,0,0,11880,0.0971,0.071,0.02,-0.08,-0.18,-6.98,1056,3805,-409,0,0,11317,0.1028,0.015,0.02,-0.08,-0.18,-6.98,1057,3632,-385,0,0
81.838,2270.3,394.5,19.52,80.28,149.6,0.3,-0.05,0,0,0,1,3,5050,-245,0.2,-0.72,-0.07,0.14,5672,944,9154,0.0961,0.093,-0.002,-0.098,-0.21,-6.95,1043,-267,-376,0,0,10470,0.0958,0.057,-0.002,-0.098,0.08,-7.08,1043,-297,153,0,0,11721,0.1062,0.076,-0.005,-0.095,-0.05,-7.11,1039,-808,-124,0,0,11845,0.1074,0.038,-0.005,-0.095,-0.05,-7.11,1039,-814,-132,0,0
81.958,2275.3,399.29,19.63,81.56,148.1,-0.35,-0.02,0,0,0,1,3,4998,-242.7,0.2,-1.76,-0.07,0.04,5664,925,13815,0.1203,0.202,-0.002,-0.098,-0.2,-6.96,1032,-500,-445,0,0,11265,0.1172,0.179,-0.002,-0.098,0.16,-7.01,1033,-448,308,0,0,9494,0.1107,0.037,-0.006,-0.094,-0.11,-7.05,1028,-1025,-71,0,0,13470,0.1125,0.043,-0.006,-0.094,-0.02,-7.14,1029,-1290,-46,0,0
82.078,2280.2,404.04,19.87,82.83,146.3,-0.39,0,0,0,0,1,3,4943,-240.3,0.2,-3.67,-0.26,0.17,5513,904,9283,0.1262,0.049,-0.003,-0.097,-0.39,-6.77,1021,-414,-408,0,0,12269,0.1281,0.091,-0.002,-0.098,0.17,-6.99,1022,-585,440,0,0,12953,0.1245,0.115,-0.006,-0.094,-0.01,-7.15,1017,-1290,-31,0,0,13165,0.1274,0.124,-0.006,-0.094,-0.01,-7.15,1017,-1282,-32,0,0
82.198,2285.1,408.7,20.29,84.08,144.2,-0.46,0,-0.09,0,0,1,3,4873,-237.4,0.2,-6.1,-0.57,-0.21,5275,878,13732,0.1295,0.028,-0.002,-0.098,-0.21,-6.95,1007,-466,-469,0,0,13292,0.1236,-0.037,-0.002,-0.098,0.17,-6.99,1007,-460,382,0,0,17634,0.1332,0.073,-0.007,-0.093,-0.02,-7.14,1002,-1283,-26,0,0,15797,0.1367,0.078,-0.006,-0.094,-0.02,-7.14,1003,-1306,-44,0,0
82.318,2289.8,413.25,20.89,85.38,141.2,-0.65,-1.24,-0.46,0,0,1,3,4697,-230,0.2,-8.33,-1.16,-48.44,5106,841,11452,0.1234,-0.051,0.005,-0.095,-16.93,9.77,932,196,-11818,0,0,13583,0.1308,0.06,-0.003,-0.097,-12.78,5.62,978,-170,-12279,0,0,13412,0.1237,-0.079,-0.002,-0.098,-2.44,-4.72,969,-329,-4885,0,0,23544,0.1398,0.026,-0.012,-0.088,-2.35,-4.81,994,-1935,-4593,0,0
82.438,2294.5,417.55,21.66,86.89,136.3,-0.85,-2.39,-0.49,0,0,1,3,4415,-217.9,0.2,-10.56,-0.63,-68.71,4858,784,9849,0.1172,-0.052,0,-0.1,-24.79,17.63,840,-4,-10174,0,0,16374,0.1354,0.038,-0.005,-0.095,-19.42,12.26,917,-174,-12191,0,0,11296,0.1101,-0.113,-0.003,-0.097,-7.12,-0.04,923,-236,-10434,0,0,15203,0.1395,-0.002,-0.018,-0.082,-6.76,-0.4,959,-1838,-10661,0,0
82.558,2298.9,421.55,22.57,88.64,131.7,-0.63,-2.53,0,0,0,1,3,4391,-216.9,0.2,-12.58,0.36,-56.31,4549,732,8527,0.1024,-0.123,-0.004,-0.096,-5.88,-1.28,889,-299,-7526,0,0,13107,0.1283,-0.059,-0.003,-0.097,-5.28,-1.89,932,-349,-9428,0,0,9531,0.1029,-0.059,-0.005,-0.095,-10.22,3.06,888,-286,-9943,0,0,15252,0.1352,-0.036,-0.023,-0.077,-9.77,2.61,913,-1676,-11913,0,0
82.678,2303.2,425.26,23.59,90.62,128.2,-0.31,-2.6,0,1,0,1,3,4469,986.7,1.85,-13.99,1.08,-45.27,4354,694,6485,0.0831,-0.161,0.026,-0.074,-7.57,0.41,892,1325,-6522,0,0,10742,0.1235,-0.04,0.013,-0.087,-6.99,-0.17,914,1086,-9955,0,0,8996,0.0913,-0.097,0.08,-0.02,-11.09,3.93,940,3752,-8887,0,0,15491,0.1334,-0.015,0.044,-0.056,-10.69,3.53,942,2820,-11880,0,0
82.798,2307.5,428.71,24.67,92.84,126.7,0.12,-2.32,0,1,0,1,3,4445,982.8,1.85,-14.6,1.65,-31.59,4261,678,4184,0.058,-0.209,0.039,-0.061,-8.2,1.03,897,1219,-4389,0,0,7945,0.108,-0.129,0.019,-0.081,-7.74,0.58,904,1205,-7924,0,0,8118,0.0747,-0.138,0.082,-0.018,-10.7,3.53,933,3643,-8018,0,0,14466,0.1281,-0.044,0.054,-0.046,-10.41,3.25,933,3555,-11683,0,0
82.918,2311.7,431.95,25.75,95.28,125.3,0.03,-2.02,0,0,0,1,3,4284,209.7,0.74,-14.27,2.05,-14.33,4195,663,2625,0.0356,-0.187,0.022,-0.078,-7.69,0.53,879,505,-2807,0,0,5672,0.084,-0.2,0.009,-0.091,-7.41,0.25,880,489,-5800,0,0,5357,0.0568,-0.149,0.03,-0.07,-8.86,1.7,886,1253,-5699,0,0,9744,0.1126,-0.129,0.016,-0.084,-8.76,1.6,886,1245,-9846,0,0
83.038,2315.8,434.99,26.75,97.85,121.9,-0.6,-1.57,0,0,0,1,3,4051,-202.3,0.2,-13.02,2.13,-3.03,4028,628,3732,0.0233,-0.103,-0.006,-0.094,-5.82,-1.34,840,-238,-3553,0,0,6064,0.0671,-0.141,-0.005,-0.095,-5.67,-1.49,844,-297,-5533,0,0,1399,0.0305,-0.22,-0.023,-0.077,-5.88,-1.28,825,-315,-1378,0,0,5530,0.0791,-0.279,-0.019,-0.081,-6.09,-1.07,832,-949,-5223,0,0
83.158,2319.8,437.82,27.66,100.52,118.6,-0.65,-1.55,0.07,0,0,1,3,3993,-199.8,0.2,-12.94,2.29,-8.73,3713,593,8523,0.0497,0.221,-0.002,-0.098,-0.96,-6.2,824,-385,-2892,0,0,7391,0.0989,0.265,0.006,-0.094,-0.3,-6.86,830,66,-1560,0,0,7129,0.0288,-0.014,-0.011,-0.089,-4.27,-2.89,816,-729,-5425,0,0,9496,0.0729,-0.052,-0.011,-0.089,-4.24,-2.92,822,-1176,-6880,0,0
83.278,2323.7,440.48,28.61,103.21,115.3,-0.74,-0.66,0,0,0,1,3,3903,-196,0.2,-14.54,2.79,17.88,3444,561,9372,0.0899,0.335,-0.002,-0.098,-1.89,-5.27,813,-310,-3726,0,0,9246,0.1099,0.092,-0.002,-0.098,-1.62,-5.54,800,-351,-3251,0,0,11726,0.0776,0.406,-0.007,-0.093,-0.2,-6.97,809,-1365,-741,0,0,12412,0.1005,0.23,-0.004,-0.096,-0.2,-6.96,799,-724,-758,0,0
83.398,2327.5,443.01,29.61,105.84,112.2,-0.74,-0.13,0,0,0,1,3,3794,-191.4,0.2,-15.65,3.08,4.98,3331,531,8705,0.097,0.059,-0.002,-0.098,0.08,-7.09,785,-273,62,0,0,7163,0.0951,-0.123,-0.002,-0.098,0.37,-6.79,782,-281,477,0,0,10441,0.0945,0.141,-0.006,-0.094,0.66,-6.5,782,-1029,1293,0,0,10405,0.0979,-0.022,-0.005,-0.095,0.67,-6.5,780,-829,1298,0,0
83.518,2331.2,445.45,30.64,108.39,109,-0.75,0.12,0,0,0,1,3,3682,-186.6,0.2,-16.07,3.04,0.22,3186,501,7054,0.0876,-0.079,-0.002,-0.098,0.34,-6.83,761,-264,472,0,0,6136,0.0765,-0.155,-0.002,-0.098,0.58,-6.58,760,-259,724,0,0,9067,0.0859,-0.071,-0.006,-0.094,0.54,-6.62,758,-936,972,0,0,8471,0.0813,-0.138,-0.006,-0.094,0.55,-6.61,757,-871,926,0,0
83.638,2334.7,447.83,31.65,110.86,105.8,-0.75,0.08,0,0,0,1,3,3574,-182,0.2,-16.16,2.59,-1.49,3001,473,4985,0.0788,-0.073,-0.002,-0.098,0.29,-6.88,738,-220,293,0,0,4589,0.0629,-0.113,-0.002,-0.098,0.5,-6.66,738,-223,489,0,0,8101,0.0718,-0.117,-0.006,-0.094,0.4,-6.76,736,-836,669,0,0,8302,0.0707,-0.089,-0.006,-0.094,0.4,-6.77,736,-866,661,0,0
83.758,2338.2,450.14,32.63,113.25,102.7,-0.72,0.05,0,1,0,1,3,3496,207.8,0.67,-15.78,1.97,-1.63,2838,446,6438,0.0666,-0.102,0.002,-0.098,0.19,-6.97,719,94,261,0,0,5226,0.0543,-0.071,0.002,-0.098,0.38,-6.79,720,89,415,0,0,5917,0.059,-0.106,0.006,-0.094,0.27,-6.9,723,461,328,0,0,6724,0.0598,-0.09,0.006,-0.094,0.27,-6.89,723,487,371,0,0
83.878,2341.6,452.43,33.55,115.6,102.6,-0.04,0.02,0,1,0,1,3,3680,865.7,1.66,-15.14,1.33,-2.05,2780,444,5071,0.0484,-0.151,0.021,-0.079,0.17,-6.99,731,1940,179,0,0,2273,0.0338,-0.171,0.034,-0.066,0.31,-6.86,742,1250,142,0,0,5886,0.0546,-0.037,0.063,-0.037,0.16,-7,764,4820,187,0,0,1858,0.0575,-0.02,0.078,-0.022,-0.64,-6.52,772,1636,27,0,0
