Time_s,TestPhase,Distance_m,PosX,PosY,PosZ,Speed_Kmh,Accel_Long_G,Accel_Lat_G,Raw_Steer,Raw_Throttle,Raw_Brake,Clutch,Gear,RPM,Torque_Nm,Boost_Bar,Pitch,Roll,YawRate,Aero_DownN,Aero_DragN,FL_Load_N,FL_Travel_m,FL_DamperVel_ms,FL_Slip,FL_SlipDelta,FL_SlipAng_deg,FL_LatDelta,FL_WheelRPM,FL_LongForce_N,FL_LatForce_N,FL_ActBrakeTrq_Nm,FL_ABS_Active,FR_Load_N,FR_Travel_m,FR_DamperVel_ms,FR_Slip,FR_SlipDelta,FR_SlipAng_deg,FR_LatDelta,FR_WheelRPM,FR_LongForce_N,FR_LatForce_N,FR_ActBrakeTrq_Nm,FR_ABS_Active,RL_Load_N,RL_Travel_m,RL_DamperVel_ms,RL_Slip,RL_SlipDelta,RL_SlipAng_deg,RL_LatDelta,RL_WheelRPM,RL_LongForce_N,RL_LatForce_N,RL_ActBrakeTrq_Nm,RL_ABS_Active,RR_Load_N,RR_Travel_m,RR_DamperVel_ms,RR_Slip,RR_SlipDelta,RR_SlipAng_deg,RR_LatDelta,RR_WheelRPM,RR_LongForce_N,RR_LatForce_N,RR_ActBrakeTrq_Nm,RR_ABS_Active
56.26,4,2361.1,492.85,-0.08,3119.41,86.5,-0.11,-1.42,-0.4,1.0,0.0,1.0,2,6019,176.5,0.96,0.28,-3.27,-30.96,242,222,3499,0.034,0.008,-0.002,-0.098,-6.57,0.54,698,-56,-3061,0,0,7247,0.1203,-0.008,-0.001,-0.099,-5.89,-0.14,723,-93,-5767,0,0,2542,0.0215,0.01,-0.009,-0.091,-5.98,-0.05,731,305,-2144,0,0,6617,0.1078,-0.006,-0.032,-0.068,-6.04,0.01,738,-702,-5254,0,0
56.28,4,2361.6,492.66,-0.08,3119.85,86.3,-0.16,-1.45,-0.4,1.0,0.0,1.0,2,6079,218.8,1.2,0.28,-3.27,-30.78,240,221,3468,0.0341,0.007,0.038,-0.062,-20.26,14.23,682,368,-3259,0,0,7289,0.1199,-0.016,0.02,-0.08,-18.29,12.26,701,433,-6475,0,0,2506,0.0218,0.014,0.041,-0.059,-5.85,-0.18,696,458,-2091,0,0,6617,0.1076,-0.009,0.015,-0.085,-5.95,-0.08,702,-318,-5244,0,0
56.3,4,2362.1,492.47,-0.08,3120.29,86.2,-0.01,-1.43,-0.4,1.0,0.0,1.0,2,6391,251.5,1.39,0.27,-3.26,-31.22,238,220,3423,0.0341,0.001,0.004,-0.096,-20.26,14.23,660,90,-3198,0,0,7233,0.12,0.001,-0.007,-0.093,-18.35,12.32,684,-98,-6385,0,0,2576,0.0219,0.005,0.105,0.005,-5.82,-0.21,775,1813,-1759,0,0,6693,0.1077,0.005,0.057,-0.043,-5.92,-0.11,766,2813,-4941,0,0
56.32,4,2362.5,492.28,-0.08,3120.73,86.3,0.15,-1.37,-0.4,1.0,0.0,1.0,2,6524,279.9,1.54,0.25,-3.23,-32.04,237,221,3425,0.0341,-0.003,-0.005,-0.095,-20.27,14.24,655,-34,-3196,0,0,7073,0.1194,-0.029,-0.005,-0.095,-18.39,12.36,685,-126,-6253,0,0,2722,0.0226,0.037,0.131,0.031,-5.9,-0.13,749,2006,-1795,0,0,6738,0.108,0.011,0.085,-0.015,-5.94,-0.1,741,3087,-4906,0,0
56.34,4,2363.0,492.08,-0.08,3121.17,86.3,0.2,-1.35,-0.4,0.0,0.0,1.0,2,6460,300.5,1.65,0.23,-3.21,-32.96,236,221,3396,0.0339,-0.007,-0.005,-0.095,-20.34,14.31,654,-55,-3170,0,0,6965,0.1185,-0.046,-0.005,-0.095,-18.4,12.37,686,-120,-6168,0,0,2823,0.0237,0.051,0.1,0.0,-6.0,-0.03,794,2049,-1883,0,0,6809,0.1082,0.012,0.053,-0.047,-6.04,0.01,788,2867,-5042,0,0
56.36,4,2363.5,491.88,-0.08,3121.6,86.4,0.21,-1.35,-0.4,0.0,0.0,1.0,2,6416,210.5,1.59,0.2,-3.18,-33.77,233,221,3362,0.0338,-0.007,-0.006,-0.094,-20.33,14.3,654,-58,-3139,0,0,6887,0.1175,-0.05,-0.006,-0.094,-18.33,12.3,687,-125,-6107,0,0,2895,0.0248,0.055,0.111,0.011,-6.05,0.02,778,2225,-1843,0,0,6883,0.1084,0.012,0.055,-0.045,-5.98,-0.05,766,3222,-4999,0,0
56.38,4,2364.0,491.67,-0.08,3122.04,86.4,0.14,-1.38,-0.4,0.0,0.0,1.0,2,6289,-77.1,1.26,0.18,-3.16,-33.95,232,221,3364,0.0336,-0.01,-0.006,-0.094,-20.3,14.26,655,-57,-3141,0,0,6885,0.1166,-0.042,-0.005,-0.095,-18.35,12.32,688,-112,-6106,0,0,2886,0.0258,0.052,0.088,-0.012,-6.05,0.02,721,1853,-2072,0,0,6934,0.1088,0.02,0.044,-0.056,-6.17,0.14,717,2270,-5311,0,0
56.4,4,2364.5,491.46,-0.08,3122.47,86.3,-0.07,-1.43,-0.4,0.0,0.0,1.0,2,6040,-65.1,0.91,0.17,-3.15,-33.25,230,221,3394,0.0335,-0.007,-0.005,-0.095,-20.25,14.22,655,-50,-3169,0,0,7004,0.1161,-0.027,-0.004,-0.096,-18.31,12.28,687,-92,-6200,0,0,2768,0.0264,0.029,0.044,-0.056,-6.07,0.04,694,934,-2268,0,0,6919,0.109,0.009,0.013,-0.087,-6.14,0.11,699,239,-5515,0,0
56.42,4,2364.9,491.24,-0.08,3122.89,86.0,-0.31,-1.45,-0.4,0.35,0.0,1.0,2,5827,-64.3,0.68,0.17,-3.14,-32.34,230,219,3483,0.0336,0.008,-0.003,-0.097,-20.27,14.24,654,-34,-3247,0,0,7125,0.1161,0.001,-0.003,-0.097,-18.33,12.3,685,-69,-6294,0,0,2606,0.0263,-0.005,-0.007,-0.093,-5.99,-0.04,728,291,-2204,0,0,6749,0.1088,-0.012,-0.031,-0.069,-6.05,0.02,735,-756,-5355,0,0
56.44,4,2365.4,491.02,-0.08,3123.31,85.7,-0.3,-1.45,-0.4,1.0,0.0,1.0,2,5979,85.0,0.66,0.19,-3.14,-31.81,229,218,3549,0.034,0.02,-0.002,-0.098,-20.27,14.24,652,-28,-3305,0,0,7264,0.1164,0.015,-0.003,-0.097,-18.33,12.3,682,-76,-6402,0,0,2491,0.0258,-0.024,0.042,-0.058,-5.91,-0.12,690,483,-2084,0,0,6607,0.1082,-0.03,0.016,-0.084,-5.97,-0.06,697,-309,-5249,0,0
56.46,4,2365.9,490.79,-0.08,3123.73,85.4,-0.31,-1.44,-0.4,1.0,0.0,1.0,2,5943,170.1,0.82,0.21,-3.14,-31.51,229,216,3592,0.0345,0.022,-0.002,-0.098,-20.26,14.23,650,-28,-3344,0,0,7338,0.117,0.027,-0.003,-0.097,-18.33,12.3,680,-77,-6459,0,0,2435,0.0251,-0.032,-0.008,-0.092,-5.88,-0.15,723,321,-2043,0,0,6496,0.1076,-0.026,-0.032,-0.068,-5.95,-0.08,729,-690,-5139,0,0
56.48,4,2366.4,490.56,-0.08,3124.14,85.1,-0.31,-1.43,-0.4,1.0,0.0,1.0,2,5993,197.4,1.09,0.24,-3.14,-31.35,229,215,3611,0.0348,0.018,-0.002,-0.098,-20.23,14.2,647,-29,-3360,0,0,7417,0.1175,0.028,-0.003,-0.097,-18.33,12.29,678,-80,-6520,0,0,2374,0.0245,-0.033,0.042,-0.058,-5.83,-0.2,686,465,-1975,0,0,6415,0.1072,-0.023,0.016,-0.084,-5.89,-0.14,693,-307,-5081,0,0
56.5,4,2366.8,490.33,-0.08,3124.55,84.8,-0.3,-1.43,-0.4,1.0,0.0,1.0,2,6090,240.7,1.31,0.26,-3.16,-31.34,229,213,3600,0.0352,0.018,-0.003,-0.097,-20.21,14.18,645,-28,-3350,0,0,7454,0.1182,0.032,-0.004,-0.096,-18.22,12.19,675,-88,-6549,0,0,2351,0.0238,-0.035,0.091,-0.009,-5.76,-0.27,715,837,-1897,0,0,6369,0.1067,-0.022,0.061,-0.039,-5.85,-0.18,719,653,-5016,0,0
56.52,4,2367.3,490.09,-0.08,3124.96,84.8,0.0,-1.39,-0.4,1.0,0.0,1.0,2,6302,269.1,1.47,0.26,-3.16,-32.27,229,213,3539,0.0354,0.01,-0.005,-0.095,-20.11,14.08,644,-43,-3297,0,0,7324,0.1187,0.028,-0.006,-0.094,-18.23,12.2,674,-115,-6450,0,0,2493,0.0233,-0.023,0.11,0.01,-5.79,-0.24,765,1850,-1640,0,0,6437,0.1067,-0.004,0.058,-0.042,-5.86,-0.17,755,2886,-4707,0,0
56.54,4,2367.8,489.85,-0.08,3125.36,84.8,0.15,-1.36,-0.4,0.0,0.0,1.0,2,6430,293.8,1.6,0.25,-3.15,-33.39,228,213,3450,0.0353,-0.006,-0.006,-0.094,-20.0,13.97,643,-57,-3220,0,0,7154,0.1184,-0.016,-0.006,-0.094,-18.12,12.09,675,-129,-6319,0,0,2664,0.0238,0.025,0.134,0.034,-5.88,-0.15,737,1995,-1738,0,0,6583,0.107,0.015,0.086,-0.014,-5.96,-0.07,730,3063,-4787,0,0
56.56,4,2368.3,489.6,-0.08,3125.76,84.9,0.2,-1.35,-0.4,0.0,0.0,1.0,2,6343,205.8,1.55,0.23,-3.14,-34.49,226,213,3404,0.0351,-0.011,-0.006,-0.094,-19.95,13.92,643,-61,-3180,0,0,7022,0.1178,-0.032,-0.006,-0.094,-18.04,12.01,677,-131,-6218,0,0,2814,0.0247,0.043,0.104,0.004,-6.01,-0.02,782,2076,-1856,0,0,6730,0.1074,0.022,0.053,-0.047,-6.06,0.03,777,2869,-4983,0,0
56.58,4,2368.7,489.35,-0.08,3126.16,84.9,0.14,-1.38,-0.39,0.0,0.0,1.0,2,6181,-76.2,1.24,0.2,-3.13,-34.9,225,213,3385,0.0347,-0.017,-0.006,-0.094,-19.81,13.78,644,-64,-3164,0,0,6990,0.117,-0.036,-0.005,-0.095,-17.91,11.87,678,-121,-6195,0,0,2838,0.0256,0.047,0.058,-0.042,-6.07,0.04,752,1876,-2009,0,0,6826,0.108,0.028,0.01,-0.09,-6.12,0.09,748,2282,-5221,0,0
56.6,4,2369.2,489.09,-0.08,3126.55,84.7,-0.12,-1.43,-0.39,0.0,0.0,1.0,2,5762,-64.0,0.89,0.2,-3.12,-34.2,223,213,3421,0.0345,-0.009,-0.005,-0.095,-19.67,13.64,645,-55,-3197,0,0,7085,0.1166,-0.023,-0.004,-0.096,-17.8,11.77,678,-93,-6271,0,0,2732,0.0262,0.029,-0.019,-0.081,-6.0,-0.03,710,263,-2315,0,0,6817,0.1082,0.014,-0.041,-0.059,-6.1,0.07,719,-1092,-5389,0,0
56.62,4,2369.7,488.83,-0.08,3126.94,84.4,-0.31,-1.46,-0.39,0.0,0.0,1.0,2,5801,-63.1,0.67,0.2,-3.13,-33.44,222,211,3489,0.0346,0.003,-0.003,-0.097,-19.53,13.5,644,-38,-3258,0,0,7287,0.1169,0.016,-0.003,-0.097,-17.67,11.64,676,-78,-6431,0,0,2570,0.026,-0.011,0.045,-0.055,-5.99,-0.04,681,537,-2153,0,0,6775,0.1083,0.002,0.016,-0.084,-6.05,0.02,688,-290,-5386,0,0
56.64,4,2370.1,488.57,-0.08,3127.33,84.1,-0.3,-1.46,-0.38,0.9,0.0,1.0,2,5699,-63.4,0.51,0.22,-3.14,-32.96,222,210,3552,0.0349,0.015,-0.003,-0.097,-19.41,13.38,642,-35,-3316,0,0,7360,0.1174,0.028,-0.003,-0.097,-17.54,11.51,673,-84,-6489,0,0,2500,0.0255,-0.023,-0.008,-0.092,-5.95,-0.08,712,341,-2105,0,0,6680,0.1081,-0.01,-0.033,-0.067,-5.99,-0.04,719,-730,-5284,0,0
56.66,4,2370.6,488.3,-0.08,3127.71,83.8,-0.3,-1.45,-0.38,1.0,0.0,1.0,2,5859,126.6,0.55,0.24,-3.15,-32.69,222,208,3590,0.0352,0.016,-0.003,-0.097,-19.27,13.24,641,-35,-3350,0,0,7425,0.118,0.029,-0.003,-0.097,-17.43,11.4,672,-87,-6542,0,0,2422,0.0249,-0.029,0.043,-0.057,-5.9,-0.13,675,489,-2023,0,0,6577,0.1078,-0.016,0.016,-0.084,-5.93,-0.1,683,-330,-5213,0,0
56.68,4,2371.1,488.03,-0.08,3128.09,83.6,-0.3,-1.45,-0.38,1.0,0.0,1.0,2,5823,178.8,0.8,0.25,-3.16,-32.52,221,207,3579,0.0355,0.013,-0.003,-0.097,-19.12,13.08,639,-37,-3342,0,0,7471,0.1187,0.032,-0.004,-0.096,-17.27,11.24,670,-93,-6579,0,0,2414,0.0243,-0.031,-0.008,-0.092,-5.85,-0.18,707,341,-2021,0,0,6583,0.1075,-0.011,-0.032,-0.068,-5.88,-0.15,714,-711,-5180,0,0
56.7,4,2371.5,487.75,-0.08,3128.46,83.3,-0.29,-1.45,-0.38,1.0,0.0,1.0,2,5869,197.2,1.08,0.27,-3.17,-32.5,221,206,3641,0.0358,0.018,-0.003,-0.097,-18.93,12.9,637,-36,-3398,0,0,7520,0.1194,0.035,-0.004,-0.096,-17.16,11.13,668,-90,-6620,0,0,2374,0.0237,-0.03,0.044,-0.056,-5.83,-0.2,671,486,-1970,0,0,6491,0.1073,-0.012,0.016,-0.084,-5.85,-0.18,678,-327,-5121,0,0
56.72,4,2372.0,487.47,-0.08,3128.83,83.0,-0.28,-1.45,-0.37,1.0,0.0,1.0,2,5967,241.2,1.3,0.29,-3.18,-32.57,221,204,3632,0.0362,0.016,-0.003,-0.097,-18.8,12.77,636,-38,-3392,0,0,7516,0.1199,0.028,-0.004,-0.096,-16.98,10.95,666,-95,-6619,0,0,2383,0.0232,-0.025,0.094,-0.006,-5.78,-0.25,700,865,-1918,0,0,6467,0.107,-0.013,0.062,-0.038,-5.8,-0.23,704,647,-5077,0,0
56.74,4,2372.4,487.19,-0.08,3129.19,82.9,0.02,-1.41,-0.37,0.0,0.0,1.0,2,6171,270.3,1.47,0.29,-3.19,-33.59,221,204,3574,0.0363,0.008,-0.005,-0.095,-18.6,12.56,635,-53,-3342,0,0,7411,0.1203,0.019,-0.005,-0.095,-16.77,10.74,666,-129,-6541,0,0,2497,0.023,-0.012,0.113,0.013,-5.77,-0.26,750,1869,-1632,0,0,6535,0.107,-0.001,0.058,-0.042,-5.83,-0.2,740,2902,-4772,0,0
56.76,4,2372.9,486.9,-0.08,3129.55,83.0,0.16,-1.37,-0.36,0.0,0.0,1.0,2,6279,193.7,1.46,0.28,-3.18,-34.83,220,204,3462,0.0362,-0.007,-0.006,-0.094,-18.34,12.31,635,-66,-3245,0,0,7206,0.12,-0.016,-0.006,-0.094,-16.57,10.54,668,-141,-6385,0,0,2649,0.0234,0.022,0.137,0.037,-5.92,-0.11,722,1997,-1719,0,0,6648,0.1073,0.012,0.086,-0.014,-5.95,-0.09,714,3057,-4837,0,0
56.78,4,2373.4,486.61,-0.08,3129.91,83.0,0.15,-1.38,-0.35,0.0,0.0,1.0,2,6071,-72.1,1.17,0.26,-3.17,-35.66,220,204,3439,0.0358,-0.017,-0.006,-0.094,-18.05,12.02,636,-70,-3227,0,0,7088,0.1193,-0.033,-0.005,-0.095,-16.28,10.25,669,-132,-6298,0,0,2737,0.0241,0.034,0.095,-0.005,-6.02,-0.01,694,1874,-1901,0,0,6709,0.1076,0.018,0.046,-0.054,-6.02,-0.01,690,2368,-5088,0,0
56.8,4,2373.8,486.32,-0.08,3130.26,82.9,-0.04,-1.44,-0.35,0.0,0.0,1.0,2,5807,-63.4,0.85,0.25,-3.17,-35.43,218,204,3426,0.0356,-0.013,-0.005,-0.095,-17.74,11.71,637,-63,-3218,0,0,7205,0.1188,-0.027,-0.004,-0.096,-16.0,9.97,670,-110,-6394,0,0,2658,0.0247,0.029,0.046,-0.054,-6.01,-0.02,666,953,-2163,0,0,6791,0.1079,0.015,0.012,-0.088,-6.03,0.0,672,176,-5395,0,0
56.82,4,2374.3,486.02,-0.08,3130.61,82.6,-0.28,-1.46,-0.34,0.0,0.0,1.0,2,5602,-62.7,0.64,0.25,-3.17,-34.86,217,202,3503,0.0355,-0.004,-0.004,-0.096,-17.46,11.42,637,-47,-3289,0,0,7284,0.1189,0.005,-0.003,-0.097,-15.75,9.72,669,-86,-6460,0,0,2553,0.0246,-0.005,-0.006,-0.094,-5.98,-0.05,700,332,-2154,0,0,6696,0.108,0.004,-0.032,-0.068,-6.01,-0.02,708,-803,-5299,0,0
56.84,4,2374.7,485.71,-0.08,3130.95,82.4,-0.27,-1.46,-0.33,0.0,0.0,1.0,2,5654,-62.1,0.49,0.26,-3.17,-34.56,217,201,3519,0.0356,0.006,-0.003,-0.097,-17.17,11.14,636,-43,-3306,0,0,7313,0.119,0.008,-0.003,-0.097,-15.51,9.48,667,-94,-6486,0,0,2481,0.0243,-0.016,0.045,-0.055,-5.95,-0.08,663,525,-2074,0,0,6590,0.1077,-0.015,0.015,-0.085,-6.0,-0.03,671,-370,-5235,0,0
56.86,4,2375.2,485.41,-0.08,3131.29,82.1,-0.27,-1.46,-0.33,0.0,0.0,1.0,2,5563,-62.5,0.4,0.27,-3.18,-34.4,216,200,3522,0.0357,0.002,-0.003,-0.097,-16.84,10.81,635,-44,-3311,0,0,7365,0.1193,0.015,-0.003,-0.097,-15.22,9.19,666,-96,-6531,0,0,2446,0.0238,-0.023,-0.007,-0.093,-5.94,-0.09,695,367,-2056,0,0,6567,0.1075,-0.01,-0.034,-0.066,-5.95,-0.08,703,-746,-5192,0,0
56.88,4,2375.7,485.1,-0.08,3131.62,81.8,-0.26,-1.45,-0.32,0.0,0.0,1.0,2,5618,-61.8,0.33,0.28,-3.19,-34.34,215,199,3541,0.0357,0.004,-0.003,-0.097,-16.52,10.49,634,-44,-3331,0,0,7405,0.1196,0.011,-0.003,-0.097,-14.94,8.91,665,-98,-6565,0,0,2402,0.0234,-0.02,0.046,-0.054,-5.9,-0.13,659,513,-2003,0,0,6503,0.1072,-0.013,0.016,-0.084,-5.93,-0.1,667,-367,-5155,0,0
56.9,4,2376.1,484.79,-0.08,3131.95,81.6,-0.26,-1.45,-0.31,0.0,0.0,1.0,2,5527,-62.2,0.29,0.29,-3.2,-34.43,214,197,3554,0.0359,0.006,-0.003,-0.097,-16.24,10.21,633,-44,-3346,0,0,7471,0.12,0.022,-0.003,-0.097,-14.6,8.57,664,-100,-6620,0,0,2360,0.0229,-0.028,-0.007,-0.093,-5.89,-0.14,691,363,-1981,0,0,6467,0.107,-0.012,-0.034,-0.066,-5.92,-0.11,698,-744,-5107,0,0
56.92,4,2376.6,484.47,-0.08,3132.28,81.3,-0.25,-1.46,-0.3,0.0,0.0,1.0,2,5584,-61.6,0.26,0.31,-3.21,-34.56,214,196,3564,0.036,0.005,-0.003,-0.097,-15.83,9.8,632,-45,-3358,0,0,7469,0.1204,0.022,-0.003,-0.097,-14.27,8.24,663,-102,-6622,0,0,2370,0.0224,-0.023,0.046,-0.054,-5.86,-0.17,655,514,-1973,0,0,6447,0.1069,-0.006,0.015,-0.085,-5.94,-0.09,662,-368,-5105,0,0
56.94,4,2377.0,484.16,-0.08,3132.6,81.1,-0.25,-1.46,-0.3,0.0,0.0,1.0,2,5494,-62.0,0.24,0.32,-3.22,-34.69,213,195,3544,0.036,0.001,-0.003,-0.097,-15.46,9.43,631,-46,-3342,0,0,7504,0.1208,0.019,-0.003,-0.097,-13.97,7.94,662,-104,-6653,0,0,2371,0.022,-0.019,-0.007,-0.093,-5.88,-0.15,687,370,-1987,0,0,6495,0.1069,-0.001,-0.034,-0.066,-5.91,-0.12,694,-751,-5117,0,0
56.96,4,2377.5,483.84,-0.08,3132.91,80.8,-0.24,-1.46,-0.29,0.0,0.0,1.0,2,5550,-61.4,0.23,0.32,-3.24,-34.82,212,194,3526,0.036,0.002,-0.003,-0.097,-15.09,9.06,631,-47,-3330,0,0,7480,0.1212,0.018,-0.003,-0.097,-13.65,7.62,661,-104,-6637,0,0,2392,0.0217,-0.015,0.046,-0.054,-5.86,-0.17,651,522,-1989,0,0,6510,0.1069,0.001,0.016,-0.084,-5.9,-0.13,659,-378,-5143,0,0
56.98,4,2377.9,483.51,-0.08,3133.22,80.6,-0.24,-1.46,-0.28,0.0,0.0,1.0,2,5460,-61.8,0.22,0.33,-3.25,-34.97,211,193,3528,0.036,0.001,-0.003,-0.097,-14.62,8.59,630,-47,-3334,0,0,7499,0.1215,0.016,-0.003,-0.097,-13.2,7.17,660,-106,-6654,0,0,2398,0.0215,-0.012,-0.007,-0.093,-5.84,-0.19,683,377,-2007,0,0,6539,0.107,0.003,-0.034,-0.066,-5.88,-0.16,690,-766,-5141,0,0
57.0,4,2378.4,483.19,-0.08,3133.52,80.4,-0.23,-1.46,-0.27,0.0,0.0,1.0,2,5518,-61.1,0.21,0.33,-3.26,-35.11,210,191,3509,0.036,-0.001,-0.003,-0.097,-14.15,8.12,629,-48,-3320,0,0,7500,0.1218,0.014,-0.003,-0.097,-12.76,6.73,660,-106,-6655,0,0,2398,0.0213,-0.01,0.047,-0.053,-5.89,-0.14,647,529,-1992,0,0,6574,0.1071,0.006,0.016,-0.084,-5.88,-0.15,655,-388,-5182,0,0
57.02,4,2378.8,482.86,-0.08,3133.82,80.1,-0.23,-1.47,-0.26,0.0,0.0,1.0,2,5428,-61.5,0.21,0.33,-3.27,-35.24,209,190,3520,0.036,-0.003,-0.003,-0.097,-13.72,7.68,629,-48,-3331,0,0,7497,0.122,0.012,-0.003,-0.097,-12.32,6.29,659,-105,-6652,0,0,2417,0.0212,-0.006,-0.007,-0.093,-5.83,-0.2,679,386,-2018,0,0,6606,0.1073,0.009,-0.034,-0.066,-5.86,-0.17,687,-778,-5181,0,0
57.04,4,2379.2,482.52,-0.08,3134.12,79.9,-0.22,-1.47,-0.25,0.0,0.0,1.0,2,5486,-60.9,0.21,0.33,-3.28,-35.38,207,189,3510,0.036,0.0,-0.003,-0.097,-13.18,7.15,628,-50,-3324,0,0,7464,0.1222,0.006,-0.003,-0.097,-11.94,5.91,658,-107,-6624,0,0,2442,0.0211,-0.002,0.047,-0.053,-5.81,-0.22,643,543,-2022,0,0,6624,0.1073,0.004,0.016,-0.084,-5.89,-0.14,651,-398,-5212,0,0
57.06,4,2379.7,482.19,-0.08,3134.41,79.7,-0.21,-1.47,-0.24,0.0,0.0,1.0,2,5398,-61.3,0.2,0.34,-3.28,-35.54,207,188,3517,0.0359,-0.004,-0.003,-0.097,-12.7,6.67,628,-50,-3331,0,0,7487,0.1223,0.007,-0.003,-0.097,-11.42,5.39,658,-109,-6636,0,0,2420,0.021,-0.005,-0.007,-0.093,-5.81,-0.22,675,391,-2017,0,0,6630,0.1074,0.006,-0.035,-0.065,-5.82,-0.21,683,-791,-5189,0,0
57.08,4,2380.1,481.85,-0.08,3134.69,79.4,-0.2,-1.47,-0.22,0.0,0.0,1.0,2,5456,-60.7,0.2,0.34,-3.29,-35.71,206,187,3510,0.0359,-0.002,-0.003,-0.097,-12.14,6.1,627,-50,-3324,0,0,7450,0.1224,0.005,-0.003,-0.097,-10.97,4.94,657,-106,-6598,0,0,2416,0.0209,-0.006,0.048,-0.052,-5.8,-0.23,639,544,-1999,0,0,6602,0.1075,0.0,0.016,-0.084,-5.85,-0.18,648,-402,-5184,0,0
57.1,4,2380.6,481.51,-0.08,3134.97,79.2,-0.2,-1.46,-0.21,0.0,0.0,1.0,2,5369,-61.1,0.2,0.34,-3.29,-35.87,205,186,3484,0.0358,-0.003,-0.003,-0.097,-11.56,5.53,627,-50,-3298,0,0,7434,0.1224,0.001,-0.002,-0.098,-10.54,4.51,657,-106,-6569,0,0,2427,0.0208,-0.004,-0.007,-0.093,-5.85,-0.18,672,396,-2022,0,0,6620,0.1074,0.0,-0.035,-0.065,-5.8,-0.23,680,-799,-5177,0,0
57.12,4,2381.0,481.17,-0.08,3135.24,79.0,-0.19,-1.46,-0.2,0.0,0.0,1.0,2,5428,-60.5,0.2,0.34,-3.29,-36.03,204,185,3476,0.0357,-0.005,-0.003,-0.097,-11.01,4.98,626,-51,-3286,0,0,7434,0.1225,0.003,-0.002,-0.098,-9.86,3.83,656,-105,-6546,0,0,2420,0.0207,-0.004,0.048,-0.052,-5.81,-0.22,636,552,-2000,0,0,6630,0.1075,0.004,0.016,-0.084,-5.8,-0.24,644,-406,-5198,0,0
57.14,4,2381.4,480.82,-0.08,3135.51,78.8,-0.18,-1.46,-0.18,0.0,0.0,1.0,2,5341,-60.9,0.2,0.34,-3.3,-36.2,203,184,3475,0.0356,-0.004,-0.002,-0.098,-10.39,4.36,626,-50,-3277,0,0,7457,0.1224,-0.003,-0.002,-0.098,-9.34,3.31,656,-109,-6531,0,0,2397,0.0207,-0.004,-0.007,-0.093,-5.84,-0.19,668,400,-1994,0,0,6621,0.1075,-0.003,-0.035,-0.065,-5.79,-0.24,676,-808,-5172,0,0
57.16,4,2381.9,480.47,-0.08,3135.77,78.6,-0.17,-1.46,-0.17,0.0,0.0,1.0,2,5401,-60.3,0.2,0.34,-3.3,-36.36,202,183,3502,0.0356,-0.001,-0.002,-0.098,-9.75,3.72,626,-51,-3287,0,0,7416,0.1224,0.001,-0.002,-0.098,-8.75,2.72,656,-106,-6453,0,0,2433,0.0206,-0.004,0.048,-0.052,-5.91,-0.12,632,555,-2013,0,0,6591,0.1074,-0.002,0.016,-0.084,-5.81,-0.23,641,-422,-5170,0,0
57.18,4,2382.3,480.12,-0.08,3136.03,78.5,-0.16,-1.45,-0.16,0.0,0.0,1.0,2,5315,-60.7,0.2,0.34,-3.29,-36.45,200,182,3506,0.0356,0.0,-0.002,-0.098,-9.1,3.07,626,-52,-3270,0,0,7393,0.1223,-0.007,-0.002,-0.098,-8.15,2.12,655,-107,-6370,0,0,2470,0.0207,0.005,-0.006,-0.094,-5.79,-0.24,665,410,-2056,0,0,6598,0.1074,-0.002,-0.035,-0.065,-5.8,-0.24,673,-816,-5162,0,0
57.2,4,2382.7,479.77,-0.08,3136.29,78.3,-0.15,-1.45,-0.14,0.0,0.0,1.0,2,5376,-60.1,0.2,0.33,-3.29,-36.44,199,182,3492,0.0356,-0.001,-0.002,-0.098,-8.59,2.56,625,-50,-3228,0,0,7348,0.1221,-0.009,-0.002,-0.098,-7.66,1.62,655,-102,-6249,0,0,2498,0.0209,0.009,0.048,-0.052,-5.78,-0.25,629,569,-2062,0,0,6604,0.1074,0.001,0.016,-0.084,-5.87,-0.16,638,-431,-5181,0,0
57.22,4,2383.2,479.41,-0.08,3136.53,78.1,-0.14,-1.43,-0.13,0.0,0.0,1.0,2,5290,-60.5,0.2,0.33,-3.28,-36.28,198,181,3479,0.0355,-0.003,-0.002,-0.098,-7.76,1.72,625,-52,-3171,0,0,7354,0.1219,-0.011,-0.002,-0.098,-7.06,1.03,654,-102,-6144,0,0,2497,0.0211,0.011,-0.007,-0.093,-5.77,-0.26,662,411,-2073,0,0,6631,0.1075,0.003,-0.036,-0.064,-5.89,-0.14,670,-825,-5180,0,0
57.24,4,2383.6,479.05,-0.08,3136.78,78.0,-0.13,-1.42,-0.11,0.0,0.0,1.0,2,5352,-60.0,0.2,0.32,-3.28,-35.96,196,180,3472,0.0354,-0.005,-0.001,-0.099,-7.36,1.33,625,-50,-3109,0,0,7319,0.1218,-0.007,-0.002,-0.098,-6.35,0.32,654,-100,-5956,0,0,2524,0.0213,0.009,0.048,-0.052,-5.74,-0.29,626,570,-2077,0,0,6653,0.1076,0.007,0.016,-0.084,-5.94,-0.09,635,-427,-5211,0,0
57.26,4,2384.0,478.69,-0.08,3137.02,77.8,-0.12,-1.4,-0.09,1.0,0.0,1.0,2,5268,-60.4,0.2,0.31,-3.27,-35.47,195,179,3505,0.0354,-0.001,-0.001,-0.099,-6.44,0.41,625,-50,-3052,0,0,7288,0.1215,-0.013,-0.001,-0.099,-5.74,-0.29,653,-90,-5745,0,0,2549,0.0215,0.012,-0.008,-0.092,-5.72,-0.31,660,405,-2111,0,0,6625,0.1076,0.0,-0.036,-0.064,-5.74,-0.29,668,-825,-5151,0,0
57.28,4,2384.5,478.33,-0.08,3137.25,77.7,-0.11,-1.37,-0.08,1.0,0.0,1.0,2,5431,128.0,0.32,0.31,-3.24,-34.75,194,179,3549,0.0355,0.005,-0.001,-0.099,-6.01,-0.03,625,-50,-2989,0,0,7223,0.1211,-0.022,-0.001,-0.099,-5.16,-0.87,653,-94,-5449,0,0,2606,0.0219,0.02,0.047,-0.053,-5.76,-0.27,624,566,-2136,0,0,6568,0.1075,-0.007,0.016,-0.084,-5.69,-0.34,632,-423,-5118,0,0
57.3,4,2384.9,477.97,-0.08,3137.48,77.5,-0.1,-1.33,-0.07,1.0,0.0,1.0,2,5408,183.4,0.62,0.3,-3.21,-33.75,193,178,3585,0.0358,0.012,-0.001,-0.099,-5.17,-0.86,625,-55,-2881,0,0,7135,0.1205,-0.031,-0.001,-0.099,-4.61,-1.43,652,-80,-5103,0,0,2667,0.0225,0.028,-0.009,-0.091,-5.6,-0.43,657,393,-2191,0,0,6483,0.1072,-0.015,-0.036,-0.064,-5.63,-0.4,665,-810,-5024,0,0
57.32,4,2385.3,477.6,-0.08,3137.7,77.4,-0.09,-1.29,-0.05,1.0,0.0,1.0,2,5461,183.2,0.95,0.29,-3.18,-32.39,191,178,3626,0.036,0.013,-0.001,-0.099,-4.68,-1.35,625,-56,-2752,0,0,7094,0.1198,-0.035,-0.001,-0.099,-4.09,-1.94,651,-88,-4765,0,0,2724,0.0231,0.034,0.045,-0.055,-5.58,-0.45,621,556,-2210,0,0,6432,0.1069,-0.014,0.017,-0.083,-5.54,-0.49,630,-400,-4981,0,0
57.34,4,2385.8,477.23,-0.08,3137.92,77.3,-0.08,-1.24,-0.04,1.0,0.0,1.0,2,5403,224.6,1.2,0.28,-3.14,-30.68,189,177,3682,0.0364,0.02,-0.001,-0.099,-4.07,-1.97,625,-56,-2604,0,0,7056,0.1191,-0.034,-0.001,-0.099,-3.62,-2.41,650,-85,-4404,0,0,2793,0.0239,0.04,-0.012,-0.088,-5.37,-0.66,655,361,-2256,0,0,6386,0.1066,-0.013,-0.035,-0.065,-5.54,-0.49,662,-781,-4898,0,0
57.36,4,2386.2,476.86,-0.08,3138.13,77.3,0.14,-1.17,-0.03,1.0,0.0,1.0,2,5667,262.2,1.39,0.26,-3.08,-29.08,187,177,3697,0.0369,0.022,-0.001,-0.099,-3.62,-2.41,626,-80,-2421,0,0,6865,0.1182,-0.044,-0.001,-0.099,-3.27,-2.76,650,-123,-3941,0,0,2982,0.025,0.055,0.089,-0.011,-5.37,-0.66,686,1960,-2030,0,0,6365,0.1064,-0.011,0.047,-0.053,-5.49,-0.54,683,2339,-4641,0,0
57.38,4,2386.6,476.48,-0.08,3138.35,77.5,0.36,-1.08,-0.02,1.0,0.0,1.0,2,5844,291.0,1.53,0.22,-3.01,-27.5,186,178,3668,0.0371,0.012,-0.002,-0.098,-3.22,-2.82,629,-90,-2220,0,0,6599,0.1166,-0.08,-0.001,-0.099,-2.87,-3.16,651,-108,-3467,0,0,3209,0.0269,0.094,0.122,0.022,-5.14,-0.89,664,2327,-2042,0,0,6402,0.1064,0.002,0.083,-0.017,-5.2,-0.83,661,2927,-4485,0,0
57.4,4,2387.1,476.1,-0.08,3138.56,77.8,0.47,-1.01,-0.01,1.0,0.0,1.0,2,5921,309.8,1.64,0.17,-2.92,-25.85,183,179,3643,0.0373,0.009,-0.002,-0.098,-2.91,-3.12,633,-105,-2025,0,0,6337,0.1144,-0.109,-0.001,-0.099,-2.61,-3.42,653,-130,-3082,0,0,3469,0.0293,0.121,0.065,-0.035,-5.02,-1.01,695,2704,-2055,0,0,6477,0.1065,0.003,0.021,-0.079,-5.16,-0.87,690,3387,-4379,0,0
57.42,4,2387.5,475.72,-0.08,3138.76,78.2,0.55,-0.95,-0.01,1.0,0.0,1.0,2,5844,329.6,1.73,0.11,-2.82,-24.11,180,181,3677,0.0374,0.009,-0.002,-0.098,-2.84,-3.19,636,-106,-1930,0,0,6104,0.1119,-0.125,-0.001,-0.099,-2.42,-3.62,656,-119,-2791,0,0,3671,0.0322,0.144,0.111,0.011,-4.86,-1.17,708,3001,-2038,0,0,6489,0.1067,0.01,0.067,-0.033,-5.0,-1.03,701,3799,-4195,0,0
57.44,4,2387.9,475.34,-0.08,3138.97,78.5,0.58,-0.91,-0.01,1.0,0.0,1.0,2,5880,342.2,1.79,0.05,-2.71,-22.16,177,183,3688,0.0377,0.013,-0.002,-0.098,-2.59,-3.44,640,-116,-1824,0,0,5886,0.1091,-0.139,-0.001,-0.099,-2.31,-3.72,658,-125,-2549,0,0,3848,0.0353,0.153,0.111,0.011,-4.87,-1.16,713,3167,-2088,0,0,6480,0.1067,0.0,0.07,-0.03,-4.83,-1.2,705,3965,-4079,0,0
57.46,4,2388.4,474.95,-0.08,3139.17,78.9,0.59,-0.89,0.0,1.0,0.0,1.0,2,5939,351.1,1.84,-0.02,-2.59,-20.02,174,185,3706,0.038,0.013,-0.002,-0.098,-2.51,-3.52,644,-112,-1760,0,0,5758,0.1063,-0.141,-0.001,-0.099,-2.38,-3.65,661,-105,-2446,0,0,4007,0.0385,0.159,0.114,0.014,-4.47,-1.56,719,3319,-2119,0,0,6535,0.1068,0.005,0.077,-0.023,-4.66,-1.37,712,4189,-3969,0,0
57.48,4,2388.8,474.55,-0.08,3139.37,79.3,0.65,-0.85,0.0,1.0,0.0,1.0,2,6255,351.4,1.88,-0.08,-2.48,-18.21,171,187,3736,0.0382,0.013,-0.002,-0.098,-2.43,-3.6,649,-115,-1733,0,0,5627,0.1036,-0.135,-0.002,-0.098,-2.23,-3.8,663,-131,-2378,0,0,4125,0.0416,0.157,0.099,-0.001,-4.26,-1.77,729,3645,-1922,0,0,6553,0.107,0.01,0.06,-0.04,-4.45,-1.59,721,4846,-3569,0,0
57.5,4,2389.3,474.15,-0.08,3139.57,79.8,0.75,-0.78,-0.01,1.0,0.0,1.0,2,6126,360.5,1.91,-0.15,-2.36,-17.23,168,189,3736,0.0385,0.015,-0.002,-0.098,-2.46,-3.57,653,-120,-1727,0,0,5457,0.1008,-0.141,-0.001,-0.099,-2.24,-3.79,667,-132,-2270,0,0,4266,0.0448,0.16,0.138,0.038,-4.12,-1.91,743,3910,-1777,0,0,6570,0.1071,0.004,0.096,-0.004,-4.37,-1.66,731,5144,-3345,0,0
57.52,4,2389.7,473.75,-0.08,3139.76,80.3,0.7,-0.82,-0.01,1.0,0.0,1.0,2,5956,368.9,1.93,-0.21,-2.26,-15.74,165,191,3731,0.0387,0.011,-0.002,-0.098,-2.51,-3.52,658,-117,-1759,0,0,5434,0.098,-0.138,-0.001,-0.099,-2.35,-3.68,671,-112,-2316,0,0,4263,0.0478,0.153,0.094,-0.006,-3.89,-2.14,721,3539,-2118,0,0,6585,0.1072,0.004,0.065,-0.035,-4.12,-1.91,715,4228,-3779,0,0
57.54,4,2390.2,473.35,-0.08,3139.96,80.7,0.64,-0.85,-0.02,1.0,0.0,1.0,2,6288,364.3,1.95,-0.26,-2.17,-14.02,162,193,3709,0.0389,0.008,-0.002,-0.098,-2.6,-3.43,662,-109,-1802,0,0,5456,0.0958,-0.111,-0.001,-0.099,-2.5,-3.53,673,-115,-2391,0,0,4253,0.0504,0.125,0.081,-0.019,-3.62,-2.41,732,3725,-1900,0,0,6640,0.1073,0.007,0.05,-0.05,-3.89,-2.14,724,4849,-3449,0,0
57.56,4,2390.6,472.94,-0.08,3140.15,81.2,0.77,-0.77,-0.02,1.0,0.0,1.0,2,6407,364.3,1.96,-0.31,-2.08,-13.74,160,196,3715,0.039,0.004,-0.002,-0.098,-2.7,-3.33,666,-116,-1853,0,0,5379,0.0938,-0.101,-0.002,-0.098,-2.45,-3.58,677,-140,-2452,0,0,4309,0.0527,0.115,0.145,0.045,-3.41,-2.62,778,4063,-1554,0,0,6663,0.1075,0.01,0.112,0.012,-3.8,-2.23,768,5529,-2960,0,0
57.58,4,2391.1,472.53,-0.08,3140.34,81.8,0.84,-0.7,-0.03,0.5,0.0,1.0,2,6777,356.0,1.97,-0.36,-1.99,-14.6,158,199,3752,0.0391,0.009,-0.002,-0.098,-2.92,-3.11,670,-109,-1940,0,0,5225,0.0916,-0.11,-0.001,-0.099,-2.82,-3.22,682,-136,-2465,0,0,4419,0.0551,0.122,0.221,0.121,-3.37,-2.66,832,4343,-1177,0,0,6629,0.1076,0.004,0.182,0.082,-3.64,-2.4,820,6092,-2202,0,0
57.6,4,2391.5,472.11,-0.08,3140.53,82.4,0.88,-0.62,-0.03,0.5,0.0,1.0,2,6984,224.7,1.81,-0.42,-1.88,-16.62,156,202,3808,0.0395,0.017,-0.002,-0.098,-2.98,-3.05,674,-118,-2042,0,0,5085,0.0892,-0.122,-0.002,-0.098,-2.7,-3.34,688,-155,-2476,0,0,4529,0.0577,0.131,0.248,0.148,-3.51,-2.52,855,4474,-1031,0,0,6557,0.1074,-0.008,0.206,0.106,-3.81,-2.22,843,6163,-1861,0,0
57.62,4,2392.0,471.69,-0.08,3140.72,83.0,0.87,-0.68,-0.03,0.5,0.0,1.0,2,6710,200.4,1.58,-0.46,-1.79,-18.23,155,205,3793,0.0398,0.017,-0.002,-0.098,-3.09,-2.94,678,-121,-2112,0,0,5057,0.0868,-0.116,-0.002,-0.098,-2.87,-3.16,693,-141,-2553,0,0,4559,0.0603,0.126,0.189,0.089,-3.6,-2.43,821,4440,-1307,0,0,6562,0.1073,-0.007,0.147,0.047,-3.86,-2.17,809,5941,-2370,0,0
57.64,4,2392.4,471.26,-0.08,3140.9,83.5,0.8,-0.79,-0.04,1.0,0.0,1.0,2,6508,182.2,1.42,-0.5,-1.73,-18.7,153,207,3710,0.0399,0.003,-0.002,-0.098,-3.17,-2.87,683,-113,-2111,0,0,5160,0.085,-0.091,-0.002,-0.098,-2.86,-3.17,698,-135,-2640,0,0,4451,0.0622,0.099,0.09,-0.01,-3.56,-2.47,760,4112,-1723,0,0,6638,0.1074,0.005,0.052,-0.048,-3.82,-2.21,751,5256,-3158,0,0
57.66,4,2392.9,470.83,-0.08,3141.09,84.0,0.72,-0.87,-0.04,1.0,0.0,1.0,2,6452,264.9,1.46,-0.53,-1.7,-18.38,153,210,3634,0.0397,-0.011,-0.002,-0.098,-3.24,-2.79,686,-119,-2103,0,0,5324,0.0839,-0.054,-0.002,-0.098,-2.94,-3.09,701,-119,-2781,0,0,4300,0.0634,0.058,0.135,0.035,-3.49,-2.54,731,3846,-1807,0,0,6741,0.1077,0.015,0.103,0.003,-3.8,-2.23,722,4969,-3391,0,0
57.68,4,2393.4,470.4,-0.08,3141.27,84.4,0.6,-0.93,-0.04,1.0,0.0,1.0,2,6223,293.4,1.59,-0.55,-1.69,-17.51,153,212,3599,0.0393,-0.018,-0.001,-0.099,-3.39,-2.64,690,-92,-2120,0,0,5503,0.0835,-0.021,-0.001,-0.099,-3.03,-3.0,704,-106,-2925,0,0,4116,0.0639,0.023,0.087,-0.013,-3.28,-2.75,751,3331,-1939,0,0,6799,0.1081,0.02,0.059,-0.041,-3.58,-2.45,746,4056,-3670,0,0
57.7,4,2393.9,469.97,-0.08,3141.45,84.8,0.55,-0.94,-0.05,1.0,0.0,1.0,2,6161,314.6,1.68,-0.55,-1.69,-16.77,154,214,3610,0.0391,-0.01,-0.002,-0.098,-3.37,-2.67,693,-94,-2157,0,0,5629,0.0835,0.0,-0.002,-0.098,-3.03,-3.0,707,-108,-3011,0,0,3977,0.0638,-0.004,0.072,-0.028,-3.17,-2.86,745,3101,-1871,0,0,6777,0.1082,0.006,0.044,-0.056,-3.37,-2.66,740,3640,-3625,0,0
57.72,4,2394.3,469.53,-0.08,3141.62,85.1,0.53,-0.93,-0.05,1.0,0.0,1.0,2,6207,328.9,1.76,-0.55,-1.71,-16.33,155,215,3612,0.039,-0.006,-0.002,-0.098,-3.47,-2.56,696,-97,-2196,0,0,5728,0.0837,0.009,-0.002,-0.098,-3.11,-2.92,709,-126,-3112,0,0,3893,0.0635,-0.015,0.076,-0.024,-2.94,-3.09,751,3131,-1732,0,0,6775,0.1082,0.001,0.047,-0.053,-3.21,-2.83,745,3825,-3476,0,0
57.74,4,2394.8,469.08,-0.08,3141.8,85.5,0.54,-0.92,-0.06,1.0,0.0,1.0,2,6242,339.8,1.82,-0.54,-1.72,-16.29,156,217,3636,0.0389,-0.005,-0.002,-0.098,-3.58,-2.45,699,-93,-2264,0,0,5776,0.084,0.016,-0.002,-0.098,-3.23,-2.8,712,-121,-3207,0,0,3850,0.0631,-0.021,0.077,-0.023,-2.78,-3.25,756,3155,-1644,0,0,6750,0.1082,0.0,0.048,-0.052,-3.08,-2.95,749,3916,-3337,0,0
57.76,4,2395.3,468.64,-0.08,3141.97,85.8,0.54,-0.91,-0.06,1.0,0.0,1.0,2,6277,347.9,1.86,-0.54,-1.73,-16.62,158,219,3655,0.0389,0.001,-0.002,-0.098,-3.68,-2.35,702,-93,-2318,0,0,5810,0.0843,0.016,-0.002,-0.098,-3.29,-2.74,715,-127,-3293,0,0,3804,0.0626,-0.021,0.079,-0.021,-2.69,-3.35,761,3171,-1559,0,0,6696,0.1081,-0.006,0.049,-0.051,-2.99,-3.04,753,3974,-3218,0,0
57.78,4,2395.8,468.19,-0.08,3142.14,86.2,0.54,-0.91,-0.07,1.0,0.0,1.0,2,6356,352.9,1.89,-0.53,-1.74,-17.23,160,221,3670,0.039,0.002,-0.002,-0.098,-3.79,-2.24,704,-77,-2387,0,0,5827,0.0846,0.015,-0.001,-0.099,-3.49,-2.54,718,-113,-3362,0,0,3771,0.0622,-0.022,0.089,-0.011,-2.67,-3.36,770,3248,-1461,0,0,6640,0.1079,-0.009,0.057,-0.043,-2.91,-3.13,762,4258,-3061,0,0
57.8,4,2396.2,467.74,-0.08,3142.3,86.6,0.6,-0.89,-0.07,1.0,0.0,1.0,2,6681,345.9,1.92,-0.52,-1.74,-18.4,162,223,3674,0.039,0.003,-0.002,-0.098,-3.89,-2.14,707,-101,-2426,0,0,5792,0.0849,0.013,-0.002,-0.098,-3.49,-2.54,722,-142,-3402,0,0,3809,0.0618,-0.021,0.08,-0.02,-2.63,-3.41,782,3534,-1313,0,0,6608,0.1077,-0.011,0.041,-0.059,-2.9,-3.13,771,4964,-2819,0,0
57.82,4,2396.7,467.28,-0.08,3142.46,87.1,0.7,-0.86,-0.08,1.0,0.0,1.0,2,6546,356.5,1.94,-0.52,-1.74,-20.25,164,225,3636,0.039,-0.001,-0.003,-0.097,-4.0,-2.03,710,-90,-2454,0,0,5723,0.0849,-0.002,-0.002,-0.098,-3.54,-2.49,727,-152,-3414,0,0,3872,0.0617,-0.003,0.116,0.016,-2.73,-3.3,795,3694,-1248,0,0,6635,0.1076,-0.003,0.072,-0.028,-2.98,-3.05,780,5137,-2798,0,0
57.84,4,2397.2,466.82,-0.08,3142.62,87.5,0.63,-0.91,-0.08,1.0,0.0,1.0,2,6414,363.8,1.95,-0.52,-1.75,-21.46,166,228,3613,0.0388,-0.007,-0.002,-0.098,-4.08,-1.95,713,-97,-2467,0,0,5753,0.0847,-0.005,-0.002,-0.098,-3.63,-2.4,731,-126,-3494,0,0,3845,0.0618,0.002,0.084,-0.016,-2.77,-3.26,777,3315,-1525,0,0,6662,0.1076,0.003,0.05,-0.05,-3.04,-2.99,770,4017,-3199,0,0
57.86,4,2397.7,466.36,-0.08,3142.78,87.9,0.54,-0.95,-0.08,1.0,0.0,1.0,2,6493,364.3,1.96,-0.51,-1.76,-22.23,167,229,3608,0.0387,-0.007,-0.001,-0.099,-4.18,-1.85,716,-82,-2486,0,0,5835,0.085,0.013,-0.002,-0.098,-3.67,-2.36,733,-129,-3588,0,0,3794,0.0615,-0.014,0.094,-0.006,-2.84,-3.19,787,3283,-1526,0,0,6702,0.1078,0.006,0.058,-0.042,-3.1,-2.93,779,4229,-3207,0,0
57.88,4,2398.2,465.9,-0.08,3142.94,88.3,0.6,-0.94,-0.08,1.0,0.0,1.0,2,6819,350.8,1.97,-0.51,-1.78,-23.39,168,231,3578,0.0385,-0.009,-0.002,-0.098,-4.18,-1.85,718,-99,-2487,0,0,5853,0.0853,0.017,-0.002,-0.098,-3.72,-2.31,737,-119,-3640,0,0,3799,0.0611,-0.019,0.085,-0.015,-2.88,-3.15,798,3520,-1381,0,0,6769,0.1079,0.007,0.042,-0.058,-3.23,-2.8,787,4958,-3075,0,0
57.9,4,2398.7,465.43,-0.08,3143.09,88.7,0.69,-0.91,-0.08,1.0,0.0,1.0,2,6694,358.6,1.98,-0.52,-1.79,-25.17,170,234,3558,0.0383,-0.01,-0.003,-0.097,-4.25,-1.78,721,-101,-2503,0,0,5798,0.0855,0.006,-0.002,-0.098,-3.84,-2.19,741,-150,-3643,0,0,3838,0.061,-0.004,0.123,0.023,-3.08,-2.95,813,3645,-1333,0,0,6813,0.1082,0.012,0.073,-0.027,-3.31,-2.72,798,5152,-3099,0,0
57.92,4,2399.2,464.96,-0.08,3143.24,89.1,0.62,-0.96,-0.08,1.0,0.0,1.0,2,6570,365.4,1.98,-0.51,-1.81,-26.25,173,236,3539,0.0381,-0.011,-0.002,-0.098,-4.35,-1.68,724,-93,-2508,0,0,5866,0.0856,0.007,-0.002,-0.098,-3.79,-2.24,745,-134,-3697,0,0,3760,0.0609,-0.008,0.093,-0.007,-3.18,-2.85,796,3280,-1597,0,0,6839,0.1084,0.01,0.053,-0.047,-3.43,-2.6,788,4096,-3556,0,0
57.94,4,2399.7,464.48,-0.08,3143.38,89.5,0.54,-1.01,-0.08,1.0,0.0,1.0,2,6645,362.9,1.99,-0.51,-1.83,-26.78,175,238,3538,0.0379,-0.013,-0.002,-0.098,-4.32,-1.71,727,-86,-2513,0,0,5894,0.086,0.02,-0.002,-0.098,-3.82,-2.21,749,-129,-3720,0,0,3713,0.0603,-0.026,0.102,0.002,-3.32,-2.71,805,3223,-1626,0,0,6834,0.1085,0.006,0.06,-0.04,-3.52,-2.51,797,4231,-3569,0,0
57.96,4,2400.2,464.0,-0.08,3143.53,89.9,0.59,-1.0,-0.08,1.0,0.0,1.0,2,6981,347.6,1.99,-0.5,-1.85,-27.65,177,240,3523,0.0376,-0.011,-0.002,-0.098,-4.33,-1.7,730,-93,-2511,0,0,5923,0.0864,0.018,-0.002,-0.098,-3.86,-2.17,752,-142,-3763,0,0,3693,0.0598,-0.025,0.095,-0.005,-3.42,-2.61,819,3411,-1463,0,0,6858,0.1086,0.004,0.047,-0.053,-3.64,-2.39,807,4951,-3394,0,0
57.98,4,2400.7,463.52,-0.08,3143.67,90.3,0.68,-0.96,-0.08,0.5,0.0,1.0,2,7048,349.7,1.99,-0.5,-1.86,-29.13,180,242,3527,0.0374,-0.009,-0.002,-0.098,-4.42,-1.61,733,-98,-2528,0,0,5863,0.0866,0.011,-0.002,-0.098,-3.87,-2.16,756,-149,-3740,0,0,3721,0.0595,-0.017,0.159,0.059,-3.75,-2.29,869,3512,-1409,0,0,6842,0.1086,0.004,0.11,0.01,-3.93,-2.1,857,5241,-3334,0,0
58.0,4,2401.2,463.04,-0.08,3143.8,90.8,0.69,-0.97,-0.08,0.87,0.0,1.0,2,7040,224.3,1.83,-0.5,-1.88,-30.55,182,245,3488,0.0372,-0.01,-0.002,-0.098,-4.48,-1.55,736,-100,-2504,0,0,5842,0.0866,0.001,-0.002,-0.098,-3.89,-2.14,760,-143,-3755,0,0,3749,0.0594,-0.007,0.148,0.048,-3.94,-2.09,864,3508,-1483,0,0,6896,0.1087,0.003,0.095,-0.005,-4.07,-1.97,852,5155,-3517,0,0
58.02,4,2401.7,462.55,-0.08,3143.94,91.2,0.62,-1.03,-0.07,0.0,0.0,1.0,2,6945,292.0,1.74,-0.5,-1.9,-31.16,185,247,3465,0.0369,-0.015,-0.002,-0.098,-4.4,-1.63,739,-105,-2497,0,0,5908,0.0867,0.007,-0.002,-0.098,-3.93,-2.1,764,-138,-3805,0,0,3675,0.0591,-0.013,0.076,-0.024,-4.05,-1.98,817,3161,-1782,0,0,6924,0.1089,0.01,0.029,-0.071,-4.25,-1.78,809,4143,-4069,0,0
58.04,4,2402.2,462.06,-0.08,3144.07,91.5,0.57,-1.07,-0.07,0.0,0.0,1.0,2,6834,140.4,1.58,-0.5,-1.93,-31.33,187,249,3414,0.0366,-0.018,-0.001,-0.099,-4.57,-1.46,742,-86,-2467,0,0,5969,0.0871,0.019,-0.002,-0.098,-3.96,-2.07,767,-117,-3852,0,0,3613,0.0585,-0.029,0.094,-0.006,-4.2,-1.84,834,3016,-1856,0,0,6981,0.1091,0.008,0.049,-0.051,-4.39,-1.64,828,3853,-4267,0,0
58.06,4,2402.7,461.56,-0.08,3144.19,91.8,0.4,-1.13,-0.07,0.0,0.0,1.0,2,6630,-76.7,1.19,-0.48,-1.96,-30.49,190,250,3443,0.0363,-0.016,-0.002,-0.098,-4.42,-1.61,744,-75,-2490,0,0,6102,0.0877,0.03,0.0,-0.1,-4.02,-2.01,769,-81,-3939,0,0,3464,0.0577,-0.041,0.086,-0.014,-4.28,-1.75,769,2353,-2098,0,0,6935,0.1092,0.006,0.053,-0.047,-4.45,-1.58,768,2565,-4559,0,0
58.08,4,2403.2,461.07,-0.08,3144.31,91.8,0.14,-1.19,-0.07,1.0,0.0,1.0,2,6375,-67.4,0.86,-0.45,-2.01,-28.9,194,250,3503,0.0361,-0.007,-0.002,-0.098,-4.46,-1.57,745,-65,-2536,0,0,6336,0.0888,0.054,-0.001,-0.099,-3.99,-2.04,769,-57,-4104,0,0,3254,0.0563,-0.069,0.03,-0.07,-4.3,-1.73,735,877,-2258,0,0,6842,0.109,-0.009,0.008,-0.092,-4.44,-1.59,742,-77,-4709,0,0
58.1,4,2403.7,460.57,-0.08,3144.43,91.7,-0.13,-1.2,-0.07,1.0,0.0,1.0,2,6342,122.0,0.81,-0.39,-2.07,-27.36,198,250,3637,0.0363,0.011,-0.001,-0.099,-4.52,-1.51,745,-45,-2637,0,0,6588,0.0906,0.089,-0.001,-0.099,-4.05,-1.98,767,-48,-4271,0,0,3031,0.0543,-0.102,-0.011,-0.089,-4.15,-1.88,774,315,-2122,0,0,6642,0.1085,-0.024,-0.029,-0.071,-4.36,-1.67,781,-731,-4525,0,0
58.12,4,2404.2,460.07,-0.08,3144.54,91.6,-0.11,-1.19,-0.07,1.0,0.0,1.0,2,6422,173.1,0.99,-0.34,-2.12,-26.27,203,249,3718,0.0369,0.025,-0.001,-0.099,-4.51,-1.53,744,-55,-2701,0,0,6733,0.0926,0.101,-0.001,-0.099,-4.06,-1.97,765,-67,-4360,0,0,2913,0.052,-0.115,0.034,-0.066,-4.1,-1.94,738,516,-2020,0,0,6455,0.1077,-0.039,0.015,-0.085,-4.33,-1.7,745,-290,-4382,0,0
58.14,4,2404.7,459.58,-0.08,3144.65,91.4,-0.11,-1.19,-0.07,1.0,0.0,1.0,2,6368,218.8,1.23,-0.28,-2.17,-25.48,207,248,3773,0.0374,0.029,-0.001,-0.099,-4.54,-1.49,743,-50,-2762,0,0,6863,0.0946,0.099,-0.001,-0.099,-4.12,-1.91,764,-80,-4484,0,0,2843,0.0498,-0.107,-0.013,-0.087,-4.03,-2.0,772,257,-1964,0,0,6335,0.107,-0.037,-0.029,-0.071,-4.25,-1.78,778,-748,-4259,0,0
58.16,4,2405.2,459.08,-0.08,3144.75,91.5,0.11,-1.17,-0.07,1.0,0.0,1.0,2,6609,251.1,1.41,-0.23,-2.23,-25.36,211,248,3723,0.0379,0.023,-0.002,-0.098,-4.59,-1.45,743,-65,-2744,0,0,6858,0.0965,0.096,-0.002,-0.098,-4.13,-1.9,763,-108,-4503,0,0,2891,0.0479,-0.095,0.068,-0.032,-4.04,-1.99,799,1875,-1752,0,0,6349,0.1065,-0.023,0.037,-0.063,-4.21,-1.82,796,2297,-4110,0,0
58.18,4,2405.8,458.58,-0.08,3144.85,91.7,0.31,-1.15,-0.07,1.0,0.0,1.0,2,6817,274.7,1.55,-0.21,-2.27,-25.64,214,249,3638,0.038,0.005,-0.002,-0.098,-4.67,-1.36,745,-74,-2693,0,0,6783,0.0978,0.066,-0.002,-0.098,-4.18,-1.85,765,-123,-4500,0,0,3008,0.0468,-0.058,0.107,0.007,-4.12,-1.91,783,2243,-1714,0,0,6479,0.1066,0.003,0.072,-0.028,-4.22,-1.82,777,3084,-4055,0,0
58.2,4,2406.3,458.08,-0.08,3144.94,91.9,0.39,-1.14,-0.07,1.0,0.0,1.0,2,6732,293.5,1.66,-0.2,-2.31,-26.07,216,250,3581,0.0378,-0.007,-0.002,-0.098,-4.73,-1.3,746,-84,-2679,0,0,6650,0.0987,0.044,-0.001,-0.099,-4.28,-1.75,767,-113,-4449,0,0,3151,0.0461,-0.032,0.07,-0.03,-4.07,-1.96,826,2199,-1860,0,0,6612,0.107,0.019,0.039,-0.061,-4.28,-1.75,823,2598,-4248,0,0
58.22,4,2406.8,457.58,-0.08,3145.03,92.1,0.41,-1.15,-0.08,1.0,0.0,1.0,2,6766,309.6,1.74,-0.2,-2.33,-26.39,217,252,3517,0.0376,-0.012,-0.002,-0.098,-4.81,-1.22,748,-87,-2658,0,0,6554,0.0991,0.022,-0.001,-0.099,-4.35,-1.68,769,-130,-4434,0,0,3252,0.0459,-0.01,0.09,-0.01,-4.18,-1.85,820,2561,-1788,0,0,6752,0.1075,0.024,0.05,-0.05,-4.32,-1.71,812,3398,-4202,0,0
58.24,4,2407.3,457.07,-0.08,3145.12,92.4,0.43,-1.15,-0.08,1.0,0.0,1.0,2,6948,312.7,1.8,-0.2,-2.36,-26.68,219,253,3471,0.0373,-0.017,-0.002,-0.098,-5.06,-0.97,750,-77,-2655,0,0,6483,0.0993,0.009,-0.001,-0.099,-4.42,-1.61,772,-107,-4437,0,0,3299,0.046,0.002,0.069,-0.031,-4.15,-1.88,826,2607,-1802,0,0,6861,0.108,0.028,0.03,-0.07,-4.32,-1.71,819,3602,-4237,0,0
58.26,4,2407.8,456.56,-0.08,3145.2,92.7,0.52,-1.13,-0.08,1.0,0.0,1.0,2,6850,327.4,1.85,-0.21,-2.37,-27.38,220,255,3443,0.0369,-0.019,-0.002,-0.098,-5.01,-1.02,752,-78,-2663,0,0,6376,0.0993,-0.002,-0.003,-0.097,-4.5,-1.53,774,-121,-4445,0,0,3383,0.0462,0.009,0.101,0.001,-4.59,-1.44,831,2788,-1793,0,0,6955,0.1085,0.027,0.055,-0.045,-4.4,-1.63,821,3779,-4277,0,0
58.28,4,2408.3,456.05,-0.08,3145.27,93.0,0.51,-1.15,-0.08,1.0,0.0,1.0,2,6911,331.9,1.88,-0.23,-2.38,-27.94,221,257,3407,0.0365,-0.021,-0.002,-0.098,-5.1,-0.93,755,-91,-2654,0,0,6318,0.0991,-0.011,-0.003,-0.097,-4.63,-1.4,777,-132,-4459,0,0,3420,0.0464,0.014,0.106,0.006,-4.3,-1.73,839,2867,-1783,0,0,7047,0.109,0.024,0.06,-0.04,-4.47,-1.56,827,4019,-4308,0,0
58.3,4,2408.8,455.54,-0.08,3145.35,93.4,0.53,-1.15,-0.08,1.0,0.0,1.0,2,6944,335.8,1.91,-0.24,-2.38,-28.51,221,258,3393,0.0361,-0.02,-0.003,-0.097,-5.21,-0.83,757,-98,-2671,0,0,6278,0.0988,-0.013,-0.003,-0.097,-4.7,-1.34,780,-144,-4468,0,0,3432,0.0467,0.014,0.107,0.007,-4.36,-1.68,843,2879,-1796,0,0,7096,0.1094,0.02,0.062,-0.038,-4.6,-1.43,831,4068,-4373,0,0
58.32,4,2409.4,455.02,-0.08,3145.41,93.7,0.53,-1.16,-0.08,1.0,0.0,1.0,2,6976,338.5,1.93,-0.25,-2.38,-29.05,223,260,3396,0.0357,-0.017,-0.003,-0.097,-5.33,-0.7,759,-77,-2697,0,0,6225,0.0985,-0.017,-0.001,-0.099,-4.95,-1.08,782,-121,-4492,0,0,3435,0.047,0.014,0.108,0.008,-4.46,-1.57,847,2880,-1809,0,0,7092,0.1097,0.014,0.062,-0.038,-4.65,-1.39,835,4086,-4393,0,0
58.34,4,2409.9,454.5,-0.08,3145.48,94.0,0.53,-1.17,-0.08,0.0,0.0,1.0,2,7014,340.0,1.95,-0.26,-2.38,-29.65,224,262,3384,0.0355,-0.014,-0.002,-0.098,-5.49,-0.54,761,-64,-2718,0,0,6219,0.0981,-0.018,-0.003,-0.097,-4.89,-1.14,785,-161,-4527,0,0,3408,0.0471,0.005,0.112,0.012,-4.56,-1.47,852,2862,-1809,0,0,7074,0.1097,0.001,0.063,-0.037,-4.73,-1.3,840,4076,-4421,0,0
58.36,4,2410.4,453.98,-0.08,3145.54,94.3,0.52,-1.18,-0.08,0.0,0.0,1.0,2,6958,223.0,1.8,-0.27,-2.39,-30.21,225,264,3346,0.0351,-0.018,-0.001,-0.099,-5.48,-0.55,764,-77,-2694,0,0,6254,0.0979,-0.01,-0.001,-0.099,-5.04,-0.99,788,-131,-4586,0,0,3365,0.0471,0.0,0.1,0.0,-4.84,-1.2,842,2738,-1870,0,0,7118,0.1099,0.008,0.051,-0.049,-4.84,-1.2,831,3730,-4616,0,0
58.38,4,2410.9,453.46,-0.08,3145.59,94.5,0.33,-1.25,-0.08,0.0,0.0,1.0,2,6772,-86.9,1.4,-0.27,-2.41,-29.64,226,265,3341,0.0347,-0.021,-0.002,-0.098,-5.54,-0.5,765,-78,-2711,0,0,6365,0.0979,-0.001,-0.001,-0.099,-5.1,-0.93,790,-99,-4688,0,0,3257,0.0469,-0.011,0.065,-0.035,-4.73,-1.3,779,1929,-2192,0,0,7133,0.1101,0.009,0.034,-0.066,-4.86,-1.17,777,2033,-5007,0,0
58.4,4,2411.5,452.94,-0.08,3145.64,94.5,0.0,-1.3,-0.08,1.0,0.0,1.0,2,6489,-68.2,1.0,-0.25,-2.43,-28.36,229,264,3438,0.0345,-0.009,-0.001,-0.099,-5.63,-0.4,766,-44,-2806,0,0,6578,0.0984,0.028,-0.001,-0.099,-5.1,-0.94,789,-78,-4858,0,0,3025,0.046,-0.043,0.028,-0.072,-4.76,-1.27,758,346,-2261,0,0,6981,0.11,-0.006,0.01,-0.09,-4.9,-1.13,767,-652,-5015,0,0
58.42,4,2412.0,452.42,-0.08,3145.69,94.3,-0.13,-1.31,-0.09,1.0,0.0,1.0,2,6493,120.1,0.9,-0.21,-2.47,-27.45,231,264,3519,0.0347,0.012,-0.002,-0.098,-5.71,-0.32,764,-31,-2889,0,0,6794,0.0996,0.06,-0.001,-0.099,-5.24,-0.79,787,-88,-5054,0,0,2831,0.0444,-0.08,-0.011,-0.089,-4.71,-1.32,795,308,-2113,0,0,6802,0.1093,-0.032,-0.029,-0.071,-4.75,-1.28,801,-720,-4867,0,0
58.44,4,2412.5,451.89,-0.08,3145.73,94.2,-0.12,-1.31,-0.09,1.0,0.0,1.0,2,6602,184.1,1.07,-0.17,-2.51,-26.89,235,263,3583,0.0351,0.017,0.001,-0.099,-5.84,-0.19,763,-27,-2952,0,0,6925,0.1011,0.073,-0.002,-0.098,-5.25,-0.79,785,-94,-5163,0,0,2726,0.0427,-0.087,0.034,-0.066,-4.57,-1.46,760,471,-2007,0,0,6659,0.1087,-0.031,0.015,-0.085,-4.7,-1.33,766,-252,-4755,0,0
58.46,4,2413.0,451.37,-0.08,3145.76,94.0,-0.12,-1.31,-0.09,1.0,0.0,1.0,2,6544,226.3,1.29,-0.12,-2.55,-26.58,238,262,3603,0.0354,0.017,0.0,-0.1,-5.87,-0.16,762,-34,-2982,0,0,7011,0.1025,0.072,-0.002,-0.098,-5.3,-0.73,784,-81,-5246,0,0,2680,0.041,-0.083,-0.012,-0.088,-4.5,-1.53,793,236,-1970,0,0,6579,0.1081,-0.029,-0.03,-0.07,-4.65,-1.38,799,-735,-4690,0,0
58.48,4,2413.5,450.85,-0.08,3145.79,94.0,0.09,-1.29,-0.09,1.0,0.0,1.0,2,6807,253.5,1.46,-0.1,-2.59,-26.9,240,262,3555,0.0357,0.013,-0.003,-0.097,-5.94,-0.09,762,-33,-2960,0,0,6978,0.1038,0.065,-0.002,-0.098,-5.36,-0.67,784,-153,-5254,0,0,2746,0.0396,-0.07,0.073,-0.027,-4.67,-1.36,824,1754,-1785,0,0,6600,0.1077,-0.018,0.039,-0.061,-4.64,-1.39,819,2334,-4510,0,0
58.5,4,2414.1,450.33,-0.08,3145.81,94.2,0.3,-1.26,-0.1,1.0,0.0,1.0,2,7021,274.4,1.59,-0.08,-2.61,-27.74,242,263,3515,0.0357,-0.001,-0.002,-0.098,-6.01,-0.02,763,-69,-2945,0,0,6875,0.1045,0.033,-0.003,-0.097,-5.46,-0.57,785,-165,-5246,0,0,2850,0.0389,-0.034,0.108,0.008,-4.57,-1.46,808,2103,-1722,0,0,6645,0.1077,0.0,0.074,-0.026,-4.84,-1.19,802,3104,-4399,0,0
58.52,4,2414.6,449.81,-0.08,3145.83,94.4,0.37,-1.25,-0.1,1.0,0.0,1.0,2,6948,290.7,1.68,-0.08,-2.63,-28.74,244,264,3449,0.0355,-0.01,-0.002,-0.098,-6.1,0.07,764,-69,-2911,0,0,6757,0.1049,0.021,-0.003,-0.097,-5.52,-0.51,787,-136,-5180,0,0,2969,0.0386,-0.017,0.078,-0.022,-4.7,-1.33,853,2109,-1847,0,0,6761,0.108,0.014,0.041,-0.059,-4.79,-1.24,848,2720,-4584,0,0
58.54,4,2415.1,449.28,-0.08,3145.85,94.6,0.39,-1.26,-0.1,0.0,0.0,1.0,2,6980,305.4,1.76,-0.08,-2.65,-29.57,244,265,3384,0.0352,-0.014,-0.003,-0.097,-6.24,0.21,765,-81,-2871,0,0,6689,0.105,0.003,-0.001,-0.099,-5.8,-0.23,789,-130,-5184,0,0,3065,0.0387,0.004,0.097,-0.003,-4.71,-1.32,847,2410,-1781,0,0,6915,0.1084,0.021,0.053,-0.047,-4.84,-1.19,837,3407,-4562,0,0
58.56,4,2415.6,448.75,-0.08,3145.85,94.8,0.4,-1.27,-0.1,0.0,0.0,1.0,2,6979,203.0,1.67,-0.09,-2.66,-30.26,245,266,3364,0.0348,-0.018,-0.003,-0.097,-6.27,0.24,766,-83,-2874,0,0,6663,0.1049,-0.002,-0.003,-0.097,-5.67,-0.36,791,-142,-5206,0,0,3105,0.0389,0.011,0.082,-0.018,-4.78,-1.25,857,2237,-1932,0,0,7031,0.109,0.027,0.041,-0.059,-4.92,-1.11,853,2875,-4817,0,0
58.58,4,2416.2,448.23,-0.08,3145.86,95.0,0.3,-1.3,-0.1,0.0,0.0,1.0,2,6825,-84.7,1.31,-0.1,-2.68,-30.34,246,267,3349,0.0345,-0.016,-0.002,-0.098,-6.44,0.4,768,-58,-2875,0,0,6646,0.1049,-0.001,-0.001,-0.099,-5.88,-0.16,793,-132,-5201,0,0,3084,0.039,0.005,0.042,-0.058,-4.84,-1.19,829,1932,-2061,0,0,7067,0.1094,0.02,0.005,-0.095,-5.13,-0.9,827,2145,-5003,0,0
58.6,4,2416.7,447.7,-0.08,3145.86,95.0,0.03,-1.35,-0.1,0.0,0.0,1.0,2,6460,-68.9,0.95,-0.09,-2.7,-29.6,247,267,3405,0.0343,-0.012,-0.002,-0.098,-6.52,0.49,768,-38,-2930,0,0,6769,0.1051,0.011,-0.002,-0.098,-5.85,-0.18,792,-76,-5304,0,0,2945,0.0387,-0.013,-0.018,-0.082,-4.83,-1.2,796,165,-2251,0,0,7014,0.1096,0.01,-0.034,-0.066,-4.96,-1.07,804,-1089,-5080,0,0
58.62,4,2417.2,447.17,-0.08,3145.85,94.8,-0.14,-1.36,-0.1,1.0,0.0,1.0,2,6499,-68.1,0.7,-0.07,-2.72,-28.97,248,266,3508,0.0344,0.009,0.003,-0.097,-6.89,0.86,767,-10,-3036,0,0,6931,0.1059,0.037,-0.002,-0.098,-5.96,-0.07,790,-91,-5452,0,0,2798,0.0378,-0.044,0.035,-0.065,-4.77,-1.26,765,511,-2119,0,0,6868,0.1093,-0.016,0.014,-0.086,-4.98,-1.05,772,-259,-5010,0,0
58.64,4,2417.7,446.65,-0.08,3145.84,94.6,-0.13,-1.36,-0.1,1.0,0.0,1.0,2,6508,119.7,0.69,-0.04,-2.74,-28.64,250,265,3554,0.0348,0.016,-0.001,-0.099,-6.58,0.55,765,-40,-3079,0,0,7034,0.1069,0.048,-0.002,-0.098,-6.01,-0.02,789,-98,-5550,0,0,2705,0.0367,-0.054,-0.009,-0.091,-4.75,-1.28,798,290,-2057,0,0,6755,0.1088,-0.022,-0.029,-0.071,-5.05,-0.98,804,-738,-4925,0,0
58.66,4,2418.3,446.12,-0.08,3145.82,94.5,-0.13,-1.36,-0.11,1.0,0.0,1.0,2,6620,170.2,0.9,-0.01,-2.77,-28.47,252,265,3567,0.0351,0.015,-0.002,-0.098,-6.69,0.66,764,-46,-3092,0,0,7115,0.1079,0.053,-0.002,-0.098,-6.01,-0.02,787,-103,-5618,0,0,2646,0.0356,-0.056,0.036,-0.064,-4.98,-1.05,762,475,-2010,0,0,6698,0.1085,-0.018,0.013,-0.087,-4.96,-1.07,769,-303,-4908,0,0
58.68,4,2418.8,445.6,-0.08,3145.8,94.3,-0.13,-1.36,-0.11,1.0,0.0,1.0,2,6557,201.2,1.16,0.02,-2.79,-28.47,254,264,3602,0.0353,0.014,-0.002,-0.098,-6.8,0.77,763,-37,-3136,0,0,7152,0.1089,0.049,-0.002,-0.098,-6.13,0.1,786,-116,-5676,0,0,2618,0.0346,-0.052,-0.011,-0.089,-4.78,-1.26,795,271,-1995,0,0,6621,0.1081,-0.017,-0.029,-0.071,-5.05,-0.99,801,-742,-4805,0,0
58.7,4,2419.3,445.08,-0.08,3145.77,94.3,0.07,-1.35,-0.11,1.0,0.0,1.0,2,6832,232.4,1.36,0.04,-2.82,-29.02,256,264,3544,0.0356,0.012,-0.003,-0.097,-6.8,0.77,761,-54,-3099,0,0,7133,0.1098,0.045,-0.002,-0.098,-6.31,0.28,785,-122,-5711,0,0,2659,0.0337,-0.045,0.039,-0.061,-4.79,-1.24,825,1494,-1837,0,0,6656,0.1079,-0.012,0.006,-0.094,-4.95,-1.08,823,1685,-4735,0,0
58.72,4,2419.8,444.55,-0.08,3145.74,94.5,0.28,-1.32,-0.11,0.0,0.0,1.0,2,7061,259.0,1.51,0.04,-2.83,-30.05,257,264,3469,0.0355,-0.005,-0.003,-0.097,-6.86,0.83,763,-64,-3043,0,0,6981,0.1103,0.023,-0.003,-0.097,-6.17,0.14,787,-129,-5578,0,0,2815,0.0333,-0.017,0.116,0.016,-4.83,-1.2,814,2101,-1737,0,0,6777,0.1081,0.011,0.076,-0.024,-4.95,-1.08,806,3188,-4579,0,0
58.74,4,2420.4,444.03,-0.08,3145.7,94.7,0.37,-1.3,-0.11,0.0,0.0,1.0,2,6964,179.8,1.5,0.03,-2.84,-31.19,258,265,3402,0.0352,-0.014,-0.002,-0.098,-6.88,0.85,764,-74,-2988,0,0,6850,0.1101,-0.008,-0.002,-0.098,-6.34,0.3,789,-139,-5524,0,0,2936,0.0336,0.012,0.083,-0.017,-4.94,-1.09,858,2083,-1883,0,0,6898,0.1085,0.018,0.044,-0.056,-5.06,-0.97,853,2756,-4805,0,0
58.76,4,2420.9,443.5,-0.08,3145.66,94.8,0.3,-1.33,-0.11,0.0,0.0,1.0,2,6833,-79.9,1.2,0.02,-2.85,-31.68,258,266,3347,0.0348,-0.019,-0.002,-0.098,-6.95,0.92,764,-67,-2952,0,0,6815,0.1098,-0.013,-0.002,-0.098,-6.31,0.28,791,-128,-5513,0,0,2950,0.0339,0.017,0.045,-0.055,-5.04,-0.99,830,1880,-2001,0,0,6993,0.1089,0.022,0.006,-0.094,-5.25,-0.78,827,2220,-5022,0,0
58.78,4,2421.4,442.98,-0.08,3145.61,94.8,0.03,-1.38,-0.11,0.0,0.0,1.0,2,6448,-68.9,0.87,0.02,-2.86,-31.18,258,266,3388,0.0345,-0.018,-0.001,-0.099,-7.03,1.0,765,-53,-2996,0,0,6915,0.1098,-0.001,-0.001,-0.099,-6.37,0.34,791,-70,-5596,0,0,2845,0.034,0.002,-0.016,-0.084,-5.04,-0.99,794,198,-2231,0,0,6995,0.1093,0.019,-0.035,-0.065,-5.17,-0.86,802,-1077,-5169,0,0
58.8,4,2422.0,442.46,-0.08,3145.55,94.6,-0.14,-1.39,-0.11,0.0,0.0,1.0,2,6488,-68.0,0.65,0.03,-2.88,-30.7,259,265,3475,0.0345,0.004,-0.002,-0.098,-7.09,1.06,763,-27,-3081,0,0,7007,0.1103,0.023,-0.002,-0.098,-6.42,0.39,788,-130,-5669,0,0,2734,0.0334,-0.029,0.036,-0.064,-5.13,-0.9,764,523,-2133,0,0,6856,0.1091,-0.01,0.014,-0.086,-5.18,-0.85,771,-268,-5102,0,0
58.82,4,2422.5,441.93,-0.08,3145.49,94.4,-0.13,-1.39,-0.11,0.0,0.0,1.0,2,6398,-68.4,0.5,0.05,-2.89,-30.42,260,264,3509,0.0347,0.009,-0.002,-0.098,-7.13,1.1,762,-56,-3110,0,0,7086,0.1108,0.028,-0.001,-0.099,-6.43,0.4,787,-82,-5740,0,0,2656,0.0327,-0.037,-0.009,-0.091,-5.04,-0.99,797,297,-2089,0,0,6761,0.1087,-0.018,-0.029,-0.071,-5.16,-0.87,803,-738,-5031,0,0
58.84,4,2423.0,441.42,-0.08,3145.43,94.3,-0.13,-1.39,-0.11,0.0,0.0,1.0,2,6459,-67.8,0.4,0.07,-2.91,-30.32,261,263,3544,0.0349,0.011,-0.001,-0.099,-7.16,1.13,761,-22,-3146,0,0,7164,0.1115,0.033,0.0,-0.1,-6.48,0.45,785,-65,-5821,0,0,2592,0.0319,-0.04,0.036,-0.064,-5.07,-0.96,761,477,-2020,0,0,6680,0.1084,-0.018,0.015,-0.085,-5.44,-0.59,768,-279,-5016,0,0
58.86,4,2423.5,440.9,-0.08,3145.36,94.1,-0.13,-1.39,-0.11,0.0,0.0,1.0,2,6375,-68.2,0.33,0.09,-2.93,-30.28,262,262,3555,0.0351,0.01,0.004,-0.096,-7.66,1.63,759,-1,-3168,0,0,7208,0.1122,0.036,-0.002,-0.098,-6.58,0.55,784,-110,-5864,0,0,2572,0.0311,-0.04,-0.009,-0.091,-5.05,-0.98,794,287,-2026,0,0,6645,0.1081,-0.014,-0.029,-0.071,-5.34,-0.69,801,-736,-4978,0,0
58.88,4,2424.0,440.38,-0.08,3145.28,94.0,-0.13,-1.4,-0.12,0.0,0.0,1.0,2,6437,-67.7,0.29,0.11,-2.95,-30.31,263,262,3562,0.0354,0.011,-0.002,-0.098,-7.25,1.22,758,-39,-3171,0,0,7259,0.1129,0.038,-0.001,-0.099,-6.56,0.53,783,-85,-5914,0,0,2552,0.0303,-0.037,0.037,-0.063,-5.07,-0.96,758,473,-1997,0,0,6631,0.1079,-0.01,0.014,-0.086,-5.31,-0.72,765,-312,-4989,0,0
58.9,4,2424.6,439.87,-0.08,3145.2,93.8,-0.13,-1.4,-0.12,0.0,0.0,1.0,2,6355,-68.1,0.26,0.13,-2.97,-30.38,264,261,3562,0.0355,0.008,-0.002,-0.098,-7.4,1.37,757,-36,-3173,0,0,7276,0.1137,0.036,-0.002,-0.098,-6.7,0.67,781,-88,-5941,0,0,2550,0.0297,-0.034,-0.009,-0.091,-5.11,-0.93,792,292,-2016,0,0,6624,0.1078,-0.005,-0.029,-0.071,-5.37,-0.66,798,-730,-4959,0,0
58.92,4,2425.1,439.35,-0.08,3145.12,93.6,-0.13,-1.4,-0.12,0.0,0.0,1.0,2,6413,-67.5,0.24,0.15,-2.99,-30.45,265,260,3566,0.0357,0.008,-0.002,-0.098,-7.33,1.3,755,-41,-3183,0,0,7293,0.1144,0.034,-0.001,-0.099,-6.61,0.58,780,-98,-5944,0,0,2552,0.0291,-0.03,0.037,-0.063,-5.1,-0.93,755,465,-2009,0,0,6625,0.1077,-0.003,0.015,-0.085,-5.49,-0.54,762,-290,-5002,0,0
58.94,4,2425.6,438.84,-0.08,3145.03,93.5,-0.13,-1.4,-0.12,0.0,0.0,1.0,2,6330,-67.9,0.23,0.16,-3.01,-30.53,266,259,3548,0.0358,0.005,-0.001,-0.099,-7.34,1.31,754,-34,-3170,0,0,7301,0.115,0.03,-0.001,-0.099,-6.86,0.83,779,-74,-5966,0,0,2549,0.0285,-0.026,-0.008,-0.092,-5.39,-0.64,789,308,-2023,0,0,6640,0.1077,-0.001,-0.029,-0.071,-5.48,-0.55,795,-704,-5021,0,0
58.96,4,2426.1,438.33,-0.08,3144.93,93.3,-0.13,-1.4,-0.12,0.0,0.0,1.0,2,6392,-67.3,0.22,0.17,-3.02,-30.61,266,258,3559,0.0359,0.005,-0.002,-0.098,-7.45,1.42,753,-47,-3184,0,0,7296,0.1155,0.028,-0.002,-0.098,-6.65,0.62,776,-63,-5955,0,0,2560,0.0281,-0.022,0.036,-0.064,-5.25,-0.78,753,473,-2025,0,0,6638,0.1077,0.001,0.014,-0.086,-5.24,-0.79,760,-287,-5011,0,0
58.98,4,2426.6,437.83,-0.08,3144.83,93.2,-0.13,-1.4,-0.12,0.0,0.0,1.0,2,6306,-67.8,0.21,0.19,-3.04,-30.64,266,257,3553,0.036,0.005,-0.002,-0.098,-7.47,1.44,751,-28,-3182,0,0,7296,0.1159,0.021,-0.002,-0.098,-6.76,0.73,776,-93,-5964,0,0,2567,0.0277,-0.018,-0.009,-0.091,-5.36,-0.67,786,289,-2045,0,0,6642,0.1077,-0.001,-0.031,-0.069,-5.31,-0.73,792,-732,-5012,0,0
59.0,4,2427.2,437.32,-0.08,3144.72,93.0,-0.13,-1.41,-0.12,0.0,0.0,1.0,2,6370,-67.2,0.21,0.2,-3.05,-30.7,266,256,3556,0.0361,0.004,-0.001,-0.099,-7.63,1.6,750,-39,-3187,0,0,7315,0.1164,0.021,-0.001,-0.099,-6.91,0.88,775,-89,-6004,0,0,2557,0.0274,-0.017,0.036,-0.064,-5.21,-0.82,750,469,-2020,0,0,6647,0.1077,0.0,0.015,-0.085,-5.26,-0.77,757,-305,-5021,0,0
59.02,4,2427.7,436.82,-0.08,3144.61,92.8,-0.13,-1.41,-0.12,0.0,0.0,1.0,2,6287,-67.6,0.21,0.2,-3.06,-30.77,266,255,3560,0.0362,0.004,-0.002,-0.098,-7.56,1.53,748,-40,-3192,0,0,7316,0.1168,0.022,0.003,-0.097,-7.14,1.11,773,-45,-6010,0,0,2560,0.0271,-0.017,-0.008,-0.092,-5.41,-0.62,783,317,-2051,0,0,6649,0.1077,0.001,-0.029,-0.071,-5.27,-0.76,790,-737,-4996,0,0
59.04,4,2428.2,436.32,-0.08,3144.49,92.7,-0.13,-1.41,-0.12,0.0,0.0,1.0,2,6348,-67.0,0.2,0.21,-3.08,-30.84,266,254,3552,0.0362,0.004,-0.003,-0.097,-7.46,1.43,747,-60,-3180,0,0,7316,0.1172,0.018,-0.002,-0.098,-6.79,0.76,772,-76,-5999,0,0,2555,0.0268,-0.013,0.037,-0.063,-5.19,-0.84,747,485,-2019,0,0,6652,0.1077,0.001,0.014,-0.086,-5.48,-0.55,754,-306,-5036,0,0
59.06,4,2428.7,435.82,-0.08,3144.37,92.5,-0.13,-1.41,-0.12,0.0,0.0,1.0,2,6265,-67.5,0.2,0.22,-3.08,-30.86,266,254,3564,0.0363,0.002,0.0,-0.1,-7.42,1.38,746,-24,-3196,0,0,7312,0.1175,0.016,-0.002,-0.098,-6.73,0.7,771,-85,-5991,0,0,2570,0.0266,-0.012,-0.007,-0.093,-5.49,-0.54,781,311,-2056,0,0,6659,0.1078,0.002,-0.03,-0.07,-5.5,-0.53,787,-723,-5022,0,0
59.08,4,2429.2,435.32,-0.08,3144.25,92.4,-0.13,-1.41,-0.12,0.0,0.0,1.0,2,6325,-66.9,0.2,0.22,-3.09,-30.9,266,253,3560,0.0363,0.003,-0.002,-0.098,-7.62,1.59,744,-39,-3192,0,0,7305,0.1177,0.013,0.001,-0.099,-7.11,1.08,768,-71,-6003,0,0,2572,0.0264,-0.009,0.038,-0.062,-5.48,-0.55,745,485,-2049,0,0,6657,0.1078,0.0,0.013,-0.087,-5.37,-0.67,752,-336,-5028,0,0
59.1,4,2429.7,434.82,-0.08,3144.11,92.2,-0.13,-1.41,-0.12,0.0,0.0,1.0,2,6242,-67.3,0.2,0.23,-3.1,-30.9,265,252,3567,0.0364,0.003,-0.002,-0.098,-7.46,1.43,743,-38,-3204,0,0,7312,0.118,0.012,-0.003,-0.097,-6.75,0.72,768,-127,-6001,0,0,2582,0.0262,-0.008,-0.009,-0.091,-5.35,-0.68,778,304,-2076,0,0,6667,0.1078,0.001,-0.031,-0.069,-5.34,-0.69,784,-764,-5032,0,0
59.12,4,2430.2,434.33,-0.08,3143.98,92.0,-0.13,-1.41,-0.12,0.0,0.0,1.0,2,6304,-66.7,0.2,0.23,-3.11,-30.9,265,251,3558,0.0365,0.003,0.001,-0.099,-7.39,1.36,742,-20,-3186,0,0,7315,0.1182,0.01,-0.001,-0.099,-6.7,0.67,767,-83,-6004,0,0,2577,0.0261,-0.006,0.039,-0.061,-5.2,-0.83,742,490,-2048,0,0,6678,0.1078,0.002,0.017,-0.083,-5.3,-0.73,749,-263,-5064,0,0
59.14,4,2430.7,433.84,-0.08,3143.83,91.9,-0.13,-1.41,-0.12,0.0,0.0,1.0,2,6219,-67.1,0.2,0.24,-3.11,-30.91,265,250,3551,0.0365,0.0,0.001,-0.099,-7.73,1.7,740,-39,-3184,0,0,7308,0.1184,0.01,-0.001,-0.099,-6.68,0.65,765,-99,-5988,0,0,2570,0.0259,-0.008,-0.01,-0.09,-5.26,-0.77,775,298,-2054,0,0,6674,0.1078,0.001,-0.028,-0.072,-5.31,-0.73,782,-738,-5035,0,0
59.16,4,2431.3,433.35,-0.08,3143.69,91.7,-0.13,-1.41,-0.12,0.0,0.0,1.0,2,6282,-66.6,0.2,0.24,-3.11,-30.9,264,249,3555,0.0365,0.001,0.0,-0.1,-7.62,1.59,739,-22,-3189,0,0,7294,0.1185,0.006,-0.002,-0.098,-6.68,0.65,764,-142,-5961,0,0,2580,0.0258,-0.006,0.037,-0.063,-5.31,-0.72,740,471,-2056,0,0,6667,0.1078,-0.001,0.014,-0.086,-5.48,-0.55,747,-330,-5066,0,0
59.18,4,2431.8,432.87,-0.08,3143.53,91.5,-0.13,-1.41,-0.12,0.0,0.0,1.0,2,6195,-67.0,0.2,0.24,-3.12,-30.86,263,248,3552,0.0365,0.001,-0.001,-0.099,-7.59,1.55,738,-34,-3184,0,0,7297,0.1186,0.004,-0.002,-0.098,-6.85,0.82,762,-78,-5989,0,0,2583,0.0258,-0.003,-0.009,-0.091,-5.24,-0.8,772,304,-2073,0,0,6673,0.1078,0.0,-0.032,-0.068,-5.45,-0.58,778,-727,-5076,0,0
59.2,4,2432.3,432.39,-0.08,3143.38,91.4,-0.13,-1.41,-0.12,0.0,0.0,1.0,2,6257,-66.4,0.2,0.25,-3.12,-30.84,263,248,3558,0.0365,0.001,0.0,-0.1,-7.62,1.59,736,-24,-3188,0,0,7295,0.1187,0.006,-0.003,-0.097,-6.77,0.73,761,-76,-5981,0,0,2584,0.0257,-0.004,0.038,-0.062,-5.22,-0.81,736,471,-2060,0,0,6670,0.1078,0.001,0.013,-0.087,-5.52,-0.51,743,-298,-5075,0,0
59.22,4,2432.8,431.91,-0.08,3143.22,91.2,-0.13,-1.41,-0.12,0.0,0.0,1.0,2,6179,-66.8,0.2,0.25,-3.12,-30.8,262,247,3560,0.0366,0.002,-0.002,-0.098,-7.32,1.29,735,-53,-3182,0,0,7285,0.1188,0.004,-0.003,-0.097,-6.73,0.7,760,-89,-5950,0,0,2589,0.0256,-0.003,-0.007,-0.093,-5.52,-0.51,770,315,-2077,0,0,6664,0.1078,-0.001,-0.03,-0.07,-5.31,-0.72,777,-713,-5043,0,0
59.24,4,2433.3,431.43,-0.08,3143.05,91.1,-0.13,-1.41,-0.12,0.0,0.0,1.0,2,6234,-66.2,0.2,0.25,-3.13,-30.73,261,246,3551,0.0366,0.0,-0.003,-0.097,-7.36,1.33,734,-68,-3172,0,0,7291,0.1188,0.003,-0.003,-0.097,-6.74,0.71,759,-129,-5959,0,0,2589,0.0256,-0.002,0.036,-0.064,-5.33,-0.7,734,462,-2066,0,0,6675,0.1078,0.0,0.013,-0.087,-5.36,-0.67,741,-353,-5094,0,0
59.26,4,2433.8,430.95,-0.08,3142.88,90.9,-0.13,-1.41,-0.11,0.0,0.0,1.0,2,6154,-66.7,0.2,0.25,-3.13,-30.66,260,245,3558,0.0366,0.001,0.002,-0.098,-7.24,1.21,733,-12,-3171,0,0,7288,0.1189,0.003,0.0,-0.1,-6.81,0.77,758,-70,-5957,0,0,2592,0.0255,-0.001,-0.01,-0.09,-5.24,-0.79,767,306,-2079,0,0,6673,0.1079,0.001,-0.032,-0.068,-5.38,-0.65,774,-750,-5038,0,0
59.28,4,2434.3,430.48,-0.08,3142.7,90.8,-0.12,-1.4,-0.11,0.53,0.0,1.0,2,6217,-66.1,0.2,0.25,-3.13,-30.62,260,244,3557,0.0366,0.001,-0.003,-0.097,-7.26,1.23,731,-61,-3165,0,0,7287,0.119,0.003,0.001,-0.099,-6.5,0.47,756,-20,-5935,0,0,2590,0.0255,-0.002,0.041,-0.059,-5.56,-0.47,732,512,-2065,0,0,6672,0.1079,0.0,0.014,-0.086,-5.42,-0.61,739,-333,-5047,0,0
59.3,4,2434.8,430.01,-0.08,3142.52,90.6,-0.13,-1.4,-0.11,1.0,0.0,1.0,2,6230,122.8,0.32,0.25,-3.13,-30.55,259,243,3558,0.0366,0.001,-0.003,-0.097,-7.23,1.2,730,-50,-3162,0,0,7272,0.119,0.0,-0.002,-0.098,-6.5,0.46,754,-52,-5913,0,0,2602,0.0255,0.001,-0.008,-0.092,-5.17,-0.86,765,308,-2078,0,0,6669,0.1078,-0.001,-0.025,-0.075,-5.78,-0.25,771,-649,-5059,0,0
59.32,4,2435.3,429.55,-0.08,3142.33,90.4,-0.13,-1.4,-0.11,1.0,0.0,1.0,2,6345,174.0,0.62,0.25,-3.12,-30.49,258,242,3567,0.0366,0.001,-0.002,-0.098,-7.27,1.23,730,-45,-3172,0,0,7257,0.1189,-0.001,-0.002,-0.098,-6.49,0.45,753,-101,-5878,0,0,2610,0.0255,0.001,0.037,-0.063,-5.32,-0.72,729,483,-2078,0,0,6651,0.1078,-0.001,0.015,-0.085,-5.52,-0.51,736,-318,-5032,0,0
59.34,4,2435.8,429.08,-0.08,3142.14,90.3,-0.13,-1.4,-0.11,1.0,0.0,1.0,2,6273,173.4,0.95,0.25,-3.12,-30.38,257,242,3560,0.0367,0.002,-0.002,-0.098,-7.31,1.27,728,-40,-3159,0,0,7262,0.1189,-0.002,-0.002,-0.098,-6.47,0.44,753,-106,-5885,0,0,2611,0.0256,0.002,-0.005,-0.095,-5.62,-0.41,762,319,-2092,0,0,6657,0.1078,-0.002,-0.03,-0.07,-5.24,-0.79,768,-736,-5031,0,0
59.36,4,2436.3,428.62,-0.08,3141.95,90.1,-0.12,-1.4,-0.11,1.0,0.0,1.0,2,6334,213.9,1.2,0.25,-3.12,-30.31,256,241,3566,0.0367,0.001,-0.001,-0.099,-7.08,1.05,727,-26,-3162,0,0,7257,0.1189,-0.001,-0.002,-0.098,-6.37,0.34,750,-78,-5855,0,0,2615,0.0256,0.002,0.037,-0.063,-5.25,-0.78,726,476,-2067,0,0,6651,0.1078,0.0,0.013,-0.087,-5.35,-0.69,733,-339,-5028,0,0
59.38,4,2436.8,428.16,-0.08,3141.75,90.1,0.1,-1.37,-0.11,0.84,0.0,1.0,2,6550,247.6,1.39,0.24,-3.11,-30.78,255,241,3501,0.0367,-0.003,-0.001,-0.099,-7.3,1.27,726,-66,-3103,0,0,7154,0.1187,-0.008,-0.001,-0.099,-6.56,0.53,751,-114,-5786,0,0,2712,0.0258,0.008,0.081,-0.019,-5.4,-0.63,793,1736,-1868,0,0,6725,0.1078,0.003,0.041,-0.059,-5.48,-0.55,788,2277,-4894,0,0
59.4,4,2437.3,427.71,-0.08,3141.54,90.3,0.3,-1.34,-0.11,0.0,0.0,1.0,2,6766,251.7,1.47,0.21,-3.1,-31.56,254,241,3430,0.0363,-0.017,-0.003,-0.097,-6.98,0.95,727,-74,-3035,0,0,6983,0.118,-0.035,-0.003,-0.097,-6.41,0.38,753,-162,-5651,0,0,2857,0.0266,0.039,0.119,0.019,-5.3,-0.73,778,2081,-1839,0,0,6849,0.1083,0.021,0.079,-0.021,-5.28,-0.75,771,3162,-4774,0,0
59.42,4,2437.8,427.25,-0.08,3141.33,90.5,0.37,-1.32,-0.11,0.0,0.0,1.0,2,6663,114.5,1.38,0.18,-3.08,-32.43,252,243,3369,0.0359,-0.022,-0.002,-0.098,-7.18,1.15,728,-74,-2981,0,0,6820,0.1169,-0.054,-0.002,-0.098,-6.46,0.43,755,-155,-5518,0,0,2989,0.0276,0.055,0.087,-0.013,-5.4,-0.63,823,2134,-1953,0,0,6964,0.1087,0.022,0.044,-0.056,-5.49,-0.54,819,2729,-5005,0,0
59.44,4,2438.3,426.79,-0.08,3141.11,90.6,0.28,-1.35,-0.11,0.0,0.0,1.0,2,6432,-70.1,1.05,0.15,-3.06,-32.5,250,243,3340,0.0354,-0.025,-0.002,-0.098,-7.14,1.11,730,-63,-2954,0,0,6772,0.1158,-0.058,-0.004,-0.096,-6.3,0.27,756,-158,-5477,0,0,3011,0.0288,0.057,0.052,-0.048,-5.55,-0.48,769,1540,-2238,0,0,7043,0.1092,0.024,0.024,-0.076,-5.91,-0.12,770,1298,-5338,0,0
59.46,4,2438.8,426.34,-0.08,3140.89,90.5,-0.03,-1.4,-0.1,0.0,0.0,1.0,2,6133,-66.6,0.77,0.13,-3.04,-31.57,249,243,3403,0.035,-0.018,-0.001,-0.099,-7.14,1.11,729,-38,-3003,0,0,6889,0.115,-0.039,0.0,-0.1,-6.19,0.16,756,-54,-5551,0,0,2878,0.0295,0.034,-0.015,-0.085,-5.34,-0.69,761,177,-2323,0,0,6997,0.1095,0.014,-0.033,-0.067,-5.63,-0.4,769,-1085,-5303,0,0
59.48,4,2439.3,425.89,-0.08,3140.67,90.4,-0.13,-1.4,-0.1,0.0,0.0,1.0,2,6191,-65.9,0.58,0.13,-3.03,-30.82,248,242,3470,0.035,0.001,-0.002,-0.098,-6.92,0.89,729,-56,-3045,0,0,6993,0.1148,-0.009,-0.002,-0.098,-6.17,0.13,753,-118,-5603,0,0,2760,0.0294,-0.002,0.038,-0.062,-5.46,-0.57,728,509,-2207,0,0,6877,0.1092,-0.012,0.015,-0.085,-5.62,-0.41,735,-320,-5265,0,0
59.5,4,2439.8,425.45,-0.08,3140.44,90.2,-0.12,-1.39,-0.1,1.0,0.0,1.0,2,6102,-66.3,0.46,0.14,-3.03,-30.28,247,241,3523,0.0352,0.007,-0.002,-0.098,-6.88,0.85,728,-38,-3089,0,0,7061,0.1148,0.0,-0.002,-0.098,-6.14,0.11,752,-102,-5637,0,0,2691,0.0292,-0.011,-0.011,-0.089,-5.28,-0.75,761,300,-2156,0,0,6768,0.1089,-0.018,-0.032,-0.068,-5.46,-0.57,768,-779,-5111,0,0
59.52,4,2440.3,425.01,-0.08,3140.2,90.1,-0.12,-1.39,-0.1,1.0,0.0,1.0,2,6266,123.7,0.51,0.15,-3.02,-29.89,247,240,3556,0.0354,0.01,-0.002,-0.098,-6.86,0.83,727,-45,-3106,0,0,7119,0.1149,0.006,-0.002,-0.098,-6.15,0.12,751,-114,-5674,0,0,2644,0.0289,-0.015,0.037,-0.063,-5.31,-0.72,725,478,-2094,0,0,6683,0.1085,-0.02,0.015,-0.085,-5.51,-0.52,733,-330,-5072,0,0
59.54,4,2440.8,424.57,-0.08,3139.97,89.9,-0.12,-1.38,-0.1,1.0,0.0,1.0,2,6246,173.7,0.77,0.16,-3.02,-29.61,247,239,3570,0.0356,0.011,0.001,-0.099,-6.65,0.62,725,-23,-3108,0,0,7159,0.1151,0.01,-0.003,-0.097,-6.16,0.13,749,-101,-5697,0,0,2623,0.0286,-0.017,-0.009,-0.091,-5.38,-0.65,759,296,-2092,0,0,6632,0.1081,-0.017,-0.031,-0.069,-5.28,-0.75,765,-749,-4996,0,0
59.56,4,2441.3,424.13,-0.08,3139.72,89.8,-0.12,-1.38,-0.1,1.0,0.0,1.0,2,6299,186.8,1.06,0.17,-3.02,-29.39,246,239,3587,0.0358,0.01,0.0,-0.1,-6.89,0.86,725,-47,-3123,0,0,7188,0.1154,0.012,-0.001,-0.099,-6.2,0.16,748,-55,-5713,0,0,2617,0.0283,-0.015,0.037,-0.063,-5.15,-0.88,723,462,-2061,0,0,6598,0.1079,-0.013,0.014,-0.086,-5.35,-0.68,730,-327,-4969,0,0
59.58,4,2441.8,423.7,-0.08,3139.48,89.6,-0.12,-1.37,-0.1,1.0,0.0,1.0,2,6246,230.9,1.28,0.18,-3.03,-29.25,246,238,3592,0.036,0.01,0.0,-0.1,-6.91,0.88,723,-60,-3121,0,0,7204,0.1156,0.013,-0.002,-0.098,-5.94,-0.09,746,-62,-5680,0,0,2620,0.028,-0.013,-0.01,-0.09,-5.09,-0.94,756,306,-2064,0,0,6581,0.1077,-0.01,-0.027,-0.073,-5.53,-0.5,763,-668,-4951,0,0
59.6,4,2442.3,423.27,-0.08,3139.22,89.6,0.09,-1.35,-0.1,1.0,0.0,1.0,2,6518,261.7,1.45,0.18,-3.02,-29.62,245,238,3544,0.0361,0.006,-0.003,-0.097,-6.58,0.55,723,-48,-3075,0,0,7119,0.1158,0.007,-0.001,-0.099,-6.13,0.09,747,-138,-5629,0,0,2713,0.0279,-0.004,0.08,-0.02,-5.07,-0.97,790,1729,-1857,0,0,6631,0.1076,-0.004,0.042,-0.058,-5.17,-0.86,785,2290,-4756,0,0
59.62,4,2442.8,422.84,-0.08,3138.97,89.8,0.31,-1.31,-0.1,1.0,0.0,1.0,2,6728,283.5,1.58,0.16,-3.01,-30.43,245,239,3462,0.036,-0.009,-0.003,-0.097,-6.67,0.63,724,-88,-2998,0,0,6960,0.1154,-0.021,-0.002,-0.098,-6.11,0.08,747,-85,-5492,0,0,2865,0.0284,0.026,0.121,0.021,-5.06,-0.98,773,2117,-1812,0,0,6759,0.1079,0.014,0.078,-0.022,-5.18,-0.85,766,3135,-4691,0,0
59.64,4,2443.3,422.42,-0.08,3138.7,90.0,0.38,-1.3,-0.1,0.0,0.0,1.0,2,6657,300.6,1.68,0.13,-3.0,-31.21,244,240,3396,0.0356,-0.017,0.001,-0.099,-6.39,0.35,725,-51,-2938,0,0,6808,0.1146,-0.04,-0.002,-0.098,-5.83,-0.2,750,-64,-5367,0,0,3006,0.0294,0.047,0.088,-0.012,-5.14,-0.89,817,2130,-1955,0,0,6897,0.1083,0.024,0.044,-0.056,-5.32,-0.71,813,2706,-4927,0,0
59.66,4,2443.8,421.99,-0.08,3138.44,90.2,0.39,-1.3,-0.1,0.0,0.0,1.0,2,6616,209.2,1.61,0.1,-2.98,-31.76,242,241,3344,0.0352,-0.023,-0.002,-0.098,-6.64,0.61,727,-85,-2891,0,0,6714,0.1136,-0.047,-0.002,-0.098,-5.77,-0.26,752,-118,-5299,0,0,3078,0.0304,0.053,0.093,-0.007,-5.38,-0.65,801,2308,-1932,0,0,7021,0.1089,0.028,0.046,-0.054,-5.54,-0.49,792,3097,-4959,0,0
59.68,4,2444.3,421.57,-0.08,3138.17,90.3,0.31,-1.33,-0.1,0.0,0.0,1.0,2,6518,-79.7,1.28,0.07,-2.96,-31.62,241,242,3327,0.0347,-0.023,-0.003,-0.097,-6.55,0.52,729,-64,-2875,0,0,6692,0.1126,-0.049,-0.003,-0.097,-5.92,-0.12,754,-101,-5287,0,0,3073,0.0315,0.052,0.077,-0.023,-5.26,-0.78,748,1917,-2135,0,0,7090,0.1094,0.026,0.039,-0.061,-5.36,-0.67,745,2198,-5195,0,0
59.7,4,2444.8,421.15,-0.08,3137.89,90.3,0.02,-1.37,-0.09,1.0,0.0,1.0,2,6199,-66.0,0.92,0.06,-2.95,-30.55,240,241,3400,0.0344,-0.014,0.001,-0.099,-6.65,0.62,729,-18,-2935,0,0,6809,0.112,-0.031,-0.001,-0.099,-5.77,-0.26,754,-109,-5350,0,0,2945,0.0321,0.029,0.029,-0.071,-5.21,-0.82,722,338,-2346,0,0,7034,0.1096,0.011,0.008,-0.092,-5.36,-0.67,731,-766,-5313,0,0
59.72,4,2445.3,420.74,-0.08,3137.61,90.1,-0.13,-1.38,-0.09,1.0,0.0,1.0,2,6206,123.0,0.85,0.07,-2.95,-29.66,239,241,3492,0.0345,0.007,-0.002,-0.098,-6.36,0.33,728,-15,-2998,0,0,6936,0.112,0.002,0.001,-0.099,-6.05,0.02,751,-40,-5428,0,0,2810,0.0319,-0.009,-0.011,-0.089,-5.29,-0.74,760,334,-2233,0,0,6889,0.1094,-0.014,-0.03,-0.07,-5.26,-0.77,767,-720,-5169,0,0
59.74,4,2445.8,420.33,-0.08,3137.33,90.0,-0.12,-1.37,-0.09,1.0,0.0,1.0,2,6313,179.4,1.02,0.08,-2.94,-29.0,239,240,3553,0.0348,0.014,0.0,-0.1,-6.55,0.52,727,-35,-3054,0,0,7025,0.1123,0.011,-0.002,-0.098,-5.69,-0.34,749,-44,-5471,0,0,2728,0.0315,-0.019,0.038,-0.062,-5.28,-0.75,725,493,-2149,0,0,6768,0.1089,-0.022,0.017,-0.083,-5.16,-0.87,732,-299,-5073,0,0
59.76,4,2446.3,419.92,-0.08,3137.04,89.8,-0.12,-1.36,-0.09,1.0,0.0,1.0,2,6256,225.2,1.26,0.1,-2.94,-28.54,240,239,3593,0.0352,0.017,-0.001,-0.099,-6.27,0.24,726,-32,-3063,0,0,7086,0.1126,0.017,-0.002,-0.098,-5.75,-0.28,750,-86,-5503,0,0,2682,0.031,-0.023,-0.011,-0.089,-5.11,-0.92,758,266,-2108,0,0,6671,0.1085,-0.023,-0.031,-0.069,-5.19,-0.85,764,-755,-4968,0,0
59.78,4,2446.8,419.51,-0.08,3136.75,89.8,0.09,-1.34,-0.09,1.0,0.0,1.0,2,6527,257.2,1.43,0.1,-2.94,-28.75,240,239,3558,0.0354,0.015,-0.003,-0.097,-6.27,0.24,725,-63,-3030,0,0,7028,0.1129,0.015,-0.002,-0.098,-5.83,-0.2,749,-126,-5443,0,0,2739,0.0307,-0.018,0.079,-0.021,-5.0,-1.04,791,1764,-1854,0,0,6654,0.1081,-0.018,0.041,-0.059,-5.13,-0.9,786,2314,-4740,0,0
59.8,4,2447.3,419.11,-0.08,3136.45,90.0,0.31,-1.3,-0.09,1.0,0.0,1.0,2,6739,280.0,1.57,0.09,-2.93,-29.37,240,240,3487,0.0354,-0.002,-0.003,-0.097,-6.21,0.18,726,-66,-2962,0,0,6900,0.1126,-0.012,0.0,-0.1,-5.84,-0.19,751,-85,-5352,0,0,2878,0.0309,0.012,0.117,0.017,-4.98,-1.05,774,2114,-1819,0,0,6751,0.1082,0.002,0.078,-0.022,-5.33,-0.7,767,3095,-4674,0,0
59.82,4,2447.8,418.71,-0.08,3136.15,90.2,0.38,-1.28,-0.09,1.0,0.0,1.0,2,6661,298.0,1.67,0.07,-2.92,-30.06,239,241,3417,0.0352,-0.012,0.0,-0.1,-6.47,0.44,728,-51,-2914,0,0,6775,0.1121,-0.029,0.003,-0.097,-5.48,-0.55,753,-73,-5229,0,0,3010,0.0316,0.035,0.085,-0.015,-5.01,-1.02,818,2137,-1938,0,0,6887,0.1085,0.017,0.045,-0.055,-5.43,-0.6,813,2740,-4891,0,0
59.84,4,2448.3,418.31,-0.08,3135.84,90.4,0.4,-1.28,-0.09,1.0,0.0,1.0,2,6704,313.5,1.75,0.05,-2.9,-30.6,238,242,3379,0.0348,-0.017,-0.003,-0.097,-6.16,0.13,729,-79,-2876,0,0,6671,0.1113,-0.036,-0.001,-0.099,-5.55,-0.48,755,-136,-5161,0,0,3102,0.0325,0.043,0.105,0.005,-5.16,-0.87,814,2430,-1862,0,0,6993,0.109,0.023,0.057,-0.043,-5.25,-0.78,804,3481,-4768,0,0
59.86,4,2448.8,417.92,-0.08,3135.53,90.6,0.43,-1.27,-0.09,0.0,0.0,1.0,2,6880,316.5,1.81,0.02,-2.88,-31.12,237,243,3347,0.0345,-0.016,-0.003,-0.097,-6.19,0.16,731,-86,-2858,0,0,6587,0.1104,-0.046,0.001,-0.099,-5.85,-0.18,757,-72,-5116,0,0,3153,0.0335,0.05,0.083,-0.017,-5.24,-0.79,819,2468,-1894,0,0,7064,0.1094,0.02,0.036,-0.064,-5.45,-0.58,811,3619,-4805,0,0
59.88,4,2449.3,417.52,-0.08,3135.21,90.9,0.5,-1.25,-0.09,0.0,0.0,1.0,2,6714,218.4,1.7,-0.01,-2.85,-31.94,236,245,3333,0.0342,-0.017,-0.001,-0.099,-6.41,0.38,733,-59,-2835,0,0,6473,0.1094,-0.051,-0.003,-0.097,-5.62,-0.41,760,-128,-5041,0,0,3235,0.0345,0.051,0.101,0.001,-5.37,-0.66,813,2554,-1934,0,0,7113,0.1097,0.017,0.051,-0.049,-5.43,-0.61,802,3458,-4921,0,0
59.9,4,2449.8,417.13,-0.08,3134.89,91.1,0.33,-1.32,-0.09,0.0,0.0,1.0,2,6559,-82.4,1.33,-0.03,-2.84,-31.52,235,246,3325,0.0339,-0.015,-0.003,-0.097,-6.22,0.18,735,-93,-2830,0,0,6525,0.1084,-0.05,-0.002,-0.098,-5.69,-0.34,761,-124,-5075,0,0,3170,0.0354,0.048,0.073,-0.027,-5.3,-0.73,753,1917,-2230,0,0,7140,0.11,0.013,0.038,-0.062,-5.65,-0.38,751,2104,-5281,0,0
59.92,4,2450.3,416.74,-0.08,3134.57,91.0,0.02,-1.37,-0.09,1.0,0.0,1.0,2,6249,-66.3,0.96,-0.03,-2.83,-30.22,235,246,3405,0.0337,-0.009,-0.001,-0.099,-6.16,0.13,736,-34,-2891,0,0,6701,0.108,-0.018,-0.001,-0.099,-5.76,-0.27,760,-53,-5207,0,0,2993,0.0357,0.013,0.03,-0.07,-5.19,-0.84,728,332,-2383,0,0,7057,0.11,0.004,0.008,-0.092,-5.37,-0.66,738,-729,-5325,0,0
59.94,4,2450.8,416.36,-0.08,3134.24,90.9,-0.13,-1.37,-0.09,1.0,0.0,1.0,2,6257,122.6,0.87,-0.02,-2.83,-29.15,235,245,3502,0.0339,0.012,0.0,-0.1,-6.06,0.03,734,-21,-2964,0,0,6873,0.1084,0.017,-0.002,-0.098,-5.64,-0.39,759,-79,-5297,0,0,2826,0.0351,-0.027,-0.009,-0.091,-5.37,-0.66,767,332,-2250,0,0,6891,0.1096,-0.022,-0.029,-0.071,-5.51,-0.52,773,-683,-5201,0,0
59.96,4,2451.3,415.98,-0.08,3133.91,90.7,-0.11,-1.36,-0.09,1.0,0.0,1.0,2,6363,183.0,1.05,0.0,-2.84,-28.37,236,244,3563,0.0343,0.019,-0.001,-0.099,-6.07,0.04,734,-55,-3018,0,0,6991,0.109,0.029,0.001,-0.099,-5.47,-0.56,757,-59,-5374,0,0,2720,0.0344,-0.038,0.036,-0.064,-5.08,-0.95,731,471,-2127,0,0,6746,0.109,-0.028,0.014,-0.086,-5.32,-0.71,738,-339,-5080,0,0
59.98,4,2451.8,415.61,-0.08,3133.57,90.6,-0.11,-1.35,-0.09,1.0,0.0,1.0,2,6310,227.6,1.27,0.03,-2.85,-27.88,237,243,3601,0.0347,0.021,0.0,-0.1,-6.37,0.34,732,-26,-3043,0,0,7068,0.1096,0.035,-0.002,-0.098,-5.71,-0.32,755,-70,-5427,0,0,2673,0.0336,-0.041,-0.012,-0.088,-5.1,-0.93,764,273,-2105,0,0,6647,0.1085,-0.028,-0.031,-0.069,-5.17,-0.86,770,-645,-4958,0,0
60.0,4,2452.3,415.24,-0.08,3133.23,90.6,0.14,-1.33,-0.09,1.0,0.0,1.0,2,6589,257.7,1.44,0.04,-2.85,-28.13,238,243,3554,0.0351,0.016,-0.001,-0.099,-6.33,0.3,732,-67,-3005,0,0,7012,0.1102,0.03,-0.004,-0.096,-5.63,-0.4,754,-97,-5361,0,0,2744,0.0329,-0.031,0.079,-0.021,-5.0,-1.03,798,1782,-1852,0,0,6658,0.1081,-0.018,0.044,-0.056,-5.02,-1.01,792,2518,-4697,0,0
60.02,4,2452.9,414.87,-0.08,3132.89,90.8,0.31,-1.29,-0.09,1.0,0.0,1.0,2,6790,280.2,1.58,0.04,-2.86,-28.7,239,244,3481,0.035,0.0,-0.002,-0.098,-6.06,0.03,734,-85,-2938,0,0,6901,0.1103,0.002,0.0,-0.1,-5.74,-0.29,757,-97,-5308,0,0,2869,0.033,0.001,0.114,0.014,-5.12,-0.91,781,2086,-1824,0,0,6763,0.1082,0.004,0.077,-0.023,-5.11,-0.93,774,3069,-4678,0,0
60.04,4,2453.4,414.5,-0.08,3132.54,91.0,0.38,-1.28,-0.09,1.0,0.0,1.0,2,6724,297.2,1.68,0.03,-2.85,-29.38,238,245,3425,0.0349,-0.008,-0.003,-0.097,-6.13,0.1,735,-94,-2891,0,0,6773,0.11,-0.015,-0.002,-0.098,-5.65,-0.39,760,-176,-5228,0,0,2998,0.0334,0.022,0.082,-0.018,-5.15,-0.88,825,2111,-1939,0,0,6875,0.1085,0.015,0.043,-0.057,-5.24,-0.79,821,2707,-4862,0,0
60.06,4,2453.9,414.14,-0.08,3132.19,91.2,0.4,-1.28,-0.09,1.0,0.0,1.0,2,6764,312.3,1.75,0.01,-2.84,-29.98,238,247,3382,0.0346,-0.013,-0.001,-0.099,-6.34,0.31,737,-61,-2865,0,0,6678,0.1095,-0.025,-0.003,-0.097,-5.56,-0.47,761,-159,-5164,0,0,3087,0.034,0.032,0.106,0.006,-5.04,-0.99,821,2426,-1841,0,0,6982,0.1089,0.02,0.057,-0.043,-5.27,-0.76,811,3503,-4749,0,0
60.08,4,2454.4,413.77,-0.08,3131.83,91.5,0.43,-1.27,-0.09,0.0,0.0,1.0,2,6939,315.0,1.81,-0.01,-2.83,-30.51,238,248,3348,0.0343,-0.016,-0.003,-0.097,-6.14,0.11,738,-112,-2839,0,0,6604,0.1089,-0.032,-0.002,-0.098,-5.53,-0.5,763,-102,-5108,0,0,3141,0.0348,0.038,0.082,-0.018,-5.22,-0.81,826,2458,-1884,0,0,7068,0.1093,0.022,0.038,-0.062,-5.2,-0.83,817,3677,-4765,0,0
60.1,4,2454.9,413.42,-0.08,3131.47,91.8,0.5,-1.25,-0.09,0.0,0.0,1.0,2,6768,216.9,1.7,-0.04,-2.81,-31.36,237,249,3332,0.034,-0.015,-0.001,-0.099,-6.38,0.35,740,-61,-2834,0,0,6503,0.1081,-0.039,-0.003,-0.097,-5.66,-0.37,766,-155,-5041,0,0,3212,0.0356,0.041,0.1,0.0,-5.35,-0.68,820,2533,-1920,0,0,7118,0.1097,0.017,0.052,-0.048,-5.33,-0.7,809,3467,-4910,0,0
60.12,4,2455.4,413.06,-0.08,3131.1,91.9,0.33,-1.32,-0.09,0.0,0.0,1.0,2,6612,-82.9,1.34,-0.06,-2.8,-31.03,237,250,3325,0.0337,-0.015,-0.002,-0.098,-6.38,0.35,742,-78,-2833,0,0,6547,0.1073,-0.038,-0.003,-0.097,-5.56,-0.47,766,-115,-5090,0,0,3150,0.0364,0.038,0.072,-0.028,-5.25,-0.78,759,1899,-2209,0,0,7144,0.11,0.014,0.036,-0.064,-5.41,-0.62,757,2122,-5251,0,0
60.14,4,2455.9,412.71,-0.08,3130.73,91.9,0.01,-1.37,-0.09,1.0,0.0,1.0,2,6310,-66.7,0.96,-0.05,-2.8,-29.79,237,250,3410,0.0336,-0.008,-0.002,-0.098,-6.23,0.2,743,-63,-2900,0,0,6728,0.1071,-0.01,0.002,-0.098,-5.83,-0.2,767,-35,-5221,0,0,2968,0.0365,0.004,0.031,-0.069,-5.12,-0.91,735,363,-2348,0,0,7054,0.11,0.003,0.011,-0.089,-5.56,-0.47,745,-684,-5320,0,0
60.16,4,2456.4,412.36,-0.08,3130.36,91.7,-0.13,-1.37,-0.09,1.0,0.0,1.0,2,6306,122.3,0.87,-0.04,-2.81,-28.78,238,249,3510,0.0338,0.014,0.0,-0.1,-6.14,0.11,742,-38,-2976,0,0,6896,0.1076,0.024,-0.002,-0.098,-5.6,-0.43,765,-148,-5323,0,0,2803,0.0358,-0.034,-0.009,-0.091,-5.05,-0.98,773,315,-2204,0,0,6877,0.1096,-0.024,-0.03,-0.07,-5.25,-0.78,780,-709,-5161,0,0
60.18,4,2456.9,412.02,-0.08,3129.98,91.6,-0.12,-1.36,-0.09,1.0,0.0,1.0,2,6419,182.4,1.05,-0.01,-2.82,-28.1,239,248,3574,0.0343,0.021,-0.002,-0.098,-6.32,0.29,741,-50,-3033,0,0,7009,0.1083,0.036,-0.002,-0.098,-5.64,-0.39,763,-101,-5415,0,0,2713,0.0349,-0.043,0.039,-0.061,-5.29,-0.75,738,486,-2124,0,0,6742,0.109,-0.028,0.015,-0.085,-5.34,-0.69,744,-284,-5057,0,0
60.2,4,2457.4,411.68,-0.08,3129.61,91.4,-0.12,-1.36,-0.09,1.0,0.0,1.0,2,6362,226.9,1.27,0.02,-2.83,-27.64,240,248,3601,0.0347,0.022,-0.001,-0.099,-6.14,0.11,739,-34,-3058,0,0,7080,0.1091,0.04,-0.002,-0.098,-5.72,-0.31,762,-116,-5487,0,0,2659,0.034,-0.045,-0.012,-0.088,-5.07,-0.97,771,256,-2085,0,0,6644,0.1085,-0.027,-0.03,-0.07,-5.07,-0.96,777,-740,-4932,0,0
60.22,4,2457.9,411.35,-0.08,3129.22,91.4,0.09,-1.34,-0.09,1.0,0.0,1.0,2,6638,256.3,1.44,0.03,-2.84,-27.85,241,248,3558,0.035,0.017,-0.002,-0.098,-6.36,0.33,739,-83,-3025,0,0,7047,0.1099,0.036,-0.002,-0.098,-5.78,-0.25,762,-127,-5462,0,0,2716,0.0333,-0.037,0.077,-0.023,-4.98,-1.05,804,1749,-1831,0,0,6655,0.1081,-0.018,0.042,-0.058,-5.27,-0.76,799,2343,-4751,0,0
60.24,4,2458.4,411.02,-0.08,3128.84,91.6,0.31,-1.3,-0.09,1.0,0.0,1.0,2,6845,278.4,1.58,0.03,-2.85,-28.55,242,248,3482,0.035,0.0,-0.001,-0.099,-6.15,0.12,740,-73,-2960,0,0,6930,0.11,0.009,-0.001,-0.099,-5.85,-0.18,762,-35,-5360,0,0,2844,0.0332,-0.005,0.114,0.014,-5.11,-0.92,787,2102,-1777,0,0,6759,0.1082,0.004,0.076,-0.024,-5.12,-0.91,781,3071,-4660,0,0
60.26,4,2459.0,410.69,-0.08,3128.45,91.8,0.38,-1.28,-0.09,1.0,0.0,1.0,2,6775,295.4,1.68,0.02,-2.84,-29.36,242,249,3432,0.0349,-0.008,-0.003,-0.097,-6.42,0.39,741,-93,-2935,0,0,6791,0.1098,-0.01,-0.001,-0.099,-5.85,-0.18,765,-90,-5287,0,0,2983,0.0335,0.017,0.083,-0.017,-4.99,-1.04,832,2103,-1930,0,0,6866,0.1085,0.015,0.043,-0.057,-5.29,-0.74,827,2718,-4830,0,0
60.28,4,2459.5,410.36,-0.08,3128.05,92.0,0.4,-1.28,-0.09,1.0,0.0,1.0,2,6814,310.5,1.75,0.01,-2.84,-30.06,242,251,3387,0.0346,-0.012,-0.003,-0.097,-6.26,0.23,742,-75,-2894,0,0,6699,0.1094,-0.022,0.004,-0.096,-5.96,-0.07,766,-23,-5236,0,0,3068,0.0341,0.029,0.106,0.006,-5.0,-1.03,827,2410,-1831,0,0,6972,0.1089,0.02,0.056,-0.044,-5.35,-0.69,817,3454,-4749,0,0
60.3,4,2460.0,410.04,-0.08,3127.65,92.2,0.43,-1.28,-0.09,0.0,0.0,1.0,2,6994,312.9,1.81,-0.01,-2.83,-30.69,241,252,3354,0.0343,-0.015,-0.001,-0.099,-6.23,0.2,744,-59,-2867,0,0,6637,0.1088,-0.029,-0.002,-0.098,-5.9,-0.13,769,-132,-5195,0,0,3118,0.0348,0.036,0.084,-0.016,-5.32,-0.71,833,2453,-1862,0,0,7062,0.1093,0.021,0.037,-0.063,-5.29,-0.74,825,3646,-4778,0,0
60.32,4,2460.5,409.72,-0.08,3127.25,92.5,0.49,-1.26,-0.09,0.0,0.0,1.0,2,6825,214.8,1.7,-0.04,-2.81,-31.59,241,254,3327,0.034,-0.016,-0.003,-0.097,-6.4,0.37,746,-83,-2855,0,0,6532,0.1081,-0.036,-0.003,-0.097,-5.85,-0.18,772,-149,-5118,0,0,3204,0.0356,0.04,0.101,0.001,-5.26,-0.77,827,2525,-1919,0,0,7145,0.1097,0.021,0.05,-0.05,-5.45,-0.58,815,3463,-4931,0,0
60.34,4,2461.0,409.41,-0.08,3126.84,92.7,0.33,-1.33,-0.09,0.0,0.0,1.0,2,6672,-83.4,1.34,-0.06,-2.8,-31.3,241,254,3321,0.0337,-0.015,0.0,-0.1,-6.22,0.19,747,-27,-2850,0,0,6571,0.1074,-0.034,-0.003,-0.097,-5.8,-0.23,773,-137,-5175,0,0,3141,0.0363,0.036,0.073,-0.027,-5.27,-0.76,767,1893,-2217,0,0,7174,0.1101,0.017,0.036,-0.064,-5.52,-0.51,764,2126,-5276,0,0
60.36,4,2461.5,409.1,-0.08,3126.43,92.6,0.02,-1.38,-0.09,0.0,0.0,1.0,2,6356,-67.1,0.96,-0.05,-2.81,-30.17,241,254,3401,0.0335,-0.008,-0.002,-0.098,-6.5,0.47,748,-58,-2929,0,0,6753,0.1073,-0.008,0.003,-0.097,-5.62,-0.41,773,-24,-5287,0,0,2954,0.0364,0.004,0.029,-0.071,-5.17,-0.87,741,330,-2358,0,0,7086,0.1102,0.004,0.008,-0.092,-5.34,-0.69,751,-755,-5334,0,0
60.38,4,2462.0,408.79,-0.08,3126.02,92.5,-0.13,-1.38,-0.09,1.0,0.0,1.0,2,6261,-67.4,0.71,-0.03,-2.82,-29.24,242,253,3494,0.0338,0.012,-0.001,-0.099,-6.41,0.38,748,-39,-3002,0,0,6938,0.1078,0.029,-0.004,-0.096,-5.9,-0.13,770,-118,-5400,0,0,2785,0.0357,-0.037,-0.01,-0.09,-5.2,-0.83,780,305,-2216,0,0,6934,0.1097,-0.02,-0.026,-0.074,-5.54,-0.49,786,-646,-5216,0,0
60.4,4,2462.5,408.49,-0.08,3125.6,92.3,-0.12,-1.38,-0.09,1.0,0.0,1.0,2,6415,122.6,0.7,-0.01,-2.83,-28.6,243,252,3558,0.0342,0.019,-0.001,-0.099,-6.38,0.35,747,-44,-3057,0,0,7041,0.1086,0.04,-0.001,-0.099,-5.75,-0.28,769,-62,-5508,0,0,2689,0.0348,-0.046,0.035,-0.065,-5.21,-0.82,744,455,-2112,0,0,6794,0.1092,-0.026,0.015,-0.085,-5.18,-0.85,751,-295,-5104,0,0
60.42,4,2463.1,408.2,-0.08,3125.18,92.2,-0.12,-1.37,-0.09,1.0,0.0,1.0,2,6396,171.9,0.91,0.02,-2.85,-28.21,245,252,3587,0.0346,0.021,-0.001,-0.099,-6.41,0.38,745,-24,-3088,0,0,7123,0.1095,0.043,-0.001,-0.099,-5.97,-0.06,768,-82,-5581,0,0,2631,0.0338,-0.048,-0.009,-0.091,-5.23,-0.8,777,286,-2076,0,0,6702,0.1087,-0.026,-0.028,-0.072,-5.08,-0.95,783,-717,-4986,0,0
60.44,4,2463.6,407.91,-0.08,3124.76,92.0,-0.12,-1.37,-0.1,1.0,0.0,1.0,2,6456,206.5,1.17,0.05,-2.87,-27.98,246,251,3617,0.035,0.019,-0.002,-0.098,-6.45,0.42,744,-46,-3105,0,0,7184,0.1104,0.044,-0.003,-0.097,-5.89,-0.14,766,-88,-5606,0,0,2605,0.0329,-0.045,0.038,-0.062,-4.87,-1.16,741,476,-2014,0,0,6638,0.1083,-0.021,0.015,-0.085,-5.07,-0.96,748,-267,-4938,0,0
60.46,4,2464.1,407.62,-0.08,3124.34,91.9,-0.11,-1.36,-0.1,1.0,0.0,1.0,2,6562,245.1,1.37,0.07,-2.88,-27.89,247,250,3635,0.0354,0.021,-0.002,-0.098,-6.52,0.49,743,-51,-3122,0,0,7224,0.1113,0.045,-0.003,-0.097,-5.98,-0.05,765,-133,-5656,0,0,2598,0.0321,-0.041,0.08,-0.02,-5.0,-1.03,772,896,-1967,0,0,6600,0.108,-0.016,0.057,-0.043,-5.06,-0.97,775,775,-4880,0,0
60.48,4,2464.6,407.34,-0.08,3123.92,91.9,0.18,-1.34,-0.1,1.0,0.0,1.0,2,6704,268.2,1.52,0.08,-2.9,-28.51,248,250,3542,0.0356,0.011,-0.003,-0.097,-6.54,0.51,742,-77,-3052,0,0,7119,0.1119,0.033,-0.003,-0.097,-5.89,-0.14,765,-163,-5584,0,0,2720,0.0316,-0.026,0.083,-0.017,-5.01,-1.02,813,1845,-1793,0,0,6697,0.1079,-0.004,0.044,-0.056,-5.11,-0.92,806,2576,-4739,0,0
60.5,4,2465.1,407.06,-0.08,3123.49,92.1,0.31,-1.31,-0.1,1.0,0.0,1.0,2,6887,287.5,1.63,0.08,-2.9,-29.31,249,251,3465,0.0355,-0.007,-0.004,-0.096,-6.57,0.54,743,-87,-2998,0,0,6975,0.112,0.001,-0.003,-0.097,-5.97,-0.06,768,-157,-5493,0,0,2860,0.0317,0.009,0.114,0.014,-5.02,-1.01,792,2077,-1817,0,0,6832,0.1082,0.017,0.075,-0.025,-5.17,-0.86,785,3081,-4712,0,0
60.52,4,2465.6,406.79,-0.08,3123.05,92.3,0.41,-1.29,-0.1,0.0,0.0,1.0,2,6984,295.5,1.72,0.06,-2.9,-30.4,248,252,3413,0.0352,-0.013,-0.001,-0.099,-6.43,0.39,745,-84,-2950,0,0,6823,0.1116,-0.016,-0.003,-0.097,-5.92,-0.11,769,-130,-5371,0,0,3007,0.0323,0.027,0.074,-0.026,-5.2,-0.83,827,2367,-1798,0,0,6964,0.1087,0.024,0.027,-0.073,-5.4,-0.63,817,3561,-4708,0,0
60.54,4,2466.1,406.52,-0.08,3122.62,92.6,0.47,-1.27,-0.1,0.0,0.0,1.0,2,6832,205.2,1.64,0.03,-2.88,-31.52,248,254,3362,0.0349,-0.017,-0.001,-0.099,-6.44,0.41,747,-68,-2913,0,0,6658,0.1109,-0.037,-0.003,-0.097,-5.91,-0.12,772,-128,-5299,0,0,3125,0.0332,0.047,0.103,0.003,-5.4,-0.63,828,2487,-1849,0,0,7068,0.1092,0.027,0.05,-0.05,-5.33,-0.7,815,3501,-4824,0,0
60.56,4,2466.6,406.25,-0.08,3122.18,92.7,0.32,-1.33,-0.1,0.0,0.0,1.0,2,6675,-81.7,1.29,0.01,-2.87,-31.5,247,255,3349,0.0345,-0.018,-0.003,-0.097,-6.61,0.58,748,-82,-2904,0,0,6677,0.1101,-0.041,0.0,-0.1,-6.13,0.1,774,-99,-5303,0,0,3101,0.0341,0.045,0.072,-0.028,-5.25,-0.78,767,1897,-2164,0,0,7134,0.1097,0.022,0.043,-0.057,-5.61,-0.42,765,2184,-5228,0,0
60.58,4,2467.2,405.99,-0.08,3121.73,92.7,0.01,-1.38,-0.1,0.0,0.0,1.0,2,6368,-67.2,0.93,0.01,-2.87,-30.51,247,254,3410,0.0343,-0.011,0.001,-0.099,-6.8,0.77,749,-26,-2966,0,0,6818,0.1098,-0.015,-0.002,-0.098,-6.08,0.05,773,-134,-5419,0,0,2944,0.0344,0.015,0.028,-0.072,-5.25,-0.78,742,331,-2346,0,0,7081,0.1099,0.011,0.008,-0.092,-5.39,-0.64,752,-724,-5316,0,0
60.6,4,2467.7,405.73,-0.08,3121.29,92.5,-0.13,-1.39,-0.1,1.0,0.0,1.0,2,6263,-67.5,0.69,0.02,-2.88,-29.68,247,254,3497,0.0344,0.008,-0.002,-0.098,-6.75,0.72,747,-40,-3037,0,0,6950,0.1101,0.017,-0.001,-0.099,-5.89,-0.14,771,-21,-5516,0,0,2793,0.0339,-0.024,-0.011,-0.089,-5.24,-0.79,780,301,-2214,0,0,6925,0.1096,-0.015,-0.03,-0.07,-5.44,-0.59,786,-725,-5212,0,0
60.62,4,2468.2,405.48,-0.08,3120.84,92.4,-0.12,-1.39,-0.1,1.0,0.0,1.0,2,6421,122.6,0.68,0.04,-2.89,-29.14,248,253,3558,0.0347,0.014,0.001,-0.099,-6.82,0.79,746,-27,-3087,0,0,7069,0.1107,0.027,-0.002,-0.098,-5.99,-0.04,769,-116,-5581,0,0,2692,0.0332,-0.035,0.042,-0.058,-4.82,-1.21,744,518,-2098,0,0,6803,0.1092,-0.023,0.015,-0.085,-5.17,-0.86,751,-288,-5106,0,0
60.64,4,2468.7,405.23,-0.08,3120.39,92.2,-0.12,-1.38,-0.1,1.0,0.0,1.0,2,6398,171.9,0.9,0.06,-2.9,-28.8,249,252,3600,0.0351,0.018,-0.002,-0.098,-6.66,0.63,745,-43,-3122,0,0,7140,0.1113,0.034,-0.003,-0.097,-6.1,0.07,768,-87,-5638,0,0,2632,0.0324,-0.039,-0.011,-0.089,-5.08,-0.95,778,269,-2075,0,0,6697,0.1087,-0.023,-0.03,-0.07,-5.14,-0.89,784,-743,-5011,0,0
60.66,4,2469.2,404.99,-0.08,3119.94,92.1,-0.12,-1.38,-0.1,1.0,0.0,1.0,2,6464,204.7,1.16,0.09,-2.91,-28.61,250,251,3615,0.0355,0.019,-0.002,-0.098,-6.62,0.59,744,-49,-3138,0,0,7181,0.112,0.035,-0.002,-0.098,-6.15,0.11,767,-118,-5692,0,0,2610,0.0317,-0.038,0.036,-0.064,-5.07,-0.96,742,473,-2028,0,0,6627,0.1082,-0.023,0.017,-0.083,-5.02,-1.01,749,-256,-4940,0,0
60.68,4,2469.7,404.76,-0.08,3119.49,91.9,-0.11,-1.37,-0.1,1.0,0.0,1.0,2,6567,243.8,1.36,0.11,-2.92,-28.58,251,250,3621,0.0358,0.016,-0.002,-0.098,-6.66,0.62,743,-59,-3143,0,0,7213,0.1127,0.033,0.0,-0.1,-5.92,-0.11,765,-43,-5715,0,0,2605,0.031,-0.033,0.082,-0.018,-4.93,-1.1,773,910,-1977,0,0,6600,0.1079,-0.015,0.057,-0.043,-5.28,-0.75,776,802,-4889,0,0
60.7,4,2470.2,404.52,-0.08,3119.03,92.0,0.18,-1.35,-0.1,1.0,0.0,1.0,2,6706,267.2,1.51,0.11,-2.93,-29.22,251,251,3543,0.0359,0.008,-0.003,-0.097,-6.62,0.59,742,-62,-3076,0,0,7126,0.1132,0.025,-0.002,-0.098,-5.99,-0.04,766,-145,-5628,0,0,2727,0.0306,-0.019,0.083,-0.017,-5.01,-1.02,813,1860,-1805,0,0,6706,0.1079,-0.002,0.044,-0.056,-5.27,-0.76,806,2554,-4755,0,0
60.72,4,2470.7,404.3,-0.08,3118.57,92.1,0.31,-1.32,-0.1,1.0,0.0,1.0,2,6895,286.5,1.63,0.1,-2.94,-30.03,252,251,3467,0.0358,-0.008,-0.003,-0.097,-6.65,0.62,743,-61,-3016,0,0,6993,0.1131,-0.004,-0.003,-0.097,-6.12,0.09,768,-146,-5542,0,0,2860,0.0309,0.015,0.117,0.017,-5.23,-0.81,793,2079,-1827,0,0,6845,0.1083,0.019,0.076,-0.024,-5.21,-0.82,786,3080,-4754,0,0
60.74,4,2471.3,404.07,-0.08,3118.11,92.4,0.41,-1.3,-0.1,0.0,0.0,1.0,2,6990,294.8,1.71,0.08,-2.93,-31.14,251,253,3411,0.0355,-0.014,0.003,-0.097,-6.33,0.3,744,-50,-2967,0,0,6825,0.1127,-0.021,0.002,-0.098,-6.23,0.19,770,-81,-5446,0,0,3006,0.0315,0.032,0.075,-0.025,-5.23,-0.8,828,2368,-1799,0,0,6972,0.1088,0.025,0.028,-0.072,-5.13,-0.9,818,3577,-4699,0,0
60.76,4,2471.8,403.85,-0.08,3117.65,92.6,0.47,-1.28,-0.1,0.0,0.0,1.0,2,6840,204.7,1.64,0.05,-2.91,-32.27,250,254,3360,0.0351,-0.018,-0.003,-0.097,-6.86,0.83,746,-82,-2940,0,0,6689,0.1118,-0.043,-0.003,-0.097,-6.04,0.01,773,-161,-5330,0,0,3120,0.0326,0.051,0.104,0.004,-5.2,-0.83,828,2497,-1839,0,0,7092,0.1093,0.026,0.051,-0.049,-5.44,-0.59,816,3467,-4901,0,0
60.78,4,2472.3,403.64,-0.08,3117.18,92.8,0.32,-1.34,-0.1,0.0,0.0,1.0,2,6683,-81.7,1.29,0.03,-2.91,-32.24,250,255,3327,0.0347,-0.022,-0.003,-0.097,-6.69,0.66,748,-52,-2915,0,0,6700,0.1111,-0.04,-0.002,-0.098,-6.02,-0.01,774,-98,-5345,0,0,3081,0.0334,0.044,0.081,-0.019,-5.0,-1.04,768,1926,-2136,0,0,7172,0.1098,0.026,0.036,-0.064,-5.5,-0.53,765,2132,-5286,0,0
60.8,4,2472.8,403.43,-0.08,3116.71,92.7,0.01,-1.39,-0.1,0.0,0.0,1.0,2,6368,-67.2,0.93,0.03,-2.91,-31.24,249,255,3402,0.0344,-0.016,-0.001,-0.099,-6.71,0.67,748,-54,-2975,0,0,6858,0.1108,-0.015,-0.002,-0.098,-6.2,0.17,774,-99,-5471,0,0,2921,0.0337,0.013,0.028,-0.072,-5.46,-0.57,742,334,-2343,0,0,7122,0.1101,0.014,0.008,-0.092,-5.41,-0.62,752,-737,-5382,0,0
60.82,4,2473.3,403.22,-0.08,3116.24,92.6,-0.13,-1.4,-0.1,0.0,0.0,1.0,2,6268,-67.5,0.69,0.04,-2.91,-30.39,250,254,3490,0.0345,0.007,-0.002,-0.098,-6.74,0.7,747,-48,-3042,0,0,6976,0.111,0.014,-0.003,-0.097,-6.19,0.16,771,-121,-5564,0,0,2779,0.0333,-0.023,-0.005,-0.095,-5.01,-1.02,780,356,-2216,0,0,6961,0.1098,-0.015,-0.031,-0.069,-5.48,-0.55,787,-741,-5265,0,0
60.84,4,2473.8,403.03,-0.08,3115.76,92.4,-0.12,-1.4,-0.1,1.0,0.0,1.0,2,6328,-66.9,0.53,0.06,-2.92,-29.81,251,253,3555,0.0348,0.014,-0.001,-0.099,-6.89,0.86,746,-44,-3102,0,0,7087,0.1115,0.025,-0.001,-0.099,-6.02,-0.01,770,-94,-5633,0,0,2678,0.0326,-0.033,0.037,-0.063,-5.2,-0.83,745,469,-2127,0,0,6834,0.1093,-0.023,0.015,-0.085,-5.5,-0.53,752,-297,-5191,0,0
60.86,4,2474.3,402.83,-0.08,3115.29,92.2,-0.12,-1.39,-0.1,1.0,0.0,1.0,2,6344,122.0,0.56,0.08,-2.93,-29.43,252,252,3588,0.0351,0.017,0.0,-0.1,-6.9,0.87,745,-33,-3129,0,0,7158,0.1122,0.03,-0.002,-0.098,-6.21,0.18,769,-116,-5695,0,0,2623,0.0318,-0.038,-0.011,-0.089,-5.21,-0.82,778,290,-2089,0,0,6735,0.1088,-0.025,-0.03,-0.07,-5.47,-0.57,784,-748,-5083,0,0
60.88,4,2474.9,402.64,-0.08,3114.81,92.1,-0.12,-1.39,-0.1,1.0,0.0,1.0,2,6455,172.7,0.81,0.1,-2.94,-29.21,253,251,3592,0.0354,0.015,-0.002,-0.098,-6.8,0.77,744,-37,-3134,0,0,7208,0.1128,0.032,-0.002,-0.098,-6.14,0.1,767,-123,-5724,0,0,2588,0.0311,-0.037,0.036,-0.064,-5.28,-0.75,742,467,-2051,0,0,6678,0.1084,-0.02,0.013,-0.087,-5.38,-0.65,749,-291,-5028,0,0
60.9,4,2475.4,402.46,-0.08,3114.34,91.9,-0.12,-1.39,-0.1,1.0,0.0,1.0,2,6388,190.4,1.09,0.12,-2.95,-29.05,254,250,3635,0.0358,0.016,-0.002,-0.098,-6.82,0.79,742,-44,-3163,0,0,7235,0.1134,0.033,-0.001,-0.099,-6.09,0.05,766,-95,-5749,0,0,2577,0.0304,-0.034,-0.007,-0.093,-4.93,-1.1,776,290,-2037,0,0,6596,0.1081,-0.018,-0.031,-0.069,-5.34,-0.69,782,-730,-4982,0,0
60.92,4,2475.9,402.28,-0.08,3113.86,91.8,-0.12,-1.38,-0.1,1.0,0.0,1.0,2,6452,234.3,1.31,0.14,-2.96,-28.99,254,250,3638,0.0361,0.017,-0.002,-0.098,-6.83,0.8,741,-40,-3163,0,0,7271,0.1141,0.032,-0.001,-0.099,-6.07,0.04,765,-106,-5770,0,0,2580,0.0298,-0.03,0.039,-0.061,-4.95,-1.08,740,480,-2026,0,0,6578,0.1078,-0.016,0.016,-0.084,-5.38,-0.65,746,-248,-4950,0,0
60.94,4,2476.4,402.11,-0.08,3113.38,91.8,0.11,-1.36,-0.1,1.0,0.0,1.0,2,6683,260.1,1.47,0.15,-2.98,-29.55,254,250,3559,0.0363,0.01,-0.003,-0.097,-6.75,0.72,741,-61,-3105,0,0,7219,0.1147,0.029,-0.003,-0.097,-6.11,0.08,764,-161,-5716,0,0,2669,0.0294,-0.021,0.081,-0.019,-5.1,-0.93,810,1734,-1817,0,0,6689,0.1077,-0.001,0.042,-0.058,-5.22,-0.81,804,2379,-4805,0,0
60.96,4,2476.9,401.94,-0.08,3112.9,91.9,0.3,-1.33,-0.1,0.0,0.0,1.0,2,6886,280.9,1.6,0.14,-2.98,-30.38,254,250,3457,0.0361,-0.011,-0.003,-0.097,-6.85,0.82,741,-80,-3024,0,0,7049,0.1146,-0.002,-0.002,-0.098,-6.19,0.16,767,-139,-5617,0,0,2826,0.0297,0.014,0.116,0.016,-5.28,-0.75,792,2059,-1814,0,0,6852,0.1082,0.023,0.076,-0.024,-5.38,-0.65,785,3099,-4781,0,0
60.98,4,2477.4,401.78,-0.08,3112.41,92.1,0.38,-1.32,-0.1,0.0,0.0,1.0,2,6796,193.5,1.55,0.11,-2.98,-31.27,253,251,3416,0.0357,-0.018,-0.003,-0.097,-6.85,0.82,743,-93,-2982,0,0,6918,0.1141,-0.023,-0.003,-0.097,-6.2,0.17,768,-142,-5509,0,0,2965,0.0304,0.035,0.086,-0.014,-5.39,-0.64,837,2087,-1948,0,0,7004,0.1088,0.029,0.044,-0.056,-5.37,-0.66,832,2774,-4997,0,0
61.0,4,2477.9,401.62,-0.08,3111.92,92.3,0.31,-1.34,-0.1,0.0,0.0,1.0,2,6657,-80.1,1.24,0.09,-2.97,-31.49,253,252,3366,0.0354,-0.019,-0.003,-0.097,-6.84,0.81,744,-64,-2949,0,0,6843,0.1135,-0.03,-0.002,-0.098,-6.04,0.01,770,-105,-5466,0,0,3001,0.0312,0.041,0.046,-0.054,-5.31,-0.72,809,1886,-2084,0,0,7107,0.1094,0.029,0.006,-0.094,-5.44,-0.59,806,2204,-5212,0,0
61.02,4,2478.4,401.47,-0.08,3111.43,92.2,0.04,-1.39,-0.1,0.0,0.0,1.0,2,6273,-67.6,0.89,0.08,-2.97,-30.72,252,252,3402,0.035,-0.018,-0.002,-0.098,-6.91,0.87,745,-62,-2982,0,0,6918,0.1131,-0.023,0.0,-0.1,-5.99,-0.04,769,-41,-5522,0,0,2901,0.0317,0.025,-0.018,-0.082,-5.28,-0.76,773,174,-2327,0,0,7102,0.1098,0.02,-0.036,-0.064,-5.54,-0.49,781,-1106,-5331,0,0
61.04,4,2478.9,401.32,-0.08,3110.94,92.1,-0.13,-1.4,-0.1,1.0,0.0,1.0,2,6309,-66.7,0.67,0.09,-2.97,-29.95,252,251,3501,0.0351,0.003,-0.002,-0.098,-6.84,0.81,744,-37,-3060,0,0,7048,0.1132,0.007,-0.002,-0.098,-6.21,0.18,768,-110,-5613,0,0,2767,0.0315,-0.01,0.037,-0.063,-5.18,-0.85,742,516,-2187,0,0,6975,0.1096,-0.007,0.014,-0.086,-5.32,-0.71,749,-306,-5254,0,0
61.06,4,2479.5,401.18,-0.08,3110.45,91.9,-0.12,-1.4,-0.1,1.0,0.0,1.0,2,6318,122.2,0.66,0.1,-2.97,-29.43,252,250,3567,0.0353,0.014,0.002,-0.098,-6.46,0.43,742,-28,-3105,0,0,7124,0.1136,0.018,-0.001,-0.099,-6.06,0.03,766,-79,-5676,0,0,2693,0.031,-0.021,-0.01,-0.09,-5.11,-0.92,776,297,-2144,0,0,6855,0.1093,-0.017,-0.028,-0.072,-5.45,-0.58,782,-720,-5158,0,0
61.08,4,2480.0,401.04,-0.08,3109.96,91.8,-0.12,-1.39,-0.1,1.0,0.0,1.0,2,6436,172.9,0.89,0.12,-2.98,-29.12,252,250,3610,0.0357,0.016,-0.002,-0.098,-6.91,0.88,741,-47,-3146,0,0,7195,0.114,0.022,0.001,-0.099,-5.86,-0.17,764,-31,-5693,0,0,2648,0.0305,-0.025,0.036,-0.064,-5.22,-0.81,740,465,-2083,0,0,6775,0.1089,-0.02,0.015,-0.085,-5.15,-0.88,747,-289,-5074,0,0
61.1,4,2480.5,400.91,-0.08,3109.47,91.6,-0.12,-1.39,-0.1,1.0,0.0,1.0,2,6375,202.2,1.15,0.14,-2.99,-28.93,253,249,3635,0.036,0.017,-0.001,-0.099,-6.88,0.85,740,-49,-3169,0,0,7232,0.1145,0.027,-0.002,-0.098,-6.18,0.15,764,-104,-5747,0,0,2624,0.03,-0.026,-0.01,-0.09,-5.22,-0.81,773,286,-2072,0,0,6714,0.1086,-0.016,-0.028,-0.072,-5.36,-0.67,779,-693,-5025,0,0
61.12,4,2481.0,400.78,-0.08,3108.98,91.6,0.08,-1.37,-0.1,1.0,0.0,1.0,2,6648,235.6,1.35,0.14,-2.99,-29.28,253,249,3576,0.0362,0.012,-0.002,-0.098,-6.89,0.86,739,-52,-3121,0,0,7186,0.115,0.021,-0.002,-0.098,-6.03,0.0,763,-142,-5698,0,0,2678,0.0296,-0.02,0.041,-0.059,-5.14,-0.89,803,1495,-1909,0,0,6746,0.1084,-0.011,0.008,-0.092,-5.16,-0.87,801,1709,-4940,0,0
61.14,4,2481.5,400.66,-0.08,3108.48,91.8,0.29,-1.33,-0.1,1.0,0.0,1.0,2,6874,263.5,1.5,0.14,-2.99,-30.12,254,249,3502,0.0361,-0.005,-0.003,-0.097,-6.79,0.75,740,-82,-3057,0,0,7058,0.1149,-0.002,-0.002,-0.098,-6.02,-0.01,765,-141,-5601,0,0,2810,0.0298,0.007,0.12,0.02,-4.93,-1.1,791,2108,-1747,0,0,6860,0.1086,0.01,0.079,-0.021,-5.14,-0.89,784,3182,-4744,0,0
61.16,4,2482.0,400.55,-0.08,3107.99,92.0,0.38,-1.31,-0.1,0.0,0.0,1.0,2,6792,284.4,1.62,0.12,-2.98,-31.14,253,250,3445,0.0359,-0.013,-0.003,-0.097,-6.81,0.78,742,-84,-3010,0,0,6883,0.1144,-0.025,-0.003,-0.097,-6.21,0.18,767,-141,-5507,0,0,2962,0.0304,0.032,0.084,-0.016,-5.23,-0.8,834,2084,-1933,0,0,6970,0.1089,0.019,0.044,-0.056,-5.24,-0.79,830,2749,-4927,0,0
61.18,4,2482.5,400.43,-0.08,3107.49,92.2,0.38,-1.32,-0.1,0.0,0.0,1.0,2,6742,198.8,1.57,0.09,-2.97,-31.82,252,252,3372,0.0355,-0.019,-0.002,-0.098,-6.68,0.65,743,-56,-2952,0,0,6784,0.1136,-0.04,-0.001,-0.099,-6.23,0.2,769,-133,-5432,0,0,3029,0.0313,0.043,0.09,-0.01,-5.44,-0.59,816,2239,-1927,0,0,7081,0.1094,0.022,0.043,-0.057,-5.53,-0.5,807,3012,-5001,0,0
61.2,4,2483.0,400.33,-0.08,3106.98,92.3,0.3,-1.35,-0.1,0.0,0.0,1.0,2,6664,-79.8,1.25,0.07,-2.95,-31.81,252,252,3359,0.0351,-0.021,-0.003,-0.097,-6.71,0.68,744,-74,-2939,0,0,6756,0.1128,-0.041,0.0,-0.1,-6.24,0.2,770,-69,-5415,0,0,3029,0.0321,0.04,0.077,-0.023,-5.48,-0.55,766,1889,-2114,0,0,7131,0.1098,0.02,0.039,-0.061,-5.59,-0.44,763,2206,-5250,0,0
61.22,4,2483.5,400.23,-0.08,3106.48,92.2,0.02,-1.39,-0.1,0.0,0.0,1.0,2,6339,-67.0,0.9,0.06,-2.95,-30.92,251,252,3410,0.0348,-0.014,0.0,-0.1,-6.89,0.86,745,-25,-2983,0,0,6890,0.1123,-0.025,0.001,-0.099,-6.24,0.21,770,-51,-5507,0,0,2900,0.0325,0.02,0.03,-0.07,-5.16,-0.88,738,362,-2319,0,0,7100,0.11,0.009,0.009,-0.091,-5.57,-0.46,747,-660,-5341,0,0
61.24,4,2484.1,400.13,-0.08,3105.98,92.1,-0.13,-1.4,-0.1,0.78,0.0,1.0,2,6236,-67.3,0.67,0.07,-2.95,-30.14,251,251,3506,0.0349,0.005,0.0,-0.1,-6.89,0.85,743,-31,-3064,0,0,6983,0.1124,0.006,-0.001,-0.099,-6.23,0.2,768,-77,-5585,0,0,2774,0.0322,-0.016,-0.009,-0.091,-5.18,-0.85,777,323,-2208,0,0,6931,0.1097,-0.015,-0.03,-0.07,-5.33,-0.7,783,-727,-5223,0,0
61.26,4,2484.6,400.04,-0.08,3105.48,91.9,-0.12,-1.39,-0.1,1.0,0.0,1.0,2,6393,122.8,0.67,0.08,-2.95,-29.6,251,250,3554,0.0351,0.01,-0.002,-0.098,-6.86,0.83,742,-39,-3101,0,0,7069,0.1127,0.015,0.0,-0.1,-6.22,0.19,766,-33,-5635,0,0,2690,0.0317,-0.025,0.036,-0.064,-5.33,-0.7,741,473,-2137,0,0,6816,0.1093,-0.02,0.014,-0.086,-5.34,-0.69,748,-324,-5158,0,0
61.28,4,2485.1,399.96,-0.08,3104.97,91.8,-0.12,-1.39,-0.1,1.0,0.0,1.0,2,6374,172.2,0.89,0.1,-2.96,-29.23,251,249,3579,0.0354,0.013,-0.002,-0.098,-6.87,0.84,741,-45,-3121,0,0,7136,0.1131,0.02,-0.002,-0.098,-6.1,0.07,765,-114,-5678,0,0,2644,0.0311,-0.03,-0.01,-0.09,-5.24,-0.79,774,289,-2099,0,0,6736,0.1088,-0.023,-0.03,-0.07,-5.37,-0.66,781,-739,-5072,0,0
61.3,4,2485.6,399.88,-0.08,3104.47,91.6,-0.12,-1.38,-0.1,1.0,0.0,1.0,2,6434,203.4,1.15,0.12,-2.96,-29.01,252,249,3620,0.0357,0.016,-0.002,-0.098,-6.75,0.72,740,-44,-3150,0,0,7228,0.1137,0.027,-0.002,-0.098,-6.09,0.05,763,-84,-5712,0,0,2603,0.0305,-0.03,0.036,-0.064,-5.25,-0.79,739,468,-2051,0,0,6682,0.1084,-0.019,0.016,-0.084,-5.38,-0.65,745,-248,-5032,0,0
61.32,4,2486.1,399.8,-0.08,3103.97,91.5,-0.11,-1.38,-0.1,1.0,0.0,1.0,2,6538,242.9,1.35,0.14,-2.97,-28.92,252,248,3630,0.036,0.016,-0.002,-0.098,-6.77,0.74,739,-46,-3161,0,0,7263,0.1143,0.032,-0.001,-0.099,-6.21,0.18,762,-88,-5762,0,0,2597,0.0299,-0.029,0.083,-0.017,-4.99,-1.04,769,907,-1984,0,0,6654,0.1082,-0.014,0.059,-0.041,-5.05,-0.98,772,807,-4958,0,0
61.34,4,2486.6,399.74,-0.08,3103.47,91.5,0.18,-1.36,-0.1,1.0,0.0,1.0,2,6678,267.1,1.51,0.14,-2.98,-29.54,252,248,3547,0.0362,0.007,-0.002,-0.098,-6.67,0.64,739,-58,-3087,0,0,7150,0.1147,0.02,-0.003,-0.097,-6.12,0.09,763,-132,-5674,0,0,2724,0.0296,-0.013,0.086,-0.014,-5.23,-0.8,810,1843,-1820,0,0,6755,0.1081,-0.001,0.044,-0.056,-5.35,-0.68,802,2613,-4793,0,0
61.36,4,2487.1,399.67,-0.08,3102.96,91.7,0.31,-1.33,-0.1,0.62,0.0,1.0,2,6866,286.9,1.62,0.13,-2.98,-30.3,252,249,3453,0.036,-0.01,-0.003,-0.097,-6.77,0.74,739,-64,-3013,0,0,6985,0.1145,-0.011,-0.002,-0.098,-6.18,0.15,765,-127,-5570,0,0,2862,0.03,0.02,0.116,0.016,-5.1,-0.93,790,2073,-1838,0,0,6884,0.1085,0.018,0.076,-0.024,-5.33,-0.7,783,3058,-4821,0,0
61.38,4,2487.6,399.61,-0.08,3102.45,91.9,0.38,-1.31,-0.1,0.0,0.0,1.0,2,6780,227.7,1.59,0.1,-2.97,-31.12,252,250,3398,0.0356,-0.018,0.0,-0.1,-6.81,0.78,741,-60,-2971,0,0,6832,0.1138,-0.032,0.0,-0.1,-5.78,-0.25,766,-101,-5440,0,0,2989,0.0307,0.036,0.085,-0.015,-5.26,-0.77,834,2102,-1958,0,0,6996,0.1089,0.022,0.044,-0.056,-5.46,-0.57,829,2745,-4999,0,0
61.4,4,2488.1,399.56,-0.08,3101.94,92.1,0.38,-1.32,-0.1,0.0,0.0,1.0,2,6752,-12.4,1.33,0.08,-2.95,-31.68,251,251,3387,0.0353,-0.019,-0.002,-0.098,-6.66,0.63,743,-79,-2949,0,0,6759,0.1131,-0.038,-0.002,-0.098,-6.17,0.14,769,-151,-5402,0,0,3065,0.0316,0.044,0.056,-0.044,-5.22,-0.82,813,2156,-2001,0,0,7092,0.1094,0.024,0.013,-0.087,-5.51,-0.52,808,2693,-5094,0,0
61.42,4,2488.6,399.51,-0.08,3101.43,92.2,0.26,-1.36,-0.1,0.0,0.0,1.0,2,6560,-68.5,0.96,0.06,-2.94,-31.45,250,252,3374,0.0349,-0.016,-0.002,-0.098,-6.83,0.8,744,-68,-2945,0,0,6752,0.1123,-0.038,0.002,-0.098,-6.14,0.11,769,-59,-5407,0,0,3034,0.0324,0.041,0.078,-0.022,-5.46,-0.58,768,1572,-2232,0,0,7125,0.1098,0.019,0.046,-0.054,-5.42,-0.61,769,1508,-5335,0,0
61.44,4,2489.2,399.47,-0.08,3100.92,92.1,-0.07,-1.39,-0.1,0.0,0.0,1.0,2,6228,-67.2,0.71,0.05,-2.94,-30.44,249,251,3426,0.0347,-0.011,-0.001,-0.099,-6.65,0.62,744,-34,-2990,0,0,6901,0.1119,-0.019,-0.001,-0.099,-6.1,0.07,769,-72,-5509,0,0,2890,0.0327,0.014,-0.013,-0.087,-5.4,-0.63,776,167,-2315,0,0,7081,0.1099,0.006,-0.03,-0.07,-5.31,-0.72,784,-996,-5296,0,0
61.46,4,2489.7,399.43,-0.08,3100.42,91.9,-0.12,-1.4,-0.1,1.0,0.0,1.0,2,6299,-66.7,0.54,0.06,-2.94,-29.7,249,250,3520,0.0349,0.008,-0.002,-0.098,-6.74,0.7,743,-35,-3065,0,0,7023,0.1122,0.015,-0.001,-0.099,-6.01,-0.02,767,-65,-5583,0,0,2770,0.0323,-0.018,0.038,-0.062,-5.34,-0.69,741,509,-2195,0,0,6957,0.1097,-0.011,0.014,-0.086,-5.35,-0.68,748,-305,-5250,0,0
61.48,4,2490.2,399.4,-0.08,3099.91,91.8,-0.12,-1.39,-0.1,1.0,0.0,1.0,2,6311,122.3,0.57,0.08,-2.95,-29.17,250,249,3586,0.0352,0.015,-0.002,-0.098,-6.78,0.75,741,-39,-3115,0,0,7116,0.1127,0.022,-0.002,-0.098,-6.06,0.03,765,-92,-5644,0,0,2678,0.0318,-0.029,-0.01,-0.09,-5.16,-0.87,775,283,-2129,0,0,6818,0.1093,-0.022,-0.029,-0.071,-5.41,-0.62,781,-730,-5140,0,0
61.5,4,2490.7,399.38,-0.08,3099.4,91.6,-0.12,-1.39,-0.1,1.0,0.0,1.0,2,6424,173.1,0.82,0.1,-2.95,-28.89,250,249,3615,0.0356,0.02,0.0,-0.1,-6.81,0.78,740,-13,-3144,0,0,7186,0.1132,0.027,-0.001,-0.099,-6.18,0.15,764,-80,-5696,0,0,2623,0.0311,-0.033,0.037,-0.063,-4.98,-1.05,739,472,-2059,0,0,6719,0.1088,-0.026,0.015,-0.085,-5.16,-0.88,745,-296,-5029,0,0
61.52,4,2491.2,399.36,-0.08,3098.89,91.5,-0.12,-1.38,-0.1,1.0,0.0,1.0,2,6360,191.8,1.1,0.12,-2.96,-28.71,251,248,3623,0.0359,0.015,-0.002,-0.098,-6.69,0.66,739,-44,-3151,0,0,7237,0.1138,0.031,0.0,-0.1,-6.16,0.13,762,-77,-5731,0,0,2584,0.0304,-0.033,-0.009,-0.091,-5.19,-0.85,772,286,-2043,0,0,6664,0.1084,-0.017,-0.03,-0.07,-5.16,-0.87,778,-723,-4982,0,0
61.54,4,2491.7,399.34,-0.08,3098.38,91.3,-0.12,-1.38,-0.1,1.0,0.0,1.0,2,6423,235.5,1.31,0.14,-2.97,-28.62,252,247,3637,0.0361,0.014,-0.002,-0.098,-6.8,0.77,738,-49,-3159,0,0,7238,0.1144,0.027,0.0,-0.1,-6.16,0.13,761,-77,-5746,0,0,2603,0.0299,-0.029,0.036,-0.064,-5.13,-0.9,736,461,-2037,0,0,6623,0.1081,-0.017,0.016,-0.084,-5.28,-0.75,743,-273,-4948,0,0
61.56,4,2492.2,399.33,-0.08,3097.88,91.3,0.11,-1.36,-0.1,1.0,0.0,1.0,2,6651,261.7,1.47,0.14,-2.97,-29.16,252,247,3576,0.0364,0.012,-0.002,-0.098,-6.78,0.75,738,-55,-3107,0,0,7153,0.1147,0.017,-0.003,-0.097,-6.13,0.1,761,-143,-5673,0,0,2706,0.0296,-0.015,0.081,-0.019,-5.05,-0.98,806,1778,-1820,0,0,6673,0.1079,-0.01,0.042,-0.058,-5.26,-0.77,800,2414,-4762,0,0
61.58,4,2492.7,399.33,-0.08,3097.37,91.5,0.31,-1.32,-0.1,1.0,0.0,1.0,2,6851,282.6,1.6,0.13,-2.97,-29.99,251,248,3489,0.0362,-0.008,-0.003,-0.097,-6.71,0.68,738,-75,-3033,0,0,7008,0.1145,-0.011,-0.002,-0.098,-6.04,0.01,763,-138,-5553,0,0,2852,0.0299,0.019,0.116,0.016,-5.19,-0.84,788,2080,-1816,0,0,6818,0.1082,0.016,0.077,-0.023,-5.13,-0.9,781,3102,-4729,0,0
61.6,4,2493.2,399.33,-0.08,3096.86,91.7,0.38,-1.31,-0.1,0.0,0.0,1.0,2,6782,298.5,1.69,0.11,-2.96,-30.89,251,249,3433,0.0359,-0.014,-0.001,-0.099,-6.46,0.43,740,-64,-2983,0,0,6873,0.114,-0.026,-0.002,-0.098,-6.03,0.0,765,-141,-5453,0,0,2987,0.0307,0.036,0.085,-0.015,-5.18,-0.85,832,2105,-1946,0,0,6962,0.1087,0.025,0.044,-0.056,-5.29,-0.74,827,2790,-4913,0,0
61.62,4,2493.7,399.34,-0.08,3096.35,91.9,0.39,-1.31,-0.1,0.0,0.0,1.0,2,6736,206.3,1.62,0.08,-2.95,-31.57,250,250,3399,0.0356,-0.016,-0.003,-0.097,-6.78,0.75,741,-74,-2956,0,0,6763,0.1133,-0.034,-0.002,-0.098,-6.13,0.1,767,-124,-5393,0,0,3083,0.0316,0.046,0.092,-0.008,-5.34,-0.7,815,2296,-1944,0,0,7079,0.1093,0.029,0.045,-0.055,-5.33,-0.7,806,3093,-4958,0,0
61.64,4,2494.2,399.35,-0.08,3095.84,92.0,0.31,-1.34,-0.1,0.0,0.0,1.0,2,6642,-81.0,1.28,0.06,-2.94,-31.55,249,251,3352,0.0352,-0.021,-0.002,-0.098,-6.76,0.72,742,-66,-2924,0,0,6770,0.1125,-0.04,-0.002,-0.098,-6.13,0.09,768,-99,-5382,0,0,3053,0.0325,0.046,0.075,-0.025,-5.3,-0.73,763,1888,-2131,0,0,7174,0.1098,0.026,0.038,-0.062,-5.51,-0.52,760,2217,-5254,0,0
61.66,4,2494.8,399.36,-0.08,3095.33,92.0,0.02,-1.39,-0.1,0.0,0.0,1.0,2,6320,-66.8,0.93,0.06,-2.94,-30.61,248,251,3430,0.0349,-0.016,-0.001,-0.099,-6.78,0.75,743,-48,-2986,0,0,6886,0.1121,-0.02,-0.001,-0.099,-6.15,0.12,768,-65,-5470,0,0,2910,0.0329,0.018,0.029,-0.071,-5.31,-0.72,737,329,-2321,0,0,7107,0.1101,0.014,0.008,-0.092,-5.37,-0.66,746,-727,-5357,0,0
61.68,4,2495.3,399.39,-0.08,3094.82,91.8,-0.13,-1.4,-0.1,1.0,0.0,1.0,2,6222,-67.2,0.69,0.06,-2.94,-29.82,249,250,3514,0.035,0.008,-0.002,-0.098,-6.69,0.66,742,-39,-3055,0,0,6993,0.1122,0.008,-0.002,-0.098,-5.98,-0.05,766,-82,-5542,0,0,2769,0.0325,-0.019,-0.009,-0.091,-5.14,-0.89,775,331,-2200,0,0,6929,0.1097,-0.019,-0.03,-0.07,-5.43,-0.61,781,-699,-5224,0,0
61.7,4,2495.8,399.41,-0.08,3094.31,91.7,-0.12,-1.39,-0.1,1.0,0.0,1.0,2,6378,122.9,0.68,0.08,-2.94,-29.29,249,249,3557,0.0353,0.015,-0.001,-0.099,-6.76,0.73,741,-42,-3091,0,0,7099,0.1126,0.018,0.0,-0.1,-6.13,0.09,765,-51,-5628,0,0,2684,0.0319,-0.029,0.036,-0.064,-5.21,-0.82,739,465,-2119,0,0,6823,0.1092,-0.025,0.014,-0.086,-5.25,-0.78,746,-327,-5104,0,0
61.72,4,2496.3,399.45,-0.08,3093.8,91.5,-0.12,-1.38,-0.1,1.0,0.0,1.0,2,6357,172.4,0.9,0.1,-2.95,-28.99,249,248,3589,0.0356,0.013,-0.001,-0.099,-6.64,0.61,740,-36,-3117,0,0,7173,0.1131,0.024,-0.001,-0.099,-6.12,0.09,763,-81,-5668,0,0,2632,0.0313,-0.031,-0.01,-0.09,-5.2,-0.83,772,281,-2082,0,0,6745,0.1088,-0.02,-0.031,-0.069,-5.28,-0.75,778,-731,-5015,0,0
61.74,4,2496.8,399.49,-0.08,3093.3,91.4,-0.12,-1.38,-0.1,1.0,0.0,1.0,2,6418,204.9,1.16,0.12,-2.96,-28.79,250,247,3630,0.0359,0.016,-0.001,-0.099,-6.72,0.69,739,-47,-3147,0,0,7218,0.1136,0.027,-0.002,-0.098,-6.09,0.06,762,-94,-5695,0,0,2617,0.0307,-0.03,0.037,-0.063,-5.14,-0.89,737,474,-2047,0,0,6679,0.1084,-0.018,0.016,-0.084,-5.27,-0.77,743,-278,-4986,0,0
61.76,4,2497.3,399.53,-0.08,3092.79,91.2,-0.11,-1.37,-0.1,1.0,0.0,1.0,2,6523,244.1,1.36,0.14,-2.97,-28.72,250,247,3650,0.0362,0.018,-0.001,-0.099,-6.74,0.71,737,-42,-3159,0,0,7257,0.1142,0.031,-0.001,-0.099,-5.91,-0.12,761,-76,-5716,0,0,2615,0.0301,-0.028,0.083,-0.017,-5.11,-0.92,767,916,-1988,0,0,6645,0.1081,-0.015,0.058,-0.042,-5.06,-0.97,770,798,-4912,0,0
61.78,4,2497.8,399.58,-0.08,3092.29,91.3,0.18,-1.35,-0.1,1.0,0.0,1.0,2,6660,268.4,1.51,0.14,-2.97,-29.36,250,247,3573,0.0364,0.008,-0.002,-0.098,-6.71,0.68,737,-60,-3097,0,0,7153,0.1147,0.021,-0.002,-0.098,-6.08,0.05,761,-128,-5642,0,0,2743,0.0299,-0.012,0.083,-0.017,-5.09,-0.94,807,1868,-1811,0,0,6754,0.1081,0.001,0.045,-0.055,-4.96,-1.07,801,2603,-4755,0,0
61.8,4,2498.3,399.63,-0.08,3091.78,91.4,0.31,-1.32,-0.1,1.0,0.0,1.0,2,6847,288.0,1.63,0.13,-2.97,-30.14,250,248,3518,0.0363,-0.005,-0.002,-0.098,-6.71,0.68,738,-74,-3045,0,0,7009,0.1145,-0.009,-0.002,-0.098,-5.92,-0.11,763,-147,-5535,0,0,2889,0.0303,0.022,0.115,0.015,-5.18,-0.85,787,2092,-1848,0,0,6880,0.1085,0.019,0.076,-0.024,-5.18,-0.85,780,3080,-4775,0,0
61.82,4,2498.8,399.69,-0.08,3091.28,91.7,0.41,-1.3,-0.1,0.0,0.0,1.0,2,6944,296.3,1.71,0.1,-2.95,-31.18,250,249,3437,0.036,-0.014,-0.003,-0.097,-6.67,0.64,740,-76,-2983,0,0,6835,0.1139,-0.029,-0.002,-0.098,-5.85,-0.18,765,-137,-5402,0,0,3031,0.0311,0.038,0.075,-0.025,-5.17,-0.86,822,2386,-1813,0,0,7011,0.109,0.023,0.027,-0.073,-5.38,-0.65,813,3539,-4772,0,0
61.84,4,2499.3,399.76,-0.08,3090.77,91.9,0.47,-1.28,-0.1,0.0,0.0,1.0,2,6792,206.3,1.64,0.07,-2.93,-32.27,249,250,3379,0.0356,-0.02,-0.003,-0.097,-6.63,0.6,741,-82,-2936,0,0,6680,0.113,-0.046,-0.002,-0.098,-6.06,0.03,767,-146,-5307,0,0,3148,0.0322,0.053,0.103,0.003,-5.41,-0.63,823,2499,-1874,0,0,7130,0.1095,0.028,0.051,-0.049,-5.51,-0.52,811,3488,-4912,0,0
61.86,4,2499.8,399.83,-0.08,3090.26,92.1,0.32,-1.34,-0.1,0.0,0.0,1.0,2,6638,-81.3,1.29,0.05,-2.92,-32.17,248,251,3353,0.0352,-0.022,-0.002,-0.098,-6.69,0.66,743,-69,-2915,0,0,6669,0.1119,-0.053,-0.002,-0.098,-5.99,-0.04,769,-104,-5295,0,0,3115,0.0332,0.053,0.074,-0.026,-5.38,-0.65,762,1899,-2186,0,0,7181,0.11,0.022,0.037,-0.063,-5.39,-0.65,760,2128,-5286,0,0
61.88,4,2500.4,399.9,-0.08,3089.76,92.0,0.01,-1.39,-0.1,0.0,0.0,1.0,2,6329,-66.9,0.93,0.04,-2.91,-31.07,247,251,3402,0.0349,-0.016,-0.002,-0.098,-6.68,0.65,743,-44,-2955,0,0,6817,0.1114,-0.026,-0.001,-0.099,-5.99,-0.04,769,-76,-5406,0,0,2940,0.0336,0.02,0.029,-0.071,-5.38,-0.65,737,353,-2358,0,0,7120,0.1102,0.01,0.008,-0.092,-5.43,-0.6,747,-715,-5385,0,0
61.9,4,2500.9,399.98,-0.08,3089.25,91.9,-0.13,-1.4,-0.1,1.0,0.0,1.0,2,6226,-67.2,0.69,0.05,-2.91,-30.15,247,250,3499,0.0349,0.004,-0.001,-0.099,-6.68,0.64,742,-37,-3034,0,0,6954,0.1116,0.008,-0.002,-0.098,-6.04,0.01,767,-71,-5498,0,0,2799,0.0332,-0.019,-0.009,-0.091,-5.33,-0.7,776,330,-2237,0,0,6966,0.1099,-0.016,-0.03,-0.07,-5.47,-0.56,782,-700,-5260,0,0
61.92,4,2501.4,400.07,-0.08,3088.75,91.7,-0.12,-1.39,-0.1,1.0,0.0,1.0,2,6382,122.9,0.68,0.06,-2.92,-29.5,248,249,3573,0.0352,0.013,-0.002,-0.098,-6.65,0.62,741,-43,-3084,0,0,7071,0.1119,0.018,-0.002,-0.098,-6.03,0.0,765,-96,-5568,0,0,2705,0.0326,-0.03,0.037,-0.063,-5.26,-0.78,740,486,-2142,0,0,6835,0.1094,-0.025,0.015,-0.085,-5.29,-0.74,747,-302,-5157,0,0
61.94,4,2501.9,400.16,-0.08,3088.25,91.6,-0.12,-1.38,-0.1,1.0,0.0,1.0,2,6361,172.3,0.9,0.09,-2.92,-29.08,249,248,3636,0.0356,0.02,-0.001,-0.099,-6.62,0.58,740,-40,-3140,0,0,7155,0.1125,0.028,0.0,-0.1,-5.96,-0.08,764,-59,-5619,0,0,2634,0.0319,-0.035,-0.01,-0.09,-5.13,-0.9,773,282,-2090,0,0,6700,0.1088,-0.027,-0.03,-0.07,-5.36,-0.67,779,-716,-5041,0,0
61.96,4,2502.4,400.26,-0.08,3087.75,91.4,-0.12,-1.38,-0.1,1.0,0.0,1.0,2,6422,205.2,1.16,0.11,-2.93,-28.81,250,248,3631,0.036,0.018,-0.001,-0.099,-6.63,0.6,739,-47,-3137,0,0,7190,0.1131,0.028,-0.001,-0.099,-6.0,-0.03,763,-88,-5659,0,0,2599,0.0312,-0.037,0.037,-0.063,-5.08,-0.96,737,464,-2044,0,0,6617,0.1083,-0.027,0.015,-0.085,-5.32,-0.71,744,-285,-4982,0,0
61.98,4,2502.9,400.36,-0.08,3087.25,91.3,-0.08,-1.37,-0.1,1.0,0.0,1.0,2,6575,243.6,1.36,0.13,-2.94,-28.77,250,247,3614,0.0363,0.015,-0.001,-0.099,-6.48,0.45,738,-39,-3121,0,0,7212,0.1136,0.029,-0.002,-0.098,-6.01,-0.02,761,-102,-5668,0,0,2601,0.0305,-0.033,0.074,-0.026,-5.16,-0.87,760,1147,-1940,0,0,6595,0.1079,-0.019,0.045,-0.055,-5.17,-0.86,760,1270,-4872,0,0
62.0,4,2503.4,400.46,-0.08,3086.76,91.4,0.23,-1.33,-0.1,1.0,0.0,1.0,2,6694,267.5,1.51,0.12,-2.95,-29.51,250,247,3514,0.0363,0.0,-0.001,-0.099,-6.58,0.55,738,-67,-3036,0,0,7063,0.1139,0.011,-0.002,-0.098,-5.94,-0.09,762,-137,-5561,0,0,2768,0.0303,-0.01,0.089,-0.011,-5.03,-1.0,812,1971,-1794,0,0,6723,0.1079,0.001,0.047,-0.053,-5.2,-0.83,804,2763,-4745,0,0
62.02,4,2503.9,400.58,-0.08,3086.26,91.6,0.32,-1.32,-0.1,1.0,0.0,1.0,2,6855,287.9,1.63,0.11,-2.95,-30.19,250,248,3446,0.036,-0.015,-0.002,-0.098,-6.54,0.51,739,-66,-2978,0,0,6965,0.1136,-0.016,-0.001,-0.099,-5.92,-0.11,764,-103,-5479,0,0,2890,0.0308,0.024,0.115,0.015,-5.21,-0.82,788,2081,-1865,0,0,6887,0.1084,0.023,0.076,-0.024,-5.34,-0.69,781,3084,-4796,0,0
62.04,4,2504.4,400.69,-0.08,3085.77,91.8,0.41,-1.29,-0.1,0.0,0.0,1.0,2,6956,296.0,1.71,0.09,-2.94,-31.14,249,250,3410,0.0356,-0.016,-0.003,-0.097,-6.61,0.58,741,-71,-2951,0,0,6861,0.1131,-0.022,-0.002,-0.098,-5.92,-0.11,766,-140,-5392,0,0,3012,0.0315,0.035,0.076,-0.024,-5.33,-0.7,824,2362,-1818,0,0,7039,0.109,0.028,0.027,-0.073,-5.28,-0.75,814,3543,-4804,0,0
62.06,4,2504.9,400.81,-0.08,3085.27,92.0,0.47,-1.28,-0.1,0.0,0.0,1.0,2,6807,205.8,1.64,0.06,-2.92,-32.15,248,251,3384,0.0353,-0.018,-0.003,-0.097,-6.51,0.48,743,-80,-2924,0,0,6704,0.1124,-0.036,-0.002,-0.098,-5.91,-0.12,769,-144,-5299,0,0,3141,0.0325,0.05,0.104,0.004,-5.42,-0.61,825,2493,-1875,0,0,7148,0.1096,0.031,0.052,-0.048,-5.54,-0.49,812,3526,-4935,0,0
62.08,4,2505.4,400.94,-0.08,3084.77,92.2,0.33,-1.34,-0.09,0.0,0.0,1.0,2,6645,-81.4,1.29,0.03,-2.91,-32.02,247,252,3357,0.0349,-0.018,-0.002,-0.098,-6.48,0.45,744,-70,-2904,0,0,6694,0.1115,-0.044,-0.002,-0.098,-5.98,-0.05,770,-111,-5295,0,0,3120,0.0335,0.051,0.073,-0.027,-5.48,-0.56,763,1897,-2197,0,0,7219,0.1101,0.025,0.037,-0.063,-5.52,-0.51,761,2125,-5326,0,0
62.1,4,2506.0,401.08,-0.08,3084.28,92.2,0.02,-1.39,-0.09,0.0,0.0,1.0,2,6339,-67.0,0.93,0.03,-2.91,-30.88,246,252,3418,0.0346,-0.014,-0.001,-0.099,-6.43,0.4,745,-46,-2954,0,0,6882,0.1111,-0.018,-0.001,-0.099,-5.88,-0.15,770,-64,-5419,0,0,2941,0.0339,0.019,0.029,-0.071,-5.42,-0.61,738,353,-2366,0,0,7192,0.1104,0.014,0.009,-0.091,-5.48,-0.55,748,-697,-5444,0,0
62.12,4,2506.5,401.21,-0.08,3083.79,92.0,-0.13,-1.4,-0.09,1.0,0.0,1.0,2,6234,-67.3,0.69,0.04,-2.92,-29.91,247,251,3502,0.0348,0.009,-0.002,-0.098,-6.55,0.51,744,-36,-3025,0,0,6986,0.1115,0.017,-0.001,-0.099,-5.99,-0.04,768,-79,-5501,0,0,2794,0.0334,-0.022,-0.009,-0.091,-5.35,-0.68,777,321,-2242,0,0,7016,0.1101,-0.015,-0.03,-0.07,-5.4,-0.63,783,-721,-5307,0,0
62.14,4,2507.0,401.36,-0.08,3083.3,91.8,-0.12,-1.39,-0.09,1.0,0.0,1.0,2,6391,122.8,0.68,0.06,-2.91,-29.25,249,250,3618,0.0351,0.015,-0.001,-0.099,-6.6,0.57,743,-40,-3120,0,0,7045,0.1118,0.019,-0.001,-0.099,-5.83,-0.2,766,-77,-5539,0,0,2695,0.0328,-0.032,0.036,-0.064,-5.28,-0.75,741,464,-2139,0,0,6785,0.1095,-0.028,0.015,-0.085,-5.4,-0.63,747,-289,-5155,0,0
62.16,4,2507.5,401.51,-0.08,3082.81,91.7,-0.12,-1.38,-0.09,1.0,0.0,1.0,2,6369,172.2,0.9,0.08,-2.92,-28.85,250,249,3632,0.0356,0.025,-0.001,-0.099,-6.59,0.56,742,-40,-3131,0,0,7127,0.1123,0.022,-0.001,-0.099,-5.98,-0.05,765,-89,-5598,0,0,2641,0.0321,-0.036,-0.01,-0.09,-5.26,-0.77,774,274,-2104,0,0,6668,0.1087,-0.04,-0.029,-0.071,-5.32,-0.71,780,-707,-5024,0,0
62.18,4,2508.0,401.66,-0.08,3082.33,91.5,-0.12,-1.38,-0.09,1.0,0.0,1.0,2,6430,205.1,1.16,0.1,-2.92,-28.59,250,248,3647,0.036,0.019,-0.001,-0.099,-6.53,0.5,740,-41,-3140,0,0,7172,0.1128,0.027,-0.002,-0.098,-5.92,-0.11,763,-82,-5624,0,0,2623,0.0314,-0.035,0.037,-0.063,-5.21,-0.82,738,464,-2064,0,0,6594,0.1082,-0.027,0.015,-0.085,-5.2,-0.84,745,-285,-4963,0,0
62.2,4,2508.5,401.82,-0.08,3081.84,91.4,-0.08,-1.37,-0.1,1.0,0.0,1.0,2,6583,243.5,1.36,0.12,-2.93,-28.51,250,248,3653,0.0363,0.015,-0.001,-0.099,-6.47,0.44,739,-43,-3141,0,0,7207,0.1134,0.029,-0.001,-0.099,-5.97,-0.06,762,-86,-5652,0,0,2625,0.0308,-0.029,0.074,-0.026,-5.17,-0.86,761,1144,-1963,0,0,6575,0.1079,-0.015,0.045,-0.055,-5.22,-0.82,761,1260,-4884,0,0
62.22,4,2509.0,401.98,-0.08,3081.36,91.5,0.24,-1.33,-0.1,1.0,0.0,1.0,2,6702,267.2,1.51,0.12,-2.93,-29.22,250,248,3559,0.0365,0.007,-0.002,-0.098,-6.57,0.54,739,-70,-3065,0,0,7094,0.1137,0.017,-0.002,-0.098,-5.95,-0.08,763,-133,-5564,0,0,2782,0.0306,-0.009,0.089,-0.011,-5.18,-0.85,813,1976,-1808,0,0,6720,0.1079,0.001,0.047,-0.053,-5.32,-0.72,805,2763,-4759,0,0
62.24,4,2509.5,402.15,-0.08,3080.88,91.7,0.32,-1.32,-0.1,1.0,0.0,1.0,2,6864,287.6,1.63,0.11,-2.94,-29.89,250,249,3485,0.0363,-0.009,-0.002,-0.098,-6.34,0.31,741,-65,-3004,0,0,6978,0.1135,-0.013,-0.002,-0.098,-5.87,-0.17,765,-124,-5473,0,0,2898,0.0311,0.023,0.115,0.015,-5.14,-0.89,789,2089,-1866,0,0,6859,0.1083,0.02,0.077,-0.023,-5.24,-0.79,783,3067,-4795,0,0
62.26,4,2510.0,402.32,-0.08,3080.4,91.9,0.41,-1.3,-0.1,0.0,0.0,1.0,2,6965,295.6,1.71,0.09,-2.92,-30.83,250,250,3441,0.036,-0.014,-0.003,-0.097,-6.57,0.54,742,-75,-2972,0,0,6821,0.1131,-0.021,-0.002,-0.098,-5.91,-0.12,767,-138,-5369,0,0,3036,0.0317,0.034,0.076,-0.024,-5.12,-0.91,825,2385,-1825,0,0,6984,0.1088,0.027,0.027,-0.073,-5.42,-0.61,815,3534,-4777,0,0
62.28,4,2510.5,402.5,-0.08,3079.92,92.2,0.47,-1.28,-0.09,0.0,0.0,1.0,2,6815,205.5,1.64,0.06,-2.91,-31.84,249,252,3390,0.0356,-0.018,-0.002,-0.098,-6.56,0.53,744,-77,-2931,0,0,6690,0.1123,-0.041,-0.002,-0.098,-5.96,-0.07,770,-132,-5287,0,0,3155,0.0328,0.051,0.104,0.004,-5.43,-0.6,825,2507,-1878,0,0,7120,0.1094,0.028,0.052,-0.048,-5.47,-0.57,813,3507,-4920,0,0
62.3,4,2511.1,402.68,-0.08,3079.44,92.3,0.33,-1.34,-0.09,0.0,0.0,1.0,2,6655,-81.5,1.29,0.03,-2.9,-31.7,248,253,3340,0.0351,-0.025,-0.002,-0.098,-6.59,0.56,745,-73,-2892,0,0,6705,0.1114,-0.043,-0.002,-0.098,-5.97,-0.06,771,-105,-5302,0,0,3112,0.0337,0.049,0.074,-0.026,-5.45,-0.59,765,1886,-2196,0,0,7226,0.11,0.03,0.037,-0.063,-5.5,-0.53,762,2139,-5330,0,0
62.32,4,2511.6,402.87,-0.08,3078.97,92.3,0.02,-1.39,-0.09,0.0,0.0,1.0,2,6347,-67.0,0.93,0.03,-2.9,-30.55,247,252,3418,0.0348,-0.015,-0.001,-0.099,-6.42,0.39,746,-43,-2953,0,0,6826,0.111,-0.021,-0.001,-0.099,-5.95,-0.08,771,-68,-5391,0,0,2961,0.0341,0.019,0.029,-0.071,-5.4,-0.63,739,352,-2380,0,0,7153,0.1103,0.013,0.009,-0.091,-5.53,-0.5,749,-693,-5424,0,0
62.34,4,2512.1,403.07,-0.08,3078.49,92.1,-0.13,-1.4,-0.09,1.0,0.0,1.0,2,6242,-67.3,0.69,0.04,-2.9,-29.59,248,251,3507,0.035,0.008,-0.001,-0.099,-6.6,0.57,745,-40,-3031,0,0,6956,0.1112,0.01,-0.001,-0.099,-5.99,-0.05,769,-74,-5485,0,0,2807,0.0337,-0.021,-0.009,-0.091,-5.33,-0.7,778,325,-2245,0,0,6977,0.1099,-0.018,-0.03,-0.07,-5.44,-0.59,784,-712,-5278,0,0
62.36,4,2512.6,403.27,-0.08,3078.02,92.0,-0.12,-1.39,-0.09,1.0,0.0,1.0,2,6399,122.8,0.68,0.05,-2.9,-28.92,248,250,3558,0.0352,0.011,-0.001,-0.099,-6.56,0.53,744,-40,-3070,0,0,7063,0.1116,0.02,-0.001,-0.099,-5.86,-0.17,767,-76,-5552,0,0,2707,0.0331,-0.032,0.036,-0.064,-5.17,-0.86,742,473,-2141,0,0,6858,0.1095,-0.023,0.015,-0.085,-5.33,-0.7,749,-296,-5174,0,0
62.38,4,2513.1,403.47,-0.08,3077.55,91.8,-0.12,-1.38,-0.09,1.0,0.0,1.0,2,6379,172.1,0.9,0.07,-2.92,-28.47,249,250,3605,0.0355,0.016,-0.001,-0.099,-6.6,0.56,743,-38,-3109,0,0,7180,0.1122,0.032,-0.001,-0.099,-5.99,-0.04,766,-84,-5637,0,0,2647,0.0324,-0.036,-0.01,-0.09,-5.16,-0.87,775,278,-2095,0,0,6796,0.109,-0.021,-0.029,-0.071,-5.33,-0.7,781,-714,-5100,0,0
62.4,4,2513.6,403.68,-0.08,3077.09,91.6,-0.12,-1.38,-0.1,1.0,0.0,1.0,2,6439,205.0,1.16,0.1,-2.93,-28.16,249,249,3619,0.0358,0.016,-0.001,-0.099,-6.57,0.54,742,-42,-3119,0,0,7216,0.1129,0.036,-0.001,-0.099,-6.0,-0.03,764,-89,-5666,0,0,2625,0.0316,-0.036,0.036,-0.064,-5.14,-0.89,739,461,-2059,0,0,6745,0.1087,-0.015,0.015,-0.085,-5.25,-0.78,746,-281,-5050,0,0
62.42,4,2514.1,403.89,-0.08,3076.63,91.5,-0.08,-1.37,-0.1,1.0,0.0,1.0,2,6593,243.3,1.36,0.12,-2.94,-28.08,251,248,3615,0.0361,0.015,-0.001,-0.099,-6.61,0.58,740,-41,-3120,0,0,7251,0.1136,0.032,-0.002,-0.098,-6.0,-0.03,763,-89,-5687,0,0,2577,0.0309,-0.036,0.073,-0.027,-5.1,-0.93,762,1131,-1922,0,0,6673,0.1084,-0.018,0.045,-0.055,-5.23,-0.81,762,1303,-4926,0,0
62.44,4,2514.6,404.11,-0.08,3076.17,91.6,0.23,-1.33,-0.1,1.0,0.0,1.0,2,6709,267.0,1.51,0.12,-2.95,-28.85,251,249,3552,0.0362,0.006,-0.002,-0.098,-6.57,0.54,741,-70,-3065,0,0,7116,0.1139,0.018,-0.002,-0.098,-5.97,-0.06,764,-136,-5590,0,0,2748,0.0305,-0.019,0.088,-0.012,-5.02,-1.01,814,1959,-1776,0,0,6761,0.1082,-0.007,0.046,-0.054,-5.2,-0.83,805,2782,-4756,0,0
62.46,4,2515.1,404.33,-0.08,3075.71,91.8,0.32,-1.32,-0.1,1.0,0.0,1.0,2,6869,287.4,1.63,0.11,-2.94,-29.57,251,250,3498,0.0361,-0.007,-0.002,-0.098,-6.59,0.56,742,-69,-3023,0,0,6953,0.1137,-0.013,-0.002,-0.098,-6.0,-0.03,766,-123,-5488,0,0,2905,0.031,0.024,0.114,0.014,-5.16,-0.88,790,2096,-1861,0,0,6878,0.1086,0.018,0.076,-0.024,-5.2,-0.83,783,3071,-4786,0,0
62.48,4,2515.6,404.56,-0.08,3075.25,92.0,0.41,-1.3,-0.1,0.0,0.0,1.0,2,6970,295.5,1.71,0.09,-2.93,-30.57,250,251,3437,0.0359,-0.011,-0.003,-0.097,-6.56,0.53,743,-76,-2975,0,0,6820,0.1131,-0.026,-0.002,-0.098,-5.97,-0.06,768,-140,-5391,0,0,3038,0.0318,0.037,0.075,-0.025,-5.18,-0.86,826,2382,-1826,0,0,7012,0.109,0.021,0.027,-0.073,-5.31,-0.72,816,3549,-4761,0,0
62.5,4,2516.2,404.79,-0.08,3074.79,92.3,0.47,-1.28,-0.1,0.0,0.0,1.0,2,6819,205.4,1.64,0.06,-2.91,-31.65,249,252,3399,0.0356,-0.017,-0.003,-0.097,-6.61,0.58,745,-77,-2946,0,0,6705,0.1123,-0.042,-0.002,-0.098,-5.99,-0.04,771,-136,-5315,0,0,3139,0.0328,0.051,0.103,0.003,-5.36,-0.67,826,2492,-1869,0,0,7126,0.1095,0.025,0.051,-0.049,-5.47,-0.56,814,3510,-4900,0,0
62.52,4,2516.7,405.03,-0.08,3074.34,92.4,0.32,-1.34,-0.1,0.0,0.0,1.0,2,6663,-81.5,1.29,0.03,-2.9,-31.59,248,253,3357,0.0352,-0.019,-0.002,-0.098,-6.65,0.62,746,-67,-2915,0,0,6708,0.1114,-0.043,-0.002,-0.098,-6.02,-0.01,772,-108,-5324,0,0,3114,0.0337,0.048,0.073,-0.027,-5.39,-0.64,766,1891,-2188,0,0,7216,0.11,0.025,0.037,-0.063,-5.5,-0.53,763,2149,-5290,0,0
62.54,4,2517.2,405.27,-0.08,3073.89,92.4,0.01,-1.39,-0.1,0.0,0.0,1.0,2,6355,-67.1,0.93,0.03,-2.9,-30.54,248,253,3437,0.0349,-0.015,-0.001,-0.099,-6.66,0.63,747,-45,-2982,0,0,6839,0.1111,-0.019,-0.001,-0.099,-6.03,-0.01,772,-71,-5421,0,0,2946,0.0341,0.016,0.029,-0.071,-5.34,-0.69,740,353,-2354,0,0,7126,0.1102,0.012,0.009,-0.091,-5.42,-0.61,750,-691,-5381,0,0
62.56,4,2517.7,405.52,-0.08,3073.44,92.2,-0.13,-1.4,-0.1,1.0,0.0,1.0,2,6251,-67.4,0.69,0.04,-2.9,-29.67,248,252,3540,0.0351,0.01,-0.001,-0.099,-6.65,0.62,746,-37,-3065,0,0,7016,0.1113,0.013,-0.001,-0.099,-6.0,-0.03,770,-81,-5543,0,0,2796,0.0337,-0.02,-0.009,-0.091,-5.24,-0.79,779,326,-2228,0,0,6988,0.1099,-0.017,-0.03,-0.07,-5.38,-0.65,785,-715,-5263,0,0
62.58,4,2518.2,405.77,-0.08,3072.99,92.1,-0.12,-1.39,-0.1,1.0,0.0,1.0,2,6407,122.7,0.68,0.06,-2.91,-29.1,249,251,3615,0.0354,0.017,-0.001,-0.099,-6.65,0.62,745,-41,-3128,0,0,7088,0.1119,0.028,-0.001,-0.099,-5.99,-0.05,768,-87,-5593,0,0,2694,0.033,-0.034,0.036,-0.064,-5.21,-0.82,743,471,-2128,0,0,6815,0.1094,-0.023,0.014,-0.086,-5.34,-0.7,750,-302,-5140,0,0
62.6,4,2518.7,406.03,-0.08,3072.55,91.9,-0.12,-1.39,-0.1,1.0,0.0,1.0,2,6387,172.0,0.9,0.08,-2.92,-28.74,250,250,3634,0.0358,0.021,-0.001,-0.099,-6.66,0.63,744,-38,-3144,0,0,7172,0.1125,0.029,-0.001,-0.099,-5.97,-0.06,767,-90,-5650,0,0,2644,0.0322,-0.037,-0.01,-0.09,-5.15,-0.88,776,283,-2092,0,0,6736,0.1089,-0.028,-0.03,-0.07,-5.29,-0.74,782,-722,-5042,0,0
62.62,4,2519.2,406.29,-0.08,3072.11,91.8,-0.12,-1.38,-0.1,1.0,0.0,1.0,2,6448,204.9,1.16,0.11,-2.93,-28.5,251,249,3618,0.0361,0.013,-0.001,-0.099,-6.66,0.63,742,-42,-3131,0,0,7223,0.1132,0.034,-0.001,-0.099,-6.02,-0.01,765,-86,-5691,0,0,2605,0.0315,-0.037,0.036,-0.064,-5.11,-0.92,741,463,-2041,0,0,6701,0.1086,-0.016,0.015,-0.085,-5.23,-0.81,747,-281,-5009,0,0
62.64,4,2519.7,406.55,-0.08,3071.68,91.6,-0.09,-1.37,-0.1,1.0,0.0,1.0,2,6602,243.2,1.36,0.12,-2.94,-28.44,251,249,3633,0.0363,0.011,-0.001,-0.099,-6.65,0.62,741,-40,-3143,0,0,7247,0.1138,0.032,-0.001,-0.099,-6.04,0.01,764,-91,-5709,0,0,2613,0.0308,-0.033,0.074,-0.026,-5.07,-0.97,763,1152,-1943,0,0,6678,0.1083,-0.013,0.045,-0.055,-5.2,-0.83,763,1297,-4926,0,0
62.66,4,2520.3,406.82,-0.08,3071.25,91.7,0.23,-1.34,-0.1,1.0,0.0,1.0,2,6715,266.8,1.51,0.12,-2.94,-29.19,252,249,3569,0.0365,0.007,-0.002,-0.098,-6.64,0.61,741,-69,-3090,0,0,7084,0.1141,0.016,-0.002,-0.098,-6.0,-0.04,765,-128,-5588,0,0,2779,0.0306,-0.011,0.088,-0.012,-5.09,-0.94,814,1973,-1799,0,0,6752,0.1083,-0.002,0.046,-0.054,-5.23,-0.8,806,2760,-4757,0,0
62.68,4,2520.8,407.09,-0.08,3070.82,91.9,0.32,-1.32,-0.1,1.0,0.0,1.0,2,6877,287.2,1.63,0.11,-2.94,-29.91,251,250,3483,0.0363,-0.009,-0.002,-0.098,-6.64,0.61,742,-68,-3019,0,0,6975,0.1138,-0.017,-0.002,-0.098,-6.01,-0.02,767,-121,-5514,0,0,2903,0.0311,0.024,0.114,0.014,-5.15,-0.88,791,2093,-1862,0,0,6908,0.1086,0.017,0.076,-0.024,-5.27,-0.76,784,3075,-4804,0,0
62.7,4,2521.3,407.37,-0.08,3070.39,92.1,0.41,-1.3,-0.1,0.0,0.0,1.0,2,6977,295.2,1.71,0.09,-2.93,-30.91,250,251,3426,0.036,-0.014,-0.002,-0.098,-6.65,0.62,744,-73,-2975,0,0,6826,0.1133,-0.026,-0.002,-0.098,-6.02,-0.01,769,-138,-5412,0,0,3042,0.0318,0.036,0.075,-0.025,-5.19,-0.84,826,2384,-1828,0,0,7039,0.1091,0.024,0.026,-0.074,-5.36,-0.67,817,3524,-4799,0,0
62.72,4,2521.8,407.66,-0.08,3069.96,92.4,0.47,-1.28,-0.1,0.0,0.0,1.0,2,6826,205.2,1.64,0.05,-2.91,-31.93,250,253,3369,0.0356,-0.022,-0.003,-0.097,-6.66,0.63,746,-79,-2929,0,0,6657,0.1123,-0.047,-0.002,-0.098,-6.03,0.0,772,-137,-5296,0,0,3166,0.0329,0.053,0.102,0.002,-5.34,-0.69,827,2509,-1885,0,0,7152,0.1096,0.028,0.051,-0.049,-5.46,-0.57,815,3498,-4929,0,0
62.74,4,2522.3,407.95,-0.08,3069.53,92.5,0.32,-1.34,-0.1,0.0,0.0,1.0,2,6674,-81.6,1.29,0.03,-2.9,-31.84,249,254,3361,0.0352,-0.02,-0.002,-0.098,-6.68,0.65,747,-66,-2925,0,0,6707,0.1114,-0.047,-0.002,-0.098,-6.01,-0.02,773,-107,-5334,0,0,3101,0.0338,0.048,0.074,-0.026,-5.4,-0.63,767,1886,-2181,0,0,7205,0.1101,0.021,0.038,-0.062,-5.51,-0.52,764,2146,-5304,0,0
62.76,4,2522.8,408.24,-0.08,3069.11,92.5,0.01,-1.39,-0.1,0.0,0.0,1.0,2,6363,-67.1,0.93,0.03,-2.9,-30.77,248,253,3430,0.0349,-0.013,-0.001,-0.099,-6.69,0.66,748,-44,-2983,0,0,6831,0.111,-0.018,-0.001,-0.099,-6.08,0.04,773,-67,-5432,0,0,2957,0.0342,0.016,0.029,-0.071,-5.33,-0.7,741,355,-2364,0,0,7143,0.1103,0.011,0.009,-0.091,-5.48,-0.55,751,-697,-5402,0,0
62.78,4,2523.3,408.54,-0.08,3068.69,92.3,-0.13,-1.4,-0.1,1.0,0.0,1.0,2,6259,-67.4,0.69,0.03,-2.9,-29.85,248,252,3506,0.035,0.006,-0.001,-0.099,-6.68,0.65,746,-38,-3046,0,0,6989,0.1113,0.013,-0.001,-0.099,-6.07,0.04,771,-83,-5542,0,0,2825,0.0338,-0.019,-0.009,-0.091,-5.29,-0.74,780,327,-2254,0,0,7045,0.11,-0.011,-0.03,-0.07,-5.38,-0.65,786,-720,-5301,0,0
62.8,4,2523.8,408.84,-0.08,3068.28,92.2,-0.12,-1.4,-0.1,1.0,0.0,1.0,2,6416,122.6,0.68,0.05,-2.91,-29.21,249,252,3572,0.0353,0.011,-0.001,-0.099,-6.67,0.64,745,-39,-3099,0,0,7101,0.1119,0.03,-0.001,-0.099,-6.04,0.01,769,-76,-5620,0,0,2698,0.0332,-0.032,0.037,-0.063,-5.23,-0.8,744,476,-2134,0,0,6917,0.1098,-0.014,0.015,-0.085,-5.36,-0.67,751,-297,-5211,0,0
62.82,4,2524.4,409.14,-0.08,3067.87,92.0,-0.12,-1.39,-0.1,1.0,0.0,1.0,2,6394,171.9,0.9,0.08,-2.91,-28.81,250,251,3634,0.0356,0.019,-0.001,-0.099,-6.68,0.64,744,-41,-3150,0,0,7136,0.1123,0.022,-0.001,-0.099,-6.08,0.04,768,-87,-5645,0,0,2652,0.0324,-0.036,-0.01,-0.09,-5.18,-0.85,777,282,-2100,0,0,6747,0.1091,-0.032,-0.029,-0.071,-5.27,-0.76,783,-717,-5059,0,0
62.84,4,2524.9,409.45,-0.08,3067.46,91.9,-0.12,-1.38,-0.1,1.0,0.0,1.0,2,6455,204.8,1.16,0.1,-2.92,-28.58,251,250,3625,0.0361,0.021,-0.001,-0.099,-6.7,0.67,743,-38,-3144,0,0,7188,0.1129,0.03,-0.001,-0.099,-6.06,0.03,766,-85,-5683,0,0,2613,0.0317,-0.038,0.036,-0.064,-5.13,-0.91,741,462,-2051,0,0,6673,0.1085,-0.03,0.015,-0.085,-5.26,-0.77,748,-287,-5007,0,0
62.86,4,2525.4,409.77,-0.08,3067.06,91.7,-0.09,-1.38,-0.1,1.0,0.0,1.0,2,6609,243.0,1.36,0.11,-2.93,-28.5,251,249,3608,0.0363,0.011,-0.001,-0.099,-6.7,0.66,742,-41,-3131,0,0,7193,0.1134,0.025,-0.002,-0.098,-6.06,0.03,765,-96,-5688,0,0,2638,0.0311,-0.029,0.073,-0.027,-5.08,-0.96,764,1159,-1963,0,0,6672,0.1082,-0.015,0.045,-0.055,-5.2,-0.83,764,1290,-4928,0,0
62.88,4,2525.9,410.08,-0.08,3066.66,91.8,0.23,-1.34,-0.1,1.0,0.0,1.0,2,6723,266.5,1.51,0.11,-2.94,-29.2,252,250,3510,0.0363,0.0,-0.002,-0.098,-6.7,0.67,742,-69,-3050,0,0,7033,0.1136,0.011,-0.002,-0.098,-6.07,0.04,766,-135,-5574,0,0,2792,0.0309,-0.01,0.088,-0.012,-5.1,-0.93,815,1976,-1812,0,0,6771,0.1082,0.001,0.046,-0.054,-5.24,-0.79,807,2762,-4773,0,0
62.9,4,2526.4,410.41,-0.08,3066.27,92.0,0.32,-1.32,-0.1,1.0,0.0,1.0,2,6884,286.9,1.63,0.1,-2.94,-29.88,251,251,3460,0.036,-0.014,-0.002,-0.098,-6.69,0.66,743,-66,-3010,0,0,6924,0.1133,-0.017,-0.002,-0.098,-6.05,0.02,768,-121,-5499,0,0,2919,0.0314,0.024,0.114,0.014,-5.16,-0.87,792,2097,-1878,0,0,6910,0.1087,0.021,0.075,-0.025,-5.24,-0.79,785,3070,-4810,0,0
62.92,4,2526.9,410.73,-0.08,3065.87,92.2,0.37,-1.31,-0.1,0.0,0.0,1.0,2,6818,301.3,1.71,0.07,-2.93,-30.59,250,252,3403,0.0357,-0.015,-0.002,-0.098,-6.7,0.67,744,-71,-2964,0,0,6785,0.1127,-0.029,-0.002,-0.098,-6.07,0.04,769,-130,-5403,0,0,3052,0.0321,0.037,0.084,-0.016,-5.17,-0.86,837,2128,-1998,0,0,7043,0.1091,0.023,0.044,-0.056,-5.34,-0.69,832,2736,-5010,0,0
62.94,4,2527.4,411.06,-0.08,3065.48,92.4,0.39,-1.32,-0.1,0.0,0.0,1.0,2,6775,207.1,1.64,0.05,-2.92,-31.13,249,253,3343,0.0352,-0.024,-0.002,-0.098,-6.73,0.7,746,-72,-2917,0,0,6715,0.112,-0.036,-0.002,-0.098,-6.1,0.06,771,-129,-5358,0,0,3097,0.0329,0.042,0.092,-0.008,-5.28,-0.75,820,2305,-1949,0,0,7167,0.1097,0.029,0.046,-0.054,-5.38,-0.65,811,3119,-5028,0,0
62.96,4,2527.9,411.4,-0.08,3065.09,92.6,0.3,-1.34,-0.1,0.0,0.0,1.0,2,6678,-81.7,1.29,0.03,-2.91,-31.03,248,254,3328,0.0348,-0.023,-0.002,-0.098,-6.72,0.69,747,-65,-2905,0,0,6702,0.1113,-0.036,-0.002,-0.098,-6.13,0.1,773,-110,-5355,0,0,3084,0.0337,0.038,0.074,-0.026,-5.29,-0.74,767,1894,-2150,0,0,7234,0.1102,0.025,0.038,-0.062,-5.41,-0.62,764,2210,-5277,0,0
62.98,4,2528.4,411.74,-0.08,3064.7,92.5,0.01,-1.39,-0.1,0.5,0.0,1.0,2,6362,-67.1,0.93,0.02,-2.91,-30.05,248,253,3409,0.0345,-0.015,-0.001,-0.099,-6.79,0.76,748,-45,-2976,0,0,6857,0.1109,-0.018,-0.001,-0.099,-6.12,0.09,772,-64,-5472,0,0,2930,0.034,0.014,0.029,-0.071,-5.24,-0.79,742,344,-2326,0,0,7173,0.1104,0.011,0.009,-0.091,-5.39,-0.64,751,-691,-5383,0,0
63.0,4,2529.0,412.08,-0.08,3064.32,92.3,-0.14,-1.4,-0.1,1.0,0.0,1.0,2,6362,121.9,0.85,0.03,-2.91,-29.27,248,253,3521,0.0347,0.012,-0.001,-0.099,-6.77,0.74,747,-36,-3070,0,0,7012,0.1112,0.017,-0.001,-0.099,-6.16,0.13,770,-81,-5589,0,0,2784,0.0335,-0.023,-0.009,-0.091,-5.17,-0.86,780,319,-2202,0,0,7010,0.1101,-0.018,-0.029,-0.071,-5.33,-0.7,786,-711,-5248,0,0
63.02,4,2529.5,412.43,-0.08,3063.95,92.2,-0.12,-1.39,-0.1,1.0,0.0,1.0,2,6469,178.6,1.03,0.05,-2.92,-28.8,248,252,3583,0.0351,0.018,-0.001,-0.099,-6.77,0.74,745,-38,-3122,0,0,7110,0.1118,0.03,-0.001,-0.099,-6.16,0.13,769,-81,-5658,0,0,2687,0.0328,-0.036,0.036,-0.064,-5.13,-0.9,744,472,-2107,0,0,6873,0.1096,-0.024,0.015,-0.085,-5.26,-0.77,751,-297,-5145,0,0
63.04,4,2530.0,412.78,-0.08,3063.57,92.0,-0.13,-1.39,-0.1,1.0,0.0,1.0,2,6414,223.7,1.26,0.08,-2.93,-28.53,250,251,3611,0.0354,0.015,-0.001,-0.099,-6.8,0.77,744,-39,-3146,0,0,7198,0.1125,0.031,-0.001,-0.099,-6.16,0.13,767,-87,-5723,0,0,2610,0.0321,-0.038,-0.01,-0.09,-5.09,-0.94,777,280,-2049,0,0,6780,0.1091,-0.022,-0.029,-0.071,-5.21,-0.83,783,-726,-5039,0,0
63.06,4,2530.5,413.13,-0.08,3063.21,92.0,0.08,-1.37,-0.1,1.0,0.0,1.0,2,6686,253.0,1.43,0.09,-2.94,-28.91,251,251,3570,0.0357,0.016,-0.002,-0.098,-6.79,0.76,744,-58,-3112,0,0,7153,0.1131,0.032,-0.002,-0.098,-6.12,0.09,767,-123,-5687,0,0,2676,0.0314,-0.036,0.078,-0.022,-5.08,-0.95,810,1693,-1831,0,0,6786,0.1088,-0.019,0.041,-0.059,-5.19,-0.84,804,2305,-4863,0,0
63.08,4,2531.0,413.49,-0.08,3062.84,92.2,0.3,-1.33,-0.1,1.0,0.0,1.0,2,6905,275.0,1.57,0.09,-2.94,-29.75,251,252,3490,0.0357,-0.002,-0.002,-0.098,-6.79,0.76,744,-68,-3046,0,0,7013,0.1131,0.002,-0.002,-0.098,-6.15,0.12,769,-127,-5588,0,0,2817,0.0314,0.002,0.116,0.016,-5.11,-0.92,795,2064,-1788,0,0,6889,0.1089,0.006,0.077,-0.023,-5.25,-0.78,787,3147,-4764,0,0
63.1,4,2531.5,413.86,-0.08,3062.48,92.4,0.37,-1.31,-0.1,0.0,0.0,1.0,2,6833,292.3,1.67,0.08,-2.94,-30.71,251,253,3456,0.0354,-0.012,-0.002,-0.098,-6.77,0.74,746,-71,-3021,0,0,6867,0.1127,-0.02,-0.002,-0.098,-6.21,0.18,771,-134,-5492,0,0,2945,0.0318,0.022,0.085,-0.015,-5.2,-0.83,839,2081,-1916,0,0,6964,0.1091,0.014,0.044,-0.056,-5.32,-0.71,834,2761,-4935,0,0
63.12,4,2532.0,414.22,-0.08,3062.12,92.6,0.38,-1.32,-0.1,0.0,0.0,1.0,2,6783,202.4,1.61,0.06,-2.93,-31.44,250,254,3412,0.0352,-0.012,-0.002,-0.098,-6.84,0.81,747,-73,-2986,0,0,6794,0.1123,-0.025,-0.002,-0.098,-6.17,0.14,773,-133,-5441,0,0,3031,0.0325,0.033,0.091,-0.009,-5.25,-0.78,821,2260,-1908,0,0,7090,0.1096,0.021,0.045,-0.055,-5.41,-0.62,812,3063,-4984,0,0
63.14,4,2532.5,414.6,-0.08,3061.76,92.7,0.3,-1.35,-0.1,0.0,0.0,1.0,2,6695,-81.0,1.27,0.04,-2.91,-31.54,250,255,3405,0.035,-0.011,-0.002,-0.098,-6.84,0.8,748,-66,-2981,0,0,6764,0.1117,-0.029,-0.002,-0.098,-6.17,0.14,774,-110,-5421,0,0,3037,0.0332,0.035,0.075,-0.025,-5.34,-0.69,770,1885,-2114,0,0,7125,0.1099,0.016,0.038,-0.062,-5.44,-0.59,766,2214,-5209,0,0
63.16,4,2533.1,414.97,-0.08,3061.41,92.6,0.01,-1.39,-0.1,0.0,0.0,1.0,2,6374,-67.2,0.92,0.04,-2.91,-30.69,250,254,3450,0.0347,-0.011,-0.001,-0.099,-6.85,0.82,749,-45,-3021,0,0,6885,0.1113,-0.016,-0.001,-0.099,-6.2,0.17,774,-69,-5511,0,0,2896,0.0335,0.014,0.029,-0.071,-5.32,-0.71,743,350,-2309,0,0,7076,0.1101,0.008,0.009,-0.091,-5.39,-0.64,752,-693,-5328,0,0
63.18,4,2533.6,415.35,-0.08,3061.06,92.5,-0.14,-1.4,-0.1,0.95,0.0,1.0,2,6270,-67.5,0.68,0.05,-2.91,-29.97,250,253,3540,0.035,0.012,-0.001,-0.099,-6.83,0.79,747,-37,-3095,0,0,6979,0.1116,0.013,-0.001,-0.099,-6.27,0.24,772,-80,-5583,0,0,2779,0.033,-0.021,-0.009,-0.091,-5.27,-0.76,781,326,-2211,0,0,6899,0.1096,-0.02,-0.03,-0.07,-5.38,-0.65,787,-710,-5190,0,0
63.2,4,2534.1,415.73,-0.08,3060.72,92.3,-0.12,-1.39,-0.1,1.0,0.0,1.0,2,6426,122.6,0.68,0.07,-2.91,-29.5,251,253,3580,0.0353,0.014,-0.001,-0.099,-6.88,0.84,746,-39,-3130,0,0,7066,0.1119,0.018,-0.001,-0.099,-6.17,0.14,770,-81,-5639,0,0,2690,0.0325,-0.03,0.037,-0.063,-5.22,-0.81,745,479,-2122,0,0,6771,0.1091,-0.026,0.015,-0.085,-5.32,-0.71,752,-301,-5101,0,0
63.22,4,2534.6,416.11,-0.08,3060.38,92.2,-0.13,-1.39,-0.1,1.0,0.0,1.0,2,6406,171.8,0.89,0.09,-2.92,-29.2,252,252,3597,0.0356,0.016,-0.001,-0.099,-6.86,0.83,745,-39,-3142,0,0,7137,0.1124,0.024,-0.001,-0.099,-6.25,0.22,769,-83,-5693,0,0,2648,0.0318,-0.032,-0.01,-0.09,-5.16,-0.87,778,289,-2093,0,0,6700,0.1086,-0.025,-0.03,-0.07,-5.31,-0.72,784,-724,-5025,0,0
63.24,4,2535.1,416.5,-0.08,3060.05,92.0,-0.12,-1.39,-0.1,1.0,0.0,1.0,2,6466,203.9,1.16,0.11,-2.94,-29.03,252,251,3617,0.0359,0.014,-0.001,-0.099,-6.81,0.78,744,-38,-3159,0,0,7225,0.1131,0.033,-0.001,-0.099,-6.17,0.13,767,-86,-5752,0,0,2606,0.0311,-0.035,0.037,-0.063,-5.11,-0.92,743,470,-2041,0,0,6670,0.1083,-0.016,0.015,-0.085,-5.28,-0.75,749,-291,-5004,0,0
63.26,4,2535.6,416.89,-0.08,3059.72,91.9,-0.11,-1.38,-0.1,1.0,0.0,1.0,2,6570,243.1,1.36,0.13,-2.95,-28.93,253,250,3602,0.0361,0.01,-0.001,-0.099,-6.84,0.8,743,-39,-3147,0,0,7241,0.1137,0.032,-0.001,-0.099,-6.19,0.16,766,-91,-5763,0,0,2609,0.0305,-0.031,0.081,-0.019,-5.16,-0.87,773,912,-1990,0,0,6672,0.1081,-0.009,0.057,-0.043,-5.19,-0.84,776,782,-4970,0,0
63.28,4,2536.1,417.29,-0.08,3059.39,91.9,0.17,-1.36,-0.1,1.0,0.0,1.0,2,6710,266.6,1.51,0.13,-2.96,-29.54,252,250,3534,0.0362,0.005,-0.002,-0.098,-6.79,0.76,742,-62,-3089,0,0,7164,0.1141,0.02,-0.002,-0.098,-6.16,0.13,766,-130,-5712,0,0,2730,0.0302,-0.014,0.084,-0.016,-5.14,-0.89,813,1844,-1820,0,0,6785,0.1081,0.0,0.044,-0.056,-5.25,-0.78,807,2553,-4833,0,0
63.3,4,2536.6,417.68,-0.08,3059.07,92.1,0.31,-1.34,-0.1,0.0,0.0,1.0,2,6895,286.2,1.62,0.11,-2.97,-30.3,252,251,3451,0.036,-0.01,-0.002,-0.098,-6.88,0.85,743,-69,-3020,0,0,7042,0.1141,-0.001,-0.002,-0.098,-6.21,0.18,768,-125,-5625,0,0,2881,0.0306,0.021,0.115,0.015,-5.13,-0.9,793,2089,-1845,0,0,6990,0.1087,0.03,0.076,-0.024,-5.26,-0.77,786,3118,-4864,0,0
63.32,4,2537.2,418.09,-0.08,3058.75,92.3,0.37,-1.32,-0.1,0.0,0.0,1.0,2,6802,196.2,1.57,0.09,-2.96,-31.11,252,252,3400,0.0356,-0.018,-0.002,-0.098,-6.82,0.79,745,-72,-2978,0,0,6887,0.1137,-0.017,-0.002,-0.098,-6.14,0.11,770,-128,-5506,0,0,3005,0.0313,0.033,0.084,-0.016,-5.33,-0.7,838,2099,-1973,0,0,7125,0.1094,0.034,0.044,-0.056,-5.33,-0.7,833,2751,-5067,0,0
63.34,4,2537.7,418.49,-0.08,3058.44,92.4,0.3,-1.35,-0.1,0.0,0.0,1.0,2,6667,-80.7,1.25,0.07,-2.96,-31.26,250,253,3374,0.0352,-0.02,-0.002,-0.098,-6.8,0.77,746,-66,-2958,0,0,6857,0.113,-0.035,-0.002,-0.098,-6.23,0.2,771,-116,-5499,0,0,3035,0.0322,0.043,0.045,-0.055,-5.31,-0.72,810,1898,-2102,0,0,7238,0.11,0.028,0.006,-0.094,-5.36,-0.67,807,2231,-5266,0,0
63.36,4,2538.2,418.9,-0.08,3058.13,92.4,0.04,-1.39,-0.1,0.0,0.0,1.0,2,6286,-67.7,0.9,0.06,-2.96,-30.49,251,253,3425,0.035,-0.013,-0.001,-0.099,-6.82,0.79,747,-46,-3001,0,0,6963,0.1128,-0.012,-0.001,-0.099,-6.22,0.19,771,-73,-5572,0,0,2883,0.0325,0.017,-0.018,-0.082,-5.23,-0.8,775,182,-2295,0,0,7185,0.1103,0.018,-0.036,-0.064,-5.36,-0.67,783,-1113,-5362,0,0
63.38,4,2538.7,419.31,-0.08,3057.82,92.2,-0.14,-1.4,-0.1,1.0,0.0,1.0,2,6327,-66.9,0.67,0.07,-2.97,-29.76,251,252,3509,0.0351,0.005,-0.001,-0.099,-6.85,0.82,745,-37,-3069,0,0,7094,0.1131,0.015,-0.001,-0.099,-6.3,0.27,769,-77,-5677,0,0,2739,0.0321,-0.02,0.037,-0.063,-5.2,-0.83,745,515,-2157,0,0,7050,0.1101,-0.01,0.015,-0.085,-5.33,-0.7,751,-266,-5289,0,0
63.4,4,2539.2,419.73,-0.08,3057.52,92.1,-0.13,-1.4,-0.1,1.0,0.0,1.0,2,6336,122.1,0.67,0.09,-2.97,-29.29,252,251,3574,0.0353,0.012,-0.001,-0.099,-6.82,0.79,744,-39,-3124,0,0,7155,0.1136,0.024,-0.001,-0.099,-6.17,0.14,768,-83,-5706,0,0,2673,0.0315,-0.03,-0.01,-0.09,-5.15,-0.88,777,292,-2112,0,0,6924,0.1097,-0.018,-0.029,-0.071,-5.33,-0.7,784,-741,-5170,0,0
63.42,4,2539.7,420.14,-0.08,3057.23,91.9,-0.12,-1.39,-0.1,1.0,0.0,1.0,2,6451,172.7,0.89,0.11,-2.98,-29.01,252,250,3631,0.0357,0.016,-0.001,-0.099,-6.82,0.79,743,-36,-3174,0,0,7220,0.1141,0.024,-0.001,-0.099,-6.21,0.18,766,-85,-5757,0,0,2623,0.0309,-0.029,0.037,-0.063,-5.06,-0.97,742,475,-2053,0,0,6814,0.1093,-0.022,0.015,-0.085,-5.23,-0.8,749,-287,-5085,0,0
63.44,4,2540.2,420.56,-0.08,3056.94,91.8,-0.13,-1.39,-0.1,1.0,0.0,1.0,2,6388,202.5,1.15,0.13,-2.99,-28.87,253,249,3626,0.036,0.019,-0.001,-0.099,-6.83,0.8,742,-40,-3167,0,0,7243,0.1146,0.026,-0.001,-0.099,-6.16,0.13,765,-88,-5765,0,0,2607,0.0303,-0.032,-0.01,-0.09,-5.09,-0.94,775,286,-2046,0,0,6748,0.1088,-0.025,-0.03,-0.07,-5.21,-0.82,781,-724,-5027,0,0
63.46,4,2540.7,420.98,-0.08,3056.65,91.7,0.07,-1.37,-0.1,1.0,0.0,1.0,2,6662,235.6,1.35,0.14,-2.99,-29.23,253,249,3568,0.0362,0.009,-0.002,-0.098,-6.78,0.74,741,-56,-3119,0,0,7186,0.115,0.021,-0.002,-0.098,-6.16,0.13,765,-124,-5722,0,0,2673,0.0298,-0.021,0.041,-0.059,-5.04,-0.99,804,1496,-1894,0,0,6789,0.1086,-0.009,0.007,-0.093,-5.26,-0.77,802,1718,-4962,0,0
63.48,4,2541.2,421.41,-0.08,3056.37,91.9,0.29,-1.33,-0.1,1.0,0.0,1.0,2,6888,263.3,1.51,0.13,-2.99,-30.08,253,250,3497,0.0361,-0.005,-0.002,-0.098,-6.83,0.8,742,-69,-3058,0,0,7016,0.1149,-0.006,-0.002,-0.098,-6.19,0.16,766,-130,-5596,0,0,2834,0.03,0.009,0.117,0.017,-5.07,-0.96,793,2095,-1788,0,0,6889,0.1088,0.008,0.077,-0.023,-5.19,-0.84,785,3189,-4752,0,0
63.5,4,2541.8,421.84,-0.08,3056.09,92.1,0.37,-1.31,-0.1,0.0,0.0,1.0,2,6808,284.0,1.62,0.11,-2.97,-31.04,253,251,3457,0.0359,-0.012,-0.002,-0.098,-6.79,0.76,743,-70,-3028,0,0,6865,0.1143,-0.031,-0.002,-0.098,-6.14,0.11,768,-136,-5486,0,0,2971,0.0307,0.035,0.085,-0.015,-5.22,-0.81,836,2098,-1931,0,0,6980,0.1091,0.016,0.044,-0.056,-5.35,-0.69,832,2738,-4954,0,0
63.52,4,2542.3,422.27,-0.08,3055.82,92.3,0.38,-1.32,-0.1,0.0,0.0,1.0,2,6752,198.6,1.57,0.08,-2.96,-31.7,251,252,3399,0.0356,-0.014,-0.003,-0.097,-6.81,0.78,744,-71,-2980,0,0,6771,0.1135,-0.041,-0.002,-0.098,-6.16,0.13,770,-130,-5423,0,0,3076,0.0317,0.047,0.089,-0.011,-5.33,-0.7,817,2267,-1951,0,0,7119,0.1095,0.02,0.043,-0.057,-5.42,-0.61,808,2995,-5034,0,0
63.54,4,2542.8,422.71,-0.08,3055.55,92.4,0.3,-1.35,-0.1,0.0,0.0,1.0,2,6673,-79.9,1.25,0.06,-2.94,-31.7,251,253,3398,0.0352,-0.017,-0.002,-0.098,-6.79,0.76,746,-67,-2974,0,0,6742,0.1127,-0.038,-0.002,-0.098,-6.21,0.18,772,-110,-5406,0,0,3059,0.0326,0.045,0.075,-0.025,-5.28,-0.75,767,1896,-2128,0,0,7151,0.11,0.024,0.038,-0.062,-5.47,-0.56,764,2204,-5222,0,0
63.56,4,2543.3,423.15,-0.08,3055.28,92.4,0.01,-1.39,-0.1,0.0,0.0,1.0,2,6355,-67.1,0.9,0.06,-2.94,-30.81,250,253,3451,0.035,-0.012,-0.001,-0.099,-6.78,0.75,746,-43,-3023,0,0,6893,0.1122,-0.023,-0.001,-0.099,-6.13,0.1,771,-71,-5520,0,0,2920,0.0329,0.018,0.029,-0.071,-5.34,-0.7,740,353,-2328,0,0,7116,0.1101,0.007,0.009,-0.091,-5.36,-0.67,750,-701,-5350,0,0
63.58,4,2543.8,423.59,-0.08,3055.02,92.2,-0.14,-1.4,-0.1,0.95,0.0,1.0,2,6251,-67.4,0.67,0.07,-2.93,-30.06,250,252,3549,0.0352,0.01,-0.001,-0.099,-6.81,0.78,745,-38,-3104,0,0,7003,0.1124,0.01,-0.001,-0.099,-6.24,0.21,769,-77,-5599,0,0,2797,0.0326,-0.015,-0.008,-0.092,-5.41,-0.62,779,336,-2229,0,0,6956,0.1098,-0.016,-0.029,-0.071,-5.31,-0.72,785,-714,-5218,0,0
63.6,4,2544.3,424.03,-0.08,3054.77,92.0,-0.12,-1.4,-0.1,1.0,0.0,1.0,2,6407,122.7,0.67,0.08,-2.94,-29.56,250,251,3594,0.0356,0.017,-0.001,-0.099,-6.77,0.74,744,-38,-3136,0,0,7116,0.1128,0.018,-0.002,-0.098,-6.16,0.13,768,-79,-5681,0,0,2703,0.0321,-0.025,0.037,-0.063,-5.13,-0.9,743,484,-2130,0,0,6848,0.1093,-0.025,0.015,-0.085,-5.41,-0.63,750,-297,-5163,0,0
63.62,4,2544.8,424.48,-0.08,3054.52,91.9,-0.13,-1.39,-0.1,1.0,0.0,1.0,2,6386,172.0,0.89,0.1,-2.95,-29.24,251,250,3607,0.0358,0.014,-0.002,-0.098,-6.78,0.75,743,-46,-3144,0,0,7180,0.1134,0.029,-0.001,-0.099,-6.22,0.19,767,-84,-5712,0,0,2645,0.0315,-0.033,-0.01,-0.09,-5.09,-0.94,776,289,-2087,0,0,6777,0.109,-0.018,-0.03,-0.07,-5.24,-0.79,782,-736,-5072,0,0
63.64,4,2545.3,424.92,-0.08,3054.27,91.7,-0.12,-1.39,-0.1,1.0,0.0,1.0,2,6447,203.3,1.15,0.12,-2.96,-29.03,252,249,3611,0.0361,0.013,-0.001,-0.099,-6.83,0.8,742,-39,-3147,0,0,7246,0.1139,0.027,-0.001,-0.099,-6.2,0.17,765,-80,-5769,0,0,2604,0.0308,-0.032,0.037,-0.063,-5.08,-0.95,740,471,-2037,0,0,6737,0.1086,-0.017,0.015,-0.085,-5.21,-0.82,747,-289,-5039,0,0
63.66,4,2545.8,425.37,-0.08,3054.03,91.6,-0.11,-1.38,-0.1,1.0,0.0,1.0,2,6551,242.7,1.35,0.14,-2.97,-28.96,252,249,3636,0.0364,0.014,-0.001,-0.099,-6.83,0.79,741,-40,-3166,0,0,7266,0.1145,0.032,-0.001,-0.099,-6.09,0.06,764,-88,-5768,0,0,2597,0.0302,-0.031,0.082,-0.018,-5.04,-1.0,771,913,-1975,0,0,6686,0.1084,-0.013,0.057,-0.043,-5.29,-0.75,774,790,-4979,0,0
63.68,4,2546.4,425.82,-0.08,3053.8,91.7,0.17,-1.36,-0.1,1.0,0.0,1.0,2,6689,266.8,1.51,0.14,-2.98,-29.55,253,249,3559,0.0365,0.005,-0.002,-0.098,-6.82,0.79,740,-61,-3108,0,0,7158,0.1149,0.018,-0.002,-0.098,-6.07,0.04,764,-132,-5683,0,0,2732,0.0299,-0.013,0.084,-0.016,-5.05,-0.98,811,1853,-1811,0,0,6792,0.1084,0.0,0.044,-0.056,-5.15,-0.88,804,2559,-4820,0,0
63.7,4,2546.9,426.28,-0.08,3053.57,91.8,0.31,-1.33,-0.1,0.0,0.0,1.0,2,6876,286.5,1.62,0.13,-2.97,-30.32,252,250,3470,0.0363,-0.009,-0.002,-0.098,-6.75,0.71,741,-74,-3028,0,0,7006,0.1147,-0.011,-0.002,-0.098,-6.05,0.02,766,-125,-5568,0,0,2883,0.0303,0.019,0.116,0.016,-5.24,-0.79,791,2093,-1845,0,0,6939,0.1087,0.017,0.076,-0.024,-5.21,-0.83,784,3111,-4817,0,0
63.72,4,2547.4,426.74,-0.08,3053.34,92.0,0.37,-1.31,-0.1,0.0,0.0,1.0,2,6783,196.7,1.57,0.1,-2.97,-31.14,252,251,3410,0.036,-0.016,-0.002,-0.098,-6.71,0.68,743,-70,-2974,0,0,6859,0.114,-0.033,-0.002,-0.098,-6.1,0.07,768,-128,-5475,0,0,2998,0.0311,0.039,0.085,-0.015,-5.16,-0.87,835,2106,-1956,0,0,7048,0.1092,0.022,0.044,-0.056,-5.51,-0.52,831,2733,-5034,0,0
63.74,4,2547.9,427.2,-0.08,3053.12,92.2,0.31,-1.34,-0.1,0.0,0.0,1.0,2,6648,-80.6,1.25,0.08,-2.96,-31.32,251,252,3391,0.0355,-0.024,-0.002,-0.098,-6.76,0.72,744,-66,-2963,0,0,6793,0.1133,-0.034,-0.001,-0.099,-6.23,0.2,769,-110,-5428,0,0,3018,0.0318,0.038,0.045,-0.055,-5.21,-0.82,808,1902,-2079,0,0,7111,0.1097,0.027,0.006,-0.094,-5.33,-0.7,805,2221,-5165,0,0
63.76,4,2548.4,427.66,-0.08,3052.9,92.1,0.04,-1.38,-0.1,0.0,0.0,1.0,2,6267,-67.6,0.9,0.08,-2.95,-30.55,250,251,3464,0.0353,-0.009,-0.001,-0.099,-6.87,0.84,744,-38,-3035,0,0,6910,0.1129,-0.025,-0.001,-0.099,-6.16,0.13,769,-72,-5514,0,0,2925,0.0323,0.023,-0.018,-0.082,-5.18,-0.85,772,181,-2324,0,0,7080,0.1099,0.008,-0.036,-0.064,-5.41,-0.62,781,-1106,-5298,0,0
63.78,4,2548.9,428.13,-0.08,3052.69,92.0,-0.14,-1.4,-0.1,1.0,0.0,1.0,2,6308,-66.7,0.67,0.08,-2.95,-29.85,250,250,3546,0.0355,0.01,-0.001,-0.099,-6.7,0.67,743,-40,-3088,0,0,7041,0.1131,0.011,-0.001,-0.099,-6.06,0.03,767,-79,-5598,0,0,2779,0.0321,-0.012,0.037,-0.063,-5.12,-0.91,742,520,-2186,0,0,6944,0.1096,-0.011,0.015,-0.085,-5.44,-0.59,749,-265,-5220,0,0
63.8,4,2549.4,428.59,-0.08,3052.49,91.8,-0.13,-1.39,-0.1,1.0,0.0,1.0,2,6317,122.2,0.67,0.1,-2.96,-29.33,250,250,3563,0.0357,0.009,-0.001,-0.099,-6.77,0.73,742,-41,-3102,0,0,7135,0.1134,0.017,-0.001,-0.099,-6.24,0.2,766,-69,-5671,0,0,2691,0.0316,-0.024,-0.009,-0.091,-5.27,-0.77,775,295,-2122,0,0,6874,0.1093,-0.015,-0.03,-0.07,-5.22,-0.81,782,-748,-5137,0,0
63.82,4,2549.9,429.06,-0.08,3052.28,91.6,-0.12,-1.39,-0.1,1.0,0.0,1.0,2,6432,173.0,0.89,0.11,-2.96,-29.02,251,249,3612,0.036,0.014,-0.001,-0.099,-6.75,0.72,741,-41,-3141,0,0,7188,0.1139,0.024,-0.001,-0.099,-6.06,0.03,764,-81,-5704,0,0,2641,0.031,-0.029,0.037,-0.063,-5.19,-0.85,739,478,-2064,0,0,6769,0.109,-0.019,0.015,-0.085,-5.23,-0.81,746,-297,-5053,0,0
63.84,4,2550.4,429.53,-0.08,3052.09,91.5,-0.13,-1.38,-0.1,1.0,0.0,1.0,2,6370,202.7,1.15,0.13,-2.97,-28.84,252,248,3629,0.0362,0.015,0.0,-0.1,-6.88,0.85,740,-32,-3158,0,0,7216,0.1143,0.022,-0.002,-0.098,-6.09,0.06,763,-79,-5725,0,0,2623,0.0305,-0.028,-0.01,-0.09,-4.99,-1.04,773,288,-2049,0,0,6697,0.1085,-0.021,-0.03,-0.07,-5.26,-0.78,779,-714,-4990,0,0
63.86,4,2550.9,430.0,-0.08,3051.9,91.5,0.07,-1.36,-0.1,1.0,0.0,1.0,2,6643,236.1,1.35,0.14,-2.97,-29.22,252,248,3599,0.0365,0.012,-0.002,-0.098,-6.66,0.63,739,-56,-3128,0,0,7161,0.1148,0.022,-0.001,-0.099,-6.03,0.0,763,-106,-5671,0,0,2694,0.03,-0.022,0.042,-0.058,-5.18,-0.85,802,1500,-1920,0,0,6710,0.1083,-0.012,0.007,-0.093,-5.27,-0.76,800,1716,-4897,0,0
63.88,4,2551.5,430.47,-0.08,3051.71,91.6,0.29,-1.33,-0.1,1.0,0.0,1.0,2,6869,263.9,1.51,0.13,-2.97,-30.04,251,249,3500,0.0364,-0.004,-0.003,-0.097,-6.69,0.66,740,-74,-3044,0,0,7009,0.1146,-0.008,-0.002,-0.098,-5.99,-0.04,764,-126,-5555,0,0,2857,0.0303,0.014,0.117,0.017,-5.08,-0.95,790,2108,-1805,0,0,6855,0.1085,0.01,0.077,-0.023,-5.2,-0.83,783,3177,-4733,0,0
63.9,4,2552.0,430.95,-0.08,3051.53,91.8,0.38,-1.31,-0.1,0.0,0.0,1.0,2,6787,284.7,1.62,0.11,-2.95,-30.92,250,250,3440,0.0361,-0.016,-0.001,-0.099,-6.87,0.84,741,-67,-2999,0,0,6835,0.114,-0.031,-0.002,-0.098,-6.11,0.08,766,-138,-5428,0,0,3013,0.0311,0.039,0.084,-0.016,-5.23,-0.8,834,2116,-1964,0,0,6989,0.109,0.024,0.044,-0.056,-5.38,-0.65,829,2732,-4958,0,0
63.92,4,2552.5,431.43,-0.08,3051.35,92.0,0.38,-1.31,-0.1,0.0,0.0,1.0,2,6732,199.3,1.57,0.08,-2.94,-31.54,250,251,3396,0.0357,-0.018,-0.001,-0.099,-6.67,0.64,743,-64,-2959,0,0,6757,0.1132,-0.041,-0.003,-0.097,-6.06,0.03,768,-141,-5381,0,0,3073,0.032,0.047,0.089,-0.011,-5.21,-0.82,814,2271,-1941,0,0,7095,0.1095,0.025,0.043,-0.057,-5.3,-0.73,806,3005,-4995,0,0
63.94,4,2553.0,431.91,-0.08,3051.18,92.2,0.3,-1.35,-0.1,0.0,0.0,1.0,2,6653,-79.7,1.25,0.06,-2.93,-31.48,248,252,3371,0.0354,-0.018,-0.002,-0.098,-6.65,0.62,744,-68,-2936,0,0,6735,0.1123,-0.041,-0.002,-0.098,-6.09,0.06,770,-113,-5365,0,0,3087,0.0329,0.044,0.075,-0.025,-5.28,-0.76,764,1907,-2146,0,0,7176,0.1099,0.021,0.038,-0.062,-5.33,-0.7,761,2207,-5238,0,0
63.96,4,2553.5,432.4,-0.08,3051.01,92.1,0.01,-1.39,-0.1,0.0,0.0,1.0,2,6335,-66.9,0.9,0.05,-2.92,-30.51,248,251,3439,0.035,-0.015,-0.002,-0.098,-6.68,0.65,744,-47,-2993,0,0,6862,0.1119,-0.022,-0.001,-0.099,-6.03,0.0,769,-73,-5452,0,0,2949,0.0333,0.022,0.029,-0.071,-5.22,-0.81,738,348,-2344,0,0,7136,0.1102,0.015,0.009,-0.091,-5.33,-0.71,748,-713,-5349,0,0
63.98,4,2554.0,432.88,-0.08,3050.85,92.0,-0.13,-1.39,-0.1,1.0,0.0,1.0,2,6233,-67.3,0.67,0.06,-2.92,-29.73,248,251,3521,0.0352,0.008,-0.001,-0.099,-6.64,0.61,743,-36,-3057,0,0,6967,0.112,0.006,-0.001,-0.099,-6.11,0.08,767,-89,-5526,0,0,2797,0.033,-0.016,-0.009,-0.091,-5.18,-0.85,777,327,-2206,0,0,6951,0.1098,-0.017,-0.03,-0.07,-5.28,-0.75,783,-720,-5197,0,0
64.0,4,2554.5,433.37,-0.08,3050.7,91.8,-0.12,-1.38,-0.1,1.0,0.0,1.0,2,6389,122.8,0.67,0.07,-2.92,-29.21,249,250,3570,0.0354,0.011,-0.001,-0.099,-6.62,0.59,742,-41,-3098,0,0,7085,0.1124,0.017,-0.001,-0.099,-5.99,-0.04,766,-91,-5611,0,0,2688,0.0324,-0.032,0.037,-0.063,-5.28,-0.75,741,480,-2111,0,0,6822,0.1093,-0.026,0.014,-0.086,-5.19,-0.84,747,-294,-5121,0,0
64.02,4,2555.0,433.85,-0.08,3050.54,91.7,-0.12,-1.38,-0.1,1.0,0.0,1.0,2,6368,172.2,0.89,0.09,-2.93,-28.84,249,249,3577,0.0357,0.012,-0.001,-0.099,-6.61,0.58,741,-42,-3101,0,0,7128,0.1128,0.023,-0.002,-0.098,-6.04,0.01,764,-85,-5633,0,0,2646,0.0317,-0.033,-0.009,-0.091,-5.05,-0.98,774,293,-2078,0,0,6743,0.1089,-0.022,-0.03,-0.07,-5.19,-0.84,780,-741,-5026,0,0
64.04,4,2555.5,434.34,-0.08,3050.4,91.5,-0.12,-1.37,-0.1,1.0,0.0,1.0,2,6429,203.5,1.15,0.11,-2.95,-28.62,250,248,3592,0.0359,0.011,-0.002,-0.098,-6.66,0.63,740,-37,-3116,0,0,7205,0.1133,0.027,0.0,-0.1,-6.2,0.17,763,-86,-5697,0,0,2602,0.031,-0.034,0.037,-0.063,-5.1,-0.93,738,471,-2024,0,0,6694,0.1085,-0.019,0.015,-0.085,-5.25,-0.78,745,-276,-5001,0,0
64.06,4,2556.0,434.83,-0.08,3050.26,91.4,-0.11,-1.37,-0.1,1.0,0.0,1.0,2,6534,243.0,1.35,0.13,-2.95,-28.53,250,247,3616,0.0361,0.012,0.0,-0.1,-6.83,0.8,739,-32,-3137,0,0,7210,0.1139,0.029,-0.002,-0.098,-5.97,-0.06,761,-106,-5689,0,0,2607,0.0304,-0.031,0.081,-0.019,-5.03,-1.0,768,919,-1978,0,0,6638,0.1082,-0.014,0.059,-0.041,-5.44,-0.59,772,820,-4920,0,0
64.08,4,2556.6,435.32,-0.08,3050.12,91.4,0.18,-1.34,-0.1,1.0,0.0,1.0,2,6670,267.4,1.51,0.13,-2.96,-29.11,250,248,3533,0.0362,0.005,-0.002,-0.098,-6.75,0.72,738,-61,-3071,0,0,7077,0.1142,0.012,-0.003,-0.097,-6.01,-0.02,762,-140,-5584,0,0,2752,0.0302,-0.011,0.083,-0.017,-4.95,-1.08,808,1871,-1810,0,0,6728,0.1081,-0.005,0.044,-0.056,-5.06,-0.97,802,2557,-4748,0,0
64.1,4,2557.1,435.81,-0.08,3049.99,91.6,0.31,-1.31,-0.1,1.0,0.0,1.0,2,6855,287.2,1.62,0.11,-2.95,-29.89,249,248,3451,0.036,-0.01,-0.002,-0.098,-6.69,0.66,740,-70,-2997,0,0,6975,0.1138,-0.016,-0.002,-0.098,-5.94,-0.1,764,-120,-5531,0,0,2876,0.0306,0.021,0.117,0.017,-5.37,-0.66,788,2094,-1830,0,0,6880,0.1084,0.015,0.076,-0.024,-5.12,-0.91,781,3097,-4754,0,0
64.12,4,2557.6,436.3,-0.08,3049.87,91.8,0.41,-1.29,-0.1,0.0,0.0,1.0,2,6950,295.7,1.71,0.09,-2.95,-30.91,249,250,3396,0.0357,-0.018,-0.003,-0.097,-6.66,0.63,741,-73,-2952,0,0,6842,0.1133,-0.024,-0.003,-0.097,-5.93,-0.1,766,-136,-5438,0,0,3015,0.0313,0.036,0.075,-0.025,-5.07,-0.96,823,2382,-1789,0,0,7045,0.109,0.031,0.026,-0.074,-5.38,-0.65,813,3545,-4781,0,0
64.14,4,2558.1,436.8,-0.08,3049.75,92.1,0.47,-1.28,-0.1,0.0,0.0,1.0,2,6797,205.9,1.64,0.06,-2.93,-31.97,247,251,3346,0.0352,-0.022,-0.003,-0.097,-6.62,0.59,743,-85,-2907,0,0,6713,0.1125,-0.04,-0.002,-0.098,-5.93,-0.1,769,-131,-5341,0,0,3137,0.0324,0.052,0.102,0.002,-5.27,-0.76,823,2498,-1854,0,0,7200,0.1097,0.034,0.051,-0.049,-5.32,-0.71,811,3521,-4935,0,0
64.16,4,2558.6,437.3,-0.08,3049.63,92.2,0.32,-1.34,-0.1,0.0,0.0,1.0,2,6645,-81.3,1.29,0.03,-2.92,-31.86,246,252,3330,0.0348,-0.022,-0.002,-0.098,-6.72,0.69,744,-59,-2901,0,0,6698,0.1116,-0.046,-0.002,-0.098,-5.94,-0.09,770,-125,-5328,0,0,3117,0.0334,0.05,0.073,-0.027,-5.4,-0.64,763,1894,-2181,0,0,7264,0.1102,0.026,0.037,-0.063,-5.35,-0.68,761,2131,-5318,0,0
64.18,4,2559.1,437.8,-0.08,3049.52,92.2,0.01,-1.39,-0.1,0.0,0.0,1.0,2,6340,-67.0,0.93,0.03,-2.92,-30.79,246,252,3431,0.0346,-0.011,-0.001,-0.099,-6.59,0.56,745,-53,-2984,0,0,6836,0.1112,-0.024,0.0,-0.1,-6.2,0.17,770,-36,-5441,0,0,2957,0.0338,0.022,0.029,-0.071,-5.33,-0.71,739,355,-2351,0,0,7160,0.1104,0.009,0.009,-0.091,-5.41,-0.62,748,-705,-5383,0,0
64.2,4,2559.6,438.3,-0.08,3049.41,92.0,-0.13,-1.4,-0.1,1.0,0.0,1.0,2,6235,-67.3,0.69,0.04,-2.91,-29.95,246,251,3545,0.0348,0.013,0.001,-0.099,-6.93,0.9,743,-30,-3086,0,0,6983,0.1114,0.014,-0.001,-0.099,-6.11,0.07,768,-76,-5537,0,0,2803,0.0334,-0.02,-0.007,-0.093,-5.18,-0.85,777,342,-2226,0,0,6979,0.11,-0.02,-0.03,-0.07,-5.35,-0.68,783,-710,-5241,0,0
64.22,4,2560.1,438.8,-0.08,3049.31,91.9,-0.12,-1.39,-0.1,1.0,0.0,1.0,2,6391,122.8,0.68,0.06,-2.91,-29.41,247,250,3618,0.0352,0.021,-0.001,-0.099,-6.76,0.73,742,-35,-3141,0,0,7071,0.1119,0.022,-0.002,-0.098,-5.95,-0.08,766,-90,-5584,0,0,2704,0.0328,-0.031,0.038,-0.062,-5.31,-0.72,741,489,-2136,0,0,6805,0.1094,-0.03,0.015,-0.085,-5.38,-0.65,748,-290,-5106,0,0
64.24,4,2560.6,439.3,-0.08,3049.22,91.7,-0.12,-1.39,-0.1,1.0,0.0,1.0,2,6370,172.2,0.9,0.08,-2.92,-29.07,248,249,3651,0.0357,0.022,-0.001,-0.099,-6.73,0.7,741,-40,-3167,0,0,7191,0.1124,0.028,-0.002,-0.098,-5.93,-0.1,764,-86,-5689,0,0,2639,0.0321,-0.034,-0.009,-0.091,-5.33,-0.7,774,293,-2085,0,0,6727,0.1089,-0.028,-0.03,-0.07,-5.18,-0.85,780,-735,-5018,0,0
64.26,4,2561.1,439.8,-0.08,3049.13,91.6,-0.12,-1.38,-0.1,1.0,0.0,1.0,2,6431,205.1,1.16,0.11,-2.93,-28.86,249,248,3669,0.0361,0.021,-0.002,-0.098,-6.58,0.55,740,-44,-3179,0,0,7226,0.1131,0.033,-0.001,-0.099,-6.06,0.03,763,-62,-5705,0,0,2625,0.0314,-0.034,0.038,-0.062,-5.23,-0.8,738,473,-2053,0,0,6662,0.1084,-0.022,0.014,-0.086,-5.16,-0.87,745,-293,-4987,0,0
64.28,4,2561.7,440.3,-0.08,3049.05,91.4,-0.11,-1.38,-0.1,1.0,0.0,1.0,2,6537,244.2,1.36,0.13,-2.93,-28.8,250,248,3688,0.0365,0.021,-0.001,-0.099,-6.7,0.66,739,-44,-3194,0,0,7229,0.1138,0.032,-0.002,-0.098,-5.94,-0.09,762,-94,-5677,0,0,2631,0.0308,-0.029,0.081,-0.019,-5.03,-1.0,769,923,-1998,0,0,6598,0.1081,-0.018,0.057,-0.043,-5.28,-0.75,772,800,-4909,0,0
64.3,4,2562.2,440.8,-0.08,3048.97,91.5,0.18,-1.35,-0.1,1.0,0.0,1.0,2,6676,268.1,1.51,0.13,-2.94,-29.4,250,248,3558,0.0367,0.007,-0.002,-0.098,-6.61,0.58,739,-68,-3074,0,0,7139,0.1142,0.02,-0.002,-0.098,-5.87,-0.16,763,-151,-5609,0,0,2736,0.0305,-0.015,0.084,-0.016,-5.11,-0.92,809,1868,-1808,0,0,6730,0.108,-0.003,0.044,-0.056,-5.11,-0.92,803,2561,-4767,0,0
64.32,4,2562.7,441.31,-0.08,3048.9,91.6,0.31,-1.32,-0.1,1.0,0.0,1.0,2,6859,287.7,1.63,0.12,-2.94,-30.13,250,249,3476,0.0364,-0.013,-0.003,-0.097,-6.54,0.51,740,-71,-3006,0,0,6994,0.114,-0.01,0.0,-0.1,-6.22,0.19,764,-115,-5526,0,0,2883,0.0309,0.019,0.115,0.015,-5.11,-0.92,789,2098,-1834,0,0,6889,0.1085,0.022,0.076,-0.024,-5.14,-0.89,782,3105,-4761,0,0
64.34,4,2563.2,441.81,-0.08,3048.83,91.9,0.41,-1.29,-0.1,0.0,0.0,1.0,2,6956,296.0,1.71,0.09,-2.93,-31.16,249,250,3430,0.0361,-0.016,-0.002,-0.098,-6.5,0.47,741,-73,-2966,0,0,6816,0.1134,-0.026,-0.002,-0.098,-6.07,0.04,766,-116,-5398,0,0,3030,0.0316,0.033,0.076,-0.024,-5.31,-0.72,824,2377,-1822,0,0,6995,0.1089,0.024,0.026,-0.074,-5.32,-0.71,814,3516,-4746,0,0
64.36,4,2563.7,442.32,-0.08,3048.76,92.1,0.47,-1.28,-0.1,0.0,0.0,1.0,2,6807,205.8,1.64,0.06,-2.91,-32.24,248,251,3390,0.0357,-0.017,-0.003,-0.097,-6.61,0.58,743,-87,-2937,0,0,6673,0.1125,-0.048,-0.001,-0.099,-6.19,0.16,769,-126,-5296,0,0,3152,0.0327,0.055,0.103,0.003,-5.38,-0.65,825,2508,-1870,0,0,7104,0.1094,0.024,0.051,-0.049,-5.37,-0.66,812,3499,-4878,0,0
64.38,4,2564.2,442.83,-0.08,3048.71,92.3,0.32,-1.33,-0.1,0.0,0.0,1.0,2,6650,-81.4,1.29,0.04,-2.9,-32.16,248,252,3359,0.0353,-0.021,-0.002,-0.098,-6.67,0.64,745,-59,-2911,0,0,6685,0.1115,-0.048,-0.002,-0.098,-6.02,-0.01,771,-104,-5311,0,0,3104,0.0336,0.049,0.073,-0.027,-5.32,-0.71,764,1888,-2179,0,0,7161,0.1098,0.022,0.037,-0.063,-5.54,-0.49,762,2132,-5283,0,0
64.4,4,2564.7,443.34,-0.08,3048.65,92.2,0.01,-1.39,-0.1,0.0,0.0,1.0,2,6343,-67.0,0.93,0.03,-2.9,-31.07,247,252,3433,0.035,-0.015,-0.002,-0.098,-6.51,0.47,745,-45,-2977,0,0,6821,0.1111,-0.022,0.0,-0.1,-6.1,0.06,770,-48,-5413,0,0,2954,0.034,0.017,0.03,-0.07,-5.49,-0.54,739,364,-2367,0,0,7095,0.1101,0.011,0.009,-0.091,-5.55,-0.48,748,-669,-5385,0,0
64.42,4,2565.2,443.85,-0.08,3048.61,92.1,-0.13,-1.4,-0.1,0.71,0.0,1.0,2,6238,-67.3,0.69,0.04,-2.9,-30.16,248,251,3514,0.0352,0.007,-0.001,-0.099,-6.5,0.47,744,-44,-3032,0,0,6972,0.1113,0.012,-0.001,-0.099,-5.9,-0.13,769,-89,-5496,0,0,2790,0.0336,-0.021,-0.009,-0.091,-5.29,-0.74,777,332,-2226,0,0,6944,0.1097,-0.016,-0.03,-0.07,-5.35,-0.68,784,-719,-5241,0,0
64.44,4,2565.7,444.36,-0.08,3048.56,91.9,-0.12,-1.39,-0.1,1.0,0.0,1.0,2,6395,122.8,0.68,0.06,-2.91,-29.49,248,250,3566,0.0354,0.011,-0.002,-0.098,-6.57,0.54,743,-27,-3088,0,0,7085,0.1118,0.023,0.002,-0.098,-6.36,0.33,766,-44,-5605,0,0,2704,0.0329,-0.034,0.038,-0.062,-5.14,-0.89,741,478,-2136,0,0,6845,0.1093,-0.022,0.013,-0.087,-5.34,-0.69,748,-285,-5202,0,0
64.46,4,2566.3,444.87,-0.08,3048.53,91.8,-0.13,-1.39,-0.1,1.0,0.0,1.0,2,6373,172.2,0.9,0.08,-2.92,-29.03,249,249,3621,0.0357,0.016,-0.001,-0.099,-6.48,0.45,741,-35,-3133,0,0,7157,0.1124,0.031,-0.002,-0.098,-5.96,-0.07,765,-82,-5633,0,0,2654,0.0322,-0.035,-0.01,-0.09,-5.26,-0.77,774,290,-2107,0,0,6749,0.1089,-0.02,-0.028,-0.072,-5.5,-0.53,781,-705,-5082,0,0
64.48,4,2566.8,445.37,-0.08,3048.5,91.6,-0.12,-1.38,-0.1,1.0,0.0,1.0,2,6434,205.1,1.16,0.1,-2.93,-28.75,250,249,3636,0.036,0.017,-0.002,-0.098,-6.49,0.46,741,-57,-3134,0,0,7215,0.113,0.032,-0.001,-0.099,-6.11,0.08,763,-18,-5693,0,0,2612,0.0315,-0.035,0.038,-0.062,-5.28,-0.75,739,468,-2052,0,0,6680,0.1085,-0.021,0.016,-0.084,-5.18,-0.86,745,-261,-5009,0,0
64.5,4,2567.3,445.88,-0.08,3048.47,91.5,-0.09,-1.37,-0.1,1.0,0.0,1.0,2,6586,243.4,1.36,0.12,-2.94,-28.66,251,248,3644,0.0364,0.016,-0.001,-0.099,-6.69,0.66,739,-35,-3150,0,0,7211,0.1136,0.03,-0.001,-0.099,-5.98,-0.05,763,-92,-5656,0,0,2618,0.0308,-0.033,0.074,-0.026,-4.99,-1.04,761,1153,-1947,0,0,6617,0.1081,-0.019,0.044,-0.056,-5.26,-0.77,762,1270,-4901,0,0
64.52,4,2567.8,446.39,-0.08,3048.45,91.6,0.23,-1.34,-0.1,1.0,0.0,1.0,2,6704,267.1,1.51,0.12,-2.94,-29.4,250,248,3549,0.0365,0.006,-0.003,-0.097,-6.44,0.41,740,-82,-3059,0,0,7082,0.1139,0.014,-0.001,-0.099,-6.06,0.03,764,-114,-5571,0,0,2779,0.0306,-0.012,0.089,-0.011,-5.02,-1.02,813,1980,-1800,0,0,6737,0.108,-0.003,0.046,-0.054,-5.27,-0.76,805,2770,-4761,0,0
64.54,4,2568.3,446.9,-0.08,3048.44,91.7,0.32,-1.31,-0.1,1.0,0.0,1.0,2,6864,287.6,1.63,0.11,-2.94,-30.06,251,249,3458,0.0362,-0.014,-0.003,-0.097,-6.54,0.51,741,-73,-2983,0,0,6939,0.1136,-0.016,-0.002,-0.098,-5.82,-0.21,765,-126,-5454,0,0,2893,0.0311,0.023,0.115,0.015,-5.06,-0.97,789,2099,-1847,0,0,6872,0.1085,0.021,0.076,-0.024,-5.38,-0.65,783,3058,-4795,0,0
64.56,4,2568.8,447.41,-0.08,3048.43,91.9,0.37,-1.3,-0.1,0.0,0.0,1.0,2,6799,302.0,1.71,0.09,-2.93,-30.77,250,250,3401,0.0358,-0.02,-0.002,-0.098,-6.63,0.6,742,-75,-2946,0,0,6821,0.1131,-0.027,-0.002,-0.098,-6.0,-0.03,767,-137,-5385,0,0,3009,0.0317,0.031,0.087,-0.013,-5.53,-0.5,834,2110,-1973,0,0,7006,0.1089,0.024,0.044,-0.056,-5.26,-0.77,830,2742,-4993,0,0
64.58,4,2569.3,447.92,-0.08,3048.42,92.2,0.39,-1.31,-0.1,0.0,0.0,1.0,2,6759,207.7,1.64,0.06,-2.92,-31.34,249,252,3382,0.0354,-0.018,-0.003,-0.097,-6.46,0.43,743,-82,-2923,0,0,6732,0.1124,-0.035,0.0,-0.1,-5.85,-0.19,769,-108,-5323,0,0,3082,0.0325,0.04,0.094,-0.006,-5.44,-0.59,818,2297,-1951,0,0,7090,0.1094,0.024,0.048,-0.052,-5.61,-0.42,809,3121,-4986,0,0
64.6,4,2569.8,448.43,-0.08,3048.42,92.3,0.31,-1.34,-0.1,0.0,0.0,1.0,2,6659,-81.5,1.29,0.04,-2.91,-31.23,247,252,3348,0.0351,-0.02,-0.003,-0.097,-6.59,0.56,745,-90,-2899,0,0,6731,0.1116,-0.04,-0.001,-0.099,-5.84,-0.19,771,-86,-5319,0,0,3080,0.0334,0.044,0.074,-0.026,-5.29,-0.74,765,1893,-2151,0,0,7188,0.1099,0.024,0.038,-0.062,-5.5,-0.53,762,2208,-5287,0,0
64.62,4,2570.3,448.95,-0.08,3048.43,92.2,0.02,-1.39,-0.1,0.0,0.0,1.0,2,6340,-67.0,0.93,0.03,-2.91,-30.2,247,252,3428,0.0348,-0.014,0.003,-0.097,-6.93,0.9,745,-10,-2974,0,0,6853,0.1112,-0.02,-0.002,-0.098,-5.87,-0.16,769,-73,-5427,0,0,2931,0.0338,0.019,0.031,-0.069,-5.52,-0.51,739,368,-2348,0,0,7116,0.1102,0.013,0.008,-0.092,-5.38,-0.65,748,-723,-5353,0,0
64.64,4,2570.8,449.46,-0.08,3048.44,92.1,-0.13,-1.39,-0.1,1.0,0.0,1.0,2,6237,-67.3,0.69,0.04,-2.91,-29.33,248,251,3513,0.0349,0.008,-0.002,-0.098,-6.49,0.46,744,-44,-3042,0,0,6997,0.1115,0.014,-0.002,-0.098,-5.88,-0.15,768,-121,-5515,0,0,2778,0.0333,-0.022,-0.008,-0.092,-5.12,-0.91,777,339,-2209,0,0,6964,0.1098,-0.017,-0.029,-0.071,-5.25,-0.78,783,-697,-5233,0,0
64.66,4,2571.4,449.97,-0.08,3048.46,91.9,-0.12,-1.38,-0.1,1.0,0.0,1.0,2,6394,122.8,0.68,0.06,-2.92,-28.78,248,250,3570,0.0352,0.014,-0.002,-0.098,-6.56,0.53,743,-38,-3084,0,0,7086,0.1119,0.022,-0.002,-0.098,-6.03,0.0,766,-62,-5594,0,0,2676,0.0326,-0.034,0.038,-0.062,-5.29,-0.74,742,474,-2099,0,0,6814,0.1093,-0.026,0.015,-0.085,-5.3,-0.73,748,-290,-5113,0,0
64.68,4,2571.9,450.48,-0.08,3048.48,91.8,-0.12,-1.38,-0.1,1.0,0.0,1.0,2,6375,172.2,0.9,0.08,-2.92,-28.41,249,250,3612,0.0355,0.017,-0.002,-0.098,-6.61,0.58,742,-32,-3123,0,0,7149,0.1124,0.028,-0.002,-0.098,-5.98,-0.05,765,-103,-5630,0,0,2641,0.0319,-0.036,-0.01,-0.09,-5.2,-0.83,775,281,-2086,0,0,6719,0.1088,-0.025,-0.029,-0.071,-5.33,-0.7,781,-719,-5014,0,0
64.7,4,2572.4,450.99,-0.08,3048.51,91.6,-0.12,-1.37,-0.1,1.0,0.0,1.0,2,6435,205.1,1.16,0.1,-2.93,-28.2,250,249,3625,0.0359,0.017,0.0,-0.1,-6.72,0.69,741,-35,-3127,0,0,7179,0.113,0.028,-0.002,-0.098,-5.87,-0.16,763,-83,-5637,0,0,2619,0.0313,-0.032,0.036,-0.064,-5.0,-1.03,739,457,-2038,0,0,6645,0.1084,-0.022,0.014,-0.086,-5.2,-0.84,745,-219,-4968,0,0
64.72,4,2572.9,451.49,-0.08,3048.54,91.5,-0.11,-1.37,-0.1,1.0,0.0,1.0,2,6539,244.2,1.36,0.12,-2.94,-28.08,250,248,3637,0.0362,0.015,-0.001,-0.099,-6.71,0.68,740,-38,-3146,0,0,7220,0.1135,0.026,-0.002,-0.098,-5.89,-0.14,762,-98,-5676,0,0,2615,0.0307,-0.029,0.08,-0.02,-4.92,-1.11,769,915,-1974,0,0,6611,0.108,-0.018,0.06,-0.04,-5.41,-0.62,772,822,-4914,0,0
64.74,4,2573.4,452.0,-0.08,3048.58,91.6,0.2,-1.33,-0.1,1.0,0.0,1.0,2,6716,266.7,1.51,0.12,-2.94,-28.78,250,248,3540,0.0363,0.006,-0.001,-0.099,-6.74,0.71,740,-52,-3065,0,0,7072,0.1139,0.017,-0.003,-0.097,-5.96,-0.07,763,-103,-5558,0,0,2771,0.0304,-0.013,0.09,-0.01,-5.05,-0.98,814,1987,-1776,0,0,6717,0.108,-0.002,0.048,-0.052,-5.07,-0.96,806,2856,-4676,0,0
64.76,4,2573.9,452.51,-0.08,3048.63,91.7,0.32,-1.31,-0.1,1.0,0.0,1.0,2,6855,287.9,1.63,0.11,-2.94,-29.52,249,249,3464,0.0361,-0.01,-0.003,-0.097,-6.52,0.48,741,-80,-3001,0,0,6938,0.1135,-0.018,-0.002,-0.098,-5.88,-0.15,765,-127,-5466,0,0,2928,0.031,0.028,0.113,0.013,-5.1,-0.93,788,2111,-1868,0,0,6887,0.1084,0.021,0.077,-0.023,-5.43,-0.6,781,3078,-4796,0,0
64.78,4,2574.4,453.02,-0.08,3048.67,92.0,0.41,-1.3,-0.1,0.0,0.0,1.0,2,6953,296.1,1.71,0.08,-2.93,-30.39,248,251,3388,0.0357,-0.02,-0.003,-0.097,-6.53,0.5,742,-69,-2939,0,0,6793,0.1129,-0.028,-0.003,-0.097,-5.96,-0.07,767,-137,-5379,0,0,3085,0.0318,0.043,0.072,-0.028,-5.05,-0.98,823,2409,-1851,0,0,7092,0.1091,0.035,0.026,-0.074,-5.45,-0.58,814,3535,-4831,0,0
64.8,4,2574.9,453.53,-0.08,3048.73,92.2,0.47,-1.28,-0.1,0.0,0.0,1.0,2,6798,206.1,1.64,0.05,-2.91,-31.37,247,252,3376,0.0353,-0.022,-0.004,-0.096,-6.58,0.55,744,-94,-2932,0,0,6645,0.112,-0.045,-0.002,-0.098,-5.88,-0.15,769,-130,-5282,0,0,3197,0.033,0.058,0.1,0.0,-5.12,-0.91,823,2524,-1903,0,0,7194,0.1098,0.035,0.049,-0.051,-5.36,-0.67,811,3492,-4918,0,0
64.82,4,2575.4,454.04,-0.08,3048.79,92.4,0.32,-1.34,-0.1,0.0,0.0,1.0,2,6650,-81.4,1.29,0.02,-2.9,-31.24,246,253,3344,0.0349,-0.019,-0.003,-0.097,-6.6,0.56,745,-45,-2915,0,0,6666,0.1111,-0.049,-0.001,-0.099,-6.13,0.09,771,-65,-5318,0,0,3126,0.0341,0.052,0.071,-0.029,-5.21,-0.82,764,1895,-2171,0,0,7237,0.1102,0.022,0.037,-0.063,-5.28,-0.76,762,2122,-5269,0,0
64.84,4,2576.0,454.55,-0.08,3048.85,92.3,0.01,-1.39,-0.1,0.0,0.0,1.0,2,6348,-67.0,0.93,0.02,-2.89,-30.2,246,253,3419,0.0346,-0.013,0.0,-0.1,-6.79,0.76,746,-40,-2976,0,0,6818,0.1107,-0.019,0.0,-0.1,-6.1,0.07,771,-70,-5419,0,0,2956,0.0343,0.014,0.029,-0.071,-5.1,-0.93,739,351,-2334,0,0,7152,0.1104,0.007,0.008,-0.092,-5.29,-0.74,749,-705,-5369,0,0
64.86,4,2576.5,455.05,-0.08,3048.92,92.2,-0.14,-1.39,-0.1,1.0,0.0,1.0,2,6244,-67.3,0.69,0.03,-2.9,-29.37,246,252,3510,0.0348,0.009,0.0,-0.1,-6.86,0.83,745,-28,-3049,0,0,6954,0.1109,0.013,-0.001,-0.099,-6.12,0.08,768,-73,-5516,0,0,2798,0.0339,-0.023,-0.01,-0.09,-5.09,-0.94,778,311,-2198,0,0,6977,0.11,-0.019,-0.03,-0.07,-5.33,-0.7,784,-675,-5224,0,0
64.88,4,2577.0,455.56,-0.08,3049.0,92.0,-0.12,-1.38,-0.1,1.0,0.0,1.0,2,6400,122.8,0.68,0.05,-2.9,-28.85,247,251,3575,0.0351,0.014,-0.002,-0.098,-6.6,0.57,744,-65,-3097,0,0,7049,0.1113,0.021,-0.002,-0.098,-6.0,-0.03,767,-91,-5589,0,0,2699,0.0332,-0.034,0.036,-0.064,-5.07,-0.96,742,479,-2109,0,0,6822,0.1094,-0.028,0.018,-0.082,-5.49,-0.54,749,-242,-5093,0,0
64.9,4,2577.5,456.06,-0.08,3049.08,91.9,-0.13,-1.38,-0.1,1.0,0.0,1.0,2,6378,172.1,0.9,0.07,-2.91,-28.55,248,250,3601,0.0354,0.018,-0.001,-0.099,-6.72,0.69,743,-28,-3119,0,0,7113,0.1119,0.027,-0.002,-0.098,-5.97,-0.06,765,-97,-5624,0,0,2645,0.0324,-0.038,-0.01,-0.09,-5.13,-0.9,775,281,-2078,0,0,6709,0.1089,-0.029,-0.031,-0.069,-5.12,-0.92,781,-755,-4971,0,0
64.92,4,2578.0,456.56,-0.08,3049.16,91.7,-0.12,-1.37,-0.1,1.0,0.0,1.0,2,6437,205.0,1.16,0.09,-2.91,-28.36,249,249,3621,0.0358,0.017,-0.002,-0.098,-6.72,0.69,741,-54,-3137,0,0,7153,0.1124,0.026,0.002,-0.098,-6.33,0.3,764,-38,-5661,0,0,2624,0.0317,-0.035,0.039,-0.061,-5.28,-0.75,739,487,-2048,0,0,6628,0.1084,-0.025,0.015,-0.085,-5.19,-0.85,746,-311,-4913,0,0
64.94,4,2578.5,457.06,-0.08,3049.25,91.6,-0.09,-1.37,-0.1,1.0,0.0,1.0,2,6593,243.3,1.36,0.11,-2.92,-28.37,249,248,3624,0.0361,0.015,-0.002,-0.098,-6.61,0.58,740,-42,-3145,0,0,7193,0.113,0.028,-0.001,-0.099,-6.11,0.08,763,-126,-5697,0,0,2623,0.0311,-0.032,0.073,-0.027,-5.01,-1.02,762,1159,-1935,0,0,6603,0.108,-0.019,0.044,-0.056,-5.12,-0.91,762,1300,-4846,0,0
64.96,4,2579.0,457.56,-0.08,3049.35,91.7,0.23,-1.33,-0.1,1.0,0.0,1.0,2,6704,267.1,1.51,0.11,-2.93,-29.17,249,249,3514,0.0361,0.003,0.001,-0.099,-6.95,0.92,740,-48,-3058,0,0,7066,0.1133,0.018,-0.002,-0.098,-6.05,0.02,764,-150,-5587,0,0,2777,0.0308,-0.012,0.088,-0.012,-4.85,-1.18,813,1996,-1769,0,0,6752,0.108,0.003,0.046,-0.054,-4.99,-1.04,805,2783,-4705,0,0
64.98,4,2579.5,458.06,-0.08,3049.45,91.8,0.32,-1.31,-0.1,1.0,0.0,1.0,2,6865,287.6,1.63,0.1,-2.93,-29.93,249,250,3445,0.0359,-0.014,-0.003,-0.097,-6.61,0.58,742,-82,-2993,0,0,6933,0.113,-0.014,-0.003,-0.097,-6.07,0.04,766,-155,-5502,0,0,2902,0.0313,0.022,0.114,0.014,-5.11,-0.92,789,2100,-1842,0,0,6885,0.1085,0.022,0.074,-0.026,-5.07,-0.96,783,3066,-4737,0,0
65.0,4,2580.0,458.56,-0.08,3049.56,92.1,0.41,-1.29,-0.1,0.0,0.0,1.0,2,6963,295.7,1.71,0.07,-2.92,-30.95,248,251,3397,0.0355,-0.017,-0.004,-0.096,-6.71,0.68,742,-83,-2963,0,0,6777,0.1125,-0.027,-0.003,-0.097,-6.04,0.01,768,-134,-5395,0,0,3048,0.032,0.034,0.074,-0.026,-5.2,-0.84,825,2391,-1823,0,0,7014,0.109,0.025,0.024,-0.076,-5.16,-0.87,815,3523,-4732,0,0
65.02,4,2580.5,459.07,-0.08,3049.67,92.3,0.46,-1.28,-0.1,0.0,0.0,1.0,2,6810,205.7,1.64,0.04,-2.9,-32.0,247,253,3345,0.0351,-0.019,-0.002,-0.098,-6.6,0.57,744,-69,-2915,0,0,6649,0.1116,-0.046,0.001,-0.099,-6.28,0.25,771,-57,-5314,0,0,3160,0.0331,0.055,0.1,0.0,-5.17,-0.86,825,2513,-1866,0,0,7142,0.1095,0.027,0.051,-0.049,-5.47,-0.56,813,3475,-4906,0,0
65.04,4,2581.1,459.57,-0.08,3049.79,92.5,0.32,-1.34,-0.1,0.0,0.0,1.0,2,6658,-81.5,1.29,0.02,-2.89,-31.87,246,253,3334,0.0347,-0.024,-0.003,-0.097,-6.78,0.75,746,-67,-2914,0,0,6661,0.1107,-0.043,-0.001,-0.099,-5.96,-0.07,772,-110,-5319,0,0,3136,0.034,0.049,0.074,-0.026,-5.45,-0.58,765,1901,-2202,0,0,7234,0.1101,0.03,0.036,-0.064,-5.43,-0.6,763,2097,-5291,0,0
65.06,4,2581.6,460.06,-0.08,3049.91,92.4,0.01,-1.39,-0.1,0.0,0.0,1.0,2,6354,-67.1,0.93,0.01,-2.89,-30.8,246,253,3398,0.0344,-0.013,0.0,-0.1,-6.91,0.87,746,-45,-2968,0,0,6818,0.1104,-0.019,0.0,-0.1,-6.2,0.17,772,-75,-5433,0,0,2955,0.0344,0.018,0.028,-0.072,-5.18,-0.86,740,337,-2335,0,0,7167,0.1103,0.012,0.008,-0.092,-5.42,-0.62,749,-686,-5412,0,0
65.08,4,2582.1,460.56,-0.08,3050.04,92.3,-0.14,-1.4,-0.1,1.0,0.0,1.0,2,6249,-67.4,0.69,0.02,-2.9,-29.93,246,252,3492,0.0345,0.007,0.0,-0.1,-6.83,0.8,746,-35,-3044,0,0,6979,0.1107,0.016,-0.003,-0.097,-6.03,0.0,769,-73,-5564,0,0,2789,0.0339,-0.024,-0.01,-0.09,-5.15,-0.88,778,322,-2197,0,0,7011,0.11,-0.015,-0.031,-0.069,-5.29,-0.74,785,-720,-5265,0,0
65.1,4,2582.6,461.06,-0.08,3050.17,92.1,-0.12,-1.39,-0.1,1.0,0.0,1.0,2,6407,122.7,0.68,0.04,-2.9,-29.36,247,251,3558,0.0348,0.015,-0.001,-0.099,-6.84,0.81,744,-44,-3098,0,0,7060,0.1112,0.025,-0.004,-0.096,-6.07,0.04,767,-92,-5612,0,0,2697,0.0332,-0.036,0.037,-0.063,-5.0,-1.03,743,487,-2115,0,0,6857,0.1095,-0.025,0.016,-0.084,-5.43,-0.6,749,-274,-5164,0,0
65.12,4,2583.1,461.55,-0.08,3050.31,92.0,-0.13,-1.39,-0.1,1.0,0.0,1.0,2,6383,172.1,0.9,0.07,-2.91,-29.0,248,251,3599,0.0352,0.017,-0.002,-0.098,-6.68,0.65,743,-50,-3126,0,0,7136,0.1118,0.03,-0.002,-0.098,-6.0,-0.04,766,-81,-5662,0,0,2633,0.0324,-0.039,-0.011,-0.089,-5.02,-1.01,776,265,-2068,0,0,6744,0.109,-0.026,-0.03,-0.07,-5.24,-0.8,782,-774,-5013,0,0
65.14,4,2583.6,462.04,-0.08,3050.45,91.8,-0.12,-1.38,-0.1,1.0,0.0,1.0,2,6441,205.0,1.16,0.09,-2.92,-28.82,249,250,3620,0.0356,0.019,-0.003,-0.097,-6.73,0.7,741,-66,-3148,0,0,7192,0.1124,0.031,-0.002,-0.098,-6.06,0.03,765,-54,-5712,0,0,2603,0.0317,-0.039,0.038,-0.062,-5.25,-0.78,740,473,-2033,0,0,6663,0.1085,-0.026,0.013,-0.087,-5.14,-0.89,746,-322,-4990,0,0
65.16,4,2584.1,462.52,-0.08,3050.6,91.7,-0.12,-1.37,-0.1,1.0,0.0,1.0,2,6552,243.9,1.36,0.11,-2.93,-28.76,250,249,3628,0.0359,0.016,-0.002,-0.098,-6.69,0.65,740,-42,-3149,0,0,7220,0.113,0.033,0.0,-0.1,-6.22,0.19,764,-79,-5727,0,0,2594,0.031,-0.035,0.082,-0.018,-5.1,-0.94,771,924,-1968,0,0,6614,0.1081,-0.019,0.058,-0.042,-5.25,-0.79,774,816,-4916,0,0
65.18,4,2584.6,463.01,-0.08,3050.75,91.7,0.17,-1.35,-0.1,1.0,0.0,1.0,2,6691,267.7,1.51,0.11,-2.94,-29.41,250,249,3548,0.036,0.008,-0.002,-0.098,-6.81,0.78,740,-58,-3091,0,0,7117,0.1135,0.022,-0.004,-0.096,-6.06,0.03,764,-152,-5662,0,0,2718,0.0306,-0.019,0.084,-0.016,-4.91,-1.12,811,1858,-1787,0,0,6704,0.108,-0.005,0.045,-0.055,-5.28,-0.75,804,2564,-4733,0,0
65.2,4,2585.2,463.49,-0.08,3050.91,91.9,0.31,-1.32,-0.1,0.83,0.0,1.0,2,6874,287.2,1.63,0.1,-2.94,-30.19,250,250,3465,0.0358,-0.009,-0.003,-0.097,-6.71,0.68,741,-55,-3019,0,0,6966,0.1133,-0.007,-0.002,-0.098,-5.96,-0.08,765,-101,-5532,0,0,2880,0.0309,0.016,0.115,0.015,-5.14,-0.89,791,2089,-1838,0,0,6867,0.1084,0.018,0.075,-0.025,-5.25,-0.79,784,3089,-4756,0,0
65.22,4,2585.7,463.98,-0.08,3051.07,92.1,0.37,-1.31,-0.1,0.0,0.0,1.0,2,6799,278.1,1.65,0.08,-2.93,-31.03,249,251,3404,0.0355,-0.016,-0.002,-0.098,-6.84,0.81,743,-73,-2969,0,0,6825,0.1128,-0.026,0.0,-0.1,-6.3,0.27,768,-107,-5444,0,0,3005,0.0316,0.035,0.084,-0.016,-5.25,-0.78,835,2107,-1960,0,0,6993,0.1089,0.025,0.043,-0.057,-5.27,-0.76,831,2721,-4949,0,0
65.24,4,2586.2,464.46,-0.08,3051.24,92.3,0.36,-1.32,-0.1,0.0,0.0,1.0,2,6657,118.9,1.49,0.06,-2.92,-31.5,248,252,3382,0.0352,-0.017,-0.002,-0.098,-6.86,0.83,744,-58,-2954,0,0,6730,0.1121,-0.037,-0.001,-0.099,-6.26,0.22,769,-96,-5395,0,0,3086,0.0325,0.044,0.072,-0.028,-5.24,-0.79,803,2102,-2055,0,0,7088,0.1094,0.025,0.034,-0.066,-5.61,-0.42,797,2522,-5095,0,0
65.26,4,2586.7,464.95,-0.08,3051.41,92.3,0.19,-1.37,-0.1,0.0,0.0,1.0,2,6457,-73.7,1.12,0.04,-2.92,-31.06,248,253,3379,0.0349,-0.015,-0.003,-0.097,-6.74,0.71,745,-94,-2952,0,0,6787,0.1115,-0.031,-0.002,-0.098,-5.98,-0.05,770,-85,-5423,0,0,3015,0.0332,0.035,0.006,-0.094,-5.2,-0.83,786,1179,-2287,0,0,7130,0.1098,0.02,-0.023,-0.077,-5.3,-0.73,789,579,-5368,0,0
65.28,4,2587.2,465.43,-0.08,3051.59,92.3,-0.02,-1.39,-0.1,0.0,0.0,1.0,2,6383,-67.3,0.82,0.04,-2.91,-30.22,248,252,3454,0.0347,-0.007,-0.001,-0.099,-6.85,0.82,745,-41,-3017,0,0,6891,0.1113,-0.007,-0.001,-0.099,-5.99,-0.04,770,-82,-5495,0,0,2889,0.0333,0.004,0.034,-0.066,-5.4,-0.63,739,537,-2278,0,0,7042,0.1099,0.005,0.011,-0.089,-5.18,-0.85,747,-398,-5256,0,0
65.3,4,2587.7,465.9,-0.08,3051.78,92.1,-0.14,-1.39,-0.1,1.0,0.0,1.0,2,6240,-67.3,0.61,0.05,-2.92,-29.55,248,251,3529,0.0349,0.009,0.002,-0.098,-6.61,0.58,743,-17,-3068,0,0,7015,0.1116,0.012,-0.002,-0.098,-6.18,0.14,767,-98,-5600,0,0,2753,0.0329,-0.02,-0.01,-0.09,-5.08,-0.95,778,298,-2167,0,0,6895,0.1095,-0.018,-0.03,-0.07,-5.22,-0.81,784,-771,-5124,0,0
65.32,4,2588.2,466.38,-0.08,3051.96,92.0,-0.12,-1.38,-0.1,1.0,0.0,1.0,2,6401,122.7,0.63,0.07,-2.92,-29.14,249,250,3571,0.0352,0.014,-0.001,-0.099,-6.74,0.71,743,-41,-3103,0,0,7103,0.1121,0.024,-0.004,-0.096,-6.07,0.04,766,-146,-5665,0,0,2674,0.0322,-0.033,0.037,-0.063,-5.18,-0.85,741,486,-2095,0,0,6784,0.1091,-0.023,0.014,-0.086,-5.25,-0.78,748,-315,-5068,0,0
65.34,4,2588.7,466.85,-0.08,3052.16,91.8,-0.13,-1.38,-0.1,1.0,0.0,1.0,2,6376,172.1,0.86,0.09,-2.93,-28.88,249,250,3603,0.0355,0.016,0.0,-0.1,-6.89,0.86,741,0,-3149,0,0,7150,0.1126,0.027,-0.002,-0.098,-6.01,-0.02,765,-90,-5664,0,0,2635,0.0315,-0.033,-0.009,-0.091,-5.14,-0.89,775,289,-2066,0,0,6693,0.1086,-0.022,-0.03,-0.07,-5.17,-0.86,781,-745,-4958,0,0
65.36,4,2589.2,467.32,-0.08,3052.36,91.6,-0.12,-1.38,-0.1,1.0,0.0,1.0,2,6430,198.5,1.13,0.11,-2.94,-28.73,250,249,3619,0.0358,0.016,-0.003,-0.097,-6.73,0.7,740,-57,-3154,0,0,7199,0.1131,0.027,-0.003,-0.097,-5.99,-0.04,762,-77,-5723,0,0,2614,0.0309,-0.031,0.035,-0.065,-4.96,-1.07,738,460,-2033,0,0,6639,0.1082,-0.02,0.014,-0.086,-5.14,-0.89,745,-333,-4940,0,0
65.38,4,2589.7,467.79,-0.08,3052.56,91.5,-0.12,-1.37,-0.1,1.0,0.0,1.0,2,6538,239.1,1.33,0.13,-2.95,-28.73,251,248,3623,0.0361,0.014,-0.001,-0.099,-6.77,0.74,740,-47,-3149,0,0,7221,0.1137,0.029,-0.003,-0.097,-6.1,0.06,762,-104,-5720,0,0,2610,0.0303,-0.029,0.081,-0.019,-5.01,-1.02,769,913,-1968,0,0,6606,0.1079,-0.014,0.056,-0.044,-5.0,-1.04,772,806,-4882,0,0
65.4,4,2590.3,468.25,-0.08,3052.76,91.6,0.17,-1.34,-0.11,1.0,0.0,1.0,2,6667,264.6,1.49,0.13,-2.96,-29.39,251,248,3529,0.0362,0.005,-0.003,-0.097,-6.67,0.64,739,-35,-3082,0,0,7115,0.114,0.017,0.001,-0.099,-6.3,0.27,763,-94,-5659,0,0,2720,0.03,-0.015,0.084,-0.016,-5.15,-0.88,808,1867,-1778,0,0,6694,0.1079,-0.003,0.041,-0.059,-5.04,-0.99,801,2539,-4725,0,0
65.42,4,2590.8,468.71,-0.08,3052.98,91.7,0.3,-1.32,-0.11,0.95,0.0,1.0,2,6861,284.9,1.61,0.12,-2.96,-30.22,250,249,3451,0.036,-0.013,0.002,-0.098,-7.0,0.97,740,-42,-3012,0,0,6974,0.1138,-0.01,-0.002,-0.098,-6.25,0.22,764,-155,-5555,0,0,2869,0.0304,0.017,0.116,0.016,-5.17,-0.86,789,2096,-1822,0,0,6846,0.1083,0.019,0.076,-0.024,-5.23,-0.81,782,3065,-4733,0,0
65.44,4,2591.3,469.18,-0.08,3053.19,91.9,0.37,-1.3,-0.1,0.0,0.0,1.0,2,6790,292.5,1.68,0.1,-2.95,-31.1,250,250,3397,0.0356,-0.017,-0.004,-0.096,-6.81,0.78,740,-61,-2972,0,0,6826,0.1133,-0.028,-0.002,-0.098,-6.1,0.07,767,-134,-5422,0,0,2980,0.0311,0.036,0.085,-0.015,-4.99,-1.04,833,2140,-1899,0,0,6957,0.1088,0.025,0.043,-0.057,-5.31,-0.72,829,2714,-4908,0,0
65.46,4,2591.8,469.64,-0.08,3053.42,92.1,0.38,-1.31,-0.1,0.0,0.0,1.0,2,6718,179.0,1.59,0.07,-2.94,-31.71,249,251,3351,0.0352,-0.022,-0.004,-0.096,-6.72,0.69,742,-87,-2931,0,0,6734,0.1125,-0.037,-0.003,-0.097,-6.18,0.15,768,-146,-5402,0,0,3072,0.0319,0.04,0.086,-0.014,-5.21,-0.82,812,2243,-1956,0,0,7083,0.1093,0.025,0.041,-0.059,-5.44,-0.59,804,2924,-4999,0,0
65.48,4,2592.3,470.1,-0.08,3053.65,92.2,0.26,-1.35,-0.1,0.0,0.0,1.0,2,6534,-78.8,1.23,0.05,-2.93,-31.54,248,252,3343,0.0348,-0.02,-0.002,-0.098,-6.62,0.59,744,-69,-2924,0,0,6735,0.1118,-0.038,-0.001,-0.099,-5.96,-0.07,769,-73,-5370,0,0,3054,0.0327,0.042,0.033,-0.067,-5.34,-0.69,801,1605,-2228,0,0,7149,0.1097,0.024,-0.001,-0.099,-5.42,-0.61,802,1461,-5304,0,0
65.5,4,2592.8,470.55,-0.08,3053.88,92.2,0.02,-1.38,-0.1,0.0,0.0,1.0,2,6276,-67.6,0.89,0.04,-2.92,-30.65,247,252,3403,0.0345,-0.013,-0.001,-0.099,-6.88,0.85,744,-47,-2978,0,0,6846,0.1114,-0.019,0.0,-0.1,-6.24,0.21,770,-72,-5471,0,0,2916,0.0331,0.017,-0.018,-0.082,-5.28,-0.75,772,231,-2312,0,0,7085,0.11,0.011,-0.037,-0.063,-5.25,-0.78,780,-1074,-5283,0,0
65.52,4,2593.3,471.01,-0.08,3054.11,92.0,-0.13,-1.39,-0.1,1.0,0.0,1.0,2,6306,-66.7,0.66,0.05,-2.92,-29.88,248,251,3501,0.0346,0.007,-0.003,-0.097,-6.72,0.68,743,-61,-3053,0,0,6971,0.1116,0.008,-0.003,-0.097,-6.08,0.05,767,-82,-5542,0,0,2778,0.0327,-0.018,0.036,-0.064,-5.1,-0.93,742,513,-2188,0,0,6925,0.1096,-0.016,0.016,-0.084,-5.41,-0.63,749,-278,-5193,0,0
65.54,4,2593.8,471.46,-0.08,3054.36,91.9,-0.13,-1.38,-0.1,1.0,0.0,1.0,2,6317,122.2,0.66,0.07,-2.93,-29.41,248,250,3556,0.0349,0.014,0.001,-0.099,-6.6,0.57,742,-29,-3097,0,0,7057,0.1119,0.018,-0.001,-0.099,-6.22,0.19,766,-80,-5621,0,0,2697,0.0322,-0.028,-0.011,-0.089,-5.1,-0.93,775,280,-2128,0,0,6794,0.1091,-0.025,-0.031,-0.069,-5.24,-0.8,781,-782,-5060,0,0
65.56,4,2594.3,471.9,-0.08,3054.6,91.7,-0.12,-1.38,-0.1,1.0,0.0,1.0,2,6433,172.9,0.88,0.09,-2.93,-29.1,249,249,3591,0.0353,0.016,-0.002,-0.098,-6.7,0.67,741,-58,-3125,0,0,7118,0.1124,0.023,0.0,-0.1,-6.25,0.22,765,-110,-5660,0,0,2645,0.0315,-0.032,0.037,-0.063,-5.16,-0.88,739,523,-2074,0,0,6688,0.1087,-0.025,0.016,-0.084,-5.32,-0.72,746,-267,-4993,0,0
65.58,4,2594.9,472.34,-0.08,3054.85,91.6,-0.13,-1.38,-0.1,1.0,0.0,1.0,2,6365,202.0,1.15,0.11,-2.94,-28.95,250,248,3609,0.0356,0.016,-0.002,-0.098,-6.71,0.68,740,-40,-3140,0,0,7166,0.1129,0.025,-0.003,-0.097,-6.11,0.08,763,-132,-5691,0,0,2618,0.0309,-0.031,-0.011,-0.089,-5.06,-0.98,772,274,-2051,0,0,6623,0.1082,-0.022,-0.031,-0.069,-5.09,-0.94,779,-778,-4912,0,0
65.6,4,2595.4,472.78,-0.08,3055.11,91.6,0.07,-1.36,-0.1,1.0,0.0,1.0,2,6644,235.6,1.35,0.11,-2.94,-29.31,250,248,3558,0.0358,0.011,-0.002,-0.098,-6.87,0.84,739,-33,-3105,0,0,7111,0.1133,0.022,-0.004,-0.096,-6.13,0.1,762,-175,-5656,0,0,2698,0.0304,-0.023,0.042,-0.058,-4.9,-1.13,802,1516,-1913,0,0,6662,0.108,-0.012,0.01,-0.09,-5.37,-0.66,800,1744,-4848,0,0
65.62,4,2595.9,473.22,-0.08,3055.37,91.7,0.29,-1.32,-0.1,1.0,0.0,1.0,2,6867,263.5,1.5,0.11,-2.94,-30.15,250,249,3480,0.0357,-0.006,-0.003,-0.097,-6.63,0.6,739,-75,-3029,0,0,6972,0.1133,-0.003,-0.003,-0.097,-6.07,0.04,764,-167,-5550,0,0,2835,0.0306,0.008,0.118,0.018,-5.19,-0.84,790,2099,-1787,0,0,6780,0.1082,0.011,0.076,-0.024,-5.25,-0.78,782,3223,-4632,0,0
65.64,4,2596.4,473.66,-0.08,3055.63,91.9,0.37,-1.3,-0.1,0.0,0.0,1.0,2,6787,284.4,1.62,0.09,-2.94,-31.07,249,250,3400,0.0354,-0.014,0.0,-0.1,-6.93,0.9,741,-58,-2966,0,0,6839,0.1128,-0.025,-0.003,-0.097,-6.12,0.09,766,-114,-5462,0,0,2973,0.0312,0.032,0.083,-0.017,-5.12,-0.91,834,2110,-1921,0,0,6935,0.1086,0.02,0.045,-0.055,-5.43,-0.6,829,2730,-4932,0,0
65.66,4,2596.9,474.1,-0.08,3055.9,92.1,0.38,-1.31,-0.1,0.0,0.0,1.0,2,6732,199.1,1.57,0.06,-2.93,-31.66,248,251,3352,0.035,-0.021,-0.003,-0.097,-6.62,0.59,743,-75,-2922,0,0,6739,0.1121,-0.033,-0.001,-0.099,-5.91,-0.12,768,-88,-5374,0,0,3081,0.0321,0.042,0.088,-0.012,-5.24,-0.79,814,2263,-1961,0,0,7088,0.1092,0.03,0.043,-0.057,-5.43,-0.6,806,2983,-5008,0,0
65.68,4,2597.4,474.53,-0.08,3056.17,92.3,0.3,-1.34,-0.1,0.0,0.0,1.0,2,6651,-79.7,1.25,0.04,-2.92,-31.59,247,252,3337,0.0346,-0.02,-0.003,-0.097,-6.81,0.78,744,-55,-2915,0,0,6726,0.1114,-0.036,-0.001,-0.099,-6.18,0.15,770,-111,-5386,0,0,3061,0.0329,0.043,0.075,-0.025,-5.35,-0.68,764,1889,-2130,0,0,7153,0.1098,0.027,0.038,-0.062,-5.48,-0.56,761,2192,-5213,0,0
65.7,4,2597.9,474.96,-0.08,3056.45,92.2,0.01,-1.39,-0.1,0.0,0.0,1.0,2,6337,-66.9,0.9,0.03,-2.92,-30.66,247,252,3408,0.0343,-0.012,0.001,-0.099,-6.91,0.88,744,-30,-2983,0,0,6843,0.111,-0.02,-0.003,-0.097,-6.2,0.17,768,-98,-5495,0,0,2923,0.0333,0.019,0.029,-0.071,-5.28,-0.75,739,341,-2321,0,0,7090,0.11,0.011,0.008,-0.092,-5.35,-0.68,748,-718,-5311,0,0
65.72,4,2598.4,475.38,-0.08,3056.74,92.0,-0.14,-1.4,-0.1,1.0,0.0,1.0,2,6233,-67.2,0.67,0.04,-2.92,-29.88,247,251,3496,0.0345,0.008,-0.002,-0.098,-6.65,0.62,743,-47,-3046,0,0,6975,0.1112,0.012,-0.002,-0.098,-6.15,0.11,767,-91,-5565,0,0,2778,0.0329,-0.02,-0.01,-0.09,-5.22,-0.81,777,311,-2201,0,0,6936,0.1097,-0.016,-0.03,-0.07,-5.35,-0.69,783,-740,-5192,0,0
65.74,4,2598.9,475.81,-0.08,3057.02,91.9,-0.12,-1.39,-0.1,1.0,0.0,1.0,2,6389,122.8,0.67,0.06,-2.92,-29.37,248,250,3553,0.0348,0.014,-0.002,-0.098,-6.82,0.79,742,-71,-3096,0,0,7063,0.1116,0.021,-0.003,-0.097,-6.09,0.06,765,-165,-5612,0,0,2690,0.0323,-0.03,0.04,-0.06,-5.36,-0.67,740,495,-2115,0,0,6802,0.1092,-0.023,0.014,-0.086,-5.36,-0.67,747,-277,-5119,0,0
65.76,4,2599.5,476.22,-0.08,3057.31,91.7,-0.13,-1.38,-0.1,1.0,0.0,1.0,2,6370,172.2,0.89,0.08,-2.93,-29.04,248,249,3587,0.0351,0.016,0.0,-0.1,-6.86,0.83,741,-41,-3122,0,0,7125,0.1122,0.025,-0.002,-0.098,-6.18,0.15,764,-51,-5669,0,0,2640,0.0316,-0.034,-0.01,-0.09,-5.02,-1.02,774,294,-2080,0,0,6699,0.1087,-0.025,-0.031,-0.069,-5.25,-0.78,780,-710,-5012,0,0
65.78,4,2600.0,476.64,-0.08,3057.61,91.6,-0.12,-1.38,-0.1,1.0,0.0,1.0,2,6426,203.5,1.15,0.1,-2.94,-28.84,249,248,3604,0.0354,0.016,0.0,-0.1,-6.89,0.86,739,-27,-3142,0,0,7169,0.1127,0.027,-0.002,-0.098,-6.13,0.09,763,-113,-5689,0,0,2609,0.031,-0.033,0.035,-0.065,-5.0,-1.03,738,470,-2033,0,0,6627,0.1082,-0.022,0.013,-0.087,-5.14,-0.89,744,-318,-4949,0,0
65.8,4,2600.5,477.05,-0.08,3057.91,91.4,-0.09,-1.37,-0.1,1.0,0.0,1.0,2,6579,242.3,1.35,0.12,-2.95,-28.84,250,248,3605,0.0357,0.015,0.0,-0.1,-6.9,0.87,738,-27,-3144,0,0,7191,0.1133,0.028,-0.001,-0.099,-6.19,0.16,762,-101,-5706,0,0,2612,0.0304,-0.03,0.072,-0.028,-4.96,-1.07,760,1145,-1941,0,0,6595,0.1079,-0.017,0.043,-0.057,-5.2,-0.83,761,1251,-4838,0,0
65.82,4,2601.0,477.46,-0.08,3058.21,91.5,0.23,-1.33,-0.1,1.0,0.0,1.0,2,6693,266.6,1.51,0.12,-2.95,-29.65,250,248,3512,0.0358,0.004,-0.003,-0.097,-6.76,0.72,739,-59,-3058,0,0,7047,0.1135,0.013,-0.003,-0.097,-5.99,-0.04,763,-161,-5595,0,0,2770,0.0302,-0.01,0.089,-0.011,-4.9,-1.13,811,1982,-1781,0,0,6705,0.1079,-0.001,0.047,-0.053,-5.35,-0.68,804,2757,-4713,0,0
65.84,4,2601.5,477.86,-0.08,3058.52,91.7,0.32,-1.32,-0.1,0.0,0.0,1.0,2,6856,287.1,1.62,0.1,-2.95,-30.37,249,249,3427,0.0355,-0.013,-0.003,-0.097,-6.69,0.66,740,-79,-2984,0,0,6930,0.1132,-0.016,-0.002,-0.098,-6.17,0.14,764,-174,-5518,0,0,2900,0.0307,0.025,0.113,0.013,-5.13,-0.9,788,2092,-1858,0,0,6873,0.1083,0.022,0.077,-0.023,-5.39,-0.64,781,3087,-4791,0,0
65.86,4,2602.0,478.27,-0.08,3058.83,91.9,0.37,-1.31,-0.1,0.0,0.0,1.0,2,6767,197.2,1.57,0.08,-2.94,-31.1,248,250,3372,0.0352,-0.019,-0.002,-0.098,-6.81,0.78,741,-46,-2949,0,0,6800,0.1126,-0.027,-0.003,-0.097,-6.1,0.07,766,-162,-5422,0,0,3023,0.0314,0.037,0.083,-0.017,-5.14,-0.89,833,2113,-1978,0,0,7020,0.1089,0.029,0.043,-0.057,-5.2,-0.83,829,2734,-4988,0,0
65.88,4,2602.5,478.67,-0.08,3059.15,92.1,0.31,-1.34,-0.1,0.0,0.0,1.0,2,6633,-80.4,1.25,0.06,-2.93,-31.21,247,251,3352,0.0348,-0.019,0.001,-0.099,-6.94,0.91,742,-40,-2929,0,0,6751,0.1119,-0.035,-0.002,-0.098,-6.19,0.16,768,-150,-5394,0,0,3053,0.0323,0.043,0.044,-0.056,-5.25,-0.78,806,1909,-2111,0,0,7108,0.1094,0.027,0.005,-0.095,-5.3,-0.73,803,2189,-5159,0,0
65.9,4,2603.0,479.06,-0.08,3059.47,92.0,0.04,-1.38,-0.1,0.0,0.0,1.0,2,6254,-67.5,0.9,0.05,-2.93,-30.4,247,251,3406,0.0345,-0.014,-0.002,-0.098,-6.79,0.76,743,-49,-2976,0,0,6846,0.1115,-0.023,0.001,-0.099,-5.91,-0.13,768,-46,-5441,0,0,2931,0.0328,0.025,-0.019,-0.081,-5.2,-0.83,771,159,-2325,0,0,7066,0.1098,0.016,-0.037,-0.063,-5.23,-0.8,779,-1083,-5272,0,0
65.92,4,2603.5,479.46,-0.08,3059.8,91.9,-0.13,-1.39,-0.1,1.0,0.0,1.0,2,6294,-66.6,0.67,0.06,-2.93,-29.62,247,250,3499,0.0346,0.007,-0.002,-0.098,-6.63,0.59,741,-35,-3048,0,0,6977,0.1116,0.008,-0.001,-0.099,-5.97,-0.06,766,-62,-5543,0,0,2787,0.0325,-0.014,0.039,-0.061,-5.29,-0.74,740,536,-2189,0,0,6917,0.1095,-0.013,0.013,-0.087,-5.25,-0.78,747,-294,-5181,0,0
65.94,4,2604.0,479.85,-0.08,3060.13,91.7,-0.13,-1.38,-0.1,1.0,0.0,1.0,2,6300,122.3,0.67,0.07,-2.93,-29.11,247,249,3550,0.0349,0.013,-0.003,-0.097,-6.7,0.67,740,-37,-3098,0,0,7059,0.112,0.018,-0.002,-0.098,-6.15,0.12,764,-133,-5613,0,0,2701,0.032,-0.026,-0.009,-0.091,-5.21,-0.82,773,292,-2133,0,0,6793,0.1091,-0.021,-0.025,-0.075,-5.45,-0.58,779,-614,-5091,0,0
65.96,4,2604.5,480.23,-0.08,3060.46,91.6,-0.12,-1.38,-0.1,1.0,0.0,1.0,2,6419,173.2,0.89,0.09,-2.94,-28.82,248,248,3587,0.0352,0.016,0.002,-0.098,-6.91,0.88,740,-22,-3127,0,0,7123,0.1125,0.022,-0.004,-0.096,-6.18,0.15,761,-83,-5661,0,0,2649,0.0314,-0.03,0.036,-0.064,-4.99,-1.04,738,453,-2062,0,0,6694,0.1086,-0.024,0.016,-0.084,-5.03,-1.01,745,-320,-4960,0,0
65.98,4,2605.1,480.61,-0.08,3060.79,91.4,-0.13,-1.37,-0.1,1.0,0.0,1.0,2,6355,202.9,1.15,0.11,-2.94,-28.64,249,247,3609,0.0355,0.016,-0.001,-0.099,-6.65,0.62,739,-41,-3138,0,0,7160,0.1129,0.025,-0.002,-0.098,-6.17,0.13,761,-112,-5676,0,0,2621,0.0308,-0.03,-0.011,-0.089,-5.06,-0.98,771,279,-2044,0,0,6616,0.1082,-0.021,-0.025,-0.075,-5.36,-0.67,777,-628,-4943,0,0
66.0,4,2605.6,480.99,-0.08,3061.13,91.4,0.1,-1.35,-0.1,1.0,0.0,1.0,2,6703,236.0,1.35,0.11,-2.95,-29.14,249,248,3541,0.0358,0.011,-0.003,-0.097,-6.81,0.78,737,-77,-3088,0,0,7095,0.1134,0.02,-0.004,-0.096,-5.98,-0.05,760,-173,-5625,0,0,2709,0.0303,-0.022,0.092,-0.008,-5.15,-0.88,812,1869,-1775,0,0,6665,0.1079,-0.013,0.051,-0.049,-5.25,-0.78,805,2705,-4696,0,0
66.02,4,2606.1,481.36,-0.08,3061.48,91.6,0.31,-1.31,-0.1,1.0,0.0,1.0,2,6843,264.8,1.51,0.1,-2.95,-30.0,249,248,3447,0.0356,-0.01,-0.002,-0.098,-6.58,0.55,739,-60,-3003,0,0,6951,0.1132,-0.009,-0.001,-0.099,-6.18,0.15,763,-80,-5536,0,0,2862,0.0306,0.015,0.113,0.013,-5.01,-1.02,787,2089,-1813,0,0,6824,0.1082,0.016,0.075,-0.025,-5.24,-0.79,781,3062,-4736,0,0
66.04,4,2606.6,481.74,-0.08,3061.83,91.8,0.37,-1.3,-0.1,0.0,0.0,1.0,2,6773,285.2,1.62,0.08,-2.94,-30.82,247,250,3396,0.0352,-0.016,-0.003,-0.097,-6.81,0.78,740,-66,-2953,0,0,6806,0.1126,-0.027,-0.003,-0.097,-6.12,0.09,765,-137,-5430,0,0,3015,0.0313,0.036,0.082,-0.018,-5.05,-0.98,832,2130,-1958,0,0,6975,0.1088,0.026,0.042,-0.058,-5.28,-0.75,827,2730,-4939,0,0
66.06,4,2607.1,482.1,-0.08,3062.18,92.0,0.38,-1.31,-0.1,0.0,0.0,1.0,2,6718,199.8,1.57,0.05,-2.93,-31.39,247,251,3350,0.0349,-0.019,0.0,-0.1,-6.9,0.87,741,-79,-2921,0,0,6716,0.1119,-0.036,-0.002,-0.098,-5.91,-0.12,767,-141,-5363,0,0,3081,0.0323,0.046,0.087,-0.013,-5.1,-0.93,812,2279,-1936,0,0,7089,0.1093,0.029,0.042,-0.058,-5.32,-0.71,805,2951,-4985,0,0
66.08,4,2607.6,482.47,-0.08,3062.54,92.1,0.3,-1.34,-0.1,0.0,0.0,1.0,2,6637,-79.6,1.25,0.03,-2.91,-31.36,246,251,3342,0.0345,-0.018,-0.002,-0.098,-6.58,0.55,743,-58,-2917,0,0,6697,0.1112,-0.038,0.001,-0.099,-6.22,0.19,769,-67,-5356,0,0,3070,0.0331,0.041,0.074,-0.026,-5.13,-0.9,762,1897,-2121,0,0,7136,0.1098,0.021,0.037,-0.063,-5.24,-0.79,759,2205,-5172,0,0
66.1,4,2608.1,482.83,-0.08,3062.9,92.1,0.01,-1.38,-0.1,0.0,0.0,1.0,2,6327,-66.9,0.9,0.03,-2.91,-30.44,246,251,3414,0.0343,-0.011,0.0,-0.1,-6.86,0.83,744,-52,-2981,0,0,6826,0.1107,-0.021,0.001,-0.099,-6.23,0.2,768,-26,-5438,0,0,2924,0.0334,0.017,0.029,-0.071,-5.27,-0.76,737,349,-2320,0,0,7061,0.1099,0.008,0.008,-0.092,-5.27,-0.77,747,-719,-5278,0,0
66.12,4,2608.6,483.19,-0.08,3063.26,91.9,-0.13,-1.39,-0.1,1.0,0.0,1.0,2,6221,-67.2,0.67,0.04,-2.91,-29.69,246,250,3501,0.0344,0.009,-0.003,-0.097,-6.78,0.75,742,-53,-3055,0,0,6957,0.111,0.011,-0.002,-0.098,-6.15,0.12,766,-109,-5540,0,0,2778,0.033,-0.021,-0.01,-0.09,-5.22,-0.81,775,310,-2188,0,0,6898,0.1095,-0.019,-0.031,-0.069,-5.22,-0.81,782,-769,-5145,0,0
66.14,4,2609.1,483.54,-0.08,3063.63,91.8,-0.12,-1.38,-0.1,1.0,0.0,1.0,2,6381,122.9,0.67,0.06,-2.91,-29.25,246,249,3552,0.0347,0.014,-0.002,-0.098,-6.78,0.74,741,-47,-3092,0,0,7040,0.1114,0.02,-0.003,-0.097,-6.0,-0.03,764,-109,-5604,0,0,2695,0.0324,-0.031,0.036,-0.064,-5.14,-0.89,739,469,-2109,0,0,6765,0.109,-0.025,0.013,-0.087,-5.15,-0.88,746,-319,-5028,0,0
66.16,4,2609.6,483.89,-0.08,3064.0,91.6,-0.12,-1.37,-0.1,1.0,0.0,1.0,2,6357,172.4,0.89,0.08,-2.92,-28.98,247,249,3580,0.0351,0.016,-0.002,-0.098,-6.61,0.58,739,-53,-3115,0,0,7101,0.1118,0.025,-0.003,-0.097,-6.12,0.09,763,-68,-5656,0,0,2645,0.0317,-0.033,-0.012,-0.088,-5.05,-0.98,772,287,-2074,0,0,6671,0.1085,-0.024,-0.031,-0.069,-5.05,-0.98,778,-728,-4953,0,0
66.18,4,2610.2,484.23,-0.08,3064.38,91.4,-0.12,-1.37,-0.1,1.0,0.0,1.0,2,6417,203.7,1.15,0.1,-2.93,-28.82,248,248,3592,0.0354,0.015,-0.002,-0.098,-6.83,0.8,738,-42,-3139,0,0,7154,0.1124,0.027,0.004,-0.096,-6.31,0.28,761,6,-5690,0,0,2611,0.0311,-0.033,0.035,-0.065,-4.94,-1.09,737,449,-2030,0,0,6608,0.1081,-0.021,0.015,-0.085,-5.23,-0.8,744,-323,-4916,0,0
66.2,4,2610.7,484.57,-0.08,3064.75,91.3,-0.09,-1.37,-0.1,1.0,0.0,1.0,2,6574,242.4,1.35,0.11,-2.94,-28.83,248,247,3593,0.0356,0.013,-0.002,-0.098,-6.58,0.55,736,-49,-3129,0,0,7177,0.1129,0.027,-0.002,-0.098,-6.08,0.05,761,-50,-5681,0,0,2611,0.0305,-0.03,0.074,-0.026,-5.1,-0.93,760,1170,-1927,0,0,6573,0.1078,-0.017,0.044,-0.056,-5.09,-0.94,760,1257,-4821,0,0
66.22,4,2611.2,484.91,-0.08,3065.13,91.4,0.23,-1.33,-0.1,1.0,0.0,1.0,2,6688,266.7,1.51,0.11,-2.94,-29.66,248,248,3510,0.0357,0.004,-0.003,-0.097,-6.75,0.72,738,-78,-3052,0,0,7051,0.1132,0.015,-0.002,-0.098,-5.97,-0.07,762,-154,-5564,0,0,2767,0.0303,-0.011,0.087,-0.013,-5.03,-1.01,811,1992,-1768,0,0,6692,0.1078,0.0,0.046,-0.054,-5.02,-1.01,803,2784,-4666,0,0
66.24,4,2611.7,485.24,-0.08,3065.52,91.6,0.32,-1.31,-0.1,0.0,0.0,1.0,2,6843,287.6,1.62,0.1,-2.94,-30.42,248,248,3435,0.0355,-0.011,-0.003,-0.097,-6.79,0.76,738,-81,-2991,0,0,6912,0.1129,-0.015,-0.004,-0.096,-6.05,0.02,763,-113,-5499,0,0,2908,0.0308,0.026,0.114,0.014,-4.95,-1.08,787,2097,-1854,0,0,6844,0.1082,0.022,0.074,-0.026,-5.14,-0.89,780,3019,-4737,0,0
66.26,4,2612.2,485.57,-0.08,3065.91,91.8,0.37,-1.3,-0.1,0.0,0.0,1.0,2,6755,197.6,1.57,0.08,-2.93,-31.18,247,250,3368,0.0351,-0.018,-0.004,-0.096,-6.7,0.67,740,-73,-2938,0,0,6782,0.1124,-0.028,-0.002,-0.098,-6.16,0.13,765,-112,-5421,0,0,3024,0.0315,0.036,0.082,-0.018,-5.22,-0.81,832,2142,-1956,0,0,6987,0.1087,0.026,0.042,-0.058,-5.3,-0.73,828,2687,-4965,0,0
66.28,4,2612.7,485.9,-0.08,3066.3,91.9,0.31,-1.33,-0.1,0.0,0.0,1.0,2,6620,-80.3,1.25,0.05,-2.93,-31.32,246,250,3330,0.0347,-0.021,-0.004,-0.096,-6.75,0.72,741,-89,-2912,0,0,6751,0.1117,-0.035,-0.003,-0.097,-6.0,-0.03,766,-68,-5383,0,0,3037,0.0323,0.041,0.043,-0.057,-5.27,-0.76,804,1914,-2074,0,0,7088,0.1093,0.028,0.004,-0.096,-5.26,-0.77,801,2189,-5149,0,0
66.3,4,2613.2,486.22,-0.08,3066.7,91.9,0.04,-1.37,-0.1,0.0,0.0,1.0,2,6241,-67.4,0.9,0.05,-2.92,-30.49,246,250,3389,0.0344,-0.017,0.004,-0.096,-6.91,0.88,742,-3,-2962,0,0,6837,0.1112,-0.021,-0.001,-0.099,-5.96,-0.07,766,-56,-5453,0,0,2922,0.0328,0.021,-0.018,-0.082,-5.28,-0.75,769,188,-2319,0,0,7046,0.1096,0.017,-0.033,-0.067,-5.46,-0.57,778,-1061,-5265,0,0
66.32,4,2613.7,486.53,-0.08,3067.1,91.7,-0.13,-1.39,-0.1,1.0,0.0,1.0,2,6285,-66.6,0.67,0.05,-2.92,-29.74,246,249,3488,0.0345,0.006,-0.001,-0.099,-6.62,0.59,741,-60,-3038,0,0,6971,0.1114,0.008,-0.001,-0.099,-5.95,-0.08,765,-41,-5539,0,0,2782,0.0325,-0.015,0.037,-0.063,-5.2,-0.83,740,517,-2179,0,0,6897,0.1094,-0.014,0.014,-0.086,-5.31,-0.72,747,-301,-5159,0,0
66.34,4,2614.2,486.85,-0.08,3067.5,91.6,-0.12,-1.38,-0.1,1.0,0.0,1.0,2,6297,122.4,0.67,0.07,-2.93,-29.24,246,248,3541,0.0348,0.014,0.004,-0.096,-6.92,0.89,739,3,-3090,0,0,7049,0.1118,0.019,0.0,-0.1,-6.2,0.17,763,-82,-5612,0,0,2701,0.0319,-0.027,-0.011,-0.089,-4.99,-1.04,772,270,-2118,0,0,6772,0.1089,-0.022,-0.03,-0.07,-5.27,-0.76,779,-782,-5035,0,0
66.36,4,2614.7,487.15,-0.08,3067.9,91.4,-0.12,-1.37,-0.1,1.0,0.0,1.0,2,6410,173.2,0.89,0.09,-2.93,-28.98,247,248,3578,0.0351,0.015,0.0,-0.1,-6.54,0.51,738,-54,-3103,0,0,7107,0.1122,0.021,-0.002,-0.098,-6.11,0.08,762,-90,-5643,0,0,2653,0.0313,-0.029,0.038,-0.062,-5.14,-0.89,737,473,-2070,0,0,6676,0.1085,-0.022,0.017,-0.083,-5.31,-0.72,743,-230,-4956,0,0
66.38,4,2615.2,487.46,-0.08,3068.31,91.3,-0.12,-1.37,-0.1,1.0,0.0,1.0,2,6348,203.0,1.15,0.11,-2.94,-28.83,248,247,3601,0.0354,0.016,-0.002,-0.098,-6.6,0.57,737,-56,-3123,0,0,7155,0.1127,0.025,0.0,-0.1,-6.18,0.15,761,-84,-5667,0,0,2625,0.0308,-0.028,-0.009,-0.091,-4.81,-1.22,770,298,-2046,0,0,6610,0.1081,-0.02,-0.031,-0.069,-5.04,-0.99,776,-683,-4880,0,0
66.4,4,2615.7,487.75,-0.08,3068.72,91.3,0.07,-1.35,-0.1,1.0,0.0,1.0,2,6620,236.8,1.35,0.11,-2.94,-29.17,248,247,3539,0.0356,0.012,-0.002,-0.098,-6.78,0.75,736,-22,-3083,0,0,7086,0.1131,0.021,-0.003,-0.097,-5.97,-0.06,760,-101,-5626,0,0,2703,0.0304,-0.021,0.041,-0.059,-5.07,-0.96,799,1509,-1912,0,0,6645,0.1079,-0.012,0.006,-0.094,-5.04,-0.99,798,1671,-4831,0,0
66.42,4,2616.3,488.05,-0.08,3069.14,91.4,0.29,-1.32,-0.1,1.0,0.0,1.0,2,6848,264.6,1.51,0.1,-2.94,-29.95,247,248,3459,0.0355,-0.007,-0.001,-0.099,-6.81,0.78,737,-66,-3020,0,0,6941,0.113,-0.006,-0.002,-0.098,-5.9,-0.13,762,-129,-5513,0,0,2862,0.0306,0.011,0.117,0.017,-5.1,-0.93,788,2117,-1801,0,0,6782,0.1081,0.012,0.077,-0.023,-5.12,-0.91,780,3153,-4654,0,0
66.44,4,2616.8,488.34,-0.08,3069.55,91.6,0.38,-1.3,-0.1,0.0,0.0,1.0,2,6763,285.5,1.62,0.08,-2.93,-30.84,247,249,3389,0.0352,-0.016,-0.003,-0.097,-6.57,0.54,738,-73,-2952,0,0,6807,0.1124,-0.027,-0.002,-0.098,-5.86,-0.17,763,-98,-5387,0,0,2998,0.0313,0.036,0.084,-0.016,-4.95,-1.08,831,2133,-1927,0,0,6940,0.1086,0.025,0.044,-0.056,-5.33,-0.7,826,2750,-4891,0,0
66.46,4,2617.3,488.63,-0.08,3069.98,91.8,0.38,-1.31,-0.1,0.0,0.0,1.0,2,6709,200.0,1.57,0.05,-2.92,-31.39,246,250,3343,0.0348,-0.02,0.0,-0.1,-6.84,0.81,740,-56,-2921,0,0,6715,0.1118,-0.034,-0.002,-0.098,-6.13,0.1,766,-126,-5348,0,0,3083,0.0322,0.043,0.088,-0.012,-5.26,-0.77,812,2272,-1951,0,0,7072,0.1092,0.029,0.042,-0.058,-5.29,-0.74,803,2986,-4974,0,0
66.48,4,2617.8,488.91,-0.08,3070.4,92.0,0.3,-1.34,-0.1,0.0,0.0,1.0,2,6625,-79.5,1.25,0.03,-2.91,-31.33,245,251,3327,0.0344,-0.02,-0.003,-0.097,-6.62,0.59,742,-84,-2901,0,0,6682,0.111,-0.039,-0.003,-0.097,-5.99,-0.05,767,-176,-5339,0,0,3084,0.033,0.044,0.072,-0.028,-5.23,-0.8,761,1896,-2138,0,0,7135,0.1097,0.025,0.039,-0.061,-5.46,-0.57,758,2219,-5196,0,0
66.5,4,2618.3,489.19,-0.08,3070.83,91.9,0.01,-1.38,-0.1,0.0,0.0,1.0,2,6312,-66.8,0.9,0.03,-2.91,-30.41,244,250,3408,0.0341,-0.012,-0.003,-0.097,-6.77,0.74,741,-64,-2968,0,0,6809,0.1105,-0.022,-0.002,-0.098,-6.08,0.05,767,-76,-5429,0,0,2936,0.0335,0.02,0.028,-0.072,-5.12,-0.91,736,367,-2301,0,0,7058,0.1099,0.01,0.011,-0.089,-5.44,-0.59,745,-684,-5281,0,0
66.52,4,2618.8,489.46,-0.08,3071.26,91.7,-0.13,-1.38,-0.1,1.0,0.0,1.0,2,6215,-67.1,0.67,0.04,-2.91,-29.67,245,249,3497,0.0343,0.01,-0.003,-0.097,-6.68,0.65,741,-60,-3041,0,0,6942,0.1107,0.009,-0.002,-0.098,-5.88,-0.15,764,-153,-5492,0,0,2790,0.0331,-0.018,-0.003,-0.097,-5.28,-0.76,774,370,-2194,0,0,6893,0.1095,-0.019,-0.028,-0.072,-5.35,-0.68,781,-706,-5137,0,0
66.54,4,2619.3,489.73,-0.08,3071.69,91.6,-0.12,-1.38,-0.1,1.0,0.0,1.0,2,6369,123.0,0.67,0.05,-2.91,-29.13,245,249,3551,0.0346,0.016,-0.002,-0.098,-6.58,0.55,739,-26,-3088,0,0,7029,0.1111,0.021,-0.002,-0.098,-6.04,0.01,764,-92,-5579,0,0,2695,0.0325,-0.031,0.039,-0.061,-5.19,-0.84,738,494,-2111,0,0,6750,0.109,-0.025,0.015,-0.085,-5.28,-0.75,745,-313,-5050,0,0
66.56,4,2619.8,489.99,-0.08,3072.13,91.4,-0.12,-1.37,-0.1,1.0,0.0,1.0,2,6349,172.5,0.89,0.07,-2.91,-28.86,246,248,3583,0.035,0.017,-0.002,-0.098,-6.8,0.77,738,-53,-3111,0,0,7092,0.1116,0.025,-0.002,-0.098,-6.16,0.13,761,-72,-5638,0,0,2652,0.0318,-0.034,-0.011,-0.089,-4.98,-1.05,772,269,-2065,0,0,6655,0.1085,-0.025,-0.03,-0.07,-5.23,-0.8,778,-733,-4930,0,0
66.58,4,2620.3,490.25,-0.08,3072.56,91.3,-0.12,-1.37,-0.1,1.0,0.0,1.0,2,6407,203.8,1.15,0.09,-2.92,-28.7,247,247,3605,0.0353,0.017,0.001,-0.099,-6.83,0.8,738,-32,-3131,0,0,7132,0.1121,0.025,-0.003,-0.097,-6.01,-0.02,760,-114,-5657,0,0,2622,0.0312,-0.031,0.036,-0.064,-4.87,-1.16,735,477,-2031,0,0,6572,0.108,-0.023,0.014,-0.086,-5.08,-0.95,743,-342,-4885,0,0
66.6,4,2620.8,490.5,-0.08,3073.0,91.2,-0.09,-1.36,-0.1,1.0,0.0,1.0,2,6561,242.6,1.35,0.11,-2.93,-28.72,247,246,3596,0.0356,0.015,-0.001,-0.099,-6.78,0.75,736,-20,-3132,0,0,7156,0.1127,0.026,-0.002,-0.098,-5.98,-0.05,760,-79,-5655,0,0,2620,0.0306,-0.029,0.074,-0.026,-5.05,-0.98,758,1168,-1930,0,0,6542,0.1076,-0.018,0.044,-0.056,-5.16,-0.87,759,1272,-4817,0,0
66.62,4,2621.3,490.75,-0.08,3073.44,91.3,0.23,-1.32,-0.1,1.0,0.0,1.0,2,6676,267.1,1.51,0.11,-2.93,-29.51,247,247,3498,0.0357,0.002,-0.003,-0.097,-6.59,0.55,737,-77,-3040,0,0,7030,0.1129,0.014,-0.003,-0.097,-6.0,-0.03,760,-143,-5557,0,0,2775,0.0304,-0.011,0.088,-0.012,-5.06,-0.97,809,2017,-1756,0,0,6675,0.1076,0.001,0.047,-0.053,-5.22,-0.82,802,2766,-4672,0,0
66.64,4,2621.8,491.0,-0.08,3073.89,91.4,0.32,-1.31,-0.1,1.0,0.0,1.0,2,6837,287.8,1.62,0.09,-2.93,-30.23,247,248,3421,0.0354,-0.013,-0.003,-0.097,-6.7,0.67,738,-78,-2982,0,0,6905,0.1126,-0.015,-0.003,-0.097,-6.06,0.03,762,-152,-5481,0,0,2909,0.0309,0.025,0.114,0.014,-4.98,-1.05,786,2106,-1851,0,0,6836,0.1081,0.023,0.075,-0.025,-5.07,-0.96,780,3045,-4736,0,0
66.66,4,2622.4,491.24,-0.08,3074.34,91.7,0.41,-1.29,-0.1,0.0,0.0,1.0,2,6933,296.3,1.71,0.07,-2.92,-31.23,246,249,3360,0.035,-0.018,-0.004,-0.096,-6.63,0.6,739,-86,-2929,0,0,6747,0.1121,-0.029,-0.004,-0.096,-5.95,-0.08,764,-187,-5368,0,0,3052,0.0316,0.038,0.076,-0.024,-5.25,-0.78,821,2405,-1818,0,0,6980,0.1087,0.028,0.026,-0.074,-5.35,-0.68,811,3524,-4742,0,0
66.68,4,2622.9,491.48,-0.08,3074.79,91.9,0.46,-1.27,-0.1,0.0,0.0,1.0,2,6784,206.3,1.64,0.04,-2.9,-32.23,245,250,3317,0.0346,-0.023,-0.004,-0.096,-6.71,0.68,741,-92,-2892,0,0,6603,0.1111,-0.047,-0.002,-0.098,-6.13,0.1,767,-141,-5280,0,0,3163,0.0327,0.055,0.102,0.002,-5.2,-0.83,822,2515,-1870,0,0,7097,0.1093,0.031,0.053,-0.047,-5.5,-0.53,810,3532,-4866,0,0
66.7,4,2623.4,491.71,-0.08,3075.24,92.1,0.32,-1.33,-0.1,0.0,0.0,1.0,2,6628,-81.2,1.29,0.01,-2.89,-32.09,244,251,3307,0.0342,-0.022,-0.003,-0.097,-6.76,0.73,742,-43,-2887,0,0,6602,0.1101,-0.049,-0.002,-0.098,-5.94,-0.09,769,-134,-5267,0,0,3143,0.0338,0.053,0.074,-0.026,-5.41,-0.62,761,1909,-2211,0,0,7163,0.1098,0.025,0.036,-0.064,-5.39,-0.64,759,2066,-5254,0,0
66.72,4,2623.9,491.94,-0.08,3075.7,92.0,0.01,-1.39,-0.1,0.0,0.0,1.0,2,6323,-66.8,0.93,0.0,-2.88,-30.98,243,251,3386,0.0339,-0.013,-0.002,-0.098,-6.75,0.71,743,-55,-2952,0,0,6744,0.1097,-0.023,0.0,-0.1,-5.88,-0.15,768,-83,-5369,0,0,2969,0.0342,0.021,0.03,-0.07,-5.37,-0.66,736,354,-2368,0,0,7076,0.11,0.011,0.006,-0.094,-5.36,-0.67,745,-686,-5333,0,0
66.74,4,2624.4,492.16,-0.08,3076.16,91.9,-0.13,-1.39,-0.1,1.0,0.0,1.0,2,6221,-67.2,0.69,0.01,-2.89,-30.09,244,250,3470,0.034,0.007,-0.002,-0.098,-6.76,0.73,741,-51,-3019,0,0,6903,0.1099,0.01,-0.002,-0.098,-6.07,0.04,766,-103,-5483,0,0,2807,0.0338,-0.022,-0.008,-0.092,-5.01,-1.03,775,354,-2227,0,0,6922,0.1096,-0.019,-0.03,-0.07,-5.21,-0.83,781,-701,-5185,0,0
66.76,4,2624.9,492.38,-0.08,3076.62,91.7,-0.12,-1.38,-0.1,1.0,0.0,1.0,2,6376,122.9,0.68,0.03,-2.89,-29.51,244,249,3522,0.0343,0.013,-0.001,-0.099,-6.54,0.51,741,-49,-3054,0,0,6982,0.1103,0.02,-0.002,-0.098,-6.15,0.12,763,-61,-5560,0,0,2722,0.0331,-0.032,0.035,-0.065,-5.15,-0.88,739,463,-2148,0,0,6785,0.1091,-0.025,0.015,-0.085,-5.38,-0.65,745,-279,-5066,0,0
66.78,4,2625.4,492.59,-0.08,3077.08,91.6,-0.13,-1.38,-0.1,1.0,0.0,1.0,2,6356,172.4,0.9,0.05,-2.9,-29.1,245,248,3552,0.0346,0.015,-0.001,-0.099,-6.76,0.73,740,-46,-3089,0,0,7045,0.1107,0.022,0.001,-0.099,-5.75,-0.28,762,-14,-5579,0,0,2660,0.0325,-0.034,-0.011,-0.089,-5.16,-0.88,772,280,-2098,0,0,6668,0.1086,-0.027,-0.031,-0.069,-5.24,-0.8,778,-733,-4979,0,0
66.8,4,2625.9,492.8,-0.08,3077.55,91.4,-0.12,-1.37,-0.1,1.0,0.0,1.0,2,6417,205.3,1.16,0.07,-2.9,-28.83,246,248,3576,0.0349,0.015,0.002,-0.098,-6.33,0.3,738,-5,-3095,0,0,7105,0.1113,0.028,-0.001,-0.099,-6.12,0.09,762,-96,-5639,0,0,2624,0.0317,-0.035,0.036,-0.064,-5.0,-1.03,737,471,-2051,0,0,6596,0.1081,-0.023,0.015,-0.085,-5.28,-0.75,743,-277,-4934,0,0
66.82,4,2626.4,493.0,-0.08,3078.01,91.3,-0.11,-1.37,-0.1,1.0,0.0,1.0,2,6524,244.4,1.36,0.09,-2.92,-28.71,246,247,3584,0.0352,0.015,-0.002,-0.098,-6.74,0.71,737,-60,-3114,0,0,7158,0.1119,0.029,-0.002,-0.098,-5.95,-0.08,760,-120,-5647,0,0,2605,0.0311,-0.033,0.081,-0.019,-5.09,-0.94,767,909,-1978,0,0,6556,0.1077,-0.02,0.056,-0.044,-5.22,-0.81,770,813,-4860,0,0
66.84,4,2626.9,493.2,-0.08,3078.48,91.3,0.2,-1.33,-0.1,1.0,0.0,1.0,2,6701,267.2,1.51,0.09,-2.92,-29.38,247,247,3495,0.0353,0.006,-0.002,-0.098,-6.74,0.7,737,-65,-3040,0,0,7039,0.1123,0.022,-0.003,-0.097,-6.06,0.03,761,-153,-5569,0,0,2746,0.0307,-0.019,0.091,-0.009,-5.12,-0.91,813,1973,-1764,0,0,6660,0.1077,-0.003,0.048,-0.052,-5.2,-0.83,804,2829,-4679,0,0
66.86,4,2627.5,493.39,-0.08,3078.95,91.5,0.32,-1.31,-0.1,1.0,0.0,1.0,2,6844,288.2,1.63,0.08,-2.92,-30.16,246,248,3437,0.0351,-0.011,0.0,-0.1,-6.76,0.73,738,-54,-2981,0,0,6913,0.1121,-0.01,-0.003,-0.097,-6.01,-0.03,763,-124,-5481,0,0,2894,0.0311,0.019,0.116,0.016,-4.93,-1.1,787,2112,-1840,0,0,6811,0.1081,0.02,0.076,-0.024,-5.14,-0.89,780,3066,-4725,0,0
66.88,4,2628.0,493.58,-0.08,3079.42,91.7,0.41,-1.29,-0.1,0.0,0.0,1.0,2,6944,296.4,1.71,0.06,-2.91,-31.1,245,249,3372,0.0348,-0.015,-0.003,-0.097,-6.64,0.61,740,-89,-2935,0,0,6758,0.1116,-0.026,-0.001,-0.099,-6.11,0.08,765,-126,-5367,0,0,3051,0.0318,0.037,0.077,-0.023,-5.3,-0.73,822,2398,-1837,0,0,6971,0.1086,0.026,0.026,-0.074,-5.25,-0.78,813,3533,-4750,0,0
66.9,4,2628.5,493.76,-0.08,3079.9,92.0,0.47,-1.28,-0.1,0.0,0.0,1.0,2,6793,206.3,1.64,0.03,-2.89,-32.09,245,251,3327,0.0344,-0.02,-0.002,-0.098,-6.76,0.73,741,-74,-2895,0,0,6603,0.1107,-0.044,-0.003,-0.097,-6.09,0.05,767,-99,-5272,0,0,3170,0.0329,0.055,0.105,0.005,-5.43,-0.6,823,2532,-1872,0,0,7092,0.1092,0.032,0.05,-0.05,-5.4,-0.63,811,3497,-4869,0,0
66.92,4,2629.0,493.94,-0.08,3080.38,92.2,0.32,-1.33,-0.1,0.0,0.0,1.0,2,6638,-81.3,1.29,0.0,-2.88,-31.92,244,252,3307,0.034,-0.02,-0.001,-0.099,-6.76,0.73,743,-57,-2884,0,0,6621,0.1098,-0.046,-0.001,-0.099,-6.12,0.08,770,-129,-5283,0,0,3126,0.034,0.051,0.075,-0.025,-5.47,-0.56,763,1904,-2193,0,0,7157,0.1097,0.025,0.037,-0.063,-5.56,-0.47,760,2108,-5281,0,0
66.94,4,2629.5,494.12,-0.08,3080.86,92.1,0.01,-1.39,-0.1,0.0,0.0,1.0,2,6331,-66.9,0.93,0.0,-2.88,-30.8,243,251,3387,0.0338,-0.013,0.002,-0.098,-6.78,0.75,744,-29,-2949,0,0,6764,0.1094,-0.019,-0.002,-0.098,-6.09,0.05,769,-100,-5389,0,0,2958,0.0343,0.017,0.029,-0.071,-5.39,-0.64,737,380,-2360,0,0,7076,0.11,0.011,0.009,-0.091,-5.34,-0.69,747,-725,-5349,0,0
66.96,4,2630.0,494.28,-0.08,3081.34,91.9,-0.13,-1.39,-0.1,1.0,0.0,1.0,2,6224,-67.2,0.69,0.01,-2.88,-29.9,244,250,3483,0.0339,0.009,0.0,-0.1,-6.77,0.74,743,-35,-3029,0,0,6930,0.1097,0.016,-0.003,-0.097,-6.04,0.01,766,-93,-5488,0,0,2794,0.0338,-0.024,-0.01,-0.09,-5.18,-0.85,775,316,-2215,0,0,6919,0.1096,-0.017,-0.029,-0.071,-5.47,-0.56,782,-693,-5225,0,0
66.98,4,2630.5,494.45,-0.08,3081.82,91.8,-0.12,-1.39,-0.1,1.0,0.0,1.0,2,6380,122.9,0.68,0.03,-2.89,-29.27,245,250,3523,0.0342,0.015,0.001,-0.099,-6.77,0.74,741,-28,-3067,0,0,7018,0.1102,0.025,-0.001,-0.099,-6.14,0.11,765,-53,-5570,0,0,2689,0.0331,-0.036,0.037,-0.063,-5.09,-0.94,740,467,-2121,0,0,6781,0.1091,-0.025,0.014,-0.086,-5.27,-0.76,747,-288,-5116,0,0
67.0,4,2631.0,494.61,-0.08,3082.31,91.6,-0.12,-1.38,-0.1,1.0,0.0,1.0,2,6363,172.3,0.9,0.05,-2.9,-28.88,246,249,3559,0.0345,0.015,-0.002,-0.098,-6.6,0.57,740,-51,-3087,0,0,7091,0.1108,0.028,0.002,-0.098,-5.72,-0.31,764,-39,-5601,0,0,2632,0.0323,-0.04,-0.011,-0.089,-5.2,-0.83,773,280,-2081,0,0,6675,0.1086,-0.026,-0.03,-0.07,-5.2,-0.83,779,-724,-5004,0,0
67.02,4,2631.5,494.76,-0.08,3082.79,91.5,-0.12,-1.37,-0.1,1.0,0.0,1.0,2,6421,205.3,1.16,0.07,-2.91,-28.63,247,248,3579,0.0349,0.017,-0.001,-0.099,-6.76,0.73,739,-28,-3110,0,0,7134,0.1114,0.032,-0.002,-0.098,-6.12,0.08,762,-105,-5655,0,0,2606,0.0316,-0.038,0.035,-0.065,-5.14,-0.89,737,463,-2045,0,0,6600,0.1081,-0.023,0.014,-0.086,-5.25,-0.78,744,-329,-4951,0,0
67.04,4,2632.0,494.91,-0.08,3083.28,91.4,-0.09,-1.37,-0.1,1.0,0.0,1.0,2,6578,243.5,1.36,0.09,-2.92,-28.54,248,247,3583,0.0352,0.015,-0.002,-0.098,-6.72,0.69,738,-55,-3106,0,0,7143,0.112,0.029,0.0,-0.1,-5.82,-0.21,761,-89,-5647,0,0,2600,0.0309,-0.035,0.073,-0.027,-5.1,-0.93,760,1148,-1941,0,0,6539,0.1077,-0.02,0.045,-0.055,-5.27,-0.76,761,1252,-4857,0,0
67.06,4,2632.5,495.05,-0.08,3083.77,91.5,0.23,-1.33,-0.1,1.0,0.0,1.0,2,6698,267.3,1.51,0.1,-2.92,-29.27,248,248,3491,0.0352,0.005,-0.003,-0.097,-6.62,0.58,738,-81,-3026,0,0,7011,0.1123,0.015,-0.002,-0.098,-6.11,0.08,762,-153,-5557,0,0,2763,0.0306,-0.014,0.09,-0.01,-4.94,-1.09,812,1977,-1781,0,0,6655,0.1077,-0.004,0.047,-0.053,-5.11,-0.92,804,2763,-4691,0,0
67.08,4,2633.1,495.19,-0.08,3084.26,91.6,0.32,-1.31,-0.1,1.0,0.0,1.0,2,6853,288.0,1.63,0.08,-2.92,-29.98,247,249,3414,0.035,-0.011,-0.003,-0.097,-6.71,0.68,740,-69,-2970,0,0,6875,0.112,-0.015,0.0,-0.1,-6.13,0.1,764,-128,-5470,0,0,2907,0.0311,0.024,0.115,0.015,-5.02,-1.02,788,2099,-1865,0,0,6806,0.1081,0.02,0.076,-0.024,-5.19,-0.84,782,3026,-4744,0,0
67.1,4,2633.6,495.32,-0.08,3084.75,91.8,0.41,-1.29,-0.1,0.0,0.0,1.0,2,6956,296.0,1.71,0.06,-2.91,-30.9,246,250,3346,0.0347,-0.018,-0.003,-0.097,-6.76,0.73,741,-84,-2917,0,0,6714,0.1114,-0.029,-0.003,-0.097,-6.06,0.02,766,-116,-5360,0,0,3051,0.0318,0.037,0.078,-0.022,-5.31,-0.73,824,2398,-1835,0,0,6952,0.1086,0.026,0.027,-0.073,-5.41,-0.62,814,3503,-4758,0,0
67.12,4,2634.1,495.45,-0.08,3085.24,92.1,0.47,-1.28,-0.1,0.0,0.0,1.0,2,6808,205.8,1.64,0.02,-2.89,-31.88,245,251,3298,0.0342,-0.022,-0.002,-0.098,-6.79,0.75,742,-71,-2880,0,0,6582,0.1105,-0.046,-0.004,-0.096,-6.13,0.1,768,-144,-5269,0,0,3165,0.0329,0.055,0.103,0.003,-5.29,-0.74,825,2523,-1872,0,0,7083,0.1092,0.03,0.053,-0.047,-5.28,-0.75,812,3529,-4868,0,0
67.14,4,2634.6,495.57,-0.08,3085.74,92.3,0.32,-1.33,-0.1,0.0,0.0,1.0,2,6647,-81.4,1.29,0.0,-2.88,-31.73,244,252,3285,0.0338,-0.023,0.0,-0.1,-6.78,0.75,744,-44,-2873,0,0,6614,0.1096,-0.046,-0.002,-0.098,-6.12,0.08,770,-81,-5287,0,0,3122,0.0339,0.05,0.077,-0.023,-5.43,-0.6,764,1909,-2198,0,0,7162,0.1097,0.027,0.037,-0.063,-5.54,-0.49,761,2129,-5273,0,0
67.16,4,2635.1,495.69,-0.08,3086.24,92.2,0.01,-1.39,-0.1,0.0,0.0,1.0,2,6337,-66.9,0.93,-0.01,-2.89,-30.63,243,252,3359,0.0335,-0.015,0.001,-0.099,-6.79,0.76,744,-29,-2933,0,0,6786,0.1093,-0.016,-0.002,-0.098,-6.14,0.11,770,-96,-5410,0,0,2947,0.0342,0.016,0.029,-0.071,-5.26,-0.78,738,346,-2352,0,0,7113,0.11,0.014,0.009,-0.091,-5.33,-0.7,748,-703,-5357,0,0
67.18,4,2635.6,495.8,-0.08,3086.74,92.0,-0.13,-1.39,-0.1,1.0,0.0,1.0,2,6230,-67.2,0.69,0.01,-2.89,-29.74,244,251,3470,0.0336,0.009,0.002,-0.098,-6.78,0.75,743,-18,-3023,0,0,6927,0.1096,0.017,-0.002,-0.098,-6.16,0.13,767,-91,-5510,0,0,2795,0.0337,-0.023,-0.01,-0.09,-5.22,-0.81,776,313,-2221,0,0,6944,0.1097,-0.014,-0.031,-0.069,-5.44,-0.59,782,-717,-5239,0,0
67.2,4,2636.1,495.91,-0.08,3087.24,91.9,-0.12,-1.39,-0.1,1.0,0.0,1.0,2,6388,122.8,0.68,0.03,-2.9,-29.12,245,250,3529,0.034,0.016,0.0,-0.1,-6.81,0.78,742,-44,-3073,0,0,7033,0.1101,0.026,-0.001,-0.099,-6.17,0.14,766,-83,-5594,0,0,2681,0.033,-0.035,0.037,-0.063,-5.28,-0.75,740,492,-2121,0,0,6793,0.1092,-0.025,0.014,-0.086,-5.4,-0.63,747,-304,-5137,0,0
67.22,4,2636.6,496.01,-0.08,3087.74,91.7,-0.12,-1.38,-0.1,1.0,0.0,1.0,2,6369,172.2,0.9,0.05,-2.91,-28.74,246,249,3556,0.0343,0.018,-0.001,-0.099,-6.54,0.51,741,-37,-3091,0,0,7095,0.1107,0.03,-0.002,-0.098,-6.01,-0.02,764,-106,-5630,0,0,2619,0.0322,-0.042,-0.009,-0.091,-4.97,-1.06,774,293,-2071,0,0,6674,0.1086,-0.029,-0.03,-0.07,-5.33,-0.7,780,-737,-5019,0,0
67.24,4,2637.1,496.11,-0.08,3088.24,91.6,-0.12,-1.37,-0.1,1.0,0.0,1.0,2,6433,205.1,1.16,0.07,-2.92,-28.52,247,248,3572,0.0347,0.018,-0.001,-0.099,-6.81,0.78,740,-39,-3111,0,0,7161,0.1114,0.033,-0.001,-0.099,-6.18,0.15,763,-75,-5682,0,0,2589,0.0314,-0.04,0.037,-0.063,-4.96,-1.07,739,467,-2028,0,0,6612,0.1081,-0.024,0.015,-0.085,-5.1,-0.93,745,-276,-4939,0,0
67.26,4,2637.7,496.2,-0.08,3088.74,91.4,-0.11,-1.37,-0.1,1.0,0.0,1.0,2,6533,244.3,1.36,0.1,-2.93,-28.45,248,248,3598,0.035,0.015,-0.001,-0.099,-6.61,0.58,739,-38,-3127,0,0,7198,0.1121,0.035,0.0,-0.1,-6.19,0.16,762,-88,-5702,0,0,2579,0.0307,-0.035,0.081,-0.019,-5.02,-1.01,768,896,-1962,0,0,6566,0.1078,-0.015,0.056,-0.044,-5.16,-0.87,771,810,-4882,0,0
67.28,4,2638.2,496.28,-0.08,3089.24,91.5,0.2,-1.34,-0.1,1.0,0.0,1.0,2,6719,266.6,1.51,0.1,-2.94,-29.18,248,248,3499,0.0352,0.01,-0.003,-0.097,-6.68,0.65,738,-68,-3045,0,0,7063,0.1126,0.023,-0.003,-0.097,-6.14,0.11,762,-151,-5616,0,0,2733,0.0303,-0.019,0.092,-0.008,-5.0,-1.04,815,1966,-1757,0,0,6671,0.1077,-0.006,0.05,-0.05,-5.08,-0.95,806,2869,-4660,0,0
67.3,4,2638.7,496.37,-0.08,3089.74,91.7,0.33,-1.31,-0.1,1.0,0.0,1.0,2,6856,287.8,1.63,0.09,-2.94,-30.0,248,249,3434,0.0349,-0.011,-0.002,-0.098,-6.62,0.59,740,-72,-2982,0,0,6927,0.1123,-0.012,-0.002,-0.098,-5.94,-0.09,764,-131,-5493,0,0,2880,0.0308,0.021,0.114,0.014,-5.19,-0.84,788,2084,-1845,0,0,6815,0.1081,0.019,0.075,-0.025,-5.3,-0.73,782,3038,-4747,0,0
67.32,4,2639.2,496.44,-0.08,3090.24,91.9,0.37,-1.31,-0.1,0.0,0.0,1.0,2,6794,302.1,1.71,0.07,-2.93,-30.77,247,250,3363,0.0347,-0.013,-0.002,-0.098,-6.62,0.59,741,-68,-2937,0,0,6790,0.1119,-0.023,-0.002,-0.098,-5.96,-0.07,767,-133,-5407,0,0,3003,0.0315,0.035,0.084,-0.016,-5.29,-0.75,834,2112,-1959,0,0,6957,0.1086,0.025,0.046,-0.054,-5.39,-0.64,829,2822,-4921,0,0
67.34,4,2639.7,496.51,-0.08,3090.75,92.1,0.39,-1.31,-0.1,0.0,0.0,1.0,2,6752,208.0,1.64,0.04,-2.92,-31.35,246,251,3321,0.0343,-0.019,-0.003,-0.097,-6.82,0.79,742,-78,-2907,0,0,6700,0.1112,-0.032,-0.002,-0.098,-6.18,0.14,768,-143,-5358,0,0,3075,0.0323,0.041,0.092,-0.008,-5.26,-0.77,817,2294,-1935,0,0,7076,0.1092,0.028,0.046,-0.054,-5.47,-0.56,808,3108,-4973,0,0
67.36,4,2640.2,496.58,-0.08,3091.26,92.2,0.31,-1.34,-0.1,0.0,0.0,1.0,2,6655,-81.5,1.29,0.02,-2.91,-31.3,245,252,3316,0.0339,-0.019,-0.003,-0.097,-6.7,0.67,744,-65,-2900,0,0,6698,0.1105,-0.035,-0.001,-0.099,-5.93,-0.1,769,-89,-5347,0,0,3063,0.0331,0.04,0.074,-0.026,-5.34,-0.69,765,1889,-2137,0,0,7139,0.1097,0.024,0.038,-0.062,-5.35,-0.68,762,2210,-5213,0,0
67.38,4,2640.7,496.64,-0.08,3091.77,92.2,0.01,-1.39,-0.1,0.0,0.0,1.0,2,6339,-67.0,0.93,0.02,-2.91,-30.34,246,252,3392,0.0337,-0.012,-0.001,-0.099,-6.85,0.81,745,-54,-2968,0,0,6827,0.1102,-0.015,-0.001,-0.099,-6.19,0.16,769,-45,-5451,0,0,2906,0.0334,0.016,0.03,-0.07,-5.08,-0.95,738,356,-2312,0,0,7064,0.1099,0.012,0.008,-0.092,-5.33,-0.71,747,-672,-5326,0,0
67.4,4,2641.2,496.69,-0.08,3092.28,92.0,-0.13,-1.39,-0.1,1.0,0.0,1.0,2,6233,-67.2,0.69,0.03,-2.91,-29.55,246,251,3462,0.0339,0.009,-0.001,-0.099,-6.85,0.82,743,-34,-3028,0,0,6955,0.1105,0.013,0.0,-0.1,-6.19,0.16,767,-70,-5549,0,0,2747,0.0329,-0.025,-0.009,-0.091,-5.28,-0.75,777,322,-2186,0,0,6894,0.1095,-0.02,-0.03,-0.07,-5.28,-0.75,783,-723,-5182,0,0
67.42,4,2641.7,496.74,-0.08,3092.78,91.9,-0.12,-1.38,-0.1,1.0,0.0,1.0,2,6391,122.8,0.68,0.05,-2.92,-29.05,247,250,3510,0.0341,0.013,0.0,-0.1,-6.85,0.82,742,-26,-3067,0,0,7043,0.1109,0.021,-0.002,-0.098,-6.22,0.19,766,-86,-5620,0,0,2675,0.0322,-0.034,0.037,-0.063,-5.22,-0.81,741,486,-2107,0,0,6780,0.109,-0.025,0.016,-0.084,-5.33,-0.7,747,-238,-5062,0,0
67.44,4,2642.2,496.79,-0.08,3093.29,91.7,-0.13,-1.38,-0.1,1.0,0.0,1.0,2,6371,172.2,0.9,0.07,-2.93,-28.73,248,249,3536,0.0344,0.012,0.0,-0.1,-6.54,0.51,741,-34,-3086,0,0,7087,0.1114,0.024,-0.001,-0.099,-6.23,0.19,764,-78,-5646,0,0,2623,0.0315,-0.034,-0.01,-0.09,-5.15,-0.88,774,275,-2068,0,0,6678,0.1086,-0.022,-0.03,-0.07,-5.29,-0.74,781,-731,-4995,0,0
67.46,4,2642.8,496.83,-0.08,3093.8,91.6,-0.12,-1.37,-0.1,1.0,0.0,1.0,2,6428,205.2,1.16,0.09,-2.94,-28.56,248,248,3567,0.0347,0.017,-0.002,-0.098,-6.87,0.84,740,-37,-3111,0,0,7137,0.1119,0.027,-0.002,-0.098,-6.14,0.11,763,-90,-5684,0,0,2600,0.0308,-0.035,0.036,-0.064,-4.96,-1.07,738,461,-2029,0,0,6599,0.1081,-0.024,0.014,-0.086,-5.24,-0.79,745,-312,-4920,0,0
67.48,4,2643.3,496.86,-0.08,3094.3,91.4,-0.09,-1.37,-0.1,1.0,0.0,1.0,2,6584,243.5,1.36,0.1,-2.94,-28.55,249,248,3574,0.035,0.015,-0.002,-0.098,-6.83,0.8,739,-43,-3120,0,0,7147,0.1125,0.028,-0.002,-0.098,-6.22,0.19,761,-99,-5689,0,0,2608,0.0303,-0.029,0.073,-0.027,-4.98,-1.05,761,1172,-1921,0,0,6558,0.1078,-0.016,0.046,-0.054,-5.22,-0.82,761,1293,-4851,0,0
67.5,4,2643.8,496.89,-0.08,3094.81,91.5,0.23,-1.33,-0.1,1.0,0.0,1.0,2,6697,267.4,1.51,0.1,-2.95,-29.33,249,248,3480,0.0351,0.005,-0.003,-0.097,-6.83,0.8,739,-76,-3043,0,0,7023,0.1127,0.012,-0.002,-0.098,-6.21,0.18,762,-122,-5597,0,0,2752,0.03,-0.011,0.088,-0.012,-5.13,-0.9,812,1948,-1790,0,0,6665,0.1077,-0.004,0.046,-0.054,-5.09,-0.94,804,2725,-4694,0,0
67.52,4,2644.3,496.91,-0.08,3095.32,91.7,0.32,-1.31,-0.1,1.0,0.0,1.0,2,6862,287.7,1.63,0.09,-2.95,-30.09,248,249,3409,0.0348,-0.013,-0.003,-0.097,-6.85,0.82,740,-81,-2980,0,0,6912,0.1124,-0.014,-0.002,-0.098,-6.02,-0.01,764,-109,-5508,0,0,2883,0.0305,0.022,0.116,0.016,-5.19,-0.85,789,2093,-1840,0,0,6824,0.1081,0.021,0.076,-0.024,-5.21,-0.82,782,3061,-4740,0,0
67.54,4,2644.8,496.93,-0.08,3095.83,91.9,0.37,-1.3,-0.1,0.0,0.0,1.0,2,6796,302.1,1.71,0.07,-2.94,-30.88,247,250,3349,0.0345,-0.015,-0.003,-0.097,-6.76,0.73,741,-83,-2933,0,0,6787,0.112,-0.024,0.0,-0.1,-6.2,0.17,767,-118,-5436,0,0,3002,0.0312,0.036,0.084,-0.016,-5.1,-0.94,834,2122,-1947,0,0,6971,0.1087,0.027,0.044,-0.056,-5.34,-0.69,830,2723,-4958,0,0
67.56,4,2645.3,496.94,-0.08,3096.34,92.1,0.39,-1.31,-0.1,0.0,0.0,1.0,2,6755,207.8,1.64,0.04,-2.93,-31.46,247,251,3297,0.0341,-0.021,-0.003,-0.097,-6.75,0.72,742,-79,-2895,0,0,6667,0.1113,-0.035,-0.003,-0.097,-6.11,0.08,768,-147,-5352,0,0,3079,0.0321,0.043,0.093,-0.007,-5.2,-0.84,817,2317,-1922,0,0,7074,0.1092,0.028,0.046,-0.054,-5.33,-0.7,808,3137,-4957,0,0
67.58,4,2645.8,496.95,-0.08,3096.86,92.2,0.3,-1.34,-0.1,0.0,0.0,1.0,2,6655,-81.5,1.29,0.02,-2.91,-31.4,246,252,3295,0.0337,-0.021,-0.001,-0.099,-6.86,0.83,744,-57,-2894,0,0,6638,0.1104,-0.041,-0.002,-0.098,-6.23,0.2,769,-67,-5340,0,0,3070,0.0329,0.042,0.074,-0.026,-5.3,-0.74,764,1905,-2133,0,0,7112,0.1097,0.022,0.037,-0.063,-5.46,-0.58,762,2194,-5214,0,0
67.6,4,2646.3,496.95,-0.08,3097.37,92.2,0.01,-1.38,-0.1,0.0,0.0,1.0,2,6337,-66.9,0.93,0.01,-2.91,-30.45,246,252,3388,0.0335,-0.011,0.0,-0.1,-6.89,0.86,745,-43,-2970,0,0,6757,0.1099,-0.026,-0.001,-0.099,-6.27,0.24,769,-45,-5435,0,0,2927,0.0333,0.019,0.029,-0.071,-5.32,-0.71,738,347,-2331,0,0,7005,0.1098,0.004,0.008,-0.092,-5.45,-0.58,748,-706,-5290,0,0
67.62,4,2646.8,496.94,-0.08,3097.88,92.0,-0.13,-1.39,-0.1,1.0,0.0,1.0,2,6232,-67.2,0.69,0.02,-2.91,-29.68,246,251,3456,0.0336,0.009,-0.001,-0.099,-6.9,0.87,743,-43,-3030,0,0,6898,0.11,0.006,-0.002,-0.098,-6.26,0.23,767,-100,-5530,0,0,2762,0.0328,-0.022,-0.01,-0.09,-5.15,-0.88,776,316,-2188,0,0,6827,0.1093,-0.025,-0.029,-0.071,-5.17,-0.86,783,-719,-5128,0,0
67.64,4,2647.3,496.94,-0.08,3098.39,91.9,-0.12,-1.38,-0.1,1.0,0.0,1.0,2,6390,122.8,0.68,0.04,-2.91,-29.2,247,250,3502,0.0339,0.012,-0.001,-0.099,-6.91,0.88,742,-22,-3066,0,0,7000,0.1104,0.02,-0.002,-0.098,-6.16,0.13,766,-82,-5608,0,0,2671,0.0322,-0.032,0.037,-0.063,-5.21,-0.82,741,477,-2106,0,0,6713,0.1088,-0.024,0.014,-0.086,-5.33,-0.7,748,-312,-5052,0,0
67.66,4,2647.9,496.92,-0.08,3098.9,91.7,-0.13,-1.38,-0.1,1.0,0.0,1.0,2,6369,172.2,0.9,0.06,-2.92,-28.93,247,249,3557,0.0342,0.017,0.0,-0.1,-6.91,0.88,741,-36,-3112,0,0,7078,0.1109,0.025,-0.001,-0.099,-6.26,0.23,765,-88,-5666,0,0,2618,0.0315,-0.037,-0.008,-0.092,-5.12,-0.91,774,292,-2068,0,0,6590,0.1082,-0.028,-0.029,-0.071,-5.09,-0.94,780,-723,-4912,0,0
67.68,4,2648.4,496.9,-0.08,3099.41,91.6,-0.12,-1.37,-0.1,1.0,0.0,1.0,2,6429,205.2,1.16,0.08,-2.93,-28.81,248,248,3544,0.0345,0.014,-0.002,-0.098,-6.9,0.87,740,-46,-3105,0,0,7150,0.1116,0.033,0.0,-0.1,-6.24,0.21,763,-83,-5708,0,0,2582,0.0307,-0.036,0.036,-0.064,-5.13,-0.9,738,457,-2021,0,0,6576,0.1079,-0.017,0.016,-0.084,-4.93,-1.1,745,-259,-4889,0,0
67.7,4,2648.9,496.88,-0.08,3099.91,91.4,-0.09,-1.37,-0.11,1.0,0.0,1.0,2,6584,243.4,1.36,0.1,-2.94,-28.85,248,248,3571,0.0347,0.012,0.0,-0.1,-6.91,0.88,739,-33,-3124,0,0,7156,0.1122,0.031,-0.001,-0.099,-6.26,0.23,762,-100,-5722,0,0,2603,0.0301,-0.03,0.073,-0.027,-5.07,-0.96,761,1146,-1935,0,0,6543,0.1076,-0.011,0.045,-0.055,-5.0,-1.03,761,1313,-4814,0,0
67.72,4,2649.4,496.85,-0.08,3100.42,91.5,0.23,-1.33,-0.11,1.0,0.0,1.0,2,6702,267.2,1.51,0.1,-2.95,-29.66,248,248,3487,0.0348,0.006,-0.002,-0.098,-6.9,0.87,739,-62,-3046,0,0,7036,0.1125,0.015,-0.002,-0.098,-6.03,-0.01,763,-125,-5612,0,0,2762,0.0299,-0.009,0.09,-0.01,-4.9,-1.13,813,1985,-1770,0,0,6670,0.1076,0.0,0.046,-0.054,-5.16,-0.88,805,2756,-4691,0,0
67.74,4,2649.9,496.81,-0.08,3100.93,91.7,0.32,-1.32,-0.11,0.0,0.0,1.0,2,6864,287.6,1.63,0.09,-2.95,-30.43,248,249,3402,0.0347,-0.009,-0.003,-0.097,-6.85,0.82,740,-77,-2981,0,0,6929,0.1123,-0.009,-0.002,-0.098,-6.24,0.21,765,-122,-5543,0,0,2880,0.0304,0.024,0.115,0.015,-5.2,-0.83,789,2084,-1849,0,0,6843,0.1081,0.024,0.076,-0.024,-5.31,-0.72,783,3054,-4770,0,0
67.76,4,2650.4,496.77,-0.08,3101.44,91.9,0.37,-1.31,-0.1,0.0,0.0,1.0,2,6778,197.2,1.58,0.07,-2.94,-31.18,247,250,3340,0.0343,-0.017,-0.003,-0.097,-6.89,0.86,741,-76,-2933,0,0,6778,0.1119,-0.025,-0.003,-0.097,-6.23,0.2,767,-155,-5442,0,0,2999,0.0311,0.035,0.085,-0.015,-5.24,-0.79,835,2111,-1962,0,0,6969,0.1087,0.028,0.045,-0.055,-5.4,-0.63,830,2747,-4974,0,0
67.78,4,2650.9,496.72,-0.08,3101.95,92.0,0.31,-1.34,-0.1,0.0,0.0,1.0,2,6639,-80.5,1.25,0.04,-2.94,-31.34,247,251,3300,0.0339,-0.021,-0.002,-0.098,-6.9,0.86,742,-64,-2901,0,0,6731,0.1112,-0.033,-0.002,-0.098,-6.09,0.05,768,-118,-5406,0,0,3021,0.0319,0.039,0.045,-0.055,-5.34,-0.69,807,1900,-2090,0,0,7066,0.1092,0.027,0.006,-0.094,-5.38,-0.65,804,2212,-5156,0,0
67.8,4,2651.4,496.67,-0.08,3102.46,92.0,0.04,-1.38,-0.1,0.0,0.0,1.0,2,6253,-67.5,0.9,0.04,-2.93,-30.54,246,251,3354,0.0336,-0.015,-0.002,-0.098,-6.84,0.81,743,-46,-2946,0,0,6800,0.1107,-0.023,-0.001,-0.099,-6.26,0.23,768,-69,-5472,0,0,2920,0.0324,0.024,-0.019,-0.081,-5.19,-0.84,771,181,-2322,0,0,7028,0.1095,0.017,-0.037,-0.063,-5.43,-0.6,779,-1105,-5254,0,0
67.82,4,2651.9,496.61,-0.08,3102.96,91.8,-0.13,-1.39,-0.1,1.0,0.0,1.0,2,6297,-66.7,0.67,0.04,-2.93,-29.77,246,250,3441,0.0337,0.004,-0.001,-0.099,-6.68,0.65,742,-39,-3015,0,0,6938,0.1108,0.004,0.001,-0.099,-6.18,0.15,765,-58,-5556,0,0,2779,0.0321,-0.013,0.037,-0.063,-5.18,-0.85,741,516,-2190,0,0,6894,0.1093,-0.013,0.014,-0.086,-5.34,-0.7,748,-283,-5186,0,0
67.84,4,2652.4,496.55,-0.08,3103.47,91.7,-0.12,-1.38,-0.1,1.0,0.0,1.0,2,6307,122.3,0.67,0.05,-2.93,-29.24,246,249,3502,0.0339,0.013,0.002,-0.098,-6.76,0.73,741,-16,-3062,0,0,6992,0.1111,0.015,-0.002,-0.098,-6.17,0.13,764,-74,-5603,0,0,2716,0.0317,-0.023,-0.01,-0.09,-5.2,-0.83,774,295,-2143,0,0,6764,0.1089,-0.02,-0.03,-0.07,-5.25,-0.78,780,-736,-5062,0,0
67.86,4,2653.0,496.48,-0.08,3103.97,91.5,-0.12,-1.38,-0.1,1.0,0.0,1.0,2,6422,173.1,0.89,0.07,-2.94,-28.92,247,248,3542,0.0342,0.016,-0.002,-0.098,-6.89,0.86,740,-47,-3100,0,0,7065,0.1115,0.02,-0.002,-0.098,-6.23,0.2,763,-82,-5658,0,0,2651,0.0311,-0.027,0.036,-0.064,-5.07,-0.96,738,470,-2080,0,0,6658,0.1084,-0.023,0.015,-0.085,-5.27,-0.76,745,-293,-4990,0,0
67.88,4,2653.5,496.41,-0.08,3104.47,91.4,-0.13,-1.37,-0.1,1.0,0.0,1.0,2,6359,202.9,1.15,0.09,-2.95,-28.77,247,247,3555,0.0346,0.016,-0.002,-0.098,-6.84,0.81,738,-41,-3112,0,0,7141,0.112,0.026,-0.002,-0.098,-6.24,0.21,762,-93,-5704,0,0,2615,0.0305,-0.03,-0.01,-0.09,-5.1,-0.93,771,279,-2050,0,0,6613,0.108,-0.021,-0.03,-0.07,-5.21,-0.82,778,-731,-4909,0,0
67.9,4,2654.0,496.33,-0.08,3104.97,91.4,0.07,-1.36,-0.11,1.0,0.0,1.0,2,6631,236.5,1.35,0.1,-2.95,-29.16,248,247,3544,0.0348,0.013,-0.002,-0.098,-6.82,0.79,738,-59,-3099,0,0,7081,0.1125,0.023,-0.002,-0.098,-6.24,0.21,761,-114,-5658,0,0,2672,0.0301,-0.023,0.041,-0.059,-5.11,-0.92,801,1483,-1904,0,0,6590,0.1078,-0.012,0.008,-0.092,-5.22,-0.81,799,1699,-4824,0,0
67.92,4,2654.5,496.25,-0.08,3105.48,91.5,0.29,-1.32,-0.11,1.0,0.0,1.0,2,6863,264.1,1.51,0.09,-2.95,-30.03,248,248,3433,0.0348,-0.002,-0.003,-0.097,-6.87,0.84,738,-71,-3010,0,0,6932,0.1125,-0.001,-0.003,-0.097,-6.13,0.09,763,-133,-5549,0,0,2827,0.0302,0.006,0.118,0.018,-5.15,-0.88,790,2096,-1784,0,0,6729,0.1079,0.006,0.079,-0.021,-5.27,-0.76,782,3164,-4644,0,0
67.94,4,2655.0,496.16,-0.08,3105.98,91.7,0.38,-1.3,-0.11,0.0,0.0,1.0,2,6784,284.9,1.62,0.07,-2.94,-30.96,247,249,3349,0.0345,-0.016,-0.002,-0.098,-6.86,0.83,739,-62,-2937,0,0,6795,0.1119,-0.027,-0.003,-0.097,-6.18,0.15,765,-144,-5448,0,0,2967,0.0308,0.033,0.086,-0.014,-5.24,-0.79,833,2106,-1926,0,0,6892,0.1083,0.022,0.044,-0.056,-5.34,-0.69,828,2762,-4878,0,0
67.96,4,2655.5,496.07,-0.08,3106.48,91.9,0.38,-1.31,-0.1,0.0,0.0,1.0,2,6727,199.5,1.57,0.05,-2.93,-31.58,246,250,3327,0.034,-0.022,-0.002,-0.098,-6.89,0.86,741,-72,-2920,0,0,6684,0.1112,-0.035,-0.002,-0.098,-6.23,0.2,767,-128,-5379,0,0,3063,0.0317,0.043,0.09,-0.01,-5.3,-0.73,814,2267,-1939,0,0,6999,0.1089,0.029,0.044,-0.056,-5.44,-0.59,805,2990,-4948,0,0
67.98,4,2656.0,495.97,-0.08,3106.98,92.0,0.3,-1.34,-0.1,0.0,0.0,1.0,2,6647,-79.7,1.25,0.03,-2.92,-31.57,245,251,3323,0.0337,-0.016,-0.002,-0.098,-6.88,0.85,742,-61,-2914,0,0,6688,0.1105,-0.038,-0.002,-0.098,-6.21,0.18,768,-116,-5376,0,0,3053,0.0326,0.043,0.076,-0.024,-5.35,-0.68,764,1891,-2129,0,0,7060,0.1093,0.02,0.039,-0.061,-5.48,-0.55,761,2212,-5165,0,0
68.0,4,2656.5,495.87,-0.08,3107.48,92.0,0.01,-1.38,-0.1,0.0,0.0,1.0,2,6324,-66.9,0.9,0.02,-2.91,-30.67,245,251,3390,0.0335,-0.01,-0.001,-0.099,-6.84,0.81,743,-51,-2970,0,0,6797,0.1101,-0.019,0.0,-0.1,-6.22,0.19,768,-66,-5462,0,0,2924,0.0329,0.019,0.029,-0.071,-5.32,-0.71,737,343,-2331,0,0,7001,0.1095,0.011,0.009,-0.091,-5.44,-0.59,746,-709,-5280,0,0
68.02,4,2657.0,495.76,-0.08,3107.98,91.8,-0.14,-1.39,-0.1,1.0,0.0,1.0,2,6222,-67.2,0.67,0.03,-2.91,-29.94,245,250,3478,0.0338,0.012,-0.001,-0.099,-6.88,0.85,742,-36,-3046,0,0,6956,0.1103,0.011,-0.002,-0.098,-6.24,0.21,766,-80,-5567,0,0,2780,0.0326,-0.016,-0.009,-0.091,-5.28,-0.76,775,328,-2211,0,0,6869,0.1092,-0.017,-0.03,-0.07,-5.39,-0.64,781,-701,-5163,0,0
68.04,4,2657.5,495.64,-0.08,3108.48,91.7,-0.12,-1.39,-0.1,1.0,0.0,1.0,2,6378,122.9,0.67,0.05,-2.93,-29.43,246,249,3511,0.034,0.013,-0.001,-0.099,-6.87,0.84,741,-35,-3075,0,0,7082,0.1108,0.026,-0.001,-0.099,-6.22,0.19,765,-77,-5642,0,0,2659,0.032,-0.031,0.037,-0.063,-5.15,-0.88,739,478,-2099,0,0,6770,0.1088,-0.019,0.015,-0.085,-5.34,-0.69,746,-303,-5094,0,0
68.06,4,2658.0,495.52,-0.08,3108.97,91.5,-0.13,-1.38,-0.1,1.0,0.0,1.0,2,6359,172.3,0.89,0.07,-2.93,-29.1,247,248,3539,0.0343,0.015,-0.001,-0.099,-6.87,0.84,739,-36,-3097,0,0,7073,0.1115,0.03,-0.002,-0.098,-6.15,0.12,763,-97,-5650,0,0,2649,0.0313,-0.035,-0.009,-0.091,-5.18,-0.85,773,291,-2090,0,0,6666,0.1084,-0.02,-0.029,-0.071,-5.3,-0.73,779,-722,-5000,0,0
68.08,4,2658.6,495.4,-0.08,3109.46,91.4,-0.12,-1.37,-0.1,1.0,0.0,1.0,2,6418,203.7,1.15,0.09,-2.94,-28.89,247,247,3564,0.0346,0.014,-0.001,-0.099,-6.79,0.76,738,-42,-3113,0,0,7100,0.1119,0.022,-0.002,-0.098,-6.1,0.07,762,-87,-5667,0,0,2629,0.0307,-0.029,0.036,-0.064,-5.11,-0.92,737,474,-2057,0,0,6583,0.108,-0.021,0.015,-0.085,-5.28,-0.76,744,-304,-4937,0,0
68.1,4,2659.1,495.27,-0.08,3109.95,91.2,-0.11,-1.37,-0.1,1.0,0.0,1.0,2,6523,243.2,1.35,0.11,-2.95,-28.81,248,246,3581,0.0349,0.016,-0.001,-0.099,-6.86,0.83,737,-36,-3128,0,0,7160,0.1124,0.026,-0.002,-0.098,-6.21,0.18,760,-85,-5702,0,0,2604,0.0302,-0.027,0.082,-0.018,-5.04,-1.0,767,916,-1979,0,0,6544,0.1077,-0.017,0.057,-0.043,-5.2,-0.83,771,769,-4877,0,0
68.12,4,2659.6,495.13,-0.08,3110.44,91.3,0.17,-1.34,-0.1,1.0,0.0,1.0,2,6664,267.6,1.51,0.11,-2.95,-29.42,248,247,3495,0.0351,0.007,-0.002,-0.098,-6.78,0.75,737,-66,-3053,0,0,7050,0.1128,0.018,-0.002,-0.098,-6.19,0.16,761,-134,-5622,0,0,2730,0.0299,-0.015,0.085,-0.015,-5.1,-0.93,808,1853,-1814,0,0,6636,0.1076,-0.004,0.044,-0.056,-5.23,-0.8,801,2529,-4725,0,0
68.14,4,2660.1,494.99,-0.08,3110.93,91.4,0.31,-1.32,-0.1,1.0,0.0,1.0,2,6852,287.3,1.62,0.1,-2.95,-30.2,247,248,3405,0.0349,-0.011,-0.002,-0.098,-6.76,0.73,738,-73,-2978,0,0,6908,0.1126,-0.011,-0.002,-0.098,-6.08,0.05,762,-119,-5513,0,0,2875,0.0302,0.018,0.116,0.016,-5.17,-0.86,788,2097,-1832,0,0,6792,0.1079,0.018,0.077,-0.023,-5.29,-0.74,781,3096,-4709,0,0
68.16,4,2660.6,494.85,-0.08,3111.42,91.6,0.37,-1.3,-0.1,0.0,0.0,1.0,2,6781,302.1,1.71,0.07,-2.94,-31.03,247,249,3347,0.0345,-0.016,-0.002,-0.098,-6.82,0.79,739,-71,-2930,0,0,6764,0.112,-0.027,-0.002,-0.098,-6.18,0.15,765,-127,-5419,0,0,3009,0.031,0.038,0.085,-0.015,-5.16,-0.87,832,2129,-1951,0,0,6933,0.1085,0.026,0.045,-0.055,-5.36,-0.67,828,2760,-4912,0,0
68.18,4,2661.1,494.7,-0.08,3111.9,91.8,0.38,-1.31,-0.1,0.0,0.0,1.0,2,6742,208.0,1.64,0.05,-2.93,-31.62,246,250,3314,0.0341,-0.021,-0.003,-0.097,-6.84,0.8,741,-74,-2904,0,0,6673,0.1112,-0.04,-0.002,-0.098,-6.17,0.14,766,-125,-5352,0,0,3070,0.0319,0.046,0.093,-0.007,-5.25,-0.78,816,2303,-1925,0,0,7023,0.109,0.027,0.047,-0.053,-5.44,-0.59,807,3108,-4940,0,0
68.2,4,2661.6,494.54,-0.08,3112.39,92.0,0.31,-1.33,-0.1,0.0,0.0,1.0,2,6641,-81.3,1.29,0.02,-2.92,-31.56,245,251,3282,0.0337,-0.022,-0.002,-0.098,-6.83,0.8,742,-68,-2876,0,0,6655,0.1104,-0.043,-0.002,-0.098,-6.19,0.16,768,-120,-5338,0,0,3058,0.0328,0.042,0.075,-0.025,-5.38,-0.66,763,1893,-2136,0,0,7094,0.1094,0.022,0.038,-0.062,-5.35,-0.68,760,2202,-5188,0,0
68.22,4,2662.1,494.38,-0.08,3112.87,91.9,0.01,-1.38,-0.1,0.0,0.0,1.0,2,6322,-66.8,0.93,0.02,-2.91,-30.58,244,250,3346,0.0334,-0.015,-0.001,-0.099,-6.84,0.81,743,-46,-2932,0,0,6788,0.11,-0.019,-0.001,-0.099,-6.2,0.17,768,-68,-5441,0,0,2925,0.0331,0.019,0.029,-0.071,-5.27,-0.76,736,350,-2333,0,0,7062,0.1097,0.015,0.009,-0.091,-5.44,-0.59,746,-688,-5316,0,0
68.24,4,2662.6,494.21,-0.08,3113.36,91.8,-0.13,-1.39,-0.1,1.0,0.0,1.0,2,6219,-67.1,0.69,0.03,-2.92,-29.75,244,249,3439,0.0335,0.005,-0.001,-0.099,-6.81,0.78,742,-40,-3009,0,0,6919,0.1102,0.009,-0.001,-0.099,-6.08,0.05,766,-84,-5527,0,0,2764,0.0327,-0.02,-0.009,-0.091,-5.27,-0.76,775,323,-2198,0,0,6884,0.1094,-0.017,-0.029,-0.071,-5.2,-0.83,781,-710,-5175,0,0
68.26,4,2663.1,494.04,-0.08,3113.84,91.6,-0.12,-1.38,-0.1,1.0,0.0,1.0,2,6376,122.9,0.68,0.04,-2.92,-29.22,245,249,3507,0.0338,0.014,-0.001,-0.099,-6.81,0.78,740,-36,-3064,0,0,7034,0.1107,0.026,0.0,-0.1,-6.14,0.11,764,-68,-5613,0,0,2665,0.0321,-0.034,0.037,-0.063,-5.19,-0.84,739,478,-2104,0,0,6757,0.109,-0.022,0.015,-0.085,-5.33,-0.7,746,-300,-5089,0,0
68.28,4,2663.6,493.87,-0.08,3114.31,91.5,-0.12,-1.38,-0.1,1.0,0.0,1.0,2,6355,172.4,0.9,0.06,-2.93,-28.9,246,248,3548,0.0341,0.018,-0.001,-0.099,-6.81,0.77,739,-42,-3096,0,0,7071,0.1112,0.026,-0.001,-0.099,-6.19,0.16,763,-69,-5641,0,0,2631,0.0314,-0.035,-0.01,-0.09,-5.14,-0.89,772,284,-2077,0,0,6642,0.1084,-0.026,-0.03,-0.07,-5.29,-0.74,778,-722,-4980,0,0
68.3,4,2664.1,493.69,-0.08,3114.79,91.3,-0.12,-1.37,-0.1,1.0,0.0,1.0,2,6416,205.3,1.16,0.09,-2.94,-28.72,246,247,3565,0.0345,0.018,-0.001,-0.099,-6.72,0.69,738,-35,-3110,0,0,7146,0.1117,0.024,-0.001,-0.099,-6.18,0.15,761,-82,-5689,0,0,2594,0.0308,-0.031,0.037,-0.063,-5.13,-0.9,737,464,-2033,0,0,6581,0.1079,-0.025,0.015,-0.085,-5.2,-0.84,743,-290,-4931,0,0
68.32,4,2664.7,493.5,-0.08,3115.26,91.2,-0.09,-1.37,-0.1,1.0,0.0,1.0,2,6570,243.6,1.36,0.1,-2.94,-28.71,247,246,3570,0.0348,0.016,-0.001,-0.099,-6.79,0.76,737,-33,-3114,0,0,7126,0.1123,0.03,-0.002,-0.098,-6.15,0.12,760,-102,-5677,0,0,2625,0.0302,-0.029,0.074,-0.026,-5.09,-0.94,759,1160,-1950,0,0,6544,0.1076,-0.015,0.045,-0.055,-5.21,-0.82,760,1272,-4842,0,0
68.34,4,2665.2,493.31,-0.08,3115.73,91.3,0.23,-1.33,-0.1,1.0,0.0,1.0,2,6687,267.7,1.51,0.1,-2.95,-29.48,247,247,3475,0.0349,0.004,-0.002,-0.098,-6.78,0.75,737,-68,-3035,0,0,7009,0.1125,0.01,-0.002,-0.098,-6.15,0.12,761,-131,-5583,0,0,2771,0.03,-0.007,0.089,-0.011,-5.11,-0.92,811,1980,-1788,0,0,6665,0.1076,-0.001,0.047,-0.053,-5.23,-0.8,803,2764,-4697,0,0
68.36,4,2665.7,493.12,-0.08,3116.2,91.4,0.32,-1.31,-0.1,1.0,0.0,1.0,2,6847,288.2,1.63,0.09,-2.94,-30.21,247,248,3428,0.0347,-0.01,-0.002,-0.098,-6.81,0.78,738,-67,-2993,0,0,6870,0.1122,-0.016,-0.002,-0.098,-6.14,0.11,763,-120,-5486,0,0,2909,0.0306,0.026,0.115,0.015,-5.16,-0.87,787,2105,-1863,0,0,6786,0.108,0.02,0.077,-0.023,-5.27,-0.76,781,3049,-4730,0,0
68.38,4,2666.2,492.92,-0.08,3116.66,91.7,0.41,-1.29,-0.1,0.0,0.0,1.0,2,6948,296.3,1.71,0.06,-2.93,-31.18,246,249,3357,0.0344,-0.013,-0.002,-0.098,-6.78,0.75,739,-73,-2934,0,0,6714,0.1115,-0.031,-0.003,-0.097,-6.1,0.07,765,-145,-5369,0,0,3058,0.0314,0.041,0.076,-0.024,-5.24,-0.79,823,2405,-1832,0,0,6930,0.1085,0.022,0.027,-0.073,-5.39,-0.64,813,3504,-4734,0,0
68.4,4,2666.7,492.71,-0.08,3117.13,91.9,0.47,-1.27,-0.1,0.0,0.0,1.0,2,6800,206.0,1.64,0.03,-2.9,-32.19,245,250,3313,0.034,-0.019,-0.002,-0.098,-6.78,0.75,741,-75,-2899,0,0,6580,0.1106,-0.047,-0.002,-0.098,-6.12,0.09,768,-130,-5275,0,0,3150,0.0325,0.055,0.104,0.004,-5.38,-0.65,824,2506,-1872,0,0,7028,0.109,0.027,0.053,-0.047,-5.5,-0.53,812,3506,-4847,0,0
68.42,4,2667.2,492.5,-0.08,3117.6,92.1,0.32,-1.33,-0.1,0.0,0.0,1.0,2,6641,-81.3,1.29,0.01,-2.89,-32.07,244,251,3298,0.0336,-0.021,-0.002,-0.098,-6.8,0.76,743,-69,-2886,0,0,6626,0.1096,-0.047,-0.002,-0.098,-6.15,0.11,769,-107,-5310,0,0,3103,0.0335,0.05,0.074,-0.026,-5.43,-0.6,763,1893,-2186,0,0,7106,0.1095,0.024,0.038,-0.062,-5.54,-0.49,761,2125,-5252,0,0
68.44,4,2667.7,492.28,-0.08,3118.06,92.0,0.01,-1.39,-0.1,0.0,0.0,1.0,2,6331,-66.9,0.93,0.0,-2.89,-31.01,244,251,3376,0.0334,-0.01,-0.001,-0.099,-6.78,0.75,743,-42,-2952,0,0,6772,0.1093,-0.015,-0.001,-0.099,-6.15,0.12,769,-70,-5416,0,0,2925,0.0337,0.013,0.029,-0.071,-5.28,-0.75,737,356,-2344,0,0,7013,0.1097,0.009,0.008,-0.092,-5.52,-0.51,747,-694,-5330,0,0
68.46,4,2668.2,492.06,-0.08,3118.52,91.9,-0.13,-1.39,-0.1,1.0,0.0,1.0,2,6226,-67.2,0.69,0.01,-2.89,-30.14,244,250,3461,0.0336,0.01,-0.001,-0.099,-6.76,0.73,742,-34,-3020,0,0,6889,0.1096,0.015,-0.002,-0.098,-6.16,0.13,766,-79,-5503,0,0,2795,0.0333,-0.024,-0.009,-0.091,-5.35,-0.68,776,328,-2241,0,0,6853,0.1093,-0.018,-0.03,-0.07,-5.47,-0.56,782,-709,-5197,0,0
68.48,4,2668.7,491.84,-0.08,3118.98,91.7,-0.12,-1.39,-0.1,1.0,0.0,1.0,2,6383,122.9,0.68,0.03,-2.9,-29.55,245,249,3517,0.0339,0.013,-0.001,-0.099,-6.76,0.73,741,-41,-3066,0,0,7004,0.11,0.019,-0.001,-0.099,-6.11,0.08,765,-79,-5581,0,0,2677,0.0326,-0.032,0.037,-0.063,-5.22,-0.81,740,475,-2127,0,0,6710,0.1088,-0.026,0.015,-0.085,-5.37,-0.66,747,-302,-5092,0,0
68.5,4,2669.2,491.61,-0.08,3119.43,91.6,-0.12,-1.38,-0.1,1.0,0.0,1.0,2,6361,172.3,0.9,0.06,-2.9,-29.2,246,248,3576,0.0343,0.019,-0.001,-0.099,-6.75,0.72,740,-41,-3111,0,0,7076,0.1106,0.029,-0.001,-0.099,-6.15,0.12,764,-87,-5629,0,0,2619,0.0319,-0.038,-0.01,-0.09,-5.24,-0.79,773,283,-2086,0,0,6579,0.1082,-0.028,-0.03,-0.07,-5.37,-0.66,779,-713,-4971,0,0
68.52,4,2669.7,491.38,-0.08,3119.88,91.4,-0.12,-1.38,-0.1,1.0,0.0,1.0,2,6422,205.3,1.16,0.08,-2.91,-28.96,247,247,3572,0.0346,0.019,-0.001,-0.099,-6.75,0.72,739,-37,-3110,0,0,7128,0.1113,0.033,-0.001,-0.099,-6.02,-0.01,762,-74,-5656,0,0,2599,0.0311,-0.037,0.037,-0.063,-5.2,-0.83,737,464,-2052,0,0,6534,0.1077,-0.023,0.015,-0.085,-5.31,-0.72,744,-284,-4938,0,0
68.54,4,2670.3,491.14,-0.08,3120.33,91.3,-0.09,-1.37,-0.1,1.0,0.0,1.0,2,6577,243.6,1.36,0.1,-2.92,-28.92,247,247,3571,0.0349,0.015,-0.001,-0.099,-6.71,0.68,738,-41,-3106,0,0,7161,0.1118,0.029,-0.002,-0.098,-6.11,0.08,761,-91,-5680,0,0,2584,0.0304,-0.034,0.074,-0.026,-5.15,-0.88,760,1133,-1939,0,0,6488,0.1073,-0.02,0.045,-0.055,-5.29,-0.74,761,1239,-4845,0,0
68.56,4,2670.8,490.89,-0.08,3120.78,91.4,0.23,-1.33,-0.1,1.0,0.0,1.0,2,6701,267.2,1.51,0.1,-2.93,-29.66,248,247,3448,0.035,0.002,-0.002,-0.098,-6.72,0.69,738,-68,-3004,0,0,6989,0.1122,0.016,-0.002,-0.098,-6.08,0.05,762,-140,-5554,0,0,2750,0.0302,-0.013,0.09,-0.01,-5.22,-0.81,812,1963,-1789,0,0,6609,0.1073,0.0,0.048,-0.052,-5.31,-0.72,805,2760,-4691,0,0
68.58,4,2671.3,490.65,-0.08,3121.22,91.5,0.32,-1.31,-0.1,0.65,0.0,1.0,2,6860,287.7,1.63,0.08,-2.93,-30.35,248,248,3387,0.0347,-0.014,-0.002,-0.098,-6.73,0.7,739,-64,-2953,0,0,6839,0.1118,-0.017,-0.002,-0.098,-6.07,0.04,764,-117,-5447,0,0,2901,0.0307,0.024,0.116,0.016,-5.27,-0.76,789,2097,-1872,0,0,6749,0.1078,0.021,0.077,-0.023,-5.38,-0.65,782,3036,-4745,0,0
68.6,4,2671.8,490.39,-0.08,3121.66,91.7,0.37,-1.3,-0.1,0.0,0.0,1.0,2,6780,237.5,1.59,0.06,-2.92,-31.04,246,249,3310,0.0343,-0.023,-0.002,-0.098,-6.74,0.71,740,-72,-2890,0,0,6735,0.1112,-0.032,-0.002,-0.098,-6.09,0.06,766,-125,-5373,0,0,3011,0.0314,0.036,0.086,-0.014,-5.28,-0.75,834,2118,-1977,0,0,6916,0.1083,0.027,0.045,-0.055,-5.44,-0.59,829,2752,-4953,0,0
68.62,4,2672.3,490.14,-0.08,3122.1,91.9,0.37,-1.31,-0.1,0.0,0.0,1.0,2,6762,8.8,1.35,0.03,-2.91,-31.46,245,250,3311,0.0339,-0.021,-0.002,-0.098,-6.72,0.69,742,-69,-2890,0,0,6646,0.1104,-0.037,-0.002,-0.098,-6.07,0.04,767,-122,-5312,0,0,3087,0.0323,0.045,0.057,-0.043,-5.37,-0.66,813,2145,-2047,0,0,7002,0.1089,0.028,0.015,-0.085,-5.52,-0.51,808,2721,-5051,0,0
68.64,4,2672.8,489.87,-0.08,3122.54,92.0,0.26,-1.35,-0.1,0.0,0.0,1.0,2,6553,-68.5,0.98,0.01,-2.9,-31.17,244,251,3313,0.0335,-0.016,-0.002,-0.098,-6.69,0.66,743,-63,-2892,0,0,6692,0.1098,-0.033,-0.001,-0.099,-6.12,0.09,769,-98,-5349,0,0,3036,0.0331,0.039,0.077,-0.023,-5.39,-0.64,767,1564,-2241,0,0,7056,0.1093,0.021,0.047,-0.053,-5.52,-0.51,769,1522,-5298,0,0
68.66,4,2673.3,489.6,-0.08,3122.98,91.9,-0.07,-1.39,-0.1,1.0,0.0,1.0,2,6222,-67.2,0.72,0.02,-2.91,-30.11,244,250,3389,0.0334,-0.007,-0.001,-0.099,-6.76,0.73,743,-38,-2957,0,0,6873,0.1097,-0.006,-0.001,-0.099,-6.12,0.09,768,-62,-5477,0,0,2854,0.0332,0.005,-0.012,-0.088,-5.36,-0.67,775,164,-2297,0,0,6983,0.1094,0.007,-0.031,-0.069,-5.42,-0.61,783,-972,-5276,0,0
68.68,4,2673.8,489.33,-0.08,3123.41,91.8,-0.12,-1.39,-0.1,1.0,0.0,1.0,2,6398,122.8,0.71,0.03,-2.91,-29.37,245,249,3471,0.0336,0.008,-0.001,-0.099,-6.72,0.69,742,-41,-3024,0,0,6993,0.1102,0.027,-0.001,-0.099,-6.1,0.07,766,-81,-5562,0,0,2708,0.0325,-0.032,0.037,-0.063,-5.3,-0.73,740,490,-2154,0,0,6827,0.1092,-0.013,0.014,-0.086,-5.42,-0.61,747,-281,-5181,0,0
68.7,4,2674.3,489.06,-0.08,3123.84,91.6,-0.12,-1.38,-0.1,1.0,0.0,1.0,2,6366,172.3,0.92,0.05,-2.92,-28.89,246,249,3540,0.0339,0.019,-0.001,-0.099,-6.74,0.71,741,-37,-3080,0,0,7038,0.1107,0.026,-0.001,-0.099,-6.11,0.08,764,-85,-5596,0,0,2664,0.0318,-0.035,-0.01,-0.09,-5.25,-0.78,774,282,-2121,0,0,6678,0.1086,-0.029,-0.03,-0.07,-5.35,-0.68,780,-713,-5040,0,0
68.72,4,2674.8,488.78,-0.08,3124.26,91.5,-0.12,-1.38,-0.1,1.0,0.0,1.0,2,6427,207.9,1.17,0.07,-2.93,-28.62,247,248,3568,0.0343,0.021,-0.001,-0.099,-6.74,0.7,740,-39,-3103,0,0,7141,0.1113,0.03,-0.001,-0.099,-6.1,0.07,763,-82,-5664,0,0,2593,0.0311,-0.035,0.037,-0.063,-5.19,-0.84,738,459,-2047,0,0,6591,0.1081,-0.026,0.015,-0.085,-5.3,-0.73,745,-290,-4973,0,0
68.74,4,2675.3,488.49,-0.08,3124.68,91.3,-0.09,-1.37,-0.1,1.0,0.0,1.0,2,6582,245.5,1.37,0.09,-2.94,-28.54,247,247,3578,0.0347,0.017,-0.001,-0.099,-6.74,0.71,739,-40,-3112,0,0,7168,0.112,0.033,-0.002,-0.098,-6.09,0.06,761,-96,-5681,0,0,2600,0.0305,-0.032,0.074,-0.026,-5.15,-0.88,761,1139,-1948,0,0,6564,0.1078,-0.016,0.045,-0.055,-5.27,-0.76,761,1264,-4886,0,0
68.76,4,2675.9,488.21,-0.08,3125.1,91.4,0.23,-1.33,-0.1,1.0,0.0,1.0,2,6704,268.7,1.52,0.09,-2.94,-29.25,248,248,3454,0.0348,0.003,-0.002,-0.098,-6.71,0.68,739,-69,-3007,0,0,6988,0.1123,0.016,-0.002,-0.098,-6.1,0.07,762,-137,-5554,0,0,2770,0.0302,-0.014,0.09,-0.01,-5.18,-0.85,813,1976,-1798,0,0,6685,0.1077,-0.001,0.048,-0.052,-5.29,-0.74,805,2783,-4730,0,0
68.78,4,2676.4,487.91,-0.08,3125.52,91.6,0.32,-1.31,-0.1,1.0,0.0,1.0,2,6861,288.9,1.63,0.08,-2.94,-29.93,247,249,3385,0.0345,-0.014,-0.002,-0.098,-6.71,0.68,740,-67,-2951,0,0,6889,0.112,-0.015,-0.002,-0.098,-6.1,0.07,764,-122,-5482,0,0,2892,0.0307,0.025,0.115,0.015,-5.2,-0.83,789,2087,-1862,0,0,6852,0.1082,0.024,0.077,-0.023,-5.33,-0.7,782,3067,-4793,0,0
68.8,4,2676.9,487.61,-0.08,3125.93,91.8,0.41,-1.29,-0.1,0.0,0.0,1.0,2,6964,296.6,1.72,0.05,-2.93,-30.85,246,250,3332,0.0341,-0.017,-0.002,-0.098,-6.74,0.71,741,-74,-2908,0,0,6749,0.1115,-0.026,-0.002,-0.098,-6.11,0.08,766,-137,-5386,0,0,3025,0.0314,0.035,0.077,-0.023,-5.3,-0.73,825,2374,-1824,0,0,6991,0.1088,0.026,0.027,-0.073,-5.41,-0.62,815,3539,-4780,0,0
68.82,4,2677.4,487.31,-0.08,3126.34,92.1,0.47,-1.28,-0.1,0.0,0.0,1.0,2,6814,206.0,1.64,0.03,-2.91,-31.85,246,251,3318,0.0337,-0.019,-0.002,-0.098,-6.73,0.69,743,-76,-2897,0,0,6592,0.1106,-0.042,-0.002,-0.098,-6.08,0.05,769,-131,-5275,0,0,3131,0.0324,0.052,0.105,0.005,-5.43,-0.6,826,2490,-1867,0,0,7063,0.1093,0.028,0.053,-0.047,-5.53,-0.5,813,3509,-4882,0,0
68.84,4,2677.9,487.0,-0.08,3126.75,92.2,0.32,-1.33,-0.1,0.0,0.0,1.0,2,6654,-81.6,1.29,0.0,-2.9,-31.72,245,252,3288,0.0334,-0.017,-0.002,-0.098,-6.76,0.73,744,-67,-2874,0,0,6597,0.1096,-0.05,-0.001,-0.099,-6.09,0.06,770,-102,-5283,0,0,3097,0.0334,0.049,0.074,-0.026,-5.47,-0.56,765,1884,-2188,0,0,7109,0.1097,0.017,0.038,-0.062,-5.58,-0.45,762,2137,-5264,0,0
68.86,4,2678.4,486.69,-0.08,3127.16,92.2,0.02,-1.39,-0.1,0.0,0.0,1.0,2,6342,-67.0,0.93,0.0,-2.89,-30.61,244,252,3363,0.0331,-0.013,-0.001,-0.099,-6.75,0.72,745,-44,-2938,0,0,6714,0.1091,-0.025,-0.001,-0.099,-6.14,0.11,770,-66,-5373,0,0,2953,0.0338,0.017,0.029,-0.071,-5.42,-0.61,739,351,-2377,0,0,7018,0.1098,0.005,0.009,-0.091,-5.52,-0.51,748,-684,-5346,0,0
68.88,4,2678.9,486.38,-0.08,3127.56,92.0,-0.13,-1.39,-0.1,1.0,0.0,1.0,2,6237,-67.3,0.69,0.01,-2.89,-29.72,245,251,3442,0.0333,0.01,-0.001,-0.099,-6.77,0.74,744,-37,-3004,0,0,6878,0.1093,0.01,-0.001,-0.099,-6.12,0.09,768,-76,-5490,0,0,2785,0.0333,-0.023,-0.009,-0.091,-5.33,-0.7,777,322,-2234,0,0,6857,0.1093,-0.023,-0.03,-0.07,-5.47,-0.56,783,-701,-5211,0,0
68.9,4,2679.4,486.06,-0.08,3127.96,91.9,-0.12,-1.39,-0.1,1.0,0.0,1.0,2,6394,122.8,0.68,0.02,-2.9,-29.07,245,250,3478,0.0335,0.01,-0.001,-0.099,-6.75,0.72,743,-38,-3033,0,0,6981,0.1098,0.022,-0.001,-0.099,-6.16,0.13,766,-80,-5565,0,0,2695,0.0327,-0.032,0.037,-0.063,-5.26,-0.77,741,472,-2144,0,0,6760,0.1089,-0.021,0.015,-0.085,-5.41,-0.62,748,-296,-5134,0,0
68.92,4,2679.9,485.73,-0.08,3128.35,91.7,-0.12,-1.38,-0.1,1.0,0.0,1.0,2,6373,172.2,0.9,0.05,-2.91,-28.66,246,249,3522,0.0338,0.014,-0.001,-0.099,-6.75,0.72,742,-38,-3069,0,0,7072,0.1103,0.028,-0.001,-0.099,-6.13,0.1,765,-84,-5630,0,0,2600,0.0319,-0.039,-0.01,-0.09,-5.22,-0.81,774,277,-2071,0,0,6631,0.1084,-0.025,-0.03,-0.07,-5.35,-0.69,780,-707,-5003,0,0
68.94,4,2680.5,485.41,-0.08,3128.74,91.6,-0.12,-1.37,-0.1,1.0,0.0,1.0,2,6433,205.2,1.16,0.07,-2.92,-28.43,247,248,3532,0.0341,0.016,-0.001,-0.099,-6.77,0.74,740,-39,-3078,0,0,7100,0.111,0.032,-0.001,-0.099,-6.11,0.08,763,-84,-5646,0,0,2580,0.031,-0.044,0.037,-0.063,-5.17,-0.86,739,455,-2035,0,0,6542,0.1079,-0.027,0.015,-0.085,-5.32,-0.71,745,-285,-4942,0,0
68.96,4,2681.0,485.08,-0.08,3129.13,91.4,-0.09,-1.37,-0.1,1.0,0.0,1.0,2,6588,243.4,1.36,0.09,-2.93,-28.34,248,248,3517,0.0343,0.01,-0.001,-0.099,-6.79,0.76,739,-41,-3067,0,0,7101,0.1115,0.026,-0.002,-0.098,-6.14,0.11,762,-91,-5647,0,0,2598,0.0304,-0.031,0.073,-0.027,-5.16,-0.88,762,1136,-1946,0,0,6528,0.1076,-0.015,0.045,-0.055,-5.27,-0.76,762,1265,-4858,0,0
68.98,4,2681.5,484.74,-0.08,3129.51,91.5,0.23,-1.33,-0.1,1.0,0.0,1.0,2,6709,267.0,1.51,0.09,-2.94,-29.06,247,248,3428,0.0344,0.002,-0.002,-0.098,-6.75,0.72,739,-66,-2992,0,0,7043,0.1118,0.015,-0.002,-0.098,-6.13,0.1,763,-131,-5606,0,0,2730,0.0302,-0.012,0.09,-0.01,-5.15,-0.88,814,1948,-1772,0,0,6691,0.1076,0.002,0.047,-0.053,-5.29,-0.75,805,2777,-4732,0,0
69.0,4,2682.0,484.4,-0.08,3129.89,91.7,0.32,-1.31,-0.1,1.0,0.0,1.0,2,6869,287.4,1.63,0.07,-2.94,-29.77,247,249,3374,0.0341,-0.012,-0.002,-0.098,-6.77,0.73,741,-67,-2948,0,0,6876,0.1117,-0.006,-0.002,-0.098,-6.12,0.09,765,-123,-5487,0,0,2882,0.0305,0.018,0.115,0.015,-5.2,-0.83,790,2082,-1856,0,0,6818,0.1081,0.024,0.077,-0.023,-5.3,-0.73,783,3073,-4765,0,0
69.02,4,2682.5,484.06,-0.08,3130.27,91.9,0.37,-1.3,-0.1,0.0,0.0,1.0,2,6806,301.8,1.71,0.05,-2.93,-30.53,247,250,3343,0.0339,-0.013,-0.002,-0.098,-6.78,0.75,742,-71,-2924,0,0,6739,0.1111,-0.03,-0.002,-0.098,-6.13,0.1,767,-129,-5394,0,0,2996,0.0313,0.036,0.085,-0.015,-5.28,-0.75,835,2105,-1964,0,0,6900,0.1085,0.019,0.045,-0.055,-5.4,-0.63,831,2754,-4926,0,0
69.04,4,2683.0,483.71,-0.08,3130.64,92.1,0.39,-1.31,-0.1,0.0,0.0,1.0,2,6764,207.5,1.64,0.03,-2.92,-31.11,245,251,3297,0.0335,-0.017,-0.003,-0.097,-6.81,0.78,743,-72,-2887,0,0,6683,0.1104,-0.033,-0.002,-0.098,-6.13,0.1,769,-129,-5359,0,0,3063,0.0321,0.042,0.094,-0.006,-5.35,-0.68,819,2294,-1928,0,0,7036,0.109,0.026,0.047,-0.053,-5.48,-0.56,809,3129,-4957,0,0
69.06,4,2683.5,483.36,-0.08,3131.01,92.2,0.31,-1.34,-0.1,0.0,0.0,1.0,2,6662,-81.5,1.29,0.01,-2.91,-31.08,245,252,3294,0.0332,-0.017,-0.002,-0.098,-6.81,0.77,745,-66,-2887,0,0,6674,0.1098,-0.031,-0.002,-0.098,-6.15,0.12,770,-107,-5354,0,0,3055,0.0329,0.04,0.075,-0.025,-5.39,-0.64,766,1886,-2138,0,0,7103,0.1095,0.026,0.039,-0.061,-5.48,-0.55,762,2212,-5216,0,0
69.08,4,2684.0,483.0,-0.08,3131.38,92.2,0.01,-1.38,-0.1,0.71,0.0,1.0,2,6342,-67.0,0.93,0.0,-2.91,-30.12,244,252,3357,0.033,-0.011,-0.001,-0.099,-6.8,0.77,745,-44,-2940,0,0,6816,0.1095,-0.016,-0.001,-0.099,-6.17,0.14,770,-68,-5465,0,0,2907,0.0332,0.017,0.029,-0.071,-5.35,-0.68,739,340,-2326,0,0,7059,0.1097,0.012,0.009,-0.091,-5.43,-0.6,748,-688,-5336,0,0
69.1,4,2684.5,482.64,-0.08,3131.74,92.0,-0.14,-1.39,-0.1,1.0,0.0,1.0,2,6340,122.0,0.85,0.02,-2.91,-29.33,245,251,3452,0.0332,0.01,-0.001,-0.099,-6.87,0.84,744,-36,-3022,0,0,6939,0.1098,0.016,-0.001,-0.099,-6.19,0.16,768,-81,-5553,0,0,2756,0.0328,-0.022,-0.009,-0.091,-5.27,-0.76,777,318,-2196,0,0,6886,0.1094,-0.016,-0.029,-0.071,-5.38,-0.65,783,-698,-5194,0,0
69.12,4,2685.0,482.28,-0.08,3132.1,91.9,-0.12,-1.38,-0.1,1.0,0.0,1.0,2,6448,178.8,1.03,0.04,-2.92,-28.84,246,250,3514,0.0335,0.018,-0.001,-0.099,-6.81,0.78,743,-39,-3073,0,0,7040,0.1103,0.024,-0.001,-0.099,-6.2,0.17,766,-81,-5628,0,0,2655,0.0321,-0.034,0.037,-0.063,-5.23,-0.8,741,466,-2098,0,0,6731,0.1089,-0.028,0.015,-0.085,-5.31,-0.72,748,-292,-5078,0,0
69.14,4,2685.6,481.91,-0.08,3132.46,91.7,-0.12,-1.38,-0.1,1.0,0.0,1.0,2,6392,224.1,1.26,0.06,-2.92,-28.57,247,249,3561,0.0339,0.02,-0.001,-0.099,-6.82,0.79,742,-38,-3112,0,0,7061,0.1109,0.03,-0.001,-0.099,-6.18,0.15,765,-82,-5639,0,0,2612,0.0314,-0.038,-0.01,-0.09,-5.14,-0.89,774,279,-2066,0,0,6584,0.1083,-0.028,-0.03,-0.07,-5.27,-0.76,780,-708,-4940,0,0
69.16,4,2686.1,481.54,-0.08,3132.81,91.7,0.08,-1.36,-0.1,1.0,0.0,1.0,2,6670,253.5,1.43,0.07,-2.93,-28.9,247,249,3494,0.0342,0.015,-0.002,-0.098,-6.81,0.78,741,-56,-3056,0,0,7031,0.1112,0.018,-0.002,-0.098,-6.19,0.16,764,-122,-5621,0,0,2683,0.0308,-0.027,0.079,-0.021,-5.13,-0.9,808,1695,-1847,0,0,6613,0.1078,-0.024,0.042,-0.058,-5.25,-0.78,803,2280,-4778,0,0
69.18,4,2686.6,481.17,-0.08,3133.15,91.8,0.3,-1.32,-0.1,1.0,0.0,1.0,2,6890,275.5,1.57,0.07,-2.93,-29.69,247,250,3430,0.0341,-0.004,-0.002,-0.098,-6.84,0.81,742,-67,-3005,0,0,6906,0.1112,0.0,-0.002,-0.098,-6.17,0.14,766,-124,-5529,0,0,2823,0.0309,0.003,0.118,0.018,-5.18,-0.85,793,2070,-1801,0,0,6723,0.108,0.008,0.079,-0.021,-5.28,-0.75,786,3121,-4677,0,0
69.2,4,2687.1,480.79,-0.08,3133.5,92.0,0.37,-1.3,-0.1,0.0,0.0,1.0,2,6818,292.9,1.67,0.05,-2.92,-30.62,247,251,3369,0.0339,-0.01,-0.002,-0.098,-6.82,0.79,743,-72,-2954,0,0,6797,0.1109,-0.018,-0.002,-0.098,-6.18,0.15,768,-131,-5451,0,0,2951,0.0314,0.026,0.086,-0.014,-5.3,-0.73,837,2090,-1927,0,0,6864,0.1083,0.018,0.046,-0.054,-5.42,-0.61,832,2769,-4892,0,0
69.22,4,2687.6,480.41,-0.08,3133.84,92.2,0.38,-1.31,-0.1,0.0,0.0,1.0,2,6767,203.0,1.61,0.03,-2.91,-31.27,246,252,3334,0.0337,-0.014,-0.002,-0.098,-6.87,0.84,744,-72,-2926,0,0,6655,0.1102,-0.032,-0.002,-0.098,-6.22,0.18,770,-132,-5356,0,0,3069,0.0322,0.042,0.092,-0.008,-5.36,-0.67,819,2281,-1943,0,0,6965,0.1088,0.024,0.046,-0.054,-5.44,-0.59,810,3061,-4920,0,0
69.24,4,2688.1,480.02,-0.08,3134.18,92.4,0.3,-1.34,-0.1,0.0,0.0,1.0,2,6675,-80.8,1.27,0.01,-2.9,-31.25,245,253,3276,0.0333,-0.017,-0.002,-0.098,-6.85,0.82,746,-66,-2878,0,0,6662,0.1096,-0.034,-0.002,-0.098,-6.21,0.17,771,-110,-5363,0,0,3056,0.033,0.04,0.076,-0.024,-5.37,-0.66,767,1890,-2138,0,0,7075,0.1093,0.023,0.039,-0.061,-5.47,-0.56,764,2216,-5200,0,0
69.26,4,2688.6,479.63,-0.08,3134.51,92.3,0.01,-1.39,-0.1,0.0,0.0,1.0,2,6352,-67.1,0.92,0.0,-2.9,-30.34,245,253,3364,0.0331,-0.013,-0.001,-0.099,-6.86,0.83,746,-43,-2953,0,0,6819,0.1093,-0.014,-0.001,-0.099,-6.22,0.19,771,-68,-5483,0,0,2900,0.0333,0.015,0.029,-0.071,-5.31,-0.72,740,344,-2320,0,0,7023,0.1096,0.014,0.009,-0.091,-5.46,-0.57,749,-691,-5321,0,0
69.28,4,2689.1,479.24,-0.08,3134.84,92.2,-0.14,-1.39,-0.1,1.0,0.0,1.0,2,6248,-67.4,0.68,0.01,-2.91,-29.57,245,252,3429,0.0332,0.007,-0.001,-0.099,-6.88,0.85,745,-37,-3007,0,0,6924,0.1096,0.018,-0.001,-0.099,-6.32,0.29,769,-81,-5561,0,0,2764,0.0328,-0.024,-0.009,-0.091,-5.25,-0.78,778,321,-2206,0,0,6882,0.1093,-0.013,-0.03,-0.07,-5.38,-0.65,785,-701,-5199,0,0
69.3,4,2689.6,478.84,-0.08,3135.16,92.0,-0.12,-1.39,-0.1,1.0,0.0,1.0,2,6404,122.7,0.68,0.03,-2.92,-29.07,246,251,3509,0.0335,0.013,-0.001,-0.099,-6.88,0.85,744,-38,-3075,0,0,7055,0.1102,0.026,-0.001,-0.099,-6.22,0.19,767,-79,-5654,0,0,2658,0.0322,-0.034,0.037,-0.063,-5.2,-0.83,743,469,-2102,0,0,6756,0.1089,-0.021,0.015,-0.085,-5.34,-0.69,749,-295,-5103,0,0
69.32,4,2690.2,478.45,-0.08,3135.48,91.9,-0.13,-1.38,-0.1,1.0,0.0,1.0,2,6384,172.0,0.89,0.06,-2.93,-28.78,247,250,3533,0.0338,0.017,-0.001,-0.099,-6.86,0.83,743,-38,-3094,0,0,7182,0.1109,0.038,-0.001,-0.099,-6.26,0.23,766,-82,-5752,0,0,2585,0.0314,-0.04,-0.01,-0.09,-5.23,-0.8,776,280,-2052,0,0,6710,0.1085,-0.019,-0.03,-0.07,-5.29,-0.74,782,-717,-5037,0,0
69.34,4,2690.7,478.05,-0.08,3135.8,91.7,-0.12,-1.38,-0.1,1.0,0.0,1.0,2,6444,204.2,1.16,0.08,-2.95,-28.63,248,249,3556,0.0342,0.017,-0.001,-0.099,-6.95,0.92,741,-37,-3115,0,0,7224,0.1118,0.044,-0.001,-0.099,-6.29,0.26,764,-88,-5780,0,0,2549,0.0306,-0.04,0.037,-0.063,-5.12,-0.91,740,458,-2001,0,0,6650,0.1082,-0.014,0.015,-0.085,-5.23,-0.8,747,-281,-4987,0,0
69.36,4,2691.2,477.64,-0.08,3136.1,91.6,-0.09,-1.38,-0.1,1.0,0.0,1.0,2,6598,242.6,1.36,0.1,-2.96,-28.7,250,248,3585,0.0345,0.019,-0.001,-0.099,-6.88,0.85,740,-39,-3139,0,0,7199,0.1126,0.038,-0.001,-0.099,-6.22,0.19,763,-90,-5754,0,0,2555,0.0298,-0.038,0.074,-0.026,-5.11,-0.92,763,1129,-1905,0,0,6552,0.1079,-0.018,0.045,-0.055,-5.36,-0.67,763,1270,-4861,0,0
69.38,4,2691.7,477.23,-0.08,3136.41,91.7,0.23,-1.33,-0.1,1.0,0.0,1.0,2,6720,266.2,1.51,0.11,-2.96,-29.6,250,249,3506,0.0347,0.01,-0.002,-0.098,-6.86,0.83,740,-68,-3073,0,0,7059,0.1129,0.014,-0.002,-0.098,-6.19,0.16,764,-131,-5656,0,0,2715,0.0295,-0.015,0.09,-0.01,-5.19,-0.84,815,1940,-1763,0,0,6627,0.1076,-0.011,0.047,-0.053,-5.27,-0.76,807,2756,-4686,0,0
69.4,4,2692.2,476.82,-0.08,3136.71,91.8,0.31,-1.32,-0.1,0.0,0.0,1.0,2,6882,286.6,1.62,0.09,-2.96,-30.43,249,250,3411,0.0346,-0.006,-0.002,-0.098,-6.84,0.81,741,-68,-2993,0,0,6922,0.1126,-0.013,-0.002,-0.098,-6.19,0.16,766,-128,-5551,0,0,2876,0.03,0.025,0.116,0.016,-5.2,-0.83,792,2087,-1847,0,0,6807,0.108,0.018,0.077,-0.023,-5.3,-0.73,785,3066,-4766,0,0
69.42,4,2692.7,476.41,-0.08,3137.01,92.0,0.37,-1.31,-0.1,0.0,0.0,1.0,2,6794,196.5,1.57,0.07,-2.95,-31.25,249,251,3383,0.0343,-0.017,-0.002,-0.098,-6.89,0.86,742,-71,-2973,0,0,6754,0.112,-0.028,-0.002,-0.098,-6.2,0.16,768,-130,-5428,0,0,2999,0.0308,0.038,0.086,-0.014,-5.27,-0.76,837,2114,-1964,0,0,6890,0.1085,0.027,0.045,-0.055,-5.41,-0.63,832,2744,-4923,0,0
69.44,4,2693.2,475.99,-0.08,3137.31,92.2,0.31,-1.33,-0.1,0.0,0.0,1.0,2,6656,-80.7,1.25,0.05,-2.94,-31.45,248,252,3329,0.034,-0.015,-0.002,-0.098,-6.9,0.86,744,-64,-2928,0,0,6724,0.1113,-0.037,-0.002,-0.098,-6.33,0.3,769,-110,-5419,0,0,3020,0.0316,0.042,0.046,-0.054,-5.34,-0.69,809,1902,-2096,0,0,6990,0.1089,0.019,0.007,-0.093,-5.45,-0.59,806,2228,-5117,0,0
69.46,4,2693.7,475.57,-0.08,3137.6,92.1,0.04,-1.38,-0.1,0.0,0.0,1.0,2,6270,-67.6,0.9,0.04,-2.94,-30.66,247,251,3343,0.0337,-0.014,-0.001,-0.099,-6.89,0.86,744,-51,-2938,0,0,6838,0.1109,-0.018,-0.001,-0.099,-6.21,0.18,769,-71,-5491,0,0,2906,0.032,0.022,-0.018,-0.082,-5.31,-0.72,772,186,-2328,0,0,7019,0.1093,0.018,-0.036,-0.064,-5.48,-0.55,781,-1093,-5281,0,0
69.48,4,2694.2,475.14,-0.08,3137.88,92.0,-0.14,-1.4,-0.1,1.0,0.0,1.0,2,6310,-66.7,0.67,0.05,-2.94,-29.84,247,251,3419,0.0337,0.0,-0.001,-0.099,-6.87,0.84,743,-36,-3002,0,0,6981,0.1111,0.01,-0.001,-0.099,-6.22,0.19,767,-76,-5597,0,0,2781,0.0319,-0.009,0.037,-0.063,-5.26,-0.77,742,517,-2203,0,0,6946,0.1093,0.0,0.015,-0.085,-5.36,-0.67,749,-266,-5251,0,0
69.5,4,2694.8,474.72,-0.08,3138.16,91.8,-0.13,-1.39,-0.1,1.0,0.0,1.0,2,6318,122.2,0.67,0.06,-2.95,-29.32,248,250,3485,0.0339,0.011,-0.001,-0.099,-6.88,0.84,742,-39,-3055,0,0,7048,0.1115,0.02,-0.001,-0.099,-6.21,0.17,766,-79,-5639,0,0,2685,0.0314,-0.025,-0.01,-0.09,-5.18,-0.85,775,290,-2131,0,0,6803,0.109,-0.016,-0.03,-0.07,-5.34,-0.69,782,-738,-5113,0,0
69.52,4,2695.3,474.29,-0.08,3138.44,91.7,-0.12,-1.38,-0.1,1.0,0.0,1.0,2,6433,173.0,0.89,0.08,-2.96,-28.97,248,249,3535,0.0342,0.012,-0.001,-0.099,-6.96,0.93,741,-37,-3100,0,0,7138,0.112,0.024,-0.001,-0.099,-6.22,0.19,764,-81,-5712,0,0,2616,0.0308,-0.029,0.037,-0.063,-5.2,-0.83,740,470,-2058,0,0,6719,0.1086,-0.017,0.015,-0.085,-5.26,-0.77,746,-291,-5047,0,0
69.54,4,2695.8,473.86,-0.08,3138.71,91.5,-0.13,-1.38,-0.1,1.0,0.0,1.0,2,6370,202.7,1.15,0.1,-2.97,-28.78,249,248,3552,0.0345,0.017,-0.001,-0.099,-6.88,0.84,740,-39,-3111,0,0,7163,0.1126,0.029,-0.001,-0.099,-6.26,0.23,763,-86,-5725,0,0,2596,0.0301,-0.032,-0.01,-0.09,-5.19,-0.84,773,282,-2052,0,0,6642,0.1082,-0.021,-0.03,-0.07,-5.23,-0.8,779,-718,-4970,0,0
69.56,4,2696.3,473.42,-0.08,3138.97,91.5,0.07,-1.36,-0.1,1.0,0.0,1.0,2,6647,236.0,1.35,0.11,-2.97,-29.14,249,248,3524,0.0348,0.014,-0.002,-0.098,-6.83,0.8,739,-52,-3088,0,0,7115,0.113,0.023,-0.002,-0.098,-6.19,0.16,763,-128,-5686,0,0,2680,0.0297,-0.021,0.042,-0.058,-5.08,-0.95,803,1497,-1913,0,0,6671,0.108,-0.012,0.008,-0.092,-5.22,-0.81,801,1717,-4898,0,0
69.58,4,2696.8,472.99,-0.08,3139.23,91.6,0.29,-1.33,-0.1,1.0,0.0,1.0,2,6876,263.7,1.51,0.1,-2.97,-30.0,250,249,3467,0.0348,-0.001,-0.002,-0.098,-6.92,0.89,740,-68,-3037,0,0,6932,0.113,-0.003,-0.002,-0.098,-6.17,0.14,764,-129,-5545,0,0,2822,0.0299,0.009,0.119,0.019,-5.15,-0.88,791,2087,-1787,0,0,6724,0.1081,0.007,0.079,-0.021,-5.42,-0.61,784,3154,-4663,0,0
69.6,4,2697.3,472.55,-0.08,3139.49,91.8,0.37,-1.3,-0.1,0.0,0.0,1.0,2,6798,284.4,1.62,0.08,-2.95,-30.94,249,250,3371,0.0345,-0.013,-0.002,-0.098,-6.82,0.79,741,-71,-2956,0,0,6773,0.1123,-0.032,-0.002,-0.098,-6.19,0.16,766,-131,-5430,0,0,2969,0.0306,0.035,0.086,-0.014,-5.31,-0.72,835,2104,-1935,0,0,6868,0.1084,0.016,0.045,-0.055,-5.34,-0.69,830,2757,-4890,0,0
69.62,4,2697.8,472.1,-0.08,3139.74,92.0,0.38,-1.31,-0.1,0.0,0.0,1.0,2,6743,198.9,1.57,0.06,-2.93,-31.61,248,251,3348,0.0342,-0.017,-0.002,-0.098,-6.98,0.95,742,-69,-2942,0,0,6678,0.1115,-0.042,-0.002,-0.098,-6.17,0.14,768,-128,-5368,0,0,3045,0.0315,0.045,0.091,-0.009,-5.32,-0.71,816,2255,-1932,0,0,6940,0.1088,0.019,0.045,-0.055,-5.42,-0.61,807,2993,-4909,0,0
69.64,4,2698.3,471.66,-0.08,3139.99,92.2,0.3,-1.34,-0.1,0.0,0.0,1.0,2,6661,-79.8,1.25,0.03,-2.92,-31.62,247,252,3313,0.0338,-0.016,-0.002,-0.098,-6.85,0.81,744,-69,-2908,0,0,6650,0.1107,-0.04,-0.002,-0.098,-6.17,0.14,770,-107,-5345,0,0,3062,0.0323,0.042,0.076,-0.024,-5.37,-0.66,765,1901,-2141,0,0,7022,0.1092,0.018,0.039,-0.061,-5.47,-0.56,762,2212,-5158,0,0
69.66,4,2698.8,471.21,-0.08,3140.24,92.1,0.02,-1.38,-0.1,0.0,0.0,1.0,2,6337,-66.9,0.9,0.03,-2.92,-30.71,246,251,3363,0.0335,-0.016,-0.001,-0.099,-6.94,0.91,744,-39,-2955,0,0,6802,0.1102,-0.025,-0.001,-0.099,-6.29,0.26,769,-64,-5469,0,0,2897,0.0327,0.021,0.029,-0.071,-5.34,-0.69,738,348,-2318,0,0,6980,0.1094,0.012,0.009,-0.091,-5.43,-0.6,747,-699,-5281,0,0
69.68,4,2699.3,470.75,-0.08,3140.48,92.0,-0.14,-1.39,-0.1,1.0,0.0,1.0,2,6233,-67.2,0.67,0.04,-2.92,-29.94,247,250,3433,0.0337,0.006,-0.001,-0.099,-6.92,0.89,743,-40,-3011,0,0,6952,0.1104,0.012,-0.001,-0.099,-6.18,0.15,767,-79,-5575,0,0,2749,0.0323,-0.021,-0.009,-0.091,-5.25,-0.78,776,326,-2192,0,0,6856,0.1091,-0.015,-0.03,-0.07,-5.4,-0.63,783,-701,-5193,0,0
69.7,4,2699.9,470.3,-0.08,3140.71,91.8,-0.12,-1.39,-0.1,1.0,0.0,1.0,2,6389,122.8,0.67,0.05,-2.93,-29.42,247,250,3502,0.0339,0.011,-0.001,-0.099,-6.82,0.79,742,-39,-3069,0,0,7005,0.1109,0.023,-0.002,-0.098,-6.21,0.18,766,-90,-5603,0,0,2681,0.0317,-0.031,0.037,-0.063,-5.21,-0.82,741,477,-2123,0,0,6713,0.1087,-0.02,0.015,-0.085,-5.35,-0.69,748,-305,-5078,0,0
69.72,4,2700.4,469.85,-0.08,3140.94,91.6,-0.12,-1.38,-0.1,1.0,0.0,1.0,2,6368,172.2,0.89,0.07,-2.93,-29.1,248,249,3524,0.0342,0.014,-0.001,-0.099,-6.84,0.81,741,-39,-3083,0,0,7071,0.1113,0.022,-0.001,-0.099,-6.36,0.33,764,-80,-5657,0,0,2619,0.031,-0.033,-0.01,-0.09,-5.17,-0.87,774,284,-2077,0,0,6614,0.1082,-0.025,-0.03,-0.07,-5.3,-0.73,780,-711,-4981,0,0
69.74,4,2700.9,469.39,-0.08,3141.16,91.5,-0.12,-1.37,-0.1,1.0,0.0,1.0,2,6428,203.5,1.15,0.09,-2.94,-28.9,249,248,3541,0.0345,0.014,-0.001,-0.099,-6.8,0.77,739,-40,-3096,0,0,7135,0.1119,0.026,-0.002,-0.098,-6.18,0.15,763,-96,-5697,0,0,2589,0.0304,-0.033,0.037,-0.063,-5.18,-0.85,738,461,-2039,0,0,6564,0.1078,-0.021,0.015,-0.085,-5.25,-0.78,745,-293,-4946,0,0
69.76,4,2701.4,468.93,-0.08,3141.38,91.3,-0.11,-1.37,-0.1,1.0,0.0,1.0,2,6533,243.0,1.35,0.11,-2.95,-28.82,249,247,3551,0.0347,0.012,-0.001,-0.099,-6.79,0.76,738,-39,-3102,0,0,7142,0.1124,0.029,-0.001,-0.099,-6.26,0.23,762,-82,-5694,0,0,2590,0.0298,-0.03,0.082,-0.018,-5.2,-0.83,768,904,-1981,0,0,6518,0.1075,-0.013,0.057,-0.043,-5.26,-0.78,772,756,-4884,0,0
69.78,4,2701.9,468.47,-0.08,3141.59,91.4,0.17,-1.34,-0.1,1.0,0.0,1.0,2,6677,267.2,1.51,0.11,-2.96,-29.4,249,248,3444,0.0348,0.003,-0.002,-0.098,-6.79,0.76,738,-67,-3011,0,0,7038,0.1127,0.014,-0.002,-0.098,-6.14,0.11,762,-127,-5616,0,0,2720,0.0295,-0.013,0.085,-0.015,-5.1,-0.93,809,1849,-1812,0,0,6647,0.1075,-0.002,0.045,-0.055,-5.25,-0.78,803,2541,-4757,0,0
69.8,4,2702.4,468.01,-0.08,3141.8,91.6,0.31,-1.31,-0.1,1.0,0.0,1.0,2,6865,286.8,1.62,0.1,-2.96,-30.16,249,248,3375,0.0345,-0.014,-0.002,-0.098,-6.78,0.75,739,-72,-2953,0,0,6886,0.1124,-0.015,-0.002,-0.098,-6.16,0.13,764,-121,-5509,0,0,2853,0.0299,0.02,0.117,0.017,-5.23,-0.8,790,2079,-1826,0,0,6765,0.1079,0.019,0.077,-0.023,-5.32,-0.72,783,3081,-4725,0,0
69.82,4,2702.9,467.54,-0.08,3142.01,91.8,0.37,-1.3,-0.1,0.0,0.0,1.0,2,6797,301.6,1.71,0.07,-2.95,-30.95,247,249,3344,0.0341,-0.018,-0.001,-0.099,-7.05,1.02,740,-55,-2943,0,0,6779,0.1119,-0.028,-0.002,-0.098,-6.13,0.1,766,-122,-5431,0,0,2999,0.0306,0.037,0.086,-0.014,-5.25,-0.78,834,2115,-1963,0,0,6929,0.1084,0.027,0.045,-0.055,-5.39,-0.64,830,2753,-4950,0,0
69.84,4,2703.4,467.07,-0.08,3142.21,92.0,0.39,-1.31,-0.1,0.0,0.0,1.0,2,6755,207.6,1.64,0.05,-2.94,-31.54,246,251,3285,0.0337,-0.019,-0.002,-0.098,-6.88,0.85,742,-78,-2883,0,0,6709,0.1112,-0.032,-0.002,-0.098,-6.18,0.15,768,-133,-5384,0,0,3057,0.0315,0.045,0.094,-0.006,-5.32,-0.71,818,2294,-1922,0,0,7070,0.109,0.031,0.047,-0.053,-5.46,-0.57,808,3125,-4991,0,0
69.86,4,2703.9,466.6,-0.08,3142.4,92.1,0.31,-1.34,-0.1,0.0,0.0,1.0,2,6652,-81.4,1.29,0.02,-2.93,-31.5,246,251,3305,0.0334,-0.018,-0.002,-0.098,-6.78,0.75,743,-62,-2899,0,0,6692,0.1106,-0.034,-0.002,-0.098,-6.18,0.15,769,-111,-5371,0,0,3045,0.0324,0.043,0.076,-0.024,-5.37,-0.66,764,1889,-2127,0,0,7110,0.1096,0.027,0.038,-0.062,-5.5,-0.53,761,2201,-5223,0,0
69.88,4,2704.4,466.12,-0.08,3142.6,92.1,0.01,-1.39,-0.1,0.0,0.0,1.0,2,6331,-66.9,0.93,0.02,-2.93,-30.56,245,251,3379,0.0332,-0.01,-0.001,-0.099,-6.78,0.75,744,-44,-2961,0,0,6821,0.1102,-0.016,-0.001,-0.099,-6.14,0.11,769,-71,-5463,0,0,2897,0.0327,0.014,0.029,-0.071,-5.42,-0.61,737,344,-2324,0,0,7033,0.1097,0.008,0.01,-0.09,-5.71,-0.32,747,-674,-5346,0,0
69.9,4,2704.9,465.65,-0.08,3142.78,91.9,-0.14,-1.4,-0.1,1.0,0.0,1.0,2,6227,-67.2,0.69,0.03,-2.93,-29.77,246,250,3463,0.0334,0.011,-0.001,-0.099,-6.93,0.9,742,-34,-3036,0,0,6978,0.1105,0.014,-0.002,-0.098,-6.16,0.13,766,-94,-5583,0,0,2741,0.0323,-0.019,-0.009,-0.091,-5.27,-0.76,776,320,-2186,0,0,6890,0.1094,-0.016,-0.03,-0.07,-5.39,-0.65,782,-707,-5216,0,0
69.92,4,2705.5,465.17,-0.08,3142.96,91.7,-0.12,-1.39,-0.1,1.0,0.0,1.0,2,6384,122.9,0.68,0.05,-2.94,-29.22,246,249,3516,0.0337,0.016,-0.002,-0.098,-6.8,0.77,741,-40,-3074,0,0,7026,0.111,0.024,-0.001,-0.099,-6.15,0.12,765,-88,-5601,0,0,2679,0.0317,-0.03,0.036,-0.064,-5.2,-0.83,740,471,-2120,0,0,6755,0.1089,-0.023,0.014,-0.086,-5.32,-0.71,747,-299,-5115,0,0
69.94,4,2706.0,464.69,-0.08,3143.14,91.6,-0.12,-1.38,-0.1,1.0,0.0,1.0,2,6363,172.3,0.9,0.07,-2.94,-28.89,247,248,3550,0.0341,0.018,-0.002,-0.098,-6.77,0.74,740,-37,-3099,0,0,7087,0.1114,0.022,-0.002,-0.098,-6.16,0.13,764,-86,-5654,0,0,2629,0.0311,-0.031,-0.009,-0.091,-5.31,-0.72,773,286,-2092,0,0,6645,0.1084,-0.027,-0.03,-0.07,-5.28,-0.75,779,-719,-5000,0,0
69.96,4,2706.5,464.22,-0.08,3143.3,91.4,-0.12,-1.38,-0.1,1.0,0.0,1.0,2,6424,205.2,1.16,0.09,-2.95,-28.7,248,248,3569,0.0344,0.018,0.0,-0.1,-6.96,0.92,739,-34,-3115,0,0,7142,0.112,0.029,-0.001,-0.099,-6.14,0.11,762,-92,-5687,0,0,2589,0.0304,-0.033,0.037,-0.063,-5.1,-0.93,738,463,-2033,0,0,6570,0.108,-0.022,0.015,-0.085,-5.38,-0.65,744,-276,-4945,0,0
69.98,4,2707.0,463.74,-0.08,3143.47,91.3,-0.09,-1.37,-0.1,1.0,0.0,1.0,2,6577,243.5,1.36,0.11,-2.96,-28.71,249,247,3587,0.0348,0.016,-0.001,-0.099,-6.75,0.72,738,-32,-3134,0,0,7155,0.1126,0.029,-0.001,-0.099,-6.23,0.19,761,-94,-5695,0,0,2590,0.0298,-0.031,0.074,-0.026,-5.07,-0.96,760,1142,-1936,0,0,6511,0.1076,-0.018,0.045,-0.055,-5.22,-0.81,761,1255,-4828,0,0
70.0,4,2707.5,463.25,-0.08,3143.63,91.4,0.23,-1.33,-0.1,1.0,0.0,1.0,2,6700,267.3,1.51,0.11,-2.95,-29.54,249,247,3492,0.0349,0.009,-0.003,-0.097,-6.73,0.7,738,-71,-3049,0,0,6983,0.1127,0.009,-0.002,-0.098,-6.13,0.1,762,-134,-5563,0,0,2752,0.0296,-0.01,0.09,-0.01,-5.17,-0.86,812,1963,-1787,0,0,6576,0.1074,-0.01,0.047,-0.053,-5.25,-0.78,804,2751,-4647,0,0
70.02,4,2708.0,462.77,-0.08,3143.78,91.6,0.32,-1.31,-0.1,0.79,0.0,1.0,2,6861,287.7,1.63,0.1,-2.95,-30.31,248,248,3402,0.0347,-0.011,-0.001,-0.099,-6.95,0.92,739,-66,-2975,0,0,6892,0.1124,-0.019,-0.003,-0.097,-6.1,0.07,764,-129,-5506,0,0,2890,0.0301,0.026,0.116,0.016,-5.16,-0.87,789,2092,-1860,0,0,6768,0.1078,0.018,0.077,-0.023,-5.29,-0.74,782,3057,-4744,0,0
70.04,4,2708.5,462.28,-0.08,3143.93,91.8,0.37,-1.31,-0.1,0.0,0.0,1.0,2,6788,273.5,1.64,0.07,-2.94,-31.06,247,249,3330,0.0344,-0.017,-0.003,-0.097,-6.72,0.69,740,-74,-2910,0,0,6751,0.1118,-0.027,0.0,-0.1,-6.46,0.43,765,-111,-5414,0,0,3017,0.0309,0.04,0.086,-0.014,-5.25,-0.78,834,2123,-1975,0,0,6929,0.1084,0.03,0.046,-0.054,-5.54,-0.49,829,2747,-4964,0,0
70.06,4,2709.0,461.79,-0.08,3144.08,91.9,0.36,-1.32,-0.1,0.0,0.0,1.0,2,6620,100.8,1.46,0.05,-2.93,-31.43,246,250,3307,0.0339,-0.023,-0.001,-0.099,-6.75,0.72,742,-66,-2895,0,0,6699,0.1112,-0.034,-0.001,-0.099,-6.31,0.27,767,-111,-5374,0,0,3059,0.0318,0.043,0.07,-0.03,-5.31,-0.72,798,2042,-2066,0,0,7042,0.109,0.033,0.03,-0.07,-5.45,-0.58,792,2374,-5132,0,0
70.08,4,2709.5,461.3,-0.08,3144.22,92.0,0.14,-1.37,-0.1,0.0,0.0,1.0,2,6364,-70.6,1.08,0.03,-2.93,-30.75,245,251,3334,0.0336,-0.016,-0.002,-0.098,-6.76,0.73,743,-57,-2917,0,0,6752,0.1106,-0.028,-0.001,-0.099,-6.11,0.08,768,-85,-5397,0,0,2990,0.0324,0.033,0.028,-0.072,-5.49,-0.54,734,675,-2373,0,0,7056,0.1094,0.02,0.005,-0.095,-5.56,-0.47,742,-338,-5363,0,0
70.1,4,2710.0,460.81,-0.08,3144.35,91.8,-0.15,-1.39,-0.1,1.0,0.0,1.0,2,6225,-67.2,0.79,0.04,-2.93,-29.8,245,250,3433,0.0336,0.0,-0.001,-0.099,-6.85,0.82,742,-24,-3003,0,0,6918,0.1106,0.001,-0.001,-0.099,-6.21,0.18,766,-77,-5522,0,0,2818,0.0324,-0.002,-0.008,-0.092,-5.22,-0.81,776,313,-2245,0,0,6940,0.1094,-0.001,-0.029,-0.071,-5.41,-0.62,782,-704,-5248,0,0
70.12,4,2710.5,460.32,-0.08,3144.48,91.6,-0.12,-1.39,-0.1,1.0,0.0,1.0,2,6381,122.9,0.75,0.05,-2.93,-29.18,245,249,3503,0.0339,0.014,-0.002,-0.098,-6.8,0.76,741,-42,-3059,0,0,6998,0.111,0.019,-0.002,-0.098,-6.1,0.06,764,-85,-5576,0,0,2726,0.0319,-0.023,0.036,-0.064,-5.17,-0.86,739,471,-2152,0,0,6803,0.109,-0.018,0.014,-0.086,-5.31,-0.72,746,-321,-5132,0,0
70.14,4,2711.1,459.82,-0.08,3144.61,91.5,-0.12,-1.38,-0.1,1.0,0.0,1.0,2,6357,172.4,0.95,0.07,-2.94,-28.79,246,248,3541,0.0342,0.016,-0.001,-0.099,-6.72,0.69,740,-37,-3086,0,0,7084,0.1114,0.022,-0.002,-0.098,-6.08,0.05,763,-91,-5635,0,0,2647,0.0313,-0.029,-0.01,-0.09,-5.13,-0.9,772,284,-2090,0,0,6695,0.1086,-0.024,-0.03,-0.07,-5.23,-0.8,779,-725,-5018,0,0
70.16,4,2711.6,459.33,-0.08,3144.72,91.3,-0.12,-1.38,-0.1,1.0,0.0,1.0,2,6418,213.8,1.2,0.09,-2.94,-28.54,247,247,3583,0.0345,0.018,-0.001,-0.099,-6.83,0.8,738,-36,-3127,0,0,7118,0.1119,0.025,0.0,-0.1,-6.34,0.31,761,-75,-5666,0,0,2626,0.0307,-0.03,0.036,-0.064,-5.12,-0.91,737,454,-2056,0,0,6600,0.1081,-0.023,0.014,-0.086,-5.22,-0.82,743,-312,-4959,0,0
70.18,4,2712.1,458.84,-0.08,3144.84,91.3,-0.03,-1.37,-0.1,1.0,0.0,1.0,2,6608,244.8,1.39,0.1,-2.95,-28.65,247,247,3560,0.0349,0.017,-0.002,-0.098,-6.81,0.78,737,-48,-3104,0,0,7128,0.1125,0.027,-0.003,-0.097,-6.08,0.04,760,-110,-5671,0,0,2662,0.0302,-0.025,0.046,-0.054,-5.21,-0.82,804,1413,-1923,0,0,6619,0.1078,-0.015,0.012,-0.088,-5.15,-0.88,802,1679,-4852,0,0
70.2,4,2712.6,458.34,-0.08,3144.94,91.4,0.3,-1.32,-0.1,1.0,0.0,1.0,2,6799,266.9,1.54,0.09,-2.95,-29.58,247,248,3448,0.0349,0.0,-0.002,-0.098,-6.88,0.85,738,-73,-3009,0,0,6987,0.1126,0.005,-0.003,-0.097,-6.04,0.01,762,-150,-5562,0,0,2821,0.0303,0.003,0.058,-0.042,-5.09,-0.94,811,1978,-1840,0,0,6773,0.108,0.008,0.017,-0.083,-5.19,-0.85,805,2709,-4806,0,0
70.22,4,2713.1,457.84,-0.08,3145.05,91.6,0.38,-1.3,-0.1,0.0,0.0,1.0,2,6856,291.2,1.65,0.08,-2.94,-30.53,247,249,3384,0.0346,-0.013,-0.002,-0.098,-6.69,0.66,739,-73,-2951,0,0,6804,0.1121,-0.023,-0.002,-0.098,-6.19,0.15,764,-124,-5421,0,0,2971,0.031,0.034,0.113,0.013,-5.16,-0.87,787,2187,-1882,0,0,6892,0.1084,0.023,0.074,-0.026,-5.29,-0.74,780,3112,-4820,0,0
70.24,4,2713.6,457.34,-0.08,3145.15,91.8,0.37,-1.31,-0.1,0.0,0.0,1.0,2,6767,199.5,1.59,0.05,-2.93,-31.12,246,250,3332,0.0342,-0.02,-0.002,-0.098,-6.85,0.81,741,-71,-2911,0,0,6692,0.1114,-0.035,-0.002,-0.098,-6.03,0.0,766,-128,-5335,0,0,3034,0.0317,0.039,0.084,-0.016,-5.24,-0.79,833,2113,-1993,0,0,6977,0.1089,0.024,0.044,-0.056,-5.33,-0.7,829,2706,-4993,0,0
70.26,4,2714.1,456.84,-0.08,3145.24,92.0,0.31,-1.33,-0.1,0.0,0.0,1.0,2,6635,-80.9,1.26,0.03,-2.92,-31.19,246,251,3296,0.0339,-0.018,-0.002,-0.098,-6.89,0.86,742,-63,-2881,0,0,6657,0.1106,-0.042,-0.002,-0.098,-6.08,0.05,768,-115,-5311,0,0,3030,0.0325,0.037,0.045,-0.055,-5.29,-0.74,806,1912,-2090,0,0,7013,0.1092,0.013,0.007,-0.093,-5.59,-0.44,803,2214,-5150,0,0
70.28,4,2714.6,456.34,-0.08,3145.33,91.9,0.04,-1.37,-0.1,0.0,0.0,1.0,2,6250,-67.5,0.91,0.03,-2.91,-30.33,245,250,3349,0.0335,-0.017,-0.001,-0.099,-6.85,0.82,743,-47,-2928,0,0,6788,0.1101,-0.024,-0.001,-0.099,-6.06,0.03,767,-80,-5421,0,0,2892,0.0328,0.018,-0.019,-0.081,-5.23,-0.8,770,180,-2301,0,0,6979,0.1094,0.011,-0.037,-0.063,-5.34,-0.69,778,-1100,-5242,0,0
70.3,4,2715.1,455.83,-0.08,3145.41,91.8,-0.13,-1.38,-0.1,1.0,0.0,1.0,2,6293,-66.6,0.68,0.04,-2.92,-29.56,245,249,3445,0.0336,0.005,-0.001,-0.099,-6.7,0.67,742,-37,-3004,0,0,6927,0.1103,0.012,-0.002,-0.098,-6.08,0.05,765,-98,-5516,0,0,2755,0.0324,-0.021,0.038,-0.062,-5.16,-0.87,740,513,-2167,0,0,6835,0.1091,-0.015,0.015,-0.085,-5.28,-0.75,747,-273,-5143,0,0
70.32,4,2715.6,455.33,-0.08,3145.49,91.6,-0.12,-1.38,-0.1,1.0,0.0,1.0,2,6303,122.3,0.67,0.05,-2.92,-29.08,245,249,3530,0.0339,0.014,-0.001,-0.099,-6.83,0.8,740,-33,-3083,0,0,7055,0.1108,0.023,-0.001,-0.099,-6.05,0.02,764,-95,-5617,0,0,2673,0.0318,-0.032,-0.01,-0.09,-5.13,-0.9,773,291,-2118,0,0,6719,0.1087,-0.023,-0.03,-0.07,-5.36,-0.67,780,-721,-5038,0,0
70.34,4,2716.1,454.83,-0.08,3145.56,91.5,-0.12,-1.38,-0.1,1.0,0.0,1.0,2,6416,173.2,0.89,0.07,-2.93,-28.77,246,248,3553,0.0343,0.02,-0.001,-0.099,-6.67,0.64,739,-40,-3096,0,0,7122,0.1114,0.031,-0.002,-0.098,-6.06,0.03,762,-91,-5654,0,0,2640,0.0312,-0.031,0.037,-0.063,-5.21,-0.82,738,470,-2076,0,0,6665,0.1083,-0.019,0.015,-0.085,-5.42,-0.61,744,-282,-5024,0,0
70.36,4,2716.7,454.32,-0.08,3145.62,91.3,-0.13,-1.37,-0.1,1.0,0.0,1.0,2,6355,203.3,1.15,0.09,-2.94,-28.56,246,247,3566,0.0346,0.016,-0.002,-0.098,-6.72,0.69,738,-46,-3101,0,0,7152,0.112,0.031,-0.002,-0.098,-6.12,0.08,761,-56,-5674,0,0,2621,0.0306,-0.028,-0.01,-0.09,-5.01,-1.02,771,281,-2056,0,0,6620,0.108,-0.013,-0.03,-0.07,-5.25,-0.78,777,-725,-4930,0,0
70.38,4,2717.2,453.82,-0.08,3145.69,91.3,0.07,-1.36,-0.1,1.0,0.0,1.0,2,6628,236.9,1.35,0.1,-2.95,-28.87,247,247,3514,0.0348,0.011,-0.002,-0.098,-6.66,0.63,737,-65,-3058,0,0,7092,0.1125,0.024,-0.002,-0.098,-6.02,-0.01,761,-120,-5613,0,0,2702,0.0302,-0.021,0.042,-0.058,-5.22,-0.81,800,1502,-1924,0,0,6671,0.1079,-0.008,0.007,-0.093,-5.12,-0.91,798,1722,-4881,0,0
70.4,4,2717.7,453.32,-0.08,3145.74,91.4,0.29,-1.32,-0.1,1.0,0.0,1.0,2,6853,264.6,1.51,0.09,-2.95,-29.63,247,248,3419,0.0347,-0.006,-0.002,-0.098,-6.82,0.79,738,-72,-2979,0,0,6935,0.1124,-0.004,-0.003,-0.097,-6.15,0.12,762,-138,-5515,0,0,2845,0.0304,0.011,0.118,0.018,-5.21,-0.82,789,2102,-1796,0,0,6803,0.1081,0.014,0.078,-0.022,-5.3,-0.73,781,3163,-4705,0,0
70.42,4,2718.2,452.81,-0.08,3145.79,91.6,0.37,-1.3,-0.1,0.0,0.0,1.0,2,6772,285.4,1.62,0.07,-2.94,-30.47,246,249,3365,0.0344,-0.016,-0.002,-0.098,-6.66,0.63,740,-70,-2932,0,0,6790,0.112,-0.025,-0.002,-0.098,-6.15,0.12,765,-123,-5403,0,0,2983,0.0311,0.034,0.085,-0.015,-5.11,-0.92,832,2104,-1936,0,0,6941,0.1086,0.026,0.043,-0.057,-5.26,-0.77,827,2748,-4919,0,0
70.44,4,2718.7,452.3,-0.08,3145.84,91.8,0.38,-1.3,-0.1,0.0,0.0,1.0,2,6719,199.8,1.57,0.04,-2.93,-31.06,245,250,3323,0.0341,-0.017,-0.001,-0.099,-6.93,0.89,741,-64,-2905,0,0,6688,0.1112,-0.037,-0.002,-0.098,-6.19,0.16,766,-128,-5343,0,0,3063,0.0319,0.042,0.089,-0.011,-5.18,-0.85,813,2267,-1931,0,0,7035,0.1091,0.022,0.043,-0.057,-5.32,-0.72,804,3006,-4957,0,0
70.46,4,2719.2,451.79,-0.08,3145.88,92.0,0.3,-1.33,-0.1,0.0,0.0,1.0,2,6638,-79.6,1.25,0.02,-2.92,-31.05,245,251,3296,0.0337,-0.02,0.001,-0.099,-6.77,0.73,742,-33,-2878,0,0,6688,0.1105,-0.034,-0.002,-0.098,-6.02,-0.01,768,-119,-5336,0,0,3017,0.0327,0.036,0.076,-0.024,-5.4,-0.63,763,1882,-2091,0,0,7075,0.1095,0.021,0.04,-0.06,-5.64,-0.39,759,2227,-5168,0,0
70.48,4,2719.7,451.28,-0.08,3145.91,91.9,0.01,-1.37,-0.1,0.97,0.0,1.0,2,6321,-66.8,0.9,0.02,-2.92,-30.15,244,250,3374,0.0334,-0.014,-0.002,-0.098,-6.68,0.65,743,-58,-2946,0,0,6806,0.1101,-0.019,-0.002,-0.098,-6.1,0.06,767,-55,-5425,0,0,2895,0.0329,0.014,0.029,-0.071,-5.34,-0.69,736,352,-2294,0,0,7013,0.1097,0.009,0.011,-0.089,-5.61,-0.42,746,-644,-5291,0,0
70.5,4,2720.2,450.77,-0.08,3145.94,91.8,-0.14,-1.39,-0.1,1.0,0.0,1.0,2,6319,122.2,0.83,0.03,-2.92,-29.4,244,249,3470,0.0336,0.01,0.0,-0.1,-6.87,0.84,742,-36,-3025,0,0,6950,0.1104,0.013,-0.001,-0.099,-6.04,0.01,765,-87,-5525,0,0,2756,0.0325,-0.02,-0.008,-0.092,-5.43,-0.6,774,326,-2183,0,0,6868,0.1094,-0.016,-0.031,-0.069,-5.28,-0.75,781,-718,-5140,0,0
70.52,4,2720.7,450.27,-0.08,3145.97,91.6,-0.12,-1.38,-0.1,1.0,0.0,1.0,2,6427,176.0,1.01,0.05,-2.92,-28.93,245,249,3535,0.034,0.018,-0.001,-0.099,-6.77,0.74,741,-32,-3080,0,0,7029,0.1108,0.021,-0.001,-0.099,-6.23,0.2,764,-71,-5586,0,0,2679,0.032,-0.029,0.036,-0.064,-5.17,-0.86,739,483,-2096,0,0,6725,0.1088,-0.026,0.014,-0.086,-5.22,-0.81,746,-300,-5031,0,0
70.54,4,2721.2,449.76,-0.08,3145.99,91.5,-0.12,-1.37,-0.1,1.0,0.0,1.0,2,6371,222.0,1.25,0.07,-2.93,-28.65,246,248,3569,0.0344,0.02,-0.002,-0.098,-6.67,0.64,739,-40,-3102,0,0,7080,0.1113,0.026,-0.002,-0.098,-6.06,0.03,762,-80,-5610,0,0,2639,0.0313,-0.031,-0.01,-0.09,-5.01,-1.03,772,300,-2066,0,0,6623,0.1083,-0.026,-0.03,-0.07,-5.26,-0.77,778,-712,-4930,0,0
70.56,4,2721.7,449.25,-0.08,3146.0,91.5,0.08,-1.35,-0.1,1.0,0.0,1.0,2,6643,252.6,1.43,0.08,-2.93,-28.99,246,248,3515,0.0346,0.013,-0.002,-0.098,-6.65,0.62,739,-62,-3053,0,0,7041,0.1118,0.022,-0.001,-0.099,-6.28,0.25,762,-103,-5596,0,0,2699,0.0308,-0.027,0.078,-0.022,-5.13,-0.9,804,1701,-1851,0,0,6637,0.1079,-0.018,0.04,-0.06,-5.12,-0.91,799,2271,-4764,0,0
70.58,4,2722.3,448.74,-0.08,3146.01,91.6,0.3,-1.31,-0.1,1.0,0.0,1.0,2,6865,275.0,1.56,0.08,-2.93,-29.8,247,249,3448,0.0346,-0.003,-0.003,-0.097,-6.69,0.66,739,-68,-2999,0,0,6912,0.1117,-0.002,-0.002,-0.098,-6.04,0.01,764,-127,-5492,0,0,2831,0.0309,0.006,0.117,0.017,-5.04,-1.0,790,2080,-1792,0,0,6736,0.1081,0.006,0.08,-0.02,-5.18,-0.85,782,3158,-4635,0,0
70.6,4,2722.8,448.23,-0.08,3146.01,91.8,0.37,-1.29,-0.1,0.0,0.0,1.0,2,6791,292.9,1.67,0.06,-2.91,-30.78,247,250,3414,0.0344,-0.007,-0.003,-0.097,-6.71,0.68,741,-81,-2974,0,0,6765,0.1112,-0.026,0.0,-0.1,-6.31,0.28,766,-86,-5404,0,0,2946,0.0314,0.026,0.086,-0.014,-5.32,-0.71,834,2088,-1915,0,0,6780,0.1082,0.007,0.046,-0.054,-5.24,-0.79,829,2741,-4793,0,0
70.62,4,2723.3,447.72,-0.08,3146.01,92.0,0.38,-1.3,-0.1,0.0,0.0,1.0,2,6748,203.1,1.6,0.04,-2.91,-31.52,246,251,3348,0.0342,-0.012,-0.002,-0.098,-6.65,0.62,742,-70,-2920,0,0,6717,0.1106,-0.03,-0.002,-0.098,-6.21,0.18,767,-133,-5378,0,0,3019,0.0321,0.033,0.092,-0.008,-5.26,-0.77,816,2263,-1894,0,0,6914,0.1085,0.015,0.046,-0.054,-5.32,-0.71,808,3052,-4856,0,0
70.64,4,2723.8,447.21,-0.08,3146.0,92.2,0.3,-1.33,-0.1,0.0,0.0,1.0,2,6651,-80.5,1.27,0.02,-2.91,-31.58,245,252,3286,0.0338,-0.019,-0.003,-0.097,-6.73,0.7,743,-69,-2868,0,0,6737,0.1101,-0.026,-0.003,-0.097,-6.04,0.01,769,-142,-5378,0,0,3017,0.0328,0.035,0.078,-0.022,-5.63,-0.4,764,1894,-2094,0,0,7066,0.1091,0.027,0.038,-0.062,-5.46,-0.57,761,2207,-5225,0,0
70.66,4,2724.3,446.7,-0.08,3145.99,92.1,0.01,-1.38,-0.1,0.0,0.0,1.0,2,6325,-66.9,0.92,0.02,-2.91,-30.62,244,251,3370,0.0335,-0.017,-0.002,-0.098,-6.71,0.68,744,-43,-2939,0,0,6840,0.1099,-0.01,0.001,-0.099,-6.35,0.32,769,-57,-5459,0,0,2901,0.0331,0.016,0.028,-0.072,-5.33,-0.7,737,315,-2315,0,0,7033,0.1095,0.023,0.012,-0.088,-5.79,-0.24,746,-658,-5352,0,0
70.68,4,2724.8,446.19,-0.08,3145.97,91.9,-0.14,-1.39,-0.1,1.0,0.0,1.0,2,6231,-67.2,0.68,0.03,-2.91,-29.81,245,250,3449,0.0336,0.007,-0.002,-0.098,-6.66,0.63,743,-43,-3001,0,0,6968,0.1103,0.019,-0.002,-0.098,-6.07,0.03,767,-102,-5531,0,0,2762,0.0327,-0.021,-0.009,-0.091,-5.22,-0.81,776,328,-2197,0,0,6910,0.1094,-0.009,-0.028,-0.072,-5.29,-0.74,783,-679,-5198,0,0
70.7,4,2725.3,445.68,-0.08,3145.95,91.8,-0.12,-1.38,-0.1,1.0,0.0,1.0,2,6385,122.9,0.67,0.05,-2.92,-29.28,246,250,3519,0.0339,0.014,-0.001,-0.099,-6.85,0.82,741,-23,-3071,0,0,7083,0.1108,0.026,-0.002,-0.098,-6.04,0.01,765,-78,-5635,0,0,2656,0.032,-0.032,0.038,-0.062,-5.38,-0.65,740,478,-2091,0,0,6782,0.109,-0.02,0.014,-0.086,-5.3,-0.73,747,-338,-5098,0,0
70.72,4,2725.8,445.17,-0.08,3145.92,91.6,-0.13,-1.38,-0.1,1.0,0.0,1.0,2,6363,172.3,0.89,0.07,-2.93,-28.96,247,249,3558,0.0343,0.019,-0.001,-0.099,-6.82,0.79,741,-46,-3093,0,0,7138,0.1115,0.033,-0.001,-0.099,-6.01,-0.02,764,-65,-5663,0,0,2611,0.0313,-0.037,-0.01,-0.09,-5.19,-0.84,773,273,-2063,0,0,6680,0.1085,-0.023,-0.029,-0.071,-5.19,-0.85,779,-723,-4993,0,0
70.74,4,2726.3,444.66,-0.08,3145.88,91.5,-0.12,-1.37,-0.1,1.0,0.0,1.0,2,6425,204.3,1.16,0.09,-2.94,-28.75,248,248,3576,0.0346,0.019,-0.002,-0.098,-6.68,0.65,739,-45,-3107,0,0,7168,0.1121,0.031,-0.002,-0.098,-6.05,0.02,762,-84,-5661,0,0,2600,0.0306,-0.033,0.036,-0.064,-5.1,-0.93,738,466,-2028,0,0,6618,0.1081,-0.02,0.015,-0.085,-5.15,-0.88,744,-287,-4956,0,0
70.76,4,2726.8,444.16,-0.08,3145.85,91.4,-0.09,-1.37,-0.1,1.0,0.0,1.0,2,6579,242.9,1.36,0.11,-2.95,-28.74,248,247,3580,0.035,0.016,-0.002,-0.098,-6.72,0.69,738,-51,-3108,0,0,7182,0.1127,0.029,-0.002,-0.098,-6.01,-0.02,761,-108,-5670,0,0,2602,0.0301,-0.029,0.074,-0.026,-4.99,-1.04,760,1159,-1927,0,0,6579,0.1078,-0.016,0.044,-0.056,-5.15,-0.88,761,1258,-4854,0,0
70.78,4,2727.3,443.65,-0.08,3145.8,91.5,0.23,-1.33,-0.1,1.0,0.0,1.0,2,6695,266.9,1.51,0.11,-2.96,-29.52,249,248,3485,0.0351,0.005,-0.002,-0.098,-6.6,0.57,738,-66,-3022,0,0,7031,0.113,0.013,-0.003,-0.097,-6.08,0.05,762,-113,-5573,0,0,2750,0.0298,-0.01,0.088,-0.012,-5.04,-0.99,812,1966,-1774,0,0,6674,0.1077,-0.002,0.048,-0.052,-5.15,-0.88,804,2774,-4687,0,0
70.8,4,2727.9,443.14,-0.08,3145.75,91.6,0.32,-1.31,-0.1,0.78,0.0,1.0,2,6858,287.5,1.62,0.1,-2.95,-30.29,249,249,3418,0.0349,-0.009,-0.003,-0.097,-6.62,0.59,739,-64,-2967,0,0,6900,0.1126,-0.017,-0.003,-0.097,-6.06,0.03,764,-170,-5475,0,0,2872,0.0303,0.023,0.117,0.017,-5.39,-0.64,789,2086,-1839,0,0,6788,0.108,0.015,0.076,-0.024,-5.27,-0.76,782,3037,-4731,0,0
70.82,4,2728.4,442.64,-0.08,3145.7,91.8,0.37,-1.3,-0.1,0.0,0.0,1.0,2,6785,272.1,1.63,0.07,-2.94,-31.06,248,250,3350,0.0345,-0.018,-0.003,-0.097,-6.71,0.68,741,-87,-2912,0,0,6777,0.1121,-0.028,-0.003,-0.097,-6.01,-0.03,766,-147,-5391,0,0,2987,0.031,0.034,0.084,-0.016,-5.22,-0.81,834,2103,-1950,0,0,6927,0.1085,0.024,0.044,-0.056,-5.42,-0.61,829,2727,-4942,0,0
70.84,4,2728.9,442.13,-0.08,3145.64,92.0,0.36,-1.31,-0.1,0.0,0.0,1.0,2,6613,96.4,1.45,0.05,-2.93,-31.47,247,251,3333,0.0342,-0.017,-0.003,-0.097,-6.62,0.58,742,-67,-2899,0,0,6672,0.1113,-0.038,-0.002,-0.098,-5.98,-0.05,768,-96,-5305,0,0,3059,0.0319,0.044,0.069,-0.031,-5.24,-0.8,797,2043,-2061,0,0,6991,0.109,0.022,0.028,-0.072,-5.35,-0.68,792,2299,-5078,0,0
70.86,4,2729.4,441.62,-0.08,3145.57,92.0,0.13,-1.36,-0.1,0.0,0.0,1.0,2,6365,-70.3,1.08,0.04,-2.92,-30.86,246,251,3368,0.0339,-0.014,-0.002,-0.098,-6.79,0.76,743,-66,-2936,0,0,6757,0.1106,-0.033,-0.002,-0.098,-6.02,-0.01,768,-81,-5389,0,0,2962,0.0325,0.031,0.028,-0.072,-5.23,-0.8,734,667,-2330,0,0,6971,0.1092,0.011,0.005,-0.095,-5.48,-0.55,742,-358,-5280,0,0
70.88,4,2729.9,441.12,-0.08,3145.5,91.9,-0.14,-1.39,-0.1,1.0,0.0,1.0,2,6225,-67.2,0.79,0.04,-2.92,-29.95,246,250,3459,0.034,0.002,-0.003,-0.097,-6.72,0.69,741,-39,-3014,0,0,6929,0.1107,0.004,-0.002,-0.098,-6.07,0.04,766,-48,-5519,0,0,2806,0.0323,-0.007,-0.009,-0.091,-5.29,-0.74,776,320,-2231,0,0,6871,0.1091,-0.004,-0.029,-0.071,-5.4,-0.63,782,-699,-5192,0,0
70.9,4,2730.4,440.61,-0.08,3145.42,91.7,-0.12,-1.38,-0.1,1.0,0.0,1.0,2,6380,122.9,0.75,0.06,-2.92,-29.4,246,249,3516,0.0342,0.013,0.0,-0.1,-6.86,0.83,741,-35,-3060,0,0,7021,0.1111,0.02,0.001,-0.099,-5.99,-0.05,765,-52,-5559,0,0,2712,0.0318,-0.025,0.038,-0.062,-5.12,-0.92,739,476,-2131,0,0,6757,0.1088,-0.017,0.014,-0.086,-5.25,-0.78,746,-322,-5095,0,0
70.92,4,2730.9,440.11,-0.08,3145.34,91.6,-0.12,-1.38,-0.1,1.0,0.0,1.0,2,6359,172.3,0.95,0.08,-2.93,-29.01,247,248,3544,0.0345,0.015,0.0,-0.1,-6.6,0.56,740,-22,-3072,0,0,7099,0.1116,0.024,-0.002,-0.098,-6.14,0.11,763,-137,-5630,0,0,2648,0.0313,-0.029,-0.01,-0.09,-5.08,-0.96,773,295,-2087,0,0,6674,0.1084,-0.02,-0.031,-0.069,-5.25,-0.78,779,-725,-4996,0,0
70.94,4,2731.4,439.61,-0.08,3145.25,91.4,-0.12,-1.37,-0.1,1.0,0.0,1.0,2,6420,213.3,1.2,0.09,-2.94,-28.77,248,248,3577,0.0348,0.015,-0.002,-0.098,-6.62,0.59,739,-43,-3100,0,0,7146,0.1122,0.029,-0.001,-0.099,-6.17,0.14,762,-103,-5659,0,0,2622,0.0307,-0.031,0.036,-0.064,-5.16,-0.87,737,459,-2056,0,0,6607,0.108,-0.017,0.016,-0.084,-5.41,-0.62,744,-298,-4959,0,0
70.96,4,2731.9,439.11,-0.08,3145.16,91.3,-0.06,-1.37,-0.1,1.0,0.0,1.0,2,6562,248.6,1.39,0.11,-2.95,-28.78,248,247,3572,0.0351,0.015,-0.002,-0.098,-6.66,0.63,738,-51,-3099,0,0,7174,0.1128,0.029,-0.002,-0.098,-5.96,-0.07,761,-126,-5679,0,0,2631,0.0301,-0.026,0.062,-0.038,-4.99,-1.04,818,1172,-1954,0,0,6606,0.1078,-0.013,0.031,-0.069,-5.12,-0.91,818,1149,-4897,0,0
70.98,4,2732.4,438.61,-0.08,3145.06,91.4,0.28,-1.32,-0.1,1.0,0.0,1.0,2,6775,268.3,1.53,0.11,-2.95,-29.69,248,248,3495,0.0352,0.003,-0.002,-0.098,-6.57,0.53,738,-72,-3032,0,0,6990,0.113,0.011,-0.003,-0.097,-5.94,-0.09,762,-154,-5521,0,0,2802,0.03,-0.004,0.089,-0.011,-5.06,-0.97,834,1993,-1819,0,0,6695,0.1078,0.003,0.048,-0.052,-5.21,-0.83,829,2808,-4699,0,0
71.0,4,2733.0,438.11,-0.08,3144.96,91.7,0.39,-1.29,-0.1,0.0,0.0,1.0,2,6779,290.6,1.64,0.09,-2.94,-30.8,248,249,3424,0.035,-0.01,-0.002,-0.098,-6.59,0.55,740,-75,-2973,0,0,6809,0.1124,-0.026,-0.004,-0.096,-6.0,-0.03,763,-140,-5401,0,0,2966,0.0307,0.033,0.102,0.002,-5.26,-0.77,823,2305,-1804,0,0,6816,0.1082,0.017,0.054,-0.046,-5.29,-0.74,812,3311,-4684,0,0
71.02,4,2733.5,437.62,-0.08,3144.86,91.8,0.35,-1.31,-0.1,0.0,0.0,1.0,2,6842,201.5,1.59,0.07,-2.93,-31.26,247,250,3362,0.0347,-0.016,-0.003,-0.097,-6.7,0.67,741,-80,-2923,0,0,6750,0.1117,-0.037,-0.001,-0.099,-6.19,0.16,766,-77,-5367,0,0,3010,0.0316,0.044,0.113,0.013,-5.21,-0.82,788,2135,-1957,0,0,6934,0.1086,0.023,0.073,-0.027,-5.37,-0.66,783,2958,-4892,0,0
71.04,4,2734.0,437.12,-0.08,3144.74,92.0,0.3,-1.33,-0.1,0.0,0.0,1.0,2,6648,-80.1,1.26,0.04,-2.92,-31.33,247,251,3336,0.0343,-0.019,-0.003,-0.097,-6.59,0.56,742,-74,-2901,0,0,6711,0.1111,-0.031,0.001,-0.099,-6.26,0.23,768,-97,-5341,0,0,3035,0.0323,0.034,0.076,-0.024,-5.28,-0.75,763,1926,-2090,0,0,7014,0.1091,0.023,0.038,-0.062,-5.47,-0.56,760,2306,-5107,0,0
71.06,4,2734.5,436.62,-0.08,3144.62,91.9,0.02,-1.37,-0.1,0.0,0.0,1.0,2,6317,-66.8,0.91,0.04,-2.92,-30.45,246,250,3397,0.034,-0.012,-0.002,-0.098,-6.66,0.63,742,-47,-2953,0,0,6831,0.1107,-0.021,0.001,-0.099,-6.22,0.19,768,-51,-5425,0,0,2907,0.0327,0.021,0.028,-0.072,-5.22,-0.81,736,375,-2309,0,0,6973,0.1093,0.012,0.008,-0.092,-5.34,-0.69,745,-700,-5245,0,0
71.08,4,2735.0,436.13,-0.08,3144.5,91.8,-0.13,-1.38,-0.1,1.0,0.0,1.0,2,6209,-67.1,0.68,0.05,-2.92,-29.7,246,249,3479,0.0342,0.007,-0.001,-0.099,-6.6,0.57,742,-34,-3014,0,0,6958,0.1109,0.012,-0.001,-0.099,-6.16,0.13,765,-71,-5521,0,0,2775,0.0323,-0.017,-0.008,-0.092,-5.14,-0.89,774,319,-2200,0,0,6844,0.1091,-0.012,-0.032,-0.068,-5.33,-0.7,780,-746,-5142,0,0
71.1,4,2735.5,435.63,-0.08,3144.37,91.6,-0.12,-1.38,-0.1,1.0,0.0,1.0,2,6371,123.0,0.67,0.06,-2.92,-29.17,246,249,3532,0.0344,0.013,-0.001,-0.099,-6.58,0.55,741,-41,-3060,0,0,7057,0.1113,0.022,-0.001,-0.099,-6.18,0.14,763,-119,-5596,0,0,2693,0.0318,-0.028,0.037,-0.063,-5.11,-0.92,739,476,-2119,0,0,6745,0.1087,-0.018,0.014,-0.086,-5.27,-0.76,745,-300,-5077,0,0
71.12,4,2736.0,435.14,-0.08,3144.24,91.5,-0.12,-1.38,-0.1,1.0,0.0,1.0,2,6351,172.5,0.89,0.08,-2.93,-28.82,247,248,3562,0.0348,0.015,-0.002,-0.098,-6.7,0.67,739,-41,-3087,0,0,7109,0.1119,0.027,0.0,-0.1,-6.2,0.17,762,-34,-5616,0,0,2649,0.0312,-0.029,-0.009,-0.091,-5.34,-0.69,772,293,-2095,0,0,6666,0.1083,-0.018,-0.029,-0.071,-5.17,-0.86,778,-727,-4973,0,0
71.14,4,2736.5,434.66,-0.08,3144.1,91.3,-0.12,-1.37,-0.1,1.0,0.0,1.0,2,6411,204.2,1.15,0.1,-2.94,-28.61,248,247,3595,0.0351,0.016,-0.002,-0.098,-6.59,0.56,738,-36,-3119,0,0,7157,0.1124,0.027,0.002,-0.098,-5.92,-0.11,761,-29,-5636,0,0,2626,0.0306,-0.028,0.036,-0.064,-5.01,-1.02,736,467,-2056,0,0,6599,0.108,-0.018,0.015,-0.085,-5.13,-0.9,743,-302,-4931,0,0
71.16,4,2737.0,434.17,-0.08,3143.96,91.2,-0.11,-1.37,-0.1,1.0,0.0,1.0,2,6517,243.5,1.35,0.12,-2.95,-28.54,248,246,3603,0.0354,0.016,-0.002,-0.098,-6.62,0.59,737,-46,-3125,0,0,7184,0.113,0.027,-0.002,-0.098,-6.02,-0.01,760,-86,-5657,0,0,2614,0.0301,-0.026,0.082,-0.018,-5.16,-0.87,766,913,-1985,0,0,6559,0.1077,-0.015,0.058,-0.042,-5.35,-0.68,770,804,-4873,0,0
71.18,4,2737.5,433.69,-0.08,3143.81,91.2,0.2,-1.33,-0.1,1.0,0.0,1.0,2,6696,266.6,1.51,0.12,-2.95,-29.26,248,247,3511,0.0355,0.007,-0.003,-0.097,-6.57,0.54,737,-75,-3037,0,0,7058,0.1133,0.017,-0.004,-0.096,-6.03,0.0,759,-108,-5571,0,0,2750,0.0299,-0.012,0.092,-0.008,-4.98,-1.05,812,1974,-1764,0,0,6658,0.1076,-0.002,0.048,-0.052,-5.16,-0.87,804,2840,-4650,0,0
71.2,4,2738.0,433.2,-0.08,3143.66,91.4,0.32,-1.31,-0.1,1.0,0.0,1.0,2,6841,287.9,1.62,0.1,-2.95,-30.05,248,248,3437,0.0353,-0.01,-0.001,-0.099,-6.52,0.49,737,-55,-2978,0,0,6918,0.113,-0.016,0.0,-0.1,-5.88,-0.15,762,-98,-5458,0,0,2895,0.0304,0.024,0.114,0.014,-5.12,-0.91,786,2098,-1851,0,0,6801,0.108,0.018,0.078,-0.022,-5.44,-0.59,780,3057,-4743,0,0
71.22,4,2738.5,432.72,-0.08,3143.5,91.6,0.37,-1.3,-0.1,0.0,0.0,1.0,2,6774,302.5,1.71,0.08,-2.94,-30.78,247,249,3356,0.035,-0.019,-0.003,-0.097,-6.54,0.51,739,-71,-2906,0,0,6798,0.1124,-0.028,-0.001,-0.099,-5.88,-0.15,764,-119,-5377,0,0,3008,0.0311,0.038,0.084,-0.016,-5.21,-0.82,831,2116,-1959,0,0,6972,0.1086,0.029,0.044,-0.056,-5.44,-0.6,827,2763,-4978,0,0
71.24,4,2739.1,432.23,-0.08,3143.33,91.8,0.39,-1.31,-0.1,0.0,0.0,1.0,2,6729,208.5,1.64,0.05,-2.93,-31.3,246,250,3320,0.0345,-0.022,-0.003,-0.097,-6.64,0.61,741,-79,-2887,0,0,6702,0.1117,-0.037,-0.002,-0.098,-5.9,-0.13,766,-163,-5313,0,0,3087,0.0321,0.047,0.092,-0.008,-5.32,-0.71,814,2324,-1922,0,0,7100,0.1093,0.033,0.045,-0.055,-5.33,-0.7,805,3139,-4988,0,0
71.26,4,2739.6,431.75,-0.08,3143.16,92.0,0.31,-1.34,-0.1,0.0,0.0,1.0,2,6632,-81.2,1.29,0.03,-2.92,-31.16,245,251,3305,0.0341,-0.021,-0.003,-0.097,-6.7,0.67,742,-88,-2875,0,0,6693,0.1109,-0.038,-0.002,-0.098,-6.03,0.0,767,-104,-5320,0,0,3079,0.0329,0.042,0.074,-0.026,-5.3,-0.73,762,1891,-2144,0,0,7174,0.1098,0.026,0.039,-0.061,-5.3,-0.73,759,2211,-5239,0,0
71.28,4,2740.1,431.27,-0.08,3142.99,91.9,0.02,-1.38,-0.1,0.89,0.0,1.0,2,6317,-66.8,0.93,0.02,-2.92,-30.17,245,250,3395,0.0338,-0.012,-0.001,-0.099,-6.78,0.75,742,-27,-2958,0,0,6815,0.1105,-0.02,-0.001,-0.099,-5.94,-0.09,767,-99,-5405,0,0,2926,0.0333,0.018,0.028,-0.072,-5.16,-0.87,736,361,-2324,0,0,7080,0.11,0.01,0.008,-0.092,-5.33,-0.7,745,-703,-5305,0,0
71.3,4,2740.6,430.79,-0.08,3142.81,91.8,-0.13,-1.39,-0.1,1.0,0.0,1.0,2,6316,122.2,0.85,0.03,-2.92,-29.37,245,249,3483,0.0341,0.01,-0.003,-0.097,-6.69,0.66,740,-57,-3020,0,0,6945,0.1107,0.01,-0.002,-0.098,-6.09,0.06,765,-88,-5510,0,0,2781,0.0329,-0.019,-0.005,-0.095,-5.54,-0.49,774,358,-2210,0,0,6912,0.1096,-0.02,-0.028,-0.072,-5.2,-0.83,781,-696,-5174,0,0
71.32,4,2741.1,430.32,-0.08,3142.63,91.6,-0.12,-1.38,-0.1,1.0,0.0,1.0,2,6421,179.1,1.03,0.05,-2.92,-28.85,245,249,3540,0.0344,0.015,-0.002,-0.098,-6.64,0.61,740,-33,-3059,0,0,7028,0.1111,0.02,-0.003,-0.097,-5.98,-0.05,763,-109,-5543,0,0,2694,0.0323,-0.03,0.036,-0.064,-5.05,-0.98,738,459,-2112,0,0,6771,0.1091,-0.026,0.014,-0.086,-5.28,-0.75,745,-323,-5075,0,0
71.34,4,2741.6,429.85,-0.08,3142.44,91.5,-0.12,-1.37,-0.1,1.0,0.0,1.0,2,6370,224.3,1.26,0.07,-2.92,-28.5,246,248,3579,0.0347,0.017,-0.002,-0.098,-6.76,0.73,739,-44,-3105,0,0,7096,0.1116,0.024,-0.001,-0.099,-5.92,-0.11,762,-89,-5595,0,0,2646,0.0317,-0.032,-0.011,-0.089,-5.13,-0.9,772,279,-2078,0,0,6668,0.1086,-0.026,-0.028,-0.072,-5.09,-0.95,778,-675,-4952,0,0
71.36,4,2742.1,429.38,-0.08,3142.25,91.5,0.08,-1.35,-0.1,1.0,0.0,1.0,2,6640,254.4,1.43,0.08,-2.93,-28.82,247,248,3544,0.035,0.016,-0.002,-0.098,-6.73,0.7,738,-45,-3080,0,0,7057,0.1121,0.023,-0.002,-0.098,-6.1,0.07,762,-124,-5590,0,0,2710,0.0311,-0.026,0.08,-0.02,-4.94,-1.09,804,1727,-1851,0,0,6671,0.1082,-0.019,0.04,-0.06,-5.12,-0.91,799,2259,-4785,0,0
71.38,4,2742.6,428.91,-0.08,3142.05,91.6,0.3,-1.32,-0.1,1.0,0.0,1.0,2,6859,276.5,1.57,0.08,-2.92,-29.61,247,249,3472,0.035,-0.002,-0.002,-0.098,-6.53,0.5,739,-86,-3006,0,0,6929,0.112,-0.001,-0.003,-0.097,-5.97,-0.06,764,-148,-5481,0,0,2840,0.0312,0.004,0.117,0.017,-4.98,-1.05,789,2083,-1801,0,0,6769,0.1083,0.005,0.079,-0.021,-5.1,-0.93,782,3156,-4648,0,0
71.4,4,2743.1,428.44,-0.08,3141.84,91.8,0.38,-1.29,-0.1,0.0,0.0,1.0,2,6786,294.0,1.67,0.06,-2.91,-30.54,246,250,3404,0.0348,-0.01,0.001,-0.099,-6.5,0.47,740,-9,-2950,0,0,6794,0.1116,-0.022,0.003,-0.097,-5.88,-0.15,765,-75,-5380,0,0,2970,0.0317,0.025,0.084,-0.016,-5.24,-0.79,833,2089,-1940,0,0,6878,0.1085,0.012,0.045,-0.055,-5.19,-0.84,829,2743,-4865,0,0
71.42,4,2743.6,427.98,-0.08,3141.63,92.0,0.38,-1.3,-0.1,0.0,0.0,1.0,2,6740,203.9,1.61,0.04,-2.9,-31.23,246,251,3358,0.0345,-0.015,-0.002,-0.098,-6.78,0.75,741,-83,-2916,0,0,6705,0.1109,-0.033,-0.003,-0.097,-5.94,-0.09,767,-153,-5323,0,0,3031,0.0325,0.037,0.091,-0.009,-5.34,-0.69,816,2271,-1896,0,0,6957,0.1089,0.019,0.046,-0.054,-5.26,-0.77,807,3059,-4872,0,0
71.44,4,2744.2,427.51,-0.08,3141.42,92.2,0.3,-1.33,-0.1,0.0,0.0,1.0,2,6651,-80.6,1.27,0.02,-2.9,-31.29,246,252,3335,0.0342,-0.016,-0.002,-0.098,-6.55,0.52,743,-73,-2899,0,0,6707,0.1103,-0.033,-0.004,-0.096,-5.97,-0.06,768,-92,-5354,0,0,3020,0.0331,0.033,0.079,-0.021,-5.17,-0.86,764,1937,-2063,0,0,7020,0.1092,0.017,0.041,-0.059,-5.6,-0.43,761,2219,-5136,0,0
71.46,4,2744.7,427.05,-0.08,3141.2,92.1,0.01,-1.37,-0.1,0.0,0.0,1.0,2,6328,-66.9,0.92,0.02,-2.89,-30.43,245,251,3400,0.0339,-0.013,-0.002,-0.098,-6.62,0.59,744,-52,-2957,0,0,6825,0.11,-0.013,-0.001,-0.099,-5.95,-0.08,769,-103,-5396,0,0,2890,0.0333,0.011,0.028,-0.072,-5.24,-0.79,737,350,-2283,0,0,6968,0.1094,0.01,0.008,-0.092,-5.31,-0.72,747,-706,-5253,0,0
71.48,4,2745.2,426.59,-0.08,3140.98,91.9,-0.13,-1.39,-0.1,1.0,0.0,1.0,2,6227,-67.2,0.68,0.03,-2.9,-29.67,245,250,3486,0.0341,0.009,-0.001,-0.099,-6.57,0.54,743,-48,-3024,0,0,6975,0.1103,0.016,-0.002,-0.098,-5.99,-0.04,767,-114,-5536,0,0,2761,0.0329,-0.022,-0.01,-0.09,-5.15,-0.88,776,306,-2185,0,0,6850,0.1091,-0.015,-0.03,-0.07,-5.24,-0.79,782,-704,-5139,0,0
71.5,4,2745.7,426.13,-0.08,3140.75,91.8,-0.12,-1.38,-0.1,1.0,0.0,1.0,2,6385,122.9,0.68,0.05,-2.91,-29.18,246,250,3542,0.0344,0.014,-0.002,-0.098,-6.63,0.6,742,-35,-3075,0,0,7063,0.1109,0.027,0.0,-0.1,-5.94,-0.09,765,-63,-5582,0,0,2684,0.0323,-0.031,0.036,-0.064,-5.24,-0.79,740,468,-2108,0,0,6744,0.1088,-0.019,0.015,-0.085,-5.18,-0.85,746,-275,-5069,0,0
71.52,4,2746.2,425.68,-0.08,3140.52,91.6,-0.12,-1.38,-0.1,1.0,0.0,1.0,2,6363,172.3,0.89,0.07,-2.92,-28.87,247,249,3575,0.0347,0.017,-0.003,-0.097,-6.73,0.69,740,-54,-3110,0,0,7127,0.1115,0.031,-0.003,-0.097,-6.01,-0.02,763,-77,-5616,0,0,2640,0.0316,-0.033,-0.011,-0.089,-5.07,-0.96,773,282,-2073,0,0,6666,0.1084,-0.02,-0.031,-0.069,-5.25,-0.78,779,-742,-4964,0,0
71.54,4,2746.7,425.23,-0.08,3140.28,91.5,-0.12,-1.37,-0.1,1.0,0.0,1.0,2,6421,204.5,1.16,0.09,-2.93,-28.69,247,248,3593,0.0351,0.017,0.0,-0.1,-6.56,0.52,740,-40,-3110,0,0,7172,0.1121,0.032,0.001,-0.099,-5.89,-0.14,762,-48,-5636,0,0,2619,0.031,-0.031,0.035,-0.065,-5.07,-0.96,737,474,-2043,0,0,6615,0.108,-0.017,0.014,-0.086,-5.26,-0.77,744,-307,-4943,0,0
71.56,4,2747.2,424.78,-0.08,3140.04,91.4,-0.09,-1.36,-0.1,1.0,0.0,1.0,2,6575,243.0,1.36,0.11,-2.94,-28.68,248,247,3599,0.0354,0.016,-0.002,-0.098,-6.65,0.62,738,-44,-3117,0,0,7192,0.1127,0.031,-0.002,-0.098,-5.95,-0.08,761,-114,-5664,0,0,2624,0.0304,-0.027,0.073,-0.027,-4.95,-1.08,760,1156,-1941,0,0,6593,0.1078,-0.013,0.045,-0.055,-5.3,-0.73,760,1278,-4863,0,0
71.58,4,2747.7,424.34,-0.08,3139.8,91.5,0.24,-1.33,-0.1,1.0,0.0,1.0,2,6690,267.2,1.51,0.11,-2.94,-29.5,249,248,3511,0.0355,0.005,-0.004,-0.096,-6.63,0.59,738,-79,-3044,0,0,7047,0.113,0.016,-0.003,-0.097,-6.07,0.04,762,-122,-5564,0,0,2764,0.0302,-0.01,0.089,-0.011,-5.2,-0.83,811,1978,-1779,0,0,6684,0.1078,0.001,0.046,-0.054,-5.11,-0.92,803,2755,-4679,0,0
71.6,4,2748.2,423.9,-0.08,3139.54,91.6,0.32,-1.31,-0.1,0.87,0.0,1.0,2,6853,287.7,1.62,0.1,-2.94,-30.27,248,249,3450,0.0353,-0.009,-0.002,-0.098,-6.56,0.53,739,-63,-2987,0,0,6913,0.1127,-0.015,-0.001,-0.099,-5.9,-0.13,764,-112,-5460,0,0,2892,0.0307,0.022,0.114,0.014,-5.19,-0.85,788,2086,-1856,0,0,6798,0.1081,0.016,0.075,-0.025,-5.27,-0.76,782,3039,-4718,0,0
71.62,4,2748.7,423.46,-0.08,3139.29,91.8,0.37,-1.3,-0.1,0.0,0.0,1.0,2,6786,284.5,1.66,0.08,-2.93,-31.05,248,250,3379,0.035,-0.015,0.0,-0.1,-6.51,0.48,741,-34,-2931,0,0,6797,0.1122,-0.026,-0.001,-0.099,-5.88,-0.15,766,-120,-5384,0,0,2997,0.0314,0.034,0.086,-0.014,-5.39,-0.64,834,2109,-1956,0,0,6937,0.1086,0.023,0.047,-0.053,-5.54,-0.49,829,2743,-4944,0,0
71.64,4,2749.2,423.02,-0.08,3139.03,92.0,0.37,-1.31,-0.1,0.0,0.0,1.0,2,6673,142.6,1.53,0.05,-2.92,-31.51,247,251,3333,0.0346,-0.021,-0.004,-0.096,-6.62,0.59,742,-83,-2896,0,0,6727,0.1116,-0.033,-0.003,-0.097,-5.93,-0.1,768,-174,-5347,0,0,3059,0.0322,0.042,0.079,-0.021,-5.29,-0.74,806,2172,-1989,0,0,7065,0.1092,0.029,0.036,-0.064,-5.5,-0.53,798,2737,-5061,0,0
71.66,4,2749.8,422.58,-0.08,3138.76,92.1,0.24,-1.35,-0.1,0.0,0.0,1.0,2,6494,-75.3,1.16,0.03,-2.92,-31.19,246,251,3334,0.0342,-0.019,-0.002,-0.098,-6.81,0.78,743,-35,-2907,0,0,6744,0.1109,-0.031,-0.001,-0.099,-6.16,0.13,769,-131,-5364,0,0,3015,0.0329,0.033,0.041,-0.059,-5.35,-0.68,809,1395,-2253,0,0,7104,0.1096,0.022,0.014,-0.086,-5.65,-0.38,810,1114,-5355,0,0
71.68,4,2750.3,422.14,-0.08,3138.49,92.0,-0.04,-1.38,-0.1,0.39,0.0,1.0,2,6301,-66.7,0.84,0.03,-2.92,-30.21,246,251,3425,0.0341,-0.008,-0.001,-0.099,-6.55,0.52,743,-64,-2974,0,0,6879,0.1107,-0.01,-0.002,-0.098,-5.94,-0.09,767,-117,-5463,0,0,2873,0.0331,0.009,0.034,-0.066,-5.13,-0.9,740,355,-2280,0,0,7020,0.1097,0.007,0.012,-0.088,-5.28,-0.75,748,-589,-5282,0,0
71.7,4,2750.8,421.71,-0.08,3138.22,91.9,-0.13,-1.39,-0.1,1.0,0.0,1.0,2,6319,91.6,0.78,0.04,-2.92,-29.52,246,250,3503,0.0343,0.012,-0.001,-0.099,-6.58,0.55,742,-40,-3035,0,0,6994,0.1111,0.017,-0.002,-0.098,-6.03,-0.01,766,-69,-5552,0,0,2751,0.0326,-0.024,-0.009,-0.091,-5.33,-0.7,775,322,-2180,0,0,6875,0.1094,-0.019,-0.027,-0.073,-5.17,-0.86,781,-680,-5144,0,0
71.72,4,2751.3,421.29,-0.08,3137.94,91.7,-0.12,-1.38,-0.1,1.0,0.0,1.0,2,6429,168.4,0.93,0.06,-2.92,-29.06,247,249,3554,0.0346,0.016,-0.002,-0.098,-6.57,0.54,740,-40,-3086,0,0,7078,0.1115,0.023,0.001,-0.099,-6.26,0.23,764,-74,-5622,0,0,2677,0.032,-0.03,0.036,-0.064,-5.09,-0.94,739,474,-2096,0,0,6760,0.1089,-0.022,0.014,-0.086,-5.22,-0.81,746,-303,-5045,0,0
71.74,4,2751.8,420.86,-0.08,3137.66,91.6,-0.13,-1.38,-0.1,1.0,0.0,1.0,2,6372,208.4,1.18,0.08,-2.93,-28.76,248,248,3587,0.0349,0.017,-0.002,-0.098,-6.58,0.54,739,-53,-3107,0,0,7136,0.1121,0.027,-0.002,-0.098,-6.0,-0.03,763,-107,-5642,0,0,2635,0.0313,-0.032,-0.01,-0.09,-5.2,-0.83,773,291,-2079,0,0,6673,0.1085,-0.022,-0.031,-0.069,-5.22,-0.82,779,-734,-4978,0,0
71.76,4,2752.3,420.44,-0.08,3137.37,91.6,0.08,-1.36,-0.1,1.0,0.0,1.0,2,6635,242.6,1.37,0.09,-2.94,-29.06,248,248,3541,0.0352,0.014,-0.003,-0.097,-6.58,0.55,739,-54,-3073,0,0,7089,0.1126,0.024,-0.002,-0.098,-5.9,-0.13,762,-103,-5599,0,0,2700,0.0308,-0.026,0.075,-0.025,-5.01,-1.02,803,1672,-1861,0,0,6690,0.1082,-0.015,0.038,-0.062,-5.24,-0.8,799,2170,-4837,0,0
71.78,4,2752.8,420.03,-0.08,3137.08,91.7,0.29,-1.32,-0.1,1.0,0.0,1.0,2,6867,267.3,1.52,0.09,-2.94,-29.79,248,249,3466,0.0352,-0.004,-0.004,-0.096,-6.63,0.6,740,-86,-3007,0,0,6959,0.1125,-0.002,-0.003,-0.097,-6.01,-0.02,764,-136,-5503,0,0,2837,0.0309,0.006,0.116,0.016,-5.08,-0.95,790,2081,-1800,0,0,6804,0.1083,0.008,0.08,-0.02,-5.1,-0.93,783,3181,-4694,0,0
71.8,4,2753.3,419.61,-0.08,3136.78,91.9,0.38,-1.3,-0.1,0.0,0.0,1.0,2,6791,287.1,1.64,0.07,-2.93,-30.7,248,250,3411,0.0349,-0.011,-0.003,-0.097,-6.72,0.69,742,-82,-2965,0,0,6813,0.1121,-0.022,-0.002,-0.098,-5.91,-0.12,766,-161,-5399,0,0,2969,0.0315,0.027,0.084,-0.016,-5.19,-0.84,834,2088,-1941,0,0,6907,0.1087,0.016,0.044,-0.056,-5.41,-0.63,829,2754,-4904,0,0
71.82,4,2753.8,419.2,-0.08,3136.48,92.1,0.38,-1.3,-0.1,0.0,0.0,1.0,2,6740,200.3,1.58,0.05,-2.92,-31.37,248,251,3364,0.0346,-0.015,-0.003,-0.097,-6.72,0.68,743,-77,-2933,0,0,6729,0.1114,-0.032,-0.003,-0.097,-6.0,-0.03,769,-135,-5347,0,0,3022,0.0322,0.036,0.09,-0.01,-5.35,-0.68,815,2246,-1904,0,0,6988,0.109,0.019,0.047,-0.053,-5.24,-0.79,807,3039,-4898,0,0
71.84,4,2754.4,418.78,-0.08,3136.18,92.3,0.3,-1.33,-0.1,0.0,0.0,1.0,2,6658,-80.0,1.26,0.03,-2.91,-31.44,247,252,3344,0.0343,-0.016,-0.003,-0.097,-6.58,0.55,744,-71,-2918,0,0,6713,0.1108,-0.034,-0.005,-0.095,-5.98,-0.05,768,-134,-5346,0,0,3019,0.0329,0.033,0.077,-0.023,-5.49,-0.55,765,1885,-2098,0,0,7036,0.1093,0.015,0.041,-0.059,-5.63,-0.4,762,2259,-5140,0,0
71.86,4,2754.9,418.38,-0.08,3135.87,92.2,0.01,-1.38,-0.1,0.0,0.0,1.0,2,6331,-66.9,0.91,0.03,-2.91,-30.57,247,252,3405,0.0341,-0.011,0.003,-0.097,-6.93,0.89,745,-20,-2966,0,0,6841,0.1104,-0.017,0.004,-0.096,-5.87,-0.16,770,-18,-5442,0,0,2891,0.0331,0.014,0.034,-0.066,-5.61,-0.43,737,363,-2309,0,0,6991,0.1095,0.009,0.007,-0.093,-5.37,-0.66,747,-759,-5262,0,0
71.88,4,2755.4,417.97,-0.08,3135.55,92.0,-0.13,-1.39,-0.1,1.0,0.0,1.0,2,6225,-67.2,0.67,0.04,-2.91,-29.82,247,251,3486,0.0342,0.008,-0.003,-0.097,-6.62,0.59,743,-68,-3031,0,0,6978,0.1107,0.015,0.001,-0.099,-6.22,0.19,768,-84,-5546,0,0,2762,0.0327,-0.021,-0.01,-0.09,-5.36,-0.67,776,310,-2198,0,0,6867,0.1092,-0.014,-0.029,-0.071,-5.58,-0.46,782,-659,-5171,0,0
71.9,4,2755.9,417.57,-0.08,3135.23,91.9,-0.12,-1.39,-0.1,1.0,0.0,1.0,2,6386,122.8,0.67,0.06,-2.92,-29.32,247,250,3541,0.0345,0.014,-0.002,-0.098,-6.72,0.69,742,-43,-3079,0,0,7068,0.1112,0.024,-0.003,-0.097,-5.98,-0.05,765,-136,-5619,0,0,2682,0.0321,-0.03,0.04,-0.06,-5.02,-1.01,741,526,-2103,0,0,6761,0.1089,-0.02,0.016,-0.084,-5.44,-0.59,748,-284,-5100,0,0
71.92,4,2756.4,417.18,-0.08,3134.91,91.7,-0.12,-1.38,-0.1,1.0,0.0,1.0,2,6367,172.3,0.89,0.08,-2.93,-28.99,248,249,3575,0.0348,0.016,0.0,-0.1,-6.81,0.78,741,-25,-3099,0,0,7137,0.1118,0.029,0.003,-0.097,-6.31,0.28,763,7,-5650,0,0,2636,0.0315,-0.033,-0.011,-0.089,-5.21,-0.82,774,265,-2077,0,0,6681,0.1085,-0.02,-0.03,-0.07,-5.18,-0.85,780,-757,-4984,0,0
71.94,4,2756.9,416.79,-0.08,3134.59,91.6,-0.12,-1.37,-0.1,1.0,0.0,1.0,2,6424,203.8,1.15,0.1,-2.94,-28.79,249,248,3591,0.0352,0.016,-0.003,-0.097,-6.6,0.57,739,-31,-3119,0,0,7184,0.1124,0.031,-0.002,-0.098,-6.04,0.01,763,-127,-5674,0,0,2611,0.0308,-0.032,0.036,-0.064,-5.01,-1.02,738,449,-2038,0,0,6631,0.1081,-0.017,0.013,-0.087,-5.21,-0.82,744,-326,-4959,0,0
71.96,4,2757.4,416.4,-0.08,3134.26,91.5,-0.09,-1.37,-0.1,1.0,0.0,1.0,2,6583,242.4,1.35,0.11,-2.95,-28.79,249,248,3596,0.0355,0.015,-0.001,-0.099,-6.81,0.78,739,-38,-3122,0,0,7205,0.113,0.031,-0.001,-0.099,-6.19,0.16,761,-13,-5685,0,0,2616,0.0303,-0.029,0.072,-0.028,-5.09,-0.94,761,1149,-1950,0,0,6607,0.1078,-0.013,0.045,-0.055,-5.09,-0.94,761,1271,-4862,0,0
71.98,4,2757.9,416.02,-0.08,3133.93,91.6,0.23,-1.33,-0.1,1.0,0.0,1.0,2,6700,266.5,1.51,0.11,-2.95,-29.56,250,248,3511,0.0356,0.005,-0.003,-0.097,-6.7,0.67,739,-68,-3048,0,0,7063,0.1134,0.015,-0.001,-0.099,-5.91,-0.12,763,-117,-5584,0,0,2761,0.0301,-0.009,0.091,-0.009,-4.96,-1.07,812,1980,-1774,0,0,6711,0.1079,0.002,0.047,-0.053,-5.35,-0.68,804,2774,-4718,0,0
72.0,4,2758.4,415.63,-0.08,3133.59,91.7,0.32,-1.32,-0.1,0.79,0.0,1.0,2,6855,287.3,1.62,0.1,-2.95,-30.26,249,249,3424,0.0353,-0.012,-0.003,-0.097,-6.69,0.65,740,-60,-2980,0,0,6946,0.1131,-0.013,-0.004,-0.096,-6.01,-0.02,764,-162,-5504,0,0,2886,0.0306,0.024,0.113,0.013,-5.13,-0.91,788,2109,-1830,0,0,6873,0.1083,0.022,0.075,-0.025,-5.36,-0.67,782,3025,-4807,0,0
72.02,4,2758.9,415.25,-0.08,3133.25,91.9,0.37,-1.31,-0.1,0.0,0.0,1.0,2,6788,273.6,1.64,0.08,-2.94,-31.0,249,250,3386,0.035,-0.016,-0.003,-0.097,-6.79,0.76,741,-64,-2947,0,0,6806,0.1126,-0.025,-0.003,-0.097,-6.11,0.08,766,-104,-5386,0,0,3009,0.0312,0.034,0.084,-0.016,-5.2,-0.83,834,2124,-1965,0,0,6987,0.1088,0.025,0.044,-0.056,-5.27,-0.76,829,2770,-4955,0,0
72.04,4,2759.5,414.88,-0.08,3132.9,92.1,0.36,-1.32,-0.1,0.0,0.0,1.0,2,6624,102.2,1.46,0.06,-2.93,-31.4,248,251,3345,0.0346,-0.018,0.004,-0.096,-6.94,0.91,743,-16,-2920,0,0,6735,0.1119,-0.035,0.0,-0.1,-5.85,-0.18,767,-77,-5353,0,0,3053,0.0321,0.042,0.069,-0.031,-5.27,-0.77,798,2044,-2048,0,0,7077,0.1093,0.024,0.028,-0.072,-5.34,-0.69,793,2337,-5132,0,0
72.06,4,2760.0,414.5,-0.08,3132.55,92.1,0.14,-1.37,-0.1,0.0,0.0,1.0,2,6368,-70.7,1.09,0.04,-2.93,-30.75,248,251,3368,0.0343,-0.017,-0.001,-0.099,-6.82,0.79,743,-57,-2936,0,0,6806,0.1113,-0.028,0.001,-0.099,-5.9,-0.14,769,-17,-5393,0,0,2963,0.0327,0.029,0.028,-0.072,-5.16,-0.87,735,680,-2323,0,0,7085,0.1097,0.018,0.005,-0.095,-5.54,-0.5,742,-322,-5347,0,0
72.08,4,2760.5,414.14,-0.08,3132.2,92.0,-0.14,-1.39,-0.1,1.0,0.0,1.0,2,6231,-67.2,0.79,0.05,-2.93,-29.84,247,251,3482,0.0344,0.002,0.001,-0.099,-6.52,0.49,742,6,-3019,0,0,6960,0.1114,0.003,-0.003,-0.097,-6.02,-0.01,767,-208,-5518,0,0,2803,0.0325,-0.007,-0.003,-0.097,-5.0,-1.04,776,343,-2221,0,0,6941,0.1096,-0.006,-0.023,-0.077,-5.11,-0.92,782,-606,-5205,0,0
72.1,4,2761.0,413.77,-0.08,3131.84,91.8,-0.12,-1.38,-0.1,1.0,0.0,1.0,2,6385,122.9,0.76,0.06,-2.93,-29.28,248,250,3542,0.0346,0.014,-0.001,-0.099,-6.59,0.56,742,-50,-3076,0,0,7058,0.1118,0.02,-0.001,-0.099,-5.94,-0.09,764,4,-5573,0,0,2711,0.032,-0.025,0.036,-0.064,-5.1,-0.93,740,470,-2132,0,0,6822,0.1091,-0.02,0.015,-0.085,-5.19,-0.84,747,-304,-5106,0,0
72.12,4,2761.5,413.41,-0.08,3131.48,91.7,-0.12,-1.38,-0.1,1.0,0.0,1.0,2,6364,172.3,0.96,0.08,-2.94,-28.91,248,249,3578,0.035,0.016,-0.004,-0.096,-6.63,0.6,739,-78,-3104,0,0,7121,0.1123,0.025,-0.001,-0.099,-5.95,-0.09,763,-16,-5640,0,0,2660,0.0314,-0.029,-0.011,-0.089,-5.05,-0.98,773,297,-2090,0,0,6728,0.1087,-0.021,-0.028,-0.072,-5.43,-0.6,779,-617,-5023,0,0
72.14,4,2762.0,413.06,-0.08,3131.11,91.5,-0.12,-1.37,-0.1,1.0,0.0,1.0,2,6428,213.8,1.2,0.1,-2.95,-28.69,249,248,3608,0.0353,0.017,-0.002,-0.098,-6.62,0.59,739,-40,-3129,0,0,7178,0.1128,0.027,0.0,-0.1,-6.22,0.19,762,-77,-5665,0,0,2621,0.0308,-0.03,0.036,-0.064,-5.13,-0.9,738,458,-2048,0,0,6652,0.1083,-0.02,0.014,-0.086,-5.19,-0.84,745,-302,-4977,0,0
72.16,4,2762.5,412.71,-0.08,3130.75,91.5,0.06,-1.36,-0.1,1.0,0.0,1.0,2,6629,246.2,1.39,0.11,-2.95,-29.0,249,248,3564,0.0356,0.014,-0.002,-0.098,-6.6,0.56,739,-53,-3093,0,0,7126,0.1133,0.024,-0.004,-0.096,-6.04,0.01,761,-183,-5641,0,0,2687,0.0303,-0.024,0.074,-0.026,-5.07,-0.97,803,1647,-1860,0,0,6670,0.108,-0.014,0.039,-0.061,-5.27,-0.76,798,2160,-4815,0,0
72.18,4,2763.0,412.36,-0.08,3130.38,91.6,0.3,-1.32,-0.1,1.0,0.0,1.0,2,6861,269.9,1.54,0.11,-2.95,-29.81,250,249,3483,0.0355,-0.003,0.001,-0.099,-6.42,0.39,738,-43,-3015,0,0,6987,0.1133,-0.003,-0.004,-0.096,-6.05,0.02,763,-185,-5523,0,0,2828,0.0305,0.008,0.12,0.02,-4.93,-1.1,789,2105,-1770,0,0,6787,0.1082,0.009,0.076,-0.024,-5.28,-0.75,782,3182,-4682,0,0
72.2,4,2763.5,412.01,-0.08,3130.0,91.8,0.38,-1.3,-0.1,0.0,0.0,1.0,2,6784,289.2,1.65,0.09,-2.94,-30.74,249,250,3414,0.0353,-0.013,-0.003,-0.097,-6.76,0.73,740,-92,-2972,0,0,6834,0.1128,-0.023,-0.004,-0.096,-6.09,0.05,765,-151,-5428,0,0,2970,0.0311,0.029,0.084,-0.016,-5.12,-0.91,833,2094,-1936,0,0,6914,0.1086,0.019,0.045,-0.055,-5.19,-0.85,829,2730,-4901,0,0
72.22,4,2764.0,411.67,-0.08,3129.62,92.0,0.38,-1.31,-0.1,0.0,0.0,1.0,2,6736,201.5,1.59,0.06,-2.93,-31.39,248,251,3367,0.0349,-0.017,-0.002,-0.098,-6.79,0.76,742,-64,-2937,0,0,6742,0.1121,-0.035,-0.002,-0.098,-6.15,0.12,768,-139,-5360,0,0,3047,0.0319,0.041,0.09,-0.01,-5.31,-0.72,815,2256,-1930,0,0,7022,0.1091,0.023,0.045,-0.055,-5.3,-0.73,806,3020,-4952,0,0
72.24,4,2764.6,411.33,-0.08,3129.24,92.2,0.3,-1.34,-0.1,0.0,0.0,1.0,2,6654,-80.1,1.26,0.04,-2.92,-31.42,248,252,3349,0.0346,-0.018,-0.003,-0.097,-6.69,0.65,744,-85,-2920,0,0,6722,0.1114,-0.036,0.001,-0.099,-6.23,0.2,769,-38,-5374,0,0,3038,0.0327,0.039,0.077,-0.023,-5.16,-0.87,765,1906,-2096,0,0,7078,0.1095,0.021,0.039,-0.061,-5.5,-0.53,762,2188,-5178,0,0
72.26,4,2765.1,411.0,-0.08,3128.85,92.1,0.02,-1.38,-0.1,0.0,0.0,1.0,2,6330,-66.9,0.91,0.04,-2.92,-30.52,247,251,3409,0.0343,-0.013,-0.003,-0.097,-6.73,0.69,744,-71,-2968,0,0,6848,0.111,-0.019,0.002,-0.098,-5.88,-0.15,769,-18,-5448,0,0,2904,0.033,0.016,0.03,-0.07,-5.12,-0.91,737,392,-2290,0,0,7030,0.1097,0.01,0.009,-0.091,-5.5,-0.53,747,-713,-5293,0,0
72.28,4,2765.6,410.67,-0.08,3128.46,92.0,-0.13,-1.39,-0.1,1.0,0.0,1.0,2,6224,-67.2,0.68,0.05,-2.92,-29.74,248,251,3498,0.0345,0.008,-0.001,-0.099,-6.82,0.79,743,-30,-3044,0,0,6976,0.1112,0.012,-0.001,-0.099,-6.06,0.03,767,-82,-5545,0,0,2771,0.0326,-0.019,-0.008,-0.092,-5.05,-0.98,775,346,-2179,0,0,6884,0.1094,-0.015,-0.025,-0.075,-5.57,-0.46,781,-637,-5203,0,0
72.3,4,2766.1,410.34,-0.08,3128.06,91.8,-0.12,-1.38,-0.1,1.0,0.0,1.0,2,6378,122.9,0.67,0.07,-2.92,-29.23,248,250,3553,0.0348,0.014,0.0,-0.1,-6.55,0.52,741,-37,-3080,0,0,7065,0.1116,0.02,0.0,-0.1,-6.22,0.19,765,-69,-5610,0,0,2691,0.032,-0.029,0.037,-0.063,-5.04,-0.99,740,471,-2098,0,0,6765,0.1089,-0.022,0.014,-0.086,-5.35,-0.69,747,-356,-5089,0,0
72.32,4,2766.6,410.02,-0.08,3127.67,91.7,-0.12,-1.38,-0.1,1.0,0.0,1.0,2,6364,172.3,0.89,0.09,-2.93,-28.93,249,249,3589,0.0351,0.017,-0.002,-0.098,-6.7,0.67,740,-47,-3115,0,0,7131,0.1122,0.026,-0.003,-0.097,-6.1,0.07,763,-83,-5642,0,0,2640,0.0314,-0.031,-0.009,-0.091,-5.01,-1.03,773,286,-2072,0,0,6673,0.1085,-0.022,-0.031,-0.069,-5.18,-0.85,779,-701,-5011,0,0
72.34,4,2767.1,409.71,-0.08,3127.27,91.5,-0.12,-1.37,-0.1,1.0,0.0,1.0,2,6425,204.0,1.15,0.1,-2.94,-28.73,249,248,3598,0.0354,0.016,-0.002,-0.098,-6.64,0.6,739,-62,-3127,0,0,7175,0.1127,0.028,-0.002,-0.098,-6.08,0.05,763,-98,-5689,0,0,2619,0.0308,-0.031,0.036,-0.064,-5.12,-0.91,738,462,-2043,0,0,6627,0.1081,-0.018,0.014,-0.086,-5.17,-0.86,744,-284,-4938,0,0
72.36,4,2767.6,409.4,-0.08,3126.87,91.4,-0.08,-1.37,-0.1,1.0,0.0,1.0,2,6578,242.6,1.35,0.12,-2.95,-28.76,249,247,3604,0.0357,0.015,0.0,-0.1,-6.52,0.49,738,-46,-3124,0,0,7209,0.1133,0.029,-0.002,-0.098,-6.15,0.12,761,-80,-5699,0,0,2623,0.0303,-0.027,0.072,-0.028,-5.06,-0.97,760,1147,-1947,0,0,6615,0.1079,-0.012,0.047,-0.053,-4.98,-1.05,760,1365,-4825,0,0
72.38,4,2768.1,409.09,-0.08,3126.46,91.5,0.23,-1.33,-0.1,1.0,0.0,1.0,2,6687,267.0,1.51,0.12,-2.95,-29.53,250,248,3507,0.0358,0.004,-0.001,-0.099,-6.5,0.47,738,-53,-3043,0,0,7064,0.1136,0.014,-0.001,-0.099,-5.84,-0.19,762,-76,-5581,0,0,2770,0.0301,-0.008,0.087,-0.013,-4.98,-1.05,811,1970,-1784,0,0,6729,0.1079,0.002,0.048,-0.052,-5.36,-0.67,803,2760,-4755,0,0
72.4,4,2768.6,408.79,-0.08,3126.05,91.6,0.32,-1.32,-0.1,0.94,0.0,1.0,2,6851,287.5,1.62,0.11,-2.95,-30.25,249,249,3441,0.0355,-0.012,-0.002,-0.098,-6.53,0.5,739,-69,-2991,0,0,6942,0.1133,-0.014,-0.002,-0.098,-6.11,0.08,764,-130,-5499,0,0,2892,0.0306,0.024,0.116,0.016,-4.97,-1.06,788,2095,-1845,0,0,6870,0.1084,0.022,0.077,-0.023,-5.4,-0.63,781,3069,-4774,0,0
72.42,4,2769.1,408.49,-0.08,3125.64,91.9,0.37,-1.31,-0.1,0.0,0.0,1.0,2,6781,293.4,1.69,0.08,-2.94,-31.03,249,250,3389,0.0352,-0.016,-0.002,-0.098,-6.56,0.53,741,-73,-2946,0,0,6829,0.1128,-0.025,-0.001,-0.099,-6.16,0.13,766,-148,-5418,0,0,3001,0.0313,0.034,0.093,-0.007,-5.44,-0.6,832,2128,-1951,0,0,7003,0.1089,0.025,0.044,-0.056,-5.16,-0.87,828,2772,-4968,0,0
72.44,4,2769.7,408.19,-0.08,3125.22,92.1,0.38,-1.31,-0.1,0.0,0.0,1.0,2,6708,176.2,1.59,0.06,-2.93,-31.57,248,251,3359,0.0349,-0.017,-0.003,-0.097,-6.74,0.71,743,-68,-2923,0,0,6741,0.1121,-0.035,-0.001,-0.099,-6.14,0.11,768,-143,-5363,0,0,3066,0.0321,0.043,0.086,-0.014,-5.21,-0.82,811,2246,-1950,0,0,7095,0.1094,0.026,0.041,-0.059,-5.51,-0.52,803,2938,-5021,0,0
72.46,4,2770.2,407.9,-0.08,3124.8,92.2,0.26,-1.35,-0.1,0.0,0.0,1.0,2,6498,-77.9,1.23,0.04,-2.92,-31.32,247,252,3350,0.0345,-0.018,-0.002,-0.098,-6.59,0.55,743,-73,-2914,0,0,6739,0.1114,-0.035,-0.003,-0.097,-6.12,0.09,769,-163,-5373,0,0,3035,0.0329,0.037,0.042,-0.058,-5.42,-0.61,809,1446,-2259,0,0,7133,0.1098,0.02,0.011,-0.089,-5.41,-0.62,811,1046,-5348,0,0
72.48,4,2770.7,407.61,-0.08,3124.38,92.1,-0.04,-1.39,-0.1,0.0,0.0,1.0,2,6299,-66.7,0.89,0.04,-2.92,-30.34,247,251,3443,0.0344,-0.007,-0.003,-0.097,-6.73,0.7,743,-36,-2990,0,0,6881,0.1112,-0.014,-0.001,-0.099,-6.17,0.14,768,-70,-5477,0,0,2879,0.0331,0.011,0.033,-0.067,-5.13,-0.9,740,354,-2289,0,0,7032,0.1099,0.004,0.012,-0.088,-5.48,-0.55,749,-633,-5299,0,0
72.5,4,2771.2,407.33,-0.08,3123.96,91.9,-0.13,-1.39,-0.1,1.0,0.0,1.0,2,6221,-67.2,0.66,0.05,-2.92,-29.63,247,250,3504,0.0346,0.011,-0.003,-0.097,-6.71,0.68,742,-46,-3053,0,0,6989,0.1114,0.013,0.0,-0.1,-6.19,0.16,766,-108,-5557,0,0,2761,0.0326,-0.022,-0.006,-0.094,-5.38,-0.65,775,337,-2190,0,0,6894,0.1095,-0.02,-0.03,-0.07,-5.42,-0.61,782,-736,-5163,0,0
72.52,4,2771.7,407.05,-0.08,3123.53,91.8,-0.12,-1.38,-0.1,1.0,0.0,1.0,2,6378,122.9,0.66,0.07,-2.93,-29.19,248,249,3561,0.0349,0.013,-0.001,-0.099,-6.79,0.76,741,-34,-3091,0,0,7084,0.1119,0.021,-0.003,-0.097,-6.1,0.07,765,-126,-5612,0,0,2686,0.032,-0.029,0.037,-0.063,-5.02,-1.01,739,486,-2094,0,0,6788,0.109,-0.021,0.013,-0.087,-5.24,-0.79,746,-309,-5066,0,0
72.54,4,2772.2,406.78,-0.08,3123.1,91.6,-0.13,-1.38,-0.1,1.0,0.0,1.0,2,6361,172.3,0.88,0.09,-2.93,-28.87,249,249,3586,0.0352,0.016,-0.001,-0.099,-6.81,0.78,740,-39,-3117,0,0,7130,0.1124,0.026,-0.001,-0.099,-6.17,0.14,764,-87,-5661,0,0,2639,0.0314,-0.031,-0.011,-0.089,-5.16,-0.87,773,273,-2078,0,0,6694,0.1086,-0.022,-0.03,-0.07,-5.27,-0.76,779,-757,-4993,0,0
72.56,4,2772.7,406.51,-0.08,3122.67,91.5,-0.12,-1.37,-0.1,1.0,0.0,1.0,2,6419,202.8,1.15,0.11,-2.94,-28.69,249,248,3614,0.0355,0.016,0.0,-0.1,-6.85,0.81,738,-38,-3140,0,0,7180,0.1129,0.027,-0.002,-0.098,-6.01,-0.02,762,-116,-5681,0,0,2615,0.0308,-0.031,0.036,-0.064,-5.03,-1.0,737,444,-2040,0,0,6624,0.1082,-0.021,0.015,-0.085,-5.32,-0.71,744,-288,-4958,0,0
72.58,4,2773.2,406.25,-0.08,3122.23,91.3,-0.09,-1.37,-0.1,1.0,0.0,1.0,2,6575,241.7,1.35,0.12,-2.95,-28.7,250,247,3617,0.0358,0.015,-0.001,-0.099,-6.8,0.77,738,-48,-3137,0,0,7211,0.1135,0.028,-0.002,-0.098,-6.12,0.09,761,-147,-5691,0,0,2616,0.0302,-0.028,0.072,-0.028,-5.06,-0.97,760,1168,-1925,0,0,6600,0.1079,-0.016,0.047,-0.053,-4.96,-1.07,760,1332,-4840,0,0
72.6,4,2773.7,405.99,-0.08,3121.79,91.4,0.23,-1.33,-0.1,1.0,0.0,1.0,2,6687,266.3,1.5,0.12,-2.95,-29.53,250,248,3529,0.0359,0.005,-0.003,-0.097,-6.59,0.56,738,-69,-3057,0,0,7075,0.1138,0.015,-0.003,-0.097,-6.12,0.09,762,-140,-5597,0,0,2766,0.0301,-0.009,0.089,-0.011,-5.18,-0.85,811,1967,-1786,0,0,6712,0.1079,0.001,0.045,-0.055,-5.2,-0.84,803,2725,-4707,0,0
72.62,4,2774.2,405.74,-0.08,3121.35,91.6,0.32,-1.32,-0.1,0.86,0.0,1.0,2,6851,287.0,1.62,0.11,-2.95,-30.28,250,249,3457,0.0357,-0.009,-0.004,-0.096,-6.72,0.69,738,-93,-3000,0,0,6946,0.1134,-0.016,-0.001,-0.099,-5.89,-0.14,764,-104,-5492,0,0,2893,0.0306,0.026,0.114,0.014,-5.07,-0.96,788,2104,-1837,0,0,6847,0.1083,0.019,0.076,-0.024,-5.15,-0.88,781,3059,-4753,0,0
72.64,4,2774.7,405.49,-0.08,3120.91,91.8,0.37,-1.3,-0.1,0.0,0.0,1.0,2,6779,282.0,1.66,0.09,-2.94,-31.06,249,250,3397,0.0354,-0.016,-0.003,-0.097,-6.68,0.65,740,-80,-2956,0,0,6834,0.1129,-0.025,-0.002,-0.098,-5.94,-0.09,766,-177,-5401,0,0,3002,0.0313,0.034,0.086,-0.014,-5.34,-0.7,833,2110,-1960,0,0,6990,0.1088,0.026,0.044,-0.056,-5.41,-0.62,828,2709,-4982,0,0
72.66,4,2775.3,405.24,-0.08,3120.46,92.0,0.37,-1.32,-0.1,0.0,0.0,1.0,2,6660,134.3,1.52,0.06,-2.93,-31.55,248,251,3348,0.035,-0.02,-0.002,-0.098,-6.58,0.55,742,-49,-2920,0,0,6738,0.1123,-0.033,-0.002,-0.098,-6.13,0.1,767,-75,-5367,0,0,3060,0.0321,0.041,0.077,-0.023,-5.21,-0.82,804,2150,-2000,0,0,7090,0.1093,0.027,0.036,-0.064,-5.22,-0.81,797,2649,-5062,0,0
72.68,4,2775.8,405.0,-0.08,3120.01,92.1,0.2,-1.36,-0.1,0.0,0.0,1.0,2,6439,-74.6,1.14,0.05,-2.93,-31.12,247,251,3371,0.0347,-0.018,-0.003,-0.097,-6.61,0.58,743,-75,-2930,0,0,6784,0.1116,-0.034,0.0,-0.1,-5.82,-0.22,767,-68,-5355,0,0,3003,0.0328,0.035,0.013,-0.087,-5.44,-0.6,784,1243,-2268,0,0,7112,0.1097,0.019,-0.02,-0.08,-5.24,-0.79,787,614,-5332,0,0
72.7,4,2776.3,404.76,-0.08,3119.56,92.0,-0.01,-1.38,-0.1,0.11,0.0,1.0,2,6360,-67.1,0.83,0.05,-2.92,-30.24,247,251,3453,0.0346,-0.005,-0.002,-0.098,-6.62,0.59,743,-52,-2994,0,0,6899,0.1115,-0.006,-0.002,-0.098,-5.98,-0.05,767,-125,-5461,0,0,2881,0.0329,0.005,0.031,-0.069,-5.1,-0.94,736,578,-2244,0,0,7028,0.1098,0.003,0.007,-0.093,-5.38,-0.66,745,-440,-5288,0,0
72.72,4,2776.8,404.53,-0.08,3119.1,91.8,-0.13,-1.39,-0.1,1.0,0.0,1.0,2,6250,-15.6,0.68,0.06,-2.93,-29.57,247,250,3530,0.0348,0.011,0.0,-0.1,-6.82,0.79,742,-39,-3068,0,0,7019,0.1118,0.013,-0.003,-0.097,-6.05,0.02,765,-71,-5558,0,0,2755,0.0325,-0.018,-0.011,-0.089,-5.2,-0.84,775,296,-2188,0,0,6889,0.1095,-0.016,-0.028,-0.072,-5.06,-0.98,780,-668,-5131,0,0
72.74,4,2777.3,404.31,-0.08,3118.65,91.7,-0.12,-1.38,-0.1,1.0,0.0,1.0,2,6417,139.8,0.73,0.08,-2.93,-29.11,248,249,3582,0.0351,0.015,-0.002,-0.098,-6.72,0.69,741,-60,-3110,0,0,7113,0.1122,0.023,-0.002,-0.098,-6.1,0.07,764,-117,-5612,0,0,2678,0.0319,-0.029,0.036,-0.064,-5.19,-0.84,739,484,-2096,0,0,6785,0.109,-0.021,0.014,-0.086,-5.21,-0.83,746,-295,-5076,0,0
72.76,4,2777.8,404.09,-0.08,3118.19,91.5,-0.12,-1.38,-0.1,1.0,0.0,1.0,2,6355,172.4,0.97,0.1,-2.94,-28.84,249,248,3608,0.0354,0.018,-0.001,-0.099,-6.77,0.74,739,-18,-3127,0,0,7163,0.1128,0.028,-0.002,-0.098,-5.96,-0.07,763,-89,-5661,0,0,2635,0.0313,-0.032,-0.011,-0.089,-5.02,-1.01,772,289,-2072,0,0,6696,0.1086,-0.022,-0.031,-0.069,-5.26,-0.77,778,-736,-4976,0,0
72.78,4,2778.3,403.87,-0.08,3117.73,91.4,-0.12,-1.37,-0.1,1.0,0.0,1.0,2,6421,216.8,1.22,0.12,-2.95,-28.69,249,247,3643,0.0358,0.018,0.0,-0.1,-6.8,0.77,738,-4,-3152,0,0,7229,0.1134,0.029,-0.002,-0.098,-6.12,0.09,762,-113,-5684,0,0,2609,0.0307,-0.03,0.036,-0.064,-5.03,-1.0,737,470,-2028,0,0,6641,0.1082,-0.019,0.016,-0.084,-5.29,-0.74,743,-208,-4943,0,0
72.8,4,2778.8,403.66,-0.08,3117.27,91.4,0.11,-1.35,-0.1,1.0,0.0,1.0,2,6633,248.2,1.4,0.12,-2.95,-29.18,250,247,3578,0.0361,0.014,-0.002,-0.098,-6.74,0.71,738,-43,-3104,0,0,7152,0.1139,0.026,-0.003,-0.097,-5.97,-0.06,761,-150,-5627,0,0,2699,0.0302,-0.022,0.077,-0.023,-5.02,-1.01,803,1732,-1831,0,0,6687,0.108,-0.011,0.039,-0.061,-5.15,-0.88,798,2291,-4785,0,0
72.82,4,2779.3,403.45,-0.08,3116.8,91.5,0.3,-1.32,-0.1,1.0,0.0,1.0,2,6855,271.9,1.54,0.12,-2.95,-29.97,250,248,3504,0.036,-0.005,-0.003,-0.097,-6.68,0.65,739,-87,-3035,0,0,6987,0.1138,-0.005,-0.002,-0.098,-6.11,0.08,763,-139,-5540,0,0,2852,0.0305,0.012,0.118,0.018,-5.2,-0.83,789,2096,-1807,0,0,6799,0.1082,0.012,0.077,-0.023,-5.18,-0.85,781,3127,-4691,0,0
72.84,4,2779.8,403.25,-0.08,3116.33,91.7,0.38,-1.3,-0.1,0.0,0.0,1.0,2,6778,290.7,1.65,0.1,-2.94,-30.87,249,249,3430,0.0357,-0.013,-0.001,-0.099,-6.52,0.49,740,-68,-2978,0,0,6851,0.1132,-0.027,-0.002,-0.098,-6.11,0.08,765,-113,-5423,0,0,2980,0.0312,0.035,0.084,-0.016,-5.13,-0.9,832,2104,-1933,0,0,6933,0.1086,0.02,0.043,-0.057,-5.34,-0.69,828,2710,-4915,0,0
72.86,4,2780.4,403.05,-0.08,3115.86,91.9,0.39,-1.31,-0.1,0.0,0.0,1.0,2,6727,202.4,1.59,0.07,-2.93,-31.53,249,250,3391,0.0354,-0.017,-0.001,-0.099,-6.76,0.73,742,-53,-2947,0,0,6749,0.1125,-0.035,0.0,-0.1,-5.76,-0.27,767,-110,-5345,0,0,3062,0.032,0.042,0.092,-0.008,-5.37,-0.66,814,2284,-1921,0,0,7035,0.1091,0.024,0.044,-0.056,-5.46,-0.57,805,3010,-4949,0,0
72.88,4,2780.9,402.86,-0.08,3115.39,92.1,0.3,-1.34,-0.1,0.0,0.0,1.0,2,6640,-80.2,1.26,0.05,-2.92,-31.53,248,251,3374,0.035,-0.019,-0.003,-0.097,-6.61,0.58,743,-78,-2927,0,0,6745,0.1118,-0.036,0.001,-0.099,-6.12,0.09,768,-63,-5352,0,0,3056,0.0328,0.041,0.074,-0.026,-5.36,-0.67,763,1893,-2118,0,0,7107,0.1096,0.023,0.039,-0.061,-5.52,-0.51,760,2201,-5190,0,0
72.9,4,2781.4,402.67,-0.08,3114.91,92.0,0.01,-1.38,-0.1,0.0,0.0,1.0,2,6323,-66.8,0.91,0.05,-2.92,-30.62,247,251,3440,0.0348,-0.011,0.003,-0.097,-6.77,0.74,743,-26,-2989,0,0,6878,0.1114,-0.019,-0.001,-0.099,-6.1,0.07,768,-101,-5447,0,0,2915,0.0332,0.019,0.029,-0.071,-5.33,-0.7,737,335,-2326,0,0,7057,0.1098,0.011,0.01,-0.09,-5.49,-0.54,746,-672,-5313,0,0
72.92,4,2781.9,402.49,-0.08,3114.44,91.9,-0.13,-1.39,-0.1,1.0,0.0,1.0,2,6224,-67.2,0.68,0.06,-2.92,-29.85,248,250,3520,0.035,0.008,-0.002,-0.098,-6.64,0.61,742,-57,-3049,0,0,6996,0.1117,0.013,-0.003,-0.097,-6.08,0.05,766,-108,-5538,0,0,2774,0.0328,-0.021,-0.009,-0.091,-5.13,-0.9,776,321,-2200,0,0,6899,0.1095,-0.016,-0.029,-0.071,-5.43,-0.61,782,-709,-5187,0,0
72.94,4,2782.4,402.31,-0.08,3113.96,91.7,-0.12,-1.38,-0.1,1.0,0.0,1.0,2,6378,122.9,0.67,0.07,-2.92,-29.34,248,249,3586,0.0353,0.015,-0.002,-0.098,-6.65,0.62,741,-34,-3098,0,0,7095,0.1121,0.021,-0.002,-0.098,-6.05,0.02,765,-82,-5597,0,0,2685,0.0322,-0.03,0.039,-0.061,-4.91,-1.12,739,503,-2099,0,0,6767,0.109,-0.024,0.015,-0.085,-5.37,-0.66,746,-304,-5091,0,0
72.96,4,2782.9,402.14,-0.08,3113.48,91.6,-0.12,-1.38,-0.1,1.0,0.0,1.0,2,6356,172.4,0.89,0.09,-2.92,-29.02,249,248,3617,0.0356,0.018,0.001,-0.099,-6.76,0.73,740,-27,-3131,0,0,7118,0.1126,0.025,-0.002,-0.098,-6.07,0.04,763,-127,-5635,0,0,2650,0.0315,-0.031,-0.01,-0.09,-5.03,-1.0,772,272,-2078,0,0,6652,0.1085,-0.025,-0.031,-0.069,-5.16,-0.87,779,-739,-4978,0,0
72.98,4,2783.4,401.97,-0.08,3113.0,91.4,-0.12,-1.37,-0.1,1.0,0.0,1.0,2,6420,204.2,1.15,0.11,-2.93,-28.86,250,248,3625,0.0359,0.016,-0.001,-0.099,-6.5,0.47,739,-43,-3134,0,0,7176,0.1131,0.024,-0.003,-0.097,-6.1,0.07,761,-18,-5652,0,0,2626,0.0309,-0.029,0.037,-0.063,-4.99,-1.04,737,490,-2037,0,0,6603,0.1081,-0.022,0.014,-0.086,-5.22,-0.81,744,-306,-4940,0,0
73.0,4,2783.9,401.81,-0.08,3112.52,91.3,-0.11,-1.37,-0.1,1.0,0.0,1.0,2,6527,243.5,1.35,0.13,-2.94,-28.77,250,247,3610,0.0362,0.014,0.0,-0.1,-6.74,0.71,738,-44,-3132,0,0,7218,0.1136,0.026,-0.002,-0.098,-6.08,0.05,761,-105,-5687,0,0,2618,0.0304,-0.026,0.087,-0.013,-5.13,-0.9,767,948,-1984,0,0,6602,0.1078,-0.014,0.056,-0.044,-5.2,-0.83,771,805,-4874,0,0
73.02,4,2784.4,401.65,-0.08,3112.04,91.3,0.18,-1.34,-0.1,1.0,0.0,1.0,2,6664,267.9,1.51,0.13,-2.95,-29.36,250,247,3526,0.0362,0.001,-0.002,-0.098,-6.47,0.44,737,-71,-3051,0,0,7119,0.114,0.019,-0.002,-0.098,-5.87,-0.16,761,-141,-5592,0,0,2740,0.0301,-0.014,0.085,-0.015,-4.89,-1.14,808,1873,-1803,0,0,6723,0.1079,0.004,0.043,-0.057,-5.21,-0.82,801,2557,-4754,0,0
73.04,4,2784.9,401.5,-0.08,3111.55,91.5,0.31,-1.32,-0.1,1.0,0.0,1.0,2,6847,287.7,1.62,0.12,-2.95,-30.12,250,248,3465,0.036,-0.01,-0.002,-0.098,-6.71,0.68,739,-63,-3003,0,0,6981,0.1138,-0.008,0.0,-0.1,-6.07,0.04,763,-92,-5518,0,0,2877,0.0305,0.019,0.115,0.015,-5.0,-1.03,787,2100,-1823,0,0,6856,0.1083,0.021,0.076,-0.024,-5.14,-0.89,780,3103,-4732,0,0
73.06,4,2785.4,401.36,-0.08,3111.07,91.7,0.38,-1.3,-0.1,0.0,0.0,1.0,2,6780,302.4,1.71,0.1,-2.94,-30.89,249,249,3406,0.0357,-0.017,-0.002,-0.098,-6.7,0.67,740,-73,-2956,0,0,6852,0.1133,-0.028,-0.002,-0.098,-6.07,0.04,765,-164,-5401,0,0,2996,0.0312,0.036,0.084,-0.016,-5.12,-0.92,832,2128,-1934,0,0,6993,0.1088,0.026,0.044,-0.056,-5.38,-0.66,828,2737,-4974,0,0
73.08,4,2786.0,401.21,-0.08,3110.58,91.9,0.39,-1.3,-0.1,0.0,0.0,1.0,2,6739,208.2,1.64,0.07,-2.93,-31.48,248,250,3375,0.0353,-0.018,-0.004,-0.096,-6.67,0.64,741,-98,-2927,0,0,6756,0.1126,-0.033,-0.003,-0.097,-6.05,0.02,766,-177,-5342,0,0,3071,0.0321,0.042,0.092,-0.008,-5.19,-0.84,816,2305,-1919,0,0,7094,0.1093,0.027,0.045,-0.055,-5.33,-0.7,806,3126,-4956,0,0
73.1,4,2786.5,401.07,-0.08,3110.08,92.1,0.31,-1.34,-0.1,0.0,0.0,1.0,2,6636,-81.3,1.29,0.05,-2.92,-31.45,247,251,3354,0.0349,-0.02,-0.001,-0.099,-6.47,0.44,743,-63,-2909,0,0,6723,0.1118,-0.039,-0.002,-0.098,-5.92,-0.11,768,-119,-5325,0,0,3067,0.0329,0.042,0.074,-0.026,-5.38,-0.65,762,1891,-2132,0,0,7148,0.1098,0.022,0.037,-0.063,-5.45,-0.58,760,2163,-5212,0,0
73.12,4,2787.0,400.94,-0.08,3109.59,92.0,0.02,-1.38,-0.1,0.0,0.0,1.0,2,6323,-66.8,0.93,0.04,-2.92,-30.51,247,251,3417,0.0347,-0.012,-0.002,-0.098,-6.7,0.67,743,-51,-2968,0,0,6874,0.1114,-0.02,-0.002,-0.098,-6.02,-0.01,768,-98,-5430,0,0,2917,0.0333,0.018,0.028,-0.072,-5.24,-0.79,737,347,-2318,0,0,7107,0.11,0.011,0.008,-0.092,-5.43,-0.61,746,-695,-5316,0,0
73.14,4,2787.5,400.82,-0.08,3109.1,91.9,-0.13,-1.39,-0.1,1.0,0.0,1.0,2,6222,-67.2,0.69,0.05,-2.92,-29.7,247,250,3509,0.0348,0.006,0.001,-0.099,-6.35,0.32,742,-22,-3033,0,0,6983,0.1117,0.012,-0.001,-0.099,-6.1,0.06,766,-107,-5519,0,0,2787,0.0329,-0.019,-0.007,-0.093,-4.93,-1.1,775,339,-2194,0,0,6953,0.1098,-0.013,-0.03,-0.07,-5.35,-0.68,782,-728,-5217,0,0
73.16,4,2788.0,400.69,-0.08,3108.6,91.7,-0.12,-1.38,-0.1,1.0,0.0,1.0,2,6379,122.9,0.68,0.07,-2.92,-29.15,248,249,3563,0.0351,0.015,-0.001,-0.099,-6.46,0.43,741,-33,-3076,0,0,7070,0.112,0.017,-0.002,-0.098,-6.04,0.01,764,-73,-5574,0,0,2706,0.0323,-0.028,0.036,-0.064,-5.14,-0.89,739,488,-2109,0,0,6823,0.1092,-0.026,0.015,-0.085,-5.36,-0.67,746,-300,-5099,0,0
73.18,4,2788.5,400.58,-0.08,3108.11,91.5,-0.12,-1.38,-0.1,1.0,0.0,1.0,2,6355,172.4,0.9,0.09,-2.93,-28.8,249,248,3615,0.0355,0.018,0.0,-0.1,-6.71,0.68,740,-36,-3128,0,0,7129,0.1125,0.024,0.0,-0.1,-6.09,0.06,763,-70,-5626,0,0,2640,0.0317,-0.032,-0.011,-0.089,-5.13,-0.9,772,279,-2077,0,0,6689,0.1087,-0.025,-0.031,-0.069,-5.26,-0.77,778,-754,-5004,0,0
73.2,4,2789.0,400.47,-0.08,3107.61,91.4,-0.12,-1.37,-0.1,1.0,0.0,1.0,2,6418,205.3,1.16,0.11,-2.94,-28.59,249,247,3610,0.0358,0.016,0.002,-0.098,-6.68,0.65,738,-24,-3129,0,0,7164,0.113,0.024,-0.001,-0.099,-6.07,0.04,762,-79,-5650,0,0,2606,0.031,-0.034,0.036,-0.064,-5.13,-0.9,737,454,-2034,0,0,6607,0.1082,-0.027,0.014,-0.086,-5.12,-0.91,743,-299,-4927,0,0
73.22,4,2789.5,400.36,-0.08,3107.11,91.3,-0.09,-1.36,-0.1,1.0,0.0,1.0,2,6574,243.6,1.36,0.12,-2.94,-28.58,250,247,3612,0.036,0.011,-0.001,-0.099,-6.47,0.44,738,-43,-3121,0,0,7185,0.1135,0.025,-0.002,-0.098,-5.96,-0.07,760,-111,-5655,0,0,2621,0.0304,-0.03,0.073,-0.027,-5.04,-0.99,760,1177,-1924,0,0,6590,0.1079,-0.016,0.045,-0.055,-5.22,-0.81,760,1272,-4853,0,0
73.24,4,2790.0,400.26,-0.08,3106.62,91.4,0.24,-1.33,-0.1,1.0,0.0,1.0,2,6686,267.7,1.51,0.12,-2.95,-29.37,250,247,3529,0.0361,0.004,-0.003,-0.097,-6.58,0.55,738,-73,-3048,0,0,7066,0.1137,0.012,-0.003,-0.097,-6.01,-0.03,762,-140,-5559,0,0,2771,0.0303,-0.008,0.088,-0.012,-5.12,-0.91,811,1992,-1769,0,0,6708,0.1079,0.0,0.046,-0.054,-5.21,-0.83,803,2748,-4710,0,0
73.26,4,2790.5,400.17,-0.08,3106.12,91.5,0.32,-1.31,-0.1,1.0,0.0,1.0,2,6850,288.1,1.63,0.11,-2.94,-30.06,249,248,3457,0.0359,-0.009,-0.003,-0.097,-6.69,0.66,739,-75,-2997,0,0,6943,0.1134,-0.015,-0.002,-0.098,-5.87,-0.16,763,-130,-5465,0,0,2897,0.0308,0.025,0.114,0.014,-5.1,-0.93,788,2098,-1848,0,0,6847,0.1083,0.019,0.078,-0.022,-5.3,-0.73,781,3074,-4766,0,0
73.28,4,2791.0,400.08,-0.08,3105.62,91.8,0.41,-1.29,-0.1,0.0,0.0,1.0,2,6950,296.2,1.71,0.09,-2.93,-31.05,248,249,3404,0.0356,-0.016,-0.003,-0.097,-6.6,0.57,740,-69,-2950,0,0,6786,0.1129,-0.028,-0.004,-0.096,-6.03,0.0,765,-146,-5353,0,0,3038,0.0315,0.036,0.075,-0.025,-5.22,-0.81,823,2398,-1808,0,0,6977,0.1088,0.025,0.026,-0.074,-5.28,-0.75,813,3524,-4740,0,0
73.3,4,2791.6,399.99,-0.08,3105.11,92.0,0.47,-1.27,-0.1,0.0,0.0,1.0,2,6795,206.2,1.64,0.05,-2.91,-32.1,248,251,3364,0.0352,-0.02,-0.002,-0.098,-6.7,0.67,742,-85,-2919,0,0,6641,0.1119,-0.046,-0.003,-0.097,-5.98,-0.05,768,-152,-5274,0,0,3152,0.0325,0.053,0.102,0.002,-5.39,-0.64,823,2522,-1851,0,0,7082,0.1093,0.027,0.05,-0.05,-5.49,-0.54,811,3508,-4860,0,0
73.32,4,2792.1,399.91,-0.08,3104.61,92.2,0.32,-1.33,-0.1,0.0,0.0,1.0,2,6643,-81.4,1.29,0.03,-2.9,-32.0,247,252,3327,0.0348,-0.021,-0.001,-0.099,-6.41,0.38,744,-64,-2891,0,0,6650,0.111,-0.048,-0.003,-0.097,-6.02,-0.01,770,-125,-5279,0,0,3111,0.0335,0.05,0.073,-0.027,-5.35,-0.69,763,1901,-2178,0,0,7151,0.1098,0.023,0.038,-0.062,-5.29,-0.74,760,2171,-5238,0,0
73.34,4,2792.6,399.83,-0.08,3104.1,92.1,0.01,-1.38,-0.1,0.0,0.0,1.0,2,6330,-66.9,0.93,0.02,-2.9,-30.93,246,251,3402,0.0344,-0.016,-0.001,-0.099,-6.6,0.57,744,-44,-2951,0,0,6800,0.1106,-0.021,0.0,-0.1,-5.82,-0.21,769,-55,-5381,0,0,2954,0.0339,0.018,0.029,-0.071,-5.41,-0.63,738,345,-2357,0,0,7094,0.11,0.012,0.008,-0.092,-5.5,-0.54,747,-744,-5354,0,0
73.36,4,2793.1,399.76,-0.08,3103.59,92.0,-0.13,-1.39,-0.1,1.0,0.0,1.0,2,6230,-67.2,0.69,0.03,-2.9,-30.04,246,251,3483,0.0346,0.007,-0.002,-0.098,-6.56,0.53,743,-30,-3022,0,0,6979,0.1108,0.014,-0.001,-0.099,-6.08,0.05,767,-49,-5496,0,0,2782,0.0335,-0.021,-0.009,-0.091,-5.18,-0.85,776,327,-2213,0,0,6963,0.1097,-0.015,-0.03,-0.07,-5.46,-0.57,782,-715,-5249,0,0
73.38,4,2793.6,399.7,-0.08,3103.09,91.8,-0.12,-1.38,-0.1,1.0,0.0,1.0,2,6386,122.9,0.68,0.05,-2.91,-29.41,247,250,3545,0.0348,0.011,-0.001,-0.099,-6.68,0.65,742,-45,-3073,0,0,7076,0.1114,0.026,-0.001,-0.099,-5.98,-0.05,766,-103,-5575,0,0,2685,0.0328,-0.035,0.038,-0.062,-5.0,-1.03,740,485,-2112,0,0,6834,0.1093,-0.02,0.015,-0.085,-5.41,-0.62,747,-272,-5156,0,0
73.4,4,2794.1,399.64,-0.08,3102.58,91.7,-0.12,-1.38,-0.1,1.0,0.0,1.0,2,6368,172.2,0.9,0.07,-2.92,-29.02,248,249,3589,0.0352,0.018,-0.001,-0.099,-6.47,0.44,741,-40,-3103,0,0,7163,0.112,0.031,-0.002,-0.098,-5.91,-0.12,764,-83,-5623,0,0,2629,0.032,-0.037,-0.009,-0.091,-5.06,-0.97,774,290,-2078,0,0,6744,0.1088,-0.023,-0.03,-0.07,-5.35,-0.69,780,-725,-5060,0,0
73.42,4,2794.6,399.59,-0.08,3102.08,91.5,-0.12,-1.38,-0.1,1.0,0.0,1.0,2,6425,205.2,1.16,0.1,-2.93,-28.77,249,248,3634,0.0356,0.019,-0.002,-0.098,-6.62,0.59,740,-48,-3139,0,0,7201,0.1127,0.035,-0.002,-0.098,-6.0,-0.03,763,-106,-5670,0,0,2611,0.0313,-0.036,0.036,-0.064,-5.1,-0.94,738,461,-2041,0,0,6655,0.1084,-0.021,0.016,-0.084,-5.01,-1.02,744,-270,-4971,0,0
73.44,4,2795.1,399.54,-0.08,3101.57,91.4,-0.09,-1.37,-0.1,1.0,0.0,1.0,2,6581,243.5,1.36,0.12,-2.94,-28.73,249,247,3634,0.036,0.02,-0.001,-0.099,-6.55,0.52,739,-35,-3140,0,0,7238,0.1133,0.033,-0.001,-0.099,-5.9,-0.13,762,-115,-5685,0,0,2608,0.0307,-0.031,0.073,-0.027,-5.12,-0.91,761,1144,-1943,0,0,6627,0.1081,-0.018,0.045,-0.055,-5.28,-0.75,761,1284,-4890,0,0
73.46,4,2795.6,399.5,-0.08,3101.06,91.5,0.24,-1.33,-0.1,1.0,0.0,1.0,2,6697,267.4,1.51,0.12,-2.95,-29.5,250,248,3543,0.0361,0.006,-0.002,-0.098,-6.67,0.64,739,-71,-3065,0,0,7097,0.1137,0.019,-0.002,-0.098,-5.96,-0.07,763,-146,-5580,0,0,2761,0.0304,-0.013,0.088,-0.012,-5.18,-0.85,812,1974,-1781,0,0,6741,0.1081,0.0,0.046,-0.054,-5.29,-0.74,804,2751,-4760,0,0
73.48,4,2796.1,399.46,-0.08,3100.56,91.7,0.32,-1.32,-0.1,1.0,0.0,1.0,2,6859,287.8,1.63,0.11,-2.95,-30.23,250,249,3463,0.0359,-0.011,-0.002,-0.098,-6.54,0.51,740,-71,-2997,0,0,6962,0.1135,-0.013,-0.003,-0.097,-6.02,-0.01,764,-139,-5492,0,0,2892,0.0309,0.022,0.115,0.015,-5.18,-0.85,789,2087,-1858,0,0,6884,0.1085,0.02,0.076,-0.024,-5.36,-0.67,782,3088,-4784,0,0
73.5,4,2796.7,399.43,-0.08,3100.05,91.9,0.41,-1.3,-0.1,0.0,0.0,1.0,2,6959,295.3,1.71,0.08,-2.94,-31.2,249,250,3409,0.0356,-0.015,-0.003,-0.097,-6.67,0.64,741,-76,-2954,0,0,6817,0.1129,-0.026,-0.003,-0.097,-5.94,-0.09,766,-161,-5379,0,0,3025,0.0316,0.035,0.075,-0.025,-5.29,-0.74,824,2371,-1825,0,0,7011,0.1089,0.024,0.026,-0.074,-5.4,-0.63,815,3514,-4790,0,0
73.52,4,2797.2,399.4,-0.08,3099.54,92.2,0.47,-1.28,-0.1,0.0,0.0,1.0,2,6810,203.6,1.63,0.05,-2.92,-32.22,248,252,3374,0.0352,-0.019,-0.002,-0.098,-6.5,0.47,743,-86,-2920,0,0,6694,0.1121,-0.041,-0.002,-0.098,-6.04,0.01,769,-130,-5300,0,0,3131,0.0326,0.05,0.104,0.004,-5.46,-0.57,825,2485,-1869,0,0,7127,0.1095,0.028,0.052,-0.048,-5.57,-0.46,813,3513,-4921,0,0
73.54,4,2797.7,399.38,-0.08,3099.02,92.3,0.33,-1.34,-0.1,0.0,0.0,1.0,2,6652,-81.3,1.29,0.03,-2.91,-32.11,248,252,3351,0.0348,-0.017,-0.002,-0.098,-6.67,0.64,745,-55,-2910,0,0,6693,0.1113,-0.043,-0.002,-0.098,-5.86,-0.17,771,-109,-5296,0,0,3098,0.0335,0.048,0.075,-0.025,-5.51,-0.52,764,1885,-2187,0,0,7181,0.1099,0.022,0.037,-0.063,-5.62,-0.41,762,2128,-5315,0,0
73.56,4,2798.2,399.36,-0.08,3098.51,92.3,0.02,-1.39,-0.1,0.0,0.0,1.0,2,6343,-67.0,0.93,0.03,-2.9,-31.0,247,252,3442,0.0346,-0.012,-0.002,-0.098,-6.68,0.65,745,-45,-2978,0,0,6839,0.1109,-0.019,-0.002,-0.098,-6.05,0.02,770,-83,-5407,0,0,2941,0.0338,0.015,0.028,-0.072,-5.44,-0.59,739,363,-2359,0,0,7098,0.1101,0.009,0.008,-0.092,-5.56,-0.47,748,-698,-5394,0,0
73.58,4,2798.7,399.35,-0.08,3098.0,92.1,-0.13,-1.4,-0.09,1.0,0.0,1.0,2,6240,-67.3,0.69,0.04,-2.91,-30.09,248,251,3502,0.0348,0.01,-0.002,-0.098,-6.67,0.64,744,-43,-3037,0,0,6998,0.1112,0.015,0.0,-0.1,-6.05,0.02,769,-53,-5532,0,0,2783,0.0334,-0.022,-0.009,-0.091,-5.29,-0.74,777,326,-2228,0,0,6975,0.1098,-0.016,-0.028,-0.072,-5.5,-0.53,784,-679,-5288,0,0
73.6,4,2799.2,399.34,-0.08,3097.49,91.9,-0.12,-1.39,-0.1,1.0,0.0,1.0,2,6395,122.8,0.68,0.06,-2.91,-29.45,248,250,3566,0.035,0.012,-0.001,-0.099,-6.64,0.61,743,-40,-3083,0,0,7051,0.1116,0.02,-0.002,-0.098,-6.01,-0.02,767,-83,-5573,0,0,2703,0.0327,-0.032,0.037,-0.063,-5.35,-0.68,741,474,-2150,0,0,6813,0.1093,-0.025,0.014,-0.086,-5.36,-0.67,748,-307,-5156,0,0
73.62,4,2799.7,399.34,-0.08,3096.98,91.8,-0.12,-1.38,-0.1,1.0,0.0,1.0,2,6375,172.2,0.9,0.07,-2.92,-29.0,249,250,3595,0.0353,0.015,-0.001,-0.099,-6.68,0.65,742,-43,-3105,0,0,7086,0.112,0.022,0.0,-0.1,-5.73,-0.3,765,-74,-5583,0,0,2676,0.0321,-0.032,-0.009,-0.091,-5.02,-1.01,774,304,-2110,0,0,6713,0.1088,-0.026,-0.028,-0.072,-5.08,-0.95,781,-703,-5041,0,0
73.64,4,2800.2,399.35,-0.08,3096.47,91.6,-0.12,-1.38,-0.1,1.0,0.0,1.0,2,6435,204.9,1.16,0.09,-2.92,-28.67,250,249,3622,0.0357,0.016,-0.001,-0.099,-6.48,0.45,741,-42,-3126,0,0,7143,0.1125,0.025,-0.001,-0.099,-6.06,0.03,764,-44,-5634,0,0,2641,0.0315,-0.029,0.036,-0.064,-5.24,-0.79,739,462,-2079,0,0,6645,0.1084,-0.02,0.014,-0.086,-5.34,-0.69,746,-307,-5021,0,0
73.66,4,2800.7,399.36,-0.08,3095.96,91.5,-0.09,-1.37,-0.1,1.0,0.0,1.0,2,6590,243.2,1.36,0.11,-2.93,-28.55,250,248,3626,0.036,0.018,-0.001,-0.099,-6.51,0.48,740,-44,-3128,0,0,7185,0.113,0.025,-0.001,-0.099,-6.06,0.03,763,-100,-5664,0,0,2625,0.0309,-0.029,0.073,-0.027,-5.17,-0.86,762,1141,-1971,0,0,6592,0.1079,-0.022,0.047,-0.053,-5.0,-1.03,762,1288,-4882,0,0
73.68,4,2801.3,399.38,-0.08,3095.45,91.6,0.24,-1.34,-0.1,1.0,0.0,1.0,2,6708,266.9,1.51,0.11,-2.94,-29.27,250,249,3514,0.0361,0.003,-0.002,-0.098,-6.66,0.63,740,-64,-3043,0,0,7070,0.1134,0.017,-0.001,-0.099,-6.02,-0.02,763,-114,-5568,0,0,2769,0.0307,-0.013,0.089,-0.011,-5.14,-0.89,813,1976,-1790,0,0,6736,0.108,0.001,0.047,-0.053,-5.33,-0.7,805,2777,-4761,0,0
73.7,4,2801.8,399.4,-0.08,3094.94,91.8,0.32,-1.32,-0.1,1.0,0.0,1.0,2,6870,287.4,1.63,0.1,-2.93,-29.94,250,249,3462,0.0358,-0.012,-0.002,-0.098,-6.43,0.4,741,-65,-2991,0,0,6949,0.1131,-0.013,-0.002,-0.098,-5.9,-0.14,765,-125,-5471,0,0,2898,0.0311,0.023,0.115,0.015,-5.1,-0.94,790,2088,-1868,0,0,6872,0.1084,0.021,0.076,-0.024,-5.27,-0.76,783,3062,-4807,0,0
73.72,4,2802.3,399.42,-0.08,3094.43,92.0,0.41,-1.3,-0.1,0.0,0.0,1.0,2,6967,295.5,1.71,0.08,-2.93,-30.91,249,251,3424,0.0356,-0.014,-0.003,-0.097,-6.62,0.59,742,-75,-2962,0,0,6837,0.1127,-0.02,-0.003,-0.097,-6.02,-0.01,767,-154,-5396,0,0,3033,0.0318,0.034,0.076,-0.024,-5.34,-0.69,825,2375,-1830,0,0,7022,0.1089,0.027,0.028,-0.072,-5.44,-0.59,816,3529,-4801,0,0
73.74,4,2802.8,399.45,-0.08,3093.92,92.3,0.47,-1.28,-0.1,0.0,0.0,1.0,2,6817,205.4,1.64,0.05,-2.91,-31.93,248,252,3367,0.0352,-0.017,-0.003,-0.097,-6.56,0.53,744,-76,-2919,0,0,6682,0.1119,-0.039,-0.002,-0.098,-5.87,-0.16,770,-139,-5298,0,0,3144,0.0328,0.051,0.103,0.003,-5.46,-0.57,826,2486,-1884,0,0,7137,0.1095,0.028,0.051,-0.049,-5.54,-0.49,813,3494,-4934,0,0
73.76,4,2803.3,399.49,-0.08,3093.41,92.4,0.33,-1.34,-0.1,0.0,0.0,1.0,2,6661,-81.5,1.29,0.03,-2.9,-31.81,248,253,3349,0.0348,-0.019,-0.003,-0.097,-6.67,0.64,746,-73,-2910,0,0,6692,0.1111,-0.042,-0.002,-0.098,-6.03,0.0,772,-120,-5316,0,0,3115,0.0338,0.048,0.073,-0.027,-5.48,-0.55,765,1887,-2197,0,0,7212,0.11,0.026,0.038,-0.062,-5.44,-0.59,763,2142,-5322,0,0
73.78,4,2803.8,399.53,-0.08,3092.9,92.4,0.02,-1.39,-0.1,0.0,0.0,1.0,2,6352,-67.0,0.93,0.02,-2.9,-30.71,247,253,3423,0.0346,-0.013,-0.001,-0.099,-6.71,0.68,746,-45,-2973,0,0,6843,0.1108,-0.016,-0.001,-0.099,-6.02,-0.02,771,-80,-5420,0,0,2942,0.0341,0.016,0.029,-0.071,-5.45,-0.58,740,358,-2367,0,0,7143,0.1103,0.013,0.008,-0.092,-5.52,-0.52,749,-694,-5428,0,0
73.8,4,2804.3,399.58,-0.08,3092.39,92.2,-0.13,-1.4,-0.1,1.0,0.0,1.0,2,6247,-67.3,0.69,0.03,-2.9,-29.79,248,252,3512,0.0347,0.009,0.0,-0.1,-6.7,0.67,745,-32,-3047,0,0,7003,0.1111,0.018,-0.001,-0.099,-6.08,0.05,769,-74,-5539,0,0,2779,0.0336,-0.027,-0.009,-0.091,-5.26,-0.77,778,319,-2226,0,0,6989,0.1099,-0.018,-0.03,-0.07,-5.5,-0.53,785,-719,-5297,0,0
73.82,4,2804.8,399.63,-0.08,3091.88,92.0,-0.12,-1.39,-0.1,1.0,0.0,1.0,2,6405,122.7,0.68,0.05,-2.92,-29.16,249,251,3540,0.035,0.011,-0.002,-0.098,-6.67,0.64,744,-42,-3074,0,0,7106,0.1116,0.026,-0.002,-0.098,-6.04,0.01,768,-82,-5600,0,0,2670,0.0329,-0.035,0.036,-0.064,-5.31,-0.72,742,467,-2122,0,0,6880,0.1095,-0.021,0.014,-0.086,-5.43,-0.6,749,-300,-5204,0,0
73.84,4,2805.3,399.69,-0.08,3091.37,91.9,-0.12,-1.39,-0.1,1.0,0.0,1.0,2,6383,172.1,0.9,0.08,-2.93,-28.75,250,250,3602,0.0353,0.015,0.0,-0.1,-6.67,0.64,743,-26,-3120,0,0,7176,0.1123,0.033,-0.002,-0.098,-6.07,0.04,766,-98,-5656,0,0,2625,0.0321,-0.04,-0.009,-0.091,-5.27,-0.76,776,279,-2089,0,0,6772,0.1091,-0.023,-0.03,-0.07,-5.4,-0.63,782,-717,-5101,0,0
73.86,4,2805.9,399.75,-0.08,3090.87,91.7,-0.12,-1.38,-0.1,1.0,0.0,1.0,2,6443,205.0,1.16,0.1,-2.94,-28.48,251,249,3615,0.0356,0.018,-0.001,-0.099,-6.7,0.67,742,-32,-3132,0,0,7204,0.1129,0.031,0.0,-0.1,-6.05,0.02,765,-64,-5684,0,0,2598,0.0313,-0.037,0.037,-0.063,-4.97,-1.06,740,464,-2040,0,0,6685,0.1086,-0.024,0.015,-0.085,-5.18,-0.85,746,-284,-5019,0,0
73.88,4,2806.4,399.82,-0.08,3090.36,91.6,-0.11,-1.38,-0.1,1.0,0.0,1.0,2,6549,244.0,1.36,0.11,-2.95,-28.32,251,249,3599,0.0359,0.011,-0.001,-0.099,-6.71,0.68,741,-42,-3118,0,0,7193,0.1134,0.026,-0.002,-0.098,-6.06,0.03,763,-112,-5682,0,0,2620,0.0307,-0.029,0.081,-0.019,-5.12,-0.91,770,902,-2006,0,0,6664,0.1083,-0.015,0.057,-0.043,-5.3,-0.73,774,792,-4970,0,0
73.9,4,2806.9,399.9,-0.08,3089.86,91.7,0.18,-1.35,-0.1,1.0,0.0,1.0,2,6690,267.7,1.51,0.12,-2.95,-28.84,251,249,3522,0.0359,0.004,-0.003,-0.097,-6.65,0.62,740,-60,-3055,0,0,7088,0.1137,0.014,-0.001,-0.099,-5.8,-0.23,764,-124,-5577,0,0,2729,0.0304,-0.015,0.084,-0.016,-5.13,-0.9,811,1843,-1820,0,0,6732,0.1082,-0.006,0.046,-0.054,-5.23,-0.8,804,2601,-4791,0,0
73.92,4,2807.4,399.98,-0.08,3089.36,91.8,0.31,-1.32,-0.1,1.0,0.0,1.0,2,6874,287.2,1.63,0.11,-2.95,-29.59,251,250,3464,0.0358,-0.008,-0.002,-0.098,-6.66,0.63,742,-72,-3005,0,0,6976,0.1135,-0.007,-0.002,-0.098,-5.99,-0.04,766,-136,-5512,0,0,2879,0.0307,0.014,0.115,0.015,-5.09,-0.94,790,2099,-1829,0,0,6881,0.1085,0.015,0.077,-0.023,-5.17,-0.86,783,3127,-4758,0,0
73.94,4,2807.9,400.06,-0.08,3088.85,92.0,0.41,-1.3,-0.1,0.0,0.0,1.0,2,6969,295.5,1.71,0.08,-2.94,-30.65,250,251,3397,0.0355,-0.014,-0.003,-0.097,-6.63,0.6,743,-76,-2953,0,0,6830,0.1131,-0.021,-0.002,-0.098,-5.94,-0.09,768,-123,-5420,0,0,3025,0.0314,0.036,0.075,-0.025,-5.29,-0.74,825,2369,-1823,0,0,7047,0.109,0.029,0.027,-0.073,-5.39,-0.64,815,3582,-4762,0,0
73.96,4,2808.4,400.15,-0.08,3088.35,92.3,0.47,-1.28,-0.1,0.0,0.0,1.0,2,6817,205.5,1.64,0.06,-2.93,-31.75,249,252,3403,0.0352,-0.017,-0.002,-0.098,-6.74,0.7,745,-81,-2954,0,0,6717,0.1123,-0.039,-0.002,-0.098,-6.04,0.01,771,-149,-5345,0,0,3137,0.0325,0.052,0.102,0.002,-5.36,-0.67,826,2485,-1873,0,0,7149,0.1096,0.03,0.051,-0.049,-5.53,-0.5,814,3483,-4936,0,0
73.98,4,2808.9,400.25,-0.08,3087.84,92.5,0.32,-1.34,-0.1,0.0,0.0,1.0,2,6664,-81.5,1.29,0.03,-2.91,-31.7,248,253,3381,0.0349,-0.014,-0.002,-0.098,-6.74,0.71,746,-62,-2943,0,0,6711,0.1115,-0.041,-0.002,-0.098,-5.97,-0.06,772,-103,-5341,0,0,3106,0.0334,0.048,0.074,-0.026,-5.24,-0.79,766,1894,-2179,0,0,7195,0.1101,0.021,0.037,-0.063,-5.57,-0.46,763,2139,-5305,0,0
74.0,4,2809.4,400.35,-0.08,3087.34,92.4,0.01,-1.39,-0.1,0.0,0.0,1.0,2,6355,-67.1,0.93,0.03,-2.91,-30.66,248,253,3460,0.0347,-0.009,-0.001,-0.099,-6.57,0.54,747,-46,-3005,0,0,6850,0.1111,-0.019,-0.001,-0.099,-6.1,0.07,772,-71,-5452,0,0,2940,0.0338,0.017,0.029,-0.071,-5.32,-0.72,740,354,-2349,0,0,7103,0.1102,0.007,0.008,-0.092,-5.45,-0.58,750,-694,-5384,0,0
74.02,4,2809.9,400.45,-0.08,3086.84,92.2,-0.13,-1.4,-0.1,1.0,0.0,1.0,2,6250,-67.4,0.69,0.04,-2.91,-29.84,249,252,3535,0.035,0.014,-0.001,-0.099,-6.75,0.72,745,-35,-3076,0,0,6987,0.1114,0.013,-0.002,-0.098,-6.11,0.08,769,-96,-5549,0,0,2787,0.0334,-0.02,-0.009,-0.091,-5.27,-0.76,779,324,-2226,0,0,6941,0.1098,-0.021,-0.03,-0.07,-5.39,-0.64,785,-708,-5242,0,0
74.04,4,2810.5,400.56,-0.08,3086.34,92.1,-0.12,-1.39,-0.1,1.0,0.0,1.0,2,6406,122.7,0.68,0.06,-2.91,-29.28,250,251,3604,0.0353,0.015,-0.001,-0.099,-6.75,0.72,744,-41,-3128,0,0,7101,0.1118,0.024,-0.001,-0.099,-6.13,0.1,768,-86,-5624,0,0,2677,0.0327,-0.033,0.037,-0.063,-5.27,-0.76,743,477,-2124,0,0,6795,0.1093,-0.025,0.015,-0.085,-5.41,-0.62,750,-307,-5146,0,0
74.06,4,2811.0,400.68,-0.08,3085.84,91.9,-0.12,-1.39,-0.1,1.0,0.0,1.0,2,6387,172.0,0.9,0.09,-2.92,-28.94,251,250,3633,0.0357,0.02,-0.001,-0.099,-6.68,0.65,743,-43,-3151,0,0,7148,0.1124,0.029,-0.002,-0.098,-6.09,0.06,767,-89,-5663,0,0,2646,0.0319,-0.039,-0.01,-0.09,-5.18,-0.85,776,283,-2100,0,0,6691,0.1087,-0.029,-0.029,-0.071,-5.36,-0.67,782,-714,-5037,0,0
74.08,4,2811.5,400.8,-0.08,3085.35,91.8,-0.12,-1.38,-0.1,1.0,0.0,1.0,2,6447,204.9,1.16,0.11,-2.93,-28.74,251,250,3661,0.036,0.019,-0.001,-0.099,-6.64,0.61,742,-42,-3170,0,0,7205,0.113,0.03,-0.001,-0.099,-6.01,-0.02,765,-97,-5697,0,0,2612,0.0312,-0.035,0.037,-0.063,-5.18,-0.85,740,469,-2050,0,0,6612,0.1082,-0.023,0.015,-0.085,-5.21,-0.82,747,-290,-4977,0,0
74.1,4,2812.0,400.93,-0.08,3084.85,91.6,-0.09,-1.38,-0.1,1.0,0.0,1.0,2,6601,243.2,1.36,0.13,-2.94,-28.74,252,249,3668,0.0364,0.02,-0.001,-0.099,-6.74,0.71,741,-38,-3179,0,0,7248,0.1137,0.033,-0.002,-0.098,-6.05,0.02,764,-101,-5728,0,0,2612,0.0306,-0.03,0.074,-0.026,-5.16,-0.87,763,1146,-1951,0,0,6588,0.1079,-0.017,0.045,-0.055,-5.29,-0.74,764,1260,-4898,0,0
74.12,4,2812.5,401.06,-0.08,3084.36,91.7,0.23,-1.34,-0.1,1.0,0.0,1.0,2,6719,266.7,1.51,0.13,-2.95,-29.55,252,249,3559,0.0366,0.007,-0.002,-0.098,-6.71,0.68,741,-70,-3089,0,0,7136,0.1141,0.021,-0.003,-0.097,-6.03,0.0,765,-140,-5633,0,0,2768,0.0304,-0.013,0.089,-0.011,-5.16,-0.87,815,1970,-1796,0,0,6743,0.1079,0.001,0.047,-0.053,-5.32,-0.71,807,2758,-4768,0,0
74.14,4,2813.0,401.2,-0.08,3083.87,91.9,0.32,-1.33,-0.1,0.0,0.0,1.0,2,6882,287.0,1.63,0.12,-2.95,-30.3,252,250,3495,0.0363,-0.012,-0.002,-0.098,-6.73,0.7,742,-67,-3035,0,0,7007,0.114,-0.007,-0.002,-0.098,-6.1,0.06,767,-109,-5549,0,0,2889,0.0308,0.021,0.116,0.016,-5.22,-0.82,791,2092,-1853,0,0,6888,0.1084,0.026,0.076,-0.024,-5.3,-0.73,785,3066,-4820,0,0
74.16,4,2813.5,401.34,-0.08,3083.38,92.1,0.38,-1.32,-0.1,0.0,0.0,1.0,2,6792,196.8,1.58,0.1,-2.94,-31.09,251,251,3418,0.036,-0.016,-0.002,-0.098,-6.73,0.7,743,-73,-2974,0,0,6891,0.1135,-0.022,-0.002,-0.098,-5.94,-0.09,769,-128,-5461,0,0,3000,0.0315,0.034,0.085,-0.015,-5.24,-0.79,836,2105,-1965,0,0,7051,0.109,0.028,0.044,-0.056,-5.44,-0.59,832,2752,-5027,0,0
74.18,4,2814.0,401.49,-0.08,3082.89,92.3,0.31,-1.34,-0.1,0.0,0.0,1.0,2,6656,-80.7,1.25,0.08,-2.94,-31.24,251,252,3406,0.0356,-0.019,-0.002,-0.098,-6.73,0.7,745,-70,-2964,0,0,6862,0.113,-0.026,-0.002,-0.098,-6.01,-0.02,770,-118,-5442,0,0,3015,0.0322,0.037,0.045,-0.055,-5.28,-0.75,809,1892,-2088,0,0,7140,0.1096,0.03,0.006,-0.094,-5.48,-0.55,806,2217,-5225,0,0
74.2,4,2814.5,401.64,-0.08,3082.4,92.2,0.04,-1.39,-0.1,0.0,0.0,1.0,2,6274,-67.6,0.9,0.07,-2.94,-30.43,250,252,3444,0.0354,-0.012,-0.001,-0.099,-6.74,0.71,745,-43,-2996,0,0,6936,0.1127,-0.014,-0.001,-0.099,-6.02,-0.01,770,-74,-5506,0,0,2919,0.0326,0.019,-0.018,-0.082,-5.32,-0.71,773,182,-2328,0,0,7129,0.1099,0.018,-0.036,-0.064,-5.44,-0.59,781,-1108,-5340,0,0
74.22,4,2815.1,401.8,-0.08,3081.91,92.1,-0.13,-1.4,-0.1,1.0,0.0,1.0,2,6314,-66.8,0.67,0.08,-2.94,-29.65,251,251,3527,0.0355,0.006,-0.001,-0.099,-6.76,0.73,744,-36,-3069,0,0,7012,0.1129,0.007,-0.002,-0.098,-6.04,0.01,768,-90,-5565,0,0,2794,0.0324,-0.012,0.037,-0.063,-5.26,-0.77,743,515,-2204,0,0,6966,0.1097,-0.01,0.015,-0.085,-5.4,-0.64,750,-278,-5250,0,0
74.24,4,2815.6,401.96,-0.08,3081.43,91.9,-0.12,-1.39,-0.1,1.0,0.0,1.0,2,6323,122.2,0.67,0.09,-2.95,-29.13,251,250,3577,0.0357,0.011,-0.001,-0.099,-6.74,0.71,743,-42,-3109,0,0,7097,0.1132,0.014,-0.002,-0.098,-6.05,0.02,767,-82,-5624,0,0,2712,0.0319,-0.024,-0.01,-0.09,-5.21,-0.82,776,288,-2148,0,0,6852,0.1093,-0.02,-0.03,-0.07,-5.21,-0.82,782,-743,-5122,0,0
74.26,4,2816.1,402.13,-0.08,3080.94,91.8,-0.12,-1.39,-0.1,1.0,0.0,1.0,2,6439,172.9,0.89,0.11,-2.95,-28.78,252,249,3624,0.036,0.013,-0.001,-0.099,-6.67,0.64,742,-41,-3145,0,0,7141,0.1136,0.02,0.0,-0.1,-6.01,-0.02,765,-65,-5655,0,0,2665,0.0313,-0.028,0.037,-0.063,-5.14,-0.89,740,476,-2089,0,0,6737,0.1089,-0.022,0.015,-0.085,-5.28,-0.75,747,-292,-5052,0,0
74.28,4,2816.6,402.3,-0.08,3080.47,91.6,-0.12,-1.38,-0.1,1.0,0.0,1.0,2,6376,202.7,1.15,0.13,-2.95,-28.58,252,249,3620,0.0363,0.014,-0.001,-0.099,-6.72,0.69,741,-41,-3142,0,0,7188,0.1139,0.019,-0.001,-0.099,-6.1,0.07,764,-85,-5691,0,0,2627,0.0308,-0.028,-0.01,-0.09,-5.11,-0.92,773,282,-2064,0,0,6675,0.1084,-0.023,-0.03,-0.07,-5.24,-0.79,780,-716,-4966,0,0
74.3,4,2817.1,402.47,-0.08,3079.99,91.6,0.08,-1.36,-0.1,1.0,0.0,1.0,2,6649,236.0,1.35,0.13,-2.96,-28.94,252,249,3565,0.0365,0.011,-0.002,-0.098,-6.65,0.62,740,-56,-3095,0,0,7144,0.1143,0.018,-0.002,-0.098,-5.99,-0.04,764,-123,-5649,0,0,2711,0.0304,-0.021,0.04,-0.06,-5.04,-0.99,803,1508,-1924,0,0,6725,0.1082,-0.014,0.007,-0.093,-5.21,-0.83,801,1729,-4884,0,0
74.32,4,2817.6,402.66,-0.08,3079.51,91.7,0.29,-1.33,-0.1,1.0,0.0,1.0,2,6876,263.7,1.51,0.12,-2.96,-29.73,252,249,3494,0.0364,-0.008,-0.002,-0.098,-6.62,0.59,741,-66,-3036,0,0,7026,0.1143,-0.003,-0.002,-0.098,-6.04,0.01,765,-136,-5558,0,0,2828,0.0306,0.01,0.117,0.017,-5.13,-0.9,791,2085,-1789,0,0,6846,0.1085,0.015,0.077,-0.023,-5.21,-0.82,784,3170,-4727,0,0
74.34,4,2818.1,402.84,-0.08,3079.04,91.9,0.38,-1.31,-0.1,0.0,0.0,1.0,2,6798,284.4,1.62,0.1,-2.95,-30.64,252,250,3419,0.036,-0.018,-0.003,-0.097,-6.65,0.62,742,-81,-2973,0,0,6874,0.1138,-0.021,-0.002,-0.098,-6.09,0.06,767,-132,-5464,0,0,2960,0.0311,0.027,0.085,-0.015,-5.21,-0.82,835,2090,-1925,0,0,6982,0.1089,0.023,0.044,-0.056,-5.33,-0.7,830,2748,-4953,0,0
74.36,4,2818.6,403.04,-0.08,3078.56,92.1,0.38,-1.31,-0.1,0.0,0.0,1.0,2,6742,199.0,1.57,0.08,-2.94,-31.29,251,251,3374,0.0356,-0.019,-0.002,-0.098,-6.75,0.72,744,-68,-2942,0,0,6772,0.1131,-0.036,-0.002,-0.098,-6.04,0.01,769,-131,-5389,0,0,3038,0.0319,0.039,0.089,-0.011,-5.29,-0.74,816,2251,-1918,0,0,7080,0.1094,0.023,0.043,-0.057,-5.35,-0.68,807,3002,-4989,0,0
74.38,4,2819.1,403.24,-0.08,3078.09,92.3,0.3,-1.34,-0.1,0.0,0.0,1.0,2,6662,-79.8,1.25,0.06,-2.93,-31.3,250,252,3344,0.0352,-0.022,-0.002,-0.098,-6.75,0.72,745,-68,-2918,0,0,6738,0.1123,-0.039,-0.002,-0.098,-6.11,0.08,770,-101,-5375,0,0,3055,0.0326,0.038,0.075,-0.025,-5.26,-0.77,765,1898,-2116,0,0,7160,0.1098,0.022,0.038,-0.062,-5.36,-0.68,762,2219,-5210,0,0
74.4,4,2819.7,403.44,-0.08,3077.62,92.2,0.01,-1.38,-0.1,0.0,0.0,1.0,2,6343,-67.0,0.9,0.05,-2.93,-30.39,249,252,3423,0.0349,-0.016,-0.001,-0.099,-6.77,0.73,746,-45,-2984,0,0,6877,0.1119,-0.022,-0.001,-0.099,-6.1,0.07,770,-66,-5476,0,0,2932,0.0331,0.022,0.029,-0.071,-5.25,-0.78,739,348,-2322,0,0,7137,0.1101,0.016,0.009,-0.091,-5.31,-0.72,749,-705,-5345,0,0
74.42,4,2820.2,403.65,-0.08,3077.15,92.1,-0.13,-1.4,-0.1,1.0,0.0,1.0,2,6240,-67.3,0.67,0.06,-2.93,-29.63,249,251,3517,0.035,0.008,-0.001,-0.099,-6.77,0.74,744,-33,-3061,0,0,7031,0.1122,0.013,-0.001,-0.099,-6.08,0.04,768,-78,-5584,0,0,2765,0.0328,-0.017,-0.009,-0.091,-5.23,-0.81,777,330,-2191,0,0,6990,0.1099,-0.012,-0.029,-0.071,-5.29,-0.75,784,-701,-5231,0,0
74.44,4,2820.7,403.86,-0.08,3076.69,91.9,-0.12,-1.39,-0.1,1.0,0.0,1.0,2,6396,122.8,0.67,0.08,-2.94,-29.14,250,250,3601,0.0354,0.017,-0.001,-0.099,-6.73,0.7,743,-41,-3130,0,0,7124,0.1126,0.023,-0.001,-0.099,-6.06,0.03,767,-86,-5646,0,0,2681,0.0321,-0.033,0.037,-0.063,-5.12,-0.91,742,475,-2104,0,0,6833,0.1094,-0.027,0.015,-0.085,-5.28,-0.75,748,-294,-5121,0,0
74.46,4,2821.2,404.07,-0.08,3076.23,91.8,-0.12,-1.39,-0.1,1.0,0.0,1.0,2,6377,172.1,0.89,0.1,-2.95,-28.86,250,249,3627,0.0358,0.021,-0.001,-0.099,-6.74,0.71,742,-39,-3152,0,0,7186,0.1132,0.029,-0.001,-0.099,-6.12,0.09,765,-86,-5690,0,0,2643,0.0314,-0.032,-0.01,-0.09,-5.03,-1.0,775,288,-2077,0,0,6750,0.1089,-0.024,-0.03,-0.07,-5.23,-0.8,781,-733,-5023,0,0
74.48,4,2821.7,404.3,-0.08,3075.77,91.6,-0.12,-1.38,-0.1,1.0,0.0,1.0,2,6437,203.4,1.15,0.12,-2.95,-28.72,251,249,3642,0.0361,0.017,-0.001,-0.099,-6.75,0.72,741,-37,-3164,0,0,7231,0.1138,0.03,-0.001,-0.099,-6.05,0.02,764,-86,-5719,0,0,2593,0.0308,-0.034,0.037,-0.063,-5.07,-0.96,739,467,-2021,0,0,6666,0.1085,-0.02,0.015,-0.085,-5.21,-0.82,746,-291,-4974,0,0
74.5,4,2822.2,404.52,-0.08,3075.31,91.5,-0.11,-1.38,-0.1,1.0,0.0,1.0,2,6542,242.9,1.35,0.14,-2.97,-28.71,252,248,3653,0.0364,0.016,-0.001,-0.099,-6.67,0.64,740,-38,-3170,0,0,7281,0.1144,0.031,-0.001,-0.099,-6.07,0.04,763,-91,-5754,0,0,2595,0.0301,-0.031,0.082,-0.018,-4.98,-1.05,769,915,-1965,0,0,6648,0.1082,-0.016,0.057,-0.043,-5.18,-0.85,773,796,-4919,0,0
74.52,4,2822.7,404.75,-0.08,3074.86,91.5,0.18,-1.35,-0.1,1.0,0.0,1.0,2,6679,267.1,1.51,0.15,-2.97,-29.4,252,248,3605,0.0366,0.01,-0.002,-0.098,-6.7,0.67,739,-67,-3129,0,0,7190,0.1149,0.023,-0.002,-0.098,-6.08,0.05,763,-131,-5681,0,0,2719,0.0298,-0.015,0.084,-0.016,-4.99,-1.04,810,1849,-1797,0,0,6729,0.1081,-0.003,0.044,-0.056,-5.17,-0.86,803,2552,-4762,0,0
74.54,4,2823.2,404.99,-0.08,3074.41,91.7,0.31,-1.32,-0.1,0.88,0.0,1.0,2,6866,286.8,1.62,0.13,-2.97,-30.25,252,249,3496,0.0365,-0.006,-0.002,-0.098,-6.57,0.54,740,-69,-3038,0,0,7032,0.1148,-0.007,-0.002,-0.098,-6.04,0.01,765,-128,-5569,0,0,2868,0.0302,0.019,0.115,0.015,-5.05,-0.98,789,2093,-1820,0,0,6888,0.1085,0.018,0.076,-0.024,-5.2,-0.83,783,3104,-4762,0,0
74.56,4,2823.7,405.23,-0.08,3073.96,91.9,0.38,-1.31,-0.1,0.0,0.0,1.0,2,6791,284.3,1.66,0.11,-2.95,-31.11,251,250,3443,0.0362,-0.016,-0.002,-0.098,-6.65,0.62,742,-75,-2993,0,0,6854,0.1142,-0.028,-0.002,-0.098,-6.02,-0.01,767,-122,-5444,0,0,3016,0.031,0.038,0.084,-0.016,-5.21,-0.82,834,2118,-1964,0,0,7010,0.109,0.026,0.044,-0.056,-5.3,-0.73,829,2734,-4966,0,0
74.58,4,2824.2,405.47,-0.08,3073.51,92.1,0.37,-1.32,-0.1,0.0,0.0,1.0,2,6681,143.3,1.53,0.08,-2.94,-31.62,250,251,3399,0.0359,-0.016,-0.003,-0.097,-6.69,0.66,743,-74,-2959,0,0,6718,0.1133,-0.046,-0.002,-0.098,-6.07,0.04,769,-123,-5351,0,0,3108,0.032,0.051,0.08,-0.02,-5.24,-0.79,806,2197,-2021,0,0,7086,0.1094,0.02,0.036,-0.064,-5.4,-0.63,800,2689,-5065,0,0
74.6,4,2824.8,405.73,-0.08,3073.06,92.2,0.24,-1.36,-0.1,0.0,0.0,1.0,2,6504,-75.4,1.16,0.06,-2.93,-31.32,249,252,3391,0.0355,-0.019,-0.002,-0.098,-6.67,0.64,744,-66,-2951,0,0,6788,0.1125,-0.041,-0.001,-0.099,-6.07,0.03,770,-95,-5403,0,0,3052,0.0329,0.043,0.041,-0.059,-5.27,-0.77,810,1427,-2269,0,0,7163,0.1098,0.021,0.011,-0.089,-5.38,-0.65,812,1047,-5349,0,0
74.62,4,2825.3,405.98,-0.08,3072.62,92.1,-0.04,-1.39,-0.1,0.0,0.0,1.0,2,6313,-66.8,0.85,0.06,-2.92,-30.38,248,251,3491,0.0353,-0.007,-0.001,-0.099,-6.71,0.68,744,-40,-3037,0,0,6956,0.1122,-0.011,0.0,-0.1,-6.02,-0.01,769,-56,-5515,0,0,2885,0.0331,0.013,0.033,-0.067,-5.15,-0.88,741,360,-2280,0,0,7082,0.11,0.01,0.012,-0.088,-5.33,-0.7,750,-597,-5309,0,0
74.64,4,2825.8,406.24,-0.08,3072.18,91.9,-0.13,-1.39,-0.1,1.0,0.0,1.0,2,6229,-67.2,0.63,0.07,-2.93,-29.7,249,250,3535,0.0356,0.01,-0.001,-0.099,-6.7,0.66,743,-41,-3072,0,0,7054,0.1125,0.015,-0.001,-0.099,-6.06,0.03,767,-80,-5590,0,0,2766,0.0327,-0.021,-0.01,-0.09,-5.19,-0.84,776,317,-2186,0,0,6962,0.1097,-0.016,-0.03,-0.07,-5.25,-0.78,783,-742,-5193,0,0
74.66,4,2826.3,406.5,-0.08,3071.75,91.8,-0.12,-1.39,-0.1,1.0,0.0,1.0,2,6388,122.8,0.64,0.08,-2.94,-29.21,249,249,3571,0.0357,0.01,-0.001,-0.099,-6.68,0.65,742,-37,-3100,0,0,7113,0.1129,0.019,-0.001,-0.099,-6.04,0.01,766,-85,-5627,0,0,2694,0.0322,-0.027,0.037,-0.063,-5.09,-0.94,741,482,-2109,0,0,6853,0.1093,-0.019,0.015,-0.085,-5.26,-0.77,747,-298,-5120,0,0
74.68,4,2826.8,406.77,-0.08,3071.31,91.6,-0.12,-1.38,-0.1,1.0,0.0,1.0,2,6368,172.2,0.87,0.1,-2.94,-28.91,250,249,3626,0.036,0.014,-0.001,-0.099,-6.69,0.66,741,-39,-3145,0,0,7154,0.1134,0.023,-0.001,-0.099,-6.05,0.02,764,-86,-5654,0,0,2653,0.0315,-0.031,-0.01,-0.09,-5.09,-0.94,774,289,-2079,0,0,6731,0.1089,-0.022,-0.03,-0.07,-5.22,-0.81,780,-731,-5011,0,0
74.7,4,2827.3,407.04,-0.08,3070.88,91.5,-0.12,-1.38,-0.1,1.0,0.0,1.0,2,6427,200.2,1.14,0.12,-2.94,-28.74,251,248,3664,0.0364,0.018,-0.001,-0.099,-6.68,0.65,740,-40,-3176,0,0,7223,0.1139,0.025,-0.001,-0.099,-6.02,-0.01,763,-84,-5700,0,0,2627,0.031,-0.029,0.037,-0.063,-4.99,-1.04,738,474,-2039,0,0,6670,0.1085,-0.021,0.015,-0.085,-5.18,-0.86,745,-278,-4959,0,0
74.72,4,2827.8,407.32,-0.08,3070.46,91.3,-0.11,-1.37,-0.1,1.0,0.0,1.0,2,6532,240.5,1.34,0.14,-2.95,-28.71,251,247,3653,0.0368,0.019,-0.001,-0.099,-6.69,0.66,739,-39,-3166,0,0,7220,0.1144,0.025,-0.002,-0.098,-6.02,-0.01,762,-90,-5696,0,0,2639,0.0305,-0.025,0.082,-0.018,-5.01,-1.02,768,929,-1993,0,0,6631,0.1081,-0.019,0.057,-0.043,-5.16,-0.88,772,786,-4904,0,0
74.74,4,2828.3,407.6,-0.08,3070.04,91.4,0.18,-1.35,-0.1,1.0,0.0,1.0,2,6666,265.7,1.5,0.14,-2.95,-29.33,251,247,3598,0.0369,0.006,-0.002,-0.098,-6.67,0.64,738,-66,-3118,0,0,7114,0.1146,0.011,-0.002,-0.098,-6.02,-0.01,762,-133,-5617,0,0,2764,0.0303,-0.008,0.083,-0.017,-5.03,-1.01,808,1868,-1828,0,0,6700,0.108,-0.003,0.043,-0.057,-5.13,-0.9,801,2525,-4740,0,0
74.76,4,2828.8,407.89,-0.08,3069.62,91.5,0.31,-1.32,-0.1,1.0,0.0,1.0,2,6854,285.8,1.62,0.13,-2.95,-30.11,251,248,3499,0.0367,-0.009,-0.002,-0.098,-6.64,0.61,739,-69,-3035,0,0,6968,0.1144,-0.011,-0.002,-0.098,-6.03,-0.01,764,-125,-5515,0,0,2902,0.0307,0.021,0.115,0.015,-5.09,-0.94,788,2111,-1842,0,0,6854,0.1084,0.018,0.076,-0.024,-5.16,-0.87,781,3085,-4736,0,0
74.78,4,2829.3,408.18,-0.08,3069.2,91.8,0.41,-1.3,-0.1,0.0,0.0,1.0,2,6950,294.6,1.71,0.1,-2.94,-31.15,250,249,3421,0.0364,-0.017,-0.003,-0.097,-6.66,0.63,741,-75,-2971,0,0,6804,0.1138,-0.031,-0.002,-0.098,-6.02,-0.01,766,-141,-5397,0,0,3042,0.0315,0.039,0.075,-0.025,-5.18,-0.85,823,2392,-1819,0,0,6998,0.1089,0.025,0.026,-0.074,-5.3,-0.73,814,3519,-4747,0,0
74.8,4,2829.8,408.47,-0.08,3068.78,92.0,0.47,-1.28,-0.1,0.0,0.0,1.0,2,6798,205.3,1.63,0.07,-2.91,-32.19,249,251,3376,0.0359,-0.023,-0.002,-0.098,-6.66,0.63,743,-77,-2934,0,0,6635,0.1127,-0.053,-0.002,-0.098,-6.01,-0.02,769,-140,-5278,0,0,3179,0.0326,0.056,0.102,0.002,-5.3,-0.73,823,2521,-1888,0,0,7109,0.1094,0.027,0.051,-0.049,-5.42,-0.61,812,3484,-4886,0,0
74.82,4,2830.4,408.77,-0.08,3068.36,92.2,0.32,-1.34,-0.1,0.0,0.0,1.0,2,6645,-81.2,1.29,0.04,-2.9,-32.08,247,252,3338,0.0354,-0.024,-0.002,-0.098,-6.64,0.61,744,-68,-2903,0,0,6667,0.1117,-0.051,-0.002,-0.098,-6.01,-0.02,770,-105,-5301,0,0,3141,0.0337,0.054,0.073,-0.027,-5.33,-0.7,763,1907,-2202,0,0,7215,0.11,0.027,0.037,-0.063,-5.46,-0.57,761,2124,-5293,0,0
74.84,4,2830.9,409.08,-0.08,3067.95,92.1,0.01,-1.39,-0.1,0.0,0.0,1.0,2,6339,-67.0,0.93,0.03,-2.89,-30.96,247,251,3410,0.035,-0.019,-0.001,-0.099,-6.68,0.64,745,-46,-2963,0,0,6774,0.1111,-0.027,-0.001,-0.099,-6.01,-0.02,770,-69,-5379,0,0,2994,0.0342,0.024,0.029,-0.071,-5.29,-0.74,738,359,-2384,0,0,7146,0.1103,0.016,0.009,-0.091,-5.43,-0.6,748,-704,-5386,0,0
74.86,4,2831.4,409.39,-0.08,3067.54,92.0,-0.13,-1.4,-0.1,1.0,0.0,1.0,2,6235,-67.3,0.69,0.04,-2.89,-30.07,247,251,3538,0.0352,0.009,-0.001,-0.099,-6.66,0.63,744,-37,-3068,0,0,6965,0.1113,0.008,-0.001,-0.099,-6.02,-0.01,768,-77,-5515,0,0,2816,0.0338,-0.018,-0.009,-0.091,-5.26,-0.77,777,330,-2239,0,0,6968,0.1099,-0.018,-0.03,-0.07,-5.39,-0.64,783,-718,-5242,0,0
74.88,4,2831.9,409.7,-0.08,3067.14,91.8,-0.12,-1.39,-0.1,1.0,0.0,1.0,2,6392,122.8,0.68,0.06,-2.9,-29.47,247,250,3597,0.0355,0.016,-0.001,-0.099,-6.63,0.6,743,-39,-3115,0,0,7081,0.1117,0.021,-0.001,-0.099,-6.01,-0.02,766,-80,-5594,0,0,2712,0.0332,-0.032,0.037,-0.063,-5.2,-0.83,741,482,-2139,0,0,6831,0.1094,-0.027,0.015,-0.085,-5.32,-0.71,748,-305,-5140,0,0
74.9,4,2832.4,410.02,-0.08,3066.74,91.7,-0.12,-1.39,-0.1,1.0,0.0,1.0,2,6371,172.2,0.9,0.08,-2.91,-29.09,248,249,3627,0.0359,0.016,-0.001,-0.099,-6.64,0.6,741,-40,-3138,0,0,7205,0.1124,0.034,-0.001,-0.099,-6.0,-0.03,765,-86,-5674,0,0,2632,0.0324,-0.038,-0.01,-0.09,-5.17,-0.86,774,289,-2080,0,0,6770,0.109,-0.02,-0.03,-0.07,-5.28,-0.76,780,-727,-5061,0,0
74.92,4,2832.9,410.34,-0.08,3066.35,91.5,-0.12,-1.38,-0.1,1.0,0.0,1.0,2,6432,205.0,1.16,0.1,-2.92,-28.87,249,248,3657,0.0363,0.02,-0.001,-0.099,-6.64,0.6,740,-40,-3159,0,0,7236,0.1132,0.04,-0.001,-0.099,-5.98,-0.05,763,-84,-5689,0,0,2615,0.0316,-0.04,0.037,-0.063,-5.11,-0.92,739,471,-2046,0,0,6694,0.1086,-0.02,0.015,-0.085,-5.24,-0.79,745,-288,-5006,0,0
74.94,4,2833.4,410.66,-0.08,3065.96,91.4,-0.09,-1.38,-0.1,1.0,0.0,1.0,2,6586,243.3,1.36,0.12,-2.93,-28.82,249,247,3632,0.0366,0.016,-0.001,-0.099,-6.58,0.55,739,-39,-3138,0,0,7234,0.1138,0.03,-0.001,-0.099,-5.97,-0.06,762,-91,-5683,0,0,2642,0.031,-0.03,0.074,-0.026,-5.05,-0.98,761,1169,-1960,0,0,6692,0.1082,-0.016,0.045,-0.055,-5.2,-0.83,762,1292,-4932,0,0
74.96,4,2833.9,410.99,-0.08,3065.57,91.5,0.23,-1.34,-0.1,1.0,0.0,1.0,2,6698,267.2,1.51,0.12,-2.94,-29.52,250,248,3530,0.0365,-0.003,-0.002,-0.098,-6.6,0.57,739,-69,-3053,0,0,7078,0.114,0.009,-0.002,-0.098,-5.98,-0.05,763,-134,-5572,0,0,2788,0.0309,-0.007,0.088,-0.012,-5.09,-0.94,812,1982,-1803,0,0,6806,0.1084,0.005,0.046,-0.054,-5.23,-0.8,804,2773,-4789,0,0
74.98,4,2834.4,411.32,-0.08,3065.18,91.7,0.32,-1.32,-0.1,1.0,0.0,1.0,2,6861,287.7,1.63,0.11,-2.93,-30.21,250,249,3522,0.0364,-0.008,-0.002,-0.098,-6.6,0.57,740,-68,-3047,0,0,6927,0.1137,-0.017,-0.002,-0.098,-5.96,-0.07,765,-120,-5465,0,0,2907,0.0313,0.023,0.115,0.015,-5.15,-0.88,789,2097,-1865,0,0,6845,0.1086,0.014,0.076,-0.024,-5.26,-0.77,782,3052,-4766,0,0
75.0,4,2834.9,411.66,-0.08,3064.8,91.9,0.37,-1.31,-0.1,0.0,0.0,1.0,2,6798,302.0,1.71,0.09,-2.92,-30.98,250,250,3432,0.0362,-0.01,-0.002,-0.098,-6.62,0.58,742,-74,-2973,0,0,6818,0.113,-0.032,-0.002,-0.098,-5.97,-0.06,767,-134,-5390,0,0,3010,0.032,0.032,0.085,-0.015,-5.21,-0.82,834,2115,-1964,0,0,6963,0.1088,0.01,0.044,-0.056,-5.33,-0.71,830,2738,-4953,0,0
75.02,4,2835.5,412.0,-0.08,3064.42,92.1,0.39,-1.31,-0.1,0.0,0.0,1.0,2,6757,207.7,1.64,0.06,-2.91,-31.55,249,251,3387,0.0358,-0.02,-0.002,-0.098,-6.62,0.58,743,-74,-2936,0,0,6711,0.1123,-0.037,-0.002,-0.098,-5.97,-0.06,769,-133,-5316,0,0,3082,0.0328,0.039,0.093,-0.007,-5.31,-0.72,818,2308,-1934,0,0,7053,0.1093,0.023,0.046,-0.054,-5.42,-0.61,809,3111,-4954,0,0
75.04,4,2836.0,412.34,-0.08,3064.04,92.2,0.31,-1.34,-0.1,0.0,0.0,1.0,2,6658,-81.5,1.29,0.04,-2.9,-31.47,248,252,3342,0.0353,-0.022,-0.002,-0.098,-6.59,0.56,745,-67,-2899,0,0,6705,0.1115,-0.04,-0.002,-0.098,-5.98,-0.05,770,-110,-5315,0,0,3068,0.0335,0.038,0.075,-0.025,-5.34,-0.69,765,1895,-2140,0,0,7133,0.1097,0.02,0.038,-0.062,-5.47,-0.56,762,2198,-5223,0,0
75.06,4,2836.5,412.69,-0.08,3063.67,92.2,0.02,-1.38,-0.1,0.0,0.0,1.0,2,6339,-67.0,0.93,0.03,-2.9,-30.46,247,252,3423,0.035,-0.017,-0.001,-0.099,-6.59,0.56,745,-44,-2968,0,0,6839,0.1111,-0.019,-0.001,-0.099,-6.0,-0.03,770,-67,-5413,0,0,2932,0.0338,0.016,0.029,-0.071,-5.29,-0.74,739,348,-2336,0,0,7087,0.11,0.014,0.009,-0.091,-5.42,-0.62,748,-701,-5341,0,0
75.08,4,2837.0,413.05,-0.08,3063.3,92.0,-0.13,-1.39,-0.1,1.0,0.0,1.0,2,6236,-67.3,0.69,0.05,-2.9,-29.62,247,251,3524,0.0351,0.007,-0.001,-0.099,-6.61,0.58,744,-38,-3051,0,0,6991,0.1114,0.012,-0.001,-0.099,-6.02,-0.01,768,-80,-5523,0,0,2789,0.0334,-0.02,-0.009,-0.091,-5.26,-0.77,777,325,-2215,0,0,6943,0.1097,-0.015,-0.03,-0.07,-5.34,-0.69,783,-708,-5217,0,0
75.1,4,2837.5,413.4,-0.08,3062.93,91.8,-0.12,-1.39,-0.1,1.0,0.0,1.0,2,6393,122.8,0.68,0.06,-2.9,-29.05,248,250,3608,0.0354,0.016,-0.001,-0.099,-6.6,0.57,743,-40,-3119,0,0,7083,0.1118,0.024,-0.001,-0.099,-6.03,0.0,766,-81,-5588,0,0,2708,0.0328,-0.031,0.037,-0.063,-5.19,-0.84,741,477,-2132,0,0,6798,0.1092,-0.023,0.015,-0.085,-5.32,-0.71,748,-295,-5109,0,0
75.12,4,2838.0,413.76,-0.08,3062.57,91.7,-0.12,-1.38,-0.1,1.0,0.0,1.0,2,6372,172.2,0.9,0.09,-2.91,-28.69,248,249,3640,0.0359,0.022,-0.001,-0.099,-6.59,0.56,742,-38,-3145,0,0,7167,0.1124,0.029,-0.001,-0.099,-5.99,-0.05,765,-85,-5643,0,0,2661,0.0322,-0.033,-0.01,-0.09,-5.1,-0.93,774,284,-2097,0,0,6718,0.1087,-0.026,-0.03,-0.07,-5.27,-0.76,780,-725,-5023,0,0
75.14,4,2838.5,414.13,-0.08,3062.22,91.5,-0.12,-1.38,-0.1,1.0,0.0,1.0,2,6433,205.1,1.16,0.11,-2.92,-28.45,249,248,3633,0.0362,0.015,-0.001,-0.099,-6.66,0.63,741,-40,-3140,0,0,7196,0.1131,0.033,-0.001,-0.099,-6.02,-0.01,764,-88,-5664,0,0,2645,0.0315,-0.033,0.036,-0.064,-5.09,-0.94,739,469,-2065,0,0,6686,0.1084,-0.015,0.015,-0.085,-5.18,-0.85,745,-284,-4989,0,0
75.16,4,2839.0,414.49,-0.08,3061.87,91.4,-0.09,-1.37,-0.1,1.0,0.0,1.0,2,6587,243.4,1.36,0.13,-2.94,-28.44,250,248,3655,0.0365,0.016,-0.001,-0.099,-6.64,0.61,739,-40,-3157,0,0,7298,0.1138,0.035,-0.001,-0.099,-5.97,-0.06,762,-92,-5734,0,0,2598,0.0309,-0.031,0.073,-0.027,-5.05,-0.99,761,1151,-1924,0,0,6668,0.1082,-0.013,0.045,-0.055,-5.16,-0.87,762,1303,-4901,0,0
75.18,4,2839.5,414.87,-0.08,3061.52,91.5,0.23,-1.34,-0.1,1.0,0.0,1.0,2,6700,267.2,1.51,0.13,-2.94,-29.24,250,248,3571,0.0366,0.007,-0.002,-0.098,-6.61,0.58,740,-70,-3087,0,0,7121,0.1142,0.023,-0.002,-0.098,-5.94,-0.09,763,-136,-5598,0,0,2787,0.0306,-0.014,0.088,-0.012,-5.06,-0.97,812,1985,-1797,0,0,6783,0.1082,0.002,0.046,-0.054,-5.17,-0.87,804,2782,-4757,0,0
75.2,4,2840.0,415.24,-0.08,3061.17,91.7,0.32,-1.32,-0.1,1.0,0.0,1.0,2,6860,287.7,1.63,0.11,-2.94,-29.97,250,249,3496,0.0365,-0.008,-0.002,-0.098,-6.64,0.61,741,-69,-3025,0,0,6962,0.1139,-0.017,-0.002,-0.098,-6.02,-0.01,765,-125,-5493,0,0,2913,0.0312,0.028,0.114,0.014,-5.09,-0.94,789,2102,-1863,0,0,6895,0.1086,0.02,0.075,-0.025,-5.25,-0.78,782,3063,-4788,0,0
75.22,4,2840.6,415.62,-0.08,3060.83,91.9,0.41,-1.3,-0.1,0.0,0.0,1.0,2,6961,295.8,1.71,0.09,-2.93,-30.95,250,250,3424,0.0361,-0.016,-0.002,-0.098,-6.58,0.55,742,-75,-2965,0,0,6816,0.1133,-0.028,-0.002,-0.098,-5.98,-0.05,767,-139,-5391,0,0,3027,0.0319,0.035,0.075,-0.025,-5.16,-0.87,824,2378,-1813,0,0,7016,0.109,0.023,0.026,-0.074,-5.28,-0.75,815,3527,-4766,0,0
75.24,4,2841.1,416.0,-0.08,3060.49,92.2,0.47,-1.28,-0.1,0.0,0.0,1.0,2,6812,205.6,1.64,0.06,-2.91,-31.98,249,252,3375,0.0357,-0.022,-0.003,-0.097,-6.58,0.55,744,-78,-2928,0,0,6645,0.1124,-0.048,-0.002,-0.098,-6.0,-0.03,770,-137,-5272,0,0,3163,0.0328,0.049,0.103,0.003,-5.29,-0.74,825,2514,-1877,0,0,7118,0.1095,0.023,0.051,-0.049,-5.41,-0.63,813,3504,-4892,0,0
75.26,4,2841.6,416.39,-0.08,3060.16,92.3,0.32,-1.33,-0.1,0.0,0.0,1.0,2,6656,-81.5,1.29,0.03,-2.9,-31.86,248,253,3356,0.0353,-0.022,-0.002,-0.098,-6.66,0.63,745,-67,-2914,0,0,6666,0.1114,-0.049,-0.002,-0.098,-6.07,0.03,771,-103,-5296,0,0,3127,0.0339,0.051,0.073,-0.027,-5.38,-0.65,765,1898,-2197,0,0,7190,0.11,0.024,0.037,-0.063,-5.47,-0.56,762,2130,-5282,0,0
75.28,4,2842.1,416.78,-0.08,3059.82,92.3,0.01,-1.39,-0.1,0.0,0.0,1.0,2,6348,-67.0,0.93,0.03,-2.89,-30.77,247,252,3435,0.035,-0.011,-0.001,-0.099,-6.62,0.59,746,-46,-2978,0,0,6830,0.111,-0.02,-0.001,-0.099,-5.97,-0.06,771,-66,-5409,0,0,2966,0.0342,0.019,0.029,-0.071,-5.31,-0.72,740,355,-2369,0,0,7133,0.1102,0.011,0.009,-0.091,-5.45,-0.58,749,-696,-5385,0,0
75.3,4,2842.6,417.18,-0.08,3059.5,92.1,-0.13,-1.4,-0.1,1.0,0.0,1.0,2,6244,-67.3,0.69,0.04,-2.89,-29.87,247,251,3519,0.0352,0.007,-0.001,-0.099,-6.66,0.63,745,-38,-3048,0,0,6970,0.1112,0.011,-0.001,-0.099,-6.01,-0.02,769,-82,-5509,0,0,2819,0.0339,-0.019,-0.009,-0.091,-5.33,-0.71,778,327,-2246,0,0,6986,0.1099,-0.016,-0.03,-0.07,-5.43,-0.6,784,-716,-5268,0,0
75.32,4,2843.1,417.57,-0.08,3059.18,92.0,-0.12,-1.4,-0.1,1.0,0.0,1.0,2,6401,122.7,0.68,0.06,-2.91,-29.24,247,251,3592,0.0355,0.014,-0.001,-0.099,-6.63,0.6,744,-40,-3107,0,0,7159,0.1118,0.03,-0.001,-0.099,-6.08,0.05,767,-79,-5651,0,0,2702,0.0332,-0.031,0.037,-0.063,-5.19,-0.85,742,479,-2133,0,0,6924,0.1096,-0.015,0.015,-0.085,-5.34,-0.69,749,-300,-5212,0,0
75.34,4,2843.6,417.97,-0.08,3058.86,91.8,-0.12,-1.39,-0.1,1.0,0.0,1.0,2,6380,172.1,0.9,0.08,-2.91,-28.84,249,250,3641,0.0358,0.018,-0.001,-0.099,-6.63,0.6,743,-40,-3147,0,0,7146,0.1125,0.036,-0.001,-0.099,-5.96,-0.07,766,-86,-5624,0,0,2666,0.0325,-0.038,-0.01,-0.09,-5.13,-0.9,775,286,-2105,0,0,6772,0.1092,-0.02,-0.03,-0.07,-5.32,-0.71,781,-727,-5069,0,0
75.36,4,2844.1,418.37,-0.08,3058.55,91.7,-0.12,-1.38,-0.1,1.0,0.0,1.0,2,6441,205.0,1.16,0.1,-2.92,-28.58,250,249,3653,0.0362,0.019,-0.001,-0.099,-6.59,0.56,742,-39,-3153,0,0,7198,0.1131,0.027,-0.001,-0.099,-5.97,-0.06,764,-89,-5660,0,0,2626,0.0318,-0.034,0.036,-0.064,-5.11,-0.92,740,467,-2056,0,0,6691,0.1087,-0.025,0.015,-0.085,-5.19,-0.85,746,-280,-5003,0,0
75.38,4,2844.6,418.78,-0.08,3058.24,91.5,-0.09,-1.37,-0.1,1.0,0.0,1.0,2,6595,243.3,1.36,0.12,-2.93,-28.54,251,248,3654,0.0366,0.017,-0.001,-0.099,-6.57,0.54,740,-42,-3154,0,0,7212,0.1136,0.027,-0.001,-0.099,-6.04,0.01,763,-95,-5674,0,0,2606,0.0311,-0.035,0.073,-0.027,-5.03,-1.0,762,1152,-1933,0,0,6610,0.1082,-0.024,0.045,-0.055,-5.16,-0.87,763,1286,-4870,0,0
75.4,4,2845.1,419.19,-0.08,3057.94,91.6,0.23,-1.33,-0.1,1.0,0.0,1.0,2,6710,266.9,1.51,0.12,-2.93,-29.31,252,249,3542,0.0366,0.003,-0.002,-0.098,-6.62,0.58,740,-70,-3062,0,0,7042,0.1139,0.013,-0.002,-0.098,-5.99,-0.04,764,-134,-5546,0,0,2762,0.0308,-0.017,0.089,-0.011,-5.05,-0.99,814,1973,-1778,0,0,6691,0.108,-0.007,0.046,-0.054,-5.19,-0.85,806,2763,-4699,0,0
75.42,4,2845.7,419.6,-0.08,3057.64,91.8,0.32,-1.31,-0.1,1.0,0.0,1.0,2,6873,287.3,1.63,0.11,-2.93,-30.06,251,250,3474,0.0364,-0.012,-0.002,-0.098,-6.57,0.54,742,-67,-3006,0,0,6915,0.1135,-0.022,-0.002,-0.098,-5.97,-0.06,766,-125,-5457,0,0,2908,0.0312,0.021,0.115,0.015,-5.22,-0.81,790,2100,-1866,0,0,6821,0.1083,0.011,0.076,-0.024,-5.25,-0.78,784,3058,-4748,0,0
75.44,4,2846.2,420.02,-0.08,3057.34,92.0,0.41,-1.3,-0.1,0.0,0.0,1.0,2,6972,295.4,1.71,0.08,-2.92,-31.02,249,251,3407,0.036,-0.02,-0.002,-0.098,-6.67,0.64,743,-74,-2956,0,0,6828,0.113,-0.025,-0.002,-0.098,-5.97,-0.06,768,-139,-5401,0,0,3043,0.0319,0.037,0.075,-0.025,-5.2,-0.83,826,2389,-1827,0,0,7036,0.1089,0.032,0.026,-0.074,-5.36,-0.68,816,3539,-4792,0,0
75.46,4,2846.7,420.44,-0.08,3057.05,92.3,0.47,-1.28,-0.1,0.0,0.0,1.0,2,6819,205.4,1.64,0.05,-2.9,-32.03,248,252,3373,0.0356,-0.021,-0.003,-0.097,-6.61,0.58,745,-79,-2927,0,0,6677,0.1121,-0.043,-0.002,-0.098,-5.94,-0.09,771,-128,-5302,0,0,3162,0.033,0.054,0.103,0.003,-5.34,-0.69,826,2504,-1887,0,0,7151,0.1095,0.032,0.051,-0.049,-5.47,-0.56,814,3501,-4931,0,0
75.48,4,2847.2,420.86,-0.08,3056.76,92.4,0.32,-1.34,-0.1,0.0,0.0,1.0,2,6664,-81.5,1.29,0.02,-2.89,-31.86,247,253,3331,0.0351,-0.021,-0.002,-0.098,-6.68,0.65,746,-68,-2891,0,0,6663,0.1112,-0.046,-0.002,-0.098,-5.97,-0.07,772,-107,-5285,0,0,3153,0.0341,0.053,0.073,-0.027,-5.4,-0.63,766,1904,-2223,0,0,7251,0.1101,0.028,0.037,-0.063,-5.52,-0.52,763,2131,-5347,0,0
75.5,4,2847.7,421.29,-0.08,3056.47,92.4,0.01,-1.4,-0.1,0.0,0.0,1.0,2,6356,-67.1,0.93,0.02,-2.89,-30.71,247,253,3434,0.0348,-0.017,-0.001,-0.099,-6.64,0.61,747,-47,-2979,0,0,6828,0.1108,-0.02,-0.001,-0.099,-6.01,-0.02,772,-66,-5412,0,0,2961,0.0345,0.021,0.029,-0.071,-5.4,-0.63,740,355,-2369,0,0,7165,0.1104,0.018,0.009,-0.091,-5.45,-0.58,750,-694,-5408,0,0
75.52,4,2848.2,421.72,-0.08,3056.19,92.2,-0.13,-1.4,-0.1,1.0,0.0,1.0,2,6251,-67.4,0.69,0.03,-2.89,-29.78,247,252,3510,0.035,0.01,-0.001,-0.099,-6.62,0.59,746,-38,-3039,0,0,6973,0.111,0.013,-0.001,-0.099,-6.08,0.05,770,-79,-5519,0,0,2794,0.034,-0.025,-0.009,-0.091,-5.32,-0.71,779,325,-2229,0,0,6993,0.11,-0.021,-0.03,-0.07,-5.44,-0.59,785,-712,-5273,0,0
75.54,4,2848.7,422.15,-0.08,3055.92,92.1,-0.12,-1.39,-0.1,1.0,0.0,1.0,2,6408,122.7,0.68,0.05,-2.9,-29.13,248,251,3577,0.0353,0.014,-0.001,-0.099,-6.72,0.68,745,-39,-3098,0,0,7068,0.1115,0.023,-0.001,-0.099,-6.01,-0.03,768,-81,-5584,0,0,2711,0.0333,-0.034,0.037,-0.063,-5.16,-0.87,743,476,-2143,0,0,6861,0.1095,-0.025,0.015,-0.085,-5.3,-0.73,750,-299,-5172,0,0
75.56,4,2849.2,422.58,-0.08,3055.65,91.9,-0.12,-1.39,-0.1,1.0,0.0,1.0,2,6387,172.0,0.9,0.07,-2.9,-28.77,249,250,3646,0.0357,0.022,-0.001,-0.099,-6.59,0.55,743,-40,-3153,0,0,7153,0.1121,0.03,-0.001,-0.099,-5.97,-0.06,767,-89,-5641,0,0,2646,0.0325,-0.039,-0.01,-0.09,-5.12,-0.91,776,283,-2093,0,0,6718,0.1089,-0.03,-0.03,-0.07,-5.25,-0.78,782,-717,-5036,0,0
75.58,4,2849.8,423.02,-0.08,3055.38,91.8,-0.12,-1.38,-0.1,1.0,0.0,1.0,2,6447,204.9,1.16,0.1,-2.91,-28.54,250,249,3651,0.0361,0.02,-0.001,-0.099,-6.65,0.61,742,-41,-3157,0,0,7194,0.1127,0.032,-0.001,-0.099,-6.0,-0.04,765,-90,-5666,0,0,2622,0.0318,-0.038,0.036,-0.064,-5.07,-0.96,740,463,-2055,0,0,6648,0.1084,-0.026,0.015,-0.085,-5.29,-0.74,747,-286,-4992,0,0
75.6,4,2850.3,423.45,-0.08,3055.12,91.6,-0.09,-1.38,-0.1,1.0,0.0,1.0,2,6601,243.2,1.36,0.12,-2.92,-28.51,251,249,3670,0.0364,0.017,-0.001,-0.099,-6.59,0.55,741,-40,-3175,0,0,7224,0.1134,0.031,-0.002,-0.098,-5.96,-0.07,764,-87,-5690,0,0,2625,0.0311,-0.032,0.073,-0.027,-5.08,-0.96,763,1151,-1958,0,0,6606,0.1081,-0.017,0.045,-0.055,-5.16,-0.87,763,1284,-4877,0,0
75.62,4,2850.8,423.9,-0.08,3054.87,91.7,0.23,-1.34,-0.1,1.0,0.0,1.0,2,6717,266.7,1.51,0.12,-2.93,-29.28,251,249,3563,0.0366,0.008,-0.002,-0.098,-6.57,0.54,741,-68,-3085,0,0,7073,0.1136,0.013,-0.002,-0.098,-6.08,0.05,765,-131,-5587,0,0,2785,0.0309,-0.011,0.088,-0.012,-5.12,-0.92,814,1976,-1808,0,0,6714,0.108,-0.005,0.046,-0.054,-5.18,-0.85,807,2765,-4727,0,0
75.64,4,2851.3,424.34,-0.08,3054.62,91.9,0.32,-1.32,-0.1,1.0,0.0,1.0,2,6878,287.1,1.63,0.11,-2.93,-29.98,251,250,3475,0.0363,-0.013,-0.002,-0.098,-6.58,0.55,742,-70,-3012,0,0,6969,0.1134,-0.012,-0.002,-0.098,-6.03,0.0,767,-116,-5523,0,0,2904,0.0314,0.022,0.114,0.014,-5.14,-0.89,791,2093,-1865,0,0,6891,0.1084,0.024,0.076,-0.024,-5.23,-0.8,784,3072,-4793,0,0
75.66,4,2851.8,424.79,-0.08,3054.37,92.1,0.37,-1.31,-0.1,0.0,0.0,1.0,2,6812,301.5,1.71,0.09,-2.92,-30.74,250,251,3406,0.036,-0.017,-0.002,-0.098,-6.67,0.64,744,-74,-2955,0,0,6864,0.113,-0.019,-0.002,-0.098,-6.1,0.07,769,-122,-5448,0,0,3013,0.032,0.031,0.085,-0.015,-5.19,-0.84,836,2111,-1970,0,0,7056,0.109,0.029,0.044,-0.056,-5.29,-0.74,831,2754,-5008,0,0
75.68,4,2852.3,425.24,-0.08,3054.13,92.3,0.39,-1.32,-0.1,0.0,0.0,1.0,2,6769,207.3,1.64,0.06,-2.91,-31.29,249,252,3368,0.0356,-0.02,-0.003,-0.097,-6.61,0.58,745,-75,-2925,0,0,6738,0.1124,-0.032,-0.002,-0.098,-5.95,-0.08,771,-136,-5340,0,0,3107,0.0328,0.041,0.092,-0.008,-5.24,-0.79,819,2316,-1954,0,0,7160,0.1096,0.028,0.046,-0.054,-5.36,-0.67,810,3124,-5026,0,0
75.7,4,2852.8,425.69,-0.08,3053.89,92.5,0.31,-1.34,-0.1,0.0,0.0,1.0,2,6671,-81.6,1.29,0.04,-2.9,-31.2,248,253,3378,0.0352,-0.021,-0.002,-0.098,-6.63,0.6,746,-66,-2940,0,0,6741,0.1116,-0.039,-0.002,-0.098,-6.0,-0.03,772,-110,-5363,0,0,3083,0.0336,0.042,0.074,-0.026,-5.37,-0.66,767,1891,-2155,0,0,7196,0.11,0.023,0.038,-0.062,-5.38,-0.65,764,2208,-5250,0,0
75.72,4,2853.3,426.15,-0.08,3053.65,92.4,0.01,-1.39,-0.1,0.0,0.0,1.0,2,6355,-67.1,0.93,0.04,-2.9,-30.27,248,253,3477,0.035,-0.007,-0.001,-0.099,-6.71,0.68,747,-42,-3024,0,0,6870,0.1113,-0.016,-0.001,-0.099,-6.04,0.01,771,-67,-5463,0,0,2926,0.0339,0.016,0.03,-0.07,-5.25,-0.78,741,351,-2329,0,0,7087,0.1102,0.006,0.009,-0.091,-5.36,-0.67,750,-692,-5317,0,0
75.74,4,2853.8,426.61,-0.08,3053.43,92.2,-0.13,-1.39,-0.1,1.0,0.0,1.0,2,6251,-67.4,0.69,0.05,-2.9,-29.55,249,252,3542,0.0353,0.013,-0.001,-0.099,-6.69,0.65,746,-40,-3077,0,0,7018,0.1116,0.015,-0.001,-0.099,-6.0,-0.03,770,-92,-5562,0,0,2750,0.0334,-0.028,-0.009,-0.091,-5.18,-0.85,779,319,-2179,0,0,6904,0.1096,-0.026,-0.029,-0.071,-5.38,-0.65,785,-710,-5187,0,0
75.76,4,2854.4,427.07,-0.08,3053.2,92.1,-0.12,-1.39,-0.1,1.0,0.0,1.0,2,6408,122.7,0.68,0.07,-2.91,-29.09,250,251,3614,0.0356,0.015,-0.001,-0.099,-6.68,0.65,745,-37,-3137,0,0,7110,0.112,0.024,-0.001,-0.099,-6.11,0.08,768,-81,-5638,0,0,2677,0.0327,-0.035,0.037,-0.063,-5.21,-0.82,743,475,-2110,0,0,6769,0.1091,-0.026,0.015,-0.085,-5.24,-0.79,750,-295,-5078,0,0
75.78,4,2854.9,427.53,-0.08,3052.99,91.9,-0.12,-1.38,-0.1,1.0,0.0,1.0,2,6387,172.0,0.9,0.09,-2.91,-28.81,250,250,3645,0.036,0.022,-0.001,-0.099,-6.73,0.7,743,-38,-3166,0,0,7175,0.1126,0.029,-0.002,-0.098,-6.0,-0.03,767,-93,-5668,0,0,2654,0.032,-0.034,-0.01,-0.09,-5.12,-0.91,776,282,-2096,0,0,6696,0.1086,-0.027,-0.03,-0.07,-5.21,-0.82,782,-721,-5023,0,0
75.8,4,2855.4,427.99,-0.08,3052.77,91.8,-0.12,-1.38,-0.1,1.0,0.0,1.0,2,6448,204.9,1.16,0.11,-2.92,-28.66,251,250,3664,0.0364,0.019,-0.001,-0.099,-6.62,0.59,742,-41,-3175,0,0,7204,0.1132,0.03,-0.002,-0.098,-6.01,-0.02,765,-88,-5683,0,0,2625,0.0314,-0.03,0.036,-0.064,-5.05,-0.98,741,466,-2046,0,0,6615,0.1082,-0.02,0.015,-0.085,-5.15,-0.88,747,-282,-4953,0,0
75.82,4,2855.9,428.46,-0.08,3052.57,91.6,-0.09,-1.38,-0.1,1.0,0.0,1.0,2,6603,243.2,1.36,0.13,-2.93,-28.66,252,249,3645,0.0367,0.013,-0.001,-0.099,-6.62,0.58,741,-39,-3158,0,0,7246,0.1138,0.03,-0.002,-0.098,-6.0,-0.03,764,-97,-5722,0,0,2620,0.0308,-0.03,0.073,-0.027,-5.01,-1.02,763,1159,-1941,0,0,6621,0.1079,-0.013,0.045,-0.055,-5.14,-0.89,764,1287,-4878,0,0
75.84,4,2856.4,428.93,-0.08,3052.36,91.7,0.23,-1.34,-0.1,1.0,0.0,1.0,2,6716,266.8,1.51,0.13,-2.94,-29.44,252,249,3547,0.0367,0.002,-0.002,-0.098,-6.61,0.58,741,-68,-3079,0,0,7124,0.1142,0.02,-0.002,-0.098,-6.05,0.02,765,-129,-5638,0,0,2775,0.0306,-0.011,0.088,-0.012,-5.05,-0.98,814,1975,-1791,0,0,6777,0.1081,0.007,0.046,-0.054,-5.17,-0.86,806,2772,-4758,0,0
75.86,4,2856.9,429.4,-0.08,3052.16,91.9,0.32,-1.32,-0.1,0.83,0.0,1.0,2,6878,287.1,1.63,0.11,-2.95,-30.19,251,250,3461,0.0364,-0.014,-0.002,-0.098,-6.64,0.61,742,-72,-3005,0,0,7014,0.114,-0.009,-0.002,-0.098,-5.97,-0.06,767,-126,-5559,0,0,2899,0.031,0.021,0.114,0.014,-5.09,-0.94,791,2092,-1858,0,0,6956,0.1086,0.026,0.075,-0.025,-5.2,-0.83,784,3083,-4835,0,0
75.88,4,2857.4,429.87,-0.08,3051.97,92.1,0.37,-1.32,-0.1,0.0,0.0,1.0,2,6803,278.6,1.65,0.09,-2.94,-30.93,250,251,3427,0.0361,-0.017,-0.002,-0.098,-6.76,0.73,744,-79,-2979,0,0,6838,0.1135,-0.025,-0.002,-0.098,-6.03,0.0,769,-142,-5423,0,0,3055,0.0318,0.04,0.084,-0.016,-5.33,-0.7,836,2121,-2013,0,0,7085,0.1092,0.031,0.044,-0.056,-5.5,-0.53,831,2734,-5038,0,0
75.9,4,2857.9,430.35,-0.08,3051.78,92.3,0.36,-1.32,-0.1,0.0,0.0,1.0,2,6666,121.3,1.5,0.07,-2.93,-31.35,250,252,3381,0.0357,-0.02,-0.002,-0.098,-6.62,0.59,745,-69,-2941,0,0,6755,0.1128,-0.038,-0.002,-0.098,-6.12,0.08,770,-133,-5376,0,0,3075,0.0327,0.044,0.074,-0.026,-5.2,-0.83,804,2109,-2034,0,0,7152,0.1097,0.026,0.031,-0.069,-5.36,-0.67,798,2510,-5152,0,0
75.92,4,2858.4,430.83,-0.08,3051.6,92.4,0.19,-1.37,-0.1,0.0,0.0,1.0,2,6464,-73.9,1.12,0.05,-2.92,-30.86,249,253,3396,0.0353,-0.018,-0.002,-0.098,-6.63,0.6,746,-62,-2956,0,0,6766,0.1121,-0.033,-0.001,-0.099,-6.11,0.08,771,-101,-5377,0,0,3035,0.0333,0.032,0.007,-0.093,-5.21,-0.82,787,1181,-2309,0,0,7161,0.1101,0.017,-0.022,-0.078,-5.33,-0.71,790,583,-5379,0,0
75.94,4,2859.0,431.31,-0.08,3051.42,92.3,-0.01,-1.39,-0.1,1.0,0.0,1.0,2,6390,-67.3,0.82,0.05,-2.92,-29.98,248,252,3460,0.0352,-0.008,-0.001,-0.099,-6.71,0.68,746,-52,-3011,0,0,6919,0.1119,-0.012,-0.001,-0.099,-6.15,0.12,770,-71,-5509,0,0,2888,0.0334,0.006,0.032,-0.068,-5.39,-0.64,740,530,-2281,0,0,7093,0.1101,0.001,0.009,-0.091,-5.3,-0.73,748,-423,-5321,0,0
75.96,4,2859.5,431.79,-0.08,3051.24,92.1,-0.14,-1.39,-0.1,1.0,0.0,1.0,2,6375,121.8,0.77,0.06,-2.92,-29.25,249,251,3536,0.0353,0.005,0.001,-0.099,-7.05,1.02,745,-19,-3085,0,0,7025,0.1121,0.013,-0.002,-0.098,-6.07,0.04,768,-80,-5578,0,0,2757,0.033,-0.022,-0.009,-0.091,-5.11,-0.92,778,303,-2174,0,0,6944,0.1098,-0.015,-0.029,-0.071,-5.28,-0.75,785,-723,-5186,0,0
75.98,4,2860.0,432.27,-0.08,3051.07,92.0,-0.12,-1.38,-0.1,1.0,0.0,1.0,2,6454,172.7,0.97,0.08,-2.92,-28.79,250,251,3564,0.0356,0.015,-0.001,-0.099,-6.78,0.75,744,-43,-3098,0,0,7080,0.1125,0.019,-0.002,-0.098,-6.06,0.03,767,-85,-5612,0,0,2685,0.0324,-0.031,0.036,-0.064,-5.02,-1.01,742,473,-2098,0,0,6816,0.1093,-0.026,0.015,-0.085,-5.15,-0.88,749,-290,-5088,0,0
76.0,4,2860.5,432.75,-0.08,3050.91,91.8,-0.13,-1.38,-0.1,1.0,0.0,1.0,2,6395,214.6,1.21,0.1,-2.93,-28.51,250,250,3602,0.0358,0.012,-0.002,-0.098,-6.69,0.66,743,-39,-3131,0,0,7148,0.1129,0.022,-0.002,-0.098,-6.02,-0.01,766,-95,-5661,0,0,2641,0.0317,-0.033,-0.01,-0.09,-5.09,-0.94,775,280,-2073,0,0,6725,0.1088,-0.024,-0.03,-0.07,-5.1,-0.93,781,-733,-4984,0,0
76.02,4,2861.0,433.24,-0.08,3050.75,91.8,0.08,-1.36,-0.1,1.0,0.0,1.0,2,6663,246.6,1.4,0.1,-2.93,-28.87,251,250,3567,0.0361,0.013,-0.002,-0.098,-6.77,0.74,742,-54,-3104,0,0,7104,0.1134,0.023,-0.002,-0.098,-6.0,-0.03,765,-123,-5625,0,0,2707,0.0311,-0.027,0.076,-0.024,-4.98,-1.05,807,1698,-1852,0,0,6734,0.1085,-0.017,0.039,-0.061,-5.17,-0.86,802,2249,-4819,0,0
76.04,4,2861.5,433.73,-0.08,3050.6,92.0,0.29,-1.33,-0.1,1.0,0.0,1.0,2,6886,270.3,1.54,0.09,-2.94,-29.62,250,251,3475,0.036,-0.005,-0.003,-0.097,-6.66,0.63,743,-72,-3026,0,0,6996,0.1133,-0.006,-0.002,-0.098,-5.99,-0.04,767,-120,-5561,0,0,2873,0.0314,0.011,0.116,0.016,-5.0,-1.03,792,2099,-1823,0,0,6911,0.1086,0.009,0.076,-0.024,-5.15,-0.88,785,3143,-4784,0,0
76.06,4,2862.0,434.22,-0.08,3050.45,92.2,0.37,-1.31,-0.1,0.0,0.0,1.0,2,6809,289.2,1.65,0.08,-2.93,-30.48,249,252,3423,0.0356,-0.016,-0.003,-0.097,-6.68,0.65,744,-82,-2984,0,0,6845,0.1128,-0.021,-0.002,-0.098,-6.01,-0.03,769,-146,-5445,0,0,3005,0.032,0.031,0.083,-0.017,-5.07,-0.96,836,2108,-1959,0,0,7040,0.1092,0.027,0.043,-0.057,-5.29,-0.74,832,2740,-4979,0,0
76.08,4,2862.5,434.71,-0.08,3050.31,92.4,0.38,-1.31,-0.1,0.0,0.0,1.0,2,6757,201.2,1.59,0.05,-2.92,-31.1,249,253,3381,0.0353,-0.018,-0.003,-0.097,-6.74,0.71,745,-79,-2949,0,0,6737,0.1122,-0.034,-0.002,-0.098,-6.17,0.14,771,-127,-5377,0,0,3074,0.0328,0.041,0.089,-0.011,-5.25,-0.78,817,2272,-1939,0,0,7125,0.1097,0.024,0.044,-0.056,-5.25,-0.78,809,3037,-4988,0,0
76.1,4,2863.1,435.2,-0.08,3050.17,92.5,0.3,-1.34,-0.1,0.0,0.0,1.0,2,6675,-80.4,1.26,0.03,-2.91,-31.1,248,254,3374,0.035,-0.017,-0.002,-0.098,-6.68,0.65,747,-65,-2946,0,0,6733,0.1114,-0.038,-0.002,-0.098,-6.05,0.02,772,-127,-5380,0,0,3052,0.0335,0.037,0.074,-0.026,-5.28,-0.76,767,1890,-2113,0,0,7157,0.11,0.016,0.038,-0.062,-5.29,-0.74,764,2219,-5189,0,0
76.12,4,2863.6,435.7,-0.08,3050.03,92.5,0.01,-1.39,-0.1,0.0,0.0,1.0,2,6357,-67.1,0.91,0.03,-2.9,-30.21,248,253,3433,0.0348,-0.01,-0.001,-0.099,-6.89,0.86,747,-42,-3000,0,0,6867,0.1111,-0.018,-0.001,-0.099,-6.06,0.03,771,-79,-5485,0,0,2921,0.0338,0.014,0.029,-0.071,-5.25,-0.78,741,342,-2310,0,0,7112,0.1101,0.007,0.009,-0.091,-5.35,-0.68,750,-704,-5329,0,0
76.14,4,2864.1,436.2,-0.08,3049.91,92.3,-0.14,-1.4,-0.1,1.0,0.0,1.0,2,6254,-67.4,0.68,0.04,-2.9,-29.47,248,252,3543,0.035,0.01,-0.001,-0.099,-6.78,0.74,746,-37,-3092,0,0,6974,0.1113,0.012,-0.001,-0.099,-6.07,0.04,770,-87,-5557,0,0,2797,0.0335,-0.019,-0.01,-0.09,-5.16,-0.87,779,319,-2205,0,0,6935,0.1098,-0.016,-0.029,-0.071,-5.22,-0.82,785,-694,-5167,0,0
76.16,4,2864.6,436.69,-0.08,3049.78,92.1,-0.12,-1.39,-0.1,1.0,0.0,1.0,2,6411,122.7,0.67,0.06,-2.9,-29.03,249,251,3596,0.0353,0.019,-0.001,-0.099,-6.87,0.84,745,-33,-3138,0,0,7073,0.1117,0.02,-0.001,-0.099,-6.31,0.28,768,-76,-5647,0,0,2708,0.0328,-0.03,0.037,-0.063,-5.12,-0.91,743,479,-2113,0,0,6797,0.1092,-0.03,0.014,-0.086,-5.19,-0.85,750,-292,-5076,0,0
76.18,4,2865.1,437.19,-0.08,3049.67,92.0,-0.13,-1.38,-0.1,1.0,0.0,1.0,2,6391,172.0,0.89,0.08,-2.91,-28.83,250,251,3630,0.0357,0.02,-0.001,-0.099,-6.86,0.83,744,-41,-3160,0,0,7161,0.1123,0.031,-0.001,-0.099,-6.16,0.13,767,-86,-5697,0,0,2632,0.0321,-0.037,-0.01,-0.09,-5.02,-1.01,777,279,-2058,0,0,6691,0.1087,-0.025,-0.029,-0.071,-5.27,-0.76,783,-724,-4964,0,0
76.2,4,2865.6,437.69,-0.08,3049.55,91.8,-0.12,-1.38,-0.1,1.0,0.0,1.0,2,6451,203.7,1.15,0.11,-2.93,-28.76,251,250,3635,0.0361,0.017,-0.001,-0.099,-6.7,0.67,742,-40,-3162,0,0,7220,0.113,0.033,0.0,-0.1,-6.3,0.27,766,-62,-5746,0,0,2592,0.0313,-0.038,0.037,-0.063,-4.93,-1.1,741,471,-2006,0,0,6629,0.1083,-0.022,0.015,-0.085,-5.06,-0.97,748,-294,-4918,0,0
76.22,4,2866.1,438.18,-0.08,3049.45,91.7,-0.12,-1.37,-0.1,1.0,0.0,1.0,2,6556,243.0,1.35,0.13,-2.94,-28.78,251,249,3646,0.0363,0.014,-0.001,-0.099,-6.88,0.85,741,-37,-3173,0,0,7235,0.1136,0.031,-0.001,-0.099,-6.06,0.03,764,-96,-5741,0,0,2598,0.0307,-0.034,0.083,-0.017,-5.18,-0.85,771,921,-1964,0,0,6588,0.1079,-0.016,0.057,-0.043,-5.24,-0.79,774,805,-4863,0,0
76.24,4,2866.6,438.68,-0.08,3049.35,91.7,0.17,-1.35,-0.11,1.0,0.0,1.0,2,6692,267.0,1.51,0.13,-2.95,-29.45,251,249,3537,0.0364,0.005,0.001,-0.099,-7.13,1.1,741,-42,-3095,0,0,7137,0.114,0.019,-0.002,-0.098,-6.21,0.17,765,-112,-5687,0,0,2734,0.0303,-0.016,0.083,-0.017,-4.97,-1.06,811,1858,-1805,0,0,6726,0.1079,-0.002,0.043,-0.057,-5.09,-0.94,805,2540,-4764,0,0
76.26,4,2867.1,439.19,-0.08,3049.25,91.9,0.31,-1.32,-0.11,0.0,0.0,1.0,2,6879,286.6,1.62,0.12,-2.95,-30.28,251,250,3472,0.0362,-0.011,-0.003,-0.097,-6.75,0.72,742,-65,-3037,0,0,7009,0.1139,-0.005,-0.002,-0.098,-6.19,0.16,767,-123,-5587,0,0,2881,0.0307,0.018,0.115,0.015,-4.99,-1.04,791,2100,-1827,0,0,6893,0.1084,0.025,0.077,-0.023,-5.34,-0.7,784,3102,-4781,0,0
76.28,4,2867.7,439.69,-0.08,3049.16,92.1,0.37,-1.31,-0.1,0.0,0.0,1.0,2,6785,196.7,1.57,0.09,-2.94,-31.15,250,251,3411,0.0359,-0.018,-0.002,-0.098,-6.93,0.9,743,-54,-2991,0,0,6857,0.1135,-0.021,-0.002,-0.098,-6.09,0.06,769,-152,-5462,0,0,3004,0.0314,0.034,0.083,-0.017,-5.16,-0.87,836,2110,-1955,0,0,7032,0.109,0.031,0.044,-0.056,-5.46,-0.57,831,2732,-4992,0,0
76.3,4,2868.2,440.19,-0.08,3049.07,92.3,0.3,-1.34,-0.1,0.0,0.0,1.0,2,6649,-80.6,1.25,0.07,-2.94,-31.34,249,252,3389,0.0355,-0.018,-0.002,-0.098,-6.93,0.9,744,-65,-2971,0,0,6800,0.1128,-0.035,0.001,-0.099,-6.46,0.43,770,-83,-5452,0,0,3066,0.0323,0.046,0.044,-0.056,-5.2,-0.83,808,1918,-2116,0,0,7152,0.1096,0.029,0.005,-0.095,-5.28,-0.76,805,2206,-5187,0,0
76.32,4,2868.7,440.7,-0.08,3048.99,92.2,0.03,-1.38,-0.1,0.0,0.0,1.0,2,6272,-67.6,0.9,0.06,-2.93,-30.57,249,252,3438,0.0352,-0.013,-0.002,-0.098,-6.72,0.69,745,-47,-3009,0,0,6914,0.1124,-0.02,-0.002,-0.098,-6.07,0.04,770,-80,-5517,0,0,2922,0.0328,0.025,-0.018,-0.082,-5.26,-0.77,773,184,-2308,0,0,7122,0.11,0.018,-0.036,-0.064,-5.25,-0.78,782,-1133,-5279,0,0
76.34,4,2869.2,441.21,-0.08,3048.92,92.0,-0.14,-1.4,-0.1,1.0,0.0,1.0,2,6313,-66.8,0.67,0.07,-2.94,-29.87,249,251,3534,0.0354,0.007,-0.001,-0.099,-6.71,0.67,744,-37,-3087,0,0,7024,0.1126,0.009,-0.003,-0.097,-6.1,0.07,767,-99,-5600,0,0,2795,0.0325,-0.015,0.038,-0.062,-5.21,-0.82,743,523,-2192,0,0,6967,0.1097,-0.012,0.015,-0.085,-5.3,-0.73,750,-280,-5208,0,0
76.36,4,2869.7,441.71,-0.08,3048.85,91.9,-0.13,-1.39,-0.1,1.0,0.0,1.0,2,6321,122.2,0.67,0.08,-2.94,-29.39,249,250,3572,0.0356,0.012,0.0,-0.1,-6.94,0.91,743,-34,-3116,0,0,7103,0.1129,0.017,-0.002,-0.098,-6.18,0.15,766,-83,-5662,0,0,2711,0.032,-0.023,-0.01,-0.09,-5.04,-0.99,776,288,-2126,0,0,6865,0.1094,-0.019,-0.029,-0.071,-5.26,-0.77,782,-759,-5101,0,0
76.38,4,2870.2,442.22,-0.08,3048.78,91.7,-0.12,-1.39,-0.1,1.0,0.0,1.0,2,6437,172.9,0.89,0.1,-2.94,-29.1,250,249,3619,0.0359,0.014,-0.002,-0.098,-6.7,0.67,741,-51,-3154,0,0,7160,0.1134,0.022,-0.001,-0.099,-6.05,0.02,765,-77,-5690,0,0,2659,0.0315,-0.028,0.038,-0.062,-5.19,-0.84,740,486,-2069,0,0,6760,0.1089,-0.02,0.016,-0.084,-5.38,-0.65,747,-274,-5034,0,0
76.4,4,2870.7,442.72,-0.08,3048.72,91.6,-0.13,-1.38,-0.1,1.0,0.0,1.0,2,6373,202.7,1.15,0.12,-2.95,-28.93,251,249,3626,0.0362,0.014,-0.002,-0.098,-6.76,0.73,740,-43,-3159,0,0,7173,0.1138,0.021,-0.001,-0.099,-6.11,0.07,764,-100,-5683,0,0,2634,0.0309,-0.028,-0.009,-0.091,-5.18,-0.85,773,288,-2050,0,0,6674,0.1085,-0.021,-0.03,-0.07,-5.04,-0.99,779,-732,-4932,0,0
76.42,4,2871.2,443.23,-0.08,3048.67,91.6,0.07,-1.36,-0.1,1.0,0.0,1.0,2,6646,236.0,1.35,0.13,-2.95,-29.34,251,248,3576,0.0364,0.011,-0.003,-0.097,-6.74,0.71,739,-54,-3115,0,0,7133,0.1141,0.018,-0.003,-0.097,-6.08,0.05,763,-98,-5683,0,0,2690,0.0305,-0.023,0.041,-0.059,-5.13,-0.9,803,1503,-1901,0,0,6691,0.1082,-0.016,0.006,-0.094,-5.06,-0.97,801,1700,-4843,0,0
76.44,4,2871.7,443.73,-0.08,3048.62,91.7,0.29,-1.32,-0.1,1.0,0.0,1.0,2,6872,263.8,1.51,0.12,-2.95,-30.19,251,249,3485,0.0363,-0.007,-0.002,-0.098,-6.83,0.8,740,-64,-3040,0,0,7004,0.1141,-0.004,0.0,-0.1,-6.33,0.3,765,-102,-5585,0,0,2824,0.0306,0.006,0.119,0.019,-4.98,-1.05,791,2105,-1764,0,0,6819,0.1084,0.009,0.077,-0.023,-5.16,-0.87,783,3184,-4678,0,0
76.46,4,2872.2,444.24,-0.08,3048.58,91.9,0.37,-1.31,-0.1,0.0,0.0,1.0,2,6791,284.6,1.62,0.1,-2.95,-31.13,250,250,3420,0.036,-0.015,-0.002,-0.098,-6.82,0.79,742,-71,-2989,0,0,6875,0.1136,-0.024,-0.003,-0.097,-6.09,0.06,767,-155,-5484,0,0,2984,0.0312,0.031,0.084,-0.016,-5.16,-0.87,834,2108,-1937,0,0,6991,0.1088,0.022,0.044,-0.056,-5.17,-0.86,830,2744,-4949,0,0
76.48,4,2872.8,444.75,-0.08,3048.54,92.1,0.38,-1.31,-0.1,0.0,0.0,1.0,2,6735,199.2,1.57,0.07,-2.93,-31.75,249,251,3382,0.0356,-0.019,-0.002,-0.098,-6.86,0.83,743,-54,-2962,0,0,6763,0.1129,-0.036,-0.002,-0.098,-6.0,-0.03,769,-134,-5394,0,0,3077,0.0321,0.045,0.088,-0.012,-5.13,-0.9,815,2276,-1941,0,0,7107,0.1094,0.028,0.042,-0.058,-5.3,-0.73,806,2986,-5008,0,0
76.5,4,2873.3,445.27,-0.08,3048.5,92.3,0.3,-1.34,-0.1,0.0,0.0,1.0,2,6657,-79.7,1.25,0.05,-2.92,-31.72,248,252,3363,0.0352,-0.019,-0.002,-0.098,-6.81,0.78,744,-77,-2938,0,0,6707,0.1121,-0.039,-0.001,-0.099,-6.24,0.21,770,-67,-5357,0,0,3092,0.033,0.044,0.075,-0.025,-5.38,-0.65,765,1913,-2152,0,0,7160,0.1098,0.024,0.038,-0.062,-5.29,-0.74,762,2193,-5214,0,0
76.52,4,2873.8,445.78,-0.08,3048.48,92.2,0.01,-1.39,-0.1,0.0,0.0,1.0,2,6341,-67.0,0.9,0.04,-2.92,-30.79,248,252,3441,0.0349,-0.012,-0.002,-0.098,-6.67,0.64,744,-55,-3006,0,0,6849,0.1116,-0.026,-0.001,-0.099,-6.02,-0.01,770,-68,-5464,0,0,2936,0.0334,0.023,0.029,-0.071,-5.31,-0.72,739,357,-2329,0,0,7090,0.11,0.01,0.01,-0.09,-5.55,-0.49,748,-677,-5327,0,0
76.54,4,2874.3,446.29,-0.08,3048.45,92.0,-0.14,-1.4,-0.1,1.0,0.0,1.0,2,6235,-67.3,0.67,0.05,-2.92,-30.03,248,251,3521,0.0351,0.008,-0.001,-0.099,-6.79,0.76,744,-32,-3067,0,0,6987,0.1118,0.01,-0.002,-0.098,-6.09,0.06,768,-100,-5563,0,0,2792,0.0331,-0.019,-0.01,-0.09,-5.15,-0.88,777,321,-2213,0,0,6947,0.1097,-0.016,-0.03,-0.07,-5.24,-0.79,783,-751,-5193,0,0
76.56,4,2874.8,446.8,-0.08,3048.44,91.9,-0.12,-1.39,-0.1,1.0,0.0,1.0,2,6394,122.8,0.67,0.07,-2.92,-29.51,249,250,3563,0.0353,0.012,-0.001,-0.099,-6.71,0.68,743,-48,-3097,0,0,7101,0.1122,0.022,-0.001,-0.099,-6.19,0.16,766,-78,-5650,0,0,2680,0.0324,-0.032,0.04,-0.06,-5.1,-0.93,741,517,-2090,0,0,6827,0.1093,-0.022,0.014,-0.086,-5.18,-0.85,748,-314,-5103,0,0
76.58,4,2875.3,447.31,-0.08,3048.43,91.7,-0.13,-1.38,-0.1,1.0,0.0,1.0,2,6374,172.2,0.89,0.09,-2.93,-29.22,249,249,3612,0.0356,0.015,0.0,-0.1,-6.64,0.61,741,-30,-3141,0,0,7162,0.1127,0.028,-0.001,-0.099,-6.13,0.1,765,-73,-5682,0,0,2631,0.0317,-0.037,-0.01,-0.09,-4.99,-1.04,774,296,-2061,0,0,6716,0.1088,-0.025,-0.03,-0.07,-5.16,-0.88,781,-732,-4997,0,0
76.6,4,2875.8,447.82,-0.08,3048.42,91.6,-0.12,-1.38,-0.1,1.0,0.0,1.0,2,6431,203.5,1.15,0.11,-2.94,-29.05,250,249,3632,0.036,0.016,-0.001,-0.099,-6.85,0.82,740,-30,-3165,0,0,7209,0.1133,0.03,-0.001,-0.099,-6.22,0.19,763,-80,-5724,0,0,2608,0.031,-0.035,0.036,-0.064,-4.98,-1.05,738,470,-2037,0,0,6653,0.1084,-0.022,0.014,-0.086,-5.13,-0.9,745,-316,-4963,0,0
76.62,4,2876.3,448.32,-0.08,3048.42,91.4,-0.11,-1.38,-0.1,1.0,0.0,1.0,2,6539,242.9,1.35,0.13,-2.95,-29.04,251,248,3650,0.0363,0.018,-0.001,-0.099,-6.74,0.71,739,-58,-3167,0,0,7223,0.1139,0.03,-0.002,-0.098,-6.01,-0.03,762,-121,-5707,0,0,2611,0.0304,-0.029,0.082,-0.018,-5.1,-0.93,769,922,-1987,0,0,6598,0.108,-0.017,0.057,-0.043,-5.06,-0.97,772,797,-4868,0,0
76.64,4,2876.8,448.83,-0.08,3048.43,91.5,0.17,-1.35,-0.1,1.0,0.0,1.0,2,6676,267.2,1.51,0.13,-2.95,-29.63,251,248,3555,0.0365,0.008,0.0,-0.1,-6.92,0.88,739,-49,-3096,0,0,7104,0.1142,0.013,-0.002,-0.098,-6.17,0.13,763,-110,-5625,0,0,2754,0.0302,-0.01,0.083,-0.017,-5.01,-1.02,809,1872,-1817,0,0,6703,0.1079,-0.005,0.044,-0.056,-5.25,-0.78,803,2539,-4753,0,0
76.66,4,2877.3,449.34,-0.08,3048.44,91.7,0.31,-1.32,-0.1,0.0,0.0,1.0,2,6861,287.0,1.62,0.12,-2.95,-30.45,251,249,3480,0.0362,-0.011,-0.003,-0.097,-6.61,0.58,739,-72,-3028,0,0,6958,0.1139,-0.014,-0.003,-0.097,-5.96,-0.07,764,-70,-5526,0,0,2872,0.0306,0.019,0.117,0.017,-5.03,-1.0,789,2103,-1818,0,0,6811,0.1082,0.017,0.076,-0.024,-5.13,-0.9,782,3078,-4706,0,0
76.68,4,2877.9,449.85,-0.08,3048.45,91.9,0.37,-1.3,-0.1,0.0,0.0,1.0,2,6771,197.1,1.57,0.1,-2.94,-31.3,250,250,3401,0.0359,-0.018,-0.003,-0.097,-6.7,0.67,741,-83,-2963,0,0,6846,0.1134,-0.028,-0.001,-0.099,-5.95,-0.08,766,-141,-5444,0,0,2977,0.0312,0.031,0.085,-0.015,-5.1,-0.93,834,2110,-1927,0,0,6953,0.1087,0.021,0.044,-0.056,-5.37,-0.66,829,2720,-4946,0,0
76.7,4,2878.4,450.36,-0.08,3048.47,92.0,0.31,-1.33,-0.1,0.0,0.0,1.0,2,6637,-80.5,1.25,0.08,-2.93,-31.5,249,251,3370,0.0354,-0.023,-0.003,-0.097,-6.7,0.67,742,-45,-2942,0,0,6780,0.1127,-0.034,0.0,-0.1,-6.22,0.19,768,-95,-5403,0,0,3029,0.032,0.038,0.045,-0.055,-5.23,-0.8,807,1915,-2083,0,0,7053,0.1092,0.027,0.006,-0.094,-5.3,-0.73,803,2226,-5117,0,0
76.72,4,2878.9,450.87,-0.08,3048.5,92.0,0.04,-1.38,-0.1,0.0,0.0,1.0,2,6253,-67.5,0.9,0.07,-2.93,-30.69,248,251,3418,0.0351,-0.015,-0.001,-0.099,-6.6,0.56,743,-41,-2973,0,0,6884,0.1122,-0.024,-0.002,-0.098,-6.02,-0.01,768,-83,-5480,0,0,2927,0.0325,0.027,-0.016,-0.084,-5.55,-0.48,770,202,-2336,0,0,7056,0.1096,0.018,-0.037,-0.063,-5.28,-0.75,779,-1147,-5269,0,0
76.74,4,2879.4,451.38,-0.08,3048.53,91.8,-0.13,-1.4,-0.1,1.0,0.0,1.0,2,6292,-66.6,0.67,0.07,-2.93,-29.88,248,250,3510,0.0352,0.003,0.001,-0.099,-6.92,0.89,742,-31,-3059,0,0,7014,0.1124,0.009,-0.001,-0.099,-6.22,0.19,765,-93,-5576,0,0,2797,0.0323,-0.01,0.037,-0.063,-5.21,-0.82,740,515,-2199,0,0,6943,0.1094,-0.005,0.015,-0.085,-5.19,-0.84,748,-308,-5203,0,0
76.76,4,2879.9,451.89,-0.08,3048.56,91.7,-0.13,-1.39,-0.1,1.0,0.0,1.0,2,6304,122.3,0.67,0.09,-2.94,-29.37,248,249,3570,0.0355,0.013,-0.001,-0.099,-6.58,0.55,741,-54,-3097,0,0,7092,0.1128,0.019,-0.001,-0.099,-6.09,0.06,764,-81,-5616,0,0,2711,0.0318,-0.024,-0.011,-0.089,-5.07,-0.96,774,276,-2134,0,0,6817,0.1091,-0.018,-0.029,-0.071,-5.4,-0.63,780,-748,-5092,0,0
76.78,4,2880.4,452.4,-0.08,3048.61,91.5,-0.12,-1.38,-0.1,1.0,0.0,1.0,2,6417,173.2,0.89,0.1,-2.95,-29.0,249,248,3601,0.0357,0.014,-0.001,-0.099,-6.57,0.54,740,-43,-3120,0,0,7150,0.1132,0.022,0.0,-0.1,-6.21,0.17,763,-66,-5663,0,0,2668,0.0313,-0.027,0.036,-0.064,-4.98,-1.05,738,471,-2085,0,0,6741,0.1087,-0.019,0.016,-0.084,-5.41,-0.62,744,-273,-5055,0,0
76.8,4,2880.9,452.9,-0.08,3048.65,91.4,-0.13,-1.38,-0.1,1.0,0.0,1.0,2,6355,202.9,1.15,0.12,-2.95,-28.76,249,247,3612,0.036,0.013,0.0,-0.1,-6.78,0.75,739,-44,-3130,0,0,7205,0.1137,0.026,-0.003,-0.097,-6.01,-0.02,761,-99,-5705,0,0,2633,0.0307,-0.028,-0.01,-0.09,-5.09,-0.94,771,289,-2065,0,0,6699,0.1084,-0.015,-0.029,-0.071,-5.29,-0.74,777,-728,-4990,0,0
76.82,4,2881.4,453.41,-0.08,3048.71,91.3,0.07,-1.36,-0.1,1.0,0.0,1.0,2,6628,236.6,1.35,0.13,-2.96,-29.05,249,247,3562,0.0362,0.01,-0.001,-0.099,-6.54,0.51,737,-49,-3086,0,0,7134,0.1142,0.022,0.001,-0.099,-6.34,0.31,761,-71,-5648,0,0,2715,0.0303,-0.02,0.041,-0.059,-5.17,-0.86,800,1508,-1930,0,0,6736,0.1083,-0.008,0.006,-0.094,-5.12,-0.91,798,1709,-4905,0,0
76.84,4,2881.9,453.91,-0.08,3048.76,91.5,0.29,-1.32,-0.1,1.0,0.0,1.0,2,6852,264.4,1.51,0.11,-2.96,-29.8,249,248,3475,0.0361,-0.007,-0.001,-0.099,-6.77,0.73,739,-52,-3017,0,0,6985,0.114,-0.007,-0.002,-0.098,-6.06,0.02,763,-141,-5521,0,0,2866,0.0306,0.013,0.117,0.017,-5.13,-0.91,788,2119,-1803,0,0,6873,0.1085,0.012,0.079,-0.021,-5.4,-0.63,781,3185,-4751,0,0
76.86,4,2882.4,454.42,-0.08,3048.83,91.7,0.38,-1.31,-0.1,0.0,0.0,1.0,2,6769,285.3,1.62,0.09,-2.95,-30.6,248,249,3411,0.0357,-0.017,-0.002,-0.098,-6.72,0.68,740,-83,-2965,0,0,6840,0.1135,-0.027,0.0,-0.1,-6.16,0.13,765,-105,-5419,0,0,3007,0.0313,0.038,0.083,-0.017,-5.17,-0.86,831,2113,-1952,0,0,7030,0.1091,0.028,0.044,-0.056,-5.4,-0.63,827,2747,-4985,0,0
76.88,4,2882.9,454.92,-0.08,3048.9,91.9,0.38,-1.31,-0.1,0.0,0.0,1.0,2,6715,199.9,1.57,0.07,-2.93,-31.18,248,250,3384,0.0353,-0.02,0.001,-0.099,-6.95,0.92,741,-51,-2948,0,0,6735,0.1127,-0.037,-0.002,-0.098,-6.1,0.07,767,-137,-5344,0,0,3076,0.0322,0.043,0.088,-0.012,-5.11,-0.92,812,2272,-1939,0,0,7111,0.1096,0.026,0.042,-0.058,-5.26,-0.77,804,2994,-4975,0,0
76.9,4,2883.5,455.43,-0.08,3048.97,92.0,0.3,-1.34,-0.1,0.0,0.0,1.0,2,6638,-79.6,1.25,0.04,-2.92,-31.12,246,251,3369,0.035,-0.016,-0.003,-0.097,-6.63,0.6,743,-86,-2931,0,0,6728,0.1119,-0.041,-0.001,-0.099,-5.9,-0.13,768,-104,-5339,0,0,3078,0.033,0.043,0.076,-0.024,-5.41,-0.62,762,1905,-2131,0,0,7171,0.1099,0.017,0.04,-0.06,-5.56,-0.47,759,2230,-5223,0,0
76.92,4,2884.0,455.93,-0.08,3049.05,92.0,0.01,-1.38,-0.1,0.62,0.0,1.0,2,6321,-66.8,0.9,0.04,-2.92,-30.2,246,251,3439,0.0348,-0.012,0.003,-0.097,-7.0,0.97,743,-7,-2997,0,0,6851,0.1115,-0.021,-0.001,-0.099,-6.1,0.07,768,-61,-5446,0,0,2927,0.0334,0.02,0.03,-0.07,-5.31,-0.72,737,338,-2308,0,0,7098,0.1101,0.011,0.009,-0.091,-5.27,-0.77,747,-736,-5288,0,0
76.94,4,2884.5,456.44,-0.08,3049.13,91.8,-0.13,-1.39,-0.1,1.0,0.0,1.0,2,6324,122.2,0.83,0.05,-2.92,-29.46,246,250,3528,0.035,0.01,-0.003,-0.097,-6.6,0.56,741,-44,-3070,0,0,6965,0.1116,0.009,-0.001,-0.099,-6.08,0.05,766,-95,-5510,0,0,2789,0.033,-0.02,-0.009,-0.091,-5.19,-0.85,775,328,-2191,0,0,6919,0.1097,-0.021,-0.03,-0.07,-5.3,-0.73,781,-717,-5153,0,0
76.96,4,2885.0,456.94,-0.08,3049.22,91.7,-0.12,-1.38,-0.1,1.0,0.0,1.0,2,6428,176.0,1.01,0.07,-2.92,-28.99,247,249,3580,0.0353,0.016,-0.001,-0.099,-6.74,0.71,741,-36,-3105,0,0,7053,0.112,0.016,-0.002,-0.098,-5.94,-0.09,764,-83,-5568,0,0,2702,0.0325,-0.028,0.036,-0.064,-5.07,-0.96,739,469,-2105,0,0,6780,0.1092,-0.028,0.015,-0.085,-5.08,-0.95,746,-320,-5042,0,0
76.98,4,2885.5,457.44,-0.08,3049.32,91.5,-0.13,-1.37,-0.1,1.0,0.0,1.0,2,6376,221.9,1.25,0.09,-2.92,-28.75,248,248,3626,0.0356,0.018,-0.002,-0.098,-6.63,0.6,740,-50,-3142,0,0,7114,0.1124,0.022,0.004,-0.096,-6.41,0.38,763,1,-5641,0,0,2654,0.0318,-0.032,-0.011,-0.089,-4.93,-1.1,772,290,-2072,0,0,6662,0.1086,-0.028,-0.03,-0.07,-5.13,-0.9,779,-749,-4912,0,0
77.0,4,2886.0,457.94,-0.08,3049.42,91.5,0.08,-1.35,-0.1,1.0,0.0,1.0,2,6642,252.5,1.43,0.1,-2.93,-29.1,248,248,3561,0.0359,0.014,-0.003,-0.097,-6.57,0.54,739,-80,-3081,0,0,7091,0.1128,0.022,-0.002,-0.098,-6.04,0.01,763,-125,-5614,0,0,2707,0.0313,-0.026,0.076,-0.024,-4.96,-1.07,804,1721,-1833,0,0,6691,0.1082,-0.019,0.04,-0.06,-5.2,-0.83,799,2270,-4798,0,0
77.02,4,2886.5,458.43,-0.08,3049.52,91.7,0.3,-1.32,-0.1,1.0,0.0,1.0,2,6860,275.1,1.56,0.09,-2.92,-29.86,248,249,3482,0.0358,-0.007,-0.001,-0.099,-6.75,0.72,740,-64,-3023,0,0,6945,0.1128,-0.003,-0.003,-0.097,-5.91,-0.12,764,-147,-5495,0,0,2859,0.0314,0.006,0.115,0.015,-5.08,-0.95,789,2096,-1805,0,0,6814,0.1084,0.009,0.079,-0.021,-5.41,-0.62,782,3155,-4714,0,0
77.04,4,2887.0,458.93,-0.08,3049.63,91.9,0.37,-1.3,-0.1,0.0,0.0,1.0,2,6787,293.0,1.67,0.07,-2.92,-30.68,247,250,3413,0.0355,-0.016,-0.002,-0.098,-6.53,0.5,741,-70,-2966,0,0,6829,0.1123,-0.022,-0.003,-0.097,-6.02,-0.01,766,-130,-5419,0,0,2998,0.032,0.029,0.086,-0.014,-5.38,-0.66,833,2111,-1953,0,0,6981,0.1089,0.023,0.043,-0.057,-5.28,-0.75,829,2726,-4945,0,0
77.06,4,2887.5,459.43,-0.08,3049.75,92.1,0.38,-1.3,-0.1,0.0,0.0,1.0,2,6740,203.4,1.6,0.05,-2.91,-31.29,246,251,3369,0.0351,-0.018,0.0,-0.1,-6.85,0.82,743,-70,-2931,0,0,6720,0.1117,-0.033,-0.003,-0.097,-6.02,-0.02,768,-146,-5338,0,0,3074,0.0328,0.04,0.09,-0.01,-5.1,-0.93,815,2292,-1924,0,0,7078,0.1094,0.025,0.044,-0.056,-5.37,-0.66,807,3051,-4958,0,0
77.08,4,2888.1,459.93,-0.08,3049.87,92.2,0.3,-1.34,-0.1,0.0,0.0,1.0,2,6651,-80.5,1.27,0.03,-2.9,-31.25,246,252,3353,0.0347,-0.019,-0.002,-0.098,-6.72,0.69,744,-72,-2918,0,0,6716,0.111,-0.035,-0.003,-0.097,-5.99,-0.05,769,-69,-5350,0,0,3065,0.0336,0.039,0.076,-0.024,-5.38,-0.65,764,1907,-2115,0,0,7149,0.1098,0.023,0.038,-0.062,-5.24,-0.79,761,2200,-5183,0,0
77.1,4,2888.6,460.42,-0.08,3050.0,92.2,0.01,-1.38,-0.1,0.0,0.0,1.0,2,6332,-66.9,0.92,0.02,-2.89,-30.27,245,252,3425,0.0345,-0.011,-0.002,-0.098,-6.64,0.61,745,-55,-2978,0,0,6831,0.1106,-0.018,-0.001,-0.099,-5.98,-0.05,770,-80,-5408,0,0,2944,0.0339,0.017,0.029,-0.071,-5.31,-0.72,738,348,-2333,0,0,7096,0.11,0.01,0.008,-0.092,-5.23,-0.8,748,-731,-5303,0,0
77.12,4,2889.1,460.92,-0.08,3050.13,92.0,-0.13,-1.39,-0.1,1.0,0.0,1.0,2,6232,-67.2,0.68,0.03,-2.9,-29.5,246,251,3513,0.0347,0.01,-0.002,-0.098,-6.61,0.58,743,-55,-3048,0,0,6959,0.1109,0.012,-0.003,-0.097,-5.97,-0.06,767,-113,-5501,0,0,2795,0.0335,-0.02,-0.006,-0.094,-5.01,-1.02,776,367,-2197,0,0,6928,0.1097,-0.018,-0.027,-0.073,-5.47,-0.56,783,-684,-5175,0,0
77.14,4,2889.6,461.41,-0.08,3050.27,91.9,-0.12,-1.38,-0.1,1.0,0.0,1.0,2,6386,122.9,0.67,0.05,-2.9,-28.96,246,250,3571,0.035,0.014,-0.002,-0.098,-6.73,0.7,742,-15,-3109,0,0,7060,0.1113,0.022,-0.002,-0.098,-5.98,-0.05,766,-86,-5583,0,0,2705,0.0329,-0.032,0.036,-0.064,-5.05,-0.99,741,480,-2111,0,0,6799,0.1092,-0.024,0.014,-0.086,-5.19,-0.84,748,-322,-5073,0,0
77.16,4,2890.1,461.9,-0.08,3050.41,91.7,-0.12,-1.37,-0.1,1.0,0.0,1.0,2,6364,172.3,0.89,0.07,-2.91,-28.65,247,249,3600,0.0353,0.017,0.003,-0.097,-6.97,0.94,741,-12,-3128,0,0,7110,0.1118,0.026,0.0,-0.1,-6.2,0.17,764,-39,-5624,0,0,2656,0.0322,-0.034,-0.01,-0.09,-5.16,-0.87,773,283,-2084,0,0,6696,0.1087,-0.025,-0.031,-0.069,-5.18,-0.85,780,-751,-4959,0,0
77.18,4,2890.6,462.39,-0.08,3050.55,91.6,-0.12,-1.37,-0.1,1.0,0.0,1.0,2,6428,204.3,1.16,0.09,-2.92,-28.5,248,248,3623,0.0357,0.018,-0.001,-0.099,-6.8,0.77,740,-51,-3143,0,0,7178,0.1124,0.029,-0.002,-0.098,-5.96,-0.07,763,-108,-5676,0,0,2619,0.0315,-0.034,0.036,-0.064,-4.86,-1.17,738,483,-2025,0,0,6626,0.1082,-0.023,0.014,-0.086,-5.07,-0.96,745,-287,-4907,0,0
77.2,4,2891.1,462.87,-0.08,3050.71,91.4,-0.11,-1.37,-0.1,1.0,0.0,1.0,2,6532,243.6,1.36,0.11,-2.93,-28.48,248,248,3632,0.036,0.016,-0.002,-0.098,-6.7,0.67,739,-59,-3148,0,0,7205,0.113,0.031,-0.002,-0.098,-6.08,0.05,761,-105,-5683,0,0,2615,0.0309,-0.032,0.08,-0.02,-4.87,-1.16,768,923,-1965,0,0,6587,0.1079,-0.016,0.057,-0.043,-5.2,-0.83,771,821,-4846,0,0
77.22,4,2891.6,463.35,-0.08,3050.86,91.5,0.2,-1.33,-0.1,1.0,0.0,1.0,2,6708,266.4,1.51,0.11,-2.93,-29.23,248,248,3531,0.0361,0.007,-0.003,-0.097,-6.63,0.6,738,-62,-3064,0,0,7087,0.1134,0.019,-0.003,-0.097,-5.92,-0.11,762,-154,-5604,0,0,2770,0.0306,-0.014,0.09,-0.01,-4.97,-1.06,813,1998,-1768,0,0,6720,0.1079,-0.002,0.049,-0.051,-5.2,-0.83,805,2882,-4686,0,0
77.24,4,2892.1,463.84,-0.08,3051.02,91.7,0.32,-1.31,-0.1,1.0,0.0,1.0,2,6850,287.7,1.62,0.1,-2.93,-30.03,248,249,3456,0.0359,-0.013,-0.002,-0.098,-6.55,0.52,740,-55,-3004,0,0,6951,0.1132,-0.011,-0.003,-0.097,-5.92,-0.12,764,-161,-5506,0,0,2909,0.0311,0.024,0.113,0.013,-4.93,-1.11,787,2108,-1848,0,0,6886,0.1084,0.026,0.075,-0.025,-5.04,-0.99,781,3070,-4745,0,0
77.26,4,2892.6,464.32,-0.08,3051.19,91.9,0.4,-1.3,-0.1,0.0,0.0,1.0,2,6947,296.0,1.71,0.08,-2.92,-31.0,247,250,3397,0.0355,-0.016,-0.004,-0.096,-6.61,0.58,741,-90,-2960,0,0,6795,0.1126,-0.027,-0.002,-0.098,-6.06,0.03,767,-122,-5398,0,0,3055,0.0319,0.039,0.073,-0.027,-4.99,-1.04,823,2406,-1816,0,0,7035,0.1089,0.029,0.026,-0.074,-5.4,-0.64,813,3519,-4769,0,0
77.28,4,2893.1,464.8,-0.08,3051.36,92.1,0.47,-1.28,-0.1,0.0,0.0,1.0,2,6796,206.1,1.64,0.04,-2.91,-32.04,246,252,3358,0.0351,-0.02,-0.001,-0.099,-6.54,0.51,743,-53,-2927,0,0,6648,0.1117,-0.044,-0.002,-0.098,-6.03,-0.01,769,-134,-5289,0,0,3176,0.0329,0.054,0.103,0.003,-5.11,-0.92,823,2525,-1876,0,0,7154,0.1095,0.03,0.049,-0.051,-5.33,-0.7,811,3470,-4906,0,0
77.3,4,2893.7,465.28,-0.08,3051.54,92.3,0.32,-1.34,-0.1,0.0,0.0,1.0,2,6645,-81.3,1.29,0.02,-2.89,-31.96,245,252,3352,0.0348,-0.02,-0.004,-0.096,-6.68,0.65,744,-85,-2913,0,0,6635,0.1108,-0.048,0.007,-0.093,-6.53,0.5,770,0,-5320,0,0,3147,0.034,0.052,0.077,-0.023,-5.16,-0.87,763,1936,-2197,0,0,7195,0.11,0.024,0.036,-0.064,-5.43,-0.61,761,2095,-5259,0,0
77.32,4,2894.2,465.76,-0.08,3051.72,92.2,0.01,-1.39,-0.1,0.0,0.0,1.0,2,6337,-66.9,0.93,0.01,-2.89,-30.85,245,252,3414,0.0345,-0.013,-0.002,-0.098,-6.62,0.59,745,-60,-2967,0,0,6796,0.1104,-0.022,0.003,-0.097,-6.3,0.27,770,21,-5431,0,0,2972,0.0344,0.02,0.029,-0.071,-5.28,-0.75,739,358,-2363,0,0,7141,0.1103,0.012,0.011,-0.089,-5.57,-0.46,748,-671,-5356,0,0
77.34,4,2894.7,466.24,-0.08,3051.91,92.1,-0.13,-1.4,-0.1,1.0,0.0,1.0,2,6234,-67.2,0.69,0.02,-2.89,-29.98,245,251,3503,0.0346,0.008,0.001,-0.099,-6.9,0.87,743,-2,-3057,0,0,6942,0.1106,0.012,0.0,-0.1,-5.92,-0.11,767,-63,-5505,0,0,2806,0.0339,-0.022,-0.011,-0.089,-5.12,-0.91,777,315,-2213,0,0,6968,0.1099,-0.018,-0.03,-0.07,-5.35,-0.68,784,-767,-5219,0,0
77.36,4,2895.2,466.71,-0.08,3052.1,91.9,-0.12,-1.39,-0.1,1.0,0.0,1.0,2,6396,122.8,0.68,0.04,-2.89,-29.4,246,250,3560,0.0349,0.015,0.0,-0.1,-6.55,0.52,743,-10,-3085,0,0,7039,0.111,0.022,0.001,-0.099,-6.24,0.2,766,-73,-5592,0,0,2706,0.0333,-0.034,0.035,-0.065,-5.05,-0.98,741,472,-2124,0,0,6819,0.1094,-0.027,0.015,-0.085,-5.4,-0.63,748,-303,-5123,0,0
77.38,4,2895.7,467.18,-0.08,3052.3,91.8,-0.13,-1.38,-0.1,1.0,0.0,1.0,2,6368,172.2,0.9,0.07,-2.9,-29.05,247,250,3597,0.0353,0.016,0.001,-0.099,-6.54,0.51,741,-49,-3117,0,0,7116,0.1116,0.028,-0.003,-0.097,-5.98,-0.05,764,-125,-5645,0,0,2645,0.0325,-0.038,-0.011,-0.089,-5.16,-0.87,774,302,-2091,0,0,6711,0.1088,-0.027,-0.031,-0.069,-5.14,-0.89,780,-784,-5003,0,0
77.4,4,2896.2,467.65,-0.08,3052.5,91.6,-0.12,-1.38,-0.1,1.0,0.0,1.0,2,6431,205.1,1.16,0.09,-2.91,-28.82,248,249,3617,0.0356,0.017,-0.003,-0.097,-6.62,0.59,740,-51,-3138,0,0,7163,0.1122,0.031,-0.001,-0.099,-6.08,0.05,764,-92,-5663,0,0,2614,0.0317,-0.038,0.037,-0.063,-5.17,-0.86,738,487,-2048,0,0,6632,0.1083,-0.024,0.014,-0.086,-5.07,-0.96,745,-239,-4935,0,0
77.42,4,2896.7,468.11,-0.08,3052.7,91.5,-0.11,-1.37,-0.1,1.0,0.0,1.0,2,6535,244.2,1.36,0.11,-2.92,-28.75,249,248,3625,0.0359,0.016,-0.002,-0.098,-6.63,0.6,739,-51,-3142,0,0,7195,0.1128,0.03,0.001,-0.099,-6.22,0.19,762,-60,-5678,0,0,2606,0.0311,-0.033,0.08,-0.02,-5.0,-1.03,769,905,-1970,0,0,6586,0.108,-0.019,0.057,-0.043,-5.21,-0.82,772,767,-4898,0,0
77.44,4,2897.2,468.58,-0.08,3052.92,91.5,0.18,-1.34,-0.1,1.0,0.0,1.0,2,6679,268.0,1.51,0.11,-2.93,-29.34,249,248,3530,0.036,0.006,0.003,-0.097,-6.5,0.47,738,-33,-3058,0,0,7084,0.1132,0.02,-0.003,-0.097,-6.04,0.01,763,-160,-5601,0,0,2740,0.0307,-0.018,0.086,-0.014,-4.88,-1.15,809,1885,-1795,0,0,6691,0.1079,-0.004,0.046,-0.054,-5.3,-0.73,803,2584,-4735,0,0
77.46,4,2897.7,469.04,-0.08,3053.13,91.7,0.31,-1.32,-0.1,1.0,0.0,1.0,2,6860,287.7,1.63,0.1,-2.93,-30.06,248,249,3438,0.0358,-0.013,-0.003,-0.097,-6.61,0.57,740,-76,-2986,0,0,6961,0.113,-0.008,-0.003,-0.097,-5.98,-0.05,765,-128,-5497,0,0,2888,0.0311,0.018,0.114,0.014,-4.97,-1.06,789,2109,-1824,0,0,6879,0.1083,0.023,0.075,-0.025,-5.11,-0.92,782,3089,-4771,0,0
77.48,4,2898.3,469.5,-0.08,3053.35,91.9,0.41,-1.29,-0.1,0.0,0.0,1.0,2,6957,295.9,1.71,0.08,-2.92,-31.1,248,250,3399,0.0354,-0.018,-0.004,-0.096,-6.62,0.59,741,-87,-2959,0,0,6783,0.1125,-0.025,-0.002,-0.098,-6.16,0.13,766,-60,-5404,0,0,3034,0.0317,0.033,0.075,-0.025,-5.2,-0.83,824,2382,-1820,0,0,6985,0.1088,0.026,0.026,-0.074,-5.35,-0.68,815,3502,-4740,0,0
77.5,4,2898.8,469.96,-0.08,3053.58,92.2,0.47,-1.28,-0.1,0.0,0.0,1.0,2,6804,205.9,1.64,0.04,-2.91,-32.17,247,252,3343,0.035,-0.019,0.004,-0.096,-6.5,0.47,743,-40,-2907,0,0,6652,0.1116,-0.045,-0.002,-0.098,-5.93,-0.1,770,-135,-5285,0,0,3147,0.0328,0.054,0.106,0.006,-5.52,-0.51,824,2512,-1860,0,0,7118,0.1094,0.028,0.052,-0.048,-5.26,-0.77,812,3543,-4877,0,0
77.52,4,2899.3,470.42,-0.08,3053.81,92.4,0.32,-1.34,-0.1,0.0,0.0,1.0,2,6650,-81.4,1.29,0.02,-2.89,-32.05,246,253,3322,0.0346,-0.022,-0.002,-0.098,-6.82,0.78,744,-41,-2904,0,0,6665,0.1107,-0.046,-0.004,-0.096,-5.96,-0.07,770,-155,-5322,0,0,3118,0.0338,0.05,0.072,-0.028,-5.29,-0.74,764,1901,-2181,0,0,7198,0.1099,0.026,0.041,-0.059,-5.3,-0.74,762,2177,-5277,0,0
77.54,4,2899.8,470.87,-0.08,3054.05,92.3,0.01,-1.39,-0.1,0.0,0.0,1.0,2,6342,-67.0,0.93,0.01,-2.89,-30.99,246,252,3401,0.0343,-0.014,-0.002,-0.098,-6.8,0.77,744,-66,-2967,0,0,6806,0.1103,-0.019,-0.002,-0.098,-6.11,0.08,769,-3,-5430,0,0,2950,0.0341,0.016,0.028,-0.072,-5.22,-0.81,739,356,-2353,0,0,7118,0.1101,0.012,0.008,-0.092,-5.44,-0.59,748,-695,-5372,0,0
77.56,4,2900.3,471.32,-0.08,3054.29,92.1,-0.14,-1.4,-0.1,0.92,0.0,1.0,2,6241,-67.3,0.69,0.03,-2.9,-30.09,246,251,3491,0.0345,0.008,-0.003,-0.097,-6.76,0.73,743,-31,-3036,0,0,6952,0.1106,0.013,-0.002,-0.098,-6.1,0.07,768,-67,-5536,0,0,2790,0.0337,-0.023,-0.01,-0.09,-5.17,-0.86,777,328,-2218,0,0,6953,0.1098,-0.018,-0.03,-0.07,-5.44,-0.59,784,-703,-5246,0,0
77.58,4,2900.8,471.77,-0.08,3054.53,92.0,-0.12,-1.39,-0.1,1.0,0.0,1.0,2,6396,122.8,0.68,0.04,-2.9,-29.5,247,251,3551,0.0348,0.014,0.003,-0.097,-6.5,0.47,743,-18,-3080,0,0,7049,0.1111,0.023,0.002,-0.098,-6.29,0.26,766,-26,-5594,0,0,2690,0.033,-0.035,0.039,-0.061,-5.34,-0.69,742,488,-2124,0,0,6808,0.1093,-0.025,0.014,-0.086,-5.29,-0.75,748,-311,-5137,0,0
77.6,4,2901.3,472.21,-0.08,3054.78,91.8,-0.12,-1.38,-0.1,1.0,0.0,1.0,2,6372,172.2,0.9,0.07,-2.91,-29.13,248,250,3586,0.0351,0.016,0.002,-0.098,-6.9,0.87,742,-15,-3117,0,0,7115,0.1116,0.028,-0.002,-0.098,-6.09,0.06,765,-85,-5643,0,0,2636,0.0322,-0.038,-0.011,-0.089,-5.19,-0.84,774,273,-2088,0,0,6700,0.1087,-0.027,-0.031,-0.069,-5.32,-0.71,781,-743,-5022,0,0
77.62,4,2901.8,472.66,-0.08,3055.03,91.7,-0.12,-1.38,-0.1,1.0,0.0,1.0,2,6430,205.1,1.16,0.09,-2.92,-28.9,249,249,3606,0.0354,0.017,0.004,-0.096,-6.49,0.46,740,-2,-3126,0,0,7167,0.1122,0.03,-0.003,-0.097,-6.08,0.05,763,-142,-5672,0,0,2608,0.0315,-0.036,0.035,-0.065,-5.07,-0.96,738,458,-2048,0,0,6631,0.1083,-0.023,0.014,-0.086,-5.11,-0.93,745,-299,-4946,0,0
77.64,4,2902.3,473.09,-0.08,3055.29,91.5,-0.11,-1.37,-0.1,1.0,0.0,1.0,2,6544,244.1,1.36,0.11,-2.93,-28.79,249,248,3616,0.0357,0.016,-0.002,-0.098,-6.55,0.52,739,-36,-3137,0,0,7205,0.1128,0.031,-0.002,-0.098,-6.13,0.1,762,-80,-5703,0,0,2597,0.0308,-0.034,0.082,-0.018,-5.13,-0.9,770,914,-1980,0,0,6586,0.1079,-0.018,0.059,-0.041,-5.05,-0.98,773,813,-4873,0,0
77.66,4,2902.8,473.53,-0.08,3055.55,91.6,0.2,-1.34,-0.1,1.0,0.0,1.0,2,6724,266.5,1.51,0.11,-2.94,-29.5,250,249,3519,0.0359,0.007,-0.003,-0.097,-6.69,0.66,739,-75,-3052,0,0,7080,0.1132,0.02,-0.003,-0.097,-5.98,-0.05,763,-125,-5608,0,0,2744,0.0305,-0.018,0.091,-0.009,-5.1,-0.93,815,1968,-1772,0,0,6696,0.1078,-0.004,0.052,-0.048,-5.05,-0.98,807,2898,-4677,0,0
77.68,4,2903.4,473.96,-0.08,3055.82,91.8,0.32,-1.32,-0.1,0.61,0.0,1.0,2,6864,287.6,1.63,0.1,-2.94,-30.27,249,249,3444,0.0356,-0.012,-0.004,-0.096,-6.63,0.59,740,-88,-2994,0,0,6939,0.113,-0.012,-0.002,-0.098,-6.14,0.11,764,-106,-5514,0,0,2897,0.0309,0.021,0.115,0.015,-5.03,-1.0,789,2098,-1861,0,0,6855,0.1083,0.021,0.075,-0.025,-5.26,-0.77,782,3082,-4778,0,0
77.7,4,2903.9,474.4,-0.08,3056.09,92.0,0.37,-1.31,-0.1,0.0,0.0,1.0,2,6778,228.1,1.59,0.08,-2.93,-31.04,249,251,3385,0.0353,-0.017,-0.004,-0.096,-6.61,0.58,741,-76,-2944,0,0,6808,0.1125,-0.026,-0.002,-0.098,-5.9,-0.13,767,-148,-5400,0,0,3004,0.0316,0.036,0.087,-0.013,-5.45,-0.59,834,2112,-1965,0,0,6983,0.1088,0.027,0.043,-0.057,-5.28,-0.75,830,2722,-4956,0,0
77.72,4,2904.4,474.83,-0.08,3056.37,92.2,0.37,-1.31,-0.1,0.0,0.0,1.0,2,6754,-12.7,1.33,0.05,-2.92,-31.49,248,252,3343,0.0349,-0.019,-0.002,-0.098,-6.76,0.73,743,-63,-2918,0,0,6723,0.1118,-0.035,-0.003,-0.097,-6.09,0.06,769,-143,-5343,0,0,3082,0.0324,0.042,0.055,-0.045,-5.35,-0.68,813,2134,-2042,0,0,7106,0.1093,0.026,0.013,-0.087,-5.3,-0.73,808,2704,-5090,0,0
77.74,4,2904.9,475.26,-0.08,3056.65,92.3,0.26,-1.35,-0.1,0.0,0.0,1.0,2,6563,-68.5,0.96,0.03,-2.91,-31.19,247,252,3339,0.0345,-0.02,-0.001,-0.099,-6.54,0.5,744,-15,-2916,0,0,6737,0.1111,-0.034,-0.002,-0.098,-5.94,-0.09,770,-125,-5378,0,0,3049,0.0332,0.039,0.076,-0.024,-5.29,-0.74,768,1562,-2243,0,0,7165,0.1098,0.025,0.046,-0.054,-5.34,-0.69,770,1510,-5332,0,0
77.76,4,2905.4,475.68,-0.08,3056.94,92.2,-0.07,-1.39,-0.1,0.5,0.0,1.0,2,6233,-67.3,0.71,0.03,-2.91,-30.16,247,252,3438,0.0343,-0.008,0.001,-0.099,-6.88,0.85,744,-15,-3000,0,0,6882,0.1109,-0.011,-0.002,-0.098,-6.07,0.04,769,-91,-5478,0,0,2881,0.0334,0.009,-0.011,-0.089,-5.11,-0.92,777,168,-2296,0,0,7049,0.1099,0.005,-0.031,-0.069,-5.34,-0.69,784,-1017,-5271,0,0
77.78,4,2905.9,476.1,-0.08,3057.23,92.0,-0.12,-1.39,-0.1,1.0,0.0,1.0,2,6412,122.0,0.7,0.04,-2.91,-29.42,247,251,3509,0.0346,0.011,-0.002,-0.098,-6.58,0.55,743,-40,-3058,0,0,6994,0.1112,0.016,0.002,-0.098,-5.9,-0.13,767,-55,-5550,0,0,2756,0.0329,-0.025,0.035,-0.065,-5.17,-0.86,741,491,-2181,0,0,6901,0.1095,-0.02,0.012,-0.088,-5.34,-0.69,748,-293,-5199,0,0
77.8,4,2906.4,476.52,-0.08,3057.53,91.9,-0.13,-1.39,-0.1,1.0,0.0,1.0,2,6376,172.1,0.91,0.06,-2.92,-28.93,248,250,3559,0.0348,0.014,-0.002,-0.098,-6.75,0.72,742,-32,-3097,0,0,7073,0.1116,0.022,-0.002,-0.098,-5.95,-0.08,765,-64,-5610,0,0,2679,0.0323,-0.031,-0.009,-0.091,-5.26,-0.77,775,276,-2124,0,0,6775,0.1091,-0.024,-0.03,-0.07,-5.36,-0.67,780,-669,-5100,0,0
77.82,4,2906.9,476.93,-0.08,3057.82,91.7,-0.12,-1.38,-0.1,1.0,0.0,1.0,2,6436,206.5,1.17,0.08,-2.93,-28.62,248,249,3591,0.0352,0.016,-0.002,-0.098,-6.77,0.74,741,-32,-3117,0,0,7132,0.1122,0.026,-0.002,-0.098,-6.16,0.13,763,-116,-5657,0,0,2634,0.0316,-0.033,0.037,-0.063,-5.23,-0.8,739,466,-2065,0,0,6681,0.1086,-0.024,0.014,-0.086,-5.23,-0.81,746,-347,-4980,0,0
77.84,4,2907.4,477.34,-0.08,3058.13,91.6,-0.11,-1.38,-0.1,1.0,0.0,1.0,2,6542,245.2,1.36,0.1,-2.93,-28.46,249,248,3604,0.0355,0.016,0.001,-0.099,-6.94,0.91,739,-35,-3147,0,0,7174,0.1127,0.028,-0.002,-0.098,-5.93,-0.1,762,-89,-5677,0,0,2611,0.031,-0.032,0.083,-0.017,-5.21,-0.83,769,920,-1984,0,0,6621,0.1082,-0.021,0.059,-0.041,-5.0,-1.03,772,821,-4904,0,0
77.86,4,2908.0,477.74,-0.08,3058.43,91.6,0.2,-1.34,-0.1,1.0,0.0,1.0,2,6723,267.3,1.51,0.1,-2.94,-29.18,249,249,3516,0.0356,0.007,-0.003,-0.097,-6.59,0.56,740,-56,-3061,0,0,7053,0.1131,0.018,-0.003,-0.097,-6.14,0.11,763,-126,-5603,0,0,2748,0.0306,-0.018,0.094,-0.006,-5.24,-0.79,815,1977,-1766,0,0,6702,0.108,-0.008,0.049,-0.051,-5.21,-0.82,807,2854,-4694,0,0
77.88,4,2908.5,478.15,-0.08,3058.74,91.8,0.32,-1.31,-0.1,1.0,0.0,1.0,2,6864,288.2,1.63,0.09,-2.94,-29.96,249,250,3440,0.0354,-0.011,-0.004,-0.096,-6.69,0.66,740,-69,-2997,0,0,6919,0.1128,-0.014,-0.002,-0.098,-6.15,0.12,765,-134,-5510,0,0,2893,0.031,0.021,0.118,0.018,-4.91,-1.13,789,2117,-1835,0,0,6854,0.1084,0.018,0.076,-0.024,-5.1,-0.93,782,3075,-4762,0,0
77.9,4,2909.0,478.55,-0.08,3059.06,92.0,0.37,-1.31,-0.1,0.0,0.0,1.0,2,6798,302.6,1.72,0.07,-2.93,-30.74,248,251,3383,0.0351,-0.017,-0.003,-0.097,-6.61,0.58,742,-81,-2950,0,0,6795,0.1123,-0.026,-0.003,-0.097,-6.04,0.01,767,-151,-5393,0,0,3010,0.0317,0.033,0.085,-0.015,-5.3,-0.73,834,2116,-1966,0,0,6984,0.1088,0.024,0.047,-0.053,-5.51,-0.52,830,2754,-4968,0,0
77.92,4,2909.5,478.95,-0.08,3059.38,92.2,0.39,-1.31,-0.1,0.0,0.0,1.0,2,6758,208.0,1.64,0.05,-2.92,-31.32,247,252,3347,0.0347,-0.019,-0.002,-0.098,-6.86,0.83,743,-68,-2925,0,0,6707,0.1116,-0.034,-0.003,-0.097,-5.97,-0.06,768,-109,-5319,0,0,3086,0.0325,0.043,0.093,-0.007,-5.12,-0.91,818,2312,-1929,0,0,7099,0.1094,0.028,0.045,-0.055,-5.3,-0.73,809,3122,-4959,0,0
77.94,4,2910.0,479.35,-0.08,3059.71,92.4,0.3,-1.34,-0.1,0.0,0.0,1.0,2,6658,-81.6,1.29,0.02,-2.91,-31.27,246,253,3336,0.0344,-0.018,-0.002,-0.098,-6.85,0.82,745,-70,-2915,0,0,6689,0.1108,-0.037,-0.001,-0.099,-5.96,-0.07,770,-77,-5344,0,0,3080,0.0334,0.041,0.075,-0.025,-5.39,-0.64,765,1894,-2149,0,0,7152,0.1098,0.022,0.044,-0.056,-5.16,-0.87,761,2315,-5175,0,0
77.96,4,2910.5,479.74,-0.08,3060.04,92.3,0.01,-1.39,-0.1,0.0,0.0,1.0,2,6341,-67.0,0.93,0.02,-2.9,-30.33,246,252,3410,0.0342,-0.01,-0.001,-0.099,-6.86,0.83,745,-61,-2981,0,0,6817,0.1104,-0.02,0.0,-0.1,-6.25,0.22,770,-54,-5445,0,0,2934,0.0337,0.018,0.029,-0.071,-5.34,-0.69,739,342,-2344,0,0,7081,0.11,0.008,0.01,-0.09,-5.5,-0.54,748,-689,-5315,0,0
77.98,4,2911.0,480.13,-0.08,3060.37,92.1,-0.14,-1.39,-0.1,1.0,0.0,1.0,2,6235,-67.3,0.69,0.03,-2.9,-29.55,246,251,3495,0.0343,0.009,-0.002,-0.098,-6.68,0.65,744,-71,-3046,0,0,6954,0.1107,0.013,-0.002,-0.098,-6.16,0.13,768,-107,-5541,0,0,2781,0.0333,-0.022,-0.011,-0.089,-5.12,-0.91,777,319,-2203,0,0,6918,0.1096,-0.018,-0.031,-0.069,-5.22,-0.81,783,-717,-5190,0,0
78.0,4,2911.5,480.51,-0.08,3060.71,92.0,-0.12,-1.38,-0.1,1.0,0.0,1.0,2,6392,122.8,0.68,0.05,-2.91,-29.09,247,251,3547,0.0346,0.015,-0.003,-0.097,-6.74,0.71,743,-54,-3092,0,0,7052,0.1111,0.022,-0.003,-0.097,-6.05,0.02,766,-63,-5598,0,0,2689,0.0326,-0.033,0.036,-0.064,-5.06,-0.97,742,465,-2107,0,0,6789,0.1091,-0.025,0.015,-0.085,-5.12,-0.91,749,-314,-5048,0,0
78.02,4,2912.0,480.89,-0.08,3061.05,91.8,-0.13,-1.38,-0.1,1.0,0.0,1.0,2,6375,172.2,0.9,0.07,-2.92,-28.83,248,250,3579,0.0349,0.016,-0.001,-0.099,-6.64,0.61,742,-30,-3123,0,0,7114,0.1117,0.028,-0.003,-0.097,-6.06,0.03,765,-133,-5667,0,0,2639,0.0319,-0.035,-0.011,-0.089,-5.12,-0.91,774,298,-2075,0,0,6694,0.1087,-0.024,-0.03,-0.07,-5.31,-0.72,780,-688,-5003,0,0
78.04,4,2912.6,481.27,-0.08,3061.39,91.7,-0.12,-1.38,-0.1,1.0,0.0,1.0,2,6431,205.2,1.16,0.09,-2.93,-28.67,249,249,3599,0.0353,0.017,-0.001,-0.099,-6.69,0.66,741,-53,-3134,0,0,7167,0.1123,0.029,0.003,-0.097,-6.35,0.32,763,-11,-5705,0,0,2607,0.0312,-0.035,0.035,-0.065,-5.05,-0.99,739,446,-2027,0,0,6621,0.1082,-0.022,0.017,-0.083,-5.35,-0.68,745,-293,-4943,0,0
78.06,4,2913.1,481.64,-0.08,3061.74,91.5,-0.11,-1.37,-0.1,1.0,0.0,1.0,2,6543,244.1,1.36,0.11,-2.94,-28.62,249,248,3604,0.0356,0.015,-0.002,-0.098,-6.69,0.65,739,-43,-3144,0,0,7199,0.1129,0.03,-0.003,-0.097,-6.04,0.01,762,-57,-5717,0,0,2597,0.0306,-0.033,0.082,-0.018,-5.1,-0.93,769,920,-1971,0,0,6582,0.1079,-0.018,0.056,-0.044,-5.07,-0.96,773,800,-4871,0,0
78.08,4,2913.6,482.01,-0.08,3062.09,91.6,0.17,-1.35,-0.1,1.0,0.0,1.0,2,6678,268.1,1.51,0.11,-2.94,-29.24,250,249,3515,0.0357,0.006,-0.003,-0.097,-6.66,0.62,738,-55,-3067,0,0,7084,0.1133,0.02,-0.001,-0.099,-6.25,0.22,763,-87,-5651,0,0,2736,0.0303,-0.016,0.082,-0.018,-5.01,-1.02,809,1853,-1812,0,0,6691,0.1078,-0.002,0.043,-0.057,-5.12,-0.91,803,2525,-4742,0,0
78.1,4,2914.1,482.37,-0.08,3062.44,91.8,0.31,-1.32,-0.1,1.0,0.0,1.0,2,6862,287.7,1.63,0.1,-2.94,-30.05,249,249,3437,0.0355,-0.011,-0.003,-0.097,-6.83,0.79,740,-82,-3000,0,0,6947,0.1131,-0.01,-0.002,-0.098,-5.99,-0.04,765,-169,-5537,0,0,2878,0.0306,0.019,0.114,0.014,-5.01,-1.02,789,2090,-1832,0,0,6842,0.1082,0.02,0.075,-0.025,-5.08,-0.95,782,3076,-4733,0,0
78.12,4,2914.6,482.73,-0.08,3062.8,92.0,0.4,-1.3,-0.1,0.0,0.0,1.0,2,6960,295.8,1.71,0.08,-2.94,-31.1,248,251,3373,0.0351,-0.017,0.003,-0.097,-7.0,0.97,741,-43,-2956,0,0,6795,0.1125,-0.026,-0.003,-0.097,-6.03,0.0,767,-163,-5427,0,0,3027,0.0314,0.036,0.074,-0.026,-5.19,-0.84,824,2382,-1807,0,0,6995,0.1088,0.027,0.027,-0.073,-5.14,-0.89,815,3530,-4743,0,0
78.14,4,2915.1,483.1,-0.08,3063.17,92.2,0.47,-1.28,-0.1,0.0,0.0,1.0,2,6807,205.8,1.64,0.05,-2.92,-32.22,248,252,3327,0.0347,-0.022,-0.002,-0.098,-6.92,0.89,742,-86,-2917,0,0,6644,0.1116,-0.044,-0.003,-0.097,-6.14,0.11,770,-150,-5332,0,0,3138,0.0324,0.052,0.102,0.002,-5.27,-0.76,825,2501,-1856,0,0,7109,0.1093,0.029,0.049,-0.051,-5.4,-0.63,812,3483,-4886,0,0
78.16,4,2915.6,483.45,-0.08,3063.54,92.4,0.32,-1.34,-0.1,0.0,0.0,1.0,2,6653,-81.5,1.29,0.02,-2.91,-32.15,247,253,3312,0.0343,-0.021,0.002,-0.098,-6.99,0.96,744,-31,-2907,0,0,6650,0.1107,-0.047,-0.004,-0.096,-6.13,0.09,771,-135,-5332,0,0,3110,0.0334,0.052,0.073,-0.027,-5.43,-0.6,764,1919,-2167,0,0,7178,0.1099,0.026,0.038,-0.062,-5.32,-0.71,762,2144,-5255,0,0
78.18,4,2916.1,483.81,-0.08,3063.91,92.3,0.01,-1.39,-0.1,0.0,0.0,1.0,2,6346,-67.0,0.93,0.02,-2.9,-31.08,246,253,3388,0.034,-0.014,0.001,-0.099,-6.94,0.91,745,-44,-2965,0,0,6794,0.1103,-0.021,-0.001,-0.099,-6.25,0.22,770,-40,-5446,0,0,2946,0.0338,0.018,0.029,-0.071,-5.38,-0.65,739,351,-2351,0,0,7104,0.1101,0.011,0.011,-0.089,-5.59,-0.44,749,-659,-5387,0,0
78.2,4,2916.6,484.15,-0.08,3064.28,92.2,-0.13,-1.4,-0.1,0.0,0.0,1.0,2,6240,-67.3,0.69,0.03,-2.9,-30.22,247,252,3480,0.0342,0.008,-0.002,-0.098,-6.8,0.77,744,-15,-3043,0,0,6940,0.1105,0.012,-0.002,-0.098,-6.27,0.24,768,-108,-5544,0,0,2784,0.0333,-0.023,-0.01,-0.09,-5.28,-0.75,777,320,-2223,0,0,6934,0.1097,-0.019,-0.028,-0.072,-5.53,-0.5,784,-701,-5242,0,0
78.22,4,2917.2,484.5,-0.08,3064.66,92.0,-0.13,-1.39,-0.1,1.0,0.0,1.0,2,6299,-66.7,0.53,0.04,-2.91,-29.62,247,251,3536,0.0344,0.014,0.001,-0.099,-6.6,0.56,743,-28,-3080,0,0,7031,0.1109,0.021,-0.002,-0.098,-6.12,0.09,767,-78,-5620,0,0,2688,0.0327,-0.034,0.036,-0.064,-5.2,-0.83,742,466,-2128,0,0,6786,0.1092,-0.026,0.014,-0.086,-5.32,-0.71,749,-346,-5119,0,0
78.24,4,2917.7,484.83,-0.08,3065.04,91.9,-0.12,-1.38,-0.1,1.0,0.0,1.0,2,6318,122.2,0.56,0.07,-2.92,-29.25,248,250,3568,0.0348,0.016,-0.002,-0.098,-6.68,0.65,741,-61,-3112,0,0,7110,0.1115,0.027,-0.001,-0.099,-6.03,0.0,766,-90,-5652,0,0,2630,0.0319,-0.037,-0.006,-0.094,-5.33,-0.7,775,321,-2093,0,0,6691,0.1087,-0.026,-0.03,-0.07,-5.32,-0.71,782,-753,-5018,0,0
78.26,4,2918.2,485.17,-0.08,3065.43,91.7,-0.12,-1.38,-0.1,1.0,0.0,1.0,2,6424,173.1,0.81,0.09,-2.93,-29.03,249,249,3578,0.0351,0.015,0.001,-0.099,-6.95,0.92,739,37,-3136,0,0,7165,0.1121,0.031,-0.002,-0.098,-6.06,0.02,764,-131,-5674,0,0,2594,0.0312,-0.037,0.035,-0.065,-5.18,-0.86,739,456,-2046,0,0,6631,0.1082,-0.021,0.013,-0.087,-5.19,-0.85,745,-327,-4980,0,0
78.28,4,2918.7,485.5,-0.08,3065.82,91.6,-0.13,-1.38,-0.1,1.0,0.0,1.0,2,6362,190.7,1.09,0.11,-2.94,-28.9,250,248,3599,0.0353,0.014,-0.002,-0.098,-6.84,0.81,739,-55,-3130,0,0,7202,0.1128,0.032,-0.001,-0.099,-6.22,0.19,763,-85,-5728,0,0,2590,0.0305,-0.034,-0.006,-0.094,-5.28,-0.75,772,315,-2039,0,0,6589,0.1079,-0.016,-0.031,-0.069,-5.18,-0.85,778,-692,-4934,0,0
78.3,4,2919.2,485.82,-0.08,3066.21,91.5,0.07,-1.36,-0.1,1.0,0.0,1.0,2,6640,227.2,1.31,0.12,-2.95,-29.27,250,248,3533,0.0356,0.011,-0.003,-0.097,-6.77,0.74,739,-80,-3084,0,0,7142,0.1133,0.025,0.0,-0.1,-6.29,0.26,762,-122,-5684,0,0,2673,0.03,-0.023,0.041,-0.059,-5.14,-0.89,803,1499,-1903,0,0,6649,0.1077,-0.009,0.01,-0.09,-5.0,-1.03,801,1774,-4853,0,0
78.32,4,2919.7,486.15,-0.08,3066.6,91.7,0.29,-1.32,-0.1,1.0,0.0,1.0,2,6871,257.0,1.47,0.11,-2.95,-30.11,250,249,3454,0.0354,-0.007,-0.003,-0.097,-6.69,0.66,740,-56,-3019,0,0,6996,0.1133,0.0,-0.002,-0.098,-5.99,-0.04,764,-159,-5562,0,0,2822,0.0302,0.007,0.12,0.02,-5.26,-0.77,791,2087,-1787,0,0,6786,0.108,0.014,0.078,-0.022,-5.18,-0.86,783,3187,-4672,0,0
78.34,4,2920.2,486.46,-0.08,3067.0,91.9,0.38,-1.31,-0.1,0.0,0.0,1.0,2,6790,279.4,1.6,0.09,-2.95,-30.98,249,250,3376,0.0351,-0.016,0.0,-0.1,-6.92,0.89,741,-67,-2959,0,0,6836,0.1128,-0.023,-0.003,-0.097,-6.15,0.12,766,-125,-5472,0,0,2984,0.0309,0.035,0.085,-0.015,-5.3,-0.73,834,2100,-1955,0,0,6960,0.1086,0.027,0.048,-0.052,-5.11,-0.92,829,2837,-4922,0,0
78.36,4,2920.7,486.78,-0.08,3067.4,92.1,0.38,-1.32,-0.1,0.0,0.0,1.0,2,6727,196.7,1.55,0.06,-2.94,-31.57,248,251,3335,0.0347,-0.021,-0.001,-0.099,-6.9,0.87,742,-51,-2920,0,0,6740,0.1121,-0.036,-0.002,-0.098,-6.04,0.01,768,-155,-5393,0,0,3060,0.0318,0.045,0.088,-0.012,-5.2,-0.83,814,2249,-1944,0,0,7081,0.1092,0.031,0.045,-0.055,-5.22,-0.81,805,3001,-4997,0,0
78.38,4,2921.2,487.09,-0.08,3067.81,92.2,0.3,-1.35,-0.1,0.0,0.0,1.0,2,6654,-79.2,1.24,0.04,-2.93,-31.47,247,252,3318,0.0343,-0.02,-0.003,-0.097,-6.86,0.83,743,-67,-2905,0,0,6716,0.1114,-0.036,-0.003,-0.097,-6.09,0.06,769,-166,-5382,0,0,3060,0.0326,0.041,0.074,-0.026,-5.32,-0.71,764,1893,-2132,0,0,7154,0.1097,0.026,0.037,-0.063,-5.44,-0.59,761,2223,-5233,0,0
78.4,4,2921.7,487.4,-0.08,3068.22,92.2,0.01,-1.39,-0.1,0.0,0.0,1.0,2,6330,-66.9,0.89,0.03,-2.93,-30.5,247,252,3384,0.034,-0.014,-0.002,-0.098,-6.82,0.79,744,-48,-2967,0,0,6842,0.111,-0.02,-0.001,-0.099,-6.23,0.2,769,-89,-5471,0,0,2911,0.033,0.019,0.029,-0.071,-5.37,-0.66,738,333,-2327,0,0,7094,0.11,0.013,0.009,-0.091,-5.27,-0.76,747,-708,-5342,0,0
78.42,4,2922.3,487.7,-0.08,3068.63,92.0,-0.13,-1.4,-0.1,1.0,0.0,1.0,2,6228,-67.2,0.67,0.04,-2.93,-29.72,247,251,3482,0.0341,0.007,-0.001,-0.099,-6.69,0.66,743,-39,-3036,0,0,6981,0.1112,0.012,0.004,-0.096,-5.81,-0.22,767,-32,-5540,0,0,2766,0.0326,-0.021,-0.007,-0.093,-5.37,-0.66,776,319,-2208,0,0,6937,0.1096,-0.016,-0.029,-0.071,-5.21,-0.82,783,-735,-5192,0,0
78.44,4,2922.8,488.0,-0.08,3069.05,91.9,-0.12,-1.39,-0.1,1.0,0.0,1.0,2,6387,122.8,0.66,0.06,-2.93,-29.19,248,250,3548,0.0345,0.016,-0.001,-0.099,-6.88,0.85,742,-28,-3100,0,0,7055,0.1116,0.022,-0.003,-0.097,-6.16,0.13,765,-85,-5630,0,0,2680,0.032,-0.03,0.036,-0.064,-5.05,-0.98,740,468,-2104,0,0,6786,0.1092,-0.024,0.018,-0.082,-5.46,-0.57,747,-250,-5127,0,0
78.46,4,2923.3,488.29,-0.08,3069.47,91.7,-0.12,-1.38,-0.1,1.0,0.0,1.0,2,6363,172.3,0.89,0.08,-2.94,-28.89,249,249,3575,0.0348,0.017,-0.001,-0.099,-6.89,0.86,741,-41,-3122,0,0,7103,0.1121,0.022,-0.004,-0.096,-6.04,0.01,763,-173,-5662,0,0,2633,0.0313,-0.033,-0.009,-0.091,-5.23,-0.8,774,259,-2077,0,0,6673,0.1086,-0.028,-0.03,-0.07,-5.16,-0.87,780,-781,-4988,0,0
78.48,4,2923.8,488.58,-0.08,3069.89,91.6,-0.12,-1.38,-0.1,1.0,0.0,1.0,2,6426,203.1,1.15,0.1,-2.94,-28.7,249,248,3600,0.0351,0.017,-0.003,-0.097,-6.77,0.73,739,-40,-3133,0,0,7157,0.1126,0.025,-0.002,-0.098,-6.22,0.19,762,-54,-5696,0,0,2606,0.0307,-0.032,0.037,-0.063,-5.16,-0.87,738,456,-2041,0,0,6600,0.1081,-0.023,0.015,-0.085,-5.11,-0.92,745,-315,-4936,0,0
78.5,4,2924.3,488.86,-0.08,3070.31,91.4,-0.09,-1.37,-0.1,1.0,0.0,1.0,2,6579,241.9,1.35,0.12,-2.95,-28.72,250,248,3593,0.0355,0.016,-0.001,-0.099,-6.89,0.86,739,-33,-3139,0,0,7182,0.1131,0.027,0.0,-0.1,-6.25,0.22,762,-79,-5722,0,0,2607,0.0301,-0.029,0.073,-0.027,-4.94,-1.09,760,1150,-1940,0,0,6574,0.1078,-0.018,0.043,-0.057,-5.24,-0.8,760,1301,-4851,0,0
78.52,4,2924.8,489.14,-0.08,3070.73,91.5,0.23,-1.34,-0.1,1.0,0.0,1.0,2,6689,266.4,1.5,0.12,-2.95,-29.5,250,248,3502,0.0355,0.003,-0.003,-0.097,-6.75,0.72,738,-78,-3056,0,0,7028,0.1134,0.011,-0.004,-0.096,-6.17,0.14,762,-108,-5613,0,0,2776,0.0299,-0.008,0.086,-0.014,-5.1,-0.93,811,1962,-1808,0,0,6692,0.1078,0.0,0.045,-0.055,-5.27,-0.76,803,2713,-4717,0,0
78.54,4,2925.3,489.41,-0.08,3071.16,91.7,0.32,-1.32,-0.1,1.0,0.0,1.0,2,6854,287.1,1.62,0.1,-2.95,-30.22,249,249,3421,0.0353,-0.012,-0.003,-0.097,-6.76,0.72,740,-70,-2987,0,0,6924,0.113,-0.018,-0.004,-0.096,-6.11,0.08,763,-150,-5503,0,0,2896,0.0305,0.027,0.115,0.015,-5.23,-0.8,788,2085,-1862,0,0,6856,0.1082,0.022,0.076,-0.024,-5.35,-0.68,781,3077,-4790,0,0
78.56,4,2925.8,489.68,-0.08,3071.6,91.9,0.37,-1.31,-0.1,0.0,0.0,1.0,2,6790,301.4,1.71,0.08,-2.94,-30.93,248,250,3355,0.0349,-0.018,-0.004,-0.096,-6.73,0.7,741,-71,-2940,0,0,6778,0.1125,-0.027,-0.003,-0.097,-6.01,-0.02,766,-120,-5418,0,0,3028,0.0313,0.038,0.083,-0.017,-5.25,-0.79,833,2112,-1989,0,0,7007,0.1088,0.029,0.045,-0.055,-5.43,-0.6,829,2781,-4989,0,0
78.58,4,2926.3,489.95,-0.08,3072.03,92.1,0.39,-1.31,-0.1,0.0,0.0,1.0,2,6744,206.9,1.63,0.05,-2.93,-31.47,247,251,3318,0.0345,-0.021,-0.004,-0.096,-6.7,0.67,742,-65,-2903,0,0,6689,0.1117,-0.039,-0.001,-0.099,-6.24,0.21,769,-127,-5362,0,0,3095,0.0322,0.047,0.094,-0.006,-5.05,-0.98,816,2315,-1936,0,0,7120,0.1094,0.029,0.045,-0.055,-5.26,-0.77,807,3104,-5003,0,0
78.6,4,2926.8,490.21,-0.08,3072.47,92.2,0.3,-1.34,-0.1,0.0,0.0,1.0,2,6649,-81.3,1.29,0.02,-2.92,-31.38,246,252,3309,0.0341,-0.02,-0.003,-0.097,-6.81,0.78,743,-53,-2903,0,0,6685,0.1109,-0.038,-0.002,-0.098,-6.03,0.0,769,-125,-5344,0,0,3075,0.033,0.042,0.075,-0.025,-5.15,-0.88,764,1898,-2141,0,0,7176,0.1099,0.024,0.038,-0.062,-5.32,-0.71,761,2195,-5236,0,0
78.62,4,2927.4,490.47,-0.08,3072.91,92.2,0.01,-1.38,-0.1,0.0,0.0,1.0,2,6333,-66.9,0.93,0.02,-2.92,-30.43,246,252,3390,0.0338,-0.012,-0.002,-0.098,-6.74,0.71,744,-44,-2968,0,0,6819,0.1105,-0.019,-0.002,-0.098,-6.08,0.05,769,-124,-5452,0,0,2922,0.0334,0.017,0.028,-0.072,-5.32,-0.71,738,347,-2324,0,0,7099,0.1101,0.01,0.009,-0.091,-5.44,-0.6,748,-726,-5329,0,0
78.64,4,2927.9,490.72,-0.08,3073.36,92.0,-0.13,-1.39,-0.1,1.0,0.0,1.0,2,6230,-67.2,0.69,0.03,-2.92,-29.67,246,251,3484,0.034,0.01,0.001,-0.099,-6.93,0.9,743,-21,-3052,0,0,6960,0.1108,0.012,-0.002,-0.098,-6.14,0.11,767,-81,-5558,0,0,2775,0.033,-0.021,-0.01,-0.09,-5.25,-0.79,776,313,-2201,0,0,6935,0.1097,-0.019,-0.029,-0.071,-5.41,-0.62,783,-701,-5202,0,0
78.66,4,2928.4,490.97,-0.08,3073.8,91.9,-0.12,-1.39,-0.1,1.0,0.0,1.0,2,6384,122.9,0.68,0.05,-2.92,-29.16,247,250,3553,0.0344,0.016,-0.002,-0.098,-6.85,0.82,742,-54,-3107,0,0,7038,0.1112,0.02,-0.002,-0.098,-6.22,0.18,765,-53,-5612,0,0,2676,0.0323,-0.032,0.035,-0.065,-5.08,-0.95,740,453,-2108,0,0,6759,0.1091,-0.028,0.013,-0.087,-5.21,-0.82,747,-356,-5090,0,0
78.68,4,2928.9,491.21,-0.08,3074.25,91.7,-0.13,-1.38,-0.1,1.0,0.0,1.0,2,6368,172.2,0.9,0.07,-2.92,-28.86,248,249,3577,0.0347,0.018,-0.001,-0.099,-6.91,0.88,740,-37,-3126,0,0,7085,0.1117,0.024,-0.002,-0.098,-6.09,0.06,764,-98,-5661,0,0,2630,0.0316,-0.037,-0.01,-0.09,-5.03,-1.01,774,286,-2074,0,0,6642,0.1085,-0.03,-0.029,-0.071,-5.33,-0.7,779,-636,-4983,0,0
78.7,4,2929.4,491.45,-0.08,3074.7,91.6,-0.12,-1.38,-0.1,1.0,0.0,1.0,2,6424,205.1,1.16,0.09,-2.93,-28.72,249,248,3594,0.0351,0.016,0.0,-0.1,-6.89,0.86,740,-40,-3139,0,0,7136,0.1122,0.024,-0.001,-0.099,-5.96,-0.08,762,-70,-5681,0,0,2598,0.0309,-0.034,0.035,-0.065,-5.01,-1.02,738,453,-2035,0,0,6560,0.108,-0.026,0.014,-0.086,-5.27,-0.76,744,-308,-4916,0,0
78.72,4,2929.9,491.68,-0.08,3075.15,91.4,-0.07,-1.37,-0.1,1.0,0.0,1.0,2,6565,242.4,1.36,0.11,-2.94,-28.8,249,248,3584,0.0354,0.015,0.0,-0.1,-6.91,0.88,739,-38,-3130,0,0,7160,0.1127,0.028,-0.001,-0.099,-6.24,0.21,762,-114,-5700,0,0,2610,0.0303,-0.031,0.06,-0.04,-4.96,-1.07,818,1159,-1927,0,0,6545,0.1076,-0.019,0.03,-0.07,-5.17,-0.86,819,1090,-4845,0,0
78.74,4,2930.4,491.91,-0.08,3075.61,91.6,0.28,-1.32,-0.1,1.0,0.0,1.0,2,6782,263.5,1.51,0.11,-2.94,-29.74,249,248,3481,0.0354,0.001,-0.001,-0.099,-6.9,0.86,739,-51,-3041,0,0,6994,0.1129,0.009,-0.001,-0.099,-6.26,0.23,763,-119,-5590,0,0,2797,0.0302,-0.005,0.09,-0.01,-5.16,-0.87,835,1995,-1807,0,0,6685,0.1077,0.003,0.05,-0.05,-5.3,-0.73,830,2807,-4701,0,0
78.76,4,2930.9,492.13,-0.08,3076.07,91.8,0.39,-1.29,-0.1,0.0,0.0,1.0,2,6776,287.2,1.63,0.09,-2.93,-30.86,248,250,3406,0.0351,-0.013,-0.002,-0.098,-6.89,0.86,740,-70,-2979,0,0,6812,0.1124,-0.024,-0.002,-0.098,-5.96,-0.07,764,-140,-5452,0,0,2980,0.0309,0.035,0.102,0.002,-5.28,-0.75,822,2305,-1816,0,0,6848,0.1082,0.024,0.055,-0.045,-5.39,-0.64,812,3305,-4702,0,0
78.78,4,2931.4,492.35,-0.08,3076.53,92.0,0.34,-1.32,-0.1,0.0,0.0,1.0,2,6845,199.5,1.58,0.06,-2.93,-31.27,247,251,3344,0.0347,-0.02,-0.003,-0.097,-6.77,0.74,741,-88,-2931,0,0,6750,0.1117,-0.038,-0.003,-0.097,-6.11,0.08,767,-115,-5397,0,0,3039,0.0318,0.047,0.113,0.013,-5.11,-0.92,789,2139,-1987,0,0,6998,0.1088,0.03,0.074,-0.026,-5.19,-0.84,783,2976,-4934,0,0
78.8,4,2931.9,492.56,-0.08,3076.99,92.1,0.3,-1.34,-0.1,0.0,0.0,1.0,2,6651,-79.8,1.25,0.04,-2.92,-31.35,246,251,3322,0.0343,-0.02,-0.002,-0.098,-6.84,0.81,743,-68,-2913,0,0,6717,0.1111,-0.029,-0.003,-0.097,-6.18,0.15,768,-129,-5384,0,0,3058,0.0325,0.036,0.075,-0.025,-5.29,-0.74,764,1933,-2112,0,0,7089,0.1093,0.027,0.039,-0.061,-5.22,-0.81,760,2292,-5141,0,0
78.82,4,2932.5,492.77,-0.08,3077.46,92.1,0.01,-1.38,-0.1,0.0,0.0,1.0,2,6323,-66.8,0.9,0.03,-2.92,-30.45,246,251,3397,0.034,-0.013,-0.002,-0.098,-6.85,0.82,743,-46,-2976,0,0,6833,0.1107,-0.019,0.0,-0.1,-6.26,0.23,768,-39,-5480,0,0,2920,0.033,0.022,0.033,-0.067,-5.35,-0.68,737,364,-2314,0,0,7033,0.1096,0.015,0.008,-0.092,-5.41,-0.63,746,-694,-5295,0,0
78.84,4,2933.0,492.98,-0.08,3077.93,91.9,-0.14,-1.39,-0.1,1.0,0.0,1.0,2,6224,-67.2,0.67,0.04,-2.92,-29.71,246,250,3468,0.0342,0.006,-0.001,-0.099,-6.87,0.84,742,-43,-3038,0,0,6963,0.1109,0.011,-0.001,-0.099,-6.26,0.23,765,-64,-5573,0,0,2774,0.0326,-0.018,-0.01,-0.09,-5.12,-0.92,775,321,-2195,0,0,6900,0.1094,-0.014,-0.029,-0.071,-5.14,-0.89,782,-704,-5155,0,0
78.86,4,2933.5,493.18,-0.08,3078.4,91.7,-0.12,-1.39,-0.1,1.0,0.0,1.0,2,6379,122.9,0.67,0.06,-2.92,-29.21,247,249,3530,0.0344,0.012,0.003,-0.097,-6.91,0.88,741,-2,-3087,0,0,7037,0.1113,0.02,-0.002,-0.098,-6.16,0.13,765,-105,-5627,0,0,2693,0.032,-0.028,0.036,-0.064,-5.19,-0.84,739,465,-2115,0,0,6765,0.1089,-0.02,0.014,-0.086,-5.23,-0.8,747,-356,-5070,0,0
78.88,4,2934.0,493.37,-0.08,3078.87,91.6,-0.12,-1.38,-0.1,1.0,0.0,1.0,2,6357,172.4,0.89,0.08,-2.93,-28.93,248,248,3554,0.0347,0.015,-0.003,-0.097,-6.8,0.77,739,-47,-3106,0,0,7107,0.1118,0.023,-0.002,-0.098,-6.24,0.21,763,-93,-5664,0,0,2628,0.0314,-0.033,-0.01,-0.09,-5.15,-0.88,772,284,-2073,0,0,6663,0.1084,-0.025,-0.031,-0.069,-5.15,-0.88,779,-763,-4956,0,0
78.9,4,2934.5,493.56,-0.08,3079.34,91.4,-0.12,-1.37,-0.1,1.0,0.0,1.0,2,6423,203.7,1.15,0.1,-2.94,-28.74,248,248,3566,0.035,0.014,-0.002,-0.098,-6.77,0.74,738,-36,-3114,0,0,7148,0.1123,0.027,-0.002,-0.098,-6.2,0.17,762,-111,-5695,0,0,2598,0.0307,-0.033,0.041,-0.059,-5.14,-0.89,737,499,-2030,0,0,6598,0.108,-0.02,0.017,-0.083,-5.27,-0.76,744,-270,-4923,0,0
78.92,4,2935.0,493.74,-0.08,3079.81,91.3,-0.09,-1.37,-0.1,1.0,0.0,1.0,2,6570,242.5,1.35,0.11,-2.95,-28.79,248,247,3562,0.0352,0.012,0.0,-0.1,-6.58,0.55,737,-47,-3107,0,0,7175,0.1129,0.028,-0.001,-0.099,-5.97,-0.06,760,-118,-5699,0,0,2614,0.0301,-0.029,0.072,-0.028,-4.98,-1.05,759,1159,-1930,0,0,6600,0.1078,-0.013,0.045,-0.055,-5.23,-0.81,760,1273,-4834,0,0
78.94,4,2935.5,493.92,-0.08,3080.29,91.4,0.23,-1.33,-0.11,1.0,0.0,1.0,2,6684,266.9,1.51,0.11,-2.95,-29.58,248,248,3479,0.0353,0.002,-0.003,-0.097,-6.79,0.76,738,-64,-3039,0,0,7014,0.1131,0.012,-0.003,-0.097,-6.14,0.11,761,-156,-5601,0,0,2781,0.03,-0.007,0.088,-0.012,-5.13,-0.9,810,1988,-1788,0,0,6707,0.1078,0.003,0.046,-0.054,-5.26,-0.77,803,2741,-4715,0,0
78.96,4,2936.0,494.1,-0.08,3080.76,91.6,0.32,-1.32,-0.11,0.88,0.0,1.0,2,6847,287.5,1.62,0.09,-2.95,-30.29,248,248,3413,0.035,-0.012,-0.001,-0.099,-6.88,0.85,738,-58,-2982,0,0,6880,0.1127,-0.02,-0.001,-0.099,-6.23,0.2,762,-103,-5510,0,0,2917,0.0306,0.029,0.118,0.018,-4.77,-1.26,787,2137,-1839,0,0,6847,0.1082,0.021,0.075,-0.025,-5.25,-0.78,781,3017,-4775,0,0
78.98,4,2936.5,494.26,-0.08,3081.25,91.8,0.37,-1.31,-0.1,0.0,0.0,1.0,2,6776,285.6,1.67,0.07,-2.94,-31.01,247,249,3348,0.0347,-0.018,-0.003,-0.097,-6.85,0.82,740,-80,-2933,0,0,6744,0.1121,-0.033,-0.001,-0.099,-6.23,0.2,765,-98,-5413,0,0,3032,0.0313,0.04,0.083,-0.017,-5.24,-0.79,832,2138,-1969,0,0,6978,0.1087,0.025,0.046,-0.054,-5.39,-0.64,828,2737,-4958,0,0
79.0,4,2937.0,494.43,-0.08,3081.73,92.0,0.37,-1.31,-0.1,0.0,0.0,1.0,2,6673,146.3,1.54,0.04,-2.92,-31.46,246,251,3321,0.0343,-0.02,-0.003,-0.097,-6.69,0.66,741,-69,-2906,0,0,6675,0.1113,-0.04,-0.003,-0.097,-6.18,0.15,767,-148,-5357,0,0,3088,0.0323,0.046,0.083,-0.017,-4.97,-1.06,805,2207,-1991,0,0,7080,0.1093,0.026,0.039,-0.061,-5.08,-0.95,798,2767,-5030,0,0
79.02,4,2937.5,494.59,-0.08,3082.21,92.1,0.24,-1.35,-0.1,0.0,0.0,1.0,2,6488,-75.5,1.17,0.02,-2.91,-31.14,245,251,3324,0.0339,-0.018,-0.001,-0.099,-6.88,0.85,743,-60,-2911,0,0,6686,0.1106,-0.036,-0.002,-0.098,-6.15,0.12,768,-101,-5370,0,0,3049,0.033,0.038,0.04,-0.06,-5.3,-0.73,808,1426,-2261,0,0,7107,0.1097,0.02,0.013,-0.087,-5.46,-0.57,810,1070,-5312,0,0
79.04,4,2938.1,494.74,-0.08,3082.7,92.0,-0.04,-1.38,-0.1,0.74,0.0,1.0,2,6300,-66.7,0.85,0.02,-2.91,-30.18,245,251,3411,0.0338,-0.007,0.001,-0.099,-6.89,0.86,742,-11,-2989,0,0,6831,0.1103,-0.015,-0.002,-0.098,-6.1,0.07,767,-86,-5468,0,0,2884,0.0332,0.01,0.032,-0.068,-5.23,-0.8,739,354,-2287,0,0,7001,0.1097,0.002,0.012,-0.088,-5.2,-0.83,748,-563,-5237,0,0
79.06,4,2938.6,494.89,-0.08,3083.19,91.8,-0.13,-1.39,-0.1,1.0,0.0,1.0,2,6323,122.2,0.79,0.03,-2.91,-29.52,245,250,3496,0.034,0.009,-0.001,-0.099,-6.66,0.62,741,-41,-3045,0,0,6948,0.1106,0.015,-0.001,-0.099,-6.25,0.21,765,-72,-5561,0,0,2764,0.0327,-0.025,-0.011,-0.089,-5.19,-0.84,774,297,-2184,0,0,6850,0.1093,-0.019,-0.03,-0.07,-5.37,-0.66,780,-699,-5129,0,0
79.08,4,2939.1,495.04,-0.08,3083.68,91.7,-0.13,-1.38,-0.1,1.0,0.0,1.0,2,6428,173.0,0.99,0.05,-2.91,-29.08,246,249,3537,0.0343,0.018,-0.002,-0.098,-6.74,0.71,740,-56,-3088,0,0,7027,0.1109,0.019,-0.002,-0.098,-6.19,0.15,764,-50,-5617,0,0,2669,0.0321,-0.031,0.037,-0.063,-4.99,-1.04,739,475,-2089,0,0,6700,0.1087,-0.03,0.015,-0.085,-5.31,-0.72,746,-299,-5027,0,0
79.1,4,2939.6,495.18,-0.08,3084.17,91.5,-0.12,-1.37,-0.1,1.0,0.0,1.0,2,6366,217.6,1.23,0.08,-2.92,-28.84,247,248,3564,0.0346,0.016,0.0,-0.1,-6.57,0.54,739,-42,-3105,0,0,7108,0.1115,0.027,-0.001,-0.099,-6.02,-0.01,763,-82,-5652,0,0,2612,0.0314,-0.037,-0.011,-0.089,-4.92,-1.11,771,288,-2039,0,0,6610,0.1082,-0.026,-0.031,-0.069,-5.25,-0.79,778,-737,-4923,0,0
79.12,4,2940.1,495.31,-0.08,3084.66,91.5,0.08,-1.35,-0.1,1.0,0.0,1.0,2,6641,249.2,1.41,0.08,-2.93,-29.2,247,248,3527,0.0349,0.015,-0.002,-0.098,-6.86,0.83,738,-51,-3076,0,0,7056,0.1119,0.023,-0.001,-0.099,-6.22,0.19,762,-114,-5625,0,0,2694,0.0308,-0.027,0.078,-0.022,-5.13,-0.9,804,1696,-1846,0,0,6622,0.1079,-0.019,0.039,-0.061,-5.2,-0.83,799,2233,-4751,0,0
79.14,4,2940.6,495.44,-0.08,3085.15,91.6,0.29,-1.32,-0.1,1.0,0.0,1.0,2,6866,272.4,1.55,0.08,-2.93,-30.0,247,249,3446,0.0349,-0.004,-0.003,-0.097,-6.73,0.7,739,-63,-3010,0,0,6937,0.1119,-0.002,0.002,-0.098,-6.17,0.14,764,-70,-5531,0,0,2833,0.031,0.007,0.117,0.017,-5.01,-1.02,790,2082,-1795,0,0,6755,0.108,0.009,0.077,-0.023,-5.28,-0.75,783,3110,-4674,0,0
79.16,4,2941.1,495.56,-0.08,3085.64,91.8,0.38,-1.3,-0.1,0.0,0.0,1.0,2,6790,290.9,1.66,0.06,-2.92,-30.88,247,250,3364,0.0346,-0.015,-0.004,-0.096,-6.79,0.76,740,-94,-2945,0,0,6792,0.1115,-0.021,-0.001,-0.099,-6.21,0.18,766,-119,-5440,0,0,2971,0.0315,0.028,0.088,-0.012,-5.26,-0.77,834,2111,-1927,0,0,6906,0.1085,0.022,0.044,-0.056,-5.37,-0.66,829,2744,-4913,0,0
79.18,4,2941.6,495.68,-0.08,3086.14,92.0,0.38,-1.31,-0.1,0.0,0.0,1.0,2,6740,202.3,1.6,0.04,-2.91,-31.5,246,251,3321,0.0341,-0.02,-0.002,-0.098,-6.86,0.83,742,-68,-2906,0,0,6711,0.1108,-0.033,-0.002,-0.098,-6.19,0.16,768,-134,-5372,0,0,3047,0.0323,0.039,0.09,-0.01,-5.3,-0.73,815,2280,-1906,0,0,7029,0.109,0.026,0.045,-0.055,-5.44,-0.59,807,3061,-4956,0,0
79.2,4,2942.1,495.79,-0.08,3086.64,92.2,0.3,-1.34,-0.1,0.0,0.0,1.0,2,6653,-80.3,1.26,0.02,-2.9,-31.48,245,252,3314,0.0338,-0.017,-0.004,-0.096,-6.83,0.8,743,-83,-2904,0,0,6694,0.1102,-0.031,-0.001,-0.099,-6.22,0.19,769,-94,-5373,0,0,3051,0.0331,0.037,0.075,-0.025,-5.34,-0.69,764,1894,-2123,0,0,7097,0.1095,0.024,0.039,-0.061,-5.49,-0.54,761,2290,-5174,0,0
79.22,4,2942.7,495.9,-0.08,3087.14,92.1,0.01,-1.38,-0.1,0.0,0.0,1.0,2,6331,-66.9,0.91,0.01,-2.9,-30.56,245,251,3378,0.0336,-0.012,0.001,-0.099,-6.87,0.84,744,-29,-2959,0,0,6824,0.1099,-0.017,0.004,-0.096,-6.18,0.15,769,-17,-5464,0,0,2911,0.0334,0.016,0.029,-0.071,-5.32,-0.71,738,349,-2316,0,0,7053,0.1097,0.012,0.011,-0.089,-5.45,-0.58,747,-688,-5307,0,0
79.24,4,2943.2,496.01,-0.08,3087.64,92.0,-0.14,-1.39,-0.1,1.0,0.0,1.0,2,6231,-67.2,0.68,0.02,-2.91,-29.78,245,251,3462,0.0337,0.007,-0.002,-0.098,-6.82,0.79,743,-41,-3027,0,0,6944,0.1102,0.015,-0.002,-0.098,-6.23,0.2,767,-89,-5558,0,0,2769,0.033,-0.022,-0.008,-0.092,-5.27,-0.76,776,339,-2194,0,0,6896,0.1094,-0.015,-0.029,-0.071,-5.4,-0.63,783,-690,-5187,0,0
79.26,4,2943.7,496.1,-0.08,3088.14,91.8,-0.12,-1.38,-0.1,1.0,0.0,1.0,2,6386,122.9,0.67,0.04,-2.91,-29.27,246,250,3519,0.034,0.014,-0.001,-0.099,-6.87,0.84,742,-43,-3075,0,0,7040,0.1106,0.022,-0.001,-0.099,-6.04,0.01,765,-82,-5607,0,0,2664,0.0323,-0.033,0.035,-0.065,-5.16,-0.87,740,454,-2099,0,0,6746,0.1089,-0.025,0.013,-0.087,-5.24,-0.79,747,-352,-5070,0,0
79.28,4,2944.2,496.2,-0.08,3088.64,91.7,-0.13,-1.38,-0.1,1.0,0.0,1.0,2,6366,172.3,0.89,0.07,-2.92,-28.98,247,249,3563,0.0343,0.018,0.0,-0.1,-6.87,0.84,740,-17,-3111,0,0,7122,0.1112,0.032,-0.001,-0.099,-6.23,0.2,764,-86,-5672,0,0,2608,0.0315,-0.039,-0.005,-0.095,-5.12,-0.91,773,315,-2055,0,0,6647,0.1084,-0.025,-0.03,-0.07,-5.15,-0.89,780,-724,-4965,0,0
79.3,4,2944.7,496.28,-0.08,3089.14,91.5,-0.12,-1.37,-0.1,1.0,0.0,1.0,2,6420,204.2,1.15,0.09,-2.93,-28.82,248,248,3581,0.0347,0.017,-0.003,-0.097,-6.82,0.79,739,-32,-3123,0,0,7160,0.1119,0.032,0.0,-0.1,-6.22,0.19,762,-61,-5701,0,0,2575,0.0308,-0.037,0.036,-0.064,-5.14,-0.89,737,453,-2019,0,0,6562,0.108,-0.022,0.013,-0.087,-5.23,-0.8,744,-319,-4912,0,0
79.32,4,2945.2,496.36,-0.08,3089.64,91.4,-0.09,-1.37,-0.1,1.0,0.0,1.0,2,6579,242.7,1.35,0.11,-2.94,-28.86,248,247,3588,0.035,0.015,0.0,-0.1,-6.57,0.54,738,-45,-3120,0,0,7188,0.1124,0.028,-0.001,-0.099,-5.92,-0.11,761,-67,-5684,0,0,2582,0.0301,-0.033,0.075,-0.025,-4.87,-1.16,761,1154,-1913,0,0,6526,0.1076,-0.02,0.044,-0.056,-5.18,-0.85,761,1257,-4816,0,0
79.34,4,2945.7,496.44,-0.08,3090.15,91.5,0.23,-1.33,-0.1,1.0,0.0,1.0,2,6696,266.8,1.51,0.11,-2.95,-29.68,249,248,3493,0.0352,0.008,-0.003,-0.097,-6.83,0.8,738,-66,-3048,0,0,7032,0.1128,0.02,-0.002,-0.098,-6.03,0.0,762,-131,-5600,0,0,2757,0.0299,-0.012,0.09,-0.01,-4.94,-1.1,812,1979,-1772,0,0,6645,0.1076,0.0,0.046,-0.054,-5.21,-0.82,804,2759,-4675,0,0
79.36,4,2946.2,496.51,-0.08,3090.65,91.6,0.32,-1.31,-0.1,0.0,0.0,1.0,2,6857,287.4,1.62,0.09,-2.95,-30.43,248,249,3400,0.0349,-0.012,-0.002,-0.098,-6.85,0.82,739,-55,-2977,0,0,6895,0.1125,-0.017,-0.001,-0.099,-6.2,0.17,764,-133,-5512,0,0,2891,0.0304,0.026,0.116,0.016,-5.22,-0.82,788,2088,-1856,0,0,6809,0.108,0.022,0.077,-0.023,-5.33,-0.7,782,3048,-4746,0,0
79.38,4,2946.7,496.58,-0.08,3091.16,91.8,0.37,-1.31,-0.1,0.0,0.0,1.0,2,6770,197.3,1.57,0.07,-2.94,-31.19,247,250,3342,0.0345,-0.02,-0.003,-0.097,-6.83,0.8,740,-85,-2926,0,0,6785,0.1119,-0.028,-0.002,-0.098,-6.19,0.16,766,-136,-5419,0,0,3006,0.0311,0.037,0.084,-0.016,-5.25,-0.78,834,2107,-1970,0,0,6964,0.1086,0.029,0.044,-0.056,-5.25,-0.79,829,2738,-4951,0,0
79.4,4,2947.2,496.64,-0.08,3091.66,92.0,0.31,-1.33,-0.1,0.0,0.0,1.0,2,6633,-80.5,1.25,0.05,-2.94,-31.35,246,251,3325,0.0341,-0.019,-0.002,-0.098,-6.84,0.81,742,-77,-2911,0,0,6758,0.1114,-0.029,-0.002,-0.098,-5.96,-0.07,767,-104,-5389,0,0,3031,0.0319,0.04,0.044,-0.056,-5.26,-0.77,806,1908,-2090,0,0,7075,0.1092,0.03,0.009,-0.091,-4.99,-1.04,803,2282,-5112,0,0
79.42,4,2947.7,496.69,-0.08,3092.17,92.0,0.04,-1.38,-0.1,0.0,0.0,1.0,2,6249,-67.4,0.9,0.04,-2.93,-30.54,246,250,3409,0.0339,-0.01,-0.001,-0.099,-6.66,0.63,742,-48,-2971,0,0,6841,0.111,-0.018,-0.001,-0.099,-6.12,0.09,768,-71,-5475,0,0,2936,0.0324,0.025,-0.018,-0.082,-5.09,-0.94,770,173,-2324,0,0,7034,0.1095,0.018,-0.037,-0.063,-5.33,-0.7,779,-1142,-5249,0,0
79.44,4,2948.3,496.74,-0.08,3092.68,91.8,-0.13,-1.39,-0.1,1.0,0.0,1.0,2,6293,-66.6,0.67,0.05,-2.93,-29.79,246,250,3494,0.0341,0.011,0.0,-0.1,-6.86,0.83,741,-21,-3055,0,0,6969,0.1112,0.01,-0.002,-0.098,-6.22,0.19,765,-93,-5560,0,0,2789,0.0322,-0.01,0.038,-0.062,-5.26,-0.78,740,521,-2194,0,0,6891,0.1093,-0.011,0.014,-0.086,-5.37,-0.66,747,-268,-5198,0,0
79.46,4,2948.8,496.79,-0.08,3093.19,91.6,-0.13,-1.39,-0.1,1.0,0.0,1.0,2,6301,122.3,0.67,0.07,-2.93,-29.3,247,249,3546,0.0344,0.014,-0.002,-0.098,-6.83,0.8,740,-47,-3094,0,0,7046,0.1116,0.017,-0.001,-0.099,-6.21,0.18,764,-77,-5623,0,0,2702,0.0317,-0.026,-0.01,-0.09,-5.2,-0.83,773,284,-2135,0,0,6758,0.1089,-0.022,-0.03,-0.07,-5.31,-0.72,780,-748,-5062,0,0
79.48,4,2949.3,496.83,-0.08,3093.69,91.5,-0.12,-1.38,-0.1,1.0,0.0,1.0,2,6417,173.1,0.89,0.08,-2.93,-28.99,248,248,3574,0.0348,0.017,-0.002,-0.098,-6.76,0.73,739,-46,-3119,0,0,7090,0.112,0.023,-0.002,-0.098,-6.17,0.13,762,-86,-5654,0,0,2640,0.0311,-0.03,0.036,-0.064,-5.12,-0.91,738,470,-2071,0,0,6636,0.1084,-0.024,0.014,-0.086,-5.28,-0.75,744,-264,-4983,0,0
79.5,4,2949.8,496.86,-0.08,3094.2,91.3,-0.13,-1.37,-0.1,1.0,0.0,1.0,2,6354,203.0,1.15,0.1,-2.94,-28.84,248,247,3598,0.0351,0.017,-0.002,-0.098,-6.8,0.77,738,-43,-3133,0,0,7145,0.1124,0.021,0.0,-0.1,-6.18,0.15,762,-76,-5682,0,0,2621,0.0305,-0.029,-0.01,-0.09,-5.01,-1.02,771,274,-2053,0,0,6566,0.1079,-0.026,-0.03,-0.07,-5.25,-0.78,777,-720,-4881,0,0
79.52,4,2950.3,496.89,-0.08,3094.71,91.3,0.07,-1.35,-0.1,1.0,0.0,1.0,2,6629,236.5,1.35,0.11,-2.95,-29.23,248,247,3537,0.0354,0.013,-0.002,-0.098,-6.74,0.71,738,-66,-3084,0,0,7099,0.1129,0.023,-0.002,-0.098,-6.18,0.15,761,-113,-5643,0,0,2695,0.0301,-0.02,0.042,-0.058,-5.11,-0.92,800,1506,-1915,0,0,6622,0.1077,-0.01,0.006,-0.094,-5.22,-0.81,799,1718,-4817,0,0
79.54,4,2950.8,496.91,-0.08,3095.21,91.5,0.29,-1.32,-0.1,1.0,0.0,1.0,2,6858,264.3,1.51,0.1,-2.94,-30.02,248,248,3438,0.0352,-0.007,-0.003,-0.097,-6.73,0.7,738,-71,-3002,0,0,6942,0.1128,-0.003,-0.002,-0.098,-6.16,0.13,762,-129,-5537,0,0,2841,0.0303,0.009,0.118,0.018,-5.14,-0.89,789,2098,-1797,0,0,6755,0.1079,0.013,0.078,-0.022,-5.27,-0.76,781,3197,-4644,0,0
79.56,4,2951.3,496.93,-0.08,3095.72,91.7,0.38,-1.3,-0.1,0.0,0.0,1.0,2,6775,285.2,1.62,0.08,-2.94,-30.93,247,249,3367,0.0349,-0.017,-0.002,-0.098,-6.81,0.78,739,-70,-2945,0,0,6788,0.1123,-0.028,-0.003,-0.097,-6.0,-0.03,764,-152,-5413,0,0,2986,0.031,0.034,0.084,-0.016,-5.16,-0.87,832,2106,-1941,0,0,6904,0.1084,0.024,0.044,-0.056,-5.32,-0.71,828,2716,-4900,0,0
79.58,4,2951.8,496.94,-0.08,3096.23,91.9,0.38,-1.31,-0.1,0.0,0.0,1.0,2,6722,199.6,1.57,0.05,-2.92,-31.51,247,250,3321,0.0344,-0.022,-0.003,-0.097,-6.77,0.74,741,-78,-2905,0,0,6661,0.1115,-0.04,-0.003,-0.097,-6.07,0.04,766,-141,-5336,0,0,3079,0.0319,0.045,0.09,-0.01,-5.33,-0.71,813,2278,-1947,0,0,7009,0.1089,0.027,0.044,-0.056,-5.33,-0.7,805,2991,-4946,0,0
79.6,4,2952.3,496.95,-0.08,3096.74,92.0,0.3,-1.33,-0.1,0.0,0.0,1.0,2,6640,-79.6,1.25,0.03,-2.91,-31.44,245,251,3296,0.034,-0.021,-0.003,-0.097,-6.74,0.71,742,-69,-2885,0,0,6666,0.1106,-0.043,-0.002,-0.098,-6.07,0.04,768,-128,-5325,0,0,3066,0.0328,0.044,0.076,-0.024,-5.15,-0.88,763,1905,-2125,0,0,7091,0.1094,0.022,0.038,-0.062,-5.41,-0.62,760,2201,-5169,0,0
79.62,4,2952.8,496.95,-0.08,3097.25,92.0,0.01,-1.38,-0.1,0.0,0.0,1.0,2,6322,-66.8,0.9,0.02,-2.91,-30.48,245,250,3382,0.0338,-0.012,-0.002,-0.098,-6.76,0.73,743,-43,-2954,0,0,6779,0.1102,-0.021,-0.001,-0.099,-6.18,0.15,767,-77,-5420,0,0,2938,0.0332,0.02,0.031,-0.069,-5.28,-0.75,736,361,-2332,0,0,7022,0.1096,0.012,0.009,-0.091,-5.43,-0.6,746,-715,-5283,0,0
79.64,4,2953.3,496.95,-0.08,3097.76,91.8,-0.13,-1.39,-0.1,1.0,0.0,1.0,2,6219,-67.2,0.67,0.03,-2.91,-29.67,245,250,3447,0.0339,0.005,0.0,-0.1,-6.8,0.77,742,-29,-3013,0,0,6912,0.1104,0.008,-0.001,-0.099,-6.17,0.14,766,-85,-5520,0,0,2792,0.0329,-0.017,-0.007,-0.093,-5.21,-0.82,775,343,-2209,0,0,6892,0.1094,-0.014,-0.03,-0.07,-5.28,-0.75,781,-724,-5165,0,0
79.66,4,2953.9,496.94,-0.08,3098.27,91.6,-0.12,-1.38,-0.1,1.0,0.0,1.0,2,6376,122.9,0.67,0.05,-2.92,-29.11,245,249,3509,0.0341,0.011,-0.001,-0.099,-6.82,0.79,740,-32,-3063,0,0,7015,0.1108,0.02,-0.001,-0.099,-6.18,0.15,764,-97,-5588,0,0,2690,0.0323,-0.03,0.037,-0.063,-5.19,-0.84,739,481,-2112,0,0,6761,0.1089,-0.021,0.015,-0.085,-5.31,-0.72,746,-302,-5088,0,0
79.68,4,2954.4,496.93,-0.08,3098.78,91.5,-0.12,-1.38,-0.1,1.0,0.0,1.0,2,6355,172.4,0.89,0.07,-2.92,-28.77,246,248,3547,0.0344,0.015,-0.001,-0.099,-6.81,0.78,739,-33,-3091,0,0,7090,0.1113,0.025,0.0,-0.1,-5.84,-0.19,763,-78,-5622,0,0,2623,0.0316,-0.035,-0.009,-0.091,-5.14,-0.89,772,307,-2068,0,0,6651,0.1084,-0.025,-0.03,-0.07,-5.28,-0.75,778,-702,-4976,0,0
79.7,4,2954.9,496.91,-0.08,3099.29,91.3,-0.12,-1.37,-0.1,1.0,0.0,1.0,2,6414,203.8,1.15,0.09,-2.93,-28.59,247,247,3573,0.0347,0.016,-0.002,-0.098,-6.81,0.78,738,-46,-3113,0,0,7110,0.1119,0.03,-0.002,-0.098,-6.18,0.15,761,-81,-5657,0,0,2605,0.0308,-0.038,0.038,-0.062,-4.76,-1.28,737,469,-2024,0,0,6560,0.108,-0.024,0.015,-0.085,-5.24,-0.8,743,-312,-4903,0,0
79.72,4,2955.4,496.89,-0.08,3099.79,91.2,-0.11,-1.36,-0.1,1.0,0.0,1.0,2,6520,243.2,1.35,0.1,-2.94,-28.54,247,246,3550,0.035,0.014,-0.002,-0.098,-6.79,0.76,737,-35,-3093,0,0,7165,0.1123,0.024,-0.002,-0.098,-6.17,0.14,759,-95,-5682,0,0,2593,0.0302,-0.029,0.081,-0.019,-5.02,-1.01,767,909,-1967,0,0,6554,0.1076,-0.019,0.057,-0.043,-5.03,-1.0,770,791,-4828,0,0
79.74,4,2955.9,496.86,-0.08,3100.3,91.3,0.18,-1.34,-0.1,1.0,0.0,1.0,2,6659,267.8,1.51,0.11,-2.94,-29.15,247,247,3494,0.0351,0.005,-0.003,-0.097,-6.69,0.66,737,-65,-3039,0,0,7011,0.1127,0.017,-0.003,-0.097,-6.05,0.02,760,-113,-5578,0,0,2754,0.03,-0.012,0.087,-0.013,-5.01,-1.02,807,1888,-1810,0,0,6631,0.1076,0.0,0.045,-0.055,-5.22,-0.82,801,2534,-4704,0,0
79.76,4,2956.4,496.82,-0.08,3100.81,91.4,0.31,-1.31,-0.1,1.0,0.0,1.0,2,6845,287.5,1.62,0.09,-2.94,-29.9,247,248,3424,0.0349,-0.008,-0.003,-0.097,-6.7,0.67,738,-64,-2987,0,0,6896,0.1124,-0.017,-0.002,-0.098,-6.15,0.12,762,-114,-5493,0,0,2886,0.0305,0.024,0.116,0.016,-5.13,-0.9,787,2097,-1839,0,0,6769,0.1079,0.015,0.077,-0.023,-5.03,-1.0,780,3095,-4676,0,0
79.78,4,2956.9,496.78,-0.08,3101.31,91.6,0.41,-1.29,-0.1,0.0,0.0,1.0,2,6940,296.0,1.71,0.07,-2.93,-30.96,246,249,3368,0.0346,-0.016,-0.003,-0.097,-6.8,0.77,739,-77,-2940,0,0,6767,0.1118,-0.026,-0.002,-0.098,-6.14,0.11,764,-135,-5400,0,0,3029,0.0312,0.037,0.076,-0.024,-5.23,-0.8,822,2384,-1813,0,0,6930,0.1084,0.027,0.026,-0.074,-5.31,-0.72,812,3514,-4703,0,0
79.8,4,2957.4,496.74,-0.08,3101.82,91.9,0.47,-1.27,-0.1,0.0,0.0,1.0,2,6791,206.1,1.64,0.04,-2.91,-32.02,245,250,3318,0.0342,-0.02,-0.001,-0.099,-6.76,0.73,741,-70,-2899,0,0,6591,0.1109,-0.045,-0.003,-0.097,-6.13,0.1,767,-146,-5282,0,0,3163,0.0323,0.055,0.104,0.004,-5.35,-0.68,822,2525,-1867,0,0,7050,0.109,0.03,0.051,-0.049,-5.46,-0.57,811,3490,-4844,0,0
79.82,4,2957.9,496.68,-0.08,3102.33,92.1,0.32,-1.33,-0.1,0.0,0.0,1.0,2,6633,-81.2,1.29,0.01,-2.9,-31.95,244,251,3292,0.0338,-0.021,-0.001,-0.099,-6.8,0.77,743,-64,-2882,0,0,6655,0.11,-0.046,-0.001,-0.099,-6.15,0.12,769,-103,-5320,0,0,3106,0.0334,0.052,0.073,-0.027,-5.4,-0.63,762,1897,-2174,0,0,7155,0.1096,0.028,0.037,-0.063,-5.41,-0.63,760,2114,-5244,0,0
79.84,4,2958.4,496.63,-0.08,3102.84,92.0,0.01,-1.39,-0.1,0.0,0.0,1.0,2,6327,-66.9,0.93,0.01,-2.9,-30.87,244,251,3356,0.0335,-0.014,-0.002,-0.098,-6.74,0.71,743,-44,-2934,0,0,6759,0.1097,-0.016,-0.001,-0.099,-6.17,0.13,768,-67,-5411,0,0,2936,0.0337,0.017,0.029,-0.071,-5.26,-0.77,737,355,-2342,0,0,7065,0.1099,0.015,0.008,-0.092,-5.36,-0.68,746,-707,-5338,0,0
79.86,4,2958.9,496.57,-0.08,3103.35,91.8,-0.13,-1.39,-0.1,1.0,0.0,1.0,2,6221,-67.2,0.69,0.02,-2.9,-30.01,244,250,3454,0.0336,0.005,-0.002,-0.098,-6.79,0.76,742,-37,-3011,0,0,6929,0.1099,0.01,0.0,-0.1,-6.16,0.13,766,-73,-5521,0,0,2776,0.0332,-0.023,-0.01,-0.09,-5.29,-0.74,775,322,-2210,0,0,6909,0.1095,-0.018,-0.03,-0.07,-5.27,-0.76,781,-721,-5189,0,0
79.88,4,2959.5,496.5,-0.08,3103.85,91.7,-0.12,-1.38,-0.1,1.0,0.0,1.0,2,6379,122.9,0.68,0.03,-2.9,-29.42,245,249,3515,0.0339,0.015,-0.001,-0.099,-6.8,0.76,741,-39,-3062,0,0,6978,0.1103,0.021,-0.001,-0.099,-6.16,0.13,764,-80,-5568,0,0,2712,0.0326,-0.031,0.036,-0.064,-5.15,-0.88,739,482,-2136,0,0,6763,0.109,-0.024,0.015,-0.085,-5.37,-0.66,746,-296,-5089,0,0
79.9,4,2960.0,496.43,-0.08,3104.35,91.5,-0.12,-1.38,-0.1,1.0,0.0,1.0,2,6358,172.4,0.9,0.06,-2.91,-29.07,245,248,3564,0.0343,0.018,-0.001,-0.099,-6.78,0.75,740,-40,-3104,0,0,7097,0.1108,0.025,-0.001,-0.099,-5.93,-0.11,763,-73,-5622,0,0,2613,0.0319,-0.036,-0.01,-0.09,-5.03,-1.0,772,289,-2064,0,0,6640,0.1085,-0.028,-0.03,-0.07,-5.24,-0.8,779,-727,-4984,0,0
79.92,4,2960.5,496.35,-0.08,3104.85,91.4,-0.12,-1.37,-0.1,1.0,0.0,1.0,2,6419,205.2,1.16,0.08,-2.92,-28.85,247,247,3586,0.0346,0.019,-0.001,-0.099,-6.79,0.76,739,-40,-3122,0,0,7123,0.1115,0.033,-0.001,-0.099,-6.0,-0.03,762,-95,-5645,0,0,2594,0.0311,-0.039,0.036,-0.064,-5.14,-0.89,737,458,-2034,0,0,6544,0.108,-0.026,0.014,-0.086,-5.28,-0.76,744,-298,-4928,0,0
79.94,4,2961.0,496.27,-0.08,3105.35,91.2,-0.09,-1.37,-0.1,1.0,0.0,1.0,2,6573,243.6,1.36,0.1,-2.93,-28.84,248,247,3566,0.0349,0.015,-0.001,-0.099,-6.77,0.74,737,-42,-3103,0,0,7168,0.1121,0.033,-0.002,-0.098,-6.14,0.11,761,-92,-5687,0,0,2575,0.0304,-0.036,0.075,-0.025,-5.13,-0.91,760,1133,-1925,0,0,6524,0.1076,-0.018,0.045,-0.055,-5.24,-0.79,760,1247,-4835,0,0
79.96,4,2961.5,496.18,-0.08,3105.85,91.3,0.23,-1.33,-0.1,1.0,0.0,1.0,2,6695,267.4,1.51,0.1,-2.94,-29.6,248,247,3465,0.035,0.003,-0.003,-0.097,-6.73,0.7,738,-75,-3018,0,0,6997,0.1124,0.014,-0.002,-0.098,-6.13,0.09,762,-130,-5564,0,0,2752,0.0301,-0.014,0.089,-0.011,-5.14,-0.89,812,1970,-1779,0,0,6634,0.1075,-0.003,0.048,-0.052,-5.08,-0.96,804,2787,-4662,0,0
79.98,4,2962.0,496.09,-0.08,3106.35,91.5,0.32,-1.31,-0.1,0.77,0.0,1.0,2,6855,287.9,1.63,0.09,-2.93,-30.33,247,248,3417,0.0347,-0.012,-0.002,-0.098,-6.74,0.71,739,-66,-2973,0,0,6891,0.1121,-0.017,-0.002,-0.098,-6.07,0.04,764,-125,-5485,0,0,2883,0.0306,0.025,0.116,0.016,-5.17,-0.86,788,2089,-1851,0,0,6773,0.1079,0.02,0.077,-0.023,-5.26,-0.77,782,3043,-4735,0,0
80.0,4,2962.5,495.99,-0.08,3106.85,91.7,0.37,-1.3,-0.1,0.0,0.0,1.0,2,6781,272.1,1.63,0.07,-2.93,-31.07,246,249,3345,0.0344,-0.016,-0.003,-0.097,-6.73,0.7,740,-79,-2913,0,0,6783,0.1116,-0.023,-0.002,-0.098,-6.07,0.03,766,-132,-5404,0,0,3006,0.0313,0.035,0.085,-0.015,-5.3,-0.73,833,2111,-1971,0,0,6950,0.1085,0.028,0.045,-0.055,-5.4,-0.63,829,2751,-4954,0,0
80.02,4,2963.0,495.89,-0.08,3107.35,91.9,0.36,-1.32,-0.1,0.0,0.0,1.0,2,6606,95.2,1.45,0.04,-2.92,-31.41,245,250,3323,0.0341,-0.017,0.0,-0.1,-6.67,0.64,741,-57,-2897,0,0,6691,0.111,-0.033,-0.002,-0.098,-6.12,0.09,767,-127,-5343,0,0,3072,0.0322,0.043,0.069,-0.031,-5.33,-0.7,796,2034,-2081,0,0,7042,0.1091,0.028,0.027,-0.073,-5.46,-0.57,791,2300,-5134,0,0
80.04,4,2963.5,495.78,-0.08,3107.85,91.9,0.13,-1.37,-0.1,0.0,0.0,1.0,2,6362,-70.2,1.07,0.03,-2.92,-30.69,245,250,3330,0.0337,-0.019,-0.002,-0.098,-6.73,0.7,742,-60,-2909,0,0,6760,0.1104,-0.029,-0.001,-0.099,-6.09,0.06,768,-89,-5392,0,0,2964,0.0328,0.03,0.028,-0.072,-5.21,-0.82,734,675,-2334,0,0,7050,0.1095,0.02,0.005,-0.095,-5.43,-0.6,742,-328,-5334,0,0
80.06,4,2964.0,495.67,-0.08,3108.35,91.8,-0.14,-1.39,-0.1,1.0,0.0,1.0,2,6220,-67.1,0.79,0.04,-2.92,-29.78,245,249,3450,0.0337,0.001,0.0,-0.1,-6.74,0.71,742,-29,-3006,0,0,6930,0.1105,0.004,-0.001,-0.099,-6.04,0.01,766,-78,-5510,0,0,2781,0.0326,-0.011,-0.008,-0.092,-5.28,-0.75,775,312,-2217,0,0,6884,0.1093,-0.008,-0.029,-0.071,-5.33,-0.7,782,-711,-5181,0,0
80.08,4,2964.5,495.55,-0.08,3108.84,91.6,-0.12,-1.38,-0.1,1.0,0.0,1.0,2,6378,122.9,0.75,0.05,-2.92,-29.18,246,249,3484,0.034,0.013,0.0,-0.1,-6.7,0.67,740,-28,-3035,0,0,7002,0.1109,0.023,-0.001,-0.099,-6.12,0.09,764,-75,-5568,0,0,2690,0.0319,-0.031,0.036,-0.064,-5.19,-0.84,739,476,-2124,0,0,6762,0.1089,-0.021,0.014,-0.086,-5.34,-0.69,746,-311,-5099,0,0
80.1,4,2965.0,495.42,-0.08,3109.34,91.4,-0.12,-1.37,-0.1,1.0,0.0,1.0,2,6353,172.4,0.95,0.07,-2.93,-28.8,247,248,3535,0.0342,0.011,-0.001,-0.099,-6.76,0.73,739,-42,-3078,0,0,7053,0.1113,0.017,-0.001,-0.099,-6.14,0.11,763,-86,-5606,0,0,2642,0.0313,-0.032,-0.009,-0.091,-5.15,-0.88,772,285,-2086,0,0,6638,0.1084,-0.025,-0.03,-0.07,-5.3,-0.73,778,-730,-4976,0,0
80.12,4,2965.6,495.29,-0.08,3109.83,91.3,-0.12,-1.37,-0.1,1.0,0.0,1.0,2,6416,213.3,1.2,0.09,-2.94,-28.59,247,247,3580,0.0345,0.017,-0.001,-0.099,-6.77,0.73,738,-38,-3113,0,0,7155,0.1118,0.028,-0.001,-0.099,-6.13,0.1,761,-88,-5665,0,0,2587,0.0306,-0.034,0.036,-0.064,-5.09,-0.94,736,464,-2019,0,0,6561,0.1079,-0.023,0.016,-0.084,-5.2,-0.83,743,-258,-4918,0,0
80.14,4,2966.1,495.16,-0.08,3110.32,91.3,0.1,-1.35,-0.1,1.0,0.0,1.0,2,6632,245.5,1.39,0.1,-2.94,-29.03,247,247,3511,0.0348,0.014,-0.002,-0.098,-6.72,0.69,738,-63,-3054,0,0,7057,0.1123,0.025,-0.002,-0.098,-6.1,0.07,761,-124,-5605,0,0,2695,0.0301,-0.026,0.078,-0.022,-5.11,-0.92,803,1721,-1841,0,0,6601,0.1076,-0.015,0.04,-0.06,-5.19,-0.84,798,2283,-4738,0,0
80.16,4,2966.6,495.02,-0.08,3110.81,91.4,0.3,-1.31,-0.1,1.0,0.0,1.0,2,6855,269.8,1.53,0.09,-2.94,-29.8,247,248,3412,0.0347,-0.008,-0.003,-0.097,-6.68,0.65,738,-69,-2972,0,0,6923,0.1122,-0.008,-0.002,-0.098,-6.11,0.08,763,-127,-5506,0,0,2841,0.0304,0.014,0.117,0.017,-5.15,-0.88,789,2079,-1808,0,0,6754,0.1079,0.013,0.078,-0.022,-5.28,-0.75,782,3107,-4685,0,0
80.18,4,2967.1,494.88,-0.08,3111.29,91.7,0.38,-1.3,-0.1,0.0,0.0,1.0,2,6781,289.0,1.64,0.07,-2.93,-30.65,246,249,3351,0.0343,-0.017,-0.003,-0.097,-6.67,0.64,740,-74,-2923,0,0,6785,0.1117,-0.024,-0.002,-0.098,-6.09,0.06,765,-127,-5405,0,0,2973,0.031,0.032,0.085,-0.015,-5.14,-0.89,833,2102,-1933,0,0,6899,0.1084,0.026,0.045,-0.055,-5.35,-0.68,828,2737,-4907,0,0
80.2,4,2967.6,494.73,-0.08,3111.78,91.9,0.38,-1.3,-0.1,0.0,0.0,1.0,2,6731,201.5,1.59,0.04,-2.92,-31.25,246,250,3329,0.034,-0.016,-0.002,-0.098,-6.75,0.72,741,-68,-2906,0,0,6695,0.111,-0.035,-0.002,-0.098,-6.12,0.08,767,-120,-5349,0,0,3043,0.0319,0.041,0.091,-0.009,-5.23,-0.8,814,2265,-1920,0,0,6982,0.1089,0.023,0.045,-0.055,-5.43,-0.6,805,3030,-4926,0,0
80.22,4,2968.1,494.57,-0.08,3112.27,92.0,0.3,-1.33,-0.1,0.0,0.0,1.0,2,6643,-80.0,1.26,0.02,-2.91,-31.25,244,251,3306,0.0337,-0.017,-0.002,-0.098,-6.54,0.51,743,-66,-2881,0,0,6705,0.1103,-0.034,-0.001,-0.099,-6.09,0.06,768,-102,-5356,0,0,3054,0.0327,0.04,0.075,-0.025,-5.35,-0.68,763,1891,-2128,0,0,7092,0.1093,0.023,0.038,-0.062,-5.37,-0.66,760,2222,-5164,0,0
80.24,4,2968.6,494.41,-0.08,3112.75,91.9,0.01,-1.38,-0.1,0.0,0.0,1.0,2,6323,-66.8,0.91,0.02,-2.91,-30.33,244,250,3399,0.0335,-0.009,-0.001,-0.099,-6.77,0.74,743,-44,-2965,0,0,6841,0.11,-0.014,-0.001,-0.099,-6.12,0.09,768,-60,-5448,0,0,2900,0.033,0.019,0.029,-0.071,-5.31,-0.72,737,345,-2311,0,0,7018,0.1096,0.015,0.009,-0.091,-5.43,-0.6,746,-697,-5293,0,0
80.26,4,2969.1,494.25,-0.08,3113.24,91.8,-0.13,-1.39,-0.1,1.0,0.0,1.0,2,6220,-67.2,0.68,0.03,-2.91,-29.56,244,250,3491,0.0337,0.012,-0.001,-0.099,-6.74,0.71,742,-42,-3041,0,0,6942,0.1104,0.015,-0.001,-0.099,-6.13,0.09,766,-75,-5531,0,0,2789,0.0327,-0.019,-0.009,-0.091,-5.25,-0.78,775,324,-2211,0,0,6867,0.1093,-0.016,-0.029,-0.071,-5.36,-0.67,781,-698,-5163,0,0
80.28,4,2969.6,494.08,-0.08,3113.72,91.6,-0.12,-1.38,-0.1,1.0,0.0,1.0,2,6377,122.9,0.67,0.05,-2.92,-29.03,245,249,3520,0.034,0.016,-0.001,-0.099,-6.65,0.62,741,-41,-3064,0,0,7054,0.1108,0.022,-0.001,-0.099,-6.13,0.1,764,-77,-5606,0,0,2673,0.0321,-0.029,0.037,-0.063,-5.19,-0.84,739,474,-2103,0,0,6749,0.1088,-0.024,0.015,-0.085,-5.32,-0.71,746,-300,-5079,0,0
80.3,4,2970.1,493.9,-0.08,3114.19,91.5,-0.12,-1.37,-0.1,1.0,0.0,1.0,2,6356,172.4,0.89,0.07,-2.93,-28.71,246,248,3532,0.0343,0.015,-0.001,-0.099,-6.75,0.72,740,-35,-3074,0,0,7102,0.1114,0.03,-0.001,-0.099,-6.1,0.07,763,-69,-5637,0,0,2629,0.0314,-0.034,-0.01,-0.09,-5.15,-0.89,772,281,-2071,0,0,6677,0.1084,-0.02,-0.03,-0.07,-5.27,-0.76,778,-719,-4985,0,0
80.32,4,2970.6,493.72,-0.08,3114.67,91.3,-0.12,-1.37,-0.1,1.0,0.0,1.0,2,6416,204.1,1.15,0.09,-2.93,-28.53,247,247,3593,0.0347,0.016,-0.001,-0.099,-6.74,0.71,739,-36,-3127,0,0,7139,0.1119,0.024,-0.001,-0.099,-6.13,0.1,762,-84,-5659,0,0,2591,0.0307,-0.033,0.036,-0.064,-5.1,-0.93,737,460,-2021,0,0,6542,0.1079,-0.025,0.015,-0.085,-5.23,-0.81,743,-290,-4900,0,0
80.34,4,2971.2,493.54,-0.08,3115.14,91.2,-0.11,-1.36,-0.1,1.0,0.0,1.0,2,6522,243.5,1.35,0.11,-2.95,-28.49,248,246,3565,0.035,0.017,-0.001,-0.099,-6.76,0.73,737,-35,-3103,0,0,7194,0.1125,0.03,-0.001,-0.099,-6.06,0.03,760,-92,-5695,0,0,2569,0.0301,-0.034,0.082,-0.018,-5.08,-0.96,767,906,-1947,0,0,6532,0.1075,-0.02,0.057,-0.043,-5.19,-0.84,770,779,-4854,0,0
80.36,4,2971.7,493.35,-0.08,3115.61,91.2,0.18,-1.33,-0.1,1.0,0.0,1.0,2,6662,267.9,1.51,0.11,-2.96,-29.13,248,247,3443,0.035,0.002,-0.003,-0.097,-6.72,0.69,737,-66,-3001,0,0,7058,0.1129,0.022,-0.002,-0.098,-6.1,0.07,761,-132,-5606,0,0,2725,0.0297,-0.017,0.085,-0.015,-5.07,-0.96,808,1858,-1800,0,0,6680,0.1076,0.003,0.044,-0.056,-5.18,-0.85,801,2569,-4714,0,0
80.38,4,2972.2,493.16,-0.08,3116.08,91.4,0.31,-1.31,-0.1,1.0,0.0,1.0,2,6845,287.7,1.62,0.1,-2.96,-29.89,247,247,3390,0.0347,-0.016,-0.002,-0.098,-6.76,0.73,738,-67,-2957,0,0,6921,0.1127,-0.012,-0.002,-0.098,-6.1,0.07,763,-117,-5505,0,0,2877,0.0302,0.023,0.115,0.015,-5.13,-0.9,787,2091,-1834,0,0,6846,0.1081,0.028,0.077,-0.023,-5.23,-0.8,780,3094,-4738,0,0
80.4,4,2972.7,492.96,-0.08,3116.55,91.6,0.41,-1.29,-0.1,0.0,0.0,1.0,2,6942,296.1,1.71,0.07,-2.95,-30.88,246,249,3345,0.0343,-0.018,-0.002,-0.098,-6.74,0.71,739,-74,-2919,0,0,6755,0.1121,-0.029,-0.002,-0.098,-6.1,0.06,765,-137,-5386,0,0,3030,0.031,0.039,0.076,-0.024,-5.19,-0.84,822,2384,-1814,0,0,6979,0.1087,0.028,0.026,-0.074,-5.29,-0.74,813,3527,-4740,0,0
80.42,4,2973.2,492.75,-0.08,3117.02,91.9,0.47,-1.27,-0.1,0.0,0.0,1.0,2,6793,206.1,1.64,0.04,-2.92,-31.91,245,250,3315,0.034,-0.018,-0.003,-0.097,-6.73,0.7,741,-77,-2895,0,0,6599,0.1111,-0.048,-0.002,-0.098,-6.08,0.05,767,-137,-5275,0,0,3139,0.0321,0.056,0.103,0.003,-5.28,-0.75,823,2504,-1856,0,0,7058,0.1092,0.026,0.052,-0.048,-5.43,-0.6,811,3506,-4849,0,0
80.44,4,2973.7,492.54,-0.08,3117.48,92.1,0.32,-1.33,-0.1,0.0,0.0,1.0,2,6638,-81.3,1.29,0.01,-2.91,-31.81,244,251,3302,0.0336,-0.017,-0.002,-0.098,-6.75,0.72,743,-67,-2886,0,0,6603,0.1101,-0.052,-0.001,-0.099,-6.12,0.09,769,-106,-5283,0,0,3111,0.0331,0.052,0.074,-0.026,-5.39,-0.64,763,1898,-2184,0,0,7099,0.1095,0.017,0.037,-0.063,-5.49,-0.54,760,2127,-5225,0,0
80.46,4,2974.2,492.33,-0.08,3117.95,92.0,0.01,-1.38,-0.1,0.0,0.0,1.0,2,6328,-66.9,0.93,0.01,-2.9,-30.75,244,251,3362,0.0334,-0.013,-0.001,-0.099,-6.77,0.74,743,-44,-2937,0,0,6712,0.1096,-0.026,-0.001,-0.099,-6.13,0.1,768,-74,-5368,0,0,2961,0.0335,0.022,0.029,-0.071,-5.34,-0.69,737,354,-2365,0,0,7019,0.1097,0.009,0.009,-0.091,-5.43,-0.6,747,-697,-5307,0,0
80.48,4,2974.7,492.11,-0.08,3118.41,91.8,-0.13,-1.39,-0.1,1.0,0.0,1.0,2,6225,-67.2,0.69,0.02,-2.9,-29.87,244,250,3439,0.0335,0.005,0.0,-0.1,-6.7,0.67,742,-32,-2999,0,0,6872,0.1097,0.007,-0.001,-0.099,-6.13,0.1,766,-81,-5478,0,0,2792,0.0331,-0.02,-0.009,-0.091,-5.28,-0.75,775,327,-2225,0,0,6863,0.1093,-0.019,-0.03,-0.07,-5.38,-0.65,782,-711,-5178,0,0
80.5,4,2975.2,491.88,-0.08,3118.86,91.7,-0.12,-1.38,-0.1,1.0,0.0,1.0,2,6381,122.9,0.68,0.03,-2.91,-29.25,244,249,3488,0.0337,0.011,-0.001,-0.099,-6.73,0.7,741,-37,-3040,0,0,6985,0.1101,0.021,-0.001,-0.099,-6.13,0.1,765,-78,-5561,0,0,2700,0.0325,-0.031,0.037,-0.063,-5.23,-0.8,740,478,-2134,0,0,6763,0.1089,-0.02,0.015,-0.085,-5.34,-0.69,747,-306,-5102,0,0
80.52,4,2975.7,491.66,-0.08,3119.32,91.5,-0.12,-1.37,-0.1,1.0,0.0,1.0,2,6360,172.3,0.9,0.05,-2.92,-28.84,245,248,3516,0.034,0.012,-0.001,-0.099,-6.76,0.73,740,-41,-3062,0,0,7057,0.1106,0.024,-0.001,-0.099,-6.13,0.09,763,-86,-5610,0,0,2647,0.0318,-0.034,-0.01,-0.09,-5.18,-0.85,773,284,-2092,0,0,6683,0.1085,-0.022,-0.03,-0.07,-5.3,-0.73,779,-724,-5008,0,0
80.54,4,2976.2,491.42,-0.08,3119.77,91.4,-0.12,-1.37,-0.1,1.0,0.0,1.0,2,6421,205.2,1.16,0.07,-2.92,-28.57,246,247,3559,0.0343,0.016,-0.001,-0.099,-6.75,0.72,739,-34,-3096,0,0,7108,0.1112,0.031,-0.002,-0.098,-6.09,0.05,762,-88,-5646,0,0,2620,0.0312,-0.033,0.036,-0.064,-5.11,-0.92,737,465,-2054,0,0,6607,0.1081,-0.018,0.015,-0.085,-5.25,-0.78,744,-287,-4956,0,0
80.56,4,2976.8,491.19,-0.08,3120.22,91.2,-0.09,-1.37,-0.1,1.0,0.0,1.0,2,6575,243.6,1.36,0.09,-2.93,-28.51,246,247,3546,0.0346,0.016,-0.001,-0.099,-6.76,0.73,738,-40,-3088,0,0,7127,0.1118,0.031,-0.002,-0.098,-6.13,0.1,761,-85,-5656,0,0,2618,0.0305,-0.032,0.074,-0.026,-5.04,-0.99,760,1154,-1947,0,0,6580,0.1078,-0.017,0.045,-0.055,-5.22,-0.81,760,1280,-4864,0,0
80.58,4,2977.3,490.95,-0.08,3120.66,91.3,0.23,-1.33,-0.1,1.0,0.0,1.0,2,6692,267.5,1.51,0.09,-2.94,-29.24,246,247,3459,0.0346,0.002,-0.002,-0.098,-6.73,0.7,738,-66,-3015,0,0,7006,0.1121,0.011,-0.002,-0.098,-6.1,0.07,762,-133,-5568,0,0,2767,0.0304,-0.009,0.089,-0.011,-5.09,-0.94,811,1975,-1786,0,0,6700,0.1078,0.0,0.047,-0.053,-5.22,-0.81,803,2773,-4716,0,0
80.6,4,2977.8,490.7,-0.08,3121.11,91.5,0.32,-1.31,-0.1,1.0,0.0,1.0,2,6853,288.0,1.63,0.08,-2.94,-29.96,246,248,3409,0.0344,-0.01,-0.002,-0.098,-6.7,0.67,739,-65,-2971,0,0,6906,0.1118,-0.011,-0.002,-0.098,-6.11,0.08,763,-120,-5499,0,0,2876,0.0308,0.02,0.115,0.015,-5.16,-0.87,788,2084,-1842,0,0,6823,0.1082,0.019,0.077,-0.023,-5.28,-0.75,781,3062,-4753,0,0
80.62,4,2978.3,490.45,-0.08,3121.55,91.7,0.41,-1.29,-0.1,0.0,0.0,1.0,2,6955,296.0,1.71,0.05,-2.92,-30.94,246,249,3351,0.0342,-0.014,-0.003,-0.097,-6.74,0.71,740,-77,-2925,0,0,6704,0.1113,-0.027,-0.002,-0.098,-6.11,0.08,765,-139,-5356,0,0,3038,0.0315,0.034,0.077,-0.023,-5.23,-0.81,824,2391,-1821,0,0,6928,0.1086,0.021,0.028,-0.072,-5.31,-0.73,814,3530,-4716,0,0
80.64,4,2978.8,490.19,-0.08,3121.99,92.0,0.47,-1.27,-0.1,0.0,0.0,1.0,2,6806,205.8,1.64,0.02,-2.9,-32.01,245,251,3345,0.0339,-0.013,-0.003,-0.097,-6.75,0.71,742,-76,-2922,0,0,6572,0.1103,-0.049,-0.002,-0.098,-6.1,0.06,768,-132,-5262,0,0,3154,0.0326,0.055,0.104,0.004,-5.33,-0.7,824,2513,-1869,0,0,6996,0.109,0.019,0.053,-0.047,-5.47,-0.56,812,3504,-4814,0,0
80.66,4,2979.3,489.93,-0.08,3122.43,92.2,0.32,-1.33,-0.1,0.0,0.0,1.0,2,6647,-81.4,1.29,0.0,-2.88,-31.93,243,252,3318,0.0336,-0.014,-0.002,-0.098,-6.76,0.73,744,-65,-2900,0,0,6591,0.1093,-0.049,-0.002,-0.098,-6.07,0.03,770,-108,-5281,0,0,3128,0.0336,0.054,0.074,-0.026,-5.42,-0.61,764,1902,-2203,0,0,7064,0.1094,0.019,0.038,-0.062,-5.52,-0.51,761,2120,-5219,0,0
80.68,4,2979.8,489.66,-0.08,3122.87,92.1,0.01,-1.39,-0.1,0.0,0.0,1.0,2,6336,-66.9,0.93,0.0,-2.88,-30.88,244,251,3386,0.0334,-0.011,-0.001,-0.099,-6.74,0.71,744,-44,-2957,0,0,6749,0.1091,-0.014,-0.001,-0.099,-6.13,0.1,769,-62,-5397,0,0,2943,0.034,0.017,0.029,-0.071,-5.37,-0.66,738,355,-2362,0,0,6999,0.1096,0.013,0.008,-0.092,-5.51,-0.53,747,-691,-5317,0,0
80.7,4,2980.3,489.39,-0.08,3123.3,91.9,-0.13,-1.39,-0.1,1.0,0.0,1.0,2,6232,-67.2,0.69,0.01,-2.88,-30.02,244,250,3470,0.0336,0.009,-0.001,-0.099,-6.76,0.73,743,-37,-3026,0,0,6915,0.1093,0.014,-0.001,-0.099,-6.12,0.09,767,-83,-5515,0,0,2784,0.0335,-0.025,-0.009,-0.091,-5.32,-0.71,776,325,-2227,0,0,6849,0.1092,-0.021,-0.03,-0.07,-5.42,-0.61,783,-709,-5191,0,0
80.72,4,2980.8,489.12,-0.08,3123.73,91.8,-0.12,-1.39,-0.1,1.0,0.0,1.0,2,6388,122.8,0.68,0.03,-2.89,-29.44,245,250,3533,0.0339,0.016,-0.001,-0.099,-6.75,0.71,742,-39,-3077,0,0,7014,0.1099,0.028,-0.001,-0.099,-6.1,0.07,766,-77,-5583,0,0,2693,0.0328,-0.033,0.037,-0.063,-5.25,-0.78,740,477,-2137,0,0,6722,0.1088,-0.021,0.015,-0.085,-5.4,-0.63,747,-303,-5097,0,0
80.74,4,2981.3,488.84,-0.08,3124.16,91.6,-0.12,-1.38,-0.1,1.0,0.0,1.0,2,6367,172.2,0.9,0.05,-2.9,-29.05,246,249,3550,0.0342,0.015,-0.001,-0.099,-6.75,0.72,741,-40,-3091,0,0,7095,0.1105,0.03,-0.001,-0.099,-6.12,0.08,764,-83,-5638,0,0,2629,0.0321,-0.037,-0.01,-0.09,-5.2,-0.83,774,285,-2089,0,0,6648,0.1084,-0.022,-0.03,-0.07,-5.34,-0.69,780,-713,-5008,0,0
80.76,4,2981.8,488.55,-0.08,3124.58,91.5,-0.12,-1.38,-0.1,1.0,0.0,1.0,2,6427,205.2,1.16,0.07,-2.91,-28.78,246,248,3563,0.0346,0.017,-0.001,-0.099,-6.74,0.71,740,-38,-3101,0,0,7125,0.1111,0.029,-0.001,-0.099,-6.12,0.09,763,-92,-5659,0,0,2603,0.0314,-0.035,0.037,-0.063,-5.17,-0.86,738,463,-2051,0,0,6566,0.1079,-0.023,0.015,-0.085,-5.31,-0.72,745,-291,-4955,0,0
80.78,4,2982.4,488.27,-0.08,3125.0,91.3,-0.09,-1.37,-0.1,1.0,0.0,1.0,2,6582,243.5,1.36,0.09,-2.92,-28.69,247,247,3550,0.0348,0.013,-0.001,-0.099,-6.75,0.72,739,-40,-3090,0,0,7142,0.1117,0.033,-0.001,-0.099,-6.09,0.05,762,-88,-5668,0,0,2614,0.0307,-0.033,0.074,-0.026,-5.13,-0.9,761,1147,-1956,0,0,6560,0.1076,-0.014,0.045,-0.055,-5.26,-0.77,761,1262,-4877,0,0
80.8,4,2982.9,487.98,-0.08,3125.41,91.4,0.23,-1.33,-0.1,1.0,0.0,1.0,2,6702,267.2,1.51,0.09,-2.93,-29.41,247,248,3450,0.0349,0.002,-0.002,-0.098,-6.73,0.7,739,-67,-3006,0,0,7022,0.1121,0.017,-0.002,-0.098,-6.1,0.07,762,-132,-5579,0,0,2759,0.0304,-0.012,0.089,-0.011,-5.16,-0.87,813,1966,-1792,0,0,6697,0.1077,0.003,0.047,-0.053,-5.27,-0.76,805,2772,-4735,0,0
80.82,4,2983.4,487.68,-0.08,3125.83,91.6,0.32,-1.32,-0.1,1.0,0.0,1.0,2,6862,287.7,1.63,0.08,-2.93,-30.11,246,249,3409,0.0346,-0.012,-0.002,-0.098,-6.73,0.7,740,-68,-2972,0,0,6912,0.1119,-0.011,-0.002,-0.098,-6.1,0.07,764,-120,-5501,0,0,2897,0.0309,0.023,0.116,0.016,-5.21,-0.82,789,2091,-1866,0,0,6845,0.1081,0.024,0.077,-0.023,-5.33,-0.7,782,3063,-4790,0,0
80.84,4,2983.9,487.38,-0.08,3126.24,91.8,0.41,-1.3,-0.1,0.0,0.0,1.0,2,6963,295.7,1.71,0.05,-2.92,-31.04,246,250,3346,0.0343,-0.016,-0.003,-0.097,-6.75,0.71,741,-74,-2921,0,0,6735,0.1114,-0.025,-0.002,-0.098,-6.1,0.07,766,-141,-5378,0,0,3035,0.0316,0.037,0.076,-0.024,-5.31,-0.72,825,2378,-1833,0,0,6968,0.1087,0.027,0.027,-0.073,-5.41,-0.62,815,3524,-4770,0,0
80.86,4,2984.4,487.07,-0.08,3126.65,92.1,0.47,-1.28,-0.1,0.0,0.0,1.0,2,6813,205.6,1.64,0.02,-2.91,-32.06,245,251,3305,0.0339,-0.019,-0.003,-0.097,-6.73,0.7,743,-77,-2887,0,0,6643,0.1106,-0.039,-0.002,-0.098,-6.09,0.06,769,-133,-5310,0,0,3146,0.0326,0.051,0.105,0.005,-5.41,-0.62,825,2501,-1876,0,0,7129,0.1093,0.031,0.052,-0.048,-5.52,-0.51,813,3520,-4926,0,0
80.88,4,2984.9,486.76,-0.08,3127.06,92.3,0.32,-1.34,-0.1,0.0,0.0,1.0,2,6653,-81.5,1.29,0.0,-2.89,-31.9,244,252,3303,0.0335,-0.019,-0.002,-0.098,-6.76,0.73,744,-66,-2887,0,0,6608,0.1097,-0.043,-0.002,-0.098,-6.12,0.09,771,-104,-5290,0,0,3129,0.0337,0.052,0.074,-0.026,-5.45,-0.59,764,1896,-2212,0,0,7171,0.1099,0.028,0.038,-0.062,-5.57,-0.46,762,2134,-5306,0,0
80.9,4,2985.4,486.45,-0.08,3127.46,92.2,0.01,-1.39,-0.1,0.0,0.0,1.0,2,6343,-67.0,0.93,-0.01,-2.89,-30.77,244,252,3359,0.0333,-0.011,-0.001,-0.099,-6.75,0.72,745,-44,-2934,0,0,6742,0.1093,-0.023,-0.001,-0.099,-6.11,0.08,770,-65,-5389,0,0,2950,0.034,0.018,0.029,-0.071,-5.42,-0.62,739,355,-2374,0,0,7075,0.11,0.006,0.009,-0.091,-5.54,-0.49,748,-691,-5384,0,0
80.92,4,2985.9,486.13,-0.08,3127.86,92.0,-0.13,-1.4,-0.1,1.0,0.0,1.0,2,6238,-67.3,0.69,0.0,-2.89,-29.8,244,251,3423,0.0334,0.004,-0.001,-0.099,-6.77,0.74,744,-38,-2988,0,0,6887,0.1094,0.008,-0.001,-0.099,-6.13,0.1,768,-79,-5495,0,0,2795,0.0336,-0.022,-0.009,-0.091,-5.35,-0.68,777,325,-2243,0,0,6937,0.1096,-0.018,-0.029,-0.071,-5.42,-0.61,783,-699,-5262,0,0
80.94,4,2986.4,485.81,-0.08,3128.26,91.9,-0.12,-1.39,-0.1,1.0,0.0,1.0,2,6394,122.8,0.68,0.02,-2.9,-29.17,245,250,3521,0.0337,0.016,-0.001,-0.099,-6.74,0.71,743,-37,-3068,0,0,6995,0.1099,0.021,-0.001,-0.099,-6.13,0.1,766,-78,-5572,0,0,2677,0.0329,-0.036,0.037,-0.063,-5.29,-0.74,741,467,-2131,0,0,6737,0.109,-0.03,0.015,-0.085,-5.42,-0.61,748,-300,-5119,0,0
80.96,4,2986.9,485.48,-0.08,3128.65,91.7,-0.12,-1.38,-0.1,1.0,0.0,1.0,2,6373,172.2,0.9,0.05,-2.91,-28.76,246,249,3527,0.0341,0.017,-0.001,-0.099,-6.77,0.74,742,-38,-3073,0,0,7090,0.1105,0.03,-0.001,-0.099,-6.12,0.09,765,-83,-5638,0,0,2610,0.0321,-0.04,-0.01,-0.09,-5.22,-0.81,774,281,-2079,0,0,6665,0.1085,-0.027,-0.03,-0.07,-5.35,-0.68,781,-711,-5030,0,0
80.98,4,2987.5,485.15,-0.08,3129.03,91.6,-0.12,-1.37,-0.1,1.0,0.0,1.0,2,6433,205.1,1.16,0.07,-2.92,-28.53,247,248,3571,0.0344,0.017,-0.001,-0.099,-6.78,0.75,741,-40,-3110,0,0,7122,0.1111,0.032,-0.001,-0.099,-6.14,0.11,763,-91,-5662,0,0,2590,0.0313,-0.041,0.036,-0.064,-5.18,-0.85,739,456,-2044,0,0,6559,0.108,-0.026,0.015,-0.085,-5.33,-0.7,745,-289,-4956,0,0
81.0,4,2988.0,484.82,-0.08,3129.42,91.4,-0.09,-1.37,-0.1,1.0,0.0,1.0,2,6588,243.4,1.36,0.09,-2.93,-28.51,248,248,3582,0.0348,0.018,-0.001,-0.099,-6.77,0.74,739,-40,-3119,0,0,7200,0.1119,0.04,-0.001,-0.099,-6.12,0.08,762,-92,-5715,0,0,2566,0.0305,-0.037,0.074,-0.026,-5.16,-0.87,762,1125,-1923,0,0,6542,0.1077,-0.015,0.045,-0.055,-5.26,-0.77,762,1266,-4868,0,0
81.02,4,2988.5,484.48,-0.08,3129.8,91.5,0.23,-1.33,-0.1,1.0,0.0,1.0,2,6711,266.9,1.51,0.09,-2.93,-29.29,249,248,3479,0.0349,0.006,-0.002,-0.098,-6.77,0.74,739,-68,-3033,0,0,7003,0.1123,0.02,-0.002,-0.098,-6.08,0.05,763,-132,-5568,0,0,2746,0.0302,-0.017,0.09,-0.01,-5.16,-0.87,814,1960,-1783,0,0,6633,0.1076,-0.003,0.048,-0.052,-5.27,-0.76,806,2766,-4694,0,0
81.04,4,2989.0,484.14,-0.08,3130.18,91.7,0.32,-1.31,-0.1,1.0,0.0,1.0,2,6873,287.3,1.63,0.08,-2.94,-30.05,248,249,3400,0.0347,-0.01,-0.002,-0.098,-6.75,0.72,741,-67,-2967,0,0,6904,0.1119,-0.018,-0.002,-0.098,-6.14,0.11,765,-123,-5502,0,0,2858,0.0306,0.022,0.116,0.016,-5.2,-0.83,790,2073,-1838,0,0,6768,0.1079,0.014,0.077,-0.023,-5.36,-0.68,784,3057,-4741,0,0
81.06,4,2989.5,483.79,-0.08,3130.55,91.9,0.37,-1.3,-0.1,0.0,0.0,1.0,2,6808,301.7,1.71,0.06,-2.93,-30.82,247,250,3327,0.0343,-0.018,-0.002,-0.098,-6.73,0.7,742,-71,-2907,0,0,6786,0.1115,-0.02,-0.002,-0.098,-6.14,0.11,767,-134,-5421,0,0,2991,0.0312,0.03,0.086,-0.014,-5.31,-0.72,836,2106,-1961,0,0,6947,0.1084,0.028,0.045,-0.055,-5.41,-0.62,831,2769,-4965,0,0
81.08,4,2990.0,483.44,-0.08,3130.92,92.1,0.39,-1.31,-0.1,0.0,0.0,1.0,2,6764,207.5,1.64,0.04,-2.92,-31.37,246,251,3299,0.0338,-0.023,-0.002,-0.098,-6.76,0.73,743,-73,-2886,0,0,6691,0.1109,-0.032,-0.002,-0.098,-6.11,0.08,769,-131,-5355,0,0,3067,0.0321,0.044,0.094,-0.006,-5.38,-0.66,819,2294,-1934,0,0,7070,0.1091,0.035,0.047,-0.053,-5.5,-0.53,809,3125,-4990,0,0
81.1,4,2990.5,483.08,-0.08,3131.29,92.2,0.31,-1.34,-0.1,0.0,0.0,1.0,2,6663,-81.5,1.29,0.01,-2.91,-31.28,246,252,3295,0.0335,-0.017,-0.002,-0.098,-6.79,0.76,745,-66,-2884,0,0,6657,0.1101,-0.037,-0.002,-0.098,-6.12,0.09,770,-107,-5334,0,0,3067,0.0329,0.041,0.076,-0.024,-5.38,-0.65,766,1892,-2150,0,0,7107,0.1096,0.021,0.039,-0.061,-5.52,-0.51,763,2207,-5232,0,0
81.12,4,2991.0,482.72,-0.08,3131.66,92.2,0.02,-1.39,-0.1,0.0,0.0,1.0,2,6342,-67.0,0.93,0.01,-2.91,-30.28,245,252,3363,0.0333,-0.012,-0.001,-0.099,-6.78,0.75,745,-44,-2941,0,0,6797,0.1098,-0.019,-0.001,-0.099,-6.14,0.11,770,-66,-5438,0,0,2908,0.0333,0.018,0.029,-0.071,-5.39,-0.64,739,341,-2333,0,0,7043,0.1098,0.01,0.009,-0.091,-5.45,-0.58,748,-688,-5337,0,0
81.14,4,2991.5,482.36,-0.08,3132.02,92.0,-0.13,-1.39,-0.1,1.0,0.0,1.0,2,6238,-67.3,0.69,0.02,-2.91,-29.47,246,251,3451,0.0334,0.009,-0.001,-0.099,-6.77,0.74,744,-36,-3015,0,0,6962,0.11,0.013,-0.001,-0.099,-6.16,0.13,768,-82,-5562,0,0,2742,0.0328,-0.024,-0.009,-0.091,-5.31,-0.72,777,318,-2193,0,0,6883,0.1094,-0.02,-0.029,-0.071,-5.4,-0.64,783,-695,-5205,0,0
81.16,4,2992.1,482.0,-0.08,3132.37,91.9,-0.12,-1.38,-0.1,1.0,0.0,1.0,2,6394,122.8,0.68,0.04,-2.92,-28.94,247,250,3503,0.0337,0.014,-0.001,-0.099,-6.8,0.77,743,-39,-3059,0,0,7051,0.1106,0.027,-0.001,-0.099,-6.14,0.11,766,-79,-5624,0,0,2645,0.0321,-0.037,0.037,-0.063,-5.21,-0.82,741,466,-2094,0,0,6745,0.1089,-0.024,0.015,-0.085,-5.33,-0.7,748,-292,-5102,0,0
81.18,4,2992.6,481.63,-0.08,3132.72,91.7,-0.12,-1.38,-0.1,1.0,0.0,1.0,2,6374,172.2,0.9,0.07,-2.93,-28.62,248,249,3549,0.0341,0.016,-0.001,-0.099,-6.79,0.76,742,-38,-3097,0,0,7083,0.1111,0.027,-0.001,-0.099,-6.15,0.12,765,-86,-5646,0,0,2604,0.0313,-0.038,-0.01,-0.09,-5.17,-0.86,774,278,-2067,0,0,6609,0.1083,-0.028,-0.03,-0.07,-5.32,-0.72,781,-707,-4970,0,0
81.2,4,2993.1,481.25,-0.08,3133.07,91.6,-0.12,-1.37,-0.1,1.0,0.0,1.0,2,6434,205.1,1.16,0.09,-2.94,-28.45,248,248,3562,0.0344,0.018,-0.001,-0.099,-6.8,0.77,741,-38,-3108,0,0,7131,0.1117,0.028,-0.001,-0.099,-6.15,0.12,763,-86,-5682,0,0,2583,0.0306,-0.036,0.037,-0.063,-5.13,-0.9,739,457,-2033,0,0,6540,0.1078,-0.025,0.015,-0.085,-5.28,-0.75,745,-283,-4922,0,0
81.22,4,2993.6,480.88,-0.08,3133.41,91.4,-0.09,-1.37,-0.1,1.0,0.0,1.0,2,6588,243.4,1.36,0.1,-2.94,-28.44,249,248,3540,0.0347,0.014,-0.001,-0.099,-6.86,0.83,739,-40,-3091,0,0,7110,0.1122,0.026,-0.002,-0.098,-6.15,0.12,762,-91,-5663,0,0,2616,0.03,-0.028,0.074,-0.026,-5.11,-0.92,762,1147,-1954,0,0,6522,0.1075,-0.017,0.045,-0.055,-5.22,-0.82,762,1264,-4839,0,0
81.24,4,2994.1,480.5,-0.08,3133.75,91.5,0.23,-1.33,-0.1,1.0,0.0,1.0,2,6708,267.0,1.51,0.1,-2.94,-29.19,249,248,3444,0.0347,0.001,-0.002,-0.098,-6.78,0.75,739,-67,-3009,0,0,6958,0.1123,0.005,-0.002,-0.098,-6.14,0.11,763,-132,-5554,0,0,2770,0.0299,-0.005,0.089,-0.011,-5.11,-0.92,813,1973,-1795,0,0,6627,0.1075,-0.001,0.047,-0.053,-5.23,-0.8,805,2760,-4677,0,0
81.26,4,2994.6,480.12,-0.08,3134.09,91.7,0.32,-1.31,-0.1,1.0,0.0,1.0,2,6869,287.4,1.63,0.08,-2.94,-29.9,248,249,3375,0.0344,-0.015,-0.002,-0.098,-6.79,0.76,741,-67,-2954,0,0,6876,0.1118,-0.022,-0.002,-0.098,-6.23,0.2,765,-121,-5507,0,0,2880,0.0304,0.025,0.115,0.015,-5.19,-0.84,790,2083,-1850,0,0,6786,0.1079,0.019,0.077,-0.023,-5.28,-0.75,783,3059,-4734,0,0
81.28,4,2995.1,479.73,-0.08,3134.42,91.9,0.37,-1.3,-0.1,0.0,0.0,1.0,2,6806,301.8,1.71,0.06,-2.94,-30.69,247,250,3329,0.0341,-0.017,-0.002,-0.098,-6.8,0.77,742,-71,-2917,0,0,6750,0.1114,-0.02,-0.002,-0.098,-6.15,0.12,767,-131,-5410,0,0,2997,0.031,0.03,0.086,-0.014,-5.24,-0.79,835,2111,-1960,0,0,6912,0.1084,0.026,0.045,-0.055,-5.41,-0.62,831,2751,-4928,0,0
81.3,4,2995.6,479.34,-0.08,3134.75,92.1,0.39,-1.3,-0.1,0.0,0.0,1.0,2,6764,207.5,1.64,0.03,-2.93,-31.28,246,251,3284,0.0337,-0.021,-0.002,-0.098,-6.84,0.81,743,-71,-2882,0,0,6656,0.1107,-0.038,-0.002,-0.098,-6.17,0.13,769,-130,-5347,0,0,3076,0.0319,0.044,0.094,-0.006,-5.31,-0.72,819,2305,-1933,0,0,7034,0.1089,0.027,0.047,-0.053,-5.48,-0.55,809,3118,-4959,0,0
81.32,4,2996.1,478.94,-0.08,3135.08,92.2,0.31,-1.34,-0.1,0.0,0.0,1.0,2,6662,-81.5,1.29,0.01,-2.91,-31.22,245,252,3293,0.0333,-0.019,-0.002,-0.098,-6.85,0.82,745,-66,-2894,0,0,6639,0.1099,-0.038,-0.002,-0.098,-6.26,0.22,770,-111,-5344,0,0,3081,0.0328,0.043,0.075,-0.025,-5.35,-0.68,765,1900,-2155,0,0,7091,0.1094,0.025,0.039,-0.061,-5.46,-0.57,762,2204,-5208,0,0
81.34,4,2996.6,478.54,-0.08,3135.4,92.2,0.01,-1.38,-0.1,0.0,0.0,1.0,2,6341,-67.0,0.93,0.01,-2.91,-30.3,245,252,3399,0.0331,-0.006,-0.001,-0.099,-6.85,0.81,745,-43,-2982,0,0,6775,0.1096,-0.018,-0.001,-0.099,-6.2,0.17,770,-68,-5445,0,0,2912,0.0332,0.019,0.029,-0.071,-5.38,-0.65,739,342,-2330,0,0,6973,0.1096,0.008,0.009,-0.091,-5.45,-0.58,748,-690,-5276,0,0
81.36,4,2997.2,478.14,-0.08,3135.71,92.0,-0.14,-1.39,-0.1,1.0,0.0,1.0,2,6238,-67.3,0.69,0.02,-2.91,-29.57,245,251,3471,0.0334,0.014,-0.001,-0.099,-6.84,0.81,744,-37,-3040,0,0,6932,0.1098,0.012,-0.001,-0.099,-6.24,0.21,768,-81,-5563,0,0,2762,0.0328,-0.021,-0.009,-0.091,-5.25,-0.78,777,320,-2200,0,0,6829,0.1091,-0.023,-0.03,-0.07,-5.43,-0.61,783,-699,-5163,0,0
81.38,4,2997.7,477.74,-0.08,3136.03,91.9,-0.12,-1.39,-0.1,1.0,0.0,1.0,2,6394,122.8,0.68,0.04,-2.92,-29.07,246,250,3507,0.0337,0.013,-0.001,-0.099,-6.9,0.87,743,-37,-3071,0,0,7050,0.1104,0.028,-0.001,-0.099,-6.29,0.26,766,-76,-5649,0,0,2668,0.0321,-0.034,0.037,-0.063,-5.19,-0.85,741,470,-2108,0,0,6744,0.1088,-0.019,0.015,-0.085,-5.37,-0.66,748,-297,-5100,0,0
81.4,4,2998.2,477.33,-0.08,3136.33,91.7,-0.13,-1.38,-0.1,1.0,0.0,1.0,2,6374,172.2,0.9,0.06,-2.93,-28.77,247,249,3534,0.034,0.015,-0.001,-0.099,-6.83,0.8,742,-38,-3092,0,0,7133,0.1111,0.037,-0.001,-0.099,-6.19,0.16,765,-84,-5703,0,0,2609,0.0313,-0.038,-0.01,-0.09,-5.12,-0.91,775,282,-2065,0,0,6683,0.1084,-0.016,-0.03,-0.07,-5.25,-0.78,781,-717,-5010,0,0
81.42,4,2998.7,476.92,-0.08,3136.63,91.6,-0.12,-1.38,-0.1,1.0,0.0,1.0,2,6434,205.1,1.16,0.08,-2.94,-28.58,248,248,3534,0.0343,0.015,-0.001,-0.099,-6.83,0.8,740,-39,-3093,0,0,7158,0.1117,0.032,-0.001,-0.099,-6.19,0.16,763,-89,-5716,0,0,2579,0.0306,-0.036,0.037,-0.063,-5.12,-0.91,739,460,-2020,0,0,6617,0.1081,-0.019,0.015,-0.085,-5.23,-0.8,745,-288,-4966,0,0
81.44,4,2999.2,476.51,-0.08,3136.93,91.4,-0.09,-1.37,-0.1,1.0,0.0,1.0,2,6589,243.4,1.36,0.1,-2.96,-28.58,248,248,3559,0.0345,0.012,-0.001,-0.099,-6.85,0.82,739,-40,-3115,0,0,7182,0.1124,0.031,-0.002,-0.098,-6.27,0.24,762,-89,-5740,0,0,2585,0.03,-0.031,0.074,-0.026,-5.08,-0.95,762,1141,-1926,0,0,6587,0.1078,-0.012,0.045,-0.055,-5.19,-0.84,762,1283,-4866,0,0
81.46,4,2999.7,476.1,-0.08,3137.22,91.5,0.23,-1.34,-0.1,1.0,0.0,1.0,2,6706,267.1,1.51,0.1,-2.96,-29.39,248,248,3462,0.0346,0.006,-0.002,-0.098,-6.85,0.82,739,-67,-3033,0,0,7065,0.1128,0.02,-0.002,-0.098,-6.16,0.13,763,-131,-5645,0,0,2735,0.0297,-0.013,0.089,-0.011,-5.12,-0.91,813,1956,-1767,0,0,6722,0.1078,0.001,0.047,-0.053,-5.24,-0.79,805,2775,-4736,0,0
81.48,4,3000.2,475.68,-0.08,3137.51,91.7,0.32,-1.32,-0.1,1.0,0.0,1.0,2,6868,287.5,1.63,0.09,-2.96,-30.18,248,249,3389,0.0345,-0.009,-0.002,-0.098,-6.83,0.8,740,-67,-2971,0,0,6911,0.1125,-0.013,-0.002,-0.098,-6.29,0.26,765,-126,-5539,0,0,2870,0.0302,0.023,0.116,0.016,-5.14,-0.89,790,2084,-1837,0,0,6842,0.1082,0.018,0.077,-0.023,-5.26,-0.77,783,3070,-4770,0,0
81.5,4,3000.7,475.25,-0.08,3137.8,91.9,0.4,-1.3,-0.1,0.0,0.0,1.0,2,6968,295.5,1.71,0.06,-2.95,-31.15,248,250,3307,0.034,-0.022,-0.002,-0.098,-6.92,0.89,742,-74,-2903,0,0,6743,0.1119,-0.028,-0.002,-0.098,-6.18,0.15,767,-135,-5416,0,0,3017,0.0309,0.037,0.076,-0.024,-5.27,-0.76,826,2369,-1818,0,0,7006,0.1088,0.03,0.027,-0.073,-5.36,-0.67,816,3540,-4779,0,0
81.52,4,3001.2,474.83,-0.08,3138.08,92.2,0.47,-1.28,-0.1,0.0,0.0,1.0,2,6820,205.4,1.64,0.03,-2.93,-32.2,247,252,3303,0.0336,-0.019,-0.003,-0.097,-6.85,0.82,743,-78,-2899,0,0,6552,0.1109,-0.053,-0.002,-0.098,-6.23,0.2,770,-137,-5280,0,0,3133,0.032,0.055,0.104,0.004,-5.45,-0.58,826,2489,-1870,0,0,7028,0.1092,0.021,0.052,-0.048,-5.48,-0.55,814,3493,-4847,0,0
81.54,4,3001.7,474.4,-0.08,3138.36,92.3,0.32,-1.33,-0.1,0.0,0.0,1.0,2,6663,-81.5,1.29,0.01,-2.91,-32.13,246,253,3275,0.0333,-0.017,-0.002,-0.098,-6.84,0.81,745,-68,-2878,0,0,6594,0.1098,-0.053,-0.002,-0.098,-6.2,0.16,771,-109,-5317,0,0,3097,0.033,0.05,0.075,-0.025,-5.42,-0.61,766,1892,-2185,0,0,7101,0.1095,0.014,0.038,-0.062,-5.56,-0.47,763,2139,-5252,0,0
81.56,4,3002.3,473.96,-0.08,3138.64,92.3,0.01,-1.39,-0.1,0.0,0.0,1.0,2,6349,-67.0,0.93,0.0,-2.91,-31.07,245,252,3348,0.033,-0.015,-0.001,-0.099,-6.85,0.82,745,-44,-2939,0,0,6755,0.1094,-0.02,-0.001,-0.099,-6.31,0.28,771,-66,-5440,0,0,2926,0.0334,0.017,0.029,-0.071,-5.5,-0.53,739,356,-2358,0,0,7039,0.1098,0.012,0.008,-0.092,-5.49,-0.54,749,-696,-5354,0,0
81.58,4,3002.8,473.53,-0.08,3138.9,92.1,-0.14,-1.4,-0.1,0.27,0.0,1.0,2,6244,-67.3,0.69,0.01,-2.91,-30.2,245,251,3448,0.0332,0.01,-0.001,-0.099,-6.84,0.81,744,-38,-3023,0,0,6902,0.1097,0.013,-0.001,-0.099,-6.26,0.23,768,-73,-5545,0,0,2771,0.0329,-0.022,-0.009,-0.091,-5.33,-0.7,778,327,-2225,0,0,6868,0.1094,-0.019,-0.03,-0.07,-5.55,-0.48,784,-702,-5220,0,0
81.6,4,3003.3,473.09,-0.08,3139.17,92.0,-0.12,-1.39,-0.1,1.0,0.0,1.0,2,6374,59.7,0.65,0.03,-2.91,-29.63,246,250,3515,0.0335,0.016,-0.001,-0.099,-6.86,0.83,743,-40,-3077,0,0,7009,0.1102,0.026,-0.001,-0.099,-6.2,0.17,767,-77,-5612,0,0,2674,0.0322,-0.035,0.037,-0.063,-5.36,-0.67,742,473,-2134,0,0,6729,0.1089,-0.025,0.015,-0.085,-5.5,-0.53,749,-302,-5122,0,0
81.62,4,3003.8,472.65,-0.08,3139.43,91.8,-0.13,-1.39,-0.1,1.0,0.0,1.0,2,6373,162.8,0.78,0.05,-2.93,-29.26,247,250,3522,0.0339,0.016,-0.001,-0.099,-6.82,0.79,742,-37,-3082,0,0,7098,0.1107,0.028,-0.002,-0.098,-6.2,0.17,765,-88,-5678,0,0,2609,0.0315,-0.036,-0.009,-0.091,-5.23,-0.81,775,287,-2084,0,0,6658,0.1084,-0.025,-0.03,-0.07,-5.42,-0.62,781,-714,-5040,0,0
81.64,4,3004.3,472.21,-0.08,3139.68,91.6,-0.12,-1.38,-0.1,1.0,0.0,1.0,2,6434,183.8,1.05,0.08,-2.94,-29.02,248,249,3546,0.0341,0.013,-0.001,-0.099,-6.82,0.79,741,-38,-3101,0,0,7147,0.1114,0.034,-0.001,-0.099,-6.36,0.33,764,-82,-5713,0,0,2579,0.0307,-0.038,0.037,-0.063,-5.25,-0.79,739,460,-2041,0,0,6597,0.1081,-0.017,0.015,-0.085,-5.31,-0.72,746,-292,-4988,0,0
81.66,4,3004.8,471.77,-0.08,3139.93,91.5,-0.12,-1.38,-0.1,1.0,0.0,1.0,2,6378,227.9,1.28,0.1,-2.95,-28.87,248,248,3566,0.0345,0.017,-0.001,-0.099,-6.84,0.81,739,-38,-3120,0,0,7193,0.1121,0.035,-0.001,-0.099,-6.37,0.34,763,-80,-5750,0,0,2586,0.0301,-0.034,-0.01,-0.09,-5.15,-0.88,773,283,-2056,0,0,6578,0.1077,-0.015,-0.03,-0.07,-5.28,-0.75,779,-711,-4952,0,0
81.68,4,3005.3,471.32,-0.08,3140.17,91.5,0.08,-1.36,-0.1,1.0,0.0,1.0,2,6659,256.6,1.45,0.11,-2.97,-29.28,249,248,3498,0.0347,0.012,-0.002,-0.098,-6.8,0.77,739,-58,-3058,0,0,7161,0.1128,0.032,-0.002,-0.098,-6.24,0.21,762,-124,-5723,0,0,2637,0.0296,-0.025,0.081,-0.019,-5.26,-0.77,807,1681,-1815,0,0,6645,0.1076,-0.005,0.042,-0.058,-5.35,-0.69,801,2305,-4813,0,0
81.7,4,3005.8,470.87,-0.08,3140.41,91.6,0.3,-1.33,-0.1,1.0,0.0,1.0,2,6876,278.0,1.58,0.1,-2.98,-30.11,249,249,3422,0.0345,-0.008,-0.002,-0.098,-6.81,0.78,740,-68,-2995,0,0,7033,0.1129,0.005,-0.002,-0.098,-6.27,0.24,764,-123,-5635,0,0,2782,0.0297,0.007,0.119,0.019,-5.2,-0.84,791,2045,-1777,0,0,6800,0.108,0.019,0.079,-0.021,-5.31,-0.72,784,3139,-4742,0,0
81.72,4,3006.3,470.42,-0.08,3140.65,91.8,0.37,-1.31,-0.1,0.0,0.0,1.0,2,6805,294.9,1.68,0.08,-2.97,-31.04,249,250,3363,0.0343,-0.013,-0.002,-0.098,-6.78,0.75,741,-75,-2943,0,0,6834,0.1126,-0.015,-0.002,-0.098,-6.14,0.11,766,-140,-5469,0,0,2942,0.0302,0.027,0.087,-0.013,-5.4,-0.64,836,2084,-1929,0,0,6912,0.1085,0.024,0.046,-0.054,-5.42,-0.61,831,2780,-4939,0,0
81.74,4,3006.8,469.96,-0.08,3140.88,92.0,0.38,-1.31,-0.1,0.0,0.0,1.0,2,6759,204.1,1.61,0.06,-2.95,-31.72,249,251,3322,0.0339,-0.018,-0.003,-0.097,-6.85,0.82,742,-77,-2911,0,0,6699,0.1118,-0.04,-0.002,-0.098,-6.19,0.16,768,-138,-5376,0,0,3024,0.0311,0.043,0.094,-0.006,-5.45,-0.58,818,2260,-1916,0,0,6980,0.1089,0.021,0.047,-0.053,-5.51,-0.52,809,3077,-4945,0,0
81.76,4,3007.4,469.5,-0.08,3141.1,92.2,0.3,-1.34,-0.1,0.0,0.0,1.0,2,6663,-80.9,1.28,0.04,-2.94,-31.71,248,252,3294,0.0335,-0.02,-0.002,-0.098,-6.95,0.92,744,-63,-2893,0,0,6641,0.1109,-0.043,-0.002,-0.098,-6.17,0.14,770,-114,-5330,0,0,3039,0.0319,0.042,0.077,-0.023,-5.47,-0.56,766,1887,-2136,0,0,7026,0.1093,0.019,0.039,-0.061,-5.56,-0.47,763,2214,-5185,0,0
81.78,4,3007.9,469.04,-0.08,3141.33,92.1,0.02,-1.38,-0.1,0.0,0.0,1.0,2,6337,-66.9,0.92,0.03,-2.93,-30.75,247,251,3348,0.0333,-0.013,-0.001,-0.099,-6.89,0.86,744,-45,-2937,0,0,6792,0.1104,-0.025,0.0,-0.1,-6.34,0.31,769,-55,-5450,0,0,2890,0.0324,0.022,0.029,-0.071,-5.38,-0.65,738,347,-2325,0,0,6987,0.1095,0.009,0.008,-0.092,-5.49,-0.54,747,-698,-5323,0,0
81.8,4,3008.4,468.58,-0.08,3141.54,92.0,-0.13,-1.39,-0.1,1.0,0.0,1.0,2,6232,-67.2,0.68,0.04,-2.93,-29.93,247,250,3456,0.0334,0.007,-0.001,-0.099,-6.89,0.86,743,-32,-3031,0,0,6922,0.1106,0.011,-0.001,-0.099,-6.16,0.13,767,-84,-5534,0,0,2763,0.032,-0.02,-0.009,-0.091,-5.35,-0.69,776,324,-2223,0,0,6835,0.1092,-0.015,-0.03,-0.07,-5.46,-0.57,783,-694,-5198,0,0
81.82,4,3008.9,468.12,-0.08,3141.75,91.8,-0.12,-1.39,-0.1,1.0,0.0,1.0,2,6389,122.8,0.68,0.05,-2.94,-29.35,247,250,3469,0.0337,0.013,-0.001,-0.099,-6.79,0.76,742,-32,-3031,0,0,7035,0.111,0.017,-0.002,-0.098,-6.19,0.16,765,-79,-5629,0,0,2659,0.0314,-0.026,0.037,-0.063,-5.4,-0.63,741,470,-2128,0,0,6748,0.1087,-0.023,0.015,-0.085,-5.5,-0.54,747,-300,-5135,0,0
81.84,4,3009.4,467.65,-0.08,3141.96,91.6,-0.12,-1.38,-0.1,1.0,0.0,1.0,2,6368,172.2,0.9,0.07,-2.95,-28.95,248,249,3511,0.0339,0.01,-0.001,-0.099,-6.81,0.77,741,-41,-3064,0,0,7099,0.1115,0.028,-0.001,-0.099,-6.14,0.11,764,-84,-5663,0,0,2613,0.0308,-0.033,-0.01,-0.09,-5.21,-0.82,774,283,-2088,0,0,6673,0.1084,-0.016,-0.03,-0.07,-5.34,-0.69,780,-713,-5041,0,0
81.86,4,3009.9,467.18,-0.08,3142.16,91.5,-0.12,-1.38,-0.1,1.0,0.0,1.0,2,6428,204.5,1.16,0.09,-2.96,-28.71,249,248,3564,0.0343,0.018,0.0,-0.1,-6.83,0.8,740,-29,-3113,0,0,7146,0.1121,0.027,-0.002,-0.098,-6.17,0.13,763,-99,-5698,0,0,2591,0.0302,-0.031,0.037,-0.063,-5.2,-0.83,738,457,-2049,0,0,6581,0.108,-0.021,0.015,-0.085,-5.29,-0.74,745,-280,-4973,0,0
81.88,4,3010.4,466.72,-0.08,3142.35,91.4,-0.09,-1.37,-0.1,1.0,0.0,1.0,2,6582,243.0,1.36,0.11,-2.97,-28.67,249,247,3558,0.0346,0.016,-0.001,-0.099,-6.77,0.74,738,-33,-3107,0,0,7172,0.1126,0.028,-0.002,-0.098,-6.15,0.12,761,-93,-5707,0,0,2580,0.0296,-0.029,0.074,-0.026,-5.16,-0.87,761,1135,-1933,0,0,6540,0.1076,-0.018,0.045,-0.055,-5.27,-0.76,761,1260,-4874,0,0
81.9,4,3010.9,466.24,-0.08,3142.55,91.5,0.23,-1.33,-0.1,1.0,0.0,1.0,2,6704,266.8,1.51,0.11,-2.97,-29.44,249,248,3474,0.0347,0.004,-0.002,-0.098,-6.84,0.81,738,-70,-3037,0,0,7008,0.1129,0.013,-0.002,-0.098,-6.11,0.08,762,-137,-5589,0,0,2754,0.0294,-0.01,0.09,-0.01,-5.16,-0.87,813,1961,-1794,0,0,6641,0.1076,-0.002,0.047,-0.053,-5.3,-0.74,805,2759,-4709,0,0
81.92,4,3011.4,465.77,-0.08,3142.73,91.6,0.32,-1.32,-0.1,1.0,0.0,1.0,2,6866,287.3,1.62,0.1,-2.97,-30.18,249,249,3403,0.0345,-0.008,-0.002,-0.098,-6.77,0.74,740,-69,-2975,0,0,6921,0.1125,-0.018,-0.002,-0.098,-6.18,0.15,764,-129,-5537,0,0,2876,0.0299,0.028,0.116,0.016,-5.21,-0.82,790,2079,-1856,0,0,6807,0.108,0.019,0.077,-0.023,-5.41,-0.62,783,3054,-4785,0,0
81.94,4,3011.9,465.29,-0.08,3142.91,91.8,0.37,-1.31,-0.1,0.0,0.0,1.0,2,6800,301.8,1.71,0.07,-2.96,-30.93,248,250,3352,0.0342,-0.015,-0.002,-0.098,-6.74,0.71,741,-70,-2933,0,0,6783,0.1121,-0.021,-0.002,-0.098,-6.1,0.07,766,-127,-5420,0,0,3021,0.0307,0.037,0.086,-0.014,-5.3,-0.73,835,2120,-1989,0,0,6971,0.1086,0.031,0.045,-0.055,-5.41,-0.62,830,2756,-5005,0,0
81.96,4,3012.5,464.81,-0.08,3143.09,92.0,0.39,-1.31,-0.1,0.0,0.0,1.0,2,6758,207.6,1.64,0.05,-2.94,-31.46,247,251,3313,0.0338,-0.019,-0.003,-0.097,-6.75,0.71,742,-77,-2900,0,0,6695,0.1114,-0.038,-0.002,-0.098,-6.27,0.24,768,-128,-5377,0,0,3077,0.0316,0.048,0.094,-0.006,-5.48,-0.55,818,2296,-1948,0,0,7073,0.1092,0.029,0.047,-0.053,-5.58,-0.45,809,3120,-5012,0,0
81.98,4,3013.0,464.33,-0.08,3143.26,92.2,0.31,-1.34,-0.1,0.0,0.0,1.0,2,6655,-81.5,1.29,0.02,-2.93,-31.38,246,252,3321,0.0335,-0.017,-0.003,-0.097,-6.75,0.72,744,-67,-2911,0,0,6684,0.1106,-0.037,-0.001,-0.099,-6.11,0.08,769,-79,-5372,0,0,3067,0.0325,0.044,0.076,-0.024,-5.38,-0.65,765,1887,-2159,0,0,7124,0.1097,0.024,0.039,-0.061,-5.5,-0.53,762,2205,-5250,0,0
82.0,4,3013.5,463.85,-0.08,3143.43,92.1,0.02,-1.39,-0.1,0.0,0.0,1.0,2,6336,-66.9,0.93,0.02,-2.93,-30.41,246,251,3376,0.0333,-0.008,-0.002,-0.098,-6.8,0.77,744,-42,-2956,0,0,6804,0.1103,-0.018,0.0,-0.1,-6.15,0.12,769,-62,-5444,0,0,2909,0.0329,0.017,0.029,-0.071,-5.37,-0.66,738,345,-2337,0,0,7039,0.1098,0.006,0.009,-0.091,-5.47,-0.56,747,-678,-5348,0,0
82.02,4,3014.0,463.36,-0.08,3143.59,91.9,-0.13,-1.4,-0.1,1.0,0.0,1.0,2,6231,-67.2,0.69,0.03,-2.93,-29.59,246,250,3473,0.0335,0.01,-0.002,-0.098,-6.76,0.73,743,-38,-3038,0,0,6931,0.1104,0.009,0.0,-0.1,-6.33,0.3,767,-65,-5545,0,0,2769,0.0325,-0.019,-0.009,-0.091,-5.27,-0.76,776,316,-2215,0,0,6864,0.1094,-0.02,-0.029,-0.071,-5.54,-0.49,783,-694,-5211,0,0
82.04,4,3014.5,462.88,-0.08,3143.75,91.8,-0.12,-1.39,-0.1,1.0,0.0,1.0,2,6387,122.8,0.68,0.05,-2.93,-29.03,247,250,3512,0.0338,0.014,-0.001,-0.099,-6.76,0.73,742,-40,-3066,0,0,7040,0.1109,0.023,-0.001,-0.099,-6.2,0.17,766,-91,-5616,0,0,2669,0.0319,-0.031,0.036,-0.064,-5.25,-0.78,741,469,-2119,0,0,6758,0.1089,-0.022,0.015,-0.085,-5.48,-0.55,747,-293,-5120,0,0
82.06,4,3015.0,462.39,-0.08,3143.9,91.6,-0.12,-1.38,-0.1,1.0,0.0,1.0,2,6366,172.3,0.9,0.07,-2.94,-28.67,247,249,3540,0.0341,0.016,-0.001,-0.099,-6.74,0.71,741,-37,-3086,0,0,7107,0.1115,0.028,-0.002,-0.098,-6.13,0.1,764,-86,-5658,0,0,2626,0.0312,-0.034,-0.01,-0.09,-5.15,-0.88,774,277,-2085,0,0,6680,0.1085,-0.022,-0.029,-0.071,-5.45,-0.58,780,-710,-5044,0,0
82.08,4,3015.5,461.91,-0.08,3144.04,91.5,-0.12,-1.38,-0.1,1.0,0.0,1.0,2,6427,205.2,1.16,0.09,-2.95,-28.43,248,248,3549,0.0344,0.013,-0.002,-0.098,-6.76,0.73,740,-45,-3094,0,0,7159,0.1121,0.03,-0.001,-0.099,-6.25,0.22,763,-74,-5707,0,0,2587,0.0305,-0.033,0.036,-0.064,-5.12,-0.91,738,456,-2036,0,0,6633,0.1082,-0.016,0.015,-0.085,-5.23,-0.8,744,-276,-4982,0,0
82.1,4,3016.0,461.42,-0.08,3144.18,91.4,-0.09,-1.37,-0.1,1.0,0.0,1.0,2,6581,243.5,1.36,0.11,-2.96,-28.39,249,247,3560,0.0347,0.015,-0.001,-0.099,-6.94,0.91,738,-33,-3113,0,0,7146,0.1126,0.028,-0.001,-0.099,-6.28,0.25,761,-95,-5690,0,0,2609,0.0299,-0.031,0.073,-0.027,-5.07,-0.96,761,1143,-1948,0,0,6579,0.1078,-0.018,0.045,-0.055,-5.21,-0.82,761,1271,-4878,0,0
82.12,4,3016.5,460.93,-0.08,3144.32,91.5,0.23,-1.33,-0.1,1.0,0.0,1.0,2,6700,267.3,1.51,0.1,-2.96,-29.16,249,248,3477,0.0348,0.005,-0.001,-0.099,-7.01,0.98,738,-60,-3043,0,0,7019,0.1128,0.011,-0.002,-0.098,-6.09,0.06,762,-134,-5599,0,0,2760,0.0297,-0.008,0.09,-0.01,-5.08,-0.95,812,1966,-1793,0,0,6687,0.1078,-0.002,0.047,-0.053,-5.25,-0.78,804,2764,-4722,0,0
82.14,4,3017.0,460.44,-0.08,3144.45,91.6,0.32,-1.32,-0.1,1.0,0.0,1.0,2,6860,287.7,1.63,0.09,-2.96,-29.92,248,249,3421,0.0347,-0.007,-0.001,-0.099,-6.99,0.96,739,-69,-2993,0,0,6921,0.1125,-0.015,-0.002,-0.098,-6.24,0.21,764,-125,-5535,0,0,2880,0.0303,0.026,0.115,0.015,-5.16,-0.87,789,2080,-1852,0,0,6825,0.1082,0.018,0.076,-0.024,-5.34,-0.69,782,3063,-4763,0,0
82.16,4,3017.5,459.94,-0.08,3144.58,91.8,0.37,-1.31,-0.1,0.0,0.0,1.0,2,6795,302.1,1.71,0.07,-2.95,-30.72,247,250,3371,0.0344,-0.013,-0.003,-0.097,-6.72,0.69,741,-70,-2951,0,0,6791,0.1121,-0.022,-0.001,-0.099,-6.27,0.24,766,-126,-5437,0,0,3007,0.031,0.035,0.086,-0.014,-5.42,-0.61,834,2107,-1975,0,0,6963,0.1087,0.026,0.045,-0.055,-5.32,-0.71,829,2767,-4956,0,0
82.18,4,3018.1,459.45,-0.08,3144.7,92.0,0.38,-1.31,-0.1,0.0,0.0,1.0,2,6755,207.8,1.64,0.05,-2.93,-31.35,247,251,3334,0.0341,-0.014,-0.002,-0.098,-6.86,0.83,742,-73,-2917,0,0,6700,0.1114,-0.035,-0.001,-0.099,-6.09,0.06,768,-123,-5362,0,0,3064,0.0318,0.044,0.094,-0.006,-5.41,-0.62,818,2294,-1927,0,0,7042,0.1091,0.022,0.047,-0.053,-5.53,-0.51,808,3114,-4957,0,0
82.2,4,3018.6,458.95,-0.08,3144.81,92.2,0.31,-1.34,-0.1,0.0,0.0,1.0,2,6653,-81.5,1.29,0.02,-2.92,-31.32,246,252,3322,0.0338,-0.018,-0.001,-0.099,-6.97,0.94,744,-57,-2910,0,0,6684,0.1107,-0.037,-0.002,-0.098,-6.21,0.18,769,-126,-5361,0,0,3061,0.0327,0.043,0.075,-0.025,-5.37,-0.66,764,1889,-2143,0,0,7108,0.1096,0.023,0.038,-0.062,-5.53,-0.5,761,2196,-5218,0,0
82.22,4,3019.1,458.45,-0.08,3144.92,92.1,0.01,-1.39,-0.1,0.0,0.0,1.0,2,6334,-66.9,0.93,0.02,-2.92,-30.36,245,251,3387,0.0336,-0.01,-0.002,-0.098,-6.77,0.74,744,-53,-2964,0,0,6833,0.1103,-0.016,0.0,-0.1,-6.11,0.08,769,-73,-5462,0,0,2918,0.0331,0.018,0.029,-0.071,-5.26,-0.78,738,345,-2328,0,0,7073,0.1098,0.012,0.009,-0.091,-5.54,-0.49,747,-674,-5363,0,0
82.24,4,3019.6,457.95,-0.08,3145.03,91.9,-0.14,-1.4,-0.1,1.0,0.0,1.0,2,6230,-67.2,0.69,0.03,-2.92,-29.59,246,250,3497,0.0338,0.011,0.0,-0.1,-6.97,0.94,743,-33,-3059,0,0,6955,0.1106,0.014,-0.002,-0.098,-6.11,0.08,767,-91,-5550,0,0,2774,0.0327,-0.018,-0.009,-0.091,-5.34,-0.69,776,323,-2213,0,0,6892,0.1095,-0.015,-0.029,-0.071,-5.48,-0.55,782,-686,-5198,0,0
82.26,4,3020.1,457.45,-0.08,3145.13,91.8,-0.12,-1.39,-0.1,1.0,0.0,1.0,2,6385,122.9,0.68,0.05,-2.92,-29.08,247,250,3543,0.0341,0.017,0.0,-0.1,-6.74,0.71,742,-25,-3095,0,0,7046,0.111,0.021,-0.002,-0.098,-6.17,0.14,765,-102,-5619,0,0,2678,0.0321,-0.03,0.036,-0.064,-5.15,-0.88,740,472,-2112,0,0,6755,0.109,-0.026,0.015,-0.085,-5.26,-0.77,747,-299,-5081,0,0
82.28,4,3020.6,456.95,-0.08,3145.22,91.6,-0.12,-1.38,-0.1,1.0,0.0,1.0,2,6365,172.3,0.9,0.07,-2.93,-28.77,247,249,3558,0.0345,0.018,-0.001,-0.099,-6.86,0.83,741,-44,-3105,0,0,7093,0.1115,0.026,0.001,-0.099,-6.49,0.46,764,-50,-5663,0,0,2634,0.0314,-0.035,-0.01,-0.09,-5.17,-0.87,773,274,-2081,0,0,6657,0.1085,-0.027,-0.03,-0.07,-5.21,-0.82,780,-729,-4990,0,0
82.3,4,3021.1,456.45,-0.08,3145.31,91.5,-0.12,-1.38,-0.1,1.0,0.0,1.0,2,6426,205.2,1.16,0.09,-2.94,-28.61,248,248,3585,0.0348,0.018,-0.001,-0.099,-6.88,0.85,739,-40,-3126,0,0,7148,0.1121,0.029,-0.001,-0.099,-6.19,0.16,763,-91,-5685,0,0,2603,0.0308,-0.032,0.037,-0.063,-5.05,-0.98,738,465,-2034,0,0,6584,0.108,-0.022,0.014,-0.086,-5.18,-0.85,744,-279,-4942,0,0
82.32,4,3021.6,455.95,-0.08,3145.39,91.3,-0.11,-1.37,-0.1,1.0,0.0,1.0,2,6531,244.3,1.36,0.11,-2.95,-28.55,249,247,3608,0.0352,0.016,-0.001,-0.099,-6.71,0.68,738,-26,-3148,0,0,7186,0.1127,0.029,-0.002,-0.098,-6.1,0.07,761,-88,-5709,0,0,2600,0.0302,-0.029,0.084,-0.016,-5.05,-0.98,768,924,-1974,0,0,6544,0.1077,-0.017,0.06,-0.04,-5.52,-0.51,771,802,-4890,0,0
82.34,4,3022.1,455.44,-0.08,3145.47,91.4,0.2,-1.34,-0.1,1.0,0.0,1.0,2,6713,266.8,1.51,0.11,-2.95,-29.28,249,248,3502,0.0353,0.006,-0.002,-0.098,-6.69,0.66,738,-73,-3054,0,0,7082,0.1131,0.02,-0.003,-0.097,-6.04,0.01,761,-150,-5644,0,0,2734,0.0299,-0.015,0.093,-0.007,-5.03,-1.0,814,1969,-1755,0,0,6672,0.1077,-0.001,0.049,-0.051,-5.16,-0.87,806,2849,-4673,0,0
82.36,4,3022.6,454.94,-0.08,3145.54,91.6,0.32,-1.31,-0.1,1.0,0.0,1.0,2,6855,287.9,1.63,0.1,-2.95,-30.11,248,248,3437,0.0351,-0.008,-0.003,-0.097,-6.71,0.68,739,-79,-2997,0,0,6912,0.1128,-0.012,0.0,-0.1,-6.34,0.31,764,-98,-5513,0,0,2895,0.0303,0.023,0.115,0.015,-5.09,-0.94,788,2097,-1854,0,0,6801,0.108,0.018,0.077,-0.023,-5.21,-0.82,782,3055,-4735,0,0
82.38,4,3023.2,454.44,-0.08,3145.61,91.8,0.37,-1.31,-0.1,0.0,0.0,1.0,2,6792,302.3,1.71,0.08,-2.94,-30.91,248,250,3367,0.0348,-0.017,-0.003,-0.097,-6.78,0.75,740,-64,-2946,0,0,6801,0.1124,-0.024,-0.002,-0.098,-6.2,0.17,766,-130,-5426,0,0,2999,0.031,0.035,0.086,-0.014,-5.37,-0.66,834,2114,-1958,0,0,6954,0.1086,0.028,0.044,-0.056,-5.35,-0.68,829,2749,-4942,0,0
82.4,4,3023.7,453.93,-0.08,3145.68,92.0,0.39,-1.31,-0.1,0.0,0.0,1.0,2,6750,208.0,1.64,0.05,-2.93,-31.56,247,251,3352,0.0344,-0.018,-0.003,-0.097,-6.69,0.66,742,-82,-2928,0,0,6686,0.1116,-0.036,-0.003,-0.097,-6.05,0.02,767,-148,-5343,0,0,3067,0.0319,0.043,0.094,-0.006,-5.46,-0.58,817,2299,-1929,0,0,7012,0.1091,0.025,0.047,-0.053,-5.56,-0.47,808,3131,-4920,0,0
82.42,4,3024.2,453.42,-0.08,3145.73,92.1,0.31,-1.34,-0.1,0.0,0.0,1.0,2,6649,-81.4,1.29,0.03,-2.91,-31.55,246,251,3330,0.0341,-0.016,-0.002,-0.098,-6.7,0.67,743,-58,-2912,0,0,6671,0.1108,-0.044,-0.002,-0.098,-6.06,0.03,768,-101,-5343,0,0,3063,0.0328,0.044,0.076,-0.024,-5.28,-0.75,764,1897,-2133,0,0,7068,0.1094,0.016,0.038,-0.062,-5.43,-0.6,761,2181,-5181,0,0
82.44,4,3024.7,452.91,-0.08,3145.79,92.1,0.01,-1.38,-0.1,0.0,0.0,1.0,2,6329,-66.9,0.93,0.03,-2.91,-30.62,246,251,3382,0.0338,-0.014,-0.001,-0.099,-6.69,0.66,744,-49,-2948,0,0,6816,0.1104,-0.02,-0.001,-0.099,-6.09,0.06,769,-72,-5449,0,0,2896,0.0331,0.015,0.028,-0.072,-5.26,-0.77,737,334,-2309,0,0,7009,0.1096,0.009,0.008,-0.092,-5.42,-0.61,747,-721,-5283,0,0
82.46,4,3025.2,452.4,-0.08,3145.83,91.9,-0.13,-1.39,-0.1,1.0,0.0,1.0,2,6228,-67.2,0.69,0.04,-2.91,-29.84,246,250,3478,0.034,0.007,-0.002,-0.098,-6.68,0.65,742,-34,-3038,0,0,6949,0.1106,0.013,-0.001,-0.099,-6.24,0.21,767,-79,-5546,0,0,2768,0.0326,-0.022,-0.009,-0.091,-5.19,-0.84,776,325,-2198,0,0,6863,0.1093,-0.016,-0.03,-0.07,-5.32,-0.71,782,-710,-5173,0,0
82.48,4,3025.7,451.89,-0.08,3145.87,91.8,-0.12,-1.38,-0.1,1.0,0.0,1.0,2,6385,122.9,0.68,0.06,-2.92,-29.36,247,249,3545,0.0343,0.017,-0.002,-0.098,-6.78,0.74,741,-39,-3092,0,0,7032,0.111,0.021,-0.002,-0.098,-6.08,0.05,765,-102,-5595,0,0,2679,0.032,-0.03,0.036,-0.064,-5.15,-0.89,740,473,-2108,0,0,6712,0.1088,-0.025,0.014,-0.086,-5.31,-0.72,747,-315,-5055,0,0
82.5,4,3026.2,451.39,-0.08,3145.91,91.6,-0.12,-1.38,-0.1,1.0,0.0,1.0,2,6361,172.3,0.9,0.08,-2.93,-29.04,247,249,3555,0.0346,0.016,-0.002,-0.098,-6.71,0.68,740,-39,-3094,0,0,7106,0.1116,0.026,-0.002,-0.098,-6.14,0.11,764,-84,-5644,0,0,2630,0.0314,-0.034,-0.01,-0.09,-5.25,-0.78,773,285,-2085,0,0,6641,0.1083,-0.025,-0.031,-0.069,-5.26,-0.77,779,-741,-4994,0,0
82.52,4,3026.7,450.88,-0.08,3145.94,91.5,-0.12,-1.37,-0.1,1.0,0.0,1.0,2,6425,205.2,1.16,0.1,-2.94,-28.85,248,248,3590,0.0349,0.015,-0.002,-0.098,-6.69,0.66,739,-47,-3124,0,0,7174,0.1122,0.032,-0.002,-0.098,-6.02,-0.01,762,-93,-5699,0,0,2593,0.0307,-0.033,0.036,-0.064,-5.08,-0.95,738,466,-2035,0,0,6582,0.108,-0.016,0.014,-0.086,-5.29,-0.74,744,-273,-4928,0,0
82.54,4,3027.2,450.37,-0.08,3145.97,91.3,-0.09,-1.37,-0.1,1.0,0.0,1.0,2,6577,243.6,1.36,0.11,-2.95,-28.83,249,247,3574,0.0353,0.016,-0.001,-0.099,-6.65,0.62,738,-37,-3103,0,0,7186,0.1128,0.03,-0.001,-0.099,-6.2,0.17,761,-80,-5692,0,0,2601,0.0301,-0.029,0.074,-0.026,-5.03,-1.0,760,1160,-1931,0,0,6566,0.1076,-0.016,0.044,-0.056,-5.26,-0.77,761,1254,-4878,0,0
82.56,4,3027.7,449.87,-0.08,3145.99,91.4,0.23,-1.33,-0.1,1.0,0.0,1.0,2,6696,267.4,1.51,0.11,-2.95,-29.58,249,248,3483,0.0353,0.0,-0.001,-0.099,-6.63,0.6,738,-52,-3025,0,0,7019,0.1131,0.014,-0.002,-0.098,-5.99,-0.04,762,-150,-5556,0,0,2771,0.0299,-0.011,0.09,-0.01,-5.06,-0.97,812,1979,-1794,0,0,6680,0.1077,0.003,0.047,-0.053,-5.3,-0.73,804,2764,-4716,0,0
82.58,4,3028.2,449.36,-0.08,3146.0,91.6,0.32,-1.31,-0.1,0.86,0.0,1.0,2,6857,287.8,1.63,0.1,-2.95,-30.28,248,249,3410,0.035,-0.013,-0.002,-0.098,-6.63,0.6,739,-76,-2968,0,0,6887,0.1127,-0.02,-0.001,-0.099,-6.0,-0.03,764,-116,-5462,0,0,2908,0.0304,0.027,0.116,0.016,-5.11,-0.92,788,2102,-1868,0,0,6830,0.1081,0.02,0.077,-0.023,-5.23,-0.8,782,3071,-4769,0,0
82.6,4,3028.8,448.85,-0.08,3146.01,91.8,0.37,-1.3,-0.1,0.0,0.0,1.0,2,6785,283.4,1.66,0.07,-2.94,-30.98,248,250,3357,0.0347,-0.017,-0.001,-0.099,-6.91,0.87,740,-70,-2928,0,0,6748,0.112,-0.032,-0.001,-0.099,-6.28,0.25,765,-78,-5390,0,0,3030,0.0313,0.041,0.084,-0.016,-5.19,-0.84,833,2122,-1985,0,0,6956,0.1086,0.026,0.047,-0.053,-5.33,-0.7,829,2780,-4944,0,0
82.62,4,3029.3,448.34,-0.08,3146.01,92.0,0.37,-1.31,-0.1,0.0,0.0,1.0,2,6668,137.6,1.52,0.05,-2.92,-31.42,247,251,3334,0.0344,-0.016,-0.002,-0.098,-6.63,0.6,742,-80,-2903,0,0,6675,0.1113,-0.038,-0.002,-0.098,-6.08,0.05,768,-127,-5318,0,0,3083,0.0321,0.044,0.079,-0.021,-5.25,-0.78,805,2158,-2029,0,0,7031,0.1091,0.021,0.036,-0.064,-5.36,-0.67,798,2650,-5055,0,0
82.64,4,3029.8,447.83,-0.08,3146.01,92.1,0.2,-1.36,-0.1,0.0,0.0,1.0,2,6442,-74.9,1.15,0.03,-2.92,-30.93,245,251,3311,0.034,-0.019,-0.003,-0.097,-6.7,0.67,743,-69,-2885,0,0,6746,0.1107,-0.031,-0.002,-0.098,-6.15,0.12,767,-59,-5389,0,0,3008,0.0328,0.033,0.008,-0.092,-5.32,-0.71,784,1181,-2293,0,0,7103,0.1095,0.022,-0.019,-0.081,-5.76,-0.27,787,682,-5410,0,0
82.66,4,3030.3,447.31,-0.08,3146.01,92.0,-0.01,-1.39,-0.1,1.0,0.0,1.0,2,6366,-67.1,0.84,0.03,-2.92,-30.03,246,251,3399,0.0338,-0.011,0.001,-0.099,-6.95,0.92,743,-24,-2968,0,0,6864,0.1106,-0.005,0.001,-0.099,-6.27,0.23,768,-43,-5474,0,0,2861,0.0329,0.003,0.032,-0.068,-5.33,-0.7,738,511,-2261,0,0,7008,0.1097,0.009,0.01,-0.09,-5.31,-0.72,746,-422,-5273,0,0
82.68,4,3030.8,446.8,-0.08,3145.99,91.8,-0.13,-1.39,-0.1,1.0,0.0,1.0,2,6351,122.0,0.79,0.04,-2.92,-29.29,246,250,3479,0.034,0.01,-0.002,-0.098,-6.69,0.66,742,-50,-3026,0,0,6988,0.1109,0.015,-0.002,-0.098,-6.07,0.04,766,-95,-5545,0,0,2743,0.0324,-0.022,-0.009,-0.091,-5.31,-0.72,775,307,-2176,0,0,6877,0.1093,-0.017,-0.03,-0.07,-5.29,-0.74,782,-725,-5165,0,0
82.7,4,3031.3,446.3,-0.08,3145.98,91.7,-0.12,-1.38,-0.1,1.0,0.0,1.0,2,6425,173.1,0.98,0.06,-2.93,-28.79,247,249,3523,0.0342,0.013,0.0,-0.1,-6.62,0.59,741,-44,-3061,0,0,7055,0.1113,0.023,-0.002,-0.098,-6.0,-0.03,764,-105,-5586,0,0,2665,0.0318,-0.03,0.035,-0.065,-5.15,-0.88,739,449,-2091,0,0,6753,0.1089,-0.021,0.015,-0.085,-5.37,-0.66,746,-333,-5082,0,0
82.72,4,3031.8,445.79,-0.08,3145.95,91.5,-0.12,-1.37,-0.1,1.0,0.0,1.0,2,6370,216.6,1.22,0.08,-2.94,-28.51,247,248,3563,0.0346,0.017,-0.001,-0.099,-6.63,0.6,740,-30,-3090,0,0,7117,0.1118,0.025,0.0,-0.1,-6.28,0.24,763,-51,-5648,0,0,2622,0.0312,-0.033,-0.009,-0.091,-5.3,-0.73,772,293,-2069,0,0,6654,0.1084,-0.025,-0.03,-0.07,-5.15,-0.88,778,-722,-4964,0,0
82.74,4,3032.3,445.28,-0.08,3145.93,91.5,0.08,-1.35,-0.1,1.0,0.0,1.0,2,6643,248.5,1.41,0.09,-2.94,-28.86,248,248,3527,0.0348,0.014,0.0,-0.1,-6.62,0.59,739,-45,-3062,0,0,7076,0.1123,0.024,0.0,-0.1,-6.24,0.21,763,-97,-5614,0,0,2671,0.0306,-0.028,0.077,-0.023,-5.09,-0.94,804,1689,-1828,0,0,6644,0.1081,-0.018,0.042,-0.058,-5.14,-0.89,799,2275,-4768,0,0
82.76,4,3032.8,444.77,-0.08,3145.89,91.7,0.3,-1.31,-0.1,1.0,0.0,1.0,2,6869,271.8,1.55,0.08,-2.94,-29.68,248,249,3448,0.0348,-0.003,-0.003,-0.097,-6.64,0.61,740,-73,-2998,0,0,6930,0.1122,-0.003,-0.001,-0.099,-5.98,-0.05,764,-101,-5491,0,0,2813,0.0306,0.003,0.118,0.018,-5.25,-0.79,790,2071,-1782,0,0,6737,0.1081,0.002,0.078,-0.022,-5.33,-0.71,783,3121,-4669,0,0
82.78,4,3033.3,444.26,-0.08,3145.86,91.9,0.37,-1.3,-0.1,0.0,0.0,1.0,2,6794,290.4,1.65,0.07,-2.93,-30.57,247,250,3386,0.0345,-0.013,-0.003,-0.097,-6.71,0.68,741,-77,-2948,0,0,6788,0.1118,-0.024,-0.003,-0.097,-5.99,-0.04,766,-160,-5390,0,0,2966,0.0312,0.03,0.085,-0.015,-5.14,-0.9,834,2099,-1927,0,0,6878,0.1085,0.019,0.045,-0.055,-5.43,-0.6,829,2771,-4889,0,0
82.8,4,3033.9,443.75,-0.08,3145.81,92.1,0.38,-1.3,-0.1,0.0,0.0,1.0,2,6743,202.0,1.59,0.04,-2.92,-31.23,247,251,3353,0.0342,-0.016,-0.002,-0.098,-6.62,0.58,742,-62,-2923,0,0,6681,0.1111,-0.035,-0.003,-0.097,-6.05,0.02,768,-158,-5320,0,0,3044,0.032,0.039,0.09,-0.01,-5.29,-0.74,816,2263,-1922,0,0,6956,0.1089,0.02,0.047,-0.053,-5.61,-0.42,807,3065,-4895,0,0
82.82,4,3034.4,443.24,-0.08,3145.76,92.2,0.3,-1.33,-0.1,0.0,0.0,1.0,2,6655,-80.3,1.26,0.02,-2.9,-31.26,246,252,3337,0.0339,-0.015,-0.003,-0.097,-6.63,0.6,744,-69,-2910,0,0,6668,0.1103,-0.038,-0.003,-0.097,-6.04,0.0,769,-124,-5313,0,0,3050,0.0328,0.04,0.075,-0.025,-5.25,-0.78,765,1895,-2122,0,0,7015,0.1092,0.017,0.04,-0.06,-5.35,-0.68,762,2210,-5122,0,0
82.84,4,3034.9,442.73,-0.08,3145.71,92.2,0.01,-1.38,-0.1,0.0,0.0,1.0,2,6333,-66.9,0.91,0.02,-2.9,-30.35,245,252,3387,0.0337,-0.011,-0.002,-0.098,-6.66,0.63,744,-35,-2953,0,0,6800,0.1099,-0.019,0.0,-0.1,-6.25,0.22,769,-36,-5419,0,0,2915,0.0332,0.017,0.029,-0.071,-5.41,-0.62,738,342,-2333,0,0,6976,0.1094,0.008,0.008,-0.092,-5.41,-0.62,747,-724,-5260,0,0
82.86,4,3035.4,442.23,-0.08,3145.65,92.0,-0.13,-1.39,-0.1,1.0,0.0,1.0,2,6230,-67.2,0.68,0.03,-2.9,-29.59,245,251,3484,0.0339,0.009,-0.002,-0.098,-6.73,0.7,743,-35,-3036,0,0,6949,0.1102,0.014,-0.002,-0.098,-6.01,-0.02,767,-67,-5531,0,0,2777,0.0328,-0.018,-0.009,-0.091,-5.38,-0.65,776,330,-2211,0,0,6844,0.1091,-0.013,-0.031,-0.069,-5.36,-0.67,782,-711,-5141,0,0
82.88,4,3035.9,441.72,-0.08,3145.58,91.8,-0.12,-1.38,-0.1,1.0,0.0,1.0,2,6386,122.9,0.67,0.05,-2.91,-29.11,246,250,3536,0.0342,0.016,-0.002,-0.098,-6.71,0.68,742,-48,-3076,0,0,7041,0.1107,0.024,-0.002,-0.098,-6.05,0.02,765,-48,-5596,0,0,2683,0.0322,-0.03,0.036,-0.064,-5.21,-0.82,741,458,-2113,0,0,6718,0.1087,-0.022,0.015,-0.085,-5.22,-0.81,747,-316,-5031,0,0
82.9,4,3036.4,441.22,-0.08,3145.51,91.7,-0.12,-1.38,-0.1,1.0,0.0,1.0,2,6366,172.3,0.89,0.07,-2.92,-28.8,247,249,3556,0.0345,0.017,-0.001,-0.099,-6.64,0.6,741,-29,-3085,0,0,7118,0.1113,0.029,-0.001,-0.099,-6.0,-0.03,764,-101,-5646,0,0,2637,0.0315,-0.033,-0.01,-0.09,-5.04,-0.99,773,288,-2081,0,0,6655,0.1083,-0.021,-0.03,-0.07,-5.18,-0.85,779,-703,-4987,0,0
82.92,4,3036.9,440.71,-0.08,3145.44,91.5,-0.12,-1.37,-0.1,1.0,0.0,1.0,2,6426,204.1,1.15,0.09,-2.93,-28.61,248,248,3582,0.0348,0.016,-0.002,-0.098,-6.67,0.64,740,-47,-3108,0,0,7173,0.1119,0.033,-0.001,-0.099,-6.08,0.05,763,-105,-5678,0,0,2606,0.0309,-0.033,0.036,-0.064,-5.02,-1.01,738,454,-2032,0,0,6604,0.108,-0.015,0.015,-0.085,-5.35,-0.68,744,-264,-4948,0,0
82.94,4,3037.4,440.21,-0.08,3145.36,91.4,-0.11,-1.37,-0.1,1.0,0.0,1.0,2,6533,243.4,1.35,0.11,-2.94,-28.54,248,247,3601,0.0352,0.016,-0.002,-0.098,-6.64,0.61,738,-44,-3132,0,0,7200,0.1126,0.033,-0.002,-0.098,-6.2,0.17,761,-97,-5703,0,0,2609,0.0303,-0.03,0.081,-0.019,-5.01,-1.02,768,906,-1988,0,0,6574,0.1077,-0.013,0.059,-0.041,-5.41,-0.63,771,828,-4889,0,0
82.96,4,3037.9,439.71,-0.08,3145.27,91.5,0.2,-1.34,-0.1,1.0,0.0,1.0,2,6714,266.2,1.51,0.11,-2.95,-29.25,248,248,3497,0.0353,0.007,-0.003,-0.097,-6.64,0.61,738,-68,-3033,0,0,7071,0.113,0.021,-0.003,-0.097,-6.01,-0.02,762,-176,-5589,0,0,2747,0.03,-0.014,0.091,-0.009,-5.03,-1.0,814,1970,-1770,0,0,6693,0.1077,0.001,0.049,-0.051,-5.17,-0.86,806,2846,-4683,0,0
82.98,4,3038.4,439.21,-0.08,3145.18,91.6,0.32,-1.31,-0.1,1.0,0.0,1.0,2,6856,287.4,1.62,0.1,-2.95,-30.12,249,249,3441,0.0351,-0.01,0.0,-0.1,-6.91,0.88,740,-56,-3000,0,0,6940,0.1128,-0.013,-0.002,-0.098,-5.98,-0.05,764,-145,-5508,0,0,2858,0.0304,0.02,0.114,0.014,-5.08,-0.95,788,2078,-1822,0,0,6792,0.1081,0.018,0.075,-0.025,-5.21,-0.82,782,3047,-4713,0,0
83.0,4,3039.0,438.71,-0.08,3145.09,91.8,0.37,-1.3,-0.1,0.0,0.0,1.0,2,6794,301.9,1.71,0.08,-2.94,-30.99,248,250,3384,0.0348,-0.013,-0.002,-0.098,-6.61,0.58,740,-70,-2946,0,0,6792,0.1123,-0.026,-0.003,-0.097,-6.08,0.05,766,-188,-5401,0,0,2991,0.0311,0.032,0.086,-0.014,-5.13,-0.9,834,2115,-1950,0,0,6905,0.1085,0.019,0.045,-0.055,-5.25,-0.79,829,2752,-4903,0,0
83.02,4,3039.5,438.21,-0.08,3144.98,92.0,0.39,-1.3,-0.1,0.0,0.0,1.0,2,6754,207.7,1.64,0.05,-2.92,-31.64,247,251,3335,0.0345,-0.019,-0.003,-0.097,-6.63,0.59,742,-83,-2902,0,0,6696,0.1115,-0.035,-0.003,-0.097,-6.01,-0.03,768,-106,-5324,0,0,3056,0.0319,0.041,0.094,-0.006,-5.22,-0.81,817,2301,-1910,0,0,7004,0.109,0.025,0.046,-0.054,-5.48,-0.55,808,3113,-4916,0,0
83.04,4,3040.0,437.71,-0.08,3144.88,92.2,0.31,-1.33,-0.1,0.0,0.0,1.0,2,6651,-81.4,1.29,0.03,-2.91,-31.63,246,252,3332,0.0341,-0.018,-0.002,-0.098,-6.62,0.59,743,-40,-2908,0,0,6672,0.1107,-0.041,-0.002,-0.098,-6.16,0.13,769,-116,-5333,0,0,3064,0.0327,0.042,0.076,-0.024,-5.26,-0.77,764,1900,-2140,0,0,7056,0.1093,0.02,0.038,-0.062,-5.54,-0.49,761,2207,-5177,0,0
83.06,4,3040.5,437.21,-0.08,3144.77,92.1,0.01,-1.38,-0.1,0.0,0.0,1.0,2,6332,-66.9,0.93,0.03,-2.91,-30.69,246,251,3402,0.0339,-0.01,-0.003,-0.097,-6.71,0.68,744,-56,-2967,0,0,6805,0.1103,-0.021,-0.002,-0.098,-6.05,0.01,769,-100,-5415,0,0,2927,0.0331,0.021,0.028,-0.072,-5.32,-0.71,738,335,-2336,0,0,7005,0.1096,0.011,0.008,-0.092,-5.41,-0.62,747,-716,-5283,0,0
83.08,4,3041.0,436.71,-0.08,3144.65,92.0,-0.13,-1.39,-0.1,1.0,0.0,1.0,2,6229,-67.2,0.69,0.04,-2.91,-29.89,246,251,3476,0.0341,0.008,0.001,-0.099,-6.94,0.91,743,-12,-3026,0,0,6958,0.1106,0.013,0.0,-0.1,-6.26,0.23,767,-65,-5544,0,0,2778,0.0328,-0.018,-0.008,-0.092,-5.16,-0.87,776,321,-2207,0,0,6880,0.1093,-0.014,-0.028,-0.072,-5.28,-0.75,782,-686,-5172,0,0
83.1,4,3041.5,436.22,-0.08,3144.53,91.8,-0.12,-1.39,-0.1,1.0,0.0,1.0,2,6387,122.8,0.68,0.05,-2.92,-29.33,247,250,3535,0.0343,0.014,-0.001,-0.099,-6.79,0.76,742,-45,-3074,0,0,7052,0.1111,0.024,-0.002,-0.098,-6.01,-0.02,766,-127,-5586,0,0,2694,0.0322,-0.03,0.036,-0.064,-5.18,-0.85,740,471,-2126,0,0,6765,0.1089,-0.02,0.014,-0.086,-5.31,-0.72,747,-324,-5096,0,0
83.12,4,3042.0,435.72,-0.08,3144.4,91.7,-0.12,-1.38,-0.1,1.0,0.0,1.0,2,6365,172.3,0.9,0.07,-2.92,-29.01,247,249,3571,0.0347,0.017,-0.001,-0.099,-6.61,0.58,741,-34,-3101,0,0,7105,0.1116,0.027,0.0,-0.1,-6.29,0.26,763,-80,-5636,0,0,2644,0.0315,-0.032,-0.01,-0.09,-5.09,-0.95,774,280,-2092,0,0,6665,0.1084,-0.022,-0.03,-0.07,-5.34,-0.7,780,-745,-4981,0,0
83.14,4,3042.5,435.23,-0.08,3144.27,91.5,-0.12,-1.37,-0.1,1.0,0.0,1.0,2,6425,205.2,1.16,0.09,-2.93,-28.81,248,248,3588,0.035,0.017,-0.002,-0.098,-6.66,0.63,740,-51,-3114,0,0,7160,0.1122,0.029,-0.002,-0.098,-5.98,-0.06,762,-69,-5661,0,0,2610,0.0309,-0.032,0.037,-0.063,-5.02,-1.01,738,465,-2041,0,0,6603,0.108,-0.02,0.014,-0.086,-5.17,-0.86,744,-318,-4947,0,0
83.16,4,3043.0,434.74,-0.08,3144.13,91.4,-0.11,-1.37,-0.1,1.0,0.0,1.0,2,6529,244.3,1.36,0.11,-2.95,-28.74,249,247,3597,0.0353,0.015,0.0,-0.1,-6.81,0.78,739,-40,-3122,0,0,7198,0.1128,0.03,-0.003,-0.097,-6.11,0.08,761,-113,-5702,0,0,2591,0.0303,-0.031,0.083,-0.017,-4.98,-1.05,768,925,-1964,0,0,6562,0.1077,-0.016,0.057,-0.043,-5.29,-0.74,771,745,-4901,0,0
83.18,4,3043.5,434.26,-0.08,3143.99,91.4,0.2,-1.34,-0.1,1.0,0.0,1.0,2,6714,266.8,1.51,0.12,-2.95,-29.46,249,248,3510,0.0354,0.006,-0.002,-0.098,-6.56,0.53,738,-51,-3046,0,0,7076,0.1132,0.022,-0.001,-0.099,-6.2,0.17,762,-111,-5600,0,0,2729,0.0299,-0.017,0.093,-0.007,-5.01,-1.02,814,1967,-1753,0,0,6663,0.1077,-0.001,0.05,-0.05,-5.13,-0.9,806,2875,-4656,0,0
83.2,4,3044.1,433.77,-0.08,3143.84,91.6,0.33,-1.31,-0.1,0.44,0.0,1.0,2,6852,288.0,1.63,0.1,-2.95,-30.34,250,249,3440,0.0353,-0.009,-0.003,-0.097,-6.64,0.61,739,-86,-2987,0,0,6930,0.113,-0.014,-0.004,-0.096,-6.05,0.02,763,-193,-5490,0,0,2854,0.0303,0.019,0.119,0.019,-5.08,-0.95,788,2091,-1811,0,0,6767,0.108,0.014,0.076,-0.024,-5.43,-0.61,781,3039,-4730,0,0
83.22,4,3044.6,433.28,-0.08,3143.69,91.8,0.37,-1.3,-0.1,0.0,0.0,1.0,2,6774,197.4,1.58,0.08,-2.94,-31.16,249,250,3384,0.0349,-0.016,-0.002,-0.098,-6.81,0.78,740,-63,-2948,0,0,6798,0.1124,-0.026,-0.001,-0.099,-5.93,-0.11,766,-93,-5400,0,0,2974,0.0309,0.031,0.087,-0.013,-5.42,-0.61,834,2102,-1944,0,0,6888,0.1084,0.021,0.047,-0.053,-5.28,-0.75,829,2789,-4881,0,0
83.24,4,3045.1,432.8,-0.08,3143.53,92.0,0.31,-1.33,-0.1,0.0,0.0,1.0,2,6635,-80.5,1.25,0.06,-2.93,-31.35,248,251,3331,0.0346,-0.018,-0.003,-0.097,-6.73,0.69,741,-77,-2905,0,0,6774,0.1118,-0.033,-0.004,-0.096,-6.01,-0.02,767,-129,-5399,0,0,3003,0.0317,0.038,0.045,-0.055,-5.26,-0.77,807,1891,-2077,0,0,7010,0.1089,0.023,0.007,-0.093,-5.34,-0.69,803,2225,-5132,0,0
83.26,4,3045.6,432.31,-0.08,3143.36,91.9,0.04,-1.38,-0.1,0.0,0.0,1.0,2,6246,-67.4,0.9,0.06,-2.93,-30.55,247,250,3391,0.0343,-0.015,-0.002,-0.098,-6.67,0.64,743,-62,-2948,0,0,6867,0.1114,-0.018,0.002,-0.098,-6.26,0.23,768,-15,-5458,0,0,2908,0.0322,0.024,-0.02,-0.08,-5.26,-0.77,770,156,-2319,0,0,7003,0.1093,0.02,-0.037,-0.063,-5.38,-0.65,778,-1144,-5251,0,0
83.28,4,3046.1,431.83,-0.08,3143.2,91.8,-0.13,-1.39,-0.1,1.0,0.0,1.0,2,6288,-66.6,0.67,0.06,-2.94,-29.77,247,249,3470,0.0344,0.004,-0.002,-0.098,-6.66,0.63,741,-36,-3013,0,0,6988,0.1116,0.011,-0.003,-0.097,-5.97,-0.06,765,-98,-5529,0,0,2773,0.0319,-0.013,0.037,-0.063,-5.32,-0.72,740,510,-2185,0,0,6887,0.1092,-0.006,0.014,-0.086,-5.26,-0.77,746,-248,-5177,0,0
83.3,4,3046.6,431.35,-0.08,3143.02,91.6,-0.12,-1.38,-0.1,1.0,0.0,1.0,2,6296,122.4,0.67,0.08,-2.94,-29.23,248,249,3526,0.0346,0.011,0.0,-0.1,-6.56,0.53,740,-38,-3061,0,0,7069,0.112,0.018,0.0,-0.1,-6.21,0.18,763,-70,-5606,0,0,2695,0.0314,-0.024,-0.011,-0.089,-5.09,-0.94,773,273,-2130,0,0,6781,0.1088,-0.016,-0.031,-0.069,-5.26,-0.78,779,-761,-5070,0,0
83.32,4,3047.1,430.88,-0.08,3142.85,91.5,-0.12,-1.37,-0.1,1.0,0.0,1.0,2,6412,173.2,0.89,0.09,-2.95,-28.89,248,248,3566,0.0349,0.015,-0.002,-0.098,-6.65,0.62,739,-51,-3086,0,0,7117,0.1124,0.023,-0.002,-0.098,-5.98,-0.05,763,-125,-5608,0,0,2650,0.0309,-0.027,0.035,-0.065,-5.08,-0.95,737,469,-2078,0,0,6686,0.1085,-0.019,0.013,-0.087,-5.31,-0.72,743,-280,-5023,0,0
83.34,4,3047.6,430.4,-0.08,3142.66,91.3,-0.12,-1.37,-0.1,1.0,0.0,1.0,2,6350,203.0,1.15,0.11,-2.95,-28.65,249,247,3581,0.0352,0.015,-0.001,-0.099,-6.55,0.52,738,-39,-3094,0,0,7161,0.1129,0.024,-0.002,-0.098,-5.96,-0.07,761,-72,-5650,0,0,2625,0.0304,-0.026,-0.01,-0.09,-4.99,-1.04,770,290,-2060,0,0,6632,0.1081,-0.017,-0.026,-0.074,-5.1,-0.93,776,-665,-4948,0,0
83.36,4,3048.1,429.93,-0.08,3142.48,91.3,0.08,-1.35,-0.1,1.0,0.0,1.0,2,6626,236.7,1.35,0.12,-2.96,-28.95,249,247,3537,0.0354,0.011,0.0,-0.1,-6.52,0.49,737,-37,-3055,0,0,7094,0.1133,0.02,0.001,-0.099,-5.89,-0.15,761,-76,-5582,0,0,2693,0.03,-0.02,0.042,-0.058,-5.2,-0.83,800,1500,-1922,0,0,6648,0.1079,-0.011,0.008,-0.092,-5.31,-0.72,799,1697,-4856,0,0
83.38,4,3048.6,429.46,-0.08,3142.28,91.4,0.29,-1.32,-0.1,1.0,0.0,1.0,2,6853,264.4,1.51,0.11,-2.96,-29.75,249,248,3465,0.0353,-0.005,-0.003,-0.097,-6.56,0.53,738,-58,-3000,0,0,6958,0.1132,-0.007,-0.002,-0.098,-5.9,-0.13,762,-133,-5499,0,0,2835,0.0302,0.01,0.121,0.021,-5.0,-1.03,788,2116,-1777,0,0,6756,0.108,0.008,0.078,-0.022,-5.14,-0.89,781,3163,-4655,0,0
83.4,4,3049.1,428.99,-0.08,3142.09,91.7,0.38,-1.29,-0.1,0.0,0.0,1.0,2,6773,285.3,1.62,0.09,-2.94,-30.68,249,249,3405,0.0351,-0.013,-0.003,-0.097,-6.58,0.55,740,-88,-2953,0,0,6813,0.1127,-0.027,-0.001,-0.099,-5.9,-0.13,765,-139,-5393,0,0,2957,0.0308,0.031,0.084,-0.016,-5.13,-0.9,832,2104,-1911,0,0,6858,0.1084,0.017,0.045,-0.055,-5.22,-0.81,828,2721,-4856,0,0
83.42,4,3049.7,428.52,-0.08,3141.88,91.9,0.38,-1.3,-0.1,0.0,0.0,1.0,2,6721,199.7,1.57,0.06,-2.93,-31.34,247,250,3352,0.0347,-0.016,-0.004,-0.096,-6.65,0.62,741,-90,-2909,0,0,6710,0.1119,-0.038,-0.004,-0.096,-5.96,-0.07,766,-159,-5309,0,0,3055,0.0316,0.041,0.09,-0.01,-5.4,-0.63,813,2259,-1936,0,0,6974,0.1088,0.02,0.045,-0.055,-5.3,-0.74,805,2994,-4929,0,0
83.44,4,3050.2,428.06,-0.08,3141.68,92.0,0.3,-1.33,-0.1,0.0,0.0,1.0,2,6639,-79.6,1.25,0.04,-2.92,-31.32,247,251,3340,0.0343,-0.019,-0.001,-0.099,-6.54,0.51,742,-65,-2900,0,0,6692,0.1111,-0.039,-0.003,-0.097,-6.06,0.03,767,-71,-5323,0,0,3051,0.0325,0.043,0.076,-0.024,-5.23,-0.8,763,1895,-2121,0,0,7038,0.1092,0.023,0.039,-0.061,-5.53,-0.5,760,2188,-5153,0,0
83.46,4,3050.7,427.59,-0.08,3141.46,92.0,0.01,-1.37,-0.1,0.0,0.0,1.0,2,6320,-66.8,0.9,0.04,-2.92,-30.41,246,250,3398,0.0341,-0.013,-0.001,-0.099,-6.56,0.53,743,-60,-2950,0,0,6826,0.1107,-0.02,-0.001,-0.099,-5.96,-0.07,768,-90,-5413,0,0,2909,0.0328,0.018,0.028,-0.072,-5.28,-0.75,737,329,-2313,0,0,6993,0.1095,0.012,0.013,-0.087,-5.27,-0.76,746,-651,-5250,0,0
83.48,4,3051.2,427.13,-0.08,3141.25,91.8,-0.13,-1.38,-0.1,1.0,0.0,1.0,2,6216,-67.1,0.67,0.05,-2.92,-29.66,246,250,3483,0.0342,0.008,0.0,-0.1,-6.55,0.51,742,-32,-3019,0,0,6958,0.1109,0.011,-0.002,-0.098,-5.95,-0.08,765,-90,-5503,0,0,2773,0.0325,-0.017,-0.006,-0.094,-5.09,-0.94,774,370,-2185,0,0,6857,0.1092,-0.014,-0.03,-0.07,-5.29,-0.74,781,-748,-5132,0,0
83.5,4,3051.7,426.67,-0.08,3141.02,91.6,-0.12,-1.38,-0.1,1.0,0.0,1.0,2,6374,122.9,0.67,0.06,-2.92,-29.11,246,249,3533,0.0345,0.013,-0.003,-0.097,-6.68,0.65,740,-67,-3062,0,0,7059,0.1114,0.021,-0.002,-0.098,-6.08,0.05,764,-139,-5597,0,0,2690,0.0319,-0.028,0.035,-0.065,-5.13,-0.9,739,467,-2110,0,0,6758,0.1088,-0.02,0.015,-0.085,-5.45,-0.58,745,-304,-5106,0,0
83.52,4,3052.2,426.22,-0.08,3140.8,91.5,-0.12,-1.38,-0.1,1.0,0.0,1.0,2,6352,172.4,0.89,0.08,-2.93,-28.78,247,248,3565,0.0348,0.015,-0.001,-0.099,-6.55,0.52,739,-22,-3089,0,0,7127,0.1119,0.028,-0.003,-0.097,-5.95,-0.08,761,-114,-5621,0,0,2642,0.0313,-0.032,-0.011,-0.089,-5.15,-0.89,772,272,-2076,0,0,6683,0.1084,-0.018,-0.031,-0.069,-5.3,-0.73,778,-716,-5014,0,0
83.54,4,3052.7,425.77,-0.08,3140.57,91.3,-0.12,-1.37,-0.1,1.0,0.0,1.0,2,6409,203.8,1.15,0.1,-2.94,-28.54,248,247,3588,0.0351,0.015,-0.001,-0.099,-6.76,0.72,738,-72,-3106,0,0,7168,0.1125,0.029,-0.002,-0.098,-5.97,-0.06,761,-35,-5638,0,0,2619,0.0307,-0.03,0.038,-0.062,-5.26,-0.77,736,460,-2049,0,0,6624,0.1081,-0.017,0.014,-0.086,-5.23,-0.8,743,-339,-4939,0,0
83.56,4,3053.2,425.32,-0.08,3140.33,91.2,-0.11,-1.36,-0.1,1.0,0.0,1.0,2,6517,243.3,1.35,0.12,-2.95,-28.52,248,246,3607,0.0354,0.016,0.001,-0.099,-6.82,0.78,737,-28,-3120,0,0,7191,0.1131,0.028,-0.001,-0.099,-5.9,-0.13,760,-70,-5639,0,0,2614,0.0302,-0.027,0.081,-0.019,-5.04,-0.99,767,901,-1980,0,0,6579,0.1078,-0.015,0.063,-0.037,-5.02,-1.01,769,919,-4830,0,0
83.58,4,3053.7,424.87,-0.08,3140.09,91.3,0.2,-1.33,-0.1,1.0,0.0,1.0,2,6696,266.4,1.51,0.12,-2.95,-29.24,248,247,3518,0.0356,0.008,-0.003,-0.097,-6.69,0.66,737,-63,-3049,0,0,7062,0.1134,0.016,-0.002,-0.098,-6.08,0.05,760,-130,-5558,0,0,2753,0.0299,-0.012,0.091,-0.009,-5.05,-0.98,812,1976,-1765,0,0,6669,0.1077,-0.004,0.05,-0.05,-5.06,-0.97,803,2893,-4638,0,0
83.6,4,3054.2,424.43,-0.08,3139.85,91.4,0.32,-1.31,-0.1,1.0,0.0,1.0,2,6840,287.7,1.62,0.11,-2.95,-30.04,248,248,3438,0.0354,-0.01,0.0,-0.1,-6.84,0.81,738,-52,-2980,0,0,6931,0.1131,-0.015,-0.003,-0.097,-5.92,-0.11,762,-154,-5475,0,0,2881,0.0304,0.023,0.122,0.022,-4.97,-1.06,786,2123,-1815,0,0,6807,0.1081,0.017,0.076,-0.024,-5.12,-0.91,780,3076,-4719,0,0
83.62,4,3054.7,423.98,-0.08,3139.6,91.6,0.38,-1.3,-0.1,0.0,0.0,1.0,2,6774,302.4,1.71,0.08,-2.94,-30.84,248,249,3386,0.0351,-0.016,-0.001,-0.099,-6.48,0.45,739,-62,-2938,0,0,6798,0.1125,-0.027,-0.003,-0.097,-6.0,-0.03,764,-99,-5393,0,0,2999,0.0311,0.035,0.084,-0.016,-5.12,-0.91,831,2110,-1948,0,0,6930,0.1086,0.025,0.043,-0.057,-5.3,-0.73,827,2714,-4910,0,0
83.64,4,3055.3,423.54,-0.08,3139.34,91.9,0.39,-1.3,-0.1,0.0,0.0,1.0,2,6735,208.3,1.64,0.06,-2.92,-31.49,247,250,3356,0.0347,-0.018,-0.002,-0.098,-6.49,0.46,740,-74,-2908,0,0,6697,0.1118,-0.037,-0.003,-0.097,-5.97,-0.06,767,-162,-5315,0,0,3069,0.0319,0.041,0.095,-0.005,-5.16,-0.88,815,2311,-1914,0,0,7007,0.109,0.023,0.045,-0.055,-5.34,-0.69,806,3113,-4899,0,0
83.66,4,3055.8,423.1,-0.08,3139.08,92.0,0.31,-1.33,-0.1,0.0,0.0,1.0,2,6636,-81.3,1.29,0.04,-2.91,-31.46,246,251,3347,0.0344,-0.017,-0.003,-0.097,-6.59,0.56,742,-86,-2908,0,0,6677,0.111,-0.041,-0.003,-0.097,-5.98,-0.05,768,-118,-5301,0,0,3082,0.0328,0.045,0.074,-0.026,-5.26,-0.77,762,1897,-2151,0,0,7076,0.1094,0.02,0.046,-0.054,-5.26,-0.77,759,2331,-5129,0,0
83.68,4,3056.3,422.66,-0.08,3138.82,92.0,0.02,-1.38,-0.1,0.0,0.0,1.0,2,6314,-66.8,0.93,0.03,-2.91,-30.47,245,250,3404,0.0342,-0.01,-0.002,-0.098,-6.75,0.72,742,-20,-2951,0,0,6813,0.1105,-0.022,-0.002,-0.098,-6.06,0.02,767,-61,-5400,0,0,2940,0.0333,0.022,0.028,-0.072,-5.27,-0.76,736,338,-2336,0,0,7031,0.1096,0.01,0.009,-0.091,-5.49,-0.54,745,-717,-5298,0,0
83.7,4,3056.8,422.23,-0.08,3138.55,91.8,-0.13,-1.39,-0.1,1.0,0.0,1.0,2,6213,-67.1,0.69,0.04,-2.91,-29.69,245,250,3490,0.0343,0.007,0.002,-0.098,-6.88,0.85,741,-21,-3035,0,0,6954,0.1108,0.012,0.0,-0.1,-6.23,0.2,764,-38,-5522,0,0,2794,0.0329,-0.017,-0.011,-0.089,-5.24,-0.79,774,314,-2209,0,0,6896,0.1094,-0.013,-0.025,-0.075,-5.18,-0.85,780,-645,-5165,0,0
83.72,4,3057.3,421.8,-0.08,3138.28,91.6,-0.12,-1.38,-0.1,1.0,0.0,1.0,2,6368,123.0,0.68,0.06,-2.91,-29.13,246,249,3547,0.0346,0.014,-0.001,-0.099,-6.51,0.48,740,-39,-3072,0,0,7049,0.1112,0.022,-0.002,-0.098,-6.05,0.02,764,-100,-5562,0,0,2706,0.0324,-0.028,0.035,-0.065,-5.1,-0.93,738,489,-2131,0,0,6778,0.109,-0.02,0.014,-0.086,-5.27,-0.76,746,-344,-5082,0,0
83.74,4,3057.8,421.37,-0.08,3138.0,91.5,-0.12,-1.37,-0.1,1.0,0.0,1.0,2,6351,172.4,0.9,0.08,-2.92,-28.79,246,248,3582,0.0349,0.017,0.0,-0.1,-6.76,0.73,740,-24,-3105,0,0,7117,0.1118,0.027,-0.002,-0.098,-6.05,0.02,763,-94,-5620,0,0,2654,0.0317,-0.032,-0.01,-0.09,-5.01,-1.02,772,277,-2084,0,0,6689,0.1085,-0.021,-0.029,-0.071,-5.36,-0.67,778,-733,-4996,0,0
83.76,4,3058.3,420.95,-0.08,3137.72,91.3,-0.12,-1.37,-0.1,1.0,0.0,1.0,2,6412,205.4,1.16,0.1,-2.93,-28.57,247,247,3603,0.0353,0.017,-0.002,-0.098,-6.7,0.67,738,-33,-3116,0,0,7168,0.1123,0.029,-0.002,-0.098,-6.04,0.01,761,-100,-5644,0,0,2622,0.0311,-0.032,0.037,-0.063,-5.19,-0.84,736,460,-2043,0,0,6625,0.1081,-0.019,0.014,-0.086,-5.14,-0.89,743,-337,-4937,0,0
83.78,4,3058.8,420.53,-0.08,3137.43,91.3,-0.02,-1.36,-0.1,1.0,0.0,1.0,2,6597,238.7,1.36,0.11,-2.94,-28.7,248,247,3581,0.0356,0.015,-0.003,-0.097,-6.63,0.6,737,-55,-3095,0,0,7156,0.1129,0.029,-0.001,-0.099,-5.88,-0.15,760,-98,-5627,0,0,2654,0.0305,-0.028,0.044,-0.056,-4.95,-1.09,803,1414,-1902,0,0,6619,0.1079,-0.014,0.012,-0.088,-5.25,-0.78,801,1654,-4833,0,0
83.8,4,3059.3,420.12,-0.08,3137.14,91.4,0.24,-1.33,-0.1,1.0,0.0,1.0,2,6759,264.6,1.51,0.11,-2.94,-29.39,248,247,3495,0.0356,0.0,0.0,-0.1,-6.77,0.74,738,-39,-3030,0,0,7029,0.1131,0.008,-0.003,-0.097,-5.92,-0.11,761,-153,-5518,0,0,2786,0.0305,-0.003,0.09,-0.01,-4.94,-1.1,833,1972,-1798,0,0,6735,0.108,0.005,0.052,-0.048,-5.04,-0.99,828,2795,-4718,0,0
83.82,4,3059.8,419.7,-0.08,3136.85,91.6,0.39,-1.29,-0.1,0.0,0.0,1.0,2,6763,287.6,1.63,0.09,-2.93,-30.5,248,248,3435,0.0354,-0.011,-0.002,-0.098,-6.51,0.48,739,-91,-2974,0,0,6846,0.1127,-0.02,-0.002,-0.098,-5.88,-0.15,764,-151,-5401,0,0,2963,0.031,0.028,0.1,0.0,-5.12,-0.91,821,2305,-1791,0,0,6859,0.1083,0.019,0.052,-0.048,-5.27,-0.76,810,3308,-4698,0,0
83.84,4,3060.3,419.29,-0.08,3136.55,91.8,0.35,-1.31,-0.1,0.0,0.0,1.0,2,6820,200.4,1.58,0.07,-2.92,-31.0,247,249,3400,0.0351,-0.014,-0.003,-0.097,-6.57,0.54,740,-58,-2952,0,0,6754,0.112,-0.037,-0.003,-0.097,-5.89,-0.14,765,-136,-5349,0,0,3040,0.0319,0.045,0.111,0.011,-5.35,-0.68,786,2131,-1996,0,0,6954,0.1088,0.022,0.071,-0.029,-5.29,-0.74,780,2908,-4894,0,0
83.86,4,3060.9,418.88,-0.08,3136.25,91.9,0.3,-1.33,-0.1,0.0,0.0,1.0,2,6634,-79.7,1.25,0.05,-2.91,-31.12,246,250,3377,0.0348,-0.015,-0.003,-0.097,-6.65,0.62,742,-70,-2929,0,0,6720,0.1113,-0.032,-0.003,-0.097,-5.95,-0.08,767,-137,-5318,0,0,3051,0.0326,0.037,0.076,-0.024,-5.14,-0.89,762,1930,-2098,0,0,7017,0.1092,0.019,0.043,-0.057,-5.66,-0.38,758,2362,-5078,0,0
83.88,4,3061.4,418.47,-0.08,3135.94,91.9,0.02,-1.37,-0.1,0.22,0.0,1.0,2,6309,-66.7,0.9,0.04,-2.91,-30.28,246,250,3426,0.0345,-0.012,0.0,-0.1,-6.49,0.45,742,-37,-2967,0,0,6850,0.1109,-0.019,-0.003,-0.097,-6.03,0.0,766,-131,-5413,0,0,2912,0.033,0.019,0.033,-0.067,-5.04,-0.99,735,363,-2292,0,0,6985,0.1094,0.012,0.009,-0.091,-5.46,-0.57,744,-646,-5236,0,0
83.9,4,3061.9,418.07,-0.08,3135.62,91.7,-0.13,-1.38,-0.1,1.0,0.0,1.0,2,6262,38.8,0.78,0.05,-2.91,-29.56,246,249,3506,0.0347,0.007,-0.002,-0.098,-6.52,0.49,740,-29,-3034,0,0,6980,0.1112,0.013,-0.002,-0.098,-6.02,-0.01,765,-83,-5506,0,0,2783,0.0327,-0.017,-0.008,-0.092,-5.03,-1.0,774,320,-2194,0,0,6861,0.1092,-0.012,-0.028,-0.072,-5.14,-0.9,780,-708,-5124,0,0
83.92,4,3062.4,417.67,-0.08,3135.31,91.5,-0.12,-1.37,-0.1,1.0,0.0,1.0,2,6411,157.9,0.86,0.07,-2.91,-29.1,246,248,3556,0.035,0.013,-0.002,-0.098,-6.58,0.55,739,-43,-3069,0,0,7068,0.1116,0.022,-0.001,-0.099,-5.88,-0.15,763,-90,-5563,0,0,2706,0.0321,-0.026,0.041,-0.059,-4.91,-1.12,737,510,-2106,0,0,6763,0.1088,-0.018,0.016,-0.084,-5.38,-0.65,745,-301,-5037,0,0
83.94,4,3062.9,417.28,-0.08,3134.99,91.4,-0.12,-1.37,-0.1,1.0,0.0,1.0,2,6352,192.5,1.1,0.09,-2.92,-28.79,247,247,3590,0.0353,0.016,-0.002,-0.098,-6.62,0.59,739,-60,-3104,0,0,7131,0.1121,0.026,-0.002,-0.098,-5.98,-0.05,762,-122,-5611,0,0,2658,0.0316,-0.029,-0.009,-0.091,-4.93,-1.1,771,307,-2066,0,0,6680,0.1084,-0.019,-0.029,-0.071,-5.35,-0.68,777,-721,-4972,0,0
83.96,4,3063.4,416.89,-0.08,3134.67,91.4,0.08,-1.36,-0.1,1.0,0.0,1.0,2,6623,228.9,1.31,0.09,-2.93,-29.05,247,247,3542,0.0355,0.012,-0.002,-0.098,-6.47,0.44,737,-62,-3063,0,0,7082,0.1126,0.023,-0.003,-0.097,-6.08,0.05,760,-80,-5585,0,0,2715,0.0311,-0.024,0.039,-0.061,-5.1,-0.93,800,1509,-1926,0,0,6699,0.1082,-0.013,0.007,-0.093,-5.05,-0.98,798,1754,-4873,0,0
83.98,4,3063.9,416.5,-0.08,3134.34,91.5,0.29,-1.32,-0.1,1.0,0.0,1.0,2,6851,258.6,1.48,0.09,-2.93,-29.82,247,248,3477,0.0354,-0.004,-0.003,-0.097,-6.66,0.63,739,-70,-3007,0,0,6951,0.1125,-0.002,0.005,-0.095,-6.25,0.22,762,3,-5493,0,0,2841,0.0312,0.005,0.116,0.016,-5.08,-0.95,788,2092,-1792,0,0,6785,0.1083,0.006,0.077,-0.023,-5.28,-0.75,781,3138,-4681,0,0
84.0,4,3064.4,416.11,-0.08,3134.01,91.7,0.38,-1.3,-0.1,0.0,0.0,1.0,2,6769,280.9,1.6,0.07,-2.92,-30.7,247,249,3420,0.0352,-0.012,-0.002,-0.098,-6.74,0.71,739,-59,-2964,0,0,6802,0.1121,-0.024,-0.003,-0.097,-5.99,-0.04,765,-130,-5371,0,0,2983,0.0318,0.029,0.087,-0.013,-5.4,-0.63,831,2106,-1945,0,0,6900,0.1086,0.017,0.043,-0.057,-5.41,-0.62,827,2722,-4882,0,0
84.02,4,3064.9,415.73,-0.08,3133.67,91.9,0.38,-1.3,-0.1,0.0,0.0,1.0,2,6717,197.4,1.56,0.05,-2.9,-31.31,246,250,3370,0.0349,-0.015,-0.003,-0.097,-6.58,0.55,742,-66,-2920,0,0,6719,0.1114,-0.034,-0.002,-0.098,-5.84,-0.19,766,-140,-5313,0,0,3048,0.0325,0.038,0.087,-0.013,-5.28,-0.75,812,2241,-1934,0,0,6996,0.109,0.019,0.043,-0.057,-5.29,-0.74,804,2947,-4934,0,0
84.04,4,3065.4,415.35,-0.08,3133.33,92.1,0.3,-1.33,-0.1,0.0,0.0,1.0,2,6644,-79.2,1.24,0.03,-2.9,-31.27,246,251,3347,0.0345,-0.017,-0.003,-0.097,-6.56,0.53,743,-51,-2909,0,0,6714,0.1107,-0.032,-0.003,-0.097,-5.97,-0.06,768,-139,-5326,0,0,3042,0.0332,0.035,0.074,-0.026,-5.29,-0.74,763,1910,-2104,0,0,7067,0.1094,0.02,0.042,-0.058,-5.61,-0.42,760,2252,-5175,0,0
84.06,4,3065.9,414.97,-0.08,3132.98,92.0,0.02,-1.38,-0.1,0.0,0.0,1.0,2,6317,-66.8,0.9,0.03,-2.9,-30.36,245,251,3418,0.0343,-0.013,-0.002,-0.098,-6.68,0.65,743,-70,-2962,0,0,6843,0.1104,-0.016,-0.002,-0.098,-5.96,-0.08,768,-118,-5405,0,0,2910,0.0335,0.016,0.029,-0.071,-5.12,-0.91,737,325,-2300,0,0,7021,0.1096,0.012,0.012,-0.088,-5.58,-0.45,746,-673,-5296,0,0
84.08,4,3066.5,414.6,-0.08,3132.63,91.9,-0.13,-1.39,-0.1,1.0,0.0,1.0,2,6217,-67.1,0.67,0.04,-2.9,-29.58,245,250,3500,0.0345,0.009,-0.001,-0.099,-6.76,0.73,742,-23,-3029,0,0,6973,0.1107,0.015,0.0,-0.1,-6.16,0.12,766,-78,-5532,0,0,2777,0.0331,-0.021,-0.008,-0.092,-5.34,-0.69,775,330,-2199,0,0,6883,0.1093,-0.015,-0.03,-0.07,-5.21,-0.83,781,-724,-5164,0,0
84.1,4,3067.0,414.23,-0.08,3132.28,91.7,-0.12,-1.38,-0.1,1.0,0.0,1.0,2,6376,122.9,0.66,0.05,-2.91,-29.09,246,249,3554,0.0347,0.014,0.001,-0.099,-6.78,0.75,741,-27,-3076,0,0,7067,0.1112,0.024,-0.002,-0.098,-6.02,-0.01,765,-122,-5577,0,0,2696,0.0325,-0.03,0.036,-0.064,-5.27,-0.76,738,499,-2107,0,0,6777,0.1089,-0.02,0.015,-0.085,-5.11,-0.92,745,-306,-5047,0,0
84.12,4,3067.5,413.87,-0.08,3131.92,91.6,-0.12,-1.37,-0.1,1.0,0.0,1.0,2,6359,172.4,0.89,0.08,-2.92,-28.77,247,248,3586,0.0351,0.017,-0.003,-0.097,-6.67,0.64,739,-49,-3101,0,0,7129,0.1118,0.028,0.0,-0.1,-6.16,0.13,762,-30,-5617,0,0,2649,0.0318,-0.032,-0.007,-0.093,-4.91,-1.12,773,303,-2069,0,0,6694,0.1085,-0.02,-0.03,-0.07,-5.17,-0.86,779,-747,-4972,0,0
84.14,4,3068.0,413.51,-0.08,3131.56,91.4,-0.12,-1.37,-0.1,1.0,0.0,1.0,2,6417,203.3,1.15,0.1,-2.93,-28.57,248,248,3609,0.0354,0.017,0.0,-0.1,-6.48,0.45,739,-29,-3118,0,0,7178,0.1124,0.03,0.0,-0.1,-5.82,-0.21,762,-115,-5639,0,0,2623,0.0312,-0.032,0.036,-0.064,-5.07,-0.96,737,462,-2043,0,0,6631,0.1082,-0.018,0.016,-0.084,-5.33,-0.7,743,-185,-4965,0,0
84.16,4,3068.5,413.15,-0.08,3131.2,91.3,-0.11,-1.37,-0.1,1.0,0.0,1.0,2,6522,242.9,1.35,0.11,-2.94,-28.5,248,247,3618,0.0357,0.016,-0.002,-0.098,-6.6,0.57,738,-52,-3127,0,0,7213,0.113,0.031,-0.002,-0.098,-6.06,0.03,761,-111,-5669,0,0,2614,0.0306,-0.03,0.081,-0.019,-4.97,-1.06,767,911,-1979,0,0,6602,0.1079,-0.015,0.062,-0.038,-4.92,-1.12,770,879,-4839,0,0
84.18,4,3069.0,412.8,-0.08,3130.84,91.3,0.18,-1.34,-0.1,1.0,0.0,1.0,2,6656,267.6,1.5,0.12,-2.94,-29.16,249,247,3540,0.0359,0.008,-0.002,-0.098,-6.5,0.47,737,-42,-3060,0,0,7093,0.1134,0.02,0.003,-0.097,-6.22,0.19,760,-75,-5590,0,0,2742,0.0303,-0.015,0.082,-0.018,-5.04,-1.0,807,1866,-1806,0,0,6685,0.1078,-0.002,0.042,-0.058,-5.11,-0.92,800,2519,-4711,0,0
84.2,4,3069.5,412.45,-0.08,3130.47,91.5,0.31,-1.31,-0.1,1.0,0.0,1.0,2,6844,287.4,1.62,0.11,-2.94,-29.92,248,248,3469,0.0357,-0.008,-0.002,-0.098,-6.75,0.72,738,-75,-3010,0,0,6952,0.1132,-0.011,-0.001,-0.099,-6.08,0.05,763,-77,-5486,0,0,2886,0.0307,0.02,0.114,0.014,-4.98,-1.05,787,2118,-1823,0,0,6821,0.1082,0.017,0.077,-0.023,-5.06,-0.97,780,3112,-4684,0,0
84.22,4,3070.0,412.11,-0.08,3130.09,91.7,0.41,-1.29,-0.1,0.0,0.0,1.0,2,6939,296.0,1.71,0.08,-2.93,-30.97,248,249,3402,0.0354,-0.016,-0.003,-0.097,-6.72,0.68,740,-71,-2955,0,0,6794,0.1126,-0.027,0.001,-0.099,-6.18,0.15,764,-104,-5378,0,0,3030,0.0314,0.036,0.074,-0.026,-5.14,-0.89,822,2374,-1819,0,0,6961,0.1087,0.024,0.026,-0.074,-5.38,-0.65,812,3493,-4731,0,0
84.24,4,3070.5,411.76,-0.08,3129.71,92.0,0.47,-1.27,-0.1,0.0,0.0,1.0,2,6791,206.0,1.64,0.05,-2.91,-32.06,247,251,3358,0.035,-0.02,-0.004,-0.096,-6.57,0.53,741,-96,-2906,0,0,6655,0.1118,-0.044,-0.001,-0.099,-6.1,0.07,768,-151,-5291,0,0,3134,0.0325,0.052,0.102,0.002,-5.33,-0.7,823,2498,-1852,0,0,7068,0.1092,0.028,0.051,-0.049,-5.31,-0.72,811,3479,-4849,0,0
84.26,4,3071.0,411.42,-0.08,3129.33,92.2,0.32,-1.33,-0.1,0.0,0.0,1.0,2,6632,-81.2,1.29,0.03,-2.9,-31.95,246,252,3328,0.0346,-0.02,0.003,-0.097,-6.83,0.8,743,-25,-2902,0,0,6656,0.1108,-0.047,-0.002,-0.098,-5.9,-0.13,769,-122,-5285,0,0,3114,0.0335,0.051,0.072,-0.028,-5.31,-0.72,762,1915,-2171,0,0,7149,0.1097,0.024,0.036,-0.064,-5.37,-0.66,760,2082,-5257,0,0
84.28,4,3071.6,411.09,-0.08,3128.94,92.1,0.01,-1.38,-0.1,0.0,0.0,1.0,2,6329,-66.9,0.93,0.02,-2.9,-30.91,245,251,3401,0.0343,-0.015,-0.002,-0.098,-6.56,0.53,744,-53,-2956,0,0,6808,0.1104,-0.02,-0.002,-0.098,-5.93,-0.1,768,-99,-5379,0,0,2948,0.0339,0.018,0.03,-0.07,-5.2,-0.83,737,363,-2346,0,0,7086,0.1099,0.012,0.012,-0.088,-5.61,-0.42,747,-647,-5347,0,0
84.3,4,3072.1,410.76,-0.08,3128.55,91.9,-0.13,-1.39,-0.1,1.0,0.0,1.0,2,6226,-67.2,0.69,0.03,-2.9,-30.03,246,250,3495,0.0345,0.007,0.0,-0.1,-6.48,0.45,742,-13,-3025,0,0,6952,0.1107,0.013,-0.003,-0.097,-6.04,0.01,766,-99,-5490,0,0,2796,0.0334,-0.021,-0.009,-0.091,-5.35,-0.68,776,322,-2228,0,0,6933,0.1096,-0.015,-0.031,-0.069,-5.37,-0.66,782,-735,-5223,0,0
84.32,4,3072.6,410.43,-0.08,3128.16,91.8,-0.12,-1.38,-0.1,1.0,0.0,1.0,2,6384,122.9,0.68,0.05,-2.9,-29.42,246,250,3555,0.0348,0.014,-0.002,-0.098,-6.61,0.58,742,-51,-3070,0,0,7055,0.1111,0.023,-0.003,-0.097,-6.05,0.01,765,-138,-5565,0,0,2703,0.0328,-0.032,0.038,-0.062,-5.31,-0.73,740,481,-2136,0,0,6808,0.1092,-0.023,0.014,-0.086,-5.36,-0.67,747,-325,-5122,0,0
84.34,4,3073.1,410.11,-0.08,3127.77,91.6,-0.12,-1.38,-0.1,1.0,0.0,1.0,2,6360,172.3,0.9,0.07,-2.91,-29.02,247,249,3589,0.0351,0.018,-0.002,-0.098,-6.71,0.68,740,-31,-3105,0,0,7128,0.1117,0.029,-0.001,-0.099,-5.88,-0.15,763,-53,-5604,0,0,2649,0.0321,-0.035,-0.009,-0.091,-5.26,-0.77,773,280,-2096,0,0,6714,0.1087,-0.024,-0.031,-0.069,-5.34,-0.7,779,-754,-5013,0,0
84.36,4,3073.6,409.8,-0.08,3127.37,91.5,-0.12,-1.38,-0.1,1.0,0.0,1.0,2,6422,205.2,1.16,0.09,-2.92,-28.73,248,248,3616,0.0355,0.017,0.005,-0.095,-6.31,0.28,739,19,-3124,0,0,7165,0.1123,0.03,0.001,-0.099,-5.83,-0.2,763,-82,-5641,0,0,2614,0.0314,-0.035,0.036,-0.064,-5.05,-0.98,737,482,-2053,0,0,6623,0.1083,-0.021,0.014,-0.086,-5.29,-0.74,744,-285,-4994,0,0
84.38,4,3074.1,409.49,-0.08,3126.97,91.5,0.11,-1.35,-0.1,1.0,0.0,1.0,2,6629,239.6,1.36,0.1,-2.93,-29.14,249,248,3557,0.0357,0.013,-0.001,-0.099,-6.47,0.44,739,-65,-3071,0,0,7106,0.1128,0.025,-0.002,-0.098,-5.85,-0.18,761,-100,-5587,0,0,2700,0.0309,-0.027,0.077,-0.023,-4.96,-1.08,802,1700,-1850,0,0,6665,0.108,-0.014,0.04,-0.06,-5.34,-0.69,798,2206,-4809,0,0
84.4,4,3074.6,409.18,-0.08,3126.56,91.6,0.29,-1.32,-0.1,1.0,0.0,1.0,2,6859,265.2,1.51,0.1,-2.93,-29.89,249,249,3483,0.0356,-0.005,-0.002,-0.098,-6.49,0.46,740,-66,-3010,0,0,6975,0.1128,-0.002,-0.002,-0.098,-6.05,0.02,764,-116,-5502,0,0,2835,0.031,0.007,0.116,0.016,-5.2,-0.83,789,2063,-1813,0,0,6780,0.1082,0.01,0.077,-0.023,-5.35,-0.68,782,3097,-4698,0,0
84.42,4,3075.1,408.87,-0.08,3126.15,91.8,0.38,-1.3,-0.1,0.0,0.0,1.0,2,6786,285.4,1.63,0.08,-2.92,-30.77,248,250,3418,0.0354,-0.013,-0.003,-0.097,-6.66,0.63,741,-90,-2962,0,0,6836,0.1124,-0.021,-0.003,-0.097,-6.0,-0.04,766,-184,-5399,0,0,2972,0.0316,0.029,0.084,-0.016,-5.19,-0.85,834,2104,-1933,0,0,6914,0.1086,0.02,0.045,-0.055,-5.24,-0.79,829,2736,-4906,0,0
84.44,4,3075.6,408.57,-0.08,3125.74,92.0,0.38,-1.3,-0.1,0.0,0.0,1.0,2,6732,199.6,1.58,0.06,-2.91,-31.38,248,251,3371,0.035,-0.018,-0.003,-0.097,-6.53,0.5,742,-91,-2926,0,0,6742,0.1117,-0.031,-0.003,-0.097,-5.96,-0.07,768,-138,-5335,0,0,3056,0.0323,0.038,0.092,-0.008,-5.14,-0.89,814,2276,-1926,0,0,7030,0.1091,0.024,0.044,-0.056,-5.3,-0.73,806,3035,-4946,0,0
84.46,4,3076.1,408.27,-0.08,3125.32,92.2,0.3,-1.33,-0.1,0.0,0.0,1.0,2,6650,-79.7,1.25,0.04,-2.9,-31.38,247,252,3348,0.0347,-0.018,-0.003,-0.097,-6.56,0.53,744,-60,-2911,0,0,6728,0.1111,-0.034,-0.003,-0.097,-5.93,-0.1,769,-124,-5326,0,0,3041,0.0331,0.037,0.075,-0.025,-5.23,-0.8,764,1896,-2108,0,0,7089,0.1095,0.021,0.038,-0.062,-5.49,-0.54,761,2172,-5185,0,0
84.48,4,3076.6,407.98,-0.08,3124.9,92.1,0.02,-1.38,-0.1,0.0,0.0,1.0,2,6332,-66.9,0.9,0.03,-2.91,-30.46,246,251,3413,0.0344,-0.012,0.002,-0.098,-6.8,0.77,744,-27,-2965,0,0,6860,0.1108,-0.016,-0.002,-0.098,-6.0,-0.03,769,-73,-5427,0,0,2909,0.0334,0.014,0.028,-0.072,-5.23,-0.8,737,337,-2316,0,0,7047,0.1097,0.011,0.009,-0.091,-5.27,-0.76,747,-699,-5288,0,0
84.5,4,3077.2,407.69,-0.08,3124.48,92.0,-0.13,-1.39,-0.1,1.0,0.0,1.0,2,6224,-67.2,0.67,0.04,-2.91,-29.68,247,251,3501,0.0345,0.007,-0.003,-0.097,-6.6,0.57,743,-47,-3028,0,0,6990,0.1111,0.016,0.001,-0.099,-5.77,-0.26,766,-70,-5516,0,0,2779,0.033,-0.02,-0.01,-0.09,-5.16,-0.87,776,301,-2205,0,0,6919,0.1095,-0.011,-0.028,-0.072,-5.51,-0.52,782,-691,-5210,0,0
84.52,4,3077.7,407.41,-0.08,3124.06,91.8,-0.12,-1.38,-0.1,1.0,0.0,1.0,2,6383,122.9,0.67,0.06,-2.92,-29.12,247,250,3560,0.0348,0.015,-0.002,-0.098,-6.56,0.53,741,-6,-3069,0,0,7085,0.1115,0.024,-0.002,-0.098,-6.11,0.08,765,-104,-5585,0,0,2692,0.0324,-0.03,0.037,-0.063,-5.29,-0.74,740,495,-2115,0,0,6799,0.1091,-0.021,0.015,-0.085,-5.18,-0.85,747,-307,-5094,0,0
84.54,4,3078.2,407.13,-0.08,3123.63,91.7,-0.12,-1.38,-0.1,1.0,0.0,1.0,2,6364,172.3,0.89,0.08,-2.92,-28.75,248,249,3589,0.0352,0.017,-0.003,-0.097,-6.65,0.62,740,-58,-3108,0,0,7136,0.1121,0.028,0.003,-0.097,-6.18,0.14,764,6,-5649,0,0,2645,0.0317,-0.033,-0.011,-0.089,-5.18,-0.85,773,276,-2085,0,0,6707,0.1086,-0.021,-0.028,-0.072,-5.08,-0.95,779,-711,-4999,0,0
84.56,4,3078.7,406.86,-0.08,3123.2,91.5,-0.12,-1.37,-0.1,1.0,0.0,1.0,2,6419,203.7,1.15,0.1,-2.93,-28.55,249,248,3607,0.0355,0.016,-0.002,-0.098,-6.58,0.55,740,-40,-3120,0,0,7176,0.1126,0.026,-0.002,-0.098,-5.95,-0.09,763,-86,-5649,0,0,2623,0.0311,-0.03,0.038,-0.062,-4.88,-1.15,737,469,-2044,0,0,6640,0.1082,-0.02,0.014,-0.086,-5.31,-0.72,744,-316,-4954,0,0
84.58,4,3079.2,406.59,-0.08,3122.77,91.4,-0.11,-1.37,-0.1,1.0,0.0,1.0,2,6526,243.2,1.35,0.12,-2.94,-28.5,249,247,3627,0.0358,0.016,-0.002,-0.098,-6.55,0.52,738,-53,-3132,0,0,7229,0.1133,0.031,0.003,-0.097,-6.17,0.14,761,-4,-5682,0,0,2613,0.0305,-0.029,0.081,-0.019,-4.96,-1.07,768,894,-1986,0,0,6619,0.108,-0.014,0.056,-0.044,-5.15,-0.88,771,759,-4899,0,0
84.6,4,3079.7,406.33,-0.08,3122.34,91.4,0.18,-1.34,-0.1,1.0,0.0,1.0,2,6669,267.5,1.51,0.12,-2.95,-29.1,250,248,3541,0.036,0.009,-0.001,-0.099,-6.49,0.46,738,-54,-3064,0,0,7100,0.1137,0.02,-0.001,-0.099,-6.1,0.07,762,-102,-5612,0,0,2746,0.0302,-0.014,0.084,-0.016,-4.94,-1.09,808,1871,-1813,0,0,6707,0.1079,-0.003,0.043,-0.057,-5.2,-0.83,802,2537,-4763,0,0
84.62,4,3080.2,406.07,-0.08,3121.9,91.6,0.31,-1.32,-0.1,1.0,0.0,1.0,2,6855,287.2,1.62,0.11,-2.95,-29.87,249,249,3468,0.0358,-0.009,-0.001,-0.099,-6.75,0.72,739,-60,-3008,0,0,6972,0.1135,-0.01,-0.002,-0.098,-6.06,0.03,764,-119,-5503,0,0,2875,0.0306,0.018,0.116,0.016,-4.96,-1.07,788,2102,-1824,0,0,6841,0.1083,0.018,0.076,-0.024,-5.15,-0.88,781,3102,-4727,0,0
84.64,4,3080.7,405.81,-0.08,3121.46,91.8,0.41,-1.29,-0.1,0.0,0.0,1.0,2,6949,295.7,1.71,0.09,-2.94,-30.92,249,250,3407,0.0355,-0.015,-0.002,-0.098,-6.46,0.43,740,-74,-2952,0,0,6812,0.113,-0.026,-0.001,-0.099,-5.82,-0.21,765,-137,-5384,0,0,3020,0.0313,0.035,0.076,-0.024,-5.31,-0.72,823,2371,-1812,0,0,6974,0.1088,0.024,0.027,-0.073,-5.42,-0.61,814,3502,-4756,0,0
84.66,4,3081.2,405.56,-0.08,3121.01,92.1,0.47,-1.27,-0.1,0.0,0.0,1.0,2,6801,205.8,1.64,0.06,-2.92,-32.01,248,251,3364,0.0351,-0.019,-0.004,-0.096,-6.59,0.56,742,-59,-2923,0,0,6676,0.1121,-0.043,-0.002,-0.098,-5.94,-0.09,769,-155,-5293,0,0,3128,0.0324,0.052,0.103,0.003,-5.25,-0.78,824,2497,-1847,0,0,7087,0.1093,0.027,0.051,-0.049,-5.48,-0.55,812,3489,-4875,0,0
84.68,4,3081.7,405.31,-0.08,3120.57,92.2,0.33,-1.33,-0.1,0.0,0.0,1.0,2,6645,-81.3,1.29,0.03,-2.91,-31.96,247,252,3335,0.0347,-0.021,-0.003,-0.097,-6.71,0.68,744,-70,-2905,0,0,6678,0.1112,-0.045,-0.004,-0.096,-6.05,0.02,769,-140,-5300,0,0,3094,0.0333,0.048,0.075,-0.025,-5.21,-0.82,763,1928,-2139,0,0,7152,0.1098,0.023,0.038,-0.062,-5.59,-0.45,761,2128,-5265,0,0
84.7,4,3082.3,405.07,-0.08,3120.12,92.2,0.01,-1.38,-0.1,0.0,0.0,1.0,2,6328,-66.9,0.93,0.03,-2.9,-30.95,247,252,3411,0.0344,-0.014,-0.002,-0.098,-6.58,0.55,744,-65,-2964,0,0,6823,0.1108,-0.02,-0.001,-0.099,-6.05,0.02,770,-47,-5411,0,0,2935,0.0336,0.016,0.029,-0.071,-5.21,-0.82,738,336,-2335,0,0,7086,0.11,0.011,0.008,-0.092,-5.44,-0.59,748,-761,-5353,0,0
84.72,4,3082.8,404.83,-0.08,3119.66,92.0,-0.13,-1.39,-0.1,1.0,0.0,1.0,2,6232,-67.2,0.69,0.04,-2.91,-30.11,247,251,3503,0.0346,0.008,-0.001,-0.099,-6.56,0.53,743,-47,-3035,0,0,6961,0.111,0.013,0.001,-0.099,-5.81,-0.22,768,-34,-5512,0,0,2794,0.0332,-0.02,-0.009,-0.091,-5.2,-0.83,776,331,-2217,0,0,6935,0.1097,-0.016,-0.03,-0.07,-5.49,-0.54,783,-700,-5249,0,0
84.74,4,3083.3,404.59,-0.08,3119.21,91.9,-0.12,-1.39,-0.1,1.0,0.0,1.0,2,6390,122.8,0.68,0.06,-2.91,-29.5,248,250,3563,0.0349,0.016,0.0,-0.1,-6.76,0.73,742,-38,-3087,0,0,7077,0.1115,0.022,0.0,-0.1,-6.13,0.1,766,-69,-5591,0,0,2694,0.0326,-0.031,0.036,-0.064,-5.29,-0.74,740,501,-2135,0,0,6810,0.1092,-0.025,0.015,-0.085,-5.25,-0.78,747,-302,-5128,0,0
84.76,4,3083.8,404.37,-0.08,3118.75,91.7,-0.12,-1.38,-0.1,1.0,0.0,1.0,2,6368,172.2,0.9,0.08,-2.92,-29.1,248,249,3594,0.0352,0.016,-0.002,-0.098,-6.75,0.71,741,-43,-3111,0,0,7140,0.1121,0.029,-0.002,-0.098,-5.91,-0.12,764,-112,-5620,0,0,2641,0.0319,-0.036,-0.01,-0.09,-5.27,-0.77,774,285,-2091,0,0,6718,0.1087,-0.022,-0.029,-0.071,-5.17,-0.86,780,-696,-5030,0,0
84.78,4,3084.3,404.14,-0.08,3118.3,91.6,-0.12,-1.38,-0.1,1.0,0.0,1.0,2,6428,205.1,1.16,0.1,-2.93,-28.86,249,248,3621,0.0356,0.017,-0.002,-0.098,-6.7,0.67,740,-55,-3129,0,0,7197,0.1127,0.032,-0.002,-0.098,-5.93,-0.1,763,-108,-5668,0,0,2615,0.0312,-0.035,0.036,-0.064,-5.11,-0.92,738,462,-2047,0,0,6658,0.1083,-0.02,0.015,-0.085,-5.36,-0.67,745,-284,-4986,0,0
84.8,4,3084.8,403.93,-0.08,3117.84,91.4,-0.08,-1.37,-0.1,1.0,0.0,1.0,2,6580,243.5,1.36,0.12,-2.94,-28.8,250,248,3631,0.0359,0.017,-0.001,-0.099,-6.55,0.52,739,-47,-3134,0,0,7218,0.1133,0.032,-0.001,-0.099,-5.87,-0.16,762,-91,-5676,0,0,2613,0.0306,-0.031,0.073,-0.027,-5.03,-1.0,761,1137,-1953,0,0,6615,0.108,-0.016,0.043,-0.057,-5.25,-0.78,761,1264,-4903,0,0
84.82,4,3085.3,403.72,-0.08,3117.38,91.5,0.23,-1.34,-0.1,1.0,0.0,1.0,2,6697,267.3,1.51,0.12,-2.95,-29.56,250,248,3520,0.036,0.005,-0.002,-0.098,-6.73,0.7,739,-79,-3056,0,0,7076,0.1137,0.016,-0.002,-0.098,-5.87,-0.16,763,-138,-5571,0,0,2756,0.0303,-0.013,0.092,-0.008,-4.87,-1.16,812,1980,-1772,0,0,6723,0.108,-0.002,0.048,-0.052,-5.07,-0.96,804,2793,-4726,0,0
84.84,4,3085.8,403.51,-0.08,3116.91,91.7,0.32,-1.32,-0.1,0.78,0.0,1.0,2,6860,287.8,1.63,0.1,-2.94,-30.26,250,249,3450,0.0358,-0.012,-0.001,-0.099,-6.39,0.36,739,-65,-2987,0,0,6924,0.1134,-0.015,-0.003,-0.097,-6.1,0.06,764,-150,-5500,0,0,2898,0.0308,0.022,0.117,0.017,-4.98,-1.05,789,2100,-1853,0,0,6853,0.1084,0.019,0.077,-0.023,-5.41,-0.62,782,3043,-4803,0,0
84.86,4,3086.3,403.3,-0.08,3116.44,91.9,0.37,-1.31,-0.1,0.0,0.0,1.0,2,6790,272.7,1.63,0.08,-2.94,-31.0,249,250,3394,0.0354,-0.018,-0.002,-0.098,-6.73,0.7,741,-71,-2940,0,0,6803,0.1128,-0.029,-0.001,-0.099,-5.8,-0.23,766,-96,-5388,0,0,3009,0.0315,0.035,0.084,-0.016,-5.21,-0.82,834,2113,-1967,0,0,6978,0.1088,0.023,0.047,-0.053,-5.14,-0.89,830,2777,-4953,0,0
84.88,4,3086.8,403.1,-0.08,3115.97,92.1,0.36,-1.32,-0.1,0.0,0.0,1.0,2,6615,98.1,1.46,0.06,-2.93,-31.39,249,251,3356,0.0351,-0.019,-0.003,-0.097,-6.63,0.6,743,-82,-2918,0,0,6744,0.1121,-0.036,-0.003,-0.097,-6.0,-0.03,768,-132,-5333,0,0,3054,0.0323,0.041,0.071,-0.029,-5.45,-0.58,797,2029,-2065,0,0,7079,0.1093,0.024,0.029,-0.071,-5.56,-0.48,792,2320,-5160,0,0
84.9,4,3087.4,402.91,-0.08,3115.5,92.1,0.13,-1.37,-0.1,0.0,0.0,1.0,2,6371,-70.5,1.08,0.05,-2.92,-30.68,248,251,3381,0.0347,-0.017,-0.003,-0.097,-6.69,0.66,744,-53,-2938,0,0,6802,0.1115,-0.028,-0.002,-0.098,-6.06,0.03,769,-114,-5402,0,0,2981,0.0329,0.03,0.028,-0.072,-5.22,-0.81,735,689,-2336,0,0,7091,0.1097,0.019,0.004,-0.096,-5.48,-0.55,743,-350,-5348,0,0
84.92,4,3087.9,402.72,-0.08,3115.02,92.0,-0.14,-1.39,-0.1,1.0,0.0,1.0,2,6228,-67.2,0.79,0.05,-2.92,-29.79,248,250,3485,0.0347,0.0,-0.002,-0.098,-6.72,0.69,743,-43,-3026,0,0,6960,0.1115,0.003,0.002,-0.098,-5.66,-0.38,766,-34,-5491,0,0,2819,0.0328,-0.007,-0.01,-0.09,-5.18,-0.85,776,344,-2211,0,0,6962,0.1096,-0.004,-0.027,-0.073,-5.49,-0.54,782,-673,-5229,0,0
84.94,4,3088.4,402.53,-0.08,3114.55,91.8,-0.12,-1.38,-0.1,1.0,0.0,1.0,2,6383,122.9,0.75,0.06,-2.93,-29.17,248,250,3541,0.035,0.012,-0.001,-0.099,-6.52,0.49,742,-44,-3066,0,0,7059,0.1119,0.02,0.0,-0.1,-6.12,0.09,766,-76,-5595,0,0,2728,0.0323,-0.025,0.039,-0.061,-5.29,-0.74,740,505,-2148,0,0,6858,0.1093,-0.017,0.014,-0.086,-5.31,-0.72,747,-326,-5136,0,0
84.96,4,3088.9,402.36,-0.08,3114.07,91.7,-0.12,-1.38,-0.1,1.0,0.0,1.0,2,6360,172.3,0.95,0.08,-2.93,-28.78,248,249,3584,0.0352,0.014,-0.003,-0.097,-6.7,0.66,740,-60,-3102,0,0,7134,0.1124,0.023,-0.001,-0.099,-5.95,-0.08,764,-94,-5621,0,0,2668,0.0317,-0.028,-0.011,-0.089,-5.06,-0.97,773,278,-2100,0,0,6767,0.1089,-0.019,-0.031,-0.069,-5.35,-0.68,779,-736,-5047,0,0
84.98,4,3089.4,402.18,-0.08,3113.59,91.5,-0.12,-1.38,-0.1,1.0,0.0,1.0,2,6427,213.4,1.2,0.1,-2.94,-28.54,249,248,3612,0.0356,0.018,-0.002,-0.098,-6.73,0.7,739,-39,-3128,0,0,7182,0.113,0.029,-0.002,-0.098,-5.93,-0.1,762,-76,-5660,0,0,2636,0.0311,-0.03,0.037,-0.063,-5.18,-0.85,738,474,-2061,0,0,6695,0.1085,-0.019,0.015,-0.085,-5.31,-0.73,744,-246,-4984,0,0
85.0,4,3089.9,402.02,-0.08,3113.11,91.5,0.11,-1.36,-0.1,1.0,0.0,1.0,2,6636,245.6,1.39,0.11,-2.95,-28.95,250,248,3543,0.0358,0.01,-0.003,-0.097,-6.66,0.63,739,-53,-3071,0,0,7091,0.1134,0.022,-0.003,-0.097,-5.95,-0.08,762,-112,-5610,0,0,2719,0.0307,-0.022,0.076,-0.024,-5.03,-1.0,804,1719,-1858,0,0,6726,0.1083,-0.01,0.039,-0.061,-5.09,-0.94,798,2271,-4808,0,0
85.02,4,3090.4,401.85,-0.08,3112.63,91.7,0.29,-1.32,-0.1,1.0,0.0,1.0,2,6862,269.7,1.53,0.1,-2.95,-29.66,250,249,3466,0.0356,-0.007,-0.002,-0.098,-6.72,0.69,740,-57,-3012,0,0,6962,0.1132,-0.009,-0.001,-0.099,-6.11,0.08,764,-131,-5513,0,0,2847,0.0309,0.011,0.116,0.016,-5.04,-0.99,790,2085,-1804,0,0,6836,0.1085,0.009,0.078,-0.022,-5.32,-0.71,783,3120,-4743,0,0
85.04,4,3090.9,401.69,-0.08,3112.15,91.9,0.38,-1.3,-0.1,0.0,0.0,1.0,2,6785,289.0,1.64,0.08,-2.94,-30.55,249,250,3404,0.0353,-0.015,-0.003,-0.097,-6.73,0.7,741,-78,-2961,0,0,6814,0.1127,-0.027,-0.003,-0.097,-6.01,-0.02,766,-120,-5390,0,0,2976,0.0315,0.029,0.084,-0.016,-5.27,-0.76,833,2086,-1945,0,0,6947,0.1088,0.018,0.043,-0.057,-5.34,-0.69,829,2748,-4905,0,0
85.06,4,3091.4,401.54,-0.08,3111.66,92.1,0.38,-1.3,-0.1,0.0,0.0,1.0,2,6736,201.4,1.59,0.06,-2.92,-31.15,248,251,3360,0.035,-0.018,-0.002,-0.098,-6.56,0.53,743,-68,-2924,0,0,6712,0.112,-0.035,-0.002,-0.098,-6.12,0.09,768,-161,-5350,0,0,3057,0.0322,0.039,0.092,-0.008,-5.06,-0.97,815,2281,-1916,0,0,7043,0.1093,0.022,0.044,-0.056,-5.42,-0.61,806,3001,-4963,0,0
85.08,4,3091.9,401.39,-0.08,3111.17,92.2,0.31,-1.33,-0.1,0.0,0.0,1.0,2,6647,-80.1,1.26,0.04,-2.91,-31.21,247,252,3353,0.0346,-0.017,-0.002,-0.098,-6.78,0.75,744,-74,-2923,0,0,6734,0.1113,-0.037,-0.002,-0.098,-5.96,-0.07,770,-98,-5345,0,0,3050,0.033,0.039,0.079,-0.021,-5.37,-0.66,763,1922,-2101,0,0,7121,0.1096,0.02,0.038,-0.062,-5.3,-0.73,760,2222,-5144,0,0
85.1,4,3092.5,401.24,-0.08,3110.68,92.2,0.01,-1.38,-0.1,0.0,0.0,1.0,2,6330,-66.9,0.91,0.03,-2.91,-30.32,247,252,3440,0.0344,-0.01,-0.001,-0.099,-6.57,0.54,744,-39,-2990,0,0,6875,0.111,-0.013,0.001,-0.099,-5.83,-0.2,769,-51,-5444,0,0,2910,0.0333,0.016,0.032,-0.068,-5.35,-0.68,737,377,-2306,0,0,7067,0.1099,0.013,0.009,-0.091,-5.25,-0.78,747,-716,-5302,0,0
85.12,4,3093.0,401.1,-0.08,3110.19,92.0,-0.13,-1.39,-0.1,1.0,0.0,1.0,2,6230,-67.2,0.68,0.05,-2.92,-29.58,247,251,3521,0.0347,0.011,-0.001,-0.099,-6.79,0.76,743,-37,-3066,0,0,7037,0.1114,0.019,0.0,-0.1,-6.16,0.13,767,-61,-5554,0,0,2754,0.0329,-0.023,-0.008,-0.092,-5.29,-0.74,776,312,-2184,0,0,6934,0.1096,-0.015,-0.03,-0.07,-5.39,-0.65,783,-736,-5204,0,0
85.14,4,3093.5,400.97,-0.08,3109.69,91.8,-0.12,-1.39,-0.1,1.0,0.0,1.0,2,6389,122.8,0.67,0.07,-2.92,-29.08,248,250,3591,0.035,0.017,-0.002,-0.098,-6.77,0.74,742,-50,-3118,0,0,7106,0.1119,0.026,-0.002,-0.098,-6.05,0.02,766,-71,-5621,0,0,2673,0.0322,-0.033,0.036,-0.064,-5.19,-0.84,740,463,-2104,0,0,6782,0.1091,-0.024,0.014,-0.086,-5.21,-0.82,747,-319,-5099,0,0
85.16,4,3094.0,400.84,-0.08,3109.2,91.7,-0.12,-1.38,-0.1,1.0,0.0,1.0,2,6366,172.3,0.89,0.09,-2.93,-28.81,249,249,3631,0.0354,0.02,-0.001,-0.099,-6.61,0.58,741,-31,-3144,0,0,7160,0.1125,0.028,-0.002,-0.098,-5.97,-0.06,764,-105,-5654,0,0,2633,0.0315,-0.035,-0.008,-0.092,-4.88,-1.15,773,290,-2062,0,0,6673,0.1086,-0.026,-0.03,-0.07,-5.32,-0.71,780,-728,-4992,0,0
85.18,4,3094.5,400.72,-0.08,3108.71,91.5,-0.12,-1.37,-0.1,1.0,0.0,1.0,2,6427,204.0,1.15,0.11,-2.94,-28.68,250,248,3642,0.0358,0.021,0.0,-0.1,-6.79,0.76,740,-18,-3157,0,0,7197,0.1131,0.03,-0.001,-0.099,-6.16,0.13,763,-41,-5704,0,0,2622,0.0309,-0.032,0.036,-0.064,-5.03,-1.0,738,466,-2034,0,0,6614,0.1081,-0.022,0.015,-0.085,-5.12,-0.92,745,-296,-4921,0,0
85.2,4,3095.0,400.6,-0.08,3108.21,91.4,-0.09,-1.37,-0.1,1.0,0.0,1.0,2,6581,242.5,1.35,0.13,-2.95,-28.71,250,248,3640,0.0361,0.015,-0.002,-0.098,-6.75,0.72,738,-17,-3156,0,0,7257,0.1137,0.03,-0.001,-0.099,-5.88,-0.15,761,-79,-5688,0,0,2595,0.0303,-0.028,0.073,-0.027,-5.1,-0.93,761,1153,-1919,0,0,6597,0.1079,-0.014,0.044,-0.056,-5.19,-0.84,761,1254,-4874,0,0
85.22,4,3095.5,400.49,-0.08,3107.72,91.5,0.23,-1.33,-0.1,1.0,0.0,1.0,2,6694,266.7,1.51,0.13,-2.95,-29.57,251,248,3557,0.0363,0.008,-0.002,-0.098,-6.76,0.73,739,-71,-3086,0,0,7109,0.1141,0.021,-0.003,-0.097,-6.07,0.04,763,-143,-5615,0,0,2760,0.0301,-0.013,0.088,-0.012,-5.07,-0.97,812,1975,-1773,0,0,6710,0.1079,0.0,0.046,-0.054,-5.1,-0.93,804,2802,-4674,0,0
85.24,4,3096.0,400.38,-0.08,3107.22,91.7,0.32,-1.32,-0.1,0.0,0.0,1.0,2,6857,287.3,1.62,0.12,-2.95,-30.37,251,249,3475,0.0361,-0.011,-0.002,-0.098,-6.52,0.49,740,-73,-3011,0,0,6966,0.1138,-0.015,-0.003,-0.097,-6.11,0.08,764,-130,-5513,0,0,2898,0.0306,0.025,0.114,0.014,-5.17,-0.87,788,2094,-1857,0,0,6857,0.1083,0.021,0.076,-0.024,-5.33,-0.7,782,3056,-4763,0,0
85.26,4,3096.5,400.28,-0.08,3106.72,91.9,0.37,-1.31,-0.1,0.0,0.0,1.0,2,6769,197.3,1.57,0.1,-2.94,-31.15,250,250,3426,0.0358,-0.014,-0.002,-0.098,-6.59,0.56,741,-68,-2973,0,0,6838,0.1133,-0.026,-0.001,-0.099,-5.87,-0.16,767,-112,-5422,0,0,3013,0.0313,0.037,0.087,-0.013,-5.29,-0.74,834,2119,-1966,0,0,6982,0.1088,0.025,0.043,-0.057,-5.37,-0.66,829,2706,-4974,0,0
85.28,4,3097.0,400.18,-0.08,3106.22,92.0,0.31,-1.33,-0.1,0.0,0.0,1.0,2,6630,-80.4,1.25,0.07,-2.93,-31.37,249,251,3396,0.0355,-0.017,-0.003,-0.097,-6.75,0.72,742,-75,-2952,0,0,6794,0.1126,-0.032,-0.001,-0.099,-6.13,0.1,768,-118,-5401,0,0,3046,0.0321,0.041,0.044,-0.056,-5.24,-0.8,806,1905,-2102,0,0,7079,0.1093,0.026,0.005,-0.095,-5.32,-0.71,803,2173,-5136,0,0
85.3,4,3097.6,400.09,-0.08,3105.72,92.0,0.04,-1.38,-0.1,0.0,0.0,1.0,2,6253,-67.5,0.9,0.07,-2.93,-30.57,249,251,3455,0.0352,-0.013,0.002,-0.098,-6.34,0.31,743,-26,-2992,0,0,6895,0.1122,-0.022,-0.001,-0.099,-6.12,0.09,768,-74,-5474,0,0,2926,0.0326,0.025,-0.019,-0.081,-5.21,-0.82,771,175,-2321,0,0,7047,0.1096,0.016,-0.036,-0.064,-5.43,-0.6,779,-1100,-5269,0,0
85.32,4,3098.1,400.01,-0.08,3105.21,91.8,-0.13,-1.39,-0.1,1.0,0.0,1.0,2,6294,-66.6,0.67,0.07,-2.93,-29.85,248,250,3528,0.0354,0.009,-0.002,-0.098,-6.62,0.59,742,-43,-3061,0,0,7010,0.1124,0.009,-0.001,-0.099,-5.97,-0.06,766,-83,-5561,0,0,2802,0.0324,-0.012,0.038,-0.062,-5.04,-0.99,740,516,-2199,0,0,6922,0.1094,-0.012,0.013,-0.087,-5.33,-0.7,747,-252,-5177,0,0
85.34,4,3098.6,399.92,-0.08,3104.71,91.7,-0.12,-1.38,-0.1,1.0,0.0,1.0,2,6302,122.3,0.67,0.09,-2.93,-29.35,249,249,3582,0.0356,0.011,-0.002,-0.098,-6.64,0.61,741,-46,-3101,0,0,7112,0.1127,0.017,-0.001,-0.099,-5.99,-0.04,765,-94,-5607,0,0,2715,0.032,-0.023,-0.01,-0.09,-5.2,-0.83,774,300,-2134,0,0,6828,0.1091,-0.016,-0.03,-0.07,-5.21,-0.82,780,-766,-5086,0,0
85.36,4,3099.1,399.85,-0.08,3104.21,91.5,-0.12,-1.38,-0.1,1.0,0.0,1.0,2,6421,173.1,0.89,0.1,-2.94,-29.01,249,248,3596,0.0359,0.014,-0.001,-0.099,-6.65,0.62,740,-36,-3117,0,0,7148,0.1132,0.025,-0.002,-0.098,-6.1,0.07,763,-120,-5654,0,0,2674,0.0314,-0.027,0.037,-0.063,-4.96,-1.07,738,492,-2078,0,0,6758,0.1088,-0.016,0.015,-0.085,-5.29,-0.74,745,-290,-5035,0,0
85.38,4,3099.6,399.78,-0.08,3103.7,91.4,-0.12,-1.38,-0.1,1.0,0.0,1.0,2,6357,202.9,1.15,0.12,-2.95,-28.81,250,247,3629,0.0362,0.016,-0.002,-0.098,-6.75,0.72,738,-46,-3145,0,0,7198,0.1137,0.023,-0.001,-0.099,-5.94,-0.09,762,-87,-5677,0,0,2645,0.0309,-0.025,-0.01,-0.09,-5.12,-0.91,771,285,-2069,0,0,6688,0.1084,-0.018,-0.03,-0.07,-5.08,-0.95,778,-748,-4948,0,0
85.4,4,3100.1,399.71,-0.08,3103.2,91.4,0.11,-1.35,-0.1,1.0,0.0,1.0,2,6703,236.1,1.35,0.13,-2.95,-29.32,250,247,3580,0.0364,0.01,-0.002,-0.098,-6.68,0.65,738,-58,-3100,0,0,7148,0.1142,0.024,-0.003,-0.097,-5.95,-0.08,761,-135,-5622,0,0,2724,0.0305,-0.021,0.093,-0.007,-5.1,-0.93,812,1883,-1783,0,0,6744,0.1083,-0.008,0.049,-0.051,-5.2,-0.83,804,2704,-4729,0,0
85.42,4,3100.6,399.65,-0.08,3102.7,91.5,0.32,-1.32,-0.1,1.0,0.0,1.0,2,6843,264.8,1.51,0.12,-2.95,-30.16,250,248,3502,0.0363,-0.005,-0.002,-0.098,-6.73,0.69,739,-75,-3039,0,0,6975,0.114,-0.008,-0.003,-0.097,-6.05,0.02,763,-145,-5517,0,0,2877,0.0308,0.016,0.115,0.015,-5.19,-0.84,787,2089,-1833,0,0,6856,0.1085,0.013,0.075,-0.025,-5.29,-0.74,781,3079,-4756,0,0
85.44,4,3101.1,399.6,-0.08,3102.19,91.7,0.37,-1.31,-0.1,0.0,0.0,1.0,2,6779,285.0,1.62,0.1,-2.94,-30.99,250,249,3440,0.036,-0.014,-0.001,-0.099,-6.72,0.69,740,-60,-2988,0,0,6835,0.1134,-0.03,-0.002,-0.098,-6.08,0.05,765,-117,-5421,0,0,3001,0.0315,0.034,0.085,-0.015,-5.26,-0.77,833,2109,-1961,0,0,6968,0.1089,0.019,0.043,-0.057,-5.29,-0.74,828,2745,-4928,0,0
85.46,4,3101.6,399.55,-0.08,3101.68,92.0,0.38,-1.31,-0.1,0.0,0.0,1.0,2,6726,199.5,1.57,0.07,-2.93,-31.57,249,250,3372,0.0356,-0.021,-0.004,-0.096,-6.65,0.62,741,-82,-2932,0,0,6748,0.1127,-0.037,-0.002,-0.098,-6.08,0.05,768,-129,-5356,0,0,3059,0.0323,0.04,0.089,-0.011,-5.33,-0.71,814,2265,-1932,0,0,7084,0.1094,0.024,0.043,-0.057,-5.3,-0.73,805,3009,-4977,0,0
85.48,4,3102.1,399.51,-0.08,3101.17,92.1,0.3,-1.34,-0.1,0.0,0.0,1.0,2,6644,-79.6,1.25,0.05,-2.92,-31.55,248,251,3370,0.0352,-0.021,-0.001,-0.099,-6.73,0.69,743,-59,-2926,0,0,6731,0.1119,-0.039,-0.002,-0.098,-5.9,-0.13,769,-90,-5331,0,0,3060,0.0331,0.039,0.074,-0.026,-5.37,-0.66,763,1909,-2113,0,0,7137,0.1098,0.021,0.04,-0.06,-5.18,-0.85,760,2221,-5182,0,0
85.5,4,3102.7,399.47,-0.08,3100.66,92.0,0.02,-1.38,-0.1,0.0,0.0,1.0,2,6325,-66.9,0.9,0.04,-2.92,-30.62,247,251,3422,0.0349,-0.013,-0.001,-0.099,-6.73,0.69,744,-48,-2977,0,0,6868,0.1115,-0.019,0.0,-0.1,-6.1,0.07,769,-62,-5440,0,0,2914,0.0334,0.016,0.028,-0.072,-5.28,-0.75,737,338,-2310,0,0,7093,0.11,0.01,0.008,-0.092,-5.28,-0.75,746,-719,-5294,0,0
85.52,4,3103.2,399.43,-0.08,3100.15,91.9,-0.13,-1.39,-0.1,1.0,0.0,1.0,2,6225,-67.2,0.67,0.05,-2.92,-29.84,248,250,3522,0.035,0.006,-0.002,-0.098,-6.69,0.66,742,-30,-3054,0,0,6995,0.1117,0.011,0.001,-0.099,-6.07,0.04,767,-65,-5532,0,0,2779,0.033,-0.019,-0.01,-0.09,-5.16,-0.87,776,324,-2199,0,0,6939,0.1097,-0.014,-0.026,-0.074,-5.34,-0.69,782,-676,-5207,0,0
85.54,4,3103.7,399.4,-0.08,3099.64,91.7,-0.12,-1.38,-0.1,1.0,0.0,1.0,2,6382,122.9,0.67,0.07,-2.92,-29.32,248,249,3593,0.0354,0.017,-0.002,-0.098,-6.71,0.68,741,-49,-3111,0,0,7083,0.1121,0.019,-0.002,-0.098,-6.01,-0.02,765,-90,-5582,0,0,2697,0.0324,-0.029,0.038,-0.062,-5.22,-0.81,740,479,-2123,0,0,6787,0.1092,-0.027,0.014,-0.086,-5.33,-0.71,747,-294,-5098,0,0
85.56,4,3104.2,399.38,-0.08,3099.14,91.6,-0.12,-1.38,-0.1,1.0,0.0,1.0,2,6361,172.3,0.89,0.09,-2.92,-29.0,249,248,3634,0.0357,0.018,-0.001,-0.099,-6.62,0.59,741,-40,-3143,0,0,7148,0.1126,0.027,-0.001,-0.099,-6.08,0.05,764,-67,-5642,0,0,2641,0.0317,-0.035,-0.01,-0.09,-5.02,-1.01,773,288,-2075,0,0,6676,0.1086,-0.026,-0.03,-0.07,-5.3,-0.73,779,-731,-4996,0,0
85.58,4,3104.7,399.36,-0.08,3098.63,91.4,-0.12,-1.37,-0.1,1.0,0.0,1.0,2,6420,203.6,1.15,0.11,-2.93,-28.82,250,248,3631,0.0361,0.02,-0.002,-0.098,-6.62,0.59,739,-39,-3141,0,0,7199,0.1131,0.025,-0.001,-0.099,-6.08,0.05,762,-98,-5667,0,0,2618,0.0311,-0.03,0.036,-0.064,-5.03,-1.0,737,471,-2045,0,0,6623,0.1082,-0.025,0.014,-0.086,-5.26,-0.77,744,-289,-4931,0,0
85.6,4,3105.2,399.35,-0.08,3098.12,91.3,-0.11,-1.37,-0.1,1.0,0.0,1.0,2,6527,243.1,1.35,0.13,-2.94,-28.74,250,247,3601,0.0363,0.01,-0.002,-0.098,-6.7,0.67,738,-47,-3121,0,0,7230,0.1137,0.029,0.0,-0.1,-6.06,0.02,761,-79,-5689,0,0,2610,0.0305,-0.03,0.081,-0.019,-5.0,-1.03,768,911,-1982,0,0,6638,0.108,-0.01,0.057,-0.043,-5.22,-0.81,771,797,-4898,0,0
85.62,4,3105.7,399.35,-0.08,3097.61,91.3,0.18,-1.34,-0.1,1.0,0.0,1.0,2,6664,267.6,1.51,0.13,-2.95,-29.33,250,247,3543,0.0363,0.002,-0.003,-0.097,-6.63,0.6,738,-69,-3065,0,0,7120,0.1141,0.018,-0.002,-0.098,-6.05,0.02,762,-124,-5606,0,0,2741,0.0302,-0.014,0.085,-0.015,-5.11,-0.92,808,1864,-1812,0,0,6727,0.108,0.002,0.043,-0.057,-5.19,-0.84,801,2540,-4769,0,0
85.64,4,3106.2,399.34,-0.08,3097.11,91.5,0.31,-1.32,-0.1,1.0,0.0,1.0,2,6850,287.4,1.62,0.12,-2.95,-30.08,250,248,3474,0.0362,-0.009,-0.001,-0.099,-6.69,0.65,739,-68,-3012,0,0,6992,0.1139,-0.01,-0.002,-0.098,-5.98,-0.05,763,-134,-5510,0,0,2873,0.0306,0.019,0.115,0.015,-5.11,-0.93,788,2086,-1833,0,0,6862,0.1083,0.017,0.076,-0.024,-5.19,-0.84,781,3083,-4752,0,0
85.66,4,3106.7,399.35,-0.08,3096.6,91.7,0.41,-1.29,-0.1,0.0,0.0,1.0,2,6946,295.8,1.71,0.09,-2.94,-31.13,249,249,3418,0.0358,-0.016,-0.002,-0.098,-6.69,0.66,740,-76,-2963,0,0,6803,0.1134,-0.027,-0.001,-0.099,-5.78,-0.25,765,-118,-5379,0,0,3038,0.0313,0.036,0.076,-0.024,-5.27,-0.77,823,2388,-1819,0,0,6988,0.1089,0.026,0.027,-0.073,-5.16,-0.88,813,3543,-4727,0,0
85.68,4,3107.2,399.36,-0.08,3096.08,92.0,0.47,-1.28,-0.1,0.0,0.0,1.0,2,6797,205.9,1.64,0.06,-2.92,-32.18,248,251,3376,0.0354,-0.02,-0.002,-0.098,-6.48,0.45,742,-78,-2926,0,0,6672,0.1124,-0.047,-0.003,-0.097,-6.03,0.0,768,-137,-5281,0,0,3142,0.0324,0.054,0.103,0.003,-5.4,-0.64,823,2498,-1867,0,0,7103,0.1094,0.027,0.055,-0.045,-5.39,-0.64,811,3543,-4877,0,0
85.7,4,3107.7,399.37,-0.08,3095.57,92.2,0.33,-1.33,-0.1,0.0,0.0,1.0,2,6641,-81.3,1.29,0.04,-2.9,-32.09,247,252,3378,0.0351,-0.016,-0.002,-0.098,-6.69,0.65,743,-59,-2927,0,0,6674,0.1115,-0.047,-0.003,-0.097,-5.98,-0.05,769,-111,-5291,0,0,3124,0.0335,0.052,0.074,-0.026,-5.45,-0.58,763,1892,-2203,0,0,7150,0.1098,0.021,0.037,-0.063,-5.38,-0.65,761,2122,-5250,0,0
85.72,4,3108.3,399.39,-0.08,3095.06,92.1,0.01,-1.39,-0.1,0.0,0.0,1.0,2,6334,-66.9,0.93,0.03,-2.9,-31.01,247,251,3434,0.0348,-0.014,-0.001,-0.099,-6.7,0.67,744,-44,-2974,0,0,6804,0.111,-0.023,-0.001,-0.099,-5.94,-0.09,769,-58,-5384,0,0,2965,0.0338,0.019,0.03,-0.07,-5.15,-0.88,738,366,-2363,0,0,7085,0.11,0.01,0.008,-0.092,-5.44,-0.59,747,-709,-5353,0,0
85.74,4,3108.8,399.42,-0.08,3094.55,91.9,-0.13,-1.39,-0.1,1.0,0.0,1.0,2,6228,-67.2,0.69,0.04,-2.9,-30.1,247,250,3510,0.035,0.007,0.0,-0.1,-6.66,0.63,743,-26,-3040,0,0,6950,0.1112,0.009,-0.002,-0.098,-6.04,0.0,767,-95,-5496,0,0,2819,0.0335,-0.015,-0.01,-0.09,-5.22,-0.81,776,331,-2240,0,0,6959,0.1097,-0.014,-0.03,-0.07,-5.44,-0.59,782,-740,-5255,0,0
85.76,4,3109.3,399.45,-0.08,3094.04,91.8,-0.12,-1.39,-0.1,1.0,0.0,1.0,2,6386,122.9,0.68,0.06,-2.91,-29.45,247,250,3565,0.0352,0.011,0.0,-0.1,-6.65,0.62,742,-27,-3079,0,0,7072,0.1116,0.02,-0.001,-0.099,-5.87,-0.16,766,-83,-5560,0,0,2724,0.0329,-0.03,0.038,-0.062,-5.27,-0.76,740,497,-2144,0,0,6861,0.1093,-0.02,0.015,-0.085,-5.41,-0.62,747,-296,-5166,0,0
85.78,4,3109.8,399.48,-0.08,3093.53,91.6,-0.12,-1.38,-0.1,1.0,0.0,1.0,2,6365,172.3,0.9,0.08,-2.92,-29.02,248,249,3603,0.0355,0.016,-0.001,-0.099,-6.52,0.49,741,-43,-3112,0,0,7165,0.1122,0.031,-0.001,-0.099,-6.05,0.02,764,-78,-5628,0,0,2650,0.0323,-0.034,-0.01,-0.09,-5.18,-0.85,773,274,-2102,0,0,6775,0.109,-0.019,-0.03,-0.07,-5.25,-0.78,780,-746,-5071,0,0
85.8,4,3110.3,399.52,-0.08,3093.03,91.5,-0.12,-1.38,-0.1,1.0,0.0,1.0,2,6426,205.1,1.16,0.1,-2.93,-28.73,249,248,3623,0.0359,0.017,-0.001,-0.099,-6.5,0.47,740,-35,-3128,0,0,7203,0.1129,0.034,0.0,-0.1,-6.02,-0.01,763,-76,-5664,0,0,2620,0.0315,-0.037,0.039,-0.061,-5.13,-0.9,738,478,-2058,0,0,6698,0.1086,-0.02,0.015,-0.085,-5.14,-0.89,744,-279,-5007,0,0
85.82,4,3110.8,399.57,-0.08,3092.52,91.4,-0.09,-1.37,-0.1,1.0,0.0,1.0,2,6581,243.5,1.36,0.12,-2.94,-28.64,250,247,3618,0.0362,0.015,-0.001,-0.099,-6.65,0.62,739,-34,-3128,0,0,7214,0.1135,0.028,-0.001,-0.099,-6.02,-0.01,762,-77,-5674,0,0,2613,0.0309,-0.033,0.074,-0.026,-5.14,-0.89,761,1154,-1944,0,0,6648,0.1082,-0.019,0.045,-0.055,-5.27,-0.77,761,1292,-4909,0,0
85.84,4,3111.3,399.62,-0.08,3092.02,91.5,0.24,-1.33,-0.1,1.0,0.0,1.0,2,6696,267.4,1.51,0.12,-2.94,-29.37,250,248,3536,0.0362,0.002,-0.002,-0.098,-6.65,0.62,739,-63,-3051,0,0,7035,0.1137,0.01,-0.003,-0.097,-5.97,-0.06,762,-138,-5551,0,0,2779,0.0306,-0.012,0.088,-0.012,-5.09,-0.94,812,1977,-1799,0,0,6717,0.1081,-0.004,0.046,-0.054,-5.21,-0.83,804,2763,-4728,0,0
85.86,4,3111.8,399.68,-0.08,3091.51,91.6,0.32,-1.31,-0.1,1.0,0.0,1.0,2,6859,287.8,1.63,0.1,-2.93,-30.06,250,249,3465,0.036,-0.011,-0.002,-0.098,-6.58,0.55,740,-75,-2997,0,0,6925,0.1133,-0.019,-0.002,-0.098,-5.95,-0.08,764,-127,-5461,0,0,2901,0.0311,0.023,0.117,0.017,-5.17,-0.86,788,2112,-1847,0,0,6854,0.1084,0.016,0.076,-0.024,-5.34,-0.69,782,3050,-4787,0,0
85.88,4,3112.3,399.74,-0.08,3091.01,91.8,0.41,-1.29,-0.1,0.0,0.0,1.0,2,6958,295.9,1.71,0.08,-2.92,-31.03,249,250,3413,0.0357,-0.015,-0.003,-0.097,-6.65,0.62,741,-71,-2951,0,0,6791,0.1128,-0.026,-0.002,-0.098,-6.01,-0.02,766,-130,-5371,0,0,3038,0.0318,0.034,0.075,-0.025,-5.21,-0.82,824,2388,-1821,0,0,6989,0.1089,0.023,0.026,-0.074,-5.42,-0.62,814,3520,-4765,0,0
85.9,4,3112.8,399.81,-0.08,3090.5,92.1,0.47,-1.28,-0.1,0.0,0.0,1.0,2,6807,205.8,1.64,0.05,-2.9,-32.07,248,251,3369,0.0353,-0.019,-0.003,-0.097,-6.64,0.61,743,-72,-2920,0,0,6665,0.1119,-0.044,-0.002,-0.098,-6.02,-0.01,769,-135,-5287,0,0,3146,0.0328,0.053,0.104,0.004,-5.43,-0.6,825,2502,-1869,0,0,7110,0.1094,0.027,0.052,-0.048,-5.53,-0.5,812,3530,-4893,0,0
85.92,4,3113.4,399.88,-0.08,3089.99,92.3,0.32,-1.34,-0.1,0.0,0.0,1.0,2,6652,-81.4,1.29,0.03,-2.9,-31.96,247,252,3342,0.0349,-0.02,-0.002,-0.098,-6.65,0.62,745,-67,-2904,0,0,6690,0.111,-0.044,-0.002,-0.098,-5.96,-0.07,771,-102,-5301,0,0,3105,0.0338,0.048,0.074,-0.026,-5.33,-0.7,764,1898,-2177,0,0,7186,0.1099,0.023,0.039,-0.061,-5.51,-0.52,762,2150,-5299,0,0
85.94,4,3113.9,399.96,-0.08,3089.48,92.2,0.02,-1.39,-0.1,0.0,0.0,1.0,2,6341,-67.0,0.93,0.02,-2.89,-30.86,246,252,3395,0.0346,-0.016,-0.001,-0.099,-6.65,0.62,745,-38,-2947,0,0,6810,0.1106,-0.018,-0.001,-0.099,-6.05,0.02,770,-69,-5405,0,0,2964,0.0341,0.016,0.03,-0.07,-5.19,-0.84,739,361,-2361,0,0,7143,0.1102,0.014,0.009,-0.091,-5.43,-0.6,748,-714,-5400,0,0
85.96,4,3114.4,400.04,-0.08,3088.98,92.1,-0.13,-1.4,-0.1,1.0,0.0,1.0,2,6238,-67.3,0.69,0.03,-2.89,-29.91,247,251,3506,0.0347,0.003,-0.001,-0.099,-6.63,0.6,744,-39,-3031,0,0,6939,0.1108,0.008,-0.002,-0.098,-6.04,0.01,768,-73,-5486,0,0,2799,0.0337,-0.019,-0.009,-0.091,-5.21,-0.82,777,326,-2236,0,0,6951,0.1099,-0.014,-0.03,-0.07,-5.41,-0.62,783,-710,-5263,0,0
85.98,4,3114.9,400.13,-0.08,3088.48,91.9,-0.12,-1.39,-0.1,1.0,0.0,1.0,2,6395,122.8,0.68,0.05,-2.9,-29.25,247,250,3540,0.035,0.016,-0.002,-0.098,-6.66,0.63,743,-34,-3061,0,0,7066,0.1112,0.022,-0.001,-0.099,-6.01,-0.02,767,-85,-5569,0,0,2709,0.0331,-0.032,0.036,-0.064,-5.3,-0.74,741,473,-2143,0,0,6860,0.1094,-0.026,0.014,-0.086,-5.36,-0.67,748,-316,-5172,0,0
86.0,4,3115.4,400.22,-0.08,3087.98,91.8,-0.12,-1.38,-0.1,1.0,0.0,1.0,2,6375,172.2,0.9,0.07,-2.91,-28.82,247,249,3605,0.0353,0.015,-0.001,-0.099,-6.65,0.62,742,-42,-3110,0,0,7156,0.1119,0.033,-0.002,-0.098,-5.93,-0.1,765,-81,-5624,0,0,2667,0.0324,-0.034,-0.01,-0.09,-5.25,-0.78,775,281,-2120,0,0,6792,0.109,-0.016,-0.03,-0.07,-5.36,-0.67,781,-723,-5085,0,0
86.02,4,3115.9,400.32,-0.08,3087.48,91.6,-0.12,-1.38,-0.1,1.0,0.0,1.0,2,6435,205.1,1.16,0.09,-2.92,-28.52,248,249,3655,0.0357,0.02,-0.001,-0.099,-6.64,0.61,741,-42,-3150,0,0,7220,0.1126,0.035,-0.002,-0.098,-5.99,-0.04,764,-94,-5666,0,0,2627,0.0317,-0.035,0.037,-0.063,-5.19,-0.84,739,467,-2064,0,0,6704,0.1086,-0.019,0.015,-0.085,-5.11,-0.92,745,-270,-5021,0,0
86.04,4,3116.4,400.43,-0.08,3086.98,91.5,-0.09,-1.38,-0.1,1.0,0.0,1.0,2,6588,243.4,1.36,0.11,-2.94,-28.43,249,248,3616,0.036,0.017,-0.001,-0.099,-6.45,0.42,740,-41,-3124,0,0,7231,0.1133,0.036,-0.001,-0.099,-6.03,-0.01,763,-85,-5690,0,0,2618,0.0311,-0.032,0.073,-0.027,-5.06,-0.97,762,1148,-1949,0,0,6695,0.1084,-0.014,0.045,-0.055,-5.24,-0.79,762,1282,-4951,0,0
86.06,4,3116.9,400.54,-0.08,3086.48,91.6,0.24,-1.34,-0.1,1.0,0.0,1.0,2,6704,267.1,1.51,0.11,-2.94,-29.15,250,248,3534,0.0361,0.005,-0.002,-0.098,-6.63,0.6,740,-66,-3056,0,0,7100,0.1136,0.016,-0.002,-0.098,-5.92,-0.11,764,-136,-5584,0,0,2771,0.0308,-0.012,0.088,-0.012,-5.16,-0.87,813,1968,-1797,0,0,6803,0.1083,-0.001,0.046,-0.054,-5.24,-0.79,805,2784,-4787,0,0
86.08,4,3117.4,400.65,-0.08,3085.99,91.7,0.32,-1.32,-0.1,1.0,0.0,1.0,2,6860,287.7,1.63,0.1,-2.95,-29.88,249,249,3465,0.0359,-0.01,-0.002,-0.098,-6.65,0.62,741,-71,-3000,0,0,6999,0.1135,-0.009,-0.002,-0.098,-6.03,0.0,765,-123,-5514,0,0,2898,0.0312,0.02,0.114,0.014,-5.19,-0.84,789,2086,-1863,0,0,6964,0.1088,0.021,0.075,-0.025,-5.31,-0.72,782,3080,-4828,0,0
86.1,4,3117.9,400.77,-0.08,3085.49,91.9,0.37,-1.31,-0.1,0.0,0.0,1.0,2,6797,302.1,1.71,0.08,-2.94,-30.59,249,250,3402,0.0356,-0.015,-0.003,-0.097,-6.6,0.57,742,-68,-2952,0,0,6830,0.113,-0.022,-0.002,-0.098,-5.94,-0.09,767,-131,-5406,0,0,3016,0.0319,0.034,0.083,-0.017,-5.24,-0.79,834,2099,-1982,0,0,7076,0.1093,0.027,0.044,-0.056,-5.2,-0.83,830,2749,-5017,0,0
86.12,4,3118.5,400.9,-0.08,3084.99,92.1,0.39,-1.31,-0.1,0.0,0.0,1.0,2,6756,207.8,1.64,0.05,-2.93,-31.14,248,252,3357,0.0352,-0.022,-0.003,-0.097,-6.6,0.57,744,-75,-2914,0,0,6745,0.1123,-0.035,-0.001,-0.099,-6.01,-0.02,769,-127,-5347,0,0,3074,0.0327,0.039,0.092,-0.008,-5.2,-0.84,818,2302,-1927,0,0,7179,0.1098,0.026,0.046,-0.054,-5.28,-0.75,808,3141,-5019,0,0
86.14,4,3119.0,401.03,-0.08,3084.5,92.3,0.31,-1.34,-0.1,0.0,0.0,1.0,2,6659,-81.5,1.29,0.03,-2.91,-31.04,248,252,3356,0.0348,-0.021,-0.002,-0.098,-6.68,0.65,745,-69,-2915,0,0,6699,0.1115,-0.04,-0.002,-0.098,-6.04,0.0,770,-115,-5321,0,0,3071,0.0335,0.039,0.075,-0.025,-5.35,-0.68,765,1901,-2132,0,0,7196,0.1102,0.02,0.038,-0.062,-5.46,-0.57,762,2199,-5266,0,0
86.16,4,3119.5,401.16,-0.08,3084.0,92.2,0.02,-1.38,-0.1,0.98,0.0,1.0,2,6343,-67.0,0.93,0.03,-2.91,-30.04,247,252,3413,0.0345,-0.011,-0.001,-0.099,-6.56,0.53,746,-41,-2965,0,0,6845,0.1111,-0.024,-0.001,-0.099,-5.89,-0.14,770,-72,-5414,0,0,2924,0.0338,0.017,0.029,-0.071,-5.3,-0.73,739,347,-2323,0,0,7138,0.1103,0.004,0.009,-0.091,-5.43,-0.6,748,-690,-5363,0,0
86.18,4,3120.0,401.3,-0.08,3083.51,92.1,-0.13,-1.39,-0.1,1.0,0.0,1.0,2,6343,122.0,0.85,0.04,-2.91,-29.23,247,251,3525,0.0347,0.01,-0.001,-0.099,-6.67,0.64,745,-41,-3059,0,0,6990,0.1113,0.014,-0.001,-0.099,-5.99,-0.04,768,-84,-5531,0,0,2791,0.0333,-0.022,-0.01,-0.09,-5.22,-0.81,777,320,-2204,0,0,6978,0.1099,-0.018,-0.03,-0.07,-5.31,-0.73,784,-718,-5227,0,0
86.2,4,3120.5,401.45,-0.08,3083.02,91.9,-0.12,-1.39,-0.1,1.0,0.0,1.0,2,6451,178.8,1.03,0.06,-2.92,-28.69,248,250,3575,0.0351,0.017,-0.001,-0.099,-6.7,0.67,743,-41,-3101,0,0,7092,0.1118,0.025,-0.001,-0.099,-6.06,0.03,767,-75,-5610,0,0,2703,0.0327,-0.03,0.036,-0.064,-5.14,-0.89,742,472,-2117,0,0,6870,0.1095,-0.022,0.015,-0.085,-5.27,-0.76,748,-289,-5130,0,0
86.22,4,3121.0,401.6,-0.08,3082.54,91.8,-0.12,-1.38,-0.1,1.0,0.0,1.0,2,6396,224.0,1.26,0.08,-2.92,-28.34,249,249,3596,0.0354,0.017,-0.001,-0.099,-6.54,0.51,742,-43,-3117,0,0,7087,0.1123,0.022,-0.001,-0.099,-6.08,0.05,765,-95,-5610,0,0,2675,0.0321,-0.031,-0.009,-0.091,-5.07,-0.96,775,285,-2096,0,0,6741,0.109,-0.026,-0.029,-0.071,-5.11,-0.92,781,-725,-5005,0,0
86.24,4,3121.5,401.76,-0.08,3082.05,91.8,0.08,-1.36,-0.1,1.0,0.0,1.0,2,6667,253.6,1.43,0.09,-2.92,-28.64,249,249,3581,0.0357,0.013,-0.002,-0.098,-6.72,0.69,742,-57,-3104,0,0,7067,0.1126,0.015,-0.002,-0.098,-6.09,0.06,765,-117,-5596,0,0,2713,0.0316,-0.025,0.078,-0.022,-5.06,-0.97,807,1710,-1857,0,0,6706,0.1085,-0.024,0.041,-0.059,-5.22,-0.81,802,2301,-4801,0,0
