Time_s,TestPhase,Distance_m,PosX,PosY,PosZ,Speed_Kmh,Accel_Long_G,Accel_Lat_G,Raw_Steer,Raw_Throttle,Raw_Brake,Clutch,Gear,RPM,Torque_Nm,Boost_Bar,Pitch,Roll,YawRate,Aero_DownN,Aero_DragN,FL_Load_N,FL_Travel_m,FL_DamperVel_ms,FL_Slip,FL_SlipDelta,FL_SlipAng_deg,FL_LatDelta,FL_WheelRPM,FL_LongForce_N,FL_LatForce_N,FL_ActBrakeTrq_Nm,FL_ABS_Active,FR_Load_N,FR_Travel_m,FR_DamperVel_ms,FR_Slip,FR_SlipDelta,FR_SlipAng_deg,FR_LatDelta,FR_WheelRPM,FR_LongForce_N,FR_LatForce_N,FR_ActBrakeTrq_Nm,FR_ABS_Active,RL_Load_N,RL_Travel_m,RL_DamperVel_ms,RL_Slip,RL_SlipDelta,RL_SlipAng_deg,RL_LatDelta,RL_WheelRPM,RL_LongForce_N,RL_LatForce_N,RL_ActBrakeTrq_Nm,RL_ABS_Active,RR_Load_N,RR_Travel_m,RR_DamperVel_ms,RR_Slip,RR_SlipDelta,RR_SlipAng_deg,RR_LatDelta,RR_WheelRPM,RR_LongForce_N,RR_LatForce_N,RR_ActBrakeTrq_Nm,RR_ABS_Active
39.66,3,2042.1,485.73,-0.09,2819.2,1.0,-0.38,0.0,1.0,0.5,0.0,0.0,1,909,0.0,0.3,0.14,0.01,0.41,0,0,5564,0.0823,-0.027,1.174,1.074,-0.83,-5.2,15,-2084,-32,1482,1,5560,0.0821,-0.03,-1.331,1.231,-0.58,-5.45,17,-2298,11,1482,1,4522,0.0767,0.034,-1.451,1.351,0.55,-5.48,12,-3665,77,798,1,4519,0.0765,0.031,0.27,0.17,0.49,-5.54,6,-996,-139,798,1
39.68,3,2042.1,485.73,-0.09,2819.2,0.9,-0.09,0.06,1.0,0.5,0.0,0.0,1,957,41.7,0.31,0.12,0.02,0.83,0,0,5512,0.0822,-0.004,0.433,0.333,16.64,10.6,5,1911,957,0,0,5443,0.082,-0.004,0.563,0.463,17.3,11.27,5,2064,1032,0,0,4618,0.0769,0.007,2.374,2.274,0.3,-5.73,36,1782,167,0,0,4559,0.0767,0.007,0.503,0.403,-0.43,-5.6,13,370,-49,0,0
39.7,3,2042.1,485.73,-0.09,2819.21,0.8,-0.13,0.23,1.0,0.5,0.0,0.0,1,1026,45.5,0.32,0.1,0.06,3.1,0,0,5638,0.0821,-0.004,-0.832,0.732,8.44,2.41,3,-1506,2133,0,0,5202,0.081,-0.047,-0.968,0.868,4.95,-1.08,-3,-1171,1925,0,0,4817,0.0779,0.049,-1.083,0.983,-0.44,-5.59,-16,2056,188,0,0,4449,0.0768,0.006,-0.393,0.293,-0.2,-5.83,0,91,-14,0,0
39.72,3,2042.1,485.73,-0.09,2819.21,0.7,-0.35,0.24,1.0,0.5,0.0,0.0,1,1102,49.7,0.34,0.08,0.11,4.95,0,0,5756,0.0825,0.022,0.838,0.738,-2.25,-3.78,21,135,2210,0,0,5164,0.0798,-0.062,0.688,0.588,-9.75,3.71,18,-246,1445,0,0,4832,0.0791,0.062,-0.833,0.733,-0.73,-5.3,4,-2307,122,0,0,4335,0.0763,-0.022,0.057,-0.043,-0.02,-6.01,5,-375,-34,0,0
39.74,3,2042.1,485.74,-0.09,2819.22,0.7,-0.16,0.18,1.0,0.5,0.0,0.0,1,1185,54.2,0.35,0.06,0.16,6.19,0,0,5753,0.083,0.023,-0.541,0.441,-9.01,2.98,0,427,1347,0,0,5134,0.0788,-0.051,-0.315,0.215,-18.38,12.35,-1,579,-174,0,0,4868,0.0801,0.051,1.219,1.119,-1.26,-4.77,21,672,9,0,0,4353,0.0759,-0.023,0.087,-0.013,-0.4,-5.63,2,177,-77,0,0
39.76,3,2042.1,485.74,-0.09,2819.22,0.6,0.0,-0.07,1.0,0.5,0.0,0.0,1,1276,59.2,0.36,0.04,0.15,5.24,0,0,5476,0.0828,-0.01,0.24,0.14,-6.36,0.32,16,-851,352,0,0,5248,0.0781,-0.035,-0.088,-0.012,-14.54,8.51,8,-867,-1774,0,0,4781,0.0809,0.039,-0.583,0.483,-0.52,-5.51,-5,564,-70,0,0,4603,0.0762,0.015,-0.076,-0.024,-1.04,-4.99,2,-262,-136,0,0
39.78,3,2042.1,485.74,-0.09,2819.22,0.6,0.08,-0.18,1.0,1.0,0.0,0.0,1,1374,64.6,0.37,0.01,0.12,3.18,0,0,5199,0.0816,-0.06,0.038,-0.062,1.03,-5.0,4,933,63,0,0,5362,0.0779,-0.007,0.348,0.248,-3.67,-2.36,9,249,-2420,0,0,4696,0.0811,0.013,-0.06,-0.04,-1.33,-4.7,8,-871,-148,0,0,4849,0.0775,0.065,0.119,0.019,-0.26,-5.77,5,0,-214,0,0
39.8,3,2042.1,485.74,-0.09,2819.22,0.6,0.09,-0.19,1.0,0.5,0.0,0.0,1,1542,132.6,0.39,-0.03,0.07,1.16,0,0,5036,0.08,-0.08,-0.24,0.14,7.65,1.62,5,-840,528,0,0,5410,0.078,0.002,-0.245,0.145,6.73,0.7,0,170,-2024,0,0,4663,0.0812,0.005,0.356,0.256,-0.72,-5.31,8,499,-236,0,0,4993,0.0792,0.087,-0.1,0.0,-0.62,-5.41,3,-118,-271,0,0
39.82,3,2042.1,485.74,-0.09,2819.23,0.6,-0.01,-0.11,1.0,0.5,0.0,0.0,1,1714,77.6,0.41,-0.06,0.02,0.4,0,0,5024,0.0785,-0.073,0.298,0.198,10.2,4.16,8,258,1372,0,0,5426,0.078,0.002,0.059,-0.041,10.82,4.79,7,-520,-916,0,0,4658,0.0813,0.004,-0.312,0.212,-1.34,-4.69,1,-116,-331,0,0,5004,0.0808,0.08,0.064,-0.036,-0.89,-5.14,6,-171,-354,0,0
39.84,3,2042.1,485.74,-0.09,2819.23,0.5,-0.12,0.02,1.0,0.5,0.0,0.03,1,1835,81.0,0.41,-0.08,0.0,1.17,0,0,5168,0.0777,-0.044,-0.247,0.147,7.0,0.97,0,30,2059,0,0,5365,0.0779,-0.005,0.072,-0.028,5.97,-0.06,3,402,60,0,0,4708,0.0815,0.01,0.233,0.133,-0.67,-5.36,9,-94,-370,0,0,4874,0.0818,0.05,0.131,0.031,-0.34,-5.69,6,231,-372,0,0
39.86,3,2042.1,485.74,-0.09,2819.23,0.5,-0.05,0.08,1.0,1.0,0.0,0.09,1,1888,82.6,0.42,-0.1,0.01,2.46,0,0,5270,0.0774,-0.014,-0.004,-0.096,2.91,-3.12,7,-509,2311,0,0,5259,0.0775,-0.019,-0.115,0.015,-0.39,-5.64,4,-473,295,0,0,4799,0.082,0.024,0.083,-0.017,0.02,-6.01,6,1176,-300,0,0,4788,0.0822,0.019,0.108,0.008,0.79,-5.24,4,1366,-292,0,0
39.88,3,2042.1,485.74,-0.09,2819.24,0.6,0.07,0.1,1.0,0.5,0.0,0.14,1,1945,144.2,0.44,-0.13,0.02,3.48,0,0,5297,0.0772,-0.008,0.22,0.12,1.09,-4.95,9,127,2260,0,0,5152,0.0769,-0.034,0.194,0.094,-3.97,-2.06,7,188,-22,0,0,4886,0.0828,0.038,-0.171,0.071,0.02,-6.01,5,1422,-222,0,0,4762,0.0824,0.012,-0.143,0.043,-0.18,-5.85,3,1702,-220,0,0
39.9,3,2042.1,485.74,-0.09,2819.24,0.7,0.2,0.08,1.0,0.5,0.0,0.15,1,1947,84.4,0.46,-0.16,0.04,3.99,0,0,5259,0.077,-0.013,-0.119,0.019,1.76,-4.27,7,-5,2142,0,0,5040,0.076,-0.044,-0.172,0.072,-3.93,-2.1,5,-295,-448,0,0,4973,0.0837,0.047,-0.2,0.1,-0.01,-6.02,7,1272,-182,0,0,4788,0.0827,0.016,-0.182,0.082,-0.56,-5.47,3,1783,-208,0,0
39.92,3,2042.1,485.75,-0.09,2819.24,0.8,0.15,0.05,1.0,1.0,0.0,0.12,1,1922,83.7,0.46,-0.19,0.06,4.04,0,0,5227,0.0765,-0.021,-0.032,-0.068,3.41,-2.62,10,-319,2160,0,0,5024,0.0751,-0.045,0.154,0.054,-2.37,-3.66,10,-81,-695,0,0,4996,0.0847,0.049,-0.012,-0.088,0.14,-5.89,10,975,-176,0,0,4826,0.0832,0.025,-0.041,-0.059,-1.35,-4.68,7,1267,-261,0,0
39.94,3,2042.2,485.75,-0.09,2819.25,0.9,0.17,0.04,1.0,1.0,0.0,0.15,1,1955,144.5,0.48,-0.22,0.07,4.12,0,0,5196,0.0761,-0.021,0.113,0.013,5.16,-0.87,12,-64,2309,0,0,5009,0.0743,-0.037,-0.085,-0.015,-0.49,-5.54,7,-36,-761,0,0,5023,0.0856,0.043,0.064,-0.036,-1.4,-4.63,11,1667,-228,0,0,4871,0.0838,0.027,0.077,-0.023,-0.75,-5.28,8,2005,-327,0,0
39.96,3,2042.2,485.75,-0.09,2819.26,1.1,0.25,0.04,1.0,0.5,0.0,0.18,1,1982,145.3,0.5,-0.25,0.08,4.46,0,0,5138,0.0756,-0.026,-0.07,-0.03,7.64,1.61,11,-59,2585,0,0,4965,0.0736,-0.036,-0.017,-0.083,2.06,-3.97,10,-307,-604,0,0,5067,0.0864,0.044,-0.226,0.126,-0.98,-5.05,9,1931,-315,0,0,4926,0.0844,0.033,-0.235,0.135,-0.65,-5.38,5,2397,-407,0,0
39.98,3,2042.2,485.75,-0.09,2819.26,1.3,0.22,0.07,1.0,0.5,0.0,0.16,1,1959,84.8,0.51,-0.28,0.09,5.21,0,0,5138,0.0751,-0.027,-0.062,-0.038,9.21,3.18,14,-222,2978,0,0,4931,0.0728,-0.038,0.081,-0.019,2.51,-3.52,12,-19,-331,0,0,5110,0.0874,0.048,-0.379,0.279,-0.06,-5.97,10,1216,-361,0,0,4942,0.0852,0.037,-0.429,0.329,-0.96,-5.07,5,1778,-465,0,0
40.0,3,2042.2,485.75,-0.09,2819.27,1.4,0.07,0.1,1.0,1.0,0.0,0.13,1,1925,83.8,0.52,-0.3,0.1,6.32,0,0,5226,0.0748,-0.014,0.055,-0.045,7.06,1.03,17,-260,3318,0,0,4945,0.0721,-0.035,-0.054,-0.046,-1.17,-4.86,11,-101,-260,0,0,5093,0.0883,0.044,0.086,-0.014,-0.17,-5.86,17,739,-368,0,0,4863,0.0856,0.023,0.035,-0.065,-0.35,-5.68,12,1220,-476,0,0
40.02,3,2042.2,485.76,-0.09,2819.28,1.4,0.08,0.11,1.0,0.5,0.0,0.15,1,1956,144.5,0.53,-0.32,0.13,7.35,0,0,5288,0.0748,0.002,0.105,0.005,5.06,-0.97,18,-106,3462,0,0,4942,0.0716,-0.027,0.024,-0.076,-4.9,-1.13,13,-119,-567,0,0,5086,0.0889,0.033,0.17,0.07,0.95,-5.09,16,1883,-300,0,0,4801,0.0857,0.003,0.201,0.101,-0.71,-5.32,11,2355,-461,0,0
40.04,3,2042.2,485.76,-0.09,2819.28,1.6,0.18,0.1,1.0,0.5,0.0,0.15,1,1951,84.5,0.54,-0.34,0.14,7.85,0,0,5266,0.0749,0.002,0.057,-0.043,5.23,-0.81,19,-68,3488,0,0,4925,0.0711,-0.027,0.017,-0.083,-5.03,-1.0,14,-133,-1015,0,0,5119,0.0896,0.034,-0.425,0.325,-0.06,-5.97,10,1474,-269,0,0,4842,0.0858,0.005,-0.453,0.353,-0.25,-5.79,3,2335,-437,0,0
40.06,3,2042.2,485.76,-0.09,2819.29,1.7,0.11,0.07,1.0,0.5,0.0,0.12,1,1923,83.7,0.54,-0.35,0.15,7.95,0,0,5253,0.0748,-0.005,-0.004,-0.096,5.17,-0.86,19,-82,3529,0,0,4969,0.0706,-0.022,-0.003,-0.097,-4.28,-1.75,14,-47,-1373,0,0,5095,0.0902,0.031,-0.216,0.116,-1.25,-4.78,17,224,-329,0,0,4865,0.0861,0.015,-0.337,0.237,-2.26,-3.77,9,899,-485,0,0
40.08,3,2042.2,485.77,-0.09,2819.3,1.7,0.08,0.04,1.0,0.5,0.0,0.12,1,1915,83.4,0.55,-0.36,0.16,7.96,0,0,5243,0.0746,-0.006,-0.011,-0.089,5.38,-0.65,20,-49,3589,0,0,5036,0.0704,-0.009,0.001,-0.099,-3.43,-2.61,14,-50,-1614,0,0,5028,0.0906,0.018,0.35,0.25,-1.77,-4.27,23,1044,-463,0,0,4866,0.0864,0.015,0.385,0.285,-1.5,-4.53,17,1600,-589,0,0
40.1,3,2042.2,485.77,-0.09,2819.31,1.8,0.12,0.01,1.0,1.0,0.0,0.11,1,1912,83.4,0.55,-0.37,0.15,8.08,0,0,5205,0.0745,-0.009,-0.002,-0.098,6.97,0.94,19,-16,3661,0,0,5079,0.0704,0.0,-0.001,-0.099,-1.88,-4.15,15,-156,-1715,0,0,4982,0.0907,0.005,-0.118,0.018,-1.42,-4.61,14,1415,-560,0,0,4888,0.0867,0.014,-0.109,0.009,-1.21,-4.82,8,2013,-733,0,0
40.12,3,2042.2,485.77,-0.09,2819.32,1.9,0.12,0.0,1.0,0.5,0.0,0.15,1,1952,144.4,0.56,-0.37,0.14,8.31,0,0,5171,0.0742,-0.013,-0.019,-0.081,7.95,1.92,20,-23,3761,0,0,5105,0.0705,0.005,0.049,-0.051,-0.27,-5.76,17,-143,-1689,0,0,4954,0.0906,-0.002,-0.353,0.253,-0.89,-5.14,14,1229,-566,0,0,4911,0.087,0.016,-0.38,0.28,-0.13,-5.9,8,1846,-782,0,0
40.14,3,2042.2,485.78,-0.09,2819.33,2.0,0.18,0.02,1.0,0.5,0.0,0.15,1,1950,84.5,0.57,-0.38,0.13,8.63,0,0,5153,0.0739,-0.015,0.0,-0.1,9.17,3.14,21,-26,3895,0,0,5082,0.0706,0.002,0.018,-0.082,1.31,-4.72,17,-74,-1495,0,0,4973,0.0907,0.002,-0.354,0.254,-0.12,-5.91,15,1063,-493,0,0,4923,0.0873,0.018,-0.402,0.302,-0.13,-5.9,10,1636,-766,0,0
40.16,3,2042.2,485.78,-0.09,2819.34,2.1,0.09,0.06,1.0,1.0,0.0,0.12,1,1923,83.7,0.57,-0.39,0.13,9.12,0,0,5200,0.0737,-0.01,0.012,-0.088,8.45,2.42,23,-19,4059,0,0,5083,0.0705,-0.003,-0.025,-0.075,0.7,-5.33,17,-61,-1266,0,0,4970,0.0908,0.006,-0.145,0.045,0.77,-5.27,20,617,-418,0,0,4881,0.0876,0.013,-0.101,0.001,0.15,-5.88,14,1162,-700,0,0
40.18,3,2042.3,485.79,-0.09,2819.35,2.2,0.07,0.09,1.0,1.0,0.0,0.15,1,1956,144.5,0.58,-0.39,0.13,9.66,0,0,5262,0.0738,0.003,0.056,-0.044,7.8,1.77,25,-61,4185,0,0,5067,0.0704,-0.003,-0.023,-0.077,-0.9,-5.13,18,-142,-1180,0,0,4985,0.0909,0.005,0.083,-0.017,0.53,-5.5,23,1361,-345,0,0,4829,0.0876,-0.001,0.138,0.038,-1.19,-4.84,17,2061,-642,0,0
40.2,3,2042.3,485.79,-0.09,2819.36,2.3,0.17,0.1,1.0,1.0,0.0,0.18,1,1983,145.3,0.6,-0.39,0.14,10.15,0,0,5273,0.0739,0.007,0.031,-0.069,7.38,1.35,26,-133,4240,0,0,5010,0.0703,-0.009,-0.01,-0.09,-1.15,-4.89,20,-188,-1176,0,0,5041,0.0911,0.012,-0.098,-0.002,-0.98,-5.06,20,2098,-344,0,0,4829,0.0875,-0.004,-0.115,0.015,-1.25,-4.79,12,2886,-656,0,0
40.22,3,2042.3,485.8,-0.09,2819.38,2.5,0.21,0.1,1.0,0.5,0.0,0.19,1,1991,145.5,0.62,-0.4,0.15,10.75,0,0,5250,0.074,0.002,-0.034,-0.066,7.34,1.31,27,-147,4261,0,0,4975,0.07,-0.014,0.036,-0.064,-0.73,-5.31,22,-154,-1166,0,0,5069,0.0915,0.018,-0.324,0.224,-1.25,-4.78,15,2493,-413,0,0,4849,0.0875,0.001,-0.457,0.357,-1.28,-4.75,7,3356,-711,0,0
40.24,3,2042.3,485.8,-0.09,2819.39,2.6,0.2,0.09,1.0,0.5,0.0,0.17,1,1961,84.8,0.62,-0.41,0.16,11.49,0,0,5236,0.0739,-0.003,-0.035,-0.065,7.48,1.45,28,-76,4287,0,0,4950,0.0697,-0.015,0.015,-0.085,-0.56,-5.48,23,-156,-1144,0,0,5098,0.0919,0.018,-0.619,0.519,-0.44,-5.59,8,2335,-449,0,0,4869,0.0876,0.006,-0.915,0.815,-1.3,-4.73,-1,3221,-785,0,0
40.26,3,2042.3,485.81,-0.09,2819.4,2.7,0.09,0.08,1.0,0.5,0.0,0.13,1,1926,83.8,0.62,-0.42,0.17,12.31,0,0,5265,0.0739,0.0,0.001,-0.099,7.0,0.97,30,-69,4334,0,0,4975,0.0694,-0.013,0.024,-0.076,-1.63,-4.4,23,-184,-1192,0,0,5072,0.0922,0.017,-0.809,0.709,-0.02,-6.01,6,1131,-444,0,0,4838,0.0877,0.004,-1.176,1.076,-0.38,-5.65,0,1697,-870,0,0
40.28,3,2042.3,485.81,-0.09,2819.42,2.7,0.02,0.08,1.0,0.5,0.0,0.12,1,1916,83.5,0.61,-0.41,0.18,13.03,0,0,5303,0.074,0.007,-0.006,-0.094,6.32,0.29,31,-118,4367,0,0,5025,0.0693,-0.004,0.022,-0.078,-3.25,-2.78,24,-182,-1372,0,0,5013,0.0923,0.005,-0.598,0.498,0.52,-5.51,15,84,-391,0,0,4792,0.0876,-0.006,-0.745,0.645,0.85,-5.18,10,358,-846,0,0
40.3,3,2042.3,485.82,-0.09,2819.43,2.8,0.01,0.07,1.0,0.5,0.0,0.11,1,1912,83.4,0.61,-0.4,0.18,13.42,0,0,5331,0.0742,0.01,-0.002,-0.098,5.73,-0.3,31,-87,4378,0,0,5071,0.0694,0.004,0.036,-0.064,-4.36,-1.67,25,-161,-1633,0,0,4966,0.0922,-0.005,-0.195,0.095,0.22,-5.81,27,-179,-356,0,0,4762,0.0874,-0.011,-0.007,-0.093,-0.49,-5.54,21,424,-792,0,0
40.32,3,2042.4,485.82,-0.09,2819.44,2.8,0.04,0.06,1.0,0.5,0.0,0.11,1,1912,83.3,0.6,-0.4,0.18,13.42,0,0,5330,0.0744,0.009,0.019,-0.081,5.67,-0.36,32,-88,4362,0,0,5106,0.0696,0.008,0.036,-0.064,-4.45,-1.58,25,-142,-1882,0,0,4941,0.092,-0.009,0.104,0.004,0.01,-6.03,33,265,-328,0,0,4766,0.0872,-0.01,0.364,0.264,-0.47,-5.56,24,1299,-760,0,0
40.34,3,2042.4,485.83,-0.09,2819.46,2.9,0.08,0.04,1.0,0.5,0.0,0.11,1,1911,83.3,0.6,-0.39,0.18,13.22,0,0,5304,0.0745,0.005,-0.007,-0.093,5.82,-0.21,32,-98,4333,0,0,5129,0.0698,0.01,0.021,-0.079,-3.42,-2.61,25,-121,-2049,0,0,4922,0.0918,-0.01,0.111,0.011,-1.23,-4.8,31,863,-375,0,0,4790,0.0871,-0.005,0.193,0.093,-2.48,-3.55,20,1895,-819,0,0
40.36,3,2042.4,485.84,-0.09,2819.47,2.9,0.09,0.02,1.0,1.0,0.0,0.11,1,1911,83.3,0.6,-0.39,0.17,13.06,0,0,5267,0.0745,-0.001,-0.015,-0.085,6.51,0.48,32,-75,4311,0,0,5151,0.07,0.012,0.007,-0.093,-2.18,-3.85,25,-138,-2113,0,0,4901,0.0916,-0.013,-0.034,-0.066,-1.19,-4.84,25,1259,-434,0,0,4819,0.0871,0.0,-0.092,-0.008,-2.14,-3.89,15,2125,-946,0,0
40.38,3,2042.4,485.84,-0.09,2819.49,3.0,0.12,0.0,1.0,0.5,0.0,0.15,1,1952,144.4,0.61,-0.39,0.15,13.07,0,0,5221,0.0744,-0.006,0.001,-0.099,7.44,1.41,33,-66,4300,0,0,5162,0.0703,0.013,-0.015,-0.085,-0.78,-5.25,25,-169,-2072,0,0,4894,0.0913,-0.014,-0.148,0.048,-1.0,-5.03,23,1916,-471,0,0,4861,0.0872,0.005,-0.227,0.127,-1.03,-5.0,13,2808,-1003,0,0
40.4,3,2042.4,485.85,-0.09,2819.5,3.1,0.2,0.01,1.0,0.5,0.0,0.15,1,1949,84.5,0.62,-0.39,0.14,13.23,0,0,5168,0.0741,-0.014,0.009,-0.091,8.76,2.72,34,-94,4306,0,0,5133,0.0705,0.009,-0.024,-0.076,1.04,-4.99,25,-169,-1890,0,0,4921,0.0911,-0.008,-0.338,0.238,-0.36,-5.67,16,2394,-470,0,0,4904,0.0875,0.015,-0.49,0.39,-1.67,-4.36,7,3318,-1007,0,0
40.42,3,2042.4,485.86,-0.09,2819.52,3.2,0.12,0.03,1.0,0.5,0.0,0.12,1,1923,83.7,0.61,-0.39,0.13,13.66,0,0,5190,0.0738,-0.014,-0.011,-0.089,8.87,2.84,34,-85,4378,0,0,5119,0.0705,0.003,-0.07,-0.03,1.29,-4.74,26,-219,-1634,0,0,4931,0.0911,-0.003,-0.5,0.4,0.09,-5.94,11,2223,-423,0,0,4882,0.0877,0.013,-0.716,0.616,-0.38,-5.65,2,3037,-1004,0,0
40.44,3,2042.5,485.86,-0.09,2819.53,3.3,0.06,0.06,1.0,0.5,0.0,0.11,1,1915,83.4,0.61,-0.39,0.13,14.22,0,0,5227,0.0738,-0.003,-0.013,-0.087,8.53,2.5,35,-58,4450,0,0,5119,0.0706,0.002,-0.059,-0.041,0.7,-5.33,26,-287,-1436,0,0,4928,0.091,-0.003,-0.644,0.544,0.4,-5.63,8,1878,-356,0,0,4849,0.0878,0.002,-0.97,0.87,0.28,-5.75,-2,2720,-914,0,0
40.46,3,2042.5,485.87,-0.09,2819.55,3.3,0.03,0.09,1.0,0.5,0.0,0.11,1,1912,83.4,0.61,-0.39,0.13,14.76,0,0,5289,0.0739,0.005,0.009,-0.091,7.91,1.88,37,-91,4522,0,0,5100,0.0706,0.001,-0.068,-0.032,-0.51,-5.52,27,-378,-1343,0,0,4954,0.091,-0.001,-0.723,0.623,-0.39,-5.64,7,1436,-283,0,0,4805,0.0877,-0.005,-1.068,0.968,-0.44,-5.59,-2,2221,-828,0,0
40.48,3,2042.5,485.88,-0.09,2819.57,3.4,0.01,0.11,1.0,0.5,0.0,0.11,1,1911,83.3,0.6,-0.38,0.14,15.21,0,0,5348,0.0742,0.013,-0.026,-0.074,6.88,0.85,37,-119,4570,0,0,5085,0.0705,-0.002,-0.065,-0.035,-1.78,-4.26,28,-423,-1377,0,0,4955,0.091,0.002,-0.683,0.583,-0.7,-5.33,10,994,-271,0,0,4745,0.0874,-0.013,-1.01,0.91,-0.9,-5.13,1,1780,-816,0,0
40.5,3,2042.5,485.89,-0.09,2819.58,3.4,0.01,0.1,1.0,0.5,0.0,0.11,1,1911,83.3,0.6,-0.38,0.15,15.58,0,0,5375,0.0745,0.016,-0.008,-0.092,6.42,0.39,37,-71,4578,0,0,5088,0.0705,-0.002,-0.066,-0.034,-2.82,-3.21,28,-465,-1513,0,0,4948,0.091,0.0,-0.603,0.503,-0.46,-5.57,14,687,-304,0,0,4714,0.087,-0.018,-0.908,0.808,-1.87,-4.16,4,1484,-857,0,0
40.52,3,2042.5,485.9,-0.09,2819.6,3.4,0.02,0.08,1.0,0.5,0.0,0.11,1,1911,83.3,0.6,-0.37,0.16,15.88,0,0,5377,0.0748,0.014,0.001,-0.099,6.08,0.05,38,-87,4557,0,0,5096,0.0705,0.0,-0.088,-0.012,-3.34,-2.69,28,-505,-1700,0,0,4935,0.091,-0.003,-0.529,0.429,-0.89,-5.15,17,574,-363,0,0,4710,0.0867,-0.017,-0.784,0.684,-1.89,-4.14,7,1376,-954,0,0
40.54,3,2042.6,485.9,-0.09,2819.62,3.5,0.04,0.05,1.0,0.5,0.0,0.11,1,1911,83.3,0.6,-0.36,0.16,16.11,0,0,5348,0.0749,0.009,0.004,-0.096,6.14,0.11,39,-99,4508,0,0,5124,0.0706,0.003,-0.089,-0.011,-3.34,-2.69,29,-538,-1892,0,0,4918,0.0909,-0.005,-0.452,0.352,-0.47,-5.56,20,565,-396,0,0,4743,0.0865,-0.011,-0.681,0.581,-2.03,-4.0,9,1414,-1017,0,0
40.56,3,2042.6,485.91,-0.09,2819.63,3.5,0.06,0.03,1.0,0.5,0.0,0.11,1,1911,83.3,0.6,-0.36,0.16,16.21,0,0,5310,0.075,0.001,-0.003,-0.097,6.5,0.47,39,-87,4463,0,0,5150,0.0707,0.007,-0.11,0.01,-2.86,-3.17,28,-526,-2037,0,0,4891,0.0907,-0.008,-0.395,0.295,-0.41,-5.62,21,657,-418,0,0,4769,0.0864,-0.002,-0.597,0.497,-1.33,-4.7,10,1557,-1062,0,0
40.58,3,2042.6,485.92,-0.09,2819.65,3.6,0.07,0.02,1.0,0.5,0.0,0.11,1,1911,83.3,0.6,-0.36,0.15,16.21,0,0,5270,0.0749,-0.004,-0.003,-0.097,6.89,0.86,39,-66,4429,0,0,5173,0.0709,0.009,-0.145,0.045,-2.09,-3.94,27,-497,-2107,0,0,4868,0.0905,-0.012,-0.358,0.258,-0.55,-5.48,22,800,-415,0,0,4800,0.0865,0.002,-0.541,0.441,-0.48,-5.55,11,1776,-1050,0,0
40.6,3,2042.6,485.93,-0.09,2819.67,3.6,0.07,0.01,1.0,0.5,0.0,0.11,1,1911,83.3,0.6,-0.35,0.14,16.15,0,0,5252,0.0747,-0.008,0.01,-0.09,7.48,1.45,40,-89,4428,0,0,5174,0.0711,0.01,-0.158,0.058,-1.27,-4.77,27,-437,-2090,0,0,4871,0.0902,-0.012,-0.356,0.256,-0.72,-5.31,22,996,-391,0,0,4817,0.0866,0.006,-0.526,0.426,-0.52,-5.51,10,1992,-1024,0,0
40.62,3,2042.6,485.94,-0.09,2819.69,3.7,0.07,0.03,1.0,0.5,0.0,0.11,1,1911,83.3,0.6,-0.35,0.13,16.11,0,0,5240,0.0746,-0.007,-0.02,-0.08,7.75,1.72,39,-97,4440,0,0,5170,0.0712,0.007,-0.151,0.051,-0.55,-5.48,27,-352,-2004,0,0,4877,0.0901,-0.009,-0.355,0.255,0.14,-5.89,21,1219,-354,0,0,4828,0.0867,0.005,-0.548,0.448,-1.32,-4.71,9,2217,-988,0,0
40.64,3,2042.6,485.95,-0.09,2819.7,3.7,0.06,0.04,1.0,0.5,0.0,0.11,1,1911,83.3,0.6,-0.35,0.12,16.14,0,0,5253,0.0745,-0.005,0.004,-0.096,8.09,2.06,40,-34,4475,0,0,5161,0.0713,0.005,-0.146,0.046,-0.18,-5.85,27,-274,-1874,0,0,4884,0.09,-0.005,-0.382,0.282,-0.04,-5.99,20,1393,-348,0,0,4816,0.0868,0.004,-0.578,0.478,-0.57,-5.46,8,2429,-966,0,0
40.66,3,2042.7,485.96,-0.09,2819.72,3.8,0.05,0.05,1.0,0.5,0.0,0.11,1,1911,83.3,0.6,-0.35,0.12,16.28,0,0,5270,0.0745,-0.002,0.01,-0.09,7.98,1.95,41,-108,4511,0,0,5152,0.0714,0.002,-0.162,0.062,-0.13,-5.9,27,-265,-1735,0,0,4892,0.0899,-0.003,-0.423,0.323,-0.63,-5.4,18,1504,-354,0,0,4802,0.0868,0.001,-0.638,0.538,-1.44,-4.59,6,2579,-961,0,0
40.68,3,2042.7,485.97,-0.09,2819.74,3.8,0.04,0.06,1.0,0.5,0.0,0.11,1,1911,83.3,0.6,-0.35,0.12,16.61,0,0,5289,0.0745,0.002,-0.028,-0.072,7.79,1.76,41,-96,4542,0,0,5148,0.0714,0.001,-0.158,0.058,-0.44,-5.59,28,-264,-1624,0,0,4901,0.0899,-0.002,-0.456,0.356,-0.62,-5.41,17,1586,-368,0,0,4791,0.0867,-0.003,-0.684,0.584,-1.1,-4.94,4,2746,-952,0,0
40.7,3,2042.7,485.98,-0.09,2819.76,3.8,0.03,0.07,0.99,0.5,0.0,0.11,1,1911,83.3,0.6,-0.35,0.13,17.0,0,0,5316,0.0746,0.003,-0.006,-0.094,7.51,1.48,42,-76,4573,0,0,5134,0.0714,0.001,-0.163,0.063,-0.89,-5.14,28,-272,-1560,0,0,4911,0.0899,0.0,-0.487,0.387,-0.26,-5.77,15,1703,-361,0,0,4767,0.0867,-0.003,-0.72,0.62,-1.12,-4.91,3,2886,-967,0,0
40.72,3,2042.7,485.99,-0.09,2819.78,3.9,0.03,0.07,0.97,0.5,0.0,0.11,1,1911,83.3,0.6,-0.35,0.13,17.43,0,0,5346,0.0747,0.008,-0.013,-0.087,6.74,0.71,43,-97,4592,0,0,5120,0.0713,-0.002,-0.163,0.063,-1.89,-4.14,28,-306,-1579,0,0,4921,0.0899,0.002,-0.518,0.418,-0.16,-5.87,14,1794,-355,0,0,4738,0.0865,-0.008,-0.761,0.661,-1.63,-4.4,2,3004,-953,0,0
40.74,3,2042.8,486.0,-0.09,2819.79,3.9,0.04,0.07,0.96,0.5,0.0,0.11,1,1911,83.3,0.6,-0.35,0.14,17.79,0,0,5342,0.0749,0.009,-0.02,-0.08,5.96,-0.07,43,-74,4567,0,0,5119,0.0713,-0.003,-0.156,0.056,-2.98,-3.05,29,-304,-1704,0,0,4932,0.09,0.003,-0.55,0.45,-0.36,-5.67,13,1865,-341,0,0,4755,0.0863,-0.01,-0.81,0.71,-0.49,-5.54,0,3173,-919,0,0
40.76,3,2042.8,486.01,-0.09,2819.81,4.0,0.05,0.06,0.94,0.5,0.0,0.11,1,1911,83.3,0.6,-0.35,0.14,17.94,0,0,5330,0.075,0.004,-0.004,-0.096,5.35,-0.69,44,-69,4517,0,0,5120,0.0712,-0.002,-0.16,0.06,-3.75,-2.29,29,-281,-1904,0,0,4931,0.0901,0.004,-0.564,0.464,-0.63,-5.4,12,1952,-336,0,0,4765,0.0863,-0.002,-0.81,0.71,-0.78,-5.25,-1,3271,-908,0,0
40.78,3,2042.8,486.02,-0.09,2819.83,4.0,0.07,0.04,0.92,0.5,0.0,0.11,1,1911,83.3,0.6,-0.35,0.14,17.91,0,0,5303,0.075,0.0,-0.014,-0.086,4.74,-1.29,44,-96,4439,0,0,5132,0.0712,0.0,-0.171,0.071,-3.92,-2.11,29,-195,-2123,0,0,4916,0.0901,0.002,-0.552,0.452,-0.32,-5.71,12,2079,-336,0,0,4784,0.0863,0.001,-0.794,0.694,-0.93,-5.1,-1,3411,-915,0,0
40.8,3,2042.8,486.03,-0.09,2819.85,4.1,0.09,0.02,0.9,0.5,0.0,0.11,1,1911,83.3,0.6,-0.35,0.14,17.73,0,1,5268,0.0749,-0.005,-0.013,-0.087,4.77,-1.26,44,-65,4349,0,0,5144,0.0713,0.002,-0.14,0.04,-3.76,-2.27,29,-79,-2308,0,0,4904,0.0901,-0.001,-0.541,0.441,-0.82,-5.21,13,2257,-350,0,0,4812,0.0864,0.005,-0.744,0.644,-1.02,-5.01,0,3553,-935,0,0
40.82,3,2042.8,486.04,-0.09,2819.87,4.2,0.11,0.0,0.88,0.5,0.0,0.11,1,1911,83.3,0.6,-0.35,0.13,17.44,0,1,5231,0.0747,-0.01,-0.003,-0.097,4.8,-1.23,45,-51,4259,0,0,5160,0.0713,0.003,-0.118,0.018,-3.12,-2.91,29,84,-2428,0,0,4902,0.09,-0.003,-0.521,0.421,-0.02,-6.01,12,2526,-353,0,0,4852,0.0866,0.011,-0.709,0.609,-1.68,-4.35,0,3723,-939,0,0
40.84,3,2042.9,486.05,-0.09,2819.89,4.3,0.11,-0.01,0.87,0.5,0.0,0.11,1,1911,83.3,0.6,-0.36,0.11,17.1,0,1,5187,0.0744,-0.013,-0.018,-0.082,4.99,-1.04,45,-78,4179,0,0,5185,0.0714,0.004,-0.103,0.003,-2.3,-3.73,30,210,-2472,0,0,4877,0.09,-0.002,-0.502,0.402,-0.51,-5.52,13,2801,-354,0,0,4885,0.0869,0.015,-0.649,0.549,-1.09,-4.94,1,3957,-919,0,0
40.86,3,2042.9,486.07,-0.09,2819.91,4.3,0.12,-0.01,0.85,0.5,0.0,0.11,1,1911,83.3,0.6,-0.36,0.1,16.78,0,1,5168,0.0741,-0.017,-0.018,-0.082,5.09,-0.94,45,-45,4129,0,0,5193,0.0715,0.006,-0.082,-0.018,-1.59,-4.44,31,299,-2428,0,0,4865,0.0898,-0.006,-0.441,0.341,-0.27,-5.76,14,3155,-347,0,0,4897,0.0873,0.017,-0.533,0.433,-0.79,-5.24,4,4157,-887,0,0
40.88,3,2042.9,486.08,-0.09,2819.93,4.4,0.11,0.0,0.83,0.5,0.0,0.11,1,1911,83.3,0.6,-0.37,0.09,16.56,0,1,5163,0.0738,-0.015,-0.004,-0.096,5.34,-0.69,45,-25,4102,0,0,5196,0.0716,0.004,-0.039,-0.061,-1.08,-4.96,32,393,-2322,0,0,4858,0.0898,-0.004,-0.341,0.241,-0.15,-5.88,17,3471,-336,0,0,4893,0.0876,0.014,-0.362,0.262,-1.04,-4.99,8,4333,-845,0,0
40.9,3,2042.9,486.09,-0.09,2819.95,4.5,0.1,0.01,0.82,0.5,0.0,0.11,1,1911,83.3,0.6,-0.37,0.08,16.48,0,1,5179,0.0736,-0.011,-0.001,-0.099,5.08,-0.95,46,10,4092,0,0,5187,0.0717,0.002,-0.038,-0.062,-1.02,-5.01,33,446,-2180,0,0,4858,0.0897,-0.004,-0.211,0.111,-0.31,-5.72,22,3742,-326,0,0,4869,0.0878,0.01,-0.14,0.04,-0.62,-5.41,14,4457,-790,0,0
40.92,3,2043.0,486.1,-0.09,2819.98,4.5,0.09,0.02,0.8,1.0,0.0,0.11,1,1911,83.3,0.6,-0.37,0.07,16.52,0,1,5197,0.0734,-0.008,0.015,-0.085,4.73,-1.3,48,-29,4078,0,0,5180,0.0717,0.001,-0.034,-0.066,-1.15,-4.88,33,518,-2040,0,0,4868,0.0896,-0.002,-0.053,-0.047,0.02,-6.01,28,3959,-288,0,0,4861,0.0879,0.007,0.101,0.001,-0.58,-5.45,21,4539,-733,0,0
40.94,3,2043.0,486.11,-0.09,2820.0,4.6,0.11,0.04,0.78,0.5,0.0,0.15,1,1952,144.4,0.61,-0.37,0.07,16.68,0,1,5220,0.0734,-0.003,-0.004,-0.096,4.36,-1.67,47,-32,4054,0,0,5148,0.0716,-0.003,-0.038,-0.062,-1.48,-4.56,32,612,-1926,0,0,4921,0.0897,0.005,0.153,0.053,-0.4,-5.63,39,4339,-253,0,0,4864,0.088,0.005,0.457,0.357,-0.65,-5.38,34,4729,-632,0,0
40.96,3,2043.0,486.13,-0.09,2820.02,4.8,0.19,0.05,0.76,0.5,0.0,0.15,1,1949,84.5,0.62,-0.38,0.07,16.84,0,1,5202,0.0732,-0.005,0.016,-0.084,4.12,-1.91,50,25,3992,0,0,5114,0.0714,-0.008,-0.047,-0.053,-1.47,-4.56,33,721,-1808,0,0,4948,0.09,0.012,0.374,0.274,0.09,-5.94,50,4332,-238,0,0,4877,0.0882,0.009,0.79,0.69,-0.62,-5.41,46,4670,-634,0,0
40.98,3,2043.0,486.14,-0.09,2820.04,4.9,0.14,0.06,0.75,0.5,0.0,0.12,1,1923,83.7,0.61,-0.38,0.08,17.12,1,1,5237,0.0732,-0.003,0.027,-0.073,3.51,-2.52,51,-2,3951,0,0,5094,0.0712,-0.013,-0.041,-0.059,-1.97,-4.06,33,951,-1722,0,0,4959,0.0903,0.016,0.513,0.413,-0.07,-5.96,57,3956,-238,0,0,4843,0.0883,0.005,0.935,0.835,-0.83,-5.2,52,4345,-689,0,0
41.0,3,2043.1,486.15,-0.09,2820.07,5.0,0.12,0.06,0.73,0.5,0.0,0.11,1,1915,83.4,0.61,-0.39,0.09,17.43,1,1,5251,0.0733,0.004,0.027,-0.073,3.04,-2.99,52,-14,3861,0,0,5084,0.071,-0.008,-0.048,-0.052,-2.56,-3.47,32,1149,-1727,0,0,4974,0.0905,0.009,0.494,0.394,0.17,-5.86,58,3776,-217,0,0,4839,0.0882,-0.002,0.855,0.755,-0.28,-5.75,50,4227,-671,0,0
41.02,3,2043.1,486.16,-0.09,2820.09,5.1,0.12,0.06,0.71,0.5,0.0,0.11,1,1912,83.4,0.61,-0.39,0.1,17.61,1,1,5246,0.0734,0.004,0.021,-0.079,2.52,-3.51,53,8,3719,0,0,5088,0.0709,-0.007,-0.054,-0.046,-3.03,-3.0,33,1290,-1811,0,0,4976,0.0907,0.01,0.405,0.305,-0.06,-5.97,55,3671,-179,0,0,4849,0.0882,-0.001,0.695,0.595,-0.66,-5.38,47,4222,-622,0,0
41.04,3,2043.1,486.18,-0.09,2820.12,5.2,0.13,0.05,0.69,0.5,0.0,0.11,1,1911,83.3,0.6,-0.39,0.1,17.57,1,1,5242,0.0734,0.002,0.01,-0.09,2.09,-3.94,53,24,3550,0,0,5089,0.0708,-0.005,-0.046,-0.054,-3.22,-2.81,33,1412,-1922,0,0,4958,0.0908,0.006,0.335,0.235,0.18,-5.85,53,3642,-144,0,0,4835,0.0882,-0.001,0.588,0.488,-0.71,-5.32,45,4201,-587,0,0
41.06,3,2043.1,486.19,-0.09,2820.14,5.3,0.14,0.03,0.67,0.5,0.0,0.11,1,1911,83.3,0.6,-0.4,0.1,17.32,1,1,5222,0.0734,0.0,0.024,-0.076,2.22,-3.81,53,100,3364,0,0,5089,0.0707,-0.006,-0.029,-0.071,-2.92,-3.11,34,1504,-2009,0,0,4957,0.0909,0.004,0.275,0.175,0.13,-5.9,51,3668,-133,0,0,4854,0.0882,-0.001,0.497,0.397,-0.6,-5.43,43,4226,-574,0,0
41.08,3,2043.2,486.21,-0.09,2820.17,5.4,0.15,0.01,0.66,0.5,0.0,0.11,1,1911,83.3,0.6,-0.4,0.1,16.93,1,1,5195,0.0733,-0.005,0.019,-0.081,2.12,-3.91,54,136,3185,0,0,5110,0.0706,-0.002,0.014,-0.086,-2.32,-3.71,36,1609,-2046,0,0,4934,0.0909,0.002,0.248,0.148,0.49,-5.54,50,3714,-120,0,0,4872,0.0882,0.004,0.444,0.344,-0.36,-5.67,42,4273,-558,0,0
41.1,3,2043.2,486.22,-0.09,2820.19,5.5,0.16,0.0,0.64,0.5,0.0,0.11,1,1911,83.3,0.6,-0.4,0.09,16.5,1,1,5165,0.0731,-0.009,0.028,-0.072,2.4,-3.63,55,106,3041,0,0,5129,0.0706,0.0,0.02,-0.08,-1.68,-4.35,37,1691,-1997,0,0,4935,0.0909,0.001,0.205,0.105,-0.17,-5.86,49,3780,-117,0,0,4912,0.0884,0.01,0.397,0.297,-0.43,-5.6,42,4340,-551,0,0
41.12,3,2043.2,486.24,-0.09,2820.22,5.6,0.16,0.0,0.62,0.5,0.0,0.11,1,1911,83.3,0.6,-0.41,0.08,16.13,1,1,5140,0.0729,-0.011,0.011,-0.089,2.46,-3.57,55,76,2934,0,0,5143,0.0707,0.002,0.047,-0.053,-1.02,-5.01,37,1798,-1876,0,0,4924,0.0909,0.0,0.206,0.106,-0.12,-5.91,50,3812,-123,0,0,4934,0.0887,0.014,0.362,0.262,-0.86,-5.17,42,4392,-538,0,0
41.14,3,2043.3,486.25,-0.09,2820.25,5.7,0.16,0.01,0.61,0.5,0.0,0.11,1,1911,83.3,0.6,-0.41,0.08,15.92,1,1,5133,0.0727,-0.011,0.003,-0.097,2.55,-3.48,55,137,2861,0,0,5139,0.0707,0.002,-0.01,-0.09,-0.78,-5.25,36,1825,-1708,0,0,4934,0.091,0.0,0.214,0.114,-0.01,-6.02,51,3863,-123,0,0,4943,0.089,0.014,0.368,0.268,-0.55,-5.48,43,4425,-524,0,0
41.16,3,2043.3,486.27,-0.09,2820.28,5.8,0.15,0.02,0.59,0.5,0.0,0.11,1,1911,83.3,0.6,-0.42,0.07,15.84,1,1,5149,0.0725,-0.008,0.004,-0.096,2.29,-3.74,56,200,2792,0,0,5133,0.0707,0.0,-0.058,-0.042,-0.73,-5.3,34,1882,-1536,0,0,4921,0.0909,0.0,0.214,0.114,-0.19,-5.84,53,3855,-104,0,0,4912,0.0892,0.008,0.39,0.29,-0.29,-5.74,45,4410,-495,0,0
41.18,3,2043.3,486.28,-0.09,2820.3,5.9,0.15,0.03,0.57,0.5,0.0,0.11,1,1911,83.3,0.6,-0.42,0.07,15.85,1,1,5176,0.0724,-0.005,0.02,-0.08,2.07,-3.96,57,257,2711,0,0,5124,0.0707,0.0,-0.111,0.011,-0.87,-5.16,32,1937,-1404,0,0,4935,0.0909,-0.001,0.231,0.131,-0.15,-5.88,55,3893,-74,0,0,4897,0.0893,0.005,0.403,0.303,-0.51,-5.52,48,4387,-476,0,0
41.2,3,2043.4,486.3,-0.09,2820.33,6.0,0.15,0.04,0.56,0.5,0.0,0.11,1,1911,83.3,0.6,-0.42,0.07,15.9,1,1,5192,0.0724,0.001,0.021,-0.079,1.69,-4.34,58,284,2590,0,0,5105,0.0707,-0.002,-0.17,0.07,-1.14,-4.89,30,1915,-1323,0,0,4940,0.091,0.002,0.26,0.16,0.31,-5.72,57,3863,-43,0,0,4871,0.0892,-0.001,0.427,0.327,-0.22,-5.81,50,4353,-447,0,0
41.22,3,2043.4,486.32,-0.09,2820.36,6.1,0.15,0.04,0.54,0.5,0.0,0.11,1,1911,83.3,0.6,-0.42,0.08,15.89,1,1,5202,0.0724,0.001,0.017,-0.083,1.36,-4.67,59,329,2435,0,0,5095,0.0706,-0.005,-0.225,0.125,-1.38,-4.65,29,1871,-1289,0,0,4954,0.0911,0.005,0.264,0.164,0.3,-5.73,58,3840,-10,0,0,4870,0.0892,0.0,0.423,0.323,-0.49,-5.54,51,4328,-421,0,0
41.24,3,2043.4,486.33,-0.09,2820.39,6.2,0.16,0.03,0.53,0.5,0.0,0.11,1,1911,83.3,0.6,-0.42,0.08,15.77,1,1,5208,0.0725,0.002,0.009,-0.091,1.13,-4.9,59,344,2260,0,0,5081,0.0705,-0.006,-0.267,0.167,-1.48,-4.55,28,1809,-1281,0,0,4976,0.0912,0.007,0.247,0.147,0.0,-6.03,59,3822,21,0,0,4874,0.0892,-0.001,0.407,0.307,-0.63,-5.4,52,4291,-391,0,0
41.26,3,2043.5,486.35,-0.09,2820.42,6.3,0.16,0.02,0.51,0.5,0.0,0.11,1,1911,83.3,0.6,-0.43,0.08,15.53,1,1,5201,0.0725,0.002,0.0,-0.1,1.03,-5.0,59,367,2076,0,0,5084,0.0704,-0.006,-0.283,0.183,-1.35,-4.68,28,1784,-1271,0,0,4967,0.0914,0.006,0.25,0.15,0.01,-6.02,61,3777,29,0,0,4878,0.0892,-0.001,0.402,0.302,-0.49,-5.54,54,4278,-375,0,0
41.28,3,2043.5,486.37,-0.09,2820.45,6.5,0.17,0.01,0.49,0.5,0.0,0.11,1,1911,83.3,0.6,-0.43,0.08,15.21,1,1,5184,0.0725,-0.002,-0.004,-0.096,1.04,-4.99,59,401,1911,0,0,5095,0.0703,-0.002,-0.281,0.181,-1.04,-4.99,28,1765,-1237,0,0,4958,0.0914,0.002,0.242,0.142,-0.08,-5.95,62,3753,37,0,0,4893,0.0892,0.002,0.392,0.292,-0.41,-5.62,55,4272,-365,0,0
41.3,3,2043.5,486.38,-0.09,2820.49,6.6,0.17,0.01,0.48,0.5,0.0,0.11,1,1911,83.3,0.6,-0.43,0.08,14.88,1,1,5168,0.0724,-0.005,-0.018,-0.082,1.09,-4.94,59,436,1777,0,0,5102,0.0703,0.0,-0.302,0.202,-0.84,-5.2,29,1693,-1158,0,0,4963,0.0914,0.002,0.241,0.141,0.01,-6.03,63,3750,45,0,0,4913,0.0894,0.006,0.383,0.283,-0.28,-5.75,56,4265,-350,0,0
41.32,3,2043.6,486.4,-0.09,2820.52,6.7,0.17,0.01,0.46,0.5,0.0,0.11,1,1911,83.3,0.6,-0.44,0.08,14.56,1,1,5156,0.0723,-0.005,-0.026,-0.074,1.12,-4.91,59,480,1673,0,0,5104,0.0703,0.0,-0.309,0.209,-0.56,-5.47,29,1576,-1050,0,0,4958,0.0915,0.003,0.236,0.136,-0.09,-5.94,64,3721,52,0,0,4921,0.0895,0.007,0.362,0.262,-0.37,-5.66,56,4256,-331,0,0
41.34,3,2043.6,486.42,-0.09,2820.55,6.8,0.17,0.01,0.45,0.5,0.0,0.11,1,1911,83.3,0.6,-0.44,0.07,14.31,1,1,5144,0.0722,-0.007,-0.021,-0.079,1.24,-4.8,59,542,1586,0,0,5123,0.0704,0.002,-0.332,0.232,-0.36,-5.67,29,1394,-921,0,0,4956,0.0915,-0.001,0.229,0.129,-0.08,-5.95,64,3742,72,0,0,4944,0.0897,0.008,0.343,0.243,-0.51,-5.52,57,4263,-313,0,0
41.36,3,2043.7,486.44,-0.09,2820.58,6.9,0.16,0.02,0.43,0.5,0.0,0.11,1,1911,83.3,0.6,-0.44,0.07,14.11,1,1,5162,0.0721,-0.004,-0.04,-0.06,0.87,-5.16,59,575,1499,0,0,5111,0.0704,0.001,-0.343,0.243,-0.41,-5.62,30,1151,-804,0,0,4950,0.0915,0.002,0.235,0.135,0.1,-5.93,66,3703,77,0,0,4912,0.0898,0.006,0.342,0.242,-0.42,-5.61,59,4205,-300,0,0
41.38,3,2043.7,486.46,-0.09,2820.62,7.1,0.16,0.03,0.42,0.5,0.0,0.11,1,1911,83.3,0.6,-0.44,0.07,13.98,1,1,5174,0.0721,0.0,-0.053,-0.047,0.68,-5.35,59,652,1394,0,0,5083,0.0703,-0.003,-0.326,0.226,-0.46,-5.57,33,937,-720,0,0,4975,0.0916,0.004,0.224,0.124,-0.06,-5.97,67,3679,78,0,0,4905,0.0898,0.0,0.334,0.234,-0.37,-5.66,60,4178,-288,0,0
41.4,3,2043.7,486.48,-0.09,2820.65,7.2,0.17,0.02,0.4,0.5,0.0,0.11,1,1911,83.3,0.6,-0.45,0.07,13.83,1,2,5166,0.072,-0.002,-0.059,-0.041,0.58,-5.45,59,670,1267,0,0,5079,0.0702,-0.004,-0.314,0.214,-0.63,-5.4,35,701,-663,0,0,4966,0.0916,0.003,0.223,0.123,0.13,-5.9,68,3641,90,0,0,4900,0.0898,0.001,0.332,0.232,-0.29,-5.74,61,4141,-283,0,0
41.42,3,2043.8,486.5,-0.09,2820.69,7.3,0.17,0.02,0.39,0.5,0.0,0.11,1,1911,83.3,0.6,-0.45,0.07,13.64,1,2,5152,0.072,-0.002,-0.061,-0.039,0.57,-5.46,60,677,1136,0,0,5084,0.0701,-0.004,-0.29,0.19,-0.6,-5.43,38,499,-622,0,0,4962,0.0917,0.003,0.221,0.121,0.23,-5.81,69,3604,100,0,0,4910,0.0898,0.001,0.314,0.214,-0.3,-5.73,62,4129,-260,0,0
41.44,3,2043.8,486.52,-0.09,2820.72,7.4,0.17,0.01,0.38,0.5,0.0,0.11,1,1911,83.3,0.6,-0.45,0.07,13.38,1,2,5140,0.0719,-0.005,-0.078,-0.022,0.38,-5.66,60,676,1012,0,0,5100,0.0701,0.0,-0.266,0.166,-0.44,-5.59,41,367,-578,0,0,4952,0.0917,-0.001,0.208,0.108,0.02,-6.01,70,3570,113,0,0,4925,0.0899,0.004,0.299,0.199,-0.35,-5.69,63,4116,-241,0,0
41.46,3,2043.9,486.54,-0.09,2820.76,7.5,0.17,0.01,0.36,0.5,0.0,0.11,1,1911,83.3,0.6,-0.45,0.06,13.08,1,2,5136,0.0718,-0.005,-0.088,-0.012,0.36,-5.67,60,647,905,0,0,5107,0.0702,0.002,-0.25,0.15,-0.42,-5.61,43,241,-527,0,0,4944,0.0916,-0.002,0.208,0.108,0.19,-5.84,71,3549,129,0,0,4925,0.09,0.004,0.286,0.186,-0.37,-5.66,64,4075,-226,0,0
41.48,3,2043.9,486.56,-0.09,2820.8,7.7,0.17,0.01,0.35,0.5,0.0,0.11,1,1911,83.3,0.6,-0.45,0.06,12.76,1,2,5137,0.0717,-0.004,-0.098,-0.002,0.34,-5.69,60,582,815,0,0,5103,0.0702,0.001,-0.228,0.128,-0.35,-5.68,46,132,-466,0,0,4934,0.0916,-0.003,0.206,0.106,0.3,-5.73,71,3521,139,0,0,4910,0.09,0.001,0.294,0.194,0.01,-6.02,65,4036,-216,0,0
41.5,3,2043.9,486.58,-0.09,2820.83,7.8,0.17,0.01,0.33,0.5,0.0,0.11,1,1911,83.3,0.6,-0.45,0.06,12.44,1,2,5138,0.0716,-0.004,-0.091,-0.009,0.44,-5.59,61,568,736,0,0,5094,0.0702,0.0,-0.199,0.099,-0.21,-5.82,48,67,-402,0,0,4943,0.0915,-0.001,0.2,0.1,0.19,-5.84,72,3513,144,0,0,4912,0.0901,0.003,0.272,0.172,-0.34,-5.69,66,3996,-217,0,0
41.52,3,2044.0,486.6,-0.09,2820.87,7.9,0.17,0.01,0.32,0.5,0.0,0.11,1,1911,83.3,0.6,-0.45,0.06,12.15,1,2,5129,0.0716,-0.003,-0.104,0.004,0.29,-5.74,61,528,659,0,0,5106,0.0702,0.0,-0.181,0.081,-0.1,-5.93,50,-9,-330,0,0,4946,0.0915,0.0,0.187,0.087,0.05,-5.98,73,3486,134,0,0,4932,0.0901,0.003,0.265,0.165,-0.09,-5.94,67,3997,-209,0,0
41.54,3,2044.0,486.62,-0.09,2820.91,8.0,0.17,0.01,0.31,0.5,0.0,0.11,1,1911,83.3,0.6,-0.46,0.05,11.89,1,2,5134,0.0715,-0.004,-0.107,0.007,0.15,-5.88,62,475,586,0,0,5094,0.0702,0.001,-0.153,0.053,-0.04,-5.99,53,-18,-269,0,0,4961,0.0915,0.0,0.189,0.089,0.4,-5.63,73,3505,141,0,0,4931,0.0902,0.004,0.249,0.149,-0.21,-5.82,67,3974,-204,0,0
41.56,3,2044.1,486.64,-0.09,2820.95,8.1,0.17,0.01,0.3,0.5,0.0,0.11,1,1911,83.3,0.6,-0.46,0.05,11.63,1,2,5131,0.0715,-0.002,-0.107,0.007,0.09,-5.94,63,434,514,0,0,5097,0.0702,-0.001,-0.142,0.042,-0.18,-5.86,55,-47,-224,0,0,4959,0.0916,0.004,0.177,0.077,0.21,-5.82,75,3479,141,0,0,4935,0.0903,0.005,0.242,0.142,-0.12,-5.91,68,3973,-196,0,0
41.58,3,2044.1,486.67,-0.09,2820.99,8.3,0.17,0.01,0.28,0.5,0.0,0.11,1,1911,83.3,0.6,-0.46,0.05,11.37,1,2,5132,0.0714,-0.003,-0.098,-0.002,0.18,-5.86,64,422,440,0,0,5100,0.0702,0.001,-0.127,0.027,-0.12,-5.91,57,-68,-181,0,0,4955,0.0916,0.0,0.174,0.074,0.24,-5.79,75,3474,147,0,0,4930,0.0904,0.004,0.24,0.14,-0.1,-5.93,70,3946,-194,0,0
41.6,3,2044.2,486.69,-0.09,2821.03,8.4,0.17,0.01,0.27,0.5,0.0,0.11,1,1911,83.3,0.6,-0.46,0.05,11.08,2,2,5129,0.0714,-0.002,-0.103,0.003,0.0,-6.03,65,358,369,0,0,5104,0.0702,0.001,-0.112,0.012,0.01,-6.02,58,-52,-144,0,0,4952,0.0916,0.001,0.17,0.07,0.17,-5.86,77,3451,150,0,0,4934,0.0904,0.003,0.228,0.128,-0.23,-5.81,71,3925,-190,0,0
41.62,3,2044.2,486.71,-0.09,2821.07,8.5,0.18,0.01,0.26,0.5,0.0,0.11,1,1911,83.3,0.6,-0.46,0.04,10.78,2,2,5127,0.0713,-0.003,-0.1,0.0,0.0,-6.03,66,296,303,0,0,5107,0.0702,0.001,-0.111,0.011,-0.12,-5.91,60,-53,-113,0,0,4946,0.0916,-0.002,0.168,0.068,0.14,-5.89,78,3416,160,0,0,4933,0.0905,0.002,0.23,0.13,-0.05,-5.98,72,3897,-174,0,0
41.64,3,2044.3,486.73,-0.09,2821.12,8.6,0.18,0.01,0.25,0.5,0.0,0.11,1,1911,83.3,0.6,-0.46,0.04,10.46,2,2,5126,0.0713,-0.003,-0.093,-0.007,0.04,-5.99,67,286,245,0,0,5106,0.0702,0.002,-0.104,0.004,-0.05,-5.98,61,-62,-78,0,0,4951,0.0915,-0.001,0.166,0.066,0.13,-5.91,79,3412,160,0,0,4937,0.0905,0.003,0.228,0.128,0.02,-6.01,73,3884,-167,0,0
41.66,3,2044.3,486.76,-0.09,2821.16,8.8,0.18,0.01,0.24,0.5,0.0,0.11,1,1911,83.3,0.6,-0.46,0.04,10.14,2,2,5125,0.0712,-0.003,-0.087,-0.013,-0.01,-6.02,69,261,194,0,0,5103,0.0703,0.001,-0.099,-0.001,-0.04,-5.99,62,-33,-47,0,0,4961,0.0915,0.0,0.161,0.061,0.17,-5.86,80,3417,171,0,0,4947,0.0906,0.004,0.217,0.117,-0.1,-5.93,74,3858,-162,0,0
41.68,3,2044.4,486.78,-0.09,2821.2,8.9,0.18,0.01,0.23,0.5,0.0,0.11,1,1911,83.3,0.6,-0.46,0.03,9.81,2,2,5125,0.0711,-0.003,-0.09,-0.01,-0.12,-5.92,70,238,147,0,0,5107,0.0703,0.001,-0.092,-0.008,0.09,-5.94,63,-13,-13,0,0,4955,0.0915,0.0,0.156,0.056,0.15,-5.89,80,3397,169,0,0,4944,0.0907,0.004,0.203,0.103,-0.18,-5.85,75,3829,-160,0,0
41.7,3,2044.4,486.81,-0.09,2821.24,9.0,0.18,0.01,0.22,0.5,0.0,0.11,1,1911,83.3,0.6,-0.46,0.03,9.5,2,2,5119,0.0711,-0.002,-0.079,-0.021,0.02,-6.01,71,233,111,0,0,5114,0.0703,0.002,-0.097,-0.003,0.04,-5.99,64,2,17,0,0,4954,0.0915,-0.001,0.157,0.057,0.24,-5.79,81,3385,173,0,0,4950,0.0908,0.003,0.198,0.098,-0.2,-5.83,76,3810,-159,0,0
41.72,3,2044.5,486.83,-0.09,2821.29,9.1,0.18,0.0,0.21,0.5,0.0,0.11,1,1911,83.3,0.6,-0.46,0.03,9.21,2,2,5129,0.0711,-0.001,-0.089,-0.011,-0.08,-5.95,71,203,70,0,0,5107,0.0703,0.001,-0.093,-0.007,0.05,-5.98,66,12,42,0,0,4955,0.0915,0.001,0.155,0.055,0.24,-5.79,82,3368,173,0,0,4940,0.0908,0.002,0.201,0.101,-0.04,-5.99,77,3783,-161,0,0
41.74,3,2044.5,486.86,-0.09,2821.33,9.3,0.18,0.0,0.2,0.5,0.0,0.11,1,1911,83.3,0.6,-0.47,0.03,8.9,2,3,5118,0.0711,-0.002,-0.08,-0.02,-0.07,-5.96,73,186,30,0,0,5114,0.0704,0.002,-0.084,-0.016,0.06,-5.97,67,15,60,0,0,4956,0.0915,0.0,0.148,0.048,0.13,-5.9,83,3352,171,0,0,4955,0.0909,0.003,0.188,0.088,-0.16,-5.87,78,3771,-159,0,0
41.76,3,2044.6,486.88,-0.09,2821.38,9.4,0.18,0.0,0.19,0.5,0.0,0.11,1,1911,83.3,0.6,-0.47,0.02,8.6,2,3,5119,0.071,-0.002,-0.085,-0.015,-0.21,-5.82,74,166,-5,0,0,5115,0.0704,0.002,-0.087,-0.013,0.07,-5.96,68,-17,81,0,0,4957,0.0915,0.0,0.146,0.046,0.22,-5.81,84,3343,172,0,0,4956,0.0909,0.004,0.185,0.085,-0.11,-5.92,79,3742,-159,0,0
41.78,3,2044.6,486.91,-0.09,2821.43,9.5,0.18,0.0,0.18,0.5,0.0,0.11,1,1911,83.3,0.6,-0.47,0.02,8.3,2,3,5122,0.071,-0.001,-0.077,-0.023,-0.19,-5.84,75,159,-41,0,0,5106,0.0704,0.001,-0.079,-0.021,0.12,-5.92,69,-6,93,0,0,4965,0.0916,0.001,0.139,0.039,0.17,-5.86,85,3338,178,0,0,4955,0.091,0.003,0.175,0.075,-0.24,-5.8,81,3707,-161,0,0
41.8,3,2044.7,486.93,-0.09,2821.47,9.6,0.18,0.0,0.17,0.5,0.0,0.11,1,1911,83.3,0.6,-0.47,0.02,8.0,2,3,5119,0.071,-0.001,-0.079,-0.021,-0.25,-5.79,76,155,-69,0,0,5110,0.0704,0.0,-0.08,-0.02,0.06,-5.97,71,26,104,0,0,4960,0.0916,0.0,0.147,0.047,0.37,-5.66,86,3319,193,0,0,4954,0.091,0.002,0.17,0.07,-0.19,-5.84,82,3669,-160,0,0
41.82,3,2044.7,486.96,-0.09,2821.52,9.8,0.18,0.0,0.16,0.5,0.0,0.11,1,1911,83.3,0.6,-0.47,0.02,7.67,2,3,5118,0.071,0.0,-0.068,-0.032,-0.12,-5.91,77,147,-95,0,0,5115,0.0704,0.0,-0.079,-0.021,0.08,-5.95,72,31,118,0,0,4961,0.0916,0.001,0.134,0.034,0.17,-5.86,87,3301,198,0,0,4960,0.0911,0.002,0.166,0.066,-0.15,-5.88,83,3661,-156,0,0
41.84,3,2044.8,486.99,-0.09,2821.57,9.9,0.18,0.0,0.15,0.5,0.0,0.11,1,1911,83.3,0.6,-0.47,0.02,7.35,2,3,5122,0.0709,-0.001,-0.074,-0.026,-0.2,-5.83,78,109,-118,0,0,5114,0.0705,0.001,-0.069,-0.031,0.15,-5.88,73,54,129,0,0,4953,0.0916,0.0,0.132,0.032,0.17,-5.87,88,3274,190,0,0,4948,0.0911,0.002,0.159,0.059,-0.23,-5.8,84,3621,-160,0,0
41.86,3,2044.8,487.01,-0.09,2821.62,10.0,0.18,0.0,0.14,0.5,0.0,0.11,1,1911,83.3,0.6,-0.47,0.02,7.06,2,3,5119,0.0709,-0.001,-0.072,-0.028,-0.26,-5.78,79,112,-133,0,0,5114,0.0705,0.001,-0.061,-0.039,0.22,-5.81,74,83,141,0,0,4957,0.0916,-0.001,0.127,0.027,0.18,-5.85,88,3265,190,0,0,4955,0.0911,0.001,0.155,0.055,-0.23,-5.8,85,3597,-162,0,0
41.88,3,2044.9,487.04,-0.09,2821.67,10.1,0.18,0.0,0.14,0.5,0.0,0.11,1,1911,83.3,0.6,-0.47,0.01,6.76,2,3,5114,0.0709,-0.001,-0.066,-0.034,-0.24,-5.79,80,108,-150,0,0,5116,0.0705,0.001,-0.062,-0.038,0.18,-5.85,76,90,150,0,0,4953,0.0916,-0.001,0.125,0.025,0.19,-5.84,89,3249,189,0,0,4955,0.0912,0.002,0.157,0.057,-0.07,-5.96,86,3578,-162,0,0
41.9,3,2045.0,487.07,-0.09,2821.72,10.3,0.18,0.0,0.13,1.0,0.0,0.11,1,1911,83.3,0.6,-0.47,0.01,6.47,2,3,5113,0.0709,-0.001,-0.057,-0.043,-0.17,-5.86,82,111,-165,0,0,5114,0.0705,0.001,-0.06,-0.04,0.19,-5.84,77,76,157,0,0,4958,0.0916,-0.001,0.128,0.028,0.25,-5.78,90,3258,187,0,0,4961,0.0912,0.001,0.147,0.047,-0.22,-5.81,87,3564,-160,0,0
41.92,3,2045.0,487.1,-0.09,2821.77,10.4,0.21,0.0,0.12,0.5,0.0,0.15,1,1952,144.4,0.61,-0.47,0.01,6.2,2,3,5105,0.0708,-0.002,-0.062,-0.038,-0.23,-5.8,83,51,-168,0,0,5103,0.0705,0.0,-0.058,-0.042,0.15,-5.88,78,86,161,0,0,4963,0.0915,0.0,0.153,0.053,0.17,-5.87,95,3617,183,0,0,4963,0.0912,0.001,0.181,0.081,-0.2,-5.83,92,3888,-154,0,0
41.94,3,2045.1,487.13,-0.09,2821.82,10.6,0.28,0.0,0.11,0.5,0.0,0.15,1,1949,84.5,0.62,-0.48,0.01,5.91,2,3,5062,0.0707,-0.007,-0.054,-0.046,-0.2,-5.83,85,72,-170,0,0,5078,0.0705,-0.004,-0.06,-0.04,0.15,-5.88,80,118,173,0,0,4988,0.0916,0.004,0.172,0.072,0.2,-5.84,99,3637,188,0,0,5002,0.0914,0.008,0.197,0.097,-0.21,-5.82,96,3892,-151,0,0
41.96,3,2045.1,487.15,-0.09,2821.87,10.8,0.23,0.0,0.11,0.5,0.0,0.12,1,1923,83.7,0.61,-0.48,0.01,5.65,2,3,5070,0.0705,-0.008,-0.057,-0.043,-0.25,-5.78,86,119,-172,0,0,5072,0.0703,-0.007,-0.056,-0.044,0.12,-5.91,81,171,179,0,0,5000,0.0918,0.009,0.179,0.079,0.14,-5.89,101,3292,190,0,0,5004,0.0916,0.01,0.202,0.102,-0.22,-5.82,98,3557,-158,0,0
41.98,3,2045.2,487.18,-0.09,2821.92,10.9,0.2,0.0,0.1,0.5,0.0,0.11,1,1915,83.4,0.61,-0.49,0.01,5.41,3,4,5073,0.0704,-0.004,-0.05,-0.05,-0.2,-5.83,87,165,-174,0,0,5079,0.0703,-0.003,-0.049,-0.051,0.12,-5.91,83,198,175,0,0,4988,0.0919,0.003,0.174,0.074,0.42,-5.61,100,3147,192,0,0,4993,0.0917,0.005,0.174,0.074,-0.23,-5.8,97,3380,-160,0,0
42.0,3,2045.2,487.21,-0.09,2821.98,11.1,0.19,0.0,0.09,0.5,0.0,0.11,1,1912,83.4,0.61,-0.49,0.01,5.17,3,4,5083,0.0704,-0.002,-0.051,-0.049,-0.3,-5.73,88,199,-192,0,0,5085,0.0702,-0.001,-0.047,-0.053,0.11,-5.92,84,189,166,0,0,4987,0.0919,0.002,0.138,0.038,0.23,-5.81,99,3082,192,0,0,4990,0.0918,0.003,0.153,0.053,-0.17,-5.86,96,3342,-161,0,0
42.02,3,2045.3,487.24,-0.09,2822.03,11.2,0.18,0.0,0.09,1.0,0.0,0.11,1,1911,83.3,0.6,-0.49,0.01,4.91,3,4,5085,0.0704,-0.001,-0.039,-0.061,-0.21,-5.82,89,212,-209,0,0,5100,0.0702,0.0,-0.046,-0.054,0.12,-5.91,85,194,153,0,0,4972,0.092,0.002,0.128,0.028,0.31,-5.72,99,3055,193,0,0,4984,0.0918,0.003,0.142,0.042,-0.08,-5.95,96,3315,-162,0,0
42.04,3,2045.4,487.27,-0.09,2822.09,11.3,0.21,-0.01,0.08,0.5,0.0,0.15,1,1952,144.4,0.61,-0.49,0.0,4.64,3,4,5085,0.0704,-0.001,-0.048,-0.052,-0.31,-5.72,90,197,-225,0,0,5097,0.0703,0.002,-0.049,-0.051,0.04,-5.99,87,183,138,0,0,4975,0.0919,-0.002,0.135,0.035,0.16,-5.87,102,3435,189,0,0,4986,0.0919,0.002,0.155,0.055,-0.18,-5.86,100,3658,-158,0,0
42.06,3,2045.4,487.3,-0.09,2822.14,11.5,0.29,-0.01,0.07,0.5,0.0,0.15,1,1949,84.5,0.62,-0.5,0.0,4.35,3,4,5041,0.0702,-0.007,-0.037,-0.063,-0.16,-5.87,92,223,-220,0,0,5075,0.0702,-0.002,-0.045,-0.055,0.09,-5.94,89,201,136,0,0,4997,0.092,0.002,0.142,0.042,0.15,-5.88,105,3505,188,0,0,5028,0.092,0.007,0.165,0.065,-0.1,-5.93,102,3738,-153,0,0
42.08,3,2045.5,487.34,-0.09,2822.2,11.7,0.23,-0.01,0.07,0.5,0.0,0.12,1,1923,83.7,0.61,-0.5,0.0,4.08,3,4,5044,0.07,-0.009,-0.04,-0.06,-0.23,-5.8,93,206,-212,0,0,5073,0.0702,-0.004,-0.037,-0.063,0.17,-5.86,90,235,147,0,0,5001,0.0921,0.007,0.147,0.047,0.16,-5.87,106,3199,190,0,0,5026,0.0922,0.012,0.159,0.059,-0.23,-5.8,104,3399,-161,0,0
42.1,3,2045.6,487.37,-0.09,2822.26,11.8,0.2,-0.01,0.06,1.0,0.0,0.11,1,1915,83.4,0.61,-0.5,0.0,3.85,3,4,5060,0.07,-0.003,-0.039,-0.061,-0.27,-5.76,94,216,-217,0,0,5080,0.0701,-0.002,-0.043,-0.057,0.07,-5.97,91,190,146,0,0,4995,0.0922,0.003,0.132,0.032,0.24,-5.79,106,3068,192,0,0,5013,0.0923,0.004,0.139,0.039,-0.22,-5.81,103,3245,-166,0,0
42.12,3,2045.6,487.4,-0.09,2822.32,12.0,0.21,-0.01,0.06,0.5,0.0,0.15,1,1953,144.4,0.62,-0.5,-0.01,3.62,3,4,5063,0.07,0.0,-0.038,-0.062,-0.24,-5.8,95,231,-219,0,0,5081,0.0701,-0.001,-0.04,-0.06,0.07,-5.96,93,183,134,0,0,4991,0.0922,0.002,0.146,0.046,0.24,-5.79,109,3416,183,0,0,5007,0.0924,0.002,0.153,0.053,-0.23,-5.8,107,3578,-168,0,0
42.14,3,2045.7,487.43,-0.09,2822.37,12.2,0.29,-0.01,0.05,0.5,0.0,0.15,1,1950,84.5,0.62,-0.51,-0.01,3.39,3,4,5037,0.0699,-0.005,-0.039,-0.061,-0.25,-5.79,97,252,-218,0,0,5056,0.07,-0.003,-0.031,-0.069,0.09,-5.94,95,194,122,0,0,5008,0.0923,0.002,0.147,0.047,0.28,-5.75,111,3437,183,0,0,5024,0.0924,0.004,0.15,0.05,-0.22,-5.81,109,3590,-172,0,0
42.16,3,2045.8,487.47,-0.09,2822.43,12.3,0.23,-0.01,0.05,1.0,0.0,0.12,1,1923,83.7,0.62,-0.51,-0.01,3.16,3,5,5042,0.0697,-0.006,-0.033,-0.067,-0.21,-5.82,98,286,-219,0,0,5067,0.0699,-0.005,-0.032,-0.068,0.06,-5.97,96,232,116,0,0,4992,0.0923,0.005,0.139,0.039,0.16,-5.87,112,3079,185,0,0,5014,0.0925,0.005,0.148,0.048,-0.21,-5.82,110,3241,-177,0,0
42.18,3,2045.8,487.5,-0.09,2822.5,12.5,0.22,-0.01,0.04,0.5,0.0,0.15,1,1956,144.5,0.63,-0.51,-0.01,2.93,3,5,5040,0.0697,-0.002,-0.025,-0.075,-0.17,-5.87,100,325,-221,0,0,5075,0.0699,0.0,-0.032,-0.068,0.03,-6.0,98,229,102,0,0,4982,0.0923,-0.001,0.16,0.06,0.33,-5.7,115,3356,182,0,0,5011,0.0926,0.001,0.156,0.056,-0.19,-5.84,113,3506,-169,0,0
42.2,3,2045.9,487.53,-0.09,2822.56,12.7,0.29,-0.01,0.04,1.0,0.0,0.15,1,1951,84.5,0.63,-0.52,-0.01,2.7,3,5,5015,0.0696,-0.006,-0.02,-0.08,-0.09,-5.94,101,346,-215,0,0,5052,0.0699,-0.003,-0.025,-0.075,0.1,-5.93,100,221,98,0,0,5012,0.0924,0.002,0.136,0.036,0.17,-5.86,116,3346,187,0,0,5040,0.0927,0.005,0.146,0.046,-0.17,-5.86,114,3503,-165,0,0
42.22,3,2046.0,487.57,-0.09,2822.62,12.9,0.26,-0.01,0.04,0.5,0.0,0.16,1,1964,144.7,0.64,-0.52,-0.01,2.46,4,5,5020,0.0694,-0.007,-0.025,-0.075,-0.23,-5.81,103,334,-217,0,0,5050,0.0698,-0.004,-0.027,-0.073,0.02,-6.01,102,203,96,0,0,5004,0.0925,0.004,0.163,0.063,0.3,-5.73,119,3413,189,0,0,5029,0.0928,0.007,0.163,0.063,-0.21,-5.82,118,3513,-165,0,0
42.24,3,2046.1,487.6,-0.09,2822.68,13.1,0.31,-0.01,0.03,1.0,0.0,0.16,1,1953,84.6,0.64,-0.53,-0.01,2.24,4,5,4995,0.0693,-0.007,-0.026,-0.074,-0.21,-5.82,105,330,-207,0,0,5034,0.0697,-0.005,-0.023,-0.077,0.03,-6.01,104,194,88,0,0,5027,0.0925,0.005,0.139,0.039,0.16,-5.88,120,3278,190,0,0,5059,0.0929,0.006,0.145,0.045,-0.21,-5.82,119,3404,-168,0,0
42.26,3,2046.1,487.64,-0.09,2822.75,13.3,0.27,-0.01,0.03,0.5,0.0,0.16,1,1965,144.8,0.65,-0.53,-0.02,2.02,4,5,4998,0.0692,-0.007,-0.025,-0.075,-0.18,-5.85,106,335,-201,0,0,5047,0.0696,-0.004,-0.026,-0.074,0.0,-6.03,105,252,84,0,0,5017,0.0926,0.005,0.152,0.052,0.16,-5.87,123,3292,185,0,0,5056,0.0931,0.008,0.158,0.058,-0.19,-5.84,122,3422,-168,0,0
42.28,3,2046.2,487.67,-0.09,2822.82,13.5,0.31,-0.01,0.02,1.0,0.0,0.16,1,1953,84.6,0.66,-0.54,-0.02,1.83,4,5,4997,0.069,-0.006,-0.027,-0.073,-0.26,-5.77,108,349,-205,0,0,5017,0.0695,-0.004,-0.017,-0.083,0.09,-5.94,107,249,72,0,0,5046,0.0927,0.005,0.133,0.033,0.21,-5.82,123,3194,192,0,0,5063,0.0932,0.007,0.135,0.035,-0.23,-5.8,122,3273,-177,0,0
42.3,3,2046.3,487.71,-0.09,2822.88,13.7,0.27,-0.01,0.02,0.5,0.0,0.17,1,1971,144.9,0.66,-0.54,-0.02,1.63,4,6,4998,0.0689,-0.005,-0.02,-0.08,-0.17,-5.86,110,345,-204,0,0,5029,0.0694,-0.005,-0.019,-0.081,0.04,-6.0,109,229,56,0,0,5035,0.0929,0.007,0.142,0.042,0.15,-5.88,127,3258,185,0,0,5061,0.0934,0.007,0.152,0.052,-0.16,-5.87,126,3346,-181,0,0
42.32,3,2046.4,487.75,-0.09,2822.95,13.9,0.32,-0.01,0.02,1.0,0.0,0.16,1,1955,84.7,0.66,-0.55,-0.02,1.43,4,6,4975,0.0688,-0.006,-0.02,-0.08,-0.25,-5.78,112,284,-206,0,0,5018,0.0693,-0.004,-0.02,-0.08,-0.03,-6.0,111,212,41,0,0,5047,0.093,0.005,0.124,0.024,0.16,-5.88,126,3140,180,0,0,5079,0.0935,0.007,0.13,0.03,-0.15,-5.88,125,3246,-187,0,0
42.34,3,2046.4,487.79,-0.09,2823.02,14.1,0.27,-0.02,0.01,1.0,0.0,0.17,1,1976,145.1,0.67,-0.55,-0.02,1.23,4,6,4984,0.0687,-0.007,-0.016,-0.084,-0.22,-5.81,114,299,-211,0,0,5032,0.0693,-0.003,-0.015,-0.085,0.05,-5.99,113,236,25,0,0,5046,0.0931,0.006,0.133,0.033,0.21,-5.83,130,3163,181,0,0,5084,0.0937,0.009,0.139,0.039,-0.11,-5.92,129,3259,-185,0,0
42.36,3,2046.5,487.82,-0.09,2823.09,14.4,0.34,-0.02,0.01,1.0,0.0,0.19,1,1986,145.4,0.68,-0.56,-0.03,1.01,4,6,4963,0.0685,-0.006,-0.016,-0.084,-0.2,-5.84,116,266,-204,0,0,5014,0.0692,-0.003,-0.017,-0.083,-0.01,-6.02,115,280,22,0,0,5061,0.0932,0.005,0.121,0.021,0.18,-5.85,131,3272,179,0,0,5103,0.0939,0.009,0.132,0.032,-0.03,-6.0,130,3361,-177,0,0
42.38,3,2046.6,487.86,-0.09,2823.16,14.6,0.35,-0.02,0.01,1.0,0.0,0.19,1,1992,145.6,0.7,-0.57,-0.03,0.8,4,6,4945,0.0684,-0.01,-0.009,-0.091,-0.12,-5.91,118,267,-197,0,0,5001,0.0691,-0.005,-0.007,-0.093,0.1,-5.93,117,310,15,0,0,5078,0.0934,0.009,0.108,0.008,0.18,-5.85,132,3209,183,0,0,5122,0.0941,0.013,0.11,0.01,-0.17,-5.86,131,3278,-178,0,0
42.4,3,2046.7,487.9,-0.09,2823.23,14.9,0.36,-0.02,0.0,1.0,0.0,0.19,1,1987,145.3,0.71,-0.58,-0.03,0.61,4,7,4932,0.0682,-0.009,-0.005,-0.095,-0.12,-5.91,120,278,-193,0,0,4984,0.069,-0.007,-0.008,-0.092,0.05,-5.98,119,285,10,0,0,5102,0.0936,0.011,0.101,0.001,0.18,-5.86,133,3240,183,0,0,5143,0.0944,0.014,0.101,0.001,-0.23,-5.8,133,3272,-184,0,0
42.42,3,2046.8,487.94,-0.09,2823.31,15.1,0.34,-0.02,0.0,1.0,0.0,0.2,1,1985,145.8,0.72,-0.59,-0.03,0.43,5,7,4934,0.068,-0.008,-0.013,-0.087,-0.23,-5.8,122,240,-192,0,0,4978,0.0688,-0.008,-0.011,-0.089,-0.07,-5.96,122,269,-10,0,0,5111,0.0939,0.013,0.095,-0.005,0.15,-5.88,136,3114,178,0,0,5145,0.0947,0.013,0.097,-0.003,-0.21,-5.82,136,3150,-191,0,0
42.44,3,2046.9,487.98,-0.09,2823.38,15.3,0.35,-0.02,0.0,1.0,0.0,0.21,1,1997,146.1,0.74,-0.59,-0.03,0.25,5,7,4923,0.0678,-0.008,-0.008,-0.092,-0.17,-5.86,125,241,-189,0,0,4979,0.0687,-0.006,-0.006,-0.094,-0.03,-6.01,124,262,-23,0,0,5103,0.094,0.008,0.085,-0.015,0.16,-5.87,137,3001,176,0,0,5147,0.0949,0.011,0.085,-0.015,-0.21,-5.82,137,3032,-195,0,0
42.46,3,2046.9,488.02,-0.09,2823.46,15.6,0.33,-0.02,0.0,1.0,0.0,0.21,1,2014,146.3,0.75,-0.6,-0.03,0.07,5,7,4926,0.0677,-0.007,-0.011,-0.089,-0.23,-5.8,127,221,-186,0,0,4982,0.0686,-0.005,-0.012,-0.088,-0.07,-5.96,126,238,-28,0,0,5098,0.0942,0.007,0.077,-0.023,0.15,-5.88,139,2733,179,0,0,5143,0.0951,0.01,0.076,-0.024,-0.23,-5.8,139,2740,-199,0,0
42.48,3,2047.0,488.06,-0.09,2823.54,15.9,0.38,-0.02,-0.01,1.0,0.0,0.2,1,1992,145.7,0.76,-0.61,-0.04,-0.1,5,7,4912,0.0676,-0.006,-0.003,-0.097,-0.13,-5.9,129,177,-186,0,0,4962,0.0685,-0.005,-0.013,-0.087,-0.09,-5.94,129,195,-34,0,0,5121,0.0943,0.007,0.046,-0.054,0.15,-5.88,137,2831,183,0,0,5162,0.0952,0.008,0.051,-0.049,-0.18,-5.86,137,2830,-199,0,0
42.5,3,2047.1,488.11,-0.09,2823.61,16.1,0.35,-0.02,-0.01,1.0,0.0,0.24,1,2035,146.9,0.77,-0.61,-0.04,-0.28,5,8,4915,0.0674,-0.008,-0.002,-0.098,-0.17,-5.86,131,152,-195,0,0,4962,0.0684,-0.006,-0.01,-0.09,-0.06,-5.97,131,126,-39,0,0,5113,0.0945,0.008,0.055,-0.045,0.17,-5.87,140,2834,180,0,0,5152,0.0954,0.01,0.056,-0.044,-0.19,-5.84,140,2801,-199,0,0
42.52,3,2047.2,488.15,-0.09,2823.69,16.4,0.38,-0.02,-0.01,1.0,0.0,0.24,1,2038,146.9,0.78,-0.62,-0.04,-0.46,5,8,4894,0.0673,-0.007,-0.003,-0.097,-0.24,-5.79,134,107,-204,0,0,4961,0.0683,-0.006,-0.006,-0.094,-0.04,-6.0,134,106,-46,0,0,5120,0.0946,0.008,0.038,-0.062,0.14,-5.89,141,2672,174,0,0,5173,0.0956,0.01,0.04,-0.06,-0.18,-5.85,141,2669,-199,0,0
42.54,3,2047.3,488.19,-0.09,2823.78,16.6,0.36,-0.02,-0.01,1.0,0.0,0.27,1,2074,147.8,0.79,-0.63,-0.04,-0.64,5,8,4887,0.0671,-0.009,0.001,-0.099,-0.21,-5.82,137,82,-209,0,0,4966,0.0682,-0.004,-0.006,-0.094,-0.07,-5.96,137,70,-45,0,0,5121,0.0948,0.007,0.045,-0.055,0.21,-5.82,143,2630,176,0,0,5184,0.0959,0.012,0.045,-0.055,-0.14,-5.89,143,2614,-198,0,0
42.56,3,2047.4,488.24,-0.09,2823.86,16.9,0.38,-0.02,-0.02,1.0,0.0,0.29,1,2093,148.3,0.81,-0.63,-0.04,-0.81,6,8,4886,0.0669,-0.007,-0.002,-0.098,-0.26,-5.77,139,34,-220,0,0,4953,0.0681,-0.004,-0.005,-0.095,-0.07,-5.96,139,50,-48,0,0,5139,0.095,0.009,0.032,-0.068,0.15,-5.88,144,2582,178,0,0,5190,0.0961,0.011,0.031,-0.069,-0.25,-5.79,145,2509,-207,0,0
42.58,3,2047.5,488.28,-0.09,2823.94,17.1,0.23,-0.03,-0.02,1.0,0.0,0.35,1,2178,151.1,0.82,-0.63,-0.05,-0.98,6,9,4934,0.0669,-0.004,-0.003,-0.097,-0.24,-5.79,140,49,-222,0,0,5012,0.0681,-0.001,-0.003,-0.097,0.01,-6.03,140,51,-43,0,0,5079,0.095,0.003,-0.071,-0.029,0.14,-5.9,146,1347,175,0,0,5142,0.0963,0.007,-0.069,-0.031,-0.23,-5.81,147,1280,-216,0,0
42.6,3,2047.6,488.33,-0.09,2824.03,17.2,0.23,-0.03,-0.02,1.0,0.0,0.43,1,2260,153.6,0.84,-0.63,-0.05,-1.14,6,9,4963,0.067,0.007,-0.001,-0.099,-0.19,-5.84,141,43,-228,0,0,5045,0.0683,0.011,-0.005,-0.095,-0.02,-6.01,141,46,-44,0,0,5049,0.0948,-0.011,-0.1,0.0,0.14,-5.89,145,2064,169,0,0,5117,0.0961,-0.007,-0.099,-0.001,-0.21,-5.82,145,2005,-209,0,0
42.62,3,2047.7,488.37,-0.09,2824.11,17.5,0.46,-0.03,-0.02,1.0,0.0,0.43,1,2118,149.4,0.87,-0.63,-0.05,-1.29,6,9,4892,0.067,-0.001,-0.004,-0.096,-0.22,-5.81,143,42,-222,0,0,4986,0.0684,0.004,-0.009,-0.091,-0.06,-5.97,144,-8,-34,0,0,5114,0.0948,-0.001,0.007,-0.093,0.13,-5.9,145,3130,159,0,0,5187,0.0962,0.003,0.006,-0.094,-0.24,-5.79,146,3044,-211,0,0
42.64,3,2047.8,488.42,-0.09,2824.2,17.6,0.05,-0.03,-0.02,1.0,0.0,0.38,1,2243,151.3,0.88,-0.62,-0.06,-1.41,6,9,5013,0.0669,-0.004,-0.006,-0.094,-0.25,-5.79,143,94,-238,0,0,5111,0.0684,0.0,-0.009,-0.091,-0.07,-5.96,144,47,-33,0,0,4990,0.0948,0.002,0.1,0.0,0.14,-5.89,137,95,162,0,0,5069,0.0963,0.007,0.098,-0.002,-0.24,-5.79,138,-9,-216,0,0
42.66,3,2047.9,488.46,-0.09,2824.29,17.7,0.12,-0.03,-0.02,1.0,0.0,0.48,1,2346,156.1,0.9,-0.61,-0.06,-1.54,6,9,5052,0.0674,0.026,-0.009,-0.091,-0.23,-5.8,144,3,-238,0,0,5142,0.069,0.029,-0.012,-0.088,-0.05,-5.98,145,-59,-30,0,0,4956,0.0942,-0.032,0.062,-0.038,0.14,-5.89,171,2890,152,0,0,5027,0.0958,-0.029,0.059,-0.041,-0.21,-5.82,172,2780,-210,0,0
42.68,3,2048.0,488.51,-0.09,2824.37,17.9,0.37,-0.03,-0.02,1.0,0.0,0.56,1,2383,157.3,0.93,-0.6,-0.06,-1.65,6,10,4984,0.0675,0.006,-0.004,-0.096,-0.21,-5.82,146,7,-239,0,0,5089,0.0691,0.008,-0.011,-0.089,-0.03,-6.0,147,-12,-22,0,0,5000,0.094,-0.009,-0.111,0.011,0.13,-5.9,155,2321,158,0,0,5085,0.0956,-0.006,-0.105,0.005,-0.1,-5.93,156,2203,-213,0,0
42.7,3,2048.1,488.56,-0.09,2824.46,18.2,0.37,-0.03,-0.03,1.0,0.0,0.59,1,2399,157.8,0.95,-0.6,-0.06,-1.74,7,10,4960,0.0675,-0.002,-0.007,-0.093,-0.31,-5.72,149,-22,-250,0,0,5040,0.0692,0.002,-0.011,-0.089,-0.08,-5.95,150,-70,-27,0,0,5052,0.094,-0.002,-0.113,0.013,0.14,-5.89,155,3029,161,0,0,5115,0.0957,0.002,-0.116,0.016,-0.26,-5.77,156,2832,-216,0,0
42.72,3,2048.2,488.61,-0.09,2824.55,18.5,0.37,-0.03,-0.03,1.0,0.0,0.61,1,2452,159.3,0.98,-0.61,-0.06,-1.84,7,10,4936,0.0674,-0.004,-0.004,-0.096,-0.24,-5.79,151,-27,-262,0,0,5012,0.0691,-0.005,-0.009,-0.091,-0.1,-5.93,152,-50,-42,0,0,5082,0.0941,0.007,-0.097,-0.003,0.2,-5.83,159,3276,161,0,0,5141,0.0958,0.005,-0.101,0.001,-0.2,-5.84,160,3102,-218,0,0
42.74,3,2048.3,488.65,-0.09,2824.65,18.7,0.37,-0.03,-0.03,1.0,0.0,0.63,1,2418,158.1,1.0,-0.61,-0.06,-1.96,7,10,4915,0.0673,-0.007,-0.008,-0.092,-0.34,-5.69,153,1,-280,0,0,5004,0.0689,-0.006,-0.007,-0.093,-0.08,-5.95,154,-27,-50,0,0,5089,0.0943,0.009,0.084,-0.016,0.21,-5.82,166,3174,159,0,0,5161,0.096,0.01,0.081,-0.019,-0.15,-5.88,167,3077,-218,0,0
42.76,3,2048.4,488.7,-0.09,2824.74,19.0,0.37,-0.03,-0.03,1.0,0.0,0.64,1,2462,163.0,1.02,-0.62,-0.07,-2.11,7,11,4892,0.0671,-0.009,-0.007,-0.093,-0.32,-5.71,155,8,-285,0,0,5005,0.0689,-0.004,-0.008,-0.092,-0.08,-5.96,156,0,-56,0,0,5098,0.0944,0.006,0.086,-0.014,0.18,-5.85,169,2982,163,0,0,5189,0.0962,0.011,0.079,-0.021,-0.25,-5.78,170,2872,-219,0,0
42.78,3,2048.5,488.75,-0.09,2824.84,19.3,0.42,-0.03,-0.03,1.0,0.0,0.67,1,2475,167.5,1.05,-0.63,-0.07,-2.25,7,11,4867,0.0669,-0.009,-0.007,-0.093,-0.34,-5.69,157,-12,-293,0,0,4971,0.0688,-0.005,0.0,-0.1,0.01,-6.02,159,61,-63,0,0,5126,0.0946,0.008,0.076,-0.024,0.18,-5.85,170,3153,161,0,0,5208,0.0964,0.012,0.069,-0.031,-0.21,-5.82,171,2981,-222,0,0
42.8,3,2048.6,488.8,-0.09,2824.93,19.6,0.41,-0.04,-0.03,1.0,0.0,0.7,1,2517,172.3,1.07,-0.64,-0.07,-2.4,8,11,4852,0.0667,-0.01,-0.008,-0.092,-0.36,-5.67,160,-12,-304,0,0,4959,0.0686,-0.01,-0.001,-0.099,-0.04,-5.99,161,79,-69,0,0,5130,0.0948,0.011,0.079,-0.021,0.19,-5.84,173,3135,154,0,0,5216,0.0967,0.012,0.07,-0.03,-0.25,-5.78,174,2975,-229,0,0
42.82,3,2048.7,488.85,-0.09,2825.03,19.9,0.45,-0.04,-0.03,1.0,0.0,0.73,1,2540,176.8,1.09,-0.65,-0.07,-2.53,8,12,4824,0.0665,-0.012,-0.006,-0.094,-0.35,-5.68,162,-1,-315,0,0,4940,0.0684,-0.009,-0.006,-0.094,-0.09,-5.94,164,7,-64,0,0,5149,0.095,0.009,0.068,-0.032,0.14,-5.89,175,3217,152,0,0,5237,0.0969,0.013,0.062,-0.038,-0.27,-5.77,176,3064,-234,0,0
42.84,3,2048.8,488.9,-0.09,2825.13,20.2,0.46,-0.04,-0.03,1.0,0.0,0.77,1,2578,181.5,1.11,-0.66,-0.08,-2.68,8,12,4800,0.0662,-0.014,-0.006,-0.094,-0.37,-5.66,165,17,-321,0,0,4922,0.0682,-0.01,-0.006,-0.094,-0.12,-5.91,167,-12,-73,0,0,5170,0.0952,0.011,0.066,-0.034,0.17,-5.87,177,3337,148,0,0,5266,0.0972,0.016,0.061,-0.039,-0.27,-5.76,179,3165,-233,0,0
42.86,3,2048.9,488.96,-0.09,2825.23,20.6,0.49,-0.04,-0.03,1.0,0.0,0.8,1,2620,186.5,1.14,-0.67,-0.08,-2.82,8,13,4772,0.0659,-0.016,-0.007,-0.093,-0.38,-5.65,168,-22,-323,0,0,4901,0.068,-0.011,-0.007,-0.093,-0.13,-5.9,170,-49,-80,0,0,5210,0.0955,0.016,0.069,-0.031,0.19,-5.85,180,3500,146,0,0,5312,0.0976,0.021,0.06,-0.04,-0.27,-5.76,182,3314,-238,0,0
42.88,3,2049.1,489.01,-0.09,2825.34,20.9,0.51,-0.04,-0.04,1.0,0.0,0.84,1,2665,191.7,1.16,-0.69,-0.08,-2.95,8,13,4746,0.0655,-0.017,0.001,-0.099,-0.29,-5.74,171,7,-331,0,0,4882,0.0677,-0.013,-0.004,-0.096,-0.14,-5.89,174,-51,-85,0,0,5225,0.0959,0.019,0.064,-0.036,0.11,-5.92,183,3623,140,0,0,5335,0.0981,0.023,0.06,-0.04,-0.28,-5.75,185,3450,-241,0,0
42.9,3,2049.2,489.06,-0.09,2825.44,21.3,0.56,-0.05,-0.04,1.0,0.0,0.9,1,2755,198.4,1.19,-0.71,-0.09,-3.08,9,14,4715,0.0651,-0.02,0.002,-0.098,-0.3,-5.73,174,51,-341,0,0,4855,0.0674,-0.013,-0.004,-0.096,-0.13,-5.9,177,-105,-93,0,0,5247,0.0963,0.018,0.08,-0.02,0.11,-5.92,189,4092,134,0,0,5359,0.0986,0.024,0.073,-0.027,-0.28,-5.75,190,3886,-247,0,0
42.92,3,2049.3,489.12,-0.09,2825.55,21.7,0.49,-0.05,-0.04,1.0,0.0,0.93,1,2723,203.8,1.22,-0.72,-0.09,-3.19,9,14,4716,0.0647,-0.022,0.001,-0.099,-0.39,-5.64,178,51,-355,0,0,4858,0.0671,-0.017,-0.002,-0.098,-0.12,-5.91,180,-80,-109,0,0,5230,0.0967,0.02,-0.136,0.036,0.11,-5.92,201,2028,140,0,0,5343,0.0991,0.025,-0.133,0.033,-0.24,-5.79,203,1625,-273,0,0
42.94,3,2049.4,489.17,-0.09,2825.66,21.9,0.36,-0.05,-0.04,1.0,0.0,1.0,1,2859,212.1,1.25,-0.73,-0.09,-3.33,9,14,4768,0.0646,-0.006,-0.001,-0.099,-0.41,-5.62,179,2,-375,0,0,4908,0.0671,-0.002,-0.002,-0.098,-0.11,-5.93,182,-87,-124,0,0,5177,0.0967,0.002,-0.126,0.026,0.15,-5.89,204,3069,138,0,0,5287,0.0992,0.006,-0.129,0.029,-0.24,-5.79,205,2754,-256,0,0
42.96,3,2049.5,489.23,-0.09,2825.77,22.2,0.37,-0.05,-0.04,1.0,0.0,1.0,1,2925,220.1,1.29,-0.73,-0.1,-3.47,9,15,4803,0.0645,-0.002,-0.006,-0.094,-0.4,-5.63,181,-29,-384,0,0,4940,0.0671,0.0,-0.005,-0.095,-0.16,-5.87,184,-84,-135,0,0,5130,0.0967,-0.002,-0.105,0.005,0.12,-5.91,208,3584,135,0,0,5238,0.0992,0.0,-0.108,0.008,-0.21,-5.82,209,3340,-244,0,0
42.98,3,2049.7,489.29,-0.09,2825.88,22.5,0.48,-0.05,-0.04,0.5,0.0,1.0,1,3110,228.2,1.33,-0.73,-0.1,-3.64,9,15,4786,0.0645,-0.004,-0.006,-0.094,-0.41,-5.62,184,-84,-382,0,0,4925,0.0671,0.0,-0.007,-0.093,-0.16,-5.88,186,-73,-124,0,0,5138,0.0966,-0.004,0.337,0.237,0.12,-5.92,170,4487,118,0,0,5248,0.0992,0.0,0.33,0.23,-0.2,-5.83,171,4395,-223,0,0
43.0,3,2049.8,489.34,-0.09,2825.99,23.0,0.7,-0.05,-0.04,0.5,0.0,1.0,1,3062,143.8,1.28,-0.74,-0.1,-3.85,10,16,4692,0.0642,-0.015,0.002,-0.098,-0.31,-5.72,188,-40,-378,0,0,4832,0.0668,-0.011,-0.008,-0.092,-0.17,-5.87,190,-44,-116,0,0,5219,0.0968,0.008,0.288,0.188,0.15,-5.88,164,4761,105,0,0,5330,0.0994,0.012,0.269,0.169,-0.28,-5.75,165,4612,-231,0,0
43.02,3,2049.9,489.4,-0.09,2826.11,23.4,0.55,-0.06,-0.04,1.0,0.0,1.0,1,2865,125.5,1.14,-0.75,-0.1,-3.92,10,16,4711,0.0638,-0.019,-0.003,-0.097,-0.49,-5.55,192,7,-400,0,0,4806,0.0664,-0.023,-0.008,-0.092,-0.2,-5.83,194,-36,-133,0,0,5240,0.0972,0.022,-0.148,0.048,0.1,-5.93,215,2045,113,0,0,5311,0.0998,0.018,-0.144,0.044,-0.29,-5.74,218,1440,-292,0,0
43.04,3,2050.1,489.46,-0.09,2826.23,23.6,0.35,-0.06,-0.04,1.0,0.0,1.0,1,3032,193.9,1.15,-0.76,-0.1,-4.04,10,17,4780,0.0638,0.0,-0.005,-0.095,-0.47,-5.56,193,-39,-423,0,0,4878,0.0663,-0.003,-0.01,-0.09,-0.21,-5.82,196,-102,-151,0,0,5161,0.0972,0.0,0.073,-0.027,0.1,-5.93,209,3459,110,0,0,5237,0.0997,-0.004,0.069,-0.031,-0.26,-5.77,210,3263,-272,0,0
43.06,3,2050.2,489.52,-0.09,2826.35,24.1,0.6,-0.06,-0.04,1.0,0.0,1.0,1,3011,206.6,1.21,-0.76,-0.1,-4.25,11,17,4727,0.0637,-0.004,-0.003,-0.097,-0.43,-5.61,197,-77,-423,0,0,4832,0.0662,-0.005,-0.004,-0.096,-0.15,-5.88,199,-36,-155,0,0,5203,0.0972,0.001,0.045,-0.055,0.09,-5.95,207,3974,111,0,0,5283,0.0997,0.0,0.041,-0.059,-0.3,-5.73,209,3666,-276,0,0
43.08,3,2050.3,489.58,-0.09,2826.47,24.4,0.42,-0.07,-0.04,1.0,0.0,1.0,1,3080,218.3,1.27,-0.76,-0.1,-4.37,11,18,4767,0.0635,-0.011,-0.002,-0.098,-0.47,-5.56,199,-8,-436,0,0,4875,0.066,-0.01,-0.004,-0.096,-0.19,-5.84,202,52,-153,0,0,5144,0.0973,0.005,0.06,-0.04,0.14,-5.9,216,1528,112,0,0,5227,0.0998,0.006,0.052,-0.048,-0.29,-5.74,220,982,-289,0,0
43.1,3,2050.5,489.64,-0.09,2826.59,24.6,0.37,-0.07,-0.05,0.5,0.0,1.0,1,3308,233.4,1.34,-0.76,-0.1,-4.52,11,18,4788,0.0637,0.009,-0.004,-0.096,-0.47,-5.56,201,-54,-437,0,0,4925,0.0662,0.01,-0.005,-0.095,-0.17,-5.86,205,-73,-160,0,0,5095,0.0969,-0.017,0.22,0.12,0.08,-5.96,173,3837,97,0,0,5203,0.0995,-0.016,0.213,0.113,-0.26,-5.77,174,3547,-269,0,0
43.12,3,2050.6,489.7,-0.09,2826.72,25.1,0.65,-0.07,-0.05,0.5,0.0,1.0,1,3404,156.9,1.31,-0.76,-0.1,-4.73,12,19,4717,0.0635,-0.006,-0.001,-0.099,-0.47,-5.56,206,-86,-435,0,0,4846,0.0662,-0.001,0.0,-0.1,-0.18,-5.85,209,-46,-151,0,0,5177,0.0969,-0.003,0.274,0.174,0.06,-5.97,183,4980,76,0,0,5279,0.0996,0.002,0.257,0.157,-0.32,-5.71,184,4890,-240,0,0
43.14,3,2050.7,489.76,-0.09,2826.84,25.5,0.63,-0.07,-0.05,1.0,0.0,1.0,1,3323,139.8,1.2,-0.77,-0.11,-4.83,12,19,4675,0.0632,-0.018,-0.002,-0.098,-0.51,-5.52,209,-51,-440,0,0,4818,0.0659,-0.016,0.0,-0.1,-0.14,-5.89,212,-25,-157,0,0,5213,0.0972,0.013,0.101,0.001,0.05,-5.98,156,4091,80,0,0,5326,0.0998,0.014,0.092,-0.008,-0.3,-5.73,157,3786,-289,0,0
43.16,3,2050.9,489.83,-0.09,2826.97,25.8,0.43,-0.07,-0.05,1.0,0.0,1.0,1,3309,213.3,1.22,-0.77,-0.11,-4.93,12,20,4729,0.063,-0.009,-0.005,-0.095,-0.54,-5.49,211,-132,-458,0,0,4854,0.0658,-0.004,-0.002,-0.098,-0.2,-5.83,215,-73,-173,0,0,5166,0.0972,0.004,0.072,-0.028,0.07,-5.96,228,3924,78,0,0,5264,0.1,0.008,0.062,-0.038,-0.35,-5.68,230,3638,-299,0,0
43.18,3,2051.0,489.89,-0.09,2827.1,26.3,0.6,-0.08,-0.05,1.0,0.0,1.0,1,3365,232.5,1.32,-0.78,-0.11,-5.09,13,21,4695,0.0629,-0.006,0.0,-0.1,-0.5,-5.53,215,-74,-473,0,0,4824,0.0657,-0.006,-0.006,-0.094,-0.22,-5.81,219,-119,-176,0,0,5180,0.0972,0.0,0.072,-0.028,0.05,-5.98,232,4088,70,0,0,5279,0.1,0.0,0.064,-0.036,-0.35,-5.68,234,3750,-314,0,0
43.2,3,2051.2,489.95,-0.09,2827.24,26.7,0.64,-0.08,-0.05,1.0,0.0,1.0,1,3475,252.0,1.41,-0.79,-0.11,-5.23,13,21,4670,0.0627,-0.01,-0.001,-0.099,-0.54,-5.49,219,-91,-488,0,0,4778,0.0654,-0.012,-0.002,-0.098,-0.24,-5.79,223,-147,-196,0,0,5225,0.0974,0.008,0.088,-0.012,0.03,-6.0,240,4381,57,0,0,5330,0.1001,0.006,0.08,-0.02,-0.36,-5.67,242,4079,-319,0,0
43.22,3,2051.3,490.02,-0.09,2827.37,27.2,0.66,-0.09,-0.05,1.0,0.0,1.0,1,3562,270.2,1.5,-0.8,-0.1,-5.4,13,22,4638,0.0624,-0.015,0.001,-0.099,-0.55,-5.48,223,-61,-502,0,0,4751,0.0651,-0.015,-0.004,-0.096,-0.27,-5.76,226,-117,-213,0,0,5280,0.0977,0.015,0.096,-0.004,0.07,-5.96,285,4370,61,0,0,5434,0.1004,0.016,0.082,-0.018,-0.37,-5.66,287,3974,-331,0,0
43.24,3,2051.5,490.08,-0.09,2827.51,27.7,0.67,-0.09,-0.05,1.0,0.0,1.0,1,3668,290.0,1.59,-0.81,-0.1,-5.56,14,23,4619,0.0621,-0.013,0.004,-0.096,-0.52,-5.52,227,-21,-516,0,0,4737,0.0648,-0.019,-0.003,-0.097,-0.28,-5.75,231,-95,-239,0,0,5261,0.0981,0.021,0.094,-0.006,0.05,-5.98,290,4343,64,0,0,5464,0.1007,0.015,0.081,-0.019,-0.36,-5.67,291,3967,-345,0,0
43.26,3,2051.6,490.15,-0.09,2827.65,28.1,0.67,-0.09,-0.05,1.0,0.0,1.0,1,3761,309.4,1.68,-0.82,-0.1,-5.78,14,24,4602,0.0618,-0.018,-0.002,-0.098,-0.59,-5.44,230,-48,-520,0,0,4723,0.0645,-0.012,-0.002,-0.098,-0.3,-5.73,235,-56,-255,0,0,5239,0.0982,0.003,0.095,-0.005,0.03,-6.0,294,4346,51,0,0,5470,0.1009,0.009,0.079,-0.021,-0.38,-5.66,295,3980,-336,0,0
43.28,3,2051.8,490.22,-0.09,2827.8,28.6,0.67,-0.1,-0.05,1.0,0.0,1.0,1,3870,326.2,1.75,-0.83,-0.1,-5.98,15,24,4602,0.0615,-0.012,-0.001,-0.099,-0.64,-5.39,234,-62,-548,0,0,4706,0.0642,-0.016,-0.003,-0.097,-0.32,-5.71,239,-68,-265,0,0,5253,0.0983,0.007,0.093,-0.007,0.01,-6.02,298,4336,35,0,0,5481,0.101,0.003,0.078,-0.022,-0.39,-5.64,299,3972,-342,0,0
43.3,3,2052.0,490.29,-0.09,2827.94,29.1,0.67,-0.1,-0.05,1.0,0.0,1.0,1,4003,339.9,1.81,-0.84,-0.1,-6.17,15,25,4587,0.0613,-0.014,-0.002,-0.098,-0.63,-5.4,238,-145,-542,0,0,4707,0.064,-0.012,-0.003,-0.097,-0.34,-5.69,243,-92,-276,0,0,5252,0.0984,0.006,0.093,-0.007,0.01,-6.02,302,4379,27,0,0,5513,0.1011,0.007,0.077,-0.023,-0.4,-5.63,303,3987,-365,0,0
43.32,3,2052.1,490.36,-0.09,2828.09,29.5,0.67,-0.1,-0.05,1.0,0.0,1.0,1,4102,350.4,1.86,-0.85,-0.11,-6.36,15,26,4572,0.061,-0.013,-0.001,-0.099,-0.66,-5.37,242,-147,-558,0,0,4720,0.0637,-0.011,-0.001,-0.099,-0.34,-5.7,247,-74,-292,0,0,5208,0.0985,0.004,0.094,-0.006,-0.01,-6.02,307,4349,21,0,0,5512,0.1012,0.006,0.079,-0.021,-0.4,-5.63,308,4008,-376,0,0
43.34,3,2052.3,490.43,-0.09,2828.24,30.1,0.82,-0.1,-0.06,0.5,0.0,1.0,1,4345,359.5,1.89,-0.86,-0.11,-6.8,16,27,4503,0.0607,-0.016,0.002,-0.098,-0.61,-5.42,247,-158,-557,0,0,4663,0.0635,-0.012,-0.004,-0.096,-0.34,-5.69,251,-76,-296,0,0,5243,0.0985,0.0,0.214,0.114,-0.03,-6.01,336,5202,4,0,0,5568,0.1013,0.004,0.188,0.088,-0.41,-5.62,336,5302,-313,0,0
43.36,3,2052.5,490.5,-0.09,2828.4,30.8,0.91,-0.1,-0.06,0.5,0.0,1.0,1,4373,237.2,1.76,-0.88,-0.11,-7.42,16,28,4452,0.0601,-0.028,-0.001,-0.099,-0.64,-5.4,252,-201,-557,0,0,4571,0.063,-0.024,0.0,-0.1,-0.33,-5.7,258,-93,-292,0,0,5315,0.0988,0.015,0.193,0.093,-0.14,-5.89,336,5378,-27,0,0,5662,0.1017,0.018,0.158,0.058,-0.54,-5.49,334,5684,-257,0,0
43.38,3,2052.6,490.57,-0.09,2828.56,31.4,0.92,-0.11,-0.06,1.0,0.0,1.0,1,4343,205.5,1.54,-0.9,-0.11,-7.92,17,29,4398,0.0595,-0.03,0.002,-0.098,-0.59,-5.44,257,-128,-559,0,0,4532,0.0624,-0.031,0.003,-0.097,-0.29,-5.74,263,-147,-282,0,0,5337,0.0992,0.019,-0.027,-0.073,-0.12,-5.91,284,5361,-85,0,0,5748,0.102,0.018,-0.063,-0.037,-0.64,-5.39,283,5538,-428,0,0
43.4,3,2052.8,490.65,-0.09,2828.72,32.0,0.81,-0.14,-0.06,0.5,0.0,1.0,1,4357,289.2,1.55,-0.91,-0.12,-7.86,18,31,4388,0.0589,-0.03,-0.002,-0.098,-0.71,-5.32,262,-174,-571,0,0,4573,0.0619,-0.026,0.0,-0.1,-0.37,-5.66,268,-155,-302,0,0,5247,0.0994,0.013,0.175,0.075,-0.21,-5.82,231,4631,-167,0,0,5752,0.1024,0.017,0.164,0.064,-0.62,-5.42,234,4204,-606,0,0
43.42,3,2053.0,490.72,-0.09,2828.89,32.4,0.63,-0.15,-0.06,0.5,0.0,1.0,1,4399,200.9,1.52,-0.91,-0.12,-7.63,18,31,4444,0.0586,-0.018,-0.004,-0.096,-0.68,-5.35,265,-165,-604,0,0,4653,0.0618,-0.004,-0.002,-0.098,-0.41,-5.62,271,-144,-338,0,0,5146,0.099,-0.019,0.249,0.149,-0.13,-5.91,252,4910,-115,0,0,5654,0.1023,-0.005,0.223,0.123,-0.53,-5.5,252,5006,-497,0,0
43.44,3,2053.2,490.79,-0.09,2829.05,32.9,0.65,-0.15,-0.06,1.0,0.0,1.0,1,4281,180.1,1.38,-0.91,-0.13,-7.59,19,32,4472,0.0584,-0.01,-0.006,-0.094,-0.76,-5.27,268,-98,-627,0,0,4701,0.0618,-0.001,-0.001,-0.099,-0.41,-5.63,274,-18,-356,0,0,5092,0.0987,-0.019,0.085,-0.015,-0.09,-5.94,335,4219,-99,0,0,5588,0.1021,-0.009,0.07,-0.03,-0.5,-5.53,336,3881,-523,0,0
43.46,3,2053.4,490.87,-0.09,2829.22,33.4,0.66,-0.14,-0.06,1.0,0.0,1.0,1,4337,266.9,1.43,-0.9,-0.14,-7.72,19,33,4496,0.0583,-0.005,-0.005,-0.095,-0.79,-5.24,272,-91,-657,0,0,4725,0.0619,0.005,-0.004,-0.096,-0.46,-5.57,278,-68,-385,0,0,5062,0.0982,-0.023,0.093,-0.007,-0.07,-5.96,300,4373,-61,0,0,5519,0.1018,-0.013,0.077,-0.023,-0.45,-5.58,302,4055,-473,0,0
43.48,3,2053.6,490.94,-0.09,2829.39,33.8,0.67,-0.14,-0.06,0.5,0.0,1.0,1,4522,295.1,1.56,-0.9,-0.14,-7.94,20,34,4513,0.0582,-0.004,-0.001,-0.099,-0.74,-5.29,277,-124,-681,0,0,4733,0.062,0.005,-0.005,-0.095,-0.47,-5.57,282,-34,-404,0,0,5084,0.0978,-0.02,0.232,0.132,-0.1,-5.93,264,4714,-53,0,0,5500,0.1016,-0.011,0.216,0.116,-0.46,-5.57,265,4637,-436,0,0
43.5,3,2053.7,491.02,-0.09,2829.57,34.3,0.66,-0.15,-0.06,0.5,0.0,1.0,1,4584,205.2,1.53,-0.89,-0.15,-8.18,20,35,4516,0.0581,-0.003,0.002,-0.098,-0.78,-5.25,281,-86,-701,0,0,4761,0.0621,0.007,-0.001,-0.099,-0.48,-5.55,286,2,-424,0,0,5060,0.0975,-0.017,0.234,0.134,-0.09,-5.94,269,4718,-60,0,0,5474,0.1015,-0.007,0.215,0.115,-0.48,-5.55,269,4652,-438,0,0
43.52,3,2053.9,491.1,-0.09,2829.75,34.8,0.66,-0.15,-0.06,1.0,0.0,1.0,1,4485,183.8,1.39,-0.89,-0.16,-8.39,21,36,4510,0.0581,-0.003,-0.002,-0.098,-0.86,-5.17,284,-78,-723,0,0,4774,0.0623,0.007,0.003,-0.097,-0.48,-5.55,291,6,-444,0,0,5086,0.0972,-0.014,0.076,-0.024,-0.15,-5.89,348,4299,-83,0,0,5505,0.1014,-0.004,0.06,-0.04,-0.5,-5.53,350,3933,-483,0,0
43.54,3,2054.1,491.17,-0.09,2829.93,35.2,0.64,-0.16,-0.06,1.0,0.0,1.0,1,4573,270.2,1.44,-0.88,-0.17,-8.65,21,37,4527,0.058,-0.001,-0.001,-0.099,-0.87,-5.17,288,-98,-747,0,0,4786,0.0624,0.008,0.0,-0.1,-0.48,-5.55,294,-66,-455,0,0,5092,0.097,-0.009,0.09,-0.01,-0.11,-5.92,316,4366,-95,0,0,5506,0.1014,0.0,0.076,-0.024,-0.54,-5.49,319,4051,-492,0,0
43.56,3,2054.3,491.25,-0.09,2830.11,35.7,0.67,-0.16,-0.06,0.5,0.0,1.0,1,4758,298.2,1.57,-0.88,-0.18,-8.9,22,38,4503,0.058,-0.002,0.001,-0.099,-0.84,-5.19,292,-96,-753,0,0,4814,0.0626,0.01,-0.001,-0.099,-0.55,-5.49,299,-86,-480,0,0,5079,0.0968,-0.01,0.226,0.126,-0.15,-5.88,280,4704,-105,0,0,5545,0.1014,0.003,0.205,0.105,-0.46,-5.58,281,4647,-478,0,0
43.58,3,2054.5,491.33,-0.09,2830.29,36.2,0.66,-0.17,-0.06,0.5,0.0,1.0,1,4820,207.2,1.54,-0.88,-0.19,-9.15,22,39,4513,0.0579,-0.003,-0.003,-0.097,-0.91,-5.12,296,-144,-778,0,0,4812,0.0628,0.01,-0.002,-0.098,-0.52,-5.51,303,-120,-490,0,0,5079,0.0966,-0.011,0.228,0.128,-0.16,-5.87,285,4728,-122,0,0,5541,0.1015,0.002,0.205,0.105,-0.56,-5.47,286,4650,-500,0,0
43.6,3,2054.7,491.41,-0.09,2830.48,36.6,0.66,-0.17,-0.06,1.0,0.0,1.0,1,4689,185.4,1.39,-0.87,-0.2,-9.37,23,40,4505,0.0579,-0.003,-0.004,-0.096,-0.93,-5.1,299,-110,-793,0,0,4826,0.063,0.01,-0.004,-0.096,-0.55,-5.48,306,-106,-498,0,0,5075,0.0964,-0.009,0.078,-0.022,-0.16,-5.87,320,4320,-140,0,0,5565,0.1015,0.003,0.059,-0.041,-0.61,-5.42,324,3872,-561,0,0
43.62,3,2054.9,491.49,-0.09,2830.67,37.1,0.63,-0.18,-0.06,1.0,0.0,1.0,1,4841,271.9,1.44,-0.87,-0.21,-9.57,23,41,4496,0.0578,-0.003,-0.001,-0.099,-0.91,-5.13,303,-72,-805,0,0,4861,0.0633,0.013,0.0,-0.1,-0.55,-5.48,310,-83,-533,0,0,5049,0.0962,-0.011,0.102,0.002,-0.18,-5.85,335,4492,-141,0,0,5588,0.1016,0.004,0.078,-0.022,-0.61,-5.42,336,4260,-559,0,0
43.64,3,2055.2,491.57,-0.09,2830.86,37.6,0.67,-0.19,-0.07,0.5,0.0,1.0,1,5002,299.8,1.57,-0.87,-0.22,-9.82,24,42,4501,0.0577,-0.005,0.0,-0.1,-0.92,-5.11,307,-69,-828,0,0,4841,0.0635,0.011,-0.002,-0.098,-0.62,-5.41,314,-80,-555,0,0,5070,0.096,-0.01,0.215,0.115,-0.23,-5.81,296,4687,-147,0,0,5605,0.1017,0.006,0.193,0.093,-0.63,-5.4,297,4563,-570,0,0
43.66,3,2055.4,491.65,-0.09,2831.06,38.0,0.66,-0.19,-0.07,0.5,0.0,1.0,1,5055,208.6,1.54,-0.87,-0.23,-10.03,25,43,4491,0.0577,-0.003,-0.003,-0.097,-0.98,-5.05,310,-104,-838,0,0,4850,0.0637,0.008,-0.004,-0.096,-0.63,-5.41,318,-93,-575,0,0,5070,0.0959,-0.006,0.214,0.114,-0.23,-5.8,300,4734,-153,0,0,5635,0.1018,0.005,0.19,0.09,-0.65,-5.38,301,4685,-580,0,0
43.68,3,2055.6,491.73,-0.09,2831.26,38.5,0.65,-0.2,-0.07,1.0,0.0,1.0,1,4938,186.7,1.39,-0.86,-0.24,-10.25,25,44,4476,0.0576,-0.005,-0.004,-0.096,-1.0,-5.03,314,-61,-854,0,0,4869,0.0639,0.01,-0.005,-0.095,-0.64,-5.39,322,-141,-593,0,0,5038,0.0956,-0.011,0.082,-0.018,-0.24,-5.79,338,4335,-196,0,0,5643,0.1019,0.005,0.063,-0.037,-0.62,-5.41,341,3978,-640,0,0
43.7,3,2055.8,491.81,-0.09,2831.46,38.9,0.63,-0.2,-0.07,1.0,0.0,1.0,1,5076,273.2,1.44,-0.86,-0.25,-10.44,26,45,4488,0.0575,-0.003,0.0,-0.1,-1.01,-5.02,318,-38,-876,0,0,4879,0.0641,0.011,-0.002,-0.098,-0.65,-5.39,325,-174,-614,0,0,5018,0.0954,-0.012,0.097,-0.003,-0.28,-5.75,351,4466,-190,0,0,5631,0.102,0.002,0.076,-0.024,-0.67,-5.36,353,4219,-630,0,0
43.72,3,2056.0,491.89,-0.09,2831.66,39.4,0.67,-0.21,-0.07,0.5,0.0,1.0,1,5241,301.3,1.57,-0.86,-0.26,-10.7,27,46,4481,0.0574,-0.004,-0.003,-0.097,-1.06,-4.97,321,-46,-899,0,0,4868,0.0643,0.009,-0.004,-0.096,-0.67,-5.36,330,-112,-629,0,0,5029,0.0952,-0.011,0.215,0.115,-0.25,-5.78,312,4683,-200,0,0,5636,0.102,0.001,0.186,0.086,-0.7,-5.33,314,4587,-637,0,0
43.74,3,2056.2,491.97,-0.09,2831.87,39.9,0.66,-0.22,-0.07,0.5,0.0,1.0,1,5298,210.0,1.54,-0.85,-0.27,-10.93,27,48,4467,0.0573,-0.004,-0.003,-0.097,-1.06,-4.97,325,-99,-914,0,0,4870,0.0644,0.007,-0.002,-0.098,-0.69,-5.34,333,-145,-650,0,0,5015,0.095,-0.009,0.214,0.114,-0.29,-5.75,317,4708,-217,0,0,5640,0.102,0.002,0.189,0.089,-0.66,-5.37,318,4690,-636,0,0
43.76,3,2056.5,492.05,-0.09,2832.08,40.4,0.65,-0.22,-0.07,1.0,0.0,1.0,1,5164,187.8,1.39,-0.85,-0.28,-11.14,28,49,4458,0.0572,-0.006,0.001,-0.099,-1.08,-4.95,330,-113,-940,0,0,4879,0.0645,0.006,0.0,-0.1,-0.71,-5.33,338,-149,-678,0,0,5012,0.0948,-0.009,0.078,-0.022,-0.32,-5.71,353,4304,-258,0,0,5661,0.1021,0.003,0.061,-0.039,-0.68,-5.35,357,3905,-701,0,0
43.78,3,2056.7,492.13,-0.09,2832.29,40.8,0.63,-0.23,-0.07,1.0,0.0,1.0,1,5318,274.5,1.44,-0.85,-0.29,-11.37,29,50,4455,0.0571,-0.004,-0.003,-0.097,-1.15,-4.88,333,-151,-968,0,0,4908,0.0647,0.01,-0.001,-0.099,-0.67,-5.36,341,-116,-704,0,0,4979,0.0945,-0.013,0.101,0.001,-0.33,-5.7,368,4468,-252,0,0,5659,0.1021,0.001,0.08,-0.02,-0.65,-5.38,369,4304,-683,0,0
43.8,3,2056.9,492.21,-0.09,2832.5,41.3,0.67,-0.24,-0.07,0.5,0.0,1.0,1,5480,302.7,1.57,-0.85,-0.3,-11.66,30,51,4442,0.057,-0.008,-0.002,-0.098,-1.17,-4.86,337,-125,-988,0,0,4907,0.0649,0.01,-0.001,-0.099,-0.81,-5.22,346,-97,-731,0,0,4990,0.0943,-0.011,0.205,0.105,-0.39,-5.64,329,4630,-259,0,0,5695,0.1023,0.006,0.181,0.081,-0.76,-5.27,330,4586,-704,0,0
43.82,3,2057.1,492.29,-0.09,2832.72,41.7,0.66,-0.25,-0.07,0.5,0.0,1.0,1,5538,211.4,1.54,-0.84,-0.31,-11.94,30,52,4434,0.0569,-0.006,-0.003,-0.097,-1.21,-4.82,340,-134,-1016,0,0,4907,0.0651,0.008,-0.001,-0.099,-0.83,-5.2,350,-68,-762,0,0,4968,0.094,-0.013,0.208,0.108,-0.39,-5.64,333,4685,-271,0,0,5687,0.1023,0.001,0.182,0.082,-0.67,-5.36,334,4720,-705,0,0
43.84,3,2057.4,492.37,-0.09,2832.94,42.2,0.65,-0.26,-0.07,1.0,0.0,1.0,1,5403,189.0,1.39,-0.84,-0.33,-12.19,31,53,4422,0.0567,-0.006,-0.002,-0.098,-1.24,-4.79,344,-105,-1041,0,0,4915,0.0652,0.006,-0.002,-0.098,-0.86,-5.17,354,-121,-791,0,0,4970,0.0938,-0.011,0.081,-0.019,-0.4,-5.63,370,4314,-319,0,0,5709,0.1023,0.002,0.061,-0.039,-0.74,-5.29,373,3958,-783,0,0
43.86,3,2057.6,492.45,-0.09,2833.16,42.7,0.63,-0.26,-0.07,1.0,0.0,1.0,1,5553,275.0,1.44,-0.84,-0.34,-12.44,32,54,4423,0.0566,-0.007,-0.004,-0.096,-1.26,-4.77,347,-147,-1054,0,0,4932,0.0654,0.01,-0.003,-0.097,-0.89,-5.14,357,-79,-822,0,0,4953,0.0936,-0.013,0.106,0.006,-0.3,-5.73,384,4475,-307,0,0,5717,0.1024,0.004,0.074,-0.026,-0.82,-5.21,386,4245,-782,0,0
43.88,3,2057.9,492.53,-0.09,2833.39,43.1,0.67,-0.27,-0.08,0.5,0.0,1.0,1,5718,301.5,1.57,-0.84,-0.35,-12.77,32,56,4393,0.0564,-0.009,0.0,-0.1,-1.24,-4.79,352,-99,-1073,0,0,4951,0.0656,0.01,-0.002,-0.098,-0.89,-5.14,362,-100,-833,0,0,4928,0.0933,-0.013,0.205,0.105,-0.42,-5.61,346,4611,-319,0,0,5750,0.1025,0.006,0.179,0.079,-0.77,-5.27,346,4684,-774,0,0
43.9,3,2058.1,492.62,-0.09,2833.62,43.6,0.66,-0.28,-0.08,0.5,0.0,1.0,1,5774,210.0,1.54,-0.83,-0.37,-13.06,33,57,4390,0.0562,-0.011,0.001,-0.099,-1.26,-4.77,355,-103,-1091,0,0,4957,0.0659,0.011,-0.003,-0.097,-0.95,-5.09,366,-147,-860,0,0,4919,0.093,-0.015,0.202,0.102,-0.48,-5.55,350,4632,-340,0,0,5768,0.1027,0.007,0.173,0.073,-0.88,-5.15,351,4709,-807,0,0
43.92,3,2058.3,492.7,-0.09,2833.85,44.1,0.65,-0.28,-0.08,1.0,0.0,1.0,1,5638,187.9,1.39,-0.83,-0.38,-13.31,34,58,4380,0.056,-0.009,-0.004,-0.096,-1.32,-4.71,359,-113,-1106,0,0,4961,0.0661,0.01,0.0,-0.1,-0.93,-5.1,370,-129,-892,0,0,4906,0.0927,-0.018,0.079,-0.021,-0.53,-5.5,386,4308,-388,0,0,5771,0.1027,0.002,0.058,-0.042,-0.86,-5.17,389,3949,-882,0,0
43.94,3,2058.6,492.78,-0.09,2834.08,44.5,0.62,-0.29,-0.08,1.0,0.0,1.0,1,5794,271.0,1.44,-0.82,-0.4,-13.56,35,59,4376,0.0559,-0.008,-0.001,-0.099,-1.37,-4.66,363,-90,-1144,0,0,4988,0.0663,0.012,-0.002,-0.098,-0.94,-5.09,373,-129,-922,0,0,4861,0.0923,-0.018,0.098,-0.002,-0.55,-5.48,401,4387,-391,0,0,5757,0.1027,0.001,0.076,-0.024,-0.86,-5.17,402,4236,-883,0,0
43.96,3,2058.8,492.86,-0.09,2834.32,45.0,0.67,-0.3,-0.08,0.5,0.0,1.0,1,5955,297.3,1.57,-0.82,-0.41,-13.91,36,60,4348,0.0557,-0.011,-0.003,-0.097,-1.41,-4.62,366,-87,-1160,0,0,4994,0.0665,0.012,-0.002,-0.098,-1.0,-5.03,377,-102,-946,0,0,4851,0.0918,-0.022,0.198,0.098,-0.5,-5.53,362,4574,-387,0,0,5776,0.1027,0.001,0.169,0.069,-0.88,-5.15,363,4660,-879,0,0
43.98,3,2059.1,492.94,-0.09,2834.56,45.4,0.66,-0.31,-0.08,0.5,0.0,1.0,1,6012,207.7,1.54,-0.82,-0.43,-14.22,37,62,4342,0.0554,-0.011,-0.001,-0.099,-1.43,-4.6,370,-119,-1180,0,0,4994,0.0667,0.011,-0.004,-0.096,-1.04,-4.99,380,-148,-976,0,0,4839,0.0914,-0.021,0.198,0.098,-0.61,-5.42,367,4607,-396,0,0,5769,0.1027,0.001,0.168,0.068,-0.97,-5.06,367,4720,-902,0,0
44.0,3,2059.3,493.02,-0.09,2834.8,45.9,0.65,-0.32,-0.08,1.0,0.0,1.0,1,5884,185.7,1.39,-0.81,-0.45,-14.48,38,63,4327,0.0552,-0.011,-0.002,-0.098,-1.47,-4.56,374,-144,-1203,0,0,5000,0.0669,0.009,-0.003,-0.097,-1.09,-4.94,385,-136,-1018,0,0,4821,0.091,-0.019,0.08,-0.02,-0.64,-5.4,403,4285,-461,0,0,5768,0.1028,0.0,0.056,-0.044,-1.01,-5.02,406,3929,-997,0,0
44.02,3,2059.6,493.09,-0.09,2835.05,46.3,0.62,-0.33,-0.08,1.0,0.0,1.0,1,6030,267.1,1.44,-0.81,-0.46,-14.72,39,64,4319,0.055,-0.01,0.005,-0.095,-1.34,-4.69,377,-20,-1223,0,0,5036,0.0672,0.012,-0.001,-0.099,-1.11,-4.93,389,-136,-1060,0,0,4792,0.0906,-0.021,0.1,0.0,-0.59,-5.44,417,4362,-463,0,0,5780,0.1028,0.001,0.073,-0.027,-0.87,-5.16,418,4232,-985,0,0
44.04,3,2059.9,493.17,-0.09,2835.29,46.8,0.67,-0.33,-0.08,0.5,0.0,1.0,1,6187,293.2,1.57,-0.8,-0.48,-15.09,39,65,4297,0.0547,-0.013,0.002,-0.098,-1.51,-4.52,382,-48,-1245,0,0,5044,0.0674,0.013,-0.001,-0.099,-1.14,-4.89,393,-113,-1083,0,0,4802,0.0902,-0.021,0.195,0.095,-0.68,-5.36,379,4540,-464,0,0,5830,0.1029,0.005,0.163,0.063,-1.06,-4.97,379,4668,-987,0,0
44.06,3,2060.1,493.25,-0.09,2835.54,47.3,0.66,-0.35,-0.08,0.5,0.0,1.0,1,6244,205.4,1.54,-0.8,-0.5,-15.39,40,67,4289,0.0545,-0.012,-0.001,-0.099,-1.57,-4.46,386,-68,-1273,0,0,5056,0.0677,0.013,-0.002,-0.098,-1.18,-4.85,397,-142,-1123,0,0,4795,0.0899,-0.016,0.195,0.095,-0.7,-5.33,384,4571,-477,0,0,5863,0.1031,0.009,0.162,0.062,-1.09,-4.94,383,4763,-1020,0,0
44.08,3,2060.4,493.33,-0.09,2835.8,47.7,0.65,-0.36,-0.08,1.0,0.0,1.0,1,6116,183.6,1.39,-0.8,-0.52,-15.65,41,68,4267,0.0542,-0.013,-0.002,-0.098,-1.57,-4.46,389,-163,-1300,0,0,5064,0.0679,0.012,-0.001,-0.099,-1.19,-4.84,401,-116,-1153,0,0,4784,0.0895,-0.017,0.081,-0.019,-0.76,-5.27,419,4258,-549,0,0,5901,0.1032,0.008,0.059,-0.041,-1.05,-4.98,422,4006,-1126,0,0
44.1,3,2060.7,493.41,-0.09,2836.05,48.2,0.63,-0.37,-0.08,0.5,0.0,1.0,1,6372,262.9,1.44,-0.8,-0.54,-15.91,42,69,4272,0.054,-0.011,-0.002,-0.098,-1.66,-4.38,392,-117,-1337,0,0,5094,0.0682,0.014,0.0,-0.1,-1.22,-4.81,404,-44,-1187,0,0,4753,0.0892,-0.019,0.202,0.102,-0.78,-5.25,395,4568,-494,0,0,5905,0.1033,0.006,0.174,0.074,-1.01,-5.02,393,4946,-1037,0,0
44.12,3,2060.9,493.48,-0.09,2836.31,48.7,0.66,-0.37,-0.09,0.5,0.0,1.0,1,6401,189.6,1.44,-0.79,-0.56,-16.25,43,71,4247,0.0538,-0.014,-0.001,-0.099,-1.61,-4.42,395,-142,-1344,0,0,5094,0.0685,0.014,0.0,-0.1,-1.28,-4.75,409,-43,-1209,0,0,4738,0.0887,-0.021,0.191,0.091,-0.81,-5.22,396,4505,-528,0,0,5932,0.1035,0.007,0.164,0.064,-1.08,-4.95,395,4766,-1100,0,0
44.14,3,2061.2,493.56,-0.09,2836.58,49.1,0.65,-0.38,-0.09,1.0,0.0,1.0,1,6319,172.4,1.33,-0.79,-0.58,-16.57,44,72,4248,0.0535,-0.013,-0.002,-0.098,-1.65,-4.39,400,-155,-1367,0,0,5094,0.0687,0.012,-0.001,-0.099,-1.32,-4.71,413,-141,-1250,0,0,4733,0.0884,-0.019,0.082,-0.018,-0.85,-5.18,475,4233,-610,0,0,5942,0.1036,0.006,0.052,-0.048,-1.16,-4.87,476,3969,-1209,0,0
44.16,3,2061.5,493.63,-0.09,2836.84,49.6,0.64,-0.4,-0.09,1.0,0.0,1.0,1,6383,251.7,1.39,-0.78,-0.6,-16.85,45,73,4235,0.0533,-0.009,-0.001,-0.099,-1.72,-4.31,402,-56,-1407,0,0,5117,0.069,0.012,-0.001,-0.099,-1.33,-4.71,416,-57,-1291,0,0,4707,0.088,-0.019,0.09,-0.01,-0.87,-5.16,441,4226,-631,0,0,5952,0.1036,0.002,0.061,-0.039,-1.08,-4.95,442,4108,-1224,0,0
44.18,3,2061.8,493.71,-0.09,2837.11,50.0,0.64,-0.41,-0.09,1.0,0.0,1.0,1,6505,279.2,1.54,-0.78,-0.61,-17.19,46,75,4219,0.0531,-0.012,0.002,-0.098,-1.74,-4.29,407,-38,-1440,0,0,5121,0.0692,0.012,-0.003,-0.097,-1.4,-4.63,420,-140,-1323,0,0,4675,0.0875,-0.023,0.099,-0.001,-0.9,-5.13,489,4251,-640,0,0,5939,0.1036,0.001,0.066,-0.034,-1.26,-4.77,490,4106,-1274,0,0
44.2,3,2062.0,493.78,-0.09,2837.38,50.5,0.66,-0.41,-0.09,1.0,0.0,1.0,1,6599,296.5,1.65,-0.78,-0.63,-17.58,47,76,4222,0.0528,-0.012,0.001,-0.099,-1.81,-4.22,411,-51,-1465,0,0,5109,0.0694,0.01,-0.003,-0.097,-1.43,-4.6,424,-167,-1358,0,0,4673,0.0871,-0.022,0.093,-0.007,-0.94,-5.09,492,4227,-663,0,0,5922,0.1036,0.0,0.061,-0.039,-1.31,-4.72,493,3984,-1294,0,0
44.22,3,2062.3,493.85,-0.09,2837.65,51.0,0.65,-0.43,-0.09,1.0,0.0,1.0,1,6689,308.8,1.73,-0.77,-0.65,-17.92,47,77,4188,0.0526,-0.012,0.0,-0.1,-1.73,-4.3,415,-111,-1475,0,0,5126,0.0696,0.01,-0.004,-0.096,-1.47,-4.56,427,-131,-1399,0,0,4672,0.0867,-0.021,0.097,-0.003,-0.98,-5.05,496,4254,-695,0,0,5965,0.1037,0.001,0.061,-0.039,-1.32,-4.71,497,4072,-1355,0,0
44.24,3,2062.6,493.92,-0.09,2837.93,51.4,0.65,-0.44,-0.09,1.0,0.0,1.0,1,6791,317.3,1.79,-0.77,-0.67,-18.27,48,79,4161,0.0523,-0.015,-0.002,-0.098,-1.91,-4.12,418,-113,-1502,0,0,5167,0.0699,0.013,-0.002,-0.098,-1.48,-4.55,432,-104,-1452,0,0,4630,0.0863,-0.02,0.095,-0.005,-1.04,-5.0,500,4216,-704,0,0,6002,0.1038,0.008,0.063,-0.037,-1.36,-4.67,501,4095,-1397,0,0
44.26,3,2062.9,493.99,-0.09,2838.21,51.9,0.65,-0.45,-0.09,1.0,0.0,1.0,1,6902,322.4,1.84,-0.76,-0.7,-18.62,49,80,4144,0.052,-0.016,-0.002,-0.098,-1.97,-4.07,421,-90,-1532,0,0,5183,0.0702,0.017,-0.001,-0.099,-1.46,-4.58,436,-104,-1474,0,0,4608,0.0858,-0.024,0.096,-0.004,-1.07,-4.96,505,4194,-735,0,0,6033,0.104,0.009,0.062,-0.038,-1.37,-4.66,505,4085,-1432,0,0
44.28,3,2063.2,494.06,-0.09,2838.49,52.3,0.65,-0.46,-0.09,1.0,0.0,1.0,1,7020,324.9,1.88,-0.76,-0.72,-18.95,50,82,4133,0.0517,-0.016,-0.002,-0.098,-2.01,-4.02,425,-115,-1559,0,0,5196,0.0705,0.015,0.0,-0.1,-1.52,-4.51,441,-115,-1511,0,0,4592,0.0853,-0.026,0.097,-0.003,-1.13,-4.9,509,4202,-759,0,0,6049,0.1041,0.005,0.061,-0.039,-1.44,-4.6,509,4088,-1482,0,0
44.3,3,2063.5,494.13,-0.09,2838.78,52.8,0.65,-0.47,-0.09,1.0,0.0,1.0,1,7107,326.8,1.91,-0.76,-0.74,-19.31,51,83,4127,0.0514,-0.014,-0.001,-0.099,-2.04,-3.99,429,-78,-1582,0,0,5202,0.0708,0.014,-0.003,-0.097,-1.61,-4.42,444,-137,-1549,0,0,4579,0.0848,-0.024,0.097,-0.003,-1.16,-4.87,513,4191,-787,0,0,6057,0.1042,0.004,0.061,-0.039,-1.44,-4.59,513,4112,-1516,0,0
44.32,3,2063.8,494.2,-0.09,2839.07,53.3,0.65,-0.48,-0.09,1.0,0.0,1.0,1,7174,328.1,1.93,-0.75,-0.76,-19.61,52,85,4113,0.0511,-0.014,-0.002,-0.098,-2.08,-3.95,432,-97,-1594,0,0,5219,0.0711,0.014,0.002,-0.098,-1.57,-4.46,448,-91,-1586,0,0,4561,0.0843,-0.023,0.1,0.0,-1.2,-4.83,518,4186,-809,0,0,6078,0.1043,0.005,0.062,-0.038,-1.52,-4.51,518,4088,-1584,0,0
44.34,3,2064.1,494.26,-0.09,2839.36,53.7,0.65,-0.5,-0.09,1.0,0.0,1.0,1,7240,328.5,1.95,-0.75,-0.78,-19.9,53,86,4099,0.0508,-0.015,-0.002,-0.098,-2.14,-3.89,436,-123,-1627,0,0,5226,0.0713,0.014,-0.001,-0.099,-1.69,-4.34,452,-117,-1640,0,0,4558,0.0839,-0.022,0.097,-0.003,-1.25,-4.78,522,4180,-836,0,0,6114,0.1044,0.007,0.063,-0.037,-1.56,-4.47,522,4096,-1635,0,0
44.36,3,2064.4,494.33,-0.09,2839.65,54.3,0.77,-0.48,-0.09,1.0,0.0,1.0,1,7474,319.6,1.96,-0.75,-0.8,-20.81,54,88,4061,0.0505,-0.016,-0.001,-0.099,-2.14,-3.89,440,-120,-1641,0,0,5171,0.0715,0.011,-0.002,-0.098,-1.68,-4.35,456,-104,-1632,0,0,4616,0.0836,-0.016,0.007,-0.093,-1.25,-4.78,482,4501,-764,0,0,6184,0.1046,0.01,-0.039,-0.061,-1.69,-4.34,481,4801,-1616,0,0
44.38,3,2064.7,494.39,-0.09,2839.95,54.8,0.78,-0.49,-0.09,0.5,0.0,1.0,1,7545,313.6,1.97,-0.76,-0.81,-21.67,55,90,4035,0.0501,-0.02,-0.003,-0.097,-2.21,-3.82,445,-131,-1659,0,0,5144,0.0715,-0.001,-0.001,-0.099,-1.76,-4.27,462,-118,-1668,0,0,4627,0.0835,-0.004,0.157,0.057,-1.44,-4.59,554,4623,-729,0,0,6238,0.1049,0.015,0.107,0.007,-1.81,-4.22,550,5506,-1534,0,0
44.4,3,2065.0,494.45,-0.09,2840.25,55.4,0.83,-0.5,-0.09,0.5,0.0,0.91,1,7680,195.1,1.81,-0.77,-0.83,-22.76,56,92,3988,0.0496,-0.021,0.001,-0.099,-2.15,-3.88,449,-115,-1660,0,0,5113,0.0714,-0.004,-0.002,-0.098,-1.79,-4.24,467,-103,-1693,0,0,4634,0.0834,-0.004,0.236,0.136,-1.67,-4.37,482,4647,-763,0,0,6298,0.1052,0.013,0.182,0.082,-1.94,-4.09,477,5664,-1611,0,0
44.42,3,2065.3,494.51,-0.09,2840.56,56.0,0.79,-0.53,-0.09,1.0,0.0,0.78,1,7526,167.5,1.58,-0.77,-0.85,-23.36,57,93,3953,0.0491,-0.025,-0.003,-0.097,-2.23,-3.8,453,-131,-1661,0,0,5109,0.0713,-0.006,-0.003,-0.097,-1.8,-4.23,471,-138,-1722,0,0,4623,0.0833,-0.004,0.009,-0.091,-1.76,-4.27,485,4411,-1044,0,0,6356,0.1055,0.015,-0.036,-0.064,-1.96,-4.08,484,4467,-2091,0,0
44.44,3,2065.6,494.57,-0.09,2840.86,56.4,0.68,-0.58,-0.09,1.0,0.0,0.64,1,7414,255.2,1.57,-0.77,-0.87,-23.18,59,95,3948,0.0487,-0.024,-0.003,-0.097,-2.26,-3.78,458,-144,-1674,0,0,5211,0.0715,0.008,-0.001,-0.099,-1.84,-4.19,475,-72,-1785,0,0,4501,0.0828,-0.023,0.121,0.021,-1.79,-4.24,514,4335,-1019,0,0,6352,0.1057,0.01,0.072,-0.028,-2.08,-3.95,510,4890,-2051,0,0
44.46,3,2065.9,494.63,-0.09,2841.17,56.9,0.71,-0.58,-0.09,1.0,0.0,0.51,1,7499,271.0,1.67,-0.77,-0.9,-23.24,60,97,3926,0.0482,-0.022,-0.001,-0.099,-2.28,-3.75,461,-133,-1685,0,0,5245,0.0718,0.016,-0.002,-0.098,-1.88,-4.15,480,-121,-1819,0,0,4462,0.0822,-0.031,0.127,0.027,-1.79,-4.24,521,4338,-993,0,0,6380,0.1058,0.008,0.072,-0.028,-2.12,-3.91,516,4952,-2086,0,0
44.48,3,2066.2,494.68,-0.09,2841.49,57.5,0.75,-0.58,-0.09,1.0,0.0,0.38,1,7564,279.2,1.75,-0.77,-0.92,-23.49,61,98,3916,0.0478,-0.021,-0.002,-0.098,-2.31,-3.72,466,-165,-1690,0,0,5234,0.072,0.011,0.0,-0.1,-1.9,-4.13,485,-168,-1841,0,0,4472,0.0818,-0.024,0.125,0.025,-1.88,-4.15,526,4373,-985,0,0,6412,0.106,0.008,0.073,-0.027,-2.15,-3.88,521,5049,-2101,0,0
44.5,3,2066.6,494.73,-0.09,2841.81,57.9,0.65,-0.62,-0.09,1.0,0.0,0.24,1,7659,278.6,1.81,-0.76,-0.95,-23.15,62,100,3933,0.0474,-0.018,-0.003,-0.097,-2.38,-3.65,469,-105,-1734,0,0,5279,0.0722,0.011,-0.002,-0.098,-1.97,-4.06,488,-158,-1907,0,0,4420,0.0813,-0.023,0.064,-0.036,-1.78,-4.25,500,3764,-1291,0,0,6397,0.1061,0.006,0.031,-0.069,-2.19,-3.84,504,3277,-2422,0,0
44.52,3,2066.9,494.79,-0.09,2842.12,58.1,0.32,-0.67,-0.09,1.0,0.0,0.11,1,7694,-181.2,1.85,-0.74,-0.98,-22.1,64,101,4025,0.0473,-0.008,-0.002,-0.098,-2.47,-3.56,472,-97,-1815,0,0,5484,0.0729,0.033,-0.001,-0.099,-2.02,-4.01,489,-63,-2010,0,0,4208,0.0803,-0.051,0.03,-0.07,-1.76,-4.27,487,2145,-1387,0,0,6252,0.1059,-0.01,0.014,-0.086,-2.01,-4.02,494,1461,-2395,0,0
44.54,3,2067.2,494.83,-0.09,2842.44,58.2,0.01,-0.67,-0.09,1.0,0.0,0.04,2,7694,-181.2,1.89,-0.69,-1.02,-21.43,66,101,4183,0.0476,0.016,-0.002,-0.098,-2.47,-3.57,472,-32,-1901,0,0,5727,0.0742,0.065,-0.001,-0.099,-1.93,-4.1,489,-56,-2119,0,0,3982,0.0786,-0.086,-0.001,-0.099,-1.65,-4.38,475,288,-1301,0,0,5985,0.1052,-0.036,0.0,-0.1,-1.89,-4.14,489,-203,-2193,0,0
44.56,3,2067.5,494.88,-0.09,2842.76,58.2,0.09,-0.65,-0.09,1.0,0.0,0.34,2,7711,-181.2,1.92,-0.64,-1.05,-21.3,67,101,4270,0.0483,0.036,-0.001,-0.099,-2.44,-3.59,473,-73,-1937,0,0,5862,0.076,0.088,-0.002,-0.098,-1.96,-4.07,489,-110,-2150,0,0,3886,0.0764,-0.106,0.06,-0.04,-1.6,-4.43,503,2608,-1127,0,0,5765,0.1041,-0.054,0.034,-0.066,-1.89,-4.14,507,2205,-2021,0,0
44.58,3,2067.9,494.92,-0.09,2843.09,58.5,0.46,-0.62,-0.09,1.0,0.0,0.64,2,7499,315.8,1.94,-0.6,-1.09,-21.68,69,102,4193,0.0487,0.02,0.001,-0.099,-2.37,-3.66,475,-53,-1886,0,0,5810,0.0773,0.068,0.0,-0.1,-1.94,-4.1,492,-87,-2121,0,0,3970,0.0749,-0.076,0.134,0.034,-1.54,-4.49,544,3795,-874,0,0,5780,0.1035,-0.029,0.089,-0.011,-1.91,-4.13,540,4482,-1756,0,0
44.6,3,2068.2,494.96,-0.09,2843.41,59.1,0.76,-0.54,-0.09,0.5,0.0,0.94,2,7063,336.8,1.95,-0.59,-1.1,-23.29,70,104,4107,0.0487,-0.002,-0.003,-0.097,-2.48,-3.55,479,-131,-1864,0,0,5587,0.0779,0.031,-0.002,-0.098,-2.0,-4.03,496,-146,-2058,0,0,4218,0.0743,-0.03,0.272,0.172,-1.85,-4.19,622,4294,-551,0,0,5913,0.1036,0.002,0.207,0.107,-2.04,-3.99,612,5767,-1174,0,0
44.62,3,2068.5,495.0,-0.09,2843.74,59.7,0.84,-0.44,-0.09,0.5,0.0,1.0,2,6359,242.2,1.8,-0.6,-1.09,-26.27,71,106,4091,0.0486,-0.006,-0.002,-0.098,-2.46,-3.57,483,-81,-1898,0,0,5336,0.0777,-0.013,-0.003,-0.097,-2.04,-3.99,503,-162,-2038,0,0,4472,0.0747,0.021,0.554,0.454,-2.27,-3.76,763,4400,-303,0,0,6009,0.1038,0.014,0.469,0.369,-2.55,-3.48,753,5811,-546,0,0
44.64,3,2068.9,495.04,-0.09,2844.07,60.3,0.84,-0.4,-0.09,0.5,0.0,1.0,2,6361,208.8,1.57,-0.62,-1.07,-29.64,72,108,4101,0.0486,0.001,0.001,-0.099,-2.55,-3.48,486,-79,-1942,0,0,5165,0.0769,-0.039,-0.003,-0.097,-2.14,-3.89,509,-162,-2046,0,0,4637,0.0757,0.051,0.586,0.486,-2.89,-3.14,720,4506,-342,0,0,6058,0.1041,0.012,0.497,0.397,-3.12,-2.91,709,5797,-570,0,0
44.66,3,2069.2,495.08,-0.09,2844.41,60.8,0.85,-0.44,-0.08,0.5,0.0,1.0,2,5948,188.0,1.41,-0.65,-1.04,-32.69,73,110,4056,0.0485,-0.003,-0.003,-0.097,-2.57,-3.46,490,-102,-1934,0,0,5076,0.076,-0.045,-0.002,-0.098,-2.17,-3.86,516,-183,-2038,0,0,4735,0.0769,0.056,0.41,0.31,-3.48,-2.56,704,4632,-526,0,0,6163,0.1043,0.015,0.321,0.221,-3.67,-2.36,695,5925,-897,0,0
44.68,3,2069.5,495.12,-0.09,2844.75,61.5,0.87,-0.48,-0.07,0.5,0.0,1.0,2,5685,174.8,1.31,-0.67,-1.02,-35.22,73,112,4009,0.0483,-0.012,-0.003,-0.097,-2.49,-3.54,494,-135,-1885,0,0,5033,0.0752,-0.042,-0.002,-0.098,-2.11,-3.92,522,-170,-2003,0,0,4764,0.0779,0.054,0.383,0.283,-4.04,-1.99,696,4663,-718,0,0,6270,0.1048,0.024,0.292,0.192,-4.15,-1.88,686,5996,-1252,0,0
44.7,3,2069.9,495.16,-0.09,2845.09,62.1,0.87,-0.56,-0.06,0.5,0.0,1.0,2,5296,165.3,1.24,-0.7,-1.02,-36.7,74,115,3919,0.0479,-0.019,-0.003,-0.097,-2.42,-3.61,498,-150,-1805,0,0,5054,0.0745,-0.035,-0.002,-0.098,-2.05,-3.99,527,-154,-1953,0,0,4730,0.0788,0.043,0.231,0.131,-4.34,-1.69,626,4611,-1140,0,0,6416,0.1054,0.027,0.145,0.045,-4.52,-1.52,617,5896,-2198,0,0
44.72,3,2070.2,495.19,-0.09,2845.44,62.6,0.84,-0.67,-0.05,1.0,0.0,1.0,2,5042,157.1,1.19,-0.72,-1.03,-36.68,75,117,3812,0.0473,-0.032,-0.003,-0.097,-2.31,-3.72,503,-155,-1685,0,0,5135,0.0741,-0.019,-0.002,-0.098,-1.93,-4.1,531,-77,-1904,0,0,4635,0.0792,0.021,0.123,0.023,-4.74,-1.29,579,4403,-1578,0,0,6582,0.1061,0.034,0.044,-0.056,-4.77,-1.26,571,5385,-3220,0,0
44.74,3,2070.6,495.22,-0.09,2845.79,63.1,0.69,-0.83,-0.05,1.0,0.0,1.0,2,4786,241.6,1.29,-0.73,-1.08,-34.15,76,119,3685,0.0463,-0.046,-0.002,-0.098,-2.18,-3.85,507,-145,-1570,0,0,5356,0.0742,0.007,-0.003,-0.097,-1.85,-4.18,534,-104,-1900,0,0,4391,0.079,-0.012,0.099,-0.001,-4.67,-1.36,577,3725,-2218,0,0,6755,0.1069,0.041,0.042,-0.058,-4.81,-1.22,576,3697,-4345,0,0
44.76,3,2070.9,495.25,-0.09,2846.14,63.5,0.58,-0.88,-0.04,1.0,0.0,1.0,2,4700,275.6,1.46,-0.73,-1.14,-30.7,78,120,3655,0.0454,-0.049,0.0,-0.1,-2.12,-3.91,512,-86,-1503,0,0,5541,0.0751,0.041,-0.001,-0.099,-1.84,-4.19,536,-74,-1915,0,0,4177,0.0779,-0.055,0.106,0.006,-4.4,-1.63,566,3471,-2171,0,0,6822,0.1076,0.035,0.054,-0.046,-4.57,-1.46,564,3700,-4319,0,0
44.78,3,2071.3,495.27,-0.09,2846.49,63.8,0.53,-0.88,-0.04,1.0,0.0,1.0,2,4673,301.8,1.59,-0.71,-1.2,-27.19,80,121,3667,0.0446,-0.038,-0.001,-0.099,-2.16,-3.87,516,-116,-1508,0,0,5658,0.0761,0.051,-0.002,-0.098,-1.84,-4.19,538,-47,-1937,0,0,4023,0.0764,-0.073,0.089,-0.011,-4.1,-1.93,564,3232,-2132,0,0,6803,0.1079,0.017,0.044,-0.056,-4.3,-1.73,562,3310,-4294,0,0
44.8,3,2071.6,495.29,-0.09,2846.85,64.1,0.45,-0.88,-0.04,1.0,0.0,1.0,2,4853,323.4,1.68,-0.69,-1.26,-23.72,82,122,3712,0.044,-0.028,-0.001,-0.099,-2.22,-3.81,520,-97,-1561,0,0,5764,0.0772,0.055,0.0,-0.1,-1.92,-4.11,538,-29,-2031,0,0,3878,0.0747,-0.084,0.058,-0.042,-3.71,-2.32,571,3040,-2031,0,0,6704,0.1079,0.0,0.016,-0.084,-3.94,-2.09,569,3307,-4053,0,0
44.82,3,2072.0,495.3,-0.09,2847.21,64.5,0.57,-0.82,-0.05,1.0,0.0,1.0,2,4725,337.7,1.76,-0.67,-1.31,-21.47,84,124,3750,0.0437,-0.016,-0.003,-0.097,-2.37,-3.66,524,-101,-1633,0,0,5743,0.0782,0.051,-0.003,-0.097,-2.11,-3.92,540,-108,-2142,0,0,3880,0.0731,-0.081,0.089,-0.011,-3.42,-2.61,572,3255,-1824,0,0,6610,0.1076,-0.013,0.047,-0.053,-3.66,-2.37,568,3587,-3755,0,0
44.84,3,2072.4,495.31,-0.09,2847.57,64.9,0.55,-0.82,-0.05,1.0,0.0,1.0,2,4785,349.8,1.82,-0.64,-1.35,-19.64,86,125,3761,0.0434,-0.013,0.0,-0.1,-2.59,-3.45,528,-87,-1765,0,0,5758,0.079,0.04,-0.001,-0.099,-2.29,-3.74,543,-101,-2323,0,0,3855,0.0718,-0.067,0.094,-0.006,-3.12,-2.91,580,3328,-1671,0,0,6542,0.1073,-0.014,0.055,-0.045,-3.3,-2.73,574,3918,-3461,0,0
44.86,3,2072.7,495.32,-0.09,2847.93,65.2,0.56,-0.81,-0.06,1.0,0.0,1.0,2,4849,359.3,1.86,-0.62,-1.38,-18.5,88,127,3777,0.0432,-0.011,-0.001,-0.099,-2.83,-3.2,531,-96,-1885,0,0,5762,0.0797,0.035,-0.002,-0.098,-2.47,-3.56,546,-113,-2489,0,0,3859,0.0706,-0.06,0.104,0.004,-2.66,-3.38,588,3394,-1555,0,0,6492,0.1071,-0.013,0.063,-0.037,-3.18,-2.85,581,4145,-3213,0,0
44.88,3,2073.1,495.32,-0.09,2848.29,65.7,0.63,-0.79,-0.07,1.0,0.0,1.0,2,5155,368.7,1.89,-0.61,-1.41,-18.28,89,128,3759,0.043,-0.01,-0.002,-0.098,-3.06,-2.97,535,-129,-2009,0,0,5717,0.0803,0.03,-0.002,-0.098,-2.66,-3.38,549,-132,-2646,0,0,3906,0.0696,-0.05,0.082,-0.018,-2.73,-3.3,596,3679,-1325,0,0,6484,0.1069,-0.01,0.035,-0.065,-2.96,-3.07,587,4938,-2821,0,0
44.9,3,2073.5,495.33,-0.09,2848.66,66.2,0.75,-0.74,-0.08,0.5,0.0,1.0,2,5260,374.8,1.92,-0.6,-1.43,-19.46,91,130,3757,0.0428,-0.013,-0.002,-0.098,-3.29,-2.75,539,-95,-2123,0,0,5610,0.0805,0.012,0.0,-0.1,-2.82,-3.21,554,-120,-2733,0,0,4023,0.0691,-0.027,0.16,0.06,-2.61,-3.42,640,3979,-1065,0,0,6502,0.1068,-0.002,0.106,0.006,-2.85,-3.19,628,5592,-2434,0,0
44.92,3,2073.8,495.33,-0.09,2849.03,66.7,0.82,-0.69,-0.08,0.5,0.0,1.0,2,5559,247.7,1.78,-0.61,-1.43,-21.73,92,133,3737,0.0425,-0.012,-0.003,-0.097,-3.46,-2.57,542,-105,-2219,0,0,5470,0.0804,-0.009,-0.002,-0.098,-3.04,-3.0,559,-137,-2832,0,0,4143,0.069,-0.003,0.161,0.061,-2.89,-3.15,643,4154,-879,0,0,6521,0.1069,0.0,0.1,0.0,-2.94,-3.09,627,6078,-1944,0,0
44.94,3,2074.2,495.32,-0.09,2849.4,67.3,0.81,-0.73,-0.09,1.0,0.0,1.0,2,5231,213.1,1.55,-0.62,-1.43,-23.85,93,135,3702,0.0423,-0.013,-0.002,-0.098,-3.61,-2.42,546,-98,-2282,0,0,5409,0.0799,-0.023,0.001,-0.099,-3.05,-2.98,565,-115,-2913,0,0,4194,0.0693,0.014,0.111,0.011,-3.04,-3.0,622,4086,-1243,0,0,6563,0.1069,0.004,0.053,-0.047,-3.27,-2.76,612,5295,-2796,0,0
44.96,3,2074.6,495.32,-0.09,2849.78,67.8,0.71,-0.85,-0.09,0.5,0.0,1.0,2,5288,298.4,1.56,-0.62,-1.45,-24.57,94,137,3635,0.0418,-0.022,-0.002,-0.098,-3.73,-2.3,549,-109,-2298,0,0,5545,0.0798,-0.006,-0.001,-0.099,-3.24,-2.79,569,-132,-3044,0,0,4098,0.0693,-0.001,0.165,0.065,-3.01,-3.02,592,3870,-1419,0,0,6685,0.1072,0.015,0.121,0.021,-3.2,-2.83,584,5070,-3034,0,0
44.98,3,2075.0,495.31,-0.09,2850.16,68.2,0.61,-0.91,-0.09,1.0,0.0,1.0,2,5146,207.6,1.53,-0.62,-1.49,-24.67,95,138,3600,0.0413,-0.028,0.0,-0.1,-3.71,-2.32,553,-81,-2298,0,0,5667,0.0801,0.019,-0.001,-0.099,-3.28,-2.76,573,-119,-3164,0,0,3982,0.0688,-0.025,0.126,0.026,-2.99,-3.04,576,3525,-1577,0,0,6761,0.1077,0.021,0.085,-0.015,-3.25,-2.78,572,4176,-3365,0,0
45.0,3,2075.3,495.29,-0.09,2850.54,68.5,0.5,-0.94,-0.09,1.0,0.0,1.0,2,5168,293.8,1.54,-0.61,-1.53,-24.45,96,140,3598,0.0408,-0.023,-0.001,-0.099,-3.77,-2.26,555,-66,-2315,0,0,5776,0.0809,0.036,-0.002,-0.098,-3.31,-2.72,575,-144,-3263,0,0,3860,0.0679,-0.047,0.115,0.015,-2.89,-3.15,641,3348,-1562,0,0,6769,0.1079,0.012,0.074,-0.026,-3.13,-2.9,638,3992,-3322,0,0
45.02,3,2075.7,495.27,-0.08,2850.92,68.9,0.59,-0.91,-0.1,1.0,0.0,1.0,2,5242,317.7,1.65,-0.6,-1.56,-24.92,98,141,3615,0.0405,-0.017,-0.001,-0.099,-3.81,-2.22,559,-92,-2351,0,0,5804,0.0816,0.036,-0.003,-0.097,-3.31,-2.72,578,-144,-3269,0,0,3831,0.0669,-0.049,0.053,-0.047,-2.87,-3.17,608,3411,-1488,0,0,6763,0.108,0.005,0.006,-0.094,-3.12,-2.91,603,4009,-3293,0,0
45.04,3,2076.1,495.25,-0.08,2851.31,69.4,0.62,-0.89,-0.1,1.0,0.0,1.0,2,5430,336.5,1.73,-0.59,-1.59,-25.73,100,143,3616,0.0402,-0.014,-0.003,-0.097,-3.8,-2.23,562,-100,-2363,0,0,5793,0.0822,0.029,-0.002,-0.098,-3.25,-2.78,582,-138,-3265,0,0,3836,0.0661,-0.041,0.092,-0.008,-2.86,-3.17,630,3661,-1273,0,0,6760,0.108,0.003,0.033,-0.067,-3.14,-2.89,620,5022,-2999,0,0
45.06,3,2076.5,495.23,-0.08,2851.69,69.8,0.7,-0.86,-0.1,1.0,0.0,1.0,2,5264,348.6,1.79,-0.58,-1.61,-27.13,102,145,3608,0.0399,-0.013,-0.001,-0.099,-3.8,-2.23,565,-87,-2359,0,0,5726,0.0825,0.015,-0.002,-0.098,-3.34,-2.69,587,-150,-3250,0,0,3885,0.0656,-0.025,0.132,0.032,-2.97,-3.06,639,3758,-1229,0,0,6760,0.1081,0.002,0.066,-0.034,-3.26,-2.77,626,5036,-3047,0,0
45.08,3,2076.9,495.2,-0.08,2852.08,70.2,0.61,-0.91,-0.09,1.0,0.0,1.0,2,5145,357.8,1.84,-0.57,-1.64,-27.57,103,147,3604,0.0397,-0.013,-0.002,-0.098,-3.83,-2.2,568,-70,-2349,0,0,5773,0.0827,0.01,0.001,-0.099,-3.23,-2.8,590,-72,-3262,0,0,3840,0.0651,-0.021,0.088,-0.012,-3.03,-3.0,622,3342,-1592,0,0,6767,0.1081,0.002,0.044,-0.056,-3.32,-2.72,619,3651,-3496,0,0
45.1,3,2077.3,495.17,-0.08,2852.47,70.6,0.53,-0.93,-0.09,1.0,0.0,1.0,2,5262,366.4,1.88,-0.56,-1.66,-27.57,105,148,3619,0.0394,-0.011,0.001,-0.099,-3.72,-2.31,572,-79,-2347,0,0,5830,0.0831,0.024,-0.002,-0.098,-3.2,-2.84,593,-106,-3276,0,0,3782,0.0644,-0.037,0.11,0.01,-3.06,-2.97,638,3394,-1497,0,0,6736,0.1081,-0.001,0.063,-0.037,-3.24,-2.79,631,4208,-3345,0,0
45.12,3,2077.7,495.13,-0.08,2852.87,71.0,0.61,-0.9,-0.09,1.0,0.0,1.0,2,5578,371.7,1.91,-0.55,-1.68,-28.11,107,150,3614,0.0393,-0.008,-0.002,-0.098,-3.74,-2.29,575,-118,-2327,0,0,5807,0.0836,0.024,-0.001,-0.099,-3.22,-2.81,597,-97,-3243,0,0,3796,0.0637,-0.035,0.097,-0.003,-3.11,-2.92,648,3594,-1340,0,0,6724,0.108,-0.003,0.037,-0.063,-3.27,-2.76,638,4917,-3136,0,0
45.14,3,2078.1,495.09,-0.08,2853.26,71.5,0.73,-0.84,-0.09,0.5,0.0,1.0,2,5534,377.7,1.93,-0.55,-1.69,-29.57,108,152,3626,0.0391,-0.007,-0.002,-0.098,-3.7,-2.33,578,-114,-2309,0,0,5698,0.0837,0.005,-0.002,-0.098,-3.21,-2.83,602,-162,-3165,0,0,3895,0.0634,-0.015,0.163,0.063,-3.33,-2.7,674,3821,-1163,0,0,6706,0.108,-0.003,0.093,-0.007,-3.46,-2.57,657,5525,-2854,0,0
45.16,3,2078.5,495.05,-0.08,2853.66,72.0,0.71,-0.86,-0.08,0.5,0.0,1.0,2,5604,249.7,1.78,-0.55,-1.69,-30.49,110,154,3615,0.039,-0.005,-0.003,-0.097,-3.59,-2.44,582,-122,-2279,0,0,5672,0.0835,-0.01,-0.001,-0.099,-3.15,-2.88,606,-142,-3116,0,0,3921,0.0635,0.003,0.165,0.065,-3.46,-2.57,629,3721,-1412,0,0,6716,0.1079,-0.002,0.107,0.007,-3.71,-2.32,619,4981,-3276,0,0
45.18,3,2078.9,495.0,-0.08,2854.06,72.4,0.59,-0.93,-0.08,1.0,0.0,1.0,2,5502,214.6,1.56,-0.55,-1.7,-30.16,111,156,3608,0.0389,-0.007,-0.003,-0.097,-3.51,-2.52,585,-106,-2240,0,0,5747,0.0836,0.005,-0.002,-0.098,-3.09,-2.94,609,-120,-3112,0,0,3859,0.0633,-0.01,0.139,0.039,-3.5,-2.53,620,3439,-1656,0,0,6733,0.108,0.003,0.089,-0.011,-3.73,-2.31,615,4194,-3635,0,0
45.2,3,2079.3,494.95,-0.08,2854.46,72.7,0.5,-0.96,-0.07,1.0,0.0,1.0,2,5291,299.8,1.56,-0.54,-1.72,-29.2,113,157,3599,0.0387,-0.008,-0.003,-0.097,-3.45,-2.58,588,-112,-2200,0,0,5824,0.084,0.018,-0.003,-0.097,-3.0,-3.03,611,-132,-3084,0,0,3781,0.0628,-0.025,0.081,-0.019,-3.52,-2.51,639,3059,-1837,0,0,6730,0.108,0.001,0.038,-0.062,-3.73,-2.3,637,3155,-3869,0,0
45.22,3,2079.7,494.89,-0.08,2854.86,73.0,0.43,-0.96,-0.07,1.0,0.0,1.0,2,5500,322.0,1.66,-0.53,-1.74,-27.97,115,158,3645,0.0387,-0.003,-0.001,-0.099,-3.35,-2.68,591,-76,-2183,0,0,5915,0.0846,0.028,-0.003,-0.097,-2.87,-3.16,613,-114,-3046,0,0,3703,0.062,-0.037,0.06,-0.04,-3.23,-2.8,649,3014,-1774,0,0,6671,0.1079,-0.005,0.016,-0.084,-3.67,-2.37,646,3420,-3747,0,0
45.24,3,2080.1,494.83,-0.08,2855.26,73.4,0.54,-0.91,-0.07,1.0,0.0,1.0,2,5453,339.3,1.74,-0.51,-1.76,-27.4,117,160,3662,0.0387,0.003,-0.002,-0.098,-3.23,-2.8,595,-111,-2151,0,0,5896,0.0851,0.027,-0.001,-0.099,-2.83,-3.2,616,-95,-2980,0,0,3728,0.0614,-0.033,0.107,0.007,-3.43,-2.61,660,3300,-1606,0,0,6637,0.1077,-0.009,0.058,-0.042,-3.55,-2.48,653,4081,-3539,0,0
45.26,3,2080.5,494.77,-0.08,2855.67,73.7,0.56,-0.9,-0.07,1.0,0.0,1.0,2,5494,352.3,1.8,-0.51,-1.77,-26.8,118,162,3663,0.0388,0.002,-0.001,-0.099,-3.19,-2.84,598,-99,-2109,0,0,5855,0.0854,0.013,-0.001,-0.099,-2.76,-3.27,619,-91,-2908,0,0,3765,0.061,-0.017,0.108,0.008,-3.38,-2.65,665,3320,-1629,0,0,6618,0.1076,-0.007,0.062,-0.038,-3.43,-2.6,659,4136,-3486,0,0
45.28,3,2080.9,494.7,-0.08,2856.07,74.1,0.61,-0.87,-0.06,1.0,0.0,1.0,2,5824,354.5,1.85,-0.5,-1.77,-26.52,120,163,3673,0.0388,0.002,-0.002,-0.098,-3.11,-2.92,602,-107,-2100,0,0,5808,0.0855,0.007,-0.002,-0.098,-2.77,-3.26,622,-117,-2875,0,0,3823,0.0608,-0.009,0.098,-0.002,-3.43,-2.6,678,3576,-1454,0,0,6613,0.1075,-0.004,0.044,-0.056,-3.64,-2.39,668,4906,-3216,0,0
45.3,3,2081.3,494.63,-0.08,2856.48,74.6,0.71,-0.82,-0.06,1.0,0.0,1.0,2,5699,365.1,1.89,-0.51,-1.76,-26.98,121,165,3680,0.0389,0.004,-0.002,-0.098,-3.14,-2.89,605,-118,-2089,0,0,5703,0.0854,-0.007,-0.001,-0.099,-2.74,-3.29,627,-121,-2797,0,0,3935,0.061,0.009,0.142,0.042,-3.53,-2.5,692,3759,-1385,0,0,6626,0.1075,-0.002,0.084,-0.016,-3.67,-2.36,679,5150,-3135,0,0
45.32,3,2081.7,494.56,-0.08,2856.89,75.1,0.66,-0.85,-0.06,1.0,0.0,1.0,2,5565,373.9,1.91,-0.51,-1.75,-26.63,122,167,3662,0.0389,0.002,-0.002,-0.098,-3.13,-2.9,609,-99,-2060,0,0,5692,0.085,-0.016,-0.002,-0.098,-2.74,-3.29,630,-118,-2766,0,0,3950,0.0614,0.02,0.102,0.002,-3.56,-2.47,674,3478,-1738,0,0,6656,0.1075,0.003,0.057,-0.043,-3.79,-2.24,668,4070,-3648,0,0
45.34,3,2082.2,494.48,-0.08,2857.3,75.5,0.61,-0.88,-0.06,1.0,0.0,1.0,2,5920,369.6,1.93,-0.51,-1.75,-25.89,124,169,3650,0.0389,-0.002,-0.002,-0.098,-3.1,-2.93,613,-112,-2037,0,0,5701,0.0849,-0.004,-0.002,-0.098,-2.72,-3.31,633,-114,-2768,0,0,3932,0.0616,0.007,0.095,-0.005,-3.51,-2.52,689,3621,-1569,0,0,6666,0.1076,0.004,0.045,-0.055,-3.58,-2.45,680,4858,-3345,0,0
45.36,3,2082.6,494.4,-0.08,2857.72,76.0,0.74,-0.8,-0.05,0.5,0.0,1.0,2,5882,374.3,1.95,-0.52,-1.73,-26.26,125,172,3672,0.0389,0.0,-0.002,-0.098,-3.04,-2.99,617,-105,-2028,0,0,5591,0.0847,-0.014,-0.002,-0.098,-2.69,-3.34,638,-144,-2693,0,0,4035,0.0619,0.015,0.158,0.058,-3.63,-2.4,715,3889,-1351,0,0,6663,0.1076,0.001,0.098,-0.002,-3.83,-2.2,700,5443,-3022,0,0
45.38,3,2083.0,494.31,-0.08,2858.13,76.5,0.72,-0.82,-0.05,1.0,0.0,1.0,2,5858,248.0,1.8,-0.53,-1.72,-26.2,126,174,3661,0.0389,0.001,-0.003,-0.097,-3.02,-3.01,621,-120,-2012,0,0,5562,0.0841,-0.028,0.0,-0.1,-2.6,-3.43,642,-103,-2660,0,0,4062,0.0625,0.031,0.13,0.03,-3.61,-2.42,718,3724,-1651,0,0,6681,0.1077,0.002,0.081,-0.019,-3.88,-2.16,712,4712,-3489,0,0
45.4,3,2083.4,494.22,-0.08,2858.55,76.9,0.61,-0.89,-0.05,1.0,0.0,1.0,2,5740,331.9,1.73,-0.54,-1.71,-25.05,127,176,3643,0.0389,-0.002,-0.003,-0.097,-2.97,-3.06,624,-114,-1989,0,0,5637,0.0838,-0.014,-0.001,-0.099,-2.66,-3.38,645,-122,-2681,0,0,3985,0.0628,0.016,0.107,0.007,-3.63,-2.4,693,3379,-1866,0,0,6696,0.1078,0.004,0.069,-0.031,-3.84,-2.19,689,4015,-3748,0,0
45.42,3,2083.9,494.13,-0.08,2858.97,77.2,0.58,-0.9,-0.05,1.0,0.0,1.0,2,5795,344.1,1.79,-0.54,-1.72,-23.79,128,177,3663,0.0389,-0.001,-0.001,-0.099,-2.95,-3.09,628,-89,-1984,0,0,5701,0.0839,0.002,-0.001,-0.099,-2.63,-3.41,648,-129,-2680,0,0,3935,0.0628,-0.002,0.111,0.011,-3.53,-2.5,700,3295,-1857,0,0,6688,0.1078,0.001,0.074,-0.026,-3.77,-2.26,696,3932,-3724,0,0
45.44,3,2084.3,494.03,-0.08,2859.39,77.7,0.63,-0.86,-0.05,1.0,0.0,1.0,2,6073,347.7,1.84,-0.54,-1.71,-23.06,129,179,3667,0.0389,0.002,-0.002,-0.098,-2.95,-3.08,632,-117,-1975,0,0,5673,0.084,0.005,-0.002,-0.098,-2.61,-3.42,651,-150,-2664,0,0,3952,0.0627,-0.004,0.092,-0.008,-3.47,-2.56,708,3636,-1574,0,0,6676,0.1078,-0.001,0.045,-0.055,-3.65,-2.38,698,4914,-3319,0,0
45.46,3,2084.7,493.92,-0.08,2859.81,78.1,0.72,-0.81,-0.04,1.0,0.0,1.0,2,5934,358.9,1.88,-0.55,-1.7,-23.04,131,182,3691,0.039,0.004,-0.002,-0.098,-2.94,-3.09,636,-128,-1977,0,0,5595,0.0838,-0.009,-0.002,-0.098,-2.6,-3.43,654,-137,-2619,0,0,4029,0.0629,0.011,0.131,0.031,-3.49,-2.54,720,3797,-1483,0,0,6660,0.1077,-0.002,0.08,-0.02,-3.74,-2.29,707,5117,-3200,0,0
45.48,3,2085.2,493.82,-0.08,2860.24,78.6,0.66,-0.84,-0.04,1.0,0.0,1.0,2,5794,368.0,1.91,-0.55,-1.69,-22.34,132,184,3695,0.0391,0.004,-0.002,-0.098,-2.92,-3.11,640,-126,-1960,0,0,5624,0.0835,-0.016,-0.001,-0.099,-2.59,-3.44,658,-104,-2616,0,0,4015,0.0633,0.019,0.092,-0.008,-3.44,-2.6,702,3439,-1806,0,0,6666,0.1077,-0.001,0.055,-0.045,-3.68,-2.35,696,4024,-3630,0,0
45.5,3,2085.6,493.71,-0.08,2860.66,79.0,0.61,-0.86,-0.04,1.0,0.0,1.0,2,6162,363.7,1.93,-0.55,-1.68,-21.41,133,185,3693,0.0391,0.005,-0.002,-0.098,-2.91,-3.12,643,-109,-1953,0,0,5648,0.0834,-0.002,-0.002,-0.098,-2.57,-3.46,661,-133,-2640,0,0,3987,0.0634,0.004,0.089,-0.011,-3.31,-2.72,718,3646,-1585,0,0,6655,0.1077,-0.002,0.045,-0.055,-3.59,-2.44,709,4893,-3261,0,0
45.52,3,2086.0,493.59,-0.08,2861.09,79.5,0.74,-0.78,-0.04,1.0,0.0,1.0,2,6108,368.8,1.95,-0.56,-1.67,-21.71,134,188,3709,0.0392,0.003,-0.002,-0.098,-2.91,-3.12,648,-119,-1964,0,0,5562,0.0833,-0.009,-0.002,-0.098,-2.57,-3.46,665,-156,-2582,0,0,4076,0.0636,0.012,0.145,0.045,-3.33,-2.7,742,3916,-1363,0,0,6653,0.1077,-0.001,0.093,-0.007,-3.62,-2.41,727,5435,-2949,0,0
45.54,3,2086.5,493.48,-0.08,2861.52,80.0,0.75,-0.78,-0.04,1.0,0.0,1.0,2,6133,370.9,1.96,-0.56,-1.65,-21.92,135,190,3715,0.0393,0.006,-0.002,-0.098,-2.88,-3.15,652,-101,-1965,0,0,5516,0.0828,-0.021,-0.001,-0.099,-2.53,-3.5,669,-120,-2556,0,0,4118,0.0641,0.027,0.141,0.041,-3.15,-2.88,744,3924,-1426,0,0,6652,0.1076,-0.001,0.092,-0.008,-3.62,-2.41,731,5347,-3018,0,0
45.56,3,2086.9,493.35,-0.08,2861.95,80.5,0.75,-0.79,-0.04,1.0,0.0,1.0,2,6169,372.1,1.97,-0.57,-1.63,-22.0,136,193,3718,0.0394,0.005,-0.002,-0.098,-2.87,-3.16,656,-110,-1946,0,0,5485,0.0824,-0.022,-0.002,-0.098,-2.53,-3.5,674,-152,-2536,0,0,4149,0.0647,0.027,0.141,0.041,-3.36,-2.67,748,3938,-1463,0,0,6656,0.1076,0.0,0.092,-0.008,-3.68,-2.35,736,5330,-3045,0,0
45.58,3,2087.4,493.23,-0.08,2862.38,81.0,0.75,-0.79,-0.04,1.0,0.0,1.0,2,6205,372.8,1.98,-0.58,-1.61,-21.99,137,195,3718,0.0395,0.005,-0.002,-0.098,-2.82,-3.21,660,-111,-1932,0,0,5466,0.082,-0.021,-0.002,-0.098,-2.51,-3.52,678,-155,-2505,0,0,4170,0.0652,0.027,0.139,0.039,-3.41,-2.62,753,3944,-1494,0,0,6666,0.1077,0.001,0.092,-0.008,-3.7,-2.33,740,5331,-3054,0,0
45.6,3,2087.8,493.1,-0.08,2862.81,81.5,0.75,-0.79,-0.03,1.0,0.0,1.0,2,6242,373.1,1.98,-0.59,-1.6,-21.9,138,198,3712,0.0396,0.002,-0.002,-0.098,-2.77,-3.26,665,-106,-1910,0,0,5455,0.0816,-0.019,-0.002,-0.098,-2.47,-3.56,682,-159,-2464,0,0,4176,0.0657,0.024,0.138,0.038,-3.43,-2.6,757,3945,-1503,0,0,6676,0.1077,0.003,0.093,-0.007,-3.66,-2.37,744,5334,-3072,0,0
45.62,3,2088.3,492.97,-0.08,2863.25,82.0,0.69,-0.82,-0.03,1.0,0.0,1.0,2,6067,378.2,1.99,-0.6,-1.59,-21.2,139,200,3717,0.0396,0.002,-0.001,-0.099,-2.69,-3.34,669,-100,-1866,0,0,5503,0.0813,-0.015,-0.001,-0.099,-2.42,-3.61,686,-114,-2445,0,0,4139,0.0661,0.019,0.096,-0.004,-3.29,-2.74,735,3593,-1813,0,0,6684,0.1077,0.002,0.059,-0.041,-3.68,-2.35,728,4282,-3562,0,0
45.64,3,2088.7,492.83,-0.08,2863.68,82.4,0.62,-0.84,-0.03,1.0,0.0,1.0,2,6395,370.7,1.99,-0.6,-1.58,-20.02,141,202,3715,0.0397,0.002,-0.002,-0.098,-2.52,-3.51,673,-109,-1829,0,0,5572,0.0813,0.001,-0.001,-0.099,-2.36,-3.67,689,-123,-2427,0,0,4074,0.0661,0.003,0.083,-0.017,-3.3,-2.73,745,3669,-1661,0,0,6683,0.1078,0.001,0.044,-0.056,-3.47,-2.56,737,4850,-3288,0,0
45.66,3,2089.2,492.69,-0.08,2864.12,82.9,0.75,-0.76,-0.03,1.0,0.0,1.0,2,6346,372.8,1.99,-0.6,-1.57,-19.88,142,204,3744,0.0398,0.005,-0.002,-0.098,-2.56,-3.47,677,-120,-1813,0,0,5495,0.0813,-0.003,-0.001,-0.099,-2.31,-3.72,693,-127,-2337,0,0,4140,0.0663,0.006,0.138,0.038,-3.28,-2.75,770,3949,-1419,0,0,6654,0.1077,-0.002,0.093,-0.007,-3.51,-2.52,756,5437,-2923,0,0
45.68,3,2089.7,492.54,-0.08,2864.56,83.4,0.75,-0.75,-0.03,1.0,0.0,1.0,2,6373,372.6,1.99,-0.61,-1.55,-19.69,144,207,3744,0.0399,0.007,-0.002,-0.098,-2.55,-3.48,681,-110,-1789,0,0,5440,0.0809,-0.019,-0.001,-0.099,-2.23,-3.8,697,-123,-2291,0,0,4178,0.0667,0.021,0.134,0.034,-3.3,-2.73,773,3951,-1477,0,0,6630,0.1076,-0.005,0.092,-0.008,-3.51,-2.52,760,5343,-2970,0,0
45.7,3,2090.1,492.39,-0.08,2865.0,83.9,0.75,-0.74,-0.02,1.0,0.0,1.0,2,6406,372.2,2.0,-0.62,-1.54,-19.36,145,209,3737,0.04,0.005,-0.003,-0.097,-2.48,-3.55,685,-129,-1750,0,0,5411,0.0805,-0.02,-0.001,-0.099,-2.19,-3.84,701,-123,-2219,0,0,4201,0.0671,0.021,0.133,0.033,-3.29,-2.74,777,3961,-1499,0,0,6625,0.1076,-0.003,0.09,-0.01,-3.56,-2.47,764,5313,-2989,0,0
45.72,3,2090.6,492.24,-0.08,2865.45,84.4,0.75,-0.74,-0.02,1.0,0.0,1.0,2,6441,371.7,2.0,-0.62,-1.52,-18.93,146,212,3741,0.0401,0.004,-0.002,-0.098,-2.42,-3.61,690,-131,-1716,0,0,5381,0.0801,-0.021,-0.002,-0.098,-2.16,-3.88,705,-140,-2183,0,0,4226,0.0675,0.022,0.132,0.032,-3.23,-2.8,781,3983,-1502,0,0,6615,0.1075,-0.003,0.091,-0.009,-3.53,-2.5,769,5319,-2968,0,0
45.74,3,2091.1,492.08,-0.08,2865.89,84.9,0.75,-0.73,-0.02,1.0,0.0,1.0,2,6472,371.1,2.0,-0.63,-1.5,-18.43,147,215,3765,0.0402,0.005,-0.002,-0.098,-2.37,-3.66,694,-121,-1687,0,0,5359,0.0797,-0.02,-0.001,-0.099,-2.08,-3.95,709,-141,-2127,0,0,4251,0.068,0.022,0.129,0.029,-3.24,-2.79,784,3997,-1518,0,0,6592,0.1074,-0.003,0.091,-0.009,-3.48,-2.55,773,5302,-2943,0,0
45.76,3,2091.6,491.92,-0.08,2866.34,85.4,0.75,-0.72,-0.02,1.0,0.0,1.0,2,6504,370.2,2.0,-0.64,-1.48,-17.84,148,217,3777,0.0404,0.008,-0.002,-0.098,-2.29,-3.74,699,-121,-1653,0,0,5347,0.0793,-0.02,-0.002,-0.098,-2.08,-3.95,713,-149,-2073,0,0,4265,0.0684,0.024,0.127,0.027,-3.2,-2.84,788,4006,-1518,0,0,6573,0.1073,-0.005,0.089,-0.011,-3.48,-2.55,777,5283,-2931,0,0
45.78,3,2092.0,491.76,-0.08,2866.79,85.9,0.75,-0.71,-0.02,1.0,0.0,1.0,2,6534,369.0,2.0,-0.64,-1.46,-17.2,149,220,3797,0.0405,0.009,-0.002,-0.098,-2.22,-3.82,703,-125,-1621,0,0,5331,0.0789,-0.019,0.0,-0.1,-1.9,-4.14,717,-96,-2008,0,0,4286,0.0689,0.023,0.125,0.025,-2.97,-3.06,792,4027,-1508,0,0,6554,0.1073,-0.004,0.088,-0.012,-3.34,-2.69,780,5272,-2898,0,0
45.8,3,2092.5,491.59,-0.08,2867.24,86.5,0.75,-0.7,-0.01,1.0,0.0,1.0,2,6563,367.9,2.0,-0.65,-1.44,-16.49,150,222,3802,0.0407,0.009,-0.002,-0.098,-2.16,-3.87,708,-105,-1573,0,0,5317,0.0785,-0.019,-0.001,-0.099,-1.91,-4.12,721,-108,-1968,0,0,4302,0.0694,0.024,0.123,0.023,-3.05,-2.98,795,4033,-1515,0,0,6541,0.1072,-0.004,0.088,-0.012,-3.37,-2.66,784,5263,-2871,0,0
45.82,3,2093.0,491.42,-0.08,2867.69,87.0,0.75,-0.69,-0.01,1.0,0.0,1.0,2,6591,366.8,2.0,-0.66,-1.41,-15.71,151,225,3826,0.0409,0.01,-0.002,-0.098,-2.1,-3.93,713,-125,-1548,0,0,5295,0.0781,-0.019,-0.001,-0.099,-1.88,-4.16,725,-140,-1898,0,0,4326,0.0699,0.025,0.12,0.02,-2.99,-3.05,798,4045,-1519,0,0,6513,0.1071,-0.005,0.087,-0.013,-3.29,-2.74,787,5250,-2821,0,0
45.84,3,2093.5,491.24,-0.08,2868.14,87.5,0.75,-0.68,-0.01,1.0,0.0,1.0,2,6620,365.6,2.0,-0.66,-1.39,-14.89,152,228,3845,0.0412,0.013,-0.002,-0.098,-2.04,-3.99,717,-117,-1516,0,0,5288,0.0778,-0.018,-0.001,-0.099,-1.82,-4.21,729,-121,-1851,0,0,4342,0.0704,0.024,0.118,0.018,-2.91,-3.12,801,4055,-1512,0,0,6492,0.1069,-0.006,0.085,-0.015,-3.23,-2.8,791,5232,-2786,0,0
45.86,3,2094.0,491.07,-0.09,2868.6,88.0,0.75,-0.67,-0.01,1.0,0.0,1.0,2,6646,364.5,2.0,-0.67,-1.37,-14.04,153,230,3853,0.0414,0.012,-0.002,-0.098,-1.9,-4.13,722,-114,-1466,0,0,5279,0.0774,-0.017,-0.002,-0.098,-1.79,-4.24,733,-129,-1800,0,0,4356,0.0709,0.024,0.115,0.015,-2.83,-3.2,804,4064,-1498,0,0,6482,0.1069,-0.004,0.084,-0.016,-3.14,-2.89,794,5228,-2735,0,0
45.88,3,2094.5,490.88,-0.09,2869.05,88.5,0.75,-0.65,-0.01,1.0,0.0,1.0,2,6671,363.5,2.0,-0.67,-1.34,-13.16,154,233,3879,0.0417,0.014,-0.002,-0.098,-1.91,-4.12,726,-123,-1442,0,0,5260,0.0771,-0.016,-0.002,-0.098,-1.75,-4.29,737,-115,-1741,0,0,4386,0.0714,0.025,0.111,0.011,-2.7,-3.33,807,4089,-1473,0,0,6458,0.1068,-0.005,0.085,-0.015,-2.92,-3.11,797,5223,-2670,0,0
45.9,3,2095.0,490.7,-0.09,2869.51,89.0,0.75,-0.64,-0.01,1.0,0.0,1.0,2,6695,362.4,2.0,-0.68,-1.32,-12.28,155,236,3905,0.042,0.015,-0.002,-0.098,-1.81,-4.22,731,-132,-1405,0,0,5247,0.0767,-0.018,-0.001,-0.099,-1.65,-4.38,741,-127,-1688,0,0,4407,0.0719,0.026,0.109,0.009,-2.6,-3.43,810,4103,-1455,0,0,6432,0.1067,-0.006,0.081,-0.019,-2.94,-3.09,800,5195,-2611,0,0
45.92,3,2095.5,490.51,-0.09,2869.97,89.5,0.75,-0.62,-0.01,1.0,0.0,1.0,2,6719,361.4,2.0,-0.68,-1.29,-11.4,156,239,3924,0.0423,0.017,-0.002,-0.098,-1.75,-4.29,735,-129,-1376,0,0,5229,0.0764,-0.017,-0.001,-0.099,-1.63,-4.4,745,-114,-1638,0,0,4431,0.0724,0.028,0.105,0.005,-2.49,-3.54,813,4118,-1429,0,0,6408,0.1065,-0.006,0.08,-0.02,-2.78,-3.25,803,5187,-2532,0,0
45.94,3,2096.0,490.31,-0.09,2870.43,90.0,0.72,-0.61,-0.01,1.0,0.0,1.0,2,6675,363.5,2.0,-0.69,-1.27,-10.35,157,241,3957,0.0427,0.017,-0.002,-0.098,-1.75,-4.28,740,-121,-1350,0,0,5254,0.0761,-0.015,-0.001,-0.099,-1.59,-4.44,749,-124,-1591,0,0,4431,0.073,0.026,0.091,-0.009,-2.33,-3.7,807,3979,-1475,0,0,6383,0.1064,-0.006,0.068,-0.032,-2.69,-3.35,799,4858,-2581,0,0
45.96,3,2096.5,490.12,-0.09,2870.9,90.4,0.65,-0.62,-0.01,1.0,0.0,1.0,2,6564,368.8,2.0,-0.69,-1.25,-8.99,159,244,3994,0.0431,0.021,-0.002,-0.098,-1.66,-4.37,745,-117,-1317,0,0,5276,0.0759,-0.009,-0.002,-0.098,-1.5,-4.53,752,-133,-1545,0,0,4420,0.0734,0.021,0.064,-0.036,-2.16,-3.87,794,3483,-1585,0,0,6338,0.1062,-0.008,0.048,-0.052,-2.51,-3.52,790,3939,-2658,0,0
45.98,3,2097.0,489.92,-0.09,2871.36,90.8,0.56,-0.61,-0.01,1.0,0.0,1.0,2,6688,362.9,2.0,-0.68,-1.23,-7.57,160,246,4047,0.0436,0.025,-0.002,-0.098,-1.56,-4.47,748,-126,-1287,0,0,5331,0.0759,0.0,0.0,-0.1,-1.39,-4.65,755,-95,-1498,0,0,4376,0.0736,0.012,0.077,-0.023,-1.97,-4.06,808,3392,-1466,0,0,6259,0.106,-0.014,0.065,-0.035,-2.26,-3.77,804,3963,-2444,0,0
46.0,3,2097.5,489.71,-0.09,2871.82,91.3,0.65,-0.55,-0.01,1.0,0.0,1.0,2,6938,351.1,2.0,-0.68,-1.21,-6.72,162,248,4085,0.0441,0.028,-0.002,-0.098,-1.57,-4.46,752,-125,-1268,0,0,5284,0.0759,0.0,-0.002,-0.098,-1.43,-4.6,758,-135,-1460,0,0,4424,0.0738,0.011,0.053,-0.047,-1.8,-4.24,809,3939,-1214,0,0,6185,0.1056,-0.017,0.036,-0.064,-2.14,-3.89,802,4786,-2107,0,0
46.02,3,2098.0,489.51,-0.09,2872.29,91.8,0.76,-0.49,-0.01,1.0,0.0,1.0,2,7017,347.8,2.0,-0.68,-1.17,-6.54,163,251,4104,0.0447,0.028,-0.002,-0.098,-1.54,-4.49,757,-137,-1238,0,0,5172,0.0756,-0.016,-0.002,-0.098,-1.35,-4.68,762,-135,-1376,0,0,4537,0.0744,0.029,0.104,0.004,-1.68,-4.35,850,4300,-1058,0,0,6146,0.1053,-0.014,0.088,-0.012,-2.02,-4.01,844,5283,-1819,0,0
46.04,3,2098.5,489.3,-0.09,2872.76,92.4,0.84,-0.43,-0.01,0.5,0.0,1.0,2,7441,334.9,2.0,-0.69,-1.12,-6.99,164,254,4132,0.0452,0.026,-0.002,-0.098,-1.46,-4.58,761,-134,-1203,0,0,5040,0.0749,-0.034,-0.002,-0.098,-1.32,-4.71,767,-144,-1294,0,0,4681,0.0754,0.05,0.18,0.08,-1.63,-4.41,912,4707,-753,0,0,6123,0.1051,-0.01,0.163,0.063,-1.9,-4.13,904,5908,-1283,0,0
46.06,3,2099.0,489.09,-0.09,2873.23,93.0,0.87,-0.39,-0.01,0.5,0.0,0.88,2,7346,213.1,1.83,-0.71,-1.07,-7.55,164,258,4147,0.0457,0.027,-0.002,-0.098,-1.42,-4.61,766,-138,-1164,0,0,4931,0.074,-0.047,-0.002,-0.098,-1.22,-4.81,772,-151,-1212,0,0,4799,0.0768,0.067,0.151,0.051,-1.64,-4.4,891,4813,-773,0,0,6120,0.105,-0.007,0.131,0.031,-1.93,-4.1,883,5883,-1314,0,0
46.08,3,2099.5,488.87,-0.09,2873.71,93.6,0.87,-0.4,0.0,1.0,0.0,0.74,2,7127,188.1,1.59,-0.73,-1.02,-7.78,164,261,4148,0.0462,0.023,-0.002,-0.098,-1.35,-4.68,771,-137,-1110,0,0,4870,0.073,-0.051,-0.002,-0.098,-1.19,-4.84,778,-149,-1139,0,0,4870,0.0782,0.072,0.117,0.017,-1.61,-4.42,855,4764,-952,0,0,6135,0.1049,-0.002,0.098,-0.002,-1.99,-4.05,848,5619,-1587,0,0
46.1,3,2100.1,488.66,-0.09,2874.18,94.2,0.8,-0.43,0.0,1.0,0.0,0.61,2,7065,268.9,1.58,-0.75,-0.97,-7.24,164,264,4151,0.0466,0.02,-0.002,-0.098,-1.21,-4.82,776,-138,-1031,0,0,4881,0.0721,-0.044,-0.001,-0.099,-1.05,-4.98,782,-122,-1060,0,0,4869,0.0795,0.064,0.091,-0.009,-1.54,-4.49,849,4500,-1089,0,0,6148,0.105,0.001,0.078,-0.022,-1.82,-4.21,844,5150,-1770,0,0
46.12,3,2100.6,488.44,-0.09,2874.66,94.6,0.67,-0.44,0.0,1.0,0.0,0.48,2,6896,293.2,1.68,-0.75,-0.93,-6.13,165,267,4190,0.047,0.021,-0.002,-0.098,-1.12,-4.91,781,-112,-950,0,0,4945,0.0715,-0.03,-0.001,-0.099,-0.94,-5.09,786,-97,-970,0,0,4814,0.0804,0.049,0.054,-0.046,-1.41,-4.62,824,3621,-1200,0,0,6111,0.1049,-0.002,0.045,-0.055,-1.78,-4.26,822,3863,-1917,0,0
46.14,3,2101.1,488.21,-0.09,2875.14,94.9,0.46,-0.43,0.0,1.0,0.0,0.34,2,6896,308.2,1.76,-0.75,-0.9,-4.75,166,269,4304,0.0476,0.031,-0.001,-0.099,-0.98,-5.05,784,-90,-879,0,0,5056,0.0713,-0.01,-0.001,-0.099,-0.89,-5.14,788,-98,-899,0,0,4713,0.081,0.026,0.037,-0.063,-1.24,-4.79,813,2754,-1123,0,0,5964,0.1046,-0.016,0.03,-0.07,-1.62,-4.41,812,2851,-1802,0,0
46.16,3,2101.6,487.99,-0.09,2875.62,95.1,0.28,-0.39,0.0,1.0,0.0,0.21,2,7068,313.1,1.81,-0.73,-0.87,-3.48,169,270,4457,0.0486,0.049,-0.001,-0.099,-0.91,-5.12,786,-79,-836,0,0,5177,0.0714,0.008,-0.001,-0.099,-0.8,-5.23,789,-74,-828,0,0,4613,0.0811,0.005,0.022,-0.078,-1.07,-4.96,803,1804,-986,0,0,5732,0.1039,-0.035,0.018,-0.082,-1.44,-4.59,803,1786,-1608,0,0
46.18,3,2102.2,487.76,-0.09,2876.09,95.2,0.1,-0.35,0.0,1.0,0.0,0.08,2,7399,308.8,1.86,-0.69,-0.83,-2.41,172,270,4632,0.05,0.068,-0.001,-0.099,-0.84,-5.19,787,-66,-788,0,0,5313,0.0719,0.024,-0.001,-0.099,-0.69,-5.34,789,-69,-757,0,0,4513,0.0809,-0.01,0.008,-0.092,-0.87,-5.16,793,792,-840,0,0,5442,0.1028,-0.054,0.006,-0.094,-1.29,-4.74,793,710,-1391,0,0
46.2,3,2102.7,487.54,-0.09,2876.57,95.2,-0.06,-0.3,0.0,1.0,0.0,0.12,3,7811,276.1,1.89,-0.64,-0.8,-1.57,176,270,4812,0.0516,0.084,-0.001,-0.099,-0.76,-5.27,787,-64,-746,0,0,5454,0.0727,0.04,-0.001,-0.099,-0.62,-5.41,788,-62,-680,0,0,4425,0.0804,-0.023,0.006,-0.094,-0.79,-5.24,794,228,-715,0,0,5126,0.1015,-0.066,0.006,-0.094,-1.11,-4.92,795,197,-1185,0,0
46.22,3,2103.2,487.31,-0.09,2877.05,95.2,0.11,-0.26,0.0,1.0,0.0,0.42,3,7691,291.7,1.92,-0.61,-0.77,-0.95,179,270,4877,0.0534,0.09,-0.001,-0.099,-0.61,-5.42,788,-84,-649,0,0,5479,0.0736,0.046,-0.001,-0.099,-0.54,-5.5,789,-106,-593,0,0,4474,0.08,-0.021,0.028,-0.072,-0.67,-5.36,812,1915,-591,0,0,4947,0.1002,-0.065,0.027,-0.073,-1.02,-5.01,812,1938,-998,0,0
46.24,3,2103.7,487.08,-0.09,2877.53,95.5,0.37,-0.22,0.0,1.0,0.0,0.72,3,7480,317.5,1.94,-0.58,-0.73,-0.5,181,271,4834,0.0548,0.07,-0.001,-0.099,-0.59,-5.44,790,-115,-584,0,0,5393,0.0742,0.026,-0.001,-0.099,-0.45,-5.58,790,-122,-497,0,0,4628,0.0802,0.009,0.055,-0.045,-0.52,-5.51,837,3345,-475,0,0,5037,0.0995,-0.034,0.054,-0.046,-0.82,-5.21,836,3494,-836,0,0
46.26,3,2104.3,486.85,-0.09,2878.01,95.9,0.61,-0.18,0.0,1.0,0.0,1.0,3,6955,341.2,1.95,-0.59,-0.7,-0.21,182,274,4743,0.0558,0.047,-0.001,-0.099,-0.49,-5.54,794,-133,-486,0,0,5226,0.0742,0.0,-0.002,-0.098,-0.36,-5.67,794,-140,-391,0,0,4845,0.0811,0.044,0.091,-0.009,-0.43,-5.6,872,4435,-353,0,0,5194,0.0994,-0.003,0.089,-0.011,-0.8,-5.23,870,4651,-680,0,0
46.28,3,2104.8,486.61,-0.09,2878.49,96.5,0.78,-0.14,0.01,1.0,0.0,1.0,3,6328,366.9,1.96,-0.61,-0.65,-0.04,182,277,4646,0.0563,0.026,-0.001,-0.099,-0.38,-5.65,799,-135,-393,0,0,5018,0.0736,-0.029,-0.001,-0.099,-0.26,-5.77,799,-144,-278,0,0,5080,0.0826,0.078,0.1,0.0,-0.38,-5.65,882,4867,-291,0,0,5339,0.0999,0.022,0.098,-0.002,-0.71,-5.32,881,5039,-578,0,0
46.3,3,2105.4,486.38,-0.09,2878.97,97.0,0.81,-0.11,0.01,1.0,0.0,1.0,3,5731,381.7,1.97,-0.64,-0.6,0.22,180,281,4592,0.0566,0.015,-0.002,-0.098,-0.32,-5.71,803,-143,-299,0,0,4845,0.0726,-0.051,-0.002,-0.098,-0.16,-5.87,803,-132,-174,0,0,5258,0.0846,0.101,0.092,-0.008,-0.25,-5.78,881,4941,-251,0,0,5501,0.1006,0.034,0.091,-0.009,-0.66,-5.37,880,5091,-572,0,0
46.32,3,2105.9,486.14,-0.09,2879.46,97.6,0.81,-0.09,0.01,1.0,0.0,1.0,3,5153,386.6,1.98,-0.68,-0.54,0.6,179,284,4587,0.0569,0.013,-0.001,-0.099,-0.15,-5.88,808,-135,-198,0,0,4701,0.0713,-0.062,-0.002,-0.098,-0.05,-5.98,808,-141,-67,0,0,5381,0.0868,0.106,0.086,-0.014,-0.24,-5.79,881,4947,-208,0,0,5605,0.1012,0.031,0.085,-0.015,-0.63,-5.4,880,5073,-556,0,0
46.34,3,2106.4,485.9,-0.09,2879.95,98.2,0.8,-0.07,0.01,1.0,0.0,1.0,3,5087,386.7,1.98,-0.72,-0.48,1.07,177,287,4608,0.0572,0.016,-0.002,-0.098,-0.1,-5.93,813,-135,-112,0,0,4588,0.0699,-0.07,-0.001,-0.099,0.12,-5.91,812,-113,54,0,0,5464,0.0889,0.107,0.082,-0.018,-0.18,-5.85,884,4949,-163,0,0,5645,0.1016,0.021,0.082,-0.018,-0.55,-5.48,883,5058,-510,0,0
46.36,3,2107.0,485.66,-0.09,2880.45,98.7,0.79,-0.04,0.02,1.0,0.0,1.0,3,5109,387.7,1.99,-0.76,-0.41,1.62,176,291,4641,0.0576,0.019,-0.002,-0.098,0.03,-6.0,818,-137,-12,0,0,4494,0.0685,-0.072,-0.002,-0.098,0.2,-5.83,817,-139,151,0,0,5523,0.091,0.103,0.081,-0.019,-0.01,-6.03,888,4967,-75,0,0,5636,0.1019,0.011,0.082,-0.018,-0.49,-5.55,887,5040,-437,0,0
46.38,3,2107.5,485.42,-0.09,2880.94,99.3,0.79,-0.01,0.02,1.0,0.0,1.0,3,5136,388.5,1.99,-0.79,-0.34,2.26,174,294,4685,0.058,0.023,-0.002,-0.098,0.14,-5.89,823,-137,103,0,0,4414,0.067,-0.073,-0.002,-0.098,0.33,-5.7,821,-128,261,0,0,5570,0.0929,0.097,0.081,-0.019,0.04,-5.99,892,4991,-15,0,0,5588,0.1019,0.002,0.083,-0.017,-0.22,-5.81,892,5020,-346,0,0
46.4,3,2108.1,485.18,-0.09,2881.44,99.9,0.79,0.02,0.02,1.0,0.0,1.0,3,5164,389.2,1.99,-0.82,-0.26,2.97,173,298,4732,0.0585,0.026,-0.002,-0.098,0.27,-5.76,828,-134,231,0,0,4344,0.0655,-0.074,-0.002,-0.098,0.46,-5.58,825,-133,384,0,0,5615,0.0948,0.095,0.079,-0.021,0.06,-5.97,897,5005,47,0,0,5523,0.1018,-0.006,0.082,-0.018,-0.34,-5.7,897,4967,-302,0,0
46.42,3,2108.7,484.94,-0.09,2881.94,100.4,0.78,0.06,0.02,1.0,0.0,1.0,3,5195,389.8,1.99,-0.85,-0.18,3.77,172,301,4775,0.0591,0.029,-0.001,-0.099,0.49,-5.54,833,-131,362,0,0,4290,0.0641,-0.073,-0.002,-0.098,0.6,-5.43,830,-134,495,0,0,5653,0.0966,0.089,0.08,-0.02,0.25,-5.78,902,5037,150,0,0,5446,0.1015,-0.013,0.083,-0.017,-0.23,-5.8,903,4936,-207,0,0
46.44,3,2109.2,484.69,-0.09,2882.45,101.0,0.78,0.1,0.03,1.0,0.0,1.0,3,5224,390.3,2.0,-0.88,-0.11,4.64,171,305,4822,0.0598,0.032,-0.001,-0.099,0.55,-5.48,838,-138,481,0,0,4235,0.0627,-0.071,-0.002,-0.098,0.74,-5.29,834,-111,620,0,0,5701,0.0983,0.087,0.079,-0.021,0.27,-5.76,907,5059,226,0,0,5371,0.1012,-0.015,0.084,-0.016,-0.15,-5.89,908,4894,-137,0,0
46.46,3,2109.8,484.44,-0.09,2882.96,101.5,0.78,0.13,0.03,1.0,0.0,1.0,3,5250,390.7,2.0,-0.9,-0.03,5.59,171,308,4863,0.0604,0.033,-0.002,-0.098,0.65,-5.38,842,-135,622,0,0,4197,0.0613,-0.067,-0.001,-0.099,0.96,-5.07,838,-115,739,0,0,5730,0.1,0.083,0.078,-0.022,0.37,-5.66,912,5049,327,0,0,5285,0.1009,-0.018,0.085,-0.015,-0.03,-6.0,913,4833,-44,0,0
46.48,3,2110.4,484.2,-0.09,2883.47,102.1,0.78,0.17,0.03,1.0,0.0,1.0,3,5273,391.1,2.0,-0.91,0.04,6.61,172,311,4873,0.0611,0.033,-0.001,-0.099,0.82,-5.21,847,-143,737,0,0,4201,0.0601,-0.061,-0.002,-0.098,1.02,-5.01,842,-123,831,0,0,5903,0.1014,0.072,0.076,-0.024,0.56,-5.47,915,5118,444,0,0,5180,0.1004,-0.021,0.084,-0.016,0.07,-5.96,918,4744,45,0,0
46.5,3,2110.9,483.95,-0.09,2883.98,102.6,0.78,0.21,0.03,1.0,0.0,1.0,3,5304,391.4,2.0,-0.92,0.1,7.69,173,315,4882,0.0617,0.029,-0.001,-0.099,0.99,-5.04,852,-123,871,0,0,4200,0.059,-0.052,-0.002,-0.098,1.17,-4.86,846,-128,960,0,0,6010,0.1025,0.053,0.075,-0.025,0.6,-5.43,920,5172,554,0,0,5059,0.0999,-0.028,0.086,-0.014,0.2,-5.83,924,4672,149,0,0
46.52,3,2111.5,483.7,-0.09,2884.5,103.2,0.78,0.26,0.04,1.0,0.0,1.0,3,5339,391.8,2.0,-0.93,0.15,8.82,175,318,4885,0.0622,0.025,-0.002,-0.098,1.06,-4.97,857,-142,991,0,0,4204,0.0581,-0.045,-0.001,-0.099,1.43,-4.6,850,-92,1091,0,0,6065,0.1033,0.038,0.076,-0.024,0.73,-5.3,926,5213,679,0,0,5007,0.0992,-0.033,0.089,-0.011,0.32,-5.71,930,4661,233,0,0
46.54,3,2112.1,483.45,-0.09,2885.02,103.7,0.77,0.3,0.04,1.0,0.0,1.0,3,5376,392.2,2.0,-0.93,0.2,9.99,177,321,4904,0.0627,0.023,-0.002,-0.098,1.21,-4.82,862,-138,1126,0,0,4200,0.0574,-0.04,-0.001,-0.099,1.57,-4.46,854,-108,1209,0,0,6103,0.1038,0.026,0.077,-0.023,0.88,-5.15,932,5255,815,0,0,4952,0.0985,-0.037,0.091,-0.009,0.46,-5.57,937,4648,330,0,0
46.56,3,2112.7,483.21,-0.09,2885.54,104.3,0.77,0.34,0.04,1.0,0.0,1.0,3,5411,392.5,2.0,-0.93,0.25,11.17,180,325,4922,0.0631,0.024,-0.002,-0.098,1.35,-4.68,867,-132,1254,0,0,4192,0.0566,-0.037,-0.001,-0.099,1.68,-4.35,858,-104,1311,0,0,6138,0.1042,0.02,0.077,-0.023,1.0,-5.03,938,5282,950,0,0,4909,0.0977,-0.041,0.094,-0.006,0.61,-5.42,943,4637,426,0,0
46.58,3,2113.2,482.96,-0.09,2886.07,104.8,0.77,0.38,0.04,1.0,0.0,1.0,3,5444,392.8,2.0,-0.93,0.3,12.36,182,328,4966,0.0637,0.026,-0.002,-0.098,1.49,-4.54,872,-148,1393,0,0,4155,0.0559,-0.036,-0.001,-0.099,1.8,-4.24,862,-113,1402,0,0,6210,0.1046,0.019,0.078,-0.022,1.17,-4.86,943,5318,1112,0,0,4858,0.0968,-0.043,0.095,-0.005,0.79,-5.24,949,4603,524,0,0
46.6,3,2113.8,482.71,-0.09,2886.6,105.3,0.77,0.43,0.05,1.0,0.0,1.0,3,5479,393.1,2.0,-0.92,0.35,13.54,185,332,5019,0.0643,0.032,-0.002,-0.098,1.65,-4.38,876,-137,1546,0,0,4119,0.0551,-0.039,-0.001,-0.099,2.0,-4.04,866,-109,1511,0,0,6270,0.105,0.02,0.078,-0.022,1.31,-4.72,949,5352,1243,0,0,4787,0.0958,-0.05,0.098,-0.002,0.96,-5.07,955,4555,633,0,0
46.62,3,2114.4,482.46,-0.09,2887.13,105.9,0.77,0.47,0.05,1.0,0.0,1.0,3,5515,393.4,2.0,-0.91,0.41,14.72,188,335,5069,0.065,0.034,-0.002,-0.098,1.76,-4.27,881,-146,1674,0,0,4072,0.0543,-0.039,-0.002,-0.098,2.05,-3.98,870,-104,1598,0,0,6330,0.1053,0.019,0.08,-0.02,1.54,-4.5,955,5383,1416,0,0,4713,0.0947,-0.054,0.101,0.001,1.12,-4.91,962,4499,706,0,0
46.64,3,2115.0,482.21,-0.09,2887.67,106.4,0.77,0.51,0.05,1.0,0.0,1.0,3,5554,392.6,2.0,-0.91,0.47,15.9,192,338,5114,0.0657,0.035,-0.001,-0.099,1.96,-4.08,886,-109,1854,0,0,4037,0.0535,-0.041,-0.002,-0.098,2.2,-3.83,873,-115,1682,0,0,6378,0.1057,0.017,0.08,-0.02,1.62,-4.41,962,5408,1556,0,0,4646,0.0935,-0.06,0.104,0.004,1.27,-4.76,969,4450,795,0,0
46.66,3,2115.6,481.97,-0.09,2888.21,106.9,0.77,0.55,0.05,1.0,0.0,1.0,3,5593,391.7,2.0,-0.9,0.53,17.08,195,342,5171,0.0665,0.04,-0.002,-0.098,2.04,-3.99,891,-145,1956,0,0,3974,0.0527,-0.041,-0.002,-0.098,2.36,-3.67,877,-126,1754,0,0,6452,0.106,0.016,0.082,-0.018,1.81,-4.22,968,5455,1716,0,0,4575,0.0922,-0.064,0.108,0.008,1.5,-4.53,976,4395,875,0,0
46.68,3,2116.2,481.72,-0.09,2888.75,107.5,0.77,0.6,0.05,1.0,0.0,1.0,3,5632,390.8,2.0,-0.89,0.59,18.24,199,345,5213,0.0673,0.04,-0.002,-0.098,2.19,-3.84,896,-153,2109,0,0,3920,0.0518,-0.046,-0.002,-0.098,2.53,-3.5,881,-119,1838,0,0,6519,0.1064,0.019,0.084,-0.016,2.05,-3.99,975,5489,1881,0,0,4508,0.0909,-0.066,0.11,0.01,1.6,-4.43,984,4338,945,0,0
46.7,3,2116.8,481.48,-0.09,2889.3,108.0,0.76,0.64,0.05,1.0,0.0,1.0,3,5677,389.9,2.0,-0.87,0.66,19.44,204,348,5284,0.0681,0.043,-0.002,-0.098,2.41,-3.62,900,-158,2293,0,0,3872,0.0509,-0.046,-0.002,-0.098,2.7,-3.33,885,-108,1922,0,0,6570,0.1067,0.015,0.086,-0.014,2.15,-3.88,983,5529,2021,0,0,4417,0.0894,-0.074,0.116,0.016,1.86,-4.17,992,4263,1011,0,0
46.72,3,2117.4,481.23,-0.09,2889.85,108.5,0.76,0.68,0.06,1.0,0.0,1.0,3,5721,388.9,2.0,-0.86,0.73,20.69,207,352,5336,0.0691,0.048,-0.002,-0.098,2.53,-3.51,905,-139,2439,0,0,3828,0.0499,-0.046,-0.002,-0.098,2.87,-3.16,888,-113,2004,0,0,6649,0.1071,0.018,0.089,-0.011,2.48,-3.55,990,5578,2210,0,0,4365,0.0879,-0.075,0.119,0.019,2.0,-4.03,1001,4216,1082,0,0
46.74,3,2118.0,480.99,-0.09,2890.41,109.1,0.76,0.72,0.06,1.0,0.0,1.0,3,5766,387.9,2.0,-0.85,0.81,21.95,212,355,5398,0.07,0.048,-0.002,-0.098,2.75,-3.28,909,-149,2620,0,0,3755,0.0489,-0.05,-0.002,-0.098,3.1,-2.93,892,-101,2067,0,0,6734,0.1075,0.022,0.091,-0.009,2.65,-3.38,997,5625,2370,0,0,4279,0.0864,-0.076,0.125,0.025,2.29,-3.74,1009,4135,1141,0,0
46.76,3,2118.6,480.75,-0.09,2890.96,109.6,0.76,0.77,0.06,1.0,0.0,1.0,3,5815,386.9,2.0,-0.83,0.88,23.24,216,358,5470,0.0711,0.052,-0.002,-0.098,2.88,-3.15,914,-145,2794,0,0,3717,0.0479,-0.051,-0.002,-0.098,3.27,-2.76,895,-102,2150,0,0,6818,0.1079,0.021,0.094,-0.006,2.78,-3.25,1005,5676,2531,0,0,4209,0.0848,-0.082,0.13,0.03,2.5,-3.53,1018,4067,1199,0,0
46.78,3,2119.2,480.51,-0.09,2891.53,110.1,0.76,0.81,0.06,1.0,0.0,1.0,3,5865,385.8,2.0,-0.82,0.96,24.62,221,361,5536,0.0722,0.054,-0.002,-0.098,3.15,-2.88,918,-124,2991,0,0,3670,0.0469,-0.049,-0.002,-0.098,3.46,-2.57,899,-127,2221,0,0,6906,0.1083,0.021,0.097,-0.003,3.01,-3.02,1013,5728,2700,0,0,4147,0.0831,-0.082,0.136,0.036,2.71,-3.32,1028,4004,1246,0,0
46.8,3,2119.8,480.27,-0.09,2892.09,110.6,0.75,0.84,0.06,0.0,0.0,1.0,3,5918,384.6,2.0,-0.8,1.04,26.04,226,365,5579,0.0733,0.056,-0.001,-0.099,3.34,-2.69,923,-128,3151,0,0,3617,0.0459,-0.05,-0.002,-0.098,3.71,-2.33,902,-101,2279,0,0,6974,0.1088,0.022,0.101,0.001,3.33,-2.7,1022,5766,2854,0,0,4074,0.0814,-0.084,0.143,0.043,2.96,-3.07,1038,3929,1291,0,0
46.82,3,2120.4,480.04,-0.09,2892.67,111.1,0.75,0.88,0.06,0.5,0.0,1.0,3,5920,252.5,1.83,-0.79,1.12,27.54,232,368,5633,0.0743,0.053,-0.002,-0.098,3.49,-2.54,927,-151,3330,0,0,3582,0.045,-0.049,-0.002,-0.098,3.9,-2.13,905,-106,2354,0,0,7027,0.1091,0.017,0.106,0.006,3.55,-2.48,1020,5798,2989,0,0,4005,0.0797,-0.085,0.15,0.05,3.26,-2.77,1039,3859,1315,0,0
46.84,3,2121.1,479.81,-0.09,2893.24,111.6,0.72,0.94,0.06,0.0,0.0,1.0,3,5822,216.8,1.59,-0.77,1.2,28.79,238,371,5700,0.0755,0.056,-0.001,-0.099,3.8,-2.24,932,-127,3508,0,0,3531,0.044,-0.05,-0.002,-0.098,4.1,-1.93,908,-100,2413,0,0,7074,0.1095,0.018,0.075,-0.025,3.82,-2.22,1010,5203,3511,0,0,3907,0.078,-0.088,0.12,0.02,3.57,-2.46,1026,3624,1530,0,0
46.86,3,2121.7,479.58,-0.09,2893.82,111.9,0.57,1.05,0.07,0.0,0.0,1.0,3,5544,-71.7,1.26,-0.74,1.3,28.9,244,373,5869,0.0768,0.066,-0.002,-0.098,3.93,-2.1,935,-125,3742,0,0,3464,0.0429,-0.053,-0.002,-0.098,4.34,-1.69,911,-81,2454,0,0,7142,0.1098,0.016,0.012,-0.088,4.08,-1.95,961,3067,4329,0,0,3733,0.0759,-0.103,0.046,-0.054,3.8,-2.23,966,2758,2010,0,0
46.88,3,2122.3,479.35,-0.09,2894.4,112.0,0.14,1.18,0.07,0.0,0.0,1.0,3,5227,-60.0,0.91,-0.69,1.42,27.56,253,373,6225,0.0788,0.1,-0.001,-0.099,4.21,-1.82,935,-58,4103,0,0,3499,0.0419,-0.05,0.0,-0.1,4.68,-1.35,912,-49,2559,0,0,7094,0.11,0.012,-0.024,-0.076,4.11,-1.92,939,-825,4572,0,0,3383,0.0732,-0.138,-0.011,-0.089,3.87,-2.16,930,286,2209,0,0
46.9,3,2122.9,479.13,-0.09,2894.98,111.9,-0.15,1.22,0.07,0.0,0.0,1.0,3,5308,-59.7,0.68,-0.62,1.54,26.47,264,372,6586,0.0818,0.15,-0.001,-0.099,4.42,-1.61,932,-78,4466,0,0,3648,0.0415,-0.019,-0.001,-0.099,4.83,-1.21,911,-31,2747,0,0,6871,0.1096,-0.022,0.007,-0.093,4.11,-1.93,919,-262,4474,0,0,3060,0.0693,-0.191,0.022,-0.078,3.88,-2.15,911,439,2028,0,0
46.92,3,2123.6,478.92,-0.09,2895.56,111.7,-0.13,1.23,0.08,0.0,0.0,1.0,3,5240,-60.1,0.52,-0.53,1.66,25.94,275,371,6833,0.0851,0.164,-0.001,-0.099,4.68,-1.35,931,-75,4750,0,0,3700,0.0415,-0.004,-0.001,-0.099,5.11,-0.92,910,-38,2851,0,0,6692,0.1089,-0.036,-0.018,-0.082,4.16,-1.88,940,-616,4396,0,0,2837,0.0653,-0.204,-0.005,-0.095,3.89,-2.15,934,229,1901,0,0
46.94,3,2124.2,478.71,-0.08,2896.14,111.6,-0.13,1.25,0.08,0.0,0.0,1.0,3,5292,-59.6,0.41,-0.44,1.8,25.8,287,370,7051,0.0884,0.167,-0.001,-0.099,4.99,-1.04,928,-61,5054,0,0,3718,0.0414,-0.003,-0.001,-0.099,5.33,-0.7,908,-39,2934,0,0,6596,0.1082,-0.032,0.007,-0.093,4.29,-1.74,916,-244,4402,0,0,2679,0.0612,-0.201,0.022,-0.078,3.94,-2.09,909,378,1811,0,0
46.96,3,2124.8,478.51,-0.08,2896.73,111.4,-0.14,1.27,0.09,0.0,0.0,1.0,3,5226,-60.0,0.34,-0.36,1.92,25.93,298,368,7151,0.0918,0.168,-0.001,-0.099,5.11,-0.92,927,-92,5217,0,0,3724,0.0413,-0.005,-0.001,-0.099,5.71,-0.33,906,-27,3015,0,0,6535,0.1078,-0.021,-0.018,-0.082,4.34,-1.69,938,-596,4387,0,0,2612,0.0574,-0.193,-0.004,-0.096,4.11,-1.92,931,222,1806,0,0
46.98,3,2125.4,478.31,-0.08,2897.31,111.3,-0.14,1.29,0.09,0.0,0.0,1.0,3,5279,-59.5,0.3,-0.29,2.04,26.24,307,367,7262,0.0949,0.155,-0.001,-0.099,5.48,-0.55,926,-80,5432,0,0,3706,0.0412,-0.005,-0.001,-0.099,6.01,-0.02,905,-29,3065,0,0,6541,0.1076,-0.013,0.007,-0.093,4.33,-1.71,913,-268,4430,0,0,2557,0.0539,-0.173,0.022,-0.078,4.12,-1.91,907,369,1782,0,0
47.0,3,2126.0,478.11,-0.08,2897.9,111.1,-0.14,1.32,0.1,0.0,0.0,1.0,3,5213,-59.9,0.26,-0.22,2.16,26.7,316,366,7367,0.0978,0.15,-0.001,-0.099,5.8,-0.23,924,-68,5639,0,0,3708,0.0411,-0.006,-0.001,-0.099,6.23,0.2,903,-20,3136,0,0,6580,0.1075,-0.004,-0.019,-0.081,4.42,-1.61,935,-576,4516,0,0,2532,0.0507,-0.16,-0.004,-0.096,4.17,-1.86,929,221,1791,0,0
47.02,3,2126.6,477.92,-0.08,2898.48,111.0,-0.14,1.34,0.11,0.0,0.0,1.0,3,5265,-59.4,0.24,-0.16,2.28,27.24,323,365,7443,0.1007,0.143,-0.002,-0.098,5.95,-0.08,922,-101,5808,0,0,3663,0.0409,-0.009,-0.001,-0.099,6.62,0.59,901,-33,3149,0,0,6669,0.1076,0.007,0.007,-0.093,4.6,-1.43,911,-230,4666,0,0,2502,0.0478,-0.145,0.023,-0.077,4.27,-1.76,904,366,1775,0,0
47.04,3,2127.3,477.74,-0.08,2899.07,110.8,-0.14,1.36,0.11,0.0,0.0,1.0,3,5198,-59.8,0.23,-0.1,2.38,27.82,331,364,7458,0.1033,0.13,-0.002,-0.098,6.25,0.22,921,-85,5922,0,0,3665,0.0407,-0.012,-0.001,-0.099,6.99,0.96,899,-22,3203,0,0,6705,0.1078,0.012,-0.019,-0.081,4.57,-1.46,933,-602,4677,0,0,2505,0.0452,-0.131,-0.004,-0.096,4.36,-1.67,926,239,1825,0,0
47.06,3,2127.9,477.56,-0.08,2899.66,110.6,-0.15,1.38,0.12,0.0,0.0,1.0,3,5251,-59.3,0.22,-0.06,2.48,28.42,337,363,7488,0.1057,0.118,-0.002,-0.098,6.62,0.59,919,-97,6048,0,0,3646,0.0404,-0.011,-0.001,-0.099,7.37,1.34,896,-25,3231,0,0,6754,0.1081,0.011,0.007,-0.093,4.74,-1.29,909,-288,4761,0,0,2486,0.0428,-0.119,0.023,-0.077,4.5,-1.54,901,371,1829,0,0
47.08,3,2128.5,477.38,-0.08,2900.24,110.5,-0.15,1.4,0.13,0.0,0.0,1.0,3,5185,-59.7,0.21,-0.01,2.57,29.06,343,361,7527,0.1078,0.107,-0.001,-0.099,6.96,0.93,917,-91,6169,0,0,3634,0.0403,-0.009,0.0,-0.1,7.79,1.76,894,-28,3260,0,0,6803,0.1082,0.009,-0.019,-0.081,4.8,-1.23,931,-611,4840,0,0,2471,0.0407,-0.107,-0.003,-0.097,4.59,-1.44,924,249,1844,0,0
47.1,3,2129.1,477.21,-0.08,2900.83,110.3,-0.15,1.42,0.14,0.0,0.0,1.0,3,5236,-59.2,0.21,0.03,2.65,29.71,349,360,7525,0.1098,0.096,-0.001,-0.099,7.37,1.34,915,-81,6257,0,0,3617,0.04,-0.012,-0.001,-0.099,7.98,1.95,891,-29,3279,0,0,6824,0.1084,0.01,0.007,-0.093,4.87,-1.16,906,-281,4922,0,0,2457,0.0387,-0.099,0.024,-0.076,4.72,-1.31,899,381,1853,0,0
47.12,3,2129.7,477.05,-0.08,2901.42,110.1,-0.16,1.43,0.14,0.0,0.0,1.0,3,5168,-59.6,0.21,0.06,2.72,30.35,354,359,7523,0.1115,0.086,-0.002,-0.098,7.66,1.63,913,-80,6327,0,0,3589,0.0398,-0.013,0.001,-0.099,8.59,2.56,889,-14,3285,0,0,6833,0.1086,0.006,-0.019,-0.081,4.98,-1.05,928,-614,4985,0,0,2436,0.0368,-0.093,-0.001,-0.099,5.0,-1.03,921,256,1872,0,0
47.14,3,2130.3,476.89,-0.08,2902.01,109.9,-0.16,1.45,0.15,0.0,0.0,1.0,3,5219,-59.1,0.2,0.1,2.79,30.93,358,358,7532,0.113,0.075,-0.002,-0.098,8.0,1.97,911,-95,6402,0,0,3604,0.0395,-0.013,-0.001,-0.099,8.79,2.76,886,-11,3326,0,0,6839,0.1087,0.006,0.006,-0.094,5.21,-0.82,903,-303,5060,0,0,2434,0.0352,-0.082,0.025,-0.075,5.02,-1.01,896,377,1890,0,0
47.16,3,2130.9,476.74,-0.08,2902.6,109.7,-0.16,1.46,0.16,0.0,0.0,1.0,3,5152,-59.5,0.2,0.12,2.85,31.51,362,357,7526,0.1143,0.066,-0.002,-0.098,8.32,2.29,909,-89,6452,0,0,3584,0.0393,-0.01,-0.001,-0.099,9.3,3.27,883,-20,3326,0,0,6841,0.1087,0.002,-0.019,-0.081,5.28,-0.75,925,-610,5101,0,0,2422,0.0337,-0.073,-0.001,-0.099,5.22,-0.81,918,262,1910,0,0
47.18,3,2131.5,476.6,-0.08,2903.19,109.6,-0.17,1.47,0.17,0.0,0.0,1.0,3,5200,-59.0,0.2,0.15,2.9,32.04,366,356,7502,0.1155,0.058,-0.002,-0.098,8.79,2.76,907,-79,6480,0,0,3580,0.0391,-0.012,-0.001,-0.099,9.62,3.58,881,-18,3339,0,0,6819,0.1088,0.002,0.006,-0.094,5.41,-0.62,900,-320,5149,0,0,2417,0.0324,-0.069,0.026,-0.074,5.33,-0.7,892,381,1926,0,0
47.2,3,2132.1,476.46,-0.08,2903.78,109.4,-0.17,1.48,0.17,0.0,0.0,1.0,3,5133,-59.3,0.2,0.17,2.95,32.53,368,354,7524,0.1165,0.05,-0.001,-0.099,9.3,3.27,904,-91,6543,0,0,3572,0.0389,-0.01,0.0,-0.1,10.25,4.22,877,-11,3348,0,0,6829,0.1087,-0.001,-0.019,-0.081,5.62,-0.41,921,-600,5215,0,0,2410,0.0311,-0.062,0.0,-0.1,5.5,-0.54,915,265,1951,0,0
47.22,3,2132.7,476.32,-0.08,2904.37,109.2,-0.17,1.49,0.18,0.0,0.0,1.0,3,5182,-58.8,0.2,0.19,2.99,32.93,371,353,7506,0.1174,0.047,-0.002,-0.098,9.57,3.54,902,-83,6560,0,0,3546,0.0386,-0.014,0.0,-0.1,10.47,4.44,875,-12,3335,0,0,6840,0.1088,0.003,0.006,-0.094,5.76,-0.28,897,-318,5284,0,0,2407,0.03,-0.057,0.028,-0.072,5.79,-0.24,889,388,1976,0,0
47.24,3,2133.4,476.19,-0.08,2904.97,108.9,-0.18,1.5,0.19,0.0,0.0,1.0,3,5113,-59.2,0.2,0.21,3.03,33.26,373,352,7521,0.1182,0.039,-0.002,-0.098,9.93,3.9,899,-76,6601,0,0,3545,0.0383,-0.013,0.002,-0.098,11.31,5.28,871,1,3344,0,0,6851,0.1089,0.002,-0.02,-0.08,5.77,-0.26,918,-605,5324,0,0,2400,0.029,-0.05,0.001,-0.099,5.86,-0.17,911,271,1994,0,0
47.26,3,2134.0,476.07,-0.08,2905.56,108.7,-0.18,1.5,0.2,0.0,0.0,1.0,3,5160,-58.7,0.2,0.22,3.07,33.5,375,350,7507,0.1189,0.036,-0.002,-0.098,10.48,4.45,896,-86,6611,0,0,3510,0.0381,-0.012,0.001,-0.099,11.71,5.68,868,-6,3318,0,0,6872,0.1089,0.003,0.006,-0.094,6.08,0.05,893,-313,5424,0,0,2399,0.0281,-0.045,0.027,-0.073,5.8,-0.23,885,367,1999,0,0
47.28,3,2134.6,475.95,-0.08,2906.15,108.5,-0.19,1.51,0.21,0.0,0.0,1.0,3,5091,-59.0,0.2,0.24,3.11,33.64,376,349,7540,0.1196,0.034,-0.002,-0.098,10.95,4.92,893,-78,6656,0,0,3516,0.0378,-0.014,-0.001,-0.099,11.87,5.84,864,-3,3328,0,0,6908,0.109,0.006,-0.02,-0.08,6.09,0.05,914,-582,5477,0,0,2395,0.0273,-0.041,0.0,-0.1,5.91,-0.12,907,281,2022,0,0
47.3,3,2135.2,475.84,-0.08,2906.74,108.3,-0.19,1.52,0.22,0.0,0.0,1.0,3,5139,-58.5,0.2,0.25,3.14,33.74,378,348,7530,0.1203,0.035,-0.001,-0.099,11.44,5.41,890,-71,6661,0,0,3508,0.0375,-0.014,-0.001,-0.099,12.38,6.35,861,-12,3323,0,0,6904,0.1092,0.007,0.005,-0.095,6.13,0.1,889,-305,5501,0,0,2375,0.0264,-0.041,0.028,-0.072,6.14,0.11,882,371,2017,0,0
47.32,3,2135.8,475.74,-0.08,2907.33,108.0,-0.2,1.52,0.22,0.0,0.0,1.0,3,5067,-58.9,0.2,0.26,3.17,33.83,378,346,7541,0.1208,0.025,-0.003,-0.097,11.74,5.71,886,-70,6679,0,0,3524,0.0374,-0.008,-0.001,-0.099,12.86,6.83,858,-1,3338,0,0,6883,0.1091,-0.005,-0.02,-0.08,6.24,0.21,910,-563,5537,0,0,2373,0.0257,-0.038,0.0,-0.1,6.24,0.21,903,263,2039,0,0
47.34,3,2136.4,475.64,-0.08,2907.92,107.8,-0.2,1.52,0.23,0.0,0.0,1.0,3,5115,-58.4,0.2,0.28,3.19,33.86,380,345,7532,0.1213,0.024,-0.002,-0.098,12.17,6.14,883,-73,6678,0,0,3533,0.0372,-0.007,0.002,-0.098,13.68,7.65,854,-1,3345,0,0,6839,0.109,-0.003,0.006,-0.094,6.57,0.54,885,-293,5550,0,0,2356,0.025,-0.034,0.028,-0.072,6.45,0.42,878,359,2030,0,0
47.36,3,2137.0,475.55,-0.08,2908.51,107.6,-0.21,1.53,0.24,0.0,0.0,1.0,3,5044,-58.7,0.2,0.29,3.22,33.81,380,343,7551,0.1217,0.024,-0.001,-0.099,12.83,6.8,879,-55,6695,0,0,3517,0.0371,-0.007,-0.001,-0.099,13.93,7.9,850,-12,3329,0,0,6863,0.109,-0.001,-0.02,-0.08,6.62,0.59,906,-548,5588,0,0,2355,0.0244,-0.031,0.0,-0.1,6.43,0.4,899,251,2048,0,0
47.38,3,2137.6,475.46,-0.08,2909.1,107.3,-0.21,1.53,0.25,0.0,0.0,1.0,3,5091,-58.2,0.2,0.3,3.24,33.72,381,342,7588,0.1222,0.025,-0.002,-0.098,13.24,7.21,875,-61,6724,0,0,3528,0.0369,-0.007,-0.001,-0.099,14.39,8.36,846,4,3337,0,0,6870,0.109,0.001,0.006,-0.094,6.78,0.74,880,-286,5634,0,0,2340,0.0237,-0.031,0.031,-0.069,6.9,0.87,873,360,2049,0,0
47.4,3,2138.1,475.38,-0.08,2909.69,107.1,-0.22,1.53,0.26,0.0,0.0,1.0,3,5019,-58.5,0.2,0.31,3.27,33.54,381,340,7613,0.1227,0.025,-0.003,-0.097,13.63,7.6,871,-75,6741,0,0,3508,0.0368,-0.007,0.0,-0.1,15.0,8.97,842,-5,3317,0,0,6905,0.1091,0.004,-0.019,-0.081,6.9,0.87,901,-546,5676,0,0,2328,0.0232,-0.028,0.002,-0.098,6.88,0.85,895,254,2055,0,0
47.42,3,2138.7,475.3,-0.08,2910.28,106.8,-0.22,1.54,0.27,0.0,0.0,1.0,3,5064,-58.0,0.2,0.32,3.29,33.31,381,338,7613,0.1232,0.025,0.0,-0.1,14.37,8.34,867,-51,6738,0,0,3518,0.0367,-0.006,0.0,-0.1,15.5,9.47,838,-4,3322,0,0,6908,0.1092,0.004,0.005,-0.095,6.81,0.78,876,-296,5709,0,0,2327,0.0226,-0.027,0.029,-0.071,6.89,0.86,869,338,2054,0,0
47.44,3,2139.3,475.23,-0.08,2910.87,106.5,-0.23,1.54,0.28,0.0,0.0,1.0,3,4993,-58.3,0.2,0.33,3.31,33.07,381,337,7620,0.1237,0.022,-0.002,-0.098,14.66,8.63,863,-63,6739,0,0,3539,0.0367,-0.002,0.0,-0.1,16.12,10.09,834,3,3337,0,0,6891,0.1092,-0.001,-0.02,-0.08,7.05,1.02,896,-517,5717,0,0,2329,0.0222,-0.024,0.001,-0.099,6.77,0.74,891,248,2069,0,0
47.46,3,2139.9,475.17,-0.08,2911.45,106.3,-0.23,1.54,0.29,0.0,0.0,1.0,3,5037,-57.8,0.2,0.33,3.32,32.78,381,335,7606,0.124,0.018,-0.001,-0.099,15.04,9.0,859,-48,6722,0,0,3531,0.0366,-0.003,-0.001,-0.099,16.52,10.49,830,-3,3325,0,0,6886,0.1092,0.0,0.006,-0.094,6.91,0.87,871,-288,5723,0,0,2329,0.0217,-0.021,0.028,-0.072,6.92,0.88,864,332,2074,0,0
47.48,3,2140.5,475.11,-0.08,2912.04,106.0,-0.24,1.53,0.3,0.0,0.0,1.0,3,4964,-58.1,0.2,0.34,3.33,32.46,381,333,7570,0.1242,0.008,-0.002,-0.098,15.56,9.53,854,-65,6688,0,0,3537,0.0365,-0.002,0.002,-0.098,17.37,11.33,825,5,3325,0,0,6837,0.1091,-0.006,-0.02,-0.08,6.98,0.95,891,-507,5697,0,0,2335,0.0214,-0.017,0.0,-0.1,6.94,0.91,886,238,2088,0,0
47.5,3,2141.1,475.06,-0.08,2912.62,105.7,-0.24,1.53,0.31,0.0,0.0,1.0,3,5008,-57.6,0.2,0.35,3.34,32.06,380,331,7593,0.1244,0.009,-0.002,-0.098,16.07,10.04,850,-61,6698,0,0,3517,0.0365,-0.001,0.0,-0.1,17.57,11.54,821,-3,3303,0,0,6847,0.1089,-0.006,0.007,-0.093,7.4,1.37,865,-244,5761,0,0,2326,0.0211,-0.016,0.028,-0.072,7.13,1.1,859,325,2074,0,0
47.52,3,2141.7,475.02,-0.08,2913.21,105.4,-0.25,1.53,0.32,0.0,0.0,1.0,3,4936,-57.9,0.2,0.35,3.35,31.61,379,330,7589,0.1246,0.012,-0.002,-0.098,16.54,10.51,846,-55,6687,0,0,3524,0.0364,-0.005,0.0,-0.1,18.14,12.11,817,1,3304,0,0,6854,0.109,0.002,-0.019,-0.081,7.43,1.4,886,-458,5767,0,0,2336,0.0208,-0.016,0.002,-0.098,7.02,0.99,881,236,2095,0,0
47.54,3,2142.3,474.98,-0.08,2913.79,105.1,-0.26,1.53,0.33,0.0,0.0,1.0,3,4981,-57.4,0.2,0.36,3.36,31.13,378,328,7595,0.1248,0.01,-0.002,-0.098,17.0,10.97,841,-52,6683,0,0,3552,0.0364,-0.002,0.0,-0.1,18.73,12.7,812,22,3323,0,0,6832,0.109,-0.001,0.006,-0.094,7.2,1.17,861,-278,5740,0,0,2338,0.0205,-0.012,0.029,-0.071,7.32,1.29,855,309,2098,0,0
47.56,3,2142.9,474.95,-0.08,2914.37,104.8,-0.26,1.53,0.34,0.0,0.0,1.0,3,4907,-57.7,0.2,0.36,3.36,30.63,377,326,7593,0.125,0.007,-0.003,-0.097,17.49,11.46,836,-39,6672,0,0,3561,0.0365,0.004,0.003,-0.097,19.48,13.45,807,9,3327,0,0,6818,0.1089,-0.005,-0.02,-0.08,7.31,1.28,881,-488,5734,0,0,2349,0.0204,-0.009,0.002,-0.098,7.42,1.39,876,230,2117,0,0
47.58,3,2143.4,474.92,-0.08,2914.95,104.5,-0.27,1.53,0.36,0.0,0.0,1.0,3,4950,-57.2,0.2,0.37,3.36,30.12,376,324,7581,0.1251,0.008,-0.002,-0.098,17.95,11.92,831,-50,6654,0,0,3584,0.0366,0.005,0.0,-0.1,19.72,13.69,802,-2,3342,0,0,6784,0.1088,-0.004,0.006,-0.094,7.3,1.27,855,-254,5713,0,0,2355,0.0202,-0.007,0.03,-0.07,7.1,1.07,849,321,2117,0,0
47.6,3,2144.0,474.9,-0.08,2915.53,104.2,-0.28,1.52,0.37,0.0,0.0,1.0,3,4878,-57.5,0.2,0.37,3.37,29.6,374,322,7608,0.1252,0.006,-0.002,-0.098,18.57,12.54,826,-42,6665,0,0,3584,0.0366,0.004,0.0,-0.1,20.2,14.16,798,5,3338,0,0,6764,0.1086,-0.007,-0.02,-0.08,7.27,1.24,876,-479,5693,0,0,2335,0.02,-0.009,-0.001,-0.099,7.14,1.1,871,210,2098,0,0
47.62,3,2144.6,474.89,-0.08,2916.11,103.9,-0.28,1.52,0.38,0.0,0.0,1.0,3,4922,-57.0,0.2,0.38,3.37,29.06,373,320,7621,0.1254,0.01,-0.002,-0.098,19.02,12.99,821,-32,6666,0,0,3584,0.0367,0.003,0.003,-0.097,20.99,14.96,793,14,3332,0,0,6760,0.1086,-0.003,0.008,-0.092,7.11,1.08,850,-233,5689,0,0,2328,0.0198,-0.01,0.027,-0.073,7.2,1.17,844,297,2087,0,0
47.64,3,2145.2,474.88,-0.08,2916.68,103.6,-0.29,1.51,0.39,0.0,0.0,1.0,3,4846,-57.3,0.2,0.39,3.37,28.53,371,318,7610,0.1256,0.009,-0.003,-0.097,19.4,13.37,816,-53,6650,0,0,3594,0.0368,0.005,0.002,-0.098,21.45,15.42,788,15,3337,0,0,6729,0.1085,-0.005,-0.021,-0.079,7.14,1.11,870,-485,5650,0,0,2333,0.0197,-0.009,0.002,-0.098,7.55,1.51,865,222,2102,0,0
47.66,3,2145.7,474.87,-0.08,2917.26,103.3,-0.3,1.51,0.4,0.0,0.0,1.0,3,4891,-56.8,0.2,0.39,3.37,27.98,369,317,7599,0.1257,0.004,-0.001,-0.099,19.98,13.95,812,-43,6633,0,0,3601,0.0369,0.006,0.0,-0.1,21.75,15.72,783,4,3338,0,0,6700,0.1083,-0.008,0.007,-0.093,7.06,1.03,845,-227,5641,0,0,2344,0.0195,-0.006,0.027,-0.073,7.12,1.09,839,287,2100,0,0
47.68,3,2146.3,474.88,-0.08,2917.83,102.9,-0.3,1.5,0.41,0.0,0.0,1.0,3,4817,-57.1,0.2,0.4,3.37,27.45,368,315,7600,0.1258,0.004,-0.002,-0.098,20.35,14.32,806,-50,6626,0,0,3619,0.037,0.006,0.0,-0.1,22.24,16.2,778,8,3350,0,0,6662,0.1082,-0.007,-0.02,-0.08,7.03,1.0,865,-470,5587,0,0,2341,0.0194,-0.005,-0.002,-0.098,7.01,0.98,860,192,2097,0,0
47.7,3,2146.9,474.88,-0.08,2918.4,102.6,-0.31,1.49,0.42,1.0,0.0,1.0,3,4858,-56.6,0.2,0.4,3.37,26.94,366,313,7592,0.1258,0.003,0.0,-0.1,20.94,14.91,802,-37,6612,0,0,3626,0.0372,0.007,0.0,-0.1,22.71,16.68,774,2,3352,0,0,6622,0.108,-0.009,0.006,-0.094,7.01,0.98,839,-221,5567,0,0,2342,0.0193,-0.005,0.027,-0.073,6.87,0.84,834,285,2088,0,0
47.72,3,2147.4,474.9,-0.08,2918.97,102.3,-0.32,1.49,0.43,1.0,0.0,1.0,3,4817,126.7,0.32,0.41,3.37,26.38,363,311,7594,0.1259,0.003,-0.001,-0.099,21.25,15.21,797,-36,6605,0,0,3638,0.0373,0.007,0.0,-0.1,23.09,17.06,768,16,3358,0,0,6620,0.1079,-0.006,-0.02,-0.08,7.0,0.96,859,-430,5549,0,0,2366,0.0193,-0.002,-0.002,-0.098,6.99,0.96,855,197,2116,0,0
47.74,3,2148.0,474.92,-0.08,2919.53,102.0,-0.32,1.49,0.44,1.0,0.0,1.0,3,4871,181.5,0.62,0.41,3.36,25.8,360,309,7597,0.126,0.003,-0.003,-0.097,21.58,15.55,792,-52,6600,0,0,3648,0.0375,0.007,0.001,-0.099,23.65,17.62,764,5,3363,0,0,6619,0.1078,-0.002,0.007,-0.093,6.84,0.81,834,-210,5530,0,0,2379,0.0193,0.002,0.026,-0.074,6.9,0.87,828,283,2114,0,0
47.76,3,2148.6,474.94,-0.08,2920.1,101.6,-0.33,1.48,0.45,1.0,0.0,1.0,3,4795,181.6,0.95,0.41,3.36,25.26,358,306,7592,0.126,0.003,-0.003,-0.097,21.85,15.82,787,-51,6589,0,0,3667,0.0377,0.009,0.001,-0.099,24.07,18.04,759,2,3376,0,0,6589,0.1077,-0.005,-0.021,-0.079,6.76,0.73,854,-444,5475,0,0,2384,0.0194,0.002,-0.003,-0.097,6.64,0.61,849,186,2111,0,0
47.78,3,2149.1,474.97,-0.08,2920.66,101.3,-0.33,1.47,0.46,1.0,0.0,1.0,3,4848,222.0,1.2,0.42,3.35,24.72,355,304,7583,0.126,-0.001,0.0,-0.1,22.49,16.45,782,-37,6576,0,0,3673,0.0379,0.01,0.0,-0.1,24.51,18.47,754,10,3377,0,0,6563,0.1076,-0.008,0.008,-0.092,6.7,0.66,874,-221,5441,0,0,2391,0.0194,0.003,0.026,-0.074,6.53,0.5,870,276,2098,0,0
47.8,3,2149.7,475.01,-0.08,2921.22,101.1,-0.12,1.45,0.47,1.0,0.0,1.0,3,5013,262.3,1.39,0.41,3.34,24.72,352,303,7492,0.1259,-0.004,-0.004,-0.096,22.68,16.65,777,-74,6501,0,0,3607,0.0379,0.004,-0.001,-0.099,24.76,18.73,750,-8,3317,0,0,6655,0.1076,0.002,0.039,-0.061,6.85,0.82,876,1917,5328,0,0,2496,0.0196,0.01,0.07,-0.03,6.44,0.41,882,1314,1970,0,0
47.82,3,2150.3,475.05,-0.08,2921.78,101.1,0.19,1.33,0.48,0.5,0.0,1.0,3,5617,293.4,1.53,0.37,3.31,26.33,348,303,7222,0.1253,-0.032,-0.007,-0.093,22.89,16.86,775,-105,6290,0,0,3561,0.0377,-0.011,-0.003,-0.097,25.12,19.09,746,-17,3274,0,0,6788,0.108,0.021,0.139,0.039,6.79,0.76,969,5094,3936,0,0,2757,0.0204,0.042,0.204,0.104,6.64,0.61,1000,2493,1348,0,0
47.84,3,2150.8,475.1,-0.08,2922.34,101.3,0.39,1.21,0.48,0.5,0.0,1.0,3,5576,206.7,1.51,0.33,3.25,29.11,344,305,6878,0.1235,-0.089,-0.006,-0.094,23.31,17.28,776,-118,6020,0,0,3566,0.0376,-0.007,-0.005,-0.095,25.42,19.39,743,-33,3276,0,0,6858,0.1085,0.022,0.132,0.032,6.99,0.96,952,4968,4140,0,0,3056,0.0225,0.104,0.207,0.107,6.9,0.87,990,2758,1468,0,0
47.86,3,2151.4,475.15,-0.08,2922.9,101.5,0.38,1.24,0.49,0.5,0.0,1.0,3,5507,186.4,1.37,0.28,3.19,31.13,340,306,6705,0.1213,-0.108,-0.009,-0.091,23.33,17.3,776,-114,5882,0,0,3511,0.0374,-0.008,0.001,-0.099,26.06,20.03,742,-31,3226,0,0,6975,0.1089,0.021,0.114,0.014,7.02,0.99,954,4734,4468,0,0,3205,0.0249,0.121,0.18,0.08,7.16,1.13,980,2786,1691,0,0
47.88,3,2152.0,475.21,-0.08,2923.47,101.7,0.34,1.28,0.49,0.5,0.0,1.0,3,5449,172.3,1.28,0.22,3.12,32.46,336,306,6588,0.1193,-0.104,-0.008,-0.092,23.52,17.49,776,-109,5788,0,0,3498,0.0372,-0.012,-0.006,-0.094,25.97,19.93,740,-47,3213,0,0,7000,0.1092,0.017,0.103,0.003,7.24,1.21,948,4430,4723,0,0,3263,0.0271,0.109,0.164,0.064,7.46,1.43,967,2705,1887,0,0
47.9,3,2152.5,475.27,-0.08,2924.03,101.8,0.31,1.3,0.49,0.5,0.0,1.0,3,5434,162.8,1.22,0.17,3.07,33.3,331,307,6568,0.1174,-0.093,-0.005,-0.095,23.91,17.88,777,-93,5769,0,0,3450,0.0368,-0.017,-0.007,-0.093,25.93,19.9,740,-52,3170,0,0,7089,0.1096,0.018,0.1,0.0,7.52,1.49,947,4316,4898,0,0,3267,0.029,0.094,0.157,0.057,7.49,1.46,964,2642,1965,0,0
47.92,3,2153.1,475.33,-0.08,2924.59,101.9,0.3,1.32,0.49,0.5,0.0,1.0,3,5433,156.5,1.18,0.13,3.02,33.9,327,308,6558,0.1158,-0.079,-0.01,-0.09,23.7,17.66,777,-131,5761,0,0,3426,0.0364,-0.02,-0.007,-0.093,26.02,19.99,740,-49,3149,0,0,7170,0.11,0.023,0.099,-0.001,7.67,1.64,947,4263,5018,0,0,3262,0.0306,0.082,0.158,0.058,7.79,1.76,964,2606,1997,0,0
47.94,3,2153.7,475.4,-0.08,2925.15,102.0,0.29,1.33,0.48,0.5,0.0,1.0,3,5442,152.4,1.16,0.09,2.98,34.4,324,308,6570,0.1144,-0.071,-0.006,-0.094,23.96,17.93,778,-108,5769,0,0,3391,0.036,-0.018,-0.006,-0.094,26.32,20.29,739,-45,3117,0,0,7221,0.1103,0.015,0.1,0.0,7.84,1.81,949,4238,5098,0,0,3227,0.032,0.068,0.16,0.06,7.68,1.65,966,2578,1978,0,0
47.96,3,2154.2,475.48,-0.08,2925.72,102.1,0.28,1.34,0.48,0.5,0.0,1.0,3,5451,149.5,1.14,0.06,2.95,34.76,322,309,6584,0.1132,-0.059,-0.005,-0.095,24.03,17.99,778,-109,5780,0,0,3383,0.0357,-0.02,-0.007,-0.093,26.28,20.25,739,-53,3110,0,0,7228,0.1106,0.012,0.112,0.012,8.26,2.23,940,4194,5143,0,0,3176,0.033,0.051,0.164,0.064,7.93,1.9,959,2500,1990,0,0
47.98,3,2154.8,475.56,-0.08,2926.28,102.2,0.28,1.34,0.48,0.5,0.0,1.0,3,5483,147.7,1.12,0.03,2.92,35.25,321,309,6570,0.1122,-0.051,-0.008,-0.092,23.85,17.82,779,-105,5768,0,0,3408,0.0353,-0.016,-0.006,-0.094,26.37,20.34,739,-59,3132,0,0,7193,0.1107,0.005,0.116,0.016,8.06,2.03,945,4271,5067,0,0,3156,0.0338,0.04,0.172,0.072,8.19,2.16,965,2503,1959,0,0
48.0,3,2155.4,475.65,-0.08,2926.84,102.3,0.29,1.33,0.47,0.5,0.0,1.0,3,5506,146.5,1.12,0.01,2.9,35.82,320,310,6574,0.1112,-0.048,-0.008,-0.092,23.81,17.78,780,-127,5773,0,0,3406,0.0351,-0.011,-0.009,-0.091,26.08,20.05,739,-61,3130,0,0,7166,0.1106,-0.002,0.117,0.017,8.4,2.37,949,4266,5053,0,0,3124,0.0345,0.036,0.178,0.078,8.48,2.44,969,2491,1925,0,0
48.02,3,2155.9,475.75,-0.08,2927.4,102.3,0.29,1.33,0.46,0.5,0.0,1.0,3,5528,145.7,1.11,0.0,2.87,36.45,319,310,6580,0.1104,-0.042,-0.007,-0.093,23.88,17.85,781,-112,5778,0,0,3403,0.0349,-0.012,-0.009,-0.091,26.15,20.12,740,-65,3128,0,0,7147,0.1106,-0.003,0.125,0.025,8.87,2.84,952,4290,5028,0,0,3106,0.0351,0.027,0.185,0.085,8.47,2.44,973,2486,1903,0,0
48.04,3,2156.5,475.84,-0.08,2927.96,102.4,0.29,1.33,0.46,0.5,0.0,1.0,3,5550,144.9,1.11,-0.02,2.86,37.12,319,311,6591,0.1097,-0.035,-0.009,-0.091,23.63,17.6,781,-122,5786,0,0,3398,0.0346,-0.012,-0.005,-0.095,26.22,20.19,741,-56,3124,0,0,7133,0.1105,-0.002,0.125,0.025,8.87,2.84,956,4283,5024,0,0,3082,0.0355,0.022,0.186,0.086,8.72,2.69,977,2460,1894,0,0
48.06,3,2157.1,475.95,-0.08,2928.52,102.5,0.29,1.33,0.45,0.5,0.0,1.0,3,5572,144.4,1.11,-0.03,2.84,37.82,319,311,6606,0.1091,-0.029,-0.007,-0.093,23.7,17.67,783,-132,5800,0,0,3380,0.0344,-0.011,-0.008,-0.092,26.01,19.98,741,-67,3110,0,0,7140,0.1105,-0.002,0.128,0.028,9.13,3.1,959,4283,5036,0,0,3066,0.0358,0.016,0.193,0.093,9.2,3.17,981,2443,1886,0,0
48.08,3,2157.6,476.06,-0.08,2929.08,102.6,0.3,1.34,0.44,0.5,0.0,1.0,3,5595,144.0,1.1,-0.04,2.83,38.57,319,312,6616,0.1086,-0.024,-0.007,-0.093,23.62,17.59,784,-119,5809,0,0,3379,0.0342,-0.012,-0.011,-0.089,25.58,19.55,742,-75,3110,0,0,7143,0.1105,0.001,0.13,0.03,9.22,3.19,963,4303,5027,0,0,3056,0.0361,0.012,0.198,0.098,9.2,3.17,986,2435,1878,0,0
48.1,3,2158.2,476.17,-0.08,2929.64,102.7,0.3,1.34,0.43,0.5,0.0,1.0,3,5620,143.6,1.1,-0.05,2.83,39.36,320,312,6631,0.1082,-0.019,-0.008,-0.092,23.32,17.29,786,-141,5824,0,0,3367,0.034,-0.011,-0.008,-0.092,25.58,19.55,744,-75,3101,0,0,7132,0.1105,-0.001,0.135,0.035,9.55,3.52,967,4296,5023,0,0,3028,0.0362,0.007,0.203,0.103,9.66,3.62,990,2407,1864,0,0
48.12,3,2158.8,476.29,-0.08,2930.2,102.7,0.31,1.34,0.41,0.5,0.0,1.0,3,5643,143.3,1.1,-0.06,2.82,40.17,321,313,6640,0.1079,-0.016,-0.009,-0.091,22.92,16.88,788,-121,5834,0,0,3359,0.0338,-0.01,-0.012,-0.088,25.09,19.06,745,-81,3095,0,0,7157,0.1105,0.002,0.14,0.04,9.73,3.7,971,4329,5025,0,0,3030,0.0364,0.008,0.208,0.108,9.89,3.86,995,2406,1864,0,0
48.14,3,2159.4,476.42,-0.08,2930.76,102.8,0.31,1.35,0.4,0.5,0.0,1.0,3,5665,143.1,1.1,-0.07,2.82,40.99,321,313,6648,0.1076,-0.015,-0.007,-0.093,22.87,16.84,790,-137,5845,0,0,3338,0.0336,-0.01,-0.011,-0.089,24.76,18.73,747,-85,3080,0,0,7211,0.1106,0.003,0.144,0.044,10.25,4.22,975,4330,5075,0,0,3051,0.0365,0.008,0.216,0.116,10.39,4.36,999,2409,1884,0,0
48.16,3,2159.9,476.55,-0.08,2931.31,102.9,0.32,1.35,0.38,0.5,0.0,1.0,3,5686,142.8,1.1,-0.08,2.82,41.86,322,314,6643,0.1074,-0.01,-0.01,-0.09,22.47,16.44,792,-161,5845,0,0,3349,0.0333,-0.012,-0.011,-0.089,24.53,18.5,750,-83,3092,0,0,7203,0.1108,0.009,0.148,0.048,10.57,4.54,978,4320,5073,0,0,3026,0.0367,0.007,0.22,0.12,10.65,4.62,1003,2382,1874,0,0
48.18,3,2160.5,476.68,-0.08,2931.87,103.0,0.32,1.36,0.37,0.5,0.0,1.0,3,5714,142.6,1.1,-0.08,2.82,42.75,324,314,6654,0.1072,-0.011,-0.007,-0.093,22.0,15.97,795,-128,5859,0,0,3335,0.0331,-0.009,-0.012,-0.088,24.11,18.08,752,-84,3083,0,0,7212,0.1108,0.0,0.152,0.052,10.84,4.81,983,4319,5077,0,0,3015,0.0367,0.002,0.226,0.126,10.81,4.78,1008,2370,1866,0,0
48.2,3,2161.1,476.82,-0.08,2932.42,103.1,0.33,1.36,0.35,0.5,0.0,1.0,3,5740,142.4,1.1,-0.09,2.82,43.71,326,315,6648,0.107,-0.007,-0.004,-0.096,21.97,15.94,798,-116,5860,0,0,3334,0.0329,-0.011,-0.01,-0.09,23.78,17.75,754,-89,3084,0,0,7203,0.1109,0.005,0.156,0.056,11.05,5.02,987,4337,5051,0,0,2997,0.0367,0.001,0.233,0.133,11.37,5.34,1013,2351,1855,0,0
48.22,3,2161.6,476.97,-0.08,2932.98,103.1,0.34,1.36,0.33,0.5,0.0,1.0,3,5768,142.2,1.1,-0.09,2.82,44.68,327,315,6660,0.1068,-0.01,-0.01,-0.09,21.25,15.22,801,-166,5876,0,0,3305,0.0328,-0.007,-0.013,-0.087,23.15,17.12,757,-95,3063,0,0,7258,0.1109,-0.001,0.164,0.064,11.67,5.64,992,4345,5089,0,0,3020,0.0368,0.002,0.239,0.139,11.62,5.59,1018,2358,1873,0,0
48.24,3,2162.2,477.12,-0.08,2933.53,103.2,0.35,1.37,0.31,0.5,0.0,1.0,3,5793,142.0,1.1,-0.1,2.82,45.69,330,316,6654,0.1067,-0.004,-0.009,-0.091,20.73,14.7,804,-162,5879,0,0,3305,0.0325,-0.014,-0.007,-0.093,22.95,16.92,759,-85,3067,0,0,7277,0.1111,0.012,0.166,0.066,11.81,5.78,996,4351,5099,0,0,3006,0.0368,0.002,0.248,0.148,11.98,5.95,1023,2346,1860,0,0
48.26,3,2162.8,477.28,-0.08,2934.08,103.3,0.36,1.37,0.29,0.5,0.0,1.0,3,5821,141.7,1.1,-0.1,2.83,46.74,332,316,6635,0.1066,-0.008,-0.009,-0.091,20.41,14.38,807,-169,5871,0,0,3305,0.0323,-0.01,-0.013,-0.087,22.13,16.1,762,-102,3071,0,0,7287,0.1111,0.003,0.171,0.071,12.23,6.2,1001,4342,5106,0,0,3028,0.0368,0.001,0.253,0.153,12.54,6.51,1027,2343,1885,0,0
48.28,3,2163.4,477.44,-0.08,2934.64,103.4,0.37,1.38,0.26,0.5,0.0,1.0,3,5848,141.5,1.1,-0.11,2.83,47.84,334,317,6630,0.1064,-0.009,-0.009,-0.091,19.86,13.83,811,-170,5875,0,0,3300,0.0321,-0.008,-0.012,-0.088,21.55,15.51,766,-103,3072,0,0,7303,0.1112,0.004,0.177,0.077,12.64,6.61,1005,4346,5107,0,0,3031,0.0369,0.005,0.26,0.16,13.01,6.98,1032,2334,1892,0,0
48.3,3,2163.9,477.61,-0.08,2935.19,103.4,0.38,1.38,0.24,0.5,0.0,1.0,3,5879,141.3,1.1,-0.11,2.83,48.99,337,317,6624,0.1063,-0.008,-0.009,-0.091,19.26,13.23,815,-149,5880,0,0,3289,0.032,-0.009,-0.01,-0.09,20.95,14.92,769,-100,3067,0,0,7302,0.1113,0.003,0.186,0.086,13.06,7.03,1011,4352,5090,0,0,3017,0.037,0.002,0.268,0.168,13.4,7.37,1038,2321,1879,0,0
48.32,3,2164.5,477.78,-0.08,2935.73,103.5,0.4,1.39,0.21,0.5,0.0,1.0,3,5911,141.0,1.1,-0.12,2.83,50.18,339,318,6636,0.1061,-0.006,-0.008,-0.092,18.69,12.66,819,-168,5901,0,0,3251,0.0317,-0.012,-0.012,-0.088,20.14,14.11,773,-94,3039,0,0,7345,0.1114,0.005,0.19,0.09,13.54,7.51,1016,4358,5116,0,0,3005,0.0369,-0.001,0.278,0.178,14.02,7.99,1044,2305,1872,0,0
48.34,3,2165.1,477.96,-0.08,2936.28,103.6,0.42,1.39,0.18,0.5,0.0,1.0,3,5941,140.8,1.1,-0.13,2.84,51.42,342,318,6624,0.106,-0.005,-0.006,-0.094,17.81,11.78,822,-164,5903,0,0,3239,0.0314,-0.015,-0.01,-0.09,19.52,13.49,776,-95,3035,0,0,7392,0.1116,0.01,0.195,0.095,14.09,8.06,1021,4384,5127,0,0,3022,0.0369,0.0,0.286,0.186,14.48,8.45,1050,2304,1886,0,0
48.36,3,2165.7,478.15,-0.08,2936.83,103.7,0.43,1.4,0.15,0.5,0.0,1.0,3,5971,140.6,1.1,-0.13,2.85,52.69,344,319,6620,0.1059,-0.006,-0.009,-0.091,17.23,11.2,827,-187,5910,0,0,3218,0.0311,-0.015,-0.011,-0.089,18.53,12.5,780,-108,3023,0,0,7440,0.1118,0.011,0.202,0.102,14.59,8.55,1025,4374,5169,0,0,3023,0.037,0.002,0.297,0.197,15.16,9.13,1055,2296,1888,0,0
48.38,3,2166.2,478.34,-0.08,2937.37,103.7,0.45,1.4,0.12,0.5,0.0,1.0,3,6001,140.4,1.1,-0.14,2.85,53.99,348,319,6600,0.1058,-0.007,-0.006,-0.094,16.34,10.31,831,-172,5906,0,0,3211,0.0308,-0.015,-0.009,-0.091,17.9,11.86,784,-103,3024,0,0,7466,0.112,0.011,0.21,0.11,15.26,9.22,1031,4377,5177,0,0,3027,0.0371,0.003,0.307,0.207,15.49,9.46,1061,2293,1889,0,0
48.4,3,2166.8,478.53,-0.08,2937.92,103.8,0.46,1.41,0.09,0.5,0.0,1.0,3,6035,140.1,1.1,-0.15,2.86,55.33,351,320,6585,0.1056,-0.007,-0.008,-0.092,15.71,9.68,835,-159,5905,0,0,3200,0.0305,-0.015,-0.01,-0.09,16.9,10.87,788,-109,3021,0,0,7475,0.1121,0.007,0.216,0.116,15.72,9.69,1036,4374,5173,0,0,3020,0.037,-0.001,0.314,0.214,16.18,10.15,1067,2272,1892,0,0
48.42,3,2167.4,478.73,-0.08,2938.46,103.9,0.48,1.41,0.05,0.5,0.0,1.0,3,6070,139.8,1.1,-0.16,2.86,56.73,354,320,6567,0.1054,-0.009,-0.008,-0.092,14.82,8.79,839,-185,5902,0,0,3181,0.0302,-0.014,-0.008,-0.092,16.04,10.01,792,-100,3012,0,0,7508,0.1123,0.007,0.227,0.127,16.47,10.44,1042,4386,5178,0,0,3033,0.0371,0.002,0.326,0.226,16.92,10.89,1073,2272,1901,0,0
48.44,3,2168.0,478.94,-0.08,2939.0,104.0,0.5,1.42,0.02,0.5,0.0,1.0,3,6103,139.6,1.1,-0.17,2.87,58.12,357,321,6552,0.1052,-0.011,-0.007,-0.093,13.85,7.82,844,-163,5899,0,0,3160,0.0299,-0.016,-0.009,-0.091,14.88,8.85,796,-103,3000,0,0,7562,0.1125,0.011,0.232,0.132,16.87,10.83,1048,4396,5208,0,0,3049,0.0372,0.006,0.336,0.236,17.47,11.44,1079,2274,1911,0,0
48.46,3,2168.6,479.15,-0.08,2939.54,104.1,0.53,1.42,-0.02,0.5,0.0,1.0,3,6137,139.3,1.1,-0.18,2.87,59.55,361,321,6537,0.105,-0.011,-0.007,-0.093,13.0,6.97,848,-158,5893,0,0,3141,0.0296,-0.017,-0.009,-0.091,13.88,7.85,800,-110,2988,0,0,7582,0.1127,0.009,0.241,0.141,17.59,11.56,1053,4398,5208,0,0,3038,0.0372,0.003,0.353,0.253,18.42,12.39,1085,2261,1900,0,0
48.48,3,2169.1,479.37,-0.08,2940.08,104.2,0.55,1.42,-0.06,0.5,0.0,1.0,3,6171,139.1,1.1,-0.18,2.87,60.98,365,322,6507,0.1048,-0.012,-0.006,-0.094,11.92,5.89,853,-179,5868,0,0,3134,0.0292,-0.017,-0.007,-0.093,12.82,6.79,803,-98,2985,0,0,7603,0.1129,0.009,0.25,0.15,18.3,12.27,1059,4407,5204,0,0,3056,0.0373,0.004,0.36,0.26,18.78,12.74,1092,2263,1914,0,0
48.5,3,2169.7,479.59,-0.08,2940.61,104.3,0.57,1.42,-0.1,0.5,0.0,1.0,3,6205,138.8,1.1,-0.19,2.87,62.44,369,323,6469,0.1044,-0.016,-0.005,-0.095,10.7,4.67,858,-175,5821,0,0,3128,0.0289,-0.015,-0.006,-0.094,11.87,5.83,807,-87,2979,0,0,7610,0.113,0.005,0.258,0.158,18.77,12.74,1065,4402,5197,0,0,3072,0.0374,0.006,0.37,0.27,19.6,13.57,1098,2261,1928,0,0
48.52,3,2170.3,479.82,-0.08,2941.15,104.4,0.6,1.41,-0.15,0.5,0.0,1.0,3,6241,138.5,1.1,-0.2,2.87,63.88,373,323,6459,0.1041,-0.017,-0.004,-0.096,9.68,3.65,862,-156,5773,0,0,3089,0.0286,-0.017,-0.006,-0.094,10.85,4.81,809,-97,2938,0,0,7635,0.113,0.004,0.269,0.169,19.69,13.66,1071,4403,5199,0,0,3061,0.0375,0.005,0.383,0.283,20.38,14.35,1104,2247,1919,0,0
48.54,3,2170.9,480.06,-0.08,2941.68,104.5,0.62,1.41,-0.19,0.5,0.0,1.0,3,6275,138.3,1.1,-0.22,2.87,65.23,377,324,6418,0.1038,-0.017,-0.002,-0.098,8.16,2.13,866,-144,5647,0,0,3082,0.0282,-0.019,-0.006,-0.094,9.88,3.85,812,-90,2917,0,0,7673,0.1132,0.009,0.279,0.179,20.42,14.39,1077,4410,5214,0,0,3100,0.0377,0.007,0.397,0.297,21.25,15.21,1110,2262,1944,0,0
48.56,3,2171.5,480.3,-0.08,2942.21,104.6,0.65,1.39,-0.24,0.5,0.0,1.0,3,6307,138.0,1.1,-0.23,2.86,66.41,381,325,6348,0.1033,-0.024,-0.004,-0.096,6.98,0.94,870,-183,5410,0,0,3102,0.0279,-0.015,-0.001,-0.099,9.11,3.07,816,-74,2906,0,0,7665,0.1134,0.007,0.291,0.191,21.21,15.18,1083,4417,5181,0,0,3146,0.038,0.017,0.408,0.308,22.0,15.97,1115,2282,1976,0,0
48.58,3,2172.1,480.55,-0.08,2942.74,104.7,0.67,1.36,-0.28,0.5,0.0,1.0,3,6337,137.8,1.1,-0.25,2.85,67.26,385,326,6289,0.1027,-0.029,-0.004,-0.096,5.58,-0.45,873,-160,5044,0,0,3119,0.0277,-0.011,-0.004,-0.096,7.84,1.81,818,-98,2865,0,0,7668,0.1134,0.002,0.299,0.199,21.7,15.67,1089,4397,5184,0,0,3205,0.0384,0.021,0.421,0.321,22.68,16.65,1120,2312,2013,0,0
48.6,3,2172.6,480.8,-0.08,2943.27,104.9,0.69,1.32,-0.33,0.5,0.0,1.0,3,6368,137.6,1.1,-0.26,2.82,67.6,388,326,6204,0.102,-0.036,-0.003,-0.097,4.21,-1.82,875,-99,4448,0,0,3173,0.0276,-0.004,-0.005,-0.095,6.65,0.62,821,-90,2819,0,0,7583,0.1133,-0.005,0.314,0.214,22.75,16.72,1095,4377,5098,0,0,3254,0.039,0.027,0.431,0.331,23.52,17.49,1125,2331,2047,0,0
48.62,3,2173.2,481.06,-0.08,2943.79,105.0,0.69,1.24,-0.38,0.5,0.0,1.0,3,6400,137.3,1.1,-0.27,2.78,67.12,391,327,6094,0.101,-0.046,0.001,-0.099,2.82,-3.21,879,-80,3486,0,0,3250,0.0278,0.007,-0.002,-0.098,5.76,-0.28,824,-90,2726,0,0,7472,0.113,-0.017,0.33,0.23,23.59,17.56,1102,4328,5009,0,0,3349,0.0397,0.036,0.441,0.341,24.33,18.3,1129,2381,2110,0,0
48.64,3,2173.8,481.32,-0.08,2944.32,105.1,0.69,1.13,-0.43,0.5,0.0,1.0,3,6429,137.1,1.1,-0.29,2.72,65.39,392,328,5967,0.0999,-0.056,-0.001,-0.099,1.71,-4.32,880,-112,2279,0,0,3365,0.0282,0.019,-0.003,-0.097,4.66,-1.37,827,-102,2572,0,0,7324,0.1125,-0.023,0.343,0.243,24.27,18.24,1109,4271,4892,0,0,3475,0.0407,0.052,0.451,0.351,25.06,19.03,1132,2452,2191,0,0
48.66,3,2174.4,481.58,-0.08,2944.84,105.3,0.66,0.99,-0.48,0.5,0.0,1.0,3,6458,136.9,1.1,-0.3,2.63,62.17,392,329,5804,0.0985,-0.071,0.0,-0.1,0.65,-5.38,880,-39,1011,0,0,3548,0.0289,0.039,-0.001,-0.099,3.44,-2.59,831,-63,2356,0,0,7087,0.1117,-0.038,0.355,0.255,24.84,18.81,1116,4173,4721,0,0,3642,0.0422,0.072,0.46,0.36,25.83,19.8,1135,2548,2299,0,0
48.68,3,2175.0,481.86,-0.08,2945.36,105.5,0.62,0.86,-0.52,0.5,0.0,1.0,3,6485,136.7,1.1,-0.32,2.51,57.38,390,330,5613,0.0968,-0.087,0.002,-0.098,-0.73,-5.31,880,18,-270,0,0,3777,0.0302,0.064,-0.003,-0.097,2.57,-3.47,836,-141,2020,0,0,6767,0.1106,-0.056,0.37,0.27,25.39,19.36,1123,4059,4478,0,0,3839,0.0441,0.095,0.465,0.365,26.33,20.3,1138,2664,2421,0,0
48.7,3,2175.6,482.13,-0.08,2945.88,105.6,0.57,0.71,-0.57,0.5,0.0,1.0,3,6515,136.5,1.1,-0.33,2.37,51.05,385,331,5437,0.0947,-0.102,-0.002,-0.098,-1.45,-4.59,879,-44,-1258,0,0,4013,0.032,0.09,-0.002,-0.098,1.72,-4.32,842,-102,1582,0,0,6398,0.1091,-0.076,0.391,0.291,25.98,19.95,1130,3912,4207,0,0,4034,0.0464,0.115,0.471,0.371,26.64,20.61,1141,2785,2539,0,0
48.72,3,2176.2,482.41,-0.08,2946.4,105.8,0.52,0.59,-0.6,0.5,0.0,1.0,3,6543,135.9,1.1,-0.34,2.21,43.36,376,332,5291,0.0925,-0.109,-0.002,-0.098,-2.4,-3.63,880,-142,-2136,0,0,4230,0.0342,0.107,-0.001,-0.099,1.14,-4.89,848,-123,1092,0,0,6093,0.1075,-0.08,0.406,0.306,26.14,20.11,1136,3808,3964,0,0,4268,0.0491,0.135,0.476,0.376,26.83,20.8,1145,2934,2673,0,0
48.74,3,2176.8,482.69,-0.08,2946.92,105.9,0.47,0.48,-0.63,0.5,0.0,1.0,3,6566,135.3,1.1,-0.36,2.04,34.55,366,333,5152,0.0903,-0.113,-0.002,-0.098,-3.17,-2.86,880,-58,-2694,0,0,4458,0.0366,0.122,0.004,-0.096,0.56,-5.47,855,-11,480,0,0,5783,0.1059,-0.078,0.422,0.322,26.36,20.32,1141,3682,3735,0,0,4498,0.0522,0.157,0.475,0.375,26.86,20.83,1147,3079,2806,0,0
48.76,3,2177.3,482.98,-0.08,2947.44,106.1,0.42,0.39,-0.66,0.5,0.0,1.0,3,6585,134.9,1.1,-0.37,1.86,24.87,355,334,5071,0.088,-0.112,0.002,-0.098,-3.53,-2.5,879,-5,-3050,0,0,4627,0.0392,0.132,-0.003,-0.097,-0.34,-5.69,862,-235,-139,0,0,5524,0.1044,-0.077,0.436,0.336,26.53,20.49,1146,3582,3535,0,0,4666,0.0556,0.168,0.474,0.374,26.81,20.78,1150,3189,2903,0,0
48.78,3,2177.9,483.26,-0.08,2947.95,106.2,0.38,0.32,-0.68,0.5,0.0,1.0,3,6600,134.5,1.1,-0.39,1.68,14.51,342,334,4991,0.0859,-0.106,0.002,-0.098,-4.29,-1.74,879,-20,-3334,0,0,4784,0.0419,0.135,-0.002,-0.098,-0.93,-5.1,870,-125,-730,0,0,5309,0.103,-0.069,0.445,0.345,26.26,20.23,1149,3508,3359,0,0,4842,0.059,0.171,0.468,0.368,26.37,20.34,1152,3302,3007,0,0
48.8,3,2178.5,483.55,-0.08,2948.47,106.4,0.34,0.26,-0.69,0.5,0.0,1.0,3,6607,134.3,1.1,-0.41,1.5,3.64,329,335,4948,0.0839,-0.099,0.001,-0.099,-4.45,-1.58,878,14,-3494,0,0,4906,0.0446,0.135,-0.002,-0.098,-1.44,-4.59,877,-169,-1275,0,0,5146,0.1019,-0.058,0.454,0.354,25.87,19.84,1151,3464,3215,0,0,4982,0.0625,0.175,0.459,0.359,25.78,19.75,1152,3399,3086,0,0
48.82,3,2179.1,483.85,-0.08,2948.99,106.5,0.31,0.21,-0.7,0.5,0.0,1.0,3,6605,134.3,1.1,-0.43,1.34,-7.64,316,336,4911,0.0821,-0.092,-0.002,-0.098,-4.86,-1.17,878,-28,-3607,0,0,5001,0.0472,0.131,-0.004,-0.096,-2.02,-4.01,885,-177,-1752,0,0,5025,0.1009,-0.049,0.455,0.355,25.33,19.29,1151,3441,3102,0,0,5106,0.066,0.174,0.443,0.343,24.87,18.84,1151,3483,3163,0,0
48.84,3,2179.7,484.14,-0.09,2949.5,106.7,0.29,0.17,-0.69,0.5,0.0,1.0,3,6591,134.7,1.1,-0.45,1.18,-19.21,304,337,4901,0.0805,-0.081,-0.002,-0.098,-5.05,-0.98,878,-63,-3684,0,0,5058,0.0497,0.123,-0.002,-0.098,-2.31,-3.72,892,-159,-2140,0,0,4964,0.1001,-0.036,0.453,0.353,24.45,18.42,1149,3454,3024,0,0,5195,0.0694,0.168,0.424,0.324,23.74,17.71,1148,3550,3219,0,0
48.86,3,2180.3,484.44,-0.09,2950.01,106.8,0.28,0.14,-0.69,0.5,0.0,1.0,3,6565,135.3,1.1,-0.47,1.05,-31.0,293,338,4903,0.079,-0.073,-0.001,-0.099,-5.11,-0.93,878,-63,-3733,0,0,5095,0.052,0.114,-0.004,-0.096,-2.76,-3.27,901,-271,-2455,0,0,4985,0.0996,-0.027,0.446,0.346,23.37,17.34,1144,3516,3001,0,0,5254,0.0726,0.16,0.401,0.301,22.48,16.44,1143,3598,3264,0,0
48.88,3,2180.9,484.73,-0.09,2950.53,106.9,0.28,0.12,-0.67,0.5,0.0,1.0,3,6523,136.2,1.1,-0.49,0.92,-42.95,282,339,4890,0.0778,-0.063,-0.002,-0.098,-5.12,-0.92,877,-92,-3734,0,0,5123,0.054,0.103,-0.004,-0.096,-3.01,-3.02,909,-249,-2682,0,0,5033,0.0993,-0.017,0.432,0.332,22.03,16.0,1136,3605,2985,0,0,5326,0.0755,0.149,0.376,0.276,20.99,14.96,1136,3658,3316,0,0
48.9,3,2181.5,485.03,-0.09,2951.04,107.1,0.28,0.11,-0.65,0.5,0.0,1.0,3,6465,136.8,1.1,-0.51,0.8,-54.98,272,340,4897,0.0766,-0.057,-0.001,-0.099,-5.0,-1.03,877,-47,-3712,0,0,5121,0.0559,0.093,-0.004,-0.096,-3.21,-2.82,916,-231,-2836,0,0,5079,0.0991,-0.009,0.414,0.314,20.44,14.41,1126,3688,2979,0,0,5349,0.0784,0.141,0.34,0.24,19.15,13.11,1126,3669,3369,0,0
48.92,3,2182.1,485.34,-0.09,2951.55,107.3,0.3,0.1,-0.62,0.5,0.0,1.0,3,6390,137.3,1.1,-0.53,0.7,-67.04,263,342,4878,0.0756,-0.052,-0.001,-0.099,-4.86,-1.17,876,-68,-3644,0,0,5124,0.0575,0.082,-0.003,-0.097,-3.32,-2.71,924,-183,-2938,0,0,5109,0.099,-0.003,0.388,0.288,18.53,12.5,1112,3778,2952,0,0,5384,0.081,0.13,0.303,0.203,17.15,11.12,1113,3701,3423,0,0
48.94,3,2182.7,485.64,-0.09,2952.06,107.5,0.32,0.1,-0.58,0.5,0.0,1.0,3,6297,138.0,1.1,-0.55,0.62,-79.09,256,343,4906,0.0747,-0.044,-0.001,-0.099,-4.64,-1.39,875,-50,-3583,0,0,5079,0.0589,0.069,-0.004,-0.096,-3.3,-2.73,930,-120,-2923,0,0,5185,0.0991,0.003,0.359,0.259,16.37,10.34,1095,3915,2940,0,0,5390,0.0833,0.116,0.263,0.163,14.92,8.89,1097,3722,3462,0,0
48.96,3,2183.3,485.95,-0.09,2952.57,107.7,0.35,0.1,-0.53,0.5,0.0,1.0,3,6181,138.9,1.1,-0.58,0.54,-90.93,249,345,4885,0.0739,-0.039,0.002,-0.098,-4.28,-1.76,873,16,-3434,0,0,5051,0.06,0.055,-0.002,-0.098,-3.32,-2.71,940,-162,-2939,0,0,5203,0.0993,0.011,0.324,0.224,13.95,7.92,1075,4033,2879,0,0,5392,0.0854,0.106,0.222,0.122,12.54,6.51,1077,3729,3522,0,0
48.98,3,2183.9,486.26,-0.09,2953.08,107.9,0.39,0.11,-0.48,0.5,0.0,1.0,3,6041,139.9,1.1,-0.6,0.48,-102.6,243,346,4847,0.0731,-0.041,0.0,-0.1,-3.98,-2.05,872,-32,-3264,0,0,5020,0.0609,0.045,-0.002,-0.098,-3.23,-2.8,947,-161,-2877,0,0,5223,0.0995,0.01,0.283,0.183,11.23,5.2,1049,4180,2798,0,0,5416,0.0873,0.097,0.172,0.072,9.9,3.87,1053,3738,3606,0,0
49.0,3,2184.5,486.57,-0.09,2953.6,108.2,0.43,0.12,-0.43,0.5,0.0,1.0,3,5873,141.2,1.1,-0.62,0.42,-113.91,238,348,4846,0.0723,-0.039,-0.001,-0.099,-3.65,-2.38,870,-64,-3081,0,0,4952,0.0616,0.035,-0.004,-0.096,-3.1,-2.93,953,-224,-2749,0,0,5283,0.0998,0.014,0.235,0.135,8.25,2.21,1018,4409,2668,0,0,5411,0.0891,0.088,0.124,0.024,7.13,1.1,1024,3706,3636,0,0
49.02,3,2185.1,486.88,-0.09,2954.11,108.5,0.48,0.11,-0.36,0.5,0.0,1.0,3,5676,142.7,1.1,-0.65,0.37,-124.47,233,351,4805,0.0716,-0.037,0.0,-0.1,-3.25,-2.79,867,-9,-2830,0,0,4899,0.0621,0.022,-0.002,-0.098,-2.87,-3.16,959,-162,-2588,0,0,5343,0.1002,0.02,0.185,0.085,5.08,-0.96,981,4722,2376,0,0,5431,0.0907,0.079,0.07,-0.03,4.19,-1.84,993,3475,3449,0,0
49.04,3,2185.7,487.2,-0.09,2954.62,108.9,0.51,0.02,-0.3,0.0,0.0,1.0,3,5508,143.8,1.1,-0.68,0.31,-132.94,230,353,4697,0.0707,-0.044,-0.002,-0.098,-2.91,-3.12,864,-43,-2528,0,0,4928,0.0624,0.018,-0.003,-0.097,-2.64,-3.39,964,-177,-2433,0,0,5326,0.1005,0.015,0.123,0.023,1.82,-4.21,954,5050,1573,0,0,5480,0.0922,0.077,0.029,-0.071,1.29,-4.74,978,2928,1994,0,0
49.06,3,2186.3,487.51,-0.09,2955.14,109.2,0.45,-0.28,-0.23,0.0,0.0,1.0,3,5279,-59.8,0.93,-0.7,0.2,-136.9,226,355,4432,0.0693,-0.07,-0.001,-0.099,-2.54,-3.49,862,-27,-2170,0,0,5167,0.0633,0.042,-0.003,-0.097,-2.33,-3.7,966,-106,-2295,0,0,5053,0.1001,-0.018,0.051,-0.049,-1.22,-4.81,855,4003,-311,0,0,5686,0.0941,0.095,0.019,-0.081,-1.42,-4.62,937,1175,-800,0,0
49.08,3,2186.9,487.83,-0.09,2955.66,109.2,-0.09,-0.71,-0.16,0.0,0.0,1.0,3,5173,-58.7,0.69,-0.69,0.02,-135.97,225,355,4177,0.0672,-0.106,0.0,-0.1,-2.12,-3.91,858,-21,-1775,0,0,5782,0.0655,0.113,0.001,-0.099,-1.89,-4.14,963,5,-2178,0,0,4486,0.0983,-0.093,0.029,-0.071,-3.76,-2.27,852,798,-2409,0,0,5866,0.0966,0.126,0.004,-0.096,-3.73,-2.3,932,-816,-3185,0,0
49.1,3,2187.5,488.14,-0.09,2956.18,109.1,-0.13,-0.95,-0.1,0.0,0.0,1.0,3,5115,-59.2,0.53,-0.67,-0.22,-131.31,227,354,3878,0.0646,-0.127,-0.001,-0.099,-1.74,-4.29,855,-29,-1388,0,0,6303,0.0695,0.196,0.0,-0.1,-1.51,-4.52,957,31,-1918,0,0,4059,0.0946,-0.182,0.008,-0.092,-6.0,-0.03,882,686,-3167,0,0,6120,0.0995,0.142,-0.028,-0.072,-5.68,-0.35,949,-1091,-4552,0,0
49.12,3,2188.1,488.44,-0.09,2956.7,109.0,-0.1,-1.03,-0.04,0.0,0.0,1.0,3,5176,-58.8,0.42,-0.64,-0.48,-124.46,235,354,3702,0.0617,-0.145,-0.001,-0.099,-1.37,-4.66,853,-87,-1100,0,0,6616,0.0738,0.219,0.001,-0.099,-1.04,-4.99,949,47,-1529,0,0,3742,0.0905,-0.208,0.043,-0.057,-7.93,1.89,865,826,-3264,0,0,6595,0.1026,0.156,-0.004,-0.096,-7.49,1.46,919,-797,-5486,0,0
49.14,3,2188.7,488.74,-0.09,2957.23,108.8,-0.09,-1.05,0.02,0.0,0.0,1.0,3,5115,-59.2,0.35,-0.6,-0.72,-116.41,246,352,3669,0.0591,-0.131,-0.001,-0.099,-1.27,-4.76,851,-35,-952,0,0,6769,0.078,0.211,-0.001,-0.099,-1.02,-5.01,943,2,-1356,0,0,3523,0.0861,-0.217,0.02,-0.08,-9.5,3.47,896,689,-3217,0,0,6873,0.1051,0.124,-0.034,-0.066,-9.01,2.98,934,-973,-5939,0,0
49.16,3,2189.3,489.04,-0.09,2957.75,108.7,-0.08,-1.04,0.06,0.0,0.0,1.0,3,5159,-58.7,0.3,-0.55,-0.93,-107.82,260,351,3714,0.057,-0.107,-0.002,-0.098,-1.13,-4.9,851,-23,-880,0,0,6823,0.0818,0.186,0.0,-0.1,-0.86,-5.17,938,-90,-1188,0,0,3366,0.0819,-0.214,0.059,-0.041,-11.09,5.06,875,770,-3106,0,0,6933,0.1066,0.079,-0.012,-0.088,-10.46,4.42,903,-770,-6117,0,0
49.18,3,2189.9,489.33,-0.09,2958.28,108.6,-0.07,-1.02,0.1,0.0,0.0,1.0,3,5085,-59.0,0.27,-0.5,-1.11,-99.19,274,350,3784,0.0553,-0.083,0.003,-0.097,-1.44,-4.59,853,-17,-1015,0,0,6811,0.085,0.159,-0.001,-0.099,-0.74,-5.29,929,-77,-963,0,0,3257,0.0777,-0.207,0.029,-0.071,-12.35,6.32,901,618,-3045,0,0,6844,0.1074,0.036,-0.033,-0.067,-11.72,5.68,918,-816,-6083,0,0
49.2,3,2190.5,489.62,-0.09,2958.81,108.4,-0.06,-1.01,0.14,0.0,0.0,1.0,3,5116,-58.4,0.24,-0.44,-1.27,-90.69,289,349,3857,0.054,-0.064,0.001,-0.099,-1.72,-4.31,854,-47,-1202,0,0,6767,0.0876,0.133,0.001,-0.099,-0.71,-5.32,925,-5,-880,0,0,3183,0.0739,-0.193,0.055,-0.045,-13.35,7.32,874,615,-2979,0,0,6675,0.1074,0.004,-0.01,-0.09,-12.68,6.65,889,-610,-5980,0,0
49.22,3,2191.1,489.9,-0.09,2959.34,108.2,-0.05,-1.02,0.17,0.0,0.0,1.0,3,5028,-58.6,0.23,-0.39,-1.39,-82.54,302,347,3909,0.053,-0.051,0.002,-0.098,-2.02,-4.01,854,-9,-1416,0,0,6735,0.0899,0.113,0.004,-0.096,-0.74,-5.29,918,142,-932,0,0,3136,0.0703,-0.176,0.026,-0.074,-14.4,8.37,894,493,-2951,0,0,6506,0.1072,-0.012,-0.034,-0.066,-13.66,7.62,905,-641,-5840,0,0
49.24,3,2191.7,490.18,-0.09,2959.87,108.1,-0.04,-1.04,0.19,0.0,0.0,1.0,3,5057,-58.0,0.22,-0.34,-1.51,-74.92,314,346,3923,0.0521,-0.044,-0.002,-0.098,-2.33,-3.7,855,-81,-1641,0,0,6724,0.0918,0.098,-0.001,-0.099,-0.93,-5.1,915,-42,-1114,0,0,3092,0.0671,-0.164,0.05,-0.05,-15.17,9.13,866,467,-2910,0,0,6370,0.1068,-0.022,-0.007,-0.093,-14.48,8.45,876,-449,-5740,0,0
49.26,3,2192.3,490.46,-0.09,2960.41,107.9,-0.03,-1.07,0.21,0.0,0.0,1.0,3,4969,-58.2,0.21,-0.29,-1.61,-67.83,325,345,3888,0.0513,-0.044,-0.002,-0.098,-2.7,-3.33,856,-108,-1855,0,0,6747,0.0936,0.09,0.002,-0.098,-1.17,-4.86,909,22,-1386,0,0,3060,0.064,-0.152,0.018,-0.082,-15.74,9.71,885,369,-2889,0,0,6323,0.1064,-0.018,-0.031,-0.069,-15.17,9.14,892,-478,-5693,0,0
49.28,3,2192.9,490.73,-0.09,2960.94,107.7,-0.02,-1.11,0.22,0.0,0.0,1.0,3,4999,-57.6,0.21,-0.25,-1.72,-61.26,335,343,3837,0.0503,-0.048,-0.001,-0.099,-2.94,-3.09,857,-58,-2042,0,0,6780,0.0954,0.085,-0.001,-0.099,-1.45,-4.58,906,-74,-1729,0,0,3025,0.0612,-0.14,0.044,-0.056,-16.29,10.26,857,359,-2854,0,0,6328,0.1063,-0.007,-0.004,-0.096,-15.78,9.74,864,-344,-5698,0,0
49.3,3,2193.5,490.99,-0.09,2961.48,107.5,-0.01,-1.16,0.23,0.0,0.0,1.0,3,4913,-57.8,0.21,-0.21,-1.82,-55.28,343,342,3773,0.0493,-0.052,0.002,-0.098,-3.49,-2.54,857,-53,-2222,0,0,6826,0.097,0.082,-0.002,-0.098,-1.78,-4.25,901,-5,-2103,0,0,2984,0.0586,-0.131,0.012,-0.088,-16.67,10.64,876,282,-2821,0,0,6378,0.1063,0.003,-0.029,-0.071,-16.25,10.21,882,-391,-5728,0,0
49.32,3,2194.1,491.25,-0.09,2962.01,107.2,0.0,-1.22,0.23,0.0,0.0,1.0,3,4945,-57.2,0.2,-0.18,-1.92,-49.89,351,341,3693,0.0482,-0.055,0.0,-0.1,-3.76,-2.27,858,-40,-2380,0,0,6878,0.0986,0.079,-0.001,-0.099,-2.27,-3.76,898,-119,-2638,0,0,2931,0.0561,-0.126,0.04,-0.06,-17.05,11.02,849,274,-2771,0,0,6456,0.1065,0.008,-0.001,-0.099,-16.65,10.62,854,-275,-5791,0,0
49.34,3,2194.7,491.51,-0.09,2962.55,107.0,0.02,-1.28,0.23,0.0,0.0,1.0,3,4864,-57.4,0.2,-0.15,-2.03,-45.13,358,339,3615,0.0469,-0.06,-0.001,-0.099,-4.37,-1.66,858,-40,-2502,0,0,6943,0.1001,0.079,-0.001,-0.099,-2.58,-3.45,894,-39,-3137,0,0,2883,0.0537,-0.12,0.008,-0.092,-17.25,11.22,868,202,-2731,0,0,6575,0.1069,0.019,-0.027,-0.073,-16.89,10.86,872,-323,-5880,0,0
49.36,3,2195.3,491.76,-0.09,2963.09,106.8,0.03,-1.33,0.23,0.0,0.0,1.0,3,4900,-56.9,0.2,-0.13,-2.14,-40.92,365,338,3527,0.0456,-0.066,-0.001,-0.099,-4.84,-1.19,858,-66,-2618,0,0,7012,0.1017,0.08,-0.001,-0.099,-3.15,-2.88,891,-53,-3637,0,0,2801,0.0513,-0.119,0.033,-0.067,-17.34,11.31,841,210,-2654,0,0,6698,0.1074,0.027,0.003,-0.097,-17.1,11.06,845,-195,-5979,0,0
49.38,3,2195.9,492.0,-0.08,2963.63,106.5,0.04,-1.38,0.22,0.0,0.0,1.0,3,4822,-57.1,0.2,-0.11,-2.25,-37.26,371,336,3442,0.0443,-0.068,-0.001,-0.099,-5.22,-0.82,857,-33,-2683,0,0,7078,0.1033,0.078,-0.002,-0.098,-3.66,-2.37,887,-93,-4091,0,0,2747,0.049,-0.117,0.005,-0.095,-17.22,11.18,862,156,-2608,0,0,6849,0.108,0.029,-0.025,-0.075,-17.13,11.1,865,-311,-6093,0,0
49.4,3,2196.5,492.24,-0.08,2964.17,106.3,0.04,-1.43,0.21,0.0,0.0,1.0,3,4863,-56.6,0.2,-0.09,-2.36,-34.09,377,335,3387,0.0429,-0.068,-0.001,-0.099,-5.69,-0.34,856,-40,-2758,0,0,7136,0.1049,0.078,-0.003,-0.097,-4.25,-1.78,883,-47,-4554,0,0,2667,0.0467,-0.114,0.03,-0.07,-17.43,11.4,835,164,-2535,0,0,6953,0.1086,0.032,0.002,-0.098,-17.2,11.17,839,-202,-6178,0,0
49.42,3,2197.1,492.47,-0.08,2964.71,106.0,0.04,-1.48,0.2,0.0,0.0,1.0,3,4788,-56.9,0.2,-0.07,-2.47,-31.41,382,333,3323,0.0416,-0.067,-0.001,-0.099,-6.22,0.19,855,-33,-2810,0,0,7169,0.1063,0.074,0.004,-0.096,-4.5,-1.53,880,40,-4983,0,0,2600,0.0444,-0.113,0.0,-0.1,-17.39,11.36,856,114,-2476,0,0,7046,0.1092,0.028,-0.024,-0.076,-17.22,11.18,859,-269,-6249,0,0
49.44,3,2197.7,492.69,-0.08,2965.25,105.8,0.05,-1.51,0.19,0.0,0.0,1.0,3,4832,-56.4,0.2,-0.04,-2.57,-29.16,387,332,3284,0.0402,-0.066,-0.001,-0.099,-6.89,0.86,853,-25,-2856,0,0,7218,0.1077,0.069,-0.001,-0.099,-5.36,-0.67,877,-23,-5355,0,0,2536,0.0422,-0.111,0.026,-0.074,-17.27,11.24,830,132,-2417,0,0,7120,0.1097,0.024,0.003,-0.097,-17.11,11.08,833,-190,-6310,0,0
49.46,3,2198.2,492.91,-0.08,2965.8,105.5,0.05,-1.54,0.17,0.0,0.0,1.0,3,4762,-56.7,0.2,-0.03,-2.67,-27.24,390,330,3221,0.039,-0.065,0.001,-0.099,-7.2,1.17,850,10,-2873,0,0,7252,0.1091,0.067,-0.003,-0.097,-6.1,0.07,872,-95,-5647,0,0,2485,0.04,-0.107,-0.002,-0.098,-17.19,11.16,852,91,-2373,0,0,7215,0.1102,0.025,-0.022,-0.078,-16.85,10.82,854,-261,-6384,0,0
49.48,3,2198.8,493.12,-0.08,2966.34,105.2,0.04,-1.57,0.16,1.0,0.0,1.0,3,4807,-56.2,0.2,-0.01,-2.76,-25.59,394,329,3212,0.0377,-0.062,0.0,-0.1,-7.8,1.77,848,-3,-2914,0,0,7253,0.1103,0.062,0.0,-0.1,-6.5,0.47,868,-36,-5880,0,0,2437,0.038,-0.103,0.025,-0.075,-16.88,10.85,826,117,-2329,0,0,7231,0.1106,0.021,0.006,-0.094,-16.96,10.93,828,-159,-6400,0,0
49.5,3,2199.4,493.33,-0.08,2966.89,104.9,0.03,-1.58,0.14,1.0,0.0,1.0,3,4766,126.5,0.32,0.01,-2.84,-24.2,397,327,3175,0.0366,-0.055,-0.002,-0.098,-8.57,2.54,845,-25,-2929,0,0,7265,0.1114,0.052,-0.001,-0.099,-7.43,1.4,866,-59,-6077,0,0,2379,0.036,-0.099,-0.005,-0.095,-16.8,10.77,847,75,-2278,0,0,7232,0.1108,0.008,-0.021,-0.079,-16.51,10.48,849,-241,-6402,0,0
49.52,3,2200.0,493.53,-0.08,2967.43,104.6,0.03,-1.6,0.12,1.0,0.0,1.0,3,4825,181.3,0.62,0.03,-2.92,-23.02,399,325,3158,0.0355,-0.054,-0.001,-0.099,-9.23,3.2,842,-10,-2945,0,0,7293,0.1123,0.049,-0.001,-0.099,-8.06,2.03,862,-60,-6222,0,0,2340,0.0341,-0.095,0.024,-0.076,-16.69,10.66,822,96,-2242,0,0,7250,0.1109,0.008,0.006,-0.094,-16.63,10.6,824,-162,-6420,0,0
49.54,3,2200.6,493.73,-0.08,2967.98,104.3,0.02,-1.61,0.1,1.0,0.0,1.0,3,4758,181.5,0.95,0.05,-2.99,-21.98,400,324,3163,0.0346,-0.046,-0.001,-0.099,-9.81,3.78,839,-2,-2972,0,0,7306,0.1133,0.048,-0.001,-0.099,-8.86,2.83,858,-61,-6335,0,0,2317,0.0323,-0.09,-0.004,-0.096,-16.49,10.46,844,61,-2222,0,0,7235,0.111,0.004,-0.023,-0.077,-16.36,10.33,846,-252,-6409,0,0
49.56,3,2201.2,493.91,-0.08,2968.53,104.0,0.01,-1.61,0.08,1.0,0.0,1.0,3,4870,222.5,1.2,0.07,-3.05,-21.09,401,322,3181,0.0339,-0.038,0.003,-0.097,-10.2,4.17,836,10,-3005,0,0,7316,0.1141,0.042,-0.002,-0.098,-9.68,3.65,853,-51,-6410,0,0,2282,0.0307,-0.083,0.023,-0.077,-16.28,10.25,864,193,-2185,0,0,7180,0.1109,-0.003,0.005,-0.095,-16.24,10.21,864,112,-6372,0,0
49.58,3,2201.7,494.09,-0.08,2969.07,103.9,0.17,-1.6,0.06,1.0,0.0,1.0,3,5175,263.1,1.39,0.08,-3.1,-20.79,400,321,3145,0.0332,-0.034,-0.001,-0.099,-11.15,5.12,832,-22,-2985,0,0,7251,0.1148,0.034,0.0,-0.1,-10.47,4.44,848,-74,-6408,0,0,2348,0.0292,-0.072,0.107,0.007,-16.02,9.99,913,842,-2113,0,0,7205,0.1109,-0.004,0.076,-0.024,-15.94,9.91,903,1713,-6192,0,0
49.6,3,2202.3,494.27,-0.08,2969.62,103.8,0.32,-1.55,0.03,0.5,0.0,1.0,3,5739,292.4,1.53,0.08,-3.14,-21.13,399,320,3086,0.0323,-0.042,-0.001,-0.099,-11.86,5.83,829,-9,-2939,0,0,7110,0.115,0.009,-0.003,-0.097,-11.24,5.21,846,-77,-6327,0,0,2470,0.0284,-0.041,0.231,0.131,-15.69,9.66,1026,1490,-1908,0,0,7281,0.111,0.009,0.19,0.09,-15.84,9.8,1010,3498,-5561,0,0
49.62,3,2202.9,494.44,-0.08,2970.18,103.9,0.5,-1.46,0.01,0.5,0.0,1.0,3,5605,206.2,1.51,0.06,-3.15,-22.57,396,321,3067,0.0315,-0.041,0.0,-0.1,-12.38,6.35,827,-13,-2925,0,0,6865,0.1145,-0.024,-0.001,-0.099,-12.08,6.05,844,-81,-6151,0,0,2692,0.0283,-0.003,0.214,0.114,-15.72,9.69,998,1742,-1980,0,0,7350,0.1113,0.014,0.146,0.046,-15.71,9.68,961,3489,-5631,0,0
49.64,3,2203.5,494.6,-0.08,2970.73,103.9,0.4,-1.51,-0.01,0.5,0.0,1.0,3,5368,185.9,1.37,0.04,-3.15,-22.95,393,321,3028,0.0307,-0.039,-0.001,-0.099,-13.37,7.34,824,-20,-2891,0,0,6804,0.1137,-0.042,-0.002,-0.098,-12.93,6.9,842,-57,-6109,0,0,2745,0.0287,0.019,0.155,0.055,-15.68,9.65,949,1453,-2239,0,0,7430,0.1116,0.016,0.105,0.005,-15.62,9.58,928,2708,-6071,0,0
49.66,3,2204.0,494.76,-0.08,2971.28,103.8,0.34,-1.54,-0.04,0.5,0.0,1.0,3,5500,172.3,1.28,0.03,-3.16,-22.88,389,320,3031,0.03,-0.037,0.0,-0.1,-14.22,8.19,822,-9,-2891,0,0,6822,0.1132,-0.024,-0.002,-0.098,-13.71,7.68,839,-53,-6123,0,0,2724,0.0288,0.004,0.177,0.077,-15.49,9.46,984,1473,-2207,0,0,7472,0.112,0.016,0.136,0.036,-15.41,9.38,971,3002,-5986,0,0
49.68,3,2204.6,494.92,-0.08,2971.84,103.8,0.34,-1.53,-0.06,1.0,0.0,1.0,3,5288,162.3,1.22,0.01,-3.17,-22.83,386,320,3037,0.0294,-0.031,0.005,-0.095,-15.03,9.0,818,11,-2893,0,0,6812,0.1127,-0.023,-0.003,-0.097,-14.49,8.46,835,-59,-6110,0,0,2726,0.0288,0.002,0.134,0.034,-15.23,9.2,933,1323,-2293,0,0,7489,0.1122,0.01,0.092,-0.008,-15.34,9.31,916,2464,-6215,0,0
49.7,3,2205.2,495.06,-0.08,2972.4,103.7,0.28,-1.55,-0.08,0.5,0.0,1.0,3,5484,248.7,1.31,0.0,-3.17,-22.55,383,319,3051,0.0289,-0.025,0.0,-0.1,-15.7,9.67,814,1,-2901,0,0,6803,0.1124,-0.017,-0.003,-0.097,-15.27,9.24,831,-58,-6094,0,0,2714,0.0287,-0.004,0.17,0.07,-15.04,9.01,979,1438,-2220,0,0,7466,0.1122,0.003,0.133,0.033,-15.17,9.14,966,2942,-6015,0,0
49.72,3,2205.8,495.2,-0.08,2972.96,103.7,0.35,-1.51,-0.11,0.5,0.0,1.0,3,5389,182.3,1.35,-0.01,-3.17,-22.8,381,319,3043,0.0285,-0.021,0.0,-0.1,-16.82,10.79,810,-2,-2887,0,0,6747,0.1119,-0.024,-0.003,-0.097,-15.91,9.88,829,-64,-6039,0,0,2741,0.0288,0.004,0.159,0.059,-14.86,8.82,953,1523,-2201,0,0,7455,0.1122,0.0,0.107,0.007,-14.94,8.91,931,2901,-6026,0,0
49.74,3,2206.3,495.34,-0.08,2973.52,103.6,0.3,-1.52,-0.13,0.5,0.0,1.0,3,5491,169.8,1.27,-0.02,-3.17,-22.65,378,319,3060,0.0281,-0.019,0.0,-0.1,-17.7,11.67,807,4,-2896,0,0,6760,0.1115,-0.023,0.0,-0.1,-16.85,10.82,825,-28,-6038,0,0,2728,0.0289,0.003,0.176,0.076,-14.9,8.87,983,1507,-2196,0,0,7431,0.1122,-0.001,0.135,0.035,-14.59,8.56,969,3070,-5935,0,0
49.76,3,2206.9,495.46,-0.08,2974.08,103.6,0.29,-1.52,-0.15,1.0,0.0,1.0,3,5268,160.5,1.21,-0.02,-3.17,-22.52,375,318,3080,0.0278,-0.014,0.001,-0.099,-18.59,12.56,803,6,-2906,0,0,6788,0.1111,-0.017,-0.003,-0.097,-17.62,11.59,821,-56,-6048,0,0,2719,0.0289,0.001,0.128,0.028,-14.68,8.65,930,1328,-2289,0,0,7424,0.1121,-0.003,0.085,-0.015,-14.64,8.61,913,2440,-6183,0,0
49.78,3,2207.5,495.59,-0.08,2974.64,103.5,0.23,-1.54,-0.18,0.5,0.0,1.0,3,5465,246.9,1.3,-0.02,-3.17,-22.1,373,318,3098,0.0276,-0.011,0.002,-0.098,-19.48,13.45,798,9,-2915,0,0,6821,0.111,-0.007,-0.003,-0.097,-18.43,12.4,816,-43,-6060,0,0,2683,0.0287,-0.007,0.166,0.066,-14.38,8.35,976,1440,-2191,0,0,7388,0.1121,-0.003,0.127,0.027,-14.48,8.45,963,2920,-5970,0,0
49.8,3,2208.1,495.7,-0.08,2975.2,103.4,0.26,-1.51,-0.2,1.0,0.0,1.0,3,5307,181.0,1.34,-0.02,-3.17,-22.0,371,317,3133,0.0275,-0.005,0.001,-0.099,-20.31,14.28,793,10,-2940,0,0,6870,0.1109,-0.003,-0.002,-0.098,-19.13,13.1,812,-49,-6086,0,0,2663,0.0286,-0.009,0.139,0.039,-14.37,8.34,937,1381,-2205,0,0,7360,0.112,-0.007,0.096,-0.004,-14.37,8.33,919,2640,-6062,0,0
49.82,3,2208.6,495.81,-0.08,2975.77,103.3,0.22,-1.52,-0.23,0.5,0.0,1.0,3,5500,267.9,1.4,-0.02,-3.17,-21.82,370,317,3166,0.0276,0.003,0.002,-0.098,-21.12,15.09,789,18,-2961,0,0,6898,0.111,0.005,-0.001,-0.099,-20.04,14.0,808,-33,-6093,0,0,2630,0.0283,-0.013,0.167,0.067,-14.18,8.15,976,1501,-2098,0,0,7291,0.1117,-0.011,0.125,0.025,-14.14,8.11,960,3142,-5792,0,0
49.84,3,2209.2,495.92,-0.08,2976.33,103.2,0.28,-1.48,-0.25,0.5,0.0,1.0,3,5377,192.5,1.42,-0.02,-3.17,-22.09,368,316,3168,0.0276,0.003,0.004,-0.096,-22.16,16.13,783,21,-2956,0,0,6830,0.1109,-0.004,-0.002,-0.098,-20.83,14.8,803,-38,-6026,0,0,2691,0.0282,-0.005,0.158,0.058,-14.07,8.04,951,1546,-2140,0,0,7257,0.1115,-0.012,0.107,0.007,-13.77,7.74,929,2943,-5857,0,0
49.86,3,2209.8,496.02,-0.08,2976.9,103.1,0.19,-1.51,-0.27,1.0,0.0,1.0,3,5213,175.6,1.31,-0.01,-3.16,-21.67,366,316,3181,0.0276,0.0,0.003,-0.097,-23.05,17.02,778,22,-2960,0,0,6869,0.1108,-0.007,0.0,-0.1,-21.61,15.58,798,-20,-6044,0,0,2660,0.0282,0.0,0.116,0.016,-13.74,7.71,919,1247,-2275,0,0,7225,0.1113,-0.007,0.078,-0.022,-13.89,7.86,905,2259,-6090,0,0
49.88,3,2210.4,496.11,-0.08,2977.46,103.0,0.15,-1.51,-0.3,0.5,0.0,1.0,3,5435,262.4,1.38,-0.01,-3.16,-21.18,364,315,3206,0.0277,0.005,0.004,-0.096,-23.93,17.9,772,23,-2976,0,0,6899,0.1108,0.002,-0.002,-0.098,-22.24,16.21,792,-40,-6055,0,0,2649,0.028,-0.01,0.16,0.06,-13.69,7.66,970,1453,-2155,0,0,7180,0.1111,-0.013,0.123,0.023,-13.48,7.45,958,2918,-5807,0,0
49.9,3,2210.9,496.2,-0.08,2978.03,102.9,0.24,-1.46,-0.32,0.5,0.0,1.0,3,5349,189.6,1.4,0.0,-3.16,-21.34,363,314,3229,0.0279,0.006,0.004,-0.096,-24.8,18.77,767,24,-2989,0,0,6888,0.1109,0.005,-0.001,-0.099,-23.19,17.16,787,-30,-6033,0,0,2692,0.0279,-0.004,0.151,0.051,-13.54,7.51,946,1555,-2139,0,0,7179,0.111,-0.005,0.102,0.002,-13.51,7.48,924,2907,-5813,0,0
49.92,3,2211.5,496.28,-0.08,2978.59,102.8,0.15,-1.5,-0.34,1.0,0.0,1.0,3,5184,173.7,1.3,0.0,-3.15,-20.82,361,314,3238,0.028,0.009,0.003,-0.097,-25.63,19.6,761,26,-2990,0,0,6924,0.111,0.002,0.0,-0.1,-23.96,17.93,782,-24,-6049,0,0,2665,0.028,0.001,0.11,0.01,-13.21,7.18,914,1252,-2282,0,0,7160,0.1109,-0.006,0.076,-0.024,-13.36,7.33,900,2238,-6049,0,0
49.94,3,2212.1,496.35,-0.08,2979.16,102.6,0.11,-1.5,-0.37,0.5,0.0,1.0,3,5412,260.5,1.37,0.01,-3.16,-20.22,360,313,3226,0.0282,0.007,0.006,-0.094,-26.51,20.48,755,34,-2974,0,0,6990,0.1112,0.013,-0.001,-0.099,-24.69,18.66,776,-25,-6088,0,0,2609,0.0277,-0.012,0.155,0.055,-13.07,7.04,966,1435,-2126,0,0,7152,0.1107,-0.006,0.12,0.02,-13.08,7.05,954,2913,-5793,0,0
49.96,3,2212.6,496.42,-0.08,2979.72,102.6,0.2,-1.45,-0.39,1.0,0.0,1.0,3,5320,188.5,1.39,0.02,-3.16,-20.32,358,312,3265,0.0283,0.007,0.004,-0.096,-27.33,21.3,749,26,-3002,0,0,6961,0.1114,0.011,-0.001,-0.099,-25.47,19.44,771,-27,-6054,0,0,2670,0.0276,-0.007,0.146,0.046,-12.93,6.9,941,1559,-2118,0,0,7141,0.1107,-0.003,0.097,-0.003,-12.89,6.85,919,2932,-5778,0,0
49.98,3,2213.2,496.48,-0.08,2980.29,102.4,0.12,-1.48,-0.41,1.0,0.0,1.0,3,5224,274.1,1.44,0.02,-3.16,-19.78,357,311,3285,0.0286,0.012,0.005,-0.095,-28.19,22.16,742,32,-3014,0,0,7009,0.1116,0.007,-0.002,-0.098,-26.16,20.13,765,-25,-6080,0,0,2640,0.0276,0.001,0.123,0.023,-12.74,6.71,923,1339,-2216,0,0,7122,0.1106,-0.004,0.085,-0.015,-12.78,6.75,908,2478,-5942,0,0
50.0,3,2213.8,496.54,-0.08,2980.85,102.4,0.2,-1.41,-0.43,0.5,0.0,1.0,3,6007,295.3,1.57,0.03,-3.14,-20.22,355,311,3328,0.0288,0.013,0.005,-0.095,-29.0,22.97,736,28,-3047,0,0,6927,0.1119,0.015,-0.002,-0.098,-26.92,20.89,759,-27,-6007,0,0,2726,0.0274,-0.006,0.29,0.19,-12.58,6.55,1072,2169,-1643,0,0,7085,0.1105,-0.005,0.236,0.136,-12.61,6.58,1045,4801,-4482,0,0
50.02,3,2214.4,496.59,-0.08,2981.42,102.4,0.39,-1.25,-0.45,0.5,0.0,1.0,3,6069,206.2,1.54,0.02,-3.1,-22.49,353,311,3397,0.0293,0.023,0.004,-0.096,-29.65,23.61,730,28,-3101,0,0,6703,0.1113,-0.028,-0.003,-0.097,-27.64,21.61,755,-48,-5825,0,0,2945,0.0282,0.039,0.32,0.22,-12.64,6.61,1082,2471,-1579,0,0,7022,0.1102,-0.012,0.238,0.138,-12.49,6.46,1033,4966,-4238,0,0
50.04,3,2214.9,496.64,-0.08,2981.99,102.5,0.38,-1.25,-0.47,0.5,0.0,1.0,3,6016,184.8,1.39,0.0,-3.05,-24.43,350,312,3437,0.0298,0.027,0.003,-0.097,-30.46,24.43,724,22,-3131,0,0,6576,0.1103,-0.048,-0.004,-0.096,-28.28,22.25,751,-53,-5719,0,0,3077,0.0295,0.063,0.311,0.211,-12.7,6.67,1072,2552,-1684,0,0,6982,0.11,-0.012,0.225,0.125,-12.58,6.55,1025,4797,-4366,0,0
50.06,3,2215.5,496.69,-0.08,2982.56,102.6,0.37,-1.27,-0.48,0.5,0.0,1.0,3,5966,170.5,1.3,-0.01,-3.0,-26.02,347,312,3461,0.0304,0.027,0.003,-0.097,-31.21,25.18,718,19,-3147,0,0,6507,0.1094,-0.049,-0.005,-0.095,-28.74,22.71,748,-52,-5658,0,0,3157,0.0308,0.067,0.294,0.194,-12.46,6.43,1058,2566,-1795,0,0,6960,0.1098,-0.009,0.219,0.119,-12.78,6.75,1021,4697,-4437,0,0
50.08,3,2216.1,496.72,-0.08,2983.13,102.7,0.34,-1.28,-0.5,0.5,0.0,1.0,3,5926,161.0,1.23,-0.03,-2.96,-27.34,345,312,3468,0.0309,0.025,0.005,-0.095,-31.94,25.91,713,19,-3149,0,0,6511,0.1086,-0.04,-0.003,-0.097,-29.49,23.46,744,-49,-5654,0,0,3176,0.032,0.061,0.281,0.181,-12.6,6.57,1048,2532,-1868,0,0,6969,0.1097,-0.004,0.213,0.113,-12.85,6.82,1017,4620,-4517,0,0
50.1,3,2216.6,496.76,-0.08,2983.7,102.7,0.33,-1.29,-0.51,0.5,0.0,1.0,3,5898,154.6,1.19,-0.05,-2.91,-28.41,343,313,3444,0.0312,0.018,0.004,-0.096,-32.55,26.52,707,18,-3125,0,0,6471,0.1078,-0.039,-0.003,-0.097,-30.06,24.02,740,-50,-5616,0,0,3196,0.0331,0.055,0.273,0.173,-12.99,6.96,1042,2507,-1927,0,0,6971,0.1097,-0.002,0.208,0.108,-12.82,6.79,1013,4544,-4588,0,0
50.12,3,2217.2,496.78,-0.08,2984.27,102.7,0.31,-1.29,-0.52,0.5,0.0,1.0,3,5881,150.3,1.16,-0.06,-2.88,-29.32,341,313,3429,0.0314,0.011,0.002,-0.098,-33.09,27.06,702,12,-3109,0,0,6495,0.1071,-0.034,-0.005,-0.095,-30.48,24.45,737,-55,-5629,0,0,3182,0.0341,0.047,0.271,0.171,-13.07,7.04,1038,2479,-1939,0,0,6998,0.1097,0.002,0.205,0.105,-13.03,7.0,1011,4488,-4664,0,0
50.14,3,2217.8,496.81,-0.08,2984.84,102.7,0.3,-1.3,-0.53,0.5,0.0,1.0,3,5875,147.4,1.14,-0.07,-2.85,-30.12,339,313,3438,0.0317,0.012,0.002,-0.098,-33.69,27.66,697,9,-3114,0,0,6522,0.1066,-0.022,-0.004,-0.096,-31.07,25.03,733,-47,-5644,0,0,3163,0.0348,0.037,0.269,0.169,-13.19,7.16,1037,2444,-1950,0,0,7007,0.1098,0.003,0.205,0.105,-12.81,6.78,1010,4467,-4690,0,0
50.16,3,2218.4,496.82,-0.08,2985.41,102.7,0.29,-1.3,-0.54,0.5,0.0,1.0,3,5876,145.4,1.13,-0.08,-2.83,-30.84,339,313,3411,0.0319,0.01,0.001,-0.099,-34.15,28.12,692,10,-3088,0,0,6492,0.1062,-0.023,-0.006,-0.094,-31.43,25.4,729,-52,-5617,0,0,3156,0.0355,0.032,0.269,0.169,-13.33,7.29,1037,2427,-1957,0,0,6999,0.1098,0.0,0.205,0.105,-13.24,7.21,1010,4426,-4711,0,0
50.18,3,2218.9,496.84,-0.08,2985.98,102.7,0.28,-1.3,-0.55,0.5,0.0,1.0,3,5881,144.0,1.12,-0.09,-2.81,-31.51,338,313,3411,0.032,0.005,0.001,-0.099,-34.67,28.64,688,4,-3086,0,0,6549,0.1058,-0.02,-0.004,-0.096,-31.96,25.93,726,-57,-5656,0,0,3116,0.036,0.025,0.271,0.171,-13.45,7.42,1038,2395,-1934,0,0,7009,0.1098,0.0,0.204,0.104,-13.34,7.31,1011,4422,-4722,0,0
50.2,3,2219.5,496.84,-0.08,2986.55,102.7,0.27,-1.3,-0.56,0.5,0.0,1.0,3,5889,143.0,1.11,-0.09,-2.8,-32.18,338,313,3427,0.0321,0.008,-0.001,-0.099,-34.81,28.78,683,0,-3097,0,0,6567,0.1056,-0.009,-0.005,-0.095,-32.37,26.34,723,-57,-5665,0,0,3105,0.0363,0.018,0.274,0.174,-13.58,7.55,1040,2386,-1927,0,0,7001,0.1098,0.001,0.206,0.106,-13.48,7.45,1012,4408,-4721,0,0
50.22,3,2220.1,496.85,-0.08,2987.12,102.7,0.26,-1.3,-0.56,0.5,0.0,1.0,3,5900,142.3,1.11,-0.1,-2.78,-32.86,338,313,3444,0.0324,0.011,-0.001,-0.099,-35.46,29.43,679,-1,-3109,0,0,6554,0.1054,-0.009,-0.004,-0.096,-32.73,26.7,719,-53,-5651,0,0,3106,0.0367,0.017,0.277,0.177,-13.73,7.69,1042,2388,-1923,0,0,6971,0.1097,-0.003,0.209,0.109,-13.64,7.61,1014,4387,-4701,0,0
50.24,3,2220.6,496.84,-0.08,2987.7,102.7,0.25,-1.29,-0.57,0.5,0.0,1.0,3,5914,141.8,1.11,-0.1,-2.77,-33.56,338,313,3462,0.0326,0.01,-0.002,-0.098,-35.65,29.62,675,-3,-3122,0,0,6636,0.1054,-0.004,-0.006,-0.094,-32.97,26.93,717,-66,-5711,0,0,3063,0.0369,0.012,0.282,0.182,-13.86,7.82,1044,2358,-1893,0,0,6975,0.1097,-0.003,0.213,0.113,-13.83,7.8,1016,4398,-4692,0,0
50.26,3,2221.2,496.83,-0.08,2988.27,102.7,0.25,-1.29,-0.57,0.5,0.0,1.0,3,5928,141.4,1.1,-0.1,-2.76,-34.29,339,312,3468,0.0328,0.012,-0.002,-0.098,-36.16,30.13,671,-7,-3126,0,0,6631,0.1054,0.004,-0.005,-0.095,-33.36,27.33,714,-64,-5704,0,0,3059,0.037,0.006,0.287,0.187,-14.15,8.12,1047,2358,-1884,0,0,6956,0.1096,-0.002,0.216,0.116,-14.02,7.99,1019,4395,-4668,0,0
50.28,3,2221.8,496.82,-0.08,2988.84,102.6,0.25,-1.29,-0.57,0.5,0.0,1.0,3,5941,141.2,1.1,-0.1,-2.76,-35.04,340,312,3464,0.033,0.009,-0.002,-0.098,-36.53,30.5,668,-9,-3121,0,0,6602,0.1054,-0.003,-0.007,-0.093,-33.5,27.47,711,-68,-5679,0,0,3078,0.0372,0.009,0.292,0.192,-14.39,8.36,1049,2368,-1895,0,0,6946,0.1096,-0.003,0.219,0.119,-14.16,8.13,1021,4390,-4656,0,0
50.3,3,2222.3,496.8,-0.08,2989.41,102.6,0.25,-1.29,-0.57,0.5,0.0,1.0,3,5952,141.0,1.1,-0.1,-2.75,-35.77,340,312,3476,0.0331,0.006,-0.002,-0.098,-36.76,30.73,665,-16,-3130,0,0,6627,0.1053,-0.004,-0.005,-0.095,-33.82,27.79,709,-72,-5696,0,0,3073,0.0373,0.008,0.296,0.196,-14.63,8.6,1051,2361,-1891,0,0,6946,0.1095,-0.001,0.222,0.122,-14.42,8.39,1023,4390,-4651,0,0
50.32,3,2222.9,496.78,-0.08,2989.98,102.6,0.25,-1.29,-0.57,0.5,0.0,1.0,3,5967,140.8,1.1,-0.1,-2.74,-36.49,341,312,3474,0.0333,0.008,-0.005,-0.095,-36.81,30.78,662,-20,-3128,0,0,6639,0.1053,0.001,-0.006,-0.094,-34.04,28.01,707,-76,-5703,0,0,3066,0.0375,0.006,0.301,0.201,-14.88,8.85,1054,2355,-1883,0,0,6950,0.1095,-0.001,0.226,0.126,-14.63,8.6,1025,4391,-4646,0,0
50.34,3,2223.5,496.75,-0.08,2990.55,102.5,0.25,-1.29,-0.57,0.5,0.0,1.0,3,5980,140.6,1.1,-0.1,-2.74,-37.2,343,312,3459,0.0334,0.006,-0.004,-0.096,-37.14,31.11,659,-21,-3114,0,0,6610,0.1053,-0.002,-0.009,-0.091,-33.95,27.92,705,-84,-5680,0,0,3073,0.0376,0.007,0.306,0.206,-15.15,9.12,1056,2358,-1886,0,0,6943,0.1095,-0.001,0.23,0.13,-14.86,8.83,1028,4387,-4634,0,0
50.36,3,2224.1,496.72,-0.08,2991.12,102.5,0.25,-1.28,-0.56,0.5,0.0,1.0,3,5995,140.5,1.1,-0.1,-2.73,-37.92,344,311,3467,0.0335,0.004,-0.006,-0.094,-37.21,31.17,657,-28,-3121,0,0,6608,0.1053,0.0,-0.008,-0.092,-34.32,28.29,704,-83,-5676,0,0,3067,0.0377,0.003,0.313,0.213,-15.42,9.39,1059,2352,-1879,0,0,6926,0.1095,-0.001,0.235,0.135,-15.2,9.17,1030,4378,-4616,0,0
50.38,3,2224.6,496.68,-0.08,2991.68,102.4,0.25,-1.28,-0.56,0.5,0.0,1.0,3,6013,140.3,1.1,-0.1,-2.73,-38.65,345,311,3466,0.0335,0.004,-0.007,-0.093,-37.25,31.21,655,-34,-3118,0,0,6598,0.1052,-0.005,-0.009,-0.091,-34.26,28.23,702,-92,-5668,0,0,3062,0.0377,0.004,0.318,0.218,-15.72,9.69,1062,2345,-1875,0,0,6898,0.1094,-0.005,0.24,0.14,-15.46,9.42,1034,4368,-4586,0,0
50.4,3,2225.2,496.63,-0.08,2992.25,102.4,0.25,-1.28,-0.55,0.5,0.0,1.0,3,6032,140.1,1.1,-0.09,-2.72,-39.42,346,311,3469,0.0337,0.006,-0.007,-0.093,-37.34,31.31,653,-37,-3121,0,0,6621,0.1052,0.0,-0.009,-0.091,-34.44,28.41,701,-93,-5685,0,0,3054,0.0378,0.002,0.325,0.225,-16.04,10.01,1065,2339,-1865,0,0,6897,0.1093,-0.004,0.247,0.147,-15.75,9.72,1037,4381,-4565,0,0
50.42,3,2225.8,496.59,-0.08,2992.82,102.3,0.25,-1.28,-0.55,0.5,0.0,1.0,3,6049,140.0,1.1,-0.09,-2.72,-40.24,347,310,3490,0.0338,0.006,-0.008,-0.092,-37.35,31.32,652,-42,-3139,0,0,6619,0.1051,-0.003,-0.01,-0.09,-34.39,28.36,701,-102,-5683,0,0,3066,0.0379,0.004,0.332,0.232,-16.37,10.34,1068,2346,-1870,0,0,6876,0.1092,-0.004,0.251,0.151,-16.08,10.05,1040,4369,-4544,0,0
50.44,3,2226.3,496.53,-0.08,2993.38,102.3,0.25,-1.28,-0.54,0.5,0.0,1.0,3,6065,139.9,1.1,-0.1,-2.72,-41.06,349,310,3450,0.0338,0.002,-0.008,-0.092,-37.34,31.31,651,-44,-3104,0,0,6603,0.1052,0.001,-0.009,-0.091,-34.41,28.38,700,-101,-5671,0,0,3070,0.0379,0.002,0.339,0.239,-16.72,10.69,1071,2347,-1869,0,0,6905,0.1092,0.001,0.256,0.156,-16.36,10.33,1043,4381,-4556,0,0
50.46,3,2226.9,496.47,-0.08,2993.95,102.2,0.26,-1.28,-0.53,0.5,0.0,1.0,3,6080,139.8,1.1,-0.1,-2.71,-41.89,350,310,3455,0.0338,-0.002,-0.01,-0.09,-37.24,31.21,650,-51,-3109,0,0,6594,0.1051,-0.004,-0.01,-0.09,-34.34,28.31,700,-108,-5664,0,0,3083,0.038,0.006,0.345,0.245,-17.1,11.07,1074,2349,-1878,0,0,6916,0.1093,0.003,0.261,0.161,-16.69,10.66,1045,4385,-4554,0,0
50.48,3,2227.5,496.41,-0.08,2994.51,102.1,0.26,-1.29,-0.52,0.5,0.0,1.0,3,6094,139.6,1.1,-0.1,-2.71,-42.74,351,309,3444,0.0338,0.001,-0.009,-0.091,-37.11,31.08,650,-54,-3100,0,0,6591,0.105,-0.001,-0.01,-0.09,-34.22,28.19,701,-109,-5663,0,0,3084,0.0381,0.005,0.352,0.252,-17.32,11.29,1076,2349,-1875,0,0,6933,0.1094,0.003,0.267,0.167,-17.1,11.07,1048,4390,-4558,0,0
50.5,3,2228.0,496.34,-0.08,2995.08,102.1,0.27,-1.29,-0.5,0.5,0.0,1.0,3,6110,139.5,1.1,-0.1,-2.71,-43.58,352,309,3439,0.0337,-0.002,-0.011,-0.089,-36.94,30.91,650,-59,-3097,0,0,6560,0.1049,-0.007,-0.011,-0.089,-34.07,28.04,701,-116,-5640,0,0,3092,0.0382,0.007,0.359,0.259,-17.88,11.85,1079,2345,-1884,0,0,6923,0.1094,0.001,0.273,0.173,-17.19,11.16,1051,4382,-4543,0,0
50.52,3,2228.6,496.27,-0.08,2995.64,102.0,0.27,-1.29,-0.49,0.5,0.0,1.0,3,6127,139.4,1.1,-0.11,-2.71,-44.45,354,309,3433,0.0337,-0.002,-0.013,-0.087,-36.63,30.6,650,-65,-3092,0,0,6566,0.1047,-0.008,-0.012,-0.088,-33.84,27.81,702,-125,-5646,0,0,3088,0.0384,0.005,0.366,0.266,-18.27,12.24,1082,2341,-1877,0,0,6928,0.1094,0.0,0.28,0.18,-17.83,11.8,1053,4379,-4540,0,0
50.54,3,2229.2,496.19,-0.08,2996.2,101.9,0.28,-1.29,-0.47,0.5,0.0,1.0,3,6144,139.3,1.1,-0.11,-2.7,-45.38,355,308,3442,0.0337,-0.001,-0.014,-0.086,-36.33,30.3,651,-70,-3101,0,0,6565,0.1047,-0.001,-0.013,-0.087,-33.52,27.49,703,-127,-5648,0,0,3098,0.0384,0.003,0.375,0.275,-18.7,12.67,1085,2343,-1882,0,0,6936,0.1094,0.002,0.285,0.185,-18.1,12.07,1056,4380,-4538,0,0
50.56,3,2229.7,496.1,-0.08,2996.76,101.8,0.29,-1.3,-0.46,0.5,0.0,1.0,3,6162,139.1,1.1,-0.11,-2.7,-46.35,356,308,3439,0.0337,0.0,-0.013,-0.087,-36.13,30.1,652,-74,-3100,0,0,6577,0.1047,0.0,-0.013,-0.087,-33.26,27.23,705,-130,-5659,0,0,3098,0.0385,0.004,0.383,0.283,-19.15,13.11,1088,2338,-1881,0,0,6961,0.1095,0.004,0.293,0.193,-18.65,12.62,1059,4390,-4545,0,0
50.58,3,2230.3,496.02,-0.08,2997.32,101.8,0.3,-1.3,-0.44,0.5,0.0,1.0,3,6180,139.0,1.1,-0.11,-2.71,-47.35,358,307,3407,0.0336,-0.004,-0.014,-0.086,-35.76,29.73,654,-77,-3074,0,0,6590,0.1046,-0.003,-0.012,-0.088,-33.01,26.98,706,-136,-5672,0,0,3077,0.0385,0.002,0.394,0.294,-19.65,13.61,1092,2320,-1867,0,0,6988,0.1096,0.003,0.298,0.198,-19.01,12.98,1062,4404,-4551,0,0
50.6,3,2230.9,495.92,-0.08,2997.88,101.7,0.31,-1.31,-0.42,0.5,0.0,1.0,3,6197,138.9,1.1,-0.12,-2.71,-48.38,360,307,3376,0.0334,-0.009,-0.015,-0.085,-35.35,29.32,655,-81,-3049,0,0,6569,0.1046,0.0,-0.013,-0.087,-32.57,26.54,709,-140,-5659,0,0,3081,0.0385,0.0,0.403,0.303,-20.14,14.11,1095,2318,-1867,0,0,7029,0.1098,0.01,0.305,0.205,-19.57,13.54,1065,4406,-4579,0,0
50.62,3,2231.4,495.82,-0.08,2998.44,101.6,0.32,-1.31,-0.4,0.5,0.0,1.0,3,6215,138.7,1.1,-0.12,-2.72,-49.45,362,306,3393,0.0332,-0.008,-0.016,-0.084,-34.9,28.87,658,-87,-3066,0,0,6576,0.1046,-0.003,-0.013,-0.087,-32.26,26.23,711,-147,-5668,0,0,3076,0.0385,0.0,0.414,0.314,-20.64,14.61,1099,2313,-1861,0,0,7031,0.1099,0.005,0.312,0.212,-20.05,14.02,1068,4404,-4572,0,0
50.64,3,2232.0,495.72,-0.08,2998.99,101.5,0.33,-1.31,-0.37,0.5,0.0,1.0,3,6235,138.6,1.1,-0.12,-2.72,-50.58,365,306,3386,0.0331,-0.005,-0.016,-0.084,-34.37,28.34,660,-91,-3063,0,0,6583,0.1046,0.0,-0.013,-0.087,-31.77,25.74,714,-149,-5678,0,0,3072,0.0385,-0.001,0.423,0.323,-21.12,15.09,1102,2305,-1857,0,0,7049,0.11,0.004,0.321,0.221,-20.54,14.5,1071,4413,-4571,0,0
50.66,3,2232.6,495.61,-0.08,2999.55,101.4,0.34,-1.32,-0.35,0.5,0.0,1.0,3,6254,138.4,1.1,-0.12,-2.72,-51.78,367,306,3381,0.0331,-0.005,-0.016,-0.084,-33.84,27.81,663,-94,-3060,0,0,6575,0.1046,0.001,-0.014,-0.086,-31.26,25.23,717,-152,-5677,0,0,3070,0.0385,-0.001,0.435,0.335,-21.74,15.71,1106,2299,-1853,0,0,7058,0.11,0.004,0.329,0.229,-21.07,15.03,1074,4410,-4570,0,0
50.68,3,2233.1,495.49,-0.08,3000.1,101.4,0.35,-1.32,-0.32,0.5,0.0,1.0,3,6274,138.3,1.1,-0.13,-2.73,-53.05,369,305,3368,0.0329,-0.006,-0.017,-0.083,-33.19,27.16,666,-98,-3052,0,0,6595,0.1046,0.0,-0.014,-0.086,-30.71,24.68,720,-160,-5698,0,0,3059,0.0385,-0.002,0.446,0.346,-22.35,16.32,1110,2290,-1842,0,0,7088,0.1101,0.004,0.336,0.236,-21.49,15.45,1077,4423,-4578,0,0
50.7,3,2233.7,495.38,-0.08,3000.65,101.3,0.37,-1.33,-0.29,0.5,0.0,1.0,3,6293,138.1,1.1,-0.13,-2.74,-54.35,372,305,3325,0.0327,-0.011,-0.017,-0.083,-32.59,26.56,669,-100,-3018,0,0,6571,0.1046,0.002,-0.013,-0.087,-30.19,24.16,724,-159,-5686,0,0,3061,0.0384,-0.003,0.458,0.358,-22.95,16.92,1113,2284,-1843,0,0,7134,0.1103,0.009,0.344,0.244,-22.01,15.98,1080,4441,-4598,0,0
50.72,3,2234.3,495.25,-0.08,3001.2,101.2,0.38,-1.33,-0.26,0.5,0.0,1.0,3,6310,138.0,1.1,-0.14,-2.75,-55.67,375,304,3303,0.0324,-0.017,-0.018,-0.082,-31.88,25.85,673,-105,-3003,0,0,6550,0.1045,-0.006,-0.014,-0.086,-29.54,23.51,728,-165,-5676,0,0,3063,0.0384,-0.001,0.47,0.37,-23.57,17.54,1117,2282,-1842,0,0,7168,0.1105,0.01,0.353,0.253,-22.72,16.69,1083,4448,-4614,0,0
50.74,3,2234.8,495.12,-0.08,3001.75,101.1,0.4,-1.34,-0.23,0.5,0.0,1.0,3,6328,137.9,1.1,-0.14,-2.75,-57.03,378,304,3285,0.0321,-0.012,-0.018,-0.082,-31.06,25.03,677,-109,-2991,0,0,6509,0.1044,-0.007,-0.014,-0.086,-28.86,22.83,732,-167,-5652,0,0,3087,0.0384,0.001,0.482,0.382,-24.27,18.23,1120,2293,-1854,0,0,7185,0.1106,0.005,0.362,0.262,-23.35,17.32,1086,4447,-4619,0,0
50.76,3,2235.4,494.99,-0.08,3002.3,101.0,0.41,-1.34,-0.2,0.5,0.0,1.0,3,6346,137.7,1.1,-0.15,-2.75,-58.43,381,303,3278,0.0319,-0.014,-0.019,-0.081,-30.22,24.19,681,-111,-2990,0,0,6512,0.1042,-0.008,-0.013,-0.087,-28.13,22.1,736,-170,-5663,0,0,3068,0.0384,0.002,0.495,0.395,-24.95,18.91,1123,2274,-1843,0,0,7200,0.1108,0.008,0.372,0.272,-23.96,17.93,1089,4448,-4620,0,0
50.78,3,2235.9,494.85,-0.08,3002.84,100.9,0.43,-1.34,-0.16,0.5,0.0,1.0,3,6366,137.6,1.1,-0.16,-2.75,-59.87,384,303,3271,0.0316,-0.012,-0.017,-0.083,-29.44,23.41,685,-112,-2988,0,0,6452,0.1039,-0.014,-0.013,-0.087,-27.36,21.33,741,-172,-5625,0,0,3086,0.0385,0.001,0.51,0.41,-25.65,19.61,1127,2283,-1849,0,0,7170,0.1108,0.0,0.382,0.282,-24.46,18.43,1093,4431,-4591,0,0
50.8,3,2236.5,494.7,-0.08,3003.38,100.8,0.45,-1.35,-0.13,0.5,0.0,1.0,3,6386,137.4,1.1,-0.16,-2.76,-61.37,387,303,3246,0.0313,-0.016,-0.018,-0.082,-28.55,22.52,690,-115,-2972,0,0,6463,0.1037,-0.013,-0.013,-0.087,-26.54,20.5,746,-176,-5643,0,0,3078,0.0385,0.001,0.524,0.424,-26.41,20.38,1130,2271,-1844,0,0,7206,0.1109,0.004,0.394,0.294,-25.29,19.26,1096,4444,-4603,0,0
50.82,3,2237.1,494.55,-0.08,3003.92,100.8,0.47,-1.35,-0.09,0.5,0.0,1.0,3,6403,137.3,1.1,-0.17,-2.76,-62.92,390,302,3250,0.031,-0.013,-0.018,-0.082,-27.53,21.5,694,-118,-2981,0,0,6434,0.1034,-0.012,-0.013,-0.087,-25.66,19.62,751,-176,-5632,0,0,3110,0.0386,0.004,0.539,0.439,-27.18,21.14,1133,2290,-1860,0,0,7226,0.111,0.006,0.405,0.305,-25.98,19.94,1099,4450,-4604,0,0
50.84,3,2237.6,494.4,-0.08,3004.46,100.7,0.5,-1.36,-0.05,0.5,0.0,1.0,3,6421,137.2,1.1,-0.18,-2.76,-64.51,393,302,3217,0.0308,-0.012,-0.017,-0.083,-26.56,20.53,699,-117,-2959,0,0,6423,0.1031,-0.015,-0.012,-0.088,-24.72,18.69,756,-179,-5635,0,0,3116,0.0387,0.006,0.554,0.454,-27.98,21.95,1136,2289,-1860,0,0,7260,0.111,0.003,0.417,0.317,-26.71,20.68,1102,4463,-4614,0,0
50.86,3,2238.2,494.24,-0.08,3005.0,100.6,0.52,-1.36,0.0,0.5,0.0,1.0,3,6434,137.1,1.1,-0.19,-2.76,-66.11,396,301,3181,0.0304,-0.019,-0.016,-0.084,-25.49,19.46,704,-118,-2935,0,0,6394,0.1028,-0.016,-0.012,-0.088,-23.73,17.7,761,-181,-5626,0,0,3124,0.0388,0.007,0.571,0.471,-28.78,22.75,1139,2291,-1862,0,0,7306,0.1112,0.011,0.428,0.328,-27.46,21.43,1104,4477,-4636,0,0
50.88,3,2238.8,494.07,-0.08,3005.54,100.5,0.54,-1.36,0.04,0.5,0.0,1.0,3,6448,137.0,1.1,-0.21,-2.76,-67.71,399,301,3178,0.03,-0.02,-0.017,-0.083,-24.16,18.13,709,-122,-2940,0,0,6336,0.1024,-0.02,-0.012,-0.088,-22.57,16.54,766,-185,-5596,0,0,3159,0.039,0.008,0.586,0.486,-29.64,23.61,1141,2309,-1880,0,0,7317,0.1114,0.008,0.438,0.338,-28.12,22.08,1106,4477,-4633,0,0
50.9,3,2239.3,493.9,-0.08,3006.07,100.4,0.57,-1.36,0.09,0.5,0.0,1.0,3,6457,136.9,1.1,-0.22,-2.76,-69.32,402,301,3145,0.0297,-0.017,-0.014,-0.086,-23.34,17.31,714,-112,-2919,0,0,6330,0.1021,-0.018,-0.012,-0.088,-21.48,15.45,772,-194,-5608,0,0,3173,0.0392,0.012,0.603,0.503,-30.54,24.5,1143,2312,-1888,0,0,7391,0.1116,0.012,0.451,0.351,-28.98,22.95,1108,4506,-4670,0,0
50.92,3,2239.9,493.72,-0.08,3006.6,100.3,0.6,-1.37,0.14,0.5,0.0,1.0,3,6464,136.8,1.1,-0.23,-2.77,-70.97,406,300,3127,0.0292,-0.021,-0.013,-0.087,-22.29,16.26,719,-107,-2911,0,0,6342,0.1018,-0.014,-0.011,-0.089,-20.13,14.1,778,-196,-5638,0,0,3169,0.0394,0.009,0.622,0.522,-31.44,25.41,1145,2304,-1882,0,0,7460,0.112,0.017,0.462,0.362,-29.86,23.83,1108,4523,-4710,0,0
50.94,3,2240.4,493.54,-0.08,3007.13,100.3,0.63,-1.37,0.19,0.5,0.0,1.0,3,6470,136.8,1.1,-0.25,-2.77,-72.64,410,300,3107,0.0288,-0.021,-0.013,-0.087,-21.12,15.08,723,-106,-2902,0,0,6312,0.1015,-0.015,-0.01,-0.09,-18.73,12.7,784,-191,-5636,0,0,3172,0.0396,0.008,0.638,0.538,-32.24,26.21,1146,2301,-1882,0,0,7499,0.1123,0.014,0.473,0.373,-30.68,24.65,1109,4528,-4732,0,0
50.96,3,2241.0,493.35,-0.08,3007.66,100.2,0.66,-1.38,0.24,0.5,0.0,1.0,3,6477,136.7,1.1,-0.26,-2.77,-74.34,414,300,3120,0.0285,-0.016,-0.012,-0.088,-20.02,13.99,727,-104,-2923,0,0,6278,0.1011,-0.02,-0.009,-0.091,-17.28,11.25,790,-189,-5632,0,0,3208,0.0398,0.012,0.658,0.558,-33.37,27.34,1147,2320,-1900,0,0,7517,0.1124,0.008,0.486,0.386,-31.52,25.49,1110,4529,-4735,0,0
50.98,3,2241.6,493.16,-0.08,3008.18,100.1,0.69,-1.38,0.29,0.5,0.0,1.0,3,6481,136.7,1.1,-0.27,-2.76,-76.03,419,299,3081,0.0281,-0.019,-0.011,-0.089,-18.85,12.82,731,-101,-2898,0,0,6210,0.1007,-0.022,-0.008,-0.092,-15.77,9.74,796,-184,-5599,0,0,3208,0.0401,0.013,0.678,0.578,-34.31,28.28,1148,2316,-1897,0,0,7525,0.1126,0.011,0.5,0.4,-32.42,26.39,1111,4525,-4732,0,0
51.0,3,2242.1,492.96,-0.08,3008.71,100.0,0.72,-1.37,0.35,0.5,0.0,1.0,3,6486,136.7,1.1,-0.29,-2.77,-77.71,423,299,3041,0.0277,-0.022,-0.01,-0.09,-17.59,11.56,735,-100,-2871,0,0,6223,0.1001,-0.027,-0.007,-0.093,-14.19,8.16,801,-179,-5629,0,0,3220,0.0403,0.012,0.699,0.599,-35.36,29.33,1149,2319,-1901,0,0,7604,0.1128,0.007,0.515,0.415,-33.37,27.34,1111,4562,-4765,0,0
51.02,3,2242.7,492.75,-0.08,3009.23,100.0,0.76,-1.37,0.41,0.5,0.0,1.0,3,6485,136.7,1.1,-0.31,-2.76,-79.35,428,299,3041,0.0272,-0.021,-0.009,-0.091,-16.3,10.27,739,-99,-2882,0,0,6132,0.0997,-0.024,-0.006,-0.094,-12.56,6.53,806,-169,-5566,0,0,3267,0.0406,0.016,0.719,0.619,-36.33,30.3,1149,2347,-1924,0,0,7615,0.113,0.013,0.53,0.43,-34.29,28.26,1111,4559,-4765,0,0
51.04,3,2243.2,492.54,-0.08,3009.75,99.9,0.8,-1.36,0.47,0.5,0.0,1.0,3,6479,136.7,1.1,-0.33,-2.75,-80.88,432,299,3022,0.0268,-0.02,-0.008,-0.092,-14.98,8.95,742,-95,-2874,0,0,6091,0.099,-0.035,-0.005,-0.095,-10.87,4.83,811,-163,-5522,0,0,3300,0.0411,0.024,0.74,0.64,-37.46,31.43,1147,2363,-1941,0,0,7657,0.1132,0.009,0.545,0.445,-35.25,29.22,1111,4573,-4780,0,0
51.06,3,2243.8,492.33,-0.08,3010.26,99.9,0.83,-1.35,0.53,0.5,0.0,1.0,3,6471,136.8,1.1,-0.34,-2.74,-82.29,437,299,3017,0.0264,-0.02,-0.007,-0.093,-13.61,7.58,746,-93,-2877,0,0,6028,0.0983,-0.032,-0.004,-0.096,-9.07,3.04,815,-148,-5412,0,0,3334,0.0416,0.022,0.761,0.661,-38.54,32.5,1146,2381,-1957,0,0,7671,0.1134,0.01,0.56,0.46,-36.23,30.2,1109,4573,-4780,0,0
51.08,3,2244.4,492.11,-0.08,3010.77,99.8,0.86,-1.33,0.6,0.5,0.0,1.0,3,6461,136.8,1.1,-0.37,-2.72,-83.46,442,299,2992,0.026,-0.021,-0.006,-0.094,-12.16,6.13,749,-92,-2856,0,0,5957,0.0975,-0.039,-0.003,-0.097,-7.27,1.24,818,-130,-5193,0,0,3371,0.0421,0.025,0.783,0.683,-39.57,33.54,1144,2401,-1974,0,0,7690,0.1136,0.007,0.576,0.476,-37.16,31.13,1108,4578,-4780,0,0
51.1,3,2244.9,491.88,-0.08,3011.28,99.8,0.89,-1.29,0.66,0.5,0.0,1.0,3,6451,136.9,1.1,-0.39,-2.7,-84.27,445,298,3045,0.0257,-0.014,-0.005,-0.095,-10.73,4.69,752,-90,-2898,0,0,5899,0.0967,-0.043,-0.002,-0.098,-5.49,-0.54,820,-119,-4769,0,0,3410,0.0426,0.028,0.806,0.706,-40.71,34.68,1141,2422,-1992,0,0,7633,0.1135,-0.001,0.594,0.494,-38.16,32.13,1107,4549,-4735,0,0
51.12,3,2245.5,491.65,-0.08,3011.79,99.7,0.89,-1.23,0.73,0.5,0.0,1.0,3,6439,137.0,1.1,-0.4,-2.66,-84.31,449,298,3103,0.0257,-0.005,-0.005,-0.095,-9.22,3.19,755,-94,-2923,0,0,5820,0.0957,-0.05,-0.001,-0.099,-3.66,-2.37,821,-111,-3941,0,0,3473,0.0434,0.038,0.828,0.728,-41.78,35.75,1138,2460,-2024,0,0,7559,0.1134,-0.007,0.616,0.516,-39.23,33.19,1106,4521,-4672,0,0
51.14,3,2246.0,491.41,-0.08,3012.3,99.7,0.87,-1.13,0.8,0.0,0.0,1.0,3,6427,137.1,1.1,-0.42,-2.61,-83.12,451,298,3206,0.0259,0.01,-0.004,-0.096,-7.82,1.79,759,-101,-2951,0,0,5722,0.0946,-0.052,-0.001,-0.099,-1.9,-4.13,821,-94,-2570,0,0,3574,0.0442,0.042,0.849,0.749,-42.77,36.74,1134,2524,-2076,0,0,7435,0.113,-0.02,0.64,0.54,-40.23,34.2,1106,4476,-4574,0,0
51.16,3,2246.6,491.17,-0.08,3012.8,99.7,0.81,-1.0,0.86,0.0,0.0,1.0,3,6215,-66.9,0.93,-0.43,-2.53,-80.1,451,298,3442,0.0265,0.033,-0.004,-0.096,-6.42,0.39,763,-120,-3019,0,0,5556,0.0933,-0.068,-0.001,-0.099,-0.21,-5.83,821,-79,-809,0,0,3715,0.0455,0.063,0.807,0.707,-43.74,37.71,1105,2565,-2208,0,0,7127,0.1123,-0.037,0.609,0.509,-41.22,35.19,1084,4216,-4483,0,0
51.18,3,2247.1,490.92,-0.08,3013.3,99.7,0.68,-0.9,0.92,0.0,0.0,1.0,3,5682,-62.6,0.69,-0.44,-2.43,-74.51,447,298,3662,0.0278,0.062,-0.004,-0.096,-5.07,-0.96,768,-140,-2950,0,0,5463,0.0917,-0.079,-0.001,-0.099,1.32,-4.71,820,-57,882,0,0,3834,0.0471,0.079,0.679,0.579,-44.51,38.47,972,2393,-2524,0,0,6802,0.111,-0.062,0.518,0.418,-42.13,36.09,958,3562,-4674,0,0
51.2,3,2247.7,490.67,-0.08,3013.8,99.5,0.5,-0.82,0.98,0.0,0.0,1.0,3,5245,-59.5,0.53,-0.43,-2.31,-66.43,441,297,3911,0.0295,0.085,-0.003,-0.097,-3.76,-2.27,775,-153,-2701,0,0,5437,0.0903,-0.071,-0.001,-0.099,2.64,-3.39,818,-54,2262,0,0,3918,0.0487,0.08,0.566,0.466,-45.04,39.01,895,2174,-2789,0,0,6435,0.1095,-0.076,0.433,0.333,-42.9,36.86,886,2946,-4722,0,0
51.22,3,2248.3,490.42,-0.08,3014.3,99.4,0.33,-0.74,1.0,0.0,0.0,1.0,3,4802,-57.2,0.42,-0.42,-2.19,-56.41,433,296,4164,0.0317,0.11,-0.002,-0.098,-2.49,-3.54,781,-159,-2207,0,0,5479,0.0891,-0.059,-0.001,-0.099,3.83,-2.2,816,-52,3250,0,0,3967,0.0503,0.079,0.418,0.318,-45.37,39.34,846,1881,-3024,0,0,6047,0.1077,-0.09,0.314,0.214,-43.56,37.53,842,2327,-4693,0,0
51.24,3,2248.8,490.16,-0.08,3014.79,99.1,0.19,-0.7,1.0,0.0,0.0,1.0,3,4493,-54.3,0.35,-0.4,-2.07,-45.31,424,294,4352,0.0342,0.126,-0.002,-0.098,-2.58,-3.46,787,-141,-2072,0,0,5578,0.0883,-0.039,-0.001,-0.099,3.51,-2.52,814,-75,3395,0,0,3995,0.0518,0.077,0.35,0.25,-45.4,39.37,783,1591,-3195,0,0,5747,0.1059,-0.088,0.273,0.173,-43.99,37.96,780,1851,-4627,0,0
51.26,3,2249.4,489.9,-0.08,3015.28,98.8,0.15,-0.74,1.0,0.0,0.0,1.0,3,4178,-52.7,0.3,-0.37,-1.97,-34.22,415,292,4467,0.0366,0.122,-0.002,-0.098,-3.15,-2.88,792,-126,-2377,0,0,5707,0.0881,-0.012,-0.001,-0.099,2.53,-3.5,814,-77,2887,0,0,3993,0.0531,0.067,0.242,0.142,-45.28,39.25,740,1283,-3316,0,0,5567,0.1046,-0.066,0.188,0.088,-44.23,38.2,739,1447,-4605,0,0
51.28,3,2249.9,489.65,-0.08,3015.76,98.5,0.13,-0.82,1.0,0.0,0.75,0.87,3,3853,-49.7,0.27,-0.35,-1.91,-23.66,407,290,4420,0.0388,0.109,-0.002,-0.098,-3.5,-2.54,797,-119,-2604,0,0,5879,0.0883,0.007,-0.001,-0.099,1.78,-4.25,813,-73,2245,0,0,3957,0.0542,0.052,0.167,0.067,-44.87,38.83,656,846,-3408,0,0,5579,0.1036,-0.049,0.134,0.034,-44.28,38.25,655,942,-4728,0,0
51.3,3,2250.5,489.39,-0.08,3016.24,97.6,-0.53,-1.35,1.0,0.0,0.5,0.73,3,3039,-44.4,0.24,-0.3,-1.97,-18.08,412,285,4144,0.04,0.062,-0.157,0.057,-3.57,-2.46,671,-3994,-1367,1113,1,6715,0.0898,0.075,-0.148,0.048,1.47,-4.56,665,-6516,1070,3711,0,3278,0.054,-0.008,-0.087,-0.013,-44.62,38.58,520,-128,-2930,1998,0,5868,0.1038,0.005,-0.104,0.004,-44.19,38.16,522,-371,-5024,1998,0
51.32,3,2251.0,489.13,-0.08,3016.71,96.4,-0.87,-1.46,1.0,0.0,0.5,0.6,3,2645,-41.4,0.23,-0.22,-2.09,-14.24,423,279,4096,0.0406,0.026,-0.148,0.048,-3.7,-2.33,654,-3910,-1439,2470,0,7395,0.094,0.213,-0.14,0.04,1.22,-4.81,682,-7084,1043,2470,0,2731,0.0508,-0.159,-0.202,0.102,-44.49,38.46,452,-576,-2403,399,1,6010,0.1043,0.028,-0.189,0.089,-44.22,38.19,467,-1199,-5021,399,1
51.34,3,2251.5,488.87,-0.08,3017.17,95.2,-0.95,-1.45,1.0,0.0,0.5,0.47,3,2554,-40.9,0.22,-0.12,-2.22,-10.82,438,273,4160,0.0413,0.037,-0.164,0.064,-3.79,-2.24,658,-3952,-1495,741,1,7824,0.0989,0.243,-0.137,0.037,1.01,-5.02,678,-7458,933,2470,0,2354,0.047,-0.193,-0.223,0.123,-44.34,38.31,450,-603,-2060,399,1,5995,0.1046,0.013,-0.212,0.112,-44.2,38.17,459,-1396,-4964,399,1
51.36,3,2252.0,488.62,-0.08,3017.62,94.0,-0.97,-1.44,1.0,0.0,0.5,0.33,3,2489,-40.3,0.21,-0.01,-2.36,-7.78,452,268,4219,0.0422,0.048,-0.15,0.05,-3.83,-2.2,640,-3996,-1533,2470,0,8107,0.1038,0.247,-0.115,0.015,0.85,-5.18,687,-7593,901,2470,0,2104,0.0429,-0.205,-0.236,0.136,-44.16,38.13,435,-581,-1838,399,1,5924,0.1045,-0.006,-0.217,0.117,-44.1,38.07,447,-1438,-4896,399,1
51.38,3,2252.6,488.37,-0.08,3018.07,92.8,-0.97,-1.41,1.0,0.0,0.5,0.2,3,2311,-39.0,0.21,0.1,-2.5,-4.98,464,262,4263,0.0433,0.05,-0.161,0.061,-3.8,-2.23,647,-4028,-1560,741,1,8297,0.1086,0.238,-0.095,-0.005,0.79,-5.24,693,-7481,932,2470,0,1968,0.0389,-0.199,-0.299,0.199,-43.99,37.95,384,-649,-1691,399,1,5858,0.1042,-0.012,-0.24,0.14,-44.06,38.03,420,-1556,-4812,399,1
51.4,3,2253.1,488.12,-0.08,3018.52,91.7,-0.99,-1.38,1.0,0.0,0.5,0.07,3,2172,-38.0,0.21,0.2,-2.61,-2.42,472,257,4347,0.0443,0.052,-0.169,0.069,-3.76,-2.27,634,-4121,-1551,741,1,8408,0.1129,0.218,-0.088,-0.012,0.72,-5.31,690,-7383,919,2470,0,1915,0.0353,-0.182,-0.353,0.253,-43.77,37.74,352,-769,-1594,399,1,5749,0.1039,-0.016,-0.259,0.159,-43.9,37.87,406,-1695,-4681,399,1
51.42,3,2253.6,487.87,-0.08,3018.95,90.5,-0.99,-1.36,1.0,0.0,0.5,0.14,2,2164,-37.8,0.2,0.3,-2.72,-0.14,477,251,4408,0.0455,0.059,-0.141,0.041,-3.65,-2.38,627,-4165,-1583,2470,0,8460,0.1168,0.194,-0.086,-0.014,0.75,-5.29,683,-7362,916,2470,0,1913,0.0321,-0.16,-0.383,0.283,-43.46,37.43,330,-813,-1573,399,1,5639,0.1034,-0.024,-0.244,0.144,-43.75,37.71,405,-1562,-4633,399,1
51.44,3,2254.1,487.63,-0.08,3019.38,89.3,-1.03,-1.33,1.0,0.0,0.5,0.44,2,2329,-39.2,0.2,0.39,-2.8,1.93,479,246,4477,0.0466,0.057,-0.167,0.067,-3.54,-2.5,623,-4267,-1521,741,1,8470,0.1202,0.171,-0.086,-0.014,0.79,-5.24,674,-7340,965,2470,0,1933,0.0293,-0.138,-0.55,0.45,-43.19,37.16,261,-1053,-1460,399,1,5525,0.1029,-0.024,-0.412,0.312,-43.51,37.48,328,-2228,-4284,399,1
51.46,3,2254.5,487.38,-0.08,3019.81,88.1,-1.1,-1.29,1.0,0.0,0.5,0.74,2,2260,-38.7,0.2,0.47,-2.87,3.74,477,240,4545,0.0479,0.062,-0.157,0.057,-3.4,-2.63,624,-4322,-1541,741,1,8452,0.1232,0.149,-0.086,-0.014,0.86,-5.17,665,-7308,1042,2470,0,1959,0.027,-0.117,-0.564,0.464,-42.96,36.93,229,-1122,-1442,399,1,5386,0.1023,-0.031,-0.41,0.31,-43.34,37.31,311,-2375,-4089,399,1
51.48,3,2255.0,487.14,-0.08,3020.22,86.9,-1.12,-1.27,1.0,0.0,0.5,1.0,2,2397,-39.8,0.2,0.54,-2.92,5.41,473,234,4614,0.0491,0.062,-0.139,0.039,-3.24,-2.79,608,-4403,-1514,2470,0,8425,0.1258,0.128,-0.087,-0.013,0.94,-5.09,656,-7296,1112,2470,0,1998,0.025,-0.099,-0.482,0.382,-42.63,36.6,312,-1078,-1516,399,1,5240,0.1017,-0.033,-0.431,0.331,-43.12,37.09,330,-2327,-3983,399,1
51.5,3,2255.5,486.91,-0.08,3020.64,85.7,-1.11,-1.27,1.0,0.0,0.5,1.0,2,2682,-41.9,0.2,0.6,-2.96,7.29,467,228,4602,0.0503,0.058,-0.146,0.046,-3.01,-3.02,596,-4429,-1423,2470,0,8411,0.128,0.11,-0.087,-0.013,1.08,-4.95,646,-7271,1237,2470,0,2050,0.0233,-0.082,-0.401,0.301,-42.32,36.29,350,-945,-1647,399,1,5198,0.1011,-0.03,-0.373,0.273,-42.86,36.83,358,-2114,-4053,399,1
51.52,3,2256.0,486.67,-0.08,3021.04,84.6,-1.09,-1.27,1.0,0.0,0.5,1.0,2,2864,-43.3,0.2,0.65,-3.0,9.48,458,222,4580,0.0512,0.046,-0.153,0.053,-2.8,-3.23,607,-4457,-1296,741,1,8370,0.1299,0.094,-0.089,-0.011,1.2,-4.83,637,-7225,1390,2470,0,2110,0.0221,-0.063,-0.354,0.254,-41.9,35.87,371,-871,-1744,399,1,5197,0.1008,-0.014,-0.327,0.227,-42.52,36.49,378,-1877,-4157,399,1
51.54,3,2256.4,486.44,-0.08,3021.44,83.4,-1.08,-1.27,1.0,0.0,0.5,1.0,2,3084,-43.8,0.2,0.69,-3.02,11.99,449,216,4539,0.0519,0.035,-0.157,0.057,-2.5,-3.53,597,-4456,-1175,741,1,8437,0.1313,0.071,-0.088,-0.012,1.4,-4.63,629,-7175,1625,2470,0,2196,0.0212,-0.045,-0.251,0.151,-41.36,35.32,353,-799,-1857,399,1,5177,0.1006,-0.009,-0.223,0.123,-42.13,36.1,360,-1618,-4238,399,1
51.56,3,2256.9,486.21,-0.08,3021.83,82.2,-1.07,-1.25,1.0,0.0,0.5,1.0,2,3078,-44.9,0.2,0.71,-3.03,14.77,437,211,4502,0.0524,0.025,-0.161,0.061,-2.16,-3.87,589,-4463,-1031,741,1,8406,0.1321,0.04,-0.09,-0.01,1.6,-4.43,619,-7136,1840,2470,0,2282,0.0206,-0.027,-0.298,0.198,-40.78,34.75,395,-794,-1943,399,1,5126,0.1004,-0.012,-0.268,0.168,-41.65,35.62,400,-1511,-4233,399,1
51.58,3,2257.3,485.98,-0.08,3022.22,81.1,-1.08,-1.23,1.0,0.0,0.5,1.0,2,3184,-44.6,0.2,0.73,-3.03,17.81,424,205,4497,0.0528,0.021,-0.162,0.062,-1.75,-4.28,581,-4495,-877,741,1,8313,0.1324,0.015,-0.095,-0.005,1.88,-4.15,607,-7103,2048,2470,0,2369,0.0204,-0.01,-0.221,0.121,-40.12,34.09,364,-784,-2029,399,1,5051,0.1,-0.016,-0.19,0.09,-41.09,35.06,369,-1391,-4209,399,1
51.6,3,2257.8,485.75,-0.08,3022.6,79.9,-1.1,-1.21,1.0,0.0,0.5,1.0,2,3114,-45.2,0.2,0.73,-3.01,21.05,409,199,4472,0.0532,0.017,-0.163,0.063,-1.31,-4.72,576,-4511,-687,741,1,8201,0.1324,-0.001,-0.102,0.002,2.15,-3.88,594,-7064,2240,2470,0,2431,0.0204,0.001,-0.283,0.183,-39.37,33.34,399,-818,-2078,399,1,5036,0.0997,-0.018,-0.249,0.149,-40.46,34.43,403,-1388,-4200,399,1
51.62,3,2258.2,485.53,-0.08,3022.98,78.8,-1.12,-1.18,1.0,0.0,0.5,1.0,2,3193,-44.6,0.2,0.74,-2.99,24.46,394,193,4482,0.0535,0.017,-0.156,0.056,-0.74,-5.29,574,-4554,-468,741,1,8089,0.1322,-0.011,-0.11,0.01,2.5,-3.53,580,-7031,2409,2470,0,2486,0.0206,0.009,-0.214,0.114,-38.54,32.5,365,-824,-2130,399,1,5018,0.0993,-0.02,-0.175,0.075,-39.82,33.79,369,-1328,-4206,399,1
51.64,3,2258.7,485.31,-0.08,3023.35,77.7,-1.15,-1.15,1.0,0.0,0.43,1.0,2,3116,-45.2,0.2,0.75,-2.97,28.05,378,187,4510,0.0539,0.018,-0.144,0.044,-0.29,-5.74,555,-4601,-231,2449,0,8015,0.1319,-0.014,-0.117,0.017,2.9,-3.13,568,-6956,2619,2449,0,2514,0.0209,0.012,-0.278,0.178,-37.58,31.55,400,-862,-2145,396,1,4996,0.0989,-0.02,-0.237,0.137,-39.03,33.0,403,-1345,-4187,396,1
51.66,3,2259.1,485.09,-0.08,3023.71,76.5,-1.16,-1.06,1.0,0.0,0.32,1.0,2,3219,-44.8,0.2,0.75,-2.93,32.26,362,181,4578,0.0543,0.023,-0.154,0.054,0.29,-5.74,566,-4673,39,634,1,7903,0.1316,-0.015,-0.08,-0.02,3.28,-2.75,582,-5891,3412,2113,0,2571,0.0211,0.013,-0.201,0.101,-36.58,30.55,371,-860,-2203,341,1,4939,0.0984,-0.025,-0.152,0.052,-38.23,32.2,374,-1257,-4169,341,1
51.68,3,2259.5,484.88,-0.08,3024.07,75.5,-1.12,-0.88,1.0,0.0,0.0,1.0,2,3143,-45.4,0.2,0.75,-2.87,37.74,345,176,4731,0.0551,0.039,-0.1,0.0,0.93,-5.1,586,-4585,445,1565,0,7634,0.1309,-0.033,-0.063,-0.037,3.61,-2.42,587,-4352,3989,1565,0,2761,0.0218,0.036,-0.262,0.162,-35.46,29.43,406,-936,-2358,253,1,4858,0.0977,-0.036,-0.23,0.13,-37.27,31.24,405,-1281,-4099,253,1
51.7,3,2259.9,484.66,-0.08,3024.42,75.0,-0.64,-0.35,1.0,0.0,0.0,1.0,2,3370,-46.3,0.2,0.73,-2.71,48.59,326,173,5093,0.0565,0.072,-0.024,-0.076,1.39,-4.64,640,-102,1206,0,0,6829,0.1292,-0.085,-0.019,-0.081,3.71,-2.32,615,-421,4136,0,0,3406,0.0238,0.097,-0.212,0.112,-33.86,27.83,407,-1135,-2889,0,0,4636,0.0965,-0.06,-0.144,0.044,-36.11,30.08,408,-1048,-3977,0,0
51.72,3,2260.3,484.45,-0.08,3024.78,74.6,-0.61,-0.28,1.0,0.0,0.0,1.0,2,3480,-47.1,0.2,0.69,-2.52,60.31,305,170,5272,0.0588,0.112,-0.003,-0.097,2.22,-3.82,658,-22,1906,0,0,6523,0.1258,-0.173,-0.002,-0.098,3.95,-2.08,621,-7,4123,0,0,3760,0.0279,0.205,-0.192,0.092,-31.85,25.82,424,-1200,-3198,0,0,4584,0.0949,-0.08,-0.125,0.025,-34.54,28.5,417,-907,-3973,0,0
51.74,3,2260.7,484.24,-0.08,3025.13,74.1,-0.63,-0.23,1.0,0.0,0.0,1.0,2,3573,-47.8,0.2,0.65,-2.32,72.59,284,166,5419,0.061,0.113,-0.002,-0.098,3.23,-2.8,663,-131,2726,0,0,6257,0.1223,-0.171,-0.001,-0.099,4.42,-1.61,618,-10,4212,0,0,4029,0.0321,0.21,-0.181,0.081,-29.59,23.56,438,-1299,-3420,0,0,4532,0.0934,-0.074,-0.108,0.008,-32.66,26.63,425,-806,-3960,0,0
51.76,3,2261.1,484.03,-0.08,3025.47,73.6,-0.69,-0.17,1.0,0.0,0.0,1.0,2,3663,-48.4,0.2,0.61,-2.1,85.33,263,163,5580,0.0633,0.116,-0.002,-0.098,4.25,-1.78,666,-144,3551,0,0,6073,0.1189,-0.169,0.0,-0.1,5.05,-0.98,614,-6,4398,0,0,4231,0.0363,0.21,-0.173,0.073,-27.04,21.01,452,-1415,-3581,0,0,4468,0.0919,-0.076,-0.093,-0.007,-30.41,24.38,433,-722,-3935,0,0
51.78,3,2261.5,483.82,-0.08,3025.82,73.1,-0.75,-0.12,1.0,0.0,0.0,1.0,2,3759,-49.1,0.2,0.58,-1.89,98.45,243,161,5745,0.0658,0.123,-0.001,-0.099,5.54,-0.49,669,-89,4296,0,0,5935,0.1156,-0.167,0.0,-0.1,5.93,-0.1,608,-13,4626,0,0,4368,0.0404,0.207,-0.164,0.064,-24.23,18.2,467,-1540,-3684,0,0,4364,0.0902,-0.082,-0.079,-0.021,-27.85,21.82,441,-639,-3879,0,0
51.8,3,2261.9,483.61,-0.08,3026.16,72.6,-0.8,-0.06,1.0,0.0,0.0,1.0,2,3863,-49.8,0.2,0.55,-1.68,111.95,225,158,5840,0.0683,0.125,-0.002,-0.098,6.99,0.96,670,-109,4825,0,0,5841,0.1125,-0.157,0.001,-0.099,6.9,0.87,601,19,4837,0,0,4476,0.0443,0.196,-0.154,0.054,-21.16,15.13,484,-1684,-3759,0,0,4324,0.0885,-0.086,-0.066,-0.034,-24.84,18.8,449,-555,-3879,0,0
51.82,3,2262.3,483.41,-0.09,3026.5,72.1,-0.84,-0.02,1.0,0.0,0.0,1.0,2,3978,-50.7,0.2,0.52,-1.48,125.68,209,155,5973,0.0708,0.123,-0.002,-0.098,8.61,2.58,671,-81,5218,0,0,5799,0.1096,-0.144,0.002,-0.098,8.14,2.11,592,47,5031,0,0,4524,0.0479,0.18,-0.139,0.039,-17.86,11.83,504,-1819,-3789,0,0,4232,0.0868,-0.087,-0.051,-0.049,-21.49,15.46,457,-467,-3841,0,0
51.84,3,2262.7,483.2,-0.09,3026.83,71.5,-0.87,0.01,1.0,0.0,0.0,1.0,2,4104,-51.6,0.2,0.5,-1.29,139.58,196,152,6035,0.0732,0.123,-0.002,-0.098,10.43,4.4,669,-60,5421,0,0,5756,0.107,-0.131,0.003,-0.097,9.63,3.6,582,88,5146,0,0,4542,0.0512,0.164,-0.119,0.019,-14.3,8.27,527,-1940,-3802,0,0,4174,0.0849,-0.091,-0.041,-0.059,-17.64,11.61,464,-400,-3836,0,0
51.86,3,2263.1,483.0,-0.09,3027.17,70.9,-0.89,0.03,1.0,0.0,0.0,1.0,2,4243,-52.5,0.2,0.49,-1.11,153.55,184,150,6085,0.0754,0.109,0.0,-0.1,12.44,6.4,666,-37,5522,0,0,5747,0.1046,-0.12,0.004,-0.096,11.37,5.34,570,90,5222,0,0,4523,0.0541,0.143,-0.089,-0.011,-10.52,4.49,556,-1998,-3799,0,0,4126,0.0832,-0.087,-0.035,-0.065,-13.29,7.26,469,-393,-3838,0,0
51.88,3,2263.5,482.8,-0.09,3027.5,70.3,-0.91,0.05,0.91,0.0,0.0,1.0,2,4363,-53.4,0.2,0.48,-0.96,167.58,174,147,6120,0.0775,0.103,0.002,-0.098,14.66,8.63,661,5,5555,0,0,5762,0.1025,-0.103,0.006,-0.094,13.39,7.36,555,140,5261,0,0,4459,0.0564,0.118,-0.055,-0.045,-6.54,0.51,587,-2003,-3673,0,0,4062,0.0815,-0.087,-0.042,-0.058,-8.56,2.53,467,-787,-3739,0,0
51.9,3,2263.9,482.6,-0.09,3027.82,69.7,-0.91,0.11,0.76,0.0,0.0,1.0,2,4527,-54.5,0.2,0.48,-0.81,181.33,165,144,6187,0.0794,0.096,-0.005,-0.095,13.48,7.45,660,-137,5608,0,0,5720,0.1007,-0.091,0.002,-0.098,11.81,5.78,543,34,5228,0,0,4501,0.0585,0.103,-0.023,-0.077,-2.4,-3.63,617,-1915,-2938,0,0,4024,0.0798,-0.084,-0.024,-0.076,-3.41,-2.62,476,-756,-3357,0,0
51.92,3,2264.3,482.4,-0.09,3028.15,69.2,-0.81,0.43,0.6,0.0,0.0,1.0,2,4623,-55.3,0.2,0.47,-0.61,192.3,158,142,6449,0.0816,0.11,-0.006,-0.094,9.86,3.83,666,-217,5808,0,0,5413,0.0985,-0.108,0.0,-0.1,7.73,1.7,537,-11,4907,0,0,4761,0.0609,0.121,-0.003,-0.097,1.51,-4.53,636,-1204,-123,0,0,3811,0.0779,-0.097,-0.019,-0.081,1.65,-4.38,479,-837,-888,0,0
51.94,3,2264.6,482.21,-0.09,3028.48,69.0,-0.53,1.05,0.43,0.0,0.0,1.0,2,4623,-55.9,0.2,0.45,-0.3,196.34,151,141,7001,0.085,0.171,-0.001,-0.099,5.91,-0.12,671,-114,5941,0,0,4597,0.0947,-0.192,0.001,-0.099,3.49,-2.54,530,21,3700,0,0,5402,0.0651,0.206,-0.044,-0.056,4.66,-1.37,647,-1406,3082,0,0,3392,0.0747,-0.156,-0.007,-0.093,5.75,-0.28,521,1297,2021,0,0
51.96,3,2265.0,482.02,-0.09,3028.81,68.8,-0.27,1.28,0.27,0.0,0.0,1.0,2,4705,-55.4,0.2,0.4,0.08,194.27,145,140,7302,0.0895,0.225,0.0,-0.1,2.04,-3.99,668,-4,4345,0,0,3817,0.0886,-0.304,0.001,-0.099,-0.33,-5.7,523,79,1295,0,0,5991,0.0716,0.327,-0.001,-0.099,7.26,1.23,611,-1133,4796,0,0,3199,0.0707,-0.201,0.083,-0.017,9.08,3.05,500,910,2774,0,0
51.98,3,2265.4,481.83,-0.09,3029.14,68.8,-0.06,0.94,0.12,0.0,0.0,1.0,2,4666,-56.1,0.2,0.33,0.41,186.26,140,140,7111,0.0933,0.189,0.0,-0.1,-1.28,-4.75,658,79,164,0,0,3541,0.0822,-0.322,0.001,-0.099,-3.37,-2.66,516,75,-1159,0,0,6262,0.0787,0.354,-0.058,-0.042,9.64,3.61,638,-1318,5412,0,0,3449,0.0676,-0.157,0.02,-0.08,12.02,5.99,544,871,3158,0,0
52.0,3,2265.8,481.65,-0.09,3029.48,68.8,0.03,0.46,-0.01,0.0,0.0,1.0,2,4738,-55.6,0.2,0.23,0.62,172.7,137,140,6558,0.0949,0.078,0.001,-0.099,-3.81,-2.22,645,97,-3123,0,0,3712,0.0771,-0.254,0.002,-0.098,-5.41,-0.62,510,42,-2563,0,0,6197,0.0844,0.288,-0.013,-0.087,11.82,5.79,597,-1043,5521,0,0,3939,0.0667,-0.045,0.094,-0.006,14.53,8.49,517,981,3595,0,0
52.02,3,2266.2,481.47,-0.09,3029.82,68.8,-0.01,0.18,-0.13,0.0,0.0,1.0,2,4652,-56.0,0.2,0.14,0.73,156.02,135,140,6037,0.0945,-0.021,0.002,-0.098,-5.63,-0.4,631,130,-4362,0,0,4075,0.0738,-0.165,-0.001,-0.099,-6.5,0.47,507,-25,-3345,0,0,5998,0.0883,0.194,-0.071,-0.029,13.76,7.73,618,-1166,5353,0,0,4392,0.0676,0.049,0.029,-0.071,16.48,10.45,559,915,4000,0,0
52.04,3,2266.6,481.29,-0.09,3030.16,68.7,-0.08,0.07,-0.23,0.0,0.0,1.0,2,4696,-55.3,0.2,0.06,0.77,138.08,133,140,5733,0.0931,-0.067,0.003,-0.097,-7.44,1.41,616,124,-4793,0,0,4439,0.0719,-0.095,-0.002,-0.098,-6.83,0.8,507,-82,-3798,0,0,5662,0.0907,0.119,-0.023,-0.077,15.26,9.23,572,-965,5095,0,0,4630,0.0695,0.092,0.101,0.001,17.96,11.92,530,1023,4168,0,0
52.06,3,2266.9,481.11,-0.09,3030.49,68.6,-0.15,0.02,-0.32,0.0,0.0,1.0,2,4581,-55.6,0.2,0.0,0.74,119.77,131,140,5497,0.0915,-0.082,0.003,-0.097,-8.44,2.41,603,104,-4839,0,0,4772,0.0711,-0.041,-0.002,-0.098,-7.08,1.05,510,-107,-4111,0,0,5336,0.0918,0.056,-0.08,-0.02,16.57,10.53,591,-1019,4794,0,0,4787,0.0714,0.098,0.033,-0.067,19.01,12.98,567,914,4310,0,0
52.08,3,2267.3,480.93,-0.09,3030.83,68.5,-0.22,0.0,-0.38,0.0,0.0,1.0,2,4610,-54.7,0.2,-0.04,0.69,101.5,129,139,5429,0.0897,-0.087,0.002,-0.098,-9.1,3.07,592,69,-4869,0,0,5070,0.0711,-0.001,-0.004,-0.096,-6.74,0.7,514,-149,-4339,0,0,5078,0.092,0.012,-0.023,-0.077,17.54,11.51,549,-799,4596,0,0,4838,0.0734,0.098,0.094,-0.006,19.68,13.65,530,914,4343,0,0
52.1,3,2267.7,480.75,-0.09,3031.17,68.3,-0.27,0.0,-0.42,0.0,0.0,1.0,2,4485,-54.9,0.2,-0.07,0.62,83.5,128,138,5347,0.0882,-0.075,0.001,-0.099,-9.03,3.0,582,40,-4817,0,0,5276,0.0716,0.026,-0.004,-0.096,-6.28,0.25,519,-167,-4431,0,0,4872,0.0917,-0.018,-0.072,-0.028,18.22,12.19,573,-752,4417,0,0,4870,0.075,0.082,0.016,-0.084,20.02,13.99,562,683,4400,0,0
52.12,3,2268.1,480.58,-0.09,3031.51,68.1,-0.3,0.01,-0.45,0.0,0.0,1.0,2,4515,-54.0,0.2,-0.09,0.55,65.89,127,137,5344,0.0867,-0.074,0.0,-0.1,-8.63,2.6,575,17,-4798,0,0,5380,0.0723,0.034,-0.003,-0.097,-5.57,-0.47,526,-176,-4362,0,0,4733,0.091,-0.037,-0.008,-0.092,18.66,12.63,533,-527,4320,0,0,4816,0.0765,0.072,0.072,-0.028,20.01,13.98,523,619,4361,0,0
52.14,3,2268.5,480.4,-0.09,3031.84,67.9,-0.33,0.03,-0.46,0.0,0.0,1.0,2,4399,-54.3,0.2,-0.1,0.48,48.7,125,136,5393,0.0856,-0.056,0.0,-0.1,-7.66,1.63,569,-7,-4768,0,0,5452,0.073,0.035,-0.003,-0.097,-4.71,-1.32,533,-181,-4147,0,0,4670,0.0901,-0.041,-0.058,-0.042,18.72,12.69,561,-479,4268,0,0,4764,0.0775,0.05,-0.005,-0.095,19.66,13.63,554,387,4343,0,0
52.16,3,2268.8,480.23,-0.09,3032.18,67.6,-0.33,0.07,-0.45,1.0,0.0,1.0,2,4439,-53.5,0.2,-0.1,0.43,32.11,124,136,5417,0.0848,-0.043,0.0,-0.1,-6.28,0.25,564,-19,-4609,0,0,5480,0.0737,0.039,-0.002,-0.098,-3.52,-2.52,541,-186,-3644,0,0,4616,0.0892,-0.045,0.01,-0.09,18.49,12.46,522,-279,4239,0,0,4708,0.0782,0.037,0.05,-0.05,19.01,12.98,517,325,4306,0,0
52.18,3,2269.2,480.06,-0.09,3032.51,67.4,-0.3,0.15,-0.43,1.0,0.0,1.0,2,4453,125.6,0.32,-0.1,0.39,16.42,123,135,5519,0.0842,-0.026,-0.001,-0.099,-4.55,-1.48,560,-32,-4255,0,0,5417,0.0742,0.024,-0.002,-0.098,-2.09,-3.94,548,-180,-2707,0,0,4657,0.0886,-0.033,-0.042,-0.058,17.98,11.94,552,-249,4281,0,0,4606,0.0786,0.018,-0.026,-0.074,18.07,12.04,549,92,4239,0,0
52.2,3,2269.6,479.9,-0.09,3032.85,67.2,-0.25,0.3,-0.39,1.0,0.0,1.0,2,4537,180.4,0.62,-0.1,0.4,2.24,122,134,5662,0.0841,-0.006,0.0,-0.1,-2.47,-3.56,557,-25,-3364,0,0,5236,0.0743,0.002,-0.002,-0.098,-0.54,-5.49,555,-153,-1316,0,0,4812,0.0884,-0.01,0.028,-0.072,17.09,11.06,515,-45,4427,0,0,4482,0.0785,-0.002,0.029,-0.071,16.78,10.74,514,42,4146,0,0
52.22,3,2270.0,479.74,-0.09,3033.18,67.0,-0.16,0.54,-0.34,1.0,0.0,1.0,2,4470,180.7,0.95,-0.1,0.46,-9.53,121,133,5953,0.0846,0.027,0.0,-0.1,-0.49,-5.54,553,-25,-1719,0,0,4909,0.0735,-0.04,-0.002,-0.098,1.05,-4.98,559,-112,292,0,0,5102,0.0891,0.035,-0.03,-0.07,15.85,9.82,547,-46,4685,0,0,4247,0.0779,-0.032,-0.043,-0.057,15.3,9.26,548,-184,3954,0,0
52.24,3,2270.3,479.58,-0.09,3033.52,66.7,-0.07,0.85,-0.28,1.0,0.0,1.0,2,4537,220.7,1.2,-0.11,0.6,-18.13,121,132,6323,0.0861,0.075,-0.001,-0.099,1.4,-4.63,549,-30,570,0,0,4454,0.0715,-0.096,0.0,-0.1,2.78,-3.26,562,-62,1608,0,0,5501,0.0909,0.092,0.037,-0.063,14.35,8.32,512,160,5032,0,0,3952,0.0763,-0.079,0.013,-0.087,13.66,7.63,515,-195,3708,0,0
52.26,3,2270.7,479.43,-0.09,3033.86,66.6,0.05,1.15,-0.22,1.0,0.0,1.0,2,4693,260.8,1.39,-0.13,0.82,-23.55,121,131,6748,0.0886,0.124,-0.001,-0.099,3.25,-2.78,545,-49,2815,0,0,3919,0.0684,-0.155,-0.001,-0.099,4.05,-1.98,562,-53,2317,0,0,5983,0.0941,0.158,0.072,-0.028,12.88,6.84,567,1145,5341,0,0,3622,0.0739,-0.121,0.044,-0.056,12.06,6.03,573,345,3411,0,0
52.28,3,2271.1,479.28,-0.09,3034.2,66.6,0.37,1.31,-0.15,1.0,0.0,1.0,2,5062,292.7,1.53,-0.17,1.09,-25.78,121,131,7004,0.0917,0.154,-0.001,-0.099,4.81,-1.22,543,-88,4451,0,0,3367,0.0642,-0.214,-0.001,-0.099,5.43,-0.6,562,-52,2523,0,0,6460,0.0985,0.224,0.14,0.04,11.2,5.16,603,3382,4943,0,0,3468,0.071,-0.145,0.126,0.026,10.46,4.43,619,1791,2852,0,0
52.3,3,2271.4,479.14,-0.09,3034.54,66.8,0.56,1.39,-0.08,1.0,0.0,1.0,2,5277,317.4,1.64,-0.21,1.36,-25.89,122,132,7107,0.0946,0.142,-0.002,-0.098,6.41,0.38,543,-91,5445,0,0,3014,0.0593,-0.244,-0.002,-0.098,6.68,0.65,562,-40,2549,0,0,7238,0.1036,0.255,0.105,0.005,9.69,3.66,610,4349,5086,0,0,3357,0.0684,-0.131,0.101,0.001,8.97,2.94,629,2129,2529,0,0
52.32,3,2271.8,479.01,-0.09,3034.88,67.1,0.65,1.42,-0.01,1.0,0.0,1.0,2,5130,333.8,1.73,-0.26,1.61,-24.83,122,133,7025,0.0969,0.118,-0.002,-0.098,8.01,1.98,543,-99,5885,0,0,2805,0.0545,-0.239,-0.002,-0.098,8.09,2.06,562,-39,2536,0,0,8002,0.1083,0.231,0.111,0.011,8.33,2.3,597,4783,5524,0,0,3313,0.0658,-0.127,0.145,0.045,7.7,1.67,639,2461,2210,0,0
52.34,3,2272.2,478.87,-0.09,3035.23,67.3,0.62,1.46,0.06,1.0,0.0,1.0,2,5254,347.9,1.79,-0.29,1.83,-23.65,123,134,6975,0.0986,0.084,-0.002,-0.098,9.63,3.6,542,-91,6096,0,0,2740,0.0502,-0.215,-0.002,-0.098,9.45,3.42,561,-30,2564,0,0,8393,0.1117,0.173,0.127,0.027,7.09,1.06,630,5139,5597,0,0,3170,0.0633,-0.126,0.145,0.045,6.45,0.42,661,2393,2076,0,0
52.36,3,2272.6,478.75,-0.09,3035.59,67.7,0.63,1.42,0.13,1.0,0.0,1.0,2,5139,357.6,1.84,-0.31,2.01,-21.83,124,136,6831,0.0998,0.062,-0.002,-0.098,11.06,5.03,542,-100,6085,0,0,2766,0.0466,-0.183,-0.001,-0.099,11.12,5.09,560,-23,2632,0,0,8483,0.114,0.113,0.078,-0.022,5.83,-0.2,590,5191,5505,0,0,3095,0.0607,-0.132,0.147,0.047,5.41,-0.62,648,2650,1691,0,0
52.38,3,2272.9,478.62,-0.09,3035.94,68.0,0.6,1.37,0.2,1.0,0.0,1.0,2,5425,367.7,1.88,-0.32,2.13,-19.62,125,137,6662,0.1005,0.031,-0.004,-0.096,12.33,6.3,542,-105,5987,0,0,2929,0.0437,-0.141,-0.001,-0.099,12.85,6.82,557,-14,2798,0,0,8269,0.1149,0.048,0.06,-0.04,4.82,-1.21,601,5915,4610,0,0,3031,0.0582,-0.125,0.11,0.01,4.39,-1.64,646,2741,1443,0,0
52.4,3,2273.3,478.5,-0.09,3036.31,68.4,0.69,1.21,0.26,0.5,0.0,1.0,2,5536,372.4,1.91,-0.32,2.19,-15.55,126,139,6351,0.1003,-0.008,-0.004,-0.096,13.7,7.67,543,-112,5745,0,0,3103,0.0418,-0.097,0.0,-0.1,14.6,8.57,555,-12,2957,0,0,7912,0.1146,-0.014,0.112,0.012,3.98,-2.05,635,6366,3667,0,0,3142,0.0561,-0.103,0.204,0.104,3.6,-2.43,702,3097,1008,0,0
52.42,3,2273.7,478.39,-0.09,3036.67,68.8,0.69,1.1,0.32,0.5,0.0,1.0,2,5651,245.5,1.77,-0.32,2.21,-10.59,126,140,6113,0.0994,-0.047,-0.005,-0.095,15.01,8.98,545,-109,5545,0,0,3279,0.0406,-0.06,-0.001,-0.099,16.08,10.05,552,-16,3109,0,0,7489,0.1136,-0.054,0.088,-0.012,3.52,-2.51,628,6271,3133,0,0,3234,0.0548,-0.067,0.213,0.113,3.12,-2.91,709,3265,766,0,0
52.44,3,2274.1,478.27,-0.09,3037.04,69.2,0.64,1.05,0.37,0.5,0.0,1.0,2,5474,213.5,1.55,-0.32,2.2,-5.59,125,142,5977,0.0982,-0.06,-0.005,-0.095,16.21,10.18,546,-113,5420,0,0,3363,0.0398,-0.04,0.0,-0.1,17.66,11.62,548,-6,3172,0,0,7186,0.1122,-0.066,0.08,-0.02,3.04,-2.99,633,5576,3160,0,0,3317,0.0539,-0.046,0.198,0.098,2.8,-3.23,702,3358,766,0,0
52.46,3,2274.5,478.16,-0.08,3037.41,69.5,0.51,1.09,0.42,1.0,0.0,1.0,2,5239,189.6,1.4,-0.31,2.2,-1.75,124,143,5970,0.097,-0.055,-0.004,-0.096,17.5,11.47,547,-92,5398,0,0,3421,0.0392,-0.031,0.0,-0.1,19.16,13.13,545,-6,3210,0,0,6960,0.111,-0.061,0.013,-0.087,2.76,-3.27,600,4692,3081,0,0,3329,0.0531,-0.037,0.04,-0.06,2.38,-3.66,616,3024,1186,0,0
52.48,3,2274.9,478.05,-0.08,3037.78,69.7,0.35,1.09,0.47,1.0,0.0,1.0,2,5150,275.2,1.44,-0.3,2.19,1.79,123,144,6035,0.0964,-0.034,-0.004,-0.096,18.58,12.55,546,-83,5434,0,0,3500,0.0387,-0.023,0.001,-0.099,20.54,14.51,541,5,3266,0,0,6754,0.1099,-0.054,-0.011,-0.089,2.25,-3.78,594,3558,2848,0,0,3295,0.0523,-0.042,0.015,-0.085,2.22,-3.81,604,2511,1207,0,0
52.5,3,2275.3,477.95,-0.08,3038.15,69.9,0.3,1.04,0.51,1.0,0.0,1.0,2,5221,302.8,1.58,-0.29,2.17,5.79,123,145,6081,0.096,-0.02,-0.002,-0.098,19.84,13.81,545,-74,5454,0,0,3601,0.0386,-0.003,0.003,-0.097,21.9,15.87,536,7,3343,0,0,6514,0.1087,-0.061,0.072,-0.028,2.05,-3.98,621,4641,2292,0,0,3287,0.0514,-0.045,0.101,0.001,1.73,-4.3,635,2976,941,0,0
52.52,3,2275.6,477.85,-0.08,3038.53,70.2,0.35,0.99,0.55,1.0,0.0,1.0,2,5150,323.3,1.68,-0.27,2.16,10.2,122,146,6082,0.0956,-0.019,-0.005,-0.095,20.73,14.7,544,-92,5438,0,0,3681,0.0387,0.006,0.0,-0.1,22.93,16.9,531,4,3401,0,0,6361,0.1077,-0.052,0.052,-0.048,2.07,-3.96,615,4250,2167,0,0,3355,0.0509,-0.027,0.085,-0.015,1.7,-4.33,626,3028,901,0,0
52.54,3,2276.0,477.75,-0.08,3038.91,70.3,0.29,0.97,0.58,1.0,0.0,1.0,2,5193,339.5,1.75,-0.26,2.14,14.46,122,147,6136,0.0953,-0.012,-0.002,-0.098,21.86,15.83,544,-80,5466,0,0,3722,0.039,0.012,0.002,-0.098,24.22,18.19,527,3,3427,0,0,6286,0.1069,-0.041,0.056,-0.044,2.11,-3.92,620,4295,2122,0,0,3391,0.0505,-0.017,0.093,-0.007,1.77,-4.26,631,3117,885,0,0
52.56,3,2276.4,477.65,-0.08,3039.29,70.5,0.29,0.96,0.61,1.0,0.0,1.0,2,5220,351.9,1.81,-0.25,2.13,18.64,121,148,6174,0.0953,-0.003,-0.005,-0.095,22.61,16.58,543,-90,5483,0,0,3764,0.0393,0.014,0.0,-0.1,25.07,19.04,522,-5,3454,0,0,6239,0.1063,-0.027,0.056,-0.044,2.01,-4.02,625,4249,2106,0,0,3426,0.0503,-0.01,0.098,-0.002,1.85,-4.18,634,3184,901,0,0
52.58,3,2276.8,477.56,-0.08,3039.67,70.8,0.32,0.96,0.63,1.0,0.0,1.0,2,5546,361.4,1.86,-0.25,2.12,22.85,121,148,6202,0.0953,0.001,-0.005,-0.095,23.38,17.35,543,-89,5493,0,0,3767,0.0395,0.014,-0.001,-0.099,25.99,19.96,518,-8,3448,0,0,6251,0.106,-0.018,0.037,-0.063,2.3,-3.73,634,5023,2086,0,0,3470,0.0502,-0.005,0.092,-0.008,1.96,-4.07,646,3429,824,0,0
52.6,3,2277.2,477.47,-0.08,3040.05,71.0,0.43,0.92,0.66,0.5,0.0,1.0,2,5503,370.1,1.89,-0.25,2.11,27.59,121,150,6150,0.0952,-0.005,-0.007,-0.093,24.15,18.12,543,-106,5439,0,0,3756,0.0397,0.009,0.001,-0.099,27.03,21.0,514,-14,3432,0,0,6332,0.1059,-0.001,0.089,-0.011,2.5,-3.53,651,5537,2057,0,0,3588,0.0505,0.013,0.165,0.065,2.34,-3.69,672,3638,753,0,0
52.62,3,2277.6,477.38,-0.08,3040.44,71.3,0.39,0.95,0.67,0.5,0.0,1.0,2,5565,245.9,1.76,-0.25,2.1,31.58,122,151,6159,0.095,-0.01,-0.005,-0.095,24.97,18.94,544,-100,5437,0,0,3741,0.0398,0.006,-0.001,-0.099,27.72,21.69,511,-18,3412,0,0,6418,0.1061,0.01,0.106,0.006,2.84,-3.19,614,5102,2531,0,0,3624,0.051,0.025,0.168,0.068,2.63,-3.4,626,3586,988,0,0
52.64,3,2278.0,477.3,-0.08,3040.83,71.5,0.27,1.03,0.69,1.0,0.0,1.0,2,5409,212.1,1.54,-0.25,2.11,34.2,123,152,6270,0.0951,0.004,-0.006,-0.094,25.5,19.47,544,-93,5516,0,0,3712,0.0399,0.003,-0.003,-0.097,28.3,22.27,508,-25,3382,0,0,6476,0.1063,0.01,0.01,-0.09,3.1,-2.93,631,3755,3138,0,0,3531,0.0512,0.01,0.066,-0.034,2.92,-3.11,636,3235,1314,0,0
52.66,3,2278.4,477.22,-0.08,3041.22,71.6,0.17,1.08,0.7,1.0,0.0,1.0,2,5219,296.6,1.55,-0.24,2.13,35.99,124,152,6424,0.0956,0.026,-0.005,-0.095,26.04,20.01,542,-64,5629,0,0,3714,0.0399,-0.001,-0.003,-0.097,28.92,22.89,506,-23,3379,0,0,6515,0.1066,0.012,0.036,-0.064,3.55,-2.48,629,3015,3465,0,0,3407,0.0508,-0.016,0.088,-0.012,3.25,-2.78,630,2943,1463,0,0
52.68,3,2278.8,477.15,-0.08,3041.61,71.6,0.06,1.13,0.71,1.0,0.0,1.0,2,5281,319.7,1.65,-0.23,2.16,37.1,125,152,6558,0.0965,0.046,-0.003,-0.097,26.63,20.59,541,-80,5727,0,0,3721,0.0399,0.001,-0.002,-0.098,29.52,23.49,503,-19,3382,0,0,6535,0.1067,0.01,0.029,-0.071,3.5,-2.53,648,2357,3677,0,0,3295,0.0501,-0.035,0.079,-0.021,3.47,-2.56,647,2639,1583,0,0
52.7,3,2279.2,477.08,-0.08,3042.0,71.6,0.07,1.14,0.71,1.0,0.0,1.0,2,5321,336.7,1.74,-0.21,2.19,38.3,127,152,6644,0.0976,0.053,-0.006,-0.094,26.92,20.89,539,-84,5788,0,0,3748,0.04,0.006,0.003,-0.097,30.26,24.23,499,-12,3400,0,0,6524,0.1068,0.002,0.05,-0.05,3.74,-2.3,639,3468,3625,0,0,3229,0.0492,-0.046,0.113,0.013,3.67,-2.36,645,2874,1434,0,0
52.72,3,2279.6,477.01,-0.08,3042.39,71.7,0.17,1.12,0.72,0.0,0.0,1.0,2,5402,350.4,1.8,-0.19,2.22,39.91,128,153,6650,0.0985,0.047,-0.007,-0.093,27.26,21.22,538,-97,5787,0,0,3729,0.0401,0.005,-0.005,-0.095,30.34,24.31,497,-36,3382,0,0,6580,0.1069,0.008,0.06,-0.04,3.92,-2.11,647,4017,3672,0,0,3245,0.0486,-0.034,0.133,0.033,3.82,-2.22,656,3010,1357,0,0
52.74,3,2280.0,476.95,-0.08,3042.78,71.8,0.18,1.12,0.73,0.0,0.0,1.0,2,5409,235.8,1.7,-0.18,2.25,41.43,130,153,6668,0.0993,0.037,-0.007,-0.093,27.6,21.57,538,-96,5796,0,0,3698,0.0401,-0.001,-0.004,-0.096,30.78,24.75,495,-36,3353,0,0,6610,0.1071,0.008,0.059,-0.041,4.27,-1.76,645,4008,3852,0,0,3212,0.0479,-0.03,0.134,0.034,4.13,-1.9,655,2966,1386,0,0
52.76,3,2280.4,476.89,-0.08,3043.18,71.8,0.0,1.19,0.73,0.0,0.0,1.0,2,5108,-70.4,1.33,-0.15,2.29,41.57,132,153,6797,0.1001,0.043,-0.005,-0.095,27.92,21.89,537,-72,5892,0,0,3700,0.04,-0.004,-0.004,-0.096,31.1,25.07,493,-31,3352,0,0,6601,0.1072,0.007,-0.036,-0.064,4.37,-1.66,617,902,4452,0,0,3078,0.0471,-0.041,0.012,-0.088,4.42,-1.61,612,2003,1910,0,0
52.78,3,2280.8,476.84,-0.08,3043.57,71.5,-0.39,1.26,0.73,0.0,0.0,1.0,2,4912,-56.8,0.96,-0.11,2.34,40.58,134,152,7031,0.1016,0.072,-0.002,-0.098,28.29,22.26,534,-55,6068,0,0,3806,0.0402,0.006,-0.002,-0.098,31.31,25.28,491,-22,3441,0,0,6441,0.107,-0.01,0.016,-0.084,4.62,-1.41,584,-971,4411,0,0,2841,0.0456,-0.076,0.044,-0.056,4.34,-1.69,568,536,2036,0,0
52.8,3,2281.2,476.79,-0.08,3043.96,71.1,-0.49,1.27,0.73,0.0,0.0,1.0,2,4815,-57.2,0.71,-0.05,2.4,39.91,136,150,7259,0.1036,0.101,-0.004,-0.096,28.33,22.3,529,-42,6237,0,0,3881,0.0407,0.026,-0.002,-0.098,31.5,25.47,487,-14,3503,0,0,6266,0.1063,-0.035,-0.04,-0.06,4.57,-1.46,614,-945,4345,0,0,2644,0.0434,-0.11,-0.009,-0.091,4.4,-1.63,603,606,1903,0,0
52.82,3,2281.6,476.75,-0.08,3044.35,70.7,-0.5,1.27,0.73,0.0,0.0,1.0,2,4867,-56.5,0.54,0.01,2.46,39.42,138,148,7413,0.1058,0.109,-0.005,-0.095,28.51,22.48,525,-67,6351,0,0,3952,0.0412,0.027,-0.002,-0.098,31.7,25.67,484,-16,3561,0,0,6105,0.1057,-0.033,0.019,-0.081,4.5,-1.53,578,-485,4253,0,0,2514,0.0411,-0.115,0.055,-0.045,4.42,-1.61,566,749,1805,0,0
52.84,3,2282.0,476.71,-0.08,3044.74,70.4,-0.5,1.27,0.73,1.0,0.0,1.0,2,4763,-56.8,0.43,0.07,2.52,39.07,139,147,7527,0.108,0.109,-0.006,-0.094,28.59,22.56,522,-59,6434,0,0,3990,0.0419,0.031,-0.003,-0.097,31.77,25.74,480,-17,3592,0,0,6003,0.105,-0.033,-0.038,-0.062,4.77,-1.26,608,-930,4217,0,0,2453,0.0389,-0.111,-0.007,-0.093,4.48,-1.55,597,535,1797,0,0
52.86,3,2282.4,476.68,-0.08,3045.13,70.0,-0.5,1.27,0.73,1.0,0.0,1.0,2,4925,126.5,0.49,0.13,2.57,38.77,141,145,7607,0.1101,0.107,-0.005,-0.095,28.78,22.75,518,-68,6492,0,0,4001,0.0424,0.028,-0.004,-0.096,31.91,25.88,477,-23,3601,0,0,5957,0.1046,-0.023,0.019,-0.081,4.7,-1.33,571,-479,4232,0,0,2422,0.0369,-0.102,0.059,-0.041,5.06,-0.97,560,737,1775,0,0
52.88,3,2282.7,476.65,-0.08,3045.51,69.6,-0.51,1.28,0.73,1.0,0.0,1.0,2,4871,181.8,0.75,0.18,2.63,38.45,141,143,7671,0.1121,0.101,-0.006,-0.094,28.77,22.74,515,-79,6538,0,0,4001,0.0429,0.025,-0.003,-0.097,32.03,26.0,474,-22,3600,0,0,5968,0.1043,-0.013,-0.04,-0.06,4.65,-1.39,601,-899,4258,0,0,2422,0.0351,-0.089,-0.007,-0.093,4.84,-1.19,591,530,1801,0,0
52.9,3,2283.1,476.63,-0.08,3045.9,69.3,-0.29,1.26,0.73,1.0,0.0,1.0,2,5090,192.5,1.05,0.21,2.68,38.67,142,142,7605,0.1139,0.089,-0.006,-0.094,28.72,22.69,512,-94,6489,0,0,3930,0.0432,0.017,-0.003,-0.097,32.17,26.14,471,-28,3540,0,0,6047,0.1043,-0.003,0.0,-0.1,4.68,-1.35,615,1638,4255,0,0,2511,0.0336,-0.074,0.054,-0.046,4.77,-1.26,615,1761,1597,0,0
52.92,3,2283.5,476.61,-0.08,3046.28,69.2,-0.08,1.23,0.73,0.5,0.0,1.0,2,5288,239.5,1.27,0.22,2.72,39.3,143,142,7434,0.1149,0.05,-0.006,-0.094,28.93,22.9,512,-107,6362,0,0,3838,0.0432,-0.002,-0.008,-0.092,31.98,25.94,469,-55,3462,0,0,6196,0.1046,0.018,0.09,-0.01,5.11,-0.92,594,3041,4152,0,0,2676,0.0329,-0.034,0.155,0.055,5.09,-0.94,599,2238,1487,0,0
52.94,3,2283.9,476.6,-0.08,3046.67,69.2,0.02,1.21,0.73,1.0,0.0,1.0,2,5160,177.0,1.32,0.22,2.74,40.01,143,142,7272,0.1153,0.02,-0.007,-0.093,28.94,22.91,511,-111,6240,0,0,3761,0.0429,-0.013,-0.008,-0.092,32.06,26.03,468,-42,3396,0,0,6385,0.1053,0.031,0.042,-0.058,4.95,-1.08,637,2576,4442,0,0,2845,0.0329,-0.002,0.105,0.005,4.98,-1.05,639,2301,1646,0,0
52.96,3,2284.3,476.59,-0.08,3047.05,69.2,0.01,1.22,0.73,0.0,0.0,1.0,2,5215,263.4,1.39,0.21,2.76,40.31,143,142,7162,0.1153,0.003,-0.009,-0.091,28.74,22.71,512,-126,6157,0,0,3715,0.0426,-0.017,-0.007,-0.093,32.16,26.13,468,-59,3357,0,0,6497,0.1059,0.032,0.003,-0.097,5.21,-0.83,614,2568,4577,0,0,2919,0.0331,0.012,0.066,-0.034,5.09,-0.94,617,2335,1717,0,0
52.98,3,2284.7,476.59,-0.08,3047.43,69.2,0.05,1.22,0.72,0.0,0.0,1.0,2,5083,189.1,1.4,0.2,2.77,40.59,143,142,7062,0.1152,-0.008,-0.009,-0.091,28.68,22.64,512,-115,6082,0,0,3684,0.0422,-0.019,-0.01,-0.09,31.98,25.95,468,-64,3331,0,0,6575,0.1064,0.028,0.038,-0.062,5.19,-0.84,609,2709,4638,0,0,2976,0.0335,0.016,0.106,0.006,5.22,-0.82,613,2428,1719,0,0
53.0,3,2285.0,476.59,-0.08,3047.82,69.1,-0.09,1.27,0.72,1.0,0.0,1.0,2,4925,-62.5,1.14,0.19,2.78,39.84,143,141,7078,0.1149,-0.012,-0.007,-0.093,28.72,22.68,511,-103,6094,0,0,3672,0.0418,-0.018,-0.01,-0.09,31.73,25.7,468,-60,3321,0,0,6611,0.1068,0.018,-0.009,-0.091,5.21,-0.82,609,1198,4925,0,0,2934,0.0337,0.012,0.041,-0.059,5.24,-0.79,605,1839,2033,0,0
53.02,3,2285.4,476.6,-0.08,3048.2,68.8,-0.33,1.31,0.71,1.0,0.0,1.0,2,4731,126.4,0.99,0.2,2.8,38.4,143,140,7193,0.1151,0.007,-0.004,-0.096,28.65,22.62,510,-72,6183,0,0,3741,0.0416,-0.012,-0.008,-0.092,31.6,25.57,468,-57,3381,0,0,6517,0.1069,0.004,-0.049,-0.051,5.36,-0.67,590,-1347,4855,0,0,2787,0.0334,-0.014,-0.024,-0.076,5.13,-0.9,577,377,2213,0,0
53.04,3,2285.8,476.61,-0.08,3048.58,68.4,-0.49,1.32,0.71,1.0,0.0,1.0,2,4864,209.9,1.14,0.21,2.81,37.12,142,139,7333,0.1157,0.033,-0.003,-0.097,28.58,22.55,508,-73,6290,0,0,3825,0.0418,0.007,-0.004,-0.096,31.45,25.42,467,-40,3453,0,0,6373,0.1065,-0.017,0.019,-0.081,5.08,-0.95,557,-392,4780,0,0,2647,0.0326,-0.043,0.055,-0.045,5.08,-0.95,547,754,2064,0,0
53.06,3,2286.2,476.63,-0.08,3048.96,68.2,-0.23,1.29,0.7,1.0,0.0,1.0,2,5028,253.0,1.34,0.23,2.83,36.78,142,138,7304,0.1164,0.033,-0.001,-0.099,28.52,22.49,506,-91,6270,0,0,3812,0.0419,0.009,-0.006,-0.094,31.43,25.4,466,-56,3443,0,0,6314,0.1062,-0.017,0.045,-0.055,5.07,-0.96,605,2362,4477,0,0,2657,0.0317,-0.042,0.104,0.004,4.97,-1.06,609,1973,1674,0,0
53.08,3,2286.6,476.65,-0.08,3049.34,68.1,-0.04,1.24,0.69,0.5,0.0,1.0,2,5204,285.8,1.5,0.23,2.83,37.03,142,137,7204,0.1165,0.005,-0.011,-0.089,27.83,21.8,506,-117,6198,0,0,3769,0.0419,-0.002,-0.01,-0.09,31.11,25.08,465,-64,3408,0,0,6342,0.1061,-0.007,0.089,-0.011,5.17,-0.87,584,2938,4372,0,0,2754,0.0314,-0.014,0.15,0.05,5.22,-0.81,588,2226,1609,0,0
53.1,3,2286.9,476.68,-0.08,3049.71,68.1,0.04,1.22,0.69,1.0,0.0,1.0,2,5082,201.5,1.48,0.22,2.83,37.57,141,137,7075,0.1163,-0.011,-0.01,-0.09,27.64,21.61,507,-136,6103,0,0,3720,0.0417,-0.009,-0.007,-0.093,31.02,24.99,466,-77,3368,0,0,6414,0.1062,0.005,0.042,-0.058,5.17,-0.86,626,2587,4531,0,0,2878,0.0316,0.007,0.103,0.003,5.21,-0.82,629,2287,1712,0,0
53.12,3,2287.3,476.71,-0.08,3050.09,68.1,0.04,1.23,0.68,1.0,0.0,1.0,2,5142,287.9,1.51,0.21,2.83,37.85,141,137,7000,0.1158,-0.022,-0.009,-0.091,27.44,21.41,509,-122,6049,0,0,3687,0.0414,-0.014,-0.013,-0.087,30.39,24.36,467,-85,3342,0,0,6472,0.1064,0.01,0.003,-0.097,5.32,-0.71,604,2606,4585,0,0,2942,0.032,0.019,0.066,-0.034,5.11,-0.92,607,2320,1766,0,0
53.14,3,2287.7,476.74,-0.08,3050.47,68.1,0.13,1.2,0.67,0.5,0.0,1.0,2,5393,313.2,1.62,0.19,2.81,38.72,140,138,6900,0.1153,-0.028,-0.012,-0.088,27.03,20.99,510,-144,5977,0,0,3644,0.0411,-0.016,-0.013,-0.087,29.98,23.95,469,-86,3307,0,0,6566,0.1067,0.015,0.114,0.014,5.24,-0.79,662,4348,4071,0,0,3039,0.0325,0.027,0.194,0.094,5.67,-0.37,672,2762,1444,0,0
53.16,3,2288.1,476.78,-0.08,3050.84,68.3,0.25,1.14,0.66,0.5,0.0,1.0,2,5485,216.7,1.57,0.16,2.79,40.41,139,138,6731,0.1143,-0.049,-0.012,-0.088,26.71,20.68,513,-163,5850,0,0,3631,0.0408,-0.015,-0.013,-0.087,29.66,23.63,471,-87,3298,0,0,6619,0.107,0.014,0.133,0.033,5.54,-0.5,607,4768,3901,0,0,3179,0.0335,0.048,0.221,0.121,5.48,-0.55,622,2968,1363,0,0
53.18,3,2288.5,476.83,-0.08,3051.22,68.4,0.2,1.2,0.64,0.0,0.0,1.0,2,5217,191.4,1.42,0.13,2.77,41.17,138,138,6698,0.1132,-0.055,-0.01,-0.09,26.18,20.15,516,-150,5831,0,0,3577,0.0404,-0.02,-0.014,-0.086,29.11,23.08,473,-98,3255,0,0,6731,0.1074,0.02,0.08,-0.02,5.71,-0.32,581,3345,4743,0,0,3209,0.0346,0.055,0.15,0.05,5.81,-0.22,586,2694,1797,0,0
53.2,3,2288.8,476.88,-0.08,3051.6,68.4,0.06,1.29,0.63,0.6,0.0,1.0,2,5011,-63.4,1.14,0.11,2.77,40.64,137,138,6782,0.1125,-0.035,-0.01,-0.09,25.79,19.76,519,-146,5902,0,0,3548,0.0399,-0.024,-0.014,-0.086,28.65,22.62,476,-93,3233,0,0,6793,0.1078,0.022,0.001,-0.099,5.73,-0.3,607,2285,5078,0,0,3110,0.0352,0.032,0.062,-0.038,5.76,-0.27,608,2292,2021,0,0
53.22,3,2289.2,476.93,-0.08,3051.97,68.2,-0.14,1.34,0.61,1.0,0.0,1.0,2,4853,126.6,1.0,0.11,2.77,39.3,137,138,6933,0.1123,-0.011,-0.007,-0.093,25.35,19.32,520,-111,6025,0,0,3577,0.0395,-0.019,-0.013,-0.087,28.11,22.08,478,-87,3262,0,0,6744,0.108,0.009,0.016,-0.084,5.68,-0.35,589,799,5201,0,0,2932,0.0352,0.002,0.057,-0.043,5.65,-0.38,581,1523,2205,0,0
53.24,3,2289.6,476.99,-0.08,3052.35,68.0,-0.19,1.35,0.6,1.0,0.0,1.0,2,4917,211.1,1.14,0.11,2.79,38.16,137,137,7055,0.1126,0.015,-0.007,-0.093,24.83,18.8,520,-117,6126,0,0,3602,0.0393,-0.011,-0.012,-0.088,27.53,21.49,480,-89,3287,0,0,6686,0.1079,-0.005,0.03,-0.07,5.45,-0.58,596,1245,5099,0,0,2808,0.0346,-0.031,0.076,-0.024,5.52,-0.51,592,1596,2061,0,0
53.26,3,2290.0,477.06,-0.08,3052.72,67.9,-0.03,1.32,0.58,0.5,0.0,1.0,2,5213,254.1,1.35,0.12,2.8,38.0,136,137,7051,0.1129,0.017,-0.011,-0.089,24.12,18.09,521,-143,6131,0,0,3595,0.0392,-0.008,-0.011,-0.089,26.95,20.92,482,-94,3285,0,0,6648,0.1077,-0.008,0.093,-0.007,5.56,-0.47,584,3134,4693,0,0,2793,0.034,-0.033,0.158,0.058,5.4,-0.63,590,2245,1672,0,0
53.28,3,2290.4,477.13,-0.08,3053.09,68.0,0.1,1.28,0.57,1.0,0.0,1.0,2,5076,184.7,1.37,0.11,2.81,38.49,136,137,6989,0.1129,-0.001,-0.012,-0.088,23.51,17.48,524,-160,6093,0,0,3558,0.0389,-0.013,-0.011,-0.089,26.3,20.27,485,-95,3259,0,0,6691,0.1077,0.001,0.043,-0.057,5.46,-0.57,626,2604,4873,0,0,2858,0.0337,-0.011,0.107,0.007,5.45,-0.58,629,2242,1753,0,0
53.3,3,2290.7,477.21,-0.08,3053.46,68.0,0.09,1.29,0.55,1.0,0.0,1.0,2,5139,271.1,1.42,0.11,2.82,38.83,136,137,6949,0.1127,-0.008,-0.011,-0.089,22.78,16.75,527,-156,6072,0,0,3542,0.0386,-0.014,-0.014,-0.086,25.41,19.38,488,-95,3250,0,0,6722,0.1078,0.005,0.003,-0.097,5.54,-0.49,604,2637,4906,0,0,2892,0.0337,-0.001,0.068,-0.032,5.52,-0.51,608,2265,1778,0,0
53.32,3,2291.1,477.29,-0.08,3053.83,68.1,0.19,1.26,0.53,0.5,0.0,1.0,2,5396,300.3,1.56,0.1,2.81,39.88,136,137,6841,0.1124,-0.014,-0.011,-0.089,22.07,16.04,530,-170,5999,0,0,3552,0.0383,-0.015,-0.015,-0.085,24.61,18.58,491,-104,3265,0,0,6731,0.108,0.007,0.113,0.013,5.68,-0.35,663,4357,4287,0,0,2981,0.0338,0.006,0.196,0.096,5.58,-0.45,674,2687,1457,0,0
53.34,3,2291.5,477.37,-0.08,3054.2,68.2,0.31,1.2,0.51,0.5,0.0,1.0,2,5507,210.1,1.53,0.08,2.8,41.86,136,138,6710,0.1117,-0.036,-0.011,-0.089,21.39,15.36,536,-195,5909,0,0,3508,0.0381,-0.013,-0.014,-0.086,23.83,17.8,495,-113,3233,0,0,6817,0.1081,0.006,0.136,0.036,5.84,-0.2,608,4837,4110,0,0,3122,0.0344,0.028,0.23,0.13,5.84,-0.19,626,2897,1369,0,0
53.36,3,2291.9,477.46,-0.08,3054.57,68.4,0.27,1.25,0.49,0.5,0.0,1.0,2,5238,187.1,1.39,0.06,2.79,42.98,135,139,6682,0.1109,-0.042,-0.011,-0.089,20.52,14.49,540,-182,5899,0,0,3474,0.0377,-0.018,-0.012,-0.088,22.76,16.73,499,-110,3210,0,0,6885,0.1084,0.017,0.083,-0.017,6.11,0.08,584,3403,4940,0,0,3134,0.0352,0.041,0.158,0.058,6.04,0.01,590,2630,1774,0,0
53.38,3,2292.2,477.56,-0.08,3054.93,68.4,0.14,1.34,0.46,0.0,0.0,1.0,2,5129,172.6,1.29,0.04,2.79,42.89,135,139,6758,0.1104,-0.023,-0.009,-0.091,19.74,13.71,544,-175,5974,0,0,3449,0.0373,-0.021,-0.011,-0.089,22.0,15.97,503,-105,3196,0,0,6917,0.1087,0.013,0.004,-0.096,6.03,0.0,609,2366,5272,0,0,3037,0.0355,0.015,0.07,-0.03,6.1,0.07,611,2248,1999,0,0
53.4,3,2292.6,477.66,-0.08,3055.3,68.4,0.07,1.38,0.44,0.0,0.0,1.0,2,4922,-60.0,1.06,0.04,2.8,42.49,135,139,6851,0.1103,-0.004,-0.006,-0.094,18.85,12.82,548,-146,6064,0,0,3433,0.0369,-0.021,-0.011,-0.089,20.91,14.88,508,-112,3191,0,0,6916,0.1089,0.008,-0.033,-0.067,6.15,0.12,591,1300,5439,0,0,2921,0.0354,-0.008,0.026,-0.074,6.19,0.16,589,1860,2113,0,0
53.42,3,2293.0,477.76,-0.08,3055.66,68.2,-0.22,1.43,0.41,0.0,0.0,1.0,2,4680,-55.2,0.78,0.05,2.82,41.19,135,138,7074,0.1106,0.016,-0.006,-0.094,17.7,11.67,550,-131,6255,0,0,3487,0.0366,-0.014,-0.006,-0.094,19.63,13.6,511,-94,3249,0,0,6844,0.1088,-0.002,0.01,-0.09,6.12,0.08,553,-1040,5418,0,0,2711,0.0347,-0.032,0.043,-0.057,6.08,0.05,538,467,2296,0,0
53.44,3,2293.4,477.87,-0.08,3056.02,67.9,-0.33,1.45,0.38,1.0,0.0,1.0,2,4598,-55.7,0.59,0.08,2.86,40.33,135,137,7252,0.1117,0.051,-0.006,-0.094,16.69,10.66,550,-120,6413,0,0,3545,0.0366,0.002,-0.008,-0.092,18.53,12.5,513,-80,3311,0,0,6701,0.1084,-0.02,-0.04,-0.06,6.06,0.03,587,-840,5290,0,0,2529,0.0334,-0.07,-0.006,-0.094,5.99,-0.04,577,554,2117,0,0
53.46,3,2293.8,477.99,-0.08,3056.38,67.6,-0.31,1.45,0.36,1.0,0.0,1.0,2,4760,126.1,0.61,0.12,2.9,39.81,136,135,7383,0.1129,0.059,-0.003,-0.097,15.83,9.8,550,-119,6531,0,0,3576,0.0367,0.004,-0.008,-0.092,17.36,11.33,515,-93,3349,0,0,6598,0.108,-0.023,0.018,-0.082,5.74,-0.29,551,-484,5204,0,0,2411,0.0318,-0.078,0.059,-0.041,5.98,-0.05,540,650,1996,0,0
53.48,3,2294.1,478.11,-0.08,3056.73,67.3,-0.3,1.45,0.33,1.0,0.0,1.0,2,4711,181.4,0.84,0.15,2.94,39.55,136,134,7472,0.1141,0.062,-0.004,-0.096,14.57,8.54,552,-135,6617,0,0,3582,0.0368,0.005,-0.007,-0.093,16.09,10.06,516,-74,3365,0,0,6553,0.1076,-0.019,-0.041,-0.059,5.88,-0.15,582,-904,5148,0,0,2357,0.0303,-0.076,-0.008,-0.092,5.7,-0.33,572,488,1961,0,0
53.5,3,2294.5,478.24,-0.08,3057.09,67.1,-0.28,1.45,0.3,1.0,0.0,1.0,2,4764,205.1,1.12,0.18,2.98,39.53,136,133,7526,0.1153,0.061,-0.005,-0.095,13.31,7.28,552,-146,6670,0,0,3586,0.0368,0.003,-0.006,-0.094,14.99,8.96,518,-87,3379,0,0,6522,0.1073,-0.013,0.018,-0.082,5.75,-0.28,546,-500,5108,0,0,2327,0.0288,-0.071,0.06,-0.04,5.95,-0.08,536,650,1911,0,0
53.52,3,2294.9,478.37,-0.08,3057.43,67.0,-0.03,1.43,0.27,1.0,0.0,1.0,2,4968,249.3,1.33,0.2,3.02,40.38,137,133,7460,0.1164,0.052,-0.005,-0.095,12.33,6.3,553,-146,6624,0,0,3514,0.0368,-0.001,-0.008,-0.092,13.53,7.5,520,-89,3324,0,0,6593,0.1072,-0.004,0.047,-0.053,5.73,-0.31,597,2380,4896,0,0,2410,0.0277,-0.058,0.116,0.016,5.62,-0.41,602,1806,1571,0,0
53.54,3,2295.2,478.5,-0.08,3057.78,67.1,0.19,1.39,0.24,0.5,0.0,1.0,2,5158,282.9,1.48,0.2,3.05,41.74,137,133,7298,0.1167,0.019,-0.004,-0.096,10.96,4.93,559,-156,6487,0,0,3421,0.0364,-0.019,-0.003,-0.097,12.42,6.39,523,-99,3244,0,0,6759,0.1076,0.018,0.092,-0.008,5.88,-0.15,577,3022,4898,0,0,2581,0.0273,-0.019,0.168,0.068,6.13,0.1,584,2086,1564,0,0
53.56,3,2295.6,478.64,-0.08,3058.13,67.2,0.28,1.37,0.21,0.0,0.0,1.0,2,5054,200.0,1.48,0.18,3.06,43.24,137,134,7126,0.1166,-0.007,-0.005,-0.095,9.42,3.38,562,-178,6311,0,0,3344,0.0359,-0.027,-0.006,-0.094,10.78,4.75,527,-107,3169,0,0,6940,0.1083,0.033,0.046,-0.054,5.78,-0.25,623,2668,5141,0,0,2746,0.0276,0.013,0.118,0.018,5.92,-0.11,626,2187,1687,0,0
53.58,3,2296.0,478.79,-0.08,3058.47,67.3,0.23,1.4,0.17,0.0,0.0,1.0,2,4922,-64.0,1.18,0.16,3.07,43.82,136,134,7061,0.1162,-0.022,-0.002,-0.098,8.3,2.27,567,-132,6167,0,0,3286,0.0353,-0.03,-0.004,-0.096,9.34,3.31,530,-74,3095,0,0,7094,0.1089,0.034,-0.004,-0.096,5.87,-0.17,598,2089,5419,0,0,2805,0.0281,0.025,0.064,-0.036,5.96,-0.07,599,2032,1877,0,0
53.6,3,2296.4,478.94,-0.08,3058.81,67.3,-0.01,1.45,0.14,0.0,0.0,1.0,2,4538,-55.3,0.86,0.15,3.08,43.06,136,134,7117,0.1159,-0.014,0.002,-0.098,7.04,1.01,568,-83,6019,0,0,3337,0.0347,-0.027,-0.004,-0.096,7.66,1.62,533,-96,3076,0,0,7083,0.1095,0.027,-0.053,-0.047,5.97,-0.06,578,-1573,5485,0,0,2712,0.0283,0.013,-0.025,-0.075,5.9,-0.13,563,355,2281,0,0
53.62,3,2296.7,479.1,-0.08,3059.15,67.1,-0.16,1.43,0.1,0.0,0.0,1.0,2,4623,-54.8,0.64,0.16,3.09,42.07,136,133,7182,0.1161,0.011,-0.001,-0.099,5.56,-0.47,568,-116,5694,0,0,3433,0.0347,-0.004,-0.001,-0.099,6.24,0.21,534,-52,3015,0,0,6938,0.1093,-0.008,0.017,-0.083,5.78,-0.26,547,-473,5442,0,0,2620,0.0279,-0.022,0.06,-0.04,5.96,-0.07,536,759,2166,0,0
53.64,3,2297.1,479.26,-0.08,3059.49,67.0,-0.12,1.37,0.06,1.0,0.0,1.0,2,4525,-55.1,0.5,0.17,3.08,40.7,136,133,7165,0.1162,0.006,-0.002,-0.098,4.18,-1.85,566,-16,5068,0,0,3529,0.0348,0.008,-0.002,-0.098,4.57,-1.46,535,-77,2820,0,0,6777,0.1089,-0.021,-0.041,-0.059,5.92,-0.11,579,-969,5290,0,0,2617,0.0275,-0.018,-0.009,-0.091,5.78,-0.25,569,531,2181,0,0
53.66,3,2297.5,479.42,-0.08,3059.82,66.9,-0.09,1.26,0.03,1.0,0.0,1.0,2,4687,125.8,0.54,0.18,3.06,38.51,136,132,7079,0.1161,-0.005,-0.003,-0.097,2.76,-3.27,566,-101,4043,0,0,3657,0.0353,0.023,-0.003,-0.097,3.25,-2.78,536,-96,2442,0,0,6577,0.1082,-0.032,0.017,-0.083,5.7,-0.33,544,-556,5154,0,0,2696,0.0274,-0.004,0.055,-0.045,5.82,-0.21,533,682,2210,0,0
53.68,3,2297.9,479.59,-0.08,3060.15,66.8,-0.07,1.1,0.0,1.0,0.0,1.0,2,4662,181.2,0.79,0.19,3.0,35.09,135,132,6910,0.1156,-0.027,-0.002,-0.098,1.55,-4.48,564,-149,2812,0,0,3837,0.0361,0.041,-0.002,-0.098,2.01,-4.02,537,-76,1884,0,0,6305,0.1073,-0.047,-0.038,-0.062,5.82,-0.21,576,-850,4879,0,0,2860,0.0279,0.021,-0.013,-0.087,5.64,-0.39,566,482,2336,0,0
53.7,3,2298.2,479.76,-0.08,3060.48,66.7,-0.06,0.92,-0.03,1.0,0.0,1.0,2,4717,197.0,1.08,0.19,2.9,30.22,134,132,6689,0.1145,-0.055,-0.002,-0.098,0.75,-5.28,563,-120,1567,0,0,4051,0.0374,0.065,-0.003,-0.097,1.07,-4.96,538,-76,1235,0,0,5977,0.106,-0.064,0.02,-0.08,5.42,-0.61,540,-439,4602,0,0,3089,0.029,0.056,0.051,-0.049,5.51,-0.52,531,634,2460,0,0
53.72,3,2298.6,479.93,-0.08,3060.8,66.6,-0.05,0.74,-0.05,1.0,0.0,1.0,2,4824,242.2,1.3,0.18,2.77,24.07,133,131,6443,0.1128,-0.082,0.001,-0.099,-0.07,-5.96,561,-30,524,0,0,4284,0.0392,0.089,-0.002,-0.098,0.36,-5.68,541,-54,658,0,0,5625,0.1045,-0.077,0.078,-0.022,4.96,-1.07,567,641,4230,0,0,3363,0.0309,0.094,0.106,0.006,4.99,-1.04,561,1171,2526,0,0
53.74,3,2299.0,480.11,-0.08,3061.13,66.8,0.3,0.56,-0.07,1.0,0.0,1.0,2,4908,277.5,1.46,0.15,2.61,17.67,131,132,6048,0.1105,-0.115,-0.001,-0.099,-0.57,-5.46,560,-154,-281,0,0,4389,0.0412,0.099,-0.002,-0.098,-0.05,-5.98,546,-142,154,0,0,5432,0.103,-0.073,0.056,-0.044,4.49,-1.54,592,2720,3644,0,0,3808,0.0337,0.141,0.086,-0.014,4.61,-1.42,592,2684,2334,0,0
53.76,3,2299.3,480.29,-0.08,3061.46,67.1,0.4,0.44,-0.08,1.0,0.0,1.0,2,5014,303.8,1.59,0.11,2.43,10.77,128,133,5704,0.1073,-0.161,0.001,-0.099,-0.91,-5.12,559,-22,-697,0,0,4481,0.043,0.092,-0.004,-0.096,-0.29,-5.74,550,-225,-123,0,0,5325,0.102,-0.049,0.086,-0.014,4.07,-1.96,563,2598,3416,0,0,4201,0.0378,0.204,0.101,0.001,3.94,-2.09,562,2684,2520,0,0
53.78,3,2299.7,480.47,-0.08,3061.79,67.4,0.53,0.33,-0.08,1.0,0.0,1.0,2,5066,325.0,1.69,0.04,2.22,4.34,125,135,5353,0.1038,-0.175,0.0,-0.1,-0.75,-5.28,559,-35,-836,0,0,4544,0.0448,0.091,-0.001,-0.099,-0.5,-5.53,556,-159,-309,0,0,5291,0.1013,-0.035,0.087,-0.013,3.51,-2.52,608,4078,2664,0,0,4555,0.0424,0.231,0.101,0.001,3.38,-2.65,610,3851,2066,0,0
53.8,3,2300.1,480.66,-0.08,3062.12,67.9,0.67,0.25,-0.08,1.0,0.0,1.0,2,5301,342.2,1.76,-0.04,2.01,-1.33,121,137,5032,0.0997,-0.203,0.0,-0.1,-0.81,-5.22,562,-124,-862,0,0,4574,0.0465,0.082,-0.001,-0.099,-0.3,-5.73,563,-148,-357,0,0,5356,0.1011,-0.014,0.055,-0.045,3.01,-3.02,609,4464,2293,0,0,4885,0.0478,0.272,0.058,-0.042,2.73,-3.3,610,4253,1907,0,0
53.82,3,2300.5,480.85,-0.08,3062.45,68.5,0.79,0.16,-0.08,1.0,0.0,1.0,2,5379,354.6,1.82,-0.14,1.79,-5.87,117,139,4708,0.0954,-0.216,-0.001,-0.099,-0.7,-5.33,564,-81,-787,0,0,4611,0.048,0.076,-0.001,-0.099,-0.4,-5.63,569,-115,-337,0,0,5440,0.1011,0.002,0.12,0.02,2.38,-3.65,646,5042,1710,0,0,5213,0.0537,0.294,0.115,0.015,2.14,-3.89,647,4889,1496,0,0
53.84,3,2300.9,481.04,-0.08,3062.78,69.1,0.89,0.07,-0.07,0.5,0.0,1.0,2,6142,350.1,1.86,-0.25,1.56,-8.91,112,142,4400,0.0908,-0.231,-0.003,-0.097,-0.67,-5.36,569,-114,-600,0,0,4665,0.0495,0.073,-0.001,-0.099,-0.04,-5.99,575,-128,-207,0,0,5519,0.1013,0.01,0.21,0.11,1.9,-4.13,700,5471,745,0,0,5519,0.06,0.314,0.195,0.095,1.6,-4.43,700,5492,667,0,0
53.86,3,2301.2,481.23,-0.09,3063.12,69.7,0.93,0.01,-0.06,0.5,0.0,1.0,2,6188,234.8,1.74,-0.36,1.33,-10.64,108,144,4149,0.086,-0.239,-0.004,-0.096,-0.38,-5.65,573,-37,-374,0,0,4711,0.0509,0.074,0.003,-0.097,0.18,-5.85,582,-73,-48,0,0,5579,0.1015,0.008,0.213,0.113,1.57,-4.46,707,5535,570,0,0,5777,0.0664,0.321,0.198,0.098,1.33,-4.7,706,5735,515,0,0
53.88,3,2301.6,481.42,-0.09,3063.46,70.4,0.95,0.03,-0.05,0.5,0.0,1.0,2,5991,205.8,1.53,-0.46,1.12,-11.9,104,147,4053,0.0815,-0.226,-0.002,-0.098,-0.2,-5.83,579,-95,-237,0,0,4676,0.0522,0.063,-0.002,-0.098,0.21,-5.82,587,-130,103,0,0,5695,0.1019,0.02,0.245,0.145,1.19,-4.85,731,5671,513,0,0,5899,0.0726,0.309,0.225,0.125,0.83,-5.21,730,5880,420,0,0
53.9,3,2302.0,481.62,-0.09,3063.8,71.1,0.97,0.06,-0.04,1.0,0.0,1.0,2,5619,187.1,1.39,-0.57,0.94,-12.82,100,150,4007,0.0774,-0.203,0.0,-0.1,0.05,-5.98,583,-65,-64,0,0,4625,0.0532,0.048,0.0,-0.1,0.36,-5.67,593,-153,232,0,0,5815,0.1023,0.021,0.15,0.05,0.87,-5.16,681,5792,583,0,0,5972,0.078,0.272,0.127,0.027,0.44,-5.59,680,5915,409,0,0
53.92,3,2302.4,481.82,-0.09,3064.15,71.8,0.97,0.07,-0.03,1.0,0.0,1.0,2,5598,273.3,1.43,-0.65,0.77,-13.22,97,154,3981,0.0739,-0.177,-0.003,-0.097,0.11,-5.92,589,-82,65,0,0,4607,0.0538,0.035,0.002,-0.098,0.49,-5.54,599,-78,328,0,0,5893,0.1028,0.026,0.143,0.043,0.46,-5.58,668,5849,403,0,0,6007,0.0828,0.238,0.123,0.023,0.07,-5.96,668,5896,181,0,0
53.94,3,2302.8,482.02,-0.09,3064.5,72.5,0.96,0.06,-0.02,1.0,0.0,1.0,2,5578,301.7,1.57,-0.73,0.63,-12.98,95,157,3981,0.0707,-0.158,0.0,-0.1,0.31,-5.72,594,-120,177,0,0,4592,0.0545,0.031,-0.002,-0.098,0.48,-5.55,605,-112,418,0,0,5945,0.1032,0.019,0.129,0.029,0.19,-5.84,666,5845,227,0,0,6027,0.0869,0.208,0.112,0.012,-0.18,-5.85,667,5798,-59,0,0
53.96,3,2303.2,482.23,-0.09,3064.85,73.1,0.95,0.04,-0.01,1.0,0.0,1.0,2,5644,322.4,1.67,-0.8,0.5,-12.12,93,160,3987,0.068,-0.138,-0.003,-0.097,0.36,-5.67,600,-159,262,0,0,4598,0.055,0.027,-0.002,-0.098,0.53,-5.5,610,-151,476,0,0,5955,0.1035,0.014,0.131,0.031,0.01,-6.03,687,5832,39,0,0,6009,0.0905,0.178,0.116,0.016,-0.37,-5.66,687,5776,-250,0,0
53.98,3,2303.7,482.43,-0.09,3065.2,73.8,0.96,0.03,0.0,1.0,0.0,1.0,2,5778,335.5,1.75,-0.86,0.39,-10.86,92,163,3997,0.0656,-0.12,-0.003,-0.097,0.43,-5.6,606,-179,330,0,0,4599,0.0555,0.026,-0.003,-0.097,0.6,-5.44,614,-179,535,0,0,5892,0.1035,0.001,0.146,0.046,-0.25,-5.78,691,5860,-100,0,0,5923,0.0934,0.147,0.133,0.033,-0.6,-5.43,691,5820,-389,0,0
54.0,3,2304.1,482.64,-0.09,3065.56,74.5,0.95,0.02,0.0,1.0,0.0,1.0,2,5878,345.8,1.81,-0.9,0.29,-9.34,91,166,4006,0.0634,-0.107,0.0,-0.1,0.47,-5.56,613,-180,368,0,0,4609,0.056,0.024,0.004,-0.096,0.68,-5.35,619,-48,549,0,0,5839,0.1033,-0.008,0.143,0.043,-0.37,-5.67,711,5827,-178,0,0,5881,0.0959,0.123,0.133,0.033,-0.7,-5.33,711,5819,-445,0,0
54.02,3,2304.5,482.85,-0.09,3065.92,75.1,0.95,0.02,0.01,0.5,0.0,1.0,2,6008,352.6,1.85,-0.94,0.21,-7.7,91,169,4051,0.0616,-0.091,-0.005,-0.095,0.38,-5.65,617,-129,366,0,0,4581,0.0564,0.021,0.001,-0.099,0.56,-5.47,624,-126,512,0,0,5784,0.1031,-0.01,0.172,0.072,-0.38,-5.65,719,5797,-213,0,0,5787,0.0979,0.102,0.161,0.061,-0.78,-5.25,720,5768,-465,0,0
54.04,3,2304.9,483.06,-0.09,3066.29,75.8,0.95,0.01,0.01,0.5,0.0,1.0,2,6062,235.9,1.73,-0.97,0.13,-6.15,91,172,4065,0.0601,-0.075,-0.006,-0.094,0.29,-5.74,623,-133,297,0,0,4583,0.0567,0.014,-0.005,-0.095,0.44,-5.59,628,-136,458,0,0,5762,0.103,-0.006,0.156,0.056,-0.47,-5.56,734,5778,-241,0,0,5765,0.0996,0.083,0.149,0.049,-0.86,-5.17,734,5754,-486,0,0
54.06,3,2305.3,483.27,-0.09,3066.66,76.5,0.95,-0.01,0.01,1.0,0.0,1.0,2,6027,205.0,1.52,-1.0,0.08,-4.75,91,175,4112,0.0588,-0.063,-0.003,-0.097,0.17,-5.86,630,-102,203,0,0,4562,0.0569,0.012,-0.005,-0.095,0.32,-5.71,634,-256,358,0,0,5714,0.1028,-0.008,0.148,0.048,-0.47,-5.56,735,5714,-267,0,0,5818,0.1009,0.067,0.142,0.042,-0.87,-5.16,735,5768,-549,0,0
54.08,3,2305.8,483.49,-0.09,3067.03,77.1,0.9,-0.05,0.01,1.0,0.0,1.0,2,5892,288.0,1.53,-1.01,0.03,-3.31,93,178,4155,0.0578,-0.05,-0.003,-0.097,0.03,-6.0,637,-190,90,0,0,4585,0.0572,0.011,0.0,-0.1,0.27,-5.77,638,-101,247,0,0,5559,0.1025,-0.019,0.062,-0.038,-0.43,-5.6,689,5211,-348,0,0,5826,0.1018,0.042,0.056,-0.044,-0.84,-5.19,688,5311,-730,0,0
54.1,3,2306.2,483.7,-0.09,3067.4,77.7,0.87,-0.07,0.0,1.0,0.0,1.0,2,5912,310.3,1.64,-1.01,-0.01,-2.14,95,181,4218,0.0571,-0.037,-0.004,-0.096,-0.11,-5.92,641,-156,-33,0,0,4575,0.0574,0.012,0.002,-0.098,0.08,-5.95,644,-59,102,0,0,5441,0.1019,-0.028,0.082,-0.018,-0.35,-5.68,707,5102,-298,0,0,5790,0.1022,0.021,0.077,-0.023,-0.77,-5.26,706,5291,-671,0,0
54.12,3,2306.6,483.92,-0.09,3067.78,78.4,0.88,-0.08,0.0,1.0,0.0,1.0,2,6198,322.1,1.73,-1.01,-0.04,-1.47,96,184,4246,0.0565,-0.029,-0.003,-0.097,-0.28,-5.76,647,-159,-167,0,0,4579,0.0576,0.012,0.0,-0.1,-0.12,-5.91,649,-111,-53,0,0,5330,0.1013,-0.03,0.078,-0.022,-0.29,-5.75,708,5289,-201,0,0,5779,0.1024,0.011,0.07,-0.03,-0.67,-5.36,706,5637,-519,0,0
54.14,3,2307.1,484.14,-0.09,3068.16,79.0,0.9,-0.1,-0.01,1.0,0.0,1.0,2,6298,333.1,1.79,-1.01,-0.06,-1.25,97,187,4262,0.0561,-0.022,-0.003,-0.097,-0.44,-5.59,652,-224,-299,0,0,4575,0.0578,0.007,0.001,-0.099,-0.26,-5.77,653,-75,-199,0,0,5250,0.1008,-0.024,0.088,-0.012,-0.24,-5.8,720,5256,-155,0,0,5766,0.1025,0.005,0.078,-0.022,-0.67,-5.36,717,5677,-463,0,0
54.16,3,2307.5,484.36,-0.09,3068.54,79.6,0.9,-0.11,-0.01,0.5,0.0,1.0,2,6510,341.2,1.84,-1.02,-0.08,-1.39,99,190,4272,0.0557,-0.018,-0.005,-0.095,-0.6,-5.43,657,-161,-437,0,0,4571,0.0579,0.005,0.001,-0.099,-0.44,-5.59,660,-131,-353,0,0,5191,0.1004,-0.02,0.198,0.098,-0.19,-5.84,730,5260,-107,0,0,5764,0.1026,0.004,0.193,0.093,-0.57,-5.46,726,5769,-359,0,0
54.18,3,2308.0,484.58,-0.09,3068.93,80.3,0.91,-0.14,-0.02,1.0,0.0,1.0,2,6388,230.8,1.73,-1.02,-0.1,-1.94,100,193,4265,0.0553,-0.02,-0.002,-0.098,-0.75,-5.28,663,-96,-584,0,0,4569,0.058,0.008,0.0,-0.1,-0.57,-5.46,664,-66,-477,0,0,5178,0.1001,-0.016,0.091,-0.009,-0.2,-5.83,733,5223,-111,0,0,5840,0.1028,0.012,0.078,-0.022,-0.64,-5.39,729,5780,-420,0,0
54.2,3,2308.4,484.8,-0.09,3069.32,80.9,0.9,-0.16,-0.02,0.5,0.0,1.0,2,6441,309.6,1.68,-1.02,-0.12,-2.67,101,196,4266,0.055,-0.017,-0.002,-0.098,-0.9,-5.13,668,-157,-703,0,0,4582,0.0581,0.005,-0.004,-0.096,-0.73,-5.3,669,-245,-594,0,0,5152,0.0999,-0.008,0.166,0.066,-0.18,-5.85,723,5192,-122,0,0,5875,0.1031,0.014,0.154,0.054,-0.64,-5.39,718,5809,-420,0,0
54.22,3,2308.9,485.03,-0.09,3069.72,81.5,0.87,-0.19,-0.02,1.0,0.0,1.0,2,6140,216.6,1.61,-1.02,-0.14,-3.5,103,199,4259,0.0547,-0.015,-0.002,-0.098,-1.03,-5.0,673,-178,-816,0,0,4618,0.0583,0.01,0.003,-0.097,-0.77,-5.26,675,-117,-698,0,0,5106,0.0995,-0.02,0.101,0.001,-0.23,-5.8,735,4891,-176,0,0,5877,0.1032,0.004,0.096,-0.004,-0.63,-5.4,731,5406,-566,0,0
54.24,3,2309.3,485.25,-0.09,3070.11,82.1,0.84,-0.22,-0.03,1.0,0.0,1.0,2,6332,295.5,1.6,-1.01,-0.16,-4.44,105,202,4261,0.0544,-0.014,-0.002,-0.098,-1.09,-4.94,677,-209,-908,0,0,4661,0.0586,0.015,-0.003,-0.097,-0.91,-5.12,681,-197,-804,0,0,5072,0.0991,-0.024,0.129,0.029,-0.3,-5.73,711,4942,-183,0,0,5894,0.1033,0.005,0.12,0.02,-0.66,-5.37,707,5519,-561,0,0
54.26,3,2309.8,485.48,-0.09,3070.51,82.7,0.78,-0.24,-0.03,1.0,0.0,1.0,2,6304,315.4,1.69,-1.0,-0.19,-5.38,106,205,4280,0.0542,-0.01,-0.003,-0.097,-1.23,-4.8,681,-185,-1000,0,0,4718,0.059,0.02,-0.002,-0.098,-1.0,-5.04,685,-107,-885,0,0,5032,0.0986,-0.025,0.117,0.017,-0.34,-5.7,709,4762,-229,0,0,5900,0.1034,0.006,0.113,0.013,-0.67,-5.36,705,5326,-625,0,0
54.28,3,2310.2,485.7,-0.09,3070.92,83.2,0.75,-0.27,-0.03,1.0,0.0,1.0,2,6366,328.9,1.77,-0.99,-0.21,-6.39,109,207,4297,0.054,-0.008,-0.001,-0.099,-1.31,-4.72,685,-150,-1080,0,0,4769,0.0596,0.028,-0.002,-0.098,-1.07,-4.96,689,-131,-964,0,0,4993,0.0979,-0.031,0.121,0.021,-0.38,-5.65,716,4777,-256,0,0,5901,0.1035,0.005,0.111,0.011,-0.77,-5.26,712,5331,-671,0,0
54.3,3,2310.7,485.93,-0.09,3071.32,83.8,0.78,-0.28,-0.04,1.0,0.0,1.0,2,6494,337.5,1.82,-0.98,-0.24,-7.48,111,210,4293,0.0539,-0.005,0.005,-0.095,-1.28,-4.75,689,-17,-1118,0,0,4803,0.0601,0.027,-0.002,-0.098,-1.12,-4.91,696,-191,-1034,0,0,4969,0.0973,-0.029,0.137,0.037,-0.42,-5.62,730,4879,-267,0,0,5917,0.1035,0.002,0.124,0.024,-0.84,-5.19,725,5533,-684,0,0
54.32,3,2311.2,486.16,-0.09,3071.73,84.3,0.83,-0.29,-0.04,1.0,0.0,1.0,2,6645,338.1,1.86,-0.98,-0.26,-8.79,113,213,4273,0.0537,-0.009,-0.001,-0.099,-1.44,-4.6,694,-128,-1181,0,0,4792,0.0606,0.025,-0.003,-0.097,-1.16,-4.87,700,-185,-1073,0,0,4985,0.0968,-0.029,0.143,0.043,-0.56,-5.47,806,5019,-280,0,0,5951,0.1036,0.005,0.125,0.025,-0.95,-5.08,801,5776,-670,0,0
54.34,3,2311.6,486.38,-0.09,3072.15,85.0,0.9,-0.29,-0.04,0.5,0.0,1.0,2,6991,334.0,1.9,-0.98,-0.29,-10.4,114,216,4218,0.0535,-0.012,0.003,-0.097,-1.45,-4.58,699,-104,-1203,0,0,4781,0.061,0.017,-0.003,-0.097,-1.23,-4.8,706,-177,-1123,0,0,5028,0.0964,-0.017,0.209,0.109,-0.71,-5.32,856,5104,-279,0,0,6067,0.1039,0.012,0.187,0.087,-1.09,-4.94,850,6028,-585,0,0
54.36,3,2312.1,486.61,-0.09,3072.56,85.6,0.9,-0.31,-0.04,1.0,0.0,1.0,2,6859,220.2,1.76,-0.98,-0.31,-11.96,116,219,4178,0.0531,-0.019,-0.001,-0.099,-1.48,-4.55,704,-148,-1232,0,0,4779,0.0613,0.015,-0.002,-0.098,-1.25,-4.79,712,-143,-1158,0,0,5011,0.0962,-0.012,0.134,0.034,-0.87,-5.16,807,5070,-403,0,0,6148,0.1043,0.022,0.106,0.006,-1.26,-4.77,801,6012,-823,0,0
54.38,3,2312.6,486.84,-0.09,3072.98,86.2,0.9,-0.34,-0.04,1.0,0.0,1.0,2,6907,295.7,1.7,-0.98,-0.33,-13.25,118,222,4159,0.0528,-0.018,-0.001,-0.099,-1.56,-4.48,707,-144,-1253,0,0,4775,0.0615,0.012,0.0,-0.1,-1.29,-4.74,719,-207,-1190,0,0,4999,0.0959,-0.014,0.112,0.012,-1.03,-5.0,796,5043,-503,0,0,6195,0.1047,0.016,0.081,-0.019,-1.41,-4.63,789,5997,-986,0,0
54.4,3,2313.1,487.07,-0.09,3073.41,86.9,0.89,-0.37,-0.04,1.0,0.0,1.0,2,6863,310.8,1.77,-0.98,-0.36,-14.27,120,226,4131,0.0524,-0.02,-0.002,-0.098,-1.6,-4.43,713,-220,-1273,0,0,4788,0.0618,0.014,-0.002,-0.098,-1.33,-4.7,724,-194,-1218,0,0,4971,0.0955,-0.019,0.119,0.019,-1.18,-4.85,806,4976,-630,0,0,6243,0.105,0.015,0.09,-0.01,-1.58,-4.46,800,5894,-1210,0,0
54.42,3,2313.6,487.3,-0.09,3073.84,87.5,0.89,-0.4,-0.03,1.0,0.0,1.0,2,6980,316.5,1.83,-0.98,-0.38,-15.14,122,229,4122,0.052,-0.019,-0.001,-0.099,-1.62,-4.41,717,-124,-1294,0,0,4796,0.0621,0.014,-0.002,-0.098,-1.36,-4.67,729,-122,-1252,0,0,4953,0.0951,-0.02,0.106,0.006,-1.38,-4.66,805,4968,-681,0,0,6277,0.1052,0.014,0.078,-0.022,-1.73,-4.3,797,5979,-1252,0,0
54.44,3,2314.1,487.53,-0.09,3074.27,88.1,0.88,-0.42,-0.03,1.0,0.0,1.0,2,7099,319.6,1.87,-0.98,-0.42,-15.89,124,232,4066,0.0515,-0.022,-0.003,-0.097,-1.66,-4.37,722,-165,-1290,0,0,4851,0.0624,0.017,-0.002,-0.098,-1.39,-4.64,734,-168,-1291,0,0,4892,0.0946,-0.025,0.118,0.018,-1.53,-4.5,820,4915,-712,0,0,6351,0.1055,0.013,0.088,-0.012,-1.89,-4.14,811,6069,-1319,0,0
54.46,3,2314.5,487.76,-0.09,3074.7,88.7,0.89,-0.43,-0.03,1.0,0.0,1.0,2,7204,321.2,1.9,-0.98,-0.45,-16.66,126,235,4036,0.051,-0.026,-0.001,-0.099,-1.68,-4.35,726,-109,-1307,0,0,4880,0.0628,0.022,-0.001,-0.099,-1.39,-4.65,740,-151,-1322,0,0,4865,0.094,-0.031,0.132,0.032,-1.68,-4.35,832,4893,-732,0,0,6419,0.1058,0.017,0.1,0.0,-2.02,-4.01,823,6153,-1363,0,0
54.48,3,2315.0,487.99,-0.09,3075.14,89.3,0.89,-0.44,-0.03,0.5,0.0,1.0,2,7307,326.5,1.92,-0.97,-0.48,-17.41,128,239,4029,0.0505,-0.024,0.001,-0.099,-1.71,-4.32,731,-81,-1341,0,0,4880,0.0632,0.019,-0.001,-0.099,-1.4,-4.63,745,-113,-1364,0,0,4851,0.0935,-0.026,0.209,0.109,-1.86,-4.17,830,4879,-744,0,0,6462,0.1062,0.018,0.178,0.078,-2.21,-3.82,818,6222,-1369,0,0
54.5,3,2315.5,488.22,-0.09,3075.59,90.0,0.88,-0.47,-0.03,1.0,0.0,1.0,2,7096,213.8,1.78,-0.97,-0.51,-17.98,131,242,4010,0.0501,-0.022,0.005,-0.095,-1.71,-4.32,735,-40,-1359,0,0,4910,0.0636,0.019,-0.001,-0.099,-1.55,-4.48,751,-139,-1439,0,0,4777,0.0929,-0.033,0.146,0.046,-2.04,-3.99,857,4749,-956,0,0,6452,0.1063,0.008,0.116,0.016,-2.38,-3.65,848,5971,-1772,0,0
54.52,3,2316.0,488.45,-0.09,3076.04,90.6,0.86,-0.51,-0.03,1.0,0.0,1.0,2,7091,291.5,1.72,-0.96,-0.55,-18.31,134,245,3964,0.0496,-0.024,-0.004,-0.096,-1.86,-4.17,740,-190,-1401,0,0,4966,0.064,0.023,-0.002,-0.098,-1.55,-4.48,755,-189,-1497,0,0,4706,0.092,-0.041,0.139,0.039,-2.16,-3.87,855,4636,-1067,0,0,6482,0.1065,0.006,0.104,0.004,-2.45,-3.58,847,5830,-1996,0,0
54.54,3,2316.6,488.68,-0.09,3076.49,91.2,0.86,-0.53,-0.03,0.5,0.0,1.0,2,7195,302.2,1.78,-0.95,-0.59,-18.69,137,248,3939,0.0491,-0.026,-0.002,-0.098,-1.91,-4.12,746,-125,-1435,0,0,5000,0.0646,0.027,-0.002,-0.098,-1.69,-4.35,760,-162,-1577,0,0,4658,0.0911,-0.048,0.159,0.059,-2.31,-3.72,877,4602,-1070,0,0,6495,0.1066,0.005,0.123,0.023,-2.65,-3.38,868,5920,-1994,0,0
54.56,3,2317.1,488.91,-0.09,3076.94,91.8,0.87,-0.54,-0.03,0.5,0.0,1.0,2,7292,197.7,1.69,-0.94,-0.63,-19.2,140,252,3919,0.0486,-0.025,-0.004,-0.096,-2.02,-4.02,749,-153,-1484,0,0,5015,0.0651,0.026,-0.003,-0.097,-1.74,-4.29,765,-137,-1642,0,0,4643,0.0902,-0.043,0.175,0.075,-2.48,-3.55,830,4597,-1071,0,0,6528,0.1067,0.007,0.14,0.04,-2.8,-3.23,818,5999,-2002,0,0
54.58,3,2317.6,489.14,-0.09,3077.4,92.3,0.79,-0.63,-0.03,1.0,0.0,1.0,2,6956,178.8,1.49,-0.93,-0.68,-18.79,143,254,3853,0.048,-0.029,0.0,-0.1,-1.95,-4.08,754,-79,-1510,0,0,5144,0.0657,0.033,-0.003,-0.097,-1.86,-4.17,769,-200,-1765,0,0,4523,0.0892,-0.049,0.084,-0.016,-2.54,-3.49,834,4116,-1517,0,0,6612,0.107,0.013,0.055,-0.045,-2.76,-3.27,828,4920,-2776,0,0
54.6,3,2318.1,489.36,-0.09,3077.86,92.7,0.65,-0.71,-0.03,1.0,0.0,1.0,2,6825,262.6,1.51,-0.91,-0.75,-17.61,147,257,3837,0.0474,-0.031,-0.002,-0.098,-2.21,-3.82,758,-130,-1583,0,0,5297,0.0668,0.052,-0.001,-0.099,-1.97,-4.06,773,-94,-1927,0,0,4345,0.0878,-0.074,0.083,-0.017,-2.52,-3.51,822,3567,-1652,0,0,6600,0.1072,0.01,0.06,-0.04,-2.82,-3.21,818,4014,-3002,0,0
54.62,3,2318.6,489.59,-0.09,3078.33,93.1,0.56,-0.74,-0.03,1.0,0.0,1.0,2,6752,287.6,1.63,-0.88,-0.82,-16.35,152,259,3841,0.0469,-0.027,0.0,-0.1,-2.33,-3.7,762,-53,-1665,0,0,5441,0.0682,0.069,-0.001,-0.099,-1.98,-4.05,775,-128,-2060,0,0,4202,0.0859,-0.095,0.068,-0.032,-2.37,-3.66,815,3362,-1607,0,0,6574,0.1072,0.001,0.044,-0.056,-2.78,-3.25,810,3811,-2980,0,0
54.64,3,2319.1,489.81,-0.09,3078.8,93.5,0.52,-0.76,-0.04,1.0,0.0,1.0,2,6727,306.0,1.72,-0.84,-0.89,-15.32,156,261,3847,0.0464,-0.022,0.005,-0.095,-2.43,-3.6,765,-5,-1749,0,0,5569,0.0697,0.077,0.0,-0.1,-2.23,-3.8,779,-149,-2231,0,0,4086,0.0838,-0.102,0.058,-0.042,-2.33,-3.7,813,3099,-1577,0,0,6546,0.1071,-0.003,0.037,-0.063,-2.67,-3.36,809,3512,-2946,0,0
54.66,3,2319.6,490.03,-0.09,3079.27,93.8,0.43,-0.78,-0.04,1.0,0.0,1.0,2,6918,310.3,1.78,-0.8,-0.96,-14.53,161,262,3880,0.0461,-0.016,-0.002,-0.098,-2.67,-3.36,768,-68,-1872,0,0,5684,0.0714,0.082,-0.001,-0.099,-2.37,-3.66,778,-110,-2418,0,0,3968,0.0817,-0.105,0.038,-0.062,-2.26,-3.77,820,2983,-1490,0,0,6469,0.107,-0.008,0.019,-0.081,-2.61,-3.42,816,3495,-2837,0,0
54.68,3,2320.2,490.25,-0.09,3079.75,94.1,0.53,-0.77,-0.05,1.0,0.0,1.0,2,6783,327.4,1.83,-0.77,-1.03,-14.46,166,264,3869,0.0459,-0.013,0.0,-0.1,-2.85,-3.19,771,-74,-1978,0,0,5726,0.073,0.08,-0.001,-0.099,-2.45,-3.58,783,-129,-2563,0,0,3938,0.0797,-0.103,0.063,-0.037,-2.18,-3.85,820,3045,-1430,0,0,6448,0.1068,-0.01,0.039,-0.061,-2.56,-3.47,816,3495,-2745,0,0
54.7,3,2320.7,490.46,-0.09,3080.22,94.5,0.52,-0.78,-0.05,1.0,0.0,1.0,2,6846,332.3,1.87,-0.73,-1.1,-14.7,171,266,3858,0.0456,-0.013,-0.003,-0.097,-3.04,-3.0,773,-70,-2084,0,0,5773,0.0744,0.074,-0.002,-0.098,-2.62,-3.41,785,-178,-2727,0,0,3909,0.0778,-0.093,0.066,-0.034,-2.16,-3.87,828,3172,-1361,0,0,6444,0.1067,-0.006,0.046,-0.054,-2.51,-3.52,822,3858,-2662,0,0
54.72,3,2321.2,490.68,-0.09,3080.7,94.8,0.53,-0.8,-0.06,1.0,0.0,1.0,2,6874,337.0,1.9,-0.7,-1.16,-15.31,175,268,3829,0.0453,-0.016,-0.004,-0.096,-3.24,-2.8,775,-140,-2178,0,0,5817,0.0758,0.07,-0.003,-0.097,-2.88,-3.15,789,-156,-2916,0,0,3883,0.0761,-0.085,0.068,-0.032,-2.16,-3.87,832,3198,-1324,0,0,6477,0.1067,0.001,0.044,-0.056,-2.5,-3.53,826,3820,-2676,0,0
54.74,3,2321.7,490.89,-0.09,3081.19,95.2,0.53,-0.82,-0.07,1.0,0.0,1.0,2,6902,340.3,1.93,-0.67,-1.23,-16.15,179,270,3803,0.0449,-0.018,0.001,-0.099,-3.28,-2.75,779,-71,-2263,0,0,5837,0.0771,0.065,-0.002,-0.098,-3.1,-2.93,791,-179,-3083,0,0,3877,0.0746,-0.076,0.069,-0.031,-2.04,-3.99,835,3198,-1308,0,0,6527,0.1068,0.007,0.05,-0.05,-2.45,-3.58,828,3978,-2634,0,0
54.76,3,2322.3,491.1,-0.09,3081.68,95.5,0.53,-0.84,-0.07,1.0,0.0,1.0,2,6934,342.4,1.94,-0.65,-1.29,-17.19,182,272,3780,0.0445,-0.019,-0.002,-0.098,-3.69,-2.34,781,-104,-2368,0,0,5868,0.0784,0.062,-0.002,-0.098,-3.28,-2.75,795,-164,-3250,0,0,3862,0.0732,-0.072,0.07,-0.03,-2.1,-3.93,839,3190,-1328,0,0,6579,0.107,0.009,0.044,-0.056,-2.42,-3.61,833,3864,-2710,0,0
54.78,3,2322.8,491.3,-0.09,3082.17,95.9,0.53,-0.87,-0.08,1.0,0.0,1.0,2,6971,343.4,1.96,-0.63,-1.35,-18.42,186,274,3745,0.0441,-0.021,-0.003,-0.097,-3.92,-2.12,783,-124,-2445,0,0,5908,0.0795,0.058,-0.002,-0.098,-3.48,-2.55,798,-188,-3387,0,0,3818,0.0718,-0.07,0.074,-0.026,-2.26,-3.78,844,3183,-1333,0,0,6623,0.1072,0.009,0.044,-0.056,-2.56,-3.47,837,3892,-2779,0,0
54.8,3,2323.3,491.51,-0.09,3082.66,96.2,0.53,-0.89,-0.08,1.0,0.0,1.0,2,6998,344.3,1.97,-0.61,-1.41,-19.76,190,276,3720,0.0437,-0.021,-0.003,-0.097,-4.13,-1.9,785,-83,-2518,0,0,5942,0.0807,0.057,0.001,-0.099,-3.65,-2.38,802,-89,-3568,0,0,3797,0.0704,-0.066,0.073,-0.027,-2.24,-3.79,847,3194,-1341,0,0,6682,0.1074,0.012,0.046,-0.054,-2.65,-3.38,840,3906,-2869,0,0
54.82,3,2323.9,491.71,-0.09,3083.16,96.6,0.52,-0.92,-0.09,1.0,0.0,1.0,2,7033,344.3,1.97,-0.59,-1.47,-21.19,194,278,3675,0.0432,-0.025,-0.003,-0.097,-4.22,-1.81,787,-95,-2566,0,0,5968,0.0817,0.053,-0.002,-0.098,-3.85,-2.18,805,-139,-3717,0,0,3750,0.0692,-0.064,0.075,-0.025,-2.35,-3.68,851,3157,-1359,0,0,6734,0.1077,0.014,0.044,-0.056,-2.7,-3.33,844,3882,-2961,0,0
54.84,3,2324.4,491.91,-0.09,3083.66,96.9,0.52,-0.95,-0.09,1.0,0.0,1.0,2,7065,344.1,1.98,-0.57,-1.52,-22.67,197,279,3644,0.0427,-0.026,-0.003,-0.097,-4.48,-1.55,789,-83,-2622,0,0,5997,0.0828,0.051,-0.001,-0.099,-4.03,-2.0,808,-153,-3852,0,0,3717,0.0679,-0.065,0.077,-0.023,-2.54,-3.49,855,3125,-1416,0,0,6783,0.108,0.013,0.045,-0.055,-2.76,-3.28,848,3897,-3051,0,0
54.86,3,2325.0,492.11,-0.09,3084.16,97.3,0.52,-0.98,-0.1,1.0,0.0,1.0,2,7104,343.3,1.99,-0.55,-1.58,-24.16,201,281,3608,0.0422,-0.026,-0.003,-0.097,-4.73,-1.31,791,-77,-2672,0,0,6023,0.0837,0.048,0.0,-0.1,-4.22,-1.81,811,-118,-3985,0,0,3675,0.0666,-0.063,0.081,-0.019,-2.7,-3.33,860,3120,-1440,0,0,6824,0.1082,0.012,0.046,-0.054,-2.95,-3.08,853,3896,-3197,0,0
54.88,3,2325.5,492.3,-0.09,3084.67,97.6,0.52,-1.01,-0.1,1.0,0.0,1.0,2,7137,342.6,1.99,-0.54,-1.64,-25.63,205,283,3567,0.0415,-0.03,-0.002,-0.098,-4.79,-1.24,793,-102,-2694,0,0,6058,0.0847,0.047,-0.003,-0.097,-4.4,-1.63,814,-145,-4114,0,0,3633,0.0653,-0.064,0.082,-0.018,-2.81,-3.22,864,3081,-1482,0,0,6885,0.1085,0.014,0.047,-0.053,-3.02,-3.01,856,3932,-3317,0,0
54.9,3,2326.0,492.49,-0.09,3085.18,98.0,0.51,-1.04,-0.11,1.0,0.0,1.0,2,7175,341.4,1.99,-0.52,-1.7,-27.11,208,285,3538,0.041,-0.029,-0.001,-0.099,-5.17,-0.87,795,-76,-2741,0,0,6102,0.0856,0.046,-0.001,-0.099,-4.6,-1.43,817,-132,-4244,0,0,3571,0.0641,-0.064,0.087,-0.013,-3.04,-2.99,869,3048,-1499,0,0,6914,0.1087,0.011,0.052,-0.048,-3.29,-2.74,860,4065,-3442,0,0
54.92,3,2326.6,492.68,-0.08,3085.69,98.3,0.51,-1.07,-0.11,0.0,0.0,1.0,2,7207,340.5,1.99,-0.51,-1.76,-28.54,212,287,3486,0.0403,-0.033,-0.003,-0.097,-5.26,-0.77,796,-85,-2758,0,0,6122,0.0865,0.047,-0.001,-0.099,-4.79,-1.24,820,-87,-4366,0,0,3527,0.0627,-0.067,0.09,-0.01,-3.23,-2.81,873,3025,-1535,0,0,6967,0.109,0.013,0.049,-0.051,-3.49,-2.54,865,3898,-3631,0,0
54.94,3,2327.1,492.86,-0.08,3086.2,98.6,0.49,-1.1,-0.11,0.0,0.0,1.0,2,7160,219.4,1.83,-0.49,-1.82,-29.86,216,289,3461,0.0396,-0.034,-0.002,-0.098,-5.58,-0.45,799,-79,-2786,0,0,6150,0.0874,0.043,-0.002,-0.098,-4.82,-1.22,823,-104,-4478,0,0,3479,0.0614,-0.065,0.077,-0.023,-3.34,-2.69,865,2848,-1649,0,0,6990,0.1092,0.011,0.039,-0.061,-3.69,-2.34,857,3494,-3848,0,0
54.96,3,2327.7,493.04,-0.08,3086.72,98.8,0.29,-1.17,-0.11,0.0,0.0,1.0,2,7032,-90.1,1.42,-0.47,-1.88,-30.27,220,290,3473,0.0391,-0.029,-0.002,-0.098,-5.8,-0.23,800,-61,-2842,0,0,6315,0.0884,0.052,-0.001,-0.099,-5.19,-0.84,824,-78,-4686,0,0,3317,0.0599,-0.075,0.056,-0.044,-3.58,-2.46,809,2007,-1876,0,0,6972,0.1093,0.006,0.028,-0.072,-3.83,-2.2,810,1900,-4204,0,0
54.98,3,2328.2,493.22,-0.08,3087.24,98.7,-0.03,-1.23,-0.12,0.0,0.0,1.0,2,6780,-70.8,1.02,-0.42,-1.96,-30.16,226,289,3550,0.0387,-0.019,0.004,-0.096,-5.98,-0.05,799,-2,-2948,0,0,6560,0.09,0.079,-0.003,-0.097,-5.34,-0.69,823,-114,-4937,0,0,3070,0.0578,-0.106,0.029,-0.071,-3.69,-2.34,794,424,-1943,0,0,6839,0.1092,-0.008,0.011,-0.089,-3.92,-2.11,804,-617,-4259,0,0
55.0,3,2328.8,493.39,-0.08,3087.76,98.6,-0.15,-1.25,-0.12,0.0,0.0,1.0,2,6678,-70.4,0.75,-0.36,-2.04,-30.32,232,288,3622,0.0387,0.001,-0.001,-0.099,-6.22,0.19,797,-40,-3045,0,0,6776,0.0922,0.108,-0.002,-0.098,-5.52,-0.51,822,-111,-5163,0,0,2857,0.055,-0.139,-0.011,-0.089,-3.74,-2.29,830,324,-1851,0,0,6645,0.1085,-0.032,-0.027,-0.073,-3.8,-2.23,837,-801,-4198,0,0
55.02,3,2329.3,493.56,-0.08,3088.28,98.4,-0.15,-1.27,-0.12,0.0,0.0,1.0,2,6741,-69.8,0.57,-0.3,-2.12,-30.72,238,287,3652,0.0388,0.004,0.0,-0.1,-6.42,0.38,796,-34,-3106,0,0,6933,0.0945,0.115,-0.001,-0.099,-5.56,-0.47,821,-119,-5342,0,0,2727,0.0522,-0.143,0.034,-0.066,-3.77,-2.26,795,554,-1789,0,0,6523,0.1079,-0.032,0.015,-0.085,-4.13,-1.9,802,-274,-4214,0,0
55.04,3,2329.9,493.72,-0.08,3088.8,98.3,-0.15,-1.28,-0.12,0.0,0.0,1.0,2,6659,-70.2,0.45,-0.24,-2.21,-31.3,244,286,3669,0.0388,0.004,-0.001,-0.099,-6.46,0.43,795,-33,-3147,0,0,7060,0.0968,0.117,-0.001,-0.099,-5.79,-0.24,819,-87,-5509,0,0,2640,0.0494,-0.138,-0.009,-0.091,-4.05,-1.98,828,311,-1788,0,0,6443,0.1074,-0.026,-0.029,-0.071,-4.16,-1.88,835,-794,-4239,0,0
55.06,3,2330.4,493.87,-0.08,3089.32,98.1,-0.14,-1.3,-0.13,0.0,0.0,1.0,2,6722,-69.7,0.37,-0.18,-2.29,-31.94,250,285,3658,0.0389,0.003,0.002,-0.098,-6.8,0.77,792,-8,-3174,0,0,7174,0.0991,0.115,-0.002,-0.098,-6.06,0.03,818,-123,-5646,0,0,2580,0.0468,-0.13,0.037,-0.063,-4.2,-1.83,792,579,-1785,0,0,6427,0.107,-0.018,0.013,-0.087,-4.26,-1.77,800,-326,-4309,0,0
55.08,3,2331.0,494.02,-0.08,3089.85,98.0,-0.15,-1.32,-0.13,0.0,0.0,1.0,2,6639,-70.1,0.31,-0.13,-2.38,-32.54,255,284,3625,0.0389,-0.003,-0.002,-0.098,-6.87,0.83,790,-33,-3175,0,0,7248,0.1014,0.113,-0.001,-0.099,-6.33,0.3,817,-113,-5785,0,0,2548,0.0444,-0.122,-0.006,-0.094,-4.34,-1.69,826,341,-1808,0,0,6462,0.1069,-0.006,-0.029,-0.071,-4.42,-1.62,833,-847,-4395,0,0
55.1,3,2331.5,494.17,-0.08,3090.37,97.8,-0.14,-1.34,-0.13,0.0,0.0,1.0,2,6698,-69.5,0.27,-0.08,-2.46,-33.16,260,283,3621,0.0388,-0.005,-0.002,-0.098,-7.21,1.18,789,-39,-3199,0,0,7325,0.1035,0.108,-0.001,-0.099,-6.53,0.5,816,-91,-5899,0,0,2516,0.0421,-0.112,0.035,-0.065,-4.46,-1.57,790,508,-1817,0,0,6495,0.1069,0.001,0.017,-0.083,-4.62,-1.41,797,-226,-4518,0,0
55.12,3,2332.0,494.31,-0.08,3090.89,97.6,-0.15,-1.36,-0.14,0.0,0.0,1.0,2,6620,-70.0,0.25,-0.03,-2.54,-33.72,264,282,3617,0.0387,-0.003,-0.002,-0.098,-7.49,1.46,787,-20,-3220,0,0,7347,0.1055,0.098,-0.002,-0.098,-6.63,0.6,814,-110,-5972,0,0,2513,0.0401,-0.101,-0.005,-0.095,-4.65,-1.38,823,346,-1861,0,0,6510,0.1069,0.001,-0.027,-0.073,-4.8,-1.23,830,-770,-4611,0,0
55.14,3,2332.6,494.44,-0.08,3091.42,97.5,-0.15,-1.38,-0.14,0.0,0.0,1.0,2,6677,-69.4,0.23,0.01,-2.61,-34.25,268,282,3593,0.0386,-0.005,-0.001,-0.099,-7.7,1.67,785,-39,-3227,0,0,7400,0.1074,0.094,-0.001,-0.099,-6.7,0.67,812,-80,-6057,0,0,2488,0.0382,-0.093,0.036,-0.064,-4.8,-1.23,787,505,-1867,0,0,6558,0.107,0.006,0.013,-0.087,-4.95,-1.08,795,-360,-4723,0,0
55.16,3,2333.1,494.57,-0.08,3091.94,97.3,-0.15,-1.4,-0.14,0.0,0.0,1.0,2,6600,-69.8,0.22,0.04,-2.69,-34.7,271,281,3576,0.0384,-0.007,-0.001,-0.099,-7.83,1.79,783,-26,-3233,0,0,7438,0.1091,0.089,-0.002,-0.098,-7.06,1.03,811,-101,-6148,0,0,2479,0.0365,-0.086,-0.007,-0.093,-4.94,-1.09,821,346,-1899,0,0,6621,0.1072,0.01,-0.029,-0.071,-5.08,-0.95,828,-793,-4818,0,0
55.18,3,2333.7,494.69,-0.08,3092.47,97.1,-0.15,-1.41,-0.15,0.0,0.0,1.0,2,6656,-69.2,0.21,0.07,-2.75,-35.11,275,280,3559,0.0383,-0.009,0.001,-0.099,-7.87,1.84,781,3,-3237,0,0,7427,0.1107,0.078,-0.003,-0.097,-7.39,1.36,808,-74,-6191,0,0,2481,0.035,-0.075,0.039,-0.061,-5.12,-0.91,784,518,-1915,0,0,6658,0.1075,0.012,0.016,-0.084,-4.74,-1.29,791,-235,-4894,0,0
55.2,3,2334.2,494.81,-0.08,3092.99,97.0,-0.16,-1.42,-0.15,0.0,0.0,1.0,2,6573,-69.6,0.21,0.1,-2.82,-35.47,277,279,3525,0.038,-0.013,0.001,-0.099,-8.42,2.39,779,-21,-3228,0,0,7460,0.1121,0.069,-0.002,-0.098,-7.56,1.53,807,-90,-6260,0,0,2487,0.0337,-0.066,-0.007,-0.093,-5.17,-0.86,818,335,-1956,0,0,6758,0.1078,0.015,-0.029,-0.071,-5.2,-0.83,825,-822,-5001,0,0
55.22,3,2334.7,494.93,-0.08,3093.52,96.8,-0.15,-1.44,-0.15,0.0,0.0,1.0,2,6636,-69.1,0.21,0.12,-2.87,-35.67,280,278,3521,0.0378,-0.013,-0.002,-0.098,-8.52,2.49,776,-32,-3239,0,0,7455,0.1134,0.065,-0.002,-0.098,-7.74,1.7,806,-64,-6304,0,0,2458,0.0325,-0.063,0.038,-0.062,-5.38,-0.65,782,509,-1957,0,0,6771,0.1081,0.015,0.012,-0.088,-5.5,-0.53,789,-336,-5133,0,0
55.24,3,2335.3,495.03,-0.08,3094.04,96.6,-0.16,-1.45,-0.16,0.0,0.0,1.0,2,6553,-69.5,0.2,0.14,-2.92,-35.84,282,277,3497,0.0375,-0.013,-0.002,-0.098,-8.91,2.88,774,-31,-3234,0,0,7440,0.1144,0.053,-0.003,-0.097,-8.04,2.01,803,-107,-6334,0,0,2453,0.0313,-0.059,-0.006,-0.094,-5.49,-0.54,815,341,-1984,0,0,6788,0.1082,0.007,-0.029,-0.071,-5.43,-0.6,822,-751,-5163,0,0
55.26,3,2335.8,495.13,-0.08,3094.57,96.4,-0.15,-1.46,-0.16,0.0,0.0,1.0,2,6608,-68.9,0.2,0.16,-2.97,-35.97,284,275,3501,0.0373,-0.012,-0.001,-0.099,-9.2,3.17,772,-18,-3250,0,0,7455,0.1154,0.047,-0.001,-0.099,-8.32,2.29,802,-85,-6381,0,0,2421,0.0302,-0.055,0.038,-0.062,-5.6,-0.43,779,486,-1973,0,0,6774,0.1083,0.005,0.012,-0.088,-5.75,-0.28,786,-372,-5242,0,0
55.28,3,2336.4,495.23,-0.08,3095.1,96.2,-0.16,-1.47,-0.16,0.0,0.0,1.0,2,6526,-69.3,0.2,0.18,-3.01,-36.09,286,274,3486,0.0371,-0.01,0.0,-0.1,-9.16,3.13,770,-15,-3247,0,0,7425,0.1162,0.042,-0.002,-0.098,-8.54,2.51,799,-80,-6398,0,0,2427,0.0291,-0.052,-0.005,-0.095,-5.8,-0.24,812,347,-2010,0,0,6767,0.1083,0.001,-0.03,-0.07,-5.73,-0.3,819,-767,-5254,0,0
55.3,3,2336.9,495.32,-0.08,3095.62,96.0,-0.16,-1.47,-0.17,0.0,0.0,1.0,2,6584,-68.7,0.2,0.19,-3.04,-36.13,288,273,3481,0.0368,-0.012,-0.002,-0.098,-9.72,3.68,768,-21,-3252,0,0,7402,0.1168,0.03,-0.002,-0.098,-8.56,2.53,797,-98,-6402,0,0,2425,0.0283,-0.044,0.04,-0.06,-5.92,-0.11,776,492,-2014,0,0,6741,0.1083,-0.002,0.013,-0.087,-5.8,-0.23,783,-336,-5292,0,0
55.32,3,2337.4,495.4,-0.08,3096.15,95.9,-0.16,-1.48,-0.17,0.0,0.0,1.0,2,6499,-69.1,0.2,0.21,-3.07,-36.15,288,272,3480,0.0366,-0.012,-0.002,-0.098,-9.95,3.92,766,-29,-3259,0,0,7433,0.1175,0.032,-0.002,-0.098,-9.04,3.01,796,-89,-6454,0,0,2416,0.0274,-0.042,-0.005,-0.095,-6.04,0.01,809,334,-2036,0,0,6765,0.1083,0.002,-0.03,-0.07,-6.04,0.01,816,-753,-5336,0,0
55.34,3,2337.9,495.48,-0.08,3096.67,95.7,-0.16,-1.49,-0.17,0.0,0.0,1.0,2,6556,-68.5,0.2,0.22,-3.1,-36.14,290,271,3469,0.0364,-0.009,-0.001,-0.099,-10.18,4.15,764,-29,-3259,0,0,7430,0.1181,0.03,-0.002,-0.098,-9.24,3.21,793,-92,-6475,0,0,2408,0.0267,-0.038,0.04,-0.06,-6.14,0.11,773,472,-2033,0,0,6762,0.1083,0.001,0.012,-0.088,-6.19,0.16,780,-351,-5394,0,0
55.36,3,2338.5,495.55,-0.08,3097.2,95.4,-0.17,-1.49,-0.18,0.0,0.0,1.0,2,6470,-68.9,0.2,0.23,-3.13,-36.1,290,270,3457,0.0362,-0.009,0.0,-0.1,-10.53,4.5,761,-12,-3256,0,0,7428,0.1186,0.026,-0.001,-0.099,-9.55,3.52,791,-61,-6497,0,0,2396,0.026,-0.037,-0.005,-0.095,-6.13,0.09,805,328,-2047,0,0,6753,0.1083,-0.002,-0.03,-0.07,-6.17,0.14,812,-732,-5398,0,0
55.38,3,2339.0,495.62,-0.08,3097.72,95.2,-0.17,-1.5,-0.18,0.0,0.0,1.0,2,6527,-68.3,0.2,0.24,-3.15,-36.02,291,269,3446,0.036,-0.012,-0.002,-0.098,-10.79,4.76,759,-25,-3251,0,0,7416,0.119,0.021,-0.001,-0.099,-9.82,3.79,788,-62,-6507,0,0,2393,0.0253,-0.032,0.04,-0.06,-6.33,0.3,769,458,-2044,0,0,6751,0.1083,0.001,0.012,-0.088,-6.36,0.33,776,-344,-5457,0,0
55.4,3,2339.5,495.68,-0.08,3098.25,95.0,-0.17,-1.5,-0.19,0.0,0.0,1.0,2,6441,-68.7,0.2,0.25,-3.17,-35.93,291,268,3443,0.0358,-0.011,0.0,-0.1,-10.79,4.76,756,-16,-3252,0,0,7402,0.1193,0.016,0.0,-0.1,-10.06,4.03,786,-75,-6512,0,0,2392,0.0247,-0.03,-0.005,-0.095,-6.3,0.27,802,318,-2065,0,0,6728,0.1083,-0.004,-0.029,-0.071,-6.48,0.45,808,-673,-5454,0,0
55.42,3,2340.1,495.73,-0.08,3098.77,94.8,-0.17,-1.5,-0.19,0.0,0.0,1.0,2,6498,-68.1,0.2,0.26,-3.19,-35.83,291,267,3439,0.0356,-0.008,-0.002,-0.098,-11.28,5.24,754,-27,-3252,0,0,7432,0.1196,0.015,-0.001,-0.099,-10.31,4.28,783,-36,-6547,0,0,2380,0.0242,-0.027,0.042,-0.058,-6.51,0.48,766,462,-2053,0,0,6732,0.1082,-0.004,0.012,-0.088,-6.48,0.45,773,-348,-5483,0,0
55.44,3,2340.6,495.78,-0.08,3099.29,94.6,-0.17,-1.51,-0.2,0.0,0.0,1.0,2,6407,-68.5,0.2,0.27,-3.21,-35.7,291,265,3438,0.0354,-0.008,-0.002,-0.098,-11.53,5.5,751,-24,-3255,0,0,7458,0.12,0.018,-0.001,-0.099,-10.56,4.53,781,-75,-6578,0,0,2371,0.0237,-0.024,-0.004,-0.096,-6.59,0.56,798,305,-2068,0,0,6749,0.1082,0.002,-0.031,-0.069,-6.62,0.58,804,-725,-5502,0,0
55.46,3,2341.1,495.82,-0.08,3099.82,94.4,-0.18,-1.51,-0.2,0.0,0.0,1.0,2,6465,-67.9,0.2,0.27,-3.23,-35.56,291,264,3431,0.0353,-0.008,-0.001,-0.099,-11.87,5.84,749,-25,-3251,0,0,7436,0.1204,0.018,-0.002,-0.098,-10.79,4.76,779,-86,-6573,0,0,2381,0.0232,-0.024,0.04,-0.06,-6.67,0.64,762,443,-2073,0,0,6748,0.1083,0.002,0.014,-0.086,-6.4,0.37,768,-324,-5524,0,0
55.48,3,2341.6,495.86,-0.08,3100.34,94.2,-0.18,-1.51,-0.2,0.0,0.0,1.0,2,6376,-68.2,0.2,0.28,-3.25,-35.39,290,263,3456,0.0351,-0.007,-0.002,-0.098,-12.07,6.04,747,-22,-3274,0,0,7428,0.1206,0.013,-0.002,-0.098,-11.05,5.02,776,-79,-6575,0,0,2393,0.0228,-0.02,-0.004,-0.096,-6.75,0.71,794,308,-2096,0,0,6733,0.1083,0.001,-0.031,-0.069,-6.72,0.69,800,-706,-5532,0,0
55.5,3,2342.2,495.89,-0.08,3100.86,93.9,-0.18,-1.51,-0.21,0.0,0.0,1.0,2,6434,-67.6,0.2,0.28,-3.26,-35.2,290,262,3439,0.0351,-0.003,0.0,-0.1,-12.43,6.39,744,-17,-3260,0,0,7451,0.1208,0.011,0.0,-0.1,-11.25,5.22,773,-57,-6599,0,0,2372,0.0225,-0.017,0.04,-0.06,-6.72,0.69,758,430,-2078,0,0,6738,0.1082,-0.003,0.012,-0.088,-6.81,0.78,765,-321,-5560,0,0
55.52,3,2342.7,495.92,-0.08,3101.38,93.7,-0.18,-1.51,-0.21,0.0,0.0,1.0,2,6345,-68.0,0.2,0.29,-3.27,-34.98,290,260,3414,0.0349,-0.01,-0.001,-0.099,-12.39,6.36,741,-20,-3239,0,0,7411,0.121,0.009,-0.002,-0.098,-11.3,5.27,771,-88,-6572,0,0,2390,0.0221,-0.016,-0.005,-0.095,-6.85,0.82,790,297,-2111,0,0,6750,0.1083,0.003,-0.03,-0.07,-6.87,0.84,796,-670,-5569,0,0
55.54,3,2343.2,495.94,-0.08,3101.9,93.5,-0.19,-1.52,-0.22,0.0,0.0,1.0,2,6404,-67.4,0.2,0.29,-3.29,-34.75,289,259,3419,0.0348,-0.006,0.0,-0.1,-12.91,6.88,739,-15,-3244,0,0,7489,0.1212,0.011,-0.002,-0.098,-11.58,5.55,769,-73,-6636,0,0,2354,0.0218,-0.016,0.041,-0.059,-6.89,0.86,754,428,-2072,0,0,6778,0.1083,0.001,0.012,-0.088,-6.82,0.79,761,-315,-5612,0,0
55.56,3,2343.7,495.95,-0.08,3102.42,93.2,-0.19,-1.52,-0.22,0.0,0.0,1.0,2,6314,-67.8,0.2,0.3,-3.3,-34.51,288,258,3424,0.0346,-0.006,-0.002,-0.098,-13.05,7.02,736,-18,-3248,0,0,7441,0.1216,0.02,-0.002,-0.098,-11.98,5.94,765,-58,-6604,0,0,2367,0.0214,-0.02,-0.005,-0.095,-6.92,0.89,787,294,-2097,0,0,6758,0.1084,0.005,-0.03,-0.07,-6.95,0.92,792,-645,-5600,0,0
55.58,3,2344.2,495.96,-0.08,3102.93,93.0,-0.19,-1.52,-0.23,0.0,0.0,1.0,2,6371,-67.2,0.2,0.3,-3.31,-34.27,287,257,3447,0.0346,-0.004,-0.001,-0.099,-13.39,7.35,734,-23,-3268,0,0,7453,0.1217,0.003,-0.002,-0.098,-11.95,5.92,763,-68,-6616,0,0,2368,0.0212,-0.012,0.042,-0.058,-6.95,0.92,751,425,-2091,0,0,6733,0.1083,-0.006,0.013,-0.087,-6.84,0.81,757,-316,-5595,0,0
55.6,3,2344.7,495.96,-0.08,3103.45,92.8,-0.19,-1.52,-0.23,0.0,0.0,1.0,2,6280,-67.6,0.2,0.31,-3.32,-34.01,286,255,3421,0.0345,-0.004,-0.002,-0.098,-13.48,7.45,732,-20,-3245,0,0,7460,0.1219,0.01,-0.002,-0.098,-12.2,6.16,760,-82,-6623,0,0,2359,0.0209,-0.012,-0.006,-0.094,-6.87,0.84,783,288,-2095,0,0,6756,0.1083,0.001,-0.031,-0.069,-6.84,0.81,788,-651,-5599,0,0
55.62,3,2345.3,495.95,-0.08,3103.96,92.5,-0.2,-1.52,-0.23,0.0,0.0,1.0,2,6336,-66.9,0.2,0.31,-3.33,-33.75,286,254,3459,0.0344,-0.004,0.0,-0.1,-13.79,7.76,729,-16,-3279,0,0,7466,0.1221,0.011,-0.002,-0.098,-12.57,6.54,758,-76,-6628,0,0,2365,0.0207,-0.012,0.04,-0.06,-6.98,0.94,746,417,-2090,0,0,6739,0.1084,0.003,0.013,-0.087,-7.0,0.97,753,-313,-5617,0,0
55.64,3,2345.8,495.94,-0.08,3104.47,92.3,-0.2,-1.52,-0.24,0.0,0.0,1.0,2,6247,-67.3,0.2,0.31,-3.34,-33.51,284,253,3425,0.0345,0.002,-0.001,-0.099,-13.99,7.96,727,-20,-3247,0,0,7491,0.1223,0.008,-0.001,-0.099,-12.71,6.68,755,-69,-6649,0,0,2347,0.0204,-0.011,-0.004,-0.096,-6.98,0.94,779,288,-2089,0,0,6757,0.1082,-0.005,-0.03,-0.07,-6.83,0.8,784,-652,-5600,0,0
55.66,3,2346.3,495.93,-0.08,3104.99,92.0,-0.2,-1.52,-0.24,0.0,0.0,1.0,2,6304,-66.7,0.2,0.32,-3.35,-33.26,283,251,3427,0.0343,-0.006,-0.002,-0.098,-14.0,7.97,724,-22,-3248,0,0,7511,0.1224,0.009,-0.003,-0.097,-12.87,6.84,753,-82,-6664,0,0,2339,0.0202,-0.011,0.042,-0.058,-6.75,0.72,743,414,-2065,0,0,6775,0.1083,0.005,0.013,-0.087,-6.97,0.94,749,-310,-5639,0,0
55.68,3,2346.8,495.9,-0.08,3105.5,91.8,-0.2,-1.52,-0.24,0.0,0.0,1.0,2,6215,-67.1,0.2,0.32,-3.35,-33.0,282,250,3465,0.0343,0.0,-0.002,-0.098,-14.31,8.28,722,-25,-3282,0,0,7491,0.1227,0.011,-0.002,-0.098,-13.03,7.0,750,-75,-6649,0,0,2355,0.02,-0.009,-0.005,-0.095,-6.8,0.77,775,289,-2094,0,0,6749,0.1084,0.002,-0.031,-0.069,-7.0,0.97,780,-629,-5611,0,0
55.7,3,2347.3,495.88,-0.08,3106.0,91.6,-0.2,-1.52,-0.25,0.0,0.0,1.0,2,6269,-66.5,0.2,0.33,-3.36,-32.73,281,249,3444,0.0343,0.0,-0.002,-0.098,-14.28,8.25,720,-26,-3262,0,0,7492,0.1228,0.005,-0.002,-0.098,-13.15,7.11,748,-83,-6650,0,0,2358,0.0199,-0.007,0.041,-0.059,-6.97,0.93,738,406,-2085,0,0,6763,0.1083,-0.002,0.013,-0.087,-6.99,0.96,744,-290,-5625,0,0
55.72,3,2347.8,495.84,-0.08,3106.51,91.3,-0.21,-1.52,-0.25,0.0,0.0,1.0,2,6180,-66.9,0.2,0.33,-3.37,-32.47,280,247,3428,0.0343,0.0,-0.002,-0.098,-14.48,8.45,717,-24,-3247,0,0,7504,0.1229,0.008,-0.002,-0.098,-13.01,6.98,745,-65,-6659,0,0,2343,0.0198,-0.008,-0.006,-0.094,-6.94,0.91,771,277,-2084,0,0,6770,0.1083,0.0,-0.031,-0.069,-6.97,0.94,776,-641,-5614,0,0
55.74,3,2348.3,495.8,-0.08,3107.01,91.1,-0.21,-1.52,-0.25,0.0,0.0,1.0,2,6234,-66.2,0.2,0.33,-3.37,-32.2,278,246,3438,0.0343,-0.003,-0.001,-0.099,-14.67,8.63,715,-25,-3255,0,0,7487,0.1231,0.009,-0.003,-0.097,-13.26,7.23,743,-79,-6645,0,0,2366,0.0196,-0.007,0.04,-0.06,-6.78,0.74,734,404,-2087,0,0,6786,0.1084,0.005,0.014,-0.086,-6.95,0.92,740,-305,-5636,0,0
55.76,3,2348.8,495.76,-0.08,3107.52,90.8,-0.21,-1.51,-0.25,0.0,0.0,1.0,2,6146,-66.6,0.2,0.33,-3.37,-31.92,277,245,3439,0.0343,-0.001,-0.002,-0.098,-14.75,8.72,713,-25,-3255,0,0,7465,0.1231,0.001,-0.003,-0.097,-13.31,7.28,740,-80,-6628,0,0,2366,0.0195,-0.003,-0.006,-0.094,-6.72,0.69,767,278,-2095,0,0,6762,0.1084,-0.001,-0.031,-0.069,-6.85,0.82,772,-633,-5601,0,0
55.78,3,2349.3,495.71,-0.08,3108.02,90.6,-0.21,-1.51,-0.25,0.0,0.0,1.0,2,6201,-66.0,0.2,0.33,-3.37,-31.63,276,243,3435,0.0342,-0.002,-0.002,-0.098,-14.7,8.67,711,-28,-3252,0,0,7454,0.1231,0.001,-0.002,-0.098,-13.47,7.44,738,-72,-6619,0,0,2373,0.0195,-0.003,0.041,-0.059,-6.84,0.81,730,407,-2087,0,0,6758,0.1084,-0.001,0.017,-0.083,-6.8,0.76,736,-256,-5600,0,0
55.8,3,2349.8,495.65,-0.08,3108.51,90.3,-0.21,-1.51,-0.25,0.0,0.0,1.0,2,6110,-66.4,0.2,0.33,-3.37,-31.38,274,242,3446,0.0342,0.0,-0.002,-0.098,-14.85,8.82,709,-29,-3261,0,0,7433,0.123,-0.006,-0.003,-0.097,-13.5,7.47,736,-84,-6603,0,0,2372,0.0194,-0.001,-0.007,-0.093,-6.8,0.76,762,273,-2095,0,0,6706,0.1082,-0.008,-0.031,-0.069,-6.83,0.8,768,-632,-5541,0,0
55.82,3,2350.3,495.59,-0.08,3109.01,90.1,-0.21,-1.5,-0.26,0.0,0.0,1.0,2,6167,-65.7,0.2,0.34,-3.37,-31.13,272,241,3439,0.0342,-0.001,-0.002,-0.098,-14.85,8.82,707,-31,-3255,0,0,7462,0.1229,-0.004,-0.003,-0.097,-13.44,7.41,734,-91,-6625,0,0,2366,0.0194,-0.002,0.04,-0.06,-6.73,0.7,726,398,-2074,0,0,6718,0.1081,-0.005,0.014,-0.086,-6.76,0.73,732,-296,-5549,0,0
55.84,3,2350.8,495.52,-0.08,3109.51,89.8,-0.21,-1.5,-0.26,0.63,0.0,1.0,2,6077,-66.1,0.2,0.34,-3.37,-30.93,271,239,3456,0.0342,0.001,-0.002,-0.098,-14.83,8.8,705,-31,-3270,0,0,7453,0.123,0.005,-0.002,-0.098,-13.5,7.46,732,-82,-6618,0,0,2370,0.0193,-0.004,-0.007,-0.093,-6.69,0.66,758,270,-2084,0,0,6700,0.1081,0.0,-0.031,-0.069,-6.56,0.53,764,-640,-5506,0,0
55.86,3,2351.3,495.45,-0.08,3110.0,89.6,-0.21,-1.5,-0.25,1.0,0.0,1.0,2,6238,123.9,0.32,0.34,-3.37,-30.73,269,238,3449,0.0343,0.001,-0.002,-0.098,-14.66,8.62,703,-34,-3264,0,0,7434,0.123,-0.002,-0.003,-0.097,-13.45,7.42,730,-95,-6603,0,0,2379,0.0193,-0.001,0.04,-0.06,-6.63,0.6,722,408,-2077,0,0,6686,0.1081,-0.004,0.015,-0.085,-6.5,0.47,728,-281,-5498,0,0
55.88,3,2351.8,495.37,-0.08,3110.49,89.3,-0.21,-1.5,-0.25,1.0,0.0,1.0,2,6205,174.2,0.62,0.34,-3.37,-30.56,267,237,3435,0.0342,-0.001,-0.002,-0.098,-14.72,8.69,701,-33,-3252,0,0,7462,0.1229,-0.003,-0.003,-0.097,-13.39,7.35,728,-94,-6626,0,0,2385,0.0194,0.002,-0.008,-0.092,-6.54,0.51,754,274,-2087,0,0,6733,0.1081,0.001,-0.03,-0.07,-6.6,0.57,760,-636,-5495,0,0
55.9,3,2352.3,495.28,-0.08,3110.98,89.1,-0.21,-1.5,-0.25,1.0,0.0,1.0,2,6253,175.1,0.95,0.34,-3.37,-30.41,265,235,3457,0.0343,0.001,-0.001,-0.099,-14.59,8.56,700,-31,-3272,0,0,7450,0.1231,0.005,-0.003,-0.097,-13.3,7.27,726,-83,-6616,0,0,2395,0.0193,-0.001,0.04,-0.06,-6.5,0.47,718,415,-2076,0,0,6719,0.1081,0.003,0.015,-0.085,-6.55,0.52,724,-286,-5491,0,0
55.92,3,2352.8,495.19,-0.08,3111.46,88.8,-0.22,-1.5,-0.25,1.0,0.0,1.0,2,6188,214.3,1.2,0.34,-3.37,-30.3,263,234,3457,0.0343,0.001,-0.003,-0.097,-14.46,8.43,698,-37,-3272,0,0,7488,0.123,0.0,-0.003,-0.097,-13.14,7.11,725,-97,-6646,0,0,2370,0.0194,0.001,-0.008,-0.092,-6.39,0.35,750,273,-2059,0,0,6726,0.1081,0.0,-0.031,-0.069,-6.43,0.4,756,-652,-5465,0,0
55.94,3,2353.3,495.1,-0.08,3111.94,88.7,-0.03,-1.48,-0.25,1.0,0.0,1.0,2,6494,247.4,1.39,0.33,-3.37,-30.72,262,233,3412,0.0343,0.0,-0.004,-0.096,-14.22,8.19,697,-48,-3233,0,0,7371,0.123,-0.001,-0.004,-0.096,-12.99,6.96,724,-117,-6555,0,0,2469,0.0194,0.002,0.053,-0.047,-6.27,0.24,785,1370,-1904,0,0,6770,0.1082,0.002,0.014,-0.086,-6.42,0.39,782,1797,-5356,0,0
55.96,3,2353.8,495.0,-0.08,3112.43,88.8,0.2,-1.43,-0.24,0.0,0.0,1.0,2,6739,273.3,1.53,0.31,-3.35,-31.78,260,234,3340,0.034,-0.013,-0.005,-0.095,-14.07,8.04,697,-63,-3169,0,0,7223,0.1225,-0.029,-0.004,-0.096,-12.78,6.75,725,-134,-6439,0,0,2614,0.0201,0.034,0.136,0.036,-6.38,0.35,776,1911,-1767,0,0,6905,0.1085,0.018,0.09,-0.01,-6.47,0.44,766,3220,-5113,0,0
55.98,3,2354.3,494.89,-0.08,3112.91,88.9,0.29,-1.4,-0.23,0.0,0.0,1.0,2,6647,191.9,1.51,0.27,-3.33,-33.03,258,234,3287,0.0336,-0.02,-0.004,-0.096,-13.8,7.77,698,-68,-3122,0,0,7033,0.1214,-0.053,-0.004,-0.096,-12.54,6.51,727,-144,-6290,0,0,2762,0.0212,0.056,0.105,0.005,-6.51,0.48,820,1976,-1895,0,0,7008,0.109,0.023,0.057,-0.043,-6.55,0.52,813,2954,-5296,0,0
56.0,3,2354.8,494.78,-0.08,3113.39,89.0,0.24,-1.43,-0.23,0.0,0.0,1.0,2,6482,-77.4,1.21,0.24,-3.31,-33.6,255,235,3229,0.0332,-0.023,-0.005,-0.095,-13.44,7.41,699,-68,-3071,0,0,6959,0.1202,-0.059,-0.004,-0.096,-12.26,6.23,729,-123,-6230,0,0,2818,0.0224,0.062,0.06,-0.04,-6.52,0.49,789,1795,-2066,0,0,7128,0.1095,0.026,0.014,-0.086,-6.49,0.46,784,2374,-5540,0,0
56.02,3,2355.3,494.66,-0.08,3113.87,88.9,0.05,-1.48,-0.22,0.0,0.0,1.0,2,6189,-67.0,0.87,0.22,-3.29,-33.18,253,234,3266,0.0327,-0.025,-0.004,-0.096,-13.18,7.15,701,-68,-3105,0,0,7007,0.1192,-0.049,-0.003,-0.097,-11.95,5.92,730,-108,-6266,0,0,2748,0.0234,0.047,0.003,-0.097,-6.54,0.51,754,872,-2317,0,0,7143,0.11,0.023,-0.029,-0.071,-6.54,0.5,757,170,-5805,0,0
56.04,3,2355.8,494.54,-0.08,3114.35,88.7,-0.19,-1.51,-0.21,0.0,0.0,1.0,2,6074,-65.1,0.65,0.21,-3.28,-32.4,251,233,3338,0.0326,-0.005,-0.003,-0.097,-12.8,6.77,701,-48,-3171,0,0,7172,0.1189,-0.017,-0.002,-0.098,-11.63,5.59,729,-83,-6392,0,0,2574,0.0236,0.009,0.04,-0.06,-6.46,0.43,715,396,-2223,0,0,7036,0.1099,-0.003,0.015,-0.085,-6.38,0.35,722,-417,-5704,0,0
56.06,3,2356.3,494.41,-0.08,3114.82,88.4,-0.19,-1.5,-0.2,0.0,0.0,1.0,2,5989,-65.5,0.5,0.22,-3.27,-31.96,251,232,3401,0.0327,0.005,-0.003,-0.097,-12.34,6.31,700,-47,-3227,0,0,7228,0.1189,-0.001,-0.002,-0.098,-11.26,5.23,728,-94,-6430,0,0,2487,0.0233,-0.012,-0.008,-0.092,-6.37,0.34,747,304,-2150,0,0,6888,0.1095,-0.018,-0.031,-0.069,-6.44,0.41,753,-674,-5574,0,0
56.08,3,2356.7,494.28,-0.08,3115.29,88.2,-0.19,-1.5,-0.19,0.0,0.0,1.0,2,6045,-64.9,0.4,0.23,-3.27,-31.75,250,231,3443,0.0329,0.011,-0.003,-0.097,-11.96,5.93,700,-50,-3264,0,0,7284,0.1189,0.002,-0.003,-0.097,-10.85,4.82,727,-100,-6465,0,0,2419,0.0229,-0.018,0.041,-0.059,-6.34,0.31,711,440,-2077,0,0,6753,0.109,-0.027,0.015,-0.085,-6.39,0.36,718,-316,-5472,0,0
56.1,3,2357.2,494.14,-0.08,3115.76,88.0,-0.18,-1.49,-0.18,0.0,0.0,1.0,2,5958,-65.3,0.34,0.24,-3.27,-31.71,249,230,3474,0.0331,0.012,-0.003,-0.097,-11.43,5.39,699,-49,-3289,0,0,7375,0.1192,0.013,-0.003,-0.097,-10.45,4.42,726,-107,-6521,0,0,2377,0.0225,-0.022,-0.007,-0.093,-6.29,0.26,744,293,-2047,0,0,6698,0.1086,-0.021,-0.031,-0.069,-6.36,0.33,750,-678,-5406,0,0
56.12,3,2357.7,494.0,-0.08,3116.23,87.8,-0.18,-1.49,-0.17,0.0,0.0,1.0,2,6017,-64.7,0.29,0.25,-3.27,-31.73,249,228,3450,0.0333,0.01,-0.003,-0.097,-11.03,5.0,699,-51,-3263,0,0,7384,0.1195,0.017,-0.002,-0.098,-10.01,3.98,726,-103,-6511,0,0,2371,0.0221,-0.022,0.041,-0.059,-6.16,0.13,708,438,-2024,0,0,6674,0.1083,-0.015,0.015,-0.085,-6.29,0.26,714,-306,-5387,0,0
56.14,3,2358.2,493.85,-0.08,3116.69,87.6,-0.17,-1.48,-0.16,0.0,0.0,1.0,2,5930,-65.1,0.26,0.26,-3.28,-31.78,248,227,3440,0.0334,0.005,-0.003,-0.097,-10.43,4.4,698,-53,-3246,0,0,7405,0.1198,0.012,-0.002,-0.098,-9.52,3.48,725,-109,-6499,0,0,2358,0.0217,-0.017,-0.008,-0.092,-6.21,0.18,740,296,-2024,0,0,6658,0.1081,-0.01,-0.031,-0.069,-6.26,0.23,746,-680,-5351,0,0
56.16,3,2358.7,493.69,-0.08,3117.15,87.4,-0.16,-1.48,-0.15,0.0,0.0,1.0,2,5989,-64.5,0.24,0.27,-3.29,-31.87,247,226,3456,0.0335,0.007,-0.002,-0.098,-9.93,3.9,698,-51,-3248,0,0,7436,0.1201,0.015,-0.002,-0.098,-8.99,2.96,725,-104,-6483,0,0,2375,0.0214,-0.016,0.041,-0.059,-6.17,0.14,704,440,-2018,0,0,6664,0.1079,-0.008,0.015,-0.085,-6.22,0.19,711,-326,-5356,0,0
56.18,3,2359.2,493.53,-0.08,3117.61,87.2,-0.15,-1.47,-0.13,0.0,0.0,1.0,2,5904,-64.9,0.23,0.28,-3.29,-31.91,246,225,3448,0.0336,0.004,-0.002,-0.098,-9.3,3.27,698,-52,-3223,0,0,7407,0.1204,0.014,-0.002,-0.098,-8.42,2.39,724,-110,-6406,0,0,2397,0.0212,-0.009,-0.008,-0.092,-6.15,0.12,737,302,-2045,0,0,6669,0.1079,0.001,-0.032,-0.068,-6.11,0.08,743,-697,-5332,0,0
56.2,3,2359.7,493.37,-0.08,3118.06,87.0,-0.14,-1.47,-0.12,0.88,0.0,1.0,2,5964,-64.3,0.22,0.28,-3.3,-31.87,245,224,3448,0.0337,0.002,-0.002,-0.098,-8.64,2.61,698,-55,-3195,0,0,7409,0.1205,0.008,-0.002,-0.098,-7.87,1.84,724,-108,-6328,0,0,2416,0.0211,-0.004,0.041,-0.059,-6.12,0.08,701,449,-2046,0,0,6697,0.108,0.002,0.015,-0.085,-6.17,0.14,708,-323,-5363,0,0
56.22,3,2360.1,493.2,-0.08,3118.52,86.8,-0.13,-1.46,-0.1,1.0,0.0,1.0,2,5981,124.6,0.33,0.28,-3.29,-31.72,244,224,3436,0.0338,0.005,-0.002,-0.098,-7.99,1.96,698,-53,-3147,0,0,7343,0.1206,0.003,-0.002,-0.098,-7.25,1.22,724,-104,-6179,0,0,2467,0.0211,0.001,-0.008,-0.092,-6.01,-0.02,734,307,-2094,0,0,6697,0.1079,-0.001,-0.032,-0.068,-6.1,0.07,740,-712,-5332,0,0
56.24,3,2360.6,493.03,-0.08,3118.96,86.7,-0.12,-1.44,-0.09,1.0,0.0,1.0,2,6090,177.1,0.63,0.28,-3.29,-31.42,243,223,3453,0.0338,0.002,-0.002,-0.098,-7.3,1.27,698,-53,-3105,0,0,7304,0.1204,-0.008,-0.002,-0.098,-6.57,0.53,723,-106,-6003,0,0,2491,0.0213,0.009,0.041,-0.059,-6.01,-0.02,698,458,-2095,0,0,6670,0.1079,-0.001,0.015,-0.085,-6.08,0.05,705,-332,-5317,0,0
