Time_s,Distance_m,PosX,PosY,PosZ,Speed_Kmh,Accel_Long_G,Accel_Lat_G,Raw_Steer,Raw_Throttle,Raw_Brake,Clutch,Gear,RPM,Torque_Nm,Boost_Bar,Pitch,Roll,YawRate,Aero_DownN,Aero_DragN,FL_Load_N,FL_Travel_m,FL_DamperVel_ms,FL_Slip,FL_SlipDelta,FL_SlipAng_deg,FL_LatDelta,FL_WheelRPM,FL_LongForce_N,FL_LatForce_N,FL_ActBrakeTrq_Nm,FL_ABS_Active,FR_Load_N,FR_Travel_m,FR_DamperVel_ms,FR_Slip,FR_SlipDelta,FR_SlipAng_deg,FR_LatDelta,FR_WheelRPM,FR_LongForce_N,FR_LatForce_N,FR_ActBrakeTrq_Nm,FR_ABS_Active,RL_Load_N,RL_Travel_m,RL_DamperVel_ms,RL_Slip,RL_SlipDelta,RL_SlipAng_deg,RL_LatDelta,RL_WheelRPM,RL_LongForce_N,RL_LatForce_N,RL_ActBrakeTrq_Nm,RL_ABS_Active,RR_Load_N,RR_Travel_m,RR_DamperVel_ms,RR_Slip,RR_SlipDelta,RR_SlipAng_deg,RR_LatDelta,RR_WheelRPM,RR_LongForce_N,RR_LatForce_N,RR_ActBrakeTrq_Nm,RR_ABS_Active
0.120,1.0,330.13,-17.82,-25.56,37.1,0.35,0.00,0.00,0.24,0.00,1.00,1,4763,29.9,1.04,-4.59,0.69,0.17,42,46,2682,-0.0111,-0.093,-0.002,-0.098,0.08,-7.08,307,-85,36,0,0,2670,-0.0116,-0.097,-0.002,-0.098,0.08,-7.08,307,-85,36,0,0,3430,0.0142,0.119,0.053,-0.047,0.13,-7.04,350,3244,40,0,0,3387,0.0131,0.109,0.054,-0.046,0.13,-7.04,350,3206,40,0,0
0.240,2.3,331.38,-17.73,-25.75,38.6,0.36,0.00,0.00,0.50,0.00,1.00,1,5207,265.4,1.54,-4.58,0.70,0.07,46,50,2804,-0.0106,0.004,-0.002,-0.098,0.08,-7.08,319,-89,37,0,0,2745,-0.0114,0.002,-0.002,-0.098,0.08,-7.08,319,-88,36,0,0,3345,0.0131,-0.010,0.266,0.166,0.09,-7.07,355,3176,28,0,0,3331,0.0120,-0.009,0.266,0.166,0.09,-7.07,355,3163,29,0,0
0.360,3.6,332.68,-17.64,-25.95,40.3,0.41,0.00,0.00,1.00,0.00,1.00,1,4776,30.8,0.67,-4.61,0.71,0.15,50,54,2755,-0.0106,0.000,-0.002,-0.098,0.09,-7.07,334,-79,42,0,0,2713,-0.0117,-0.002,-0.002,-0.098,0.09,-7.07,334,-78,41,0,0,3405,0.0133,0.002,0.015,-0.085,0.13,-7.03,368,2441,66,0,0,3363,0.0122,0.002,0.015,-0.085,0.13,-7.03,368,2426,65,0,0
0.480,5.0,334.03,-17.54,-26.15,41.7,0.32,0.00,0.00,0.00,0.00,1.00,1,5792,224.1,1.55,-4.59,0.70,0.09,53,58,2801,-0.0096,0.008,-0.002,-0.098,0.09,-7.07,345,-86,41,0,0,2765,-0.0106,0.009,-0.002,-0.098,0.09,-7.07,345,-85,41,0,0,3342,0.0118,-0.012,0.236,0.136,0.11,-7.05,429,3147,26,0,0,3317,0.0108,-0.011,0.237,0.137,0.11,-7.05,429,3124,26,0,0
0.600,6.4,335.43,-17.44,-26.38,43.0,0.32,0.17,0.00,1.00,0.00,1.00,1,4937,29.4,0.63,-4.60,0.97,10.28,57,61,3399,-0.0062,0.029,-0.001,-0.099,9.31,2.15,355,-27,2774,0,0,2299,-0.0145,-0.032,0.004,-0.096,11.70,4.54,347,35,2026,0,0,3695,0.0162,0.037,-0.089,-0.011,0.42,-6.74,365,-88,203,0,0,2718,0.0079,-0.025,-0.075,-0.025,0.43,-6.73,363,638,153,0,0
0.720,7.8,336.85,-17.33,-26.62,44.2,0.26,0.08,0.00,0.34,0.00,1.00,1,6061,164.2,1.45,-4.52,0.85,7.50,58,65,2787,-0.0035,0.022,-0.002,-0.098,-0.23,-6.93,368,-79,-209,0,0,2892,-0.0120,0.021,-0.002,-0.098,-0.23,-6.93,362,-93,-222,0,0,3255,0.0140,-0.018,0.212,0.112,1.37,-5.79,447,3063,329,0,0,3301,0.0055,-0.020,0.232,0.132,1.39,-5.77,447,3087,310,0,0
0.840,9.3,338.33,-17.23,-26.89,45.8,0.39,0.06,0.00,1.00,0.00,1.00,1,5807,213.4,1.32,-4.61,0.66,3.38,63,70,2812,-0.0077,-0.035,-0.002,-0.098,0.32,-6.85,381,-78,135,0,0,2662,-0.0114,0.005,-0.002,-0.098,0.32,-6.84,378,-83,129,0,0,3477,0.0138,-0.002,0.123,0.023,0.99,-6.17,430,3105,437,0,0,3290,0.0096,0.034,0.132,0.032,1.00,-6.17,430,2995,400,0,0
0.960,10.9,339.86,-17.11,-27.17,47.6,0.41,0.06,0.00,0.38,0.00,1.00,1,6238,-71.9,1.06,-4.71,0.64,2.61,69,75,2780,-0.0090,-0.011,-0.002,-0.098,0.40,-6.76,395,-85,183,0,0,2608,-0.0129,-0.012,-0.002,-0.098,0.41,-6.76,393,-83,173,0,0,3488,0.0151,0.011,0.093,-0.007,0.91,-6.26,458,3292,277,0,0,3322,0.0105,0.008,0.100,0.000,0.91,-6.25,458,3144,257,0,0
1.080,12.5,341.44,-17.00,-27.48,49.0,0.35,0.07,0.00,0.93,0.00,1.00,1,6316,241.8,1.53,-4.72,0.66,1.01,74,80,2856,-0.0088,0.002,-0.001,-0.099,0.36,-6.80,406,-47,173,0,0,2636,-0.0135,-0.005,-0.002,-0.098,0.36,-6.80,405,-74,161,0,0,3419,0.0148,-0.002,0.198,0.098,0.54,-6.62,437,3157,220,0,0,3230,0.0101,-0.003,0.201,0.101,0.55,-6.62,438,3002,205,0,0
1.200,14.2,343.07,-16.87,-27.81,50.7,0.41,0.04,0.00,0.48,0.00,1.00,1,6611,-72.1,0.97,-4.72,0.60,1.16,79,85,2750,-0.0098,-0.009,-0.002,-0.098,0.29,-6.87,420,-85,134,0,0,2653,-0.0132,0.003,-0.002,-0.098,0.29,-6.87,419,-83,130,0,0,3411,0.0140,-0.006,0.157,0.057,0.50,-6.66,513,3231,155,0,0,3324,0.0107,0.005,0.159,0.059,0.50,-6.66,513,3153,150,0,0
1.320,15.9,344.75,-16.75,-28.15,52.3,0.36,0.04,0.09,0.71,0.00,1.00,1,6849,223.0,1.51,-4.70,0.57,0.60,84,91,2810,-0.0098,0.000,-0.002,-0.098,0.23,-6.93,433,-85,108,0,0,2689,-0.0127,0.004,-0.002,-0.098,0.23,-6.93,432,-83,104,0,0,3361,0.0131,-0.008,0.103,0.003,0.33,-6.83,504,3170,115,0,0,3264,0.0102,-0.004,0.105,0.005,0.33,-6.83,505,3086,111,0,0
1.440,17.7,346.48,-16.62,-28.52,53.8,0.37,0.27,0.00,0.88,0.00,0.61,1,6589,18.5,0.82,-4.70,0.92,15.29,89,96,3419,-0.0041,0.048,-0.003,-0.097,-1.41,-5.75,451,-305,1699,0,0,2080,-0.0177,-0.042,-0.010,-0.090,-1.44,-5.72,437,-240,1299,0,0,3859,0.0187,0.046,0.092,-0.008,1.06,-6.10,460,2954,500,0,0,2723,0.0050,-0.044,0.123,0.023,1.09,-6.07,462,2420,324,0,0
1.560,19.5,348.25,-16.49,-28.93,55.0,0.27,0.09,0.00,1.00,0.00,0.13,1,7090,237.8,1.64,-4.65,0.72,6.94,90,100,3031,-0.0037,0.003,-0.001,-0.099,0.30,-6.86,458,-49,101,0,0,2811,-0.0138,0.033,-0.001,-0.099,0.31,-6.86,452,-68,94,0,0,3301,0.0159,-0.023,0.011,-0.089,1.48,-5.68,463,1059,795,0,0,3137,0.0051,0.001,0.021,-0.079,1.50,-5.66,462,1456,753,0,0
1.680,21.3,350.03,-16.35,-29.36,55.7,0.17,0.11,0.00,0.00,0.00,1.00,2,6735,282.5,1.95,-4.58,0.56,3.70,90,103,2996,-0.0028,0.007,-0.002,-0.098,0.55,-6.61,462,-79,265,0,0,2838,-0.0099,0.033,-0.002,-0.098,0.55,-6.61,459,-73,253,0,0,3249,0.0113,-0.038,0.777,0.677,1.16,-6.00,835,2483,80,0,0,3170,0.0041,-0.008,0.789,0.689,1.17,-5.99,835,2417,77,0,0
1.800,23.2,351.85,-16.21,-29.80,56.9,0.29,0.06,0.00,0.00,0.00,1.00,2,5521,-64.5,0.54,-4.61,0.41,5.60,96,107,2832,-0.0065,-0.031,-0.002,-0.098,0.71,-6.45,473,-78,321,0,0,2685,-0.0107,-0.007,-0.002,-0.098,0.71,-6.45,469,-72,308,0,0,3342,0.0112,-0.001,0.457,0.357,1.60,-5.56,702,2745,159,0,0,3209,0.0069,0.023,0.471,0.371,1.62,-5.55,702,2624,150,0,0
1.920,25.1,353.71,-16.07,-30.28,57.9,0.25,0.14,0.00,0.00,0.00,1.00,2,3657,-50.9,0.23,-4.59,0.48,3.96,99,111,3208,-0.0061,0.004,0.000,-0.100,0.85,-6.32,481,-9,439,0,0,2657,-0.0132,-0.021,0.000,-0.100,0.85,-6.31,478,-13,369,0,0,3313,0.0126,0.012,-0.020,-0.080,1.45,-5.71,472,-866,803,0,0,2779,0.0055,-0.012,-0.018,-0.082,1.46,-5.70,470,-632,686,0,0
2.040,27.1,355.56,-15.93,-30.77,57.9,-0.01,0.16,0.00,1.00,0.00,1.00,2,3891,173.3,1.01,-4.36,0.56,1.58,94,111,3373,0.0010,0.059,-0.001,-0.099,0.68,-6.48,480,-70,386,0,0,2923,-0.0091,0.035,-0.001,-0.099,0.68,-6.48,478,-66,338,0,0,3150,0.0084,-0.035,0.043,-0.057,0.93,-6.23,501,1784,472,0,0,2768,-0.0016,-0.059,0.046,-0.054,0.93,-6.23,501,1668,415,0,0
2.160,29.0,357.44,-15.79,-31.30,59.1,0.29,0.10,0.00,0.89,0.00,1.00,2,4325,334.0,1.85,-4.49,0.47,0.99,101,116,2895,-0.0021,-0.026,-0.002,-0.098,0.46,-6.70,490,-85,228,0,0,2747,-0.0091,-0.001,-0.002,-0.098,0.46,-6.70,489,-83,217,0,0,3390,0.0101,0.014,0.134,0.034,0.63,-6.53,558,3144,238,0,0,3195,0.0023,0.033,0.137,0.037,0.63,-6.53,558,2980,222,0,0
2.280,31.0,359.37,-15.64,-31.84,60.9,0.41,0.06,0.00,0.59,0.00,1.00,2,4524,273.6,1.72,-4.74,0.35,0.92,113,123,2679,-0.0076,-0.046,-0.002,-0.098,0.33,-6.83,504,-84,152,0,0,2588,-0.0118,-0.022,-0.002,-0.098,0.34,-6.83,504,-82,148,0,0,3560,0.0138,0.031,0.153,0.053,0.48,-6.68,582,3358,165,0,0,3458,0.0096,0.061,0.155,0.055,0.48,-6.68,582,3269,158,0,0
2.400,33.1,361.34,-15.49,-32.41,62.5,0.38,0.05,0.14,0.79,0.00,1.00,2,4607,349.3,1.95,-4.72,0.31,0.52,120,130,2705,-0.0109,-0.027,-0.002,-0.098,0.25,-6.91,517,-83,115,0,0,2602,-0.0140,-0.018,-0.002,-0.098,0.25,-6.91,516,-81,111,0,0,3424,0.0146,0.006,0.146,0.046,0.33,-6.83,594,3212,119,0,0,3333,0.0114,0.015,0.147,0.047,0.33,-6.83,594,3134,115,0,0
2.520,35.2,363.36,-15.34,-33.02,63.8,0.32,0.32,0.00,1.00,0.00,1.00,2,4278,-55.1,0.85,-4.61,0.73,17.84,124,135,3565,-0.0035,0.061,-0.006,-0.094,12.93,5.77,519,-82,3190,0,0,2048,-0.0194,-0.045,0.001,-0.099,16.05,8.88,502,20,1885,0,0,3788,0.0185,0.032,0.045,-0.055,1.21,-5.95,531,1721,640,0,0,2455,0.0026,-0.073,0.071,-0.029,1.24,-5.92,531,1738,405,0,0
2.640,37.3,365.38,-15.18,-33.66,64.1,0.08,0.21,0.00,1.00,0.00,1.00,2,4473,261.6,1.48,-4.39,0.58,11.56,118,136,3260,0.0023,0.048,-0.001,-0.099,0.50,-6.66,535,-70,202,0,0,2969,-0.0136,0.048,-0.002,-0.098,0.51,-6.65,525,-102,188,0,0,3177,0.0139,-0.038,0.075,-0.025,2.17,-4.99,577,2302,946,0,0,2902,-0.0023,-0.040,0.094,-0.006,2.21,-4.95,577,2357,820,0,0
2.760,39.5,367.42,-15.03,-34.35,65.6,0.35,0.19,0.00,0.83,0.00,1.00,2,4754,264.5,1.76,-4.52,0.35,7.60,126,143,2997,-0.0013,-0.030,-0.002,-0.098,1.06,-6.10,546,-81,507,0,0,2567,-0.0125,0.010,-0.002,-0.098,1.07,-6.09,540,-81,442,0,0,3547,0.0143,0.003,0.119,0.019,2.12,-5.04,611,3153,824,0,0,3131,0.0024,0.039,0.133,0.033,2.14,-5.02,612,2854,692,0,0
2.880,41.7,369.51,-14.87,-35.08,67.2,0.39,0.20,0.00,1.00,0.00,1.00,2,4808,280.9,1.76,-4.64,0.32,5.27,138,150,2751,-0.0060,-0.039,-0.002,-0.098,1.18,-5.98,558,-76,530,0,0,2190,-0.0176,-0.043,-0.002,-0.098,1.19,-5.97,554,-73,428,0,0,3661,0.0180,0.031,0.107,0.007,1.90,-5.27,618,3190,817,0,0,3182,0.0061,0.030,0.117,0.017,1.91,-5.25,619,2849,687,0,0
3.000,44.0,371.64,-14.71,-35.86,68.8,0.38,0.18,0.00,0.63,0.00,1.00,2,5035,141.4,1.65,-4.51,0.27,4.43,143,157,2876,-0.0073,-0.010,-0.002,-0.098,1.11,-6.05,571,-83,524,0,0,2441,-0.0186,-0.008,-0.002,-0.098,1.12,-6.05,567,-75,450,0,0,3259,0.0161,-0.016,0.134,0.034,1.70,-5.46,645,3026,544,0,0,2919,0.0048,-0.011,0.142,0.042,1.71,-5.45,646,2737,473,0,0
3.120,46.3,373.80,-14.54,-36.69,70.2,0.34,0.18,0.00,0.76,0.00,1.00,2,5168,314.5,1.89,-4.45,0.22,3.28,150,164,2974,-0.0063,0.008,-0.002,-0.098,0.97,-6.19,582,-85,477,0,0,2527,-0.0172,0.012,-0.002,-0.098,0.97,-6.19,580,-79,410,0,0,3433,0.0145,-0.014,0.140,0.040,1.40,-5.76,666,3174,500,0,0,3063,0.0036,-0.010,0.147,0.047,1.40,-5.76,666,2862,436,0,0
3.240,48.7,376.01,-14.38,-37.55,71.8,0.38,0.15,0.00,0.84,0.00,1.00,2,5255,331.5,1.93,-4.51,0.16,2.83,157,171,2966,-0.0060,0.003,-0.002,-0.098,0.83,-6.33,596,-85,409,0,0,2604,-0.0151,0.017,-0.002,-0.098,0.84,-6.33,593,-81,362,0,0,3520,0.0155,0.008,0.134,0.034,1.19,-5.97,677,3238,456,0,0,3173,0.0055,0.016,0.139,0.039,1.20,-5.96,678,2951,403,0,0
3.360,51.1,378.25,-14.21,-38.46,73.3,0.34,0.28,0.35,0.28,0.00,1.00,2,4822,94.0,1.43,-4.52,0.34,10.38,165,178,3089,-0.0056,0.004,0.002,-0.098,10.57,3.41,601,20,2661,0,0,1820,-0.0202,-0.042,0.010,-0.090,12.91,5.75,593,70,1653,0,0,3801,0.0195,0.034,0.017,-0.083,1.29,-5.87,620,1377,755,0,0,2755,0.0047,-0.007,0.030,-0.070,1.31,-5.86,620,1434,550,0,0
3.480,53.5,380.47,-14.04,-39.42,72.6,-0.16,0.36,0.00,0.00,0.00,1.00,2,4567,-57.4,0.37,-3.95,0.50,13.83,144,174,3719,0.0058,0.094,-0.001,-0.099,0.58,-6.59,605,-28,265,0,0,2978,-0.0171,0.026,-0.001,-0.099,0.59,-6.58,594,-30,220,0,0,2587,0.0130,-0.054,-0.025,-0.075,2.33,-4.83,590,-871,911,0,0,2045,-0.0098,-0.121,-0.015,-0.085,2.38,-4.79,586,-404,747,0,0
3.600,55.9,382.66,-13.88,-40.40,72.2,-0.08,0.25,0.00,1.00,0.00,1.00,2,4868,165.5,0.89,-3.69,0.19,8.02,135,172,3587,0.0083,0.021,-0.001,-0.099,1.29,-5.88,600,-67,731,0,0,2959,-0.0078,0.077,-0.002,-0.098,1.30,-5.86,594,-66,615,0,0,3046,0.0039,-0.076,0.043,-0.057,2.30,-4.86,627,1513,1061,0,0,2510,-0.0122,-0.020,0.054,-0.046,2.33,-4.84,627,1506,866,0,0
3.720,58.4,384.85,-13.72,-41.42,73.3,0.27,0.26,0.00,0.97,0.00,1.00,2,5291,316.1,1.83,-3.98,0.12,5.31,150,178,3110,0.0042,-0.034,-0.002,-0.098,1.30,-5.86,609,-83,657,0,0,2497,-0.0109,-0.026,-0.002,-0.098,1.31,-5.85,604,-77,536,0,0,3575,0.0110,0.060,0.116,0.016,1.96,-5.20,681,3134,811,0,0,3014,-0.0048,0.062,0.126,0.026,1.97,-5.19,683,2713,664,0,0
3.840,60.8,387.07,-13.56,-42.51,74.9,0.39,0.30,0.30,0.87,0.00,1.00,2,5433,333.1,1.94,-4.25,0.17,9.68,170,186,2915,-0.0025,-0.056,-0.002,-0.098,8.64,1.48,615,-40,2422,0,0,1698,-0.0196,-0.073,0.002,-0.098,10.41,3.24,607,19,1508,0,0,3948,0.0201,0.075,0.120,0.020,1.85,-5.31,699,3484,815,0,0,3012,0.0028,0.063,0.136,0.036,1.88,-5.29,701,2760,592,0,0
3.960,63.3,389.31,-13.40,-43.66,76.2,0.34,0.35,0.00,0.75,0.00,1.00,2,5569,291.6,1.80,-4.07,0.22,15.18,173,193,3072,-0.0017,0.007,-0.002,-0.098,1.15,-6.02,636,-72,521,0,0,2324,-0.0238,-0.035,-0.002,-0.098,1.17,-5.99,624,-76,406,0,0,3280,0.0206,0.004,0.125,0.025,2.96,-4.20,717,2829,1030,0,0,2698,-0.0015,-0.036,0.148,0.048,3.02,-4.14,718,2430,780,0,0
4.080,65.9,391.57,-13.24,-44.87,77.6,0.33,0.30,0.00,0.77,0.00,1.00,2,5667,295.0,1.83,-3.98,0.00,11.42,180,200,3194,-0.0022,-0.004,-0.002,-0.098,1.90,-5.26,646,-80,952,0,0,2372,-0.0204,0.028,-0.002,-0.098,1.93,-5.23,636,-73,726,0,0,3542,0.0169,-0.030,0.128,0.028,3.24,-3.93,730,3022,1197,0,0,2853,-0.0013,0.002,0.145,0.045,3.28,-3.88,731,2528,910,0,0
4.200,68.5,393.84,-13.07,-46.14,79.0,0.35,0.34,0.00,0.76,0.00,1.00,2,5744,282.0,1.83,-4.04,-0.01,9.90,188,207,3294,-0.0001,0.017,-0.002,-0.098,2.13,-5.04,657,-84,1099,0,0,2316,-0.0198,0.005,-0.002,-0.098,2.15,-5.01,649,-72,793,0,0,3722,0.0195,0.021,0.123,0.023,3.24,-3.92,739,3148,1274,0,0,560,-0.0024,-0.010,0.162,0.062,3.71,-3.45,748,513,188,0,0
4.320,71.2,396.13,-12.91,-47.49,80.4,0.36,0.40,0.25,0.57,0.00,1.00,2,5904,279.9,1.88,-3.99,0.07,11.26,195,215,3173,-0.0018,-0.014,0.000,-0.100,8.15,0.98,663,-11,2520,0,0,1821,-0.0247,-0.041,0.003,-0.097,9.56,2.40,654,23,1555,0,0,3869,0.0226,0.026,0.133,0.033,3.14,-4.02,759,3347,1219,0,0,2741,-0.0007,0.015,0.152,0.052,3.19,-3.98,761,2465,819,0,0
4.440,73.9,398.40,-12.75,-48.92,80.3,0.01,0.63,0.59,0.00,0.00,1.00,2,5052,-60.9,0.55,-3.57,0.42,20.31,181,214,4262,0.0088,0.088,0.014,-0.086,21.68,14.52,633,133,3757,0,0,2214,-0.0264,-0.014,0.045,-0.055,26.20,19.04,615,184,1987,0,0,3424,0.0207,-0.015,-0.027,-0.073,3.75,-3.41,654,-1002,1806,0,0,1562,-0.0144,-0.115,-0.014,-0.086,3.84,-3.32,647,-247,875,0,0
4.560,76.5,400.58,-12.59,-50.39,78.5,-0.38,0.72,0.96,0.00,0.00,1.00,2,4919,-59.9,0.23,-3.04,0.55,27.19,151,204,4941,0.0246,0.132,0.010,-0.090,32.16,25.00,563,109,4202,0,0,2825,-0.0178,0.071,0.063,-0.037,38.94,31.78,527,227,2444,0,0,3267,0.0148,-0.049,-0.033,-0.067,5.02,-2.14,637,-1016,2101,0,0,1391,-0.0284,-0.116,-0.013,-0.087,5.19,-1.97,629,-183,960,0,0
4.680,79.1,402.67,-12.44,-51.91,76.9,-0.30,0.69,0.00,0.00,0.00,1.00,2,4793,-59.0,0.20,-2.88,0.32,26.29,136,196,4379,0.0292,0.039,-0.001,-0.099,3.37,-3.79,645,-35,2094,0,0,2762,-0.0123,0.046,0.000,-0.100,3.48,-3.68,625,-16,1391,0,0,3405,0.0118,-0.025,-0.039,-0.061,6.43,-0.73,621,-1039,2504,0,0,1992,-0.0297,-0.011,-0.018,-0.082,6.65,-0.52,614,-289,1559,0,0
4.800,81.6,404.66,-12.30,-53.48,75.7,-0.20,0.77,0.35,0.00,0.00,1.00,2,4714,-58.4,0.20,-2.80,0.27,24.02,133,190,4398,0.0246,-0.039,0.003,-0.097,14.19,7.03,617,42,3894,0,0,2084,-0.0185,-0.052,0.014,-0.086,16.59,9.43,598,93,1916,0,0,3672,0.0161,0.035,-0.037,-0.063,6.74,-0.42,610,-1013,2766,0,0,1718,-0.0280,0.015,-0.019,-0.081,6.95,-0.22,603,-251,1379,0,0
4.920,84.1,406.55,-12.16,-55.10,74.5,-0.20,0.75,0.00,0.00,0.00,1.00,2,4613,-57.7,0.20,-2.66,0.18,22.61,130,183,4264,0.0248,0.002,-0.001,-0.099,4.62,-2.55,622,-31,2634,0,0,2377,-0.0202,-0.014,-0.001,-0.099,4.75,-2.41,605,-14,1543,0,0,3390,0.0142,-0.015,-0.041,-0.059,7.33,0.17,597,-977,2641,0,0,1784,-0.0308,-0.023,-0.023,-0.077,7.55,0.38,591,-297,1472,0,0
5.040,86.6,408.36,-12.03,-56.78,74.0,-0.02,0.74,0.00,1.00,0.00,1.00,2,5171,183.4,1.11,-2.74,0.02,18.93,135,181,4168,0.0230,-0.015,-0.002,-0.098,4.86,-2.31,617,-70,2690,0,0,2232,-0.0203,-0.001,-0.002,-0.098,4.97,-2.19,602,-45,1508,0,0,3784,0.0175,0.027,0.077,-0.023,7.14,-0.03,666,1799,2716,0,0,2122,-0.0264,0.036,0.105,0.005,7.31,0.15,667,1281,1460,0,0
5.160,89.1,410.10,-11.90,-58.55,74.8,0.27,0.67,0.00,0.92,0.00,1.00,2,5291,138.3,1.44,-3.06,-0.20,17.85,153,185,3630,0.0163,-0.056,-0.002,-0.098,4.87,-2.29,623,-71,2367,0,0,1969,-0.0241,-0.031,-0.003,-0.097,4.98,-2.18,609,-54,1337,0,0,4132,0.0254,0.066,0.090,-0.010,7.01,-0.16,679,2438,2717,0,0,2687,-0.0150,0.095,0.118,0.018,7.16,0.00,681,1842,1670,0,0
5.280,91.6,411.79,-11.78,-60.40,75.7,0.28,0.65,0.00,0.63,0.00,1.00,2,5418,194.4,1.55,-3.05,-0.35,14.39,161,190,3485,0.0092,-0.059,-0.002,-0.098,4.75,-2.41,628,-72,2246,0,0,1892,-0.0285,-0.037,-0.003,-0.097,4.83,-2.33,617,-54,1265,0,0,3995,0.0287,0.027,0.107,0.007,6.46,-0.70,696,2613,2432,0,0,2596,-0.0101,0.040,0.130,0.030,6.58,-0.58,698,1891,1503,0,0
5.400,94.1,413.43,-11.65,-62.34,76.6,0.29,0.60,0.00,0.63,0.00,1.00,2,5569,112.3,1.54,-2.91,-0.50,14.98,167,194,3536,0.0081,-0.010,-0.002,-0.098,4.44,-2.72,637,-83,2176,0,0,2063,-0.0277,0.006,-0.003,-0.097,4.52,-2.64,625,-57,1316,0,0,3738,0.0243,-0.036,0.122,0.022,6.20,-0.97,714,2734,2047,0,0,2489,-0.0115,-0.011,0.147,0.047,6.31,-0.85,716,1960,1283,0,0
5.520,96.7,415.01,-11.53,-64.36,77.6,0.29,0.62,0.00,0.77,0.00,1.00,2,5608,205.0,1.61,-2.88,-0.58,14.55,172,199,3725,0.0096,0.012,-0.002,-0.098,4.16,-3.00,645,-84,2186,0,0,2147,-0.0258,0.016,-0.003,-0.097,4.24,-2.92,633,-60,1308,0,0,3884,0.0249,0.005,0.116,0.016,5.85,-1.31,720,2770,2148,0,0,2534,-0.0110,0.004,0.139,0.039,5.95,-1.21,723,1970,1326,0,0
5.640,99.3,416.55,-11.41,-66.46,78.7,0.32,0.60,0.00,0.77,0.00,1.00,2,5710,249.9,1.69,-2.91,-0.67,13.68,179,205,3226,0.0086,-0.008,-0.002,-0.098,3.99,-3.17,654,-73,1848,0,0,2080,-0.0257,0.001,-0.003,-0.097,4.05,-3.11,643,-61,1227,0,0,3984,0.0268,0.016,0.121,0.021,5.55,-1.61,734,2907,2114,0,0,2668,-0.0081,0.024,0.143,0.043,5.64,-1.52,736,2105,1343,0,0
5.760,102.0,418.05,-11.29,-68.63,79.8,0.31,0.38,-0.29,0.81,0.00,1.00,2,5770,253.0,1.68,-2.75,-1.08,0.42,184,211,2789,0.0020,-0.055,0.000,-0.100,-7.25,0.09,656,1,-2155,0,0,2663,-0.0235,0.019,-0.003,-0.097,-5.06,-2.10,656,-86,-1658,0,0,2917,0.0217,-0.042,0.127,0.027,4.90,-2.26,744,2275,1431,0,0,2470,-0.0039,0.034,0.132,0.032,4.94,-2.22,745,1957,1207,0,0
5.880,104.6,419.53,-11.18,-70.87,81.1,0.32,0.31,0.00,0.95,0.00,1.00,2,5873,294.0,1.81,-2.73,-1.34,-5.79,194,218,3326,-0.0014,-0.029,-0.002,-0.098,3.05,-4.11,668,-100,1607,0,0,2440,-0.0175,0.049,-0.003,-0.097,3.03,-4.13,672,-77,1188,0,0,3644,0.0155,-0.052,0.129,0.029,2.38,-4.78,756,3215,961,0,0,2752,-0.0009,0.026,0.124,0.024,2.37,-4.80,758,2443,749,0,0
6.000,107.4,421.00,-11.06,-73.18,82.8,0.40,0.31,0.00,0.92,0.00,1.00,2,6009,307.6,1.94,-2.87,-1.26,-1.61,207,227,3089,-0.0004,0.008,-0.002,-0.098,1.55,-5.61,684,-93,803,0,0,2428,-0.0184,-0.007,-0.002,-0.098,1.54,-5.62,685,-78,636,0,0,3625,0.0190,0.029,0.128,0.028,1.37,-5.79,773,3308,553,0,0,3172,0.0009,0.015,0.128,0.028,1.37,-5.80,774,2914,488,0,0
6.120,110.2,422.46,-10.94,-75.55,84.4,0.40,0.32,0.30,0.97,0.00,1.00,2,6022,308.6,1.90,-2.91,-1.27,7.93,218,237,3106,-0.0037,-0.027,-0.001,-0.099,10.66,3.50,690,-17,2715,0,0,1949,-0.0207,-0.019,0.006,-0.094,12.98,5.81,683,47,1779,0,0,3809,0.0210,0.016,0.103,0.003,1.09,-6.08,775,3324,499,0,0,2840,0.0036,0.022,0.115,0.015,1.10,-6.07,777,2582,361,0,0
6.240,113.0,423.90,-10.83,-78.00,85.8,0.34,0.34,0.00,0.88,0.00,1.00,2,6180,246.4,1.76,-2.68,-1.24,15.92,220,244,3023,-0.0015,0.018,-0.002,-0.098,0.81,-6.35,716,-74,348,0,0,2461,-0.0218,-0.009,-0.002,-0.098,0.82,-6.34,703,-82,290,0,0,3282,0.0189,-0.018,0.109,0.009,2.50,-4.66,795,2821,921,0,0,2860,-0.0014,-0.042,0.130,0.030,2.54,-4.62,796,2573,744,0,0
6.360,115.9,425.33,-10.71,-80.50,87.3,0.37,0.29,0.00,0.86,0.00,1.00,2,6320,273.5,1.85,-2.63,-1.45,12.27,228,253,3205,-0.0020,-0.004,-0.002,-0.098,1.73,-5.43,727,-82,868,0,0,2504,-0.0173,0.038,-0.002,-0.098,1.75,-5.41,717,-78,694,0,0,3550,0.0164,-0.021,0.117,0.017,3.00,-4.16,813,3010,1159,0,0,2929,0.0004,0.015,0.133,0.033,3.04,-4.12,814,2584,906,0,0
6.480,118.8,426.75,-10.59,-83.08,88.9,0.40,0.34,0.00,0.86,0.00,1.00,2,6392,164.0,1.52,-2.66,-1.40,10.82,238,262,4267,-0.0011,0.007,-0.002,-0.098,2.14,-5.03,739,-36,1404,0,0,2290,-0.0191,-0.015,-0.002,-0.098,2.16,-5.00,731,-74,784,0,0,3755,0.0199,0.029,0.110,0.010,3.23,-3.93,820,3153,1295,0,0,2960,0.0018,0.012,0.125,0.025,3.27,-3.90,821,2588,976,0,0
6.600,121.8,428.13,-10.48,-85.73,90.3,0.33,0.39,0.00,0.81,0.00,1.00,2,6590,301.9,1.94,-2.50,-1.32,8.02,241,270,3221,-0.0012,-0.001,-0.002,-0.098,2.24,-4.92,749,-84,1133,0,0,2216,-0.0222,-0.026,-0.002,-0.098,2.26,-4.90,742,-69,798,0,0,3401,0.0195,-0.003,0.130,0.030,3.05,-4.12,849,2941,1085,0,0,2540,-0.0015,-0.028,0.142,0.042,3.07,-4.09,851,2266,784,0,0
6.720,124.9,429.49,-10.37,-88.44,91.3,0.28,0.49,0.34,0.16,0.00,1.00,2,5981,35.7,1.22,-2.39,-1.13,12.97,245,277,3857,0.0032,0.037,0.003,-0.097,11.40,4.24,748,46,3362,0,0,2139,-0.0222,0.000,0.011,-0.089,13.56,6.40,738,93,1950,0,0,3813,0.0200,0.004,0.012,-0.088,3.04,-4.12,769,785,1725,0,0,2245,-0.0062,-0.039,0.025,-0.075,3.08,-4.08,769,818,1034,0,0
6.840,127.9,430.75,-10.25,-91.18,90.2,-0.22,0.74,0.00,0.00,0.00,1.00,2,5670,-65.2,0.34,-2.00,-0.64,22.50,215,269,4695,0.0199,0.139,-0.028,-0.072,1.59,-5.57,737,-1033,3657,0,0,2446,-0.0212,0.009,-0.047,-0.053,1.63,-5.54,705,-634,2063,0,0,3593,0.0209,0.008,-0.028,-0.072,3.82,-3.34,734,-1092,1908,0,0,1571,-0.0202,-0.117,-0.015,-0.085,3.91,-3.25,726,-272,888,0,0
6.960,130.9,431.93,-10.15,-93.93,89.2,-0.19,0.53,0.00,0.00,0.00,1.00,2,5576,-64.6,0.21,-1.63,-0.97,16.80,194,263,4004,0.0194,-0.005,-0.001,-0.099,2.92,-4.24,744,-29,1737,0,0,2773,-0.0146,0.055,-0.001,-0.099,2.98,-4.18,731,-24,1245,0,0,3090,0.0124,-0.071,-0.032,-0.068,4.63,-2.53,720,-981,1912,0,0,2077,-0.0220,-0.015,-0.021,-0.079,4.72,-2.44,716,-443,1341,0,0
7.080,133.8,433.03,-10.05,-96.67,88.3,-0.18,0.57,0.00,1.00,0.00,1.00,2,5604,25.3,0.25,-1.49,-1.08,13.13,188,258,4225,0.0194,0.000,-0.001,-0.099,3.28,-3.88,735,-39,2037,0,0,2729,-0.0124,0.018,-0.001,-0.099,3.33,-3.83,725,-24,1363,0,0,3234,0.0085,-0.032,-0.016,-0.084,4.62,-2.54,725,-668,2033,0,0,1947,-0.0239,-0.016,-0.008,-0.092,4.69,-2.47,721,-253,1269,0,0
7.200,136.8,434.04,-9.95,-99.44,88.6,0.11,0.58,0.00,1.00,0.00,1.00,2,6153,235.4,1.48,-1.70,-1.07,9.91,204,260,3689,0.0167,-0.022,-0.002,-0.098,3.20,-3.97,736,-74,1763,0,0,2232,-0.0164,-0.033,-0.002,-0.098,3.23,-3.93,728,-59,1101,0,0,3774,0.0151,0.055,0.065,-0.035,4.20,-2.97,799,2135,2022,0,0,2534,-0.0180,0.049,0.076,-0.024,4.24,-2.92,801,1649,1337,0,0
7.320,139.8,434.99,-9.86,-102.26,89.9,0.34,0.44,-0.21,0.64,0.00,1.00,2,6461,211.6,1.77,-1.96,-1.33,5.33,230,268,2803,0.0065,-0.085,0.000,-0.100,-3.74,-3.42,746,-20,-1122,0,0,2311,-0.0209,-0.037,-0.002,-0.098,-2.45,-4.71,741,-73,-564,0,0,3656,0.0209,0.048,0.114,0.014,3.80,-3.36,830,2972,1470,0,0,3071,-0.0070,0.092,0.122,0.022,3.83,-3.34,831,2572,1205,0,0
7.440,142.8,435.93,-9.77,-105.13,91.1,0.29,0.01,0.00,1.00,0.00,1.00,2,6516,297.0,1.89,-2.05,-2.20,-19.61,245,275,2773,-0.0081,-0.122,-0.003,-0.097,3.01,-4.15,745,-70,1226,0,0,3106,-0.0088,0.101,-0.002,-0.098,2.95,-4.21,761,-66,1369,0,0,3064,0.0088,-0.101,0.123,0.023,1.03,-6.13,840,2808,427,0,0,3338,0.0074,0.120,0.100,0.000,1.01,-6.15,839,2899,507,0,0
7.560,145.9,436.85,-9.67,-108.05,92.7,0.36,0.16,0.00,0.00,0.00,1.00,2,6183,-70.5,1.05,-2.23,-2.06,-11.69,258,285,2887,-0.0068,0.011,-0.001,-0.099,0.34,-6.83,763,-71,209,0,0,2756,-0.0115,-0.023,-0.001,-0.099,0.33,-6.83,772,-51,197,0,0,3387,0.0124,0.030,0.054,-0.046,-0.83,-6.34,776,1923,-403,0,0,3273,0.0077,0.003,0.043,-0.057,-0.82,-6.35,778,1467,-394,0,0
7.680,148.9,437.78,-9.58,-110.99,92.4,-0.06,-0.06,0.00,0.00,0.00,1.00,2,5918,-66.7,0.28,-2.00,-2.33,-6.34,239,283,2878,-0.0067,0.000,-0.001,-0.099,-0.70,-6.46,762,-35,-314,0,0,3381,-0.0032,0.070,-0.001,-0.099,-0.70,-6.46,767,-31,-364,0,0,2482,0.0023,-0.085,0.017,-0.083,-1.31,-5.85,753,166,-526,0,0,2988,0.0058,-0.016,0.011,-0.089,-1.31,-5.86,754,-58,-625,0,0
7.800,152.0,438.73,-9.48,-113.91,92.1,-0.08,-0.13,0.07,0.00,0.00,1.00,2,5896,-66.5,0.21,-1.74,-2.53,-3.04,222,280,3016,-0.0064,0.003,-0.001,-0.099,1.24,-5.93,761,-42,250,0,0,3665,0.0040,0.060,0.000,-0.100,1.76,-5.40,763,-29,509,0,0,2366,-0.0075,-0.082,0.015,-0.085,-1.40,-5.76,751,103,-540,0,0,2778,0.0023,-0.029,0.012,-0.088,-1.40,-5.77,751,-6,-628,0,0
7.920,155.1,439.66,-9.39,-116.83,91.6,-0.12,0.28,0.00,0.00,0.00,1.00,2,5876,-66.4,0.20,-1.67,-1.85,19.49,219,277,4101,0.0062,0.105,-0.003,-0.097,-1.98,-5.18,765,-402,1284,0,0,2616,-0.0021,-0.052,-0.008,-0.092,-2.02,-5.14,746,-359,1178,0,0,3409,0.0007,0.068,0.006,-0.094,-0.10,-7.06,750,-291,-133,0,0,2160,-0.0076,-0.083,0.025,-0.075,-0.10,-7.06,747,387,-89,0,0
8.040,158.1,440.57,-9.30,-119.73,91.2,-0.08,0.05,0.00,0.00,0.00,1.00,2,5845,-66.2,0.20,-1.63,-1.99,10.98,215,275,3119,0.0046,-0.013,-0.001,-0.099,0.21,-6.95,760,-31,70,0,0,3028,-0.0013,0.007,-0.001,-0.099,0.22,-6.95,751,-46,68,0,0,2875,0.0008,0.001,0.008,-0.092,1.31,-5.85,745,-164,597,0,0,2766,-0.0051,0.021,0.019,-0.081,1.33,-5.84,744,272,582,0,0
8.160,161.1,441.46,-9.20,-122.63,90.9,-0.08,0.19,0.00,0.00,0.00,1.00,2,5823,-66.0,0.20,-1.54,-1.95,6.01,213,273,3427,0.0035,-0.009,-0.001,-0.099,0.84,-6.32,755,-39,458,0,0,2926,-0.0043,-0.025,-0.001,-0.099,0.85,-6.32,750,-40,396,0,0,2850,0.0005,-0.003,0.011,-0.089,1.44,-5.72,742,-55,667,0,0,2402,-0.0073,-0.019,0.017,-0.083,1.45,-5.71,741,158,569,0,0
8.280,164.2,442.31,-9.12,-125.53,90.5,-0.08,0.22,0.00,0.00,0.00,1.00,2,5798,-65.8,0.20,-1.56,-1.82,3.37,214,271,3582,0.0057,0.019,-0.001,-0.099,0.91,-6.25,751,-42,531,0,0,2970,-0.0050,-0.005,-0.001,-0.099,0.92,-6.25,748,-38,446,0,0,3000,0.0018,0.011,0.012,-0.088,1.25,-5.91,739,-33,616,0,0,2606,-0.0093,-0.017,0.015,-0.085,1.25,-5.91,738,98,544,0,0
8.400,167.2,443.13,-9.03,-128.42,90.2,-0.08,0.20,0.00,0.00,0.00,1.00,2,5779,-65.7,0.20,-1.59,-1.83,1.70,213,269,3453,0.0058,0.000,-0.001,-0.099,0.76,-6.40,748,-42,433,0,0,3051,-0.0049,0.000,-0.001,-0.099,0.76,-6.40,746,-39,386,0,0,2992,0.0031,0.010,0.013,-0.087,0.93,-6.23,736,24,466,0,0,2655,-0.0076,0.014,0.015,-0.085,0.94,-6.23,736,87,416,0,0
8.520,170.2,443.92,-8.94,-131.31,89.7,-0.10,0.34,0.33,0.00,0.00,1.00,2,5755,-65.5,0.20,-1.50,-1.63,11.09,209,266,3928,0.0073,0.013,0.001,-0.099,11.04,3.88,735,25,3413,0,0,2452,-0.0085,-0.030,0.010,-0.090,13.53,6.37,726,99,2228,0,0,4875,0.0052,0.017,0.009,-0.091,0.91,-6.26,733,-62,667,0,0,2060,-0.0106,-0.025,0.020,-0.080,0.92,-6.24,732,227,300,0,0
8.640,173.2,444.65,-8.86,-134.20,89.3,-0.10,0.33,0.00,0.00,0.00,1.00,2,5723,-65.3,0.20,-1.40,-1.54,12.46,205,264,3628,0.0111,0.031,-0.001,-0.099,0.81,-6.35,744,-38,430,0,0,3094,-0.0079,0.005,-0.001,-0.099,0.82,-6.34,734,-47,374,0,0,2976,0.0059,0.006,0.008,-0.092,2.08,-5.08,730,-181,969,0,0,2506,-0.0141,-0.029,0.021,-0.079,2.11,-5.05,728,274,831,0,0
8.760,176.1,445.33,-8.78,-137.04,85.9,-0.78,0.22,0.00,0.00,1.00,1.00,2,4428,-56.1,0.20,-0.99,-1.85,7.95,167,245,4376,0.0164,0.044,-0.193,0.093,1.57,-5.59,582,-4043,534,858,1,4090,0.0048,0.106,-0.190,0.090,1.58,-5.58,578,-3795,504,858,1,1950,-0.0062,-0.101,-0.193,0.093,2.43,-4.73,557,-1845,363,462,1,1777,-0.0179,-0.031,-0.182,0.082,2.46,-4.71,557,-1685,340,462,1
8.880,178.9,445.96,-8.70,-139.76,82.8,-0.73,0.26,0.00,0.00,0.00,1.00,2,4876,-59.5,0.20,-0.58,-1.88,9.71,136,227,4287,0.0230,0.055,0.000,-0.100,1.81,-5.35,689,16,1218,0,0,3498,0.0119,0.059,0.001,-0.099,1.83,-5.33,682,21,1017,0,0,2454,-0.0149,-0.073,-0.086,-0.014,2.86,-4.30,632,-2008,853,0,0,1828,-0.0261,-0.069,-0.083,-0.017,2.90,-4.27,628,-1485,658,0,0
9.000,181.6,446.53,-8.63,-142.44,81.7,-0.23,0.50,0.26,0.00,0.00,1.00,2,5159,-61.6,0.20,-0.82,-1.41,13.44,149,221,4282,0.0217,-0.010,0.000,-0.100,8.34,1.18,675,-11,3460,0,0,2459,-0.0015,-0.112,0.004,-0.096,9.92,2.75,665,52,2142,0,0,3407,-0.0016,0.111,-0.023,-0.077,2.78,-4.39,667,-998,1423,0,0,1874,-0.0255,0.005,-0.016,-0.084,2.82,-4.34,662,-401,818,0,0
9.120,184.3,447.00,-8.56,-145.10,80.5,-0.26,0.73,0.61,0.00,0.00,1.00,2,5079,-61.0,0.20,-1.00,-0.84,23.82,155,214,4612,0.0269,0.043,0.014,-0.086,21.86,14.70,635,141,4043,0,0,2256,-0.0133,-0.098,0.048,-0.052,26.52,19.35,616,194,2022,0,0,3610,0.0125,0.118,-0.027,-0.073,3.66,-3.50,658,-1072,1852,0,0,1816,-0.0277,-0.018,-0.011,-0.089,3.76,-3.40,650,-239,993,0,0
9.240,187.0,447.38,-8.50,-147.72,79.2,-0.25,0.66,0.00,0.00,0.00,1.00,2,4966,-60.2,0.20,-0.93,-0.90,23.64,149,207,4056,0.0262,-0.005,-0.001,-0.099,2.28,-4.88,664,-17,1354,0,0,2738,-0.0145,-0.010,-0.001,-0.099,2.34,-4.82,645,-50,959,0,0,3264,0.0142,0.014,-0.033,-0.067,4.96,-2.20,643,-1013,2093,0,0,2095,-0.0265,0.010,-0.015,-0.085,5.11,-2.06,636,-307,1422,0,0
9.360,189.6,447.67,-8.44,-150.32,77.0,-0.48,0.49,0.00,0.00,1.00,1.00,2,4023,-53.4,0.20,-0.68,-1.34,14.75,136,196,4269,0.0214,-0.041,-0.191,0.091,3.55,-3.61,523,-3797,1131,858,1,3432,-0.0085,0.050,-0.185,0.085,3.62,-3.54,515,-3089,935,858,1,2414,0.0062,-0.067,-0.192,0.092,5.30,-1.86,516,-2091,933,462,1,1849,-0.0239,0.022,-0.178,0.078,5.40,-1.76,502,-1595,767,1540,0
9.480,192.1,447.91,-8.38,-152.79,73.2,-0.86,0.40,0.00,0.00,0.00,1.00,2,3897,-52.5,0.20,-0.14,-1.67,16.87,105,178,4813,0.0274,0.050,0.046,-0.054,4.10,-3.06,634,1003,2728,0,0,3869,0.0071,0.130,0.042,-0.058,4.19,-2.97,623,-269,2281,0,0,2246,-0.0100,-0.135,-0.173,0.073,6.15,-1.01,507,-1870,1020,0,0,1414,-0.0310,-0.060,-0.164,0.064,6.29,-0.87,501,-1173,682,0,0
9.600,194.5,448.06,-8.34,-155.19,71.1,-0.43,0.60,0.00,0.00,1.00,1.00,2,3731,-51.8,0.20,-0.25,-1.34,15.35,104,168,4638,0.0300,0.022,-0.190,0.090,4.44,-2.72,485,-3999,1480,858,1,3070,-0.0012,-0.070,-0.229,0.129,4.53,-2.63,448,-2729,888,858,1,3057,0.0000,0.084,-0.224,0.124,6.38,-0.78,483,-2489,1405,462,1,1761,-0.0313,-0.002,-0.215,0.115,6.51,-0.65,481,-1434,875,462,1
9.720,196.8,448.16,-8.29,-157.49,67.3,-0.86,0.47,0.00,0.00,0.00,0.69,2,3491,-49.6,0.20,-0.03,-1.51,14.84,87,150,4701,0.0309,0.007,0.057,-0.043,4.86,-2.30,590,434,3026,0,0,3560,0.0044,0.047,0.040,-0.060,4.96,-2.20,572,-597,2351,0,0,2464,-0.0064,-0.054,-0.189,0.089,6.82,-0.34,446,-2003,1169,0,0,1510,-0.0328,-0.013,-0.178,0.078,6.96,-0.20,441,-1221,769,0,0
9.840,199.0,448.17,-8.25,-159.70,66.0,-0.22,0.69,0.00,0.00,0.00,0.21,2,4113,-54.2,0.20,-0.19,-1.20,15.81,93,144,4384,0.0286,-0.019,-0.001,-0.099,4.32,-2.85,551,-40,2616,0,0,2268,-0.0070,-0.095,-0.001,-0.099,4.41,-2.75,538,-19,1422,0,0,3511,0.0044,0.090,-0.034,-0.066,6.44,-0.72,532,-948,2621,0,0,1841,-0.0314,0.012,-0.022,-0.078,6.59,-0.58,527,-336,1446,0,0
9.960,201.2,448.09,-8.22,-161.88,64.9,-0.18,0.68,0.00,0.00,0.00,0.33,1,4223,-54.9,0.20,-0.40,-1.06,11.21,100,139,4348,0.0249,-0.031,0.000,-0.100,3.79,-3.37,541,-14,2373,0,0,2644,-0.0145,-0.062,0.000,-0.100,3.85,-3.31,533,9,1500,0,0,3478,0.0135,0.076,-0.193,0.093,5.33,-1.83,432,-2859,1525,0,0,2003,-0.0265,0.041,-0.196,0.096,5.42,-1.74,424,-1681,906,0,0
10.080,203.3,447.93,-8.18,-164.01,63.0,-0.40,0.58,0.00,0.00,0.00,0.93,1,4720,-58.8,0.20,-0.28,-1.30,24.42,92,131,4449,0.0242,-0.006,0.002,-0.098,11.79,4.63,520,37,3855,0,0,2931,-0.0088,0.047,0.010,-0.090,13.88,6.72,501,118,2641,0,0,3093,0.0084,-0.043,-0.370,0.270,6.31,-0.85,376,-2619,867,0,0,1909,-0.0252,0.011,-0.352,0.252,6.54,-0.62,375,-1645,591,0,0
10.200,205.4,447.72,-8.15,-166.06,61.2,-0.37,0.56,0.00,0.00,0.00,1.00,1,5121,-61.2,0.20,-0.07,-1.41,31.84,84,124,4269,0.0246,0.004,0.000,-0.100,3.89,-3.27,516,-21,2302,0,0,3004,-0.0068,0.017,0.000,-0.100,4.09,-3.07,491,9,1712,0,0,3003,0.0059,-0.020,-0.262,0.162,8.48,1.31,383,-2415,1264,0,0,1941,-0.0254,-0.002,-0.239,0.139,8.90,1.74,375,-1550,921,0,0
10.320,207.4,447.43,-8.13,-168.05,59.6,-0.27,0.69,0.00,1.00,0.00,1.00,1,6218,131.9,0.68,0.08,-1.24,31.56,79,117,4459,0.0254,0.007,-0.001,-0.099,5.05,-2.12,502,-29,2899,0,0,2321,-0.0105,-0.031,-0.001,-0.099,5.31,-1.86,477,-41,1608,0,0,3458,0.0087,0.023,-0.131,0.031,9.70,2.54,477,-1647,2649,0,0,1714,-0.0276,-0.018,-0.094,-0.006,10.19,3.03,476,-513,1478,0,0
10.440,209.3,447.04,-8.11,-169.98,58.9,-0.03,0.82,0.00,0.00,0.00,1.00,1,6729,-73.1,0.94,0.05,-0.89,24.97,82,115,4381,0.0259,0.004,-0.001,-0.099,5.62,-1.54,493,-43,3065,0,0,1976,-0.0198,-0.077,-0.001,-0.099,5.85,-1.31,474,-24,1468,0,0,3821,0.0182,0.080,-0.053,-0.047,9.36,2.20,505,-393,3266,0,0,1909,-0.0275,0.000,-0.018,-0.082,9.74,2.58,505,226,1692,0,0
10.560,211.3,446.54,-8.10,-171.87,58.3,-0.02,0.83,-0.20,0.00,0.00,1.00,1,6290,-69.9,0.27,0.02,-0.79,18.14,83,112,4346,0.0257,-0.002,-0.001,-0.099,1.31,-5.85,489,-90,2057,0,0,2183,-0.0228,-0.025,-0.003,-0.097,2.20,-4.96,474,-78,1224,0,0,3813,0.0227,0.037,-0.050,-0.050,8.14,0.97,500,-367,3160,0,0,1975,-0.0260,0.012,-0.025,-0.075,8.38,1.22,500,176,1700,0,0
10.680,213.2,445.97,-8.08,-173.72,57.8,-0.09,0.20,-0.52,0.00,0.00,1.00,1,6229,-69.5,0.21,-0.05,-1.88,-19.41,87,111,2939,0.0121,-0.113,0.000,-0.100,-9.25,2.09,467,12,-2537,0,0,3685,-0.0079,0.124,-0.004,-0.096,-6.40,-0.76,484,-113,-2757,0,0,2529,0.0097,-0.109,-0.028,-0.072,4.68,-2.48,495,212,1743,0,0,3155,-0.0103,0.131,-0.053,-0.047,4.54,-2.62,496,-483,2113,0,0
10.800,215.1,445.41,-8.07,-175.54,56.9,-0.22,-0.27,-0.91,0.00,0.00,1.00,1,6219,-69.4,0.20,-0.18,-3.15,-48.15,83,107,2524,-0.0022,-0.119,0.020,-0.080,-26.98,19.82,414,117,-2255,0,0,4410,0.0119,0.165,-0.001,-0.099,-21.39,14.23,458,16,-3879,0,0,1855,-0.0086,-0.152,0.000,-0.100,-1.51,-5.66,493,1038,-279,0,0,3488,0.0055,0.131,-0.060,-0.040,-1.39,-5.77,497,-1325,-499,0,0
10.920,217.0,444.91,-8.06,-177.35,55.8,-0.24,-0.57,0.00,0.00,0.00,1.00,1,6123,-68.8,0.20,-0.36,-3.89,-51.50,76,103,2441,-0.0113,-0.076,0.028,-0.072,2.73,-4.43,458,-1084,-526,0,0,4565,0.0245,0.105,0.015,-0.085,2.50,-4.66,485,1163,-61,0,0,1727,-0.0224,-0.115,0.010,-0.090,-6.04,-1.12,486,787,-1179,0,0,3543,0.0134,0.066,-0.062,-0.038,-5.54,-1.62,488,-896,-2350,0,0
11.040,218.9,444.46,-8.04,-179.15,55.5,-0.03,-0.33,0.00,0.00,0.00,1.00,1,6004,-67.9,0.20,-0.65,-3.57,-26.40,76,102,2646,-0.0103,0.008,-0.001,-0.099,-2.38,-4.78,448,-48,-892,0,0,3974,0.0177,-0.056,-0.001,-0.099,-2.28,-4.89,469,-67,-1259,0,0,2355,-0.0166,0.048,-0.022,-0.078,-6.82,-0.34,479,376,-1864,0,0,3347,0.0110,-0.020,-0.058,-0.042,-6.52,-0.64,479,-589,-2550,0,0
11.160,220.7,444.10,-8.02,-180.96,55.2,-0.04,-0.54,0.00,1.00,0.00,1.00,1,6205,129.5,0.59,-0.88,-3.71,-14.25,77,101,2362,-0.0151,-0.039,-0.001,-0.099,-3.18,-3.99,450,-38,-1138,0,0,4140,0.0188,0.010,-0.001,-0.099,-3.10,-4.06,461,-42,-1897,0,0,2152,-0.0176,-0.009,-0.032,-0.068,-5.57,-1.60,475,186,-1575,0,0,3579,0.0148,0.032,-0.051,-0.049,-5.43,-1.73,476,-434,-2518,0,0
11.280,222.6,443.81,-7.99,-182.78,55.5,0.12,-0.41,0.20,0.80,0.00,1.00,1,6989,226.7,1.68,-1.09,-3.56,-2.98,82,102,2637,-0.0165,-0.012,-0.002,-0.098,3.51,-3.65,458,-75,697,0,0,3236,0.0148,-0.033,0.000,-0.100,5.07,-2.09,460,-10,1373,0,0,2816,-0.0141,0.030,0.095,-0.005,-4.01,-3.16,532,2134,-1320,0,0,3462,0.0173,0.020,0.088,-0.012,-3.98,-3.18,530,2471,-1662,0,0
11.400,224.4,443.53,-7.96,-184.64,56.9,0.31,0.11,0.00,0.00,0.00,0.58,1,6599,-71.8,0.64,-1.26,-2.49,22.74,94,107,3178,-0.0051,0.095,-0.003,-0.097,-4.11,-3.06,478,-21,-1472,0,0,2511,-0.0051,-0.166,0.001,-0.099,-4.26,-2.90,462,57,-1082,0,0,3583,0.0082,0.185,0.016,-0.084,-0.55,-6.62,483,1067,-555,0,0,3112,0.0082,-0.075,0.051,-0.049,-0.57,-6.59,479,2116,-467,0,0
11.520,226.3,443.27,-7.93,-186.51,56.4,-0.11,-0.12,0.00,0.00,0.00,0.10,1,6106,-68.3,0.24,-1.02,-2.68,9.06,87,105,3286,-0.0048,0.003,0.000,-0.100,-0.76,-6.40,470,17,-505,0,0,3608,0.0013,0.053,-0.001,-0.099,-0.78,-6.39,463,-38,-564,0,0,2537,0.0010,-0.059,-0.037,-0.063,0.72,-6.44,453,-1383,278,0,0,2824,0.0070,-0.010,-0.027,-0.073,0.73,-6.43,452,-1153,320,0,0
11.640,228.2,442.99,-7.90,-188.37,57.2,0.19,0.14,0.25,0.00,0.00,1.00,2,4162,-54.9,0.20,-0.99,-2.37,10.24,90,108,3373,-0.0002,0.038,0.000,-0.100,7.93,0.77,474,-13,2375,0,0,2574,-0.0018,-0.026,0.004,-0.096,9.85,2.68,465,62,2040,0,0,3467,0.0033,0.019,0.106,0.006,0.81,-6.35,539,3244,273,0,0,2799,0.0014,-0.047,0.126,0.026,0.82,-6.34,541,2669,205,0,0
11.760,230.1,442.66,-7.87,-190.25,56.7,-0.09,0.57,0.64,0.00,0.00,1.00,2,3608,-50.6,0.20,-0.91,-1.43,26.18,88,107,4496,0.0135,0.114,-0.004,-0.096,16.93,9.76,457,-33,3980,0,0,2414,-0.0129,-0.092,0.009,-0.091,21.05,13.88,433,76,2191,0,0,3714,0.0169,0.114,-0.022,-0.078,2.07,-5.09,470,-1075,1104,0,0,1771,-0.0111,-0.105,-0.001,-0.099,2.16,-5.00,459,-36,569,0,0
11.880,232.0,442.27,-7.85,-192.07,55.6,-0.25,0.60,0.00,0.00,0.00,1.00,2,3512,-49.9,0.20,-0.55,-1.13,30.55,77,102,4182,0.0240,0.088,0.003,-0.097,-0.88,-6.28,474,-71,-558,0,0,2894,-0.0132,-0.002,-0.011,-0.089,-0.93,-6.24,443,-132,-320,0,0,3175,0.0155,-0.012,-0.031,-0.069,4.04,-3.12,457,-1056,1723,0,0,2146,-0.0217,-0.088,-0.003,-0.097,4.25,-2.91,447,-57,1261,0,0
12.000,233.8,441.82,-7.82,-193.86,54.9,-0.13,0.33,0.07,0.00,0.00,1.00,2,3471,-49.6,0.20,-0.44,-1.68,13.85,75,100,3723,0.0158,-0.068,0.000,-0.100,1.30,-5.86,460,-27,729,0,0,3063,-0.0059,0.060,-0.001,-0.099,1.33,-5.83,449,-44,620,0,0,3025,0.0072,-0.069,-0.024,-0.076,3.58,-3.58,449,-850,1610,0,0,2447,-0.0146,0.059,-0.012,-0.088,3.67,-3.49,444,-319,1360,0,0
12.120,235.6,441.31,-7.80,-195.60,54.1,-0.17,0.62,0.39,0.00,0.00,0.71,2,3434,-49.4,0.20,-0.39,-1.35,18.87,73,97,4576,0.0204,0.038,-0.004,-0.096,10.62,3.45,446,-73,3957,0,0,2500,-0.0101,-0.035,-0.001,-0.099,13.03,5.87,429,7,2277,0,0,3566,0.0113,0.034,-0.022,-0.078,2.81,-4.36,446,-963,1508,0,0,1774,-0.0195,-0.041,-0.006,-0.094,2.90,-4.26,438,-157,801,0,0
12.240,237.4,440.73,-7.78,-197.29,53.5,-0.13,0.46,0.00,1.00,0.00,0.23,2,3545,100.3,0.31,-0.41,-1.45,14.89,73,95,3608,0.0199,-0.005,-0.001,-0.099,0.64,-6.53,449,-43,265,0,0,3049,-0.0095,0.005,-0.002,-0.098,0.65,-6.51,437,-73,232,0,0,3038,0.0107,-0.005,0.018,-0.082,3.15,-4.01,458,367,1461,0,0,2517,-0.0187,0.007,0.041,-0.059,3.24,-3.92,456,938,1218,0,0
12.360,239.2,440.10,-7.76,-198.96,53.0,-0.09,0.31,0.00,1.00,0.00,0.31,1,5095,259.5,1.51,-0.52,-1.86,5.42,72,93,3697,0.0116,-0.069,0.000,-0.100,0.93,-6.23,442,-65,573,0,0,3251,-0.0052,0.036,0.000,-0.100,0.94,-6.22,437,-3,504,0,0,2974,0.0092,-0.013,-0.131,0.031,1.87,-5.29,381,-2589,700,0,0,2586,-0.0093,0.078,-0.128,0.028,1.89,-5.27,379,-2242,629,0,0
12.480,241.0,439.44,-7.74,-200.59,53.2,0.05,0.44,0.38,0.91,0.00,0.91,1,6896,303.6,2.00,-0.57,-1.69,16.18,74,94,3811,0.0126,0.008,-0.002,-0.098,9.66,2.49,441,-53,3198,0,0,2189,-0.0085,-0.028,0.002,-0.098,12.00,4.84,427,3,1967,0,0,3662,0.0108,0.013,0.107,0.007,1.63,-5.53,519,3098,715,0,0,2507,-0.0114,-0.017,0.140,0.040,1.67,-5.49,521,2319,437,0,0
12.600,242.8,438.70,-7.72,-202.24,54.9,0.41,0.37,0.00,0.33,0.00,1.00,1,6864,24.1,0.87,-0.82,-1.67,22.03,87,100,2860,0.0062,-0.054,-0.002,-0.098,-0.16,-7.01,463,-63,-193,0,0,2477,-0.0171,-0.071,-0.002,-0.098,-0.16,-7.00,446,-89,-168,0,0,3692,0.0200,0.076,-0.005,-0.095,3.43,-3.73,490,2671,1536,0,0,3228,-0.0033,0.068,0.035,-0.065,3.57,-3.59,489,2745,1161,0,0
12.720,244.6,437.89,-7.70,-203.91,55.9,0.26,0.48,0.40,0.38,0.00,1.00,1,6684,104.4,1.16,-0.82,-1.60,18.78,91,103,4080,0.0061,-0.001,0.000,-0.100,10.30,3.14,462,-12,3442,0,0,2378,-0.0175,-0.004,0.005,-0.095,12.64,5.48,446,25,2136,0,0,3937,0.0222,0.018,0.048,-0.052,2.73,-4.44,493,1840,1573,0,0,2384,-0.0023,0.008,0.083,-0.017,2.81,-4.35,493,1712,909,0,0
12.840,246.5,437.01,-7.69,-205.54,55.4,-0.08,0.45,0.00,1.00,0.00,1.00,1,5943,-67.2,0.36,-0.65,-1.54,14.14,85,102,3865,0.0137,0.063,0.000,-0.100,0.70,-6.46,464,-12,330,0,0,3147,-0.0131,0.037,-0.001,-0.099,0.72,-6.44,453,-36,279,0,0,2903,0.0174,-0.040,-0.051,-0.049,3.03,-4.13,441,-1605,1257,0,0,2427,-0.0098,-0.063,-0.039,-0.061,3.11,-4.06,436,-1053,1118,0,0
12.960,248.3,436.09,-7.66,-207.13,55.0,-0.08,0.39,0.27,0.66,0.00,1.00,1,6560,180.3,1.31,-0.50,-1.75,9.78,78,100,3889,0.0134,-0.002,-0.001,-0.099,6.67,-0.49,456,-15,2547,0,0,2914,-0.0065,0.055,0.002,-0.098,8.07,0.91,448,30,2147,0,0,3347,0.0111,-0.053,0.054,-0.046,1.94,-5.22,441,1402,1045,0,0,2370,-0.0095,0.003,0.071,-0.029,1.97,-5.19,441,1373,736,0,0
13.080,250.2,435.11,-7.65,-208.70,55.7,0.19,0.62,0.00,1.00,0.00,1.00,1,6649,9.1,0.95,-0.59,-1.31,24.77,84,103,3994,0.0154,0.016,0.001,-0.099,17.04,9.88,451,-14,3567,0,0,2072,-0.0160,-0.079,0.010,-0.090,21.06,13.89,426,36,1896,0,0,3874,0.0197,0.072,0.041,-0.059,2.64,-4.52,487,1671,1454,0,0,2268,-0.0136,-0.034,0.083,-0.017,2.75,-4.41,487,1720,795,0,0
13.200,252.0,434.05,-7.63,-210.24,56.6,0.22,0.37,0.07,1.00,0.00,1.00,1,7065,240.4,1.67,-0.66,-1.60,15.65,90,106,3124,0.0087,-0.056,-0.001,-0.099,2.93,-4.23,474,-52,843,0,0,2678,-0.0155,0.004,-0.001,-0.099,3.47,-3.70,461,-56,833,0,0,3495,0.0181,-0.013,0.004,-0.096,3.06,-4.10,506,2247,1462,0,0,3014,-0.0061,0.063,0.031,-0.069,3.14,-4.02,506,2353,1169,0,0
13.320,254.0,432.92,-7.61,-211.79,58.0,0.35,0.55,0.40,0.13,0.00,0.53,1,6922,-26.9,0.87,-0.73,-1.45,23.44,97,111,4136,0.0080,-0.005,-0.001,-0.099,13.49,6.33,476,-7,3653,0,0,2292,-0.0188,-0.027,0.009,-0.091,16.55,9.39,456,67,2101,0,0,4083,0.0236,0.046,0.034,-0.066,3.22,-3.94,519,1744,1858,0,0,2439,-0.0045,0.013,0.073,-0.027,3.35,-3.81,520,1754,1042,0,0
13.440,255.9,431.71,-7.60,-213.30,58.5,0.16,0.49,0.06,1.00,0.00,0.05,1,7318,188.3,1.40,-0.76,-1.40,17.48,99,114,3524,0.0123,0.035,-0.001,-0.099,0.97,-6.19,492,-37,449,0,0,2694,-0.0174,0.011,-0.002,-0.098,1.00,-6.16,478,-71,357,0,0,3418,0.0229,-0.006,-0.002,-0.098,3.67,-3.49,490,270,1841,0,0,2729,-0.0077,-0.027,0.022,-0.078,3.77,-3.39,488,1000,1477,0,0
13.560,257.9,430.42,-7.58,-214.79,59.5,0.25,0.52,0.40,0.00,0.00,1.00,2,6304,40.5,1.42,-0.77,-1.47,25.29,100,117,3581,0.0103,-0.017,-0.002,-0.098,13.85,6.69,487,-32,3203,0,0,2255,-0.0179,-0.005,0.008,-0.092,16.88,9.72,465,55,2069,0,0,3854,0.0239,0.009,0.601,0.501,4.03,-3.13,816,2989,366,0,0,2749,-0.0043,0.028,0.668,0.568,4.20,-2.97,818,2119,247,0,0
13.680,259.9,429.07,-7.56,-216.26,60.4,0.27,0.57,0.77,0.00,0.00,1.00,2,4486,-57.0,0.32,-0.62,-1.31,42.31,102,121,3884,0.0102,0.000,-0.002,-0.098,24.38,17.22,469,19,3420,0,0,2104,-0.0206,-0.023,0.025,-0.075,29.64,22.48,430,108,1879,0,0,3921,0.0249,0.008,0.116,0.016,7.12,-0.04,588,2686,2334,0,0,2328,-0.0077,-0.029,0.194,0.094,7.61,0.44,590,1879,1115,0,0
13.800,261.9,427.63,-7.54,-217.67,59.6,-0.07,0.80,0.98,0.48,0.00,1.00,2,3992,70.8,0.45,-0.24,-0.86,38.34,93,118,4622,0.0206,0.087,0.008,-0.092,36.31,29.15,411,76,3924,0,0,2229,-0.0231,-0.021,0.064,-0.036,43.91,36.75,365,165,1936,0,0,3662,0.0247,-0.002,0.017,-0.083,8.58,1.41,515,226,3070,0,0,1673,-0.0191,-0.095,0.078,-0.022,9.10,1.94,514,667,1367,0,0
13.920,263.8,426.16,-7.53,-218.96,58.3,-0.20,0.82,0.00,0.00,0.00,1.00,2,3643,-50.9,0.45,0.17,-0.70,34.55,79,112,5033,0.0294,0.073,-0.003,-0.097,37.73,30.57,389,-21,4234,0,0,2783,-0.0182,0.041,0.006,-0.094,45.41,38.25,330,19,2402,0,0,3500,0.0208,-0.032,-0.041,-0.059,9.52,2.36,472,-696,2968,0,0,1577,-0.0271,-0.066,0.000,-0.100,10.06,2.90,465,71,1416,0,0
14.040,265.8,424.64,-7.51,-220.14,57.0,-0.17,0.85,0.00,1.00,0.00,1.00,2,3512,-49.9,0.22,0.24,-0.67,32.82,75,108,4559,0.0326,0.027,-0.001,-0.099,5.12,-2.04,481,-31,2989,0,0,2433,-0.0163,0.016,0.000,-0.100,5.41,-1.75,456,-3,1705,0,0,3562,0.0185,-0.019,-0.053,-0.047,10.16,3.00,456,-969,3000,0,0,1790,-0.0301,-0.025,-0.017,-0.083,10.72,3.56,448,-153,1615,0,0
14.160,267.7,423.08,-7.50,-221.20,56.9,0.11,0.82,0.00,0.66,0.00,1.00,2,4098,174.9,1.17,0.09,-0.71,27.03,79,107,4001,0.0266,-0.051,-0.002,-0.098,5.53,-1.63,478,-70,2795,0,0,1988,-0.0213,-0.042,-0.003,-0.097,5.79,-1.37,456,-48,1469,0,0,4040,0.0253,0.057,0.101,0.001,9.70,2.54,527,1914,3066,0,0,2306,-0.0225,0.063,0.155,0.055,10.14,2.97,529,1435,1597,0,0
14.280,269.6,421.43,-7.50,-222.18,57.6,0.28,0.76,-0.11,0.46,0.00,1.00,2,4167,188.4,1.40,-0.04,-0.78,23.33,87,110,3924,0.0189,-0.064,-0.004,-0.096,5.43,-1.73,481,-91,2729,0,0,1969,-0.0256,-0.036,-0.003,-0.097,5.64,-1.52,463,-50,1442,0,0,4092,0.0292,0.032,0.110,0.010,9.01,1.84,536,2178,2953,0,0,2391,-0.0165,0.050,0.157,0.057,9.35,2.19,537,1572,1580,0,0
14.400,271.5,419.73,-7.49,-223.09,58.3,0.24,0.39,-0.44,0.69,0.00,1.00,2,4283,244.9,1.49,-0.12,-1.46,-2.24,96,113,2816,0.0089,-0.084,0.000,-0.100,-8.50,1.34,478,3,-2289,0,0,3007,-0.0187,0.058,-0.004,-0.096,-5.63,-1.53,481,-104,-1932,0,0,3047,0.0217,-0.063,0.149,0.049,7.10,-0.06,553,2162,1812,0,0,3269,-0.0069,0.080,0.148,0.048,7.08,-0.09,551,2313,1936,0,0
14.520,273.5,417.97,-7.49,-223.98,59.4,0.26,0.17,0.00,0.87,0.00,1.00,2,4271,283.4,1.59,-0.29,-2.19,-26.50,101,117,3555,-0.0014,-0.086,-0.008,-0.092,5.43,-1.74,478,-160,2565,0,0,2810,-0.0073,0.095,-0.006,-0.094,5.20,-1.96,499,-107,2019,0,0,3594,0.0119,-0.081,0.141,0.041,1.26,-5.91,549,3272,660,0,0,2921,0.0058,0.107,0.098,-0.002,1.20,-5.96,551,2430,636,0,0
14.640,275.5,416.15,-7.48,-224.84,61.3,0.45,0.29,0.00,0.65,0.00,1.00,2,4513,294.5,1.89,-0.67,-1.93,-12.15,113,125,2959,0.0008,0.018,-0.002,-0.098,1.12,-6.04,503,-106,653,0,0,2557,-0.0137,-0.054,-0.002,-0.098,1.10,-6.07,512,-79,554,0,0,3611,0.0190,0.059,0.153,0.053,-0.73,-6.43,580,3396,-225,0,0,3200,0.0040,-0.015,0.134,0.034,-0.72,-6.45,581,2994,-217,0,0
14.760,277.6,414.26,-7.48,-225.72,63.2,0.45,0.02,0.15,0.90,0.00,1.00,2,4590,346.1,1.93,-0.89,-2.38,-5.59,123,133,2490,-0.0085,-0.077,-0.002,-0.098,1.88,-5.28,520,-84,412,0,0,2929,-0.0103,0.029,-0.001,-0.099,2.38,-4.78,525,-69,613,0,0,3324,0.0160,-0.025,0.135,0.035,-1.16,-6.00,592,3069,-408,0,0,3645,0.0142,0.085,0.124,0.024,-1.15,-6.01,592,3300,-465,0,0
14.880,279.7,412.32,-7.46,-226.62,64.9,0.40,0.29,0.00,1.00,0.00,1.00,2,4616,319.6,1.79,-0.83,-2.03,17.30,128,140,3356,-0.0046,0.033,-0.006,-0.094,-2.38,-4.78,542,-468,1616,0,0,2332,-0.0146,-0.036,-0.014,-0.086,-2.44,-4.72,525,-407,1465,0,0,3787,0.0189,0.024,0.091,-0.009,-0.02,-7.15,594,3184,-97,0,0,2701,0.0077,-0.054,0.122,0.022,-0.02,-7.15,596,2496,-63,0,0
15.000,281.9,410.32,-7.45,-227.52,66.8,0.45,0.02,0.00,0.58,0.00,1.00,2,5086,289.5,1.80,-0.80,-2.26,10.85,136,148,2724,-0.0074,-0.024,-0.002,-0.098,-0.15,-7.01,557,-82,-121,0,0,2827,-0.0111,0.029,-0.002,-0.098,-0.16,-7.01,548,-99,-128,0,0,3295,0.0146,-0.036,0.176,0.076,1.32,-5.84,622,3075,427,0,0,3454,0.0100,0.019,0.193,0.093,1.34,-5.82,621,3239,418,0,0
15.120,284.2,408.25,-7.44,-228.43,68.4,0.39,0.25,0.29,0.79,0.00,1.00,2,4656,179.3,1.29,-0.78,-2.04,11.81,141,155,3579,-0.0047,0.023,-0.002,-0.098,7.50,0.34,565,-59,2781,0,0,2386,-0.0131,-0.017,0.000,-0.100,9.20,2.04,555,6,2027,0,0,3772,0.0169,0.020,0.040,-0.060,1.37,-5.80,609,1877,790,0,0,2677,0.0080,-0.017,0.057,-0.043,1.39,-5.77,609,1756,554,0,0
15.240,286.5,406.12,-7.43,-229.31,69.8,0.34,0.31,0.00,0.44,0.00,1.00,2,5311,260.3,1.76,-0.73,-1.75,13.63,145,161,3127,0.0021,0.056,-0.002,-0.098,0.62,-6.54,583,-89,260,0,0,2616,-0.0155,-0.020,-0.002,-0.098,0.63,-6.53,572,-94,223,0,0,3660,0.0197,0.023,0.161,0.061,2.38,-4.78,688,3334,807,0,0,3185,0.0021,-0.049,0.185,0.085,2.43,-4.73,688,2951,646,0,0
15.360,288.8,403.92,-7.41,-230.18,71.3,0.37,0.27,0.08,1.00,0.00,1.00,2,4895,229.8,1.34,-0.72,-1.87,7.67,151,169,3207,-0.0013,-0.028,-0.001,-0.099,1.24,-5.93,593,-67,633,0,0,2505,-0.0156,-0.001,-0.002,-0.098,1.25,-5.91,586,-71,505,0,0,3529,0.0187,-0.008,0.020,-0.080,2.22,-4.94,620,1850,1184,0,0,2931,0.0044,0.019,0.031,-0.069,2.24,-4.92,620,1829,972,0,0
15.480,291.2,401.67,-7.40,-231.00,72.6,0.33,0.51,0.42,0.59,0.00,1.00,2,5198,204.5,1.69,-0.62,-1.42,19.98,155,175,3802,0.0049,0.051,0.000,-0.100,14.64,7.48,589,-16,3399,0,0,2035,-0.0200,-0.037,0.012,-0.088,17.86,10.70,571,68,1872,0,0,3957,0.0225,0.032,0.097,-0.003,2.62,-4.54,667,3289,1173,0,0,2397,-0.0038,-0.068,0.130,0.030,2.69,-4.47,670,2178,639,0,0
15.600,293.7,399.35,-7.38,-231.78,73.9,0.34,0.44,0.00,0.76,0.00,1.00,2,5338,230.8,1.72,-0.56,-1.35,20.33,160,181,3242,0.0063,0.012,-0.002,-0.098,1.53,-5.63,619,-79,732,0,0,2437,-0.0209,-0.007,-0.002,-0.098,1.57,-5.59,603,-83,570,0,0,3699,0.0231,0.005,0.108,0.008,4.00,-3.16,686,2926,1568,0,0,2963,-0.0041,-0.002,0.139,0.039,4.11,-3.05,687,2536,1133,0,0
15.720,296.2,396.97,-7.37,-232.51,75.4,0.39,0.49,0.00,0.67,0.00,1.00,2,5515,276.6,1.78,-0.57,-1.36,19.39,168,188,3526,0.0058,-0.005,-0.001,-0.099,2.07,-5.09,631,-51,1252,0,0,2145,-0.0212,-0.003,-0.001,-0.099,2.12,-5.04,616,-78,818,0,0,3865,0.0239,0.007,0.123,0.023,4.38,-2.79,710,3068,1691,0,0,2704,-0.0031,0.008,0.154,0.054,4.48,-2.68,711,2313,1076,0,0
15.840,298.7,394.51,-7.36,-233.18,76.9,0.40,0.46,0.00,0.71,0.00,1.00,2,5607,246.2,1.75,-0.54,-1.36,15.23,174,196,3369,0.0043,-0.012,-0.002,-0.098,2.80,-4.36,641,-85,1429,0,0,2180,-0.0225,-0.011,-0.003,-0.097,2.85,-4.31,629,-73,957,0,0,3799,0.0245,0.005,0.123,0.023,4.58,-2.58,721,3000,1717,0,0,2795,-0.0023,0.007,0.147,0.047,4.67,-2.49,723,2350,1177,0,0
15.960,301.3,391.99,-7.35,-233.79,78.4,0.39,0.49,0.00,0.76,0.00,1.00,2,5697,256.9,1.73,-0.47,-1.33,13.19,181,204,3377,0.0037,-0.005,-0.002,-0.098,2.97,-4.19,652,-85,1519,0,0,2238,-0.0231,-0.005,-0.002,-0.098,3.02,-4.14,642,-71,1039,0,0,3799,0.0239,-0.005,0.121,0.021,4.49,-2.68,733,2986,1717,0,0,2672,-0.0038,-0.013,0.142,0.042,4.56,-2.60,735,2236,1139,0,0
16.080,303.9,389.41,-7.34,-234.34,79.9,0.39,0.49,0.00,0.81,0.00,1.00,2,5798,264.4,1.76,-0.46,-1.29,11.95,189,212,3448,0.0045,0.007,-0.002,-0.098,2.98,-4.18,664,-88,1557,0,0,2173,-0.0231,0.000,-0.003,-0.097,3.02,-4.14,655,-72,1013,0,0,3767,0.0237,-0.002,0.121,0.021,4.33,-2.83,746,2986,1661,0,0,2814,-0.0040,-0.001,0.139,0.039,4.39,-2.77,748,2356,1177,0,0
16.200,306.6,386.76,-7.33,-234.83,81.4,0.40,0.48,0.00,0.91,0.00,1.00,2,5923,288.3,1.82,-0.47,-1.30,10.65,196,220,3418,0.0046,0.001,-0.002,-0.098,2.89,-4.28,676,-89,1505,0,0,2204,-0.0229,0.001,-0.003,-0.097,2.92,-4.24,668,-73,1000,0,0,3868,0.0243,0.005,0.124,0.024,4.07,-3.10,762,3121,1608,0,0,2839,-0.0033,0.006,0.141,0.041,4.12,-3.05,764,2408,1127,0,0
16.320,309.4,384.05,-7.33,-235.26,83.0,0.41,0.46,0.10,0.84,0.00,1.00,2,6022,282.5,1.82,-0.43,-1.35,9.70,204,228,3321,0.0032,-0.012,-0.002,-0.098,2.75,-4.42,689,-88,1404,0,0,2209,-0.0229,0.000,-0.003,-0.097,2.78,-4.39,681,-73,959,0,0,3737,0.0237,-0.005,0.122,0.022,3.80,-3.36,775,3053,1484,0,0,2801,-0.0024,0.007,0.137,0.037,3.84,-3.32,777,2394,1067,0,0
16.440,312.2,381.28,-7.32,-235.61,84.3,0.35,0.61,0.40,0.73,0.00,1.00,2,5937,229.5,1.63,-0.34,-1.06,18.77,208,236,3921,0.0070,0.032,0.001,-0.099,15.84,8.68,679,13,3506,0,0,1979,-0.0256,-0.022,0.015,-0.085,18.95,11.79,663,82,1817,0,0,4022,0.0262,0.021,0.083,-0.017,4.05,-3.11,763,2750,1929,0,0,2276,-0.0073,-0.041,0.110,0.010,4.14,-3.03,766,1807,1029,0,0
16.560,315.0,378.46,-7.32,-235.89,85.5,0.32,0.57,0.00,0.96,0.00,1.00,2,6071,195.7,1.62,-0.24,-1.00,20.82,210,242,3599,0.0101,0.026,-0.002,-0.098,2.97,-4.19,714,-75,1578,0,0,2299,-0.0243,0.010,-0.002,-0.098,3.04,-4.12,697,-70,1049,0,0,3830,0.0259,-0.003,0.093,-0.007,5.16,-2.01,780,2606,2100,0,0,2722,-0.0085,-0.010,0.120,0.020,5.27,-1.89,782,2098,1388,0,0
16.680,317.9,375.60,-7.32,-236.09,86.8,0.36,0.56,0.00,0.82,0.00,1.00,2,6265,245.1,1.71,-0.20,-1.10,17.66,217,249,3529,0.0079,-0.018,-0.002,-0.098,3.70,-3.46,722,-80,1882,0,0,2137,-0.0235,0.006,-0.003,-0.097,3.77,-3.39,708,-65,1182,0,0,3850,0.0250,-0.007,0.114,0.014,5.52,-1.64,806,2750,2088,0,0,2674,-0.0064,0.018,0.138,0.038,5.63,-1.53,808,2090,1364,0,0
16.800,320.8,372.68,-7.32,-236.20,88.0,0.36,0.58,0.00,0.75,0.00,1.00,2,6395,238.8,1.71,-0.13,-1.05,16.33,223,257,3568,0.0074,-0.004,-0.002,-0.098,4.07,-3.09,732,-82,2053,0,0,2034,-0.0252,-0.014,-0.003,-0.097,4.15,-3.02,719,-61,1214,0,0,3842,0.0251,0.000,0.122,0.022,5.74,-1.42,823,2790,2076,0,0,2546,-0.0075,-0.009,0.144,0.044,5.84,-1.32,825,2002,1302,0,0
16.920,323.8,369.72,-7.33,-236.23,89.3,0.36,0.60,-0.08,0.64,0.00,1.00,2,6487,235.7,1.70,-0.09,-0.95,16.20,229,264,3682,0.0087,0.011,-0.002,-0.098,4.29,-2.87,742,-85,2198,0,0,2068,-0.0256,-0.003,-0.003,-0.097,4.36,-2.80,729,-61,1281,0,0,3884,0.0257,0.005,0.122,0.022,5.92,-1.24,834,2792,2135,0,0,2492,-0.0093,-0.015,0.145,0.045,6.02,-1.14,837,1943,1301,0,0
17.040,326.8,366.72,-7.33,-236.18,90.5,0.32,0.36,0.00,0.96,0.00,1.00,2,6531,278.7,1.79,-0.10,-1.39,-1.82,238,271,3288,0.0034,-0.045,-0.003,-0.097,4.91,-2.26,744,-79,2121,0,0,2574,-0.0181,0.062,-0.003,-0.097,4.90,-2.27,746,-62,1689,0,0,3533,0.0196,-0.051,0.126,0.026,4.72,-2.44,841,2749,1683,0,0,2940,-0.0018,0.063,0.125,0.025,4.71,-2.45,842,2305,1417,0,0
17.160,329.8,363.68,-7.34,-236.06,92.0,0.40,0.53,0.00,0.88,0.00,1.00,2,6674,276.2,1.89,-0.14,-1.24,1.77,247,280,3423,0.0047,0.011,-0.002,-0.098,3.24,-3.92,760,-97,1686,0,0,2107,-0.0220,-0.033,-0.003,-0.097,3.25,-3.92,758,-71,1061,0,0,3822,0.0231,0.029,0.127,0.027,3.41,-3.75,858,3221,1355,0,0,2721,-0.0036,-0.016,0.132,0.032,3.42,-3.75,861,2356,961,0,0
17.280,332.9,360.59,-7.35,-235.86,93.6,0.42,0.41,0.00,0.89,0.00,1.00,2,6791,283.2,1.94,-0.18,-1.31,3.76,260,291,3287,0.0027,-0.017,-0.002,-0.098,2.40,-4.77,775,-95,1245,0,0,2374,-0.0213,0.006,-0.002,-0.098,2.40,-4.76,772,-78,915,0,0,3664,0.0221,-0.008,0.125,0.025,2.76,-4.41,874,3179,1083,0,0,2865,-0.0026,0.009,0.131,0.031,2.77,-4.40,875,2543,835,0,0
17.400,336.1,357.44,-7.35,-235.61,95.4,0.44,0.34,0.00,0.96,0.00,0.82,2,6828,172.6,1.73,-0.26,-1.47,4.76,274,302,3102,0.0000,-0.023,-0.002,-0.098,1.95,-5.22,791,-93,968,0,0,2407,-0.0199,0.012,-0.002,-0.098,1.95,-5.21,787,-81,763,0,0,3666,0.0211,-0.008,0.109,0.009,2.39,-4.77,876,3185,981,0,0,3064,0.0013,0.033,0.116,0.016,2.41,-4.76,877,2721,805,0,0
17.520,339.3,354.24,-7.36,-235.31,97.0,0.39,0.32,0.00,1.00,0.00,0.34,2,7031,300.3,2.01,-0.25,-1.56,3.47,282,312,3119,-0.0015,-0.013,-0.002,-0.098,1.62,-5.54,804,-82,821,0,0,2427,-0.0190,0.007,-0.002,-0.098,1.63,-5.53,801,-76,648,0,0,3535,0.0195,-0.013,0.062,-0.038,1.95,-5.21,853,2513,974,0,0,2953,0.0021,0.006,0.066,-0.034,1.96,-5.21,854,2198,809,0,0
17.640,342.5,351.02,-7.37,-234.95,97.5,0.12,0.29,0.09,1.00,0.00,0.50,3,7454,294.3,2.15,-0.05,-1.62,1.62,271,315,3534,0.0016,0.026,-0.001,-0.099,1.24,-5.92,807,-61,721,0,0,2933,-0.0135,0.046,-0.001,-0.099,1.24,-5.92,805,-60,604,0,0,3099,0.0134,-0.051,0.043,-0.057,1.40,-5.76,845,1540,686,0,0,2589,-0.0024,-0.037,0.046,-0.054,1.40,-5.76,845,1356,576,0,0
17.760,345.8,347.77,-7.38,-234.54,98.9,0.35,0.45,0.00,0.00,0.00,1.00,3,5897,22.2,1.43,-0.06,-1.31,20.09,280,324,3675,0.0064,0.040,-0.011,-0.089,0.50,-6.66,820,-556,2043,0,0,2180,-0.0171,-0.030,-0.018,-0.082,0.51,-6.65,798,-410,1418,0,0,3838,0.0181,0.039,0.329,0.229,2.31,-4.85,1104,3374,393,0,0,2639,-0.0052,-0.024,0.359,0.259,2.35,-4.81,1107,2332,258,0,0
17.880,349.1,344.47,-7.39,-234.09,100.6,0.43,0.28,0.00,0.76,0.00,1.00,3,5041,91.1,0.55,-0.13,-1.47,19.59,298,336,3123,0.0008,-0.046,-0.002,-0.098,2.32,-4.84,839,-78,1105,0,0,2322,-0.0176,-0.004,-0.002,-0.098,2.37,-4.79,823,-75,846,0,0,3684,0.0190,0.007,0.122,0.022,4.08,-3.09,938,2984,1526,0,0,3004,0.0006,0.048,0.144,0.044,4.15,-3.01,940,2564,1159,0,0
18.000,352.5,341.14,-7.40,-233.55,101.5,0.24,0.52,0.00,1.00,0.00,1.00,3,4786,285.1,1.62,-0.02,-1.15,13.55,296,341,3832,0.0059,0.042,-0.002,-0.098,3.16,-4.01,843,-73,1791,0,0,2270,-0.0204,-0.023,-0.002,-0.098,3.20,-3.97,832,-57,1099,0,0,3741,0.0211,0.018,0.061,-0.039,4.37,-2.80,896,1997,2074,0,0,2320,-0.0057,-0.052,0.076,-0.024,4.42,-2.74,898,1474,1267,0,0
18.120,355.9,337.79,-7.41,-232.93,102.6,0.31,0.54,-0.08,1.00,0.00,1.00,3,5016,361.1,2.04,0.02,-0.97,11.15,298,349,3701,0.0098,0.032,-0.002,-0.098,0.14,-7.02,853,-112,655,0,0,2295,-0.0217,-0.011,-0.003,-0.097,0.78,-6.38,843,-106,585,0,0,3782,0.0228,0.014,0.100,0.000,4.43,-2.73,939,2753,1847,0,0,2606,-0.0085,-0.023,0.114,0.014,4.48,-2.68,941,2038,1236,0,0
18.240,359.3,334.41,-7.42,-232.26,104.0,0.33,0.10,0.00,0.96,0.00,1.00,3,5123,371.4,2.14,-0.07,-1.77,-14.35,316,358,2466,-0.0020,-0.098,-0.002,-0.098,4.21,-2.95,854,-194,172,0,0,3187,-0.0116,0.085,0.000,-0.100,4.16,-3.00,866,-140,573,0,0,2934,0.0135,-0.077,0.123,0.023,2.96,-4.21,960,2533,973,0,0,3511,0.0040,0.105,0.107,0.007,2.92,-4.24,959,2897,1223,0,0
18.360,362.8,330.99,-7.43,-231.53,105.6,0.39,0.35,0.00,1.00,0.00,1.00,3,5074,386.4,2.18,-0.22,-1.65,-9.52,330,370,3201,-0.0015,0.004,-0.002,-0.098,1.54,-5.62,870,-97,840,0,0,2458,-0.0145,-0.025,-0.002,-0.098,1.53,-5.63,877,-74,647,0,0,3572,0.0164,0.024,0.089,-0.011,0.71,-6.45,949,3030,363,0,0,2926,0.0027,-0.011,0.082,-0.018,0.71,-6.46,951,2429,308,0,0
18.480,366.4,327.52,-7.44,-230.76,107.2,0.39,0.12,0.00,1.00,0.00,1.00,3,5131,388.2,2.19,-0.33,-1.84,-6.09,344,381,2833,-0.0046,-0.025,-0.002,-0.098,0.27,-6.89,885,-86,149,0,0,2859,-0.0127,0.015,-0.002,-0.098,0.27,-6.89,890,-80,149,0,0,3238,0.0141,-0.019,0.084,-0.016,-0.25,-6.91,961,2715,-96,0,0,3267,0.0061,0.028,0.078,-0.022,-0.25,-6.91,961,2664,-98,0,0
18.600,370.0,324.01,-7.44,-229.97,108.8,0.37,0.14,0.27,1.00,0.00,1.00,3,5211,387.1,2.20,-0.37,-1.92,4.44,354,393,3106,-0.0067,-0.018,-0.004,-0.096,5.79,-1.37,895,-101,2262,0,0,2460,-0.0116,0.009,-0.002,-0.098,7.26,0.10,892,-20,2003,0,0,3499,0.0126,-0.013,0.079,-0.021,-0.48,-6.68,975,2857,-242,0,0,2946,0.0077,0.013,0.084,-0.016,-0.48,-6.68,976,2477,-202,0,0
18.720,373.7,320.44,-7.45,-229.14,110.3,0.36,0.14,0.00,1.00,0.00,1.00,3,5299,385.2,2.20,-0.34,-1.83,9.92,362,404,2881,-0.0048,0.016,-0.002,-0.098,0.01,-7.15,917,-78,-21,0,0,2798,-0.0121,-0.004,-0.002,-0.098,0.01,-7.15,909,-87,-21,0,0,3208,0.0127,0.001,0.080,-0.020,0.83,-6.33,993,2631,348,0,0,3268,0.0053,-0.020,0.089,-0.011,0.84,-6.33,992,2783,343,0,0
18.840,377.4,316.83,-7.45,-228.29,111.9,0.38,0.14,0.00,1.00,0.00,1.00,3,5374,383.5,2.20,-0.36,-1.88,6.67,373,415,3013,-0.0056,-0.006,-0.002,-0.098,0.73,-6.44,929,-81,347,0,0,2669,-0.0115,0.005,-0.002,-0.098,0.73,-6.43,923,-81,311,0,0,3356,0.0121,-0.005,0.081,-0.019,1.27,-5.90,1006,2720,568,0,0,3065,0.0063,0.009,0.088,-0.012,1.27,-5.89,1007,2571,510,0,0
18.960,381.1,313.18,-7.45,-227.39,113.4,0.37,0.28,0.00,1.00,0.00,1.00,3,5466,381.3,2.20,-0.35,-1.59,9.63,381,427,3188,-0.0024,0.027,-0.002,-0.098,0.98,-6.18,942,-83,490,0,0,2554,-0.0157,-0.035,-0.002,-0.098,0.99,-6.17,934,-78,400,0,0,3561,0.0161,0.033,0.084,-0.016,1.75,-5.41,1023,2858,809,0,0,2853,0.0022,-0.034,0.094,-0.006,1.77,-5.40,1024,2415,633,0,0
19.080,384.9,309.49,-7.45,-226.44,115.0,0.37,0.26,0.00,1.00,0.00,1.00,3,5548,379.3,2.20,-0.36,-1.52,7.30,391,438,3165,-0.0016,0.007,-0.002,-0.098,1.49,-5.67,954,-82,752,0,0,2432,-0.0162,-0.005,-0.002,-0.098,1.50,-5.66,948,-76,588,0,0,3569,0.0163,0.002,0.087,-0.013,2.07,-5.10,1038,2861,947,0,0,2958,0.0017,-0.005,0.094,-0.006,2.08,-5.08,1039,2471,771,0,0
19.200,388.8,305.76,-7.45,-225.44,116.5,0.37,0.30,0.00,1.00,0.00,1.00,3,5611,377.8,2.20,-0.39,-1.47,5.78,401,450,3195,-0.0007,0.007,-0.002,-0.098,1.66,-5.51,966,-83,846,0,0,2427,-0.0167,-0.004,-0.002,-0.098,1.66,-5.50,961,-75,653,0,0,3610,0.0172,0.008,0.086,-0.014,2.11,-5.06,1050,2870,983,0,0,2963,0.0012,-0.003,0.092,-0.008,2.12,-5.05,1051,2446,797,0,0
19.320,392.7,301.99,-7.44,-224.38,118.0,0.36,0.31,0.00,1.00,0.00,1.00,3,5696,375.8,2.20,-0.39,-1.44,4.80,411,461,3241,-0.0008,-0.001,-0.002,-0.098,1.65,-5.51,978,-85,858,0,0,2499,-0.0169,-0.002,-0.002,-0.098,1.66,-5.51,974,-76,671,0,0,3493,0.0169,-0.003,0.089,-0.011,2.02,-5.14,1066,2830,906,0,0,2839,0.0000,-0.010,0.094,-0.006,2.03,-5.14,1067,2375,729,0,0
19.440,396.7,298.19,-7.44,-223.26,119.4,0.36,0.36,0.22,1.00,0.00,1.00,3,5757,374.3,2.20,-0.41,-1.32,8.11,420,473,3460,0.0005,0.011,0.001,-0.099,7.39,0.23,985,5,2647,0,0,2253,-0.0180,-0.009,0.004,-0.096,8.74,1.58,979,45,1872,0,0,3690,0.0178,0.007,0.085,-0.015,1.97,-5.19,1077,2940,940,0,0,2662,-0.0008,-0.007,0.094,-0.006,1.98,-5.18,1079,2235,669,0,0
19.560,400.7,294.37,-7.43,-222.06,120.8,0.33,0.46,0.00,1.00,0.00,1.00,3,5869,371.6,2.20,-0.35,-1.09,14.45,424,483,3330,0.0042,0.031,-0.002,-0.098,1.93,-5.23,1004,-79,994,0,0,2336,-0.0212,-0.027,-0.002,-0.098,1.95,-5.21,992,-71,715,0,0,3587,0.0207,0.024,0.092,-0.008,3.01,-4.15,1098,2794,1303,0,0,2746,-0.0047,-0.033,0.106,0.006,3.05,-4.11,1100,2282,962,0,0
19.680,404.7,290.52,-7.43,-220.80,122.1,0.35,0.41,0.00,1.00,0.00,1.00,3,5978,369.0,2.20,-0.34,-1.14,12.30,433,494,3381,0.0033,-0.008,-0.002,-0.098,2.70,-4.47,1014,-81,1389,0,0,2289,-0.0198,0.012,-0.002,-0.098,2.72,-4.44,1004,-69,965,0,0,3712,0.0192,-0.012,0.101,0.001,3.61,-3.56,1119,2891,1520,0,0,2794,-0.0038,0.007,0.113,0.013,3.64,-3.52,1120,2296,1111,0,0
19.800,408.8,286.65,-7.42,-219.46,123.5,0.35,0.47,0.00,1.00,0.00,1.00,3,6077,365.8,2.20,-0.33,-1.04,11.18,442,505,3441,0.0040,0.006,-0.002,-0.098,3.14,-4.02,1024,-82,1615,0,0,2159,-0.0217,-0.016,-0.002,-0.098,3.17,-4.00,1015,-65,1041,0,0,3746,0.0208,0.013,0.108,0.008,3.96,-3.20,1137,2923,1613,0,0,2670,-0.0049,-0.009,0.120,0.020,3.99,-3.17,1139,2192,1122,0,0
19.920,413.0,282.76,-7.42,-218.03,124.8,0.35,0.50,0.00,0.98,0.00,1.00,3,6154,353.5,2.17,-0.30,-0.94,11.09,450,516,3565,0.0049,0.007,-0.002,-0.098,3.44,-3.73,1034,-85,1801,0,0,2226,-0.0226,-0.008,-0.002,-0.098,3.46,-3.70,1025,-64,1156,0,0,3703,0.0212,0.004,0.111,0.011,4.24,-2.92,1151,2868,1667,0,0,2537,-0.0069,-0.017,0.122,0.022,4.27,-2.89,1154,2068,1116,0,0
20.040,417.2,278.86,-7.41,-216.52,126.1,0.34,0.53,0.00,0.98,0.00,1.00,3,6211,357.7,2.18,-0.30,-0.85,11.02,457,526,3554,0.0062,0.011,-0.002,-0.098,3.69,-3.47,1044,-83,1901,0,0,2127,-0.0236,-0.009,-0.002,-0.098,3.72,-3.44,1035,-61,1170,0,0,3768,0.0223,0.009,0.110,0.010,4.48,-2.68,1162,2863,1775,0,0,2567,-0.0075,-0.005,0.122,0.022,4.51,-2.65,1164,2058,1184,0,0
20.160,421.4,274.95,-7.41,-214.91,127.3,0.33,0.55,0.00,0.96,0.00,1.00,3,6279,344.8,2.15,-0.25,-0.81,11.12,464,537,3509,0.0062,0.000,-0.002,-0.098,3.91,-3.25,1054,-81,1965,0,0,2084,-0.0247,-0.009,-0.002,-0.098,3.95,-3.21,1045,-59,1201,0,0,3709,0.0222,-0.001,0.112,0.012,4.70,-2.46,1175,2798,1802,0,0,2504,-0.0087,-0.010,0.124,0.024,4.74,-2.42,1177,1992,1192,0,0
20.280,425.6,271.04,-7.40,-213.22,128.4,0.33,0.58,0.00,0.99,0.00,1.00,3,6322,340.7,2.13,-0.24,-0.73,11.70,471,546,3624,0.0076,0.012,-0.002,-0.098,4.13,-3.03,1064,-81,2110,0,0,2084,-0.0247,0.001,-0.003,-0.097,4.17,-2.99,1054,-58,1250,0,0,3844,0.0227,0.004,0.110,0.010,4.96,-2.21,1183,2818,1957,0,0,2546,-0.0096,-0.007,0.121,0.021,5.00,-2.16,1185,1980,1271,0,0
20.400,429.9,267.12,-7.40,-211.43,129.6,0.32,0.50,-0.25,0.97,0.00,1.00,3,6399,335.6,2.13,-0.20,-0.84,6.31,478,556,3191,0.0061,-0.013,0.000,-0.100,-3.09,-4.07,1074,-20,-1102,0,0,2386,-0.0240,0.005,-0.002,-0.098,-1.66,-5.50,1069,-84,-366,0,0,3404,0.0213,-0.012,0.116,0.016,5.10,-2.06,1198,2547,1742,0,0,2733,-0.0089,0.006,0.123,0.023,5.13,-2.04,1199,2111,1381,0,0
20.520,434.3,263.20,-7.40,-209.56,130.7,0.30,0.44,0.00,0.00,0.00,1.00,3,6042,39.7,1.52,-0.21,-1.02,-0.84,490,566,3632,0.0041,-0.017,-0.002,-0.098,3.83,-3.34,1079,-82,2020,0,0,2229,-0.0196,0.037,-0.002,-0.098,3.82,-3.34,1079,-62,1267,0,0,3680,0.0179,-0.028,0.046,-0.054,3.77,-3.39,1128,1881,1886,0,0,2611,-0.0063,0.021,0.047,-0.053,3.77,-3.40,1129,1376,1357,0,0
20.640,438.6,259.31,-7.40,-207.63,130.2,-0.09,0.52,0.00,0.00,0.00,1.00,3,5664,-65.2,0.33,0.02,-0.82,-1.70,453,561,3972,0.0117,0.063,-0.001,-0.099,2.72,-4.44,1076,-46,1665,0,0,2674,-0.0178,0.016,-0.001,-0.099,2.72,-4.44,1077,-24,1143,0,0,3098,0.0152,-0.023,-0.015,-0.085,2.61,-4.55,1061,-585,1262,0,0,2009,-0.0142,-0.066,-0.017,-0.083,2.61,-4.56,1060,-443,830,0,0
20.760,443.0,255.46,-7.40,-205.65,129.5,-0.15,0.39,0.00,0.00,0.00,1.00,3,5645,-65.0,0.21,0.24,-1.04,-0.46,423,555,3914,0.0134,0.014,-0.001,-0.099,1.87,-5.29,1072,-47,1168,0,0,3118,-0.0097,0.067,-0.001,-0.099,1.87,-5.29,1072,-32,942,0,0,2829,0.0063,-0.075,-0.014,-0.086,1.84,-5.32,1057,-568,840,0,0,2207,-0.0175,-0.027,-0.015,-0.085,1.84,-5.33,1057,-478,661,0,0
20.880,447.3,251.66,-7.40,-203.64,128.8,-0.15,0.29,0.00,0.00,0.00,1.00,3,5626,-64.9,0.20,0.27,-1.27,0.00,413,549,3549,0.0111,-0.019,-0.001,-0.099,1.30,-5.86,1067,-37,752,0,0,3066,-0.0057,0.034,-0.001,-0.099,1.30,-5.86,1067,-30,655,0,0,2851,0.0020,-0.035,-0.013,-0.087,1.30,-5.86,1054,-549,608,0,0,2430,-0.0148,0.022,-0.013,-0.087,1.30,-5.86,1053,-488,522,0,0
21.000,451.5,247.89,-7.40,-201.61,128.2,-0.15,0.21,0.00,0.00,0.00,1.00,3,5600,-64.7,0.20,0.28,-1.47,0.17,410,543,3456,0.0077,-0.028,-0.001,-0.099,0.90,-6.26,1062,-37,515,0,0,3128,-0.0040,0.014,-0.001,-0.099,0.90,-6.26,1062,-31,468,0,0,2726,-0.0016,-0.030,-0.013,-0.087,0.92,-6.25,1049,-539,414,0,0,2445,-0.0133,0.013,-0.013,-0.087,0.92,-6.25,1048,-494,373,0,0
21.120,455.8,244.15,-7.40,-199.56,127.6,-0.15,0.14,-0.19,0.00,0.00,1.00,3,5577,-64.6,0.20,0.23,-1.61,-0.76,409,538,3225,0.0063,-0.012,0.001,-0.099,-3.29,-3.87,1056,15,-1181,0,0,3184,-0.0015,0.021,0.000,-0.100,-2.57,-4.60,1056,-13,-911,0,0,2754,-0.0027,-0.009,-0.012,-0.088,0.64,-6.52,1044,-515,295,0,0,2664,-0.0105,0.023,-0.013,-0.087,0.64,-6.52,1044,-516,286,0,0
21.240,460.0,240.43,-7.40,-197.54,126.9,-0.16,-0.10,0.00,0.00,0.00,1.00,3,5545,-64.3,0.20,0.23,-2.07,-8.97,403,532,3201,-0.0005,-0.056,-0.001,-0.099,0.10,-7.07,1047,-37,80,0,0,3442,0.0044,0.050,-0.001,-0.099,0.09,-7.07,1054,-32,85,0,0,2486,-0.0094,-0.055,-0.010,-0.090,-0.55,-6.61,1037,-400,-207,0,0,2688,-0.0044,0.051,-0.015,-0.085,-0.55,-6.61,1039,-622,-222,0,0
21.360,464.3,236.72,-7.41,-195.52,126.3,-0.14,-0.06,0.00,1.00,0.00,1.00,3,5560,25.6,0.25,0.18,-2.09,-6.03,400,527,3188,-0.0003,0.002,-0.001,-0.099,-0.74,-6.42,1043,-37,-373,0,0,3569,0.0056,0.010,-0.001,-0.099,-0.74,-6.43,1048,-37,-413,0,0,2466,-0.0099,-0.004,-0.004,-0.096,-1.18,-5.98,1041,-203,-469,0,0,2880,-0.0044,0.000,-0.007,-0.093,-1.17,-5.99,1043,-366,-541,0,0
21.480,468.5,233.02,-7.41,-193.52,126.5,0.06,-0.15,0.00,1.00,0.00,1.00,3,5822,242.7,1.48,0.04,-2.23,-3.88,417,529,2642,-0.0059,-0.047,-0.001,-0.099,-1.10,-6.06,1046,-57,-472,0,0,3264,0.0038,-0.015,-0.001,-0.099,-1.10,-6.07,1049,-63,-576,0,0,2574,-0.0082,0.014,0.041,-0.059,-1.38,-5.78,1091,1372,-552,0,0,3064,0.0015,0.049,0.038,-0.062,-1.38,-5.78,1090,1512,-655,0,0
21.600,472.7,229.27,-7.41,-191.53,127.5,0.25,-0.16,0.00,1.00,0.00,1.00,3,6013,331.5,2.00,-0.18,-2.30,-2.70,450,538,2631,-0.0113,-0.044,-0.002,-0.098,-1.21,-5.95,1054,-71,-520,0,0,3208,0.0009,-0.024,-0.002,-0.098,-1.21,-5.95,1057,-77,-628,0,0,2855,-0.0050,0.027,0.066,-0.034,-1.41,-5.75,1127,2102,-578,0,0,3311,0.0066,0.042,0.064,-0.036,-1.41,-5.76,1126,2362,-671,0,0
21.720,477.0,225.49,-7.41,-189.55,128.8,0.32,-0.16,0.00,1.00,0.00,1.00,3,6106,354.5,2.14,-0.37,-2.30,-1.79,480,550,2400,-0.0146,-0.028,-0.002,-0.098,-1.19,-5.97,1065,-70,-471,0,0,2904,-0.0026,-0.029,-0.002,-0.098,-1.19,-5.97,1067,-74,-565,0,0,3006,-0.0003,0.039,0.072,-0.028,-1.32,-5.84,1144,2309,-561,0,0,3442,0.0117,0.043,0.070,-0.030,-1.32,-5.84,1143,2587,-642,0,0
21.840,481.3,221.65,-7.41,-187.56,130.2,0.33,-0.14,0.00,1.00,0.00,1.00,3,6228,357.6,2.18,-0.38,-2.26,-1.40,494,562,2521,-0.0159,-0.011,-0.002,-0.098,-1.10,-6.06,1077,-73,-458,0,0,2963,-0.0047,-0.018,-0.002,-0.098,-1.10,-6.06,1078,-79,-534,0,0,2872,-0.0004,-0.001,0.082,-0.018,-1.20,-5.96,1167,2351,-471,0,0,3244,0.0107,-0.009,0.080,-0.020,-1.20,-5.96,1166,2616,-532,0,0
21.960,485.7,217.76,-7.41,-185.57,131.6,0.34,-0.13,0.00,1.00,0.00,1.00,3,6268,358.2,2.20,-0.43,-2.20,-1.24,508,574,2402,-0.0146,0.010,-0.002,-0.098,-1.01,-6.15,1088,-68,-401,0,0,2787,-0.0045,0.002,-0.002,-0.098,-1.01,-6.15,1090,-74,-461,0,0,3022,0.0008,0.010,0.077,-0.023,-1.09,-6.07,1174,2416,-460,0,0,3366,0.0109,0.002,0.075,-0.025,-1.09,-6.07,1173,2652,-513,0,0
22.080,490.1,213.83,-7.41,-183.58,132.4,0.19,-0.12,0.00,0.00,0.00,1.00,3,5799,-66.2,0.86,-0.31,-2.17,-0.66,502,581,2788,-0.0142,0.003,-0.001,-0.099,-0.91,-6.26,1096,-28,-417,0,0,3182,-0.0050,-0.004,-0.001,-0.099,-0.91,-6.26,1096,-32,-472,0,0,2547,-0.0012,-0.017,-0.010,-0.090,-0.95,-6.21,1085,-364,-399,0,0,2876,0.0080,-0.024,-0.010,-0.090,-0.95,-6.21,1086,-414,-448,0,0
22.200,494.5,209.89,-7.40,-181.61,131.8,-0.15,-0.11,0.00,0.00,0.00,1.00,3,5753,-65.8,0.26,0.00,-2.13,-0.60,458,574,3274,-0.0057,0.071,-0.001,-0.099,-0.78,-6.39,1091,-34,-416,0,0,3637,0.0033,0.069,-0.001,-0.099,-0.77,-6.39,1091,-39,-459,0,0,2345,-0.0083,-0.060,-0.013,-0.087,-0.81,-6.35,1077,-486,-315,0,0,2784,0.0005,-0.063,-0.013,-0.087,-0.81,-6.35,1077,-565,-371,0,0
22.320,498.9,205.97,-7.40,-179.66,131.1,-0.15,-0.09,0.00,0.00,0.00,1.00,3,5723,-65.6,0.21,0.18,-2.08,-0.55,431,569,3164,-0.0030,0.023,-0.001,-0.099,-0.68,-6.49,1086,-33,-351,0,0,3449,0.0046,0.011,-0.001,-0.099,-0.67,-6.49,1086,-38,-381,0,0,2288,-0.0110,-0.022,-0.014,-0.086,-0.71,-6.45,1071,-488,-269,0,0,2518,-0.0035,-0.033,-0.014,-0.086,-0.71,-6.45,1072,-535,-295,0,0
22.440,503.2,202.07,-7.40,-177.73,130.5,-0.15,-0.07,0.00,0.00,0.00,1.00,3,5700,-65.4,0.20,0.21,-2.03,-0.50,425,563,3285,-0.0015,0.012,-0.001,-0.099,-0.60,-6.56,1081,-35,-325,0,0,3538,0.0052,0.005,-0.001,-0.099,-0.60,-6.56,1081,-38,-349,0,0,2471,-0.0118,-0.006,-0.013,-0.087,-0.64,-6.52,1067,-502,-261,0,0,2656,-0.0057,-0.018,-0.013,-0.087,-0.64,-6.52,1067,-541,-279,0,0
22.560,507.6,198.18,-7.40,-175.82,129.8,-0.15,-0.07,0.00,0.00,0.00,1.00,3,5675,-65.3,0.20,0.19,-1.99,-0.35,422,557,3096,-0.0018,-0.002,-0.001,-0.099,-0.54,-6.62,1075,-30,-275,0,0,3319,0.0039,-0.011,-0.001,-0.099,-0.54,-6.62,1075,-32,-294,0,0,2567,-0.0098,0.016,-0.013,-0.087,-0.56,-6.60,1062,-500,-239,0,0,2757,-0.0041,0.013,-0.013,-0.087,-0.56,-6.60,1063,-534,-256,0,0
22.680,511.9,194.30,-7.40,-173.92,129.2,-0.15,-0.05,0.00,0.00,0.00,1.00,3,5645,-65.0,0.20,0.23,-1.96,-0.32,418,552,3174,-0.0018,0.000,-0.001,-0.099,-0.48,-6.68,1070,-32,-252,0,0,3524,0.0036,-0.002,-0.001,-0.099,-0.48,-6.68,1070,-38,-278,0,0,2475,-0.0111,-0.011,-0.013,-0.087,-0.51,-6.66,1057,-502,-207,0,0,2632,-0.0060,-0.016,-0.013,-0.087,-0.51,-6.66,1057,-533,-219,0,0
22.800,516.2,190.44,-7.40,-172.04,128.6,-0.15,-0.05,0.00,0.00,0.00,1.00,3,5621,-64.9,0.20,0.19,-1.93,-0.26,417,547,3069,-0.0009,0.008,-0.001,-0.099,-0.44,-6.73,1065,-29,-221,0,0,3240,0.0038,0.002,-0.001,-0.099,-0.44,-6.73,1065,-30,-232,0,0,2620,-0.0094,0.014,-0.012,-0.088,-0.45,-6.71,1052,-503,-197,0,0,2774,-0.0047,0.011,-0.012,-0.088,-0.45,-6.71,1053,-530,-208,0,0
22.920,520.4,186.59,-7.41,-170.17,127.9,-0.15,-0.04,0.00,0.00,1.00,1.00,3,5590,-64.7,0.20,0.24,-1.91,-0.22,410,541,3182,-0.0015,-0.005,-0.001,-0.099,-0.39,-6.77,1060,-33,-206,0,0,3348,0.0027,-0.009,-0.001,-0.099,-0.39,-6.77,1060,-35,-216,0,0,2456,-0.0103,-0.007,-0.013,-0.087,-0.41,-6.75,1046,-501,-166,0,0,2598,-0.0061,-0.011,-0.013,-0.087,-0.41,-6.75,1047,-527,-175,0,0
23.040,524.6,182.83,-7.41,-168.34,124.0,-0.93,-0.01,0.00,0.00,1.00,1.00,3,4438,-56.4,0.20,0.72,-1.83,-0.21,330,510,4335,0.0114,0.107,-0.182,0.082,-0.40,-6.76,845,-4047,-142,858,1,4371,0.0142,0.096,-0.195,0.095,-0.40,-6.76,832,-4079,-143,858,1,1785,-0.0201,-0.082,-0.188,0.088,-0.41,-6.75,820,-1734,-60,462,1,1793,-0.0172,-0.093,-0.188,0.088,-0.41,-6.75,820,-1741,-61,462,1
23.160,528.7,179.18,-7.41,-166.58,119.9,-0.97,0.00,0.00,0.00,1.00,1.00,3,3971,-53.4,0.20,1.14,-1.79,-0.55,261,478,4265,0.0191,0.065,-0.183,0.083,-0.42,-6.74,816,-3986,-145,858,1,4333,0.0210,0.056,-0.183,0.083,-0.42,-6.74,817,-4046,-149,858,1,1468,-0.0281,-0.067,-0.255,0.155,-0.46,-6.70,755,-1407,-44,462,1,1520,-0.0263,-0.076,-0.255,0.155,-0.46,-6.70,755,-1455,-45,462,1
23.280,532.6,175.66,-7.41,-164.87,115.8,-0.96,-0.01,0.00,0.00,1.00,1.00,3,4142,-54.6,0.20,1.24,-1.79,-0.71,235,447,4302,0.0211,0.017,-0.197,0.097,-0.49,-6.67,776,-4017,-169,858,1,4408,0.0235,0.021,-0.185,0.085,-0.49,-6.67,788,-4109,-173,858,1,1692,-0.0309,-0.023,-0.195,0.095,-0.55,-6.62,789,-1645,-76,462,1,1759,-0.0292,-0.024,-0.195,0.095,-0.54,-6.62,789,-1708,-79,462,1
23.400,536.4,172.25,-7.42,-163.21,112.2,-0.86,-0.02,0.00,0.00,0.00,1.00,3,4493,-56.8,0.20,1.16,-1.81,-0.96,227,419,3679,0.0198,-0.011,-0.001,-0.099,-0.53,-6.63,928,18,-320,0,0,3880,0.0227,-0.007,-0.002,-0.098,-0.53,-6.63,929,17,-336,0,0,1986,-0.0294,0.013,-0.096,-0.004,-0.61,-6.55,844,-1810,-153,0,0,2139,-0.0267,0.021,-0.095,-0.005,-0.61,-6.55,845,-1943,-164,0,0
23.520,540.1,168.90,-7.43,-161.60,111.4,-0.19,-0.06,0.00,0.00,0.00,1.00,3,4877,-59.6,0.20,0.69,-1.89,-0.75,275,411,3027,0.0077,-0.101,-0.001,-0.099,-0.54,-6.63,923,-32,-266,0,0,3330,0.0126,-0.084,-0.001,-0.099,-0.54,-6.63,924,-35,-291,0,0,2570,-0.0183,0.092,-0.012,-0.088,-0.61,-6.55,913,-463,-258,0,0,2808,-0.0134,0.111,-0.012,-0.088,-0.61,-6.55,913,-515,-280,0,0
23.640,543.8,165.56,-7.44,-159.99,111.1,-0.05,-0.06,0.00,1.00,0.00,1.00,3,5038,164.1,0.86,0.25,-1.89,-0.38,313,409,2973,0.0007,-0.058,-0.001,-0.099,-0.50,-6.66,921,-55,-247,0,0,3208,0.0065,-0.051,-0.001,-0.099,-0.50,-6.66,921,-58,-265,0,0,2863,-0.0082,0.084,0.023,-0.077,-0.54,-6.62,944,974,-254,0,0,3161,-0.0026,0.090,0.023,-0.077,-0.54,-6.62,943,1044,-278,0,0
23.760,547.5,162.20,-7.44,-158.39,111.9,0.19,-0.05,0.00,0.00,0.00,1.00,3,5122,164.3,1.59,-0.02,-1.86,-0.05,343,415,2654,-0.0064,-0.059,-0.001,-0.099,-0.44,-6.72,927,-62,-194,0,0,2831,-0.0013,-0.065,-0.001,-0.099,-0.44,-6.72,927,-64,-207,0,0,3081,0.0001,0.070,0.033,-0.067,-0.45,-6.72,958,1546,-220,0,0,3240,0.0050,0.063,0.033,-0.067,-0.45,-6.72,958,1611,-231,0,0
23.880,551.3,158.83,-7.45,-156.80,111.6,-0.07,-0.22,-0.37,0.00,0.00,1.00,3,4884,-59.7,0.37,0.08,-2.15,-9.99,335,412,2738,-0.0091,-0.023,0.010,-0.090,-12.00,4.84,910,127,-2449,0,0,4003,0.0032,0.038,0.002,-0.098,-9.80,2.64,917,46,-3393,0,0,2000,-0.0070,-0.060,-0.009,-0.091,-0.67,-6.49,913,-284,-209,0,0,3188,0.0048,-0.002,-0.014,-0.086,-0.66,-6.50,916,-658,-323,0,0
24.000,555.0,155.46,-7.46,-155.27,110.5,-0.23,-0.57,0.00,0.00,0.00,1.00,3,4838,-59.3,0.22,0.20,-2.91,-28.37,306,404,2480,-0.0131,-0.033,-0.043,-0.057,-0.53,-6.63,869,-778,-1905,0,0,4617,0.0198,0.138,-0.026,-0.074,-0.52,-6.64,907,-1218,-3139,0,0,1615,-0.0218,-0.123,-0.003,-0.097,-2.88,-4.28,902,-57,-698,0,0,3499,0.0112,0.053,-0.019,-0.081,-2.81,-4.35,909,-823,-1428,0,0
24.120,558.6,152.10,-7.46,-153.80,109.9,-0.13,-0.39,0.00,0.00,0.00,1.00,3,4772,-58.9,0.20,0.22,-2.78,-21.11,292,399,2663,-0.0126,0.005,-0.001,-0.099,-3.00,-4.16,900,-27,-1195,0,0,3878,0.0169,-0.024,-0.001,-0.099,-2.95,-4.21,916,-32,-1681,0,0,1954,-0.0220,-0.002,-0.010,-0.090,-4.76,-2.40,891,-203,-1275,0,0,2961,0.0075,-0.030,-0.023,-0.077,-4.68,-2.48,896,-692,-1858,0,0
24.240,562.3,148.72,-7.47,-152.41,109.2,-0.12,-0.56,0.00,0.00,0.00,1.00,3,4731,-58.6,0.20,0.13,-2.92,-16.53,291,394,2467,-0.0147,-0.018,-0.001,-0.099,-4.13,-3.03,895,-21,-1455,0,0,4255,0.0191,0.018,-0.001,-0.099,-4.07,-3.09,908,-39,-2413,0,0,1905,-0.0240,-0.017,-0.013,-0.087,-5.52,-1.64,884,-227,-1367,0,0,3382,0.0091,0.013,-0.023,-0.077,-5.44,-1.72,888,-689,-2333,0,0
24.360,565.9,145.34,-7.47,-151.11,108.4,-0.12,-0.63,0.00,0.00,0.00,1.00,3,4694,-58.3,0.20,0.03,-3.12,-12.46,288,389,2086,-0.0184,-0.031,-0.001,-0.099,-4.64,-2.52,889,-15,-1346,0,0,4024,0.0209,0.015,-0.001,-0.099,-4.59,-2.57,899,-32,-2500,0,0,1941,-0.0247,-0.006,-0.014,-0.086,-5.68,-1.48,877,-253,-1417,0,0,3553,0.0148,0.047,-0.021,-0.079,-5.62,-1.54,881,-665,-2500,0,0
24.480,569.5,141.95,-7.47,-149.90,107.6,-0.12,-0.62,0.00,0.00,0.00,1.00,3,4654,-58.0,0.20,0.08,-3.14,-9.90,282,383,2358,-0.0198,-0.012,-0.001,-0.099,-4.65,-2.51,884,-20,-1524,0,0,4130,0.0200,-0.007,-0.001,-0.099,-4.61,-2.55,892,-43,-2580,0,0,1778,-0.0268,-0.017,-0.017,-0.083,-5.49,-1.67,870,-279,-1275,0,0,3268,0.0131,-0.014,-0.022,-0.078,-5.44,-1.72,873,-647,-2268,0,0
24.600,573.1,138.56,-7.48,-148.78,106.9,-0.12,-0.63,0.00,0.00,0.00,1.00,3,4632,-57.9,0.20,0.04,-3.11,-8.33,280,378,2494,-0.0182,0.014,-0.001,-0.099,-4.40,-2.76,879,-22,-1552,0,0,4252,0.0218,0.015,-0.001,-0.099,-4.37,-2.79,885,-44,-2560,0,0,1911,-0.0266,0.002,-0.016,-0.084,-5.12,-2.04,866,-293,-1316,0,0,3508,0.0133,0.002,-0.020,-0.080,-5.08,-2.08,869,-651,-2337,0,0
24.720,576.6,135.16,-7.47,-147.75,106.1,-0.13,-0.59,0.00,0.00,0.00,1.00,3,4607,-57.7,0.20,0.02,-3.04,-5.81,278,372,2303,-0.0188,-0.005,-0.001,-0.099,-4.03,-3.13,874,-20,-1350,0,0,3858,0.0192,-0.022,-0.001,-0.099,-4.01,-3.16,878,-36,-2199,0,0,2034,-0.0242,0.020,-0.015,-0.085,-4.52,-2.64,861,-323,-1294,0,0,3379,0.0140,0.007,-0.018,-0.082,-4.50,-2.66,864,-608,-2093,0,0
24.840,580.1,131.77,-7.47,-146.80,105.4,-0.12,-0.52,0.00,0.00,0.00,1.00,3,4581,-57.5,0.20,0.10,-2.91,-4.77,275,368,2556,-0.0173,0.012,-0.001,-0.099,-3.49,-3.67,869,-25,-1342,0,0,4115,0.0174,-0.014,-0.002,-0.098,-3.48,-3.68,873,-68,-2098,0,0,1963,-0.0248,-0.005,-0.015,-0.085,-3.90,-3.26,857,-344,-1125,0,0,3120,0.0097,-0.037,-0.017,-0.083,-3.89,-3.27,859,-596,-1749,0,0
24.960,583.6,128.38,-7.48,-145.92,104.8,-0.13,-0.48,0.00,1.00,1.00,1.00,3,4567,-57.4,0.20,0.05,-2.76,-3.81,274,363,2745,-0.0137,0.031,-0.001,-0.099,-2.95,-4.21,865,-28,-1252,0,0,4003,0.0178,0.003,-0.001,-0.099,-2.94,-4.22,868,-43,-1785,0,0,2232,-0.0219,0.024,-0.013,-0.087,-3.29,-3.88,854,-365,-1118,0,0,3311,0.0095,-0.001,-0.015,-0.085,-3.27,-3.89,856,-583,-1623,0,0
25.080,587.1,125.06,-7.47,-145.11,101.0,-0.87,-0.25,-0.08,0.00,1.00,1.00,3,3610,14.4,0.71,0.56,-2.31,-2.65,220,338,3805,0.0002,0.116,-0.180,0.080,-6.09,-1.07,660,-3220,-1460,2860,0,4262,0.0196,0.015,-0.177,0.077,-5.49,-1.67,666,-3636,-1515,2860,0,1651,-0.0254,-0.029,-0.191,0.091,-3.03,-4.13,674,-1547,-407,462,1,1923,-0.0059,-0.128,-0.190,0.090,-3.02,-4.14,676,-1795,-472,462,1
25.200,590.4,121.85,-7.47,-144.36,97.6,-0.78,-0.39,-0.50,0.00,0.29,0.58,3,3255,-48.1,0.25,0.92,-2.40,-14.16,182,317,3439,0.0057,0.045,-0.179,0.079,-20.00,12.84,610,-1384,-2709,1224,0,4887,0.0279,0.070,-0.184,0.084,-16.77,9.60,640,-2240,-3630,367,1,1231,-0.0357,-0.086,-0.247,0.147,-3.69,-3.48,605,-1144,-281,198,1,2381,-0.0142,-0.070,-0.245,0.145,-3.64,-3.53,615,-2177,-533,198,1
25.320,593.6,118.73,-7.48,-143.69,94.8,-0.62,-0.60,-0.82,0.00,0.00,0.10,3,3930,-52.9,0.20,0.74,-2.84,-24.82,175,298,2725,0.0003,-0.045,0.030,-0.070,-37.39,30.23,634,58,-2384,0,0,4945,0.0344,0.054,0.023,-0.077,-31.07,23.91,696,130,-4221,0,0,1461,-0.0388,-0.025,-0.017,-0.083,-5.40,-1.76,762,-314,-1026,0,0,3215,-0.0046,0.080,-0.032,-0.068,-5.27,-1.89,769,-1056,-2125,0,0
25.440,596.7,115.65,-7.48,-143.11,93.0,-0.36,-0.60,0.00,0.00,0.00,1.00,2,4629,-57.7,0.20,0.42,-3.00,-27.64,183,287,2586,-0.0099,-0.085,0.001,-0.099,-4.76,-2.41,757,20,-1659,0,0,3982,0.0285,-0.049,0.000,-0.100,-4.62,-2.54,777,-6,-2454,0,0,1916,-0.0330,0.048,-0.210,0.110,-7.47,0.31,582,-1561,-916,0,0,3204,0.0060,0.088,-0.227,0.127,-7.26,0.10,588,-2612,-1387,0,0
25.560,599.8,112.62,-7.48,-142.61,91.4,-0.29,-0.62,0.00,0.00,0.00,1.00,2,5313,-62.6,0.20,0.31,-2.97,-31.58,181,277,2400,-0.0127,-0.023,0.000,-0.100,-6.67,-0.49,738,10,-1876,0,0,4506,0.0250,-0.029,-0.001,-0.099,-6.45,-0.71,762,-24,-3357,0,0,1608,-0.0321,0.007,-0.078,-0.022,-9.83,2.66,681,-692,-1312,0,0,3207,0.0052,-0.006,-0.097,-0.003,-9.51,2.35,689,-1602,-2426,0,0
25.680,602.8,109.63,-7.48,-142.22,90.1,-0.15,-0.81,-0.10,0.00,0.00,1.00,2,5437,-63.6,0.20,0.02,-3.31,-30.39,181,269,2050,-0.0189,-0.052,0.011,-0.089,-12.57,5.40,722,91,-1854,0,0,4674,0.0288,0.032,0.005,-0.095,-11.55,4.38,744,98,-4021,0,0,1731,-0.0323,-0.002,-0.038,-0.062,-11.47,4.31,697,-309,-1556,0,0,3859,0.0154,0.085,-0.060,-0.040,-11.12,3.96,703,-1081,-3257,0,0
25.800,605.8,106.66,-7.48,-141.94,88.6,-0.18,-0.87,-0.50,0.00,0.00,1.00,2,5303,-62.6,0.20,-0.13,-3.51,-28.17,174,260,1692,-0.0244,-0.046,0.056,-0.044,-28.11,20.95,670,161,-1521,0,0,4100,0.0286,-0.002,0.020,-0.080,-24.51,17.35,687,156,-3597,0,0,1651,-0.0324,-0.001,-0.041,-0.059,-12.79,5.63,680,-291,-1498,0,0,3742,0.0218,0.053,-0.062,-0.038,-12.42,5.26,686,-966,-3211,0,0
25.920,608.7,103.75,-7.48,-141.77,86.8,-0.25,-0.79,-0.83,0.00,0.00,1.00,2,5099,-61.2,0.20,0.07,-3.41,-25.99,158,249,2348,-0.0236,0.007,0.108,0.008,-42.80,35.64,573,276,-2022,0,0,4459,0.0268,-0.015,0.026,-0.074,-36.75,29.59,595,163,-3788,0,0,1279,-0.0354,-0.025,-0.055,-0.045,-13.91,6.75,654,-270,-1162,0,0,3028,0.0150,-0.056,-0.075,-0.025,-13.53,6.37,659,-853,-2616,0,0
26.040,611.5,100.90,-7.49,-141.71,84.5,-0.34,-0.79,0.00,0.00,0.00,1.00,2,4937,-60.0,0.20,0.10,-3.31,-24.96,146,237,2600,-0.0181,0.046,-0.155,0.055,-12.33,5.17,573,-1428,-1899,0,0,4816,0.0310,0.035,-0.052,-0.048,-12.00,4.83,661,-1510,-3981,0,0,1465,-0.0366,-0.011,-0.058,-0.042,-14.97,7.81,633,-302,-1329,0,0,3434,0.0114,-0.030,-0.076,-0.024,-14.57,7.40,638,-918,-2962,0,0
26.160,614.3,98.11,-7.49,-141.75,82.9,-0.15,-0.89,0.00,0.00,0.00,1.00,2,4830,-59.3,0.20,-0.10,-3.45,-26.81,140,228,2092,-0.0207,-0.022,0.001,-0.099,-13.03,5.86,656,9,-1917,0,0,4683,0.0328,0.015,-0.001,-0.099,-12.64,5.47,676,-26,-4114,0,0,1687,-0.0348,0.016,-0.056,-0.044,-15.91,8.75,619,-315,-1530,0,0,3828,0.0187,0.061,-0.077,-0.023,-15.44,8.28,625,-960,-3295,0,0
26.280,617.1,95.38,-7.49,-141.90,81.3,-0.14,-0.85,-0.33,0.00,0.00,1.00,2,4711,-58.4,0.20,-0.13,-3.46,-23.66,137,219,1949,-0.0263,-0.047,0.025,-0.075,-23.57,16.41,621,115,-1766,0,0,4242,0.0260,-0.056,0.004,-0.096,-21.44,14.28,634,56,-3736,0,0,1698,-0.0325,0.019,-0.059,-0.041,-16.51,9.35,604,-316,-1539,0,0,3734,0.0219,0.027,-0.077,-0.023,-16.08,8.91,609,-900,-3226,0,0
26.400,619.7,92.71,-7.49,-142.16,79.5,-0.21,-0.81,-0.68,0.00,0.00,1.00,2,4542,-57.2,0.20,0.00,-3.37,-23.66,130,209,2296,-0.0242,0.018,0.087,-0.013,-40.22,33.06,535,238,-1991,0,0,4663,0.0276,0.013,0.018,-0.082,-35.16,28.00,552,137,-3960,0,0,1490,-0.0355,-0.025,-0.068,-0.032,-17.24,10.07,582,-307,-1347,0,0,3288,0.0149,-0.058,-0.087,-0.013,-16.77,9.61,587,-856,-2839,0,0
26.520,622.3,90.13,-7.50,-142.50,77.3,-0.28,-0.85,0.00,0.00,0.00,1.00,2,4421,-56.4,0.20,-0.04,-3.35,-23.38,119,198,2376,-0.0200,0.035,-0.051,-0.049,-15.09,7.93,577,-551,-2108,0,0,4817,0.0316,0.033,0.001,-0.099,-14.67,7.51,625,-104,-4244,0,0,1571,-0.0357,-0.001,-0.065,-0.035,-17.76,10.59,567,-298,-1422,0,0,3633,0.0159,0.009,-0.084,-0.016,-17.27,10.11,572,-879,-3135,0,0
26.640,624.9,87.62,-7.50,-142.95,75.6,-0.13,-0.90,-0.18,0.00,0.00,1.00,2,4325,-55.7,0.20,-0.21,-3.44,-24.27,115,190,2095,-0.0226,-0.022,0.010,-0.090,-18.78,11.61,586,67,-1919,0,0,4632,0.0321,0.004,0.000,-0.100,-17.70,10.54,602,18,-4087,0,0,1702,-0.0335,0.018,-0.063,-0.037,-18.19,11.03,554,-307,-1539,0,0,3831,0.0212,0.044,-0.084,-0.016,-17.66,10.50,559,-900,-3299,0,0
26.760,627.4,85.19,-7.50,-143.49,73.9,-0.15,-0.84,0.00,1.00,0.00,1.00,2,4554,97.8,0.39,-0.10,-3.40,-21.12,109,181,2049,-0.0260,-0.028,-0.030,-0.070,-15.76,8.59,561,-234,-1871,0,0,4350,0.0258,-0.052,-0.011,-0.089,-15.34,8.18,589,-273,-3853,0,0,1666,-0.0324,0.009,0.014,-0.086,-18.25,11.09,588,-12,-1538,0,0,3714,0.0217,0.004,-0.013,-0.087,-17.78,10.62,589,-282,-3312,0,0
26.880,629.8,82.82,-7.51,-144.13,73.3,0.12,-0.81,0.00,0.00,0.00,1.00,2,5406,35.5,1.17,-0.21,-3.34,-25.27,117,178,1959,-0.0277,-0.015,-0.003,-0.097,-15.66,8.50,570,-14,-1806,0,0,4225,0.0244,-0.011,-0.004,-0.096,-15.16,8.00,589,-64,-3759,0,0,1944,-0.0308,0.014,0.218,0.118,-18.70,11.54,695,984,-1450,0,0,3808,0.0197,-0.016,0.174,0.074,-18.11,10.95,693,1669,-2924,0,0
27.000,632.3,80.50,-7.51,-144.88,72.8,0.15,-0.86,0.00,0.19,0.00,1.00,2,5324,197.4,1.26,-0.52,-3.35,-24.43,123,175,1836,-0.0296,-0.015,-0.002,-0.098,-15.82,8.66,566,-14,-1696,0,0,4276,0.0235,-0.008,-0.004,-0.096,-15.33,8.17,584,-51,-3801,0,0,2148,-0.0248,0.050,0.210,0.110,-18.77,11.61,688,996,-1665,0,0,4201,0.0282,0.071,0.167,0.067,-18.20,11.04,686,1637,-3320,0,0
27.120,634.7,78.24,-7.51,-145.74,72.3,0.17,-0.86,0.00,0.77,0.00,1.00,2,5034,164.4,1.09,-0.67,-3.34,-23.72,122,173,1839,-0.0306,-0.008,-0.002,-0.098,-15.89,8.73,562,-13,-1699,0,0,4290,0.0227,-0.007,-0.003,-0.097,-15.41,8.25,580,-44,-3813,0,0,2048,-0.0217,0.026,0.151,0.051,-18.78,11.62,650,736,-1716,0,0,4116,0.0315,0.027,0.113,0.013,-18.22,11.06,649,1131,-3469,0,0
27.240,637.1,76.04,-7.51,-146.71,71.8,0.15,-0.82,0.00,1.00,0.00,1.00,2,4678,13.3,0.79,-0.55,-3.30,-21.64,119,171,1759,-0.0326,-0.017,-0.002,-0.098,-15.97,8.81,559,-14,-1626,0,0,4034,0.0180,-0.039,-0.003,-0.097,-15.53,8.37,575,-38,-3600,0,0,1936,-0.0227,-0.008,0.076,-0.024,-18.61,11.45,602,436,-1722,0,0,3957,0.0301,-0.012,0.044,-0.056,-18.10,10.94,601,551,-3480,0,0
27.360,639.5,73.91,-7.51,-147.77,71.2,0.12,-0.81,0.00,0.19,0.00,1.00,2,5129,13.7,1.10,-0.40,-3.31,-23.62,116,168,1894,-0.0312,0.012,-0.003,-0.097,-15.73,8.57,554,-17,-1748,0,0,4316,0.0212,0.027,-0.004,-0.096,-15.24,8.08,571,-66,-3834,0,0,1853,-0.0272,-0.037,0.191,0.091,-18.64,11.48,659,871,-1438,0,0,3735,0.0241,-0.050,0.149,0.049,-18.08,10.92,657,1484,-2966,0,0
27.480,641.8,71.85,-7.51,-148.92,70.7,0.15,-0.85,0.00,0.73,0.00,1.00,2,4872,22.0,1.02,-0.54,-3.30,-23.85,116,165,1921,-0.0300,0.010,-0.009,-0.091,-7.19,0.02,564,-127,-1647,0,0,4290,0.0233,0.018,-0.002,-0.098,-4.82,-2.34,588,-111,-3161,0,0,2013,-0.0255,0.014,0.139,0.039,-18.62,11.46,626,746,-1677,0,0,4115,0.0277,0.029,0.099,-0.001,-18.05,10.89,625,1164,-3458,0,0
27.600,644.2,69.86,-7.51,-150.18,70.2,0.17,-0.86,0.00,0.43,0.00,1.00,2,4944,-12.5,1.07,-0.67,-3.28,-23.21,116,163,1860,-0.0302,-0.002,-0.003,-0.097,-15.44,8.28,547,-19,-1718,0,0,4212,0.0229,-0.004,-0.004,-0.096,-14.97,7.81,565,-59,-3748,0,0,2118,-0.0224,0.026,0.161,0.061,-18.35,11.19,635,916,-1690,0,0,4108,0.0307,0.025,0.121,0.021,-17.80,10.64,633,1449,-3336,0,0
27.720,646.5,67.95,-7.51,-151.52,69.8,0.15,-0.83,0.00,0.46,0.00,1.00,2,4923,31.3,1.08,-0.67,-3.26,-21.90,115,161,1687,-0.0319,-0.014,-0.003,-0.097,-15.28,8.12,544,-20,-1562,0,0,3895,0.0192,-0.031,-0.004,-0.096,-14.84,7.68,561,-52,-3483,0,0,2033,-0.0228,-0.004,0.162,0.062,-18.04,10.88,633,885,-1625,0,0,3997,0.0305,-0.002,0.124,0.024,-17.53,10.37,631,1429,-3248,0,0
27.840,648.8,66.13,-7.50,-152.96,69.4,0.17,-0.80,0.00,0.00,0.00,1.00,2,5108,30.9,1.17,-0.54,-3.22,-23.30,113,160,1870,-0.0316,0.002,-0.003,-0.097,-14.97,7.80,542,-21,-1727,0,0,4083,0.0190,-0.001,-0.004,-0.096,-14.50,7.34,559,-65,-3639,0,0,1878,-0.0244,-0.014,0.212,0.112,-17.92,10.76,657,971,-1396,0,0,3738,0.0262,-0.035,0.169,0.069,-17.38,10.22,655,1675,-2864,0,0
27.960,651.1,64.39,-7.50,-154.47,69.0,0.16,-0.84,0.00,0.20,0.00,1.00,2,5056,173.5,1.19,-0.61,-3.22,-24.30,113,157,1918,-0.0307,0.008,-0.003,-0.097,-14.77,7.61,539,-20,-1769,0,0,4347,0.0221,0.026,-0.004,-0.096,-14.29,7.13,557,-61,-3858,0,0,1998,-0.0243,0.001,0.207,0.107,-17.89,10.73,653,965,-1536,0,0,3987,0.0268,0.005,0.162,0.062,-17.32,10.16,651,1612,-3146,0,0
28.080,653.4,62.74,-7.50,-156.06,68.4,0.13,-0.86,0.30,0.38,0.00,1.00,2,4275,33.6,0.60,-0.71,-3.22,-23.12,110,155,1928,-0.0302,0.004,-0.006,-0.094,-7.03,-0.13,547,-93,-1642,0,0,4378,0.0233,0.010,-0.001,-0.099,-4.86,-2.30,569,-86,-3216,0,0,1995,-0.0233,0.009,0.001,-0.099,-17.73,10.56,559,134,-1829,0,0,4063,0.0302,0.028,-0.030,-0.070,-17.18,10.02,559,-128,-3617,0,0
28.200,655.7,61.17,-7.49,-157.71,67.7,-0.05,-0.46,0.61,0.90,0.00,1.00,2,4472,201.5,1.23,-0.61,-2.53,4.82,111,152,3174,-0.0184,0.098,-0.002,-0.098,4.94,-2.22,561,-59,1614,0,0,3124,0.0161,-0.060,0.004,-0.096,9.51,2.35,555,73,2569,0,0,2624,-0.0168,0.054,0.036,-0.064,-15.53,8.37,581,393,-2362,0,0,2893,0.0194,-0.090,0.042,-0.058,-15.62,8.46,581,460,-2589,0,0
28.320,658.0,59.67,-7.48,-159.39,67.9,0.18,-0.57,0.00,0.00,0.00,1.00,2,4944,-60.8,1.03,-0.50,-2.47,13.23,116,153,1731,-0.0191,-0.006,-0.008,-0.092,-12.29,5.13,552,-59,-1593,0,0,4007,0.0121,-0.033,-0.006,-0.094,-12.52,5.35,543,-108,-3563,0,0,2198,-0.0136,0.026,0.160,0.060,-10.56,3.39,619,1281,-1594,0,0,3791,0.0180,-0.012,0.179,0.079,-10.76,3.59,614,2266,-2586,0,0
28.440,660.2,58.26,-7.47,-161.16,67.7,0.06,-0.80,0.00,0.00,0.00,1.00,2,4239,-55.4,0.28,-0.45,-3.08,11.79,118,151,1885,-0.0275,-0.070,-0.002,-0.098,-8.00,0.84,560,-29,-1620,0,0,4565,0.0206,0.071,-0.003,-0.097,-8.13,0.97,550,-72,-3780,0,0,1738,-0.0223,-0.072,-0.031,-0.069,-6.44,-0.72,565,-199,-1386,0,0,3976,0.0256,0.064,-0.017,-0.083,-6.55,-0.61,564,30,-3096,0,0
28.560,662.5,56.93,-7.47,-162.97,67.2,-0.06,-0.69,0.00,0.00,0.00,1.00,2,4243,-55.4,0.21,-0.33,-3.02,7.76,117,149,2464,-0.0235,0.033,-0.001,-0.099,-4.29,-2.87,558,-29,-1567,0,0,4225,0.0241,0.029,-0.002,-0.098,-4.34,-2.82,552,-68,-2636,0,0,2094,-0.0237,-0.012,-0.027,-0.073,-3.25,-3.91,565,-241,-1089,0,0,3583,0.0227,-0.024,-0.018,-0.082,-3.28,-3.88,565,18,-1843,0,0
28.680,664.7,55.66,-7.46,-164.81,67.0,-0.03,-0.41,0.00,1.00,0.00,1.00,2,4570,189.7,1.11,-0.31,-2.40,3.68,117,148,2945,-0.0139,0.080,-0.002,-0.098,-1.99,-5.18,556,-57,-996,0,0,3539,0.0170,-0.059,-0.002,-0.098,-2.00,-5.17,553,-77,-1192,0,0,2618,-0.0160,0.064,0.067,-0.033,-1.49,-5.67,567,1277,-651,0,0,3139,0.0150,-0.064,0.070,-0.030,-1.50,-5.67,565,1648,-772,0,0
28.800,667.0,54.41,-7.45,-166.69,68.5,0.37,-0.17,0.00,1.00,0.00,1.00,2,4990,334.1,1.89,-0.50,-1.79,1.63,133,156,2639,-0.0123,0.013,-0.002,-0.098,-0.92,-6.24,568,-85,-424,0,0,2595,0.0018,-0.127,-0.002,-0.098,-0.92,-6.24,567,-88,-419,0,0,3265,-0.0019,0.117,0.130,0.030,-0.71,-6.46,644,3023,-270,0,0,3413,0.0130,-0.016,0.132,0.032,-0.71,-6.45,643,3159,-279,0,0
28.920,669.3,53.14,-7.44,-168.64,70.5,0.46,-0.06,0.05,0.94,0.00,1.00,2,5116,321.7,1.87,-0.65,-1.48,0.66,149,165,2610,-0.0134,-0.009,-0.002,-0.098,-0.46,-6.70,583,-86,-210,0,0,2612,-0.0075,-0.077,-0.002,-0.098,-0.46,-6.70,583,-87,-210,0,0,3296,0.0067,0.071,0.127,0.027,-0.38,-6.78,659,3056,-145,0,0,3344,0.0125,-0.004,0.128,0.028,-0.38,-6.78,659,3102,-147,0,0
29.040,671.7,51.83,-7.43,-170.63,72.2,0.41,0.23,0.39,0.76,0.00,1.00,2,4920,210.5,1.60,-0.68,-0.90,15.05,160,173,3430,-0.0068,0.055,-0.006,-0.094,9.38,2.21,593,-108,2957,0,0,2152,-0.0152,-0.064,-0.002,-0.098,11.75,4.59,579,-15,1956,0,0,3867,0.0156,0.075,0.047,-0.053,0.42,-6.74,633,2507,178,0,0,2659,0.0068,-0.047,0.070,-0.030,0.43,-6.73,634,2123,119,0,0
29.160,674.1,50.46,-7.42,-172.64,73.8,0.37,0.23,0.00,0.78,0.00,1.00,2,5347,275.3,1.83,-0.61,-0.67,17.21,164,181,3019,-0.0011,0.048,-0.002,-0.098,0.26,-6.90,617,-81,50,0,0,2687,-0.0158,-0.005,-0.002,-0.098,0.27,-6.89,603,-96,44,0,0,3455,0.0185,0.024,0.114,0.014,2.37,-4.79,688,3013,895,0,0,3213,0.0031,-0.031,0.139,0.039,2.42,-4.74,688,2920,755,0,0
29.280,676.6,49.04,-7.42,-174.69,75.6,0.45,0.21,0.00,0.67,0.00,1.00,2,5594,91.4,1.41,-0.61,-0.78,12.28,173,190,2859,-0.0052,-0.035,-0.002,-0.098,1.41,-5.76,630,-85,627,0,0,2308,-0.0170,-0.010,-0.002,-0.098,1.43,-5.73,620,-82,518,0,0,3588,0.0178,-0.007,0.099,-0.001,2.87,-4.29,705,3152,1045,0,0,3128,0.0062,0.026,0.119,0.019,2.92,-4.24,705,2825,851,0,0
29.400,679.2,47.55,-7.41,-176.76,77.1,0.34,0.10,-0.30,1.00,0.00,1.00,2,5576,304.6,1.80,-0.45,-0.99,-4.95,177,197,2526,-0.0070,-0.015,0.001,-0.099,-9.83,2.67,628,13,-2191,0,0,3050,-0.0145,0.021,-0.003,-0.097,-7.54,0.38,633,-78,-2408,0,0,2785,0.0126,-0.043,0.130,0.030,2.28,-4.88,719,2489,722,0,0,3285,0.0051,-0.009,0.122,0.022,2.27,-4.89,718,2881,867,0,0
29.520,681.8,46.02,-7.41,-178.87,78.7,0.40,0.07,0.00,1.00,0.00,1.00,2,5514,301.1,1.77,-0.46,-1.17,-10.65,186,206,3006,-0.0089,-0.016,-0.002,-0.098,1.22,-5.94,647,-96,670,0,0,5888,-0.0103,0.035,-0.002,-0.098,1.21,-5.95,655,-12,1277,0,0,3410,0.0096,-0.025,0.095,-0.005,-0.03,-7.13,710,2951,27,0,0,3113,0.0082,0.025,0.082,-0.018,-0.03,-7.14,711,2569,25,0,0
29.640,684.4,44.46,-7.40,-181.01,79.8,0.25,0.04,0.00,0.00,0.00,1.00,2,5052,-60.8,0.81,-0.47,-1.13,-5.43,188,211,3074,-0.0070,0.016,-0.001,-0.099,-0.02,-7.14,658,-27,18,0,0,3125,-0.0091,0.010,0.000,-0.100,-0.02,-7.14,663,-18,18,0,0,2946,0.0101,0.004,-0.014,-0.086,-0.64,-6.52,650,-625,-298,0,0,3123,0.0073,-0.008,-0.018,-0.082,-0.64,-6.53,651,-833,-312,0,0
29.760,687.1,42.90,-7.40,-183.15,79.1,-0.15,-0.05,0.00,0.00,0.00,1.00,2,5001,-60.5,0.26,-0.10,-1.33,-2.79,168,207,3220,-0.0033,0.031,-0.001,-0.099,-0.44,-6.72,654,-35,-224,0,0,3534,-0.0002,0.074,-0.001,-0.099,-0.44,-6.72,656,-36,-244,0,0,2446,-0.0009,-0.092,-0.017,-0.083,-0.76,-6.41,643,-616,-302,0,0,2778,0.0024,-0.041,-0.018,-0.082,-0.75,-6.41,644,-754,-340,0,0
29.880,689.7,41.36,-7.40,-185.28,79.3,0.03,-0.08,0.00,1.00,0.00,1.00,2,5330,183.7,1.12,0.04,-1.43,-1.66,164,208,2961,-0.0029,0.004,-0.002,-0.098,-0.53,-6.63,656,-71,-258,0,0,3297,0.0031,0.027,-0.001,-0.099,-0.53,-6.63,657,-74,-285,0,0,2702,-0.0061,-0.043,0.046,-0.054,-0.73,-6.44,687,1589,-307,0,0,2974,-0.0002,-0.021,0.043,-0.057,-0.72,-6.44,687,1670,-338,0,0
30.001,692.4,39.81,-7.40,-187.45,80.8,0.35,-0.07,0.00,1.00,0.00,1.00,2,5781,318.2,1.89,-0.24,-1.43,-1.11,185,216,2596,-0.0081,-0.044,-0.002,-0.098,-0.52,-6.64,668,-85,-222,0,0,2938,-0.0018,-0.041,-0.002,-0.098,-0.52,-6.64,669,-97,-249,0,0,3224,0.0010,0.059,0.112,0.012,-0.65,-6.51,745,2917,-252,0,0,3397,0.0068,0.058,0.110,0.010,-0.65,-6.51,745,3052,-267,0,0
30.121,695.1,38.23,-7.40,-189.67,82.0,0.29,-0.05,0.18,0.00,0.00,1.00,2,5214,-62.3,0.83,-0.45,-1.36,0.22,199,223,2940,-0.0104,-0.019,0.000,-0.100,2.84,-4.32,678,-14,777,0,0,2825,-0.0052,-0.028,0.001,-0.099,3.59,-3.57,678,13,951,0,0,3118,0.0067,0.048,-0.016,-0.084,-0.54,-6.62,691,-131,-279,0,0,3258,0.0118,0.041,-0.016,-0.084,-0.54,-6.62,691,-144,-290,0,0
30.241,697.8,36.63,-7.40,-191.88,81.7,-0.07,0.23,0.00,0.00,0.00,1.00,2,5188,-62.1,0.26,-0.09,-0.82,12.22,182,221,3552,0.0022,0.105,-0.001,-0.099,-0.63,-6.53,681,-41,-434,0,0,3077,-0.0081,-0.024,-0.001,-0.099,-0.64,-6.52,671,-61,-380,0,0,2779,0.0077,0.009,-0.022,-0.078,0.74,-6.43,687,-375,290,0,0,2376,-0.0025,-0.119,-0.011,-0.089,0.75,-6.41,687,148,254,0,0
30.361,700.5,35.04,-7.40,-194.08,81.5,-0.04,0.09,0.00,0.00,0.00,1.00,2,5177,-62.0,0.21,0.11,-0.95,6.24,174,220,3432,0.0032,0.008,-0.001,-0.099,0.44,-6.72,677,-43,228,0,0,3205,-0.0027,0.045,-0.001,-0.099,0.45,-6.72,672,-49,215,0,0,2801,0.0006,-0.060,-0.020,-0.080,1.14,-6.02,686,-257,521,0,0,2613,-0.0053,-0.023,-0.014,-0.086,1.15,-6.01,685,14,491,0,0
30.481,703.2,33.42,-7.40,-196.26,81.3,-0.04,0.15,0.00,1.00,0.00,1.00,2,5409,181.2,1.11,0.13,-0.88,3.20,172,219,3538,0.0048,0.013,-0.001,-0.099,0.65,-6.51,674,-48,371,0,0,3127,-0.0023,0.003,-0.001,-0.099,0.65,-6.51,672,-47,331,0,0,2971,0.0009,0.002,0.039,-0.061,1.01,-6.16,677,751,490,0,0,2599,-0.0069,-0.013,0.043,-0.057,1.01,-6.15,677,787,432,0,0
30.601,706.0,31.78,-7.40,-198.45,82.6,0.30,0.14,0.00,0.00,0.00,1.00,2,5407,46.1,1.37,-0.12,-0.85,1.90,191,226,2871,-0.0005,-0.044,-0.001,-0.099,0.60,-6.56,685,-62,287,0,0,2535,-0.0082,-0.049,-0.001,-0.099,0.61,-6.56,683,-59,255,0,0,3419,0.0075,0.056,0.016,-0.084,0.81,-6.35,695,1212,452,0,0,3128,-0.0003,0.054,0.018,-0.082,0.81,-6.35,695,1214,415,0,0
30.721,708.7,30.11,-7.40,-200.63,82.1,-0.12,0.12,0.00,0.00,0.00,1.00,2,5186,-61.8,0.32,0.04,-0.91,0.77,181,223,3424,0.0008,0.010,-0.001,-0.099,0.45,-6.71,680,-35,258,0,0,3201,-0.0056,0.021,-0.001,-0.099,0.45,-6.71,679,-33,243,0,0,2695,0.0035,-0.033,-0.018,-0.082,0.54,-6.62,668,-725,245,0,0,2531,-0.0029,-0.021,-0.017,-0.083,0.54,-6.62,667,-672,231,0,0
30.841,711.4,28.45,-7.41,-202.78,81.5,-0.12,0.09,0.00,1.00,0.00,1.00,2,5332,92.2,0.40,0.23,-0.98,0.55,171,220,3447,0.0038,0.025,-0.001,-0.099,0.29,-6.88,675,-57,167,0,0,3320,-0.0007,0.041,-0.001,-0.099,0.29,-6.88,675,-55,161,0,0,2713,-0.0020,-0.046,0.016,-0.084,0.35,-6.81,687,505,161,0,0,2618,-0.0064,-0.030,0.017,-0.083,0.35,-6.81,687,512,155,0,0
30.961,714.2,26.77,-7.41,-204.94,82.5,0.23,0.06,0.00,1.00,0.00,1.00,2,5705,270.3,1.62,0.01,-1.03,0.43,185,225,2937,0.0001,-0.031,-0.002,-0.098,0.16,-7.00,683,-82,83,0,0,2892,-0.0025,-0.015,-0.002,-0.098,0.16,-7.00,683,-81,82,0,0,3183,0.0020,0.033,0.074,-0.026,0.21,-6.96,735,2498,97,0,0,3191,-0.0011,0.045,0.073,-0.027,0.21,-6.96,735,2515,100,0,0
31.081,717.0,25.06,-7.42,-207.14,84.3,0.43,0.04,0.00,1.00,0.00,1.00,2,6124,335.1,2.04,-0.28,-1.07,0.25,210,236,2577,-0.0078,-0.066,-0.002,-0.098,0.08,-7.08,698,-86,37,0,0,2574,-0.0091,-0.055,-0.002,-0.098,0.08,-7.08,698,-87,37,0,0,3456,0.0097,0.065,0.128,0.028,0.11,-7.06,789,3204,42,0,0,3433,0.0083,0.078,0.128,0.028,0.11,-7.06,789,3185,42,0,0
31.201,719.8,23.31,-7.42,-209.38,86.1,0.42,-0.12,0.00,1.00,0.00,1.00,2,5800,200.0,1.47,-0.37,-1.36,-8.89,225,246,2196,-0.0140,-0.051,0.006,-0.094,-11.00,3.84,701,60,-1940,0,0,3215,-0.0083,0.006,0.000,-0.100,-8.89,1.73,708,-6,-2645,0,0,2791,0.0078,-0.016,0.052,-0.048,-0.26,-6.90,747,1872,-86,0,0,3659,0.0135,0.043,0.042,-0.058,-0.25,-6.91,747,2096,-113,0,0
31.321,722.7,21.54,-7.43,-211.68,87.5,0.33,-0.10,0.00,0.00,0.00,1.00,2,5761,45.7,1.42,-0.34,-1.47,-8.50,228,254,2782,-0.0137,0.003,-0.002,-0.098,-0.47,-6.69,721,-75,-185,0,0,3090,-0.0041,0.035,-0.001,-0.099,-0.46,-6.70,728,-65,-203,0,0,3082,0.0048,-0.025,0.028,-0.072,-1.36,-5.80,740,1533,-641,0,0,3304,0.0138,0.002,0.019,-0.081,-1.35,-5.81,740,1293,-690,0,0
31.441,725.6,19.78,-7.43,-213.99,87.1,-0.09,-0.15,0.00,1.00,0.00,1.00,2,5683,89.7,0.56,-0.07,-1.47,-4.56,208,251,3041,-0.0076,0.050,-0.001,-0.099,-0.93,-6.23,718,-50,-455,0,0,3525,0.0020,0.051,-0.001,-0.099,-0.93,-6.24,722,-51,-521,0,0,2499,-0.0021,-0.058,0.017,-0.083,-1.40,-5.76,733,497,-571,0,0,2923,0.0074,-0.054,0.013,-0.087,-1.40,-5.77,733,388,-662,0,0
31.561,728.5,18.03,-7.43,-216.33,87.9,0.21,-0.16,0.00,1.00,0.00,1.00,2,6206,268.3,1.67,-0.01,-1.51,-2.92,210,256,2686,-0.0087,-0.009,-0.002,-0.098,-0.98,-6.19,727,-76,-430,0,0,3191,0.0022,0.002,-0.002,-0.098,-0.97,-6.19,729,-83,-506,0,0,2746,-0.0047,-0.021,0.098,-0.002,-1.28,-5.88,811,2253,-479,0,0,3170,0.0062,-0.009,0.093,-0.007,-1.28,-5.89,811,2526,-557,0,0
31.681,731.5,16.28,-7.44,-218.72,89.7,0.42,-0.13,0.00,0.86,0.00,1.00,2,6545,294.7,2.00,-0.24,-1.46,-2.76,234,267,2601,-0.0128,-0.034,-0.002,-0.098,-0.96,-6.20,741,-88,-411,0,0,2948,-0.0027,-0.041,-0.002,-0.098,-0.96,-6.20,744,-89,-461,0,0,3184,0.0015,0.051,0.135,0.035,-1.24,-5.92,843,2958,-417,0,0,3480,0.0110,0.040,0.131,0.031,-1.24,-5.92,842,3205,-461,0,0
31.801,734.5,14.50,-7.45,-221.17,91.3,0.39,-0.14,0.00,1.00,0.00,1.00,2,6210,239.5,1.58,-0.43,-1.43,-1.80,252,277,2598,-0.0144,-0.013,-0.002,-0.098,-0.91,-6.25,755,-64,-391,0,0,3027,-0.0052,-0.020,-0.001,-0.099,-0.91,-6.26,757,-66,-451,0,0,3170,0.0060,0.038,0.025,-0.075,-1.09,-6.07,790,1750,-542,0,0,3530,0.0153,0.035,0.022,-0.078,-1.09,-6.07,790,1848,-603,0,0
31.921,737.6,12.71,-7.45,-223.67,93.0,0.38,-0.11,0.00,0.95,0.00,1.00,2,6809,310.6,2.02,-0.37,-1.40,-1.39,258,287,2558,-0.0150,-0.005,-0.002,-0.098,-0.78,-6.38,768,-83,-333,0,0,2874,-0.0063,-0.010,-0.002,-0.098,-0.78,-6.38,769,-88,-372,0,0,2999,0.0053,-0.006,0.133,0.033,-0.92,-6.24,883,2776,-309,0,0,3262,0.0139,-0.011,0.131,0.031,-0.92,-6.24,882,3000,-339,0,0
32.041,740.7,10.89,-7.46,-226.22,94.8,0.44,-0.08,0.00,0.77,0.00,0.61,2,6687,207.0,1.53,-0.38,-1.33,-1.90,271,298,2557,-0.0149,0.000,-0.002,-0.098,-0.74,-6.42,784,-85,-312,0,0,2911,-0.0079,-0.013,-0.003,-0.097,-0.74,-6.43,785,-136,-347,0,0,3164,0.0058,0.004,0.097,-0.003,-0.92,-6.24,860,2811,-361,0,0,3350,0.0125,-0.012,0.095,-0.005,-0.92,-6.24,859,2948,-385,0,0
32.161,743.9,9.06,-7.46,-228.83,96.0,0.29,-0.10,0.00,1.00,0.00,0.13,2,7195,283.5,1.96,-0.36,-1.32,-0.99,275,306,2809,-0.0129,0.017,-0.001,-0.099,-0.67,-6.50,794,-53,-310,0,0,3129,-0.0058,0.018,-0.001,-0.099,-0.66,-6.50,795,-55,-343,0,0,3013,0.0049,-0.008,0.017,-0.083,-0.76,-6.40,808,849,-376,0,0,3286,0.0120,-0.004,0.016,-0.084,-0.76,-6.40,808,869,-408,0,0
32.281,747.1,7.23,-7.46,-231.46,96.8,0.18,-0.08,0.00,1.00,0.00,1.00,3,6838,327.1,2.13,-0.17,-1.29,-0.80,266,310,2805,-0.0098,0.026,-0.002,-0.098,-0.55,-6.61,800,-88,-257,0,0,3016,-0.0033,0.021,-0.002,-0.098,-0.55,-6.61,801,-94,-275,0,0,2976,0.0015,-0.029,0.201,0.101,-0.62,-6.54,967,2835,-151,0,0,3158,0.0079,-0.034,0.200,0.100,-0.62,-6.54,966,3000,-161,0,0
32.401,750.4,5.38,-7.47,-234.14,98.5,0.41,-0.04,0.00,0.00,0.00,1.00,3,5525,-64.4,0.85,-0.26,-1.21,-2.17,284,322,2647,-0.0112,-0.012,-0.002,-0.098,-0.57,-6.59,814,-84,-246,0,0,2888,-0.0068,-0.029,-0.003,-0.097,-0.57,-6.59,816,-116,-264,0,0,3185,0.0042,0.023,0.266,0.166,-0.77,-6.39,1036,2934,-139,0,0,3281,0.0084,0.004,0.263,0.163,-0.77,-6.39,1036,3023,-145,0,0
32.521,753.7,3.49,-7.47,-236.88,100.3,0.42,-0.07,0.00,1.00,0.00,1.00,3,4575,167.5,0.98,-0.42,-1.22,-2.03,304,334,2594,-0.0129,-0.014,-0.002,-0.098,-0.64,-6.52,829,-71,-275,0,0,2907,-0.0079,-0.009,-0.001,-0.099,-0.64,-6.52,831,-71,-306,0,0,3243,0.0073,0.026,0.031,-0.069,-0.83,-6.33,856,1679,-425,0,0,3493,0.0123,0.033,0.029,-0.071,-0.83,-6.33,855,1715,-457,0,0
32.641,757.1,1.60,-7.48,-239.65,101.2,0.23,-0.09,0.00,1.00,0.00,1.00,3,4746,329.5,1.85,-0.29,-1.28,-1.05,299,340,2713,-0.0124,0.004,-0.002,-0.098,-0.62,-6.54,837,-72,-278,0,0,3033,-0.0057,0.018,-0.002,-0.098,-0.62,-6.54,838,-76,-309,0,0,2938,0.0041,-0.027,0.060,-0.040,-0.71,-6.45,889,2087,-313,0,0,3207,0.0107,-0.013,0.059,-0.041,-0.71,-6.45,889,2236,-341,0,0
32.761,760.5,-0.31,-7.48,-242.47,102.7,0.34,-0.08,0.00,1.00,0.00,1.00,3,4911,375.0,2.10,-0.25,-1.25,-0.84,307,349,2799,-0.0121,0.003,-0.002,-0.098,-0.56,-6.61,849,-83,-257,0,0,3033,-0.0055,0.002,-0.002,-0.098,-0.55,-6.61,850,-84,-277,0,0,3033,0.0027,-0.012,0.081,-0.019,-0.63,-6.53,920,2507,-263,0,0,3204,0.0087,-0.017,0.080,-0.020,-0.63,-6.53,920,2626,-279,0,0
32.881,763.9,-2.23,-7.49,-245.34,104.3,0.38,-0.07,0.00,1.00,0.00,1.00,3,4986,387.4,2.17,-0.35,-1.20,-0.67,323,360,2694,-0.0117,0.003,-0.002,-0.098,-0.49,-6.67,863,-81,-218,0,0,2879,-0.0065,-0.008,-0.002,-0.098,-0.49,-6.67,863,-83,-232,0,0,3213,0.0053,0.022,0.081,-0.019,-0.55,-6.62,934,2649,-242,0,0,3377,0.0105,0.015,0.080,-0.020,-0.55,-6.62,934,2763,-255,0,0
33.001,767.4,-4.18,-7.49,-248.26,105.8,0.37,-0.18,0.00,1.00,0.00,1.00,3,5111,388.5,2.19,-0.35,-1.41,-7.95,333,371,2183,-0.0158,-0.034,-0.006,-0.094,-0.06,-7.10,869,-190,-809,0,0,3221,-0.0056,0.008,-0.004,-0.096,-0.06,-7.10,877,-242,-977,0,0,2594,0.0036,-0.014,0.077,-0.023,-0.74,-6.42,955,2260,-249,0,0,1704,0.0134,0.024,0.095,-0.005,-0.81,-6.35,956,1464,-168,0,0
33.121,771.0,-6.13,-7.49,-251.23,107.4,0.38,-0.10,0.00,1.00,0.00,1.00,3,5197,387.4,2.20,-0.35,-1.36,-6.20,343,383,2679,-0.0149,0.007,-0.002,-0.098,-0.84,-6.32,886,-83,-361,0,0,3031,-0.0050,0.005,-0.002,-0.098,-0.84,-6.32,891,-83,-404,0,0,3036,0.0028,-0.007,0.096,-0.004,-1.37,-5.79,974,2620,-523,0,0,3308,0.0122,-0.010,0.090,-0.010,-1.36,-5.80,973,2778,-581,0,0
33.241,774.6,-8.10,-7.50,-254.26,109.0,0.38,-0.16,0.00,1.00,0.00,1.00,3,5248,386.4,2.20,-0.41,-1.37,-4.53,354,394,2519,-0.0149,0.000,-0.002,-0.098,-1.14,-6.02,900,-78,-467,0,0,3044,-0.0048,0.002,-0.002,-0.098,-1.14,-6.03,904,-83,-558,0,0,3037,0.0036,0.007,0.090,-0.010,-1.52,-5.64,983,2550,-598,0,0,3477,0.0138,0.014,0.085,-0.015,-1.51,-5.65,982,2838,-693,0,0
33.361,778.3,-10.07,-7.50,-257.35,110.6,0.37,-0.18,0.00,1.00,0.00,1.00,3,5354,384.0,2.20,-0.38,-1.42,-3.48,363,406,2451,-0.0168,-0.016,-0.002,-0.098,-1.24,-5.93,913,-76,-495,0,0,3004,-0.0053,-0.005,-0.002,-0.098,-1.23,-5.93,916,-83,-600,0,0,2848,0.0021,-0.013,0.096,-0.004,-1.52,-5.64,1003,2448,-551,0,0,3320,0.0136,-0.002,0.092,-0.008,-1.52,-5.65,1002,2790,-647,0,0
33.481,782.0,-12.05,-7.50,-260.50,112.2,0.38,-0.18,0.00,1.00,0.00,1.00,3,5421,382.4,2.20,-0.39,-1.41,-3.03,374,417,2546,-0.0162,0.005,-0.002,-0.098,-1.23,-5.93,927,-78,-514,0,0,3079,-0.0042,0.009,-0.002,-0.098,-1.23,-5.93,929,-85,-615,0,0,2942,0.0014,-0.006,0.094,-0.006,-1.48,-5.68,1016,2515,-558,0,0,3485,0.0130,-0.005,0.090,-0.010,-1.48,-5.69,1015,2911,-664,0,0
33.601,785.7,-14.04,-7.51,-263.70,113.8,0.38,-0.18,0.00,1.00,0.00,1.00,3,5466,381.3,2.20,-0.42,-1.41,-2.38,385,429,2413,-0.0165,-0.003,-0.002,-0.098,-1.18,-5.98,940,-75,-470,0,0,2922,-0.0048,-0.005,-0.002,-0.098,-1.18,-5.98,942,-81,-563,0,0,2992,0.0025,0.009,0.088,-0.012,-1.37,-5.79,1024,2499,-544,0,0,3426,0.0142,0.010,0.085,-0.015,-1.37,-5.79,1023,2804,-625,0,0
33.721,789.6,-16.02,-7.51,-266.96,115.3,0.37,-0.16,0.00,1.00,0.00,1.00,3,5568,378.9,2.20,-0.37,-1.37,-2.01,393,441,2509,-0.0166,0.000,-0.002,-0.098,-1.10,-6.06,953,-77,-456,0,0,3061,-0.0053,-0.004,-0.002,-0.098,-1.10,-6.06,954,-114,-547,0,0,2935,0.0015,-0.008,0.093,-0.007,-1.26,-5.90,1043,2511,-481,0,0,3263,0.0123,-0.016,0.090,-0.010,-1.26,-5.90,1042,2752,-537,0,0
33.841,793.4,-18.02,-7.51,-270.28,116.8,0.37,-0.15,0.00,1.00,0.00,1.00,3,5607,377.9,2.20,-0.41,-1.32,-1.74,405,453,2582,-0.0151,0.012,-0.002,-0.098,-1.00,-6.16,966,-78,-428,0,0,3004,-0.0049,0.003,-0.002,-0.098,-1.00,-6.16,967,-83,-494,0,0,3049,0.0024,0.008,0.085,-0.015,-1.14,-6.02,1050,2541,-466,0,0,3408,0.0126,0.002,0.083,-0.017,-1.14,-6.02,1050,2796,-523,0,0
33.961,797.4,-20.03,-7.51,-273.66,118.4,0.36,-0.13,0.00,1.00,0.00,1.00,3,5675,376.3,2.20,-0.39,-1.29,-1.35,414,465,2526,-0.0156,-0.005,-0.002,-0.098,-0.91,-6.25,979,-76,-381,0,0,2897,-0.0063,-0.012,-0.002,-0.098,-0.91,-6.25,980,-80,-434,0,0,3005,0.0030,0.005,0.084,-0.016,-1.01,-6.15,1063,2502,-412,0,0,3323,0.0123,-0.002,0.083,-0.017,-1.01,-6.15,1063,2730,-457,0,0
34.081,801.3,-22.04,-7.51,-277.08,119.9,0.36,-0.12,0.00,1.00,0.00,1.00,3,5763,374.2,2.20,-0.38,-1.25,-1.19,426,477,2669,-0.0143,0.011,-0.002,-0.098,-0.82,-6.34,991,-79,-361,0,0,3007,-0.0057,0.005,-0.002,-0.098,-0.82,-6.35,992,-84,-404,0,0,2992,0.0022,-0.006,0.087,-0.013,-0.91,-6.25,1079,2526,-366,0,0,644,0.0087,-0.030,0.107,0.007,-0.30,-6.86,1087,578,-68,0,0
34.201,805.4,-24.07,-7.51,-280.56,121.4,0.37,-0.11,0.00,1.00,0.00,1.00,3,5804,373.2,2.20,-0.41,-1.19,-1.05,437,489,2511,-0.0139,0.003,-0.002,-0.098,-0.74,-6.42,1004,-74,-307,0,0,2803,-0.0066,-0.007,-0.002,-0.098,-0.74,-6.42,1005,-78,-341,0,0,3059,0.0038,0.013,0.081,-0.019,-0.82,-6.34,1087,2515,-344,0,0,3310,0.0111,0.020,0.079,-0.021,-0.82,-6.35,1087,2692,-372,0,0
34.321,809.4,-26.11,-7.51,-284.09,122.9,0.35,-0.09,0.00,1.00,0.00,1.00,3,5902,370.8,2.20,-0.37,-1.16,-0.86,445,501,2595,-0.0143,-0.003,-0.002,-0.098,-0.67,-6.49,1017,-77,-288,0,0,2952,-0.0072,-0.005,-0.002,-0.098,-0.67,-6.49,1017,-112,-323,0,0,2992,0.0028,-0.008,0.085,-0.015,-0.73,-6.43,1105,2520,-297,0,0,3141,0.0094,-0.014,0.084,-0.016,-0.73,-6.43,1105,2627,-312,0,0
34.441,813.6,-28.16,-7.52,-287.67,124.4,0.36,-0.08,0.00,1.00,0.00,1.00,3,5940,369.9,2.20,-0.41,-1.11,-0.76,458,513,2682,-0.0129,0.012,-0.002,-0.098,-0.59,-6.57,1029,-78,-263,0,0,2910,-0.0071,0.001,-0.002,-0.098,-0.59,-6.57,1030,-81,-284,0,0,3110,0.0039,0.009,0.079,-0.021,-0.65,-6.51,1112,2543,-279,0,0,3309,0.0097,0.003,0.078,-0.022,-0.65,-6.51,1112,2683,-297,0,0
34.561,817.7,-30.23,-7.51,-291.30,125.9,0.35,-0.07,0.00,1.00,0.00,1.00,3,6049,366.8,2.20,-0.39,-1.10,-0.61,467,526,2610,-0.0138,-0.008,-0.002,-0.098,-0.53,-6.63,1041,-76,-229,0,0,2824,-0.0083,-0.010,-0.002,-0.098,-0.53,-6.63,1042,-79,-247,0,0,2927,0.0039,0.000,0.086,-0.014,-0.57,-6.59,1133,2476,-227,0,0,3099,0.0094,-0.003,0.085,-0.015,-0.57,-6.59,1133,2607,-241,0,0
34.681,822.0,-32.31,-7.51,-294.98,127.4,0.35,-0.06,0.00,1.00,0.00,1.00,3,6088,365.4,2.20,-0.39,-1.05,-0.60,479,538,2751,-0.0124,0.012,-0.002,-0.098,-0.48,-6.69,1054,-78,-217,0,0,2920,-0.0074,0.008,-0.002,-0.098,-0.48,-6.69,1054,-81,-230,0,0,3023,0.0033,-0.005,0.080,-0.020,-0.52,-6.64,1140,2496,-217,0,0,3284,0.0083,-0.010,0.079,-0.021,-0.52,-6.64,1140,2687,-235,0,0
34.801,826.2,-34.41,-7.51,-298.70,128.8,0.35,-0.06,0.00,1.00,0.00,1.00,3,6136,363.7,2.20,-0.40,-1.03,-0.45,489,550,2610,-0.0126,-0.001,-0.002,-0.098,-0.43,-6.73,1066,-74,-186,0,0,2782,-0.0083,-0.007,-0.002,-0.098,-0.43,-6.73,1066,-76,-197,0,0,3066,0.0045,0.010,0.076,-0.024,-0.46,-6.70,1149,2477,-198,0,0,3212,0.0089,0.005,0.076,-0.024,-0.46,-6.70,1149,2580,-208,0,0
34.921,830.6,-36.52,-7.51,-302.47,130.3,0.34,-0.05,0.00,1.00,0.00,1.00,3,6226,360.5,2.20,-0.37,-1.00,-0.39,498,562,2787,-0.0122,0.003,-0.002,-0.098,-0.39,-6.78,1078,-81,-178,0,0,2947,-0.0079,0.003,-0.002,-0.098,-0.39,-6.78,1078,-80,-188,0,0,2999,0.0033,-0.010,0.080,-0.020,-0.41,-6.75,1166,2477,-172,0,0,3106,0.0070,-0.016,0.080,-0.020,-0.41,-6.75,1166,2554,-178,0,0
35.041,834.9,-38.66,-7.51,-306.28,131.7,0.33,0.11,0.31,1.00,0.00,1.00,3,6266,359.1,2.20,-0.39,-0.70,8.60,510,575,3591,-0.0080,0.035,-0.001,-0.099,7.16,-0.01,1085,-12,2775,0,0,2182,-0.0109,-0.025,0.003,-0.097,8.89,1.73,1078,44,1863,0,0,3499,0.0078,0.037,0.071,-0.029,-0.09,-7.07,1173,2738,-61,0,0,2730,0.0050,-0.017,0.079,-0.021,-0.09,-7.07,1174,2254,-47,0,0
35.161,839.4,-40.85,-7.51,-310.11,132.9,0.29,0.26,0.00,0.00,0.00,1.00,3,6353,301.3,2.11,-0.29,-0.27,17.53,511,585,3124,-0.0018,0.052,-0.002,-0.098,0.70,-6.46,1106,-73,319,0,0,2670,-0.0164,-0.046,-0.002,-0.098,0.71,-6.45,1092,-78,278,0,0,3281,0.0126,0.040,0.073,-0.027,1.90,-5.26,1189,2490,826,0,0,2757,-0.0024,-0.062,0.087,-0.013,1.92,-5.24,1189,2274,669,0,0
35.281,843.8,-43.08,-7.51,-313.95,133.0,0.04,0.31,0.00,1.00,0.00,1.00,3,5841,23.6,0.59,-0.14,-0.16,11.78,488,585,3757,0.0036,0.044,-0.001,-0.099,1.99,-5.17,1105,-31,1159,0,0,2775,-0.0133,0.026,-0.001,-0.099,2.01,-5.15,1095,-28,876,0,0,3177,0.0103,-0.020,-0.009,-0.091,2.80,-4.36,1097,-439,1352,0,0,2272,-0.0066,-0.035,-0.004,-0.096,2.83,-4.34,1093,-150,990,0,0
35.401,848.2,-45.36,-7.51,-317.75,133.1,0.06,0.41,0.00,1.00,0.00,1.00,3,6194,251.8,1.58,0.04,0.06,9.08,466,586,3667,0.0085,0.041,-0.001,-0.099,2.53,-4.63,1104,-69,1425,0,0,2445,-0.0143,-0.009,-0.002,-0.098,2.55,-4.61,1097,-53,974,0,0,3226,0.0092,-0.009,0.049,-0.051,3.15,-4.01,1160,1672,1437,0,0,2185,-0.0136,-0.059,0.056,-0.044,3.17,-3.99,1161,1284,974,0,0
35.521,852.7,-47.70,-7.51,-321.54,134.1,0.25,0.44,0.00,1.00,0.00,1.00,3,6402,323.7,2.02,-0.09,0.18,7.84,490,595,3526,0.0081,-0.003,-0.002,-0.098,2.77,-4.39,1111,-78,1490,0,0,2255,-0.0174,-0.026,-0.002,-0.098,2.79,-4.37,1105,-62,977,0,0,3639,0.0132,0.034,0.076,-0.024,3.30,-3.86,1198,2529,1534,0,0,2597,-0.0123,0.011,0.084,-0.016,3.32,-3.84,1200,1923,1087,0,0
35.641,857.2,-50.12,-7.51,-325.33,135.2,0.30,0.44,0.00,1.00,0.00,1.00,3,6502,342.2,2.15,-0.22,0.20,6.21,517,606,3276,0.0045,-0.030,-0.002,-0.098,2.85,-4.31,1120,-76,1425,0,0,2146,-0.0213,-0.032,-0.002,-0.098,2.86,-4.30,1114,-63,954,0,0,3622,0.0175,0.035,0.085,-0.015,3.26,-3.90,1217,2661,1469,0,0,2658,-0.0084,0.032,0.091,-0.009,3.28,-3.89,1218,2048,1072,0,0
35.761,861.7,-52.61,-7.51,-329.11,136.5,0.31,0.42,0.00,1.00,0.00,1.00,3,6606,344.7,2.19,-0.26,0.19,6.09,535,617,3401,0.0035,-0.009,-0.002,-0.098,2.79,-4.37,1130,-82,1452,0,0,2286,-0.0213,0.000,-0.002,-0.098,2.80,-4.36,1125,-66,996,0,0,3528,0.0168,-0.005,0.092,-0.008,3.19,-3.97,1236,2717,1363,0,0,2716,-0.0082,0.002,0.098,-0.002,3.21,-3.96,1238,2172,1041,0,0
35.881,866.3,-55.17,-7.51,-332.90,137.7,0.32,0.42,0.00,1.00,0.00,1.00,3,6640,345.3,2.20,-0.29,0.19,5.36,547,628,3234,0.0024,-0.009,-0.002,-0.098,2.72,-4.44,1140,-77,1355,0,0,2135,-0.0225,-0.010,-0.002,-0.098,2.73,-4.43,1135,-71,913,0,0,3577,0.0182,0.011,0.088,-0.012,3.08,-4.09,1243,2716,1361,0,0,2642,-0.0067,0.013,0.094,-0.006,3.09,-4.08,1244,2090,1001,0,0
36.001,870.9,-57.81,-7.51,-336.68,138.4,0.19,0.42,0.00,0.00,0.00,1.00,3,6064,-68.0,0.86,-0.20,0.19,3.95,542,634,3668,0.0038,0.012,-0.001,-0.099,2.58,-4.58,1146,-39,1461,0,0,2538,-0.0204,0.017,-0.001,-0.099,2.59,-4.57,1143,-31,1032,0,0,3268,0.0153,-0.024,-0.010,-0.090,2.85,-4.31,1135,-363,1425,0,0,2272,-0.0095,-0.023,-0.008,-0.092,2.85,-4.31,1134,-203,1009,0,0
36.121,875.5,-60.49,-7.51,-340.42,137.7,-0.15,0.41,0.00,0.00,0.00,1.00,3,5992,-67.5,0.26,0.09,0.20,2.84,493,627,3847,0.0111,0.061,-0.001,-0.099,2.29,-4.87,1140,-54,1374,0,0,2806,-0.0134,0.058,-0.001,-0.099,2.30,-4.87,1138,-26,1020,0,0,2970,0.0093,-0.050,-0.016,-0.084,2.48,-4.68,1123,-624,1147,0,0,2110,-0.0153,-0.048,-0.015,-0.085,2.48,-4.68,1121,-434,828,0,0
36.241,880.1,-63.20,-7.52,-344.10,137.0,-0.16,0.36,0.00,0.00,0.00,1.00,3,5964,-67.3,0.21,0.27,0.11,2.78,466,620,3924,0.0127,0.014,-0.001,-0.099,1.99,-5.17,1135,-44,1232,0,0,3049,-0.0086,0.040,-0.001,-0.099,2.00,-5.16,1133,-30,972,0,0,2847,0.0032,-0.051,-0.016,-0.084,2.18,-4.98,1117,-622,979,0,0,2108,-0.0187,-0.029,-0.015,-0.085,2.18,-4.98,1116,-448,735,0,0
36.361,884.6,-65.93,-7.52,-347.74,136.2,-0.16,0.33,0.00,0.00,0.00,1.00,3,5943,-67.2,0.20,0.26,0.03,2.25,459,614,3747,0.0127,-0.001,-0.001,-0.099,1.74,-5.42,1129,-38,1039,0,0,2970,-0.0067,0.016,-0.001,-0.099,1.74,-5.42,1127,-28,835,0,0,2969,0.0025,-0.006,-0.014,-0.086,1.89,-5.27,1113,-605,896,0,0,2311,-0.0169,0.015,-0.014,-0.086,1.89,-5.27,1112,-461,706,0,0
36.481,889.1,-68.68,-7.52,-351.34,135.6,-0.15,0.28,0.00,0.00,0.00,1.00,3,5913,-66.9,0.20,0.28,-0.06,1.72,455,608,3772,0.0100,-0.022,-0.001,-0.099,1.49,-5.68,1123,-40,901,0,0,3107,-0.0062,0.004,-0.001,-0.099,1.49,-5.67,1122,-31,751,0,0,2816,0.0003,-0.018,-0.015,-0.085,1.60,-5.56,1108,-593,729,0,0,2242,-0.0166,0.003,-0.014,-0.086,1.60,-5.56,1107,-468,586,0,0
36.601,893.6,-71.45,-7.52,-354.89,134.9,-0.16,0.25,0.00,0.00,0.00,1.00,3,5889,-66.8,0.20,0.23,-0.13,1.33,453,602,3620,0.0098,-0.002,-0.001,-0.099,1.25,-5.91,1117,-37,734,0,0,3073,-0.0046,0.013,-0.001,-0.099,1.25,-5.91,1116,-30,629,0,0,2887,0.0000,-0.003,-0.014,-0.086,1.34,-5.82,1103,-580,630,0,0,2421,-0.0144,0.018,-0.013,-0.087,1.34,-5.82,1102,-483,533,0,0
36.721,898.1,-74.23,-7.52,-358.41,134.2,-0.15,0.20,0.00,0.00,0.00,1.00,3,5858,-66.6,0.20,0.25,-0.22,0.97,448,596,3473,0.0073,-0.021,-0.001,-0.099,1.03,-6.13,1112,-36,586,0,0,3223,-0.0046,0.000,-0.001,-0.099,1.03,-6.13,1111,-32,546,0,0,2692,-0.0017,-0.014,-0.014,-0.086,1.10,-6.06,1097,-561,486,0,0,2326,-0.0137,0.006,-0.014,-0.086,1.10,-6.06,1096,-484,422,0,0
36.841,902.6,-77.01,-7.52,-361.90,133.5,-0.15,0.17,0.00,0.00,0.00,1.00,3,5836,-66.4,0.20,0.21,-0.27,0.83,447,590,3554,0.0074,0.001,-0.001,-0.099,0.84,-6.32,1106,-36,488,0,0,3171,-0.0024,0.018,-0.001,-0.099,0.84,-6.32,1106,-31,438,0,0,2867,-0.0022,-0.004,-0.013,-0.087,0.90,-6.27,1093,-562,422,0,0,2538,-0.0120,0.014,-0.013,-0.087,0.90,-6.27,1092,-497,376,0,0
36.961,907.0,-79.78,-7.52,-365.33,130.8,-0.65,0.11,0.00,0.35,1.00,1.00,3,4716,80.0,0.39,0.50,-0.39,0.15,391,566,4048,0.0106,0.027,-0.189,0.089,0.74,-6.43,882,-3789,241,858,1,3911,0.0037,0.051,-0.181,0.081,0.74,-6.43,890,-3671,238,858,1,1877,-0.0096,-0.062,-0.191,0.091,0.75,-6.41,893,-1819,120,462,1,1805,-0.0166,-0.038,-0.190,0.090,0.75,-6.41,893,-1750,116,462,1
37.081,911.3,-82.47,-7.52,-368.66,127.6,-0.75,0.09,0.00,0.00,0.00,1.00,3,5102,-61.0,0.36,0.86,-0.46,1.51,325,540,4200,0.0195,0.074,0.000,-0.100,0.63,-6.54,1058,-32,422,0,0,4001,0.0154,0.098,0.000,-0.100,0.63,-6.54,1057,-26,404,0,0,2213,-0.0205,-0.091,-0.087,-0.013,0.73,-6.43,955,-1977,230,0,0,2045,-0.0246,-0.067,-0.096,-0.004,0.73,-6.43,950,-1852,189,0,0
37.201,915.5,-85.15,-7.52,-371.94,126.7,-0.22,0.12,0.00,0.00,0.00,1.00,3,5541,-64.3,0.21,0.53,-0.39,1.39,360,531,3374,0.0134,-0.051,-0.001,-0.099,0.59,-6.57,1051,-33,327,0,0,3042,0.0075,-0.066,-0.001,-0.099,0.59,-6.57,1049,-30,297,0,0,2822,-0.0108,0.081,-0.013,-0.087,0.69,-6.47,1038,-555,320,0,0,2555,-0.0167,0.066,-0.012,-0.088,0.69,-6.47,1037,-487,292,0,0
37.321,919.7,-87.82,-7.52,-375.20,126.0,-0.15,0.11,0.07,0.00,0.00,1.00,3,5514,-64.1,0.20,0.25,-0.37,0.86,390,525,3476,0.0074,-0.050,-0.001,-0.099,0.53,-6.63,1045,-36,302,0,0,3203,0.0018,-0.048,-0.001,-0.099,0.53,-6.63,1044,-33,280,0,0,2837,-0.0046,0.052,-0.012,-0.088,0.59,-6.57,1033,-541,276,0,0,2577,-0.0112,0.046,-0.012,-0.088,0.59,-6.57,1032,-486,252,0,0
37.441,923.9,-90.51,-7.51,-378.41,125.3,-0.17,0.39,0.00,0.00,0.00,1.00,3,5482,-63.9,0.20,0.15,0.13,14.88,395,519,4153,0.0127,0.044,-0.006,-0.094,0.13,-7.04,1040,-392,1581,0,0,2498,-0.0061,-0.066,-0.009,-0.091,0.13,-7.03,1025,-289,1164,0,0,3373,0.0043,0.074,-0.015,-0.085,1.19,-5.97,1029,-745,614,0,0,1989,-0.0146,-0.028,-0.008,-0.092,1.21,-5.96,1024,-250,375,0,0
37.561,928.1,-93.21,-7.51,-381.58,124.6,-0.15,0.27,0.22,0.00,0.00,1.00,3,5439,-63.6,0.20,0.19,0.14,13.26,387,514,3813,0.0109,-0.015,0.001,-0.099,6.81,-0.35,1032,41,2797,0,0,2363,-0.0073,-0.009,0.006,-0.094,8.06,0.90,1022,77,1907,0,0,3012,0.0028,-0.012,-0.017,-0.083,2.21,-4.95,1020,-693,1031,0,0,2087,-0.0153,-0.006,-0.010,-0.090,2.24,-4.92,1017,-303,735,0,0
37.681,932.2,-95.94,-7.51,-384.68,123.6,-0.20,0.69,0.57,0.00,0.00,1.00,3,5391,-63.2,0.20,0.21,0.83,25.84,373,505,4640,0.0221,0.093,0.011,-0.089,18.61,11.45,990,136,4088,0,0,2268,-0.0139,-0.055,0.036,-0.064,22.35,15.19,971,186,2050,0,0,3648,0.0112,0.070,-0.020,-0.080,3.84,-3.32,1012,-808,1957,0,0,1647,-0.0248,-0.079,-0.007,-0.093,3.91,-3.25,1006,-127,934,0,0
37.801,936.3,-98.72,-7.50,-387.69,122.1,-0.27,0.77,0.90,0.00,0.00,1.00,3,5294,-62.6,0.20,0.32,1.18,30.03,344,493,4567,0.0274,0.044,0.027,-0.073,31.20,24.04,897,196,3909,0,0,2346,-0.0179,-0.034,0.099,-0.001,37.37,30.20,871,286,2035,0,0,3437,0.0147,0.029,-0.025,-0.075,6.06,-1.10,994,-726,2491,0,0,1541,-0.0307,-0.049,-0.008,-0.092,6.21,-0.96,988,-105,1178,0,0
37.921,940.3,-101.53,-7.50,-390.58,120.4,-0.31,0.79,0.00,0.00,0.00,1.00,3,5167,-61.7,0.20,0.43,1.24,30.67,318,480,4701,0.0299,0.021,0.000,-0.100,5.97,-1.19,1002,14,3365,0,0,2593,-0.0161,0.015,-0.014,-0.086,6.12,-1.05,966,-423,1928,0,0,3315,0.0119,-0.023,-0.032,-0.068,8.24,1.08,970,-679,2720,0,0,1499,-0.0348,-0.035,-0.013,-0.087,8.44,1.28,965,-128,1292,0,0
38.041,944.3,-104.39,-7.50,-393.37,119.3,-0.10,0.86,0.00,0.00,1.00,1.00,3,5079,-61.0,0.20,0.29,1.37,28.17,318,471,4376,0.0292,-0.006,-0.001,-0.099,7.91,0.75,987,-21,3548,0,0,1968,-0.0200,-0.033,0.000,-0.100,8.09,0.93,966,4,1669,0,0,3755,0.0175,0.047,-0.035,-0.065,10.00,2.84,953,-700,3207,0,0,1770,-0.0317,0.026,-0.018,-0.082,10.23,3.06,949,-171,1584,0,0
38.161,948.2,-107.26,-7.50,-396.04,116.1,-0.64,0.67,0.29,0.00,0.62,1.00,3,4029,-53.8,0.20,0.60,1.05,24.49,274,447,4647,0.0291,0.000,-0.181,0.081,16.37,9.20,761,-2195,3437,673,1,3146,-0.0115,0.071,-0.308,0.208,18.00,10.84,624,-1876,1995,673,1,2569,0.0066,-0.091,-0.210,0.110,11.77,4.61,768,-1683,1656,363,1,1402,-0.0340,-0.019,-0.197,0.097,12.01,4.84,767,-897,958,363,1
38.281,952.1,-110.10,-7.49,-398.57,112.9,-0.58,0.75,0.68,0.00,0.00,1.00,3,4103,-54.1,0.20,0.77,1.06,27.20,237,424,4957,0.0343,0.043,-0.136,0.036,32.13,24.97,690,-997,4073,283,0,2979,-0.0056,0.049,-0.156,0.056,36.96,29.80,621,-586,2511,283,0,3065,0.0018,-0.040,-0.164,0.064,13.71,6.55,772,-1602,2282,152,0,1453,-0.0381,-0.034,-0.153,0.053,14.02,6.86,764,-729,1142,152,0
38.401,955.8,-112.94,-7.49,-400.97,110.3,-0.41,0.84,0.92,0.00,0.00,1.00,3,4453,-56.6,0.20,0.69,1.30,25.39,224,405,4700,0.0348,0.004,0.062,-0.038,44.74,37.58,693,276,3927,0,0,2363,-0.0115,-0.049,0.129,0.029,52.02,44.86,625,237,2020,0,0,3409,0.0084,0.054,-0.067,-0.033,15.30,8.14,836,-775,2977,0,0,1492,-0.0380,0.000,-0.051,-0.049,15.64,8.47,832,-265,1361,0,0
38.521,959.4,-115.78,-7.49,-403.25,108.1,-0.30,0.87,0.00,0.00,0.00,1.00,3,4399,-56.2,0.20,0.58,1.44,23.08,221,388,4623,0.0325,-0.019,-0.006,-0.094,14.47,7.31,867,-135,4083,0,0,2347,-0.0164,-0.041,-0.070,-0.030,14.76,7.60,797,-644,2057,0,0,3551,0.0121,0.031,-0.054,-0.046,16.32,9.15,825,-603,3136,0,0,1487,-0.0372,0.007,-0.038,-0.062,16.64,9.48,822,-183,1368,0,0
38.641,963.0,-118.64,-7.49,-405.39,106.6,-0.07,0.96,0.00,1.00,0.00,1.00,3,4807,166.0,0.86,0.31,1.63,22.51,232,377,4532,0.0316,-0.007,-0.002,-0.098,15.26,8.10,856,-28,4013,0,0,1894,-0.0226,-0.052,-0.002,-0.098,15.57,8.40,838,-12,1748,0,0,4045,0.0210,0.074,0.049,-0.051,17.08,9.92,901,535,3565,0,0,1867,-0.0332,0.033,0.072,-0.028,17.42,10.26,902,371,1680,0,0
38.761,966.5,-121.56,-7.49,-407.40,106.0,0.14,0.92,0.00,0.49,0.00,1.00,3,5195,113.8,1.37,0.08,1.62,20.49,249,372,4045,0.0253,-0.053,-0.003,-0.097,15.84,8.68,847,-42,3609,0,0,1789,-0.0282,-0.047,-0.002,-0.098,16.13,8.97,832,-10,1654,0,0,3979,0.0276,0.056,0.144,0.044,17.51,10.34,971,1519,3187,0,0,2109,-0.0261,0.060,0.168,0.068,17.82,10.66,973,916,1687,0,0
38.881,970.0,-124.52,-7.49,-409.30,104.6,-0.06,0.86,0.00,1.00,1.00,1.00,3,4224,242.8,1.45,0.11,1.51,14.47,244,362,4546,0.0233,-0.017,-0.260,0.160,16.46,9.30,617,-2596,2957,858,1,2464,-0.0269,0.011,-0.431,0.331,16.67,9.51,464,-1686,1250,858,1,3459,0.0251,-0.021,-0.060,-0.040,17.66,10.50,782,-552,3058,1540,0,1738,-0.0256,0.004,-0.048,-0.052,17.89,10.73,782,-218,1589,1540,0
39.001,973.5,-127.46,-7.49,-411.07,102.4,-0.29,0.84,0.00,0.00,0.00,1.00,3,4619,-60.3,1.07,0.34,1.44,13.19,214,348,4724,0.0297,0.054,-0.005,-0.095,16.21,9.05,813,-92,4167,0,0,2396,-0.0180,0.074,-0.123,0.023,16.41,9.24,711,-942,1974,0,0,3643,0.0171,-0.066,0.056,-0.044,17.32,10.16,860,668,3196,0,0,1670,-0.0306,-0.042,0.074,-0.026,17.53,10.36,865,387,1493,0,0
39.121,976.9,-130.43,-7.48,-412.71,101.0,-0.06,0.94,0.00,0.00,0.00,1.00,3,4130,-54.3,0.28,0.30,1.66,12.48,208,338,4494,0.0292,-0.004,-0.003,-0.097,15.73,8.57,806,-37,3981,0,0,1957,-0.0239,-0.049,-0.006,-0.094,15.92,8.75,793,-46,1803,0,0,3755,0.0218,0.038,-0.041,-0.059,16.82,9.66,774,-461,3331,0,0,5497,-0.0313,-0.006,-0.033,-0.067,17.02,9.85,773,-440,4766,0,0
39.241,980.2,-133.40,-7.48,-414.22,99.4,-0.09,0.93,0.00,0.00,0.00,1.00,3,4041,-53.7,0.21,0.28,1.71,11.49,207,328,4683,0.0286,-0.005,-0.003,-0.097,15.11,7.95,796,-41,4136,0,0,2197,-0.0254,-0.012,-0.001,-0.099,15.27,8.11,788,-7,2018,0,0,3766,0.0221,0.003,-0.050,-0.050,16.12,8.95,758,-600,3321,0,0,1640,-0.0324,-0.009,-0.043,-0.057,16.29,9.13,755,-231,1502,0,0
39.361,983.5,-136.36,-7.48,-415.61,96.5,-0.49,0.77,0.00,0.00,1.00,0.70,3,3146,-47.2,0.20,0.44,1.44,8.77,188,309,4728,0.0310,0.020,-0.227,0.127,14.97,7.81,599,-2692,3131,858,1,3063,-0.0161,0.077,-0.487,0.387,15.10,7.94,392,-2179,1296,858,1,2955,0.0145,-0.063,-0.234,0.134,15.77,8.61,584,-1711,2011,462,1,1676,-0.0326,-0.002,-0.229,0.129,15.90,8.74,580,-976,1176,462,1
39.481,986.6,-139.25,-7.48,-416.88,93.7,-0.49,0.76,0.00,0.00,0.00,0.22,3,3711,100.7,0.32,0.68,1.27,13.97,163,292,4780,0.0323,0.011,-0.002,-0.098,14.34,7.17,753,-40,4213,0,0,2603,-0.0094,0.056,-0.057,-0.043,14.54,7.38,704,-641,2292,0,0,3169,0.0070,-0.063,-0.069,-0.031,15.63,8.47,705,-828,2747,0,0,1432,-0.0350,-0.020,-0.078,-0.022,15.84,8.68,690,-416,1265,0,0
39.601,989.7,-142.13,-7.48,-418.02,92.1,-0.14,0.89,0.00,0.00,0.00,0.98,2,4357,-55.8,0.24,0.49,1.59,16.40,169,281,4574,0.0317,-0.005,-0.001,-0.099,13.93,6.77,744,-22,4043,0,0,2119,-0.0191,-0.081,0.001,-0.099,14.16,7.00,733,8,1948,0,0,3678,0.0158,0.074,-0.239,0.139,15.48,8.31,568,-2169,2416,0,0,1650,-0.0349,0.000,-0.241,0.141,15.73,8.57,557,-991,1130,0,0
39.721,992.8,-144.98,-7.49,-419.05,90.2,-0.21,0.90,0.00,0.00,0.00,1.00,2,5049,-60.8,0.20,0.34,1.69,19.45,167,270,4665,0.0319,0.002,-0.002,-0.098,13.85,6.69,729,-28,4116,0,0,2191,-0.0205,-0.012,0.001,-0.099,14.13,6.97,716,12,2011,0,0,3710,0.0191,0.027,-0.105,0.005,15.72,8.56,654,-1226,3095,0,0,1769,-0.0335,0.012,-0.095,-0.005,16.04,8.88,647,-543,1543,0,0
39.841,995.7,-147.82,-7.49,-419.94,88.7,-0.12,0.86,0.00,0.00,0.00,1.00,2,5095,-61.1,0.20,0.26,1.67,15.57,166,261,4220,0.0292,-0.023,0.000,-0.100,0.38,-6.78,738,-35,1011,0,0,2241,-0.0230,-0.020,-0.003,-0.097,3.12,-4.04,724,-86,1319,0,0,3647,0.0219,0.024,-0.081,-0.019,15.69,8.53,658,-948,3137,0,0,1899,-0.0306,0.024,-0.071,-0.029,15.95,8.79,654,-441,1697,0,0
39.961,998.7,-150.65,-7.49,-420.71,87.2,-0.11,0.88,0.00,1.00,0.00,1.00,2,5374,92.0,0.39,0.28,1.67,13.93,164,252,4523,0.0276,-0.013,-0.002,-0.098,13.57,6.41,704,-41,3998,0,0,2070,-0.0238,-0.007,0.000,-0.100,13.77,6.61,695,1,1903,0,0,3710,0.0208,-0.010,-0.019,-0.081,14.96,7.80,695,-368,3309,0,0,1637,-0.0306,0.000,-0.005,-0.095,15.19,8.03,694,-99,1514,0,0
40.081,1001.6,-153.47,-7.49,-421.36,86.8,0.13,0.89,-0.08,0.00,0.00,1.00,2,6594,211.0,1.56,0.11,1.73,16.06,173,249,4224,0.0264,-0.009,-0.004,-0.096,12.74,5.58,703,-76,3741,0,0,1921,-0.0264,-0.022,-0.004,-0.096,12.96,5.80,691,-30,1766,0,0,4017,0.0251,0.036,0.201,0.101,14.35,7.19,849,2210,2810,0,0,2042,-0.0281,0.021,0.227,0.127,14.60,7.44,851,1221,1410,0,0
40.201,1004.5,-156.33,-7.49,-421.89,86.9,0.21,0.72,-0.41,0.00,0.00,1.00,2,5821,-66.7,0.45,-0.14,1.45,6.56,190,250,3429,0.0191,-0.061,0.000,-0.100,-4.17,-2.99,721,10,-1581,0,0,2326,-0.0268,-0.004,-0.002,-0.098,-0.95,-6.21,716,-87,-8,0,0,3733,0.0283,0.027,0.055,-0.045,13.72,6.55,762,948,3217,0,0,2603,-0.0179,0.085,0.065,-0.035,13.82,6.66,762,760,2258,0,0
40.321,1007.4,-159.18,-7.49,-422.31,86.1,-0.03,0.76,0.00,0.00,0.00,1.00,2,5359,-63.3,0.22,0.00,1.41,-5.40,184,245,4467,0.0191,0.000,-0.003,-0.097,10.93,3.77,697,-67,3896,0,0,1947,-0.0244,0.020,-0.003,-0.097,10.87,3.70,701,-27,1766,0,0,3776,0.0239,-0.037,-0.018,-0.082,10.37,3.21,709,-71,3309,0,0,1550,-0.0196,-0.014,-0.023,-0.077,10.31,3.15,709,-75,1403,0,0
40.441,1010.2,-162.02,-7.49,-422.61,85.4,-0.05,0.78,-0.33,0.00,0.00,1.00,2,5368,-63.4,0.20,0.13,1.60,-8.88,178,241,4326,0.0251,0.051,0.000,-0.100,-1.85,-5.32,705,-19,-550,0,0,2471,-0.0243,0.001,-0.001,-0.099,-0.07,-7.10,712,-63,329,0,0,3491,0.0230,-0.007,-0.015,-0.085,7.47,0.30,710,-31,2849,0,0,1973,-0.0269,-0.061,-0.023,-0.077,7.40,0.23,710,-135,1641,0,0
40.561,1013.0,-164.84,-7.50,-422.86,84.8,-0.14,-0.02,0.00,0.00,0.00,1.00,2,5399,-63.6,0.20,0.11,0.15,-45.91,187,238,2745,0.0083,-0.140,0.001,-0.099,6.99,-0.17,685,-378,-209,0,0,4010,-0.0015,0.190,0.006,-0.094,6.65,-0.51,724,-132,549,0,0,2303,0.0035,-0.162,0.008,-0.092,1.98,-5.18,713,702,876,0,0,3361,-0.0063,0.172,-0.033,-0.067,1.88,-5.28,716,-923,1201,0,0
40.681,1015.9,-167.66,-7.50,-423.08,84.6,-0.06,0.24,0.00,0.00,0.00,1.00,2,5376,-63.4,0.20,0.09,0.07,-25.83,185,237,3228,0.0059,-0.020,-0.001,-0.099,0.76,-6.40,690,-63,536,0,0,3142,-0.0025,-0.008,0.000,-0.100,0.74,-6.43,711,-20,503,0,0,2868,0.0033,-0.001,-0.006,-0.094,-2.08,-5.09,711,381,-889,0,0,2770,-0.0052,0.009,-0.028,-0.072,-2.02,-5.15,712,-625,-833,0,0
40.801,1018.7,-170.46,-7.50,-423.32,84.4,-0.04,-0.21,0.00,1.00,0.00,1.00,2,5478,158.3,0.86,0.12,-0.54,-13.93,185,236,2630,-0.0033,-0.077,-0.001,-0.099,-1.40,-5.76,693,-42,-564,0,0,3756,0.0044,0.058,-0.001,-0.099,-1.38,-5.78,704,-40,-780,0,0,2239,-0.0065,-0.082,-0.009,-0.091,-2.92,-4.24,710,152,-1004,0,0,3188,0.0012,0.053,-0.022,-0.078,-2.88,-4.28,710,-361,-1388,0,0
40.921,1021.5,-173.27,-7.50,-423.61,85.3,0.23,-0.33,0.00,0.00,0.00,1.00,2,6132,296.1,1.82,-0.12,-0.95,-9.87,199,241,2298,-0.0116,-0.069,-0.002,-0.098,-2.03,-5.13,702,-76,-739,0,0,3484,0.0084,0.033,-0.002,-0.098,-2.01,-5.16,710,-91,-1089,0,0,2742,-0.0080,-0.012,0.124,0.024,-3.09,-4.07,791,2370,-911,0,0,3780,0.0115,0.086,0.109,0.009,-3.05,-4.11,789,3099,-1308,0,0
41.041,1024.4,-176.12,-7.50,-423.95,85.9,0.16,-0.37,0.11,0.00,0.00,1.00,2,5420,-63.5,0.61,-0.29,-1.06,-5.20,208,244,493,-0.0172,-0.047,0.017,-0.083,-2.24,-4.92,709,24,-174,0,0,3553,0.0065,-0.016,0.000,-0.100,-2.12,-5.04,713,-25,-1185,0,0,2519,-0.0046,0.028,-0.018,-0.082,-2.69,-4.47,697,-570,-1061,0,0,3496,0.0183,0.056,-0.020,-0.080,-2.67,-4.49,699,-874,-1439,0,0
41.161,1027.2,-178.94,-7.50,-424.31,85.1,-0.20,0.10,0.00,0.00,0.00,1.00,2,5366,-63.1,0.24,0.05,-0.26,18.96,190,239,4070,-0.0012,0.134,-0.003,-0.097,8.37,1.21,703,-74,3378,0,0,2753,0.0010,-0.046,0.002,-0.098,10.84,3.68,686,35,2458,0,0,3040,-0.0022,0.020,-0.025,-0.075,-1.08,-6.08,694,-1064,-609,0,0,1772,0.0000,-0.152,-0.013,-0.087,-1.11,-6.05,688,-358,-374,0,0
41.281,1030.0,-181.74,-7.50,-424.67,84.4,-0.17,-0.02,0.00,0.00,0.00,1.00,2,5329,-62.8,0.20,0.22,-0.09,14.25,178,235,3547,0.0053,0.054,-0.001,-0.099,-0.30,-6.86,704,-28,-253,0,0,3598,0.0037,0.023,-0.001,-0.099,-0.30,-6.86,693,-50,-262,0,0,2593,-0.0042,-0.017,-0.024,-0.076,1.23,-5.93,688,-908,484,0,0,2625,-0.0069,-0.057,-0.013,-0.087,1.25,-5.91,684,-519,503,0,0
41.401,1032.8,-184.52,-7.50,-425.00,83.6,-0.18,0.33,0.31,0.00,0.00,1.00,2,5288,-62.5,0.20,0.18,0.40,17.97,175,231,4311,0.0120,0.056,-0.002,-0.098,8.16,0.99,691,-61,3539,0,0,2492,-0.0020,-0.048,0.001,-0.099,9.97,2.80,676,20,2206,0,0,3453,0.0021,0.053,-0.022,-0.078,1.93,-5.24,684,-1058,1002,0,0,1935,-0.0119,-0.041,-0.012,-0.088,1.96,-5.20,678,-336,591,0,0
41.521,1035.6,-187.27,-7.49,-425.25,82.5,-0.23,0.62,0.00,0.00,0.00,1.00,2,5197,-61.9,0.20,0.24,1.20,27.83,165,225,4384,0.0233,0.095,0.000,-0.100,0.84,-6.32,693,142,851,0,0,2429,-0.0132,-0.093,0.004,-0.096,0.87,-6.29,675,-59,571,0,0,3484,0.0131,0.091,-0.029,-0.071,3.87,-3.29,673,-1102,1837,0,0,1833,-0.0235,-0.097,-0.011,-0.089,3.99,-3.17,665,-215,1035,0,0
41.641,1038.3,-190.00,-7.49,-425.44,81.8,-0.14,0.44,0.00,0.00,0.00,1.00,2,5118,-61.3,0.20,0.27,1.01,18.06,162,221,3953,0.0188,-0.038,-0.001,-0.099,2.73,-4.43,683,-31,1606,0,0,2727,-0.0115,0.014,-0.001,-0.099,2.79,-4.37,669,-29,1150,0,0,3145,0.0090,-0.034,-0.032,-0.068,4.72,-2.44,662,-975,1970,0,0,2107,-0.0212,0.019,-0.019,-0.081,4.82,-2.34,656,-399,1383,0,0
41.761,1041.1,-192.71,-7.49,-425.56,81.2,-0.09,0.54,0.00,1.00,0.00,1.00,2,5433,139.4,0.59,0.17,1.09,12.60,164,218,4069,0.0192,0.004,-0.001,-0.099,3.16,-4.01,676,-65,1904,0,0,2504,-0.0123,-0.007,-0.002,-0.098,3.20,-3.96,666,-50,1216,0,0,3456,0.0109,0.016,0.033,-0.067,4.56,-2.60,700,984,2126,0,0,2129,-0.0216,-0.003,0.049,-0.051,4.62,-2.54,701,900,1313,0,0
41.881,1043.8,-195.43,-7.49,-425.59,81.8,0.18,0.53,0.00,0.00,0.00,1.00,2,5221,-62.1,0.92,-0.11,1.13,7.70,179,221,3728,0.0147,-0.038,-0.001,-0.099,3.05,-4.12,680,-42,1713,0,0,2268,-0.0179,-0.046,-0.001,-0.099,3.07,-4.09,673,-41,1075,0,0,3763,0.0187,0.065,-0.010,-0.090,3.90,-3.26,672,-150,2124,0,0,2527,-0.0140,0.063,-0.004,-0.096,3.94,-3.22,670,114,1464,0,0
42.001,1046.5,-198.14,-7.49,-425.55,81.2,-0.12,0.47,0.00,1.00,0.00,1.00,2,5310,92.4,0.48,0.01,1.02,4.01,172,218,3838,0.0137,-0.009,-0.001,-0.099,2.50,-4.66,673,-56,1501,0,0,2671,-0.0161,0.015,-0.001,-0.099,2.51,-4.65,669,-41,1069,0,0,3219,0.0148,-0.033,0.015,-0.085,2.95,-4.21,685,424,1465,0,0,2263,-0.0151,-0.010,0.020,-0.080,2.96,-4.20,685,429,1046,0,0
42.121,1049.2,-200.83,-7.49,-425.46,79.5,-0.40,0.31,0.00,0.00,1.00,1.00,2,4766,149.6,1.44,0.30,0.71,0.17,154,209,4272,0.0145,0.006,-0.205,0.105,2.11,-5.05,527,-3916,715,858,1,3739,-0.0061,0.083,-0.182,0.082,2.11,-5.05,540,-3457,636,858,1,2270,0.0037,-0.092,-0.077,-0.023,2.14,-5.02,616,-1621,704,1540,0,1890,-0.0179,-0.023,-0.078,-0.022,2.14,-5.02,616,-1364,589,1540,0
42.241,1051.8,-203.43,-7.49,-425.33,77.8,-0.38,0.26,0.00,0.00,0.00,1.00,2,4916,-59.9,0.36,0.49,0.52,1.63,138,200,3992,0.0192,0.039,-0.001,-0.099,1.32,-5.84,645,-49,872,0,0,3355,0.0036,0.081,-0.001,-0.099,1.33,-5.83,644,-36,742,0,0,2884,-0.0045,-0.068,-0.019,-0.081,1.51,-5.65,634,-784,717,0,0,2331,-0.0200,-0.018,-0.019,-0.081,1.52,-5.64,632,-632,586,0,0
42.361,1054.4,-206.02,-7.49,-425.18,77.9,0.03,0.20,0.00,1.00,0.00,1.00,2,5237,189.4,1.15,0.16,0.41,1.01,153,201,3058,0.0109,-0.069,-0.002,-0.098,0.92,-6.24,646,-82,469,0,0,2669,-0.0020,-0.047,-0.002,-0.098,0.92,-6.24,645,-80,412,0,0,3244,0.0024,0.057,0.042,-0.058,1.04,-6.13,675,1748,536,0,0,2874,-0.0105,0.079,0.044,-0.056,1.04,-6.12,675,1612,476,0,0
42.481,1057.0,-208.63,-7.49,-425.00,79.0,0.25,0.13,0.00,0.00,0.00,1.00,2,5033,-61.7,1.03,-0.15,0.26,0.21,174,207,2958,0.0001,-0.090,-0.001,-0.099,0.62,-6.54,655,-34,310,0,0,2755,-0.0086,-0.055,-0.001,-0.099,0.62,-6.54,654,-34,290,0,0,3218,0.0089,0.055,-0.011,-0.089,0.65,-6.52,647,-248,353,0,0,3010,0.0002,0.089,-0.010,-0.090,0.65,-6.52,647,-223,332,0,0
42.601,1059.6,-211.25,-7.49,-424.80,78.7,-0.08,0.08,0.00,1.00,0.00,1.00,2,5214,142.0,0.72,-0.03,0.16,0.09,167,205,3416,0.0015,0.011,-0.001,-0.099,0.37,-6.80,651,-68,212,0,0,3266,-0.0035,0.043,-0.001,-0.099,0.37,-6.80,651,-65,203,0,0,2877,0.0035,-0.045,0.030,-0.070,0.38,-6.79,672,1140,181,0,0,2732,-0.0026,-0.023,0.030,-0.070,0.38,-6.79,672,1095,172,0,0
42.721,1062.3,-213.89,-7.49,-424.60,79.9,0.29,0.05,0.00,1.00,0.00,1.00,2,5601,298.3,1.77,-0.22,0.09,0.08,179,211,2885,-0.0017,-0.026,-0.002,-0.098,0.22,-6.94,662,-86,108,0,0,2810,-0.0049,-0.012,-0.002,-0.098,0.22,-6.94,661,-85,105,0,0,3326,0.0057,0.019,0.088,-0.012,0.23,-6.93,722,2814,105,0,0,3244,0.0025,0.042,0.089,-0.011,0.23,-6.93,722,2752,102,0,0
42.841,1065.0,-216.58,-7.49,-424.38,81.8,0.45,0.04,0.08,0.85,0.00,1.00,2,5967,305.8,1.98,-0.46,0.05,0.67,200,222,2594,-0.0083,-0.055,-0.002,-0.098,2.77,-4.39,677,-67,762,0,0,2461,-0.0103,-0.045,-0.001,-0.099,3.37,-3.79,676,-48,863,0,0,3476,0.0113,0.046,0.132,0.032,0.16,-7.01,768,3245,60,0,0,3384,0.0093,0.057,0.133,0.033,0.16,-7.01,768,3166,58,0,0
42.961,1067.7,-219.33,-7.49,-424.13,83.6,0.42,0.32,0.50,0.00,0.00,1.00,2,6343,137.2,1.70,-0.46,0.57,18.63,212,232,3426,-0.0035,0.040,0.003,-0.097,13.94,6.77,681,30,3070,0,0,1958,-0.0190,-0.073,0.016,-0.084,17.18,10.02,665,95,1803,0,0,3820,0.0186,0.061,0.149,0.049,1.25,-5.91,813,3564,410,0,0,2566,0.0030,-0.053,0.175,0.075,1.27,-5.89,817,2451,251,0,0
43.081,1070.5,-222.12,-7.49,-423.83,84.4,0.22,0.39,0.00,1.00,0.00,1.00,2,5698,189.1,1.18,-0.35,0.94,21.94,207,236,3649,0.0055,0.075,-0.001,-0.099,1.02,-6.14,707,-54,501,0,0,2633,-0.0193,-0.002,-0.002,-0.098,1.04,-6.12,689,-72,376,0,0,3435,0.0206,0.017,0.038,-0.062,3.36,-3.80,735,1317,1629,0,0,2583,-0.0053,-0.069,0.063,-0.037,3.45,-3.72,734,1547,1192,0,0
43.201,1073.4,-224.93,-7.49,-423.48,85.7,0.33,0.37,0.10,0.84,0.00,1.00,2,6250,277.2,1.86,-0.36,0.89,16.17,210,243,3434,0.0052,-0.002,-0.001,-0.099,5.66,-1.51,712,-23,2116,0,0,2310,-0.0175,0.015,0.001,-0.099,6.45,-0.72,700,2,1555,0,0,3716,0.0191,-0.013,0.123,0.023,3.97,-3.19,804,3029,1506,0,0,2784,-0.0036,0.014,0.146,0.046,4.04,-3.12,806,2397,1054,0,0
43.321,1076.2,-227.78,-7.49,-423.04,86.8,0.30,0.62,0.44,0.82,0.00,1.00,2,6093,231.9,1.58,-0.34,1.33,23.03,215,249,3906,0.0087,0.028,0.007,-0.093,17.59,10.43,697,75,3490,0,0,1758,-0.0258,-0.069,0.025,-0.075,21.00,13.84,678,106,1612,0,0,4027,0.0253,0.052,0.079,-0.021,4.87,-2.29,784,2438,2264,0,0,2187,-0.0092,-0.046,0.109,0.009,5.00,-2.16,786,1622,1157,0,0
43.441,1079.2,-230.64,-7.49,-422.51,87.7,0.28,0.58,0.00,0.92,0.00,1.00,2,6259,228.3,1.57,-0.27,1.44,24.99,214,255,3661,0.0110,0.019,-0.002,-0.098,3.86,-3.30,733,-71,1990,0,0,2214,-0.0259,-0.001,-0.003,-0.097,3.96,-3.20,712,-87,1257,0,0,3781,0.0243,-0.009,0.097,-0.003,6.41,-0.76,806,2319,2389,0,0,2402,-0.0132,-0.033,0.130,0.030,6.58,-0.58,807,1732,1411,0,0
43.561,1082.1,-233.52,-7.49,-421.89,88.4,0.24,0.65,0.00,0.00,0.00,1.00,2,5703,-65.8,0.70,-0.32,1.52,20.57,217,259,4041,0.0129,0.016,-0.001,-0.099,4.97,-2.19,736,-42,2634,0,0,2040,-0.0255,0.003,-0.002,-0.098,5.08,-2.08,719,-34,1392,0,0,3994,0.0251,0.007,-0.019,-0.081,7.06,-0.10,743,13,3141,0,0,2289,-0.0133,-0.001,0.001,-0.099,7.21,0.05,742,380,1847,0,0
43.681,1085.0,-236.36,-7.49,-421.17,87.9,-0.03,0.74,0.00,0.00,0.00,1.00,2,5563,-64.8,0.25,-0.12,1.73,14.84,200,255,4245,0.0192,0.053,-0.001,-0.099,5.29,-1.87,729,-46,2883,0,0,2142,-0.0251,0.004,-0.001,-0.099,5.38,-1.78,717,-25,1518,0,0,3672,0.0241,-0.009,-0.021,-0.079,6.81,-0.35,735,-239,2859,0,0,1857,-0.0204,-0.059,-0.007,-0.093,6.92,-0.24,735,97,1499,0,0
43.801,1087.9,-239.16,-7.49,-420.35,87.2,-0.06,0.78,0.39,0.00,0.00,1.00,2,5533,-64.5,0.20,0.09,1.86,15.76,188,252,4453,0.0231,0.033,0.005,-0.095,15.56,8.40,704,68,3946,0,0,2154,-0.0243,0.007,0.019,-0.081,18.03,10.87,692,116,1975,0,0,3599,0.0207,-0.028,-0.021,-0.079,6.45,-0.72,731,-235,2737,0,0,1612,-0.0267,-0.053,-0.006,-0.094,6.56,-0.61,731,103,1274,0,0
43.921,1090.8,-241.90,-7.49,-419.43,86.1,-0.16,0.82,0.68,0.00,0.00,1.00,2,5474,-64.1,0.20,0.18,1.97,18.60,178,245,4666,0.0279,0.040,0.022,-0.078,27.89,20.73,650,162,4026,0,0,2386,-0.0217,0.021,0.065,-0.035,33.17,26.01,628,210,2102,0,0,3587,0.0197,-0.008,-0.022,-0.078,6.49,-0.67,724,-245,2734,0,0,1622,-0.0308,-0.034,-0.003,-0.097,6.63,-0.53,723,140,1285,0,0
44.041,1093.7,-244.56,-7.49,-418.43,85.3,-0.11,0.76,0.00,1.00,0.00,1.00,2,5618,178.3,1.11,0.14,1.90,17.55,174,241,4292,0.0277,-0.001,-0.001,-0.099,4.79,-2.37,710,-47,2732,0,0,2376,-0.0200,0.015,-0.001,-0.099,4.89,-2.27,696,-32,1579,0,0,3629,0.0191,-0.004,0.038,-0.062,6.64,-0.52,715,133,2797,0,0,1974,-0.0285,0.018,0.057,-0.043,6.77,-0.39,714,361,1558,0,0
44.161,1096.5,-247.20,-7.49,-417.33,86.1,0.27,0.63,0.00,0.46,0.00,1.00,2,6431,155.2,1.65,-0.08,1.63,17.15,193,245,3458,0.0171,-0.088,-0.002,-0.098,4.99,-2.17,715,-82,2293,0,0,2047,-0.0234,-0.029,-0.003,-0.097,5.09,-2.07,702,-57,1404,0,0,3723,0.0217,0.022,0.155,0.055,6.77,-0.39,797,2742,2045,0,0,2434,-0.0188,0.081,0.184,0.084,6.90,-0.26,802,1921,1252,0,0
44.281,1099.4,-249.83,-7.49,-416.13,87.0,0.29,0.65,0.00,0.97,0.00,1.00,2,6278,272.0,1.71,-0.26,1.59,15.05,209,250,3717,0.0123,-0.040,-0.002,-0.098,5.09,-2.07,722,-75,2489,0,0,2049,-0.0262,-0.023,-0.003,-0.097,5.17,-1.99,709,-66,1423,0,0,3970,0.0249,0.027,0.105,0.005,6.64,-0.52,812,2455,2521,0,0,2395,-0.0143,0.038,0.124,0.024,6.75,-0.41,815,1666,1466,0,0
44.401,1102.4,-252.46,-7.49,-414.84,88.2,0.35,0.44,0.00,1.00,0.00,1.00,2,6228,-71.6,1.07,-0.42,1.28,6.67,224,258,3079,0.0080,-0.036,0.000,-0.100,-5.23,-1.94,731,-3,-1897,0,0,2562,-0.0234,0.023,-0.003,-0.097,-3.14,-4.02,726,-87,-1002,0,0,3570,0.0242,-0.006,0.108,0.008,6.69,-0.47,779,2164,2322,0,0,3083,-0.0072,0.059,0.117,0.017,6.74,-0.42,780,1988,1964,0,0
44.521,1105.3,-255.07,-7.49,-413.47,88.8,0.20,0.60,0.00,1.00,0.00,1.00,2,6217,243.1,1.53,-0.34,1.38,0.46,222,261,3801,0.0092,0.010,-0.002,-0.098,4.52,-2.65,732,-89,2388,0,0,1976,-0.0237,-0.002,-0.003,-0.097,4.52,-2.64,732,-57,1277,0,0,3854,0.0239,-0.002,0.089,-0.011,4.56,-2.60,800,2558,2047,0,0,2280,-0.0092,-0.017,0.093,-0.007,4.56,-2.60,803,1590,1224,0,0
44.641,1108.3,-257.67,-7.49,-412.00,90.2,0.35,0.53,0.26,0.70,0.00,1.00,2,6486,216.3,1.71,-0.30,1.41,7.09,231,269,3588,0.0083,-0.008,-0.005,-0.095,9.80,2.64,735,-81,3113,0,0,1996,-0.0253,-0.013,0.000,-0.100,11.32,4.16,729,8,1812,0,0,3783,0.0228,-0.009,0.114,0.014,3.78,-3.38,833,3061,1518,0,0,2443,-0.0108,-0.013,0.126,0.026,3.81,-3.35,836,2073,959,0,0
44.761,1111.3,-260.27,-7.49,-410.45,91.2,0.29,0.61,0.00,0.67,0.00,1.00,2,6691,268.0,1.87,-0.35,1.57,18.15,238,276,3769,0.0115,0.026,0.002,-0.098,2.55,-4.61,763,9,1663,0,0,2135,-0.0260,-0.007,-0.006,-0.094,2.60,-4.56,744,-344,1010,0,0,3845,0.0253,0.022,0.129,0.029,4.34,-2.83,861,3117,1617,0,0,2437,-0.0130,-0.018,0.154,0.054,4.42,-2.74,863,2104,955,0,0
44.881,1114.4,-262.87,-7.49,-408.81,92.6,0.38,0.46,0.00,0.77,0.00,1.00,2,6741,267.7,1.85,-0.44,1.34,15.61,249,284,3211,0.0065,-0.041,-0.002,-0.098,3.43,-3.73,770,-77,1619,0,0,2054,-0.0242,0.015,-0.003,-0.097,3.49,-3.68,758,-65,1068,0,0,3795,0.0245,-0.007,0.123,0.023,4.95,-2.22,868,2915,1832,0,0,2763,-0.0065,0.054,0.144,0.044,5.02,-2.14,869,2259,1262,0,0
45.001,1117.5,-265.46,-7.49,-407.09,94.0,0.36,0.49,0.00,0.81,0.00,1.00,2,6794,199.2,1.67,-0.39,1.31,14.76,255,293,3451,0.0046,-0.016,-0.002,-0.098,3.87,-3.29,781,-82,1914,0,0,2068,-0.0253,-0.009,-0.003,-0.097,3.93,-3.23,769,-62,1185,0,0,3669,0.0228,-0.014,0.117,0.017,5.28,-1.88,873,2740,1884,0,0,2501,-0.0071,-0.005,0.137,0.037,5.36,-1.80,875,2000,1224,0,0
45.121,1120.7,-268.04,-7.49,-405.27,95.2,0.34,0.56,0.21,0.77,0.00,1.00,2,6872,216.2,1.70,-0.39,1.45,16.04,261,300,3783,0.0076,0.024,-0.003,-0.097,6.45,-0.72,787,-88,2861,0,0,2053,-0.0251,0.002,-0.002,-0.098,7.04,-0.12,774,-32,1656,0,0,3906,0.0237,0.007,0.115,0.015,5.58,-1.59,883,2811,2106,0,0,2396,-0.0097,-0.021,0.136,0.036,5.66,-1.50,886,1876,1234,0,0
45.241,1123.9,-270.60,-7.49,-403.36,96.0,0.27,0.71,0.59,0.65,0.00,1.00,2,6990,239.5,1.76,-0.40,1.80,22.48,259,305,3840,0.0138,0.052,0.010,-0.090,21.36,14.20,755,105,3410,0,0,1613,-0.0284,-0.028,0.039,-0.061,25.25,18.09,738,120,1466,0,0,4082,0.0289,0.043,0.122,0.022,6.36,-0.80,899,2831,2347,0,0,2221,-0.0135,-0.032,0.151,0.051,6.50,-0.66,902,1715,1200,0,0
45.361,1127.1,-273.11,-7.49,-401.36,96.4,0.19,0.69,0.00,0.54,0.00,1.00,2,7106,236.1,1.70,-0.24,1.85,25.79,250,308,3913,0.0148,0.008,-0.002,-0.098,5.31,-1.85,802,-28,2666,0,0,2044,-0.0287,-0.003,-0.005,-0.095,5.44,-1.72,780,-170,1454,0,0,3595,0.0257,-0.026,0.137,0.037,7.69,0.53,915,2415,2230,0,0,2040,-0.0178,-0.036,0.169,0.069,7.88,0.72,917,1520,1182,0,0
45.481,1130.3,-275.57,-7.49,-399.27,97.1,0.28,0.69,0.00,0.58,0.00,0.52,2,7109,216.6,1.63,-0.25,1.84,26.65,252,312,4018,0.0150,0.002,-0.002,-0.098,6.60,-0.57,806,-71,3055,0,0,2020,-0.0272,0.013,-0.002,-0.098,6.77,-0.39,785,-38,1603,0,0,3908,0.0248,-0.007,0.131,0.031,9.03,1.87,915,2338,2661,0,0,2199,-0.0181,-0.002,0.164,0.064,9.27,2.10,917,1494,1415,0,0
45.601,1133.5,-277.98,-7.49,-397.09,97.5,0.23,0.78,0.00,1.00,0.00,0.04,2,7438,221.8,1.66,-0.34,2.01,24.98,252,315,4187,0.0174,0.020,-0.001,-0.099,7.80,0.64,807,-45,3392,0,0,1835,-0.0292,-0.017,-0.002,-0.098,7.99,0.83,787,-25,1554,0,0,4100,0.0287,0.033,0.026,-0.074,10.07,2.91,828,694,3498,0,0,2103,-0.0179,0.002,0.052,-0.048,10.32,3.16,828,631,1805,0,0
45.721,1136.8,-280.30,-7.49,-394.82,97.8,0.20,0.75,0.00,0.00,0.00,1.00,3,6168,44.2,1.47,-0.23,2.01,27.49,246,316,3725,0.0171,-0.003,-0.004,-0.096,8.72,1.56,806,-82,3141,0,0,2001,-0.0299,-0.006,-0.002,-0.098,8.95,1.79,785,-28,1745,0,0,3623,0.0268,-0.016,0.427,0.327,11.19,4.03,1149,2746,1301,0,0,2178,-0.0201,-0.019,0.469,0.369,11.48,4.32,1152,1677,752,0,0
45.841,1140.1,-282.58,-7.49,-392.46,98.3,0.29,0.72,0.00,0.46,0.00,1.00,3,4691,31.6,0.40,-0.30,1.91,33.26,251,320,4103,0.0149,-0.018,-0.002,-0.098,10.34,3.17,808,-44,3560,0,0,1926,-0.0281,0.015,-0.001,-0.099,10.67,3.51,783,-16,1738,0,0,3998,0.0259,-0.008,0.083,-0.017,13.30,6.14,875,1359,3316,0,0,2135,-0.0176,0.022,0.121,0.021,13.72,6.56,877,958,1725,0,0
45.961,1143.3,-284.76,-7.49,-390.02,97.9,0.14,0.89,0.00,0.60,0.00,1.00,3,4816,232.2,1.46,-0.31,2.23,31.25,236,317,4389,0.0217,0.057,-0.002,-0.098,12.01,4.85,799,-43,3859,0,0,1807,-0.0303,-0.018,-0.001,-0.099,12.37,5.21,776,-5,1658,0,0,4148,0.0302,0.036,0.125,0.025,14.78,7.62,902,1609,3336,0,0,1958,-0.0218,-0.035,0.163,0.063,15.23,8.07,904,936,1543,0,0
46.081,1146.6,-286.84,-7.49,-387.51,97.6,0.17,0.83,-0.27,0.43,0.00,1.00,3,4509,84.9,1.04,-0.23,2.22,28.28,226,315,4048,0.0202,-0.013,-0.001,-0.099,2.24,-4.92,814,-72,1836,0,0,1921,-0.0313,-0.009,-0.006,-0.094,4.71,-2.45,787,-122,1363,0,0,3645,0.0284,-0.015,0.065,-0.035,16.23,9.07,844,753,3186,0,0,1877,-0.0231,-0.011,0.097,-0.003,16.67,9.51,844,556,1639,0,0
46.201,1149.9,-288.82,-7.49,-384.94,97.2,0.14,0.83,0.00,0.30,0.00,1.00,3,4850,153.5,1.48,-0.20,2.17,25.40,222,312,4310,0.0208,0.005,-0.003,-0.097,14.72,7.56,782,-53,3829,0,0,1967,-0.0287,0.022,0.001,-0.099,15.09,7.93,765,6,1813,0,0,3921,0.0256,-0.024,0.157,0.057,16.98,9.82,907,1627,3081,0,0,1929,-0.0242,-0.009,0.189,0.089,17.39,10.23,909,924,1497,0,0
46.321,1153.1,-290.69,-7.49,-382.30,96.6,0.15,0.90,0.00,0.44,0.00,1.00,3,4766,244.0,1.47,-0.28,2.29,24.59,216,309,4328,0.0230,0.019,-0.003,-0.097,15.51,8.35,774,-41,3845,0,0,1835,-0.0300,-0.011,-0.001,-0.099,15.88,8.72,756,-5,1695,0,0,4106,0.0291,0.030,0.148,0.048,17.70,10.54,893,1531,3297,0,0,2008,-0.0239,0.002,0.180,0.080,18.12,10.96,894,879,1603,0,0
46.441,1156.3,-292.44,-7.48,-379.61,96.1,0.15,0.85,-0.35,0.24,0.00,1.00,3,4217,30.2,0.69,-0.24,2.26,20.93,212,305,4081,0.0204,-0.022,-0.001,-0.099,1.88,-5.28,799,-73,1744,0,0,1905,-0.0312,-0.010,-0.007,-0.093,4.86,-2.31,777,-132,1392,0,0,3656,0.0283,-0.007,0.029,-0.071,18.27,11.11,789,303,3258,0,0,1968,-0.0233,0.005,0.051,-0.049,18.64,11.48,789,288,1783,0,0
46.561,1159.5,-294.11,-7.48,-376.89,95.5,-0.02,0.39,0.00,1.00,0.00,1.00,3,4451,170.7,1.15,-0.13,1.39,-11.65,224,302,3235,0.0128,-0.063,-0.001,-0.099,-8.93,1.77,780,-1,-2770,0,0,3412,-0.0163,0.125,-0.004,-0.096,-4.23,-2.93,794,-126,-2015,0,0,2596,0.0140,-0.120,0.109,0.009,17.00,9.84,834,782,2230,0,0,2812,-0.0154,0.066,0.096,-0.004,16.81,9.65,834,773,2433,0,0
46.681,1162.7,-295.68,-7.48,-374.13,95.3,0.16,0.82,0.00,0.74,0.00,1.00,3,4653,226.8,1.48,-0.23,1.81,-14.04,226,300,4360,0.0178,0.041,-0.007,-0.093,13.91,6.74,759,-108,3867,0,0,1664,-0.0213,-0.042,-0.007,-0.093,13.72,6.55,769,-46,1539,0,0,4193,0.0220,0.067,0.139,0.039,12.59,5.43,870,2026,3167,0,0,1984,-0.0171,-0.014,0.127,0.027,12.42,5.26,873,940,1583,0,0
46.801,1165.8,-297.15,-7.48,-371.31,95.6,0.21,0.70,-0.35,0.80,0.00,1.00,3,4685,263.9,1.65,-0.27,2.01,-19.66,237,302,3481,0.0170,-0.007,0.000,-0.100,-4.07,-3.10,785,-4,-1523,0,0,2156,-0.0282,-0.057,-0.002,-0.098,-1.58,-5.59,800,-84,-213,0,0,3477,0.0278,0.048,0.133,0.033,8.91,1.75,876,2097,2384,0,0,2507,-0.0178,-0.007,0.113,0.013,8.74,1.58,878,1421,1820,0,0
46.921,1169.0,-298.57,-7.48,-368.44,96.5,0.25,0.42,0.00,1.00,0.00,1.00,3,4643,333.5,1.87,-0.30,1.44,-31.25,261,308,3676,0.0077,-0.077,-0.004,-0.096,6.20,-0.96,782,-127,2816,0,0,2209,-0.0199,0.069,-0.004,-0.096,6.02,-1.15,807,-77,1706,0,0,3773,0.0193,-0.070,0.105,0.005,3.22,-3.94,868,3004,1479,0,0,2528,-0.0090,0.074,0.076,-0.024,3.12,-4.04,871,1775,1107,0,0
47.041,1172.3,-299.95,-7.48,-365.50,98.0,0.35,0.37,0.07,1.00,0.00,1.00,3,4656,379.0,2.11,-0.43,1.31,-19.91,282,318,3053,0.0047,-0.026,-0.002,-0.098,4.24,-2.92,801,-60,1639,0,0,2481,-0.0205,-0.005,0.000,-0.100,4.76,-2.40,817,-15,1441,0,0,3586,0.0211,0.015,0.083,-0.017,-0.12,-7.04,871,2983,-2,0,0,3030,-0.0041,0.041,0.064,-0.036,-0.12,-7.04,873,2266,-2,0,0
47.161,1175.6,-301.32,-7.48,-362.50,99.4,0.33,0.28,0.00,1.00,0.00,1.00,3,4781,390.3,2.17,-0.40,1.08,3.71,292,328,3125,-0.0010,-0.047,-0.010,-0.090,-0.91,-6.25,818,-546,1295,0,0,2341,-0.0198,0.006,-0.016,-0.084,-0.92,-6.25,811,-497,1216,0,0,3506,0.0183,-0.023,0.085,-0.015,-0.59,-6.57,895,2924,-298,0,0,2841,-0.0006,0.029,0.090,-0.010,-0.59,-6.57,896,2440,-239,0,0
47.281,1178.9,-302.71,-7.48,-359.46,101.0,0.38,-0.05,0.00,1.00,0.00,1.00,3,4895,392.5,2.19,-0.37,0.50,2.70,303,338,2659,-0.0082,-0.060,-0.002,-0.098,-0.23,-6.93,837,-80,-113,0,0,3068,-0.0106,0.077,-0.002,-0.098,-0.23,-6.93,835,-91,-130,0,0,3000,0.0088,-0.079,0.094,-0.006,0.01,-7.15,917,2628,0,0,0,3327,0.0055,0.051,0.096,-0.004,0.01,-7.15,916,2916,0,0,0
47.401,1182.3,-304.11,-7.48,-356.37,102.7,0.40,0.00,0.08,1.00,0.00,1.00,3,4914,393.3,2.20,-0.46,0.37,2.14,316,350,2817,-0.0100,-0.015,-0.001,-0.099,2.60,-4.56,850,-63,824,0,0,2754,-0.0088,0.015,-0.001,-0.099,3.19,-3.97,848,-43,974,0,0,3340,0.0090,0.002,0.080,-0.020,0.13,-7.03,920,2752,60,0,0,3298,0.0103,0.039,0.082,-0.018,0.13,-7.03,920,2743,59,0,0
47.521,1185.8,-305.53,-7.48,-353.22,104.3,0.38,0.14,0.00,1.00,0.00,1.00,3,5038,391.1,2.20,-0.41,0.66,7.65,323,361,2874,-0.0076,0.020,-0.002,-0.098,0.25,-6.91,866,-79,97,0,0,2530,-0.0147,-0.049,-0.002,-0.098,0.26,-6.91,859,-81,86,0,0,3145,0.0129,0.032,0.086,-0.014,0.92,-6.24,944,2630,374,0,0,2850,0.0058,-0.037,0.098,-0.002,0.93,-6.24,944,2487,331,0,0
47.641,1189.3,-306.96,-7.48,-350.02,105.9,0.38,0.11,0.00,1.00,0.00,1.00,3,5140,389.1,2.20,-0.39,0.69,5.66,334,372,3036,-0.0070,0.006,-0.002,-0.098,0.83,-6.33,878,-85,403,0,0,2647,-0.0137,0.008,-0.002,-0.098,0.84,-6.33,874,-82,355,0,0,3344,0.0110,-0.015,0.094,-0.006,1.32,-5.84,962,2851,558,0,0,2973,0.0034,-0.020,0.100,0.000,1.32,-5.84,963,2601,487,0,0
47.761,1192.9,-308.38,-7.48,-346.75,107.5,0.38,0.25,0.27,1.00,0.00,1.00,3,5182,388.2,2.20,-0.44,0.96,9.35,345,383,3375,-0.0033,0.030,0.001,-0.099,7.89,0.73,886,7,2641,0,0,2159,-0.0166,-0.024,0.005,-0.095,9.48,2.32,879,50,1835,0,0,3749,0.0156,0.038,0.084,-0.016,1.55,-5.61,970,3030,754,0,0,2730,0.0023,-0.009,0.095,-0.005,1.56,-5.60,971,2338,538,0,0
47.881,1196.5,-309.78,-7.49,-343.42,108.8,0.33,0.42,0.00,0.95,0.00,1.00,3,5365,383.8,2.20,-0.34,1.38,18.99,345,392,3355,0.0026,0.049,-0.002,-0.098,1.54,-5.63,907,-83,779,0,0,2243,-0.0232,-0.055,-0.002,-0.098,1.56,-5.60,892,-62,539,0,0,3462,0.0202,0.038,0.105,0.005,3.11,-4.05,1004,2827,1216,0,0,2530,-0.0055,-0.066,0.126,0.026,3.16,-4.00,1006,2206,836,0,0
48.001,1200.1,-311.14,-7.49,-340.04,110.2,0.36,0.36,0.00,0.95,0.00,1.00,3,5434,360.1,2.12,-0.35,1.34,16.20,353,402,3437,0.0024,-0.002,-0.002,-0.098,2.85,-4.31,916,-80,1470,0,0,2322,-0.0205,0.022,-0.002,-0.098,2.89,-4.27,903,-68,1023,0,0,3619,0.0181,-0.018,0.107,0.007,4.17,-2.99,1017,2785,1628,0,0,2646,-0.0056,-0.001,0.125,0.025,4.23,-2.93,1018,2174,1137,0,0
48.121,1203.8,-312.46,-7.49,-336.58,111.5,0.35,0.47,0.00,0.94,0.00,1.00,3,5504,355.8,2.11,-0.40,1.52,14.31,361,412,3360,0.0042,0.015,-0.002,-0.098,3.65,-3.52,925,-96,1776,0,0,1884,-0.0238,-0.028,-0.003,-0.097,3.69,-3.47,914,-58,1029,0,0,3809,0.0217,0.030,0.110,0.010,4.80,-2.36,1030,2830,1889,0,0,2596,-0.0062,-0.005,0.126,0.026,4.86,-2.30,1032,2063,1242,0,0
48.241,1207.6,-313.73,-7.49,-333.06,112.7,0.33,0.53,0.20,0.87,0.00,1.00,3,5589,321.9,2.00,-0.33,1.68,15.42,363,421,3628,0.0053,0.010,-0.003,-0.097,7.37,0.21,929,-68,2909,0,0,1928,-0.0264,-0.021,-0.001,-0.099,8.15,0.99,917,-6,1642,0,0,3742,0.0217,-0.001,0.116,0.016,5.30,-1.86,1045,2750,1951,0,0,2276,-0.0100,-0.032,0.133,0.033,5.37,-1.80,1048,1799,1146,0,0
48.361,1211.3,-314.92,-7.50,-329.48,113.5,0.26,0.68,0.00,0.83,0.00,1.00,3,5621,304.0,1.93,-0.32,2.02,22.50,359,426,4014,0.0125,0.060,-0.001,-0.099,4.67,-2.49,944,-122,2558,0,0,1966,-0.0281,-0.014,-0.012,-0.088,4.76,-2.41,917,-290,1310,0,0,3908,0.0252,0.029,0.113,0.013,6.44,-0.72,1051,2615,2335,0,0,2273,-0.0157,-0.047,0.137,0.037,6.56,-0.60,1054,1690,1294,0,0
48.481,1215.1,-316.02,-7.50,-325.84,114.3,0.29,0.67,0.00,0.79,0.00,1.00,3,5670,288.8,1.88,-0.31,2.09,23.14,357,432,3816,0.0126,0.001,0.005,-0.095,12.54,5.38,936,78,3374,0,0,1795,-0.0293,-0.011,0.013,-0.087,14.14,6.97,919,83,1651,0,0,3944,0.0266,0.012,0.117,0.017,7.65,0.49,1061,2452,2570,0,0,2238,-0.0155,0.002,0.141,0.041,7.80,0.64,1063,1558,1400,0,0
48.601,1218.9,-317.04,-7.50,-322.16,114.9,0.25,0.71,0.00,0.76,0.00,1.00,3,5696,256.3,1.72,-0.26,2.14,24.54,353,437,3893,0.0135,0.007,-0.002,-0.098,7.13,-0.04,950,-63,3067,0,0,2024,-0.0297,-0.003,-0.002,-0.098,7.27,0.11,931,-35,1655,0,0,3813,0.0247,-0.015,0.119,0.019,9.02,1.86,1066,2168,2681,0,0,2106,-0.0187,-0.027,0.144,0.044,9.21,2.04,1068,1357,1429,0,0
48.721,1222.8,-317.95,-7.51,-318.43,115.3,0.24,0.77,0.00,0.75,0.00,1.00,3,5702,239.3,1.67,-0.32,2.27,25.28,351,440,4096,0.0166,0.026,-0.002,-0.098,8.39,1.23,951,-59,3399,0,0,1855,-0.0296,0.001,-0.002,-0.098,8.57,1.40,931,-26,1603,0,0,4059,0.0268,0.018,0.119,0.019,10.33,3.17,1066,2095,2996,0,0,2180,-0.0193,-0.005,0.145,0.045,10.55,3.39,1069,1293,1565,0,0
48.841,1226.6,-318.75,-7.51,-314.66,115.6,0.22,0.80,-0.10,0.52,0.00,1.00,3,5738,223.9,1.63,-0.29,2.34,24.98,344,442,3992,0.0164,-0.001,-0.002,-0.098,9.67,2.50,949,-53,3431,0,0,1801,-0.0315,-0.016,-0.002,-0.098,9.86,2.70,930,-20,1608,0,0,3806,0.0273,0.004,0.129,0.029,11.57,4.41,1073,1900,2870,0,0,1954,-0.0206,-0.011,0.155,0.055,11.81,4.65,1076,1113,1440,0,0
48.961,1230.5,-319.45,-7.51,-310.87,115.7,0.13,0.54,-0.41,0.65,0.00,1.00,3,5406,155.9,1.24,-0.24,1.88,5.63,346,442,3456,0.0128,-0.030,0.002,-0.098,-5.45,-1.71,957,45,-2143,0,0,2823,-0.0235,0.067,-0.002,-0.098,-2.30,-4.86,953,-78,-695,0,0,3077,0.0199,-0.062,0.075,-0.025,12.00,4.83,1012,969,2617,0,0,2588,-0.0168,0.032,0.081,-0.019,12.05,4.89,1013,880,2199,0,0
49.081,1234.4,-320.07,-7.51,-307.06,115.8,0.15,0.68,0.00,0.90,0.00,1.00,3,5753,289.9,1.81,-0.24,1.93,-4.33,349,443,4054,0.0139,0.009,-0.004,-0.096,9.76,2.60,941,-93,3498,0,0,1660,-0.0225,0.008,-0.004,-0.096,9.73,2.57,944,-39,1486,0,0,4013,0.0209,0.008,0.139,0.039,9.43,2.26,1076,2395,2736,0,0,2050,-0.0157,0.009,0.138,0.038,9.39,2.23,1079,1260,1443,0,0
49.201,1238.2,-320.57,-7.51,-303.23,116.4,0.24,0.65,0.00,1.00,0.00,1.00,3,5704,275.7,1.74,-0.27,2.08,-7.32,361,448,3500,0.0142,0.003,-0.001,-0.099,-2.07,-5.09,962,-34,-824,0,0,2175,-0.0274,-0.041,-0.003,-0.097,-0.27,-6.89,966,-102,85,0,0,3563,0.0239,0.025,0.119,0.019,7.56,0.40,1067,2247,2326,0,0,2415,-0.0177,-0.016,0.115,0.015,7.52,0.36,1069,1527,1620,0,0
49.321,1242.1,-320.99,-7.51,-299.35,117.3,0.29,0.64,0.00,0.97,0.00,1.00,3,5789,335.9,2.02,-0.36,2.01,-6.10,384,456,3728,0.0115,-0.022,-0.003,-0.097,5.64,-1.52,963,-100,2675,0,0,1978,-0.0265,0.007,-0.004,-0.096,5.62,-1.55,967,-64,1455,0,0,3867,0.0239,0.000,0.121,0.021,5.17,-1.99,1083,2894,1966,0,0,2492,-0.0144,0.028,0.118,0.018,5.15,-2.02,1085,1892,1303,0,0
49.441,1246.1,-321.33,-7.51,-295.43,118.6,0.34,0.54,0.00,1.00,0.00,1.00,3,5814,362.2,2.14,-0.41,1.88,-3.22,403,466,3340,0.0074,-0.035,-0.002,-0.098,3.88,-3.28,977,-91,1892,0,0,2056,-0.0274,-0.007,-0.003,-0.097,3.87,-3.29,979,-67,1186,0,0,3577,0.0244,0.004,0.111,0.011,3.63,-3.53,1088,2868,1445,0,0,2502,-0.0104,0.033,0.110,0.010,3.63,-3.54,1090,2036,1029,0,0
49.561,1250.0,-321.60,-7.51,-291.46,120.0,0.35,0.41,0.00,1.00,0.00,1.00,3,5865,368.7,2.18,-0.41,1.60,-0.68,419,477,3327,0.0032,-0.034,-0.002,-0.098,2.72,-4.45,991,-92,1407,0,0,2385,-0.0237,0.031,-0.002,-0.098,2.71,-4.45,991,-81,1023,0,0,3523,0.0199,-0.037,0.105,0.005,2.66,-4.50,1097,2936,1107,0,0,2728,-0.0075,0.024,0.106,0.006,2.66,-4.50,1099,2310,864,0,0
49.681,1254.1,-321.84,-7.51,-287.44,121.4,0.34,0.04,0.00,1.00,0.00,1.00,3,5856,371.0,2.20,-0.44,0.86,-16.10,438,489,2224,-0.0060,-0.077,-0.004,-0.096,2.47,-4.69,996,-196,-40,0,0,3101,-0.0130,0.089,-0.002,-0.098,2.44,-4.72,1010,-200,187,0,0,2848,0.0115,-0.070,0.098,-0.002,1.27,-5.90,1097,2475,493,0,0,3545,0.0043,0.099,0.083,-0.017,1.25,-5.91,1096,2884,639,0,0
49.801,1258.1,-322.07,-7.51,-283.37,122.9,0.36,0.11,0.00,1.00,0.00,1.00,3,5891,370.8,2.20,-0.37,0.71,-11.81,445,501,2773,-0.0085,-0.021,-0.002,-0.098,0.30,-6.87,1012,-84,167,0,0,2739,-0.0118,0.010,-0.002,-0.098,0.29,-6.87,1022,-73,163,0,0,3091,0.0087,-0.023,0.088,-0.012,-0.58,-6.58,1103,2630,-221,0,0,3070,0.0053,0.008,0.078,-0.022,-0.58,-6.58,1103,2501,-226,0,0
49.921,1262.3,-322.31,-7.51,-279.25,124.4,0.35,-0.10,0.00,1.00,0.00,1.00,3,5966,369.2,2.20,-0.38,0.46,-8.57,457,513,2585,-0.0111,-0.022,-0.002,-0.098,-0.77,-6.39,1026,-77,-315,0,0,3070,-0.0075,0.036,-0.002,-0.098,-0.77,-6.39,1033,-79,-369,0,0,3040,0.0048,-0.032,0.087,-0.013,-1.40,-5.76,1117,2536,-553,0,0,3418,0.0084,0.025,0.080,-0.020,-1.39,-5.77,1117,2731,-634,0,0
50.041,1266.4,-322.58,-7.51,-275.08,125.9,0.35,-0.20,0.00,1.00,0.00,1.00,3,6050,366.7,2.20,-0.35,0.21,-6.39,465,525,2368,-0.0158,-0.039,-0.002,-0.098,-1.32,-5.85,1038,-71,-504,0,0,3077,-0.0053,0.018,-0.002,-0.098,-1.31,-5.85,1043,-78,-645,0,0,2692,0.0017,-0.026,0.090,-0.010,-1.78,-5.38,1134,2242,-621,0,0,3309,0.0121,0.031,0.083,-0.017,-1.77,-5.39,1133,2652,-772,0,0
50.161,1270.7,-322.89,-7.51,-270.87,127.3,0.34,-0.18,0.21,1.00,0.00,1.00,3,6140,363.5,2.20,-0.32,0.18,-1.67,474,537,2759,-0.0161,-0.003,-0.003,-0.097,1.80,-5.36,1051,-99,807,0,0,2967,-0.0037,0.014,-0.002,-0.098,2.60,-4.56,1053,-60,1205,0,0,3012,-0.0005,-0.018,0.091,-0.009,-1.92,-5.25,1150,2502,-740,0,0,3129,0.0113,-0.007,0.090,-0.010,-1.91,-5.25,1150,2573,-773,0,0
50.281,1274.9,-323.20,-7.51,-266.62,128.7,0.34,-0.02,0.00,1.00,0.00,1.00,3,6141,363.5,2.20,-0.34,0.55,9.44,486,549,2620,-0.0104,0.047,-0.002,-0.098,-1.06,-6.10,1068,-74,-485,0,0,2828,-0.0088,-0.043,-0.002,-0.098,-1.07,-6.09,1061,-84,-525,0,0,3106,0.0060,0.054,0.075,-0.025,-0.40,-6.77,1150,2490,-196,0,0,3266,0.0076,-0.031,0.082,-0.018,-0.40,-6.76,1150,2710,-201,0,0
50.401,1279.2,-323.54,-7.51,-262.31,130.1,0.34,-0.05,0.00,1.00,0.00,1.00,3,6218,360.8,2.20,-0.32,0.54,6.57,496,561,2771,-0.0116,-0.010,-0.002,-0.098,0.02,-7.14,1079,-75,-5,0,0,2884,-0.0091,-0.002,-0.002,-0.098,0.02,-7.14,1074,-83,-6,0,0,3066,0.0042,-0.015,0.077,-0.023,0.48,-6.68,1165,2490,195,0,0,3036,0.0066,-0.008,0.082,-0.018,0.48,-6.68,1164,2530,190,0,0
50.521,1283.6,-323.87,-7.51,-257.96,131.6,0.34,0.06,0.00,1.00,0.00,1.00,3,6261,359.3,2.20,-0.36,0.77,4.84,508,574,2872,-0.0078,0.031,-0.002,-0.098,0.60,-6.56,1091,-74,276,0,0,2409,-0.0111,-0.017,-0.002,-0.098,0.60,-6.56,1087,-70,234,0,0,3348,0.0077,0.029,0.073,-0.027,0.94,-6.22,1172,2621,433,0,0,3014,0.0044,-0.018,0.077,-0.023,0.94,-6.22,1173,2431,387,0,0
50.641,1288.0,-324.19,-7.52,-253.56,132.9,0.32,0.20,0.18,1.00,0.00,1.00,3,6365,355.7,2.20,-0.32,1.07,8.43,516,585,3271,-0.0052,0.022,0.001,-0.099,6.92,-0.24,1097,7,2437,0,0,2208,-0.0157,-0.038,0.004,-0.096,8.31,1.14,1091,50,1807,0,0,3444,0.0104,0.023,0.078,-0.022,1.27,-5.89,1191,2743,589,0,0,2525,-0.0001,-0.038,0.086,-0.014,1.28,-5.88,1193,2117,427,0,0
50.761,1292.5,-324.47,-7.52,-249.11,134.1,0.31,0.35,0.00,1.00,0.00,1.00,3,6463,352.2,2.20,-0.33,1.47,15.33,520,596,3411,0.0022,0.062,-0.002,-0.098,1.68,-5.49,1115,-77,882,0,0,2415,-0.0191,-0.028,-0.002,-0.098,1.69,-5.47,1103,-70,641,0,0,3501,0.0156,0.043,0.083,-0.017,2.71,-4.45,1210,2660,1198,0,0,2765,-0.0059,-0.048,0.096,-0.004,2.74,-4.42,1211,2254,917,0,0
50.881,1297.0,-324.70,-7.52,-244.62,135.4,0.32,0.35,0.00,1.00,0.00,1.00,3,6590,347.8,2.20,-0.34,1.51,12.43,526,607,3288,0.0011,-0.009,-0.002,-0.098,2.71,-4.45,1124,-75,1358,0,0,2208,-0.0209,-0.015,-0.002,-0.098,2.74,-4.42,1113,-62,935,0,0,3428,0.0162,0.005,0.096,-0.004,3.54,-3.62,1234,2627,1422,0,0,2513,-0.0059,0.000,0.107,0.007,3.57,-3.59,1235,2037,1017,0,0
51.001,1301.5,-324.87,-7.52,-240.09,136.6,0.31,0.44,0.19,1.00,0.00,1.00,3,6700,343.9,2.20,-0.35,1.67,12.43,533,618,3581,0.0033,0.018,0.000,-0.100,6.18,-0.98,1130,-2,2520,0,0,2170,-0.0221,-0.009,0.002,-0.098,6.84,-0.32,1120,19,1637,0,0,3645,0.0170,0.007,0.105,0.005,4.14,-3.02,1254,2779,1652,0,0,2418,-0.0089,-0.025,0.116,0.016,4.17,-2.99,1256,1951,1073,0,0
51.121,1306.1,-324.96,-7.52,-235.52,137.5,0.27,0.63,0.00,0.92,0.00,1.00,3,6787,329.6,2.16,-0.35,2.08,19.82,529,626,3767,0.0093,0.050,-0.003,-0.097,4.01,-3.15,1141,-142,2143,0,0,1883,-0.0276,-0.047,-0.010,-0.090,4.07,-3.09,1118,-240,1114,0,0,3745,0.0233,0.053,0.110,0.010,5.31,-1.85,1270,2692,1994,0,0,2265,-0.0137,-0.040,0.128,0.028,5.38,-1.78,1272,1765,1164,0,0
51.241,1310.7,-324.98,-7.52,-230.92,138.4,0.28,0.59,0.00,0.89,0.00,1.00,3,6836,293.3,2.01,-0.34,2.10,20.14,527,634,3816,0.0097,0.003,-0.002,-0.098,5.33,-1.83,1146,-70,2608,0,0,2101,-0.0268,0.007,-0.002,-0.098,5.40,-1.76,1130,-47,1487,0,0,3714,0.0214,-0.016,0.113,0.013,6.63,-0.53,1279,2457,2268,0,0,2242,-0.0155,-0.015,0.131,0.031,6.72,-0.44,1281,1617,1329,0,0
51.361,1315.3,-324.90,-7.52,-226.29,139.2,0.26,0.53,0.00,0.90,0.00,1.00,3,6876,287.2,1.97,-0.37,1.98,10.90,531,641,3173,0.0088,-0.008,0.000,-0.100,-4.20,-2.96,1154,6,-1693,0,0,2358,-0.0257,0.009,-0.002,-0.098,-2.13,-5.03,1145,-81,-644,0,0,3373,0.0211,-0.003,0.120,0.020,7.59,0.43,1287,2148,2195,0,0,2659,-0.0136,0.016,0.130,0.030,7.65,0.49,1288,1779,1702,0,0
51.481,1320.0,-324.73,-7.52,-221.64,139.9,0.25,0.64,0.00,0.88,0.00,1.00,3,6925,278.5,1.95,-0.34,2.06,9.13,533,648,3833,0.0092,0.004,-0.003,-0.097,6.63,-0.53,1151,-79,2945,0,0,2017,-0.0257,0.000,-0.003,-0.097,6.67,-0.50,1144,-46,1599,0,0,3791,0.0201,-0.008,0.122,0.022,7.21,0.05,1295,2489,2366,0,0,2103,-0.0151,-0.013,0.131,0.031,7.26,0.09,1298,1466,1310,0,0
51.601,1324.6,-324.46,-7.52,-216.97,140.6,0.26,0.71,0.00,0.92,0.00,1.00,3,6936,291.1,1.99,-0.39,2.31,10.81,536,654,3799,0.0130,0.032,-0.002,-0.098,6.57,-0.59,1158,-73,2906,0,0,1749,-0.0287,-0.025,-0.003,-0.097,6.62,-0.55,1149,-41,1386,0,0,3935,0.0246,0.037,0.118,0.018,7.26,0.10,1298,2521,2494,0,0,2219,-0.0174,-0.019,0.128,0.028,7.31,0.15,1300,1521,1401,0,0
51.721,1329.3,-324.10,-7.51,-212.28,141.3,0.23,0.39,-0.42,0.90,0.00,1.00,3,7006,286.8,1.99,-0.36,1.78,-6.37,550,661,2810,0.0061,-0.058,0.003,-0.097,-6.93,-0.24,1164,51,-2120,0,0,2923,-0.0224,0.052,-0.001,-0.099,-4.40,-2.76,1169,-52,-1610,0,0,2863,0.0168,-0.065,0.130,0.030,6.77,-0.39,1312,2021,1707,0,0,2902,-0.0118,0.047,0.126,0.026,6.74,-0.42,1312,2022,1750,0,0
51.841,1334.1,-323.69,-7.51,-207.57,142.2,0.25,0.43,0.00,0.00,0.00,1.00,3,6657,105.9,1.66,-0.37,1.61,-15.61,568,670,3585,0.0043,-0.015,-0.003,-0.097,4.53,-2.63,1166,-120,2266,0,0,1882,-0.0180,0.037,-0.003,-0.097,4.48,-2.68,1179,-61,1213,0,0,3782,0.0153,-0.012,0.064,-0.036,3.53,-3.64,1243,2391,1767,0,0,2416,-0.0071,0.038,0.056,-0.044,3.49,-3.67,1245,1430,1176,0,0
51.961,1338.8,-323.20,-7.50,-202.86,141.8,-0.08,0.41,0.00,0.00,0.00,1.00,3,6175,-68.8,0.36,-0.12,1.76,-12.55,538,665,3765,0.0093,0.042,-0.001,-0.099,2.09,-5.08,1169,-48,1272,0,0,2768,-0.0175,0.004,-0.001,-0.099,2.07,-5.09,1179,-22,942,0,0,2881,0.0120,-0.028,-0.012,-0.088,1.27,-5.89,1156,-502,625,0,0,2109,-0.0148,-0.064,-0.019,-0.081,1.26,-5.90,1157,-599,456,0,0
52.081,1343.5,-322.68,-7.50,-198.18,141.1,-0.17,0.15,0.00,0.00,0.00,1.00,3,6160,-68.7,0.21,0.09,1.27,-8.40,506,658,3435,0.0084,-0.007,-0.001,-0.099,0.52,-6.64,1165,-39,318,0,0,3428,-0.0050,0.104,-0.001,-0.099,0.52,-6.64,1172,-31,315,0,0,2547,0.0007,-0.095,-0.011,-0.089,-0.02,-7.14,1153,-459,6,0,0,2597,-0.0128,0.017,-0.016,-0.084,-0.02,-7.14,1154,-635,6,0,0
52.201,1348.2,-322.17,-7.49,-193.52,140.6,-0.12,-0.03,0.00,1.00,0.00,1.00,3,6318,128.6,0.60,0.18,0.80,-5.78,493,654,3011,0.0020,-0.054,-0.001,-0.099,-0.34,-6.83,1162,-48,-154,0,0,3438,0.0012,0.052,-0.001,-0.099,-0.33,-6.83,1166,-50,-174,0,0,2373,-0.0075,-0.068,0.017,-0.083,-0.71,-6.45,1184,584,-270,0,0,2718,-0.0083,0.037,0.013,-0.087,-0.71,-6.45,1184,513,-307,0,0
52.321,1352.9,-321.67,-7.49,-188.85,140.8,0.06,-0.13,0.00,0.00,0.00,1.00,3,6221,-69.2,0.92,0.01,0.55,-3.95,518,656,2848,-0.0037,-0.048,-0.001,-0.099,-0.76,-6.41,1165,-40,-348,0,0,3367,0.0026,0.011,-0.001,-0.099,-0.75,-6.41,1168,-41,-407,0,0,2717,-0.0069,0.005,-0.001,-0.099,-1.01,-6.15,1163,32,-448,0,0,3104,-0.0006,0.064,-0.003,-0.097,-1.01,-6.15,1164,-63,-507,0,0
52.441,1357.6,-321.19,-7.48,-184.20,140.2,-0.15,-0.16,0.00,0.00,0.00,1.00,3,6115,-68.4,0.27,0.09,0.45,-2.51,504,650,3021,-0.0054,-0.014,-0.001,-0.099,-0.89,-6.27,1160,-29,-439,0,0,3472,0.0035,0.008,-0.001,-0.099,-0.89,-6.27,1162,-34,-500,0,0,2293,-0.0099,-0.025,-0.014,-0.086,-1.06,-6.11,1145,-476,-397,0,0,2686,-0.0010,-0.003,-0.015,-0.085,-1.05,-6.11,1145,-589,-461,0,0
52.561,1362.2,-320.73,-7.48,-179.56,139.5,-0.16,-0.17,0.00,1.00,0.00,1.00,3,6132,21.5,0.26,0.16,0.45,-1.94,489,643,3177,-0.0030,0.020,-0.001,-0.099,-0.88,-6.28,1154,-33,-459,0,0,3597,0.0064,0.024,-0.001,-0.099,-0.88,-6.28,1156,-38,-515,0,0,2456,-0.0123,-0.020,-0.006,-0.094,-1.01,-6.15,1149,-289,-409,0,0,2808,-0.0028,-0.015,-0.007,-0.093,-1.01,-6.15,1149,-359,-464,0,0
52.681,1366.9,-320.30,-7.48,-174.93,139.6,0.02,-0.16,0.00,0.00,0.00,1.00,3,6248,23.6,1.06,0.09,0.47,-1.33,501,644,2840,-0.0056,-0.021,-0.001,-0.099,-0.82,-6.35,1155,-47,-382,0,0,3191,0.0034,-0.025,-0.001,-0.099,-0.82,-6.35,1156,-51,-426,0,0,2540,-0.0099,0.020,0.012,-0.088,-0.90,-6.26,1169,505,-378,0,0,2848,-0.0009,0.016,0.011,-0.089,-0.90,-6.26,1169,522,-421,0,0
52.801,1371.5,-319.89,-7.47,-170.31,139.0,-0.13,-0.14,0.00,0.00,0.00,1.00,3,6072,-68.1,0.29,0.10,0.52,-0.86,497,639,3183,-0.0041,0.012,-0.001,-0.099,-0.71,-6.46,1151,-30,-370,0,0,3482,0.0040,0.005,-0.001,-0.099,-0.71,-6.46,1152,-34,-402,0,0,2563,-0.0101,-0.002,-0.013,-0.087,-0.76,-6.40,1137,-517,-323,0,0,2813,-0.0020,-0.009,-0.013,-0.087,-0.76,-6.40,1137,-572,-353,0,0
52.921,1376.2,-319.50,-7.47,-165.70,138.3,-0.16,-0.12,0.00,0.00,0.00,1.00,3,6040,-67.9,0.21,0.18,0.57,-0.61,480,633,3129,-0.0029,0.010,-0.001,-0.099,-0.58,-6.58,1145,-30,-301,0,0,3382,0.0039,-0.001,-0.001,-0.099,-0.58,-6.58,1146,-33,-324,0,0,2471,-0.0104,-0.002,-0.013,-0.087,-0.62,-6.54,1131,-510,-256,0,0,2677,-0.0036,-0.013,-0.013,-0.087,-0.62,-6.54,1131,-555,-276,0,0
53.041,1380.7,-319.13,-7.47,-161.12,137.6,-0.16,-0.10,0.00,1.00,0.00,1.00,3,6053,22.1,0.25,0.20,0.63,-0.60,473,627,3291,-0.0011,0.015,-0.001,-0.099,-0.48,-6.68,1140,-34,-259,0,0,3464,0.0047,0.007,-0.001,-0.099,-0.48,-6.68,1140,-37,-272,0,0,2462,-0.0115,-0.010,-0.007,-0.093,-0.52,-6.64,1134,-310,-212,0,0,2722,-0.0059,-0.020,-0.007,-0.093,-0.52,-6.65,1134,-346,-228,0,0
53.161,1385.3,-318.78,-7.47,-156.55,137.8,0.05,-0.09,0.00,1.00,0.00,1.00,3,6318,232.0,1.48,0.08,0.68,-0.42,493,628,2849,-0.0033,-0.019,-0.001,-0.099,-0.38,-6.78,1141,-57,-182,0,0,2992,0.0012,-0.029,-0.001,-0.099,-0.38,-6.78,1142,-59,-190,0,0,2811,-0.0069,0.038,0.035,-0.065,-0.41,-6.75,1184,1385,-185,0,0,2952,-0.0025,0.029,0.035,-0.065,-0.41,-6.75,1183,1437,-194,0,0
53.281,1390.0,-318.43,-7.47,-151.95,138.8,0.22,-0.07,0.00,1.00,0.00,1.00,3,6504,315.8,2.00,-0.12,0.73,-0.28,530,637,2840,-0.0068,-0.029,-0.002,-0.098,-0.30,-6.86,1149,-71,-142,0,0,2948,-0.0030,-0.035,-0.002,-0.098,-0.30,-6.86,1149,-72,-147,0,0,2972,-0.0022,0.039,0.058,-0.042,-0.32,-6.85,1218,2101,-142,0,0,3059,0.0010,0.029,0.058,-0.042,-0.32,-6.85,1218,2153,-146,0,0
53.401,1394.6,-318.09,-7.47,-147.31,140.0,0.29,-0.06,0.00,1.00,0.00,1.00,3,6590,337.9,2.14,-0.29,0.77,-0.15,563,649,2593,-0.0096,-0.024,-0.002,-0.098,-0.22,-6.94,1158,-86,-97,0,0,2667,-0.0069,-0.033,-0.002,-0.098,-0.22,-6.94,1159,-70,-99,0,0,3108,0.0029,0.043,0.063,-0.037,-0.23,-6.93,1234,2300,-107,0,0,3183,0.0056,0.039,0.063,-0.037,-0.23,-6.93,1234,2348,-109,0,0
53.521,1399.3,-317.75,-7.47,-142.63,141.3,0.30,-0.04,0.00,1.00,0.00,1.00,3,6701,341.1,2.18,-0.30,0.81,-0.08,577,661,2843,-0.0105,-0.008,-0.002,-0.098,-0.16,-7.00,1169,-75,-75,0,0,2895,-0.0083,-0.011,-0.002,-0.098,-0.16,-7.00,1169,-76,-76,0,0,2986,0.0028,-0.001,0.072,-0.028,-0.16,-7.00,1255,2355,-70,0,0,3004,0.0045,-0.010,0.072,-0.028,-0.16,-7.00,1255,2368,-71,0,0
53.641,1404.0,-317.42,-7.46,-137.91,142.3,0.23,-0.04,0.00,0.00,0.00,1.00,3,6294,-77.3,1.18,-0.30,0.85,-0.01,582,670,2790,-0.0095,0.009,-0.001,-0.099,-0.10,-7.06,1178,-47,-48,0,0,2813,-0.0083,0.000,-0.001,-0.099,-0.10,-7.06,1178,-44,-48,0,0,2935,0.0035,0.006,0.000,-0.100,-0.10,-7.06,1177,96,-51,0,0,2957,0.0047,0.002,0.000,-0.100,-0.10,-7.06,1177,96,-52,0,0
53.761,1408.8,-317.09,-7.46,-133.19,141.6,-0.15,-0.03,0.00,0.00,0.00,1.00,3,6177,-68.8,0.29,0.03,0.87,0.03,531,664,3446,-0.0035,0.050,-0.001,-0.099,-0.06,-7.10,1172,-56,-31,0,0,3459,-0.0023,0.049,-0.001,-0.099,-0.06,-7.10,1173,-37,-33,0,0,2418,-0.0044,-0.065,-0.014,-0.086,-0.06,-7.10,1157,-538,-24,0,0,2398,-0.0038,-0.071,-0.014,-0.086,-0.06,-7.10,1157,-535,-24,0,0
53.881,1413.5,-316.77,-7.46,-128.50,140.9,-0.16,-0.02,0.00,0.00,0.00,1.00,3,6154,-68.7,0.21,0.19,0.91,-0.02,498,657,3446,0.0020,0.047,-0.001,-0.099,-0.02,-7.14,1167,-35,-12,0,0,3439,0.0024,0.039,-0.001,-0.099,-0.02,-7.14,1167,-35,-12,0,0,2568,-0.0074,-0.025,-0.014,-0.086,-0.02,-7.14,1152,-541,-10,0,0,2556,-0.0071,-0.028,-0.014,-0.086,-0.02,-7.14,1152,-540,-9,0,0
54.001,1418.1,-316.45,-7.46,-123.82,140.3,-0.16,-0.02,0.00,1.00,0.00,1.00,3,6166,21.3,0.25,0.26,0.92,-0.02,487,651,3267,0.0013,-0.006,-0.001,-0.099,0.01,-7.16,1162,-35,3,0,0,3417,0.0018,-0.005,-0.001,-0.099,0.01,-7.16,1162,-45,4,0,0,2483,-0.0092,-0.015,-0.007,-0.093,0.00,-7.16,1155,-329,2,0,0,2452,-0.0091,-0.017,-0.007,-0.093,0.00,-7.16,1155,-327,2,0,0
54.121,1422.8,-316.13,-7.46,-119.16,140.4,0.04,-0.01,0.00,0.00,0.00,1.00,3,6432,229.2,1.48,0.09,0.95,-0.05,511,652,3069,0.0000,-0.011,-0.001,-0.099,0.03,-7.13,1163,-61,14,0,0,3037,-0.0002,-0.016,-0.001,-0.099,0.03,-7.13,1163,-60,13,0,0,2926,-0.0051,0.034,0.034,-0.066,0.03,-7.14,1205,1400,12,0,0,2904,-0.0052,0.033,0.034,-0.066,0.03,-7.14,1205,1390,12,0,0
54.241,1427.5,-315.81,-7.46,-114.48,140.5,0.02,-0.01,0.00,0.00,0.00,1.00,3,6144,-68.6,0.57,0.01,0.96,-0.02,526,653,3107,-0.0035,-0.029,-0.001,-0.099,0.04,-7.12,1164,-28,23,0,0,3085,-0.0038,-0.031,-0.001,-0.099,0.04,-7.12,1164,-28,23,0,0,2650,-0.0024,0.023,-0.012,-0.088,0.04,-7.12,1150,-506,19,0,0,2630,-0.0027,0.021,-0.012,-0.088,0.04,-7.12,1150,-504,18,0,0
54.361,1432.2,-315.50,-7.46,-109.82,139.9,-0.16,-0.01,0.00,1.00,0.00,1.00,3,6109,-68.3,0.23,0.13,0.99,-0.01,502,647,3422,0.0008,0.036,-0.001,-0.099,0.05,-7.11,1158,-34,30,0,0,3375,0.0003,0.034,-0.001,-0.099,0.05,-7.11,1158,-33,30,0,0,2654,-0.0054,-0.026,-0.013,-0.087,0.05,-7.11,1144,-544,23,0,0,2606,-0.0059,-0.027,-0.013,-0.087,0.05,-7.11,1144,-537,23,0,0
54.481,1436.8,-315.19,-7.46,-105.17,139.8,0.00,-0.01,0.00,0.00,0.00,1.00,3,6382,202.9,1.33,0.14,0.99,-0.02,501,647,3030,-0.0005,-0.011,-0.001,-0.099,0.07,-7.09,1158,-57,34,0,0,3009,-0.0013,-0.013,-0.001,-0.099,0.07,-7.09,1158,-57,33,0,0,2650,-0.0054,0.000,0.031,-0.069,0.07,-7.09,1196,1161,29,0,0,2630,-0.0062,-0.002,0.031,-0.069,0.07,-7.09,1196,1153,28,0,0
54.601,1441.5,-314.88,-7.46,-100.51,139.9,0.01,-0.01,0.00,0.00,0.00,1.00,3,6118,-68.4,0.55,0.03,1.01,-0.02,517,647,3232,-0.0016,-0.009,-0.001,-0.099,0.08,-7.09,1159,-29,40,0,0,3201,-0.0022,-0.008,-0.001,-0.099,0.08,-7.09,1159,-28,40,0,0,2821,-0.0035,0.017,-0.012,-0.088,0.07,-7.09,1145,-532,38,0,0,2797,-0.0040,0.018,-0.012,-0.088,0.07,-7.09,1145,-528,34,0,0
54.721,1446.2,-314.57,-7.46,-95.87,139.2,-0.16,0.00,0.00,0.00,0.00,1.00,3,6080,-68.1,0.23,0.16,1.02,0.00,494,641,3262,-0.0003,0.011,-0.001,-0.099,0.08,-7.08,1153,-32,43,0,0,3223,-0.0010,0.010,-0.001,-0.099,0.08,-7.08,1153,-31,43,0,0,2585,-0.0054,-0.016,-0.013,-0.087,0.08,-7.08,1138,-536,34,0,0,2550,-0.0061,-0.018,-0.013,-0.087,0.08,-7.08,1138,-531,33,0,0
54.841,1450.8,-314.26,-7.46,-91.26,138.6,-0.16,0.00,0.00,0.00,0.00,1.00,3,6052,-67.9,0.20,0.22,1.04,0.00,482,635,3450,0.0021,0.020,-0.001,-0.099,0.08,-7.08,1148,-35,47,0,0,3389,0.0016,0.022,-0.001,-0.099,0.08,-7.08,1148,-34,46,0,0,2543,-0.0082,-0.024,-0.013,-0.087,0.08,-7.08,1133,-536,35,0,0,2639,-0.0089,-0.023,-0.013,-0.087,0.08,-7.08,1133,-551,36,0,0
54.961,1455.4,-313.96,-7.46,-86.66,137.9,-0.16,0.00,0.00,0.00,0.00,1.00,3,6023,-67.7,0.20,0.23,1.05,0.00,474,629,3228,0.0018,-0.002,-0.001,-0.099,0.09,-7.07,1142,-31,49,0,0,3181,0.0010,-0.005,-0.001,-0.099,0.09,-7.07,1142,-30,48,0,0,2625,-0.0073,0.008,-0.013,-0.087,0.09,-7.07,1128,-536,40,0,0,2586,-0.0081,0.007,-0.013,-0.087,0.09,-7.07,1128,-530,39,0,0
55.081,1460.0,-313.65,-7.47,-82.09,137.2,-0.16,0.00,0.00,0.00,0.00,1.00,3,5993,-67.5,0.20,0.24,1.07,0.01,470,623,3440,0.0023,0.004,-0.001,-0.099,0.10,-7.07,1137,-36,54,0,0,3396,0.0018,0.007,-0.001,-0.099,0.10,-7.07,1137,-35,53,0,0,2570,-0.0084,-0.010,-0.013,-0.087,0.10,-7.06,1122,-541,41,0,0,2500,-0.0097,-0.014,-0.014,-0.086,0.10,-7.06,1122,-529,40,0,0
55.201,1464.5,-313.36,-7.47,-77.54,136.5,-0.17,-0.16,0.00,0.00,0.00,1.00,3,5966,-67.3,0.20,0.22,0.81,-8.63,467,616,2669,-0.0011,-0.028,-0.003,-0.097,0.37,-6.79,1125,-132,-640,0,0,3664,0.0052,0.028,-0.003,-0.097,0.37,-6.79,1132,-181,-669,0,0,2223,-0.0102,-0.015,-0.011,-0.089,-0.20,-6.96,1116,-382,-60,0,0,3018,-0.0039,0.049,-0.014,-0.086,-0.20,-6.96,1118,-674,-80,0,0
55.321,1469.1,-313.08,-7.47,-73.01,135.8,-0.15,-0.08,0.00,0.00,0.00,1.00,3,5931,-67.1,0.20,0.27,0.82,-6.21,459,610,3338,-0.0015,-0.003,-0.001,-0.099,-0.52,-6.64,1123,-37,-273,0,0,3581,0.0054,0.002,-0.001,-0.099,-0.52,-6.64,1128,-36,-290,0,0,2451,-0.0114,-0.010,-0.012,-0.088,-0.94,-6.22,1110,-457,-371,0,0,2598,-0.0055,-0.013,-0.015,-0.085,-0.94,-6.23,1111,-603,-390,0,0
55.441,1473.6,-312.83,-7.47,-68.50,135.2,-0.16,-0.17,0.00,0.00,0.00,1.00,3,5905,-66.9,0.20,0.23,0.78,-4.30,457,604,3125,-0.0012,0.003,-0.001,-0.099,-0.89,-6.28,1118,-31,-448,0,0,3586,0.0066,0.010,-0.001,-0.099,-0.88,-6.28,1121,-34,-509,0,0,2498,-0.0107,0.006,-0.012,-0.088,-1.18,-5.98,1105,-457,-478,0,0,2878,-0.0029,0.021,-0.014,-0.086,-1.17,-5.99,1106,-602,-545,0,0
55.561,1478.1,-312.60,-7.47,-64.01,134.5,-0.15,-0.19,-0.09,0.00,0.00,1.00,3,5869,-66.6,0.20,0.28,0.71,-2.96,451,598,2987,-0.0042,-0.025,-0.001,-0.099,-1.01,-6.15,1113,-30,-491,0,0,3721,0.0060,-0.005,-0.001,-0.099,-1.01,-6.15,1115,-38,-604,0,0,2269,-0.0131,-0.020,-0.014,-0.086,-1.21,-5.95,1098,-464,-449,0,0,2688,-0.0032,-0.003,-0.015,-0.085,-1.21,-5.95,1099,-588,-527,0,0
55.681,1482.5,-312.42,-7.47,-59.55,133.7,-0.17,-0.43,0.00,0.00,0.00,1.00,3,5842,-66.4,0.20,0.27,0.28,-13.06,445,591,2804,-0.0081,-0.032,-0.001,-0.099,-1.02,-6.15,1102,-40,-462,0,0,4075,0.0147,0.073,0.000,-0.100,-1.01,-6.16,1113,-26,-645,0,0,2192,-0.0186,-0.045,-0.010,-0.090,-1.91,-5.25,1092,-314,-658,0,0,3244,0.0042,0.062,-0.016,-0.084,-1.89,-5.27,1096,-718,-945,0,0
55.801,1487.0,-312.28,-7.47,-55.12,132.1,-0.36,-0.28,0.00,0.00,1.00,1.00,3,4958,-60.2,0.20,0.42,0.41,-8.27,418,578,3332,-0.0062,0.016,-0.194,0.094,-1.98,-5.18,880,-3111,-510,858,1,3930,0.0127,-0.017,-0.183,0.083,-1.97,-5.20,900,-3635,-614,858,1,1807,-0.0185,0.001,-0.149,0.049,-2.56,-4.61,913,-1672,-461,1540,0,2235,0.0004,-0.032,-0.154,0.054,-2.54,-4.62,914,-2064,-552,1540,0
55.921,1491.3,-312.18,-7.48,-50.79,128.6,-0.83,-0.27,0.00,0.00,0.00,1.00,3,5031,-60.6,0.20,0.88,0.62,-10.11,339,548,3893,0.0092,0.128,0.001,-0.099,-2.49,-4.67,1061,68,-1489,0,0,4573,0.0233,0.088,0.000,-0.100,-2.47,-4.69,1067,37,-1719,0,0,359,-0.0289,-0.087,-0.108,0.008,-2.99,-4.17,938,-318,-128,0,0,2389,-0.0142,-0.121,-0.115,0.015,-3.18,-3.98,948,-2062,-823,0,0
56.041,1495.6,-312.13,-7.48,-46.53,127.1,-0.31,-0.46,0.00,0.00,1.00,1.00,3,5117,-61.7,0.20,0.72,0.27,-8.34,348,535,2733,-0.0009,-0.085,-0.196,0.096,-2.93,-4.23,843,-2528,-626,858,1,4114,0.0226,-0.006,-0.192,0.092,-2.92,-4.25,856,-3720,-942,858,1,1940,-0.0262,0.023,-0.094,-0.006,-3.54,-3.63,956,-1385,-880,1540,0,3035,-0.0025,0.097,-0.096,-0.004,-3.51,-3.65,957,-2185,-1329,1540,0
56.161,1499.7,-312.13,-7.48,-42.37,123.6,-0.81,-0.35,0.00,0.00,0.00,1.00,3,4836,-59.2,0.20,0.93,0.39,-9.10,309,507,3655,0.0048,0.048,0.002,-0.098,-3.21,-3.96,1021,70,-1754,0,0,4624,0.0259,0.028,-0.001,-0.099,-3.18,-3.98,1025,29,-2173,0,0,1607,-0.0308,-0.038,-0.114,0.014,-3.87,-3.29,905,-1352,-667,0,0,2369,-0.0113,-0.073,-0.115,0.015,-3.85,-3.32,911,-1978,-963,0,0
56.281,1503.8,-312.19,-7.49,-38.27,122.2,-0.30,-0.53,0.00,0.00,1.00,1.00,3,4903,-60.1,0.20,0.66,0.14,-7.72,327,495,2831,-0.0031,-0.066,-0.202,0.102,-3.38,-3.78,804,-2587,-724,858,1,4073,0.0253,-0.005,-0.199,0.099,-3.36,-3.80,816,-3652,-1026,858,1,1987,-0.0272,0.030,-0.097,-0.003,-3.96,-3.20,916,-1388,-983,1540,0,3201,0.0014,0.106,-0.099,-0.001,-3.94,-3.22,917,-2245,-1528,1540,0
56.401,1507.8,-312.31,-7.49,-34.26,119.5,-0.60,-0.44,0.00,0.00,0.00,1.00,3,5032,-60.6,0.20,0.80,0.21,-8.60,303,473,2940,-0.0020,0.010,0.000,-0.100,-3.41,-3.75,985,-15,-1499,0,0,4229,0.0238,-0.013,-0.001,-0.099,-3.39,-3.77,991,-39,-2101,0,0,1682,-0.0295,-0.020,-0.046,-0.054,-4.07,-3.10,941,-847,-936,0,0,2759,-0.0038,-0.043,-0.048,-0.052,-4.04,-3.12,946,-1395,-1498,0,0
56.521,1511.8,-312.49,-7.50,-30.30,118.7,-0.16,-0.56,0.00,0.00,0.00,1.00,3,5166,-61.6,0.20,0.50,0.07,-7.63,329,466,2602,-0.0079,-0.050,-0.001,-0.099,-3.34,-3.83,979,-24,-1308,0,0,4164,0.0235,-0.003,-0.001,-0.099,-3.32,-3.85,985,-40,-2032,0,0,2259,-0.0259,0.030,-0.014,-0.086,-3.92,-3.25,966,-351,-1287,0,0,3544,0.0055,0.077,-0.017,-0.083,-3.89,-3.27,969,-680,-1970,0,0
56.641,1515.8,-312.76,-7.50,-26.36,118.0,-0.13,-0.54,0.00,0.00,0.00,1.00,3,5139,-61.5,0.20,0.33,0.06,-4.49,342,460,2505,-0.0130,-0.042,-0.001,-0.099,-3.06,-4.10,974,-23,-1180,0,0,3832,0.0188,-0.039,-0.001,-0.099,-3.05,-4.11,978,-36,-1762,0,0,2215,-0.0202,0.047,-0.014,-0.086,-3.41,-3.75,961,-373,-1140,0,0,3367,0.0116,0.051,-0.015,-0.085,-3.40,-3.76,963,-615,-1695,0,0
56.761,1519.7,-313.08,-7.51,-22.47,115.8,-0.48,-0.40,0.00,0.00,1.00,1.00,3,4104,-54.4,0.20,0.52,0.33,-1.93,315,444,3776,-0.0073,0.047,-0.200,0.100,-2.80,-4.36,769,-3442,-830,858,1,4417,0.0193,0.004,-0.187,0.087,-2.79,-4.37,785,-3985,-969,858,1,1812,-0.0224,-0.018,-0.202,0.102,-2.96,-4.20,781,-1698,-427,462,1,2132,0.0022,-0.079,-0.202,0.102,-2.95,-4.21,782,-1988,-499,462,1
56.881,1523.4,-313.43,-7.51,-18.70,112.7,-0.73,-0.33,0.00,0.00,0.00,1.00,3,4721,-58.4,0.20,0.86,0.66,-5.74,260,421,3653,0.0086,0.133,-0.001,-0.099,-2.42,-4.74,930,-31,-1383,0,0,4484,0.0258,0.055,-0.001,-0.099,-2.41,-4.75,935,-43,-1668,0,0,1881,-0.0269,-0.037,-0.052,-0.048,-2.88,-4.28,884,-1179,-774,0,0,2587,-0.0096,-0.099,-0.053,-0.047,-2.87,-4.29,888,-1614,-1047,0,0
57.001,1527.2,-313.84,-7.51,-14.98,111.9,-0.16,-0.41,0.00,0.00,0.00,1.00,3,4884,-59.6,0.20,0.62,0.49,-4.80,282,415,2660,-0.0019,-0.087,-0.001,-0.099,-2.23,-4.93,925,-27,-945,0,0,3806,0.0202,-0.047,-0.001,-0.099,-2.22,-4.94,929,-40,-1323,0,0,2152,-0.0230,0.032,-0.013,-0.087,-2.62,-4.54,914,-382,-886,0,0,3078,-0.0009,0.073,-0.015,-0.085,-2.61,-4.55,915,-611,-1243,0,0
57.121,1530.9,-314.29,-7.52,-11.28,111.3,-0.13,-0.38,0.00,0.00,0.00,1.00,3,4865,-59.5,0.20,0.33,0.51,-3.29,306,410,2912,-0.0066,-0.039,-0.001,-0.099,-1.95,-5.21,921,-30,-913,0,0,3860,0.0168,-0.028,-0.001,-0.099,-1.95,-5.22,923,-42,-1190,0,0,2380,-0.0177,0.044,-0.012,-0.088,-2.22,-4.94,910,-401,-845,0,0,3135,0.0039,0.040,-0.013,-0.087,-2.21,-4.95,912,-571,-1096,0,0
57.241,1534.6,-314.80,-7.52,-7.62,110.7,-0.13,-0.35,-0.10,0.00,0.00,1.00,3,4842,-59.4,0.20,0.19,0.62,-2.61,311,405,2760,-0.0074,-0.007,0.002,-0.098,-5.85,-1.32,914,48,-1777,0,0,3617,0.0125,-0.036,0.001,-0.099,-5.06,-2.11,916,24,-2101,0,0,2437,-0.0131,0.038,-0.011,-0.089,-1.72,-5.44,906,-406,-685,0,0,3166,0.0069,0.025,-0.012,-0.088,-1.72,-5.45,907,-553,-878,0,0
57.361,1538.3,-315.36,-7.52,-3.99,109.8,-0.18,-0.59,0.00,0.00,0.00,1.00,3,4803,-59.1,0.20,0.29,0.23,-17.73,301,399,2404,-0.0131,-0.047,0.021,-0.079,-19.07,11.91,871,133,-2190,0,0,4309,0.0173,0.040,0.005,-0.095,-15.75,8.59,887,63,-3828,0,0,1688,-0.0210,-0.066,-0.007,-0.093,-2.34,-4.82,897,-168,-616,0,0,3351,0.0094,0.021,-0.016,-0.084,-2.30,-4.86,902,-735,-1169,0,0
57.481,1541.9,-315.98,-7.52,-0.40,109.1,-0.14,-0.46,-0.09,0.00,0.00,1.00,3,4759,-58.8,0.20,0.30,0.35,-16.42,295,394,2947,-0.0096,0.030,0.002,-0.098,-5.88,-1.28,895,41,-1925,0,0,3987,0.0193,0.016,0.001,-0.099,-5.18,-1.98,907,22,-2381,0,0,2923,-0.0204,0.005,-0.009,-0.091,-3.60,-3.57,889,-304,-1537,0,0,3333,0.0084,-0.008,-0.018,-0.082,-3.55,-3.62,893,-712,-1709,0,0
57.601,1545.6,-316.68,-7.52,3.16,108.3,-0.14,-0.66,0.00,0.00,0.00,1.00,3,4716,-58.5,0.20,0.30,0.11,-18.63,288,388,2491,-0.0142,-0.039,-0.001,-0.099,-2.93,-4.23,888,-21,-1104,0,0,4149,0.0214,0.018,-0.001,-0.099,-2.89,-4.28,903,-37,-1765,0,0,2040,-0.0219,-0.013,-0.009,-0.091,-4.51,-2.65,881,-195,-1285,0,0,3436,0.0137,0.044,-0.020,-0.080,-4.44,-2.72,885,-708,-2076,0,0
57.721,1549.2,-317.46,-7.53,6.67,107.6,-0.11,-0.59,0.00,0.00,0.00,1.00,3,4673,-58.2,0.20,0.34,0.14,-13.88,284,383,2474,-0.0152,-0.009,-0.001,-0.099,-3.71,-3.45,884,-23,-1348,0,0,4323,0.0204,-0.009,-0.001,-0.099,-3.66,-3.50,894,-43,-2265,0,0,2025,-0.0225,-0.004,-0.013,-0.087,-4.89,-2.27,873,-255,-1351,0,0,3291,0.0119,-0.015,-0.021,-0.079,-4.83,-2.33,877,-664,-2121,0,0
57.841,1552.7,-318.32,-7.53,10.14,106.8,-0.13,-0.70,-0.24,0.00,0.00,1.00,3,4645,-58.0,0.20,0.29,0.02,-13.73,281,378,2339,-0.0158,-0.005,0.008,-0.092,-11.42,4.26,869,83,-2090,0,0,4429,0.0229,0.021,0.003,-0.097,-9.97,2.81,879,57,-3741,0,0,1962,-0.0234,-0.007,-0.012,-0.088,-4.84,-2.32,868,-234,-1304,0,0,3693,0.0154,0.028,-0.019,-0.081,-4.78,-2.38,872,-694,-2356,0,0
57.961,1556.3,-319.28,-7.53,13.55,105.8,-0.18,-0.80,0.00,0.00,0.00,1.00,3,4592,-57.6,0.20,0.36,-0.24,-18.55,269,370,2369,-0.0192,-0.029,-0.005,-0.095,-3.78,-3.38,863,-235,-1372,0,0,4475,0.0271,0.035,0.001,-0.099,-3.72,-3.44,882,18,-2453,0,0,1767,-0.0280,-0.039,-0.010,-0.090,-5.38,-1.78,857,-173,-1252,0,0,3544,0.0184,0.025,-0.021,-0.079,-5.29,-1.87,862,-696,-2398,0,0
58.081,1559.8,-320.32,-7.53,16.90,105.0,-0.11,-0.68,-0.09,0.00,0.00,1.00,3,4549,-57.3,0.20,0.38,-0.06,-15.42,266,365,2619,-0.0171,0.017,0.004,-0.096,-8.15,0.99,858,63,-2100,0,0,4406,0.0250,-0.018,0.001,-0.099,-7.40,0.24,869,42,-3321,0,0,1968,-0.0256,0.020,-0.013,-0.087,-5.68,-1.48,850,-237,-1437,0,0,3401,0.0149,-0.029,-0.023,-0.077,-5.61,-1.56,854,-676,-2392,0,0
58.201,1563.3,-321.45,-7.53,20.19,103.9,-0.17,-0.85,-0.51,0.00,0.00,1.00,3,4506,-57.0,0.20,0.37,-0.25,-19.18,258,357,2238,-0.0194,-0.019,0.035,-0.065,-23.13,15.97,811,169,-2022,0,0,4621,0.0279,0.025,0.011,-0.089,-19.64,12.48,826,132,-4065,0,0,1719,-0.0281,-0.021,-0.011,-0.089,-6.03,-1.14,841,-160,-1298,0,0,3727,0.0193,0.036,-0.022,-0.078,-5.92,-1.24,846,-701,-2681,0,0
58.321,1566.7,-322.68,-7.54,23.40,102.4,-0.26,-0.84,-0.86,0.00,0.00,1.00,3,4433,-56.5,0.20,0.46,-0.33,-21.34,242,347,2445,-0.0189,0.005,0.129,0.029,-40.65,33.49,718,335,-2102,0,0,4654,0.0306,0.023,0.045,-0.055,-34.05,26.89,740,272,-3957,0,0,1680,-0.0309,-0.024,-0.010,-0.090,-6.78,-0.38,827,-138,-1341,0,0,3545,0.0186,-0.006,-0.024,-0.076,-6.65,-0.51,832,-665,-2699,0,0
58.441,1570.1,-323.98,-7.54,26.52,100.6,-0.34,-0.81,-0.93,0.00,0.00,1.00,3,4338,-55.8,0.20,0.59,-0.24,-20.92,224,335,2721,-0.0158,0.026,0.055,-0.045,-44.61,37.45,618,154,-2345,0,0,4799,0.0327,0.017,0.003,-0.097,-37.41,30.25,669,23,-4054,0,0,1593,-0.0325,-0.013,-0.012,-0.088,-7.50,0.34,810,-142,-1324,0,0,3253,0.0143,-0.036,-0.027,-0.073,-7.36,0.20,814,-617,-2589,0,0
58.561,1573.4,-325.36,-7.54,29.53,98.5,-0.37,-0.81,-0.94,0.00,0.00,1.00,3,4243,-55.1,0.20,0.66,-0.17,-19.24,209,322,2874,-0.0137,0.018,0.016,-0.084,-45.32,38.16,577,46,-2476,0,0,4946,0.0331,0.004,-0.002,-0.098,-38.09,30.93,646,-12,-4164,0,0,1620,-0.0331,-0.005,-0.013,-0.087,-8.00,0.84,792,-150,-1375,0,0,3346,0.0133,-0.008,-0.027,-0.073,-7.85,0.69,796,-603,-2724,0,0
58.681,1576.6,-326.80,-7.54,32.44,96.5,-0.38,-0.82,-0.94,0.00,0.00,1.00,3,4150,-54.4,0.20,0.63,-0.18,-17.42,199,308,2619,-0.0127,0.008,0.006,-0.094,-45.84,38.67,555,15,-2264,0,0,4741,0.0342,0.009,-0.003,-0.097,-38.59,31.43,627,-16,-4002,0,0,1708,-0.0333,-0.001,-0.014,-0.086,-8.25,1.09,775,-164,-1462,0,0,3499,0.0136,0.002,-0.026,-0.074,-8.11,0.95,779,-604,-2874,0,0
58.801,1579.8,-328.31,-7.53,35.23,94.4,-0.38,-0.81,-0.94,0.00,0.00,1.00,3,4058,-53.8,0.20,0.62,-0.16,-15.11,190,295,2678,-0.0131,-0.003,0.001,-0.099,-46.03,38.87,539,2,-2313,0,0,4779,0.0346,0.003,-0.005,-0.095,-38.78,31.61,610,-27,-4030,0,0,1601,-0.0333,0.000,-0.016,-0.084,-8.15,0.98,758,-172,-1367,0,0,3311,0.0128,-0.006,-0.026,-0.074,-8.02,0.86,761,-576,-2720,0,0
58.921,1582.9,-329.88,-7.53,37.92,92.3,-0.38,-0.80,-0.94,0.00,0.00,1.00,3,3975,-53.2,0.20,0.61,-0.11,-12.59,183,282,2547,-0.0136,-0.005,-0.003,-0.097,-45.94,38.78,527,-8,-2205,0,0,5063,0.0330,-0.013,-0.006,-0.094,-38.66,31.50,597,-36,-4250,0,0,1634,-0.0331,0.002,-0.016,-0.084,-7.73,0.57,742,-186,-1373,0,0,3359,0.0133,0.004,-0.024,-0.076,-7.63,0.47,746,-568,-2718,0,0
59.041,1586.0,-331.50,-7.53,40.48,90.2,-0.40,-0.81,-0.95,0.00,0.00,1.00,3,3899,-52.7,0.20,0.50,-0.11,-11.87,177,270,2682,-0.0113,0.019,-0.006,-0.094,-45.53,38.37,517,-15,-2318,0,0,4797,0.0353,0.019,-0.007,-0.093,-38.27,31.11,586,-40,-4047,0,0,1843,-0.0328,0.003,-0.014,-0.086,-7.18,0.02,728,-198,-1507,0,0,3629,0.0138,0.004,-0.022,-0.078,-7.09,-0.07,732,-587,-2855,0,0
59.161,1588.9,-333.16,-7.52,42.93,87.3,-0.60,-0.68,-0.95,0.00,0.66,0.79,3,3191,-47.4,0.20,0.57,0.12,-9.96,159,253,3336,-0.0069,0.037,-0.390,0.290,-45.35,38.19,307,-1027,-2571,477,1,4753,0.0351,-0.001,-0.264,0.164,-38.08,30.92,420,-1273,-3730,477,1,1659,-0.0319,0.007,-0.159,0.059,-6.74,-0.43,586,-1318,-874,855,0,2689,0.0089,-0.041,-0.166,0.066,-6.66,-0.50,589,-2127,-1362,855,0
59.281,1591.8,-334.80,-7.50,45.25,83.8,-0.79,-0.40,-0.95,0.00,1.00,0.31,3,2376,-41.9,0.20,0.79,0.75,-9.28,136,233,3920,0.0053,0.102,-0.959,0.859,-45.91,38.74,17,-1982,-2126,858,1,4334,0.0308,-0.036,-0.657,0.557,-38.60,31.43,185,-2102,-2628,858,1,1854,-0.0303,0.014,-0.353,0.253,-7.07,-0.09,442,-1572,-572,462,1,2109,-0.0048,-0.114,-0.358,0.258,-7.00,-0.17,443,-1782,-635,462,1
59.401,1594.5,-336.40,-7.49,47.46,80.3,-0.81,-0.22,-0.96,0.00,1.00,0.62,2,2162,-40.2,0.20,0.84,1.26,-7.52,121,214,4261,0.0170,0.098,-0.965,0.865,-46.74,39.58,14,-2160,-2241,858,1,4428,0.0285,-0.019,-0.930,0.830,-39.41,32.25,35,-2381,-2191,858,1,1927,-0.0273,0.024,-0.564,0.464,-7.58,0.42,274,-1528,-386,462,1,2019,-0.0154,-0.088,-0.567,0.467,-7.52,0.35,274,-1598,-398,462,1
59.521,1597.1,-337.94,-7.47,49.57,76.8,-0.81,-0.19,-0.96,0.00,1.00,1.00,2,2807,-44.6,0.20,0.71,1.40,-4.15,112,196,4094,0.0178,0.007,-0.970,0.870,-47.46,40.30,10,-2063,-2183,858,1,4448,0.0265,-0.017,-1.000,0.900,-40.12,32.96,18,-2410,-2115,858,1,2056,-0.0232,0.035,-0.401,0.301,-7.79,0.63,356,-1688,-566,462,1,2320,-0.0154,0.000,-0.404,0.304,-7.75,0.59,357,-1897,-630,462,1
59.641,1599.6,-339.43,-7.45,51.57,73.3,-0.81,-0.22,-0.96,0.00,1.00,1.00,2,3159,-47.6,0.20,0.62,1.35,2.24,102,178,3772,0.0154,-0.020,-0.961,0.861,-47.64,40.48,13,-1907,-2025,858,1,4352,0.0255,-0.008,-0.994,0.894,-40.34,33.17,1,-2352,-2091,858,1,1890,-0.0251,-0.016,-0.329,0.229,-7.07,-0.09,402,-1602,-645,462,1,2370,-0.0150,0.003,-0.322,0.222,-7.09,-0.07,406,-1993,-818,462,1
59.761,1602.0,-340.86,-7.43,53.46,69.8,-0.80,-0.22,-0.97,0.00,1.00,1.00,2,3491,-50.1,0.20,0.58,1.28,10.05,93,162,3735,0.0128,-0.021,-0.965,0.865,-46.99,39.83,11,-1899,-1994,858,1,4305,0.0245,-0.008,-0.968,0.868,-39.73,32.57,13,-2338,-2062,858,1,1785,-0.0272,-0.017,-0.231,0.131,-5.27,-1.89,461,-1565,-670,462,1,2267,-0.0155,-0.004,-0.237,0.137,-5.34,-1.82,466,-1962,-875,462,1
59.881,1604.2,-342.24,-7.41,55.25,66.3,-0.82,-0.20,-0.97,0.00,0.31,1.00,2,3557,-50.6,0.20,0.51,1.26,15.33,83,146,4096,0.0157,0.023,-0.715,0.615,-45.35,38.19,114,-1927,-2465,359,1,4599,0.0256,0.009,-0.611,0.511,-38.08,30.92,171,-2269,-2706,359,1,1728,-0.0286,-0.011,-0.183,0.083,-2.70,-4.46,480,-1607,-459,193,1,2252,-0.0166,-0.009,-0.161,0.061,-2.76,-4.40,475,-2044,-658,645,0
60.001,1606.4,-343.58,-7.39,56.92,62.9,-0.78,-0.39,-0.97,0.00,0.00,1.00,2,4004,-53.4,0.20,0.27,0.89,5.13,78,131,3368,0.0117,-0.033,-0.070,-0.030,-42.04,34.88,363,-311,-2867,0,0,4881,0.0307,0.043,-0.032,-0.068,-34.66,27.49,415,-296,-4119,0,0,1759,-0.0305,-0.016,-0.017,-0.083,-0.57,-6.59,516,-680,-198,0,0,2945,-0.0117,0.041,-0.009,-0.091,-0.58,-6.58,516,-664,-335,0,0
60.121,1608.4,-344.91,-7.36,58.50,61.0,-0.45,-0.49,-0.98,0.00,0.00,1.00,2,3881,-52.5,0.20,-0.07,0.60,-13.91,81,123,2926,0.0020,-0.081,-0.009,-0.091,-39.74,32.58,382,-32,-2537,0,0,4353,0.0293,-0.012,-0.011,-0.089,-32.35,25.19,428,-69,-3734,0,0,1970,-0.0273,0.027,-0.008,-0.092,-1.03,-6.14,497,-256,-303,0,0,3114,-0.0002,0.096,-0.018,-0.082,-1.00,-6.16,502,-843,-459,0,0
60.241,1610.4,-346.24,-7.34,59.99,59.2,-0.42,-0.55,-0.98,0.00,0.00,1.00,2,3760,-51.7,0.20,-0.18,0.51,-26.40,79,116,2800,-0.0041,-0.051,0.000,-0.100,-39.28,32.12,372,-1,-2435,0,0,4377,0.0264,-0.025,-0.006,-0.094,-31.92,24.76,423,-37,-3757,0,0,1886,-0.0254,0.016,-0.002,-0.098,-2.57,-4.59,479,-62,-724,0,0,3182,0.0050,0.043,-0.024,-0.076,-2.46,-4.70,489,-1008,-1138,0,0
60.361,1612.4,-347.59,-7.31,61.38,57.4,-0.40,-0.64,-0.98,0.00,0.00,1.00,2,3634,-50.8,0.20,-0.10,0.36,-32.55,75,109,2696,-0.0083,-0.035,0.004,-0.096,-39.91,32.74,356,11,-2346,0,0,4529,0.0271,0.006,-0.003,-0.097,-32.52,25.36,410,-22,-3875,0,0,1670,-0.0285,-0.026,0.000,-0.100,-4.29,-2.87,462,-2,-1002,0,0,3214,0.0069,0.016,-0.030,-0.070,-4.07,-3.09,473,-1037,-1771,0,0
60.481,1614.2,-348.96,-7.30,62.66,55.6,-0.37,-0.70,-0.98,0.31,0.00,1.00,2,3587,-0.6,0.26,0.02,0.21,-34.60,70,102,2604,-0.0111,-0.024,0.004,-0.096,-40.92,33.76,338,12,-2266,0,0,4598,0.0290,0.016,-0.004,-0.096,-33.47,26.31,393,-21,-3923,0,0,1626,-0.0315,-0.025,0.004,-0.096,-5.78,-1.38,448,104,-1192,0,0,3301,0.0086,0.015,0.004,-0.096,-5.45,-1.71,475,22,-2286,0,0
60.601,1616.1,-350.36,-7.28,63.84,54.5,-0.17,-0.74,-0.98,0.83,0.00,1.00,2,3832,142.7,0.88,-0.04,0.10,-35.30,69,98,2492,-0.0131,-0.016,-0.003,-0.097,-41.94,34.78,325,-6,-2170,0,0,9065,0.0297,0.006,-0.007,-0.093,-34.43,27.27,381,-49,-7165,0,0,1870,-0.0303,0.010,0.127,0.027,-6.97,-0.20,494,1312,-1156,0,0,3626,0.0138,0.043,0.060,-0.040,-6.56,-0.60,493,1525,-2579,0,0
60.721,1617.9,-351.81,-7.27,64.94,54.1,-0.02,-0.73,-0.98,0.36,0.00,1.00,2,3679,69.5,1.05,-0.32,0.12,-34.18,74,97,2249,-0.0172,-0.034,-0.004,-0.096,-43.07,35.90,316,-10,-1963,0,0,4245,0.0259,-0.031,-0.006,-0.094,-35.49,28.33,373,-35,-3630,0,0,2280,-0.0226,0.064,0.090,-0.010,-7.94,0.78,472,1320,-1620,0,0,3930,0.0200,0.051,0.028,-0.072,-7.48,0.32,473,1064,-3066,0,0
60.841,1619.7,-353.29,-7.25,65.92,52.6,-0.28,-0.79,-0.98,0.00,0.00,0.71,2,3295,-48.4,0.34,-0.22,0.06,-27.48,67,91,2530,-0.0181,-0.008,0.000,-0.100,-43.74,36.57,306,0,-2196,0,0,4636,0.0276,0.014,-0.003,-0.097,-36.14,28.98,358,-18,-3935,0,0,1714,-0.0245,-0.015,-0.007,-0.093,-7.56,0.40,420,-82,-1434,0,0,3511,0.0212,0.010,-0.037,-0.063,-7.20,0.03,428,-918,-2735,0,0
60.961,1621.4,-354.77,-7.23,66.78,50.6,-0.39,-0.77,-0.98,0.00,0.00,0.23,2,3167,-47.5,0.21,0.09,0.09,-25.72,58,85,2709,-0.0145,0.030,-0.003,-0.097,-43.63,36.47,294,-9,-2345,0,0,4706,0.0307,0.026,-0.006,-0.094,-36.04,28.88,344,-34,-3989,0,0,1537,-0.0305,-0.051,-0.008,-0.092,-7.26,0.10,404,-93,-1270,0,0,3211,0.0147,-0.054,-0.037,-0.063,-6.92,-0.24,411,-882,-2471,0,0
61.081,1623.0,-356.24,-7.22,67.52,48.4,-0.43,-0.74,-0.98,0.00,0.00,0.31,1,3253,-48.0,0.20,0.31,0.16,-26.03,51,78,2854,-0.0124,0.017,0.000,-0.100,-43.26,36.10,284,-5,-2466,0,0,4677,0.0315,0.007,-0.004,-0.096,-35.67,28.51,332,-25,-3969,0,0,1546,-0.0334,-0.024,-0.255,0.155,-7.09,-0.07,285,-1265,-757,0,0,3043,0.0106,-0.034,-0.269,0.169,-6.74,-0.42,295,-2506,-1317,0,0
61.201,1624.6,-357.66,-7.21,68.15,45.5,-0.61,-0.63,-0.99,0.00,0.00,0.91,1,4350,-55.8,0.20,0.62,0.42,-37.28,43,69,3165,-0.0051,0.061,0.005,-0.095,-43.22,36.06,264,16,-2722,0,0,4744,0.0317,0.002,-0.003,-0.097,-35.58,28.42,316,-19,-4022,0,0,1497,-0.0343,-0.008,-0.125,0.025,-9.68,2.52,317,-969,-1029,0,0,2809,0.0025,-0.067,-0.165,0.065,-8.97,1.81,326,-2038,-1630,0,0
61.321,1626.0,-359.03,-7.21,68.67,43.0,-0.49,-0.76,-0.99,0.00,0.00,1.00,1,4401,-56.2,0.20,0.77,0.25,-38.31,37,61,2720,-0.0073,-0.018,0.004,-0.096,-43.82,36.66,246,10,-2354,0,0,4846,0.0342,0.021,-0.003,-0.097,-36.11,28.95,298,-16,-4099,0,0,1442,-0.0369,-0.022,-0.061,-0.039,-10.90,3.74,319,-434,-1257,0,0,3207,0.0046,0.018,-0.106,0.006,-10.04,2.88,330,-1588,-2445,0,0
61.441,1627.4,-360.36,-7.20,69.05,40.1,-0.57,-0.97,-0.99,0.00,0.00,1.00,1,4204,-54.8,0.20,0.84,-0.03,-10.25,31,53,2759,-0.0107,-0.029,-0.014,-0.086,-44.20,37.04,232,-31,-2384,0,0,5020,0.0398,0.046,-0.014,-0.086,-36.61,29.45,266,3,-4229,0,0,1168,-0.0432,-0.052,-0.068,-0.032,-5.17,-1.99,306,-593,-813,0,0,3026,0.0062,0.013,-0.065,-0.035,-5.05,-2.11,314,-1521,-2005,0,0
61.561,1628.7,-361.63,-7.20,69.30,38.2,-0.41,-0.67,-0.99,0.47,0.00,1.00,1,4571,66.6,0.44,0.66,0.24,-16.03,33,48,2811,-0.0088,0.016,-0.018,-0.082,-41.21,34.05,230,-45,-2435,0,0,4357,0.0340,-0.048,-0.016,-0.084,-33.69,26.53,265,-79,-3725,0,0,1822,-0.0368,0.053,0.084,-0.016,-3.64,-3.52,337,1214,-905,0,0,3154,0.0046,-0.013,0.042,-0.058,-3.50,-3.66,337,1209,-1649,0,0
61.681,1630.0,-362.90,-7.21,69.46,38.3,0.04,-0.59,0.00,0.40,0.00,1.00,1,4956,151.3,1.22,0.27,0.50,-24.14,38,48,2385,-0.0125,-0.031,-0.196,0.096,2.57,-4.59,251,-741,-2002,0,0,3700,0.0231,-0.090,-0.109,0.009,2.42,-4.74,295,-1008,-3147,0,0,2569,-0.0216,0.126,0.187,0.087,-3.24,-3.92,366,2358,-678,0,0,3743,0.0140,0.079,0.114,0.014,-3.05,-4.11,364,3099,-1269,0,0
61.801,1631.3,-364.20,-7.21,69.57,39.8,0.38,-0.26,0.00,0.83,0.00,1.00,1,5167,244.0,1.52,-0.11,1.15,-12.53,45,53,2780,-0.0129,-0.003,-0.004,-0.096,0.24,-6.93,325,-104,264,0,0,2609,0.0058,-0.144,-0.001,-0.099,0.23,-6.93,335,-76,239,0,0,3446,-0.0017,0.167,0.080,-0.020,-2.67,-4.50,379,3047,-997,0,0,3490,0.0170,0.025,0.050,-0.050,-2.59,-4.57,379,2868,-1145,0,0
61.921,1632.7,-365.57,-7.22,69.65,41.9,0.49,-0.13,0.00,0.72,0.00,1.00,1,5322,-62.9,0.84,-0.33,1.60,-6.35,53,58,2609,-0.0125,0.003,-0.002,-0.098,-0.38,-6.78,344,-96,-156,0,0,2647,-0.0059,-0.098,-0.002,-0.098,-0.38,-6.78,349,-84,-156,0,0,3462,0.0102,0.098,0.137,0.037,-1.77,-5.39,384,3191,-636,0,0,3554,0.0167,-0.002,0.121,0.021,-1.75,-5.41,384,3220,-699,0,0
62.041,1634.1,-366.99,-7.22,69.70,43.3,0.34,-0.26,-0.26,1.00,0.00,1.00,1,5471,247.8,1.48,-0.28,1.42,-8.12,57,62,2324,-0.0149,-0.020,-0.002,-0.098,-9.78,2.62,350,-16,-1941,0,0,3361,-0.0039,0.017,-0.004,-0.096,-7.85,0.69,357,-94,-2539,0,0,2744,0.0064,-0.031,0.087,-0.013,-0.77,-6.40,415,2425,-277,0,0,3669,0.0174,0.006,0.068,-0.032,-0.75,-6.41,413,2962,-391,0,0
62.161,1635.6,-368.47,-7.23,69.71,45.2,0.45,-0.18,0.00,0.00,0.00,1.00,1,6240,29.4,1.41,-0.22,1.41,-11.49,62,68,2769,-0.0153,-0.003,-0.002,-0.098,0.39,-6.78,369,-103,288,0,0,2718,-0.0034,0.004,-0.002,-0.098,0.38,-6.79,379,-80,277,0,0,3341,0.0055,-0.008,0.174,0.074,-1.96,-5.20,461,3084,-403,0,0,3323,0.0174,0.000,0.145,0.045,-1.91,-5.25,461,3098,-444,0,0
62.281,1637.1,-370.01,-7.23,69.71,46.8,0.38,-0.14,0.00,1.00,0.00,1.00,1,5626,172.3,1.09,-0.19,1.61,-3.86,66,73,2746,-0.0125,0.023,-0.002,-0.098,-0.30,-6.86,386,-78,-125,0,0,3008,-0.0063,-0.024,-0.001,-0.099,-0.30,-6.86,389,-69,-135,0,0,3131,0.0083,0.023,-0.032,-0.068,-1.07,-6.09,405,1857,-572,0,0,3354,0.0145,-0.024,-0.039,-0.061,-1.06,-6.10,405,1701,-617,0,0
62.401,1638.7,-371.60,-7.24,69.68,48.6,0.42,-0.11,0.00,0.31,0.00,1.00,1,6478,122.5,1.52,-0.23,1.70,-1.87,71,78,2737,-0.0109,0.013,-0.002,-0.098,-0.23,-6.93,402,-94,-112,0,0,2916,-0.0055,0.006,-0.002,-0.098,-0.23,-6.93,403,-98,-118,0,0,3320,0.0087,0.004,0.238,0.138,-0.58,-6.59,448,3147,-164,0,0,3365,0.0129,-0.014,0.234,0.134,-0.57,-6.59,448,3188,-169,0,0
62.521,1640.4,-373.26,-7.24,69.64,50.6,0.47,-0.07,0.00,1.00,0.00,1.00,1,6429,237.7,1.54,-0.42,1.78,-0.89,79,85,2709,-0.0113,-0.003,-0.002,-0.098,-0.09,-7.07,418,-94,-47,0,0,2768,-0.0081,-0.022,-0.002,-0.098,-0.09,-7.07,419,-93,-48,0,0,3481,0.0118,0.026,0.132,0.032,-0.24,-6.92,476,3201,-108,0,0,3510,0.0140,0.009,0.130,0.030,-0.24,-6.92,476,3216,-110,0,0
62.641,1642.1,-374.99,-7.25,69.59,52.7,0.50,-0.09,-0.22,0.00,0.00,1.00,1,6712,-28.2,1.18,-0.50,1.80,-2.99,86,92,2497,-0.0122,-0.008,-0.001,-0.099,-6.76,-0.41,432,-24,-1633,0,0,2858,-0.0102,-0.017,-0.002,-0.098,-5.45,-1.71,435,-74,-1603,0,0,3317,0.0137,0.015,0.081,-0.019,-0.06,-7.10,496,3120,-25,0,0,3605,0.0157,0.014,0.073,-0.027,-0.06,-7.10,496,3362,-28,0,0
62.761,1643.9,-376.77,-7.25,69.50,53.7,0.26,-0.30,0.00,1.00,0.00,1.00,1,6483,155.4,1.07,-0.30,1.35,-14.17,86,96,2722,-0.0159,-0.031,-0.003,-0.097,1.19,-5.97,438,-133,494,0,0,3335,-0.0004,0.082,-0.001,-0.099,1.16,-6.00,450,-70,628,0,0,2872,0.0030,-0.089,0.088,-0.012,-1.27,-5.89,479,2352,-440,0,0,3355,0.0186,0.024,0.062,-0.038,-1.24,-5.92,479,2210,-548,0,0
62.881,1645.7,-378.59,-7.25,69.39,55.6,0.44,-0.07,0.00,0.30,0.00,0.75,1,7335,119.1,1.61,-0.25,1.68,-7.30,92,103,2786,-0.0111,0.041,-0.002,-0.098,-0.23,-6.93,457,-96,-74,0,0,2759,-0.0054,-0.042,-0.002,-0.098,-0.22,-6.94,463,-88,-73,0,0,3319,0.0075,0.037,0.181,0.081,-1.43,-5.73,539,3123,-384,0,0,3333,0.0131,-0.046,0.167,0.067,-1.41,-5.75,539,3135,-408,0,0
63.001,1647.6,-380.47,-7.26,69.26,57.5,0.44,-0.14,0.00,1.00,0.00,0.27,1,7270,210.9,1.54,-0.29,1.68,-3.61,100,110,2583,-0.0128,-0.014,-0.002,-0.098,-0.43,-6.73,474,-90,-182,0,0,2889,-0.0072,-0.015,-0.002,-0.098,-0.43,-6.73,477,-90,-201,0,0,3213,0.0086,0.009,0.116,0.016,-1.01,-6.16,529,2936,-381,0,0,3469,0.0142,0.009,0.108,0.008,-1.00,-6.16,528,3115,-423,0,0
63.121,1649.5,-382.40,-7.26,69.10,58.4,0.22,-0.13,0.00,0.71,0.00,0.78,2,7260,285.3,2.01,-0.20,1.68,-1.40,100,113,2973,-0.0093,0.029,-0.002,-0.098,-0.33,-6.83,483,-94,-168,0,0,3283,-0.0028,0.036,-0.002,-0.098,-0.33,-6.84,484,-98,-184,0,0,3019,0.0052,-0.028,0.187,0.087,-0.55,-6.62,579,2862,-171,0,0,3177,0.0111,-0.025,0.183,0.083,-0.55,-6.62,579,2999,-182,0,0
63.241,1651.5,-384.38,-7.27,68.92,60.1,0.40,-0.11,-0.21,0.00,0.00,1.00,2,5462,-64.1,0.62,-0.34,1.74,-4.83,107,120,2620,-0.0089,0.003,0.000,-0.100,-6.77,-0.39,493,-15,-1778,0,0,3059,-0.0045,-0.014,-0.002,-0.098,-5.52,-1.64,497,-68,-1805,0,0,3243,0.0082,0.024,0.373,0.273,-0.56,-6.61,692,2773,-66,0,0,3528,0.0117,0.005,0.361,0.261,-0.55,-6.61,692,3019,-73,0,0
63.361,1653.5,-386.40,-7.27,68.71,61.3,0.29,-0.34,0.00,1.00,0.00,1.00,2,4080,151.1,0.66,-0.33,1.31,-14.73,112,125,2626,-0.0160,-0.059,-0.003,-0.097,0.52,-6.65,501,-95,236,0,0,3394,0.0015,0.049,-0.001,-0.099,0.50,-6.66,513,-50,320,0,0,2875,0.0024,-0.048,0.045,-0.055,-1.72,-5.44,525,1508,-724,0,0,3520,0.0199,0.068,0.025,-0.075,-1.68,-5.48,527,958,-889,0,0
63.481,1655.6,-388.44,-7.27,68.45,62.6,0.31,-0.16,0.00,1.00,0.00,1.00,2,4489,312.4,1.75,-0.23,1.53,-6.66,114,130,2746,-0.0118,0.035,-0.002,-0.098,-0.56,-6.60,515,-91,-238,0,0,2996,-0.0012,-0.023,-0.002,-0.098,-0.56,-6.61,520,-86,-256,0,0,3091,0.0033,0.007,0.120,0.020,-1.54,-5.62,579,2777,-558,0,0,3313,0.0139,-0.050,0.108,0.008,-1.52,-5.64,579,2888,-624,0,0
63.601,1657.7,-390.55,-7.27,68.17,64.5,0.45,-0.20,0.00,0.91,0.00,1.00,2,4678,328.7,1.85,-0.30,1.55,-6.41,124,138,2504,-0.0144,-0.021,-0.002,-0.098,-0.57,-6.59,531,-88,-225,0,0,2891,-0.0043,-0.025,-0.002,-0.098,-0.57,-6.60,536,-86,-256,0,0,3176,0.0052,0.016,0.133,0.033,-1.48,-5.68,603,2917,-510,0,0,3514,0.0153,0.012,0.121,0.021,-1.47,-5.70,603,3154,-589,0,0
63.721,1659.9,-392.71,-7.28,67.84,66.4,0.46,-0.16,-0.09,1.00,0.00,1.00,2,4763,315.0,1.83,-0.38,1.61,-4.25,134,146,2631,-0.0143,0.001,-0.002,-0.098,-0.69,-6.48,548,-89,-298,0,0,2976,-0.0058,-0.013,-0.002,-0.098,-0.68,-6.48,551,-89,-333,0,0,3227,0.0076,0.020,0.118,0.018,-1.27,-5.89,614,2916,-483,0,0,3512,0.0159,0.005,0.110,0.010,-1.26,-5.90,614,3110,-539,0,0
63.841,1662.2,-394.93,-7.28,67.46,68.2,0.42,-0.37,0.00,1.00,0.00,1.00,2,4757,283.5,1.70,-0.45,1.25,-15.00,143,154,2277,-0.0190,-0.040,0.000,-0.100,0.18,-6.98,559,-31,-168,0,0,3446,0.0006,0.053,-0.002,-0.098,0.18,-6.98,570,-33,-161,0,0,2958,0.0036,-0.034,0.096,-0.004,-1.84,-5.32,614,2507,-656,0,0,3900,0.0223,0.053,0.072,-0.028,-1.80,-5.36,613,2868,-923,0,0
63.961,1664.5,-397.20,-7.28,67.05,70.1,0.46,-0.18,0.00,1.00,0.00,1.00,2,4910,212.3,1.64,-0.45,1.48,-9.84,150,163,2577,-0.0161,0.024,-0.002,-0.098,-0.97,-6.20,576,-89,-389,0,0,2919,-0.0033,-0.032,-0.002,-0.098,-0.95,-6.21,584,-82,-433,0,0,3255,0.0073,0.031,0.097,-0.003,-2.26,-4.91,631,2799,-865,0,0,3559,0.0201,-0.018,0.082,-0.018,-2.23,-4.94,631,2897,-996,0,0
64.081,1666.8,-399.52,-7.28,66.57,71.8,0.41,-0.36,0.00,0.72,0.00,1.00,2,5211,207.2,1.78,-0.38,1.29,-13.97,155,171,2064,-0.0188,-0.023,0.002,-0.098,-11.26,4.09,579,24,-1843,0,0,3410,-0.0015,0.015,-0.003,-0.097,-9.29,2.13,590,-52,-2862,0,0,2681,0.0033,-0.033,0.141,0.041,-2.24,-4.92,671,2482,-577,0,0,3835,0.0207,0.005,0.117,0.017,-2.20,-4.96,668,3396,-893,0,0
64.201,1669.3,-401.89,-7.29,66.03,73.4,0.41,-0.32,0.00,0.71,0.00,1.00,2,5375,280.2,1.84,-0.29,1.24,-12.52,161,179,2453,-0.0195,-0.006,-0.002,-0.098,-1.35,-5.81,602,-85,-516,0,0,3095,-0.0004,0.009,-0.002,-0.098,-1.33,-5.83,612,-86,-635,0,0,2999,0.0012,-0.018,0.148,0.048,-2.92,-4.25,693,2705,-831,0,0,3541,0.0203,-0.003,0.128,0.028,-2.87,-4.29,692,3091,-1053,0,0
64.321,1671.7,-404.30,-7.29,65.43,75.1,0.42,-0.38,-0.24,0.34,0.00,1.00,2,5579,285.3,1.90,-0.31,1.20,-13.74,170,187,2280,-0.0191,0.004,0.002,-0.098,-9.15,1.99,611,20,-1887,0,0,3523,0.0015,0.016,-0.001,-0.099,-7.70,0.54,622,-24,-2679,0,0,2774,0.0008,-0.003,0.166,0.066,-2.95,-4.22,719,2539,-722,0,0,3789,0.0202,0.000,0.143,0.043,-2.90,-4.27,717,3356,-1060,0,0
64.441,1674.3,-406.73,-7.30,64.75,76.4,0.34,-0.51,0.00,1.00,0.00,1.00,2,5332,272.7,1.60,-0.28,0.92,-16.46,173,194,2343,-0.0221,-0.026,-0.002,-0.098,-1.75,-5.41,625,-74,-629,0,0,3554,0.0066,0.043,-0.001,-0.099,-1.71,-5.45,638,-65,-917,0,0,2804,-0.0031,-0.033,0.096,-0.004,-3.74,-3.42,701,1931,-1317,0,0,3823,0.0256,0.045,0.075,-0.025,-3.66,-3.50,700,2077,-1869,0,0
64.561,1676.9,-409.20,-7.30,64.00,78.0,0.40,-0.39,0.00,1.00,0.00,1.00,2,5537,234.8,1.66,-0.23,1.09,-12.76,179,202,2334,-0.0202,0.016,-0.002,-0.098,-2.34,-4.82,639,-77,-859,0,0,3235,0.0033,-0.028,-0.002,-0.098,-2.31,-4.86,650,-81,-1158,0,0,2882,-0.0012,0.016,0.114,0.014,-3.84,-3.32,713,2361,-1185,0,0,3651,0.0223,-0.028,0.095,-0.005,-3.78,-3.38,712,2772,-1586,0,0
64.681,1679.5,-411.70,-7.30,63.17,79.6,0.40,-0.43,0.00,0.82,0.00,1.00,2,5767,259.2,1.76,-0.19,1.07,-12.05,187,210,2210,-0.0218,-0.013,-0.002,-0.098,-2.40,-4.77,653,-74,-837,0,0,3300,0.0024,-0.007,-0.002,-0.098,-2.36,-4.80,662,-89,-1212,0,0,2795,-0.0022,-0.008,0.137,0.037,-3.78,-3.38,743,2408,-1033,0,0,3715,0.0220,-0.003,0.118,0.018,-3.73,-3.43,742,3040,-1453,0,0
64.801,1682.2,-414.22,-7.31,62.26,81.2,0.41,-0.41,0.00,0.81,0.00,1.00,2,5897,273.3,1.81,-0.22,1.09,-10.61,197,219,2265,-0.0214,0.004,-0.002,-0.098,-2.50,-4.66,667,-76,-892,0,0,3426,0.0030,0.005,-0.002,-0.098,-2.47,-4.69,676,-99,-1308,0,0,2853,-0.0018,0.003,0.138,0.038,-3.69,-3.47,760,2464,-1037,0,0,3693,0.0216,-0.003,0.121,0.021,-3.65,-3.51,759,3052,-1409,0,0
64.921,1684.9,-416.78,-7.32,61.28,82.9,0.42,-0.42,0.00,0.81,0.00,1.00,2,6033,285.3,1.88,-0.28,1.13,-9.25,206,228,2282,-0.0212,0.002,-0.002,-0.098,-2.45,-4.71,681,-78,-885,0,0,3285,0.0025,-0.004,-0.002,-0.098,-2.42,-4.74,689,-91,-1242,0,0,2897,-0.0001,0.014,0.139,0.039,-3.47,-3.70,778,2531,-989,0,0,3848,0.0234,0.015,0.125,0.025,-3.43,-3.73,776,3231,-1370,0,0
65.041,1687.7,-419.37,-7.32,60.21,84.6,0.43,-0.39,0.00,0.83,0.00,1.00,2,6146,280.9,1.87,-0.27,1.17,-8.22,214,237,2269,-0.0214,-0.002,-0.002,-0.098,-2.33,-4.83,696,-77,-842,0,0,3210,0.0009,-0.013,-0.002,-0.098,-2.31,-4.85,702,-89,-1164,0,0,2895,0.0005,0.005,0.136,0.036,-3.21,-3.95,792,2545,-938,0,0,3691,0.0228,-0.005,0.124,0.024,-3.19,-3.98,791,3137,-1241,0,0
65.161,1690.6,-421.98,-7.33,59.07,86.3,0.42,-0.37,0.00,0.85,0.00,1.00,2,6266,280.8,1.88,-0.22,1.23,-7.68,223,247,2482,-0.0209,0.005,-0.003,-0.097,-2.19,-4.97,710,-88,-869,0,0,3363,0.0003,-0.006,-0.002,-0.098,-2.17,-4.99,716,-134,-1152,0,0,2896,0.0001,-0.004,0.135,0.035,-3.00,-4.16,808,2563,-888,0,0,3618,0.0209,-0.016,0.124,0.024,-2.98,-4.18,806,3107,-1148,0,0
65.281,1693.5,-424.63,-7.33,57.86,88.0,0.43,-0.36,0.00,0.58,0.00,1.00,2,6671,267.9,1.88,-0.28,1.27,-7.50,233,257,2415,-0.0195,0.011,-0.005,-0.095,-2.05,-5.11,723,-92,-787,0,0,3304,0.0012,0.008,-0.002,-0.098,-2.04,-5.13,731,-98,-1069,0,0,3063,0.0011,0.009,0.145,0.045,-2.83,-4.34,840,2795,-781,0,0,3781,0.0209,0.000,0.132,0.032,-2.80,-4.36,840,3384,-998,0,0
65.401,1696.4,-427.30,-7.34,56.57,89.7,0.41,-0.43,0.00,1.00,0.00,1.00,2,6079,161.7,1.35,-0.32,1.19,-10.82,242,267,2059,-0.0208,-0.011,-0.002,-0.098,-9.36,2.19,728,-9,-1812,0,0,3533,0.0014,0.002,-0.004,-0.096,-7.93,0.77,737,-84,-2910,0,0,2684,0.0011,0.000,0.061,-0.039,-2.72,-4.44,783,1813,-1013,0,0,3944,0.0233,0.021,0.047,-0.053,-2.69,-4.47,781,2252,-1508,0,0
65.521,1699.5,-429.99,-7.34,55.21,91.0,0.33,-0.40,0.00,1.00,0.00,1.00,2,6578,301.8,1.93,-0.19,1.15,-9.82,243,274,2409,-0.0206,0.002,-0.002,-0.098,-1.97,-5.20,748,-79,-754,0,0,3261,0.0033,0.016,-0.002,-0.098,-1.95,-5.22,756,-88,-997,0,0,2829,-0.0024,-0.029,0.131,0.031,-2.95,-4.21,848,2489,-875,0,0,3541,0.0215,-0.015,0.118,0.018,-2.92,-4.24,847,3002,-1141,0,0
65.641,1702.5,-432.70,-7.35,53.77,92.7,0.41,-0.35,0.00,0.92,0.00,1.00,2,6686,282.3,1.90,-0.21,1.29,-8.98,254,285,2434,-0.0185,0.017,-0.002,-0.098,-2.13,-5.04,762,-79,-824,0,0,3267,0.0017,-0.014,-0.002,-0.098,-2.11,-5.06,769,-89,-1083,0,0,2902,-0.0007,0.014,0.128,0.028,-3.01,-4.15,862,2538,-919,0,0,3595,0.0192,-0.019,0.116,0.016,-2.98,-4.18,861,3036,-1180,0,0
65.761,1705.6,-435.43,-7.36,52.26,94.4,0.43,-0.37,0.00,0.84,0.00,1.00,2,6960,288.9,1.99,-0.31,1.31,-8.01,267,295,2351,-0.0192,-0.006,-0.002,-0.098,-2.16,-5.00,777,-79,-810,0,0,3243,0.0014,-0.002,-0.002,-0.098,-2.14,-5.02,783,-91,-1094,0,0,2979,0.0015,0.018,0.115,0.015,-2.93,-4.23,878,2644,-887,0,0,3818,0.0212,0.017,0.103,0.003,-2.91,-4.26,877,3290,-1161,0,0
65.881,1708.8,-438.18,-7.36,50.67,96.0,0.42,-0.36,0.00,1.00,0.00,0.57,2,6715,264.6,1.73,-0.31,1.33,-7.03,277,306,2286,-0.0201,-0.008,-0.002,-0.098,-2.16,-5.00,791,-72,-790,0,0,3236,-0.0003,-0.014,-0.002,-0.098,-2.14,-5.02,797,-80,-1095,0,0,2869,0.0017,0.002,0.092,-0.008,-2.83,-4.33,866,2271,-1017,0,0,3669,0.0216,0.003,0.083,-0.017,-2.81,-4.35,865,2738,-1324,0,0
66.001,1712.0,-440.95,-7.37,49.01,97.1,0.27,-0.38,0.00,1.00,0.00,0.09,2,7345,-180.4,2.07,-0.20,1.29,-4.49,276,313,2595,-0.0187,0.012,-0.001,-0.099,-1.97,-5.19,801,-50,-825,0,0,3581,0.0024,0.022,-0.001,-0.099,-1.96,-5.20,805,-56,-1116,0,0,2577,-0.0020,-0.031,0.016,-0.084,-2.40,-4.76,815,644,-977,0,0,3420,0.0189,-0.022,0.012,-0.088,-2.39,-4.77,815,639,-1280,0,0
66.121,1715.3,-443.70,-7.37,47.29,98.0,0.21,-0.33,0.00,0.00,0.00,1.00,3,6662,288.9,2.08,-0.12,1.39,-4.25,272,318,2750,-0.0138,0.041,-0.002,-0.098,-1.62,-5.54,809,-84,-725,0,0,3348,0.0058,0.028,-0.002,-0.098,-1.61,-5.55,812,-101,-871,0,0,2924,-0.0036,-0.013,0.240,0.140,-2.01,-5.16,1009,2727,-397,0,0,3418,0.0151,-0.032,0.234,0.134,-2.00,-5.16,1008,3169,-471,0,0
66.241,1718.6,-446.49,-7.37,45.52,99.8,0.44,-0.23,0.00,0.36,0.00,1.00,3,5187,-61.8,0.49,-0.29,1.64,-7.43,293,330,2504,-0.0139,-0.001,-0.002,-0.098,-1.64,-5.52,822,-82,-663,0,0,2891,-0.0013,-0.060,-0.002,-0.098,-1.63,-5.53,828,-91,-756,0,0,3200,0.0037,0.061,0.179,0.079,-2.31,-4.85,963,2974,-606,0,0,3575,0.0162,0.009,0.170,0.070,-2.30,-4.87,962,3298,-697,0,0
66.361,1722.0,-449.29,-7.37,43.66,101.1,0.33,-0.46,0.00,1.00,0.00,1.00,3,4574,142.5,0.88,-0.30,1.28,-13.43,302,339,2181,-0.0197,-0.049,-0.008,-0.092,-1.32,-5.84,826,-230,-1201,0,0,3843,0.0024,0.031,-0.004,-0.096,-1.31,-5.85,840,-262,-1851,0,0,2362,-0.0009,-0.038,0.029,-0.071,-2.54,-4.62,857,885,-912,0,0,3854,0.0211,0.041,0.016,-0.084,-2.51,-4.65,857,834,-1461,0,0
66.481,1725.3,-452.07,-7.38,41.75,101.9,0.20,-0.39,0.00,1.00,0.00,1.00,3,4804,320.4,1.81,-0.18,1.23,-9.01,295,344,2645,-0.0168,0.025,-0.002,-0.098,-1.98,-5.19,839,-72,-831,0,0,3641,0.0076,0.043,-0.002,-0.098,-1.96,-5.20,846,-80,-1117,0,0,2724,-0.0047,-0.031,0.071,-0.029,-2.79,-4.38,901,1909,-1029,0,0,3517,0.0188,-0.019,0.061,-0.039,-2.76,-4.40,900,2223,-1346,0,0
66.601,1728.8,-454.86,-7.38,39.76,103.2,0.33,-0.38,0.00,1.00,0.00,1.00,3,4967,371.9,2.09,-0.23,1.34,-6.68,305,353,2410,-0.0168,0.000,-0.002,-0.098,-2.04,-5.12,851,-74,-790,0,0,3256,0.0047,-0.024,-0.002,-0.098,-2.03,-5.13,856,-82,-1047,0,0,2869,-0.0028,0.015,0.092,-0.008,-2.63,-4.53,931,2303,-949,0,0,3601,0.0186,-0.001,0.084,-0.016,-2.62,-4.55,930,2749,-1211,0,0
66.721,1732.2,-457.66,-7.38,37.71,104.7,0.37,-0.35,0.00,1.00,0.00,1.00,3,5086,384.5,2.17,-0.29,1.41,-5.43,320,363,2513,-0.0176,-0.007,-0.002,-0.098,-1.93,-5.24,864,-78,-781,0,0,3325,0.0020,-0.023,-0.002,-0.098,-1.92,-5.25,868,-89,-1015,0,0,2874,-0.0015,0.011,0.101,0.001,-2.40,-4.77,953,2423,-838,0,0,3554,0.0180,-0.005,0.095,-0.005,-2.38,-4.78,952,2895,-1051,0,0
66.841,1735.7,-460.45,-7.37,35.57,106.2,0.37,-0.47,0.00,1.00,0.00,1.00,3,5156,387.1,2.19,-0.36,1.20,-12.61,333,374,2229,-0.0211,-0.029,-0.002,-0.098,-1.57,-5.59,873,-123,-612,0,0,3601,0.0054,0.029,-0.001,-0.099,-1.56,-5.61,883,-56,-940,0,0,2744,-0.0031,-0.014,0.105,0.005,-2.66,-4.50,967,2322,-851,0,0,3862,0.0225,0.038,0.091,-0.009,-2.63,-4.53,965,3046,-1240,0,0
66.961,1739.3,-463.25,-7.37,33.36,107.7,0.39,-0.36,0.00,1.00,0.00,1.00,3,5259,385.8,2.20,-0.38,1.35,-9.89,343,385,2360,-0.0199,0.011,-0.002,-0.098,-2.18,-4.98,886,-75,-815,0,0,3195,0.0023,-0.026,-0.002,-0.098,-2.16,-5.00,894,-82,-1081,0,0,2925,-0.0005,0.022,0.110,0.010,-3.02,-4.14,985,2451,-1007,0,0,3636,0.0216,-0.008,0.099,-0.001,-2.99,-4.17,984,2908,-1289,0,0
67.081,1742.9,-466.06,-7.37,31.07,109.2,0.38,-0.40,-0.10,1.00,0.00,1.00,3,5365,383.6,2.20,-0.35,1.36,-9.24,351,395,2346,-0.0195,0.003,0.001,-0.099,-6.36,-0.80,897,10,-1630,0,0,3424,0.0019,-0.003,0.000,-0.100,-5.61,-1.56,904,-17,-2185,0,0,2719,-0.0016,-0.009,0.116,0.016,-3.08,-4.08,1006,2318,-930,0,0,3637,0.0198,-0.015,0.106,0.006,-3.06,-4.10,1004,2970,-1276,0,0
67.201,1746.6,-468.85,-7.37,28.69,110.6,0.37,-0.51,0.00,1.00,0.00,1.00,3,5441,380.9,2.19,-0.35,1.16,-13.73,359,406,2294,-0.0218,-0.019,-0.002,-0.098,-2.59,-4.57,908,-71,-921,0,0,3530,0.0062,0.036,-0.002,-0.098,-2.56,-4.60,919,-85,-1376,0,0,2747,-0.0042,-0.022,0.120,0.020,-3.72,-3.44,1020,2290,-1081,0,0,3760,0.0230,0.027,0.105,0.005,-3.68,-3.48,1018,2954,-1538,0,0
67.321,1750.3,-471.64,-7.36,26.23,112.1,0.37,-0.47,0.00,0.97,0.00,1.00,3,5528,371.7,2.18,-0.34,1.21,-12.00,367,416,2195,-0.0221,-0.002,-0.002,-0.098,-3.10,-4.06,920,-67,-1039,0,0,3382,0.0045,-0.014,-0.002,-0.098,-3.07,-4.09,930,-82,-1558,0,0,2722,-0.0036,0.005,0.123,0.023,-4.08,-3.08,1036,2242,-1145,0,0,3725,0.0230,0.000,0.110,0.010,-4.04,-3.13,1034,2911,-1618,0,0
67.441,1754.1,-474.41,-7.36,23.68,113.3,0.35,-0.58,0.00,0.93,0.00,1.00,3,5600,349.5,2.10,-0.29,1.03,-16.31,373,426,1998,-0.0238,-0.014,-0.011,-0.089,-3.20,-3.97,921,-190,-1411,0,0,3784,0.0075,0.025,-0.009,-0.091,-3.15,-4.01,937,-322,-2463,0,0,2347,-0.0076,-0.033,0.128,0.028,-4.51,-2.66,1050,1923,-1052,0,0,3885,0.0236,0.005,0.110,0.010,-4.45,-2.72,1047,2951,-1812,0,0
67.561,1757.9,-477.15,-7.35,21.05,114.6,0.35,-0.57,0.00,0.94,0.00,1.00,3,5651,348.1,2.10,-0.28,0.98,-15.49,378,435,2151,-0.0240,-0.002,-0.002,-0.098,-3.94,-3.22,939,-61,-1232,0,0,3617,0.0093,0.015,-0.002,-0.098,-3.89,-3.27,951,-80,-2006,0,0,2691,-0.0077,-0.001,0.126,0.026,-5.17,-1.99,1059,2096,-1348,0,0,3931,0.0257,0.017,0.109,0.009,-5.11,-2.05,1057,2847,-2041,0,0
67.681,1761.7,-479.85,-7.35,18.32,115.8,0.34,-0.60,0.00,0.90,0.00,1.00,3,5727,331.3,2.05,-0.22,0.97,-14.71,382,444,2043,-0.0253,-0.010,-0.003,-0.097,-4.43,-2.73,948,-56,-1278,0,0,3591,0.0083,-0.008,-0.002,-0.098,-4.38,-2.78,960,-79,-2175,0,0,2480,-0.0086,-0.008,0.130,0.030,-5.59,-1.57,1073,1910,-1300,0,0,3792,0.0250,-0.005,0.114,0.014,-5.52,-1.64,1071,2721,-2051,0,0
67.801,1765.6,-482.52,-7.34,15.50,116.8,0.32,-0.64,0.00,0.91,0.00,1.00,3,5768,321.4,2.00,-0.20,0.89,-15.30,387,452,2186,-0.0250,0.002,-0.003,-0.097,-4.82,-2.34,955,-63,-1444,0,0,3901,0.0114,0.026,-0.002,-0.098,-4.76,-2.40,968,-84,-2490,0,0,2551,-0.0100,-0.012,0.128,0.028,-6.01,-1.15,1081,1902,-1412,0,0,3966,0.0255,0.004,0.112,0.012,-5.94,-1.23,1079,2737,-2261,0,0
67.921,1769.5,-485.14,-7.34,12.59,117.8,0.32,-0.68,0.00,0.90,0.00,1.00,3,5825,326.0,2.02,-0.19,0.83,-15.18,390,460,1988,-0.0261,-0.009,-0.003,-0.097,-5.20,-1.97,963,-52,-1382,0,0,3753,0.0120,0.005,-0.002,-0.098,-5.13,-2.03,976,-78,-2519,0,0,2465,-0.0105,-0.004,0.130,0.030,-6.37,-0.79,1092,1807,-1413,0,0,3951,0.0276,0.017,0.114,0.014,-6.29,-0.87,1090,2675,-2326,0,0
68.041,1773.5,-487.70,-7.33,9.59,118.8,0.31,-0.69,0.00,0.86,0.00,1.00,3,5884,305.0,1.95,-0.12,0.79,-15.82,393,467,2080,-0.0267,-0.005,-0.003,-0.097,-5.55,-1.62,970,-50,-1500,0,0,3876,0.0122,0.002,-0.002,-0.098,-5.48,-1.68,983,-80,-2698,0,0,2318,-0.0126,-0.017,0.134,0.034,-6.76,-0.41,1103,1680,-1365,0,0,3832,0.0261,-0.012,0.117,0.017,-6.67,-0.49,1101,2562,-2318,0,0
68.161,1777.4,-490.20,-7.33,6.49,119.6,0.30,-0.73,0.00,0.90,0.00,1.00,3,5909,306.1,1.93,-0.11,0.74,-16.56,397,474,2017,-0.0269,-0.002,-0.003,-0.097,-5.94,-1.22,976,-47,-1510,0,0,3919,0.0142,0.016,-0.002,-0.098,-5.86,-1.30,990,-77,-2828,0,0,2334,-0.0135,-0.007,0.132,0.032,-7.20,0.03,1108,1630,-1440,0,0,4066,0.0272,0.009,0.114,0.014,-7.10,-0.06,1105,2589,-2567,0,0
68.281,1781.5,-492.63,-7.33,3.31,120.5,0.29,-0.75,0.00,0.83,0.00,1.00,3,5973,291.7,1.91,-0.05,0.70,-16.82,398,480,1912,-0.0282,-0.010,-0.003,-0.097,-6.37,-0.79,982,-44,-1484,0,0,3823,0.0138,-0.004,-0.002,-0.098,-6.28,-0.88,995,-73,-2861,0,0,2289,-0.0141,-0.006,0.137,0.037,-7.63,0.47,1120,1586,-1435,0,0,3900,0.0278,0.005,0.120,0.020,-7.54,0.37,1117,2475,-2505,0,0
68.401,1785.5,-494.99,-7.33,0.04,121.2,0.28,-0.77,0.00,0.80,0.00,1.00,3,6011,276.7,1.84,-0.01,0.65,-18.21,400,486,1949,-0.0282,-0.001,-0.003,-0.097,-6.84,-0.33,986,-41,-1560,0,0,4098,0.0158,0.017,-0.002,-0.098,-6.74,-0.42,1001,-76,-3151,0,0,2374,-0.0158,-0.013,0.140,0.040,-8.20,1.03,1127,1599,-1533,0,0,4010,0.0275,-0.003,0.121,0.021,-8.08,0.92,1124,2462,-2652,0,0
68.521,1789.5,-497.27,-7.32,-3.31,121.8,0.27,-0.81,0.00,0.81,0.00,1.00,3,6029,278.3,1.85,0.02,0.60,-18.75,400,491,1900,-0.0285,-0.003,-0.003,-0.097,-7.38,0.22,990,-38,-1568,0,0,3965,0.0166,0.007,-0.002,-0.098,-7.28,0.11,1005,-69,-3151,0,0,2288,-0.0158,0.000,0.139,0.039,-8.78,1.61,1130,1479,-1538,0,0,4033,0.0294,0.016,0.120,0.020,-8.65,1.49,1128,2356,-2769,0,0
68.641,1793.6,-499.45,-7.32,-6.74,122.3,0.26,-0.81,0.00,0.76,0.00,1.00,3,6068,255.8,1.76,0.12,0.57,-19.69,397,495,2032,-0.0289,-0.003,-0.003,-0.097,-7.97,0.81,992,-36,-1717,0,0,4135,0.0170,0.003,-0.003,-0.097,-7.85,0.69,1008,-71,-3365,0,0,2135,-0.0175,-0.015,0.144,0.044,-9.42,2.26,1138,1350,-1469,0,0,3903,0.0280,-0.011,0.124,0.024,-9.28,2.12,1135,2226,-2740,0,0
68.760,1797.7,-501.55,-7.33,-10.25,122.7,0.25,-0.86,0.00,0.77,0.00,1.00,3,6071,254.8,1.74,0.14,0.51,-20.84,396,498,1952,-0.0287,0.002,-0.002,-0.098,-8.64,1.48,993,-31,-1690,0,0,4163,0.0194,0.020,-0.002,-0.098,-8.50,1.34,1009,-66,-3467,0,0,2182,-0.0180,-0.004,0.143,0.043,-10.18,3.01,1138,1310,-1555,0,0,4163,0.0294,0.012,0.122,0.022,-10.01,2.85,1135,2226,-3014,0,0
68.880,1801.8,-503.53,-7.33,-13.84,123.0,0.24,-0.84,0.22,0.61,0.00,1.00,3,5978,180.5,1.54,0.22,0.53,-18.71,393,501,1977,-0.0294,-0.006,-0.006,-0.094,-1.81,-5.35,1004,-170,-918,0,0,3898,0.0183,-0.009,-0.002,-0.098,0.03,-7.13,1023,-162,-880,0,0,2227,-0.0183,-0.002,0.124,0.024,-10.87,3.71,1120,1173,-1700,0,0,3839,0.0294,0.000,0.106,0.006,-10.72,3.55,1118,1781,-2964,0,0
69.000,1805.9,-505.42,-7.33,-17.48,123.3,0.21,-0.80,0.00,0.72,0.00,1.00,3,6128,243.0,1.74,0.27,0.61,-14.35,395,503,1920,-0.0272,0.018,-0.003,-0.097,-9.64,2.47,998,-27,-1706,0,0,4264,0.0182,-0.001,-0.003,-0.097,-9.53,2.37,1009,-74,-3644,0,0,2232,-0.0182,0.000,0.148,0.048,-10.68,3.52,1148,1322,-1602,0,0,4039,0.0266,-0.023,0.133,0.033,-10.57,3.40,1146,2195,-2913,0,0
69.120,1810.0,-507.20,-7.34,-21.19,123.6,0.23,-0.83,0.30,0.91,0.00,1.00,3,6016,242.6,1.62,0.27,0.58,-10.94,396,505,2098,-0.0282,-0.008,-0.004,-0.096,-1.70,-5.46,1015,-131,-715,0,0,3860,0.0192,0.008,-0.001,-0.099,0.18,-6.98,1027,-50,-208,0,0,2349,-0.0183,-0.001,0.123,0.023,-10.61,3.45,1128,1238,-1787,0,0,3854,0.0291,0.021,0.111,0.011,-10.52,3.36,1126,1861,-2935,0,0
69.240,1814.1,-508.91,-7.34,-24.95,124.1,0.19,-0.39,0.00,0.84,0.00,1.00,3,6131,243.5,1.75,0.23,1.47,16.42,418,510,2727,-0.0146,0.113,0.000,-0.100,-8.93,1.77,1024,11,-2359,0,0,3597,0.0074,-0.099,-0.001,-0.099,-9.04,1.88,1010,-4,-3076,0,0,2715,-0.0061,0.102,0.121,0.021,-7.74,0.58,1148,1730,-1807,0,0,3429,0.0155,-0.113,0.134,0.034,-7.84,0.68,1147,2264,-2181,0,0
69.360,1818.3,-510.53,-7.35,-28.78,125.0,0.28,-0.77,0.00,1.00,0.00,1.00,3,6099,335.1,2.03,0.02,0.98,11.61,432,517,1910,-0.0232,-0.071,-0.004,-0.096,-5.53,-1.63,1033,-68,-1397,0,0,4043,0.0149,0.063,-0.003,-0.097,-5.58,-1.58,1024,-111,-2875,0,0,2319,-0.0119,-0.048,0.104,0.004,-4.69,-2.47,1144,1720,-1206,0,0,4179,0.0254,0.082,0.110,0.010,-4.73,-2.43,1140,3081,-2072,0,0
69.480,1822.5,-512.08,-7.35,-32.67,126.2,0.33,-0.57,0.00,1.00,0.00,1.00,3,6093,356.7,2.15,-0.13,1.11,7.81,455,528,2221,-0.0244,-0.010,-0.003,-0.097,-3.23,-3.94,1045,-71,-1114,0,0,3324,0.0104,-0.038,-0.002,-0.098,-3.25,-3.92,1040,-93,-1647,0,0,2692,-0.0092,0.023,0.090,-0.010,-2.66,-4.50,1142,2139,-926,0,0,3678,0.0256,0.002,0.094,-0.006,-2.68,-4.48,1140,2932,-1229,0,0
69.600,1826.7,-513.59,-7.36,-36.63,127.6,0.35,-0.37,-0.06,1.00,0.00,1.00,3,6097,362.6,2.19,-0.25,1.59,5.21,476,540,2583,-0.0190,0.045,-0.002,-0.098,-1.69,-5.47,1058,-76,-725,0,0,3199,0.0039,-0.054,-0.002,-0.098,-1.69,-5.47,1054,-108,-891,0,0,3075,-0.0029,0.052,0.078,-0.022,-1.31,-5.85,1142,2452,-571,0,0,3457,0.0194,-0.052,0.081,-0.019,-1.32,-5.84,1141,2789,-632,0,0
69.720,1831.0,-515.07,-7.36,-40.65,129.0,0.32,-0.44,0.00,1.00,0.00,1.00,3,6143,362.7,2.20,-0.30,1.62,-9.33,487,551,2192,-0.0186,0.003,0.010,-0.090,-14.09,6.93,1043,85,-2008,0,0,3513,0.0032,-0.006,0.001,-0.099,-11.61,4.45,1051,16,-3109,0,0,2632,-0.0022,0.006,0.081,-0.019,-1.10,-6.06,1151,2163,-387,0,0,3747,0.0196,0.002,0.072,-0.028,-1.09,-6.07,1150,2879,-557,0,0
69.840,1835.3,-516.51,-7.36,-44.72,130.3,0.32,-0.28,0.00,1.00,0.00,1.00,3,6256,359.3,2.20,-0.24,1.80,-10.18,492,562,2667,-0.0162,0.020,-0.002,-0.098,-1.33,-5.83,1073,-77,-565,0,0,3127,0.0012,-0.017,-0.002,-0.098,-1.32,-5.84,1082,-77,-653,0,0,2897,-0.0018,0.003,0.090,-0.010,-2.04,-5.12,1172,2378,-756,0,0,3253,0.0154,-0.035,0.081,-0.019,-2.03,-5.13,1171,2551,-868,0,0
69.960,1839.7,-517.93,-7.36,-48.85,131.6,0.34,-0.32,0.00,1.00,0.00,1.00,3,6310,357.5,2.20,-0.27,1.88,-7.85,505,574,2503,-0.0155,0.005,-0.002,-0.098,-1.81,-5.35,1085,-73,-725,0,0,3239,0.0005,-0.005,-0.002,-0.098,-1.80,-5.36,1092,-79,-922,0,0,2979,-0.0005,0.011,0.087,-0.013,-2.35,-4.81,1182,2378,-899,0,0,3599,0.0155,0.001,0.080,-0.020,-2.34,-4.82,1181,2739,-1101,0,0
70.080,1844.1,-519.31,-7.36,-53.05,133.0,0.33,-0.35,0.00,1.00,0.00,1.00,3,6388,354.8,2.20,-0.27,1.81,-6.22,513,586,2479,-0.0174,-0.016,-0.002,-0.098,-1.99,-5.17,1097,-72,-791,0,0,3365,0.0006,0.001,-0.002,-0.098,-1.98,-5.18,1102,-83,-1054,0,0,2731,-0.0018,-0.011,0.089,-0.011,-2.42,-4.74,1197,2199,-844,0,0,3484,0.0162,0.006,0.083,-0.017,-2.41,-4.75,1196,2692,-1087,0,0
70.200,1848.6,-520.66,-7.36,-57.30,134.3,0.33,-0.37,0.00,1.00,0.00,1.00,3,6443,352.9,2.20,-0.29,1.77,-5.41,524,598,2485,-0.0176,-0.001,-0.002,-0.098,-2.03,-5.14,1108,-72,-807,0,0,3381,0.0021,0.012,-0.002,-0.098,-2.02,-5.14,1113,-83,-1079,0,0,2780,-0.0026,-0.007,0.087,-0.013,-2.39,-4.77,1207,2220,-858,0,0,3509,0.0163,0.001,0.082,-0.018,-2.38,-4.78,1206,2697,-1090,0,0
70.320,1853.1,-521.96,-7.36,-61.61,135.7,0.33,-0.36,0.00,1.00,0.00,1.00,3,6497,351.0,2.20,-0.30,1.79,-4.47,534,610,2382,-0.0181,-0.005,-0.002,-0.098,-1.97,-5.19,1120,-69,-757,0,0,3216,0.0011,-0.009,-0.002,-0.098,-1.97,-5.19,1124,-79,-1006,0,0,2790,-0.0023,0.002,0.085,-0.015,-2.28,-4.89,1217,2218,-831,0,0,3485,0.0169,0.005,0.080,-0.020,-2.27,-4.89,1216,2675,-1042,0,0
70.440,1857.6,-523.23,-7.35,-65.97,137.0,0.32,-0.34,0.00,1.00,0.00,1.00,3,6554,349.0,2.20,-0.31,1.83,-3.89,544,622,2598,-0.0176,0.005,-0.002,-0.098,-1.86,-5.31,1131,-82,-777,0,0,3380,0.0013,0.002,-0.002,-0.098,-1.85,-5.31,1134,-85,-997,0,0,2830,-0.0027,-0.003,0.083,-0.017,-2.11,-5.05,1228,2252,-792,0,0,3446,0.0154,-0.012,0.080,-0.020,-2.11,-5.05,1227,2660,-967,0,0
70.560,1862.2,-524.47,-7.35,-70.40,138.3,0.32,-0.37,0.00,1.00,0.00,1.00,3,6595,347.6,2.20,-0.33,1.83,-5.84,554,634,2271,-0.0174,0.001,0.004,-0.096,-8.65,1.49,1135,56,-1900,0,0,3378,0.0010,-0.002,0.001,-0.099,-7.36,0.20,1139,14,-2618,0,0,2683,-0.0024,0.002,0.081,-0.019,-1.94,-5.22,1236,2127,-702,0,0,3601,0.0160,0.005,0.075,-0.025,-1.94,-5.23,1234,2727,-944,0,0
70.680,1866.8,-525.66,-7.34,-74.87,139.5,0.31,-0.36,0.00,1.00,0.00,1.00,3,6675,344.7,2.20,-0.30,1.82,-6.73,562,645,2446,-0.0180,-0.004,-0.002,-0.098,-1.82,-5.35,1151,-70,-713,0,0,3389,0.0016,0.005,-0.002,-0.098,-1.81,-5.36,1157,-82,-969,0,0,2815,-0.0039,-0.012,0.084,-0.016,-2.25,-4.91,1250,2237,-828,0,0,3434,0.0154,-0.005,0.079,-0.021,-2.24,-4.92,1249,2618,-1020,0,0
70.800,1871.5,-526.81,-7.33,-79.41,140.8,0.32,-0.35,0.00,1.00,0.00,1.00,3,6722,343.1,2.20,-0.33,1.88,-5.45,573,657,2442,-0.0170,0.008,-0.002,-0.098,-1.93,-5.23,1162,-69,-758,0,0,3239,0.0012,-0.003,-0.002,-0.098,-1.93,-5.24,1167,-78,-990,0,0,2828,-0.0026,0.010,0.082,-0.018,-2.29,-4.88,1259,2210,-854,0,0,3505,0.0156,0.002,0.077,-0.023,-2.28,-4.88,1258,2634,-1064,0,0
70.920,1876.2,-527.92,-7.32,-83.99,142.0,0.31,-0.35,0.00,1.00,0.00,1.00,3,6792,340.7,2.20,-0.31,1.89,-4.48,582,668,2415,-0.0178,-0.007,-0.002,-0.098,-1.92,-5.24,1173,-68,-746,0,0,3231,0.0004,-0.007,-0.002,-0.098,-1.91,-5.25,1176,-78,-983,0,0,2701,-0.0036,-0.008,0.083,-0.017,-2.21,-4.96,1272,2136,-788,0,0,3382,0.0145,-0.009,0.079,-0.021,-2.20,-4.96,1271,2585,-990,0,0
71.040,1881.0,-528.99,-7.32,-88.63,143.3,0.31,-0.34,0.00,1.00,0.00,1.00,3,6822,339.6,2.20,-0.34,1.92,-3.86,593,680,2478,-0.0171,0.006,-0.002,-0.098,-1.83,-5.33,1183,-70,-734,0,0,3239,0.0009,0.004,-0.002,-0.098,-1.83,-5.33,1187,-78,-945,0,0,2834,-0.0033,0.003,0.078,-0.022,-2.08,-5.08,1278,2192,-797,0,0,3490,0.0147,0.001,0.074,-0.026,-2.07,-5.09,1277,2611,-983,0,0
71.160,1885.8,-530.02,-7.31,-93.32,144.4,0.29,-0.45,-0.29,1.00,0.00,1.00,3,6898,336.9,2.20,-0.31,1.74,-10.58,599,691,2054,-0.0197,-0.022,0.001,-0.099,-10.10,2.94,1176,17,-1837,0,0,3595,0.0026,0.014,-0.003,-0.097,-8.53,1.37,1184,-66,-3027,0,0,2336,-0.0062,-0.024,0.084,-0.016,-2.16,-5.00,1293,1875,-662,0,0,3650,0.0162,0.012,0.075,-0.025,-2.14,-5.02,1291,2724,-1043,0,0
71.280,1890.6,-530.99,-7.30,-98.05,145.5,0.28,-0.47,0.00,1.00,0.00,1.00,3,6995,333.5,2.20,-0.24,1.63,-14.13,600,701,2410,-0.0203,-0.004,-0.002,-0.098,-2.42,-4.74,1197,-66,-909,0,0,3442,0.0063,0.031,-0.002,-0.098,-2.40,-4.76,1208,-74,-1267,0,0,2695,-0.0086,-0.020,0.093,-0.007,-3.31,-3.85,1310,2098,-1076,0,0,3587,0.0180,0.015,0.082,-0.018,-3.28,-3.88,1309,2599,-1464,0,0
71.400,1895.5,-531.90,-7.29,-102.84,146.6,0.29,-0.48,0.00,1.00,0.00,1.00,3,7086,327.6,2.20,-0.19,1.66,-11.93,607,712,2184,-0.0210,-0.006,-0.002,-0.098,-3.17,-3.99,1206,-60,-1054,0,0,3392,0.0045,-0.015,-0.002,-0.098,-3.15,-4.01,1216,-72,-1596,0,0,2500,-0.0083,0.003,0.099,-0.001,-3.92,-3.25,1328,1922,-1130,0,0,3529,0.0173,-0.006,0.089,-0.011,-3.89,-3.28,1326,2548,-1622,0,0
71.520,1900.4,-532.74,-7.29,-107.67,147.7,0.29,-0.54,0.00,1.00,0.00,0.59,3,7157,322.6,2.20,-0.17,1.56,-11.31,615,722,2154,-0.0224,-0.012,-0.002,-0.098,-3.65,-3.51,1214,-57,-1166,0,0,3580,0.0064,0.016,-0.002,-0.098,-3.62,-3.54,1223,-76,-1885,0,0,2536,-0.0103,-0.016,0.102,0.002,-4.35,-2.82,1341,1922,-1227,0,0,3718,0.0186,0.011,0.093,-0.007,-4.31,-2.85,1339,2647,-1823,0,0
71.640,1905.4,-533.50,-7.28,-112.55,148.3,0.19,-0.49,0.00,1.00,0.00,0.11,3,7450,-180.6,2.20,-0.08,1.62,-1.62,611,728,2574,-0.0217,0.006,-0.001,-0.099,3.22,-3.95,1225,-36,987,0,0,3305,0.0063,-0.001,0.002,-0.098,4.86,-2.30,1227,53,1857,0,0,2575,-0.0110,-0.006,0.022,-0.078,-4.30,-2.86,1251,633,-1554,0,0,3104,0.0171,-0.013,0.020,-0.080,-4.29,-2.87,1250,698,-1859,0,0
71.760,1910.3,-534.20,-7.28,-117.45,148.6,0.10,-0.51,0.00,1.00,0.00,1.00,4,6773,340.7,2.20,0.03,1.68,0.51,595,730,2465,-0.0168,0.041,-0.002,-0.098,-3.10,-4.06,1228,-67,-1179,0,0,3712,0.0097,0.028,-0.002,-0.098,-3.10,-4.06,1227,-98,-1742,0,0,2458,-0.0137,-0.023,0.125,0.025,-3.07,-4.10,1385,2136,-821,0,0,3497,0.0128,-0.036,0.123,0.023,-3.07,-4.09,1383,2981,-1157,0,0
71.880,1915.3,-534.83,-7.28,-122.39,150.0,0.35,-0.41,0.00,1.00,0.00,1.00,4,5412,299.0,1.76,-0.13,1.81,-2.07,633,745,2196,-0.0191,-0.019,-0.002,-0.098,-2.52,-4.64,1239,-64,-879,0,0,3069,0.0039,-0.049,-0.002,-0.098,-2.52,-4.64,1241,-74,-1210,0,0,2735,-0.0078,0.049,0.068,-0.032,-2.65,-4.52,1325,1936,-992,0,0,3499,0.0152,0.020,0.066,-0.034,-2.64,-4.52,1323,2399,-1263,0,0
72.000,1920.3,-535.41,-7.28,-127.37,150.8,0.22,-0.40,0.00,1.00,0.00,1.00,4,5383,360.0,2.07,-0.15,1.91,-1.26,644,753,2513,-0.0181,0.008,-0.002,-0.098,-2.05,-5.11,1247,-61,-831,0,0,3335,0.0032,-0.005,-0.002,-0.098,-2.05,-5.11,1248,-73,-1088,0,0,2713,-0.0076,0.002,0.056,-0.044,-2.13,-5.03,1319,1738,-847,0,0,3406,0.0138,-0.012,0.054,-0.046,-2.13,-5.03,1318,2114,-1057,0,0
72.120,1925.3,-535.95,-7.28,-132.39,151.8,0.23,-0.34,0.00,1.00,0.00,1.00,4,5435,375.5,2.16,-0.13,2.04,-0.77,649,763,2470,-0.0169,0.011,-0.002,-0.098,-1.63,-5.53,1255,-62,-659,0,0,3116,0.0011,-0.018,-0.002,-0.098,-1.63,-5.53,1256,-70,-822,0,0,2677,-0.0063,0.010,0.059,-0.041,-1.68,-5.48,1332,1827,-663,0,0,3227,0.0116,-0.018,0.058,-0.042,-1.68,-5.48,1331,2156,-795,0,0
72.240,1930.4,-536.44,-7.28,-137.44,152.8,0.24,-0.27,0.00,1.00,0.00,1.00,4,5464,379.5,2.19,-0.15,2.19,-0.71,660,773,2666,-0.0149,0.017,-0.002,-0.098,-1.27,-5.89,1264,-67,-558,0,0,3155,-0.0002,-0.010,-0.002,-0.098,-1.27,-5.89,1264,-73,-655,0,0,2849,-0.0055,0.007,0.058,-0.042,-1.31,-5.85,1339,1951,-556,0,0,3262,0.0092,-0.020,0.057,-0.043,-1.31,-5.85,1338,2195,-637,0,0
72.360,1935.5,-536.90,-7.28,-142.53,153.8,0.24,-0.23,0.00,1.00,0.00,1.00,4,5497,380.0,2.20,-0.16,2.33,-0.32,669,783,2561,-0.0140,0.007,-0.002,-0.098,-0.97,-6.19,1272,-64,-412,0,0,2911,-0.0028,-0.022,-0.002,-0.098,-0.97,-6.19,1273,-67,-466,0,0,2804,-0.0031,0.020,0.057,-0.043,-0.99,-6.17,1347,1925,-419,0,0,3111,0.0080,-0.010,0.056,-0.044,-0.99,-6.17,1346,2111,-463,0,0
72.480,1940.7,-537.33,-7.28,-147.66,154.8,0.24,-0.18,0.00,1.00,0.00,1.00,4,5530,379.6,2.20,-0.16,2.46,-0.28,679,794,2801,-0.0119,0.018,-0.002,-0.098,-0.71,-6.45,1281,-68,-332,0,0,3025,-0.0034,-0.004,-0.002,-0.098,-0.71,-6.45,1281,-71,-357,0,0,2940,-0.0026,0.005,0.056,-0.044,-0.73,-6.43,1354,2015,-325,0,0,3150,0.0059,-0.018,0.055,-0.045,-0.73,-6.43,1354,2142,-348,0,0
72.600,1945.9,-537.74,-7.29,-152.82,155.8,0.24,-0.15,0.00,1.00,0.00,1.00,4,5562,378.9,2.20,-0.17,2.55,-0.05,687,804,2654,-0.0115,0.003,-0.002,-0.098,-0.50,-6.66,1289,-64,-222,0,0,2811,-0.0055,-0.018,-0.001,-0.099,-0.50,-6.66,1290,-66,-235,0,0,2877,-0.0008,0.015,0.055,-0.045,-0.50,-6.66,1363,1966,-222,0,0,3030,0.0053,-0.005,0.055,-0.045,-0.50,-6.66,1362,2060,-233,0,0
72.720,1951.1,-538.14,-7.29,-158.02,156.8,0.24,-0.11,0.00,1.00,0.00,1.00,4,5596,378.2,2.20,-0.18,2.65,-0.07,696,814,2874,-0.0097,0.015,-0.002,-0.098,-0.33,-6.84,1298,-69,-157,0,0,2967,-0.0055,0.000,-0.001,-0.099,-0.33,-6.84,1298,-70,-162,0,0,3003,-0.0006,0.001,0.054,-0.046,-0.33,-6.83,1370,2040,-152,0,0,3085,0.0036,-0.014,0.054,-0.046,-0.33,-6.83,1370,2089,-156,0,0
72.840,1956.3,-538.53,-7.29,-163.25,157.8,0.24,-0.09,0.00,1.00,0.00,1.00,4,5632,377.3,2.20,-0.17,2.72,0.06,703,825,2721,-0.0100,-0.002,-0.002,-0.098,-0.18,-6.98,1306,-65,-85,0,0,2773,-0.0075,-0.017,-0.001,-0.099,-0.18,-6.98,1306,-65,-86,0,0,2919,0.0006,0.011,0.055,-0.045,-0.18,-6.98,1380,1991,-82,0,0,2966,0.0032,-0.003,0.055,-0.045,-0.18,-6.98,1380,2020,-84,0,0
72.960,1961.6,-538.90,-7.30,-168.52,158.8,0.24,-0.07,0.00,1.00,0.00,1.00,4,5663,376.5,2.20,-0.19,2.81,0.03,714,835,2929,-0.0083,0.014,-0.001,-0.099,-0.07,-7.09,1315,-69,-36,0,0,2904,-0.0072,0.002,-0.001,-0.099,-0.07,-7.09,1315,-68,-36,0,0,3034,0.0007,0.001,0.054,-0.046,-0.07,-7.09,1387,2044,-33,0,0,3018,0.0018,-0.012,0.054,-0.046,-0.07,-7.09,1387,2035,-33,0,0
73.080,1966.9,-539.27,-7.30,-173.82,159.8,0.23,-0.05,0.00,1.00,0.00,1.00,4,5703,375.6,2.20,-0.18,2.84,0.09,719,846,2768,-0.0091,-0.007,-0.001,-0.099,0.02,-7.14,1323,-65,8,0,0,2746,-0.0089,-0.014,-0.001,-0.099,0.02,-7.14,1323,-65,8,0,0,2936,0.0015,0.006,0.055,-0.045,0.02,-7.14,1397,2001,10,0,0,2908,0.0017,-0.001,0.055,-0.045,0.02,-7.14,1397,1984,9,0,0
73.200,1972.3,-539.64,-7.30,-179.16,160.8,0.23,-0.04,0.00,1.00,0.00,1.00,4,5731,374.9,2.20,-0.20,2.90,0.03,730,856,2950,-0.0073,0.015,-0.001,-0.099,0.09,-7.07,1331,-69,42,0,0,2874,-0.0078,0.009,-0.001,-0.099,0.09,-7.07,1331,-67,41,0,0,3040,0.0015,0.000,0.053,-0.047,0.09,-7.07,1404,2035,41,0,0,2983,0.0010,-0.006,0.053,-0.047,0.09,-7.07,1404,2001,41,0,0
73.320,1977.6,-540.00,-7.30,-184.52,161.8,0.23,-0.03,0.00,1.00,0.00,1.00,4,5784,373.7,2.20,-0.18,2.93,0.07,735,866,2799,-0.0085,-0.010,-0.001,-0.099,0.14,-7.02,1339,-66,65,0,0,2975,-0.0090,-0.010,-0.001,-0.099,0.14,-7.02,1339,-69,69,0,0,2806,0.0014,-0.001,0.056,-0.044,0.14,-7.02,1417,1953,61,0,0,2708,0.0002,-0.006,0.057,-0.043,0.14,-7.02,1417,1891,59,0,0
73.440,1983.0,-540.36,-7.30,-189.92,162.7,0.23,-0.02,0.00,1.00,0.00,1.00,4,5799,373.3,2.20,-0.22,2.98,0.04,747,877,2965,-0.0067,0.015,-0.001,-0.099,0.19,-6.98,1347,-68,90,0,0,2857,-0.0083,0.006,-0.001,-0.099,0.19,-6.98,1347,-67,87,0,0,3046,0.0021,0.006,0.053,-0.047,0.19,-6.97,1420,2030,87,0,0,2956,0.0005,0.002,0.053,-0.047,0.19,-6.97,1420,1976,84,0,0
73.560,1988.5,-540.72,-7.30,-195.35,163.7,0.22,-0.02,0.00,1.00,0.00,1.00,4,5857,371.9,2.20,-0.20,3.00,0.07,752,887,3010,-0.0078,-0.009,-0.002,-0.098,0.22,-6.94,1354,-123,111,0,0,2944,-0.0090,-0.006,-0.001,-0.099,0.22,-6.94,1355,-69,105,0,0,2831,0.0013,-0.007,0.057,-0.043,0.22,-6.94,1435,1986,94,0,0,2738,-0.0008,-0.011,0.057,-0.043,0.22,-6.94,1435,1928,91,0,0
73.680,1994.0,-541.08,-7.30,-200.82,164.7,0.23,-0.01,0.00,1.00,0.00,1.00,4,5868,371.6,2.20,-0.24,3.03,0.00,764,898,2961,-0.0066,0.010,-0.001,-0.099,0.24,-6.92,1363,-68,117,0,0,2836,-0.0088,0.002,-0.001,-0.099,0.24,-6.92,1363,-66,113,0,0,3025,0.0023,0.008,0.053,-0.047,0.24,-6.92,1437,2019,111,0,0,2920,0.0000,0.007,0.053,-0.047,0.24,-6.92,1437,1955,107,0,0
73.800,1999.5,-541.44,-7.30,-206.31,165.6,0.22,-0.01,0.00,1.00,0.00,1.00,4,5929,370.2,2.20,-0.21,3.05,0.05,770,908,3030,-0.0071,-0.005,-0.001,-0.099,0.26,-6.90,1371,-70,128,0,0,2919,-0.0091,-0.002,-0.001,-0.099,0.26,-6.90,1371,-68,124,0,0,2847,0.0008,-0.012,0.058,-0.042,0.26,-6.90,1452,2011,111,0,0,2717,-0.0020,-0.016,0.058,-0.042,0.26,-6.90,1452,1927,106,0,0
73.920,2005.0,-541.81,-7.30,-211.84,166.5,0.23,-0.01,0.00,1.00,0.00,1.00,4,5936,370.0,2.20,-0.24,3.09,0.00,780,918,2688,-0.0068,0.003,-0.001,-0.099,0.27,-6.89,1379,-62,121,0,0,2500,-0.0095,-0.004,-0.003,-0.097,0.27,-6.89,1376,-134,113,0,0,3012,0.0023,0.013,0.053,-0.047,0.27,-6.89,1454,2012,125,0,0,2864,-0.0004,0.013,0.053,-0.047,0.27,-6.89,1454,1922,119,0,0
74.040,2010.6,-542.17,-7.29,-217.39,167.5,0.22,-0.01,0.00,1.00,0.00,1.00,4,5987,368.7,2.20,-0.22,3.11,0.02,788,929,3009,-0.0068,0.000,-0.001,-0.099,0.29,-6.88,1386,-69,142,0,0,2843,-0.0093,0.002,-0.002,-0.098,0.29,-6.88,1386,-67,134,0,0,3039,0.0005,-0.015,0.056,-0.044,0.29,-6.87,1466,2109,132,0,0,2912,-0.0020,-0.013,0.056,-0.044,0.29,-6.87,1466,2028,127,0,0
74.160,2016.2,-542.53,-7.29,-222.98,168.4,0.22,-0.01,0.00,1.00,0.00,1.00,4,6005,368.3,2.20,-0.22,3.12,0.03,795,939,2760,-0.0076,-0.006,-0.001,-0.099,0.30,-6.86,1394,-63,137,0,0,2616,-0.0104,-0.009,-0.001,-0.099,0.30,-6.86,1394,-61,130,0,0,2958,0.0020,0.012,0.054,-0.046,0.30,-6.86,1471,1992,135,0,0,2848,-0.0009,0.009,0.054,-0.046,0.30,-6.86,1471,1924,130,0,0
74.280,2021.8,-542.90,-7.29,-228.60,169.4,0.23,-0.01,0.00,1.00,0.00,1.00,4,6302,358.1,2.20,-0.22,3.14,0.05,804,950,2968,-0.0066,0.008,-0.002,-0.098,0.31,-6.85,1402,-76,150,0,0,2824,-0.0092,0.010,-0.002,-0.098,0.31,-6.85,1402,-73,143,0,0,3038,0.0008,-0.010,0.092,-0.008,0.31,-6.85,1535,2622,125,0,0,2920,-0.0018,-0.008,0.092,-0.008,0.31,-6.85,1535,2526,120,0,0
74.400,2027.5,-543.26,-7.29,-234.27,170.9,0.35,-0.01,0.00,0.74,0.00,1.00,4,6669,306.3,2.06,-0.28,3.15,0.32,834,967,2603,-0.0101,-0.029,-0.002,-0.098,0.34,-6.83,1414,-76,145,0,0,2742,-0.0123,-0.026,-0.002,-0.098,0.34,-6.83,1414,-79,152,0,0,2849,0.0030,0.018,0.147,0.047,0.35,-6.81,1626,2707,102,0,0,2729,0.0003,0.018,0.147,0.047,0.35,-6.81,1626,2598,97,0,0
74.520,2033.2,-543.63,-7.29,-239.98,172.3,0.35,0.00,0.00,0.82,0.00,1.00,4,6672,267.5,1.84,-0.36,3.19,0.62,863,984,2814,-0.0095,0.005,-0.002,-0.098,0.39,-6.77,1426,-80,181,0,0,2641,-0.0126,-0.002,-0.002,-0.098,0.39,-6.77,1426,-77,171,0,0,3158,0.0042,0.010,0.138,0.038,0.43,-6.74,1626,2969,141,0,0,3008,0.0011,0.007,0.138,0.038,0.43,-6.74,1627,2836,134,0,0
74.639,2039.0,-544.01,-7.29,-245.74,173.6,0.31,0.01,0.00,1.00,0.00,1.00,4,6175,301.0,1.85,-0.32,3.22,0.72,872,999,2936,-0.0107,-0.011,-0.001,-0.099,0.46,-6.70,1437,-71,222,0,0,2736,-0.0137,-0.010,-0.001,-0.099,0.46,-6.70,1437,-63,207,0,0,2797,0.0029,-0.011,0.051,-0.049,0.50,-6.67,1512,1824,212,0,0,2588,-0.0008,-0.016,0.051,-0.049,0.50,-6.67,1512,1707,196,0,0
74.759,2044.8,-544.38,-7.29,-251.53,174.4,0.18,0.02,0.00,1.00,0.00,1.00,4,6193,344.3,2.10,-0.22,3.28,0.55,854,1007,2691,-0.0066,0.034,-0.001,-0.099,0.50,-6.66,1444,-57,221,0,0,2429,-0.0113,0.021,-0.001,-0.099,0.50,-6.66,1443,-53,200,0,0,2918,0.0018,-0.009,0.049,-0.051,0.52,-6.64,1517,1849,235,0,0,2713,-0.0029,-0.017,0.050,-0.050,0.52,-6.64,1517,1736,219,0,0
74.879,2050.6,-544.76,-7.29,-257.34,175.2,0.19,-0.10,-0.27,1.00,0.00,1.00,4,6265,354.2,2.17,-0.11,3.09,-6.88,849,1016,2631,-0.0085,-0.016,0.005,-0.095,-7.62,0.46,1443,83,-2065,0,0,3201,-0.0080,0.027,0.001,-0.099,-6.12,-1.04,1448,28,-2227,0,0,2584,-0.0035,-0.044,0.059,-0.041,0.29,-6.87,1535,1850,121,0,0,3062,-0.0030,-0.001,0.055,-0.045,0.29,-6.87,1534,2087,144,0,0
74.999,2056.5,-545.12,-7.30,-263.19,176.0,0.19,-0.20,0.00,1.00,0.00,1.00,4,6278,357.3,2.19,-0.01,2.81,-12.07,854,1025,2464,-0.0133,-0.040,-0.002,-0.098,-0.56,-6.61,1452,-59,-211,0,0,2777,-0.0047,0.027,-0.001,-0.099,-0.55,-6.61,1461,-61,-236,0,0,2734,-0.0057,-0.018,0.058,-0.042,-1.19,-5.98,1538,1887,-470,0,0,3013,0.0028,0.048,0.051,-0.049,-1.18,-5.98,1538,1910,-523,0,0
75.119,2062.3,-545.44,-7.30,-269.06,176.8,0.20,-0.25,0.00,1.00,0.00,1.00,4,6336,356.3,2.20,0.05,2.75,-9.61,864,1035,2543,-0.0135,-0.002,-0.002,-0.098,-1.52,-5.64,1459,-60,-620,0,0,3226,-0.0029,0.015,-0.001,-0.099,-1.51,-5.65,1467,-64,-775,0,0,2588,-0.0075,-0.015,0.062,-0.038,-2.02,-5.14,1552,1790,-745,0,0,3154,0.0030,0.002,0.056,-0.044,-2.01,-5.15,1552,2034,-912,0,0
75.239,2068.3,-545.73,-7.32,-274.96,177.6,0.20,-0.35,0.00,1.00,0.00,1.00,4,6412,353.9,2.20,0.16,2.55,-7.54,866,1044,2366,-0.0183,-0.040,-0.003,-0.097,-2.08,-5.09,1464,-88,-781,0,0,3309,-0.0017,0.010,-0.001,-0.099,-2.07,-5.10,1472,-67,-1074,0,0,2080,-0.0110,-0.029,0.070,-0.030,-2.46,-4.70,1572,1504,-709,0,0,2883,0.0049,0.015,0.065,-0.035,-2.45,-4.71,1570,1971,-984,0,0
75.359,2074.2,-545.95,-7.34,-280.89,178.4,0.21,-0.41,0.00,1.00,0.00,1.00,4,6423,353.6,2.20,0.19,2.40,-6.57,877,1054,2350,-0.0189,-0.005,-0.002,-0.098,-2.39,-4.77,1472,-55,-886,0,0,3403,0.0013,0.025,-0.001,-0.099,-2.38,-4.78,1478,-68,-1258,0,0,2406,-0.0126,-0.013,0.067,-0.033,-2.72,-4.44,1574,1658,-904,0,0,3300,0.0076,0.023,0.063,-0.037,-2.71,-4.45,1572,2150,-1238,0,0
75.479,2080.2,-546.12,-7.36,-286.85,179.2,0.20,-0.42,0.00,1.00,0.00,1.00,4,6490,351.2,2.20,0.30,2.36,-5.68,880,1062,2409,-0.0205,-0.013,-0.002,-0.098,-2.53,-4.63,1479,-56,-956,0,0,3383,0.0014,0.001,-0.002,-0.098,-2.52,-4.64,1483,-71,-1319,0,0,2394,-0.0151,-0.021,0.073,-0.027,-2.82,-4.35,1590,1727,-906,0,0,3216,0.0068,-0.007,0.069,-0.031,-2.81,-4.35,1589,2218,-1216,0,0
75.599,2086.1,-546.23,-7.40,-292.84,180.0,0.21,-0.44,0.00,1.00,0.00,1.00,4,6481,351.6,2.20,0.35,2.34,-4.38,888,1072,1952,-0.0217,-0.010,-0.002,-0.098,-2.57,-4.60,1485,-54,-791,0,0,2954,0.0007,-0.006,-0.002,-0.098,-2.56,-4.60,1489,-64,-1176,0,0,2407,-0.0137,0.012,0.067,-0.033,-2.79,-4.37,1588,1649,-926,0,0,3252,0.0089,0.017,0.064,-0.036,-2.78,-4.38,1587,2130,-1246,0,0
75.719,2092.2,-546.27,-7.44,-298.85,180.8,0.20,-0.37,0.00,1.00,0.00,1.00,4,6525,350.0,2.20,0.42,2.48,-0.94,897,1081,2569,-0.0191,0.022,-0.001,-0.099,-2.55,-4.61,1495,-43,-897,0,0,3146,0.0001,-0.005,-0.001,-0.099,-2.55,-4.61,1496,-30,-1051,0,0,2558,-0.0137,0.000,0.068,-0.032,-2.60,-4.56,1598,1792,-922,0,0,3050,0.0055,-0.028,0.067,-0.033,-2.60,-4.56,1598,2101,-1095,0,0
75.839,2098.2,-546.26,-7.48,-304.89,181.2,0.11,-0.40,0.00,0.00,0.00,1.00,4,6098,-68.3,0.86,0.54,2.50,0.17,886,1086,2575,-0.0196,-0.004,-0.001,-0.099,-2.06,-5.10,1499,-32,-853,0,0,3423,-0.0002,-0.003,-0.001,-0.099,-2.06,-5.10,1499,-42,-1119,0,0,1891,-0.0145,-0.007,-0.005,-0.095,-2.06,-5.10,1493,-103,-632,0,0,2558,0.0041,-0.012,-0.004,-0.096,-2.06,-5.10,1493,-136,-847,0,0
75.959,2104.2,-546.20,-7.54,-310.91,180.4,-0.16,-0.35,0.00,0.00,0.00,1.00,4,6032,-67.8,0.26,0.78,2.58,-0.05,826,1077,3002,-0.0113,0.069,-0.001,-0.099,-1.60,-5.56,1494,-28,-781,0,0,3706,0.0061,0.053,-0.001,-0.099,-1.60,-5.56,1494,-39,-953,0,0,2101,-0.0188,-0.036,-0.012,-0.088,-1.61,-5.55,1477,-369,-554,0,0,2663,-0.0014,-0.046,-0.012,-0.088,-1.61,-5.55,1478,-449,-696,0,0
76.079,2110.2,-546.10,-7.60,-316.91,179.8,-0.15,-0.28,0.00,1.00,0.00,1.00,4,6093,86.4,0.40,0.97,2.74,-0.42,792,1069,3033,-0.0089,0.020,-0.001,-0.099,-1.26,-5.91,1488,-35,-623,0,0,3490,0.0051,-0.008,-0.001,-0.099,-1.26,-5.91,1489,-43,-711,0,0,1976,-0.0218,-0.025,0.002,-0.098,-1.28,-5.88,1493,24,-419,0,0,2537,-0.0079,-0.054,0.001,-0.099,-1.28,-5.88,1493,23,-533,0,0
76.199,2116.2,-545.96,-7.67,-322.90,179.9,0.02,-0.24,0.00,0.00,0.00,1.00,4,6283,257.0,1.62,0.90,2.85,-0.26,820,1070,2370,-0.0096,-0.006,-0.001,-0.099,-0.99,-6.18,1489,-51,-388,0,0,2739,0.0011,-0.033,-0.001,-0.099,-0.99,-6.18,1489,-47,-446,0,0,2526,-0.0155,0.052,0.032,-0.068,-1.00,-6.16,1539,1147,-405,0,0,2858,-0.0046,0.027,0.032,-0.068,-1.00,-6.16,1539,1278,-457,0,0
