Time_s,Distance_m,PosX,PosY,PosZ,Speed_Kmh,Accel_Long_G,Accel_Lat_G,Raw_Steer,Raw_Throttle,Raw_Brake,Clutch,Gear,RPM,Torque_Nm,Boost_Bar,Pitch,Roll,YawRate,Aero_DownN,Aero_DragN,FL_Load_N,FL_Travel_m,FL_DamperVel_ms,FL_Slip,FL_SlipDelta,FL_SlipAng_deg,FL_LatDelta,FL_WheelRPM,FL_LongForce_N,FL_LatForce_N,FL_ActBrakeTrq_Nm,FL_ABS_Active,FR_Load_N,FR_Travel_m,FR_DamperVel_ms,FR_Slip,FR_SlipDelta,FR_SlipAng_deg,FR_LatDelta,FR_WheelRPM,FR_LongForce_N,FR_LatForce_N,FR_ActBrakeTrq_Nm,FR_ABS_Active,RL_Load_N,RL_Travel_m,RL_DamperVel_ms,RL_Slip,RL_SlipDelta,RL_SlipAng_deg,RL_LatDelta,RL_WheelRPM,RL_LongForce_N,RL_LatForce_N,RL_ActBrakeTrq_Nm,RL_ABS_Active,RR_Load_N,RR_Travel_m,RR_DamperVel_ms,RR_Slip,RR_SlipDelta,RR_SlipAng_deg,RR_LatDelta,RR_WheelRPM,RR_LongForce_N,RR_LatForce_N,RR_ActBrakeTrq_Nm,RR_ABS_Active
0.120,2.3,262.36,-21.72,-19.34,84.7,0.51,-0.01,0.00,1.00,0.00,1.00,2,5740,374.6,2.20,1.43,-1.25,0.08,227,238,4932,0.0625,0.521,-0.002,-0.098,-0.18,-6.99,701,-124,-143,0,0,4997,0.0665,0.554,-0.002,-0.098,-0.18,-6.99,701,-125,-144,0,0,5504,0.0916,0.763,0.054,-0.046,-0.17,-7.00,740,3498,-137,0,0,5603,0.0952,0.793,0.053,-0.047,-0.17,-7.00,740,3550,-140,0,0
0.240,5.2,259.50,-21.83,-19.54,87.1,0.58,0.31,0.00,1.00,0.00,1.00,2,5926,370.3,2.20,1.46,-0.72,16.99,237,252,5820,0.0681,0.047,0.000,-0.100,-1.29,-5.88,729,-197,1157,0,0,4095,0.0587,-0.064,-0.002,-0.098,-1.31,-5.85,714,-241,1201,0,0,6076,0.0964,0.040,0.047,-0.053,0.49,-6.67,764,3517,337,0,0,4626,0.0870,-0.068,0.068,-0.032,0.50,-6.66,764,3397,252,0,0
0.360,8.2,256.56,-21.93,-19.72,89.6,0.59,0.13,0.00,1.00,0.00,1.00,2,6088,365.5,2.20,1.47,-0.64,6.58,249,267,5508,0.0696,0.013,-0.002,-0.098,0.35,-6.81,744,-132,268,0,0,5115,0.0603,0.013,-0.002,-0.098,0.35,-6.81,739,-138,252,0,0,5535,0.0949,-0.012,0.052,-0.048,1.02,-6.14,785,3395,827,0,0,5190,0.0850,-0.017,0.059,-0.041,1.03,-6.13,785,3480,769,0,0
0.480,11.2,253.52,-22.04,-19.87,92.1,0.58,0.21,0.00,1.00,0.00,1.00,2,6222,360.8,2.20,1.28,-0.61,2.05,266,282,5295,0.0701,0.004,-0.002,-0.098,0.42,-6.74,763,-125,354,0,0,4863,0.0608,0.004,-0.002,-0.098,0.42,-6.74,761,-125,329,0,0,5837,0.0973,0.020,0.049,-0.051,0.62,-6.54,802,3458,550,0,0,5455,0.0875,0.021,0.051,-0.049,0.63,-6.54,802,3369,515,0,0
0.600,14.3,250.41,-22.14,-20.00,94.7,0.63,0.14,0.00,1.00,0.00,1.00,2,6398,354.6,2.20,1.21,-0.68,0.72,282,298,4974,0.0672,-0.024,-0.002,-0.098,0.25,-6.91,784,-121,207,0,0,4788,0.0599,-0.007,-0.002,-0.098,0.25,-6.91,783,-120,200,0,0,5574,0.0963,-0.008,0.049,-0.051,0.32,-6.84,824,3360,274,0,0,5424,0.0891,0.014,0.050,-0.050,0.32,-6.84,825,3319,266,0,0
0.720,17.5,247.21,-22.24,-20.11,97.1,0.55,0.08,0.00,1.00,0.00,1.00,2,6562,348.9,2.20,1.23,-0.80,0.23,293,313,5485,0.0655,-0.014,-0.002,-0.098,0.10,-7.07,803,-136,89,0,0,5429,0.0619,0.016,-0.002,-0.098,0.10,-7.07,803,-132,88,0,0,5367,0.0924,-0.033,0.050,-0.050,0.12,-7.05,846,3309,97,0,0,5303,0.0883,-0.007,0.051,-0.049,0.12,-7.05,846,3286,96,0,0
0.840,20.8,243.93,-22.34,-20.22,99.4,0.55,0.05,0.00,1.00,0.00,1.00,2,6691,344.3,2.20,1.07,-0.88,0.08,310,328,5036,0.0662,0.006,-0.002,-0.098,0.00,-7.16,823,-122,1,0,0,5150,0.0650,0.026,-0.002,-0.098,0.00,-7.16,823,-124,1,0,0,5679,0.0923,-0.001,0.046,-0.054,0.00,-7.16,862,3257,6,0,0,5675,0.0909,0.021,0.046,-0.054,0.00,-7.16,862,3257,6,0,0
0.960,24.2,240.58,-22.44,-20.33,101.7,0.53,0.02,0.00,1.00,0.00,1.00,2,6851,338.7,2.20,1.02,-0.92,0.01,321,343,4964,0.0648,-0.012,-0.002,-0.098,-0.05,-7.11,841,-122,-42,0,0,4998,0.0649,-0.001,-0.002,-0.098,-0.05,-7.11,841,-123,-42,0,0,5415,0.0913,-0.009,0.047,-0.053,-0.05,-7.11,883,3205,-38,0,0,5438,0.0914,0.004,0.047,-0.053,-0.05,-7.11,883,3214,-43,0,0
1.080,27.6,237.15,-22.53,-20.43,103.9,0.52,0.01,0.00,1.00,0.00,1.00,2,7003,333.4,2.20,1.03,-0.94,0.02,332,358,5441,0.0644,-0.004,-0.002,-0.098,-0.08,-7.08,860,-131,-71,0,0,5486,0.0656,0.006,-0.001,-0.099,-0.08,-7.08,860,-132,-71,0,0,5303,0.0889,-0.020,0.048,-0.052,-0.08,-7.08,902,3158,-64,0,0,5325,0.0896,-0.015,0.048,-0.052,-0.08,-7.08,902,3168,-65,0,0
1.200,31.1,233.64,-22.63,-20.53,106.4,0.60,0.14,0.00,1.00,0.00,0.80,2,7420,305.0,2.20,0.83,-0.75,7.79,355,376,5373,0.0668,0.021,-0.002,-0.098,4.72,-2.44,881,-110,2911,0,0,4564,0.0642,-0.011,0.000,-0.100,5.89,-1.27,874,-23,2924,0,0,6136,0.0931,0.036,0.073,-0.027,0.09,-7.07,950,4635,46,0,0,5365,0.0903,0.006,0.081,-0.019,0.09,-7.07,951,4277,40,0,0
1.320,34.7,230.05,-22.71,-20.61,108.4,0.47,0.16,0.00,1.00,0.00,0.32,2,7349,-180.5,2.20,0.80,-0.55,5.63,365,390,5245,0.0682,0.011,-0.001,-0.099,0.29,-6.87,900,-93,220,0,0,4892,0.0606,-0.030,-0.001,-0.099,0.30,-6.87,895,-101,207,0,0,5461,0.0953,0.018,0.022,-0.078,0.77,-6.39,921,1711,651,0,0,5169,0.0877,-0.021,0.027,-0.073,0.78,-6.39,920,1927,618,0,0
1.440,38.3,226.43,-22.80,-20.67,108.8,0.10,0.18,0.00,1.00,0.00,0.58,3,7464,301.6,2.20,1.02,-0.52,1.99,343,392,5956,0.0746,0.054,-0.001,-0.099,0.41,-6.75,902,-115,381,0,0,5571,0.0667,0.051,-0.001,-0.099,0.41,-6.75,900,-113,360,0,0,5041,0.0877,-0.064,0.030,-0.070,0.58,-6.58,931,1867,460,0,0,4699,0.0794,-0.069,0.031,-0.069,0.58,-6.58,931,1856,431,0,0
1.560,42.0,222.76,-22.88,-20.70,111.1,0.54,0.14,0.06,1.00,0.00,1.00,3,6033,366.7,2.20,0.81,-0.54,0.92,367,409,5206,0.0724,-0.019,-0.002,-0.098,0.29,-6.87,920,-131,247,0,0,4952,0.0657,-0.008,-0.002,-0.098,0.29,-6.87,919,-128,236,0,0,5657,0.0910,0.027,0.057,-0.043,0.37,-6.79,975,3697,306,0,0,5420,0.0838,0.036,0.058,-0.042,0.37,-6.79,976,3598,294,0,0
1.680,45.7,219.01,-22.96,-20.68,113.3,0.53,0.52,0.00,1.00,0.00,1.00,3,5379,383.6,2.20,0.67,0.06,20.01,391,426,5623,0.0767,0.036,-0.002,-0.098,-0.10,-7.06,946,-131,-114,0,0,4186,0.0538,-0.100,-0.002,-0.098,-0.10,-7.06,929,-105,-69,0,0,6119,0.1008,0.082,0.054,-0.046,1.51,-5.65,999,3658,1240,0,0,4796,0.0778,-0.049,0.072,-0.028,1.53,-5.63,1000,3514,950,0,0
1.800,49.5,215.19,-23.04,-20.60,115.7,0.57,0.34,0.00,1.00,0.00,1.00,3,5509,380.4,2.20,0.54,0.03,9.44,415,444,5521,0.0755,-0.010,-0.002,-0.098,1.17,-5.99,961,-128,985,0,0,4603,0.0556,0.015,-0.002,-0.098,1.18,-5.99,953,-129,840,0,0,5738,0.0984,-0.019,0.062,-0.038,1.91,-5.25,1023,3709,1516,0,0,4959,0.0785,0.006,0.071,-0.029,1.93,-5.23,1024,3509,1297,0,0
1.920,53.4,211.29,-23.11,-20.46,118.0,0.56,0.44,0.06,1.00,0.00,1.00,3,5600,378.2,2.20,0.47,0.08,5.05,428,462,5468,0.0744,-0.008,-0.002,-0.098,3.12,-4.04,977,-107,2136,0,0,4485,0.0544,-0.010,-0.001,-0.099,3.57,-3.59,973,-72,1974,0,0,5734,0.1000,0.013,0.061,-0.039,1.49,-5.67,1041,3740,1214,0,0,4887,0.0794,0.008,0.066,-0.034,1.50,-5.66,1042,3391,1035,0,0
2.040,57.4,207.33,-23.18,-20.23,120.1,0.53,0.65,0.00,1.00,0.00,1.00,3,5736,375.0,2.20,0.52,0.43,15.95,433,479,5966,0.0789,0.037,-0.002,-0.098,1.05,-6.11,1000,-132,907,0,0,4797,0.0492,-0.043,-0.002,-0.098,1.06,-6.10,987,-159,751,0,0,5760,0.1010,0.009,0.063,-0.037,2.26,-4.90,1066,3669,1742,0,0,4625,0.0715,-0.066,0.077,-0.023,2.29,-4.88,1067,3377,1371,0,0
2.160,61.5,203.29,-23.24,-19.92,122.4,0.56,0.50,0.00,1.00,0.00,1.00,3,5813,373.1,2.20,0.39,0.36,8.12,456,497,5539,0.0778,-0.010,-0.002,-0.098,1.62,-5.54,1016,-128,1380,0,0,4530,0.0515,0.019,-0.002,-0.098,1.63,-5.53,1009,-160,1156,0,0,6136,0.1012,0.002,0.060,-0.040,2.23,-4.94,1080,3791,1872,0,0,4977,0.0748,0.027,0.068,-0.032,2.24,-4.92,1081,3378,1517,0,0
2.280,65.6,199.18,-23.31,-19.52,124.7,0.55,0.49,0.00,1.00,0.00,1.00,3,5922,370.5,2.20,0.35,0.31,4.16,473,516,5404,0.0758,-0.016,-0.002,-0.098,1.44,-5.72,1033,-131,1215,0,0,4402,0.0512,-0.002,-0.002,-0.098,1.44,-5.72,1030,-122,1009,0,0,5737,0.0997,-0.012,0.063,-0.037,1.74,-5.42,1101,3766,1397,0,0,4888,0.0751,0.003,0.067,-0.033,1.75,-5.41,1102,3387,1193,0,0
2.400,69.8,195.01,-23.37,-19.06,127.0,0.55,0.39,0.00,1.00,0.00,1.00,3,6004,368.4,2.20,0.23,0.18,2.29,500,536,5415,0.0752,-0.005,-0.002,-0.098,1.09,-6.08,1052,-135,931,0,0,4667,0.0537,0.021,-0.002,-0.098,1.09,-6.07,1050,-127,814,0,0,6059,0.0986,-0.009,0.058,-0.042,1.25,-5.91,1115,3925,1081,0,0,5418,0.0771,0.017,0.060,-0.040,1.25,-5.91,1116,3642,970,0,0
2.520,74.1,190.76,-23.42,-18.55,129.2,0.52,-0.07,0.00,1.00,0.00,1.00,3,6105,364.9,2.20,0.12,-0.53,-18.04,520,554,4264,0.0652,-0.084,-0.002,-0.098,1.29,-5.87,1062,-229,-499,0,0,5721,0.0627,0.075,-0.001,-0.099,1.27,-5.89,1077,-210,-314,0,0,4908,0.0912,-0.062,0.067,-0.033,0.01,-7.15,1136,3583,73,0,0,6130,0.0887,0.097,0.052,-0.048,0.01,-7.15,1135,3789,93,0,0
2.640,78.4,186.44,-23.47,-18.05,131.4,0.54,-0.06,0.00,1.00,0.00,1.00,3,6224,360.8,2.20,0.06,-0.87,-9.39,537,574,4815,0.0612,-0.033,-0.002,-0.098,-0.58,-6.58,1084,-132,-414,0,0,5453,0.0670,0.035,-0.002,-0.098,-0.57,-6.59,1092,-129,-461,0,0,5091,0.0864,-0.040,0.065,-0.035,-1.24,-5.92,1158,3574,-871,0,0,5619,0.0922,0.029,0.058,-0.042,-1.23,-5.93,1158,3638,-969,0,0
2.760,82.9,182.04,-23.52,-17.57,133.7,0.53,-0.27,0.00,1.00,0.00,1.00,3,6322,357.4,2.20,-0.05,-1.17,-4.55,556,594,4527,0.0571,-0.034,-0.002,-0.098,-0.99,-6.17,1104,-123,-707,0,0,5467,0.0711,0.034,-0.002,-0.098,-0.98,-6.18,1108,-132,-838,0,0,5062,0.0837,-0.022,0.063,-0.037,-1.30,-5.86,1177,3461,-933,0,0,5827,0.0972,0.042,0.059,-0.041,-1.30,-5.86,1176,3772,-1072,0,0
2.880,87.4,177.57,-23.56,-17.12,135.9,0.53,-0.27,0.00,1.00,0.00,1.00,3,6428,353.6,2.20,-0.08,-1.26,-2.30,573,613,4832,0.0549,-0.018,-0.002,-0.098,-0.94,-6.22,1124,-130,-722,0,0,5586,0.0712,0.001,-0.002,-0.098,-0.94,-6.23,1125,-184,-822,0,0,5029,0.0814,-0.019,0.062,-0.038,-1.10,-6.07,1197,3461,-788,0,0,5674,0.0977,0.004,0.060,-0.040,-1.09,-6.07,1196,3773,-885,0,0
3.000,91.9,173.01,-23.60,-16.71,138.1,0.53,-0.23,0.00,1.00,0.00,1.00,3,6517,350.5,2.20,-0.17,-1.20,-1.13,593,634,4767,0.0563,0.011,-0.002,-0.098,-0.76,-6.40,1143,-125,-584,0,0,5306,0.0713,0.001,-0.002,-0.098,-0.76,-6.40,1144,-132,-644,0,0,5243,0.0825,0.010,0.059,-0.041,-0.84,-6.32,1213,3516,-639,0,0,5680,0.0971,-0.005,0.058,-0.042,-0.84,-6.32,1213,3730,-690,0,0
3.120,96.6,168.38,-23.63,-16.31,140.3,0.52,-0.16,0.00,1.00,0.00,1.00,3,6624,346.8,2.20,-0.21,-1.07,-0.45,611,654,4718,0.0568,0.005,-0.002,-0.098,-0.57,-6.59,1161,-124,-435,0,0,5053,0.0685,-0.024,-0.002,-0.098,-0.57,-6.59,1161,-129,-464,0,0,5207,0.0835,0.008,0.060,-0.040,-0.60,-6.56,1233,3535,-456,0,0,5514,0.0952,-0.016,0.059,-0.041,-0.60,-6.56,1233,3699,-481,0,0
3.240,101.3,163.68,-23.66,-15.93,142.5,0.52,-0.11,-0.08,1.00,0.00,1.00,3,6715,343.6,2.20,-0.27,-0.95,-0.16,632,675,4958,0.0589,0.017,-0.002,-0.098,-0.41,-6.75,1179,-138,-328,0,0,5187,0.0678,-0.006,-0.002,-0.098,-0.41,-6.75,1180,-131,-343,0,0,5368,0.0849,0.011,0.058,-0.042,-0.42,-6.74,1251,3574,-333,0,0,5550,0.0932,-0.016,0.057,-0.043,-0.42,-6.74,1250,3672,-344,0,0
3.360,106.1,158.90,-23.69,-15.58,144.6,0.50,-0.35,0.00,1.00,0.00,1.00,3,6835,339.4,2.20,-0.32,-1.26,-11.35,647,694,4483,0.0540,-0.040,-0.002,-0.098,-0.53,-6.63,1192,-126,-345,0,0,5319,0.0715,0.031,-0.002,-0.098,-0.53,-6.64,1201,-124,-402,0,0,5011,0.0801,-0.039,0.065,-0.035,-1.25,-5.91,1273,3528,-858,0,0,5716,0.0976,0.036,0.057,-0.043,-1.24,-5.92,1273,3669,-987,0,0
3.480,110.9,154.05,-23.71,-15.26,146.7,0.51,-0.29,0.00,1.00,0.00,1.00,3,6934,335.9,2.20,-0.39,-1.27,-6.07,666,715,4675,0.0542,0.001,-0.002,-0.098,-1.16,-6.00,1212,-128,-849,0,0,5546,0.0721,0.005,-0.002,-0.098,-1.15,-6.01,1217,-131,-989,0,0,5109,0.0799,-0.002,0.063,-0.037,-1.54,-5.62,1292,3482,-1100,0,0,5822,0.0972,-0.004,0.059,-0.041,-1.53,-5.63,1291,3741,-1253,0,0
3.600,115.9,149.12,-23.72,-14.99,148.8,0.51,-0.34,0.00,1.00,0.00,1.00,3,7035,331.4,2.20,-0.45,-1.33,-3.21,685,736,4442,0.0530,-0.010,-0.002,-0.098,-1.18,-5.98,1230,-120,-835,0,0,5344,0.0723,0.001,-0.002,-0.098,-1.18,-5.98,1233,-131,-988,0,0,5002,0.0792,-0.005,0.063,-0.037,-1.38,-5.78,1311,3426,-978,0,0,5757,0.0985,0.011,0.060,-0.040,-1.38,-5.78,1310,3784,-1120,0,0
3.720,120.9,144.13,-23.73,-14.77,150.9,0.50,-0.29,0.00,1.00,0.00,0.84,3,7052,330.0,2.20,-0.48,-1.28,-1.70,704,756,4624,0.0530,0.000,-0.002,-0.098,-1.01,-6.15,1248,-118,-750,0,0,5466,0.0718,-0.004,-0.002,-0.098,-1.01,-6.15,1250,-127,-873,0,0,5074,0.0787,-0.004,0.050,-0.050,-1.12,-6.04,1313,3055,-842,0,0,5641,0.0969,-0.014,0.048,-0.052,-1.12,-6.04,1312,3287,-930,0,0
3.840,125.9,139.07,-23.74,-14.58,152.0,0.27,-0.24,0.00,1.00,0.00,0.36,3,7236,317.9,2.20,-0.41,-1.15,-0.46,695,767,4915,0.0568,0.032,-0.001,-0.099,-0.77,-6.39,1258,-92,-610,0,0,5432,0.0723,0.004,-0.001,-0.099,-0.77,-6.39,1259,-98,-668,0,0,4866,0.0777,-0.008,0.019,-0.081,-0.80,-6.36,1284,1337,-620,0,0,5304,0.0932,-0.030,0.018,-0.082,-0.80,-6.36,1283,1412,-672,0,0
3.960,131.0,134.01,-23.74,-14.42,152.0,-0.01,-0.16,0.00,1.00,0.00,0.44,4,7422,305.0,2.20,-0.20,-1.00,0.01,653,765,9463,0.0631,0.052,-0.001,-0.099,-0.55,-6.62,1256,306,-665,0,0,5827,0.0754,0.026,-0.001,-0.099,-0.55,-6.62,1258,-97,-500,0,0,4722,0.0732,-0.038,0.015,-0.085,-0.55,-6.62,1279,936,-411,0,0,4858,0.0847,-0.071,0.015,-0.085,-0.55,-6.62,1279,956,-422,0,0
4.080,136.1,128.92,-23.74,-14.27,153.2,0.30,-0.10,0.00,1.00,0.00,1.00,4,6121,363.6,2.20,-0.28,-0.84,0.05,671,778,4979,0.0649,0.015,-0.002,-0.098,-0.37,-6.80,1269,-115,-294,0,0,5166,0.0729,-0.021,-0.002,-0.098,-0.37,-6.80,1269,-118,-304,0,0,5160,0.0764,0.027,0.041,-0.059,-0.36,-6.80,1324,2749,-289,0,0,5318,0.0844,-0.003,0.041,-0.059,-0.36,-6.80,1324,2820,-297,0,0
4.200,141.2,123.79,-23.74,-14.14,154.8,0.36,-0.06,0.00,0.00,0.00,1.00,4,5503,380.5,2.20,-0.40,-0.73,0.22,704,794,5139,0.0627,-0.018,-0.004,-0.096,-0.25,-6.91,1279,-180,-175,0,0,5258,0.0688,-0.034,-0.002,-0.098,-0.25,-6.91,1281,-120,-214,0,0,5167,0.0796,0.027,0.041,-0.059,-0.24,-6.92,1337,2766,-192,0,0,5218,0.0847,0.003,0.041,-0.059,-0.24,-6.92,1337,2795,-194,0,0
4.320,146.4,118.62,-23.73,-14.01,155.0,0.06,-0.04,0.00,0.00,0.00,1.00,4,5216,-62.0,0.64,-0.38,-0.64,0.19,692,796,5403,0.0660,0.027,-0.001,-0.099,-0.16,-7.00,1284,-69,-142,0,0,5479,0.0696,0.006,-0.001,-0.099,-0.16,-7.00,1284,-70,-144,0,0,4840,0.0793,-0.002,-0.006,-0.094,-0.15,-7.01,1278,-414,-119,0,0,4906,0.0829,-0.015,-0.006,-0.094,-0.15,-7.01,1277,-412,-121,0,0
4.440,151.5,113.47,-23.72,-13.89,154.2,-0.19,-0.02,0.00,0.00,0.00,1.00,4,5188,-61.8,0.24,-0.09,-0.57,0.12,637,787,5817,0.0704,0.037,-0.001,-0.099,-0.11,-7.05,1277,-95,-104,0,0,5841,0.0736,0.034,-0.001,-0.099,-0.11,-7.05,1277,-82,-106,0,0,4508,0.0720,-0.061,-0.006,-0.094,-0.11,-7.06,1271,-414,-78,0,0,4481,0.0740,-0.075,-0.006,-0.094,-0.11,-7.06,1271,-409,-77,0,0
4.560,156.7,108.35,-23.71,-13.77,153.4,-0.18,-0.01,0.00,0.00,0.00,1.00,4,5165,-61.6,0.20,-0.05,-0.51,0.07,615,779,5572,0.0746,0.034,-0.001,-0.099,-0.08,-7.08,1271,-74,-72,0,0,5608,0.0761,0.021,-0.001,-0.099,-0.08,-7.08,1271,-75,-72,0,0,4749,0.0713,-0.006,-0.006,-0.094,-0.08,-7.09,1265,-414,-59,0,0,4781,0.0729,-0.009,-0.006,-0.094,-0.08,-7.09,1265,-414,-59,0,0
4.680,161.8,103.25,-23.71,-13.65,152.8,-0.16,0.00,0.00,1.00,0.00,1.00,4,5191,93.2,0.39,0.06,-0.47,0.06,602,772,5847,0.0729,-0.014,-0.001,-0.099,-0.07,-7.09,1266,-115,-64,0,0,5830,0.0752,-0.008,-0.001,-0.099,-0.07,-7.09,1265,-92,-66,0,0,4477,0.0682,-0.026,0.004,-0.096,-0.07,-7.09,1272,216,-49,0,0,4396,0.0685,-0.036,0.004,-0.096,-0.07,-7.09,1272,215,-48,0,0
4.800,166.9,98.16,-23.70,-13.53,152.9,0.03,0.00,0.00,1.00,0.00,1.00,4,5265,277.5,1.62,-0.15,-0.41,0.06,627,773,5344,0.0737,0.007,-0.001,-0.099,-0.05,-7.11,1267,-96,-46,0,0,5363,0.0745,-0.006,-0.001,-0.099,-0.05,-7.11,1266,-96,-46,0,0,5111,0.0741,0.049,0.017,-0.083,-0.05,-7.11,1290,1258,-42,0,0,5119,0.0749,0.053,0.017,-0.083,-0.05,-7.11,1290,1262,-42,0,0
4.920,172.0,93.05,-23.70,-13.41,153.5,0.15,0.00,0.00,1.00,0.00,1.00,4,5342,353.6,2.04,-0.06,-0.32,0.15,646,780,6198,0.0674,-0.053,-0.001,-0.099,-0.05,-7.11,1272,-129,-55,0,0,6139,0.0712,-0.028,-0.001,-0.099,-0.05,-7.11,1272,-129,-55,0,0,4498,0.0706,-0.030,0.027,-0.073,-0.05,-7.12,1309,1748,-35,0,0,4258,0.0692,-0.048,0.028,-0.072,-0.05,-7.12,1309,1674,-33,0,0
5.040,177.1,87.91,-23.69,-13.29,154.9,0.32,-0.01,0.00,1.00,0.00,1.00,4,5484,372.3,2.15,-0.54,-0.18,0.06,704,795,5264,0.0717,0.036,-0.001,-0.099,-0.03,-7.13,1283,-116,-26,0,0,5217,0.0717,0.005,-0.001,-0.099,-0.03,-7.13,1283,-116,-26,0,0,5802,0.0860,0.128,0.037,-0.063,-0.03,-7.13,1332,2810,-25,0,0,5754,0.0860,0.141,0.037,-0.063,-0.03,-7.13,1333,2793,-25,0,0
5.160,182.3,82.72,-23.69,-13.17,156.4,0.35,0.00,0.00,1.00,0.00,1.00,4,5633,374.9,2.19,-0.29,-0.02,0.30,716,810,6548,0.0639,-0.064,-0.002,-0.098,-0.03,-7.13,1295,-157,-34,0,0,6521,0.0691,-0.022,-0.002,-0.098,-0.03,-7.13,1295,-156,-34,0,0,4393,0.0748,-0.093,0.055,-0.045,-0.01,-7.15,1369,2908,-11,0,0,3966,0.0713,-0.123,0.055,-0.045,-0.01,-7.15,1370,2664,-10,0,0
5.280,187.6,77.47,-23.68,-13.05,157.8,0.35,-0.01,0.00,1.00,0.00,1.00,4,5579,378.0,2.20,-0.79,0.22,0.12,760,827,3437,0.0710,0.059,-0.003,-0.097,0.01,-7.15,1305,-154,6,0,0,3290,0.0702,0.009,-0.001,-0.099,0.01,-7.15,1307,-69,6,0,0,6061,0.0946,0.165,0.035,-0.065,0.02,-7.14,1356,2820,16,0,0,5926,0.0935,0.185,0.035,-0.065,0.02,-7.14,1356,2774,16,0,0
5.400,192.8,72.19,-23.66,-12.93,159.3,0.34,0.00,0.00,1.00,0.00,1.00,4,5708,375.3,2.20,-0.47,0.28,0.16,753,841,5157,0.0621,-0.074,-0.002,-0.098,0.03,-7.13,1319,-124,23,0,0,5084,0.0627,-0.062,-0.002,-0.098,0.03,-7.13,1319,-123,23,0,0,4447,0.0792,-0.128,0.050,-0.050,0.04,-7.12,1387,2781,27,0,0,5235,0.0775,-0.134,0.049,-0.051,0.04,-7.12,1386,3215,31,0,0
5.520,198.2,66.85,-23.66,-12.81,160.8,0.35,0.00,0.00,1.00,0.00,1.00,4,5710,375.4,2.20,-0.52,0.34,0.07,774,857,4450,0.0618,-0.002,-0.002,-0.098,0.04,-7.12,1331,-103,32,0,0,4393,0.0609,-0.015,-0.002,-0.098,0.04,-7.12,1331,-102,32,0,0,5247,0.0827,0.029,0.041,-0.059,0.05,-7.11,1388,2784,39,0,0,5210,0.0817,0.035,0.041,-0.059,0.05,-7.11,1388,2770,38,0,0
5.640,203.6,61.47,-23.65,-12.68,162.2,0.35,0.00,-0.08,1.00,0.00,1.00,4,5765,374.1,2.20,-0.44,0.38,0.06,787,873,5137,0.0622,0.003,-0.002,-0.098,0.05,-7.11,1343,-118,38,0,0,5011,0.0617,0.007,-0.002,-0.098,0.05,-7.11,1343,-117,38,0,0,5350,0.0792,-0.029,0.041,-0.059,0.05,-7.11,1401,2864,41,0,0,5253,0.0787,-0.025,0.041,-0.059,0.05,-7.11,1401,2822,40,0,0
5.760,209.0,56.03,-23.65,-12.59,163.6,0.32,-0.43,0.00,1.00,0.00,1.00,4,5824,372.8,2.20,-0.42,-0.28,-19.37,794,887,4093,0.0530,-0.076,-0.002,-0.098,-0.21,-6.95,1346,-101,-100,0,0,5484,0.0708,0.076,-0.001,-0.099,-0.21,-6.95,1362,-103,-126,0,0,4583,0.0726,-0.055,0.050,-0.050,-1.30,-5.86,1416,2750,-840,0,0,5761,0.0904,0.097,0.038,-0.062,-1.29,-5.87,1416,2759,-1054,0,0
5.880,214.5,50.55,-23.65,-12.55,165.0,0.35,-0.39,0.00,1.00,0.00,1.00,4,5884,371.3,2.20,-0.42,-0.42,-11.01,806,902,4446,0.0527,-0.002,-0.002,-0.098,-1.58,-5.58,1361,-109,-1090,0,0,5677,0.0740,0.026,-0.001,-0.099,-1.57,-5.59,1370,-115,-1356,0,0,4762,0.0704,-0.018,0.049,-0.051,-2.20,-4.97,1431,2666,-1495,0,0,5805,0.0917,0.011,0.042,-0.058,-2.18,-4.98,1430,2844,-1812,0,0
6.000,220.0,45.03,-23.65,-12.59,166.3,0.35,-0.54,0.00,1.00,0.00,1.00,4,5941,370.0,2.20,-0.40,-0.64,-5.73,814,917,4122,0.0484,-0.036,-0.002,-0.098,-1.84,-5.32,1374,-102,-1188,0,0,5824,0.0757,0.014,-0.002,-0.098,-1.83,-5.33,1379,-123,-1628,0,0,4299,0.0682,-0.018,0.050,-0.050,-2.16,-5.00,1446,2440,-1345,0,0,5498,0.0955,0.032,0.046,-0.054,-2.15,-5.01,1445,2864,-1700,0,0
6.120,225.6,39.46,-23.65,-12.70,167.7,0.35,-0.52,0.00,1.00,0.00,1.00,4,5976,369.1,2.20,-0.42,-0.64,-3.17,833,933,4413,0.0493,0.007,-0.002,-0.098,-1.66,-5.51,1387,-107,-1152,0,0,5634,0.0775,0.015,-0.002,-0.098,-1.65,-5.51,1389,-122,-1440,0,0,4718,0.0676,-0.006,0.046,-0.054,-1.83,-5.33,1454,2580,-1275,0,0,5742,0.0958,0.003,0.043,-0.057,-1.83,-5.33,1453,2953,-1533,0,0
6.240,231.2,33.84,-23.65,-12.89,169.1,0.34,-0.43,0.00,1.00,0.00,1.00,4,6030,367.5,2.20,-0.39,-0.50,-1.35,845,949,4670,0.0498,0.004,-0.003,-0.097,-1.32,-5.84,1397,-192,-964,0,0,5536,0.0751,-0.020,-0.002,-0.098,-1.32,-5.84,1401,-125,-1143,0,0,4622,0.0686,0.008,0.046,-0.054,-1.39,-5.77,1467,2610,-966,0,0,5332,0.0931,-0.023,0.045,-0.055,-1.39,-5.77,1466,2910,-1104,0,0
6.360,236.9,28.18,-23.65,-13.13,170.6,0.34,-0.33,0.00,1.00,0.00,1.00,4,6062,366.4,2.20,-0.42,-0.28,-0.48,864,965,4708,0.0535,0.032,-0.002,-0.098,-0.96,-6.20,1412,-111,-724,0,0,5312,0.0730,-0.017,-0.002,-0.098,-0.96,-6.20,1412,-119,-809,0,0,4934,0.0719,0.028,0.043,-0.057,-0.99,-6.17,1475,2661,-740,0,0,5453,0.0914,-0.014,0.042,-0.058,-0.99,-6.17,1474,2879,-813,0,0
6.480,242.6,22.47,-23.65,-13.41,172.0,0.34,-0.23,0.00,1.00,0.00,1.00,4,6118,364.4,2.20,-0.39,-0.06,-0.01,879,981,4887,0.0556,0.017,-0.002,-0.098,-0.65,-6.51,1424,-115,-511,0,0,5248,0.0700,-0.026,-0.002,-0.098,-0.65,-6.51,1424,-120,-545,0,0,4887,0.0734,0.013,0.043,-0.057,-0.65,-6.51,1488,2699,-487,0,0,5169,0.0871,-0.036,0.043,-0.057,-0.65,-6.51,1488,2829,-513,0,0
6.600,248.3,16.72,-23.65,-13.72,173.4,0.34,-0.16,0.00,1.00,0.00,1.00,4,6159,363.0,2.20,-0.41,0.12,0.21,895,997,4709,0.0579,0.019,-0.002,-0.098,-0.41,-6.75,1436,-109,-313,0,0,4922,0.0672,-0.023,-0.002,-0.098,-0.41,-6.75,1436,-114,-326,0,0,5067,0.0768,0.028,0.041,-0.059,-0.40,-6.76,1498,2723,-311,0,0,5251,0.0862,-0.007,0.041,-0.059,-0.40,-6.76,1498,2811,-322,0,0
6.720,254.1,10.92,-23.65,-14.06,174.9,0.34,-0.10,0.00,1.00,0.00,1.00,4,6206,361.3,2.20,-0.40,0.28,0.23,910,1014,5012,0.0600,0.018,-0.002,-0.098,-0.24,-6.93,1448,-115,-192,0,0,5083,0.0660,-0.011,-0.002,-0.098,-0.24,-6.93,1448,-117,-194,0,0,5215,0.0776,0.006,0.041,-0.059,-0.22,-6.94,1510,2776,-180,0,0,5276,0.0835,-0.023,0.041,-0.059,-0.22,-6.94,1510,2809,-182,0,0
6.840,260.0,5.08,-23.65,-14.40,175.8,0.22,-0.06,0.00,0.00,0.00,1.00,4,5931,-74.4,1.18,-0.35,0.38,0.27,905,1024,5077,0.0613,0.010,-0.001,-0.099,-0.12,-7.05,1456,-69,-95,0,0,5106,0.0644,-0.013,-0.001,-0.099,-0.12,-7.05,1456,-70,-96,0,0,4743,0.0788,0.010,-0.003,-0.097,-0.10,-7.06,1452,-179,-80,0,0,4770,0.0819,-0.013,-0.003,-0.097,-0.10,-7.06,1452,-174,-80,0,0
6.960,265.8,-0.75,-23.65,-14.75,174.9,-0.21,-0.04,0.00,0.00,0.00,1.00,4,5884,-66.8,0.29,-0.08,0.47,0.18,833,1013,5609,0.0692,0.066,-0.001,-0.099,-0.04,-7.12,1449,-75,-35,0,0,5590,0.0707,0.052,-0.001,-0.099,-0.04,-7.12,1449,-75,-34,0,0,4654,0.0724,-0.053,-0.006,-0.094,-0.03,-7.13,1441,-437,-23,0,0,4633,0.0739,-0.067,-0.006,-0.094,-0.03,-7.13,1441,-431,-23,0,0
7.080,271.7,-6.55,-23.65,-15.11,174.1,-0.20,-0.02,0.00,0.00,1.00,1.00,4,5856,-66.5,0.21,0.09,0.52,0.12,788,1002,5705,0.0723,0.025,-0.001,-0.099,0.01,-7.16,1442,-78,5,0,0,5640,0.0731,0.020,-0.001,-0.099,0.01,-7.16,1442,-77,5,0,0,4527,0.0689,-0.029,-0.006,-0.094,0.01,-7.15,1434,-437,9,0,0,4457,0.0691,-0.040,-0.006,-0.094,0.01,-7.15,1434,-429,9,0,0
7.200,277.3,-12.21,-23.64,-15.46,167.1,-1.65,-0.01,-0.06,0.00,1.00,1.00,4,4820,-59.5,0.20,0.84,0.56,0.03,560,926,7215,0.0901,0.149,-0.182,0.082,0.04,-7.12,1146,-6433,22,858,1,7177,0.0898,0.140,-0.172,0.072,0.04,-7.12,1136,-6405,22,2860,0,3186,0.0522,-0.139,-0.149,0.049,0.04,-7.13,1182,-3011,12,1540,0,3146,0.0519,-0.143,-0.149,0.049,0.04,-7.13,1182,-2975,11,1540,0
7.320,282.7,-17.62,-23.64,-15.81,159.9,-1.68,-0.32,0.00,0.00,1.00,1.00,4,4469,-56.5,0.20,1.44,0.15,-12.18,395,854,6849,0.0964,0.052,-0.176,0.076,-0.09,-7.08,1078,-6145,-27,2860,0,7678,0.1085,0.155,-0.185,0.085,-0.08,-7.08,1099,-6793,-27,858,1,2745,0.0323,-0.166,-0.167,0.067,-0.79,-6.38,1081,-2625,-180,1540,0,3415,0.0438,-0.068,-0.172,0.072,-0.78,-6.38,1083,-3232,-216,1540,0
7.440,288.0,-22.86,-23.64,-16.19,156.7,-0.75,-0.25,0.00,0.00,0.00,1.00,4,5274,-62.4,0.20,1.14,0.08,-8.50,435,817,5196,0.0913,-0.042,-0.001,-0.099,-1.05,-6.11,1296,-78,-841,0,0,6069,0.1040,-0.037,-0.001,-0.099,-1.04,-6.12,1302,-160,-963,0,0,4221,0.0401,0.064,-0.005,-0.095,-1.54,-5.62,1291,-293,-1022,0,0,4950,0.0528,0.075,-0.008,-0.092,-1.54,-5.63,1293,-568,-1177,0,0
7.560,293.2,-28.06,-23.64,-16.62,156.0,-0.16,-0.50,-0.19,0.00,0.00,1.00,4,5251,-62.2,0.20,0.44,-0.27,-9.30,566,805,4469,0.0720,-0.160,-0.001,-0.099,-4.92,-2.24,1285,-33,-2899,0,0,6314,0.0944,-0.080,-0.002,-0.098,-4.21,-2.95,1292,-107,-3580,0,0,4181,0.0526,0.105,-0.004,-0.096,-1.57,-5.60,1285,-252,-1027,0,0,5864,0.0744,0.180,-0.008,-0.092,-1.56,-5.60,1287,-517,-1361,0,0
7.680,298.4,-33.20,-23.64,-17.15,154.6,-0.27,-1.09,-0.53,0.00,0.00,1.00,4,5203,-61.9,0.20,0.20,-1.27,-32.20,588,790,3692,0.0532,-0.157,0.017,-0.083,-20.88,13.72,1205,159,-3280,0,0,7143,0.1023,0.066,0.001,-0.099,-17.33,10.17,1235,24,-6049,0,0,3305,0.0458,-0.057,0.002,-0.098,-3.41,-3.76,1270,61,-1632,0,0,6204,0.0950,0.171,-0.011,-0.089,-3.34,-3.82,1278,-805,-2869,0,0
7.800,303.5,-38.28,-23.64,-17.83,153.2,-0.22,-1.08,0.00,0.00,0.00,1.00,4,5129,-61.4,0.20,0.22,-1.59,-28.37,564,776,4263,0.0480,-0.044,-0.001,-0.099,-3.98,-3.18,1254,-49,-2361,0,0,6929,0.1063,0.033,-0.001,-0.099,-3.91,-3.25,1276,-67,-3625,0,0,3534,0.0404,-0.045,-0.002,-0.098,-5.69,-1.47,1253,-46,-2516,0,0,5970,0.0984,0.028,-0.014,-0.086,-5.59,-1.57,1259,-722,-4028,0,0
7.920,308.6,-43.30,-23.64,-18.66,152.1,-0.14,-1.21,-0.07,0.00,0.00,1.00,4,5078,-61.0,0.20,0.21,-1.72,-18.57,550,765,3890,0.0448,-0.026,-0.001,-0.099,-5.05,-2.12,1246,-58,-2574,0,0,6871,0.1064,0.000,-0.001,-0.099,-4.99,-2.17,1261,-73,-4300,0,0,3356,0.0393,-0.009,-0.005,-0.095,-6.17,-0.99,1241,-132,-2508,0,0,6018,0.1010,0.022,-0.013,-0.087,-6.10,-1.06,1246,-623,-4270,0,0
8.040,313.6,-48.24,-23.64,-19.66,150.5,-0.21,-1.41,-0.38,0.00,0.00,1.00,4,5027,-60.7,0.20,0.29,-2.02,-21.45,523,749,3880,0.0408,-0.033,0.026,-0.074,-20.88,13.72,1186,229,-3441,0,0,7498,0.1113,0.042,0.011,-0.089,-17.93,10.77,1206,203,-6310,0,0,2867,0.0318,-0.062,-0.004,-0.096,-6.34,-0.82,1228,-88,-2186,0,0,6368,0.1019,0.008,-0.013,-0.087,-6.25,-0.91,1233,-661,-4542,0,0
8.160,318.6,-53.07,-23.64,-20.84,148.2,-0.36,-1.44,0.00,0.00,0.00,1.00,4,4947,-60.1,0.20,0.44,-2.16,-23.13,477,728,4007,0.0413,0.004,0.058,-0.042,-34.50,27.33,1061,292,-3433,0,0,7379,0.1150,0.031,0.019,-0.081,-29.14,21.98,1099,202,-6066,0,0,2843,0.0267,-0.043,-0.003,-0.097,-6.93,-0.24,1209,-56,-2254,0,0,5775,0.1005,-0.011,-0.014,-0.086,-6.82,-0.34,1214,-577,-4326,0,0
8.280,323.5,-57.79,-23.65,-22.19,146.6,-0.21,-1.35,0.00,0.00,0.00,1.00,4,4879,-59.6,0.20,0.43,-2.12,-20.75,473,711,4041,0.0419,0.006,-0.001,-0.099,-6.08,-1.09,1198,-41,-2963,0,0,7296,0.1154,0.003,-0.001,-0.099,-5.99,-1.17,1214,-83,-5038,0,0,3240,0.0279,0.010,-0.005,-0.095,-7.36,0.20,1193,-123,-2616,0,0,1650,0.0991,-0.012,-0.002,-0.098,-7.11,-0.05,1195,-127,-1355,0,0
8.400,328.4,-62.40,-23.65,-23.70,145.2,-0.13,-1.39,-0.08,0.00,0.00,1.00,4,4838,-59.3,0.20,0.36,-2.03,-14.01,474,698,3930,0.0414,-0.004,-0.001,-0.099,-6.03,-1.13,1190,-45,-2883,0,0,7010,0.1125,-0.024,-0.002,-0.098,-5.98,-1.19,1200,-137,-4864,0,0,3227,0.0313,0.028,-0.007,-0.093,-6.92,-0.24,1183,-166,-2547,0,0,6186,0.1024,0.028,-0.013,-0.087,-6.86,-0.31,1186,-586,-4626,0,0
8.520,333.2,-66.91,-23.66,-25.38,143.6,-0.22,-1.45,-0.45,0.00,0.00,1.00,4,4793,-59.0,0.20,0.41,-2.11,-17.05,462,682,4065,0.0399,-0.013,0.020,-0.080,-21.91,14.74,1119,185,-3585,0,0,7559,0.1141,0.013,0.005,-0.095,-18.83,11.67,1137,99,-6344,0,0,2926,0.0284,-0.024,-0.005,-0.095,-6.42,-0.74,1172,-114,-2245,0,0,6021,0.1013,-0.009,-0.013,-0.087,-6.35,-0.81,1176,-587,-4360,0,0
8.640,337.9,-71.28,-23.66,-27.22,141.2,-0.38,-1.43,-0.79,0.00,0.00,1.00,4,4720,-58.5,0.20,0.49,-2.11,-19.47,433,661,4186,0.0425,0.021,0.071,-0.029,-36.78,29.62,996,357,-3555,0,0,7461,0.1168,0.023,0.025,-0.075,-30.97,23.81,1033,265,-6098,0,0,2941,0.0265,-0.015,-0.003,-0.097,-6.45,-0.71,1154,-72,-2260,0,0,5838,0.1008,-0.004,-0.012,-0.088,-6.37,-0.79,1158,-562,-4244,0,0
8.760,342.6,-75.49,-23.67,-29.20,138.4,-0.50,-1.35,-0.80,0.00,0.00,1.00,4,4626,-57.8,0.20,0.60,-2.05,-19.06,405,635,4250,0.0452,0.023,0.011,-0.089,-38.60,31.44,899,53,-3615,0,0,7788,0.1185,0.014,-0.004,-0.096,-32.47,25.31,970,-40,-6313,0,0,2982,0.0258,-0.006,-0.003,-0.097,-6.55,-0.61,1131,-71,-2306,0,0,5674,0.0983,-0.021,-0.012,-0.088,-6.46,-0.70,1135,-544,-4164,0,0
8.880,347.1,-79.54,-23.68,-31.29,135.5,-0.53,-1.37,0.00,1.00,0.00,1.00,4,4558,32.7,0.25,0.60,-2.03,-18.35,384,609,4321,0.0480,0.024,-0.176,0.076,-5.24,-1.92,923,-2348,-3057,0,0,7624,0.1210,0.021,-0.103,0.003,-5.18,-1.99,1021,-3141,-5641,0,0,3070,0.0270,0.010,0.001,-0.099,-6.48,-0.68,1113,20,-2361,0,0,5866,0.0999,0.014,-0.005,-0.095,-6.40,-0.76,1121,-282,-4285,0,0
9.000,351.6,-83.45,-23.68,-33.51,134.8,-0.02,-1.28,0.00,1.00,0.00,1.00,4,4679,259.6,1.48,0.40,-1.87,-14.10,410,602,3909,0.0450,-0.025,-0.002,-0.098,-5.12,-2.04,1105,-70,-2619,0,0,6729,0.1138,-0.060,-0.002,-0.098,-5.07,-2.09,1117,-102,-4280,0,0,3607,0.0334,0.054,0.035,-0.065,-6.08,-1.08,1147,1000,-2606,0,0,6321,0.1022,0.019,0.024,-0.076,-6.02,-1.14,1146,1176,-4407,0,0
9.120,356.1,-87.28,-23.68,-35.89,135.1,0.19,-1.20,0.00,1.00,0.00,1.00,4,4730,357.2,2.00,0.12,-1.58,-8.43,454,604,4008,0.0428,-0.018,-0.002,-0.098,-4.42,-2.75,1111,-84,-2444,0,0,6424,0.1054,-0.070,-0.002,-0.098,-4.39,-2.77,1118,-110,-3750,0,0,3984,0.0411,0.064,0.041,-0.059,-4.99,-2.17,1160,1451,-2534,0,0,6569,0.1036,0.012,0.034,-0.066,-4.96,-2.20,1158,1917,-4042,0,0
9.240,360.6,-91.01,-23.69,-38.42,135.5,0.20,-1.22,-0.37,1.00,0.00,1.00,4,4910,382.8,2.14,0.03,-1.51,-15.12,474,607,3748,0.0402,-0.022,0.009,-0.091,-16.18,9.02,1082,113,-3359,0,0,6623,0.1007,-0.039,0.001,-0.099,-13.78,6.62,1097,18,-5652,0,0,3553,0.0428,0.014,0.069,-0.031,-4.17,-3.00,1194,2111,-1865,0,0,6492,0.1033,-0.003,0.056,-0.044,-4.12,-3.04,1191,3149,-3350,0,0
9.360,365.2,-94.66,-23.69,-41.10,135.9,0.20,-1.26,-0.74,1.00,0.00,1.00,4,4972,389.8,2.18,0.02,-1.56,-28.47,476,610,3933,0.0388,-0.012,0.049,-0.051,-31.98,24.82,991,275,-3391,0,0,6834,0.1021,0.012,0.015,-0.085,-26.70,19.54,1030,176,-5701,0,0,3449,0.0408,-0.016,0.086,-0.014,-5.21,-1.95,1209,2174,-1998,0,0,6666,0.1034,0.001,0.062,-0.038,-5.11,-2.06,1206,3213,-3886,0,0
9.480,369.7,-98.21,-23.69,-43.92,136.1,0.21,-1.21,0.00,1.00,0.00,1.00,4,5035,390.9,2.20,0.05,-1.49,-29.63,466,613,3887,0.0397,0.008,-0.002,-0.098,-4.77,-2.39,1109,-85,-2465,0,0,6424,0.1008,-0.011,-0.002,-0.098,-4.67,-2.49,1133,-114,-3856,0,0,3745,0.0415,0.005,0.100,0.000,-6.77,-0.40,1224,2263,-2426,0,0,6275,0.1026,-0.006,0.075,-0.025,-6.63,-0.53,1222,3035,-4147,0,0
9.600,374.3,-101.66,-23.69,-46.89,137.2,0.42,-1.24,0.00,1.00,0.00,1.00,4,5088,390.3,2.20,-0.05,-1.45,-25.08,487,623,3784,0.0371,-0.021,-0.002,-0.098,-5.84,-1.32,1118,-79,-2726,0,0,6621,0.0986,-0.019,-0.002,-0.098,-5.74,-1.42,1138,-120,-4513,0,0,3717,0.0443,0.023,0.103,0.003,-7.51,0.35,1237,2153,-2527,0,0,6699,0.1043,0.014,0.082,-0.018,-7.39,0.22,1234,3175,-4570,0,0
9.720,378.9,-105.01,-23.69,-50.03,138.0,0.39,-1.37,-0.28,1.00,0.00,1.00,4,5129,389.5,2.20,-0.08,-1.54,-24.16,487,630,3476,0.0345,-0.022,0.008,-0.092,-15.58,8.42,1099,91,-3129,0,0,6593,0.0980,-0.005,0.001,-0.099,-13.78,6.61,1119,17,-5630,0,0,3403,0.0428,-0.012,0.107,0.007,-7.81,0.65,1248,1973,-2347,0,0,6987,0.1064,0.017,0.085,-0.015,-7.68,0.52,1244,3305,-4788,0,0
9.840,383.5,-108.24,-23.69,-53.33,138.5,0.32,-1.39,0.00,1.00,0.00,1.00,4,5215,387.5,2.20,0.04,-1.64,-28.80,476,634,3869,0.0326,-0.016,-0.003,-0.097,-6.86,-0.31,1123,-86,-3004,0,0,6872,0.1004,0.020,-0.002,-0.098,-6.72,-0.44,1146,-123,-5037,0,0,3413,0.0375,-0.044,0.125,0.025,-8.76,1.60,1269,2040,-2350,0,0,6486,0.1039,-0.021,0.100,0.000,-8.59,1.43,1266,3233,-4513,0,0
9.960,388.1,-111.33,-23.69,-56.77,139.2,0.43,-1.40,0.00,1.00,0.00,1.00,4,5239,386.9,2.20,-0.01,-1.62,-28.33,481,641,3496,0.0329,0.002,-0.003,-0.097,-7.83,0.67,1127,-63,-2869,0,0,6497,0.0998,-0.005,-0.003,-0.097,-7.68,0.52,1149,-130,-5046,0,0,3543,0.0397,0.018,0.127,0.027,-9.69,2.53,1275,1989,-2537,0,0,7104,0.1068,0.024,0.102,0.002,-9.51,2.34,1271,3286,-5071,0,0
10.080,392.8,-114.28,-23.69,-60.37,139.9,0.42,-1.40,0.00,1.00,0.00,1.00,4,5338,384.5,2.20,0.06,-1.63,-29.15,479,647,3434,0.0312,-0.014,-0.003,-0.097,-8.69,1.53,1129,-57,-2908,0,0,6838,0.0984,-0.012,-0.003,-0.097,-8.52,1.36,1152,-117,-5452,0,0,3388,0.0381,-0.014,0.146,0.046,-10.59,3.43,1299,1959,-2397,0,0,6701,0.1049,-0.016,0.120,0.020,-10.38,3.22,1296,3288,-4753,0,0
10.200,397.4,-117.08,-23.69,-64.12,140.4,0.44,-1.46,0.00,1.00,0.00,1.00,4,5368,383.8,2.20,0.04,-1.67,-31.17,477,652,3508,0.0312,0.000,-0.003,-0.097,-9.69,2.53,1129,-53,-3040,0,0,5593,0.0999,0.013,0.001,-0.099,-9.31,2.15,1153,-52,-4665,0,0,3491,0.0384,0.003,0.153,0.053,-11.71,4.55,1307,1931,-2522,0,0,7233,0.1073,0.020,0.125,0.025,-11.47,4.31,1303,3348,-5196,0,0
10.320,402.1,-119.71,-23.70,-68.00,140.7,0.37,-1.29,0.35,0.54,0.00,1.00,4,4901,117.5,1.32,0.15,-1.45,-19.00,473,655,4081,0.0328,0.013,-0.002,-0.098,-1.15,-6.01,1154,-143,-955,0,0,6086,0.0964,-0.029,-0.001,-0.099,1.23,-5.93,1171,-53,796,0,0,3731,0.0388,0.004,0.058,-0.042,-12.50,5.33,1199,927,-3213,0,0,5819,0.1025,-0.040,0.043,-0.057,-12.33,5.17,1199,1074,-4912,0,0
10.440,406.8,-122.23,-23.70,-71.94,140.2,-0.02,-0.64,0.00,1.00,0.00,1.00,4,4877,294.8,1.68,0.11,-0.43,39.22,513,650,4516,0.0531,0.169,-0.002,-0.098,-9.27,2.11,1163,-42,-3840,0,0,6452,0.0876,-0.073,-0.003,-0.097,-9.52,2.36,1132,-86,-5340,0,0,4303,0.0559,0.142,0.026,-0.074,-6.81,-0.36,1197,788,-3328,0,0,5934,0.0905,-0.100,0.050,-0.050,-6.99,-0.18,1193,1961,-4362,0,0
10.560,411.5,-124.60,-23.71,-75.98,140.6,0.14,-1.15,0.00,1.00,0.00,1.00,4,4873,366.0,2.05,0.00,-0.96,26.85,532,654,4192,0.0436,-0.079,-0.002,-0.098,-3.03,-4.13,1173,-80,-1982,0,0,6266,0.0963,0.072,-0.002,-0.098,-3.08,-4.08,1152,-149,-2911,0,0,3942,0.0496,-0.052,0.017,-0.083,-1.30,-5.86,1196,951,-891,0,0,6062,0.1024,0.099,0.032,-0.068,-1.33,-5.83,1192,2506,-1321,0,0
10.680,416.2,-126.93,-23.72,-80.06,141.4,0.21,-0.23,0.00,1.00,0.00,1.00,4,4914,385.7,2.16,-0.16,0.14,13.21,567,662,5604,0.0575,0.116,-0.001,-0.099,-0.12,-7.04,1177,-99,-163,0,0,4882,0.0821,-0.119,-0.001,-0.099,-0.12,-7.04,1166,-109,-145,0,0,5360,0.0655,0.132,0.022,-0.078,0.73,-6.43,1205,1652,578,0,0,5028,0.0898,-0.105,0.030,-0.070,0.74,-6.42,1203,2077,544,0,0
10.800,420.9,-129.29,-23.72,-84.17,142.3,0.22,0.16,-0.10,1.00,0.00,1.00,4,4951,390.9,2.19,-0.27,1.19,4.30,583,671,5604,0.0701,0.105,0.000,-0.100,-3.36,-3.80,1180,-23,-2083,0,0,4625,0.0655,-0.138,-0.001,-0.099,-2.57,-4.59,1176,-78,-1342,0,0,5505,0.0834,0.150,0.026,-0.074,1.25,-5.91,1213,1917,1047,0,0,4694,0.0788,-0.092,0.029,-0.071,1.25,-5.91,1213,1862,903,0,0
10.920,425.7,-131.63,-23.73,-88.31,143.2,0.22,-0.61,-0.51,1.00,0.00,1.00,4,5126,389.0,2.20,-0.27,0.35,-37.54,594,680,3922,0.0589,-0.094,0.011,-0.089,-16.75,9.59,1135,132,-3503,0,0,6658,0.0780,0.104,0.001,-0.099,-13.52,6.36,1169,8,-5672,0,0,3957,0.0715,-0.099,0.060,-0.040,-1.24,-5.92,1245,2712,-635,0,0,6441,0.0898,0.092,0.034,-0.066,-1.21,-5.95,1244,2828,-1034,0,0
11.040,430.5,-133.89,-23.73,-92.53,144.1,0.28,-0.91,0.00,1.00,0.00,1.00,4,5251,386.5,2.20,-0.19,-0.52,-39.48,578,687,3969,0.0462,-0.106,-0.002,-0.098,-2.77,-4.39,1174,-94,-1589,0,0,6125,0.0887,0.089,-0.001,-0.099,-2.70,-4.46,1206,-94,-2316,0,0,4043,0.0599,-0.097,0.084,-0.016,-5.30,-1.86,1276,2481,-2349,0,0,6212,0.1024,0.104,0.055,-0.045,-5.17,-2.00,1276,2744,-3720,0,0
11.160,435.3,-136.04,-23.73,-96.86,145.2,0.40,-1.10,0.00,1.00,0.00,1.00,4,5362,383.9,2.20,-0.13,-0.84,-29.79,574,698,3712,0.0404,-0.048,-0.002,-0.098,-5.10,-2.07,1183,-77,-2466,0,0,6563,0.0920,0.027,-0.002,-0.098,-5.00,-2.16,1207,-112,-4113,0,0,3706,0.0530,-0.058,0.099,-0.001,-6.98,-0.18,1305,2188,-2452,0,0,6554,0.1033,0.008,0.075,-0.025,-6.85,-0.31,1302,3096,-4383,0,0
11.280,440.2,-138.03,-23.73,-101.29,146.2,0.41,-1.29,0.00,1.00,0.00,1.00,4,5434,382.2,2.20,-0.03,-1.12,-25.15,558,707,3518,0.0353,-0.043,-0.002,-0.098,-6.24,-0.92,1190,-71,-2632,0,0,6431,0.0941,0.018,-0.002,-0.098,-6.14,-1.02,1210,-114,-4553,0,0,3426,0.0462,-0.056,0.108,0.008,-7.82,0.66,1323,2003,-2352,0,0,6644,0.1050,0.014,0.087,-0.013,-7.69,0.53,1320,3209,-4558,0,0
11.400,445.0,-139.88,-23.74,-105.82,147.2,0.39,-0.99,0.33,1.00,0.00,1.00,4,5499,380.6,2.20,0.01,-0.83,-4.77,573,717,4757,0.0382,0.024,-0.002,-0.098,2.08,-5.08,1215,-159,1262,0,0,5647,0.0914,-0.022,0.000,-0.100,4.25,-2.92,1219,-22,2977,0,0,4525,0.0475,0.011,0.106,0.006,-7.88,0.72,1337,2553,-3090,0,0,5244,0.0994,-0.046,0.101,0.001,-7.85,0.69,1336,2835,-3586,0,0
11.520,450.0,-141.61,-23.75,-110.44,148.4,0.36,-0.97,0.00,1.00,0.00,1.00,4,5341,384.4,2.20,-0.16,-0.63,12.54,622,729,3620,0.0410,0.024,-0.003,-0.097,-4.71,-2.46,1228,-98,-2344,0,0,6394,0.0880,-0.028,-0.003,-0.097,-4.74,-2.42,1219,-153,-3980,0,0,3965,0.0565,0.075,0.054,-0.046,-3.95,-3.21,1299,2026,-2104,0,0,6837,0.1035,0.034,0.059,-0.041,-3.98,-3.18,1295,3553,-3436,0,0
11.640,454.9,-143.22,-23.75,-115.14,149.8,0.36,-0.69,0.23,1.00,0.00,1.00,4,5352,384.1,2.20,-0.17,-0.29,14.71,642,743,5127,0.0447,0.031,-0.001,-0.099,3.67,-3.50,1244,-102,2252,0,0,5315,0.0856,-0.020,0.000,-0.100,5.00,-2.16,1232,9,3029,0,0,4925,0.0581,0.013,0.043,-0.057,-1.59,-5.57,1301,2562,-1211,0,0,5057,0.0979,-0.047,0.051,-0.049,-1.60,-5.56,1300,2979,-1225,0,0
11.760,460.0,-144.86,-23.76,-119.88,151.0,0.31,0.42,0.00,1.00,0.00,1.00,4,5404,382.9,2.20,-0.36,1.59,34.57,674,756,5969,0.0712,0.221,-0.001,-0.099,0.43,-6.73,1264,-100,257,0,0,4124,0.0601,-0.212,-0.002,-0.098,0.44,-6.72,1236,-118,185,0,0,6101,0.0882,0.251,0.037,-0.063,2.50,-4.66,1313,2595,2097,0,0,4552,0.0771,-0.173,0.059,-0.041,2.56,-4.61,1313,2843,1546,0,0
11.880,465.0,-146.57,-23.77,-124.65,152.4,0.36,0.61,-0.06,1.00,0.00,1.00,4,5500,380.6,2.20,-0.50,2.39,19.20,682,770,6338,0.0808,0.080,-0.001,-0.099,0.23,-6.93,1269,-130,684,0,0,4043,0.0500,-0.084,-0.002,-0.098,0.75,-6.41,1252,-138,727,0,0,6208,0.0997,0.096,0.052,-0.048,4.06,-3.10,1336,2954,3185,0,0,4252,0.0681,-0.076,0.066,-0.034,4.11,-3.05,1337,2480,2186,0,0
12.000,470.1,-148.35,-23.76,-129.43,153.6,0.28,-0.03,-0.50,1.00,0.00,1.00,4,5495,380.7,2.20,-0.49,1.64,-34.72,696,782,4318,0.0710,-0.082,0.009,-0.091,-13.37,6.21,1237,145,-3812,0,0,5888,0.0597,0.080,0.000,-0.100,-10.33,3.17,1267,-3,-4912,0,0,4460,0.0893,-0.086,0.060,-0.040,1.75,-5.41,1335,2914,1204,0,0,5761,0.0780,0.083,0.038,-0.062,1.71,-5.45,1335,2702,1580,0,0
12.120,475.3,-150.11,-23.76,-134.25,154.6,0.27,-0.52,0.00,1.00,0.00,1.00,4,5575,378.8,2.20,-0.35,0.48,-43.69,697,792,4417,0.0565,-0.121,-0.002,-0.098,-1.28,-5.89,1261,-115,-774,0,0,6012,0.0772,0.146,-0.001,-0.099,-1.24,-5.92,1296,-92,-1004,0,0,4503,0.0721,-0.144,0.072,-0.028,-3.89,-3.27,1355,2829,-2133,0,0,5799,0.0919,0.115,0.044,-0.056,-3.79,-3.37,1356,2493,-2846,0,0
12.240,480.4,-151.78,-23.76,-139.16,155.8,0.38,-0.96,0.00,1.00,0.00,1.00,4,5680,376.3,2.20,-0.32,-0.29,-28.42,690,804,3554,0.0447,-0.098,-0.002,-0.098,-4.21,-2.95,1273,-79,-2077,0,0,6412,0.0857,0.070,-0.002,-0.098,-4.14,-3.02,1296,-105,-3534,0,0,3861,0.0629,-0.077,0.083,-0.017,-5.89,-1.27,1382,2233,-2428,0,0,6827,0.1038,0.100,0.062,-0.038,-5.79,-1.37,1380,3083,-4290,0,0
12.360,485.7,-153.29,-23.75,-144.14,156.8,0.39,-1.22,0.00,1.00,0.00,1.00,4,5773,374.0,2.20,-0.19,-0.76,-23.39,664,813,3681,0.0381,-0.055,-0.002,-0.098,-5.43,-1.74,1280,-77,-2549,0,0,6561,0.0927,0.059,-0.002,-0.098,-5.35,-1.81,1299,-119,-4301,0,0,3500,0.0502,-0.106,0.094,-0.006,-6.80,-0.36,1406,2046,-2323,0,0,6883,0.1046,0.007,0.076,-0.024,-6.70,-0.46,1402,3309,-4521,0,0
12.480,490.9,-154.64,-23.74,-149.21,157.7,0.39,-1.29,0.00,1.00,0.00,1.00,4,5837,372.5,2.20,-0.07,-0.96,-20.70,651,823,3547,0.0346,-0.029,-0.002,-0.098,-6.05,-1.11,1287,-74,-2615,0,0,6433,0.0942,0.012,-0.002,-0.098,-5.97,-1.19,1304,-119,-4498,0,0,3507,0.0445,-0.048,0.100,0.000,-7.25,0.09,1421,2049,-2368,0,0,6541,0.1040,-0.005,0.084,-0.016,-7.16,0.00,1418,3248,-4379,0,0
12.600,496.2,-155.81,-23.74,-154.35,158.7,0.39,-1.16,0.29,1.00,0.00,1.00,4,5856,372.0,2.20,-0.07,-0.84,-10.19,664,833,4222,0.0358,0.010,-0.002,-0.098,1.75,-5.42,1308,-148,565,0,0,5959,0.0944,0.002,0.000,-0.100,3.67,-3.49,1317,3,2258,0,0,4295,0.0449,0.003,0.094,-0.006,-7.35,0.19,1425,2356,-2940,0,0,6310,0.1035,-0.004,0.085,-0.015,-7.30,0.14,1423,3128,-4275,0,0
12.720,501.5,-156.87,-23.75,-159.56,159.9,0.34,-0.77,0.00,1.00,0.00,1.00,4,5750,374.5,2.20,-0.23,-0.27,16.76,725,846,3760,0.0432,0.062,-0.003,-0.097,-4.40,-2.77,1326,-102,-2326,0,0,6188,0.0851,-0.078,-0.003,-0.097,-4.44,-2.72,1313,-157,-3707,0,0,4198,0.0577,0.107,0.052,-0.048,-3.46,-3.71,1399,2193,-2015,0,0,6244,0.0996,-0.033,0.060,-0.040,-3.49,-3.67,1396,3484,-2858,0,0
12.840,506.8,-157.80,-23.75,-164.83,161.2,0.35,-0.72,0.00,1.00,0.00,1.00,4,5730,375.0,2.20,-0.36,-0.07,10.16,757,862,4571,0.0459,0.022,-0.002,-0.098,-1.64,-5.52,1339,-104,-1218,0,0,5490,0.0844,-0.005,-0.002,-0.098,-1.65,-5.51,1330,-131,-1450,0,0,4822,0.0616,0.032,0.039,-0.061,-1.07,-6.09,1394,2421,-819,0,0,5621,0.1001,0.004,0.044,-0.056,-1.08,-6.08,1392,3052,-937,0,0
12.960,512.2,-158.70,-23.74,-170.16,162.7,0.35,-0.22,0.00,1.00,0.00,1.00,4,5782,373.8,2.20,-0.42,0.72,5.86,783,878,5076,0.0551,0.076,-0.001,-0.099,-0.30,-6.86,1349,-114,-266,0,0,5197,0.0733,-0.093,-0.002,-0.098,-0.30,-6.86,1344,-168,-266,0,0,5276,0.0728,0.093,0.040,-0.060,0.03,-7.14,1406,2742,4,0,0,5058,0.0904,-0.081,0.043,-0.057,0.03,-7.14,1406,2809,4,0,0
13.080,517.7,-159.58,-23.74,-175.54,164.1,0.34,-0.11,0.00,1.00,0.00,1.00,4,5826,372.7,2.20,-0.51,1.18,-2.37,804,894,5060,0.0614,0.053,-0.002,-0.098,0.28,-6.88,1358,-116,232,0,0,4929,0.0680,-0.044,-0.001,-0.099,0.28,-6.88,1360,-111,227,0,0,5342,0.0804,0.064,0.041,-0.059,0.15,-7.01,1416,2833,129,0,0,5241,0.0870,-0.028,0.040,-0.060,0.15,-7.01,1417,2719,127,0,0
13.200,523.2,-160.47,-23.73,-180.97,165.1,0.23,-0.01,0.00,0.00,0.00,1.00,4,5571,-71.5,1.18,-0.47,1.43,-1.25,803,904,5533,0.0653,0.033,-0.001,-0.099,0.07,-7.09,1367,-78,68,0,0,5360,0.0657,-0.020,-0.001,-0.099,0.07,-7.09,1368,-74,66,0,0,5038,0.0819,0.012,-0.003,-0.097,0.00,-7.16,1363,-177,5,0,0,4845,0.0814,-0.047,-0.004,-0.096,0.00,-7.16,1364,-206,5,0,0
13.320,528.7,-161.34,-23.72,-186.38,164.3,-0.20,-0.04,0.00,0.00,0.00,1.00,4,5526,-64.2,0.29,-0.22,1.48,-0.64,736,893,5514,0.0711,0.048,-0.001,-0.099,0.02,-7.14,1360,-74,23,0,0,5494,0.0703,0.039,-0.001,-0.099,0.02,-7.14,1361,-72,23,0,0,4539,0.0762,-0.047,-0.006,-0.094,-0.01,-7.15,1353,-404,-10,0,0,4512,0.0755,-0.049,-0.006,-0.094,-0.01,-7.15,1353,-420,-10,0,0
13.440,534.1,-162.21,-23.70,-191.77,163.4,-0.19,-0.05,0.00,0.00,0.00,1.00,4,5501,-64.0,0.21,-0.09,1.48,-0.36,700,884,5748,0.0750,0.032,-0.001,-0.099,0.02,-7.14,1354,-78,23,0,0,5692,0.0751,0.039,-0.001,-0.099,0.02,-7.14,1354,-76,22,0,0,4605,0.0707,-0.046,-0.006,-0.094,0.00,-7.16,1347,-416,3,0,0,4888,0.0707,-0.040,-0.006,-0.094,0.00,-7.16,1347,-443,3,0,0
13.560,539.6,-163.07,-23.69,-197.13,162.6,-0.19,-0.04,0.00,0.00,0.00,1.00,4,5472,-63.8,0.20,-0.04,1.51,-0.19,682,875,5446,0.0744,-0.004,-0.001,-0.099,0.05,-7.11,1347,-73,46,0,0,5407,0.0740,-0.009,-0.001,-0.099,0.05,-7.11,1347,-72,45,0,0,4553,0.0707,-0.001,-0.006,-0.094,0.04,-7.12,1340,-421,30,0,0,4507,0.0702,-0.004,-0.006,-0.094,0.04,-7.12,1340,-423,30,0,0
13.680,545.0,-163.91,-23.67,-202.47,161.8,-0.19,-0.03,0.00,0.00,1.00,1.00,4,5448,-63.7,0.20,-0.09,1.56,-0.11,678,866,5669,0.0764,0.017,-0.001,-0.099,0.08,-7.08,1341,-75,73,0,0,5560,0.0755,0.013,-0.001,-0.099,0.08,-7.08,1341,-73,72,0,0,4943,0.0711,0.003,-0.006,-0.094,0.08,-7.08,1334,-428,61,0,0,4858,0.0701,-0.001,-0.006,-0.094,0.08,-7.08,1334,-426,60,0,0
13.800,550.2,-164.73,-23.65,-207.67,155.0,-1.62,-0.04,0.00,0.00,1.00,1.00,4,4406,-56.5,0.20,0.68,1.57,-0.11,485,797,6983,0.0888,0.103,-0.184,0.084,0.12,-7.04,1061,-6250,66,858,1,6926,0.0876,0.101,-0.177,0.077,0.12,-7.04,1047,-6206,66,2860,0,3021,0.0532,-0.149,-0.162,0.062,0.10,-7.06,1080,-2876,29,1540,0,2973,0.0521,-0.150,-0.162,0.062,0.10,-7.06,1080,-2832,29,1540,0
13.920,555.3,-165.50,-23.63,-212.62,147.4,-1.78,-0.03,0.00,0.00,1.00,1.00,4,4092,-54.3,0.20,1.25,1.61,-0.11,334,726,7406,0.1049,0.135,-0.170,0.070,0.15,-7.02,1005,-6582,88,2860,0,7323,0.1039,0.135,-0.176,0.076,0.15,-7.02,998,-6518,87,2860,0,3245,0.0398,-0.112,-0.182,0.082,0.13,-7.03,1017,-3087,38,462,1,3186,0.0388,-0.111,-0.182,0.082,0.13,-7.03,1017,-3034,37,462,1
14.040,560.0,-166.24,-23.62,-217.34,140.1,-1.73,-0.03,0.00,0.00,1.00,1.00,4,3884,-52.8,0.20,1.52,1.63,-0.06,268,658,6957,0.1066,0.014,-0.171,0.071,0.19,-6.97,952,-6230,107,2860,0,7258,0.1054,0.013,-0.166,0.066,0.19,-6.98,959,-6466,126,2860,0,3045,0.0345,-0.044,-0.184,0.084,0.18,-6.98,965,-2906,48,462,1,2965,0.0331,-0.047,-0.184,0.084,0.18,-6.98,965,-2832,47,462,1
14.160,564.5,-166.93,-23.61,-221.81,132.6,-1.77,-0.02,0.00,0.00,1.00,1.00,4,3693,-51.4,0.20,1.48,1.68,-0.03,240,589,7194,0.1100,0.029,-0.185,0.085,0.23,-6.93,910,-6416,136,858,1,7064,0.1083,0.024,-0.175,0.075,0.23,-6.93,898,-6313,133,2860,0,3481,0.0355,0.009,-0.180,0.080,0.23,-6.93,907,-3298,70,1540,0,3380,0.0338,0.006,-0.180,0.080,0.23,-6.93,920,-3208,69,462,1
14.280,568.8,-167.57,-23.59,-226.04,125.3,-1.73,-0.02,0.00,0.00,1.00,0.97,4,3459,-49.8,0.20,1.55,1.70,0.01,211,526,6859,0.1073,-0.023,-0.186,0.086,0.28,-6.89,858,-6151,154,858,1,6739,0.1054,-0.024,-0.180,0.080,0.28,-6.89,864,-6055,152,858,1,2987,0.0361,0.004,-0.188,0.088,0.27,-6.89,860,-2852,71,462,1,2878,0.0341,0.003,-0.187,0.087,0.27,-6.89,859,-2753,68,462,1
14.400,572.9,-168.18,-23.59,-230.03,118.4,-1.63,-0.01,0.00,0.00,0.00,0.49,4,3566,-50.2,0.20,1.49,1.76,0.34,199,469,7017,0.1093,0.016,0.010,-0.090,0.30,-6.87,986,1532,325,0,0,6787,0.1070,0.014,0.014,-0.086,0.30,-6.87,989,1586,315,0,0,3783,0.0353,-0.006,-0.059,-0.041,0.33,-6.83,929,-2976,181,0,0,3598,0.0331,-0.008,-0.060,-0.040,0.33,-6.83,927,-2842,165,0,0
14.520,576.8,-168.78,-23.58,-233.92,117.7,-0.17,0.03,0.00,0.00,0.00,0.01,4,3929,-52.9,0.20,0.65,1.84,0.03,288,459,5083,0.0922,-0.142,-0.001,-0.099,0.30,-6.87,976,-67,240,0,0,4807,0.0878,-0.161,-0.001,-0.099,0.30,-6.87,976,-64,228,0,0,5192,0.0593,0.199,-0.002,-0.098,0.31,-6.85,976,-153,260,0,0,4963,0.0546,0.179,-0.001,-0.099,0.31,-6.85,975,-141,250,0,0
14.640,580.7,-169.37,-23.58,-237.77,116.0,-0.40,0.02,0.00,0.00,0.00,1.00,3,5086,-61.0,0.20,0.34,1.88,-0.01,319,445,5915,0.0831,-0.076,-0.001,-0.099,0.27,-6.89,961,-42,255,0,0,5695,0.0791,-0.072,-0.001,-0.099,0.27,-6.89,961,-62,244,0,0,4564,0.0668,0.063,-0.010,-0.090,0.27,-6.89,953,-938,200,0,0,4339,0.0615,0.057,-0.010,-0.090,0.27,-6.89,953,-916,191,0,0
14.760,584.5,-169.96,-23.58,-241.58,115.6,-0.07,0.01,0.00,1.00,0.00,1.00,3,5189,162.3,0.86,0.06,1.89,-0.10,343,442,5502,0.0801,-0.024,-0.001,-0.099,0.25,-6.92,958,-93,217,0,0,5297,0.0757,-0.028,-0.001,-0.099,0.25,-6.92,958,-90,209,0,0,5126,0.0734,0.055,0.013,-0.087,0.24,-6.92,972,939,201,0,0,4951,0.0690,0.062,0.013,-0.087,0.24,-6.92,972,914,195,0,0
14.880,588.4,-170.56,-23.58,-245.40,116.2,0.14,0.01,0.00,0.00,0.00,1.00,3,5160,45.5,1.32,-0.05,1.88,-0.15,365,447,5042,0.0711,-0.075,-0.001,-0.099,0.23,-6.93,962,-79,187,0,0,4883,0.0672,-0.071,-0.001,-0.099,0.23,-6.93,963,-77,182,0,0,4565,0.0786,0.044,0.004,-0.096,0.22,-6.95,966,516,163,0,0,4431,0.0747,0.048,0.002,-0.098,0.22,-6.95,967,580,160,0,0
15.000,592.3,-171.15,-23.58,-249.22,115.6,-0.15,0.00,0.00,0.00,0.00,1.00,3,5081,-61.0,0.31,0.00,1.91,-0.12,362,442,5738,0.0741,0.025,-0.001,-0.099,0.20,-6.96,957,-74,188,0,0,5494,0.0709,0.031,-0.001,-0.099,0.20,-6.96,958,-70,181,0,0,4704,0.0742,-0.037,-0.007,-0.093,0.20,-6.97,951,-517,150,0,0,4808,0.0709,-0.032,-0.007,-0.093,0.19,-6.97,951,-529,154,0,0
15.120,596.1,-171.76,-23.58,-253.01,114.7,-0.21,0.44,0.37,0.00,0.00,1.00,3,5044,-60.8,0.21,0.05,2.55,21.92,346,435,6252,0.0838,0.080,0.000,-0.100,10.08,2.92,944,-15,5174,0,0,3837,0.0640,-0.058,0.006,-0.094,12.45,5.29,925,94,3399,0,0,5709,0.0827,0.071,-0.011,-0.089,1.08,-6.08,948,-904,876,0,0,3679,0.0632,-0.064,-0.001,-0.099,1.10,-6.06,940,-88,594,0,0
15.240,599.9,-172.46,-23.59,-256.73,112.9,-0.35,1.01,0.76,0.00,0.00,1.00,3,4961,-60.2,0.20,0.25,3.71,44.09,310,422,7806,0.0998,0.134,0.010,-0.090,23.87,16.71,879,153,6453,0,0,4168,0.0508,-0.110,0.038,-0.062,29.03,21.87,832,249,3608,0,0,5737,0.0914,0.073,-0.018,-0.082,4.27,-2.90,935,-1028,3189,0,0,2613,0.0408,-0.186,0.005,-0.095,4.42,-2.74,922,137,1577,0,0
15.360,603.6,-173.30,-23.59,-260.35,110.4,-0.45,1.24,0.00,0.00,0.00,1.00,3,4821,-59.2,0.20,0.13,4.44,45.13,272,404,7808,0.1161,0.135,0.005,-0.095,3.70,-3.46,931,580,4072,0,0,4125,0.0470,-0.032,0.000,-0.100,3.85,-3.32,896,-738,2401,0,0,6145,0.1001,0.072,-0.022,-0.078,7.34,0.17,908,-917,4656,0,0,3039,0.0310,-0.082,0.005,-0.095,7.62,0.46,897,108,2476,0,0
15.480,607.3,-174.28,-23.59,-263.87,109.2,-0.10,1.21,0.00,0.00,0.00,1.00,3,4729,-58.6,0.20,0.01,4.45,30.92,259,395,6720,0.1100,-0.051,-0.001,-0.099,6.08,-1.08,909,-56,4698,0,0,3631,0.0414,-0.047,-0.001,-0.099,6.25,-0.91,884,-34,2705,0,0,6199,0.1022,0.018,-0.023,-0.077,8.60,1.44,889,-825,4968,0,0,3199,0.0326,0.014,-0.004,-0.096,8.83,1.67,882,-70,2731,0,0
15.600,610.9,-175.42,-23.59,-267.30,107.8,-0.12,1.31,0.18,0.00,0.00,1.00,3,4660,-58.1,0.20,-0.06,4.62,26.67,258,385,7510,0.1114,0.012,0.003,-0.097,12.91,5.75,881,80,6272,0,0,3793,0.0394,-0.017,0.010,-0.090,14.46,7.30,861,133,3386,0,0,6207,0.1010,-0.010,-0.023,-0.077,8.87,1.70,876,-803,5017,0,0,2886,0.0278,-0.040,-0.006,-0.094,9.08,1.91,869,-110,2492,0,0
15.720,614.4,-176.73,-23.58,-270.61,106.1,-0.18,1.43,0.00,0.00,0.00,1.00,3,4589,-57.6,0.20,-0.20,4.77,22.46,244,373,7314,0.1157,0.035,-0.001,-0.099,6.73,-0.43,879,-77,5336,0,0,3947,0.0387,-0.005,-0.001,-0.099,6.87,-0.29,861,-41,3069,0,0,6562,0.1045,0.029,-0.020,-0.080,8.63,1.47,862,-783,5248,0,0,3035,0.0276,-0.002,-0.007,-0.093,8.81,1.64,856,-130,2598,0,0
15.840,618.0,-178.18,-23.57,-273.80,104.7,-0.13,1.28,0.00,0.00,0.00,1.00,3,4530,-57.1,0.20,-0.06,4.63,15.50,238,363,6913,0.1082,-0.062,-0.002,-0.098,6.33,-0.83,866,-85,4957,0,0,3682,0.0365,-0.018,-0.001,-0.099,6.42,-0.74,854,-41,2801,0,0,5171,0.0997,-0.040,-0.019,-0.081,7.66,0.49,850,-659,4090,0,0,2448,0.0280,0.004,-0.011,-0.089,7.76,0.60,846,-137,2038,0,0
15.960,621.4,-179.78,-23.56,-276.88,103.5,-0.14,1.21,0.00,0.00,0.00,1.00,3,4502,-56.9,0.20,-0.21,4.64,12.53,252,354,7269,0.1111,0.024,-0.001,-0.099,5.38,-1.78,857,-87,4768,0,0,4018,0.0396,0.025,-0.001,-0.099,5.44,-1.72,847,-49,2798,0,0,6127,0.1009,0.009,-0.016,-0.084,6.49,-0.67,845,-721,4489,0,0,3570,0.0287,0.006,-0.009,-0.091,6.56,-0.60,841,-249,2749,0,0
16.080,624.8,-181.50,-23.55,-279.84,102.4,-0.14,1.13,0.00,1.00,0.00,1.00,3,4563,97.7,0.39,-0.31,4.42,6.36,250,347,6445,0.1095,-0.013,-0.001,-0.099,4.14,-3.02,848,-92,3629,0,0,4312,0.0436,0.034,-0.001,-0.099,4.15,-3.01,843,-67,2524,0,0,5940,0.1017,0.007,0.006,-0.094,4.70,-2.46,855,255,3687,0,0,3570,0.0357,0.058,0.012,-0.088,4.73,-2.43,855,360,2307,0,0
16.200,628.3,-183.32,-23.53,-282.72,102.5,0.07,0.86,0.18,0.00,0.00,1.00,3,4570,42.2,1.17,-0.20,4.06,6.02,266,347,6231,0.0963,-0.110,-0.003,-0.097,6.07,-1.09,845,-135,4439,0,0,4339,0.0428,-0.006,-0.002,-0.098,6.86,-0.30,839,-66,3363,0,0,5356,0.0963,-0.045,0.006,-0.094,3.08,-4.09,855,515,2437,0,0,3344,0.0417,0.051,0.011,-0.089,3.09,-4.07,855,545,1572,0,0
16.320,631.7,-185.25,-23.52,-285.52,101.2,-0.23,1.01,0.00,0.00,0.00,1.00,3,4444,-56.5,0.30,-0.30,4.25,21.55,263,339,7009,0.1050,0.072,-0.002,-0.098,1.55,-5.61,845,-94,1766,0,0,4444,0.0447,0.015,0.000,-0.100,1.58,-5.58,830,64,1235,0,0,5976,0.1001,0.032,-0.013,-0.087,3.48,-3.68,836,-859,2889,0,0,3787,0.0398,-0.016,-0.002,-0.098,3.55,-3.61,828,-76,1936,0,0
16.440,635.0,-187.24,-23.50,-288.22,100.4,-0.16,0.62,0.00,0.00,0.00,1.00,3,4404,-56.3,0.21,-0.35,3.76,8.95,258,333,5503,0.0971,-0.066,0.000,-0.100,2.30,-4.87,835,-42,1899,0,0,3973,0.0519,0.060,-0.001,-0.099,2.32,-4.85,827,-64,1416,0,0,5476,0.0959,-0.035,-0.010,-0.090,3.10,-4.06,826,-665,2492,0,0,4107,0.0494,0.080,-0.006,-0.094,3.13,-4.03,823,-285,1929,0,0
16.560,638.3,-189.29,-23.49,-290.85,99.6,-0.16,0.53,0.00,0.00,0.00,1.00,3,4371,-56.0,0.20,-0.10,3.48,3.91,250,328,6328,0.0914,-0.047,-0.001,-0.099,1.83,-5.33,826,-86,1784,0,0,5021,0.0552,0.027,-0.001,-0.099,1.84,-5.32,823,-68,1452,0,0,4829,0.0871,-0.073,-0.009,-0.091,2.20,-4.96,819,-582,1647,0,0,3673,0.0493,-0.001,-0.008,-0.092,2.21,-4.96,818,-372,1281,0,0
16.680,641.7,-191.37,-23.48,-293.42,98.9,-0.16,0.46,0.21,0.00,0.00,1.00,3,4348,-55.8,0.20,-0.20,3.31,5.82,254,323,6413,0.0911,-0.003,0.000,-0.100,6.35,-0.81,816,-24,4253,0,0,4830,0.0603,0.042,0.002,-0.098,7.55,0.38,812,59,3579,0,0,5547,0.0865,-0.005,-0.008,-0.092,1.49,-5.68,815,-623,1295,0,0,4215,0.0556,0.053,-0.006,-0.094,1.49,-5.67,813,-343,1010,0,0
16.800,644.9,-193.50,-23.46,-295.89,97.5,-0.28,0.95,0.52,0.00,0.00,1.00,3,4287,-55.4,0.20,-0.19,3.96,31.40,243,314,6413,0.0972,0.051,0.006,-0.094,17.81,10.65,784,97,5500,0,0,3407,0.0490,-0.094,0.023,-0.077,21.75,14.59,754,169,3042,0,0,5915,0.0962,0.081,-0.014,-0.086,2.97,-4.19,808,-970,2457,0,0,3313,0.0468,-0.073,0.002,-0.098,3.06,-4.10,797,95,1478,0,0
16.920,648.1,-195.70,-23.45,-298.25,96.2,-0.24,0.86,0.00,0.00,0.00,1.00,3,4207,-54.9,0.20,-0.01,4.21,30.12,221,306,6707,0.1023,0.042,-0.001,-0.099,2.28,-4.88,807,-67,2114,0,0,4674,0.0491,0.000,-0.001,-0.099,2.35,-4.81,783,-75,1564,0,0,5103,0.0916,-0.038,-0.019,-0.081,5.11,-2.06,792,-886,3287,0,0,3322,0.0365,-0.086,-0.001,-0.099,5.26,-1.90,783,-11,2262,0,0
17.040,651.3,-197.95,-23.45,-300.50,95.2,-0.14,0.87,0.00,0.00,0.00,1.00,3,4170,-54.6,0.20,-0.27,4.20,14.93,226,300,6851,0.1031,0.007,-0.001,-0.099,3.25,-3.91,793,-73,3133,0,0,4308,0.0500,0.008,-0.001,-0.099,3.30,-3.87,781,-59,2080,0,0,5979,0.0969,0.044,-0.013,-0.087,4.68,-2.49,783,-758,3663,0,0,3832,0.0438,0.061,-0.005,-0.095,4.75,-2.42,778,-183,2465,0,0
17.160,654.5,-200.28,-23.44,-302.63,94.2,-0.18,0.96,0.38,0.00,0.00,1.00,3,4127,-54.3,0.20,-0.16,4.34,14.21,223,293,6172,0.0968,-0.052,-0.003,-0.097,11.17,4.01,767,-84,5239,0,0,3334,0.0411,-0.074,0.000,-0.100,13.18,6.02,753,10,3000,0,0,5901,0.1004,0.030,-0.011,-0.089,3.61,-3.55,775,-721,3002,0,0,3369,0.0434,-0.003,-0.004,-0.096,3.66,-3.50,770,-151,1809,0,0
17.280,657.6,-202.66,-23.43,-304.62,92.4,-0.34,1.09,0.73,0.00,0.00,1.00,3,4054,-53.8,0.20,0.17,4.72,30.90,203,282,7511,0.1062,0.078,0.008,-0.092,24.50,17.34,712,98,6235,0,0,4275,0.0439,0.023,0.032,-0.068,29.66,22.50,674,206,3695,0,0,5365,0.0925,-0.067,-0.017,-0.083,4.51,-2.66,764,-873,3162,0,0,3076,0.0271,-0.136,0.003,-0.097,4.64,-2.52,754,80,1931,0,0
17.400,660.6,-205.07,-23.43,-306.45,89.8,-0.50,1.17,0.95,0.00,0.00,1.00,3,3937,-52.9,0.20,0.03,4.98,33.44,183,267,7724,0.1164,0.085,0.001,-0.099,34.71,27.55,622,34,6244,0,0,4387,0.0465,0.021,0.032,-0.068,41.98,34.82,559,167,3702,0,0,5911,0.0988,0.053,-0.017,-0.083,5.71,-1.45,742,-858,4025,0,0,3102,0.0290,0.016,0.004,-0.096,5.92,-1.24,732,112,2266,0,0
17.520,663.5,-207.49,-23.43,-308.11,87.2,-0.50,1.05,0.95,0.00,0.00,1.00,3,3804,-52.0,0.20,0.55,4.82,24.65,158,252,6538,0.1034,-0.108,-0.004,-0.096,36.02,28.85,587,-27,5379,0,0,3748,0.0377,-0.074,0.001,-0.099,43.33,36.17,517,8,3193,0,0,5521,0.0963,-0.021,-0.016,-0.084,5.98,-1.18,716,-735,3908,0,0,3118,0.0303,0.012,0.000,-0.100,6.14,-1.02,709,5,2339,0,0
17.640,666.4,-209.90,-23.45,-309.60,83.3,-0.80,0.93,0.96,0.00,0.61,0.88,3,3309,-48.8,0.20,0.97,4.74,23.87,140,230,7717,0.1107,0.061,-0.193,0.093,36.73,29.57,453,-1582,5946,422,1,5289,0.0529,0.127,-0.224,0.124,44.11,36.95,377,-1020,4223,422,1,4571,0.0779,-0.153,-0.111,0.011,6.58,-0.58,629,-2774,2875,757,0,2341,0.0148,-0.129,-0.097,-0.003,6.76,-0.40,626,-1274,1633,757,0
17.760,669.0,-212.22,-23.47,-310.91,77.4,-1.30,0.79,0.97,0.00,1.00,0.40,3,2777,-44.6,0.20,1.06,4.54,20.68,106,200,7886,0.1212,0.088,-0.332,0.232,37.87,30.70,341,-2449,5636,858,1,6013,0.0686,0.131,-0.552,0.452,45.32,38.16,198,-2304,4037,858,1,4574,0.0741,-0.032,-0.183,0.083,7.28,0.12,529,-3485,2269,462,1,2986,0.0215,0.056,-0.166,0.066,7.47,0.31,511,-2283,1590,1540,0
17.880,671.5,-214.40,-23.49,-312.07,71.8,-1.26,0.56,0.97,0.00,1.00,0.30,2,2646,-43.7,0.20,1.73,3.93,9.39,80,172,6892,0.1104,-0.090,-0.436,0.336,39.19,32.02,260,-2579,4689,858,1,5516,0.0674,-0.010,-0.780,0.680,46.65,39.48,88,-2522,3243,858,1,4095,0.0643,-0.082,-0.185,0.085,7.06,-0.10,482,-3157,2032,462,1,3159,0.0280,0.054,-0.185,0.085,7.15,-0.01,476,-2460,1606,462,1
18.000,673.8,-216.44,-23.53,-313.10,66.3,-1.26,0.41,0.98,0.00,1.00,1.00,2,2826,-45.1,0.20,2.25,3.47,9.36,68,147,7118,0.1090,-0.012,-0.423,0.323,39.35,32.18,246,-2585,4878,858,1,6456,0.0807,0.110,-0.649,0.549,46.86,39.70,131,-2672,4045,858,1,3620,0.0498,-0.121,-0.333,0.233,7.11,-0.05,366,-2987,1137,462,1,2692,0.0196,-0.070,-0.335,0.235,7.20,0.04,360,-2250,868,462,1
18.120,675.9,-218.33,-23.58,-314.00,60.5,-1.31,0.64,0.99,0.00,0.36,1.00,2,3258,-48.5,0.20,2.13,3.79,10.89,59,122,8020,0.1175,0.071,-0.203,0.103,38.58,31.42,314,-1621,6125,528,1,5691,0.0844,0.031,-0.339,0.239,46.14,38.98,227,-1536,4301,528,1,4788,0.0582,0.070,-0.170,0.070,6.60,-0.56,437,-3513,2534,948,0,2637,0.0199,0.003,-0.169,0.069,6.72,-0.45,434,-1960,1491,948,0
18.240,677.8,-220.10,-23.61,-314.74,56.0,-0.96,0.96,0.99,0.43,0.00,1.00,2,3693,82.6,0.39,1.75,4.54,11.01,55,104,7900,0.1259,0.070,-0.004,-0.096,36.42,29.26,376,-46,6344,0,0,4528,0.0732,-0.093,-0.018,-0.082,43.99,36.83,325,-158,3800,0,0,5840,0.0748,0.138,0.015,-0.085,4.39,-2.77,475,783,3547,0,0,3035,0.0221,0.019,0.034,-0.066,4.48,-2.69,475,925,1913,0,0
18.360,679.7,-221.85,-23.64,-315.33,54.7,-0.26,0.94,0.99,1.00,0.00,1.00,2,3642,189.2,1.11,1.09,4.78,17.19,66,99,6824,0.1181,-0.065,-0.014,-0.086,33.84,26.68,377,-128,5605,0,0,3483,0.0569,-0.136,-0.019,-0.081,41.39,34.23,329,-63,2985,0,0,5931,0.0932,0.154,0.019,-0.081,2.80,-4.36,470,1621,2448,0,0,3898,0.0342,0.100,0.047,-0.053,2.88,-4.28,468,2146,1611,0,0
18.480,681.5,-223.60,-23.66,-315.81,54.6,0.00,0.78,0.99,1.00,0.00,1.00,2,3748,303.8,1.70,0.86,4.46,26.48,75,98,6183,0.1020,-0.134,-0.016,-0.084,32.35,25.19,385,-132,5146,0,0,4091,0.0482,-0.073,-0.018,-0.082,39.81,32.65,333,-79,3481,0,0,5841,0.0972,0.033,0.044,-0.056,2.74,-4.42,483,3189,2155,0,0,4185,0.0476,0.112,0.092,-0.008,2.87,-4.29,482,3350,1390,0,0
18.600,683.3,-225.38,-23.68,-316.18,55.0,0.15,0.76,0.99,0.00,0.00,1.00,2,4357,189.3,1.73,0.76,4.33,42.44,80,100,6201,0.0962,-0.048,-0.015,-0.085,31.83,24.66,396,-139,5166,0,0,4237,0.0476,-0.005,-0.014,-0.086,39.20,32.04,336,-68,3601,0,0,5622,0.0971,0.000,0.184,0.084,4.69,-2.47,555,4707,1933,0,0,3966,0.0485,0.007,0.280,0.180,5.04,-2.12,558,3444,1040,0,0
18.720,685.1,-227.20,-23.71,-316.45,55.1,0.08,0.80,0.00,0.00,0.00,0.85,2,3526,-49.8,0.44,0.49,4.41,29.43,81,100,6294,0.0969,0.006,0.002,-0.098,0.50,-6.66,468,73,71,0,0,4638,0.0468,-0.006,-0.007,-0.093,0.53,-6.63,441,-164,98,0,0,5489,0.1000,0.024,0.000,-0.100,5.29,-1.87,451,-880,3679,0,0,4080,0.0499,0.012,0.045,-0.055,5.57,-1.59,444,854,2875,0,0
18.840,686.9,-229.01,-23.73,-316.62,53.0,-0.48,0.51,0.10,0.00,1.00,0.37,2,3033,-46.6,0.22,0.57,4.09,4.34,71,93,7054,0.0967,-0.002,-0.199,0.099,5.05,-2.11,363,-5972,1878,858,1,5960,0.0602,0.112,-0.210,0.110,5.79,-1.37,352,-5105,1694,858,1,4689,0.0928,-0.060,-0.110,0.010,2.48,-4.68,381,-3836,1434,1540,0,3595,0.0518,0.016,-0.109,0.009,2.50,-4.66,376,-2974,1137,1540,0
18.960,688.6,-230.63,-23.74,-316.71,46.3,-1.56,0.54,0.51,0.00,1.00,0.14,1,2533,-43.0,0.20,1.20,3.98,17.87,41,71,8024,0.1133,0.138,-0.166,0.066,13.27,6.11,300,-4440,5089,2860,0,6296,0.0807,0.171,-0.213,0.113,16.38,9.22,286,-3281,4272,858,1,4031,0.0710,-0.182,-0.187,0.087,2.52,-4.64,318,-3689,781,462,1,2768,0.0364,-0.129,-0.182,0.082,2.60,-4.56,309,-2580,565,462,1
19.080,690.0,-232.06,-23.74,-316.73,40.3,-1.39,0.61,0.80,0.00,1.00,0.74,1,2816,-44.8,0.20,1.32,4.10,37.53,27,54,7701,0.1213,0.067,-0.209,0.109,24.83,17.67,250,-2858,5587,858,1,5064,0.0832,0.021,-0.312,0.212,30.73,23.57,186,-1902,3776,858,1,4178,0.0646,-0.053,-0.351,0.251,5.47,-1.69,205,-3478,793,462,1,2920,0.0283,-0.068,-0.293,0.193,5.97,-1.19,201,-2501,676,462,1
19.200,691.2,-233.28,-23.75,-316.69,34.6,-1.28,0.66,1.00,0.00,0.28,1.00,1,3185,-47.5,0.20,1.45,4.15,42.63,20,40,7523,0.1162,-0.043,-0.200,0.100,31.65,24.49,209,-1827,5784,340,1,5410,0.0782,-0.042,-0.180,0.080,38.94,31.78,172,-1171,4309,340,1,4586,0.0632,-0.012,-0.177,0.077,7.96,0.80,245,-3466,2288,610,0,2758,0.0263,-0.017,-0.182,0.082,8.93,1.77,222,-1882,1739,183,1
19.320,692.3,-234.34,-23.75,-316.55,30.5,-0.91,1.03,1.00,0.10,0.00,1.00,1,3428,-15.2,0.22,1.48,4.81,34.91,15,31,7886,0.1227,0.054,-0.029,-0.071,29.34,22.17,226,-142,6409,0,0,4439,0.0682,-0.083,0.007,-0.093,36.39,29.23,194,108,3770,0,0,5742,0.0771,0.116,-0.022,-0.078,4.94,-2.22,260,-893,3928,0,0,2719,0.0217,-0.038,0.026,-0.074,5.51,-1.65,246,-71,2090,0,0
19.440,693.3,-235.28,-23.76,-316.28,29.1,-0.33,0.95,1.00,0.78,0.00,1.00,1,3571,132.6,0.63,1.01,5.05,37.49,19,28,6893,0.1176,-0.042,-0.010,-0.090,25.88,18.72,230,-111,5742,0,0,4337,0.0573,-0.090,-0.013,-0.087,32.43,25.26,191,-75,3715,0,0,5652,0.0870,0.082,0.039,-0.061,2.66,-4.50,266,1261,2404,0,0,3503,0.0267,0.042,0.153,0.053,3.01,-4.15,262,2942,1244,0,0
19.560,694.2,-236.18,-23.76,-315.92,28.7,-0.11,0.80,1.00,0.82,0.00,1.00,1,3477,127.5,0.95,0.35,4.82,44.17,22,27,6641,0.1073,-0.086,-0.009,-0.091,23.47,16.31,235,-107,5589,0,0,4478,0.0538,-0.029,-0.010,-0.090,29.43,22.27,194,-66,3851,0,0,5793,0.0950,0.066,0.023,-0.077,2.19,-4.97,260,817,2003,0,0,3960,0.0415,0.123,0.150,0.050,2.54,-4.62,253,3380,1165,0,0
19.680,695.2,-237.01,-23.76,-315.47,28.4,-0.11,0.79,1.00,0.09,0.00,1.00,1,3263,-47.8,0.65,-0.11,4.71,51.90,22,27,6750,0.1032,-0.034,-0.005,-0.095,21.71,14.55,241,-91,5696,0,0,4457,0.0526,-0.010,-0.006,-0.094,27.04,19.88,196,-60,3855,0,0,5799,0.0987,0.031,0.065,-0.035,2.65,-4.51,229,-403,2315,0,0,3854,0.0482,0.056,0.192,0.092,3.16,-4.00,210,3122,1398,0,0
19.800,696.1,-237.75,-23.75,-314.94,27.2,-0.30,0.60,0.00,1.00,0.00,1.00,1,3337,164.3,0.68,-0.33,4.42,39.72,19,24,5666,0.1037,0.004,-0.010,-0.090,-10.05,2.89,237,81,-4585,0,0,5601,0.0566,0.033,0.016,-0.084,-11.55,4.39,212,-15,-4452,0,0,4813,0.0948,-0.033,-0.047,-0.053,2.59,-4.57,256,337,1867,0,0,4724,0.0477,-0.004,0.035,-0.065,2.99,-4.17,249,3745,1659,0,0
19.920,697.0,-238.52,-23.74,-314.40,29.0,0.44,-0.35,0.22,1.00,0.00,1.00,1,3545,218.5,1.27,-0.77,2.74,1.06,24,28,4627,0.0718,-0.266,-0.002,-0.098,4.71,-2.45,240,-99,1661,0,0,5347,0.0730,0.136,-0.001,-0.099,5.95,-1.21,239,-63,2352,0,0,5207,0.0812,-0.113,0.166,0.066,-0.56,-6.60,230,3384,-230,0,0,5818,0.0824,0.289,0.166,0.066,-0.57,-6.60,229,3614,-247,0,0
20.040,698.0,-239.31,-23.73,-313.79,30.5,0.36,0.56,0.00,1.00,0.00,1.00,1,4185,325.5,1.80,-1.14,3.64,34.91,28,31,6868,0.0791,0.062,-0.006,-0.094,8.63,1.47,265,-206,5505,0,0,4043,0.0587,-0.119,-0.007,-0.093,11.43,4.27,236,-105,3558,0,0,6649,0.0991,0.150,0.155,0.055,1.78,-5.39,252,5077,1128,0,0,4185,0.0750,-0.062,0.300,0.200,1.97,-5.19,257,3882,477,0,0
20.160,699.1,-240.15,-23.71,-313.11,33.6,0.73,-0.11,0.00,1.00,0.00,1.00,1,4853,372.4,2.09,-1.72,3.07,8.18,35,38,4291,0.0692,-0.083,-0.002,-0.098,-0.04,-7.13,283,-118,-784,0,0,5197,0.0617,0.025,-0.003,-0.097,-0.04,-7.12,276,-183,-1010,0,0,5277,0.0958,-0.028,0.180,0.080,2.31,-4.85,354,4704,1117,0,0,5935,0.0855,0.087,0.209,0.109,2.37,-4.79,352,5224,1115,0,0
20.280,700.3,-241.07,-23.69,-312.36,36.8,0.75,0.02,0.00,1.00,0.00,1.00,1,6065,359.8,2.17,-2.24,2.91,3.89,48,45,2327,0.0589,-0.086,-0.012,-0.088,0.48,-6.68,303,-33,203,0,0,4542,0.0588,-0.024,-0.002,-0.098,0.49,-6.67,304,-133,392,0,0,5930,0.0983,0.021,0.299,0.199,1.47,-5.70,419,4920,337,0,0,6061,0.0930,0.063,0.312,0.212,1.48,-5.68,418,4980,333,0,0
20.400,701.6,-242.05,-23.68,-311.54,39.9,0.73,0.05,0.18,0.00,0.00,1.00,1,6719,172.2,1.87,-1.44,3.09,8.27,56,53,4465,0.0471,-0.098,-0.002,-0.098,2.34,-4.82,330,-140,1495,0,0,4031,0.0440,-0.123,-0.001,-0.099,2.80,-4.36,325,-103,1565,0,0,5854,0.1008,0.021,0.334,0.234,1.99,-5.17,465,4735,375,0,0,5124,0.0921,-0.008,0.366,0.266,2.02,-5.14,465,4140,316,0,0
20.520,703.0,-243.07,-23.66,-310.62,42.0,0.52,0.69,0.51,0.19,0.00,1.00,1,4853,7.9,0.48,0.00,4.11,32.99,45,58,6717,0.0682,0.176,-0.001,-0.099,13.46,6.30,349,-50,5654,0,0,3449,0.0397,-0.036,0.007,-0.093,17.02,9.86,321,49,3104,0,0,4188,0.0974,-0.028,0.035,-0.065,2.87,-4.29,331,370,1801,0,0,1341,0.0689,-0.193,0.108,0.008,3.09,-4.07,329,945,557,0,0
20.640,704.3,-244.03,-23.67,-309.63,41.9,-0.02,0.51,0.00,1.00,0.00,1.00,1,5163,213.5,1.27,0.47,4.55,20.55,49,58,5752,0.0878,0.163,-0.002,-0.098,-0.95,-6.21,354,-74,-1614,0,0,5273,0.0466,0.057,0.000,-0.100,-1.00,-6.17,339,-189,-1520,0,0,4752,0.0860,-0.095,0.074,-0.026,3.48,-3.68,410,2200,2330,0,0,4333,0.0448,-0.200,0.123,0.023,3.65,-3.51,407,3192,1910,0,0
20.760,705.8,-245.01,-23.69,-308.56,44.5,0.62,0.35,0.27,0.97,0.00,1.00,1,5673,312.1,1.88,0.07,4.09,13.80,61,66,5711,0.0794,-0.069,-0.003,-0.097,8.04,0.88,370,-140,4204,0,0,4087,0.0526,0.050,-0.001,-0.099,10.09,2.93,358,-54,3350,0,0,6363,0.0934,0.062,0.115,0.015,1.41,-5.75,420,4785,1211,0,0,4995,0.0666,0.182,0.152,0.052,1.45,-5.71,421,4297,872,0,0
20.880,707.3,-245.99,-23.70,-307.37,47.4,0.71,0.36,0.00,1.00,0.00,1.00,1,6391,337.4,2.10,-0.34,4.04,16.17,69,75,4687,0.0758,-0.030,-0.002,-0.098,-0.55,-6.61,399,-117,-780,0,0,4827,0.0493,-0.028,-0.001,-0.099,-0.57,-6.59,386,-162,-817,0,0,5641,0.1015,0.067,0.062,-0.038,2.55,-4.61,444,4860,1415,0,0,5526,0.0750,0.070,0.097,-0.003,2.64,-4.53,444,4904,1181,0,0
21.000,709.0,-247.02,-23.71,-306.09,50.9,0.82,0.09,0.17,0.00,0.00,1.00,1,6953,284.1,2.08,-0.63,3.61,6.65,84,86,5023,0.0660,-0.082,-0.002,-0.098,3.45,-3.71,423,-139,1591,0,0,4569,0.0552,0.049,-0.002,-0.098,4.09,-3.07,418,-104,1653,0,0,5939,0.1000,-0.013,0.206,0.106,1.80,-5.36,512,5323,815,0,0,5444,0.0860,0.092,0.224,0.124,1.82,-5.34,513,4904,708,0,0
21.120,710.7,-248.05,-23.72,-304.69,52.4,0.38,0.70,0.00,1.00,0.00,1.00,1,5999,63.9,0.79,-0.51,4.17,24.30,90,92,5368,0.0720,0.049,0.004,-0.096,-2.04,-5.12,445,-229,2965,0,0,3063,0.0372,-0.150,-0.005,-0.095,-2.13,-5.03,423,-346,2139,0,0,5687,0.1015,0.012,0.019,-0.081,2.00,-5.17,416,-1325,1697,0,0,4038,0.0745,-0.097,0.058,-0.042,2.08,-5.09,409,747,1286,0,0
21.240,712.5,-249.05,-23.73,-303.25,53.4,0.22,0.23,0.23,1.00,0.00,1.00,1,6575,262.8,1.71,0.52,3.91,11.35,77,94,5637,0.0742,0.019,-0.002,-0.098,5.35,-1.81,442,-104,2994,0,0,4537,0.0469,0.081,0.000,-0.100,6.61,-0.55,433,-39,2833,0,0,5491,0.0913,-0.085,-0.013,-0.087,1.45,-5.71,470,3146,1183,0,0,3115,0.0699,-0.038,0.019,-0.081,1.51,-5.65,469,2369,668,0,0
21.360,714.3,-250.01,-23.75,-301.72,55.3,0.48,0.77,0.56,0.29,0.00,0.83,1,6936,87.0,1.55,0.60,4.52,40.12,90,101,6486,0.0835,0.077,-0.007,-0.093,13.59,6.43,458,-180,5545,0,0,3549,0.0419,-0.042,-0.007,-0.093,17.04,9.88,420,-54,3189,0,0,6228,0.0955,0.035,0.088,-0.012,3.50,-3.66,470,3784,2600,0,0,3768,0.0539,-0.133,0.169,0.069,3.75,-3.41,472,3256,1261,0,0
21.480,716.1,-250.88,-23.78,-300.09,55.3,0.07,1.04,0.90,0.84,0.00,0.35,1,6849,191.6,1.40,0.46,5.19,46.14,85,101,7031,0.0978,0.119,0.011,-0.089,28.18,21.02,424,57,5847,0,0,4051,0.0397,-0.019,0.029,-0.071,34.80,27.63,371,97,3492,0,0,6469,0.1039,0.070,0.061,-0.039,4.79,-2.37,506,2964,3636,0,0,3369,0.0458,-0.068,0.150,0.050,5.18,-1.99,507,2705,1551,0,0
21.600,717.9,-251.62,-23.80,-298.42,54.4,-0.13,1.07,0.00,1.00,0.00,0.48,2,7433,259.1,1.91,0.39,5.45,46.03,74,98,7436,0.1070,0.077,-0.019,-0.081,-1.73,-5.43,456,921,1616,0,0,4378,0.0460,0.053,0.065,-0.035,-1.88,-5.28,456,962,1816,0,0,5989,0.1012,-0.023,0.062,-0.038,5.69,-1.47,499,2034,3910,0,0,3128,0.0371,-0.072,0.149,0.049,6.17,-1.00,499,2248,1770,0,0
21.720,719.8,-252.29,-23.81,-296.68,57.0,0.64,0.22,0.00,1.00,0.00,1.00,2,6033,352.0,2.12,-0.35,4.43,34.12,93,108,5024,0.0868,-0.168,-0.002,-0.098,2.37,-4.79,485,-132,1679,0,0,4684,0.0539,0.065,-0.002,-0.098,2.51,-4.65,458,-115,1648,0,0,5729,0.0977,-0.029,0.601,0.501,7.68,0.52,776,4228,1007,0,0,5576,0.0637,0.221,0.696,0.596,8.12,0.95,776,4007,894,0,0
21.840,721.8,-252.93,-23.82,-294.83,59.7,0.71,0.47,-0.19,0.00,0.00,1.00,2,5137,325.9,2.09,-0.81,4.23,40.61,107,118,5134,0.0735,-0.111,-0.001,-0.099,0.31,-6.85,507,-136,1458,0,0,3740,0.0452,-0.072,-0.002,-0.098,1.27,-5.89,475,-135,1451,0,0,6668,0.1041,0.054,0.302,0.202,10.02,2.86,658,4889,2705,0,0,4814,0.0755,0.099,0.397,0.297,10.68,3.51,661,3620,1693,0,0
21.960,723.8,-253.51,-23.83,-292.88,61.8,0.59,0.58,0.00,1.00,0.00,1.00,2,4556,288.5,1.63,-0.69,4.42,26.69,112,127,6244,0.0747,0.010,-0.002,-0.098,5.75,-1.41,516,-133,4349,0,0,3402,0.0422,-0.025,-0.003,-0.097,5.99,-1.17,495,-87,2533,0,0,6161,0.1006,-0.030,0.131,0.031,9.56,2.40,585,3523,4079,0,0,3687,0.0680,-0.062,0.184,0.084,9.95,2.79,588,2508,2233,0,0
22.080,725.9,-253.95,-23.83,-290.84,63.3,0.52,1.06,0.00,1.00,0.00,1.00,2,4666,365.9,2.04,-0.68,5.17,24.76,111,133,6428,0.0881,0.111,-0.002,-0.098,4.75,-2.41,529,-136,3976,0,0,3561,0.0344,-0.065,-0.003,-0.097,4.93,-2.23,510,-96,2364,0,0,6988,0.1065,0.050,0.129,0.029,8.22,1.06,600,4100,4406,0,0,3596,0.0528,-0.127,0.180,0.080,8.53,1.37,604,2560,2086,0,0
22.200,728.0,-254.25,-23.83,-288.73,64.3,0.39,1.12,0.36,0.22,0.00,1.00,2,4120,-11.8,1.18,-0.74,5.42,25.68,111,137,7137,0.0941,0.050,0.000,-0.100,13.31,6.14,527,-20,6017,0,0,3738,0.0355,0.009,0.003,-0.097,15.66,8.50,504,22,3351,0,0,6976,0.1063,-0.002,-0.013,-0.087,6.83,-0.33,535,-323,5201,0,0,3125,0.0460,-0.057,0.012,-0.088,7.09,-0.07,525,589,2486,0,0
22.320,730.1,-254.38,-23.82,-286.61,63.6,-0.04,1.18,0.00,1.00,0.00,1.00,2,4404,226.7,1.30,-0.73,5.65,23.61,103,134,6843,0.1058,0.097,-0.001,-0.099,2.21,-4.95,535,-45,2294,0,0,4172,0.0388,0.027,-0.001,-0.099,2.29,-4.88,517,-171,1551,0,0,6264,0.1027,-0.030,0.063,-0.037,5.55,-1.61,540,1806,4143,0,0,3604,0.0356,-0.086,0.100,0.000,5.75,-1.41,540,1930,2336,0,0
22.440,732.3,-254.38,-23.80,-284.46,65.2,0.43,0.68,0.00,1.00,0.00,1.00,2,4500,349.9,1.94,-0.89,5.04,8.99,117,141,5507,0.0901,-0.131,-0.002,-0.098,2.34,-4.82,543,-115,1981,0,0,4092,0.0415,0.023,-0.002,-0.098,2.37,-4.79,535,-117,1526,0,0,6043,0.1015,-0.010,0.065,-0.035,3.60,-3.57,580,3466,2847,0,0,4534,0.0509,0.127,0.082,-0.018,3.64,-3.52,581,3069,2091,0,0
22.560,734.5,-254.30,-23.78,-282.25,67.4,0.52,0.33,-0.24,1.00,0.00,1.00,2,4634,383.5,2.13,-0.97,4.36,-4.74,135,150,4845,0.0784,-0.097,0.000,-0.100,-5.07,-2.09,555,-33,-2329,0,0,4806,0.0468,0.044,-0.002,-0.098,-3.73,-3.43,558,-120,-1692,0,0,5269,0.0960,-0.045,0.072,-0.028,1.84,-5.32,597,3695,1410,0,0,5228,0.0644,0.113,0.066,-0.034,1.83,-5.33,598,3566,1414,0,0
22.680,736.8,-254.25,-23.77,-279.97,69.1,0.41,-0.72,0.00,1.00,0.00,1.00,2,4802,391.3,2.18,-0.89,2.55,-45.49,150,159,3402,0.0544,-0.200,-0.003,-0.097,-16.85,9.69,531,-17,-3065,0,0,6951,0.0731,0.219,-0.007,-0.093,-13.27,6.11,572,-183,-5891,0,0,4097,0.0777,-0.153,0.114,0.014,-1.90,-5.26,619,3568,-759,0,0,6754,0.0953,0.257,0.047,-0.053,-1.79,-5.37,619,3594,-1442,0,0
22.800,739.1,-254.27,-23.76,-277.62,71.3,0.54,-0.44,0.00,1.00,0.00,1.00,2,4951,392.1,2.19,-0.82,2.43,-20.36,157,169,4699,0.0540,-0.003,-0.002,-0.098,-0.51,-6.66,582,-147,-215,0,0,5300,0.0772,0.034,-0.001,-0.099,-0.49,-6.67,598,-103,-241,0,0,5121,0.0779,0.002,0.093,-0.007,-3.16,-4.00,638,3832,-1946,0,0,5896,0.0998,0.038,0.065,-0.035,-3.07,-4.09,639,3562,-2399,0,0
22.920,741.6,-254.37,-23.74,-275.20,73.7,0.58,-0.51,0.00,1.00,0.00,1.00,2,5052,391.1,2.20,-0.78,2.58,-5.59,170,180,4045,0.0506,-0.028,-0.002,-0.098,-0.86,-6.30,607,-117,-564,0,0,4751,0.0702,-0.058,-0.002,-0.098,-0.85,-6.31,612,-109,-650,0,0,5030,0.0804,0.021,0.070,-0.030,-1.57,-5.59,652,3581,-1140,0,0,5637,0.0999,0.001,0.062,-0.038,-1.56,-5.60,651,3672,-1293,0,0
23.040,744.1,-254.54,-23.74,-272.70,76.1,0.56,-0.19,0.23,1.00,0.00,1.00,2,5246,386.6,2.20,-0.50,2.98,6.23,178,192,5159,0.0538,0.027,-0.002,-0.098,4.64,-2.52,629,-114,2583,0,0,4445,0.0637,-0.054,0.000,-0.100,5.91,-1.25,624,-27,2705,0,0,5251,0.0814,0.008,0.068,-0.032,-0.40,-6.76,676,3894,-351,0,0,4658,0.0913,-0.072,0.077,-0.023,-0.40,-6.76,676,3652,-307,0,0
23.160,746.6,-254.68,-23.74,-270.13,78.2,0.51,0.38,0.00,1.00,0.00,1.00,2,5386,383.4,2.20,-0.61,4.10,23.19,191,203,5558,0.0714,0.146,-0.001,-0.099,-0.41,-6.76,656,-111,-589,0,0,4643,0.0512,-0.104,-0.002,-0.098,-0.42,-6.74,638,-131,-509,0,0,5943,0.0969,0.129,0.056,-0.044,2.29,-4.87,694,3481,1798,0,0,4814,0.0755,-0.131,0.085,-0.015,2.35,-4.81,694,3693,1370,0,0
23.280,749.3,-254.80,-23.74,-267.48,80.5,0.55,0.25,0.00,1.00,0.00,1.00,2,5500,380.6,2.20,-0.86,4.19,7.30,204,215,5569,0.0739,0.021,-0.001,-0.099,1.20,-5.96,669,-122,1025,0,0,4436,0.0533,0.018,-0.002,-0.098,1.21,-5.95,663,-126,840,0,0,5884,0.1001,0.027,0.057,-0.043,2.05,-5.11,709,3575,1713,0,0,5208,0.0790,0.029,0.067,-0.033,2.06,-5.10,709,3534,1497,0,0
23.400,752.0,-254.87,-23.73,-264.76,82.7,0.53,0.27,0.00,1.00,0.00,1.00,2,5644,377.2,2.20,-0.82,4.17,2.13,213,227,4854,0.0695,-0.037,-0.002,-0.098,1.14,-6.02,685,-116,892,0,0,4113,0.0495,-0.032,-0.002,-0.098,1.15,-6.02,683,-112,767,0,0,5583,0.0996,-0.004,0.059,-0.041,1.36,-5.80,727,3628,1108,0,0,4937,0.0792,0.002,0.063,-0.037,1.36,-5.80,728,3364,980,0,0
23.520,754.8,-254.90,-23.73,-261.96,84.9,0.53,0.15,0.00,1.00,0.00,1.00,2,5812,373.1,2.20,-0.55,4.04,0.95,222,240,5103,0.0672,-0.019,-0.002,-0.098,0.86,-6.30,703,-128,708,0,0,4548,0.0506,0.010,-0.002,-0.098,0.86,-6.30,702,-121,638,0,0,5260,0.0926,-0.058,0.063,-0.037,0.95,-6.21,749,3630,728,0,0,4773,0.0760,-0.027,0.065,-0.035,0.96,-6.21,750,3380,662,0,0
23.640,757.7,-254.93,-23.73,-259.09,87.2,0.53,0.09,0.00,1.00,0.00,1.00,2,5927,370.3,2.20,-0.60,3.95,0.38,238,253,5374,0.0682,0.008,-0.002,-0.098,0.66,-6.50,722,-140,571,0,0,4910,0.0560,0.045,-0.002,-0.098,0.66,-6.50,722,-126,525,0,0,5619,0.0932,0.005,0.055,-0.045,0.71,-6.45,764,3605,588,0,0,5151,0.0789,0.024,0.056,-0.044,0.71,-6.45,764,3381,541,0,0
23.760,760.6,-254.94,-23.73,-256.13,89.4,0.53,0.05,0.00,1.00,0.00,1.00,2,6056,366.7,2.20,-0.75,3.90,-0.05,253,266,5185,0.0686,0.003,-0.002,-0.098,0.55,-6.61,740,-126,462,0,0,4781,0.0579,0.016,-0.002,-0.098,0.55,-6.61,740,-121,429,0,0,5762,0.0960,0.024,0.052,-0.048,0.55,-6.61,780,3548,474,0,0,5426,0.0854,0.054,0.052,-0.048,0.55,-6.61,781,3385,448,0,0
23.880,763.7,-254.94,-23.73,-253.11,91.6,0.52,0.01,0.00,1.00,0.00,1.00,2,6575,350.2,2.20,-0.55,3.81,-0.03,259,279,4914,0.0636,-0.042,-0.002,-0.098,0.48,-6.68,758,-128,387,0,0,4616,0.0550,-0.024,-0.002,-0.098,0.48,-6.68,758,-122,365,0,0,4951,0.0935,-0.021,0.114,0.014,0.47,-6.70,851,4161,299,0,0,4699,0.0850,-0.003,0.114,0.014,0.47,-6.70,852,3965,283,0,0
24.000,766.8,-254.95,-23.74,-250.01,94.0,0.56,0.00,0.00,1.00,0.00,1.00,2,6372,355.5,2.20,-0.48,3.79,0.06,276,294,5013,0.0633,-0.002,-0.002,-0.098,0.45,-6.72,778,-125,364,0,0,5034,0.0572,0.018,-0.002,-0.098,0.45,-6.72,778,-125,365,0,0,5450,0.0902,-0.028,0.053,-0.047,0.45,-6.71,821,3451,368,0,0,5089,0.0825,-0.020,0.054,-0.046,0.45,-6.71,821,3266,345,0,0
24.120,769.9,-254.95,-23.74,-246.84,96.1,0.50,0.00,0.00,1.00,0.00,1.00,2,6486,351.5,2.20,-0.58,3.83,-0.07,291,307,5212,0.0667,0.029,-0.002,-0.098,0.44,-6.72,796,-123,369,0,0,4834,0.0596,0.020,-0.002,-0.098,0.44,-6.72,796,-119,344,0,0,5738,0.0926,0.020,0.048,-0.052,0.44,-6.72,836,3378,381,0,0,5424,0.0854,0.024,0.048,-0.052,0.44,-6.72,836,3232,358,0,0
24.240,773.2,-254.96,-23.75,-243.59,98.2,0.49,0.00,0.00,1.00,0.00,1.00,2,6635,346.3,2.20,-0.49,3.83,-0.06,298,320,4959,0.0644,-0.020,-0.002,-0.098,0.44,-6.72,812,-121,352,0,0,4654,0.0573,-0.019,-0.002,-0.098,0.44,-6.72,812,-116,332,0,0,5481,0.0931,0.004,0.050,-0.050,0.42,-6.74,855,3344,347,0,0,5228,0.0861,0.006,0.050,-0.050,0.42,-6.74,855,3214,332,0,0
24.360,776.5,-254.96,-23.76,-240.28,100.2,0.48,0.07,0.19,1.00,0.00,1.00,2,6782,341.2,2.20,-0.40,3.92,4.77,310,334,5415,0.0655,0.010,-0.002,-0.098,3.03,-4.13,830,-160,2421,0,0,4746,0.0574,0.001,-0.002,-0.098,3.69,-3.48,826,-105,2503,0,0,5640,0.0902,-0.024,0.048,-0.052,0.48,-6.68,873,3369,392,0,0,4790,0.0815,-0.039,0.054,-0.046,0.49,-6.68,874,3086,334,0,0
24.480,779.9,-254.90,-23.76,-236.91,101.9,0.40,0.62,0.00,1.00,0.00,1.00,2,6927,336.0,2.20,-0.59,4.88,27.88,314,344,6188,0.0824,0.141,-0.002,-0.098,0.19,-6.97,854,-142,162,0,0,4118,0.0476,-0.081,-0.002,-0.098,0.20,-6.96,831,-79,150,0,0,6778,0.1036,0.112,0.043,-0.057,2.67,-4.49,892,3200,2404,0,0,4497,0.0688,-0.106,0.071,-0.029,2.74,-4.42,893,3113,1557,0,0
24.600,783.3,-254.78,-23.76,-233.48,103.7,0.47,0.41,0.00,1.00,0.00,1.00,2,7085,327.8,2.20,-0.65,4.78,12.59,317,357,5579,0.0782,-0.035,-0.002,-0.098,2.02,-5.15,863,-116,1688,0,0,4165,0.0478,0.002,-0.002,-0.098,2.04,-5.12,852,-114,1303,0,0,5763,0.0999,-0.031,0.056,-0.044,3.12,-4.04,913,3200,2403,0,0,4548,0.0693,0.004,0.069,-0.031,3.15,-4.01,913,2956,1874,0,0
24.720,786.8,-254.58,-23.76,-229.99,105.5,0.45,0.50,0.00,1.00,0.00,0.54,2,7214,319.1,2.20,-0.70,4.89,6.30,332,369,5729,0.0789,0.006,-0.002,-0.098,2.09,-5.07,875,-123,1828,0,0,4403,0.0466,-0.010,-0.002,-0.098,2.10,-5.06,870,-112,1442,0,0,5911,0.1001,0.002,0.052,-0.048,2.64,-4.52,923,3230,2171,0,0,4476,0.0667,-0.022,0.060,-0.040,2.66,-4.50,924,2751,1655,0,0
24.840,790.3,-254.30,-23.75,-226.47,106.3,0.19,0.44,0.00,1.00,0.00,0.06,2,7409,307.1,2.20,-0.71,4.87,1.92,331,374,6014,0.0825,0.030,-0.001,-0.099,1.70,-5.46,880,-85,1586,0,0,4697,0.0506,0.033,-0.001,-0.099,1.70,-5.46,879,-73,1267,0,0,5641,0.0988,-0.011,0.004,-0.096,1.86,-5.30,884,351,1640,0,0,4540,0.0669,0.001,0.006,-0.094,1.87,-5.30,884,395,1345,0,0
24.960,793.9,-253.97,-23.73,-222.93,107.3,0.25,0.28,0.00,1.00,0.00,1.00,3,6653,344.9,2.20,-0.62,4.63,0.82,331,381,5401,0.0803,-0.018,-0.002,-0.098,1.23,-5.94,888,-136,1054,0,0,4633,0.0547,0.034,-0.002,-0.098,1.23,-5.93,887,-125,916,0,0,5451,0.0942,-0.038,0.066,-0.034,1.30,-5.86,950,3786,1004,0,0,4790,0.0686,0.014,0.068,-0.032,1.30,-5.86,951,3421,887,0,0
25.080,797.5,-253.61,-23.72,-219.33,109.5,0.53,0.16,0.00,1.00,0.00,1.00,3,5265,385.8,2.20,-0.82,4.38,0.30,363,398,5275,0.0738,-0.054,-0.002,-0.098,0.92,-6.24,907,-131,781,0,0,4714,0.0557,0.008,-0.002,-0.098,0.92,-6.24,906,-123,705,0,0,5657,0.0949,0.006,0.061,-0.039,0.96,-6.20,964,3770,788,0,0,5157,0.0758,0.060,0.062,-0.038,0.96,-6.20,965,3506,722,0,0
25.200,801.2,-253.21,-23.70,-215.65,111.7,0.52,0.10,0.00,1.00,0.00,1.00,3,5286,385.8,2.20,-0.99,4.23,-0.10,389,414,5020,0.0699,-0.033,-0.002,-0.098,0.73,-6.44,924,-125,588,0,0,4560,0.0559,0.002,-0.002,-0.098,0.73,-6.44,924,-122,539,0,0,5675,0.0965,0.013,0.059,-0.041,0.72,-6.44,981,3742,599,0,0,5289,0.0824,0.055,0.059,-0.041,0.72,-6.44,982,3530,560,0,0
25.320,805.0,-252.81,-23.67,-211.91,113.8,0.51,-0.09,-0.24,1.00,0.00,1.00,3,5396,383.1,2.20,-0.97,3.92,-8.25,405,430,4541,0.0647,-0.043,0.001,-0.099,-6.14,-1.02,935,14,-2948,0,0,5190,0.0580,0.018,-0.001,-0.099,-4.84,-2.32,942,-78,-2818,0,0,5046,0.0922,-0.035,0.065,-0.035,0.41,-6.76,1003,3576,321,0,0,5587,0.0855,0.026,0.058,-0.042,0.40,-6.76,1002,3685,358,0,0
25.440,808.8,-252.45,-23.66,-208.10,115.8,0.48,-0.50,0.00,1.00,0.00,1.00,3,5481,381.1,2.20,-0.82,3.18,-19.77,418,446,4628,0.0555,-0.077,-0.002,-0.098,-0.20,-6.96,951,-135,-61,0,0,5340,0.0706,0.105,-0.001,-0.099,-0.20,-6.96,966,-114,-71,0,0,5231,0.0808,-0.095,0.067,-0.033,-1.78,-5.38,1018,3723,-1208,0,0,5830,0.0959,0.087,0.052,-0.048,-1.75,-5.41,1018,3449,-1407,0,0
25.560,812.7,-252.15,-23.64,-204.21,117.9,0.52,-0.47,0.00,1.00,0.00,1.00,3,5610,378.0,2.20,-0.75,3.08,-8.99,432,462,4319,0.0530,-0.020,-0.002,-0.098,-1.13,-6.04,972,-122,-761,0,0,5361,0.0708,0.002,-0.002,-0.098,-1.12,-6.04,979,-123,-922,0,0,4953,0.0803,-0.004,0.070,-0.030,-1.83,-5.33,1043,3494,-1240,0,0,5802,0.0980,0.018,0.061,-0.039,-1.82,-5.35,1042,3741,-1463,0,0
25.680,816.7,-251.92,-23.62,-200.24,120.1,0.52,-0.48,0.00,1.00,0.00,1.00,3,5702,375.8,2.20,-0.70,3.02,-4.42,448,479,4596,0.0519,-0.010,-0.002,-0.098,-1.02,-6.14,992,-125,-750,0,0,5460,0.0720,0.010,-0.002,-0.098,-1.02,-6.14,996,-132,-875,0,0,4991,0.0784,-0.016,0.066,-0.034,-1.36,-5.80,1060,3490,-960,0,0,5681,0.0976,-0.003,0.061,-0.039,-1.36,-5.81,1060,3770,-1093,0,0
25.800,820.7,-251.75,-23.61,-196.20,122.3,0.52,-0.39,0.00,1.00,0.00,1.00,3,5784,373.8,2.20,-0.73,3.17,-2.00,467,497,4660,0.0539,0.017,-0.002,-0.098,-0.67,-6.49,1011,-123,-508,0,0,5132,0.0701,-0.016,-0.002,-0.098,-0.67,-6.49,1013,-127,-554,0,0,5212,0.0809,0.021,0.061,-0.039,-0.82,-6.34,1076,3548,-625,0,0,5608,0.0971,-0.005,0.059,-0.041,-0.82,-6.34,1075,3712,-671,0,0
25.920,824.8,-251.62,-23.60,-192.08,124.4,0.52,-0.27,0.00,1.00,0.00,1.00,3,5890,371.2,2.20,-0.70,3.40,-0.82,483,514,4789,0.0559,0.017,-0.002,-0.098,-0.32,-6.84,1029,-125,-251,0,0,4932,0.0661,-0.033,-0.002,-0.098,-0.32,-6.84,1030,-126,-258,0,0,5226,0.0829,0.017,0.061,-0.039,-0.38,-6.78,1095,3598,-294,0,0,5355,0.0931,-0.033,0.060,-0.040,-0.38,-6.78,1095,3650,-301,0,0
26.040,829.0,-251.52,-23.59,-187.89,126.6,0.52,-0.18,0.00,1.00,0.00,1.00,3,5977,369.1,2.20,-0.74,3.64,-0.36,501,533,4972,0.0596,0.031,-0.002,-0.098,-0.04,-7.12,1048,-127,-39,0,0,4890,0.0642,-0.016,-0.002,-0.098,-0.04,-7.12,1048,-125,-38,0,0,5493,0.0860,0.025,0.058,-0.042,-0.07,-7.09,1111,3658,-59,0,0,5431,0.0905,-0.021,0.058,-0.042,-0.07,-7.09,1112,3614,-58,0,0
26.160,833.3,-251.43,-23.58,-183.63,128.8,0.51,-0.11,0.00,1.00,0.00,1.00,3,6086,365.6,2.20,-0.74,3.81,-0.09,517,551,4940,0.0610,0.012,-0.002,-0.098,0.15,-7.01,1066,-127,117,0,0,4759,0.0613,-0.024,-0.002,-0.098,0.15,-7.01,1066,-123,113,0,0,5405,0.0881,0.018,0.059,-0.041,0.14,-7.02,1132,3661,109,0,0,5262,0.0884,-0.018,0.059,-0.041,0.14,-7.02,1132,3576,107,0,0
26.280,837.6,-251.36,-23.57,-179.30,130.9,0.51,-0.07,0.00,1.00,0.00,1.00,3,6186,362.1,2.20,-0.76,3.93,-0.04,535,570,5077,0.0629,0.016,-0.002,-0.098,0.27,-6.89,1084,-130,222,0,0,4820,0.0606,-0.006,-0.002,-0.098,0.27,-6.89,1084,-126,212,0,0,5429,0.0888,0.005,0.059,-0.041,0.28,-6.89,1150,3673,216,0,0,5378,0.0861,-0.019,0.059,-0.041,0.28,-6.89,1151,3647,221,0,0
26.400,842.0,-251.30,-23.56,-174.89,133.1,0.51,-0.04,0.00,1.00,0.00,1.00,3,6287,358.6,2.20,-0.78,4.01,-0.01,552,588,4966,0.0635,0.005,-0.002,-0.098,0.35,-6.81,1102,-127,281,0,0,4686,0.0590,-0.013,-0.002,-0.098,0.35,-6.81,1102,-122,267,0,0,5470,0.0904,0.013,0.059,-0.041,0.35,-6.81,1170,3689,279,0,0,5222,0.0859,-0.002,0.059,-0.041,0.35,-6.81,1170,3546,268,0,0
26.520,846.5,-251.24,-23.55,-170.42,135.2,0.51,-0.03,0.00,1.00,0.00,1.00,3,6393,354.9,2.20,-0.78,4.07,0.05,570,608,5133,0.0640,0.005,-0.002,-0.098,0.40,-6.76,1119,-131,329,0,0,4828,0.0587,-0.002,-0.002,-0.098,0.40,-6.76,1119,-126,311,0,0,5441,0.0901,-0.003,0.060,-0.040,0.41,-6.76,1190,3700,319,0,0,5155,0.0841,-0.015,0.060,-0.040,0.41,-6.76,1190,3536,303,0,0
26.640,851.1,-251.18,-23.53,-165.87,137.4,0.50,-0.02,0.00,1.00,0.00,1.00,3,6486,351.6,2.20,-0.81,4.12,0.01,588,627,2689,0.0641,0.000,0.008,-0.092,0.43,-6.73,1136,77,194,0,0,4730,0.0582,-0.005,-0.002,-0.098,0.43,-6.73,1137,-123,330,0,0,5503,0.0911,0.008,0.059,-0.041,0.43,-6.73,1207,3701,346,0,0,5229,0.0847,0.005,0.059,-0.041,0.43,-6.73,1207,3544,330,0,0
26.760,855.7,-251.13,-23.52,-161.25,139.5,0.50,-0.01,0.00,1.00,0.00,1.00,3,6591,347.9,2.20,-0.80,4.13,-0.03,604,646,5176,0.0645,0.003,-0.002,-0.098,0.45,-6.72,1155,-132,370,0,0,4853,0.0581,-0.001,-0.002,-0.098,0.45,-6.72,1155,-126,348,0,0,5448,0.0905,-0.005,0.060,-0.040,0.45,-6.72,1227,3708,351,0,0,5149,0.0835,-0.010,0.060,-0.040,0.45,-6.72,1227,3534,333,0,0
26.880,860.4,-251.07,-23.50,-156.56,141.6,0.50,-0.01,0.00,1.00,0.00,1.00,3,6682,344.7,2.20,-0.84,4.16,-0.07,624,666,5049,0.0649,0.004,-0.002,-0.098,0.46,-6.71,1172,-128,368,0,0,4723,0.0580,-0.001,-0.002,-0.098,0.46,-6.71,1172,-123,346,0,0,5506,0.0911,0.005,0.059,-0.041,0.45,-6.71,1244,3698,361,0,0,5227,0.0841,0.005,0.059,-0.041,0.45,-6.71,1244,3539,344,0,0
27.000,865.1,-251.01,-23.48,-151.80,143.7,0.50,-0.01,0.00,1.00,0.00,1.00,3,6789,341.0,2.20,-0.84,4.16,-0.04,641,686,5189,0.0643,-0.005,-0.002,-0.098,0.46,-6.71,1189,-133,379,0,0,4844,0.0577,-0.002,-0.002,-0.098,0.46,-6.71,1189,-125,356,0,0,5433,0.0903,-0.006,0.060,-0.040,0.46,-6.71,1264,3704,357,0,0,5127,0.0832,-0.007,0.060,-0.040,0.46,-6.71,1265,3525,338,0,0
27.120,870.0,-250.96,-23.46,-146.96,145.8,0.50,-0.04,-0.09,1.00,0.00,1.00,3,6878,337.9,2.20,-0.87,4.15,-1.73,661,706,4925,0.0647,0.003,-0.001,-0.099,-3.37,-3.79,1205,-49,-1905,0,0,4850,0.0579,0.001,-0.001,-0.099,-2.66,-4.51,1206,-98,-1501,0,0,5393,0.0907,0.003,0.059,-0.041,0.46,-6.70,1281,3645,360,0,0,5338,0.0839,0.006,0.058,-0.042,0.46,-6.70,1281,3589,357,0,0
27.240,874.9,-250.94,-23.44,-142.07,147.8,0.48,-0.36,0.00,0.00,0.00,1.00,3,6981,286.9,2.11,-0.76,3.66,-13.04,676,726,4817,0.0572,-0.062,-0.002,-0.098,-0.09,-7.07,1218,-136,-28,0,0,5229,0.0650,0.060,-0.002,-0.098,-0.09,-7.07,1229,-123,-31,0,0,5113,0.0828,-0.066,0.066,-0.034,-0.91,-6.26,1302,3653,-625,0,0,5429,0.0900,0.051,0.057,-0.043,-0.90,-6.26,1302,3548,-674,0,0
27.360,879.8,-250.96,-23.42,-137.12,148.2,0.10,-0.36,0.00,0.00,0.00,1.00,3,6527,-71.6,0.50,-0.54,3.54,-5.94,649,728,5037,0.0597,0.021,-0.001,-0.099,-0.76,-6.40,1225,-73,-596,0,0,5761,0.0704,0.044,-0.001,-0.099,-0.76,-6.41,1230,-74,-671,0,0,4550,0.0775,-0.044,-0.006,-0.094,-1.14,-6.02,1235,-38,-822,0,0,5150,0.0881,-0.016,-0.009,-0.091,-1.14,-6.03,1235,-295,-917,0,0
27.480,884.7,-251.04,-23.40,-132.20,147.7,-0.12,-0.39,-0.08,0.00,0.00,1.00,3,6503,-71.4,0.23,-0.23,3.45,-2.84,595,722,5379,0.0640,0.036,-0.001,-0.099,-0.72,-6.45,1222,-80,-609,0,0,6002,0.0779,0.063,-0.001,-0.099,-0.72,-6.45,1224,-86,-671,0,0,4394,0.0686,-0.074,-0.006,-0.094,-0.90,-6.26,1230,-100,-637,0,0,4894,0.0819,-0.052,-0.008,-0.092,-0.90,-6.26,1231,-229,-702,0,0
27.600,889.6,-251.20,-23.39,-127.29,147.0,-0.13,-0.63,0.00,0.00,0.00,1.00,3,6477,-71.2,0.20,-0.05,3.09,-12.69,570,715,4991,0.0620,-0.017,-0.001,-0.099,-0.73,-6.43,1213,-79,-541,0,0,6060,0.0858,0.066,-0.001,-0.099,-0.73,-6.44,1223,-76,-640,0,0,4303,0.0611,-0.062,-0.004,-0.096,-1.53,-5.63,1225,92,-1020,0,0,5216,0.0849,0.025,-0.010,-0.090,-1.52,-5.64,1226,-413,-1207,0,0
27.720,894.5,-251.42,-23.38,-122.40,146.5,-0.11,-0.49,0.00,0.00,0.00,1.00,3,6452,-71.0,0.20,0.02,3.18,-6.23,562,710,5180,0.0635,0.013,-0.001,-0.099,-1.15,-6.01,1211,-77,-934,0,0,6056,0.0851,-0.006,-0.001,-0.099,-1.15,-6.01,1216,-81,-1071,0,0,4405,0.0619,0.007,-0.006,-0.094,-1.55,-5.62,1221,-46,-1075,0,0,5131,0.0829,-0.017,-0.009,-0.091,-1.54,-5.62,1221,-305,-1233,0,0
27.840,899.4,-251.71,-23.37,-117.54,146.0,-0.11,-0.48,-0.09,0.00,0.00,1.00,3,6430,-70.9,0.20,0.01,3.26,-2.81,561,705,5099,0.0648,0.010,-0.001,-0.099,-0.96,-6.20,1208,-74,-775,0,0,5831,0.0843,-0.007,-0.001,-0.099,-0.96,-6.21,1210,-81,-874,0,0,4509,0.0635,0.014,-0.007,-0.093,-1.14,-6.03,1217,-103,-820,0,0,5134,0.0831,0.002,-0.008,-0.092,-1.13,-6.03,1217,-233,-923,0,0
27.960,904.2,-252.10,-23.36,-112.70,145.2,-0.16,-0.87,0.00,0.00,0.00,1.00,3,6399,-70.7,0.20,0.15,2.70,-22.21,546,697,4548,0.0571,-0.064,-0.001,-0.099,-0.76,-6.40,1193,-48,-515,0,0,6687,0.0933,0.075,-0.001,-0.099,-0.75,-6.41,1211,-79,-710,0,0,3962,0.0542,-0.078,-0.001,-0.099,-2.17,-4.99,1210,271,-1298,0,0,5562,0.0899,0.056,-0.012,-0.088,-2.14,-5.02,1212,-565,-1750,0,0
28.080,909.1,-252.59,-23.36,-107.90,144.6,-0.10,-0.66,0.00,0.00,0.00,1.00,3,6369,-70.4,0.20,0.21,2.80,-11.08,543,692,4792,0.0593,0.018,-0.001,-0.099,-1.85,-5.31,1193,-73,-1365,0,0,6171,0.0912,-0.018,-0.001,-0.099,-1.84,-5.32,1202,-78,-1706,0,0,4262,0.0573,0.026,-0.004,-0.096,-2.56,-4.60,1205,59,-1661,0,0,5438,0.0892,-0.005,-0.010,-0.090,-2.54,-4.62,1206,-367,-2064,0,0
28.200,913.9,-253.17,-23.37,-103.12,144.1,-0.10,-0.70,0.00,0.00,0.00,1.00,3,6345,-70.3,0.20,0.24,2.82,-5.35,542,687,4807,0.0589,-0.003,-0.001,-0.099,-1.73,-5.43,1191,-71,-1301,0,0,6361,0.0906,-0.004,-0.001,-0.099,-1.73,-5.44,1195,-94,-1673,0,0,4196,0.0572,-0.001,-0.006,-0.094,-2.08,-5.09,1201,-44,-1362,0,0,5327,0.0887,-0.004,-0.009,-0.091,-2.07,-5.09,1201,-273,-1692,0,0
28.320,918.7,-253.85,-23.37,-98.38,143.6,-0.10,-0.59,0.00,0.00,1.00,1.00,3,6324,-70.1,0.20,0.20,3.02,-2.27,542,682,5052,0.0615,0.022,-0.001,-0.099,-1.25,-5.91,1188,-73,-1006,0,0,5937,0.0886,-0.017,-0.001,-0.099,-1.25,-5.91,1190,-83,-1164,0,0,4500,0.0606,0.029,-0.007,-0.093,-1.40,-5.76,1197,-111,-1008,0,0,5263,0.0877,-0.008,-0.008,-0.092,-1.40,-5.76,1197,-225,-1162,0,0
28.440,923.3,-254.56,-23.38,-93.78,136.7,-1.62,-0.33,0.00,0.00,1.00,1.00,3,4959,-60.5,0.20,0.94,3.48,0.53,383,620,7228,0.0837,0.185,-0.188,0.088,-0.83,-6.33,933,-6422,-485,858,1,7318,0.0986,0.084,-0.172,0.072,-0.83,-6.33,929,-6492,-502,2860,0,3155,0.0482,-0.103,-0.183,0.083,-0.83,-6.33,945,-2995,-230,462,1,3176,0.0631,-0.205,-0.183,0.083,-0.83,-6.33,945,-3014,-232,462,1
28.560,927.7,-255.27,-23.38,-89.43,129.2,-1.78,-0.23,0.00,0.00,1.00,1.00,3,4682,-58.5,0.20,1.53,3.83,-0.65,255,557,7360,0.1029,0.160,-0.177,0.077,-0.45,-6.72,871,-6541,-272,2860,0,7352,0.1095,0.090,-0.181,0.081,-0.44,-6.72,891,-6535,-268,858,1,3216,0.0381,-0.084,-0.185,0.085,-0.51,-6.66,893,-3057,-141,462,1,3221,0.0447,-0.153,-0.185,0.085,-0.51,-6.66,893,-3062,-142,462,1
28.680,931.9,-255.98,-23.38,-85.33,122.0,-1.69,-0.41,-0.34,0.00,0.89,1.00,3,4436,-56.8,0.20,1.72,3.68,-11.07,206,499,6681,0.1040,0.010,-0.176,0.076,-10.91,3.75,797,-4267,-3934,2860,0,7855,0.1140,0.038,-0.184,0.084,-8.89,1.73,828,-5385,-4055,858,1,2836,0.0319,-0.052,-0.181,0.081,-0.58,-6.58,848,-2711,-137,462,1,3811,0.0419,-0.024,-0.184,0.084,-0.58,-6.58,849,-3588,-177,462,1
28.800,935.8,-256.73,-23.39,-81.46,115.8,-1.42,-0.91,-0.68,0.00,0.32,1.00,3,4457,-56.6,0.20,1.71,2.91,-35.29,199,448,5641,0.0919,-0.102,-0.177,0.077,-28.42,21.26,680,-1563,-4467,909,0,8041,0.1232,0.076,-0.163,0.063,-23.28,16.12,747,-2427,-6103,909,0,2815,0.0257,-0.052,-0.128,0.028,-2.96,-4.20,826,-2502,-823,490,0,4784,0.0561,0.119,-0.134,0.034,-2.87,-4.29,845,-4165,-1287,490,0
28.920,939.6,-257.58,-23.40,-77.75,113.5,-0.46,-1.01,0.00,0.00,0.00,1.00,3,5162,183.5,1.11,1.40,2.41,-29.84,241,428,4248,0.0736,-0.152,-0.002,-0.098,-2.74,-4.42,927,-92,-1696,0,0,6610,0.1176,-0.047,-0.001,-0.099,-2.67,-4.49,951,-93,-2486,0,0,4017,0.0328,0.059,0.040,-0.060,-5.13,-2.03,966,1456,-2570,0,0,5953,0.0767,0.172,0.016,-0.084,-5.00,-2.16,967,912,-3755,0,0
29.040,943.4,-258.57,-23.42,-74.10,113.4,0.07,-1.13,-0.08,0.00,0.00,1.00,3,4967,-60.2,0.52,0.76,2.06,-15.20,313,425,4081,0.0550,-0.155,0.001,-0.099,-6.50,-0.66,929,31,-2878,0,0,6915,0.1080,-0.080,0.000,-0.100,-5.87,-1.29,941,-7,-4435,0,0,3967,0.0462,0.112,-0.006,-0.094,-4.48,-2.68,927,-233,-2445,0,0,6326,0.0986,0.182,-0.013,-0.087,-4.42,-2.74,932,-798,-3708,0,0
29.160,947.2,-259.73,-23.45,-70.53,112.0,-0.21,-1.42,0.00,0.00,0.00,1.00,3,4909,-59.8,0.23,0.77,1.72,-23.88,303,415,4194,0.0484,-0.055,-0.023,-0.077,-2.17,-4.99,899,-797,-3146,0,0,7274,0.1113,0.028,-0.011,-0.089,-2.13,-5.03,929,-882,-4855,0,0,3168,0.0419,-0.036,-0.002,-0.098,-4.14,-3.02,915,-77,-1849,0,0,6523,0.1041,0.046,-0.014,-0.086,-4.05,-3.11,923,-937,-3528,0,0
29.280,950.9,-261.03,-23.47,-67.04,111.2,-0.12,-0.97,0.00,0.00,0.00,1.00,3,4869,-59.5,0.20,0.92,2.13,-13.30,301,409,4605,0.0522,0.032,-0.001,-0.099,-2.70,-4.46,914,-64,-1871,0,0,6425,0.1033,-0.066,-0.001,-0.099,-2.67,-4.49,925,-73,-2508,0,0,3885,0.0446,0.022,-0.006,-0.094,-3.80,-3.36,909,-259,-2129,0,0,5427,0.0957,-0.070,-0.013,-0.087,-3.76,-3.40,914,-745,-2866,0,0
29.400,954.6,-262.45,-23.51,-63.63,110.4,-0.13,-0.89,-0.09,0.00,0.00,1.00,3,4848,-59.4,0.20,0.77,2.43,-6.90,313,403,5001,0.0581,0.049,-0.001,-0.099,-2.11,-5.05,912,-69,-1635,0,0,6572,0.1025,-0.007,-0.001,-0.099,-2.10,-5.06,917,-81,-2082,0,0,4108,0.0499,0.044,-0.007,-0.093,-2.68,-4.48,906,-357,-1692,0,0,6092,0.0938,-0.015,-0.009,-0.091,-2.65,-4.51,909,-716,-2411,0,0
29.520,958.3,-263.98,-23.54,-60.31,109.3,-0.20,-1.16,-0.42,0.00,0.00,1.00,3,4808,-59.1,0.20,0.75,2.19,-24.86,303,395,4305,0.0550,-0.026,0.007,-0.093,-15.19,8.03,871,102,-3823,0,0,7191,0.1061,0.030,0.000,-0.100,-12.52,5.36,894,-3,-6040,0,0,3509,0.0507,0.007,0.000,-0.100,-2.64,-4.52,896,-28,-1391,0,0,6293,0.1013,0.062,-0.012,-0.088,-2.58,-4.58,904,-934,-2331,0,0
29.640,961.9,-265.64,-23.58,-57.10,107.5,-0.33,-1.35,-0.77,0.00,0.00,1.00,3,4718,-58.5,0.20,1.20,1.78,-40.47,271,382,4202,0.0504,-0.038,0.039,-0.061,-30.82,23.66,779,243,-3623,0,0,7385,0.1109,0.040,0.012,-0.088,-25.40,18.24,827,150,-6126,0,0,2995,0.0391,-0.097,0.004,-0.096,-4.73,-2.43,877,126,-1899,0,0,5671,0.0997,-0.014,-0.018,-0.082,-4.57,-2.59,889,-974,-3340,0,0
29.760,965.4,-267.43,-23.62,-54.05,105.7,-0.28,-1.36,0.00,0.00,0.00,1.00,3,4619,-57.8,0.20,1.29,1.58,-37.16,255,369,4683,0.0546,0.036,-0.001,-0.099,-3.54,-3.62,858,-60,-2302,0,0,7342,0.1209,0.083,-0.001,-0.099,-3.42,-3.74,887,-56,-3363,0,0,4323,0.0369,-0.018,0.001,-0.099,-6.78,-0.39,859,25,-3315,0,0,7066,0.1033,0.030,-0.019,-0.081,-6.55,-0.61,870,-1017,-5062,0,0
29.880,968.9,-269.36,-23.66,-51.12,104.7,-0.08,-1.35,0.00,0.00,0.00,1.00,3,4567,-57.4,0.20,1.30,1.77,-20.97,249,363,4339,0.0525,-0.017,-0.001,-0.099,-4.30,-2.86,855,-58,-2565,0,0,6890,0.1143,-0.055,-0.001,-0.099,-4.22,-2.94,872,-72,-3852,0,0,3472,0.0416,0.039,-0.005,-0.095,-6.14,-1.02,852,-138,-2593,0,0,6203,0.1025,-0.007,-0.017,-0.083,-6.02,-1.14,858,-816,-4364,0,0
30.001,972.4,-271.43,-23.70,-48.35,103.4,-0.15,-1.44,-0.40,0.00,0.00,1.00,3,4526,-57.1,0.20,1.42,1.59,-22.40,247,354,3876,0.0463,-0.052,0.008,-0.092,-16.24,9.08,820,87,-3467,0,0,9104,0.1126,-0.014,0.001,-0.099,-13.77,6.61,841,54,-7443,0,0,3043,0.0365,-0.043,-0.003,-0.097,-5.20,-1.96,844,-84,-2083,0,0,6100,0.1017,-0.006,-0.015,-0.085,-5.09,-2.07,851,-826,-3907,0,0
30.121,975.8,-273.64,-23.75,-45.74,101.3,-0.34,-1.62,-0.73,0.00,0.00,1.00,3,4447,-56.6,0.20,1.22,1.36,-32.32,233,340,4681,0.0540,0.064,0.031,-0.069,-30.97,23.81,730,208,-4007,0,0,7960,0.1283,0.130,0.010,-0.090,-25.75,18.59,774,139,-6534,0,0,4010,0.0350,-0.013,0.002,-0.098,-5.63,-1.53,827,70,-2828,0,0,8174,0.1092,0.063,-0.015,-0.085,-5.47,-1.69,838,-997,-5264,0,0
30.241,979.1,-275.94,-23.78,-43.34,98.8,-0.43,-1.49,0.00,0.00,0.00,1.00,3,4321,-55.7,0.20,1.51,1.59,-32.86,200,324,4600,0.0556,0.013,0.015,-0.085,-3.04,-4.12,816,-231,-2462,0,0,7374,0.1247,-0.030,0.005,-0.095,-2.94,-4.22,831,727,-3511,0,0,3052,0.0322,-0.023,0.001,-0.099,-6.11,-1.05,804,42,-2269,0,0,5589,0.0997,-0.080,-0.019,-0.081,-5.92,-1.24,813,-857,-3896,0,0
30.361,982.4,-278.33,-23.82,-41.10,98.0,-0.07,-1.20,0.00,0.00,0.00,1.00,3,4283,-55.4,0.20,1.43,1.87,-19.56,216,318,6463,0.0532,-0.019,-0.001,-0.099,-3.64,-3.52,802,-83,-3287,0,0,9023,0.1175,-0.060,-0.001,-0.099,-3.57,-3.59,817,-128,-4312,0,0,3836,0.0390,0.057,-0.005,-0.095,-5.48,-1.68,799,-161,-2687,0,0,5738,0.0991,-0.005,-0.016,-0.084,-5.38,-1.78,805,-797,-3834,0,0
30.481,985.7,-280.83,-23.85,-39.01,97.1,-0.09,-1.38,-0.31,0.52,0.00,1.00,3,4330,70.7,0.45,0.62,1.95,-16.93,235,312,4607,0.0606,0.061,0.002,-0.098,-12.12,4.96,783,42,-4020,0,0,7376,0.1221,0.039,-0.001,-0.099,-10.31,3.15,798,-29,-6014,0,0,4872,0.0514,0.103,0.014,-0.086,-3.90,-3.26,810,712,-2693,0,0,9129,0.1129,0.115,0.000,-0.100,-3.84,-3.33,812,-7,-4666,0,0
30.601,988.9,-283.43,-23.86,-37.11,96.4,-0.07,-1.44,-0.61,1.00,0.00,1.00,3,4435,237.6,1.36,0.77,2.09,-31.09,213,307,4257,0.0554,-0.043,0.028,-0.072,-26.58,19.42,722,199,-3709,0,0,6876,0.1147,-0.061,0.008,-0.092,-21.90,14.74,757,109,-5807,0,0,3236,0.0445,-0.057,0.056,-0.044,-3.97,-3.19,830,1748,-1676,0,0,5922,0.1019,-0.092,0.025,-0.075,-3.85,-3.32,831,1577,-3057,0,0
30.721,992.1,-286.12,-23.88,-35.37,95.8,-0.01,-1.35,-0.93,1.00,0.00,1.00,3,4516,352.9,1.96,0.90,1.97,-40.60,214,304,6011,0.0555,0.000,0.052,-0.048,-40.55,33.39,621,314,-4951,0,0,9165,0.1179,0.026,0.015,-0.085,-33.40,26.23,685,166,-7255,0,0,3351,0.0405,-0.034,0.087,-0.013,-5.45,-1.71,847,2094,-1986,0,0,6137,0.1012,-0.006,0.044,-0.056,-5.24,-1.93,846,2229,-3803,0,0
30.841,995.3,-288.90,-23.89,-33.81,95.2,0.02,-1.51,0.00,1.00,0.00,1.00,3,4669,383.9,2.13,0.38,1.88,-41.62,217,300,4531,0.0575,0.017,0.014,-0.086,-2.96,-4.21,784,-821,-2440,0,0,7124,0.1236,0.047,0.008,-0.092,-2.84,-4.33,805,846,-3367,0,0,4692,0.0493,0.074,0.124,0.024,-6.98,-0.18,867,3108,-2810,0,0,9175,0.1153,0.118,0.075,-0.025,-6.70,-0.46,864,4183,-5802,0,0
30.961,998.5,-291.79,-23.87,-32.41,97.0,0.60,-1.20,0.00,1.00,0.00,1.00,3,4931,389.9,2.18,0.35,2.46,-30.86,232,312,3952,0.0514,-0.051,-0.002,-0.098,-4.33,-2.83,787,-103,-2346,0,0,5803,0.1023,-0.177,-0.002,-0.098,-4.21,-2.96,812,-124,-3273,0,0,4066,0.0542,0.041,0.160,0.060,-7.25,0.08,917,2966,-2245,0,0,6378,0.1037,-0.097,0.122,0.022,-7.03,-0.13,914,4022,-3790,0,0
31.081,1001.8,-294.81,-23.87,-31.16,98.7,0.57,-1.34,-0.27,0.70,0.00,1.00,3,4695,188.8,1.67,0.22,2.29,-34.07,255,322,4807,0.0486,-0.023,-0.004,-0.096,-11.59,4.42,785,-76,-4185,0,0,8166,0.1038,0.013,-0.004,-0.096,-10.11,2.95,814,-183,-6607,0,0,3582,0.0525,-0.014,0.098,-0.002,-7.38,0.22,878,2185,-2368,0,0,7376,0.1067,0.025,0.059,-0.041,-7.15,-0.02,875,3170,-5032,0,0
31.201,1005.1,-297.94,-23.86,-30.12,98.9,0.26,-1.63,0.00,1.00,0.00,1.00,3,4607,348.5,1.94,0.00,1.98,-26.44,244,323,4241,0.0463,-0.019,-0.002,-0.098,-4.57,-2.59,804,-92,-2609,0,0,6767,0.1110,0.060,-0.001,-0.099,-4.46,-2.70,825,-95,-3924,0,0,3975,0.0505,-0.016,0.072,-0.028,-7.05,-0.12,864,1840,-2852,0,0,8399,0.1152,0.071,0.043,-0.057,-6.87,-0.29,863,2344,-5878,0,0
31.321,1008.4,-301.14,-23.84,-29.28,99.6,0.35,-1.42,-0.31,1.00,0.00,1.00,3,4730,382.2,2.13,0.19,2.18,-25.33,247,328,3695,0.0435,-0.024,0.004,-0.096,-14.24,7.08,793,52,-3308,0,0,6550,0.1034,-0.064,-0.001,-0.099,-12.26,5.09,815,-34,-5546,0,0,3348,0.0445,-0.050,0.091,-0.009,-6.16,-1.00,887,2016,-2135,0,0,6591,0.1040,-0.094,0.062,-0.038,-6.01,-1.15,885,2903,-4266,0,0
31.441,1011.7,-304.41,-23.83,-28.64,99.8,0.22,-1.53,-0.70,1.00,0.00,1.00,3,4775,391.6,2.18,0.24,1.92,-35.67,248,330,4710,0.0462,0.023,0.025,-0.075,-29.97,22.81,721,175,-4041,0,0,8154,0.1132,0.082,0.005,-0.095,-25.01,17.85,765,62,-6685,0,0,3192,0.0389,-0.047,0.103,0.003,-6.56,-0.60,896,2024,-2022,0,0,6843,0.1055,0.013,0.064,-0.036,-6.34,-0.82,893,2981,-4498,0,0
31.561,1015.0,-307.71,-23.81,-28.21,99.7,0.16,-1.51,-0.93,0.72,0.00,1.00,3,5007,356.5,2.09,0.17,2.01,-36.86,237,329,4288,0.0472,0.009,0.043,-0.057,-42.82,35.66,619,212,-3617,0,0,7034,0.1126,-0.005,0.008,-0.092,-35.64,28.48,686,106,-5744,0,0,3792,0.0453,0.053,0.153,0.053,-7.52,0.36,933,2679,-2211,0,0,7383,0.1103,0.040,0.108,0.008,-7.26,0.10,929,4170,-4605,0,0
31.681,1018.3,-311.01,-23.80,-27.98,98.5,-0.07,-1.42,0.00,1.00,0.00,1.00,3,4567,250.6,1.46,0.54,2.12,-34.47,223,321,4073,0.0469,-0.003,-0.023,-0.077,-5.08,-2.08,786,-1746,-2757,0,0,7124,0.1095,-0.026,0.015,-0.085,-4.91,-2.25,835,483,-4703,0,0,3231,0.0388,-0.054,0.072,-0.028,-8.31,1.14,856,1326,-2510,0,0,6012,0.1014,-0.074,0.037,-0.063,-8.04,0.87,856,1282,-4681,0,0
31.801,1021.6,-314.30,-23.79,-27.96,99.1,0.34,-1.47,-0.09,1.00,0.00,1.00,3,4709,356.1,1.99,0.41,1.96,-30.58,236,325,4361,0.0482,0.011,0.002,-0.098,-9.00,1.84,800,28,-3538,0,0,7625,0.1156,0.051,-0.001,-0.099,-8.18,1.02,823,-31,-5706,0,0,3536,0.0396,0.006,0.096,-0.004,-8.13,0.97,883,1863,-2552,0,0,7063,0.1058,0.036,0.063,-0.037,-7.90,0.74,881,2561,-5150,0,0
31.921,1024.9,-317.61,-23.78,-28.18,99.3,0.30,-1.69,-0.45,1.00,0.00,1.00,3,4715,384.9,2.14,0.27,1.93,-28.52,234,326,3873,0.0427,-0.046,0.020,-0.080,-23.67,16.51,757,150,-3419,0,0,6999,0.1119,-0.030,0.006,-0.094,-20.11,12.95,786,94,-5921,0,0,3413,0.0436,0.033,0.095,-0.005,-7.44,0.28,885,1878,-2385,0,0,7585,0.1120,0.052,0.062,-0.038,-7.24,0.08,882,2853,-5309,0,0
32.041,1028.3,-320.90,-23.76,-28.62,100.0,0.36,-1.39,0.00,1.00,0.00,1.00,3,4815,391.7,2.18,0.47,2.18,-28.00,245,331,3806,0.0410,-0.014,-0.002,-0.098,-4.92,-2.25,812,-91,-2476,0,0,6252,0.1030,-0.074,-0.002,-0.098,-4.79,-2.38,834,-116,-3843,0,0,3799,0.0411,-0.021,0.109,0.009,-7.48,0.32,903,2295,-2520,0,0,6334,0.1032,-0.073,0.077,-0.023,-7.29,0.12,901,2964,-4356,0,0
32.161,1031.6,-324.21,-23.77,-29.26,101.6,0.54,-1.32,0.00,1.00,0.00,1.00,3,5119,388.9,2.20,0.23,2.29,-26.96,275,341,4316,0.0448,0.032,-0.003,-0.097,-4.77,-2.39,827,-108,-2740,0,0,6875,0.1046,0.013,-0.002,-0.098,-4.65,-2.51,848,-150,-4118,0,0,4007,0.0470,0.049,0.148,0.048,-7.18,0.01,953,2849,-2294,0,0,6891,0.1054,0.019,0.116,0.016,-7.00,-0.16,949,4195,-4138,0,0
32.281,1035.1,-327.53,-23.76,-30.11,103.4,0.59,-1.36,-0.07,1.00,0.00,1.00,3,5097,390.1,2.20,0.05,2.54,-19.50,286,354,1026,0.0420,-0.024,0.013,-0.087,-7.27,0.11,841,25,-817,0,0,6225,0.0977,-0.058,-0.001,-0.099,-6.79,-0.37,857,-59,-4424,0,0,4073,0.0564,0.079,0.120,0.020,-6.18,-0.98,949,2790,-2359,0,0,7226,0.1098,0.037,0.095,-0.005,-6.07,-1.09,945,4172,-4270,0,0
32.401,1038.5,-330.84,-23.76,-31.17,104.8,0.50,-1.40,0.00,1.00,0.00,1.00,3,5242,321.8,1.99,0.27,2.43,-30.77,293,364,3552,0.0380,-0.033,0.016,-0.084,-21.19,14.03,809,127,-3169,0,0,6381,0.0947,-0.025,0.003,-0.097,-17.90,10.74,839,43,-5474,0,0,3573,0.0488,-0.063,0.144,0.044,-6.33,-0.84,978,2662,-1926,0,0,6797,0.1055,-0.035,0.107,0.007,-6.15,-1.01,974,4240,-3887,0,0
32.521,1042.1,-334.14,-23.76,-32.42,106.5,0.57,-1.26,0.00,1.00,0.00,1.00,3,5396,371.0,2.13,0.18,2.46,-33.79,316,376,4222,0.0441,0.051,-0.002,-0.098,-4.60,-2.57,865,-102,-2596,0,0,6630,0.1008,0.051,-0.002,-0.098,-4.46,-2.70,891,-138,-3841,0,0,4014,0.0493,0.004,0.159,0.059,-7.49,0.33,1004,2887,-2268,0,0,8022,0.1049,-0.005,0.118,0.018,-7.25,0.09,999,4815,-4738,0,0
32.641,1045.7,-337.41,-23.76,-33.88,108.3,0.60,-1.38,0.00,1.00,0.00,1.00,3,5426,379.1,2.18,0.24,2.58,-25.69,311,388,3997,0.0421,-0.017,-0.003,-0.097,-5.04,-2.12,880,-113,-2639,0,0,6214,0.0962,-0.038,-0.002,-0.098,-4.93,-2.23,901,-132,-3904,0,0,3878,0.0553,0.050,0.143,0.043,-7.22,0.06,1011,2713,-2275,0,0,6904,0.1080,0.025,0.114,0.014,-7.06,-0.10,1007,4126,-4203,0,0
32.761,1049.3,-340.65,-23.77,-35.55,109.7,0.52,-1.38,-0.36,0.59,0.00,1.00,3,5110,146.1,1.46,0.48,2.44,-29.41,320,398,3422,0.0369,-0.044,0.009,-0.091,-17.56,10.40,861,85,-3080,0,0,6506,0.0933,-0.024,0.002,-0.098,-15.14,7.98,888,24,-5575,0,0,3439,0.0491,-0.051,0.073,-0.027,-7.41,0.25,955,1722,-2475,0,0,6873,0.1055,-0.020,0.044,-0.056,-7.22,0.06,954,2281,-4946,0,0
32.881,1053.0,-343.79,-23.78,-37.42,109.8,0.24,-1.58,0.00,1.00,0.00,1.00,3,5110,328.2,1.87,0.51,2.10,-26.27,307,399,4093,0.0421,0.044,-0.002,-0.098,-5.19,-1.97,893,-88,-2745,0,0,7038,0.1088,0.129,-0.002,-0.098,-5.08,-2.09,914,-103,-4435,0,0,4154,0.0441,-0.042,0.070,-0.030,-7.39,0.23,958,1841,-3039,0,0,8255,0.1107,0.043,0.044,-0.056,-7.23,0.06,957,2338,-5888,0,0
33.001,1056.6,-346.84,-23.79,-39.47,110.6,0.36,-1.41,0.00,1.00,0.00,1.00,3,5215,370.0,2.11,0.64,2.33,-18.65,305,404,3958,0.0421,0.000,-0.002,-0.098,-4.83,-2.33,903,-90,-2556,0,0,6406,0.1031,-0.048,-0.002,-0.098,-4.75,-2.41,918,-122,-3934,0,0,3647,0.0442,0.001,0.080,-0.020,-6.37,-0.79,978,1972,-2441,0,0,6495,0.1041,-0.055,0.060,-0.040,-6.27,-0.89,976,2767,-4315,0,0
33.121,1060.3,-349.80,-23.81,-41.71,111.7,0.40,-1.28,0.00,1.00,0.00,1.00,3,5242,381.8,2.17,0.57,2.48,-14.37,327,413,4742,0.0446,0.020,-0.002,-0.098,-3.96,-3.20,917,-111,-2651,0,0,7222,0.1025,-0.005,-0.002,-0.098,-3.92,-3.25,928,-148,-3840,0,0,3931,0.0469,0.022,0.070,-0.030,-5.13,-2.03,983,2169,-2372,0,0,6450,0.1033,-0.007,0.055,-0.045,-5.07,-2.09,981,2869,-3859,0,0
33.241,1064.1,-352.68,-23.82,-44.12,113.5,0.50,-1.15,0.00,1.00,0.00,1.00,3,5430,381.0,2.19,0.22,2.81,-8.24,355,426,4318,0.0469,0.019,-0.002,-0.098,-3.00,-4.16,934,-119,-1952,0,0,5813,0.0961,-0.053,-0.002,-0.098,-2.98,-4.18,941,-130,-2550,0,0,4642,0.0588,0.099,0.078,-0.022,-3.66,-3.50,1010,3055,-2127,0,0,7101,0.1080,0.039,0.068,-0.032,-3.64,-3.53,1008,4108,-3217,0,0
33.361,1067.9,-355.52,-23.84,-46.68,115.6,0.56,-0.84,0.00,1.00,0.00,1.00,3,5527,379.6,2.20,0.10,3.33,-5.19,386,443,4310,0.0482,0.010,-0.002,-0.098,-2.00,-5.16,954,-121,-1361,0,0,5378,0.0845,-0.097,-0.002,-0.098,-1.99,-5.17,959,-131,-1663,0,0,4813,0.0643,0.046,0.073,-0.027,-2.40,-4.76,1028,3374,-1555,0,0,5798,0.1006,-0.062,0.068,-0.032,-2.39,-4.77,1027,3816,-1874,0,0
33.481,1071.8,-358.35,-23.86,-49.37,117.9,0.55,-0.63,0.00,1.00,0.00,1.00,3,5548,379.2,2.20,-0.30,3.70,-3.36,430,461,4912,0.0559,0.065,-0.002,-0.098,-1.19,-5.98,975,-133,-934,0,0,5626,0.0833,-0.010,-0.002,-0.098,-1.18,-5.98,978,-137,-1055,0,0,6046,0.0738,0.080,0.054,-0.046,-1.42,-5.74,1029,3789,-1238,0,0,6955,0.1012,0.006,0.050,-0.050,-1.42,-5.75,1028,4109,-1414,0,0
33.601,1075.8,-361.17,-23.86,-52.16,120.1,0.52,-0.43,0.00,1.00,0.00,1.00,3,5682,376.2,2.20,-0.46,4.19,-0.97,440,478,5004,0.0595,0.030,-0.002,-0.098,-0.56,-6.61,993,-129,-456,0,0,5132,0.0747,-0.072,-0.002,-0.098,-0.55,-6.61,994,-129,-467,0,0,5332,0.0843,0.087,0.060,-0.040,-0.63,-6.54,1056,3606,-495,0,0,5401,0.0985,-0.023,0.060,-0.040,-0.63,-6.54,1056,3618,-502,0,0
33.721,1079.8,-364.01,-23.86,-55.05,122.2,0.52,-0.41,-0.24,1.00,0.00,1.00,3,5782,373.8,2.20,-0.58,4.29,-9.49,460,496,5225,0.0625,0.025,0.001,-0.099,-7.32,0.15,1003,40,-3777,0,0,6328,0.0738,-0.008,-0.001,-0.099,-5.93,-1.24,1011,-69,-3996,0,0,4943,0.0844,0.001,0.063,-0.037,-0.33,-6.83,1075,3476,-220,0,0,5873,0.0960,-0.021,0.055,-0.045,-0.33,-6.83,1075,3773,-261,0,0
33.841,1083.9,-366.81,-23.85,-58.05,123.9,0.44,-0.99,0.00,1.00,0.00,1.00,3,5902,371.0,2.20,-0.47,3.52,-34.74,452,509,4368,0.0520,-0.087,-0.002,-0.098,-0.35,-6.81,1011,-71,-200,0,0,5938,0.0866,0.107,-0.002,-0.098,-0.34,-6.82,1038,-118,-232,0,0,4480,0.0735,-0.091,0.084,-0.016,-2.96,-4.20,1099,3282,-1605,0,0,7023,0.1081,0.101,0.054,-0.046,-2.88,-4.28,1098,3741,-2605,0,0
33.961,1088.1,-369.57,-23.84,-61.17,125.9,0.53,-0.79,-0.05,1.00,0.00,1.00,3,6091,365.5,2.20,-0.22,3.58,-23.03,462,525,3931,0.0502,-0.016,-0.002,-0.098,-4.21,-2.95,1029,-101,-2291,0,0,5850,0.0817,-0.041,-0.002,-0.098,-3.82,-3.34,1048,-134,-3076,0,0,4441,0.0692,-0.036,0.096,-0.004,-3.97,-3.19,1134,3230,-2000,0,0,6157,0.1007,-0.062,0.076,-0.024,-3.91,-3.26,1133,3845,-2866,0,0
34.081,1092.3,-372.25,-23.83,-64.46,127.7,0.53,-1.24,0.00,1.00,0.00,1.00,3,6141,363.8,2.20,-0.22,3.02,-27.10,466,540,4059,0.0458,-0.036,-0.002,-0.098,-3.07,-4.09,1043,-113,-1817,0,0,6348,0.0936,0.099,-0.002,-0.098,-3.01,-4.15,1065,-116,-2691,0,0,4548,0.0622,-0.059,0.093,-0.007,-5.03,-2.13,1144,2998,-2468,0,0,7964,0.1099,0.077,0.068,-0.032,-4.93,-2.23,1141,4101,-4367,0,0
34.201,1096.6,-374.82,-23.82,-67.89,129.5,0.55,-1.12,0.00,1.00,0.00,1.00,3,6366,355.9,2.20,-0.01,3.11,-20.43,466,555,3923,0.0440,-0.015,-0.002,-0.098,-3.79,-3.38,1060,-105,-2120,0,0,5931,0.0891,-0.037,-0.002,-0.098,-3.73,-3.43,1077,-132,-3067,0,0,4033,0.0584,-0.032,0.115,0.015,-5.24,-1.93,1187,2933,-2098,0,0,6329,0.1030,-0.057,0.096,-0.004,-5.16,-2.00,1184,4067,-3374,0,0
34.321,1101.0,-377.30,-23.82,-71.47,131.4,0.56,-1.15,0.00,1.00,0.00,1.00,3,6437,353.4,2.20,-0.05,3.02,-18.68,496,572,4080,0.0437,-0.002,-0.002,-0.098,-3.90,-3.26,1077,-107,-2256,0,0,6371,0.0915,0.020,-0.002,-0.098,-3.85,-3.31,1092,-142,-3360,0,0,4073,0.0565,-0.016,0.110,0.010,-5.20,-1.96,1200,2909,-2148,0,0,7439,0.1040,0.008,0.093,-0.007,-5.12,-2.04,1195,4614,-3924,0,0
34.441,1105.4,-379.69,-23.82,-75.19,133.4,0.53,-0.80,0.00,1.00,0.00,1.00,3,6439,353.2,2.20,-0.14,3.59,6.72,516,590,4561,0.0498,0.051,-0.003,-0.097,-3.76,-3.40,1104,-127,-2476,0,0,5490,0.0819,-0.080,-0.003,-0.097,-3.78,-3.39,1099,-157,-2941,0,0,4819,0.0674,0.091,0.082,-0.018,-3.30,-3.87,1199,3372,-2007,0,0,5576,0.0985,-0.046,0.086,-0.014,-3.31,-3.85,1198,3946,-2267,0,0
34.561,1109.9,-382.01,-23.82,-79.04,135.5,0.53,-0.80,0.00,1.00,0.00,1.00,3,6416,354.1,2.20,-0.39,3.69,2.76,552,609,4937,0.0514,0.013,-0.002,-0.098,-1.58,-5.58,1123,-127,-1255,0,0,5988,0.0828,0.007,-0.002,-0.098,-1.58,-5.58,1121,-152,-1500,0,0,4817,0.0693,0.016,0.062,-0.038,-1.38,-5.78,1195,3250,-973,0,0,5821,0.1007,0.018,0.062,-0.038,-1.38,-5.78,1194,3890,-1156,0,0
34.681,1114.5,-384.29,-23.81,-82.98,137.6,0.51,-0.57,-0.22,1.00,0.00,1.00,3,6484,351.7,2.20,-0.62,4.02,-6.64,577,628,4652,0.0551,0.031,0.001,-0.099,-7.27,0.10,1130,38,-3461,0,0,5650,0.0775,-0.044,-0.001,-0.099,-5.99,-1.18,1136,-55,-3740,0,0,5007,0.0790,0.081,0.060,-0.040,-0.64,-6.52,1208,3395,-459,0,0,5913,0.1007,0.000,0.054,-0.046,-0.64,-6.52,1207,3739,-540,0,0
34.801,1119.1,-386.51,-23.80,-87.03,139.5,0.47,-0.70,0.00,1.00,0.00,1.00,3,6643,346.1,2.20,-0.45,3.93,-18.04,581,645,5125,0.0538,-0.011,-0.002,-0.098,-0.95,-6.21,1147,-138,-714,0,0,5878,0.0792,0.015,-0.002,-0.098,-0.94,-6.23,1162,-131,-800,0,0,4874,0.0734,-0.047,0.075,-0.025,-2.14,-5.02,1237,3544,-1359,0,0,5519,0.0989,-0.015,0.062,-0.038,-2.11,-5.05,1237,3562,-1576,0,0
34.921,1123.8,-388.69,-23.79,-91.19,141.6,0.52,-0.64,0.00,1.00,0.00,1.00,3,6704,344.0,2.20,-0.53,3.99,-9.50,608,665,4378,0.0533,-0.004,-0.002,-0.098,-1.59,-5.57,1167,-121,-1087,0,0,5707,0.0780,-0.011,-0.002,-0.098,-1.58,-5.58,1175,-129,-1378,0,0,4980,0.0773,0.033,0.067,-0.033,-2.21,-4.96,1249,3367,-1494,0,0,6108,0.1014,0.021,0.059,-0.041,-2.19,-4.97,1248,3759,-1834,0,0
35.041,1128.5,-390.82,-23.77,-95.45,143.6,0.51,-0.64,0.00,1.00,0.00,1.00,3,6812,340.2,2.20,-0.53,4.02,-5.44,626,685,5091,0.0525,-0.007,-0.002,-0.098,-1.42,-5.74,1186,-136,-1137,0,0,6119,0.0764,-0.013,-0.003,-0.097,-1.42,-5.75,1189,-270,-1335,0,0,4854,0.0755,-0.015,0.067,-0.033,-1.77,-5.39,1269,3381,-1193,0,0,5725,0.0995,-0.016,0.062,-0.038,-1.76,-5.40,1269,3769,-1404,0,0
35.161,1133.4,-392.89,-23.76,-99.81,145.7,0.51,-0.55,0.00,1.00,0.00,1.00,3,6864,338.4,2.20,-0.69,4.13,-2.92,652,705,4664,0.0548,0.019,-0.002,-0.098,-1.05,-6.11,1205,-123,-786,0,0,5551,0.0761,-0.002,-0.002,-0.098,-1.05,-6.11,1207,-133,-920,0,0,5253,0.0796,0.034,0.059,-0.041,-1.24,-5.92,1279,3451,-937,0,0,5904,0.1007,0.010,0.056,-0.044,-1.23,-5.93,1278,3725,-1049,0,0
35.281,1138.3,-394.93,-23.74,-104.26,147.8,0.50,-0.47,-0.18,1.00,0.00,1.00,3,6975,334.5,2.20,-0.73,4.30,-5.06,672,725,5052,0.0555,0.005,-0.002,-0.098,-2.90,-4.26,1220,-116,-2184,0,0,10549,0.0720,-0.035,-0.003,-0.097,-2.46,-4.70,1221,286,-3442,0,0,4957,0.0806,0.009,0.061,-0.039,-0.77,-6.39,1300,3424,-552,0,0,5763,0.0973,-0.028,0.057,-0.043,-0.77,-6.39,1299,3783,-639,0,0
35.401,1143.2,-396.91,-23.71,-108.81,149.6,0.45,-0.83,0.00,1.00,0.00,1.00,3,7090,327.8,2.20,-0.60,3.84,-22.25,671,742,4428,0.0502,-0.044,-0.002,-0.098,-1.01,-6.15,1228,-127,-653,0,0,5807,0.0806,0.072,-0.001,-0.099,-1.00,-6.17,1246,-123,-826,0,0,4745,0.0727,-0.066,0.073,-0.027,-2.39,-4.77,1322,3356,-1471,0,0,6121,0.1028,0.046,0.057,-0.043,-2.35,-4.81,1321,3648,-1930,0,0
35.521,1148.3,-398.81,-23.69,-113.46,151.2,0.42,-0.72,0.00,1.00,0.00,0.58,3,7011,332.7,2.20,-0.43,3.88,-12.45,677,758,4795,0.0500,-0.001,-0.002,-0.098,-2.05,-5.11,1245,-111,-1501,0,0,6687,0.0788,-0.015,-0.001,-0.099,-2.03,-5.13,1255,-103,-2008,0,0,4505,0.0705,-0.018,0.042,-0.058,-2.81,-4.35,1300,2154,-1809,0,0,5777,0.0992,-0.030,0.034,-0.066,-2.79,-4.37,1300,2250,-2296,0,0
35.641,1153.3,-400.61,-23.67,-118.17,151.5,0.11,-0.81,0.00,1.00,0.00,0.10,3,7373,309.4,2.20,-0.32,3.73,-5.76,656,760,4595,0.0520,0.016,-0.001,-0.099,-1.96,-5.20,1251,-75,-1399,0,0,6378,0.0858,0.059,-0.001,-0.099,-1.95,-5.21,1256,-92,-1879,0,0,4380,0.0660,-0.037,0.008,-0.092,-2.32,-4.84,1262,481,-1566,0,0,5685,0.0993,0.000,0.004,-0.096,-2.31,-4.85,1262,349,-1985,0,0
35.761,1158.3,-402.31,-23.66,-122.93,151.8,0.11,-0.68,0.00,1.00,0.00,1.00,4,6840,338.3,2.20,-0.22,3.88,-3.06,641,763,5162,0.0560,0.033,-0.003,-0.097,-1.44,-5.73,1254,-114,-1160,0,0,6162,0.0859,0.000,-0.002,-0.098,-1.43,-5.73,1258,-137,-1369,0,0,4630,0.0644,-0.013,0.047,-0.053,-1.62,-5.54,1317,2615,-1116,0,0,5488,0.0943,-0.041,0.045,-0.055,-1.62,-5.54,1317,2928,-1311,0,0
35.881,1163.4,-403.95,-23.64,-127.75,153.3,0.36,-0.51,0.00,1.00,0.00,1.00,4,5450,381.7,2.20,-0.44,4.19,-1.50,683,779,4947,0.0578,0.015,-0.002,-0.098,-0.92,-6.25,1269,-116,-727,0,0,5488,0.0802,-0.047,-0.001,-0.099,-0.92,-6.25,1270,-120,-799,0,0,5172,0.0729,0.071,0.041,-0.059,-1.00,-6.16,1324,2715,-788,0,0,5619,0.0947,0.003,0.040,-0.060,-1.00,-6.16,1324,2862,-852,0,0
36.001,1168.6,-405.55,-23.63,-132.63,154.8,0.35,-0.36,0.00,1.00,0.00,1.00,4,5501,380.5,2.20,-0.57,4.52,-0.46,711,794,5238,0.0599,0.017,-0.004,-0.096,-0.45,-6.71,1279,-280,-379,0,0,5435,0.0732,-0.059,-0.004,-0.096,-0.45,-6.71,1279,-270,-392,0,0,5169,0.0783,0.045,0.041,-0.059,-0.47,-6.69,1337,2746,-378,0,0,5353,0.0917,-0.025,0.041,-0.059,-0.47,-6.69,1336,2814,-390,0,0
36.121,1173.8,-407.12,-23.61,-137.58,156.2,0.34,-0.24,-0.07,1.00,0.00,1.00,4,5549,379.4,2.20,-0.68,4.81,-0.10,730,809,5209,0.0632,0.028,-0.001,-0.099,-0.09,-7.07,1293,-126,-82,0,0,5151,0.0697,-0.029,-0.001,-0.099,-0.09,-7.07,1293,-116,-82,0,0,5331,0.0827,0.036,0.040,-0.060,-0.10,-7.06,1348,2796,-84,0,0,5247,0.0886,-0.026,0.040,-0.060,-0.10,-7.06,1348,2757,-82,0,0
36.241,1179.0,-408.64,-23.58,-142.58,157.4,0.30,-0.71,0.00,1.00,0.00,1.00,4,5614,377.8,2.20,-0.57,4.24,-26.48,734,821,4171,0.0553,-0.065,-0.008,-0.092,0.32,-6.84,1286,-553,-1283,0,0,6531,0.0771,0.062,-0.004,-0.096,0.31,-6.85,1312,-508,-1513,0,0,4159,0.0734,-0.077,0.054,-0.046,-1.22,-5.94,1365,2645,-698,0,0,6123,0.0953,0.056,0.037,-0.063,-1.20,-5.96,1364,2841,-1022,0,0
36.361,1184.3,-410.09,-23.56,-147.65,158.8,0.35,-0.55,0.00,1.00,0.00,1.00,4,5677,376.3,2.20,-0.44,4.14,-15.12,744,836,4501,0.0540,-0.011,-0.002,-0.098,-1.62,-5.54,1308,-111,-1122,0,0,5782,0.0788,0.014,-0.001,-0.099,-1.61,-5.55,1320,-113,-1400,0,0,4695,0.0723,-0.009,0.053,-0.047,-2.50,-4.66,1380,2695,-1642,0,0,5768,0.0965,0.010,0.043,-0.057,-2.48,-4.68,1380,2793,-2015,0,0
36.481,1189.6,-411.45,-23.55,-152.79,160.2,0.36,-0.75,0.00,1.00,0.00,1.00,4,5726,375.1,2.20,-0.38,3.96,-8.36,756,850,4385,0.0508,-0.027,-0.002,-0.098,-1.93,-5.23,1322,-107,-1318,0,0,5936,0.0804,0.013,-0.002,-0.098,-1.92,-5.24,1328,-123,-1731,0,0,4531,0.0693,-0.025,0.051,-0.049,-2.42,-4.75,1392,2563,-1559,0,0,5826,0.0989,0.020,0.045,-0.055,-2.40,-4.76,1391,2940,-1984,0,0
36.601,1195.0,-412.72,-23.53,-158.01,161.5,0.36,-0.71,0.00,1.00,0.00,1.00,4,5760,374.3,2.20,-0.39,3.96,-4.48,772,865,4486,0.0502,-0.005,-0.002,-0.098,-1.67,-5.49,1335,-109,-1177,0,0,5695,0.0806,0.002,-0.002,-0.098,-1.66,-5.50,1339,-122,-1462,0,0,4654,0.0687,-0.004,0.047,-0.053,-1.92,-5.24,1401,2569,-1315,0,0,5859,0.0989,0.000,0.043,-0.057,-1.92,-5.24,1400,2985,-1632,0,0
36.721,1200.4,-413.90,-23.52,-163.29,162.9,0.34,-0.77,0.00,1.00,0.00,1.00,4,5807,373.2,2.20,-0.36,3.92,-12.59,784,879,4051,0.0498,-0.004,0.003,-0.097,-10.16,3.00,1327,56,-3488,0,0,6176,0.0805,-0.001,-0.001,-0.099,-8.47,1.30,1338,-54,-4922,0,0,4218,0.0677,-0.009,0.049,-0.051,-1.58,-5.58,1413,2483,-971,0,0,6000,0.0984,-0.004,0.041,-0.059,-1.57,-5.60,1411,2996,-1361,0,0
36.841,1205.8,-414.99,-23.52,-168.63,164.2,0.34,-0.69,0.00,1.00,0.00,1.00,4,5857,372.0,2.20,-0.26,3.98,-10.43,791,894,4539,0.0503,0.004,-0.002,-0.098,-1.61,-5.55,1354,-111,-1134,0,0,5616,0.0806,0.001,-0.001,-0.099,-1.60,-5.56,1363,-115,-1370,0,0,4815,0.0677,0.000,0.049,-0.051,-2.19,-4.97,1424,2695,-1511,0,0,5744,0.0981,-0.003,0.043,-0.057,-2.18,-4.98,1424,2839,-1795,0,0
36.961,1211.3,-415.98,-23.52,-174.04,165.6,0.36,-0.67,0.00,1.00,0.00,1.00,4,5895,371.0,2.20,-0.24,4.08,-5.71,810,909,4479,0.0512,0.008,-0.002,-0.098,-1.60,-5.56,1368,-110,-1126,0,0,5653,0.0790,-0.013,-0.002,-0.098,-1.59,-5.57,1373,-122,-1390,0,0,4870,0.0690,0.011,0.046,-0.054,-1.92,-5.25,1434,2645,-1365,0,0,5857,0.0969,-0.010,0.042,-0.058,-1.91,-5.25,1433,2919,-1625,0,0
37.081,1216.9,-416.90,-23.52,-179.52,167.0,0.35,-0.60,0.00,1.00,0.00,1.00,4,5940,370.0,2.20,-0.27,4.22,-2.79,827,925,4583,0.0525,0.011,-0.002,-0.098,-1.25,-5.91,1381,-109,-914,0,0,5461,0.0773,-0.014,-0.002,-0.098,-1.25,-5.91,1384,-119,-1072,0,0,4902,0.0714,0.020,0.044,-0.056,-1.41,-5.75,1445,2648,-1034,0,0,5633,0.0962,-0.005,0.042,-0.058,-1.40,-5.76,1444,2893,-1178,0,0
37.201,1222.5,-417.74,-23.53,-185.05,168.4,0.35,-0.47,0.00,1.00,0.00,1.00,4,5984,368.9,2.20,-0.29,4.45,-1.27,843,941,4732,0.0552,0.022,-0.002,-0.098,-0.82,-6.35,1394,-112,-621,0,0,5460,0.0742,-0.026,-0.001,-0.099,-0.82,-6.35,1395,-121,-707,0,0,5030,0.0739,0.021,0.042,-0.058,-0.89,-6.28,1456,2693,-678,0,0,5429,0.0926,-0.030,0.041,-0.059,-0.89,-6.28,1455,2833,-729,0,0
37.321,1228.1,-418.54,-23.53,-190.63,169.9,0.34,-0.35,0.00,1.00,0.00,1.00,4,6033,367.4,2.20,-0.33,4.74,-0.48,859,957,4903,0.0585,0.027,-0.002,-0.098,-0.42,-6.75,1406,-114,-331,0,0,5083,0.0703,-0.032,-0.002,-0.098,-0.42,-6.75,1407,-115,-342,0,0,5121,0.0774,0.028,0.041,-0.059,-0.44,-6.72,1467,2740,-349,0,0,5287,0.0892,-0.028,0.041,-0.059,-0.44,-6.72,1467,2801,-360,0,0
37.441,1233.8,-419.30,-23.54,-196.27,171.3,0.34,-0.25,0.00,1.00,0.00,1.00,4,6083,365.6,2.20,-0.37,4.98,-0.17,874,974,5181,0.0617,0.027,-0.002,-0.098,-0.10,-7.06,1419,-123,-85,0,0,5134,0.0678,-0.021,-0.002,-0.098,-0.10,-7.06,1419,-117,-85,0,0,5210,0.0801,0.023,0.041,-0.059,-0.11,-7.06,1480,2779,-88,0,0,5171,0.0855,-0.031,0.041,-0.059,-0.11,-7.06,1480,2758,-87,0,0
37.561,1239.5,-420.03,-23.54,-201.97,172.8,0.34,-0.17,0.00,1.00,0.00,1.00,4,6135,363.8,2.20,-0.41,5.18,-0.07,888,990,5211,0.0642,0.020,-0.002,-0.098,0.13,-7.03,1431,-119,110,0,0,5043,0.0650,-0.023,-0.002,-0.098,0.14,-7.03,1431,-116,107,0,0,5238,0.0823,0.018,0.041,-0.059,0.13,-7.03,1492,2800,104,0,0,5092,0.0832,-0.020,0.041,-0.059,0.13,-7.03,1492,2734,101,0,0
37.681,1245.3,-420.76,-23.54,-207.71,174.2,0.34,-0.11,0.00,1.00,0.00,1.00,4,6182,362.2,2.20,-0.47,5.33,-0.09,904,1006,5225,0.0659,0.015,-0.001,-0.099,0.29,-6.87,1442,-119,243,0,0,4926,0.0636,-0.011,-0.002,-0.098,0.29,-6.87,1442,-114,230,0,0,5284,0.0839,0.013,0.041,-0.059,0.29,-6.87,1504,2798,234,0,0,5208,0.0814,-0.015,0.041,-0.059,0.29,-6.87,1504,2763,230,0,0
37.801,1251.2,-421.47,-23.53,-213.50,175.6,0.33,-0.08,0.00,1.00,0.00,1.00,4,6234,360.2,2.20,-0.52,5.43,-0.14,918,1023,5233,0.0673,0.011,-0.002,-0.098,0.40,-6.76,1454,-119,332,0,0,4926,0.0623,-0.011,-0.002,-0.098,0.40,-6.76,1454,-114,314,0,0,5474,0.0849,0.009,0.040,-0.060,0.40,-6.77,1516,2911,327,0,0,5195,0.0799,-0.012,0.042,-0.058,0.40,-6.77,1516,2821,310,0,0
37.921,1257.0,-422.19,-23.52,-219.34,177.0,0.33,-0.06,0.00,1.00,0.00,1.00,4,6279,358.8,2.20,-0.57,5.51,-0.20,931,1039,5231,0.0680,0.006,-0.001,-0.099,0.46,-6.70,1466,-118,385,0,0,4847,0.0616,-0.006,-0.002,-0.098,0.46,-6.70,1466,-112,359,0,0,5425,0.0864,0.012,0.040,-0.060,0.45,-6.71,1528,2841,374,0,0,5120,0.0799,0.000,0.041,-0.059,0.45,-6.71,1528,2704,354,0,0
38.041,1263.0,-422.88,-23.51,-225.22,178.3,0.31,-0.36,-0.30,1.00,0.00,1.00,4,6330,357.0,2.20,-0.56,5.09,-17.60,944,1054,4207,0.0629,-0.043,0.004,-0.096,-9.70,2.53,1456,84,-3574,0,0,6107,0.0671,0.046,-0.001,-0.099,-7.79,0.63,1470,-45,-4726,0,0,4549,0.0811,-0.044,0.046,-0.054,-0.07,-7.09,1541,2673,-15,0,0,5891,0.0847,0.039,0.036,-0.064,-0.07,-7.09,1540,2843,-20,0,0
38.161,1268.9,-423.50,-23.50,-231.16,179.5,0.31,-0.64,0.00,1.00,0.00,1.00,4,6408,354.3,2.20,-0.31,4.46,-21.32,944,1068,4640,0.0545,-0.070,-0.002,-0.098,-1.39,-5.77,1477,-114,-975,0,0,5898,0.0763,0.077,-0.001,-0.099,-1.37,-5.79,1494,-112,-1202,0,0,4654,0.0717,-0.079,0.054,-0.046,-2.49,-4.67,1560,2721,-1603,0,0,5705,0.0934,0.073,0.042,-0.058,-2.46,-4.70,1560,2720,-1970,0,0
38.281,1274.9,-424.02,-23.49,-237.14,180.8,0.35,-0.82,0.00,1.00,0.00,1.00,4,6469,352.1,2.20,-0.22,4.12,-13.06,956,1083,4165,0.0498,-0.040,-0.002,-0.098,-2.40,-4.76,1490,-101,-1524,0,0,6050,0.0813,0.041,-0.002,-0.098,-2.38,-4.78,1500,-120,-2133,0,0,4380,0.0673,-0.036,0.055,-0.045,-3.07,-4.10,1575,2488,-1834,0,0,6191,0.0983,0.041,0.047,-0.053,-3.04,-4.12,1574,3033,-2556,0,0
38.401,1281.0,-424.41,-23.48,-243.18,182.0,0.35,-0.90,0.00,1.00,0.00,1.00,4,6516,350.5,2.20,-0.16,3.92,-8.16,962,1098,4239,0.0470,-0.024,-0.002,-0.098,-2.48,-4.68,1502,-103,-1608,0,0,6034,0.0839,0.021,-0.002,-0.098,-2.47,-4.69,1509,-126,-2215,0,0,4294,0.0631,-0.036,0.054,-0.046,-2.90,-4.26,1587,2443,-1727,0,0,5904,0.0999,0.013,0.049,-0.051,-2.88,-4.28,1586,3028,-2338,0,0
38.521,1287.1,-424.68,-23.48,-249.27,183.3,0.34,-0.85,0.00,1.00,0.00,1.00,4,6536,349.8,2.20,-0.14,3.98,-4.74,974,1113,4308,0.0472,0.002,-0.002,-0.098,-2.15,-5.01,1514,-104,-1439,0,0,5755,0.0832,-0.005,-0.002,-0.098,-2.15,-5.02,1518,-122,-1873,0,0,4585,0.0637,0.005,0.049,-0.051,-2.39,-4.77,1592,2510,-1576,0,0,5808,0.0996,-0.002,0.045,-0.055,-2.39,-4.78,1591,2952,-1970,0,0
38.641,1293.2,-424.83,-23.49,-255.40,184.6,0.34,-0.72,0.07,1.00,0.00,1.00,4,6562,348.8,2.20,-0.20,4.17,-2.61,998,1130,4495,0.0499,0.022,-0.002,-0.098,-1.65,-5.51,1527,-108,-1170,0,0,5884,0.0818,-0.012,-0.002,-0.098,-1.65,-5.52,1529,-174,-1492,0,0,4855,0.0669,0.027,0.044,-0.056,-1.78,-5.38,1598,2590,-1280,0,0,5788,0.0982,-0.012,0.042,-0.058,-1.78,-5.38,1597,2934,-1508,0,0
38.761,1299.4,-424.94,-23.48,-261.58,185.8,0.27,0.12,0.00,1.00,0.00,1.00,4,6606,347.3,2.20,-0.43,5.50,32.65,1017,1144,6768,0.0678,0.149,-0.004,-0.096,9.32,2.16,1527,-142,5519,0,0,4137,0.0657,-0.134,0.001,-0.099,11.61,4.45,1499,30,3642,0,0,6277,0.0840,0.142,0.035,-0.065,0.51,-6.65,1608,2887,387,0,0,4010,0.0818,-0.137,0.052,-0.048,0.52,-6.64,1609,2585,250,0,0
38.881,1305.6,-425.09,-23.47,-267.79,186.9,0.30,0.36,0.00,1.00,0.00,1.00,4,6705,343.8,2.20,-0.90,6.44,25.41,1017,1158,6262,0.0814,0.113,-0.001,-0.099,2.51,-4.66,1556,-108,2266,0,0,4087,0.0543,-0.095,-0.002,-0.098,2.54,-4.62,1535,-94,1550,0,0,6181,0.0983,0.119,0.047,-0.053,3.75,-3.41,1632,2836,3006,0,0,4575,0.0707,-0.092,0.061,-0.039,3.80,-3.36,1633,2614,2220,0,0
39.001,1311.9,-425.33,-23.43,-274.04,188.0,0.32,0.80,0.00,1.00,0.00,1.00,4,6783,341.1,2.20,-1.18,7.04,17.87,992,1170,6519,0.0896,0.068,-0.002,-0.098,4.11,-3.05,1558,-117,3589,0,0,3851,0.0454,-0.074,-0.002,-0.098,4.14,-3.02,1543,-84,2229,0,0,7013,0.1042,0.049,0.057,-0.043,4.98,-2.18,1651,3230,4056,0,0,4115,0.0601,-0.089,0.068,-0.032,5.03,-2.14,1653,2266,2433,0,0
39.121,1318.2,-425.68,-23.38,-280.31,188.9,0.27,0.50,-0.29,1.00,0.00,1.00,4,6851,338.7,2.20,-1.26,6.77,-11.92,984,1181,5065,0.0855,-0.034,0.002,-0.098,-6.98,-0.18,1554,55,-3792,0,0,5022,0.0473,0.016,-0.002,-0.098,-4.79,-2.37,1563,-105,-3010,0,0,5001,0.0971,-0.059,0.071,-0.029,4.70,-2.46,1668,2845,2796,0,0,4962,0.0590,-0.009,0.066,-0.034,4.68,-2.49,1669,2689,2810,0,0
39.241,1324.5,-426.08,-23.31,-286.62,190.1,0.28,0.28,0.00,1.00,0.00,1.00,4,6732,342.9,2.20,-1.17,6.38,-23.68,1051,1197,5925,0.0809,-0.038,-0.002,-0.098,1.73,-5.43,1564,-149,1649,0,0,4669,0.0559,0.071,-0.002,-0.098,1.71,-5.45,1583,-102,1311,0,0,5940,0.0953,-0.015,0.045,-0.055,0.60,-6.56,1638,3323,588,0,0,4864,0.0696,0.088,0.034,-0.066,0.59,-6.57,1641,2249,496,0,0
39.361,1330.8,-426.49,-23.22,-292.97,191.3,0.29,-0.16,0.00,1.00,0.00,1.00,4,6790,340.8,2.20,-1.14,5.84,-14.16,1087,1214,5023,0.0736,-0.060,-0.002,-0.098,-0.35,-6.81,1579,-120,-252,0,0,5692,0.0635,0.063,-0.001,-0.099,-0.35,-6.81,1590,-117,-281,0,0,4914,0.0887,-0.055,0.045,-0.055,-1.02,-6.14,1654,2786,-730,0,0,5477,0.0786,0.075,0.038,-0.062,-1.01,-6.15,1654,2702,-814,0,0
39.481,1337.2,-426.84,-23.12,-299.35,191.6,0.09,-0.51,0.00,0.00,0.00,1.00,4,6448,-70.7,0.86,-1.08,5.10,-7.24,1063,1217,4762,0.0639,-0.081,-0.001,-0.099,-1.08,-6.08,1584,-60,-804,0,0,6018,0.0748,0.094,-0.001,-0.099,-1.07,-6.09,1590,-68,-992,0,0,4536,0.0791,-0.080,-0.005,-0.095,-1.43,-5.73,1578,-305,-1020,0,0,5570,0.0900,0.095,-0.007,-0.093,-1.43,-5.73,1580,-552,-1227,0,0
39.601,1343.6,-427.11,-23.02,-305.71,190.5,-0.25,-0.56,0.00,0.00,0.00,1.00,4,6408,-70.5,0.26,-0.88,4.81,-4.02,972,1201,5474,0.0671,0.026,-0.001,-0.099,-1.11,-6.05,1576,-107,-947,0,0,6503,0.0865,0.098,-0.001,-0.099,-1.11,-6.06,1580,-84,-1106,0,0,4474,0.0683,-0.090,-0.006,-0.094,-1.31,-5.85,1569,-374,-927,0,0,5314,0.0870,-0.025,-0.007,-0.093,-1.31,-5.86,1570,-531,-1083,0,0
39.721,1349.9,-427.30,-22.91,-312.03,189.4,-0.25,-0.50,0.00,0.00,0.00,1.00,4,6372,-70.2,0.21,-0.81,4.87,-2.36,924,1187,5766,0.0702,0.026,-0.001,-0.099,-0.87,-6.29,1568,-79,-790,0,0,6415,0.0882,0.014,-0.001,-0.099,-0.87,-6.29,1570,-88,-868,0,0,4359,0.0644,-0.032,-0.006,-0.094,-0.99,-6.17,1560,-402,-689,0,0,4921,0.0825,-0.037,-0.007,-0.093,-0.99,-6.18,1561,-497,-770,0,0
39.841,1356.2,-427.44,-22.79,-318.33,188.3,-0.25,-0.42,0.00,0.00,0.00,1.00,4,6338,-70.0,0.20,-0.92,5.06,-1.16,910,1173,5496,0.0731,0.024,-0.001,-0.099,-0.57,-6.59,1560,-70,-498,0,0,5834,0.0870,-0.010,-0.001,-0.099,-0.57,-6.59,1561,-74,-526,0,0,4825,0.0680,0.030,-0.006,-0.094,-0.63,-6.53,1552,-435,-486,0,0,5123,0.0819,-0.004,-0.006,-0.094,-0.63,-6.54,1552,-484,-513,0,0
39.961,1362.5,-427.51,-22.67,-324.58,187.3,-0.25,-0.32,-0.07,0.00,0.00,1.00,4,6305,-69.7,0.20,-1.03,5.27,-0.69,901,1160,5945,0.0757,0.022,-0.001,-0.099,-0.27,-6.89,1552,-77,-256,0,0,6033,0.0849,-0.017,-0.001,-0.099,-0.27,-6.89,1552,-78,-260,0,0,5033,0.0698,0.014,-0.006,-0.094,-0.30,-6.86,1544,-445,-245,0,0,5089,0.0781,-0.032,-0.006,-0.094,-0.30,-6.86,1544,-465,-247,0,0
40.081,1368.7,-427.52,-22.54,-330.80,186.0,-0.29,-0.82,0.00,0.00,0.00,1.00,4,6262,-69.4,0.20,-0.94,4.70,-26.75,877,1144,4858,0.0660,-0.081,-0.007,-0.093,-0.14,-7.03,1523,-530,-1460,0,0,7335,0.0913,0.053,-0.004,-0.096,-0.13,-7.03,1548,-508,-1742,0,0,3633,0.0607,-0.076,-0.001,-0.099,-1.45,-5.71,1530,-53,-802,0,0,5703,0.0860,0.066,-0.010,-0.090,-1.43,-5.73,1537,-798,-1199,0,0
40.201,1374.9,-427.42,-22.41,-336.98,184.8,-0.23,-0.70,0.00,0.00,0.00,1.00,4,6212,-69.1,0.20,-0.85,4.60,-16.08,864,1130,4889,0.0648,-0.009,-0.001,-0.099,-2.04,-5.12,1524,-63,-1512,0,0,6443,0.0945,0.027,-0.001,-0.099,-2.02,-5.14,1537,-69,-1928,0,0,4386,0.0588,-0.016,-0.004,-0.096,-2.84,-4.32,1519,-214,-1856,0,0,5706,0.0884,0.020,-0.009,-0.091,-2.81,-4.35,1523,-665,-2342,0,0
40.321,1381.0,-427.20,-22.28,-343.11,183.7,-0.23,-0.91,0.00,0.00,0.00,1.00,4,6168,-68.8,0.20,-0.79,4.40,-9.52,852,1116,4683,0.0598,-0.042,-0.001,-0.099,-2.42,-4.74,1517,-59,-1722,0,0,6941,0.0961,0.013,-0.002,-0.098,-2.41,-4.75,1522,-32,-2428,0,0,3857,0.0539,-0.041,-0.006,-0.094,-2.90,-4.26,1509,-276,-1685,0,0,5450,0.0898,0.011,-0.009,-0.091,-2.88,-4.28,1512,-590,-2308,0,0
40.441,1387.1,-426.85,-22.16,-349.20,182.5,-0.23,-0.90,0.00,0.00,0.00,1.00,4,6132,-68.5,0.20,-0.80,4.38,-5.01,842,1102,4701,0.0584,-0.012,-0.001,-0.099,-2.18,-4.98,1509,-59,-1578,0,0,6326,0.0964,0.003,-0.001,-0.099,-2.17,-4.99,1513,-79,-2063,0,0,4096,0.0540,0.001,-0.006,-0.094,-2.44,-4.73,1501,-332,-1536,0,0,5463,0.0919,0.018,-0.008,-0.092,-2.43,-4.73,1503,-540,-1998,0,0
40.561,1393.2,-426.39,-22.04,-355.24,181.4,-0.23,-0.75,0.00,0.00,0.00,1.00,4,6098,-68.3,0.20,-0.79,4.61,-2.69,837,1088,5095,0.0596,0.009,-0.001,-0.099,-1.67,-5.50,1501,-66,-1326,0,0,6217,0.0929,-0.029,-0.001,-0.099,-1.66,-5.50,1503,-83,-1587,0,0,4155,0.0541,0.001,-0.006,-0.094,-1.81,-5.36,1493,-374,-1184,0,0,5066,0.0863,-0.047,-0.007,-0.093,-1.80,-5.36,1494,-501,-1420,0,0
40.681,1399.2,-425.87,-21.92,-361.24,180.3,-0.25,-0.26,0.00,0.00,0.00,1.00,4,6068,-68.1,0.20,-0.90,5.43,14.17,833,1075,5508,0.0695,0.083,-0.001,-0.099,-0.94,-6.22,1500,-64,-864,0,0,4985,0.0799,-0.109,-0.001,-0.099,-0.95,-6.22,1488,-77,-794,0,0,4876,0.0649,0.090,-0.009,-0.091,-0.23,-6.93,1488,-631,-224,0,0,4456,0.0754,-0.091,-0.004,-0.096,-0.23,-6.93,1484,-246,-208,0,0
40.801,1405.2,-425.32,-21.81,-367.21,179.3,-0.24,-0.13,0.00,0.00,0.00,1.00,4,6034,-67.8,0.20,-1.03,5.92,8.15,826,1063,5921,0.0748,0.044,-0.001,-0.099,0.66,-6.51,1489,-71,584,0,0,5145,0.0738,-0.050,-0.001,-0.099,0.66,-6.50,1482,-69,516,0,0,5104,0.0688,0.033,-0.008,-0.092,1.07,-6.09,1479,-564,845,0,0,4449,0.0679,-0.062,-0.005,-0.095,1.08,-6.09,1477,-313,748,0,0
40.921,1411.1,-424.77,-21.70,-373.14,178.3,-0.24,0.13,0.00,0.00,0.00,1.00,4,5994,-67.5,0.20,-1.06,6.40,4.40,808,1051,5726,0.0782,0.029,-0.001,-0.099,1.28,-5.88,1478,-73,1133,0,0,4897,0.0642,-0.080,-0.003,-0.097,1.28,-5.88,1472,-119,1013,0,0,4666,0.0752,0.053,-0.007,-0.093,1.50,-5.66,1469,-479,1094,0,0,3638,0.0609,-0.058,-0.006,-0.094,1.50,-5.66,1467,-312,870,0,0
41.041,1417.1,-424.26,-21.59,-379.02,175.6,-0.63,0.18,0.00,0.00,1.00,1.00,4,5438,-63.8,0.20,-0.95,6.66,1.13,754,1020,6682,0.0854,0.060,-0.182,0.082,1.51,-5.65,1202,-5948,805,858,1,5696,0.0649,0.006,-0.174,0.074,1.51,-5.65,1188,-5153,703,2860,0,4398,0.0743,-0.008,-0.086,-0.014,1.55,-5.61,1335,-3474,901,1540,0,3564,0.0538,-0.060,-0.087,-0.013,1.55,-5.61,1334,-2868,737,1540,0
41.161,1422.8,-423.78,-21.49,-384.71,168.6,-1.65,0.19,0.00,0.00,1.00,1.00,4,4647,-58.0,0.20,-0.07,6.69,7.40,518,945,7670,0.0986,0.110,-0.183,0.083,9.37,2.21,1137,-5069,4188,858,1,6290,0.0790,0.118,-0.177,0.077,11.18,4.01,1107,-3853,3898,2860,0,3313,0.0525,-0.181,-0.184,0.084,1.62,-5.54,1142,-3110,440,462,1,2108,0.0317,-0.184,-0.186,0.086,1.63,-5.53,1134,-2017,284,462,1
41.281,1428.2,-423.33,-21.40,-390.16,161.2,-1.74,0.14,0.00,0.00,1.00,1.00,4,4463,-56.9,0.20,0.24,6.67,8.03,389,869,7161,0.1111,0.104,-0.181,0.081,2.20,-4.96,1110,-6251,1229,858,1,5704,0.0905,0.095,-0.178,0.078,2.21,-4.95,1080,-5101,1002,2860,0,3492,0.0448,-0.064,-0.184,0.084,2.64,-4.52,1107,-3205,759,462,1,2896,0.0247,-0.058,-0.183,0.083,2.66,-4.51,1107,-2680,645,462,1
41.401,1433.5,-422.92,-21.31,-395.39,154.4,-1.57,0.32,0.26,0.00,1.00,1.00,4,4233,-55.3,0.20,0.38,6.82,13.87,336,799,7702,0.1114,0.003,-0.180,0.080,9.38,2.22,1026,-4970,4329,2860,0,5907,0.0880,-0.020,-0.185,0.085,10.89,3.72,1024,-3679,3638,858,1,3819,0.0420,-0.023,-0.193,0.093,3.53,-3.63,1051,-3415,1044,462,1,2253,0.0173,-0.061,-0.191,0.091,3.56,-3.60,1048,-2061,644,462,1
41.521,1438.5,-422.58,-21.24,-400.40,148.3,-1.39,0.72,0.66,0.00,1.00,1.00,4,4083,-54.3,0.20,-0.06,7.46,26.53,327,735,6815,0.1198,0.070,-0.185,0.085,24.20,17.03,919,-2236,5190,858,1,4203,0.0769,-0.093,-0.229,0.129,28.75,21.59,818,-1406,3295,858,1,4885,0.0589,0.141,-0.187,0.087,5.63,-1.53,1017,-3978,2003,462,1,2666,0.0164,-0.008,-0.187,0.087,5.73,-1.43,1011,-2232,1162,462,1
41.641,1443.3,-422.34,-21.17,-405.23,142.6,-1.25,0.70,0.00,0.00,0.00,1.00,4,3903,-53.0,0.20,-0.33,7.58,29.21,306,680,7623,0.1167,-0.026,-0.270,0.170,32.80,25.64,730,-2365,5573,858,1,5353,0.0698,-0.059,-0.422,0.322,38.78,31.62,524,-2020,3773,858,1,4348,0.0614,0.020,-0.193,0.093,8.33,1.17,968,-3168,2360,462,1,2393,0.0132,-0.026,-0.184,0.084,8.49,1.33,966,-1755,1394,462,1
41.761,1448.0,-422.20,-21.10,-409.90,139.3,-0.58,1.16,0.00,0.00,0.00,1.00,4,4600,-57.6,0.20,-1.13,8.19,29.11,334,646,6352,0.1217,0.041,-0.001,-0.099,8.19,1.03,1151,-61,5042,0,0,7869,0.0563,-0.112,-0.001,-0.099,8.35,1.19,1127,212,6115,0,0,6469,0.0835,0.184,-0.020,-0.080,10.07,2.91,1129,-680,5350,0,0,3084,0.0180,0.040,-0.005,-0.095,10.27,3.11,1124,-83,2717,0,0
41.881,1452.6,-422.24,-21.02,-414.51,137.4,-0.21,1.24,0.00,0.00,0.00,1.00,4,4522,-57.1,0.20,-1.65,8.57,22.00,379,626,7039,0.1115,-0.084,0.010,-0.090,20.86,13.70,1080,151,5933,0,0,3500,0.0341,-0.186,0.030,-0.070,23.57,16.41,1064,216,3099,0,0,5950,0.0989,0.128,-0.019,-0.081,10.75,3.59,1109,-541,5022,0,0,2678,0.0208,0.023,-0.007,-0.093,10.92,3.76,1105,-91,2395,0,0
42.001,1457.2,-422.45,-20.94,-419.05,135.3,-0.22,1.35,0.07,0.00,0.00,1.00,4,4451,-56.6,0.20,-2.03,8.63,17.78,382,607,7390,0.1145,0.025,-0.002,-0.098,9.61,2.44,1110,-71,6007,0,0,3671,0.0335,-0.004,-0.001,-0.099,9.73,2.57,1096,-25,3179,0,0,6878,0.1047,0.048,-0.018,-0.082,10.80,3.64,1092,-570,5724,0,0,3033,0.0237,0.024,-0.008,-0.092,10.94,3.78,1088,-123,2699,0,0
42.121,1461.6,-422.83,-20.84,-423.50,133.2,-0.26,1.23,0.42,0.00,0.00,1.00,4,4375,-56.0,0.20,-1.82,8.41,13.27,363,589,6794,0.1054,-0.076,0.016,-0.084,23.71,16.55,1030,208,5713,0,0,3531,0.0291,-0.037,0.042,-0.058,26.99,19.83,1018,257,3098,0,0,4917,0.0957,-0.075,-0.019,-0.081,10.22,3.06,1073,-471,4190,0,0,2139,0.0194,-0.036,-0.012,-0.088,10.32,3.16,1070,-134,1913,0,0
42.241,1466.0,-423.36,-20.75,-427.86,130.4,-0.44,1.23,0.83,0.00,0.00,1.00,4,4308,-55.6,0.20,-1.91,8.47,11.59,357,564,7796,0.1135,0.067,0.028,-0.072,34.32,27.15,920,264,6298,0,0,3961,0.0353,0.052,0.081,-0.019,40.06,32.90,889,341,3359,0,0,5936,0.0973,0.013,-0.015,-0.085,9.59,2.43,1056,-475,4932,0,0,3000,0.0191,-0.002,-0.009,-0.091,9.69,2.53,1054,-147,2623,0,0
42.361,1470.3,-424.04,-20.65,-432.09,127.3,-0.57,1.16,0.84,0.00,0.00,1.00,4,4219,-54.9,0.20,-1.66,8.35,1.63,323,538,6854,0.1102,-0.027,-0.006,-0.094,36.74,29.58,840,-44,5602,0,0,3746,0.0346,-0.006,0.014,-0.086,43.15,35.99,779,59,3191,0,0,5623,0.0995,0.018,-0.011,-0.089,8.04,0.88,1034,-378,4508,0,0,2987,0.0235,0.036,-0.011,-0.089,8.03,0.87,1032,-210,2499,0,0
42.481,1474.5,-424.84,-20.56,-436.19,124.1,-0.62,1.02,0.85,0.00,0.00,1.00,4,4139,-54.4,0.20,-1.44,8.17,1.86,320,511,7650,0.1125,0.019,-0.012,-0.088,35.42,28.26,829,-109,6182,0,0,4506,0.0429,0.069,-0.011,-0.089,41.92,34.75,757,-51,3799,0,0,5439,0.0890,-0.087,-0.009,-0.091,6.37,-0.79,1014,-390,4011,0,0,2735,0.0181,-0.045,-0.009,-0.091,6.38,-0.78,1013,-201,2107,0,0
42.601,1478.6,-425.74,-20.46,-440.16,121.0,-0.64,1.03,0.87,0.00,0.00,1.00,4,4054,-53.8,0.20,-1.47,8.14,2.45,316,485,6292,0.1133,0.006,-0.009,-0.091,34.22,27.05,823,-73,5213,0,0,3380,0.0431,0.002,-0.010,-0.090,40.80,33.64,751,-39,2906,0,0,5684,0.0944,0.044,-0.007,-0.093,4.81,-2.36,993,-386,3579,0,0,3247,0.0248,0.056,-0.007,-0.093,4.82,-2.35,992,-208,2129,0,0
42.721,1482.5,-426.75,-20.36,-444.01,118.2,-0.60,0.86,0.88,0.00,0.13,1.00,4,3967,-53.2,0.20,-1.18,7.85,9.43,300,463,6971,0.1076,-0.047,-0.010,-0.090,33.15,25.99,815,-94,5720,0,0,4434,0.0452,0.017,-0.009,-0.091,39.80,32.64,742,-45,3754,0,0,4873,0.0851,-0.077,-0.009,-0.091,4.02,-3.14,973,-445,2730,0,0,2736,0.0227,-0.018,-0.004,-0.096,4.05,-3.11,970,-120,1596,0,0
42.841,1486.4,-427.82,-20.27,-447.71,113.5,-1.05,0.79,0.89,0.00,0.67,0.99,4,3468,-49.8,0.20,-1.13,7.64,13.82,262,427,7784,0.1146,0.058,-0.187,0.087,33.47,26.30,640,-1738,5983,576,1,5428,0.0579,0.106,-0.248,0.148,40.24,33.08,535,-1277,4265,576,1,4783,0.0807,-0.036,-0.100,0.000,4.22,-2.94,857,-3351,2273,1035,0,3021,0.0235,0.007,-0.096,-0.004,4.26,-2.90,855,-2096,1521,1035,0
42.961,1490.1,-428.91,-20.17,-451.20,107.4,-1.38,0.58,0.91,0.00,1.00,0.51,4,2959,-46.2,0.20,-0.76,7.17,16.15,195,384,7006,0.1123,-0.019,-0.325,0.225,34.77,27.61,495,-2372,5029,858,1,5555,0.0650,0.059,-0.511,0.411,41.70,34.54,320,-2210,3749,858,1,4172,0.0713,-0.078,-0.186,0.086,5.16,-2.00,733,-3497,1622,462,1,2977,0.0250,0.012,-0.190,0.090,5.23,-1.93,730,-2534,1198,462,1
43.081,1493.5,-429.98,-20.09,-454.49,101.4,-1.36,0.47,0.92,0.00,1.00,0.03,4,2777,-44.7,0.20,-0.56,6.75,16.79,164,343,7427,0.1129,0.005,-0.347,0.247,36.42,29.26,444,-2522,5245,858,1,5909,0.0754,0.087,-0.565,0.465,43.49,36.32,262,-2408,3864,858,1,3992,0.0565,-0.123,-0.182,0.082,6.46,-0.70,695,-3171,1862,462,1,2698,0.0191,-0.049,-0.190,0.090,6.56,-0.60,675,-2189,1279,462,1
43.201,1496.8,-431.04,-20.02,-457.57,95.1,-1.44,0.55,0.94,0.00,1.00,1.00,3,3408,-49.5,0.20,-0.73,6.76,13.62,140,302,7783,0.1191,0.052,-0.346,0.246,37.90,30.73,409,-2517,5510,858,1,5889,0.0812,0.049,-0.591,0.491,45.08,37.92,225,-2390,3835,858,1,4440,0.0599,0.028,-0.195,0.095,7.26,0.10,654,-3376,2230,462,1,2997,0.0209,0.015,-0.189,0.089,7.36,0.20,652,-2295,1591,462,1
43.321,1499.8,-432.09,-19.94,-460.44,89.0,-1.39,0.53,0.95,0.00,1.00,1.00,3,3188,-48.0,0.20,-0.70,6.76,4.32,121,265,7134,0.1157,-0.028,-0.399,0.299,38.83,31.67,345,-2515,4957,858,1,5378,0.0752,-0.050,-0.724,0.624,46.04,38.88,140,-2398,3277,858,1,4458,0.0637,0.032,-0.190,0.090,6.95,-0.21,613,-3403,2224,462,1,3013,0.0244,0.029,-0.193,0.093,6.98,-0.18,611,-2351,1541,462,1
43.441,1502.7,-433.10,-19.88,-463.10,83.0,-1.37,0.44,0.96,0.00,0.62,1.00,3,3005,-46.6,0.20,-0.47,6.62,-1.46,107,230,7378,0.1147,-0.009,-0.303,0.203,38.73,31.57,375,-2187,5378,615,1,5781,0.0781,0.024,-0.569,0.469,46.00,38.83,207,-2313,3793,615,1,4072,0.0574,-0.053,-0.183,0.083,5.85,-1.32,582,-3260,1858,331,1,2728,0.0208,-0.030,-0.185,0.085,5.84,-1.33,578,-2234,1267,331,1
43.561,1505.3,-434.11,-19.82,-465.55,77.6,-1.21,0.70,0.97,0.44,0.05,1.00,3,3425,84.2,0.36,-0.53,6.94,0.54,100,201,7754,0.1201,0.045,-0.093,-0.007,36.97,29.81,469,-965,6140,129,0,5247,0.0755,-0.021,-0.135,0.035,44.31,37.15,399,-703,4278,129,0,5105,0.0655,0.067,-0.013,-0.087,4.00,-3.16,649,-116,2918,69,0,2807,0.0206,-0.002,-0.012,-0.088,4.01,-3.16,648,-64,1665,69,0
43.681,1507.9,-435.17,-19.76,-467.86,75.1,-0.53,0.84,0.97,1.00,0.00,0.64,3,3396,166.8,0.94,-1.12,7.34,11.03,115,187,7168,0.1183,-0.015,-0.014,-0.086,34.73,27.56,509,-123,5845,0,0,4382,0.0638,-0.098,-0.016,-0.084,42.12,34.96,452,-75,3699,0,0,5902,0.0846,0.159,0.013,-0.087,2.93,-4.23,636,1013,2534,0,0,3640,0.0285,0.066,0.027,-0.073,2.97,-4.19,636,1230,1625,0,0
43.801,1510.3,-436.28,-19.69,-470.06,73.4,-0.36,0.76,0.97,1.00,0.00,0.16,3,3667,247.1,1.41,-1.50,7.24,19.05,125,178,6587,0.1068,-0.096,-0.010,-0.090,33.90,26.74,506,-85,5433,0,0,4168,0.0514,-0.103,-0.010,-0.090,41.30,34.14,447,-44,3536,0,0,5754,0.0938,0.077,0.003,-0.097,2.97,-4.19,617,211,2482,0,0,3762,0.0402,0.097,0.024,-0.076,3.04,-4.12,615,1062,1685,0,0
43.921,1512.8,-437.46,-19.62,-472.17,72.3,-0.21,0.73,0.00,0.00,0.00,1.00,2,5073,345.1,1.96,-1.71,7.03,25.73,126,173,6151,0.1039,-0.024,0.003,-0.097,0.85,-6.31,611,119,808,0,0,4370,0.0504,-0.008,-0.007,-0.093,0.88,-6.28,587,-515,671,0,0,5549,0.0923,-0.012,0.070,-0.030,4.11,-3.05,654,3276,2733,0,0,4043,0.0388,-0.011,0.109,0.009,4.25,-2.91,654,3087,1812,0,0
44.041,1515.2,-438.72,-19.54,-474.24,72.5,0.07,0.63,0.26,0.00,0.00,1.00,2,4616,-57.8,0.62,-2.21,6.75,15.79,142,174,6678,0.0946,-0.077,0.000,-0.100,8.43,1.27,600,3,5069,0,0,4095,0.0485,-0.016,0.004,-0.096,10.05,2.88,588,78,3418,0,0,6081,0.0986,0.053,-0.015,-0.085,3.21,-3.95,598,-1030,2832,0,0,3891,0.0525,0.114,-0.006,-0.094,3.28,-3.88,591,-278,1918,0,0
44.161,1517.6,-440.06,-19.46,-476.20,70.5,-0.41,1.04,0.59,0.00,0.00,1.00,2,4489,-56.9,0.24,-2.28,7.15,32.18,124,164,7616,0.1064,0.099,0.003,-0.097,19.99,12.83,561,68,6383,0,0,4343,0.0474,-0.009,0.020,-0.080,24.47,17.30,530,165,3803,0,0,5956,0.1013,0.022,-0.020,-0.080,3.86,-3.31,584,-1198,3084,0,0,2939,0.0406,-0.099,0.000,-0.100,4.02,-3.14,571,4,1662,0,0
44.281,1519.9,-441.46,-19.36,-478.03,68.3,-0.43,1.04,0.00,1.00,0.00,1.00,2,4553,110.1,0.71,-2.48,7.17,37.83,112,154,6945,0.1104,0.033,0.012,-0.088,32.08,24.91,497,107,5727,0,0,3885,0.0448,-0.022,0.044,-0.056,39.14,31.98,445,186,3323,0,0,1320,0.0976,-0.031,0.029,-0.071,5.45,-1.71,589,201,922,0,0,3281,0.0341,-0.054,0.062,-0.038,5.52,-1.64,585,1625,2111,0,0
44.401,1522.1,-442.94,-19.26,-479.75,68.7,0.15,0.74,0.00,1.00,0.00,1.00,2,4813,304.6,1.73,-2.76,6.59,22.28,117,156,5831,0.0999,-0.087,-0.001,-0.099,2.51,-4.65,577,-112,2085,0,0,4189,0.0450,0.002,-0.002,-0.098,2.59,-4.57,558,-118,1582,0,0,5485,0.0976,0.000,0.073,-0.027,5.49,-1.68,620,2917,3344,0,0,4083,0.0427,0.071,0.108,0.008,5.66,-1.50,621,2794,2309,0,0
44.521,1524.5,-444.54,-19.16,-481.43,70.0,0.39,0.85,0.36,1.00,0.00,1.00,2,4898,368.3,2.07,-3.26,6.41,21.27,137,162,6284,0.0926,-0.061,0.000,-0.100,11.90,4.74,576,-6,5282,0,0,3519,0.0397,-0.045,0.006,-0.094,14.22,7.06,557,53,3146,0,0,7083,0.1051,0.063,0.070,-0.030,4.40,-2.76,630,3927,3667,0,0,3990,0.0522,0.080,0.106,0.006,4.53,-2.64,633,2913,1959,0,0
44.641,1526.8,-446.25,-19.04,-483.02,70.7,0.25,1.02,0.75,0.70,0.00,1.00,2,5046,345.8,2.09,-3.48,6.37,34.61,136,165,6455,0.0940,0.012,0.002,-0.098,22.65,15.49,553,-7,5480,0,0,3780,0.0369,-0.023,0.013,-0.087,27.54,20.38,513,59,3315,0,0,6484,0.1045,-0.005,0.083,-0.017,5.16,-2.01,649,3851,3560,0,0,3556,0.0475,-0.039,0.139,0.039,5.40,-1.76,652,2790,1715,0,0
44.761,1529.2,-448.07,-18.91,-484.54,71.7,0.30,0.81,0.00,1.00,0.00,1.00,2,5165,366.3,2.08,-3.83,5.94,29.03,140,170,5895,0.0924,-0.013,-0.001,-0.099,2.59,-4.58,604,-119,2126,0,0,4209,0.0412,0.036,-0.002,-0.098,2.69,-4.47,580,-113,1614,0,0,5988,0.1016,-0.024,0.099,-0.001,6.27,-0.89,665,3583,3613,0,0,4275,0.0491,0.014,0.145,0.045,6.52,-0.64,667,3134,2306,0,0
44.881,1531.6,-450.00,-18.77,-486.00,73.2,0.45,0.79,0.17,1.00,0.00,1.00,2,5157,357.9,2.10,-3.99,5.64,19.31,151,178,5886,0.0834,-0.075,-0.002,-0.098,5.42,-1.74,610,-135,3930,0,0,3586,0.0367,-0.038,-0.003,-0.097,6.02,-1.14,594,-99,2623,0,0,6883,0.1049,0.027,0.082,-0.018,5.41,-1.75,663,3889,3972,0,0,4175,0.0575,0.070,0.113,0.013,5.54,-1.62,666,2930,2295,0,0
45.001,1534.1,-452.04,-18.62,-487.36,74.1,0.30,1.05,0.54,0.89,0.00,1.00,2,5276,344.0,2.04,-4.01,5.82,31.55,153,182,6586,0.0900,0.055,-0.001,-0.099,18.23,11.07,593,-23,5629,0,0,3506,0.0330,-0.030,0.009,-0.091,21.94,14.78,562,72,3128,0,0,6624,0.1041,-0.006,0.085,-0.015,5.63,-1.53,679,3776,3856,0,0,3415,0.0471,-0.087,0.134,0.034,5.86,-1.30,682,2566,1803,0,0
45.121,1536.5,-454.17,-18.47,-488.60,73.9,0.09,1.09,0.89,0.72,0.00,1.00,2,5252,283.3,1.84,-4.11,5.72,38.61,145,181,6785,0.0970,0.058,0.012,-0.088,30.19,23.02,547,112,5633,0,0,3856,0.0349,0.016,0.040,-0.060,36.51,29.35,498,176,3314,0,0,6381,0.1036,-0.004,0.078,-0.022,6.83,-0.33,676,3157,4215,0,0,3344,0.0415,-0.046,0.137,0.037,7.17,0.01,678,2352,1980,0,0
45.241,1539.0,-456.34,-18.31,-489.70,72.9,-0.12,1.11,0.00,1.00,0.00,1.00,2,5301,297.6,1.74,-4.25,5.48,38.87,132,176,7148,0.1040,0.058,-0.121,0.021,3.18,-3.98,551,-2442,5534,0,0,4116,0.0408,0.049,-0.221,0.121,3.34,-3.82,463,-1743,3132,0,0,6201,0.1021,-0.012,0.105,0.005,7.89,0.72,682,3275,4179,0,0,3283,0.0379,-0.030,0.167,0.067,8.29,1.13,685,2300,1975,0,0
45.361,1541.4,-458.58,-18.14,-490.67,73.7,0.34,1.01,0.18,0.42,0.00,1.00,2,5178,186.9,1.79,-4.57,5.01,34.44,140,179,6023,0.0946,-0.078,-0.002,-0.098,7.15,-0.01,616,-116,4561,0,0,3476,0.0362,-0.038,-0.003,-0.097,7.94,0.78,587,-77,2845,0,0,7032,0.1055,0.029,0.074,-0.026,8.65,1.48,664,3022,5068,0,0,3956,0.0455,0.064,0.126,0.026,9.03,1.87,666,2417,2654,0,0
45.481,1543.9,-460.88,-17.96,-491.47,73.0,0.04,1.28,0.51,0.95,0.00,1.00,2,5240,271.7,1.62,-4.50,5.01,34.98,133,176,6914,0.0993,0.040,0.010,-0.090,21.59,14.43,578,109,5847,0,0,3521,0.0325,-0.031,0.025,-0.075,25.64,18.48,544,130,3118,0,0,6255,0.1026,-0.024,0.094,-0.006,8.41,1.25,674,2978,4428,0,0,3003,0.0359,-0.081,0.150,0.050,8.80,1.64,677,1963,1960,0,0
45.601,1546.3,-463.21,-17.79,-492.10,72.0,-0.06,1.26,0.00,1.00,0.00,1.00,2,4849,170.1,1.22,-4.58,4.79,35.47,127,171,7180,0.1043,0.042,0.010,-0.090,4.40,-2.77,610,614,4819,0,0,3775,0.0342,0.014,0.014,-0.086,4.61,-2.56,588,-406,2847,0,0,6495,0.1037,0.009,0.030,-0.070,8.74,1.58,626,869,5206,0,0,3073,0.0335,-0.019,0.078,-0.022,9.16,1.99,625,1180,2472,0,0
45.721,1548.7,-465.56,-17.60,-492.56,72.4,0.26,1.11,0.00,1.00,0.00,1.00,2,5282,329.5,1.90,-4.85,4.31,28.50,131,173,6457,0.1024,-0.016,-0.002,-0.098,4.70,-2.46,607,-134,3926,0,0,3996,0.0380,0.032,-0.002,-0.098,4.88,-2.28,584,-96,2591,0,0,6711,0.1046,0.008,0.116,0.016,8.25,1.09,679,3804,4354,0,0,3900,0.0393,0.048,0.164,0.064,8.57,1.41,682,2700,2326,0,0
45.841,1551.1,-467.96,-17.41,-492.86,73.0,0.30,1.18,0.37,0.78,0.00,1.00,2,5209,296.9,1.82,-5.11,3.97,27.04,142,176,6042,0.0938,-0.071,-0.001,-0.099,14.25,7.09,594,-34,5207,0,0,3203,0.0329,-0.043,0.004,-0.096,16.67,9.51,570,33,2896,0,0,7296,0.1075,0.024,0.092,-0.008,7.31,0.15,669,3873,4718,0,0,3684,0.0447,0.045,0.137,0.037,7.57,0.40,672,2529,2231,0,0
45.961,1553.5,-470.38,-17.21,-492.98,73.2,0.21,1.14,0.00,1.00,0.00,1.00,2,5409,348.3,2.01,-4.88,3.68,31.46,139,177,6202,0.0940,0.002,-0.001,-0.099,3.51,-3.65,617,-111,3071,0,0,3730,0.0323,-0.004,-0.004,-0.096,3.66,-3.50,590,-145,2004,0,0,5643,0.1007,-0.056,0.127,0.027,7.35,0.19,696,3590,3427,0,0,3443,0.0390,-0.048,0.179,0.079,7.66,0.50,699,2583,1860,0,0
46.081,1556.0,-472.84,-17.01,-492.97,74.5,0.41,0.93,0.00,1.00,0.00,1.00,2,5423,372.7,2.15,-5.11,3.16,26.11,155,184,6039,0.0897,-0.036,-0.002,-0.098,4.11,-3.05,624,-123,3359,0,0,3754,0.0348,0.021,-0.003,-0.097,4.25,-2.91,603,-99,2220,0,0,6736,0.1040,0.028,0.115,0.015,7.27,0.10,698,4029,4146,0,0,4200,0.0492,0.085,0.158,0.058,7.51,0.35,700,2999,2381,0,0
46.201,1558.5,-475.34,-16.81,-492.80,75.6,0.40,1.05,0.19,0.95,0.00,1.00,2,5320,304.3,1.97,-5.29,2.89,22.64,160,189,6367,0.0901,0.003,-0.003,-0.097,6.19,-0.97,630,-143,4532,0,0,3834,0.0376,0.023,-0.003,-0.097,6.87,-0.30,611,-94,2975,0,0,6936,0.1059,0.015,0.078,-0.022,6.28,-0.88,684,3600,4369,0,0,3867,0.0522,0.025,0.114,0.014,6.46,-0.70,687,2594,2321,0,0
46.321,1561.0,-477.83,-16.59,-492.47,76.1,0.24,1.22,0.56,0.95,0.00,1.00,2,5396,343.9,2.04,-5.24,2.86,29.62,159,192,6130,0.0904,0.003,0.000,-0.100,19.52,12.36,604,-2,5266,0,0,3326,0.0319,-0.048,0.011,-0.089,23.41,16.25,573,74,2965,0,0,6975,0.1068,0.008,0.082,-0.018,5.89,-1.27,694,3768,4203,0,0,3509,0.0472,-0.042,0.128,0.028,6.11,-1.05,697,2533,1958,0,0
46.441,1563.6,-480.31,-16.38,-491.97,76.4,0.19,1.07,0.00,1.00,0.00,1.00,2,5646,357.4,2.09,-4.92,2.51,36.06,155,193,6169,0.0926,0.018,0.000,-0.100,2.75,-4.41,645,-71,2431,0,0,3860,0.0337,0.015,-0.004,-0.096,2.88,-4.29,615,-201,1665,0,0,5608,0.0996,-0.060,0.125,0.025,6.97,-0.19,727,3659,3306,0,0,3660,0.0407,-0.054,0.181,0.081,7.29,0.13,729,2806,1881,0,0
46.561,1566.1,-482.79,-16.17,-491.33,77.6,0.40,0.98,0.19,0.76,0.00,1.00,2,5400,227.3,1.87,-5.10,2.05,29.85,169,199,6251,0.0893,-0.028,-0.003,-0.097,6.66,-0.51,648,-132,4593,0,0,3934,0.0365,0.023,-0.003,-0.097,7.45,0.28,623,-92,3136,0,0,7018,0.1047,0.042,0.065,-0.035,7.10,-0.06,694,3130,4787,0,0,4013,0.0510,0.086,0.107,0.007,7.36,0.20,695,2513,2586,0,0
46.681,1568.7,-485.25,-15.95,-490.52,78.6,0.39,1.13,0.00,1.00,0.00,1.00,2,5865,339.9,2.03,-5.22,1.75,34.07,171,204,5946,0.0917,0.020,-0.002,-0.098,3.82,-3.34,661,-127,3088,0,0,3977,0.0377,0.011,-0.002,-0.098,3.98,-3.18,634,-100,2200,0,0,6476,0.1049,0.002,0.138,0.038,7.71,0.55,753,4244,3752,0,0,4385,0.0506,-0.004,0.191,0.091,8.03,0.87,756,3283,2256,0,0
46.801,1571.4,-487.70,-15.73,-489.54,79.3,0.33,1.19,0.31,0.91,0.00,1.00,2,5565,273.5,1.76,-5.05,1.51,30.66,170,208,6427,0.0878,-0.032,-0.001,-0.099,13.12,5.95,649,-19,5475,0,0,3355,0.0330,-0.039,0.005,-0.095,15.29,8.13,623,56,3023,0,0,7022,0.1062,0.011,0.074,-0.026,7.38,0.22,716,3063,4867,0,0,3445,0.0502,-0.003,0.118,0.018,7.65,0.49,718,2140,2279,0,0
46.921,1574.0,-490.07,-15.51,-488.40,79.6,0.24,1.22,0.00,1.00,0.00,1.00,2,5820,332.4,1.98,-4.77,1.41,37.57,168,210,6380,0.0940,0.051,-0.001,-0.099,4.10,-3.06,670,-110,3494,0,0,3670,0.0319,-0.009,-0.003,-0.097,4.29,-2.87,640,-113,2179,0,0,6342,0.1030,-0.027,0.115,0.015,8.30,1.13,749,3544,4184,0,0,3590,0.0409,-0.078,0.171,0.071,8.67,1.51,752,2512,2135,0,0
47.041,1576.7,-492.40,-15.30,-487.10,80.5,0.40,1.14,0.00,1.00,0.00,1.00,2,5933,358.8,2.14,-4.84,0.97,33.47,175,215,6336,0.0938,-0.002,-0.002,-0.098,4.95,-2.21,675,-124,3970,0,0,3821,0.0359,0.033,-0.002,-0.098,5.15,-2.01,649,-88,2556,0,0,6883,0.1054,0.020,0.127,0.027,8.65,1.49,763,3931,4446,0,0,3931,0.0466,0.048,0.177,0.077,9.00,1.84,766,2721,2334,0,0
47.161,1579.4,-494.66,-15.07,-485.63,81.5,0.42,1.20,0.00,1.00,0.00,1.00,2,6000,365.3,2.18,-4.84,0.62,29.70,181,220,5815,0.0897,-0.034,-0.002,-0.098,5.25,-1.91,681,-114,3819,0,0,3404,0.0341,-0.015,-0.003,-0.097,5.44,-1.73,658,-82,2372,0,0,6962,0.1067,0.010,0.129,0.029,8.50,1.34,772,4044,4432,0,0,3876,0.0499,0.027,0.174,0.074,8.79,1.63,775,2693,2298,0,0
47.281,1582.1,-496.84,-14.86,-484.00,82.5,0.42,1.15,0.00,1.00,0.00,1.00,2,6179,361.5,2.19,-4.58,0.33,29.87,185,225,6089,0.0879,-0.016,-0.002,-0.098,5.20,-1.96,690,-129,3966,0,0,3564,0.0330,-0.009,-0.002,-0.098,5.38,-1.78,666,-81,2467,0,0,6163,0.1025,-0.035,0.149,0.049,8.42,1.26,795,3935,3722,0,0,3647,0.0477,-0.019,0.194,0.094,8.71,1.55,798,2656,2028,0,0
47.401,1584.9,-498.95,-14.65,-482.21,83.6,0.44,1.18,0.00,1.00,0.00,1.00,2,6172,362.3,2.20,-4.52,0.14,30.86,192,231,6412,0.0905,0.022,-0.002,-0.098,5.24,-1.92,699,-130,4169,0,0,3746,0.0341,0.010,-0.003,-0.097,5.42,-1.74,675,-86,2596,0,0,6962,0.1057,0.026,0.132,0.032,8.52,1.36,794,4104,4387,0,0,3864,0.0486,0.008,0.178,0.078,8.82,1.66,797,2707,2266,0,0
47.521,1587.7,-500.97,-14.43,-480.27,84.4,0.32,0.95,-0.29,0.29,0.00,1.00,2,5595,55.4,1.30,-4.48,-0.43,5.09,197,236,3586,0.0869,-0.030,0.006,-0.094,-5.55,-1.61,699,57,-2233,0,0,4775,0.0397,0.046,-0.002,-0.098,-3.09,-4.07,695,-143,-1753,0,0,5555,0.1021,-0.030,0.033,-0.067,7.49,0.33,719,1374,4277,0,0,4635,0.0545,0.048,0.041,-0.059,7.55,0.38,719,1440,3582,0,0
47.641,1590.5,-502.90,-14.22,-478.25,84.3,0.03,0.88,0.00,1.00,0.00,1.00,2,5686,274.1,1.64,-4.34,-0.44,-9.92,199,235,6340,0.0865,-0.004,-0.002,-0.098,3.43,-3.73,693,-150,3263,0,0,3869,0.0435,0.032,-0.002,-0.098,3.39,-3.77,701,-85,2052,0,0,5810,0.0998,-0.019,0.053,-0.047,2.33,-4.84,731,3313,2009,0,0,4092,0.0567,0.019,0.045,-0.055,2.30,-4.87,734,2142,1471,0,0
47.761,1593.4,-504.77,-14.02,-476.13,85.6,0.32,0.52,0.00,1.00,0.00,1.00,2,5796,344.7,2.04,-4.46,-0.77,-3.37,217,243,5411,0.0815,-0.042,-0.002,-0.098,1.02,-6.15,708,-127,935,0,0,4896,0.0493,0.048,-0.002,-0.098,1.01,-6.15,710,-117,849,0,0,5556,0.0978,-0.017,0.052,-0.048,0.69,-6.47,746,3460,607,0,0,5075,0.0645,0.066,0.050,-0.050,0.69,-6.47,747,3094,560,0,0
47.881,1596.2,-506.63,-13.82,-473.94,87.1,0.36,0.41,0.29,1.00,0.00,1.00,2,5901,362.8,2.16,-4.69,-1.19,11.66,235,252,5599,0.0747,-0.057,-0.003,-0.097,6.83,-0.33,720,-119,4052,0,0,4343,0.0542,0.041,0.000,-0.100,8.50,1.34,710,-14,3502,0,0,6095,0.0982,0.004,0.046,-0.054,0.43,-6.74,760,3466,342,0,0,5036,0.0777,0.110,0.059,-0.041,0.43,-6.73,761,3387,281,0,0
48.001,1599.2,-508.48,-13.61,-471.67,88.5,0.36,0.41,0.00,1.00,0.00,1.00,2,6041,364.9,2.19,-4.55,-1.42,12.04,239,260,4910,0.0708,-0.033,-0.001,-0.099,0.31,-6.85,738,-105,171,0,0,4642,0.0521,-0.018,-0.002,-0.098,0.32,-6.84,728,-129,163,0,0,5417,0.0973,-0.008,0.054,-0.046,1.59,-5.57,779,3292,1229,0,0,5176,0.0781,0.003,0.067,-0.033,1.61,-5.55,778,3623,1145,0,0
48.121,1602.2,-510.32,-13.40,-469.33,90.2,0.40,0.31,0.00,1.00,0.00,1.00,2,6140,363.0,2.20,-4.48,-1.65,4.47,251,270,5351,0.0682,-0.021,-0.002,-0.098,0.62,-6.54,749,-123,524,0,0,4789,0.0549,0.024,-0.002,-0.098,0.63,-6.54,745,-131,475,0,0,5539,0.0933,-0.034,0.055,-0.045,1.08,-6.08,791,3498,881,0,0,5039,0.0789,0.006,0.060,-0.040,1.08,-6.08,791,3405,799,0,0
48.241,1605.2,-512.15,-13.19,-466.92,91.8,0.38,0.25,0.00,1.00,0.00,1.00,2,6217,360.8,2.20,-4.58,-1.75,1.38,265,280,5153,0.0682,0.000,-0.002,-0.098,0.39,-6.77,761,-121,329,0,0,4797,0.0570,0.017,-0.002,-0.098,0.39,-6.77,760,-119,309,0,0,5668,0.0946,0.011,0.051,-0.049,0.54,-6.63,801,3466,462,0,0,5382,0.0833,0.037,0.053,-0.047,0.54,-6.62,801,3389,439,0,0
48.361,1608.3,-514.00,-12.98,-464.46,93.4,0.38,0.15,0.00,1.00,0.00,1.00,2,6327,357.1,2.20,-4.52,-1.94,0.22,272,290,4781,0.0635,-0.039,-0.002,-0.098,0.13,-7.03,773,-116,107,0,0,4750,0.0571,0.002,-0.002,-0.098,0.13,-7.03,773,-116,106,0,0,5385,0.0928,-0.015,0.052,-0.048,0.17,-6.99,815,3391,142,0,0,5351,0.0864,0.025,0.053,-0.047,0.17,-6.99,815,3390,141,0,0
48.481,1611.4,-515.86,-12.77,-461.93,94.9,0.35,0.33,0.30,1.00,0.00,1.00,2,6445,353.0,2.20,-4.39,-1.78,14.50,279,299,5909,0.0659,0.020,-0.002,-0.098,7.48,0.32,784,-112,4432,0,0,4361,0.0568,-0.003,0.001,-0.099,9.34,2.18,771,11,3619,0,0,5878,0.0915,-0.011,0.047,-0.053,0.34,-6.82,830,3457,241,0,0,4505,0.0811,-0.044,0.063,-0.037,0.35,-6.81,831,3187,184,0,0
48.601,1614.6,-517.66,-12.56,-459.32,95.8,0.27,0.90,0.00,1.00,0.00,1.00,2,6586,348.0,2.20,-4.20,-1.02,37.93,275,305,6150,0.0840,0.151,-0.002,-0.098,-0.32,-6.84,808,-166,-285,0,0,4089,0.0453,-0.096,-0.002,-0.098,-0.34,-6.82,777,-4,-136,0,0,6764,0.1049,0.112,0.048,-0.052,3.23,-3.93,849,3271,2790,0,0,4308,0.0661,-0.125,0.088,-0.012,3.36,-3.80,849,3209,1667,0,0
48.721,1617.8,-519.40,-12.35,-456.62,97.3,0.38,0.62,0.00,1.00,0.00,1.00,2,6711,343.6,2.20,-3.97,-1.40,17.42,279,314,5508,0.0773,-0.056,-0.001,-0.099,1.97,-5.20,811,-109,1612,0,0,4063,0.0459,0.005,-0.002,-0.098,2.00,-5.16,797,-114,1237,0,0,5805,0.0996,-0.044,0.063,-0.037,3.60,-3.57,864,3352,2665,0,0,4586,0.0680,0.015,0.082,-0.018,3.66,-3.51,865,3164,2040,0,0
48.841,1621.1,-521.08,-12.14,-453.81,99.3,0.52,0.69,0.00,1.00,0.00,0.65,2,7046,330.1,2.20,-3.93,-1.46,12.50,301,327,5702,0.0761,-0.010,-0.002,-0.098,2.12,-5.04,826,-163,1830,0,0,4156,0.0445,-0.012,-0.002,-0.098,2.15,-5.01,816,-119,1381,0,0,6099,0.1008,0.010,0.070,-0.030,3.26,-3.90,885,3892,2516,0,0,4643,0.0681,0.002,0.084,-0.016,3.30,-3.86,887,3356,1876,0,0
48.961,1624.4,-522.70,-11.94,-450.91,99.9,0.19,0.71,0.00,1.00,0.00,0.17,2,7486,-180.7,2.20,-3.86,-1.50,4.13,299,331,5880,0.0796,0.029,-0.001,-0.099,1.65,-5.51,829,-86,1514,0,0,4576,0.0474,0.024,-0.001,-0.099,1.66,-5.50,826,-78,1209,0,0,5608,0.0999,-0.007,0.012,-0.088,2.05,-5.12,840,921,1781,0,0,4508,0.0677,-0.003,0.016,-0.084,2.05,-5.11,840,997,1459,0,0
49.081,1627.8,-524.24,-11.74,-447.97,100.0,0.03,0.47,0.00,1.00,0.00,1.00,3,7075,326.9,2.20,-3.57,-1.80,1.10,285,331,5362,0.0781,-0.013,-0.002,-0.098,0.92,-6.24,829,-131,799,0,0,4771,0.0534,0.050,-0.002,-0.098,0.92,-6.24,827,-123,719,0,0,5318,0.0925,-0.062,0.068,-0.032,1.04,-6.12,888,3755,797,0,0,4805,0.0678,0.000,0.071,-0.029,1.04,-6.12,888,3484,721,0,0
49.201,1631.1,-525.76,-11.55,-444.96,101.9,0.43,0.27,0.00,1.00,0.00,1.00,3,5599,377.8,2.20,-3.69,-2.20,0.64,312,344,5079,0.0703,-0.065,-0.002,-0.098,0.40,-6.76,844,-162,342,0,0,4936,0.0571,0.031,-0.002,-0.098,0.40,-6.76,844,-125,329,0,0,5446,0.0898,-0.023,0.061,-0.039,0.47,-6.69,898,3685,380,0,0,5257,0.0755,0.065,0.062,-0.038,0.47,-6.69,898,3603,367,0,0
49.321,1634.6,-527.28,-11.36,-441.89,103.7,0.42,0.16,0.00,1.00,0.00,1.00,3,4909,393.8,2.20,-3.88,-2.48,0.08,336,357,4887,0.0657,-0.039,-0.002,-0.098,0.08,-7.08,859,-120,71,0,0,4914,0.0597,0.021,-0.002,-0.098,0.08,-7.08,859,-121,72,0,0,5533,0.0913,0.013,0.058,-0.042,0.10,-7.07,911,3649,84,0,0,5567,0.0853,0.082,0.058,-0.042,0.10,-7.07,911,3673,85,0,0
49.441,1638.1,-528.79,-11.16,-438.75,105.3,0.38,0.47,0.00,1.00,0.00,1.00,3,5037,391.8,2.20,-3.73,-2.17,21.25,344,368,5824,0.0671,0.012,-0.003,-0.097,8.77,1.60,868,-103,4693,0,0,3830,0.0520,-0.064,0.001,-0.099,10.93,3.77,850,18,3342,0,0,5851,0.0952,0.032,0.060,-0.040,0.71,-6.45,935,3872,512,0,0,4176,0.0801,-0.044,0.081,-0.019,0.72,-6.44,936,3318,355,0,0
49.561,1641.6,-530.26,-10.97,-435.54,107.0,0.42,0.40,0.00,1.00,0.00,1.00,3,5115,389.9,2.20,-3.58,-2.14,14.06,355,380,5417,0.0705,0.029,-0.001,-0.099,0.84,-6.32,892,-114,660,0,0,4661,0.0518,-0.001,-0.002,-0.098,0.85,-6.31,880,-130,581,0,0,5668,0.0960,0.007,0.062,-0.038,2.04,-5.12,950,3633,1581,0,0,4981,0.0763,-0.032,0.076,-0.024,2.06,-5.10,950,3616,1357,0,0
49.681,1645.2,-531.69,-10.78,-432.24,108.7,0.43,0.60,0.22,1.00,0.00,1.00,3,5174,388.5,2.20,-3.57,-1.98,13.34,369,393,5402,0.0731,0.021,-0.001,-0.099,6.51,-0.65,899,-71,3716,0,0,3599,0.0485,-0.028,0.002,-0.098,7.81,0.64,889,31,2778,0,0,6281,0.1009,0.040,0.058,-0.042,1.81,-5.36,960,3859,1567,0,0,4644,0.0765,0.002,0.071,-0.029,1.83,-5.34,961,3316,1152,0,0
49.801,1648.8,-533.05,-10.59,-428.85,110.4,0.42,0.65,0.00,1.00,0.00,1.00,3,5326,384.8,2.20,-3.25,-1.95,13.70,368,404,5307,0.0737,0.005,-0.002,-0.098,1.34,-5.82,919,-120,1074,0,0,4315,0.0455,-0.025,-0.002,-0.098,1.36,-5.80,908,-122,897,0,0,5397,0.0972,-0.030,0.074,-0.026,2.48,-4.68,989,3732,1747,0,0,4537,0.0690,-0.062,0.087,-0.013,2.51,-4.65,990,3462,1429,0,0
49.921,1652.6,-534.35,-10.41,-425.38,112.2,0.45,0.57,0.00,1.00,0.00,1.00,3,5354,384.1,2.20,-3.24,-2.06,7.22,389,418,5583,0.0740,0.003,-0.002,-0.098,1.46,-5.70,931,-128,1265,0,0,4412,0.0479,0.020,-0.002,-0.098,1.47,-5.69,926,-120,1025,0,0,5872,0.0983,0.009,0.064,-0.036,2.05,-5.11,994,3833,1652,0,0,4846,0.0713,0.019,0.072,-0.028,2.06,-5.10,995,3432,1358,0,0
50.041,1656.3,-535.60,-10.23,-421.82,114.0,0.44,0.50,0.00,1.00,0.00,1.00,3,5411,382.8,2.20,-3.22,-2.20,2.81,403,432,5016,0.0708,-0.027,-0.002,-0.098,1.10,-6.06,944,-119,885,0,0,4276,0.0476,-0.003,-0.002,-0.098,1.11,-6.05,942,-114,765,0,0,5667,0.0993,0.009,0.061,-0.039,1.34,-5.82,1005,3734,1090,0,0,5039,0.0763,0.042,0.065,-0.035,1.35,-5.82,1006,3468,971,0,0
50.161,1660.2,-536.79,-10.06,-418.19,115.7,0.42,0.61,0.32,1.00,0.00,1.00,3,5513,380.3,2.20,-3.06,-2.12,16.58,415,445,5885,0.0721,0.011,-0.002,-0.098,8.76,1.60,952,-84,4728,0,0,3844,0.0466,-0.009,0.002,-0.098,10.70,3.54,938,33,3338,0,0,6034,0.0977,-0.014,0.059,-0.041,1.26,-5.90,1024,3913,1031,0,0,4321,0.0721,-0.034,0.075,-0.025,1.27,-5.89,1025,3268,729,0,0
50.281,1664.1,-537.91,-9.89,-414.47,117.3,0.42,0.66,0.00,1.00,0.00,1.00,3,5621,377.7,2.20,-2.91,-2.06,17.61,420,457,5538,0.0769,0.039,-0.001,-0.099,1.32,-5.84,978,-117,1083,0,0,4499,0.0474,0.006,-0.002,-0.098,1.34,-5.82,964,-127,907,0,0,5677,0.0994,0.014,0.066,-0.034,2.70,-4.47,1045,3596,2017,0,0,4966,0.0696,-0.021,0.081,-0.019,2.73,-4.43,1045,3587,1710,0,0
50.401,1668.0,-538.96,-9.72,-410.67,119.1,0.45,0.63,0.00,1.00,0.00,1.00,3,5733,375.0,2.20,-2.73,-2.19,9.03,431,471,5365,0.0730,-0.032,-0.002,-0.098,1.74,-5.43,989,-126,1432,0,0,4131,0.0452,-0.018,-0.002,-0.098,1.75,-5.41,982,-115,1133,0,0,5480,0.0982,-0.010,0.074,-0.026,2.43,-4.73,1065,3812,1748,0,0,4439,0.0704,0.006,0.083,-0.017,2.45,-4.71,1067,3329,1401,0,0
50.521,1672.0,-539.94,-9.57,-406.79,121.0,0.46,0.59,0.00,1.00,0.00,1.00,3,5762,374.3,2.20,-2.69,-2.24,5.15,452,486,5416,0.0731,0.001,-0.002,-0.098,1.47,-5.69,1003,-128,1244,0,0,4461,0.0465,0.011,-0.002,-0.098,1.47,-5.69,999,-119,1044,0,0,5829,0.0983,0.001,0.064,-0.036,1.86,-5.30,1071,3860,1499,0,0,4808,0.0711,0.006,0.070,-0.030,1.87,-5.30,1072,3393,1238,0,0
50.641,1676.1,-540.85,-9.41,-402.82,122.8,0.45,0.54,0.17,1.00,0.00,1.00,3,5818,373.0,2.20,-2.68,-2.33,6.02,470,501,5210,0.0709,-0.018,-0.002,-0.098,3.32,-3.84,1017,-145,2520,0,0,3972,0.0468,0.002,-0.002,-0.098,3.88,-3.28,1011,-93,2209,0,0,5938,0.0996,0.010,0.058,-0.042,1.26,-5.90,1081,3820,1063,0,0,4909,0.0755,0.037,0.064,-0.036,1.26,-5.90,1082,3397,881,0,0
50.761,1680.2,-541.68,-9.26,-398.79,124.3,0.39,0.88,0.00,1.00,0.00,1.00,3,5983,369.1,2.20,-2.34,-1.93,27.52,464,513,5842,0.0789,0.067,-0.002,-0.098,0.79,-6.37,1039,-114,681,0,0,3986,0.0405,-0.053,-0.001,-0.099,0.80,-6.36,1018,-55,506,0,0,5918,0.1012,0.013,0.067,-0.033,2.80,-4.37,1113,3780,2104,0,0,4189,0.0627,-0.107,0.092,-0.008,2.86,-4.31,1114,3235,1424,0,0
50.881,1684.4,-542.41,-9.13,-394.67,126.1,0.48,0.69,0.00,1.00,0.00,1.00,3,6074,366.0,2.20,-2.23,-2.11,16.62,481,528,5762,0.0784,-0.005,-0.002,-0.098,2.27,-4.89,1050,-124,1940,0,0,4178,0.0447,0.036,-0.002,-0.098,2.30,-4.86,1036,-116,1460,0,0,6007,0.1003,-0.008,0.073,-0.027,3.47,-3.70,1129,3815,2578,0,0,4774,0.0660,0.028,0.088,-0.012,3.51,-3.65,1130,3415,2002,0,0
51.001,1688.6,-543.03,-8.99,-390.48,127.9,0.47,0.79,0.00,1.00,0.00,1.00,3,6192,362.0,2.20,-2.03,-2.10,10.08,490,543,5552,0.0759,-0.021,-0.002,-0.098,2.39,-4.77,1062,-131,1992,0,0,3960,0.0411,-0.031,-0.002,-0.098,2.41,-4.76,1053,-111,1468,0,0,5595,0.0992,-0.009,0.082,-0.018,3.11,-4.05,1152,3904,2151,0,0,4245,0.0643,-0.014,0.091,-0.009,3.13,-4.03,1153,3198,1616,0,0
51.121,1692.9,-543.55,-8.87,-386.22,129.8,0.48,0.74,0.00,1.00,0.00,1.00,3,6203,361.6,2.20,-1.98,-2.14,6.85,513,559,5788,0.0768,0.008,-0.002,-0.098,2.06,-5.10,1077,-137,1820,0,0,4296,0.0428,0.015,-0.002,-0.098,2.07,-5.09,1071,-114,1390,0,0,5928,0.1002,0.009,0.068,-0.032,2.55,-4.61,1153,3886,2001,0,0,4631,0.0656,0.010,0.075,-0.025,2.56,-4.60,1155,3274,1565,0,0
51.241,1697.3,-543.98,-8.76,-381.87,131.7,0.47,0.63,0.00,1.00,0.00,1.00,3,6237,360.7,2.20,-1.90,-2.32,3.34,527,576,5188,0.0728,-0.033,-0.002,-0.098,1.58,-5.58,1091,-124,1287,0,0,4178,0.0437,0.007,-0.002,-0.098,1.58,-5.58,1088,-113,1056,0,0,5239,0.0993,-0.007,0.064,-0.036,1.82,-5.34,1161,3508,1338,0,0,4383,0.0702,0.039,0.062,-0.038,1.83,-5.33,1165,3082,1128,0,0
51.361,1701.7,-544.34,-8.65,-377.46,133.7,0.47,0.47,0.00,1.00,0.00,1.00,3,6341,356.7,2.20,-1.84,-2.58,2.10,552,594,5181,0.0699,-0.024,-0.002,-0.098,1.06,-6.10,1107,-128,877,0,0,4505,0.0475,0.032,-0.002,-0.098,1.06,-6.10,1106,-120,772,0,0,5548,0.0944,-0.041,0.063,-0.037,1.21,-5.95,1180,3772,956,0,0,4971,0.0720,0.015,0.065,-0.035,1.21,-5.95,1180,3484,859,0,0
51.481,1706.2,-544.64,-8.55,-372.98,135.7,0.47,0.35,0.00,1.00,0.00,1.00,3,6401,354.6,2.20,-1.86,-2.82,0.78,574,612,4712,0.0662,-0.031,-0.002,-0.098,0.63,-6.53,1123,-117,482,0,0,4340,0.0507,0.026,-0.002,-0.098,0.63,-6.53,1122,-114,447,0,0,5614,0.0944,0.000,0.058,-0.042,0.69,-6.47,1191,3701,567,0,0,5288,0.0786,0.055,0.059,-0.041,0.69,-6.47,1192,3544,536,0,0
51.601,1710.8,-544.91,-8.45,-368.43,137.7,0.47,0.23,0.00,1.00,0.00,1.00,3,6518,350.5,2.20,-1.74,-3.07,0.36,589,629,4859,0.0626,-0.030,-0.002,-0.098,0.28,-6.88,1140,-125,226,0,0,4758,0.0537,0.025,-0.002,-0.098,0.28,-6.88,1139,-124,222,0,0,5218,0.0883,-0.051,0.062,-0.038,0.31,-6.85,1213,3639,239,0,0,5133,0.0794,0.006,0.062,-0.038,0.31,-6.85,1213,3597,235,0,0
51.721,1715.4,-545.15,-8.35,-363.81,139.7,0.47,0.16,0.00,1.00,0.00,1.00,3,6583,348.2,2.20,-1.77,-3.24,0.13,611,648,4451,0.0609,-0.014,-0.002,-0.098,0.04,-7.12,1156,-115,30,0,0,4460,0.0573,0.030,-0.002,-0.098,0.04,-7.12,1156,-116,30,0,0,5481,0.0876,-0.005,0.057,-0.043,0.05,-7.11,1225,3649,41,0,0,5478,0.0839,0.038,0.057,-0.043,0.05,-7.11,1225,3651,41,0,0
51.841,1720.1,-545.38,-8.26,-359.12,141.6,0.47,0.10,0.00,1.00,0.00,1.00,3,6708,343.8,2.20,-1.65,-3.36,0.00,623,666,4723,0.0582,-0.023,-0.002,-0.098,-0.12,-7.04,1172,-123,-93,0,0,4862,0.0579,0.005,-0.002,-0.098,-0.12,-7.04,1172,-126,-96,0,0,5078,0.0840,-0.031,0.063,-0.037,-0.12,-7.04,1249,3584,-88,0,0,5191,0.0837,-0.002,0.063,-0.037,-0.12,-7.04,1249,3653,-90,0,0
51.961,1724.9,-545.60,-8.18,-354.37,143.7,0.47,0.06,0.00,1.00,0.00,1.00,3,6776,341.4,2.20,-1.68,-3.43,-0.01,644,686,4215,0.0589,0.006,-0.002,-0.098,-0.23,-6.93,1189,-107,-159,0,0,8457,0.0614,0.029,-0.002,-0.098,-0.23,-6.93,1187,354,-304,0,0,5197,0.0838,-0.001,0.059,-0.041,-0.23,-6.93,1262,3520,-176,0,0,5595,0.0861,0.020,0.058,-0.042,-0.23,-6.93,1261,3749,-189,0,0
52.081,1729.7,-545.81,-8.09,-349.54,145.6,0.47,0.04,0.00,1.00,0.00,1.00,3,6905,336.9,2.20,-1.55,-3.48,-0.04,657,705,4628,0.0556,-0.027,-0.002,-0.098,-0.30,-6.86,1205,-122,-224,0,0,4852,0.0593,-0.018,-0.002,-0.098,-0.30,-6.86,1205,-126,-234,0,0,4961,0.0815,-0.019,0.064,-0.036,-0.30,-6.86,1286,3553,-214,0,0,5148,0.0851,-0.008,0.064,-0.036,-0.30,-6.86,1286,3668,-221,0,0
52.201,1734.6,-546.01,-8.01,-344.66,147.6,0.46,0.30,0.00,1.00,0.00,1.00,3,6973,334.5,2.20,-1.50,-3.08,14.23,678,724,5437,0.0638,0.068,-0.002,-0.098,-0.39,-6.77,1227,-125,-377,0,0,4570,0.0562,-0.025,-0.002,-0.098,-0.40,-6.76,1216,-120,-319,0,0,5655,0.0879,0.054,0.055,-0.045,0.48,-6.68,1299,3675,346,0,0,5110,0.0797,-0.045,0.066,-0.034,0.48,-6.68,1298,3690,310,0,0
52.321,1739.5,-546.17,-7.93,-339.70,149.6,0.47,0.24,0.00,1.00,0.00,1.00,3,7100,327.0,2.20,-1.33,-3.01,7.79,691,743,5031,0.0622,-0.014,-0.002,-0.098,0.62,-6.54,1241,-124,481,0,0,4508,0.0535,-0.023,-0.002,-0.098,0.63,-6.53,1235,-124,437,0,0,5296,0.0877,-0.002,0.063,-0.037,1.10,-6.06,1323,3667,814,0,0,4857,0.0790,-0.006,0.069,-0.031,1.11,-6.05,1323,3547,741,0,0
52.441,1744.5,-546.29,-7.87,-334.69,151.0,0.35,0.37,0.00,1.00,0.00,0.53,3,6991,333.8,2.20,-1.25,-2.86,4.03,698,757,5549,0.0672,0.042,-0.001,-0.099,0.79,-6.37,1252,-107,688,0,0,4793,0.0550,0.012,-0.001,-0.099,0.79,-6.37,1249,-101,603,0,0,5437,0.0890,0.011,0.027,-0.073,1.04,-6.12,1288,2032,869,0,0,4860,0.0761,-0.025,0.030,-0.070,1.04,-6.12,1288,1996,783,0,0
52.561,1749.6,-546.35,-7.80,-329.65,151.2,0.04,0.33,0.00,1.00,0.00,0.05,3,7419,-180.6,2.20,-0.92,-2.84,1.49,658,757,5497,0.0693,0.018,-0.001,-0.099,0.63,-6.54,1253,-81,546,0,0,5000,0.0565,0.012,-0.001,-0.099,0.63,-6.53,1251,-76,501,0,0,4766,0.0833,-0.048,0.002,-0.098,0.73,-6.43,1256,174,558,0,0,4342,0.0704,-0.048,0.003,-0.097,0.73,-6.43,1256,224,512,0,0
52.681,1754.6,-546.37,-7.74,-324.61,151.8,0.14,0.26,0.00,1.00,0.00,1.00,4,6650,345.0,2.20,-0.82,-2.95,1.03,651,763,5365,0.0721,0.023,-0.002,-0.098,0.37,-6.79,1257,-122,320,0,0,5102,0.0628,0.053,-0.002,-0.098,0.37,-6.79,1256,-119,306,0,0,5140,0.0797,-0.030,0.043,-0.057,0.43,-6.73,1314,2821,339,0,0,5097,0.0698,-0.005,0.044,-0.056,0.43,-6.73,1314,2837,336,0,0
52.801,1759.7,-546.37,-7.69,-319.52,153.2,0.34,0.19,0.00,1.00,0.00,1.00,4,5458,381.6,2.20,-0.87,-3.09,0.40,684,778,4891,0.0656,-0.054,-0.002,-0.098,0.16,-7.00,1269,-113,126,0,0,4831,0.0600,-0.024,-0.002,-0.098,0.16,-7.00,1268,-113,125,0,0,5023,0.0807,0.009,0.043,-0.057,0.18,-6.98,1326,2781,141,0,0,4967,0.0752,0.045,0.043,-0.057,0.18,-6.98,1326,2766,139,0,0
52.921,1764.8,-546.34,-7.64,-314.38,154.7,0.34,0.13,0.00,1.00,0.00,1.00,4,5496,380.6,2.20,-0.96,-3.20,0.22,714,793,5050,0.0643,-0.010,-0.002,-0.098,-0.02,-7.14,1281,-116,-12,0,0,5108,0.0626,0.022,-0.002,-0.098,-0.02,-7.14,1281,-118,-12,0,0,5166,0.0814,0.005,0.040,-0.060,-0.01,-7.15,1335,2755,-3,0,0,5400,0.0792,0.034,0.041,-0.059,-0.01,-7.15,1335,2880,17,0,0
53.041,1770.0,-546.29,-7.60,-309.20,156.1,0.34,0.09,0.00,1.00,0.00,1.00,4,5560,379.1,2.20,-0.88,-3.29,0.12,726,808,4820,0.0606,-0.031,-0.002,-0.098,-0.14,-7.02,1292,-112,-107,0,0,4952,0.0610,-0.013,-0.002,-0.098,-0.14,-7.02,1292,-114,-110,0,0,4904,0.0796,-0.014,0.043,-0.057,-0.13,-7.03,1351,2740,-97,0,0,5025,0.0801,0.008,0.043,-0.057,-0.13,-7.03,1351,2802,-99,0,0
53.161,1775.3,-546.23,-7.56,-303.97,157.5,0.34,0.06,0.00,1.00,0.00,1.00,4,5598,378.2,2.20,-0.89,-3.34,0.12,744,823,4524,0.0611,0.004,-0.001,-0.099,-0.22,-6.94,1304,-103,-161,0,0,4665,0.0637,0.022,-0.001,-0.099,-0.22,-6.94,1304,-106,-166,0,0,5075,0.0794,-0.002,0.041,-0.059,-0.22,-6.95,1361,2712,-166,0,0,5410,0.0819,0.015,0.041,-0.059,-0.22,-6.95,1360,2862,-176,0,0
53.281,1780.5,-546.17,-7.52,-298.70,158.9,0.34,0.04,0.00,1.00,0.00,1.00,4,5659,376.7,2.20,-0.81,-3.37,0.11,753,838,4804,0.0592,-0.016,-0.002,-0.098,-0.27,-6.89,1316,-112,-208,0,0,5004,0.0626,-0.009,-0.002,-0.098,-0.27,-6.89,1316,-115,-216,0,0,4907,0.0780,-0.012,0.043,-0.057,-0.26,-6.90,1376,2730,-196,0,0,5074,0.0814,-0.004,0.043,-0.057,-0.26,-6.90,1375,2811,-202,0,0
53.401,1785.9,-546.10,-7.49,-293.37,160.4,0.34,0.03,0.00,1.00,0.00,1.00,4,5695,375.9,2.20,-0.83,-3.38,0.16,771,853,4559,0.0594,0.002,-0.002,-0.098,-0.30,-6.86,1328,-105,-223,0,0,4739,0.0638,0.010,-0.001,-0.099,-0.30,-6.86,1328,-113,-231,0,0,5238,0.0787,0.006,0.040,-0.060,-0.30,-6.87,1384,2761,-236,0,0,5388,0.0831,0.015,0.040,-0.060,-0.30,-6.87,1384,2831,-242,0,0
53.521,1791.2,-546.03,-7.46,-288.00,161.8,0.34,0.03,0.00,1.00,0.00,1.00,4,5759,374.3,2.20,-0.74,-3.39,0.17,780,868,4798,0.0585,-0.008,-0.002,-0.098,-0.32,-6.85,1340,-112,-244,0,0,5005,0.0631,-0.006,-0.002,-0.098,-0.32,-6.85,1339,-115,-254,0,0,4915,0.0770,-0.014,0.043,-0.057,-0.31,-6.86,1400,2726,-230,0,0,5098,0.0816,-0.013,0.043,-0.057,-0.31,-6.86,1400,2815,-237,0,0
53.641,1796.7,-545.95,-7.43,-282.58,163.2,0.34,0.02,0.00,1.00,0.00,1.00,4,5795,373.5,2.20,-0.75,-3.38,0.20,796,884,4646,0.0587,0.002,-0.001,-0.099,-0.33,-6.84,1351,-105,-245,0,0,4852,0.0638,0.006,-0.001,-0.099,-0.33,-6.84,1351,-110,-255,0,0,5207,0.0786,0.013,0.040,-0.060,-0.31,-6.85,1409,2740,-250,0,0,5369,0.0837,0.018,0.040,-0.060,-0.31,-6.85,1409,2816,-257,0,0
53.761,1802.1,-545.87,-7.40,-277.11,164.7,0.34,0.02,0.00,1.00,0.00,1.00,4,5857,372.0,2.20,-0.68,-3.37,0.21,807,899,4824,0.0586,-0.001,-0.002,-0.098,-0.33,-6.84,1363,-112,-253,0,0,5049,0.0636,-0.002,-0.002,-0.098,-0.33,-6.84,1363,-116,-264,0,0,4960,0.0770,-0.014,0.043,-0.057,-0.32,-6.85,1424,2725,-238,0,0,5148,0.0819,-0.015,0.042,-0.058,-0.32,-6.85,1424,2817,-247,0,0
53.881,1807.6,-545.78,-7.38,-271.60,166.0,0.32,0.21,0.00,1.00,0.00,1.00,4,5897,371.0,2.20,-0.65,-3.08,11.27,818,914,5406,0.0622,0.030,-0.002,-0.098,-0.61,-6.55,1378,-241,436,0,0,4290,0.0602,-0.028,-0.003,-0.097,-0.61,-6.55,1369,-228,528,0,0,5570,0.0824,0.045,0.038,-0.062,0.01,-7.16,1434,2768,-29,0,0,4521,0.0804,-0.013,0.045,-0.055,0.01,-7.16,1434,2593,-24,0,0
54.001,1813.2,-545.66,-7.36,-266.04,167.5,0.34,0.17,0.00,1.00,0.00,1.00,4,5957,369.6,2.20,-0.55,-2.95,6.75,833,930,8260,0.0640,0.015,-0.002,-0.098,0.38,-6.78,1388,82,523,0,0,5006,0.0594,-0.007,-0.002,-0.098,0.38,-6.78,1384,-118,292,0,0,5283,0.0819,-0.004,0.041,-0.059,0.75,-6.41,1449,2773,589,0,0,4857,0.0766,-0.032,0.045,-0.055,0.75,-6.41,1449,2753,542,0,0
54.121,1818.8,-545.50,-7.34,-260.43,168.9,0.34,0.29,0.00,1.00,0.00,1.00,4,6014,368.1,2.20,-0.51,-2.80,3.55,846,946,5150,0.0658,0.015,-0.001,-0.099,0.61,-6.55,1399,-115,495,0,0,4585,0.0568,-0.021,-0.002,-0.098,0.61,-6.55,1396,-110,446,0,0,5174,0.0847,0.023,0.043,-0.057,0.81,-6.36,1463,2822,625,0,0,4695,0.0758,-0.007,0.045,-0.055,0.81,-6.35,1463,2685,570,0,0
54.241,1824.5,-545.29,-7.33,-254.78,170.3,0.34,0.29,0.00,1.00,0.00,1.00,4,6054,366.7,2.20,-0.49,-2.74,2.03,863,962,5365,0.0674,0.014,-0.001,-0.099,0.55,-6.61,1411,-121,465,0,0,4916,0.0578,0.008,-0.002,-0.098,0.55,-6.61,1409,-116,429,0,0,5313,0.0849,0.002,0.042,-0.058,0.66,-6.51,1472,2834,527,0,0,4890,0.0745,-0.011,0.043,-0.057,0.66,-6.50,1473,2695,487,0,0
54.361,1830.2,-545.05,-7.32,-249.08,171.7,0.34,0.24,0.00,1.00,0.00,1.00,4,6108,364.8,2.20,-0.44,-2.78,0.95,875,978,5035,0.0656,-0.016,-0.002,-0.098,0.39,-6.78,1422,-115,312,0,0,4777,0.0570,-0.006,-0.002,-0.098,0.39,-6.78,1421,-113,297,0,0,5110,0.0840,-0.007,0.043,-0.057,0.44,-6.72,1486,2806,341,0,0,4891,0.0755,0.009,0.043,-0.057,0.44,-6.72,1486,2730,327,0,0
54.481,1835.9,-544.77,-7.32,-243.33,173.2,0.34,0.19,0.00,1.00,0.00,1.00,4,6145,363.4,2.20,-0.46,-2.87,0.49,895,994,4872,0.0650,-0.005,-0.001,-0.099,0.21,-6.96,1434,-111,162,0,0,4684,0.0595,0.021,-0.002,-0.098,0.21,-6.96,1434,-109,156,0,0,5400,0.0830,-0.008,0.040,-0.060,0.23,-6.93,1495,2848,192,0,0,5250,0.0775,0.017,0.041,-0.059,0.23,-6.93,1495,2793,187,0,0
54.601,1841.7,-544.47,-7.31,-237.54,174.6,0.34,0.14,0.00,1.00,0.00,1.00,4,6205,361.4,2.20,-0.41,-2.96,0.22,905,1011,4902,0.0630,-0.017,-0.002,-0.098,0.05,-7.11,1446,-114,43,0,0,4915,0.0600,0.004,-0.002,-0.098,0.05,-7.11,1445,-114,43,0,0,5035,0.0811,-0.016,0.042,-0.058,0.07,-7.10,1510,2759,51,0,0,5031,0.0781,0.005,0.042,-0.058,0.07,-7.10,1510,2763,51,0,0
54.721,1847.6,-544.14,-7.31,-231.70,176.0,0.34,0.10,0.00,1.00,0.00,1.00,4,6243,360.0,2.20,-0.42,-3.03,0.11,920,1027,4835,0.0622,-0.006,-0.002,-0.098,-0.07,-7.09,1457,-111,-52,0,0,4896,0.0616,0.014,-0.002,-0.098,-0.07,-7.09,1457,-112,-53,0,0,5236,0.0814,0.003,0.040,-0.060,-0.06,-7.10,1519,2760,-48,0,0,5284,0.0809,0.023,0.040,-0.060,-0.06,-7.10,1519,2785,-48,0,0
54.841,1853.5,-543.81,-7.31,-225.82,177.4,0.33,0.07,0.00,1.00,0.00,1.00,4,6303,357.9,2.20,-0.40,-3.08,0.13,934,1044,5161,0.0613,-0.007,-0.002,-0.098,-0.16,-7.01,1469,-120,-128,0,0,5266,0.0631,0.013,-0.002,-0.098,-0.16,-7.01,1469,-120,-130,0,0,5049,0.0790,-0.020,0.042,-0.058,-0.15,-7.01,1534,2752,-115,0,0,5108,0.0800,-0.007,0.042,-0.058,-0.15,-7.01,1534,2781,-117,0,0
54.961,1859.4,-543.46,-7.31,-219.88,178.8,0.33,0.05,0.00,1.00,0.00,1.00,4,6356,356.1,2.20,-0.41,-3.11,0.10,949,1061,4812,0.0606,-0.006,-0.002,-0.098,-0.21,-6.95,1481,-112,-165,0,0,4981,0.0630,-0.001,-0.002,-0.098,-0.21,-6.95,1481,-115,-170,0,0,4952,0.0791,0.001,0.043,-0.057,-0.21,-6.95,1547,2731,-157,0,0,5082,0.0815,0.012,0.042,-0.058,-0.21,-6.95,1547,2794,-161,0,0
55.081,1865.4,-543.10,-7.31,-213.91,180.3,0.33,0.04,0.00,1.00,0.00,1.00,4,6397,354.6,2.20,-0.42,-3.12,0.18,966,1078,4740,0.0612,0.005,-0.002,-0.098,-0.25,-6.91,1491,-67,-193,0,0,4884,0.0650,0.016,-0.003,-0.097,-0.25,-6.91,1490,-25,-199,0,0,5025,0.0781,-0.008,0.041,-0.059,-0.25,-6.92,1557,2704,-188,0,0,5406,0.0816,0.001,0.041,-0.059,-0.25,-6.92,1557,2878,-200,0,0
55.201,1871.4,-542.74,-7.31,-207.88,181.7,0.33,0.03,0.00,1.00,0.00,1.00,4,6453,352.7,2.20,-0.39,-3.13,0.19,978,1094,4814,0.0599,-0.011,-0.002,-0.098,-0.27,-6.89,1504,-112,-208,0,0,5002,0.0637,-0.010,-0.002,-0.098,-0.27,-6.89,1504,-115,-215,0,0,4962,0.0779,-0.002,0.042,-0.058,-0.26,-6.90,1571,2723,-196,0,0,5133,0.0817,0.001,0.042,-0.058,-0.26,-6.90,1571,2808,-203,0,0
55.321,1877.5,-542.37,-7.31,-201.81,183.1,0.33,0.03,0.00,1.00,0.00,1.00,4,6490,351.4,2.20,-0.42,-3.11,0.20,993,1111,4809,0.0603,0.003,-0.002,-0.098,-0.28,-6.88,1516,-111,-217,0,0,4981,0.0645,0.006,-0.001,-0.099,-0.28,-6.88,1516,-113,-224,0,0,5189,0.0789,0.008,0.040,-0.060,-0.27,-6.89,1580,2731,-215,0,0,5335,0.0831,0.012,0.040,-0.060,-0.27,-6.89,1580,2800,-220,0,0
55.441,1883.6,-541.99,-7.31,-195.69,184.5,0.33,0.02,0.00,1.00,0.00,1.00,4,6550,349.3,2.20,-0.40,-3.10,0.24,1007,1128,5140,0.0601,-0.002,-0.002,-0.098,-0.29,-6.88,1527,-120,-235,0,0,5311,0.0650,0.004,-0.002,-0.098,-0.29,-6.88,1527,-121,-242,0,0,5016,0.0775,-0.011,0.042,-0.058,-0.28,-6.89,1595,2735,-211,0,0,5129,0.0815,-0.013,0.042,-0.058,-0.28,-6.89,1594,2792,-216,0,0
55.561,1889.8,-541.61,-7.31,-189.53,185.8,0.33,0.02,0.08,1.00,0.00,1.00,4,6600,347.5,2.20,-0.41,-3.08,0.24,1022,1145,4829,0.0600,0.000,-0.002,-0.098,-0.28,-6.88,1539,-112,-221,0,0,5014,0.0644,-0.005,-0.002,-0.098,-0.28,-6.88,1539,-116,-229,0,0,4961,0.0780,0.004,0.042,-0.058,-0.27,-6.89,1607,2720,-207,0,0,5120,0.0823,0.006,0.042,-0.058,-0.27,-6.89,1607,2799,-213,0,0
55.681,1896.0,-541.18,-7.31,-183.32,187.1,0.30,0.48,0.00,1.00,0.00,1.00,4,6645,345.9,2.20,-0.35,-2.34,20.94,1033,1160,5671,0.0710,0.092,-0.001,-0.099,0.13,-7.04,1557,-127,54,0,0,4191,0.0558,-0.072,-0.002,-0.098,0.13,-7.03,1540,-110,42,0,0,5945,0.0873,0.077,0.037,-0.063,1.14,-6.02,1617,2849,975,0,0,4713,0.0720,-0.086,0.047,-0.053,1.16,-6.01,1618,2788,768,0,0
55.801,1902.3,-540.70,-7.32,-177.08,188.4,0.33,0.46,0.00,1.00,0.00,1.00,4,6722,343.2,2.20,-0.24,-2.11,12.61,1040,1177,5563,0.0724,0.011,-0.001,-0.099,1.62,-5.54,1564,-114,1368,0,0,4282,0.0522,-0.030,-0.002,-0.098,1.63,-5.53,1554,-105,1082,0,0,5591,0.0895,0.019,0.044,-0.056,2.23,-4.93,1637,2851,1775,0,0,4514,0.0693,-0.022,0.051,-0.049,2.25,-4.92,1637,2614,1440,0,0
55.921,1908.6,-540.11,-7.32,-170.80,189.7,0.34,0.67,0.00,1.00,0.00,1.00,4,6770,341.6,2.20,-0.22,-1.77,7.51,1053,1193,5710,0.0766,0.035,-0.002,-0.098,2.02,-5.14,1572,-119,1747,0,0,4082,0.0482,-0.033,-0.002,-0.098,2.03,-5.14,1566,-100,1286,0,0,5731,0.0947,0.043,0.046,-0.054,2.38,-4.78,1648,2954,1932,0,0,4347,0.0663,-0.025,0.051,-0.049,2.39,-4.77,1650,2466,1485,0,0
56.041,1915.0,-539.43,-7.33,-164.49,191.0,0.33,0.66,0.00,1.00,0.00,1.00,4,6811,340.1,2.20,-0.20,-1.65,4.74,1070,1209,5887,0.0786,0.016,-0.002,-0.098,1.92,-5.24,1582,-127,1719,0,0,4428,0.0478,-0.003,-0.002,-0.098,1.92,-5.24,1578,-107,1327,0,0,5714,0.0951,0.003,0.046,-0.054,2.15,-5.01,1658,3000,1756,0,0,4442,0.0636,-0.022,0.049,-0.051,2.15,-5.01,1660,2507,1385,0,0
56.161,1921.3,-538.65,-7.34,-158.15,192.3,0.33,0.59,0.00,1.00,0.00,1.00,4,6847,338.8,2.20,-0.18,-1.72,2.37,1084,1226,5472,0.0765,-0.017,-0.002,-0.098,1.60,-5.56,1592,-121,1361,0,0,4369,0.0476,-0.002,-0.002,-0.098,1.60,-5.56,1590,-106,1107,0,0,5511,0.0941,-0.008,0.045,-0.055,1.72,-5.44,1667,2947,1386,0,0,4575,0.0653,0.014,0.047,-0.053,1.72,-5.44,1668,2562,1164,0,0
56.281,1927.8,-537.79,-7.36,-151.77,193.7,0.33,0.49,0.00,1.00,0.00,1.00,4,6872,338.0,2.20,-0.20,-1.88,1.06,1103,1243,5313,0.0744,-0.017,-0.002,-0.098,1.21,-5.96,1603,-118,1009,0,0,4511,0.0507,0.026,-0.002,-0.098,1.21,-5.96,1602,-107,868,0,0,5588,0.0925,-0.013,0.042,-0.058,1.26,-5.90,1673,2900,1050,0,0,4905,0.0688,0.029,0.043,-0.057,1.26,-5.90,1674,2624,930,0,0
56.401,1934.3,-536.86,-7.37,-145.35,195.0,0.33,0.37,0.00,1.00,0.00,1.00,4,6925,336.1,2.20,-0.20,-2.10,0.48,1121,1261,5407,0.0716,-0.024,-0.002,-0.098,0.82,-6.34,1615,-123,704,0,0,4911,0.0544,0.030,-0.002,-0.098,0.82,-6.34,1614,-115,645,0,0,5286,0.0881,-0.037,0.042,-0.058,0.84,-6.32,1687,2859,674,0,0,4840,0.0702,0.012,0.043,-0.057,0.84,-6.32,1687,2663,621,0,0
56.521,1940.8,-535.89,-7.39,-138.90,196.4,0.32,0.27,0.00,1.00,0.00,1.00,4,6970,334.5,2.20,-0.21,-2.30,-0.02,1136,1278,5035,0.0680,-0.030,-0.002,-0.098,0.50,-6.66,1626,-116,405,0,0,4772,0.0561,0.015,-0.002,-0.098,0.50,-6.66,1626,-112,386,0,0,5139,0.0854,-0.022,0.042,-0.058,0.50,-6.66,1698,2806,393,0,0,4898,0.0736,0.028,0.042,-0.058,0.50,-6.66,1698,2693,376,0,0
56.641,1947.4,-534.87,-7.41,-132.42,196.8,0.12,0.19,0.00,0.00,0.00,1.00,4,6624,-72.0,0.86,-0.15,-2.45,-0.27,1118,1284,5329,0.0680,0.000,-0.001,-0.099,0.25,-6.91,1631,-66,212,0,0,5201,0.0610,0.040,-0.001,-0.099,0.25,-6.91,1631,-64,208,0,0,4953,0.0818,-0.030,-0.006,-0.094,0.24,-6.92,1622,-438,192,0,0,4852,0.0748,0.010,-0.006,-0.094,0.24,-6.92,1622,-435,189,0,0
56.761,1953.9,-533.83,-7.42,-125.96,195.9,-0.22,0.13,0.00,0.00,0.00,1.00,4,6588,-71.7,0.26,0.12,-2.58,-0.17,1025,1270,5730,0.0722,0.035,-0.001,-0.099,0.06,-7.10,1623,-79,57,0,0,5738,0.0693,0.070,-0.001,-0.099,0.06,-7.10,1623,-78,57,0,0,4495,0.0722,-0.080,-0.007,-0.093,0.06,-7.11,1613,-454,42,0,0,4472,0.0686,-0.052,-0.007,-0.093,0.06,-7.11,1613,-455,42,0,0
56.881,1960.4,-532.79,-7.43,-119.53,195.0,-0.22,0.09,0.00,0.00,0.00,1.00,4,6557,-71.5,0.21,0.23,-2.67,-0.07,978,1257,5454,0.0735,0.010,-0.001,-0.099,-0.06,-7.10,1615,-73,-52,0,0,5533,0.0728,0.029,-0.001,-0.099,-0.06,-7.10,1615,-74,-52,0,0,4508,0.0685,-0.030,-0.007,-0.093,-0.06,-7.10,1606,-452,-45,0,0,4578,0.0679,-0.006,-0.007,-0.093,-0.06,-7.10,1606,-458,-46,0,0
57.001,1966.9,-531.74,-7.44,-113.14,194.1,-0.22,0.06,0.00,0.00,0.00,1.00,4,6529,-71.3,0.20,0.21,-2.71,0.02,963,1245,5465,0.0742,0.006,-0.001,-0.099,-0.14,-7.02,1608,-72,-123,0,0,5574,0.0754,0.022,-0.001,-0.099,-0.14,-7.02,1608,-73,-125,0,0,4711,0.0677,-0.007,-0.006,-0.094,-0.14,-7.02,1599,-455,-107,0,0,4800,0.0689,0.009,-0.006,-0.094,-0.14,-7.02,1599,-461,-109,0,0
57.121,1973.3,-530.68,-7.45,-106.77,193.1,-0.21,0.04,0.00,0.00,0.00,1.00,4,6497,-71.1,0.20,0.20,-2.74,0.12,952,1234,5632,0.0737,-0.004,-0.001,-0.099,-0.19,-6.97,1600,-93,-170,0,0,5762,0.0764,0.008,-0.001,-0.099,-0.19,-6.97,1600,-78,-175,0,0,4575,0.0670,-0.006,-0.007,-0.093,-0.19,-6.97,1591,-453,-138,0,0,4656,0.0689,0.000,-0.006,-0.094,-0.19,-6.97,1591,-457,-140,0,0
57.241,1979.8,-529.63,-7.45,-100.44,192.2,-0.22,0.03,0.00,0.00,0.00,1.00,4,6467,-70.9,0.20,0.16,-2.75,0.14,944,1222,5396,0.0734,-0.003,-0.001,-0.099,-0.22,-6.94,1593,-71,-187,0,0,5557,0.0764,0.000,-0.001,-0.099,-0.22,-6.94,1593,-74,-193,0,0,4589,0.0675,0.004,-0.006,-0.094,-0.21,-6.95,1584,-450,-157,0,0,4725,0.0705,0.013,-0.006,-0.094,-0.21,-6.95,1584,-456,-162,0,0
57.361,1986.1,-528.58,-7.45,-94.14,191.3,-0.21,0.03,0.00,0.00,0.00,1.00,4,6437,-70.7,0.20,0.12,-2.75,0.16,937,1211,5536,0.0738,0.003,-0.001,-0.099,-0.24,-6.93,1585,-74,-208,0,0,5684,0.0774,0.008,-0.003,-0.097,-0.24,-6.93,1583,-237,-213,0,0,4731,0.0673,-0.002,-0.006,-0.094,-0.23,-6.93,1577,-455,-175,0,0,4856,0.0709,0.004,-0.006,-0.094,-0.23,-6.93,1577,-460,-180,0,0
57.481,1992.5,-527.50,-7.45,-87.88,189.4,-0.45,0.49,0.00,0.00,1.00,1.00,4,6163,-68.8,0.20,0.24,-2.09,22.25,888,1186,6965,0.0831,0.078,-0.056,-0.044,8.88,1.71,1469,-2168,5269,934,0,5031,0.0710,-0.053,-0.073,-0.027,10.92,3.76,1416,-1688,4050,934,0,5221,0.0735,0.051,-0.041,-0.059,0.70,-6.46,1513,-2738,504,503,0,3321,0.0607,-0.085,-0.037,-0.063,0.70,-6.46,1503,-1636,337,503,0
57.601,1998.7,-526.40,-7.44,-81.81,182.4,-1.64,0.43,0.00,0.00,0.00,1.00,4,5548,-64.3,0.20,1.04,-1.83,17.49,626,1105,7588,0.1039,0.174,0.002,-0.098,1.80,-5.36,1521,-289,1986,0,0,6623,0.0845,0.112,-0.002,-0.098,1.81,-5.35,1503,-783,1774,0,0,3731,0.0597,-0.115,-0.103,0.003,2.68,-4.48,1367,-3097,1151,0,0,2928,0.0402,-0.171,-0.098,-0.002,2.70,-4.46,1362,-2419,942,0,0
57.721,2004.7,-525.23,-7.44,-75.87,181.0,-0.27,0.82,0.00,0.00,0.00,1.00,4,6075,-68.1,0.20,0.84,-1.30,14.22,673,1086,6850,0.1059,0.017,-0.001,-0.099,2.74,-4.42,1504,-85,2699,0,0,4528,0.0732,-0.094,-0.001,-0.099,2.76,-4.40,1492,-60,1866,0,0,5660,0.0726,0.108,-0.010,-0.090,3.45,-3.71,1490,-655,2762,0,0,3939,0.0394,-0.007,-0.005,-0.095,3.47,-3.69,1486,-241,1992,0,0
57.841,2010.7,-523.93,-7.44,-70.00,179.6,-0.23,1.24,0.44,0.00,0.00,1.00,4,6032,-67.8,0.20,0.45,-0.44,22.47,753,1067,7356,0.1089,0.025,0.006,-0.094,16.12,8.96,1446,124,6216,0,0,3636,0.0533,-0.166,0.021,-0.079,19.10,11.94,1427,203,3246,0,0,6475,0.0959,0.194,-0.011,-0.089,4.01,-3.15,1480,-719,3491,0,0,3353,0.0402,0.007,-0.003,-0.097,4.06,-3.10,1474,-96,1923,0,0
57.961,2016.7,-522.46,-7.44,-64.24,177.4,-0.37,1.44,0.00,0.00,0.00,1.00,4,5943,-67.2,0.20,0.52,0.10,30.05,712,1042,7679,0.1149,0.050,0.000,-0.100,21.45,14.29,1378,-5,6390,0,0,4129,0.0458,-0.062,0.012,-0.088,25.37,18.20,1333,97,3608,0,0,6280,0.1020,0.051,-0.013,-0.087,5.65,-1.51,1458,-690,4244,0,0,3003,0.0330,-0.060,-0.001,-0.099,5.74,-1.42,1452,-28,2167,0,0
58.081,2022.6,-520.83,-7.44,-58.59,175.8,-0.20,1.39,0.00,0.00,0.00,1.00,4,5855,-66.5,0.20,0.63,0.13,25.39,681,1024,7052,0.1131,-0.015,-0.001,-0.099,5.79,-1.37,1457,-68,4795,0,0,4222,0.0444,-0.012,-0.001,-0.099,5.87,-1.29,1437,-35,3028,0,0,5924,0.1004,-0.013,-0.015,-0.085,7.10,-0.06,1436,-647,4494,0,0,3220,0.0315,-0.013,-0.005,-0.095,7.20,0.04,1431,-116,2577,0,0
58.201,2028.4,-519.02,-7.45,-53.05,174.4,-0.14,1.49,0.00,0.00,0.00,1.00,4,5795,-66.1,0.20,0.60,0.24,19.17,678,1007,7302,0.1137,0.005,-0.001,-0.099,6.54,-0.62,1441,-76,5260,0,0,3941,0.0423,-0.018,-0.001,-0.099,6.61,-0.55,1426,-35,3014,0,0,6385,0.1027,0.019,-0.015,-0.085,7.55,0.39,1421,-631,4926,0,0,3154,0.0315,0.000,-0.007,-0.093,7.63,0.47,1417,-156,2581,0,0
58.321,2034.2,-517.02,-7.46,-47.62,172.9,-0.15,1.51,0.00,0.00,0.00,1.00,4,5744,-65.8,0.20,0.65,0.27,13.80,663,989,7301,0.1129,-0.007,-0.002,-0.098,6.51,-0.65,1426,-87,5254,0,0,4025,0.0414,-0.007,-0.001,-0.099,6.56,-0.60,1416,-41,3067,0,0,6098,0.1018,-0.007,-0.014,-0.086,7.24,0.08,1408,-601,4662,0,0,3051,0.0299,-0.014,-0.009,-0.091,7.30,0.14,1405,-197,2463,0,0
58.441,2039.9,-514.88,-7.46,-42.34,168.3,-0.92,1.22,0.00,0.00,1.00,1.00,4,4641,-58.2,0.20,0.94,-0.04,4.79,576,940,7669,0.1163,0.029,-0.178,0.078,6.30,-0.87,1129,-5765,3321,2860,0,5701,0.0527,0.094,-0.184,0.084,6.31,-0.85,1136,-4441,2528,858,1,4633,0.0917,-0.084,-0.181,0.081,6.58,-0.59,1152,-3593,2215,462,1,2967,0.0281,-0.015,-0.183,0.083,6.60,-0.57,1150,-2363,1455,462,1
58.561,2045.4,-512.70,-7.47,-37.30,163.1,-1.12,1.10,0.00,0.00,0.00,1.00,4,5309,-62.6,0.20,1.35,-0.36,11.05,464,886,7860,0.1225,0.051,-0.002,-0.098,5.46,-1.70,1348,-105,5134,0,0,5011,0.0691,0.137,-0.001,-0.099,5.49,-1.67,1340,-40,3444,0,0,5172,0.0768,-0.124,-0.035,-0.065,6.08,-1.09,1305,-1504,3625,0,0,3006,0.0234,-0.039,-0.033,-0.067,6.11,-1.05,1299,-866,2195,0,0
58.681,2050.8,-510.39,-7.49,-32.41,161.8,-0.16,1.34,0.00,0.00,0.00,1.00,4,5411,-63.4,0.20,0.85,0.05,8.56,552,868,7141,0.1194,-0.025,-0.001,-0.099,4.83,-2.34,1339,-88,4379,0,0,3880,0.0544,-0.122,-0.001,-0.099,4.85,-2.31,1332,-48,2518,0,0,6439,0.0968,0.167,-0.010,-0.090,5.31,-1.85,1327,-595,4227,0,0,3677,0.0318,0.070,-0.008,-0.092,5.33,-1.83,1324,-254,2535,0,0
58.801,2056.2,-507.94,-7.50,-27.62,160.7,-0.16,1.20,0.00,0.00,0.00,1.00,4,5386,-63.2,0.20,0.52,-0.05,3.43,610,855,6688,0.1109,-0.072,-0.001,-0.099,3.88,-3.28,1330,-85,3558,0,0,4289,0.0491,-0.044,-0.001,-0.099,3.89,-3.28,1327,-55,2377,0,0,6031,0.1012,0.036,-0.008,-0.092,4.08,-3.09,1320,-529,3362,0,0,3826,0.0394,0.064,-0.008,-0.092,4.09,-3.08,1318,-315,2214,0,0
58.921,2061.5,-505.37,-7.51,-22.94,159.6,-0.19,1.15,0.00,1.00,0.00,1.00,4,5385,26.8,0.25,0.41,-0.20,10.70,624,843,6896,0.1071,-0.031,-0.005,-0.095,2.59,-4.57,1320,-430,3631,0,0,4227,0.0493,0.001,-0.008,-0.092,2.60,-4.56,1309,-357,2459,0,0,5912,0.1004,-0.006,-0.004,-0.096,3.20,-3.96,1322,-319,2714,0,0,3598,0.0426,0.027,-0.001,-0.099,3.22,-3.94,1317,-51,1725,0,0
59.041,2066.8,-502.69,-7.52,-18.35,159.4,0.00,0.83,0.00,1.00,0.00,1.00,4,5492,248.3,1.48,0.27,-0.58,6.17,652,841,6418,0.0996,-0.063,-0.001,-0.099,2.48,-4.68,1322,-106,2356,0,0,4805,0.0524,0.026,-0.001,-0.099,2.49,-4.67,1317,-88,1817,0,0,5699,0.0970,-0.029,0.016,-0.084,2.83,-4.33,1345,1097,2367,0,0,4337,0.0500,0.062,0.020,-0.080,2.84,-4.32,1346,1051,1840,0,0
59.161,2072.1,-499.91,-7.53,-13.81,159.9,0.14,0.72,0.00,1.00,0.00,1.00,4,5545,342.0,2.00,0.05,-0.92,2.58,694,846,5828,0.0915,-0.067,-0.001,-0.099,1.95,-5.21,1324,-107,1740,0,0,4816,0.0538,0.011,-0.001,-0.099,1.95,-5.21,1322,-97,1463,0,0,5700,0.0973,0.002,0.024,-0.076,2.10,-5.07,1358,1715,1799,0,0,4590,0.0592,0.077,0.026,-0.074,2.10,-5.06,1359,1516,1473,0,0
59.281,2077.5,-497.05,-7.54,-9.30,160.6,0.18,0.55,0.00,1.00,0.00,1.00,4,5574,368.1,2.14,-0.11,-1.25,0.78,724,854,5879,0.0858,-0.048,-0.001,-0.099,1.33,-5.83,1330,-111,1222,0,0,5017,0.0568,0.025,-0.001,-0.099,1.33,-5.83,1329,-102,1058,0,0,5523,0.0950,-0.019,0.025,-0.075,1.37,-5.79,1365,1852,1173,0,0,4792,0.0660,0.057,0.026,-0.074,1.37,-5.79,1366,1676,1029,0,0
59.401,2082.8,-494.11,-7.54,-4.81,161.3,0.18,0.54,0.26,0.69,0.00,1.00,4,5590,336.5,2.11,-0.21,-1.38,8.76,739,862,6198,0.0822,-0.030,0.000,-0.100,6.18,-0.98,1332,-28,4226,0,0,4640,0.0583,0.012,0.002,-0.098,7.44,0.28,1325,61,3545,0,0,5778,0.0941,-0.007,0.021,-0.079,1.01,-6.15,1369,1711,889,0,0,4437,0.0694,0.028,0.026,-0.074,1.02,-6.15,1369,1629,696,0,0
59.521,2088.2,-491.08,-7.54,-0.37,160.9,-0.06,0.77,0.00,0.00,0.00,1.00,4,5410,-63.4,0.68,-0.08,-0.99,18.12,707,857,6396,0.0905,0.069,-0.001,-0.099,1.56,-5.60,1339,-71,1468,0,0,4969,0.0554,-0.024,-0.001,-0.099,1.57,-5.59,1325,-70,1179,0,0,5404,0.0961,0.016,-0.010,-0.090,2.59,-4.57,1327,-666,2057,0,0,4201,0.0610,-0.070,-0.003,-0.097,2.62,-4.55,1322,-145,1650,0,0
59.641,2093.6,-488.00,-7.54,3.99,160.0,-0.18,0.75,0.09,0.00,0.00,1.00,4,5375,-63.1,0.24,0.08,-0.94,11.61,666,847,6724,0.0932,0.023,0.000,-0.100,5.29,-1.87,1325,2,4075,0,0,4764,0.0584,0.026,0.002,-0.098,6.00,-1.16,1316,54,3203,0,0,5536,0.0926,-0.029,-0.009,-0.091,2.82,-4.34,1318,-605,2297,0,0,3861,0.0570,-0.033,-0.005,-0.095,2.84,-4.32,1315,-224,1658,0,0
59.761,2098.9,-484.81,-7.53,8.24,158.3,-0.31,1.26,0.47,0.00,0.27,1.00,4,5237,-62.2,0.20,0.24,-0.15,28.73,618,829,7725,0.1069,0.114,-0.038,-0.062,15.27,8.11,1227,-905,6428,338,0,4142,0.0506,-0.065,-0.047,-0.053,18.19,11.03,1175,-508,3643,338,0,6003,0.0997,0.060,-0.026,-0.074,3.96,-3.20,1287,-1575,3167,182,0,2995,0.0435,-0.113,-0.017,-0.083,4.03,-3.13,1277,-539,1696,182,0
59.881,2104.0,-481.58,-7.53,12.29,154.2,-0.85,1.10,0.00,0.00,0.00,1.00,4,5134,-61.4,0.20,0.73,-0.11,25.15,496,789,7528,0.1156,0.073,-0.001,-0.099,4.16,-3.01,1282,-90,4101,0,0,4992,0.0596,0.075,-0.001,-0.099,4.22,-2.94,1263,-57,2868,0,0,5260,0.0896,-0.084,-0.018,-0.082,5.63,-1.53,1261,-855,3597,0,0,3099,0.0330,-0.088,-0.008,-0.092,5.72,-1.44,1255,-228,2228,0,0
60.001,2109.2,-478.27,-7.52,16.20,153.1,-0.13,1.30,0.17,0.00,0.00,1.00,4,5116,-61.3,0.20,0.51,0.16,19.39,525,776,7309,0.1152,-0.004,0.000,-0.100,7.18,0.02,1266,12,5329,0,0,3998,0.0520,-0.064,0.002,-0.098,7.74,0.58,1252,51,3161,0,0,6543,0.0989,0.077,-0.013,-0.087,6.04,-1.12,1255,-683,4580,0,0,3440,0.0358,0.023,-0.005,-0.095,6.12,-1.05,1250,-135,2556,0,0
60.121,2114.2,-474.83,-7.52,19.93,151.3,-0.24,1.54,0.00,1.00,0.00,1.00,4,5058,-60.9,0.20,0.50,0.48,22.01,507,758,7480,0.1162,0.008,0.000,-0.100,18.56,11.40,1196,6,6285,0,0,4036,0.0450,-0.059,0.012,-0.088,21.67,14.51,1170,123,3561,0,0,6285,0.1034,0.037,-0.013,-0.087,6.19,-0.97,1241,-629,4468,0,0,2851,0.0315,-0.036,-0.003,-0.097,6.28,-0.89,1236,-68,2163,0,0
60.241,2119.3,-471.29,-7.52,23.48,150.4,-0.05,1.37,0.00,1.00,0.00,1.00,4,5197,221.8,1.32,0.46,0.41,18.60,516,749,6952,0.1133,-0.024,-0.002,-0.098,5.32,-1.84,1246,-99,4526,0,0,4020,0.0440,-0.008,-0.002,-0.098,5.39,-1.77,1231,-63,2765,0,0,6455,0.1018,-0.013,0.020,-0.080,6.44,-0.72,1273,925,4653,0,0,3430,0.0326,0.009,0.032,-0.068,6.52,-0.64,1274,832,2577,0,0
60.361,2124.3,-467.61,-7.52,26.89,150.3,0.13,1.36,0.13,0.00,0.00,1.00,4,5137,50.7,1.41,0.32,0.29,12.78,545,747,6819,0.1068,-0.054,0.003,-0.097,9.45,2.29,1236,97,5454,0,0,3928,0.0418,-0.018,0.007,-0.093,10.47,3.31,1227,125,3362,0,0,6417,0.1033,0.012,0.010,-0.090,5.83,-1.33,1257,589,4434,0,0,3457,0.0377,0.042,0.018,-0.082,5.87,-1.29,1257,577,2502,0,0
60.481,2129.3,-463.83,-7.52,30.13,148.7,-0.23,1.49,0.55,0.00,0.00,1.00,4,4973,-60.3,0.32,0.42,0.48,18.84,518,731,7505,0.1117,0.041,0.000,-0.100,18.75,11.59,1173,22,6301,0,0,4060,0.0414,-0.004,0.015,-0.085,22.01,14.84,1151,148,3578,0,0,8618,0.1021,-0.010,-0.013,-0.087,5.50,-1.66,1220,-663,5578,0,0,2910,0.0319,-0.048,-0.003,-0.097,5.57,-1.59,1216,-92,2075,0,0
60.601,2134.2,-459.97,-7.53,33.19,147.5,-0.13,1.33,0.00,1.00,0.00,1.00,4,5076,189.9,1.14,0.51,0.41,17.93,502,720,6999,0.1118,0.001,-0.002,-0.098,4.63,-2.53,1224,-102,4171,0,0,4234,0.0444,0.025,-0.002,-0.098,4.69,-2.47,1209,-68,2661,0,0,5922,0.1006,-0.013,0.015,-0.085,5.74,-1.42,1244,696,4076,0,0,3481,0.0325,0.005,0.026,-0.074,5.81,-1.36,1244,766,2481,0,0
60.721,2139.1,-456.00,-7.54,36.10,147.6,0.14,1.25,0.00,1.00,0.00,1.00,4,5158,332.0,1.90,0.30,0.23,11.71,538,720,6684,0.1068,-0.041,-0.002,-0.098,4.46,-2.70,1222,-112,3919,0,0,4111,0.0440,-0.003,-0.002,-0.098,4.50,-2.66,1213,-81,2527,0,0,6372,0.1029,0.020,0.031,-0.069,5.19,-1.97,1263,1705,4047,0,0,3769,0.0404,0.066,0.040,-0.060,5.23,-1.94,1264,1316,2472,0,0
60.841,2144.0,-451.92,-7.54,38.87,148.0,0.21,1.14,0.00,1.00,0.00,1.00,4,5184,372.1,2.11,0.17,-0.02,6.49,566,725,6393,0.0999,-0.058,-0.002,-0.098,3.72,-3.44,1225,-118,3311,0,0,4214,0.0444,0.003,-0.002,-0.098,3.74,-3.42,1220,-89,2269,0,0,6059,0.1020,-0.008,0.034,-0.066,4.13,-3.03,1270,1986,3312,0,0,3895,0.0458,0.045,0.039,-0.061,4.15,-3.02,1271,1510,2190,0,0
60.961,2149.0,-447.75,-7.55,41.52,148.1,0.07,1.03,0.20,0.00,0.00,1.00,4,4974,-60.3,0.85,0.07,-0.18,7.06,583,725,6783,0.0975,-0.020,-0.002,-0.098,6.35,-0.81,1220,-109,4881,0,0,4353,0.0467,0.020,-0.001,-0.099,7.20,0.03,1214,-23,3434,0,0,5794,0.1001,-0.016,-0.008,-0.092,3.02,-4.14,1219,-527,2555,0,0,3739,0.0495,0.031,-0.005,-0.095,3.03,-4.13,1217,-239,1712,0,0
61.081,2153.9,-443.53,-7.55,44.02,146.5,-0.28,1.28,0.00,0.00,1.00,1.00,4,4925,-59.9,0.26,0.31,0.18,26.62,530,710,7515,0.1067,0.077,-0.001,-0.099,17.41,10.25,1166,-9,6324,0,0,4307,0.0470,0.002,0.012,-0.088,20.85,13.69,1137,131,3792,0,0,5881,0.1007,0.005,-0.011,-0.089,3.73,-3.44,1209,-714,3009,0,0,3045,0.0403,-0.077,0.000,-0.100,3.79,-3.37,1203,10,1657,0,0
61.201,2158.6,-439.38,-7.55,46.33,139.8,-1.51,0.76,0.07,0.00,0.88,1.00,4,3840,-52.5,0.21,1.06,-0.40,19.04,373,649,7838,0.1156,0.074,-0.185,0.085,3.95,-3.21,962,-6454,2299,858,1,6740,0.0711,0.201,-0.179,0.079,4.00,-3.16,930,-5656,2004,2860,0,3711,0.0766,-0.201,-0.193,0.093,5.20,-1.96,954,-3142,1432,462,1,2866,0.0322,-0.067,-0.185,0.085,5.27,-1.89,953,-2434,1172,462,1
61.321,2163.2,-435.37,-7.55,48.46,133.5,-1.40,1.04,0.41,0.00,0.57,1.00,4,3674,-51.2,0.20,1.52,-0.34,29.05,271,595,8359,0.1255,0.082,-0.176,0.076,18.82,11.65,863,-3323,6001,1617,0,5700,0.0806,0.079,-0.186,0.086,22.03,14.87,826,-2083,4376,485,1,4708,0.0685,-0.067,-0.182,0.082,6.74,-0.42,913,-3653,2236,261,1,2453,0.0230,-0.077,-0.183,0.083,6.88,-0.28,892,-1964,1219,261,1
61.441,2167.5,-431.48,-7.55,50.37,128.2,-1.06,1.22,0.00,0.00,0.00,1.00,4,4086,-53.9,0.20,1.51,0.08,34.16,246,550,8138,0.1297,0.035,-0.002,-0.098,6.53,-0.63,1065,-112,5760,0,0,4903,0.0742,-0.053,0.000,-0.100,6.70,-0.47,1040,36,3703,0,0,5501,0.0753,0.056,-0.057,-0.043,8.90,1.74,1009,-1882,4273,0,0,2798,0.0201,-0.024,-0.044,-0.056,9.13,1.96,997,-811,2331,0,0
61.561,2171.7,-427.61,-7.56,52.07,124.7,-0.60,1.39,0.00,1.00,0.00,0.97,4,3445,100.1,0.32,1.09,0.55,23.39,278,517,7677,0.1261,-0.030,-0.184,0.084,8.14,0.97,851,-5301,3946,858,1,4688,0.0573,-0.141,-0.185,0.085,8.28,1.12,828,-3417,2504,858,1,5627,0.0950,0.165,-0.178,0.078,9.82,2.66,845,-3635,3401,1540,0,3098,0.0263,0.051,-0.180,0.080,10.00,2.84,839,-2045,1989,1540,0
61.681,2175.8,-423.77,-7.56,53.55,122.9,-0.13,1.55,0.00,1.00,0.00,0.49,4,4309,279.1,1.57,0.82,0.86,22.67,300,502,7259,0.1230,-0.025,-0.002,-0.098,8.06,0.90,1014,-100,5663,0,0,3483,0.0476,-0.081,-0.002,-0.098,8.20,1.04,996,-53,2905,0,0,7248,0.1045,0.079,0.038,-0.062,9.71,2.55,1055,1353,5811,0,0,3391,0.0290,0.023,0.057,-0.043,9.88,2.72,1057,993,2837,0,0
61.801,2179.9,-419.88,-7.57,54.82,122.3,0.10,1.57,0.09,1.00,0.00,0.01,4,5778,341.7,2.02,0.59,0.83,15.57,325,495,6961,0.1149,-0.068,-0.002,-0.098,7.51,0.34,1008,-83,5340,0,0,3765,0.0404,-0.059,-0.002,-0.098,7.60,0.44,996,-51,3056,0,0,6937,0.1060,0.013,-0.002,-0.098,8.66,1.50,1008,-54,5560,0,0,3332,0.0315,0.021,0.009,-0.091,8.76,1.60,1006,216,2836,0,0
61.921,2184.0,-415.95,-7.58,55.88,122.5,0.27,1.47,0.00,1.00,0.00,1.00,3,6247,351.1,2.15,0.48,0.71,20.53,351,496,6528,0.1086,-0.053,-0.002,-0.098,6.36,-0.80,1014,-120,4737,0,0,3712,0.0376,-0.023,-0.004,-0.096,6.46,-0.70,996,-171,2842,0,0,6674,0.1048,-0.010,0.141,0.041,7.86,0.70,1162,4264,3948,0,0,3559,0.0333,0.015,0.164,0.064,7.98,0.82,1166,2536,2074,0,0
62.041,2188.1,-411.93,-7.59,56.76,124.1,0.59,1.27,0.00,1.00,0.00,1.00,3,6307,355.4,2.19,0.25,0.40,24.47,396,510,6278,0.0983,-0.086,-0.003,-0.097,6.35,-0.81,1028,-136,4537,0,0,3767,0.0360,-0.013,-0.003,-0.097,6.47,-0.69,1009,-88,2860,0,0,6905,0.1057,0.008,0.136,0.036,8.11,0.95,1172,4245,4205,0,0,3937,0.0440,0.089,0.161,0.061,8.26,1.10,1176,2728,2345,0,0
62.161,2192.3,-407.81,-7.60,57.45,125.7,0.58,1.30,-0.07,0.53,0.00,1.00,3,6420,353.3,2.20,0.19,0.32,27.04,416,523,6397,0.0940,-0.036,-0.004,-0.096,6.68,-0.48,1040,-199,4718,0,0,3752,0.0350,-0.009,-0.003,-0.097,6.82,-0.34,1020,-83,2913,0,0,7025,0.1067,0.008,0.142,0.042,8.61,1.44,1194,4270,4319,0,0,3783,0.0472,0.026,0.170,0.070,8.78,1.62,1198,2609,2275,0,0
62.281,2196.5,-403.63,-7.62,57.97,126.8,0.46,1.26,0.00,1.00,0.00,1.00,3,5866,251.0,1.53,0.24,0.29,18.43,424,532,6584,0.0926,-0.012,-0.002,-0.098,7.20,0.04,1046,-100,5003,0,0,3568,0.0354,0.003,-0.003,-0.097,7.30,0.14,1031,-66,2862,0,0,6826,0.1050,-0.014,0.047,-0.053,8.52,1.36,1098,1828,5267,0,0,3540,0.0477,0.004,0.063,-0.037,8.64,1.48,1099,1291,2815,0,0
62.401,2200.7,-399.41,-7.64,58.29,127.1,0.29,1.47,0.00,1.00,0.00,1.00,3,5969,335.2,2.01,0.36,0.59,15.57,409,534,6824,0.1008,0.068,-0.002,-0.098,6.47,-0.69,1049,-122,4944,0,0,3666,0.0347,-0.006,-0.003,-0.097,6.55,-0.61,1037,-77,2811,0,0,7063,0.1065,0.013,0.061,-0.039,7.58,0.42,1117,2613,5082,0,0,3424,0.0404,-0.061,0.077,-0.023,7.67,0.51,1120,1598,2538,0,0
62.521,2205.0,-395.17,-7.66,58.39,127.5,0.30,1.46,0.00,0.00,0.00,1.00,3,5993,330.4,2.09,0.42,0.72,18.69,406,538,6851,0.1030,0.019,0.001,-0.099,14.80,7.64,1029,17,5836,0,0,3602,0.0346,0.000,0.008,-0.092,16.94,9.78,1011,76,3235,0,0,6964,0.1060,-0.004,0.059,-0.041,6.84,-0.32,1121,2706,4815,0,0,3327,0.0376,-0.023,0.076,-0.024,6.93,-0.23,1124,1671,2354,0,0
62.641,2209.2,-390.92,-7.68,58.29,127.1,0.05,1.36,0.00,0.00,0.00,1.00,3,5526,-64.2,0.56,0.52,0.65,14.65,397,534,7082,0.1056,0.022,-0.001,-0.099,5.17,-2.00,1053,-83,4533,0,0,4180,0.0387,0.033,-0.001,-0.099,5.22,-1.94,1041,-49,2824,0,0,6320,0.1021,-0.032,-0.016,-0.084,6.22,-0.95,1037,-784,4513,0,0,3230,0.0355,-0.018,-0.010,-0.090,6.29,-0.87,1032,-248,2445,0,0
62.761,2213.5,-386.72,-7.70,58.01,125.9,-0.15,1.27,-0.06,0.00,0.00,1.00,3,5493,-64.0,0.23,0.59,0.57,9.26,382,524,7051,0.1087,0.025,-0.001,-0.099,4.33,-2.83,1043,-86,4036,0,0,4326,0.0446,0.049,-0.001,-0.099,4.36,-2.80,1036,-54,2603,0,0,6063,0.1012,-0.008,-0.013,-0.087,5.00,-2.16,1030,-740,3868,0,0,3578,0.0371,0.013,-0.010,-0.090,5.04,-2.13,1027,-329,2392,0,0
62.881,2217.6,-382.56,-7.72,57.62,124.9,-0.23,0.30,-0.42,0.00,0.00,1.00,3,5477,-63.9,0.20,0.52,-0.78,-33.88,391,516,5062,0.0942,-0.121,0.000,-0.100,-9.23,2.07,1011,12,-4238,0,0,6736,0.0638,0.160,-0.003,-0.097,-6.85,-0.31,1040,-151,-4989,0,0,3947,0.0852,-0.133,0.000,-0.100,2.03,-5.13,1020,-42,1378,0,0,5389,0.0554,0.153,-0.016,-0.084,1.98,-5.18,1031,-1100,1783,0,0
63.001,2221.8,-378.43,-7.73,57.23,123.9,-0.21,-0.17,0.00,0.00,0.00,1.00,3,5444,-63.6,0.20,0.16,-2.13,-30.46,397,508,5162,0.0777,-0.137,-0.001,-0.099,-0.54,-6.62,1014,-84,-298,0,0,6279,0.0845,0.172,-0.001,-0.099,-0.53,-6.63,1039,-50,-352,0,0,4515,0.0720,-0.110,-0.001,-0.099,-2.82,-4.34,1014,-58,-1853,0,0,5646,0.0783,0.191,-0.014,-0.086,-2.76,-4.40,1024,-1012,-2217,0,0
63.121,2225.9,-374.33,-7.74,56.90,123.1,-0.16,-0.59,0.00,0.00,0.00,1.00,3,5395,-63.3,0.20,0.00,-2.93,-14.39,387,501,4364,0.0642,-0.113,-0.001,-0.099,-2.36,-4.80,1013,-59,-1559,0,0,6643,0.0922,0.064,-0.001,-0.099,-2.34,-4.83,1024,-72,-2263,0,0,3852,0.0618,-0.085,-0.006,-0.094,-3.44,-3.72,1008,-252,-1940,0,0,5765,0.0898,0.096,-0.012,-0.088,-3.40,-3.76,1012,-788,-2781,0,0
63.241,2230.0,-370.25,-7.73,56.65,122.2,-0.20,-0.32,0.33,0.00,0.00,1.00,3,5360,-63.0,0.20,-0.15,-2.85,14.03,384,494,5994,0.0655,0.011,-0.001,-0.099,6.01,-1.15,1012,-83,4031,0,0,5659,0.0944,0.019,0.002,-0.098,8.06,0.90,1000,72,4402,0,0,5124,0.0621,0.003,-0.012,-0.088,-2.38,-4.79,1005,-749,-1916,0,0,4819,0.0898,0.000,-0.005,-0.095,-2.40,-4.76,1002,-323,-1830,0,0
63.361,2234.0,-366.22,-7.72,56.36,120.6,-0.35,0.88,0.67,0.00,0.00,1.00,3,5310,-62.7,0.20,0.03,-0.87,58.29,369,481,7607,0.0932,0.230,0.001,-0.099,18.94,11.78,968,33,6376,0,0,3888,0.0680,-0.220,0.021,-0.079,23.41,16.25,914,180,3424,0,0,6293,0.0874,0.210,-0.016,-0.084,2.82,-4.34,1005,-1234,2373,0,0,3156,0.0622,-0.230,0.006,-0.094,2.95,-4.21,983,242,1306,0,0
63.481,2238.0,-362.27,-7.71,55.92,118.0,-0.44,1.39,0.88,0.00,0.00,1.00,3,5161,-61.6,0.20,0.28,0.56,60.77,318,461,8157,0.1168,0.197,0.011,-0.089,33.05,25.89,846,122,6566,0,0,4051,0.0533,-0.123,0.055,-0.045,39.86,32.70,769,249,3441,0,0,7001,0.1023,0.124,-0.025,-0.075,7.70,0.54,972,-1017,5324,0,0,3192,0.0388,-0.195,0.010,-0.090,8.08,0.92,959,225,2636,0,0
63.601,2241.9,-358.45,-7.69,55.31,114.8,-0.50,1.51,0.89,0.00,0.00,1.00,3,4958,-60.2,0.20,0.57,0.94,50.13,252,437,7757,0.1230,0.052,0.008,-0.092,37.37,30.21,773,65,6241,0,0,4269,0.0508,-0.021,0.028,-0.072,44.40,37.24,680,113,3601,0,0,5903,0.1010,-0.011,-0.027,-0.073,10.98,3.82,932,-765,4969,0,0,2809,0.0288,-0.083,0.005,-0.095,11.44,4.28,924,73,2518,0,0
63.721,2245.6,-354.77,-7.68,54.53,111.3,-0.51,1.48,0.89,0.00,0.00,1.00,3,4751,-58.7,0.20,0.74,1.05,40.48,220,412,8212,0.1253,0.020,0.003,-0.097,40.49,33.32,712,28,6526,0,0,4665,0.0505,-0.002,0.018,-0.082,47.63,40.47,618,74,3897,0,0,5771,0.0993,-0.014,-0.029,-0.071,13.10,5.94,892,-665,4950,0,0,2810,0.0249,-0.033,-0.001,-0.099,13.55,6.39,886,-14,2551,0,0
63.841,2249.3,-351.26,-7.66,53.59,106.9,-0.68,1.46,0.91,0.00,0.57,1.00,3,4119,-54.1,0.20,0.74,1.03,26.26,193,381,8009,0.1269,0.013,-0.182,0.082,42.69,35.53,537,-1342,6169,392,1,4912,0.0533,0.023,-0.223,0.123,49.86,42.70,435,-828,3954,392,1,5715,0.1007,0.012,-0.113,0.013,13.89,6.73,760,-2147,4499,704,0,2957,0.0261,0.011,-0.093,-0.007,14.22,7.05,755,-980,2508,704,0
63.961,2252.7,-347.96,-7.65,52.57,101.2,-1.10,1.15,0.92,0.00,1.00,1.00,3,3511,-50.0,0.20,0.97,0.64,14.48,160,342,7697,0.1260,-0.008,-0.353,0.253,43.98,36.81,390,-2151,5575,805,1,5440,0.0629,0.080,-0.565,0.465,51.13,43.97,225,-1914,3787,805,1,4878,0.0888,-0.099,-0.195,0.095,13.87,6.71,661,-2681,3353,433,1,2966,0.0257,-0.004,-0.195,0.095,14.06,6.90,651,-1664,2111,433,1
64.081,2256.0,-344.88,-7.63,51.50,95.1,-1.25,0.94,0.94,0.00,1.00,0.55,3,3229,-47.9,0.20,1.09,0.20,0.81,136,303,7921,0.1270,0.009,-0.427,0.327,44.27,37.11,323,-2558,5482,858,1,6061,0.0754,0.105,-0.716,0.616,51.37,44.21,139,-2458,3827,858,1,4511,0.0773,-0.096,-0.211,0.111,12.51,5.35,607,-2766,2891,462,1,2940,0.0258,0.001,-0.220,0.120,12.53,5.37,600,-1881,1894,462,1
64.201,2259.0,-342.03,-7.61,50.41,89.0,-1.30,0.94,0.95,0.00,0.40,0.07,3,3221,-47.9,0.20,1.00,0.09,-11.62,120,265,7800,0.1262,-0.006,-0.241,0.141,42.70,35.54,411,-1689,5890,479,1,5536,0.0779,0.020,-0.463,0.363,49.75,42.59,259,-1812,3963,479,1,4875,0.0762,-0.009,-0.161,0.061,9.24,2.08,606,-3106,3073,860,0,2963,0.0279,0.017,-0.177,0.077,9.13,1.97,600,-2046,1823,860,0
64.321,2261.9,-339.41,-7.58,49.28,83.3,-1.22,1.03,0.96,0.00,0.00,1.00,2,4545,-56.9,0.23,0.89,0.27,-8.85,112,232,7818,0.1267,0.004,-0.027,-0.073,39.04,31.87,521,-302,6253,0,0,5381,0.0751,-0.023,-0.053,-0.047,46.24,39.08,456,-314,4433,0,0,4856,0.0770,0.007,-0.108,0.008,5.35,-1.81,602,-3670,2382,0,0,2736,0.0239,-0.033,-0.119,0.019,5.30,-1.86,596,-2229,1282,0,0
64.441,2264.6,-336.98,-7.57,48.09,80.0,-0.72,1.11,0.96,0.63,0.00,1.00,2,5243,92.6,0.68,0.60,0.48,4.02,121,212,7742,0.1235,-0.026,-0.019,-0.081,35.13,27.97,534,-160,6245,0,0,5005,0.0679,-0.060,-0.023,-0.077,42.45,35.29,477,-115,4180,0,0,5674,0.0841,0.059,0.015,-0.085,2.65,-4.51,675,1024,2295,0,0,3311,0.0270,0.026,0.021,-0.079,2.66,-4.50,675,812,1388,0,0
64.561,2267.2,-334.68,-7.55,46.82,77.3,-0.59,0.97,0.97,0.00,0.00,1.00,2,4587,242.5,1.55,0.13,0.36,22.71,133,198,7235,0.1162,-0.061,-0.005,-0.095,33.08,25.92,542,-53,5912,0,0,5131,0.0633,-0.038,-0.001,-0.099,40.42,33.26,481,-19,4292,0,0,5569,0.0911,0.058,-0.209,0.109,2.65,-4.51,511,-4961,1061,3500,0,3783,0.0382,0.093,-0.192,0.092,2.72,-4.44,507,-3459,809,3500,0
64.681,2269.7,-332.57,-7.53,45.55,71.8,-1.21,0.95,0.97,0.00,0.00,1.00,2,2825,-44.7,0.44,0.52,0.13,52.08,98,171,7594,0.1186,0.020,-0.002,-0.098,33.37,26.21,512,-23,6168,0,0,5606,0.0711,0.065,0.009,-0.091,40.77,33.60,438,49,4651,0,0,4642,0.0814,-0.081,-0.366,0.266,6.46,-0.71,381,-3769,1027,0,0,2960,0.0339,-0.036,-0.323,0.223,6.91,-0.25,376,-2477,770,0,0
64.801,2272.0,-330.67,-7.51,44.26,67.0,-0.97,1.23,0.98,0.10,0.00,0.67,2,4193,-17.7,0.26,0.85,0.44,62.21,76,149,7980,0.1238,0.044,0.001,-0.099,36.13,28.96,466,10,6410,0,0,4739,0.0689,-0.018,0.010,-0.090,43.81,36.65,384,46,3973,0,0,5465,0.0812,-0.001,-0.045,-0.055,10.67,3.50,551,-1539,4455,0,0,2543,0.0249,-0.075,0.006,-0.094,11.63,4.47,531,-56,2291,0,0
64.921,2274.1,-328.97,-7.50,42.90,63.6,-0.53,1.42,0.98,0.00,0.00,0.19,2,3969,-53.2,0.21,0.73,1.00,50.15,73,134,7781,0.1262,0.019,-0.001,-0.099,38.75,31.58,423,-9,6245,0,0,4099,0.0559,-0.108,0.005,-0.095,46.62,39.46,348,17,3461,0,0,6006,0.0946,0.112,-0.043,-0.057,11.98,4.82,517,-1087,5046,0,0,3009,0.0236,-0.011,0.005,-0.095,12.88,5.72,504,71,2717,0,0
65.041,2276.2,-327.49,-7.49,41.48,59.7,-0.64,1.40,0.99,0.00,0.00,0.35,1,4074,-53.8,0.20,0.66,1.15,37.59,66,119,7873,0.1273,0.010,-0.003,-0.097,39.76,32.60,388,-25,6298,0,0,4619,0.0529,-0.025,0.000,-0.100,47.63,40.47,322,-6,3862,0,0,5622,0.0999,0.044,-0.206,0.106,11.56,4.40,396,-3279,3695,0,0,2895,0.0255,0.016,-0.188,0.088,12.26,5.10,381,-1574,2137,0,0
65.161,2278.1,-326.23,-7.48,40.08,54.4,-1.02,1.20,0.99,0.00,0.00,0.95,1,4812,-58.9,0.20,0.88,0.82,43.28,51,99,7841,0.1263,-0.009,-0.004,-0.096,39.97,32.81,354,-30,6274,0,0,5153,0.0611,0.069,0.001,-0.099,47.98,40.81,288,4,4270,0,0,5186,0.0908,-0.075,-0.165,0.065,13.00,5.84,360,-3141,3281,0,0,2912,0.0256,0.001,-0.102,0.002,14.00,6.83,354,-1506,2185,0,0
65.281,2279.8,-325.18,-7.48,38.71,49.8,-0.83,1.33,0.99,0.14,0.00,1.00,1,5053,-61.2,0.20,1.06,0.91,38.66,41,83,7893,0.1275,0.010,-0.006,-0.094,39.86,32.70,324,-51,6310,0,0,4604,0.0602,-0.008,-0.006,-0.094,47.86,40.70,263,-25,3849,0,0,5517,0.0903,-0.004,-0.128,0.028,12.63,5.47,409,-2121,4343,0,0,2743,0.0230,-0.022,-0.076,-0.024,13.58,6.41,407,-486,2451,0,0
65.401,2281.4,-324.35,-7.48,37.34,46.8,-0.47,1.42,0.00,1.00,0.00,1.00,1,5473,150.0,0.89,0.97,1.16,29.57,42,73,7665,0.1259,-0.014,0.057,-0.043,3.91,-3.25,416,833,6076,0,0,3919,0.0526,-0.063,0.019,-0.081,4.15,-3.01,386,-1353,3231,0,0,6148,0.0974,0.059,-0.067,-0.033,9.42,2.26,407,-761,5086,0,0,2985,0.0242,0.010,-0.020,-0.080,9.99,2.83,406,466,2614,0,0
65.521,2283.0,-323.70,-7.49,35.91,47.9,0.39,1.12,-0.06,0.85,0.00,1.00,1,6263,292.6,1.83,0.50,0.78,15.01,55,76,5821,0.1094,-0.137,-0.001,-0.099,2.29,-4.87,402,-134,2103,0,0,4160,0.0464,-0.052,-0.003,-0.097,2.36,-4.80,390,-133,1595,0,0,6446,0.1038,0.054,0.018,-0.082,5.08,-2.08,436,4036,3572,0,0,4432,0.0402,0.133,0.058,-0.042,5.23,-1.93,436,3339,2230,0,0
65.641,2284.6,-323.11,-7.50,34.36,50.5,0.64,0.23,-0.37,0.84,0.00,1.00,1,6131,217.2,1.54,-0.08,-0.74,-16.48,77,85,4049,0.0778,-0.263,0.000,-0.100,-8.88,1.72,409,-20,-3225,0,0,5448,0.0548,0.070,-0.002,-0.098,-6.65,-0.52,423,-134,-3687,0,0,5004,0.0957,-0.068,0.133,0.033,1.12,-6.04,418,3435,1141,0,0,6112,0.0721,0.266,0.103,0.003,1.09,-6.08,419,3022,1433,0,0
65.761,2286.4,-322.48,-7.51,32.76,52.5,0.46,-0.39,0.00,1.00,0.00,1.00,1,6788,304.2,1.98,-0.43,-2.29,-30.77,86,92,4468,0.0556,-0.185,-0.001,-0.099,2.61,-4.55,423,-135,2018,0,0,5484,0.0755,0.172,-0.003,-0.097,2.47,-4.69,446,-123,2395,0,0,5212,0.0805,-0.126,0.184,0.084,-2.95,-4.21,502,4604,-1248,0,0,6154,0.1006,0.238,0.119,0.019,-2.79,-4.37,502,4721,-1868,0,0
65.881,2288.2,-321.80,-7.51,31.09,55.6,0.74,-0.12,-0.07,1.00,0.00,0.92,1,7223,307.1,2.14,-0.70,-2.11,-7.06,99,103,4430,0.0558,0.002,-0.002,-0.098,-3.31,-3.85,457,-113,-1343,0,0,5056,0.0683,-0.060,-0.002,-0.098,-2.80,-4.36,462,-125,-1327,0,0,5445,0.0878,0.061,0.074,-0.026,-1.67,-5.49,507,4727,-1054,0,0,6018,0.1003,-0.003,0.058,-0.042,-1.65,-5.51,507,5015,-1225,0,0
66.001,2290.1,-321.03,-7.51,29.33,58.9,0.78,-0.24,0.00,1.00,0.00,0.44,1,7394,-180.6,2.18,-0.78,-2.11,-5.11,111,115,4510,0.0529,-0.024,-0.002,-0.098,-0.52,-6.64,485,-140,-347,0,0,4859,0.0658,-0.021,-0.002,-0.098,-0.52,-6.64,489,-130,-369,0,0,5324,0.0872,-0.006,0.083,-0.017,-1.33,-5.83,526,4378,-910,0,0,5622,0.1000,-0.002,0.074,-0.026,-1.32,-5.85,526,4402,-992,0,0
66.121,2292.1,-320.22,-7.51,27.51,59.9,0.23,0.05,0.28,1.00,0.00,0.14,2,7495,300.1,2.19,-0.57,-1.77,10.28,111,119,5913,0.0603,0.062,-0.002,-0.098,5.95,-1.21,496,-97,3832,0,0,4992,0.0663,0.004,0.001,-0.099,7.65,0.49,488,-2,3742,0,0,5415,0.0858,-0.012,0.008,-0.092,-0.37,-6.80,505,-20,-408,0,0,4486,0.0911,-0.074,0.020,-0.080,-0.37,-6.79,503,590,-346,0,0
66.241,2294.1,-319.45,-7.51,25.64,62.0,0.53,0.50,0.00,1.00,0.00,1.00,2,6335,355.8,2.20,-0.45,-0.82,31.33,117,128,5214,0.0774,0.142,-0.002,-0.098,-1.51,-5.65,526,-139,-1555,0,0,4677,0.0560,-0.085,-0.002,-0.098,-1.59,-5.58,501,-145,-1447,0,0,5766,0.0984,0.105,0.265,0.165,2.99,-4.17,670,5061,956,0,0,5270,0.0758,-0.128,0.330,0.230,3.14,-4.02,671,4544,732,0,0
66.361,2296.2,-318.65,-7.51,23.66,65.3,0.77,0.17,0.10,0.00,0.00,1.00,2,5522,379.5,2.20,-0.66,-1.14,20.79,136,142,5024,0.0676,-0.081,-0.002,-0.098,1.17,-5.99,548,-142,844,0,0,4490,0.0568,0.006,-0.002,-0.098,1.21,-5.95,532,-139,781,0,0,5966,0.0993,0.008,0.295,0.195,4.02,-3.14,709,5046,1166,0,0,5520,0.0885,0.106,0.336,0.236,4.14,-3.02,710,4627,983,0,0
66.481,2298.5,-317.92,-7.51,21.56,67.4,0.56,0.97,0.00,1.00,0.00,1.00,2,4343,34.2,0.74,-0.54,-0.27,31.62,138,151,6704,0.0781,0.087,0.000,-0.100,0.02,-7.14,571,-338,3926,0,0,3519,0.0440,-0.106,-0.010,-0.090,0.02,-7.14,541,-437,2490,0,0,7359,0.1077,0.070,-0.004,-0.096,4.22,-2.94,567,-363,4128,0,0,3537,0.0736,-0.124,0.011,-0.089,4.41,-2.75,551,701,2159,0,0
66.601,2300.7,-317.30,-7.51,19.39,68.1,0.21,0.65,0.00,1.00,0.00,1.00,2,4628,286.4,1.62,-0.13,-0.23,10.27,132,154,5887,0.0842,0.050,-0.001,-0.099,1.39,-5.77,567,-115,1253,0,0,4540,0.0490,0.041,-0.002,-0.098,1.41,-5.75,559,-120,1003,0,0,5475,0.0969,-0.090,0.049,-0.051,2.77,-4.39,596,2809,2188,0,0,4335,0.0617,-0.099,0.065,-0.035,2.81,-4.35,596,2757,1709,0,0
66.721,2303.0,-316.75,-7.52,17.15,70.1,0.49,0.54,0.21,1.00,0.00,1.00,2,4773,364.2,2.04,-0.26,-0.41,7.77,147,163,5797,0.0806,-0.030,-0.003,-0.097,3.95,-3.21,582,-166,3157,0,0,4412,0.0521,0.025,-0.002,-0.098,4.76,-2.40,575,-112,2781,0,0,6002,0.0986,0.015,0.052,-0.048,1.29,-5.87,615,3559,1158,0,0,4788,0.0690,0.061,0.064,-0.036,1.30,-5.86,616,3273,919,0,0
66.841,2305.4,-316.25,-7.52,14.82,72.3,0.54,0.43,0.00,1.00,0.00,1.00,2,4937,384.6,2.15,-0.40,-0.66,7.35,160,174,5055,0.0761,-0.038,-0.001,-0.099,0.35,-6.81,602,-113,231,0,0,4819,0.0535,0.012,-0.002,-0.098,0.36,-6.80,596,-133,222,0,0,5588,0.0988,0.001,0.056,-0.044,1.28,-5.88,637,3485,1061,0,0,5380,0.0762,0.060,0.065,-0.035,1.29,-5.87,636,3722,1004,0,0
66.961,2307.9,-315.78,-7.53,12.41,74.7,0.56,0.21,0.00,1.00,0.00,1.00,2,5091,388.0,2.19,-0.50,-1.06,1.67,175,185,4968,0.0691,-0.058,-0.002,-0.098,0.32,-6.84,619,-122,261,0,0,4833,0.0572,0.031,-0.002,-0.098,0.32,-6.84,618,-126,255,0,0,5532,0.0961,-0.022,0.058,-0.042,0.52,-6.64,656,3642,445,0,0,5407,0.0842,0.067,0.060,-0.040,0.52,-6.64,656,3653,433,0,0
67.081,2310.4,-315.31,-7.53,9.92,76.9,0.53,-0.19,0.00,1.00,0.00,1.00,2,5255,385.8,2.20,-0.54,-1.74,-16.74,186,197,3988,0.0599,-0.076,-0.003,-0.097,-7.43,0.27,624,-82,-3205,0,0,5930,0.0651,0.066,-0.004,-0.096,-5.83,-1.33,639,-189,-4163,0,0,4589,0.0880,-0.067,0.073,-0.027,-0.42,-6.74,678,3470,-185,0,0,6208,0.0932,0.075,0.050,-0.050,-0.41,-6.75,677,3730,-256,0,0
67.201,2313.0,-314.79,-7.54,7.36,79.2,0.54,-0.15,0.00,1.00,0.00,1.00,2,5414,382.5,2.20,-0.61,-1.99,-8.49,197,209,4793,0.0567,-0.027,-0.002,-0.098,-0.46,-6.70,652,-136,-292,0,0,5328,0.0705,0.045,-0.001,-0.099,-0.46,-6.71,659,-119,-320,0,0,5225,0.0843,-0.031,0.067,-0.033,-1.46,-5.71,698,3666,-1065,0,0,5620,0.0967,0.029,0.056,-0.044,-1.44,-5.72,698,3525,-1166,0,0
67.321,2315.7,-314.23,-7.54,4.74,81.5,0.54,-0.20,0.00,1.00,0.00,1.00,2,5546,379.4,2.20,-0.71,-1.97,-2.40,210,221,4646,0.0566,-0.001,-0.002,-0.098,-0.69,-6.47,674,-123,-515,0,0,5231,0.0701,-0.004,-0.002,-0.098,-0.69,-6.48,676,-124,-572,0,0,5273,0.0850,0.005,0.059,-0.041,-0.96,-6.20,715,3501,-750,0,0,5768,0.0985,0.015,0.055,-0.045,-0.96,-6.20,715,3647,-821,0,0
67.441,2318.5,-313.65,-7.53,2.04,83.7,0.50,0.27,0.00,1.00,0.00,1.00,2,5703,375.8,2.20,-0.66,-1.30,20.83,219,233,5834,0.0649,0.069,0.001,-0.099,-1.90,-5.26,702,-179,941,0,0,4080,0.0606,-0.079,-0.001,-0.099,-1.95,-5.22,685,-240,1099,0,0,6051,0.0929,0.066,0.046,-0.054,0.33,-6.84,736,3496,150,0,0,4590,0.0887,-0.082,0.073,-0.027,0.33,-6.83,735,3504,112,0,0
67.561,2321.3,-313.08,-7.53,-0.74,85.9,0.53,0.09,0.00,1.00,0.00,1.00,2,5848,372.2,2.20,-0.60,-1.20,7.51,231,245,5091,0.0658,0.008,-0.001,-0.099,0.23,-6.93,714,-116,139,0,0,4755,0.0591,-0.012,-0.002,-0.098,0.23,-6.93,708,-130,131,0,0,5517,0.0931,0.001,0.054,-0.046,1.03,-6.13,754,3430,829,0,0,5228,0.0864,-0.019,0.062,-0.038,1.04,-6.12,754,3582,775,0,0
67.681,2324.2,-312.53,-7.53,-3.59,88.1,0.53,0.23,0.09,1.00,0.00,1.00,2,5997,368.9,2.20,-0.66,-1.08,3.71,244,258,5299,0.0677,0.016,-0.001,-0.099,3.27,-3.89,730,-102,1842,0,0,4740,0.0599,0.007,-0.001,-0.099,3.94,-3.22,727,-59,1941,0,0,5678,0.0944,0.011,0.053,-0.047,0.63,-6.53,773,3560,535,0,0,6414,0.0850,-0.011,0.061,-0.039,0.64,-6.53,769,4234,600,0,0
67.801,2327.2,-312.04,-7.53,-6.52,89.9,0.44,0.80,0.00,1.00,0.00,1.00,2,6151,363.4,2.20,-0.57,-0.23,31.61,246,268,6300,0.0795,0.098,-0.001,-0.099,-1.09,-6.07,758,-498,2668,0,0,3749,0.0483,-0.097,-0.011,-0.089,-1.13,-6.03,727,-656,2088,0,0,6857,0.1046,0.084,0.046,-0.054,2.04,-5.12,792,3528,1840,0,0,4027,0.0734,-0.097,0.083,-0.017,2.11,-5.05,794,3111,1037,0,0
67.921,2330.2,-311.61,-7.53,-9.53,92.0,0.52,0.41,0.00,1.00,0.00,1.00,2,6319,357.4,2.20,-0.42,-0.44,14.10,254,281,5412,0.0758,-0.030,-0.001,-0.099,1.27,-5.89,767,-116,1024,0,0,4412,0.0507,0.020,-0.002,-0.098,1.29,-5.87,755,-127,860,0,0,5616,0.0973,-0.061,0.060,-0.040,2.66,-4.50,814,3397,2031,0,0,4774,0.0722,-0.011,0.076,-0.024,2.70,-4.46,814,3365,1680,0,0
68.041,2333.3,-311.26,-7.53,-12.62,94.1,0.52,0.52,0.00,1.00,0.00,1.00,2,6403,354.5,2.20,-0.48,-0.40,5.76,271,294,5694,0.0763,0.004,-0.002,-0.098,1.29,-5.87,781,-129,1153,0,0,4573,0.0515,0.007,-0.002,-0.098,1.30,-5.86,776,-123,948,0,0,5858,0.0999,0.022,0.054,-0.046,1.86,-5.31,825,3478,1563,0,0,4854,0.0736,0.012,0.061,-0.039,1.87,-5.30,826,3185,1295,0,0
68.161,2336.5,-310.97,-7.53,-15.78,96.2,0.51,0.39,0.09,1.00,0.00,1.00,2,6510,350.7,2.20,-0.59,-0.55,1.94,287,308,5169,0.0741,-0.018,-0.001,-0.099,0.87,-6.29,798,-142,729,0,0,4555,0.0533,0.015,-0.002,-0.098,0.87,-6.29,796,-127,650,0,0,5713,0.0996,-0.003,0.050,-0.050,1.06,-6.10,839,3383,907,0,0,5186,0.0787,0.043,0.052,-0.048,1.06,-6.10,839,3213,826,0,0
68.281,2339.7,-310.74,-7.53,-19.02,98.0,0.44,0.73,0.00,1.00,0.00,1.00,2,6676,344.9,2.20,-0.45,-0.15,25.35,290,319,6167,0.0790,0.041,-0.002,-0.098,-0.54,-6.62,821,-442,2375,0,0,3879,0.0476,-0.047,-0.008,-0.092,-0.56,-6.61,797,-523,1926,0,0,6316,0.1022,0.022,0.046,-0.054,1.78,-5.39,860,3349,1514,0,0,4060,0.0707,-0.067,0.073,-0.027,1.82,-5.34,861,2995,951,0,0
68.401,2343.0,-310.59,-7.53,-22.32,100.0,0.49,0.40,0.00,1.00,0.00,1.00,2,6811,340.1,2.20,-0.39,-0.35,11.64,301,332,5702,0.0764,-0.022,-0.001,-0.099,1.22,-5.94,832,-122,1047,0,0,4720,0.0522,0.038,-0.002,-0.098,1.23,-5.93,823,-129,890,0,0,5708,0.0976,-0.038,0.052,-0.048,2.28,-4.88,877,3263,1827,0,0,4823,0.0719,0.009,0.064,-0.036,2.31,-4.86,878,3199,1525,0,0
68.521,2346.4,-310.52,-7.53,-25.69,102.0,0.49,0.48,0.00,1.00,0.00,1.00,2,6891,337.3,2.20,-0.52,-0.37,4.39,319,345,5330,0.0763,-0.001,-0.002,-0.098,1.20,-5.96,846,-119,1011,0,0,4368,0.0524,0.002,-0.004,-0.096,1.21,-5.95,841,-187,849,0,0,5933,0.1004,0.023,0.047,-0.053,1.60,-5.56,888,3292,1394,0,0,5066,0.0764,0.038,0.052,-0.048,1.60,-5.56,888,3068,1195,0,0
68.641,2349.9,-310.50,-7.53,-29.13,104.0,0.48,0.34,0.00,1.00,0.00,1.00,2,7027,331.7,2.20,-0.48,-0.57,1.60,331,359,5180,0.0722,-0.035,-0.002,-0.098,0.80,-6.36,861,-122,666,0,0,4645,0.0535,0.009,-0.002,-0.098,0.80,-6.36,860,-118,604,0,0,5454,0.0966,-0.031,0.049,-0.051,0.94,-6.22,905,3239,771,0,0,4998,0.0780,0.013,0.051,-0.049,0.94,-6.22,906,3077,709,0,0
68.760,2353.4,-310.52,-7.54,-32.63,105.9,0.46,0.22,0.00,1.00,0.00,0.85,2,7135,324.4,2.20,-0.49,-0.79,0.60,345,373,5322,0.0698,-0.020,-0.002,-0.098,0.43,-6.73,877,-125,371,0,0,5074,0.0584,0.041,-0.002,-0.098,0.43,-6.73,877,-122,355,0,0,5442,0.0933,-0.028,0.046,-0.054,0.48,-6.68,919,3117,401,0,0,5175,0.0805,0.021,0.046,-0.054,0.48,-6.68,919,3017,382,0,0
68.880,2356.9,-310.57,-7.54,-36.20,107.6,0.40,0.13,0.00,1.00,0.00,0.37,2,7409,306.1,2.20,-0.55,-0.97,0.06,356,385,4980,0.0677,-0.017,-0.001,-0.099,0.19,-6.98,891,-98,153,0,0,4911,0.0611,0.022,-0.001,-0.099,0.18,-6.98,891,-98,151,0,0,5383,0.0919,-0.012,0.027,-0.073,0.19,-6.97,917,2068,167,0,0,5319,0.0852,0.040,0.027,-0.073,0.19,-6.97,917,2054,165,0,0
69.000,2360.5,-310.63,-7.53,-39.79,107.9,0.06,0.07,0.00,1.00,0.00,0.42,3,7382,307.8,2.20,-0.30,-1.12,-0.06,337,386,5356,0.0687,0.008,-0.001,-0.099,0.03,-7.13,893,-95,28,0,0,5403,0.0661,0.041,-0.001,-0.099,0.03,-7.13,893,-95,28,0,0,4757,0.0833,-0.072,0.021,-0.079,0.03,-7.13,914,1285,24,0,0,4792,0.0806,-0.039,0.021,-0.079,0.03,-7.13,914,1292,24,0,0
69.120,2364.1,-310.70,-7.54,-43.42,109.8,0.46,0.03,0.00,1.00,0.00,1.00,3,6113,363.9,2.20,-0.39,-1.18,0.07,357,400,5030,0.0674,-0.011,-0.002,-0.098,-0.06,-7.10,910,-129,-46,0,0,5111,0.0678,0.014,-0.002,-0.098,-0.06,-7.10,910,-130,-47,0,0,5329,0.0833,0.000,0.061,-0.039,-0.06,-7.11,967,3635,-43,0,0,5345,0.0823,0.014,0.061,-0.039,-0.06,-7.11,967,3644,-43,0,0
69.240,2367.9,-310.77,-7.53,-47.13,112.1,0.53,0.02,0.00,1.00,0.00,1.00,3,5300,385.4,2.20,-0.59,-1.20,0.02,387,417,4722,0.0629,-0.038,-0.002,-0.098,-0.10,-7.07,928,-121,-73,0,0,4795,0.0638,-0.034,-0.002,-0.098,-0.10,-7.07,928,-122,-75,0,0,5459,0.0882,0.041,0.058,-0.042,-0.10,-7.07,984,3624,-76,0,0,5525,0.0891,0.057,0.058,-0.042,-0.10,-7.07,984,3661,-77,0,0
69.360,2371.6,-310.85,-7.53,-50.91,114.3,0.52,0.01,0.00,1.00,0.00,1.00,3,5415,382.7,2.20,-0.60,-1.22,0.02,407,434,4804,0.0606,-0.019,-0.002,-0.098,-0.12,-7.04,946,-124,-90,0,0,4894,0.0621,-0.013,-0.002,-0.098,-0.12,-7.04,946,-125,-92,0,0,5284,0.0873,-0.007,0.060,-0.040,-0.12,-7.05,1006,3608,-89,0,0,5362,0.0888,-0.002,0.060,-0.040,-0.12,-7.05,1006,3653,-90,0,0
69.480,2375.5,-310.93,-7.53,-54.76,116.5,0.52,0.01,0.00,1.00,0.00,1.00,3,5506,380.5,2.20,-0.67,-1.20,0.01,427,451,4956,0.0616,0.008,-0.002,-0.098,-0.13,-7.03,965,-126,-103,0,0,4986,0.0637,0.013,-0.002,-0.098,-0.13,-7.03,965,-127,-103,0,0,5558,0.0879,0.005,0.057,-0.043,-0.13,-7.03,1023,3682,-105,0,0,5584,0.0899,0.009,0.057,-0.043,-0.13,-7.03,1023,3693,-105,0,0
69.600,2379.4,-311.01,-7.53,-58.69,118.7,0.52,0.00,0.00,1.00,0.00,1.00,3,5628,377.6,2.20,-0.65,-1.19,0.02,440,468,4790,0.0602,-0.012,-0.002,-0.098,-0.13,-7.03,983,-124,-98,0,0,4885,0.0620,-0.014,-0.002,-0.098,-0.13,-7.03,983,-125,-100,0,0,5181,0.0881,0.002,0.062,-0.038,-0.13,-7.04,1046,3587,-94,0,0,5260,0.0899,0.000,0.062,-0.038,-0.13,-7.04,1046,3634,-95,0,0
69.720,2383.4,-311.11,-7.53,-62.69,120.9,0.50,0.27,0.00,1.00,0.00,1.00,3,5729,375.1,2.20,-0.61,-0.79,15.11,455,485,5880,0.0658,0.046,-0.002,-0.098,-0.69,-6.48,1007,-278,824,0,0,4341,0.0579,-0.034,-0.003,-0.097,-0.69,-6.47,994,-235,868,0,0,5962,0.0919,0.032,0.055,-0.045,0.44,-6.72,1065,3803,316,0,0,4636,0.0830,-0.058,0.069,-0.031,0.44,-6.72,1066,3425,244,0,0
69.840,2387.5,-311.24,-7.52,-66.76,123.0,0.52,0.17,0.00,1.00,0.00,1.00,3,5824,372.8,2.20,-0.64,-0.68,7.36,472,503,5064,0.0671,0.012,-0.002,-0.098,0.61,-6.55,1021,-120,469,0,0,4505,0.0564,-0.013,-0.002,-0.098,0.61,-6.55,1015,-124,423,0,0,5675,0.0944,0.021,0.058,-0.042,1.16,-6.00,1083,3653,932,0,0,5202,0.0837,0.006,0.064,-0.036,1.16,-6.00,1083,3593,849,0,0
69.960,2391.6,-311.41,-7.52,-70.90,125.2,0.52,0.28,0.00,1.00,0.00,1.00,3,5937,370.1,2.20,-0.58,-0.60,3.57,488,521,5187,0.0672,0.000,-0.002,-0.098,0.77,-6.39,1038,-128,627,0,0,4529,0.0545,-0.016,-0.002,-0.098,0.77,-6.39,1035,-123,555,0,0,5556,0.0938,-0.004,0.061,-0.039,1.03,-6.13,1104,3734,815,0,0,5006,0.0812,-0.021,0.064,-0.036,1.03,-6.13,1104,3506,734,0,0
70.080,2395.8,-311.63,-7.52,-75.11,127.4,0.52,0.25,0.00,1.00,0.00,1.00,3,6019,368.0,2.20,-0.62,-0.58,1.77,507,539,5238,0.0683,0.009,-0.002,-0.098,0.63,-6.53,1055,-129,526,0,0,4684,0.0559,0.012,-0.002,-0.098,0.63,-6.53,1054,-124,475,0,0,5752,0.0941,0.002,0.058,-0.042,0.76,-6.40,1119,3776,631,0,0,5290,0.0818,0.005,0.060,-0.040,0.76,-6.40,1119,3568,582,0,0
70.200,2400.1,-311.88,-7.52,-79.39,129.6,0.51,0.19,0.00,1.00,0.00,1.00,3,6135,363.9,2.20,-0.59,-0.68,0.76,523,558,4980,0.0656,-0.022,-0.002,-0.098,0.44,-6.72,1073,-127,351,0,0,4702,0.0557,-0.002,-0.002,-0.098,0.44,-6.72,1072,-124,333,0,0,5358,0.0928,-0.011,0.061,-0.039,0.49,-6.67,1141,3678,383,0,0,5124,0.0829,0.009,0.062,-0.038,0.49,-6.67,1141,3561,367,0,0
70.320,2404.5,-312.16,-7.52,-83.74,131.7,0.52,0.13,0.00,1.00,0.00,1.00,3,6228,360.7,2.20,-0.59,-0.79,0.40,541,577,5082,0.0647,-0.008,-0.002,-0.098,0.26,-6.90,1091,-130,211,0,0,4936,0.0586,0.024,-0.002,-0.098,0.26,-6.90,1090,-128,206,0,0,5405,0.0905,-0.019,0.060,-0.040,0.28,-6.88,1159,3666,225,0,0,5249,0.0835,0.006,0.060,-0.040,0.28,-6.88,1159,3586,219,0,0
70.440,2408.9,-312.46,-7.52,-88.16,133.9,0.51,0.09,0.00,1.00,0.00,1.00,3,6321,357.4,2.20,-0.60,-0.88,0.11,558,596,4848,0.0627,-0.016,-0.002,-0.098,0.13,-7.03,1108,-125,101,0,0,4791,0.0588,0.002,-0.002,-0.098,0.13,-7.03,1108,-124,100,0,0,5261,0.0902,-0.002,0.059,-0.041,0.14,-7.03,1177,3547,106,0,0,5174,0.0864,0.023,0.059,-0.041,0.14,-7.03,1177,3499,104,0,0
70.560,2413.4,-312.78,-7.52,-92.66,136.1,0.51,0.06,0.00,1.00,0.00,1.00,3,6431,353.5,2.20,-0.57,-0.94,0.06,576,615,5058,0.0615,-0.010,-0.002,-0.098,0.03,-7.13,1126,-131,27,0,0,5038,0.0603,0.012,-0.002,-0.098,0.03,-7.13,1126,-129,27,0,0,5316,0.0876,-0.022,0.060,-0.040,0.04,-7.13,1197,3632,29,0,0,5274,0.0856,-0.006,0.060,-0.040,0.04,-7.13,1197,3609,29,0,0
70.680,2418.0,-313.11,-7.52,-97.23,138.2,0.51,0.03,0.00,1.00,0.00,1.00,3,6521,350.4,2.20,-0.61,-0.98,0.05,596,635,4780,0.0611,-0.004,-0.002,-0.098,-0.02,-7.14,1144,-124,-17,0,0,4793,0.0606,0.002,-0.002,-0.098,-0.02,-7.14,1144,-124,-17,0,0,5387,0.0881,0.004,0.058,-0.042,-0.02,-7.14,1214,3619,-14,0,0,5397,0.0876,0.017,0.058,-0.042,-0.02,-7.14,1214,3626,-14,0,0
70.800,2422.7,-313.44,-7.52,-101.86,140.4,0.51,0.02,0.00,1.00,0.00,1.00,3,6634,346.4,2.20,-0.57,-1.00,0.02,612,655,4818,0.0601,-0.008,-0.002,-0.098,-0.06,-7.10,1162,-127,-44,0,0,5046,0.0606,0.001,-0.004,-0.096,-0.06,-7.10,1159,-196,-8,0,0,5270,0.0861,-0.017,0.060,-0.040,-0.06,-7.10,1235,3616,-42,0,0,5275,0.0865,-0.010,0.060,-0.040,-0.06,-7.10,1235,3619,-43,0,0
70.920,2427.4,-313.79,-7.52,-106.57,142.5,0.51,0.01,0.00,1.00,0.00,1.00,3,6720,343.4,2.20,-0.61,-1.00,0.04,634,675,4746,0.0604,0.003,-0.002,-0.098,-0.08,-7.08,1180,-117,-59,0,0,4787,0.0612,0.005,-0.002,-0.098,-0.08,-7.08,1180,-123,-59,0,0,5398,0.0870,0.007,0.058,-0.042,-0.07,-7.09,1251,3613,-59,0,0,5428,0.0877,0.011,0.058,-0.042,-0.07,-7.09,1251,3631,-59,0,0
71.040,2432.2,-314.14,-7.52,-111.35,144.7,0.51,0.01,0.00,1.00,0.00,1.00,3,6835,339.4,2.20,-0.56,-1.01,0.03,650,695,4808,0.0596,-0.007,-0.002,-0.098,-0.09,-7.07,1198,-125,-68,0,0,4874,0.0607,-0.004,-0.002,-0.098,-0.09,-7.07,1198,-127,-69,0,0,5224,0.0855,-0.012,0.060,-0.040,-0.09,-7.08,1273,3597,-66,0,0,5278,0.0866,-0.009,0.060,-0.040,-0.09,-7.08,1273,3629,-66,0,0
71.160,2437.0,-314.49,-7.52,-116.20,146.8,0.51,0.01,0.00,1.00,0.00,1.00,3,6919,336.4,2.20,-0.60,-1.00,0.03,671,716,4720,0.0601,0.004,-0.002,-0.098,-0.10,-7.06,1215,-122,-74,0,0,4771,0.0615,0.007,-0.002,-0.098,-0.10,-7.06,1215,-123,-75,0,0,5396,0.0862,0.006,0.058,-0.042,-0.10,-7.07,1289,3608,-76,0,0,5438,0.0876,0.008,0.058,-0.042,-0.10,-7.07,1289,3633,-76,0,0
71.280,2442.0,-314.86,-7.52,-121.13,148.9,0.50,0.01,0.00,1.00,0.00,1.00,3,7034,331.5,2.20,-0.56,-0.99,0.04,688,737,4800,0.0594,-0.006,-0.002,-0.098,-0.10,-7.06,1233,-125,-77,0,0,4865,0.0607,-0.007,-0.002,-0.098,-0.10,-7.06,1233,-127,-78,0,0,5213,0.0851,-0.009,0.060,-0.040,-0.10,-7.06,1311,3593,-74,0,0,5270,0.0865,-0.009,0.060,-0.040,-0.10,-7.06,1310,3627,-75,0,0
71.400,2447.0,-315.23,-7.52,-126.12,151.1,0.50,0.00,0.00,1.00,0.00,0.92,3,7088,327.6,2.20,-0.59,-0.98,0.04,710,758,4713,0.0599,0.005,-0.002,-0.098,-0.10,-7.06,1251,-121,-78,0,0,4748,0.0615,0.006,-0.002,-0.098,-0.10,-7.06,1250,-213,-79,0,0,5393,0.0858,0.005,0.053,-0.047,-0.10,-7.06,1320,3458,-81,0,0,5423,0.0873,0.007,0.053,-0.047,-0.10,-7.06,1320,3475,-82,0,0
71.520,2452.1,-315.60,-7.52,-131.17,152.4,0.31,0.00,0.00,1.00,0.00,0.44,3,7122,325.5,2.20,-0.46,-0.97,0.05,704,771,5029,0.0608,0.007,-0.001,-0.099,-0.10,-7.06,1262,-98,-81,0,0,5099,0.0623,0.007,-0.001,-0.099,-0.10,-7.06,1262,-99,-82,0,0,4970,0.0827,-0.026,0.023,-0.077,-0.10,-7.07,1293,1670,-75,0,0,5029,0.0842,-0.026,0.023,-0.077,-0.10,-7.07,1293,1688,-76,0,0
71.640,2457.1,-315.98,-7.52,-136.24,152.5,0.01,0.00,0.00,1.00,0.00,0.14,4,7420,-180.6,2.20,-0.26,-0.95,0.05,666,770,5278,0.0662,0.045,-0.001,-0.099,-0.10,-7.07,1263,-76,-81,0,0,5329,0.0677,0.045,-0.001,-0.099,-0.10,-7.07,1263,-74,-82,0,0,4826,0.0781,-0.039,0.002,-0.098,-0.09,-7.07,1267,82,-71,0,0,4868,0.0796,-0.038,0.002,-0.098,-0.09,-7.07,1267,85,-72,0,0
71.760,2462.2,-316.35,-7.52,-141.32,153.5,0.24,0.01,0.00,1.00,0.00,1.00,4,6401,353.8,2.20,-0.20,-0.95,0.06,667,780,5005,0.0664,0.001,-0.002,-0.098,-0.09,-7.07,1271,-117,-75,0,0,5070,0.0678,0.001,-0.002,-0.098,-0.09,-7.07,1271,-118,-76,0,0,5016,0.0763,-0.015,0.043,-0.057,-0.09,-7.07,1328,2765,-70,0,0,5071,0.0778,-0.015,0.043,-0.057,-0.09,-7.07,1328,2791,-70,0,0
71.880,2467.4,-316.73,-7.52,-146.45,155.0,0.36,0.00,0.00,1.00,0.00,1.00,4,5506,380.4,2.20,-0.36,-0.93,0.07,706,796,4825,0.0643,-0.017,-0.002,-0.098,-0.09,-7.07,1283,-111,-74,0,0,4879,0.0657,-0.017,-0.001,-0.099,-0.09,-7.07,1283,-109,-74,0,0,5278,0.0806,0.036,0.040,-0.060,-0.09,-7.07,1338,2772,-74,0,0,5320,0.0820,0.036,0.040,-0.060,-0.09,-7.07,1338,2792,-74,0,0
72.000,2472.6,-317.12,-7.53,-151.63,156.5,0.35,0.00,0.00,1.00,0.00,1.00,4,5566,379.0,2.20,-0.38,-0.93,0.07,729,812,4912,0.0624,-0.016,-0.002,-0.098,-0.09,-7.07,1296,-114,-74,0,0,5165,0.0640,-0.014,-0.002,-0.098,-0.09,-7.07,1296,-119,-77,0,0,5116,0.0809,0.003,0.042,-0.058,-0.09,-7.07,1353,2767,-70,0,0,5157,0.0824,0.003,0.042,-0.058,-0.09,-7.07,1353,2787,-71,0,0
72.120,2477.8,-317.51,-7.53,-156.87,158.0,0.35,0.00,0.00,1.00,0.00,1.00,4,5613,377.8,2.20,-0.42,-0.91,0.07,746,828,4863,0.0625,0.001,-0.002,-0.098,-0.09,-7.07,1308,-112,-72,0,0,4909,0.0639,-0.001,-0.002,-0.098,-0.09,-7.07,1308,-112,-73,0,0,5220,0.0822,0.011,0.041,-0.059,-0.09,-7.07,1364,2767,-71,0,0,5260,0.0836,0.010,0.041,-0.059,-0.09,-7.07,1364,2787,-71,0,0
72.240,2483.1,-317.90,-7.53,-162.15,159.5,0.35,0.00,0.00,1.00,0.00,1.00,4,5671,376.4,2.20,-0.39,-0.90,0.08,759,843,5116,0.0621,-0.003,-0.002,-0.098,-0.09,-7.07,1320,-119,-75,0,0,5154,0.0639,0.000,-0.002,-0.098,-0.09,-7.07,1320,-118,-75,0,0,5102,0.0809,-0.011,0.042,-0.058,-0.09,-7.07,1379,2768,-68,0,0,5117,0.0822,-0.012,0.042,-0.058,-0.09,-7.07,1378,2777,-68,0,0
72.360,2488.5,-318.30,-7.53,-167.48,161.0,0.35,0.00,0.00,1.00,0.00,1.00,4,5718,375.3,2.20,-0.41,-0.88,0.06,773,859,4879,0.0622,0.001,-0.002,-0.098,-0.09,-7.07,1333,-112,-70,0,0,4930,0.0635,-0.003,-0.002,-0.098,-0.09,-7.07,1333,-113,-70,0,0,5192,0.0820,0.010,0.041,-0.059,-0.09,-7.08,1390,2765,-68,0,0,5232,0.0833,0.010,0.041,-0.059,-0.09,-7.08,1390,2784,-68,0,0
72.480,2493.9,-318.70,-7.53,-172.86,162.4,0.35,0.01,0.00,1.00,0.00,1.00,4,5775,373.9,2.20,-0.39,-0.87,0.13,786,875,5077,0.0625,0.002,-0.002,-0.098,-0.09,-7.07,1345,-117,-72,0,0,5102,0.0641,0.004,-0.002,-0.098,-0.09,-7.07,1345,-117,-72,0,0,5118,0.0807,-0.011,0.042,-0.058,-0.08,-7.08,1404,2770,-64,0,0,5122,0.0818,-0.012,0.042,-0.058,-0.08,-7.08,1404,2775,-64,0,0
72.600,2499.3,-319.11,-7.54,-178.28,163.9,0.35,0.01,0.00,1.00,0.00,1.00,4,5829,372.7,2.20,-0.39,-0.86,0.09,800,891,4891,0.0620,-0.004,-0.002,-0.098,-0.08,-7.08,1357,-113,-64,0,0,4939,0.0632,-0.007,-0.002,-0.098,-0.08,-7.08,1357,-114,-65,0,0,4999,0.0814,0.006,0.042,-0.058,-0.08,-7.09,1417,2731,-59,0,0,5038,0.0827,0.007,0.042,-0.058,-0.08,-7.09,1417,2751,-59,0,0
72.720,2504.8,-319.52,-7.54,-183.76,165.4,0.35,0.01,0.00,1.00,0.00,1.00,4,5876,371.5,2.20,-0.39,-0.84,0.08,816,907,5054,0.0626,0.005,-0.002,-0.098,-0.08,-7.08,1369,-116,-65,0,0,5087,0.0641,0.007,-0.002,-0.098,-0.08,-7.08,1369,-117,-65,0,0,5107,0.0805,-0.008,0.041,-0.059,-0.08,-7.09,1429,2749,-59,0,0,5295,0.0817,-0.008,0.041,-0.059,-0.08,-7.09,1428,2835,-61,0,0
72.840,2510.3,-319.94,-7.54,-189.28,166.8,0.34,0.01,0.00,1.00,0.00,1.00,4,5933,370.1,2.20,-0.37,-0.83,0.07,828,923,4897,0.0618,-0.007,-0.002,-0.098,-0.08,-7.08,1381,-114,-61,0,0,4950,0.0630,-0.009,-0.002,-0.098,-0.08,-7.08,1381,-115,-62,0,0,5024,0.0808,0.003,0.042,-0.058,-0.07,-7.09,1443,2755,-57,0,0,5068,0.0820,0.002,0.042,-0.058,-0.07,-7.09,1443,2778,-57,0,0
72.960,2515.9,-320.36,-7.55,-194.86,168.3,0.35,0.01,0.00,1.00,0.00,1.00,4,5974,369.1,2.20,-0.39,-0.82,0.07,845,939,5029,0.0628,0.009,-0.002,-0.098,-0.08,-7.08,1394,-115,-63,0,0,5062,0.0641,0.009,-0.002,-0.098,-0.08,-7.08,1393,-116,-63,0,0,5237,0.0809,0.001,0.040,-0.060,-0.07,-7.09,1453,2768,-59,0,0,5264,0.0822,0.001,0.040,-0.060,-0.07,-7.09,1453,2781,-60,0,0
73.080,2521.6,-320.78,-7.55,-200.48,169.8,0.34,0.01,0.00,1.00,0.00,1.00,4,6035,367.3,2.20,-0.36,-0.81,0.08,856,956,4906,0.0616,-0.010,-0.002,-0.098,-0.08,-7.09,1405,-114,-59,0,0,5160,0.0628,-0.010,-0.002,-0.098,-0.08,-7.09,1405,-119,-62,0,0,5029,0.0801,-0.007,0.042,-0.058,-0.07,-7.09,1468,2756,-55,0,0,5071,0.0813,-0.007,0.042,-0.058,-0.07,-7.09,1468,2778,-55,0,0
73.200,2527.2,-321.21,-7.55,-206.15,171.2,0.34,-0.06,-0.18,1.00,0.00,1.00,4,6078,365.8,2.20,-0.38,-0.88,-3.85,873,972,4543,0.0613,-0.003,-0.001,-0.099,-2.45,-4.71,1415,-89,-1703,0,0,5133,0.0642,0.012,-0.002,-0.098,-1.99,-5.17,1417,-135,-1580,0,0,4950,0.0801,0.000,0.042,-0.058,-0.13,-7.03,1479,2704,-92,0,0,5442,0.0830,0.014,0.040,-0.060,-0.13,-7.03,1478,2830,-100,0,0
73.320,2533.0,-321.60,-7.56,-211.87,172.5,0.32,-0.40,0.00,1.00,0.00,1.00,4,6150,363.3,2.20,-0.36,-1.44,-15.10,877,986,4613,0.0537,-0.063,-0.002,-0.098,-0.94,-6.22,1422,-117,-653,0,0,5610,0.0725,0.069,-0.001,-0.099,-0.93,-6.23,1434,-114,-776,0,0,4653,0.0707,-0.079,0.050,-0.050,-1.74,-5.42,1496,2735,-1160,0,0,5473,0.0890,0.050,0.041,-0.059,-1.73,-5.43,1496,2751,-1366,0,0
73.440,2538.7,-321.94,-7.56,-217.64,173.9,0.34,-0.44,0.00,1.00,0.00,1.00,4,6203,361.5,2.20,-0.39,-1.63,-8.41,888,1002,4168,0.0506,-0.026,-0.002,-0.098,-1.79,-5.38,1435,-103,-1161,0,0,5565,0.0743,0.014,-0.001,-0.099,-1.78,-5.38,1442,-115,-1509,0,0,4577,0.0695,-0.010,0.050,-0.050,-2.23,-4.93,1510,2579,-1465,0,0,5757,0.0931,0.034,0.044,-0.056,-2.22,-4.94,1509,2916,-1825,0,0
73.560,2544.6,-322.20,-7.57,-223.45,175.2,0.34,-0.52,0.00,1.00,0.00,1.00,4,6248,359.9,2.20,-0.41,-1.80,-4.93,904,1018,4327,0.0486,-0.016,-0.002,-0.098,-1.89,-5.27,1448,-105,-1279,0,0,5757,0.0775,0.027,-0.002,-0.098,-1.89,-5.27,1452,-123,-1659,0,0,4644,0.0660,-0.029,0.048,-0.052,-2.15,-5.01,1521,2573,-1449,0,0,5852,0.0949,0.014,0.044,-0.056,-2.15,-5.01,1519,2998,-1802,0,0
73.680,2550.4,-322.39,-7.57,-229.31,176.6,0.34,-0.48,0.00,1.00,0.00,1.00,4,6299,358.1,2.20,-0.39,-1.79,-2.44,917,1034,4305,0.0476,-0.009,-0.002,-0.098,-1.69,-5.48,1460,-105,-1146,0,0,5491,0.0762,-0.011,-0.002,-0.098,-1.68,-5.48,1462,-122,-1432,0,0,4496,0.0660,0.000,0.048,-0.052,-1.82,-5.35,1533,2548,-1202,0,0,5500,0.0947,-0.002,0.046,-0.054,-1.81,-5.35,1532,2964,-1453,0,0
73.800,2556.4,-322.53,-7.57,-235.23,178.0,0.34,-0.40,0.00,1.00,0.00,1.00,4,6327,357.1,2.20,-0.42,-1.64,-1.14,936,1050,4360,0.0504,0.024,-0.002,-0.098,-1.36,-5.80,1472,-104,-947,0,0,5298,0.0755,-0.005,-0.002,-0.098,-1.36,-5.80,1473,-117,-1133,0,0,4815,0.0683,0.019,0.044,-0.056,-1.42,-5.74,1540,2607,-1028,0,0,5588,0.0934,-0.010,0.043,-0.057,-1.42,-5.74,1539,2924,-1181,0,0
73.920,2562.3,-322.61,-7.57,-241.18,179.3,0.33,-0.30,0.00,1.00,0.00,1.00,4,6380,355.2,2.20,-0.39,-1.44,-0.28,950,1066,4780,0.0522,0.015,-0.002,-0.098,-1.03,-6.13,1484,-131,-787,0,0,5411,0.0724,-0.026,-0.002,-0.098,-1.03,-6.13,1485,-122,-882,0,0,4779,0.0697,0.012,0.044,-0.056,-1.05,-6.11,1553,2649,-758,0,0,5291,0.0894,-0.033,0.043,-0.057,-1.05,-6.11,1552,2880,-833,0,0
74.040,2568.3,-322.66,-7.57,-247.19,180.7,0.33,-0.22,0.00,1.00,0.00,1.00,4,6417,353.9,2.20,-0.39,-1.24,0.18,966,1083,4617,0.0545,0.019,-0.002,-0.098,-0.74,-6.42,1496,-108,-552,0,0,5056,0.0695,-0.025,-0.002,-0.098,-0.74,-6.42,1496,-115,-600,0,0,4965,0.0733,0.030,0.042,-0.058,-0.73,-6.43,1562,2679,-556,0,0,5339,0.0883,-0.010,0.042,-0.058,-0.73,-6.43,1562,2851,-595,0,0
74.160,2574.4,-322.68,-7.57,-253.24,182.1,0.33,-0.14,0.00,1.00,0.00,1.00,4,6463,352.3,2.20,-0.39,-1.06,0.29,985,1100,4894,0.0571,0.021,-0.002,-0.098,-0.51,-6.65,1508,-114,-405,0,0,5158,0.0680,-0.013,-0.002,-0.098,-0.51,-6.65,1508,-118,-425,0,0,5109,0.0743,0.008,0.041,-0.059,-0.50,-6.66,1573,2728,-392,0,0,5338,0.0852,-0.026,0.041,-0.059,-0.50,-6.66,1573,2837,-408,0,0
74.280,2580.5,-322.69,-7.58,-259.34,183.5,0.33,-0.09,0.00,1.00,0.00,1.00,4,6524,350.2,2.20,-0.36,-0.92,0.38,997,1117,4787,0.0577,0.005,-0.002,-0.098,-0.35,-6.82,1520,-112,-267,0,0,5083,0.0650,-0.025,-0.002,-0.098,-0.35,-6.82,1519,-118,-283,0,0,4889,0.0759,0.013,0.043,-0.057,-0.33,-6.83,1588,2719,-245,0,0,5036,0.0832,-0.017,0.043,-0.057,-0.33,-6.83,1588,2797,-252,0,0
74.400,2586.6,-322.68,-7.58,-265.48,184.9,0.33,-0.05,0.00,1.00,0.00,1.00,4,6560,348.9,2.20,-0.39,-0.81,0.33,1015,1134,4681,0.0600,0.019,-0.002,-0.098,-0.23,-6.93,1531,-108,-173,0,0,4785,0.0649,-0.001,-0.002,-0.098,-0.23,-6.93,1531,-110,-177,0,0,5129,0.0777,0.016,0.041,-0.059,-0.21,-6.95,1597,2740,-167,0,0,5215,0.0826,-0.005,0.041,-0.059,-0.21,-6.95,1597,2787,-170,0,0
74.520,2592.8,-322.67,-7.58,-271.68,186.3,0.33,-0.03,0.00,0.00,0.00,1.00,4,6618,346.9,2.20,-0.36,-0.74,0.29,1029,1151,5012,0.0604,0.003,-0.002,-0.098,-0.15,-7.01,1543,-116,-122,0,0,5081,0.0638,-0.009,-0.002,-0.098,-0.15,-7.01,1543,-118,-124,0,0,4998,0.0772,-0.004,0.042,-0.058,-0.14,-7.02,1611,2750,-105,0,0,5158,0.0802,-0.020,0.042,-0.058,-0.14,-7.02,1611,2835,-108,0,0
74.639,2599.0,-322.66,-7.58,-277.90,186.5,0.03,-0.01,0.00,0.00,1.00,1.00,4,6271,-69.5,0.64,-0.21,-0.68,0.22,990,1152,5221,0.0629,0.021,-0.001,-0.099,-0.10,-7.06,1544,-66,-85,0,0,5266,0.0651,0.010,-0.001,-0.099,-0.10,-7.06,1544,-67,-86,0,0,4447,0.0758,-0.012,-0.006,-0.094,-0.09,-7.07,1536,-423,-65,0,0,4705,0.0780,-0.019,-0.006,-0.094,-0.09,-7.07,1536,-419,-69,0,0
74.759,2605.1,-322.63,-7.58,-283.98,179.8,-1.57,-0.25,0.00,0.00,1.00,1.00,4,5148,-61.8,0.24,0.75,-0.99,-11.88,685,1071,6401,0.0810,0.150,-0.186,0.086,-12.81,5.65,1183,-3642,-4159,858,1,7801,0.0911,0.217,-0.185,0.085,-10.46,3.29,1206,-4822,-4570,858,1,2565,0.0488,-0.226,-0.155,0.055,-0.44,-6.73,1262,-2452,-103,1540,0,3863,0.0589,-0.159,-0.156,0.056,-0.43,-6.73,1264,-3622,-149,1540,0
74.879,2611.0,-322.58,-7.58,-289.83,172.5,-1.73,-0.19,0.00,0.00,1.00,1.00,4,4800,-58.8,0.20,1.47,-1.08,-11.74,459,994,7126,0.0939,0.108,-0.178,0.078,-1.29,-5.88,1161,-6316,-721,2860,0,7543,0.1076,0.138,-0.177,0.077,-1.28,-5.88,1170,-6640,-753,2860,0,2733,0.0308,-0.150,-0.171,0.071,-1.91,-5.25,1161,-2576,-445,1540,0,3068,0.0440,-0.124,-0.176,0.076,-1.90,-5.27,1163,-2879,-483,1540,0
74.999,2616.6,-322.51,-7.59,-295.43,165.1,-1.72,-0.36,-0.23,0.00,1.00,1.00,4,4602,-57.4,0.20,1.63,-1.19,-12.99,374,914,6109,0.0988,0.041,-0.190,0.090,-9.21,2.05,1096,-4256,-3304,858,1,7681,0.1148,0.060,-0.172,0.072,-7.91,0.75,1113,-5448,-3781,2860,0,2762,0.0264,-0.037,-0.169,0.069,-2.88,-4.28,1113,-2546,-672,1540,0,3863,0.0423,-0.014,-0.174,0.074,-2.86,-4.30,1117,-3505,-905,1540,0
75.119,2621.9,-322.36,-7.59,-300.81,158.9,-1.40,-0.85,-0.59,0.00,1.00,1.00,4,4420,-56.1,0.20,1.50,-1.93,-27.81,361,845,5380,0.0856,-0.110,-0.183,0.083,-25.62,18.46,958,-1715,-4225,858,1,8005,0.1222,0.062,-0.187,0.087,-21.50,14.33,1005,-2966,-5841,858,1,2487,0.0190,-0.062,-0.168,0.068,-4.84,-2.32,1066,-2157,-963,1540,0,4867,0.0551,0.106,-0.176,0.076,-4.76,-2.40,1076,-4095,-1754,1540,0
75.239,2627.1,-322.11,-7.60,-305.99,153.0,-1.29,-0.99,-0.72,0.00,1.00,1.00,4,4190,-54.9,0.20,1.25,-2.39,-34.31,347,783,5005,0.0759,-0.080,-0.344,0.244,-35.55,28.38,665,-1788,-3679,858,1,7566,0.1248,0.022,-0.223,0.123,-30.01,22.85,859,-2213,-5668,858,1,2735,0.0189,-0.001,-0.186,0.086,-7.83,0.67,1038,-2077,-1489,462,1,4904,0.0679,0.107,-0.187,0.087,-7.66,0.50,1045,-3665,-2486,462,1
75.359,2632.1,-321.77,-7.60,-310.96,147.1,-1.23,-0.99,-0.75,0.00,1.00,1.00,4,4004,-53.7,0.20,1.15,-2.47,-30.72,319,724,5375,0.0725,-0.028,-0.470,0.370,-39.93,32.77,488,-2127,-3684,858,1,7753,0.1243,-0.004,-0.272,0.172,-34.06,26.90,739,-2328,-5674,858,1,2682,0.0188,-0.001,-0.183,0.083,-10.50,3.34,991,-1756,-1752,462,1,4867,0.0704,0.020,-0.193,0.093,-10.29,3.13,993,-3183,-2964,462,1
75.479,2636.9,-321.34,-7.60,-315.73,141.1,-1.23,-1.00,0.00,0.00,1.00,1.00,4,3834,-52.2,0.20,1.07,-2.49,-20.48,289,666,5021,0.0720,-0.005,-0.464,0.364,-10.61,3.44,614,-3741,-1563,858,1,7478,0.1241,-0.002,-0.174,0.074,-10.52,3.36,938,-4563,-4481,2860,0,2776,0.0206,0.015,-0.181,0.081,-12.00,4.83,932,-1689,-1908,462,1,4813,0.0729,0.021,-0.183,0.083,-11.83,4.67,944,-2870,-3173,462,1
75.599,2641.5,-320.82,-7.60,-320.29,135.2,-1.17,-1.14,0.00,0.00,1.00,1.00,4,3614,-50.9,0.20,1.05,-2.68,-17.61,260,612,5027,0.0680,-0.033,-0.180,0.080,-11.37,4.21,895,-3069,-3237,858,1,8013,0.1260,0.016,-0.178,0.078,-11.23,4.07,891,-4686,-4886,2860,0,2478,0.0177,-0.024,-0.200,0.100,-12.56,5.40,893,-1509,-1706,462,1,5154,0.0750,0.018,-0.191,0.091,-12.40,5.24,901,-3014,-3400,462,1
75.719,2645.9,-320.17,-7.60,-324.65,130.6,-0.82,-1.34,0.19,0.00,0.00,1.00,4,4120,-54.2,0.20,0.84,-3.04,-18.94,256,570,4017,0.0606,-0.062,-0.002,-0.098,-7.86,0.69,1061,-59,-3283,0,0,7838,0.1282,0.018,-0.001,-0.099,-6.92,-0.24,1078,-75,-5748,0,0,2815,0.0177,0.000,-0.044,-0.056,-12.69,5.52,1007,-559,-2495,0,0,6044,0.0853,0.086,-0.051,-0.049,-12.51,5.35,1014,-1304,-5048,0,0
75.839,2650.2,-319.36,-7.61,-328.90,128.9,-0.11,-1.41,0.00,0.00,0.00,1.00,4,4221,-54.9,0.20,0.31,-3.35,-7.14,320,551,3505,0.0433,-0.144,-0.002,-0.098,-10.51,3.35,1045,-35,-3084,0,0,7387,0.1200,-0.069,-0.003,-0.097,-10.45,3.29,1050,-90,-6096,0,0,3079,0.0270,0.077,-0.014,-0.086,-11.03,3.87,1032,-212,-2738,0,0,6712,0.1026,0.144,-0.017,-0.083,-10.97,3.81,1035,-535,-5618,0,0
75.959,2654.5,-318.36,-7.60,-333.04,127.0,-0.18,-1.54,-0.36,0.00,0.00,1.00,4,4198,-54.8,0.20,0.18,-3.42,-3.57,335,534,3786,0.0383,-0.042,0.017,-0.083,-20.79,13.63,998,151,-3364,0,0,7281,0.1168,-0.026,0.004,-0.096,-18.51,11.35,1003,77,-6143,0,0,2860,0.0258,-0.010,-0.012,-0.088,-8.66,1.49,1027,-216,-2446,0,0,6453,0.1043,0.014,-0.013,-0.087,-8.63,1.47,1029,-491,-5201,0,0
76.079,2658.7,-317.19,-7.60,-337.06,125.0,-0.27,-1.40,0.00,0.00,0.00,1.00,4,4162,-54.5,0.20,0.24,-3.32,-4.35,339,518,3835,0.0386,0.002,-0.001,-0.099,-6.24,-0.92,1027,-45,-2881,0,0,7021,0.1143,-0.021,-0.002,-0.098,-6.22,-0.94,1030,-99,-4999,0,0,3050,0.0247,-0.009,-0.010,-0.090,-6.56,-0.60,1018,-234,-2367,0,0,5867,0.1007,-0.030,-0.011,-0.089,-6.54,-0.62,1020,-494,-4343,0,0
76.199,2662.8,-315.86,-7.60,-340.99,123.9,-0.14,-1.18,0.00,0.00,0.00,1.00,4,4148,-54.4,0.20,0.15,-3.03,-2.95,363,508,4256,0.0416,0.025,-0.001,-0.099,-4.48,-2.68,1022,-56,-2623,0,0,6844,0.1106,-0.031,-0.001,-0.099,-4.47,-2.69,1024,-94,-4036,0,0,5087,0.0310,0.053,-0.008,-0.092,-4.71,-2.46,1015,-336,-3193,0,0,5900,0.1000,-0.006,-0.009,-0.091,-4.70,-2.47,1017,-483,-3646,0,0
76.319,2666.9,-314.40,-7.60,-344.84,123.5,-0.05,-0.92,0.00,1.00,0.00,1.00,4,4235,191.5,1.11,0.00,-2.56,-0.87,385,504,4472,0.0467,0.043,-0.001,-0.099,-2.95,-4.21,1021,-78,-2000,0,0,6303,0.1032,-0.061,-0.001,-0.099,-2.95,-4.21,1022,-104,-2734,0,0,4126,0.0426,0.096,0.015,-0.085,-3.02,-4.14,1038,712,-1883,0,0,5682,0.0991,-0.008,0.014,-0.086,-3.02,-4.14,1037,875,-2529,0,0
76.439,2671.1,-312.84,-7.59,-348.66,123.9,0.13,-0.60,0.00,1.00,0.00,1.00,4,4302,341.9,1.89,-0.12,-1.95,0.35,414,508,4785,0.0500,0.028,-0.002,-0.098,-1.81,-5.35,1026,-92,-1377,0,0,5794,0.0912,-0.100,-0.001,-0.099,-1.82,-5.35,1026,-110,-1641,0,0,4493,0.0548,0.102,0.026,-0.074,-1.79,-5.37,1054,1507,-1262,0,0,5314,0.0950,-0.034,0.025,-0.075,-1.79,-5.37,1054,1735,-1475,0,0
76.559,2675.2,-311.21,-7.59,-352.47,124.7,0.18,-0.56,-0.28,0.69,0.00,1.00,4,4319,331.4,1.97,-0.28,-1.64,-10.39,439,515,4287,0.0533,0.027,-0.002,-0.098,-8.58,1.42,1016,-39,-3579,0,0,6156,0.0854,-0.049,-0.003,-0.097,-7.11,-0.05,1026,-151,-4697,0,0,4352,0.0630,0.069,0.028,-0.072,-1.27,-5.89,1058,1613,-845,0,0,5928,0.0951,0.001,0.020,-0.080,-1.26,-5.90,1058,1598,-1125,0,0
76.679,2679.4,-309.49,-7.59,-356.25,124.3,-0.04,-0.69,0.00,0.00,0.00,1.00,4,4181,-54.7,0.66,-0.19,-1.84,-17.48,422,512,4658,0.0507,-0.022,-0.001,-0.099,-1.46,-5.70,1022,-68,-1016,0,0,5946,0.0887,0.028,-0.001,-0.099,-1.44,-5.72,1036,-60,-1254,0,0,4221,0.0583,-0.040,-0.002,-0.098,-2.76,-4.41,1021,-87,-1737,0,0,5325,0.0966,0.012,-0.010,-0.090,-2.72,-4.44,1027,-651,-2122,0,0
76.799,2683.5,-307.69,-7.59,-359.97,123.4,-0.17,-0.83,-0.34,0.00,0.00,1.00,4,4152,-54.5,0.24,-0.02,-2.02,-21.98,397,504,4199,0.0522,0.013,0.010,-0.090,-13.63,6.47,995,163,-3712,0,0,7133,0.0952,0.054,0.003,-0.097,-11.41,4.25,1013,75,-5908,0,0,3343,0.0509,-0.062,0.000,-0.100,-3.16,-4.00,1014,-10,-1567,0,0,5970,0.0934,-0.027,-0.010,-0.090,-3.11,-4.05,1020,-724,-2639,0,0
76.919,2687.6,-305.78,-7.58,-363.57,121.9,-0.27,-1.20,0.00,0.00,0.00,1.00,4,4092,-54.0,0.20,0.08,-2.69,-32.96,360,491,4196,0.0461,-0.051,0.001,-0.099,-2.60,-4.56,996,43,-1684,0,0,7242,0.1086,0.112,-0.001,-0.099,-2.54,-4.62,1019,-27,-2664,0,0,3258,0.0388,-0.101,0.003,-0.097,-5.10,-2.06,998,101,-2172,0,0,6024,0.1013,0.066,-0.014,-0.086,-4.97,-2.19,1006,-767,-3764,0,0
77.039,2691.6,-303.77,-7.58,-367.08,120.9,-0.11,-0.99,0.00,0.00,0.00,1.00,4,4048,-53.7,0.20,0.12,-2.57,-20.11,351,484,4122,0.0460,-0.001,-0.001,-0.099,-4.09,-3.07,990,-53,-2351,0,0,6938,0.1045,-0.035,-0.001,-0.099,-4.02,-3.14,1006,-81,-3733,0,0,3440,0.0397,0.008,-0.003,-0.097,-5.62,-1.54,989,-77,-2446,0,0,5614,0.0977,-0.030,-0.013,-0.087,-5.53,-1.63,994,-641,-3806,0,0
77.159,2695.6,-301.63,-7.58,-370.47,119.6,-0.18,-1.29,-0.38,0.00,0.00,1.00,4,4011,-53.5,0.20,0.07,-2.86,-22.30,343,473,3895,0.0430,-0.025,0.003,-0.097,-16.36,9.20,945,50,-3482,0,0,7423,0.1098,0.045,-0.003,-0.097,-14.01,6.85,967,-62,-6260,0,0,3117,0.0363,-0.028,0.000,-0.100,-5.49,-1.67,979,-10,-2198,0,0,6562,0.1031,0.045,-0.012,-0.088,-5.39,-1.77,985,-670,-4318,0,0
77.279,2699.6,-299.37,-7.57,-373.71,118.2,-0.21,-1.24,0.00,1.00,0.00,1.00,4,3954,-53.1,0.20,0.17,-2.87,-21.31,321,462,4071,0.0427,-0.003,-0.001,-0.099,-4.27,-2.89,966,-52,-2394,0,0,6715,0.1097,-0.001,-0.001,-0.099,-4.20,-2.97,983,-74,-3736,0,0,3347,0.0326,-0.031,-0.002,-0.098,-5.92,-1.24,966,-52,-2452,0,0,5605,0.1000,-0.026,-0.014,-0.086,-5.82,-1.34,971,-629,-3908,0,0
77.399,2703.5,-296.99,-7.57,-376.84,117.8,0.01,-1.09,0.00,1.00,0.00,1.00,4,4073,232.6,1.32,0.07,-2.69,-13.76,339,459,4087,0.0428,0.000,-0.002,-0.098,-4.28,-2.88,966,-74,-2429,0,0,6801,0.1059,-0.031,-0.001,-0.099,-4.23,-2.93,977,-103,-3835,0,0,3705,0.0377,0.043,0.031,-0.069,-5.36,-1.80,998,975,-2513,0,0,5954,0.0996,-0.003,0.019,-0.081,-5.30,-1.86,998,949,-3919,0,0
77.519,2707.4,-294.50,-7.57,-379.88,118.1,0.17,-1.03,0.00,1.00,0.00,1.00,4,4126,355.3,1.95,-0.13,-2.45,-6.85,361,461,4156,0.0434,0.005,-0.002,-0.098,-3.56,-3.61,973,-87,-2160,0,0,6294,0.1004,-0.046,-0.002,-0.098,-3.54,-3.63,979,-110,-3145,0,0,4009,0.0454,0.065,0.037,-0.063,-4.09,-3.07,1012,1481,-2247,0,0,6192,0.1025,0.024,0.031,-0.069,-4.07,-3.09,1011,1836,-3376,0,0
77.639,2711.4,-291.89,-7.57,-382.85,119.1,0.27,-0.79,0.00,0.00,0.00,1.00,4,4298,388.0,2.13,-0.18,-2.07,-3.04,385,469,4182,0.0441,0.006,-0.002,-0.098,-2.55,-4.61,983,-104,-1652,0,0,5748,0.0906,-0.082,-0.002,-0.098,-2.55,-4.61,986,-126,-2209,0,0,4174,0.0522,0.056,0.058,-0.042,-2.79,-4.37,1043,2469,-1635,0,0,5503,0.0986,-0.032,0.054,-0.046,-2.78,-4.38,1041,3024,-2129,0,0
77.759,2715.4,-289.18,-7.57,-385.78,119.4,0.10,-0.56,0.00,0.00,0.00,1.00,4,4017,-53.5,0.64,-0.26,-1.65,-0.79,402,472,4925,0.0500,0.049,-0.001,-0.099,-1.69,-5.47,988,-63,-1322,0,0,6013,0.0867,-0.032,-0.001,-0.099,-1.69,-5.47,989,-76,-1584,0,0,4399,0.0594,0.060,-0.006,-0.094,-1.76,-5.40,984,-343,-1236,0,0,5499,0.0956,-0.025,-0.006,-0.094,-1.76,-5.41,984,-426,-1514,0,0
77.879,2719.3,-286.45,-7.57,-388.65,118.7,-0.15,-0.36,0.00,0.00,0.00,1.00,4,3995,-53.3,0.24,-0.10,-1.21,-0.04,381,466,5095,0.0597,0.080,-0.001,-0.099,-1.02,-6.15,983,-66,-836,0,0,5657,0.0845,-0.018,-0.001,-0.099,-1.02,-6.14,983,-74,-919,0,0,4508,0.0631,0.031,-0.005,-0.095,-1.02,-6.14,978,-360,-748,0,0,4993,0.0881,-0.063,-0.005,-0.095,-1.02,-6.14,979,-386,-822,0,0
77.999,2723.3,-283.70,-7.57,-391.48,118.4,-0.08,-0.22,-0.07,1.00,0.00,1.00,4,4051,171.3,0.86,0.04,-0.86,-1.26,371,464,5155,0.0653,0.047,0.000,-0.100,-3.59,-3.57,979,-27,-2165,0,0,5836,0.0813,-0.027,-0.001,-0.099,-3.03,-4.13,980,-73,-2108,0,0,4545,0.0647,0.013,0.011,-0.089,-0.59,-6.57,993,740,-440,0,0,4890,0.0799,-0.068,0.011,-0.089,-0.59,-6.57,993,743,-470,0,0
78.119,2727.2,-280.90,-7.57,-394.26,118.3,0.00,-0.81,-0.47,0.52,0.00,1.00,4,4071,201.0,1.49,-0.08,-1.58,-30.64,376,463,3967,0.0562,-0.075,0.003,-0.097,-16.47,9.31,931,43,-3542,0,0,6967,0.0913,0.083,-0.004,-0.096,-13.43,6.27,961,-99,-5912,0,0,3733,0.0578,-0.057,0.028,-0.072,-2.09,-5.07,996,1354,-1134,0,0,6259,0.0929,0.108,0.006,-0.094,-2.04,-5.12,998,480,-1823,0,0
78.239,2731.2,-278.03,-7.56,-396.93,116.8,-0.25,-1.16,0.00,1.00,0.00,1.00,4,3935,-25.9,0.64,0.08,-2.42,-43.13,338,451,3920,0.0455,-0.089,0.037,-0.063,-32.40,25.24,831,218,-3380,0,0,7347,0.1032,0.099,0.006,-0.094,-26.77,19.60,882,88,-6073,0,0,2770,0.0434,-0.120,0.003,-0.097,-5.16,-2.01,953,101,-1859,0,0,5809,0.1010,0.068,-0.008,-0.092,-4.98,-2.18,975,-447,-3636,0,0
78.359,2735.0,-275.09,-7.57,-399.45,116.1,-0.02,-1.11,0.00,1.00,0.00,1.00,4,4060,265.9,1.49,0.09,-2.56,-33.30,325,446,4017,0.0447,-0.006,-0.002,-0.098,-4.61,-2.55,944,-69,-2474,0,0,6932,0.1070,0.032,-0.001,-0.099,-4.49,-2.67,970,-89,-3997,0,0,3586,0.0390,-0.037,0.052,-0.048,-7.26,0.09,995,1242,-2725,0,0,5999,0.1000,-0.009,0.024,-0.076,-7.06,-0.10,995,963,-4505,0,0
78.479,2738.9,-272.03,-7.56,-401.83,116.3,0.22,-1.26,0.00,1.00,0.00,1.00,4,4122,364.7,2.00,-0.07,-2.62,-22.12,332,448,3526,0.0397,-0.042,-0.002,-0.098,-5.55,-1.61,948,-70,-2483,0,0,6394,0.1034,-0.030,-0.002,-0.098,-5.45,-1.71,966,-94,-4253,0,0,3527,0.0409,0.017,0.064,-0.036,-7.29,0.13,1011,1458,-2633,0,0,6710,0.1049,0.041,0.043,-0.057,-7.16,0.00,1010,1884,-4907,0,0
78.599,2742.8,-268.86,-7.56,-404.08,117.1,0.35,-1.19,0.00,1.00,0.00,1.00,4,4354,390.0,2.14,-0.09,-2.55,-18.06,349,454,3604,0.0360,-0.030,-0.003,-0.097,-5.41,-1.75,956,-86,-2506,0,0,6490,0.0979,-0.045,-0.002,-0.098,-5.33,-1.83,971,-129,-4271,0,0,3630,0.0407,-0.002,0.101,0.001,-6.82,-0.34,1057,2194,-2369,0,0,6280,0.1025,-0.020,0.082,-0.018,-6.72,-0.44,1054,3193,-4121,0,0
78.719,2746.7,-265.55,-7.56,-406.20,118.0,0.34,-1.19,0.00,0.00,0.00,1.00,4,3977,-58.5,1.18,-0.23,-2.47,-13.14,368,461,3850,0.0360,-0.001,-0.002,-0.098,-5.00,-2.16,967,-64,-2548,0,0,6549,0.0968,-0.009,-0.001,-0.099,-4.95,-2.22,978,-78,-4120,0,0,3733,0.0444,0.031,0.005,-0.095,-6.03,-1.13,972,273,-2753,0,0,6794,0.1052,0.022,-0.004,-0.096,-5.96,-1.20,974,-51,-4747,0,0
78.839,2750.6,-262.18,-7.56,-408.18,117.0,-0.13,-1.09,0.08,0.00,0.00,1.00,4,3917,-52.8,0.29,0.02,-2.38,-5.57,345,453,4281,0.0404,0.037,-0.002,-0.098,-1.17,-5.99,965,-110,-1305,0,0,6641,0.0992,0.020,-0.001,-0.099,-0.51,-6.65,971,-104,-1473,0,0,3522,0.0404,-0.033,-0.007,-0.093,-4.51,-2.65,958,-229,-2204,0,0,5274,0.0993,-0.049,-0.009,-0.091,-4.50,-2.66,960,-468,-3195,0,0
78.959,2754.5,-258.76,-7.56,-410.03,116.2,-0.14,-0.76,0.00,0.00,0.00,1.00,4,3906,-52.7,0.21,0.10,-1.98,0.72,346,447,4822,0.0496,0.076,-0.001,-0.099,-2.65,-4.51,962,-64,-1967,0,0,6637,0.0986,-0.005,-0.001,-0.099,-2.65,-4.51,961,-94,-2630,0,0,3964,0.0453,0.041,-0.007,-0.093,-2.60,-4.56,956,-346,-1608,0,0,5456,0.0931,-0.052,-0.006,-0.094,-2.60,-4.56,957,-404,-2163,0,0
79.079,2758.4,-255.33,-7.56,-411.79,115.7,-0.10,-0.54,0.00,1.00,0.00,1.00,4,3951,151.2,0.57,0.02,-1.49,0.67,350,443,4827,0.0573,0.064,-0.001,-0.099,-1.48,-5.68,958,-76,-1148,0,0,5698,0.0934,-0.043,-0.002,-0.098,-1.48,-5.68,958,-209,-1332,0,0,4570,0.0551,0.082,0.009,-0.091,-1.43,-5.73,968,535,-1055,0,0,5317,0.0913,-0.015,0.009,-0.091,-1.43,-5.73,968,631,-1213,0,0
79.199,2762.2,-251.86,-7.57,-413.50,116.1,0.09,-0.29,0.00,1.00,0.00,1.00,4,4012,308.7,1.70,-0.04,-0.94,0.56,364,446,5051,0.0611,0.032,-0.001,-0.099,-0.79,-6.38,961,-94,-647,0,0,5366,0.0825,-0.091,-0.001,-0.099,-0.79,-6.38,961,-100,-684,0,0,4771,0.0645,0.078,0.021,-0.079,-0.74,-6.42,983,1397,-574,0,0,5043,0.0859,-0.045,0.021,-0.079,-0.74,-6.42,983,1485,-604,0,0
79.319,2766.1,-248.37,-7.57,-415.20,116.9,0.20,-0.15,0.00,1.00,0.00,1.00,4,4058,377.5,2.06,-0.22,-0.53,0.40,387,453,5209,0.0648,0.031,-0.001,-0.099,-0.40,-6.76,969,-102,-340,0,0,5266,0.0765,-0.050,-0.001,-0.099,-0.40,-6.76,968,-103,-343,0,0,4765,0.0729,0.070,0.026,-0.074,-0.33,-6.83,995,1694,-279,0,0,5340,0.0846,-0.011,0.025,-0.075,-0.37,-6.79,994,1867,-316,0,0
79.439,2770.0,-244.83,-7.57,-416.88,117.8,0.22,-0.30,-0.24,1.00,0.00,1.00,4,4099,396.6,2.16,-0.28,-0.61,-12.22,398,460,4294,0.0610,-0.032,-0.002,-0.098,-6.75,-0.41,963,-55,-3302,0,0,5817,0.0740,-0.021,-0.003,-0.097,-5.46,-1.70,974,-156,-3930,0,0,4488,0.0754,0.021,0.033,-0.067,-0.52,-6.64,1004,1975,-334,0,0,5761,0.0883,0.030,0.023,-0.077,-0.52,-6.64,1004,1856,-422,0,0
79.559,2774.0,-241.24,-7.57,-418.51,119.0,0.31,-0.70,0.00,1.00,0.00,1.00,4,4294,399.6,2.19,-0.30,-1.36,-27.25,408,469,4405,0.0497,-0.095,-0.002,-0.098,-0.95,-6.21,974,-122,-559,0,0,6055,0.0848,0.090,-0.001,-0.099,-0.93,-6.24,996,-104,-734,0,0,4486,0.0639,-0.096,0.065,-0.035,-3.07,-4.09,1040,2841,-1786,0,0,5837,0.0981,0.082,0.043,-0.057,-3.00,-4.16,1041,2645,-2374,0,0
79.679,2778.0,-237.56,-7.57,-420.08,120.5,0.39,-0.64,-0.07,1.00,0.00,1.00,4,4339,400.6,2.20,-0.43,-1.37,-13.05,423,481,3955,0.0486,-0.009,-0.002,-0.098,-2.33,-4.83,991,-101,-1408,0,0,5608,0.0834,-0.012,-0.001,-0.099,-2.30,-4.86,1002,-105,-1926,0,0,4520,0.0668,0.024,0.059,-0.041,-3.32,-3.84,1052,2581,-2016,0,0,6143,0.1015,0.028,0.047,-0.053,-3.29,-3.87,1051,2884,-2729,0,0
79.799,2782.0,-233.79,-7.57,-421.54,121.6,0.33,-1.02,0.00,1.00,0.00,1.00,4,4415,400.1,2.20,-0.29,-1.84,-24.57,417,490,3569,0.0406,-0.067,0.010,-0.090,-17.41,10.25,961,106,-3205,0,0,6541,0.0879,0.038,0.001,-0.099,-14.55,7.39,985,15,-5598,0,0,3454,0.0557,-0.093,0.074,-0.026,-3.70,-3.47,1072,2250,-1610,0,0,6390,0.1029,0.011,0.051,-0.049,-3.63,-3.54,1069,3092,-2988,0,0
79.919,2786.1,-229.95,-7.57,-422.89,122.9,0.37,-0.88,0.00,1.00,0.00,1.00,4,4463,399.6,2.20,-0.30,-1.84,-19.18,421,500,4118,0.0421,0.012,-0.002,-0.098,-3.17,-3.99,1007,-103,-1916,0,0,6100,0.0901,0.019,-0.002,-0.098,-3.13,-4.04,1023,-113,-2714,0,0,4287,0.0539,-0.014,0.072,-0.028,-4.61,-2.55,1083,2507,-2367,0,0,6255,0.1019,-0.008,0.055,-0.045,-4.54,-2.62,1081,2918,-3474,0,0
80.039,2790.2,-226.01,-7.57,-424.11,124.0,0.36,-1.12,-0.37,1.00,0.00,1.00,4,4514,398.9,2.20,-0.25,-2.05,-22.66,420,509,3497,0.0374,-0.039,0.009,-0.091,-16.08,8.92,986,101,-3146,0,0,6471,0.0911,0.008,0.001,-0.099,-13.66,6.49,1007,22,-5530,0,0,3558,0.0509,-0.025,0.077,-0.023,-4.69,-2.47,1096,2188,-1974,0,0,6758,0.1046,0.022,0.056,-0.044,-4.61,-2.55,1094,3169,-3738,0,0
80.159,2794.4,-222.01,-7.57,-425.18,124.4,0.24,-1.23,0.00,1.00,0.00,1.00,4,4605,397.8,2.20,-0.14,-2.33,-32.57,407,512,3875,0.0360,-0.012,-0.001,-0.099,-3.83,-3.34,1014,-189,-2167,0,0,6790,0.0987,0.064,0.000,-0.100,-3.73,-3.43,1040,59,-3522,0,0,3446,0.0413,-0.080,0.101,0.001,-6.24,-0.93,1118,2200,-2127,0,0,6586,0.1031,-0.012,0.071,-0.029,-6.08,-1.08,1116,3205,-4168,0,0
80.279,2798.5,-217.94,-7.56,-426.09,125.6,0.42,-1.13,0.00,1.00,0.00,1.00,4,4647,397.2,2.20,-0.21,-2.20,-25.23,414,522,3542,0.0365,0.004,-0.002,-0.098,-5.23,-1.93,1023,-80,-2404,0,0,6125,0.0953,-0.028,-0.002,-0.098,-5.13,-2.03,1043,-108,-3941,0,0,3786,0.0454,0.034,0.100,0.000,-7.07,-0.09,1129,2218,-2520,0,0,6626,0.1043,0.010,0.076,-0.024,-6.94,-0.22,1126,3111,-4456,0,0
80.399,2802.7,-213.81,-7.56,-426.83,126.4,0.37,-1.30,0.00,1.00,0.00,1.00,4,4721,396.3,2.20,-0.16,-2.36,-27.78,414,528,3652,0.0328,-0.030,0.011,-0.089,-18.08,10.91,994,113,-3272,0,0,6900,0.0969,0.013,0.002,-0.098,-15.69,8.53,1019,32,-5876,0,0,3318,0.0413,-0.034,0.112,0.012,-7.58,0.42,1147,2027,-2218,0,0,6643,0.1042,-0.001,0.086,-0.014,-7.42,0.26,1144,3265,-4492,0,0
80.519,2807.0,-209.61,-7.56,-427.39,127.2,0.40,-1.30,0.00,1.00,0.00,1.00,4,4754,395.8,2.20,-0.19,-2.39,-27.14,413,535,3653,0.0335,0.006,-0.003,-0.097,-6.47,-0.69,1033,-74,-2773,0,0,6518,0.0985,0.013,-0.002,-0.098,-6.34,-0.82,1055,-115,-4680,0,0,3606,0.0410,-0.003,0.115,0.015,-8.42,1.26,1155,2080,-2511,0,0,6913,0.1059,0.014,0.089,-0.011,-8.25,1.09,1152,3219,-4841,0,0
80.638,2811.2,-205.37,-7.56,-427.76,128.1,0.42,-1.29,0.00,1.00,0.00,1.00,4,4838,394.7,2.20,-0.14,-2.36,-25.39,415,543,3469,0.0315,-0.017,-0.003,-0.097,-7.07,-0.09,1039,-69,-2747,0,0,6374,0.0955,-0.025,-0.003,-0.097,-6.94,-0.22,1059,-118,-4779,0,0,3350,0.0399,-0.009,0.127,0.027,-8.88,1.72,1176,1999,-2316,0,0,6388,0.1039,-0.017,0.103,0.003,-8.72,1.56,1173,3203,-4456,0,0
80.758,2815.5,-201.09,-7.56,-427.94,128.9,0.43,-1.34,0.00,1.00,0.00,1.00,4,4844,394.6,2.20,-0.21,-2.41,-25.97,423,550,3555,0.0317,0.002,-0.003,-0.097,-7.56,0.39,1045,-70,-2881,0,0,6636,0.0982,0.022,-0.003,-0.097,-7.41,0.25,1065,-116,-5082,0,0,3639,0.0402,0.003,0.123,0.023,-9.40,2.23,1177,2044,-2595,0,0,7241,0.1067,0.023,0.098,-0.002,-9.22,2.06,1174,3329,-5146,0,0
80.878,2819.8,-196.77,-7.56,-427.92,129.7,0.42,-1.36,0.00,1.00,0.00,1.00,4,4913,393.7,2.20,-0.15,-2.40,-25.22,418,556,3420,0.0308,-0.008,-0.003,-0.097,-7.98,0.82,1050,-66,-2830,0,0,6374,0.0968,-0.012,-0.003,-0.097,-7.84,0.67,1070,-114,-4998,0,0,3423,0.0392,-0.009,0.134,0.034,-9.75,2.59,1195,1978,-2419,0,0,6770,0.1056,-0.009,0.109,0.009,-9.58,2.41,1191,3290,-4789,0,0
80.998,2824.2,-192.44,-7.56,-427.70,130.4,0.42,-1.35,0.09,0.75,0.00,1.00,4,4980,392.8,2.20,-0.14,-2.43,-28.33,424,562,3552,0.0306,-0.002,-0.003,-0.097,-8.49,1.33,1053,-62,-2985,0,0,6736,0.0986,0.016,-0.003,-0.097,-8.32,1.15,1075,-120,-5344,0,0,3450,0.0379,-0.011,0.146,0.046,-10.47,3.31,1211,2008,-2427,0,0,7049,0.1047,-0.007,0.119,0.019,-10.26,3.09,1207,3444,-4965,0,0
81.118,2828.5,-188.10,-7.56,-427.29,131.2,0.42,-1.23,0.00,1.00,0.00,1.00,4,4965,330.9,1.87,-0.20,-2.18,-16.70,436,569,3367,0.0340,0.028,-0.003,-0.097,-8.97,1.81,1063,-64,-2882,0,0,6246,0.0947,-0.033,-0.004,-0.096,-8.86,1.70,1076,-139,-5088,0,0,3646,0.0435,0.047,0.133,0.033,-10.13,2.97,1209,2034,-2617,0,0,6788,0.1046,-0.001,0.116,0.016,-10.01,2.85,1206,3315,-4807,0,0
81.238,2832.9,-183.75,-7.56,-426.68,131.9,0.41,-1.38,0.00,1.00,0.00,1.00,4,5006,374.9,2.11,-0.13,-2.34,-18.89,436,575,3368,0.0302,-0.031,-0.003,-0.097,-8.37,1.21,1069,-69,-2832,0,0,6795,0.0969,0.018,-0.003,-0.097,-8.25,1.09,1084,-133,-5382,0,0,3361,0.0392,-0.036,0.134,0.034,-9.68,2.51,1218,1961,-2365,0,0,6665,0.1047,0.001,0.115,0.015,-9.54,2.38,1214,3375,-4647,0,0
81.358,2837.3,-179.42,-7.56,-425.87,132.6,0.42,-1.40,0.00,1.00,0.00,1.00,4,4991,387.7,2.17,-0.16,-2.38,-20.76,440,581,3549,0.0311,0.007,-0.003,-0.097,-8.11,0.94,1075,-71,-2947,0,0,6609,0.0989,0.017,-0.003,-0.097,-7.99,0.82,1092,-122,-5198,0,0,3496,0.0391,-0.001,0.125,0.025,-9.54,2.37,1214,1962,-2505,0,0,7110,0.1069,0.018,0.104,0.004,-9.40,2.23,1210,3370,-5028,0,0
81.478,2841.8,-175.10,-7.56,-424.85,133.3,0.41,-1.35,0.00,1.00,0.00,1.00,4,5064,389.7,2.19,-0.08,-2.35,-21.88,442,588,3442,0.0301,-0.008,-0.003,-0.097,-8.04,0.88,1081,-67,-2855,0,0,6442,0.0966,-0.020,-0.003,-0.097,-7.91,0.75,1098,-123,-5065,0,0,3304,0.0375,-0.013,0.135,0.035,-9.53,2.37,1232,1954,-2309,0,0,6437,0.1040,-0.024,0.114,0.014,-9.39,2.23,1228,3285,-4491,0,0
81.598,2846.2,-170.81,-7.57,-423.64,134.1,0.43,-1.31,0.23,0.94,0.00,1.00,4,5056,347.7,2.05,-0.14,-2.27,-20.19,456,595,3811,0.0314,0.011,-0.004,-0.096,-2.57,-4.59,1097,-188,-1842,0,0,6390,0.0980,0.012,-0.002,-0.098,-1.16,-6.00,1117,-180,-1927,0,0,3917,0.0392,0.014,0.127,0.027,-9.74,2.58,1230,2184,-2790,0,0,6973,0.1058,0.015,0.108,0.008,-9.60,2.44,1227,3340,-4938,0,0
81.718,2850.7,-166.52,-7.57,-422.30,135.2,0.28,-0.29,0.62,0.89,0.00,1.00,4,4989,382.7,2.15,-0.19,-0.80,43.86,509,605,5639,0.0505,0.159,-0.002,-0.098,10.62,3.46,1119,-64,4758,0,0,4404,0.0777,-0.169,0.009,-0.091,14.59,7.43,1081,135,3901,0,0,5591,0.0630,0.198,0.071,-0.029,-5.56,-1.60,1210,2893,-3508,0,0,4430,0.0902,-0.130,0.104,0.004,-5.73,-1.43,1210,2900,-2600,0,0
81.838,2855.2,-162.22,-7.58,-420.92,135.7,0.12,-0.01,0.00,0.00,0.00,1.00,4,4565,-57.4,1.00,-0.25,0.19,55.79,534,610,5566,0.0660,0.129,0.000,-0.100,-0.84,-6.33,1146,-29,-979,0,0,5423,0.0685,-0.077,-0.001,-0.099,-0.87,-6.29,1102,-106,-1006,0,0,5102,0.0785,0.129,-0.015,-0.085,2.85,-4.31,1129,-842,2014,0,0,4948,0.0798,-0.087,0.003,-0.097,2.96,-4.20,1107,141,2031,0,0
81.958,2859.7,-157.91,-7.58,-419.60,134.8,-0.14,0.73,0.00,0.00,0.00,1.00,4,4519,-57.1,0.27,-0.12,1.30,30.30,488,601,7008,0.0851,0.159,-0.001,-0.099,3.25,-3.92,1125,-62,3123,0,0,3930,0.0584,-0.084,-0.001,-0.099,3.32,-3.85,1101,-49,1874,0,0,6124,0.0907,0.101,-0.014,-0.086,5.28,-1.89,1110,-760,3981,0,0,3541,0.0639,-0.132,0.001,-0.099,5.39,-1.77,1103,21,2442,0,0
82.078,2864.2,-153.60,-7.58,-418.40,133.8,-0.17,0.59,-0.37,0.00,0.00,1.00,4,4474,-56.7,0.21,0.03,1.64,-8.97,457,593,6057,0.0928,0.064,0.001,-0.099,-6.95,-0.22,1100,57,-4433,0,0,5660,0.0563,-0.017,-0.002,-0.098,-4.73,-2.43,1108,-110,-3302,0,0,4819,0.0915,0.007,-0.006,-0.094,4.88,-2.28,1095,-306,3124,0,0,4433,0.0542,-0.081,-0.011,-0.089,4.86,-2.31,1096,-455,2880,0,0
82.198,2868.6,-149.33,-7.58,-417.22,132.3,-0.37,-0.60,-0.73,0.00,0.00,1.00,4,4462,-56.7,0.20,0.14,-0.19,-68.36,447,579,4037,0.0719,-0.174,0.034,-0.066,-24.75,17.59,1005,264,-3534,0,0,7232,0.0849,0.238,0.009,-0.091,-19.87,12.71,1067,157,-6092,0,0,3375,0.0653,-0.219,0.007,-0.093,-1.98,-5.18,1077,307,-896,0,0,6039,0.0782,0.200,-0.013,-0.087,-1.88,-5.28,1109,-1057,-1475,0,0
82.318,2873.0,-145.15,-7.58,-415.93,130.7,-0.23,-1.10,0.00,1.00,0.00,1.00,4,4441,98.5,0.39,0.25,-1.63,-62.51,404,565,3827,0.0526,-0.161,-0.001,-0.099,-4.09,-3.07,1052,-36,-2097,0,0,5458,0.1034,0.155,0.004,-0.096,-3.91,-3.25,1101,67,-2819,0,0,3320,0.0446,-0.173,0.027,-0.073,-8.53,1.37,1084,475,-2764,0,0,6133,0.0958,0.147,-0.008,-0.092,-8.15,0.99,1093,-259,-4853,0,0
82.438,2877.4,-141.05,-7.58,-414.49,130.1,0.13,-1.44,0.00,1.00,0.00,1.00,4,4592,286.5,1.62,0.09,-2.25,-49.23,380,560,3497,0.0411,-0.095,-0.001,-0.099,-8.46,1.30,1042,-25,-2927,0,0,7144,0.1099,0.054,-0.001,-0.099,-8.16,1.00,1080,-58,-5576,0,0,3253,0.0387,-0.049,0.079,-0.021,-11.92,4.76,1126,1077,-2737,0,0,7449,0.1075,0.097,0.040,-0.060,-11.50,4.34,1125,1239,-6101,0,0
82.558,2881.7,-137.04,-7.58,-412.85,129.6,0.25,-1.51,0.06,0.96,0.00,1.00,4,4736,364.5,2.04,0.16,-2.40,-44.40,356,556,3399,0.0341,-0.059,-0.001,-0.099,-11.29,4.13,1030,-20,-3017,0,0,6780,0.1063,-0.030,-0.002,-0.098,-10.93,3.77,1064,-67,-5674,0,0,2981,0.0320,-0.056,0.126,0.026,-14.39,7.23,1162,1230,-2420,0,0,6478,0.1043,-0.027,0.087,-0.013,-13.94,6.78,1160,1913,-5234,0,0
82.678,2886.0,-133.14,-7.58,-411.02,129.2,0.33,-1.40,0.39,0.84,0.00,1.00,4,4696,309.9,1.90,0.07,-2.30,-35.96,359,553,3923,0.0330,-0.008,-0.003,-0.097,-2.93,-4.23,1048,-149,-1940,0,0,6504,0.1049,-0.011,-0.001,-0.099,-0.11,-7.05,1079,-89,-645,0,0,3577,0.0336,0.013,0.127,0.027,-16.50,9.34,1151,1304,-2932,0,0,6816,0.1054,0.009,0.095,-0.005,-16.07,8.91,1149,1878,-5501,0,0
82.798,2890.3,-129.30,-7.58,-409.06,129.0,0.04,-0.39,0.77,0.99,0.00,1.00,4,4689,374.2,2.08,0.04,-0.82,38.01,420,550,5754,0.0531,0.167,-0.003,-0.097,9.35,2.19,1073,-91,4714,0,0,4895,0.0849,-0.167,0.007,-0.093,14.39,7.23,1036,130,4301,0,0,5151,0.0573,0.197,0.092,-0.008,-12.65,5.49,1149,1770,-4174,0,0,4443,0.0890,-0.136,0.122,0.022,-13.00,5.83,1149,1874,-3490,0,0
82.918,2894.6,-125.50,-7.58,-407.05,129.5,0.15,-0.40,0.00,1.00,0.00,1.00,4,4628,373.6,2.08,-0.15,-0.18,81.47,468,555,4249,0.0630,0.082,-0.004,-0.096,-6.31,-0.85,1100,-125,-3278,0,0,6331,0.0780,-0.058,-0.006,-0.094,-6.70,-0.47,1035,-261,-4843,0,0,4383,0.0704,0.109,0.021,-0.079,-0.76,-6.40,1127,1295,-798,0,0,6094,0.0843,-0.040,0.074,-0.026,-0.80,-6.36,1117,4563,-997,0,0
83.038,2899.0,-121.68,-7.58,-404.97,130.9,0.34,0.23,0.00,1.00,0.00,1.00,4,4763,389.0,2.16,-0.43,0.47,53.95,505,568,6342,0.0670,0.033,-0.002,-0.098,0.95,-6.21,1104,-237,2039,0,0,3476,0.0672,-0.090,-0.005,-0.095,0.99,-6.17,1058,-247,1364,0,0,6503,0.0843,0.116,0.045,-0.055,4.63,-2.53,1156,2561,3650,0,0,4218,0.0843,0.000,0.086,-0.014,4.82,-2.34,1156,2748,2245,0,0
83.158,2903.4,-117.76,-7.58,-403.00,132.1,0.40,0.91,-0.17,1.00,0.00,1.00,4,4880,392.3,2.19,-0.53,1.98,32.35,497,578,6661,0.0858,0.157,-0.001,-0.099,1.64,-5.52,1104,-97,1533,0,0,3745,0.0447,-0.187,-0.002,-0.098,2.37,-4.79,1077,-107,1307,0,0,7141,0.1056,0.177,0.073,-0.027,7.23,0.07,1183,3130,4885,0,0,3844,0.0639,-0.170,0.101,0.001,7.40,0.24,1186,2218,2599,0,0
83.278,2907.8,-113.76,-7.57,-401.10,133.2,0.26,0.16,-0.51,0.89,0.00,1.00,4,4858,363.8,2.14,-0.49,1.16,-34.98,509,587,4500,0.0754,-0.087,0.008,-0.092,-14.49,7.33,1066,127,-3979,0,0,5574,0.0566,0.099,-0.002,-0.098,-10.75,3.59,1098,-64,-4717,0,0,4642,0.0910,-0.121,0.086,-0.014,4.64,-2.52,1179,2961,2527,0,0,5519,0.0720,0.067,0.060,-0.040,4.53,-2.63,1179,2792,3150,0,0
83.398,2912.2,-109.76,-7.57,-399.17,133.2,0.02,-0.66,-0.82,0.18,0.00,1.00,4,4567,79.8,1.33,-0.29,-0.45,-77.45,502,587,3980,0.0558,-0.163,0.067,-0.033,-32.74,25.58,962,363,-3415,0,0,7310,0.0803,0.197,0.023,-0.077,-26.59,19.43,1036,285,-6049,0,0,3370,0.0671,-0.200,0.035,-0.065,-3.87,-3.29,1111,1322,-1703,0,0,6252,0.0909,0.158,-0.007,-0.093,-3.67,-3.49,1126,-519,-2989,0,0
83.518,2916.6,-105.86,-7.56,-397.14,130.6,-0.38,-1.41,0.00,0.00,0.00,1.00,4,4367,-56.0,0.36,0.09,-1.91,-72.10,393,564,3912,0.0454,-0.087,0.051,-0.049,-40.23,33.07,840,213,-3331,0,0,8094,0.1097,0.245,0.015,-0.085,-33.64,26.48,933,155,-6515,0,0,2603,0.0401,-0.225,0.019,-0.081,-10.67,3.51,1063,251,-2308,0,0,6767,0.1043,0.112,-0.023,-0.077,-10.13,2.97,1075,-776,-5551,0,0
83.638,2920.9,-102.14,-7.55,-394.97,128.5,-0.10,-1.54,0.00,1.00,0.00,1.00,4,4369,149.0,0.62,0.37,-2.36,-66.93,310,549,3582,0.0402,-0.043,0.001,-0.099,-11.39,4.23,1011,23,-3170,0,0,7370,0.1160,0.053,-0.001,-0.099,-10.84,3.68,1062,-19,-6093,0,0,2731,0.0270,-0.108,0.059,-0.041,-16.11,8.95,1071,500,-2438,0,0,6350,0.1028,-0.013,0.007,-0.093,-15.35,8.19,1072,99,-5457,0,0
83.758,2925.2,-98.57,-7.54,-392.64,127.0,0.20,-1.61,0.00,1.00,0.00,1.00,4,4564,309.3,1.74,0.26,-2.45,-63.21,283,537,3542,0.0356,-0.039,0.003,-0.097,-16.46,9.29,979,31,-3185,0,0,7064,0.1145,-0.012,0.000,-0.100,-15.70,8.53,1025,-4,-6000,0,0,3199,0.0276,0.005,0.146,0.046,-20.86,13.69,1119,1030,-2657,0,0,7163,0.1066,0.031,0.089,-0.011,-19.92,12.76,1118,1451,-5846,0,0
83.878,2929.4,-95.16,-7.54,-390.16,125.5,0.31,-1.58,0.29,0.03,0.00,1.00,4,4299,-59.4,1.12,0.24,-2.35,-59.80,261,525,3427,0.0326,-0.025,-0.008,-0.092,-13.50,6.33,969,-118,-3082,0,0,6733,0.1082,-0.053,-0.006,-0.094,-10.90,3.74,1025,-184,-5664,0,0,3156,0.0297,0.017,0.123,0.023,-25.12,17.95,1050,758,-2681,0,0,6801,0.1056,-0.008,0.069,-0.031,-24.05,16.89,1049,960,-5617,0,0
83.998,2933.6,-91.94,-7.53,-387.54,123.5,0.25,-1.49,0.00,1.00,0.00,1.00,4,3962,136.0,0.85,0.24,-2.21,-47.40,246,509,3784,0.0338,0.010,0.075,-0.025,-25.06,17.90,967,547,-3318,0,0,6858,0.1061,-0.018,0.065,-0.035,-24.17,17.01,996,891,-5753,0,0,3325,0.0322,0.021,0.077,-0.023,-28.26,21.10,971,413,-2890,0,0,6727,0.1041,-0.013,0.034,-0.066,-27.29,20.13,971,354,-5599,0,0
84.118,2937.6,-88.92,-7.53,-384.80,120.8,0.20,-1.64,0.07,0.20,0.00,1.00,4,4248,322.5,1.79,0.29,-2.30,-41.65,209,488,3589,0.0333,-0.004,0.008,-0.092,-27.43,20.26,871,48,-3149,0,0,7029,0.1079,0.015,0.000,-0.100,-26.56,19.39,897,-4,-5844,0,0,3086,0.0314,-0.007,0.204,0.104,-30.24,23.08,1043,885,-2526,0,0,6880,0.1060,0.016,0.158,0.058,-29.32,22.15,1041,1527,-5441,0,0
84.238,2941.6,-86.11,-7.53,-381.98,118.2,0.27,-1.60,0.45,0.27,0.00,1.00,4,3677,2.2,0.67,0.34,-2.34,-38.97,188,468,3444,0.0318,-0.013,-0.021,-0.079,-16.16,9.00,898,-220,-3091,0,0,7110,0.1071,-0.007,-0.013,-0.087,-12.35,5.19,948,-359,-6009,0,0,3083,0.0305,-0.007,0.082,-0.018,-31.94,24.78,899,377,-2669,0,0,6719,0.1051,-0.007,0.043,-0.057,-31.01,23.84,899,435,-5541,0,0
84.358,2945.5,-83.51,-7.53,-379.07,115.7,0.27,-1.50,0.78,0.00,0.00,0.88,4,3384,-49.0,0.46,0.33,-2.17,-24.64,185,449,4009,0.0337,0.016,-0.004,-0.096,-5.90,-1.26,935,-143,-3000,0,0,6558,0.1058,-0.012,-0.001,-0.099,0.25,-6.92,960,-65,-231,0,0,3555,0.0333,0.023,0.022,-0.078,-32.51,25.35,827,130,-3086,0,0,6510,0.1053,0.002,-0.002,-0.098,-31.88,24.72,828,9,-5398,0,0
84.478,2949.3,-81.10,-7.53,-376.12,113.0,-0.05,-1.18,0.00,0.00,0.00,0.40,4,3195,-47.7,0.22,0.35,-1.75,11.11,218,426,3664,0.0422,0.071,0.032,-0.068,-29.07,21.91,850,210,-3190,0,0,7084,0.1007,-0.042,0.010,-0.090,-29.31,22.15,824,161,-5843,0,0,3358,0.0412,0.066,-0.052,-0.048,-28.33,21.17,782,-282,-2933,0,0,6292,0.1002,-0.042,-0.041,-0.059,-28.57,21.41,783,-400,-5250,0,0
84.598,2953.0,-78.92,-7.54,-373.14,109.5,-0.15,-1.64,0.00,0.00,0.00,0.28,3,3211,-47.7,0.20,0.46,-2.28,15.24,187,400,3775,0.0369,-0.044,-0.011,-0.089,-24.46,17.30,825,-78,-3322,0,0,7675,0.1125,0.098,-0.011,-0.089,-24.76,17.60,814,-147,-6330,0,0,2782,0.0307,-0.087,-0.059,-0.041,-23.36,16.19,781,-302,-2473,0,0,10946,0.1047,0.038,-0.046,-0.054,-23.64,16.48,782,-659,-7916,0,0
84.718,2956.6,-76.96,-7.54,-370.15,106.0,-0.27,-1.59,0.23,0.00,0.00,1.00,3,4144,-54.4,0.20,0.58,-2.38,14.71,182,375,3861,0.0389,0.016,-0.018,-0.082,-13.76,6.60,847,-235,-3448,0,0,7539,0.1170,0.038,-0.015,-0.085,-12.72,5.56,843,-394,-6336,0,0,2766,0.0248,-0.049,-0.074,-0.026,-18.38,11.22,775,-567,-2441,0,0,6308,0.1029,-0.015,-0.057,-0.043,-18.61,11.45,778,-950,-5313,0,0
84.838,2960.1,-75.22,-7.54,-367.13,104.1,-0.12,-1.29,0.00,0.00,0.00,1.00,3,4325,-55.7,0.20,0.52,-2.04,32.89,214,359,4314,0.0421,0.027,0.022,-0.078,-14.96,7.80,869,340,-3743,0,0,6562,0.1104,-0.055,0.022,-0.078,-15.40,8.24,841,510,-5432,0,0,3635,0.0308,0.050,-0.047,-0.053,-12.23,5.06,811,-708,-3181,0,0,5556,0.0995,-0.029,-0.021,-0.079,-12.59,5.43,809,-457,-4801,0,0
84.958,2963.5,-73.67,-7.55,-364.06,102.8,-0.08,-1.51,0.00,1.00,0.00,1.00,3,4622,188.5,1.11,0.39,-2.17,29.18,243,350,4547,0.0379,-0.035,-0.003,-0.097,-7.60,0.44,856,-92,-3694,0,0,7215,0.1127,0.019,-0.003,-0.097,-7.80,0.64,833,-158,-5657,0,0,3215,0.0308,0.000,0.010,-0.090,-5.07,-2.09,868,286,-2236,0,0,6663,0.1043,0.041,0.033,-0.067,-5.21,-1.95,864,1779,-4355,0,0
85.078,2967.0,-72.27,-7.56,-360.92,103.5,0.21,-0.94,0.00,1.00,0.00,1.00,3,4731,337.0,1.89,0.16,-1.46,14.84,281,355,4615,0.0440,0.051,-0.001,-0.099,-2.43,-4.74,863,-91,-1820,0,0,5661,0.1002,-0.104,-0.002,-0.098,-2.46,-4.70,851,-135,-2225,0,0,4563,0.0437,0.107,0.027,-0.073,-1.12,-6.04,888,1639,-879,0,0,5466,0.0999,-0.037,0.038,-0.062,-1.14,-6.02,885,2615,-1032,0,0
85.198,2970.4,-70.90,-7.58,-357.72,104.9,0.33,-0.24,0.00,1.00,0.00,1.00,3,4805,378.4,2.11,-0.11,-0.22,5.92,318,365,5221,0.0559,0.100,-0.001,-0.099,-0.42,-6.74,871,-105,-399,0,0,4749,0.0790,-0.177,-0.002,-0.098,-0.42,-6.74,867,-110,-368,0,0,5532,0.0687,0.209,0.032,-0.068,0.10,-7.06,900,2368,55,0,0,5166,0.0920,-0.066,0.037,-0.063,0.10,-7.06,900,2525,52,0,0
85.318,2974.0,-69.53,-7.59,-354.47,106.4,0.35,0.02,0.00,1.00,0.00,1.00,3,4880,389.4,2.18,-0.23,0.55,2.33,337,375,5332,0.0645,0.071,-0.001,-0.099,0.18,-6.98,882,-112,139,0,0,4910,0.0672,-0.098,-0.002,-0.098,0.18,-6.98,880,-116,132,0,0,5512,0.0826,0.116,0.035,-0.065,0.38,-6.78,914,2538,318,0,0,5028,0.0852,-0.056,0.037,-0.063,0.38,-6.78,914,2468,292,0,0
85.438,2977.5,-68.12,-7.60,-351.18,107.9,0.35,0.32,0.28,1.00,0.00,1.00,3,4957,391.8,2.19,-0.31,1.20,14.43,349,386,6112,0.0725,0.067,-0.002,-0.098,6.50,-0.66,892,-112,4333,0,0,4130,0.0600,-0.060,0.000,-0.100,8.03,0.87,880,-5,3308,0,0,6048,0.0914,0.074,0.032,-0.068,0.78,-6.38,929,2587,661,0,0,4502,0.0789,-0.052,0.045,-0.055,0.79,-6.37,929,2553,497,0,0
85.558,2981.2,-66.61,-7.60,-347.90,108.9,0.29,0.74,0.00,1.00,0.00,1.00,3,5059,390.9,2.20,-0.27,2.06,27.74,342,393,5896,0.0849,0.103,-0.001,-0.099,0.91,-6.26,912,-94,678,0,0,4309,0.0480,-0.100,-0.002,-0.098,0.93,-6.23,890,-122,521,0,0,5958,0.1018,0.087,0.037,-0.063,3.21,-3.95,948,2377,2586,0,0,4676,0.0651,-0.116,0.063,-0.037,3.29,-3.87,946,2853,1986,0,0
85.678,2984.8,-65.01,-7.61,-344.61,110.4,0.38,0.62,0.06,1.00,0.00,1.00,3,5127,389.4,2.20,-0.28,2.06,14.16,352,404,5968,0.0831,-0.015,-0.001,-0.099,4.19,-2.97,917,-79,3043,0,0,4100,0.0478,-0.001,-0.001,-0.099,4.65,-2.51,905,-48,2303,0,0,5923,0.0995,-0.019,0.044,-0.056,3.39,-3.77,960,2665,2725,0,0,4348,0.0642,-0.007,0.057,-0.043,3.44,-3.73,961,2451,2002,0,0
85.798,2988.5,-63.28,-7.62,-341.34,111.3,0.30,1.08,0.00,1.00,0.00,1.00,3,5191,387.8,2.20,-0.28,2.66,27.08,346,410,6759,0.0923,0.077,-0.008,-0.092,1.71,-5.45,927,-721,4097,0,0,3687,0.0414,-0.054,-0.020,-0.080,1.75,-5.41,895,-722,2563,0,0,6902,0.1050,0.045,0.041,-0.059,3.89,-3.27,972,2831,3439,0,0,3573,0.0540,-0.085,0.069,-0.031,3.98,-3.18,973,2196,1784,0,0
85.918,2992.3,-61.41,-7.62,-338.10,112.7,0.38,0.78,0.00,1.00,0.00,1.00,3,5269,386.1,2.20,-0.25,2.49,16.11,351,420,5972,0.0888,-0.030,-0.002,-0.098,2.97,-4.20,937,-115,2556,0,0,4073,0.0428,0.012,-0.002,-0.098,3.01,-4.16,924,-102,1819,0,0,5724,0.1001,-0.041,0.051,-0.049,4.26,-2.90,987,2654,3094,0,0,4107,0.0541,0.000,0.066,-0.034,4.32,-2.84,988,2367,2205,0,0
86.038,2996.0,-59.41,-7.62,-334.89,114.0,0.38,0.80,-0.15,1.00,0.00,1.00,3,5292,385.5,2.20,-0.33,2.42,7.88,369,430,6100,0.0874,-0.012,-0.002,-0.098,0.36,-6.81,946,-104,980,0,0,4287,0.0432,0.003,-0.002,-0.098,0.84,-6.32,940,-137,950,0,0,6072,0.1015,0.012,0.046,-0.054,3.55,-3.61,991,2771,2891,0,0,4286,0.0567,0.021,0.054,-0.046,3.58,-3.59,992,2302,2066,0,0
86.158,2999.9,-57.35,-7.62,-331.67,115.2,0.29,-0.23,0.00,1.00,0.00,1.00,3,5306,385.2,2.20,-0.38,0.95,-39.45,394,440,3983,0.0683,-0.159,-0.003,-0.097,3.14,-4.02,938,-430,-532,0,0,6200,0.0638,0.171,0.001,-0.099,3.04,-4.12,972,-235,-81,0,0,4390,0.0847,-0.140,0.056,-0.044,-0.01,-7.15,993,2959,145,0,0,6177,0.0802,0.196,0.025,-0.075,-0.01,-7.15,995,2155,206,0,0
86.278,3003.7,-55.28,-7.63,-328.40,116.7,0.35,-0.12,0.00,1.00,0.00,1.00,3,5374,383.6,2.20,-0.37,0.46,-17.74,405,452,4555,0.0617,-0.055,-0.002,-0.098,-0.82,-6.34,959,-115,-534,0,0,5559,0.0693,0.046,-0.001,-0.099,-0.81,-6.35,973,-99,-633,0,0,4795,0.0804,-0.035,0.048,-0.052,-2.23,-4.93,1006,2617,-1519,0,0,5637,0.0881,0.066,0.034,-0.066,-2.20,-4.97,1007,2276,-1793,0,0
86.398,3007.7,-53.24,-7.63,-325.05,118.1,0.34,-0.50,0.00,1.00,0.00,1.00,3,5434,382.1,2.20,-0.39,-0.04,-7.75,414,462,4395,0.0551,-0.055,-0.002,-0.098,-1.50,-5.66,974,-106,-1033,0,0,5906,0.0771,0.065,-0.001,-0.099,-1.49,-5.67,980,-116,-1346,0,0,4585,0.0737,-0.056,0.044,-0.056,-2.11,-5.06,1018,2362,-1422,0,0,5826,0.0949,0.057,0.037,-0.063,-2.09,-5.07,1018,2547,-1787,0,0
86.517,3011.6,-51.24,-7.63,-321.63,119.4,0.34,-0.39,0.16,1.00,0.00,1.00,3,5484,380.9,2.20,-0.38,-0.06,1.45,423,473,4825,0.0538,-0.012,-0.002,-0.098,0.86,-6.30,989,-135,668,0,0,5254,0.0768,-0.002,-0.001,-0.099,1.39,-5.77,988,-92,1152,0,0,4953,0.0733,-0.003,0.037,-0.063,-1.47,-5.69,1028,2343,-1126,0,0,5319,0.0963,0.012,0.038,-0.062,-1.47,-5.69,1027,2504,-1201,0,0
86.637,3015.6,-49.21,-7.63,-318.18,120.7,0.29,0.24,0.00,1.00,0.00,1.00,3,5541,379.6,2.20,-0.37,0.98,21.60,432,483,5490,0.0686,0.124,-0.001,-0.099,-0.44,-6.72,1008,-99,-513,0,0,4857,0.0630,-0.115,-0.002,-0.098,-0.45,-6.71,990,-126,-468,0,0,5508,0.0864,0.109,0.029,-0.071,1.18,-5.98,1039,2132,918,0,0,4817,0.0805,-0.132,0.045,-0.055,1.20,-5.96,1037,2719,799,0,0
86.757,3019.7,-47.14,-7.63,-314.70,122.0,0.33,0.26,0.00,1.00,0.00,1.00,3,5605,378.0,2.20,-0.44,1.33,9.26,442,494,5592,0.0727,0.034,-0.001,-0.099,1.11,-6.05,1014,-111,946,0,0,4443,0.0591,-0.033,-0.002,-0.098,1.12,-6.04,1006,-107,771,0,0,5756,0.0911,0.039,0.034,-0.066,1.81,-5.35,1050,2426,1540,0,0,4793,0.0775,-0.025,0.041,-0.059,1.82,-5.34,1050,2424,1291,0,0
86.877,3023.8,-45.00,-7.63,-311.21,123.4,0.33,0.37,0.00,1.00,0.00,1.00,3,5665,376.6,2.20,-0.43,1.60,3.95,450,505,5617,0.0756,0.024,-0.001,-0.099,1.26,-5.90,1023,-115,1107,0,0,4488,0.0548,-0.036,-0.002,-0.098,1.27,-5.89,1019,-105,903,0,0,5617,0.0939,0.023,0.036,-0.064,1.56,-5.60,1061,2526,1316,0,0,4666,0.0731,-0.037,0.039,-0.061,1.56,-5.60,1062,2314,1105,0,0
86.997,3027.9,-42.80,-7.63,-307.71,124.7,0.32,0.29,-0.07,1.00,0.00,1.00,3,5717,375.4,2.20,-0.45,1.57,0.36,462,516,5445,0.0760,0.003,-0.001,-0.099,-1.85,-5.31,1033,-80,-970,0,0,4850,0.0561,0.011,-0.001,-0.099,-1.31,-5.85,1032,-111,-566,0,0,5438,0.0935,-0.003,0.034,-0.066,1.15,-6.02,1071,2496,955,0,0,5068,0.0732,0.001,0.037,-0.063,1.15,-6.02,1071,2437,903,0,0
87.117,3032.1,-40.56,-7.63,-304.17,126.0,0.31,-0.05,0.00,1.00,0.00,1.00,3,5774,373.9,2.20,-0.42,1.03,-8.91,471,527,5013,0.0677,-0.069,-0.002,-0.098,0.43,-6.74,1040,-117,389,0,0,5077,0.0628,0.056,-0.001,-0.099,0.42,-6.74,1047,-104,391,0,0,5086,0.0860,-0.062,0.038,-0.062,-0.22,-6.94,1081,2566,-144,0,0,5135,0.0812,0.067,0.032,-0.068,-0.22,-6.94,1082,2235,-146,0,0
87.237,3036.3,-38.30,-7.63,-300.60,127.4,0.32,-0.09,0.00,1.00,0.00,1.00,3,5835,372.5,2.20,-0.41,0.81,-3.95,481,538,5017,0.0650,-0.023,-0.001,-0.099,-0.26,-6.90,1053,-113,-199,0,0,5382,0.0664,0.030,-0.001,-0.099,-0.26,-6.90,1056,-112,-211,0,0,5011,0.0825,-0.030,0.036,-0.064,-0.55,-6.61,1093,2418,-418,0,0,5294,0.0833,0.018,0.033,-0.067,-0.55,-6.61,1093,2368,-440,0,0
87.357,3040.6,-36.04,-7.63,-296.98,128.7,0.32,-0.15,0.00,1.00,0.00,1.00,3,5891,371.1,2.20,-0.43,0.65,-1.65,491,549,4842,0.0625,-0.021,-0.001,-0.099,-0.36,-6.80,1065,-107,-276,0,0,5218,0.0681,0.014,-0.001,-0.099,-0.36,-6.80,1066,-110,-296,0,0,5061,0.0811,-0.012,0.035,-0.065,-0.48,-6.68,1104,2362,-374,0,0,5378,0.0867,0.028,0.033,-0.067,-0.48,-6.69,1104,2412,-396,0,0
87.477,3044.9,-33.77,-7.62,-293.31,130.0,0.31,-0.13,0.00,1.00,0.00,1.00,3,5954,369.6,2.20,-0.40,0.64,-0.68,501,561,4945,0.0621,-0.004,-0.001,-0.099,-0.28,-6.88,1076,-109,-221,0,0,5362,0.0680,-0.001,-0.001,-0.099,-0.28,-6.88,1077,-115,-237,0,0,5029,0.0796,-0.012,0.035,-0.065,-0.33,-6.84,1115,2353,-255,0,0,5222,0.0856,-0.009,0.034,-0.066,-0.33,-6.84,1115,2398,-265,0,0
87.597,3049.3,-31.49,-7.62,-289.59,131.4,0.31,-0.09,0.00,1.00,0.00,1.00,3,6009,368.2,2.20,-0.43,0.72,-0.23,512,572,4957,0.0634,0.011,-0.001,-0.099,-0.16,-7.00,1087,-108,-133,0,0,5036,0.0678,-0.002,-0.001,-0.099,-0.16,-7.00,1088,-108,-134,0,0,5218,0.0812,0.013,0.033,-0.067,-0.18,-6.98,1126,2363,-149,0,0,5287,0.0856,0.000,0.033,-0.067,-0.18,-6.98,1126,2378,-151,0,0
87.717,3053.7,-29.19,-7.62,-285.83,132.7,0.31,-0.06,0.00,1.00,0.00,1.00,3,6072,366.0,2.20,-0.40,0.80,-0.05,521,584,5046,0.0638,0.003,-0.001,-0.099,-0.07,-7.10,1098,-110,-55,0,0,5063,0.0662,-0.013,-0.001,-0.099,-0.07,-7.10,1098,-110,-55,0,0,5101,0.0814,0.001,0.034,-0.066,-0.07,-7.09,1138,2353,-57,0,0,5115,0.0838,-0.015,0.034,-0.066,-0.07,-7.09,1138,2356,-57,0,0
87.837,3058.1,-26.88,-7.62,-282.03,134.0,0.31,-0.04,0.00,1.00,0.00,1.00,3,6138,363.6,2.20,-0.43,0.87,-0.01,532,595,5167,0.0655,0.014,-0.001,-0.099,0.00,-7.16,1109,-113,-1,0,0,5110,0.0665,0.003,-0.001,-0.099,0.00,-7.16,1109,-112,-1,0,0,5307,0.0822,0.007,0.035,-0.065,0.00,-7.16,1149,2509,25,0,0,5259,0.0832,-0.004,0.034,-0.066,0.00,-7.16,1150,2461,-2,0,0
87.957,3062.6,-24.55,-7.62,-278.19,135.3,0.30,-0.02,0.00,1.00,0.00,1.00,3,6190,361.9,2.20,-0.40,0.92,0.01,540,606,5067,0.0650,-0.004,-0.001,-0.099,0.05,-7.12,1120,-110,37,0,0,5013,0.0649,-0.014,-0.001,-0.099,0.05,-7.12,1120,-109,37,0,0,5092,0.0825,0.002,0.034,-0.066,0.05,-7.12,1159,2336,36,0,0,5048,0.0823,-0.008,0.034,-0.066,0.05,-7.12,1159,2319,36,0,0
88.077,3067.1,-22.20,-7.62,-274.32,136.5,0.30,-0.01,0.00,1.00,0.00,1.00,3,6244,359.9,2.20,-0.42,0.95,0.00,551,618,5195,0.0661,0.009,-0.001,-0.099,0.07,-7.09,1131,-112,59,0,0,5127,0.0656,0.006,-0.001,-0.099,0.07,-7.09,1131,-111,59,0,0,5169,0.0825,0.000,0.033,-0.067,0.07,-7.09,1170,2330,58,0,0,5252,0.0814,-0.007,0.033,-0.067,0.07,-7.09,1170,2363,59,0,0
88.197,3071.7,-19.81,-7.61,-270.42,137.6,0.26,0.42,0.00,1.00,0.00,1.00,3,6311,357.6,2.20,-0.41,1.62,21.96,555,627,6220,0.0744,0.069,-0.003,-0.097,-0.36,-6.80,1147,-366,1448,0,0,3957,0.0562,-0.078,-0.006,-0.094,-0.36,-6.80,1127,-406,1225,0,0,5934,0.0911,0.072,0.028,-0.072,1.08,-6.09,1182,2265,894,0,0,4039,0.0729,-0.071,0.044,-0.056,1.09,-6.07,1182,2268,617,0,0
