Time_s,Distance_m,PosX,PosY,PosZ,Speed_Kmh,Accel_Long_G,Accel_Lat_G,Raw_Steer,Raw_Throttle,Raw_Brake,Clutch,Gear,RPM,Torque_Nm,Boost_Bar,Pitch,Roll,YawRate,Aero_DownN,Aero_DragN,FL_Load_N,FL_Travel_m,FL_DamperVel_ms,FL_Slip,FL_SlipDelta,FL_SlipAng_deg,FL_LatDelta,FL_WheelRPM,FL_LongForce_N,FL_LatForce_N,FL_ActBrakeTrq_Nm,FL_ABS_Active,FR_Load_N,FR_Travel_m,FR_DamperVel_ms,FR_Slip,FR_SlipDelta,FR_SlipAng_deg,FR_LatDelta,FR_WheelRPM,FR_LongForce_N,FR_LatForce_N,FR_ActBrakeTrq_Nm,FR_ABS_Active,RL_Load_N,RL_Travel_m,RL_DamperVel_ms,RL_Slip,RL_SlipDelta,RL_SlipAng_deg,RL_LatDelta,RL_WheelRPM,RL_LongForce_N,RL_LatForce_N,RL_ActBrakeTrq_Nm,RL_ABS_Active,RR_Load_N,RR_Travel_m,RR_DamperVel_ms,RR_Slip,RR_SlipDelta,RR_SlipAng_deg,RR_LatDelta,RR_WheelRPM,RR_LongForce_N,RR_LatForce_N,RR_ActBrakeTrq_Nm,RR_ABS_Active
0.120,0.6,-162.97,-23.78,-254.77,19.8,-0.16,0.00,0.00,0.00,0.00,0.97,1,2185,-40.5,0.20,0.18,1.83,-0.01,10,13,3354,0.0061,0.051,-0.003,-0.097,0.19,-6.97,164,-16,106,0,0,3299,0.0049,0.041,0.000,-0.100,0.19,-6.97,165,-24,105,0,0,2756,-0.0063,-0.053,-0.021,-0.079,0.20,-6.97,161,-756,93,0,0,2648,-0.0090,-0.075,-0.021,-0.079,0.20,-6.97,161,-745,90,0,0
0.240,1.2,-163.13,-23.78,-255.39,19.2,-0.15,0.00,0.00,0.00,0.00,0.42,1,2118,-40.0,0.20,0.12,1.85,0.01,10,12,3414,0.0045,-0.013,-0.001,-0.099,0.18,-6.98,159,-30,101,0,0,3306,0.0029,-0.017,-0.001,-0.099,0.18,-6.98,159,-31,98,0,0,2802,-0.0039,0.020,-0.018,-0.082,0.19,-6.97,156,-787,85,0,0,2747,-0.0058,0.027,-0.018,-0.082,0.19,-6.97,156,-780,84,0,0
0.360,1.8,-163.28,-23.78,-256.00,18.7,-0.11,0.00,0.00,0.00,0.00,0.00,1,1952,-38.9,0.20,0.13,1.86,0.00,9,12,3362,0.0040,-0.004,-0.002,-0.098,0.20,-6.96,155,-34,107,0,0,3273,0.0021,-0.007,-0.001,-0.099,0.20,-6.96,155,-32,105,0,0,2874,-0.0023,0.013,0.021,-0.079,0.20,-6.96,158,-8,96,0,0,2788,-0.0045,0.011,0.021,-0.079,0.20,-6.96,158,-33,92,0,0
0.480,2.5,-163.43,-23.78,-256.60,18.3,-0.10,0.00,0.00,1.00,0.00,0.30,1,2161,132.9,0.23,0.14,1.86,0.03,8,11,3406,0.0031,-0.007,-0.001,-0.099,0.19,-6.97,151,-42,109,0,0,3325,0.0012,-0.007,-0.001,-0.099,0.19,-6.97,151,-42,106,0,0,2808,-0.0013,0.009,0.007,-0.093,0.20,-6.97,164,-50,90,0,0,2734,-0.0034,0.009,0.007,-0.093,0.20,-6.97,164,-62,88,0,0
0.600,3.1,-163.59,-23.79,-257.22,19.7,0.33,0.00,0.19,1.00,0.00,0.90,1,2537,157.0,0.37,-0.07,1.86,0.20,11,13,2833,-0.0020,-0.043,-0.002,-0.098,3.08,-4.08,163,-72,417,0,0,2709,-0.0038,-0.041,-0.001,-0.099,3.75,-3.41,163,-62,470,0,0,3308,0.0039,0.044,0.251,0.151,0.21,-6.96,160,2787,95,0,0,3206,0.0021,0.046,0.254,0.154,0.21,-6.96,161,2722,92,0,0
0.720,3.8,-163.77,-23.79,-257.88,21.2,0.35,0.28,0.00,0.87,0.00,1.00,1,2700,159.8,0.52,-0.33,2.38,15.95,14,15,3552,0.0005,0.021,-0.005,-0.095,11.04,3.87,178,-83,3048,0,0,2073,-0.0147,-0.091,-0.002,-0.098,14.32,7.16,165,-18,1888,0,0,3915,0.0169,0.108,0.093,-0.007,0.96,-6.20,199,2921,376,0,0,2721,0.0017,-0.004,0.178,0.078,1.03,-6.13,200,2560,209,0,0
0.840,4.5,-163.99,-23.79,-258.58,22.3,0.26,0.03,0.00,0.00,0.00,1.00,1,2411,-42.1,0.44,-0.40,2.13,5.36,15,16,2825,-0.0024,-0.024,-0.002,-0.098,-1.31,-5.85,186,-12,-1125,0,0,3272,-0.0116,0.026,-0.002,-0.098,-1.35,-5.82,182,-23,-1296,0,0,2857,0.0149,-0.017,-0.044,-0.056,0.91,-6.25,178,-918,615,0,0,3314,0.0057,0.033,-0.028,-0.072,0.93,-6.23,177,-782,753,0,0
0.960,5.2,-164.20,-23.79,-259.28,21.6,-0.15,-0.06,0.00,1.00,0.00,1.00,1,2524,32.3,0.23,-0.05,1.72,-0.88,13,15,3408,-0.0005,0.016,-0.002,-0.098,0.16,-7.00,178,-46,45,0,0,3596,0.0015,0.110,-0.001,-0.099,0.16,-7.00,179,-46,46,0,0,2559,0.0010,-0.116,0.043,-0.057,-0.25,-6.92,187,26,-48,0,0,2756,0.0030,-0.023,0.039,-0.061,-0.24,-6.92,187,-19,-50,0,0
1.080,6.0,-164.42,-23.79,-259.99,23.0,0.31,-0.03,0.06,1.00,0.00,1.00,1,2915,161.8,0.51,-0.15,1.76,-0.07,15,17,2897,-0.0025,-0.017,-0.002,-0.098,0.13,-7.03,191,-85,55,0,0,2839,-0.0016,-0.026,-0.002,-0.098,0.13,-7.03,191,-83,54,0,0,3233,0.0034,0.020,0.239,0.139,0.13,-7.03,188,2660,26,0,0,3212,0.0043,0.011,0.239,0.139,0.13,-7.03,188,2643,26,0,0
1.200,6.8,-164.66,-23.79,-260.75,24.5,0.35,0.17,0.39,0.45,0.00,1.00,1,3086,109.9,0.77,-0.38,2.14,9.98,18,20,3357,-0.0022,0.003,-0.004,-0.096,8.03,0.86,204,-105,2506,0,0,2199,-0.0109,-0.078,-0.004,-0.096,10.36,3.20,195,-26,1844,0,0,3762,0.0133,0.083,0.113,0.013,0.55,-6.61,182,2716,214,0,0,2852,0.0046,0.002,0.154,0.054,0.58,-6.59,182,2516,147,0,0
1.320,7.6,-164.94,-23.78,-261.53,24.9,0.10,0.20,0.00,0.00,0.00,1.00,1,2667,-44.3,0.33,-0.35,2.38,10.99,18,21,3273,0.0038,0.050,-0.001,-0.099,-2.69,-4.47,210,-72,-1433,0,0,3144,-0.0129,-0.016,-0.004,-0.096,-2.81,-4.36,201,-45,-1304,0,0,2942,0.0157,0.019,-0.120,0.020,1.32,-5.84,222,-1094,594,0,0,2953,-0.0011,-0.047,-0.111,0.011,1.38,-5.78,221,372,637,0,0
1.440,8.4,-165.21,-23.78,-262.31,24.7,-0.03,-0.08,0.00,1.00,0.00,1.00,1,2980,163.8,0.38,-0.14,1.79,-0.49,16,20,3216,0.0001,-0.031,-0.001,-0.099,0.11,-7.05,204,-44,-40,0,0,3558,0.0004,0.111,0.001,-0.099,0.11,-7.05,205,-56,-40,0,0,2655,0.0021,-0.113,-0.098,-0.002,-0.08,-7.08,223,-171,63,0,0,2948,0.0021,0.027,-0.100,0.000,-0.08,-7.09,223,-224,71,0,0
1.560,9.3,-165.49,-23.78,-263.08,24.6,-0.03,-0.03,0.00,1.00,0.00,1.00,1,2977,163.8,0.82,-0.08,1.78,-0.05,16,20,3335,0.0010,0.008,-0.001,-0.099,0.10,-7.06,204,-64,46,0,0,3337,0.0025,0.017,-0.001,-0.099,0.10,-7.06,204,-48,44,0,0,2847,-0.0005,-0.021,-0.100,0.000,0.08,-7.08,222,-203,11,0,0,2794,-0.0003,-0.020,-0.100,0.000,0.08,-7.08,222,-211,11,0,0
1.680,10.1,-165.76,-23.78,-263.86,24.5,-0.03,-0.01,0.00,1.00,0.00,1.00,1,2966,174.9,1.06,-0.11,1.85,-0.01,16,20,3311,0.0014,0.003,-0.001,-0.099,0.19,-6.97,203,-47,97,0,0,3221,0.0011,-0.012,-0.001,-0.099,0.19,-6.97,203,-45,94,0,0,2901,-0.0003,0.002,-0.100,0.000,0.19,-6.97,221,-211,86,0,0,2783,-0.0019,-0.013,-0.100,0.000,0.19,-6.97,221,-204,83,0,0
1.800,10.9,-166.03,-23.78,-264.65,26.0,0.37,0.00,0.00,0.27,0.00,1.00,1,3546,53.4,1.12,-0.40,1.89,0.26,20,22,2601,-0.0042,-0.046,-0.004,-0.096,0.20,-6.96,216,-79,88,0,0,2516,-0.0053,-0.053,0.001,-0.099,0.20,-6.96,216,-45,85,0,0,3420,0.0062,0.054,0.037,-0.063,0.33,-6.83,250,3240,84,0,0,3359,0.0037,0.046,0.040,-0.060,0.33,-6.83,250,3183,86,0,0
1.920,11.8,-166.33,-23.78,-265.51,27.9,0.45,0.00,0.00,1.00,0.00,1.00,1,3525,195.3,1.15,-0.60,1.93,0.00,24,26,2767,-0.0089,-0.040,-0.002,-0.098,0.23,-6.93,231,-83,105,0,0,2627,-0.0111,-0.048,-0.002,-0.098,0.23,-6.93,231,-82,100,0,0,3547,0.0136,0.061,0.124,0.024,0.24,-6.92,261,2975,124,0,0,3426,0.0111,0.062,0.125,0.025,0.24,-6.92,261,2890,119,0,0
2.040,12.8,-166.65,-23.78,-266.42,30.0,0.50,0.00,0.00,0.61,0.00,1.00,1,3804,-20.7,0.94,-0.58,1.92,0.35,27,30,2712,-0.0105,-0.013,-0.002,-0.098,0.23,-6.93,248,-93,104,0,0,2643,-0.0124,-0.011,-0.002,-0.098,0.23,-6.93,248,-92,101,0,0,3488,0.0152,0.014,0.015,-0.085,0.33,-6.83,278,3295,106,0,0,3416,0.0130,0.016,0.018,-0.082,0.33,-6.83,278,3233,103,0,0
2.160,13.8,-166.99,-23.77,-267.40,31.9,0.44,0.00,0.00,0.00,0.00,1.00,1,4525,227.1,1.46,-0.49,1.93,0.25,31,34,2796,-0.0101,0.003,-0.002,-0.098,0.23,-6.94,264,-94,103,0,0,2704,-0.0123,0.001,-0.002,-0.098,0.23,-6.94,263,-91,100,0,0,3314,0.0130,-0.018,0.264,0.164,0.29,-6.87,336,3107,62,0,0,3238,0.0108,-0.018,0.265,0.165,0.29,-6.87,336,3038,60,0,0
2.280,14.9,-167.36,-23.77,-268.44,33.7,0.44,0.00,0.00,1.00,0.00,1.00,1,3944,101.6,0.70,-0.48,1.93,0.29,35,38,2856,-0.0101,0.000,-0.001,-0.099,0.24,-6.93,279,-62,111,0,0,2735,-0.0122,0.001,-0.001,-0.099,0.24,-6.93,279,-62,106,0,0,3356,0.0128,-0.002,-0.079,-0.021,0.31,-6.85,291,1303,184,0,0,3252,0.0108,0.000,-0.078,-0.022,0.31,-6.85,291,1316,178,0,0
2.400,16.1,-167.74,-23.78,-269.53,35.5,0.42,0.08,0.27,0.00,0.00,1.00,1,4905,93.3,1.36,-0.46,2.05,4.94,38,42,3092,-0.0077,0.020,-0.004,-0.096,6.52,-0.64,293,-100,2051,0,0,2397,-0.0125,-0.003,-0.002,-0.098,8.14,0.98,289,-40,1809,0,0,3605,0.0137,0.007,0.222,0.122,0.37,-6.79,358,3369,81,0,0,3037,0.0089,-0.016,0.239,0.139,0.38,-6.78,360,2847,65,0,0
2.520,17.3,-168.17,-23.78,-270.67,36.6,0.27,0.12,0.00,1.00,0.00,1.00,1,4364,149.5,0.81,-0.43,2.22,6.22,40,45,3174,-0.0034,0.036,-0.001,-0.099,-0.42,-6.74,305,-9,-385,0,0,2979,-0.0136,-0.009,-0.001,-0.099,-0.42,-6.74,301,-43,-361,0,0,3101,0.0157,0.017,0.067,-0.033,1.13,-6.03,288,-89,592,0,0,3021,0.0055,-0.028,0.084,-0.016,1.15,-6.01,286,562,587,0,0
2.640,18.5,-168.60,-23.78,-271.83,38.1,0.35,0.02,0.00,0.00,0.00,1.00,1,5344,235.8,1.69,-0.37,2.01,1.56,42,48,2843,-0.0046,-0.010,-0.002,-0.098,0.24,-6.92,316,-92,106,0,0,3412,-0.0085,0.042,-0.005,-0.095,0.24,-6.92,314,-26,146,0,0,3312,0.0105,-0.043,0.236,0.136,0.62,-6.54,417,3118,155,0,0,3253,0.0065,0.009,0.240,0.140,0.62,-6.54,418,3061,149,0,0
2.760,19.9,-169.07,-23.78,-273.06,40.1,0.46,0.02,0.00,1.00,0.00,1.00,1,4850,145.6,0.97,-0.54,2.00,0.88,48,53,2831,-0.0078,-0.027,-0.002,-0.098,0.30,-6.87,332,-77,136,0,0,2682,-0.0102,-0.014,-0.002,-0.098,0.30,-6.87,331,-79,129,0,0,3485,0.0135,0.025,0.075,-0.025,0.51,-6.66,357,2679,270,0,0,3308,0.0096,0.025,0.078,-0.022,0.51,-6.65,358,2605,255,0,0
2.880,21.2,-169.57,-23.77,-274.33,42.0,0.45,0.17,0.37,0.00,0.00,1.00,1,5634,41.8,1.33,-0.67,2.28,10.37,55,59,3027,-0.0063,0.012,-0.004,-0.096,9.02,1.86,346,-87,2497,0,0,1870,-0.0156,-0.045,-0.002,-0.098,11.29,4.13,337,-17,1661,0,0,3820,0.0180,0.038,0.067,-0.033,0.85,-6.31,403,3574,270,0,0,2996,0.0075,-0.017,0.100,0.000,0.87,-6.30,403,2853,192,0,0
3.000,22.6,-170.13,-23.77,-275.64,42.6,0.16,0.45,0.00,1.00,0.00,1.00,1,5053,104.3,0.72,-0.47,2.94,24.76,54,60,4068,0.0051,0.095,-0.018,-0.082,-2.99,-4.18,358,-661,3333,0,0,2210,-0.0219,-0.053,-0.047,-0.053,-3.15,-4.01,328,-430,1957,0,0,3821,0.0233,0.044,0.032,-0.068,2.10,-5.07,374,1004,1158,0,0,2073,-0.0041,-0.097,0.085,-0.015,2.21,-4.95,373,1509,604,0,0
3.120,24.1,-170.73,-23.77,-276.95,44.1,0.36,0.09,0.06,0.72,0.00,1.00,1,5598,152.5,1.27,-0.35,2.48,13.33,56,65,2864,0.0011,-0.033,-0.001,-0.099,0.23,-6.94,370,-69,-30,0,0,2884,-0.0138,0.068,-0.002,-0.098,0.23,-6.93,360,-102,-37,0,0,3050,0.0143,-0.075,0.021,-0.079,2.96,-4.21,407,2346,1148,0,0,3064,-0.0006,0.030,0.048,-0.052,3.04,-4.12,407,2622,1031,0,0
3.240,25.6,-171.39,-23.77,-278.31,45.8,0.39,0.35,0.45,0.00,0.00,1.00,1,5410,-63.8,0.69,-0.49,2.66,18.53,62,69,3605,0.0013,0.002,-0.003,-0.097,12.31,5.15,377,-49,3179,0,0,1953,-0.0178,-0.034,0.002,-0.098,15.19,8.03,360,19,1796,0,0,3931,0.0185,0.036,0.025,-0.075,2.78,-4.38,427,1656,1602,0,0,2560,-0.0006,0.000,0.062,-0.038,2.89,-4.27,427,1872,976,0,0
3.360,27.1,-172.11,-23.76,-279.64,45.6,-0.03,0.42,0.00,0.00,0.00,1.00,1,4923,-59.6,0.24,-0.35,2.99,15.59,58,69,3794,0.0119,0.088,-0.001,-0.099,-0.10,-7.06,383,-55,-220,0,0,2875,-0.0177,0.001,0.000,-0.100,-0.10,-7.06,371,-25,-149,0,0,3158,0.0193,0.006,0.035,-0.065,2.99,-4.17,359,-422,1429,0,0,2500,-0.0102,-0.080,0.067,-0.033,3.09,-4.07,356,596,1171,0,0
3.480,28.6,-172.86,-23.76,-280.96,45.4,-0.04,0.19,0.00,1.00,0.00,1.00,1,5164,143.3,0.60,-0.20,2.53,4.38,54,68,3558,0.0092,-0.022,-0.001,-0.099,0.86,-6.30,377,-44,491,0,0,3148,-0.0073,0.086,-0.001,-0.099,0.87,-6.29,374,-51,442,0,0,2929,0.0086,-0.089,0.045,-0.055,1.75,-5.42,356,-54,889,0,0,2637,-0.0079,0.020,0.054,-0.046,1.76,-5.40,355,268,811,0,0
3.600,30.1,-173.64,-23.75,-282.27,46.2,0.19,0.13,0.00,1.00,0.00,1.00,1,5936,286.5,1.73,-0.34,2.33,1.56,58,71,3081,0.0051,-0.034,-0.002,-0.098,0.64,-6.52,383,-91,336,0,0,2857,-0.0052,0.017,-0.002,-0.098,0.64,-6.52,382,-89,313,0,0,3314,0.0077,-0.008,0.140,0.040,0.97,-6.20,389,2972,403,0,0,3027,-0.0038,0.034,0.146,0.046,0.97,-6.19,390,2755,362,0,0
3.720,31.7,-174.46,-23.75,-283.62,48.2,0.48,0.06,0.08,0.00,0.00,1.00,1,6099,-68.6,0.91,-0.75,2.19,1.74,70,77,2350,-0.0055,-0.088,-0.002,-0.098,3.15,-4.01,399,-75,675,0,0,2126,-0.0109,-0.047,-0.002,-0.098,3.75,-3.41,397,-59,703,0,0,3593,0.0136,0.049,0.049,-0.051,0.78,-6.39,446,3328,309,0,0,3486,0.0073,0.092,0.054,-0.046,0.78,-6.38,446,3246,296,0,0
3.840,33.4,-175.33,-23.74,-284.99,49.0,0.19,0.34,0.47,0.64,0.00,1.00,1,5759,97.3,0.83,-0.61,2.67,15.23,71,80,3759,0.0000,0.046,-0.002,-0.098,12.27,5.11,401,-42,3314,0,0,2210,-0.0181,-0.060,0.005,-0.095,15.31,8.15,387,39,2026,0,0,3792,0.0202,0.055,0.034,-0.066,1.12,-6.04,425,1622,597,0,0,2328,0.0011,-0.052,0.064,-0.036,1.15,-6.01,425,1626,359,0,0
3.960,35.0,-176.24,-23.74,-286.37,50.3,0.31,0.21,0.00,0.74,0.00,1.00,1,6516,200.5,1.51,-0.46,2.69,16.08,72,84,2946,0.0029,0.024,-0.001,-0.099,-0.10,-7.06,422,-70,-199,0,0,2778,-0.0163,0.015,-0.002,-0.098,-0.10,-7.06,409,-108,-194,0,0,3109,0.0154,-0.039,0.118,0.018,2.79,-4.37,500,2644,966,0,0,2959,-0.0037,-0.040,0.152,0.052,2.87,-4.29,500,2673,804,0,0
4.080,36.7,-177.21,-23.73,-287.78,52.1,0.43,0.15,0.07,0.91,0.00,1.00,1,6686,209.8,1.45,-0.61,2.41,8.88,80,90,3051,-0.0030,-0.049,-0.002,-0.098,3.24,-3.92,434,-67,1005,0,0,2487,-0.0143,0.016,-0.002,-0.098,3.76,-3.40,426,-58,918,0,0,3584,0.0145,-0.007,0.133,0.033,2.50,-4.66,494,3104,1014,0,0,3118,0.0032,0.058,0.153,0.053,2.54,-4.62,495,2804,822,0,0
4.200,38.5,-178.25,-23.73,-289.21,53.8,0.43,0.37,0.00,0.92,0.00,0.62,1,6744,126.7,1.14,-0.76,2.81,18.09,88,96,3481,0.0015,0.038,-0.002,-0.098,0.12,-7.04,452,-13,560,0,0,2051,-0.0213,-0.058,0.002,-0.098,0.12,-7.04,439,-36,435,0,0,3950,0.0229,0.069,0.097,-0.003,3.14,-4.03,496,2994,1475,0,0,2782,0.0001,-0.026,0.136,0.036,3.24,-3.92,497,2425,916,0,0
4.320,40.3,-179.35,-23.72,-290.67,55.5,0.41,0.22,0.06,1.00,0.00,0.14,1,7078,193.8,1.44,-0.88,2.70,10.36,92,102,3253,0.0005,-0.009,-0.001,-0.099,1.42,-5.75,463,-62,710,0,0,2515,-0.0178,0.029,-0.002,-0.098,1.44,-5.72,455,-77,566,0,0,3652,0.0218,-0.009,0.017,-0.083,3.12,-4.04,471,1467,1689,0,0,2998,0.0024,0.019,0.035,-0.065,3.18,-3.98,470,1713,1359,0,0
4.440,42.2,-180.51,-23.71,-292.12,56.4,0.24,0.27,0.00,0.00,0.00,1.00,2,6699,221.6,1.84,-0.87,2.70,7.50,94,106,2675,0.0010,0.004,-0.001,-0.099,1.40,-5.77,470,-100,595,0,0,2149,-0.0166,0.010,-0.002,-0.098,1.41,-5.75,463,-61,488,0,0,3551,0.0191,-0.022,0.703,0.603,2.58,-4.58,813,2763,215,0,0,3012,0.0000,-0.020,0.726,0.626,2.62,-4.55,814,2344,179,0,0
4.560,44.1,-181.72,-23.70,-293.60,58.0,0.38,0.11,0.00,0.00,0.00,1.00,2,5017,-61.0,0.44,-0.71,2.44,11.61,98,111,2878,-0.0057,-0.055,-0.002,-0.098,1.71,-5.45,483,-89,781,0,0,2557,-0.0160,0.005,-0.002,-0.098,1.75,-5.42,474,-77,709,0,0,3461,0.0158,-0.027,0.326,0.226,3.50,-3.66,652,3008,524,0,0,3099,0.0038,0.031,0.352,0.252,3.56,-3.60,653,2677,445,0,0
4.680,46.0,-182.98,-23.69,-295.10,59.3,0.33,0.28,0.00,1.00,0.00,1.00,2,4096,170.8,0.90,-0.61,2.69,8.06,103,117,3433,-0.0015,0.034,-0.001,-0.099,1.90,-5.26,493,-73,1032,0,0,2296,-0.0187,-0.022,-0.002,-0.098,1.93,-5.24,487,-69,712,0,0,3545,0.0148,-0.009,0.056,-0.044,3.13,-4.03,536,2016,1566,0,0,2523,-0.0024,-0.051,0.070,-0.030,3.17,-3.99,537,1715,1089,0,0
4.800,48.0,-184.32,-23.68,-296.59,60.5,0.31,0.43,0.00,0.56,0.00,1.00,2,4483,283.1,1.78,-0.62,3.09,14.35,107,121,3737,0.0060,0.063,-0.006,-0.094,0.75,-6.41,505,-337,2320,0,0,2020,-0.0220,-0.028,-0.014,-0.086,0.77,-6.39,490,-250,1438,0,0,3922,0.0206,0.049,0.136,0.036,2.86,-4.30,576,3439,1109,0,0,2481,-0.0073,-0.042,0.167,0.067,2.92,-4.24,579,2287,635,0,0
4.920,50.1,-185.72,-23.68,-298.09,62.2,0.41,0.26,0.07,0.51,0.00,1.00,2,4539,253.4,1.76,-0.82,2.90,10.57,115,128,3191,0.0038,-0.018,-0.002,-0.098,1.61,-5.56,519,-89,800,0,0,2567,-0.0180,0.033,-0.002,-0.098,1.63,-5.53,510,-87,660,0,0,3667,0.0214,0.007,0.123,0.023,3.16,-4.01,583,3149,1196,0,0,3050,-0.0016,0.048,0.144,0.044,3.21,-3.96,584,2719,926,0,0
5.040,52.2,-187.20,-23.66,-299.58,63.5,0.33,0.50,0.00,0.79,0.00,1.00,2,4618,320.2,1.80,-0.99,3.19,18.08,120,134,3107,0.0069,0.025,-0.001,-0.099,13.99,6.83,516,-22,2803,0,0,1942,-0.0223,-0.036,0.007,-0.093,16.97,9.81,500,43,1790,0,0,4156,0.0267,0.044,0.113,0.013,3.11,-4.05,594,3385,1431,0,0,2557,-0.0030,-0.012,0.148,0.048,3.19,-3.97,597,2284,791,0,0
5.160,54.3,-188.75,-23.65,-301.06,65.1,0.38,0.32,0.00,0.00,0.00,1.00,2,4697,304.5,1.72,-0.80,3.07,15.08,123,140,3057,0.0000,-0.058,-0.002,-0.098,1.87,-5.29,543,-72,868,0,0,2258,-0.0248,-0.021,-0.002,-0.098,1.91,-5.25,531,-78,662,0,0,3624,0.0246,-0.018,0.112,0.012,3.94,-3.22,605,2795,1585,0,0,2859,-0.0026,0.003,0.138,0.038,4.03,-3.14,606,2399,1151,0,0
5.280,56.5,-190.37,-23.64,-302.54,66.2,0.28,0.33,0.00,0.00,0.00,1.00,2,4284,-55.2,0.59,-0.60,3.00,10.16,126,145,3495,0.0009,0.008,-0.001,-0.099,2.34,-4.83,551,-47,1263,0,0,2368,-0.0220,0.023,-0.001,-0.099,2.37,-4.79,542,-50,883,0,0,3363,0.0159,-0.072,0.007,-0.093,3.72,-3.44,532,168,1845,0,0,2374,-0.0070,-0.037,0.021,-0.079,3.78,-3.39,531,504,1326,0,0
5.400,58.7,-192.03,-23.63,-303.98,65.9,-0.04,0.38,0.00,0.00,0.00,1.00,2,4214,-54.6,0.24,-0.38,3.11,5.19,118,144,4174,0.0098,0.074,-0.001,-0.099,2.08,-5.08,547,-54,1374,0,0,2968,-0.0149,0.060,-0.001,-0.099,2.09,-5.07,543,-29,1003,0,0,3302,0.0130,-0.024,0.016,-0.084,2.79,-4.37,534,-68,1444,0,0,2212,-0.0132,-0.052,0.023,-0.077,2.81,-4.35,533,142,990,0,0
5.520,60.9,-193.73,-23.62,-305.36,65.4,-0.08,0.51,0.39,0.00,0.00,1.00,2,4198,-54.5,0.20,-0.41,3.36,13.29,113,142,4424,0.0186,0.073,-0.001,-0.099,11.78,4.62,536,-15,3856,0,0,2503,-0.0126,0.019,0.006,-0.094,14.29,7.13,524,58,2282,0,0,3580,0.0143,0.011,0.012,-0.088,2.35,-4.81,533,-222,1302,0,0,2176,-0.0176,-0.037,0.030,-0.070,2.39,-4.77,531,327,818,0,0
5.640,63.1,-195.45,-23.60,-306.68,65.0,-0.09,0.46,0.00,0.00,0.00,1.00,2,4159,-54.2,0.20,-0.42,3.44,15.23,110,140,3002,0.0153,-0.027,-0.001,-0.099,1.04,-6.13,543,-16,428,0,0,2202,-0.0170,-0.037,-0.001,-0.099,1.06,-6.10,531,-41,327,0,0,3234,0.0164,0.017,0.011,-0.089,3.14,-4.02,528,-292,1512,0,0,2370,-0.0184,-0.006,0.031,-0.069,3.21,-3.95,525,376,1142,0,0
5.760,65.2,-197.19,-23.59,-307.95,64.7,-0.05,0.40,0.31,0.00,0.00,1.00,2,4131,-54.0,0.20,-0.01,3.27,14.19,103,138,3929,0.0103,-0.042,-0.001,-0.099,9.65,2.49,532,-19,3312,0,0,2332,-0.0164,0.006,0.004,-0.096,11.62,4.46,520,43,2087,0,0,2647,0.0086,-0.065,0.011,-0.089,2.80,-4.36,525,-251,1139,0,0,1230,-0.0181,0.002,0.030,-0.070,2.86,-4.31,523,175,547,0,0
5.880,67.4,-198.96,-23.59,-309.17,64.3,-0.06,0.39,0.06,0.00,0.00,1.00,2,4119,-53.9,0.20,0.04,3.28,13.05,106,137,3724,0.0130,0.022,-0.001,-0.099,1.55,-5.61,537,-40,861,0,0,2798,-0.0148,0.013,-0.001,-0.099,1.58,-5.58,527,-49,669,0,0,3048,0.0057,-0.024,0.012,-0.088,3.39,-3.77,523,-238,1540,0,0,2260,-0.0222,-0.034,0.030,-0.070,3.46,-3.71,521,299,1173,0,0
6.000,69.5,-200.76,-23.59,-310.32,63.9,-0.08,0.55,0.40,0.00,0.00,1.00,2,4105,-53.8,0.20,-0.14,3.56,17.87,105,135,4606,0.0192,0.052,0.000,-0.100,12.41,5.25,524,-9,4023,0,0,2508,-0.0130,0.016,0.007,-0.093,15.04,7.88,508,55,2290,0,0,3755,0.0132,0.063,0.011,-0.089,3.13,-4.03,521,-296,1746,0,0,1891,-0.0216,0.005,0.036,-0.064,3.22,-3.95,518,375,919,0,0
6.120,71.6,-202.58,-23.58,-311.39,63.0,-0.18,0.69,0.77,0.00,0.00,1.00,2,4053,-53.5,0.20,-0.40,3.97,25.72,101,131,4651,0.0273,0.067,0.010,-0.090,24.75,17.59,487,87,4048,0,0,2375,-0.0167,-0.031,0.041,-0.059,30.19,23.02,460,151,2113,0,0,3908,0.0205,0.061,0.008,-0.092,3.99,-3.17,515,-425,2174,0,0,2007,-0.0235,-0.016,0.044,-0.056,4.15,-3.02,511,525,1168,0,0
6.240,73.7,-204.41,-23.57,-312.37,61.9,-0.20,0.58,0.97,0.00,0.00,1.00,2,3968,-52.9,0.20,-0.06,3.87,23.82,95,127,3639,0.0158,-0.096,0.015,-0.085,34.71,27.55,434,102,3146,0,0,2098,-0.0241,-0.061,0.073,-0.027,42.17,35.01,398,182,1826,0,0,3283,0.0172,-0.027,0.008,-0.092,4.74,-2.42,503,-328,2098,0,0,1840,-0.0249,-0.012,0.043,-0.057,4.91,-2.25,500,419,1218,0,0
6.360,75.8,-206.24,-23.57,-313.26,60.6,-0.26,0.57,0.00,0.00,0.00,1.00,2,3901,-52.4,0.20,0.59,3.82,27.49,82,122,4275,0.0189,0.026,-0.134,0.034,1.78,-5.39,448,-1485,3482,0,0,2566,-0.0191,0.041,-0.222,0.122,1.85,-5.31,385,-1019,2051,0,0,2440,0.0022,-0.125,0.009,-0.091,5.77,-1.39,494,-213,1763,0,0,993,-0.0358,-0.091,0.051,-0.049,6.02,-1.14,492,265,736,0,0
6.480,77.8,-208.08,-23.58,-314.07,60.1,-0.06,0.52,0.07,0.00,0.00,1.00,2,3852,-52.0,0.20,0.42,3.74,21.03,88,120,4065,0.0193,0.003,-0.001,-0.099,3.18,-3.98,505,-41,1869,0,0,2529,-0.0163,0.023,-0.001,-0.099,3.29,-3.87,488,-41,1225,0,0,3395,0.0053,0.025,0.008,-0.092,6.32,-0.84,488,-309,2569,0,0,2064,-0.0304,0.046,0.040,-0.060,6.53,-0.63,486,333,1611,0,0
6.600,79.8,-209.94,-23.59,-314.79,59.5,-0.08,0.75,0.44,0.00,0.00,1.00,2,3826,-51.8,0.20,0.06,4.21,21.10,89,117,4883,0.0264,0.059,0.001,-0.099,15.53,8.37,483,19,4297,0,0,2291,-0.0177,-0.011,0.012,-0.088,18.53,11.36,465,78,2097,0,0,4079,0.0201,0.124,0.011,-0.089,5.61,-1.55,485,-293,2879,0,0,1764,-0.0278,0.021,0.043,-0.057,5.80,-1.36,482,346,1301,0,0
6.720,81.7,-211.81,-23.59,-315.40,58.5,-0.18,0.78,0.79,0.00,0.00,1.00,2,3757,-51.4,0.20,-0.27,4.44,22.81,86,113,4717,0.0311,0.040,0.010,-0.090,27.17,20.01,443,81,4078,0,0,2313,-0.0197,-0.016,0.044,-0.056,32.84,25.68,416,142,2048,0,0,4043,0.0241,0.033,0.009,-0.091,5.48,-1.68,476,-359,2813,0,0,2032,-0.0267,0.010,0.045,-0.055,5.69,-1.48,473,422,1473,0,0
6.840,83.7,-213.66,-23.59,-315.92,57.4,-0.20,0.60,0.98,0.28,0.00,1.00,2,3682,-8.0,0.23,0.20,4.11,17.79,79,109,3907,0.0184,-0.106,-0.002,-0.098,35.78,28.62,388,11,3357,0,0,2230,-0.0259,-0.052,0.042,-0.058,43.29,36.12,353,123,1940,0,0,3250,0.0181,-0.050,0.012,-0.088,5.02,-2.14,464,-243,2185,0,0,1901,-0.0245,0.018,0.040,-0.060,5.17,-2.00,462,336,1320,0,0
6.960,85.5,-215.49,-23.60,-316.34,56.0,-0.27,0.57,0.00,1.00,0.00,1.00,2,3695,160.8,0.84,0.83,3.90,22.40,71,104,4294,0.0204,0.017,-0.137,0.037,1.82,-5.35,412,-1412,3517,0,0,2675,-0.0176,0.069,-0.229,0.129,1.88,-5.28,354,-1022,2143,0,0,2525,0.0025,-0.130,0.011,-0.089,5.34,-1.82,455,-231,1756,0,0,1184,-0.0355,-0.092,0.047,-0.053,5.54,-1.62,453,272,848,0,0
7.080,87.4,-217.34,-23.62,-316.70,56.7,0.21,0.44,0.08,0.62,0.00,1.00,2,4001,166.6,1.39,0.46,3.68,20.35,83,106,3442,0.0151,-0.045,-0.001,-0.099,2.72,-4.44,477,-72,1391,0,0,2363,-0.0168,0.006,-0.002,-0.098,2.82,-4.34,461,-71,1001,0,0,3622,0.0085,0.050,0.078,-0.022,5.95,-1.21,514,2153,2282,0,0,2621,-0.0234,0.101,0.117,0.017,6.16,-1.00,515,1916,1490,0,0
7.200,89.3,-219.22,-23.64,-316.97,57.0,0.12,0.69,0.45,0.00,0.00,1.00,2,3638,-18.8,0.74,0.00,4.15,19.43,89,107,4552,0.0184,0.028,0.001,-0.099,15.49,8.33,462,15,4027,0,0,2064,-0.0218,-0.041,0.012,-0.088,18.56,11.40,445,72,1896,0,0,4236,0.0256,0.143,-0.014,-0.086,5.00,-2.16,472,-380,2801,0,0,2006,-0.0182,0.043,0.000,-0.100,5.16,-2.00,464,85,1403,0,0
7.320,91.2,-221.09,-23.65,-317.14,55.6,-0.26,0.74,0.82,0.00,0.00,1.00,2,3509,-49.9,0.25,-0.04,4.46,23.05,79,102,4806,0.0286,0.085,0.008,-0.092,26.11,18.95,424,40,4158,0,0,2462,-0.0202,0.013,0.033,-0.067,31.69,24.53,396,108,2183,0,0,3467,0.0241,-0.013,-0.029,-0.071,4.91,-2.25,455,-937,2230,0,0,1793,-0.0248,-0.055,-0.007,-0.093,5.10,-2.06,448,-126,1233,0,0
7.440,93.0,-222.90,-23.64,-317.21,54.0,-0.33,0.65,0.98,0.00,0.00,0.57,2,3395,-49.1,0.20,0.16,4.31,24.02,70,96,4111,0.0258,-0.024,-0.002,-0.098,34.88,27.71,373,13,3526,0,0,2419,-0.0196,0.005,0.032,-0.068,42.39,35.23,332,107,2104,0,0,3132,0.0166,-0.063,-0.032,-0.068,5.24,-1.92,441,-901,2096,0,0,1693,-0.0285,-0.030,-0.007,-0.093,5.46,-1.70,433,-116,1214,0,0
7.560,94.8,-224.66,-23.64,-317.21,52.2,-0.37,0.62,0.98,0.00,0.00,0.09,2,3263,-48.2,0.20,0.56,4.16,25.50,58,90,4494,0.0262,0.004,-0.006,-0.094,34.92,27.75,359,-34,3830,0,0,2744,-0.0151,0.038,-0.002,-0.098,42.44,35.28,310,-4,2378,0,0,2461,0.0081,-0.070,-0.040,-0.060,5.63,-1.54,423,-803,1708,0,0,1021,-0.0332,-0.039,-0.010,-0.090,5.89,-1.27,417,-79,765,0,0
7.680,96.5,-226.36,-23.65,-317.13,49.9,-0.48,0.57,0.98,0.00,0.00,0.48,1,3739,-51.4,0.20,0.61,4.06,32.05,54,83,4603,0.0283,0.017,-0.003,-0.097,35.21,28.05,346,-15,3914,0,0,3080,-0.0102,0.040,0.008,-0.092,42.78,35.62,296,21,2654,0,0,2727,0.0019,-0.052,-0.340,0.240,7.18,0.02,282,-2284,788,0,0,1508,-0.0366,-0.029,-0.322,0.222,7.62,0.46,273,-1281,489,0,0
7.800,98.1,-227.96,-23.66,-316.99,47.1,-0.60,0.59,0.99,0.00,0.00,1.00,1,4482,-56.7,0.20,0.52,4.01,41.83,45,73,4841,0.0318,0.030,-0.001,-0.099,36.15,28.99,326,-5,4095,0,0,3286,-0.0040,0.052,0.008,-0.092,43.85,36.69,270,32,2819,0,0,2987,0.0000,-0.015,-0.168,0.068,10.13,2.97,337,-2034,1858,0,0,1400,-0.0367,-0.001,-0.125,0.025,11.00,3.84,325,-823,1031,0,0
7.920,99.6,-229.47,-23.66,-316.78,44.4,-0.51,0.71,0.99,0.00,0.00,1.00,1,4459,-56.7,0.20,0.13,4.28,42.37,39,66,4998,0.0372,0.045,0.000,-0.100,37.71,30.55,302,-1,4208,0,0,2770,-0.0059,-0.015,0.011,-0.089,45.59,38.43,247,27,2391,0,0,3332,0.0066,0.055,-0.123,0.023,12.17,5.01,334,-1580,2587,0,0,1431,-0.0385,-0.015,-0.073,-0.027,13.29,6.13,323,-419,1266,0,0
8.040,101.0,-230.88,-23.65,-316.50,41.9,-0.47,0.72,0.99,0.00,0.00,1.00,1,4161,-54.5,0.20,-0.34,4.32,39.69,36,58,4808,0.0361,-0.009,0.000,-0.100,39.26,32.10,278,-1,4051,0,0,2649,-0.0097,-0.032,0.009,-0.091,47.29,40.13,225,23,2287,0,0,3511,0.0099,0.027,-0.129,0.029,13.59,6.43,312,-1565,2765,0,0,1706,-0.0360,0.021,-0.077,-0.023,14.84,7.67,302,-464,1513,0,0
8.160,102.4,-232.18,-23.64,-316.16,39.3,-0.46,0.71,0.99,0.00,0.00,1.00,1,3872,-52.5,0.20,-0.58,4.32,35.77,32,51,3853,0.0300,-0.051,0.002,-0.098,40.41,33.25,256,5,3291,0,0,2791,-0.0111,-0.012,0.004,-0.096,48.49,41.33,205,13,2401,0,0,3449,0.0125,0.022,-0.130,0.030,14.30,7.14,290,-1466,2752,0,0,1414,-0.0353,0.006,-0.084,-0.016,15.55,8.39,280,-393,1257,0,0
8.280,103.6,-233.39,-23.63,-315.77,36.9,-0.43,0.66,0.99,0.00,0.00,1.00,1,3604,-50.6,0.20,-0.36,4.29,31.16,28,45,4433,0.0257,-0.036,-0.003,-0.097,41.25,34.09,235,-13,3746,0,0,2635,-0.0146,-0.029,0.001,-0.099,49.40,42.23,189,6,2270,0,0,3319,0.0121,-0.003,-0.132,0.032,14.54,7.38,270,-1403,2656,0,0,1400,-0.0374,-0.018,-0.091,-0.009,15.71,8.55,261,-413,1235,0,0
8.400,104.8,-234.48,-23.62,-315.33,34.4,-0.45,0.68,0.99,0.00,0.00,1.00,1,3339,-48.7,0.20,-0.06,4.35,29.62,22,39,4783,0.0295,0.032,-0.007,-0.093,40.88,33.72,220,-37,4020,0,0,2631,-0.0128,0.015,-0.005,-0.095,49.01,41.85,176,-10,2266,0,0,2746,0.0061,-0.050,-0.142,0.042,14.30,7.13,249,-1221,2191,0,0,1546,-0.0377,-0.003,-0.094,-0.006,15.44,8.28,243,-448,1364,0,0
8.520,105.9,-235.47,-23.62,-314.85,31.9,-0.46,0.66,0.99,0.00,0.00,1.00,1,3147,-47.3,0.20,-0.13,4.37,29.37,20,34,4750,0.0322,0.022,-0.006,-0.094,40.28,33.12,207,-32,3997,0,0,2731,-0.0121,0.006,-0.005,-0.095,48.41,41.25,165,-9,2350,0,0,3117,0.0043,-0.015,-0.130,0.030,14.18,7.02,236,-1347,2491,0,0,1407,-0.0400,-0.019,-0.085,-0.015,15.43,8.27,228,-409,1244,0,0
8.640,107.0,-236.36,-23.62,-314.32,30.6,-0.16,0.77,0.00,0.59,0.00,1.00,1,3892,171.0,0.86,-0.52,4.50,29.14,21,31,4451,0.0322,0.000,-0.008,-0.092,4.11,-3.05,261,91,2930,0,0,2037,-0.0170,-0.041,-0.029,-0.071,4.51,-2.66,234,-229,1525,0,0,3859,0.0137,0.078,0.017,-0.083,12.32,5.16,302,934,3325,0,0,1873,-0.0355,0.037,0.115,0.015,13.46,6.30,302,965,1440,0,0
8.760,108.0,-237.20,-23.61,-313.71,31.2,0.23,0.62,0.08,0.13,0.00,1.00,1,3742,-51.4,0.49,-1.14,4.26,21.27,26,32,3746,0.0213,-0.091,-0.001,-0.099,3.48,-3.69,265,-49,1956,0,0,2041,-0.0226,-0.046,-0.002,-0.098,3.71,-3.45,248,-55,1162,0,0,4062,0.0244,0.089,0.049,-0.051,9.52,2.35,237,918,3435,0,0,2571,-0.0195,0.134,0.118,0.018,10.15,2.99,235,1305,1978,0,0
8.880,109.0,-237.96,-23.59,-313.02,30.6,-0.05,0.75,0.00,1.00,0.00,1.00,1,3681,129.7,0.74,-1.26,4.33,14.98,25,31,4438,0.0223,0.008,-0.002,-0.098,13.85,6.69,251,-32,3907,0,0,2116,-0.0247,-0.018,0.002,-0.098,16.86,9.70,237,15,1946,0,0,3873,0.0271,0.022,0.051,-0.049,4.73,-2.43,235,-376,2696,0,0,1865,-0.0199,-0.004,0.097,-0.003,4.96,-2.21,232,482,1354,0,0
9.000,110.1,-238.67,-23.57,-312.27,31.4,0.20,0.38,0.00,0.48,0.00,1.00,1,4232,174.7,1.43,-1.55,3.72,8.88,26,33,3070,0.0176,-0.039,-0.001,-0.099,0.36,-6.80,265,-83,62,0,0,2983,-0.0146,0.084,-0.003,-0.097,0.38,-6.79,257,-87,79,0,0,3303,0.0206,-0.054,0.053,-0.047,3.06,-4.11,306,2872,1083,0,0,3121,-0.0118,0.068,0.085,-0.015,3.14,-4.02,306,2814,892,0,0
9.120,111.1,-239.40,-23.54,-311.47,33.2,0.42,0.13,0.00,1.00,0.00,1.00,1,4120,200.3,1.26,-2.15,2.97,2.14,34,37,2758,0.0009,-0.139,-0.002,-0.098,0.57,-6.60,276,-63,270,0,0,2692,-0.0115,0.026,-0.002,-0.098,0.57,-6.59,274,-78,267,0,0,3521,0.0174,-0.026,0.104,0.004,1.25,-5.91,258,2601,779,0,0,3367,0.0051,0.141,0.112,0.012,1.26,-5.90,258,2638,730,0,0
9.240,112.3,-240.14,-23.51,-310.60,35.1,0.44,0.05,0.00,0.00,0.00,1.00,1,4925,200.1,1.72,-2.37,2.94,1.17,42,41,1054,-0.0177,-0.155,-0.002,-0.098,0.18,-6.98,290,-51,44,0,0,663,-0.0147,-0.027,-0.009,-0.091,0.18,-6.98,287,-12,26,0,0,4040,0.0225,0.043,0.226,0.126,0.43,-6.73,380,3769,136,0,0,3254,0.0109,0.048,0.231,0.131,0.43,-6.73,383,3065,107,0,0
9.360,113.5,-240.92,-23.49,-309.69,36.6,0.37,0.01,0.00,1.00,0.00,1.00,1,4258,99.9,0.66,-1.36,2.99,0.94,43,45,2545,-0.0220,-0.036,-0.002,-0.098,0.45,-6.71,300,-43,183,0,0,2600,-0.0204,-0.048,-0.002,-0.098,0.45,-6.71,300,-45,187,0,0,3394,0.0206,-0.017,0.042,-0.058,0.53,-6.63,315,1342,321,0,0,2874,0.0074,-0.029,0.044,-0.056,0.53,-6.63,315,1224,273,0,0
9.480,114.7,-241.73,-23.47,-308.75,38.2,0.36,0.01,0.10,0.00,0.00,1.00,1,5192,83.9,1.34,-0.05,3.12,0.17,36,48,3187,-0.0122,0.082,-0.002,-0.098,0.27,-6.89,314,-90,166,0,0,2569,-0.0134,0.059,-0.002,-0.098,0.27,-6.89,314,-83,135,0,0,1758,0.0053,-0.127,0.247,0.147,0.21,-6.95,386,1701,43,0,0,1913,0.0041,-0.027,0.190,0.090,0.21,-6.95,385,1852,46,0,0
9.600,116.0,-242.55,-23.48,-307.76,38.9,0.17,0.28,0.44,0.33,0.00,1.00,1,4403,15.5,0.55,0.23,3.75,15.58,43,50,3956,0.0010,0.110,-0.005,-0.095,10.17,3.01,322,-84,3424,0,0,2318,-0.0169,-0.030,-0.002,-0.098,12.86,5.70,308,-2,2113,0,0,3371,0.0044,-0.008,-0.004,-0.096,1.18,-5.98,327,-330,563,0,0,1912,-0.0136,-0.148,0.021,-0.079,1.23,-5.93,323,559,333,0,0
9.720,117.3,-243.34,-23.49,-306.72,39.4,0.13,0.47,0.00,0.33,0.00,1.00,1,5128,176.7,1.18,0.08,4.32,30.31,44,51,3979,0.0144,0.111,-0.004,-0.096,-3.59,-3.57,336,222,-25,0,0,2314,-0.0196,-0.023,0.025,-0.075,-3.87,-3.30,322,49,395,0,0,3808,0.0163,0.099,0.114,0.014,3.18,-3.99,378,3067,1274,0,0,2412,-0.0178,-0.035,0.205,0.105,3.42,-3.75,380,2233,589,0,0
9.840,118.7,-244.13,-23.49,-305.63,41.1,0.41,0.06,0.07,0.34,0.00,1.00,1,5567,158.9,1.40,-0.37,3.67,12.70,49,56,2871,0.0018,-0.105,-0.002,-0.098,2.89,-4.27,346,-80,578,0,0,2891,-0.0109,0.073,-0.002,-0.098,3.46,-3.70,335,-77,674,0,0,3566,0.0163,0.000,0.185,0.085,3.19,-3.97,410,3215,950,0,0,3373,0.0008,0.154,0.221,0.121,3.29,-3.88,410,3058,791,0,0
9.960,120.1,-244.92,-23.49,-304.47,42.3,0.28,0.44,0.00,1.00,0.00,1.00,1,4893,38.9,0.57,-0.69,4.08,18.10,54,59,3986,0.0052,0.029,-0.001,-0.099,12.56,5.40,348,-4,3490,0,0,2027,-0.0182,-0.060,0.008,-0.092,15.57,8.41,333,60,1861,0,0,4016,0.0244,0.067,0.054,-0.046,2.55,-4.61,335,796,1611,0,0,2454,-0.0013,-0.017,0.094,-0.006,2.65,-4.51,333,1405,981,0,0
10.080,121.5,-245.67,-23.49,-303.28,43.0,0.18,0.22,0.00,0.93,0.00,1.00,1,5536,264.7,1.58,-0.21,3.84,9.51,55,61,2739,-0.0001,-0.044,-0.002,-0.098,0.49,-6.67,358,-73,128,0,0,2372,-0.0243,-0.051,-0.002,-0.098,0.50,-6.66,351,-95,114,0,0,3153,0.0162,-0.068,0.181,0.081,2.42,-4.74,375,2650,935,0,0,3031,-0.0020,-0.006,0.205,0.105,2.47,-4.69,375,2693,824,0,0
10.200,122.9,-246.43,-23.50,-302.03,44.8,0.43,0.16,0.25,0.00,0.00,1.00,1,5890,-68.1,1.04,0.43,3.49,10.55,53,66,2975,-0.0047,-0.038,-0.002,-0.098,6.54,-0.62,371,-54,1973,0,0,2521,-0.0190,0.044,0.001,-0.099,7.95,0.79,363,-2,1868,0,0,2265,0.0135,-0.022,0.175,0.075,2.26,-4.90,392,2125,465,0,0,1913,-0.0009,0.009,0.190,0.090,2.31,-4.85,393,1817,354,0,0
10.320,124.5,-247.17,-23.52,-300.71,45.8,0.25,0.30,0.00,1.00,0.00,1.00,1,5543,159.5,1.01,0.55,3.73,13.21,60,70,3340,0.0015,0.051,-0.002,-0.098,0.13,-7.03,384,-73,-31,0,0,2588,-0.0192,-0.001,-0.002,-0.098,0.14,-7.03,374,-67,-11,0,0,3225,0.0100,-0.029,0.053,-0.047,2.74,-4.42,436,1624,1282,0,0,2596,-0.0106,-0.081,0.081,-0.019,2.81,-4.35,436,1870,976,0,0
10.440,126.0,-247.91,-23.54,-299.34,47.4,0.39,0.26,0.26,0.72,0.00,1.00,1,6332,232.6,1.73,0.33,3.78,13.45,67,75,3557,0.0007,-0.006,-0.005,-0.095,8.74,1.58,392,-72,2870,0,0,2294,-0.0160,0.026,-0.002,-0.098,10.72,3.56,381,-14,1996,0,0,3917,0.0161,0.050,0.093,-0.007,2.36,-4.80,464,3534,891,0,0,2774,-0.0044,0.052,0.133,0.033,2.43,-4.74,465,2589,557,0,0
10.560,127.6,-248.64,-23.56,-297.89,49.3,0.44,0.25,0.00,0.92,0.00,1.00,1,5994,87.0,0.87,-0.04,3.87,14.22,74,81,3133,0.0012,0.004,-0.001,-0.099,0.73,-6.43,414,-58,267,0,0,2503,-0.0180,-0.016,-0.002,-0.098,0.75,-6.41,402,-93,222,0,0,3756,0.0229,0.057,-0.029,-0.071,3.36,-3.80,432,2018,1761,0,0,3249,0.0009,0.044,-0.003,-0.097,3.46,-3.71,431,2351,1422,0,0
10.680,129.3,-249.35,-23.58,-296.38,50.6,0.34,0.35,0.28,0.80,0.00,1.00,1,6617,238.4,1.71,-0.15,4.03,12.76,77,85,3592,0.0033,0.018,-0.004,-0.096,9.97,2.81,416,-77,3025,0,0,2094,-0.0194,-0.012,0.000,-0.100,12.13,4.97,405,11,1877,0,0,3954,0.0236,0.005,0.071,-0.029,2.48,-4.68,483,3414,1075,0,0,2695,0.0008,0.000,0.106,0.006,2.54,-4.62,483,2473,659,0,0
10.800,131.0,-250.04,-23.59,-294.80,52.4,0.44,0.26,0.00,1.00,0.00,1.00,1,6450,-50.5,0.68,-0.20,3.96,15.53,84,91,2633,-0.0010,-0.036,-0.001,-0.099,1.05,-6.11,439,-63,375,0,0,2135,-0.0241,-0.039,-0.003,-0.097,1.08,-6.09,427,-88,315,0,0,3485,0.0224,-0.010,0.075,-0.025,3.70,-3.46,501,2504,1563,0,0,3081,0.0012,0.003,0.106,0.006,3.80,-3.36,501,2528,1247,0,0
10.920,132.8,-250.70,-23.60,-293.17,53.5,0.27,0.43,0.00,1.00,0.00,1.00,1,6615,227.0,1.49,0.14,4.15,15.86,81,95,3759,0.0029,0.033,-0.001,-0.099,11.03,3.87,439,-34,3248,0,0,2049,-0.0244,-0.003,0.004,-0.096,13.40,6.24,425,25,1866,0,0,3829,0.0216,-0.006,0.125,0.025,2.99,-4.17,458,2418,1548,0,0,1742,-0.0050,-0.052,0.163,0.063,3.09,-4.07,462,1407,661,0,0
11.040,134.6,-251.32,-23.62,-291.47,54.9,0.36,0.26,0.00,0.46,0.00,0.75,1,7138,54.7,1.35,0.16,3.99,14.87,87,100,3115,0.0030,0.000,-0.002,-0.098,1.46,-5.70,460,-84,673,0,0,2554,-0.0201,0.036,-0.002,-0.098,1.50,-5.66,448,-87,570,0,0,3372,0.0161,-0.047,0.171,0.071,3.90,-3.26,500,2881,1244,0,0,2869,-0.0070,-0.017,0.204,0.104,4.00,-3.16,502,2548,947,0,0
11.160,136.5,-251.92,-23.64,-289.71,56.3,0.36,0.42,0.00,0.88,0.00,0.27,1,7145,208.7,1.48,-0.01,4.20,15.74,93,105,681,0.0037,0.006,0.015,-0.085,1.56,-5.61,472,19,197,0,0,2269,-0.0205,-0.003,0.000,-0.100,1.09,-6.07,461,-41,700,0,0,3974,0.0220,0.049,0.109,0.009,3.59,-3.57,525,3043,1633,0,0,2575,-0.0063,0.006,0.143,0.043,3.69,-3.47,527,2216,953,0,0
11.280,138.3,-252.48,-23.66,-287.90,57.2,0.23,0.31,0.07,0.52,0.00,0.76,2,7318,276.6,1.98,-0.15,4.15,7.66,95,109,3506,0.0069,0.027,-0.002,-0.098,1.76,-5.40,476,-98,981,0,0,2582,-0.0172,0.027,-0.002,-0.098,1.78,-5.38,470,-88,742,0,0,3538,0.0207,-0.011,0.188,0.088,2.98,-4.18,572,3158,1000,0,0,2873,-0.0054,0.008,0.206,0.106,3.01,-4.15,574,2620,766,0,0
11.400,140.3,-253.01,-23.66,-286.03,58.7,0.37,0.32,0.00,0.00,0.00,1.00,2,5521,-64.5,0.63,-0.36,4.14,24.04,100,114,3492,0.0049,-0.016,-0.008,-0.092,0.94,-6.22,493,-365,2369,0,0,2208,-0.0186,-0.011,-0.015,-0.085,0.98,-6.19,470,-297,1689,0,0,3836,0.0217,0.009,0.427,0.327,4.56,-2.60,718,3161,573,0,0,2777,-0.0017,0.030,0.486,0.386,4.74,-2.42,720,2271,384,0,0
11.520,142.3,-253.50,-23.67,-284.11,60.1,0.36,0.32,0.07,1.00,0.00,1.00,2,4223,149.9,0.66,-0.34,4.16,19.19,105,120,3408,0.0005,-0.037,-0.001,-0.099,5.06,-2.10,502,-28,1905,0,0,2022,-0.0233,-0.039,-0.001,-0.099,5.68,-1.49,487,-21,1228,0,0,3773,0.0215,-0.002,0.070,-0.030,5.50,-1.67,553,1966,2400,0,0,2578,-0.0021,-0.003,0.103,0.003,5.66,-1.50,554,1754,1526,0,0
11.640,144.3,-253.94,-23.68,-282.14,61.1,0.29,0.52,0.00,0.65,0.00,1.00,2,4405,145.3,1.44,-0.23,4.55,22.10,105,124,3732,0.0085,0.067,-0.002,-0.098,2.76,-4.40,513,-105,1571,0,0,2092,-0.0264,-0.026,-0.002,-0.098,2.86,-4.30,495,-42,942,0,0,3675,0.0218,0.003,0.102,0.002,5.99,-1.17,565,2537,2110,0,0,2281,-0.0131,-0.092,0.145,0.045,6.19,-0.97,567,1813,1163,0,0
11.760,146.4,-254.31,-23.69,-280.11,62.4,0.33,0.46,0.00,0.79,0.00,1.00,2,4485,212.2,1.54,-0.38,4.51,17.77,111,129,3590,0.0082,-0.002,-0.002,-0.098,3.50,-3.66,521,-81,1834,0,0,2364,-0.0242,0.019,-0.003,-0.097,3.60,-3.57,507,-75,1257,0,0,3838,0.0224,0.005,0.105,0.005,6.06,-1.10,577,2560,2271,0,0,2583,-0.0106,0.020,0.138,0.038,6.23,-0.94,578,1965,1403,0,0
11.880,148.5,-254.62,-23.70,-278.03,63.6,0.35,0.49,0.00,0.68,0.00,1.00,2,4654,261.9,1.63,-0.64,4.57,15.17,117,134,3679,0.0098,0.013,-0.002,-0.098,3.63,-3.53,531,-87,1941,0,0,2149,-0.0232,0.008,-0.003,-0.097,3.72,-3.45,519,-68,1182,0,0,3965,0.0260,0.030,0.125,0.025,5.79,-1.38,599,2861,2155,0,0,2599,-0.0090,0.014,0.155,0.055,5.92,-1.24,601,2062,1308,0,0
12.000,150.6,-254.86,-23.70,-275.89,65.0,0.38,0.48,0.00,0.72,0.00,1.00,2,4738,259.8,1.67,-0.87,4.58,12.55,124,140,2855,0.0076,-0.018,-0.005,-0.095,3.59,-3.57,540,-109,1518,0,0,1424,-0.0253,-0.017,-0.003,-0.097,3.66,-3.50,531,-47,784,0,0,4019,0.0284,0.020,0.123,0.023,5.33,-1.83,609,2996,2055,0,0,2765,-0.0052,0.031,0.148,0.048,5.43,-1.73,611,2228,1324,0,0
12.120,152.8,-255.03,-23.69,-273.70,66.5,0.38,0.42,0.00,0.75,0.00,1.00,2,4840,263.1,1.67,-0.70,4.48,10.32,127,146,3307,0.0025,-0.042,-0.002,-0.098,3.43,-3.73,552,-84,1689,0,0,2041,-0.0277,-0.020,-0.003,-0.097,3.48,-3.69,543,-68,1076,0,0,3786,0.0262,-0.019,0.126,0.026,4.80,-2.36,623,2945,1787,0,0,2682,-0.0050,0.002,0.146,0.046,4.87,-2.29,625,2215,1199,0,0
12.240,155.0,-255.15,-23.69,-271.47,67.7,0.32,0.40,0.00,1.00,0.00,1.00,2,4837,274.7,1.57,-0.59,4.43,9.53,133,152,3534,0.0037,0.010,-0.002,-0.098,3.15,-4.01,563,-75,1678,0,0,2189,-0.0253,0.020,-0.002,-0.098,3.19,-3.97,555,-64,1074,0,0,3602,0.0198,-0.053,0.065,-0.035,4.42,-2.75,615,2318,1915,0,0,2458,-0.0092,-0.035,0.084,-0.016,4.47,-2.69,616,1786,1262,0,0
12.360,157.3,-255.21,-23.69,-269.18,69.1,0.36,0.39,0.00,1.00,0.00,1.00,2,4842,258.6,1.57,-0.69,4.43,8.77,139,158,3700,0.0056,0.016,-0.002,-0.098,2.85,-4.32,575,-83,1611,0,0,2409,-0.0216,0.031,-0.002,-0.098,2.88,-4.28,567,-72,1082,0,0,3827,0.0215,0.015,0.082,-0.018,4.00,-3.16,624,2543,1884,0,0,2661,-0.0074,0.015,0.098,-0.002,4.05,-3.11,625,1975,1270,0,0
12.480,159.7,-255.21,-23.68,-266.85,70.7,0.39,0.33,-0.15,0.58,0.00,1.00,2,4806,128.7,1.42,-0.94,4.33,5.39,149,166,3262,0.0049,-0.006,-0.001,-0.099,-0.25,-6.91,587,-59,-77,0,0,2408,-0.0205,0.009,-0.002,-0.098,0.34,-6.83,583,-86,167,0,0,3888,0.0235,0.016,0.044,-0.056,3.58,-3.58,627,2013,1917,0,0,3126,-0.0019,0.046,0.052,-0.048,3.61,-3.55,628,1857,1526,0,0
12.600,162.0,-255.18,-23.67,-264.47,72.0,0.31,0.16,0.00,0.91,0.00,1.00,2,5217,316.2,1.82,-0.79,4.00,-5.60,154,172,2850,-0.0038,-0.073,-0.002,-0.098,2.41,-4.75,592,-93,1135,0,0,2217,-0.0192,0.011,-0.002,-0.098,2.40,-4.77,596,-75,886,0,0,3547,0.0188,-0.039,0.131,0.031,1.68,-5.48,672,3214,674,0,0,2969,0.0027,0.038,0.125,0.025,1.67,-5.50,673,2691,583,0,0
12.720,164.5,-255.12,-23.66,-262.04,73.7,0.42,0.14,0.00,1.00,0.00,1.00,2,5206,224.5,1.54,-0.55,3.92,-1.87,161,180,2897,-0.0057,-0.016,-0.002,-0.098,1.28,-5.88,609,-90,629,0,0,2467,-0.0192,0.000,-0.002,-0.098,1.28,-5.89,610,-78,538,0,0,3169,0.0131,-0.047,0.099,-0.001,1.04,-6.12,669,2819,414,0,0,2819,-0.0003,-0.024,0.097,-0.003,1.04,-6.12,670,2513,372,0,0
12.840,167.0,-255.04,-23.66,-259.55,75.5,0.42,0.07,0.00,0.74,0.00,1.00,2,5578,325.1,1.96,-0.57,3.78,-0.40,172,189,3089,-0.0065,-0.006,-0.002,-0.098,0.79,-6.37,624,-115,413,0,0,2820,-0.0143,0.040,-0.002,-0.098,0.79,-6.37,625,-90,377,0,0,3432,0.0125,-0.005,0.148,0.048,0.75,-6.41,719,3221,260,0,0,3149,0.0028,0.025,0.148,0.048,0.75,-6.41,719,2970,239,0,0
12.960,169.5,-254.95,-23.66,-257.00,77.4,0.46,0.04,0.00,0.99,0.00,1.00,2,5593,337.3,1.98,-0.77,3.71,0.20,185,199,2887,-0.0067,-0.002,-0.002,-0.098,0.62,-6.54,641,-93,298,0,0,2645,-0.0128,0.013,-0.002,-0.098,0.62,-6.54,641,-89,274,0,0,3689,0.0153,0.023,0.121,0.021,0.65,-6.51,720,3369,276,0,0,3477,0.0093,0.054,0.122,0.022,0.65,-6.51,721,3191,259,0,0
13.080,172.1,-254.86,-23.65,-254.38,79.5,0.48,0.02,0.00,0.93,0.00,1.00,2,5761,320.5,1.95,-0.74,3.69,0.59,195,210,2542,-0.0116,-0.041,-0.002,-0.098,0.59,-6.57,657,-85,247,0,0,2344,-0.0167,-0.033,-0.002,-0.098,0.59,-6.57,656,-82,229,0,0,3476,0.0167,0.011,0.127,0.027,0.64,-6.52,742,3210,246,0,0,3292,0.0113,0.017,0.128,0.028,0.64,-6.52,742,3054,233,0,0
13.200,174.8,-254.76,-23.64,-251.70,81.3,0.43,0.02,0.00,0.83,0.00,1.00,2,5859,268.2,1.76,-0.52,3.67,0.99,200,219,2797,-0.0114,0.002,-0.002,-0.098,0.58,-6.58,672,-87,267,0,0,2583,-0.0161,0.005,-0.002,-0.098,0.58,-6.58,672,-83,248,0,0,3138,0.0109,-0.048,0.120,0.020,0.68,-6.48,754,2895,243,0,0,2958,0.0062,-0.043,0.122,0.022,0.69,-6.48,755,2743,228,0,0
13.320,177.6,-254.65,-23.64,-248.95,83.1,0.43,0.02,-0.09,0.87,0.00,1.00,2,6052,296.9,1.93,-0.54,3.73,1.30,210,229,3023,-0.0082,0.026,-0.002,-0.098,0.60,-6.56,688,-94,295,0,0,2766,-0.0127,0.029,-0.002,-0.098,0.60,-6.56,687,-89,271,0,0,3420,0.0117,0.006,0.130,0.030,0.75,-6.42,779,3174,274,0,0,3138,0.0055,-0.006,0.133,0.033,0.75,-6.41,780,2932,249,0,0
13.440,180.4,-254.56,-23.64,-246.15,85.0,0.45,-0.15,0.00,0.95,0.00,1.00,2,6123,319.3,2.00,-0.62,3.42,-8.94,222,240,2676,-0.0119,-0.031,-0.002,-0.098,0.88,-6.29,700,-99,417,0,0,2882,-0.0076,0.042,-0.002,-0.098,0.87,-6.30,707,-90,446,0,0,3404,0.0105,-0.010,0.125,0.025,-0.09,-7.08,789,3154,-6,0,0,3567,0.0148,0.078,0.113,0.013,-0.09,-7.08,789,3242,-6,0,0
13.560,183.2,-254.46,-23.64,-243.28,86.9,0.46,-0.05,0.00,0.89,0.00,1.00,2,6405,304.3,1.99,-0.47,3.53,-5.51,229,251,2608,-0.0136,-0.014,-0.002,-0.098,0.02,-7.14,717,-88,22,0,0,2592,-0.0129,-0.044,-0.002,-0.098,0.02,-7.14,721,-82,22,0,0,2979,0.0121,0.014,0.141,0.041,-0.57,-6.59,838,2806,-175,0,0,2971,0.0128,-0.017,0.149,0.049,-0.57,-6.59,834,2782,-180,0,0
13.680,186.2,-254.38,-23.64,-240.35,88.8,0.43,-0.11,0.00,1.00,0.00,1.00,2,6149,201.0,1.43,-0.35,3.49,-4.13,239,261,2595,-0.0138,-0.002,-0.002,-0.098,-0.31,-6.85,733,-85,-128,0,0,3005,-0.0108,0.017,-0.002,-0.098,-0.31,-6.85,736,-86,-146,0,0,3124,0.0079,-0.035,0.079,-0.021,-0.74,-6.42,791,2636,-308,0,0,3246,0.0098,-0.025,0.074,-0.026,-0.74,-6.42,791,2672,-325,0,0
13.800,189.2,-254.32,-23.65,-237.36,90.4,0.39,-0.14,0.00,0.78,0.00,1.00,2,6716,292.5,1.95,-0.38,3.45,-2.94,247,271,2742,-0.0116,0.018,-0.002,-0.098,-0.38,-6.78,747,-91,-173,0,0,2931,-0.0071,0.031,-0.002,-0.098,-0.38,-6.78,749,-93,-184,0,0,3330,0.0072,-0.006,0.147,0.047,-0.67,-6.49,868,3127,-223,0,0,3492,0.0117,0.016,0.143,0.043,-0.67,-6.49,867,3261,-245,0,0
13.920,192.2,-254.28,-23.65,-234.31,92.3,0.45,-0.13,0.00,1.00,0.00,1.00,2,6604,315.2,2.01,-0.39,3.45,-2.09,259,283,2481,-0.0140,-0.020,-0.002,-0.098,-0.36,-6.80,763,-84,-148,0,0,2678,-0.0096,-0.021,-0.002,-0.098,-0.36,-6.80,764,-84,-159,0,0,3240,0.0092,0.017,0.113,0.013,-0.57,-6.59,851,2944,-221,0,0,3416,0.0137,0.017,0.110,0.010,-0.57,-6.60,851,3078,-235,0,0
14.040,195.3,-254.26,-23.66,-231.19,94.2,0.44,-0.12,0.00,0.98,0.00,1.00,2,6782,267.6,1.90,-0.32,3.48,-1.75,269,294,2618,-0.0143,-0.003,-0.002,-0.098,-0.29,-6.87,778,-86,-129,0,0,2746,-0.0106,-0.009,-0.002,-0.098,-0.29,-6.87,780,-87,-135,0,0,3130,0.0075,-0.015,0.120,0.020,-0.46,-6.70,873,2898,-167,0,0,3236,0.0112,-0.021,0.118,0.018,-0.46,-6.70,873,2982,-174,0,0
14.160,198.5,-254.23,-23.66,-228.02,95.9,0.41,0.14,0.00,0.76,0.00,0.99,2,7129,280.9,2.02,-0.38,4.02,13.64,280,305,3530,-0.0057,0.072,-0.005,-0.095,8.69,1.53,787,-110,2987,0,0,2130,-0.0142,-0.029,-0.001,-0.099,10.82,3.66,774,-8,1921,0,0,3808,0.0142,0.056,0.108,0.008,0.33,-6.83,898,3511,102,0,0,2783,0.0049,-0.053,0.128,0.028,0.33,-6.83,899,2646,73,0,0
14.280,201.7,-254.19,-23.67,-224.79,97.6,0.40,0.09,0.00,1.00,0.00,0.51,2,6857,290.9,1.91,-0.52,4.15,12.60,286,316,2954,-0.0035,0.019,-0.002,-0.098,0.85,-6.31,812,-74,372,0,0,2500,-0.0161,-0.016,-0.002,-0.098,0.86,-6.30,802,-80,321,0,0,3489,0.0175,0.027,0.086,-0.014,2.02,-5.14,883,2774,901,0,0,3112,0.0049,0.000,0.099,-0.001,2.05,-5.12,884,2634,771,0,0
14.400,205.0,-254.13,-23.67,-221.52,98.5,0.23,0.20,0.00,1.00,0.00,0.03,2,7374,-180.5,2.12,-0.45,4.24,7.65,282,322,3403,-0.0016,0.015,-0.001,-0.099,1.69,-5.47,818,-45,902,0,0,2559,-0.0164,-0.003,-0.001,-0.099,1.70,-5.46,812,-44,692,0,0,3265,0.0145,-0.025,0.003,-0.097,2.38,-4.78,821,248,1212,0,0,2491,-0.0003,-0.043,0.010,-0.090,2.40,-4.76,820,424,939,0,0
14.520,208.3,-254.03,-23.67,-218.22,99.5,0.24,0.22,0.00,0.00,0.00,1.00,3,6430,177.2,1.86,-0.43,4.35,7.77,281,328,3344,0.0035,0.043,-0.002,-0.098,1.94,-5.23,826,-99,1017,0,0,2621,-0.0137,0.022,-0.002,-0.098,1.95,-5.21,820,-77,812,0,0,3438,0.0131,-0.012,0.304,0.204,2.64,-4.52,1083,3087,474,0,0,528,-0.0066,-0.052,0.339,0.239,3.09,-4.07,1092,492,75,0,0
14.640,211.7,-253.91,-23.66,-214.87,101.2,0.42,0.11,-0.22,0.00,0.00,1.00,3,5209,-61.9,0.40,-0.69,4.18,5.98,302,340,2681,-0.0023,-0.049,0.000,-0.100,-4.30,-2.87,839,-16,-1317,0,0,2598,-0.0152,-0.012,-0.002,-0.098,-2.98,-4.18,834,-73,-885,0,0,3441,0.0156,0.021,0.160,0.060,3.40,-3.77,967,3068,1022,0,0,3275,0.0027,0.077,0.167,0.067,3.42,-3.75,968,2941,947,0,0
14.760,215.1,-253.77,-23.66,-211.47,102.5,0.30,0.09,0.00,1.00,0.00,1.00,3,4650,167.0,0.89,-0.63,4.04,-7.13,311,348,3284,-0.0055,-0.027,-0.001,-0.099,2.42,-4.75,845,-64,1280,0,0,2413,-0.0138,0.012,-0.001,-0.099,2.40,-4.76,850,-48,948,0,0,3459,0.0128,-0.023,0.028,-0.072,1.77,-5.39,870,1328,995,0,0,2657,0.0046,0.016,0.023,-0.077,1.76,-5.40,871,858,775,0,0
14.880,218.5,-253.60,-23.65,-208.05,103.3,0.20,0.18,0.00,1.00,0.00,1.00,3,4843,323.9,1.83,-0.51,4.31,-4.10,307,354,3369,0.0015,0.059,-0.002,-0.098,1.24,-5.92,854,-86,700,0,0,2689,-0.0135,0.003,-0.002,-0.098,1.24,-5.92,857,-69,562,0,0,3324,0.0131,0.003,0.060,-0.040,0.88,-6.28,907,2343,446,0,0,2889,-0.0024,-0.058,0.057,-0.043,0.88,-6.28,908,1994,394,0,0
15.000,222.0,-253.41,-23.64,-204.58,104.7,0.33,0.06,0.00,1.00,0.00,1.00,3,4980,372.8,2.09,-0.55,4.12,-2.59,319,363,2811,-0.0029,-0.037,-0.002,-0.098,0.68,-6.48,866,-79,326,0,0,2695,-0.0126,0.008,-0.002,-0.098,0.68,-6.48,868,-76,312,0,0,3280,0.0119,-0.010,0.075,-0.025,0.46,-6.70,933,2620,218,0,0,3127,0.0023,0.039,0.073,-0.027,0.46,-6.70,933,2473,210,0,0
15.120,225.5,-253.21,-23.63,-201.07,106.3,0.37,0.00,0.00,1.00,0.00,1.00,3,5103,384.4,2.17,-0.58,3.94,-1.71,333,375,2729,-0.0074,-0.038,-0.002,-0.098,0.38,-6.79,879,-81,177,0,0,2807,-0.0120,0.005,-0.004,-0.096,0.37,-6.79,878,20,212,0,0,3209,0.0096,-0.019,0.085,-0.015,0.23,-6.93,955,2709,106,0,0,3124,0.0050,0.023,0.084,-0.016,0.23,-6.93,956,2623,104,0,0
15.240,229.1,-253.02,-23.62,-197.50,107.9,0.38,-0.03,0.00,1.00,0.00,1.00,3,5174,386.7,2.19,-0.66,3.87,-1.10,348,386,2823,-0.0084,-0.008,-0.002,-0.098,0.25,-6.91,892,-83,118,0,0,2758,-0.0109,0.009,-0.002,-0.098,0.25,-6.91,893,-81,115,0,0,3360,0.0097,0.001,0.084,-0.016,0.16,-7.00,969,2820,76,0,0,3302,0.0072,0.019,0.083,-0.017,0.16,-7.00,969,2763,72,0,0
15.360,232.7,-252.83,-23.60,-193.87,109.5,0.38,-0.04,0.00,1.00,0.00,1.00,3,5243,386.3,2.20,-0.67,3.85,-0.66,358,398,2758,-0.0098,-0.011,-0.002,-0.098,0.21,-6.95,906,-80,97,0,0,2688,-0.0116,-0.006,-0.002,-0.098,0.21,-6.95,906,-79,95,0,0,3245,0.0101,0.003,0.082,-0.018,0.16,-7.01,982,2701,69,0,0,3181,0.0081,0.008,0.082,-0.018,0.16,-7.01,982,2645,67,0,0
15.480,236.4,-252.64,-23.59,-190.20,111.0,0.37,-0.16,0.00,1.00,0.00,1.00,3,5345,384.1,2.20,-0.62,3.65,-7.60,368,409,2546,-0.0122,-0.020,-0.003,-0.097,0.54,-6.63,915,-150,-508,0,0,3215,-0.0080,0.030,-0.003,-0.097,0.53,-6.63,921,-172,-470,0,0,2843,0.0061,-0.033,0.092,-0.008,-0.08,-7.08,1002,2475,-17,0,0,3428,0.0096,0.012,0.084,-0.016,-0.08,-7.08,1001,2867,-21,0,0
15.600,240.1,-252.47,-23.57,-186.47,112.6,0.38,-0.09,0.00,1.00,0.00,1.00,3,5389,383.1,2.20,-0.62,3.67,-5.52,378,421,2739,-0.0114,0.007,-0.002,-0.098,-0.21,-6.95,930,-82,-87,0,0,2845,-0.0076,0.003,-0.002,-0.098,-0.21,-6.95,934,-78,-89,0,0,3217,0.0069,0.007,0.083,-0.017,-0.66,-6.50,1009,2683,-282,0,0,3311,0.0107,0.009,0.078,-0.022,-0.66,-6.50,1009,2690,-295,0,0
15.720,243.9,-252.32,-23.56,-182.69,114.2,0.37,-0.15,0.00,1.00,0.00,1.00,3,5482,380.9,2.20,-0.57,3.65,-3.79,387,432,2618,-0.0127,-0.011,-0.002,-0.098,-0.48,-6.68,943,-79,-205,0,0,2853,-0.0083,-0.006,-0.002,-0.098,-0.48,-6.68,946,-79,-222,0,0,3029,0.0060,-0.008,0.087,-0.013,-0.79,-6.38,1027,2561,-317,0,0,3235,0.0103,-0.003,0.083,-0.017,-0.78,-6.38,1027,2682,-342,0,0
15.840,247.7,-252.19,-23.55,-178.86,115.7,0.37,-0.16,0.00,1.00,0.00,1.00,3,5555,379.2,2.20,-0.56,3.62,-2.88,398,444,2687,-0.0126,0.000,-0.002,-0.098,-0.55,-6.61,956,-80,-245,0,0,2969,-0.0067,0.013,-0.002,-0.098,-0.55,-6.61,959,-83,-269,0,0,3037,0.0046,-0.011,0.086,-0.014,-0.78,-6.38,1041,2565,-317,0,0,3383,0.0101,-0.002,0.083,-0.017,-0.78,-6.39,1040,2802,-355,0,0
15.960,251.6,-252.08,-23.53,-174.97,117.2,0.37,-0.16,0.00,1.00,0.00,1.00,3,5608,377.9,2.20,-0.57,3.62,-2.05,408,456,2592,-0.0131,-0.004,-0.002,-0.098,-0.52,-6.64,969,-77,-226,0,0,2847,-0.0072,-0.004,-0.002,-0.098,-0.52,-6.64,971,-79,-247,0,0,3077,0.0053,0.006,0.082,-0.018,-0.69,-6.48,1050,2547,-290,0,0,3299,0.0111,0.008,0.080,-0.020,-0.68,-6.48,1050,2693,-312,0,0
16.080,255.5,-252.00,-23.52,-171.04,118.4,0.27,-0.15,0.00,0.00,0.00,1.00,3,5228,-68.8,1.18,-0.49,3.65,-1.22,411,465,2930,-0.0125,0.004,-0.001,-0.099,-0.44,-6.72,979,-41,-207,0,0,3141,-0.0068,0.004,-0.001,-0.099,-0.44,-6.72,981,-43,-229,0,0,2883,0.0038,-0.013,-0.002,-0.098,-0.54,-6.62,977,67,-261,0,0,3023,0.0089,-0.018,-0.003,-0.097,-0.54,-6.62,978,30,-273,0,0
16.200,259.5,-251.93,-23.51,-167.10,117.8,-0.13,-0.14,0.00,0.00,0.00,1.00,3,5151,-61.5,0.29,-0.19,3.71,-0.69,373,459,3362,-0.0038,0.073,-0.001,-0.099,-0.30,-6.86,975,-36,-169,0,0,3490,0.0005,0.061,-0.001,-0.099,-0.30,-6.86,976,-38,-175,0,0,2589,-0.0027,-0.054,-0.012,-0.088,-0.37,-6.80,964,-476,-160,0,0,2671,0.0015,-0.061,-0.012,-0.088,-0.37,-6.80,965,-507,-164,0,0
16.320,263.4,-251.89,-23.49,-163.19,117.2,-0.14,-0.18,-0.25,0.00,0.00,1.00,3,5125,-61.4,0.21,0.01,3.65,-4.52,348,454,3031,-0.0006,0.026,0.004,-0.096,-7.81,0.65,964,83,-2377,0,0,3692,0.0042,0.030,0.001,-0.099,-6.37,-0.79,968,21,-2596,0,0,2220,-0.0075,-0.040,-0.011,-0.089,-0.24,-6.92,959,-393,-89,0,0,2836,-0.0027,-0.036,-0.013,-0.087,-0.24,-6.92,960,-575,-112,0,0
16.440,267.3,-251.88,-23.48,-159.30,116.5,-0.15,-0.27,0.00,0.00,0.00,1.00,3,5097,-61.2,0.20,0.11,3.46,-8.87,340,449,3262,-0.0022,-0.014,-0.001,-0.099,-0.47,-6.69,962,-39,-229,0,0,3578,0.0093,0.043,-0.001,-0.099,-0.47,-6.70,969,-34,-248,0,0,2487,-0.0122,-0.039,-0.010,-0.090,-1.17,-6.00,953,-368,-464,0,0,2872,-0.0010,0.015,-0.014,-0.086,-1.16,-6.00,955,-624,-527,0,0
16.560,271.2,-251.90,-23.47,-155.42,115.9,-0.14,-0.23,0.00,0.00,0.00,1.00,3,5069,-61.0,0.20,0.13,3.53,-5.72,337,445,3064,-0.0021,0.001,-0.001,-0.099,-0.92,-6.24,958,-34,-457,0,0,3511,0.0074,-0.016,-0.001,-0.099,-0.92,-6.24,962,-82,-517,0,0,2485,-0.0105,0.014,-0.011,-0.089,-1.38,-5.79,948,-397,-555,0,0,2868,-0.0010,0.000,-0.014,-0.086,-1.37,-5.79,950,-579,-633,0,0
16.680,275.0,-251.95,-23.46,-151.57,115.3,-0.14,-0.25,0.00,0.00,0.00,1.00,3,5042,-60.8,0.20,0.16,3.49,-3.75,335,440,3003,-0.0039,-0.015,-0.001,-0.099,-1.01,-6.15,954,-32,-495,0,0,3668,0.0075,0.001,-0.001,-0.099,-1.01,-6.16,957,-39,-596,0,0,2422,-0.0116,-0.010,-0.012,-0.088,-1.31,-5.85,943,-417,-519,0,0,2840,-0.0009,0.001,-0.013,-0.087,-1.30,-5.86,945,-559,-601,0,0
16.800,278.8,-252.04,-23.46,-147.74,114.7,-0.14,-0.25,0.00,0.00,0.00,1.00,3,5019,-60.6,0.20,0.14,3.51,-2.52,333,435,3103,-0.0033,0.005,-0.001,-0.099,-0.91,-6.25,949,-33,-464,0,0,3558,0.0077,0.002,-0.001,-0.099,-0.91,-6.25,951,-37,-527,0,0,2527,-0.0111,0.005,-0.011,-0.089,-1.11,-6.05,939,-434,-463,0,0,2913,-0.0001,0.007,-0.012,-0.088,-1.11,-6.05,940,-543,-529,0,0
16.920,282.7,-252.16,-23.45,-143.93,114.2,-0.14,-0.22,0.00,0.00,0.00,1.00,3,4993,-60.4,0.20,0.15,3.56,-1.63,329,431,3131,-0.0030,0.002,-0.001,-0.099,-0.73,-6.43,945,-33,-377,0,0,3467,0.0064,-0.011,-0.001,-0.099,-0.73,-6.43,946,-37,-415,0,0,2512,-0.0104,0.006,-0.012,-0.088,-0.86,-6.30,935,-447,-359,0,0,2800,-0.0009,-0.007,-0.012,-0.088,-0.86,-6.30,935,-524,-398,0,0
17.040,286.4,-252.31,-23.45,-140.14,113.6,-0.13,-0.18,0.00,0.00,0.00,1.00,3,4968,-60.3,0.20,0.15,3.67,-1.15,327,427,3254,-0.0016,0.012,-0.001,-0.099,-0.53,-6.64,940,-35,-285,0,0,3482,0.0058,-0.006,-0.001,-0.099,-0.52,-6.64,941,-38,-303,0,0,2568,-0.0096,0.006,-0.012,-0.088,-0.62,-6.55,930,-463,-265,0,0,2732,-0.0029,-0.016,-0.012,-0.088,-0.62,-6.55,930,-512,-281,0,0
17.160,290.2,-252.49,-23.44,-136.37,113.0,-0.14,-0.15,0.00,0.00,0.00,1.00,3,4945,-60.1,0.20,0.13,3.75,-0.75,323,422,3255,-0.0005,0.009,-0.001,-0.099,-0.33,-6.83,936,-35,-182,0,0,3383,0.0046,-0.010,-0.001,-0.099,-0.33,-6.83,936,-36,-189,0,0,2630,-0.0082,0.012,-0.011,-0.089,-0.39,-6.77,926,-468,-175,0,0,2747,-0.0030,-0.002,-0.012,-0.088,-0.39,-6.77,926,-501,-182,0,0
17.280,294.0,-252.67,-23.44,-132.61,112.4,-0.13,-0.11,0.00,0.00,0.00,1.00,3,4919,-59.9,0.20,0.13,3.83,-0.50,320,418,3270,0.0001,0.005,-0.001,-0.099,-0.17,-7.00,931,-35,-93,0,0,3323,0.0032,-0.011,-0.001,-0.099,-0.17,-7.00,931,-35,-95,0,0,2627,-0.0075,0.006,-0.012,-0.088,-0.21,-6.95,921,-473,-93,0,0,2673,-0.0043,-0.011,-0.012,-0.088,-0.21,-6.95,921,-490,-95,0,0
17.400,297.7,-252.88,-23.44,-128.88,112.4,-0.01,-0.09,0.00,1.00,0.00,1.00,3,5107,184.2,1.11,0.03,3.91,-0.46,328,418,3161,0.0003,0.002,-0.001,-0.099,-0.03,-7.13,931,-61,-20,0,0,3101,0.0018,-0.012,-0.001,-0.099,-0.03,-7.13,931,-60,-19,0,0,2936,-0.0049,0.022,0.026,-0.074,-0.06,-7.10,957,1137,-28,0,0,2918,-0.0033,0.008,0.026,-0.074,-0.06,-7.10,957,1117,-31,0,0
17.520,301.5,-253.09,-23.43,-125.12,113.3,0.21,-0.07,0.00,0.00,0.00,1.00,3,5199,170.5,1.65,-0.21,3.96,-0.36,354,425,2864,-0.0039,-0.035,-0.001,-0.099,0.08,-7.08,938,-87,38,0,0,2837,-0.0035,-0.045,-0.001,-0.099,0.08,-7.08,938,-72,38,0,0,3133,0.0017,0.055,0.036,-0.064,0.07,-7.10,972,1688,31,0,0,3117,0.0021,0.045,0.036,-0.064,0.07,-7.10,972,1674,31,0,0
17.640,305.3,-253.31,-23.43,-121.35,113.0,-0.06,-0.05,0.00,0.00,0.00,1.00,3,4945,-60.1,0.38,-0.16,4.01,-0.08,346,423,3396,-0.0022,0.014,-0.001,-0.099,0.16,-7.00,936,-58,91,0,0,3308,-0.0026,0.007,-0.001,-0.099,0.16,-7.00,936,-35,86,0,0,2763,0.0009,-0.007,-0.011,-0.089,0.15,-7.01,926,-485,66,0,0,2646,-0.0002,-0.019,-0.011,-0.089,0.15,-7.01,926,-475,63,0,0
17.760,309.0,-253.54,-23.42,-117.60,112.4,-0.14,-0.09,-0.22,0.00,0.00,1.00,3,4919,-59.9,0.22,-0.02,3.98,-3.24,326,418,3217,0.0017,0.033,0.003,-0.097,-6.44,-0.72,927,67,-2216,0,0,3549,0.0012,0.032,0.000,-0.100,-5.19,-1.97,929,11,-2111,0,0,2458,-0.0032,-0.034,-0.011,-0.089,0.21,-6.95,921,-419,86,0,0,2810,-0.0037,-0.029,-0.012,-0.088,0.21,-6.95,922,-537,97,0,0
17.880,312.7,-253.81,-23.41,-113.88,111.7,-0.17,-0.38,0.00,0.00,0.00,1.00,3,4887,-59.7,0.20,0.18,3.39,-16.52,313,413,3086,-0.0048,-0.054,-0.001,-0.099,0.00,-7.16,918,-43,56,0,0,3791,0.0119,0.089,-0.001,-0.099,0.00,-7.16,932,-36,68,0,0,2345,-0.0139,-0.089,-0.007,-0.093,-1.36,-5.80,913,-245,-490,0,0,2940,0.0028,0.054,-0.016,-0.084,-1.34,-5.82,917,-702,-597,0,0
18.000,316.5,-254.11,-23.41,-110.18,111.1,-0.13,-0.26,0.00,0.00,0.00,1.00,3,4856,-59.5,0.20,0.25,3.52,-10.70,309,408,3095,-0.0028,0.017,-0.001,-0.099,-1.22,-5.94,916,-37,-594,0,0,3677,0.0101,-0.015,-0.001,-0.099,-1.21,-5.96,924,-35,-693,0,0,2441,-0.0116,0.019,-0.009,-0.091,-2.10,-5.06,908,-325,-811,0,0,2909,0.0006,-0.018,-0.016,-0.084,-2.08,-5.08,911,-627,-946,0,0
18.120,320.2,-254.46,-23.41,-106.50,110.5,-0.13,-0.35,0.00,0.00,0.00,1.00,3,4829,-59.3,0.20,0.27,3.42,-6.85,307,404,2869,-0.0054,-0.022,-0.001,-0.099,-1.59,-5.57,912,-31,-731,0,0,3729,0.0104,0.003,-0.001,-0.099,-1.58,-5.58,918,-37,-932,0,0,2338,-0.0128,-0.009,-0.011,-0.089,-2.15,-5.01,903,-352,-804,0,0,3060,0.0031,0.021,-0.014,-0.086,-2.14,-5.02,905,-601,-1032,0,0
18.240,323.8,-254.86,-23.40,-102.85,109.9,-0.13,-0.41,-0.22,0.00,0.00,1.00,3,4802,-59.1,0.20,0.30,3.27,-7.24,304,400,2664,-0.0073,-0.016,0.005,-0.095,-8.58,1.42,902,83,-2179,0,0,3945,0.0117,0.011,0.001,-0.099,-7.26,0.10,907,38,-2960,0,0,2139,-0.0149,-0.018,-0.011,-0.089,-1.95,-5.21,898,-335,-675,0,0,3216,0.0042,0.009,-0.014,-0.086,-1.94,-5.23,900,-637,-989,0,0
18.360,327.5,-255.32,-23.41,-99.24,109.2,-0.15,-0.53,0.00,0.00,0.00,1.00,3,4769,-58.8,0.20,0.38,3.01,-12.62,298,394,2884,-0.0105,-0.027,-0.001,-0.099,-1.63,-5.53,899,-34,-736,0,0,3889,0.0172,0.045,-0.001,-0.099,-1.61,-5.55,909,-36,-967,0,0,2338,-0.0191,-0.035,-0.009,-0.091,-2.69,-4.47,891,-282,-972,0,0,3203,0.0086,0.037,-0.016,-0.084,-2.66,-4.50,895,-667,-1294,0,0
18.480,331.1,-255.84,-23.41,-95.65,108.6,-0.12,-0.43,0.00,0.00,0.00,1.00,3,4739,-58.6,0.20,0.43,3.18,-8.38,295,390,2975,-0.0086,0.016,-0.003,-0.097,-2.03,-5.13,893,63,-966,0,0,3930,0.0140,-0.026,-0.001,-0.099,-2.02,-5.14,902,-39,-1241,0,0,2298,-0.0160,0.025,-0.011,-0.089,-2.74,-4.42,886,-330,-982,0,0,3081,0.0065,-0.018,-0.016,-0.084,-2.72,-4.44,889,-614,-1288,0,0
18.600,334.7,-256.42,-23.42,-92.08,108.0,-0.12,-0.44,0.00,0.00,0.00,1.00,3,4716,-58.5,0.20,0.43,3.20,-5.65,293,385,2844,-0.0083,0.002,-0.001,-0.099,-1.98,-5.18,891,-31,-902,0,0,3969,0.0144,0.003,-0.001,-0.099,-1.97,-5.19,896,-42,-1230,0,0,2352,-0.0157,0.003,-0.011,-0.089,-2.46,-4.70,882,-364,-915,0,0,3165,0.0065,0.000,-0.014,-0.086,-2.45,-4.72,884,-594,-1208,0,0
18.720,338.3,-257.06,-23.42,-88.55,107.3,-0.13,-0.45,-0.25,0.00,0.00,1.00,3,4693,-58.3,0.20,0.42,3.21,-6.58,290,381,2708,-0.0081,0.002,0.005,-0.095,-8.98,1.82,881,86,-2253,0,0,3971,0.0140,-0.004,0.001,-0.099,-7.61,0.45,885,38,-3052,0,0,2230,-0.0152,0.004,-0.010,-0.090,-2.05,-5.11,878,-334,-739,0,0,3275,0.0069,0.003,-0.014,-0.086,-2.04,-5.12,880,-611,-1060,0,0
18.840,341.9,-257.77,-23.44,-85.06,106.5,-0.16,-0.60,0.00,0.00,0.00,1.00,3,4653,-58.0,0.20,0.55,2.90,-15.31,281,375,2919,-0.0115,-0.029,-0.001,-0.099,-1.54,-5.63,876,-33,-697,0,0,4171,0.0197,0.048,-0.001,-0.099,-1.52,-5.65,888,-47,-961,0,0,2151,-0.0208,-0.047,-0.008,-0.092,-2.86,-4.30,869,-231,-940,0,0,3173,0.0103,0.028,-0.017,-0.083,-2.82,-4.34,873,-687,-1340,0,0
18.960,345.4,-258.54,-23.45,-81.61,105.9,-0.12,-0.45,0.00,0.00,0.00,1.00,3,4625,-57.8,0.20,0.56,3.13,-10.26,280,371,2998,-0.0084,0.026,-0.001,-0.099,-2.19,-4.97,873,-34,-1032,0,0,3965,0.0168,-0.024,-0.001,-0.099,-2.17,-4.99,881,-39,-1333,0,0,2406,-0.0162,0.039,-0.010,-0.090,-3.08,-4.08,865,-308,-1132,0,0,3183,0.0081,-0.018,-0.016,-0.084,-3.05,-4.11,867,-630,-1462,0,0
19.080,348.9,-259.37,-23.46,-78.19,105.3,-0.12,-0.48,0.00,0.00,0.00,1.00,3,4600,-57.6,0.20,0.56,3.17,-6.75,279,367,2784,-0.0088,-0.003,-0.001,-0.099,-2.21,-4.95,869,-31,-978,0,0,3844,0.0153,-0.013,-0.001,-0.099,-2.20,-4.96,874,-39,-1321,0,0,2324,-0.0155,0.006,-0.011,-0.089,-2.80,-4.36,860,-337,-1014,0,0,3215,0.0085,0.004,-0.015,-0.085,-2.78,-4.38,862,-599,-1373,0,0
19.200,352.4,-260.26,-23.47,-74.80,105.1,-0.04,-0.44,0.00,1.00,0.00,1.00,3,4784,166.1,0.86,0.52,3.22,-4.91,281,365,2984,-0.0078,0.008,-0.001,-0.099,-1.93,-5.23,868,-59,-927,0,0,3936,0.0151,-0.001,-0.001,-0.099,-1.92,-5.24,872,-72,-1199,0,0,2426,-0.0149,0.005,0.031,-0.069,-2.35,-4.82,896,938,-887,0,0,3221,0.0077,-0.007,0.026,-0.074,-2.34,-4.83,896,1053,-1167,0,0
19.320,355.9,-261.21,-23.49,-71.41,105.8,0.18,-0.39,0.00,0.00,0.00,1.00,3,4752,49.2,1.32,0.21,3.36,-2.84,305,370,2776,-0.0102,-0.020,-0.001,-0.099,-1.57,-5.59,875,-56,-713,0,0,3481,0.0103,-0.041,-0.001,-0.099,-1.56,-5.60,877,-60,-882,0,0,2936,-0.0058,0.075,0.016,-0.084,-1.80,-5.36,889,785,-852,0,0,3536,0.0136,0.050,0.013,-0.087,-1.80,-5.37,889,810,-1017,0,0
19.440,359.5,-262.21,-23.50,-68.04,105.3,-0.10,-0.36,-0.17,0.00,0.00,1.00,3,4609,-57.7,0.31,0.24,3.47,-4.01,295,367,2872,-0.0082,0.017,-0.001,-0.099,-4.85,-2.31,868,-11,-1892,0,0,3764,0.0087,-0.013,-0.002,-0.098,-4.13,-3.03,871,-59,-2196,0,0,2379,-0.0064,-0.005,-0.010,-0.090,-1.24,-5.92,862,-370,-491,0,0,3167,0.0105,-0.026,-0.012,-0.088,-1.24,-5.92,864,-561,-643,0,0
19.560,363.0,-263.27,-23.51,-64.71,104.4,-0.19,-0.66,-0.51,0.00,0.00,1.00,3,4574,-57.5,0.21,0.46,2.92,-22.94,275,361,2780,-0.0093,-0.009,0.030,-0.070,-21.47,14.31,820,193,-2505,0,0,4850,0.0226,0.115,0.009,-0.091,-17.61,10.45,840,119,-4267,0,0,1607,-0.0194,-0.108,-0.004,-0.096,-2.28,-4.88,853,-93,-565,0,0,3454,0.0120,0.013,-0.017,-0.083,-2.23,-4.93,860,-788,-1151,0,0
19.680,366.4,-264.41,-23.52,-61.45,103.0,-0.27,-0.80,-0.89,0.00,0.00,1.00,3,4504,-57.0,0.20,0.66,2.50,-32.84,252,351,2667,-0.0122,-0.025,0.064,-0.036,-34.54,27.38,736,238,-2327,0,0,4878,0.0316,0.075,0.014,-0.086,-28.52,21.36,771,129,-4182,0,0,1747,-0.0245,-0.042,0.000,-0.100,-4.62,-2.54,839,-8,-1112,0,0,3616,0.0181,0.050,-0.021,-0.079,-4.48,-2.68,847,-792,-2165,0,0
19.800,369.8,-265.63,-23.53,-58.27,101.3,-0.32,-0.83,-0.93,0.00,0.00,1.00,3,4397,-56.2,0.20,0.98,2.40,-33.90,229,340,2569,-0.0136,-0.012,0.059,-0.041,-42.87,35.70,639,159,-2223,0,0,4628,0.0319,0.003,0.009,-0.091,-35.66,28.50,697,54,-3931,0,0,1630,-0.0293,-0.040,-0.003,-0.097,-6.98,-0.18,820,-36,-1315,0,0,3369,0.0162,-0.015,-0.027,-0.073,-6.77,-0.39,826,-697,-2572,0,0
19.920,373.2,-266.94,-23.54,-55.20,99.3,-0.36,-0.88,-0.94,0.00,0.00,1.00,3,4277,-55.4,0.20,1.18,2.31,-34.26,211,326,3049,-0.0089,0.040,0.027,-0.073,-45.01,37.84,586,82,-2620,0,0,5334,0.0394,0.063,0.003,-0.097,-37.71,30.55,661,16,-4465,0,0,1485,-0.0334,-0.034,-0.006,-0.094,-9.11,1.94,798,-58,-1308,0,0,3312,0.0130,-0.027,-0.032,-0.068,-8.82,1.66,803,-643,-2770,0,0
20.040,376.4,-268.32,-23.55,-52.23,97.1,-0.36,-0.95,-0.94,0.00,0.00,1.00,3,4159,-54.5,0.20,1.17,2.21,-28.83,197,312,2729,-0.0107,-0.016,0.022,-0.078,-47.00,39.84,551,57,-2352,0,0,5069,0.0411,0.014,0.004,-0.096,-39.66,32.49,628,21,-4250,0,0,1845,-0.0290,0.037,-0.009,-0.091,-10.51,3.35,776,-90,-1662,0,0,3755,0.0211,0.068,-0.031,-0.069,-10.22,3.06,781,-614,-3230,0,0
20.160,379.6,-269.79,-23.55,-49.39,94.9,-0.34,-0.90,-0.94,0.00,0.00,1.00,3,4034,-53.6,0.20,1.31,2.25,-23.46,185,299,2510,-0.0133,-0.021,0.016,-0.084,-48.34,41.17,523,36,-2168,0,0,4605,0.0363,-0.041,0.002,-0.098,-40.98,33.82,600,8,-3883,0,0,1637,-0.0309,-0.016,-0.016,-0.084,-11.29,4.13,753,-127,-1490,0,0,3404,0.0187,-0.020,-0.034,-0.066,-11.03,3.87,757,-564,-2974,0,0
20.280,382.7,-271.32,-23.56,-46.67,92.6,-0.38,-0.92,-0.94,0.00,0.00,1.00,3,3923,-52.8,0.20,1.35,2.27,-22.18,172,284,3449,-0.0068,0.054,0.004,-0.096,-48.96,41.79,499,15,-2934,0,0,5821,0.0442,0.066,-0.006,-0.094,-41.58,34.41,576,-31,-4807,0,0,1482,-0.0336,-0.023,-0.019,-0.081,-11.69,4.52,732,-136,-1355,0,0,3327,0.0141,-0.039,-0.036,-0.064,-11.43,4.27,736,-565,-2920,0,0
20.400,385.8,-272.92,-23.56,-44.08,90.1,-0.40,-1.00,-0.95,0.00,0.00,1.00,3,3837,-52.2,0.20,0.98,2.21,-15.87,167,269,2850,-0.0077,-0.007,0.000,-0.100,-49.31,42.15,482,3,-2446,0,0,5290,0.0466,0.020,-0.004,-0.096,-41.96,34.79,557,-21,-4404,0,0,2132,-0.0262,0.062,-0.017,-0.083,-11.33,4.17,716,-172,-1928,0,0,4121,0.0263,0.102,-0.029,-0.071,-11.15,3.99,720,-561,-3583,0,0
20.520,388.7,-274.58,-23.54,-41.63,87.8,-0.37,-0.92,-0.95,0.00,0.00,1.00,3,3738,-51.5,0.20,0.94,2.33,-9.64,158,256,2566,-0.0113,-0.030,-0.008,-0.092,-48.87,41.71,472,-17,-2213,0,0,4595,0.0395,-0.060,-0.008,-0.092,-41.56,34.40,542,-37,-3871,0,0,1761,-0.0277,-0.012,-0.022,-0.078,-10.20,3.03,698,-206,-1576,0,0,3480,0.0232,-0.026,-0.028,-0.072,-10.09,2.93,701,-522,-3013,0,0
20.640,391.6,-276.29,-23.54,-39.31,85.6,-0.38,-0.84,-0.95,0.00,0.29,1.00,3,3500,-49.9,0.20,1.03,2.48,-6.46,152,243,4288,-0.0120,-0.005,-0.148,0.048,-47.80,40.64,401,-379,-3574,422,0,6326,0.0356,-0.032,-0.121,0.021,-40.51,33.35,473,-578,-5143,422,0,1534,-0.0315,-0.032,-0.067,-0.033,-8.73,1.57,651,-530,-1278,227,0,3168,0.0151,-0.067,-0.068,-0.032,-8.67,1.51,656,-1093,-2561,227,0
20.760,394.4,-278.02,-23.52,-37.12,82.2,-0.71,-0.82,-0.96,0.00,0.00,0.52,3,3485,-49.7,0.20,0.59,2.62,-10.03,142,224,3525,0.0051,0.143,-0.062,-0.038,-46.80,39.64,436,-225,-2990,0,0,5809,0.0484,0.107,-0.027,-0.073,-39.46,32.30,515,-212,-4805,0,0,2651,-0.0306,0.008,-0.034,-0.066,-7.94,0.78,651,-757,-2157,0,0,4343,0.0126,-0.020,-0.038,-0.062,-7.86,0.69,656,-1282,-3415,0,0
20.880,397.1,-279.79,-23.49,-35.09,79.9,-0.44,-0.93,-0.96,0.00,0.00,0.04,3,3459,-49.6,0.20,0.23,2.49,-6.26,132,211,2650,-0.0036,-0.073,-0.021,-0.079,-45.39,38.22,454,-54,-2290,0,0,4799,0.0457,-0.023,-0.011,-0.089,-38.07,30.91,518,-60,-4048,0,0,1858,-0.0255,0.042,-0.009,-0.091,-6.05,-1.12,652,-172,-1420,0,0,3874,0.0230,0.086,-0.012,-0.088,-6.00,-1.16,654,-454,-2852,0,0
21.000,399.7,-281.57,-23.46,-33.18,77.2,-0.57,-0.72,-0.96,0.00,0.30,1.00,2,4302,-55.5,0.20,0.30,2.79,-10.71,123,197,3060,-0.0059,-0.019,-0.136,0.036,-44.15,36.98,390,-274,-2613,396,0,4454,0.0354,-0.086,-0.116,0.016,-36.79,29.63,452,-442,-3752,396,0,1603,-0.0284,-0.024,-0.132,0.032,-5.27,-1.89,550,-1283,-811,213,0,2768,0.0129,-0.084,-0.130,0.030,-5.20,-1.96,558,-2174,-1371,213,0
21.120,402.2,-283.34,-23.43,-31.40,73.8,-0.74,-0.56,-0.96,0.00,0.89,1.00,2,3787,-52.2,0.20,0.59,3.16,-15.04,105,181,4983,0.0061,0.100,-0.507,0.407,-43.94,36.78,214,-1887,-3467,661,1,6094,0.0337,-0.014,-0.359,0.259,-36.54,29.38,318,-2132,-4385,661,1,1407,-0.0328,-0.036,-0.222,0.122,-5.54,-1.63,501,-1229,-567,356,1,2439,-0.0012,-0.117,-0.216,0.116,-5.43,-1.73,500,-2110,-937,356,1
21.240,404.6,-285.06,-23.39,-29.75,69.8,-0.90,-0.44,-0.97,0.00,1.00,1.00,2,3485,-50.0,0.20,0.17,3.44,-15.26,98,162,4249,0.0209,0.123,-0.971,0.871,-44.84,37.68,10,-2171,-2244,858,1,5217,0.0425,0.073,-0.618,0.518,-37.40,30.24,177,-2493,-3151,858,1,2917,-0.0301,0.022,-0.233,0.133,-6.35,-0.81,472,-2427,-1245,462,1,3554,-0.0091,-0.066,-0.227,0.127,-6.23,-0.94,471,-2960,-1421,462,1
21.360,406.9,-286.72,-23.34,-28.22,65.8,-0.93,-0.36,-0.97,0.00,1.00,1.00,2,3295,-48.7,0.20,-0.09,3.63,-5.21,80,144,3941,0.0195,-0.011,-0.961,0.861,-45.68,38.52,12,-2029,-2060,858,1,4486,0.0372,-0.044,-0.841,0.741,-38.26,31.10,67,-2379,-2338,858,1,2092,-0.0205,0.080,-0.241,0.141,-5.81,-1.35,443,-1795,-844,462,1,2727,-0.0035,0.046,-0.215,0.115,-5.77,-1.40,443,-2318,-1094,462,1
21.480,409.0,-288.30,-23.29,-26.81,62.2,-0.83,-0.26,-0.97,0.00,1.00,0.65,2,3124,-47.3,0.20,-0.13,3.82,2.62,71,129,3780,0.0156,-0.032,-0.976,0.876,-45.63,38.47,6,-1948,-1986,858,1,4130,0.0283,-0.074,-0.987,0.887,-38.25,31.09,4,-2285,-1931,858,1,1857,-0.0234,-0.024,-0.220,0.120,-4.54,-2.62,399,-1663,-628,462,1,2155,-0.0107,-0.060,-0.214,0.114,-4.56,-2.60,400,-1918,-736,462,1
21.600,411.0,-289.81,-23.24,-25.49,58.8,-0.79,-0.18,-0.98,0.00,0.37,0.17,2,2038,-39.5,0.20,-0.16,4.00,4.93,66,115,3871,0.0145,-0.010,-0.856,0.756,-44.88,37.72,53,-1960,-2116,390,1,4030,0.0223,-0.050,-0.774,0.674,-37.49,30.33,90,-2171,-2092,390,1,1916,-0.0251,-0.014,-0.464,0.364,-3.29,-3.88,262,-1625,-219,210,1,2038,-0.0172,-0.054,-0.458,0.358,-3.31,-3.85,263,-1730,-237,210,1
21.720,412.9,-291.25,-23.19,-24.27,55.3,-0.80,-0.35,-0.98,0.00,0.00,0.39,1,2377,-41.8,0.20,-0.16,3.76,-2.05,60,102,3411,0.0109,-0.030,-0.172,0.072,-42.79,35.63,281,-745,-2786,0,0,4564,0.0245,0.018,-0.065,-0.035,-35.34,28.18,352,-596,-3820,0,0,1511,-0.0294,-0.036,-0.479,0.379,-2.14,-5.03,230,-1334,-131,0,0,2481,-0.0158,0.012,-0.468,0.368,-2.13,-5.03,236,-2168,-218,0,0
21.840,414.7,-292.66,-23.15,-23.16,52.2,-0.71,-0.58,-0.98,0.00,0.00,0.99,1,3073,-46.5,0.20,-0.39,3.10,-23.41,53,90,3574,0.0121,0.011,0.000,-0.100,-40.34,33.18,324,-4,-3065,0,0,5242,0.0369,0.104,-0.008,-0.092,-32.91,25.75,369,-58,-4427,0,0,1424,-0.0358,-0.053,-0.431,0.331,-3.35,-3.81,209,-1216,-147,0,0,3059,-0.0036,0.101,-0.453,0.353,-3.21,-3.95,214,-2535,-291,0,0
21.960,416.4,-294.01,-23.11,-22.17,49.1,-0.70,-0.62,-0.98,0.00,0.00,1.00,1,3184,-47.3,0.20,-0.75,2.97,-41.61,51,80,3203,0.0063,-0.049,0.011,-0.089,-40.13,32.97,302,34,-2764,0,0,4874,0.0378,0.008,-0.001,-0.099,-32.73,25.56,356,-12,-4145,0,0,2170,-0.0290,0.057,-0.334,0.234,-6.90,-0.26,230,-1829,-538,0,0,3501,0.0021,0.048,-0.383,0.283,-6.38,-0.79,233,-2871,-727,0,0
22.080,417.9,-295.33,-23.06,-21.29,45.9,-0.67,-0.69,-0.99,0.00,0.00,1.00,1,3348,-48.6,0.20,-0.49,3.00,-53.53,41,70,3053,0.0011,-0.043,0.016,-0.084,-41.73,34.57,271,51,-2636,0,0,4715,0.0354,-0.020,0.002,-0.098,-34.18,27.02,331,10,-4011,0,0,1689,-0.0284,0.005,-0.319,0.219,-11.60,4.44,245,-1301,-804,0,0,3085,0.0060,0.032,-0.375,0.275,-10.41,3.25,252,-2415,-1152,0,0
22.200,419.4,-296.60,-23.02,-20.54,43.0,-0.55,-0.75,-0.99,0.00,0.00,1.00,1,4072,-53.9,0.20,0.03,2.98,-58.93,35,61,2762,-0.0040,-0.043,0.018,-0.082,-44.51,37.35,239,50,-2388,0,0,4738,0.0338,-0.013,0.003,-0.097,-36.61,29.45,302,19,-4014,0,0,1439,-0.0334,-0.042,-0.106,0.006,-16.27,9.11,294,-533,-1227,0,0,3085,0.0045,-0.013,-0.184,0.084,-14.36,7.20,306,-1736,-2189,0,0
22.320,420.8,-297.83,-22.99,-19.91,40.4,-0.43,-0.82,-0.99,0.00,0.00,1.00,1,3854,-52.4,0.20,0.50,2.83,-57.07,31,54,2591,-0.0097,-0.047,0.018,-0.082,-47.58,40.42,211,43,-2239,0,0,4723,0.0334,-0.003,0.003,-0.097,-39.27,32.11,273,16,-3986,0,0,1481,-0.0361,-0.022,-0.087,-0.013,-19.56,12.39,278,-341,-1323,0,0,3257,0.0070,0.021,-0.172,0.072,-17.21,10.05,290,-1461,-2528,0,0
22.440,422.1,-299.03,-22.97,-19.41,37.7,-0.41,-0.83,-0.99,0.00,0.00,1.00,1,3512,-49.9,0.20,0.97,2.73,-54.23,27,47,2641,-0.0120,-0.020,0.014,-0.086,-50.21,43.05,185,33,-2273,0,0,4712,0.0330,-0.003,0.001,-0.099,-41.54,34.38,245,8,-3965,0,0,1526,-0.0361,-0.001,-0.099,-0.001,-22.22,15.06,254,-338,-1355,0,0,3275,0.0089,0.016,-0.186,0.086,-19.54,12.38,264,-1378,-2562,0,0
22.560,423.3,-300.18,-22.96,-19.07,34.6,-0.44,-1.31,0.00,1.00,0.00,1.00,1,3919,155.2,0.59,1.44,2.08,1.58,17,40,1519,-0.0209,-0.073,0.011,-0.089,-10.11,2.94,284,-45,-1397,0,0,5350,0.0414,0.070,-0.053,-0.047,-10.06,2.90,268,-284,-4565,0,0,180,-0.0524,-0.135,0.100,0.000,-10.55,3.39,271,18,-170,0,0,3203,0.0099,0.008,0.095,-0.005,-10.50,3.34,271,20,-2895,0,0
22.680,424.5,-301.32,-22.96,-18.90,35.0,0.22,-0.75,0.00,0.00,0.00,1.00,1,4924,158.4,1.48,1.04,2.46,-7.92,30,41,2122,-0.0242,-0.028,-0.003,-0.097,-4.82,-2.34,286,-68,-1543,0,0,3446,0.0272,-0.119,-0.003,-0.097,-4.73,-2.43,292,-96,-2429,0,0,2424,-0.0373,0.126,0.188,0.088,-6.72,-0.44,368,2012,-1026,0,0,3750,0.0141,0.035,0.150,0.050,-6.59,-0.57,367,2996,-1712,0,0
22.800,425.7,-302.52,-22.98,-18.80,36.4,0.37,-0.60,0.00,1.00,0.00,1.00,1,4487,168.8,1.07,0.45,3.11,-5.00,38,44,2620,-0.0205,0.031,-0.002,-0.098,-1.68,-5.48,300,-78,-872,0,0,3747,0.0156,-0.097,0.000,-0.100,-1.66,-5.50,305,-59,-1199,0,0,3126,-0.0103,0.225,0.111,0.011,-2.86,-4.30,289,2101,-1419,0,0,3964,0.0235,0.078,0.099,-0.001,-2.83,-4.33,288,2265,-1842,0,0
22.920,426.9,-303.78,-22.99,-18.78,38.4,0.47,-0.29,0.00,0.35,0.00,1.00,1,5134,85.3,1.38,-0.15,3.83,-2.82,46,49,2791,-0.0144,0.051,-0.002,-0.098,-0.40,-6.76,318,-94,-247,0,0,2704,0.0037,-0.099,-0.002,-0.098,-0.40,-6.76,320,-93,-238,0,0,3608,0.0067,0.141,0.096,-0.004,-0.98,-6.18,374,3391,-346,0,0,3517,0.0214,-0.017,0.091,-0.009,-0.97,-6.19,375,3310,-347,0,0
23.040,428.2,-305.10,-23.00,-18.78,40.6,0.52,-0.12,0.00,1.00,0.00,1.00,1,5182,242.1,1.42,-0.61,4.34,-0.95,53,55,2791,-0.0119,0.021,-0.002,-0.098,0.14,-7.02,336,-91,39,0,0,2521,-0.0071,-0.090,-0.002,-0.098,0.14,-7.02,337,-84,35,0,0,3936,0.0184,0.098,0.159,0.059,-0.04,-7.13,339,3385,-70,0,0,3847,0.0223,0.007,0.158,0.058,-0.04,-7.13,340,3297,-66,0,0
23.160,429.6,-306.50,-23.00,-18.80,42.7,0.49,-0.15,-0.29,0.07,0.00,1.00,1,5870,205.0,1.74,-0.61,4.41,-5.97,57,61,2406,-0.0121,-0.002,-0.005,-0.095,-6.65,-0.51,347,-75,-1835,0,0,2958,-0.0100,-0.024,-0.005,-0.095,-5.18,-1.98,353,-135,-1960,0,0,3203,0.0182,-0.002,0.193,0.093,0.30,-6.86,445,3044,81,0,0,3692,0.0202,-0.017,0.176,0.076,0.30,-6.87,444,3486,98,0,0
23.280,431.1,-307.95,-23.00,-18.87,43.8,0.26,-0.47,0.00,1.00,0.00,1.00,1,4968,29.4,0.50,-0.23,3.74,-25.61,58,64,2266,-0.0190,-0.057,-0.024,-0.076,4.13,-3.03,345,-439,-1897,0,0,3885,0.0012,0.093,-0.001,-0.099,3.91,-3.26,373,-483,-2808,0,0,2186,0.0027,-0.129,-0.039,-0.061,-1.39,-5.77,381,368,-429,0,0,3722,0.0228,0.022,-0.071,-0.029,-1.31,-5.85,384,-1632,-663,0,0
23.400,432.6,-309.41,-23.01,-18.97,44.5,0.17,-0.10,0.00,1.00,0.00,1.00,1,5639,259.6,1.55,0.18,4.18,-9.64,56,66,3201,-0.0079,0.092,-0.002,-0.098,0.54,-6.62,364,-102,424,0,0,2921,0.0004,-0.006,-0.002,-0.098,0.53,-6.63,372,-70,375,0,0,3148,0.0015,-0.010,0.191,0.091,-1.48,-5.68,387,2777,-604,0,0,2895,0.0098,-0.109,0.171,0.071,-1.45,-5.71,389,2389,-599,0,0
23.520,434.1,-310.92,-23.02,-19.10,46.5,0.46,-0.11,0.00,0.18,0.00,1.00,1,6227,3.4,1.29,0.09,4.43,-4.44,63,72,2732,-0.0081,-0.001,-0.002,-0.098,0.06,-7.10,383,-96,36,0,0,2663,-0.0064,-0.057,-0.002,-0.098,0.06,-7.10,386,-89,35,0,0,3392,0.0082,0.056,0.127,0.027,-0.79,-6.37,458,3200,-218,0,0,3371,0.0098,0.000,0.117,0.017,-0.78,-6.38,458,3187,-226,0,0
23.640,435.7,-312.51,-23.03,-19.25,48.5,0.48,-0.11,0.00,0.79,0.00,1.00,1,6292,231.9,1.48,-0.03,4.44,-1.85,72,78,2644,-0.0112,-0.026,-0.002,-0.098,0.09,-7.07,400,-93,34,0,0,2701,-0.0097,-0.028,-0.002,-0.098,0.09,-7.07,402,-91,35,0,0,3390,0.0114,0.026,0.156,0.056,-0.25,-6.91,489,3185,-104,0,0,3439,0.0129,0.025,0.151,0.051,-0.25,-6.91,489,3218,-107,0,0
23.760,437.3,-314.16,-23.04,-19.43,50.6,0.50,-0.07,0.00,0.68,0.00,1.00,1,6619,145.5,1.23,-0.21,4.51,-0.95,77,85,3159,-0.0066,0.039,-0.002,-0.098,0.19,-6.97,419,-104,93,0,0,3195,-0.0059,0.032,-0.002,-0.098,0.19,-6.97,419,-138,99,0,0,3495,0.0136,0.018,0.210,0.110,0.06,-7.10,457,3304,11,0,0,3396,0.0133,0.004,0.209,0.109,0.06,-7.10,458,3215,10,0,0
23.880,439.1,-315.87,-23.05,-19.63,52.5,0.45,-0.26,-0.40,0.42,0.00,1.00,1,6288,32.4,0.88,-0.66,4.22,-13.10,89,92,2279,-0.0109,-0.036,0.001,-0.099,-11.66,4.50,422,0,-2038,0,0,3423,-0.0023,0.030,-0.003,-0.097,-9.22,2.06,434,-74,-2859,0,0,3590,0.0114,-0.018,-0.003,-0.097,-0.20,-6.96,458,2570,-49,0,0,4418,0.0188,0.046,-0.024,-0.076,-0.20,-6.96,459,2228,-63,0,0
24.000,440.8,-317.62,-23.05,-19.88,53.5,0.24,-0.23,0.00,1.00,0.00,1.00,1,6617,251.2,1.63,-0.53,4.13,-11.47,86,95,2987,-0.0112,-0.003,-0.002,-0.098,0.74,-6.43,438,-100,479,0,0,2964,0.0007,0.025,-0.001,-0.099,0.72,-6.44,447,-64,464,0,0,3373,0.0101,-0.011,0.134,0.034,-1.27,-5.89,450,2734,-573,0,0,3309,0.0220,0.026,0.114,0.014,-1.25,-5.92,452,2320,-597,0,0
24.120,442.6,-319.42,-23.05,-20.15,55.4,0.45,-0.12,0.00,0.56,0.00,0.74,1,7227,190.0,1.64,-0.46,4.43,-5.32,91,102,2737,-0.0096,0.013,-0.002,-0.098,-0.02,-7.14,456,-95,3,0,0,2702,-0.0061,-0.056,-0.002,-0.098,-0.02,-7.14,460,-87,3,0,0,3325,0.0113,0.010,0.166,0.066,-0.90,-6.26,534,3142,-285,0,0,3303,0.0148,-0.060,0.156,0.056,-0.90,-6.27,534,3112,-295,0,0
24.240,444.5,-321.28,-23.04,-20.46,57.3,0.46,-0.13,0.00,0.58,0.00,0.26,1,7360,170.6,1.67,-0.46,4.47,-2.82,99,109,2610,-0.0120,-0.020,-0.002,-0.098,-0.07,-7.09,473,-90,-34,0,0,2711,-0.0093,-0.027,-0.002,-0.098,-0.07,-7.09,476,-87,-35,0,0,3277,0.0106,-0.005,0.088,-0.012,-0.52,-6.64,515,2927,-224,0,0,3360,0.0133,-0.013,0.082,-0.018,-0.52,-6.64,515,2954,-234,0,0
24.360,446.5,-323.18,-23.05,-20.80,58.2,0.20,-0.26,-0.29,0.46,0.00,0.80,2,7313,268.2,1.92,-0.27,4.22,-10.15,100,112,2466,-0.0122,-0.002,-0.004,-0.096,-7.47,0.31,472,-56,-2010,0,0,3502,-0.0036,0.048,-0.005,-0.095,-5.92,-1.24,481,-142,-2536,0,0,2548,0.0034,-0.060,0.217,0.117,-0.39,-6.77,589,2449,-76,0,0,3502,0.0120,-0.010,0.193,0.093,-0.38,-6.78,586,3304,-112,0,0
24.480,448.4,-325.10,-23.05,-21.20,59.4,0.31,-0.47,0.00,0.00,0.00,1.00,2,5740,-65.5,0.62,-0.10,3.66,-33.62,100,117,2835,-0.0136,-0.012,0.006,-0.094,1.82,-5.35,482,159,130,0,0,4177,0.0116,0.127,-0.007,-0.093,1.72,-5.44,503,-86,453,0,0,2736,-0.0050,-0.070,0.552,0.452,-3.45,-3.71,714,2219,-243,0,0,3731,0.0199,0.066,0.466,0.366,-3.27,-3.89,710,3088,-370,0,0
24.600,450.4,-327.07,-23.05,-21.64,60.9,0.36,-0.28,-0.06,1.00,0.00,1.00,2,4019,108.1,0.48,-0.42,3.99,-19.37,112,123,2565,-0.0101,0.029,-0.002,-0.098,-1.33,-5.83,496,-73,-500,0,0,3497,0.0055,-0.051,-0.001,-0.099,-1.29,-5.87,512,-36,-654,0,0,3487,0.0063,0.094,0.039,-0.061,-4.26,-2.90,516,1540,-2024,0,0,4179,0.0207,0.006,0.012,-0.088,-4.13,-3.03,519,768,-2454,0,0
24.720,452.5,-329.04,-23.04,-22.19,61.7,0.23,-0.67,-0.41,0.82,0.00,1.00,2,4496,294.3,1.66,-0.33,3.43,-19.45,110,126,1896,-0.0192,-0.076,0.005,-0.095,-14.89,7.72,489,34,-1746,0,0,4009,0.0119,0.054,-0.002,-0.098,-12.26,5.10,506,-32,-3524,0,0,2373,-0.0014,-0.064,0.153,0.053,-3.41,-3.75,581,2095,-802,0,0,4170,0.0297,0.075,0.114,0.014,-3.31,-3.85,578,3275,-1579,0,0
24.840,454.6,-331.01,-23.04,-22.82,62.3,0.20,-0.70,-0.76,0.39,0.00,1.00,2,4054,38.5,1.00,0.01,3.13,-28.47,109,129,2112,-0.0244,-0.043,0.038,-0.062,-28.75,21.58,458,117,-1895,0,0,4100,0.0142,0.019,0.012,-0.088,-23.57,16.40,489,74,-3612,0,0,2007,-0.0101,-0.073,0.031,-0.069,-4.61,-2.55,521,551,-1262,0,0,3758,0.0284,-0.011,-0.006,-0.094,-4.41,-2.75,524,-367,-2270,0,0
24.960,456.6,-332.95,-23.05,-23.56,62.0,-0.02,-0.76,0.00,0.69,0.00,1.00,2,4501,250.4,1.43,0.57,2.97,-32.58,100,127,2343,-0.0222,0.018,-0.018,-0.082,-0.82,-6.34,496,-1389,-1235,0,0,4226,0.0202,0.050,0.031,-0.069,-0.78,-6.38,540,368,-1915,0,0,1952,-0.0204,-0.085,0.162,0.062,-5.73,-1.43,582,1592,-951,0,0,3539,0.0221,-0.052,0.101,0.001,-5.45,-1.71,580,2317,-2034,0,0
25.080,458.7,-334.87,-23.06,-24.37,63.2,0.33,-0.52,0.00,1.00,0.00,1.00,2,4552,271.3,1.56,0.69,3.33,-23.98,108,132,3009,-0.0182,0.034,-0.002,-0.098,-2.78,-4.38,512,-85,-1258,0,0,4245,0.0147,-0.046,-0.002,-0.098,-2.68,-4.48,531,-84,-1685,0,0,2691,-0.0119,0.071,0.143,0.043,-6.28,-0.88,600,1897,-1590,0,0,3641,0.0192,-0.025,0.102,0.002,-6.06,-1.10,600,2024,-2372,0,0
25.200,460.9,-336.80,-23.08,-25.30,64.4,0.36,-0.61,0.00,1.00,0.00,1.00,2,4590,199.1,1.30,0.32,3.38,-19.26,122,138,2271,-0.0174,0.006,-0.002,-0.098,-3.22,-3.94,525,-68,-1109,0,0,3877,0.0153,0.005,-0.002,-0.098,-3.13,-4.03,540,-73,-1803,0,0,2722,-0.0060,0.049,0.128,0.028,-5.94,-1.23,564,1832,-1645,0,0,4542,0.0231,0.033,0.095,-0.005,-5.76,-1.40,562,2397,-2903,0,0
25.320,463.0,-338.71,-23.09,-26.33,65.9,0.41,-0.61,0.00,0.75,0.00,1.00,2,4729,180.4,1.55,0.11,3.38,-13.34,129,144,2136,-0.0217,-0.036,-0.003,-0.097,-3.03,-4.13,539,-78,-1005,0,0,3357,0.0108,-0.037,-0.002,-0.098,-2.97,-4.19,550,-89,-1524,0,0,3114,0.0010,0.058,0.129,0.029,-4.87,-2.29,608,2552,-1387,0,0,4200,0.0335,0.087,0.104,0.004,-4.78,-2.38,606,3194,-2011,0,0
25.440,465.3,-340.64,-23.10,-27.46,67.5,0.41,-0.52,0.00,0.47,0.00,1.00,2,4932,179.0,1.70,0.20,3.53,-10.11,135,151,2248,-0.0227,-0.009,-0.003,-0.097,-2.56,-4.60,553,-78,-917,0,0,3202,0.0054,-0.045,-0.002,-0.098,-2.52,-4.64,562,-92,-1270,0,0,2886,0.0003,-0.006,0.147,0.047,-3.93,-3.23,634,2525,-1024,0,0,3693,0.0284,-0.042,0.128,0.028,-3.88,-3.29,632,3114,-1391,0,0
25.560,467.5,-342.56,-23.12,-28.67,69.0,0.37,-0.45,0.00,0.69,0.00,1.00,2,5084,296.1,1.82,0.34,3.68,-7.11,140,158,2359,-0.0215,0.010,-0.002,-0.098,-2.01,-5.15,567,-81,-776,0,0,3194,0.0026,-0.023,-0.002,-0.098,-1.99,-5.17,573,-93,-1027,0,0,2845,-0.0017,-0.017,0.153,0.053,-2.95,-4.21,656,2570,-806,0,0,3535,0.0224,-0.050,0.140,0.040,-2.92,-4.24,654,3113,-1047,0,0
25.680,469.9,-344.50,-23.15,-29.97,70.8,0.44,-0.36,0.00,0.80,0.00,1.00,2,5166,287.0,1.82,0.35,3.89,-6.56,148,166,3063,-0.0165,0.042,-0.002,-0.098,-1.52,-5.64,583,-94,-772,0,0,3745,0.0032,0.006,-0.002,-0.098,-1.51,-5.65,588,-108,-926,0,0,3065,0.0010,0.023,0.139,0.039,-2.35,-4.81,666,2785,-738,0,0,3551,0.0190,-0.028,0.128,0.028,-2.33,-4.83,665,3159,-888,0,0
25.800,472.3,-346.47,-23.17,-31.35,72.8,0.48,-0.32,0.00,0.67,0.00,1.00,2,5349,267.6,1.82,-0.06,4.09,-5.85,165,176,2707,-0.0125,0.033,-0.002,-0.098,-1.18,-5.99,600,-95,-530,0,0,3134,0.0030,-0.002,-0.002,-0.098,-1.17,-5.99,605,-101,-606,0,0,3809,0.0078,0.057,0.146,0.046,-1.87,-5.29,687,3501,-687,0,0,4167,0.0221,0.025,0.136,0.036,-1.86,-5.31,687,3783,-777,0,0
25.920,474.7,-348.47,-23.19,-32.80,74.9,0.51,-0.27,0.00,0.82,0.00,1.00,2,5459,319.0,1.94,-0.25,4.24,-3.75,174,186,2515,-0.0145,-0.016,-0.002,-0.098,-0.88,-6.28,618,-90,-373,0,0,2841,-0.0028,-0.048,-0.002,-0.098,-0.88,-6.29,621,-92,-417,0,0,3482,0.0140,0.051,0.136,0.036,-1.33,-5.83,703,3219,-490,0,0,3773,0.0256,0.030,0.130,0.030,-1.32,-5.84,703,3450,-543,0,0
26.040,477.3,-350.49,-23.20,-34.32,76.9,0.47,-0.20,0.00,0.84,0.00,1.00,2,5605,299.3,1.91,-0.18,4.36,-2.78,181,196,2545,-0.0153,-0.007,-0.002,-0.098,-0.62,-6.55,635,-87,-267,0,0,2784,-0.0069,-0.034,-0.002,-0.098,-0.61,-6.55,637,-89,-289,0,0,3188,0.0113,-0.022,0.136,0.036,-0.95,-6.21,722,2976,-327,0,0,3379,0.0197,-0.049,0.131,0.031,-0.95,-6.21,722,3131,-352,0,0
26.160,479.9,-352.56,-23.21,-35.90,78.8,0.46,-0.18,-0.09,0.85,0.00,1.00,2,5739,299.9,1.91,-0.10,4.45,-2.90,189,206,2555,-0.0149,0.004,-0.001,-0.099,-4.06,-3.10,650,-39,-1075,0,0,8195,-0.0088,-0.016,-0.002,-0.098,-3.38,-3.78,650,241,-2693,0,0,3114,0.0090,-0.019,0.134,0.034,-0.66,-6.51,740,2915,-226,0,0,3370,0.0149,-0.040,0.130,0.030,-0.65,-6.51,739,3130,-247,0,0
26.280,482.5,-354.64,-23.23,-37.56,80.5,0.41,-0.45,0.00,0.87,0.00,1.00,2,5787,307.7,1.90,-0.28,3.96,-19.45,202,215,2458,-0.0154,-0.005,0.000,-0.100,0.37,-6.79,660,-39,12,0,0,3708,0.0062,0.125,-0.002,-0.098,0.36,-6.80,674,-66,80,0,0,3542,0.0017,-0.060,0.129,0.029,-1.83,-5.33,745,3230,-634,0,0,4430,0.0223,0.062,0.102,0.002,-1.79,-5.38,744,3785,-875,0,0
26.400,485.3,-356.75,-23.23,-39.29,82.5,0.49,-0.25,0.00,0.60,0.00,1.00,2,5999,196.9,1.69,-0.39,4.20,-12.31,210,226,2574,-0.0140,0.012,-0.002,-0.098,-1.06,-6.10,678,-91,-425,0,0,2918,-0.0001,-0.052,-0.002,-0.098,-1.04,-6.12,688,-84,-473,0,0,3504,0.0121,0.087,0.113,0.013,-2.42,-4.74,766,3090,-913,0,0,3847,0.0260,0.031,0.097,-0.003,-2.39,-4.77,765,3257,-1063,0,0
26.520,488.0,-358.87,-23.23,-41.10,84.3,0.42,-0.33,0.00,0.90,0.00,1.00,2,6109,317.7,1.94,-0.27,4.19,-7.90,214,236,2383,-0.0167,-0.022,-0.002,-0.098,-1.38,-5.78,693,-81,-534,0,0,3045,-0.0026,-0.021,-0.002,-0.098,-1.37,-5.80,700,-87,-669,0,0,2956,0.0078,-0.036,0.133,0.033,-2.25,-4.92,788,2670,-706,0,0,3512,0.0218,-0.035,0.122,0.022,-2.23,-4.94,787,3087,-872,0,0
26.640,490.9,-361.00,-23.24,-42.98,86.0,0.43,-0.31,0.00,0.88,0.00,1.00,2,6240,291.1,1.90,-0.17,4.19,-7.09,221,245,3050,-0.0151,0.013,-0.002,-0.098,-1.38,-5.78,709,-97,-685,0,0,3719,-0.0009,0.015,-0.002,-0.098,-1.37,-5.79,714,-104,-821,0,0,2957,0.0041,-0.031,0.132,0.032,-2.13,-5.04,804,2687,-667,0,0,3502,0.0180,-0.032,0.122,0.022,-2.11,-5.05,803,3109,-816,0,0
26.760,493.8,-363.14,-23.24,-44.94,87.9,0.46,-0.32,0.00,0.96,0.00,1.00,2,6336,318.7,1.98,-0.47,4.20,-6.28,238,257,2622,-0.0129,0.018,-0.002,-0.098,-1.31,-5.85,725,-93,-561,0,0,3270,0.0022,0.025,-0.002,-0.098,-1.30,-5.86,730,-96,-690,0,0,3593,0.0082,0.034,0.124,0.024,-1.94,-5.23,816,3214,-767,0,0,4112,0.0223,0.036,0.115,0.015,-1.92,-5.24,815,3593,-901,0,0
26.880,496.8,-365.31,-23.24,-46.97,89.9,0.48,-0.31,-0.10,1.00,0.00,1.00,2,6518,307.2,1.95,-0.60,4.24,-5.21,249,268,2367,-0.0156,-0.022,0.000,-0.100,-5.34,-1.82,740,-11,-1361,0,0,3014,-0.0021,-0.035,-0.001,-0.099,-4.57,-2.60,744,-37,-1542,0,0,3244,0.0114,0.026,0.106,0.006,-1.63,-5.53,832,2870,-632,0,0,3784,0.0249,0.021,0.100,0.000,-1.62,-5.54,831,3263,-752,0,0
27.000,499.8,-367.47,-23.23,-49.10,91.3,0.35,-0.55,0.00,1.00,0.00,1.00,2,6250,233.6,1.59,-0.36,3.82,-19.08,249,276,1985,-0.0222,-0.055,-0.021,-0.079,-0.45,-6.71,734,-412,-1351,0,0,3684,0.0026,0.039,-0.011,-0.089,-0.44,-6.72,757,-543,-2151,0,0,2299,0.0002,-0.093,0.076,-0.024,-2.38,-4.78,806,1719,-729,0,0,3817,0.0250,0.001,0.053,-0.047,-2.34,-4.83,805,2236,-1250,0,0
27.120,502.9,-369.61,-23.23,-51.29,92.7,0.36,-0.37,0.00,0.80,0.00,1.00,2,6743,262.7,1.89,-0.27,3.96,-15.95,254,285,2807,-0.0139,0.069,-0.002,-0.098,-1.80,-5.36,761,-86,-790,0,0,3726,0.0075,0.041,-0.002,-0.098,-1.77,-5.39,773,-92,-1018,0,0,2892,-0.0016,-0.015,0.140,0.040,-3.36,-3.80,869,2546,-947,0,0,3477,0.0194,-0.047,0.120,0.020,-3.31,-3.85,868,2935,-1215,0,0
27.240,506.0,-371.75,-23.22,-53.57,94.5,0.45,-0.45,0.00,1.00,0.00,1.00,2,6734,274.8,1.80,-0.47,3.99,-12.48,269,296,2279,-0.0161,-0.019,-0.002,-0.098,-2.36,-4.80,776,-78,-847,0,0,3327,0.0054,-0.017,-0.002,-0.098,-2.33,-4.83,786,-85,-1203,0,0,1689,0.0053,0.058,0.121,0.021,-3.35,-3.81,872,1440,-653,0,0,4110,0.0272,0.065,0.100,0.000,-3.51,-3.65,866,3195,-1643,0,0
27.360,509.2,-373.88,-23.21,-55.94,96.2,0.42,-0.46,0.00,1.00,0.00,0.72,2,6788,224.9,1.68,-0.39,3.95,-10.56,276,307,2191,-0.0203,-0.035,-0.002,-0.098,-2.55,-4.61,790,-72,-879,0,0,3206,0.0021,-0.027,-0.002,-0.098,-2.53,-4.63,799,-81,-1255,0,0,2827,0.0031,-0.019,0.105,0.005,-3.56,-3.60,874,2294,-1134,0,0,3692,0.0255,-0.014,0.092,-0.008,-3.53,-3.63,873,2811,-1532,0,0
27.480,512.4,-375.98,-23.20,-58.40,97.5,0.35,-0.49,0.00,1.00,0.00,0.24,2,7347,285.0,2.03,-0.29,3.88,-9.20,279,315,2729,-0.0176,0.023,-0.002,-0.098,-2.48,-4.68,803,-72,-1065,0,0,3928,0.0065,0.037,-0.002,-0.098,-2.46,-4.70,810,-83,-1492,0,0,2593,-0.0020,-0.043,0.052,-0.048,-3.34,-3.82,845,1522,-1202,0,0,3639,0.0219,-0.030,0.042,-0.058,-3.31,-3.85,844,1810,-1694,0,0
27.600,515.7,-378.04,-23.19,-60.92,97.9,0.12,-0.52,0.00,1.00,0.00,0.90,3,7322,303.1,2.15,-0.34,3.81,-5.43,272,318,2677,-0.0138,0.031,-0.002,-0.098,-2.15,-5.01,807,-77,-926,0,0,3853,0.0134,0.057,-0.002,-0.098,-2.14,-5.02,812,-95,-1303,0,0,2849,-0.0031,-0.009,0.106,0.006,-2.66,-4.51,898,2336,-933,0,0,3921,0.0235,0.013,0.098,-0.002,-2.64,-4.52,896,3067,-1294,0,0
27.720,519.0,-380.08,-23.17,-63.51,99.7,0.44,-0.34,0.00,0.00,0.00,1.00,3,5538,-64.5,0.85,-0.42,4.13,-8.89,288,329,2499,-0.0148,-0.009,-0.002,-0.098,-2.02,-5.14,821,-76,-809,0,0,2887,0.0036,-0.081,-0.002,-0.098,-2.01,-5.15,828,-90,-922,0,0,3136,0.0026,0.047,0.259,0.159,-2.83,-4.33,1039,2851,-512,0,0,3511,0.0210,-0.020,0.247,0.147,-2.80,-4.36,1038,3186,-590,0,0
27.840,522.3,-382.12,-23.16,-66.19,101.3,0.40,-0.39,0.00,1.00,0.00,1.00,3,4658,166.9,0.98,-0.42,4.17,-8.48,302,340,2750,-0.0158,-0.008,-0.002,-0.098,-2.09,-5.07,834,-72,-917,0,0,3701,0.0013,-0.019,-0.001,-0.099,-2.08,-5.09,841,-76,-1207,0,0,2767,0.0019,-0.006,0.044,-0.056,-2.86,-4.31,871,1508,-1148,0,0,3621,0.0191,-0.016,0.035,-0.065,-2.83,-4.33,871,1661,-1503,0,0
27.960,525.7,-384.12,-23.14,-68.93,102.2,0.23,-0.46,0.00,1.00,0.00,1.00,3,4791,329.0,1.85,-0.50,4.01,-5.23,304,346,2584,-0.0144,0.012,-0.002,-0.098,-1.90,-5.26,843,-71,-794,0,0,3682,0.0081,0.057,-0.002,-0.098,-1.89,-5.27,847,-81,-1107,0,0,2959,0.0000,-0.016,0.063,-0.037,-2.36,-4.80,898,1985,-996,0,0,3951,0.0217,0.022,0.056,-0.044,-2.35,-4.81,897,2436,-1330,0,0
28.080,529.1,-386.09,-23.12,-71.74,103.5,0.32,-0.50,0.00,1.00,0.00,1.00,3,4963,374.3,2.10,-0.50,3.93,-10.19,309,355,2111,-0.0180,-0.030,-0.009,-0.091,-1.23,-5.93,846,-215,-1168,0,0,3527,0.0065,-0.013,-0.006,-0.094,-1.22,-5.94,857,-304,-1713,0,0,2594,-0.0017,-0.014,0.090,-0.010,-2.12,-5.04,931,2133,-705,0,0,3786,0.0228,0.009,0.078,-0.022,-2.10,-5.06,929,2874,-1052,0,0
28.200,532.6,-388.03,-23.11,-74.62,104.9,0.36,-0.35,0.00,1.00,0.00,1.00,3,5109,384.7,2.17,-0.45,4.12,-8.42,320,365,2918,-0.0159,0.017,-0.002,-0.098,-1.62,-5.54,865,-89,-758,0,0,3597,0.0034,-0.026,-0.002,-0.098,-1.61,-5.56,871,-93,-918,0,0,2886,-0.0013,0.003,0.105,0.005,-2.35,-4.82,957,2466,-808,0,0,3438,0.0183,-0.038,0.096,-0.004,-2.33,-4.83,956,2825,-988,0,0
28.320,536.2,-389.96,-23.09,-77.57,106.5,0.39,-0.38,0.00,1.00,0.00,1.00,3,5092,388.8,2.19,-0.68,4.22,-6.48,340,376,2534,-0.0140,0.016,-0.002,-0.098,-1.67,-5.50,879,-79,-684,0,0,3305,0.0037,0.002,-0.002,-0.098,-1.66,-5.50,884,-84,-877,0,0,3256,0.0045,0.049,0.084,-0.016,-2.21,-4.95,954,2569,-943,0,0,4020,0.0219,0.030,0.076,-0.024,-2.20,-4.97,953,3007,-1177,0,0
28.440,539.7,-391.86,-23.06,-80.61,108.0,0.36,-0.48,-0.29,1.00,0.00,1.00,3,5210,387.1,2.20,-0.67,4.05,-11.60,346,387,2005,-0.0188,-0.041,0.011,-0.089,-13.34,6.17,875,86,-1832,0,0,3520,0.0031,-0.005,0.002,-0.098,-11.11,3.95,884,32,-3081,0,0,2584,0.0022,-0.020,0.098,-0.002,-2.13,-5.03,977,2186,-682,0,0,3858,0.0241,0.018,0.084,-0.016,-2.11,-5.05,975,3030,-1045,0,0
28.560,543.4,-393.73,-23.04,-83.71,109.3,0.34,-0.46,0.00,0.99,0.00,1.00,3,5385,383.2,2.20,-0.48,3.99,-15.18,348,396,2702,-0.0186,0.002,-0.002,-0.098,-1.93,-5.24,898,-79,-814,0,0,3731,0.0054,0.019,-0.002,-0.098,-1.90,-5.26,910,-92,-1092,0,0,2775,-0.0030,-0.043,0.122,0.022,-3.20,-3.96,1009,2385,-948,0,0,3478,0.0210,-0.026,0.106,0.006,-3.16,-4.01,1008,2836,-1247,0,0
28.680,547.0,-395.56,-23.02,-86.90,110.8,0.38,-0.48,0.00,1.00,0.00,1.00,3,5390,380.3,2.18,-0.55,4.04,-12.41,363,407,2315,-0.0173,0.010,-0.002,-0.098,-2.57,-4.59,911,-73,-928,0,0,3425,0.0056,0.002,-0.002,-0.098,-2.54,-4.62,921,-82,-1336,0,0,3063,0.0009,0.033,0.107,0.007,-3.59,-3.58,1010,2463,-1234,0,0,3983,0.0239,0.024,0.094,-0.006,-3.55,-3.61,1008,3000,-1657,0,0
28.800,550.8,-397.35,-22.99,-90.16,112.2,0.36,-0.57,-0.25,1.00,0.00,1.00,3,5518,379.3,2.20,-0.46,3.88,-13.80,368,417,1935,-0.0220,-0.039,0.004,-0.096,-10.21,3.04,913,35,-1705,0,0,3572,0.0052,-0.003,0.000,-0.100,-8.80,1.63,924,0,-2958,0,0,2467,-0.0025,-0.028,0.121,0.021,-3.74,-3.42,1035,2065,-979,0,0,3850,0.0248,0.007,0.105,0.005,-3.70,-3.47,1032,3015,-1582,0,0
28.920,554.5,-399.08,-22.97,-93.50,113.1,0.28,-0.72,0.00,0.88,0.00,1.00,3,5591,327.0,2.02,-0.24,3.52,-24.59,364,424,2371,-0.0236,-0.014,-0.007,-0.093,-3.11,-4.05,920,-323,-1171,0,0,4248,0.0144,0.077,0.000,-0.100,-3.05,-4.11,945,-40,-1982,0,0,2239,-0.0115,-0.075,0.132,0.032,-5.10,-2.06,1048,1800,-1081,0,0,3829,0.0258,0.009,0.106,0.006,-5.00,-2.16,1046,2773,-1968,0,0
29.040,558.3,-400.73,-22.96,-96.92,114.2,0.34,-0.68,-0.11,0.91,0.00,1.00,3,5633,355.2,2.08,-0.17,3.54,-21.39,368,432,2091,-0.0231,0.005,-0.002,-0.098,-4.52,-2.64,932,-54,-1319,0,0,3726,0.0138,-0.006,-0.002,-0.098,-4.44,-2.72,949,-72,-2264,0,0,2653,-0.0074,0.033,0.130,0.030,-6.23,-0.93,1056,1952,-1498,0,0,4052,0.0294,0.030,0.108,0.008,-6.13,-1.04,1054,2689,-2394,0,0
29.160,562.1,-402.29,-22.94,-100.41,114.9,0.27,-0.81,0.00,0.92,0.00,1.00,3,5638,292.0,1.79,0.10,3.34,-25.07,363,437,1818,-0.0276,-0.038,-0.037,-0.063,-5.40,-1.77,903,-323,-1599,0,0,3970,0.0143,0.004,-0.030,-0.070,-5.29,-1.88,930,-697,-3301,0,0,2061,-0.0131,-0.047,0.128,0.028,-7.40,0.23,1057,1409,-1310,0,0,3904,0.0288,-0.006,0.103,0.003,-7.25,0.08,1055,2314,-2590,0,0
29.280,566.0,-403.75,-22.93,-103.96,115.5,0.27,-0.82,0.00,0.80,0.00,1.00,3,5705,261.3,1.76,0.31,3.26,-26.87,361,442,2115,-0.0257,0.016,-0.002,-0.098,-6.75,-0.41,937,-38,-1675,0,0,4176,0.0187,0.037,-0.002,-0.098,-6.61,-0.56,958,-69,-3172,0,0,2465,-0.0160,-0.024,0.139,0.039,-8.87,1.70,1069,1591,-1651,0,0,4286,0.0277,-0.009,0.112,0.012,-8.67,1.51,1067,2405,-2987,0,0
29.400,569.8,-405.10,-22.93,-107.58,116.0,0.28,-0.88,0.00,0.72,0.00,1.00,3,5760,263.6,1.77,0.49,3.15,-25.58,357,445,1856,-0.0283,-0.022,-0.002,-0.098,-8.03,0.87,938,-30,-1574,0,0,4007,0.0183,-0.004,-0.002,-0.098,-7.86,0.70,958,-60,-3265,0,0,2236,-0.0154,0.005,0.148,0.048,-10.03,2.87,1080,1382,-1560,0,0,4068,0.0312,0.029,0.122,0.022,-9.83,2.67,1077,2204,-2930,0,0
29.520,573.7,-406.34,-22.93,-111.26,116.4,0.25,-0.89,0.00,0.70,0.00,1.00,3,5764,226.1,1.64,0.78,3.07,-25.86,352,448,2127,-0.0297,-0.012,-0.002,-0.098,-9.20,2.04,938,-27,-1864,0,0,4299,0.0181,-0.001,-0.003,-0.097,-9.01,1.85,957,-88,-3623,0,0,2079,-0.0185,-0.026,0.150,0.050,-11.21,4.05,1080,1205,-1515,0,0,3886,0.0286,-0.022,0.123,0.023,-10.98,3.82,1078,1964,-2909,0,0
29.640,577.6,-407.45,-22.94,-114.98,116.5,0.24,-0.95,0.00,0.72,0.00,1.00,3,5738,224.3,1.61,0.94,2.94,-26.77,347,449,1897,-0.0286,0.009,-0.002,-0.098,-10.36,3.20,935,-20,-1706,0,0,4260,0.0219,0.032,-0.002,-0.098,-10.14,2.98,956,-53,-3678,0,0,2272,-0.0190,-0.004,0.148,0.048,-12.43,5.27,1075,1207,-1721,0,0,4252,0.0315,0.024,0.121,0.021,-12.17,5.00,1073,1936,-3283,0,0
29.760,581.5,-408.43,-22.96,-118.74,116.6,0.21,-0.82,0.35,0.58,0.00,1.00,3,5513,143.9,1.29,1.17,3.09,-16.65,344,450,2324,-0.0276,0.008,-0.003,-0.097,0.05,-7.11,956,-98,-189,0,0,3598,0.0186,-0.027,0.000,-0.100,2.87,-4.29,969,-6,1240,0,0,2407,-0.0178,0.010,0.102,0.002,-13.20,6.03,1032,921,-2014,0,0,3458,0.0284,-0.025,0.086,-0.014,-13.02,5.86,1032,1135,-2912,0,0
29.880,585.4,-409.30,-22.99,-122.53,116.6,0.19,-0.84,0.00,0.54,0.00,1.00,3,5873,259.1,1.78,1.27,3.18,-9.51,345,450,1980,-0.0242,0.028,-0.003,-0.097,-11.26,4.09,941,-26,-1799,0,0,4397,0.0192,0.005,-0.004,-0.096,-11.17,4.01,947,-85,-3843,0,0,1995,-0.0180,-0.002,0.167,0.067,-11.98,4.82,1101,1168,-1441,0,0,3898,0.0237,-0.039,0.155,0.055,-11.89,4.73,1099,2133,-2800,0,0
30.001,589.3,-410.03,-23.02,-126.35,116.8,0.24,-0.96,0.18,0.70,0.00,1.00,3,5782,255.6,1.70,1.23,2.91,-10.39,347,451,1788,-0.0285,-0.035,-0.011,-0.089,-7.30,0.14,945,-120,-1528,0,0,4197,0.0219,0.023,-0.009,-0.091,-6.51,-0.65,957,-250,-3370,0,0,2172,-0.0191,-0.009,0.145,0.045,-11.25,4.09,1084,1221,-1608,0,0,4194,0.0313,0.063,0.132,0.032,-11.16,3.99,1081,2168,-3087,0,0
30.121,593.2,-410.64,-23.06,-130.20,117.1,0.25,-0.85,0.00,0.78,0.00,1.00,3,5815,269.5,1.75,1.28,3.02,-6.49,356,454,1862,-0.0288,-0.003,-0.003,-0.097,-9.63,2.47,951,-27,-1658,0,0,3932,0.0177,-0.035,-0.004,-0.096,-9.58,2.42,956,-78,-3384,0,0,2152,-0.0181,0.008,0.143,0.043,-10.13,2.96,1090,1285,-1540,0,0,3894,0.0284,-0.024,0.134,0.034,-10.07,2.91,1088,2188,-2766,0,0
30.241,597.1,-411.12,-23.11,-134.09,117.6,0.27,-0.90,0.00,0.83,0.00,1.00,3,5817,260.0,1.74,1.27,3.00,-9.28,365,457,1971,-0.0288,0.000,-0.004,-0.096,-8.59,1.42,956,-48,-1707,0,0,4142,0.0194,0.014,-0.003,-0.097,-8.52,1.36,964,-85,-3461,0,0,2312,-0.0187,-0.005,0.136,0.036,-9.29,2.13,1090,1427,-1610,0,0,4097,0.0285,0.001,0.125,0.025,-9.22,2.06,1088,2352,-2852,0,0
30.361,601.0,-411.47,-23.16,-138.00,118.2,0.28,-0.88,0.00,0.82,0.00,1.00,3,5862,280.1,1.83,1.30,3.01,-10.40,372,462,1865,-0.0295,-0.006,-0.004,-0.096,-7.87,0.71,962,-47,-1577,0,0,3917,0.0178,-0.013,-0.003,-0.097,-7.81,0.64,971,-80,-3199,0,0,2254,-0.0172,0.012,0.138,0.038,-8.66,1.50,1099,1459,-1514,0,0,3992,0.0300,0.013,0.126,0.026,-8.59,1.43,1096,2403,-2694,0,0
30.481,605.0,-411.70,-23.23,-141.95,118.9,0.29,-0.82,0.18,0.79,0.00,1.00,3,5877,260.7,1.77,1.40,3.09,-10.90,379,468,2110,-0.0291,0.003,-0.004,-0.096,-4.56,-2.60,974,-86,-1356,0,0,3915,0.0160,-0.015,-0.002,-0.098,-3.85,-3.31,985,-76,-2173,0,0,2292,-0.0172,0.000,0.133,0.033,-8.28,1.12,1101,1497,-1523,0,0,3752,0.0272,-0.023,0.121,0.021,-8.21,1.05,1099,2284,-2518,0,0
30.601,609.0,-411.84,-23.30,-145.93,119.8,0.28,-0.57,0.00,0.96,0.00,1.00,3,5917,318.2,1.95,1.33,3.63,3.37,398,475,2299,-0.0208,0.069,-0.003,-0.097,-6.75,-0.42,985,-57,-1834,0,0,3705,0.0098,-0.052,-0.003,-0.097,-6.76,-0.40,982,-95,-2895,0,0,2595,-0.0087,0.071,0.123,0.023,-6.49,-0.68,1109,1819,-1559,0,0,4049,0.0209,-0.053,0.124,0.024,-6.50,-0.66,1106,2787,-2369,0,0
30.721,613.0,-411.87,-23.38,-149.94,120.9,0.34,-0.73,0.08,0.98,0.00,1.00,3,5973,348.0,2.10,1.25,3.46,0.68,411,484,1975,-0.0254,-0.039,-0.005,-0.095,-2.03,-5.13,997,-128,-872,0,0,3626,0.0110,0.010,-0.003,-0.097,-1.39,-5.77,999,-171,-1326,0,0,2458,-0.0110,-0.020,0.121,0.021,-4.89,-2.27,1120,1919,-1221,0,0,3858,0.0254,0.037,0.119,0.019,-4.89,-2.27,1117,2925,-1892,0,0
30.841,617.0,-411.82,-23.46,-154.00,122.3,0.37,-0.48,0.00,1.00,0.00,1.00,3,5996,362.5,2.17,1.12,3.84,5.07,433,496,2340,-0.0212,0.035,-0.003,-0.097,-3.49,-3.67,1012,-76,-1247,0,0,3369,0.0055,-0.045,-0.003,-0.097,-3.51,-3.66,1008,-100,-1773,0,0,2723,-0.0061,0.041,0.108,0.008,-3.11,-4.06,1124,2263,-988,0,0,3736,0.0205,-0.041,0.110,0.010,-3.12,-4.04,1121,3076,-1324,0,0
30.961,621.1,-411.69,-23.55,-158.10,123.9,0.38,-0.45,0.00,1.00,0.00,1.00,3,5961,367.7,2.19,1.01,4.04,2.88,450,509,2427,-0.0204,0.007,-0.002,-0.098,-2.04,-5.12,1025,-76,-813,0,0,3182,0.0029,-0.022,-0.002,-0.098,-2.05,-5.11,1023,-91,-1055,0,0,2854,-0.0031,0.025,0.087,-0.013,-1.82,-5.34,1117,2342,-695,0,0,3583,0.0194,-0.009,0.088,-0.012,-1.83,-5.33,1115,2920,-859,0,0
31.081,625.3,-411.51,-23.64,-162.26,125.4,0.37,-0.24,0.26,1.00,0.00,1.00,3,6002,367.9,2.20,0.96,4.47,5.93,464,522,3016,-0.0159,0.037,-0.001,-0.099,5.40,-1.77,1037,-26,1898,0,0,2727,-0.0023,-0.044,0.002,-0.098,6.89,-0.27,1032,39,2006,0,0,3249,0.0013,0.037,0.079,-0.021,-0.94,-6.22,1124,2627,-437,0,0,2966,0.0145,-0.041,0.084,-0.016,-0.95,-6.22,1124,2465,-394,0,0
31.201,629.5,-411.34,-23.73,-166.46,126.7,0.31,0.24,0.00,1.00,0.00,1.00,3,6090,365.2,2.20,0.75,5.58,25.73,470,532,3550,0.0008,0.139,-0.001,-0.099,-0.07,-7.09,1059,-47,-74,0,0,2242,-0.0156,-0.111,-0.003,-0.097,-0.07,-7.09,1037,-152,-39,0,0,3726,0.0161,0.124,0.075,-0.025,1.77,-5.39,1140,2842,838,0,0,2619,-0.0003,-0.123,0.097,-0.003,1.81,-5.36,1141,2257,555,0,0
31.321,633.8,-411.18,-23.81,-170.71,128.1,0.35,0.23,0.25,1.00,0.00,1.00,3,6242,360.0,2.20,0.49,5.85,22.56,474,544,3577,0.0022,0.011,0.002,-0.098,8.84,1.68,1059,38,2960,0,0,2075,-0.0174,-0.015,0.007,-0.093,10.34,3.18,1042,70,1827,0,0,3712,0.0172,0.009,0.092,-0.008,3.86,-3.30,1168,2729,1654,0,0,2531,-0.0027,-0.020,0.112,0.012,3.92,-3.24,1170,2048,1074,0,0
31.441,638.0,-411.10,-23.89,-175.00,129.0,0.27,0.58,0.00,0.82,0.00,1.00,3,6386,299.3,2.01,0.18,6.53,30.39,465,551,4027,0.0124,0.085,-0.002,-0.098,4.23,-2.93,1075,-127,2360,0,0,1894,-0.0251,-0.064,-0.012,-0.088,4.32,-2.84,1041,-300,1165,0,0,4043,0.0252,0.067,0.109,0.009,6.35,-0.82,1194,2685,2406,0,0,2235,-0.0124,-0.080,0.137,0.037,6.49,-0.67,1197,1678,1255,0,0
31.561,642.4,-411.09,-23.96,-179.32,129.8,0.27,0.59,0.00,0.77,0.00,1.00,3,6434,264.7,1.85,-0.13,6.72,29.30,454,557,3883,0.0137,0.011,-0.002,-0.098,6.67,-0.49,1076,-56,2970,0,0,1997,-0.0272,-0.018,-0.002,-0.098,6.82,-0.35,1053,-29,1588,0,0,3890,0.0260,0.007,0.117,0.017,8.69,1.53,1204,2245,2698,0,0,2154,-0.0154,-0.026,0.143,0.043,8.88,1.71,1206,1414,1435,0,0
31.681,646.7,-411.18,-24.01,-183.65,130.2,0.23,0.70,0.00,0.75,0.00,1.00,3,6437,235.3,1.70,-0.46,6.91,29.49,443,561,4156,0.0170,0.027,-0.002,-0.098,8.82,1.66,1073,-49,3490,0,0,1886,-0.0287,-0.013,-0.001,-0.099,9.01,1.85,1050,-16,1650,0,0,3990,0.0269,0.007,0.120,0.020,10.84,3.68,1204,2001,2989,0,0,2050,-0.0188,-0.028,0.147,0.047,11.07,3.91,1207,1188,1497,0,0
31.801,651.0,-411.38,-24.06,-187.99,130.3,0.20,0.76,0.00,0.67,0.00,1.00,3,6431,202.5,1.60,-0.79,7.01,29.09,427,562,4127,0.0188,0.015,-0.002,-0.098,10.90,3.74,1066,-37,3607,0,0,1804,-0.0305,-0.015,-0.001,-0.099,11.13,3.97,1045,-6,1640,0,0,3961,0.0283,0.012,0.126,0.026,12.87,5.71,1203,1790,3081,0,0,2004,-0.0210,-0.018,0.153,0.053,13.14,5.98,1205,1048,1534,0,0
31.921,655.4,-411.70,-24.09,-192.33,130.1,0.16,0.79,-0.07,0.39,0.00,1.00,3,6394,174.8,1.50,-1.09,7.03,28.96,411,560,4318,0.0205,0.014,-0.002,-0.098,12.87,5.71,1056,-31,3819,0,0,1976,-0.0302,0.002,0.000,-0.100,13.14,5.98,1036,2,1815,0,0,3886,0.0273,-0.009,0.130,0.030,14.82,7.66,1196,1590,3099,0,0,2016,-0.0236,-0.022,0.157,0.057,15.13,7.97,1198,957,1591,0,0
32.041,659.7,-412.12,-24.11,-196.64,129.8,0.13,0.77,-0.36,0.72,0.00,1.00,3,6135,171.6,1.29,-1.40,6.92,22.04,399,557,3987,0.0209,0.003,-0.001,-0.099,-0.10,-7.07,1079,-79,522,0,0,2107,-0.0290,0.011,-0.005,-0.095,2.88,-4.28,1057,-136,1138,0,0,3768,0.0273,0.000,0.100,0.000,16.42,9.26,1149,1107,3188,0,0,2168,-0.0226,0.009,0.120,0.020,16.69,9.52,1150,754,1840,0,0
32.161,664.0,-412.65,-24.12,-200.93,129.4,0.13,0.76,0.00,0.61,0.00,1.00,3,6327,152.3,1.44,-1.57,6.79,15.86,395,554,4264,0.0194,-0.013,-0.002,-0.098,15.65,8.49,1033,-30,3791,0,0,1940,-0.0273,0.013,0.004,-0.096,15.83,8.67,1027,30,1789,0,0,3914,0.0251,-0.018,0.143,0.043,16.72,9.56,1183,1536,3128,0,0,1936,-0.0219,0.006,0.159,0.059,16.91,9.75,1185,840,1563,0,0
32.281,668.3,-413.29,-24.11,-205.18,128.8,0.12,0.84,-0.11,0.45,0.00,1.00,3,6235,107.1,1.37,-1.81,6.92,14.73,386,549,4289,0.0223,0.025,-0.017,-0.083,11.45,4.29,1032,-283,3782,0,0,1816,-0.0296,-0.019,-0.015,-0.085,12.44,5.28,1019,-103,1671,0,0,4093,0.0284,0.027,0.134,0.034,16.97,9.81,1166,1508,3307,0,0,2028,-0.0235,-0.014,0.149,0.049,17.15,9.99,1168,829,1661,0,0
32.401,672.6,-414.05,-24.09,-209.40,128.2,0.11,0.76,0.00,0.94,0.00,1.00,3,6118,206.1,1.38,-1.94,6.76,7.01,386,544,3932,0.0198,-0.021,0.029,-0.071,16.23,9.07,1050,376,3481,0,0,2176,-0.0286,0.009,0.030,-0.070,16.32,9.16,1046,209,1985,0,0,3726,0.0262,-0.018,0.120,0.020,16.72,9.55,1146,1255,3088,0,0,2117,-0.0222,0.011,0.128,0.028,16.80,9.64,1147,765,1784,0,0
32.521,676.9,-414.91,-24.05,-213.57,127.7,0.12,0.84,0.00,0.69,0.00,1.00,3,6242,181.7,1.46,-2.07,6.80,6.51,386,540,4304,0.0220,0.018,-0.004,-0.096,15.42,8.26,1018,-62,3824,0,0,1899,-0.0286,-0.001,-0.001,-0.099,15.50,8.34,1016,-6,1753,0,0,4010,0.0271,0.008,0.143,0.043,15.88,8.71,1168,1637,3177,0,0,2003,-0.0230,-0.006,0.150,0.050,15.95,8.79,1170,875,1619,0,0
32.641,681.1,-415.89,-24.01,-217.71,127.2,0.11,0.82,-0.39,0.09,0.00,1.00,3,5895,54.9,1.09,-2.17,6.81,3.46,385,535,4110,0.0218,-0.002,-0.001,-0.099,4.71,-2.45,1051,-56,2621,0,0,1903,-0.0300,-0.012,-0.007,-0.093,6.56,-0.60,1039,-122,1502,0,0,3880,0.0288,0.014,0.080,-0.020,14.92,7.76,1102,1067,3310,0,0,2035,-0.0230,0.000,0.085,-0.015,14.96,7.80,1103,603,1778,0,0
32.761,685.4,-416.95,-23.95,-221.80,126.3,-0.07,0.60,0.00,0.00,0.00,1.00,3,5283,-62.5,0.31,-2.00,6.44,-14.52,388,528,4441,0.0190,-0.023,-0.001,-0.099,13.08,5.92,1015,-7,3926,0,0,2406,-0.0214,0.072,0.004,-0.096,12.94,5.78,1032,55,2195,0,0,3679,0.0200,-0.073,-0.027,-0.073,12.05,4.88,989,-412,3256,0,0,1925,-0.0200,0.025,-0.038,-0.062,11.92,4.75,989,-320,1737,0,0
32.881,689.5,-418.10,-23.87,-225.81,124.9,-0.19,0.84,-0.08,0.00,0.00,1.00,3,5254,-62.3,0.21,-1.74,6.88,-14.43,363,516,4688,0.0280,0.075,-0.003,-0.097,9.75,2.59,1014,-70,4006,0,0,2120,-0.0234,-0.016,-0.002,-0.098,9.64,2.48,1025,-29,1883,0,0,3767,0.0226,0.022,-0.031,-0.069,8.69,1.53,985,-702,3143,0,0,1551,-0.0287,-0.073,-0.044,-0.056,8.60,1.44,983,-420,1315,0,0
33.001,693.7,-419.33,-23.79,-229.77,123.8,-0.22,0.35,0.00,0.00,0.00,1.00,3,5318,-62.7,0.20,-1.47,6.26,-34.22,372,507,3275,0.0208,-0.060,0.005,-0.095,-7.93,0.77,1011,108,-2575,0,0,3473,-0.0129,0.087,0.000,-0.100,-5.33,-1.83,1038,2,-2140,0,0,2441,0.0116,-0.092,-0.014,-0.086,4.95,-2.21,994,-351,1673,0,0,2626,-0.0224,0.052,-0.035,-0.065,4.83,-2.34,998,-866,1724,0,0
33.121,697.8,-420.58,-23.71,-233.68,123.0,-0.20,0.34,0.00,0.00,0.00,1.00,3,5368,-63.1,0.20,-1.17,6.00,-28.55,377,500,3844,0.0166,-0.035,-0.001,-0.099,2.31,-4.85,1007,-60,1476,0,0,3014,-0.0071,0.049,0.000,-0.100,2.26,-4.90,1030,-18,1148,0,0,3174,0.0070,-0.038,-0.005,-0.095,0.17,-6.99,1003,-272,164,0,0,2425,-0.0166,0.049,-0.022,-0.078,0.16,-7.00,1008,-826,121,0,0
33.241,701.9,-421.84,-23.61,-237.57,122.3,-0.17,-0.09,0.00,0.00,0.00,1.00,3,5344,-62.9,0.20,-0.98,5.40,-18.70,377,494,3031,0.0071,-0.079,-0.001,-0.099,-0.53,-6.63,1005,-36,-219,0,0,3725,0.0011,0.068,0.000,-0.100,-0.52,-6.64,1020,-27,-264,0,0,2372,-0.0013,-0.070,-0.008,-0.092,-1.93,-5.24,998,-257,-711,0,0,2949,-0.0077,0.074,-0.018,-0.082,-1.90,-5.26,1003,-729,-859,0,0
33.361,705.9,-423.05,-23.52,-241.45,121.5,-0.15,-0.37,0.00,0.00,0.00,1.00,3,5304,-62.6,0.20,-0.87,4.69,-12.43,371,489,2858,-0.0027,-0.081,-0.001,-0.099,-1.82,-5.34,1001,-29,-818,0,0,4113,0.0108,0.081,-0.001,-0.099,-1.80,-5.36,1011,-37,-1144,0,0,2173,-0.0108,-0.079,-0.010,-0.090,-2.75,-4.41,991,-296,-925,0,0,3264,0.0030,0.089,-0.016,-0.084,-2.73,-4.44,995,-689,-1348,0,0
33.481,710.0,-424.19,-23.44,-245.32,120.8,-0.15,-0.48,0.00,0.00,0.00,1.00,3,5268,-62.4,0.20,-0.83,4.36,-8.47,364,482,2870,-0.0078,-0.043,-0.001,-0.099,-2.26,-4.90,996,-26,-1021,0,0,4108,0.0156,0.040,-0.001,-0.099,-2.25,-4.91,1003,-38,-1425,0,0,2209,-0.0152,-0.037,-0.012,-0.088,-2.90,-4.26,985,-337,-991,0,0,3256,0.0077,0.039,-0.016,-0.084,-2.88,-4.28,988,-646,-1424,0,0
33.601,714.0,-425.26,-23.35,-249.18,120.0,-0.15,-0.49,0.00,0.00,0.00,1.00,3,5236,-62.1,0.20,-0.80,4.33,-5.90,360,476,2777,-0.0091,-0.011,-0.001,-0.099,-2.24,-4.92,991,-26,-985,0,0,3855,0.0155,-0.001,-0.001,-0.099,-2.23,-4.93,996,-36,-1339,0,0,2255,-0.0165,-0.011,-0.013,-0.087,-2.69,-4.47,979,-371,-948,0,0,3174,0.0080,0.003,-0.015,-0.085,-2.67,-4.49,981,-617,-1308,0,0
33.721,718.0,-426.26,-23.27,-253.04,119.3,-0.15,-0.46,-0.08,0.00,0.00,1.00,3,5203,-61.9,0.20,-0.79,4.40,-4.36,356,471,2951,-0.0079,0.011,-0.001,-0.099,-1.98,-5.18,986,-29,-934,0,0,3827,0.0147,-0.006,-0.001,-0.099,-1.97,-5.19,989,-40,-1191,0,0,5507,-0.0169,-0.003,-0.014,-0.086,-2.31,-4.85,974,-696,-1963,0,0,3025,0.0058,-0.018,-0.015,-0.085,-2.31,-4.86,976,-596,-1095,0,0
33.841,721.9,-427.17,-23.19,-256.89,118.3,-0.19,-0.68,-0.40,0.00,0.00,1.00,3,5173,-61.7,0.20,-0.72,4.07,-16.47,348,463,2425,-0.0119,-0.034,0.024,-0.076,-17.96,10.80,948,167,-2211,0,0,4427,0.0204,0.047,0.007,-0.093,-14.92,7.76,960,106,-3922,0,0,1891,-0.0210,-0.034,-0.008,-0.092,-2.58,-4.58,966,-211,-759,0,0,3581,0.0113,0.045,-0.016,-0.084,-2.55,-4.61,971,-750,-1378,0,0
33.961,725.9,-428.00,-23.12,-260.73,117.4,-0.18,-0.60,0.00,0.00,0.00,1.00,3,5114,-61.3,0.20,-0.51,4.09,-17.12,336,456,3010,-0.0120,-0.001,-0.001,-0.099,-2.48,-4.69,965,-30,-1141,0,0,4199,0.0203,0.000,-0.002,-0.098,-2.44,-4.72,976,4,-1560,0,0,2166,-0.0219,-0.008,-0.010,-0.090,-3.82,-3.34,955,-252,-1206,0,0,3117,0.0107,-0.005,-0.020,-0.080,-3.77,-3.40,959,-693,-1680,0,0
34.081,729.8,-428.74,-23.05,-264.56,116.6,-0.14,-0.66,-0.22,0.00,0.00,1.00,3,5077,-61.0,0.20,-0.47,4.12,-15.65,335,450,2564,-0.0111,0.007,0.008,-0.092,-9.98,2.82,953,103,-2201,0,0,4374,0.0212,0.007,0.003,-0.097,-8.67,1.51,964,83,-3512,0,0,2076,-0.0201,0.015,-0.011,-0.089,-4.18,-2.98,949,-248,-1244,0,0,3541,0.0115,0.007,-0.019,-0.081,-4.13,-3.03,953,-717,-2043,0,0
34.201,733.6,-429.37,-22.98,-268.38,115.7,-0.15,-0.73,0.00,0.00,0.00,1.00,3,5029,-60.7,0.20,-0.35,3.97,-14.57,328,443,2533,-0.0149,-0.032,-0.001,-0.099,-3.53,-3.63,951,-22,-1324,0,0,4126,0.0224,0.011,-0.001,-0.099,-3.49,-3.67,962,-35,-2083,0,0,2060,-0.0222,-0.018,-0.012,-0.088,-4.68,-2.48,940,-257,-1335,0,0,3430,0.0151,0.030,-0.020,-0.080,-4.63,-2.53,943,-689,-2145,0,0
34.321,737.5,-429.90,-22.92,-272.18,114.9,-0.13,-0.68,0.00,0.00,0.00,1.00,3,4989,-60.4,0.20,-0.25,4.03,-11.47,324,437,2626,-0.0146,0.003,-0.001,-0.099,-3.73,-3.43,945,-23,-1441,0,0,4371,0.0215,-0.008,-0.001,-0.099,-3.70,-3.46,954,-43,-2316,0,0,1957,-0.0232,-0.008,-0.014,-0.086,-4.64,-2.52,932,-286,-1265,0,0,3312,0.0129,-0.019,-0.020,-0.080,-4.60,-2.56,936,-667,-2072,0,0
34.441,741.3,-430.34,-22.87,-275.97,114.1,-0.14,-0.69,0.00,0.00,0.00,1.00,3,4963,-60.2,0.20,-0.26,4.07,-8.49,323,431,2599,-0.0142,0.003,-0.001,-0.099,-3.58,-3.58,940,-23,-1385,0,0,4167,0.0218,0.002,-0.001,-0.099,-3.56,-3.61,946,-39,-2155,0,0,2184,-0.0212,0.016,-0.014,-0.086,-4.26,-2.90,928,-322,-1330,0,0,3523,0.0147,0.015,-0.018,-0.082,-4.23,-2.93,931,-655,-2084,0,0
34.561,745.1,-430.68,-22.82,-279.75,113.5,-0.10,-0.64,0.00,1.00,0.00,1.00,3,5130,143.0,0.59,-0.21,4.17,-6.16,321,426,2524,-0.0147,-0.004,-0.001,-0.099,-3.17,-3.99,936,-39,-1226,0,0,3877,0.0188,-0.024,-0.001,-0.099,-3.16,-4.00,941,-57,-1835,0,0,2155,-0.0207,0.005,0.025,-0.075,-3.67,-3.49,961,573,-1165,0,0,3312,0.0128,-0.016,0.020,-0.080,-3.65,-3.51,961,670,-1762,0,0
34.681,748.9,-430.93,-22.78,-283.53,114.0,0.15,-0.57,-0.07,1.00,0.00,1.00,3,5346,296.5,1.73,-0.43,4.34,-5.34,347,430,2548,-0.0146,0.001,-0.002,-0.098,-2.65,-4.51,941,-69,-1062,0,0,3663,0.0156,-0.027,-0.002,-0.098,-2.64,-4.52,945,-78,-1495,0,0,2774,-0.0145,0.052,0.062,-0.038,-3.06,-4.11,1002,1759,-1176,0,0,3742,0.0149,0.017,0.057,-0.043,-3.04,-4.12,1001,2193,-1584,0,0
34.801,752.7,-431.10,-22.74,-287.35,115.0,0.27,-0.64,0.00,1.00,0.00,1.00,3,5500,355.9,2.07,-0.62,4.27,-11.78,372,438,2135,-0.0206,-0.050,-0.003,-0.097,-2.07,-5.09,945,-138,-740,0,0,3545,0.0121,-0.029,-0.001,-0.099,-2.05,-5.11,956,-59,-1179,0,0,2692,-0.0089,0.047,0.087,-0.013,-3.00,-4.16,1031,2072,-1015,0,0,3885,0.0238,0.074,0.075,-0.025,-2.97,-4.19,1029,2722,-1494,0,0
34.921,756.6,-431.19,-22.70,-291.21,116.3,0.34,-0.46,0.00,1.00,0.00,1.00,3,5653,369.9,2.16,-0.61,4.55,-9.19,389,448,2608,-0.0194,0.010,-0.002,-0.098,-2.38,-4.78,958,-77,-978,0,0,3511,0.0057,-0.053,-0.002,-0.098,-2.36,-4.80,965,-103,-1289,0,0,2818,-0.0046,0.036,0.103,0.003,-3.10,-4.06,1059,2307,-1025,0,0,3534,0.0203,-0.029,0.094,-0.006,-3.08,-4.09,1058,2760,-1313,0,0
35.041,760.5,-431.22,-22.67,-295.12,117.8,0.36,-0.48,0.00,1.00,0.00,1.00,3,5691,373.9,2.19,-0.71,4.68,-7.90,408,460,2387,-0.0180,0.012,-0.002,-0.098,-2.40,-4.76,970,-73,-905,0,0,3355,0.0048,-0.007,-0.002,-0.098,-2.38,-4.78,977,-83,-1246,0,0,3043,-0.0011,0.029,0.097,-0.003,-3.00,-4.16,1066,2441,-1102,0,0,3872,0.0217,0.012,0.088,-0.012,-2.98,-4.18,1065,2954,-1425,0,0
35.161,764.4,-431.17,-22.63,-299.07,119.2,0.35,-0.46,0.00,1.00,0.00,1.00,3,5777,373.3,2.20,-0.67,4.71,-6.14,417,471,2295,-0.0199,-0.015,-0.002,-0.098,-2.28,-4.88,982,-70,-834,0,0,3223,0.0023,-0.021,-0.002,-0.098,-2.27,-4.89,987,-81,-1150,0,0,2783,-0.0011,0.001,0.100,0.000,-2.75,-4.41,1083,2295,-927,0,0,3578,0.0211,-0.005,0.093,-0.007,-2.74,-4.42,1081,2838,-1206,0,0
35.281,768.4,-431.06,-22.59,-303.07,120.6,0.35,-0.43,0.00,1.00,0.00,1.00,3,5868,371.5,2.20,-0.66,4.79,-6.11,428,482,2629,-0.0177,0.018,-0.002,-0.098,-2.09,-5.07,994,-78,-881,0,0,3514,0.0038,0.013,-0.002,-0.098,-2.08,-5.08,999,-88,-1156,0,0,2773,-0.0025,-0.012,0.103,0.003,-2.55,-4.61,1100,2340,-847,0,0,3445,0.0178,-0.028,0.097,-0.003,-2.54,-4.63,1098,2817,-1066,0,0
35.401,772.5,-430.88,-22.56,-307.11,122.0,0.37,-0.42,0.00,1.00,0.00,1.00,3,5850,372.0,2.20,-0.72,4.86,-4.67,439,494,2411,-0.0175,0.002,-0.002,-0.098,-1.90,-5.26,1007,-73,-740,0,0,3221,0.0023,-0.013,-0.002,-0.098,-1.89,-5.27,1011,-81,-973,0,0,2965,0.0010,0.029,0.086,-0.014,-2.25,-4.92,1096,2369,-868,0,0,3650,0.0208,0.025,0.081,-0.019,-2.24,-4.92,1095,2810,-1076,0,0
35.521,776.6,-430.64,-22.52,-311.20,123.4,0.34,-0.38,0.00,1.00,0.00,1.00,3,5953,369.6,2.20,-0.68,4.95,-3.88,446,505,2767,-0.0172,0.002,-0.002,-0.098,-1.65,-5.51,1019,-80,-741,0,0,3451,0.0005,-0.015,-0.002,-0.098,-1.64,-5.52,1022,-131,-911,0,0,2853,-0.0002,-0.010,0.092,-0.008,-1.93,-5.23,1115,2379,-710,0,0,3387,0.0171,-0.030,0.088,-0.012,-1.93,-5.23,1114,2753,-848,0,0
35.641,780.7,-430.34,-22.49,-315.33,124.9,0.36,-0.35,0.00,1.00,0.00,1.00,3,5954,369.5,2.20,-0.79,5.07,-3.43,462,517,2626,-0.0143,0.025,-0.002,-0.098,-1.40,-5.76,1032,-77,-603,0,0,3223,0.0016,0.009,-0.002,-0.098,-1.40,-5.76,1035,-83,-731,0,0,3092,0.0024,0.022,0.079,-0.021,-1.64,-5.52,1115,2453,-693,0,0,3741,0.0181,0.008,0.075,-0.025,-1.64,-5.52,1114,2875,-840,0,0
35.761,784.9,-429.99,-22.45,-319.51,126.3,0.34,-0.31,0.00,1.00,0.00,1.00,3,6032,367.3,2.20,-0.80,5.17,-2.28,469,529,2515,-0.0150,-0.006,-0.002,-0.098,-1.14,-6.02,1044,-73,-476,0,0,2985,-0.0018,-0.028,-0.002,-0.098,-1.14,-6.02,1046,-78,-559,0,0,2969,0.0032,0.006,0.081,-0.019,-1.31,-5.85,1130,2404,-534,0,0,3339,0.0164,-0.014,0.078,-0.022,-1.31,-5.86,1129,2652,-602,0,0
35.881,789.1,-429.59,-22.41,-323.72,127.0,0.18,-0.27,0.00,0.00,0.00,1.00,3,5567,-64.5,0.86,-0.77,5.29,-1.38,466,535,3131,-0.0109,0.034,-0.001,-0.099,-0.87,-6.29,1052,-30,-453,0,0,3532,0.0006,0.020,-0.001,-0.099,-0.87,-6.29,1053,-32,-507,0,0,3000,0.0014,-0.015,-0.010,-0.090,-0.98,-6.18,1042,-410,-487,0,0,3280,0.0118,-0.038,-0.010,-0.090,-0.98,-6.18,1043,-476,-530,0,0
36.001,793.4,-429.16,-22.36,-327.92,126.4,-0.15,-0.23,0.00,0.00,0.00,1.00,3,5522,-64.2,0.26,-0.53,5.41,-0.76,422,528,3315,-0.0029,0.067,-0.001,-0.099,-0.58,-6.58,1046,-34,-321,0,0,3574,0.0053,0.039,-0.001,-0.099,-0.58,-6.58,1047,-37,-344,0,0,2561,-0.0034,-0.040,-0.012,-0.088,-0.65,-6.51,1034,-484,-280,0,0,2738,0.0049,-0.058,-0.013,-0.087,-0.65,-6.51,1034,-530,-298,0,0
36.121,797.5,-428.71,-22.31,-332.09,125.7,-0.16,-0.18,0.00,0.00,0.00,1.00,3,5493,-64.0,0.21,-0.39,5.53,-0.81,398,523,3483,0.0012,0.034,-0.001,-0.099,-0.34,-6.82,1041,-37,-199,0,0,3632,0.0067,0.012,-0.001,-0.099,-0.34,-6.82,1042,-40,-207,0,0,2504,-0.0076,-0.035,-0.013,-0.087,-0.40,-6.76,1028,-494,-170,0,0,2569,-0.0023,-0.059,-0.013,-0.087,-0.40,-6.76,1029,-521,-174,0,0
36.241,801.7,-428.23,-22.27,-336.24,125.4,-0.08,-0.15,0.00,1.00,0.00,1.00,3,5672,156.4,0.86,-0.51,5.66,-0.78,400,520,3298,0.0029,0.014,-0.001,-0.099,-0.15,-7.01,1038,-58,-86,0,0,3273,0.0060,-0.006,-0.001,-0.099,-0.15,-7.01,1039,-57,-85,0,0,2965,-0.0049,0.022,0.022,-0.078,-0.20,-6.97,1062,956,-98,0,0,2976,-0.0017,0.004,0.021,-0.079,-0.20,-6.97,1062,939,-99,0,0
36.361,805.9,-427.73,-22.22,-340.41,126.0,0.16,-0.12,0.00,1.00,0.00,1.00,3,5866,302.6,1.82,-0.74,5.74,-0.56,428,526,2865,-0.0020,-0.041,-0.001,-0.099,0.01,-7.15,1044,-67,4,0,0,2817,-0.0010,-0.059,-0.001,-0.099,0.01,-7.15,1044,-66,4,0,0,3059,0.0005,0.045,0.051,-0.049,-0.01,-7.15,1099,1983,-9,0,0,3039,0.0016,0.028,0.051,-0.049,-0.01,-7.15,1099,1963,-9,0,0
36.481,810.1,-427.22,-22.17,-344.60,127.2,0.27,-0.08,0.07,0.00,0.00,1.00,3,5867,181.2,1.80,-1.01,5.84,0.26,461,536,3043,-0.0048,-0.023,-0.001,-0.099,2.44,-4.72,1053,-64,915,0,0,2833,-0.0046,-0.030,-0.001,-0.099,2.96,-4.20,1053,-32,1017,0,0,3347,0.0058,0.044,0.041,-0.059,0.13,-7.03,1097,1963,64,0,0,3165,0.0048,0.027,0.042,-0.058,0.13,-7.03,1097,1873,60,0,0
36.601,814.4,-426.70,-22.11,-348.80,126.9,-0.08,-0.01,0.00,0.00,0.00,1.00,3,5547,-64.4,0.39,-0.96,6.02,2.63,441,533,3417,-0.0001,0.039,-0.001,-0.099,0.39,-6.77,1052,-31,209,0,0,3163,-0.0051,-0.004,-0.001,-0.099,0.39,-6.77,1050,-30,195,0,0,2813,0.0052,-0.005,-0.013,-0.087,0.57,-6.60,1039,-543,255,0,0,2607,0.0002,-0.039,-0.011,-0.089,0.57,-6.59,1038,-462,238,0,0
36.721,818.6,-426.18,-22.04,-352.99,126.2,-0.16,0.00,0.00,0.00,0.00,1.00,3,5512,-64.1,0.22,-0.77,6.05,1.87,409,527,3495,0.0035,0.030,-0.001,-0.099,0.66,-6.50,1046,-36,372,0,0,3187,-0.0021,0.025,-0.001,-0.099,0.66,-6.50,1044,-32,341,0,0,2648,-0.0013,-0.054,-0.013,-0.087,0.79,-6.37,1032,-542,339,0,0,2365,-0.0070,-0.060,-0.013,-0.087,0.79,-6.37,1032,-463,304,0,0
36.841,822.8,-425.66,-21.98,-357.15,125.5,-0.16,0.03,0.00,0.00,0.00,1.00,3,5487,-63.9,0.20,-0.75,6.15,1.33,396,521,3637,0.0067,0.027,-0.001,-0.099,0.80,-6.36,1040,-36,470,0,0,3160,-0.0006,0.013,-0.001,-0.099,0.80,-6.36,1039,-31,412,0,0,2896,-0.0026,-0.011,-0.013,-0.087,0.90,-6.26,1028,-560,424,0,0,2525,-0.0099,-0.024,-0.012,-0.088,0.90,-6.26,1027,-479,371,0,0
36.961,827.0,-425.15,-21.92,-361.28,124.8,-0.16,0.12,0.22,0.00,0.00,1.00,3,5455,-63.7,0.20,-0.79,6.32,5.12,390,515,3673,0.0075,0.007,0.001,-0.099,6.20,-0.96,1031,37,2535,0,0,2662,-0.0039,-0.028,0.004,-0.096,7.43,0.27,1028,81,2046,0,0,3025,-0.0007,0.016,-0.014,-0.086,1.03,-6.13,1022,-612,497,0,0,2190,-0.0121,-0.018,-0.012,-0.088,1.03,-6.13,1020,-390,367,0,0
37.081,831.1,-424.68,-21.85,-365.40,124.0,-0.18,0.27,0.00,0.00,0.00,1.00,3,5412,-63.4,0.20,-0.89,6.66,11.78,381,508,3873,0.0129,0.045,-0.001,-0.099,1.38,-5.78,1031,-35,818,0,0,2995,-0.0078,-0.032,-0.001,-0.099,1.39,-5.77,1022,-32,647,0,0,2923,0.0028,0.029,-0.017,-0.083,2.25,-4.91,1015,-662,1010,0,0,2143,-0.0191,-0.058,-0.011,-0.089,2.27,-4.89,1012,-318,760,0,0
37.201,835.2,-424.24,-21.78,-369.50,123.3,-0.16,0.24,0.00,0.00,0.00,1.00,3,5376,-63.1,0.20,-1.08,6.65,8.20,378,502,3829,0.0128,-0.001,-0.001,-0.099,2.20,-4.96,1023,-34,1298,0,0,2789,-0.0079,-0.001,-0.001,-0.099,2.21,-4.95,1017,-26,967,0,0,3124,0.0041,0.011,-0.016,-0.084,2.81,-4.36,1008,-635,1330,0,0,2268,-0.0166,0.021,-0.012,-0.088,2.82,-4.34,1005,-355,987,0,0
37.321,839.3,-423.84,-21.71,-373.57,122.5,-0.16,0.29,0.00,0.00,0.00,1.00,3,5330,-62.8,0.20,-1.08,6.72,5.77,371,496,3701,0.0111,-0.014,-0.001,-0.099,2.52,-4.64,1016,-38,1436,0,0,2822,-0.0118,-0.033,-0.001,-0.099,2.53,-4.63,1011,-25,1114,0,0,2804,0.0039,-0.001,-0.017,-0.083,2.95,-4.22,999,-601,1254,0,0,1856,-0.0192,-0.022,-0.015,-0.085,2.96,-4.20,997,-351,847,0,0
37.441,843.4,-423.50,-21.64,-377.62,121.7,-0.18,0.43,0.00,0.00,0.00,1.00,3,5303,-62.6,0.20,-1.19,7.02,11.12,368,490,4348,0.0167,0.046,0.003,-0.097,11.30,4.14,996,62,3779,0,0,2344,-0.0134,-0.014,0.012,-0.088,13.32,6.16,988,112,2134,0,0,3508,0.0071,0.027,-0.017,-0.083,3.11,-4.05,995,-713,1616,0,0,1815,-0.0230,-0.031,-0.012,-0.088,3.13,-4.03,991,-276,867,0,0
37.561,847.4,-423.21,-21.56,-381.65,120.8,-0.17,0.40,0.00,0.00,0.00,1.00,3,5256,-62.3,0.20,-1.29,7.05,9.64,359,483,3565,0.0160,-0.006,-0.001,-0.099,3.04,-4.12,1003,-25,1619,0,0,2336,-0.0164,-0.025,-0.001,-0.099,3.06,-4.10,995,-17,1089,0,0,3169,0.0095,0.020,-0.018,-0.082,3.75,-3.41,985,-638,1713,0,0,2107,-0.0227,0.002,-0.013,-0.087,3.78,-3.38,983,-319,1169,0,0
37.681,851.4,-422.97,-21.48,-385.65,120.1,-0.16,0.39,0.00,0.00,0.00,1.00,3,5212,-62.0,0.20,-1.30,6.96,7.99,354,477,4027,0.0147,-0.010,-0.001,-0.099,3.32,-3.84,995,-41,1966,0,0,2672,-0.0144,0.016,-0.001,-0.099,3.34,-3.82,989,-23,1339,0,0,3045,0.0050,-0.038,-0.019,-0.081,3.93,-3.23,977,-649,1707,0,0,1861,-0.0253,-0.022,-0.016,-0.084,3.95,-3.21,974,-331,1071,0,0
37.801,855.4,-422.80,-21.39,-389.64,119.2,-0.16,0.43,0.00,0.00,0.00,1.00,3,5185,-61.8,0.20,-1.44,7.03,6.07,352,470,4091,0.0174,0.022,-0.001,-0.099,3.37,-3.79,988,-39,2025,0,0,2557,-0.0145,0.000,-0.001,-0.099,3.39,-3.77,983,-21,1302,0,0,3333,0.0088,0.031,-0.017,-0.083,3.84,-3.33,972,-633,1836,0,0,2063,-0.0231,0.018,-0.015,-0.085,3.86,-3.31,970,-345,1166,0,0
37.921,859.4,-422.69,-21.31,-393.59,118.5,-0.16,0.39,0.16,0.00,0.00,1.00,3,5137,-61.4,0.20,-1.31,6.97,4.72,343,464,3732,0.0125,-0.040,0.001,-0.099,5.74,-1.42,979,16,2503,0,0,2606,-0.0177,-0.027,0.001,-0.099,6.31,-0.85,975,51,1868,0,0,2729,0.0058,-0.025,-0.019,-0.081,3.55,-3.61,963,-601,1429,0,0,1573,-0.0247,-0.013,-0.018,-0.082,3.57,-3.60,961,-330,842,0,0
38.041,863.3,-422.64,-21.23,-397.52,117.4,-0.22,0.59,0.50,0.00,0.00,1.00,3,5109,-61.2,0.20,-1.40,7.32,15.08,336,456,4555,0.0211,0.071,0.009,-0.091,17.82,10.66,938,110,4024,0,0,2315,-0.0185,-0.007,0.030,-0.070,21.18,14.02,928,167,2099,0,0,3553,0.0096,0.032,-0.019,-0.081,3.99,-3.17,959,-719,1987,0,0,1666,-0.0300,-0.044,-0.011,-0.089,4.04,-3.13,954,-214,974,0,0
38.161,867.2,-422.67,-21.14,-401.40,116.1,-0.26,0.59,0.00,0.00,0.00,1.00,3,5032,-60.7,0.20,-1.51,7.39,18.30,318,446,3708,0.0217,0.005,0.000,-0.100,3.83,-3.34,965,-6,2012,0,0,2069,-0.0219,-0.028,-0.003,-0.097,3.88,-3.28,949,-93,1165,0,0,3269,0.0129,0.028,-0.022,-0.078,5.23,-1.93,944,-669,2202,0,0,1834,-0.0308,-0.007,-0.012,-0.088,5.31,-1.85,940,-203,1285,0,0
38.281,871.0,-422.77,-21.05,-405.25,115.2,-0.15,0.51,0.08,0.00,0.00,1.00,3,4965,-60.2,0.20,-1.57,7.15,16.37,314,439,4176,0.0182,-0.029,-0.001,-0.099,4.84,-2.32,956,-37,2675,0,0,2492,-0.0190,0.025,-0.001,-0.099,4.91,-2.26,944,-15,1654,0,0,3117,0.0063,-0.054,-0.027,-0.073,6.13,-1.03,932,-688,2291,0,0,1672,-0.0319,-0.009,-0.017,-0.083,6.21,-0.95,928,-247,1277,0,0
38.401,874.9,-422.96,-20.96,-409.06,114.0,-0.20,0.72,0.42,0.00,0.00,1.00,3,4920,-59.9,0.20,-1.86,7.44,18.77,309,430,4655,0.0253,0.059,0.017,-0.083,19.73,12.57,910,198,4092,0,0,2125,-0.0216,-0.022,0.043,-0.057,23.01,15.84,899,198,1922,0,0,3737,0.0151,0.073,-0.025,-0.075,6.83,-0.33,923,-700,2869,0,0,1619,-0.0318,0.001,-0.014,-0.086,6.94,-0.22,919,-181,1304,0,0
38.521,878.6,-423.23,-20.87,-412.82,112.5,-0.26,0.66,0.82,0.00,0.00,1.00,3,4818,-59.2,0.20,-1.77,7.41,17.51,286,419,4119,0.0217,-0.030,0.028,-0.072,31.21,24.05,824,188,3550,0,0,2135,-0.0261,-0.038,0.104,0.004,36.85,29.69,815,280,1855,0,0,2572,0.0129,-0.019,-0.030,-0.070,7.62,0.45,904,-536,2087,0,0,921,-0.0350,-0.026,-0.020,-0.080,7.73,0.57,900,-128,778,0,0
38.641,882.4,-423.59,-20.78,-416.52,110.9,-0.29,0.67,0.00,0.00,0.00,1.00,3,4735,-58.6,0.20,-1.88,7.31,19.93,276,407,4587,0.0258,0.034,-0.001,-0.099,7.00,-0.17,918,-37,3553,0,0,2397,-0.0200,0.051,-0.003,-0.097,7.12,-0.05,901,-68,1934,0,0,3312,0.0082,-0.039,-0.033,-0.067,8.61,1.45,889,-672,2756,0,0,1625,-0.0377,-0.023,-0.020,-0.080,8.76,1.59,885,-211,1409,0,0
38.761,886.0,-424.04,-20.68,-420.17,109.8,-0.15,0.73,0.00,0.00,0.00,1.00,3,4683,-58.2,0.20,-2.21,7.36,16.74,279,399,3464,0.0239,-0.016,0.000,-0.100,7.90,0.74,906,-4,2851,0,0,1313,-0.0253,-0.045,0.000,-0.100,8.02,0.85,893,3,1123,0,0,3696,0.0174,0.077,-0.030,-0.070,9.26,2.09,879,-647,3123,0,0,1819,-0.0327,0.042,-0.020,-0.080,9.39,2.23,875,-216,1600,0,0
38.881,889.7,-424.58,-20.59,-423.77,108.7,-0.14,0.67,0.00,0.00,0.00,1.00,3,4598,-57.6,0.20,-2.12,7.24,15.34,270,391,4290,0.0195,-0.037,-0.002,-0.098,8.29,1.13,894,-22,3543,0,0,2189,-0.0271,-0.015,-0.001,-0.099,8.40,1.24,883,-13,1876,0,0,3103,0.0120,-0.045,-0.037,-0.063,9.55,2.38,863,-642,2649,0,0,1291,-0.0356,-0.025,-0.028,-0.072,9.67,2.51,859,-209,1146,0,0
39.001,893.3,-425.20,-20.49,-427.31,107.5,-0.16,0.76,0.21,0.00,0.00,1.00,3,4566,-57.4,0.20,-2.34,7.31,15.37,269,382,4610,0.0251,0.047,0.006,-0.094,13.86,6.70,874,108,4061,0,0,2109,-0.0252,0.016,0.016,-0.084,15.17,8.01,866,118,1935,0,0,3808,0.0162,0.036,-0.033,-0.067,9.78,2.61,857,-678,3245,0,0,1707,-0.0341,0.013,-0.024,-0.076,9.91,2.75,853,-227,1518,0,0
39.121,896.8,-425.92,-20.39,-430.79,106.0,-0.21,0.75,0.55,0.00,0.00,1.00,3,4501,-56.9,0.20,-2.33,7.29,11.95,255,372,3894,0.0216,-0.029,0.013,-0.087,24.62,17.46,811,115,3420,0,0,1749,-0.0295,-0.036,0.053,-0.047,28.23,21.07,809,165,1566,0,0,3558,0.0195,0.027,-0.031,-0.069,9.76,2.60,844,-600,3049,0,0,1673,-0.0327,0.011,-0.024,-0.076,9.86,2.70,841,-226,1487,0,0
39.241,900.3,-426.72,-20.30,-434.20,104.3,-0.29,0.67,0.93,0.00,0.00,1.00,3,4406,-56.3,0.20,-2.12,7.10,13.11,240,360,4560,0.0232,0.013,0.046,-0.054,37.24,30.08,722,240,3863,0,0,2525,-0.0233,0.051,0.139,0.039,43.68,36.51,706,341,2158,0,0,3054,0.0084,-0.092,-0.037,-0.063,9.86,2.70,827,-613,2627,0,0,1303,-0.0392,-0.054,-0.029,-0.071,9.98,2.81,823,-213,1162,0,0
39.361,903.8,-427.59,-20.20,-437.52,102.2,-0.39,0.72,0.00,0.00,0.00,1.00,3,4342,-55.8,0.20,-2.22,7.10,11.25,225,346,4820,0.0300,0.057,-0.036,-0.064,8.75,1.58,815,-1534,3865,0,0,2558,-0.0183,0.042,-0.135,0.035,8.84,1.68,725,-1653,1708,0,0,3466,0.0113,0.024,-0.030,-0.070,9.73,2.56,814,-580,2974,0,0,1552,-0.0371,0.017,-0.024,-0.076,9.83,2.66,811,-210,1381,0,0
39.481,907.1,-428.53,-20.10,-440.76,100.9,-0.18,0.71,0.00,0.00,0.00,1.00,3,4287,-55.4,0.20,-2.17,7.08,9.27,219,337,3990,0.0226,-0.062,-0.001,-0.099,8.54,1.38,828,-28,3342,0,0,1827,-0.0258,-0.063,-0.001,-0.099,8.61,1.45,821,-10,1587,0,0,3616,0.0158,0.038,-0.030,-0.070,9.33,2.17,804,-617,3071,0,0,1750,-0.0335,0.029,-0.025,-0.075,9.41,2.24,801,-258,1539,0,0
39.601,910.5,-429.56,-20.00,-443.95,99.8,-0.15,0.69,0.00,0.00,0.00,1.00,3,4241,-55.1,0.20,-2.24,7.03,11.10,229,330,4439,0.0227,0.000,-0.001,-0.099,8.09,0.92,821,-43,3635,0,0,2216,-0.0244,0.012,-0.001,-0.099,8.17,1.01,813,-8,1885,0,0,3467,0.0114,-0.037,-0.032,-0.068,9.09,1.93,796,-658,2925,0,0,1541,-0.0369,-0.028,-0.026,-0.074,9.19,2.02,792,-244,1350,0,0
39.721,913.8,-430.66,-19.90,-447.06,98.6,-0.17,0.78,0.26,0.00,0.00,1.00,3,4218,-54.9,0.20,-2.48,7.15,10.65,230,321,4629,0.0272,0.038,-0.001,-0.099,14.15,6.99,795,9,4089,0,0,2090,-0.0247,-0.002,0.010,-0.090,15.68,8.52,790,86,1922,0,0,3873,0.0196,0.069,-0.027,-0.073,8.56,1.39,792,-640,3215,0,0,1748,-0.0323,0.038,-0.021,-0.079,8.64,1.48,788,-233,1511,0,0
39.841,917.0,-431.85,-19.80,-450.09,97.2,-0.23,0.70,0.65,0.00,0.15,1.00,3,4156,-54.5,0.20,-2.23,7.03,8.10,214,313,4131,0.0213,-0.049,0.021,-0.079,26.29,19.13,738,146,3607,0,0,2019,-0.0287,-0.033,0.065,-0.035,30.59,23.43,734,199,1794,0,0,2461,0.0180,-0.013,-0.027,-0.073,7.88,0.71,779,-416,2040,0,0,688,-0.0320,0.003,-0.022,-0.078,7.93,0.77,777,-103,589,0,0
39.961,920.2,-433.08,-19.70,-453.03,94.5,-0.56,0.52,0.94,0.00,0.64,0.86,3,3369,-48.7,0.20,-1.94,6.63,10.73,193,296,4641,0.0249,0.030,-0.227,0.127,39.23,32.07,468,-1092,3717,551,1,3279,-0.0145,0.119,-0.287,0.187,46.46,39.29,379,-793,2646,551,1,2458,0.0022,-0.132,-0.184,0.084,8.07,0.91,627,-1875,1334,297,1,1373,-0.0384,-0.053,-0.176,0.076,8.16,1.00,616,-1057,769,989,0
40.081,923.3,-434.30,-19.61,-455.86,90.9,-0.81,0.34,0.95,0.00,1.00,0.38,3,2703,-44.3,0.20,-1.80,6.12,8.79,162,274,4595,0.0294,0.038,-0.634,0.534,40.12,32.96,209,-2134,2862,858,1,3866,0.0017,0.135,-0.932,0.832,47.38,40.21,31,-1907,2170,858,1,2270,-0.0069,-0.076,-0.322,0.222,8.68,1.52,506,-1845,900,462,1,1747,-0.0346,0.032,-0.320,0.220,8.76,1.60,502,-1428,706,462,1
40.201,926.3,-435.49,-19.52,-458.57,87.6,-0.78,0.13,0.95,0.00,1.00,0.38,2,2247,-40.8,0.20,-1.53,5.59,4.84,143,255,3785,0.0194,-0.083,-0.979,0.879,41.19,34.03,9,-2047,1859,858,1,3607,0.0050,0.028,-0.986,0.886,48.45,41.28,3,-1816,1955,858,1,2086,-0.0148,-0.066,-0.524,0.424,9.23,2.07,334,-1653,572,462,1,1922,-0.0291,0.046,-0.523,0.423,9.28,2.12,333,-1526,533,462,1
40.321,929.1,-436.64,-19.44,-461.19,84.4,-0.73,0.07,0.95,0.00,1.00,1.00,2,1827,-38.3,0.20,-1.38,5.35,2.75,138,237,4017,0.0171,-0.019,-0.986,0.886,41.95,34.79,5,-2148,1988,858,1,3889,0.0095,0.038,-0.995,0.895,49.22,42.06,0,-1933,2118,858,1,1991,-0.0231,-0.069,-0.670,0.570,9.67,2.51,250,-1516,437,462,1,1716,-0.0317,-0.022,-0.670,0.570,9.70,2.54,250,-1312,379,462,1
40.441,931.9,-437.74,-19.37,-463.71,81.0,-0.80,0.08,0.96,0.00,1.00,1.00,2,1929,-38.9,0.20,-1.46,5.38,-0.19,129,218,4322,0.0208,0.031,-0.983,0.883,42.50,35.33,7,-2285,2151,858,1,3869,0.0126,0.026,-0.982,0.882,49.76,42.59,5,-1910,2125,858,1,2254,-0.0200,0.026,-0.629,0.529,9.80,2.64,268,-1722,530,462,1,1969,-0.0287,0.025,-0.630,0.530,9.80,2.64,268,-1511,464,462,1
40.561,934.5,-438.79,-19.31,-466.12,77.6,-0.80,0.09,0.96,0.00,1.00,1.00,2,2360,-42.0,0.20,-1.45,5.44,-4.23,119,200,3623,0.0204,-0.003,-0.996,0.896,42.77,35.61,-1,-1933,1825,858,1,3151,0.0097,-0.024,-0.990,0.890,50.01,42.85,0,-1571,1752,858,1,2284,-0.0168,0.026,-0.523,0.423,9.44,2.28,324,-1793,624,462,1,1946,-0.0263,0.020,-0.527,0.427,9.39,2.23,324,-1535,529,462,1
40.681,937.0,-439.79,-19.25,-468.43,74.4,-0.76,0.09,0.96,0.00,0.36,0.98,2,2176,-40.5,0.20,-1.07,5.46,-7.93,104,184,4030,0.0183,-0.018,-0.747,0.647,42.39,35.23,117,-1998,2321,425,1,3630,0.0079,-0.015,-0.869,0.769,49.61,42.45,54,-1738,2114,425,1,1674,-0.0189,-0.017,-0.536,0.436,8.48,1.32,280,-1335,408,229,1,1341,-0.0292,-0.024,-0.544,0.444,8.39,1.23,278,-1074,320,229,1
40.801,939.5,-440.76,-19.20,-470.65,71.1,-0.74,0.24,0.97,0.00,0.00,0.50,2,2718,-44.2,0.20,-0.94,5.73,-1.82,98,168,4594,0.0228,0.038,-0.049,-0.051,40.86,33.70,425,-308,3856,0,0,3254,0.0062,-0.014,-0.137,0.037,48.18,41.02,342,-466,2721,0,0,2562,-0.0170,0.016,-0.394,0.294,7.56,0.40,356,-2100,709,0,0,1454,-0.0336,-0.037,-0.409,0.309,7.54,0.38,348,-1209,395,0,0
40.921,941.8,-441.72,-19.16,-472.75,68.1,-0.64,0.52,0.97,0.00,0.00,0.02,2,3802,-52.0,0.20,-1.10,6.40,5.99,91,154,5058,0.0323,0.079,-0.010,-0.090,39.36,32.20,434,-52,4241,0,0,2776,-0.0005,-0.056,-0.015,-0.085,46.77,39.61,380,-40,2391,0,0,3257,-0.0031,0.116,-0.019,-0.081,7.00,-0.16,554,-782,2540,0,0,1332,-0.0378,-0.035,-0.019,-0.081,7.06,-0.11,550,-359,1069,0,0
41.041,944.0,-442.70,-19.10,-474.74,65.4,-0.59,0.56,0.97,0.00,0.00,0.57,1,4329,-55.6,0.20,-1.37,6.64,11.28,87,142,4726,0.0347,0.020,-0.006,-0.094,38.36,31.20,425,-34,3991,0,0,3042,-0.0059,-0.045,0.000,-0.100,45.83,38.67,374,-4,2613,0,0,3101,0.0047,0.065,-0.400,0.300,6.68,-0.49,312,-2562,759,0,0,1683,-0.0359,0.016,-0.402,0.302,6.79,-0.38,306,-1420,426,0,0
41.161,946.1,-443.68,-19.05,-476.62,62.4,-0.65,0.45,0.97,0.00,0.00,1.00,1,5275,-62.3,0.20,-1.38,6.28,23.06,78,129,4399,0.0284,-0.052,-0.002,-0.098,38.39,31.23,410,-10,3735,0,0,3006,-0.0063,-0.003,0.009,-0.091,45.97,38.81,355,24,2583,0,0,2750,-0.0002,-0.041,-0.248,0.148,8.31,1.15,394,-2216,1205,0,0,1618,-0.0329,0.025,-0.236,0.136,8.61,1.44,386,-1308,763,0,0
41.281,948.1,-444.66,-18.99,-478.39,59.6,-0.58,0.56,0.98,0.00,0.00,1.00,1,5674,-65.3,0.20,-1.45,6.24,28.88,69,118,4656,0.0298,0.011,-0.001,-0.099,39.24,32.08,389,-4,3932,0,0,2833,-0.0068,-0.004,0.011,-0.089,46.94,39.78,331,27,2439,0,0,2814,-0.0021,-0.016,-0.154,0.054,10.10,2.94,423,-1774,1903,0,0,1251,-0.0386,-0.048,-0.134,0.034,10.57,3.41,414,-721,935,0,0
41.401,950.1,-445.66,-18.94,-480.05,56.8,-0.54,0.63,0.98,0.00,0.00,1.00,1,5525,-64.2,0.20,-1.80,6.29,29.95,64,107,4796,0.0324,0.021,0.001,-0.099,40.52,33.36,365,3,4034,0,0,2709,-0.0094,-0.021,0.013,-0.087,48.32,41.16,308,32,2333,0,0,3173,0.0026,0.039,-0.135,0.035,11.67,4.51,412,-1660,2378,0,0,1436,-0.0391,-0.004,-0.111,0.011,12.26,5.10,403,-645,1179,0,0
41.521,951.9,-446.67,-18.89,-481.59,54.0,-0.53,0.66,0.98,0.00,0.00,1.00,1,5228,-62.1,0.20,-2.14,6.23,28.96,57,97,4790,0.0337,0.012,0.000,-0.100,41.75,34.59,340,1,4022,0,0,2707,-0.0109,-0.012,0.012,-0.088,49.64,42.47,284,28,2328,0,0,3250,0.0069,0.035,-0.137,0.037,12.90,5.73,390,-1575,2504,0,0,1496,-0.0377,0.011,-0.111,0.011,13.56,6.40,381,-612,1255,0,0
41.641,953.7,-447.69,-18.83,-483.01,51.2,-0.54,0.67,0.98,0.00,0.00,1.00,1,4908,-59.8,0.20,-2.46,6.12,27.97,50,87,4840,0.0345,0.006,-0.001,-0.099,42.70,35.54,317,-6,4056,0,0,2793,-0.0100,0.007,0.008,-0.092,50.65,43.49,262,20,2396,0,0,3263,0.0087,0.015,-0.142,0.042,13.86,6.70,366,-1525,2539,0,0,1469,-0.0375,0.002,-0.116,0.016,14.59,7.42,357,-581,1240,0,0
41.761,955.3,-448.71,-18.77,-484.31,48.4,-0.53,0.66,0.98,0.00,0.00,1.00,1,4605,-57.7,0.20,-2.77,5.93,26.32,46,78,4283,0.0328,-0.014,0.000,-0.100,43.56,36.40,295,-3,3618,0,0,2381,-0.0120,-0.016,0.009,-0.091,51.57,44.41,243,15,2055,0,0,3178,0.0087,0.000,-0.146,0.046,14.62,7.46,343,-1448,2491,0,0,1615,-0.0367,0.006,-0.119,0.019,15.37,8.21,336,-616,1366,0,0
41.881,956.9,-449.73,-18.70,-485.49,45.6,-0.50,0.67,0.00,0.85,0.00,1.00,1,4507,33.4,0.25,-2.85,5.76,24.31,40,69,4677,0.0308,-0.017,-0.213,0.113,10.20,3.03,302,-1154,3809,0,0,2561,-0.0136,-0.013,-0.331,0.231,10.72,3.56,243,-738,2086,0,0,3317,0.0089,0.002,-0.083,-0.017,14.78,7.61,313,-1399,2654,0,0,1525,-0.0356,0.010,-0.037,-0.063,15.52,8.36,310,-513,1321,0,0
42.001,958.4,-450.76,-18.64,-486.56,44.4,-0.12,0.78,0.00,0.95,0.00,1.00,1,5536,247.6,1.48,-3.13,5.80,26.13,41,65,4394,0.0301,-0.006,-0.002,-0.098,9.04,1.88,370,-69,3718,0,0,1911,-0.0203,-0.056,-0.002,-0.098,9.57,2.41,349,-34,1701,0,0,3755,0.0153,0.053,0.095,-0.005,14.16,7.00,440,841,3265,0,0,1708,-0.0351,0.004,0.159,0.059,14.96,7.80,441,689,1426,0,0
42.121,959.9,-451.87,-18.57,-487.55,44.5,0.19,0.70,0.35,0.00,0.00,1.00,1,6127,-68.8,1.00,-3.75,5.53,29.41,49,65,3858,0.0222,-0.065,0.003,-0.097,17.62,10.46,361,37,3452,0,0,1846,-0.0266,-0.052,0.017,-0.083,20.25,13.09,338,77,1700,0,0,4119,0.0252,0.083,0.120,0.020,13.96,6.80,451,2376,2783,0,0,2379,-0.0236,0.096,0.204,0.104,14.85,7.69,451,1571,1424,0,0
42.241,961.3,-453.04,-18.50,-488.46,44.1,0.07,0.76,0.00,0.77,0.00,1.00,1,5439,91.5,0.49,-4.10,5.35,28.02,50,64,4289,0.0209,-0.011,0.016,-0.084,7.64,0.48,376,-175,3715,0,0,1875,-0.0290,-0.020,-0.029,-0.071,8.11,0.95,339,-434,1668,0,0,4100,0.0298,0.039,0.084,-0.016,13.15,5.99,402,1144,3480,0,0,2055,-0.0201,0.030,0.154,0.054,13.95,6.79,402,964,1636,0,0
42.361,962.8,-454.25,-18.41,-489.27,44.0,0.13,0.75,0.00,0.54,0.00,1.00,1,5564,52.7,1.00,-4.29,5.14,26.33,49,64,4111,0.0211,0.002,-0.002,-0.098,6.93,-0.23,369,-65,3219,0,0,1922,-0.0295,-0.004,-0.003,-0.097,7.34,0.17,348,-34,1592,0,0,4014,0.0300,0.001,0.103,0.003,12.17,5.01,440,1545,3253,0,0,2146,-0.0207,-0.005,0.169,0.069,12.87,5.71,441,1184,1591,0,0
42.481,964.3,-455.53,-18.32,-489.99,43.8,0.10,0.77,0.39,0.21,0.00,1.00,1,5224,-18.1,0.47,-4.47,4.94,25.43,49,63,4381,0.0213,0.001,0.002,-0.098,17.36,10.19,354,10,3888,0,0,1962,-0.0288,0.006,0.013,-0.087,20.25,13.09,333,65,1803,0,0,4038,0.0300,0.000,0.129,0.029,10.89,3.73,375,903,3453,0,0,1951,-0.0211,-0.004,0.193,0.093,11.50,4.34,375,877,1584,0,0
42.601,965.7,-456.84,-18.22,-490.60,43.5,0.07,0.75,0.00,0.69,0.00,1.00,1,5509,142.3,1.14,-4.65,4.71,23.31,50,63,3639,0.0215,0.002,-0.003,-0.097,4.90,-2.27,366,-78,2406,0,0,2082,-0.0277,0.010,-0.002,-0.098,5.14,-2.02,348,-61,1461,0,0,3925,0.0287,-0.011,0.052,-0.048,9.65,2.48,419,1703,3060,0,0,2131,-0.0225,-0.011,0.113,0.013,10.15,2.98,419,1306,1499,0,0
42.721,967.2,-458.20,-18.11,-491.13,43.9,0.19,0.65,0.00,0.74,0.00,1.00,1,5470,-63.7,0.72,-4.74,4.34,21.20,53,64,3801,0.0149,-0.055,-0.001,-0.099,12.00,4.84,362,-20,3323,0,0,1876,-0.0290,-0.011,0.004,-0.096,13.97,6.81,345,29,1716,0,0,4065,0.0287,0.000,0.090,-0.010,8.23,1.07,397,2017,2979,0,0,2340,-0.0171,0.045,0.141,0.041,8.61,1.45,398,1545,1543,0,0
42.841,968.7,-459.59,-18.00,-491.57,44.4,0.17,0.60,0.00,0.69,0.00,1.00,1,5788,205.3,1.36,-4.68,4.06,16.62,53,65,3683,0.0140,-0.008,-0.002,-0.098,3.37,-3.80,372,-73,1848,0,0,2151,-0.0276,0.011,-0.002,-0.098,3.49,-3.67,359,-58,1140,0,0,3559,0.0254,-0.028,0.027,-0.073,6.75,-0.41,414,2231,2284,0,0,2302,-0.0163,0.007,0.071,-0.029,6.99,-0.17,414,1715,1319,0,0
42.961,970.2,-461.04,-17.89,-491.94,45.4,0.29,0.45,0.00,0.83,0.00,1.00,1,5670,-56.1,0.80,-4.82,3.58,14.04,59,68,3407,0.0082,-0.049,-0.001,-0.099,2.95,-4.22,380,-69,1549,0,0,2247,-0.0240,0.030,-0.002,-0.098,3.04,-4.13,369,-66,1068,0,0,3742,0.0224,-0.025,0.154,0.054,5.77,-1.40,393,2440,2237,0,0,2728,-0.0098,0.054,0.192,0.092,5.94,-1.22,394,2065,1478,0,0
43.081,971.7,-462.53,-17.78,-492.26,46.3,0.26,0.43,0.00,0.28,0.00,1.00,1,6274,224.6,1.46,-4.92,3.36,8.56,63,71,3347,0.0066,-0.013,-0.002,-0.098,2.33,-4.83,386,-87,1254,0,0,2295,-0.0230,0.008,-0.002,-0.098,2.38,-4.79,379,-71,889,0,0,3745,0.0231,0.005,0.233,0.133,4.04,-3.13,428,3243,1301,0,0,2822,-0.0065,0.027,0.262,0.162,4.11,-3.05,431,2515,905,0,0
43.201,973.3,-464.08,-17.66,-492.53,47.8,0.37,0.28,0.06,0.00,0.00,1.00,1,5906,-67.3,0.54,-5.06,2.98,8.70,69,76,3138,0.0008,-0.048,-0.001,-0.099,4.01,-3.16,398,-56,1415,0,0,2334,-0.0204,0.022,-0.001,-0.099,4.51,-2.65,391,-44,1140,0,0,3727,0.0217,-0.011,0.010,-0.090,3.54,-3.62,433,2720,1634,0,0,3041,0.0004,0.058,0.032,-0.068,3.60,-3.56,433,2451,1251,0,0
43.321,974.9,-465.66,-17.53,-492.75,48.0,0.07,0.55,0.00,1.00,0.00,1.00,1,5721,103.7,0.80,-5.02,3.31,16.26,66,76,4191,0.0107,0.083,0.001,-0.099,13.58,6.42,393,-11,3705,0,0,2207,-0.0213,-0.007,0.008,-0.092,16.68,9.51,378,31,2027,0,0,3883,0.0246,0.024,0.044,-0.056,2.55,-4.61,422,1759,1458,0,0,2050,-0.0086,-0.075,0.079,-0.021,2.63,-4.53,423,1466,741,0,0
43.441,976.5,-467.27,-17.40,-492.91,49.2,0.29,0.26,0.00,0.59,0.00,1.00,1,6469,148.9,1.43,-5.17,2.83,12.85,72,80,2557,0.0040,-0.056,-0.002,-0.098,0.82,-6.34,412,-63,270,0,0,2366,-0.0190,0.019,-0.002,-0.098,0.84,-6.32,402,-80,256,0,0,3597,0.0204,-0.035,0.152,0.052,3.26,-3.90,428,3095,1196,0,0,3222,-0.0037,0.041,0.194,0.094,3.35,-3.81,430,2882,960,0,0
43.561,978.1,-468.92,-17.26,-493.03,50.4,0.29,0.39,0.35,0.56,0.00,1.00,1,6225,163.3,1.31,-5.09,2.73,15.51,74,84,3539,0.0009,-0.026,-0.005,-0.095,9.47,2.30,415,-94,3039,0,0,1971,-0.0219,-0.024,-0.004,-0.096,11.58,4.42,401,-21,1790,0,0,3951,0.0230,0.021,0.085,-0.015,2.60,-4.56,459,2811,1372,0,0,2551,-0.0012,0.021,0.120,0.020,2.67,-4.49,461,2163,811,0,0
43.681,979.8,-470.60,-17.12,-493.08,50.6,0.08,0.54,0.00,0.00,0.00,1.00,1,5755,-66.2,0.64,-4.88,2.96,24.50,72,85,3994,0.0108,0.082,0.001,-0.099,-0.79,-6.37,427,252,728,0,0,2247,-0.0247,-0.023,0.016,-0.084,-0.82,-6.34,416,-21,655,0,0,3540,0.0217,-0.010,-0.079,-0.021,3.52,-3.64,432,-848,1758,0,0,2004,-0.0137,-0.105,-0.046,-0.054,3.69,-3.47,430,514,1055,0,0
43.801,981.5,-472.27,-16.99,-493.08,50.1,-0.11,0.26,0.00,1.00,0.00,1.00,1,5707,135.6,0.66,-4.70,2.35,9.06,67,83,3662,0.0100,-0.007,-0.001,-0.099,1.20,-5.96,418,-32,664,0,0,3029,-0.0126,0.101,-0.001,-0.099,1.22,-5.94,410,-45,564,0,0,2985,0.0110,-0.090,-0.054,-0.046,2.89,-4.27,433,-443,1372,0,0,2524,-0.0116,0.018,-0.042,-0.058,2.95,-4.22,433,135,1193,0,0
43.921,983.2,-473.93,-16.85,-493.04,50.5,0.11,0.24,0.00,1.00,0.00,1.00,1,6420,275.3,1.75,-4.78,2.08,3.85,69,84,3179,0.0067,-0.027,-0.002,-0.098,1.08,-6.08,420,-82,576,0,0,2913,-0.0096,0.025,-0.003,-0.097,1.09,-6.08,416,-109,537,0,0,3395,0.0098,-0.010,0.118,0.018,1.80,-5.36,497,2858,798,0,0,2887,-0.0070,0.038,0.126,0.026,1.82,-5.34,498,2525,658,0,0
44.041,984.9,-475.64,-16.72,-492.96,52.0,0.37,0.28,0.36,0.00,0.00,0.80,1,7057,22.1,1.45,-5.20,2.08,13.20,80,90,3324,0.0019,-0.040,-0.006,-0.094,8.36,1.19,430,-117,2777,0,0,2084,-0.0147,-0.042,-0.005,-0.095,10.27,3.11,418,-39,1859,0,0,3949,0.0185,0.073,0.211,0.111,1.91,-5.25,486,3656,607,0,0,2947,0.0002,0.061,0.245,0.145,1.96,-5.21,490,2765,409,0,0
44.161,986.6,-477.38,-16.57,-492.83,52.8,0.20,0.42,0.00,1.00,0.00,0.32,1,6351,135.7,0.93,-5.33,2.26,18.12,85,93,3190,0.0036,0.014,-0.001,-0.099,-0.28,-6.89,444,-92,-106,0,0,2090,-0.0243,-0.080,-0.004,-0.096,-0.29,-6.88,428,-10,-30,0,0,3785,0.0255,0.058,0.055,-0.045,2.83,-4.33,469,1952,1502,0,0,2828,-0.0024,-0.021,0.089,-0.011,2.93,-4.24,469,2113,1051,0,0
44.281,988.4,-479.14,-16.42,-492.65,53.2,0.11,0.31,0.28,0.97,0.00,0.60,2,7271,257.2,1.83,-4.98,1.94,12.83,79,94,3622,0.0028,-0.007,-0.005,-0.095,6.89,-0.27,440,-115,2791,0,0,2472,-0.0185,0.049,-0.004,-0.096,8.39,1.23,429,-42,2080,0,0,3049,0.0181,-0.062,0.102,0.002,2.26,-4.90,504,2520,872,0,0,3296,-0.0031,-0.007,0.173,0.073,2.32,-4.85,503,2920,839,0,0
44.401,990.2,-480.91,-16.27,-492.42,54.1,0.23,0.26,0.00,0.00,0.00,1.00,2,6077,-68.3,0.78,-4.92,1.63,25.01,83,97,2979,0.0033,0.004,-0.002,-0.098,0.79,-6.37,457,-69,263,0,0,2769,-0.0168,0.014,-0.001,-0.099,0.82,-6.34,438,-54,262,0,0,3147,0.0138,-0.036,0.706,0.606,4.97,-2.19,794,2380,317,0,0,2934,-0.0064,-0.027,0.784,0.684,5.19,-1.97,795,2175,277,0,0
44.521,992.0,-482.71,-16.13,-492.16,55.3,0.30,0.25,0.19,0.00,0.00,1.00,2,4479,-57.1,0.25,-5.07,1.21,30.19,89,101,3372,-0.0006,-0.032,0.001,-0.099,8.84,1.68,464,6,2630,0,0,2203,-0.0152,0.014,0.005,-0.095,10.42,3.26,440,41,1845,0,0,3755,0.0148,0.009,0.222,0.122,6.99,-0.17,583,3089,1467,0,0,2849,0.0002,0.055,0.288,0.188,7.35,0.19,586,2375,954,0,0
44.641,993.9,-484.52,-15.98,-491.81,55.2,0.06,0.76,0.62,0.53,0.00,1.00,2,3690,74.1,0.39,-5.09,1.90,31.55,85,101,4692,0.0158,0.137,0.007,-0.093,20.98,13.82,439,78,4120,0,0,1865,-0.0243,-0.076,0.033,-0.067,25.23,18.07,414,122,1693,0,0,4247,0.0286,0.115,0.018,-0.082,7.44,0.27,476,364,3379,0,0,1684,-0.0133,-0.112,0.072,-0.028,7.84,0.67,475,703,1324,0,0
44.761,995.7,-486.28,-15.82,-491.37,54.5,-0.06,0.79,0.00,0.76,0.00,1.00,2,3914,181.2,1.17,-5.00,1.96,31.26,78,98,4108,0.0243,0.070,-0.095,-0.005,2.92,-4.24,421,-1091,3496,0,0,1771,-0.0259,-0.013,-0.151,0.051,3.08,-4.08,373,-490,1546,0,0,4014,0.0285,-0.001,0.090,-0.010,7.96,0.80,503,2027,2894,0,0,2033,-0.0218,-0.071,0.155,0.055,8.40,1.24,505,1417,1282,0,0
44.881,997.5,-488.01,-15.67,-490.83,54.8,0.15,0.64,0.00,0.63,0.00,1.00,2,4001,240.4,1.39,-4.90,1.39,25.43,78,99,3665,0.0166,-0.064,-0.002,-0.098,4.03,-3.13,461,-60,2064,0,0,2123,-0.0258,0.001,-0.002,-0.098,4.21,-2.95,440,-52,1266,0,0,3794,0.0258,-0.022,0.116,0.016,8.18,1.02,516,2103,2673,0,0,2404,-0.0172,0.038,0.169,0.069,8.55,1.39,517,1665,1509,0,0
45.001,999.4,-489.73,-15.52,-490.19,55.1,0.16,0.69,0.34,0.18,0.00,1.00,2,3620,-21.3,0.56,-4.85,1.12,25.45,82,100,4035,0.0143,-0.019,0.001,-0.099,13.43,6.27,452,3,3577,0,0,1876,-0.0272,-0.012,0.007,-0.093,15.73,8.57,431,45,1731,0,0,3865,0.0239,-0.016,0.005,-0.095,7.92,0.76,464,580,3152,0,0,2014,-0.0175,-0.003,0.049,-0.051,8.27,1.11,464,828,1603,0,0
45.121,1001.2,-491.39,-15.37,-489.46,54.8,0.03,0.74,0.00,0.82,0.00,1.00,2,3934,209.3,1.22,-4.74,1.01,21.47,80,99,3967,0.0188,0.037,-0.002,-0.098,3.83,-3.34,460,-72,2161,0,0,2156,-0.0265,0.005,-0.002,-0.098,3.97,-3.19,443,-50,1245,0,0,3784,0.0244,0.004,0.098,-0.002,7.34,0.18,507,2081,2618,0,0,2231,-0.0209,-0.028,0.143,0.043,7.62,0.45,508,1547,1401,0,0
45.241,1003.0,-493.03,-15.22,-488.63,55.5,0.23,0.61,0.00,0.86,0.00,1.00,2,4000,241.4,1.45,-4.87,0.60,17.40,85,102,3772,0.0143,-0.037,-0.002,-0.098,3.72,-3.45,464,-76,2038,0,0,2221,-0.0235,0.025,-0.002,-0.098,3.83,-3.33,451,-57,1259,0,0,3917,0.0252,0.006,0.105,0.005,6.54,-0.62,515,2363,2523,0,0,2541,-0.0138,0.059,0.142,0.042,6.73,-0.43,517,1826,1504,0,0
45.361,1004.9,-494.65,-15.07,-487.72,56.4,0.28,0.56,0.00,0.67,0.00,1.00,2,4119,226.1,1.58,-5.06,0.31,14.07,92,106,3507,0.0103,-0.033,-0.002,-0.098,3.33,-3.83,471,-78,1753,0,0,2108,-0.0241,-0.004,-0.002,-0.098,3.41,-3.75,460,-64,1098,0,0,4053,0.0263,0.009,0.123,0.023,5.58,-1.58,529,2996,2124,0,0,2829,-0.0080,0.048,0.151,0.051,5.72,-1.45,531,2275,1365,0,0
45.481,1006.8,-496.26,-14.92,-486.71,57.6,0.31,0.50,0.00,0.88,0.00,1.00,2,4146,268.2,1.64,-5.01,0.06,10.09,97,110,3295,0.0046,-0.047,-0.002,-0.098,2.86,-4.30,479,-73,1463,0,0,2123,-0.0257,-0.014,-0.002,-0.098,2.91,-4.25,471,-65,975,0,0,3853,0.0266,0.003,0.111,0.011,4.46,-2.70,533,2891,1852,0,0,2812,-0.0043,0.031,0.133,0.033,4.54,-2.62,535,2286,1268,0,0
45.601,1008.7,-497.87,-14.76,-485.63,58.8,0.32,0.41,0.00,1.00,0.00,1.00,2,4149,221.3,1.57,-4.88,-0.20,8.39,102,115,3267,0.0021,-0.021,-0.002,-0.098,2.30,-4.86,489,-75,1201,0,0,2292,-0.0236,0.018,-0.002,-0.098,2.33,-4.83,482,-68,867,0,0,3548,0.0216,-0.042,0.089,-0.011,3.61,-3.55,533,2656,1542,0,0,2739,-0.0041,0.002,0.107,0.007,3.66,-3.50,535,2222,1133,0,0
45.721,1010.7,-499.48,-14.61,-484.48,60.1,0.33,0.35,0.00,0.99,0.00,1.00,2,4308,284.5,1.70,-4.86,-0.43,6.57,108,120,3141,0.0002,-0.016,-0.002,-0.098,1.82,-5.35,500,-79,930,0,0,2368,-0.0212,0.020,-0.002,-0.098,1.84,-5.33,495,-73,717,0,0,3607,0.0198,-0.015,0.107,0.007,2.83,-4.34,555,2982,1200,0,0,2950,-0.0016,0.020,0.121,0.021,2.86,-4.31,556,2553,939,0,0
45.841,1012.8,-501.10,-14.45,-483.26,61.5,0.33,0.33,0.20,0.60,0.00,1.00,2,4231,147.2,1.37,-4.92,-0.56,6.73,114,125,3374,-0.0006,-0.007,-0.001,-0.099,6.18,-0.98,509,-20,2197,0,0,2409,-0.0183,0.024,0.001,-0.099,7.31,0.15,503,12,1742,0,0,3726,0.0201,0.003,0.072,-0.028,2.12,-5.05,520,1958,1220,0,0,2849,0.0012,0.024,0.083,-0.017,2.14,-5.02,520,1775,927,0,0
45.961,1014.8,-502.70,-14.29,-481.97,62.2,0.18,0.53,0.00,0.70,0.00,1.00,2,4544,313.4,1.76,-4.85,-0.26,18.36,114,128,3445,0.0080,0.072,-0.002,-0.098,-0.10,-7.06,521,2,384,0,0,1974,-0.0224,-0.034,0.002,-0.098,-0.11,-7.06,509,-15,313,0,0,3886,0.0246,0.037,0.118,0.018,2.55,-4.61,585,3330,1061,0,0,2653,-0.0061,-0.061,0.155,0.055,2.62,-4.54,587,2440,638,0,0
46.081,1016.9,-504.30,-14.12,-480.62,63.6,0.35,0.24,0.00,0.77,0.00,1.00,2,4697,292.4,1.83,-4.75,-0.81,11.05,119,134,2889,-0.0007,-0.073,-0.002,-0.098,1.22,-5.94,530,-76,550,0,0,2513,-0.0188,0.029,-0.002,-0.098,1.24,-5.92,521,-80,489,0,0,3499,0.0197,-0.040,0.138,0.038,2.83,-4.33,605,3095,998,0,0,3117,0.0012,0.060,0.159,0.059,2.88,-4.29,605,2829,825,0,0
46.201,1019.1,-505.90,-13.96,-479.20,64.6,0.25,0.42,0.00,1.00,0.00,1.00,2,4238,105.5,0.95,-4.63,-0.78,13.80,123,138,3572,0.0014,0.018,-0.001,-0.099,0.82,-6.34,539,4,729,0,0,2256,-0.0209,-0.017,0.001,-0.099,0.84,-6.32,530,-10,527,0,0,3635,0.0193,-0.003,0.012,-0.088,2.74,-4.42,547,471,1517,0,0,2453,-0.0030,-0.035,0.030,-0.070,2.80,-4.36,546,890,1040,0,0
46.321,1021.2,-507.48,-13.80,-477.73,65.5,0.23,0.30,0.00,0.83,0.00,1.00,2,4779,316.3,1.79,-4.53,-0.96,7.82,124,142,3368,0.0022,0.006,-0.003,-0.097,1.32,-5.84,544,-27,724,0,0,2711,-0.0162,0.039,-0.002,-0.098,1.33,-5.83,538,-79,587,0,0,3491,0.0164,-0.024,0.127,0.027,2.42,-4.74,616,3063,928,0,0,2906,-0.0032,-0.002,0.142,0.042,2.44,-4.72,617,2630,734,0,0
46.441,1023.4,-509.06,-13.64,-476.19,67.0,0.37,0.26,0.00,0.82,0.00,1.00,2,4887,306.8,1.85,-4.70,-1.17,6.01,135,149,3021,-0.0012,-0.028,-0.002,-0.098,1.26,-5.90,557,-83,624,0,0,2478,-0.0156,0.005,-0.002,-0.098,1.27,-5.89,552,-79,521,0,0,3618,0.0176,0.010,0.128,0.028,2.08,-5.08,629,3235,817,0,0,3252,0.0026,0.048,0.138,0.038,2.10,-5.07,630,2964,706,0,0
46.561,1025.7,-510.65,-13.47,-474.59,68.4,0.34,0.34,0.31,1.00,0.00,1.00,2,4782,283.6,1.69,-4.71,-1.10,9.66,142,155,3271,-0.0032,-0.016,-0.002,-0.098,8.18,1.02,563,-48,2639,0,0,2002,-0.0204,-0.040,0.001,-0.099,9.90,2.73,555,18,1742,0,0,3836,0.0209,0.028,0.079,-0.021,1.71,-5.46,616,2929,892,0,0,2753,0.0036,0.009,0.096,-0.004,1.73,-5.43,617,2310,617,0,0
46.681,1028.0,-512.23,-13.30,-472.92,69.6,0.31,0.38,0.00,1.00,0.00,1.00,2,4864,196.0,1.45,-4.49,-1.07,15.78,144,161,3150,0.0005,0.031,-0.001,-0.099,0.79,-6.38,582,-60,339,0,0,2444,-0.0219,-0.013,-0.002,-0.098,0.80,-6.36,569,-74,272,0,0,3389,0.0202,-0.006,0.060,-0.040,2.87,-4.30,631,2232,1305,0,0,2842,-0.0022,-0.048,0.083,-0.017,2.93,-4.23,631,2225,1027,0,0
46.801,1030.4,-513.80,-13.13,-471.19,70.9,0.32,0.39,0.25,0.30,0.00,1.00,2,5147,177.3,1.70,-4.40,-1.22,17.45,150,167,3438,0.0003,-0.002,-0.002,-0.098,9.47,2.31,585,-39,2894,0,0,2374,-0.0203,0.013,0.003,-0.097,11.38,4.22,571,36,2111,0,0,3791,0.0190,-0.010,0.114,0.014,3.10,-4.06,660,3237,1225,0,0,2677,-0.0017,0.004,0.143,0.043,3.18,-3.99,662,2416,786,0,0
46.921,1032.7,-515.34,-12.97,-469.38,71.7,0.21,0.53,0.00,0.84,0.00,1.00,2,5226,291.2,1.69,-4.31,-1.03,18.77,150,170,3618,0.0083,0.067,-0.002,-0.098,1.55,-5.61,600,-76,830,0,0,2399,-0.0217,-0.012,-0.002,-0.098,1.59,-5.57,585,-76,575,0,0,3718,0.0236,0.039,0.119,0.019,3.93,-3.24,673,2885,1596,0,0,2676,-0.0075,-0.049,0.150,0.050,4.03,-3.14,675,2280,1045,0,0
47.041,1035.1,-516.85,-12.80,-467.51,73.0,0.34,0.40,0.00,0.71,0.00,1.00,2,5340,280.9,1.79,-4.29,-1.36,13.51,157,177,3088,0.0025,-0.048,-0.002,-0.098,2.35,-4.81,608,-74,1125,0,0,2173,-0.0217,0.000,-0.002,-0.098,2.40,-4.77,597,-69,816,0,0,3739,0.0225,-0.009,0.128,0.028,4.03,-3.13,687,3060,1518,0,0,2907,-0.0019,0.047,0.150,0.050,4.11,-3.06,689,2503,1100,0,0
47.161,1037.6,-518.33,-12.63,-465.56,74.0,0.27,0.56,0.00,1.00,0.00,1.00,2,5382,294.4,1.72,-4.09,-1.26,17.33,159,181,3691,0.0047,0.019,-0.009,-0.091,1.86,-5.30,614,-367,2486,0,0,1920,-0.0250,-0.027,-0.016,-0.084,1.90,-5.26,597,-233,1441,0,0,3811,0.0226,0.001,0.118,0.018,3.94,-3.22,693,3016,1599,0,0,2240,-0.0071,-0.043,0.147,0.047,4.03,-3.14,696,1935,866,0,0
47.281,1040.1,-519.77,-12.46,-463.53,75.1,0.30,0.44,0.00,1.00,0.00,1.00,2,5293,267.8,1.58,-3.99,-1.47,14.39,165,187,3421,0.0041,-0.005,-0.002,-0.098,2.60,-4.56,626,-66,1358,0,0,2264,-0.0233,0.014,-0.002,-0.098,2.65,-4.51,615,-63,930,0,0,3681,0.0212,-0.012,0.086,-0.014,4.34,-2.82,682,2429,1904,0,0,2690,-0.0063,0.007,0.108,0.008,4.42,-2.74,683,2024,1321,0,0
47.401,1042.6,-521.17,-12.30,-461.44,76.3,0.32,0.47,0.00,0.84,0.00,1.00,2,5533,278.4,1.74,-4.00,-1.59,12.37,171,193,3446,0.0045,0.003,-0.002,-0.098,2.72,-4.45,636,-81,1434,0,0,2296,-0.0214,0.016,-0.002,-0.098,2.76,-4.40,626,-69,986,0,0,3787,0.0220,0.007,0.118,0.018,4.18,-2.99,712,2983,1657,0,0,2756,-0.0049,0.012,0.138,0.038,4.24,-2.92,714,2311,1139,0,0
47.521,1045.2,-522.55,-12.13,-459.27,77.6,0.34,0.46,0.08,0.97,0.00,1.00,2,5469,273.3,1.64,-3.97,-1.68,10.12,179,200,3248,0.0013,-0.027,-0.001,-0.099,5.31,-1.85,644,-22,1971,0,0,2012,-0.0241,-0.022,0.000,-0.100,5.93,-1.24,636,-8,1319,0,0,3837,0.0236,0.013,0.089,-0.011,3.85,-3.32,704,2703,1783,0,0,2778,-0.0020,0.024,0.105,0.005,3.89,-3.27,706,2146,1247,0,0
47.641,1047.8,-523.87,-11.97,-457.03,78.7,0.29,0.59,0.00,1.00,0.00,1.00,2,5540,114.3,1.39,-3.73,-1.55,18.49,181,205,3639,0.0054,0.034,0.000,-0.100,2.11,-5.05,658,10,1387,0,0,2043,-0.0269,-0.023,-0.001,-0.099,2.16,-5.00,643,-117,847,0,0,3735,0.0236,0.000,0.087,-0.013,4.23,-2.93,685,2341,1925,0,0,2371,-0.0086,-0.055,0.114,0.014,4.33,-2.84,688,1788,1150,0,0
47.761,1050.4,-525.14,-11.81,-454.72,79.7,0.27,0.48,0.00,0.57,0.00,1.00,2,5886,228.4,1.76,-3.58,-1.77,14.25,183,210,3378,0.0053,0.000,-0.002,-0.098,2.71,-4.45,664,-87,1402,0,0,2383,-0.0231,0.031,-0.005,-0.095,2.76,-4.40,651,-104,1025,0,0,3660,0.0208,-0.024,0.139,0.039,4.33,-2.83,756,3043,1480,0,0,2691,-0.0080,0.006,0.161,0.061,4.40,-2.76,758,2336,1017,0,0
47.881,1053.1,-526.37,-11.66,-452.34,80.9,0.33,0.49,0.00,0.72,0.00,1.00,2,5917,241.1,1.76,-3.62,-1.91,12.45,193,217,3402,0.0045,-0.007,-0.002,-0.098,2.85,-4.31,673,-83,1476,0,0,2239,-0.0219,0.011,-0.002,-0.098,2.89,-4.27,663,-68,1002,0,0,3763,0.0218,0.009,0.129,0.029,4.23,-2.93,761,3063,1573,0,0,2896,-0.0050,0.024,0.148,0.048,4.29,-2.87,762,2468,1145,0,0
48.001,1055.8,-527.55,-11.50,-449.90,82.2,0.35,0.47,0.00,0.59,0.00,1.00,2,6088,271.5,1.89,-3.52,-1.99,10.14,199,224,3213,0.0014,-0.026,-0.002,-0.098,2.82,-4.34,683,-83,1393,0,0,2113,-0.0245,-0.022,-0.002,-0.098,2.86,-4.30,675,-67,941,0,0,3779,0.0236,0.014,0.145,0.045,3.95,-3.22,783,3211,1392,0,0,2826,-0.0028,0.019,0.161,0.061,3.99,-3.17,785,2482,993,0,0
48.121,1058.6,-528.69,-11.34,-447.38,83.5,0.33,0.50,0.24,0.52,0.00,1.00,2,6105,247.7,1.78,-3.37,-2.01,13.54,205,231,3497,0.0022,0.006,0.000,-0.100,8.61,1.45,688,-11,2843,0,0,2013,-0.0247,-0.001,0.003,-0.097,10.02,2.86,678,26,1747,0,0,3775,0.0211,-0.020,0.128,0.028,3.84,-3.32,785,3141,1448,0,0,2518,-0.0058,-0.025,0.149,0.049,3.90,-3.26,787,2205,912,0,0
48.241,1061.4,-529.77,-11.20,-444.80,84.4,0.26,0.59,0.00,0.81,0.00,1.00,2,6128,291.4,1.79,-3.21,-1.89,16.81,206,236,3701,0.0080,0.048,-0.001,-0.099,2.57,-4.59,704,-80,1437,0,0,2319,-0.0248,-0.001,-0.002,-0.098,2.62,-4.54,690,-69,935,0,0,3757,0.0238,0.022,0.119,0.019,4.37,-2.79,789,2925,1697,0,0,2594,-0.0098,-0.033,0.143,0.043,4.46,-2.71,791,2177,1093,0,0
48.361,1064.2,-530.79,-11.05,-442.16,85.6,0.33,0.50,0.00,0.84,0.00,1.00,2,6199,278.0,1.80,-3.18,-2.13,14.08,215,243,3132,0.0044,-0.030,-0.002,-0.098,3.10,-4.06,712,-64,1458,0,0,1962,-0.0237,0.009,-0.003,-0.097,3.15,-4.01,701,-62,942,0,0,3839,0.0234,-0.003,0.118,0.018,4.59,-2.58,798,2950,1800,0,0,2808,-0.0052,0.038,0.138,0.038,4.66,-2.50,800,2305,1246,0,0
48.481,1067.1,-531.75,-10.90,-439.45,86.9,0.33,0.50,0.00,0.72,0.00,1.00,2,6303,227.7,1.69,-2.99,-2.22,12.88,219,250,3345,0.0025,-0.015,-0.002,-0.098,3.25,-3.91,722,-79,1623,0,0,2110,-0.0249,-0.010,-0.002,-0.098,3.30,-3.86,711,-61,1056,0,0,3554,0.0215,-0.016,0.121,0.021,4.59,-2.57,810,2797,1632,0,0,2532,-0.0060,-0.007,0.140,0.040,4.66,-2.50,812,2108,1105,0,0
48.601,1070.0,-532.65,-10.76,-436.68,88.0,0.32,0.52,0.00,0.79,0.00,1.00,2,6397,250.5,1.76,-2.87,-2.26,12.39,226,257,3426,0.0035,0.008,-0.002,-0.098,3.28,-3.88,731,-82,1677,0,0,2143,-0.0247,0.002,-0.002,-0.098,3.33,-3.83,721,-63,1082,0,0,3722,0.0211,-0.004,0.123,0.023,4.55,-2.61,823,2932,1691,0,0,2623,-0.0071,-0.009,0.140,0.040,4.61,-2.55,825,2184,1137,0,0
48.721,1073.0,-533.50,-10.63,-433.85,89.3,0.33,0.37,-0.32,0.93,0.00,1.00,2,6468,264.5,1.79,-2.87,-2.55,1.62,236,264,2906,0.0022,-0.011,0.001,-0.099,-6.69,-0.47,737,17,-2081,0,0,2764,-0.0200,0.039,-0.002,-0.098,-4.74,-2.42,735,-66,-1551,0,0,3260,0.0196,-0.012,0.126,0.026,4.21,-2.95,833,2614,1430,0,0,3244,-0.0030,0.034,0.130,0.030,4.22,-2.94,833,2625,1408,0,0
48.841,1076.0,-534.32,-10.49,-430.96,90.7,0.35,0.29,0.00,0.93,0.00,1.00,2,6560,297.9,1.94,-2.86,-2.78,-6.32,244,273,3119,-0.0044,-0.055,-0.002,-0.098,2.57,-4.59,747,-95,1298,0,0,2189,-0.0180,0.017,-0.002,-0.098,2.55,-4.61,752,-70,919,0,0,3382,0.0171,-0.021,0.127,0.027,1.93,-5.24,845,3041,737,0,0,2957,0.0035,0.054,0.122,0.022,1.91,-5.25,846,2652,662,0,0
48.961,1079.1,-535.10,-10.35,-428.01,92.3,0.37,0.27,0.00,0.98,0.00,1.00,2,6665,303.0,1.95,-2.84,-2.75,-2.59,255,283,2945,-0.0046,-0.001,-0.002,-0.098,1.22,-5.95,762,-88,610,0,0,2463,-0.0189,-0.007,-0.002,-0.098,1.21,-5.95,764,-76,512,0,0,3395,0.0151,-0.016,0.123,0.023,0.96,-6.20,858,3109,382,0,0,2995,0.0008,-0.022,0.121,0.021,0.96,-6.20,859,2753,341,0,0
49.081,1082.2,-535.88,-10.22,-425.00,94.0,0.40,0.16,0.00,0.94,0.00,1.00,2,6808,301.2,2.02,-2.91,-2.96,-1.05,268,293,2832,-0.0069,-0.019,-0.002,-0.098,0.52,-6.64,777,-86,259,0,0,2735,-0.0145,0.036,-0.002,-0.098,0.52,-6.64,778,-83,250,0,0,3364,0.0136,-0.013,0.126,0.026,0.43,-6.74,877,3117,167,0,0,3235,0.0051,0.036,0.125,0.025,0.43,-6.74,877,3001,161,0,0
49.201,1085.3,-536.64,-10.09,-421.93,95.7,0.41,0.22,0.31,0.94,0.00,1.00,2,6811,267.5,1.89,-2.89,-2.92,6.86,279,304,2965,-0.0092,-0.019,-0.002,-0.098,8.14,0.97,786,-34,2417,0,0,2091,-0.0173,-0.023,0.003,-0.097,10.01,2.85,780,36,1833,0,0,3672,0.0156,0.017,0.102,0.002,0.31,-6.85,876,3269,130,0,0,2965,0.0073,0.018,0.111,0.011,0.31,-6.85,877,2715,103,0,0
49.321,1088.5,-537.37,-9.96,-418.81,97.1,0.33,0.30,0.00,0.89,0.00,1.00,2,7000,264.1,1.90,-2.64,-2.75,15.44,282,313,2978,-0.0042,0.042,-0.002,-0.098,0.44,-6.73,809,-76,166,0,0,2535,-0.0194,-0.017,-0.002,-0.098,0.44,-6.72,797,-83,144,0,0,3266,0.0151,-0.004,0.112,0.012,1.89,-5.27,901,2888,692,0,0,2918,-0.0001,-0.062,0.130,0.030,1.92,-5.25,902,2670,579,0,0
49.441,1091.8,-538.09,-9.83,-415.62,98.6,0.37,0.26,0.00,0.91,0.00,0.92,2,7120,281.4,1.99,-2.56,-2.89,11.87,290,323,3178,-0.0041,0.001,-0.002,-0.098,1.46,-5.70,820,-82,729,0,0,2534,-0.0161,0.028,-0.002,-0.098,1.48,-5.69,811,-78,593,0,0,3502,0.0144,-0.006,0.115,0.015,2.55,-4.62,916,3021,991,0,0,2943,0.0016,0.015,0.129,0.029,2.57,-4.59,918,2627,796,0,0
49.561,1095.1,-538.77,-9.70,-412.38,100.2,0.38,0.34,0.00,1.00,0.00,0.44,2,7252,282.8,2.02,-2.49,-2.77,9.39,300,333,2983,-0.0044,-0.003,-0.002,-0.098,1.95,-5.21,831,-77,920,0,0,2084,-0.0204,-0.036,-0.002,-0.098,1.97,-5.19,824,-69,657,0,0,3676,0.0182,0.032,0.105,0.005,2.80,-4.36,919,3059,1181,0,0,2920,0.0019,0.002,0.117,0.017,2.83,-4.33,921,2530,908,0,0
49.681,1098.5,-539.39,-9.58,-409.09,100.7,0.15,0.40,0.00,1.00,0.00,0.14,3,7364,301.9,2.15,-2.20,-2.65,5.79,292,336,3528,0.0001,0.037,-0.001,-0.099,2.03,-5.13,835,-39,1130,0,0,2508,-0.0200,0.004,-0.001,-0.099,2.04,-5.12,830,-33,821,0,0,3186,0.0142,-0.034,0.003,-0.097,2.57,-4.60,840,42,1277,0,0,2283,-0.0058,-0.065,0.008,-0.092,2.58,-4.58,839,189,932,0,0
49.801,1101.9,-539.97,-9.46,-405.76,101.8,0.27,0.34,0.00,0.00,0.00,1.00,3,6140,184.1,1.87,-2.11,-2.73,7.93,295,343,3223,0.0025,0.021,-0.002,-0.098,1.89,-5.27,845,-93,968,0,0,2668,-0.0155,0.037,-0.002,-0.098,1.91,-5.26,839,-72,814,0,0,3399,0.0127,-0.012,0.358,0.258,2.59,-4.57,1146,2970,378,0,0,2861,-0.0060,-0.001,0.369,0.269,2.61,-4.55,1147,2507,313,0,0
49.921,1105.3,-540.52,-9.34,-402.39,103.4,0.40,0.30,0.00,0.81,0.00,1.00,3,5166,34.8,0.51,-2.16,-2.87,9.95,316,355,2843,-0.0041,-0.055,-0.002,-0.098,2.19,-4.98,858,-78,977,0,0,2093,-0.0187,-0.027,-0.002,-0.098,2.21,-4.96,850,-69,734,0,0,3681,0.0165,0.031,0.121,0.021,3.06,-4.11,968,3171,1168,0,0,3058,0.0015,0.062,0.132,0.032,3.08,-4.08,969,2708,936,0,0
50.041,1108.7,-541.02,-9.23,-398.96,104.3,0.23,0.42,0.00,1.00,0.00,1.00,3,4867,273.9,1.57,-1.97,-2.68,6.91,316,360,3441,-0.0006,0.029,-0.001,-0.099,2.28,-4.88,865,-67,1230,0,0,2297,-0.0210,-0.019,-0.002,-0.098,2.30,-4.86,859,-55,840,0,0,3405,0.0153,-0.010,0.052,-0.048,2.89,-4.27,911,1882,1403,0,0,2394,-0.0051,-0.055,0.060,-0.040,2.91,-4.25,912,1487,985,0,0
50.161,1112.2,-541.45,-9.13,-395.49,105.3,0.27,0.42,0.00,1.00,0.00,1.00,3,5062,357.2,2.02,-1.88,-2.62,5.86,319,368,3468,0.0035,0.034,-0.002,-0.098,2.10,-5.06,873,-84,1151,0,0,2478,-0.0186,0.020,-0.002,-0.098,2.11,-5.05,868,-70,839,0,0,3532,0.0157,0.003,0.083,-0.017,2.60,-4.56,947,2682,1190,0,0,2672,-0.0070,-0.016,0.090,-0.010,2.62,-4.54,949,2135,890,0,0
50.281,1115.8,-541.84,-9.02,-391.98,106.7,0.34,0.37,0.00,1.00,0.00,1.00,3,5149,379.4,2.15,-1.85,-2.70,4.14,330,377,2997,-0.0010,-0.037,-0.002,-0.098,1.90,-5.26,884,-77,914,0,0,2247,-0.0208,-0.018,-0.002,-0.098,1.91,-5.26,880,-70,696,0,0,3580,0.0176,0.016,0.089,-0.011,2.26,-4.90,964,2859,1036,0,0,2909,-0.0026,0.037,0.094,-0.006,2.27,-4.89,965,2402,834,0,0
50.401,1119.4,-542.18,-8.93,-388.41,108.1,0.34,0.32,0.00,1.00,0.00,1.00,3,5295,382.7,2.19,-1.78,-2.83,4.15,344,387,3047,-0.0031,-0.018,-0.002,-0.098,1.65,-5.51,895,-83,815,0,0,2423,-0.0198,0.008,-0.002,-0.098,1.66,-5.50,892,-74,657,0,0,3383,0.0136,-0.033,0.105,0.005,2.00,-5.16,991,2909,815,0,0,2851,-0.0030,-0.003,0.110,0.010,2.01,-5.15,992,2505,679,0,0
50.521,1123.0,-542.48,-8.83,-384.79,109.6,0.36,0.30,0.00,1.00,0.00,1.00,3,5306,384.4,2.20,-1.82,-2.90,3.85,358,398,3129,-0.0027,0.004,-0.002,-0.098,1.44,-5.72,908,-84,734,0,0,2503,-0.0173,0.021,-0.002,-0.098,1.45,-5.71,905,-76,595,0,0,3478,0.0146,0.008,0.092,-0.008,1.76,-5.40,993,2896,783,0,0,3062,-0.0002,0.023,0.096,-0.004,1.77,-5.40,994,2607,682,0,0
50.641,1126.7,-542.74,-8.74,-381.12,111.0,0.35,0.27,0.00,1.00,0.00,1.00,3,5400,382.7,2.20,-1.70,-2.94,2.66,365,409,2901,-0.0062,-0.029,-0.002,-0.098,1.25,-5.91,919,-78,595,0,0,2399,-0.0195,-0.018,-0.002,-0.098,1.25,-5.91,917,-71,497,0,0,3084,0.0138,-0.006,0.098,-0.002,1.48,-5.69,1011,2651,578,0,0,2662,0.0005,0.006,0.101,0.001,1.48,-5.68,1012,2328,496,0,0
50.761,1130.4,-542.99,-8.65,-377.40,112.4,0.33,0.00,0.00,1.00,0.00,1.00,3,5477,381.0,2.20,-1.65,-3.44,-11.37,376,419,2207,-0.0112,-0.042,0.005,-0.095,-11.21,4.05,915,57,-1978,0,0,3395,-0.0114,0.067,-0.001,-0.099,-8.89,1.73,924,-29,-2844,0,0,2630,0.0059,-0.066,0.107,0.007,0.73,-6.44,1026,2378,258,0,0,3492,0.0052,0.039,0.095,-0.005,0.72,-6.44,1025,3025,353,0,0
50.881,1134.2,-543.23,-8.57,-373.64,113.9,0.35,0.02,0.00,1.00,0.00,1.00,3,5457,381.5,2.20,-1.79,-3.58,-11.59,388,431,2312,-0.0135,-0.020,-0.002,-0.098,-0.20,-6.96,938,-96,-50,0,0,2480,-0.0082,0.026,-0.002,-0.098,-0.20,-6.96,947,-71,-53,0,0,3214,0.0056,-0.002,0.087,-0.013,-1.14,-6.03,1022,2702,-461,0,0,3373,0.0108,0.047,0.077,-0.023,-1.12,-6.04,1022,2690,-499,0,0
51.001,1138.0,-543.48,-8.48,-369.82,115.3,0.33,-0.09,0.00,1.00,0.00,1.00,3,5640,377.1,2.20,-1.72,-3.65,-8.64,392,441,2393,-0.0162,-0.023,-0.002,-0.098,-1.23,-5.93,950,-72,-468,0,0,2956,-0.0085,-0.002,-0.002,-0.098,-1.22,-5.94,957,-77,-570,0,0,2685,0.0014,-0.035,0.110,0.010,-1.91,-5.25,1057,2375,-599,0,0,3166,0.0092,-0.013,0.101,0.001,-1.89,-5.27,1056,2716,-725,0,0
51.121,1141.9,-543.76,-8.40,-365.96,116.8,0.34,-0.14,0.18,1.00,0.00,1.00,3,5693,375.8,2.20,-1.77,-3.77,-4.62,402,452,2629,-0.0169,-0.005,-0.002,-0.098,0.72,-6.45,964,-94,322,0,0,3117,-0.0040,0.037,-0.002,-0.098,1.32,-5.84,968,-69,678,0,0,2958,-0.0007,-0.017,0.105,0.005,-2.35,-4.81,1066,2528,-827,0,0,3322,0.0114,0.018,0.100,0.000,-2.34,-4.82,1066,2777,-942,0,0
51.241,1145.8,-544.05,-8.31,-362.05,118.2,0.33,0.06,0.00,1.00,0.00,1.00,3,5682,376.1,2.20,-1.67,-3.39,11.10,411,463,2545,-0.0123,0.038,-0.002,-0.098,-1.75,-5.42,981,-73,-751,0,0,2706,-0.0113,-0.061,-0.002,-0.098,-1.76,-5.40,972,-83,-804,0,0,3168,0.0072,0.066,0.083,-0.017,-0.88,-6.28,1064,2618,-410,0,0,3310,0.0083,-0.026,0.092,-0.008,-0.89,-6.27,1064,2836,-414,0,0
51.361,1149.8,-544.35,-8.23,-358.10,119.6,0.34,-0.05,0.00,1.00,0.00,1.00,3,5775,373.9,2.20,-1.54,-3.54,7.40,422,474,2625,-0.0143,-0.017,-0.002,-0.098,-0.45,-6.71,992,-73,-213,0,0,2844,-0.0091,0.019,-0.002,-0.098,-0.45,-6.71,986,-84,-232,0,0,2980,0.0021,-0.042,0.088,-0.012,0.11,-7.05,1082,2558,34,0,0,3163,0.0074,-0.007,0.094,-0.006,0.11,-7.05,1081,2764,35,0,0
51.481,1153.8,-544.65,-8.15,-354.10,121.1,0.35,0.07,0.00,1.00,0.00,1.00,3,5781,373.7,2.20,-1.54,-3.35,5.20,436,486,2484,-0.0109,0.028,-0.002,-0.098,0.18,-6.98,1004,-67,67,0,0,2157,-0.0103,-0.010,-0.002,-0.098,0.18,-6.98,999,-65,58,0,0,3359,0.0063,0.035,0.077,-0.023,0.57,-6.59,1082,2708,260,0,0,3186,0.0069,-0.004,0.081,-0.019,0.57,-6.59,1083,2637,243,0,0
51.601,1157.8,-544.94,-8.07,-350.05,122.4,0.33,0.13,0.00,1.00,0.00,1.00,3,5928,370.2,2.20,-1.38,-3.19,3.82,441,497,2842,-0.0107,0.002,-0.002,-0.098,0.49,-6.67,1014,-77,226,0,0,2534,-0.0145,-0.035,-0.002,-0.098,0.49,-6.67,1011,-74,203,0,0,3026,0.0065,0.002,0.092,-0.008,0.78,-6.38,1110,2611,305,0,0,2751,0.0027,-0.035,0.096,-0.004,0.78,-6.38,1111,2414,275,0,0
51.721,1161.9,-545.20,-8.00,-345.95,123.9,0.34,0.16,0.00,1.00,0.00,1.00,3,5958,369.5,2.20,-1.34,-3.12,3.23,453,509,3032,-0.0083,0.020,-0.002,-0.098,0.62,-6.54,1026,-82,307,0,0,2713,-0.0135,0.008,-0.002,-0.098,0.62,-6.54,1024,-78,276,0,0,3259,0.0074,0.008,0.085,-0.015,0.85,-6.31,1115,2724,372,0,0,2978,0.0015,-0.010,0.088,-0.012,0.86,-6.31,1116,2534,338,0,0
51.841,1166.1,-545.45,-7.93,-341.80,125.3,0.34,0.17,0.00,1.00,0.00,1.00,3,6030,369.1,2.20,-1.29,-3.06,2.09,461,521,2773,-0.0092,-0.007,-0.002,-0.098,0.65,-6.52,1037,-73,295,0,0,2449,-0.0158,-0.019,-0.002,-0.098,0.65,-6.52,1035,-71,262,0,0,6836,0.0101,0.023,0.084,-0.016,0.81,-6.35,1121,5386,710,0,0,7323,0.0035,0.017,0.086,-0.014,0.81,-6.35,1119,5801,746,0,0
51.961,1170.3,-545.68,-7.86,-337.60,126.7,0.33,0.16,0.00,1.00,0.00,1.00,3,6104,364.8,2.20,-1.20,-3.08,1.94,472,532,2873,-0.0088,0.003,-0.002,-0.098,0.60,-6.56,1049,-79,284,0,0,2618,-0.0151,0.006,-0.002,-0.098,0.60,-6.56,1047,-76,260,0,0,3149,0.0069,-0.027,0.088,-0.012,0.74,-6.42,1143,2672,310,0,0,2933,0.0006,-0.024,0.090,-0.010,0.74,-6.42,1143,2517,288,0,0
52.081,1174.6,-545.88,-7.80,-333.36,128.1,0.34,0.15,0.00,1.00,0.00,1.00,3,6108,364.6,2.20,-1.22,-3.08,1.44,486,544,2579,-0.0086,0.002,-0.002,-0.098,0.53,-6.63,1061,-71,227,0,0,2321,-0.0145,0.005,-0.002,-0.098,0.53,-6.63,1059,-73,205,0,0,3340,0.0087,0.015,0.076,-0.024,0.63,-6.53,1144,2686,295,0,0,3121,0.0028,0.018,0.078,-0.022,0.63,-6.53,1144,2540,275,0,0
52.201,1178.8,-546.07,-7.73,-329.07,129.5,0.32,0.13,0.00,1.00,0.00,1.00,3,6236,360.2,2.20,-1.09,-3.11,1.13,491,556,2799,-0.0098,-0.010,-0.002,-0.098,0.43,-6.73,1072,-77,202,0,0,2639,-0.0148,-0.002,-0.002,-0.098,0.43,-6.73,1071,-75,191,0,0,3006,0.0059,-0.023,0.088,-0.012,0.52,-6.65,1168,2564,209,0,0,2863,0.0009,-0.016,0.089,-0.011,0.52,-6.65,1168,2459,198,0,0
52.321,1183.2,-546.24,-7.68,-324.73,130.9,0.33,0.12,0.00,1.00,0.00,1.00,3,6250,359.6,2.20,-1.10,-3.14,1.05,504,568,2948,-0.0083,0.012,-0.002,-0.098,0.34,-6.83,1084,-79,165,0,0,2817,-0.0119,0.024,-0.002,-0.098,0.34,-6.83,1083,-78,158,0,0,3168,0.0062,0.003,0.078,-0.022,0.41,-6.75,1170,2589,180,0,0,3155,0.0020,0.008,0.079,-0.021,0.41,-6.75,1170,2593,179,0,0
52.441,1187.6,-546.40,-7.62,-320.34,132.2,0.32,0.10,0.00,1.00,0.00,1.00,3,6336,356.7,2.20,-1.02,-3.16,0.63,511,579,2738,-0.0105,-0.018,-0.002,-0.098,0.25,-6.92,1094,-74,113,0,0,2651,-0.0136,-0.014,-0.002,-0.098,0.25,-6.92,1094,-73,109,0,0,2928,0.0058,-0.003,0.082,-0.018,0.29,-6.87,1187,2447,119,0,0,2836,0.0027,0.006,0.083,-0.017,0.29,-6.87,1187,2381,115,0,0
52.561,1192.0,-546.55,-7.57,-315.91,133.6,0.32,0.09,0.00,1.00,0.00,1.00,3,6378,355.2,2.20,-0.98,-3.18,0.58,522,592,2957,-0.0099,0.005,-0.002,-0.098,0.15,-7.01,1106,-80,76,0,0,2876,-0.0115,0.018,-0.002,-0.098,0.15,-7.01,1105,-78,74,0,0,3099,0.0047,-0.009,0.078,-0.022,0.19,-6.97,1194,2540,83,0,0,3011,0.0023,-0.003,0.079,-0.021,0.19,-6.97,1194,2478,81,0,0
52.681,1196.5,-546.68,-7.52,-311.43,135.0,0.32,0.08,0.00,1.00,0.00,1.00,3,6424,353.7,2.20,-0.95,-3.20,0.32,531,604,2665,-0.0113,-0.012,-0.002,-0.098,0.07,-7.09,1117,-71,34,0,0,2624,-0.0127,-0.010,-0.002,-0.098,0.07,-7.09,1116,-71,34,0,0,2793,0.0057,0.008,0.075,-0.025,0.10,-7.06,1203,2255,41,0,0,2759,0.0043,0.016,0.076,-0.024,0.10,-7.06,1203,2231,40,0,0
52.801,1201.0,-546.81,-7.47,-306.91,136.3,0.31,0.06,0.00,1.00,0.00,1.00,3,6508,350.6,2.20,-0.89,-3.23,0.27,541,615,2764,-0.0112,0.001,-0.002,-0.098,0.00,-7.16,1128,-75,3,0,0,2770,-0.0118,0.007,-0.002,-0.098,0.00,-7.16,1127,-76,3,0,0,3007,0.0031,-0.021,0.079,-0.021,0.02,-7.14,1219,2477,10,0,0,3010,0.0025,-0.015,0.079,-0.021,0.02,-7.14,1219,2481,10,0,0
52.921,1205.6,-546.93,-7.43,-302.34,137.6,0.32,0.05,0.00,1.00,0.00,1.00,3,6518,350.2,2.20,-0.89,-3.23,0.14,554,628,2587,-0.0118,-0.005,-0.002,-0.098,-0.06,-7.10,1139,-70,-26,0,0,2597,-0.0115,0.003,-0.002,-0.098,-0.06,-7.10,1139,-70,-26,0,0,3170,0.0047,0.013,0.070,-0.030,-0.05,-7.11,1221,2474,-22,0,0,3195,0.0050,0.021,0.070,-0.030,-0.05,-7.11,1221,2494,-23,0,0
53.041,1210.2,-547.04,-7.39,-297.73,138.9,0.30,0.08,0.17,1.00,0.00,1.00,3,6627,346.4,2.20,-0.82,-3.20,2.17,561,639,2890,-0.0113,0.004,-0.002,-0.098,1.77,-5.40,1149,-86,823,0,0,2649,-0.0117,-0.001,-0.002,-0.098,2.21,-4.95,1148,-60,931,0,0,3077,0.0029,-0.015,0.077,-0.023,-0.09,-7.08,1241,2506,-38,0,0,2862,0.0025,-0.021,0.079,-0.021,-0.09,-7.08,1241,2360,-35,0,0
53.161,1214.9,-547.14,-7.35,-293.08,140.2,0.31,0.15,0.00,1.00,0.00,1.00,3,6648,345.7,2.20,-0.78,-3.02,5.93,574,651,2670,-0.0081,0.026,-0.002,-0.098,0.18,-6.98,1162,-70,70,0,0,2474,-0.0131,-0.012,-0.002,-0.098,0.18,-6.98,1158,-71,65,0,0,3277,0.0064,0.030,0.069,-0.031,0.57,-6.59,1245,2526,258,0,0,3108,0.0016,-0.008,0.074,-0.026,0.57,-6.59,1245,2471,242,0,0
53.281,1219.5,-547.22,-7.31,-288.38,141.5,0.30,0.14,0.00,1.00,0.00,1.00,3,6757,341.9,2.20,-0.67,-3.02,4.41,579,663,2877,-0.0088,-0.006,-0.002,-0.098,0.58,-6.58,1172,-74,269,0,0,2617,-0.0137,-0.005,-0.002,-0.098,0.58,-6.58,1169,-73,247,0,0,3037,0.0048,-0.013,0.077,-0.023,0.87,-6.30,1265,2453,361,0,0,2826,-0.0001,-0.014,0.081,-0.019,0.87,-6.29,1265,2332,334,0,0
53.401,1224.3,-547.28,-7.28,-283.64,142.7,0.31,0.17,0.00,1.00,0.00,1.00,3,6783,340.9,2.20,-0.66,-2.93,3.54,593,675,2780,-0.0071,0.015,-0.002,-0.098,0.77,-6.40,1183,-70,347,0,0,2343,-0.0137,0.000,-0.002,-0.098,0.77,-6.39,1180,-66,295,0,0,3218,0.0066,0.014,0.072,-0.028,0.99,-6.17,1270,2505,447,0,0,3014,-0.0006,-0.004,0.075,-0.025,0.99,-6.17,1270,2396,417,0,0
53.521,1229.1,-547.31,-7.25,-278.86,144.0,0.30,0.19,0.00,1.00,0.00,1.00,3,6864,338.2,2.20,-0.57,-2.88,2.67,599,687,2941,-0.0072,-0.001,-0.002,-0.098,0.82,-6.34,1192,-75,397,0,0,2558,-0.0152,-0.013,-0.002,-0.098,0.83,-6.34,1190,-70,348,0,0,3074,0.0064,-0.001,0.076,-0.024,1.00,-6.17,1285,2449,426,0,0,2751,-0.0015,-0.008,0.078,-0.022,1.00,-6.16,1286,2233,380,0,0
53.641,1233.9,-547.31,-7.23,-274.04,145.2,0.30,0.19,0.00,1.00,0.00,1.00,3,6897,336.9,2.20,-0.56,-2.87,2.34,610,699,7526,-0.0057,0.013,-0.002,-0.098,0.80,-6.36,1200,428,935,0,0,2344,-0.0135,0.015,-0.002,-0.098,0.80,-6.36,1201,-63,312,0,0,3201,0.0068,0.003,0.072,-0.028,0.94,-6.22,1291,2487,428,0,0,2822,-0.0016,-0.001,0.074,-0.026,0.94,-6.22,1292,2235,377,0,0
53.761,1238.8,-547.29,-7.20,-269.17,146.5,0.29,0.18,0.00,1.00,0.00,1.00,3,6970,334.4,2.20,-0.49,-2.87,1.66,619,711,2908,-0.0074,-0.014,-0.002,-0.098,0.74,-6.42,1213,-74,355,0,0,2585,-0.0150,-0.013,-0.002,-0.098,0.74,-6.42,1211,-70,318,0,0,3039,0.0061,-0.007,0.074,-0.026,0.85,-6.32,1305,2411,362,0,0,2770,-0.0016,0.001,0.076,-0.024,0.85,-6.31,1306,2228,330,0,0
53.881,1243.7,-547.24,-7.19,-264.27,147.7,0.29,0.17,0.00,1.00,0.00,1.00,3,7004,333.1,2.20,-0.48,-2.88,1.47,629,723,3090,-0.0063,0.009,-0.002,-0.098,0.65,-6.51,1223,-80,330,0,0,2814,-0.0128,0.018,-0.002,-0.098,0.65,-6.51,1222,-74,302,0,0,3141,0.0058,-0.002,0.071,-0.029,0.74,-6.42,1311,2435,331,0,0,2870,-0.0014,0.001,0.072,-0.028,0.74,-6.42,1312,2255,303,0,0
54.001,1248.6,-547.16,-7.17,-259.32,148.9,0.28,0.30,0.00,1.00,0.00,1.00,3,7073,328.5,2.20,-0.40,-2.63,10.03,637,734,3367,-0.0042,0.018,0.000,-0.100,8.44,1.28,1224,-1,2798,0,0,2141,-0.0168,-0.033,0.005,-0.095,10.24,3.08,1216,62,1900,0,0,3397,0.0085,0.023,0.069,-0.031,0.93,-6.23,1324,2590,438,0,0,2325,-0.0041,-0.022,0.078,-0.022,0.94,-6.22,1326,1894,297,0,0
54.121,1253.6,-547.03,-7.16,-254.34,150.0,0.28,0.27,0.00,1.00,0.00,0.70,3,7131,324.5,2.20,-0.31,-2.55,10.70,642,745,3311,-0.0013,0.024,-0.002,-0.098,1.34,-5.82,1245,-80,703,0,0,2696,-0.0159,0.008,-0.002,-0.098,1.35,-5.81,1237,-71,581,0,0,3260,0.0097,0.009,0.070,-0.030,1.99,-5.17,1335,2394,889,0,0,2720,-0.0056,-0.013,0.078,-0.022,2.01,-5.16,1336,2121,731,0,0
54.241,1258.6,-546.86,-7.15,-249.32,150.9,0.23,0.34,0.00,1.00,0.00,0.22,3,7467,302.6,2.20,-0.20,-2.48,7.67,642,754,3310,-0.0013,0.000,-0.001,-0.099,1.93,-5.23,1251,-55,1007,0,0,2430,-0.0176,-0.015,-0.001,-0.099,1.94,-5.22,1245,-50,753,0,0,3179,0.0096,0.000,0.027,-0.073,2.40,-4.76,1285,1139,1161,0,0,2420,-0.0067,-0.009,0.032,-0.068,2.41,-4.75,1286,1022,891,0,0
54.361,1263.6,-546.64,-7.14,-244.30,151.0,0.05,0.40,0.00,1.00,0.00,0.96,4,7184,319.6,2.20,0.00,-2.33,5.88,616,755,3729,0.0050,0.053,-0.002,-0.098,2.10,-5.06,1251,-79,1225,0,0,2749,-0.0145,0.026,-0.002,-0.098,2.11,-5.06,1246,-62,921,0,0,3169,0.0075,-0.018,0.075,-0.025,2.45,-4.71,1350,2275,1056,0,0,2269,-0.0128,-0.051,0.080,-0.020,2.46,-4.70,1352,1711,755,0,0
54.481,1268.7,-546.36,-7.14,-239.24,152.4,0.34,0.35,0.00,0.92,0.00,1.00,4,5772,172.8,1.70,-0.06,-2.34,7.42,648,769,3055,0.0011,-0.032,-0.002,-0.098,2.28,-4.88,1263,-82,1093,0,0,2299,-0.0179,-0.028,-0.002,-0.098,2.29,-4.87,1257,-68,836,0,0,3351,0.0102,0.023,0.117,0.017,2.72,-4.44,1409,2914,985,0,0,2681,-0.0088,0.033,0.123,0.023,2.73,-4.43,1410,2382,777,0,0
54.601,1273.8,-546.02,-7.14,-234.16,153.3,0.23,0.43,0.00,1.00,0.00,1.00,4,5465,340.4,1.98,-0.07,-2.25,5.48,662,778,3559,0.0023,0.009,-0.001,-0.099,2.38,-4.78,1269,-71,1315,0,0,2489,-0.0185,-0.005,-0.002,-0.098,2.39,-4.78,1265,-58,938,0,0,3399,0.0123,0.017,0.052,-0.048,2.70,-4.46,1338,1959,1312,0,0,2442,-0.0092,-0.003,0.057,-0.043,2.71,-4.45,1339,1513,947,0,0
54.721,1278.9,-545.62,-7.15,-229.05,154.1,0.22,0.42,0.00,1.00,0.00,1.00,4,5548,367.8,2.14,0.01,-2.18,4.16,663,786,3342,0.0026,0.003,-0.002,-0.098,2.30,-4.86,1276,-72,1205,0,0,2348,-0.0198,-0.010,-0.002,-0.098,2.31,-4.85,1272,-59,862,0,0,3259,0.0120,-0.003,0.063,-0.037,2.55,-4.61,1358,2157,1159,0,0,2422,-0.0104,-0.010,0.067,-0.033,2.56,-4.61,1360,1681,864,0,0
54.841,1284.1,-545.15,-7.16,-223.91,155.0,0.24,0.40,0.00,1.00,0.00,1.00,4,5585,375.2,2.18,0.03,-2.22,3.67,672,796,3227,0.0029,0.002,-0.002,-0.098,2.14,-5.03,1284,-72,1090,0,0,481,-0.0186,0.010,0.014,-0.086,2.20,-4.96,1280,29,171,0,0,3308,0.0111,-0.007,0.063,-0.037,2.35,-4.81,1367,2233,1092,0,0,2526,-0.0103,0.001,0.067,-0.033,2.36,-4.80,1369,1778,836,0,0
54.961,1289.3,-544.63,-7.17,-218.75,156.0,0.24,0.37,0.00,1.00,0.00,1.00,4,5615,376.8,2.19,0.05,-2.26,2.73,683,806,3209,0.0010,-0.015,-0.002,-0.098,1.94,-5.22,1291,-72,993,0,0,2422,-0.0185,0.000,-0.002,-0.098,1.94,-5.22,1289,-62,760,0,0,3231,0.0108,-0.002,0.063,-0.037,2.10,-5.06,1375,2208,965,0,0,2550,-0.0087,0.013,0.065,-0.035,2.10,-5.06,1376,1803,764,0,0
55.081,1294.5,-544.05,-7.19,-213.57,157.0,0.24,0.34,0.00,1.00,0.00,1.00,4,5638,376.9,2.20,0.04,-2.30,2.37,695,816,3145,0.0009,-0.001,-0.002,-0.098,1.70,-5.46,1300,-73,861,0,0,2356,-0.0164,0.018,-0.004,-0.096,1.70,-5.46,1295,-117,654,0,0,3281,0.0098,-0.008,0.061,-0.039,1.84,-5.32,1380,2232,870,0,0,2771,-0.0081,0.005,0.063,-0.037,1.84,-5.32,1381,1940,737,0,0
55.201,1299.7,-543.42,-7.20,-208.35,158.0,0.24,0.30,0.00,1.00,0.00,1.00,4,5669,376.3,2.20,0.06,-2.37,1.61,703,826,3127,-0.0010,-0.016,-0.002,-0.098,1.47,-5.69,1308,-71,747,0,0,2529,-0.0167,-0.003,-0.002,-0.098,1.48,-5.69,1306,-63,610,0,0,3132,0.0090,-0.007,0.060,-0.040,1.57,-5.59,1388,2154,718,0,0,2641,-0.0067,0.011,0.062,-0.038,1.57,-5.59,1389,1861,607,0,0
55.321,1305.0,-542.75,-7.22,-203.11,159.0,0.24,0.27,-0.10,1.00,0.00,1.00,4,5685,376.0,2.20,0.05,-2.44,1.31,714,837,3065,-0.0012,-0.002,-0.002,-0.098,1.23,-5.93,1316,-70,617,0,0,2520,-0.0143,0.020,-0.002,-0.098,1.23,-5.93,1315,-63,512,0,0,3329,0.0079,-0.009,0.056,-0.044,1.31,-5.85,1392,2230,646,0,0,2859,-0.0053,0.012,0.058,-0.042,1.31,-5.85,1393,1958,557,0,0
55.441,1310.3,-542.05,-7.24,-197.84,159.9,0.23,0.05,0.00,1.00,0.00,1.00,4,5721,375.1,2.20,0.04,-2.85,-8.31,721,847,2826,-0.0072,-0.049,-0.002,-0.098,0.75,-6.41,1320,-72,369,0,0,2906,-0.0090,0.044,-0.002,-0.098,0.75,-6.42,1327,-68,377,0,0,2857,0.0020,-0.049,0.060,-0.040,0.28,-6.89,1401,2055,134,0,0,2931,0.0002,0.046,0.055,-0.045,0.27,-6.89,1401,1998,139,0,0
55.561,1315.7,-541.33,-7.26,-192.54,160.9,0.24,0.06,0.00,1.00,0.00,1.00,4,5731,374.9,2.20,-0.04,-2.90,-6.06,731,858,2754,-0.0073,-0.001,-0.002,-0.098,-0.25,-6.92,1330,-67,-101,0,0,2883,-0.0076,0.012,-0.001,-0.099,-0.24,-6.92,1335,-64,-105,0,0,3046,0.0023,0.002,0.054,-0.046,-0.59,-6.57,1404,2051,-263,0,0,3128,0.0019,0.014,0.050,-0.050,-0.59,-6.57,1404,2010,-271,0,0
55.681,1321.1,-540.62,-7.28,-187.20,161.9,0.23,-0.05,0.00,1.00,0.00,1.00,4,5796,373.4,2.20,-0.05,-3.09,-4.59,737,868,2605,-0.0108,-0.029,-0.002,-0.098,-0.81,-6.35,1338,-64,-342,0,0,3275,-0.0059,0.014,-0.002,-0.098,-0.81,-6.35,1340,-3,-398,0,0,2677,-0.0017,-0.033,0.060,-0.040,-1.07,-6.09,1420,1891,-420,0,0,3060,0.0031,0.010,0.056,-0.044,-1.07,-6.09,1419,2078,-481,0,0
55.801,1326.5,-539.91,-7.30,-181.83,162.9,0.23,-0.02,0.23,1.00,0.00,1.00,4,5811,373.0,2.20,-0.10,-3.08,2.44,746,878,2908,-0.0107,0.001,0.000,-0.100,4.70,-2.46,1346,-17,1708,0,0,2685,-0.0049,0.009,0.002,-0.098,6.04,-1.12,1344,43,1874,0,0,3084,-0.0009,0.007,0.054,-0.046,-1.19,-5.97,1423,2025,-555,0,0,2946,0.0049,0.016,0.055,-0.045,-1.19,-5.97,1423,1966,-530,0,0
55.921,1331.9,-539.19,-7.31,-176.43,163.8,0.22,0.05,0.00,1.00,0.00,1.00,4,5855,371.9,2.20,-0.02,-2.87,8.57,752,888,3025,-0.0075,0.027,-0.002,-0.098,-0.43,-6.74,1358,-101,-227,0,0,3131,-0.0069,-0.017,-0.002,-0.098,-0.43,-6.73,1352,-77,-238,0,0,2839,0.0005,0.011,0.054,-0.046,0.05,-7.11,1434,1920,9,0,0,2927,0.0003,-0.039,0.059,-0.041,0.05,-7.11,1434,2084,9,0,0
56.041,1337.4,-538.46,-7.33,-171.01,164.3,0.11,0.08,0.00,0.00,0.00,1.00,4,5521,-64.2,0.86,0.05,-2.81,5.96,744,893,3118,-0.0063,0.010,-0.001,-0.099,0.35,-6.81,1363,-29,172,0,0,2925,-0.0070,-0.001,-0.001,-0.099,0.35,-6.81,1358,-32,162,0,0,2700,0.0007,0.001,-0.008,-0.092,0.69,-6.47,1352,-315,300,0,0,2498,-0.0001,-0.003,-0.005,-0.095,0.69,-6.47,1351,-189,279,0,0
56.161,1342.9,-537.72,-7.34,-165.60,163.6,-0.15,0.16,0.00,0.00,0.00,1.00,4,5478,-63.9,0.26,0.32,-2.61,4.48,691,886,3692,0.0021,0.070,-0.001,-0.099,0.76,-6.40,1357,-39,450,0,0,3278,-0.0032,0.032,-0.001,-0.099,0.76,-6.40,1353,-36,404,0,0,2657,-0.0038,-0.037,-0.011,-0.089,1.02,-6.15,1342,-457,438,0,0,2191,-0.0098,-0.081,-0.010,-0.090,1.02,-6.14,1341,-322,365,0,0
56.281,1348.3,-536.96,-7.35,-160.21,162.9,-0.17,0.00,-0.27,0.00,0.00,1.00,4,5456,-63.7,0.21,0.44,-2.81,-7.98,658,878,2830,0.0017,-0.003,0.007,-0.093,-10.01,2.84,1336,113,-2477,0,0,3709,0.0008,0.034,0.001,-0.099,-7.97,0.81,1342,29,-3017,0,0,1957,-0.0084,-0.039,-0.009,-0.091,0.81,-6.36,1335,-272,272,0,0,2754,-0.0093,0.004,-0.012,-0.088,0.80,-6.36,1337,-497,376,0,0
56.401,1353.7,-536.21,-7.37,-154.85,162.2,-0.17,-0.07,0.00,0.00,0.00,1.00,4,5435,-63.6,0.20,0.36,-3.09,-12.85,648,870,3339,-0.0004,-0.018,-0.001,-0.099,-0.33,-6.83,1338,-38,-153,0,0,3546,0.0077,0.057,-0.001,-0.099,-0.33,-6.83,1349,-31,-161,0,0,2594,-0.0135,-0.042,-0.007,-0.093,-1.06,-6.10,1330,-263,-423,0,0,2781,-0.0054,0.033,-0.013,-0.087,-1.05,-6.11,1332,-530,-457,0,0
56.521,1359.1,-535.48,-7.38,-149.50,161.5,-0.15,-0.15,0.00,0.00,0.00,1.00,4,5407,-63.4,0.20,0.28,-3.17,-9.43,643,863,2850,-0.0034,-0.025,-0.001,-0.099,-1.47,-5.69,1334,-28,-668,0,0,3571,0.0065,-0.010,-0.001,-0.099,-1.47,-5.70,1341,-32,-823,0,0,2187,-0.0139,-0.003,-0.009,-0.091,-2.01,-5.15,1323,-268,-698,0,0,2778,-0.0040,0.012,-0.013,-0.087,-2.00,-5.16,1325,-493,-872,0,0
56.641,1364.5,-534.78,-7.39,-144.18,160.8,-0.15,-0.28,0.00,0.00,0.00,1.00,4,5382,-63.2,0.20,0.18,-3.43,-7.08,641,856,2632,-0.0066,-0.027,-0.001,-0.099,-2.10,-5.06,1328,-6,-874,0,0,3755,0.0111,0.038,-0.001,-0.099,-2.09,-5.07,1334,-34,-1223,0,0,2246,-0.0170,-0.026,-0.009,-0.091,-2.51,-4.66,1317,-279,-883,0,0,3133,0.0006,0.039,-0.012,-0.088,-2.49,-4.67,1319,-498,-1207,0,0
56.761,1369.8,-534.13,-7.39,-138.87,160.1,-0.15,-0.33,0.00,1.00,0.00,1.00,4,5381,26.8,0.25,0.16,-3.59,-5.24,632,848,2677,-0.0101,-0.030,-0.001,-0.099,-2.39,-4.78,1323,-25,-1004,0,0,3780,0.0117,0.005,-0.001,-0.099,-2.38,-4.78,1327,-38,-1389,0,0,2030,-0.0197,-0.022,-0.005,-0.095,-2.68,-4.48,1318,-167,-854,0,0,2973,0.0022,0.013,-0.007,-0.093,-2.68,-4.49,1320,-314,-1228,0,0
56.881,1375.2,-533.53,-7.40,-133.57,160.1,0.00,-0.36,0.00,1.00,0.00,1.00,4,5590,246.6,1.48,0.00,-3.63,-4.05,651,847,2482,-0.0118,-0.014,-0.001,-0.099,-2.45,-4.71,1323,-45,-958,0,0,3562,0.0120,0.003,-0.001,-0.099,-2.45,-4.72,1326,-75,-1349,0,0,2410,-0.0176,0.017,0.034,-0.066,-2.69,-4.48,1370,1000,-980,0,0,3320,0.0062,0.034,0.031,-0.069,-2.68,-4.48,1369,1250,-1335,0,0
57.001,1380.5,-532.97,-7.40,-128.25,160.6,0.15,-0.33,0.00,1.00,0.00,1.00,4,5726,338.0,2.00,-0.18,-3.59,-2.81,686,854,2358,-0.0158,-0.033,-0.002,-0.098,-2.37,-4.79,1327,-55,-888,0,0,3557,0.0077,-0.036,-0.002,-0.098,-2.37,-4.79,1329,-114,-1308,0,0,2490,-0.0139,0.031,0.055,-0.045,-2.54,-4.62,1403,1533,-914,0,0,3286,0.0090,0.023,0.053,-0.047,-2.53,-4.63,1402,1932,-1198,0,0
57.121,1385.9,-532.46,-7.39,-122.90,161.5,0.21,-0.32,0.00,1.00,0.00,1.00,4,5774,363.4,2.14,-0.35,-3.52,-1.89,719,863,2363,-0.0170,-0.010,-0.002,-0.098,-2.20,-4.96,1334,-58,-831,0,0,3251,0.0048,-0.024,-0.002,-0.098,-2.20,-4.96,1336,-68,-1127,0,0,2649,-0.0098,0.034,0.058,-0.042,-2.31,-4.85,1415,1720,-884,0,0,3421,0.0121,0.025,0.056,-0.044,-2.31,-4.85,1414,2144,-1133,0,0
57.241,1391.3,-531.99,-7.38,-117.53,162.1,0.16,-0.28,0.00,0.00,0.00,1.00,4,5506,-70.8,1.18,-0.36,-3.43,-1.05,726,870,2720,-0.0173,-0.003,-0.001,-0.099,-1.97,-5.19,1341,-43,-861,0,0,3539,0.0031,-0.013,-0.001,-0.099,-1.97,-5.19,1342,-50,-1105,0,0,2477,-0.0095,0.002,0.005,-0.095,-2.03,-5.13,1347,241,-809,0,0,3098,0.0100,-0.017,0.004,-0.096,-2.03,-5.13,1347,257,-1001,0,0
57.361,1396.7,-531.55,-7.37,-112.16,161.4,-0.17,0.05,0.00,0.00,0.00,1.00,4,5404,-63.3,0.29,-0.13,-2.81,15.35,679,861,3890,-0.0036,0.115,-0.002,-0.098,7.33,0.17,1330,-44,3106,0,0,2765,0.0013,-0.016,0.004,-0.096,9.38,2.22,1318,61,2411,0,0,2999,-0.0066,0.024,-0.013,-0.087,-1.14,-6.02,1325,-580,-583,0,0,1939,-0.0017,-0.098,-0.007,-0.093,-1.15,-6.01,1322,-202,-388,0,0
57.481,1402.1,-531.10,-7.35,-106.81,160.7,-0.17,0.04,0.00,0.00,0.00,1.00,4,5383,-63.2,0.21,0.11,-2.56,14.45,642,854,3578,0.0035,0.059,-0.001,-0.099,0.11,-7.05,1337,-32,31,0,0,3477,0.0017,0.004,-0.001,-0.099,0.11,-7.05,1325,-42,31,0,0,2545,-0.0069,-0.002,-0.013,-0.087,0.93,-6.24,1320,-519,367,0,0,2422,-0.0095,-0.064,-0.007,-0.093,0.93,-6.23,1317,-252,354,0,0
57.601,1407.4,-530.63,-7.34,-101.49,160.0,-0.15,0.22,0.00,0.00,0.00,1.00,4,5359,-63.0,0.20,0.15,-2.32,10.57,632,847,3683,0.0070,0.029,-0.001,-0.099,1.31,-5.85,1329,-32,759,0,0,2913,-0.0012,-0.024,-0.001,-0.099,1.32,-5.84,1321,-29,611,0,0,2898,-0.0037,0.027,-0.012,-0.088,1.91,-5.25,1314,-505,871,0,0,2257,-0.0118,-0.020,-0.008,-0.092,1.92,-5.24,1311,-253,691,0,0
57.721,1412.7,-530.11,-7.32,-96.19,159.3,-0.15,0.35,0.08,0.00,0.00,1.00,4,5330,-62.8,0.20,0.18,-2.00,7.93,626,839,3925,0.0104,0.028,-0.001,-0.099,1.94,-5.23,1322,-39,1185,0,0,2902,-0.0054,-0.036,-0.001,-0.099,1.94,-5.22,1316,-28,894,0,0,3012,0.0000,0.031,-0.012,-0.088,2.39,-4.78,1306,-500,1117,0,0,2081,-0.0166,-0.040,-0.009,-0.091,2.40,-4.76,1304,-263,788,0,0
57.841,1418.0,-529.53,-7.31,-90.93,158.4,-0.19,0.67,0.45,0.00,0.00,1.00,4,5299,-62.6,0.20,0.22,-1.33,18.56,610,829,4521,0.0201,0.081,0.009,-0.091,15.79,8.62,1280,129,4002,0,0,2242,-0.0133,-0.065,0.028,-0.072,18.83,11.67,1269,176,2043,0,0,3529,0.0091,0.076,-0.014,-0.086,3.24,-3.92,1300,-595,1676,0,0,1611,-0.0243,-0.064,-0.006,-0.094,3.27,-3.89,1296,-126,799,0,0
57.961,1423.3,-528.87,-7.30,-85.72,157.3,-0.20,0.70,0.00,0.00,0.00,1.00,4,5240,-62.2,0.20,0.36,-1.08,21.84,582,818,4351,0.0243,0.035,-0.001,-0.099,3.76,-3.40,1307,-39,2311,0,0,2659,-0.0151,-0.016,-0.001,-0.099,3.81,-3.35,1290,-26,1465,0,0,3252,0.0111,0.017,-0.018,-0.082,5.02,-2.15,1285,-555,2143,0,0,1799,-0.0290,-0.039,-0.008,-0.092,5.08,-2.08,1281,-134,1230,0,0
58.081,1428.5,-528.11,-7.28,-80.55,156.4,-0.13,0.74,0.19,0.00,0.00,1.00,4,5191,-61.8,0.20,0.37,-1.04,18.48,578,809,4317,0.0235,-0.006,0.003,-0.097,8.24,1.07,1293,83,3467,0,0,2317,-0.0166,-0.012,0.006,-0.094,8.99,1.83,1280,83,1968,0,0,3508,0.0128,0.014,-0.019,-0.081,6.14,-1.02,1273,-548,2587,0,0,1849,-0.0272,0.015,-0.010,-0.090,6.21,-0.95,1270,-163,1415,0,0
58.201,1433.7,-527.24,-7.27,-75.43,155.3,-0.15,0.87,0.00,0.00,0.00,1.00,4,5135,-61.4,0.20,0.45,-0.78,19.29,560,798,4555,0.0263,0.023,-0.001,-0.099,6.05,-1.11,1285,-41,3302,0,0,2319,-0.0201,-0.030,-0.003,-0.097,6.12,-1.04,1268,-57,1751,0,0,3519,0.0156,0.023,-0.021,-0.079,7.17,0.00,1259,-536,2775,0,0,1587,-0.0314,-0.034,-0.012,-0.088,7.25,0.09,1256,-141,1303,0,0
58.321,1438.8,-526.26,-7.27,-70.37,154.2,-0.12,0.88,0.00,0.00,0.00,1.00,4,5085,-61.1,0.20,0.45,-0.69,16.68,552,787,4469,0.0274,0.010,-0.001,-0.099,6.94,-0.22,1273,-30,3458,0,0,2213,-0.0212,-0.009,0.000,-0.100,7.01,-0.15,1261,-5,1782,0,0,3678,0.0181,0.020,-0.022,-0.078,7.91,0.75,1247,-532,2999,0,0,1779,-0.0305,0.007,-0.014,-0.086,7.99,0.83,1244,-170,1506,0,0
58.441,1444.0,-525.17,-7.26,-65.36,153.2,-0.12,0.90,0.00,0.00,0.00,1.00,4,5035,-60.7,0.20,0.50,-0.64,14.36,542,776,4530,0.0269,-0.004,-0.001,-0.099,7.45,0.29,1262,-37,3600,0,0,2275,-0.0220,-0.007,0.000,-0.100,7.51,0.35,1252,-7,1880,0,0,3554,0.0180,0.000,-0.023,-0.077,8.29,1.13,1234,-521,2944,0,0,1628,-0.0314,-0.008,-0.016,-0.084,8.36,1.20,1232,-176,1399,0,0
58.561,1449.0,-523.96,-7.25,-60.42,152.0,-0.12,0.93,0.19,0.00,0.00,1.00,4,4994,-60.4,0.20,0.51,-0.55,12.73,531,765,4537,0.0285,0.013,0.000,-0.100,10.72,3.56,1242,13,3934,0,0,2151,-0.0226,-0.005,0.005,-0.095,11.46,4.30,1235,57,1951,0,0,3708,0.0195,0.012,-0.023,-0.077,8.41,1.24,1224,-533,3077,0,0,1692,-0.0316,-0.001,-0.017,-0.083,8.47,1.31,1222,-190,1458,0,0
58.681,1454.1,-522.64,-7.25,-55.56,150.8,-0.16,0.94,0.00,0.00,0.00,1.00,4,4949,-60.1,0.20,0.57,-0.50,12.56,517,752,4607,0.0288,0.002,-0.002,-0.098,7.73,0.57,1240,-65,3705,0,0,2281,-0.0230,-0.004,-0.005,-0.095,7.79,0.63,1226,-92,1907,0,0,3546,0.0189,-0.005,-0.023,-0.077,8.48,1.31,1213,-516,2956,0,0,1564,-0.0335,-0.016,-0.018,-0.082,8.54,1.38,1211,-178,1353,0,0
58.801,1459.1,-521.20,-7.25,-50.76,149.7,-0.12,0.93,0.08,0.00,0.00,1.00,4,4916,-59.9,0.20,0.53,-0.51,11.07,515,741,4532,0.0294,0.005,-0.001,-0.099,7.75,0.59,1231,-38,3654,0,0,2226,-0.0221,0.008,-0.001,-0.099,7.80,0.64,1223,-10,1866,0,0,3771,0.0202,0.011,-0.022,-0.078,8.41,1.25,1205,-530,3129,0,0,1820,-0.0314,0.017,-0.018,-0.082,8.47,1.31,1203,-207,1565,0,0
58.921,1464.1,-519.66,-7.25,-46.04,148.4,-0.15,0.94,0.00,0.00,0.00,1.00,4,4877,-59.6,0.20,0.57,-0.48,10.65,504,729,4655,0.0289,-0.004,-0.005,-0.095,7.56,0.40,1218,-180,3717,0,0,2329,-0.0227,-0.005,-0.009,-0.091,7.61,0.45,1204,-167,1932,0,0,3577,0.0198,-0.003,-0.022,-0.078,8.20,1.04,1196,-512,2956,0,0,1588,-0.0324,-0.008,-0.018,-0.082,8.26,1.10,1193,-186,1360,0,0
59.041,1469.0,-518.01,-7.25,-41.40,147.3,-0.13,0.92,0.17,0.00,0.00,1.00,4,4849,-59.4,0.20,0.53,-0.49,9.74,502,718,4559,0.0298,0.007,0.003,-0.097,9.86,2.69,1209,65,3861,0,0,2240,-0.0214,0.011,0.006,-0.094,10.46,3.30,1203,66,1987,0,0,3787,0.0203,0.004,-0.021,-0.079,7.95,0.78,1189,-529,3092,0,0,1839,-0.0309,0.012,-0.017,-0.083,8.00,0.83,1186,-214,1555,0,0
59.161,1473.9,-516.25,-7.25,-36.84,146.1,-0.17,0.93,0.00,0.00,0.00,1.00,4,4812,-59.1,0.20,0.57,-0.46,9.99,490,706,4517,0.0289,-0.007,-0.005,-0.095,7.04,-0.12,1199,-225,3524,0,0,2367,-0.0224,-0.008,-0.013,-0.087,7.08,-0.08,1183,-253,1911,0,0,3527,0.0198,-0.004,-0.021,-0.079,7.66,0.49,1180,-503,2856,0,0,1587,-0.0321,-0.010,-0.016,-0.084,7.70,0.54,1177,-186,1331,0,0
59.281,1478.7,-514.39,-7.25,-32.36,145.0,-0.13,0.89,0.08,0.00,0.00,1.00,4,4785,-58.9,0.20,0.53,-0.51,9.28,489,696,4546,0.0296,0.006,-0.001,-0.099,6.80,-0.37,1195,-42,3490,0,0,2321,-0.0205,0.016,-0.001,-0.099,6.84,-0.33,1189,-15,1851,0,0,3782,0.0194,-0.003,-0.020,-0.080,7.37,0.21,1173,-534,3012,0,0,1891,-0.0307,0.012,-0.016,-0.084,7.41,0.25,1170,-219,1559,0,0
59.401,1483.5,-512.43,-7.26,-27.97,143.9,-0.16,0.92,0.41,0.00,0.00,1.00,4,4753,-58.7,0.20,0.54,-0.47,9.98,481,685,4478,0.0286,-0.008,0.016,-0.084,20.32,13.16,1138,175,3938,0,0,2179,-0.0223,-0.015,0.045,-0.055,23.46,16.29,1137,207,1963,0,0,3565,0.0198,0.004,-0.019,-0.081,7.03,-0.13,1165,-505,2798,0,0,1620,-0.0310,-0.003,-0.015,-0.085,7.08,-0.09,1163,-184,1318,0,0
59.521,1488.3,-510.37,-7.26,-23.66,142.3,-0.25,0.91,0.00,0.00,0.00,1.00,4,4709,-58.4,0.20,0.59,-0.44,12.22,462,670,4813,0.0320,0.028,-0.077,-0.023,6.21,-0.96,1092,-1571,3935,0,0,2499,-0.0191,0.027,-0.089,-0.011,6.26,-0.91,1066,-823,2138,0,0,3541,0.0177,-0.018,-0.019,-0.081,6.98,-0.18,1155,-500,2771,0,0,1591,-0.0331,-0.017,-0.013,-0.087,7.03,-0.13,1152,-163,1292,0,0
59.641,1493.0,-508.24,-7.26,-19.45,141.2,-0.16,0.86,0.00,1.00,0.00,1.00,4,4669,-58.1,0.20,0.58,-0.53,11.25,456,660,4335,0.0295,-0.020,-0.001,-0.099,6.25,-0.91,1166,-40,3215,0,0,2301,-0.0191,0.000,-0.001,-0.099,6.30,-0.86,1157,-17,1768,0,0,3532,0.0179,0.002,-0.019,-0.081,6.97,-0.19,1145,-508,2763,0,0,1795,-0.0307,0.020,-0.014,-0.086,7.02,-0.14,1142,-194,1453,0,0
59.761,1497.7,-506.00,-7.26,-15.32,140.7,-0.01,0.84,0.00,1.00,0.00,1.00,4,4947,225.3,1.32,0.45,-0.57,10.19,475,655,4375,0.0270,-0.021,-0.002,-0.098,6.10,-1.06,1161,-64,3206,0,0,2266,-0.0201,-0.008,-0.002,-0.098,6.14,-1.02,1153,-34,1723,0,0,3805,0.0190,0.009,0.041,-0.059,6.75,-0.41,1212,1124,2854,0,0,2031,-0.0278,0.024,0.049,-0.051,6.80,-0.37,1213,724,1550,0,0
59.881,1502.4,-503.67,-7.27,-11.25,141.0,0.16,0.82,0.22,1.00,0.00,1.00,4,5136,342.0,1.95,0.22,-0.61,9.03,510,657,3932,0.0217,-0.044,0.004,-0.096,11.30,4.14,1154,80,3438,0,0,1902,-0.0242,-0.035,0.011,-0.089,12.56,5.40,1148,86,1734,0,0,3946,0.0247,0.047,0.078,-0.022,6.38,-0.78,1257,2096,2639,0,0,2222,-0.0212,0.056,0.087,-0.013,6.42,-0.74,1259,1296,1495,0,0
60.001,1507.1,-501.23,-7.27,-7.23,141.1,0.14,0.84,0.55,0.44,0.00,1.00,4,5042,188.7,1.59,0.15,-0.55,12.67,523,659,4381,0.0203,-0.011,0.008,-0.092,21.75,14.59,1099,91,3845,0,0,2204,-0.0264,-0.018,0.039,-0.061,25.40,18.24,1092,173,1977,0,0,3806,0.0253,0.005,0.056,-0.044,6.36,-0.80,1233,1607,2682,0,0,2131,-0.0213,-0.001,0.066,-0.034,6.41,-0.75,1235,1049,1509,0,0
60.121,1511.8,-498.69,-7.27,-3.28,140.2,-0.13,0.87,0.00,0.00,0.00,1.00,4,4692,-58.3,0.57,0.30,-0.46,12.24,488,650,4544,0.0253,0.042,0.057,-0.043,34.99,27.83,1008,311,3859,0,0,2330,-0.0238,0.021,0.152,0.052,41.56,34.40,995,359,1994,0,0,3577,0.0242,-0.010,-0.009,-0.091,6.42,-0.74,1149,-225,2716,0,0,1705,-0.0249,-0.030,-0.002,-0.098,6.48,-0.68,1148,-10,1340,0,0
60.241,1516.5,-496.09,-7.27,0.56,138.9,-0.19,0.81,0.00,0.00,0.00,1.00,4,4598,-57.6,0.23,0.53,-0.55,13.06,451,639,4520,0.0274,0.018,-0.001,-0.099,5.77,-1.39,1148,-48,3207,0,0,2536,-0.0185,0.044,-0.001,-0.099,5.82,-1.34,1139,-24,1866,0,0,3358,0.0168,-0.062,-0.019,-0.081,6.61,-0.55,1128,-510,2574,0,0,1674,-0.0297,-0.040,-0.013,-0.087,6.67,-0.49,1125,-176,1328,0,0
60.361,1521.1,-493.40,-7.28,4.32,138.0,-0.11,0.84,0.00,0.00,0.00,1.00,4,4574,-57.4,0.20,0.47,-0.53,11.51,449,630,4443,0.0283,0.007,-0.001,-0.099,5.87,-1.29,1141,-40,3187,0,0,2317,-0.0182,0.002,-0.001,-0.099,5.92,-1.25,1132,-15,1726,0,0,3719,0.0187,0.016,-0.018,-0.082,6.62,-0.54,1121,-519,2842,0,0,1931,-0.0278,0.016,-0.013,-0.087,6.67,-0.49,1119,-193,1528,0,0
60.481,1525.7,-490.65,-7.28,7.98,137.1,-0.13,0.85,0.31,0.00,0.00,1.00,4,4542,-57.2,0.20,0.47,-0.47,11.50,444,621,4579,0.0267,-0.013,0.005,-0.095,13.65,6.49,1113,98,4038,0,0,2311,-0.0203,-0.017,0.017,-0.083,15.47,8.31,1108,138,2115,0,0,3607,0.0188,0.001,-0.018,-0.082,6.43,-0.73,1114,-518,2724,0,0,1649,-0.0288,-0.008,-0.013,-0.087,6.48,-0.68,1111,-173,1293,0,0
60.601,1530.2,-487.82,-7.28,11.53,135.7,-0.21,0.90,0.67,0.00,0.00,1.00,4,4502,-56.9,0.20,0.49,-0.34,14.42,429,609,4725,0.0307,0.033,0.016,-0.084,25.48,18.32,1035,154,4086,0,0,2364,-0.0200,0.002,0.061,-0.039,29.95,22.79,1027,233,2087,0,0,3759,0.0196,0.006,-0.018,-0.082,6.60,-0.56,1104,-527,2864,0,0,1772,-0.0312,-0.020,-0.011,-0.089,6.66,-0.50,1101,-155,1405,0,0
60.721,1534.7,-484.93,-7.28,14.97,134.0,-0.29,0.86,0.88,0.00,0.00,1.00,4,4442,-56.5,0.20,0.62,-0.39,14.49,404,595,4549,0.0305,-0.002,0.035,-0.065,36.06,28.90,932,207,3859,0,0,2470,-0.0188,0.010,0.126,0.026,42.82,35.66,911,321,2116,0,0,3310,0.0167,-0.024,-0.018,-0.082,6.90,-0.26,1089,-464,2587,0,0,1573,-0.0326,-0.012,-0.011,-0.089,6.97,-0.19,1086,-133,1274,0,0
60.841,1539.1,-482.00,-7.28,18.29,132.1,-0.35,0.84,0.88,0.00,0.00,1.00,4,4375,-56.0,0.20,0.70,-0.44,14.56,382,578,4878,0.0329,0.020,0.000,-0.100,36.48,29.32,884,3,4121,0,0,2753,-0.0143,0.038,0.044,-0.056,43.27,36.10,827,124,2378,0,0,3375,0.0130,-0.031,-0.019,-0.081,7.21,0.04,1073,-463,2681,0,0,1597,-0.0339,-0.011,-0.011,-0.089,7.28,0.12,1070,-132,1316,0,0
60.961,1543.5,-479.02,-7.28,21.49,130.1,-0.36,0.84,0.00,0.00,0.00,1.00,4,4306,-55.6,0.20,0.73,-0.44,13.79,364,561,4611,0.0330,0.001,-0.001,-0.099,6.44,-0.73,1075,-79,3453,0,0,2554,-0.0140,0.003,-0.046,-0.054,6.50,-0.66,1020,-1045,1866,0,0,3368,0.0135,0.004,-0.019,-0.081,7.38,0.22,1056,-455,2701,0,0,1624,-0.0335,0.003,-0.012,-0.088,7.46,0.30,1053,-137,1349,0,0
61.081,1547.8,-476.00,-7.28,24.58,129.2,-0.11,0.85,0.00,0.00,0.00,1.00,4,4269,-55.3,0.20,0.61,-0.40,13.31,378,552,6519,0.0296,-0.028,-0.001,-0.099,6.56,-0.60,1067,30,4776,0,0,2261,-0.0177,-0.031,-0.001,-0.099,6.62,-0.54,1057,-14,1778,0,0,3609,0.0159,0.020,-0.020,-0.080,7.48,0.31,1047,-511,2895,0,0,1737,-0.0319,0.013,-0.013,-0.087,7.55,0.39,1044,-167,1446,0,0
61.201,1552.1,-472.91,-7.29,27.56,128.2,-0.11,0.90,0.26,0.00,0.00,1.00,4,4243,-55.1,0.20,0.45,-0.30,11.79,388,544,4519,0.0292,-0.004,0.007,-0.093,12.81,5.64,1047,126,3962,0,0,2123,-0.0207,-0.025,0.016,-0.084,14.28,7.12,1040,120,1943,0,0,3882,0.0217,0.049,-0.018,-0.082,7.25,0.09,1041,-511,3072,0,0,1886,-0.0282,0.031,-0.012,-0.088,7.32,0.15,1038,-173,1550,0,0
61.321,1556.3,-469.77,-7.29,30.42,126.9,-0.19,0.90,0.64,0.00,0.00,1.00,4,4201,-54.8,0.20,0.51,-0.24,12.69,375,533,4689,0.0289,-0.003,0.024,-0.076,25.42,18.26,976,209,4061,0,0,2389,-0.0219,-0.010,0.067,-0.033,29.75,22.59,968,253,2111,0,0,3544,0.0207,-0.008,-0.019,-0.081,7.11,-0.06,1030,-484,2795,0,0,1580,-0.0306,-0.020,-0.012,-0.088,7.17,0.01,1027,-143,1294,0,0
61.441,1560.5,-466.59,-7.29,33.15,125.3,-0.28,0.87,0.90,0.00,0.00,1.00,4,4150,-54.4,0.20,0.59,-0.27,13.51,356,519,4771,0.0321,0.027,0.045,-0.055,36.85,29.68,871,247,4030,0,0,2574,-0.0181,0.032,0.142,0.042,43.72,36.56,850,352,2197,0,0,3436,0.0173,-0.029,-0.018,-0.082,7.16,-0.01,1018,-461,2721,0,0,1608,-0.0326,-0.016,-0.011,-0.089,7.23,0.07,1015,-132,1321,0,0
61.561,1564.7,-463.38,-7.29,35.77,123.4,-0.34,0.84,0.90,0.00,0.00,1.00,4,4087,-54.0,0.20,0.70,-0.34,12.11,333,504,4589,0.0317,-0.003,0.000,-0.100,36.98,29.81,820,0,3892,0,0,2572,-0.0162,0.016,0.044,-0.056,43.87,36.71,765,117,2226,0,0,3267,0.0146,-0.023,-0.018,-0.082,7.10,-0.07,1002,-436,2588,0,0,1574,-0.0333,-0.006,-0.011,-0.089,7.16,0.00,999,-135,1289,0,0
61.681,1568.8,-460.15,-7.30,38.25,121.5,-0.34,0.81,0.00,1.00,0.00,1.00,4,4111,75.0,0.38,0.76,-0.39,12.19,321,489,4894,0.0319,0.002,-0.157,0.057,6.10,-1.06,856,-2318,3643,0,0,2807,-0.0140,0.018,-0.236,0.136,6.16,-1.00,766,-1554,1980,0,0,3284,0.0114,-0.027,0.002,-0.098,7.00,-0.16,1008,-4,2604,0,0,1674,-0.0346,-0.010,0.011,-0.089,7.07,-0.09,1007,115,1364,0,0
61.801,1572.8,-456.88,-7.30,40.63,121.0,-0.02,0.82,0.00,1.00,0.00,1.00,4,4333,282.5,1.59,0.50,-0.37,12.76,344,484,4166,0.0290,-0.024,-0.002,-0.098,6.02,-1.15,1000,-66,3040,0,0,2073,-0.0175,-0.029,-0.002,-0.098,6.07,-1.09,990,-40,1571,0,0,3947,0.0188,0.062,0.058,-0.042,6.95,-0.21,1061,1561,2899,0,0,2175,-0.0277,0.057,0.070,-0.030,7.02,-0.14,1063,1026,1605,0,0
61.921,1576.8,-453.55,-7.31,42.91,121.4,0.20,0.81,0.34,0.56,0.00,1.00,4,4416,251.8,1.81,0.22,-0.35,12.80,380,487,4122,0.0213,-0.064,0.009,-0.091,15.67,8.50,981,125,3671,0,0,1919,-0.0248,-0.061,0.023,-0.077,17.92,10.75,973,127,1764,0,0,4054,0.0261,0.060,0.075,-0.025,6.74,-0.42,1080,2047,2797,0,0,2206,-0.0207,0.058,0.087,-0.013,6.80,-0.36,1082,1272,1518,0,0
62.041,1580.9,-450.14,-7.31,45.09,120.9,-0.02,0.88,0.65,0.05,0.00,1.00,4,4077,-34.5,0.76,0.20,-0.22,12.97,376,483,4568,0.0245,0.027,0.028,-0.072,27.72,20.55,914,199,3945,0,0,2230,-0.0252,-0.003,0.080,-0.020,32.68,25.52,904,244,1963,0,0,3801,0.0266,0.005,-0.002,-0.098,6.59,-0.57,998,-19,2914,0,0,1804,-0.0228,-0.018,0.007,-0.093,6.66,-0.50,997,129,1431,0,0
62.161,1584.9,-446.72,-7.31,47.15,119.3,-0.27,0.85,0.91,0.00,0.00,1.00,4,3961,-53.1,0.26,0.47,-0.24,12.71,336,471,4627,0.0287,0.035,0.026,-0.074,36.53,29.37,817,159,3921,0,0,2532,-0.0203,0.041,0.113,0.013,43.47,36.31,792,293,2172,0,0,3318,0.0208,-0.049,-0.017,-0.083,6.51,-0.66,971,-442,2532,0,0,1587,-0.0282,-0.045,-0.010,-0.090,6.57,-0.59,968,-123,1255,0,0
62.281,1588.8,-443.28,-7.32,49.09,117.4,-0.35,0.80,0.91,0.00,0.00,1.00,4,3898,-52.7,0.21,0.70,-0.34,13.81,307,456,4710,0.0308,0.018,-0.003,-0.097,36.62,29.46,782,-16,3989,0,0,2732,-0.0148,0.047,0.030,-0.070,43.59,36.43,721,87,2362,0,0,3166,0.0132,-0.063,-0.018,-0.082,6.59,-0.57,956,-441,2434,0,0,1499,-0.0329,-0.039,-0.010,-0.090,6.67,-0.50,953,-116,1194,0,0
62.401,1592.7,-439.86,-7.32,50.90,115.5,-0.37,0.82,0.91,0.00,0.00,1.00,4,3837,-52.2,0.20,0.73,-0.33,14.00,290,441,4739,0.0334,0.022,-0.004,-0.096,36.80,29.64,766,-26,4011,0,0,2659,-0.0126,0.018,0.008,-0.092,43.79,36.63,692,23,2303,0,0,3457,0.0129,-0.003,-0.017,-0.083,6.70,-0.46,941,-450,2667,0,0,1699,-0.0330,-0.001,-0.008,-0.092,6.77,-0.39,938,-114,1360,0,0
62.521,1596.5,-436.44,-7.32,52.58,113.5,-0.36,0.80,0.92,0.00,0.00,1.00,4,3771,-51.8,0.20,0.76,-0.34,13.09,279,427,4556,0.0316,-0.015,-0.005,-0.095,36.96,29.80,752,-26,3866,0,0,2556,-0.0139,-0.011,0.002,-0.098,43.97,36.81,675,7,2217,0,0,3278,0.0120,-0.007,-0.017,-0.083,6.71,-0.46,925,-434,2537,0,0,1592,-0.0334,-0.003,-0.009,-0.091,6.78,-0.38,922,-115,1276,0,0
62.641,1600.3,-433.03,-7.33,54.15,111.6,-0.36,0.80,0.92,0.00,0.00,1.00,4,3709,-51.3,0.20,0.76,-0.32,13.08,271,413,4868,0.0325,0.008,-0.006,-0.094,36.99,29.83,738,-34,4110,0,0,2781,-0.0128,0.009,-0.001,-0.099,44.03,36.87,661,-1,2404,0,0,3403,0.0112,-0.007,-0.017,-0.083,6.66,-0.50,910,-444,2622,0,0,1651,-0.0338,-0.003,-0.009,-0.091,6.73,-0.43,907,-116,1319,0,0
62.761,1603.9,-429.64,-7.33,55.59,109.7,-0.37,0.81,0.92,0.00,0.00,1.00,4,3647,-50.9,0.20,0.71,-0.30,12.24,263,398,4657,0.0328,0.002,-0.006,-0.094,36.97,29.81,725,-32,3945,0,0,2591,-0.0132,-0.003,-0.002,-0.098,44.02,36.86,648,-5,2246,0,0,3443,0.0134,0.019,-0.016,-0.084,6.51,-0.66,894,-433,2627,0,0,1697,-0.0325,0.010,-0.008,-0.092,6.58,-0.59,892,-115,1342,0,0
62.881,1607.6,-426.27,-7.34,56.91,107.8,-0.36,0.78,0.92,0.00,0.00,1.00,4,3585,-50.4,0.20,0.75,-0.32,11.87,254,385,4706,0.0310,-0.015,-0.007,-0.093,36.87,29.71,713,-35,3984,0,0,2711,-0.0135,-0.003,-0.003,-0.097,43.94,36.78,637,-8,2346,0,0,3280,0.0119,-0.012,-0.016,-0.084,6.28,-0.88,879,-428,2468,0,0,1576,-0.0331,-0.005,-0.009,-0.091,6.35,-0.81,876,-115,1229,0,0
63.001,1611.1,-422.92,-7.34,58.10,105.9,-0.36,0.79,0.93,0.43,0.00,1.00,4,3599,62.8,0.30,0.73,-0.31,12.65,246,371,4804,0.0326,0.013,-0.007,-0.093,36.71,29.54,702,-41,4061,0,0,2749,-0.0124,0.010,-0.004,-0.096,43.80,36.64,627,-11,2378,0,0,3385,0.0115,-0.004,0.003,-0.097,6.11,-1.05,882,35,2523,0,0,1662,-0.0331,0.000,0.014,-0.086,6.18,-0.98,882,169,1275,0,0
63.121,1614.6,-419.59,-7.35,59.19,104.6,-0.23,0.78,0.93,0.30,0.00,1.00,4,3620,104.7,0.81,0.61,-0.30,12.40,248,362,4428,0.0304,-0.018,-0.009,-0.091,36.56,29.40,694,-45,3768,0,0,2438,-0.0147,-0.019,-0.007,-0.093,43.66,36.50,619,-17,2120,0,0,3551,0.0151,0.030,0.021,-0.079,5.91,-1.26,886,640,2569,0,0,1865,-0.0300,0.026,0.033,-0.067,5.97,-1.19,887,524,1373,0,0
63.241,1618.1,-416.27,-7.35,60.15,103.0,-0.30,0.76,0.93,0.00,0.00,0.75,4,3435,-49.4,0.31,0.63,-0.33,12.01,242,351,4624,0.0286,-0.015,-0.007,-0.093,36.39,29.23,685,-41,3923,0,0,2666,-0.0149,-0.002,-0.006,-0.094,43.51,36.34,612,-16,2310,0,0,3323,0.0140,-0.009,-0.014,-0.086,5.63,-1.53,843,-421,2366,0,0,1648,-0.0301,-0.001,-0.007,-0.093,5.70,-1.46,840,-99,1216,0,0
63.361,1621.5,-412.98,-7.36,61.01,101.1,-0.36,0.76,0.93,0.00,0.00,0.27,4,3375,-49.0,0.21,0.68,-0.31,13.67,229,339,4775,0.0313,0.022,-0.007,-0.093,36.22,29.06,675,-41,4042,0,0,2777,-0.0126,0.019,-0.004,-0.096,43.36,36.20,603,-12,2403,0,0,3324,0.0120,-0.016,-0.015,-0.085,5.54,-1.62,828,-440,2342,0,0,1645,-0.0316,-0.013,-0.006,-0.094,5.61,-1.55,825,-88,1204,0,0
63.481,1624.8,-409.73,-7.36,61.75,99.1,-0.40,0.76,0.94,0.00,0.00,0.76,3,3826,-52.0,0.20,0.72,-0.32,14.98,216,325,4651,0.0315,0.002,-0.004,-0.096,36.24,29.08,664,-26,3945,0,0,2747,-0.0124,0.002,0.000,-0.100,43.41,36.25,592,-2,2378,0,0,3239,0.0121,0.001,-0.126,0.026,5.62,-1.54,724,-2310,1803,0,0,1638,-0.0318,-0.001,-0.124,0.024,5.70,-1.46,715,-1173,956,0,0
63.601,1628.1,-406.54,-7.37,62.38,96.9,-0.45,0.75,0.94,0.00,0.00,1.00,3,4197,-54.8,0.20,0.85,-0.33,17.94,200,311,4761,0.0319,0.003,-0.004,-0.096,36.49,29.32,648,-25,4030,0,0,2802,-0.0105,0.016,0.002,-0.098,43.69,36.53,576,6,2423,0,0,3192,0.0086,-0.029,-0.024,-0.076,6.07,-1.09,788,-632,2342,0,0,1511,-0.0344,-0.022,-0.012,-0.088,6.18,-0.99,784,-154,1158,0,0
63.721,1631.3,-403.39,-7.38,62.90,94.9,-0.38,0.78,0.94,0.00,0.00,1.00,3,4114,-54.2,0.20,0.83,-0.25,18.42,194,299,4857,0.0332,0.011,-0.005,-0.095,36.87,29.71,632,-26,4102,0,0,2758,-0.0114,-0.008,0.002,-0.098,44.10,36.94,560,6,2384,0,0,3380,0.0101,0.013,-0.023,-0.077,6.46,-0.70,772,-621,2551,0,0,1622,-0.0340,0.003,-0.010,-0.090,6.58,-0.59,768,-139,1281,0,0
63.841,1634.4,-400.29,-7.39,63.31,93.0,-0.37,0.79,0.94,0.00,0.00,1.00,3,4027,-53.6,0.20,0.79,-0.20,17.41,188,286,4662,0.0330,-0.002,-0.004,-0.096,37.25,30.09,616,-21,3948,0,0,2594,-0.0127,-0.011,0.002,-0.098,44.51,37.35,545,6,2248,0,0,3439,0.0127,0.022,-0.023,-0.077,6.68,-0.48,756,-608,2637,0,0,1693,-0.0330,0.009,-0.011,-0.089,6.80,-0.36,752,-144,1356,0,0
63.961,1637.5,-397.24,-7.39,63.61,91.1,-0.36,0.78,0.95,0.00,0.00,1.00,3,3939,-52.9,0.20,0.84,-0.20,16.24,180,275,919,0.0301,-0.024,0.015,-0.085,37.60,30.44,600,-1,825,0,0,2718,-0.0134,-0.006,0.000,-0.100,44.72,37.56,531,1,2350,0,0,3302,0.0119,-0.007,-0.023,-0.077,6.73,-0.43,739,-594,2545,0,0,1585,-0.0332,-0.002,-0.012,-0.088,6.84,-0.32,735,-148,1274,0,0
64.081,1640.4,-394.25,-7.40,63.80,89.1,-0.37,0.78,0.95,0.00,0.00,1.00,3,3856,-52.4,0.20,0.86,-0.18,15.68,173,263,4657,0.0316,0.013,-0.006,-0.094,37.49,30.33,587,-31,3942,0,0,2591,-0.0135,-0.001,-0.002,-0.098,44.77,37.61,518,-4,2244,0,0,3371,0.0112,-0.006,-0.023,-0.077,6.67,-0.49,724,-601,2588,0,0,1629,-0.0339,-0.006,-0.012,-0.088,6.79,-0.38,720,-154,1305,0,0
64.201,1643.4,-391.31,-7.41,63.88,87.1,-0.38,0.79,0.95,0.00,0.00,1.00,3,3776,-51.8,0.20,0.82,-0.16,15.34,166,251,4712,0.0330,0.011,-0.006,-0.094,37.43,30.26,574,-34,3986,0,0,2654,-0.0126,0.007,-0.003,-0.097,44.73,37.56,507,-7,2297,0,0,3480,0.0120,0.006,-0.022,-0.078,6.52,-0.64,709,-602,2645,0,0,1743,-0.0337,0.002,-0.011,-0.089,6.63,-0.53,705,-133,1384,0,0
64.321,1646.2,-388.45,-7.42,63.86,85.2,-0.37,0.77,0.95,0.00,0.00,1.00,3,3695,-51.2,0.20,0.84,-0.18,14.51,159,240,4587,0.0317,-0.011,-0.007,-0.093,37.25,30.09,562,-36,3889,0,0,2617,-0.0133,-0.005,-0.004,-0.096,44.56,37.40,497,-10,2266,0,0,3311,0.0123,0.003,-0.021,-0.079,6.23,-0.93,694,-578,2470,0,0,1644,-0.0327,0.008,-0.011,-0.089,6.33,-0.83,690,-149,1278,0,0
64.441,1649.1,-385.64,-7.43,63.74,83.8,-0.26,0.76,0.00,1.00,0.00,1.00,3,3873,162.9,0.70,0.82,-0.19,16.33,157,232,4382,0.0305,-0.010,-0.004,-0.096,4.33,-2.83,695,26,2662,0,0,2512,-0.0135,-0.001,0.004,-0.096,4.41,-2.75,689,-334,1594,0,0,3425,0.0120,-0.002,0.038,-0.062,6.07,-1.09,725,995,2468,0,0,1801,-0.0325,0.002,0.059,-0.041,6.18,-0.98,726,781,1294,0,0
64.561,1651.9,-382.85,-7.45,63.52,84.4,0.21,0.68,0.00,1.00,0.00,1.00,3,4074,314.4,1.74,0.43,-0.30,13.39,182,235,3880,0.0225,-0.067,-0.002,-0.098,4.23,-2.93,701,-80,2297,0,0,2192,-0.0188,-0.045,-0.002,-0.098,4.30,-2.87,691,-62,1347,0,0,3943,0.0203,0.069,0.084,-0.016,5.65,-1.51,762,2334,2423,0,0,2506,-0.0204,0.101,0.103,0.003,5.73,-1.43,764,1700,1493,0,0
64.681,1654.7,-380.03,-7.46,63.19,85.6,0.35,0.62,0.11,0.97,0.00,1.00,3,4215,368.9,2.05,0.06,-0.46,10.91,207,243,3470,0.0137,-0.073,-0.002,-0.098,3.96,-3.20,711,-82,1974,0,0,2042,-0.0231,-0.036,-0.003,-0.097,4.01,-3.15,702,-67,1198,0,0,4118,0.0277,0.062,0.107,0.007,5.10,-2.06,788,2931,2169,0,0,2854,-0.0091,0.094,0.123,0.023,5.16,-2.00,790,2192,1452,0,0
64.801,1657.6,-377.18,-7.47,62.77,86.7,0.33,0.69,0.49,0.87,0.00,1.00,3,4292,346.8,2.01,0.00,-0.35,17.25,215,249,3925,0.0123,-0.012,-0.005,-0.095,16.81,9.65,691,-40,3506,0,0,1965,-0.0266,-0.029,0.009,-0.091,19.89,12.73,674,56,1799,0,0,4059,0.0302,0.021,0.109,0.009,4.98,-2.18,802,2950,2072,0,0,2364,-0.0092,-0.001,0.133,0.033,5.08,-2.09,805,1899,1139,0,0
64.921,1660.5,-374.32,-7.49,62.25,87.3,0.22,0.71,0.85,0.84,0.00,1.00,3,4300,299.9,1.83,0.13,-0.23,23.83,213,253,3999,0.0148,0.021,0.010,-0.090,29.01,21.84,646,84,3474,0,0,2064,-0.0269,-0.003,0.057,-0.043,34.78,27.61,619,169,1819,0,0,3894,0.0285,-0.015,0.101,0.001,5.88,-1.28,804,2563,2291,0,0,2249,-0.0132,-0.034,0.133,0.033,6.03,-1.13,806,1709,1228,0,0
65.041,1663.4,-371.47,-7.50,61.62,87.7,0.18,0.70,0.00,0.76,0.00,1.00,3,4367,276.7,1.73,0.24,-0.23,27.46,208,255,4026,0.0188,0.033,-0.002,-0.098,4.46,-2.70,733,-85,2428,0,0,2277,-0.0232,0.031,-0.002,-0.098,4.59,-2.57,711,-20,1441,0,0,3992,0.0251,-0.028,0.114,0.014,7.24,0.08,816,2462,2584,0,0,2292,-0.0162,-0.025,0.148,0.048,7.46,0.30,819,1644,1381,0,0
65.161,1666.3,-368.62,-7.51,60.89,88.6,0.31,0.71,0.00,0.75,0.00,1.00,3,4397,295.3,1.80,0.21,-0.23,24.76,213,260,3834,0.0157,-0.026,-0.002,-0.098,5.61,-1.56,737,-72,2695,0,0,2099,-0.0249,-0.014,-0.003,-0.097,5.75,-1.41,717,-56,1538,0,0,4027,0.0280,0.024,0.113,0.013,8.09,0.93,822,2362,2735,0,0,2398,-0.0131,0.026,0.146,0.046,8.31,1.14,824,1632,1532,0,0
65.281,1669.3,-365.78,-7.53,60.04,89.2,0.26,0.80,0.28,0.25,0.00,1.00,3,4180,109.6,1.32,0.23,-0.03,24.37,215,263,4166,0.0172,0.013,-0.002,-0.098,12.73,5.57,727,-23,3691,0,0,1785,-0.0281,-0.027,0.005,-0.095,14.33,7.17,708,40,1648,0,0,4157,0.0297,0.014,0.054,-0.046,8.71,1.55,781,1405,3303,0,0,2154,-0.0156,-0.021,0.083,-0.017,8.94,1.77,782,1030,1676,0,0
65.401,1672.3,-362.98,-7.54,59.08,88.2,-0.08,0.91,0.65,0.00,0.00,1.00,3,3793,-51.9,0.37,0.48,0.23,22.87,194,257,4910,0.0273,0.084,0.019,-0.081,26.80,19.64,670,161,4229,0,0,2377,-0.0258,0.019,0.062,-0.038,31.43,24.27,652,218,2100,0,0,3692,0.0276,-0.018,-0.028,-0.072,9.03,1.87,712,-602,3108,0,0,1574,-0.0242,-0.071,-0.010,-0.090,9.25,2.09,708,-90,1392,0,0
65.521,1675.2,-360.27,-7.55,58.02,86.5,-0.26,0.90,0.00,0.00,0.00,1.00,3,3708,-51.3,0.22,0.72,0.25,22.00,170,248,4842,0.0331,0.048,0.000,-0.100,7.10,-0.06,720,-625,3890,0,0,2509,-0.0197,0.050,-0.063,-0.037,7.27,0.11,661,-1209,1915,0,0,3583,0.0232,-0.036,-0.030,-0.070,9.36,2.20,696,-607,3043,0,0,1625,-0.0296,-0.045,-0.012,-0.088,9.58,2.42,692,-115,1445,0,0
65.641,1678.0,-357.65,-7.56,56.87,85.5,-0.08,0.89,0.00,0.00,0.00,1.00,3,3656,-50.9,0.20,0.74,0.25,21.85,165,242,4507,0.0319,-0.010,-0.001,-0.099,7.35,0.19,709,-42,3565,0,0,2235,-0.0198,-0.001,-0.001,-0.099,7.53,0.37,692,-12,1848,0,0,3681,0.0215,-0.014,-0.032,-0.068,9.62,2.45,687,-657,3133,0,0,1874,-0.0306,-0.008,-0.015,-0.085,9.85,2.68,682,-157,1668,0,0
65.761,1680.9,-355.11,-7.57,55.62,84.6,-0.08,0.88,0.00,0.00,0.00,1.00,3,3617,-50.7,0.20,0.70,0.25,19.03,165,237,4844,0.0300,-0.016,-0.001,-0.099,7.45,0.29,700,-49,3834,0,0,2093,-0.0227,-0.024,-0.001,-0.099,7.62,0.45,685,-12,1744,0,0,3730,0.0226,0.009,-0.031,-0.069,9.45,2.29,679,-643,3167,0,0,1836,-0.0288,0.015,-0.016,-0.084,9.66,2.49,675,-166,1629,0,0
65.881,1683.7,-352.65,-7.59,54.27,83.6,-0.08,0.90,0.00,0.00,0.00,1.00,3,3586,-50.4,0.20,0.57,0.26,17.42,166,231,4568,0.0311,0.008,-0.001,-0.099,7.21,0.04,692,-40,3590,0,0,2235,-0.0216,0.009,-0.001,-0.099,7.35,0.19,679,-15,1836,0,0,4051,0.0246,0.017,-0.028,-0.072,9.06,1.90,673,-670,3399,0,0,2078,-0.0280,0.007,-0.015,-0.085,9.24,2.08,669,-187,1822,0,0
66.001,1686.4,-350.29,-7.60,52.83,82.7,-0.08,0.89,0.00,0.00,0.00,1.00,3,3553,-50.2,0.20,0.52,0.26,14.48,162,226,4525,0.0302,-0.007,-0.001,-0.099,6.70,-0.46,684,-47,3461,0,0,2255,-0.0216,-0.001,-0.001,-0.099,6.81,-0.35,673,-18,1801,0,0,3784,0.0256,0.009,-0.026,-0.074,8.27,1.11,667,-633,3118,0,0,1850,-0.0267,0.011,-0.016,-0.084,8.41,1.24,663,-188,1591,0,0
66.121,1689.2,-348.01,-7.61,51.31,81.8,-0.09,0.84,0.00,0.00,0.00,1.00,3,3527,-50.0,0.20,0.53,0.19,11.77,161,221,4358,0.0277,-0.021,-0.001,-0.099,6.00,-1.16,677,-46,3180,0,0,2246,-0.0221,-0.004,-0.001,-0.099,6.08,-1.08,668,-20,1706,0,0,3674,0.0234,-0.019,-0.024,-0.076,7.29,0.13,662,-618,2919,0,0,1887,-0.0264,0.003,-0.015,-0.085,7.39,0.23,659,-211,1559,0,0
66.241,1691.9,-345.82,-7.62,49.71,80.9,-0.12,0.87,0.35,0.00,0.00,1.00,3,3504,-49.9,0.20,0.50,0.21,14.34,157,216,4813,0.0315,0.032,0.002,-0.098,16.80,9.63,647,45,4241,0,0,2418,-0.0196,0.021,0.019,-0.081,19.55,12.38,637,128,2201,0,0,3674,0.0215,-0.016,-0.022,-0.078,6.37,-0.80,658,-640,2758,0,0,1694,-0.0282,-0.015,-0.012,-0.088,6.47,-0.69,654,-164,1331,0,0
66.361,1694.6,-343.74,-7.62,48.03,79.5,-0.22,0.88,0.00,0.00,0.00,0.58,3,3459,-49.5,0.20,0.46,0.25,17.07,149,209,4807,0.0331,0.014,0.021,-0.079,27.78,20.62,600,163,4141,0,0,2513,-0.0182,0.011,0.063,-0.037,33.15,25.99,579,214,2211,0,0,3746,0.0239,0.020,-0.020,-0.080,5.91,-1.25,650,-638,2706,0,0,1780,-0.0283,-0.001,-0.007,-0.093,6.03,-1.13,645,-113,1350,0,0
66.481,1697.2,-341.76,-7.62,46.30,78.6,-0.13,0.74,0.00,0.00,0.00,0.10,3,3417,-49.2,0.20,0.43,0.03,15.03,148,204,4155,0.0285,-0.039,-0.001,-0.099,3.98,-3.19,655,-40,2333,0,0,2534,-0.0168,0.012,-0.001,-0.099,4.05,-3.11,643,-28,1480,0,0,3526,0.0199,-0.033,-0.021,-0.079,5.69,-1.47,642,-640,2510,0,0,2100,-0.0254,0.025,-0.009,-0.091,5.80,-1.37,638,-174,1556,0,0
66.601,1699.8,-339.86,-7.63,44.52,77.3,-0.25,0.61,0.00,0.28,0.00,1.00,2,4092,35.7,0.25,0.49,-0.30,14.88,142,198,4548,0.0254,-0.026,-0.001,-0.099,3.78,-3.38,644,-32,2457,0,0,3227,-0.0117,0.042,0.000,-0.100,3.85,-3.31,633,1,1804,0,0,3001,0.0134,-0.054,-0.190,0.090,5.51,-1.65,550,-2520,1266,0,0,2020,-0.0230,0.019,-0.182,0.082,5.61,-1.55,549,-1697,910,0,0
66.721,1702.4,-338.05,-7.63,42.72,76.5,-0.15,0.64,0.00,1.00,0.00,1.00,2,5318,229.1,1.37,0.37,-0.36,14.43,140,193,4196,0.0257,0.003,-0.002,-0.098,3.63,-3.53,637,-82,2208,0,0,2629,-0.0089,0.023,-0.002,-0.098,3.69,-3.47,626,-77,1438,0,0,3793,0.0130,-0.004,0.072,-0.028,5.31,-1.85,685,1946,2381,0,0,2311,-0.0223,0.006,0.093,-0.007,5.40,-1.76,687,1456,1410,0,0
66.841,1704.9,-336.29,-7.63,40.83,77.8,0.37,0.57,0.11,0.53,0.00,1.00,2,5505,170.4,1.59,-0.11,-0.38,13.58,165,200,3468,0.0161,-0.080,0.000,-0.100,7.16,0.00,645,-2,2510,0,0,2011,-0.0174,-0.071,0.002,-0.098,8.03,0.87,635,16,1557,0,0,4040,0.0236,0.089,0.091,-0.009,5.04,-2.12,707,2792,2172,0,0,2918,-0.0104,0.099,0.111,0.011,5.13,-2.04,708,2224,1492,0,0
66.961,1707.5,-334.59,-7.63,38.86,78.7,0.28,0.72,0.00,0.66,0.00,1.00,2,5770,277.0,1.79,-0.26,-0.14,18.18,175,205,3839,0.0143,-0.015,0.002,-0.098,18.49,11.33,626,19,3429,0,0,1834,-0.0258,-0.070,0.020,-0.080,22.05,14.88,609,86,1676,0,0,4097,0.0302,0.055,0.127,0.027,4.81,-2.35,742,3185,1903,0,0,2424,-0.0098,0.005,0.156,0.056,4.91,-2.25,745,2044,1042,0,0
67.081,1710.2,-332.92,-7.63,36.80,79.9,0.34,0.57,0.00,0.76,0.00,1.00,2,5850,253.5,1.73,-0.32,-0.30,18.83,183,212,3595,0.0127,-0.013,-0.002,-0.098,3.34,-3.82,667,-85,1759,0,0,2315,-0.0233,0.021,-0.002,-0.098,3.42,-3.75,652,-70,1177,0,0,3744,0.0270,-0.026,0.126,0.026,5.45,-1.71,753,2811,1923,0,0,2673,-0.0087,0.009,0.154,0.054,5.57,-1.59,754,2168,1270,0,0
67.201,1712.9,-331.30,-7.62,34.65,81.2,0.37,0.58,0.00,0.79,0.00,1.00,2,5906,290.2,1.76,-0.44,-0.38,15.74,191,219,3697,0.0102,-0.021,-0.002,-0.098,3.70,-3.46,676,-85,1977,0,0,2187,-0.0223,0.008,-0.003,-0.097,3.77,-3.39,664,-67,1215,0,0,4013,0.0287,0.013,0.121,0.021,5.44,-1.72,760,2916,2123,0,0,2693,-0.0051,0.030,0.145,0.045,5.54,-1.62,763,2129,1343,0,0
67.321,1715.6,-329.72,-7.61,32.42,82.6,0.37,0.59,0.19,0.84,0.00,1.00,2,5826,200.1,1.59,-0.46,-0.32,15.15,198,226,3678,0.0090,-0.010,-0.003,-0.097,6.18,-0.98,684,-86,2728,0,0,1946,-0.0247,-0.020,-0.003,-0.097,6.79,-0.37,671,-38,1547,0,0,4020,0.0285,-0.001,0.089,-0.011,5.36,-1.80,749,2593,2314,0,0,2564,-0.0052,-0.001,0.111,0.011,5.45,-1.71,751,1876,1411,0,0
67.441,1718.4,-328.20,-7.61,30.10,83.5,0.30,0.70,0.00,0.97,0.00,1.00,2,5906,158.3,1.51,-0.36,-0.09,22.02,198,231,4032,0.0134,0.037,0.001,-0.099,3.52,-3.64,699,-11,2216,0,0,2119,-0.0269,-0.018,-0.004,-0.096,3.61,-3.55,679,-197,1246,0,0,3952,0.0291,0.005,0.087,-0.013,5.88,-1.28,759,2465,2395,0,0,2314,-0.0112,-0.050,0.118,0.018,6.03,-1.13,761,1702,1309,0,0
67.561,1721.2,-326.74,-7.60,27.70,84.6,0.33,0.61,0.07,0.29,0.00,1.00,2,5870,58.4,1.42,-0.37,-0.17,20.10,203,237,3681,0.0119,-0.012,0.000,-0.100,6.50,-0.66,703,-21,2629,0,0,2230,-0.0246,0.019,0.000,-0.100,7.09,-0.07,687,-12,1688,0,0,4033,0.0280,-0.010,0.069,-0.031,6.38,-0.78,752,2201,2666,0,0,2603,-0.0095,0.014,0.095,-0.005,6.53,-0.63,754,1717,1637,0,0
67.681,1724.0,-325.37,-7.59,25.23,84.8,0.13,0.82,0.00,1.00,0.00,1.00,2,5963,231.2,1.43,-0.27,0.17,21.47,196,238,4338,0.0190,0.059,-0.021,-0.079,4.17,-3.00,695,-584,3551,0,0,1923,-0.0265,-0.016,-0.032,-0.068,4.27,-2.90,670,-300,1682,0,0,3995,0.0294,0.012,0.083,-0.017,6.43,-0.74,768,2132,2666,0,0,2086,-0.0163,-0.056,0.112,0.012,6.58,-0.58,770,1379,1328,0,0
67.801,1726.9,-324.08,-7.58,22.70,85.8,0.32,0.65,0.00,0.88,0.00,1.00,2,6165,114.6,1.26,-0.25,0.01,21.86,201,244,3643,0.0152,-0.032,-0.002,-0.098,4.93,-2.23,715,-72,2380,0,0,2093,-0.0259,0.005,-0.003,-0.097,5.05,-2.11,697,-55,1422,0,0,3860,0.0277,-0.014,0.102,0.002,7.20,0.04,802,2300,2555,0,0,2512,-0.0134,0.024,0.130,0.030,7.38,0.22,804,1732,1565,0,0
67.921,1729.7,-322.86,-7.57,20.09,86.6,0.28,0.73,0.00,0.22,0.00,1.00,2,6658,282.0,1.84,-0.25,0.03,22.36,207,248,3904,0.0151,-0.001,-0.001,-0.099,5.28,-1.88,721,-76,2710,0,0,1936,-0.0271,-0.010,-0.005,-0.095,5.41,-1.75,701,-121,1411,0,0,4065,0.0279,0.002,0.191,0.091,7.58,0.42,827,2974,2233,0,0,2412,-0.0143,-0.007,0.221,0.121,7.76,0.60,831,1893,1239,0,0
68.041,1732.7,-321.73,-7.57,17.41,87.5,0.33,0.70,0.00,0.84,0.00,1.00,2,6319,191.2,1.35,-0.27,0.06,23.14,212,254,3973,0.0144,-0.006,-0.002,-0.098,5.99,-1.18,727,-72,2891,0,0,2004,-0.0267,0.004,-0.003,-0.097,6.14,-1.02,709,-46,1523,0,0,4036,0.0291,0.010,0.108,0.008,8.34,1.18,821,2228,2838,0,0,2324,-0.0132,0.009,0.137,0.037,8.55,1.39,824,1511,1552,0,0
68.161,1735.6,-320.70,-7.56,14.67,88.2,0.28,0.76,0.00,0.80,0.00,1.00,2,6394,246.8,1.71,-0.25,0.18,21.85,213,258,3984,0.0158,0.012,-0.002,-0.098,6.55,-0.62,731,-72,3029,0,0,1870,-0.0286,-0.016,-0.003,-0.097,6.70,-0.46,714,-42,1484,0,0,4087,0.0305,0.011,0.113,0.013,8.75,1.59,830,2243,2897,0,0,2303,-0.0140,-0.007,0.140,0.040,8.96,1.79,832,1475,1561,0,0
68.281,1738.5,-319.76,-7.56,11.87,88.9,0.28,0.77,0.00,0.68,0.00,1.00,2,6498,213.0,1.66,-0.17,0.22,21.86,213,261,3938,0.0158,0.000,-0.002,-0.098,6.97,-0.19,736,-73,3079,0,0,1898,-0.0294,-0.007,-0.003,-0.097,7.14,-0.02,719,-41,1547,0,0,3959,0.0295,-0.008,0.125,0.025,9.16,2.00,844,2259,2772,0,0,2237,-0.0157,-0.015,0.153,0.053,9.37,2.21,846,1459,1496,0,0
68.401,1741.5,-318.92,-7.55,9.01,89.5,0.28,0.77,0.00,0.58,0.00,1.00,2,6575,157.4,1.46,-0.10,0.25,22.98,215,265,4146,0.0159,0.001,-0.003,-0.097,7.39,0.23,741,-77,3304,0,0,2053,-0.0287,0.006,-0.003,-0.097,7.57,0.41,722,-43,1705,0,0,4018,0.0290,-0.004,0.133,0.033,9.67,2.50,855,2299,2814,0,0,2197,-0.0168,-0.009,0.162,0.062,9.90,2.74,858,1432,1469,0,0
68.521,1744.5,-318.19,-7.55,6.10,90.1,0.29,0.80,0.00,0.54,0.00,1.00,2,6617,112.1,1.27,-0.12,0.33,24.40,218,268,4052,0.0175,0.014,-0.003,-0.097,7.94,0.78,745,-70,3312,0,0,1863,-0.0291,-0.003,-0.003,-0.097,8.14,0.98,725,-37,1589,0,0,4186,0.0304,0.011,0.135,0.035,10.33,3.17,861,2310,2983,0,0,2354,-0.0163,0.004,0.166,0.066,10.60,3.44,864,1489,1603,0,0
68.641,1747.5,-317.58,-7.55,3.15,90.6,0.28,0.80,-0.22,0.00,0.00,1.00,2,6692,16.9,1.11,-0.07,0.37,24.98,218,272,3910,0.0169,-0.005,-0.006,-0.094,4.40,-2.77,752,-208,2798,0,0,1825,-0.0304,-0.011,-0.008,-0.092,5.39,-1.77,730,-111,1435,0,0,4017,0.0310,0.005,0.125,0.025,11.07,3.90,860,2233,2861,0,0,2248,-0.0164,-0.001,0.161,0.061,11.36,4.19,861,1419,1528,0,0
68.760,1750.6,-317.06,-7.55,0.17,90.8,0.18,0.66,0.00,1.00,0.00,1.00,2,6131,130.9,0.75,0.07,0.11,11.91,217,273,4046,0.0137,-0.027,-0.003,-0.097,9.42,2.25,744,-61,3463,0,0,5562,-0.0256,0.040,-0.002,-0.098,9.53,2.37,735,32,4660,0,0,3766,0.0246,-0.053,0.058,-0.042,10.57,3.41,790,1006,3185,0,0,2078,-0.0147,0.014,0.073,-0.027,10.70,3.54,791,695,1772,0,0
68.880,1753.6,-316.66,-7.55,-2.84,91.1,0.22,0.85,-0.08,0.31,0.00,1.00,2,6582,95.4,1.44,0.06,0.44,14.64,216,274,4240,0.0207,0.059,-0.006,-0.094,5.24,-1.92,752,-202,3173,0,0,1888,-0.0272,-0.013,-0.007,-0.093,5.96,-1.20,739,-104,1519,0,0,4048,0.0281,0.030,0.127,0.027,9.94,2.78,845,2286,2857,0,0,2290,-0.0199,-0.043,0.148,0.048,10.09,2.92,847,1431,1582,0,0
69.000,1756.6,-316.36,-7.55,-5.87,91.5,0.17,0.45,-0.43,0.83,0.00,1.00,2,6417,197.3,1.40,0.02,-0.18,-11.18,226,277,2887,0.0124,-0.070,0.004,-0.096,-8.65,1.49,749,60,-2359,0,0,3019,-0.0199,0.061,-0.002,-0.098,-5.49,-1.67,759,-56,-1892,0,0,3016,0.0223,-0.048,0.108,0.008,8.23,1.07,827,1672,2171,0,0,3036,-0.0100,0.082,0.096,-0.004,8.14,0.98,827,1576,2238,0,0
69.120,1759.7,-316.13,-7.56,-8.92,92.5,0.29,0.49,0.00,0.94,0.00,1.00,2,6627,247.8,1.74,-0.07,-0.42,-18.82,239,283,3640,0.0066,-0.048,-0.004,-0.096,5.49,-1.67,754,-116,2619,0,0,1950,-0.0184,0.013,-0.004,-0.096,5.39,-1.77,769,-71,1425,0,0,3802,0.0190,-0.027,0.125,0.025,3.62,-3.54,852,3144,1472,0,0,2422,-0.0060,0.034,0.108,0.008,3.56,-3.61,855,1956,1017,0,0
69.240,1762.8,-315.97,-7.56,-12.03,94.1,0.40,0.44,0.00,0.95,0.00,1.00,2,6786,298.1,1.99,-0.30,-0.34,-10.39,261,294,3224,0.0060,-0.005,-0.002,-0.098,2.33,-4.84,774,-105,1235,0,0,2379,-0.0204,-0.017,-0.002,-0.098,2.30,-4.86,783,-77,914,0,0,3702,0.0224,0.028,0.125,0.025,1.31,-5.85,873,3363,565,0,0,3108,-0.0052,0.007,0.115,0.015,1.29,-5.87,875,2807,496,0,0
69.360,1766.0,-315.85,-7.56,-15.21,96.0,0.46,0.18,0.00,1.00,0.00,1.00,2,6881,315.6,2.07,-0.49,-0.83,-6.43,281,306,2653,-0.0030,-0.075,-0.002,-0.098,0.73,-6.43,792,-90,351,0,0,2688,-0.0165,0.032,-0.002,-0.098,0.73,-6.43,797,-84,353,0,0,3428,0.0197,-0.022,0.116,0.016,0.12,-7.04,886,3135,66,0,0,3404,0.0062,0.095,0.110,0.010,0.12,-7.04,886,3076,68,0,0
69.480,1769.2,-315.73,-7.57,-18.44,97.9,0.44,0.11,0.27,0.91,0.00,0.98,2,7217,287.6,2.06,-0.47,-1.10,0.23,292,318,2857,-0.0092,-0.051,0.000,-0.100,6.55,-0.61,806,-14,1977,0,0,2463,-0.0146,0.016,0.003,-0.097,8.11,0.94,806,43,1916,0,0,3336,0.0148,-0.041,0.109,0.009,-0.43,-6.73,910,3104,-155,0,0,2977,0.0094,0.026,0.110,0.010,-0.43,-6.73,911,2787,-139,0,0
69.600,1772.5,-315.65,-7.57,-21.74,99.5,0.37,0.28,0.00,1.00,0.00,0.50,2,7035,286.0,1.92,-0.43,-0.74,15.58,299,328,3184,-0.0014,0.064,-0.002,-0.098,-0.26,-6.90,829,-87,-193,0,0,2677,-0.0161,-0.013,-0.002,-0.098,-0.26,-6.90,817,-92,-165,0,0,3399,0.0173,0.021,0.087,-0.013,1.16,-6.00,903,2834,483,0,0,3193,0.0017,-0.064,0.103,0.003,1.17,-5.99,903,2822,429,0,0
69.720,1775.9,-315.58,-7.57,-25.07,100.4,0.22,0.18,0.00,1.00,0.00,0.02,2,7503,-180.7,2.12,-0.34,-0.88,8.74,294,334,3317,-0.0018,-0.003,-0.001,-0.099,0.96,-6.20,834,-40,499,0,0,2834,-0.0122,0.033,-0.001,-0.099,0.97,-6.19,827,-47,433,0,0,3208,0.0140,-0.027,0.000,-0.100,1.76,-5.40,834,79,897,0,0,2793,0.0037,0.017,0.007,-0.093,1.77,-5.39,833,373,790,0,0
69.840,1779.2,-315.56,-7.57,-28.43,101.5,0.26,0.22,0.00,0.00,0.00,1.00,3,6295,180.0,1.86,-0.18,-0.83,7.52,291,341,3036,-0.0010,0.007,-0.002,-0.098,1.34,-5.82,842,-91,650,0,0,2552,-0.0128,-0.005,-0.002,-0.098,1.35,-5.81,836,-78,554,0,0,3192,0.0108,-0.027,0.306,0.206,2.01,-5.16,1107,2891,335,0,0,2783,-0.0010,-0.039,0.316,0.216,2.02,-5.14,1107,2525,286,0,0
69.960,1782.6,-315.55,-7.57,-31.85,103.2,0.40,0.04,-0.30,0.00,0.00,1.00,3,5324,-63.0,0.40,-0.35,-1.09,-0.40,315,353,2469,-0.0057,-0.039,0.003,-0.097,-10.04,2.88,844,43,-2161,0,0,3071,-0.0099,0.024,-0.003,-0.097,-7.78,0.62,845,-53,-2470,0,0,2965,0.0094,-0.011,0.165,0.065,2.39,-4.77,999,2753,619,0,0,3649,0.0052,0.052,0.163,0.063,2.39,-4.77,997,3350,758,0,0
70.080,1786.1,-315.55,-7.56,-35.32,104.4,0.29,0.11,0.00,1.00,0.00,1.00,3,4738,196.3,1.16,-0.43,-1.11,-8.39,323,361,3232,-0.0067,-0.008,-0.001,-0.099,1.25,-5.92,860,-65,696,0,0,2653,-0.0094,0.004,-0.001,-0.099,1.24,-5.93,867,-47,572,0,0,3414,0.0111,0.015,0.029,-0.071,0.51,-6.65,887,1399,314,0,0,2865,0.0085,0.028,0.023,-0.077,0.51,-6.65,888,942,266,0,0
70.200,1789.6,-315.58,-7.56,-38.81,105.4,0.24,0.09,0.00,1.00,0.00,1.00,3,4980,336.5,1.90,-0.28,-1.03,-5.04,318,368,2911,-0.0053,0.012,-0.002,-0.098,0.20,-6.96,870,-80,117,0,0,3055,-0.0098,-0.004,-0.002,-0.098,0.20,-6.96,873,-96,124,0,0,2939,0.0078,-0.028,0.070,-0.030,-0.23,-6.93,933,2286,-88,0,0,2864,0.0027,-0.048,0.066,-0.034,-0.23,-6.93,933,2157,-87,0,0
70.320,1793.1,-315.61,-7.56,-42.35,106.8,0.34,0.10,0.00,1.00,0.00,1.00,3,5085,374.6,2.12,-0.39,-1.00,3.54,333,378,3182,-0.0052,0.001,0.000,-0.100,7.02,-0.14,880,-11,2346,0,0,2519,-0.0089,0.008,0.004,-0.096,8.73,1.57,877,53,2065,0,0,3551,0.0082,0.004,0.073,-0.027,-0.43,-6.73,952,2811,-222,0,0,3064,0.0045,0.015,0.077,-0.023,-0.43,-6.73,953,2492,-190,0,0
70.440,1796.7,-315.65,-7.56,-45.94,108.3,0.36,0.05,0.00,1.00,0.00,1.00,3,5172,383.9,2.18,-0.46,-1.03,5.21,348,389,2560,-0.0073,-0.018,-0.002,-0.098,-0.05,-7.11,898,-73,-34,0,0,2648,-0.0110,-0.018,-0.002,-0.098,-0.05,-7.11,894,-80,-35,0,0,3233,0.0106,0.020,0.076,-0.024,0.39,-6.77,969,2605,167,0,0,3263,0.0070,0.021,0.081,-0.019,0.39,-6.77,968,2694,166,0,0
70.560,1800.4,-315.70,-7.55,-49.58,109.9,0.37,0.07,0.00,1.00,0.00,1.00,3,5301,384.0,2.19,-0.41,-1.06,3.53,357,400,2989,-0.0093,-0.017,-0.002,-0.098,0.33,-6.84,911,-85,154,0,0,2832,-0.0110,0.000,-0.002,-0.098,0.33,-6.84,908,-84,146,0,0,3188,0.0087,-0.016,0.088,-0.012,0.62,-6.54,993,2710,258,0,0,2996,0.0059,-0.010,0.092,-0.008,0.62,-6.54,993,2589,240,0,0
70.680,1804.1,-315.77,-7.55,-53.28,111.5,0.38,0.10,0.00,1.00,0.00,1.00,3,5330,384.2,2.20,-0.48,-0.95,2.54,371,412,2955,-0.0073,0.017,-0.002,-0.098,0.49,-6.67,924,-82,236,0,0,2640,-0.0117,-0.006,-0.002,-0.098,0.49,-6.67,922,-80,213,0,0,3431,0.0110,0.019,0.079,-0.021,0.70,-6.46,998,2782,328,0,0,3178,0.0065,0.005,0.081,-0.019,0.70,-6.46,998,2624,303,0,0
70.800,1807.8,-315.85,-7.55,-57.02,113.1,0.37,0.11,0.00,1.00,0.00,1.00,3,5418,382.4,2.20,-0.46,-0.91,1.76,380,424,2795,-0.0082,-0.008,-0.002,-0.098,0.53,-6.63,936,-79,246,0,0,2536,-0.0138,-0.017,-0.002,-0.098,0.54,-6.63,935,-77,225,0,0,3296,0.0115,0.005,0.082,-0.018,0.68,-6.48,1014,2720,305,0,0,3077,0.0060,-0.004,0.084,-0.016,0.68,-6.48,1015,2572,283,0,0
70.920,1811.6,-315.95,-7.54,-60.82,114.6,0.36,0.10,0.00,1.00,0.00,1.00,3,5526,379.8,2.20,-0.43,-0.90,1.56,390,436,2981,-0.0076,0.005,-0.002,-0.098,0.50,-6.66,949,-85,247,0,0,2751,-0.0125,0.011,-0.002,-0.098,0.50,-6.66,948,-81,229,0,0,3224,0.0095,-0.017,0.088,-0.012,0.63,-6.53,1035,2744,268,0,0,2988,0.0035,-0.020,0.090,-0.010,0.63,-6.53,1035,2571,248,0,0
71.040,1815.5,-316.07,-7.54,-64.67,116.2,0.37,0.10,0.00,1.00,0.00,1.00,3,5547,379.4,2.20,-0.48,-0.89,1.13,402,448,2899,-0.0072,0.003,-0.002,-0.098,0.46,-6.70,962,-81,221,0,0,2677,-0.0124,0.001,-0.002,-0.098,0.46,-6.70,961,-79,205,0,0,3338,0.0111,0.013,0.078,-0.022,0.55,-6.61,1039,2707,255,0,0,3151,0.0059,0.020,0.079,-0.021,0.55,-6.61,1039,2581,240,0,0
71.160,1819.4,-316.20,-7.53,-68.57,117.7,0.36,0.09,0.00,1.00,0.00,1.00,3,5657,376.7,2.20,-0.42,-0.92,0.80,410,459,2796,-0.0090,-0.015,-0.002,-0.098,0.40,-6.77,974,-79,184,0,0,2632,-0.0135,-0.009,-0.002,-0.098,0.40,-6.76,973,-77,174,0,0,3073,0.0094,-0.014,0.086,-0.014,0.46,-6.70,1059,2594,192,0,0,2944,0.0049,-0.008,0.087,-0.013,0.46,-6.70,1060,2500,184,0,0
71.280,1823.3,-316.34,-7.53,-72.52,119.2,0.36,0.08,0.00,1.00,0.00,1.00,3,5705,375.5,2.20,-0.44,-0.91,0.72,422,472,2912,-0.0079,0.009,-0.002,-0.098,0.33,-6.83,987,-82,158,0,0,2741,-0.0115,0.017,-0.002,-0.098,0.33,-6.83,986,-80,150,0,0,3335,0.0086,-0.006,0.080,-0.020,0.38,-6.78,1068,2750,176,0,0,3193,0.0051,0.001,0.081,-0.019,0.38,-6.78,1068,2650,168,0,0
71.400,1827.3,-316.50,-7.53,-76.52,120.8,0.36,0.07,0.00,1.00,0.00,1.00,3,5764,374.2,2.20,-0.45,-0.93,0.50,433,484,2707,-0.0091,-0.010,-0.002,-0.098,0.27,-6.89,999,-77,122,0,0,2601,-0.0123,-0.007,-0.002,-0.098,0.27,-6.89,999,-76,118,0,0,3222,0.0094,0.006,0.078,-0.022,0.31,-6.85,1079,2626,139,0,0,3127,0.0062,0.010,0.079,-0.021,0.31,-6.85,1079,2561,135,0,0
71.520,1831.4,-316.67,-7.53,-80.57,122.3,0.35,0.06,0.00,1.00,0.00,1.00,3,5871,371.6,2.20,-0.40,-0.94,0.45,441,495,2919,-0.0093,-0.002,-0.002,-0.098,0.21,-6.95,1012,-82,101,0,0,2834,-0.0112,0.009,-0.002,-0.098,0.21,-6.95,1011,-81,98,0,0,3119,0.0072,-0.018,0.085,-0.015,0.24,-6.92,1099,2631,102,0,0,3012,0.0044,-0.015,0.085,-0.015,0.24,-6.92,1100,2552,99,0,0
71.640,1835.5,-316.85,-7.52,-84.67,123.8,0.36,0.05,0.00,1.00,0.00,1.00,3,5895,371.0,2.20,-0.45,-0.94,0.33,454,508,2841,-0.0087,0.005,-0.002,-0.098,0.16,-7.00,1024,-79,76,0,0,2764,-0.0107,0.005,-0.002,-0.098,0.16,-7.00,1024,-78,74,0,0,3244,0.0083,0.009,0.076,-0.024,0.18,-6.98,1104,2615,85,0,0,3178,0.0063,0.016,0.076,-0.024,0.18,-6.98,1104,2571,83,0,0
71.760,1839.6,-317.04,-7.52,-88.82,125.2,0.35,0.04,0.00,1.00,0.00,1.00,3,6000,368.5,2.20,-0.39,-0.96,0.23,462,520,2749,-0.0103,-0.013,-0.002,-0.098,0.12,-7.04,1036,-77,54,0,0,2705,-0.0118,-0.009,-0.002,-0.098,0.12,-7.04,1036,-77,53,0,0,3015,0.0069,-0.011,0.082,-0.018,0.13,-7.03,1124,2519,56,0,0,2982,0.0054,-0.007,0.083,-0.017,0.13,-7.03,1124,2496,56,0,0
71.880,1843.8,-317.23,-7.52,-93.02,126.7,0.35,0.03,0.00,1.00,0.00,1.00,3,6052,366.6,2.20,-0.42,-0.96,0.20,474,532,2840,-0.0094,0.007,-0.002,-0.098,0.08,-7.08,1049,-80,37,0,0,2796,-0.0102,0.013,-0.002,-0.098,0.08,-7.08,1049,-80,36,0,0,3231,0.0065,-0.004,0.079,-0.021,0.09,-7.07,1133,2652,43,0,0,3194,0.0057,0.002,0.079,-0.021,0.09,-7.07,1133,2626,41,0,0
72.000,1848.1,-317.43,-7.51,-97.27,128.2,0.35,0.03,0.00,1.00,0.00,1.00,3,6104,364.8,2.20,-0.41,-0.97,0.13,484,545,2704,-0.0105,-0.009,-0.002,-0.098,0.05,-7.12,1061,-76,21,0,0,2682,-0.0112,-0.008,-0.002,-0.098,0.05,-7.12,1060,-75,21,0,0,3144,0.0071,0.005,0.076,-0.024,0.06,-7.11,1143,2540,26,0,0,3126,0.0064,0.006,0.076,-0.024,0.06,-7.11,1143,2528,25,0,0
72.120,1852.4,-317.64,-7.51,-101.57,129.6,0.34,0.02,0.00,1.00,0.00,1.00,3,6196,361.6,2.20,-0.38,-0.97,0.15,494,557,2869,-0.0099,0.005,-0.002,-0.098,0.02,-7.14,1073,-80,9,0,0,2861,-0.0099,0.011,-0.002,-0.098,0.02,-7.14,1073,-80,9,0,0,3080,0.0054,-0.014,0.080,-0.020,0.03,-7.13,1160,2545,12,0,0,3046,0.0046,-0.015,0.080,-0.020,0.03,-7.13,1160,2520,12,0,0
72.240,1856.7,-317.85,-7.51,-105.91,131.1,0.34,0.02,0.00,1.00,0.00,1.00,3,6226,360.5,2.20,-0.41,-0.95,0.09,505,569,2638,-0.0100,-0.001,-0.002,-0.098,-0.01,-7.16,1084,-73,-2,0,0,2590,-0.0104,-0.004,-0.003,-0.097,-0.01,-7.16,1084,-122,-2,0,0,3173,0.0067,0.011,0.073,-0.027,0.00,-7.16,1166,2522,1,0,0,3136,0.0063,0.014,0.073,-0.027,0.00,-7.16,1166,2496,1,0,0
72.360,1861.1,-318.07,-7.51,-110.30,132.4,0.33,0.02,0.00,1.00,0.00,1.00,3,6327,357.0,2.20,-0.36,-0.95,0.10,514,581,2883,-0.0108,-0.007,-0.002,-0.098,-0.02,-7.14,1096,-80,-10,0,0,2883,-0.0105,0.000,-0.002,-0.098,-0.02,-7.14,1096,-81,-10,0,0,3025,0.0049,-0.014,0.079,-0.021,-0.02,-7.15,1185,2492,-6,0,0,2996,0.0046,-0.014,0.079,-0.021,-0.02,-7.15,1185,2471,-6,0,0
72.480,1865.6,-318.29,-7.50,-114.74,133.9,0.33,0.01,0.00,1.00,0.00,1.00,3,6353,356.1,2.20,-0.40,-0.95,0.06,526,594,2818,-0.0096,0.010,-0.002,-0.098,-0.03,-7.13,1108,-77,-15,0,0,2823,-0.0095,0.008,-0.002,-0.098,-0.03,-7.13,1108,-77,-15,0,0,3161,0.0057,0.006,0.072,-0.028,-0.03,-7.13,1190,2496,-13,0,0,3161,0.0058,0.010,0.072,-0.028,-0.03,-7.13,1190,2497,-13,0,0
72.600,1870.1,-318.51,-7.50,-119.22,135.2,0.32,0.01,0.00,1.00,0.00,1.00,3,6447,352.8,2.20,-0.35,-0.95,0.03,534,606,2733,-0.0109,-0.010,-0.002,-0.098,-0.05,-7.12,1119,-75,-20,0,0,2748,-0.0106,-0.009,-0.002,-0.098,-0.05,-7.12,1119,-75,-21,0,0,2963,0.0047,-0.009,0.077,-0.023,-0.04,-7.12,1207,2414,-18,0,0,2979,0.0049,-0.008,0.077,-0.023,-0.04,-7.12,1207,2427,-18,0,0
72.720,1874.6,-318.74,-7.50,-123.75,136.6,0.33,0.01,0.00,1.00,0.00,1.00,3,6481,351.5,2.20,-0.37,-0.94,0.02,546,619,2836,-0.0097,0.010,-0.002,-0.098,-0.06,-7.10,1131,-77,-27,0,0,2838,-0.0092,0.012,-0.002,-0.098,-0.06,-7.10,1131,-77,-27,0,0,3160,0.0047,0.001,0.072,-0.028,-0.06,-7.10,1214,2492,-26,0,0,3162,0.0052,0.002,0.072,-0.028,-0.06,-7.10,1214,2494,-26,0,0
72.840,1879.2,-318.98,-7.50,-128.32,138.0,0.32,0.01,0.00,1.00,0.00,1.00,3,6557,348.9,2.20,-0.35,-0.94,0.01,554,631,2721,-0.0108,-0.009,-0.002,-0.098,-0.07,-7.10,1142,-73,-30,0,0,2743,-0.0103,-0.009,-0.002,-0.098,-0.07,-7.10,1142,-73,-30,0,0,2932,0.0047,0.000,0.074,-0.026,-0.07,-7.10,1228,2343,-27,0,0,2951,0.0052,0.000,0.074,-0.026,-0.07,-7.10,1228,2358,-27,0,0
72.960,1883.8,-319.21,-7.50,-132.94,139.3,0.32,0.01,0.00,1.00,0.00,1.00,3,6613,346.4,2.20,-0.35,-0.92,-0.02,566,643,2856,-0.0098,0.008,-0.002,-0.098,-0.08,-7.09,1153,-76,-35,0,0,2850,-0.0091,0.010,-0.002,-0.098,-0.08,-7.09,1153,-77,-35,0,0,3153,0.0037,-0.008,0.070,-0.030,-0.08,-7.08,1240,2516,-23,0,0,3152,0.0045,-0.006,0.075,-0.025,-0.08,-7.08,1238,2512,-34,0,0
73.080,1888.5,-319.45,-7.50,-137.61,140.6,0.32,0.00,0.00,1.00,0.00,1.00,3,6660,345.3,2.20,-0.34,-0.91,-0.01,575,655,2697,-0.0107,-0.007,-0.002,-0.098,-0.08,-7.08,1164,-72,-36,0,0,2726,-0.0102,-0.009,-0.002,-0.098,-0.08,-7.08,1164,-73,-36,0,0,3062,0.0048,0.009,0.070,-0.030,-0.08,-7.08,1247,2387,-35,0,0,3085,0.0053,0.007,0.070,-0.030,-0.08,-7.08,1247,2403,-35,0,0
73.200,1893.2,-319.69,-7.50,-142.31,142.0,0.31,0.00,0.00,1.00,0.00,1.00,3,6744,342.3,2.20,-0.33,-0.91,0.02,585,668,2852,-0.0101,0.005,-0.002,-0.098,-0.08,-7.08,1175,-76,-40,0,0,2886,-0.0091,0.010,-0.002,-0.098,-0.08,-7.08,1175,-77,-40,0,0,3000,0.0031,-0.015,0.073,-0.027,-0.08,-7.08,1263,2394,-35,0,0,3134,0.0037,-0.014,0.073,-0.027,-0.08,-7.08,1263,2494,-37,0,0
73.320,1898.0,-319.93,-7.49,-147.06,143.3,0.31,0.00,0.00,1.00,0.00,1.00,3,6778,341.2,2.20,-0.33,-0.90,0.01,596,680,2685,-0.0106,-0.004,-0.002,-0.098,-0.09,-7.08,1186,-71,-38,0,0,2708,-0.0100,-0.008,-0.002,-0.098,-0.09,-7.08,1186,-72,-39,0,0,3063,0.0042,0.010,0.069,-0.031,-0.09,-7.08,1269,2369,-38,0,0,3081,0.0049,0.010,0.069,-0.031,-0.09,-7.08,1269,2382,-38,0,0
73.440,1902.8,-320.18,-7.49,-151.86,144.5,0.30,0.00,0.00,1.00,0.00,1.00,3,6861,338.2,2.20,-0.31,-0.89,0.03,605,692,2870,-0.0101,0.004,-0.002,-0.098,-0.09,-7.07,1196,-76,-42,0,0,2900,-0.0092,0.007,-0.002,-0.098,-0.09,-7.07,1196,-76,-42,0,0,2986,0.0028,-0.012,0.072,-0.028,-0.09,-7.08,1285,2367,-37,0,0,2986,0.0032,-0.014,0.072,-0.028,-0.09,-7.08,1285,2367,-37,0,0
73.560,1907.6,-320.43,-7.49,-156.70,145.9,0.31,0.00,0.00,1.00,0.00,1.00,3,6891,337.2,2.20,-0.32,-0.88,-0.01,616,705,2683,-0.0103,-0.001,-0.002,-0.098,-0.09,-7.07,1207,-71,-39,0,0,2715,-0.0096,-0.004,-0.002,-0.098,-0.09,-7.07,1207,-71,-40,0,0,3060,0.0041,0.011,0.067,-0.033,-0.09,-7.07,1290,2344,-39,0,0,3086,0.0047,0.013,0.067,-0.033,-0.09,-7.07,1290,2362,-39,0,0
73.680,1912.5,-320.68,-7.49,-161.58,147.1,0.30,0.00,0.00,1.00,0.00,1.00,3,6978,334.1,2.20,-0.29,-0.87,0.00,625,717,2873,-0.0102,0.001,-0.002,-0.098,-0.09,-7.07,1217,-75,-43,0,0,2907,-0.0091,0.004,-0.002,-0.098,-0.09,-7.07,1217,-76,-44,0,0,2968,0.0026,-0.012,0.072,-0.028,-0.09,-7.07,1307,2343,-39,0,0,2974,0.0031,-0.014,0.072,-0.028,-0.09,-7.07,1307,2348,-39,0,0
73.800,1917.4,-320.93,-7.49,-166.50,148.4,0.30,0.00,0.00,1.00,0.00,1.00,3,7004,333.1,2.20,-0.31,-0.86,-0.04,637,730,2678,-0.0102,0.000,-0.002,-0.098,-0.09,-7.07,1228,-70,-42,0,0,2713,-0.0095,-0.003,-0.002,-0.098,-0.09,-7.07,1228,-70,-42,0,0,3049,0.0037,0.009,0.066,-0.034,-0.10,-7.07,1312,2316,-43,0,0,3077,0.0044,0.011,0.066,-0.034,-0.10,-7.07,1311,2335,-43,0,0
73.920,1922.4,-321.18,-7.49,-171.46,149.6,0.29,0.00,0.00,1.00,0.00,1.00,3,7081,327.8,2.20,-0.28,-0.84,0.03,645,742,2868,-0.0102,0.000,-0.002,-0.098,-0.10,-7.06,1238,-74,-47,0,0,2891,-0.0094,0.001,-0.002,-0.098,-0.10,-7.06,1238,-74,-47,0,0,2951,0.0023,-0.012,0.069,-0.031,-0.10,-7.07,1326,2295,-41,0,0,2946,0.0026,-0.015,0.069,-0.031,-0.10,-7.07,1326,2292,-41,0,0
74.040,1927.4,-321.44,-7.49,-176.47,150.8,0.29,0.00,0.00,1.00,0.00,0.66,3,7107,326.1,2.20,-0.30,-0.84,-0.02,656,754,2658,-0.0104,-0.001,-0.002,-0.098,-0.09,-7.07,1248,-75,-41,0,0,2711,-0.0095,-0.001,-0.002,-0.098,-0.09,-7.07,1248,-70,-42,0,0,3022,0.0031,0.007,0.064,-0.036,-0.09,-7.07,1331,2265,-41,0,0,3065,0.0040,0.012,0.064,-0.036,-0.09,-7.07,1331,2294,-42,0,0
74.160,1932.4,-321.70,-7.49,-181.51,151.7,0.20,0.00,0.00,1.00,0.00,0.18,3,7438,-180.6,2.20,-0.22,-0.84,0.00,654,762,3012,-0.0093,0.009,-0.001,-0.099,-0.10,-7.07,1256,-56,-47,0,0,3052,-0.0081,0.012,-0.001,-0.099,-0.10,-7.07,1256,-54,-48,0,0,2798,0.0008,-0.019,0.020,-0.080,-0.09,-7.07,1281,879,-43,0,0,2803,0.0015,-0.021,0.020,-0.080,-0.09,-7.07,1281,881,-43,0,0
74.280,1937.5,-321.96,-7.49,-186.56,152.0,0.06,0.00,0.00,1.00,0.00,1.00,4,7070,327.3,2.20,-0.07,-0.82,0.00,628,764,2946,-0.0054,0.032,-0.002,-0.098,-0.09,-7.07,1257,-73,-44,0,0,2970,-0.0046,0.029,-0.002,-0.098,-0.09,-7.07,1257,-73,-44,0,0,2805,-0.0019,-0.023,0.084,-0.016,-0.09,-7.07,1367,2334,-35,0,0,2833,-0.0012,-0.022,0.084,-0.016,-0.09,-7.07,1367,2356,-35,0,0
74.400,1942.6,-322.22,-7.50,-191.64,153.5,0.36,0.00,0.00,0.63,0.00,1.00,4,6043,253.6,1.91,-0.19,-0.81,-0.06,665,780,2753,-0.0085,-0.026,-0.002,-0.098,-0.09,-7.07,1270,-85,-43,0,0,2789,-0.0074,-0.023,-0.002,-0.098,-0.09,-7.07,1270,-83,-43,0,0,3042,0.0003,0.019,0.157,0.057,-0.10,-7.06,1473,2896,-29,0,0,3057,0.0009,0.017,0.157,0.057,-0.10,-7.06,1473,2909,-29,0,0
74.520,1947.7,-322.48,-7.50,-196.78,154.8,0.33,0.00,0.00,1.00,0.00,1.00,4,5441,306.3,1.79,-0.33,-0.80,-0.11,700,795,2651,-0.0113,-0.023,-0.001,-0.099,-0.11,-7.06,1282,-57,-46,0,0,2693,-0.0104,-0.025,-0.001,-0.099,-0.11,-7.06,1282,-58,-47,0,0,3068,0.0046,0.035,0.038,-0.062,-0.11,-7.05,1333,1637,-54,0,0,3106,0.0054,0.037,0.038,-0.062,-0.11,-7.05,1333,1653,-55,0,0
74.639,1952.9,-322.74,-7.50,-201.95,155.7,0.19,0.00,0.00,1.00,0.00,1.00,4,5539,358.2,2.08,-0.21,-0.80,-0.07,689,802,2966,-0.0091,0.018,-0.001,-0.099,-0.11,-7.05,1288,-68,-54,0,0,3015,-0.0078,0.022,-0.001,-0.099,-0.11,-7.05,1288,-69,-55,0,0,2820,0.0007,-0.032,0.052,-0.048,-0.11,-7.05,1357,1858,-49,0,0,2911,0.0015,-0.032,0.052,-0.048,-0.11,-7.05,1357,1914,-51,0,0
74.759,1958.1,-323.01,-7.50,-207.15,156.6,0.23,0.00,0.00,1.00,0.00,1.00,4,5583,372.5,2.17,-0.18,-0.79,-0.06,689,812,2767,-0.0088,0.002,-0.001,-0.099,-0.11,-7.05,1296,-65,-50,0,0,2814,-0.0078,0.000,-0.001,-0.099,-0.11,-7.05,1296,-66,-51,0,0,2914,0.0008,0.000,0.053,-0.047,-0.11,-7.05,1367,1960,-50,0,0,2950,0.0018,0.002,0.053,-0.047,-0.11,-7.05,1367,1981,-51,0,0
74.879,1963.4,-323.28,-7.50,-212.39,157.6,0.23,0.00,0.00,1.00,0.00,1.00,4,5632,375.6,2.19,-0.18,-0.77,-0.03,700,822,2909,-0.0085,0.003,-0.002,-0.098,-0.11,-7.05,1305,-69,-53,0,0,2921,-0.0074,0.003,-0.002,-0.098,-0.11,-7.05,1305,-70,-53,0,0,2873,-0.0005,-0.010,0.056,-0.044,-0.11,-7.05,1379,1993,-48,0,0,3012,0.0005,-0.010,0.056,-0.044,-0.11,-7.05,1379,2081,-51,0,0
74.999,1968.6,-323.54,-7.50,-217.66,159.0,0.33,-0.11,-0.27,0.81,0.00,1.00,4,6137,363.2,2.20,-0.25,-0.95,-7.03,725,838,2141,-0.0128,-0.036,0.001,-0.099,-8.05,0.89,1303,13,-1814,0,0,3087,-0.0075,-0.001,-0.003,-0.097,-6.57,-0.59,1308,-64,-2390,0,0,576,-0.0003,0.001,0.146,0.046,-0.32,-6.84,1501,564,-17,0,0,3423,0.0055,0.041,0.129,0.029,-0.28,-6.88,1492,3183,-96,0,0
75.119,1974.0,-323.78,-7.51,-222.98,160.4,0.34,-0.19,0.00,1.00,0.00,1.00,4,5819,272.6,1.69,-0.32,-1.17,-12.78,746,853,2564,-0.0160,-0.027,-0.002,-0.098,-1.08,-6.09,1322,-73,-435,0,0,3046,-0.0039,0.030,-0.002,-0.098,-1.07,-6.09,1332,-73,-509,0,0,2929,-0.0025,-0.018,0.076,-0.024,-1.81,-5.36,1423,2313,-702,0,0,3347,0.0096,0.035,0.068,-0.032,-1.79,-5.37,1423,2487,-818,0,0
75.239,1979.3,-323.99,-7.51,-228.34,161.2,0.20,-0.27,0.00,1.00,0.00,1.00,4,5766,347.7,2.06,-0.24,-1.30,-9.32,734,861,2381,-0.0173,-0.011,-0.002,-0.098,-2.01,-5.15,1329,-54,-759,0,0,3279,-0.0020,0.015,-0.001,-0.099,-2.00,-5.17,1337,-62,-1026,0,0,2313,-0.0058,-0.027,0.061,-0.039,-2.53,-4.63,1413,1525,-829,0,0,3108,0.0095,-0.001,0.055,-0.045,-2.52,-4.64,1412,1880,-1117,0,0
75.359,1984.7,-324.15,-7.51,-233.73,162.0,0.21,-0.36,0.00,1.00,0.00,1.00,4,5839,364.9,2.16,-0.21,-1.49,-7.95,729,869,2375,-0.0178,-0.004,-0.002,-0.098,-2.52,-4.64,1336,-57,-937,0,0,3517,0.0030,0.042,-0.002,-0.098,-2.51,-4.66,1343,-71,-1357,0,0,2460,-0.0102,-0.036,0.069,-0.031,-2.97,-4.20,1431,1688,-987,0,0,3422,0.0106,0.010,0.063,-0.037,-2.95,-4.21,1429,2191,-1374,0,0
75.479,1990.1,-324.26,-7.51,-239.15,162.9,0.22,-0.40,0.00,1.00,0.00,1.00,4,5905,368.6,2.19,-0.19,-1.60,-6.58,732,878,2217,-0.0207,-0.024,-0.002,-0.098,-2.80,-4.36,1343,-54,-966,0,0,3524,0.0035,0.004,-0.003,-0.097,-2.79,-4.37,1348,-104,-1494,0,0,2296,-0.0122,-0.017,0.075,-0.025,-3.17,-3.99,1447,1634,-958,0,0,3251,0.0116,0.008,0.070,-0.030,-3.16,-4.00,1446,2190,-1358,0,0
75.599,1995.6,-324.31,-7.51,-244.59,163.8,0.23,-0.42,0.00,1.00,0.00,1.00,4,5923,369.7,2.20,-0.23,-1.64,-5.85,743,888,2292,-0.0205,0.001,-0.002,-0.098,-2.93,-4.24,1351,-57,-1036,0,0,3491,0.0049,0.012,-0.002,-0.098,-2.92,-4.25,1356,-72,-1544,0,0,2464,-0.0122,0.000,0.073,-0.027,-3.25,-3.91,1452,1706,-1058,0,0,3475,0.0132,0.013,0.068,-0.032,-3.24,-3.92,1450,2277,-1489,0,0
75.719,2001.1,-324.30,-7.51,-250.06,164.2,0.12,-0.43,0.00,0.00,0.00,1.00,4,5524,-64.2,0.86,-0.15,-1.66,-4.05,735,892,2507,-0.0210,-0.004,-0.001,-0.099,-2.91,-4.25,1356,-32,-1127,0,0,3713,0.0055,0.005,-0.001,-0.099,-2.91,-4.26,1359,-42,-1634,0,0,2099,-0.0145,-0.019,-0.003,-0.097,-3.14,-4.02,1352,-59,-1012,0,0,3097,0.0114,-0.015,-0.005,-0.095,-3.13,-4.03,1353,-161,-1467,0,0
75.839,2006.5,-324.22,-7.51,-255.52,163.4,-0.15,-0.44,-0.09,0.00,0.00,1.00,4,5457,-63.7,0.26,0.07,-1.66,-3.12,681,883,2616,-0.0148,0.052,-0.001,-0.099,-2.71,-4.46,1351,-23,-1103,0,0,3786,0.0118,0.052,-0.001,-0.099,-2.70,-4.46,1353,-39,-1564,0,0,1997,-0.0196,-0.042,-0.012,-0.088,-2.88,-4.28,1336,-302,-893,0,0,2979,0.0070,-0.037,-0.012,-0.088,-2.87,-4.29,1337,-471,-1310,0,0
75.959,2011.9,-324.07,-7.51,-260.95,162.5,-0.19,-0.61,0.00,0.00,0.00,1.00,4,5427,-63.5,0.21,0.23,-1.95,-13.81,640,873,2456,-0.0161,-0.011,0.017,-0.083,-16.73,9.57,1305,134,-2241,0,0,4451,0.0185,0.057,0.002,-0.098,-14.12,6.96,1313,37,-3943,0,0,1453,-0.0278,-0.068,-0.009,-0.091,-3.24,-3.92,1327,-170,-718,0,0,3205,0.0063,-0.006,-0.015,-0.085,-3.21,-3.95,1331,-567,-1526,0,0
76.079,2017.3,-323.85,-7.51,-266.34,161.6,-0.17,-0.54,0.00,0.00,0.00,1.00,4,5388,-63.2,0.20,0.22,-1.93,-13.29,624,864,2486,-0.0152,0.008,-0.001,-0.099,-3.53,-3.64,1331,-17,-1299,0,0,3813,0.0189,0.003,-0.001,-0.099,-3.50,-3.66,1341,-45,-1939,0,0,1975,-0.0270,0.007,-0.010,-0.090,-4.28,-2.89,1318,-214,-1203,0,0,3136,0.0073,0.008,-0.016,-0.084,-4.24,-2.92,1321,-524,-1859,0,0
76.199,2022.7,-323.56,-7.51,-271.70,160.8,-0.14,-0.58,0.00,0.00,0.00,1.00,4,5350,-63.0,0.20,0.19,-1.90,-11.08,622,855,2530,-0.0157,-0.005,-0.001,-0.099,-4.15,-3.01,1324,-18,-1500,0,0,4120,0.0183,-0.005,-0.001,-0.099,-4.12,-3.04,1332,-36,-2371,0,0,1813,-0.0273,-0.003,-0.012,-0.088,-4.78,-2.39,1309,-222,-1195,0,0,3286,0.0066,-0.005,-0.016,-0.084,-4.74,-2.42,1312,-538,-2101,0,0
76.319,2028.1,-323.18,-7.51,-277.03,160.0,-0.14,-0.63,0.00,0.00,0.00,1.00,4,5319,-62.7,0.20,0.16,-2.00,-8.49,615,846,2263,-0.0181,-0.020,-0.001,-0.099,-4.45,-2.71,1317,-14,-1418,0,0,3992,0.0185,0.002,-0.001,-0.099,-4.43,-2.74,1324,-33,-2427,0,0,1850,-0.0271,0.001,-0.013,-0.087,-4.93,-2.23,1301,-235,-1245,0,0,3308,0.0097,0.025,-0.016,-0.084,-4.91,-2.26,1304,-514,-2165,0,0
76.439,2033.4,-322.71,-7.51,-282.33,159.1,-0.14,-0.63,0.00,0.00,0.00,1.00,4,5289,-62.5,0.20,0.16,-2.01,-7.27,610,838,2476,-0.0180,0.001,-0.001,-0.099,-4.48,-2.69,1311,-18,-1555,0,0,4180,0.0197,0.010,-0.001,-0.099,-4.46,-2.71,1316,-40,-2548,0,0,1901,-0.0285,-0.012,-0.013,-0.087,-4.89,-2.27,1294,-258,-1272,0,0,3340,0.0091,-0.005,-0.016,-0.084,-4.87,-2.29,1296,-525,-2175,0,0
76.559,2038.7,-322.16,-7.51,-287.59,158.3,-0.15,-0.63,0.00,0.00,0.00,1.00,4,5264,-62.3,0.20,0.16,-2.01,-5.36,603,829,2325,-0.0188,-0.007,-0.001,-0.099,-4.34,-2.82,1305,-17,-1434,0,0,3956,0.0185,-0.010,-0.001,-0.099,-4.33,-2.84,1309,-36,-2373,0,0,1877,-0.0273,0.010,-0.013,-0.087,-4.65,-2.51,1288,-261,-1217,0,0,3264,0.0102,0.009,-0.015,-0.085,-4.63,-2.53,1290,-498,-2063,0,0
76.679,2043.9,-321.53,-7.51,-292.81,157.5,-0.15,-0.60,0.00,0.00,0.00,1.00,4,5241,-62.2,0.20,0.15,-1.94,-4.71,601,820,2550,-0.0172,0.014,-0.001,-0.099,-4.06,-3.10,1299,-21,-1495,0,0,4118,0.0191,0.004,-0.001,-0.099,-4.05,-3.11,1302,-41,-2350,0,0,1960,-0.0276,-0.002,-0.013,-0.087,-4.33,-2.83,1283,-280,-1210,0,0,3288,0.0086,-0.013,-0.015,-0.085,-4.32,-2.84,1285,-507,-1982,0,0
76.799,2049.1,-320.82,-7.50,-298.00,156.7,-0.15,-0.57,0.00,0.00,0.00,1.00,4,5219,-62.0,0.20,0.17,-1.87,-3.32,595,812,2451,-0.0173,-0.001,-0.001,-0.099,-3.71,-3.45,1293,-20,-1346,0,0,3885,0.0172,-0.016,-0.001,-0.099,-3.70,-3.46,1296,-39,-2083,0,0,1757,-0.0259,0.014,-0.013,-0.087,-3.90,-3.26,1277,-255,-1008,0,0,2960,0.0085,-0.001,-0.014,-0.086,-3.90,-3.27,1279,-454,-1666,0,0
76.919,2054.4,-320.05,-7.50,-303.14,155.9,-0.15,-0.52,0.00,0.00,0.00,1.00,4,5202,-61.9,0.20,0.16,-1.75,-3.01,594,804,2676,-0.0148,0.020,-0.001,-0.099,-3.31,-3.85,1288,-24,-1339,0,0,4000,0.0172,0.000,-0.001,-0.099,-3.31,-3.86,1290,-41,-1957,0,0,2069,-0.0252,0.006,-0.012,-0.088,-3.49,-3.67,1273,-301,-1086,0,0,3195,0.0067,-0.015,-0.013,-0.087,-3.48,-3.68,1275,-482,-1644,0,0
77.039,2059.5,-319.20,-7.50,-308.26,155.2,-0.15,-0.47,0.00,0.00,0.00,1.00,4,5180,-61.7,0.20,0.18,-1.64,-2.05,589,796,2590,-0.0147,0.001,-0.001,-0.099,-2.91,-4.25,1283,-24,-1166,0,0,3746,0.0144,-0.023,-0.001,-0.099,-2.91,-4.25,1284,-40,-1654,0,0,1892,-0.0234,0.015,-0.012,-0.088,-3.03,-4.13,1268,-290,-887,0,0,2849,0.0056,-0.009,-0.012,-0.088,-3.03,-4.13,1269,-440,-1314,0,0
77.159,2064.7,-318.31,-7.50,-313.34,154.4,-0.15,-0.42,-0.10,0.00,0.00,1.00,4,5164,-61.6,0.20,0.17,-1.50,-1.89,589,789,2829,-0.0117,0.025,-0.001,-0.099,-2.51,-4.65,1277,-27,-1117,0,0,3852,0.0142,-0.001,-0.001,-0.099,-2.51,-4.65,1279,-40,-1495,0,0,2203,-0.0220,0.012,-0.011,-0.089,-2.63,-4.54,1264,-323,-910,0,0,3077,0.0039,-0.014,-0.011,-0.089,-2.62,-4.54,1265,-457,-1252,0,0
77.279,2069.8,-317.35,-7.49,-318.38,153.5,-0.18,-0.59,-0.43,0.00,0.00,1.00,4,5134,-61.4,0.20,0.22,-1.77,-12.65,573,780,2246,-0.0162,-0.037,0.017,-0.083,-16.74,9.57,1234,124,-2056,0,0,4186,0.0167,0.021,0.002,-0.098,-14.06,6.90,1241,35,-3723,0,0,1449,-0.0260,-0.033,-0.008,-0.092,-2.86,-4.30,1256,-163,-644,0,0,3139,0.0069,0.025,-0.014,-0.086,-2.84,-4.32,1259,-540,-1346,0,0
77.399,2074.9,-316.31,-7.49,-323.36,152.2,-0.26,-0.69,-0.80,0.00,0.00,1.00,4,5086,-61.1,0.20,0.26,-2.07,-22.88,545,767,2460,-0.0174,-0.010,0.081,-0.019,-32.68,25.52,1138,285,-2150,0,0,4549,0.0241,0.062,0.024,-0.076,-27.26,20.10,1155,197,-3927,0,0,1604,-0.0319,-0.050,-0.005,-0.095,-4.46,-2.70,1243,-91,-1009,0,0,3388,0.0097,0.023,-0.016,-0.084,-4.40,-2.76,1248,-564,-2040,0,0
77.519,2080.0,-315.20,-7.49,-328.28,150.6,-0.30,-0.71,0.00,0.00,0.00,1.00,4,5002,-60.5,0.20,0.35,-2.13,-24.82,507,751,2469,-0.0180,-0.005,-0.015,-0.085,-4.94,-2.22,1216,-431,-1628,0,0,4278,0.0251,0.008,-0.001,-0.099,-4.87,-2.29,1251,-55,-2737,0,0,1442,-0.0346,-0.023,-0.008,-0.092,-6.44,-0.72,1223,-91,-1128,0,0,2953,0.0085,-0.009,-0.020,-0.080,-6.34,-0.82,1227,-487,-2223,0,0
77.639,2085.0,-314.00,-7.49,-333.14,149.7,-0.12,-0.76,0.00,0.00,0.00,1.00,4,4942,-60.1,0.20,0.21,-2.14,-22.83,512,742,2234,-0.0190,-0.008,0.000,-0.100,-6.67,-0.49,1222,-2,-1758,0,0,4396,0.0252,0.000,-0.001,-0.099,-6.58,-0.58,1239,-24,-3322,0,0,1802,-0.0325,0.018,-0.011,-0.089,-8.06,0.90,1209,-137,-1530,0,0,3593,0.0117,0.027,-0.022,-0.078,-7.95,0.78,1212,-542,-2932,0,0
77.759,2089.9,-312.70,-7.49,-337.93,148.0,-0.27,-0.77,0.00,0.00,1.00,1.00,4,4031,-53.9,0.20,0.22,-2.19,-16.81,493,725,2538,-0.0220,-0.025,-0.249,0.149,-8.11,0.95,903,-2045,-1150,858,1,4320,0.0240,-0.010,-0.184,0.084,-8.02,0.86,997,-3196,-2289,858,1,1403,-0.0325,0.000,-0.191,0.091,-9.14,1.98,994,-1008,-868,462,1,2830,0.0135,0.015,-0.188,0.088,-9.04,1.88,996,-2005,-1696,462,1
77.879,2094.8,-311.36,-7.49,-342.61,144.4,-0.77,-0.59,0.00,0.00,1.00,1.00,4,3839,-52.4,0.20,0.61,-1.75,-16.33,409,692,3526,-0.0051,0.140,-0.273,0.173,-9.30,2.14,853,-2726,-1611,858,1,4816,0.0296,0.046,-0.179,0.079,-9.20,2.04,952,-3302,-2794,2860,0,1422,-0.0365,-0.034,-0.201,0.101,-10.32,3.15,949,-1001,-891,462,1,2432,-0.0018,-0.128,-0.207,0.107,-10.21,3.05,950,-1714,-1464,462,1
77.999,2099.5,-309.99,-7.49,-347.15,140.8,-0.74,-0.62,-0.09,0.00,1.00,1.00,4,3626,-50.9,0.20,0.84,-1.69,-16.85,350,660,3151,-0.0014,0.031,-0.308,0.208,-14.41,7.25,775,-2182,-1715,858,1,4655,0.0315,0.016,-0.190,0.090,-13.58,6.41,922,-2703,-3120,858,1,1042,-0.0401,-0.030,-0.224,0.124,-11.53,4.36,896,-724,-658,462,1,2314,-0.0072,-0.044,-0.229,0.129,-11.40,4.24,897,-1603,-1402,462,1
78.119,2104.2,-308.58,-7.49,-351.56,137.5,-0.65,-0.68,-0.52,0.00,0.29,0.79,4,3511,-49.9,0.20,0.78,-1.78,-19.88,336,629,3020,-0.0027,-0.011,-0.255,0.155,-31.11,23.95,721,-1058,-2373,329,1,4817,0.0336,0.017,-0.186,0.086,-27.42,20.26,829,-1407,-3849,329,1,1450,-0.0415,-0.012,-0.227,0.127,-12.97,5.81,856,-957,-942,177,1,2938,-0.0053,0.016,-0.230,0.130,-12.80,5.64,865,-1916,-1844,177,1
78.239,2108.7,-307.13,-7.49,-355.85,134.5,-0.55,-0.76,-0.84,0.00,0.00,0.31,4,3961,-53.1,0.20,0.66,-1.96,-18.19,325,602,2466,-0.0085,-0.048,-0.075,-0.025,-43.55,36.39,741,-194,-2132,0,0,4579,0.0323,-0.010,-0.041,-0.059,-37.82,30.66,848,-234,-3870,0,0,1425,-0.0397,0.016,-0.102,0.002,-14.17,7.01,968,-532,-1219,0,0,3163,0.0017,0.058,-0.108,0.008,-13.99,6.83,975,-1214,-2605,0,0
78.359,2113.1,-305.62,-7.49,-360.02,132.0,-0.39,-0.83,-0.89,0.00,0.00,0.62,3,4352,-55.7,0.20,0.50,-2.12,-14.57,329,579,2520,-0.0136,-0.042,0.036,-0.064,-50.75,43.59,712,76,-2169,0,0,4740,0.0326,0.003,0.012,-0.088,-43.88,36.72,800,55,-3972,0,0,1431,-0.0396,0.000,-0.115,0.015,-14.74,7.58,928,-509,-1233,0,0,3416,0.0061,0.036,-0.120,0.020,-14.59,7.42,933,-1242,-2827,0,0
78.479,2117.5,-304.06,-7.49,-364.07,129.1,-0.49,-0.81,-0.89,0.00,0.27,1.00,3,4766,-58.9,0.20,0.45,-2.12,-10.32,316,553,2453,-0.0142,-0.006,-0.149,0.049,-51.33,44.17,562,-257,-2092,381,0,4411,0.0317,-0.008,-0.130,0.030,-44.47,37.31,663,-489,-3668,381,0,1506,-0.0375,0.018,-0.138,0.038,-14.88,7.72,888,-656,-1237,205,0,3193,0.0089,0.024,-0.139,0.039,-14.77,7.61,894,-1371,-2548,205,0
78.599,2121.7,-302.46,-7.50,-368.00,125.8,-0.62,-0.64,-0.90,0.00,0.95,1.00,3,3832,-52.3,0.20,0.62,-1.80,-5.68,295,526,3324,-0.0086,0.047,-0.592,0.492,-51.75,44.59,258,-1231,-2371,714,1,4626,0.0302,-0.013,-0.414,0.314,-44.89,37.73,431,-1498,-3432,714,1,1490,-0.0377,-0.002,-0.291,0.191,-14.74,7.58,712,-992,-916,385,1,2428,-0.0001,-0.075,-0.288,0.188,-14.68,7.52,718,-1593,-1474,385,1
78.719,2125.8,-300.85,-7.50,-371.80,122.3,-0.75,-0.44,-0.90,0.00,1.00,1.00,3,3545,-49.9,0.20,0.75,-1.29,1.56,276,497,3733,0.0032,0.099,-1.003,0.903,-51.97,44.81,15,-1810,-2091,858,1,4409,0.0284,-0.015,-0.787,0.687,-45.14,37.98,150,-2094,-2601,858,1,1774,-0.0333,0.036,-0.319,0.219,-14.21,7.05,653,-1242,-981,462,1,2285,-0.0082,-0.068,-0.318,0.218,-14.23,7.06,655,-1585,-1258,462,1
78.839,2129.9,-299.27,-7.50,-375.48,118.9,-0.74,-0.33,-0.91,0.00,1.00,0.92,3,3445,-49.2,0.20,0.88,-1.03,11.59,260,470,3575,0.0061,0.024,-0.994,0.894,-51.28,44.12,0,-1746,-1999,858,1,4190,0.0243,-0.034,-1.000,0.900,-44.51,37.35,16,-2179,-2135,858,1,1537,-0.0318,0.013,-0.326,0.226,-12.54,5.38,635,-1138,-780,462,1,2035,-0.0136,-0.045,-0.320,0.220,-12.66,5.49,636,-1485,-1047,462,1
78.959,2133.7,-297.70,-7.50,-379.05,115.5,-0.77,-0.28,-0.91,0.00,1.00,0.44,3,3056,-46.8,0.20,0.88,-0.89,20.36,252,443,3772,0.0093,0.026,-0.988,0.888,-49.52,42.36,4,-1869,-2067,858,1,4347,0.0247,0.004,-0.985,0.885,-42.78,35.62,8,-2289,-2170,858,1,1832,-0.0312,0.005,-0.398,0.298,-9.86,2.70,568,-1460,-676,462,1,2321,-0.0158,-0.018,-0.385,0.285,-10.03,2.86,571,-1829,-889,462,1
79.079,2137.5,-296.17,-7.50,-382.50,112.0,-0.80,-0.20,-0.92,0.00,0.27,0.14,2,2674,-43.9,0.20,0.90,-0.76,25.02,240,417,3561,0.0111,0.015,-0.845,0.745,-46.93,39.77,102,-1737,-2060,332,1,3983,0.0233,-0.012,-0.755,0.655,-40.15,32.99,176,-2030,-2243,332,1,1831,-0.0289,0.019,-0.367,0.267,-6.63,-0.54,590,-1550,-505,179,1,2191,-0.0169,-0.010,-0.351,0.251,-6.77,-0.40,592,-1847,-640,179,1
79.199,2141.2,-294.66,-7.51,-385.84,108.6,-0.77,-0.28,-0.92,0.00,0.00,1.00,2,4010,-53.3,0.20,0.98,-0.87,19.46,225,392,3568,0.0092,-0.015,-0.271,0.171,-43.66,36.50,483,-926,-2840,0,0,4558,0.0246,0.011,-0.148,0.048,-36.74,29.58,613,-839,-3746,0,0,1433,-0.0320,-0.025,-0.433,0.333,-3.51,-3.65,515,-1236,-187,0,0,2302,-0.0172,-0.002,-0.417,0.317,-3.57,-3.59,522,-1972,-315,0,0
79.319,2144.8,-293.15,-7.51,-389.07,105.5,-0.72,-0.45,-0.93,0.00,0.00,1.00,2,5407,-63.2,0.20,0.91,-1.24,3.01,218,370,3198,0.0043,-0.041,-0.057,-0.043,-41.06,33.90,624,-205,-2746,0,0,4736,0.0298,0.044,-0.020,-0.080,-34.03,26.87,710,-131,-4023,0,0,1508,-0.0349,-0.025,-0.211,0.111,-2.08,-5.09,693,-1439,-230,0,0,2760,-0.0094,0.065,-0.196,0.096,-2.08,-5.08,704,-2591,-443,0,0
79.439,2148.2,-291.64,-7.51,-392.18,102.9,-0.60,-0.53,-0.93,0.00,0.00,1.00,2,6454,-70.8,0.20,0.81,-1.48,-11.63,215,351,2691,-0.0012,-0.046,-0.011,-0.089,-40.17,33.01,641,-34,-2341,0,0,4322,0.0311,0.011,-0.008,-0.092,-33.09,25.93,712,-48,-3705,0,0,1623,-0.0354,-0.004,-0.023,-0.077,-2.32,-4.85,829,-519,-585,0,0,2937,-0.0036,0.049,-0.028,-0.072,-2.29,-4.87,833,-1072,-1021,0,0
79.559,2151.6,-290.10,-7.52,-395.20,100.9,-0.44,-0.58,-0.93,0.00,0.00,1.00,2,6327,-69.9,0.20,0.67,-1.58,-21.40,218,337,2793,-0.0062,-0.042,0.004,-0.096,-40.63,33.47,630,10,-2424,0,0,4521,0.0291,-0.017,-0.003,-0.097,-33.51,26.35,701,-22,-3861,0,0,1567,-0.0340,0.011,-0.019,-0.081,-3.60,-3.56,811,-356,-825,0,0,2991,0.0008,0.037,-0.031,-0.069,-3.53,-3.64,818,-1051,-1493,0,0
79.679,2154.9,-288.51,-7.52,-398.13,98.9,-0.42,-0.67,-0.94,0.00,0.00,1.00,2,6174,-68.8,0.20,0.54,-1.74,-25.80,213,324,2646,-0.0098,-0.030,0.013,-0.087,-41.97,34.80,609,35,-2298,0,0,4616,0.0295,0.004,0.001,-0.099,-34.79,27.62,681,4,-3928,0,0,1622,-0.0332,0.007,-0.020,-0.080,-5.26,-1.91,791,-307,-1121,0,0,3264,0.0062,0.045,-0.035,-0.065,-5.13,-2.03,798,-1059,-2123,0,0
79.799,2158.2,-286.88,-7.52,-400.94,96.8,-0.41,-0.72,-0.94,0.00,0.00,1.00,2,5995,-67.5,0.20,0.50,-1.87,-26.61,202,310,2606,-0.0122,-0.020,0.017,-0.083,-43.57,36.40,582,43,-2260,0,0,4663,0.0307,0.010,0.002,-0.098,-36.32,29.16,655,12,-3955,0,0,1532,-0.0344,-0.010,-0.025,-0.075,-6.87,-0.29,768,-296,-1216,0,0,3266,0.0085,0.020,-0.042,-0.058,-6.69,-0.47,775,-1024,-2439,0,0
79.919,2161.2,-285.22,-7.52,-403.45,85.0,-1.88,-3.96,-0.95,0.00,0.00,1.00,2,5647,-65.4,0.20,1.58,1.23,-156.34,78,244,7799,0.0429,0.460,0.078,-0.022,-42.27,35.10,500,588,-6206,0,0,2480,0.0313,0.005,0.039,-0.061,-34.62,27.46,646,61,-2188,0,0,2059,-0.0192,0.127,0.135,0.035,-20.91,13.75,735,736,-1711,0,0,150000,0.1200,0.929,-0.077,-0.023,-10.55,3.38,736,-2282,-7749,0,0
80.039,2164.0,-283.13,-7.22,-405.24,82.6,-0.15,-3.91,-0.96,0.00,0.00,1.00,2,5178,-62.0,0.20,1.57,20.58,-63.77,117,255,755,0.0119,-0.258,-0.083,-0.017,-40.32,33.15,465,-78,-671,0,0,0,-0.1200,-1.261,-0.041,-0.059,-38.47,31.31,530,0,0,0,0,80,-0.0655,-0.386,-0.002,-0.098,-7.12,-0.05,686,8,-65,0,0,62,-0.0680,-1.566,-0.062,-0.038,-8.53,1.37,686,-20,-52,0,0
80.159,2166.8,-280.94,-6.97,-406.95,82.1,-0.01,-0.54,-0.96,0.00,0.00,1.00,2,5177,-62.0,0.20,0.74,31.75,-64.84,131,224,0,-0.1200,-1.100,0.033,-0.067,-47.15,39.99,468,0,0,0,0,0,-0.1200,0.000,-0.041,-0.059,-38.47,31.31,530,0,0,0,0,0,-0.1200,-0.454,0.003,-0.097,-13.26,6.10,685,0,0,0,0,0,-0.1200,-0.434,-0.056,-0.044,-14.78,7.62,685,0,0,0,0
80.279,2169.5,-278.74,-6.83,-408.65,81.8,0.01,-0.70,-0.96,0.00,0.00,1.00,2,5177,-62.0,0.20,1.31,42.78,-63.68,350,270,0,-0.1200,0.000,0.173,0.073,-52.71,45.55,468,0,0,0,0,0,-0.1200,0.000,-0.041,-0.059,-38.47,31.31,530,0,0,0,0,0,-0.1200,0.000,0.030,-0.070,-17.81,10.65,685,0,0,0,0,0,-0.1200,0.000,-0.055,-0.045,-15.15,7.99,685,0,0,0,0
80.399,2172.3,-276.51,-6.83,-410.30,80.6,-0.19,-0.65,-0.96,0.00,0.00,1.00,2,5177,-62.0,0.20,2.60,48.97,-74.07,439,295,7362,-0.0188,0.843,0.002,-0.098,-54.67,47.51,362,27,-5845,0,0,0,-0.1200,0.000,-0.041,-0.059,-38.47,31.31,530,0,0,0,0,0,-0.1200,0.000,0.088,-0.012,-19.97,12.81,685,0,0,0,0,0,-0.1200,0.000,-0.055,-0.045,-15.15,7.99,685,0,0,0,0
80.519,2175.0,-274.28,-6.99,-411.81,78.8,-0.21,-0.61,-0.96,0.00,0.00,1.00,2,4834,-59.7,0.20,1.63,38.36,-83.26,444,282,1171,0.0169,0.297,0.072,-0.028,-59.02,51.85,318,47,-1022,0,0,0,-0.1200,0.000,-0.041,-0.059,-38.47,31.31,530,0,0,0,0,3229,-0.0826,0.312,0.107,0.007,-26.39,19.23,629,855,-2736,0,0,0,-0.1200,0.000,-0.055,-0.045,-15.15,7.99,630,0,0,0,0
80.638,2177.4,-272.21,-7.04,-413.02,73.0,-0.83,-1.17,0.00,0.00,0.00,1.00,2,4354,-56.2,0.20,10.21,21.91,65.76,109,177,7275,0.0896,0.606,-0.230,0.130,-26.58,19.42,400,-2728,-5086,0,0,0,-0.1200,0.000,-0.041,-0.059,-38.47,31.31,530,0,0,0,0,0,-0.1200,-0.312,0.166,0.066,-21.97,14.80,579,0,0,0,0,0,-0.1200,0.000,-0.055,-0.045,-15.15,7.99,579,0,0,0,0
80.758,2179.7,-270.19,-7.00,-414.04,70.6,-0.58,-0.29,0.00,0.00,0.00,1.00,2,4354,-56.2,0.20,18.83,-1.79,18.85,165,212,181,-0.0518,-1.179,-0.037,-0.063,-20.76,13.60,487,-17,-169,0,0,20126,0.0467,1.389,-0.019,-0.081,-22.19,15.02,464,-559,-7961,0,0,0,-0.1200,0.000,0.166,0.066,-21.97,14.80,579,0,0,0,0,0,-0.1200,0.000,-0.055,-0.045,-15.15,7.99,579,0,0,0,0
80.878,2182.0,-268.16,-6.96,-415.18,69.8,0.14,-0.19,0.00,0.00,0.00,1.00,2,4354,-56.2,0.20,17.74,-7.37,-3.85,160,207,0,-0.1200,-0.568,-0.025,-0.075,-23.74,16.57,487,0,0,0,0,3402,-0.0057,-0.436,-0.012,-0.088,-23.61,16.45,496,-90,-3018,0,0,0,-0.1200,0.000,0.166,0.066,-21.97,14.80,579,0,0,0,0,0,-0.1200,0.000,-0.055,-0.045,-15.15,7.99,579,0,0,0,0
80.998,2184.4,-266.12,-7.05,-416.33,69.3,0.16,-0.20,0.00,0.00,0.00,1.00,2,4354,-56.2,0.20,14.39,-7.83,-27.12,163,204,0,-0.1200,0.000,-0.016,-0.084,-25.70,18.54,487,0,0,0,0,3595,0.0036,0.078,-0.012,-0.088,-24.74,17.58,509,-88,-3174,0,0,0,-0.1200,0.000,0.166,0.066,-21.97,14.80,579,0,0,0,0,0,-0.1200,0.000,-0.055,-0.045,-15.15,7.99,579,0,0,0,0
81.118,2186.7,-264.07,-7.24,-417.47,68.6,0.08,-0.34,0.00,0.00,0.00,1.00,2,4354,-56.2,0.20,8.74,-3.43,-48.80,41,169,4336,-0.0838,0.302,-0.002,-0.098,-28.87,21.71,482,-19,-3803,0,0,3360,0.0030,-0.005,-0.010,-0.090,-27.06,19.90,515,-60,-2960,0,0,0,-0.1200,0.000,0.166,0.066,-21.97,14.80,579,0,0,0,0,0,-0.1200,0.000,-0.055,-0.045,-15.15,7.99,579,0,0,0,0
81.238,2189.1,-261.99,-7.49,-418.52,66.6,0.09,-0.89,0.00,0.00,0.00,1.00,2,4028,-53.5,0.20,0.29,-1.55,-53.09,248,159,2814,-0.0222,0.513,0.014,-0.086,-31.97,24.80,452,58,-2477,0,0,5078,0.0115,0.070,0.021,-0.079,-29.70,22.53,497,147,-4329,0,0,11652,-0.0359,0.701,0.167,0.067,-38.04,30.88,491,1913,-7531,0,0,13564,-0.0022,0.982,0.070,-0.030,-35.57,28.40,496,735,-7730,0,0
81.358,2191.2,-259.99,-7.56,-419.32,62.5,0.09,-1.71,0.00,0.00,0.00,0.77,2,3323,-48.8,0.20,-1.50,-2.83,-16.23,86,130,2700,-0.0227,-0.005,0.003,-0.097,-32.46,25.30,428,17,-2378,0,0,5907,0.0506,0.326,0.000,-0.100,-31.70,24.53,440,9,-4949,0,0,3491,0.0411,0.641,-0.006,-0.094,-34.47,27.31,442,60,-3023,0,0,8336,0.1144,0.972,-0.033,-0.067,-33.68,26.52,442,-183,-6674,0,0
81.478,2193.2,-258.06,-7.53,-419.96,60.2,-0.02,-1.00,0.00,0.00,0.00,0.29,2,3078,-46.8,0.20,-0.51,-2.33,-15.59,47,122,2366,-0.0184,0.036,-0.002,-0.098,-30.99,23.82,417,-7,-2100,0,0,4342,0.0402,-0.087,-0.007,-0.093,-30.27,23.10,428,-43,-3741,0,0,1501,0.0005,-0.338,-0.055,-0.045,-32.99,25.83,394,-95,-1341,0,0,2999,0.0602,-0.452,-0.077,-0.023,-32.25,25.09,396,-286,-2610,0,0
81.598,2195.2,-256.16,-7.51,-420.48,58.1,-0.07,-0.81,0.00,0.00,0.00,0.24,1,2928,-45.7,0.20,-0.06,-1.94,-18.88,50,113,2240,-0.0209,-0.021,0.002,-0.098,-30.11,22.95,406,5,-1996,0,0,4165,0.0289,-0.094,-0.004,-0.096,-29.23,22.07,418,-30,-3606,0,0,1436,-0.0214,-0.183,-0.332,0.232,-32.66,25.49,265,-474,-1171,0,0,3141,0.0276,-0.271,-0.345,0.245,-31.73,24.57,269,-1098,-2450,0,0
81.718,2197.1,-254.32,-7.50,-420.91,55.6,-0.18,-0.79,0.18,0.00,0.00,0.84,1,3337,-48.7,0.20,0.10,-1.82,-24.77,50,103,2312,-0.0205,0.003,-0.026,-0.074,-23.81,16.65,397,-84,-2075,0,0,4417,0.0261,-0.023,-0.028,-0.072,-21.25,14.08,419,-204,-3851,0,0,1616,-0.0289,-0.063,-0.371,0.271,-33.47,26.31,243,-690,-1201,0,0,3396,0.0177,-0.083,-0.384,0.284,-32.20,25.03,250,-1485,-2406,0,0
81.838,2198.9,-252.53,-7.50,-421.23,53.4,-0.08,-0.83,0.60,0.00,0.00,1.00,1,3505,-49.9,0.20,0.09,-1.90,-29.48,47,95,2157,-0.0220,-0.013,-0.010,-0.090,-11.37,4.20,411,-87,-1978,0,0,4439,0.0268,0.006,-0.003,-0.097,-5.70,-1.46,440,-125,-3660,0,0,1798,-0.0301,-0.010,-0.304,0.204,-34.46,27.30,255,-648,-1414,0,0,3716,0.0188,0.009,-0.328,0.228,-32.85,25.69,262,-1430,-2764,0,0
81.958,2200.7,-250.79,-7.50,-421.46,51.7,-0.06,-0.65,0.00,0.00,0.00,1.00,1,3488,-49.8,0.20,0.02,-1.61,-18.98,49,89,2613,-0.0185,0.029,0.132,0.032,-31.38,24.22,400,536,-2320,0,0,4036,0.0223,-0.038,0.108,0.008,-30.35,23.19,407,822,-3507,0,0,2202,-0.0235,0.055,-0.282,0.182,-34.21,27.05,255,-737,-1753,0,0,3421,0.0172,-0.013,-0.300,0.200,-33.14,25.97,259,-1224,-2621,0,0
82.078,2202.4,-249.11,-7.50,-421.60,49.2,-0.14,-0.86,0.00,0.00,0.00,1.00,1,3391,-49.1,0.20,0.06,-1.83,-20.85,41,81,2211,-0.0206,-0.017,0.005,-0.095,-30.39,23.23,341,18,-1970,0,0,4573,0.0266,0.036,-0.004,-0.096,-29.24,22.08,355,-21,-3934,0,0,1660,-0.0270,-0.029,-0.274,0.174,-33.70,26.54,247,-560,-1335,0,0,3765,0.0203,0.026,-0.289,0.189,-32.47,25.31,253,-1325,-2885,0,0
82.198,2204.0,-247.52,-7.50,-421.64,46.7,-0.15,-0.85,0.00,0.00,0.00,1.00,1,3269,-48.2,0.20,0.12,-2.02,-23.37,35,73,2154,-0.0222,-0.014,0.004,-0.096,-29.69,22.52,324,15,-1923,0,0,4561,0.0286,0.017,-0.003,-0.097,-28.35,21.19,340,-24,-3931,0,0,1644,-0.0307,-0.031,-0.264,0.164,-33.62,26.45,238,-541,-1331,0,0,3660,0.0219,0.013,-0.284,0.184,-32.18,25.02,244,-1286,-2816,0,0
82.318,2205.5,-246.00,-7.49,-421.60,44.3,-0.15,-0.84,0.00,0.00,0.00,1.00,1,3141,-47.3,0.20,0.15,-2.06,-26.12,31,65,2232,-0.0225,-0.003,0.005,-0.095,-29.06,21.90,307,19,-1993,0,0,4566,0.0291,0.004,-0.003,-0.097,-27.52,20.36,325,-24,-3942,0,0,1668,-0.0312,-0.004,-0.254,0.154,-33.73,26.56,228,-530,-1359,0,0,3636,0.0205,-0.012,-0.281,0.181,-32.04,24.88,235,-1273,-2804,0,0
82.438,2206.9,-244.57,-7.49,-421.48,41.9,-0.14,-0.85,0.00,0.00,0.00,1.00,1,3073,-46.8,0.20,0.15,-2.05,-28.83,28,58,2241,-0.0224,0.001,0.005,-0.095,-28.48,21.32,290,20,-2003,0,0,4618,0.0299,0.007,-0.003,-0.097,-26.71,19.55,310,-23,-3991,0,0,1723,-0.0310,0.001,-0.222,0.122,-33.96,26.79,224,-465,-1442,0,0,3720,0.0208,0.003,-0.265,0.165,-31.99,24.83,229,-1217,-2914,0,0
82.558,2208.3,-243.23,-7.49,-421.27,39.5,-0.13,-0.86,0.00,0.00,0.00,1.00,1,2904,-45.6,0.20,0.14,-2.01,-31.15,25,52,2233,-0.0224,0.000,0.005,-0.095,-27.88,20.71,273,19,-1999,0,0,4587,0.0300,0.001,-0.003,-0.097,-25.89,18.73,295,-23,-3974,0,0,1728,-0.0308,0.002,-0.224,0.124,-34.19,27.03,211,-488,-1436,0,0,3716,0.0214,0.005,-0.265,0.165,-31.94,24.78,217,-1247,-2894,0,0
