Time_s,Speed_Kmh,YawRate_deg,Pitch_deg,Roll_deg,EngineRPM,Gear,NetTorque,FL_Load_N,FL_Travel_m,FL_SlipLong,FL_SlipAngle_deg,FL_DynamicToe_deg,FL_ForceLong_N,FL_ForceLat_N,FR_Load_N,FR_Travel_m,FR_SlipLong,FR_SlipAngle_deg,FR_DynamicToe_deg,FR_ForceLong_N,FR_ForceLat_N,RL_Load_N,RL_Travel_m,RL_SlipLong,RL_SlipAngle_deg,RL_DynamicToe_deg,RL_ForceLong_N,RL_ForceLat_N,RR_Load_N,RR_Travel_m,RR_SlipLong,RR_SlipAngle_deg,RR_DynamicToe_deg,RR_ForceLong_N,RR_ForceLat_N
0.020,1.6,4.043,0.896,0.359,1057,0,100.6,6081,0.0548,0.0066,-8.8091,-6.2821,-238,1320,5572,0.0456,-0.0147,-7.1105,5.2210,158,1128,3374,0.0068,0.0217,9.7874,1.1772,-12,45,2957,-0.0024,-0.0185,9.0202,0.4145,6,-179
0.040,1.8,2.836,0.653,0.358,1192,0,109.8,5373,0.0420,0.0634,-8.7224,-4.8077,-59,-1022,4857,0.0326,0.0066,-7.8491,3.7315,-117,-855,3179,0.0025,0.0094,6.7110,0.4316,20,1182,2756,-0.0069,0.0446,5.6574,1.1827,15,751
0.060,1.8,-0.824,0.377,0.361,1338,0,119.9,4552,0.0270,0.0002,0.2783,-3.0963,70,-1520,4036,0.0176,-0.0113,3.2554,2.0213,-50,-862,2988,-0.0017,-0.0400,-2.1191,-0.2973,-57,1230,2566,-0.0111,-0.0202,-1.8708,1.9099,-118,860
0.080,1.8,-2.759,0.087,0.358,1498,0,131.0,3674,0.0111,-0.0521,5.6535,-1.2679,-59,-624,3154,0.0016,-0.0053,8.5679,0.1846,-56,207,2818,-0.0055,0.0133,-7.9322,-0.9475,11,399,2392,-0.0150,-0.0335,-8.1945,2.5726,-76,125
0.100,1.6,-1.894,-0.197,0.333,1669,0,136.3,2792,-0.0050,0.0177,4.6739,0.5697,75,170,2276,-0.0143,-0.0430,5.2239,-1.6442,5,674,2670,-0.0088,-0.0051,-6.0941,-1.5101,33,-483,2248,-0.0182,-0.0397,-6.5262,3.1219,-26,-633
0.120,1.4,0.097,-0.454,0.278,1846,0,141.2,1951,-0.0203,-0.0132,1.6253,2.3217,9,344,1472,-0.0290,0.0223,2.3928,-3.3210,102,611,2544,-0.0116,0.0124,0.4477,-1.9931,-45,-676,2151,-0.0203,-0.0612,0.2944,3.4921,-4,-780
0.140,1.0,1.503,-0.668,0.200,2029,0,146.3,1200,-0.0339,0.0161,-0.5330,3.8875,-22,205,799,-0.0412,0.0040,0.0500,-4.7225,2,332,2439,-0.0139,-0.0162,5.8697,-2.3942,27,-208,2111,-0.0212,0.0055,5.9083,3.6467,-32,-374
0.160,0.6,1.538,-0.822,0.117,2219,0,151.6,588,-0.0451,0.0412,-1.3456,5.1626,-12,61,300,-0.0503,0.0060,-1.0955,-5.7619,15,103,2362,-0.0156,-0.0422,6.3022,-2.6886,36,470,2126,-0.0209,-0.0039,6.5441,3.5875,47,265
0.180,0.2,0.431,-0.902,0.048,2416,0,157.0,165,-0.0527,0.0305,-1.3459,6.0434,25,5,0,-0.0558,0.0057,-0.9346,-6.3938,0,0,2320,-0.0166,0.0036,1.5332,-2.8497,-40,773,2182,-0.0196,0.0014,1.9771,3.3753,53,619
0.200,0.3,-0.770,-0.902,0.000,2619,0,161.1,0,-0.0563,0.0703,-1.2516,6.4531,0,0,0,-0.0576,-0.0132,-1.5852,-6.5985,0,0,2317,-0.0166,-0.0127,-4.4627,-2.8583,67,494,2260,-0.0179,0.0007,-4.3296,3.0764,44,387
0.220,0.6,-1.042,-0.826,-0.036,2816,1,163.7,7,-0.0556,0.0759,-1.3590,6.3731,2,0,7,-0.0556,0.0087,-2.3139,-6.3721,0,-1,2350,-0.0159,0.0794,-6.4962,-2.7337,373,-159,2350,-0.0159,0.2235,-6.4588,2.7322,490,-245
0.240,0.9,-0.515,-0.698,-0.072,2949,1,165.5,259,-0.0510,-0.1251,-0.6489,5.8470,-216,-21,312,-0.0501,-0.0012,0.8817,-5.7381,16,-21,2405,-0.0147,0.0598,-3.5366,-2.5240,1262,-595,2448,-0.0137,0.2724,-3.6235,2.3605,2089,-579
0.260,1.1,0.234,-0.544,-0.108,3008,1,166.3,650,-0.0439,-0.2055,0.4135,5.0329,721,-23,754,-0.0420,-0.0361,2.0738,-4.8173,-54,14,2472,-0.0132,0.5080,1.1600,-2.2664,2414,-471,2557,-0.0113,1.6651,0.9985,1.9429,2790,-295
0.280,1.2,0.323,-0.382,-0.135,2991,1,166.1,1117,-0.0354,0.3359,0.9410,4.0607,-1249,-17,1273,-0.0326,-0.0064,2.0382,-3.7359,25,89,2548,-0.0115,1.3267,2.8121,-1.9773,2743,-178,2676,-0.0087,4.0636,2.6800,1.4901,2361,-31
0.300,1.4,1.219,-0.226,-0.153,2896,1,165.0,1613,-0.0264,-1.4142,-1.5732,3.0256,1789,-12,1808,-0.0229,0.0621,1.6687,-2.6196,142,349,2634,-0.0096,5.7727,4.3478,-1.6502,2135,13,2793,-0.0061,11.5870,4.2765,1.0412,1901,10
0.320,1.4,0.820,-0.082,-0.155,2889,1,165.0,2100,-0.0176,2.0188,-2.0044,2.0126,-2275,-83,2320,-0.0136,-0.0620,-0.8927,-1.5539,371,257,2724,-0.0076,8.5305,2.9615,-1.3068,1833,15,2904,-0.0036,16.0291,2.9686,0.6188,1900,10
0.340,1.6,1.594,0.039,-0.152,2945,1,165.1,2555,-0.0093,-3.2560,-3.6962,1.0640,2691,-145,2778,-0.0052,-0.3134,-4.5516,-0.5985,395,-99,2810,-0.0057,9.8395,4.1312,-0.9752,1865,14,2993,-0.0016,17.8268,4.1666,0.2770,1947,9
0.360,1.6,0.015,0.139,-0.136,3060,1,166.3,2945,-0.0022,2.9829,0.2723,0.2505,-2999,-192,3165,0.0018,-0.5411,-0.2463,0.2069,-107,-439,2891,-0.0039,10.2570,1.5400,-0.6687,1910,15,3070,0.0001,20.5197,1.3816,-0.0174,1991,8
0.380,1.9,0.780,0.209,-0.121,3095,1,167.8,3272,0.0038,-4.4241,0.1988,-0.4306,3459,-181,3469,0.0073,-0.2543,-0.2109,0.8396,-795,-350,2960,-0.0023,7.4037,3.5131,-0.4024,1956,15,3121,0.0012,20.1446,3.4469,-0.2110,2020,6
0.400,2.0,-0.768,0.258,-0.096,3191,1,169.1,3514,0.0081,2.9164,3.7480,-0.9336,-3206,-29,3688,0.0113,0.2977,3.5764,1.2966,-521,-66,3019,-0.0010,5.3765,0.9444,-0.1791,1996,16,3161,0.0021,18.9746,0.9472,-0.3654,2044,6
0.420,2.3,0.551,0.280,-0.075,3212,1,169.4,3687,0.0113,-2.6922,0.7508,-1.2954,3219,66,3825,0.0138,0.3685,0.8174,1.5820,131,394,3064,0.0000,3.7416,2.3356,-0.0077,2032,15,3176,0.0025,17.1897,2.3587,-0.4222,2055,4
0.440,2.4,0.078,0.283,-0.051,3273,1,179.7,3780,0.0130,1.1054,0.3185,-1.4879,-3391,58,3888,0.0150,0.2014,0.4237,1.7137,432,354,3096,0.0007,3.4757,1.1731,0.1156,2065,18,3185,0.0026,16.2956,1.1814,-0.4544,2062,6
0.460,2.7,1.347,0.268,-0.035,3361,1,198.2,3812,0.0136,-1.9615,-1.8263,-1.5546,3569,66,3886,0.0149,0.1460,-1.8849,1.7091,393,291,3115,0.0011,3.1338,2.0732,0.1899,2087,17,3176,0.0025,14.9846,2.1634,-0.4217,2059,4
0.480,2.8,0.594,0.245,-0.015,3475,1,221.3,3785,0.0131,1.2141,-1.2304,-1.4987,-3789,-11,3835,0.0140,0.1819,-1.1353,1.6026,284,-55,3124,0.0013,3.2076,1.1983,0.2238,2103,20,3165,0.0022,14.3228,1.2292,-0.3796,2054,7
0.500,3.2,1.748,0.209,-0.005,3610,1,249.5,3729,0.0121,-3.2008,-2.1044,-1.3814,1012,-342,3751,0.0125,0.2113,-2.3469,1.4276,-47,-261,3124,0.0013,3.0166,2.5872,0.2217,2109,20,3142,0.0017,13.2198,2.7175,-0.2909,2042,6
0.520,3.3,0.242,0.170,0.009,3758,1,284.5,3635,0.0103,2.0276,0.3910,-1.1860,3902,-135,3643,0.0105,0.1344,0.6565,1.2024,-432,-295,3117,0.0011,3.3384,0.8913,0.1973,2109,19,3124,0.0013,12.9045,0.8879,-0.2219,2033,5
0.540,3.6,0.761,0.122,0.016,4116,1,338.7,3525,0.0084,-1.8846,-0.1194,-0.9580,-3766,-112,3513,0.0081,-0.0174,0.0343,0.9324,-514,-268,3106,0.0009,3.2019,2.0100,0.1546,2097,20,3096,0.0007,12.1589,2.0475,-0.1162,2017,7
0.560,3.8,0.241,0.074,0.023,4491,1,389.4,3395,0.0060,0.2166,0.9528,-0.6870,3642,-12,3372,0.0056,-0.1420,1.1097,0.6388,-246,-87,3094,0.0006,6.4105,1.2680,0.1071,2077,15,3075,0.0002,14.2220,1.2622,-0.0348,2003,5
0.580,4.0,0.154,0.027,0.028,4938,1,432.1,3261,0.0036,-0.1650,0.7959,-0.4076,-3533,8,3228,0.0029,-0.0618,0.7797,0.3377,278,-21,3080,0.0003,6.2951,1.4137,0.0552,2060,15,3053,-0.0003,13.8445,1.4471,0.0496,1990,6
0.600,4.2,1.015,-0.017,0.028,5416,1,468.5,3130,0.0012,-1.4681,0.0443,-0.1348,2794,165,3090,0.0004,0.0843,0.1465,0.0498,103,109,3066,0.0000,6.1126,1.8911,0.0011,2040,12,3033,-0.0007,13.5311,1.9467,0.1264,1976,5
0.620,4.3,0.396,-0.051,0.030,5876,1,487.0,3007,-0.0011,1.1052,0.4553,0.1221,2506,183,2967,-0.0018,0.0341,0.5211,-0.2060,-283,130,3052,-0.0003,8.4073,1.0907,-0.0510,2023,10,3019,-0.0010,14.8189,1.1134,0.1768,1968,5
0.640,4.6,1.031,-0.076,0.028,6350,1,491.3,2909,-0.0028,-0.6902,-0.4471,0.3265,-2975,92,2866,-0.0036,-0.0458,-0.3896,-0.4164,-171,78,3038,-0.0006,7.4530,1.6454,-0.1039,2009,11,3003,-0.0014,13.9995,1.7088,0.2388,1957,6
0.660,4.8,1.308,-0.089,0.023,6821,1,490.7,2833,-0.0042,-0.6148,-0.5869,0.4839,2534,54,2793,-0.0049,-0.0272,-0.6128,-0.5671,40,22,3026,-0.0009,9.1877,1.6479,-0.1504,1997,9,2994,-0.0016,15.1427,1.6865,0.2754,1951,5
0.680,5.0,0.759,-0.087,0.021,7285,1,471.2,2788,-0.0051,0.7784,-0.1417,0.5789,1024,-21,2754,-0.0057,0.0324,-0.1184,-0.6491,30,-50,3015,-0.0011,8.6133,1.2010,-0.1928,1986,8,2988,-0.0017,14.6227,1.2369,0.2982,1947,5
0.700,5.2,0.929,-0.075,0.018,7436,1,-180.7,2781,-0.0052,-0.1843,-0.2619,0.5927,-2408,-67,2750,-0.0057,0.0256,-0.2637,-0.6569,-157,-102,3005,-0.0013,8.3325,1.4514,-0.2318,1980,8,2980,-0.0019,14.4243,1.4879,0.3281,1942,5
0.720,5.4,1.067,-0.058,0.013,7397,1,-180.6,2799,-0.0048,-0.7045,-0.1892,0.5553,-368,-79,2774,-0.0053,-0.0308,-0.1839,-0.6079,-208,-95,2997,-0.0015,8.2700,1.5738,-0.2623,1978,8,2976,-0.0020,14.0419,1.6135,0.3412,1941,5
0.740,5.6,0.739,-0.035,0.010,7441,1,-180.6,2835,-0.0042,-0.0602,0.1991,0.4804,1792,-29,2817,-0.0045,-0.0397,0.1971,-0.5188,-37,-58,2992,-0.0016,8.2763,1.3091,-0.2830,1975,8,2976,-0.0020,13.4519,1.3353,0.3406,1943,5
0.760,5.8,0.460,-0.010,0.008,7471,1,-180.6,2886,-0.0033,0.4422,0.4147,0.3747,901,21,2872,-0.0035,0.0110,0.3901,-0.4036,82,-13,2988,-0.0017,8.8486,1.0963,-0.2975,1972,7,2976,-0.0020,13.2109,1.1153,0.3409,1944,5
0.780,6.0,0.561,0.015,0.006,7334,1,-180.5,2944,-0.0022,0.1712,0.2588,0.2535,-1256,57,2933,-0.0024,0.0388,0.2545,-0.2766,-32,27,2985,-0.0018,7.5582,1.1479,-0.3076,1973,8,2976,-0.0020,11.5873,1.1693,0.3422,1947,5
0.800,6.2,0.844,0.038,0.003,7394,1,502.2,3003,-0.0011,-0.2285,-0.0084,0.1308,-1395,74,2995,-0.0013,0.0093,0.2120,-0.1477,-215,89,2984,-0.0018,7.3563,1.2453,-0.3122,1973,8,2977,-0.0020,10.8015,1.2738,0.3374,1951,5
0.820,6.4,1.022,0.057,0.001,7433,1,502.8,3058,-0.0001,-0.2928,-0.1794,0.0167,-199,58,3053,-0.0002,-0.0322,-0.1167,-0.0262,-199,82,2984,-0.0018,7.5699,1.2396,-0.3111,1975,7,2980,-0.0019,10.5169,1.2704,0.3253,1955,5
0.840,6.6,1.011,0.073,0.000,7452,1,504.0,3106,0.0007,-0.0657,-0.1974,-0.0839,842,11,3104,0.0007,-0.0297,-0.1465,0.0806,-40,46,2986,-0.0018,7.4786,1.1449,-0.3058,1977,7,2984,-0.0018,9.9606,1.1701,0.3107,1960,5
0.860,6.8,0.902,0.085,0.000,7503,1,504.7,3147,0.0015,0.1441,-0.1231,-0.1696,700,-36,3147,0.0015,0.0029,-0.1068,0.1692,56,-3,2988,-0.0017,7.7822,1.0550,-0.2980,1978,7,2987,-0.0017,9.7136,1.0772,0.2985,1964,6
0.880,7.0,0.815,0.094,0.000,7438,1,-180.6,3180,0.0021,0.1373,-0.0431,-0.2380,-270,-63,3180,0.0021,0.0235,-0.0317,0.2379,-18,-33,2990,-0.0017,7.5787,1.0286,-0.2894,1979,7,2990,-0.0017,9.1189,1.0492,0.2895,1968,6
0.900,7.3,0.789,0.098,0.000,7374,1,514.0,3203,0.0025,-0.0132,0.0202,-0.2866,-749,-58,3203,0.0025,0.0121,0.0362,0.2857,-152,-31,2992,-0.0016,7.4031,1.0384,-0.2804,1982,7,2992,-0.0016,8.5399,1.0607,0.2816,1973,6
0.920,7.5,0.797,0.099,0.000,7330,1,-180.4,3217,0.0027,-0.1026,0.0580,-0.3146,-382,-30,3216,0.0027,-0.0109,0.1847,0.3136,-185,24,2995,-0.0016,7.2728,1.0320,-0.2714,1984,7,2994,-0.0016,8.0225,1.0511,0.2729,1977,6
0.940,7.7,0.794,0.097,0.000,7416,1,513.7,3221,0.0028,-0.0580,0.0669,-0.3247,215,-1,3221,0.0028,-0.0185,0.1131,0.3245,-80,53,2997,-0.0015,6.6828,0.9919,-0.2632,1990,7,2997,-0.0015,7.1401,1.0101,0.2634,1985,7
0.960,7.9,0.789,0.094,0.000,7386,1,516.4,3220,0.0028,0.0331,0.0494,-0.3208,301,14,3220,0.0028,-0.0028,0.1034,0.3208,1,70,2999,-0.0015,5.3502,0.9444,-0.2562,2003,8,2999,-0.0015,5.5495,0.9618,0.2562,2000,8
0.980,8.1,0.820,0.090,0.001,7475,2,510.6,3213,0.0027,0.0522,0.0036,-0.3075,-104,11,3213,0.0027,0.0103,0.0388,0.3066,-36,65,3000,-0.0015,3.9917,0.9206,-0.2510,2028,10,3000,-0.0015,4.2750,0.9380,0.2524,2023,10
1.000,8.3,0.874,0.085,0.001,7512,2,507.7,3204,0.0025,-0.0005,-0.0419,-0.2885,-350,-2,3203,0.0025,0.0059,-0.0304,0.2862,-117,43,3001,-0.0014,4.0385,0.9165,-0.2474,2042,11,3000,-0.0015,4.7382,0.9342,0.2508,2028,10
1.020,8.5,0.907,0.080,0.001,7383,2,515.2,3193,0.0023,-0.0351,-0.0518,-0.2662,-172,-15,3192,0.0023,-0.0054,-0.0208,0.2628,-128,28,3002,-0.0014,5.5712,0.9092,-0.2447,2020,9,3000,-0.0015,6.7225,0.9268,0.2498,2002,8
1.040,8.8,0.910,0.076,0.002,7299,2,520.2,3182,0.0021,-0.0141,-0.0434,-0.2428,66,-25,3180,0.0021,-0.0074,0.1387,0.2386,-84,60,3002,-0.0014,8.3857,0.8908,-0.2431,1986,6,3000,-0.0015,9.8937,0.9080,0.2493,1975,5
1.060,9.0,0.902,0.072,0.002,7380,2,515.4,3172,0.0019,0.0162,-0.0336,-0.2210,34,-33,3169,0.0019,-0.0018,0.0433,0.2158,-34,53,3002,-0.0014,10.6237,0.8746,-0.2428,1968,4,3000,-0.0015,12.2397,0.8910,0.2505,1961,4
1.080,9.2,0.901,0.069,0.003,7534,2,510.4,3163,0.0018,0.0126,-0.0238,-0.2018,-133,-38,3160,0.0017,0.0045,0.0165,0.1958,-55,40,3002,-0.0014,10.8864,0.8698,-0.2445,1968,4,2999,-0.0015,12.6080,0.8858,0.2536,1960,3
1.100,9.4,0.899,0.068,0.005,7475,2,509.8,3155,0.0016,-0.0072,-0.0122,-0.1864,-168,-36,3151,0.0016,0.0019,0.0252,0.1786,-100,33,3001,-0.0014,10.3336,0.8649,-0.2450,1970,4,2998,-0.0015,12.1650,0.9145,0.2567,1960,4
1.120,9.6,0.896,0.066,0.008,7479,2,509.7,3150,0.0015,-0.0113,0.0035,-0.1763,-73,-28,3144,0.0014,-0.0036,0.0679,0.1626,-103,43,3001,-0.0014,9.8447,0.8542,-0.2468,1971,4,2996,-0.0016,11.6986,0.8903,0.2675,1960,4
1.140,9.8,0.914,0.066,0.011,7482,2,515.9,3148,0.0015,-0.0005,0.0019,-0.1706,-22,-21,3137,0.0013,-0.0039,0.1518,0.1477,-78,78,3002,-0.0014,10.0360,0.8449,-0.2442,1972,4,2993,-0.0016,11.7708,0.8971,0.2785,1959,4
1.160,10.0,0.948,0.066,0.015,7384,2,519.9,3147,0.0015,0.0051,-0.0107,-0.1686,-62,-20,3130,0.0012,-0.0010,0.0036,0.1345,-47,57,3002,-0.0014,9.5837,0.8466,-0.2441,1974,4,2988,-0.0017,11.3337,0.9016,0.2952,1957,4
1.180,10.2,0.992,0.067,0.020,7322,2,519.6,3147,0.0015,0.0008,-0.0269,-0.1696,-110,-24,3125,0.0011,0.0023,0.1244,0.1234,-82,81,3001,-0.0014,9.1502,0.8538,-0.2472,1975,4,2983,-0.0018,10.9119,0.9008,0.3166,1955,4
1.200,10.4,1.034,0.067,0.024,7328,2,519.3,3149,0.0015,-0.0043,-0.0349,-0.1731,-100,-30,3120,0.0010,-0.0015,0.0272,0.1140,-89,66,3001,-0.0014,8.7351,0.8630,-0.2487,1975,5,2977,-0.0020,10.5058,0.8939,0.3373,1953,4
1.220,10.6,1.054,0.067,0.028,7330,2,-180.4,3151,0.0016,-0.0032,-0.0318,-0.1778,-68,-37,3116,0.0009,-0.0023,0.0056,0.1058,-76,46,3002,-0.0014,8.9329,0.8704,-0.2412,1977,5,2974,-0.0020,10.5903,0.9080,0.3491,1951,4
1.240,10.8,1.073,0.068,0.031,7351,2,-180.5,3154,0.0016,0.0000,-0.0066,-0.1842,-65,-35,3113,0.0009,-0.0008,0.0287,0.0989,-69,36,3005,-0.0013,8.5218,0.8805,-0.2302,1980,5,2972,-0.0021,10.2018,0.9167,0.3582,1951,4
1.260,11.0,1.099,0.069,0.031,7412,2,-180.5,3156,0.0016,0.0002,0.0106,-0.1888,-73,-28,3111,0.0008,-0.0002,0.0792,0.0954,-80,47,3006,-0.0013,8.7247,0.8971,-0.2276,1981,5,2969,-0.0021,10.2784,0.9258,0.3676,1950,4
1.280,11.2,1.118,0.070,0.031,7383,2,-180.6,3157,0.0017,-0.0005,0.0139,-0.1898,-85,-20,3112,0.0008,-0.0013,0.0442,0.0966,-80,44,3004,-0.0014,8.2303,0.9133,-0.2365,1981,5,2967,-0.0022,9.8223,0.9459,0.3763,1950,5
1.300,11.4,1.166,0.071,0.029,7447,2,-180.6,3157,0.0017,-0.0016,0.0145,-0.1909,-85,-11,3113,0.0009,-0.0013,0.1496,0.0984,-90,80,3001,-0.0014,8.4187,0.9251,-0.2465,1980,5,2965,-0.0022,9.9141,0.9435,0.3852,1949,5
1.320,11.6,1.226,0.071,0.026,7442,2,-180.7,3157,0.0017,-0.0016,-0.0067,-0.1895,-78,-12,3115,0.0009,-0.0022,0.0997,0.1028,-76,91,2999,-0.0015,8.0532,0.9403,-0.2536,1980,6,2965,-0.0022,9.5668,0.9577,0.3836,1950,5
1.340,11.9,1.283,0.070,0.023,7500,2,-180.6,3155,0.0016,-0.0010,-0.0196,-0.1869,-76,-17,3118,0.0009,-0.0009,0.0708,0.1086,-67,87,2999,-0.0015,8.2394,0.9523,-0.2541,1981,6,2968,-0.0022,9.6480,0.9742,0.3716,1953,5
1.360,12.1,1.326,0.069,0.018,7455,2,-180.7,3154,0.0016,-0.0008,-0.0168,-0.1834,-75,-24,3121,0.0010,0.0000,-0.0125,0.1148,-66,50,2998,-0.0015,7.8906,0.9675,-0.2570,1982,6,2971,-0.0021,9.3070,1.0071,0.3598,1956,5
1.380,12.3,1.320,0.069,0.014,7491,2,-180.7,3151,0.0015,-0.0007,0.0006,-0.1772,-78,-24,3125,0.0011,0.0000,0.0054,0.1234,-81,29,2998,-0.0015,7.7957,0.9752,-0.2598,1983,6,2976,-0.0020,9.1996,1.0042,0.3405,1960,5
1.400,12.5,1.317,0.069,0.009,7382,2,520.4,3148,0.0015,-0.0010,0.0280,-0.1724,-81,-14,3128,0.0011,-0.0013,0.0420,0.1307,-86,27,2996,-0.0015,7.4655,0.9772,-0.2642,1984,6,2980,-0.0019,8.8722,0.9985,0.3266,1964,5
1.420,12.7,1.319,0.069,0.006,7315,2,520.3,3145,0.0015,-0.0012,0.0376,-0.1664,-83,-1,3132,0.0012,-0.0017,0.0976,0.1389,-85,50,2994,-0.0016,7.1424,0.9802,-0.2743,1985,7,2983,-0.0018,8.5567,1.0067,0.3156,1967,6
1.440,12.9,1.328,0.069,0.007,7459,2,516.9,3144,0.0014,-0.0013,0.0285,-0.1625,-76,9,3135,0.0013,-0.0017,0.0959,0.1448,-75,69,2992,-0.0016,7.3315,0.9745,-0.2813,1983,7,2985,-0.0018,8.6684,1.1049,0.3079,1969,6
1.460,13.1,1.392,0.069,0.009,7499,2,-180.7,3145,0.0014,-0.0009,0.0151,-0.1650,-78,11,3134,0.0012,-0.0008,0.1192,0.1430,-76,93,2993,-0.0016,7.2427,0.9738,-0.2781,1984,7,2984,-0.0018,8.5592,0.9937,0.3111,1969,6
1.480,13.3,1.457,0.069,0.011,7516,2,-180.7,3146,0.0015,-0.0010,0.0012,-0.1676,-80,5,3133,0.0012,-0.0009,0.0456,0.1405,-72,78,2995,-0.0016,7.2589,0.9858,-0.2704,1987,7,2984,-0.0018,8.3992,1.0245,0.3111,1970,6
1.500,13.5,1.500,0.070,0.012,7534,2,-180.9,3147,0.0015,-0.0012,0.0005,-0.1699,-76,-2,3132,0.0012,-0.0006,0.0128,0.1375,-74,51,2996,-0.0016,7.0143,0.9995,-0.2667,1988,7,2983,-0.0018,8.1174,1.0502,0.3152,1970,6
1.520,13.7,1.523,0.070,0.014,7468,2,-180.6,3148,0.0015,-0.0009,0.0133,-0.1721,-85,-4,3130,0.0012,-0.0007,0.0213,0.1347,-80,35,2995,-0.0016,6.9582,1.0137,-0.2681,1989,7,2981,-0.0019,7.9647,1.0539,0.3242,1971,6
1.540,13.9,1.548,0.071,0.014,7372,2,-180.5,3149,0.0015,-0.0015,0.0330,-0.1739,-74,3,3129,0.0012,-0.0012,0.0402,0.1319,-80,30,2995,-0.0016,6.6445,1.0282,-0.2707,1990,7,2978,-0.0019,7.6003,1.0516,0.3335,1971,7
1.560,14.1,1.584,0.070,0.013,7335,2,520.3,3149,0.0015,-0.0007,0.0423,-0.1731,-76,13,3129,0.0011,-0.0012,0.0966,0.1316,-84,53,2993,-0.0016,6.5553,1.0478,-0.2777,1990,8,2977,-0.0020,7.3970,1.0886,0.3400,1972,7
1.580,14.4,1.628,0.067,0.012,7488,2,513.0,3147,0.0015,-0.0009,0.0369,-0.1702,-90,19,3129,0.0012,-0.0014,0.0933,0.1322,-78,69,2993,-0.0016,6.7403,1.0638,-0.2757,1990,8,2979,-0.0019,7.4059,1.1039,0.3327,1974,7
1.600,14.6,1.688,0.066,0.013,7472,2,-180.7,3146,0.0015,-0.0018,0.0255,-0.1680,-75,20,3128,0.0011,-0.0011,0.1238,0.1307,-79,94,2999,-0.0015,6.6937,1.0726,-0.2553,1994,8,2984,-0.0018,7.2728,1.1672,0.3112,1979,8
1.620,14.8,1.751,0.067,0.016,7379,2,-180.5,3146,0.0015,-0.0007,0.0137,-0.1681,-69,15,3127,0.0011,-0.0011,0.1011,0.1286,-79,101,3001,-0.0014,6.5086,1.0866,-0.2478,1996,8,2985,-0.0018,6.9846,1.2376,0.3069,1981,8
1.640,15.0,1.829,0.066,0.017,7338,2,-180.4,3148,0.0015,-0.0004,0.0141,-0.1718,-85,9,3125,0.0011,-0.0010,0.0234,0.1239,-66,67,3001,-0.0014,6.4270,1.1077,-0.2455,1998,8,2983,-0.0018,6.8082,1.1407,0.3173,1982,8
1.660,15.2,1.860,0.068,0.018,7446,2,514.7,3148,0.0015,-0.0014,0.0234,-0.1726,-77,6,3124,0.0011,-0.0002,0.0295,0.1222,-74,46,3003,-0.0014,6.0800,1.1275,-0.2402,2002,9,2983,-0.0018,6.4016,1.2632,0.3158,1986,9
1.680,15.4,1.887,0.069,0.019,7496,2,-180.7,3149,0.0015,-0.0010,0.0414,-0.1747,-82,13,3124,0.0011,-0.0008,0.0688,0.1206,-87,50,3000,-0.0014,5.6329,1.1454,-0.2492,2007,10,2979,-0.0019,5.8689,1.2135,0.3305,1990,10
1.700,15.6,1.932,0.070,0.021,7431,2,-180.6,3151,0.0015,-0.0012,0.0436,-0.1771,-81,20,3123,0.0010,-0.0017,0.1339,0.1188,-90,84,2998,-0.0015,4.9809,1.1634,-0.2598,2015,11,2975,-0.0020,5.1320,1.1862,0.3471,1997,11
1.720,15.8,2.013,0.070,0.021,7414,3,-180.6,3152,0.0016,-0.0011,0.0417,-0.1797,-74,26,3121,0.0010,-0.0018,0.1397,0.1164,-78,110,2998,-0.0015,4.1273,1.1817,-0.2575,2032,13,2973,-0.0021,4.2236,1.2066,0.3524,2014,13
1.740,16.0,2.125,0.069,0.019,7355,3,519.9,3152,0.0016,-0.0007,0.0269,-0.1799,-83,23,3121,0.0010,-0.0010,0.1859,0.1161,-82,149,2999,-0.0015,3.5479,1.2062,-0.2564,2051,16,2973,-0.0020,3.7421,1.2424,0.3521,2030,16
1.760,16.3,2.216,0.069,0.016,7362,3,518.5,3150,0.0015,-0.0012,0.0068,-0.1754,-78,12,3123,0.0010,-0.0012,0.1084,0.1195,-72,136,2997,-0.0015,3.4885,1.2324,-0.2616,2058,17,2975,-0.0020,3.8424,1.2589,0.3455,2032,16
1.780,16.5,2.308,0.068,0.013,7377,3,516.5,3148,0.0015,-0.0009,-0.0047,-0.1708,-80,-1,3125,0.0011,-0.0007,0.1879,0.1230,-92,165,2997,-0.0015,3.9658,1.2533,-0.2639,2045,16,2978,-0.0020,4.4858,1.2803,0.3357,2019,14
1.800,16.7,2.372,0.069,0.011,7275,3,522.8,3145,0.0014,-0.0010,-0.0015,-0.1661,-79,-13,3126,0.0011,-0.0017,0.0180,0.1262,-58,96,2996,-0.0015,4.7965,1.2757,-0.2643,2024,13,2981,-0.0019,5.4022,1.3323,0.3242,2002,12
1.820,16.9,2.381,0.070,0.010,7181,3,528.7,3143,0.0014,-0.0010,0.0210,-0.1622,-84,-13,3128,0.0011,0.0002,0.0291,0.1300,-64,56,2994,-0.0016,5.6476,1.2990,-0.2754,2005,11,2981,-0.0019,6.2767,1.3973,0.3237,1988,11
1.840,17.1,2.399,0.068,0.011,7094,3,534.1,3143,0.0014,-0.0013,0.0538,-0.1619,-78,4,3129,0.0011,-0.0003,0.1107,0.1315,-92,73,2990,-0.0017,6.5124,1.3212,-0.2885,1991,10,2978,-0.0019,7.1220,1.3849,0.3341,1977,9
1.860,17.3,2.458,0.067,0.010,7014,3,539.2,3144,0.0014,-0.0010,0.0719,-0.1624,-74,25,3128,0.0011,-0.0018,0.1276,0.1303,-88,93,2994,-0.0016,7.3139,1.3452,-0.2731,1985,9,2982,-0.0019,7.9430,1.3738,0.3212,1972,8
1.880,17.5,2.564,0.065,0.009,7235,3,526.4,3143,0.0014,-0.0008,0.0684,-0.1620,-87,40,3128,0.0011,-0.0016,0.2028,0.1308,-86,146,2997,-0.0015,8.0346,1.3810,-0.2628,1981,8,2985,-0.0018,8.6311,1.4203,0.3096,1969,8
1.900,17.7,2.713,0.062,0.006,7434,3,-180.6,3143,0.0014,-0.0014,0.0552,-0.1603,-85,43,3129,0.0012,-0.0014,0.1590,0.1322,-67,157,3000,-0.0015,8.2134,1.4233,-0.2502,1981,8,2989,-0.0017,8.8141,1.5380,0.2924,1970,8
1.920,17.9,2.826,0.061,0.005,7386,3,-180.4,3140,0.0014,-0.0013,0.0423,-0.1552,-68,37,3131,0.0012,-0.0005,0.1498,0.1368,-72,158,3004,-0.0014,7.9776,1.4609,-0.2365,1984,9,2996,-0.0015,8.6387,1.5250,0.2641,1975,9
1.940,18.2,2.933,0.059,0.003,7464,3,515.0,3139,0.0013,-0.0004,0.0464,-0.1538,-72,32,3132,0.0012,-0.0007,0.0745,0.1393,-68,115,3005,-0.0013,7.9292,1.4985,-0.2305,1986,9,3000,-0.0015,8.5818,1.5497,0.2522,1978,9
1.960,18.4,3.008,0.058,0.002,7386,3,517.1,3139,0.0013,-0.0007,0.0642,-0.1520,-82,34,3134,0.0012,-0.0005,0.0724,0.1421,-75,86,3008,-0.0013,7.7552,1.5370,-0.2215,1989,10,3004,-0.0014,8.4316,1.5715,0.2364,1982,9
1.980,18.6,3.064,0.057,0.002,7488,3,511.2,3138,0.0013,-0.0012,0.0857,-0.1502,-83,47,3135,0.0013,-0.0009,0.0918,0.1453,-81,79,3009,-0.0013,7.8063,1.5748,-0.2170,1990,10,3007,-0.0013,8.4265,1.6066,0.2244,1984,9
2.000,18.8,3.148,0.056,0.001,7531,3,-180.7,3138,0.0013,-0.0012,0.1051,-0.1505,-79,65,3136,0.0013,-0.0012,0.1180,0.1459,-80,89,3012,-0.0012,7.7783,1.6114,-0.2061,1992,10,3010,-0.0012,8.3512,1.6521,0.2131,1986,10
2.020,19.0,3.246,0.056,0.002,7510,3,-180.7,3138,0.0013,-0.0011,0.1109,-0.1500,-80,80,3136,0.0013,-0.0012,0.1580,0.1471,-82,119,3013,-0.0012,7.7011,1.6526,-0.1995,1993,10,3012,-0.0012,8.2630,1.6855,0.2038,1988,10
2.040,19.2,3.385,0.055,0.002,7361,3,-180.6,3138,0.0013,-0.0011,0.1164,-0.1517,-78,92,3136,0.0013,-0.0012,0.1420,0.1465,-74,127,3015,-0.0011,7.2980,1.6974,-0.1931,1996,11,3013,-0.0012,7.9532,1.7608,0.2008,1990,11
2.060,19.4,3.555,0.052,-0.001,7340,3,-180.4,3138,0.0013,-0.0010,0.1165,-0.1516,-81,99,3136,0.0013,-0.0009,0.1464,0.1468,-76,134,3017,-0.0011,7.2345,1.7543,-0.1869,1999,12,3015,-0.0011,7.8880,1.9817,0.1940,1992,12
2.080,19.6,3.729,0.051,-0.002,7468,3,514.8,3136,0.0013,-0.0011,0.0980,-0.1471,-76,97,3138,0.0013,-0.0011,0.3397,0.1503,-112,247,3020,-0.0010,7.2576,1.8055,-0.1759,2001,12,3021,-0.0010,7.8737,1.8437,0.1712,1996,11
2.100,19.8,3.938,0.048,-0.002,7385,3,517.1,3136,0.0013,-0.0009,0.0745,-0.1457,-79,81,3138,0.0013,-0.0026,0.1951,0.1517,-69,230,3023,-0.0010,7.1023,1.8598,-0.1646,2004,13,3025,-0.0009,7.7490,1.9407,0.1557,2000,12
2.120,20.1,4.100,0.049,0.000,7459,3,515.3,3136,0.0013,-0.0010,0.0772,-0.1458,-80,67,3138,0.0013,-0.0005,0.1000,0.1504,-42,160,3028,-0.0008,7.0743,1.9118,-0.1432,2008,13,3030,-0.0008,7.6961,2.0389,0.1363,2004,13
2.140,20.3,4.230,0.048,0.001,7525,3,-180.7,3137,0.0013,-0.0011,0.0991,-0.1482,-80,68,3137,0.0013,0.0005,0.1375,0.1488,-76,139,3027,-0.0009,7.1191,1.9768,-0.1489,2007,14,3027,-0.0009,7.7013,2.0874,0.1480,2002,13
2.160,20.5,4.386,0.047,0.003,7500,3,-180.7,3138,0.0013,-0.0011,0.1108,-0.1505,-81,78,3136,0.0013,-0.0012,0.3056,0.1462,-121,224,3029,-0.0008,7.0481,2.0359,-0.1388,2009,14,3028,-0.0008,7.6067,2.1017,0.1453,2003,13
2.180,20.7,4.570,0.046,0.006,7460,3,512.9,3139,0.0013,-0.0011,0.1151,-0.1531,-83,84,3134,0.0012,-0.0028,0.1860,0.1428,-62,201,3033,-0.0007,6.8877,2.1017,-0.1248,2013,15,3029,-0.0008,7.4272,2.1593,0.1404,2005,14
2.200,20.9,4.765,0.046,0.006,7499,3,510.5,3141,0.0014,-0.0012,0.1321,-0.1563,-79,95,3133,0.0012,-0.0003,0.2073,0.1397,-58,200,3036,-0.0007,6.8292,2.1713,-0.1120,2016,16,3030,-0.0008,7.4045,2.2418,0.1369,2006,15
2.220,21.1,4.941,0.045,0.006,7483,3,-180.7,3141,0.0014,-0.0010,0.1454,-0.1569,-78,107,3133,0.0012,-0.0002,0.1643,0.1398,-70,172,3037,-0.0006,6.7464,2.2494,-0.1112,2016,16,3030,-0.0008,7.3019,2.3577,0.1368,2007,16
2.240,21.3,5.121,0.043,0.007,7503,3,510.2,3141,0.0014,-0.0010,0.1609,-0.1576,-86,122,3132,0.0012,-0.0008,0.2258,0.1391,-93,192,3039,-0.0006,6.6992,2.3220,-0.1011,2019,17,3032,-0.0007,7.2264,2.4030,0.1288,2009,16
2.260,21.5,5.311,0.044,0.008,7465,3,512.6,3142,0.0014,-0.0012,0.1843,-0.1586,-76,142,3132,0.0012,-0.0016,0.1918,0.1378,-72,182,3042,-0.0005,6.5875,2.3946,-0.0892,2022,18,3034,-0.0007,7.0951,2.4593,0.1204,2011,17
2.280,21.7,5.531,0.044,0.009,7446,3,514.2,3143,0.0014,-0.0009,0.1984,-0.1603,-78,161,3131,0.0012,-0.0008,0.2455,0.1367,-79,208,3041,-0.0005,6.4360,2.4795,-0.0935,2023,19,3032,-0.0007,6.9453,2.5945,0.1289,2012,18
2.300,22.0,5.764,0.046,0.010,7458,3,513.4,3143,0.0014,-0.0010,0.2113,-0.1614,-82,178,3131,0.0012,-0.0011,0.2247,0.1352,-72,209,3042,-0.0005,6.3889,2.5592,-0.0889,2024,20,3032,-0.0007,6.8606,2.6391,0.1281,2012,19
2.320,22.2,6.034,0.046,0.009,7397,3,518.8,3144,0.0014,-0.0011,0.2241,-0.1630,-86,193,3130,0.0012,-0.0009,0.2495,0.1341,-78,223,3039,-0.0006,6.3008,2.6562,-0.1016,2023,21,3028,-0.0008,6.7280,2.8418,0.1449,2011,21
2.340,22.4,6.296,0.046,0.008,7467,3,512.4,3143,0.0014,-0.0013,0.2317,-0.1611,-94,204,3131,0.0012,-0.0011,0.2561,0.1352,-77,233,3038,-0.0006,6.2373,2.7519,-0.1074,2023,22,3027,-0.0009,6.6563,2.8420,0.1463,2012,21
2.360,22.6,6.572,0.048,0.008,7474,3,-180.7,3142,0.0014,-0.0014,0.2450,-0.1596,-66,217,3131,0.0012,-0.0011,0.2930,0.1354,-81,259,3037,-0.0006,6.1447,2.8447,-0.1107,2023,23,3027,-0.0009,6.5270,2.9251,0.1468,2013,22
2.380,22.8,6.886,0.050,0.008,7373,3,-180.5,3142,0.0014,-0.0005,0.2428,-0.1593,-79,223,3131,0.0012,-0.0013,0.3768,0.1355,-91,323,3034,-0.0007,5.9890,2.9434,-0.1210,2024,24,3025,-0.0009,6.3438,3.0377,0.1568,2013,23
2.400,23.0,7.232,0.054,0.009,7386,3,518.3,3143,0.0014,-0.0010,0.2454,-0.1609,-83,226,3131,0.0012,-0.0016,0.3554,0.1359,-74,341,3029,-0.0008,5.7375,3.0509,-0.1400,2024,26,3019,-0.0010,6.0608,3.1527,0.1774,2013,25
2.420,23.2,7.599,0.059,0.011,7517,3,510.3,3144,0.0014,-0.0012,0.2469,-0.1636,-96,227,3131,0.0012,-0.0010,0.4046,0.1363,-87,378,3023,-0.0010,5.3988,3.1596,-0.1636,2025,28,3012,-0.0012,5.6901,3.3358,0.2046,2014,28
2.440,23.4,7.953,0.065,0.012,7475,3,-180.7,3146,0.0015,-0.0015,0.2586,-0.1664,-71,229,3130,0.0012,-0.0013,0.3088,0.1349,-54,333,3013,-0.0012,4.9584,3.2828,-0.1996,2026,32,3001,-0.0014,5.2107,3.4118,0.2470,2014,31
2.460,23.6,8.268,0.068,0.016,7434,3,-180.6,3147,0.0015,-0.0007,0.2834,-0.1700,-75,241,3130,0.0012,-0.0002,0.3095,0.1336,-68,307,3005,-0.0014,4.4319,3.4071,-0.2331,2031,36,2990,-0.0017,4.6446,3.5544,0.2878,2017,36
2.480,23.8,8.576,0.072,0.023,7383,4,-180.5,3150,0.0015,-0.0009,0.3150,-0.1762,-84,265,3127,0.0011,-0.0008,0.3455,0.1287,-84,314,2999,-0.0015,3.8746,3.5266,-0.2530,2043,43,2981,-0.0019,4.0922,3.8094,0.3242,2024,44
2.500,24.1,8.971,0.072,0.024,7350,4,519.7,3155,0.0016,-0.0012,0.3500,-0.1869,-86,297,3123,0.0010,-0.0013,0.3833,0.1190,-78,337,2996,-0.0015,3.5426,3.6565,-0.2644,2053,49,2970,-0.0021,3.8264,3.9713,0.3663,2026,49
2.520,24.3,9.378,0.069,0.024,7499,4,509.5,3157,0.0017,-0.0012,0.3687,-0.1895,-87,325,3122,0.0010,-0.0011,0.4485,0.1165,-83,390,2997,-0.0015,3.4799,3.8015,-0.2604,2057,53,2969,-0.0022,3.8427,4.0535,0.3699,2026,51
2.540,24.5,9.820,0.066,0.024,7265,4,523.5,3156,0.0016,-0.0012,0.3754,-0.1884,-78,342,3121,0.0010,-0.0013,0.4792,0.1159,-86,435,3003,-0.0014,3.6737,3.9382,-0.2390,2055,52,2975,-0.0020,4.1189,4.1000,0.3477,2023,48
2.560,24.7,10.289,0.062,0.025,7172,4,529.3,3155,0.0016,-0.0009,0.3843,-0.1860,-81,354,3121,0.0010,-0.0013,0.4916,0.1153,-75,462,3008,-0.0013,3.9636,4.0950,-0.2210,2049,50,2980,-0.0019,4.4412,4.2700,0.3271,2018,46
2.580,24.9,10.768,0.058,0.026,7086,4,534.7,3155,0.0016,-0.0010,0.4071,-0.1852,-83,368,3119,0.0010,-0.0008,0.4281,0.1116,-49,429,3016,-0.0011,4.2496,4.2523,-0.1905,2046,49,2987,-0.0018,4.7489,4.4261,0.3011,2015,45
2.600,25.1,11.288,0.053,0.025,7006,4,539.7,3155,0.0016,-0.0010,0.4499,-0.1867,-81,398,3117,0.0009,-0.0002,0.4760,0.1072,-74,439,3023,-0.0009,4.5345,4.4262,-0.1611,2043,48,2992,-0.0016,5.0719,4.7914,0.2803,2012,46
2.620,25.3,11.861,0.048,0.021,6932,4,544.3,3154,0.0016,-0.0010,0.4757,-0.1832,-78,428,3117,0.0009,-0.0012,0.5915,0.1069,-95,515,3032,-0.0007,4.8144,4.6082,-0.1277,2043,47,3002,-0.0014,5.3721,5.0003,0.2423,2013,45
2.640,25.6,12.435,0.046,0.018,6864,4,548.5,3150,0.0015,-0.0009,0.5005,-0.1756,-83,454,3120,0.0010,-0.0016,0.5460,0.1136,-69,520,3039,-0.0006,5.0861,4.8054,-0.1035,2041,46,3014,-0.0011,5.6463,5.0252,0.1964,2016,43
2.660,25.8,13.079,0.045,0.014,6801,4,552.4,3148,0.0015,-0.0011,0.5236,-0.1710,-82,480,3122,0.0010,-0.0009,0.6823,0.1180,-82,607,3042,-0.0005,5.3577,5.0035,-0.0895,2039,46,3021,-0.0010,5.9428,5.2683,0.1691,2017,43
2.680,26.0,13.750,0.046,0.013,6743,4,556.1,3146,0.0015,-0.0011,0.5473,-0.1675,-88,503,3126,0.0011,-0.0012,0.6276,0.1249,-60,609,3043,-0.0005,5.6257,5.2174,-0.0860,2035,46,3026,-0.0009,6.2374,5.4914,0.1498,2016,43
2.700,26.2,14.437,0.049,0.013,6690,4,559.4,3146,0.0015,-0.0012,0.5816,-0.1680,-82,530,3128,0.0011,-0.0005,0.6339,0.1299,-62,608,3040,-0.0006,5.8932,5.4433,-0.0960,2029,45,3026,-0.0009,6.5316,5.7305,0.1533,2012,43
2.720,26.4,15.163,0.052,0.014,6736,4,557.9,3148,0.0015,-0.0010,0.6166,-0.1718,-80,560,3129,0.0012,-0.0007,0.6741,0.1318,-74,628,3037,-0.0006,6.1615,5.6774,-0.1109,2023,45,3021,-0.0010,6.8256,5.9842,0.1709,2006,43
2.740,26.6,15.925,0.055,0.018,7036,4,539.3,3150,0.0015,-0.0010,0.6671,-0.1765,-84,604,3130,0.0012,-0.0011,0.7332,0.1334,-78,671,3032,-0.0008,6.4271,5.9357,-0.1302,2017,45,3015,-0.0011,7.1247,6.2714,0.1948,1999,43
2.760,26.8,16.789,0.058,0.019,7337,4,520.7,3154,0.0016,-0.0011,0.7089,-0.1841,-86,648,3129,0.0011,-0.0013,0.8214,0.1314,-80,743,3028,-0.0008,6.6877,6.1975,-0.1435,2011,45,3007,-0.0013,7.4192,6.5773,0.2224,1991,43
2.780,27.0,17.715,0.061,0.018,7344,4,-180.5,3156,0.0017,-0.0012,0.7494,-0.1893,-86,689,3129,0.0012,-0.0011,0.8144,0.1320,-60,766,3024,-0.0009,6.6691,6.4811,-0.1572,2008,47,3002,-0.0014,7.4443,6.9111,0.2431,1987,45
2.800,27.2,18.643,0.062,0.021,7455,4,512.6,3157,0.0017,-0.0011,0.7923,-0.1907,-76,730,3131,0.0012,-0.0007,0.8404,0.1352,-67,788,3020,-0.0010,6.7732,6.7985,-0.1757,2005,49,2998,-0.0015,7.4951,7.2261,0.2589,1985,47
2.820,27.4,19.664,0.062,0.024,7342,4,519.6,3159,0.0017,-0.0010,0.8406,-0.1950,-98,776,3129,0.0012,-0.0011,1.0050,0.1318,-89,897,3019,-0.0010,6.5781,7.1124,-0.1781,2006,52,2994,-0.0016,7.3333,7.6008,0.2729,1983,50
2.840,27.6,20.758,0.062,0.029,7453,4,512.6,3161,0.0017,-0.0014,0.8838,-0.1996,-74,821,3127,0.0011,-0.0016,1.0676,0.1284,-74,981,3022,-0.0010,6.6464,7.4457,-0.1681,2007,55,2994,-0.0016,7.4022,7.9760,0.2748,1983,52
2.860,27.8,21.931,0.063,0.035,7339,4,519.8,3166,0.0018,-0.0008,0.9250,-0.2096,-79,860,3124,0.0011,-0.0008,1.0207,0.1218,-39,979,3026,-0.0009,6.4401,7.7881,-0.1509,2012,59,2992,-0.0016,7.2455,8.3743,0.2826,1983,56
2.880,28.0,23.129,0.063,0.041,7452,4,512.7,3172,0.0019,-0.0010,1.0001,-0.2206,-89,918,3121,0.0010,0.0000,1.0528,0.1161,-56,988,3028,-0.0008,6.5066,8.1724,-0.1437,2013,61,2987,-0.0017,7.3115,8.7926,0.3005,1979,58
2.900,28.2,24.383,0.064,0.049,7338,4,519.8,3177,0.0020,-0.0012,1.0650,-0.2311,-81,980,3117,0.0009,-0.0008,1.1691,0.1080,-79,1057,3031,-0.0008,6.3170,8.5658,-0.1319,2017,66,2983,-0.0018,7.1669,9.2640,0.3167,1977,62
2.920,28.4,25.774,0.064,0.052,7451,4,512.8,3183,0.0021,-0.0011,1.1775,-0.2441,-87,1074,3113,0.0009,-0.0013,1.2187,0.0983,-67,1110,3035,-0.0007,6.3789,8.9648,-0.1176,2018,69,2978,-0.0020,7.2430,9.8158,0.3362,1974,65
2.940,28.6,27.236,0.065,0.056,7336,4,519.9,3186,0.0022,-0.0014,1.2684,-0.2500,-103,1167,3111,0.0008,-0.0008,1.2937,0.0941,-53,1173,3037,-0.0006,6.1860,9.4200,-0.1081,2022,74,2976,-0.0020,7.0989,10.2874,0.3420,1974,69
2.960,28.8,28.777,0.066,0.062,7449,4,512.9,3188,0.0022,-0.0013,1.2985,-0.2549,-62,1218,3107,0.0008,-0.0009,1.4647,0.0867,-77,1294,3038,-0.0006,6.2579,9.8896,-0.1071,2021,77,2972,-0.0021,7.1716,10.8094,0.3594,1970,72
2.980,29.0,30.471,0.066,0.064,7336,4,520.0,3193,0.0023,-0.0007,1.3995,-0.2648,-93,1294,3103,0.0007,-0.0010,1.4654,0.0787,-44,1335,3040,-0.0006,6.0683,10.3588,-0.0987,2025,83,2967,-0.0022,7.0312,11.4260,0.3777,1968,78
3.000,29.2,32.219,0.065,0.064,7448,4,513.0,3193,0.0023,-0.0013,1.4862,-0.2662,-88,1371,3102,0.0007,-0.0004,1.5691,0.0754,-55,1404,3040,-0.0006,6.1266,10.8892,-0.0966,2024,87,2965,-0.0022,7.1089,12.0200,0.3828,1967,81
3.020,29.4,34.059,0.063,0.066,7333,4,519.5,3192,0.0023,-0.0013,1.6860,-0.2638,-95,1520,3100,0.0006,-0.0008,1.6785,0.0726,-61,1488,3041,-0.0005,5.9575,11.4399,-0.0941,2026,94,2966,-0.0022,6.9661,12.6649,0.3810,1968,87
3.040,29.6,36.021,0.064,0.072,7449,4,-180.7,3194,0.0023,-0.0011,1.7163,-0.2682,-66,1587,3099,0.0006,-0.0011,1.7802,0.0693,-61,1571,3045,-0.0005,6.0009,11.9922,-0.0780,2029,98,2967,-0.0022,7.0549,13.3521,0.3763,1968,90
3.060,29.8,38.120,0.064,0.074,7426,4,514.6,3199,0.0024,-0.0006,1.8055,-0.2770,-76,1656,3095,0.0005,-0.0008,1.9371,0.0621,-47,1678,3049,-0.0004,5.8063,12.5796,-0.0653,2033,106,2964,-0.0023,6.8642,14.1247,0.3876,1967,98
3.080,30.0,40.366,0.062,0.074,7395,4,516.8,3202,0.0025,-0.0014,1.9315,-0.2842,-111,1749,3095,0.0005,-0.0006,2.0817,0.0611,-51,1788,3051,-0.0003,5.7492,13.2312,-0.0571,2035,113,2963,-0.0023,6.8388,14.9874,0.3916,1967,104
3.100,30.1,42.684,0.060,0.073,7425,4,515.2,3202,0.0025,-0.0011,2.0076,-0.2833,-50,1815,3095,0.0005,-0.0008,2.2392,0.0620,-51,1902,3054,-0.0003,5.6359,13.8951,-0.0453,2038,121,2967,-0.0022,6.7347,15.7796,0.3773,1970,112
3.120,30.3,45.136,0.059,0.075,7457,4,513.4,3201,0.0025,-0.0013,2.2342,-0.2822,-127,1958,3097,0.0006,-0.0006,2.3458,0.0645,-41,1992,3058,-0.0002,5.4670,14.5940,-0.0307,2042,131,2972,-0.0021,6.5840,16.6401,0.3572,1974,121
3.140,30.5,47.689,0.061,0.081,7491,4,-180.8,3201,0.0025,-0.0010,2.2984,-0.2822,-30,2034,3093,0.0005,-0.0006,2.5687,0.0560,-44,2116,3059,-0.0001,5.2468,15.3053,-0.0238,2046,143,2971,-0.0021,6.3618,17.5480,0.3630,1975,131
3.160,30.7,50.420,0.059,0.087,7409,4,-180.6,3204,0.0025,-0.0001,2.5058,-0.2889,-84,2162,3088,0.0004,-0.0024,2.8133,0.0462,-90,2259,3059,-0.0002,4.9787,16.0803,-0.0265,2049,158,2963,-0.0023,6.0888,18.6427,0.3906,1972,145
3.180,30.8,53.306,0.058,0.093,7389,4,-180.5,3207,0.0026,-0.0014,2.6681,-0.2937,-86,2276,3081,0.0003,0.0004,3.0024,0.0319,25,2375,3064,0.0000,4.6547,16.8788,-0.0079,2057,177,2961,-0.0023,5.7378,19.6181,0.4007,1974,162
3.200,31.0,56.308,0.055,0.098,7370,4,-180.5,3211,0.0026,-0.0011,2.8213,-0.3020,-75,2378,3077,0.0002,0.0012,3.1792,0.0238,-40,2472,3070,0.0001,4.2799,17.7135,0.0168,2068,202,2961,-0.0023,5.3279,20.6904,0.4006,1978,183
3.220,31.2,59.408,0.054,0.104,7411,5,-180.6,3214,0.0027,-0.0008,3.0661,-0.3099,-71,2512,3073,0.0001,-0.0020,3.5455,0.0144,-58,2615,3078,0.0003,3.8502,18.5556,0.0458,2081,234,2962,-0.0023,4.8587,21.8357,0.3974,1984,211
3.240,31.3,62.654,0.055,0.114,7339,5,-180.4,3220,0.0028,-0.0021,3.4069,-0.3219,-106,2684,3071,0.0001,0.0006,3.6976,0.0104,5,2706,3084,0.0004,3.4788,19.4581,0.0707,2094,272,2962,-0.0023,4.4894,22.9955,0.3965,1989,240
3.260,31.5,66.032,0.056,0.128,7393,5,516.7,3231,0.0030,-0.0014,3.5162,-0.3437,-63,2776,3066,0.0000,-0.0003,3.9881,0.0015,-44,2802,3091,0.0006,3.2714,20.3928,0.0979,2104,305,2957,-0.0024,4.3532,24.2681,0.4154,1987,262
3.280,31.6,69.523,0.055,0.142,7450,5,512.2,3240,0.0032,-0.0007,3.7853,-0.3640,-67,2887,3056,-0.0002,-0.0005,4.3346,-0.0201,-13,2896,3098,0.0007,3.2311,21.3507,0.1252,2108,325,2948,-0.0026,4.4200,25.5845,0.4510,1979,273
3.300,31.7,73.106,0.054,0.155,7348,5,518.3,3248,0.0033,0.0010,4.0784,-0.3801,-29,3001,3043,-0.0004,0.0003,4.8330,-0.0466,-15,3001,3105,0.0009,3.3360,22.3717,0.1520,2107,332,2938,-0.0028,4.6516,27.0481,0.4880,1967,274
3.320,31.8,76.874,0.052,0.167,7249,5,524.5,3257,0.0035,-0.0008,4.3877,-0.3985,-80,3109,3033,-0.0006,0.0009,5.1855,-0.0673,-5,3073,3115,0.0011,3.4544,23.4213,0.1896,2108,336,2932,-0.0030,4.8801,28.5449,0.5093,1959,275
3.340,32.0,80.775,0.050,0.175,7156,5,530.3,3265,0.0036,-0.0022,4.8778,-0.4151,-71,3236,3025,-0.0007,0.0001,5.7205,-0.0856,-9,3140,3126,0.0014,3.5758,24.4768,0.2321,2110,341,2930,-0.0030,5.1218,30.1657,0.5189,1952,276
3.360,32.1,84.789,0.048,0.183,7071,5,535.6,3272,0.0038,0.0008,5.1367,-0.4307,-33,3312,3020,-0.0008,-0.0018,6.2031,-0.0949,-7,3189,3136,0.0016,3.7015,25.6461,0.2674,2110,346,2929,-0.0030,5.3603,31.7419,0.5210,1947,278
3.380,32.2,88.925,0.046,0.187,6993,5,540.5,3277,0.0038,-0.0011,5.5804,-0.4405,-65,3384,3014,-0.0009,0.0054,6.8396,-0.1076,19,3228,3144,0.0017,3.8321,26.8219,0.2999,2111,350,2929,-0.0030,5.6211,33.4538,0.5223,1943,279
3.400,32.3,93.021,0.047,0.196,6920,5,545.0,3279,0.0039,0.0008,6.1357,-0.4455,-31,3449,3010,-0.0010,-0.0006,7.5990,-0.1169,6,3256,3149,0.0019,3.9677,28.0865,0.3201,2109,355,2929,-0.0030,5.8991,35.1328,0.5235,1939,280
3.420,32.3,97.272,0.051,0.201,6853,5,549.2,3285,0.0040,-0.0011,6.6339,-0.4579,-48,3498,3003,-0.0011,0.0034,8.3960,-0.1295,20,3267,3152,0.0019,4.1288,29.3895,0.3305,2105,357,2921,-0.0032,6.1927,36.9758,0.5506,1930,280
3.440,32.4,101.488,0.058,0.204,6791,5,553.1,3289,0.0041,0.0015,7.3092,-0.4663,-25,3537,3000,-0.0012,0.0008,9.4441,-0.1362,32,3267,3147,0.0018,4.2835,30.7053,0.3106,2097,359,2910,-0.0035,6.5245,38.8914,0.5931,1920,278
3.460,32.4,105.752,0.062,0.204,6734,5,556.7,3293,0.0041,-0.0004,8.0298,-0.4739,-28,3561,2999,-0.0012,0.0036,10.5137,-0.1381,26,3253,3137,0.0016,4.4396,32.0440,0.2735,2087,360,2897,-0.0037,6.9144,41.0418,0.6444,1907,276
3.480,32.5,109.996,0.066,0.205,6681,5,560.0,3295,0.0042,0.0016,8.6783,-0.4769,-18,3568,3000,-0.0012,0.0058,11.5767,-0.1358,31,3231,3130,0.0014,4.6137,33.4532,0.2458,2078,361,2889,-0.0039,7.2817,42.9213,0.6733,1899,274
3.500,32.5,114.216,0.066,0.205,6632,5,563.0,3297,0.0042,0.0002,9.6445,-0.4811,-3,3564,3001,-0.0012,0.0061,12.8067,-0.1352,46,3199,3124,0.0013,4.7978,34.9221,0.2217,2069,362,2882,-0.0041,7.7510,45.1933,0.7028,1891,270
3.520,32.5,118.345,0.069,0.211,6587,5,565.8,3296,0.0042,0.0036,10.4301,-0.4809,-19,3548,3001,-0.0012,0.0069,14.0980,-0.1353,52,3160,3123,0.0013,4.9936,36.4111,0.2187,2065,363,2881,-0.0041,8.2419,47.2034,0.7058,1888,266
3.540,32.5,122.491,0.069,0.219,6545,5,568.4,3301,0.0043,0.0013,11.2405,-0.4903,37,3531,2997,-0.0013,0.0088,15.8840,-0.1439,64,3105,3122,0.0012,5.2117,37.9802,0.2135,2059,362,2872,-0.0043,8.7079,49.3320,0.7378,1880,262
3.560,32.5,126.523,0.068,0.227,6506,5,570.8,3306,0.0044,0.0039,12.4932,-0.5018,-15,3500,2991,-0.0013,0.0107,17.5013,-0.1544,52,3049,3126,0.0014,5.4348,39.5208,0.2323,2059,362,2869,-0.0044,9.2820,51.4642,0.7521,1875,256
3.580,32.5,130.495,0.064,0.233,6470,5,572.3,3311,0.0045,0.0063,13.4983,-0.5109,22,3467,2984,-0.0015,0.0152,19.4452,-0.1690,77,2986,3132,0.0015,5.6831,41.1348,0.2543,2059,361,2865,-0.0045,9.9561,53.8183,0.7657,1870,250
3.600,32.5,134.379,0.058,0.237,6565,5,568.0,3314,0.0045,0.0061,14.7280,-0.5167,43,3425,2979,-0.0016,0.0171,21.5960,-0.1808,86,2922,3141,0.0017,5.9613,42.8244,0.2896,2061,360,2868,-0.0044,10.6967,56.0865,0.7567,1869,243
3.620,32.5,138.150,0.047,0.239,6713,5,558.8,3314,0.0045,0.0073,16.0132,-0.5172,44,3379,2973,-0.0017,0.0209,23.9842,-0.1931,92,2858,3154,0.0020,6.2846,44.6061,0.3390,2065,357,2875,-0.0042,11.6159,58.5209,0.7264,1872,234
3.640,32.4,141.922,0.038,0.243,6839,5,415.5,3310,0.0044,0.0063,10.6431,-382.7868,-89,3497,2966,-0.0018,0.0095,21.3394,-300.5681,0,2861,3173,0.0024,6.5237,46.0441,0.4088,2073,357,2891,-0.0039,12.4292,60.4600,0.6672,1880,228
3.660,32.4,145.795,0.031,0.245,6833,5,91.3,3306,0.0044,0.0087,12.0310,-382.7773,129,3500,2956,-0.0020,0.0319,23.8472,-300.5897,69,2824,3187,0.0027,6.7594,47.7096,0.4632,2079,358,2900,-0.0037,13.2671,62.7354,0.6310,1884,222
3.680,32.4,149.577,0.026,0.251,6523,5,-94.1,3299,0.0042,0.0057,8.6967,-639.9861,-57,3562,2945,-0.0022,0.0248,23.4202,-502.7147,84,2807,3196,0.0029,6.5703,49.3878,0.4967,2083,381,2907,-0.0035,13.5585,65.0099,0.6076,1886,226
3.700,32.3,153.420,0.026,0.253,6323,5,-73.7,3296,0.0042,0.0062,6.6569,-845.6149,93,3547,2935,-0.0024,0.0182,23.2980,-664.3069,41,2798,3202,0.0030,6.5399,51.0196,0.5227,2085,397,2907,-0.0035,14.1994,67.3029,0.6057,1885,223
3.720,32.3,157.216,0.027,0.256,6099,5,-65.9,3294,0.0042,0.0020,8.0767,-845.6106,40,3550,2929,-0.0025,0.0387,26.8183,-664.3182,102,2753,3201,0.0030,6.5156,52.7717,0.5180,2082,410,2903,-0.0036,14.8535,69.5703,0.6209,1882,221
3.740,32.3,160.697,0.027,0.254,5849,5,-64.1,3294,0.0042,0.0066,3.6850,-1196.4110,89,3102,2926,-0.0025,0.0182,25.5852,-939.9545,46,2747,3198,0.0029,6.4572,54.5396,0.5060,2077,427,2897,-0.0037,15.7860,71.9371,0.6442,1877,215
3.760,32.2,163.776,0.024,0.253,5570,5,-62.1,3291,0.0041,0.0008,5.3544,-1196.4040,11,3083,2925,-0.0026,0.0455,29.9998,-939.9556,106,2701,3197,0.0029,6.3716,56.2974,0.5013,2073,446,2898,-0.0037,16.7918,74.1055,0.6406,1876,209
3.780,32.1,166.981,0.019,0.250,5319,5,-60.4,3286,0.0040,0.0030,7.3391,-1196.3950,100,3394,2923,-0.0026,0.0506,34.2099,-939.9615,136,2641,3198,0.0030,6.3509,58.1135,0.5072,2071,462,2901,-0.0037,18.4605,76.3758,0.6298,1877,197
3.800,32.0,170.380,0.015,0.242,5114,5,99.4,3278,0.0039,0.0299,30.0721,-0.4416,394,3154,2917,-0.0027,0.2717,54.9969,-0.3088,522,2429,3202,0.0030,6.3719,59.8458,0.5214,2070,475,2907,-0.0035,21.1796,78.6951,0.6041,1880,180
3.820,31.8,173.256,0.018,0.240,4947,5,169.9,3267,0.0037,0.0147,31.8285,-0.4190,83,2992,2919,-0.0027,0.0934,60.3910,-0.3058,404,2387,3200,0.0030,6.5253,61.7309,0.5120,2066,479,2915,-0.0033,25.3449,80.9183,0.5751,1883,157
3.840,31.7,176.166,0.023,0.238,4807,5,213.4,3268,0.0037,0.0435,33.9959,-0.4217,87,2905,2923,-0.0026,-0.0060,65.9765,-0.2969,234,2375,3196,0.0029,6.7824,63.5994,0.4982,2062,476,2914,-0.0034,33.9652,83.4501,0.5798,1880,123
3.860,31.5,179.141,0.031,0.244,4705,5,285.0,3275,0.0038,0.0638,36.1392,-0.4356,154,2852,2931,-0.0024,0.0548,72.2163,-0.2795,133,2358,3191,0.0028,7.1511,65.5995,0.4786,2057,467,2910,-0.0035,50.6161,85.6966,0.5941,1875,88
3.880,31.3,182.292,0.041,0.242,4642,5,343.0,3288,0.0040,0.0728,38.6821,-0.4628,190,2815,2936,-0.0024,0.2666,77.9619,-0.2701,111,2338,3187,0.0027,7.6850,67.4990,0.4619,2053,448,2899,-0.0037,91.2042,87.6564,0.6375,1864,50
3.900,31.0,185.385,0.049,0.239,4609,5,389.9,3300,0.0043,0.0767,41.0787,-0.4875,195,2788,2951,-0.0021,0.8598,83.3129,-0.2391,211,2320,3175,0.0024,8.4312,69.5953,0.4193,2046,423,2890,-0.0039,91.7460,87.6901,0.6705,1859,45
3.920,30.8,188.410,0.053,0.227,4600,5,428.1,3306,0.0044,0.0898,43.7332,-0.5018,209,2760,2962,-0.0019,0.7219,83.2986,-0.2154,318,2294,3166,0.0022,9.3583,71.5233,0.3847,2040,393,2885,-0.0040,69.1932,86.9381,0.6910,1856,51
3.940,30.6,191.248,0.054,0.214,4611,5,459.2,3301,0.0043,0.0942,46.4211,-0.4909,202,2727,2974,-0.0017,0.4536,81.2260,-0.1900,350,2282,3154,0.0020,10.6498,73.5689,0.3367,2032,356,2886,-0.0040,39.7379,84.6582,0.6847,1860,87
3.960,30.3,194.026,0.056,0.203,4637,5,484.6,3290,0.0041,0.1065,49.2328,-0.4685,200,2692,2982,-0.0015,0.2320,74.3357,-0.1747,328,2280,3142,0.0017,12.2955,75.4906,0.2914,2025,318,2889,-0.0039,27.6338,82.2494,0.6734,1865,128
3.980,30.0,196.802,0.060,0.192,4676,5,505.4,3281,0.0039,0.1238,52.1619,-0.4491,206,2659,2989,-0.0014,0.1777,67.4854,-0.1591,295,2285,3131,0.0015,14.6933,77.6037,0.2507,2018,275,2892,-0.0038,21.3658,79.8488,0.6616,1869,166
4.000,29.8,199.611,0.060,0.186,4725,5,522.5,3279,0.0039,0.1515,55.6642,-0.4451,227,2631,3002,-0.0012,0.1920,60.2201,-0.1323,277,2296,3122,0.0013,18.0611,79.6458,0.2156,2011,232,2895,-0.0038,17.5784,77.4725,0.6505,1873,199
4.020,29.5,202.432,0.061,0.183,4783,5,536.6,3272,0.0037,0.1592,58.9525,-0.4292,229,2603,3004,-0.0011,0.1942,53.8242,-0.1281,275,2306,3116,0.0011,22.9632,81.5982,0.1916,2006,189,2897,-0.0037,15.1403,75.1467,0.6443,1875,226
4.040,29.1,205.304,0.059,0.181,4848,5,548.3,3270,0.0037,0.1959,63.2529,-0.4268,243,2580,3007,-0.0011,0.1992,47.1670,-0.1218,298,2323,3112,0.0010,31.2581,83.6157,0.1781,2001,145,2897,-0.0038,13.2422,72.7081,0.6448,1876,251
4.060,28.8,208.138,0.058,0.178,4919,5,558.0,3261,0.0036,0.2118,67.5849,-0.4070,242,2554,3001,-0.0012,0.1835,41.2183,-0.1348,328,2343,3108,0.0009,49.5391,85.8386,0.1630,1995,97,2896,-0.0038,11.8337,70.1826,0.6497,1877,273
4.080,28.5,210.977,0.059,0.179,4996,5,566.1,3253,0.0034,0.2285,72.2970,-0.3901,232,2533,2996,-0.0013,0.1611,35.2804,-0.1442,361,2378,3104,0.0009,95.5221,87.7543,0.1475,1989,53,2894,-0.0038,10.8030,67.7197,0.6541,1878,289
4.100,28.1,213.917,0.058,0.183,5077,5,572.9,3252,0.0034,0.3242,78.4139,-0.3890,231,2519,2994,-0.0013,0.1317,29.5174,-0.1493,386,2430,3102,0.0008,98.0131,87.7269,0.1401,1987,45,2891,-0.0039,10.0136,65.3630,0.6674,1877,302
4.120,27.7,216.923,0.056,0.188,5162,5,578.7,3252,0.0034,0.2837,80.0906,-0.3874,223,2506,2988,-0.0014,0.0997,24.1335,-0.1618,394,2502,3103,0.0008,100.5708,87.6848,0.1442,1988,44,2888,-0.0040,9.3965,62.9869,0.6796,1877,310
4.140,27.4,219.999,0.052,0.192,5220,5,436.3,3252,0.0034,-0.0785,78.6184,-343.2820,74,2505,2981,-0.0015,0.0578,23.8131,-269.5921,285,2574,3107,0.0009,61.0196,86.0287,0.1575,1991,61,2886,-0.0040,8.8087,60.4911,0.6873,1877,318
4.160,26.9,223.093,0.049,0.196,5147,5,108.4,3251,0.0034,0.3978,76.7599,-562.6503,11,2497,2974,-0.0017,0.0623,21.9000,-441.9707,229,2630,3113,0.0011,39.4337,83.7355,0.1826,1998,96,2887,-0.0040,8.1629,58.1170,0.6817,1880,330
4.180,26.5,226.246,0.042,0.198,4876,5,-76.4,3252,0.0034,0.9133,71.4113,-734.3442,163,2484,2969,-0.0018,0.0722,19.6120,-576.8813,267,2680,3121,0.0012,30.0471,81.9307,0.2111,2005,126,2890,-0.0039,7.3456,55.5636,0.6720,1884,350
4.200,26.1,229.306,0.035,0.202,4624,5,-59.7,3244,0.0032,0.5760,54.1765,-734.3278,323,2460,2959,-0.0019,0.0694,15.0339,-576.9024,389,2746,3128,0.0014,23.3399,79.7617,0.2395,2012,162,2895,-0.0038,6.6840,53.1872,0.6506,1891,370
4.220,25.6,232.417,0.029,0.206,4377,5,-53.7,3238,0.0031,0.2889,32.6202,-734.3167,402,2457,2948,-0.0021,0.0410,10.8657,-576.9262,422,2854,3137,0.0016,19.5017,77.9208,0.2728,2019,191,2899,-0.0037,6.1364,50.7442,0.6362,1896,385
4.240,25.1,235.500,0.023,0.210,4131,5,-51.9,3233,0.0030,0.0210,20.5253,-1123.6600,376,2488,2937,-0.0023,0.0279,12.0478,-882.8704,222,2914,3146,0.0018,16.5864,75.9930,0.3070,2026,222,2904,-0.0036,5.6645,48.5208,0.6188,1902,400
4.260,24.7,238.715,0.017,0.218,3883,5,-50.2,3236,0.0031,-0.0487,3.4791,-1123.6660,317,2571,2933,-0.0024,0.0369,8.0018,-882.8786,344,3002,3160,0.0021,14.6520,74.3522,0.3606,2036,247,2912,-0.0034,5.2252,45.9806,0.5865,1911,413
4.280,24.1,242.041,0.014,0.220,3634,5,-48.4,3242,0.0032,-0.0674,-9.3883,-1123.6790,223,2725,2929,-0.0025,0.0168,4.0456,-882.8872,391,3122,3177,0.0025,12.7025,72.1738,0.4257,2047,279,2921,-0.0032,4.8404,43.6634,0.5535,1921,426
4.300,23.6,245.566,0.009,0.209,3385,5,-46.6,3249,0.0033,0.0038,-12.7104,-1540.0020,205,2945,2932,-0.0024,0.0233,5.8286,-1209.9790,209,3156,3189,0.0027,11.4453,70.4731,0.4718,2055,304,2930,-0.0030,4.5087,41.3976,0.5196,1932,436
4.320,23.1,249.181,0.007,0.189,3135,5,-44.9,3243,0.0032,-0.0077,-20.7075,-1539.9890,321,3307,2943,-0.0022,0.0144,1.9499,-1209.9560,431,3176,3192,0.0028,10.4532,68.8991,0.4839,2058,326,2947,-0.0026,4.1902,39.0153,0.4544,1948,447
4.340,22.5,252.734,0.006,0.178,2883,5,-43.1,3233,0.0030,-0.0574,-20.0514,-1965.5340,227,3189,2961,-0.0019,0.0181,3.8650,-1544.2940,267,3215,3188,0.0027,9.6578,67.5442,0.4680,2056,346,2966,-0.0022,3.8955,36.5749,0.3820,1966,456
4.360,22.1,252.388,0.008,0.181,2629,5,-41.3,3229,0.0030,0.0210,-24.2139,-1965.5260,224,-3383,2972,-0.0017,0.0044,0.8790,-1544.2710,300,3112,3187,0.0027,8.8481,65.9118,0.4637,2056,367,2977,-0.0020,3.6524,34.2013,0.3395,1981,460
4.380,21.9,249.274,0.010,0.193,2359,5,-39.4,3233,0.0030,-0.0083,-26.4637,-1965.5350,142,-3370,2972,-0.0017,0.0049,-1.7174,-1544.2690,180,2220,3187,0.0027,7.9328,63.6179,0.4644,2057,395,2974,-0.0020,3.3813,31.8963,0.3500,1987,466
4.400,21.7,245.618,0.018,0.205,2106,5,-37.6,3238,0.0031,0.0070,-28.7876,-1965.5450,142,-3162,2960,-0.0019,0.0002,-3.6613,-1544.2950,120,59,3186,0.0027,7.1713,61.3422,0.4596,2057,422,2959,-0.0024,3.1444,29.7596,0.4078,1986,468
4.420,21.6,239.635,0.027,0.209,1879,5,61.3,3252,0.0034,-0.2814,-64.1176,-0.3886,-931,-2595,2957,-0.0020,-0.0350,-32.3838,-0.2255,-343,-2825,3183,0.0026,6.4683,58.8841,0.4475,2057,450,2942,-0.0028,2.9493,27.6355,0.4737,1984,466
4.440,21.4,233.706,0.037,0.209,1687,5,121.4,3265,0.0036,0.2650,-64.9397,-0.4145,-334,-2678,2964,-0.0019,-0.0139,-34.0353,-0.2122,-46,-2674,3175,0.0024,5.9429,56.4411,0.4161,2053,471,2928,-0.0030,2.7935,25.4478,0.5239,1986,458
4.460,21.1,228.240,0.044,0.205,1593,5,134.6,3272,0.0038,0.3247,-66.3654,-0.4306,187,-2637,2971,-0.0017,-0.0274,-35.6912,-0.1978,-21,-2610,3162,0.0021,5.4916,54.1265,0.3689,2048,488,2915,-0.0033,2.6341,23.4784,0.5736,1988,450
4.480,20.8,222.994,0.048,0.198,1546,5,133.2,3274,0.0038,0.1007,-68.2921,-0.4352,328,-2578,2979,-0.0016,-0.0425,-37.6029,-0.1798,-59,-2575,3150,0.0019,4.9474,51.9199,0.3210,2042,511,2908,-0.0035,2.4229,21.4450,0.6014,1995,449
4.500,20.5,217.808,0.050,0.193,1558,5,133.4,3269,0.0037,-0.1421,-69.6529,-0.4239,225,-2557,2984,-0.0015,-0.0519,-39.4126,-0.1695,-90,-2548,3137,0.0016,4.2452,49.6894,0.2742,2035,551,2904,-0.0036,2.1510,19.4636,0.6160,2007,459
4.520,20.2,212.557,0.053,0.186,1634,5,135.4,3264,0.0036,-0.3057,-71.5364,-0.4124,18,-2540,2986,-0.0015,-0.0578,-41.1673,-0.1662,-105,-2523,3128,0.0014,3.3578,47.2854,0.2382,2028,614,2901,-0.0037,1.8101,17.4775,0.6297,2024,482
4.540,20.0,207.174,0.057,0.183,1774,5,139.2,3253,0.0034,-0.3015,-72.8660,-0.3904,-124,-2509,2986,-0.0015,-0.0627,-42.7839,-0.1666,-112,-2501,3113,0.0011,2.1788,44.7139,0.1820,2011,706,2895,-0.0038,1.3919,15.4295,0.6533,2050,531
4.560,19.7,201.577,0.058,0.183,1861,4,142.0,3251,0.0034,-0.2240,-74.5785,-0.3855,-165,-2490,2988,-0.0014,-0.0695,-44.6279,-0.1627,-120,-2482,3104,0.0009,0.9455,41.8394,0.1463,1987,832,2889,-0.0039,1.0081,13.3400,0.6759,2093,622
4.580,19.4,195.762,0.058,0.193,1719,4,138.4,3248,0.0033,-0.1193,-75.9627,-0.3809,-134,-2480,2985,-0.0015,-0.0788,-46.4472,-0.1687,-133,-2460,3100,0.0008,0.3211,38.5470,0.1310,1941,1037,2884,-0.0040,0.8776,11.1770,0.6935,2144,693
4.600,19.1,189.805,0.054,0.206,1338,4,122.9,3252,0.0034,-0.0614,-77.4749,-0.3887,-79,-2477,2975,-0.0016,-0.0917,-48.3300,-0.1890,-153,-2432,3103,0.0008,0.4772,34.5072,0.1442,1877,1256,2877,-0.0042,1.0064,9.1260,0.7224,2175,641
4.620,18.8,183.911,0.050,0.219,725,4,83.4,3256,0.0035,-0.0979,-79.3525,-0.3976,-40,-2474,2960,-0.0019,-0.0870,-49.8514,-0.2205,-142,-2406,3114,0.0011,1.5318,29.8612,0.1850,1878,1310,2871,-0.0043,1.3745,6.6203,0.7421,2163,458
4.640,18.5,178.390,0.043,0.228,299,4,84.3,3258,0.0035,-0.1471,-80.7306,-0.4001,-16,-2468,2942,-0.0023,-0.0981,-51.6695,-0.2584,-148,-2377,3124,0.0013,2.2144,24.5681,0.2224,1974,1119,2865,-0.0045,1.4647,4.4724,0.7652,2127,304
4.660,18.2,173.167,0.039,0.237,72,4,84.8,3254,0.0034,-0.2632,-82.1843,-0.3915,-20,-2459,2926,-0.0025,-0.1056,-53.4268,-0.2919,-154,-2350,3135,0.0015,1.2185,18.2873,0.2635,2018,1051,2866,-0.0044,1.1465,2.0509,0.7617,2153,245
4.680,17.8,167.956,0.035,0.248,0,4,85.0,3258,0.0035,-0.4054,-83.7410,-0.3998,-45,-2456,2916,-0.0027,-0.1144,-55.2255,-0.3109,-162,-2329,3146,0.0018,0.5409,10.5565,0.3080,2039,1090,2867,-0.0044,1.0498,-0.3203,0.7582,2200,191
4.700,17.5,162.819,0.032,0.254,0,4,85.0,3263,0.0036,-0.5832,-85.3853,-0.4120,-86,-2454,2906,-0.0029,-0.1132,-56.8646,-0.3316,-156,-2310,3158,0.0021,0.4236,-0.7664,0.3525,2069,1124,2866,-0.0044,1.0880,-2.7516,0.7629,2221,105
4.720,17.2,157.776,0.031,0.256,0,4,85.0,3267,0.0037,-0.5530,-86.0140,-0.4197,-122,-2449,2901,-0.0030,-0.1180,-58.5581,-0.3433,-153,-2295,3166,0.0022,-0.0133,-17.6451,0.3852,2123,1128,2867,-0.0044,1.0372,-5.2060,0.7594,2229,9
4.740,16.9,152.835,0.031,0.255,0,4,85.0,3271,0.0037,-0.3571,-85.9975,-0.4283,-123,-2448,2903,-0.0030,-0.1273,-60.4041,-0.3386,-157,-2286,3171,0.0024,-0.1843,-39.0685,0.4042,2222,1095,2870,-0.0043,1.1234,-7.7781,0.7461,2230,-90
4.760,16.6,148.154,0.032,0.245,0,4,85.0,3273,0.0038,-0.2434,-85.9733,-0.4325,-90,-2446,2906,-0.0029,-0.1267,-62.0336,-0.3317,-153,-2278,3174,0.0024,-1.0081,-48.9379,0.4137,2399,1069,2874,-0.0043,1.1228,-10.3663,0.7326,2225,-189
4.780,16.2,143.669,0.029,0.227,0,4,85.0,3271,0.0037,-0.4759,-85.9279,-0.4280,-76,-2442,2918,-0.0027,-0.1354,-63.9545,-0.3082,-154,-2277,3171,0.0023,-1.7276,-54.6662,0.4011,2756,1099,2882,-0.0041,1.1674,-12.8978,0.7033,2213,-280
4.800,15.9,138.739,0.028,0.213,0,4,85.0,3256,0.0035,-0.6977,-85.8917,-0.3964,-122,-2426,2928,-0.0025,-0.1377,-65.7538,-0.2861,-153,-2276,3164,0.0022,-1.1124,-59.0686,0.3743,-1946,554,2896,-0.0038,1.1074,-16.0571,0.6494,2199,-368
4.820,15.5,136.340,0.034,0.165,0,4,85.0,3245,0.0033,-0.6021,-84.9197,-0.3734,-185,-2410,2938,-0.0023,-0.1112,-66.8596,-0.2651,-136,-2277,3156,0.0020,-0.4781,-59.6274,0.3448,476,-3363,2905,-0.0036,0.8449,-17.4340,0.6129,2214,-512
4.840,15.0,134.763,0.051,0.086,0,4,85.0,3220,0.0028,-0.3588,-83.3816,-0.3216,-211,-2388,2983,-0.0015,-0.0914,-68.2339,-0.1720,-112,-2304,3124,0.0013,-0.0542,-56.1609,0.2215,59,-3287,2930,-0.0030,0.7815,-17.7925,0.5189,2228,-633
4.860,14.5,132.932,0.070,-0.014,9,4,85.0,3188,0.0022,-0.2227,-81.3407,-0.2550,-208,-2365,3064,0.0000,-0.0804,-69.5691,-0.0025,-88,-2358,3065,0.0000,-0.0312,-46.6977,-0.0024,-25,-3070,2964,-0.0023,0.8055,-18.1985,0.3888,2247,-750
4.880,14.0,130.860,0.096,-0.127,0,4,85.0,3143,0.0014,-0.1119,-79.8878,-0.1615,-176,-2336,3163,0.0018,-0.0842,-70.9863,0.2027,-71,-2424,2990,-0.0017,-0.1659,-37.0522,-0.2886,-177,-2903,3006,-0.0013,0.6970,-18.5487,0.2268,2268,-854
4.900,13.5,128.582,0.122,-0.244,0,4,85.0,3089,0.0004,-0.0802,-78.2260,-0.0484,-139,-2301,3271,0.0037,-0.0949,-72.3540,0.4281,-64,-2496,2894,-0.0038,-0.2283,-30.6354,-0.6543,-324,-2749,3043,-0.0005,0.6105,-18.3626,0.0848,2286,-953
4.920,13.0,126.151,0.145,-0.354,0,4,85.0,3025,-0.0007,-0.0907,-76.5461,0.0841,-108,-2259,3377,0.0057,-0.0989,-73.6155,0.6485,-59,-2566,2791,-0.0061,-0.2121,-25.8822,-1.0498,-454,-2602,3078,0.0003,0.5463,-19.0424,-0.0491,2297,-1065
4.940,12.5,123.647,0.165,-0.452,15,4,85.0,2961,-0.0019,-0.1124,-75.0103,0.2172,-90,-2217,3471,0.0074,-0.1153,-75.0011,0.8442,-62,-2627,2694,-0.0083,-0.1861,-20.3428,-1.4206,-612,-2463,3111,0.0010,0.5332,-19.1249,-0.1716,2303,-1187
4.960,12.0,121.120,0.181,-0.536,6,4,85.0,2896,-0.0031,-0.1414,-73.3073,0.3544,-88,-2173,3547,0.0087,-0.1069,-76.2448,1.0020,-59,-2675,2600,-0.0104,-0.1376,-16.6782,-1.7794,-717,-2344,3132,0.0015,0.2783,-19.0616,-0.2554,2290,-1349
4.980,11.5,118.701,0.193,-0.601,4,4,85.0,2833,-0.0042,-0.1448,-71.9316,0.4853,-90,-2131,3604,0.0098,-0.1032,-77.5234,1.1222,-54,-2711,2517,-0.0122,-0.0539,-12.8178,-2.0962,-724,-2284,3148,0.0018,0.0082,-18.2214,-0.3149,2240,-1592
5.000,11.0,116.705,0.206,-0.661,0,4,85.0,2783,-0.0051,-0.1510,-70.2761,0.5879,-99,-2099,3649,0.0106,-0.0757,-78.4648,1.2154,-40,-2738,2453,-0.0136,-0.1926,-8.5716,-2.3408,-812,-2224,3161,0.0021,-0.1585,-16.3809,-0.3643,2058,-2031
5.020,10.5,115.389,0.219,-0.712,0,4,85.0,2748,-0.0058,-0.1465,-68.5821,0.6609,-108,-2078,3700,0.0115,-0.0800,-79.7319,1.3219,-29,-2770,2399,-0.0148,0.0452,-4.2445,-2.5477,-859,-2208,3177,0.0025,-0.7334,-12.4869,-0.4264,981,-2974
5.040,9.9,115.874,0.232,-0.770,97,4,84.8,2725,-0.0062,-0.1378,-66.7616,0.7107,-117,-2066,3749,0.0124,-0.0349,-80.4165,1.4248,-12,-2801,2353,-0.0158,0.3011,1.4361,-2.7229,-109,-2451,3191,0.0028,0.0721,-3.6202,-0.4804,-361,-3205
5.060,9.3,116.633,0.244,-0.833,119,4,84.7,2697,-0.0067,-0.1255,-64.8726,0.7687,-120,-2052,3806,0.0135,-0.0317,-81.1909,1.5424,11,-2836,2304,-0.0169,-0.2598,7.1087,-2.9076,32,-2508,3212,0.0033,1.4096,8.4382,-0.5590,1513,-2886
5.080,8.8,114.917,0.248,-0.875,79,4,84.8,2665,-0.0073,-0.1027,-63.0367,0.8344,-116,-2036,3865,0.0145,-0.1512,-82.4839,1.6651,15,-2873,2255,-0.0180,-0.0767,10.4580,-3.0953,-1364,-2083,3237,0.0038,0.1264,19.0891,-0.6540,2530,-1988
5.100,8.3,113.520,0.248,-0.899,93,4,84.8,2642,-0.0077,-0.0818,-61.1832,0.8830,-106,-2027,3902,0.0152,-0.2026,-83.2534,1.7426,3,-2895,2228,-0.0186,0.2030,13.3690,-3.1995,719,-1346,3259,0.0043,-0.7056,31.7796,-0.7390,-1828,-2913
5.120,8.0,109.878,0.239,-0.886,87,4,84.8,2633,-0.0079,-0.0593,-59.4809,0.9011,-92,-2029,3928,0.0157,-0.2861,-83.4675,1.7969,-19,-2908,2220,-0.0188,-0.1170,14.7112,-3.2299,-1400,1268,3280,0.0048,-0.0584,40.8277,-0.8170,3479,77
5.140,8.0,100.980,0.223,-0.782,165,4,84.7,2641,-0.0077,0.0002,-59.0619,0.8847,-60,-2044,3917,0.0155,-0.2845,-83.1151,1.7728,-59,-2896,2245,-0.0182,0.0548,10.9623,-3.1340,503,2283,3289,0.0050,1.3722,35.1538,-0.8522,826,3328
5.160,8.1,90.713,0.197,-0.616,89,4,84.8,2708,-0.0065,0.0173,-58.0707,0.7454,-24,-2101,3835,0.0140,-0.2428,-82.7027,1.6020,-84,-2836,2331,-0.0163,-0.1198,5.5193,-2.8057,-1130,2256,3253,0.0042,-0.7170,15.9624,-0.7152,2265,2670
5.180,8.1,80.442,0.167,-0.387,162,4,84.7,2808,-0.0047,0.0349,-57.8842,0.5368,14,-2181,3695,0.0114,-0.2204,-82.2618,1.3112,-94,-2737,2465,-0.0133,0.1039,-0.7991,-2.2935,577,2421,3191,0.0028,0.4463,-10.3093,-0.4785,-180,3437
5.200,8.1,70.660,0.131,-0.111,117,4,84.8,2945,-0.0022,0.0065,-57.2275,0.2517,34,-2287,3502,0.0079,-0.4044,-81.6780,0.9101,-133,-2600,2636,-0.0095,0.0192,-6.6635,-1.6400,-1221,1688,3092,0.0006,-0.9838,-31.0026,-0.1026,2178,2255
5.220,8.0,65.403,0.095,0.149,149,4,84.7,3096,0.0006,-0.0516,-56.2669,-0.0636,21,-2404,3255,0.0034,-0.2790,-81.1962,0.3952,-166,-2423,2831,-0.0052,-0.1661,-8.6364,-0.8956,-328,-550,2961,-0.0023,0.6993,-35.6024,0.3981,2497,-925
5.240,7.6,64.295,0.059,0.332,157,4,84.7,3221,0.0028,-0.1132,-54.1252,-0.3244,-30,-2502,3007,-0.0011,-0.0194,-80.5896,-0.1215,-148,-2249,3004,-0.0014,0.0449,-5.1039,-0.2335,-272,-2028,2829,-0.0052,-0.0904,-24.5491,0.9023,42,-2891
5.260,7.2,64.692,0.030,0.432,173,4,84.6,3279,0.0039,-0.1215,-52.0083,-0.4455,-89,-2552,2802,-0.0048,0.1590,-79.6019,-0.5501,-86,-2106,3124,0.0013,-0.0338,0.3962,0.2247,-731,-2148,2733,-0.0074,0.0790,-1.8286,1.2687,1892,-2307
5.280,6.8,64.917,0.015,0.447,205,4,84.6,3286,0.0040,-0.0877,-49.6266,-0.4592,-126,-2566,2663,-0.0073,0.1562,-78.5727,-0.8382,-28,-2009,3186,0.0027,-0.0493,5.5689,0.4615,-328,-1184,2677,-0.0086,0.2371,18.6081,1.4846,-372,-2562
5.300,6.5,63.115,0.012,0.412,289,3,84.4,3254,0.0034,-0.0271,-47.5980,-0.3920,-121,-2555,2610,-0.0083,-0.0173,-76.9488,-0.9494,0,-1971,3189,0.0028,-0.0386,8.0896,0.4729,155,814,2663,-0.0090,0.1616,27.8095,1.5394,-1150,-576
5.320,6.5,56.426,0.018,0.383,210,3,84.5,3215,0.0027,0.0326,-45.7680,-0.3118,-73,-2542,2623,-0.0081,-0.2780,-73.1869,-0.9230,-21,-1981,3163,0.0022,0.0007,6.2727,0.3738,233,2167,2679,-0.0086,-0.2412,17.8469,1.4784,2463,1287
5.340,6.5,47.980,0.028,0.387,242,3,84.5,3201,0.0025,0.0671,-44.5956,-0.2826,-6,-2547,2650,-0.0076,-0.3815,-68.4202,-0.8664,-78,-2002,3142,0.0017,0.0907,1.9586,0.2909,-531,2355,2691,-0.0083,-0.0258,3.3732,1.4325,172,2292
5.360,6.5,40.058,0.043,0.401,224,3,84.5,3226,0.0029,0.0441,-43.0274,-0.3344,48,-2578,2669,-0.0072,-0.3327,-63.4718,-0.8254,-131,-2017,3141,0.0017,-0.0360,-2.8110,0.2881,-104,1748,2686,-0.0084,-0.0422,-6.7160,1.4516,1923,1595
5.380,6.5,33.609,0.059,0.412,238,3,84.5,3271,0.0037,-0.0187,-41.0717,-0.4270,48,-2626,2693,-0.0068,-0.2038,-58.2719,-0.7761,-165,-2037,3149,0.0018,0.0031,-5.8134,0.3176,-266,309,2676,-0.0087,-0.0049,-11.4114,1.4871,565,759
5.400,6.3,30.042,0.076,0.388,239,3,84.5,3322,0.0047,-0.0818,-38.2714,-0.5342,-2,-2681,2729,-0.0061,-0.0350,-53.4915,-0.7013,-166,-2071,3158,0.0021,-0.0106,-5.7440,0.3529,81,-1244,2673,-0.0087,-0.0005,-9.9698,1.5003,1341,-724
5.420,6.2,28.416,0.094,0.317,251,3,84.5,3350,0.0052,-0.0920,-34.7975,-0.5928,-73,-2721,2791,-0.0050,0.1241,-49.0011,-0.5724,-128,-2130,3148,0.0018,0.0140,-2.5864,0.3143,-108,-1877,2690,-0.0083,0.0564,-4.6844,1.4335,918,-1475
5.440,6.0,27.067,0.112,0.208,247,3,84.5,3342,0.0050,-0.0480,-31.0788,-0.5758,-115,-2739,2886,-0.0033,0.1893,-44.0694,-0.3739,-54,-2219,3106,0.0009,-0.0054,1.1392,0.1552,13,-1697,2733,-0.0074,0.0205,1.4323,1.2694,1180,-1466
5.460,5.9,24.811,0.131,0.089,255,3,84.5,3307,0.0044,0.0165,-27.1521,-0.5037,-100,-2744,3008,-0.0011,0.1074,-38.1664,-0.1205,7,-2327,3041,-0.0006,0.0130,3.9010,-0.0953,-36,-880,2796,-0.0060,0.0510,5.7375,1.0316,986,-909
5.480,5.8,20.734,0.149,-0.016,253,3,84.5,3262,0.0036,0.0555,-22.9015,-0.4082,-35,-2749,3133,0.0012,-0.0461,-31.1558,0.1404,15,-2442,2966,-0.0022,0.0013,4.6423,-0.3811,54,206,2861,-0.0046,0.0203,6.4178,0.7828,1019,53
5.500,5.8,14.986,0.164,-0.086,259,3,84.5,3218,0.0028,0.0409,-18.4125,-0.3180,34,-2762,3241,0.0032,-0.1695,-23.3709,0.3659,-41,-2553,2896,-0.0038,0.0112,2.8726,-0.6477,146,855,2915,-0.0034,0.0369,3.8033,0.5759,911,773
5.520,5.9,8.676,0.172,-0.120,258,3,84.5,3192,0.0023,-0.0156,-13.3971,-0.2640,46,-2796,3316,0.0046,-0.1781,-15.5234,0.5224,-139,-2648,2845,-0.0049,0.0014,-0.0056,-0.8426,229,883,2947,-0.0026,0.0110,-0.0151,0.4550,813,868
5.540,5.9,2.862,0.176,-0.130,260,3,84.5,3182,0.0021,-0.0543,-7.7933,-0.2424,-12,-2856,3354,0.0053,-0.0662,-8.0596,0.6018,-211,-2732,2821,-0.0054,0.0029,-2.3615,-0.9352,333,454,2962,-0.0023,0.0101,-2.7605,0.3962,739,402
5.560,5.9,-1.842,0.175,-0.129,263,3,84.4,3186,0.0022,-0.0240,-1.5673,-0.2514,-79,-2947,3373,0.0056,0.0735,-1.5066,0.6407,-188,-2834,2816,-0.0055,0.0092,-3.8135,-0.9524,407,-280,2969,-0.0021,0.0126,-3.7007,0.3685,657,-344
5.580,5.9,-5.328,0.172,-0.143,264,3,84.4,3189,0.0022,0.0342,5.1880,-0.2571,-54,-3069,3375,0.0056,0.1155,4.7964,0.6455,-33,-2969,2820,-0.0055,0.0091,-3.0320,-0.9390,449,-857,2972,-0.0021,0.0071,-2.7274,0.3564,608,-920
5.600,6.0,-8.289,0.167,-0.173,267,3,84.4,3176,0.0020,0.0088,12.0272,-0.2297,24,-3216,3381,0.0057,-0.0102,10.6575,0.6580,76,-3139,2816,-0.0055,0.0107,-1.0180,-0.9530,485,-1044,2984,-0.0018,0.0087,-0.9340,0.3105,578,-1101
5.620,6.1,-11.544,0.160,-0.205,269,3,84.4,3148,0.0015,-0.0310,18.8004,-0.1709,-65,-3367,3397,0.0060,-0.0979,15.9198,0.6902,-147,-3366,2802,-0.0059,0.0080,0.9385,-1.0066,515,-865,3006,-0.0013,0.0070,0.7761,0.2276,540,-899
5.640,6.3,-15.458,0.149,-0.235,271,3,84.4,3114,0.0009,0.0391,25.8421,-0.1013,8,-3252,3410,0.0063,0.0809,20.8217,0.7168,-235,-3635,2788,-0.0062,0.0074,2.0963,-1.0586,580,-458,3030,-0.0008,0.0060,1.5945,0.1354,491,-457
5.660,6.4,-19.118,0.138,-0.252,274,3,84.4,3073,0.0001,-0.0167,30.9319,-0.0164,-215,439,3412,0.0063,-0.0896,24.0513,0.7220,45,-2964,2776,-0.0064,0.0060,1.8347,-1.1060,612,-44,3053,-0.0003,0.0072,1.2605,0.0476,418,-21
5.680,6.4,-17.365,0.131,-0.249,276,3,84.4,3042,-0.0004,-0.0318,28.0800,0.0491,-20,3204,3404,0.0062,0.0163,22.1327,0.7060,371,2629,2773,-0.0065,0.0007,1.1547,-1.1194,587,225,3069,0.0001,0.0110,0.6542,-0.0133,497,221
5.700,6.3,-12.837,0.127,-0.226,279,3,84.4,3030,-0.0006,0.0035,20.4076,0.0738,-135,3291,3389,0.0059,0.0233,16.9465,0.6728,-206,3616,2778,-0.0064,0.0071,0.0959,-1.0998,518,294,3071,0.0001,0.0137,0.0931,-0.0202,534,291
5.720,6.3,-8.192,0.129,-0.183,280,3,84.4,3041,-0.0005,-0.0083,12.4078,0.0521,-41,3275,3366,0.0055,-0.0227,10.9607,0.6265,97,3640,2793,-0.0061,0.0030,-0.4738,-1.0399,461,243,3060,-0.0001,0.0077,-0.4162,0.0221,582,233
5.740,6.3,-3.269,0.130,-0.131,282,3,84.4,3076,0.0002,-0.0119,4.7708,-0.0220,-130,3314,3340,0.0050,0.0065,4.4987,0.5711,-134,3612,2819,-0.0055,0.0040,-0.6012,-0.9422,409,131,3035,-0.0007,0.0076,-0.5563,0.1185,645,116
5.760,6.4,1.718,0.135,-0.074,283,3,84.4,3117,0.0009,0.0097,-2.2421,-0.1060,-57,3385,3305,0.0044,-0.0029,-2.3117,0.4990,84,3559,2849,-0.0048,0.0024,-0.3288,-0.8270,342,50,3003,-0.0014,0.0046,-0.3964,0.2376,705,21
5.780,6.5,6.773,0.140,-0.018,286,3,84.4,3167,0.0018,-0.0075,-8.4863,-0.2111,-128,3354,3273,0.0038,0.0058,-9.3077,0.4319,-131,3271,2882,-0.0041,0.0033,0.0822,-0.7020,279,35,2969,-0.0022,0.0068,0.0460,0.3708,783,4
5.800,6.5,10.622,0.145,0.031,287,3,84.4,3217,0.0028,-0.0012,-12.8808,-0.3158,-22,2219,3243,0.0032,-0.0320,-14.8995,0.3690,-28,1404,2913,-0.0034,0.0023,0.3997,-0.5828,219,97,2934,-0.0029,0.0007,0.5362,0.5030,823,88
5.820,6.6,10.161,0.147,0.068,289,3,84.4,3263,0.0036,0.0097,-12.6316,-0.4119,-18,-1117,3219,0.0028,-0.0019,-14.7625,0.3191,29,-1885,2941,-0.0028,0.0060,0.3547,-0.4775,257,176,2904,-0.0036,-0.0026,0.5296,0.6166,809,194
5.840,6.6,5.869,0.148,0.095,293,3,84.4,3298,0.0042,0.0015,-8.4074,-0.4832,-38,-2792,3200,0.0024,0.0120,-9.1572,0.2801,-124,-3015,2963,-0.0023,0.0098,-0.2044,-0.3903,322,143,2884,-0.0040,0.0028,-0.2585,0.6948,740,155
5.860,6.6,0.878,0.146,0.106,294,3,84.4,3321,0.0046,-0.0044,-2.5333,-0.5325,-23,-3052,3184,0.0021,-0.0159,-2.5700,0.2462,-105,-3129,2982,-0.0019,0.0087,-0.8993,-0.3199,378,-41,2869,-0.0044,0.0011,-0.7674,0.7494,670,11
5.880,6.7,-3.514,0.142,0.106,298,3,84.4,3330,0.0048,0.0011,3.3243,-0.5498,-16,-2665,3176,0.0020,0.0078,3.2294,0.2308,-37,-2793,2992,-0.0016,0.0108,-1.1865,-0.2809,438,-283,2867,-0.0044,0.0080,-1.0801,0.7595,636,-214
5.900,6.7,-6.180,0.138,0.096,299,3,84.4,3324,0.0047,0.0016,7.6630,-0.5375,-56,-1257,3171,0.0019,0.0067,7.1325,0.2204,-110,-1528,2995,-0.0016,0.0075,-0.8373,-0.2701,449,-448,2870,-0.0043,0.0084,-0.8253,0.7459,597,-388
5.920,6.8,-5.823,0.135,0.075,302,3,84.4,3308,0.0044,-0.0035,8.2371,-0.5057,-85,835,3170,0.0019,-0.0080,7.5800,0.2184,-76,521,2991,-0.0017,0.0042,-0.1470,-0.2858,432,-470,2878,-0.0042,0.0119,-0.1223,0.7167,631,-406
5.940,6.8,-3.050,0.134,0.051,303,3,84.4,3288,0.0040,-0.0042,5.3123,-0.4624,-75,2046,3179,0.0021,-0.0056,5.0484,0.2364,-9,1793,2979,-0.0019,0.0015,0.7485,-0.3314,369,-291,2890,-0.0039,0.0124,0.7304,0.6703,679,-236
5.960,6.9,0.183,0.133,0.035,305,3,84.4,3265,0.0036,0.0014,1.2305,-0.4151,-65,2243,3191,0.0023,0.0045,1.2775,0.2623,-14,2059,2963,-0.0023,0.0007,1.2172,-0.3904,326,11,2903,-0.0036,0.0136,1.3114,0.6197,732,67
5.980,6.9,2.609,0.135,0.029,308,3,84.4,3249,0.0033,0.0017,-2.2004,-0.3826,-81,1757,3199,0.0024,0.0017,-2.3124,0.2788,-58,1596,2953,-0.0025,0.0029,0.9757,-0.4313,307,261,2912,-0.0034,0.0150,1.0095,0.5871,754,303
6.000,7.0,3.511,0.135,0.030,309,3,84.4,3248,0.0033,-0.0022,-4.1578,-0.3791,-67,668,3205,0.0025,-0.0044,-4.2727,0.2914,-75,558,2948,-0.0026,0.0029,0.3119,-0.4500,301,350,2913,-0.0034,0.0092,0.5114,0.5816,747,421
6.020,7.0,2.617,0.137,0.037,328,3,84.3,3250,0.0034,-0.0025,-4.0121,-0.3839,-41,-505,3207,0.0026,-0.0050,-4.1130,0.2940,-57,-569,2948,-0.0026,-0.0041,-0.5066,-0.4489,302,242,2913,-0.0034,-0.0075,-0.4959,0.5837,681,310
6.040,7.0,0.804,0.138,0.043,388,3,84.2,3256,0.0035,0.0002,-2.2845,-0.3957,-20,-1152,3202,0.0025,0.0009,-2.2752,0.2842,-37,-1182,2950,-0.0026,0.0025,-1.0382,-0.4404,18,-2,2907,-0.0035,-0.0062,-1.0077,0.6076,87,68
6.060,7.0,-0.893,0.142,0.041,502,2,84.0,3259,0.0035,0.0009,-0.0022,-0.4038,-36,-1176,3197,0.0024,0.0023,0.1069,0.2734,-62,-1171,2951,-0.0026,0.0999,-1.0688,-0.4388,468,-257,2900,-0.0037,0.1316,-1.0420,0.6344,798,-195
6.080,7.1,-2.051,0.143,0.030,432,2,84.1,3261,0.0036,0.0030,1.9058,-0.4081,-66,-703,3202,0.0025,0.0028,1.9843,0.2840,-85,-673,2945,-0.0027,-0.0484,-0.7222,-0.4598,473,-408,2897,-0.0038,-0.0633,-0.6930,0.6459,1122,-348
6.100,7.2,-1.969,0.143,0.014,483,2,84.0,3254,0.0034,-0.0040,2.5703,-0.3931,-85,14,3211,0.0026,-0.0053,2.4839,0.3019,-67,26,2937,-0.0028,0.0320,-0.0666,-0.4895,665,-407,2902,-0.0036,0.0668,-0.0603,0.6264,1051,-357
6.120,7.3,-1.126,0.142,-0.003,461,2,84.0,3243,0.0032,-0.0033,2.0226,-0.3691,-61,585,3223,0.0029,-0.0015,2.0232,0.3270,-40,597,2927,-0.0031,-0.0087,0.4629,-0.5294,461,-268,2910,-0.0034,-0.0123,0.4941,0.5926,986,-220
6.140,7.3,0.022,0.141,-0.015,482,2,84.0,3229,0.0030,-0.0003,0.7572,-0.3414,-53,793,3233,0.0030,0.0001,0.7867,0.3493,-43,812,2918,-0.0033,0.0121,0.7153,-0.5654,587,-65,2921,-0.0032,0.0341,0.7357,0.5536,1115,-24
6.160,7.4,0.797,0.139,-0.021,479,2,84.0,3219,0.0028,0.0022,-0.4063,-0.3192,-61,659,3240,0.0032,0.0011,-0.3930,0.3633,-54,683,2912,-0.0034,0.0034,0.5839,-0.5866,484,107,2929,-0.0030,0.0096,0.6019,0.5205,1014,141
6.180,7.5,1.021,0.137,-0.020,488,2,84.0,3213,0.0027,-0.0003,-0.9735,-0.3073,-85,352,3243,0.0032,-0.0008,-1.0854,0.3688,-71,347,2911,-0.0034,0.0087,0.1170,-0.5902,556,156,2935,-0.0029,0.0213,0.1306,0.4979,1090,185
6.200,7.5,0.687,0.133,-0.016,491,2,84.0,3210,0.0026,-0.0044,-1.2454,-0.3018,-53,-44,3240,0.0032,-0.0024,-1.2428,0.3628,-62,-47,2914,-0.0034,0.0078,-0.3527,-0.5805,523,83,2938,-0.0028,0.0131,-0.2834,0.4891,1022,124
6.220,7.6,0.080,0.131,-0.011,496,2,84.0,3210,0.0026,-0.0005,-0.7571,-0.3016,-39,-292,3233,0.0030,-0.0008,-0.7608,0.3484,-56,-296,2920,-0.0032,0.0084,-0.5433,-0.5572,561,-42,2938,-0.0028,0.0154,-0.5882,0.4871,1049,-20
6.240,7.7,-0.461,0.128,-0.007,501,2,84.0,3210,0.0026,0.0015,-0.0987,-0.3008,-50,-334,3225,0.0029,0.0006,-0.0153,0.3328,-64,-315,2925,-0.0031,0.0095,-0.6195,-0.5361,556,-188,2938,-0.0028,0.0151,-0.5837,0.4881,1016,-161
6.260,7.8,-0.684,0.126,-0.007,505,2,83.9,3208,0.0026,0.0001,0.4603,-0.2966,-69,-202,3219,0.0028,-0.0007,0.5098,0.3187,-66,-172,2929,-0.0030,0.0080,-0.3684,-0.5237,560,-264,2937,-0.0029,0.0140,-0.3375,0.4905,1030,-235
6.280,7.8,-0.568,0.125,-0.010,510,2,83.9,3205,0.0025,-0.0021,0.8180,-0.2894,-79,40,3215,0.0027,-0.0014,0.7194,0.3106,-61,40,2929,-0.0030,0.0074,0.0693,-0.5213,550,-223,2937,-0.0028,0.0143,0.0649,0.4895,1028,-200
6.300,7.9,-0.284,0.123,-0.014,516,2,83.9,3200,0.0024,-0.0036,0.5319,-0.2792,-49,191,3214,0.0027,-0.0013,0.5384,0.3093,-51,193,2929,-0.0030,0.0085,0.1808,-0.5232,552,-150,2940,-0.0028,0.0172,0.1941,0.4781,1039,-128
6.320,8.0,-0.015,0.122,-0.016,520,2,83.9,3195,0.0024,0.0010,0.2688,-0.2697,-43,256,3215,0.0027,0.0001,0.2791,0.3110,-54,261,2927,-0.0031,0.0068,0.3040,-0.5276,539,-43,2944,-0.0027,0.0144,0.2683,0.4657,1037,-35
6.340,8.1,0.119,0.122,-0.017,525,2,83.9,3192,0.0023,0.0018,0.0055,-0.2629,-64,235,3216,0.0027,-0.0002,-0.0218,0.3124,-61,232,2926,-0.0031,0.0079,0.1505,-0.5316,546,19,2946,-0.0027,0.0162,0.1920,0.4574,1043,35
6.360,8.1,0.111,0.121,-0.016,529,2,83.9,3191,0.0023,-0.0011,-0.0563,-0.2609,-83,191,3215,0.0027,-0.0009,-0.1364,0.3116,-69,167,2927,-0.0031,0.0072,0.0222,-0.5302,540,44,2947,-0.0026,0.0141,0.0499,0.4542,1035,64
6.380,8.2,-0.016,0.122,-0.012,535,2,83.9,3191,0.0023,-0.0043,-0.3110,-0.2612,-53,69,3214,0.0027,-0.0021,-0.2661,0.3090,-60,62,2928,-0.0031,0.0086,-0.2569,-0.5252,553,-11,2947,-0.0026,0.0162,-0.2411,0.4535,1038,9
6.400,8.3,-0.148,0.123,-0.008,539,2,83.9,3194,0.0023,-0.0002,-0.2126,-0.2665,-40,-18,3211,0.0026,-0.0007,-0.2016,0.3028,-51,-21,2929,-0.0030,0.0073,-0.3769,-0.5216,550,-100,2943,-0.0027,0.0133,-0.3595,0.4671,1027,-80
6.420,8.4,-0.232,0.123,-0.008,543,2,83.9,3196,0.0024,0.0017,-0.0529,-0.2722,-54,-50,3208,0.0026,0.0005,-0.0060,0.2971,-60,-39,2930,-0.0030,0.0069,-0.1849,-0.5193,551,-132,2939,-0.0028,0.0128,-0.1702,0.4820,1031,-112
6.440,8.4,-0.262,0.124,-0.008,550,2,83.8,3197,0.0024,-0.0002,0.1460,-0.2740,-74,-15,3208,0.0026,-0.0007,0.1000,0.2966,-62,-19,2929,-0.0030,0.0092,-0.1947,-0.5204,556,-165,2938,-0.0028,0.0167,-0.1600,0.4866,1032,-140
6.460,8.5,-0.209,0.124,-0.010,553,2,83.8,3198,0.0024,-0.0026,0.2332,-0.2751,-69,47,3208,0.0026,-0.0010,0.2368,0.2976,-65,44,2928,-0.0031,0.0065,-0.0429,-0.5251,541,-151,2937,-0.0029,0.0126,0.0517,0.4914,1031,-107
6.480,8.6,-0.136,0.124,-0.012,559,2,83.8,3197,0.0024,-0.0020,0.1469,-0.2731,-49,83,3210,0.0026,-0.0016,0.3685,0.3018,-72,145,2927,-0.0031,0.0075,0.1504,-0.5306,548,-81,2938,-0.0028,0.0157,0.1251,0.4875,1039,-53
6.500,8.7,-0.088,0.124,-0.014,565,2,83.8,3195,0.0024,0.0005,0.0607,-0.2697,-50,93,3213,0.0027,-0.0026,0.1689,0.3070,-51,171,2925,-0.0031,0.0084,-0.0204,-0.5359,548,-63,2940,-0.0028,0.0165,0.0042,0.4800,1034,-35
6.520,8.7,-0.065,0.124,-0.014,569,2,83.8,3195,0.0023,0.0006,-0.0079,-0.2687,-63,78,3215,0.0027,0.0002,0.0101,0.3102,-41,144,2925,-0.0031,0.0073,-0.0507,-0.5362,544,-55,2942,-0.0028,0.0143,-0.0205,0.4740,1035,-26
6.540,8.8,-0.084,0.123,-0.014,574,2,83.8,3195,0.0024,-0.0012,-0.0520,-0.2693,-66,48,3215,0.0027,0.0015,-0.0431,0.3113,-56,101,2927,-0.0031,0.0082,-0.1370,-0.5312,549,-73,2943,-0.0027,0.0157,-0.0222,0.4682,1035,-20
6.560,8.9,-0.128,0.122,-0.013,579,2,83.8,3195,0.0024,-0.0017,-0.0337,-0.2702,-59,25,3215,0.0027,-0.0002,-0.0149,0.3112,-71,70,2929,-0.0030,0.0081,-0.1455,-0.5230,547,-92,2945,-0.0027,0.0153,-0.1152,0.4615,1032,-43
6.580,9.0,-0.150,0.121,-0.012,584,2,83.8,3196,0.0024,-0.0008,0.0435,-0.2714,-58,28,3214,0.0027,-0.0021,0.0738,0.3100,-70,72,2931,-0.0030,0.0080,-0.1320,-0.5138,550,-106,2946,-0.0027,0.0153,-0.1390,0.4559,1032,-71
6.600,9.0,-0.138,0.121,-0.012,589,2,83.8,3196,0.0024,-0.0007,0.0262,-0.2719,-56,26,3214,0.0027,-0.0022,0.0680,0.3089,-54,71,2932,-0.0030,0.0080,-0.1272,-0.5089,549,-120,2947,-0.0026,0.0151,-0.1093,0.4535,1031,-88
6.620,9.1,-0.117,0.121,-0.012,593,2,83.8,3196,0.0024,-0.0003,0.0613,-0.2723,-59,35,3213,0.0027,-0.0001,0.0601,0.3079,-48,69,2933,-0.0030,0.0074,-0.0474,-0.5074,546,-108,2947,-0.0026,0.0142,-0.0100,0.4540,1032,-74
6.640,9.2,-0.078,0.121,-0.012,599,2,83.7,3196,0.0024,-0.0007,0.1920,-0.2720,-73,88,3213,0.0027,0.0007,0.1842,0.3077,-68,112,2933,-0.0029,0.0083,-0.0494,-0.5057,549,-97,2947,-0.0026,0.0159,-0.0383,0.4521,1034,-68
6.660,9.3,-0.040,0.122,-0.011,602,2,83.7,3196,0.0024,-0.0023,0.0978,-0.2723,-60,102,3213,0.0027,-0.0018,0.0189,0.3072,-61,96,2933,-0.0030,0.0068,0.0441,-0.5073,543,-59,2946,-0.0026,0.0136,-0.0396,0.4551,1030,-61
6.680,9.3,-0.058,0.122,-0.009,607,2,83.7,3197,0.0024,-0.0008,0.0836,-0.2731,-53,107,3213,0.0027,-0.0011,-0.0329,0.3063,-54,66,2931,-0.0030,0.0072,0.0997,-0.5123,551,-10,2945,-0.0027,0.0145,-0.0795,0.4626,1031,-61
6.700,9.4,-0.116,0.123,-0.006,613,2,83.7,3198,0.0024,-0.0001,-0.0216,-0.2760,-49,74,3211,0.0026,-0.0001,0.0205,0.3029,-61,57,2932,-0.0030,0.0081,-0.0921,-0.5108,554,-27,2942,-0.0027,0.0149,-0.1129,0.4705,1026,-71
6.720,9.5,-0.156,0.124,-0.003,618,2,83.7,3201,0.0025,0.0004,-0.0262,-0.2810,-57,44,3209,0.0026,-0.0008,0.0108,0.2979,-60,42,2933,-0.0030,0.0078,-0.1702,-0.5078,552,-67,2939,-0.0028,0.0140,-0.1553,0.4826,1027,-95
6.740,9.6,-0.170,0.125,0.000,622,2,83.7,3203,0.0025,-0.0005,0.0270,-0.2859,-66,36,3207,0.0026,-0.0008,0.0595,0.2935,-60,45,2933,-0.0029,0.0076,-0.1538,-0.5060,550,-97,2936,-0.0029,0.0139,-0.0931,0.4946,1029,-100
6.760,9.6,-0.146,0.126,0.001,628,2,83.7,3205,0.0025,-0.0015,0.1061,-0.2898,-67,57,3205,0.0025,-0.0008,0.0592,0.2901,-57,49,2933,-0.0030,0.0076,-0.0975,-0.5083,550,-106,2933,-0.0030,0.0143,-0.0833,0.5079,1029,-103
6.780,9.7,-0.078,0.126,0.001,662,2,83.6,3206,0.0025,-0.0011,0.1393,-0.2920,-58,89,3204,0.0025,0.0002,0.1084,0.2882,-58,73,2932,-0.0030,-0.0197,-0.0558,-0.5118,237,-101,2930,-0.0030,-0.0307,0.0718,0.5175,541,-62
6.800,9.7,0.097,0.129,0.000,745,1,83.5,3206,0.0026,-0.0014,-0.0180,-0.2923,-39,71,3205,0.0025,-0.0015,-0.0238,0.2895,-47,58,2931,-0.0030,-0.0131,0.0318,-0.5153,-10,-76,2930,-0.0030,-0.0225,0.0927,0.5194,7,-30
6.820,9.7,0.234,0.133,-0.001,852,1,86.4,3208,0.0026,-0.0002,-0.0295,-0.2964,-43,52,3208,0.0026,-0.0016,-0.0875,0.2971,-42,24,2927,-0.0031,0.0046,0.1080,-0.5294,33,-30,2927,-0.0031,0.0074,0.1633,0.5285,90,20
6.840,9.7,0.239,0.139,-0.002,968,1,94.4,3212,0.0027,0.0000,-0.0876,-0.3056,-39,13,3214,0.0027,0.0000,-0.0858,0.3098,-36,-8,2921,-0.0032,0.0077,0.0948,-0.5515,-54,7,2923,-0.0032,0.0140,0.1295,0.5452,-59,54
6.860,9.7,0.132,0.146,-0.002,1094,1,103.1,3219,0.0028,0.0005,-0.0933,-0.3188,-42,-24,3222,0.0028,0.0009,-0.0263,0.3249,-48,-18,2915,-0.0034,-0.0033,0.0796,-0.5762,-92,37,2917,-0.0033,-0.0046,0.0689,0.5670,-127,69
6.880,9.6,-0.006,0.152,0.000,1231,1,112.6,3226,0.0029,-0.0004,-0.0401,-0.3347,-53,-38,3229,0.0030,-0.0009,-0.0432,0.3397,-52,-35,2909,-0.0035,-0.0063,-0.0383,-0.5989,-31,26,2911,-0.0034,-0.0101,-0.0456,0.5914,-31,48
6.900,9.6,-0.124,0.157,0.001,1381,1,122.9,3235,0.0031,-0.0017,-0.0184,-0.3519,-46,-41,3235,0.0031,-0.0014,-0.0048,0.3530,-46,-34,2904,-0.0036,0.0013,-0.1024,-0.6182,-8,-3,2904,-0.0036,0.0018,0.0388,0.6166,2,53
6.920,9.6,-0.232,0.160,0.003,1516,1,132.1,3243,0.0032,-0.0022,0.0403,-0.3685,-53,-25,3241,0.0032,-0.0021,0.2320,0.3647,-68,41,2899,-0.0037,0.0569,-0.1822,-0.6347,736,-47,2898,-0.0037,0.0897,-0.0771,0.6405,1198,23
6.940,9.8,-0.500,0.159,0.005,1582,1,134.1,3248,0.0033,0.0000,0.1415,-0.3802,-63,10,3244,0.0032,-0.0016,0.1679,0.3718,-61,68,2897,-0.0037,0.0563,-0.2896,-0.6428,1291,-100,2894,-0.0038,0.1098,-0.2775,0.6554,2247,-43
6.960,10.0,-0.676,0.148,0.006,1584,1,134.2,3248,0.0033,0.0001,0.2848,-0.3793,-102,92,3241,0.0032,0.0006,0.2405,0.3644,-87,121,2900,-0.0037,0.0372,-0.3879,-0.6310,2178,-160,2895,-0.0038,0.2051,-0.3448,0.6533,3127,-67
6.980,10.3,-0.867,0.132,0.010,1581,1,134.1,3238,0.0031,-0.0019,0.2617,-0.3590,-84,150,3229,0.0030,-0.0001,0.3733,0.3407,-100,210,2913,-0.0034,0.0396,-0.3766,-0.5847,1687,-216,2905,-0.0036,0.0868,-0.4630,0.6121,3153,-106
7.000,10.6,-0.891,0.115,0.014,1579,1,134.1,3224,0.0029,-0.0008,0.2535,-0.3307,-78,204,3210,0.0026,-0.0018,0.3627,0.3018,-86,282,2933,-0.0029,0.0332,-0.4811,-0.5062,1736,-293,2922,-0.0032,0.0554,-0.4913,0.5496,3068,-183
7.020,10.8,-0.674,0.099,0.014,1579,1,134.1,3209,0.0026,-0.0002,0.2056,-0.2993,-81,232,3190,0.0023,-0.0009,0.2152,0.2587,-63,291,2956,-0.0024,0.0486,-0.3467,-0.4195,1778,-326,2940,-0.0028,0.0901,-0.3944,0.4805,2974,-238
7.040,11.1,-0.385,0.080,0.009,1579,1,134.1,3192,0.0023,-0.0001,0.0957,-0.2639,-82,213,3172,0.0019,0.0011,0.1101,0.2213,-73,259,2974,-0.0020,0.0369,-0.1847,-0.3501,1759,-305,2957,-0.0024,0.0953,-0.0398,0.4141,3045,-176
7.060,11.3,-0.337,0.066,0.007,1579,1,134.1,3172,0.0019,-0.0004,0.0827,-0.2223,-82,186,3159,0.0017,0.0002,0.1825,0.1939,-97,253,2995,-0.0016,0.0426,-0.1290,-0.2703,1752,-259,2984,-0.0018,0.0851,-0.0880,0.3130,3005,-152
7.080,11.6,-0.314,0.053,0.003,1579,1,134.1,3156,0.0017,-0.0005,0.0740,-0.1891,-84,159,3147,0.0015,-0.0020,0.0770,0.1693,-83,208,3008,-0.0013,0.0343,-0.1494,-0.2183,1754,-230,3001,-0.0014,0.0867,-0.1566,0.2481,3038,-139
7.100,11.9,-0.350,0.041,-0.001,1579,1,134.1,3142,0.0014,-0.0008,0.0651,-0.1596,-81,134,3137,0.0013,-0.0008,0.2765,0.1492,-91,246,3023,-0.0010,0.0362,-0.2048,-0.1640,1759,-225,3019,-0.0010,0.0816,-0.1227,0.1796,3036,-123
7.120,12.1,-0.439,0.034,-0.003,1579,1,134.1,3129,0.0012,-0.0006,0.1002,-0.1328,-82,130,3131,0.0012,-0.0014,0.1770,0.1365,-75,236,3036,-0.0007,0.0358,-0.2006,-0.1130,1750,-216,3037,-0.0006,0.0810,-0.1890,0.1075,3026,-127
7.140,12.4,-0.466,0.028,-0.006,1579,1,134.1,3121,0.0010,-0.0008,0.1546,-0.1151,-90,148,3125,0.0011,-0.0001,0.1220,0.1238,-72,208,3043,-0.0005,0.0283,-0.2671,-0.0876,1753,-237,3046,-0.0004,0.0768,-0.1776,0.0746,3069,-124
7.160,12.6,-0.504,0.023,-0.009,1579,1,134.1,3113,0.0009,-0.0014,0.0888,-0.0986,-78,135,3122,0.0010,0.0000,0.1983,0.1173,-93,219,3049,-0.0004,0.0312,-0.2479,-0.0642,1753,-246,3056,-0.0002,0.0736,-0.2407,0.0361,3042,-146
7.180,12.9,-0.527,0.020,-0.010,1579,1,134.1,3107,0.0008,-0.0005,0.1664,-0.0860,-86,157,3120,0.0010,-0.0017,0.0949,0.1141,-82,185,3054,-0.0003,0.0301,-0.2563,-0.0430,1758,-257,3065,0.0000,0.0754,-0.2723,0.0009,3049,-168
7.200,13.1,-0.528,0.020,-0.011,1579,1,134.1,3104,0.0007,-0.0011,0.1124,-0.0800,-82,148,3119,0.0010,-0.0008,0.1190,0.1106,-80,170,3057,-0.0002,0.0270,-0.2595,-0.0323,1757,-268,3069,0.0001,0.0714,-0.2596,-0.0136,3069,-179
7.220,13.4,-0.568,0.022,-0.008,1579,1,133.9,3102,0.0007,-0.0008,0.1206,-0.0759,-82,146,3118,0.0010,-0.0007,0.1599,0.1091,-88,177,3056,-0.0002,0.0197,-0.2400,-0.0352,1702,-267,3069,0.0001,0.0560,-0.1553,-0.0146,3050,-159
7.240,13.7,-0.558,0.024,-0.008,1596,1,134.5,3103,0.0007,-0.0011,0.1405,-0.0789,-88,153,3116,0.0009,-0.0014,0.1444,0.1040,-85,175,3052,-0.0003,0.0238,-0.2311,-0.0509,1706,-263,3062,-0.0001,0.0597,-0.2050,0.0131,3000,-164
7.260,13.9,-0.574,0.028,-0.005,1631,1,135.5,3104,0.0007,-0.0015,0.1387,-0.0803,-86,159,3115,0.0009,-0.0012,0.1600,0.1033,-86,182,3049,-0.0004,0.0256,-0.2019,-0.0648,1713,-246,3058,-0.0002,0.0655,-0.1826,0.0302,2996,-156
7.280,14.1,-0.897,0.034,-0.001,1716,1,137.2,3107,0.0008,-0.0007,0.2294,-0.0865,-58,180,3114,0.0009,-0.0008,0.2321,0.1005,-68,196,3044,-0.0005,0.0711,-0.3246,-0.0828,579,-276,3049,-0.0004,0.0961,-0.3261,0.0618,2792,-192
7.300,14.3,-0.962,0.040,0.002,1763,1,139.3,3113,0.0009,-0.0015,0.2654,-0.0990,-90,236,3114,0.0009,-0.0013,0.3395,0.1007,-96,278,3038,-0.0006,0.0829,-0.3581,-0.1050,2284,-279,3039,-0.0006,0.1114,-0.3850,0.1025,3130,-195
7.320,14.5,-1.150,0.045,0.005,1831,1,141.5,3119,0.0010,-0.0012,0.2916,-0.1117,-59,268,3116,0.0009,-0.0019,0.2733,0.1042,-69,287,3031,-0.0008,-0.1194,-0.4377,-0.1316,661,-361,3028,-0.0008,0.0198,-0.4444,0.1429,3259,-178
7.340,14.7,-1.586,0.050,0.007,1886,1,143.1,3125,0.0011,-0.0002,0.3341,-0.1246,-60,305,3118,0.0010,-0.0005,0.4168,0.1092,-76,354,3025,-0.0009,-0.1151,-0.5849,-0.1541,463,-440,3019,-0.0010,0.0919,-0.5834,0.1772,3275,-155
7.360,15.0,-1.249,0.051,0.006,1906,1,143.4,3132,0.0012,-0.0016,0.2552,-0.1389,-116,347,3122,0.0010,-0.0015,0.2049,0.1170,-87,355,3022,-0.0010,0.0695,-0.5783,-0.1680,2643,-427,3013,-0.0012,0.1982,-0.5566,0.2008,3203,-145
7.380,15.3,-0.651,0.050,0.002,1835,1,141.2,3134,0.0012,-0.0018,0.0883,-0.1428,-94,291,3126,0.0011,-0.0009,0.0238,0.1251,-83,266,3021,-0.0010,0.0098,-0.3651,-0.1716,1806,-485,3014,-0.0012,0.1306,-0.3967,0.1981,3222,-151
7.400,15.6,-0.394,0.046,-0.003,1829,1,141.1,3132,0.0012,-0.0016,0.1471,-0.1381,-97,258,3128,0.0011,-0.0011,0.0413,0.1307,-96,195,3022,-0.0010,0.0271,-0.2752,-0.1680,1903,-424,3019,-0.0010,0.0679,-0.2443,0.1791,3282,-178
7.420,15.8,-0.387,0.044,-0.005,1829,1,141.0,3127,0.0011,-0.0013,-0.0112,-0.1274,-61,148,3131,0.0012,-0.0016,-0.0093,0.1372,-81,110,3024,-0.0009,0.0246,-0.1069,-0.1595,1695,-317,3028,-0.0008,0.0376,-0.1362,0.1447,3158,-199
7.440,16.1,-0.457,0.045,-0.004,1892,1,142.7,3124,0.0011,0.0003,0.0855,-0.1212,-81,124,3131,0.0012,-0.0008,0.1878,0.1353,-94,149,3026,-0.0009,0.0301,-0.1296,-0.1515,1768,-246,3032,-0.0008,0.0699,-0.0340,0.1302,2992,-149
7.460,16.3,-0.511,0.046,-0.004,1949,1,144.3,3123,0.0010,-0.0010,0.1079,-0.1187,-97,121,3128,0.0011,-0.0016,0.0797,0.1303,-78,123,3022,-0.0010,0.0310,-0.2031,-0.1658,1907,-229,3027,-0.0009,0.0940,-0.2098,0.1484,3130,-136
7.480,16.6,-0.618,0.045,-0.004,1977,1,145.1,3120,0.0010,-0.0018,0.1009,-0.1140,-87,116,3126,0.0011,-0.0006,0.1188,0.1260,-84,126,3019,-0.0010,0.0287,-0.2105,-0.1793,1921,-220,3023,-0.0009,0.0916,-0.2233,0.1613,3194,-129
7.500,16.9,-0.730,0.043,-0.006,2004,1,145.9,3118,0.0009,-0.0011,0.1435,-0.1088,-83,135,3123,0.0010,-0.0009,0.1393,0.1196,-90,139,3019,-0.0010,0.0299,-0.2111,-0.1794,1911,-215,3023,-0.0009,0.0855,-0.2207,0.1632,3192,-129
7.520,17.2,-0.821,0.043,-0.007,2037,1,146.8,3113,0.0009,-0.0009,0.1466,-0.0996,-84,153,3122,0.0010,-0.0013,0.2026,0.1165,-97,183,3019,-0.0010,0.0302,-0.2226,-0.1795,1912,-215,3025,-0.0009,0.0852,-0.2780,0.1542,3179,-148
7.540,17.4,-0.839,0.041,-0.007,2075,1,147.8,3110,0.0008,-0.0010,0.1374,-0.0918,-91,165,3120,0.0010,-0.0016,0.1608,0.1134,-86,194,3017,-0.0011,0.0307,-0.2273,-0.1866,1944,-219,3025,-0.0009,0.0909,-0.2989,0.1543,3190,-162
7.560,17.7,-0.804,0.037,-0.007,2113,1,148.9,3108,0.0008,-0.0014,0.1710,-0.0873,-96,188,3117,0.0009,-0.0010,0.1149,0.1070,-79,178,3019,-0.0010,0.0325,-0.2725,-0.1780,1965,-245,3027,-0.0009,0.0938,-0.2652,0.1484,3209,-159
7.580,18.0,-0.792,0.031,-0.006,2144,1,149.7,3105,0.0007,-0.0014,0.0934,-0.0819,-80,163,3115,0.0009,-0.0007,0.1440,0.1023,-93,183,3024,-0.0009,0.0318,-0.1247,-0.1581,1979,-191,3032,-0.0007,0.0940,-0.2561,0.1275,3222,-155
7.600,18.1,-2.230,0.033,0.003,2258,1,154.1,3103,0.0007,0.0020,0.4292,-0.0772,-11,243,3112,0.0008,-0.0002,0.4393,0.0966,-64,259,3034,-0.0007,-0.3027,-0.6049,-0.1201,-3011,-199,3042,-0.0005,0.0707,-0.6577,0.0910,3226,-100
7.620,18.1,-4.494,0.043,0.020,2305,1,153.5,3112,0.0008,0.0002,0.7307,-0.0973,-39,446,3109,0.0008,-0.0008,0.6878,0.0897,-50,438,3039,-0.0006,0.0689,-1.4518,-0.1005,-3101,-444,3036,-0.0007,0.1979,-1.4442,0.1120,3270,-260
7.640,18.1,-5.359,0.061,0.035,2402,1,155.3,3137,0.0013,-0.0028,0.8593,-0.1489,-68,702,3109,0.0008,-0.0008,0.7805,0.0899,-55,658,3039,-0.0006,0.1939,-1.8791,-0.1035,-29,-1263,3015,-0.0011,0.4169,-1.8684,0.1920,3181,-358
7.660,18.2,-4.792,0.081,0.041,2563,1,159.8,3167,0.0018,-0.0010,0.6090,-0.2102,-39,780,3116,0.0009,-0.0008,0.7718,0.1046,-74,827,3027,-0.0009,0.0115,-1.7517,-0.1462,-1916,-1367,2986,-0.0018,0.5202,-1.8137,0.3046,2844,-227
7.680,18.2,-5.142,0.098,0.052,2515,1,160.4,3188,0.0022,0.0000,0.4688,-0.2546,-22,727,3129,0.0012,-0.0021,0.6577,0.1324,-55,841,3006,-0.0013,-0.1982,-2.0484,-0.2275,-2973,-1049,2958,-0.0024,0.1555,-2.0310,0.4107,2836,-263
7.700,18.2,-5.069,0.113,0.057,2575,1,161.2,3213,0.0027,-0.0001,0.4264,-0.3076,-54,681,3139,0.0013,-0.0010,0.4440,0.1531,-25,747,2993,-0.0016,0.0489,-2.2257,-0.2791,-1146,-1845,2932,-0.0030,0.3949,-2.1547,0.5109,2784,-277
7.720,18.3,-3.606,0.126,0.044,2767,1,163.7,3237,0.0031,0.0011,0.1318,-0.3579,-60,525,3155,0.0016,0.0011,0.2041,0.1867,-42,593,2982,-0.0019,-0.3115,-1.7101,-0.3210,-1972,-1675,2914,-0.0034,0.4874,-1.6809,0.5778,2533,-164
7.740,18.4,-2.589,0.136,0.020,2859,1,164.0,3245,0.0033,-0.0029,0.0276,-0.3736,-111,361,3182,0.0021,-0.0012,0.0373,0.2415,-74,403,2963,-0.0023,-0.0006,-1.2010,-0.3921,680,-1698,2911,-0.0034,0.7668,-1.3074,0.5902,2499,-134
7.760,18.5,-2.023,0.142,-0.009,3041,1,170.1,3240,0.0032,-0.0019,0.0265,-0.3631,-41,216,3211,0.0026,-0.0012,0.0647,0.3019,-59,261,2938,-0.0028,-0.2623,-0.8718,-0.4860,-1647,-1323,2914,-0.0034,0.7009,-0.9077,0.5776,2368,-73
7.780,18.6,-1.862,0.144,-0.034,3218,1,178.5,3226,0.0029,-0.0001,0.1304,-0.3339,-70,189,3239,0.0031,-0.0008,0.1278,0.3604,-63,215,2915,-0.0034,0.1723,-0.8108,-0.5759,909,-1194,2925,-0.0031,1.1375,-0.8036,0.5362,2321,-51
7.800,18.7,-1.504,0.141,-0.057,3352,1,196.1,3211,0.0026,-0.0010,0.1915,-0.3033,-86,219,3260,0.0035,-0.0007,0.1663,0.4056,-69,222,2900,-0.0037,-0.1870,-0.6262,-0.6341,467,-1010,2940,-0.0028,0.9829,-0.5941,0.4806,2289,-35
7.820,18.9,-1.238,0.136,-0.073,3513,1,218.5,3194,0.0023,-0.0017,0.0962,-0.2673,-65,188,3276,0.0038,-0.0009,0.2472,0.4378,-83,277,2891,-0.0039,0.0674,-0.5082,-0.6655,856,-817,2958,-0.0024,1.2453,-0.4492,0.4097,2274,-24
7.840,19.0,-0.861,0.128,-0.085,3578,1,246.4,3178,0.0020,-0.0012,0.0749,-0.2341,-84,170,3283,0.0039,-0.0018,0.0941,0.4522,-70,233,2888,-0.0040,0.0129,-0.3708,-0.6794,1331,-637,2973,-0.0020,1.2409,-0.3103,0.3523,2278,-18
7.860,19.2,-0.532,0.119,-0.091,3761,1,283.0,3161,0.0017,-0.0011,0.0077,-0.1986,-72,114,3284,0.0040,-0.0008,0.0033,0.4543,-61,147,2890,-0.0039,0.0342,-0.2559,-0.6693,1295,-488,2991,-0.0017,1.3769,-0.1797,0.2858,2257,-10
7.880,19.5,-0.178,0.108,-0.091,4057,1,333.0,3146,0.0015,-0.0008,-0.0263,-0.1679,-80,64,3277,0.0038,-0.0003,-0.0257,0.4407,-78,83,2896,-0.0038,-0.0165,-0.1426,-0.6465,2710,-266,3004,-0.0014,1.4468,-0.1027,0.2372,2235,-6
7.900,19.8,0.421,0.095,-0.092,4452,1,384.8,3133,0.0012,-0.0008,-0.1125,-0.1406,-96,-2,3265,0.0036,-0.0008,-0.0839,0.4149,-95,22,2906,-0.0035,0.2783,0.0141,-0.6093,3139,-102,3014,-0.0012,1.8432,0.0596,0.1978,2207,-1
7.920,20.1,0.873,0.079,-0.089,4764,1,427.3,3118,0.0009,-0.0011,-0.2033,-0.1088,-87,-104,3250,0.0034,-0.0013,-0.1962,0.3841,-84,-91,2920,-0.0032,0.4488,0.2218,-0.5566,3113,-2,3028,-0.0008,1.9870,0.2100,0.1437,2197,4
7.940,20.3,1.071,0.062,-0.082,5121,1,462.0,3103,0.0007,-0.0008,-0.1728,-0.0789,-85,-160,3232,0.0030,-0.0008,-0.1427,0.3468,-86,-138,2940,-0.0028,0.5564,0.3770,-0.4787,2864,31,3046,-0.0004,1.9860,0.2977,0.0768,2195,6
7.960,20.6,1.102,0.046,-0.074,5582,1,490.0,3093,0.0005,-0.0008,-0.1211,-0.0572,-82,-172,3212,0.0027,-0.0008,-0.1216,0.3044,-79,-164,2965,-0.0022,0.3291,0.4182,-0.3833,2668,34,3062,-0.0001,1.9143,0.3792,0.0126,2192,8
7.980,20.9,1.072,0.034,-0.067,6049,1,498.0,3086,0.0004,-0.0009,-0.0342,-0.0425,-83,-131,3192,0.0023,-0.0006,-0.0472,0.2631,-81,-136,2992,-0.0016,0.7364,0.4383,-0.2827,2521,29,3078,0.0003,2.2394,0.4286,-0.0482,2186,9
8.000,21.1,1.019,0.026,-0.056,6422,1,503.9,3080,0.0003,-0.0010,0.0391,-0.0303,-85,-61,3177,0.0020,-0.0008,0.0027,0.2311,-85,-85,3010,-0.0012,0.9795,0.4739,-0.2108,2413,25,3089,0.0005,2.3265,0.5025,-0.0906,2185,11
8.020,21.4,1.073,0.020,-0.049,7043,1,489.7,3080,0.0003,-0.0011,0.0245,-0.0307,-77,-28,3161,0.0017,-0.0011,0.0794,0.1994,-89,-8,3026,-0.0009,1.3747,0.4721,-0.1504,2335,20,3092,0.0006,2.7417,0.6467,-0.1026,2168,12
8.040,21.6,1.131,0.016,-0.042,7512,1,-180.9,3080,0.0003,-0.0008,0.0335,-0.0310,-80,-1,3152,0.0016,-0.0012,0.0342,0.1792,-76,10,3038,-0.0006,1.2899,0.5533,-0.1069,2289,20,3096,0.0007,2.6876,0.5445,-0.1155,2158,10
8.060,21.8,1.231,0.017,-0.034,7459,1,478.2,3083,0.0003,-0.0011,0.0899,-0.0362,-92,50,3143,0.0014,-0.0008,0.1302,0.1622,-91,81,3048,-0.0004,1.3861,0.5371,-0.0670,2289,20,3098,0.0007,2.5854,0.5561,-0.1220,2167,11
8.080,22.1,1.368,0.019,-0.029,7441,1,-180.6,3088,0.0004,-0.0014,0.0080,-0.0470,-76,26,3137,0.0013,-0.0014,0.0209,0.1494,-73,50,3051,-0.0003,1.4441,0.5744,-0.0550,2282,20,3091,0.0006,2.5629,0.6265,-0.0987,2168,12
8.100,22.3,1.481,0.022,-0.026,7463,1,-180.7,3093,0.0005,-0.0009,0.0803,-0.0562,-88,55,3135,0.0013,-0.0007,0.0215,0.1440,-78,32,3050,-0.0003,1.4406,0.5991,-0.0580,2280,21,3085,0.0004,2.4524,0.6742,-0.0737,2171,14
8.120,22.5,1.550,0.028,-0.022,7482,1,-180.8,3096,0.0006,-0.0013,0.0347,-0.0636,-80,42,3134,0.0012,-0.0010,0.0634,0.1430,-92,48,3048,-0.0004,1.3507,0.6453,-0.0682,2272,22,3079,0.0003,2.2535,0.7482,-0.0508,2175,16
8.140,22.8,1.630,0.034,-0.019,7446,1,-180.7,3102,0.0007,-0.0011,0.0389,-0.0753,-81,35,3133,0.0012,-0.0015,0.0403,0.1407,-82,39,3040,-0.0006,1.5026,0.6754,-0.0975,2252,22,3066,0.0000,2.2424,0.6576,-0.0006,2170,14
8.160,23.0,1.661,0.040,-0.013,7429,1,-180.6,3106,0.0007,-0.0011,0.0147,-0.0850,-79,15,3133,0.0012,-0.0011,0.0199,0.1411,-76,20,3031,-0.0008,1.4186,0.6904,-0.1313,2247,22,3053,-0.0003,2.0956,0.7055,0.0471,2172,16
8.180,23.2,1.717,0.045,-0.008,7403,1,-180.6,3113,0.0009,-0.0011,0.1261,-0.0979,-97,74,3132,0.0012,-0.0009,0.0339,0.1381,-81,20,3025,-0.0009,1.5526,0.6951,-0.1553,2233,22,3041,-0.0006,2.0378,0.7081,0.0950,2172,17
8.200,23.5,1.791,0.052,-0.005,7331,1,-180.4,3119,0.0010,-0.0016,0.0430,-0.1110,-74,52,3130,0.0012,-0.0012,0.0972,0.1346,-91,59,3020,-0.0010,1.5873,0.9337,-0.1738,2224,28,3029,-0.0008,1.9832,0.7509,0.1384,2174,18
8.220,23.7,1.848,0.057,-0.001,7463,1,507.3,3123,0.0010,-0.0009,0.0927,-0.1199,-83,73,3131,0.0012,-0.0014,0.0424,0.1354,-78,45,3010,-0.0012,1.5331,0.7504,-0.2118,2223,24,3016,-0.0011,1.8428,0.7778,0.1884,2178,20
8.240,23.9,1.921,0.058,0.003,7501,1,-180.8,3128,0.0011,-0.0011,0.0553,-0.1296,-81,58,3129,0.0012,-0.0010,0.0597,0.1330,-80,48,3004,-0.0014,1.5343,0.8147,-0.2354,2218,25,3005,-0.0013,1.7391,0.8119,0.2303,2184,22
8.260,24.2,1.971,0.062,0.006,7427,1,-180.6,3132,0.0012,-0.0011,0.0673,-0.1374,-83,58,3128,0.0011,-0.0011,0.1068,0.1296,-89,78,3004,-0.0014,1.2660,0.8747,-0.2354,2253,31,3001,-0.0014,1.3918,0.9607,0.2471,2222,30
8.280,24.4,2.043,0.063,0.009,7409,2,-180.6,3135,0.0013,-0.0012,0.0583,-0.1449,-85,54,3126,0.0011,-0.0014,0.1374,0.1262,-89,113,3000,-0.0015,0.7377,0.8098,-0.2525,2367,42,2992,-0.0016,0.7921,0.8317,0.2807,2334,40
8.300,24.7,2.089,0.062,0.009,7321,2,-180.4,3137,0.0013,-0.0012,0.0719,-0.1490,-90,60,3124,0.0011,-0.0013,0.0781,0.1226,-79,91,2999,-0.0015,0.3181,0.8295,-0.2562,2635,78,2988,-0.0017,0.4469,0.8601,0.2957,2558,70
8.320,25.0,2.101,0.058,0.011,7356,2,516.7,3136,0.0013,-0.0013,0.0669,-0.1470,-93,62,3123,0.0010,-0.0009,0.0909,0.1190,-92,92,3000,-0.0015,0.3099,0.8328,-0.2507,2891,129,2989,-0.0017,0.5987,0.8358,0.2927,2631,80
8.340,25.2,2.193,0.053,0.014,7400,2,513.5,3134,0.0012,-0.0011,0.0885,-0.1431,-91,78,3118,0.0010,-0.0010,0.0519,0.1090,-83,68,3007,-0.0013,0.8106,0.8230,-0.2222,2610,73,2994,-0.0016,1.2696,0.8587,0.2735,2354,42
8.360,25.5,2.300,0.049,0.017,7297,2,520.0,3132,0.0012,-0.0011,0.0766,-0.1389,-80,73,3112,0.0008,-0.0009,0.0469,0.0963,-79,48,3015,-0.0011,1.7952,0.8876,-0.1942,2237,29,2998,-0.0015,2.3338,0.8721,0.2582,2146,20
8.380,25.7,2.429,0.044,0.016,7199,2,526.4,3132,0.0012,-0.0010,0.1231,-0.1373,-85,98,3107,0.0007,-0.0009,0.0653,0.0856,-79,48,3023,-0.0009,2.8606,0.9037,-0.1619,2116,17,3003,-0.0014,3.4165,1.0942,0.2395,2071,16
8.400,25.9,2.539,0.039,0.015,7420,2,-180.5,3129,0.0012,-0.0011,0.0826,-0.1323,-74,83,3106,0.0007,-0.0011,0.1343,0.0848,-88,94,3030,-0.0008,3.1956,1.0580,-0.1343,2093,16,3012,-0.0012,3.8032,1.0115,0.2056,2057,13
8.420,26.2,2.662,0.037,0.012,7369,2,518.4,3128,0.0011,-0.0008,0.1063,-0.1308,-79,91,3107,0.0007,-0.0012,0.1031,0.0856,-73,93,3040,-0.0006,3.0155,1.0366,-0.0990,2104,17,3022,-0.0010,3.6787,1.0165,0.1668,2066,13
8.440,26.4,2.759,0.036,0.013,7402,2,-180.6,3127,0.0011,-0.0010,0.1058,-0.1288,-80,94,3110,0.0008,-0.0009,0.1020,0.0921,-74,92,3043,-0.0005,2.9729,1.1371,-0.0863,2106,18,3029,-0.0008,3.6494,1.0980,0.1413,2070,14
8.460,26.6,2.905,0.037,0.013,7467,2,-180.8,3130,0.0012,-0.0011,0.1569,-0.1338,-89,130,3111,0.0008,-0.0009,0.1201,0.0947,-81,104,3046,-0.0004,2.9318,1.0880,-0.0734,2111,18,3031,-0.0008,3.6072,1.1008,0.1321,2073,15
8.480,26.8,3.065,0.038,0.012,7359,2,519.4,3132,0.0012,-0.0012,0.1071,-0.1381,-74,112,3114,0.0009,-0.0012,0.1645,0.1002,-86,139,3046,-0.0004,2.8993,1.1505,-0.0739,2115,19,3031,-0.0008,3.5697,1.1715,0.1306,2076,16
8.500,27.0,3.252,0.038,0.010,7396,2,-180.6,3134,0.0012,-0.0009,0.1722,-0.1421,-87,148,3117,0.0009,-0.0012,0.1209,0.1063,-73,125,3046,-0.0004,2.8633,1.2127,-0.0746,2114,20,3032,-0.0007,3.5391,1.3029,0.1282,2076,18
8.520,27.3,3.461,0.039,0.008,7459,2,-180.8,3135,0.0013,-0.0012,0.1216,-0.1443,-79,131,3120,0.0010,-0.0011,0.2932,0.1137,-100,237,3047,-0.0004,2.8279,1.2489,-0.0715,2117,21,3035,-0.0007,3.4944,1.2700,0.1175,2080,17
8.540,27.5,3.675,0.042,0.004,7349,2,520.2,3136,0.0013,-0.0010,0.1379,-0.1464,-82,130,3124,0.0011,-0.0015,0.1165,0.1212,-59,161,3046,-0.0004,2.8011,1.4029,-0.0764,2120,24,3036,-0.0007,3.4574,1.3474,0.1142,2083,19
8.560,27.7,3.865,0.044,0.003,7390,2,-180.6,3135,0.0013,-0.0012,0.2416,-0.1450,-97,202,3129,0.0011,-0.0005,0.1534,0.1318,-74,154,3040,-0.0006,2.7660,1.4134,-0.0994,2115,24,3034,-0.0007,3.4254,1.3958,0.1193,2082,20
8.580,27.9,4.066,0.046,0.003,7459,2,-180.8,3136,0.0013,-0.0014,0.1894,-0.1469,-77,193,3132,0.0012,-0.0010,0.1329,0.1377,-81,134,3036,-0.0007,2.7344,1.4377,-0.1120,2116,25,3033,-0.0007,3.3914,1.4580,0.1259,2082,21
8.600,28.1,4.272,0.049,0.004,7353,2,520.1,3137,0.0013,-0.0010,0.2259,-0.1493,-82,215,3133,0.0012,-0.0012,0.1964,0.1407,-87,168,3033,-0.0007,2.7060,1.5003,-0.1240,2117,27,3030,-0.0008,3.3610,1.5652,0.1369,2082,22
8.620,28.4,4.544,0.053,0.005,7397,2,-180.6,3139,0.0013,-0.0012,0.3444,-0.1533,-99,308,3133,0.0012,-0.0012,0.1581,0.1404,-74,158,3029,-0.0008,2.6804,1.6327,-0.1410,2113,29,3024,-0.0009,3.3324,1.6069,0.1603,2078,23
8.640,28.6,4.801,0.057,0.005,7423,2,-180.5,3141,0.0014,-0.0013,0.1695,-0.1568,-59,218,3134,0.0012,-0.0010,0.1712,0.1415,-79,157,3022,-0.0010,2.7321,1.6756,-0.1680,2109,30,3016,-0.0011,3.3513,1.6934,0.1909,2074,24
8.660,28.8,4.978,0.061,0.007,7335,2,519.2,3141,0.0014,-0.0005,0.1717,-0.1570,-69,177,3134,0.0013,-0.0011,0.1878,0.1433,-79,163,3015,-0.0011,2.5929,1.7295,-0.1935,2112,32,3010,-0.0012,3.2478,1.8974,0.2139,2074,28
8.680,29.0,5.185,0.064,0.008,7365,2,-180.6,3143,0.0014,-0.0008,0.2101,-0.1613,-87,185,3133,0.0012,-0.0010,0.2130,0.1399,-77,180,3009,-0.0013,2.5755,1.8579,-0.2162,2105,34,3001,-0.0014,3.2130,1.8474,0.2484,2068,27
8.700,29.2,5.475,0.063,0.009,7325,2,519.7,3144,0.0014,-0.0014,0.3202,-0.1633,-104,272,3132,0.0012,-0.0010,0.2657,0.1386,-83,230,3003,-0.0014,2.4449,2.0194,-0.2409,2107,38,2993,-0.0016,3.1130,2.0719,0.2779,2066,31
8.720,29.4,5.774,0.064,0.010,7398,2,-180.6,3144,0.0014,-0.0015,0.2505,-0.1631,-68,255,3131,0.0012,-0.0012,0.2847,0.1357,-80,262,3005,-0.0014,2.6005,2.0414,-0.2330,2105,37,2994,-0.0016,3.2062,2.0562,0.2742,2065,31
8.740,29.7,6.129,0.063,0.010,7497,2,-180.6,3144,0.0014,-0.0009,0.3975,-0.1634,-96,355,3130,0.0012,-0.0010,0.2531,0.1340,-71,253,3004,-0.0014,2.6709,2.0943,-0.2365,2104,38,2992,-0.0016,3.2715,2.1677,0.2805,2064,32
8.760,29.9,6.490,0.062,0.010,7493,2,-180.6,3144,0.0014,-0.0013,0.3227,-0.1635,-75,337,3129,0.0012,-0.0009,0.2655,0.1329,-77,254,3005,-0.0013,2.6407,2.2172,-0.2307,2108,41,2993,-0.0016,3.2417,2.2531,0.2766,2066,34
8.780,30.1,6.819,0.063,0.013,7490,2,-180.6,3144,0.0014,-0.0008,0.3188,-0.1632,-75,323,3129,0.0012,-0.0010,0.2874,0.1327,-80,266,3006,-0.0013,2.6097,2.3081,-0.2278,2110,44,2994,-0.0016,3.2159,2.4199,0.2735,2068,37
8.800,30.3,7.178,0.060,0.015,7453,2,-180.7,3146,0.0015,-0.0009,0.3039,-0.1670,-78,302,3127,0.0011,-0.0011,0.3130,0.1286,-77,285,3007,-0.0013,2.4704,2.5000,-0.2242,2112,47,2992,-0.0016,3.0776,2.5566,0.2817,2068,39
8.820,30.5,7.587,0.058,0.016,7500,2,-180.7,3147,0.0015,-0.0010,0.3439,-0.1696,-88,325,3125,0.0011,-0.0012,0.4752,0.1238,-101,410,3013,-0.0012,2.5560,2.5601,-0.2001,2116,49,2995,-0.0016,3.0867,2.6263,0.2688,2073,41
8.840,30.8,8.091,0.056,0.014,7415,2,-180.6,3147,0.0015,-0.0013,0.4376,-0.1689,-97,403,3123,0.0010,-0.0015,0.4456,0.1201,-68,439,3018,-0.0011,2.4232,2.7178,-0.1823,2122,53,2999,-0.0015,2.9395,2.8383,0.2555,2079,45
8.860,31.0,8.543,0.055,0.016,7338,2,520.0,3145,0.0014,-0.0012,0.3651,-0.1659,-70,373,3125,0.0011,-0.0007,0.3843,0.1228,-61,400,3021,-0.0010,2.4084,2.8248,-0.1715,2128,56,3004,-0.0014,2.8828,2.9360,0.2361,2087,48
8.880,31.2,8.971,0.055,0.021,7424,2,516.6,3146,0.0015,-0.0008,0.3849,-0.1679,-77,371,3123,0.0011,-0.0007,0.4328,0.1204,-76,414,3023,-0.0009,2.4747,2.9864,-0.1615,2129,59,3005,-0.0014,2.8955,3.1801,0.2328,2089,53
8.900,31.4,9.462,0.055,0.023,7524,2,509.9,3150,0.0015,-0.0010,0.4283,-0.1763,-87,398,3120,0.0010,-0.0010,0.4526,0.1128,-76,428,3026,-0.0009,2.5210,3.1279,-0.1521,2128,61,3001,-0.0014,2.8837,3.2628,0.2475,2087,55
8.920,31.6,9.958,0.056,0.027,7473,2,512.3,3152,0.0016,-0.0012,0.5075,-0.1795,-95,467,3119,0.0010,-0.0010,0.4846,0.1108,-76,457,3027,-0.0009,2.4867,3.2895,-0.1472,2130,65,3000,-0.0015,2.8046,3.4461,0.2502,2091,59
8.940,31.9,10.566,0.057,0.031,7500,2,510.9,3155,0.0016,-0.0013,0.5147,-0.1860,-80,500,3116,0.0009,-0.0013,0.6685,0.1042,-100,602,3028,-0.0008,2.4514,3.4372,-0.1420,2132,68,2996,-0.0015,2.7306,3.5467,0.2647,2092,62
8.960,32.1,11.263,0.058,0.036,7529,2,509.3,3158,0.0017,-0.0012,0.6548,-0.1934,-104,617,3114,0.0009,-0.0014,0.5957,0.1013,-64,604,3030,-0.0008,2.3899,3.6616,-0.1379,2136,74,2993,-0.0016,2.6382,3.7616,0.2761,2095,68
8.980,32.3,11.971,0.061,0.041,7476,2,-180.7,3165,0.0018,-0.0014,0.5718,-0.2063,-72,590,3112,0.0008,-0.0007,0.5946,0.0970,-64,594,3033,-0.0007,2.2507,3.8655,-0.1257,2148,82,2990,-0.0017,2.4668,3.9930,0.2896,2102,76
9.000,32.5,12.651,0.062,0.046,7425,2,-180.6,3171,0.0019,-0.0008,0.5796,-0.2187,-75,578,3111,0.0008,-0.0009,0.6443,0.0955,-79,619,3031,-0.0008,2.0052,4.0348,-0.1314,2168,95,2983,-0.0018,2.1852,4.1618,0.3162,2118,89
9.020,32.7,13.318,0.063,0.048,7376,2,-180.5,3176,0.0020,-0.0009,0.6150,-0.2302,-87,593,3110,0.0008,-0.0011,0.6482,0.0932,-74,623,3033,-0.0007,1.6557,4.2318,-0.1258,2207,119,2979,-0.0019,1.7949,4.3864,0.3313,2151,111
9.040,33.0,13.945,0.062,0.054,7341,3,-180.4,3179,0.0021,-0.0011,0.6609,-0.2354,-87,631,3109,0.0008,-0.0011,0.7363,0.0900,-84,687,3033,-0.0007,1.2341,4.4605,-0.1229,2277,163,2976,-0.0020,1.3536,4.5979,0.3410,2212,151
9.060,33.2,14.588,0.063,0.059,7458,3,513.2,3181,0.0021,-0.0013,0.7892,-0.2408,-105,741,3103,0.0007,-0.0011,0.7357,0.0788,-65,706,3038,-0.0006,0.9894,4.7343,-0.1042,2357,221,2975,-0.0020,1.1689,4.9063,0.3473,2264,194
9.080,33.5,15.284,0.062,0.064,7404,3,515.6,3182,0.0021,-0.0014,0.8119,-0.2434,-82,797,3097,0.0006,-0.0009,0.8584,0.0663,-87,802,3036,-0.0007,0.9889,4.8199,-0.1125,2379,242,2967,-0.0022,1.2548,5.0388,0.3781,2254,198
9.100,33.7,16.100,0.060,0.069,7363,3,517.3,3185,0.0022,-0.0009,0.7993,-0.2482,-77,805,3092,0.0005,-0.0014,0.9789,0.0548,-91,919,3041,-0.0006,1.2476,5.0069,-0.0956,2320,210,2965,-0.0022,1.6083,5.2329,0.3858,2191,164
9.120,33.9,17.047,0.058,0.077,7263,3,523.6,3188,0.0022,-0.0011,0.9525,-0.2548,-107,919,3088,0.0004,-0.0010,0.8545,0.0465,-44,866,3046,-0.0004,1.6334,5.3136,-0.0739,2242,167,2964,-0.0022,2.0373,5.5008,0.3864,2131,133
9.140,34.1,18.072,0.053,0.084,7169,3,529.5,3194,0.0023,-0.0014,0.9109,-0.2667,-75,917,3083,0.0003,-0.0004,0.9103,0.0365,-70,875,3056,-0.0002,2.0333,5.6356,-0.0379,2192,140,2965,-0.0022,2.4646,5.8625,0.3832,2092,116
9.160,34.4,19.196,0.047,0.089,7083,3,534.8,3199,0.0024,-0.0010,1.0826,-0.2773,-99,1039,3078,0.0002,-0.0010,0.9661,0.0260,-71,910,3069,0.0001,2.4292,5.9088,0.0142,2163,122,2971,-0.0021,2.8925,6.2423,0.3627,2067,105
9.180,34.6,20.399,0.043,0.091,7004,3,539.8,3203,0.0025,-0.0012,1.0328,-0.2870,-68,1034,3075,0.0002,-0.0010,1.0523,0.0194,-67,973,3085,0.0004,2.8209,6.1879,0.0725,2146,110,2979,-0.0019,3.3154,6.5603,0.3291,2052,96
9.200,34.8,21.670,0.040,0.093,6942,3,544.4,3206,0.0026,-0.0008,1.1236,-0.2929,-89,1092,3075,0.0002,-0.0009,1.1332,0.0186,-65,1044,3096,0.0007,3.2144,6.5823,0.1154,2132,103,2988,-0.0017,3.7417,6.9315,0.2960,2042,90
9.220,35.0,23.062,0.037,0.093,7303,3,522.7,3207,0.0026,-0.0011,1.1742,-0.2955,-78,1142,3073,0.0001,-0.0011,1.3011,0.0157,-75,1178,3103,0.0008,3.4836,6.9705,0.1435,2124,100,2993,-0.0016,3.9879,7.3877,0.2763,2036,89
9.240,35.2,24.563,0.036,0.090,7448,3,-180.6,3208,0.0026,-0.0010,1.2736,-0.2962,-85,1224,3074,0.0002,-0.0010,1.3327,0.0180,-54,1237,3108,0.0009,3.5323,7.3627,0.1622,2124,103,2999,-0.0015,4.0767,7.8885,0.2550,2037,93
9.260,35.4,26.147,0.036,0.086,7440,3,-180.7,3206,0.0026,-0.0011,1.3676,-0.2932,-87,1309,3077,0.0002,-0.0008,1.4476,0.0239,-65,1327,3110,0.0010,3.4688,7.8052,0.1682,2126,110,3004,-0.0014,4.0409,8.3450,0.2356,2040,99
9.280,35.6,27.873,0.034,0.082,7433,3,-180.7,3204,0.0025,-0.0014,1.5348,-0.2873,-105,1449,3079,0.0003,-0.0009,1.5498,0.0287,-58,1419,3108,0.0009,3.4315,8.3565,0.1606,2125,119,3006,-0.0013,4.0310,8.9639,0.2272,2041,106
9.300,35.8,29.673,0.036,0.081,7424,3,-180.7,3199,0.0024,-0.0011,1.5867,-0.2776,-65,1518,3080,0.0003,-0.0009,1.7046,0.0304,-62,1540,3108,0.0009,3.3891,8.7671,0.1619,2127,127,3011,-0.0012,4.0095,9.4528,0.2090,2044,113
9.320,36.0,31.644,0.036,0.081,7490,3,-180.8,3198,0.0024,-0.0009,1.7658,-0.2760,-94,1653,3081,0.0003,-0.0009,1.8137,0.0328,-54,1640,3104,0.0008,3.4426,9.3603,0.1448,2123,135,3008,-0.0013,4.0344,10.1708,0.2198,2042,121
9.340,36.2,33.766,0.040,0.081,7483,3,-180.8,3200,0.0024,-0.0014,1.8489,-0.2794,-91,1741,3083,0.0003,-0.0012,2.0541,0.0366,-70,1808,3104,0.0008,3.3935,9.8518,0.1458,2125,144,3008,-0.0013,4.0299,10.7440,0.2185,2042,128
9.360,36.4,35.996,0.044,0.085,7504,3,-180.7,3202,0.0025,-0.0010,1.9484,-0.2847,-73,1821,3085,0.0004,-0.0007,2.0870,0.0408,-33,1871,3097,0.0007,3.3949,10.4879,0.1217,2121,154,3002,-0.0014,4.0553,11.3877,0.2442,2037,135
9.380,36.6,38.346,0.048,0.091,7450,3,-180.6,3206,0.0026,-0.0010,2.1078,-0.2933,-86,1934,3084,0.0003,-0.0004,2.2624,0.0380,-51,1975,3093,0.0006,3.2952,11.0844,0.1057,2120,166,2993,-0.0016,4.0078,12.1391,0.2772,2032,145
9.400,36.8,40.862,0.054,0.100,7461,3,512.8,3211,0.0026,-0.0018,2.4380,-0.3030,-110,2158,3080,0.0003,-0.0010,2.4374,0.0306,-56,2091,3089,0.0005,3.2931,11.7365,0.0910,2118,177,2982,-0.0018,3.9885,12.9300,0.3176,2025,155
9.420,37.0,43.581,0.055,0.110,7322,3,521.4,3220,0.0028,-0.0011,2.4566,-0.3219,-61,2224,3076,0.0002,-0.0008,2.6313,0.0210,-41,2209,3086,0.0004,3.1568,12.5488,0.0766,2119,195,2968,-0.0022,3.9277,13.8078,0.3748,2016,167
9.440,37.2,46.422,0.056,0.115,7420,3,-180.6,3226,0.0029,-0.0005,2.6313,-0.3337,-68,2325,3067,0.0000,-0.0005,2.8944,0.0038,-37,2347,3088,0.0005,3.2022,13.2032,0.0872,2117,202,2959,-0.0024,3.9724,14.7746,0.4077,2008,175
9.460,37.4,49.384,0.058,0.121,7483,3,511.4,3229,0.0030,-0.0011,2.8506,-0.3412,-85,2454,3064,0.0000,-0.0006,3.1465,-0.0033,-39,2482,3089,0.0005,3.2213,13.9920,0.0905,2118,215,2954,-0.0025,4.0020,15.6700,0.4262,2004,186
9.480,37.5,52.548,0.057,0.126,7490,3,511.0,3235,0.0031,-0.0013,3.1142,-0.3532,-81,2605,3061,-0.0001,-0.0005,3.4183,-0.0101,-32,2610,3090,0.0006,3.1975,14.8484,0.0946,2118,230,2948,-0.0026,4.0236,16.8656,0.4503,1998,198
9.500,37.7,55.883,0.057,0.130,7488,3,511.1,3241,0.0032,-0.0013,3.3560,-0.3661,-80,2737,3059,-0.0001,-0.0003,3.7117,-0.0130,-27,2731,3096,0.0007,3.1564,15.7106,0.1168,2122,247,2947,-0.0026,4.0410,17.8418,0.4519,1996,209
9.520,37.9,59.359,0.056,0.130,7487,3,511.2,3244,0.0032,-0.0007,3.6379,-0.3718,-61,2867,3058,-0.0001,-0.0004,4.0461,-0.0168,-26,2848,3099,0.0007,3.1324,16.6725,0.1269,2123,265,2946,-0.0027,4.0724,19.2052,0.4560,1993,223
9.540,38.0,62.945,0.054,0.136,7456,3,513.2,3244,0.0032,-0.0018,4.0752,-0.3722,-91,3026,3057,-0.0002,-0.0001,4.4402,-0.0176,-18,2962,3100,0.0008,3.0946,17.7115,0.1319,2122,284,2947,-0.0026,4.0560,20.3433,0.4527,1992,237
9.560,38.2,66.664,0.053,0.148,7415,3,515.0,3251,0.0034,-0.0003,4.3288,-0.3856,-47,3127,3055,-0.0002,0.0000,4.8783,-0.0221,-15,3062,3110,0.0010,3.0477,18.6950,0.1688,2128,304,2950,-0.0026,4.0481,21.5513,0.4428,1992,252
9.580,38.3,70.542,0.053,0.159,7375,3,518.2,3262,0.0036,-0.0013,4.7686,-0.4091,-77,3245,3049,-0.0003,0.0003,5.3530,-0.0338,-9,3140,3122,0.0013,3.0158,19.6862,0.2161,2135,325,2948,-0.0026,4.0376,22.9804,0.4482,1989,268
9.600,38.4,74.573,0.050,0.169,7328,3,-180.5,3274,0.0038,-0.0020,5.1824,-0.4347,-69,3342,3045,-0.0004,0.0002,5.8805,-0.0426,-7,3200,3131,0.0015,2.9581,20.8347,0.2516,2138,345,2944,-0.0027,4.0167,24.4685,0.4644,1984,283
9.620,38.5,78.529,0.045,0.186,7395,3,516.9,3279,0.0039,0.0015,5.6001,-0.4455,-31,3410,3036,-0.0005,-0.0008,6.5527,-0.0626,-3,3244,3141,0.0017,2.9754,22.1142,0.2895,2141,370,2942,-0.0027,4.0646,25.9589,0.4726,1980,299
9.640,38.7,82.584,0.043,0.198,7397,3,-180.5,3286,0.0040,-0.0014,6.1830,-0.4592,-62,3475,3018,-0.0009,0.0027,7.3605,-0.0987,8,3265,3157,0.0020,3.0137,23.1680,0.3475,2147,383,2938,-0.0028,4.1320,27.6123,0.4893,1973,312
9.660,38.8,86.629,0.044,0.214,7367,3,-180.5,3294,0.0041,-0.0020,6.9907,-0.4753,-44,3534,3008,-0.0010,0.0016,8.0353,-0.1196,11,3272,3167,0.0023,2.9980,24.4280,0.3883,2150,408,2934,-0.0029,4.1518,29.2437,0.5040,1967,329
9.680,38.9,90.686,0.048,0.229,7359,3,519.5,3308,0.0044,0.0018,7.5125,-0.5042,-37,3570,3000,-0.0012,0.0019,8.9771,-0.1374,21,3266,3176,0.0025,2.9600,25.7196,0.4212,2152,434,2924,-0.0031,4.1433,30.9840,0.5413,1958,347
9.700,38.9,94.772,0.051,0.246,7445,3,514.4,3323,0.0047,0.0000,8.1431,-0.5362,-30,3596,2993,-0.0013,0.0028,9.8708,-0.1508,22,3251,3182,0.0026,2.8934,27.1009,0.4431,2153,467,2912,-0.0034,4.1027,32.8011,0.5874,1947,368
9.720,39.0,98.804,0.049,0.258,7531,3,509.3,3337,0.0049,0.0005,8.9325,-0.5650,-22,3610,2983,-0.0015,0.0036,10.9740,-0.1720,31,3219,3187,0.0027,2.7760,28.5153,0.4654,2153,510,2898,-0.0037,3.9983,34.8188,0.6401,1935,397
9.740,39.1,102.681,0.053,0.270,7443,3,-180.6,3345,0.0051,0.0013,9.8028,-0.5827,-16,3606,2973,-0.0017,0.0044,12.1635,-0.1927,40,3177,3197,0.0029,2.6075,29.8964,0.5020,2156,565,2893,-0.0038,3.8150,36.6273,0.6610,1928,434
9.760,39.1,106.452,0.054,0.277,7417,3,-180.6,3352,0.0052,0.0016,10.7401,-0.5970,-2,3591,2963,-0.0019,0.0055,13.4861,-0.2143,43,3127,3196,0.0029,2.3768,31.2956,0.4977,2150,641,2877,-0.0042,3.5580,38.6992,0.7192,1913,485
9.780,39.1,109.924,0.057,0.285,7393,3,-180.5,3353,0.0052,0.0026,11.8155,-0.5997,0,3559,2955,-0.0020,0.0072,15.0140,-0.2306,48,3071,3194,0.0029,2.0948,32.7471,0.4917,2139,745,2868,-0.0044,3.2098,40.4637,0.7536,1901,553
9.800,39.2,113.190,0.060,0.296,7351,4,520.4,3357,0.0053,0.0034,12.8270,-0.6078,22,3526,2947,-0.0022,0.0089,16.4742,-0.2468,63,3015,3192,0.0028,1.8413,34.2159,0.4822,2118,870,2856,-0.0047,2.9419,42.4192,0.7998,1883,626
9.820,39.1,116.190,0.061,0.310,7377,4,517.8,3362,0.0054,0.0043,13.9893,-0.6179,10,3488,2936,-0.0024,0.0100,18.1653,-0.2693,53,2953,3189,0.0027,1.7466,35.7438,0.4699,2094,955,2840,-0.0050,2.9280,44.4219,0.8610,1862,660
9.840,39.1,119.077,0.066,0.326,7465,4,511.4,3369,0.0055,0.0061,15.1986,-0.6328,35,3448,2923,-0.0026,0.0138,19.9520,-0.2966,69,2887,3194,0.0028,1.8395,37.2805,0.4898,2085,962,2829,-0.0053,3.1894,46.4377,0.9043,1850,641
9.860,39.1,121.993,0.069,0.339,7371,4,516.9,3379,0.0057,0.0071,16.4446,-0.6530,52,3410,2910,-0.0028,0.0173,22.0147,-0.3241,87,2820,3192,0.0028,2.0690,38.7187,0.4813,2084,903,2808,-0.0057,3.6405,48.3996,0.9844,1837,588
9.880,39.1,124.946,0.072,0.347,7269,4,523.2,3387,0.0058,0.0079,17.7754,-0.6699,40,3369,2899,-0.0030,0.0190,23.9832,-0.3461,82,2760,3192,0.0028,2.3649,40.3283,0.4820,2085,831,2793,-0.0061,4.1506,50.4462,1.0421,1827,538
9.900,39.0,127.912,0.074,0.352,7175,4,529.1,3393,0.0060,0.0103,19.2399,-0.6820,48,3324,2893,-0.0031,0.0243,26.0527,-0.3601,92,2706,3190,0.0028,2.6636,41.9139,0.4762,2084,772,2781,-0.0063,4.7130,52.5931,1.0870,1818,494
9.920,39.0,130.886,0.071,0.354,7089,4,534.5,3396,0.0060,0.0130,20.6393,-0.6886,67,3279,2889,-0.0032,0.0294,28.3699,-0.3679,102,2656,3190,0.0028,2.9913,43.6363,0.4768,2082,720,2776,-0.0064,5.3601,54.9009,1.1079,1814,454
9.940,38.9,133.837,0.066,0.350,7009,4,539.5,3397,0.0060,0.0170,22.3829,-0.6907,98,3227,2888,-0.0032,0.0347,30.8526,-0.3699,109,2609,3197,0.0029,3.3288,45.2617,0.5010,2085,676,2780,-0.0063,6.0255,56.9839,1.0899,1815,422
9.960,38.8,136.689,0.061,0.351,6935,4,544.1,3394,0.0060,0.0156,23.8396,-0.6831,66,3181,2889,-0.0032,0.0441,33.6862,-0.3674,127,2564,3203,0.0030,3.7245,47.1851,0.5239,2086,634,2790,-0.0061,6.7856,59.0758,1.0519,1820,391
9.980,38.8,139.561,0.055,0.353,6867,4,548.3,3392,0.0059,0.0217,25.4057,-0.6798,88,3136,2886,-0.0033,0.0504,36.4546,-0.3738,132,2520,3212,0.0033,4.1115,48.8641,0.5609,2090,599,2799,-0.0059,7.6557,61.2985,1.0196,1824,362
10.000,38.7,142.502,0.050,0.345,6804,4,552.3,3391,0.0059,0.0263,27.2742,-0.6788,108,3091,2883,-0.0033,0.0581,39.2034,-0.3805,136,2481,3224,0.0035,4.5299,50.4938,0.6056,2095,565,2808,-0.0057,8.7603,63.7579,0.9833,1828,331
10.020,38.6,145.342,0.046,0.335,6745,4,555.9,3384,0.0058,0.0292,29.0011,-0.6635,111,3044,2888,-0.0032,0.0773,42.7425,-0.3704,162,2445,3228,0.0036,4.9894,52.2931,0.6186,2095,534,2822,-0.0054,9.9219,65.8914,0.9322,1835,305
10.040,38.5,148.175,0.045,0.327,6973,4,543.3,3375,0.0056,0.0366,30.9783,-0.6447,133,2995,2893,-0.0031,0.0789,45.7105,-0.3606,155,2417,3228,0.0036,5.5237,54.1912,0.6207,2094,502,2833,-0.0052,11.4608,68.1977,0.8871,1841,275
10.060,38.3,151.047,0.045,0.318,7277,4,524.4,3368,0.0055,0.0396,32.7958,-0.6293,133,2953,2897,-0.0031,0.0985,49.1938,-0.3520,167,2388,3225,0.0035,6.1043,56.0190,0.6072,2090,470,2839,-0.0050,13.2082,70.4533,0.8649,1843,248
10.080,38.2,153.915,0.044,0.305,7422,4,-180.5,3363,0.0054,0.0482,34.9491,-0.6195,149,2912,2906,-0.0029,0.1194,53.0019,-0.3333,182,2365,3219,0.0034,6.6703,57.9695,0.5858,2084,444,2845,-0.0049,15.4895,72.9371,0.8435,1845,219
10.100,38.1,156.770,0.045,0.287,7426,4,514.4,3355,0.0053,0.0548,37.0507,-0.6022,159,2871,2916,-0.0027,0.1433,56.8846,-0.3127,200,2343,3214,0.0033,7.0977,59.7713,0.5686,2080,431,2855,-0.0047,17.7335,75.2674,0.8037,1849,199
10.120,37.9,159.569,0.046,0.271,7389,4,-180.5,3344,0.0051,0.0630,39.0971,-0.5794,170,2831,2930,-0.0025,0.1734,61.1559,-0.2820,218,2327,3205,0.0031,7.5318,61.7293,0.5305,2072,417,2866,-0.0044,21.1142,77.7441,0.7616,1855,174
10.140,37.7,162.396,0.048,0.251,7434,4,513.9,3337,0.0049,0.0740,41.5987,-0.5645,185,2792,2947,-0.0022,0.2045,65.3820,-0.2481,233,2315,3197,0.0029,8.1506,63.6610,0.5006,2065,400,2878,-0.0042,25.7178,79.9626,0.7182,1860,149
10.160,37.5,165.170,0.051,0.238,7328,4,-180.5,3327,0.0047,0.0812,43.8383,-0.5441,189,2757,2965,-0.0018,0.2536,70.1026,-0.2097,251,2306,3185,0.0027,8.6667,65.6985,0.4555,2057,384,2889,-0.0039,32.8188,82.2774,0.6752,1865,121
10.180,37.3,167.974,0.053,0.229,7444,4,513.3,3322,0.0047,0.0938,46.3566,-0.5347,200,2725,2979,-0.0016,0.3241,74.9149,-0.1799,272,2296,3175,0.0024,9.7096,67.7278,0.4175,2049,357,2894,-0.0038,49.0623,84.7700,0.6546,1865,86
10.200,37.1,170.839,0.054,0.217,7336,4,519.8,3319,0.0046,0.1121,49.1716,-0.5280,222,2694,2990,-0.0014,0.4332,79.7713,-0.1577,292,2285,3169,0.0023,10.4960,69.7025,0.3930,2044,339,2899,-0.0037,87.1513,87.0974,0.6355,1865,52
10.220,36.9,173.683,0.055,0.206,7455,4,512.6,3311,0.0045,0.1217,51.8539,-0.5109,226,2662,2998,-0.0012,0.7611,84.9506,-0.1401,322,2275,3159,0.0021,12.0434,71.8142,0.3577,2038,306,2904,-0.0036,123.7398,87.9315,0.6188,1866,34
10.240,36.7,176.529,0.059,0.192,7350,4,519.1,3303,0.0043,0.1372,54.6261,-0.4942,233,2633,3007,-0.0011,0.6131,85.3687,-0.1232,346,2267,3150,0.0019,13.3712,73.7852,0.3236,2031,283,2908,-0.0035,113.5233,87.7635,0.6024,1869,35
10.260,36.4,179.314,0.059,0.181,7468,4,511.7,3299,0.0042,0.1620,57.8904,-0.4865,249,2606,3023,-0.0008,0.4869,84.1120,-0.0884,335,2273,3141,0.0017,15.9265,75.9828,0.2863,2024,246,2915,-0.0034,58.1525,85.5822,0.5760,1875,63
10.280,36.2,182.062,0.058,0.174,7363,4,518.3,3292,0.0041,0.1806,61.0545,-0.4707,257,2579,3031,-0.0006,0.3233,78.5053,-0.0725,321,2275,3133,0.0015,18.4425,77.9663,0.2578,2018,219,2920,-0.0032,36.3512,82.9880,0.5570,1882,102
10.300,35.9,184.819,0.058,0.167,7481,4,510.9,3283,0.0039,0.2093,64.5346,-0.4526,268,2552,3033,-0.0006,0.2706,73.0931,-0.0682,308,2275,3128,0.0014,23.1580,80.1332,0.2366,2013,180,2923,-0.0032,27.5732,80.6005,0.5446,1886,133
10.320,35.6,187.554,0.057,0.167,7376,4,517.5,3276,0.0038,0.2427,68.2272,-0.4391,278,2528,3037,-0.0005,0.2697,67.0655,-0.0607,310,2279,3122,0.0013,29.4558,82.2465,0.2165,2007,147,2926,-0.0031,21.8397,78.2129,0.5332,1890,165
10.340,35.3,190.326,0.054,0.164,7494,4,510.2,3271,0.0037,0.3053,72.5287,-0.4273,299,2504,3031,-0.0006,0.2530,61.7533,-0.0732,315,2281,3120,0.0012,43.3325,84.5461,0.2072,2003,104,2923,-0.0032,18.2764,75.6114,0.5436,1890,192
10.360,35.0,193.044,0.054,0.165,7454,4,512.7,3258,0.0035,0.3360,76.5089,-0.4013,300,2481,3022,-0.0008,0.2446,56.1233,-0.0907,331,2287,3116,0.0011,70.4760,86.6489,0.1912,1997,68,2922,-0.0032,15.4269,73.0265,0.5470,1891,220
10.380,34.7,195.848,0.050,0.165,7418,4,515.2,3254,0.0034,0.5206,81.7876,-0.3929,320,2463,3017,-0.0009,0.2308,50.4099,-0.1021,357,2302,3113,0.0010,118.4236,87.9724,0.1791,1993,39,2918,-0.0033,13.5406,70.6541,0.5635,1890,243
10.400,34.3,198.584,0.047,0.168,7427,4,514.9,3240,0.0032,0.5179,84.5721,-0.3635,322,2444,3003,-0.0011,0.2084,45.0461,-0.1306,380,2320,3109,0.0010,119.6080,87.9507,0.1675,1991,37,2915,-0.0033,12.0926,68.1575,0.5736,1890,263
10.420,34.0,201.405,0.044,0.173,7418,4,515.7,3232,0.0030,0.3406,84.2120,-0.3472,284,2435,2990,-0.0014,0.1825,39.7918,-0.1573,398,2349,3110,0.0010,73.0272,86.5957,0.1689,1992,52,2912,-0.0034,10.8888,65.6912,0.5878,1890,281
10.440,33.6,204.310,0.039,0.172,7467,4,512.9,3228,0.0030,0.4109,80.5738,-0.3386,274,2426,2980,-0.0016,0.1553,34.6289,-0.1790,410,2392,3112,0.0010,43.9749,84.2883,0.1773,1997,88,2909,-0.0035,9.8335,63.1714,0.5990,1890,299
10.460,33.2,207.196,0.039,0.171,7517,4,510.0,3218,0.0028,0.3036,73.6936,-0.3174,273,2415,2970,-0.0017,0.1270,29.6364,-0.1998,413,2448,3113,0.0010,31.6087,82.0664,0.1801,2000,123,2910,-0.0035,8.8721,60.5504,0.5957,1892,318
10.480,32.8,210.160,0.040,0.174,7451,4,-180.7,3218,0.0028,0.2496,65.4499,-0.3167,279,2415,2971,-0.0017,0.1032,24.5433,-0.1978,421,2527,3113,0.0010,24.4146,79.7875,0.1795,2002,157,2911,-0.0034,8.0437,58.0525,0.5922,1895,337
10.500,32.4,213.179,0.040,0.183,7388,4,-180.5,3223,0.0029,0.2025,56.1749,-0.3272,282,2426,2972,-0.0017,0.0777,19.5832,-0.1948,421,2629,3116,0.0011,19.6183,77.4535,0.1914,2006,191,2911,-0.0034,7.2521,55.4056,0.5915,1898,356
10.520,32.0,216.343,0.040,0.192,7386,4,-180.5,3233,0.0030,0.1658,45.5894,-0.3490,286,2454,2970,-0.0017,0.0541,14.8338,-0.1988,406,2753,3123,0.0013,16.1467,75.0737,0.2183,2012,226,2908,-0.0035,6.5346,52.8249,0.6032,1899,377
10.540,31.5,219.619,0.040,0.206,7366,5,-180.5,3243,0.0032,0.1219,34.2250,-0.3691,287,2499,2966,-0.0018,0.0351,10.0695,-0.2083,388,2907,3131,0.0015,13.5049,72.6626,0.2509,2019,263,2905,-0.0036,5.8621,50.0762,0.6151,1900,398
10.560,31.1,223.123,0.039,0.215,7410,5,516.3,3252,0.0034,0.0794,22.1395,-0.3888,286,2571,2956,-0.0020,0.0201,5.6271,-0.2277,353,3079,3140,0.0016,11.7507,70.3696,0.2823,2026,295,2897,-0.0037,5.4131,47.5312,0.6425,1900,410
10.580,30.6,226.848,0.038,0.223,7402,5,515.9,3261,0.0036,0.0329,9.9406,-0.4080,275,2689,2952,-0.0021,0.0092,0.9862,-0.2374,337,3200,3148,0.0018,10.6651,67.8819,0.3165,2032,317,2895,-0.0038,5.1725,44.8393,0.6516,1903,408
10.600,30.2,230.578,0.036,0.230,7400,5,515.1,3269,0.0037,-0.0043,-2.1237,-0.4243,254,2890,2948,-0.0021,0.0019,-3.5378,-0.2452,268,2205,3157,0.0020,10.1856,65.4508,0.3495,2039,324,2894,-0.0038,5.1000,41.9675,0.6547,1908,390
10.620,29.8,232.249,0.036,0.234,7296,5,521.5,3269,0.0037,-0.0275,-11.5131,-0.4239,137,3244,2938,-0.0023,0.0018,-7.2926,-0.2658,126,-2049,3162,0.0021,10.0182,62.8839,0.3670,2044,318,2891,-0.0039,5.1369,39.3250,0.6674,1911,365
10.640,29.6,231.714,0.039,0.233,7200,5,527.5,3272,0.0038,-0.0026,-18.8452,-0.4304,126,3428,2935,-0.0024,0.0006,-10.5072,-0.2721,72,-3167,3163,0.0022,9.9377,60.1506,0.3708,2047,309,2887,-0.0040,5.2016,36.7330,0.6830,1912,337
10.660,29.4,227.830,0.042,0.229,7112,5,533.0,3273,0.0038,0.0009,-23.6299,-0.4313,-43,-3405,2937,-0.0023,-0.0023,-13.0775,-0.2673,53,-3176,3158,0.0020,9.9429,57.4078,0.3522,2046,295,2883,-0.0040,5.3102,34.2474,0.6957,1913,309
10.680,29.3,221.351,0.042,0.222,7030,5,538.1,3273,0.0038,0.0018,-26.3713,-0.4330,152,-3402,2944,-0.0022,-0.0039,-14.6673,-0.2534,19,-3113,3152,0.0019,9.9724,54.4187,0.3307,2045,280,2883,-0.0041,5.4392,32.0215,0.6988,1915,283
10.700,29.1,215.208,0.040,0.206,6955,5,542.9,3268,0.0037,-0.0043,-29.0024,-0.4210,90,-3182,2948,-0.0021,-0.0049,-16.4201,-0.2456,16,-3047,3149,0.0018,9.9675,51.0213,0.3169,2045,263,2887,-0.0040,5.5784,29.8833,0.6830,1919,258
10.720,29.0,209.264,0.043,0.185,6885,5,547.2,3252,0.0034,0.0008,-31.7157,-0.3893,96,-3026,2956,-0.0020,-0.0073,-18.2615,-0.2287,-2,-2987,3140,0.0016,10.1368,47.8159,0.2835,2041,243,2897,-0.0037,5.7403,27.5750,0.6435,1927,233
10.740,28.8,203.464,0.046,0.165,6820,5,551.2,3239,0.0032,-0.0043,-33.9549,-0.3618,78,-2923,2973,-0.0017,-0.0095,-19.9933,-0.1935,-15,-2943,3122,0.0013,10.2870,44.7223,0.2167,2032,223,2904,-0.0036,5.9211,25.3336,0.6162,1932,209
10.760,28.6,197.810,0.051,0.147,6761,5,555.0,3229,0.0030,-0.0073,-36.2495,-0.3398,62,-2848,2991,-0.0014,-0.0119,-21.7023,-0.1564,-27,-2904,3107,0.0009,10.5096,41.3251,0.1598,2024,201,2913,-0.0034,6.1269,23.0806,0.5846,1937,185
10.780,28.3,192.286,0.052,0.132,6706,5,558.4,3220,0.0028,-0.0107,-38.4817,-0.3219,48,-2790,3008,-0.0010,-0.0152,-23.3267,-0.1193,-43,-2871,3091,0.0006,10.8199,38.1523,0.0986,2015,180,2918,-0.0033,6.3289,20.9167,0.5631,1940,163
10.800,28.1,186.897,0.054,0.117,6655,5,561.6,3213,0.0027,-0.0150,-40.5368,-0.3072,33,-2744,3023,-0.0008,-0.0171,-25.0885,-0.0885,-47,-2836,3083,0.0004,11.1257,34.5486,0.0647,2010,159,2927,-0.0031,6.5689,18.6591,0.5289,1945,141
10.820,27.8,181.771,0.055,0.104,6608,5,564.5,3206,0.0026,-0.0193,-42.6232,-0.2932,20,-2705,3037,-0.0005,-0.0219,-26.8729,-0.0592,-67,-2804,3073,0.0002,11.5117,31.1270,0.0278,2004,138,2935,-0.0029,6.8149,16.4757,0.5008,1948,121
10.840,27.6,176.761,0.059,0.092,6565,5,567.2,3200,0.0024,-0.0249,-44.6649,-0.2803,6,-2670,3051,-0.0003,-0.0229,-28.3140,-0.0312,-65,-2780,3066,0.0000,11.9481,27.4914,0.0007,1999,118,2944,-0.0027,7.1284,14.2709,0.4664,1952,101
10.860,27.3,171.818,0.056,0.083,6525,5,569.7,3195,0.0023,-0.0296,-46.5944,-0.2686,-6,-2641,3062,-0.0001,-0.0266,-30.0136,-0.0084,-72,-2754,3055,-0.0002,12.5138,24.4023,-0.0420,1991,100,2946,-0.0027,7.3850,12.2176,0.4575,1952,84
10.880,27.0,167.043,0.052,0.071,6574,5,567.4,3189,0.0022,-0.0303,-48.2136,-0.2569,-9,-2615,3070,0.0001,-0.0314,-31.5211,0.0081,-87,-2729,3055,-0.0002,12.9827,20.4011,-0.0412,1991,81,2957,-0.0024,7.7033,10.0801,0.4145,1957,67
10.900,26.7,162.346,0.047,0.058,6721,5,558.3,3181,0.0021,-0.0367,-49.9431,-0.2408,-18,-2590,3079,0.0002,-0.0330,-33.0952,0.0281,-88,-2708,3057,-0.0002,13.5806,16.6493,-0.0323,1991,64,2974,-0.0020,8.0381,7.8962,0.3513,1965,51
10.920,26.4,157.706,0.042,0.045,6866,5,549.3,3173,0.0020,-0.0429,-51.6557,-0.2239,-28,-2566,3090,0.0004,-0.0374,-34.7594,0.0508,-97,-2688,3060,-0.0001,14.2438,12.8318,-0.0215,1992,47,2992,-0.0016,8.4074,5.7779,0.2812,1974,37
10.940,26.1,153.149,0.042,0.031,7009,5,540.4,3165,0.0018,-0.0458,-53.3468,-0.2065,-34,-2544,3101,0.0006,-0.0393,-36.2071,0.0730,-98,-2672,3064,0.0000,15.0506,8.7185,-0.0071,1993,31,3011,-0.0012,8.8354,3.4778,0.2073,1984,22
10.960,25.7,148.657,0.043,0.017,7159,5,531.1,3156,0.0016,-0.0504,-54.9553,-0.1881,-40,-2523,3111,0.0008,-0.0432,-37.7205,0.0942,-103,-2658,3055,-0.0002,15.8109,4.8083,-0.0392,1986,17,3018,-0.0010,9.2250,1.3911,0.1800,1986,10
10.980,25.4,144.214,0.043,0.005,7311,5,521.7,3146,0.0015,-0.0548,-56.5235,-0.1672,-45,-2502,3121,0.0010,-0.0464,-39.1969,0.1152,-108,-2644,3045,-0.0004,16.7014,0.9036,-0.0772,1978,5,3025,-0.0009,9.6936,-0.7784,0.1552,1987,-1
11.000,25.0,139.809,0.041,-0.004,7461,5,512.3,3136,0.0013,-0.0737,-58.4927,-0.1475,-68,-2481,3129,0.0012,-0.0492,-40.6311,0.1319,-111,-2631,3038,-0.0006,17.7134,-3.0358,-0.1050,1972,-7,3032,-0.0007,10.2143,-3.0324,0.1285,1989,-12
11.020,24.7,135.520,0.038,-0.014,7319,5,520.7,3125,0.0011,-0.0578,-59.6614,-0.1240,-59,-2462,3131,0.0012,-0.0520,-42.0339,0.1367,-113,-2615,3033,-0.0007,18.2670,-7.2826,-0.1251,1968,-18,3038,-0.0006,10.4497,-5.1556,0.1062,1991,-22
11.040,24.3,131.281,0.034,-0.021,7366,5,517.8,3113,0.0009,-0.0540,-60.9025,-0.0996,-48,-2444,3133,0.0012,-0.0573,-43.5734,0.1412,-122,-2598,3029,-0.0008,19.2323,-11.3745,-0.1415,1964,-27,3045,-0.0005,10.8834,-7.2535,0.0791,1994,-31
11.060,24.0,127.160,0.033,-0.029,7409,5,515.1,3103,0.0007,-0.0617,-62.2655,-0.0780,-46,-2427,3133,0.0012,-0.0562,-44.8186,0.1407,-117,-2583,3029,-0.0008,20.2778,-15.7232,-0.1397,1963,-37,3054,-0.0003,11.3497,-9.5372,0.0456,1997,-40
11.080,23.6,123.029,0.029,-0.038,7452,5,512.4,3097,0.0006,-0.0726,-63.7301,-0.0647,-53,-2414,3138,0.0013,-0.0579,-46.2421,0.1515,-114,-2572,3027,-0.0009,21.4044,-19.7238,-0.1488,1960,-44,3061,-0.0001,11.8784,-11.5860,0.0186,1999,-47
11.100,23.3,118.923,0.024,-0.045,7492,5,509.9,3088,0.0004,-0.0756,-65.0150,-0.0471,-58,-2399,3143,0.0014,-0.0627,-47.6632,0.1618,-118,-2562,3026,-0.0009,22.6715,-23.7439,-0.1508,1958,-50,3071,0.0001,12.4208,-13.9038,-0.0214,2004,-54
11.120,22.9,114.919,0.021,-0.055,7355,5,518.9,3079,0.0003,-0.0801,-66.3479,-0.0287,-63,-2385,3144,0.0014,-0.0616,-48.8825,0.1638,-114,-2550,3029,-0.0008,23.2854,-27.9878,-0.1411,1959,-58,3082,0.0004,12.6555,-16.1486,-0.0616,2009,-62
11.140,22.5,110.914,0.020,-0.059,7502,5,509.8,3070,0.0001,-0.0746,-67.4358,-0.0085,-61,-2372,3148,0.0015,-0.0654,-50.3037,0.1726,-116,-2541,3028,-0.0008,25.1353,-32.0088,-0.1438,1957,-62,3092,0.0006,13.4747,-18.4970,-0.1025,2013,-68
11.160,22.1,106.984,0.023,-0.064,7331,5,520.0,3066,0.0000,-0.0718,-68.6281,-0.0015,-57,-2363,3151,0.0016,-0.0643,-51.4742,0.1787,-112,-2532,3027,-0.0009,26.3787,-35.9761,-0.1467,1955,-66,3097,0.0007,13.9060,-20.8059,-0.1191,2015,-74
11.180,21.8,103.047,0.029,-0.068,7377,5,517.1,3068,0.0000,-0.0718,-69.7808,-0.0049,-53,-2358,3160,0.0017,-0.0647,-52.7525,0.1965,-108,-2528,3022,-0.0010,28.2507,-39.7115,-0.1674,1950,-68,3097,0.0007,14.6564,-23.1058,-0.1201,2013,-78
11.200,21.4,99.108,0.032,-0.076,7424,5,514.2,3074,0.0001,-0.0847,-71.1393,-0.0171,-56,-2357,3171,0.0019,-0.0656,-54.0694,0.2206,-106,-2526,3014,-0.0011,30.3496,-43.3671,-0.1960,1945,-69,3094,0.0006,15.4806,-25.2797,-0.1092,2009,-81
11.220,21.0,95.181,0.037,-0.076,7469,5,511.4,3070,0.0001,-0.0656,-71.9714,-0.0087,-48,-2349,3179,0.0021,-0.0660,-55.3115,0.2353,-104,-2522,3006,-0.0013,32.6124,-46.7841,-0.2290,1938,-70,3095,0.0006,16.4837,-27.7972,-0.1110,2007,-84
11.240,20.7,91.320,0.040,-0.076,7400,5,-180.6,3072,0.0001,-0.0671,-73.0688,-0.0133,-42,-2346,3181,0.0021,-0.0701,-56.6080,0.2406,-106,-2514,2998,-0.0015,35.0563,-50.3920,-0.2582,1932,-69,3087,0.0005,17.1420,-30.1651,-0.0826,2001,-87
11.260,20.3,87.548,0.042,-0.082,7453,5,512.9,3068,0.0000,-0.0727,-74.1311,-0.0057,-40,-2339,3178,0.0020,-0.0635,-57.6738,0.2332,-98,-2504,2989,-0.0017,37.2879,-53.4301,-0.2945,1926,-69,3078,0.0003,18.0919,-32.3552,-0.0467,1994,-89
11.280,19.9,83.760,0.045,-0.089,7326,5,520.3,3062,-0.0001,-0.0720,-75.0887,0.0086,-38,-2330,3179,0.0021,-0.0636,-58.9373,0.2368,-92,-2497,2979,-0.0019,40.3938,-56.6518,-0.3314,1919,-68,3075,0.0002,19.0009,-34.9479,-0.0367,1991,-91
11.300,19.6,79.981,0.046,-0.093,7379,5,517.0,3053,-0.0002,-0.0735,-76.0502,0.0273,-36,-2320,3180,0.0021,-0.0640,-60.1346,0.2384,-89,-2490,2967,-0.0022,43.5980,-59.3137,-0.3784,1911,-65,3071,0.0001,20.2920,-37.4016,-0.0201,1986,-91
11.320,19.2,76.259,0.047,-0.099,7431,5,513.8,3044,-0.0004,-0.0768,-77.0247,0.0458,-36,-2310,3177,0.0020,-0.0630,-61.2658,0.2328,-85,-2481,2956,-0.0024,47.6582,-61.9964,-0.4178,1903,-62,3066,0.0000,21.6751,-39.8372,0.0000,1982,-91
11.340,18.8,72.495,0.048,-0.094,7481,5,510.7,3034,-0.0006,-0.0577,-77.7419,0.0658,-29,-2299,3176,0.0020,-0.0661,-62.5317,0.2299,-85,-2472,2947,-0.0026,52.1393,-64.4398,-0.4538,1897,-59,3063,-0.0001,23.3009,-42.3285,0.0103,1978,-90
11.360,18.5,68.812,0.048,-0.090,7339,5,519.9,3034,-0.0006,-0.0543,-78.6250,0.0659,-23,-2296,3170,0.0019,-0.0618,-63.6690,0.2176,-81,-2461,2945,-0.0027,55.7393,-66.9921,-0.4606,1895,-57,3056,-0.0002,24.2523,-44.8171,0.0354,1973,-91
11.380,18.1,65.146,0.048,-0.088,7501,5,509.9,3034,-0.0006,-0.0567,-79.4808,0.0661,-19,-2294,3163,0.0018,-0.0580,-64.7622,0.2038,-75,-2450,2944,-0.0027,62.1926,-68.9767,-0.4659,1894,-53,3050,-0.0004,26.4631,-47.2513,0.0611,1968,-88
11.400,17.8,61.467,0.044,-0.083,7339,5,519.5,3035,-0.0006,-0.0539,-80.2519,0.0642,-14,-2292,3161,0.0017,-0.0634,-66.0515,0.1983,-75,-2442,2946,-0.0027,67.8615,-71.2396,-0.4567,1895,-50,3049,-0.0004,28.0454,-49.7620,0.0628,1966,-87
11.420,17.4,57.833,0.042,-0.075,7390,5,516.3,3032,-0.0006,-0.0551,-80.9732,0.0691,-11,-2287,3152,0.0016,-0.0551,-67.1764,0.1799,-69,-2430,2951,-0.0025,75.7648,-73.1893,-0.4382,1897,-47,3049,-0.0004,30.3746,-52.1991,0.0648,1965,-85
11.440,17.1,54.216,0.041,-0.068,7439,5,513.3,3039,-0.0005,-0.0497,-81.7087,0.0565,-7,-2289,3146,0.0015,-0.0511,-68.3253,0.1674,-63,-2421,2959,-0.0024,85.0012,-75.0145,-0.4059,1901,-43,3047,-0.0004,33.0907,-54.7540,0.0700,1963,-82
11.460,16.8,50.605,0.040,-0.061,7485,5,510.4,3044,-0.0004,-0.0487,-82.4008,0.0453,-4,-2291,3141,0.0014,-0.0500,-69.4997,0.1577,-58,-2412,2967,-0.0022,96.0663,-76.7283,-0.3760,1906,-39,3047,-0.0004,36.2411,-57.2896,0.0714,1961,-78
11.480,16.4,46.995,0.041,-0.054,7349,5,519.3,3050,-0.0003,-0.0506,-83.0646,0.0329,-1,-2292,3137,0.0013,-0.0473,-70.6475,0.1497,-53,-2405,2973,-0.0020,104.5347,-78.2216,-0.3521,1909,-36,3045,-0.0005,38.4857,-59.6978,0.0782,1960,-76
11.500,16.1,43.426,0.041,-0.060,7507,5,509.5,3061,-0.0001,-0.0826,-83.9412,0.0089,-5,-2298,3139,0.0013,-0.0466,-71.7834,0.1525,-49,-2401,2980,-0.0019,121.6591,-79.6997,-0.3261,1912,-32,3044,-0.0005,43.1626,-62.0858,0.0840,1957,-71
11.520,15.8,39.799,0.039,-0.067,7343,5,519.2,3059,-0.0001,-0.0225,-84.3698,0.0131,2,-2294,3145,0.0014,-0.0460,-73.0421,0.1660,-46,-2401,2980,-0.0019,136.6660,-80.9871,-0.3278,1912,-29,3050,-0.0003,47.0012,-64.6372,0.0591,1961,-68
11.540,15.4,36.158,0.039,-0.070,7394,5,516.1,3053,-0.0002,-0.0029,-84.2076,0.0272,13,-2287,3149,0.0015,-0.0424,-74.2514,0.1735,-43,-2399,2977,-0.0020,144.5364,-81.4689,-0.3378,1910,-27,3056,-0.0002,52.4940,-66.9707,0.0367,1963,-63
11.560,15.1,32.570,0.043,-0.075,7442,5,513.1,3053,-0.0002,-0.0193,-84.0445,0.0259,21,-2285,3154,0.0016,-0.0394,-75.4329,0.1840,-40,-2399,2978,-0.0019,145.3633,-81.4999,-0.3344,1910,-27,3060,-0.0001,59.4737,-69.4649,0.0196,1965,-58
11.580,14.8,28.902,0.044,-0.080,7489,5,510.2,3060,-0.0001,-0.0525,-83.8451,0.0119,19,-2288,3168,0.0019,-0.0321,-76.7530,0.2130,-36,-2405,2975,-0.0020,146.2051,-81.5342,-0.3456,1909,-27,3063,0.0000,67.6038,-71.7791,0.0082,1966,-53
11.600,14.5,25.268,0.043,-0.084,7360,5,518.6,3059,-0.0001,-0.0339,-83.6631,0.0147,17,-2286,3174,0.0020,-0.0279,-78.0588,0.2258,-33,-2406,2973,-0.0021,142.0867,-81.5451,-0.3537,1907,-28,3067,0.0000,75.6406,-74.0535,-0.0070,1967,-49
11.620,14.2,21.657,0.046,-0.085,7461,5,-180.7,3054,-0.0002,-0.0121,-83.4368,0.0251,17,-2281,3175,0.0020,-0.0207,-79.3232,0.2269,-28,-2403,2970,-0.0021,145.0613,-81.5917,-0.3634,1906,-27,3069,0.0001,90.3119,-76.3126,-0.0146,1968,-42
11.640,13.9,18.028,0.051,-0.087,7349,5,518.9,3060,-0.0001,0.0144,-83.2214,0.0120,22,-2284,3183,0.0021,-0.0155,-80.6836,0.2440,-23,-2405,2970,-0.0021,143.0696,-81.6317,-0.3672,1905,-27,3070,0.0001,105.9457,-78.4910,-0.0168,1967,-37
11.660,13.6,14.339,0.052,-0.087,7400,5,515.7,3068,0.0000,0.0291,-82.9718,-0.0046,28,-2289,3193,0.0023,-0.0189,-82.1092,0.2654,-18,-2408,2967,-0.0022,144.1184,-81.6502,-0.3763,1904,-27,3070,0.0001,130.6238,-80.5687,-0.0148,1966,-31
11.680,13.3,10.657,0.053,-0.078,7449,5,512.7,3073,0.0001,0.0273,-82.6741,-0.0153,33,-2292,3198,0.0024,-0.0262,-82.6965,0.2760,-17,-2407,2968,-0.0022,145.0270,-81.6675,-0.3717,1905,-27,3071,0.0001,147.9792,-81.6652,-0.0195,1966,-27
11.700,13.0,7.071,0.050,-0.074,7496,5,509.7,3083,0.0003,0.0202,-82.3754,-0.0368,35,-2299,3196,0.0024,-0.0227,-82.3940,0.2720,-18,-2402,2974,-0.0020,145.8846,-81.6536,-0.3493,1908,-27,3067,0.0000,148.6815,-81.7010,-0.0034,1964,-27
11.720,12.7,3.550,0.051,-0.071,7383,5,517.2,3078,0.0002,0.0285,-82.0832,-0.0262,37,-2295,3185,0.0022,-0.0054,-82.0864,0.2496,-16,-2392,2977,-0.0020,142.1220,-81.7130,-0.3400,1910,-28,3064,0.0000,145.2433,-81.7114,0.0049,1963,-28
11.740,12.4,-0.041,0.050,-0.069,7380,5,-180.6,3082,0.0003,0.0339,-81.7579,-0.0338,38,-2297,3184,0.0022,0.0082,-81.7605,0.2473,-11,-2388,2977,-0.0020,143.0995,-81.7379,-0.3384,1910,-27,3061,-0.0001,146.2254,-81.7327,0.0181,1961,-28
11.760,12.1,-3.585,0.051,-0.067,7352,5,518.7,3080,0.0003,0.0448,-81.3945,-0.0297,40,-2296,3179,0.0021,0.0045,-81.3925,0.2352,-5,-2382,2977,-0.0020,142.8993,-81.7548,-0.3373,1910,-28,3058,-0.0002,145.3069,-81.7469,0.0289,1959,-28
11.780,11.9,-7.166,0.052,-0.059,7404,5,515.5,3081,0.0003,0.0510,-80.9836,-0.0318,43,-2297,3177,0.0020,-0.1930,-80.9712,0.2314,-27,-2379,2977,-0.0020,143.9733,-81.7724,-0.3397,1910,-27,3055,-0.0002,146.0491,-81.7527,0.0403,1957,-28
11.800,11.6,-10.625,0.054,-0.053,7454,5,512.4,3084,0.0003,0.0589,-80.5413,-0.0380,46,-2299,3169,0.0019,-0.3263,-80.5593,0.2157,-83,-2371,2979,-0.0019,144.9626,-81.7783,-0.3326,1911,-27,3048,-0.0004,146.8542,-81.7880,0.0662,1953,-28
11.820,11.3,-14.038,0.055,-0.055,7502,5,509.3,3092,0.0005,0.0660,-80.0519,-0.0549,50,-2305,3168,0.0019,-0.2654,-80.0796,0.2142,-137,-2366,2980,-0.0019,145.9278,-81.7890,-0.3255,1912,-27,3043,-0.0005,147.6303,-81.7980,0.0867,1950,-27
11.840,11.1,-17.470,0.053,-0.059,7406,5,515.8,3091,0.0005,0.0636,-79.5442,-0.0530,53,-2305,3170,0.0019,-0.0535,-79.5493,0.2181,-150,-2366,2978,-0.0020,142.5346,-81.7888,-0.3364,1910,-28,3042,-0.0005,144.5991,-81.7972,0.0887,1949,-28
11.860,10.8,-20.849,0.048,-0.065,7359,5,-180.5,3083,0.0003,0.0535,-78.9123,-0.0353,53,-2300,3167,0.0018,0.1263,-78.9760,0.2111,-119,-2366,2974,-0.0020,143.0560,-81.8124,-0.3493,1908,-28,3043,-0.0005,144.8849,-81.8209,0.0857,1950,-28
11.880,10.6,-24.209,0.043,-0.068,7362,5,518.1,3065,0.0000,0.0546,-78.3615,0.0017,53,-2288,3158,0.0017,0.1512,-78.1328,0.1920,-72,-2361,2970,-0.0021,143.1947,-81.8279,-0.3657,1906,-28,3046,-0.0004,142.9513,-81.7492,0.0752,1952,-28
11.900,10.3,-27.590,0.042,-0.066,7413,5,514.9,3051,-0.0003,0.0513,-77.6388,0.0296,51,-2280,3149,0.0015,0.0330,-75.6314,0.1745,-46,-2357,2968,-0.0022,144.2631,-81.8069,-0.3727,1904,-27,3048,-0.0004,126.0375,-80.6312,0.0665,1953,-31
11.920,10.1,-30.975,0.043,-0.062,7462,5,511.8,3051,-0.0003,0.0658,-76.8510,0.0309,51,-2280,3147,0.0015,-0.0848,-72.9140,0.1686,-49,-2357,2970,-0.0021,145.2805,-81.8420,-0.3652,1906,-27,3048,-0.0004,112.4878,-79.5013,0.0659,1954,-35
11.940,9.8,-34.286,0.046,-0.067,7425,5,-180.7,3055,-0.0002,0.0853,-75.9593,0.0222,56,-2285,3145,0.0014,-0.1533,-69.6035,0.1651,-74,-2358,2972,-0.0021,144.4432,-81.8616,-0.3559,1907,-27,3046,-0.0004,100.8297,-78.4095,0.0749,1953,-38
11.960,9.6,-37.703,0.046,-0.072,7435,5,514.0,3059,-0.0001,0.0793,-74.9365,0.0146,60,-2289,3156,0.0016,-0.1259,-66.7584,0.1877,-96,-2368,2969,-0.0021,143.3079,-81.8798,-0.3681,1905,-28,3049,-0.0004,90.6352,-77.2008,0.0646,1955,-42
11.980,9.3,-41.053,0.049,-0.078,7323,5,520.7,3057,-0.0002,0.0646,-73.7699,0.0183,61,-2289,3161,0.0017,-0.0834,-63.0052,0.1977,-110,-2376,2968,-0.0022,142.3058,-81.9019,-0.3734,1904,-28,3053,-0.0003,84.5871,-76.4936,0.0493,1958,-45
12.000,9.1,-44.463,0.051,-0.086,7375,5,517.3,3061,-0.0001,0.0618,-72.3843,0.0098,61,-2295,3174,0.0020,-0.0172,-59.4021,0.2248,-108,-2392,2965,-0.0022,143.7069,-81.9197,-0.3838,1903,-27,3057,-0.0002,78.2465,-75.4078,0.0318,1961,-48
12.020,8.8,-47.899,0.050,-0.092,7424,5,514.2,3063,0.0000,0.0617,-70.6898,0.0048,61,-2299,3187,0.0022,0.0276,-55.3871,0.2532,-94,-2411,2963,-0.0023,144.7822,-81.9408,-0.3914,1901,-27,3064,0.0000,74.5116,-74.6569,0.0044,1966,-50
12.040,8.6,-51.304,0.049,-0.095,7472,5,511.2,3058,-0.0001,0.0597,-68.8374,0.0156,60,-2299,3190,0.0023,0.0328,-50.9535,0.2595,-76,-2424,2961,-0.0023,145.8022,-81.9432,-0.4003,1900,-27,3069,0.0001,70.6447,-73.8429,-0.0124,1969,-52
12.060,8.4,-54.702,0.046,-0.098,7353,5,-180.5,3051,-0.0003,0.0656,-66.4599,0.0309,61,-2297,3188,0.0022,0.0119,-46.2219,0.2550,-62,-2436,2957,-0.0024,143.3109,-81.9820,-0.4147,1898,-27,3069,0.0001,65.7793,-73.0514,-0.0142,1969,-55
12.080,8.2,-58.090,0.043,-0.096,7469,5,511.9,3039,-0.0005,0.0619,-63.8103,0.0554,61,-2293,3179,0.0021,-0.0220,-41.2530,0.2372,-59,-2446,2953,-0.0025,144.3040,-82.0032,-0.4308,1895,-27,3068,0.0000,63.0112,-72.3172,-0.0081,1969,-57
12.100,7.9,-61.450,0.041,-0.096,7329,5,520.2,3031,-0.0006,0.0636,-60.3233,0.0716,63,-2293,3170,0.0019,-0.0475,-36.0423,0.2177,-67,-2458,2952,-0.0025,142.9664,-82.0272,-0.4321,1895,-28,3066,0.0000,59.4743,-71.6027,-0.0019,1968,-60
12.120,7.7,-64.785,0.044,-0.097,7382,5,516.9,3024,-0.0008,0.0498,-56.1508,0.0874,62,-2295,3162,0.0017,-0.0576,-30.6602,0.1999,-84,-2476,2951,-0.0026,144.2523,-82.0176,-0.4394,1894,-27,3063,0.0000,57.3143,-70.9116,0.0085,1967,-61
12.140,7.5,-68.244,0.046,-0.096,7434,5,513.6,3025,-0.0007,0.0587,-50.3543,0.0841,65,-2305,3165,0.0018,-0.0331,-25.1681,0.2069,-95,-2509,2945,-0.0027,145.3826,-82.0903,-0.4620,1890,-27,3059,-0.0001,55.3312,-70.2688,0.0255,1964,-63
12.160,7.3,-71.694,0.047,-0.097,7484,5,510.5,3026,-0.0007,0.0493,-42.6937,0.0827,68,-2317,3165,0.0018,-0.0076,-19.5684,0.2064,-97,-2547,2942,-0.0028,141.9904,-81.8562,-0.4736,1888,-27,3055,-0.0002,53.4962,-69.6327,0.0399,1962,-64
12.180,7.1,-75.184,0.045,-0.099,7352,5,519.2,3023,-0.0008,0.0287,-32.8583,0.0897,68,-2330,3163,0.0018,0.0118,-14.0465,0.2027,-87,-2594,2938,-0.0028,128.5045,-81.3027,-0.4889,1886,-30,3052,-0.0003,49.8950,-68.9151,0.0504,1961,-68
12.200,6.8,-78.729,0.043,-0.100,7454,5,-180.7,3017,-0.0009,0.0099,-20.3281,0.1013,64,-2349,3160,0.0017,0.0132,-8.6654,0.1965,-70,-2654,2936,-0.0029,122.2429,-80.6858,-0.4948,1886,-31,3053,-0.0003,49.1676,-68.2993,0.0481,1962,-69
12.220,6.6,-82.334,0.042,-0.100,7344,5,519.2,3013,-0.0010,0.0156,-4.4504,0.1091,63,-2378,3157,0.0017,-0.0051,-3.4816,0.1896,-65,-2729,2937,-0.0029,112.7883,-80.0908,-0.4926,1886,-34,3054,-0.0003,46.9436,-67.8152,0.0446,1963,-71
12.240,6.4,-86.029,0.043,-0.099,7397,5,515.9,3011,-0.0010,0.0105,10.0844,0.1147,66,-2423,3154,0.0016,-0.0166,1.4354,0.1843,-82,-2827,2937,-0.0029,106.4687,-79.4729,-0.4916,1887,-35,3054,-0.0003,45.7311,-67.2467,0.0432,1963,-73
12.260,6.2,-89.835,0.045,-0.102,7448,5,512.7,3011,-0.0010,0.0016,22.8283,0.1134,75,-2488,3154,0.0016,-0.0044,6.1238,0.1836,-104,-2959,2935,-0.0029,100.5746,-78.8246,-0.4972,1886,-37,3052,-0.0003,44.4795,-66.6762,0.0518,1962,-74
12.280,5.9,-93.843,0.047,-0.104,7498,5,509.6,3009,-0.0010,-0.0365,32.1641,0.1185,69,-2576,3155,0.0016,0.0147,10.7152,0.1868,-83,-3137,2930,-0.0030,95.3263,-78.1661,-0.5172,1883,-39,3050,-0.0003,43.1018,-66.0710,0.0592,1961,-76
12.300,5.7,-98.096,0.047,-0.110,7396,5,516.4,3009,-0.0010,-0.0280,39.9942,0.1182,69,-2702,3158,0.0017,-0.0045,14.7182,0.1932,-75,-3348,2926,-0.0031,87.8963,-77.6271,-0.5346,1881,-42,3048,-0.0004,40.6791,-65.4508,0.0676,1960,-80
12.320,5.4,-102.617,0.043,-0.116,7390,5,-180.5,3007,-0.0011,-0.0334,45.8327,0.1225,66,-2875,3165,0.0018,-0.0001,18.8488,0.2067,-125,-3355,2924,-0.0031,84.9135,-77.1662,-0.5409,1880,-43,3053,-0.0003,39.4558,-64.7958,0.0471,1964,-81
12.340,5.3,-106.231,0.040,-0.121,7356,5,518.5,3003,-0.0011,-0.0421,49.5922,0.1301,46,-3106,3170,0.0019,-0.0135,21.9739,0.2172,-128,100,2929,-0.0030,78.4513,-76.1837,-0.5218,1883,-46,3065,0.0000,38.0948,-64.3448,0.0007,1972,-84
12.360,5.3,-106.588,0.038,-0.121,7405,5,515.4,2999,-0.0012,-0.0309,49.9765,0.1390,-5,-3259,3174,0.0020,-0.0100,21.6839,0.2252,-54,3293,2931,-0.0030,80.1480,-76.5255,-0.5125,1885,-45,3074,0.0002,38.1523,-64.3123,-0.0337,1977,-84
12.380,5.4,-105.546,0.040,-0.116,7453,5,512.4,3000,-0.0012,-0.0247,49.0800,0.1362,7,-886,3175,0.0020,-0.0106,20.3822,0.2277,-68,3439,2937,-0.0029,81.5059,-76.6755,-0.4923,1888,-45,3080,0.0003,38.3672,-64.3800,-0.0535,1980,-84
12.400,5.8,-101.148,0.046,-0.106,7500,5,509.5,3010,-0.0010,0.0030,44.2320,0.1156,-35,3039,3178,0.0020,-0.0018,16.2286,0.2336,-7,3380,2940,-0.0028,89.4463,-77.8135,-0.4785,1889,-41,3077,0.0003,39.4799,-64.8440,-0.0453,1979,-82
12.420,6.2,-95.490,0.051,-0.091,7403,5,515.9,3029,-0.0007,-0.0416,34.3041,0.0767,-24,3295,3182,0.0021,-0.0096,9.8908,0.2415,-21,3361,2945,-0.0027,98.3153,-79.1546,-0.4617,1892,-38,3070,0.0001,39.8689,-65.4821,-0.0156,1974,-82
12.440,6.7,-89.762,0.059,-0.076,7357,5,-180.5,3052,-0.0002,0.0161,16.8435,0.0276,23,3282,3184,0.0021,-0.0004,2.9769,0.2459,-14,3390,2953,-0.0025,111.3598,-80.3654,-0.4311,1896,-34,3060,-0.0001,41.4386,-66.1338,0.0207,1968,-79
12.460,7.1,-83.998,0.067,-0.055,7361,5,518.2,3077,0.0002,-0.0279,-9.2259,-0.0233,-27,3326,3186,0.0022,0.0008,-5.1514,0.2507,-11,3448,2959,-0.0024,129.5792,-81.6842,-0.4086,1899,-30,3048,-0.0004,42.8912,-66.7960,0.0675,1960,-77
12.480,7.5,-78.159,0.073,-0.036,7415,5,514.8,3105,0.0007,-0.0033,-34.0424,-0.0823,72,3302,3184,0.0022,-0.0032,-13.0114,0.2464,-6,3386,2964,-0.0023,144.9249,-82.5161,-0.3869,1902,-27,3029,-0.0008,44.6503,-67.4669,0.1407,1948,-74
12.500,7.9,-73.626,0.077,-0.021,7466,5,511.6,3132,0.0012,-0.0051,-47.5529,-0.1376,161,268,3184,0.0022,0.0042,-19.9031,0.2464,-1,1859,2975,-0.0020,145.7698,-82.4934,-0.3448,1909,-27,3018,-0.0011,46.5120,-68.0175,0.1817,1941,-72
12.520,7.8,-75.137,0.080,-0.014,7433,5,-180.6,3152,0.0016,-0.0060,-44.8926,-0.1792,156,-3287,3182,0.0021,0.0027,-18.3137,0.2432,-62,-1976,2983,-0.0018,145.0319,-82.5009,-0.3156,1913,-27,3008,-0.0013,45.6964,-67.7576,0.2196,1935,-72
12.540,7.5,-79.590,0.079,-0.015,7449,5,513.1,3161,0.0017,0.0842,-33.4882,-0.1989,118,-3418,3181,0.0021,-0.0008,-12.4051,0.2408,-76,-3164,2986,-0.0018,144.0255,-82.5318,-0.3044,1915,-28,3002,-0.0014,43.7211,-67.1253,0.2415,1932,-75
12.560,7.3,-84.397,0.077,-0.019,7323,5,520.5,3162,0.0017,-0.0162,-16.4985,-0.2002,47,-3369,3183,0.0021,0.0013,-6.3222,0.2452,-81,-3319,2987,-0.0017,141.3592,-82.5026,-0.2994,1916,-28,3005,-0.0013,41.7814,-66.5137,0.2320,1934,-78
12.580,7.0,-89.219,0.073,-0.027,7374,5,517.3,3161,0.0017,0.0007,6.8341,-0.1982,115,-3388,3188,0.0022,-0.0016,-0.7049,0.2540,-90,-3258,2991,-0.0017,126.3086,-81.5901,-0.2850,1919,-31,3013,-0.0012,40.5931,-65.9333,0.2013,1939,-79
12.600,6.7,-93.865,0.066,-0.039,7423,5,514.3,3152,0.0016,0.0115,24.8396,-0.1810,40,-3421,3191,0.0023,0.0006,4.7356,0.2619,-81,-2767,2992,-0.0016,114.5084,-80.7217,-0.2803,1920,-34,3024,-0.0009,39.3558,-65.3857,0.1588,1946,-81
12.620,6.5,-97.476,0.055,-0.050,7468,5,511.5,3138,0.0013,-0.0406,34.3527,-0.1506,-2,-2777,3194,0.0023,-0.0012,8.7757,0.2685,-121,-915,2995,-0.0016,108.3588,-80.2141,-0.2705,1922,-36,3041,-0.0005,38.5440,-64.9902,0.0937,1957,-83
12.640,6.6,-97.393,0.046,-0.060,7424,5,-180.7,3121,0.0010,-0.0255,33.8730,-0.1159,-42,1015,3193,0.0023,-0.0065,8.2220,0.2654,-40,1517,3003,-0.0014,106.0096,-80.0692,-0.2385,1927,-36,3062,-0.0001,38.1667,-65.0157,0.0142,1969,-84
12.660,6.9,-93.467,0.041,-0.069,7387,5,516.5,3106,0.0007,-0.0160,21.1120,-0.0833,-28,2989,3193,0.0023,0.0004,3.6814,0.2646,-21,2466,3007,-0.0013,115.2803,-80.9202,-0.2245,1929,-34,3078,0.0003,38.8534,-65.5248,-0.0476,1979,-84
12.680,7.3,-88.739,0.042,-0.071,7433,5,513.7,3093,0.0005,-0.0200,-1.7143,-0.0576,-1,3119,3193,0.0023,-0.0019,-2.3621,0.2646,-34,2311,3008,-0.0013,131.8166,-81.9987,-0.2212,1929,-30,3089,0.0005,40.3087,-66.0440,-0.0893,1985,-82
12.700,7.6,-84.786,0.047,-0.071,7480,5,510.7,3088,0.0004,-0.0202,-20.4339,-0.0466,34,2355,3191,0.0023,-0.0046,-8.4192,0.2610,-27,959,3001,-0.0014,146.3113,-82.7464,-0.2487,1924,-28,3085,0.0004,41.5206,-66.5544,-0.0730,1982,-80
12.720,7.7,-83.795,0.054,-0.069,7340,5,519.9,3086,0.0004,-0.0327,-26.6780,-0.0424,32,-697,3189,0.0022,-0.0028,-9.7084,0.2560,-29,-1081,2990,-0.0017,142.0645,-82.7636,-0.2891,1918,-28,3074,0.0002,40.7961,-66.7076,-0.0314,1976,-81
12.740,7.6,-86.443,0.058,-0.069,7508,5,509.5,3086,0.0004,-0.0482,-20.0954,-0.0425,56,-2820,3186,0.0022,0.0029,-6.9131,0.2507,-50,-2292,2975,-0.0020,144.7037,-82.7838,-0.3459,1909,-28,3057,-0.0002,41.0084,-66.5000,0.0337,1966,-80
12.760,7.3,-90.357,0.058,-0.069,7348,5,518.9,3085,0.0004,-0.0358,-0.3953,-0.0409,117,-3027,3185,0.0022,0.0007,-2.3137,0.2491,-97,-2479,2967,-0.0022,129.3721,-82.0856,-0.3751,1904,-30,3049,-0.0004,39.3502,-66.0357,0.0629,1961,-83
12.780,7.1,-94.039,0.057,-0.066,7401,5,515.7,3083,0.0003,-0.0040,12.7979,-0.0356,140,-2663,3181,0.0021,-0.0031,1.0965,0.2414,-61,-2097,2965,-0.0022,118.7145,-81.3584,-0.3827,1903,-33,3046,-0.0004,38.6953,-65.6860,0.0739,1960,-84
12.800,7.0,-96.257,0.059,-0.066,7450,5,512.6,3082,0.0003,0.0017,22.0227,-0.0349,130,-765,3177,0.0020,0.0032,3.3318,0.2322,-52,-1058,2966,-0.0022,113.0547,-80.8731,-0.3794,1904,-34,3044,-0.0005,38.3396,-65.4957,0.0834,1958,-84
12.820,7.1,-95.639,0.062,-0.066,7501,5,509.5,3080,0.0003,-0.0018,18.8868,-0.0305,96,1691,3175,0.0020,0.0015,2.4173,0.2287,-57,91,2961,-0.0023,114.5114,-80.9659,-0.3996,1901,-34,3039,-0.0006,38.7176,-65.6427,0.1022,1955,-84
12.840,7.3,-93.109,0.062,-0.063,7364,5,517.9,3079,0.0003,0.0104,6.6592,-0.0288,77,2528,3174,0.0020,-0.0032,-0.5723,0.2260,-46,519,2953,-0.0025,118.5878,-81.4863,-0.4284,1896,-33,3031,-0.0008,38.7054,-66.1268,0.1326,1951,-84
12.860,7.6,-90.550,0.065,-0.058,7416,5,514.7,3081,0.0003,0.0158,-8.8090,-0.0315,80,2082,3172,0.0019,-0.0033,-3.9909,0.2217,-32,38,2954,-0.0025,127.2298,-82.0028,-0.4254,1896,-31,3029,-0.0008,39.5927,-66.3877,0.1401,1949,-82
12.880,7.7,-89.382,0.066,-0.052,7468,5,511.5,3086,0.0004,-0.0003,-14.3021,-0.0425,94,556,3169,0.0019,-0.0013,-5.7335,0.2154,-42,-935,2954,-0.0025,132.3254,-82.2828,-0.4249,1896,-30,3022,-0.0010,40.1746,-66.6082,0.1656,1945,-81
12.900,7.7,-90.453,0.066,-0.045,7402,5,-180.6,3092,0.0005,-0.0234,-11.4186,-0.0547,76,-1232,3166,0.0018,-0.0010,-5.5134,0.2096,-46,-1835,2957,-0.0024,127.9645,-82.1101,-0.4149,1898,-30,3018,-0.0011,39.6863,-66.5611,0.1825,1942,-82
12.920,7.5,-92.872,0.066,-0.044,7459,5,512.5,3098,0.0006,-0.0340,-1.5339,-0.0666,61,-1857,3163,0.0018,0.0013,-2.2884,0.2022,-67,-2015,2961,-0.0023,119.8445,-81.6382,-0.4009,1901,-32,3014,-0.0011,39.1119,-66.4067,0.1975,1940,-83
12.940,7.4,-95.283,0.064,-0.044,7326,5,520.3,3101,0.0006,-0.0368,8.2424,-0.0728,38,-1372,3164,0.0018,0.0001,-0.1583,0.2046,-49,-1758,2963,-0.0023,111.4266,-81.1466,-0.3903,1902,-35,3015,-0.0011,38.1698,-66.2204,0.1926,1941,-85
12.960,7.4,-96.570,0.060,-0.045,7377,5,517.1,3102,0.0007,-0.0232,11.4531,-0.0764,10,-151,3165,0.0018,0.0024,1.1131,0.2076,-54,-1118,2969,-0.0021,108.3828,-80.8636,-0.3695,1906,-36,3020,-0.0010,38.2048,-66.2553,0.1726,1944,-85
12.980,7.4,-96.222,0.056,-0.048,7425,5,514.1,3102,0.0007,-0.0220,10.8297,-0.0766,-12,1263,3167,0.0018,-0.0001,0.1360,0.2117,-56,-570,2978,-0.0020,109.6630,-80.9114,-0.3361,1911,-35,3031,-0.0008,38.4796,-66.3237,0.1334,1950,-85
13.000,7.6,-95.002,0.057,-0.048,7472,5,511.2,3100,0.0006,0.0019,0.9216,-0.0709,-7,1503,3169,0.0019,-0.0026,-1.4807,0.2162,-44,-402,2982,-0.0019,112.7663,-81.1304,-0.3191,1914,-35,3039,-0.0006,39.2805,-66.5678,0.1012,1955,-84
13.020,7.7,-93.875,0.056,-0.045,7352,5,-180.5,3101,0.0007,0.0021,-3.7884,-0.0747,0,1171,3170,0.0019,-0.0016,-3.2504,0.2172,-33,-711,2982,-0.0019,112.0254,-81.2794,-0.3212,1913,-35,3038,-0.0006,38.8611,-66.8204,0.1074,1954,-84
13.040,7.7,-93.681,0.053,-0.041,7464,5,512.2,3103,0.0007,0.0143,-7.1433,-0.0787,21,169,3168,0.0019,0.0004,-3.9505,0.2140,-38,-1225,2986,-0.0018,112.3417,-81.2778,-0.3055,1916,-35,3039,-0.0006,39.3036,-66.9091,0.1025,1955,-84
13.060,7.7,-94.589,0.053,-0.041,7327,5,520.2,3107,0.0007,0.0124,-3.9696,-0.0858,40,-666,3165,0.0018,0.0008,-3.2600,0.2074,-52,-1592,2993,-0.0016,109.9667,-81.1683,-0.2759,1921,-35,3041,-0.0005,38.7954,-66.9394,0.0936,1957,-85
13.080,7.6,-96.099,0.050,-0.041,7378,5,517.1,3107,0.0008,0.0120,0.8066,-0.0863,49,-913,3166,0.0018,-0.0002,-1.6424,0.2086,-61,-1606,2995,-0.0016,104.4897,-80.7025,-0.2700,1922,-37,3043,-0.0005,38.7550,-66.8954,0.0867,1958,-85
13.100,7.6,-97.400,0.048,-0.042,7425,5,514.1,3108,0.0008,0.0061,5.4838,-0.0877,47,-481,3166,0.0018,-0.0009,-0.6454,0.2099,-49,-1380,3000,-0.0014,102.9228,-80.5202,-0.2490,1925,-38,3048,-0.0004,38.7685,-66.8606,0.0657,1961,-85
13.120,7.6,-97.955,0.047,-0.044,7471,5,511.3,3107,0.0008,0.0019,7.0067,-0.0869,41,299,3168,0.0019,0.0007,-0.5395,0.2128,-49,-1070,3005,-0.0014,101.8903,-80.3885,-0.2331,1928,-38,3054,-0.0003,38.9545,-66.8996,0.0443,1964,-85
13.140,7.6,-97.773,0.047,-0.043,7401,5,-180.6,3105,0.0007,0.0139,3.8811,-0.0831,39,762,3169,0.0019,-0.0003,-0.8351,0.2144,-42,-789,3005,-0.0013,99.5574,-80.2911,-0.2304,1928,-39,3057,-0.0002,38.7824,-67.0267,0.0334,1966,-86
13.160,7.7,-97.297,0.049,-0.039,7452,5,512.9,3106,0.0007,0.0151,0.4172,-0.0848,39,799,3168,0.0019,-0.0003,-2.0456,0.2133,-48,-809,3006,-0.0013,99.5304,-80.3557,-0.2267,1929,-39,3057,-0.0002,39.1412,-67.2186,0.0338,1966,-85
13.180,7.8,-96.967,0.049,-0.034,7325,5,520.4,3110,0.0008,0.0000,-0.7620,-0.0922,41,642,3165,0.0018,-0.0019,-2.9537,0.2077,-64,-1054,3006,-0.0013,97.9866,-80.3165,-0.2295,1929,-40,3051,-0.0003,38.9180,-67.3993,0.0561,1963,-86
13.200,7.8,-97.092,0.052,-0.033,7376,5,517.2,3112,0.0008,0.0077,-2.1910,-0.0961,44,194,3161,0.0017,-0.0037,-2.9770,0.1977,-23,-1309,3006,-0.0013,98.7394,-80.2926,-0.2288,1929,-39,3046,-0.0004,39.2694,-67.5085,0.0763,1959,-85
13.220,7.8,-97.687,0.056,-0.033,7428,5,513.9,3111,0.0008,-0.0040,-0.4023,-0.0950,44,-79,3159,0.0017,0.0040,-2.3557,0.1946,-22,-1425,2999,-0.0015,96.4938,-80.0578,-0.2541,1925,-40,3038,-0.0006,39.6360,-67.5796,0.1047,1955,-84
13.240,7.7,-98.508,0.057,-0.034,7479,5,510.8,3112,0.0008,0.0025,1.0055,-0.0958,43,-188,3159,0.0017,0.0027,-2.1482,0.1948,-89,-1496,2993,-0.0016,95.1806,-79.8727,-0.2793,1921,-40,3031,-0.0008,39.9413,-67.7248,0.1308,1950,-83
13.260,7.7,-99.183,0.060,-0.035,7331,5,-180.4,3108,0.0008,-0.0204,3.7254,-0.0893,43,108,3158,0.0017,-0.0070,-0.9149,0.1924,-40,-1276,2987,-0.0017,90.1334,-79.5576,-0.3006,1918,-42,3027,-0.0008,39.3200,-67.7233,0.1460,1948,-84
13.280,7.7,-99.466,0.063,-0.039,7493,5,510.4,3109,0.0008,-0.0010,2.8379,-0.0898,39,332,3159,0.0017,0.0015,-1.2694,0.1954,-16,-1128,2981,-0.0019,90.5149,-79.4942,-0.3220,1914,-42,3023,-0.0010,39.9408,-67.9294,0.1635,1945,-84
13.300,7.8,-99.483,0.065,-0.044,7342,5,519.4,3107,0.0008,-0.0140,2.6868,-0.0864,45,569,3164,0.0018,0.0046,-1.5899,0.2043,-44,-1042,2975,-0.0020,88.2755,-79.3796,-0.3472,1910,-43,3021,-0.0010,39.5713,-68.0452,0.1704,1944,-84
13.320,7.8,-99.401,0.067,-0.047,7395,5,516.0,3104,0.0007,-0.0155,1.5018,-0.0803,56,651,3168,0.0019,-0.0011,-2.2558,0.2136,-78,-1105,2968,-0.0022,88.0353,-79.2894,-0.3715,1906,-43,3021,-0.0010,40.2613,-68.1592,0.1716,1944,-83
13.340,7.8,-99.404,0.069,-0.049,7448,5,512.7,3101,0.0006,-0.0055,0.3070,-0.0740,61,549,3169,0.0019,-0.0069,-2.5745,0.2147,-48,-1238,2962,-0.0023,87.6187,-79.1803,-0.3975,1902,-43,3017,-0.0011,40.5979,-68.3406,0.1864,1941,-82
13.360,7.8,-99.564,0.069,-0.054,7499,5,509.5,3098,0.0006,-0.0077,0.2801,-0.0665,69,411,3168,0.0019,-0.0006,-2.4363,0.2126,0,-1339,2956,-0.0024,86.8290,-79.0130,-0.4205,1899,-43,3013,-0.0012,41.5211,-68.7015,0.2014,1939,-81
13.380,7.8,-99.953,0.071,-0.058,7397,5,516.4,3092,0.0005,0.0004,0.4667,-0.0551,69,277,3170,0.0019,0.0077,-2.2622,0.2182,-30,-1403,2950,-0.0026,82.6926,-78.7999,-0.4423,1896,-45,3014,-0.0011,40.5318,-68.5825,0.1976,1940,-83
13.400,7.8,-100.406,0.071,-0.060,7394,5,-180.5,3090,0.0004,-0.0017,1.4018,-0.0503,74,263,3173,0.0020,0.0016,-1.9302,0.2237,-69,-1395,2946,-0.0027,80.5942,-78.4508,-0.4586,1893,-46,3014,-0.0012,40.9856,-68.7740,0.1984,1939,-82
13.420,7.8,-100.852,0.071,-0.062,7364,5,517.9,3089,0.0004,0.0116,1.5310,-0.0495,53,267,3176,0.0020,-0.0052,-1.8272,0.2305,-65,-1368,2945,-0.0027,80.0265,-78.4126,-0.4599,1893,-46,3016,-0.0011,40.8909,-68.8829,0.1884,1941,-83
13.440,7.8,-101.170,0.069,-0.066,7416,5,514.7,3089,0.0004,-0.0053,2.5671,-0.0497,61,420,3179,0.0021,-0.0039,-1.7550,0.2370,-38,-1318,2945,-0.0027,79.3308,-78.2275,-0.4596,1893,-47,3019,-0.0010,41.8235,-69.2111,0.1787,1942,-81
13.460,7.8,-101.357,0.066,-0.066,7466,5,511.6,3087,0.0004,0.0002,2.3554,-0.0438,61,557,3182,0.0021,0.0010,-1.8405,0.2421,-34,-1276,2946,-0.0027,77.0752,-77.8511,-0.4578,1893,-48,3024,-0.0009,41.8855,-69.1471,0.1602,1945,-81
13.480,7.8,-101.400,0.065,-0.066,7431,5,-180.6,3085,0.0003,-0.0026,2.1216,-0.0396,72,667,3180,0.0021,0.0014,-1.9269,0.2375,-29,-1245,2950,-0.0026,77.1045,-77.9177,-0.4422,1896,-48,3028,-0.0008,42.0582,-69.2109,0.1454,1948,-81
13.500,7.8,-101.356,0.063,-0.066,7447,5,513.2,3082,0.0003,0.0056,1.4451,-0.0348,67,689,3177,0.0020,0.0021,-2.0427,0.2315,-29,-1237,2951,-0.0025,74.5712,-77.6576,-0.4382,1897,-50,3028,-0.0008,42.1875,-69.5300,0.1431,1948,-81
13.520,7.8,-101.376,0.063,-0.066,7328,5,520.2,3081,0.0003,0.0112,0.7024,-0.0320,31,607,3176,0.0020,0.0019,-2.2467,0.2295,-46,-1281,2953,-0.0025,73.5017,-77.5939,-0.4319,1898,-50,3030,-0.0008,42.1252,-69.5993,0.1356,1949,-81
13.540,7.8,-101.514,0.061,-0.064,7381,5,516.9,3082,0.0003,-0.0069,0.8171,-0.0350,37,527,3177,0.0020,-0.0022,-2.5042,0.2317,-86,-1380,2954,-0.0025,72.0905,-77.2404,-0.4275,1899,-51,3031,-0.0008,42.9256,-69.9396,0.1323,1949,-80
13.560,7.8,-101.744,0.059,-0.061,7431,5,513.8,3083,0.0003,-0.0083,1.0636,-0.0355,54,464,3174,0.0020,-0.0078,-2.2483,0.2260,-14,-1424,2958,-0.0024,70.4033,-76.8080,-0.4114,1901,-52,3033,-0.0007,43.2957,-69.9951,0.1257,1950,-80
13.580,7.8,-102.009,0.059,-0.060,7479,5,510.8,3084,0.0003,-0.0067,1.6161,-0.0393,90,472,3173,0.0019,0.0063,-1.9658,0.2228,6,-1410,2963,-0.0023,71.1182,-76.9413,-0.3903,1905,-52,3036,-0.0007,43.7136,-69.9760,0.1150,1952,-79
13.600,7.8,-102.259,0.058,-0.060,7361,5,-180.4,3087,0.0004,0.0105,1.9386,-0.0446,87,524,3174,0.0020,0.0079,-1.9477,0.2258,-80,-1391,2967,-0.0022,69.7441,-76.8984,-0.3777,1907,-53,3038,-0.0006,43.5324,-70.2920,0.1058,1953,-80
13.620,7.8,-102.421,0.059,-0.062,7479,5,511.2,3088,0.0004,0.0113,2.1790,-0.0463,70,609,3175,0.0020,-0.0078,-1.7549,0.2273,-60,-1331,2968,-0.0022,69.1026,-76.7130,-0.3715,1908,-53,3039,-0.0006,44.0230,-70.2783,0.0998,1954,-79
13.640,7.8,-102.489,0.058,-0.063,7331,5,520.0,3087,0.0004,0.0077,2.0335,-0.0454,34,683,3177,0.0020,-0.0040,-1.9345,0.2325,-52,-1305,2967,-0.0022,67.0514,-76.4909,-0.3754,1907,-55,3041,-0.0006,44.0928,-70.6215,0.0948,1955,-79
13.660,7.8,-102.466,0.057,-0.065,7383,5,516.8,3084,0.0003,-0.0054,1.7122,-0.0392,1,714,3176,0.0020,-0.0014,-1.9742,0.2290,4,-1284,2967,-0.0022,66.9936,-76.3706,-0.3765,1907,-55,3042,-0.0005,45.0025,-70.8642,0.0919,1955,-78
13.680,7.8,-102.420,0.058,-0.068,7433,5,513.6,3083,0.0003,-0.0205,1.5163,-0.0363,64,721,3176,0.0020,0.0090,-2.0571,0.2307,-9,-1283,2966,-0.0022,65.8963,-76.0580,-0.3794,1907,-55,3043,-0.0005,45.2393,-70.8209,0.0879,1956,-77
13.700,7.8,-102.430,0.059,-0.070,7482,5,510.6,3083,0.0003,0.0030,1.3481,-0.0355,99,700,3180,0.0021,0.0049,-2.2203,0.2389,-89,-1317,2965,-0.0022,64.9234,-75.7053,-0.3861,1906,-56,3044,-0.0005,45.8451,-70.9090,0.0810,1957,-77
13.720,7.8,-102.522,0.058,-0.068,7339,5,519.9,3083,0.0003,0.0161,1.3146,-0.0357,31,669,3184,0.0021,-0.0112,-2.2460,0.2457,-110,-1358,2963,-0.0023,63.5578,-75.8865,-0.3904,1905,-57,3046,-0.0004,45.5455,-71.3394,0.0754,1958,-77
13.740,7.8,-102.596,0.058,-0.066,7498,5,510.0,3084,0.0003,-0.0092,1.4892,-0.0374,23,655,3181,0.0021,-0.0128,-2.1603,0.2412,17,-1381,2965,-0.0022,63.3262,-75.5488,-0.3850,1906,-57,3045,-0.0005,46.8162,-71.4315,0.0793,1957,-76
13.760,7.8,-102.668,0.058,-0.064,7344,5,519.2,3085,0.0004,-0.0107,1.6634,-0.0414,105,663,3180,0.0021,0.0127,-2.0608,0.2388,15,-1383,2966,-0.0022,61.7759,-75.3585,-0.3804,1907,-58,3044,-0.0005,46.8117,-71.6482,0.0843,1956,-76
13.780,7.8,-102.726,0.059,-0.065,7395,5,516.0,3086,0.0004,0.0178,1.8441,-0.0419,84,692,3179,0.0021,0.0107,-1.9817,0.2352,-53,-1369,2966,-0.0022,61.2030,-75.0681,-0.3789,1907,-59,3042,-0.0005,47.2213,-71.6947,0.0890,1955,-75
13.800,7.8,-102.775,0.059,-0.065,7445,5,512.9,3086,0.0004,0.0103,1.9202,-0.0433,30,733,3180,0.0021,-0.0044,-1.8814,0.2391,-120,-1336,2965,-0.0022,61.1913,-75.0068,-0.3835,1907,-59,3042,-0.0005,48.0510,-71.8778,0.0897,1955,-74
13.820,7.8,-102.736,0.059,-0.065,7493,5,509.9,3085,0.0004,-0.0090,1.9418,-0.0409,5,780,3179,0.0021,-0.0166,-1.9136,0.2363,-31,-1309,2965,-0.0022,60.6361,-74.7118,-0.3851,1906,-59,3042,-0.0005,48.9999,-72.0869,0.0921,1955,-73
13.840,7.7,-102.643,0.060,-0.066,7381,5,517.3,3085,0.0003,-0.0158,1.7731,-0.0397,91,803,3178,0.0020,0.0031,-2.0408,0.2343,41,-1305,2964,-0.0023,58.9829,-74.7448,-0.3892,1906,-61,3040,-0.0006,48.6276,-72.2868,0.0973,1954,-74
13.860,7.7,-102.582,0.059,-0.065,7439,5,-180.6,3084,0.0003,0.0135,1.6681,-0.0387,107,812,3179,0.0021,0.0165,-1.9829,0.2364,-70,-1292,2962,-0.0023,59.8962,-74.6837,-0.3967,1905,-60,3039,-0.0006,49.9765,-72.4487,0.1001,1953,-72
13.880,7.7,-102.513,0.058,-0.065,7359,5,518.3,3083,0.0003,0.0172,1.6482,-0.0353,33,811,3176,0.0020,-0.0073,-2.1157,0.2292,-73,-1308,2962,-0.0023,58.8788,-74.5634,-0.3963,1905,-61,3038,-0.0006,49.1258,-72.3571,0.1055,1953,-73
13.900,7.7,-102.422,0.058,-0.066,7410,5,515.1,3081,0.0003,-0.0075,1.6523,-0.0328,1,810,3174,0.0020,-0.0070,-2.1079,0.2264,-27,-1321,2964,-0.0023,57.7231,-74.1434,-0.3897,1906,-61,3040,-0.0006,50.4647,-72.7067,0.0993,1953,-71
13.920,7.7,-102.356,0.058,-0.067,7459,5,512.0,3080,0.0003,-0.0166,1.7320,-0.0301,53,819,3175,0.0020,0.0034,-2.1089,0.2275,-11,-1335,2963,-0.0023,57.9503,-74.1234,-0.3902,1906,-61,3041,-0.0005,51.4233,-72.8826,0.0941,1954,-70
13.940,7.7,-102.320,0.056,-0.067,7474,5,-180.7,3080,0.0003,0.0016,1.6669,-0.0307,133,815,3176,0.0020,0.0056,-1.9586,0.2306,-58,-1323,2964,-0.0023,58.0418,-74.0555,-0.3894,1906,-61,3042,-0.0005,51.7992,-72.9500,0.0896,1955,-70
13.960,7.7,-102.256,0.055,-0.063,7423,5,514.7,3079,0.0002,0.0241,2.1112,-0.0276,16,878,3176,0.0020,-0.0048,-1.9154,0.2292,-69,-1301,2966,-0.0022,56.6591,-73.9451,-0.3817,1907,-63,3045,-0.0005,52.0485,-73.2020,0.0794,1956,-70
13.980,7.7,-102.067,0.055,-0.062,7314,5,-180.4,3082,0.0003,-0.0125,2.0242,-0.0340,-17,928,3173,0.0020,-0.0060,-2.1225,0.2237,-11,-1313,2970,-0.0021,54.7850,-73.5229,-0.3642,1910,-64,3045,-0.0005,51.7276,-73.2010,0.0796,1956,-70
14.000,7.7,-101.904,0.055,-0.061,7368,5,517.7,3086,0.0004,-0.0197,1.5664,-0.0427,112,907,3175,0.0020,0.0066,-2.0386,0.2273,-28,-1311,2973,-0.0021,55.3272,-73.5272,-0.3555,1912,-64,3045,-0.0005,52.7863,-73.4079,0.0785,1956,-69
14.020,7.6,-101.768,0.053,-0.061,7418,5,514.6,3088,0.0004,0.0194,1.6020,-0.0465,122,888,3175,0.0020,0.0017,-1.9528,0.2280,-69,-1300,2975,-0.0020,54.9068,-73.2547,-0.3454,1913,-64,3046,-0.0004,53.2829,-73.4157,0.0731,1957,-68
14.040,7.6,-101.659,0.051,-0.062,7465,5,511.6,3086,0.0004,0.0199,1.7127,-0.0434,13,882,3175,0.0020,-0.0066,-2.0638,0.2270,-36,-1312,2977,-0.0020,55.5239,-73.3114,-0.3391,1914,-63,3049,-0.0004,54.3218,-73.5975,0.0636,1958,-67
14.060,7.6,-101.525,0.048,-0.062,7426,5,-180.7,3085,0.0004,-0.0126,1.6908,-0.0413,-1,877,3174,0.0020,0.0012,-1.8428,0.2265,-35,-1286,2981,-0.0019,54.3156,-73.0455,-0.3244,1917,-64,3053,-0.0003,54.6293,-73.7482,0.0467,1961,-67
14.080,7.6,-101.377,0.046,-0.064,7432,5,514.2,3083,0.0003,-0.0154,2.2318,-0.0358,45,949,3173,0.0019,0.0020,-2.4846,0.2230,-7,-1368,2985,-0.0018,53.9564,-73.0377,-0.3094,1919,-65,3058,-0.0002,54.8873,-73.8750,0.0287,1964,-67
14.100,7.6,-101.247,0.047,-0.061,7314,5,521.2,3085,0.0003,0.0000,1.9592,-0.0395,114,975,3176,0.0020,0.0075,-1.9913,0.2301,-55,-1357,2990,-0.0017,52.8579,-72.8141,-0.2907,1922,-66,3064,0.0000,55.6894,-74.0786,0.0049,1967,-66
14.120,7.6,-101.064,0.048,-0.060,7341,5,385.9,3089,0.0004,0.0193,1.8160,-0.0494,87,979,3177,0.0020,-0.0050,-1.6914,0.2330,-86,-1300,2992,-0.0016,52.5762,-72.5802,-0.2829,1924,-67,3064,0.0000,55.9839,-74.2078,0.0075,1967,-66
14.140,7.5,-100.817,0.048,-0.062,7246,5,82.0,3091,0.0005,0.0088,2.1218,-0.0523,-16,1030,3177,0.0020,-0.0108,-2.0759,0.2329,-17,-1310,2992,-0.0016,51.7758,-72.4558,-0.2816,1924,-68,3063,-0.0001,55.3396,-74.2407,0.0106,1967,-67
14.160,7.5,-100.540,0.050,-0.061,6926,5,-98.6,3092,0.0005,-0.0197,1.8498,-0.0542,17,1044,3180,0.0021,0.0062,-1.7850,0.2389,-26,-1266,2991,-0.0017,49.0901,-72.3240,-0.2839,1924,-71,3064,0.0000,54.1935,-74.5310,0.0067,1967,-68
14.180,7.5,-100.254,0.054,-0.061,6661,5,-76.4,3093,0.0005,-0.0072,1.4746,-0.0562,124,997,3180,0.0021,0.0030,-2.0336,0.2386,-45,-1270,2988,-0.0017,47.2496,-72.1852,-0.2977,1922,-74,3059,-0.0001,52.6716,-74.6661,0.0240,1965,-70
14.200,7.5,-100.039,0.054,-0.058,6415,5,-68.1,3091,0.0005,0.0209,1.6877,-0.0539,72,983,3179,0.0021,-0.0020,-1.8083,0.2371,-72,-1242,2980,-0.0019,46.1908,-72.3807,-0.3276,1918,-75,3052,-0.0003,50.8041,-74.7392,0.0528,1961,-73
14.220,7.5,-99.774,0.052,-0.057,6139,5,-66.2,3091,0.0005,0.0051,1.4891,-0.0534,10,940,3175,0.0020,-0.0080,-1.8414,0.2283,-38,-1227,2980,-0.0019,43.5957,-72.0961,-0.3283,1918,-79,3048,-0.0004,48.7049,-74.7522,0.0659,1959,-76
14.240,7.5,-99.531,0.048,-0.058,5891,5,-64.4,3089,0.0004,-0.0118,1.6835,-0.0486,20,925,3171,0.0019,0.0015,-2.2641,0.2199,1,-1283,2983,-0.0018,41.7428,-71.9997,-0.3168,1920,-83,3050,-0.0003,47.1587,-74.8474,0.0600,1960,-79
14.260,7.4,-96.439,0.044,-0.071,5480,5,-61.6,3087,0.0004,0.4519,0.0156,-0.0442,3339,323,3170,0.0019,-0.3931,-4.8821,0.2178,-3389,-591,2988,-0.0017,39.0949,-71.9921,-0.2969,1924,-88,3056,-0.0002,46.3935,-75.2369,0.0365,1964,-81
14.280,7.4,-92.996,0.042,-0.096,5086,5,-58.8,3068,0.0000,1.1590,-3.8624,-0.0051,3130,51,3171,0.0019,-0.8494,-7.2522,0.2192,-3222,-438,2980,-0.0019,37.4829,-72.2285,-0.3282,1919,-92,3064,0.0000,44.5180,-75.4392,0.0070,1969,-84
14.300,7.4,-89.885,0.037,-0.130,4693,5,-56.0,3046,-0.0004,0.4793,-5.9912,0.0416,2947,-82,3185,0.0022,-0.8150,-10.1934,0.2479,-3031,-433,2966,-0.0022,35.8741,-72.5220,-0.3815,1911,-96,3079,0.0003,42.6944,-75.6876,-0.0528,1979,-89
14.320,7.3,-87.124,0.035,-0.170,4298,5,-53.2,3013,-0.0010,0.2026,-8.8698,0.1103,2803,-197,3200,0.0024,-1.0301,-12.0320,0.2793,-2914,-469,2950,-0.0026,33.8512,-72.7012,-0.4421,1902,-101,3103,0.0008,40.5931,-75.9295,-0.1422,1993,-94
14.340,7.3,-84.653,0.036,-0.200,3903,5,-50.4,2986,-0.0015,1.2718,-11.7152,0.1662,2674,-291,3230,0.0030,-0.8283,-14.7651,0.3432,-2848,-541,2931,-0.0030,31.8209,-72.9674,-0.5139,1891,-107,3131,0.0015,38.1686,-76.1385,-0.2503,2011,-101
14.360,7.2,-82.315,0.036,-0.223,3506,5,-47.6,2972,-0.0017,1.2114,-13.0215,0.1954,2606,-383,3259,0.0035,-1.2582,-17.1840,0.4035,-2786,-607,2918,-0.0033,29.1127,-72.9547,-0.5636,1884,-116,3153,0.0019,35.1946,-76.2165,-0.3348,2025,-110
14.380,7.1,-80.170,0.035,-0.241,3096,5,-44.7,2955,-0.0020,1.6199,-14.7027,0.2309,2527,-449,3276,0.0038,-0.6730,-18.4228,0.4374,-2739,-681,2903,-0.0036,26.8127,-73.3457,-0.6222,1875,-125,3165,0.0022,31.6861,-76.3054,-0.3801,2033,-122
14.400,7.0,-78.165,0.033,-0.254,2642,5,-41.5,2938,-0.0023,1.0733,-16.1237,0.2664,2464,-513,3285,0.0040,-1.0000,-20.3642,0.4581,-2690,-748,2892,-0.0039,23.3504,-73.3226,-0.6630,1870,-141,3177,0.0025,27.4922,-76.3212,-0.4236,2041,-140
14.420,7.0,-76.254,0.036,-0.270,2148,5,-38.0,2918,-0.0027,1.7658,-17.9958,0.3075,2400,-564,3284,0.0040,-0.6695,-20.2849,0.4557,-2642,-797,2880,-0.0041,19.6417,-73.4856,-0.7074,1864,-164,3180,0.0025,22.4639,-76.2895,-0.4374,2045,-169
14.440,6.8,-76.145,0.038,-0.280,1875,5,-35.9,2908,-0.0029,-2.8406,-16.1143,0.3290,-1880,-2375,3296,0.0042,2.7160,-19.0096,0.4808,2230,-2368,2866,-0.0044,18.0857,-73.6315,-0.7622,1856,-180,3184,0.0026,19.2680,-76.0277,-0.4526,2049,-196
14.460,6.6,-80.401,0.040,-0.268,1617,5,-34.1,2900,-0.0030,1.5442,-8.7380,0.3451,-2363,-1269,3303,0.0043,-2.0170,-10.9282,0.4937,2472,-1882,2855,-0.0047,15.1200,-73.0789,-0.8039,1850,-207,3185,0.0026,15.2649,-75.2781,-0.4545,2051,-240
14.480,6.3,-82.456,0.045,-0.254,1360,5,-32.0,2907,-0.0029,1.3786,-1.6620,0.3298,2419,-1311,3294,0.0041,-0.7408,-4.6204,0.4755,-2578,-1697,2857,-0.0046,12.4712,-72.4937,-0.7954,1852,-246,3174,0.0024,12.3441,-74.8312,-0.4125,2045,-292
14.500,6.1,-83.833,0.048,-0.243,1106,5,-29.7,2922,-0.0026,-1.8279,3.6641,0.2993,-2353,-1971,3288,0.0040,1.0888,0.8415,0.4639,2611,-2027,2859,-0.0046,10.4299,-72.5181,-0.7894,1853,-285,3159,0.0021,9.4826,-74.1250,-0.3553,2035,-355
14.520,5.8,-88.465,0.051,-0.226,851,5,-27.3,2936,-0.0024,2.6479,12.1702,0.2695,-210,-3138,3286,0.0040,-2.2843,8.2934,0.4585,-1741,-3098,2865,-0.0045,7.8246,-71.6207,-0.7677,1855,-348,3151,0.0019,6.6513,-73.4240,-0.3242,2024,-460
14.540,5.5,-87.782,0.052,-0.229,610,5,18.5,2953,-0.0021,-1.7288,16.1349,0.2352,1187,-2099,3279,0.0039,1.6001,10.9623,0.4438,1785,-2864,2871,-0.0043,5.9166,-71.5304,-0.7419,1854,-428,3138,0.0016,4.5036,-72.9639,-0.2765,2000,-598
14.560,5.4,-89.686,0.053,-0.214,483,5,65.8,2952,-0.0021,2.2313,20.3762,0.2370,2767,813,3281,0.0039,-1.6066,14.8533,0.4494,-3319,-673,2869,-0.0044,3.9097,-71.3557,-0.7500,1843,-521,3139,0.0016,2.2641,-72.4590,-0.2797,1963,-792
14.580,5.4,-85.711,0.053,-0.217,460,5,84.0,2966,-0.0018,-0.6045,16.8853,0.2085,-2789,1632,3274,0.0038,-0.2322,11.2607,0.4341,3337,1079,2879,-0.0042,1.7307,-72.0842,-0.7143,1835,-609,3131,0.0015,-0.1042,-72.4113,-0.2495,1898,-994
14.600,5.6,-80.241,0.055,-0.224,504,5,84.0,2967,-0.0018,0.9722,9.7376,0.2061,2422,2141,3279,0.0039,0.7214,4.7062,0.4442,-2673,2046,2880,-0.0041,-0.9818,-72.8192,-0.7102,1809,-733,3135,0.0015,-2.8666,-73.0543,-0.2652,1767,-1296
14.620,5.7,-73.842,0.057,-0.243,580,4,83.8,2970,-0.0017,0.4389,-1.4146,0.1988,-2417,2147,3293,0.0041,-1.4956,-2.9003,0.4730,-1758,2445,2879,-0.0042,-4.0275,-74.1299,-0.7134,1020,-1870,3143,0.0017,-4.7782,-73.0923,-0.2944,-685,-2255
14.640,5.7,-66.007,0.069,-0.285,473,4,84.0,2962,-0.0019,-0.8417,-12.9580,0.2156,2231,2082,3312,0.0045,-0.7373,-13.1723,0.5132,2750,1032,2869,-0.0044,-0.7588,-74.2293,-0.7529,-1005,-1869,3155,0.0020,-1.4114,-74.7727,-0.3403,-1517,-1680
14.660,5.6,-61.284,0.090,-0.340,361,4,84.3,2949,-0.0021,1.0689,-17.4721,0.2431,2540,358,3359,0.0053,0.5409,-20.1767,0.6110,3006,-1208,2834,-0.0052,3.5095,-73.1863,-0.8866,-197,-2140,3169,0.0023,4.1279,-76.6252,-0.3946,-66,-2392
14.680,5.2,-60.040,0.110,-0.404,303,4,84.3,2933,-0.0024,1.2890,-11.6998,0.2761,-924,-1678,3423,0.0065,1.3452,-15.7980,0.7449,1121,-3039,2778,-0.0064,3.6317,-72.5753,-1.0969,1224,-1613,3179,0.0025,2.8623,-76.4628,-0.4346,1397,-1824
14.700,4.7,-60.895,0.123,-0.469,170,4,84.6,2909,-0.0029,-0.2707,-2.6982,0.3267,-2106,-1861,3491,0.0077,0.2031,-4.8921,0.8853,-1893,-3068,2719,-0.0077,2.4307,-72.3593,-1.3233,1405,-1346,3195,0.0029,1.1376,-75.0702,-0.4947,1476,-1758
14.720,4.2,-62.127,0.128,-0.529,36,4,84.9,2876,-0.0034,-0.7544,8.9262,0.3943,1203,-1668,3552,0.0088,-0.9785,6.6234,1.0139,-1482,-3038,2667,-0.0089,1.1209,-71.9770,-1.5242,1381,-1319,3220,0.0034,-0.3693,-73.5709,-0.5882,1372,-1884
14.740,3.9,-61.859,0.129,-0.580,3,4,85.0,2840,-0.0041,0.2055,16.3858,0.4705,1962,-80,3601,0.0097,-0.9924,13.4653,1.1159,212,-1842,2627,-0.0098,0.6239,-71.5473,-1.6760,1311,-1367,3250,0.0041,-0.5475,-72.6672,-0.7036,1156,-2084
14.760,3.7,-58.320,0.130,-0.626,0,4,85.0,2804,-0.0048,0.8723,16.0979,0.5446,609,1733,3640,0.0104,-0.7553,12.4633,1.1961,951,479,2596,-0.0104,0.4494,-71.9182,-1.7943,1235,-1424,3279,0.0048,-0.6383,-72.4567,-0.8168,930,-2243
14.780,3.7,-52.106,0.128,-0.660,2,4,85.0,2771,-0.0054,0.3396,7.0925,0.6137,-1309,2207,3672,0.0110,-0.5680,4.2490,1.2633,1282,1659,2568,-0.0111,0.4188,-73.2600,-1.9004,1154,-1481,3305,0.0053,-0.3957,-72.6903,-0.9151,711,-2360
14.800,3.7,-45.024,0.127,-0.687,0,4,85.0,2746,-0.0058,-0.7641,-7.9453,0.6666,-1040,2041,3696,0.0115,-0.4884,-7.0782,1.3127,1423,1367,2550,-0.0115,0.1662,-74.8930,-1.9685,1067,-1544,3328,0.0058,-0.4754,-73.1980,-1.0005,526,-2435
14.820,3.6,-39.506,0.126,-0.709,0,4,85.0,2727,-0.0062,-1.0233,-18.0003,0.7065,-379,626,3715,0.0118,-0.7586,-15.8709,1.3533,810,-529,2537,-0.0118,0.1050,-75.3711,-2.0204,971,-1609,3346,0.0062,-0.2930,-73.3852,-1.0694,385,-2480
14.840,3.2,-36.990,0.126,-0.732,0,4,85.0,2711,-0.0065,-0.9592,-13.9806,0.7393,-56,-1246,3732,0.0121,-0.8472,-13.6791,1.3891,2,-2508,2525,-0.0120,-0.2364,-74.1352,-2.0644,849,-1682,3361,0.0066,-0.5672,-72.7310,-1.1281,216,-2517
14.860,2.7,-36.184,0.126,-0.755,11,4,85.0,2695,-0.0067,-0.7117,-0.9560,0.7716,609,-1753,3749,0.0124,-0.7438,-1.7620,1.4231,48,-2968,2513,-0.0123,0.0285,-72.6931,-2.1091,716,-1748,3375,0.0069,0.0541,-71.4042,-1.1831,166,-2532
14.880,2.3,-35.177,0.127,-0.778,19,4,85.0,2679,-0.0070,-0.4303,11.5901,0.8052,926,-1059,3766,0.0127,-0.7188,10.0740,1.4596,-109,-2214,2500,-0.0126,0.3972,-71.0118,-2.1606,661,-1764,3389,0.0072,-0.0585,-69.9894,-1.2365,126,-2546
14.900,2.0,-32.010,0.130,-0.798,31,4,84.9,2664,-0.0073,-0.3471,15.0869,0.8363,822,552,3784,0.0131,-0.5850,13.6194,1.4975,-1121,-188,2485,-0.0129,0.5456,-68.8531,-2.2161,645,-1762,3402,0.0075,0.1621,-68.9512,-1.2845,117,-2557
14.920,1.8,-26.221,0.134,-0.815,40,4,84.9,2652,-0.0075,-0.1859,6.0907,0.8612,724,1536,3802,0.0134,0.1873,4.9788,1.5339,-1105,1322,2470,-0.0132,0.5314,-66.0903,-2.2741,646,-1752,3411,0.0077,0.4346,-66.1829,-1.3185,176,-2562
14.940,1.8,-19.867,0.138,-0.825,37,4,84.9,2644,-0.0077,-0.0042,-7.2969,0.8781,686,1295,3817,0.0137,0.6219,-7.7495,1.5658,101,1011,2456,-0.0135,0.3425,-62.5618,-2.3284,626,-1753,3416,0.0078,0.4949,-62.6732,-1.3374,268,-2560
14.960,1.6,-15.273,0.141,-0.831,31,4,84.9,2640,-0.0077,0.0014,-13.2194,0.8864,563,23,3828,0.0139,0.2264,-13.3312,1.5888,1048,-790,2444,-0.0138,0.1856,-58.0820,-2.3728,587,-1765,3416,0.0078,0.3970,-58.1714,-1.3399,342,-2556
14.980,1.3,-13.135,0.144,-0.835,25,4,84.9,2639,-0.0078,-0.0318,-7.4375,0.8897,364,-1090,3835,0.0140,-0.3304,-7.2621,1.6022,504,-2138,2436,-0.0140,0.0969,-52.3131,-2.4045,540,-1783,3415,0.0078,0.2353,-52.3801,-1.3332,376,-2557
15.000,0.9,-11.852,0.147,-0.840,22,4,85.0,2637,-0.0078,-0.0157,3.5312,0.8938,194,-1124,3839,0.0141,-0.4739,3.5137,1.6122,-260,-2121,2429,-0.0142,0.0383,-44.9491,-2.4323,492,-1803,3413,0.0077,0.1246,-44.9902,-1.3268,378,-2567
15.020,0.7,-9.574,0.148,-0.842,20,4,85.0,2635,-0.0078,-0.0204,10.1953,0.8974,-84,-215,3844,0.0142,-0.2079,9.9281,1.6220,-889,-888,2423,-0.0143,-0.0267,-34.5961,-2.4560,444,-1826,3412,0.0077,0.1017,-34.6494,-1.3231,368,-2585
15.040,0.6,-5.232,0.151,-0.844,21,4,85.0,2633,-0.0079,-0.0112,7.3379,0.9013,-94,810,3846,0.0142,0.3103,7.3986,1.6264,-381,653,2418,-0.0144,-0.0947,-20.2776,-2.4753,395,-1854,3410,0.0077,0.1683,-20.2873,-1.3162,378,-2607
15.060,0.6,0.284,0.153,-0.842,24,4,84.9,2633,-0.0079,-0.0078,-1.5437,0.9019,-86,1021,3847,0.0142,0.3161,-1.5040,1.6289,555,1032,2413,-0.0145,-0.1343,-2.3064,-2.4920,349,-1890,3407,0.0076,0.2643,-2.2606,-1.3042,434,-2632
15.080,0.7,5.263,0.154,-0.839,24,4,84.9,2634,-0.0078,-0.0109,-8.1171,0.8983,-77,368,3847,0.0142,-0.1051,-8.1978,1.6273,466,114,2410,-0.0146,-0.1706,16.1155,-2.5032,306,-1940,3402,0.0075,0.2610,16.1679,-1.2853,542,-2663
15.100,0.8,8.638,0.155,-0.837,19,4,85.0,2637,-0.0078,-0.0114,-6.9852,0.8935,-74,-529,3845,0.0142,-0.1531,-6.9296,1.6229,-153,-1100,2409,-0.0146,-0.2235,31.6005,-2.5090,254,-2011,3397,0.0074,0.1009,31.5464,-1.2656,665,-2713
15.120,1.1,10.977,0.155,-0.838,12,4,85.0,2637,-0.0078,-0.0088,-0.1749,0.8923,-73,-834,3842,0.0141,-0.0255,-0.0554,1.6178,-258,-1462,2408,-0.0146,-0.2815,43.4218,-2.5136,163,-2113,3393,0.0073,-0.1133,43.3855,-1.2515,741,-2817
15.140,1.4,13.682,0.155,-0.842,18,4,85.0,2634,-0.0078,-0.0044,5.9735,0.8984,-77,-388,3841,0.0141,0.0611,6.2477,1.6146,-79,-770,2406,-0.0147,-0.1547,52.1887,-2.5212,31,-2253,3392,0.0073,-0.0903,52.0655,-1.2483,840,-2979
15.160,1.7,17.894,0.155,-0.850,22,4,85.0,2629,-0.0079,-0.0127,6.6628,0.9092,-89,401,3841,0.0141,0.0190,6.4099,1.6161,-18,360,2402,-0.0148,0.0004,58.8651,-2.5357,-33,-2449,3393,0.0073,-0.1559,58.7581,-1.2523,1037,-3206
15.180,2.0,23.586,0.155,-0.864,18,4,85.0,2622,-0.0081,-0.0128,1.6408,0.9252,-93,798,3846,0.0142,0.0248,1.0426,1.6257,87,905,2395,-0.0149,-0.0406,62.8606,-2.5602,-139,-2634,3397,0.0074,-0.2735,64.0269,-1.2662,1081,-3510
15.200,2.1,27.525,0.155,-0.865,32,4,84.9,2610,-0.0083,-0.0017,-3.0579,0.9485,-39,578,3855,0.0144,0.0044,-4.2616,1.6448,94,540,2387,-0.0151,0.0837,63.4726,-2.5940,-2,184,3405,0.0075,0.0286,67.0278,-1.2959,1007,776
15.220,1.8,22.184,0.151,-0.767,35,4,84.9,2610,-0.0083,-0.0114,-3.4366,0.9495,2,141,3855,0.0144,-0.0205,-4.8368,1.6452,25,-275,2386,-0.0151,0.0365,60.9988,-2.5944,9,2625,3405,0.0075,0.1229,63.0529,-1.2977,864,3577
15.240,1.6,15.605,0.145,-0.589,36,4,84.9,2677,-0.0071,-0.0068,0.0588,0.8098,8,-10,3781,0.0130,-0.0012,-0.1984,1.4903,-150,-461,2448,-0.0137,0.0562,55.5105,-2.3577,94,2586,3352,0.0064,0.1116,55.4988,-1.0923,687,3375
15.260,1.3,9.562,0.139,-0.352,39,4,84.9,2797,-0.0049,-0.0080,3.0255,0.5588,15,247,3646,0.0106,-0.0179,2.6149,1.2091,-183,-123,2560,-0.0112,0.1229,43.8820,-1.9330,158,2574,3254,0.0042,0.1128,43.7477,-0.7189,637,3138
15.280,1.1,4.509,0.134,-0.072,39,4,84.9,2954,-0.0020,-0.0420,2.8105,0.2335,-14,656,3460,0.0072,-0.0021,2.6898,0.8216,-165,373,2699,-0.0081,0.1161,26.4927,-1.4004,216,2645,3113,0.0011,0.0619,26.4102,-0.1823,617,2945
15.300,1.0,0.174,0.129,0.231,36,4,84.9,3130,0.0012,-0.0428,0.0229,-0.1337,-60,831,3233,0.0030,0.0159,0.1815,0.3489,-116,552,2854,-0.0047,0.0748,3.3425,-0.8096,281,2796,2938,-0.0028,-0.0192,3.4967,0.4867,610,2797
15.320,1.1,-4.126,0.128,0.542,32,4,84.9,3312,0.0045,-0.0056,-2.5074,-0.5129,-64,630,2979,-0.0016,0.0140,-2.4888,-0.1803,-88,318,3012,-0.0012,0.0238,-20.1860,-0.2064,322,3039,2739,-0.0073,-0.1423,-20.4764,1.2464,513,2726
15.340,1.3,-9.094,0.130,0.848,52,4,84.9,3491,0.0077,0.0018,-2.7637,-0.8856,-61,199,2711,-0.0064,0.0166,-2.6330,-0.7391,-74,-33,3160,0.0021,-0.0101,-39.0061,0.3599,340,3362,2522,-0.0121,-0.2377,-39.0565,2.0771,364,2693
15.360,1.5,-14.478,0.134,1.137,121,4,84.8,3661,0.0108,0.0093,-0.4947,-1.2406,-24,-46,2441,-0.0114,-0.0167,-0.6169,-1.3023,-46,-189,3296,0.0051,0.1040,-51.5006,0.8799,215,3247,2297,-0.0171,0.0048,-51.4454,2.9344,-395,2346
15.380,1.5,-15.276,0.142,1.348,149,3,84.7,3820,0.0137,-0.0172,1.1610,-1.5714,-142,3,2183,-0.0161,0.0116,1.2907,-1.8395,-4,-99,3416,0.0078,-0.0047,-53.8659,1.3395,961,-2415,2077,-0.0220,0.2507,-53.9190,3.7768,978,-1299
15.400,1.4,-10.065,0.149,1.419,80,2,84.8,3926,0.0156,0.0291,1.7316,-1.7930,-95,207,1985,-0.0197,0.0147,1.4834,-2.2524,-16,8,3489,0.0094,0.0028,-43.7253,1.6177,818,-3675,1901,-0.0259,0.0525,-43.8189,4.4504,1118,-1788
15.420,1.3,-4.626,0.156,1.358,99,2,84.8,3942,0.0159,-0.0008,0.3984,-1.8251,-85,207,1898,-0.0212,0.0154,0.3357,-2.4330,-52,14,3487,0.0094,0.1147,-26.4147,1.6078,587,-3652,1814,-0.0278,0.1976,-26.4203,4.7794,894,-1753
15.440,1.4,0.321,0.162,1.191,104,2,84.8,3884,0.0149,-0.0221,-0.4500,-1.7055,-157,30,1928,-0.0207,-0.0028,-0.3701,-2.3705,-78,-63,3426,0.0080,-0.0443,-3.5218,1.3767,648,-3563,1825,-0.0276,0.3338,-3.3936,4.7373,1075,-1628
15.460,1.4,3.283,0.168,0.953,110,2,84.9,3774,0.0129,-0.0107,1.9990,-1.4764,-128,-29,2059,-0.0183,-0.0152,1.9678,-2.0963,-96,-92,3325,0.0058,-0.3584,15.8677,0.9905,-2651,-2147,1922,-0.0254,1.4520,15.9761,4.3686,1678,-1036
15.480,1.4,4.286,0.182,0.683,202,2,84.7,3629,0.0102,0.0001,6.0592,-1.1734,-122,545,2256,-0.0147,-0.0008,6.0177,-1.6871,-98,270,3194,0.0028,2.0055,24.6218,0.4894,-1525,-3048,2070,-0.0221,0.9891,24.4192,3.8013,2005,-940
15.500,1.6,7.470,0.191,0.394,4,2,85.0,3468,0.0073,-0.0044,2.5014,-0.8380,-142,1025,2484,-0.0106,0.0002,2.7834,-1.2117,-113,696,3035,-0.0007,-0.5403,33.6359,-0.1185,145,-1314,2230,-0.0186,-1.0387,34.2017,3.1929,2044,-773
15.520,1.5,6.052,0.201,0.144,171,2,84.8,3289,0.0041,-0.0293,-0.2243,-0.4652,-80,892,2721,-0.0063,-0.0311,-0.1693,-0.7171,-173,705,2869,-0.0044,1.2451,29.9827,-0.7492,-1999,1907,2405,-0.0147,1.3121,29.7520,2.5227,2374,1117
15.540,1.6,1.607,0.205,-0.022,122,2,84.7,3136,0.0013,-0.0159,-2.2522,-0.1474,-84,649,2928,-0.0025,0.0156,-2.2370,-0.2858,-184,568,2725,-0.0076,0.3418,9.4556,-1.2995,1238,2572,2555,-0.0113,0.0149,9.4986,1.9492,906,2502
15.560,1.7,-3.074,0.203,-0.106,103,2,84.8,3038,-0.0005,0.0033,-3.8178,0.0573,-52,159,3070,0.0001,0.0534,-3.8964,0.0081,-164,118,2636,-0.0095,0.1025,-14.9436,-1.6393,182,2431,2662,-0.0090,-0.1821,-14.9565,1.5412,1082,2332
15.580,1.8,-6.380,0.194,-0.134,112,2,84.8,2997,-0.0012,0.0319,-2.4009,0.1423,-43,-211,3150,0.0015,0.0629,-2.1121,0.1759,-97,-233,2608,-0.0102,0.0097,-29.4760,-1.7467,502,243,2733,-0.0074,-0.0169,-26.7271,1.2694,1325,416
15.600,1.9,-5.564,0.182,-0.168,124,2,84.7,3001,-0.0012,0.0108,1.5464,0.1349,-42,-164,3194,0.0023,0.0489,1.2330,0.2684,-38,-199,2629,-0.0097,0.6026,-26.0617,-1.6696,1599,-2015,2787,-0.0062,-0.4210,-22.7664,1.0647,679,-2157
15.620,1.9,-2.137,0.170,-0.228,135,2,84.7,3002,-0.0012,-0.0365,2.9821,0.1323,-28,99,3244,0.0032,0.0480,2.5909,0.3721,-3,45,2653,-0.0092,1.2121,-10.1927,-1.5763,935,-2622,2851,-0.0048,-0.8915,-9.0430,0.8196,1254,-2638
15.640,2.0,2.215,0.159,-0.308,128,2,84.7,2985,-0.0015,-0.0500,1.6283,0.1684,-9,304,3313,0.0045,0.0305,1.6958,0.5154,26,272,2664,-0.0089,0.7930,9.0596,-1.5352,115,-2611,2932,-0.0030,-0.8925,9.9219,0.5096,1581,-2421
15.660,2.2,5.470,0.148,-0.390,127,2,84.7,2952,-0.0021,-0.0377,0.2484,0.2359,61,327,3396,0.0060,-0.0086,0.2540,0.6880,1,320,2658,-0.0091,0.5998,19.5819,-1.5564,585,-1455,3021,-0.0010,-0.9039,24.0699,0.1705,1102,-847
15.680,2.2,5.002,0.138,-0.427,139,2,84.7,2917,-0.0027,0.0061,-1.2335,0.3093,113,173,3479,0.0075,-0.0284,-1.5938,0.8605,-103,110,2651,-0.0092,0.1745,18.2462,-1.5819,298,748,3111,0.0010,-0.2528,22.5826,-0.1729,1258,2012
15.700,2.3,0.832,0.130,-0.391,155,2,84.7,2911,-0.0028,0.0394,-0.8320,0.3214,94,36,3526,0.0084,-0.0200,-0.9033,0.9590,-148,-64,2666,-0.0089,0.0745,5.1837,-1.5264,536,1707,3169,0.0023,0.0635,5.5776,-0.3942,1321,2717
15.720,2.3,-3.526,0.122,-0.301,152,2,84.7,2952,-0.0021,0.0454,0.5543,0.2362,86,69,3515,0.0082,-0.0274,0.3820,0.9371,-131,-29,2716,-0.0078,0.0008,-11.6678,-1.3352,568,1165,3177,0.0025,0.0152,-10.3822,-0.4247,890,2391
15.740,2.4,-5.157,0.117,-0.198,151,2,84.7,3027,-0.0007,0.0144,0.6894,0.0811,71,182,3460,0.0072,-0.0381,0.6407,0.8214,-74,97,2792,-0.0061,-0.0479,-19.7277,-1.0449,692,-827,3146,0.0018,-0.0035,-16.2846,-0.3089,900,708
15.760,2.5,-2.951,0.114,-0.128,165,2,84.7,3106,0.0007,-0.0006,-0.1001,-0.0835,56,233,3391,0.0059,-0.0373,-0.0904,0.6771,-15,144,2866,-0.0044,0.0053,-13.0967,-0.7613,737,-2230,3099,0.0008,0.0703,-11.6119,-0.1292,937,-1102
15.780,2.6,0.739,0.114,-0.103,167,2,84.7,3157,0.0017,0.0051,-1.0169,-0.1904,60,118,3341,0.0050,-0.0244,-0.9987,0.5731,8,38,2914,-0.0034,0.0236,-0.3348,-0.5776,602,-2465,3065,0.0000,0.0014,-0.3104,0.0035,919,-1543
15.800,2.6,3.599,0.116,-0.109,167,2,84.7,3174,0.0020,0.0282,-1.0285,-0.2257,58,-54,3322,0.0047,-0.0136,-1.1627,0.5342,-1,-147,2929,-0.0030,0.0029,9.4972,-0.5228,513,-1905,3050,-0.0003,-0.0301,10.6757,0.0600,1065,-677
15.820,2.7,3.899,0.118,-0.117,176,2,84.6,3167,0.0019,0.0517,-0.1102,-0.2122,6,-141,3325,0.0047,-0.0054,-0.1335,0.5406,-21,-243,2919,-0.0033,0.0142,12.1390,-0.5599,487,-525,3048,-0.0004,0.0150,13.9060,0.0673,1097,982
15.840,2.8,1.629,0.119,-0.098,182,2,84.6,3159,0.0017,0.0424,1.1623,-0.1937,-71,-55,3328,0.0048,0.0019,1.2412,0.5458,-33,-136,2908,-0.0035,0.0138,7.4396,-0.6032,517,699,3046,-0.0004,0.0219,7.9485,0.0751,1071,1974
15.860,2.9,-1.309,0.119,-0.051,183,2,84.6,3167,0.0018,0.0173,1.8978,-0.2115,-132,172,3308,0.0044,0.0141,1.8984,0.5053,-47,119,2913,-0.0034,-0.0016,-1.1068,-0.5829,589,940,3028,-0.0008,-0.0071,-1.0760,0.1422,1018,2044
15.880,2.9,-3.208,0.118,0.009,187,2,84.6,3194,0.0023,-0.0109,1.4407,-0.2677,-162,398,3268,0.0037,0.0148,1.2990,0.4215,-62,336,2935,-0.0029,-0.0038,-8.4162,-0.4989,642,223,2995,-0.0016,-0.0173,-7.6248,0.2683,964,1407
15.900,3.0,-3.029,0.118,0.061,195,2,84.6,3231,0.0030,-0.0337,-0.0908,-0.3454,-161,455,3219,0.0028,0.0073,-0.0616,0.3186,-73,385,2968,-0.0022,0.0093,-9.9766,-0.3726,654,-940,2958,-0.0024,0.0040,-9.0124,0.4129,953,288
15.920,3.1,-1.083,0.120,0.083,199,2,84.6,3264,0.0036,-0.0417,-1.4268,-0.4123,-118,302,3176,0.0020,-0.0038,-1.3581,0.2292,-71,242,2994,-0.0016,0.0123,-5.6749,-0.2726,604,-1667,2922,-0.0032,-0.0022,-5.4296,0.5473,980,-580
15.940,3.2,1.228,0.122,0.072,204,2,84.6,3276,0.0038,-0.0307,-1.8943,-0.4376,-37,30,3156,0.0016,-0.0095,-1.9229,0.1886,-65,-15,3000,-0.0014,0.0084,0.6553,-0.2491,547,-1715,2903,-0.0036,-0.0028,0.6555,0.6226,1063,-736
15.960,3.2,2.582,0.123,0.043,210,2,84.6,3266,0.0036,0.0017,-1.2572,-0.4170,23,-199,3162,0.0018,-0.0107,-1.3716,0.2014,-57,-248,2989,-0.0017,0.0056,5.3111,-0.2939,491,-1195,2904,-0.0036,0.0122,5.6547,0.6173,1105,-241
15.980,3.3,2.322,0.125,0.016,216,2,84.5,3244,0.0032,0.0283,0.0288,-0.3706,-14,-268,3182,0.0021,-0.0052,0.0525,0.2418,-51,-316,2967,-0.0022,0.0024,6.3641,-0.3758,483,-365,2917,-0.0033,0.0226,6.8253,0.5689,1103,543
16.000,3.4,0.792,0.126,0.005,221,2,84.5,3224,0.0029,0.0191,1.4088,-0.3295,-111,-134,3201,0.0025,0.0032,1.4150,0.2815,-58,-182,2948,-0.0026,0.0038,4.0478,-0.4510,516,297,2929,-0.0030,0.0266,4.1781,0.5230,1076,1092
16.020,3.5,-1.022,0.128,0.015,225,2,84.5,3216,0.0027,-0.0192,1.9716,-0.3132,-115,113,3208,0.0026,0.0041,1.9389,0.2976,-65,70,2938,-0.0028,0.0014,-0.0830,-0.4867,554,468,2932,-0.0030,0.0139,-0.0495,0.5103,1039,1173
16.040,3.6,-2.128,0.128,0.035,228,2,84.5,3222,0.0028,-0.0269,1.6087,-0.3265,-55,352,3201,0.0025,0.0025,1.6188,0.2814,-87,313,2940,-0.0028,0.0021,-3.6998,-0.4809,587,152,2922,-0.0032,0.0039,-3.4896,0.5485,1011,825
16.060,3.6,-2.030,0.127,0.052,235,2,84.5,3236,0.0031,-0.0051,0.4682,-0.3546,-12,457,3186,0.0022,-0.0081,0.4396,0.2498,-51,412,2951,-0.0025,0.0109,-4.9291,-0.4370,594,-408,2910,-0.0035,0.0098,-4.6550,0.5942,1005,230
16.080,3.7,-0.900,0.127,0.056,241,2,84.5,3248,0.0033,0.0158,-0.8328,-0.3793,-34,376,3173,0.0020,0.0007,-0.7989,0.2245,-29,334,2962,-0.0023,0.0120,-3.5058,-0.3947,567,-864,2902,-0.0036,0.0112,-3.3953,0.6268,1029,-288
16.100,3.8,0.611,0.127,0.043,282,2,84.4,3251,0.0034,0.0143,-1.5890,-0.3868,-84,157,3171,0.0019,0.0088,-1.5873,0.2189,-45,127,2966,-0.0022,-0.0483,-0.6303,-0.3812,124,-1000,2900,-0.0037,-0.0849,-0.6044,0.6331,401,-487
16.120,3.8,1.778,0.130,0.020,373,1,84.2,3243,0.0032,-0.0060,-1.6987,-0.3703,-92,-105,3181,0.0021,-0.0022,-1.7414,0.2402,-63,-122,2959,-0.0024,-0.0336,2.2195,-0.4084,-84,-766,2908,-0.0035,-0.0702,2.3542,0.6035,-67,-303
16.140,3.7,1.957,0.135,-0.005,480,1,84.0,3230,0.0030,-0.0147,-1.0207,-0.3428,-50,-291,3202,0.0025,-0.0117,-1.0954,0.2834,-59,-309,2943,-0.0027,-0.0099,3.7113,-0.4700,35,-274,2919,-0.0033,-0.0102,3.8393,0.5592,107,139
16.160,3.7,1.064,0.141,-0.019,587,1,83.8,3219,0.0028,-0.0041,0.1021,-0.3192,7,-321,3225,0.0029,-0.0058,0.1281,0.3327,-36,-340,2924,-0.0032,0.0251,3.0424,-0.5424,9,188,2929,-0.0030,0.0544,3.1892,0.5221,2,560
16.180,3.7,-0.316,0.147,-0.020,694,1,83.6,3216,0.0027,0.0157,1.2339,-0.3134,-20,-183,3243,0.0032,0.0065,1.2146,0.3703,-26,-203,2909,-0.0035,0.0098,0.8906,-0.5971,-97,396,2932,-0.0030,0.0117,0.8665,0.5117,-153,723
16.200,3.7,-1.400,0.152,-0.009,800,1,83.3,3223,0.0029,0.0061,1.6433,-0.3271,-64,38,3251,0.0034,0.0101,1.6003,0.3863,-51,23,2903,-0.0036,-0.0252,-1.5684,-0.6215,-65,287,2926,-0.0031,-0.0379,-1.4885,0.5327,-93,583
16.220,3.7,-1.645,0.157,0.004,910,1,90.5,3236,0.0031,-0.0090,1.2583,-0.3553,-83,237,3250,0.0033,-0.0001,1.1939,0.3835,-73,221,2903,-0.0036,-0.0094,-2.9309,-0.6205,6,-35,2914,-0.0034,-0.0117,-2.7895,0.5780,51,229
16.240,3.6,-0.994,0.162,0.012,1031,1,98.8,3251,0.0034,-0.0146,0.2101,-0.3862,-49,311,3245,0.0033,-0.0099,0.2132,0.3748,-48,295,2905,-0.0036,0.0178,-2.5878,-0.6120,-18,-369,2901,-0.0037,0.0322,-2.4912,0.6292,6,-131
16.260,3.6,0.110,0.166,0.009,1163,1,107.9,3261,0.0036,-0.0004,-0.8729,-0.4080,-12,225,3245,0.0033,-0.0033,-0.8528,0.3735,-16,213,2905,-0.0036,0.0071,-0.9260,-0.6147,-94,-527,2891,-0.0039,0.0081,-0.9108,0.6665,-118,-312
16.280,3.6,1.042,0.169,0.000,1307,1,117.8,3264,0.0036,0.0135,-1.4224,-0.4133,-32,34,3250,0.0034,0.0069,-1.4439,0.3848,-26,27,2899,-0.0037,-0.0172,0.9234,-0.6379,-58,-454,2887,-0.0040,-0.0339,0.9864,0.6806,-74,-257
16.300,3.6,1.338,0.172,-0.012,1459,1,128.4,3260,0.0035,0.0064,-1.2411,-0.4044,-72,-158,3260,0.0035,0.0049,-1.2456,0.4049,-66,-164,2889,-0.0039,0.0502,2.0669,-0.6752,88,-205,2889,-0.0039,0.0957,2.1655,0.6744,221,-23
16.320,3.7,0.619,0.170,-0.015,1561,1,133.4,3253,0.0034,-0.0077,-0.2125,-0.3903,-96,-243,3270,0.0037,-0.0061,-0.1975,0.4249,-105,-248,2879,-0.0041,0.0353,1.6315,-0.7125,971,69,2893,-0.0038,0.1134,1.6879,0.6606,1758,231
16.340,3.9,-0.573,0.161,-0.009,1589,1,134.4,3248,0.0033,-0.0146,1.0760,-0.3793,-83,-143,3269,0.0037,-0.0122,1.0773,0.4238,-98,-146,2878,-0.0042,0.1322,0.0691,-0.7181,1927,144,2895,-0.0038,0.3814,0.0724,0.6513,2953,202
16.360,4.2,-1.412,0.145,0.005,1583,1,134.2,3242,0.0032,-0.0024,1.7061,-0.3667,-51,90,3254,0.0034,-0.0016,1.6860,0.3922,-62,92,2892,-0.0039,-0.0100,-1.2347,-0.6649,1887,40,2902,-0.0036,0.2616,-1.1653,0.6266,3164,57
16.380,4.4,-1.744,0.128,0.023,1580,1,134.1,3234,0.0031,0.0074,1.6425,-0.3507,-72,346,3226,0.0029,0.0076,1.6087,0.3350,-65,350,2916,-0.0033,0.0785,-1.9773,-0.5732,1815,-186,2909,-0.0035,0.1009,-1.8728,0.5967,3172,-45
16.400,4.7,-1.356,0.107,0.031,1579,1,134.1,3227,0.0029,0.0039,1.0056,-0.3364,-103,515,3193,0.0023,0.0059,0.9722,0.2664,-86,512,2945,-0.0027,0.0680,-1.8815,-0.4622,1663,-436,2917,-0.0033,0.0158,-1.8024,0.5672,3167,-171
16.420,4.9,-0.582,0.088,0.036,1579,1,134.1,3212,0.0027,-0.0036,0.1038,-0.3059,-97,530,3168,0.0019,-0.0007,0.1092,0.2129,-94,524,2974,-0.0020,0.0682,-1.1466,-0.3496,1652,-593,2938,-0.0028,0.0217,-1.1200,0.4889,3047,-326
16.440,5.2,0.388,0.068,0.030,1579,1,134.1,3198,0.0024,-0.0019,-0.5606,-0.2748,-72,404,3146,0.0015,-0.0043,-0.5267,0.1675,-82,405,3000,-0.0015,0.0681,-0.1037,-0.2513,1747,-588,2958,-0.0024,0.1433,-0.0845,0.4122,3014,-347
16.460,5.5,0.879,0.054,0.025,1579,1,134.1,3177,0.0020,0.0039,-0.7856,-0.2326,-69,205,3134,0.0013,-0.0014,-0.8034,0.1435,-56,208,3022,-0.0010,0.0578,0.6295,-0.1676,1696,-440,2987,-0.0018,0.1241,0.6627,0.3013,3073,-241
16.480,5.7,0.827,0.041,0.015,1579,1,134.1,3161,0.0017,0.0035,-0.4882,-0.1977,-90,47,3125,0.0011,0.0051,-0.4846,0.1237,-82,53,3036,-0.0007,0.0396,0.7968,-0.1144,1685,-238,3007,-0.0013,0.0960,0.8335,0.2255,3091,-110
16.500,6.0,0.283,0.029,0.007,1579,1,134.1,3142,0.0014,-0.0018,-0.0248,-0.1595,-85,-13,3121,0.0010,0.0002,-0.0205,0.1155,-98,-6,3047,-0.0004,0.0474,0.5015,-0.0700,1704,-78,3030,-0.0008,0.0950,0.5082,0.1360,3048,-12
16.520,6.2,-0.381,0.021,0.002,1579,1,134.1,3128,0.0011,-0.0016,0.4243,-0.1310,-71,38,3118,0.0009,-0.0026,0.4363,0.1088,-93,46,3059,-0.0001,0.0428,-0.0376,-0.0243,1724,-29,3051,-0.0003,0.0999,-0.0432,0.0576,3061,14
16.540,6.5,-0.885,0.014,0.002,1579,1,134.1,3119,0.0010,0.0009,0.6534,-0.1106,-88,155,3115,0.0009,-0.0015,0.6242,0.1037,-76,157,3067,0.0000,0.0322,-0.5151,0.0048,1715,-88,3064,0.0000,0.0824,-0.5316,0.0056,3078,-38
16.560,6.7,-0.992,0.010,-0.001,1579,1,134.1,3114,0.0009,-0.0022,0.6123,-0.1008,-80,270,3110,0.0008,0.0011,0.6157,0.0934,-80,274,3078,0.0003,0.0386,-0.7407,0.0476,1749,-210,3075,0.0002,0.0842,-0.7546,-0.0365,3068,-135
16.580,7.0,-0.817,0.012,0.001,1579,1,134.1,3108,0.0008,-0.0001,0.3673,-0.0886,-92,331,3110,0.0008,-0.0002,0.3453,0.0930,-86,329,3081,0.0004,0.0313,-0.7191,0.0603,1710,-330,3083,0.0004,0.0814,-0.6804,-0.0669,3093,-216
16.600,7.3,-0.442,0.015,0.004,1579,1,134.1,3108,0.0008,-0.0019,0.0809,-0.0886,-83,314,3107,0.0008,-0.0016,0.0838,0.0864,-85,313,3077,0.0003,0.0087,-0.4860,0.0442,1711,-393,3076,0.0002,0.0652,-0.4988,-0.0409,3149,-252
16.620,7.5,-0.102,0.021,0.004,1579,1,134.1,3110,0.0008,-0.0006,-0.0561,-0.0924,-87,251,3104,0.0007,-0.0017,-0.0402,0.0799,-92,254,3072,0.0001,0.0182,-0.2273,0.0253,1735,-386,3067,0.0000,0.0616,-0.2345,-0.0066,3144,-249
16.640,7.8,0.098,0.025,-0.005,1579,1,134.1,3110,0.0008,-0.0009,-0.0732,-0.0928,-89,177,3105,0.0007,-0.0025,-0.0654,0.0817,-84,181,3061,-0.0001,0.0084,0.0106,-0.0172,1686,-320,3057,-0.0002,0.0586,0.0173,0.0339,3156,-198
16.660,8.0,-0.009,0.030,-0.006,1579,1,134.1,3104,0.0007,-0.0016,-0.0001,-0.0809,-97,129,3112,0.0008,-0.0011,0.0146,0.0957,-97,137,3049,-0.0004,0.0169,0.0309,-0.0640,1698,-241,3055,-0.0002,0.0627,0.0371,0.0417,3099,-155
16.680,8.3,-0.170,0.035,-0.010,1579,1,134.1,3104,0.0007,-0.0028,0.1179,-0.0809,-79,117,3114,0.0009,-0.0029,0.1596,0.1003,-98,135,3039,-0.0006,0.0108,-0.0367,-0.1027,1731,-187,3046,-0.0004,0.0694,-0.0561,0.0736,3135,-118
16.700,8.6,-0.382,0.038,-0.014,1579,1,134.1,3103,0.0007,-0.0005,0.2226,-0.0776,-79,139,3117,0.0009,-0.0027,0.2399,0.1069,-73,157,3027,-0.0009,0.0148,-0.1683,-0.1463,1722,-172,3039,-0.0006,0.0625,-0.1668,0.1023,3130,-108
16.720,8.8,-0.536,0.036,-0.019,1579,1,134.1,3100,0.0006,-0.0006,0.2789,-0.0726,-101,181,3121,0.0010,0.0008,0.2574,0.1160,-66,190,3018,-0.0010,0.0193,-0.2789,-0.1801,1714,-191,3036,-0.0007,0.0662,-0.2546,0.1150,3101,-121
16.740,9.1,-0.619,0.036,-0.018,1579,1,134.1,3097,0.0006,-0.0033,0.2346,-0.0662,-80,212,3125,0.0011,0.0014,0.2359,0.1242,-93,220,3019,-0.0010,0.0332,-0.3616,-0.1765,1747,-232,3042,-0.0005,0.0784,-0.3571,0.0896,3050,-158
16.760,9.3,-0.565,0.035,-0.013,1579,1,134.1,3099,0.0006,-0.0003,0.1725,-0.0702,-70,221,3125,0.0011,-0.0022,0.1957,0.1232,-108,234,3022,-0.0010,0.0259,-0.3610,-0.1667,1744,-273,3043,-0.0005,0.0780,-0.3685,0.0872,3095,-184
16.780,9.6,-0.471,0.036,-0.006,1579,1,134.1,3103,0.0007,0.0006,0.1211,-0.0787,-84,210,3122,0.0010,-0.0038,0.1454,0.1165,-81,227,3027,-0.0009,0.0291,-0.3238,-0.1483,1754,-297,3042,-0.0005,0.0727,-0.3148,0.0916,3099,-198
16.800,9.8,-0.325,0.035,-0.006,1579,1,134.1,3109,0.0008,-0.0010,0.1109,-0.0910,-96,192,3117,0.0009,-0.0006,0.1258,0.1076,-64,209,3030,-0.0008,0.0256,-0.2274,-0.1365,1742,-293,3036,-0.0006,0.0712,-0.2058,0.1114,3116,-187
16.820,10.1,-0.306,0.035,-0.004,1579,1,134.1,3109,0.0008,-0.0023,0.1177,-0.0912,-105,180,3118,0.0010,0.0012,0.1138,0.1099,-87,191,3032,-0.0007,0.0303,-0.1686,-0.1287,1729,-267,3039,-0.0006,0.0710,-0.1629,0.1006,3066,-177
16.840,10.4,-0.280,0.032,-0.008,1579,1,134.1,3111,0.0008,-0.0032,0.1351,-0.0950,-74,172,3117,0.0009,-0.0014,0.1340,0.1065,-91,180,3033,-0.0007,0.0240,-0.1503,-0.1248,1743,-240,3037,-0.0006,0.0770,-0.0907,0.1075,3114,-140
16.860,10.6,-0.370,0.027,-0.012,1579,1,134.1,3107,0.0008,0.0001,0.1746,-0.0870,-82,179,3120,0.0010,-0.0016,0.1470,0.1125,-83,176,3037,-0.0006,0.0339,-0.1612,-0.1079,1730,-217,3047,-0.0004,0.0722,-0.1609,0.0698,3035,-140
16.880,10.9,-0.414,0.021,-0.020,1579,1,134.1,3105,0.0007,-0.0008,0.1680,-0.0822,-69,183,3122,0.0010,-0.0009,0.1682,0.1176,-80,182,3044,-0.0005,0.0311,-0.2004,-0.0819,1748,-213,3058,-0.0002,0.0822,-0.1546,0.0288,3073,-128
16.900,11.1,-0.480,0.020,-0.028,1579,1,134.1,3099,0.0006,0.0005,0.1756,-0.0700,-85,192,3127,0.0011,-0.0005,0.1756,0.1287,-90,192,3052,-0.0003,0.0321,-0.1748,-0.0540,1725,-201,3075,0.0002,0.0739,-0.2346,-0.0341,3018,-146
16.920,11.4,-0.519,0.018,-0.033,1579,1,134.1,3094,0.0005,-0.0011,0.1441,-0.0582,-87,190,3133,0.0012,-0.0016,0.1726,0.1414,-101,201,3049,-0.0004,0.0249,-0.2597,-0.0635,1757,-221,3082,0.0004,0.0773,-0.2591,-0.0614,3082,-156
16.940,11.6,-0.559,0.018,-0.034,1579,1,134.1,3090,0.0004,-0.0013,0.1291,-0.0506,-83,183,3138,0.0013,-0.0025,0.1331,0.1507,-70,194,3050,-0.0004,0.0293,-0.2885,-0.0602,1741,-246,3089,0.0005,0.0702,-0.2908,-0.0901,3058,-179
16.960,11.9,-0.544,0.023,-0.031,1579,1,134.1,3090,0.0004,-0.0010,0.1201,-0.0510,-78,174,3139,0.0013,0.0003,0.1228,0.1518,-64,183,3050,-0.0003,0.0239,-0.2643,-0.0594,1744,-260,3090,0.0005,0.0694,-0.2689,-0.0920,3088,-186
16.980,12.2,-0.492,0.029,-0.033,1579,1,134.1,3092,0.0005,-0.0005,0.1354,-0.0559,-92,170,3137,0.0013,0.0007,0.1353,0.1496,-94,177,3041,-0.0005,0.0136,-0.2088,-0.0935,1746,-252,3078,0.0003,0.0601,-0.2531,-0.0471,3127,-183
17.000,12.4,-0.525,0.037,-0.033,1579,1,134.1,3091,0.0005,-0.0019,0.1305,-0.0539,-91,166,3140,0.0013,-0.0019,0.1366,0.1541,-106,174,3028,-0.0008,0.0197,-0.2323,-0.1422,1755,-250,3068,0.0000,0.0621,-0.2354,-0.0081,3103,-181
17.020,12.7,-0.536,0.043,-0.029,1579,1,134.1,3092,0.0005,-0.0018,0.1581,-0.0555,-115,176,3140,0.0013,-0.0030,0.1782,0.1541,-129,190,3014,-0.0011,0.0146,-0.2496,-0.1968,1751,-254,3053,-0.0003,0.0635,-0.2393,0.0489,3131,-172
17.040,12.9,-0.532,0.047,-0.023,1579,1,134.1,3095,0.0005,-0.0037,0.1416,-0.0605,-83,177,3136,0.0013,-0.0046,0.1475,0.1469,-68,189,3004,-0.0014,0.0184,-0.2477,-0.2354,1769,-255,3038,-0.0006,0.0626,-0.2447,0.1058,3122,-170
17.060,13.2,-0.508,0.047,-0.020,1579,1,134.1,3098,0.0006,-0.0009,0.1301,-0.0678,-58,171,3131,0.0012,0.0003,0.1437,0.1369,-48,184,3000,-0.0015,0.0246,-0.2393,-0.2513,1771,-255,3027,-0.0009,0.0662,-0.2263,0.1476,3099,-168
17.080,13.4,-0.485,0.045,-0.024,1577,1,133.9,3100,0.0006,0.0010,0.1447,-0.0713,-79,170,3129,0.0011,0.0017,0.1610,0.1313,-91,186,3000,-0.0015,0.0207,-0.2046,-0.2503,1684,-244,3024,-0.0009,0.0539,-0.1688,0.1602,3045,-158
17.100,13.7,-0.503,0.044,-0.027,1602,1,134.6,3096,0.0006,-0.0008,0.1469,-0.0634,-100,174,3131,0.0012,-0.0014,0.1381,0.1358,-86,181,3002,-0.0014,0.0307,-0.1994,-0.2421,1602,-236,3031,-0.0008,0.0556,-0.1986,0.1334,2803,-178
17.120,13.9,-0.458,0.042,-0.030,1652,1,136.1,3094,0.0005,-0.0026,0.1484,-0.0593,-105,180,3133,0.0012,-0.0016,0.1380,0.1406,-101,181,3002,-0.0014,0.0286,-0.1899,-0.2420,1764,-222,3034,-0.0007,0.0846,-0.1795,0.1200,2993,-154
17.140,14.2,-0.532,0.041,-0.027,1667,1,136.5,3093,0.0005,-0.0023,0.1094,-0.0563,-54,165,3136,0.0013,-0.0022,0.1091,0.1457,-67,166,3004,-0.0014,0.0254,-0.2072,-0.2354,1744,-216,3039,-0.0006,0.0693,-0.2026,0.1013,3051,-146
17.160,14.4,-0.582,0.040,-0.025,1698,1,137.3,3095,0.0005,0.0010,0.1355,-0.0617,-71,163,3134,0.0012,0.0002,0.1330,0.1416,-72,164,3008,-0.0013,0.0285,-0.2442,-0.2207,1741,-229,3039,-0.0006,0.0663,-0.2335,0.1009,3019,-157
17.180,14.7,-0.591,0.036,-0.025,1731,1,138.2,3097,0.0006,-0.0003,0.1480,-0.0645,-99,169,3133,0.0012,-0.0002,0.1374,0.1394,-89,165,3012,-0.0012,0.0286,-0.2397,-0.2034,1756,-237,3042,-0.0005,0.0721,-0.2186,0.0911,3033,-159
17.200,15.0,-0.620,0.033,-0.022,1761,1,139.1,3096,0.0006,-0.0022,0.1480,-0.0639,-100,175,3133,0.0012,-0.0014,0.1370,0.1402,-100,169,3020,-0.0010,0.0285,-0.2273,-0.1759,1767,-237,3050,-0.0004,0.0714,-0.2354,0.0613,3033,-166
17.220,15.2,-0.595,0.030,-0.023,1794,1,140.0,3099,0.0006,-0.0020,0.1367,-0.0691,-64,173,3130,0.0012,-0.0022,0.1644,0.1348,-98,181,3028,-0.0008,0.0298,-0.2187,-0.1429,1799,-236,3054,-0.0003,0.0742,-0.2243,0.0444,3064,-165
17.240,15.5,-0.602,0.030,-0.026,1825,1,140.9,3098,0.0006,0.0003,0.1314,-0.0672,-73,168,3132,0.0012,-0.0018,0.1336,0.1375,-62,176,3032,-0.0007,0.0289,-0.2176,-0.1277,1798,-233,3060,-0.0001,0.0737,-0.2247,0.0223,3076,-165
17.260,15.7,-0.602,0.028,-0.029,1859,1,141.8,3096,0.0006,-0.0005,0.1450,-0.0639,-106,173,3133,0.0012,0.0003,0.1490,0.1410,-88,180,3032,-0.0007,0.0285,-0.2261,-0.1279,1822,-234,3062,-0.0001,0.0774,-0.2137,0.0123,3110,-158
17.280,16.0,-0.612,0.026,-0.034,1890,1,142.7,3094,0.0005,-0.0024,0.1419,-0.0585,-96,174,3136,0.0013,-0.0013,0.1435,0.1467,-98,180,3033,-0.0007,0.0283,-0.2278,-0.1254,1826,-236,3067,0.0000,0.0765,-0.2183,-0.0069,3122,-156
17.300,16.3,-0.621,0.025,-0.042,1919,1,143.5,3090,0.0005,-0.0015,0.1247,-0.0516,-63,166,3139,0.0013,-0.0018,0.1355,0.1537,-81,176,3034,-0.0007,0.0279,-0.2106,-0.1226,1843,-229,3074,0.0002,0.0774,-0.2156,-0.0306,3135,-155
17.320,16.5,-0.717,0.027,-0.039,1953,1,144.4,3085,0.0003,0.0001,0.1345,-0.0398,-96,168,3145,0.0014,-0.0008,0.1269,0.1649,-90,172,3032,-0.0008,0.0291,-0.2569,-0.1291,1848,-240,3081,0.0003,0.0791,-0.2202,-0.0586,3150,-151
17.340,16.8,-0.762,0.033,-0.030,1991,1,145.5,3087,0.0004,-0.0018,0.1121,-0.0438,-89,160,3143,0.0014,-0.0014,0.1237,0.1612,-90,168,3029,-0.0008,0.0294,-0.2907,-0.1417,1908,-261,3075,0.0002,0.0867,-0.2464,-0.0344,3205,-149
17.360,16.9,-1.883,0.038,-0.023,2073,1,146.4,3093,0.0005,-0.0006,0.3581,-0.0573,-13,204,3136,0.0013,-0.0011,0.3700,0.1464,-52,216,3023,-0.0009,0.0541,-0.5812,-0.1626,-1201,-345,3058,-0.0002,0.1773,-0.5561,0.0290,3291,-160
17.380,17.0,-2.909,0.045,-0.017,2132,1,148.0,3102,0.0007,0.0012,0.5885,-0.0761,-84,375,3135,0.0013,0.0002,0.5669,0.1440,-69,377,3021,-0.0010,0.0974,-0.9463,-0.1704,-691,-586,3048,-0.0004,0.3101,-0.9429,0.0685,3308,-236
17.400,17.1,-3.494,0.055,-0.012,2250,1,151.1,3114,0.0009,-0.0033,0.6398,-0.1010,-68,534,3138,0.0013,-0.0012,0.6331,0.1508,-70,537,3017,-0.0011,0.2198,-1.2053,-0.1861,-437,-863,3036,-0.0006,0.5194,-1.2064,0.1114,3204,-231
17.420,17.2,-3.743,0.066,-0.010,2362,1,156.9,3128,0.0011,-0.0021,0.6179,-0.1301,-28,636,3145,0.0014,-0.0014,0.6030,0.1656,-53,633,3008,-0.0013,-0.1270,-1.4130,-0.2197,-358,-1114,3022,-0.0010,0.3026,-1.3738,0.1664,2953,-181
17.440,17.3,-3.530,0.075,-0.015,2461,1,156.9,3142,0.0014,0.0008,0.4937,-0.1596,-19,650,3157,0.0017,-0.0006,0.4922,0.1896,-44,648,2998,-0.0015,0.3340,-1.4369,-0.2570,451,-1282,3010,-0.0012,0.6402,-1.3816,0.2120,2846,-172
17.460,17.4,-3.067,0.084,-0.020,2614,1,160.7,3152,0.0016,0.0035,0.3152,-0.1808,-43,574,3174,0.0020,0.0007,0.3160,0.2258,-46,573,2988,-0.0017,-0.0006,-1.2832,-0.2982,-2168,-1144,3005,-0.0013,0.6845,-1.2685,0.2308,2639,-119
17.480,17.4,-2.856,0.095,-0.027,2710,1,162.9,3162,0.0017,0.0005,0.2607,-0.2000,-111,494,3191,0.0023,0.0000,0.2782,0.2612,-84,503,2977,-0.0020,-0.2143,-1.2410,-0.3369,-1824,-1220,3001,-0.0014,0.4250,-1.2168,0.2451,2544,-98
17.500,17.6,-2.154,0.105,-0.033,2812,1,164.3,3170,0.0019,-0.0029,0.1276,-0.2174,-108,395,3208,0.0026,-0.0019,0.1421,0.2970,-78,409,2964,-0.0023,-0.2488,-0.9960,-0.3893,-677,-1264,2995,-0.0016,0.7316,-0.9692,0.2699,2462,-75
17.520,17.7,-1.952,0.111,-0.040,2943,1,166.6,3175,0.0020,-0.0067,0.1491,-0.2284,-84,326,3222,0.0028,-0.0032,0.1536,0.3265,-67,337,2947,-0.0026,-0.2030,-0.8981,-0.4519,1430,-1115,2986,-0.0018,0.6983,-0.8833,0.3048,2443,-65
17.540,17.8,-1.460,0.117,-0.044,3068,1,171.9,3177,0.0020,-0.0010,0.0820,-0.2316,-24,248,3235,0.0031,-0.0008,0.0905,0.3525,-49,260,2937,-0.0029,-0.2974,-0.6770,-0.4918,-773,-1012,2984,-0.0018,0.8646,-0.5919,0.3103,2359,-40
17.560,17.9,-1.216,0.119,-0.050,3192,1,182.1,3177,0.0020,0.0012,0.0882,-0.2324,-58,197,3241,0.0032,-0.0001,0.1032,0.3651,-67,213,2925,-0.0031,-0.2292,-0.5347,-0.5386,178,-862,2977,-0.0020,0.9702,-0.5250,0.3395,2319,-30
17.580,18.1,-1.133,0.121,-0.051,3393,1,198.0,3173,0.0020,-0.0011,0.1080,-0.2236,-89,176,3245,0.0033,-0.0011,0.1557,0.3730,-108,212,2917,-0.0033,0.0632,-0.4681,-0.5680,997,-709,2976,-0.0020,1.2864,-0.4348,0.3439,2280,-22
17.600,18.2,-1.019,0.122,-0.049,3556,1,220.2,3169,0.0019,-0.0023,0.1402,-0.2161,-99,180,3243,0.0032,-0.0030,0.1243,0.3696,-46,194,2911,-0.0034,0.3272,-0.4083,-0.5895,2136,-529,2972,-0.0021,1.5489,-0.3732,0.3592,2249,-16
17.620,18.4,-0.470,0.121,-0.047,3748,1,255.0,3167,0.0018,-0.0011,0.0103,-0.2104,-52,131,3237,0.0031,0.0007,0.0234,0.3571,-51,146,2907,-0.0035,0.2606,-0.2382,-0.6056,2019,-426,2965,-0.0022,1.6821,-0.2062,0.3855,2208,-10
17.640,18.7,-0.116,0.118,-0.043,3962,1,301.4,3160,0.0017,0.0002,-0.0298,-0.1976,-92,74,3228,0.0030,0.0002,-0.0267,0.3392,-95,83,2903,-0.0036,0.2671,-0.1220,-0.6224,2411,-280,2958,-0.0024,1.7476,-0.0865,0.4101,2186,-5
17.660,18.9,0.449,0.104,-0.039,4314,1,359.8,3154,0.0016,-0.0014,-0.1323,-0.1851,-100,-6,3216,0.0027,-0.0017,-0.1282,0.3142,-92,0,2904,-0.0036,0.0248,0.1056,-0.6177,3154,-71,2955,-0.0025,1.7408,0.1066,0.4241,2152,0
17.680,19.2,0.943,0.086,-0.038,4713,1,407.0,3145,0.0014,-0.0013,-0.1847,-0.1652,-89,-95,3201,0.0025,-0.0012,-0.1676,0.2829,-97,-83,2924,-0.0032,0.3273,0.2305,-0.5420,3127,4,2970,-0.0021,2.0484,0.2708,0.3655,2140,5
17.700,19.5,1.121,0.067,-0.034,5256,1,446.9,3132,0.0012,-0.0008,-0.1736,-0.1384,-75,-157,3187,0.0022,-0.0013,-0.1563,0.2539,-82,-142,2951,-0.0026,0.6995,0.3568,-0.4392,2778,25,2996,-0.0015,2.3299,0.3638,0.2660,2137,7
17.720,19.8,1.139,0.051,-0.029,5686,1,473.9,3123,0.0010,-0.0005,-0.0911,-0.1187,-95,-155,3171,0.0019,-0.0008,-0.0587,0.2205,-109,-130,2980,-0.0019,0.5491,0.4132,-0.3283,2580,27,3020,-0.0010,2.2031,0.4201,0.1757,2142,8
17.740,20.0,1.093,0.034,-0.022,6264,1,483.6,3116,0.0009,-0.0015,-0.0332,-0.1052,-77,-123,3157,0.0017,-0.0017,-0.0388,0.1911,-39,-113,3007,-0.0013,1.0149,0.4936,-0.2255,2428,25,3040,-0.0006,2.5528,0.4732,0.0967,2140,9
17.760,20.3,1.088,0.025,-0.020,6913,1,476.1,3112,0.0008,-0.0007,0.0293,-0.0969,-76,-66,3144,0.0014,0.0009,0.0402,0.1631,-82,-55,3036,-0.0007,1.4709,0.5253,-0.1122,2333,21,3062,-0.0001,2.9174,0.4952,0.0128,2137,9
17.780,20.5,1.081,0.021,-0.016,7364,1,459.5,3107,0.0008,-0.0006,0.0366,-0.0868,-69,-24,3136,0.0013,-0.0011,0.0715,0.1475,-110,1,3050,-0.0003,1.3844,0.5188,-0.0597,2296,19,3074,0.0002,2.8720,0.5309,-0.0314,2137,9
17.800,20.8,1.135,0.018,-0.009,7389,1,469.2,3106,0.0007,-0.0007,0.0626,-0.0851,-107,18,3129,0.0012,-0.0021,0.0555,0.1323,-67,27,3058,-0.0002,1.2622,0.5586,-0.0300,2280,19,3076,0.0002,2.6302,0.5410,-0.0407,2140,9
17.820,21.0,1.266,0.018,-0.008,7407,1,482.2,3109,0.0008,-0.0021,0.0520,-0.0907,-78,34,3122,0.0010,-0.0003,0.0512,0.1174,-62,39,3065,0.0000,1.6030,0.5869,-0.0006,2275,19,3076,0.0002,2.8280,0.5906,-0.0394,2144,10
17.840,21.2,1.364,0.022,-0.009,7314,1,490.2,3109,0.0008,-0.0009,0.0491,-0.0903,-77,41,3121,0.0010,-0.0003,0.0367,0.1150,-79,36,3065,0.0000,1.4393,0.6135,-0.0036,2276,20,3074,0.0002,2.5822,0.6115,-0.0334,2151,11
17.860,21.4,1.415,0.028,-0.006,7384,1,496.1,3109,0.0008,-0.0008,0.0305,-0.0895,-72,34,3122,0.0010,-0.0011,0.0279,0.1175,-87,30,3058,-0.0002,1.5995,0.6302,-0.0288,2263,20,3069,0.0001,2.5920,0.6697,-0.0132,2152,13
17.880,21.7,1.461,0.030,0.001,7368,1,-180.5,3112,0.0009,-0.0008,0.0404,-0.0975,-93,34,3121,0.0010,-0.0014,0.0357,0.1156,-89,29,3049,-0.0004,1.4998,0.7236,-0.0647,2241,22,3056,-0.0002,2.3367,0.6542,0.0377,2150,13
17.900,21.9,1.536,0.031,0.008,7361,1,502.6,3119,0.0010,-0.0016,0.0551,-0.1113,-95,42,3118,0.0009,-0.0013,0.0385,0.1082,-77,30,3050,-0.0004,1.4451,0.6930,-0.0604,2242,21,3049,-0.0004,2.2148,0.6764,0.0651,2154,14
17.920,22.1,1.593,0.034,0.017,7517,1,499.0,3126,0.0011,-0.0015,0.0369,-0.1249,-61,35,3114,0.0009,-0.0010,0.0447,0.1009,-84,34,3054,-0.0003,1.7548,0.6976,-0.0436,2238,21,3045,-0.0005,2.3489,0.7314,0.0797,2156,15
17.940,22.4,1.692,0.038,0.021,7450,1,-180.7,3134,0.0013,-0.0003,0.0488,-0.1433,-74,36,3109,0.0008,-0.0012,0.0628,0.0913,-84,43,3055,-0.0002,1.6797,0.7307,-0.0399,2235,21,3035,-0.0007,2.1629,0.7298,0.1179,2159,16
17.960,22.6,1.750,0.041,0.026,7387,1,-180.5,3139,0.0013,-0.0009,0.0557,-0.1539,-93,42,3109,0.0008,-0.0012,0.0626,0.0906,-86,49,3050,-0.0003,1.6401,0.7857,-0.0590,2229,23,3025,-0.0009,2.0121,0.7627,0.1539,2163,18
17.980,22.8,1.847,0.044,0.027,7347,1,-180.4,3145,0.0014,-0.0015,0.0620,-0.1652,-89,50,3107,0.0008,-0.0017,0.1421,0.0872,-151,101,3050,-0.0003,1.7253,0.7834,-0.0591,2224,22,3020,-0.0010,1.9720,0.7886,0.1761,2168,19
18.000,23.1,1.959,0.048,0.024,7426,1,510.5,3147,0.0015,-0.0013,0.0566,-0.1700,-78,48,3108,0.0008,-0.0033,0.0733,0.0880,-28,83,3046,-0.0004,1.5408,0.8341,-0.0765,2237,25,3013,-0.0012,1.6949,0.8288,0.1995,2188,22
18.020,23.3,2.017,0.049,0.020,7509,1,506.8,3146,0.0015,-0.0010,0.0615,-0.1677,-81,50,3112,0.0008,0.0010,0.0690,0.0960,-41,71,3036,-0.0007,1.0849,0.8561,-0.1122,2300,33,3008,-0.0013,1.1605,0.8719,0.2197,2256,31
18.040,23.5,2.031,0.050,0.018,7493,2,-180.8,3144,0.0014,-0.0011,0.0689,-0.1637,-85,55,3115,0.0009,0.0002,0.0735,0.1026,-88,68,3034,-0.0007,0.5365,0.8530,-0.1223,2480,55,3010,-0.0012,0.6274,0.8666,0.2139,2428,51
18.060,23.8,2.060,0.050,0.012,7427,2,-180.6,3142,0.0014,-0.0012,0.0882,-0.1595,-107,70,3117,0.0009,-0.0016,0.1053,0.1060,-135,87,3030,-0.0008,0.4051,0.8655,-0.1369,2705,90,3009,-0.0013,0.6438,0.8765,0.2171,2550,68
18.080,24.1,2.081,0.049,0.012,7428,2,511.4,3136,0.0013,-0.0016,0.0639,-0.1475,-79,67,3120,0.0010,-0.0025,0.0639,0.1128,-65,74,3025,-0.0009,0.7811,0.8634,-0.1566,2597,73,3011,-0.0012,1.1951,0.8780,0.2086,2380,46
18.100,24.3,2.194,0.046,0.012,7346,2,516.4,3134,0.0013,-0.0008,0.0723,-0.1433,-89,68,3117,0.0009,-0.0006,0.1101,0.1070,-119,95,3025,-0.0009,1.7149,0.8794,-0.1560,2264,31,3011,-0.0012,2.2635,0.8997,0.2104,2165,22
18.120,24.6,2.292,0.044,0.011,7244,2,523.1,3132,0.0012,-0.0012,0.0658,-0.1388,-68,60,3115,0.0009,-0.0019,0.0702,0.1033,-34,75,3030,-0.0008,2.8199,0.9076,-0.1376,2125,17,3016,-0.0011,3.3866,0.9210,0.1907,2082,14
18.140,24.8,2.380,0.044,0.011,7491,2,-180.7,3131,0.0012,-0.0007,0.0864,-0.1362,-90,69,3115,0.0009,0.0004,0.0983,0.1024,-76,83,3031,-0.0008,3.4088,0.9468,-0.1314,2084,14,3018,-0.0011,4.0255,0.9581,0.1822,2054,12
18.160,25.0,2.490,0.043,0.010,7511,2,513.4,3131,0.0012,-0.0013,0.0964,-0.1366,-79,79,3115,0.0009,-0.0011,0.1060,0.1022,-93,92,3033,-0.0007,3.3477,0.9836,-0.1256,2089,15,3019,-0.0010,4.0140,1.0043,0.1772,2056,12
18.180,25.2,2.606,0.045,0.015,7314,2,-180.5,3131,0.0012,-0.0016,0.1742,-0.1359,-175,137,3116,0.0009,-0.0014,0.0912,0.1060,-68,89,3033,-0.0007,3.0604,1.0480,-0.1232,2093,16,3022,-0.0010,3.8092,1.0947,0.1681,2059,14
18.200,25.4,2.758,0.043,0.018,7458,2,-180.5,3135,0.0013,-0.0035,0.1008,-0.1453,-15,115,3114,0.0009,-0.0007,0.0949,0.1006,-70,88,3034,-0.0007,3.2868,1.0977,-0.1206,2092,17,3016,-0.0011,3.9589,1.1110,0.1877,2055,14
18.220,25.7,2.880,0.042,0.023,7527,2,512.9,3139,0.0013,0.0011,0.1270,-0.1532,-54,119,3113,0.0009,-0.0008,0.1014,0.0981,-80,90,3041,-0.0006,3.2413,1.1241,-0.0953,2099,17,3019,-0.0010,3.9064,1.1324,0.1779,2059,14
18.240,25.9,3.032,0.041,0.026,7326,2,-180.5,3144,0.0014,-0.0002,0.1110,-0.1636,-68,109,3110,0.0008,-0.0012,0.1332,0.0934,-99,109,3046,-0.0004,2.9525,1.1675,-0.0742,2107,19,3019,-0.0010,3.6760,1.1938,0.1795,2061,15
18.260,26.1,3.159,0.039,0.031,7457,2,-180.5,3147,0.0015,-0.0007,0.1174,-0.1699,-84,108,3110,0.0008,-0.0016,0.1291,0.0926,-77,116,3052,-0.0003,3.1794,1.2617,-0.0523,2109,20,3022,-0.0010,3.8245,1.2340,0.1682,2063,16
18.280,26.3,3.339,0.037,0.035,7520,2,513.6,3152,0.0016,-0.0013,0.1495,-0.1808,-108,129,3107,0.0008,-0.0009,0.1445,0.0871,-68,128,3060,-0.0001,3.1264,1.2829,-0.0222,2117,21,3023,-0.0009,3.7805,1.2921,0.1627,2066,17
18.300,26.5,3.522,0.033,0.038,7311,2,-180.5,3156,0.0016,-0.0018,0.1436,-0.1881,-82,135,3106,0.0007,-0.0010,0.1785,0.0835,-110,156,3067,0.0000,2.8509,1.3654,0.0056,2126,23,3026,-0.0009,3.5501,1.3573,0.1514,2070,18
18.320,26.8,3.727,0.032,0.040,7432,2,-180.5,3159,0.0017,-0.0010,0.1447,-0.1943,-65,137,3104,0.0007,-0.0019,0.1827,0.0797,-81,169,3076,0.0002,3.0373,1.3939,0.0409,2132,23,3031,-0.0008,3.6910,1.4125,0.1312,2073,19
18.340,27.0,3.908,0.033,0.045,7425,2,-180.7,3161,0.0017,-0.0005,0.1460,-0.1977,-70,137,3103,0.0007,-0.0008,0.1542,0.0789,-38,155,3080,0.0003,2.8876,1.4881,0.0550,2134,25,3033,-0.0007,3.5724,1.5084,0.1232,2075,20
18.360,27.2,4.137,0.034,0.046,7463,2,-180.8,3165,0.0018,-0.0008,0.1749,-0.2072,-95,154,3100,0.0006,0.0000,0.1851,0.0727,-80,167,3082,0.0004,2.8401,1.5340,0.0612,2137,26,3029,-0.0008,3.5213,1.5592,0.1405,2074,21
18.380,27.4,4.375,0.038,0.044,7417,2,-180.5,3167,0.0018,-0.0014,0.1899,-0.2106,-88,171,3100,0.0006,-0.0012,0.1879,0.0711,-85,172,3082,0.0004,2.9321,1.6234,0.0609,2139,28,3027,-0.0009,3.5696,1.6336,0.1483,2074,22
18.400,27.7,4.593,0.041,0.042,7533,2,-180.7,3166,0.0018,-0.0013,0.2075,-0.2082,-88,189,3102,0.0007,-0.0012,0.1967,0.0763,-72,180,3072,0.0001,2.9780,1.7037,0.0252,2131,29,3020,-0.0010,3.5831,1.7153,0.1725,2070,23
18.420,27.9,4.830,0.041,0.040,7438,2,-180.7,3165,0.0018,-0.0012,0.2072,-0.2062,-73,196,3104,0.0007,-0.0009,0.2120,0.0794,-76,193,3066,0.0000,2.8278,1.7835,0.0015,2132,31,3016,-0.0011,3.4673,1.8053,0.1888,2070,25
18.440,28.1,5.056,0.043,0.044,7318,2,-180.5,3163,0.0018,-0.0009,0.2362,-0.2035,-94,219,3105,0.0007,-0.0010,0.2230,0.0821,-80,206,3064,0.0000,2.6444,1.8767,-0.0070,2135,33,3016,-0.0011,3.3226,1.9132,0.1890,2073,27
18.460,28.3,5.342,0.043,0.046,7451,2,-180.5,3166,0.0018,-0.0013,0.2308,-0.2089,-65,223,3102,0.0007,-0.0012,0.2482,0.0760,-86,226,3062,-0.0001,2.8261,1.9417,-0.0122,2134,34,3010,-0.0012,3.4586,1.9688,0.2115,2068,28
18.480,28.5,5.656,0.042,0.046,7514,2,514.3,3167,0.0018,-0.0007,0.2684,-0.2114,-101,249,3100,0.0006,-0.0013,0.2581,0.0723,-85,240,3063,0.0000,2.7896,2.0342,-0.0085,2138,37,3009,-0.0013,3.4269,2.0783,0.2171,2069,30
18.500,28.8,5.995,0.040,0.041,7303,2,-180.4,3166,0.0018,-0.0015,0.2636,-0.2096,-75,254,3100,0.0006,-0.0012,0.2874,0.0720,-79,263,3066,0.0000,2.5270,2.1260,0.0002,2144,40,3012,-0.0012,3.2239,2.2088,0.2061,2074,32
18.520,29.0,6.322,0.037,0.034,7536,2,510.6,3162,0.0018,-0.0008,0.2776,-0.2006,-68,264,3103,0.0007,-0.0011,0.3010,0.0788,-73,281,3066,0.0000,2.7127,2.2350,0.0011,2143,41,3018,-0.0011,3.3558,2.3069,0.1817,2078,34
18.540,29.2,6.629,0.037,0.032,7398,2,515.3,3157,0.0017,-0.0008,0.3023,-0.1894,-93,285,3108,0.0008,-0.0010,0.3174,0.0882,-80,300,3066,0.0000,2.5731,2.3526,0.0014,2148,45,3026,-0.0009,3.2080,2.3991,0.1503,2087,36
18.560,29.4,6.995,0.037,0.032,7323,2,-180.4,3155,0.0016,-0.0015,0.3259,-0.1869,-119,308,3109,0.0008,-0.0012,0.3453,0.0901,-91,325,3066,0.0000,2.5784,2.4555,-0.0002,2145,46,3028,-0.0008,3.1550,2.4993,0.1455,2089,38
18.580,29.6,7.376,0.035,0.032,7535,2,-180.7,3155,0.0016,-0.0016,0.3260,-0.1864,-47,316,3109,0.0008,-0.0017,0.3848,0.0899,-107,361,3066,0.0000,2.7286,2.5748,0.0031,2143,47,3029,-0.0008,3.2410,2.6276,0.1416,2089,40
18.600,29.9,7.794,0.034,0.033,7330,2,-180.4,3155,0.0016,-0.0003,0.3483,-0.1858,-82,332,3108,0.0008,-0.0015,0.3856,0.0884,-51,372,3070,0.0001,2.5670,2.6848,0.0155,2150,51,3031,-0.0008,3.0695,2.7502,0.1306,2096,43
18.620,30.1,8.254,0.034,0.027,7523,2,511.4,3154,0.0016,-0.0010,0.3713,-0.1851,-79,350,3108,0.0008,-0.0002,0.4038,0.0875,-54,386,3071,0.0001,2.6648,2.8311,0.0219,2148,53,3033,-0.0007,3.1032,2.9230,0.1245,2098,46
18.640,30.3,8.671,0.034,0.025,7509,2,-180.7,3150,0.0015,-0.0010,0.4035,-0.1766,-90,379,3111,0.0008,-0.0004,0.4056,0.0953,-58,391,3067,0.0000,2.6695,2.9798,0.0057,2146,56,3035,-0.0007,3.0460,3.0395,0.1164,2102,49
18.660,30.5,9.166,0.032,0.020,7483,2,-180.7,3149,0.0015,-0.0016,0.4674,-0.1734,-135,434,3113,0.0009,-0.0008,0.4417,0.0984,-102,416,3066,0.0000,2.6466,3.1029,0.0028,2145,58,3037,-0.0006,2.9985,3.2436,0.1096,2105,53
18.680,30.8,9.647,0.030,0.016,7440,2,-180.7,3145,0.0014,-0.0018,0.4508,-0.1657,-33,440,3116,0.0009,-0.0016,0.4667,0.1053,-77,442,3067,0.0000,2.5891,3.2635,0.0040,2148,62,3043,-0.0005,2.8922,3.3757,0.0867,2114,57
18.700,31.0,10.147,0.033,0.016,7391,2,-180.5,3142,0.0014,0.0000,0.4848,-0.1600,-82,464,3119,0.0010,-0.0009,0.4943,0.1113,-60,468,3069,0.0001,2.4826,3.4110,0.0141,2156,67,3050,-0.0003,2.7507,3.5256,0.0589,2125,62
18.720,31.2,10.656,0.036,0.023,7378,2,518.9,3143,0.0014,-0.0011,0.5188,-0.1611,-87,497,3120,0.0010,-0.0006,0.5251,0.1142,-71,500,3064,0.0000,2.3822,3.6071,-0.0060,2159,74,3046,-0.0004,2.6046,3.6935,0.0764,2130,68
18.740,31.4,11.227,0.037,0.033,7483,2,512.6,3149,0.0015,-0.0012,0.5416,-0.1730,-88,523,3116,0.0009,-0.0011,0.5704,0.1050,-91,540,3063,-0.0001,2.1667,3.7870,-0.0115,2174,84,3036,-0.0007,2.3386,3.8511,0.1134,2141,78
18.760,31.7,11.869,0.037,0.040,7532,2,509.8,3156,0.0017,-0.0014,0.6035,-0.1891,-110,576,3109,0.0008,-0.0013,0.5996,0.0906,-71,571,3067,0.0000,1.8195,3.9106,0.0070,2211,102,3029,-0.0008,1.9692,4.0483,0.1408,2167,96
18.780,31.9,12.509,0.038,0.044,7516,3,510.8,3162,0.0018,-0.0015,0.6094,-0.2012,-67,596,3104,0.0007,-0.0010,0.6286,0.0798,-82,600,3070,0.0001,1.3815,4.0950,0.0186,2272,135,3023,-0.0010,1.4977,4.2650,0.1635,2218,128
18.800,32.1,13.079,0.036,0.050,7472,3,-180.7,3165,0.0018,-0.0006,0.6530,-0.2079,-72,633,3101,0.0006,-0.0011,0.6689,0.0744,-69,636,3072,0.0002,1.0463,4.2928,0.0260,2358,188,3020,-0.0010,1.1962,4.4424,0.1742,2284,171
18.820,32.4,13.625,0.031,0.058,7494,3,510.3,3169,0.0019,-0.0008,0.6796,-0.2145,-85,664,3097,0.0006,-0.0010,0.7004,0.0648,-89,669,3079,0.0003,0.9517,4.4646,0.0514,2416,229,3020,-0.0010,1.1802,4.6102,0.1733,2307,192
18.840,32.6,14.227,0.028,0.068,7348,3,518.4,3173,0.0020,-0.0011,0.7211,-0.2235,-94,705,3090,0.0004,-0.0012,0.7352,0.0498,-74,702,3091,0.0006,1.1132,4.6111,0.0980,2394,219,3023,-0.0009,1.4390,4.7735,0.1625,2263,171
18.860,32.9,15.009,0.025,0.072,7250,3,524.4,3179,0.0021,-0.0014,0.7778,-0.2358,-112,758,3080,0.0003,-0.0009,0.7929,0.0309,-73,750,3103,0.0008,1.4790,4.7959,0.1435,2313,172,3023,-0.0010,1.8790,5.0325,0.1638,2191,136
18.880,33.1,15.856,0.026,0.075,7157,3,530.2,3180,0.0021,-0.0013,0.7949,-0.2393,-61,784,3076,0.0002,-0.0012,0.8189,0.0218,-89,780,3110,0.0010,1.8791,5.0355,0.1686,2249,139,3024,-0.0009,2.2978,5.2531,0.1576,2146,114
18.900,33.3,16.804,0.031,0.076,7072,3,535.5,3182,0.0021,-0.0007,0.8624,-0.2425,-95,838,3074,0.0001,-0.0015,0.9087,0.0168,-90,848,3109,0.0010,2.2954,5.3057,0.1666,2202,118,3021,-0.0010,2.7339,5.5411,0.1720,2110,100
18.920,33.5,17.834,0.034,0.076,6993,3,540.4,3182,0.0021,-0.0012,0.8963,-0.2434,-76,876,3074,0.0001,-0.0010,0.9461,0.0168,-39,894,3100,0.0008,2.7084,5.6073,0.1305,2164,105,3011,-0.0012,3.1786,5.8725,0.2093,2080,91
18.940,33.7,18.946,0.040,0.075,6921,3,545.0,3183,0.0021,-0.0009,0.9599,-0.2444,-83,930,3074,0.0002,-0.0005,1.0221,0.0172,-81,956,3094,0.0006,3.1224,5.9025,0.1074,2136,95,3005,-0.0014,3.6247,6.2039,0.2334,2057,84
18.960,33.9,20.152,0.042,0.074,7113,3,533.8,3183,0.0021,-0.0011,1.0301,-0.2455,-90,994,3075,0.0002,-0.0010,1.0773,0.0200,-52,1010,3084,0.0004,3.4998,6.2599,0.0689,2112,89,2995,-0.0016,4.0183,6.6073,0.2695,2038,80
18.980,34.1,21.442,0.043,0.074,7449,3,513.6,3183,0.0021,-0.0018,1.1302,-0.2453,-145,1082,3077,0.0002,-0.0007,1.1589,0.0238,-74,1080,3079,0.0003,3.7137,6.6379,0.0494,2100,89,2992,-0.0016,4.1952,6.9905,0.2828,2030,80
19.000,34.4,22.797,0.045,0.079,7455,3,515.5,3184,0.0022,-0.0016,1.1692,-0.2472,-29,1134,3077,0.0002,-0.0010,1.2259,0.0246,-53,1144,3078,0.0003,3.6297,7.0046,0.0478,2103,96,2991,-0.0017,4.1957,7.4111,0.2860,2029,85
19.020,34.6,24.286,0.047,0.079,7477,3,511.4,3188,0.0022,0.0000,1.2650,-0.2560,-73,1212,3075,0.0002,-0.0007,1.3261,0.0204,-63,1223,3077,0.0003,3.6178,7.3901,0.0452,2103,101,2985,-0.0018,4.2172,7.8873,0.3082,2025,90
19.040,34.8,25.867,0.048,0.078,7332,3,520.8,3190,0.0023,-0.0011,1.3628,-0.2597,-105,1300,3076,0.0002,-0.0010,1.4254,0.0224,-66,1309,3075,0.0002,3.4806,7.8309,0.0358,2104,110,2982,-0.0019,4.1114,8.3816,0.3202,2024,97
19.060,35.0,27.527,0.048,0.077,7421,3,-180.5,3191,0.0023,-0.0013,1.4472,-0.2605,-77,1381,3078,0.0002,-0.0016,1.5523,0.0266,-96,1414,3073,0.0002,3.5502,8.3007,0.0263,2100,115,2981,-0.0019,4.1528,8.9069,0.3246,2023,103
19.080,35.2,29.332,0.049,0.074,7419,3,-180.5,3191,0.0023,-0.0010,1.5592,-0.2612,-86,1476,3080,0.0003,-0.0013,1.6624,0.0293,-43,1511,3073,0.0002,3.5158,8.7736,0.0280,2102,123,2982,-0.0019,4.1451,9.4782,0.3199,2023,110
19.100,35.4,31.200,0.049,0.077,7418,3,-180.5,3189,0.0022,-0.0013,1.6711,-0.2574,-94,1573,3083,0.0003,-0.0001,1.7712,0.0359,-35,1606,3070,0.0001,3.4911,9.3439,0.0183,2100,132,2983,-0.0018,4.1302,10.0369,0.3140,2024,116
19.120,35.6,33.241,0.046,0.079,7417,3,-180.5,3192,0.0023,-0.0011,1.7815,-0.2636,-73,1668,3081,0.0003,-0.0003,1.8976,0.0313,-51,1702,3073,0.0002,3.4451,9.8566,0.0272,2103,141,2982,-0.0019,4.1441,10.7646,0.3213,2022,124
19.140,35.8,35.390,0.047,0.082,7420,3,-180.6,3194,0.0023,-0.0012,1.8905,-0.2667,-103,1758,3080,0.0003,-0.0008,2.0484,0.0294,-58,1811,3080,0.0003,3.3981,10.4117,0.0541,2108,150,2987,-0.0018,4.0802,11.3522,0.3017,2026,133
19.160,36.0,37.641,0.048,0.090,7419,3,-180.6,3197,0.0024,-0.0015,2.0782,-0.2733,-88,1896,3079,0.0002,-0.0015,2.1745,0.0274,-75,1908,3080,0.0003,3.3714,11.0782,0.0565,2109,161,2984,-0.0018,4.0780,12.0747,0.3123,2024,141
19.180,36.2,40.090,0.046,0.094,7418,3,-180.6,3204,0.0025,-0.0007,2.2174,-0.2877,-58,2014,3074,0.0001,-0.0019,2.3355,0.0168,-71,2011,3084,0.0004,3.3270,11.6919,0.0713,2112,172,2978,-0.0019,4.1087,12.9805,0.3351,2018,150
19.200,36.3,42.664,0.045,0.103,7411,3,-180.6,3208,0.0026,-0.0017,2.4082,-0.2964,-127,2149,3072,0.0001,0.0005,2.5940,0.0137,10,2166,3092,0.0006,3.2981,12.4049,0.0993,2117,185,2981,-0.0019,4.0676,13.6843,0.3246,2021,160
19.220,36.5,45.383,0.045,0.116,7407,3,-180.6,3215,0.0027,-0.0011,2.5851,-0.3106,-48,2280,3066,0.0000,-0.0008,2.8185,0.0007,-79,2304,3099,0.0007,3.2622,13.1142,0.1272,2122,198,2977,-0.0020,4.0619,14.5590,0.3376,2018,170
19.240,36.7,48.295,0.043,0.126,7406,3,-180.6,3223,0.0029,-0.0003,2.7642,-0.3285,-70,2402,3057,-0.0002,-0.0017,3.0575,-0.0188,-45,2431,3106,0.0009,3.2321,13.8848,0.1526,2126,212,2969,-0.0021,4.0782,15.5958,0.3683,2011,181
19.260,36.9,51.364,0.042,0.141,7431,3,-180.7,3230,0.0030,-0.0013,2.9658,-0.3422,-90,2525,3048,-0.0003,0.0015,3.2913,-0.0357,15,2546,3116,0.0011,3.2160,14.7186,0.1911,2131,224,2967,-0.0022,4.0689,16.5175,0.3757,2009,191
19.280,37.0,54.605,0.042,0.155,7429,3,-180.7,3241,0.0032,-0.0020,3.1687,-0.3648,-98,2643,3038,-0.0005,-0.0005,3.5914,-0.0571,-56,2664,3125,0.0013,3.1728,15.5570,0.2264,2137,241,2959,-0.0024,4.0708,17.6234,0.4065,2002,203
19.300,37.2,57.960,0.039,0.168,7535,3,-180.7,3252,0.0034,-0.0004,3.5224,-0.3886,-44,2812,3030,-0.0007,-0.0015,3.9305,-0.0749,-33,2782,3134,0.0015,3.2594,16.5086,0.2623,2141,254,2952,-0.0025,4.1584,18.8018,0.4329,1995,214
19.320,37.4,61.511,0.039,0.179,7456,3,513.1,3262,0.0036,-0.0012,3.8242,-0.4081,-89,2953,3020,-0.0008,0.0004,4.2924,-0.0955,-11,2887,3148,0.0018,3.1722,17.3722,0.3147,2151,276,2950,-0.0026,4.1171,19.9614,0.4407,1994,229
19.340,37.5,65.190,0.038,0.189,7406,3,516.3,3268,0.0037,-0.0009,4.1528,-0.4219,-60,3079,3011,-0.0010,0.0007,4.6815,-0.1144,-13,2979,3154,0.0020,3.1283,18.4294,0.3367,2154,296,2943,-0.0027,4.1029,21.2923,0.4678,1987,245
19.360,37.7,68.977,0.037,0.197,7450,3,-180.6,3274,0.0038,-0.0010,4.5246,-0.4335,-71,3193,3002,-0.0012,-0.0007,5.1578,-0.1321,-20,3062,3161,0.0021,3.1448,19.4531,0.3626,2155,310,2938,-0.0028,4.1380,22.6558,0.4857,1982,257
19.380,37.8,72.892,0.040,0.204,7509,3,509.5,3277,0.0038,-0.0007,4.8704,-0.4409,-56,3283,2994,-0.0013,0.0010,5.6178,-0.1499,0,3120,3166,0.0022,3.1246,20.5021,0.3847,2157,330,2934,-0.0029,4.1525,24.0604,0.5014,1977,272
19.400,37.9,76.917,0.045,0.208,7464,3,512.6,3284,0.0040,-0.0012,5.2955,-0.4540,-63,3367,2990,-0.0014,0.0002,6.1932,-0.1575,-6,3172,3165,0.0022,3.0694,21.6469,0.3797,2155,354,2925,-0.0031,4.1267,25.6498,0.5376,1968,290
19.420,38.0,80.979,0.047,0.210,7474,3,512.3,3291,0.0041,-0.0002,5.9016,-0.4693,-46,3449,2992,-0.0013,0.0011,6.8529,-0.1540,5,3217,3161,0.0021,3.0149,22.8870,0.3651,2150,379,2916,-0.0033,4.1151,27.2759,0.5699,1960,307
19.440,38.1,85.049,0.046,0.210,7479,3,-180.7,3295,0.0042,-0.0005,6.4651,-0.4785,-49,3506,2993,-0.0013,0.0013,7.6057,-0.1505,8,3247,3160,0.0021,2.9605,24.1343,0.3618,2148,406,2913,-0.0034,4.0929,28.9858,0.5816,1956,327
19.460,38.2,89.036,0.042,0.216,7368,3,-180.5,3297,0.0042,-0.0002,7.0885,-0.4821,-39,3543,2994,-0.0013,0.0012,8.4934,-0.1486,18,3261,3164,0.0022,2.8516,25.4215,0.3757,2148,442,2916,-0.0033,3.9482,30.5754,0.5704,1956,357
19.480,38.3,92.986,0.037,0.222,7379,3,519.0,3298,0.0042,0.0000,7.7837,-0.4849,-33,3566,2988,-0.0014,0.0031,9.4108,-0.1627,13,3251,3172,0.0024,2.6697,26.6894,0.4073,2153,493,2918,-0.0033,3.7830,32.4018,0.5641,1955,392
19.500,38.4,96.807,0.034,0.228,7450,3,514.8,3298,0.0042,0.0005,8.5449,-0.4847,-26,3572,2979,-0.0016,0.0027,10.4639,-0.1801,35,3226,3182,0.0026,2.4384,27.9416,0.4457,2159,561,2921,-0.0032,3.5040,34.1166,0.5515,1955,443
19.520,38.5,100.493,0.032,0.232,7464,3,514.1,3297,0.0042,0.0010,9.3742,-0.4822,-18,3565,2969,-0.0018,0.0038,11.5200,-0.2016,22,3190,3188,0.0027,2.1550,29.3172,0.4657,2159,655,2919,-0.0033,3.1958,36.0542,0.5601,1950,506
19.540,38.5,103.909,0.029,0.240,7480,4,512.6,3297,0.0042,0.0009,10.2570,-0.4818,-2,3548,2963,-0.0019,0.0048,12.8544,-0.2146,49,3147,3191,0.0028,1.8462,30.6955,0.4805,2151,785,2918,-0.0033,2.8242,37.8229,0.5641,1942,593
19.560,38.6,107.082,0.031,0.253,7462,4,-180.7,3295,0.0042,0.0022,11.0623,-0.4782,-8,3523,2949,-0.0021,0.0050,13.8826,-0.2428,47,3098,3197,0.0029,1.6728,32.0705,0.5016,2135,900,2914,-0.0034,2.6825,39.6095,0.5798,1928,656
19.580,38.6,110.173,0.034,0.270,7452,4,512.5,3309,0.0044,0.0033,12.2148,-0.5063,2,3501,2945,-0.0022,0.0071,15.6227,-0.2519,19,3043,3204,0.0031,1.6722,33.3892,0.5283,2123,948,2906,-0.0035,2.7896,41.4322,0.6090,1915,666
19.600,38.6,113.224,0.038,0.289,7398,4,515.2,3325,0.0047,0.0038,13.2863,-0.5403,19,3478,2937,-0.0023,0.0109,17.1096,-0.2685,62,2985,3210,0.0032,1.8441,34.8926,0.5518,2120,918,2892,-0.0038,3.1453,43.3022,0.6614,1903,625
19.620,38.6,116.283,0.040,0.313,7294,4,521.7,3344,0.0051,0.0045,14.4005,-0.5799,20,3454,2928,-0.0025,0.0118,18.8685,-0.2874,78,2923,3218,0.0034,2.0948,36.3564,0.5820,2122,852,2877,-0.0042,3.5745,45.2313,0.7189,1891,574
19.640,38.6,119.452,0.042,0.327,7198,4,527.6,3362,0.0054,0.0061,15.6043,-0.6185,48,3426,2912,-0.0028,0.0125,20.4833,-0.3195,62,2861,3229,0.0036,2.3591,37.8475,0.6227,2126,795,2860,-0.0046,4.0304,47.2296,0.7843,1878,530
19.660,38.5,122.565,0.042,0.339,7110,4,533.1,3373,0.0056,0.0062,16.8918,-0.6405,20,3388,2902,-0.0030,0.0184,22.6069,-0.3417,82,2797,3234,0.0037,2.6424,39.3445,0.6419,2126,743,2848,-0.0048,4.5349,49.3644,0.8314,1867,493
19.680,38.5,125.645,0.043,0.348,7028,4,538.2,3376,0.0056,0.0093,18.1658,-0.6472,43,3345,2889,-0.0032,0.0208,24.6761,-0.3689,85,2735,3236,0.0038,2.9381,40.9782,0.6514,2124,700,2837,-0.0051,5.0834,51.4754,0.8727,1858,458
19.700,38.5,128.787,0.045,0.347,6953,4,543.0,3380,0.0057,0.0118,19.6136,-0.6550,73,3299,2879,-0.0034,0.0257,26.6277,-0.3888,95,2681,3238,0.0038,3.2542,42.6080,0.6588,2121,660,2828,-0.0053,5.6758,53.4971,0.9069,1850,427
19.720,38.4,131.852,0.046,0.344,6883,4,547.3,3378,0.0057,0.0120,21.0922,-0.6515,57,3250,2879,-0.0034,0.0304,29.2262,-0.3896,101,2633,3232,0.0037,3.6074,44.3412,0.6361,2114,621,2823,-0.0054,6.3535,55.7681,0.9256,1844,398
19.740,38.4,134.847,0.048,0.345,6819,4,551.3,3374,0.0056,0.0159,22.3904,-0.6428,73,3204,2879,-0.0034,0.0388,31.8108,-0.3881,118,2587,3227,0.0036,3.9647,46.0210,0.6153,2107,587,2822,-0.0054,7.1355,58.0069,0.9311,1841,369
19.760,38.3,137.932,0.048,0.338,6760,4,555.0,3378,0.0057,0.0199,24.2021,-0.6504,96,3158,2881,-0.0034,0.0428,34.3830,-0.3851,118,2547,3226,0.0036,4.3543,47.7391,0.6120,2103,556,2819,-0.0055,7.9910,60.2012,0.9414,1838,343
19.780,38.2,140.918,0.050,0.331,6718,4,558.5,3372,0.0056,0.0208,25.8653,-0.6381,85,3109,2885,-0.0033,0.0529,37.2806,-0.3764,129,2510,3220,0.0034,4.8036,49.5231,0.5906,2097,524,2822,-0.0054,8.9877,62.3704,0.9311,1838,317
19.800,38.1,143.919,0.053,0.321,7017,4,540.5,3369,0.0055,0.0267,27.6291,-0.6329,103,3064,2892,-0.0031,0.0636,40.3233,-0.3607,142,2477,3214,0.0033,5.2522,51.2857,0.5683,2091,497,2824,-0.0054,10.2223,64.7685,0.9222,1837,291
19.820,38.0,146.903,0.058,0.312,7325,4,521.5,3366,0.0055,0.0311,29.3262,-0.6264,115,3022,2904,-0.0029,0.0753,43.5235,-0.3376,153,2450,3207,0.0031,5.7714,53.1028,0.5411,2084,468,2829,-0.0053,11.6050,66.9831,0.9049,1839,266
19.840,37.9,149.894,0.061,0.302,7339,4,-180.5,3369,0.0055,0.0366,31.3178,-0.6330,128,2985,2920,-0.0026,0.0901,47.0451,-0.3034,167,2428,3200,0.0030,6.1069,54.9608,0.5131,2077,452,2832,-0.0052,13.0359,69.4228,0.8915,1839,244
19.860,37.8,152.844,0.062,0.292,7453,4,512.7,3370,0.0055,0.0430,33.3051,-0.6339,142,2947,2935,-0.0024,0.1078,50.7376,-0.2727,181,2407,3194,0.0028,6.5912,56.8254,0.4885,2070,438,2838,-0.0051,14.6306,71.6650,0.8713,1841,227
19.880,37.6,155.746,0.065,0.282,7347,4,519.3,3363,0.0054,0.0477,35.2484,-0.6193,145,2907,2942,-0.0022,0.1229,54.4299,-0.2567,188,2383,3187,0.0027,6.8268,58.7107,0.4629,2064,435,2843,-0.0050,16.4005,73.9838,0.8512,1843,210
19.900,37.5,158.673,0.067,0.267,7465,4,512.0,3362,0.0054,0.0579,37.4950,-0.6167,164,2871,2955,-0.0020,0.1480,58.4605,-0.2297,200,2366,3180,0.0025,7.4187,60.6316,0.4357,2058,415,2847,-0.0049,19.5265,76.4391,0.8338,1844,184
19.920,37.3,161.545,0.071,0.252,7360,4,518.5,3354,0.0053,0.0636,39.6305,-0.6017,168,2833,2970,-0.0017,0.1804,62.7585,-0.1989,217,2350,3169,0.0023,7.7767,62.4980,0.3964,2050,407,2855,-0.0047,23.2598,78.8270,0.8045,1847,161
19.940,37.1,164.373,0.075,0.249,7478,4,511.1,3353,0.0052,0.0717,41.6272,-0.5981,175,2804,2989,-0.0014,0.2348,67.5699,-0.1589,245,2338,3160,0.0021,8.5799,64.5341,0.3587,2042,381,2862,-0.0045,29.3903,81.0684,0.7767,1849,132
19.960,36.9,167.325,0.076,0.242,7374,4,517.6,3359,0.0053,0.0879,44.4683,-0.6119,200,2777,3000,-0.0012,0.2738,72.1863,-0.1361,260,2325,3157,0.0020,9.1861,66.5059,0.3475,2039,368,2863,-0.0045,39.3042,83.4140,0.7746,1847,103
19.980,36.7,170.224,0.073,0.235,7492,4,510.2,3355,0.0053,0.0981,47.0063,-0.6022,211,2744,3006,-0.0011,0.3750,77.2877,-0.1233,284,2309,3151,0.0019,10.2110,68.4354,0.3255,2035,341,2866,-0.0044,63.9712,85.9262,0.7628,1846,67
20.000,36.5,173.087,0.069,0.225,7389,4,516.7,3340,0.0050,0.1101,49.6880,-0.5720,217,2706,3002,-0.0012,0.5349,82.2967,-0.1321,304,2289,3146,0.0018,11.1565,70.4975,0.3082,2031,322,2870,-0.0044,122.2319,87.9010,0.7480,1845,35
20.020,36.3,175.914,0.064,0.216,7507,4,509.4,3325,0.0047,0.1286,52.5209,-0.5410,232,2669,3001,-0.0012,0.7341,85.2652,-0.1352,346,2270,3141,0.0017,12.8526,72.6193,0.2873,2026,289,2875,-0.0042,125.2094,87.9200,0.7271,1849,33
20.040,36.1,178.663,0.059,0.206,7406,4,515.7,3304,0.0043,0.1459,55.5274,-0.4963,242,2628,2993,-0.0013,0.5131,85.2683,-0.1520,340,2256,3134,0.0015,14.4681,74.6943,0.2624,2021,265,2880,-0.0041,78.7539,86.7360,0.7100,1852,45
20.060,35.8,181.407,0.057,0.192,7419,4,-180.7,3284,0.0040,0.1678,58.7077,-0.4556,254,2590,2988,-0.0014,0.3611,81.4344,-0.1619,314,2249,3127,0.0014,16.8852,76.7622,0.2353,2015,232,2885,-0.0040,45.6193,84.3511,0.6910,1859,79
20.080,35.6,184.124,0.056,0.181,7422,4,514.6,3269,0.0037,0.1916,62.0670,-0.4231,264,2557,2992,-0.0013,0.3024,75.6328,-0.1531,305,2249,3119,0.0012,20.2836,78.8157,0.2037,2009,201,2893,-0.0038,31.6303,81.8085,0.6605,1866,116
20.100,35.3,186.819,0.057,0.178,7389,4,-180.5,3258,0.0035,0.2117,65.4623,-0.4009,267,2530,2998,-0.0012,0.2807,69.8115,-0.1417,306,2251,3112,0.0010,25.4161,80.9905,0.1789,2003,165,2899,-0.0037,24.3583,79.3437,0.6350,1873,148
20.120,35.0,189.610,0.057,0.173,7459,4,-180.7,3257,0.0035,0.2623,69.5721,-0.3995,283,2510,3002,-0.0012,0.2644,64.1409,-0.1333,312,2257,3110,0.0010,34.1891,83.1903,0.1694,1999,128,2901,-0.0037,19.8620,76.8968,0.6299,1876,178
20.140,34.7,192.388,0.059,0.169,7500,4,510.2,3252,0.0034,0.2997,73.6456,-0.3893,290,2490,3003,-0.0011,0.2502,58.4722,-0.1302,325,2267,3105,0.0009,50.5534,85.3666,0.1515,1993,91,2901,-0.0037,16.7149,74.4945,0.6276,1878,205
20.160,34.4,195.192,0.059,0.165,7478,4,-180.7,3249,0.0033,0.3928,78.3605,-0.3827,303,2472,3006,-0.0011,0.2339,52.6666,-0.1242,344,2285,3098,0.0007,95.6971,87.5141,0.1246,1985,52,2899,-0.0037,14.3673,71.9427,0.6357,1878,231
20.180,34.0,197.970,0.061,0.165,7447,4,-180.7,3240,0.0032,0.5322,83.2150,-0.3641,307,2454,3003,-0.0011,0.2108,47.4107,-0.1311,361,2308,3091,0.0006,116.3025,87.9494,0.0965,1979,38,2896,-0.0038,12.5629,69.3990,0.6464,1878,255
20.200,33.7,200.856,0.059,0.162,7360,4,-180.5,3240,0.0032,0.4636,84.2089,-0.3642,311,2444,3003,-0.0011,0.1896,41.7382,-0.1300,382,2343,3088,0.0005,114.7925,87.9188,0.0861,1978,38,2894,-0.0038,11.0615,66.8939,0.6551,1878,279
20.220,33.3,203.714,0.054,0.163,7393,4,517.9,3231,0.0030,0.4428,83.7967,-0.3444,277,2434,2997,-0.0012,0.1642,36.4548,-0.1425,400,2384,3084,0.0004,57.6287,85.8952,0.0704,1978,64,2893,-0.0038,9.7974,64.3801,0.6600,1879,304
20.240,32.9,206.613,0.051,0.162,7486,4,512.3,3222,0.0028,0.3528,77.7648,-0.3260,271,2422,2988,-0.0014,0.1357,31.5462,-0.1620,405,2435,3086,0.0005,36.0457,83.5408,0.0794,1983,105,2895,-0.0038,8.7052,61.8286,0.6526,1882,328
20.260,32.5,209.564,0.053,0.158,7464,4,-180.7,3218,0.0028,0.2806,69.7846,-0.3172,277,2416,2985,-0.0015,0.1092,26.5304,-0.1686,406,2505,3088,0.0005,25.8746,81.2015,0.0865,1987,146,2898,-0.0037,7.7161,59.2725,0.6422,1885,355
20.280,32.1,212.531,0.053,0.160,7443,4,-180.6,3217,0.0027,0.2245,60.9097,-0.3145,282,2418,2989,-0.0014,0.0882,21.3248,-0.1597,421,2600,3085,0.0004,19.8141,78.9127,0.0745,1987,187,2899,-0.0037,6.8214,56.6936,0.6369,1888,384
20.300,31.7,215.571,0.053,0.165,7387,5,-180.5,3219,0.0028,0.1712,51.2402,-0.3202,278,2433,2989,-0.0014,0.0623,16.5975,-0.1601,414,2715,3086,0.0005,15.9284,76.5913,0.0781,1990,229,2897,-0.0037,6.1362,54.1678,0.6423,1890,409
20.320,31.3,218.779,0.053,0.171,7336,5,-180.5,3228,0.0030,0.1428,39.1141,-0.3381,282,2468,2991,-0.0014,0.0401,11.7442,-0.1556,388,2866,3093,0.0006,13.6003,74.2215,0.1034,1995,263,2899,-0.0037,5.7269,51.4765,0.6371,1894,419
20.340,30.8,222.188,0.049,0.176,7413,5,514.6,3234,0.0031,0.0991,26.9290,-0.3506,284,2523,2988,-0.0014,0.0242,7.0625,-0.1625,358,3043,3098,0.0007,12.3349,71.9208,0.1223,1999,284,2896,-0.0038,5.5500,48.9613,0.6474,1897,414
20.360,30.4,225.796,0.045,0.181,7318,5,520.2,3236,0.0031,0.0519,14.7547,-0.3553,278,2609,2982,-0.0015,0.0128,2.5498,-0.1742,346,3208,3108,0.0009,11.6887,69.4841,0.1627,2007,293,2900,-0.0037,5.5010,46.1828,0.6316,1904,396
20.380,29.9,229.623,0.043,0.183,7220,5,526.3,3239,0.0031,0.0083,2.0592,-0.3606,262,2760,2978,-0.0016,0.0039,-1.9556,-0.1820,297,2981,3117,0.0011,11.3255,67.0944,0.1972,2014,295,2904,-0.0036,5.4790,43.4501,0.6166,1911,377
20.400,29.5,232.410,0.040,0.190,7130,5,531.9,3240,0.0032,-0.0255,-8.9595,-0.3625,201,3033,2976,-0.0016,0.0015,-5.9521,-0.1870,190,-489,3122,0.0013,11.1738,64.9248,0.2172,2019,291,2907,-0.0035,5.4883,40.7364,0.6070,1917,354
20.420,29.2,232.350,0.037,0.196,7047,5,537.1,3244,0.0033,-0.0154,-16.8092,-0.3726,77,3469,2972,-0.0017,0.0013,-9.3685,-0.1960,70,-3068,3133,0.0015,10.9252,62.0654,0.2577,2027,287,2910,-0.0035,5.5332,38.1703,0.5951,1923,331
20.440,29.0,230.698,0.035,0.194,6970,5,541.9,3250,0.0033,-0.0128,-23.2236,-0.3831,58,-1075,2967,-0.0018,-0.0009,-12.3060,-0.2046,75,-3229,3142,0.0017,10.8460,59.2615,0.2926,2034,277,2911,-0.0034,5.5974,35.7351,0.5891,1927,308
20.460,28.9,224.442,0.033,0.183,6899,5,546.3,3249,0.0033,0.0013,-26.1652,-0.3820,80,-3482,2969,-0.0018,-0.0037,-14.2359,-0.2014,22,-3162,3146,0.0018,10.7933,56.2592,0.3061,2038,266,2917,-0.0033,5.7171,33.4796,0.5690,1932,283
20.480,28.7,218.140,0.032,0.165,6834,5,550.4,3239,0.0032,0.0027,-29.0564,-0.3622,107,-3221,2975,-0.0016,-0.0042,-16.0367,-0.1879,-2,-3093,3142,0.0017,10.8192,53.2143,0.2902,2038,252,2926,-0.0031,5.8537,31.2122,0.5348,1940,260
20.500,28.6,212.157,0.035,0.147,6773,5,554.2,3222,0.0028,0.0018,-31.1102,-0.3254,125,-3040,2984,-0.0015,-0.0051,-17.4024,-0.1704,24,-3042,3129,0.0014,10.8526,50.0583,0.2430,2032,236,2935,-0.0029,6.0164,28.9530,0.5007,1946,236
20.520,28.4,206.257,0.034,0.132,6717,5,557.7,3210,0.0026,-0.0074,-33.7015,-0.3018,81,-2924,2999,-0.0012,-0.0084,-19.3616,-0.1396,8,-2990,3115,0.0011,10.9946,46.9990,0.1885,2025,218,2942,-0.0028,6.1852,26.7684,0.4737,1951,213
20.540,28.2,200.598,0.036,0.112,6666,5,560.9,3200,0.0024,-0.0060,-35.7353,-0.2795,64,-2842,3010,-0.0010,-0.0115,-21.0469,-0.1158,-22,-2943,3107,0.0009,11.2665,43.7393,0.1599,2021,198,2952,-0.0025,6.3793,24.6740,0.4329,1958,191
20.560,28.0,195.043,0.040,0.095,6618,5,563.9,3188,0.0022,-0.0084,-37.9645,-0.2558,54,-2779,3027,-0.0007,-0.0138,-22.7633,-0.0807,-37,-2905,3095,0.0007,11.5076,40.4254,0.1124,2014,179,2963,-0.0023,6.5882,22.3225,0.3923,1965,169
20.580,27.8,189.613,0.043,0.076,6574,5,566.6,3180,0.0021,-0.0127,-40.1403,-0.2375,41,-2728,3043,-0.0004,-0.0171,-24.4714,-0.0467,-53,-2871,3079,0.0003,11.8357,37.0900,0.0526,2005,160,2968,-0.0022,6.8175,20.2947,0.3736,1967,149
20.600,27.5,184.299,0.046,0.060,6533,5,569.2,3168,0.0019,-0.0191,-42.2777,-0.2128,23,-2682,3058,-0.0001,-0.0173,-26.0581,-0.0161,-43,-2842,3064,0.0000,12.1650,33.6179,-0.0060,1996,140,2974,-0.0020,7.0762,17.9440,0.3493,1970,127
20.620,27.2,179.247,0.048,0.048,6524,5,570.5,3157,0.0017,-0.0213,-44.1841,-0.1897,14,-2644,3070,0.0001,-0.0242,-27.7645,0.0091,-73,-2811,3049,-0.0004,12.6213,30.1343,-0.0642,1986,121,2978,-0.0019,7.3536,15.7634,0.3351,1971,108
20.640,27.0,174.361,0.051,0.036,6680,5,560.8,3144,0.0014,-0.0252,-46.0353,-0.1637,6,-2609,3075,0.0002,-0.0237,-29.1697,0.0197,-65,-2782,3034,-0.0007,13.0598,26.6187,-0.1205,1977,103,2978,-0.0020,7.6412,13.5976,0.3365,1969,90
20.660,26.7,169.487,0.049,0.025,6835,5,551.2,3137,0.0013,-0.0328,-47.9324,-0.1479,-8,-2580,3085,0.0004,-0.0288,-30.9507,0.0413,-78,-2755,3022,-0.0010,13.5922,23.0794,-0.1658,1969,86,2980,-0.0019,7.9560,11.5678,0.3256,1969,74
20.680,26.4,164.762,0.048,0.017,6987,5,541.8,3126,0.0011,-0.0343,-49.6173,-0.1256,-14,-2552,3090,0.0004,-0.0310,-32.4866,0.0507,-81,-2729,3018,-0.0011,14.2326,19.3206,-0.1808,1966,69,2989,-0.0017,8.3203,9.3243,0.2932,1972,58
20.700,26.1,160.093,0.041,0.011,7140,5,532.3,3118,0.0010,-0.0437,-51.4429,-0.1098,-28,-2528,3094,0.0005,-0.0393,-34.0436,0.0591,-108,-2703,3014,-0.0011,14.8788,15.6196,-0.1956,1962,54,2995,-0.0016,8.6710,7.2869,0.2716,1974,44
20.720,25.8,155.643,0.039,0.000,7289,5,523.0,3104,0.0007,-0.0445,-53.0756,-0.0794,-32,-2501,3088,0.0004,-0.0352,-35.4266,0.0470,-90,-2675,3016,-0.0011,15.7090,11.7217,-0.1881,1962,39,3004,-0.0014,9.1010,5.0614,0.2367,1977,30
20.740,25.5,151.160,0.039,-0.005,7442,5,513.5,3093,0.0005,-0.0458,-54.4713,-0.0567,-33,-2479,3092,0.0005,-0.0411,-37.1084,0.0557,-97,-2653,3011,-0.0012,16.5399,7.7905,-0.2080,1957,25,3011,-0.0012,9.5094,2.9011,0.2096,1979,18
20.760,25.1,146.756,0.043,-0.011,7316,5,520.9,3091,0.0005,-0.0514,-56.1199,-0.0527,-37,-2464,3098,0.0006,-0.0439,-38.5355,0.0684,-100,-2636,3008,-0.0013,17.0332,3.8280,-0.2190,1955,13,3014,-0.0011,9.7310,0.7379,0.1954,1980,6
20.780,24.8,142.353,0.044,-0.015,7365,5,517.9,3093,0.0005,-0.0589,-57.7526,-0.0578,-45,-2454,3110,0.0008,-0.0486,-40.0402,0.0917,-109,-2624,3003,-0.0014,17.6955,-0.2049,-0.2376,1951,1,3017,-0.0011,10.0943,-1.4189,0.1867,1980,-5
20.800,24.4,138.086,0.044,-0.028,7411,5,515.0,3094,0.0005,-0.0687,-59.2993,-0.0588,-59,-2442,3116,0.0009,-0.0496,-41.3127,0.1044,-109,-2611,3001,-0.0014,18.6193,-4.4000,-0.2450,1948,-10,3019,-0.0010,10.4741,-3.4823,0.1765,1980,-14
20.820,24.1,133.831,0.046,-0.042,7457,5,512.2,3086,0.0004,-0.0609,-60.6681,-0.0426,-55,-2426,3127,0.0011,-0.0524,-42.7583,0.1277,-111,-2603,2995,-0.0016,19.5120,-8.5380,-0.2703,1943,-20,3028,-0.0008,10.9329,-5.7254,0.1427,1983,-24
20.840,23.7,129.575,0.049,-0.049,7501,5,509.4,3082,0.0003,-0.0607,-61.9592,-0.0333,-50,-2414,3142,0.0014,-0.0558,-44.2562,0.1582,-114,-2597,2987,-0.0017,20.5488,-12.7466,-0.2989,1937,-29,3036,-0.0006,11.4032,-7.9049,0.1116,1986,-32
20.860,23.4,125.377,0.050,-0.056,7399,5,516.2,3083,0.0003,-0.0697,-63.4167,-0.0357,-54,-2406,3154,0.0016,-0.0574,-45.6090,0.1837,-115,-2591,2983,-0.0018,20.9961,-16.8334,-0.3163,1934,-37,3041,-0.0005,11.6406,-10.0795,0.0944,1988,-41
20.880,23.0,121.211,0.048,-0.056,7385,5,-180.5,3080,0.0003,-0.0677,-64.6163,-0.0302,-52,-2396,3161,0.0017,-0.0626,-46.9067,0.1995,-122,-2583,2979,-0.0019,22.3531,-21.1650,-0.3307,1930,-45,3046,-0.0004,12.1528,-12.2404,0.0768,1989,-48
20.900,22.6,117.174,0.044,-0.056,7351,5,518.8,3077,0.0002,-0.0749,-65.9772,-0.0237,-55,-2386,3158,0.0017,-0.0598,-48.3084,0.1922,-115,-2567,2981,-0.0019,23.4697,-25.2994,-0.3249,1929,-51,3047,-0.0004,12.6197,-14.5414,0.0722,1988,-55
20.920,22.3,113.214,0.042,-0.060,7398,5,515.8,3071,0.0001,-0.0778,-67.2337,-0.0108,-58,-2374,3152,0.0016,-0.0603,-49.5477,0.1794,-109,-2550,2982,-0.0019,24.9235,-29.2850,-0.3194,1929,-56,3048,-0.0004,13.2438,-16.7671,0.0666,1987,-61
20.940,21.9,109.285,0.038,-0.066,7444,5,513.0,3064,0.0000,-0.0802,-68.4494,0.0039,-60,-2363,3151,0.0015,-0.0647,-50.9177,0.1771,-111,-2537,2981,-0.0019,26.7905,-33.3772,-0.3228,1927,-59,3052,-0.0003,13.9604,-18.9875,0.0514,1987,-66
20.960,21.5,105.385,0.037,-0.070,7489,5,510.2,3051,-0.0003,-0.0706,-69.5216,0.0313,-54,-2347,3146,0.0015,-0.0649,-52.1688,0.1678,-109,-2523,2978,-0.0019,28.6196,-37.3076,-0.3331,1924,-62,3057,-0.0002,14.6477,-21.2240,0.0344,1988,-71
20.980,21.2,101.521,0.034,-0.076,7357,5,518.8,3047,-0.0003,-0.0797,-70.7478,0.0385,-54,-2339,3148,0.0015,-0.0669,-53.4634,0.1712,-109,-2513,2977,-0.0020,29.6166,-41.0439,-0.3385,1922,-66,3059,-0.0001,15.0864,-23.5509,0.0240,1989,-76
21.000,20.8,97.674,0.032,-0.081,7454,5,-180.7,3036,-0.0005,-0.0736,-71.8671,0.0617,-50,-2326,3146,0.0015,-0.0669,-54.7171,0.1672,-107,-2502,2974,-0.0020,32.3009,-44.6715,-0.3502,1919,-66,3064,0.0000,16.1264,-25.8792,0.0068,1989,-79
21.020,20.4,93.849,0.027,-0.080,7340,5,519.5,3028,-0.0007,-0.0741,-72.9518,0.0784,-47,-2315,3144,0.0014,-0.0685,-55.8629,0.1638,-106,-2492,2972,-0.0021,34.2557,-48.2437,-0.3578,1917,-68,3067,0.0000,16.7520,-28.2731,-0.0055,1990,-83
21.040,20.1,90.120,0.025,-0.078,7388,5,516.4,3019,-0.0008,-0.0729,-73.9760,0.0972,-43,-2304,3134,0.0013,-0.0665,-57.1886,0.1433,-101,-2476,2973,-0.0021,37.1236,-51.5903,-0.3534,1917,-67,3068,0.0000,17.8148,-30.6352,-0.0073,1988,-85
21.060,19.7,86.431,0.023,-0.079,7436,5,513.5,3015,-0.0009,-0.0772,-75.0327,0.1058,-41,-2297,3127,0.0011,-0.0656,-58.4043,0.1284,-96,-2462,2975,-0.0020,40.6048,-54.9279,-0.3459,1917,-65,3067,0.0000,18.9448,-33.0423,-0.0055,1986,-86
21.080,19.4,82.707,0.027,-0.077,7481,5,510.7,3010,-0.0010,-0.0608,-75.7288,0.1155,-34,-2290,3124,0.0011,-0.0638,-59.5368,0.1210,-90,-2452,2976,-0.0020,44.0599,-57.8648,-0.3435,1916,-63,3069,0.0001,20.1314,-35.4339,-0.0113,1985,-87
21.100,19.0,78.971,0.032,-0.077,7329,5,-180.4,3022,-0.0008,-0.0759,-76.9424,0.0916,-32,-2295,3132,0.0012,-0.0634,-60.7006,0.1383,-86,-2451,2977,-0.0020,47.2595,-60.8660,-0.3390,1916,-62,3067,0.0000,21.0054,-37.8973,-0.0058,1983,-89
21.120,18.6,75.200,0.036,-0.077,7485,5,510.9,3035,-0.0006,-0.0742,-77.8687,0.0641,-31,-2301,3146,0.0015,-0.0663,-61.9939,0.1680,-85,-2454,2976,-0.0020,52.2511,-63.5899,-0.3415,1915,-59,3067,0.0000,22.6450,-40.3506,-0.0067,1982,-88
21.140,18.3,71.446,0.040,-0.074,7334,5,519.8,3044,-0.0004,-0.0612,-78.6621,0.0456,-26,-2304,3154,0.0016,-0.0629,-63.1666,0.1847,-82,-2453,2977,-0.0020,56.4207,-66.0969,-0.3395,1915,-57,3067,0.0000,23.9133,-42.9026,-0.0058,1981,-89
21.160,17.9,67.736,0.044,-0.076,7384,5,516.7,3056,-0.0002,-0.0631,-79.5810,0.0209,-23,-2309,3163,0.0018,-0.0581,-64.2617,0.2024,-76,-2453,2978,-0.0020,62.9329,-68.5115,-0.3355,1914,-53,3065,0.0000,25.7499,-45.4278,0.0006,1978,-87
21.180,17.5,64.025,0.046,-0.081,7432,5,513.7,3063,0.0000,-0.0569,-80.3950,0.0055,-18,-2312,3173,0.0020,-0.0570,-65.4486,0.2235,-71,-2454,2977,-0.0020,70.1674,-70.6917,-0.3386,1913,-49,3067,0.0000,27.8681,-48.0044,-0.0049,1977,-85
21.200,17.2,60.252,0.047,-0.080,7479,5,510.8,3066,0.0000,-0.0448,-81.1136,-0.0016,-12,-2312,3183,0.0021,-0.0585,-66.6483,0.2445,-68,-2456,2976,-0.0020,77.2242,-72.5644,-0.3431,1912,-46,3071,0.0001,30.1692,-50.5307,-0.0214,1979,-83
21.220,16.8,56.555,0.046,-0.079,7360,5,-180.4,3069,0.0001,-0.0521,-81.9214,-0.0071,-7,-2311,3184,0.0022,-0.0558,-67.8796,0.2471,-65,-2451,2976,-0.0020,86.1139,-74.7456,-0.3423,1911,-42,3070,0.0001,32.1706,-53.1014,-0.0178,1977,-82
21.240,16.5,52.885,0.047,-0.075,7476,5,511.4,3067,0.0000,-0.0342,-82.4452,-0.0029,0,-2307,3181,0.0021,-0.0506,-69.0030,0.2403,-60,-2443,2976,-0.0020,97.4883,-76.5150,-0.3409,1911,-38,3070,0.0001,35.2701,-55.7130,-0.0152,1976,-79
21.260,16.2,49.214,0.051,-0.075,7334,5,519.8,3075,0.0002,-0.0679,-83.3173,-0.0190,1,-2310,3183,0.0021,-0.0440,-70.0345,0.2451,-52,-2440,2979,-0.0019,109.0299,-78.1554,-0.3303,1912,-35,3068,0.0001,37.9788,-58.1980,-0.0088,1974,-76
21.280,15.8,45.508,0.051,-0.073,7384,5,516.7,3083,0.0003,-0.0725,-83.9836,-0.0364,1,-2313,3192,0.0023,-0.0523,-71.4474,0.2624,-51,-2441,2979,-0.0019,125.0637,-79.6105,-0.3299,1912,-31,3068,0.0001,42.0044,-60.8378,-0.0091,1973,-72
21.300,15.5,41.823,0.048,-0.069,7432,5,513.7,3086,0.0004,-0.0597,-84.3407,-0.0428,1,-2313,3191,0.0023,-0.0490,-72.6439,0.2622,-50,-2436,2982,-0.0019,144.7094,-81.0467,-0.3185,1913,-27,3068,0.0001,46.5811,-63.3367,-0.0105,1972,-68
21.320,15.2,38.194,0.046,-0.062,7479,5,510.8,3084,0.0003,-0.0276,-84.1735,-0.0392,8,-2309,3183,0.0021,-0.0453,-73.9035,0.2452,-47,-2426,2986,-0.0018,146.1599,-81.1359,-0.3040,1915,-27,3067,0.0000,52.2316,-65.9090,-0.0051,1970,-63
21.340,14.8,34.574,0.046,-0.053,7359,5,-180.4,3086,0.0004,-0.0153,-83.9878,-0.0433,17,-2309,3175,0.0020,-0.0395,-75.1587,0.2286,-43,-2416,2992,-0.0016,143.5287,-81.1955,-0.2808,1919,-27,3065,0.0000,57.6573,-68.3775,0.0027,1968,-59
21.360,14.5,30.977,0.045,-0.049,7476,5,511.4,3094,0.0005,-0.0460,-83.8155,-0.0593,16,-2312,3171,0.0019,-0.0332,-76.4355,0.2186,-39,-2409,2999,-0.0015,144.3015,-81.2362,-0.2557,1923,-27,3061,-0.0001,65.6290,-70.7481,0.0168,1965,-54
21.380,14.2,27.361,0.043,-0.043,7333,5,519.9,3095,0.0005,-0.0328,-83.6229,-0.0608,15,-2311,3165,0.0018,-0.0260,-77.6922,0.2077,-34,-2401,3001,-0.0014,142.7258,-81.2615,-0.2473,1924,-28,3059,-0.0002,74.2922,-73.1090,0.0269,1962,-49
21.400,13.9,23.820,0.042,-0.042,7384,5,516.7,3094,0.0005,-0.0105,-83.4028,-0.0585,16,-2309,3155,0.0016,-0.0245,-79.0585,0.1861,-29,-2390,3004,-0.0014,143.8156,-81.2963,-0.2363,1926,-28,3054,-0.0003,87.1568,-75.4876,0.0450,1958,-43
21.420,13.6,20.234,0.042,-0.040,7434,5,513.6,3089,0.0004,0.0148,-83.1751,-0.0486,21,-2305,3150,0.0015,-0.0261,-80.4590,0.1755,-26,-2383,3001,-0.0014,144.7356,-81.3182,-0.2451,1925,-27,3051,-0.0003,104.1134,-77.7488,0.0547,1956,-37
21.440,13.3,16.649,0.046,-0.038,7482,5,510.6,3088,0.0004,0.0292,-82.9159,-0.0470,29,-2303,3146,0.0015,-0.0220,-81.8205,0.1682,-22,-2376,3000,-0.0015,145.6148,-81.3411,-0.2495,1924,-27,3048,-0.0004,127.4059,-79.9076,0.0677,1953,-31
21.460,13.0,13.030,0.052,-0.034,7340,5,519.9,3095,0.0005,0.0308,-82.6224,-0.0605,37,-2307,3150,0.0015,-0.0262,-82.6590,0.1749,-19,-2374,2999,-0.0015,141.2865,-81.3717,-0.2541,1923,-28,3044,-0.0005,144.8649,-81.3664,0.0824,1950,-28
21.480,12.7,9.385,0.057,-0.033,7501,5,509.9,3108,0.0008,-0.0028,-82.3589,-0.0888,35,-2316,3158,0.0017,-0.0220,-82.3646,0.1922,-18,-2377,2998,-0.0015,144.3126,-81.3866,-0.2585,1923,-27,3039,-0.0006,147.9019,-81.3949,0.1034,1947,-27
21.500,12.4,5.705,0.063,-0.033,7340,5,519.5,3119,0.0010,0.0081,-82.0357,-0.1109,33,-2324,3166,0.0018,-0.0077,-82.0391,0.2093,-16,-2379,2995,-0.0016,142.5157,-81.3936,-0.2679,1921,-28,3034,-0.0007,145.5965,-81.4035,0.1204,1944,-27
21.520,12.1,2.040,0.066,-0.036,7393,5,516.1,3127,0.0011,0.0323,-81.6830,-0.1275,33,-2329,3174,0.0020,0.0033,-81.6858,0.2257,-12,-2382,2990,-0.0017,143.6691,-81.4280,-0.2874,1918,-27,3029,-0.0008,146.2833,-81.4345,0.1400,1941,-27
21.540,11.9,-1.590,0.070,-0.040,7445,5,512.9,3127,0.0011,0.0824,-81.2957,-0.1278,47,-2329,3179,0.0021,0.0109,-81.3008,0.2358,-6,-2383,2984,-0.0018,144.6945,-81.4376,-0.3103,1914,-27,3027,-0.0009,147.0660,-81.4446,0.1483,1940,-27
21.560,11.6,-5.190,0.070,-0.044,7496,5,509.8,3128,0.0011,0.0496,-80.8780,-0.1306,52,-2330,3185,0.0022,-0.1908,-80.8872,0.2493,-27,-2386,2977,-0.0020,145.6818,-81.4654,-0.3367,1910,-27,3024,-0.0009,147.8426,-81.4711,0.1585,1938,-27
21.580,11.3,-8.719,0.069,-0.046,7385,5,517.1,3121,0.0010,0.0281,-80.4328,-0.1163,50,-2325,3185,0.0022,-0.3326,-80.4399,0.2495,-83,-2383,2973,-0.0021,141.9994,-81.4846,-0.3537,1907,-28,3025,-0.0009,144.4962,-81.4852,0.1538,1939,-28
21.600,11.0,-12.192,0.064,-0.043,7384,5,-180.6,3117,0.0009,0.0542,-79.9501,-0.1068,48,-2323,3183,0.0021,-0.2614,-79.8969,0.2436,-135,-2377,2972,-0.0021,143.0352,-81.5010,-0.3586,1907,-27,3025,-0.0009,145.5607,-81.5002,0.1533,1939,-27
21.620,10.8,-15.535,0.060,-0.048,7356,5,518.5,3109,0.0008,0.0607,-79.4084,-0.0912,50,-2318,3171,0.0019,-0.0832,-79.4209,0.2198,-154,-2367,2975,-0.0020,142.8633,-81.5039,-0.3472,1909,-28,3025,-0.0009,144.6840,-81.5010,0.1543,1939,-28
21.640,10.5,-18.908,0.054,-0.054,7407,5,515.3,3098,0.0006,0.0580,-78.8242,-0.0670,52,-2311,3166,0.0018,0.1164,-78.8404,0.2097,-126,-2365,2974,-0.0020,143.9659,-81.5213,-0.3508,1908,-27,3030,-0.0008,145.4494,-81.5122,0.1368,1942,-28
21.660,10.3,-22.307,0.047,-0.058,7456,5,512.2,3083,0.0003,0.0557,-78.1797,-0.0361,52,-2301,3160,0.0017,0.1580,-77.6990,0.1973,-77,-2364,2974,-0.0020,144.9615,-81.5357,-0.3510,1908,-27,3037,-0.0006,141.0068,-81.2374,0.1093,1946,-28
21.680,10.0,-25.699,0.044,-0.062,7503,5,509.3,3068,0.0001,0.0576,-77.4587,-0.0060,52,-2292,3152,0.0016,0.0439,-74.9938,0.1798,-48,-2360,2974,-0.0020,145.9187,-81.5508,-0.3485,1908,-27,3043,-0.0005,124.1357,-80.0147,0.0878,1950,-32
21.700,9.8,-29.107,0.044,-0.070,7405,5,515.9,3060,-0.0001,0.0685,-76.6244,0.0117,53,-2287,3150,0.0015,-0.0743,-72.1208,0.1751,-49,-2360,2974,-0.0020,142.4993,-81.5590,-0.3518,1908,-28,3047,-0.0004,107.7409,-78.8185,0.0717,1953,-36
21.720,9.6,-32.542,0.043,-0.076,7358,5,-180.5,3052,-0.0002,0.0670,-75.7047,0.0274,55,-2283,3154,0.0016,-0.1380,-69.1027,0.1837,-69,-2365,2968,-0.0022,143.0398,-81.5914,-0.3724,1905,-27,3051,-0.0003,97.9689,-77.7525,0.0557,1956,-39
21.740,9.3,-35.926,0.040,-0.082,7360,5,518.2,3048,-0.0003,0.0754,-74.6175,0.0373,58,-2282,3158,0.0017,-0.1371,-65.7712,0.1921,-93,-2372,2966,-0.0022,143.1786,-81.5995,-0.3821,1903,-27,3056,-0.0002,89.1307,-76.6597,0.0381,1959,-43
21.760,9.1,-39.279,0.039,-0.087,7410,5,515.1,3040,-0.0005,0.0575,-73.4377,0.0540,58,-2278,3158,0.0017,-0.0939,-62.1093,0.1933,-108,-2377,2965,-0.0022,144.2548,-81.6261,-0.3860,1902,-27,3062,-0.0001,82.9332,-75.6648,0.0149,1963,-45
21.780,8.9,-42.612,0.040,-0.096,7458,5,512.1,3036,-0.0005,0.0556,-72.0211,0.0620,56,-2278,3162,0.0017,-0.0356,-57.9532,0.2001,-111,-2386,2965,-0.0022,145.2398,-81.6502,-0.3847,1903,-27,3068,0.0000,78.2283,-74.7702,-0.0084,1967,-47
21.800,8.6,-46.027,0.043,-0.104,7504,5,-180.7,3038,-0.0005,0.0645,-70.3623,0.0578,57,-2282,3176,0.0020,0.0109,-53.8073,0.2303,-102,-2405,2963,-0.0023,146.2193,-81.6683,-0.3929,1901,-27,3076,0.0002,72.8337,-73.7056,-0.0393,1973,-50
21.820,8.4,-49.463,0.042,-0.110,7412,5,515.4,3042,-0.0004,0.0769,-68.3292,0.0490,61,-2288,3192,0.0023,0.0346,-49.4719,0.2638,-83,-2429,2960,-0.0023,142.9539,-81.6884,-0.4025,1900,-27,3083,0.0004,67.4212,-72.8676,-0.0667,1978,-54
21.840,8.2,-52.921,0.041,-0.110,7361,5,-180.5,3038,-0.0005,0.0511,-65.9356,0.0577,59,-2289,3197,0.0024,0.0194,-44.5898,0.2734,-66,-2447,2960,-0.0024,143.4185,-81.7200,-0.4044,1899,-27,3090,0.0005,63.6550,-71.9725,-0.0922,1982,-56
21.860,8.0,-56.341,0.043,-0.110,7361,5,518.1,3038,-0.0005,0.0577,-63.0116,0.0573,59,-2294,3196,0.0024,-0.0184,-39.0471,0.2724,-62,-2465,2961,-0.0023,143.5368,-81.7472,-0.3993,1900,-27,3091,0.0006,60.2649,-71.1589,-0.0953,1983,-59
21.880,7.7,-59.788,0.043,-0.113,7411,5,515.0,3043,-0.0004,0.0673,-59.2980,0.0481,63,-2303,3201,0.0025,-0.0410,-33.9124,0.2831,-68,-2490,2962,-0.0023,144.6010,-81.7857,-0.3975,1901,-27,3092,0.0006,57.9208,-70.4216,-0.0992,1984,-61
21.900,7.5,-63.257,0.045,-0.116,7458,5,512.1,3041,-0.0005,0.0453,-54.6057,0.0522,63,-2309,3204,0.0025,-0.0517,-28.2071,0.2873,-84,-2519,2960,-0.0023,145.6332,-81.8083,-0.4030,1900,-27,3093,0.0006,55.2948,-69.5049,-0.1062,1985,-63
21.920,7.3,-66.782,0.043,-0.113,7505,5,-180.7,3043,-0.0004,0.0449,-48.4993,0.0480,63,-2320,3209,0.0026,-0.0280,-22.9694,0.2989,-93,-2557,2958,-0.0024,146.5994,-81.8410,-0.4120,1898,-27,3094,0.0006,53.6034,-68.9605,-0.1084,1986,-64
21.940,7.1,-70.232,0.041,-0.113,7414,5,515.3,3037,-0.0005,0.0407,-40.4782,0.0591,64,-2329,3200,0.0024,-0.0171,-17.4392,0.2795,-101,-2593,2958,-0.0024,143.3499,-81.8637,-0.4107,1898,-27,3091,0.0006,50.3010,-68.2302,-0.0971,1985,-68
21.960,6.9,-73.758,0.038,-0.105,7366,5,-180.5,3031,-0.0006,0.0208,-30.0413,0.0728,61,-2342,3193,0.0023,0.0110,-12.2404,0.2650,-91,-2642,2956,-0.0024,143.9282,-81.9175,-0.4197,1897,-27,3088,0.0005,48.8064,-67.6604,-0.0871,1983,-69
21.980,6.7,-77.221,0.035,-0.106,7368,5,517.7,3027,-0.0007,0.0454,-16.7320,0.0800,69,-2363,3179,0.0021,0.0052,-6.9842,0.2355,-82,-2700,2959,-0.0024,144.0662,-81.9476,-0.4086,1899,-27,3083,0.0004,46.7767,-66.9950,-0.0646,1980,-71
22.000,6.5,-80.843,0.032,-0.105,7418,5,514.6,3019,-0.0009,0.0020,-1.1936,0.0981,68,-2392,3171,0.0019,0.0039,-2.2312,0.2202,-69,-2782,2957,-0.0024,134.2771,-81.3202,-0.4142,1898,-29,3082,0.0004,45.1932,-66.2907,-0.0632,1980,-73
22.020,6.3,-84.578,0.031,-0.098,7466,5,511.6,3011,-0.0010,-0.0259,14.9083,0.1143,57,-2438,3162,0.0017,-0.0100,2.4064,0.2002,-74,-2886,2957,-0.0024,128.0878,-80.9313,-0.4137,1898,-30,3081,0.0003,44.0488,-65.7686,-0.0581,1980,-74
22.040,6.1,-88.426,0.034,-0.094,7431,5,-180.6,3013,-0.0010,0.0071,29.5591,0.1096,61,-2514,3154,0.0016,-0.0095,6.8980,0.1838,-107,-3025,2961,-0.0023,119.5099,-80.3927,-0.4010,1901,-32,3076,0.0002,42.4158,-65.1954,-0.0391,1977,-76
22.060,5.9,-92.495,0.035,-0.094,7445,5,513.4,3020,-0.0008,-0.0047,39.0794,0.0941,84,-2625,3155,0.0016,0.0141,11.1712,0.1865,-95,-3217,2962,-0.0023,110.7310,-79.7737,-0.3959,1902,-34,3072,0.0001,40.6917,-64.5796,-0.0251,1975,-79
22.080,5.6,-96.844,0.038,-0.096,7325,5,520.4,3023,-0.0008,-0.0692,46.5910,0.0886,70,-2780,3158,0.0017,-0.0050,15.2221,0.1928,-62,-3413,2961,-0.0023,100.8522,-78.9405,-0.4010,1901,-37,3071,0.0001,39.0314,-63.9724,-0.0210,1975,-81
22.100,5.4,-101.386,0.042,-0.095,7376,5,517.2,3025,-0.0007,-0.0231,52.2381,0.0839,22,-3000,3164,0.0018,0.0041,18.9625,0.2050,-153,-2922,2958,-0.0024,96.5191,-78.4148,-0.4102,1900,-39,3072,0.0001,37.4563,-63.1682,-0.0232,1976,-84
22.120,5.3,-103.948,0.046,-0.093,7426,5,514.1,3035,-0.0006,-0.0504,54.4417,0.0633,95,-3265,3172,0.0019,-0.0169,20.8063,0.2224,-145,1902,2958,-0.0024,92.6842,-77.9621,-0.4109,1900,-40,3070,0.0001,36.8906,-62.8968,-0.0177,1975,-85
22.140,5.4,-103.730,0.047,-0.086,7474,5,511.1,3045,-0.0004,0.0435,54.1355,0.0422,-94,-2610,3179,0.0021,-0.0057,19.8492,0.2369,-29,3411,2959,-0.0024,93.3232,-77.9626,-0.4092,1900,-40,3068,0.0001,37.1062,-62.9545,-0.0095,1974,-84
22.160,5.7,-100.465,0.051,-0.077,7358,5,-180.4,3051,-0.0003,0.0477,51.0511,0.0305,-180,2646,3175,0.0020,-0.0139,16.9434,0.2271,-51,3429,2961,-0.0023,102.2052,-79.2430,-0.4007,1901,-37,3062,-0.0001,37.0252,-63.2452,0.0143,1970,-85
22.180,6.1,-94.818,0.055,-0.062,7478,5,511.3,3063,0.0000,-0.1190,43.0212,0.0051,-94,3331,3175,0.0020,0.0061,10.8761,0.2270,-14,3396,2963,-0.0023,114.8111,-80.3698,-0.3923,1902,-34,3054,-0.0003,38.2037,-63.8193,0.0443,1965,-83
22.200,6.6,-89.100,0.060,-0.053,7333,5,519.9,3081,0.0003,0.0468,23.4605,-0.0312,90,3290,3170,0.0019,-0.0159,4.4063,0.2176,8,3401,2968,-0.0022,133.4760,-81.8010,-0.3720,1905,-29,3041,-0.0005,38.8152,-64.3720,0.0925,1957,-82
22.220,7.0,-83.351,0.063,-0.043,7387,5,516.5,3095,0.0005,-0.0238,-4.0046,-0.0603,-87,3311,3171,0.0019,0.0079,-2.9783,0.2192,-57,3438,2970,-0.0021,144.3218,-82.3570,-0.3651,1906,-28,3032,-0.0007,40.6995,-65.0769,0.1267,1951,-79
22.240,7.4,-77.667,0.065,-0.028,7439,5,513.3,3103,0.0007,-0.0562,-29.6069,-0.0783,93,3370,3166,0.0018,-0.0048,-10.7226,0.2083,43,3361,2971,-0.0021,145.1603,-82.3377,-0.3600,1906,-27,3022,-0.0010,41.8977,-65.5780,0.1651,1945,-77
22.260,7.8,-72.632,0.066,-0.011,7489,5,510.2,3116,0.0009,0.0644,-45.5110,-0.1056,235,2131,3156,0.0016,0.0151,-17.8211,0.1889,-40,1993,2978,-0.0019,145.9561,-82.3167,-0.3329,1911,-27,3011,-0.0012,43.5175,-66.1809,0.2079,1937,-74
22.280,7.9,-72.877,0.066,0.000,7363,5,518.5,3130,0.0012,0.0021,-46.3892,-0.1348,235,-2837,3147,0.0015,-0.0096,-18.1717,0.1686,-109,-1859,2988,-0.0017,141.9181,-82.3296,-0.2952,1917,-28,3002,-0.0014,42.6004,-66.2515,0.2445,1932,-76
22.300,7.6,-77.160,0.070,0.003,7461,5,-180.6,3140,0.0014,0.1025,-35.8369,-0.1557,162,-3407,3141,0.0014,-0.0022,-12.7925,0.1562,-35,-3141,2996,-0.0015,145.1738,-82.3773,-0.2655,1921,-28,2996,-0.0015,42.1190,-65.6582,0.2647,1929,-76
22.320,7.3,-81.950,0.073,-0.005,7348,5,518.9,3151,0.0016,-0.0136,-18.7994,-0.1789,-2,-3388,3148,0.0015,0.0059,-6.9242,0.1709,-107,-3305,2998,-0.0015,143.2760,-82.4338,-0.2584,1923,-28,2995,-0.0016,39.9270,-65.0185,0.2704,1928,-79
22.340,7.1,-86.912,0.077,-0.009,7377,5,383.8,3155,0.0016,0.0001,3.0810,-150.4261,157,-3394,3161,0.0017,-0.0151,-3.3707,-117.8469,-82,-3324,2994,-0.0016,144.1734,-82.4841,-0.2722,1920,-28,3000,-0.0015,38.6726,-64.4989,0.2507,1932,-81
22.360,6.8,-91.888,0.078,-0.011,7282,5,81.2,3163,0.0018,0.0463,26.2192,-357.9261,-4,-3422,3176,0.0020,0.0060,-0.9542,-280.8376,-83,-3269,2993,-0.0016,142.8533,-82.5430,-0.2765,1920,-28,3004,-0.0014,37.0027,-64.0119,0.2355,1935,-84
22.380,6.5,-96.317,0.076,-0.018,6964,5,-99.0,3165,0.0018,-0.0377,41.6741,-472.3193,-132,-2112,3181,0.0021,-0.0029,1.9135,-370.7036,-104,-2977,2992,-0.0016,117.7105,-81.4347,-0.2812,1920,-33,3005,-0.0013,34.2998,-63.6726,0.2308,1936,-90
22.400,6.5,-97.167,0.073,-0.027,6671,5,-76.5,3153,0.0016,-0.0621,44.9900,-708.1192,-145,2740,3179,0.0021,0.0031,-0.5844,-556.0004,4,-2598,2987,-0.0017,111.8036,-81.3643,-0.3000,1917,-35,3009,-0.0013,32.7000,-63.6766,0.2167,1939,-95
22.420,6.7,-95.528,0.072,-0.036,6394,5,-68.0,3139,0.0013,-0.0801,40.8838,-708.0915,11,3410,3177,0.0020,0.0067,-2.4982,-556.0040,-46,-2333,2982,-0.0019,111.8776,-81.7057,-0.3210,1913,-35,3013,-0.0012,31.2834,-63.7661,0.2015,1942,-99
22.440,6.8,-93.779,0.072,-0.044,6119,5,-66.0,3129,0.0012,0.0455,34.8279,-708.0705,68,3334,3180,0.0021,-0.0054,-4.4359,-555.9980,-63,-2398,2976,-0.0020,114.3353,-82.2195,-0.3427,1910,-34,3018,-0.0011,30.0995,-63.8426,0.1828,1945,-104
22.460,6.9,-92.193,0.071,-0.053,5846,5,-64.1,3121,0.0010,0.0133,31.7897,-1041.8390,12,3234,3183,0.0021,-0.0060,-10.8297,-818.2521,-19,-3097,2969,-0.0021,115.2346,-82.6273,-0.3691,1906,-34,3020,-0.0010,28.7518,-63.8970,0.1729,1947,-109
22.480,7.0,-90.793,0.073,-0.068,5573,5,-62.2,3114,0.0009,0.0353,28.5330,-1287.1190,56,3157,3190,0.0023,-0.0013,-15.6533,-1010.9690,-32,-3426,2964,-0.0023,109.8476,-82.6021,-0.3891,1903,-36,3026,-0.0009,27.5089,-63.9050,0.1498,1952,-114
22.500,7.1,-89.616,0.069,-0.088,5302,5,-60.2,3106,0.0007,-0.0310,23.4013,-1287.1030,37,3110,3204,0.0025,0.0028,-16.4794,-1010.9410,-29,-3475,2955,-0.0025,104.4709,-82.5850,-0.4239,1897,-38,3035,-0.0007,25.8124,-63.5829,0.1171,1958,-121
22.520,7.1,-88.357,0.066,-0.109,5057,5,-58.5,3090,0.0004,0.0417,21.3628,-1530.2410,28,3068,3216,0.0027,-0.0100,-20.9059,-1201.9770,-10,-3434,2949,-0.0026,99.6187,-82.5235,-0.4451,1894,-39,3052,-0.0003,24.8594,-63.7682,0.0510,1968,-126
22.540,7.2,-87.068,0.065,-0.129,4814,5,-56.8,3072,0.0001,-0.0168,16.6932,-1530.2030,71,3042,3230,0.0030,0.0047,-22.2416,-1201.9500,-61,-3369,2941,-0.0028,94.8069,-82.5196,-0.4762,1889,-41,3070,0.0001,23.8387,-63.8230,-0.0151,1980,-132
22.560,7.3,-85.642,0.064,-0.147,4544,5,-54.9,3059,-0.0001,0.0056,12.6323,-1791.9330,8,3036,3245,0.0033,0.0025,-26.8304,-1407.5860,34,-3287,2930,-0.0030,89.4990,-82.4807,-0.5163,1883,-44,3082,0.0004,22.4053,-63.7367,-0.0643,1988,-141
22.580,7.3,-84.005,0.063,-0.164,4275,5,-53.0,3043,-0.0004,0.0465,8.2385,-2096.3210,72,3040,3255,0.0034,-0.0275,-32.3819,-1646.7510,2,-3192,2921,-0.0032,84.1669,-82.4314,-0.5521,1878,-46,3095,0.0006,21.1734,-63.7242,-0.1106,1996,-150
22.600,7.4,-82.265,0.061,-0.179,4008,5,-51.1,3027,-0.0007,-0.0504,-0.5401,-2096.2880,41,3075,3263,0.0036,-0.0129,-33.8819,-1646.7350,-72,-3114,2910,-0.0035,78.8693,-82.4056,-0.5950,1871,-49,3103,0.0008,19.8480,-63.6528,-0.1428,2002,-160
22.620,7.5,-80.288,0.060,-0.193,3742,5,-49.2,3011,-0.0010,0.0505,-4.2115,-2374.0650,47,3118,3269,0.0037,0.0405,-39.3723,-1865.0040,15,-3034,2900,-0.0037,73.5784,-82.3491,-0.6341,1866,-52,3111,0.0010,18.5582,-63.5721,-0.1715,2008,-171
22.640,7.6,-78.256,0.059,-0.207,3477,5,-47.3,2996,-0.0013,-0.0499,-14.2163,-2374.0340,58,3193,3273,0.0038,-0.0146,-41.2605,-1864.9940,9,-2972,2889,-0.0039,68.3054,-82.2916,-0.6735,1860,-56,3116,0.0011,17.1650,-63.4076,-0.1935,2012,-184
22.660,7.7,-76.099,0.056,-0.217,3213,5,-45.4,2982,-0.0015,0.0458,-20.7234,-2493.8700,70,3247,3280,0.0039,-0.0172,-44.8090,-1959.1600,-15,-2919,2881,-0.0041,62.9917,-82.2362,-0.7067,1855,-60,3125,0.0013,15.8972,-63.3129,-0.2269,2019,-199
22.680,7.8,-73.853,0.053,-0.227,2948,5,-43.5,2972,-0.0017,-0.0045,-28.1158,-2493.8500,1,3019,3284,0.0040,-0.0108,-46.6918,-1959.1520,-39,-2873,2878,-0.0042,57.7324,-82.1711,-0.7170,1854,-66,3133,0.0015,14.5116,-63.1429,-0.2589,2025,-217
22.700,7.8,-72.758,0.051,-0.233,2684,5,-41.7,2962,-0.0019,-0.0307,-32.5069,-2492.0270,-17,481,3289,0.0041,0.0007,-47.3429,-1957.7260,-39,-2838,2875,-0.0042,52.4921,-82.1276,-0.7267,1853,-72,3143,0.0017,13.1727,-63.0540,-0.2959,2032,-239
22.720,7.6,-74.631,0.055,-0.235,2420,5,-39.8,2956,-0.0020,-0.0386,-24.7935,-2492.0160,-14,-2464,3292,0.0041,-0.0330,-45.5210,-1957.7190,-54,-2810,2875,-0.0042,47.4374,-82.1255,-0.7298,1853,-79,3149,0.0019,11.7970,-63.1504,-0.3193,2037,-266
22.740,7.4,-77.846,0.066,-0.230,2159,5,-37.9,2960,-0.0019,-0.0418,-10.1404,-2493.1780,53,-3020,3298,0.0042,-0.0458,-42.2770,-1958.6140,-85,-2795,2871,-0.0043,42.5111,-82.1647,-0.7437,1851,-88,3148,0.0018,10.5281,-63.4482,-0.3149,2037,-297
22.760,7.1,-81.132,0.078,-0.223,1918,5,-36.2,2975,-0.0017,0.0021,7.3786,-2493.2100,99,-2950,3306,0.0044,-0.0267,-38.8588,-1958.5990,-105,-2791,2861,-0.0045,37.9534,-82.2236,-0.7812,1846,-97,3132,0.0015,9.2638,-63.7356,-0.2528,2027,-334
22.780,6.9,-83.949,0.090,-0.215,1675,5,-34.5,2995,-0.0013,0.0327,21.0397,-2497.9420,101,-2005,3316,0.0046,0.0067,-35.8479,-1962.2610,-96,-2800,2853,-0.0047,33.3647,-82.2620,-0.8124,1842,-109,3115,0.0011,8.0510,-64.0398,-0.1903,2016,-379
22.800,6.8,-84.765,0.103,-0.209,1430,5,-32.7,3017,-0.0009,0.0261,27.1662,-2497.9870,128,1011,3327,0.0048,0.0354,-34.4877,-1962.2380,-61,-2816,2847,-0.0049,28.6464,-82.2399,-0.8349,1839,-125,3101,0.0008,6.8263,-64.1852,-0.1344,2004,-437
22.820,6.8,-82.974,0.109,-0.205,1186,5,-30.4,3036,-0.0005,0.0373,22.8571,-2501.4640,104,2868,3336,0.0049,0.0455,-35.5496,-1964.9200,-15,-2829,2838,-0.0051,23.7741,-82.1851,-0.8683,1835,-146,3084,0.0004,5.5340,-64.0993,-0.0702,1988,-516
22.840,6.9,-80.242,0.110,-0.209,960,5,-28.3,3046,-0.0004,0.0442,14.1985,-2501.2750,29,3213,3341,0.0050,0.0169,-37.2063,-1964.7450,9,-2833,2835,-0.0051,18.7480,-82.0634,-0.8822,1834,-176,3076,0.0002,4.1849,-63.8727,-0.0394,1969,-631
22.860,6.9,-77.256,0.110,-0.222,811,5,-13.8,3045,-0.0004,-0.0184,4.1873,-2501.2710,-7,3249,3345,0.0051,-0.0174,-39.2316,-1964.7360,-4,-2832,2830,-0.0052,13.1656,-81.9176,-0.9010,1832,-220,3076,0.0002,2.6319,-63.5847,-0.0390,1935,-811
22.880,7.0,-74.118,0.109,-0.240,769,5,22.1,3031,-0.0006,-0.0399,-8.2260,-2499.9820,49,3121,3350,0.0052,-0.0212,-41.6799,-1963.7360,-27,-2827,2819,-0.0055,6.8597,-81.7551,-0.9405,1825,-285,3081,0.0003,0.8596,-63.2669,-0.0577,1850,-1090
22.900,7.0,-70.903,0.104,-0.270,754,4,27.7,3012,-0.0010,-0.0237,-16.6471,-2499.9440,107,2465,3358,0.0053,-0.0068,-42.9770,-1963.7200,-41,-2823,2807,-0.0058,0.3522,-81.5690,-0.9889,1814,-341,3089,0.0005,-0.8908,-62.9432,-0.0900,1700,-1409
22.920,6.9,-68.457,0.102,-0.308,576,4,72.0,2986,-0.0015,-0.0394,-20.1632,-2499.4170,96,402,3375,0.0056,0.0077,-43.7749,-1963.3130,-38,-2826,2794,-0.0060,-2.7961,-81.3420,-1.0372,1800,-423,3113,0.0010,-1.3718,-62.6193,-0.1797,1316,-1900
22.940,6.6,-67.387,0.101,-0.353,208,4,84.5,2956,-0.0020,-0.0416,-16.9553,-2499.3540,56,-1826,3399,0.0061,-0.0042,-42.6247,-1963.2630,-35,-2836,2775,-0.0065,-1.3239,-81.0970,-1.1114,1770,-546,3137,0.0016,-0.3958,-62.4922,-0.2735,801,-2254
22.960,6.2,-67.057,0.106,-0.405,34,4,84.9,2925,-0.0026,-0.0418,-6.3441,-2502.9300,79,-2493,3433,0.0067,-0.0235,-40.0969,-1966.0520,-45,-2858,2751,-0.0070,-0.6684,-80.7791,-1.2007,1737,-636,3167,0.0022,-0.3775,-62.4798,-0.3865,557,-2367
22.980,5.8,-66.614,0.115,-0.461,2,4,85.0,2895,-0.0031,-0.0127,4.6662,-2502.8670,105,-2353,3478,0.0075,-0.0215,-37.0726,-1965.9570,-60,-2895,2716,-0.0078,-1.2711,-80.4888,-1.3372,1684,-749,3193,0.0028,-0.4579,-62.5215,-0.4862,215,-2455
23.000,5.4,-65.370,0.126,-0.520,0,4,85.0,2868,-0.0036,0.0028,13.7210,-2510.2770,109,-1343,3532,0.0085,0.0075,-35.0291,-1971.7140,-58,-2943,2675,-0.0087,-1.4031,-80.0730,-1.4915,1609,-886,3218,0.0034,-0.4273,-62.6281,-0.5833,-28,-2485
23.020,5.1,-62.615,0.137,-0.583,0,4,85.0,2839,-0.0041,0.0040,16.5183,-2510.2160,100,564,3588,0.0095,0.0365,-33.3587,-1971.5960,-37,-2998,2630,-0.0097,-1.8820,-79.5773,-1.6621,1490,-1072,3244,0.0040,-0.2509,-62.4437,-0.6799,-183,-2495
23.040,4.9,-58.255,0.150,-0.649,0,4,85.0,2810,-0.0046,0.0184,12.2706,-2517.1310,84,1911,3649,0.0106,0.0481,-34.0217,-1976.9480,-2,-3055,2584,-0.0107,-1.6733,-78.8778,-1.8389,1328,-1268,3271,0.0046,-0.4336,-62.1474,-0.7831,-296,-2502
23.060,4.6,-53.075,0.162,-0.724,0,4,85.0,2779,-0.0052,0.0182,6.0941,-2517.0660,66,2383,3714,0.0118,0.0197,-35.3500,-1976.8130,20,-3112,2534,-0.0118,-1.4853,-78.0248,-2.0318,1121,-1453,3299,0.0052,-0.3964,-61.6950,-0.8902,-398,-2506
23.080,4.4,-47.765,0.171,-0.800,24,4,85.0,2740,-0.0059,0.0634,-1.6771,-2521.7500,100,2315,3783,0.0130,-0.0293,-37.3589,-1980.4140,4,-3167,2478,-0.0131,-0.9582,-77.0422,-2.2454,893,-1590,3331,0.0059,-0.2306,-61.0992,-1.0128,-438,-2522
23.100,4.1,-42.763,0.181,-0.878,66,4,84.9,2695,-0.0067,0.0596,-8.0395,-2521.6560,17,1777,3848,0.0142,-0.0369,-38.7286,-1980.2780,-27,-3216,2423,-0.0143,-0.1679,-75.7652,-2.4542,719,-1653,3366,0.0067,0.0402,-60.4474,-1.1479,-397,-2558
23.120,3.8,-38.552,0.189,-0.947,102,4,84.8,2649,-0.0076,0.0076,-10.6662,-2526.5650,56,714,3912,0.0154,-0.0094,-39.3548,-1984.0770,-45,-3262,2366,-0.0155,0.5106,-74.4059,-2.6719,643,-1647,3400,0.0074,0.3238,-59.7145,-1.2772,-250,-2607
23.140,3.4,-35.471,0.198,-1.004,126,4,84.7,2605,-0.0084,-0.0125,-8.6020,-2526.4740,-78,-388,3968,0.0164,0.0071,-37.6809,-1983.9600,-41,-3303,2314,-0.0167,1.0659,-72.7828,-2.8704,653,-1603,3430,0.0081,0.5197,-58.9100,-1.3904,-15,-2646
23.160,3.0,-33.276,0.206,-1.045,130,4,84.7,2569,-0.0090,-0.0241,-3.1906,-2533.0780,-73,-915,4015,0.0173,-0.0153,-34.4281,-1989.1090,-41,-3341,2268,-0.0177,1.3076,-70.9963,-3.0468,704,-1541,3451,0.0086,0.5711,-57.9424,-1.4735,228,-2652
23.180,2.6,-31.382,0.214,-1.070,116,4,84.8,2544,-0.0095,-0.0261,2.8325,-2533.0270,-65,-799,4049,0.0179,-0.0350,-29.5443,-1989.0400,-61,-3377,2231,-0.0185,1.2134,-68.9200,-3.1871,752,-1485,3462,0.0088,0.4764,-56.6930,-1.5150,392,-2640
23.200,2.3,-29.181,0.221,-1.082,93,4,84.8,2532,-0.0097,-0.0317,7.5053,-2540.5800,-60,-115,4073,0.0183,-0.0022,-25.2661,-1994.9470,-71,-3413,2204,-0.0192,0.8829,-66.3962,-3.2918,771,-1452,3465,0.0089,0.3002,-55.0627,-1.5240,458,-2632
23.220,2.0,-26.237,0.223,-1.080,68,4,84.9,2528,-0.0098,-0.0335,8.5429,-2540.5730,-57,776,4085,0.0185,0.0372,-22.1330,-1994.9200,-49,-3448,2188,-0.0195,0.4263,-63.2056,-3.3538,753,-1454,3462,0.0088,0.0980,-52.6972,-1.5139,451,-2636
23.240,1.8,-22.474,0.222,-1.075,45,4,84.9,2531,-0.0097,-0.0341,6.4376,-2546.5570,-43,1415,4086,0.0186,0.0183,-20.0980,-1999.6160,-20,-3478,2187,-0.0195,-0.0309,-58.4054,-3.3574,694,-1494,3459,0.0087,-0.0848,-49.1707,-1.5035,387,-2653
23.260,1.6,-18.283,0.220,-1.068,33,4,84.9,2534,-0.0097,-0.0221,1.7439,-2546.5640,-24,1596,4082,0.0185,-0.0289,-18.8149,-1999.6250,-26,-3505,2191,-0.0194,-0.3223,-51.5060,-3.3401,598,-1555,3458,0.0087,-0.1746,-44.3929,-1.4983,289,-2677
23.280,1.5,-14.003,0.216,-1.057,35,4,84.9,2539,-0.0096,-0.0135,-2.2689,-2550.1220,-9,1434,4078,0.0184,-0.0137,-17.5574,-2002.4200,-47,-3533,2199,-0.0193,-0.3603,-41.4002,-3.3093,491,-1616,3458,0.0087,-0.0848,-36.8141,-1.4991,206,-2700
23.300,1.4,-9.953,0.210,-1.046,46,4,84.9,2543,-0.0095,-0.0114,-4.4975,-2550.1290,-3,1000,4066,0.0182,0.0174,-14.4761,-2002.4460,-39,-3560,2211,-0.0190,-0.2049,-26.7575,-3.2661,402,-1669,3457,0.0087,0.1385,-25.4817,-1.4931,197,-2721
23.320,1.4,-6.413,0.206,-1.035,59,4,84.9,2543,-0.0095,-0.0151,-4.7512,-2552.0850,-5,417,4050,0.0179,-0.0154,-8.9736,-2004.0150,-32,-3593,2222,-0.0188,0.0420,-7.5219,-3.2235,366,-1710,3454,0.0086,0.3720,-7.6057,-1.4839,299,-2743
23.340,1.5,-3.401,0.205,-1.027,61,4,84.9,2544,-0.0095,-0.0202,-2.2767,-2552.0870,-12,10,4035,0.0176,-0.0231,-0.6209,-2004.0460,-65,-3648,2232,-0.0185,0.1748,13.0311,-3.1852,391,-1745,3451,0.0086,0.4068,13.0408,-1.4723,491,-2766
23.360,1.7,-0.622,0.204,-1.019,47,4,84.9,2550,-0.0094,-0.0209,1.6445,-2551.3820,-20,15,4029,0.0175,0.0263,8.4581,-2003.4950,-53,-3742,2238,-0.0184,0.0375,30.6581,-3.1618,442,-1787,3448,0.0085,0.1693,30.6428,-1.4603,693,-2806
23.380,2.0,2.324,0.205,-1.013,21,4,85.0,2555,-0.0093,-0.0274,4.3496,-2551.3930,-25,346,4023,0.0174,-0.0140,17.0192,-2003.5080,-45,-3878,2243,-0.0183,-0.3502,43.9153,-3.1421,434,-1872,3444,0.0084,-0.2414,43.9298,-1.4444,771,-2927
23.400,2.3,5.924,0.205,-1.016,4,4,85.0,2560,-0.0092,-0.0220,5.1526,-2546.8070,-11,795,4019,0.0173,0.0252,24.6275,-1999.9030,-52,-4060,2247,-0.0182,-0.6323,53.8345,-3.1274,238,-2032,3441,0.0083,-0.4391,53.8466,-1.4320,550,-3210
23.420,2.7,10.268,0.206,-1.029,29,4,84.9,2561,-0.0092,0.0022,5.4659,-2546.8100,4,1220,4024,0.0174,-0.0198,31.6368,-1999.8930,-27,-4265,2248,-0.0182,-0.1863,61.2700,-3.1246,-127,-2216,3445,0.0084,0.0487,61.2354,-1.4475,367,-3564
23.440,3.1,14.883,0.209,-1.052,34,4,84.9,2555,-0.0093,0.0243,4.9344,-2539.9130,-33,1551,4037,0.0177,0.0069,37.4809,-1994.4580,-3,-4077,2240,-0.0183,0.2804,66.5190,-3.1534,169,-2435,3452,0.0086,-0.1777,66.4912,-1.4767,1220,-3238
23.460,3.2,16.735,0.208,-1.038,29,4,84.9,2544,-0.0095,0.0272,2.7303,-2539.8890,-35,1700,4058,0.0180,-0.0230,38.5900,-1994.4140,-28,198,2225,-0.0187,-0.1170,68.3372,-3.2101,-350,-1218,3464,0.0089,0.0657,68.2949,-1.5232,580,3306
23.480,2.8,14.080,0.199,-0.923,41,4,84.9,2554,-0.0093,-0.0089,-4.1747,-2534.5050,-35,1537,4049,0.0179,-0.0364,29.6536,-1990.1850,-94,3891,2235,-0.0185,-0.0432,64.9454,-3.1730,136,2433,3458,0.0087,0.2055,64.9479,-1.4992,718,3582
23.500,2.4,10.633,0.179,-0.714,49,4,84.9,2629,-0.0079,-0.0256,-12.8920,-2534.6600,-14,640,3958,0.0162,-0.0580,14.4286,-1990.3750,-11,4175,2315,-0.0167,0.0907,58.1557,-2.8684,86,2469,3402,0.0075,0.0656,58.3741,-1.2863,563,3333
23.520,2.1,6.184,0.155,-0.435,58,4,84.9,2754,-0.0057,-0.0357,-17.7221,-2543.0260,-11,-1066,3782,0.0130,0.0276,3.2404,-1997.1100,15,4025,2457,-0.0135,0.1453,47.8610,-2.3250,180,2478,3298,0.0052,0.1580,47.9081,-0.8860,558,3094
23.540,1.9,0.296,0.130,-0.108,59,4,84.9,2916,-0.0027,-0.0465,-15.0048,-2543.3620,3,-2372,3542,0.0087,0.0690,-3.9159,-1997.6090,-53,3733,2636,-0.0095,0.1607,30.1903,-1.6407,271,2572,3148,0.0018,0.0741,30.2388,-0.3161,567,2895
23.560,1.7,-6.412,0.112,0.249,54,4,84.9,3095,0.0005,-0.0267,-5.3849,-2549.0240,54,-2833,3250,0.0034,0.0353,-5.3383,-2002.3710,-176,3306,2832,-0.0052,0.1150,3.0864,-0.8932,387,2747,2958,-0.0024,-0.0615,3.2344,0.4094,510,2753
23.580,1.6,-13.386,0.102,0.619,48,4,84.9,3290,0.0041,-0.0246,6.4349,-2549.4300,122,-2698,2932,-0.0024,-0.0291,-6.0782,-2003.0350,-65,2713,3027,-0.0008,0.0341,-24.8712,-0.1457,454,3032,2734,-0.0074,-0.1558,-20.7984,1.2661,400,2664
23.600,1.6,-19.937,0.100,0.982,47,4,84.9,3492,0.0078,-0.1285,16.2230,-2552.3920,97,-1320,2601,-0.0084,0.0339,-6.5531,-2005.7200,-20,1987,3212,0.0033,0.0179,-44.2023,0.5607,526,3406,2484,-0.0129,-0.1406,-35.5256,2.2235,255,2595
23.620,1.7,-24.426,0.104,1.319,71,4,84.9,3690,0.0113,-0.1597,18.3680,-2552.8040,-249,1393,2276,-0.0144,0.0308,-10.4385,-2006.3990,-62,1022,3378,0.0069,-0.0814,-54.9141,1.1914,543,2945,2220,-0.0188,-0.1507,-44.0567,3.2284,81,2451
23.640,1.8,-22.568,0.111,1.565,148,4,84.7,3869,0.0146,0.0068,9.4457,-2553.1770,-297,2966,1968,-0.0199,-0.0179,-15.6568,-2007.0380,-37,-238,3517,0.0100,-0.2366,-56.1650,1.7252,25,-3207,1963,-0.0245,0.2362,-43.8216,4.2133,-307,1144
23.660,1.9,-15.107,0.120,1.660,149,3,84.7,3987,0.0167,0.1167,-7.9295,-2551.1030,-234,2752,1733,-0.0242,-0.0394,-20.1889,-2005.7070,-4,-1289,3599,0.0119,0.3302,-46.7818,2.0382,1192,-3665,1755,-0.0291,0.4295,-36.1012,5.0057,985,-1369
23.680,2.0,-8.884,0.130,1.605,63,3,84.9,4011,0.0172,0.1447,-19.5630,-2551.1530,135,241,1620,-0.0263,0.0086,-21.7692,-2005.9410,5,-1697,3601,0.0119,-0.2475,-29.3340,2.0455,406,-3736,1645,-0.0316,-0.2578,-22.5496,5.4253,964,-1558
23.700,1.9,-5.607,0.145,1.426,92,3,84.8,3953,0.0161,0.0234,-16.6512,-2551.0330,228,-2562,1641,-0.0259,-0.0403,-14.3911,-2005.8980,-44,-1813,3535,0.0104,0.1398,-6.3952,1.7928,327,-3656,1643,-0.0316,0.0653,-5.1812,5.4327,321,-1801
23.720,1.9,-3.679,0.168,1.149,86,3,84.8,3847,0.0142,0.0191,-5.5272,-2550.0450,118,-3318,1793,-0.0231,-0.0059,-2.0399,-2004.9800,-38,-1983,3417,0.0078,-0.0300,18.0085,1.3416,660,-3574,1736,-0.0295,0.2149,16.7741,5.0769,972,-1644
23.740,2.1,-3.076,0.197,0.807,74,3,84.8,3697,0.0115,0.0776,6.0040,-2549.7330,53,-2997,2043,-0.0186,-0.0080,11.0578,-2004.4590,-79,-2186,3249,0.0041,0.6770,34.3973,0.6995,100,-3481,1895,-0.0260,-0.6134,34.4098,4.4698,738,-983
23.760,2.3,-3.973,0.225,0.452,65,3,84.9,3518,0.0082,0.1230,15.2273,-2547.3440,-51,-1505,2355,-0.0129,-0.0198,18.0463,-2002.2250,-38,-2025,3045,-0.0005,0.0618,40.7623,-0.0793,-4,-1208,2094,-0.0216,-0.0324,40.8133,3.7126,1031,1684
23.780,2.1,-9.077,0.249,0.163,126,3,84.8,3325,0.0047,0.1034,22.1047,-2546.9420,-75,1125,2674,-0.0071,0.0315,17.1583,-2001.5600,70,-701,2831,-0.0052,1.0996,30.3369,-0.8949,-1326,2261,2299,-0.0170,0.9767,30.2773,2.9285,1273,2194
23.800,2.0,-12.080,0.255,-0.044,33,3,84.9,3168,0.0019,0.0443,18.6900,-2546.5240,-186,2834,2933,-0.0024,0.0706,10.4560,-2000.9500,86,994,2657,-0.0091,-0.7185,11.1793,-1.5615,802,2674,2465,-0.0134,-0.2089,9.2072,2.2951,904,2553
23.820,1.9,-14.401,0.249,-0.156,102,3,84.8,3048,-0.0003,-0.0891,12.4672,-2546.2760,-112,3148,3112,0.0008,0.0741,1.1888,-2000.5780,33,1574,2547,-0.0115,0.2777,-12.9991,-1.9803,534,2457,2599,-0.0104,0.2058,-9.5752,1.7823,-219,2834
23.840,1.9,-14.127,0.235,-0.185,72,3,84.8,2989,-0.0014,-0.2659,31.7002,0.1597,-397,3225,3213,0.0027,0.0635,23.3293,0.3068,-328,3270,2510,-0.0124,-0.1011,-31.1344,-2.1240,417,657,2693,-0.0083,-0.1580,-23.0348,1.4242,1192,2486
23.860,2.0,-9.828,0.220,-0.185,105,3,84.8,2989,-0.0014,0.0532,11.0096,0.1602,213,3210,3255,0.0034,-0.1813,7.9846,0.3948,10,3472,2537,-0.0117,0.1187,-35.1482,-2.0195,372,-2277,2755,-0.0069,0.2869,-27.8451,1.1869,531,622
23.880,2.1,-1.176,0.205,-0.204,87,3,84.8,3013,-0.0010,0.1017,-13.6727,0.1095,-424,3244,3279,0.0039,0.1207,-12.4297,0.4445,280,3393,2587,-0.0106,-0.0570,-22.3581,-1.8283,351,-2790,2805,-0.0058,0.0335,-20.5746,0.9973,622,-1910
23.900,2.1,8.650,0.191,-0.258,95,3,84.8,3025,-0.0007,-0.2156,-26.9148,0.0842,87,3198,3319,0.0046,0.2178,-34.3144,0.5270,269,1780,2626,-0.0098,0.0501,0.0483,-1.6788,222,-2855,2866,-0.0044,0.0491,0.2540,0.7620,963,-2373
23.920,2.1,14.220,0.179,-0.332,91,3,84.8,3012,-0.0010,0.1969,-28.3307,0.1118,429,1631,3384,0.0058,0.0079,-39.4316,0.6628,269,-2787,2643,-0.0094,-0.0099,14.7953,-1.6155,113,-2751,2947,-0.0026,-0.0262,21.7095,0.4536,1073,-1151
23.940,2.1,12.522,0.170,-0.390,97,3,84.8,2984,-0.0015,0.2670,-21.0933,0.1709,-101,-1367,3461,0.0072,0.1084,-30.6168,0.8246,111,-3714,2643,-0.0094,0.0576,19.9165,-1.6138,248,-1872,3034,-0.0007,0.0050,28.6645,0.1206,1044,1904
23.960,2.2,5.550,0.160,-0.397,103,3,84.8,2963,-0.0019,0.0058,-8.1186,0.2132,-487,-2426,3524,0.0083,0.1069,-10.7079,0.9558,-215,-3793,2646,-0.0093,0.0738,15.1690,-1.6035,293,-34,3105,0.0009,0.0757,19.7656,-0.1501,850,3077
23.980,2.2,-3.288,0.149,-0.347,101,3,84.8,2973,-0.0017,-0.2506,10.9201,0.1929,-367,-2125,3544,0.0087,-0.1151,9.9879,0.9973,-161,-3812,2673,-0.0087,0.0341,1.2857,-1.4992,384,779,3141,0.0017,0.0055,1.2127,-0.2861,604,3227
24.000,2.3,-10.314,0.139,-0.260,99,3,84.8,3016,-0.0009,-0.2112,28.6840,0.1043,-503,399,3515,0.0082,0.0718,20.1573,0.9360,109,-3545,2730,-0.0075,-0.0179,-16.4203,-1.2817,531,-301,3139,0.0016,-0.0185,-11.1069,-0.2788,556,2955
24.020,2.3,-11.523,0.132,-0.170,103,3,84.8,3081,0.0003,-0.1087,31.3821,-0.0322,-438,2945,3455,0.0071,0.1085,20.9109,0.8117,-158,-1918,2802,-0.0059,-0.0267,-22.4916,-1.0070,577,-2194,3108,0.0009,0.0215,-14.4099,-0.1622,515,1857
24.040,2.4,-7.240,0.127,-0.109,107,3,84.8,3145,0.0014,-0.2343,20.6257,-0.1657,-147,3387,3390,0.0059,0.0601,15.2712,0.6763,-278,671,2870,-0.0044,0.0169,-13.9381,-0.7479,540,-2870,3070,0.0001,0.0362,-10.2406,-0.0181,529,283
24.060,2.4,-0.453,0.126,-0.085,108,3,84.8,3186,0.0022,0.0991,4.2552,-0.2517,88,3450,3343,0.0051,-0.0120,4.0439,0.5787,-268,1768,2912,-0.0034,0.0136,-0.5508,-0.5856,361,-2967,3041,-0.0006,0.0145,-0.5088,0.0950,592,-330
24.080,2.5,5.947,0.128,-0.086,108,3,84.8,3202,0.0025,0.0166,-8.7372,-0.2842,-305,3409,3324,0.0047,-0.0432,-10.7202,0.5381,-261,1123,2927,-0.0031,-0.0134,9.0466,-0.5277,257,-2692,3027,-0.0009,-0.0004,11.0430,0.1469,739,498
24.100,2.5,9.041,0.130,-0.088,112,3,84.8,3199,0.0024,-0.1006,-15.2797,-0.2778,57,3076,3323,0.0047,-0.0114,-20.9733,0.5353,-273,-1216,2922,-0.0032,-0.0008,11.8803,-0.5494,231,-1755,3023,-0.0009,0.0254,16.5029,0.1631,809,2006
24.120,2.6,7.460,0.131,-0.070,114,3,84.8,3193,0.0023,0.0778,-15.3434,-0.2663,230,1788,3320,0.0046,-0.0393,-20.1982,0.5310,-237,-2982,2914,-0.0034,0.0044,8.4827,-0.5804,273,-483,3018,-0.0011,0.0213,11.2401,0.1834,794,2732
24.140,2.6,2.891,0.132,-0.028,114,3,84.8,3201,0.0025,0.1291,-10.3270,-0.2821,93,38,3301,0.0043,-0.0740,-11.6599,0.4913,-74,-3395,2916,-0.0033,0.0036,0.9291,-0.5699,356,109,2999,-0.0015,-0.0158,1.0625,0.2562,715,2819
24.160,2.6,-2.408,0.133,0.026,115,3,84.8,3224,0.0029,0.1137,-1.0604,-0.3309,-27,-704,3265,0.0036,0.0479,-0.9524,0.4151,-5,-3386,2934,-0.0029,0.0016,-7.7991,-0.5040,452,-362,2967,-0.0022,-0.0299,-7.2620,0.3776,639,2482
24.180,2.7,-6.068,0.134,0.072,119,3,84.8,3257,0.0035,0.0927,9.2732,-0.3994,-89,-44,3220,0.0028,0.0088,7.4920,0.3216,-196,-3141,2959,-0.0024,0.0100,-12.6835,-0.4059,502,-1529,2929,-0.0030,-0.0079,-10.3521,0.5225,571,1559
24.200,2.7,-6.371,0.136,0.090,121,3,84.7,3285,0.0040,0.0690,14.4663,-0.4575,-135,1527,3181,0.0021,-0.0504,11.5125,0.2407,-20,-2408,2980,-0.0019,0.0117,-9.8857,-0.3260,484,-2355,2895,-0.0038,-0.0014,-7.9133,0.6513,562,402
24.220,2.8,-3.639,0.138,0.075,123,3,84.7,3294,0.0042,0.0094,12.1669,-0.4768,-208,2644,3165,0.0018,0.0047,10.6542,0.2077,94,-1060,2984,-0.0018,0.0053,-2.0227,-0.3116,418,-2541,2878,-0.0042,0.0031,-1.7103,0.7152,650,-166
24.240,2.8,0.376,0.141,0.039,125,3,84.7,3282,0.0039,-0.0546,5.5642,-0.4503,-125,2991,3174,0.0020,0.0407,5.5676,0.2260,69,74,2969,-0.0021,-0.0068,5.3677,-0.3673,318,-2210,2881,-0.0041,0.0078,5.3708,0.7037,740,123
24.260,2.9,3.588,0.143,0.004,128,3,84.7,3256,0.0035,0.0025,-1.5497,-0.3957,35,2896,3199,0.0024,0.0459,-1.7338,0.2777,9,291,2942,-0.0028,-0.0064,8.5027,-0.4737,272,-1344,2895,-0.0038,0.0208,9.5215,0.6507,803,1011
24.280,2.9,4.558,0.146,-0.011,130,3,84.7,3231,0.0030,0.0482,-6.6736,-0.3448,-66,2391,3226,0.0029,0.0380,-7.6670,0.3334,-50,-402,2917,-0.0033,0.0033,6.7811,-0.5674,269,-325,2913,-0.0034,0.0288,7.8924,0.5845,798,1789
24.300,3.0,3.142,0.147,0.000,132,3,84.7,3222,0.0029,-0.0003,-8.2099,-0.3267,-148,1426,3239,0.0031,0.0201,-9.1216,0.3606,-107,-1440,2905,-0.0036,0.0041,1.8282,-0.6147,309,202,2918,-0.0033,0.0148,2.0064,0.5638,750,2028
24.320,3.0,0.312,0.147,0.028,133,3,84.7,3232,0.0030,-0.0356,-5.9492,-0.3465,-119,395,3231,0.0030,-0.0074,-6.0371,0.3451,-133,-2096,2910,-0.0035,0.0022,-4.0158,-0.5947,370,-2,2909,-0.0035,-0.0054,-4.0783,0.5967,688,1733
24.340,3.1,-2.274,0.145,0.055,135,3,84.7,3252,0.0034,-0.0442,-1.1406,-0.3874,-55,-99,3211,0.0026,-0.0213,-1.0531,0.3030,-67,-2215,2927,-0.0031,0.0062,-7.5234,-0.5300,421,-738,2894,-0.0038,-0.0026,-7.0538,0.6566,642,965
24.360,3.1,-3.285,0.144,0.063,145,3,84.7,3270,0.0037,-0.0294,3.6987,-0.4262,-4,116,3191,0.0023,0.0036,3.3510,0.2621,-11,-1888,2945,-0.0027,0.0096,-6.6157,-0.4612,430,-1463,2880,-0.0041,0.0040,-6.0023,0.7074,631,93
24.380,3.1,-2.597,0.144,0.048,188,3,84.6,3276,0.0038,-0.0012,4.1511,-135.3495,25,499,3185,0.0022,0.0198,4.1051,-105.7515,-28,-1394,2954,-0.0025,-0.0162,-2.0461,-0.4277,102,-1745,2879,-0.0041,-0.0355,-1.8689,0.7115,161,-362
24.400,3.1,-1.138,0.145,0.015,269,2,84.4,3266,0.0036,0.0210,2.4318,-273.1693,14,725,3198,0.0024,0.0086,3.1722,-214.0296,-69,-932,2945,-0.0027,0.0997,3.1966,-0.4594,57,-1492,2889,-0.0039,0.1716,3.0995,0.6740,179,-213
24.420,3.2,-0.536,0.145,-0.020,176,2,84.6,3245,0.0033,0.0363,0.3636,-388.0290,-90,697,3224,0.0029,-0.0011,1.7094,-304.2561,-124,-631,2924,-0.0031,-0.1579,5.5083,-0.5391,652,-809,2907,-0.0035,-0.1450,5.4266,0.6050,1421,370
24.440,3.3,-1.237,0.145,-0.041,238,2,84.5,3221,0.0028,-0.0021,-3.2865,-627.7263,-127,153,3250,0.0033,-0.0279,-1.1583,-492.5757,-85,-754,2905,-0.0036,0.0972,4.6879,-0.6130,609,-122,2929,-0.0030,0.1672,4.5606,0.5234,974,926
24.460,3.4,-3.191,0.142,-0.041,204,2,84.6,3207,0.0026,-0.0223,-1.4656,-627.6968,-88,-164,3265,0.0036,-0.0083,0.1385,-492.5432,-31,-738,2894,-0.0038,-0.0391,1.3180,-0.6551,473,229,2942,-0.0027,-0.0759,1.2389,0.4724,1008,1134
24.480,3.4,-5.482,0.140,-0.028,230,2,84.5,3205,0.0025,-0.0195,-2.8944,-871.9965,-50,-685,3264,0.0036,0.0112,-1.2668,-684.4985,-44,-938,2898,-0.0037,0.0272,-2.4707,-0.6414,717,100,2946,-0.0027,0.0686,-2.1452,0.4559,1043,929
24.500,3.5,-7.355,0.138,-0.012,221,2,84.5,3211,0.0026,-0.0066,0.5311,-872.0090,-5,-729,3251,0.0034,0.0126,1.1142,-684.5255,-89,-813,2907,-0.0035,0.0025,-4.8333,-0.6049,622,-378,2940,-0.0028,-0.0211,-3.9889,0.4786,857,435
24.520,3.5,-8.247,0.136,-0.005,230,2,84.5,3219,0.0028,0.0145,-1.0486,-1140.2260,-29,-957,3237,0.0031,-0.0059,-0.3622,-895.2830,-103,-905,2918,-0.0033,0.0185,-4.5172,-0.5640,731,-893,2933,-0.0030,0.0211,-3.5751,0.5078,987,-112
24.540,3.6,-8.371,0.136,-0.012,232,2,84.5,3223,0.0029,0.0136,1.6127,-1140.2330,-87,-792,3230,0.0030,-0.0103,1.8581,-895.2969,-68,-659,2925,-0.0031,0.0172,-1.8309,-0.5379,657,-1134,2931,-0.0030,0.0100,-1.4328,0.5135,893,-401
24.560,3.7,-8.256,0.135,-0.031,233,2,84.5,3218,0.0028,-0.0072,-1.0615,-1404.7430,-105,-956,3235,0.0031,-0.0039,-0.0845,-1103.1230,-35,-711,2921,-0.0032,0.0061,1.2857,-0.5512,671,-1018,2935,-0.0029,0.0090,0.9495,0.4989,978,-361
24.580,3.8,-8.560,0.135,-0.055,239,2,84.5,3205,0.0025,-0.0145,0.7996,-1404.7150,-54,-861,3250,0.0033,0.0071,1.5779,-1103.0930,-53,-485,2912,-0.0034,0.0110,3.2754,-0.5876,648,-624,2948,-0.0026,0.0221,2.5526,0.4476,943,-51
24.600,3.8,-9.776,0.134,-0.069,240,2,84.5,3188,0.0022,0.0025,-2.5801,-1732.4910,-26,-1217,3268,0.0037,0.0025,-1.5136,-1360.6200,-103,-764,2899,-0.0037,0.0039,3.0447,-0.6358,672,-173,2964,-0.0023,0.0142,2.3985,0.3879,945,315
24.620,3.8,-12.087,0.137,-0.071,242,2,84.5,3179,0.0021,0.0084,-2.9398,-1979.0100,-75,-1634,3279,0.0039,-0.0088,-2.7279,-1554.3070,-103,-1240,2892,-0.0039,0.0113,1.1444,-0.6624,737,98,2974,-0.0020,0.0182,0.8054,0.3504,907,502
24.640,3.9,-14.696,0.141,-0.065,240,2,84.5,3180,0.0021,-0.0092,1.5779,-1979.0130,-85,-1515,3283,0.0040,-0.0053,-0.2990,-1554.2980,-70,-1272,2889,-0.0039,0.0076,-1.5252,-0.6757,772,49,2973,-0.0021,0.0067,-1.1242,0.3549,856,404
24.660,3.9,-16.744,0.145,-0.058,239,2,84.5,3188,0.0022,-0.0101,0.9196,-2248.5100,-53,-1455,3282,0.0039,0.0021,-2.0318,-1766.0350,-60,-1554,2887,-0.0040,0.0097,-3.3205,-0.6816,818,-261,2964,-0.0023,0.0079,-2.2112,0.3869,837,96
24.680,3.9,-17.886,0.149,-0.058,239,2,84.5,3196,0.0024,0.0030,3.9822,-2248.5260,-36,-943,3280,0.0039,0.0040,-0.2335,-1766.0390,-71,-1482,2886,-0.0040,0.0098,-2.9390,-0.6870,820,-596,2955,-0.0025,0.0068,-1.9606,0.4243,808,-223
24.700,4.0,-18.229,0.152,-0.066,239,2,84.5,3200,0.0024,0.0081,1.0269,-2529.2480,-60,-795,3283,0.0040,-0.0025,-2.7352,-1986.5940,-92,-1798,2881,-0.0041,0.0101,-0.7430,-0.7067,819,-719,2949,-0.0026,0.0086,-0.6400,0.4472,825,-363
24.720,4.0,-18.412,0.155,-0.080,240,2,84.5,3196,0.0024,0.0011,2.4983,-2529.2410,-90,-418,3291,0.0041,-0.0068,-1.4552,-1986.5770,-64,-1847,2871,-0.0043,0.0071,1.6729,-0.7436,797,-562,2948,-0.0026,0.0086,0.9573,0.4486,821,-249
24.740,4.1,-18.636,0.158,-0.096,241,2,84.5,3187,0.0022,-0.0084,3.3576,-2528.1560,-70,110,3302,0.0043,-0.0004,-0.5685,-1985.7160,-50,-1708,2859,-0.0046,0.0044,3.3896,-0.7893,785,-158,2953,-0.0025,0.0097,1.8646,0.4308,817,40
24.760,4.2,-19.001,0.159,-0.104,245,2,84.5,3179,0.0021,-0.0040,3.4693,-2527.5600,-39,652,3317,0.0046,0.0019,-0.8608,-1985.2320,-54,-1572,2845,-0.0049,0.0044,2.9248,-0.8422,783,242,2958,-0.0024,0.0118,1.6815,0.4099,806,338
24.780,4.2,-19.410,0.157,-0.101,250,2,84.5,3172,0.0019,0.0036,2.5062,-2527.5470,-40,1016,3322,0.0047,0.0005,-1.5367,-1985.2220,-62,-1524,2838,-0.0051,0.0052,1.2793,-0.8682,803,465,2961,-0.0023,0.0124,0.5921,0.4005,786,479
24.800,4.3,-19.710,0.155,-0.087,255,2,84.5,3171,0.0019,0.0023,1.4106,-2526.5460,-61,1194,3316,0.0046,-0.0015,-2.4603,-1984.4490,-58,-1623,2841,-0.0050,0.0100,-0.4851,-0.8568,828,472,2960,-0.0024,0.0118,-0.4047,0.4044,766,454
24.820,4.3,-19.737,0.150,-0.071,261,2,84.5,3176,0.0020,-0.0040,0.2481,-2526.5560,-61,1190,3301,0.0043,-0.0009,-3.3211,-1984.4790,-51,-1853,2849,-0.0048,0.0137,-1.8751,-0.8264,839,277,2952,-0.0025,0.0094,-1.2725,0.4343,757,255
24.840,4.4,-19.499,0.144,-0.059,267,2,84.4,3181,0.0021,-0.0030,-0.5908,-2525.4820,-49,1046,3283,0.0040,-0.0001,-3.8342,-1983.6650,-55,-2128,2863,-0.0045,0.0194,-1.5248,-0.7728,847,81,2946,-0.0026,0.0110,-1.2172,0.4554,764,39
24.860,4.4,-19.276,0.141,-0.054,271,2,84.4,3182,0.0021,0.0010,-1.1871,-2525.4830,-50,785,3267,0.0037,-0.0011,-3.9280,-1983.6990,-56,-2370,2875,-0.0042,0.0207,-0.6550,-0.7295,839,-28,2944,-0.0027,0.0106,-0.5033,0.4636,776,-61
24.880,4.5,-19.292,0.141,-0.056,272,2,84.4,3181,0.0021,0.0014,-0.9478,-2524.2700,-63,539,3258,0.0035,-0.0012,-3.5261,-1982.7650,-63,-2525,2880,-0.0041,0.0160,0.4577,-0.7082,831,0,2943,-0.0027,0.0090,0.0561,0.4672,787,-58
24.900,4.6,-19.688,0.141,-0.060,275,2,84.4,3179,0.0021,-0.0020,-0.2193,-2524.2650,-63,402,3260,0.0035,-0.0020,-3.1202,-1982.7610,-65,-2613,2879,-0.0041,0.0145,1.0229,-0.7118,835,114,2946,-0.0027,0.0115,0.4966,0.4581,793,40
24.920,4.6,-20.370,0.143,-0.064,275,2,84.4,3175,0.0020,-0.0021,0.7423,-2523.2570,-58,425,3262,0.0036,-0.0007,-2.5606,-1981.9690,-60,-2622,2876,-0.0042,0.0103,1.0433,-0.7232,838,249,2947,-0.0026,0.0095,0.4920,0.4513,781,154
24.940,4.6,-21.122,0.145,-0.063,277,2,84.4,3174,0.0020,-0.0010,1.5603,-2523.2550,-51,594,3266,0.0036,0.0002,-2.1683,-1981.9620,-64,-2575,2872,-0.0043,0.0090,0.3342,-0.7399,850,309,2947,-0.0026,0.0098,0.1908,0.4535,771,219
24.960,4.7,-21.691,0.148,-0.061,280,2,84.4,3177,0.0020,0.0006,1.9766,-2522.4730,-57,839,3268,0.0037,-0.0011,-2.0110,-1981.3390,-63,-2500,2870,-0.0043,0.0109,-0.0790,-0.7465,860,317,2945,-0.0027,0.0104,-0.1608,0.4611,753,216
24.980,4.7,-21.939,0.150,-0.060,281,2,84.4,3182,0.0021,-0.0013,1.8543,-2522.4850,-59,1067,3271,0.0037,-0.0012,-2.1885,-1981.3340,-59,-2444,2868,-0.0044,0.0073,-0.1623,-0.7536,853,300,2941,-0.0028,0.0064,-0.5041,0.4770,744,142
25.000,4.8,-21.890,0.150,-0.060,288,2,84.4,3185,0.0022,-0.0020,1.4320,-2521.5720,-52,1221,3272,0.0037,-0.0009,-2.4561,-1980.6100,-54,-2422,2866,-0.0044,0.0137,-0.3513,-0.7618,863,245,2937,-0.0029,0.0128,-0.4506,0.4911,751,69
25.020,4.8,-21.715,0.149,-0.060,289,2,84.4,3184,0.0021,0.0001,0.7464,-2521.5690,-51,1254,3270,0.0037,-0.0002,-2.7738,-1980.6140,-51,-2441,2866,-0.0044,0.0094,-0.1621,-0.7633,840,210,2936,-0.0029,0.0065,0.0123,0.4935,746,82
25.040,4.9,-21.562,0.150,-0.065,296,2,84.4,3181,0.0021,0.0001,0.1882,-2520.4220,-57,1186,3268,0.0037,-0.0008,-2.9329,-1979.7220,-61,-2482,2865,-0.0045,0.0142,0.4219,-0.7667,856,247,2936,-0.0029,0.0140,0.0541,0.4970,764,102
25.060,5.0,-21.633,0.151,-0.068,298,2,84.4,3178,0.0020,-0.0014,-0.2700,-2519.8490,-67,1035,3271,0.0037,-0.0018,-3.1613,-1979.2710,-57,-2553,2860,-0.0046,0.0075,0.1440,-0.7871,842,259,2936,-0.0029,0.0089,0.0143,0.4962,750,122
25.080,5.0,-21.888,0.151,-0.070,303,2,84.4,3178,0.0020,-0.0039,-0.2745,-2519.8510,-57,877,3276,0.0038,-0.0005,-3.2259,-1979.2610,-55,-2629,2859,-0.0046,0.0153,0.1441,-0.7887,870,276,2939,-0.0028,0.0139,-0.0631,0.4844,758,132
25.100,5.1,-22.297,0.151,-0.070,305,2,84.4,3181,0.0021,-0.0011,0.0430,-2518.8430,-37,774,3282,0.0039,-0.0004,-3.1559,-1978.4510,-63,-2686,2861,-0.0045,0.0145,-0.0609,-0.7817,864,273,2943,-0.0027,0.0103,-0.0717,0.4682,741,144
25.120,5.1,-22.755,0.151,-0.069,325,2,84.3,3184,0.0021,0.0038,0.3830,-2518.8480,-49,735,3284,0.0040,-0.0012,-2.9536,-1978.4460,-61,-2711,2864,-0.0045,-0.0305,-0.2908,-0.7718,792,245,2946,-0.0027,-0.0353,-0.1620,0.4580,590,139
25.140,5.1,-23.000,0.155,-0.074,389,2,84.2,3187,0.0022,0.0007,1.1828,-2517.9980,-58,814,3286,0.0040,-0.0011,-2.3130,-1977.7700,-48,-2668,2866,-0.0044,0.0145,0.0137,-0.7629,402,240,2947,-0.0026,-0.0100,-0.2714,0.4536,-129,97
25.160,5.1,-23.348,0.161,-0.079,495,1,84.0,3191,0.0023,-0.0030,1.8958,-2518.0060,-52,978,3297,0.0042,0.0000,-1.9790,-1977.7470,-42,-2603,2861,-0.0045,0.1172,0.1413,-0.7798,-232,268,2948,-0.0026,-0.0124,-0.3216,0.4482,37,74
25.180,5.0,-23.425,0.166,-0.077,602,1,83.8,3198,0.0024,-0.0013,2.2598,-2518.4750,-46,1228,3311,0.0045,-0.0009,-1.7981,-1978.0740,-60,-2504,2855,-0.0047,-0.0792,-0.0315,-0.8062,-355,260,2947,-0.0026,0.0181,0.0130,0.4518,5,103
25.200,5.0,-23.227,0.170,-0.077,708,1,83.5,3204,0.0025,-0.0013,2.2782,-2518.4890,-40,1473,3316,0.0045,-0.0013,-1.8167,-1978.0640,-20,-2397,2851,-0.0048,-0.1181,0.0091,-0.8200,48,247,2942,-0.0027,0.0067,-0.0554,0.4720,-87,104
25.220,5.0,-22.876,0.174,-0.076,815,1,83.8,3211,0.0026,-0.0001,2.0238,-2518.9950,-39,1650,3321,0.0046,0.0041,-2.0295,-1978.4400,-38,-2330,2847,-0.0049,0.0368,0.0103,-0.8358,245,239,2937,-0.0029,-0.0128,0.0817,0.4906,-81,134
25.240,5.0,-22.422,0.177,-0.079,926,1,91.6,3214,0.0027,0.0010,1.4557,-2519.0000,-42,1714,3323,0.0047,-0.0016,-2.1417,-1978.4350,-61,-2287,2843,-0.0049,0.1025,0.1184,-0.8505,-84,251,2933,-0.0030,-0.0076,0.1064,0.5072,9,169
25.260,4.9,-21.969,0.179,-0.082,1049,1,100.0,3215,0.0027,0.0001,0.7690,-2519.4250,-47,1678,3328,0.0048,-0.0042,-2.5911,-1978.7570,-36,-2319,2838,-0.0051,-0.0250,0.5661,-0.8698,-275,314,2931,-0.0030,0.0118,0.0777,0.5156,-10,192
25.280,4.9,-21.690,0.178,-0.081,1182,1,109.2,3214,0.0027,-0.0020,0.3025,-2519.5930,-48,1572,3332,0.0048,0.0013,-2.9451,-1978.8820,-32,-2400,2833,-0.0052,-0.0854,0.2226,-0.8870,-39,336,2930,-0.0030,0.0047,0.1135,0.5198,-76,222
25.300,4.9,-21.638,0.179,-0.079,1328,1,119.2,3211,0.0026,-0.0023,0.1804,-2519.5860,-43,1431,3328,0.0048,0.0010,-2.9193,-1978.8900,-49,-2467,2832,-0.0052,0.0085,0.0839,-0.8928,162,349,2927,-0.0031,-0.0099,-0.0559,0.5284,-68,228
25.320,4.9,-21.626,0.179,-0.080,1477,1,129.7,3213,0.0027,-0.0006,0.5767,-2519.5890,-37,1356,3327,0.0048,-0.0022,-2.9570,-1978.8920,-51,-2533,2831,-0.0052,0.2435,-0.2025,-0.8958,617,322,2925,-0.0031,0.0590,-0.0217,0.5387,77,238
25.340,5.0,-21.672,0.175,-0.078,1569,1,133.7,3211,0.0026,0.0026,-0.5058,-2519.5840,-67,1183,3325,0.0047,-0.0026,-3.4789,-1978.8950,-76,-2622,2829,-0.0052,0.0564,-0.1662,-0.9020,1178,297,2923,-0.0032,0.0738,-0.3060,0.5437,1563,179
25.360,5.1,-22.105,0.163,-0.073,1588,1,134.3,3204,0.0025,-0.0032,-1.4808,-2519.5710,-97,887,3316,0.0045,-0.0041,-4.0631,-1978.9150,-89,-2743,2831,-0.0052,0.1310,-0.6832,-0.8949,2327,182,2923,-0.0032,0.2386,-0.5754,0.5453,2914,58
25.380,5.4,-22.933,0.153,-0.067,1582,1,134.2,3190,0.0023,-0.0044,-2.2040,-2519.5430,-80,434,3295,0.0042,0.0012,-4.5545,-1978.9580,-74,-2892,2845,-0.0049,-0.0278,-0.8632,-0.8439,1945,121,2931,-0.0030,-0.0029,-0.6470,0.5159,3022,3
25.400,5.6,-24.099,0.140,-0.056,1580,1,134.1,3178,0.0020,-0.0013,-2.0176,-2519.5170,-59,-6,3274,0.0038,-0.0008,-4.5088,-1979.0020,-108,-3005,2855,-0.0047,0.0953,-1.4617,-0.8031,2088,-34,2934,-0.0029,0.0542,-0.9523,0.5030,2707,-100
25.420,5.8,-25.167,0.131,-0.059,1579,1,134.1,3166,0.0018,0.0032,-1.2997,-2513.3140,-69,-277,3247,0.0033,-0.0030,-3.8676,-1974.2040,-84,-3033,2872,-0.0043,0.0579,-1.0821,-0.7409,2088,-146,2938,-0.0028,0.0769,-0.9621,0.4882,2815,-202
25.440,6.0,-26.345,0.128,-0.071,1579,1,134.1,3155,0.0016,0.0019,-0.7063,-2513.2900,-95,-399,3240,0.0032,0.0008,-3.3974,-1974.2190,-94,-3028,2879,-0.0042,0.0505,-0.7764,-0.7142,2058,-216,2948,-0.0026,0.0573,-0.6583,0.4476,2731,-257
25.460,6.2,-27.458,0.124,-0.083,1579,1,134.1,3145,0.0014,-0.0033,0.0611,-2513.2690,-92,-320,3246,0.0033,-0.0021,-3.2701,-1974.2050,-95,-3018,2876,-0.0042,0.0327,-0.5532,-0.7227,2118,-251,2960,-0.0024,0.0705,-0.4635,0.4040,2742,-267
25.480,6.4,-28.471,0.119,-0.094,1579,1,134.1,3135,0.0013,-0.0027,0.3333,-2507.2940,-75,-171,3255,0.0034,-0.0014,-2.9798,-1969.5090,-88,-2976,2876,-0.0042,0.0505,-0.1854,-0.7227,2099,-233,2974,-0.0020,0.0672,-0.2475,0.3493,2703,-237
25.500,6.6,-29.351,0.116,-0.108,1579,1,134.1,3123,0.0011,0.0002,0.4381,-2507.2700,-68,7,3259,0.0035,-0.0004,-2.8473,-1969.5000,-86,-2914,2877,-0.0042,0.0374,0.1975,-0.7206,2128,-153,2988,-0.0017,0.0643,-0.1513,0.2975,2709,-182
25.520,6.8,-30.211,0.113,-0.118,1579,1,134.1,3110,0.0008,0.0010,0.3968,-2503.1970,-96,175,3266,0.0037,-0.0012,-2.8433,-1966.3050,-92,-2852,2873,-0.0043,0.0308,-0.0786,-0.7372,2125,-105,3000,-0.0015,0.0598,-0.1129,0.2498,2688,-116
25.540,7.0,-30.993,0.110,-0.131,1579,1,134.1,3103,0.0007,-0.0040,0.0337,-2503.1810,-81,243,3273,0.0038,-0.0016,-3.0321,-1966.2920,-84,-2821,2873,-0.0043,0.0512,-0.0530,-0.7362,2153,-51,3012,-0.0012,0.0661,-0.3232,0.2038,2683,-95
25.560,7.3,-31.785,0.105,-0.140,1579,1,134.1,3095,0.0005,-0.0012,-0.2982,-2499.0590,-52,230,3283,0.0040,-0.0011,-3.3670,-1963.0450,-87,-2842,2871,-0.0043,0.0328,-0.3614,-0.7424,2139,-43,3025,-0.0009,0.0566,-0.4869,0.1548,2668,-108
25.580,7.5,-32.568,0.097,-0.147,1579,1,134.1,3085,0.0004,0.0027,-0.5663,-2496.9770,-82,149,3287,0.0040,-0.0010,-3.5630,-1961.4170,-83,-2883,2873,-0.0043,0.0536,-0.6696,-0.7344,2174,-84,3038,-0.0006,0.0650,-0.6505,0.1051,2666,-154
25.600,7.7,-33.373,0.089,-0.151,1579,1,134.1,3076,0.0002,-0.0017,-0.8484,-2496.9570,-74,2,3288,0.0040,-0.0009,-3.7350,-1961.4150,-86,-2938,2882,-0.0041,0.0585,-0.8015,-0.7029,2161,-145,3055,-0.0002,0.0657,-0.6973,0.0401,2635,-207
25.620,7.9,-34.170,0.082,-0.155,1579,1,134.1,3068,0.0000,-0.0005,-0.8484,-2492.8780,-67,-126,3286,0.0040,-0.0010,-3.7294,-1958.2280,-85,-2977,2891,-0.0039,0.0514,-0.8496,-0.6664,2191,-211,3069,0.0001,0.0583,-0.7463,-0.0140,2647,-263
25.640,8.1,-34.999,0.079,-0.164,1579,1,134.1,3062,-0.0001,0.0004,-0.9416,-2492.8660,-76,-266,3286,0.0040,-0.0011,-3.7104,-1958.2270,-88,-3008,2901,-0.0037,0.0609,-0.6188,-0.6292,2194,-232,3084,0.0004,0.0630,-0.7018,-0.0702,2622,-301
25.660,8.3,-35.907,0.078,-0.174,1579,1,134.1,3057,-0.0002,-0.0008,-0.8945,-2488.8210,-87,-365,3293,0.0041,-0.0014,-3.6562,-1955.0440,-90,-3028,2902,-0.0036,0.0330,-0.6825,-0.6241,2209,-257,3095,0.0007,0.0486,-0.6834,-0.1128,2626,-320
25.680,8.5,-36.899,0.084,-0.184,1579,1,134.1,3052,-0.0002,-0.0023,-0.7463,-2488.8110,-72,-408,3302,0.0043,-0.0016,-3.5364,-1955.0240,-88,-3032,2900,-0.0037,0.0433,-0.5727,-0.6324,2228,-250,3105,0.0009,0.0539,-0.5161,-0.1495,2616,-286
25.700,8.7,-37.888,0.090,-0.190,1579,1,134.1,3052,-0.0003,-0.0002,-0.5653,-2484.8300,-69,-374,3316,0.0046,-0.0012,-3.6144,-1951.8670,-88,-3045,2888,-0.0040,0.0046,-0.8473,-0.6794,2256,-287,3104,0.0009,0.0339,-0.7216,-0.1477,2613,-308
25.720,8.9,-38.752,0.092,-0.201,1579,1,134.1,3053,-0.0002,-0.0003,-0.7259,-2484.8330,-95,-390,3327,0.0047,-0.0014,-3.6422,-1951.8460,-89,-3058,2877,-0.0042,0.0360,-0.8161,-0.7196,2256,-318,3101,0.0008,0.0442,-0.8052,-0.1352,2609,-349
25.740,9.1,-39.629,0.092,-0.204,1579,1,134.1,3048,-0.0003,-0.0032,-0.7402,-2480.8540,-73,-395,3337,0.0049,-0.0028,-3.6024,-1948.7060,-98,-3061,2869,-0.0044,0.0325,-0.7807,-0.7496,2266,-333,3106,0.0009,0.0501,-0.7320,-0.1546,2572,-362
25.760,9.3,-40.366,0.092,-0.212,1579,1,134.1,3040,-0.0005,-0.0003,-0.7430,-2480.8380,-59,-391,3334,0.0049,0.0003,-3.6778,-1948.7120,-62,-3064,2862,-0.0045,0.0229,-0.9125,-0.7793,2287,-370,3103,0.0008,0.0330,-0.8524,-0.1409,2591,-399
25.780,9.6,-41.089,0.096,-0.223,1579,1,134.1,3033,-0.0006,0.0009,-0.9184,-2476.8010,-79,-442,3338,0.0050,0.0000,-3.5470,-1945.5430,-99,-3052,2857,-0.0046,0.0542,-0.7657,-0.7959,2283,-375,3107,0.0009,0.0578,-0.7569,-0.1574,2554,-406
25.800,9.8,-41.916,0.102,-0.237,1579,1,134.1,3030,-0.0006,-0.0018,-1.0280,-2476.7950,-108,-509,3351,0.0052,-0.0029,-3.7202,-1945.5160,-91,-3075,2847,-0.0049,0.0100,-0.7080,-0.8342,2319,-354,3110,0.0010,0.0324,-0.7485,-0.1695,2551,-396
25.820,10.0,-42.814,0.108,-0.246,1579,1,134.1,3026,-0.0007,-0.0044,-1.0358,-2472.7680,-55,-564,3367,0.0055,-0.0012,-3.8327,-1942.3260,-79,-3112,2832,-0.0052,0.0345,-0.9381,-0.8931,2325,-376,3110,0.0010,0.0475,-0.8392,-0.1712,2548,-411
25.840,10.2,-43.735,0.112,-0.248,1579,1,134.1,3024,-0.0007,0.0015,-1.1635,-2472.7640,-56,-639,3378,0.0057,-0.0007,-3.9160,-1942.3020,-90,-3148,2819,-0.0055,0.0182,-1.1670,-0.9433,2343,-431,3108,0.0009,0.0328,-0.8570,-0.1621,2529,-424
25.860,10.4,-44.538,0.114,-0.257,1579,1,134.1,3025,-0.0007,0.0004,-1.1315,-2468.8350,-102,-690,3383,0.0058,-0.0013,-3.8450,-1939.2050,-85,-3161,2811,-0.0057,0.0464,-1.1538,-0.9739,2334,-483,3103,0.0008,0.0442,-1.0643,-0.1441,2525,-499
25.880,10.6,-45.383,0.114,-0.260,1579,1,134.1,3021,-0.0008,-0.0037,-1.2563,-2468.8260,-77,-760,3390,0.0059,-0.0021,-3.9591,-1939.1890,-96,-3187,2804,-0.0058,0.0343,-1.0792,-1.0009,2353,-503,3106,0.0009,0.0422,-0.9253,-0.1551,2502,-511
25.900,10.8,-46.133,0.115,-0.269,1579,1,134.1,3013,-0.0010,-0.0006,-1.2252,-2464.8760,-51,-799,3388,0.0059,-0.0002,-3.8508,-1936.1030,-68,-3183,2797,-0.0060,0.0396,-1.1844,-1.0269,2363,-541,3103,0.0008,0.0391,-1.0807,-0.1443,2502,-565
25.920,11.0,-46.897,0.110,-0.272,1579,1,134.1,3008,-0.0010,0.0015,-1.3539,-2464.8650,-73,-861,3395,0.0060,-0.0016,-4.0061,-1936.0880,-105,-3207,2791,-0.0061,0.0443,-1.1795,-1.0486,2366,-570,3108,0.0009,0.0468,-1.0517,-0.1606,2480,-598
25.940,11.2,-47.625,0.108,-0.280,1579,1,134.1,3000,-0.0012,-0.0014,-1.3715,-2460.9040,-98,-917,3392,0.0059,-0.0010,-3.9738,-1932.9950,-66,-3214,2794,-0.0060,0.0577,-0.9910,-1.0378,2357,-558,3114,0.0011,0.0483,-1.0211,-0.1860,2468,-607
25.960,11.4,-48.461,0.107,-0.288,1579,1,134.1,2991,-0.0014,-0.0026,-1.4202,-2460.8850,-57,-967,3395,0.0060,-0.0005,-4.0680,-1932.9890,-97,-3232,2791,-0.0061,0.0403,-0.9195,-1.0474,2399,-516,3122,0.0012,0.0418,-1.0326,-0.2141,2461,-608
25.980,11.6,-43.843,0.099,-0.289,1579,1,134.1,2983,-0.0015,-0.2381,37.2315,0.1721,-475,3177,3398,0.0060,-0.0702,27.2255,0.6922,-566,3628,2786,-0.0062,0.0308,-1.0616,-1.0692,2254,-554,3125,0.0013,0.0536,-1.0412,-0.2273,2486,-623
26.000,11.8,-38.200,0.091,-0.277,1579,1,134.1,2967,-0.0018,0.0663,31.9782,0.2050,-344,2955,3384,0.0058,0.0486,24.2105,0.6627,40,3446,2789,-0.0061,0.0435,-0.9686,-1.0568,2234,-549,3130,0.0014,0.0511,-0.8540,-0.2449,2626,-553
26.020,11.9,-32.903,0.084,-0.255,1579,1,134.1,2960,-0.0019,0.0388,27.0069,0.2199,79,2850,3359,0.0053,-0.0299,21.1297,0.6105,52,3303,2800,-0.0059,0.0407,-0.7310,-1.0148,2107,-518,3126,0.0013,0.0477,-0.6432,-0.2309,2651,-464
26.040,12.1,-27.733,0.075,-0.232,1579,1,134.1,2962,-0.0019,-0.0733,22.4082,0.2169,-39,2813,3328,0.0048,-0.0317,18.1560,0.5476,-139,3238,2815,-0.0056,0.0390,-0.3846,-0.9572,2105,-408,3115,0.0011,0.0480,-0.5639,-0.1896,2771,-385
26.060,12.3,-22.947,0.066,-0.199,1579,1,134.1,2962,-0.0019,-0.0560,18.0155,0.2160,-229,2809,3296,0.0042,0.0091,15.2736,0.4794,-100,3222,2832,-0.0052,0.0435,-0.4692,-0.8915,2012,-352,3105,0.0009,0.0532,-0.4474,-0.1516,2803,-307
26.080,12.5,-18.342,0.056,-0.165,1579,1,134.1,2973,-0.0017,0.0139,14.1228,0.1937,-187,2861,3259,0.0035,0.0032,12.2939,0.4026,-6,3234,2859,-0.0046,0.0407,-0.3446,-0.7903,1988,-280,3093,0.0006,0.0539,-0.3472,-0.1041,2899,-225
26.100,12.8,-13.833,0.051,-0.132,1579,1,134.1,2983,-0.0015,0.0132,10.4106,0.1722,-39,2946,3221,0.0028,-0.0152,9.2929,0.3232,-51,3268,2888,-0.0040,0.0430,-0.2098,-0.6795,1923,-199,3082,0.0004,0.0592,-0.2436,-0.0636,2922,-154
26.120,13.0,-9.256,0.047,-0.103,1579,1,134.1,2999,-0.0012,-0.0265,6.7994,0.1394,-92,3054,3189,0.0022,-0.0012,6.2680,0.2575,-100,3324,2910,-0.0035,0.0318,-0.1433,-0.5948,1884,-136,3066,0.0000,0.0600,-0.2110,-0.0006,3028,-112
26.140,13.2,-4.770,0.042,-0.070,1562,1,134.1,3015,-0.0009,-0.0035,3.4108,0.1050,-197,3177,3164,0.0018,0.0034,3.3165,0.2046,-21,3392,2931,-0.0030,0.0364,-0.1699,-0.5131,1831,-111,3053,-0.0003,0.0681,-0.1272,0.0487,3049,-76
26.160,13.5,-0.230,0.040,-0.035,1584,1,133.9,3038,-0.0005,0.0073,0.3550,0.0581,-43,3300,3138,0.0013,-0.0068,0.3540,0.1512,-74,3406,2959,-0.0024,0.0292,-0.0026,-0.4063,1660,-59,3041,-0.0005,0.0517,-0.0628,0.0923,3008,-53
26.180,13.7,4.201,0.040,-0.002,1622,1,135.2,3063,0.0000,-0.0083,-2.4042,0.0057,-186,3211,3113,0.0009,0.0040,-2.4669,0.0997,-30,3139,2985,-0.0018,0.0323,0.0865,-0.3096,1683,-7,3026,-0.0009,0.0749,0.1688,0.1516,3047,11
26.200,14.0,7.442,0.042,0.031,1658,1,136.2,3095,0.0005,-0.0021,-4.3773,-0.0619,-15,1969,3098,0.0006,-0.0021,-4.5907,0.0676,-115,1578,3012,-0.0012,0.0317,0.2017,-0.2061,1676,65,3014,-0.0011,0.0841,0.2377,0.1974,3132,61
26.220,14.2,7.222,0.046,0.060,1689,1,137.1,3129,0.0011,0.0060,-4.4110,-0.1313,-27,-587,3084,0.0003,-0.0057,-4.5963,0.0385,-104,-872,3034,-0.0007,0.0320,0.1784,-0.1204,1734,122,2998,-0.0015,0.0853,0.1610,0.2596,3174,79
26.240,14.4,3.771,0.046,0.080,1807,1,139.4,3158,0.0017,0.0015,-2.6966,-0.1931,-76,-1791,3072,0.0001,-0.0012,-2.8218,0.0141,-77,-1923,3051,-0.0003,0.1071,-0.0333,-0.0555,1081,133,2981,-0.0019,0.1787,-0.1748,0.3241,3193,44
26.260,14.6,-0.600,0.052,0.100,1851,1,140.6,3180,0.0021,-0.0042,-0.6056,-0.2392,-64,-1780,3066,0.0000,0.0009,-0.6791,0.0003,-99,-1864,3069,0.0001,0.1572,-0.8508,0.0141,845,-198,2975,-0.0020,0.2382,-0.7116,0.3443,3191,-88
26.280,14.8,-3.628,0.058,0.110,1908,1,142.6,3207,0.0026,-0.0013,0.9525,-0.2953,-30,-1074,3063,-0.0001,-0.0010,0.9547,-0.0061,-109,-1125,3079,0.0003,0.0655,-1.1388,0.0515,550,-575,2961,-0.0023,0.2274,-1.2021,0.4007,3190,-192
26.300,15.1,-4.215,0.063,0.107,1933,1,144.2,3226,0.0029,0.0002,1.5452,-0.3346,-99,-64,3068,0.0000,-0.0024,1.4853,0.0052,-95,-131,3082,0.0004,0.0558,-1.1238,0.0639,2710,-690,2953,-0.0025,0.2277,-1.0558,0.4301,3095,-214
26.320,15.4,-3.154,0.065,0.091,1881,1,142.5,3232,0.0030,-0.0012,1.2673,-0.3464,-109,617,3078,0.0002,-0.0012,1.2647,0.0261,-74,553,3078,0.0003,0.0140,-0.6860,0.0454,1962,-825,2952,-0.0025,0.1658,-0.7193,0.4352,3104,-223
26.340,15.6,-1.727,0.066,0.073,1878,1,142.4,3223,0.0029,-0.0019,0.6977,-0.3271,-99,822,3092,0.0005,-0.0009,0.7358,0.0546,-79,785,3065,0.0000,0.0244,-0.3596,-0.0017,2009,-696,2958,-0.0024,0.1154,-0.2909,0.4105,3186,-224
26.360,15.9,-0.450,0.066,0.053,1875,1,142.3,3209,0.0026,-0.0009,0.2627,-0.2979,-99,731,3103,0.0007,-0.0013,0.3386,0.0774,-97,738,3051,-0.0003,0.0207,-0.1097,-0.0545,1821,-517,2965,-0.0022,0.0765,-0.1077,0.3852,3222,-214
26.380,16.2,0.282,0.062,0.033,1894,1,142.8,3192,0.0023,-0.0010,-0.0993,-0.2632,-83,456,3115,0.0009,-0.0020,-0.1020,0.1035,-67,462,3038,-0.0006,0.0218,0.0312,-0.1040,1765,-319,2976,-0.0020,0.0622,0.0661,0.3435,3143,-164
26.400,16.5,0.442,0.057,0.016,1944,1,144.1,3173,0.0020,-0.0004,-0.1938,-0.2247,-82,198,3126,0.0011,-0.0004,0.0239,0.1255,-111,309,3030,-0.0008,0.0271,0.0429,-0.1352,1782,-172,2991,-0.0017,0.0773,0.0719,0.2839,3050,-90
26.420,16.7,0.183,0.050,0.003,1991,1,145.5,3156,0.0016,-0.0008,-0.1241,-0.1889,-92,44,3133,0.0012,-0.0026,-0.1602,0.1400,-65,95,3027,-0.0009,0.0295,-0.0307,-0.1480,1870,-100,3008,-0.0013,0.0922,0.0106,0.2214,3111,-37
26.440,17.0,-0.582,0.043,0.000,2091,1,148.4,3141,0.0014,-0.0020,0.0203,-0.1578,-70,-2,3137,0.0013,0.0001,0.0054,0.1478,-67,22,3029,-0.0008,0.0872,-0.1827,-0.1394,2153,-97,3025,-0.0009,0.1081,-0.2498,0.1544,3277,-54
26.460,17.3,-1.064,0.037,-0.004,2166,1,150.5,3133,0.0012,-0.0001,0.1549,-0.1409,-63,50,3134,0.0012,0.0003,0.1378,0.1419,-86,56,3035,-0.0007,0.0821,-0.3791,-0.1171,2139,-197,3035,-0.0007,0.1551,-0.3830,0.1156,3280,-76
26.480,17.4,-0.851,0.038,0.004,2230,1,109.4,3124,0.0011,0.0030,3.5018,219.0708,-47,1747,3131,0.0012,0.0001,4.5782,279.1092,-74,2142,3040,-0.0006,-0.3366,-0.6174,-0.0989,-3095,-203,3045,-0.0005,0.1215,-0.7026,0.0789,3101,-77
26.500,17.3,0.110,0.050,0.028,2288,1,77.3,3131,0.0012,-0.0035,3.6013,285.7502,-96,2558,3125,0.0011,-0.0038,4.9723,363.9792,-46,2952,3043,-0.0005,0.0911,-1.3616,-0.0854,-3108,-443,3039,-0.0006,0.2868,-1.3079,0.1027,3145,-169
26.520,17.3,2.543,0.065,0.054,2221,1,-28.8,3157,0.0017,-0.0046,3.8357,379.5707,-68,2952,3116,0.0009,-0.0019,5.5571,483.4374,-29,3229,3042,-0.0005,-0.2128,-1.6212,-0.0911,-2889,-800,3008,-0.0013,0.0069,-1.6199,0.2186,3164,-304
26.540,17.2,5.656,0.087,0.081,2215,1,5.4,3190,0.0023,-0.0026,5.4147,561.8574,-75,3284,3112,0.0008,-0.0079,7.9762,715.5173,-36,3365,3038,-0.0006,0.0499,-1.5999,-0.1043,-2978,-909,2975,-0.0020,0.2864,-1.6534,0.3478,3126,-380
26.560,17.1,9.004,0.108,0.106,2168,1,5.7,3230,0.0030,-0.0041,4.0002,561.7728,-75,3330,3113,0.0009,0.0034,6.2725,715.5200,-25,3375,3029,-0.0008,-0.2217,-1.4249,-0.1401,-3084,-867,2933,-0.0029,0.0199,-1.5454,0.5063,3088,-420
26.580,17.1,12.373,0.133,0.135,2270,1,47.5,3271,0.0037,-0.0003,5.6027,749.9628,-63,3458,3118,0.0010,-0.0128,8.7706,955.1520,-8,3387,3019,-0.0010,0.0703,-1.2639,-0.1788,-2945,-975,2894,-0.0038,0.3693,-1.2364,0.6565,2985,-331
26.600,16.9,15.760,0.161,0.157,2208,1,-38.5,3314,0.0045,-0.0079,7.5740,943.8649,-77,3575,3119,0.0010,-0.0028,11.3672,1202.0530,-39,3354,3006,-0.0013,-0.2077,-0.9626,-0.2296,-3010,-862,2846,-0.0049,0.1394,-1.0983,0.8374,2870,-263
26.620,16.8,19.154,0.185,0.173,2208,1,-37.8,3355,0.0053,0.0016,6.2071,943.7784,-62,3620,3129,0.0012,-0.0005,9.6932,1202.0730,-20,3354,2984,-0.0018,0.0965,-0.6890,-0.3135,-2804,-871,2799,-0.0059,0.5494,-0.6551,1.0199,2684,-158
26.640,16.7,22.492,0.208,0.186,2106,1,-37.8,3393,0.0059,-0.0077,8.1220,1132.1520,-66,3667,3144,0.0014,-0.0067,11.9445,1441.9510,-5,3333,2966,-0.0022,-0.1877,-0.3323,-0.3791,-2751,-725,2763,-0.0067,0.3678,-0.4246,1.1558,2528,-97
26.660,16.5,25.792,0.227,0.195,2153,1,-37.4,3426,0.0065,0.0027,6.8278,1132.0830,-75,3701,3159,0.0017,-0.0015,10.2047,1441.9810,-63,3347,2948,-0.0026,0.1074,0.0164,-0.4484,-2385,-586,2730,-0.0075,0.8143,-0.0084,1.2832,2369,-47
26.680,16.4,28.861,0.242,0.203,2190,1,-38.3,3454,0.0071,-0.0097,9.2231,1338.7130,-45,3721,3172,0.0019,-0.0041,13.1336,1705.0690,31,3321,2933,-0.0029,-0.1868,0.3521,-0.5048,-2476,-314,2703,-0.0081,0.6251,0.4144,1.3844,2266,-14
26.700,16.2,31.541,0.253,0.211,2282,1,-38.4,3478,0.0075,-0.0065,11.6458,1538.8600,-58,3702,3185,0.0022,-0.0140,15.9985,1959.8930,-16,3269,2924,-0.0031,0.1087,0.6282,-0.5405,-2083,-63,2685,-0.0085,1.0532,0.7226,1.4555,2183,8
26.720,16.0,33.862,0.260,0.225,2258,1,-38.8,3499,0.0079,0.0019,10.5955,1538.8160,-85,3707,3195,0.0023,-0.0034,14.4146,1959.9120,-76,3259,2920,-0.0032,-0.1982,0.8291,-0.5556,-2389,172,2671,-0.0088,0.7987,0.9002,1.5065,2140,20
26.740,15.9,35.781,0.268,0.237,2321,1,-38.6,3521,0.0083,-0.0077,13.7351,1771.1660,15,3667,3198,0.0024,0.0018,18.2750,2255.6960,45,3200,2923,-0.0032,0.1064,1.1265,-0.5454,-1988,462,2658,-0.0091,1.2070,1.0993,1.5557,2097,29
26.760,15.7,37.439,0.274,0.255,2292,1,-39.1,3541,0.0086,-0.0060,12.7688,1771.1250,-111,3664,3200,0.0024,-0.0172,16.8507,2255.6990,-61,3182,2924,-0.0032,-0.1983,0.9335,-0.5416,-2273,507,2645,-0.0094,0.9326,1.0276,1.6076,2069,30
26.780,15.5,38.916,0.277,0.277,2345,1,-38.8,3562,0.0090,0.0019,14.1528,1897.1600,-5,3650,3194,0.0023,0.0021,18.5548,2416.1520,-13,3146,2928,-0.0031,0.1100,0.9734,-0.5252,-1901,595,2628,-0.0097,1.3469,1.0858,1.6725,2033,29
26.800,15.3,40.357,0.278,0.300,2303,1,-39.2,3582,0.0094,-0.0081,13.3075,1897.1180,-60,3663,3183,0.0021,-0.0074,17.1886,2416.1270,-48,3131,2940,-0.0028,-0.2069,0.9543,-0.4801,-2213,580,2613,-0.0101,1.0524,1.0692,1.7275,2010,28
26.820,15.2,41.775,0.278,0.325,2351,1,-38.8,3601,0.0097,0.0000,12.5501,1899.7690,-62,3693,3169,0.0019,-0.0004,15.9509,2419.5220,-52,3130,2954,-0.0025,0.1131,0.9977,-0.4276,-1832,640,2600,-0.0104,1.4766,1.0813,1.7794,1983,26
26.840,15.0,43.201,0.278,0.348,2303,1,-39.2,3621,0.0101,-0.0014,11.8922,1899.7280,-44,3730,3153,0.0016,0.0008,14.6755,2419.4890,-30,3139,2968,-0.0022,-0.2111,1.0242,-0.3710,-2179,624,2585,-0.0107,1.1631,1.1441,1.8346,1963,26
26.860,15.1,44.629,0.272,0.367,2416,1,72.4,3638,0.0104,-0.0424,-22.0055,-1.1929,-569,-2127,3137,0.0013,-0.1201,-28.3957,0.1491,30,1473,2983,-0.0018,0.1158,1.1116,-0.3140,-1861,705,2574,-0.0109,1.5675,1.2622,1.8797,1942,27
26.880,15.0,37.424,0.259,0.375,2512,1,144.6,3643,0.0105,0.0106,-19.2678,-1.2029,156,-3871,3115,0.0009,0.0454,-24.2767,0.1019,92,-3379,3000,-0.0015,-0.2156,0.8652,-0.2520,-2141,652,2567,-0.0111,1.1241,0.9349,1.9035,1945,25
26.900,14.9,29.609,0.241,0.375,2757,1,162.3,3633,0.0103,-0.0187,-16.2149,-1.1815,-49,-3727,3093,0.0005,-0.0500,-19.6048,0.0575,-74,-3211,3016,-0.0011,0.1238,0.3028,-0.1905,-1755,489,2574,-0.0109,1.3833,0.2566,1.8765,1963,14
26.920,14.8,22.333,0.225,0.361,2693,1,162.7,3610,0.0099,0.0074,-13.1850,-1.1349,-31,-3672,3070,0.0001,-0.0106,-15.3129,0.0094,-197,-3121,3033,-0.0007,-0.2192,-0.2700,-0.1245,-2222,135,2591,-0.0105,0.9295,-0.4058,1.8127,2001,-4
26.940,14.9,16.575,0.205,0.333,2751,1,162.6,3579,0.0093,-0.0091,-10.2999,-1.0703,10,-3672,3060,-0.0001,0.0062,-11.4328,-0.0118,-89,-3130,3039,-0.0006,0.0519,-0.5225,-0.1002,1103,-274,2614,-0.0100,1.3313,-0.5596,1.7234,2012,-19
26.960,14.9,10.658,0.187,0.298,2842,1,164.7,3537,0.0086,-0.0024,-7.2159,-0.9822,-69,-3698,3058,-0.0001,-0.0101,-7.7379,-0.0161,-69,-3187,3045,-0.0005,-0.1183,-0.7081,-0.0799,616,-539,2653,-0.0092,1.2977,-0.6782,1.5774,2008,-23
26.980,15.0,5.182,0.170,0.250,2953,1,165.8,3493,0.0078,0.0030,-4.1347,-0.8905,-11,-3736,3065,0.0000,-0.0063,-4.2573,-0.0023,-144,-3275,3044,-0.0005,0.0828,-0.8154,-0.0826,-175,-748,2693,-0.0083,1.3923,-0.8232,1.4217,2027,-27
27.000,15.2,0.295,0.149,0.194,3048,1,167.3,3443,0.0069,-0.0079,-1.0902,-0.7861,-69,-3712,3083,0.0003,0.0023,-1.1306,0.0360,-90,-3351,3038,-0.0006,-0.1411,-0.7386,-0.1072,1242,-814,2743,-0.0072,1.4549,-0.7042,1.2324,2049,-26
27.020,15.4,-4.580,0.126,0.128,3106,1,166.8,3384,0.0058,0.0077,1.7191,-0.6632,2,-3354,3105,0.0007,-0.0032,1.7142,0.0820,-128,-3170,3032,-0.0008,0.3212,-0.8235,-0.1291,1776,-825,2804,-0.0058,1.6500,-0.7826,1.0009,2094,-26
27.040,15.6,-8.720,0.107,0.060,3194,1,127.8,3316,0.0046,-0.0044,0.0858,-235.2406,-147,-2819,3133,0.0012,-0.0002,0.7099,-184.2821,-85,-2618,3021,-0.0010,0.1324,-0.8412,-0.1703,1508,-859,2871,-0.0043,1.4897,-0.8500,0.7448,2134,-26
27.060,15.8,-11.571,0.088,-0.006,3216,1,27.5,3249,0.0033,-0.0040,-0.7347,-373.2385,-38,-2402,3162,0.0018,0.0004,0.2802,-292.7581,-122,-1923,3004,-0.0014,-0.3777,-0.9442,-0.2343,2759,-701,2933,-0.0029,1.2988,-0.8751,0.5053,2184,-28
27.080,16.0,-14.693,0.071,-0.066,3058,1,-44.1,3178,0.0020,0.0047,-1.2497,-489.1493,-24,-2234,3187,0.0022,-0.0016,-0.0300,-383.8944,-98,-1457,2984,-0.0018,0.0454,-1.2328,-0.3135,-1668,-947,2991,-0.0017,1.3375,-1.1424,0.2855,2237,-33
27.100,16.1,-17.954,0.061,-0.117,2898,1,-43.4,3113,0.0009,-0.0051,-3.7899,-723.9907,-129,-2724,3209,0.0026,-0.0021,-1.9371,-568.4728,-116,-1917,2964,-0.0023,-0.2555,-1.6018,-0.3893,322,-1212,3042,-0.0005,1.0562,-1.4296,0.0902,2309,-47
27.120,16.2,-21.414,0.057,-0.158,2765,1,-42.2,3062,-0.0001,-0.0042,-2.1082,-723.8826,-8,-2624,3230,0.0030,-0.0028,-0.4943,-568.4301,-109,-1600,2942,-0.0028,-0.0456,-2.0189,-0.4739,-965,-1419,3079,0.0003,1.0269,-1.7901,-0.0512,2386,-68
27.140,16.2,-25.407,0.059,-0.186,2659,1,-41.1,3024,-0.0008,0.0026,-4.2905,-952.3459,-50,-2924,3251,0.0034,-0.0019,-2.3827,-747.9536,-90,-2186,2918,-0.0033,0.0906,-2.6403,-0.5652,-2267,-1415,3104,0.0009,0.8341,-2.3080,-0.1469,2467,-100
27.160,16.2,-30.373,0.067,-0.202,2445,1,-40.2,3000,-0.0012,-0.0110,-5.9591,-1186.5730,-48,-3147,3268,0.0037,-0.0023,-3.9669,-931.9921,-105,-2894,2895,-0.0038,-0.2267,-3.4775,-0.6517,-1898,-1826,3114,0.0011,0.3307,-2.9663,-0.1852,2625,-179
27.180,16.2,-34.112,0.079,-0.222,2307,1,-39.2,2992,-0.0013,0.0065,-3.8356,-1186.5550,-45,-3120,3282,0.0039,-0.0010,-2.4760,-931.9630,-91,-2860,2873,-0.0043,-0.1840,-3.9017,-0.7346,-843,-2352,3111,0.0010,0.5473,-3.3116,-0.1737,2655,-236
27.200,16.2,-38.783,0.092,-0.233,2302,1,-38.5,2991,-0.0014,-0.0099,-5.9438,-1437.2950,-50,-3198,3311,0.0045,-0.0042,-4.3833,-1128.9160,-124,-3213,2848,-0.0048,0.0712,-4.4672,-0.8311,-2323,-1913,3110,0.0010,0.4953,-3.7961,-0.1691,2720,-308
27.220,16.1,-44.011,0.113,-0.235,2105,1,-37.8,3001,-0.0012,-0.0012,-7.3431,-1664.4390,-30,-3257,3336,0.0049,-0.0043,-5.8168,-1307.3150,-91,-3473,2830,-0.0052,-0.2702,-5.6123,-0.8986,-2386,-1928,3104,0.0009,0.0470,-4.3673,-0.1479,2911,-523
27.240,16.0,-48.903,0.138,-0.243,1867,1,-35.7,3028,-0.0007,-0.0007,-4.6406,-1664.4940,-53,-3270,3366,0.0055,0.0006,-4.2425,-1307.2520,-90,-3483,2811,-0.0057,0.0446,-6.7085,-0.9713,-2347,-1981,3088,0.0005,0.0784,-5.2239,-0.0871,3048,-1135
27.260,16.0,-51.362,0.157,-0.270,1833,1,3.3,3063,-0.0001,-0.0101,-6.8957,-1902.5160,-64,-3322,3413,0.0063,-0.0050,-6.3260,-1494.1160,-96,-3622,2791,-0.0061,0.2872,-6.3071,-1.0504,-27,-2972,3077,0.0003,0.2055,-5.0360,-0.0433,2511,-2203
27.280,16.0,-52.701,0.174,-0.327,1785,1,3.5,3077,0.0002,0.0045,-5.1618,-1902.5470,-74,-3324,3466,0.0073,0.0008,-5.1179,-1494.0040,-61,-3665,2764,-0.0067,-0.3507,-5.5856,-1.1530,-1117,-2769,3082,0.0004,-0.1020,-4.3137,-0.0627,2283,-2412
27.300,16.0,-53.775,0.194,-0.399,1821,1,45.6,3061,-0.0001,-0.0105,-8.2444,-2180.2880,-44,-3329,3531,0.0085,-0.0060,-7.6399,-1712.1210,-88,-3794,2718,-0.0077,0.2733,-4.5677,-1.3268,289,-2879,3103,0.0008,-0.1236,-3.4617,-0.1424,934,-2973
27.320,16.0,-52.522,0.212,-0.495,1780,1,45.1,3040,-0.0005,0.0028,-7.4009,-2180.2440,-87,-3307,3615,0.0100,0.0015,-6.8635,-1711.9460,-22,-3883,2660,-0.0090,-0.0150,-2.4701,-1.5488,1748,-2264,3131,0.0014,0.0511,-2.0627,-0.2487,745,-2787
27.340,16.1,-52.073,0.226,-0.600,1799,1,83.1,2995,-0.0013,-0.0103,-10.5188,-2412.5240,-25,-3251,3708,0.0117,-0.0074,-9.1891,-1894.3330,-86,-3982,2588,-0.0106,0.0480,-0.6789,-1.8248,1598,-2054,3171,0.0023,0.0297,-0.9416,-0.4036,1120,-2233
27.360,16.1,-53.093,0.233,-0.698,1841,1,112.9,2931,-0.0024,-0.0016,-9.5426,-2412.0070,-109,-3176,3795,0.0133,0.0002,-8.4612,-1893.8480,-80,-4066,2508,-0.0124,0.0798,-0.2171,-2.1291,2238,-1244,3215,0.0033,0.0506,-0.0140,-0.5709,2156,-1175
27.380,16.2,-55.560,0.237,-0.763,1794,1,111.5,2858,-0.0038,0.0037,-8.6453,-2411.8550,-48,-3104,3864,0.0145,-0.0036,-8.0438,-1893.7050,-103,-4135,2434,-0.0140,0.0250,-0.4896,-2.4124,2323,-782,3257,0.0042,0.0293,-0.6434,-0.7301,1888,-756
27.400,16.3,-59.124,0.237,-0.786,1825,1,131.7,2804,-0.0048,-0.0043,-7.4659,-2410.0070,-42,-3057,3903,0.0152,-0.0018,-7.4950,-1892.2610,-90,-4177,2382,-0.0152,-0.0154,-1.5730,-2.6127,-791,-911,3280,0.0048,0.0259,-1.3554,-0.8205,2562,-645
27.420,16.3,-62.687,0.235,-0.773,1878,1,133.3,2772,-0.0053,0.0001,-6.1820,-2409.9400,-66,-3031,3904,0.0152,-0.0006,-6.9670,-1892.2580,-97,-4179,2356,-0.0158,-0.0332,-2.8301,-2.7094,-30,-1151,3282,0.0048,0.0642,-2.2258,-0.8284,2313,-1057
27.440,16.3,-65.802,0.230,-0.747,2012,1,144.8,2768,-0.0054,-0.0028,-5.0365,-2409.6790,-44,-3020,3882,0.0148,-0.0015,-6.4544,-1892.1060,-98,-4150,2357,-0.0157,0.3746,-3.7713,-2.7054,1454,-1383,3268,0.0045,0.2240,-2.9162,-0.7736,3138,-1172
27.460,16.4,-68.326,0.223,-0.713,2006,1,146.7,2774,-0.0053,0.0010,-4.2713,-2409.6910,-83,-2986,3849,0.0142,-0.0017,-6.1516,-1892.1730,-101,-4104,2371,-0.0154,-0.0780,-4.6215,-2.6529,286,-1903,3251,0.0041,0.1501,-3.4388,-0.7070,3371,-1027
27.480,16.6,-70.617,0.213,-0.670,1939,1,116.4,2787,-0.0051,-0.0038,-3.7278,-2408.0180,-56,-2916,3813,0.0136,-0.0016,-5.9297,-1890.9130,-101,-4047,2396,-0.0149,0.2884,-4.8701,-2.5582,2446,-962,3236,0.0038,-0.0325,-3.6154,-0.6495,3069,-1565
27.500,16.8,-72.056,0.200,-0.636,1977,1,115.8,2803,-0.0048,0.0002,-3.5967,-2408.0520,-73,-2823,3768,0.0128,-0.0004,-5.9300,-1891.0070,-86,-3986,2428,-0.0142,0.0045,-5.4168,-2.4355,1662,-1957,3218,0.0034,0.3338,-4.0498,-0.5811,3272,-1141
27.520,16.9,-73.708,0.194,-0.608,1944,1,41.0,2809,-0.0047,0.0008,-3.0424,-2404.5800,-40,-2681,3724,0.0120,0.0001,-5.6188,-1888.3620,-81,-3922,2459,-0.0135,0.0762,-5.7100,-2.3165,1184,-2294,3208,0.0032,-0.1253,-4.1804,-0.5450,3071,-1631
27.540,17.1,-73.605,0.191,-0.598,1799,1,-35.5,2829,-0.0043,-0.0004,-3.0618,-2404.6240,-83,-2540,3705,0.0116,-0.0013,-5.5943,-1888.4020,-74,-3885,2487,-0.0128,-0.0575,-5.4211,-2.2085,941,-2450,3204,0.0031,-0.0115,-3.9598,-0.5277,2305,-2394
27.560,17.1,-72.318,0.196,-0.613,1758,1,9.8,2842,-0.0041,0.0003,-2.9061,-2401.8940,-26,-2417,3704,0.0116,0.0028,-5.2314,-1886.2380,-18,-3857,2504,-0.0125,0.0667,-3.9616,-2.1463,291,-2561,3209,0.0032,-0.1031,-3.1425,-0.5468,-720,-2845
27.580,17.2,-64.504,0.199,-0.635,1825,1,94.7,2854,-0.0038,-0.1863,35.7262,0.4411,-306,2996,3737,0.0122,-0.0623,26.0425,1.3987,-501,3908,2504,-0.0125,-0.1509,-2.6464,-2.1452,-1543,-2116,3227,0.0036,-0.0237,-2.1905,-0.6146,1749,-2355
27.600,17.1,-56.821,0.199,-0.644,2013,1,143.6,2852,-0.0039,-0.0169,32.0478,0.4453,-381,2727,3766,0.0127,0.0320,24.0124,1.4600,6,3669,2496,-0.0127,0.0825,-1.4507,-2.1763,-1236,-1986,3244,0.0040,0.1341,-1.5218,-0.6818,1448,-2024
27.620,17.1,-50.620,0.192,-0.638,2122,1,137.5,2854,-0.0038,0.0438,32.6506,235.6816,25,2627,3781,0.0130,-0.0082,27.1633,300.8882,192,3491,2498,-0.0126,0.1506,-1.3341,-2.1687,743,-1727,3256,0.0042,0.1289,-1.1452,-0.7285,3262,-950
27.640,17.3,-44.742,0.178,-0.611,2010,1,135.0,2849,-0.0039,-0.0427,28.7528,235.6913,5,2579,3768,0.0128,-0.0548,24.7172,300.8602,-101,3431,2508,-0.0124,0.0968,-1.2488,-2.1285,2644,-703,3260,0.0043,0.0258,-0.9878,-0.7412,2901,-884
27.660,17.5,-39.881,0.163,-0.568,2061,1,146.1,2850,-0.0039,-0.0546,29.1069,446.0688,-79,2552,3730,0.0121,-0.0128,27.1595,568.5367,-78,3348,2537,-0.0118,0.0905,-1.4113,-2.0199,-1182,-1135,3257,0.0042,0.2822,-1.1621,-0.7294,3508,-376
27.680,17.5,-36.279,0.150,-0.511,2131,1,148.8,2859,-0.0038,-0.0435,26.5064,446.0497,-147,2558,3677,0.0111,-0.0101,25.3806,568.4265,-58,3296,2575,-0.0109,0.1113,-1.7905,-1.8755,249,-1199,3244,0.0040,0.0845,-1.6762,-0.6800,3355,-660
27.700,17.6,-32.220,0.139,-0.440,2202,1,152.4,2885,-0.0033,-0.0085,27.0550,634.1675,-89,2581,3620,0.0101,-0.0022,27.5553,807.7989,25,3223,2621,-0.0099,-0.1029,-2.1298,-1.6998,-979,-1308,3222,0.0035,0.1360,-1.8364,-0.5991,3415,-411
27.720,17.6,-28.538,0.134,-0.364,2345,1,143.7,2920,-0.0026,-0.0020,28.1242,829.4814,-10,2606,3553,0.0089,-0.0085,30.1086,1056.3340,63,3131,2670,-0.0088,-0.3232,-2.3405,-1.5093,-1820,-1349,3189,0.0027,0.1292,-2.0388,-0.4703,3198,-316
27.740,17.5,-24.539,0.132,-0.289,2425,1,145.9,2965,-0.0018,-0.0356,25.8529,829.3877,-55,2654,3490,0.0077,-0.0361,28.3598,1056.2020,-43,3074,2718,-0.0077,-0.2795,-2.3072,-1.3260,-1169,-1632,3148,0.0018,0.1294,-2.0719,-0.3140,3051,-290
27.760,17.5,-20.310,0.134,-0.223,2584,1,152.5,3015,-0.0009,-0.0244,27.2039,1026.0970,-65,2694,3431,0.0066,-0.0068,31.0852,1306.5680,-9,3002,2762,-0.0068,0.1222,-2.0259,-1.1604,-656,-1726,3103,0.0008,0.6870,-1.8737,-0.1420,2764,-182
27.780,17.4,-16.557,0.140,-0.166,2643,1,102.2,3062,-0.0001,-0.0130,28.6427,1219.0400,-37,2725,3384,0.0058,0.0023,33.7516,1552.1600,53,2931,2797,-0.0060,0.3962,-1.9331,-1.0272,917,-1712,3060,-0.0001,0.7210,-1.7869,0.0228,2717,-174
27.800,17.4,-12.319,0.147,-0.116,2666,1,-6.5,3108,0.0008,-0.0339,26.6095,1218.9450,-90,2770,3347,0.0051,-0.0329,32.0569,1552.0840,-18,2895,2823,-0.0054,-0.0090,-1.3246,-0.9271,-2034,-1361,3018,-0.0011,0.7561,-1.3678,0.1812,2553,-114
27.820,17.2,-9.678,0.156,-0.068,2565,1,-41.1,3152,0.0016,-0.0044,28.3444,1401.8240,-48,2802,3319,0.0046,-0.0058,34.7654,1784.8970,3,2853,2845,-0.0049,-0.1769,-1.3809,-0.8412,-2218,-1211,2982,-0.0019,0.3861,-1.4693,0.3184,2573,-118
27.840,17.0,-6.850,0.167,-0.024,2536,1,-40.2,3200,0.0024,-0.0026,30.1049,1588.2760,8,2827,3297,0.0042,0.0049,37.5441,2022.2820,54,2807,2867,-0.0044,0.0713,-1.4716,-0.7584,-2248,-1198,2947,-0.0026,0.6099,-1.3748,0.4537,2579,-121
27.860,16.9,-4.309,0.180,0.017,2431,1,-40.1,3247,0.0033,-0.0299,28.6818,1588.1790,-47,2866,3281,0.0039,-0.0324,36.2283,2022.2480,-4,2786,2882,-0.0041,-0.2135,-1.4496,-0.7003,-2431,-1134,2911,-0.0034,0.3204,-1.4500,0.5915,2592,-134
27.880,16.7,-1.845,0.193,0.050,2429,1,-39.4,3296,0.0042,-0.0100,30.9930,1789.8030,-29,2892,3272,0.0037,-0.0022,39.5236,2278.9700,21,2757,2896,-0.0038,0.0899,-1.3573,-0.6469,-2274,-1176,2877,-0.0042,0.6086,-1.4137,0.7212,2562,-134
27.900,16.5,0.548,0.206,0.077,2325,1,-39.4,3339,0.0050,-0.0224,29.7181,1789.7120,-60,2926,3267,0.0037,-0.0293,38.2412,2278.9610,-21,2746,2906,-0.0035,-0.2179,-1.3327,-0.6082,-2490,-1100,2848,-0.0048,0.3459,-1.3311,0.8327,2539,-131
27.920,16.3,2.858,0.215,0.099,2324,1,-38.7,3376,0.0057,-0.0094,30.3782,1891.5280,-47,2953,3265,0.0036,-0.0122,39.3416,2408.6400,-19,2735,2912,-0.0034,0.1007,-1.1579,-0.5860,-2257,-1133,2821,-0.0054,0.6716,-1.2271,0.9336,2485,-117
27.940,16.1,5.116,0.222,0.113,2221,1,-38.6,3405,0.0062,-0.0147,29.3149,1891.4690,-56,2980,3262,0.0036,-0.0215,38.1442,2408.6340,-40,2732,2917,-0.0033,-0.2170,-1.0427,-0.5689,-2485,-1013,2800,-0.0059,0.4110,-1.0369,1.0151,2451,-103
27.960,15.9,7.274,0.228,0.123,2221,1,-37.9,3423,0.0065,-0.0146,28.2251,1894.5420,-70,3006,3259,0.0035,-0.0191,37.0249,2412.5870,-55,2733,2919,-0.0033,0.1077,-0.9071,-0.5615,-2231,-1017,2785,-0.0062,0.7523,-0.9313,1.0723,2403,-87
27.980,15.7,9.328,0.232,0.131,2119,1,-37.9,3435,0.0067,-0.0089,27.2406,1896.0550,-67,3031,3258,0.0035,-0.0112,35.9196,2414.5420,-55,2740,2917,-0.0033,-0.2141,-0.6665,-0.5691,-2462,-843,2771,-0.0065,0.4848,-0.8031,1.1235,2373,-75
28.000,15.5,11.359,0.235,0.136,2120,1,-37.2,3444,0.0069,-0.0079,26.1400,1896.0370,-62,3057,3256,0.0035,-0.0069,34.6902,2414.5380,-46,2749,2916,-0.0033,0.1137,-0.6346,-0.5730,-2180,-828,2762,-0.0068,0.8439,-0.6762,1.1610,2330,-61
28.020,15.3,13.336,0.237,0.137,2027,1,-37.2,3448,0.0070,-0.0071,25.2121,1899.0830,-54,3081,3252,0.0034,-0.0069,33.5323,2418.4190,-40,2760,2914,-0.0034,-0.2151,-0.5130,-0.5798,-2426,-701,2753,-0.0069,0.5684,-0.5234,1.1932,2304,-50
28.040,15.1,15.242,0.241,0.138,2077,1,-36.9,3448,0.0069,-0.0091,24.1445,1899.0850,-59,3103,3250,0.0034,-0.0080,32.3743,2418.4150,-37,2773,2908,-0.0035,0.1217,-0.3918,-0.6015,-2120,-658,2746,-0.0071,0.9453,-0.4197,1.2194,2266,-39
28.060,14.9,17.097,0.246,0.135,2036,1,-37.3,3448,0.0069,-0.0069,23.2314,1902.0690,-58,3127,3249,0.0033,-0.0102,31.1306,2422.2110,-42,2789,2901,-0.0037,-0.2135,-0.1907,-0.6283,-2377,-501,2739,-0.0073,0.6615,-0.3182,1.2487,2242,-32
28.080,14.7,18.882,0.251,0.138,2090,1,-37.0,3444,0.0069,-0.0073,22.1547,1902.0760,-63,3150,3249,0.0033,-0.0084,29.8542,2422.2110,-43,2807,2889,-0.0039,0.1300,-0.1755,-0.6737,-2042,-454,2730,-0.0075,1.0603,-0.2150,1.2830,2204,-24
28.100,14.5,20.676,0.253,0.142,2052,1,-37.4,3445,0.0069,-0.0043,21.2674,1905.0070,-51,3177,3246,0.0033,-0.0082,28.6023,2425.9360,-46,2825,2879,-0.0041,-0.2157,-0.0514,-0.7116,-2303,-346,2717,-0.0078,0.7728,-0.1502,1.3328,2175,-19
28.120,14.3,22.450,0.257,0.148,2101,1,-37.1,3446,0.0069,-0.0069,20.2376,1906.4510,-56,3206,3241,0.0032,-0.0062,27.2293,2427.7650,-45,2843,2875,-0.0042,0.1288,0.0166,-0.7267,-1966,-294,2708,-0.0080,1.1906,0.0420,1.3677,2140,-11
28.140,14.1,24.150,0.259,0.159,2062,1,-37.5,3447,0.0069,-0.0059,19.2975,1906.4490,-61,3236,3233,0.0030,-0.0053,25.9128,2427.7490,-42,2860,2869,-0.0044,-0.2197,0.1058,-0.7493,-2237,-208,2695,-0.0082,0.8859,0.0245,1.4175,2116,-9
28.160,13.9,25.943,0.262,0.167,2110,1,-37.1,3457,0.0071,-0.0040,18.2198,1909.2500,-59,3277,3227,0.0029,-0.0052,24.5686,2431.3290,-40,2882,2872,-0.0043,0.1298,0.1490,-0.7396,-1902,-167,2684,-0.0085,1.3164,0.1785,1.4571,2086,-4
28.180,13.7,27.708,0.263,0.180,2059,1,-37.5,3466,0.0073,-0.0041,17.1702,1909.2320,-57,3319,3224,0.0029,-0.0050,23.0562,2431.3230,-38,2908,2875,-0.0042,-0.2280,0.2465,-0.7299,-2213,-98,2677,-0.0086,0.9960,0.2116,1.4836,2069,-2
28.200,13.6,29.448,0.264,0.194,2107,1,-37.1,3475,0.0074,-0.0041,16.2241,1911.9680,-57,3363,3216,0.0027,-0.0075,21.5626,2434.8130,-49,2933,2881,-0.0041,0.1335,0.3014,-0.7068,-1841,-48,2669,-0.0088,1.4461,0.2942,1.5154,2044,0
28.220,13.4,31.212,0.267,0.208,2059,1,-37.5,3489,0.0077,-0.0037,15.1477,1911.9390,-57,3414,3209,0.0026,-0.0027,20.0078,2434.7970,-45,2962,2888,-0.0039,-0.2327,0.4863,-0.6785,-2180,49,2659,-0.0090,1.1145,0.3789,1.5538,2026,2
28.240,13.2,32.972,0.267,0.221,2110,1,-37.1,3500,0.0079,-0.0034,14.1577,1914.6000,-61,3464,3201,0.0025,-0.0030,18.4545,2438.1970,-43,2993,2893,-0.0038,0.1382,0.4739,-0.6598,-1773,106,2648,-0.0093,1.5888,0.5667,1.5944,2001,7
28.260,13.3,36.136,0.257,0.234,2107,1,67.4,3512,0.0081,-0.0243,-20.6224,-0.9308,-74,2957,3194,0.0023,-0.0132,-26.2246,0.2679,147,3460,2901,-0.0036,-0.2335,0.6121,-0.6273,-2233,162,2641,-0.0094,1.2082,0.7091,1.6216,1990,10
28.280,13.3,33.583,0.243,0.246,2293,1,136.2,3509,0.0081,0.0057,-19.7355,-0.9233,84,-3746,3171,0.0019,0.0286,-24.8312,0.2205,-155,-2358,2919,-0.0033,0.1311,0.6150,-0.5589,-1794,252,2643,-0.0094,1.6019,0.6050,1.6131,1985,11
28.300,13.2,26.015,0.227,0.258,2436,1,159.0,3501,0.0079,-0.0108,-16.3898,-0.9069,-42,-3706,3147,0.0015,-0.0344,-19.6975,0.1690,-109,-3406,2941,-0.0028,-0.2430,0.0675,-0.4745,-2228,143,2652,-0.0092,1.0885,0.0111,1.5813,2005,4
28.320,13.1,18.779,0.208,0.260,2498,1,158.9,3495,0.0078,0.0065,-12.9302,-0.8943,-7,-3637,3123,0.0010,0.0022,-14.7706,0.1195,-146,-3299,2967,-0.0022,0.1353,-0.4752,-0.3749,-1854,-98,2663,-0.0089,1.3758,-0.7353,1.5370,2029,-13
28.340,13.1,11.952,0.193,0.254,2411,1,158.3,3472,0.0074,-0.0046,-9.4719,-0.8468,23,-3623,3098,0.0006,-0.0025,-10.3890,0.0677,-52,-3259,2986,-0.0018,-0.2551,-1.2324,-0.3043,-2257,-488,2680,-0.0086,0.8835,-1.3426,1.4730,2070,-35
28.360,13.1,6.621,0.175,0.230,2496,1,160.2,3453,0.0070,-0.0088,-6.0148,-0.8076,-77,-3658,3087,0.0004,-0.0140,-6.3108,0.0446,-129,-3284,3001,-0.0014,-0.1601,-1.2750,-0.2474,250,-970,2701,-0.0081,1.3308,-1.2674,1.3919,2048,-42
28.380,13.2,1.473,0.156,0.190,2594,1,161.5,3422,0.0065,0.0066,-2.4906,-0.7417,-7,-3689,3090,0.0004,0.0050,-2.5018,0.0507,-103,-3347,3011,-0.0012,-0.2813,-1.0161,-0.2087,1425,-1042,2740,-0.0072,1.2017,-1.1674,1.2453,2072,-44
28.400,13.3,-3.888,0.140,0.141,2608,1,118.4,3378,0.0057,-0.0146,-5.3825,-370.0627,-32,-3650,3105,0.0007,-0.0132,-3.9881,-290.1711,-81,-3374,3012,-0.0012,-0.1986,-1.1492,-0.2066,-182,-1161,2788,-0.0062,0.9035,-1.2570,1.0596,2109,-45
28.420,13.4,-8.419,0.124,0.090,2663,1,24.3,3328,0.0048,0.0047,-3.5456,-454.3558,-87,-3599,3125,0.0011,0.0033,-2.1148,-356.4395,-150,-3368,3004,-0.0014,0.4896,-1.2853,-0.2363,2580,-991,2837,-0.0051,1.5381,-1.2080,0.8716,2131,-43
28.440,13.6,-13.247,0.114,0.039,2494,1,-40.6,3279,0.0039,-0.0034,-2.6617,-587.9769,-25,-3521,3149,0.0015,-0.0062,-1.1440,-461.4598,-87,-3283,2994,-0.0016,-0.2166,-1.3773,-0.2747,-805,-1291,2887,-0.0040,1.2466,-1.2501,0.6808,2164,-41
28.460,13.5,-18.962,0.105,-0.006,2489,1,-39.8,3236,0.0031,-0.0016,-3.0203,-809.1889,-36,-3447,3179,0.0021,0.0011,-1.3678,-635.2757,-106,-3152,2979,-0.0019,0.1857,-1.9681,-0.3309,-1700,-1324,2933,-0.0029,1.1034,-1.8446,0.5069,2251,-59
28.480,13.5,-24.354,0.104,-0.047,2216,1,-38.6,3198,0.0024,-0.0002,0.3109,-809.1101,-25,-3186,3207,0.0026,-0.0021,1.1122,-635.2192,-105,-2479,2965,-0.0022,-0.2914,-2.8777,-0.3842,-2134,-1508,2972,-0.0021,0.5132,-2.3545,0.3572,2380,-98
28.500,13.6,-27.965,0.108,-0.089,2102,1,-37.8,3167,0.0018,-0.0026,-1.4354,-1047.6370,-98,-2978,3235,0.0031,-0.0013,-0.4380,-822.6245,-102,-2076,2942,-0.0027,-0.2238,-3.0715,-0.4726,-875,-2025,2997,-0.0015,0.7837,-2.7089,0.2613,2422,-132
28.520,13.6,-32.213,0.118,-0.119,2102,1,-37.1,3138,0.0013,-0.0032,-3.1794,-1297.5660,-18,-3034,3265,0.0036,-0.0025,-2.1325,-1018.9820,-105,-2349,2910,-0.0034,0.1470,-3.9176,-0.5925,-2202,-1873,3015,-0.0011,0.7429,-3.1624,0.1938,2475,-167
28.540,13.5,-36.502,0.130,-0.137,1961,1,-36.8,3126,0.0011,0.0026,-0.5198,-1297.5420,-38,-2714,3297,0.0042,-0.0014,-0.4985,-1018.9160,-79,-1948,2882,-0.0041,-0.2399,-4.8259,-0.7030,-2115,-2080,3021,-0.0010,0.1991,-3.8372,0.1686,2618,-269
28.560,13.6,-38.863,0.142,-0.165,1895,1,-35.7,3130,0.0012,-0.0059,-2.8601,-1535.4690,-124,-2773,3328,0.0048,-0.0007,-2.5104,-1205.7890,-94,-2310,2861,-0.0045,0.1137,-4.8824,-0.7818,797,-2699,3023,-0.0010,0.5617,-3.8749,0.1640,2686,-355
28.580,13.7,-41.526,0.152,-0.190,1784,1,-34.9,3129,0.0011,-0.0019,-0.9983,-1535.4660,-6,-2492,3367,0.0055,-0.0013,-1.3783,-1205.7070,-96,-2158,2836,-0.0051,0.3694,-4.8684,-0.8768,-763,-2754,3031,-0.0008,0.4321,-3.8251,0.1320,2780,-443
28.600,13.8,-43.420,0.159,-0.233,1684,1,-34.2,3128,0.0011,-0.0001,-3.3770,-1763.2840,-119,-2712,3402,0.0061,-0.0022,-3.4016,-1384.6330,-99,-2697,2816,-0.0056,0.0751,-4.6034,-0.9544,454,-2820,3040,-0.0006,0.2244,-3.5297,0.0983,2960,-654
28.620,13.9,-45.772,0.160,-0.277,1547,1,-33.3,3107,0.0007,-0.0085,-5.7982,-2006.5220,-76,-3106,3442,0.0068,-0.0047,-5.5975,-1575.7030,-123,-3365,2784,-0.0063,0.1014,-4.0650,-1.0769,-144,-2799,3058,-0.0002,0.0106,-3.1569,0.0302,3083,-1183
28.640,13.9,-46.500,0.157,-0.334,1404,1,-32.5,3074,0.0002,0.0052,-4.0965,-2006.4550,-51,-3108,3473,0.0074,0.0012,-4.3580,-1575.6370,-41,-3474,2756,-0.0069,-0.2532,-2.8560,-1.1838,-303,-2707,3082,0.0004,-0.1199,-2.3329,-0.0623,568,-2664
28.660,13.8,-46.872,0.163,-0.412,1474,1,4.5,3023,-0.0008,-0.0105,-6.7598,-2274.7840,-67,-3212,3504,0.0080,-0.0042,-6.4769,-1786.4880,-77,-3688,2720,-0.0077,0.1352,-1.1849,-1.3185,-1325,-2273,3114,0.0011,-0.0133,-1.0886,-0.1836,-482,-2289
28.680,13.7,-47.200,0.179,-0.497,1516,1,5.5,2969,-0.0017,0.0071,-5.0994,-2274.6720,-33,-3165,3563,0.0090,-0.0016,-5.1726,-1786.3640,-37,-3752,2664,-0.0089,0.0733,0.4675,-1.5345,1098,-1793,3149,0.0019,0.0061,0.1686,-0.3203,-67,-1545
28.700,13.7,-48.834,0.195,-0.568,1463,1,45.3,2925,-0.0026,-0.0123,-6.2734,-2434.6390,-75,-3150,3640,0.0104,-0.0041,-6.3646,-1911.9640,-107,-3867,2597,-0.0104,0.0405,1.0274,-1.7909,1180,-1020,3182,0.0026,-0.0208,0.5027,-0.4445,473,-631
28.720,13.6,-51.700,0.213,-0.612,1478,1,46.0,2891,-0.0032,0.0082,-4.5995,-2434.5670,-29,-3097,3708,0.0117,-0.0013,-5.5042,-1911.8230,-57,-3927,2535,-0.0118,0.0471,0.4871,-2.0251,1317,-407,3204,0.0031,0.0086,0.0238,-0.5288,482,-89
28.740,13.6,-55.278,0.223,-0.622,1533,1,82.8,2875,-0.0035,-0.0087,-2.9855,-2435.2580,-71,-3005,3756,0.0126,-0.0013,-4.8335,-1912.2890,-108,-3936,2489,-0.0128,0.0977,-0.8303,-2.2033,1752,-229,3210,0.0032,0.0443,-0.8388,-0.5500,1271,-68
28.760,13.6,-58.426,0.229,-0.616,1508,1,82.0,2871,-0.0035,0.0042,-1.7067,-2435.2480,-30,-2793,3767,0.0127,0.0001,-4.3607,-1912.2680,-75,-3881,2465,-0.0134,0.0570,-2.2043,-2.2953,1949,-432,3198,0.0029,0.0053,-1.8242,-0.5043,1442,-517
28.780,13.7,-60.417,0.231,-0.596,1537,1,112.4,2877,-0.0034,-0.0004,-0.9364,-2435.2000,-84,-2387,3765,0.0127,-0.0009,-3.9678,-1912.2230,-94,-3783,2458,-0.0135,0.0676,-2.8684,-2.3209,1912,-774,3184,0.0026,0.0484,-2.2287,-0.4529,1409,-1031
28.800,13.9,-61.447,0.227,-0.579,1569,1,128.6,2892,-0.0032,-0.0043,-0.5641,-2434.6030,-86,-1802,3750,0.0124,-0.0005,-3.8409,-1911.7620,-76,-3659,2466,-0.0133,0.1268,-3.0493,-2.2900,2390,-859,3168,0.0023,0.0472,-2.3220,-0.3928,2169,-1284
28.820,14.1,-61.734,0.215,-0.559,1564,1,128.2,2898,-0.0030,-0.0003,-0.9114,-2434.6170,-33,-1330,3733,0.0121,-0.0013,-3.9450,-1911.7980,-97,-3566,2479,-0.0130,0.0813,-2.8586,-2.2401,2449,-942,3162,0.0021,0.0302,-2.1142,-0.3668,2170,-1412
28.840,14.3,-61.286,0.201,-0.545,1586,1,134.1,2897,-0.0031,0.0019,-1.3641,-2431.2350,-68,-1113,3702,0.0116,-0.0003,-4.1254,-1909.2070,-47,-3517,2502,-0.0125,0.0755,-2.2031,-2.1534,2320,-1085,3160,0.0021,0.0428,-1.8982,-0.3615,2115,-1453
28.860,14.5,-60.819,0.190,-0.544,1619,1,135.1,2892,-0.0032,-0.0017,-1.8576,-2431.2240,-91,-1143,3676,0.0111,0.0006,-4.4877,-1909.2600,-75,-3542,2525,-0.0120,0.0937,-1.8286,-2.0667,2416,-1004,3167,0.0022,0.0402,-1.5678,-0.3857,2241,-1325
28.880,14.7,-60.865,0.177,-0.545,1632,1,135.5,2884,-0.0033,-0.0020,-2.2639,-2427.1510,-57,-1319,3668,0.0109,-0.0021,-4.5651,-1906.0890,-94,-3571,2542,-0.0116,0.0762,-1.4138,-2.0007,2492,-869,3183,0.0026,0.0363,-1.4190,-0.4480,2315,-1173
28.900,14.9,-61.338,0.164,-0.541,1649,1,136.0,2876,-0.0034,0.0008,-2.7211,-2427.1340,-47,-1596,3661,0.0108,-0.0014,-4.7219,-1906.1040,-73,-3608,2560,-0.0112,0.0673,-1.6077,-1.9325,2478,-834,3202,0.0030,0.0342,-1.3861,-0.5196,2254,-1069
28.920,15.1,-62.103,0.151,-0.532,1675,1,136.7,2871,-0.0035,-0.0003,-2.7224,-2423.0610,-80,-1769,3650,0.0106,-0.0006,-4.8164,-1902.9350,-85,-3634,2581,-0.0108,0.0785,-1.8337,-1.8521,2510,-812,3218,0.0034,0.0327,-1.5836,-0.5818,2321,-1050
28.940,15.3,-62.976,0.138,-0.520,1731,1,138.1,2864,-0.0037,-0.0016,-2.8255,-2421.1150,-53,-1920,3630,0.0103,-0.0014,-4.8791,-1901.4580,-79,-3645,2602,-0.0103,0.1259,-2.0414,-1.7712,2224,-984,3229,0.0036,0.0332,-1.6184,-0.6227,2280,-1067
28.960,15.4,-64.054,0.126,-0.508,1776,1,139.5,2860,-0.0037,-0.0008,-2.7817,-2421.1060,-74,-2004,3608,0.0099,-0.0008,-4.9308,-1901.5050,-82,-3646,2623,-0.0098,0.1616,-2.3046,-1.6897,2083,-1105,3235,0.0038,0.0343,-1.8796,-0.6486,2719,-1059
28.980,15.7,-64.966,0.116,-0.497,1688,1,93.5,2852,-0.0039,0.0000,-2.8654,-2417.6910,-47,-2054,3583,0.0094,-0.0005,-5.0061,-1898.8860,-83,-3637,2642,-0.0094,0.0772,-2.5260,-1.6189,2445,-1045,3240,0.0039,-0.0231,-2.0919,-0.6673,2221,-1323
29.000,15.8,-65.083,0.115,-0.499,1695,1,90.5,2848,-0.0039,-0.0001,-2.8613,-2417.6840,-64,-2096,3565,0.0091,0.0000,-5.0605,-1898.9250,-55,-3638,2658,-0.0091,0.0625,-2.3675,-1.5578,1628,-1421,3244,0.0040,-0.0173,-1.9674,-0.6808,978,-1574
29.020,15.9,-65.206,0.113,-0.506,1826,1,122.2,2846,-0.0040,-0.0021,-2.8483,-2414.5130,-58,-2106,3564,0.0091,-0.0029,-4.9236,-1896.4380,-83,-3631,2659,-0.0090,0.1150,-2.0195,-1.5537,2404,-1118,3247,0.0040,0.0617,-1.7084,-0.6910,2140,-1366
29.040,16.1,-65.892,0.112,-0.511,1751,1,120.1,2839,-0.0041,0.0007,-3.0804,-2414.4990,-52,-2156,3567,0.0091,0.0001,-5.0279,-1896.4320,-67,-3636,2657,-0.0091,0.0434,-2.1548,-1.5627,2555,-1003,3252,0.0041,0.0174,-1.7921,-0.7129,1939,-1364
29.060,16.3,-66.474,0.112,-0.516,1822,1,136.9,2833,-0.0042,-0.0011,-3.0783,-2411.5290,-71,-2186,3569,0.0092,-0.0008,-5.0735,-1894.1060,-78,-3643,2654,-0.0092,0.0752,-2.2273,-1.5731,2399,-1104,3256,0.0042,0.0468,-1.8930,-0.7284,2120,-1361
29.080,16.4,-67.369,0.109,-0.518,1872,1,142.2,2828,-0.0043,-0.0013,-3.1681,-2409.9160,-61,-2220,3571,0.0092,-0.0021,-5.1952,-1892.8400,-90,-3657,2649,-0.0093,0.1087,-2.4727,-1.5915,2650,-945,3257,0.0043,0.0473,-2.0242,-0.7314,2420,-1335
29.100,16.6,-68.248,0.107,-0.518,1872,1,142.2,2820,-0.0045,-0.0001,-3.4926,-2409.9000,-57,-2305,3566,0.0091,0.0000,-5.3380,-1892.8510,-68,-3669,2649,-0.0093,0.0893,-2.7919,-1.5924,2688,-952,3259,0.0043,0.0389,-2.2575,-0.7385,2375,-1454
29.120,16.8,-68.962,0.107,-0.519,1895,1,142.8,2816,-0.0045,-0.0007,-3.5572,-2406.1550,-65,-2365,3561,0.0090,-0.0004,-5.4596,-1889.9260,-81,-3682,2650,-0.0092,0.0826,-2.9663,-1.5892,2629,-1072,3259,0.0043,0.0412,-2.4039,-0.7397,2308,-1592
29.140,17.0,-69.590,0.104,-0.524,1933,1,143.9,2816,-0.0045,-0.0012,-3.6574,-2406.1550,-64,-2420,3564,0.0091,-0.0024,-5.5735,-1889.9210,-85,-3701,2650,-0.0092,0.0998,-3.0917,-1.5857,2633,-1114,3262,0.0044,0.0452,-2.4759,-0.7500,2335,-1677
29.160,17.2,-70.152,0.103,-0.535,1966,1,144.8,2809,-0.0047,-0.0009,-3.7832,-2402.3810,-62,-2468,3564,0.0091,0.0006,-5.6451,-1886.9680,-63,-3714,2649,-0.0093,0.1087,-3.1729,-1.5915,2666,-1097,3266,0.0045,0.0467,-2.5388,-0.7658,2391,-1728
29.180,17.4,-70.785,0.107,-0.548,1993,1,145.6,2798,-0.0049,0.0001,-4.0500,-2402.3590,-55,-2535,3569,0.0092,-0.0015,-5.8583,-1886.9550,-89,-3738,2643,-0.0094,0.1133,-3.2894,-1.6135,2686,-1069,3274,0.0046,0.0484,-2.6229,-0.7961,2428,-1777
29.200,17.6,-71.550,0.112,-0.558,2028,1,146.5,2795,-0.0049,-0.0011,-4.1114,-2398.5390,-67,-2582,3583,0.0094,-0.0009,-5.8735,-1883.9310,-71,-3762,2633,-0.0096,0.1231,-3.4814,-1.6543,2693,-1038,3278,0.0047,0.0507,-2.7442,-0.8103,2452,-1831
29.220,17.8,-72.796,0.112,-0.567,2024,1,144.1,2794,-0.0049,-0.0019,-4.1828,-2396.6560,-68,-2621,3598,0.0097,-0.0019,-5.9709,-1882.4240,-99,-3784,2621,-0.0099,0.1272,-3.8811,-1.6965,2600,-1210,3279,0.0047,0.0192,-3.0265,-0.8162,2925,-1646
29.240,18.0,-73.224,0.111,-0.582,2073,1,145.2,2787,-0.0051,0.0008,-4.5326,-2396.6430,-46,-2679,3603,0.0098,0.0005,-6.1217,-1882.4120,-53,-3803,2616,-0.0100,0.1177,-3.9725,-1.7171,2614,-1184,3284,0.0049,0.0479,-3.1254,-0.8338,2069,-2181
29.260,18.2,-73.711,0.114,-0.596,2144,1,149.8,2780,-0.0052,-0.0017,-4.7331,-2392.7540,-72,-2730,3617,0.0100,-0.0019,-6.1789,-1879.3390,-90,-3824,2611,-0.0101,0.1627,-3.9739,-1.7353,2641,-1093,3297,0.0051,0.0624,-3.1037,-0.8826,2544,-2021
29.280,18.4,-74.563,0.115,-0.608,2189,1,151.0,2774,-0.0053,0.0002,-4.7354,-2392.7430,-47,-2756,3633,0.0103,-0.0005,-6.3257,-1879.3080,-68,-3849,2602,-0.0103,0.1878,-4.2478,-1.7718,2650,-953,3304,0.0053,0.0595,-3.2797,-0.9104,2578,-2054
29.300,18.6,-75.353,0.113,-0.621,2133,1,105.9,2768,-0.0054,-0.0008,-4.9199,-2389.0100,-66,-2783,3645,0.0105,-0.0020,-6.4754,-1876.3590,-87,-3870,2595,-0.0105,0.1477,-4.4981,-1.7974,2628,-934,3312,0.0055,0.0202,-3.5131,-0.9404,2222,-2316
29.320,18.8,-75.423,0.113,-0.638,2002,1,47.6,2758,-0.0056,-0.0011,-5.1744,-2388.9880,-47,-2813,3652,0.0107,0.0007,-6.5572,-1876.3440,-45,-3886,2590,-0.0106,-0.5526,-4.4053,-1.8178,1399,-2258,3321,0.0057,0.1087,-3.4291,-0.9762,2984,-1856
29.340,18.9,-71.295,0.114,-0.641,2025,1,121.6,2745,-0.0058,-0.1629,33.9039,0.6671,-317,2900,3665,0.0109,-0.0577,24.4479,1.2485,-513,3843,2580,-0.0108,0.0595,-4.8605,-1.8555,-2187,-1763,3332,0.0059,-0.0556,-3.7404,-1.0178,2051,-2494
29.360,18.8,-63.532,0.117,-0.644,2238,1,150.9,2747,-0.0058,-0.0186,30.4465,0.6639,-344,2642,3670,0.0110,0.0270,22.5886,1.2594,-13,3593,2580,-0.0108,0.0663,-4.2217,-1.8566,-1742,-2112,3335,0.0060,0.2108,-3.4040,-1.0283,2699,-2157
29.380,18.8,-56.957,0.123,-0.642,2253,1,153.0,2751,-0.0057,0.0226,27.0252,0.6565,-64,2576,3677,0.0111,-0.0051,20.7100,1.2745,82,3502,2576,-0.0109,0.1041,-3.7590,-1.8688,-779,-2438,3335,0.0060,0.0879,-3.0624,-1.0276,1893,-2520
29.400,18.9,-50.206,0.126,-0.625,2324,1,155.9,2756,-0.0056,-0.0156,23.8299,0.6449,-10,2558,3680,0.0112,-0.0214,18.5467,1.2802,-61,3496,2570,-0.0110,-0.3138,-3.0709,-1.8949,-1444,-2141,3326,0.0058,-0.0423,-2.5609,-0.9927,3384,-1228
29.420,19.0,-44.852,0.127,-0.604,2423,1,158.6,2768,-0.0054,-0.0395,20.6785,0.6191,-99,2580,3668,0.0110,-0.0074,16.6740,1.2550,-89,3513,2572,-0.0110,-0.2045,-2.9877,-1.8852,-520,-2254,3308,0.0054,0.0972,-2.6237,-0.9261,3407,-739
29.440,19.1,-39.691,0.127,-0.569,2628,1,160.6,2783,-0.0051,-0.0253,17.8432,0.5879,-154,2627,3653,0.0107,-0.0010,14.6711,1.2228,-40,3552,2583,-0.0107,0.0670,-2.9664,-1.8420,-491,-2193,3294,0.0051,0.4477,-2.6381,-0.8741,3185,-431
29.460,19.1,-34.765,0.126,-0.525,2642,1,119.0,2814,-0.0046,-0.0034,16.9655,110.5856,-92,2693,3633,0.0103,-0.0056,15.1321,141.2611,14,3555,2609,-0.0101,-0.0778,-2.9382,-1.7432,-800,-2129,3279,0.0048,0.3648,-2.5575,-0.8169,3056,-338
29.480,19.2,-29.554,0.125,-0.478,2716,1,25.1,2846,-0.0040,-0.0097,16.4505,229.3707,-39,2753,3603,0.0098,-0.0121,15.8090,292.4633,-11,3527,2637,-0.0095,-0.3086,-2.8090,-1.6372,-1388,-1999,3256,0.0042,0.3046,-2.4874,-0.7274,2932,-277
29.500,19.2,-24.301,0.129,-0.429,2642,1,-40.9,2886,-0.0033,-0.0215,15.4987,322.4542,-77,2819,3574,0.0092,-0.0096,15.9383,410.9800,-40,3499,2671,-0.0088,0.1896,-2.4876,-1.5080,-799,-2078,3234,0.0037,0.6664,-2.3084,-0.6424,2911,-266
29.520,19.2,-19.864,0.133,-0.373,2538,1,-40.9,2934,-0.0024,-0.0118,16.5384,506.1595,-79,2871,3551,0.0088,-0.0048,18.1662,644.8647,20,3441,2702,-0.0081,-0.2787,-2.3087,-1.3871,-2549,-1320,3208,0.0032,0.1971,-2.1709,-0.5425,2931,-265
29.540,19.1,-16.264,0.140,-0.310,2529,1,-40.1,2984,-0.0015,-0.0083,14.5735,506.0540,-84,2951,3522,0.0083,-0.0125,16.4713,644.8035,-53,3423,2735,-0.0074,0.0645,-2.5037,-1.2640,-2419,-1460,3174,0.0024,0.3269,-2.3305,-0.4157,3055,-354
29.560,19.0,-12.544,0.151,-0.243,2370,1,-39.7,3039,-0.0005,-0.0062,15.8717,688.5161,-23,3006,3486,0.0076,-0.0023,18.9260,877.0978,17,3358,2767,-0.0066,-0.2546,-2.4524,-1.1394,-2643,-1306,3133,0.0015,0.0051,-2.3003,-0.2561,3182,-511
29.580,18.9,-9.009,0.162,-0.181,2305,1,6.2,3101,0.0006,-0.0150,17.3856,870.4370,-34,3046,3451,0.0070,-0.0093,21.4248,1108.7260,41,3275,2796,-0.0060,0.0030,-2.4298,-1.0288,-2787,-1182,3083,0.0004,0.1838,-2.4020,-0.0664,3224,-752
29.600,18.8,-5.464,0.172,-0.126,2205,1,6.0,3160,0.0017,-0.0148,15.7831,870.3140,-111,3112,3420,0.0064,-0.0182,19.8951,1108.6610,-62,3241,2821,-0.0054,-0.2784,-2.2483,-0.9343,-2925,-973,3034,-0.0007,-0.0972,-2.2280,0.1218,3060,-1176
29.620,18.6,-1.881,0.183,-0.085,2278,1,46.1,3206,0.0026,-0.0011,17.4483,1049.6810,-28,3142,3387,0.0058,0.0023,22.5077,1337.0000,12,3176,2839,-0.0050,0.0075,-1.9529,-0.8647,-2951,-949,2987,-0.0017,0.2001,-1.9474,0.2999,3012,-1144
29.640,18.5,1.337,0.194,-0.056,2214,1,-38.6,3241,0.0032,-0.0110,19.6737,1251.7630,1,3135,3363,0.0054,-0.0022,25.6266,1594.2370,72,3100,2847,-0.0049,-0.2410,-1.7138,-0.8349,-2981,-880,2947,-0.0026,-0.0311,-1.7026,0.4519,3060,-949
29.660,18.3,4.285,0.205,-0.033,2213,1,-37.9,3270,0.0037,-0.0191,18.4238,1251.7020,-98,3156,3351,0.0052,-0.0262,24.3115,1594.2110,-39,3075,2849,-0.0048,0.0439,-1.4819,-0.8274,-2927,-950,2915,-0.0033,0.2593,-1.4693,0.5755,3101,-666
29.680,18.2,6.931,0.215,-0.016,2112,1,-37.9,3296,0.0042,-0.0005,20.4550,1434.3160,-32,3153,3344,0.0051,-0.0017,27.1580,1826.6850,-5,3034,2847,-0.0049,-0.2303,-1.2992,-0.8338,-2960,-846,2886,-0.0040,0.0102,-1.3215,0.6842,3078,-543
29.700,18.0,9.359,0.219,0.007,2112,1,-37.1,3315,0.0045,-0.0110,19.3679,1434.2770,-53,3168,3337,0.0049,-0.0124,25.7959,1826.6710,-32,3021,2844,-0.0049,0.0452,-1.1769,-0.8474,-2918,-840,2862,-0.0045,0.3102,-1.1823,0.7762,3025,-409
29.720,17.8,11.455,0.220,0.027,2012,1,-37.2,3325,0.0047,-0.0036,22.0830,1644.7100,-1,3142,3315,0.0045,0.0065,29.5277,2094.4730,42,2965,2844,-0.0049,-0.2194,-1.0455,-0.8461,-2942,-759,2836,-0.0051,0.0757,-1.1238,0.8775,2961,-332
29.740,17.6,13.467,0.221,0.043,2013,1,-36.4,3329,0.0048,-0.0158,21.1938,1644.7010,-59,3138,3291,0.0041,-0.0198,28.4962,2094.4240,-10,2933,2845,-0.0049,0.0672,-0.9478,-0.8422,-2798,-822,2814,-0.0056,0.4171,-0.9981,0.9618,2846,-239
29.760,17.4,15.287,0.222,0.059,1957,1,-36.7,3333,0.0049,-0.0001,24.5178,1882.8990,5,3099,3271,0.0037,0.0052,32.7765,2397.5550,42,2879,2847,-0.0049,-0.2106,-0.8833,-0.8369,-2820,-768,2796,-0.0060,0.1927,-0.9325,1.0292,2753,-190
29.780,17.2,17.055,0.224,0.070,2059,1,-36.8,3334,0.0049,-0.0154,23.7616,1882.8980,-42,3084,3248,0.0033,-0.0221,31.8848,2397.5070,-10,2844,2844,-0.0049,0.0844,-0.6278,-0.8454,-2625,-767,2774,-0.0065,0.5704,-0.6870,1.1122,2612,-127
29.800,17.0,18.781,0.227,0.074,2064,1,-37.5,3333,0.0049,-0.0106,23.0936,1885.9030,-74,3081,3233,0.0030,-0.0217,31.0032,2401.2990,-61,2826,2841,-0.0050,-0.1997,-0.4830,-0.8573,-2660,-660,2759,-0.0068,0.3591,-0.5733,1.1720,2514,-93
29.820,16.8,20.497,0.231,0.083,2145,1,-37.4,3336,0.0049,-0.0028,22.3676,1887.4130,-61,3091,3228,0.0030,-0.0072,30.0715,2403.2170,-65,2826,2837,-0.0051,0.0943,-0.3138,-0.8715,-2403,-615,2750,-0.0070,0.7345,-0.3160,1.2064,2420,-60
29.840,16.6,22.172,0.238,0.099,2143,1,-38.0,3345,0.0051,-0.0031,21.5540,1887.3940,-44,3113,3225,0.0029,0.0008,29.0741,2403.2090,-42,2832,2836,-0.0051,-0.1983,-0.1088,-0.8775,-2511,-461,2738,-0.0073,0.5110,-0.1561,1.2529,2354,-40
29.860,16.4,23.914,0.243,0.118,2225,1,-37.9,3367,0.0055,-0.0061,20.8688,1890.3400,-44,3149,3224,0.0029,-0.0014,28.0864,2407.0180,-25,2845,2841,-0.0050,0.0989,0.0186,-0.8598,-2177,-378,2724,-0.0076,0.9012,0.0267,1.3063,2280,-22
29.880,16.3,25.578,0.245,0.141,2207,1,-38.5,3388,0.0059,-0.0068,20.0859,1890.2960,-57,3187,3218,0.0028,-0.0075,27.0167,2407.0040,-30,2855,2849,-0.0048,-0.2030,0.1655,-0.8279,-2376,-238,2710,-0.0079,0.6599,0.1571,1.3602,2232,-12
29.900,16.1,27.226,0.248,0.158,2278,1,-38.3,3407,0.0062,-0.0039,19.3708,1893.1640,-54,3225,3204,0.0025,-0.0087,26.0565,2410.6770,-42,2860,2860,-0.0046,0.1052,0.3291,-0.7849,-2023,-119,2694,-0.0083,1.0497,0.2348,1.4195,2179,-5
29.920,15.9,28.746,0.249,0.176,2239,1,-38.7,3424,0.0065,-0.0037,18.5917,1893.1300,-51,3263,3197,0.0024,-0.0051,24.9533,2410.6610,-44,2874,2867,-0.0044,-0.2030,0.4419,-0.7589,-2338,8,2681,-0.0085,0.7837,0.3528,1.4680,2148,1
29.940,15.7,30.255,0.254,0.194,2287,1,-38.4,3438,0.0068,-0.0039,17.8428,1895.9330,-52,3300,3185,0.0022,-0.0033,23.9291,2414.2410,-40,2885,2878,-0.0042,0.1078,0.4272,-0.7176,-1992,71,2671,-0.0088,1.1613,0.5599,1.5079,2116,9
29.960,15.5,31.776,0.255,0.213,2244,1,-38.8,3462,0.0072,-0.0036,17.0883,1897.2600,-50,3348,3183,0.0021,-0.0031,22.7977,2415.9920,-35,2907,2887,-0.0040,-0.2103,0.4864,-0.6815,-2289,122,2659,-0.0090,0.8771,0.6562,1.5538,2093,13
29.981,15.3,33.243,0.253,0.235,2293,1,-38.4,3482,0.0076,-0.0037,16.2921,1897.2190,-53,3394,3175,0.0020,-0.0044,21.6307,2415.9750,-36,2926,2901,-0.0037,0.1113,0.6065,-0.6302,-1935,213,2649,-0.0093,1.2705,0.7202,1.5906,2067,16
30.001,15.2,34.711,0.252,0.248,2237,1,-38.7,3496,0.0078,-0.0028,15.5720,1899.9480,-50,3435,3157,0.0017,-0.0049,20.5738,2419.4480,-43,2937,2918,-0.0033,-0.2145,0.7201,-0.5655,-2269,282,2640,-0.0095,0.9658,0.7750,1.6249,2051,18
