Time,PosY,AngularVel_Mag,FL_Grounded,FL_SuspLen,FL_NormLoad,FL_LongSlip,FL_SlipAngle,FR_Grounded,FR_SuspLen,FR_NormLoad,FR_LongSlip,FR_SlipAngle,RL_Grounded,RL_SuspLen,RL_NormLoad,RL_LongSlip,RL_SlipAngle,RR_Grounded,RR_SuspLen,RR_NormLoad,RR_LongSlip,RR_SlipAngle
0.000,3.000,0.000,False,0.500,0.0,0.000,0.000,False,0.500,0.0,0.000,0.000,False,0.500,0.0,0.000,0.000,False,0.500,0.0,0.000,0.000
0.020,2.996,0.000,False,0.700,0.0,0.000,0.000,False,0.700,0.0,0.000,0.000,False,0.700,0.0,0.000,0.000,False,0.700,0.0,0.000,0.000
0.040,2.988,0.000,False,0.700,0.0,0.000,0.000,False,0.700,0.0,0.000,0.000,False,0.700,0.0,0.000,0.000,False,0.700,0.0,0.000,0.000
0.060,2.976,0.000,False,0.700,0.0,0.000,0.000,False,0.700,0.0,0.000,0.000,False,0.700,0.0,0.000,0.000,False,0.700,0.0,0.000,0.000
0.080,2.961,0.000,False,0.700,0.0,0.000,0.000,False,0.700,0.0,0.000,0.000,False,0.700,0.0,0.000,0.000,False,0.700,0.0,0.000,0.000
0.100,2.941,0.000,False,0.700,0.0,0.000,0.000,False,0.700,0.0,0.000,0.000,False,0.700,0.0,0.000,0.000,False,0.700,0.0,0.000,0.000
0.120,2.918,0.000,False,0.700,0.0,0.000,0.000,False,0.700,0.0,0.000,0.000,False,0.700,0.0,0.000,0.000,False,0.700,0.0,0.000,0.000
0.140,2.890,0.000,False,0.700,0.0,0.000,0.000,False,0.700,0.0,0.000,0.000,False,0.700,0.0,0.000,0.000,False,0.700,0.0,0.000,0.000
0.160,2.859,0.000,False,0.700,0.0,0.000,0.000,False,0.700,0.0,0.000,0.000,False,0.700,0.0,0.000,0.000,False,0.700,0.0,0.000,0.000
0.180,2.823,0.000,False,0.700,0.0,0.000,0.000,False,0.700,0.0,0.000,0.000,False,0.700,0.0,0.000,0.000,False,0.700,0.0,0.000,0.000
0.200,2.784,0.000,False,0.700,0.0,0.000,0.000,False,0.700,0.0,0.000,0.000,False,0.700,0.0,0.000,0.000,False,0.700,0.0,0.000,0.000
0.220,2.741,0.000,False,0.700,0.0,0.000,0.000,False,0.700,0.0,0.000,0.000,False,0.700,0.0,0.000,0.000,False,0.700,0.0,0.000,0.000
0.240,2.694,0.000,False,0.700,0.0,0.000,0.000,False,0.700,0.0,0.000,0.000,False,0.700,0.0,0.000,0.000,False,0.700,0.0,0.000,0.000
0.260,2.643,0.000,False,0.700,0.0,0.000,0.000,False,0.700,0.0,0.000,0.000,False,0.700,0.0,0.000,0.000,False,0.700,0.0,0.000,0.000
0.280,2.588,0.000,False,0.700,0.0,0.000,0.000,False,0.700,0.0,0.000,0.000,False,0.700,0.0,0.000,0.000,False,0.700,0.0,0.000,0.000
0.300,2.529,0.000,False,0.700,0.0,0.000,0.000,False,0.700,0.0,0.000,0.000,False,0.700,0.0,0.000,0.000,False,0.700,0.0,0.000,0.000
0.320,2.466,0.000,False,0.700,0.0,0.000,0.000,False,0.700,0.0,0.000,0.000,False,0.700,0.0,0.000,0.000,False,0.700,0.0,0.000,0.000
0.340,2.400,0.000,False,0.700,0.0,0.000,0.000,False,0.700,0.0,0.000,0.000,False,0.700,0.0,0.000,0.000,False,0.700,0.0,0.000,0.000
0.360,2.329,0.000,False,0.700,0.0,0.000,0.000,False,0.700,0.0,0.000,0.000,False,0.700,0.0,0.000,0.000,False,0.700,0.0,0.000,0.000
0.380,2.254,0.000,False,0.700,0.0,0.000,0.000,False,0.700,0.0,0.000,0.000,False,0.700,0.0,0.000,0.000,False,0.700,0.0,0.000,0.000
0.400,2.176,0.000,False,0.700,0.0,0.000,0.000,False,0.700,0.0,0.000,0.000,False,0.700,0.0,0.000,0.000,False,0.700,0.0,0.000,0.000
0.420,2.094,0.000,False,0.700,0.0,0.000,0.000,False,0.700,0.0,0.000,0.000,False,0.700,0.0,0.000,0.000,False,0.700,0.0,0.000,0.000
0.440,2.007,0.000,False,0.700,0.0,0.000,0.000,False,0.700,0.0,0.000,0.000,False,0.700,0.0,0.000,0.000,False,0.700,0.0,0.000,0.000
0.460,1.917,0.000,False,0.700,0.0,0.000,0.000,False,0.700,0.0,0.000,0.000,False,0.700,0.0,0.000,0.000,False,0.700,0.0,0.000,0.000
0.480,1.823,0.000,False,0.700,0.0,0.000,0.000,False,0.700,0.0,0.000,0.000,False,0.700,0.0,0.000,0.000,False,0.700,0.0,0.000,0.000
0.500,1.725,0.000,False,0.700,0.0,0.000,0.000,False,0.700,0.0,0.000,0.000,False,0.700,0.0,0.000,0.000,False,0.700,0.0,0.000,0.000
0.520,1.623,0.000,False,0.700,0.0,0.000,0.000,False,0.700,0.0,0.000,0.000,False,0.700,0.0,0.000,0.000,False,0.700,0.0,0.000,0.000
0.540,1.517,0.000,False,0.700,0.0,0.000,0.000,False,0.700,0.0,0.000,0.000,False,0.700,0.0,0.000,0.000,False,0.700,0.0,0.000,0.000
0.560,1.407,0.000,False,0.700,0.0,0.000,0.000,False,0.700,0.0,0.000,0.000,False,0.700,0.0,0.000,0.000,False,0.700,0.0,0.000,0.000
0.580,1.293,0.000,False,0.700,0.0,0.000,0.000,False,0.700,0.0,0.000,0.000,False,0.700,0.0,0.000,0.000,False,0.700,0.0,0.000,0.000
0.600,1.175,0.000,False,0.700,0.0,0.000,0.000,False,0.700,0.0,0.000,0.000,False,0.700,0.0,0.000,0.000,False,0.700,0.0,0.000,0.000
0.620,1.054,0.000,True,0.645,15514.0,0.000,0.000,True,0.645,15514.0,0.000,0.000,True,0.645,15514.0,0.000,0.000,True,0.645,15514.0,0.000,0.000
0.640,0.928,0.000,True,0.524,20458.3,0.000,0.000,True,0.524,20458.3,0.000,0.000,True,0.524,20458.3,0.000,0.000,True,0.524,20458.3,0.000,0.000
0.660,0.799,0.000,True,0.398,25539.9,0.000,0.000,True,0.398,25539.9,0.000,0.000,True,0.398,25539.9,0.000,0.000,True,0.398,25539.9,0.000,0.000
0.680,0.762,4.951,True,0.300,29661.1,-0.075,0.000,True,0.300,29661.1,-0.075,0.000,True,0.300,29661.1,-0.075,0.000,True,0.300,29661.1,-0.075,0.000
0.700,0.827,10.331,True,0.300,18371.9,-0.713,-1.256,True,0.348,0.0,0.876,-1.258,True,0.348,0.0,0.876,-1.258,True,0.300,8203.2,0.225,-1.257
0.720,0.995,16.062,True,0.300,7112.6,-0.112,-1.252,True,0.692,0.0,-0.270,-1.268,True,0.692,0.0,-0.270,-1.268,True,0.430,0.0,-0.738,-1.262
0.740,1.266,22.139,True,0.492,0.0,-0.546,-1.248,False,0.700,0.0,-0.270,-1.268,False,0.700,0.0,-0.270,-1.268,False,0.700,0.0,-0.738,-1.262
0.760,1.639,27.370,False,0.700,0.0,-0.546,-1.248,False,0.700,0.0,-0.270,-1.268,False,0.700,0.0,-0.270,-1.268,False,0.700,0.0,-0.738,-1.262
0.780,2.115,30.198,False,0.700,0.0,-0.546,-1.248,False,0.700,0.0,-0.270,-1.268,False,0.700,0.0,-0.270,-1.268,False,0.700,0.0,-0.738,-1.262
0.800,2.694,29.524,False,0.700,0.0,-0.546,-1.248,False,0.700,0.0,-0.270,-1.268,False,0.700,0.0,-0.270,-1.268,False,0.700,0.0,-0.738,-1.262
0.820,3.377,25.686,False,0.700,0.0,-0.546,-1.248,False,0.700,0.0,-0.270,-1.268,False,0.700,0.0,-0.270,-1.268,False,0.700,0.0,-0.738,-1.262
0.840,4.162,20.152,False,0.700,0.0,-0.546,-1.248,False,0.700,0.0,-0.270,-1.268,False,0.700,0.0,-0.270,-1.268,False,0.700,0.0,-0.738,-1.262
0.860,5.050,14.295,False,0.700,0.0,-0.546,-1.248,False,0.700,0.0,-0.270,-1.268,False,0.700,0.0,-0.270,-1.268,False,0.700,0.0,-0.738,-1.262
0.880,6.040,8.813,False,0.700,0.0,-0.546,-1.248,False,0.700,0.0,-0.270,-1.268,False,0.700,0.0,-0.270,-1.268,False,0.700,0.0,-0.738,-1.262
0.900,7.132,3.960,False,0.700,0.0,-0.546,-1.248,False,0.700,0.0,-0.270,-1.268,False,0.700,0.0,-0.270,-1.268,False,0.700,0.0,-0.738,-1.262
0.920,8.325,2.363,False,0.700,0.0,-0.546,-1.248,False,0.700,0.0,-0.270,-1.268,False,0.700,0.0,-0.270,-1.268,False,0.700,0.0,-0.738,-1.262
0.940,9.620,6.612,False,0.700,0.0,-0.546,-1.248,False,0.700,0.0,-0.270,-1.268,False,0.700,0.0,-0.270,-1.268,False,0.700,0.0,-0.738,-1.262
0.960,11.016,11.683,False,0.700,0.0,-0.546,-1.248,False,0.700,0.0,-0.270,-1.268,False,0.700,0.0,-0.270,-1.268,False,0.700,0.0,-0.738,-1.262
0.980,12.513,17.134,False,0.700,0.0,-0.546,-1.248,False,0.700,0.0,-0.270,-1.268,False,0.700,0.0,-0.270,-1.268,False,0.700,0.0,-0.738,-1.262
1.000,14.113,22.531,False,0.700,0.0,-0.546,-1.248,False,0.700,0.0,-0.270,-1.268,False,0.700,0.0,-0.270,-1.268,False,0.700,0.0,-0.738,-1.262
1.020,15.817,26.864,False,0.700,0.0,-0.546,-1.248,False,0.700,0.0,-0.270,-1.268,False,0.700,0.0,-0.270,-1.268,False,0.700,0.0,-0.738,-1.262
1.040,17.622,28.746,False,0.700,0.0,-0.546,-1.248,False,0.700,0.0,-0.270,-1.268,False,0.700,0.0,-0.270,-1.268,False,0.700,0.0,-0.738,-1.262
1.060,19.529,27.335,False,0.700,0.0,-0.546,-1.248,False,0.700,0.0,-0.270,-1.268,False,0.700,0.0,-0.270,-1.268,False,0.700,0.0,-0.738,-1.262
1.080,21.535,23.107,False,0.700,0.0,-0.546,-1.248,False,0.700,0.0,-0.270,-1.268,False,0.700,0.0,-0.270,-1.268,False,0.700,0.0,-0.738,-1.262
1.100,23.641,17.395,False,0.700,0.0,-0.546,-1.248,False,0.700,0.0,-0.270,-1.268,False,0.700,0.0,-0.270,-1.268,False,0.700,0.0,-0.738,-1.262
1.120,25.849,11.416,False,0.700,0.0,-0.546,-1.248,False,0.700,0.0,-0.270,-1.268,False,0.700,0.0,-0.270,-1.268,False,0.700,0.0,-0.738,-1.262
1.140,28.160,6.114,False,0.700,0.0,-0.546,-1.248,False,0.700,0.0,-0.270,-1.268,False,0.700,0.0,-0.270,-1.268,False,0.700,0.0,-0.738,-1.262
1.160,30.574,4.472,False,0.700,0.0,-0.546,-1.248,False,0.700,0.0,-0.270,-1.268,False,0.700,0.0,-0.270,-1.268,False,0.700,0.0,-0.738,-1.262
1.180,33.091,8.651,False,0.700,0.0,-0.546,-1.248,False,0.700,0.0,-0.270,-1.268,False,0.700,0.0,-0.270,-1.268,False,0.700,0.0,-0.738,-1.262
1.200,35.709,14.277,False,0.700,0.0,-0.546,-1.248,False,0.700,0.0,-0.270,-1.268,False,0.700,0.0,-0.270,-1.268,False,0.700,0.0,-0.738,-1.262
1.220,38.427,20.016,False,0.700,0.0,-0.546,-1.248,False,0.700,0.0,-0.270,-1.268,False,0.700,0.0,-0.270,-1.268,False,0.700,0.0,-0.738,-1.262
1.240,41.239,24.929,False,0.700,0.0,-0.546,-1.248,False,0.700,0.0,-0.270,-1.268,False,0.700,0.0,-0.270,-1.268,False,0.700,0.0,-0.738,-1.262
1.260,44.142,27.752,False,0.700,0.0,-0.546,-1.248,False,0.700,0.0,-0.270,-1.268,False,0.700,0.0,-0.270,-1.268,False,0.700,0.0,-0.738,-1.262
1.280,47.141,27.508,False,0.700,0.0,-0.546,-1.248,False,0.700,0.0,-0.270,-1.268,False,0.700,0.0,-0.270,-1.268,False,0.700,0.0,-0.738,-1.262
1.300,50.241,24.345,False,0.700,0.0,-0.546,-1.248,False,0.700,0.0,-0.270,-1.268,False,0.700,0.0,-0.270,-1.268,False,0.700,0.0,-0.738,-1.262
1.320,53.445,19.416,False,0.700,0.0,-0.546,-1.248,False,0.700,0.0,-0.270,-1.268,False,0.700,0.0,-0.270,-1.268,False,0.700,0.0,-0.738,-1.262
1.340,56.751,14.004,False,0.700,0.0,-0.546,-1.248,False,0.700,0.0,-0.270,-1.268,False,0.700,0.0,-0.270,-1.268,False,0.700,0.0,-0.738,-1.262
1.360,60.154,9.088,False,0.700,0.0,-0.546,-1.248,False,0.700,0.0,-0.270,-1.268,False,0.700,0.0,-0.270,-1.268,False,0.700,0.0,-0.738,-1.262
1.380,63.653,6.055,False,0.700,0.0,-0.546,-1.248,False,0.700,0.0,-0.270,-1.268,False,0.700,0.0,-0.270,-1.268,False,0.700,0.0,-0.738,-1.262
1.400,67.245,7.258,False,0.700,0.0,-0.546,-1.248,False,0.700,0.0,-0.270,-1.268,False,0.700,0.0,-0.270,-1.268,False,0.700,0.0,-0.738,-1.262
1.420,70.932,11.369,False,0.700,0.0,-0.546,-1.248,False,0.700,0.0,-0.270,-1.268,False,0.700,0.0,-0.270,-1.268,False,0.700,0.0,-0.738,-1.262
1.440,74.716,16.271,False,0.700,0.0,-0.546,-1.248,False,0.700,0.0,-0.270,-1.268,False,0.700,0.0,-0.270,-1.268,False,0.700,0.0,-0.738,-1.262
1.460,78.601,20.988,False,0.700,0.0,-0.546,-1.248,False,0.700,0.0,-0.270,-1.268,False,0.700,0.0,-0.270,-1.268,False,0.700,0.0,-0.738,-1.262
1.480,82.590,24.527,False,0.700,0.0,-0.546,-1.248,False,0.700,0.0,-0.270,-1.268,False,0.700,0.0,-0.270,-1.268,False,0.700,0.0,-0.738,-1.262
1.500,86.680,25.854,False,0.700,0.0,-0.546,-1.248,False,0.700,0.0,-0.270,-1.268,False,0.700,0.0,-0.270,-1.268,False,0.700,0.0,-0.738,-1.262
1.520,90.866,24.490,False,0.700,0.0,-0.546,-1.248,False,0.700,0.0,-0.270,-1.268,False,0.700,0.0,-0.270,-1.268,False,0.700,0.0,-0.738,-1.262
1.540,95.148,20.889,False,0.700,0.0,-0.546,-1.248,False,0.700,0.0,-0.270,-1.268,False,0.700,0.0,-0.270,-1.268,False,0.700,0.0,-0.738,-1.262
1.560,99.526,16.085,False,0.700,0.0,-0.546,-1.248,False,0.700,0.0,-0.270,-1.268,False,0.700,0.0,-0.270,-1.268,False,0.700,0.0,-0.738,-1.262
1.580,104.004,11.151,False,0.700,0.0,-0.546,-1.248,False,0.700,0.0,-0.270,-1.268,False,0.700,0.0,-0.270,-1.268,False,0.700,0.0,-0.738,-1.262
1.600,108.585,7.441,False,0.700,0.0,-0.546,-1.248,False,0.700,0.0,-0.270,-1.268,False,0.700,0.0,-0.270,-1.268,False,0.700,0.0,-0.738,-1.262
1.620,113.267,7.559,False,0.700,0.0,-0.546,-1.248,False,0.700,0.0,-0.270,-1.268,False,0.700,0.0,-0.270,-1.268,False,0.700,0.0,-0.738,-1.262
1.640,118.050,11.549,False,0.700,0.0,-0.546,-1.248,False,0.700,0.0,-0.270,-1.268,False,0.700,0.0,-0.270,-1.268,False,0.700,0.0,-0.738,-1.262
1.660,122.929,16.887,False,0.700,0.0,-0.546,-1.248,False,0.700,0.0,-0.270,-1.268,False,0.700,0.0,-0.270,-1.268,False,0.700,0.0,-0.738,-1.262
1.680,127.892,22.167,False,0.700,0.0,-0.546,-1.248,False,0.700,0.0,-0.270,-1.268,False,0.700,0.0,-0.270,-1.268,False,0.700,0.0,-0.738,-1.262
1.700,132.921,26.124,False,0.700,0.0,-0.546,-1.248,False,0.700,0.0,-0.270,-1.268,False,0.700,0.0,-0.270,-1.268,False,0.700,0.0,-0.738,-1.262
1.720,138.021,27.499,False,0.700,0.0,-0.546,-1.248,False,0.700,0.0,-0.270,-1.268,False,0.700,0.0,-0.270,-1.268,False,0.700,0.0,-0.738,-1.262
1.740,143.214,25.817,False,0.700,0.0,-0.546,-1.248,False,0.700,0.0,-0.270,-1.268,False,0.700,0.0,-0.270,-1.268,False,0.700,0.0,-0.738,-1.262
1.760,148.510,21.823,False,0.700,0.0,-0.546,-1.248,False,0.700,0.0,-0.270,-1.268,False,0.700,0.0,-0.270,-1.268,False,0.700,0.0,-0.738,-1.262
1.780,153.908,16.914,False,0.700,0.0,-0.546,-1.248,False,0.700,0.0,-0.270,-1.268,False,0.700,0.0,-0.270,-1.268,False,0.700,0.0,-0.738,-1.262
1.800,159.402,12.423,False,0.700,0.0,-0.546,-1.248,False,0.700,0.0,-0.270,-1.268,False,0.700,0.0,-0.270,-1.268,False,0.700,0.0,-0.738,-1.262
1.820,164.984,9.636,False,0.700,0.0,-0.546,-1.248,False,0.700,0.0,-0.270,-1.268,False,0.700,0.0,-0.270,-1.268,False,0.700,0.0,-0.738,-1.262
1.840,170.648,9.701,False,0.700,0.0,-0.546,-1.248,False,0.700,0.0,-0.270,-1.268,False,0.700,0.0,-0.270,-1.268,False,0.700,0.0,-0.738,-1.262
1.860,176.397,12.164,False,0.700,0.0,-0.546,-1.248,False,0.700,0.0,-0.270,-1.268,False,0.700,0.0,-0.270,-1.268,False,0.700,0.0,-0.738,-1.262
1.880,182.233,15.586,False,0.700,0.0,-0.546,-1.248,False,0.700,0.0,-0.270,-1.268,False,0.700,0.0,-0.270,-1.268,False,0.700,0.0,-0.738,-1.262
1.900,188.165,18.942,False,0.700,0.0,-0.546,-1.248,False,0.700,0.0,-0.270,-1.268,False,0.700,0.0,-0.270,-1.268,False,0.700,0.0,-0.738,-1.262
1.920,194.193,21.458,False,0.700,0.0,-0.546,-1.248,False,0.700,0.0,-0.270,-1.268,False,0.700,0.0,-0.270,-1.268,False,0.700,0.0,-0.738,-1.262
1.940,200.316,22.494,False,0.700,0.0,-0.546,-1.248,False,0.700,0.0,-0.270,-1.268,False,0.700,0.0,-0.270,-1.268,False,0.700,0.0,-0.738,-1.262
1.960,206.529,21.741,False,0.700,0.0,-0.546,-1.248,False,0.700,0.0,-0.270,-1.268,False,0.700,0.0,-0.270,-1.268,False,0.700,0.0,-0.738,-1.262
1.980,212.832,19.389,False,0.700,0.0,-0.546,-1.248,False,0.700,0.0,-0.270,-1.268,False,0.700,0.0,-0.270,-1.268,False,0.700,0.0,-0.738,-1.262
2.000,219.227,16.042,False,0.700,0.0,-0.546,-1.248,False,0.700,0.0,-0.270,-1.268,False,0.700,0.0,-0.270,-1.268,False,0.700,0.0,-0.738,-1.262
2.020,225.717,12.536,False,0.700,0.0,-0.546,-1.248,False,0.700,0.0,-0.270,-1.268,False,0.700,0.0,-0.270,-1.268,False,0.700,0.0,-0.738,-1.262
2.040,232.304,10.067,False,0.700,0.0,-0.546,-1.248,False,0.700,0.0,-0.270,-1.268,False,0.700,0.0,-0.270,-1.268,False,0.700,0.0,-0.738,-1.262
2.060,238.989,10.238,False,0.700,0.0,-0.546,-1.248,False,0.700,0.0,-0.270,-1.268,False,0.700,0.0,-0.270,-1.268,False,0.700,0.0,-0.738,-1.262
2.080,245.770,13.302,False,0.700,0.0,-0.546,-1.248,False,0.700,0.0,-0.270,-1.268,False,0.700,0.0,-0.270,-1.268,False,0.700,0.0,-0.738,-1.262
2.100,252.633,17.807,False,0.700,0.0,-0.546,-1.248,False,0.700,0.0,-0.270,-1.268,False,0.700,0.0,-0.270,-1.268,False,0.700,0.0,-0.738,-1.262
2.120,259.549,22.274,False,0.700,0.0,-0.546,-1.248,False,0.700,0.0,-0.270,-1.268,False,0.700,0.0,-0.270,-1.268,False,0.700,0.0,-0.738,-1.262
2.140,266.494,25.307,False,0.700,0.0,-0.546,-1.248,False,0.700,0.0,-0.270,-1.268,False,0.700,0.0,-0.270,-1.268,False,0.700,0.0,-0.738,-1.262
2.160,273.486,25.775,False,0.700,0.0,-0.546,-1.248,False,0.700,0.0,-0.270,-1.268,False,0.700,0.0,-0.270,-1.268,False,0.700,0.0,-0.738,-1.262
2.180,280.567,23.449,False,0.700,0.0,-0.546,-1.248,False,0.700,0.0,-0.270,-1.268,False,0.700,0.0,-0.270,-1.268,False,0.700,0.0,-0.738,-1.262
2.200,287.750,19.153,False,0.700,0.0,-0.546,-1.248,False,0.700,0.0,-0.270,-1.268,False,0.700,0.0,-0.270,-1.268,False,0.700,0.0,-0.738,-1.262
2.220,295.035,14.199,False,0.700,0.0,-0.546,-1.248,False,0.700,0.0,-0.270,-1.268,False,0.700,0.0,-0.270,-1.268,False,0.700,0.0,-0.738,-1.262
2.240,302.415,10.057,False,0.700,0.0,-0.546,-1.248,False,0.700,0.0,-0.270,-1.268,False,0.700,0.0,-0.270,-1.268,False,0.700,0.0,-0.738,-1.262
2.260,309.880,8.761,False,0.700,0.0,-0.546,-1.248,False,0.700,0.0,-0.270,-1.268,False,0.700,0.0,-0.270,-1.268,False,0.700,0.0,-0.738,-1.262
2.280,317.430,11.165,False,0.700,0.0,-0.546,-1.248,False,0.700,0.0,-0.270,-1.268,False,0.700,0.0,-0.270,-1.268,False,0.700,0.0,-0.738,-1.262
2.300,325.073,15.268,False,0.700,0.0,-0.546,-1.248,False,0.700,0.0,-0.270,-1.268,False,0.700,0.0,-0.270,-1.268,False,0.700,0.0,-0.738,-1.262
2.320,332.816,19.347,False,0.700,0.0,-0.546,-1.248,False,0.700,0.0,-0.270,-1.268,False,0.700,0.0,-0.270,-1.268,False,0.700,0.0,-0.738,-1.262
2.340,340.658,22.268,False,0.700,0.0,-0.546,-1.248,False,0.700,0.0,-0.270,-1.268,False,0.700,0.0,-0.270,-1.268,False,0.700,0.0,-0.738,-1.262
2.360,348.591,23.181,False,0.700,0.0,-0.546,-1.248,False,0.700,0.0,-0.270,-1.268,False,0.700,0.0,-0.270,-1.268,False,0.700,0.0,-0.738,-1.262
2.380,356.603,21.797,False,0.700,0.0,-0.546,-1.248,False,0.700,0.0,-0.270,-1.268,False,0.700,0.0,-0.270,-1.268,False,0.700,0.0,-0.738,-1.262
2.400,364.690,18.553,False,0.700,0.0,-0.546,-1.248,False,0.700,0.0,-0.270,-1.268,False,0.700,0.0,-0.270,-1.268,False,0.700,0.0,-0.738,-1.262
2.420,372.861,14.325,False,0.700,0.0,-0.546,-1.248,False,0.700,0.0,-0.270,-1.268,False,0.700,0.0,-0.270,-1.268,False,0.700,0.0,-0.738,-1.262
2.440,381.125,10.151,False,0.700,0.0,-0.546,-1.248,False,0.700,0.0,-0.270,-1.268,False,0.700,0.0,-0.270,-1.268,False,0.700,0.0,-0.738,-1.262
2.460,389.486,7.633,False,0.700,0.0,-0.546,-1.248,False,0.700,0.0,-0.270,-1.268,False,0.700,0.0,-0.270,-1.268,False,0.700,0.0,-0.738,-1.262
2.480,397.943,8.889,False,0.700,0.0,-0.546,-1.248,False,0.700,0.0,-0.270,-1.268,False,0.700,0.0,-0.270,-1.268,False,0.700,0.0,-0.738,-1.262
2.500,406.487,13.024,False,0.700,0.0,-0.546,-1.248,False,0.700,0.0,-0.270,-1.268,False,0.700,0.0,-0.270,-1.268,False,0.700,0.0,-0.738,-1.262
2.520,415.095,18.047,False,0.700,0.0,-0.546,-1.248,False,0.700,0.0,-0.270,-1.268,False,0.700,0.0,-0.270,-1.268,False,0.700,0.0,-0.738,-1.262
2.540,423.721,22.674,False,0.700,0.0,-0.546,-1.248,False,0.700,0.0,-0.270,-1.268,False,0.700,0.0,-0.270,-1.268,False,0.700,0.0,-0.738,-1.262
2.560,432.336,25.656,False,0.700,0.0,-0.546,-1.248,False,0.700,0.0,-0.270,-1.268,False,0.700,0.0,-0.270,-1.268,False,0.700,0.0,-0.738,-1.262
2.580,440.980,25.966,False,0.700,0.0,-0.546,-1.248,False,0.700,0.0,-0.270,-1.268,False,0.700,0.0,-0.270,-1.268,False,0.700,0.0,-0.738,-1.262
2.600,449.710,23.465,False,0.700,0.0,-0.546,-1.248,False,0.700,0.0,-0.270,-1.268,False,0.700,0.0,-0.270,-1.268,False,0.700,0.0,-0.738,-1.262
2.620,458.543,19.009,False,0.700,0.0,-0.546,-1.248,False,0.700,0.0,-0.270,-1.268,False,0.700,0.0,-0.270,-1.268,False,0.700,0.0,-0.738,-1.262
2.640,467.477,13.829,False,0.700,0.0,-0.546,-1.248,False,0.700,0.0,-0.270,-1.268,False,0.700,0.0,-0.270,-1.268,False,0.700,0.0,-0.738,-1.262
2.660,476.496,9.166,False,0.700,0.0,-0.546,-1.248,False,0.700,0.0,-0.270,-1.268,False,0.700,0.0,-0.270,-1.268,False,0.700,0.0,-0.738,-1.262
2.680,485.586,7.061,False,0.700,0.0,-0.546,-1.248,False,0.700,0.0,-0.270,-1.268,False,0.700,0.0,-0.270,-1.268,False,0.700,0.0,-0.738,-1.262
2.700,494.744,9.374,False,0.700,0.0,-0.546,-1.248,False,0.700,0.0,-0.270,-1.268,False,0.700,0.0,-0.270,-1.268,False,0.700,0.0,-0.738,-1.262
2.720,503.981,13.985,False,0.700,0.0,-0.546,-1.248,False,0.700,0.0,-0.270,-1.268,False,0.700,0.0,-0.270,-1.268,False,0.700,0.0,-0.738,-1.262
2.740,513.316,18.998,False,0.700,0.0,-0.546,-1.248,False,0.700,0.0,-0.270,-1.268,False,0.700,0.0,-0.270,-1.268,False,0.700,0.0,-0.738,-1.262
2.760,522.753,23.308,False,0.700,0.0,-0.546,-1.248,False,0.700,0.0,-0.270,-1.268,False,0.700,0.0,-0.270,-1.268,False,0.700,0.0,-0.738,-1.262
2.780,532.288,25.841,False,0.700,0.0,-0.546,-1.248,False,0.700,0.0,-0.270,-1.268,False,0.700,0.0,-0.270,-1.268,False,0.700,0.0,-0.738,-1.262
2.800,541.898,25.841,False,0.700,0.0,-0.546,-1.248,False,0.700,0.0,-0.270,-1.268,False,0.700,0.0,-0.270,-1.268,False,0.700,0.0,-0.738,-1.262
2.820,551.568,23.391,False,0.700,0.0,-0.546,-1.248,False,0.700,0.0,-0.270,-1.268,False,0.700,0.0,-0.270,-1.268,False,0.700,0.0,-0.738,-1.262
2.840,561.314,19.334,False,0.700,0.0,-0.546,-1.248,False,0.700,0.0,-0.270,-1.268,False,0.700,0.0,-0.270,-1.268,False,0.700,0.0,-0.738,-1.262
2.860,571.149,14.664,False,0.700,0.0,-0.546,-1.248,False,0.700,0.0,-0.270,-1.268,False,0.700,0.0,-0.270,-1.268,False,0.700,0.0,-0.738,-1.262
2.880,581.081,10.105,False,0.700,0.0,-0.546,-1.248,False,0.700,0.0,-0.270,-1.268,False,0.700,0.0,-0.270,-1.268,False,0.700,0.0,-0.738,-1.262
2.900,591.112,6.285,False,0.700,0.0,-0.546,-1.248,False,0.700,0.0,-0.270,-1.268,False,0.700,0.0,-0.270,-1.268,False,0.700,0.0,-0.738,-1.262
2.920,601.244,4.910,False,0.700,0.0,-0.546,-1.248,False,0.700,0.0,-0.270,-1.268,False,0.700,0.0,-0.270,-1.268,False,0.700,0.0,-0.738,-1.262
2.940,611.476,7.536,False,0.700,0.0,-0.546,-1.248,False,0.700,0.0,-0.270,-1.268,False,0.700,0.0,-0.270,-1.268,False,0.700,0.0,-0.738,-1.262
2.960,621.809,12.068,False,0.700,0.0,-0.546,-1.248,False,0.700,0.0,-0.270,-1.268,False,0.700,0.0,-0.270,-1.268,False,0.700,0.0,-0.738,-1.262
2.980,632.235,17.331,False,0.700,0.0,-0.546,-1.248,False,0.700,0.0,-0.270,-1.268,False,0.700,0.0,-0.270,-1.268,False,0.700,0.0,-0.738,-1.262
3.000,642.724,22.624,False,0.700,0.0,-0.546,-1.248,False,0.700,0.0,-0.270,-1.268,False,0.700,0.0,-0.270,-1.268,False,0.700,0.0,-0.738,-1.262
3.020,653.205,26.819,False,0.700,0.0,-0.546,-1.248,False,0.700,0.0,-0.270,-1.268,False,0.700,0.0,-0.270,-1.268,False,0.700,0.0,-0.738,-1.262
3.040,663.655,28.493,False,0.700,0.0,-0.546,-1.248,False,0.700,0.0,-0.270,-1.268,False,0.700,0.0,-0.270,-1.268,False,0.700,0.0,-0.738,-1.262
3.060,674.153,26.853,False,0.700,0.0,-0.546,-1.248,False,0.700,0.0,-0.270,-1.268,False,0.700,0.0,-0.270,-1.268,False,0.700,0.0,-0.738,-1.262
3.080,684.752,22.446,False,0.700,0.0,-0.546,-1.248,False,0.700,0.0,-0.270,-1.268,False,0.700,0.0,-0.270,-1.268,False,0.700,0.0,-0.738,-1.262
3.100,695.453,16.613,False,0.700,0.0,-0.546,-1.248,False,0.700,0.0,-0.270,-1.268,False,0.700,0.0,-0.270,-1.268,False,0.700,0.0,-0.738,-1.262
3.120,706.237,10.521,False,0.700,0.0,-0.546,-1.248,False,0.700,0.0,-0.270,-1.268,False,0.700,0.0,-0.270,-1.268,False,0.700,0.0,-0.738,-1.262
3.140,717.073,5.081,False,0.700,0.0,-0.546,-1.248,False,0.700,0.0,-0.270,-1.268,False,0.700,0.0,-0.270,-1.268,False,0.700,0.0,-0.738,-1.262
3.160,727.945,4.174,False,0.700,0.0,-0.546,-1.248,False,0.700,0.0,-0.270,-1.268,False,0.700,0.0,-0.270,-1.268,False,0.700,0.0,-0.738,-1.262
3.180,738.861,9.084,False,0.700,0.0,-0.546,-1.248,False,0.700,0.0,-0.270,-1.268,False,0.700,0.0,-0.270,-1.268,False,0.700,0.0,-0.738,-1.262
3.200,749.848,14.876,False,0.700,0.0,-0.546,-1.248,False,0.700,0.0,-0.270,-1.268,False,0.700,0.0,-0.270,-1.268,False,0.700,0.0,-0.738,-1.262
3.220,760.936,20.502,False,0.700,0.0,-0.546,-1.248,False,0.700,0.0,-0.270,-1.268,False,0.700,0.0,-0.270,-1.268,False,0.700,0.0,-0.738,-1.262
3.240,772.129,24.987,False,0.700,0.0,-0.546,-1.248,False,0.700,0.0,-0.270,-1.268,False,0.700,0.0,-0.270,-1.268,False,0.700,0.0,-0.738,-1.262
3.260,783.397,27.096,False,0.700,0.0,-0.546,-1.248,False,0.700,0.0,-0.270,-1.268,False,0.700,0.0,-0.270,-1.268,False,0.700,0.0,-0.738,-1.262
3.280,794.646,26.081,False,0.700,0.0,-0.546,-1.248,False,0.700,0.0,-0.270,-1.268,False,0.700,0.0,-0.270,-1.268,False,0.700,0.0,-0.738,-1.262
3.300,805.846,22.338,False,0.700,0.0,-0.546,-1.248,False,0.700,0.0,-0.270,-1.268,False,0.700,0.0,-0.270,-1.268,False,0.700,0.0,-0.738,-1.262
3.320,817.063,17.045,False,0.700,0.0,-0.546,-1.248,False,0.700,0.0,-0.270,-1.268,False,0.700,0.0,-0.270,-1.268,False,0.700,0.0,-0.738,-1.262
3.340,828.353,11.274,False,0.700,0.0,-0.546,-1.248,False,0.700,0.0,-0.270,-1.268,False,0.700,0.0,-0.270,-1.268,False,0.700,0.0,-0.738,-1.262
3.360,839.739,5.583,False,0.700,0.0,-0.546,-1.248,False,0.700,0.0,-0.270,-1.268,False,0.700,0.0,-0.270,-1.268,False,0.700,0.0,-0.738,-1.262
3.380,851.224,1.101,False,0.700,0.0,-0.546,-1.248,False,0.700,0.0,-0.270,-1.268,False,0.700,0.0,-0.270,-1.268,False,0.700,0.0,-0.738,-1.262
3.400,862.810,5.869,False,0.700,0.0,-0.546,-1.248,False,0.700,0.0,-0.270,-1.268,False,0.700,0.0,-0.270,-1.268,False,0.700,0.0,-0.738,-1.262
3.420,874.489,11.578,False,0.700,0.0,-0.546,-1.248,False,0.700,0.0,-0.270,-1.268,False,0.700,0.0,-0.270,-1.268,False,0.700,0.0,-0.738,-1.262
3.440,886.237,17.359,False,0.700,0.0,-0.546,-1.248,False,0.700,0.0,-0.270,-1.268,False,0.700,0.0,-0.270,-1.268,False,0.700,0.0,-0.738,-1.262
3.460,897.988,22.627,False,0.700,0.0,-0.546,-1.248,False,0.700,0.0,-0.270,-1.268,False,0.700,0.0,-0.270,-1.268,False,0.700,0.0,-0.738,-1.262
3.480,909.665,26.273,False,0.700,0.0,-0.546,-1.248,False,0.700,0.0,-0.270,-1.268,False,0.700,0.0,-0.270,-1.268,False,0.700,0.0,-0.738,-1.262
3.500,921.301,27.103,False,0.700,0.0,-0.546,-1.248,False,0.700,0.0,-0.270,-1.268,False,0.700,0.0,-0.270,-1.268,False,0.700,0.0,-0.738,-1.262
3.520,933.006,24.758,False,0.700,0.0,-0.546,-1.248,False,0.700,0.0,-0.270,-1.268,False,0.700,0.0,-0.270,-1.268,False,0.700,0.0,-0.738,-1.262
3.540,944.816,20.041,False,0.700,0.0,-0.546,-1.248,False,0.700,0.0,-0.270,-1.268,False,0.700,0.0,-0.270,-1.268,False,0.700,0.0,-0.738,-1.262
3.560,956.727,14.201,False,0.700,0.0,-0.546,-1.248,False,0.700,0.0,-0.270,-1.268,False,0.700,0.0,-0.270,-1.268,False,0.700,0.0,-0.738,-1.262
3.580,968.709,8.175,False,0.700,0.0,-0.546,-1.248,False,0.700,0.0,-0.270,-1.268,False,0.700,0.0,-0.270,-1.268,False,0.700,0.0,-0.738,-1.262
3.600,980.737,2.997,False,0.700,0.0,-0.546,-1.248,False,0.700,0.0,-0.270,-1.268,False,0.700,0.0,-0.270,-1.268,False,0.700,0.0,-0.738,-1.262
3.620,992.805,5.227,False,0.700,0.0,-0.546,-1.248,False,0.700,0.0,-0.270,-1.268,False,0.700,0.0,-0.270,-1.268,False,0.700,0.0,-0.738,-1.262
3.640,1004.934,11.120,False,0.700,0.0,-0.546,-1.248,False,0.700,0.0,-0.270,-1.268,False,0.700,0.0,-0.270,-1.268,False,0.700,0.0,-0.738,-1.262
3.660,1017.153,17.242,False,0.700,0.0,-0.546,-1.248,False,0.700,0.0,-0.270,-1.268,False,0.700,0.0,-0.270,-1.268,False,0.700,0.0,-0.738,-1.262
3.680,1029.476,22.806,False,0.700,0.0,-0.546,-1.248,False,0.700,0.0,-0.270,-1.268,False,0.700,0.0,-0.270,-1.268,False,0.700,0.0,-0.738,-1.262
3.700,1041.892,26.641,False,0.700,0.0,-0.546,-1.248,False,0.700,0.0,-0.270,-1.268,False,0.700,0.0,-0.270,-1.268,False,0.700,0.0,-0.738,-1.262
3.720,1054.311,27.562,False,0.700,0.0,-0.546,-1.248,False,0.700,0.0,-0.270,-1.268,False,0.700,0.0,-0.270,-1.268,False,0.700,0.0,-0.738,-1.262
3.740,1066.651,25.318,False,0.700,0.0,-0.546,-1.248,False,0.700,0.0,-0.270,-1.268,False,0.700,0.0,-0.270,-1.268,False,0.700,0.0,-0.738,-1.262
3.760,1078.969,20.852,False,0.700,0.0,-0.546,-1.248,False,0.700,0.0,-0.270,-1.268,False,0.700,0.0,-0.270,-1.268,False,0.700,0.0,-0.738,-1.262
3.780,1091.345,15.508,False,0.700,0.0,-0.546,-1.248,False,0.700,0.0,-0.270,-1.268,False,0.700,0.0,-0.270,-1.268,False,0.700,0.0,-0.738,-1.262
3.800,1103.813,10.279,False,0.700,0.0,-0.546,-1.248,False,0.700,0.0,-0.270,-1.268,False,0.700,0.0,-0.270,-1.268,False,0.700,0.0,-0.738,-1.262
3.820,1116.379,5.953,False,0.700,0.0,-0.546,-1.248,False,0.700,0.0,-0.270,-1.268,False,0.700,0.0,-0.270,-1.268,False,0.700,0.0,-0.738,-1.262
3.840,1129.044,4.735,False,0.700,0.0,-0.546,-1.248,False,0.700,0.0,-0.270,-1.268,False,0.700,0.0,-0.270,-1.268,False,0.700,0.0,-0.738,-1.262
3.860,1141.809,7.925,False,0.700,0.0,-0.546,-1.248,False,0.700,0.0,-0.270,-1.268,False,0.700,0.0,-0.270,-1.268,False,0.700,0.0,-0.738,-1.262
3.880,1154.670,12.606,False,0.700,0.0,-0.546,-1.248,False,0.700,0.0,-0.270,-1.268,False,0.700,0.0,-0.270,-1.268,False,0.700,0.0,-0.738,-1.262
3.900,1167.620,17.634,False,0.700,0.0,-0.546,-1.248,False,0.700,0.0,-0.270,-1.268,False,0.700,0.0,-0.270,-1.268,False,0.700,0.0,-0.738,-1.262
3.920,1180.627,22.313,False,0.700,0.0,-0.546,-1.248,False,0.700,0.0,-0.270,-1.268,False,0.700,0.0,-0.270,-1.268,False,0.700,0.0,-0.738,-1.262
3.940,1193.648,25.654,False,0.700,0.0,-0.546,-1.248,False,0.700,0.0,-0.270,-1.268,False,0.700,0.0,-0.270,-1.268,False,0.700,0.0,-0.738,-1.262
3.960,1206.689,26.618,False,0.700,0.0,-0.546,-1.248,False,0.700,0.0,-0.270,-1.268,False,0.700,0.0,-0.270,-1.268,False,0.700,0.0,-0.738,-1.262
3.980,1219.809,24.809,False,0.700,0.0,-0.546,-1.248,False,0.700,0.0,-0.270,-1.268,False,0.700,0.0,-0.270,-1.268,False,0.700,0.0,-0.738,-1.262
4.000,1233.032,20.804,False,0.700,0.0,-0.546,-1.248,False,0.700,0.0,-0.270,-1.268,False,0.700,0.0,-0.270,-1.268,False,0.700,0.0,-0.738,-1.262
4.020,1246.353,15.676,False,0.700,0.0,-0.546,-1.248,False,0.700,0.0,-0.270,-1.268,False,0.700,0.0,-0.270,-1.268,False,0.700,0.0,-0.738,-1.262
4.040,1259.732,10.387,False,0.700,0.0,-0.546,-1.248,False,0.700,0.0,-0.270,-1.268,False,0.700,0.0,-0.270,-1.268,False,0.700,0.0,-0.738,-1.262
4.060,1273.129,5.996,False,0.700,0.0,-0.546,-1.248,False,0.700,0.0,-0.270,-1.268,False,0.700,0.0,-0.270,-1.268,False,0.700,0.0,-0.738,-1.262
4.080,1286.527,5.626,False,0.700,0.0,-0.546,-1.248,False,0.700,0.0,-0.270,-1.268,False,0.700,0.0,-0.270,-1.268,False,0.700,0.0,-0.738,-1.262
4.100,1299.947,9.868,False,0.700,0.0,-0.546,-1.248,False,0.700,0.0,-0.270,-1.268,False,0.700,0.0,-0.270,-1.268,False,0.700,0.0,-0.738,-1.262
4.120,1313.434,15.386,False,0.700,0.0,-0.546,-1.248,False,0.700,0.0,-0.270,-1.268,False,0.700,0.0,-0.270,-1.268,False,0.700,0.0,-0.738,-1.262
4.140,1327.021,20.918,False,0.700,0.0,-0.546,-1.248,False,0.700,0.0,-0.270,-1.268,False,0.700,0.0,-0.270,-1.268,False,0.700,0.0,-0.738,-1.262
4.160,1340.710,25.362,False,0.700,0.0,-0.546,-1.248,False,0.700,0.0,-0.270,-1.268,False,0.700,0.0,-0.270,-1.268,False,0.700,0.0,-0.738,-1.262
4.180,1354.424,27.428,False,0.700,0.0,-0.546,-1.248,False,0.700,0.0,-0.270,-1.268,False,0.700,0.0,-0.270,-1.268,False,0.700,0.0,-0.738,-1.262
4.200,1367.995,26.366,False,0.700,0.0,-0.546,-1.248,False,0.700,0.0,-0.270,-1.268,False,0.700,0.0,-0.270,-1.268,False,0.700,0.0,-0.738,-1.262
4.220,1381.402,22.632,False,0.700,0.0,-0.546,-1.248,False,0.700,0.0,-0.270,-1.268,False,0.700,0.0,-0.270,-1.268,False,0.700,0.0,-0.738,-1.262
4.240,1394.777,17.495,False,0.700,0.0,-0.546,-1.248,False,0.700,0.0,-0.270,-1.268,False,0.700,0.0,-0.270,-1.268,False,0.700,0.0,-0.738,-1.262
4.260,1408.214,12.203,False,0.700,0.0,-0.546,-1.248,False,0.700,0.0,-0.270,-1.268,False,0.700,0.0,-0.270,-1.268,False,0.700,0.0,-0.738,-1.262
4.280,1421.745,7.855,False,0.700,0.0,-0.546,-1.248,False,0.700,0.0,-0.270,-1.268,False,0.700,0.0,-0.270,-1.268,False,0.700,0.0,-0.738,-1.262
4.300,1435.373,6.357,False,0.700,0.0,-0.546,-1.248,False,0.700,0.0,-0.270,-1.268,False,0.700,0.0,-0.270,-1.268,False,0.700,0.0,-0.738,-1.262
4.320,1449.097,8.784,False,0.700,0.0,-0.546,-1.248,False,0.700,0.0,-0.270,-1.268,False,0.700,0.0,-0.270,-1.268,False,0.700,0.0,-0.738,-1.262
4.340,1462.908,12.846,False,0.700,0.0,-0.546,-1.248,False,0.700,0.0,-0.270,-1.268,False,0.700,0.0,-0.270,-1.268,False,0.700,0.0,-0.738,-1.262
4.360,1476.789,17.047,False,0.700,0.0,-0.546,-1.248,False,0.700,0.0,-0.270,-1.268,False,0.700,0.0,-0.270,-1.268,False,0.700,0.0,-0.738,-1.262
4.380,1490.717,20.539,False,0.700,0.0,-0.546,-1.248,False,0.700,0.0,-0.270,-1.268,False,0.700,0.0,-0.270,-1.268,False,0.700,0.0,-0.738,-1.262
4.400,1504.677,22.503,False,0.700,0.0,-0.546,-1.248,False,0.700,0.0,-0.270,-1.268,False,0.700,0.0,-0.270,-1.268,False,0.700,0.0,-0.738,-1.262
4.420,1518.690,22.349,False,0.700,0.0,-0.546,-1.248,False,0.700,0.0,-0.270,-1.268,False,0.700,0.0,-0.270,-1.268,False,0.700,0.0,-0.738,-1.262
4.440,1532.784,20.075,False,0.700,0.0,-0.546,-1.248,False,0.700,0.0,-0.270,-1.268,False,0.700,0.0,-0.270,-1.268,False,0.700,0.0,-0.738,-1.262
4.460,1546.979,16.314,False,0.700,0.0,-0.546,-1.248,False,0.700,0.0,-0.270,-1.268,False,0.700,0.0,-0.270,-1.268,False,0.700,0.0,-0.738,-1.262
4.480,1561.270,12.082,False,0.700,0.0,-0.546,-1.248,False,0.700,0.0,-0.270,-1.268,False,0.700,0.0,-0.270,-1.268,False,0.700,0.0,-0.738,-1.262
4.500,1575.641,8.899,False,0.700,0.0,-0.546,-1.248,False,0.700,0.0,-0.270,-1.268,False,0.700,0.0,-0.270,-1.268,False,0.700,0.0,-0.738,-1.262
4.520,1590.086,9.057,False,0.700,0.0,-0.546,-1.248,False,0.700,0.0,-0.270,-1.268,False,0.700,0.0,-0.270,-1.268,False,0.700,0.0,-0.738,-1.262
4.540,1604.620,12.570,False,0.700,0.0,-0.546,-1.248,False,0.700,0.0,-0.270,-1.268,False,0.700,0.0,-0.270,-1.268,False,0.700,0.0,-0.738,-1.262
4.560,1619.255,17.188,False,0.700,0.0,-0.546,-1.248,False,0.700,0.0,-0.270,-1.268,False,0.700,0.0,-0.270,-1.268,False,0.700,0.0,-0.738,-1.262
4.580,1633.991,21.289,False,0.700,0.0,-0.546,-1.248,False,0.700,0.0,-0.270,-1.268,False,0.700,0.0,-0.270,-1.268,False,0.700,0.0,-0.738,-1.262
4.600,1648.767,23.633,False,0.700,0.0,-0.546,-1.248,False,0.700,0.0,-0.270,-1.268,False,0.700,0.0,-0.270,-1.268,False,0.700,0.0,-0.738,-1.262
4.620,1663.414,23.425,False,0.700,0.0,-0.546,-1.248,False,0.700,0.0,-0.270,-1.268,False,0.700,0.0,-0.270,-1.268,False,0.700,0.0,-0.738,-1.262
4.640,1677.831,20.752,False,0.700,0.0,-0.546,-1.248,False,0.700,0.0,-0.270,-1.268,False,0.700,0.0,-0.270,-1.268,False,0.700,0.0,-0.738,-1.262
4.660,1692.089,16.532,False,0.700,0.0,-0.546,-1.248,False,0.700,0.0,-0.270,-1.268,False,0.700,0.0,-0.270,-1.268,False,0.700,0.0,-0.738,-1.262
4.680,1706.309,12.074,False,0.700,0.0,-0.546,-1.248,False,0.700,0.0,-0.270,-1.268,False,0.700,0.0,-0.270,-1.268,False,0.700,0.0,-0.738,-1.262
4.700,1720.563,9.085,False,0.700,0.0,-0.546,-1.248,False,0.700,0.0,-0.270,-1.268,False,0.700,0.0,-0.270,-1.268,False,0.700,0.0,-0.738,-1.262
4.720,1734.874,9.507,False,0.700,0.0,-0.546,-1.248,False,0.700,0.0,-0.270,-1.268,False,0.700,0.0,-0.270,-1.268,False,0.700,0.0,-0.738,-1.262
4.740,1749.244,12.724,False,0.700,0.0,-0.546,-1.248,False,0.700,0.0,-0.270,-1.268,False,0.700,0.0,-0.270,-1.268,False,0.700,0.0,-0.738,-1.262
4.760,1763.657,16.649,False,0.700,0.0,-0.546,-1.248,False,0.700,0.0,-0.270,-1.268,False,0.700,0.0,-0.270,-1.268,False,0.700,0.0,-0.738,-1.262
4.780,1778.098,19.953,False,0.700,0.0,-0.546,-1.248,False,0.700,0.0,-0.270,-1.268,False,0.700,0.0,-0.270,-1.268,False,0.700,0.0,-0.738,-1.262
4.800,1792.570,21.753,False,0.700,0.0,-0.546,-1.248,False,0.700,0.0,-0.270,-1.268,False,0.700,0.0,-0.270,-1.268,False,0.700,0.0,-0.738,-1.262
4.820,1807.091,21.567,False,0.700,0.0,-0.546,-1.248,False,0.700,0.0,-0.270,-1.268,False,0.700,0.0,-0.270,-1.268,False,0.700,0.0,-0.738,-1.262
4.840,1821.680,19.488,False,0.700,0.0,-0.546,-1.248,False,0.700,0.0,-0.270,-1.268,False,0.700,0.0,-0.270,-1.268,False,0.700,0.0,-0.738,-1.262
4.860,1836.342,16.094,False,0.700,0.0,-0.546,-1.248,False,0.700,0.0,-0.270,-1.268,False,0.700,0.0,-0.270,-1.268,False,0.700,0.0,-0.738,-1.262
4.880,1851.047,12.153,False,0.700,0.0,-0.546,-1.248,False,0.700,0.0,-0.270,-1.268,False,0.700,0.0,-0.270,-1.268,False,0.700,0.0,-0.738,-1.262
4.900,1865.750,8.571,False,0.700,0.0,-0.546,-1.248,False,0.700,0.0,-0.270,-1.268,False,0.700,0.0,-0.270,-1.268,False,0.700,0.0,-0.738,-1.262
4.920,1880.424,7.033,False,0.700,0.0,-0.546,-1.248,False,0.700,0.0,-0.270,-1.268,False,0.700,0.0,-0.270,-1.268,False,0.700,0.0,-0.738,-1.262
4.940,1895.078,9.177,False,0.700,0.0,-0.546,-1.248,False,0.700,0.0,-0.270,-1.268,False,0.700,0.0,-0.270,-1.268,False,0.700,0.0,-0.738,-1.262
4.960,1909.758,13.639,False,0.700,0.0,-0.546,-1.248,False,0.700,0.0,-0.270,-1.268,False,0.700,0.0,-0.270,-1.268,False,0.700,0.0,-0.738,-1.262
4.980,1924.523,18.828,False,0.700,0.0,-0.546,-1.248,False,0.700,0.0,-0.270,-1.268,False,0.700,0.0,-0.270,-1.268,False,0.700,0.0,-0.738,-1.262
5.000,1939.393,23.592,False,0.700,0.0,-0.546,-1.248,False,0.700,0.0,-0.270,-1.268,False,0.700,0.0,-0.270,-1.268,False,0.700,0.0,-0.738,-1.262
5.020,1954.341,26.618,False,0.700,0.0,-0.546,-1.248,False,0.700,0.0,-0.270,-1.268,False,0.700,0.0,-0.270,-1.268,False,0.700,0.0,-0.738,-1.262
5.040,1969.201,26.792,False,0.700,0.0,-0.546,-1.248,False,0.700,0.0,-0.270,-1.268,False,0.700,0.0,-0.270,-1.268,False,0.700,0.0,-0.738,-1.262
5.060,1983.835,23.998,False,0.700,0.0,-0.546,-1.248,False,0.700,0.0,-0.270,-1.268,False,0.700,0.0,-0.270,-1.268,False,0.700,0.0,-0.738,-1.262
5.080,1998.333,19.203,False,0.700,0.0,-0.546,-1.248,False,0.700,0.0,-0.270,-1.268,False,0.700,0.0,-0.270,-1.268,False,0.700,0.0,-0.738,-1.262
5.100,2012.835,13.683,False,0.700,0.0,-0.546,-1.248,False,0.700,0.0,-0.270,-1.268,False,0.700,0.0,-0.270,-1.268,False,0.700,0.0,-0.738,-1.262
5.120,2027.410,8.540,False,0.700,0.0,-0.546,-1.248,False,0.700,0.0,-0.270,-1.268,False,0.700,0.0,-0.270,-1.268,False,0.700,0.0,-0.738,-1.262
5.140,2042.074,5.582,False,0.700,0.0,-0.546,-1.248,False,0.700,0.0,-0.270,-1.268,False,0.700,0.0,-0.270,-1.268,False,0.700,0.0,-0.738,-1.262
5.160,2056.827,7.550,False,0.700,0.0,-0.546,-1.248,False,0.700,0.0,-0.270,-1.268,False,0.700,0.0,-0.270,-1.268,False,0.700,0.0,-0.738,-1.262
5.180,2071.661,12.096,False,0.700,0.0,-0.546,-1.248,False,0.700,0.0,-0.270,-1.268,False,0.700,0.0,-0.270,-1.268,False,0.700,0.0,-0.738,-1.262
5.200,2086.553,17.052,False,0.700,0.0,-0.546,-1.248,False,0.700,0.0,-0.270,-1.268,False,0.700,0.0,-0.270,-1.268,False,0.700,0.0,-0.738,-1.262
5.220,2101.473,21.486,False,0.700,0.0,-0.546,-1.248,False,0.700,0.0,-0.270,-1.268,False,0.700,0.0,-0.270,-1.268,False,0.700,0.0,-0.738,-1.262
5.240,2116.404,24.455,False,0.700,0.0,-0.546,-1.248,False,0.700,0.0,-0.270,-1.268,False,0.700,0.0,-0.270,-1.268,False,0.700,0.0,-0.738,-1.262
5.260,2131.378,25.126,False,0.700,0.0,-0.546,-1.248,False,0.700,0.0,-0.270,-1.268,False,0.700,0.0,-0.270,-1.268,False,0.700,0.0,-0.738,-1.262
5.280,2146.436,23.298,False,0.700,0.0,-0.546,-1.248,False,0.700,0.0,-0.270,-1.268,False,0.700,0.0,-0.270,-1.268,False,0.700,0.0,-0.738,-1.262
5.300,2161.592,19.570,False,0.700,0.0,-0.546,-1.248,False,0.700,0.0,-0.270,-1.268,False,0.700,0.0,-0.270,-1.268,False,0.700,0.0,-0.738,-1.262
5.320,2176.817,14.889,False,0.700,0.0,-0.546,-1.248,False,0.700,0.0,-0.270,-1.268,False,0.700,0.0,-0.270,-1.268,False,0.700,0.0,-0.738,-1.262
5.340,2192.048,10.087,False,0.700,0.0,-0.546,-1.248,False,0.700,0.0,-0.270,-1.268,False,0.700,0.0,-0.270,-1.268,False,0.700,0.0,-0.738,-1.262
5.360,2207.234,6.069,False,0.700,0.0,-0.546,-1.248,False,0.700,0.0,-0.270,-1.268,False,0.700,0.0,-0.270,-1.268,False,0.700,0.0,-0.738,-1.262
5.380,2222.361,5.354,False,0.700,0.0,-0.546,-1.248,False,0.700,0.0,-0.270,-1.268,False,0.700,0.0,-0.270,-1.268,False,0.700,0.0,-0.738,-1.262
5.400,2237.457,8.948,False,0.700,0.0,-0.546,-1.248,False,0.700,0.0,-0.270,-1.268,False,0.700,0.0,-0.270,-1.268,False,0.700,0.0,-0.738,-1.262
5.420,2252.583,14.018,False,0.700,0.0,-0.546,-1.248,False,0.700,0.0,-0.270,-1.268,False,0.700,0.0,-0.270,-1.268,False,0.700,0.0,-0.738,-1.262
5.440,2267.801,19.335,False,0.700,0.0,-0.546,-1.248,False,0.700,0.0,-0.270,-1.268,False,0.700,0.0,-0.270,-1.268,False,0.700,0.0,-0.738,-1.262
5.460,2283.128,23.917,False,0.700,0.0,-0.546,-1.248,False,0.700,0.0,-0.270,-1.268,False,0.700,0.0,-0.270,-1.268,False,0.700,0.0,-0.738,-1.262
5.480,2298.521,26.501,False,0.700,0.0,-0.546,-1.248,False,0.700,0.0,-0.270,-1.268,False,0.700,0.0,-0.270,-1.268,False,0.700,0.0,-0.738,-1.262
5.500,2313.793,26.091,False,0.700,0.0,-0.546,-1.248,False,0.700,0.0,-0.270,-1.268,False,0.700,0.0,-0.270,-1.268,False,0.700,0.0,-0.738,-1.262
5.520,2328.831,22.743,False,0.700,0.0,-0.546,-1.248,False,0.700,0.0,-0.270,-1.268,False,0.700,0.0,-0.270,-1.268,False,0.700,0.0,-0.738,-1.262
5.540,2343.741,17.480,False,0.700,0.0,-0.546,-1.248,False,0.700,0.0,-0.270,-1.268,False,0.700,0.0,-0.270,-1.268,False,0.700,0.0,-0.738,-1.262
5.560,2358.655,11.440,False,0.700,0.0,-0.546,-1.248,False,0.700,0.0,-0.270,-1.268,False,0.700,0.0,-0.270,-1.268,False,0.700,0.0,-0.738,-1.262
5.580,2373.637,5.371,False,0.700,0.0,-0.546,-1.248,False,0.700,0.0,-0.270,-1.268,False,0.700,0.0,-0.270,-1.268,False,0.700,0.0,-0.738,-1.262
5.600,2388.704,2.100,False,0.700,0.0,-0.546,-1.248,False,0.700,0.0,-0.270,-1.268,False,0.700,0.0,-0.270,-1.268,False,0.700,0.0,-0.738,-1.262
5.620,2403.854,7.512,False,0.700,0.0,-0.546,-1.248,False,0.700,0.0,-0.270,-1.268,False,0.700,0.0,-0.270,-1.268,False,0.700,0.0,-0.738,-1.262
5.640,2419.065,13.573,False,0.700,0.0,-0.546,-1.248,False,0.700,0.0,-0.270,-1.268,False,0.700,0.0,-0.270,-1.268,False,0.700,0.0,-0.738,-1.262
5.660,2434.268,19.345,False,0.700,0.0,-0.546,-1.248,False,0.700,0.0,-0.270,-1.268,False,0.700,0.0,-0.270,-1.268,False,0.700,0.0,-0.738,-1.262
5.680,2449.357,23.961,False,0.700,0.0,-0.546,-1.248,False,0.700,0.0,-0.270,-1.268,False,0.700,0.0,-0.270,-1.268,False,0.700,0.0,-0.738,-1.262
5.700,2464.321,26.266,False,0.700,0.0,-0.546,-1.248,False,0.700,0.0,-0.270,-1.268,False,0.700,0.0,-0.270,-1.268,False,0.700,0.0,-0.738,-1.262
5.720,2479.298,25.524,False,0.700,0.0,-0.546,-1.248,False,0.700,0.0,-0.270,-1.268,False,0.700,0.0,-0.270,-1.268,False,0.700,0.0,-0.738,-1.262
5.740,2494.381,22.069,False,0.700,0.0,-0.546,-1.248,False,0.700,0.0,-0.270,-1.268,False,0.700,0.0,-0.270,-1.268,False,0.700,0.0,-0.738,-1.262
5.760,2509.572,17.014,False,0.700,0.0,-0.546,-1.248,False,0.700,0.0,-0.270,-1.268,False,0.700,0.0,-0.270,-1.268,False,0.700,0.0,-0.738,-1.262
5.780,2524.827,11.421,False,0.700,0.0,-0.546,-1.248,False,0.700,0.0,-0.270,-1.268,False,0.700,0.0,-0.270,-1.268,False,0.700,0.0,-0.738,-1.262
5.800,2540.077,5.891,False,0.700,0.0,-0.546,-1.248,False,0.700,0.0,-0.270,-1.268,False,0.700,0.0,-0.270,-1.268,False,0.700,0.0,-0.738,-1.262
5.820,2555.277,1.517,False,0.700,0.0,-0.546,-1.248,False,0.700,0.0,-0.270,-1.268,False,0.700,0.0,-0.270,-1.268,False,0.700,0.0,-0.738,-1.262
5.840,2570.426,5.514,False,0.700,0.0,-0.546,-1.248,False,0.700,0.0,-0.270,-1.268,False,0.700,0.0,-0.270,-1.268,False,0.700,0.0,-0.738,-1.262
5.860,2585.565,10.996,False,0.700,0.0,-0.546,-1.248,False,0.700,0.0,-0.270,-1.268,False,0.700,0.0,-0.270,-1.268,False,0.700,0.0,-0.738,-1.262
5.880,2600.762,16.559,False,0.700,0.0,-0.546,-1.248,False,0.700,0.0,-0.270,-1.268,False,0.700,0.0,-0.270,-1.268,False,0.700,0.0,-0.738,-1.262
5.900,2616.064,21.655,False,0.700,0.0,-0.546,-1.248,False,0.700,0.0,-0.270,-1.268,False,0.700,0.0,-0.270,-1.268,False,0.700,0.0,-0.738,-1.262
5.920,2631.477,25.294,False,0.700,0.0,-0.546,-1.248,False,0.700,0.0,-0.270,-1.268,False,0.700,0.0,-0.270,-1.268,False,0.700,0.0,-0.738,-1.262
5.940,2646.935,26.383,False,0.700,0.0,-0.546,-1.248,False,0.700,0.0,-0.270,-1.268,False,0.700,0.0,-0.270,-1.268,False,0.700,0.0,-0.738,-1.262
5.960,2662.325,24.503,False,0.700,0.0,-0.546,-1.248,False,0.700,0.0,-0.270,-1.268,False,0.700,0.0,-0.270,-1.268,False,0.700,0.0,-0.738,-1.262
5.980,2677.650,20.280,False,0.700,0.0,-0.546,-1.248,False,0.700,0.0,-0.270,-1.268,False,0.700,0.0,-0.270,-1.268,False,0.700,0.0,-0.738,-1.262
6.000,2692.992,14.834,False,0.700,0.0,-0.546,-1.248,False,0.700,0.0,-0.270,-1.268,False,0.700,0.0,-0.270,-1.268,False,0.700,0.0,-0.738,-1.262
6.020,2708.406,9.070,False,0.700,0.0,-0.546,-1.248,False,0.700,0.0,-0.270,-1.268,False,0.700,0.0,-0.270,-1.268,False,0.700,0.0,-0.738,-1.262
6.040,2723.912,3.736,False,0.700,0.0,-0.546,-1.248,False,0.700,0.0,-0.270,-1.268,False,0.700,0.0,-0.270,-1.268,False,0.700,0.0,-0.738,-1.262
6.060,2739.512,4.034,False,0.700,0.0,-0.546,-1.248,False,0.700,0.0,-0.270,-1.268,False,0.700,0.0,-0.270,-1.268,False,0.700,0.0,-0.738,-1.262
6.080,2755.204,9.573,False,0.700,0.0,-0.546,-1.248,False,0.700,0.0,-0.270,-1.268,False,0.700,0.0,-0.270,-1.268,False,0.700,0.0,-0.738,-1.262
6.100,2770.960,15.597,False,0.700,0.0,-0.546,-1.248,False,0.700,0.0,-0.270,-1.268,False,0.700,0.0,-0.270,-1.268,False,0.700,0.0,-0.738,-1.262
6.120,2786.687,21.348,False,0.700,0.0,-0.546,-1.248,False,0.700,0.0,-0.270,-1.268,False,0.700,0.0,-0.270,-1.268,False,0.700,0.0,-0.738,-1.262
6.140,2802.236,25.788,False,0.700,0.0,-0.546,-1.248,False,0.700,0.0,-0.270,-1.268,False,0.700,0.0,-0.270,-1.268,False,0.700,0.0,-0.738,-1.262
6.160,2817.599,27.649,False,0.700,0.0,-0.546,-1.248,False,0.700,0.0,-0.270,-1.268,False,0.700,0.0,-0.270,-1.268,False,0.700,0.0,-0.738,-1.262
6.180,2832.967,26.299,False,0.700,0.0,-0.546,-1.248,False,0.700,0.0,-0.270,-1.268,False,0.700,0.0,-0.270,-1.268,False,0.700,0.0,-0.738,-1.262
6.200,2848.442,22.348,False,0.700,0.0,-0.546,-1.248,False,0.700,0.0,-0.270,-1.268,False,0.700,0.0,-0.270,-1.268,False,0.700,0.0,-0.738,-1.262
6.220,2864.023,17.110,False,0.700,0.0,-0.546,-1.248,False,0.700,0.0,-0.270,-1.268,False,0.700,0.0,-0.270,-1.268,False,0.700,0.0,-0.738,-1.262
6.240,2879.656,11.714,False,0.700,0.0,-0.546,-1.248,False,0.700,0.0,-0.270,-1.268,False,0.700,0.0,-0.270,-1.268,False,0.700,0.0,-0.738,-1.262
6.260,2895.261,6.903,False,0.700,0.0,-0.546,-1.248,False,0.700,0.0,-0.270,-1.268,False,0.700,0.0,-0.270,-1.268,False,0.700,0.0,-0.738,-1.262
6.280,2910.794,4.137,False,0.700,0.0,-0.546,-1.248,False,0.700,0.0,-0.270,-1.268,False,0.700,0.0,-0.270,-1.268,False,0.700,0.0,-0.738,-1.262
6.300,2926.251,6.150,False,0.700,0.0,-0.546,-1.248,False,0.700,0.0,-0.270,-1.268,False,0.700,0.0,-0.270,-1.268,False,0.700,0.0,-0.738,-1.262
6.320,2941.668,10.349,False,0.700,0.0,-0.546,-1.248,False,0.700,0.0,-0.270,-1.268,False,0.700,0.0,-0.270,-1.268,False,0.700,0.0,-0.738,-1.262
6.340,2957.103,14.932,False,0.700,0.0,-0.546,-1.248,False,0.700,0.0,-0.270,-1.268,False,0.700,0.0,-0.270,-1.268,False,0.700,0.0,-0.738,-1.262
6.360,2972.611,19.280,False,0.700,0.0,-0.546,-1.248,False,0.700,0.0,-0.270,-1.268,False,0.700,0.0,-0.270,-1.268,False,0.700,0.0,-0.738,-1.262
6.380,2988.206,22.656,False,0.700,0.0,-0.546,-1.248,False,0.700,0.0,-0.270,-1.268,False,0.700,0.0,-0.270,-1.268,False,0.700,0.0,-0.738,-1.262
6.400,3003.868,24.195,False,0.700,0.0,-0.546,-1.248,False,0.700,0.0,-0.270,-1.268,False,0.700,0.0,-0.270,-1.268,False,0.700,0.0,-0.738,-1.262
6.420,3019.552,23.356,False,0.700,0.0,-0.546,-1.248,False,0.700,0.0,-0.270,-1.268,False,0.700,0.0,-0.270,-1.268,False,0.700,0.0,-0.738,-1.262
6.440,3035.227,20.325,False,0.700,0.0,-0.546,-1.248,False,0.700,0.0,-0.270,-1.268,False,0.700,0.0,-0.270,-1.268,False,0.700,0.0,-0.738,-1.262
6.460,3050.913,15.891,False,0.700,0.0,-0.546,-1.248,False,0.700,0.0,-0.270,-1.268,False,0.700,0.0,-0.270,-1.268,False,0.700,0.0,-0.738,-1.262
6.480,3066.647,11.051,False,0.700,0.0,-0.546,-1.248,False,0.700,0.0,-0.270,-1.268,False,0.700,0.0,-0.270,-1.268,False,0.700,0.0,-0.738,-1.262
6.500,3082.450,7.183,False,0.700,0.0,-0.546,-1.248,False,0.700,0.0,-0.270,-1.268,False,0.700,0.0,-0.270,-1.268,False,0.700,0.0,-0.738,-1.262
6.520,3098.326,7.144,False,0.700,0.0,-0.546,-1.248,False,0.700,0.0,-0.270,-1.268,False,0.700,0.0,-0.270,-1.268,False,0.700,0.0,-0.738,-1.262
6.540,3114.254,11.067,False,0.700,0.0,-0.546,-1.248,False,0.700,0.0,-0.270,-1.268,False,0.700,0.0,-0.270,-1.268,False,0.700,0.0,-0.738,-1.262
6.560,3130.167,16.078,False,0.700,0.0,-0.546,-1.248,False,0.700,0.0,-0.270,-1.268,False,0.700,0.0,-0.270,-1.268,False,0.700,0.0,-0.738,-1.262
6.580,3145.925,20.654,False,0.700,0.0,-0.546,-1.248,False,0.700,0.0,-0.270,-1.268,False,0.700,0.0,-0.270,-1.268,False,0.700,0.0,-0.738,-1.262
6.600,3161.407,23.627,False,0.700,0.0,-0.546,-1.248,False,0.700,0.0,-0.270,-1.268,False,0.700,0.0,-0.270,-1.268,False,0.700,0.0,-0.738,-1.262
6.620,3176.689,24.080,False,0.700,0.0,-0.546,-1.248,False,0.700,0.0,-0.270,-1.268,False,0.700,0.0,-0.270,-1.268,False,0.700,0.0,-0.738,-1.262
6.640,3191.974,21.868,False,0.700,0.0,-0.546,-1.248,False,0.700,0.0,-0.270,-1.268,False,0.700,0.0,-0.270,-1.268,False,0.700,0.0,-0.738,-1.262
6.660,3207.356,17.742,False,0.700,0.0,-0.546,-1.248,False,0.700,0.0,-0.270,-1.268,False,0.700,0.0,-0.270,-1.268,False,0.700,0.0,-0.738,-1.262
6.680,3222.843,12.858,False,0.700,0.0,-0.546,-1.248,False,0.700,0.0,-0.270,-1.268,False,0.700,0.0,-0.270,-1.268,False,0.700,0.0,-0.738,-1.262
6.700,3238.422,8.543,False,0.700,0.0,-0.546,-1.248,False,0.700,0.0,-0.270,-1.268,False,0.700,0.0,-0.270,-1.268,False,0.700,0.0,-0.738,-1.262
6.720,3254.075,7.047,False,0.700,0.0,-0.546,-1.248,False,0.700,0.0,-0.270,-1.268,False,0.700,0.0,-0.270,-1.268,False,0.700,0.0,-0.738,-1.262
6.740,3269.800,9.636,False,0.700,0.0,-0.546,-1.248,False,0.700,0.0,-0.270,-1.268,False,0.700,0.0,-0.270,-1.268,False,0.700,0.0,-0.738,-1.262
6.760,3285.616,13.852,False,0.700,0.0,-0.546,-1.248,False,0.700,0.0,-0.270,-1.268,False,0.700,0.0,-0.270,-1.268,False,0.700,0.0,-0.738,-1.262
6.780,3301.533,17.929,False,0.700,0.0,-0.546,-1.248,False,0.700,0.0,-0.270,-1.268,False,0.700,0.0,-0.270,-1.268,False,0.700,0.0,-0.738,-1.262
6.800,3317.540,20.854,False,0.700,0.0,-0.546,-1.248,False,0.700,0.0,-0.270,-1.268,False,0.700,0.0,-0.270,-1.268,False,0.700,0.0,-0.738,-1.262
6.820,3333.604,21.868,False,0.700,0.0,-0.546,-1.248,False,0.700,0.0,-0.270,-1.268,False,0.700,0.0,-0.270,-1.268,False,0.700,0.0,-0.738,-1.262
6.840,3349.683,20.685,False,0.700,0.0,-0.546,-1.248,False,0.700,0.0,-0.270,-1.268,False,0.700,0.0,-0.270,-1.268,False,0.700,0.0,-0.738,-1.262
6.860,3365.772,17.654,False,0.700,0.0,-0.546,-1.248,False,0.700,0.0,-0.270,-1.268,False,0.700,0.0,-0.270,-1.268,False,0.700,0.0,-0.738,-1.262
6.880,3381.901,13.544,False,0.700,0.0,-0.546,-1.248,False,0.700,0.0,-0.270,-1.268,False,0.700,0.0,-0.270,-1.268,False,0.700,0.0,-0.738,-1.262
6.900,3398.096,9.322,False,0.700,0.0,-0.546,-1.248,False,0.700,0.0,-0.270,-1.268,False,0.700,0.0,-0.270,-1.268,False,0.700,0.0,-0.738,-1.262
6.920,3414.375,6.739,False,0.700,0.0,-0.546,-1.248,False,0.700,0.0,-0.270,-1.268,False,0.700,0.0,-0.270,-1.268,False,0.700,0.0,-0.738,-1.262
6.940,3430.739,8.403,False,0.700,0.0,-0.546,-1.248,False,0.700,0.0,-0.270,-1.268,False,0.700,0.0,-0.270,-1.268,False,0.700,0.0,-0.738,-1.262
6.960,3447.164,12.993,False,0.700,0.0,-0.546,-1.248,False,0.700,0.0,-0.270,-1.268,False,0.700,0.0,-0.270,-1.268,False,0.700,0.0,-0.738,-1.262
6.980,3463.568,18.269,False,0.700,0.0,-0.546,-1.248,False,0.700,0.0,-0.270,-1.268,False,0.700,0.0,-0.270,-1.268,False,0.700,0.0,-0.738,-1.262
7.000,3479.781,22.901,False,0.700,0.0,-0.546,-1.248,False,0.700,0.0,-0.270,-1.268,False,0.700,0.0,-0.270,-1.268,False,0.700,0.0,-0.738,-1.262
7.020,3495.686,25.601,False,0.700,0.0,-0.546,-1.248,False,0.700,0.0,-0.270,-1.268,False,0.700,0.0,-0.270,-1.268,False,0.700,0.0,-0.738,-1.262
7.040,3511.423,25.428,False,0.700,0.0,-0.546,-1.248,False,0.700,0.0,-0.270,-1.268,False,0.700,0.0,-0.270,-1.268,False,0.700,0.0,-0.738,-1.262
7.060,3527.206,22.471,False,0.700,0.0,-0.546,-1.248,False,0.700,0.0,-0.270,-1.268,False,0.700,0.0,-0.270,-1.268,False,0.700,0.0,-0.738,-1.262
7.080,3543.092,17.779,False,0.700,0.0,-0.546,-1.248,False,0.700,0.0,-0.270,-1.268,False,0.700,0.0,-0.270,-1.268,False,0.700,0.0,-0.738,-1.262
7.100,3559.080,12.653,False,0.700,0.0,-0.546,-1.248,False,0.700,0.0,-0.270,-1.268,False,0.700,0.0,-0.270,-1.268,False,0.700,0.0,-0.738,-1.262
7.120,3575.135,8.403,False,0.700,0.0,-0.546,-1.248,False,0.700,0.0,-0.270,-1.268,False,0.700,0.0,-0.270,-1.268,False,0.700,0.0,-0.738,-1.262
7.140,3591.231,7.058,False,0.700,0.0,-0.546,-1.248,False,0.700,0.0,-0.270,-1.268,False,0.700,0.0,-0.270,-1.268,False,0.700,0.0,-0.738,-1.262
7.160,3607.365,9.500,False,0.700,0.0,-0.546,-1.248,False,0.700,0.0,-0.270,-1.268,False,0.700,0.0,-0.270,-1.268,False,0.700,0.0,-0.738,-1.262
7.180,3623.564,13.487,False,0.700,0.0,-0.546,-1.248,False,0.700,0.0,-0.270,-1.268,False,0.700,0.0,-0.270,-1.268,False,0.700,0.0,-0.738,-1.262
7.200,3639.848,17.516,False,0.700,0.0,-0.546,-1.248,False,0.700,0.0,-0.270,-1.268,False,0.700,0.0,-0.270,-1.268,False,0.700,0.0,-0.738,-1.262
7.220,3656.209,20.739,False,0.700,0.0,-0.546,-1.248,False,0.700,0.0,-0.270,-1.268,False,0.700,0.0,-0.270,-1.268,False,0.700,0.0,-0.738,-1.262
7.240,3672.623,22.434,False,0.700,0.0,-0.546,-1.248,False,0.700,0.0,-0.270,-1.268,False,0.700,0.0,-0.270,-1.268,False,0.700,0.0,-0.738,-1.262
7.260,3689.054,22.158,False,0.700,0.0,-0.546,-1.248,False,0.700,0.0,-0.270,-1.268,False,0.700,0.0,-0.270,-1.268,False,0.700,0.0,-0.738,-1.262
7.280,3705.487,19.996,False,0.700,0.0,-0.546,-1.248,False,0.700,0.0,-0.270,-1.268,False,0.700,0.0,-0.270,-1.268,False,0.700,0.0,-0.738,-1.262
7.300,3721.948,16.511,False,0.700,0.0,-0.546,-1.248,False,0.700,0.0,-0.270,-1.268,False,0.700,0.0,-0.270,-1.268,False,0.700,0.0,-0.738,-1.262
7.320,3738.467,12.444,False,0.700,0.0,-0.546,-1.248,False,0.700,0.0,-0.270,-1.268,False,0.700,0.0,-0.270,-1.268,False,0.700,0.0,-0.738,-1.262
7.340,3755.064,8.654,False,0.700,0.0,-0.546,-1.248,False,0.700,0.0,-0.270,-1.268,False,0.700,0.0,-0.270,-1.268,False,0.700,0.0,-0.738,-1.262
7.360,3771.748,6.754,False,0.700,0.0,-0.546,-1.248,False,0.700,0.0,-0.270,-1.268,False,0.700,0.0,-0.270,-1.268,False,0.700,0.0,-0.738,-1.262
7.380,3788.517,8.611,False,0.700,0.0,-0.546,-1.248,False,0.700,0.0,-0.270,-1.268,False,0.700,0.0,-0.270,-1.268,False,0.700,0.0,-0.738,-1.262
7.400,3805.355,12.871,False,0.700,0.0,-0.546,-1.248,False,0.700,0.0,-0.270,-1.268,False,0.700,0.0,-0.270,-1.268,False,0.700,0.0,-0.738,-1.262
7.420,3822.190,17.747,False,0.700,0.0,-0.546,-1.248,False,0.700,0.0,-0.270,-1.268,False,0.700,0.0,-0.270,-1.268,False,0.700,0.0,-0.738,-1.262
7.440,3838.868,22.054,False,0.700,0.0,-0.546,-1.248,False,0.700,0.0,-0.270,-1.268,False,0.700,0.0,-0.270,-1.268,False,0.700,0.0,-0.738,-1.262
7.460,3855.256,24.578,False,0.700,0.0,-0.546,-1.248,False,0.700,0.0,-0.270,-1.268,False,0.700,0.0,-0.270,-1.268,False,0.700,0.0,-0.738,-1.262
7.480,3871.450,24.382,False,0.700,0.0,-0.546,-1.248,False,0.700,0.0,-0.270,-1.268,False,0.700,0.0,-0.270,-1.268,False,0.700,0.0,-0.738,-1.262
7.500,3887.664,21.431,False,0.700,0.0,-0.546,-1.248,False,0.700,0.0,-0.270,-1.268,False,0.700,0.0,-0.270,-1.268,False,0.700,0.0,-0.738,-1.262
7.520,3903.977,16.575,False,0.700,0.0,-0.546,-1.248,False,0.700,0.0,-0.270,-1.268,False,0.700,0.0,-0.270,-1.268,False,0.700,0.0,-0.738,-1.262
7.540,3920.393,10.914,False,0.700,0.0,-0.546,-1.248,False,0.700,0.0,-0.270,-1.268,False,0.700,0.0,-0.270,-1.268,False,0.700,0.0,-0.738,-1.262
7.560,3936.897,5.577,False,0.700,0.0,-0.546,-1.248,False,0.700,0.0,-0.270,-1.268,False,0.700,0.0,-0.270,-1.268,False,0.700,0.0,-0.738,-1.262
7.580,3953.473,4.495,False,0.700,0.0,-0.546,-1.248,False,0.700,0.0,-0.270,-1.268,False,0.700,0.0,-0.270,-1.268,False,0.700,0.0,-0.738,-1.262
7.600,3970.128,9.244,False,0.700,0.0,-0.546,-1.248,False,0.700,0.0,-0.270,-1.268,False,0.700,0.0,-0.270,-1.268,False,0.700,0.0,-0.738,-1.262
7.620,3986.884,14.781,False,0.700,0.0,-0.546,-1.248,False,0.700,0.0,-0.270,-1.268,False,0.700,0.0,-0.270,-1.268,False,0.700,0.0,-0.738,-1.262
7.640,4003.751,19.738,False,0.700,0.0,-0.546,-1.248,False,0.700,0.0,-0.270,-1.268,False,0.700,0.0,-0.270,-1.268,False,0.700,0.0,-0.738,-1.262
7.660,4020.707,23.114,False,0.700,0.0,-0.546,-1.248,False,0.700,0.0,-0.270,-1.268,False,0.700,0.0,-0.270,-1.268,False,0.700,0.0,-0.738,-1.262
7.680,4037.632,24.006,False,0.700,0.0,-0.546,-1.248,False,0.700,0.0,-0.270,-1.268,False,0.700,0.0,-0.270,-1.268,False,0.700,0.0,-0.738,-1.262
7.700,4054.408,22.171,False,0.700,0.0,-0.546,-1.248,False,0.700,0.0,-0.270,-1.268,False,0.700,0.0,-0.270,-1.268,False,0.700,0.0,-0.738,-1.262
7.720,4071.076,18.227,False,0.700,0.0,-0.546,-1.248,False,0.700,0.0,-0.270,-1.268,False,0.700,0.0,-0.270,-1.268,False,0.700,0.0,-0.738,-1.262
7.740,4087.744,13.152,False,0.700,0.0,-0.546,-1.248,False,0.700,0.0,-0.270,-1.268,False,0.700,0.0,-0.270,-1.268,False,0.700,0.0,-0.738,-1.262
7.760,4104.475,7.743,False,0.700,0.0,-0.546,-1.248,False,0.700,0.0,-0.270,-1.268,False,0.700,0.0,-0.270,-1.268,False,0.700,0.0,-0.738,-1.262
7.780,4121.294,2.850,False,0.700,0.0,-0.546,-1.248,False,0.700,0.0,-0.270,-1.268,False,0.700,0.0,-0.270,-1.268,False,0.700,0.0,-0.738,-1.262
7.800,4138.203,4.462,False,0.700,0.0,-0.546,-1.248,False,0.700,0.0,-0.270,-1.268,False,0.700,0.0,-0.270,-1.268,False,0.700,0.0,-0.738,-1.262
7.820,4155.188,9.853,False,0.700,0.0,-0.546,-1.248,False,0.700,0.0,-0.270,-1.268,False,0.700,0.0,-0.270,-1.268,False,0.700,0.0,-0.738,-1.262
7.840,4172.200,15.435,False,0.700,0.0,-0.546,-1.248,False,0.700,0.0,-0.270,-1.268,False,0.700,0.0,-0.270,-1.268,False,0.700,0.0,-0.738,-1.262
7.860,4189.111,20.535,False,0.700,0.0,-0.546,-1.248,False,0.700,0.0,-0.270,-1.268,False,0.700,0.0,-0.270,-1.268,False,0.700,0.0,-0.738,-1.262
7.880,4205.765,24.194,False,0.700,0.0,-0.546,-1.248,False,0.700,0.0,-0.270,-1.268,False,0.700,0.0,-0.270,-1.268,False,0.700,0.0,-0.738,-1.262
7.900,4222.190,25.372,False,0.700,0.0,-0.546,-1.248,False,0.700,0.0,-0.270,-1.268,False,0.700,0.0,-0.270,-1.268,False,0.700,0.0,-0.738,-1.262
7.920,4238.601,23.649,False,0.700,0.0,-0.546,-1.248,False,0.700,0.0,-0.270,-1.268,False,0.700,0.0,-0.270,-1.268,False,0.700,0.0,-0.738,-1.262
7.940,4255.114,19.596,False,0.700,0.0,-0.546,-1.248,False,0.700,0.0,-0.270,-1.268,False,0.700,0.0,-0.270,-1.268,False,0.700,0.0,-0.738,-1.262
7.960,4271.735,14.280,False,0.700,0.0,-0.546,-1.248,False,0.700,0.0,-0.270,-1.268,False,0.700,0.0,-0.270,-1.268,False,0.700,0.0,-0.738,-1.262
7.980,4288.436,8.619,False,0.700,0.0,-0.546,-1.248,False,0.700,0.0,-0.270,-1.268,False,0.700,0.0,-0.270,-1.268,False,0.700,0.0,-0.738,-1.262
8.000,4305.170,3.584,False,0.700,0.0,-0.546,-1.248,False,0.700,0.0,-0.270,-1.268,False,0.700,0.0,-0.270,-1.268,False,0.700,0.0,-0.738,-1.262
8.020,4321.920,4.670,False,0.700,0.0,-0.546,-1.248,False,0.700,0.0,-0.270,-1.268,False,0.700,0.0,-0.270,-1.268,False,0.700,0.0,-0.738,-1.262
8.040,4338.709,10.140,False,0.700,0.0,-0.546,-1.248,False,0.700,0.0,-0.270,-1.268,False,0.700,0.0,-0.270,-1.268,False,0.700,0.0,-0.738,-1.262
8.060,4355.583,15.978,False,0.700,0.0,-0.546,-1.248,False,0.700,0.0,-0.270,-1.268,False,0.700,0.0,-0.270,-1.268,False,0.700,0.0,-0.738,-1.262
8.080,4372.568,21.390,False,0.700,0.0,-0.546,-1.248,False,0.700,0.0,-0.270,-1.268,False,0.700,0.0,-0.270,-1.268,False,0.700,0.0,-0.738,-1.262
8.100,4389.655,25.363,False,0.700,0.0,-0.546,-1.248,False,0.700,0.0,-0.270,-1.268,False,0.700,0.0,-0.270,-1.268,False,0.700,0.0,-0.738,-1.262
8.120,4406.740,26.793,False,0.700,0.0,-0.546,-1.248,False,0.700,0.0,-0.270,-1.268,False,0.700,0.0,-0.270,-1.268,False,0.700,0.0,-0.738,-1.262
8.140,4423.702,25.253,False,0.700,0.0,-0.546,-1.248,False,0.700,0.0,-0.270,-1.268,False,0.700,0.0,-0.270,-1.268,False,0.700,0.0,-0.738,-1.262
8.160,4440.594,21.394,False,0.700,0.0,-0.546,-1.248,False,0.700,0.0,-0.270,-1.268,False,0.700,0.0,-0.270,-1.268,False,0.700,0.0,-0.738,-1.262
8.180,4457.521,16.386,False,0.700,0.0,-0.546,-1.248,False,0.700,0.0,-0.270,-1.268,False,0.700,0.0,-0.270,-1.268,False,0.700,0.0,-0.738,-1.262
8.200,4474.524,11.167,False,0.700,0.0,-0.546,-1.248,False,0.700,0.0,-0.270,-1.268,False,0.700,0.0,-0.270,-1.268,False,0.700,0.0,-0.738,-1.262
8.220,4491.612,6.208,False,0.700,0.0,-0.546,-1.248,False,0.700,0.0,-0.270,-1.268,False,0.700,0.0,-0.270,-1.268,False,0.700,0.0,-0.738,-1.262
8.240,4508.785,2.041,False,0.700,0.0,-0.546,-1.248,False,0.700,0.0,-0.270,-1.268,False,0.700,0.0,-0.270,-1.268,False,0.700,0.0,-0.738,-1.262
8.260,4526.041,3.877,False,0.700,0.0,-0.546,-1.248,False,0.700,0.0,-0.270,-1.268,False,0.700,0.0,-0.270,-1.268,False,0.700,0.0,-0.738,-1.262
8.280,4543.375,8.346,False,0.700,0.0,-0.546,-1.248,False,0.700,0.0,-0.270,-1.268,False,0.700,0.0,-0.270,-1.268,False,0.700,0.0,-0.738,-1.262
8.300,4560.774,13.008,False,0.700,0.0,-0.546,-1.248,False,0.700,0.0,-0.270,-1.268,False,0.700,0.0,-0.270,-1.268,False,0.700,0.0,-0.738,-1.262
8.320,4578.220,17.546,False,0.700,0.0,-0.546,-1.248,False,0.700,0.0,-0.270,-1.268,False,0.700,0.0,-0.270,-1.268,False,0.700,0.0,-0.738,-1.262
8.340,4595.674,21.380,False,0.700,0.0,-0.546,-1.248,False,0.700,0.0,-0.270,-1.268,False,0.700,0.0,-0.270,-1.268,False,0.700,0.0,-0.738,-1.262
8.360,4613.098,23.645,False,0.700,0.0,-0.546,-1.248,False,0.700,0.0,-0.270,-1.268,False,0.700,0.0,-0.270,-1.268,False,0.700,0.0,-0.738,-1.262
8.380,4630.522,23.582,False,0.700,0.0,-0.546,-1.248,False,0.700,0.0,-0.270,-1.268,False,0.700,0.0,-0.270,-1.268,False,0.700,0.0,-0.738,-1.262
8.400,4648.025,21.081,False,0.700,0.0,-0.546,-1.248,False,0.700,0.0,-0.270,-1.268,False,0.700,0.0,-0.270,-1.268,False,0.700,0.0,-0.738,-1.262
8.420,4665.641,16.778,False,0.700,0.0,-0.546,-1.248,False,0.700,0.0,-0.270,-1.268,False,0.700,0.0,-0.270,-1.268,False,0.700,0.0,-0.738,-1.262
8.440,4683.368,11.658,False,0.700,0.0,-0.546,-1.248,False,0.700,0.0,-0.270,-1.268,False,0.700,0.0,-0.270,-1.268,False,0.700,0.0,-0.738,-1.262
8.460,4701.190,6.945,False,0.700,0.0,-0.546,-1.248,False,0.700,0.0,-0.270,-1.268,False,0.700,0.0,-0.270,-1.268,False,0.700,0.0,-0.738,-1.262
8.480,4719.098,5.710,False,0.700,0.0,-0.546,-1.248,False,0.700,0.0,-0.270,-1.268,False,0.700,0.0,-0.270,-1.268,False,0.700,0.0,-0.738,-1.262
8.500,4737.098,9.483,False,0.700,0.0,-0.546,-1.248,False,0.700,0.0,-0.270,-1.268,False,0.700,0.0,-0.270,-1.268,False,0.700,0.0,-0.738,-1.262
8.520,4755.203,14.503,False,0.700,0.0,-0.546,-1.248,False,0.700,0.0,-0.270,-1.268,False,0.700,0.0,-0.270,-1.268,False,0.700,0.0,-0.738,-1.262
8.540,4773.410,19.023,False,0.700,0.0,-0.546,-1.248,False,0.700,0.0,-0.270,-1.268,False,0.700,0.0,-0.270,-1.268,False,0.700,0.0,-0.738,-1.262
8.560,4791.650,21.963,False,0.700,0.0,-0.546,-1.248,False,0.700,0.0,-0.270,-1.268,False,0.700,0.0,-0.270,-1.268,False,0.700,0.0,-0.738,-1.262
8.580,4809.701,22.488,False,0.700,0.0,-0.546,-1.248,False,0.700,0.0,-0.270,-1.268,False,0.700,0.0,-0.270,-1.268,False,0.700,0.0,-0.738,-1.262
8.600,4827.367,20.437,False,0.700,0.0,-0.546,-1.248,False,0.700,0.0,-0.270,-1.268,False,0.700,0.0,-0.270,-1.268,False,0.700,0.0,-0.738,-1.262
8.620,4844.696,16.430,False,0.700,0.0,-0.546,-1.248,False,0.700,0.0,-0.270,-1.268,False,0.700,0.0,-0.270,-1.268,False,0.700,0.0,-0.738,-1.262
8.640,4861.857,11.457,False,0.700,0.0,-0.546,-1.248,False,0.700,0.0,-0.270,-1.268,False,0.700,0.0,-0.270,-1.268,False,0.700,0.0,-0.738,-1.262
8.660,4878.973,6.672,False,0.700,0.0,-0.546,-1.248,False,0.700,0.0,-0.270,-1.268,False,0.700,0.0,-0.270,-1.268,False,0.700,0.0,-0.738,-1.262
8.680,4896.096,4.994,False,0.700,0.0,-0.546,-1.248,False,0.700,0.0,-0.270,-1.268,False,0.700,0.0,-0.270,-1.268,False,0.700,0.0,-0.738,-1.262
8.700,4913.231,8.574,False,0.700,0.0,-0.546,-1.248,False,0.700,0.0,-0.270,-1.268,False,0.700,0.0,-0.270,-1.268,False,0.700,0.0,-0.738,-1.262
8.720,4930.344,13.471,False,0.700,0.0,-0.546,-1.248,False,0.700,0.0,-0.270,-1.268,False,0.700,0.0,-0.270,-1.268,False,0.700,0.0,-0.738,-1.262
8.740,4947.373,17.951,False,0.700,0.0,-0.546,-1.248,False,0.700,0.0,-0.270,-1.268,False,0.700,0.0,-0.270,-1.268,False,0.700,0.0,-0.738,-1.262
8.760,4964.278,21.066,False,0.700,0.0,-0.546,-1.248,False,0.700,0.0,-0.270,-1.268,False,0.700,0.0,-0.270,-1.268,False,0.700,0.0,-0.738,-1.262
8.780,4981.119,22.053,False,0.700,0.0,-0.546,-1.248,False,0.700,0.0,-0.270,-1.268,False,0.700,0.0,-0.270,-1.268,False,0.700,0.0,-0.738,-1.262
8.800,4998.005,20.673,False,0.700,0.0,-0.546,-1.248,False,0.700,0.0,-0.270,-1.268,False,0.700,0.0,-0.270,-1.268,False,0.700,0.0,-0.738,-1.262
8.820,5014.984,17.375,False,0.700,0.0,-0.546,-1.248,False,0.700,0.0,-0.270,-1.268,False,0.700,0.0,-0.270,-1.268,False,0.700,0.0,-0.738,-1.262
8.840,5032.062,12.992,False,0.700,0.0,-0.546,-1.248,False,0.700,0.0,-0.270,-1.268,False,0.700,0.0,-0.270,-1.268,False,0.700,0.0,-0.738,-1.262
8.860,5049.208,8.434,False,0.700,0.0,-0.546,-1.248,False,0.700,0.0,-0.270,-1.268,False,0.700,0.0,-0.270,-1.268,False,0.700,0.0,-0.738,-1.262
8.880,5066.377,5.393,False,0.700,0.0,-0.546,-1.248,False,0.700,0.0,-0.270,-1.268,False,0.700,0.0,-0.270,-1.268,False,0.700,0.0,-0.738,-1.262
8.900,5083.555,7.191,False,0.700,0.0,-0.546,-1.248,False,0.700,0.0,-0.270,-1.268,False,0.700,0.0,-0.270,-1.268,False,0.700,0.0,-0.738,-1.262
8.920,5100.771,12.070,False,0.700,0.0,-0.546,-1.248,False,0.700,0.0,-0.270,-1.268,False,0.700,0.0,-0.270,-1.268,False,0.700,0.0,-0.738,-1.262
8.940,5118.077,17.607,False,0.700,0.0,-0.546,-1.248,False,0.700,0.0,-0.270,-1.268,False,0.700,0.0,-0.270,-1.268,False,0.700,0.0,-0.738,-1.262
8.960,5135.496,22.679,False,0.700,0.0,-0.546,-1.248,False,0.700,0.0,-0.270,-1.268,False,0.700,0.0,-0.270,-1.268,False,0.700,0.0,-0.738,-1.262
8.980,5153.008,26.068,False,0.700,0.0,-0.546,-1.248,False,0.700,0.0,-0.270,-1.268,False,0.700,0.0,-0.270,-1.268,False,0.700,0.0,-0.738,-1.262
9.000,5170.476,26.693,False,0.700,0.0,-0.546,-1.248,False,0.700,0.0,-0.270,-1.268,False,0.700,0.0,-0.270,-1.268,False,0.700,0.0,-0.738,-1.262
9.020,5187.777,24.383,False,0.700,0.0,-0.546,-1.248,False,0.700,0.0,-0.270,-1.268,False,0.700,0.0,-0.270,-1.268,False,0.700,0.0,-0.738,-1.262
9.040,5204.989,20.039,False,0.700,0.0,-0.546,-1.248,False,0.700,0.0,-0.270,-1.268,False,0.700,0.0,-0.270,-1.268,False,0.700,0.0,-0.738,-1.262
9.060,5222.216,14.896,False,0.700,0.0,-0.546,-1.248,False,0.700,0.0,-0.270,-1.268,False,0.700,0.0,-0.270,-1.268,False,0.700,0.0,-0.738,-1.262
9.080,5239.497,9.875,False,0.700,0.0,-0.546,-1.248,False,0.700,0.0,-0.270,-1.268,False,0.700,0.0,-0.270,-1.268,False,0.700,0.0,-0.738,-1.262
9.100,5256.836,5.680,False,0.700,0.0,-0.546,-1.248,False,0.700,0.0,-0.270,-1.268,False,0.700,0.0,-0.270,-1.268,False,0.700,0.0,-0.738,-1.262
9.120,5274.230,4.163,False,0.700,0.0,-0.546,-1.248,False,0.700,0.0,-0.270,-1.268,False,0.700,0.0,-0.270,-1.268,False,0.700,0.0,-0.738,-1.262
9.140,5291.675,6.718,False,0.700,0.0,-0.546,-1.248,False,0.700,0.0,-0.270,-1.268,False,0.700,0.0,-0.270,-1.268,False,0.700,0.0,-0.738,-1.262
9.160,5309.159,10.572,False,0.700,0.0,-0.546,-1.248,False,0.700,0.0,-0.270,-1.268,False,0.700,0.0,-0.270,-1.268,False,0.700,0.0,-0.738,-1.262
9.180,5326.666,14.581,False,0.700,0.0,-0.546,-1.248,False,0.700,0.0,-0.270,-1.268,False,0.700,0.0,-0.270,-1.268,False,0.700,0.0,-0.738,-1.262
9.200,5344.180,18.258,False,0.700,0.0,-0.546,-1.248,False,0.700,0.0,-0.270,-1.268,False,0.700,0.0,-0.270,-1.268,False,0.700,0.0,-0.738,-1.262
9.220,5361.692,21.019,False,0.700,0.0,-0.546,-1.248,False,0.700,0.0,-0.270,-1.268,False,0.700,0.0,-0.270,-1.268,False,0.700,0.0,-0.738,-1.262
9.240,5379.216,22.219,False,0.700,0.0,-0.546,-1.248,False,0.700,0.0,-0.270,-1.268,False,0.700,0.0,-0.270,-1.268,False,0.700,0.0,-0.738,-1.262
9.260,5396.789,21.465,False,0.700,0.0,-0.546,-1.248,False,0.700,0.0,-0.270,-1.268,False,0.700,0.0,-0.270,-1.268,False,0.700,0.0,-0.738,-1.262
9.280,5414.444,18.887,False,0.700,0.0,-0.546,-1.248,False,0.700,0.0,-0.270,-1.268,False,0.700,0.0,-0.270,-1.268,False,0.700,0.0,-0.738,-1.262
9.300,5432.199,15.087,False,0.700,0.0,-0.546,-1.248,False,0.700,0.0,-0.270,-1.268,False,0.700,0.0,-0.270,-1.268,False,0.700,0.0,-0.738,-1.262
9.320,5450.045,10.930,False,0.700,0.0,-0.546,-1.248,False,0.700,0.0,-0.270,-1.268,False,0.700,0.0,-0.270,-1.268,False,0.700,0.0,-0.738,-1.262
9.340,5467.967,7.766,False,0.700,0.0,-0.546,-1.248,False,0.700,0.0,-0.270,-1.268,False,0.700,0.0,-0.270,-1.268,False,0.700,0.0,-0.738,-1.262
9.360,5485.967,7.903,False,0.700,0.0,-0.546,-1.248,False,0.700,0.0,-0.270,-1.268,False,0.700,0.0,-0.270,-1.268,False,0.700,0.0,-0.738,-1.262
9.380,5504.064,11.325,False,0.700,0.0,-0.546,-1.248,False,0.700,0.0,-0.270,-1.268,False,0.700,0.0,-0.270,-1.268,False,0.700,0.0,-0.738,-1.262
9.400,5522.272,15.709,False,0.700,0.0,-0.546,-1.248,False,0.700,0.0,-0.270,-1.268,False,0.700,0.0,-0.270,-1.268,False,0.700,0.0,-0.738,-1.262
9.420,5540.585,19.540,False,0.700,0.0,-0.546,-1.248,False,0.700,0.0,-0.270,-1.268,False,0.700,0.0,-0.270,-1.268,False,0.700,0.0,-0.738,-1.262
9.440,5558.909,21.696,False,0.700,0.0,-0.546,-1.248,False,0.700,0.0,-0.270,-1.268,False,0.700,0.0,-0.270,-1.268,False,0.700,0.0,-0.738,-1.262
9.460,5577.007,21.434,False,0.700,0.0,-0.546,-1.248,False,0.700,0.0,-0.270,-1.268,False,0.700,0.0,-0.270,-1.268,False,0.700,0.0,-0.738,-1.262
9.480,5594.711,18.741,False,0.700,0.0,-0.546,-1.248,False,0.700,0.0,-0.270,-1.268,False,0.700,0.0,-0.270,-1.268,False,0.700,0.0,-0.738,-1.262
9.500,5612.084,14.285,False,0.700,0.0,-0.546,-1.248,False,0.700,0.0,-0.270,-1.268,False,0.700,0.0,-0.270,-1.268,False,0.700,0.0,-0.738,-1.262
9.520,5629.278,8.958,False,0.700,0.0,-0.546,-1.248,False,0.700,0.0,-0.270,-1.268,False,0.700,0.0,-0.270,-1.268,False,0.700,0.0,-0.738,-1.262
9.540,5646.395,3.938,False,0.700,0.0,-0.546,-1.248,False,0.700,0.0,-0.270,-1.268,False,0.700,0.0,-0.270,-1.268,False,0.700,0.0,-0.738,-1.262
9.560,5663.471,4.721,False,0.700,0.0,-0.546,-1.248,False,0.700,0.0,-0.270,-1.268,False,0.700,0.0,-0.270,-1.268,False,0.700,0.0,-0.738,-1.262
9.580,5680.491,10.011,False,0.700,0.0,-0.546,-1.248,False,0.700,0.0,-0.270,-1.268,False,0.700,0.0,-0.270,-1.268,False,0.700,0.0,-0.738,-1.262
9.600,5697.390,15.318,False,0.700,0.0,-0.546,-1.248,False,0.700,0.0,-0.270,-1.268,False,0.700,0.0,-0.270,-1.268,False,0.700,0.0,-0.738,-1.262
9.620,5714.100,19.614,False,0.700,0.0,-0.546,-1.248,False,0.700,0.0,-0.270,-1.268,False,0.700,0.0,-0.270,-1.268,False,0.700,0.0,-0.738,-1.262
9.640,5730.646,21.998,False,0.700,0.0,-0.546,-1.248,False,0.700,0.0,-0.270,-1.268,False,0.700,0.0,-0.270,-1.268,False,0.700,0.0,-0.738,-1.262
9.660,5747.171,21.880,False,0.700,0.0,-0.546,-1.248,False,0.700,0.0,-0.270,-1.268,False,0.700,0.0,-0.270,-1.268,False,0.700,0.0,-0.738,-1.262
9.680,5763.787,19.393,False,0.700,0.0,-0.546,-1.248,False,0.700,0.0,-0.270,-1.268,False,0.700,0.0,-0.270,-1.268,False,0.700,0.0,-0.738,-1.262
9.700,5780.513,15.319,False,0.700,0.0,-0.546,-1.248,False,0.700,0.0,-0.270,-1.268,False,0.700,0.0,-0.270,-1.268,False,0.700,0.0,-0.738,-1.262
9.720,5797.331,10.613,False,0.700,0.0,-0.546,-1.248,False,0.700,0.0,-0.270,-1.268,False,0.700,0.0,-0.270,-1.268,False,0.700,0.0,-0.738,-1.262
9.740,5814.191,6.343,False,0.700,0.0,-0.546,-1.248,False,0.700,0.0,-0.270,-1.268,False,0.700,0.0,-0.270,-1.268,False,0.700,0.0,-0.738,-1.262
9.760,5831.055,5.194,False,0.700,0.0,-0.546,-1.248,False,0.700,0.0,-0.270,-1.268,False,0.700,0.0,-0.270,-1.268,False,0.700,0.0,-0.738,-1.262
9.780,5847.920,8.685,False,0.700,0.0,-0.546,-1.248,False,0.700,0.0,-0.270,-1.268,False,0.700,0.0,-0.270,-1.268,False,0.700,0.0,-0.738,-1.262
9.800,5864.827,13.617,False,0.700,0.0,-0.546,-1.248,False,0.700,0.0,-0.270,-1.268,False,0.700,0.0,-0.270,-1.268,False,0.700,0.0,-0.738,-1.262
9.820,5881.826,18.566,False,0.700,0.0,-0.546,-1.248,False,0.700,0.0,-0.270,-1.268,False,0.700,0.0,-0.270,-1.268,False,0.700,0.0,-0.738,-1.262
9.840,5898.937,22.627,False,0.700,0.0,-0.546,-1.248,False,0.700,0.0,-0.270,-1.268,False,0.700,0.0,-0.270,-1.268,False,0.700,0.0,-0.738,-1.262
9.860,5916.146,24.824,False,0.700,0.0,-0.546,-1.248,False,0.700,0.0,-0.270,-1.268,False,0.700,0.0,-0.270,-1.268,False,0.700,0.0,-0.738,-1.262
9.880,5933.375,24.509,False,0.700,0.0,-0.546,-1.248,False,0.700,0.0,-0.270,-1.268,False,0.700,0.0,-0.270,-1.268,False,0.700,0.0,-0.738,-1.262
9.900,5950.561,21.835,False,0.700,0.0,-0.546,-1.248,False,0.700,0.0,-0.270,-1.268,False,0.700,0.0,-0.270,-1.268,False,0.700,0.0,-0.738,-1.262
9.920,5967.725,17.620,False,0.700,0.0,-0.546,-1.248,False,0.700,0.0,-0.270,-1.268,False,0.700,0.0,-0.270,-1.268,False,0.700,0.0,-0.738,-1.262
9.940,5984.909,12.754,False,0.700,0.0,-0.546,-1.248,False,0.700,0.0,-0.270,-1.268,False,0.700,0.0,-0.270,-1.268,False,0.700,0.0,-0.738,-1.262
9.960,6002.137,7.799,False,0.700,0.0,-0.546,-1.248,False,0.700,0.0,-0.270,-1.268,False,0.700,0.0,-0.270,-1.268,False,0.700,0.0,-0.738,-1.262
9.980,6019.417,2.995,False,0.700,0.0,-0.546,-1.248,False,0.700,0.0,-0.270,-1.268,False,0.700,0.0,-0.270,-1.268,False,0.700,0.0,-0.738,-1.262
10.000,6036.753,2.183,False,0.700,0.0,-0.546,-1.248,False,0.700,0.0,-0.270,-1.268,False,0.700,0.0,-0.270,-1.268,False,0.700,0.0,-0.738,-1.262
10.020,6054.147,6.986,False,0.700,0.0,-0.546,-1.248,False,0.700,0.0,-0.270,-1.268,False,0.700,0.0,-0.270,-1.268,False,0.700,0.0,-0.738,-1.262
10.040,6071.591,12.067,False,0.700,0.0,-0.546,-1.248,False,0.700,0.0,-0.270,-1.268,False,0.700,0.0,-0.270,-1.268,False,0.700,0.0,-0.738,-1.262
10.060,6089.066,17.200,False,0.700,0.0,-0.546,-1.248,False,0.700,0.0,-0.270,-1.268,False,0.700,0.0,-0.270,-1.268,False,0.700,0.0,-0.738,-1.262
10.080,6106.528,21.874,False,0.700,0.0,-0.546,-1.248,False,0.700,0.0,-0.270,-1.268,False,0.700,0.0,-0.270,-1.268,False,0.700,0.0,-0.738,-1.262
10.100,6123.933,25.168,False,0.700,0.0,-0.546,-1.248,False,0.700,0.0,-0.270,-1.268,False,0.700,0.0,-0.270,-1.268,False,0.700,0.0,-0.738,-1.262
10.120,6141.329,26.102,False,0.700,0.0,-0.546,-1.248,False,0.700,0.0,-0.270,-1.268,False,0.700,0.0,-0.270,-1.268,False,0.700,0.0,-0.738,-1.262
10.140,6158.809,24.324,False,0.700,0.0,-0.546,-1.248,False,0.700,0.0,-0.270,-1.268,False,0.700,0.0,-0.270,-1.268,False,0.700,0.0,-0.738,-1.262
10.160,6176.399,20.417,False,0.700,0.0,-0.546,-1.248,False,0.700,0.0,-0.270,-1.268,False,0.700,0.0,-0.270,-1.268,False,0.700,0.0,-0.738,-1.262
10.180,6194.081,15.433,False,0.700,0.0,-0.546,-1.248,False,0.700,0.0,-0.270,-1.268,False,0.700,0.0,-0.270,-1.268,False,0.700,0.0,-0.738,-1.262
10.200,6211.790,10.306,False,0.700,0.0,-0.546,-1.248,False,0.700,0.0,-0.270,-1.268,False,0.700,0.0,-0.270,-1.268,False,0.700,0.0,-0.738,-1.262
10.220,6229.470,5.941,False,0.700,0.0,-0.546,-1.248,False,0.700,0.0,-0.270,-1.268,False,0.700,0.0,-0.270,-1.268,False,0.700,0.0,-0.738,-1.262
10.240,6247.109,4.843,False,0.700,0.0,-0.546,-1.248,False,0.700,0.0,-0.270,-1.268,False,0.700,0.0,-0.270,-1.268,False,0.700,0.0,-0.738,-1.262
10.260,6264.744,8.168,False,0.700,0.0,-0.546,-1.248,False,0.700,0.0,-0.270,-1.268,False,0.700,0.0,-0.270,-1.268,False,0.700,0.0,-0.738,-1.262
10.280,6282.433,12.665,False,0.700,0.0,-0.546,-1.248,False,0.700,0.0,-0.270,-1.268,False,0.700,0.0,-0.270,-1.268,False,0.700,0.0,-0.738,-1.262
10.300,6300.216,17.022,False,0.700,0.0,-0.546,-1.248,False,0.700,0.0,-0.270,-1.268,False,0.700,0.0,-0.270,-1.268,False,0.700,0.0,-0.738,-1.262
10.320,6318.098,20.413,False,0.700,0.0,-0.546,-1.248,False,0.700,0.0,-0.270,-1.268,False,0.700,0.0,-0.270,-1.268,False,0.700,0.0,-0.738,-1.262
10.340,6336.029,21.975,False,0.700,0.0,-0.546,-1.248,False,0.700,0.0,-0.270,-1.268,False,0.700,0.0,-0.270,-1.268,False,0.700,0.0,-0.738,-1.262
10.360,6353.859,21.154,False,0.700,0.0,-0.546,-1.248,False,0.700,0.0,-0.270,-1.268,False,0.700,0.0,-0.270,-1.268,False,0.700,0.0,-0.738,-1.262
10.380,6371.482,18.084,False,0.700,0.0,-0.546,-1.248,False,0.700,0.0,-0.270,-1.268,False,0.700,0.0,-0.270,-1.268,False,0.700,0.0,-0.738,-1.262
10.400,6388.927,13.489,False,0.700,0.0,-0.546,-1.248,False,0.700,0.0,-0.270,-1.268,False,0.700,0.0,-0.270,-1.268,False,0.700,0.0,-0.738,-1.262
10.420,6406.275,8.300,False,0.700,0.0,-0.546,-1.248,False,0.700,0.0,-0.270,-1.268,False,0.700,0.0,-0.270,-1.268,False,0.700,0.0,-0.738,-1.262
10.440,6423.578,4.197,False,0.700,0.0,-0.546,-1.248,False,0.700,0.0,-0.270,-1.268,False,0.700,0.0,-0.270,-1.268,False,0.700,0.0,-0.738,-1.262
10.460,6440.837,6.071,False,0.700,0.0,-0.546,-1.248,False,0.700,0.0,-0.270,-1.268,False,0.700,0.0,-0.270,-1.268,False,0.700,0.0,-0.738,-1.262
10.480,6458.002,11.064,False,0.700,0.0,-0.546,-1.248,False,0.700,0.0,-0.270,-1.268,False,0.700,0.0,-0.270,-1.268,False,0.700,0.0,-0.738,-1.262
10.500,6474.965,15.926,False,0.700,0.0,-0.546,-1.248,False,0.700,0.0,-0.270,-1.268,False,0.700,0.0,-0.270,-1.268,False,0.700,0.0,-0.738,-1.262
10.520,6491.614,19.599,False,0.700,0.0,-0.546,-1.248,False,0.700,0.0,-0.270,-1.268,False,0.700,0.0,-0.270,-1.268,False,0.700,0.0,-0.738,-1.262
10.540,6507.975,21.224,False,0.700,0.0,-0.546,-1.248,False,0.700,0.0,-0.270,-1.268,False,0.700,0.0,-0.270,-1.268,False,0.700,0.0,-0.738,-1.262
10.560,6524.236,20.371,False,0.700,0.0,-0.546,-1.248,False,0.700,0.0,-0.270,-1.268,False,0.700,0.0,-0.270,-1.268,False,0.700,0.0,-0.738,-1.262
10.580,6540.562,17.339,False,0.700,0.0,-0.546,-1.248,False,0.700,0.0,-0.270,-1.268,False,0.700,0.0,-0.270,-1.268,False,0.700,0.0,-0.738,-1.262
10.600,6556.994,12.995,False,0.700,0.0,-0.546,-1.248,False,0.700,0.0,-0.270,-1.268,False,0.700,0.0,-0.270,-1.268,False,0.700,0.0,-0.738,-1.262
10.620,6573.536,8.496,False,0.700,0.0,-0.546,-1.248,False,0.700,0.0,-0.270,-1.268,False,0.700,0.0,-0.270,-1.268,False,0.700,0.0,-0.738,-1.262
10.640,6590.179,6.006,False,0.700,0.0,-0.546,-1.248,False,0.700,0.0,-0.270,-1.268,False,0.700,0.0,-0.270,-1.268,False,0.700,0.0,-0.738,-1.262
10.660,6606.922,8.140,False,0.700,0.0,-0.546,-1.248,False,0.700,0.0,-0.270,-1.268,False,0.700,0.0,-0.270,-1.268,False,0.700,0.0,-0.738,-1.262
10.680,6623.771,12.501,False,0.700,0.0,-0.546,-1.248,False,0.700,0.0,-0.270,-1.268,False,0.700,0.0,-0.270,-1.268,False,0.700,0.0,-0.738,-1.262
10.700,6640.731,16.858,False,0.700,0.0,-0.546,-1.248,False,0.700,0.0,-0.270,-1.268,False,0.700,0.0,-0.270,-1.268,False,0.700,0.0,-0.738,-1.262
10.720,6657.797,20.165,False,0.700,0.0,-0.546,-1.248,False,0.700,0.0,-0.270,-1.268,False,0.700,0.0,-0.270,-1.268,False,0.700,0.0,-0.738,-1.262
10.740,6674.936,21.664,False,0.700,0.0,-0.546,-1.248,False,0.700,0.0,-0.270,-1.268,False,0.700,0.0,-0.270,-1.268,False,0.700,0.0,-0.738,-1.262
10.760,6692.098,21.021,False,0.700,0.0,-0.546,-1.248,False,0.700,0.0,-0.270,-1.268,False,0.700,0.0,-0.270,-1.268,False,0.700,0.0,-0.738,-1.262
10.780,6709.260,18.503,False,0.700,0.0,-0.546,-1.248,False,0.700,0.0,-0.270,-1.268,False,0.700,0.0,-0.270,-1.268,False,0.700,0.0,-0.738,-1.262
10.800,6726.432,14.767,False,0.700,0.0,-0.546,-1.248,False,0.700,0.0,-0.270,-1.268,False,0.700,0.0,-0.270,-1.268,False,0.700,0.0,-0.738,-1.262
10.820,6743.632,10.480,False,0.700,0.0,-0.546,-1.248,False,0.700,0.0,-0.270,-1.268,False,0.700,0.0,-0.270,-1.268,False,0.700,0.0,-0.738,-1.262
10.840,6760.878,6.181,False,0.700,0.0,-0.546,-1.248,False,0.700,0.0,-0.270,-1.268,False,0.700,0.0,-0.270,-1.268,False,0.700,0.0,-0.738,-1.262
10.860,6778.182,3.219,False,0.700,0.0,-0.546,-1.248,False,0.700,0.0,-0.270,-1.268,False,0.700,0.0,-0.270,-1.268,False,0.700,0.0,-0.738,-1.262
10.880,6795.551,5.550,False,0.700,0.0,-0.546,-1.248,False,0.700,0.0,-0.270,-1.268,False,0.700,0.0,-0.270,-1.268,False,0.700,0.0,-0.738,-1.262
10.900,6812.988,10.322,False,0.700,0.0,-0.546,-1.248,False,0.700,0.0,-0.270,-1.268,False,0.700,0.0,-0.270,-1.268,False,0.700,0.0,-0.738,-1.262
10.920,6830.486,15.609,False,0.700,0.0,-0.546,-1.248,False,0.700,0.0,-0.270,-1.268,False,0.700,0.0,-0.270,-1.268,False,0.700,0.0,-0.738,-1.262
10.940,6847.995,20.759,False,0.700,0.0,-0.546,-1.248,False,0.700,0.0,-0.270,-1.268,False,0.700,0.0,-0.270,-1.268,False,0.700,0.0,-0.738,-1.262
10.960,6865.406,24.813,False,0.700,0.0,-0.546,-1.248,False,0.700,0.0,-0.270,-1.268,False,0.700,0.0,-0.270,-1.268,False,0.700,0.0,-0.738,-1.262
10.980,6882.683,26.591,False,0.700,0.0,-0.546,-1.248,False,0.700,0.0,-0.270,-1.268,False,0.700,0.0,-0.270,-1.268,False,0.700,0.0,-0.738,-1.262
11.000,6899.958,25.404,False,0.700,0.0,-0.546,-1.248,False,0.700,0.0,-0.270,-1.268,False,0.700,0.0,-0.270,-1.268,False,0.700,0.0,-0.738,-1.262
11.020,6917.337,21.640,False,0.700,0.0,-0.546,-1.248,False,0.700,0.0,-0.270,-1.268,False,0.700,0.0,-0.270,-1.268,False,0.700,0.0,-0.738,-1.262
11.040,6934.831,16.410,False,0.700,0.0,-0.546,-1.248,False,0.700,0.0,-0.270,-1.268,False,0.700,0.0,-0.270,-1.268,False,0.700,0.0,-0.738,-1.262
11.060,6952.406,10.762,False,0.700,0.0,-0.546,-1.248,False,0.700,0.0,-0.270,-1.268,False,0.700,0.0,-0.270,-1.268,False,0.700,0.0,-0.738,-1.262
11.080,6970.009,5.450,False,0.700,0.0,-0.546,-1.248,False,0.700,0.0,-0.270,-1.268,False,0.700,0.0,-0.270,-1.268,False,0.700,0.0,-0.738,-1.262
11.100,6987.614,3.089,False,0.700,0.0,-0.546,-1.248,False,0.700,0.0,-0.270,-1.268,False,0.700,0.0,-0.270,-1.268,False,0.700,0.0,-0.738,-1.262
11.120,7005.236,7.073,False,0.700,0.0,-0.546,-1.248,False,0.700,0.0,-0.270,-1.268,False,0.700,0.0,-0.270,-1.268,False,0.700,0.0,-0.738,-1.262
11.140,7022.921,12.095,False,0.700,0.0,-0.546,-1.248,False,0.700,0.0,-0.270,-1.268,False,0.700,0.0,-0.270,-1.268,False,0.700,0.0,-0.738,-1.262
11.160,7040.706,16.893,False,0.700,0.0,-0.546,-1.248,False,0.700,0.0,-0.270,-1.268,False,0.700,0.0,-0.270,-1.268,False,0.700,0.0,-0.738,-1.262
11.180,7058.592,20.767,False,0.700,0.0,-0.546,-1.248,False,0.700,0.0,-0.270,-1.268,False,0.700,0.0,-0.270,-1.268,False,0.700,0.0,-0.738,-1.262
11.200,7076.536,22.871,False,0.700,0.0,-0.546,-1.248,False,0.700,0.0,-0.270,-1.268,False,0.700,0.0,-0.270,-1.268,False,0.700,0.0,-0.738,-1.262
11.220,7094.401,22.581,False,0.700,0.0,-0.546,-1.248,False,0.700,0.0,-0.270,-1.268,False,0.700,0.0,-0.270,-1.268,False,0.700,0.0,-0.738,-1.262
11.240,7112.106,19.940,False,0.700,0.0,-0.546,-1.248,False,0.700,0.0,-0.270,-1.268,False,0.700,0.0,-0.270,-1.268,False,0.700,0.0,-0.738,-1.262
11.260,7129.707,15.634,False,0.700,0.0,-0.546,-1.248,False,0.700,0.0,-0.270,-1.268,False,0.700,0.0,-0.270,-1.268,False,0.700,0.0,-0.738,-1.262
11.280,7147.295,10.536,False,0.700,0.0,-0.546,-1.248,False,0.700,0.0,-0.270,-1.268,False,0.700,0.0,-0.270,-1.268,False,0.700,0.0,-0.738,-1.262
11.300,7164.924,5.545,False,0.700,0.0,-0.546,-1.248,False,0.700,0.0,-0.270,-1.268,False,0.700,0.0,-0.270,-1.268,False,0.700,0.0,-0.738,-1.262
11.320,7182.610,3.847,False,0.700,0.0,-0.546,-1.248,False,0.700,0.0,-0.270,-1.268,False,0.700,0.0,-0.270,-1.268,False,0.700,0.0,-0.738,-1.262
11.340,7200.341,8.062,False,0.700,0.0,-0.546,-1.248,False,0.700,0.0,-0.270,-1.268,False,0.700,0.0,-0.270,-1.268,False,0.700,0.0,-0.738,-1.262
11.360,7218.068,13.277,False,0.700,0.0,-0.546,-1.248,False,0.700,0.0,-0.270,-1.268,False,0.700,0.0,-0.270,-1.268,False,0.700,0.0,-0.738,-1.262
11.380,7235.682,18.046,False,0.700,0.0,-0.546,-1.248,False,0.700,0.0,-0.270,-1.268,False,0.700,0.0,-0.270,-1.268,False,0.700,0.0,-0.738,-1.262
11.400,7253.065,21.428,False,0.700,0.0,-0.546,-1.248,False,0.700,0.0,-0.270,-1.268,False,0.700,0.0,-0.270,-1.268,False,0.700,0.0,-0.738,-1.262
11.420,7270.242,22.515,False,0.700,0.0,-0.546,-1.248,False,0.700,0.0,-0.270,-1.268,False,0.700,0.0,-0.270,-1.268,False,0.700,0.0,-0.738,-1.262
11.440,7287.392,20.921,False,0.700,0.0,-0.546,-1.248,False,0.700,0.0,-0.270,-1.268,False,0.700,0.0,-0.270,-1.268,False,0.700,0.0,-0.738,-1.262
11.460,7304.637,17.071,False,0.700,0.0,-0.546,-1.248,False,0.700,0.0,-0.270,-1.268,False,0.700,0.0,-0.270,-1.268,False,0.700,0.0,-0.738,-1.262
11.480,7321.993,11.849,False,0.700,0.0,-0.546,-1.248,False,0.700,0.0,-0.270,-1.268,False,0.700,0.0,-0.270,-1.268,False,0.700,0.0,-0.738,-1.262
11.500,7339.456,6.078,False,0.700,0.0,-0.546,-1.248,False,0.700,0.0,-0.270,-1.268,False,0.700,0.0,-0.270,-1.268,False,0.700,0.0,-0.738,-1.262
11.520,7357.010,1.712,False,0.700,0.0,-0.546,-1.248,False,0.700,0.0,-0.270,-1.268,False,0.700,0.0,-0.270,-1.268,False,0.700,0.0,-0.738,-1.262
11.540,7374.657,6.572,False,0.700,0.0,-0.546,-1.248,False,0.700,0.0,-0.270,-1.268,False,0.700,0.0,-0.270,-1.268,False,0.700,0.0,-0.738,-1.262
11.560,7392.410,12.363,False,0.700,0.0,-0.546,-1.248,False,0.700,0.0,-0.270,-1.268,False,0.700,0.0,-0.270,-1.268,False,0.700,0.0,-0.738,-1.262
11.580,7410.275,17.585,False,0.700,0.0,-0.546,-1.248,False,0.700,0.0,-0.270,-1.268,False,0.700,0.0,-0.270,-1.268,False,0.700,0.0,-0.738,-1.262
11.600,7428.242,21.414,False,0.700,0.0,-0.546,-1.248,False,0.700,0.0,-0.270,-1.268,False,0.700,0.0,-0.270,-1.268,False,0.700,0.0,-0.738,-1.262
11.620,7446.210,22.982,False,0.700,0.0,-0.546,-1.248,False,0.700,0.0,-0.270,-1.268,False,0.700,0.0,-0.270,-1.268,False,0.700,0.0,-0.738,-1.262
11.640,7464.052,21.911,False,0.700,0.0,-0.546,-1.248,False,0.700,0.0,-0.270,-1.268,False,0.700,0.0,-0.270,-1.268,False,0.700,0.0,-0.738,-1.262
11.660,7481.771,18.639,False,0.700,0.0,-0.546,-1.248,False,0.700,0.0,-0.270,-1.268,False,0.700,0.0,-0.270,-1.268,False,0.700,0.0,-0.738,-1.262
11.680,7499.458,14.095,False,0.700,0.0,-0.546,-1.248,False,0.700,0.0,-0.270,-1.268,False,0.700,0.0,-0.270,-1.268,False,0.700,0.0,-0.738,-1.262
11.700,7517.178,9.190,False,0.700,0.0,-0.546,-1.248,False,0.700,0.0,-0.270,-1.268,False,0.700,0.0,-0.270,-1.268,False,0.700,0.0,-0.738,-1.262
11.720,7534.958,4.922,False,0.700,0.0,-0.546,-1.248,False,0.700,0.0,-0.270,-1.268,False,0.700,0.0,-0.270,-1.268,False,0.700,0.0,-0.738,-1.262
11.740,7552.806,4.559,False,0.700,0.0,-0.546,-1.248,False,0.700,0.0,-0.270,-1.268,False,0.700,0.0,-0.270,-1.268,False,0.700,0.0,-0.738,-1.262
11.760,7570.720,8.563,False,0.700,0.0,-0.546,-1.248,False,0.700,0.0,-0.270,-1.268,False,0.700,0.0,-0.270,-1.268,False,0.700,0.0,-0.738,-1.262
11.780,7588.690,13.389,False,0.700,0.0,-0.546,-1.248,False,0.700,0.0,-0.270,-1.268,False,0.700,0.0,-0.270,-1.268,False,0.700,0.0,-0.738,-1.262
11.800,7606.688,18.029,False,0.700,0.0,-0.546,-1.248,False,0.700,0.0,-0.270,-1.268,False,0.700,0.0,-0.270,-1.268,False,0.700,0.0,-0.738,-1.262
11.820,7624.657,21.730,False,0.700,0.0,-0.546,-1.248,False,0.700,0.0,-0.270,-1.268,False,0.700,0.0,-0.270,-1.268,False,0.700,0.0,-0.738,-1.262
11.840,7642.574,23.640,False,0.700,0.0,-0.546,-1.248,False,0.700,0.0,-0.270,-1.268,False,0.700,0.0,-0.270,-1.268,False,0.700,0.0,-0.738,-1.262
11.860,7660.498,23.196,False,0.700,0.0,-0.546,-1.248,False,0.700,0.0,-0.270,-1.268,False,0.700,0.0,-0.270,-1.268,False,0.700,0.0,-0.738,-1.262
11.880,7678.499,20.513,False,0.700,0.0,-0.546,-1.248,False,0.700,0.0,-0.270,-1.268,False,0.700,0.0,-0.270,-1.268,False,0.700,0.0,-0.738,-1.262
11.900,7696.599,16.293,False,0.700,0.0,-0.546,-1.248,False,0.700,0.0,-0.270,-1.268,False,0.700,0.0,-0.270,-1.268,False,0.700,0.0,-0.738,-1.262
11.920,7714.788,11.343,False,0.700,0.0,-0.546,-1.248,False,0.700,0.0,-0.270,-1.268,False,0.700,0.0,-0.270,-1.268,False,0.700,0.0,-0.738,-1.262
11.940,7733.029,6.317,False,0.700,0.0,-0.546,-1.248,False,0.700,0.0,-0.270,-1.268,False,0.700,0.0,-0.270,-1.268,False,0.700,0.0,-0.738,-1.262
11.960,7751.289,2.938,False,0.700,0.0,-0.546,-1.248,False,0.700,0.0,-0.270,-1.268,False,0.700,0.0,-0.270,-1.268,False,0.700,0.0,-0.738,-1.262
11.980,7769.574,6.178,False,0.700,0.0,-0.546,-1.248,False,0.700,0.0,-0.270,-1.268,False,0.700,0.0,-0.270,-1.268,False,0.700,0.0,-0.738,-1.262
12.000,7787.924,11.463,False,0.700,0.0,-0.546,-1.248,False,0.700,0.0,-0.270,-1.268,False,0.700,0.0,-0.270,-1.268,False,0.700,0.0,-0.738,-1.262
12.020,7806.381,16.831,False,0.700,0.0,-0.546,-1.248,False,0.700,0.0,-0.270,-1.268,False,0.700,0.0,-0.270,-1.268,False,0.700,0.0,-0.738,-1.262
12.040,7824.955,21.483,False,0.700,0.0,-0.546,-1.248,False,0.700,0.0,-0.270,-1.268,False,0.700,0.0,-0.270,-1.268,False,0.700,0.0,-0.738,-1.262
12.060,7843.590,24.386,False,0.700,0.0,-0.546,-1.248,False,0.700,0.0,-0.270,-1.268,False,0.700,0.0,-0.270,-1.268,False,0.700,0.0,-0.738,-1.262
12.080,7862.084,24.643,False,0.700,0.0,-0.546,-1.248,False,0.700,0.0,-0.270,-1.268,False,0.700,0.0,-0.270,-1.268,False,0.700,0.0,-0.738,-1.262
12.100,7880.300,22.163,False,0.700,0.0,-0.546,-1.248,False,0.700,0.0,-0.270,-1.268,False,0.700,0.0,-0.270,-1.268,False,0.700,0.0,-0.738,-1.262
12.120,7898.341,17.740,False,0.700,0.0,-0.546,-1.248,False,0.700,0.0,-0.270,-1.268,False,0.700,0.0,-0.270,-1.268,False,0.700,0.0,-0.738,-1.262
12.140,7916.359,12.457,False,0.700,0.0,-0.546,-1.248,False,0.700,0.0,-0.270,-1.268,False,0.700,0.0,-0.270,-1.268,False,0.700,0.0,-0.738,-1.262
12.160,7934.427,7.255,False,0.700,0.0,-0.546,-1.248,False,0.700,0.0,-0.270,-1.268,False,0.700,0.0,-0.270,-1.268,False,0.700,0.0,-0.738,-1.262
12.180,7952.562,3.921,False,0.700,0.0,-0.546,-1.248,False,0.700,0.0,-0.270,-1.268,False,0.700,0.0,-0.270,-1.268,False,0.700,0.0,-0.738,-1.262
12.200,7970.760,6.284,False,0.700,0.0,-0.546,-1.248,False,0.700,0.0,-0.270,-1.268,False,0.700,0.0,-0.270,-1.268,False,0.700,0.0,-0.738,-1.262
12.220,7989.004,10.842,False,0.700,0.0,-0.546,-1.248,False,0.700,0.0,-0.270,-1.268,False,0.700,0.0,-0.270,-1.268,False,0.700,0.0,-0.738,-1.262
12.240,8007.262,15.304,False,0.700,0.0,-0.546,-1.248,False,0.700,0.0,-0.270,-1.268,False,0.700,0.0,-0.270,-1.268,False,0.700,0.0,-0.738,-1.262
12.260,8025.499,18.867,False,0.700,0.0,-0.546,-1.248,False,0.700,0.0,-0.270,-1.268,False,0.700,0.0,-0.270,-1.268,False,0.700,0.0,-0.738,-1.262
12.280,8043.707,20.778,False,0.700,0.0,-0.546,-1.248,False,0.700,0.0,-0.270,-1.268,False,0.700,0.0,-0.270,-1.268,False,0.700,0.0,-0.738,-1.262
12.300,8061.940,20.507,False,0.700,0.0,-0.546,-1.248,False,0.700,0.0,-0.270,-1.268,False,0.700,0.0,-0.270,-1.268,False,0.700,0.0,-0.738,-1.262
12.320,8080.260,18.076,False,0.700,0.0,-0.546,-1.248,False,0.700,0.0,-0.270,-1.268,False,0.700,0.0,-0.270,-1.268,False,0.700,0.0,-0.738,-1.262
12.340,8098.688,14.070,False,0.700,0.0,-0.546,-1.248,False,0.700,0.0,-0.270,-1.268,False,0.700,0.0,-0.270,-1.268,False,0.700,0.0,-0.738,-1.262
12.360,8117.227,9.354,False,0.700,0.0,-0.546,-1.248,False,0.700,0.0,-0.270,-1.268,False,0.700,0.0,-0.270,-1.268,False,0.700,0.0,-0.738,-1.262
12.380,8135.859,5.369,False,0.700,0.0,-0.546,-1.248,False,0.700,0.0,-0.270,-1.268,False,0.700,0.0,-0.270,-1.268,False,0.700,0.0,-0.738,-1.262
12.400,8154.581,5.995,False,0.700,0.0,-0.546,-1.248,False,0.700,0.0,-0.270,-1.268,False,0.700,0.0,-0.270,-1.268,False,0.700,0.0,-0.738,-1.262
12.420,8173.403,10.486,False,0.700,0.0,-0.546,-1.248,False,0.700,0.0,-0.270,-1.268,False,0.700,0.0,-0.270,-1.268,False,0.700,0.0,-0.738,-1.262
12.440,8192.336,15.383,False,0.700,0.0,-0.546,-1.248,False,0.700,0.0,-0.270,-1.268,False,0.700,0.0,-0.270,-1.268,False,0.700,0.0,-0.738,-1.262
12.460,8211.371,19.380,False,0.700,0.0,-0.546,-1.248,False,0.700,0.0,-0.270,-1.268,False,0.700,0.0,-0.270,-1.268,False,0.700,0.0,-0.738,-1.262
12.480,8230.404,21.506,False,0.700,0.0,-0.546,-1.248,False,0.700,0.0,-0.270,-1.268,False,0.700,0.0,-0.270,-1.268,False,0.700,0.0,-0.738,-1.262
12.500,8249.202,21.155,False,0.700,0.0,-0.546,-1.248,False,0.700,0.0,-0.270,-1.268,False,0.700,0.0,-0.270,-1.268,False,0.700,0.0,-0.738,-1.262
12.520,8267.636,18.464,False,0.700,0.0,-0.546,-1.248,False,0.700,0.0,-0.270,-1.268,False,0.700,0.0,-0.270,-1.268,False,0.700,0.0,-0.738,-1.262
12.540,8285.796,14.226,False,0.700,0.0,-0.546,-1.248,False,0.700,0.0,-0.270,-1.268,False,0.700,0.0,-0.270,-1.268,False,0.700,0.0,-0.738,-1.262
12.560,8303.835,9.523,False,0.700,0.0,-0.546,-1.248,False,0.700,0.0,-0.270,-1.268,False,0.700,0.0,-0.270,-1.268,False,0.700,0.0,-0.738,-1.262
12.580,8321.845,6.033,False,0.700,0.0,-0.546,-1.248,False,0.700,0.0,-0.270,-1.268,False,0.700,0.0,-0.270,-1.268,False,0.700,0.0,-0.738,-1.262
12.600,8339.860,6.863,False,0.700,0.0,-0.546,-1.248,False,0.700,0.0,-0.270,-1.268,False,0.700,0.0,-0.270,-1.268,False,0.700,0.0,-0.738,-1.262
12.620,8357.881,10.860,False,0.700,0.0,-0.546,-1.248,False,0.700,0.0,-0.270,-1.268,False,0.700,0.0,-0.270,-1.268,False,0.700,0.0,-0.738,-1.262
12.640,8375.886,15.245,False,0.700,0.0,-0.546,-1.248,False,0.700,0.0,-0.270,-1.268,False,0.700,0.0,-0.270,-1.268,False,0.700,0.0,-0.738,-1.262
12.660,8393.858,18.868,False,0.700,0.0,-0.546,-1.248,False,0.700,0.0,-0.270,-1.268,False,0.700,0.0,-0.270,-1.268,False,0.700,0.0,-0.738,-1.262
12.680,8411.811,20.954,False,0.700,0.0,-0.546,-1.248,False,0.700,0.0,-0.270,-1.268,False,0.700,0.0,-0.270,-1.268,False,0.700,0.0,-0.738,-1.262
12.700,8429.784,21.019,False,0.700,0.0,-0.546,-1.248,False,0.700,0.0,-0.270,-1.268,False,0.700,0.0,-0.270,-1.268,False,0.700,0.0,-0.738,-1.262
12.720,8447.812,19.106,False,0.700,0.0,-0.546,-1.248,False,0.700,0.0,-0.270,-1.268,False,0.700,0.0,-0.270,-1.268,False,0.700,0.0,-0.738,-1.262
12.740,8465.907,15.728,False,0.700,0.0,-0.546,-1.248,False,0.700,0.0,-0.270,-1.268,False,0.700,0.0,-0.270,-1.268,False,0.700,0.0,-0.738,-1.262
12.760,8484.052,11.551,False,0.700,0.0,-0.546,-1.248,False,0.700,0.0,-0.270,-1.268,False,0.700,0.0,-0.270,-1.268,False,0.700,0.0,-0.738,-1.262
12.780,8502.199,7.171,False,0.700,0.0,-0.546,-1.248,False,0.700,0.0,-0.270,-1.268,False,0.700,0.0,-0.270,-1.268,False,0.700,0.0,-0.738,-1.262
12.800,8520.309,3.684,False,0.700,0.0,-0.546,-1.248,False,0.700,0.0,-0.270,-1.268,False,0.700,0.0,-0.270,-1.268,False,0.700,0.0,-0.738,-1.262
12.820,8538.373,5.072,False,0.700,0.0,-0.546,-1.248,False,0.700,0.0,-0.270,-1.268,False,0.700,0.0,-0.270,-1.268,False,0.700,0.0,-0.738,-1.262
12.840,8556.428,9.671,False,0.700,0.0,-0.546,-1.248,False,0.700,0.0,-0.270,-1.268,False,0.700,0.0,-0.270,-1.268,False,0.700,0.0,-0.738,-1.262
12.860,8574.539,14.817,False,0.700,0.0,-0.546,-1.248,False,0.700,0.0,-0.270,-1.268,False,0.700,0.0,-0.270,-1.268,False,0.700,0.0,-0.738,-1.262
12.880,8592.758,19.713,False,0.700,0.0,-0.546,-1.248,False,0.700,0.0,-0.270,-1.268,False,0.700,0.0,-0.270,-1.268,False,0.700,0.0,-0.738,-1.262
12.900,8611.090,23.420,False,0.700,0.0,-0.546,-1.248,False,0.700,0.0,-0.270,-1.268,False,0.700,0.0,-0.270,-1.268,False,0.700,0.0,-0.738,-1.262
12.920,8629.459,24.878,False,0.700,0.0,-0.546,-1.248,False,0.700,0.0,-0.270,-1.268,False,0.700,0.0,-0.270,-1.268,False,0.700,0.0,-0.738,-1.262
12.940,8647.683,23.530,False,0.700,0.0,-0.546,-1.248,False,0.700,0.0,-0.270,-1.268,False,0.700,0.0,-0.270,-1.268,False,0.700,0.0,-0.738,-1.262
12.960,8665.698,19.769,False,0.700,0.0,-0.546,-1.248,False,0.700,0.0,-0.270,-1.268,False,0.700,0.0,-0.270,-1.268,False,0.700,0.0,-0.738,-1.262
12.980,8683.604,14.592,False,0.700,0.0,-0.546,-1.248,False,0.700,0.0,-0.270,-1.268,False,0.700,0.0,-0.270,-1.268,False,0.700,0.0,-0.738,-1.262
13.000,8701.502,8.942,False,0.700,0.0,-0.546,-1.248,False,0.700,0.0,-0.270,-1.268,False,0.700,0.0,-0.270,-1.268,False,0.700,0.0,-0.738,-1.262
13.020,8719.435,3.696,False,0.700,0.0,-0.546,-1.248,False,0.700,0.0,-0.270,-1.268,False,0.700,0.0,-0.270,-1.268,False,0.700,0.0,-0.738,-1.262
13.040,8737.411,3.931,False,0.700,0.0,-0.546,-1.248,False,0.700,0.0,-0.270,-1.268,False,0.700,0.0,-0.270,-1.268,False,0.700,0.0,-0.738,-1.262
13.060,8755.419,9.009,False,0.700,0.0,-0.546,-1.248,False,0.700,0.0,-0.270,-1.268,False,0.700,0.0,-0.270,-1.268,False,0.700,0.0,-0.738,-1.262
13.080,8773.425,14.184,False,0.700,0.0,-0.546,-1.248,False,0.700,0.0,-0.270,-1.268,False,0.700,0.0,-0.270,-1.268,False,0.700,0.0,-0.738,-1.262
13.100,8791.380,18.673,False,0.700,0.0,-0.546,-1.248,False,0.700,0.0,-0.270,-1.268,False,0.700,0.0,-0.270,-1.268,False,0.700,0.0,-0.738,-1.262
13.120,8809.266,21.692,False,0.700,0.0,-0.546,-1.248,False,0.700,0.0,-0.270,-1.268,False,0.700,0.0,-0.270,-1.268,False,0.700,0.0,-0.738,-1.262
13.140,8827.149,22.496,False,0.700,0.0,-0.546,-1.248,False,0.700,0.0,-0.270,-1.268,False,0.700,0.0,-0.270,-1.268,False,0.700,0.0,-0.738,-1.262
13.160,8845.118,20.855,False,0.700,0.0,-0.546,-1.248,False,0.700,0.0,-0.270,-1.268,False,0.700,0.0,-0.270,-1.268,False,0.700,0.0,-0.738,-1.262
13.180,8863.196,17.231,False,0.700,0.0,-0.546,-1.248,False,0.700,0.0,-0.270,-1.268,False,0.700,0.0,-0.270,-1.268,False,0.700,0.0,-0.738,-1.262
13.200,8881.375,12.433,False,0.700,0.0,-0.546,-1.248,False,0.700,0.0,-0.270,-1.268,False,0.700,0.0,-0.270,-1.268,False,0.700,0.0,-0.738,-1.262
13.220,8899.606,7.164,False,0.700,0.0,-0.546,-1.248,False,0.700,0.0,-0.270,-1.268,False,0.700,0.0,-0.270,-1.268,False,0.700,0.0,-0.738,-1.262
13.240,8917.848,2.181,False,0.700,0.0,-0.546,-1.248,False,0.700,0.0,-0.270,-1.268,False,0.700,0.0,-0.270,-1.268,False,0.700,0.0,-0.738,-1.262
13.260,8936.095,4.371,False,0.700,0.0,-0.546,-1.248,False,0.700,0.0,-0.270,-1.268,False,0.700,0.0,-0.270,-1.268,False,0.700,0.0,-0.738,-1.262
13.280,8954.386,9.693,False,0.700,0.0,-0.546,-1.248,False,0.700,0.0,-0.270,-1.268,False,0.700,0.0,-0.270,-1.268,False,0.700,0.0,-0.738,-1.262
13.300,8972.771,14.858,False,0.700,0.0,-0.546,-1.248,False,0.700,0.0,-0.270,-1.268,False,0.700,0.0,-0.270,-1.268,False,0.700,0.0,-0.738,-1.262
13.320,8991.272,19.217,False,0.700,0.0,-0.546,-1.248,False,0.700,0.0,-0.270,-1.268,False,0.700,0.0,-0.270,-1.268,False,0.700,0.0,-0.738,-1.262
13.340,9009.872,21.916,False,0.700,0.0,-0.546,-1.248,False,0.700,0.0,-0.270,-1.268,False,0.700,0.0,-0.270,-1.268,False,0.700,0.0,-0.738,-1.262
13.360,9028.452,22.206,False,0.700,0.0,-0.546,-1.248,False,0.700,0.0,-0.270,-1.268,False,0.700,0.0,-0.270,-1.268,False,0.700,0.0,-0.738,-1.262
13.380,9046.859,19.953,False,0.700,0.0,-0.546,-1.248,False,0.700,0.0,-0.270,-1.268,False,0.700,0.0,-0.270,-1.268,False,0.700,0.0,-0.738,-1.262
13.400,9065.081,15.743,False,0.700,0.0,-0.546,-1.248,False,0.700,0.0,-0.270,-1.268,False,0.700,0.0,-0.270,-1.268,False,0.700,0.0,-0.738,-1.262
13.420,9083.205,10.435,False,0.700,0.0,-0.546,-1.248,False,0.700,0.0,-0.270,-1.268,False,0.700,0.0,-0.270,-1.268,False,0.700,0.0,-0.738,-1.262
13.440,9101.307,4.764,False,0.700,0.0,-0.546,-1.248,False,0.700,0.0,-0.270,-1.268,False,0.700,0.0,-0.270,-1.268,False,0.700,0.0,-0.738,-1.262
13.460,9119.416,2.239,False,0.700,0.0,-0.546,-1.248,False,0.700,0.0,-0.270,-1.268,False,0.700,0.0,-0.270,-1.268,False,0.700,0.0,-0.738,-1.262
13.480,9137.525,7.691,False,0.700,0.0,-0.546,-1.248,False,0.700,0.0,-0.270,-1.268,False,0.700,0.0,-0.270,-1.268,False,0.700,0.0,-0.738,-1.262
13.500,9155.583,13.403,False,0.700,0.0,-0.546,-1.248,False,0.700,0.0,-0.270,-1.268,False,0.700,0.0,-0.270,-1.268,False,0.700,0.0,-0.738,-1.262
13.520,9173.492,18.473,False,0.700,0.0,-0.546,-1.248,False,0.700,0.0,-0.270,-1.268,False,0.700,0.0,-0.270,-1.268,False,0.700,0.0,-0.738,-1.262
13.540,9191.185,22.052,False,0.700,0.0,-0.546,-1.248,False,0.700,0.0,-0.270,-1.268,False,0.700,0.0,-0.270,-1.268,False,0.700,0.0,-0.738,-1.262
13.560,9208.747,23.284,False,0.700,0.0,-0.546,-1.248,False,0.700,0.0,-0.270,-1.268,False,0.700,0.0,-0.270,-1.268,False,0.700,0.0,-0.738,-1.262
13.580,9226.350,21.874,False,0.700,0.0,-0.546,-1.248,False,0.700,0.0,-0.270,-1.268,False,0.700,0.0,-0.270,-1.268,False,0.700,0.0,-0.738,-1.262
13.600,9244.063,18.351,False,0.700,0.0,-0.546,-1.248,False,0.700,0.0,-0.270,-1.268,False,0.700,0.0,-0.270,-1.268,False,0.700,0.0,-0.738,-1.262
13.620,9261.887,13.678,False,0.700,0.0,-0.546,-1.248,False,0.700,0.0,-0.270,-1.268,False,0.700,0.0,-0.270,-1.268,False,0.700,0.0,-0.738,-1.262
13.640,9279.781,8.731,False,0.700,0.0,-0.546,-1.248,False,0.700,0.0,-0.270,-1.268,False,0.700,0.0,-0.270,-1.268,False,0.700,0.0,-0.738,-1.262
13.660,9297.693,4.446,False,0.700,0.0,-0.546,-1.248,False,0.700,0.0,-0.270,-1.268,False,0.700,0.0,-0.270,-1.268,False,0.700,0.0,-0.738,-1.262
13.680,9315.594,4.191,False,0.700,0.0,-0.546,-1.248,False,0.700,0.0,-0.270,-1.268,False,0.700,0.0,-0.270,-1.268,False,0.700,0.0,-0.738,-1.262
13.700,9333.491,8.132,False,0.700,0.0,-0.546,-1.248,False,0.700,0.0,-0.270,-1.268,False,0.700,0.0,-0.270,-1.268,False,0.700,0.0,-0.738,-1.262
13.720,9351.420,12.651,False,0.700,0.0,-0.546,-1.248,False,0.700,0.0,-0.270,-1.268,False,0.700,0.0,-0.270,-1.268,False,0.700,0.0,-0.738,-1.262
13.740,9369.420,16.873,False,0.700,0.0,-0.546,-1.248,False,0.700,0.0,-0.270,-1.268,False,0.700,0.0,-0.270,-1.268,False,0.700,0.0,-0.738,-1.262
13.760,9387.499,20.163,False,0.700,0.0,-0.546,-1.248,False,0.700,0.0,-0.270,-1.268,False,0.700,0.0,-0.270,-1.268,False,0.700,0.0,-0.738,-1.262
13.780,9405.640,21.827,False,0.700,0.0,-0.546,-1.248,False,0.700,0.0,-0.270,-1.268,False,0.700,0.0,-0.270,-1.268,False,0.700,0.0,-0.738,-1.262
13.800,9423.800,21.406,False,0.700,0.0,-0.546,-1.248,False,0.700,0.0,-0.270,-1.268,False,0.700,0.0,-0.270,-1.268,False,0.700,0.0,-0.738,-1.262
13.820,9441.940,18.980,False,0.700,0.0,-0.546,-1.248,False,0.700,0.0,-0.270,-1.268,False,0.700,0.0,-0.270,-1.268,False,0.700,0.0,-0.738,-1.262
13.840,9460.061,15.108,False,0.700,0.0,-0.546,-1.248,False,0.700,0.0,-0.270,-1.268,False,0.700,0.0,-0.270,-1.268,False,0.700,0.0,-0.738,-1.262
13.860,9478.184,10.524,False,0.700,0.0,-0.546,-1.248,False,0.700,0.0,-0.270,-1.268,False,0.700,0.0,-0.270,-1.268,False,0.700,0.0,-0.738,-1.262
13.880,9496.332,6.111,False,0.700,0.0,-0.546,-1.248,False,0.700,0.0,-0.270,-1.268,False,0.700,0.0,-0.270,-1.268,False,0.700,0.0,-0.738,-1.262
13.900,9514.516,4.575,False,0.700,0.0,-0.546,-1.248,False,0.700,0.0,-0.270,-1.268,False,0.700,0.0,-0.270,-1.268,False,0.700,0.0,-0.738,-1.262
13.920,9532.724,8.158,False,0.700,0.0,-0.546,-1.248,False,0.700,0.0,-0.270,-1.268,False,0.700,0.0,-0.270,-1.268,False,0.700,0.0,-0.738,-1.262
13.940,9550.911,13.132,False,0.700,0.0,-0.546,-1.248,False,0.700,0.0,-0.270,-1.268,False,0.700,0.0,-0.270,-1.268,False,0.700,0.0,-0.738,-1.262
13.960,9568.977,17.874,False,0.700,0.0,-0.546,-1.248,False,0.700,0.0,-0.270,-1.268,False,0.700,0.0,-0.270,-1.268,False,0.700,0.0,-0.738,-1.262
13.980,9586.813,21.397,False,0.700,0.0,-0.546,-1.248,False,0.700,0.0,-0.270,-1.268,False,0.700,0.0,-0.270,-1.268,False,0.700,0.0,-0.738,-1.262
14.000,9604.454,22.767,False,0.700,0.0,-0.546,-1.248,False,0.700,0.0,-0.270,-1.268,False,0.700,0.0,-0.270,-1.268,False,0.700,0.0,-0.738,-1.262
14.020,9622.082,21.544,False,0.700,0.0,-0.546,-1.248,False,0.700,0.0,-0.270,-1.268,False,0.700,0.0,-0.270,-1.268,False,0.700,0.0,-0.738,-1.262
14.040,9639.813,18.104,False,0.700,0.0,-0.546,-1.248,False,0.700,0.0,-0.270,-1.268,False,0.700,0.0,-0.270,-1.268,False,0.700,0.0,-0.738,-1.262
14.060,9657.658,13.367,False,0.700,0.0,-0.546,-1.248,False,0.700,0.0,-0.270,-1.268,False,0.700,0.0,-0.270,-1.268,False,0.700,0.0,-0.738,-1.262
14.080,9675.607,8.351,False,0.700,0.0,-0.546,-1.248,False,0.700,0.0,-0.270,-1.268,False,0.700,0.0,-0.270,-1.268,False,0.700,0.0,-0.738,-1.262
14.100,9693.636,4.723,False,0.700,0.0,-0.546,-1.248,False,0.700,0.0,-0.270,-1.268,False,0.700,0.0,-0.270,-1.268,False,0.700,0.0,-0.738,-1.262
14.120,9711.735,6.174,False,0.700,0.0,-0.546,-1.248,False,0.700,0.0,-0.270,-1.268,False,0.700,0.0,-0.270,-1.268,False,0.700,0.0,-0.738,-1.262
14.140,9729.920,10.458,False,0.700,0.0,-0.546,-1.248,False,0.700,0.0,-0.270,-1.268,False,0.700,0.0,-0.270,-1.268,False,0.700,0.0,-0.738,-1.262
14.160,9748.204,14.749,False,0.700,0.0,-0.546,-1.248,False,0.700,0.0,-0.270,-1.268,False,0.700,0.0,-0.270,-1.268,False,0.700,0.0,-0.738,-1.262
14.180,9766.579,18.083,False,0.700,0.0,-0.546,-1.248,False,0.700,0.0,-0.270,-1.268,False,0.700,0.0,-0.270,-1.268,False,0.700,0.0,-0.738,-1.262
14.200,9785.015,19.754,False,0.700,0.0,-0.546,-1.248,False,0.700,0.0,-0.270,-1.268,False,0.700,0.0,-0.270,-1.268,False,0.700,0.0,-0.738,-1.262
14.220,9803.451,19.344,False,0.700,0.0,-0.546,-1.248,False,0.700,0.0,-0.270,-1.268,False,0.700,0.0,-0.270,-1.268,False,0.700,0.0,-0.738,-1.262
14.240,9821.846,16.953,False,0.700,0.0,-0.546,-1.248,False,0.700,0.0,-0.270,-1.268,False,0.700,0.0,-0.270,-1.268,False,0.700,0.0,-0.738,-1.262
14.260,9840.208,13.140,False,0.700,0.0,-0.546,-1.248,False,0.700,0.0,-0.270,-1.268,False,0.700,0.0,-0.270,-1.268,False,0.700,0.0,-0.738,-1.262
14.280,9858.571,8.688,False,0.700,0.0,-0.546,-1.248,False,0.700,0.0,-0.270,-1.268,False,0.700,0.0,-0.270,-1.268,False,0.700,0.0,-0.738,-1.262
14.300,9876.961,4.998,False,0.700,0.0,-0.546,-1.248,False,0.700,0.0,-0.270,-1.268,False,0.700,0.0,-0.270,-1.268,False,0.700,0.0,-0.738,-1.262
14.320,9895.381,5.926,False,0.700,0.0,-0.546,-1.248,False,0.700,0.0,-0.270,-1.268,False,0.700,0.0,-0.270,-1.268,False,0.700,0.0,-0.738,-1.262
14.340,9913.798,10.483,False,0.700,0.0,-0.546,-1.248,False,0.700,0.0,-0.270,-1.268,False,0.700,0.0,-0.270,-1.268,False,0.700,0.0,-0.738,-1.262
14.360,9932.120,15.484,False,0.700,0.0,-0.546,-1.248,False,0.700,0.0,-0.270,-1.268,False,0.700,0.0,-0.270,-1.268,False,0.700,0.0,-0.738,-1.262
14.380,9950.198,19.713,False,0.700,0.0,-0.546,-1.248,False,0.700,0.0,-0.270,-1.268,False,0.700,0.0,-0.270,-1.268,False,0.700,0.0,-0.738,-1.262
14.400,9967.958,22.166,False,0.700,0.0,-0.546,-1.248,False,0.700,0.0,-0.270,-1.268,False,0.700,0.0,-0.270,-1.268,False,0.700,0.0,-0.738,-1.262
14.420,9985.541,22.126,False,0.700,0.0,-0.546,-1.248,False,0.700,0.0,-0.270,-1.268,False,0.700,0.0,-0.270,-1.268,False,0.700,0.0,-0.738,-1.262
14.440,10003.150,19.619,False,0.700,0.0,-0.546,-1.248,False,0.700,0.0,-0.270,-1.268,False,0.700,0.0,-0.270,-1.268,False,0.700,0.0,-0.738,-1.262
14.460,10020.880,15.402,False,0.700,0.0,-0.546,-1.248,False,0.700,0.0,-0.270,-1.268,False,0.700,0.0,-0.270,-1.268,False,0.700,0.0,-0.738,-1.262
14.480,10038.720,10.500,False,0.700,0.0,-0.546,-1.248,False,0.700,0.0,-0.270,-1.268,False,0.700,0.0,-0.270,-1.268,False,0.700,0.0,-0.738,-1.262
14.500,10056.660,6.144,False,0.700,0.0,-0.546,-1.248,False,0.700,0.0,-0.270,-1.268,False,0.700,0.0,-0.270,-1.268,False,0.700,0.0,-0.738,-1.262
14.520,10074.690,5.274,False,0.700,0.0,-0.546,-1.248,False,0.700,0.0,-0.270,-1.268,False,0.700,0.0,-0.270,-1.268,False,0.700,0.0,-0.738,-1.262
14.540,10092.800,8.753,False,0.700,0.0,-0.546,-1.248,False,0.700,0.0,-0.270,-1.268,False,0.700,0.0,-0.270,-1.268,False,0.700,0.0,-0.738,-1.262
14.560,10111.010,13.148,False,0.700,0.0,-0.546,-1.248,False,0.700,0.0,-0.270,-1.268,False,0.700,0.0,-0.270,-1.268,False,0.700,0.0,-0.738,-1.262
14.580,10129.320,17.111,False,0.700,0.0,-0.546,-1.248,False,0.700,0.0,-0.270,-1.268,False,0.700,0.0,-0.270,-1.268,False,0.700,0.0,-0.738,-1.262
14.600,10147.700,19.901,False,0.700,0.0,-0.546,-1.248,False,0.700,0.0,-0.270,-1.268,False,0.700,0.0,-0.270,-1.268,False,0.700,0.0,-0.738,-1.262
14.620,10166.110,20.930,False,0.700,0.0,-0.546,-1.248,False,0.700,0.0,-0.270,-1.268,False,0.700,0.0,-0.270,-1.268,False,0.700,0.0,-0.738,-1.262
14.640,10184.500,19.974,False,0.700,0.0,-0.546,-1.248,False,0.700,0.0,-0.270,-1.268,False,0.700,0.0,-0.270,-1.268,False,0.700,0.0,-0.738,-1.262
14.660,10202.880,17.310,False,0.700,0.0,-0.546,-1.248,False,0.700,0.0,-0.270,-1.268,False,0.700,0.0,-0.270,-1.268,False,0.700,0.0,-0.738,-1.262
14.680,10221.270,13.528,False,0.700,0.0,-0.546,-1.248,False,0.700,0.0,-0.270,-1.268,False,0.700,0.0,-0.270,-1.268,False,0.700,0.0,-0.738,-1.262
14.700,10239.690,9.256,False,0.700,0.0,-0.546,-1.248,False,0.700,0.0,-0.270,-1.268,False,0.700,0.0,-0.270,-1.268,False,0.700,0.0,-0.738,-1.262
14.720,10258.160,5.226,False,0.700,0.0,-0.546,-1.248,False,0.700,0.0,-0.270,-1.268,False,0.700,0.0,-0.270,-1.268,False,0.700,0.0,-0.738,-1.262
14.740,10276.680,4.015,False,0.700,0.0,-0.546,-1.248,False,0.700,0.0,-0.270,-1.268,False,0.700,0.0,-0.270,-1.268,False,0.700,0.0,-0.738,-1.262
14.760,10295.260,7.500,False,0.700,0.0,-0.546,-1.248,False,0.700,0.0,-0.270,-1.268,False,0.700,0.0,-0.270,-1.268,False,0.700,0.0,-0.738,-1.262
14.780,10313.870,12.187,False,0.700,0.0,-0.546,-1.248,False,0.700,0.0,-0.270,-1.268,False,0.700,0.0,-0.270,-1.268,False,0.700,0.0,-0.738,-1.262
14.800,10332.450,16.778,False,0.700,0.0,-0.546,-1.248,False,0.700,0.0,-0.270,-1.268,False,0.700,0.0,-0.270,-1.268,False,0.700,0.0,-0.738,-1.262
14.820,10350.900,20.432,False,0.700,0.0,-0.546,-1.248,False,0.700,0.0,-0.270,-1.268,False,0.700,0.0,-0.270,-1.268,False,0.700,0.0,-0.738,-1.262
14.840,10369.160,22.232,False,0.700,0.0,-0.546,-1.248,False,0.700,0.0,-0.270,-1.268,False,0.700,0.0,-0.270,-1.268,False,0.700,0.0,-0.738,-1.262
14.860,10387.350,21.558,False,0.700,0.0,-0.546,-1.248,False,0.700,0.0,-0.270,-1.268,False,0.700,0.0,-0.270,-1.268,False,0.700,0.0,-0.738,-1.262
14.880,10405.600,18.511,False,0.700,0.0,-0.546,-1.248,False,0.700,0.0,-0.270,-1.268,False,0.700,0.0,-0.270,-1.268,False,0.700,0.0,-0.738,-1.262
14.900,10423.970,13.811,False,0.700,0.0,-0.546,-1.248,False,0.700,0.0,-0.270,-1.268,False,0.700,0.0,-0.270,-1.268,False,0.700,0.0,-0.738,-1.262
14.920,10442.460,8.299,False,0.700,0.0,-0.546,-1.248,False,0.700,0.0,-0.270,-1.268,False,0.700,0.0,-0.270,-1.268,False,0.700,0.0,-0.738,-1.262
14.940,10461.040,2.834,False,0.700,0.0,-0.546,-1.248,False,0.700,0.0,-0.270,-1.268,False,0.700,0.0,-0.270,-1.268,False,0.700,0.0,-0.738,-1.262
14.960,10479.730,4.113,False,0.700,0.0,-0.546,-1.248,False,0.700,0.0,-0.270,-1.268,False,0.700,0.0,-0.270,-1.268,False,0.700,0.0,-0.738,-1.262
14.980,10498.520,9.613,False,0.700,0.0,-0.546,-1.248,False,0.700,0.0,-0.270,-1.268,False,0.700,0.0,-0.270,-1.268,False,0.700,0.0,-0.738,-1.262
