Time_s,TestPhase,Distance_m,PosX,PosY,PosZ,Speed_Kmh,Accel_Long_G,Accel_Lat_G,Raw_Steer,Raw_Throttle,Raw_Brake,Clutch,Gear,RPM,Torque_Nm,Boost_Bar,Pitch,Roll,YawRate,Aero_DownN,Aero_DragN,FL_Load_N,FL_Travel_m,FL_DamperVel_ms,FL_Slip,FL_SlipDelta,FL_SlipAng_deg,FL_LatDelta,FL_WheelRPM,FL_LongForce_N,FL_LatForce_N,FL_ActBrakeTrq_Nm,FL_ABS_Active,FR_Load_N,FR_Travel_m,FR_DamperVel_ms,FR_Slip,FR_SlipDelta,FR_SlipAng_deg,FR_LatDelta,FR_WheelRPM,FR_LongForce_N,FR_LatForce_N,FR_ActBrakeTrq_Nm,FR_ABS_Active,RL_Load_N,RL_Travel_m,RL_DamperVel_ms,RL_Slip,RL_SlipDelta,RL_SlipAng_deg,RL_LatDelta,RL_WheelRPM,RL_LongForce_N,RL_LatForce_N,RL_ActBrakeTrq_Nm,RL_ABS_Active,RR_Load_N,RR_Travel_m,RR_DamperVel_ms,RR_Slip,RR_SlipDelta,RR_SlipAng_deg,RR_LatDelta,RR_WheelRPM,RR_LongForce_N,RR_LatForce_N,RR_ActBrakeTrq_Nm,RR_ABS_Active
152.72,4,12953.7,636.35,0.02,12999.06,46.6,0.38,-0.55,-0.4,0.5,0.0,0.79,1,3676,863.6,1.66,-0.04,-0.56,-49.84,572,92,3265,-0.0088,-0.304,0.442,0.342,-38.31,31.15,355,2019,-3065,0,0,4090,0.0039,-0.121,0.194,0.094,-29.27,22.1,364,1551,-4281,0,0,4138,-0.0031,0.009,0.263,0.163,-2.83,-4.33,381,4811,-741,0,0,5217,0.0096,0.193,0.1,0.0,-2.64,-4.52,390,4955,-1562,0,0
152.74,4,12954.0,636.45,0.02,12999.31,47.2,0.7,-0.58,-0.36,0.5,0.0,0.89,1,3753,500.1,1.19,-0.16,-0.69,-52.24,577,94,2858,-0.015,-0.313,0.21,0.11,-10.33,3.17,373,2066,-2635,0,0,3938,0.0016,-0.117,0.077,-0.023,-7.34,0.18,376,1703,-4209,0,0,4133,-0.0032,-0.003,0.223,0.123,-3.7,-3.47,384,4806,-929,0,0,5546,0.0134,0.193,0.102,0.002,-3.38,-3.79,375,5390,-2137,0,0
152.76,4,12954.2,636.56,0.02,12999.55,47.7,0.7,-0.61,-0.32,1.0,0.0,0.99,1,3647,321.6,0.93,-0.28,-0.81,-53.34,584,96,2449,-0.0213,-0.315,0.142,0.042,-9.03,1.87,364,1989,-2129,0,0,3774,-0.0009,-0.127,0.017,-0.083,-6.38,-0.78,366,1180,-3888,0,0,4141,-0.0031,0.005,0.13,0.03,-4.25,-2.91,394,4619,-1432,0,0,5874,0.0173,0.193,0.076,-0.024,-4.0,-3.17,376,4133,-3240,0,0
152.78,4,12954.5,636.66,0.02,12999.8,48.1,0.54,-0.64,-0.28,0.5,0.0,1.0,1,3687,694.2,1.43,-0.38,-0.9,-52.4,586,97,2061,-0.0273,-0.298,0.124,0.024,-7.81,0.64,363,1710,-1742,0,0,3616,-0.0034,-0.122,0.018,-0.082,-5.5,-1.67,369,832,-3326,0,0,4135,-0.0032,-0.004,0.211,0.111,-4.88,-2.29,380,4410,-1857,0,0,6168,0.0207,0.173,0.016,-0.084,-4.44,-2.72,404,2784,-4077,0,0
152.8,4,12954.8,636.76,0.02,13000.05,48.5,0.56,-0.63,-0.24,1.0,0.0,1.0,1,3704,321.7,0.94,-0.46,-0.97,-50.7,589,99,1738,-0.0323,-0.249,0.135,0.035,-6.71,-0.45,370,1599,-1295,0,0,3471,-0.0056,-0.111,0.02,-0.08,-4.76,-2.4,372,961,-2800,0,0,4135,-0.0032,0.0,0.131,0.031,-5.15,-2.01,404,4295,-2077,0,0,6402,0.0235,0.137,0.092,-0.008,-4.73,-2.44,387,3661,-4403,0,0
152.82,4,12955.1,636.86,0.02,13000.3,48.9,0.58,-0.6,-0.2,0.5,0.0,1.0,1,3766,703.9,1.44,-0.5,-1.0,-48.47,593,101,1498,-0.036,-0.184,0.137,0.037,-5.69,-1.47,374,1495,-961,0,0,3357,-0.0074,-0.088,0.022,-0.078,-4.01,-3.15,375,1103,-2329,0,0,4134,-0.0032,-0.001,0.209,0.109,-5.21,-1.95,387,4325,-2065,0,0,6564,0.0254,0.096,0.02,-0.08,-4.93,-2.23,409,3222,-4803,0,0
152.84,4,12955.3,636.96,0.02,13000.55,49.4,0.73,-0.54,-0.17,0.5,0.0,1.0,1,3925,322.1,0.96,-0.52,-1.0,-46.72,599,103,1356,-0.0381,-0.109,0.179,0.079,-4.8,-2.37,375,1486,-671,0,0,3281,-0.0085,-0.059,0.057,-0.043,-3.38,-3.78,373,2094,-1846,0,0,4135,-0.0032,0.001,0.229,0.129,-5.64,-1.52,371,4532,-1784,0,0,6652,0.0264,0.051,0.157,0.057,-5.18,-1.98,354,5478,-4290,0,0
152.86,4,12955.6,637.06,0.02,13000.81,49.8,0.66,-0.56,-0.14,0.5,0.0,1.0,1,3831,321.8,0.94,-0.52,-0.96,-43.86,605,105,1318,-0.0387,-0.029,0.137,0.037,-4.06,-3.1,367,1402,-648,0,0,3229,-0.0093,-0.039,0.034,-0.066,-2.85,-4.32,368,1307,-1576,0,0,4185,-0.0026,0.029,0.239,0.139,-5.79,-1.37,350,4212,-2382,0,0,6684,0.0268,0.019,0.081,-0.019,-5.34,-1.82,365,3719,-5119,0,0
152.88,4,12955.9,637.16,0.02,13001.08,50.3,0.6,-0.59,-0.11,0.5,0.0,1.0,1,3853,321.8,0.94,-0.49,-0.91,-40.33,613,107,1385,-0.0377,0.051,0.125,0.025,-3.34,-3.82,368,1406,-647,0,0,3222,-0.0094,-0.005,0.034,-0.066,-2.36,-4.8,369,1035,-1295,0,0,4257,-0.0017,0.042,0.18,0.08,-5.67,-1.49,366,4198,-2520,0,0,6660,0.0265,-0.014,0.141,0.041,-5.27,-1.9,356,4055,-5038,0,0
152.9,4,12956.2,637.25,0.02,13001.34,50.7,0.62,-0.58,-0.08,0.5,0.0,1.0,1,3853,321.8,0.94,-0.45,-0.85,-36.79,625,109,1524,-0.0356,0.107,0.101,0.001,-2.65,-4.51,365,1419,-637,0,0,3262,-0.0088,0.03,0.033,-0.067,-1.9,-5.26,370,1135,-1037,0,0,4327,-0.0009,0.041,0.224,0.124,-5.38,-1.78,355,4208,-2591,0,0,6599,0.0258,-0.036,0.085,-0.015,-5.1,-2.06,369,3826,-5009,0,0
152.92,4,12956.5,637.35,0.02,13001.61,51.1,0.62,-0.55,-0.06,1.0,0.0,1.0,1,3865,321.9,0.95,-0.41,-0.8,-33.12,638,110,1695,-0.0329,0.132,0.089,-0.011,-2.16,-5.01,365,1478,-593,0,0,3331,-0.0078,0.054,0.032,-0.068,-1.46,-5.71,371,1169,-784,0,0,4381,-0.0003,0.032,0.159,0.059,-5.2,-1.96,369,4162,-2690,0,0,6520,0.0249,-0.046,0.138,0.038,-4.91,-2.25,359,3946,-4841,0,0
152.94,4,12956.7,637.44,0.02,13001.88,51.5,0.62,-0.53,-0.05,0.5,0.0,1.0,1,3911,709.6,1.45,-0.36,-0.75,-29.39,653,112,1880,-0.0301,0.143,0.079,-0.021,-1.73,-5.43,384,1544,-533,0,0,3412,-0.0065,0.062,0.032,-0.068,-1.25,-5.91,389,1179,-648,0,0,4434,0.0003,0.031,0.203,0.103,-4.88,-2.28,419,4150,-2723,0,0,6437,0.0239,-0.049,0.085,-0.015,-4.58,-2.58,439,3858,-4646,0,0
152.96,4,12957.0,637.53,0.02,13002.15,52.1,0.84,-0.43,-0.03,0.5,0.0,1.0,1,4013,322.3,0.97,-0.33,-0.69,-26.66,670,115,2066,-0.0272,0.143,0.106,0.006,-1.4,-5.76,379,2172,-397,0,0,3498,-0.0052,0.066,0.043,-0.057,-1.0,-6.16,377,2308,-494,0,0,4479,0.0009,0.027,0.22,0.12,-4.7,-2.46,368,4728,-2124,0,0,6352,0.0229,-0.05,0.098,-0.002,-4.53,-2.63,377,5386,-3915,0,0
152.98,4,12957.3,637.63,0.02,13002.43,52.7,0.76,-0.44,-0.02,1.0,0.0,1.0,1,3839,322.1,0.96,-0.3,-0.63,-23.18,687,117,2233,-0.0246,0.129,0.03,-0.07,-1.24,-5.92,371,1628,-430,0,0,3549,-0.0044,0.039,-0.001,-0.099,-0.92,-6.24,378,868,-453,0,0,4561,0.0018,0.048,0.0,-0.1,-4.29,-2.87,401,3970,-2846,0,0,6281,0.0221,-0.042,-0.009,-0.091,-4.2,-2.96,378,3410,-4398,0,0
153.0,4,12957.6,637.72,0.02,13002.71,53.1,0.58,-0.47,-0.02,1.0,0.0,1.0,1,3957,727.9,1.48,-0.28,-0.59,-19.31,702,119,2378,-0.0224,0.111,0.037,-0.063,-1.11,-6.05,378,1482,-417,0,0,3589,-0.0038,0.031,0.006,-0.094,-0.93,-6.23,381,1090,-479,0,0,4638,0.0027,0.045,0.048,-0.052,-3.96,-3.2,386,3970,-2822,0,0,6221,0.0214,-0.035,-0.021,-0.079,-3.82,-3.35,413,3413,-4137,0,0
153.02,4,12957.9,637.81,0.02,13002.99,53.7,0.89,-0.36,-0.01,0.5,0.0,1.0,1,4607,992.1,1.86,-0.26,-0.54,-17.1,720,122,2508,-0.0204,0.1,0.163,0.063,-1.04,-6.12,434,2769,-324,0,0,3635,-0.0031,0.036,0.124,0.024,-0.95,-6.21,432,3532,-465,0,0,4688,0.0033,0.029,0.34,0.24,-3.67,-3.49,522,5365,-1297,0,0,6162,0.0207,-0.035,0.331,0.231,-3.58,-3.59,500,6773,-1962,0,0
153.04,4,12958.2,637.9,0.01,13003.28,54.5,1.21,-0.14,-0.01,0.5,0.0,1.0,1,5285,561.0,1.43,-0.28,-0.47,-16.87,744,126,2603,-0.0189,0.073,0.291,0.191,-1.11,-6.05,483,3148,-185,0,0,3646,-0.0029,0.008,0.241,0.141,-1.03,-6.13,478,4307,-280,0,0,4763,0.0042,0.044,0.597,0.497,-3.82,-3.35,579,5629,-599,0,0,6127,0.0203,-0.021,0.487,0.387,-3.71,-3.46,579,7097,-849,0,0
153.06,4,12958.5,637.99,0.01,13003.58,55.4,1.23,-0.12,-0.01,0.5,0.0,1.0,1,5258,333.7,1.11,-0.31,-0.39,-16.54,768,130,2675,-0.0178,0.055,0.295,0.195,-1.37,-5.79,478,3240,-216,0,0,3586,-0.0038,-0.046,0.244,0.144,-1.18,-5.99,472,4263,-292,0,0,4909,0.0059,0.086,0.538,0.438,-4.01,-3.15,520,5776,-727,0,0,6102,0.02,-0.015,0.435,0.335,-3.9,-3.26,527,7046,-993,0,0
153.08,4,12958.8,638.09,0.01,13003.87,56.2,1.22,-0.16,-0.01,0.5,0.0,1.0,1,5042,334.2,1.1,-0.35,-0.31,-15.89,788,134,2717,-0.0172,0.033,0.211,0.111,-1.51,-5.65,469,3264,-296,0,0,3466,-0.0057,-0.093,0.167,0.067,-1.46,-5.7,467,4070,-431,0,0,5100,0.0082,0.112,0.284,0.184,-4.11,-3.05,525,5932,-1021,0,0,6078,0.0197,-0.014,0.268,0.168,-3.95,-3.21,501,6945,-1315,0,0
153.1,4,12959.2,638.18,0.01,13004.18,57.1,1.21,-0.22,-0.01,0.5,0.0,1.0,1,4762,335.3,1.06,-0.4,-0.24,-14.95,813,138,2730,-0.017,0.01,0.168,0.068,-1.75,-5.41,462,3211,-448,0,0,3318,-0.008,-0.114,0.134,0.034,-1.66,-5.5,460,3776,-610,0,0,5312,0.0107,0.125,0.288,0.188,-4.0,-3.16,499,6048,-1434,0,0,6081,0.0197,0.002,0.2,0.1,-3.91,-3.25,516,6755,-1849,0,0
153.12,4,12959.5,638.27,0.01,13004.49,57.9,1.12,-0.34,-0.01,1.0,0.0,1.0,1,4480,335.6,1.03,-0.44,-0.19,-13.22,832,141,2712,-0.0173,-0.013,0.09,-0.01,-1.91,-5.25,438,2932,-711,0,0,3164,-0.0103,-0.118,0.061,-0.039,-1.78,-5.38,436,3092,-878,0,0,5485,0.0127,0.102,0.152,0.052,-3.88,-3.29,454,5830,-2244,0,0,6075,0.0196,-0.004,0.069,-0.031,-3.78,-3.38,472,5937,-2949,0,0
153.14,4,12959.8,638.36,0.01,13004.8,58.5,0.97,-0.46,-0.02,1.0,0.0,1.0,1,4324,767.2,1.55,-0.48,-0.2,-10.71,848,145,2664,-0.018,-0.037,0.055,-0.045,-2.08,-5.08,426,2291,-953,0,0,3033,-0.0123,-0.1,0.035,-0.065,-1.97,-5.2,427,2003,-1084,0,0,5612,0.0142,0.075,0.115,0.015,-3.39,-3.77,441,5367,-2766,0,0,6095,0.0199,0.012,0.074,-0.026,-3.25,-3.91,451,5297,-3183,0,0
153.16,4,12960.1,638.46,0.02,13005.11,59.2,0.91,-0.47,-0.03,1.0,0.0,1.0,1,4556,992.7,1.87,-0.5,-0.24,-8.59,865,148,2585,-0.0192,-0.06,0.087,-0.013,-2.3,-4.86,446,2393,-993,0,0,2963,-0.0134,-0.054,0.072,-0.028,-2.1,-5.06,447,2446,-1105,0,0,5664,0.0148,0.031,0.144,0.044,-2.92,-4.25,481,5874,-2209,0,0,6157,0.0206,0.037,0.151,0.051,-2.92,-4.24,469,6124,-2562,0,0
153.18,4,12960.5,638.55,0.02,13005.43,59.9,1.11,-0.28,-0.04,0.5,0.0,1.0,1,5709,1000.5,2.13,-0.52,-0.28,-8.26,885,152,2493,-0.0206,-0.071,0.272,0.172,-2.59,-4.58,532,2948,-563,0,0,2955,-0.0135,-0.006,0.25,0.15,-2.29,-4.87,532,3460,-643,0,0,5630,0.0144,-0.02,0.483,0.383,-2.75,-4.41,640,6574,-695,0,0,6234,0.0215,0.045,0.493,0.393,-2.79,-4.37,620,7211,-820,0,0
153.2,4,12960.8,638.64,0.02,13005.76,60.8,1.2,-0.13,-0.04,0.5,0.0,1.0,1,6431,521.2,1.61,-0.54,-0.3,-8.68,908,156,2415,-0.0218,-0.06,0.44,0.34,-3.08,-4.09,606,2938,-341,0,0,2957,-0.0135,0.001,0.416,0.316,-2.76,-4.4,604,3572,-396,0,0,5605,0.0141,-0.015,0.67,0.57,-2.9,-4.26,684,6570,-461,0,0,6312,0.0224,0.046,0.598,0.498,-2.89,-4.27,686,7329,-547,0,0
153.22,4,12961.1,638.73,0.02,13006.09,61.6,1.19,-0.12,-0.05,0.5,0.0,1.0,1,6271,302.9,1.23,-0.55,-0.31,-8.96,930,160,2361,-0.0227,-0.042,0.444,0.344,-3.56,-3.6,600,2871,-361,0,0,2945,-0.0137,-0.009,0.419,0.319,-3.12,-4.04,598,3558,-419,0,0,5598,0.014,-0.004,0.51,0.41,-3.03,-4.13,608,6554,-599,0,0,6362,0.023,0.029,0.527,0.427,-2.96,-4.2,592,7371,-684,0,0
153.24,4,12961.5,638.82,0.02,13006.42,62.5,1.19,-0.16,-0.06,0.5,0.0,1.0,1,5865,317.5,1.19,-0.55,-0.3,-9.09,955,165,2337,-0.0231,-0.019,0.343,0.243,-4.01,-3.15,581,2816,-494,0,0,2934,-0.0139,-0.009,0.315,0.215,-3.55,-3.62,579,3508,-594,0,0,5615,0.0142,0.01,0.407,0.307,-3.11,-4.05,601,6535,-840,0,0,6396,0.0234,0.02,0.337,0.237,-3.02,-4.14,618,7355,-985,0,0
153.26,4,12961.8,638.92,0.02,13006.76,63.3,1.17,-0.22,-0.07,0.5,0.0,1.0,1,5534,328.8,1.16,-0.56,-0.3,-9.0,980,169,2334,-0.0231,-0.002,0.239,0.139,-4.49,-2.67,543,2738,-743,0,0,2912,-0.0142,-0.016,0.214,0.114,-3.92,-3.24,541,3389,-889,0,0,5641,0.0145,0.015,0.23,0.13,-3.1,-4.06,573,6472,-1175,0,0,6397,0.0234,0.001,0.263,0.163,-3.05,-4.11,552,7255,-1338,0,0
153.28,4,12962.2,639.01,0.02,13007.1,64.1,1.14,-0.31,-0.09,1.0,0.0,1.0,1,5274,333.0,1.13,-0.56,-0.29,-8.89,1004,174,2332,-0.0231,-0.001,0.157,0.057,-5.01,-2.15,510,2552,-1128,0,0,2900,-0.0144,-0.01,0.135,0.035,-4.32,-2.85,508,3132,-1349,0,0,5659,0.0148,0.011,0.149,0.049,-3.0,-4.17,508,6334,-1539,0,0,6401,0.0235,0.003,0.099,-0.001,-2.88,-4.28,531,7029,-1805,0,0
153.3,4,12962.6,639.1,0.02,13007.45,64.8,1.09,-0.4,-0.1,0.5,0.0,1.0,1,5507,791.6,1.76,-0.55,-0.31,-8.94,1030,178,2339,-0.023,0.005,0.187,0.087,-5.38,-1.78,517,2432,-1333,0,0,2905,-0.0143,0.004,0.164,0.064,-4.58,-2.58,515,2966,-1592,0,0,5660,0.0148,0.0,0.278,0.178,-2.9,-4.27,538,6421,-1335,0,0,6399,0.0235,-0.001,0.297,0.197,-2.8,-4.37,522,7152,-1547,0,0
153.32,4,12962.9,639.2,0.02,13007.8,65.6,1.1,-0.37,-0.11,0.5,0.0,1.0,1,5450,332.5,1.14,-0.54,-0.35,-9.57,1054,182,2336,-0.0231,-0.003,0.185,0.085,-5.84,-1.32,523,2448,-1333,0,0,2940,-0.0138,0.027,0.164,0.064,-4.89,-2.27,521,3037,-1610,0,0,5615,0.0142,-0.026,0.271,0.171,-2.87,-4.29,511,6377,-1308,0,0,6405,0.0235,0.003,0.205,0.105,-2.82,-4.34,519,7107,-1645,0,0
153.34,4,12963.3,639.29,0.02,13008.16,66.3,1.05,-0.44,-0.12,1.0,0.0,1.0,1,5177,333.5,1.12,-0.53,-0.38,-10.04,1077,186,2326,-0.0232,-0.008,0.111,0.011,-6.22,-0.94,506,2163,-1654,0,0,2989,-0.013,0.038,0.082,-0.018,-5.18,-1.98,502,2569,-2117,0,0,5564,0.0136,-0.03,0.065,-0.035,-2.75,-4.42,524,5990,-1804,0,0,6432,0.0238,0.016,0.059,-0.041,-2.77,-4.39,496,6512,-2383,0,0
153.36,4,12963.7,639.38,0.01,13008.52,67.0,0.93,-0.55,-0.13,1.0,0.0,1.0,1,5041,792.6,1.69,-0.52,-0.44,-10.31,1098,190,2315,-0.0234,-0.008,0.1,0.0,-6.54,-0.63,506,1838,-1910,0,0,3053,-0.012,0.05,0.074,-0.026,-5.31,-1.85,504,2126,-2436,0,0,5513,0.013,-0.03,0.119,0.019,-2.65,-4.52,508,5566,-2080,0,0,6479,0.0244,0.027,0.078,-0.022,-2.59,-4.57,517,5980,-2634,0,0
153.38,4,12964.0,639.46,0.01,13008.89,67.6,0.91,-0.56,-0.14,1.0,0.0,1.0,1,5272,1004.5,2.04,-0.5,-0.51,-10.93,1122,193,2299,-0.0236,-0.013,0.128,0.028,-6.87,-0.29,525,1944,-1840,0,0,3148,-0.0106,0.073,0.101,0.001,-5.58,-1.58,522,2421,-2458,0,0,5437,0.0121,-0.045,0.149,0.049,-2.46,-4.7,550,5863,-1650,0,0,6548,0.0252,0.041,0.15,0.05,-2.48,-4.69,536,6724,-2169,0,0
153.4,4,12964.4,639.55,0.01,13009.26,68.3,1.02,-0.49,-0.15,0.5,0.0,1.0,1,5482,1005.7,2.09,-0.48,-0.58,-12.29,1148,197,2278,-0.024,-0.016,0.165,0.065,-7.19,0.03,546,2158,-1633,0,0,3264,-0.0088,0.089,0.121,0.021,-5.78,-1.38,536,2814,-2392,0,0,5330,0.0109,-0.063,0.191,0.091,-2.53,-4.63,574,6000,-1294,0,0,6621,0.0261,0.043,0.187,0.087,-2.5,-4.66,559,7202,-1752,0,0
153.42,4,12964.8,639.64,0.01,13009.63,69.0,1.05,-0.47,-0.16,1.0,0.0,1.0,1,5431,559.5,1.45,-0.47,-0.64,-13.85,1174,201,2253,-0.0243,-0.019,0.166,0.066,-7.54,0.38,549,2171,-1588,0,0,3371,-0.0071,0.082,0.101,0.001,-6.0,-1.16,531,2748,-2599,0,0,5231,0.0097,-0.058,0.158,0.058,-2.7,-4.47,557,5843,-1396,0,0,6693,0.0269,0.042,0.146,0.046,-2.63,-4.54,544,7157,-1953,0,0
153.44,4,12965.2,639.72,0.01,13010.01,69.7,0.97,-0.54,-0.16,1.0,0.0,1.0,1,5413,1005.5,2.07,-0.46,-0.68,-14.91,1200,205,2231,-0.0247,-0.017,0.153,0.053,-7.75,0.59,547,2036,-1699,0,0,3452,-0.0059,0.062,0.088,-0.012,-6.25,-0.91,533,2388,-2925,0,0,5162,0.0089,-0.041,0.143,0.043,-2.69,-4.47,562,5571,-1644,0,0,6758,0.0277,0.039,0.132,0.032,-2.73,-4.43,547,6730,-2470,0,0
153.46,4,12965.6,639.8,0.01,13010.39,70.4,0.98,-0.53,-0.17,0.5,0.0,1.0,1,5650,1000.4,2.13,-0.45,-0.7,-16.24,1226,209,2221,-0.0248,-0.007,0.176,0.076,-8.15,0.98,565,2075,-1653,0,0,3522,-0.0048,0.054,0.116,0.016,-6.54,-0.62,552,2813,-2816,0,0,5095,0.0081,-0.039,0.194,0.094,-2.91,-4.26,591,5728,-1372,0,0,6795,0.0281,0.022,0.179,0.079,-2.82,-4.35,575,7265,-2054,0,0
153.48,4,12966.0,639.89,0.01,13010.78,71.1,1.02,-0.51,-0.18,1.0,0.0,1.0,1,5610,554.7,1.48,-0.44,-0.7,-17.7,1252,214,2227,-0.0247,0.004,0.174,0.074,-8.43,1.27,566,2093,-1648,0,0,3569,-0.0041,0.036,0.103,0.003,-6.78,-0.38,549,2814,-2903,0,0,5055,0.0076,-0.024,0.167,0.067,-3.06,-4.1,576,5651,-1459,0,0,6809,0.0283,0.008,0.143,0.043,-3.01,-4.15,563,7165,-2273,0,0
153.5,4,12966.4,639.97,0.01,13011.17,71.8,1.02,-0.52,-0.18,0.5,0.0,1.0,1,6361,966.7,2.28,-0.44,-0.7,-19.0,1277,218,2241,-0.0245,0.011,0.246,0.146,-8.72,1.56,614,2239,-1503,0,0,3588,-0.0038,0.015,0.192,0.092,-6.98,-0.18,606,3366,-2489,0,0,5049,0.0076,-0.003,0.393,0.293,-3.25,-3.91,680,5875,-952,0,0,6810,0.0283,0.0,0.309,0.209,-3.16,-4.0,692,7667,-1452,0,0
153.52,4,12966.8,640.05,0.01,13011.56,72.6,1.15,-0.35,-0.18,0.5,0.0,0.89,1,6547,514.3,1.63,-0.45,-0.68,-20.81,1305,223,2251,-0.0244,0.007,0.309,0.209,-9.05,1.89,648,2465,-1174,0,0,3596,-0.0037,0.007,0.23,0.13,-7.26,0.1,630,3809,-1931,0,0,5056,0.0076,0.004,0.377,0.277,-3.62,-3.54,678,5912,-861,0,0,6815,0.0283,0.003,0.292,0.192,-3.54,-3.62,689,7738,-1302,0,0
153.54,4,12967.2,640.13,0.01,13011.96,73.4,1.15,-0.36,-0.18,0.5,0.0,0.76,1,6543,288.7,1.27,-0.46,-0.64,-22.05,1333,228,2270,-0.0241,0.014,0.313,0.213,-9.23,2.07,650,2483,-1186,0,0,3566,-0.0041,-0.023,0.224,0.124,-7.52,0.36,628,3728,-2005,0,0,5114,0.0083,0.034,0.336,0.236,-3.85,-3.31,675,5941,-1025,0,0,6809,0.0283,-0.003,0.315,0.215,-3.83,-3.33,665,7688,-1490,0,0
153.56,4,12967.6,640.21,0.01,13012.37,74.2,1.13,-0.41,-0.18,0.5,0.0,0.63,1,6329,298.1,1.25,-0.47,-0.6,-22.96,1362,233,2292,-0.0237,0.017,0.271,0.171,-9.59,2.43,637,2421,-1346,0,0,3523,-0.0048,-0.034,0.18,0.08,-7.75,0.59,614,3470,-2291,0,0,5184,0.0092,0.041,0.275,0.175,-4.22,-2.94,641,5922,-1381,0,0,6794,0.0281,-0.009,0.216,0.116,-3.99,-3.17,649,7505,-1969,0,0
153.58,4,12968.0,640.29,0.01,13012.78,75.0,1.08,-0.49,-0.18,0.5,0.0,0.49,1,6232,302.5,1.23,-0.47,-0.58,-23.43,1389,237,2316,-0.0234,0.019,0.236,0.136,-9.78,2.62,624,2328,-1536,0,0,3472,-0.0056,-0.039,0.155,0.055,-7.95,0.79,606,3166,-2558,0,0,5252,0.01,0.04,0.229,0.129,-4.34,-2.83,638,5897,-1662,0,0,6763,0.0277,-0.018,0.199,0.099,-4.25,-2.91,624,7252,-2464,0,0
153.6,4,12968.4,640.36,0.01,13013.19,75.6,1.0,-0.6,-0.19,1.0,0.0,0.36,1,6021,311.6,1.21,-0.48,-0.59,-23.29,1415,242,2323,-0.0233,0.005,0.17,0.07,-9.95,2.78,595,2087,-1833,0,0,3441,-0.0061,-0.023,0.097,-0.003,-8.1,0.94,579,2575,-3010,0,0,5293,0.0104,0.024,0.15,0.05,-4.52,-2.64,585,5502,-2465,0,0,6755,0.0276,-0.004,0.093,-0.007,-4.39,-2.77,590,6253,-3683,0,0
153.62,4,12968.9,640.43,0.01,13013.61,76.1,0.73,-0.79,-0.19,1.0,0.0,0.23,1,6106,767.5,1.89,-0.46,-0.63,-21.95,1435,245,2317,-0.0234,-0.005,0.085,-0.015,-9.96,2.8,554,1450,-2304,0,0,3443,-0.006,0.002,0.031,-0.069,-8.2,1.03,549,1152,-3603,0,0,5292,0.0104,0.0,0.052,-0.048,-4.35,-2.82,552,3905,-3551,0,0,6766,0.0278,0.006,0.034,-0.066,-4.23,-2.93,549,3324,-4744,0,0
153.64,4,12969.3,640.5,0.01,13014.03,76.3,0.3,-0.9,-0.19,1.0,0.0,0.09,1,6573,949.1,2.34,-0.42,-0.71,-20.02,1449,246,2297,-0.0237,-0.016,0.041,-0.059,-10.08,2.92,536,759,-2545,0,0,3512,-0.005,0.053,0.013,-0.087,-8.28,1.12,539,465,-3787,0,0,5211,0.0095,-0.048,0.03,-0.07,-4.06,-3.1,538,2265,-3717,0,0,6800,0.0282,0.02,0.002,-0.098,-4.02,-3.14,539,640,-4846,0,0
153.66,4,12969.7,640.57,0.01,13014.45,76.3,0.02,-0.91,-0.2,1.0,0.0,0.08,2,6694,-221.2,2.38,-0.35,-0.81,-18.38,1462,246,2295,-0.0237,-0.001,0.015,-0.085,-10.33,3.16,524,320,-2627,0,0,3657,-0.0027,0.111,0.0,-0.1,-8.38,1.22,533,42,-3970,0,0,5036,0.0074,-0.103,0.003,-0.097,-3.87,-3.3,530,340,-3582,0,0,6816,0.0284,0.009,-0.004,-0.096,-3.77,-3.4,535,-400,-4640,0,0
153.68,4,12970.1,640.63,0.01,13014.86,76.3,0.08,-0.89,-0.2,1.0,0.0,0.38,2,6666,940.7,2.36,-0.26,-0.91,-17.4,1478,246,2316,-0.0234,0.016,0.051,-0.049,-10.35,3.19,544,602,-2612,0,0,3863,0.0004,0.159,0.027,-0.073,-8.47,1.3,547,569,-4172,0,0,4768,0.0043,-0.157,0.059,-0.041,-3.58,-3.58,552,2743,-3042,0,0,6791,0.0281,-0.015,0.028,-0.072,-3.55,-3.61,559,2050,-4349,0,0
153.7,4,12970.6,640.69,0.01,13015.28,76.6,0.45,-0.84,-0.21,1.0,0.0,0.68,2,6751,932.6,2.39,-0.18,-1.01,-17.73,1505,248,2356,-0.0228,0.031,0.096,-0.004,-10.59,3.43,569,1192,-2489,0,0,4110,0.0042,0.19,0.061,-0.039,-8.59,1.43,568,1557,-4275,0,0,4440,0.0004,-0.193,0.095,-0.005,-3.5,-3.66,588,3960,-2388,0,0,6734,0.0274,-0.033,0.081,-0.019,-3.41,-3.75,577,4836,-3779,0,0
153.72,4,12971.0,640.75,0.01,13015.71,77.1,0.73,-0.74,-0.22,0.5,0.0,0.98,2,6532,947.6,2.34,-0.13,-1.08,-19.44,1533,251,2376,-0.0224,0.015,0.155,0.055,-10.73,3.57,603,1735,-2219,0,0,4320,0.0075,0.161,0.106,0.006,-8.75,1.59,598,2637,-4117,0,0,4132,-0.0032,-0.181,0.215,0.115,-3.56,-3.6,633,4597,-1449,0,0,6674,0.0267,-0.035,0.144,0.044,-3.54,-3.63,639,6723,-2815,0,0
153.74,4,12971.4,640.8,0.01,13016.14,77.7,0.92,-0.6,-0.22,0.5,0.0,1.0,2,6013,538.0,1.55,-0.11,-1.1,-22.27,1558,255,2382,-0.0224,0.004,0.232,0.132,-11.05,3.89,647,2182,-1835,0,0,4455,0.0095,0.104,0.151,0.051,-8.82,1.66,627,3535,-3716,0,0,3915,-0.0058,-0.127,0.3,0.2,-3.98,-3.18,708,4573,-972,0,0,6627,0.0261,-0.027,0.267,0.167,-3.88,-3.29,687,7355,-1862,0,0
153.76,4,12971.8,640.85,0.01,13016.57,78.4,1.0,-0.51,-0.22,0.5,0.0,1.0,2,5243,333.2,1.12,-0.12,-1.07,-25.19,1581,260,2382,-0.0223,0.001,0.297,0.197,-11.37,4.21,685,2406,-1558,0,0,4501,0.0102,0.035,0.185,0.085,-9.13,1.96,652,3972,-3394,0,0,3832,-0.0067,-0.049,0.396,0.296,-4.42,-2.74,741,4526,-816,0,0,6602,0.0258,-0.015,0.313,0.213,-4.34,-2.82,743,7440,-1612,0,0
153.78,4,12972.3,640.91,0.01,13017.01,79.2,1.06,-0.46,-0.22,0.5,0.0,1.0,2,4757,335.3,1.06,-0.16,-1.0,-27.44,1601,264,2392,-0.0222,0.007,0.326,0.226,-11.62,4.46,704,2502,-1434,0,0,4453,0.0095,-0.036,0.198,0.098,-9.4,2.24,665,4146,-3131,0,0,3895,-0.006,0.037,0.379,0.279,-4.95,-2.21,741,4583,-896,0,0,6591,0.0257,-0.007,0.309,0.209,-4.8,-2.36,746,7417,-1680,0,0
153.8,4,12972.7,640.96,0.01,13017.45,79.9,1.06,-0.51,-0.22,0.5,0.0,1.0,2,4608,335.5,1.04,-0.21,-0.9,-29.08,1622,269,2414,-0.0219,0.017,0.293,0.193,-11.83,4.67,692,2449,-1559,0,0,4334,0.0077,-0.092,0.164,0.064,-9.61,2.45,652,3731,-3388,0,0,4072,-0.0039,0.104,0.308,0.208,-5.43,-1.73,709,4687,-1261,0,0,6583,0.0256,-0.005,0.239,0.139,-5.19,-1.97,715,7200,-2277,0,0
153.82,4,12973.2,641.01,0.01,13017.89,80.6,1.01,-0.6,-0.21,0.5,0.0,1.0,2,4468,334.4,1.03,-0.27,-0.81,-29.95,1639,274,2431,-0.0216,0.013,0.252,0.152,-11.95,4.79,672,2326,-1756,0,0,4164,0.0051,-0.131,0.139,0.039,-9.79,2.62,640,3209,-3600,0,0,4317,-0.001,0.144,0.242,0.142,-5.76,-1.4,685,4789,-1747,0,0,6583,0.0256,0.0,0.208,0.108,-5.55,-1.61,676,6854,-2996,0,0
153.84,4,12973.6,641.05,0.01,13018.34,81.2,0.96,-0.68,-0.21,0.5,0.0,1.0,2,4397,330.6,1.02,-0.34,-0.74,-30.04,1655,279,2429,-0.0216,-0.002,0.221,0.121,-12.14,4.98,660,2180,-1916,0,0,3980,0.0022,-0.141,0.127,0.027,-9.94,2.78,638,2848,-3620,0,0,4576,0.002,0.152,0.206,0.106,-5.99,-1.17,671,4870,-2218,0,0,6605,0.0259,0.013,0.179,0.079,-5.71,-1.45,663,6539,-3527,0,0
153.86,4,12974.1,641.09,0.01,13018.79,81.8,0.91,-0.75,-0.21,0.5,0.0,1.0,2,4366,328.8,1.01,-0.39,-0.7,-29.34,1671,283,2399,-0.0221,-0.023,0.201,0.101,-12.2,5.04,654,2046,-2001,0,0,3814,-0.0003,-0.128,0.121,0.021,-10.06,2.9,639,2605,-3565,0,0,4807,0.0047,0.136,0.209,0.109,-6.08,-1.08,660,4980,-2524,0,0,6658,0.0265,0.031,0.132,0.032,-5.9,-1.26,660,6073,-4169,0,0
153.88,4,12974.5,641.13,0.01,13019.25,82.4,0.86,-0.81,-0.21,0.5,0.0,1.0,2,4332,326.9,1.01,-0.44,-0.7,-28.02,1687,287,2349,-0.0229,-0.038,0.181,0.081,-12.39,5.23,649,1868,-2081,0,0,3686,-0.0023,-0.099,0.111,0.011,-10.17,3.01,638,2338,-3565,0,0,4981,0.0068,0.102,0.175,0.075,-6.08,-1.09,652,4943,-2895,0,0,6729,0.0273,0.042,0.129,0.029,-5.85,-1.31,656,5779,-4522,0,0
153.9,4,12975.0,641.17,0.01,13019.71,82.9,0.82,-0.84,-0.21,1.0,0.0,1.0,2,4325,326.5,1.01,-0.46,-0.73,-26.42,1705,290,2283,-0.0239,-0.05,0.172,0.072,-12.54,5.38,647,1736,-2090,0,0,3619,-0.0033,-0.051,0.11,0.01,-10.36,3.2,638,2224,-3550,0,0,5076,0.0079,0.056,0.152,0.052,-5.95,-1.21,655,4863,-3133,0,0,6822,0.0284,0.055,0.133,0.033,-5.84,-1.32,650,5806,-4618,0,0
153.92,4,12975.5,641.2,0.01,13020.17,83.4,0.72,-0.89,-0.22,1.0,0.0,1.0,2,4156,747.8,1.52,-0.47,-0.79,-24.48,1724,294,2208,-0.025,-0.058,0.131,0.031,-12.78,5.62,629,1441,-2188,0,0,3608,-0.0035,-0.008,0.069,-0.031,-10.6,3.43,620,1634,-3811,0,0,5098,0.0081,0.013,0.106,0.006,-5.85,-1.31,624,4169,-3743,0,0,6929,0.0297,0.063,0.058,-0.042,-5.68,-1.48,630,4221,-5534,0,0
153.94,4,12975.9,641.23,0.01,13020.64,83.8,0.59,-0.95,-0.22,1.0,0.0,1.0,2,4207,945.7,1.79,-0.47,-0.87,-22.49,1742,296,2134,-0.0262,-0.057,0.132,0.032,-13.0,5.84,634,1315,-2163,0,0,3654,-0.0028,0.035,0.079,-0.021,-10.81,3.65,628,1612,-3880,0,0,5042,0.0075,-0.033,0.104,0.004,-5.67,-1.49,642,4165,-3645,0,0,7029,0.0309,0.059,0.086,-0.014,-5.44,-1.73,633,4736,-5337,0,0
153.96,4,12976.4,641.26,0.01,13021.1,84.2,0.64,-0.93,-0.23,1.0,0.0,1.0,2,4257,953.5,1.8,-0.44,-0.96,-21.1,1765,299,2074,-0.0271,-0.046,0.144,0.044,-13.24,6.08,643,1342,-2067,0,0,3751,-0.0013,0.075,0.086,-0.014,-11.01,3.85,634,1781,-3936,0,0,4927,0.0061,-0.068,0.111,0.011,-5.45,-1.71,650,4314,-3350,0,0,7120,0.0319,0.053,0.091,-0.009,-5.37,-1.8,639,5103,-5226,0,0
153.98,4,12976.9,641.28,0.01,13021.57,84.6,0.67,-0.91,-0.24,1.0,0.0,1.0,2,4290,958.8,1.81,-0.42,-1.04,-20.14,1789,302,2027,-0.0278,-0.037,0.153,0.053,-13.63,6.46,651,1346,-1999,0,0,3874,0.0006,0.094,0.088,-0.012,-11.32,4.16,637,1840,-4064,0,0,4776,0.0044,-0.089,0.113,0.013,-5.37,-1.79,655,4261,-3180,0,0,7192,0.0328,0.042,0.096,-0.004,-5.13,-2.03,643,5438,-5034,0,0
154.0,4,12977.3,641.29,0.01,13022.04,85.0,0.68,-0.9,-0.25,1.0,0.0,1.0,2,4323,963.8,1.82,-0.38,-1.11,-19.48,1814,305,1996,-0.0283,-0.024,0.158,0.058,-13.99,6.83,658,1339,-1960,0,0,3998,0.0025,0.096,0.089,-0.011,-11.48,4.31,640,1887,-4194,0,0,4619,0.0025,-0.092,0.115,0.015,-5.24,-1.92,660,4200,-3000,0,0,7238,0.0333,0.027,0.097,-0.003,-5.09,-2.08,648,5556,-4991,0,0
154.02,4,12977.8,641.31,0.01,13022.52,85.5,0.68,-0.89,-0.26,1.0,0.0,1.0,2,4355,968.8,1.82,-0.35,-1.16,-19.09,1838,308,1988,-0.0284,-0.006,0.164,0.064,-14.38,7.22,663,1341,-1947,0,0,4124,0.0044,0.097,0.09,-0.01,-11.82,4.66,643,1925,-4332,0,0,4470,0.0008,-0.088,0.119,0.019,-5.17,-1.99,666,4143,-2835,0,0,7263,0.0336,0.015,0.098,-0.002,-5.03,-2.13,653,5635,-4949,0,0
154.04,4,12978.3,641.32,0.01,13023.0,85.9,0.69,-0.89,-0.27,1.0,0.0,1.0,2,4383,973.1,1.83,-0.32,-1.19,-19.0,1862,312,2003,-0.0282,0.012,0.167,0.067,-14.77,7.61,668,1341,-1966,0,0,4232,0.0061,0.083,0.093,-0.007,-12.16,5.0,646,1990,-4436,0,0,4350,-0.0007,-0.071,0.121,0.021,-5.11,-2.05,670,4088,-2706,0,0,7264,0.0336,0.001,0.102,0.002,-4.97,-2.19,657,5800,-4827,0,0
154.06,4,12978.8,641.33,0.01,13023.48,86.3,0.68,-0.88,-0.28,1.0,0.0,1.0,2,4412,977.7,1.84,-0.31,-1.19,-19.02,1884,315,2030,-0.0278,0.021,0.17,0.07,-15.18,8.02,671,1351,-1995,0,0,4308,0.0073,0.059,0.095,-0.005,-12.49,5.32,651,2018,-4517,0,0,4273,-0.0016,-0.045,0.125,0.025,-5.03,-2.14,675,4084,-2586,0,0,7252,0.0335,-0.007,0.102,0.002,-4.95,-2.21,662,5806,-4799,0,0
154.08,4,12979.3,641.33,0.01,13023.96,86.8,0.69,-0.87,-0.28,1.0,0.0,1.0,2,4440,982.1,1.84,-0.29,-1.18,-19.09,1904,318,2066,-0.0272,0.028,0.172,0.072,-15.49,8.32,675,1362,-2035,0,0,4351,0.0079,0.033,0.098,-0.002,-12.82,5.65,655,2055,-4554,0,0,4241,-0.0019,-0.019,0.139,0.039,-5.02,-2.14,672,4090,-2533,0,0,7229,0.0332,-0.013,0.09,-0.01,-4.9,-2.27,674,5818,-4744,0,0
154.1,4,12979.7,641.33,0.01,13024.44,87.2,0.7,-0.88,-0.29,1.0,0.0,1.0,2,4462,985.5,1.85,-0.29,-1.15,-19.15,1924,321,2118,-0.0264,0.04,0.172,0.072,-16.03,8.86,677,1364,-2101,0,0,4376,0.0083,0.019,0.1,0.0,-13.13,5.97,659,2079,-4573,0,0,4250,-0.0018,0.005,0.125,0.025,-4.93,-2.23,683,4082,-2537,0,0,7202,0.0329,-0.016,0.103,0.003,-4.82,-2.34,670,5864,-4655,0,0
154.12,4,12980.2,641.33,0.01,13024.93,87.7,0.7,-0.88,-0.3,1.0,0.0,1.0,2,4482,988.6,1.85,-0.28,-1.13,-19.09,1943,325,2165,-0.0257,0.036,0.173,0.073,-16.46,9.3,680,1374,-2156,0,0,4381,0.0084,0.004,0.102,0.002,-13.46,6.3,663,2077,-4581,0,0,4286,-0.0014,0.021,0.139,0.039,-4.88,-2.28,678,4150,-2513,0,0,7184,0.0327,-0.011,0.09,-0.01,-4.78,-2.38,681,5797,-4656,0,0
154.14,4,12980.7,641.32,0.01,13025.42,88.1,0.7,-0.88,-0.31,1.0,0.0,1.0,2,4502,991.6,1.86,-0.29,-1.1,-18.98,1963,328,2209,-0.025,0.033,0.175,0.075,-16.8,9.64,683,1387,-2204,0,0,4378,0.0083,-0.003,0.105,0.005,-13.79,6.63,667,2080,-4575,0,0,4336,-0.0008,0.029,0.122,0.022,-4.85,-2.31,689,4135,-2590,0,0,7172,0.0325,-0.007,0.103,0.003,-4.7,-2.46,675,5866,-4569,0,0
154.16,4,12981.2,641.31,0.01,13025.91,88.6,0.69,-0.89,-0.33,1.0,0.0,1.0,2,4523,992.2,1.86,-0.29,-1.08,-18.8,1983,331,2248,-0.0244,0.03,0.177,0.077,-17.34,10.17,686,1391,-2250,0,0,4369,0.0082,-0.007,0.107,0.007,-14.1,6.94,670,2084,-4561,0,0,4391,-0.0002,0.032,0.135,0.035,-4.8,-2.36,684,4208,-2589,0,0,7164,0.0325,-0.005,0.087,-0.013,-4.69,-2.47,687,5730,-4629,0,0
154.18,4,12981.7,641.3,0.01,13026.4,89.0,0.69,-0.88,-0.34,1.0,0.0,1.0,2,4545,992.8,1.87,-0.29,-1.07,-18.58,2001,335,2276,-0.024,0.022,0.179,0.079,-17.81,10.65,689,1393,-2283,0,0,4354,0.008,-0.011,0.109,0.009,-14.46,7.29,674,2058,-4554,0,0,4442,0.0004,0.03,0.119,0.019,-4.73,-2.43,695,4221,-2631,0,0,7160,0.0324,-0.003,0.101,0.001,-4.61,-2.55,681,5826,-4537,0,0
154.2,4,12982.2,641.28,0.01,13026.9,89.5,0.69,-0.89,-0.35,1.0,0.0,1.0,2,4565,993.3,1.87,-0.29,-1.05,-18.44,2022,338,2304,-0.0236,0.021,0.181,0.081,-18.28,11.12,692,1398,-2313,0,0,4355,0.008,0.001,0.112,0.012,-14.82,7.66,677,2058,-4552,0,0,4484,0.0009,0.025,0.132,0.032,-4.66,-2.5,689,4288,-2613,0,0,7167,0.0325,0.004,0.086,-0.014,-4.55,-2.61,693,5740,-4555,0,0
154.22,4,12982.7,641.26,0.01,13027.4,89.9,0.68,-0.88,-0.36,1.0,0.0,1.0,2,4586,993.8,1.88,-0.29,-1.05,-18.3,2043,341,2325,-0.0232,0.016,0.184,0.084,-18.75,11.59,696,1401,-2335,0,0,4349,0.0079,-0.005,0.113,0.013,-15.23,8.06,681,2029,-4553,0,0,4522,0.0014,0.022,0.116,0.016,-4.57,-2.6,700,4293,-2635,0,0,7169,0.0325,0.001,0.098,-0.002,-4.48,-2.69,687,5816,-4480,0,0
154.24,4,12983.2,641.23,0.01,13027.9,90.4,0.68,-0.88,-0.37,1.0,0.0,1.0,2,4607,994.3,1.88,-0.29,-1.04,-18.22,2063,345,2341,-0.023,0.013,0.187,0.087,-19.15,11.98,699,1408,-2350,0,0,4349,0.0079,0.0,0.116,0.016,-15.6,8.43,684,2029,-4550,0,0,4547,0.0017,0.014,0.13,0.03,-4.51,-2.65,695,4352,-2604,0,0,7173,0.0326,0.002,0.084,-0.016,-4.43,-2.74,699,5759,-4484,0,0
154.26,4,12983.7,641.2,0.01,13028.41,90.8,0.68,-0.88,-0.38,1.0,0.0,1.0,2,4626,994.7,1.89,-0.3,-1.03,-18.18,2084,348,2356,-0.0228,0.011,0.191,0.091,-19.76,12.6,702,1403,-2367,0,0,4346,0.0079,-0.002,0.119,0.019,-15.97,8.81,687,2034,-4541,0,0,4570,0.0019,0.014,0.114,0.014,-4.43,-2.73,706,4349,-2614,0,0,7173,0.0326,0.0,0.098,-0.002,-4.32,-2.85,693,5887,-4360,0,0
154.28,4,12984.2,641.17,0.01,13028.91,91.3,0.67,-0.87,-0.4,1.0,0.0,1.0,2,4649,995.2,1.89,-0.3,-1.03,-18.13,2104,352,2362,-0.0227,0.005,0.195,0.095,-20.3,13.14,706,1403,-2373,0,0,4342,0.0078,-0.004,0.12,0.02,-16.43,9.27,691,2004,-4543,0,0,4588,0.0021,0.011,0.127,0.027,-4.39,-2.77,700,4386,-2594,0,0,7176,0.0326,0.002,0.083,-0.017,-4.31,-2.85,705,5761,-4416,0,0
154.3,4,12984.7,641.13,0.01,13029.42,91.7,0.67,-0.87,-0.41,1.0,0.0,1.0,2,4671,995.7,1.9,-0.3,-1.03,-18.1,2125,355,2367,-0.0226,0.004,0.2,0.1,-20.83,13.67,710,1402,-2375,0,0,4344,0.0078,0.002,0.123,0.023,-16.82,9.66,694,2007,-4541,0,0,4596,0.0022,0.005,0.113,0.013,-4.35,-2.81,712,4370,-2606,0,0,7182,0.0327,0.003,0.097,-0.003,-4.25,-2.91,699,5876,-4332,0,0
154.32,4,12985.2,641.09,0.01,13029.93,92.1,0.66,-0.87,-0.42,1.0,0.0,1.0,2,4694,996.2,1.9,-0.3,-1.03,-18.12,2145,358,2372,-0.0225,0.003,0.205,0.105,-21.39,14.23,713,1402,-2377,0,0,4343,0.0078,-0.001,0.126,0.026,-17.26,10.1,698,2000,-4537,0,0,4603,0.0023,0.004,0.127,0.027,-4.31,-2.85,707,4413,-2568,0,0,7181,0.0327,-0.001,0.083,-0.017,-4.2,-2.96,711,5807,-4333,0,0
154.34,4,12985.7,641.05,0.01,13030.44,92.6,0.67,-0.86,-0.43,1.0,0.0,1.0,2,4713,996.6,1.91,-0.29,-1.04,-18.27,2165,362,2372,-0.0225,0.0,0.211,0.111,-21.87,14.71,717,1410,-2370,0,0,4350,0.0079,0.005,0.128,0.028,-17.55,10.39,701,2008,-4538,0,0,4599,0.0023,-0.002,0.112,0.012,-4.25,-2.91,718,4383,-2569,0,0,7186,0.0327,0.003,0.098,-0.002,-4.07,-3.09,705,5993,-4172,0,0
154.36,4,12986.3,641.0,0.01,13030.96,93.0,0.66,-0.87,-0.45,1.0,0.0,1.0,2,4735,997.1,1.91,-0.3,-1.04,-18.4,2185,365,2370,-0.0225,-0.002,0.215,0.115,-22.51,15.35,720,1399,-2369,0,0,4367,0.0082,0.013,0.131,0.031,-18.09,10.93,704,1994,-4556,0,0,4590,0.0022,-0.005,0.125,0.025,-4.24,-2.93,713,4406,-2533,0,0,7202,0.0329,0.009,0.082,-0.018,-4.18,-2.98,717,5817,-4323,0,0
154.38,4,12986.8,640.95,0.01,13031.47,93.4,0.65,-0.86,-0.46,1.0,0.0,1.0,2,4758,997.5,1.92,-0.3,-1.04,-18.44,2206,368,2368,-0.0226,-0.001,0.221,0.121,-23.08,15.92,724,1401,-2362,0,0,4370,0.0082,0.002,0.134,0.034,-18.58,11.42,708,1992,-4554,0,0,4592,0.0022,0.001,0.113,0.013,-4.19,-2.98,725,4400,-2526,0,0,7209,0.033,0.004,0.096,-0.004,-4.12,-3.04,711,5922,-4252,0,0
154.4,4,12987.3,640.89,0.01,13031.99,93.8,0.65,-0.86,-0.47,1.0,0.0,1.0,2,4782,998.0,1.92,-0.3,-1.04,-18.47,2227,372,2365,-0.0226,-0.002,0.226,0.126,-23.69,16.53,727,1398,-2356,0,0,4367,0.0082,-0.002,0.138,0.038,-19.0,11.84,711,2005,-4540,0,0,4592,0.0022,0.0,0.126,0.026,-4.23,-2.93,720,4420,-2520,0,0,7210,0.033,0.0,0.082,-0.018,-4.15,-3.01,724,5827,-4311,0,0
154.42,4,12987.8,640.83,0.01,13032.51,94.3,0.64,-0.85,-0.48,1.0,0.0,1.0,2,4806,998.5,1.93,-0.3,-1.03,-18.47,2246,375,2364,-0.0226,-0.001,0.232,0.132,-24.28,17.12,731,1399,-2351,0,0,4357,0.008,-0.008,0.142,0.042,-19.51,12.35,715,2010,-4519,0,0,4597,0.0023,0.003,0.113,0.013,-4.22,-2.94,732,4400,-2541,0,0,7203,0.0329,-0.004,0.096,-0.004,-4.13,-3.03,719,5930,-4247,0,0
154.44,4,12988.4,640.77,0.01,13033.04,94.7,0.65,-0.85,-0.5,1.0,0.0,1.0,2,4827,998.9,1.94,-0.3,-1.03,-18.49,2263,379,2363,-0.0226,-0.001,0.238,0.138,-24.82,17.66,734,1401,-2345,0,0,4346,0.0079,-0.008,0.146,0.046,-20.02,12.86,719,2008,-4501,0,0,4605,0.0023,0.004,0.126,0.026,-4.18,-2.98,726,4439,-2507,0,0,7197,0.0328,-0.003,0.084,-0.016,-4.07,-3.09,730,5928,-4208,0,0
154.46,4,12988.9,640.71,0.01,13033.56,95.1,0.64,-0.86,-0.51,1.0,0.0,1.0,2,4845,999.2,1.94,-0.3,-1.03,-18.57,2284,382,2373,-0.0225,0.007,0.244,0.144,-25.54,18.37,737,1400,-2353,0,0,4353,0.008,0.005,0.149,0.049,-20.49,13.33,721,2004,-4504,0,0,4612,0.0024,0.004,0.112,0.012,-4.2,-2.96,738,4405,-2547,0,0,7201,0.0329,0.002,0.096,-0.004,-4.08,-3.09,724,5946,-4201,0,0
154.48,4,12989.4,640.63,0.01,13034.09,95.5,0.63,-0.86,-0.53,1.0,0.0,1.0,2,4865,999.5,1.94,-0.3,-1.03,-18.64,2303,385,2383,-0.0223,0.008,0.249,0.149,-26.12,18.96,739,1406,-2360,0,0,4357,0.008,0.003,0.152,0.052,-20.98,13.82,724,2000,-4504,0,0,4619,0.0025,0.004,0.126,0.026,-4.12,-3.05,732,4475,-2478,0,0,7201,0.0329,0.0,0.082,-0.018,-4.1,-3.06,736,5832,-4266,0,0
154.5,4,12989.9,640.56,0.01,13034.61,95.9,0.63,-0.87,-0.54,1.0,0.0,1.0,2,4884,999.9,1.95,-0.29,-1.04,-18.74,2323,389,2395,-0.0222,0.01,0.255,0.155,-26.8,19.64,742,1410,-2369,0,0,4371,0.0082,0.011,0.155,0.055,-21.46,14.3,727,2002,-4513,0,0,4624,0.0026,0.003,0.111,0.011,-4.18,-2.98,744,4413,-2549,0,0,7208,0.033,0.004,0.095,-0.005,-4.1,-3.06,731,5911,-4237,0,0
154.52,4,12990.5,640.48,0.01,13035.14,96.4,0.63,-0.87,-0.55,1.0,0.0,1.0,2,4903,1000.2,1.95,-0.29,-1.04,-18.88,2344,392,2406,-0.022,0.008,0.262,0.162,-27.45,20.28,745,1419,-2374,0,0,4393,0.0086,0.017,0.158,0.058,-21.98,14.82,730,2005,-4531,0,0,4622,0.0026,-0.001,0.124,0.024,-4.12,-3.04,738,4454,-2498,0,0,7221,0.0331,0.008,0.082,-0.018,-4.1,-3.06,742,5839,-4281,0,0
154.54,4,12991.0,640.4,0.01,13035.67,96.8,0.62,-0.87,-0.57,1.0,0.0,1.0,2,4921,1000.5,1.96,-0.28,-1.05,-19.06,2366,395,2414,-0.0219,0.006,0.269,0.169,-28.1,20.93,747,1426,-2378,0,0,4417,0.009,0.019,0.162,0.062,-22.51,15.35,732,2012,-4549,0,0,4617,0.0025,-0.003,0.112,0.012,-4.06,-3.1,750,4439,-2484,0,0,7236,0.0333,0.009,0.094,-0.006,-4.1,-3.06,737,5902,-4264,0,0
154.56,4,12991.6,640.32,0.01,13036.21,97.2,0.61,-0.88,-0.58,1.0,0.0,1.0,2,4940,1000.8,1.96,-0.28,-1.06,-19.21,2386,398,2422,-0.0217,0.006,0.276,0.176,-28.7,21.53,750,1434,-2380,0,0,4440,0.0093,0.018,0.165,0.065,-22.93,15.76,735,2024,-4565,0,0,4610,0.0024,-0.004,0.124,0.024,-4.19,-2.97,744,4425,-2524,0,0,7250,0.0335,0.008,0.081,-0.019,-4.11,-3.05,748,5849,-4305,0,0
154.58,4,12992.1,640.23,0.01,13036.74,97.6,0.61,-0.88,-0.59,1.0,0.0,1.0,2,4957,1001.0,1.97,-0.27,-1.07,-19.47,2407,402,2438,-0.0215,0.013,0.283,0.183,-29.4,22.24,752,1447,-2390,0,0,4474,0.0098,0.026,0.169,0.069,-23.52,16.35,737,2032,-4593,0,0,4602,0.0023,-0.005,0.111,0.011,-4.19,-2.97,756,4386,-2544,0,0,7263,0.0336,0.008,0.093,-0.007,-4.08,-3.08,742,5926,-4263,0,0
154.6,4,12992.6,640.13,0.01,13037.28,97.9,0.6,-0.89,-0.61,1.0,0.0,1.0,2,4975,1001.3,1.97,-0.27,-1.08,-19.57,2429,405,2446,-0.0214,0.006,0.291,0.191,-30.11,22.94,755,1456,-2392,0,0,4501,0.0102,0.021,0.173,0.073,-24.08,16.92,739,2044,-4611,0,0,4595,0.0022,-0.004,0.124,0.024,-4.25,-2.91,750,4396,-2545,0,0,7282,0.0338,0.011,0.081,-0.019,-4.16,-3.0,754,5829,-4369,0,0
154.62,4,12993.2,640.03,0.01,13037.82,98.3,0.6,-0.88,-0.62,1.0,0.0,1.0,2,4993,1001.6,1.97,-0.27,-1.08,-19.67,2449,408,2452,-0.0213,0.005,0.3,0.2,-30.78,23.62,757,1467,-2390,0,0,4517,0.0105,0.013,0.178,0.078,-24.64,17.48,742,2061,-4617,0,0,4592,0.0022,-0.002,0.111,0.011,-4.26,-2.91,762,4362,-2571,0,0,7292,0.034,0.006,0.093,-0.007,-4.08,-3.08,748,5938,-4283,0,0
154.64,4,12993.7,639.93,0.01,13038.35,98.7,0.6,-0.89,-0.64,1.0,0.0,1.0,2,5012,1001.8,1.98,-0.27,-1.08,-19.66,2469,411,2453,-0.0213,0.0,0.308,0.208,-31.46,24.3,760,1474,-2384,0,0,4531,0.0107,0.011,0.182,0.082,-25.17,18.01,744,2073,-4622,0,0,4590,0.0022,-0.001,0.125,0.025,-4.21,-2.95,756,4409,-2519,0,0,7308,0.0341,0.009,0.081,-0.019,-4.21,-2.95,760,5819,-4425,0,0
154.66,4,12994.3,639.83,0.01,13038.89,99.1,0.59,-0.88,-0.65,1.0,0.0,1.0,2,5031,1002.1,1.98,-0.27,-1.08,-19.61,2487,415,2454,-0.0212,0.001,0.316,0.216,-31.97,24.81,763,1486,-2377,0,0,4533,0.0107,0.002,0.187,0.087,-25.71,18.55,747,2086,-4613,0,0,4596,0.0022,0.004,0.111,0.011,-4.29,-2.87,768,4350,-2595,0,0,7315,0.0342,0.004,0.093,-0.007,-4.18,-2.98,754,5906,-4381,0,0
154.68,4,12994.8,639.72,0.01,13039.44,99.5,0.59,-0.89,-0.67,1.0,0.0,1.0,2,5046,1002.3,1.99,-0.27,-1.07,-19.57,2509,418,2469,-0.021,0.012,0.325,0.225,-32.85,25.69,764,1495,-2387,0,0,4543,0.0109,0.008,0.193,0.093,-26.3,19.14,750,2100,-4611,0,0,4605,0.0024,0.006,0.123,0.023,-4.29,-2.87,762,4391,-2576,0,0,7318,0.0343,0.002,0.081,-0.019,-4.2,-2.96,766,5832,-4428,0,0
154.7,4,12995.4,639.61,0.01,13039.98,99.9,0.58,-0.89,-0.68,0.0,1.0,1.0,2,5063,1002.5,1.99,-0.27,-1.07,-19.51,2530,421,2486,-0.0208,0.013,0.335,0.235,-33.58,26.42,766,1512,-2396,0,0,4544,0.0109,0.0,0.199,0.099,-26.86,19.7,752,2120,-4597,0,0,4617,0.0025,0.007,0.11,0.01,-4.28,-2.88,773,4361,-2610,0,0,7308,0.0342,-0.006,0.093,-0.007,-4.22,-2.94,760,5886,-4411,0,0
154.72,4,12996.0,639.49,0.01,13040.52,99.9,0.11,-0.94,-0.7,0.0,1.0,1.0,2,4615,562.6,1.33,-0.25,-1.07,-17.81,2534,421,2488,-0.0207,0.002,0.135,0.035,-34.38,27.22,641,840,-2667,1755,1,4534,0.0108,-0.008,-0.152,0.052,-27.47,20.31,534,-882,-4933,1755,1,4626,0.0026,0.005,-0.031,-0.069,-4.18,-2.98,679,-687,-3468,3150,0,7302,0.0341,-0.004,-0.026,-0.074,-4.09,-3.07,673,-2147,-5133,3150,0
154.74,4,12996.5,639.37,0.01,13041.06,99.4,-0.62,-0.86,-0.72,0.0,1.0,1.0,2,3909,208.9,0.71,-0.19,-1.06,-15.05,2526,417,2518,-0.0203,0.023,-0.137,0.037,-35.29,28.13,475,-570,-2759,1755,1,4575,0.0114,0.031,-0.123,0.023,-28.17,21.01,532,-1420,-4854,1755,1,4588,0.0021,-0.022,-0.028,-0.072,-3.91,-3.25,649,-1842,-3220,3150,0,7277,0.0338,-0.014,-0.05,-0.05,-3.9,-3.26,652,-3684,-4802,3150,0
154.76,4,12997.1,639.25,0.01,13041.59,98.7,-0.96,-0.75,-0.75,0.0,1.0,1.0,2,3528,-183.2,0.2,-0.09,-1.04,-13.11,2516,411,2619,-0.0187,0.078,-0.205,0.105,-36.42,29.26,443,-893,-2792,1755,1,4662,0.0127,0.068,-0.201,0.101,-29.15,21.99,488,-1888,-4796,1755,1,4491,0.001,-0.057,-0.149,0.049,-3.83,-3.34,614,-4275,-2399,945,1,7163,0.0324,-0.067,-0.131,0.031,-3.78,-3.38,612,-6687,-3587,945,1
154.78,4,12997.6,639.13,0.01,13042.12,97.9,-1.15,-0.64,-0.78,0.0,1.0,1.0,2,3365,-169.9,0.2,0.04,-0.99,-11.86,2514,404,2817,-0.0157,0.152,-0.241,0.141,-37.79,30.63,395,-1155,-2928,1755,1,4814,0.0151,0.116,-0.241,0.141,-30.19,23.03,441,-2342,-4775,1755,1,4321,-0.001,-0.1,-0.122,0.022,-3.75,-3.41,585,-4477,-1988,945,1,6933,0.0297,-0.135,-0.131,0.031,-3.7,-3.47,574,-6917,-3073,945,1
154.8,4,12998.1,639.0,0.01,13042.65,97.1,-1.17,-0.59,-0.81,0.0,1.0,1.0,2,3252,-167.9,0.2,0.21,-0.93,-10.64,2516,398,3082,-0.0116,0.204,-0.276,0.176,-39.21,32.05,386,-1336,-3159,1755,1,4990,0.0178,0.135,-0.271,0.171,-31.28,24.11,431,-2551,-4870,1755,1,4083,-0.0038,-0.14,-0.142,0.042,-3.68,-3.49,587,-4222,-1887,945,1,6577,0.0256,-0.209,-0.155,0.055,-3.63,-3.53,603,-6685,-2811,945,1
154.82,4,12998.7,638.88,0.01,13043.17,96.2,-1.16,-0.57,-0.84,0.0,1.0,0.97,2,3225,-162.4,0.2,0.38,-0.85,-9.72,2520,391,3393,-0.0068,0.239,-0.259,0.159,-40.69,33.52,364,-1432,-3470,1755,1,5174,0.0206,0.141,-0.263,0.163,-32.46,25.3,410,-2604,-5041,1755,1,3800,-0.0071,-0.166,-0.132,0.032,-3.6,-3.56,569,-3969,-1721,945,1,6128,0.0203,-0.264,-0.12,0.02,-3.56,-3.6,554,-6239,-2638,3150,0
154.84,4,12999.2,638.76,0.01,13043.68,95.4,-1.15,-0.54,-0.88,0.0,1.0,0.84,2,3120,-160.7,0.2,0.54,-0.77,-9.24,2524,385,3709,-0.0019,0.242,-0.279,0.179,-42.13,34.96,362,-1521,-3782,1755,1,5339,0.0231,0.128,-0.281,0.181,-33.57,26.41,407,-2656,-5192,1755,1,3496,-0.0107,-0.179,-0.147,0.047,-3.47,-3.69,568,-3742,-1482,945,1,5628,0.0144,-0.294,-0.167,0.067,-3.49,-3.68,579,-5925,-2240,945,1
154.86,4,12999.7,638.63,0.01,13044.19,94.6,-1.13,-0.52,-0.91,0.0,1.0,0.71,2,3065,-154.7,0.2,0.7,-0.69,-9.15,2523,379,4002,0.0026,0.226,-0.261,0.161,-43.72,36.56,340,-1571,-4080,1755,1,5488,0.0254,0.115,-0.273,0.173,-34.76,27.59,388,-2667,-5341,1755,1,3165,-0.0146,-0.194,-0.154,0.054,-3.42,-3.74,547,-3462,-1265,945,1,5109,0.0083,-0.305,-0.149,0.049,-3.44,-3.72,546,-5475,-1959,945,1
154.88,4,13000.2,638.51,0.01,13044.7,93.8,-1.11,-0.49,-0.94,0.0,1.0,0.57,2,2920,-149.9,0.2,0.83,-0.63,-9.4,2507,372,4257,0.0065,0.196,-0.286,0.186,-45.25,38.09,333,-1654,-4322,1755,1,5589,0.027,0.077,-0.293,0.193,-35.93,28.77,380,-2711,-5422,1755,1,2850,-0.0183,-0.186,-0.189,0.089,-3.53,-3.64,532,-3216,-1034,945,1,4592,0.0022,-0.305,-0.199,0.099,-3.49,-3.67,536,-5095,-1573,945,1
154.9,4,13000.8,638.38,0.01,13045.2,93.0,-1.1,-0.45,-0.98,0.0,1.0,0.44,2,2792,-141.1,0.2,0.93,-0.57,-9.96,2483,366,4472,0.0098,0.165,-0.287,0.187,-46.83,39.67,306,-1746,-4515,1755,1,5677,0.0283,0.067,-0.298,0.198,-37.26,30.1,358,-2766,-5483,1755,1,2568,-0.0216,-0.166,-0.216,0.116,-3.58,-3.58,500,-2974,-823,945,1,4144,-0.0031,-0.263,-0.219,0.119,-3.52,-3.64,499,-4720,-1254,945,1
154.92,4,13001.3,638.25,0.01,13045.69,92.2,-1.08,-0.41,-1.0,0.0,1.0,0.31,2,2677,-136.9,0.2,1.0,-0.52,-10.65,2446,360,4641,0.0124,0.13,-0.313,0.213,-48.49,41.33,295,-1829,-4661,1755,1,5737,0.0293,0.046,-0.319,0.219,-38.55,31.39,347,-2822,-5514,1755,1,2352,-0.0242,-0.127,-0.241,0.141,-3.71,-3.46,485,-2756,-710,945,1,3784,-0.0073,-0.212,-0.245,0.145,-3.66,-3.5,491,-4362,-1096,945,1
154.94,4,13001.8,638.13,0.01,13046.18,91.4,-1.07,-0.38,-1.0,0.0,1.0,0.17,2,2506,-126.7,0.2,1.03,-0.47,-11.4,2400,354,4769,0.0144,0.098,-0.347,0.247,-49.61,42.45,261,-2011,-4730,1755,1,5766,0.0297,0.022,-0.35,0.25,-39.43,32.27,318,-2994,-5460,1755,1,2232,-0.0256,-0.07,-0.275,0.175,-3.84,-3.32,457,-2649,-609,945,1,3535,-0.0102,-0.147,-0.276,0.176,-3.79,-3.37,462,-4132,-928,945,1
154.96,4,13002.3,638.0,0.01,13046.67,90.6,-1.08,-0.33,-1.0,0.0,1.0,0.04,2,2354,-119.6,0.2,1.03,-0.42,-11.97,2345,348,4865,0.0158,0.073,-0.456,0.356,-49.69,42.53,218,-2502,-4634,1755,1,5765,0.0297,-0.001,-0.429,0.329,-39.5,32.34,278,-3442,-5228,1755,1,2224,-0.0257,-0.005,-0.279,0.179,-4.01,-3.16,453,-2642,-609,945,1,3402,-0.0118,-0.078,-0.272,0.172,-3.95,-3.21,466,-3977,-921,945,1
154.98,4,13002.8,637.87,0.01,13047.15,89.8,-1.13,-0.28,-1.0,0.0,1.0,0.06,1,2294,-116.5,0.2,1.0,-0.37,-12.02,2288,342,4937,0.017,0.056,-0.575,0.475,-49.84,42.67,168,-3060,-4429,1755,1,5742,0.0293,-0.018,-0.513,0.413,-39.6,32.44,235,-3916,-4907,1755,1,2330,-0.0244,0.062,-0.239,0.139,-4.14,-3.02,473,-2719,-758,945,1,3383,-0.012,-0.011,-0.238,0.138,-4.06,-3.11,479,-3895,-1077,945,1
155.0,4,13003.3,637.75,0.01,13047.63,89.0,-1.18,-0.25,-1.0,0.0,1.0,0.16,1,2331,-117.9,0.2,0.96,-0.33,-11.36,2229,335,4991,0.0178,0.042,-0.68,0.58,-50.0,42.83,124,-3491,-4221,1755,1,5704,0.0288,-0.029,-0.573,0.473,-39.79,32.63,204,-4202,-4653,1755,1,2514,-0.0223,0.108,-0.256,0.156,-4.27,-2.9,456,-2918,-845,945,1,3447,-0.0113,0.038,-0.261,0.161,-4.15,-3.02,456,-3975,-1084,945,1
155.02,4,13003.8,637.62,0.01,13048.11,88.1,-1.23,-0.2,-1.0,0.0,1.0,0.15,1,2434,-122.8,0.2,0.92,-0.29,-10.34,2174,329,5030,0.0184,0.03,-0.773,0.673,-50.18,43.02,86,-3828,-4020,1755,1,5669,0.0282,-0.027,-0.628,0.528,-40.0,32.84,175,-4405,-4444,1755,1,2739,-0.0196,0.133,-0.317,0.217,-4.33,-2.83,411,-3235,-756,945,1,3576,-0.0098,0.076,-0.327,0.227,-4.28,-2.88,417,-4187,-943,945,1
155.04,4,13004.2,637.5,0.01,13048.58,87.2,-1.27,-0.16,-1.0,0.0,1.0,0.05,1,2452,-124.0,0.2,0.88,-0.26,-9.22,2124,322,5075,0.0191,0.034,-0.82,0.72,-50.36,43.2,69,-4029,-3912,1755,1,5640,0.0278,-0.023,-0.659,0.559,-40.11,32.95,159,-4514,-4309,1755,1,2969,-0.0169,0.135,-0.306,0.206,-4.4,-2.76,421,-3497,-816,945,1,3709,-0.0082,0.078,-0.31,0.21,-4.38,-2.78,423,-4333,-987,945,1
155.06,4,13004.7,637.38,0.01,13049.04,86.3,-1.29,-0.17,-1.0,0.0,1.0,0.0,1,2381,-120.8,0.2,0.85,-0.23,-7.73,2075,315,5115,0.0197,0.031,-0.836,0.736,-50.54,43.38,61,-4101,-3904,1755,1,5611,0.0273,-0.023,-0.685,0.585,-40.34,33.18,145,-4580,-4208,1755,1,3185,-0.0144,0.127,-0.211,0.111,-4.44,-2.72,475,-3619,-1177,945,1,3833,-0.0067,0.073,-0.193,0.093,-4.4,-2.77,492,-4295,-1448,945,1
155.08,4,13005.2,637.25,0.01,13049.5,85.4,-1.27,-0.25,-1.0,0.0,1.0,0.09,1,2341,-118.6,0.2,0.83,-0.22,-5.44,2032,308,5153,0.0203,0.029,-0.824,0.724,-50.67,43.51,66,-4134,-3926,1755,1,5598,0.0271,-0.01,-0.709,0.609,-40.48,33.32,132,-4628,-4144,1755,1,3363,-0.0123,0.105,-0.127,0.027,-4.25,-2.91,516,-3380,-1823,945,1,3945,-0.0054,0.066,-0.134,0.034,-4.24,-2.92,517,-3965,-2091,945,1
155.1,4,13005.7,637.13,0.01,13049.95,84.5,-1.26,-0.26,-1.0,0.0,1.0,0.08,1,2370,-120.0,0.2,0.82,-0.23,-2.9,1990,302,5179,0.0207,0.02,-0.839,0.739,-50.76,43.6,60,-4164,-3935,1755,1,5607,0.0273,0.007,-0.714,0.614,-40.58,33.42,128,-4655,-4130,1755,1,3483,-0.0109,0.071,-0.161,0.061,-4.04,-3.12,494,-3700,-1634,945,1,4043,-0.0043,0.057,-0.162,0.062,-4.04,-3.12,493,-4274,-1869,945,1
155.12,4,13006.1,637.01,0.01,13050.4,83.6,-1.27,-0.25,-1.0,0.0,1.0,0.05,1,2339,-118.6,0.2,0.8,-0.25,-0.35,1951,296,5186,0.0208,0.005,-0.817,0.717,-50.77,43.6,68,-4144,-3961,1755,1,5631,0.0276,0.018,-0.725,0.625,-40.59,33.43,122,-4697,-4124,1755,1,3557,-0.01,0.044,-0.14,0.04,-3.76,-3.4,502,-3655,-1753,945,1,4139,-0.0031,0.057,-0.138,0.038,-3.79,-3.37,503,-4209,-2041,945,1
155.14,4,13006.6,636.89,0.01,13050.84,82.7,-1.25,-0.25,-1.0,0.0,1.0,0.0,1,2276,-115.8,0.2,0.79,-0.26,2.26,1911,289,5176,0.0206,-0.008,-0.829,0.729,-50.78,43.61,61,-4122,-3967,1755,1,5648,0.0279,0.014,-0.726,0.626,-40.62,33.46,120,-4726,-4120,1755,1,3596,-0.0095,0.023,-0.129,0.029,-3.45,-3.71,505,-3679,-1717,945,1,4214,-0.0023,0.044,-0.113,0.013,-3.47,-3.69,500,-4208,-2059,3150,0
155.16,4,13007.0,636.77,0.01,13051.28,81.8,-1.25,-0.23,-1.0,0.0,1.0,0.0,1,2198,-112.1,0.2,0.79,-0.27,4.77,1872,283,5163,0.0204,-0.01,-0.886,0.786,-50.73,43.57,40,-4234,-3849,1755,1,5658,0.028,0.007,-0.719,0.619,-40.61,33.44,122,-4713,-4146,1755,1,3624,-0.0092,0.016,-0.115,0.015,-3.09,-4.07,495,-3727,-1622,3150,0,4270,-0.0016,0.033,-0.126,0.026,-3.11,-4.05,501,-4389,-1873,945,1
155.18,4,13007.5,636.65,0.01,13051.71,80.9,-1.25,-0.2,-1.0,0.0,1.0,0.0,1,2123,-108.5,0.2,0.79,-0.27,7.17,1833,277,5152,0.0203,-0.009,-0.933,0.833,-50.61,43.45,23,-4343,-3730,1755,1,5664,0.0281,0.005,-0.713,0.613,-40.5,33.33,123,-4703,-4165,1755,1,3632,-0.0091,0.005,-0.125,0.025,-2.69,-4.47,499,-3827,-1436,945,1,4302,-0.0012,0.019,-0.113,0.013,-2.71,-4.46,489,-4427,-1744,3150,0
155.2,4,13007.9,636.53,0.01,13052.14,80.0,-1.25,-0.17,-1.0,0.0,1.0,0.0,1,2050,-105.0,0.2,0.79,-0.27,9.34,1798,271,5146,0.0202,-0.004,-0.967,0.867,-50.47,43.31,11,-4424,-3641,1755,1,5671,0.0282,0.005,-0.708,0.608,-40.42,33.26,123,-4695,-4183,1755,1,3628,-0.0092,-0.003,-0.135,0.035,-2.25,-4.91,489,-3868,-1257,945,1,4314,-0.0011,0.007,-0.125,0.025,-2.28,-4.88,490,-4537,-1510,945,1
155.22,4,13008.4,636.42,0.01,13052.57,79.1,-1.24,-0.13,-1.0,0.0,1.0,0.0,1,1980,-101.6,0.2,0.8,-0.25,11.24,1761,265,5146,0.0202,0.0,-0.992,0.892,-50.37,43.21,2,-4483,-3580,1755,1,5664,0.0281,-0.006,-0.71,0.61,-40.26,33.1,122,-4698,-4171,1755,1,3612,-0.0093,-0.009,-0.121,0.021,-1.85,-5.32,493,-3892,-1073,945,1,4290,-0.0014,-0.014,-0.119,0.019,-1.89,-5.27,474,-4554,-1303,3150,0
155.24,4,13008.8,636.3,0.01,13052.99,78.3,-1.23,-0.1,-1.0,0.0,1.0,0.0,1,1912,-98.4,0.2,0.8,-0.23,12.84,1723,259,5155,0.0203,0.007,-0.949,0.849,-50.18,43.02,17,-4447,-3631,1755,1,5642,0.0278,-0.017,-0.717,0.617,-40.07,32.91,118,-4712,-4126,1755,1,3602,-0.0095,-0.006,-0.127,0.027,-1.46,-5.7,484,-3938,-878,945,1,4239,-0.002,-0.03,-0.119,0.019,-1.49,-5.67,468,-4561,-1063,3150,0
155.26,4,13009.2,636.19,0.01,13053.4,77.4,-1.23,-0.07,-1.0,0.0,1.0,0.0,1,1846,-95.2,0.2,0.8,-0.19,14.12,1684,254,5166,0.0205,0.009,-0.97,0.87,-49.98,42.82,10,-4472,-3623,1755,1,5603,0.0272,-0.03,-0.731,0.631,-39.88,32.72,111,-4735,-4050,1755,1,3608,-0.0094,0.003,-0.125,0.025,-0.95,-6.22,480,-3997,-628,945,1,4179,-0.0027,-0.035,-0.12,0.02,-1.09,-6.07,476,-4552,-818,945,1
155.28,4,13009.7,636.07,0.01,13053.81,76.5,-1.23,-0.04,-1.0,0.0,1.0,0.0,1,1782,-92.2,0.2,0.8,-0.15,15.13,1647,248,5184,0.0208,0.014,-0.983,0.883,-49.7,42.54,5,-4524,-3596,1755,1,5555,0.0265,-0.038,-0.747,0.647,-39.6,32.43,103,-4760,-3956,1755,1,3632,-0.0091,0.014,-0.115,0.015,-0.65,-6.51,467,-4019,-482,3150,0,4116,-0.0034,-0.037,-0.124,0.024,-0.69,-6.47,468,-4533,-574,945,1
155.3,4,13010.1,635.96,0.01,13054.21,75.7,-1.23,0.0,-1.0,0.0,1.0,0.0,1,1720,-89.2,0.2,0.8,-0.11,15.94,1610,242,5205,0.0211,0.016,-0.99,0.89,-49.49,42.33,3,-4568,-3582,1755,1,5497,0.0256,-0.044,-0.762,0.662,-39.4,32.24,96,-4768,-3863,1755,1,3663,-0.0087,0.018,-0.126,0.026,-0.29,-6.88,471,-4085,-295,945,1,4044,-0.0043,-0.042,-0.129,0.029,-0.29,-6.87,460,-4467,-340,945,1
155.32,4,13010.5,635.85,0.01,13054.62,74.8,-1.23,0.03,-1.0,0.0,1.0,0.0,1,1660,-86.4,0.2,0.8,-0.07,16.54,1573,237,5233,0.0215,0.021,-0.991,0.891,-49.25,42.09,3,-4605,-3586,1755,1,5445,0.0248,-0.04,-0.777,0.677,-39.13,31.96,90,-4780,-3774,1755,1,3686,-0.0085,0.014,-0.136,0.036,0.07,-7.1,460,-4119,-111,945,1,3962,-0.0052,-0.048,-0.112,0.012,0.07,-7.1,449,-4378,-127,3150,0
155.34,4,13010.9,635.74,0.01,13055.01,73.9,-1.23,0.06,-1.0,0.0,1.0,0.0,1,1602,-83.6,0.2,0.81,-0.02,16.91,1537,231,5262,0.022,0.022,-0.987,0.887,-48.99,41.83,4,-4634,-3599,1755,1,5389,0.0239,-0.043,-0.791,0.691,-38.9,31.74,83,-4783,-3686,1755,1,3713,-0.0082,0.016,-0.116,0.016,0.4,-6.76,452,-4129,69,3150,0,3878,-0.0062,-0.05,-0.128,0.028,0.42,-6.74,449,-4336,75,945,1
155.36,4,13011.3,635.64,0.01,13055.4,73.1,-1.22,0.08,-1.0,0.0,1.0,0.0,1,1546,-81.0,0.2,0.81,0.02,17.04,1502,226,5300,0.0225,0.029,-0.977,0.877,-48.69,41.53,8,-4660,-3630,1755,1,5338,0.0231,-0.039,-0.805,0.705,-38.59,31.43,77,-4791,-3600,1755,1,3737,-0.0079,0.014,-0.123,0.023,0.72,-6.44,457,-4150,246,945,1,3788,-0.0073,-0.053,-0.121,0.021,0.76,-6.4,447,-4230,262,945,1
155.38,4,13011.7,635.53,0.01,13055.79,72.2,-1.22,0.11,-1.0,0.0,1.0,0.0,1,1492,-78.3,0.2,0.82,0.06,16.92,1469,221,5331,0.023,0.024,-0.967,0.867,-48.46,41.3,11,-4678,-3660,1755,1,5288,0.0224,-0.038,-0.819,0.719,-38.34,31.18,71,-4795,-3519,1755,1,3761,-0.0076,0.014,-0.128,0.028,1.08,-6.09,449,-4175,438,945,1,3704,-0.0082,-0.049,-0.123,0.023,1.14,-6.02,440,-4124,455,945,1
155.4,4,13012.1,635.43,0.01,13056.17,71.4,-1.21,0.13,-1.0,0.0,1.0,0.0,1,1440,-75.0,0.2,0.83,0.11,16.66,1435,216,5364,0.0235,0.025,-0.955,0.855,-48.21,41.05,15,-4692,-3696,1755,1,5240,0.0216,-0.037,-0.832,0.732,-38.04,30.88,65,-4799,-3438,1755,1,3776,-0.0074,0.009,-0.134,0.034,1.28,-5.89,441,-4174,565,945,1,3614,-0.0093,-0.053,-0.132,0.032,1.3,-5.86,431,-4025,545,945,1
155.42,4,13012.5,635.33,0.01,13056.55,70.5,-1.2,0.14,-1.0,0.0,1.0,0.0,1,1390,-71.8,0.2,0.83,0.14,16.27,1401,210,5393,0.024,0.022,-0.943,0.843,-47.95,40.79,19,-4702,-3730,1755,1,5190,0.0209,-0.038,-0.846,0.746,-37.81,30.65,60,-4798,-3360,1755,1,3792,-0.0072,0.009,-0.113,0.013,1.49,-5.67,432,-4165,690,3150,0,3527,-0.0103,-0.051,-0.12,0.02,1.5,-5.66,431,-3893,646,945,1
155.44,4,13012.9,635.23,0.01,13056.93,69.7,-1.19,0.16,-1.0,0.0,1.0,0.0,1,1342,-68.7,0.2,0.83,0.16,15.73,1367,205,5421,0.0244,0.021,-0.931,0.831,-47.61,40.44,23,-4712,-3762,1755,1,5153,0.0203,-0.029,-0.856,0.756,-37.57,30.41,55,-4800,-3297,1755,1,3805,-0.0071,0.008,-0.121,0.021,1.68,-5.48,437,-4174,793,945,1,3455,-0.0112,-0.042,-0.115,0.015,1.71,-5.45,414,-3791,744,3150,0
155.46,4,13013.3,635.13,0.01,13057.29,68.8,-1.19,0.17,-1.0,0.0,1.0,0.0,1,1296,-65.8,0.2,0.84,0.19,15.1,1333,201,5439,0.0247,0.014,-0.921,0.821,-47.47,40.31,26,-4714,-3788,1755,1,5125,0.0199,-0.021,-0.861,0.761,-37.32,30.16,53,-4799,-3253,1755,1,3815,-0.0069,0.006,-0.13,0.03,1.85,-5.31,427,-4179,885,945,1,3406,-0.0118,-0.029,-0.114,0.014,1.98,-5.19,410,-3726,853,3150,0
155.48,4,13013.7,635.03,0.01,13057.66,68.0,-1.19,0.18,-1.0,0.0,1.0,0.0,1,1252,-63.0,0.2,0.84,0.2,14.39,1300,196,5456,0.0249,0.013,-0.912,0.812,-47.25,40.09,29,-4716,-3812,1755,1,5100,0.0195,-0.019,-0.865,0.765,-37.11,29.95,51,-4795,-3217,1755,1,3831,-0.0068,0.009,-0.138,0.038,2.0,-5.16,418,-4169,981,945,1,3366,-0.0122,-0.023,-0.117,0.017,2.05,-5.11,403,-3673,899,3150,0
155.5,4,13014.0,634.94,0.01,13058.02,67.1,-1.23,0.13,-1.0,0.0,1.0,0.0,1,1210,-60.3,0.2,0.84,0.21,14.16,1266,191,5470,0.0252,0.011,-0.903,0.803,-47.0,39.84,31,-4719,-3831,1755,1,5085,0.0192,-0.012,-0.863,0.763,-36.89,29.72,51,-4790,-3198,1755,1,3849,-0.0065,0.01,-0.924,0.824,2.25,-4.91,9,-4624,214,6000,0,3346,-0.0125,-0.012,-1.007,0.907,2.24,-4.92,45,-4044,172,6000,0
155.52,4,13014.4,634.84,0.01,13058.38,66.2,-1.25,0.1,-1.0,0.0,1.0,0.0,1,1170,-57.7,0.2,0.84,0.21,14.3,1233,186,5480,0.0253,0.007,-0.896,0.796,-46.74,39.58,33,-4722,-3844,1755,1,5081,0.0192,-0.003,-0.855,0.755,-36.58,29.41,53,-4786,-3198,1755,1,3855,-0.0065,0.003,-1.031,0.931,2.47,-4.7,35,-4615,167,6000,0,3333,-0.0126,-0.007,-0.945,0.845,2.51,-4.65,-4,-4018,147,6000,0
155.54,4,13014.8,634.75,0.01,13058.73,65.3,-1.25,0.1,-1.0,0.0,1.0,0.0,1,1132,-55.3,0.2,0.84,0.2,14.47,1201,181,5482,0.0253,0.002,-0.892,0.792,-46.58,39.42,34,-4721,-3849,1755,1,5082,0.0192,0.001,-0.844,0.744,-36.42,29.26,57,-4775,-3216,1755,1,3855,-0.0065,0.0,-0.918,0.818,2.75,-4.41,11,-4615,187,6000,0,3332,-0.0126,0.0,-1.046,0.946,2.81,-4.35,27,-4016,162,6000,0
155.56,4,13015.1,634.66,0.01,13059.07,64.5,-1.24,0.1,-1.0,0.0,1.0,0.0,1,1095,-52.9,0.2,0.84,0.19,14.7,1170,176,5476,0.0252,-0.005,-0.892,0.792,-46.36,39.2,34,-4725,-3837,1755,1,5097,0.0194,0.011,-0.829,0.729,-36.14,28.98,62,-4770,-3249,1755,1,3835,-0.0067,-0.012,-0.981,0.881,3.04,-4.13,-18,-4591,205,6000,0,3339,-0.0125,0.004,-1.038,0.938,3.1,-4.06,31,-4022,180,6000,0
155.58,4,13015.5,634.57,0.01,13059.42,63.6,-1.24,0.1,-1.0,0.0,1.0,0.0,1,1060,-50.6,0.2,0.84,0.17,14.94,1138,171,5464,0.0251,-0.009,-0.895,0.795,-46.13,38.97,33,-4733,-3813,1755,1,5109,0.0196,0.009,-0.815,0.715,-35.97,28.81,66,-4760,-3283,1755,1,3813,-0.007,-0.013,-1.048,0.948,3.34,-3.82,28,-4564,222,6000,0,3348,-0.0124,0.006,-0.964,0.864,3.42,-3.75,-13,-4032,203,6000,0
155.6,4,13015.8,634.48,0.01,13059.75,62.7,-1.24,0.1,-1.0,0.0,1.0,0.0,1,1026,-48.5,0.2,0.84,0.15,15.19,1107,166,5452,0.0249,-0.01,-0.898,0.798,-45.84,38.68,32,-4743,-3786,1755,1,5127,0.0199,0.014,-0.799,0.699,-35.69,28.53,71,-4754,-3321,1755,1,3786,-0.0073,-0.016,-1.012,0.912,3.64,-3.52,44,-4532,242,6000,0,3361,-0.0123,0.007,-0.951,0.851,3.74,-3.42,-7,-4044,221,6000,0
155.62,4,13016.2,634.4,0.01,13060.09,61.8,-1.24,0.11,-1.0,0.0,1.0,0.0,1,994,-46.4,0.2,0.84,0.14,15.45,1077,162,5432,0.0246,-0.016,-0.905,0.805,-45.63,38.47,29,-4752,-3747,1755,1,5136,0.02,0.007,-0.787,0.687,-35.48,28.32,74,-4745,-3349,1755,1,3765,-0.0075,-0.012,-0.976,0.876,3.96,-3.2,-17,-4508,267,6000,0,3379,-0.0121,0.011,-1.047,0.947,4.04,-3.12,28,-4064,242,6000,0
155.64,4,13016.5,634.31,0.01,13060.41,61.0,-1.23,0.11,-1.0,0.0,1.0,0.0,1,963,-44.4,0.2,0.84,0.14,15.7,1047,157,5413,0.0243,-0.015,-0.91,0.81,-45.42,38.26,27,-4759,-3712,1755,1,5141,0.0201,0.004,-0.777,0.677,-35.21,28.05,76,-4741,-3365,1755,1,3747,-0.0077,-0.011,-0.94,0.84,4.28,-2.88,-1,-4484,285,6000,0,3392,-0.0119,0.007,-0.965,0.865,4.37,-2.79,-14,-4078,266,6000,0
155.66,4,13016.8,634.23,0.01,13060.74,60.1,-1.23,0.11,-1.0,0.0,1.0,0.0,1,933,-42.5,0.2,0.84,0.14,15.86,1018,153,5403,0.0241,-0.008,-0.908,0.808,-45.1,37.93,28,-4763,-3694,1755,1,5139,0.0201,-0.002,-0.772,0.672,-34.9,27.74,77,-4740,-3363,1755,1,3737,-0.0079,-0.006,-0.898,0.798,4.59,-2.57,16,-4471,310,6000,0,3391,-0.0119,-0.001,-0.952,0.852,4.74,-2.42,-9,-4075,288,6000,0
155.68,4,13017.2,634.15,0.01,13061.06,59.2,-1.22,0.12,-1.0,0.0,1.0,0.0,1,905,-40.7,0.2,0.84,0.14,15.98,989,148,5391,0.0239,-0.009,-0.908,0.808,-44.92,37.76,27,-4762,-3677,1755,1,5123,0.0198,-0.012,-0.774,0.674,-34.74,27.58,76,-4740,-3339,1755,1,3732,-0.0079,-0.003,-0.97,0.87,4.88,-2.28,-15,-4464,330,6000,0,3382,-0.012,-0.005,-0.947,0.847,5.01,-2.15,-7,-4062,303,6000,0
155.7,4,13017.5,634.07,0.01,13061.37,58.4,-1.22,0.12,-1.0,0.0,1.0,0.0,1,878,-39.0,0.2,0.84,0.14,16.12,959,144,5380,0.0238,-0.008,-0.907,0.807,-44.64,37.47,28,-4763,-3662,1755,1,5110,0.0196,-0.01,-0.775,0.675,-34.42,27.26,75,-4745,-3313,1755,1,3725,-0.008,-0.004,-0.925,0.825,5.2,-1.96,4,-4454,350,6000,0,3371,-0.0122,-0.006,-1.063,0.963,5.38,-1.79,23,-4048,321,6000,0
155.72,4,13017.8,633.99,0.01,13061.68,57.5,-1.22,0.13,-1.0,0.0,1.0,0.0,1,852,-37.3,0.2,0.84,0.14,16.32,931,140,5371,0.0236,-0.008,-0.905,0.805,-44.43,37.27,28,-4761,-3650,1755,1,5110,0.0196,0.0,-0.767,0.667,-34.2,27.04,76,-4742,-3317,1755,1,3711,-0.0082,-0.008,-1.006,0.906,5.53,-1.64,47,-4435,366,6000,0,3370,-0.0122,-0.001,-0.984,0.884,5.71,-1.46,-22,-4045,349,6000,0
155.74,4,13018.1,633.91,0.01,13061.98,56.6,-1.22,0.13,-1.0,0.0,1.0,0.0,1,838,-7.6,0.25,0.84,0.13,16.47,903,136,5366,0.0236,-0.004,-0.9,0.8,-44.15,36.98,29,-4759,-3646,1755,1,5106,0.0196,-0.003,-0.762,0.662,-33.88,26.72,77,-4741,-3314,1755,1,3702,-0.0083,-0.005,-0.897,0.797,5.88,-1.29,14,-4423,399,6000,0,3363,-0.0123,-0.004,-0.906,0.806,6.03,-1.13,8,-4034,371,6000,0
155.76,4,13018.4,633.83,0.01,13062.28,55.8,-1.22,0.13,-1.0,0.0,1.0,0.0,1,836,-1.2,0.26,0.85,0.13,16.61,876,132,5366,0.0235,0.0,-0.892,0.792,-43.86,36.7,31,-4755,-3652,1755,1,5111,0.0196,0.004,-0.751,0.651,-33.63,26.47,79,-4737,-3330,1755,1,3689,-0.0084,-0.008,-0.982,0.882,6.2,-0.96,-21,-4405,417,6000,0,3356,-0.0123,-0.004,-1.027,0.927,6.48,-0.69,38,-4024,394,6000,0
155.78,4,13018.7,633.76,0.01,13062.58,54.9,-1.22,0.13,-1.0,0.0,1.0,0.0,1,835,-0.2,0.26,0.85,0.13,16.72,849,128,5374,0.0237,0.007,-0.879,0.779,-43.64,36.47,34,-4748,-3675,1755,1,5118,0.0197,0.005,-0.741,0.641,-33.35,26.19,82,-4732,-3348,1755,1,3674,-0.0086,-0.009,-0.876,0.776,6.55,-0.61,20,-4385,441,6000,0,3338,-0.0126,-0.011,-0.957,0.857,6.73,-0.44,-13,-4001,414,6000,0
155.8,4,13019.0,633.69,0.01,13062.87,54.0,-1.22,0.14,-1.0,0.0,1.0,0.0,1,835,0.0,0.26,0.86,0.14,16.77,823,124,5380,0.0238,0.005,-0.869,0.769,-43.35,36.19,37,-4741,-3693,1755,1,5123,0.0198,0.004,-0.731,0.631,-33.04,25.88,84,-4729,-3362,1755,1,3664,-0.0087,-0.006,-0.966,0.866,6.93,-0.23,-15,-4371,467,6000,0,3327,-0.0127,-0.007,-0.883,0.783,7.14,-0.02,15,-3984,434,6000,0
155.82,4,13019.3,633.61,0.01,13063.16,53.2,-1.22,0.14,-1.0,0.0,1.0,0.0,1,835,0.0,0.26,0.86,0.14,16.73,798,120,5391,0.0239,0.008,-0.857,0.757,-43.05,35.89,39,-4736,-3716,1755,1,5126,0.0199,0.002,-0.722,0.622,-32.74,25.58,85,-4727,-3372,1755,1,3660,-0.0088,-0.002,-1.056,0.956,7.19,0.03,28,-4363,477,6000,0,3313,-0.0128,-0.008,-1.019,0.919,7.47,0.31,41,-3966,444,6000,0
155.84,4,13019.6,633.54,0.01,13063.44,52.3,-1.21,0.14,-1.0,0.0,1.0,0.0,1,835,0.0,0.26,0.86,0.14,16.66,773,116,5395,0.024,0.003,-0.849,0.749,-42.7,35.54,41,-4734,-3726,1755,1,5119,0.0198,-0.005,-0.72,0.62,-32.42,25.26,85,-4729,-3360,1755,1,3654,-0.0088,-0.004,-1.018,0.918,7.53,0.37,42,-4353,499,6000,0,3292,-0.0131,-0.012,-0.953,0.853,7.78,0.62,-12,-3939,474,6000,0
155.86,4,13019.9,633.47,0.01,13063.72,51.4,-1.21,0.14,-1.0,0.0,1.0,0.0,1,835,0.0,0.26,0.86,0.14,16.62,748,112,5391,0.0239,-0.003,-0.845,0.745,-42.46,35.3,42,-4733,-3722,1755,1,5116,0.0197,-0.002,-0.714,0.614,-32.14,24.98,85,-4730,-3356,1755,1,3640,-0.009,-0.008,-0.91,0.81,7.96,0.8,5,-4333,531,6000,0,3280,-0.0132,-0.007,-0.882,0.782,8.17,1.01,13,-3921,491,6000,0
155.88,4,13020.2,633.4,0.01,13063.99,50.6,-1.2,0.14,-1.0,0.0,1.0,0.0,1,835,0.0,0.26,0.87,0.14,16.56,725,108,5389,0.0239,-0.001,-0.84,0.74,-42.16,35.0,42,-4735,-3720,1755,1,5117,0.0197,0.001,-0.705,0.605,-31.86,24.7,87,-4727,-3363,1755,1,3620,-0.0092,-0.012,-0.883,0.783,8.31,1.14,14,-4307,552,6000,0,3264,-0.0134,-0.009,-0.894,0.794,8.49,1.33,8,-3899,515,6000,0
155.9,4,13020.5,633.33,0.01,13064.26,49.7,-1.19,0.14,-1.0,0.0,1.0,0.0,1,835,0.0,0.26,0.87,0.15,16.51,700,105,5382,0.0238,-0.006,-0.839,0.739,-41.86,34.7,42,-4739,-3706,1755,1,5110,0.0196,-0.005,-0.702,0.602,-31.56,24.39,86,-4729,-3353,1755,1,3602,-0.0095,-0.01,-0.994,0.894,8.54,1.38,-26,-4284,563,6000,0,3247,-0.0136,-0.01,-1.052,0.952,8.85,1.69,30,-3877,521,6000,0
155.92,4,13020.7,633.27,0.01,13064.52,48.9,-1.19,0.15,-1.0,0.0,1.0,0.0,1,835,0.0,0.26,0.86,0.15,16.4,677,101,5378,0.0237,-0.003,-0.835,0.735,-41.57,34.41,43,-4741,-3699,1755,1,5100,0.0195,-0.008,-0.702,0.602,-31.2,24.04,85,-4736,-3328,1755,1,3594,-0.0095,-0.005,-0.883,0.783,8.89,1.73,12,-4270,593,6000,0,3230,-0.0138,-0.01,-0.989,0.889,9.2,2.03,-25,-3853,547,6000,0
155.94,4,13021.0,633.2,0.01,13064.78,48.0,-1.19,0.15,-1.0,0.0,1.0,0.0,1,835,0.0,0.26,0.86,0.15,16.31,652,98,5367,0.0236,-0.009,-0.835,0.735,-41.26,34.1,42,-4747,-3677,1755,1,5081,0.0192,-0.014,-0.705,0.605,-30.9,23.74,83,-4746,-3288,1755,1,3590,-0.0096,-0.002,-0.992,0.892,9.21,2.05,-25,-4263,607,6000,0,3217,-0.014,-0.007,-0.922,0.822,9.55,2.39,-4,-3835,565,6000,0
155.96,4,13021.3,633.14,0.01,13065.03,47.2,-1.2,0.16,-1.0,0.0,1.0,0.0,1,835,0.0,0.26,0.86,0.16,16.21,629,94,5364,0.0235,-0.002,-0.829,0.729,-40.95,33.79,43,-4747,-3674,1755,1,5072,0.019,-0.007,-0.702,0.602,-30.61,23.44,83,-4750,-3269,1755,1,3593,-0.0096,0.002,-0.871,0.771,9.59,2.43,15,-4262,631,6000,0,3211,-0.014,-0.004,-0.942,0.842,9.88,2.72,-11,-3824,584,6000,0
155.98,4,13021.5,633.08,0.01,13065.28,46.3,-1.2,0.16,-1.0,0.0,1.0,0.0,1,835,0.0,0.26,0.86,0.17,16.03,607,91,5368,0.0236,0.003,-0.817,0.717,-40.68,33.52,46,-4741,-3689,1755,1,5056,0.0188,-0.012,-0.702,0.602,-30.3,23.13,82,-4754,-3239,1755,1,3608,-0.0094,0.008,-0.974,0.874,9.92,2.76,-20,-4273,659,6000,0,3199,-0.0142,-0.007,-0.875,0.775,10.26,3.1,10,-3807,602,6000,0
156.0,4,13021.8,633.01,0.01,13065.53,45.5,-1.19,0.17,-1.0,0.5,0.0,0.0,1,835,0.0,0.26,0.86,0.17,15.82,586,88,5372,0.0237,0.003,-0.807,0.707,-40.3,33.13,48,-4736,-3703,1755,1,5046,0.0186,-0.007,-0.697,0.597,-29.97,22.81,82,-4754,-3225,1755,1,3610,-0.0094,0.002,-0.935,0.835,10.23,3.07,-7,-4272,677,6000,0,3184,-0.0144,-0.009,-1.058,0.958,10.57,3.41,29,-3786,613,6000,0
156.02,4,13022.0,632.95,0.01,13065.77,44.7,-1.18,0.11,-1.0,0.5,0.0,0.0,1,894,159.2,0.53,0.86,0.17,15.0,564,84,5367,0.0236,-0.004,-0.206,0.106,-39.93,32.77,201,-3619,-4643,0,0,5034,0.0184,-0.009,-0.149,0.049,-29.57,22.41,234,-3600,-4315,0,0,3606,-0.0094,-0.003,-0.571,0.471,10.51,3.35,145,-4231,898,0,0,3171,-0.0145,-0.008,-0.496,0.396,10.89,3.73,161,-3716,904,0,0
156.04,4,13022.3,632.89,0.01,13066.0,43.9,-1.05,-0.13,-1.0,1.0,0.0,0.0,1,1032,210.7,0.62,0.85,0.13,10.55,545,82,5360,0.0235,-0.005,0.115,0.015,-38.97,31.81,270,-496,-5702,0,0,5030,0.0184,-0.003,0.109,0.009,-28.62,21.46,294,-75,-5488,0,0,3602,-0.0094,-0.002,-0.086,-0.014,10.62,3.46,289,-3718,2117,0,0,3170,-0.0145,0.0,-0.065,-0.035,10.92,3.76,287,-3119,2122,0,0
156.06,4,13022.5,632.83,0.01,13066.24,43.6,-0.55,-0.1,-1.0,1.0,0.0,0.01,1,1231,330.8,0.94,0.83,0.09,2.18,532,80,5309,0.0227,-0.04,0.061,-0.039,-37.64,30.48,254,612,-5649,0,0,5053,0.0187,0.018,0.017,-0.083,-27.52,20.36,272,535,-5500,0,0,3562,-0.0099,-0.024,0.089,-0.011,10.06,2.9,325,915,3955,0,0,3228,-0.0139,0.034,0.09,-0.01,10.05,2.88,323,1064,3554,0,0
156.08,4,13022.8,632.77,0.01,13066.47,43.4,-0.32,-0.01,-1.0,1.0,0.0,0.0,1,1500,435.0,1.15,0.77,0.04,-6.5,525,80,5222,0.0213,-0.067,-0.014,-0.086,-36.78,29.62,238,185,-5597,0,0,5057,0.0188,0.003,-0.034,-0.066,-26.79,19.63,264,-173,-5536,0,0,3567,-0.0099,0.003,-0.017,-0.083,8.91,1.74,291,319,3997,0,0,3351,-0.0124,0.073,-0.031,-0.069,8.75,1.59,292,-40,3776,0,0
156.1,4,13023.0,632.7,0.01,13066.7,43.0,-0.47,0.08,-1.0,1.0,0.0,0.0,1,1819,498.7,1.22,0.7,0.01,-14.92,514,78,5084,0.0192,-0.106,-0.02,-0.08,-36.05,28.89,236,-121,-5468,0,0,5003,0.018,-0.042,-0.018,-0.082,-26.3,19.14,272,-295,-5486,0,0,3621,-0.0092,0.032,0.002,-0.098,7.55,0.39,293,-165,3976,0,0,3515,-0.0105,0.096,-0.001,-0.099,7.34,0.18,303,-284,3847,0,0
156.12,4,13023.2,632.64,0.01,13066.93,42.7,-0.47,0.1,-1.0,1.0,0.0,0.1,1,2244,588.9,1.32,0.62,0.0,-23.15,505,77,4918,0.0167,-0.128,-0.013,-0.087,-35.55,28.39,235,-125,-5308,0,0,4899,0.0164,-0.08,-0.019,-0.081,-26.05,18.89,273,-220,-5389,0,0,3719,-0.0081,0.058,-0.028,-0.072,5.97,-1.2,276,-231,3890,0,0,3694,-0.0084,0.105,-0.077,-0.023,5.71,-1.45,280,-1354,3686,0,0
156.14,4,13023.5,632.58,0.01,13067.16,42.2,-0.61,0.07,-1.0,1.0,0.0,0.2,1,2814,707.4,1.46,0.54,0.0,-30.53,494,75,4748,0.0141,-0.131,0.045,-0.055,-35.21,28.05,250,12,-5142,0,0,4747,0.014,-0.117,-0.002,-0.098,-25.93,18.77,281,-235,-5236,0,0,3835,-0.0067,0.068,0.051,-0.049,4.35,-2.82,304,-49,3646,0,0,3833,-0.0067,0.082,-0.016,-0.084,4.01,-3.15,306,-2119,3275,0,0
156.16,4,13023.7,632.52,0.01,13067.39,42.2,-0.12,-0.06,-1.0,0.5,0.0,0.3,1,3237,786.9,1.56,0.45,0.0,-37.29,489,75,4587,0.0116,-0.124,0.258,0.158,-34.95,27.79,296,1511,-4777,0,0,4579,0.0115,-0.129,0.118,0.018,-25.94,18.77,315,912,-4993,0,0,3943,-0.0054,0.064,0.177,0.077,2.78,-4.38,323,4067,1984,0,0,3933,-0.0056,0.059,0.069,-0.031,2.51,-4.66,332,2684,2630,0,0
156.18,4,13023.9,632.46,0.02,13067.62,42.3,0.24,-0.23,-1.0,0.5,0.0,0.4,1,3300,455.6,1.12,0.34,-0.03,-43.44,489,76,4389,0.0085,-0.152,0.29,0.19,-34.85,27.69,303,2103,-4359,0,0,4387,0.0085,-0.148,0.13,0.03,-26.01,18.85,322,1348,-4696,0,0,4054,-0.0041,0.065,0.206,0.106,1.34,-5.82,330,4514,1278,0,0,4052,-0.0042,0.07,0.07,-0.03,1.1,-6.06,341,3260,1813,0,0
156.2,4,13024.2,632.4,0.02,13067.84,42.6,0.34,-0.32,-1.0,1.0,0.0,0.5,1,3075,307.9,0.86,0.22,-0.1,-48.57,490,77,4117,0.0043,-0.209,0.261,0.161,-34.91,27.74,294,2084,-4059,0,0,4175,0.0052,-0.163,0.103,0.003,-26.29,19.13,316,1285,-4481,0,0,4178,-0.0027,0.073,0.115,0.015,-0.13,-7.03,312,4701,713,0,0,4255,-0.0018,0.119,0.004,-0.096,-0.12,-7.04,312,2329,1032,0,0
156.22,4,13024.4,632.33,0.02,13068.07,42.8,0.17,-0.37,-1.0,1.0,0.0,0.6,1,3125,607.8,1.31,0.09,-0.19,-51.72,488,77,3780,-0.0009,-0.259,0.251,0.151,-35.24,28.08,293,1722,-3826,0,0,3968,0.002,-0.159,0.095,-0.005,-26.6,19.44,317,954,-4331,0,0,4265,-0.0017,0.051,0.164,0.064,-1.24,-5.92,327,4790,57,0,0,4511,0.0012,0.151,0.031,-0.069,-1.25,-5.91,328,1214,11,0,0
156.24,4,13024.7,632.26,0.02,13068.3,43.1,0.4,-0.45,-1.0,0.5,0.0,0.7,1,3688,865.9,1.66,-0.03,-0.31,-54.68,490,78,3419,-0.0064,-0.277,0.488,0.388,-35.51,28.35,349,2269,-3122,0,0,3779,-0.0009,-0.145,0.24,0.14,-27.0,19.84,362,1733,-3885,0,0,4315,-0.0011,0.029,0.411,0.311,-2.2,-4.96,387,5138,-270,0,0,4786,0.0045,0.162,0.201,0.101,-2.16,-5.0,395,5447,-597,0,0
156.26,4,13024.9,632.19,0.02,13068.53,43.5,0.62,-0.48,-1.0,0.5,0.0,0.8,1,3678,494.4,1.18,-0.15,-0.44,-57.85,494,80,3024,-0.0125,-0.304,0.55,0.45,-35.96,28.8,361,2400,-2498,0,0,3612,-0.0034,-0.129,0.245,0.145,-27.47,20.31,364,2033,-3547,0,0,4316,-0.001,0.001,0.329,0.229,-3.46,-3.71,380,5123,-536,0,0,5085,0.008,0.176,0.171,0.071,-3.15,-4.01,371,5725,-1138,0,0
156.28,4,13025.1,632.12,0.02,13068.77,44.0,0.62,-0.52,-1.0,0.5,0.0,0.9,1,3628,321.6,0.93,-0.27,-0.58,-60.02,497,82,2615,-0.0188,-0.315,0.503,0.403,-36.43,29.27,352,2069,-2185,0,0,3462,-0.0057,-0.116,0.193,0.093,-28.01,20.85,352,1761,-3495,0,0,4305,-0.0012,-0.007,0.175,0.075,-4.45,-2.71,368,5028,-945,0,0,5412,0.0118,0.192,0.034,-0.066,-4.04,-3.12,344,5335,-2317,0,0
156.3,4,13025.4,632.04,0.02,13069.0,44.4,0.53,-0.59,-1.0,0.5,0.0,1.0,1,3507,319.5,0.91,-0.37,-0.71,-60.59,500,83,2217,-0.0249,-0.306,0.486,0.386,-37.21,30.05,337,1660,-1939,0,0,3334,-0.0077,-0.098,0.176,0.076,-28.63,21.47,338,1401,-3489,0,0,4277,-0.0015,-0.016,0.231,0.131,-5.17,-1.99,322,4825,-1465,0,0,5738,0.0157,0.192,0.13,0.03,-4.7,-2.47,314,4099,-3551,0,0
156.32,4,13025.6,631.96,0.02,13069.24,44.6,0.38,-0.66,-1.0,0.5,0.0,1.0,1,3534,319.9,0.91,-0.44,-0.82,-59.49,500,84,1866,-0.0303,-0.27,0.503,0.403,-38.11,30.95,339,1358,-1670,0,0,3231,-0.0093,-0.079,0.184,0.084,-29.35,22.19,339,1225,-3426,0,0,4239,-0.002,-0.023,0.306,0.206,-5.76,-1.41,316,4624,-1836,0,0,6024,0.019,0.168,0.087,-0.013,-5.17,-1.99,334,3597,-4289,0,0
156.34,4,13025.9,631.88,0.02,13069.47,44.9,0.4,-0.67,-1.0,0.5,0.0,1.0,1,3584,321.2,0.91,-0.47,-0.92,-58.08,500,85,1596,-0.0344,-0.208,0.54,0.44,-38.9,31.74,346,1193,-1412,0,0,3178,-0.0101,-0.04,0.208,0.108,-30.05,22.89,345,1295,-3338,0,0,4182,-0.0026,-0.033,0.244,0.144,-6.14,-1.02,333,4523,-1930,0,0,6251,0.0217,0.134,0.15,0.05,-5.42,-1.74,325,4042,-4574,0,0
156.36,4,13026.1,631.8,0.02,13069.71,45.2,0.41,-0.7,-1.0,0.5,0.0,1.0,1,3618,321.3,0.92,-0.48,-0.99,-56.55,504,86,1422,-0.0371,-0.134,0.565,0.465,-39.64,32.48,350,1088,-1244,0,0,3191,-0.0099,0.01,0.229,0.129,-30.67,23.51,349,1395,-3312,0,0,4112,-0.0035,-0.042,0.31,0.21,-6.42,-0.74,325,4420,-1978,0,0,6425,0.0238,0.102,0.095,-0.005,-5.8,-1.36,339,4065,-4925,0,0
156.38,4,13026.4,631.71,0.02,13069.95,45.5,0.41,-0.73,-1.0,0.5,0.0,1.0,1,3643,321.3,0.92,-0.46,-1.04,-55.09,506,88,1346,-0.0383,-0.059,0.582,0.482,-40.41,33.25,352,1041,-1169,0,0,3245,-0.0091,0.042,0.239,0.139,-31.3,24.14,351,1451,-3349,0,0,4036,-0.0043,-0.044,0.245,0.145,-6.74,-0.42,340,4293,-2049,0,0,6521,0.0249,0.057,0.156,0.056,-5.86,-1.3,329,4258,-5025,0,0
156.4,4,13026.6,631.62,0.02,13070.19,45.8,0.4,-0.77,-1.0,0.5,0.0,1.0,1,3649,321.4,0.92,-0.42,-1.06,-53.81,512,89,1363,-0.038,0.014,0.583,0.483,-41.04,33.88,351,1045,-1190,0,0,3355,-0.0074,0.084,0.241,0.141,-31.86,24.69,350,1483,-3459,0,0,3975,-0.0051,-0.036,0.309,0.209,-6.98,-0.18,330,4207,-2073,0,0,6580,0.0256,0.034,0.1,0.0,-6.28,-0.88,343,4187,-5266,0,0
156.42,4,13026.9,631.52,0.02,13070.42,46.0,0.37,-0.81,-1.0,0.5,0.0,1.0,1,3643,321.3,0.92,-0.36,-1.07,-52.86,518,90,1462,-0.0365,0.076,0.574,0.474,-41.56,34.4,348,1095,-1291,0,0,3497,-0.0052,0.109,0.233,0.133,-32.23,25.07,347,1479,-3619,0,0,3919,-0.0057,-0.033,0.242,0.142,-7.15,-0.01,345,4099,-2136,0,0,6580,0.0256,0.0,0.157,0.057,-6.45,-0.71,333,4186,-5358,0,0
156.44,4,13027.2,631.43,0.02,13070.66,46.3,0.35,-0.85,-1.0,0.5,0.0,1.0,1,3639,321.3,0.92,-0.3,-1.08,-52.08,528,90,1607,-0.0343,0.112,0.568,0.468,-42.02,34.86,346,1181,-1431,0,0,3668,-0.0026,0.132,0.227,0.127,-32.67,25.51,345,1490,-3805,0,0,3865,-0.0064,-0.032,0.303,0.203,-7.35,0.19,334,4014,-2166,0,0,6559,0.0253,-0.012,0.101,0.001,-6.66,-0.5,347,4013,-5489,0,0
156.46,4,13027.4,631.33,0.02,13070.9,46.5,0.33,-0.86,-1.0,0.5,0.0,1.0,1,3641,321.3,0.92,-0.23,-1.08,-51.42,539,91,1765,-0.0318,0.122,0.563,0.463,-42.4,35.24,344,1278,-1578,0,0,3843,0.0001,0.135,0.227,0.127,-33.02,25.86,344,1532,-3983,0,0,3806,-0.0071,-0.035,0.239,0.139,-7.51,0.35,348,3912,-2205,0,0,6523,0.0249,-0.022,0.158,0.058,-6.76,-0.41,336,4051,-5482,0,0
156.48,4,13027.7,631.22,0.02,13071.13,46.7,0.31,-0.88,-1.0,0.5,0.0,1.0,1,3650,321.4,0.92,-0.17,-1.07,-50.97,548,92,1930,-0.0293,0.126,0.568,0.468,-42.77,35.61,345,1389,-1724,0,0,3997,0.0025,0.119,0.224,0.124,-33.33,26.17,343,1578,-4136,0,0,3751,-0.0077,-0.032,0.3,0.2,-7.71,0.55,338,3837,-2216,0,0,6455,0.0241,-0.04,0.103,0.003,-6.98,-0.18,350,3869,-5553,0,0
156.5,4,13027.9,631.11,0.02,13071.37,46.9,0.3,-0.9,-1.0,0.5,0.0,1.0,1,3665,321.4,0.92,-0.12,-1.08,-50.61,555,93,2078,-0.027,0.115,0.581,0.481,-43.04,35.87,348,1496,-1851,0,0,4136,0.0046,0.107,0.237,0.137,-33.5,26.34,347,1644,-4265,0,0,3698,-0.0083,-0.032,0.228,0.128,-7.88,0.72,349,3724,-2276,0,0,6389,0.0233,-0.039,0.152,0.052,-7.14,-0.02,338,3842,-5549,0,0
156.52,4,13028.2,631.0,0.02,13071.61,47.1,0.29,-0.93,-1.0,0.5,0.0,1.0,1,3674,321.4,0.92,-0.07,-1.09,-50.3,564,94,2215,-0.0249,0.105,0.577,0.477,-43.34,36.18,346,1591,-1968,0,0,4290,0.007,0.118,0.232,0.132,-33.81,26.64,345,1716,-4408,0,0,3643,-0.009,-0.032,0.295,0.195,-8.02,0.86,341,3654,-2273,0,0,6357,0.023,-0.019,0.103,0.003,-7.26,0.1,354,3675,-5621,0,0
156.54,4,13028.5,630.88,0.02,13071.84,47.3,0.28,-0.94,-1.0,0.5,0.0,1.0,1,3690,321.5,0.93,-0.04,-1.11,-49.99,569,94,2325,-0.0232,0.085,0.58,0.48,-43.51,36.35,346,1674,-2059,0,0,4421,0.009,0.1,0.231,0.131,-33.96,26.8,346,1776,-4529,0,0,3595,-0.0095,-0.028,0.237,0.137,-8.12,0.96,356,3583,-2282,0,0,6336,0.0227,-0.012,0.161,0.061,-7.31,0.15,344,3721,-5603,0,0
156.56,4,13028.7,630.76,0.01,13072.08,47.4,0.28,-0.96,-1.0,0.5,0.0,1.0,1,3698,321.5,0.93,-0.01,-1.14,-49.66,576,95,2418,-0.0218,0.071,0.586,0.486,-43.8,36.64,348,1741,-2136,0,0,4550,0.011,0.1,0.239,0.139,-34.2,27.04,348,1835,-4648,0,0,3561,-0.0099,-0.021,0.292,0.192,-8.24,1.08,344,3537,-2281,0,0,6349,0.0229,0.008,0.101,0.001,-7.43,0.27,356,3601,-5693,0,0
156.58,4,13029.0,630.64,0.01,13072.31,47.6,0.28,-0.98,-1.0,0.5,0.0,1.0,1,3708,321.5,0.93,0.01,-1.16,-49.27,584,96,2489,-0.0207,0.055,0.588,0.488,-44.03,36.87,348,1793,-2195,0,0,4670,0.0128,0.092,0.239,0.139,-34.4,27.23,348,1890,-4758,0,0,3529,-0.0103,-0.019,0.231,0.131,-8.33,1.17,358,3469,-2315,0,0,6381,0.0232,0.018,0.159,0.059,-7.56,0.4,345,3672,-5727,0,0
156.6,4,13029.3,630.51,0.01,13072.54,47.8,0.28,-0.98,-1.0,0.5,0.0,1.0,1,3718,321.5,0.93,0.03,-1.17,-48.87,592,96,2541,-0.0199,0.04,0.601,0.501,-44.24,37.08,351,1836,-2233,0,0,4761,0.0142,0.07,0.245,0.145,-34.56,27.4,350,1946,-4836,0,0,3501,-0.0106,-0.016,0.286,0.186,-8.38,1.21,346,3443,-2298,0,0,6404,0.0235,0.014,0.098,-0.002,-7.63,0.47,357,3550,-5821,0,0
156.62,4,13029.5,630.38,0.01,13072.77,47.9,0.28,-0.98,-1.0,0.5,0.0,1.0,1,3738,321.6,0.93,0.04,-1.19,-48.4,599,97,2568,-0.0195,0.02,0.607,0.507,-44.5,37.34,352,1870,-2244,0,0,4820,0.0152,0.045,0.253,0.153,-34.76,27.6,352,2020,-4871,0,0,3471,-0.011,-0.018,0.227,0.127,-8.46,1.3,360,3390,-2313,0,0,6417,0.0237,0.007,0.157,0.057,-7.67,0.51,347,3700,-5786,0,0
156.64,4,13029.8,630.25,0.01,13073.0,48.1,0.29,-0.97,-1.0,0.5,0.0,1.0,1,3754,321.6,0.93,0.04,-1.19,-47.86,605,98,2575,-0.0194,0.006,0.611,0.511,-44.71,37.55,353,1886,-2243,0,0,4855,0.0157,0.027,0.259,0.159,-34.95,27.79,353,2083,-4885,0,0,3448,-0.0113,-0.014,0.288,0.188,-8.52,1.35,349,3379,-2286,0,0,6430,0.0238,0.007,0.102,0.002,-7.76,0.6,360,3621,-5850,0,0
156.66,4,13030.1,630.11,0.01,13073.23,48.3,0.3,-0.96,-1.0,0.5,0.0,1.0,1,3772,321.7,0.94,0.03,-1.2,-47.19,610,98,2569,-0.0195,-0.005,0.62,0.52,-44.94,37.78,355,1896,-2227,0,0,4854,0.0157,-0.001,0.265,0.165,-35.16,28.0,355,2129,-4865,0,0,3438,-0.0114,-0.006,0.227,0.127,-8.55,1.39,363,3341,-2318,0,0,6427,0.0238,-0.002,0.159,0.059,-7.75,0.59,350,3744,-5801,0,0
156.68,4,13030.3,629.97,0.01,13073.46,48.4,0.31,-0.95,-1.0,0.5,0.0,1.0,1,3784,321.7,0.94,0.02,-1.2,-46.4,613,99,2546,-0.0198,-0.018,0.621,0.521,-45.19,38.03,356,1876,-2209,0,0,4842,0.0155,-0.01,0.266,0.166,-35.36,28.2,355,2122,-4852,0,0,3438,-0.0114,0.0,0.288,0.188,-8.52,1.36,353,3379,-2268,0,0,6440,0.0239,0.008,0.104,0.004,-7.82,0.66,363,3756,-5822,0,0
156.7,4,13030.6,629.82,0.01,13073.69,48.6,0.31,-0.95,-1.0,0.5,0.0,1.0,1,3793,321.7,0.94,0.01,-1.2,-45.58,618,100,2525,-0.0202,-0.016,0.628,0.528,-45.4,38.24,358,1867,-2186,0,0,4835,0.0154,-0.005,0.27,0.17,-35.57,28.4,356,2152,-4832,0,0,3439,-0.0114,0.0,0.221,0.121,-8.51,1.35,366,3320,-2344,0,0,6460,0.0242,0.012,0.159,0.059,-7.8,0.64,352,3795,-5827,0,0
156.72,4,13030.9,629.67,0.01,13073.91,48.8,0.32,-0.95,-1.0,0.5,0.0,1.0,1,3805,321.7,0.94,0.01,-1.2,-44.66,624,101,2503,-0.0205,-0.017,0.63,0.53,-45.6,38.44,359,1849,-2169,0,0,4810,0.015,-0.019,0.272,0.172,-35.74,28.57,357,2147,-4805,0,0,3454,-0.0112,0.009,0.281,0.181,-8.5,1.33,355,3355,-2328,0,0,6471,0.0243,0.007,0.104,0.004,-7.8,0.63,365,3754,-5860,0,0
156.74,4,13031.1,629.51,0.01,13074.14,49.0,0.32,-0.94,-1.0,0.5,0.0,1.0,1,3817,321.8,0.94,0.0,-1.18,-43.75,628,101,2482,-0.0208,-0.016,0.634,0.534,-45.8,38.64,360,1836,-2150,0,0,4777,0.0145,-0.026,0.276,0.176,-35.92,28.75,358,2157,-4763,0,0,3465,-0.0111,0.006,0.217,0.117,-8.45,1.28,368,3332,-2375,0,0,6466,0.0242,-0.003,0.159,0.059,-7.78,0.62,354,3875,-5799,0,0
156.76,4,13031.4,629.36,0.01,13074.36,49.2,0.32,-0.93,-1.0,0.5,0.0,1.0,1,3831,321.8,0.94,-0.01,-1.18,-42.83,631,102,2465,-0.0211,-0.013,0.637,0.537,-45.99,38.83,361,1827,-2133,0,0,4737,0.0139,-0.031,0.282,0.182,-36.09,28.93,360,2161,-4716,0,0,3481,-0.0109,0.009,0.275,0.175,-8.39,1.23,357,3361,-2367,0,0,6452,0.0241,-0.008,0.104,0.004,-7.75,0.59,368,3775,-5827,0,0
156.78,4,13031.7,629.2,0.01,13074.58,49.4,0.33,-0.94,-1.0,0.5,0.0,1.0,1,3838,321.8,0.94,-0.02,-1.17,-41.84,636,103,2447,-0.0213,-0.014,0.64,0.54,-46.18,39.02,363,1814,-2118,0,0,4705,0.0134,-0.024,0.283,0.183,-36.26,29.1,361,2161,-4680,0,0,3502,-0.0106,0.013,0.211,0.111,-8.31,1.15,370,3336,-2432,0,0,6454,0.0241,0.002,0.158,0.058,-7.67,0.51,356,3873,-5775,0,0
156.8,4,13032.0,629.03,0.01,13074.8,49.6,0.32,-0.94,-1.0,0.5,0.0,1.0,1,3847,321.8,0.94,-0.01,-1.16,-41.01,640,104,2449,-0.0213,0.001,0.642,0.542,-46.31,39.15,363,1812,-2121,0,0,4685,0.0131,-0.015,0.285,0.185,-36.37,29.21,362,2156,-4659,0,0,3510,-0.0105,0.005,0.267,0.167,-8.22,1.06,359,3352,-2426,0,0,6435,0.0239,-0.012,0.103,0.003,-7.6,0.44,369,3733,-5805,0,0
156.82,4,13032.2,628.86,0.01,13075.02,49.7,0.31,-0.95,-1.0,0.5,0.0,1.0,1,3856,321.9,0.95,-0.01,-1.16,-40.24,646,104,2453,-0.0213,0.003,0.64,0.54,-46.42,39.26,364,1810,-2127,0,0,4679,0.013,-0.005,0.285,0.185,-36.49,29.33,363,2149,-4654,0,0,3510,-0.0105,0.0,0.207,0.107,-8.13,0.97,372,3330,-2449,0,0,6421,0.0237,-0.008,0.159,0.059,-7.52,0.36,358,3880,-5710,0,0
156.84,4,13032.5,628.69,0.01,13075.24,49.9,0.31,-0.94,-1.0,0.5,0.0,1.0,1,3866,321.9,0.95,-0.01,-1.16,-39.63,651,105,2459,-0.0212,0.005,0.643,0.543,-46.51,39.35,365,1815,-2132,0,0,4684,0.0131,0.004,0.289,0.189,-36.55,29.39,364,2171,-4650,0,0,3491,-0.0108,-0.011,0.261,0.161,-8.05,0.89,361,3325,-2421,0,0,6402,0.0235,-0.011,0.102,0.002,-7.45,0.28,371,3734,-5739,0,0
156.86,4,13032.8,628.52,0.02,13075.46,50.1,0.31,-0.94,-1.0,0.5,0.0,1.0,1,3880,321.9,0.95,-0.01,-1.15,-38.92,656,106,2454,-0.0212,-0.004,0.642,0.542,-46.61,39.45,366,1810,-2129,0,0,4677,0.013,-0.005,0.288,0.188,-36.64,29.48,365,2170,-4642,0,0,3483,-0.0109,-0.005,0.203,0.103,-7.97,0.81,375,3306,-2425,0,0,6390,0.0233,-0.007,0.159,0.059,-7.4,0.24,361,3920,-5633,0,0
156.88,4,13033.1,628.34,0.02,13075.67,50.3,0.32,-0.93,-1.0,0.5,0.0,1.0,1,3893,322.0,0.95,-0.01,-1.15,-38.24,659,107,2451,-0.0213,-0.002,0.639,0.539,-46.72,39.55,367,1807,-2127,0,0,4660,0.0127,-0.014,0.291,0.191,-36.71,29.55,366,2175,-4620,0,0,3478,-0.0109,-0.003,0.261,0.161,-7.88,0.72,364,3329,-2387,0,0,6366,0.0231,-0.014,0.105,0.005,-7.31,0.15,374,3830,-5633,0,0
156.9,4,13033.3,628.15,0.02,13075.88,50.5,0.32,-0.94,-1.0,0.5,0.0,1.0,1,3897,322.0,0.95,-0.01,-1.13,-37.53,663,107,2451,-0.0213,0.0,0.638,0.538,-46.84,39.68,367,1800,-2131,0,0,4652,0.0126,-0.006,0.289,0.189,-36.79,29.63,366,2162,-4616,0,0,3481,-0.0109,0.002,0.199,0.099,-7.8,0.63,377,3285,-2441,0,0,6360,0.023,-0.003,0.158,0.058,-7.23,0.07,363,3927,-5566,0,0
156.92,4,13033.6,627.97,0.02,13076.09,50.6,0.32,-0.94,-1.0,0.5,0.0,1.0,1,3902,322.0,0.95,0.0,-1.12,-36.82,668,108,2463,-0.0211,0.009,0.633,0.533,-46.84,39.68,368,1798,-2149,0,0,4641,0.0124,-0.008,0.287,0.187,-36.84,29.68,367,2140,-4612,0,0,3497,-0.0107,0.009,0.253,0.153,-7.63,0.46,366,3319,-2425,0,0,6346,0.0228,-0.008,0.103,0.003,-7.09,-0.07,376,3789,-5586,0,0
156.94,4,13033.9,627.78,0.02,13076.3,50.8,0.31,-0.94,-1.0,0.5,0.0,1.0,1,3907,322.0,0.95,0.0,-1.12,-36.27,675,109,2487,-0.0207,0.018,0.633,0.533,-46.84,39.68,369,1808,-2173,0,0,4644,0.0124,0.002,0.289,0.189,-36.84,29.68,368,2139,-4616,0,0,3504,-0.0106,0.004,0.188,0.088,-7.45,0.29,377,3282,-2470,0,0,6326,0.0226,-0.012,0.153,0.053,-6.98,-0.18,363,3818,-5526,0,0
156.96,4,13034.2,627.59,0.02,13076.51,51.0,0.3,-0.93,-1.0,0.5,0.0,1.0,1,3924,322.0,0.95,0.01,-1.12,-35.84,678,110,2498,-0.0206,0.009,0.634,0.534,-46.85,39.69,371,1818,-2182,0,0,4645,0.0125,0.001,0.291,0.191,-36.85,29.68,370,2158,-4609,0,0,3488,-0.0108,-0.01,0.245,0.145,-7.37,0.21,367,3310,-2407,0,0,6296,0.0222,-0.018,0.099,-0.001,-6.86,-0.3,377,3763,-5489,0,0
156.98,4,13034.5,627.39,0.02,13076.72,51.2,0.31,-0.94,-1.0,0.5,0.0,1.0,1,3933,322.0,0.95,0.01,-1.11,-35.28,684,110,2499,-0.0206,0.001,0.625,0.525,-46.87,39.7,371,1811,-2187,0,0,4647,0.0125,0.001,0.289,0.189,-36.88,29.71,370,2148,-4615,0,0,3486,-0.0108,-0.001,0.189,0.089,-7.24,0.08,381,3289,-2421,0,0,6295,0.0222,0.0,0.155,0.055,-6.79,-0.37,367,3937,-5393,0,0
157.0,4,13034.8,627.19,0.02,13076.92,51.3,0.31,-0.92,-1.0,0.5,0.0,1.0,1,3944,322.1,0.96,0.0,-1.12,-34.76,686,111,2498,-0.0206,-0.001,0.624,0.524,-46.89,39.73,372,1809,-2187,0,0,4638,0.0124,-0.007,0.286,0.186,-36.87,29.71,371,2150,-4604,0,0,3484,-0.0108,-0.001,0.244,0.144,-7.13,-0.03,370,3311,-2388,0,0,6283,0.0221,-0.007,0.103,0.003,-6.65,-0.51,380,3821,-5396,0,0
157.02,4,13035.1,626.99,0.02,13077.12,51.5,0.31,-0.93,-1.0,0.5,0.0,1.0,1,3949,322.1,0.96,0.0,-1.11,-34.18,692,112,2494,-0.0206,-0.002,0.62,0.52,-46.9,39.73,372,1796,-2192,0,0,4637,0.0123,-0.001,0.286,0.186,-36.89,29.72,372,2130,-4611,0,0,3494,-0.0107,0.006,0.183,0.083,-6.96,-0.2,382,3290,-2417,0,0,6296,0.0222,0.008,0.152,0.052,-6.56,-0.6,368,3937,-5331,0,0
157.04,4,13035.3,626.78,0.02,13077.32,51.7,0.31,-0.92,-1.0,0.5,0.0,1.0,1,3957,322.1,0.96,0.0,-1.11,-33.6,697,113,2494,-0.0206,0.0,0.62,0.52,-46.91,39.75,375,1792,-2194,0,0,4625,0.0122,-0.009,0.29,0.19,-36.89,29.73,374,2129,-4598,0,0,3506,-0.0106,0.007,0.233,0.133,-6.84,-0.33,370,3322,-2395,0,0,6293,0.0222,-0.002,0.096,-0.004,-6.43,-0.73,380,3781,-5356,0,0
157.06,4,13035.6,626.57,0.02,13077.52,51.9,0.31,-0.92,-1.0,0.5,0.0,1.0,1,3966,322.1,0.96,0.01,-1.11,-33.08,702,114,2498,-0.0206,0.003,0.619,0.519,-46.97,39.8,375,1791,-2200,0,0,4623,0.0121,-0.002,0.29,0.19,-36.89,29.73,374,2124,-4598,0,0,3511,-0.0105,0.003,0.175,0.075,-6.68,-0.48,383,3301,-2414,0,0,6289,0.0222,-0.002,0.148,0.048,-6.3,-0.86,369,3903,-5264,0,0
157.08,4,13035.9,626.36,0.02,13077.71,52.1,0.3,-0.92,-1.0,0.5,0.0,1.0,1,3976,322.1,0.96,0.01,-1.1,-32.75,707,114,2513,-0.0203,0.011,0.607,0.507,-46.84,39.68,375,1791,-2219,0,0,4637,0.0123,0.01,0.283,0.183,-36.83,29.67,374,2120,-4615,0,0,3501,-0.0106,-0.006,0.232,0.132,-6.55,-0.61,373,3324,-2365,0,0,6278,0.022,-0.006,0.099,-0.001,-6.17,-0.99,383,3833,-5240,0,0
157.1,4,13036.2,626.14,0.02,13077.91,52.3,0.3,-0.92,-1.0,0.5,0.0,1.0,1,3984,322.2,0.96,0.01,-1.1,-32.45,710,115,2526,-0.0201,0.01,0.604,0.504,-46.83,39.66,376,1791,-2237,0,0,4643,0.0124,0.005,0.279,0.179,-36.8,29.64,374,2106,-4628,0,0,3499,-0.0107,-0.001,0.175,0.075,-6.43,-0.73,387,3303,-2373,0,0,6267,0.0219,-0.006,0.149,0.049,-6.04,-1.12,372,3911,-5155,0,0
157.12,4,13036.5,625.93,0.01,13078.1,52.4,0.31,-0.92,-1.0,0.5,0.0,1.0,1,3992,322.2,0.96,0.01,-1.09,-32.05,714,116,2532,-0.02,0.005,0.6,0.5,-46.78,39.62,377,1785,-2249,0,0,4643,0.0124,0.0,0.281,0.181,-36.76,29.6,376,2089,-4635,0,0,3515,-0.0105,0.009,0.225,0.125,-6.35,-0.81,375,3335,-2358,0,0,6275,0.022,0.005,0.094,-0.006,-5.94,-1.22,384,3808,-5160,0,0
157.14,4,13036.8,625.7,0.01,13078.29,52.6,0.3,-0.92,-1.0,1.0,0.0,1.0,1,3997,322.2,0.96,0.01,-1.09,-31.66,720,117,2548,-0.0198,0.012,0.598,0.498,-46.76,39.6,378,1789,-2267,0,0,4644,0.0124,0.001,0.28,0.18,-36.72,29.56,377,2075,-4641,0,0,3540,-0.0102,0.015,0.165,0.065,-6.15,-1.01,386,3320,-2396,0,0,6281,0.0221,0.003,0.143,0.043,-5.81,-1.35,373,3899,-5086,0,0
157.16,4,13037.1,625.48,0.01,13078.48,52.8,0.3,-0.91,-1.0,0.5,0.0,1.0,1,4041,725.5,1.48,0.0,-1.09,-31.25,725,118,2553,-0.0197,0.004,0.595,0.495,-46.69,39.53,397,1788,-2274,0,0,4641,0.0124,-0.003,0.281,0.181,-36.68,29.52,397,2084,-4634,0,0,3556,-0.01,0.01,0.217,0.117,-5.97,-1.19,434,3370,-2355,0,0,6287,0.0221,0.004,0.088,-0.012,-5.66,-1.5,452,3751,-5087,0,0
157.18,4,13037.4,625.25,0.01,13078.66,53.1,0.46,-0.83,-1.0,0.5,0.0,1.0,1,4233,322.8,0.99,-0.01,-1.1,-32.02,731,119,2541,-0.0199,-0.009,0.68,0.58,-46.61,39.45,402,1928,-2160,0,0,4637,0.0123,-0.003,0.343,0.243,-36.69,29.53,400,2479,-4459,0,0,3563,-0.0099,0.004,0.217,0.117,-6.02,-1.14,407,3839,-1762,0,0,6304,0.0223,0.01,0.178,0.078,-5.7,-1.46,386,5634,-4057,0,0
157.2,4,13037.7,625.02,0.01,13078.85,53.4,0.42,-0.87,-1.0,0.5,0.0,1.0,1,4056,322.4,0.97,-0.02,-1.09,-32.21,739,120,2527,-0.0201,-0.011,0.592,0.492,-46.64,39.48,383,1813,-2224,0,0,4636,0.0123,-0.001,0.276,0.176,-36.62,29.46,382,2171,-4595,0,0,3584,-0.0097,0.012,0.219,0.119,-6.03,-1.13,380,3535,-2220,0,0,6342,0.0228,0.022,0.089,-0.011,-5.7,-1.46,389,4150,-4973,0,0
157.22,4,13038.0,624.78,0.01,13079.03,53.6,0.32,-0.91,-1.0,1.0,0.0,1.0,1,4045,322.3,0.97,-0.02,-1.09,-31.69,745,121,2526,-0.0201,-0.001,0.587,0.487,-46.6,39.44,384,1755,-2261,0,0,4628,0.0122,-0.006,0.273,0.173,-36.62,29.46,382,2043,-4637,0,0,3612,-0.0093,0.016,0.155,0.055,-5.89,-1.27,390,3356,-2436,0,0,6360,0.023,0.01,0.135,0.035,-5.58,-1.58,378,3791,-5088,0,0
157.24,4,13038.3,624.54,0.01,13079.21,53.7,0.3,-0.9,-1.0,0.5,0.0,1.0,1,4102,732.7,1.49,-0.02,-1.08,-31.18,751,122,2521,-0.0202,-0.004,0.588,0.488,-46.59,39.43,403,1753,-2256,0,0,4614,0.012,-0.011,0.277,0.177,-36.58,29.42,403,2046,-4620,0,0,3628,-0.0091,0.01,0.21,0.11,-5.76,-1.4,440,3426,-2379,0,0,6365,0.023,0.003,0.086,-0.014,-5.46,-1.7,458,3795,-5044,0,0
157.26,4,13038.6,624.3,0.01,13079.39,54.0,0.46,-0.82,-1.0,0.5,0.0,1.0,1,4293,323.0,1.0,-0.03,-1.08,-31.97,756,123,2523,-0.0202,0.001,0.67,0.57,-46.53,39.37,409,1906,-2152,0,0,4598,0.0117,-0.012,0.342,0.242,-36.6,29.44,407,2444,-4431,0,0,3638,-0.009,0.006,0.208,0.108,-5.8,-1.36,412,3912,-1790,0,0,6352,0.0229,-0.008,0.171,0.071,-5.49,-1.67,391,5646,-4053,0,0
157.28,4,13038.9,624.06,0.01,13079.57,54.3,0.42,-0.86,-1.0,0.5,0.0,1.0,1,4116,322.5,0.98,-0.04,-1.08,-32.16,764,125,2520,-0.0202,-0.002,0.588,0.488,-46.52,39.35,390,1796,-2226,0,0,4593,0.0117,-0.004,0.271,0.171,-36.52,29.36,389,2138,-4561,0,0,3660,-0.0088,0.013,0.212,0.112,-5.8,-1.36,385,3591,-2259,0,0,6371,0.0231,0.011,0.086,-0.014,-5.49,-1.68,395,4098,-4928,0,0
157.3,4,13039.2,623.81,0.01,13079.74,54.5,0.32,-0.9,-1.0,1.0,0.0,1.0,1,4113,322.5,0.98,-0.04,-1.09,-31.58,770,125,2509,-0.0204,-0.008,0.579,0.479,-46.53,39.37,389,1740,-2249,0,0,4582,0.0115,-0.008,0.267,0.167,-36.54,29.38,389,2018,-4596,0,0,3682,-0.0085,0.013,0.157,0.057,-5.71,-1.45,398,3436,-2440,0,0,6392,0.0234,0.013,0.136,0.036,-5.39,-1.77,385,3848,-5008,0,0
157.32,4,13039.5,623.56,0.01,13079.91,54.7,0.32,-0.89,-1.0,0.5,0.0,1.0,1,4213,755.8,1.53,-0.04,-1.09,-31.21,776,126,2498,-0.0206,-0.009,0.587,0.487,-46.54,39.38,411,1751,-2227,0,0,4583,0.0115,0.001,0.278,0.178,-36.52,29.36,410,2080,-4573,0,0,3676,-0.0086,-0.004,0.201,0.101,-5.66,-1.5,442,3687,-2165,0,0,6402,0.0235,0.006,0.069,-0.031,-5.31,-1.85,459,4345,-4805,0,0
157.34,4,13039.8,623.31,0.01,13080.08,55.0,0.5,-0.8,-1.0,1.0,0.0,1.0,1,4358,331.1,1.02,-0.04,-1.07,-32.28,786,128,2497,-0.0206,-0.001,0.659,0.559,-46.52,39.36,429,1909,-2115,0,0,4582,0.0115,0.0,0.33,0.23,-36.53,29.37,428,2499,-4388,0,0,3673,-0.0086,-0.001,0.166,0.066,-5.74,-1.42,471,3983,-1740,0,0,6401,0.0235,-0.001,0.138,0.038,-5.45,-1.71,446,5826,-3936,0,0
157.36,4,13040.1,623.05,0.01,13080.25,55.4,0.5,-0.8,-1.0,0.5,0.0,1.0,1,4462,778.4,1.57,-0.06,-1.05,-33.07,792,129,2501,-0.0205,0.003,0.675,0.575,-46.54,39.38,437,1907,-2121,0,0,4552,0.011,-0.023,0.345,0.245,-36.54,29.37,436,2460,-4372,0,0,3694,-0.0084,0.012,0.276,0.176,-5.92,-1.24,474,3988,-1786,0,0,6377,0.0232,-0.014,0.135,0.035,-5.6,-1.57,488,5681,-4066,0,0
157.38,4,13040.4,622.79,0.01,13080.42,55.7,0.56,-0.77,-1.0,0.5,0.0,1.0,1,4343,328.8,1.01,-0.07,-1.04,-34.14,803,131,2495,-0.0206,-0.004,0.676,0.576,-46.56,39.4,432,1960,-2072,0,0,4519,0.0105,-0.026,0.325,0.225,-36.56,29.4,425,2534,-4296,0,0,3740,-0.0078,0.027,0.186,0.086,-6.09,-1.07,444,4032,-1823,0,0,6387,0.0233,0.006,0.112,0.012,-5.75,-1.41,440,5756,-4047,0,0
157.4,4,13040.7,622.52,0.01,13080.58,56.0,0.45,-0.85,-1.0,1.0,0.0,1.0,1,4215,323.9,1.0,-0.08,-1.03,-34.09,810,132,2491,-0.0207,-0.004,0.559,0.459,-46.67,39.51,409,1807,-2180,0,0,4479,0.0099,-0.031,0.246,0.146,-36.65,29.49,409,2149,-4429,0,0,3783,-0.0073,0.025,0.094,-0.006,-6.11,-1.05,416,3600,-2471,0,0,6383,0.0233,-0.002,-0.012,-0.088,-5.84,-1.32,437,3699,-5207,0,0
157.42,4,13041.0,622.26,0.01,13080.75,56.2,0.34,-0.89,-1.0,0.5,0.0,1.0,1,4386,762.7,1.54,-0.09,-1.04,-33.17,816,133,2467,-0.021,-0.018,0.617,0.517,-46.74,39.58,410,1750,-2187,0,0,4449,0.0094,-0.023,0.296,0.196,-36.72,29.56,409,2049,-4436,0,0,3818,-0.0069,0.021,0.209,0.109,-5.99,-1.18,431,3695,-2422,0,0,6410,0.0236,0.016,0.182,0.082,-5.68,-1.48,416,4631,-4837,0,0
157.44,4,13041.3,621.99,0.01,13080.91,56.5,0.48,-0.83,-1.0,0.0,1.0,1.0,1,4424,334.4,1.03,-0.09,-1.04,-33.52,825,135,2455,-0.0212,-0.01,0.63,0.53,-46.78,39.62,427,1856,-2095,0,0,4445,0.0094,-0.003,0.304,0.204,-36.81,29.65,425,2355,-4298,0,0,3823,-0.0068,0.003,0.129,0.029,-6.07,-1.09,433,3981,-2078,0,0,6427,0.0238,0.01,0.012,-0.088,-5.76,-1.41,454,5118,-4586,0,0
157.46,4,13041.7,621.71,0.01,13081.07,56.8,0.45,-0.81,-1.0,0.0,1.0,1.0,1,3985,34.2,0.46,-0.09,-1.03,-33.82,836,136,2447,-0.0213,-0.006,0.379,0.279,-46.9,39.73,359,1469,-2329,1755,1,4441,0.0093,-0.003,-0.038,-0.062,-36.84,29.68,292,1151,-4701,5850,0,3821,-0.0069,-0.002,0.168,0.068,-6.21,-0.96,468,4039,-1991,945,1,6429,0.0238,0.001,0.106,0.006,-5.91,-1.25,432,5165,-4596,3150,0
157.48,4,13042.0,621.44,0.01,13081.22,56.9,0.1,-0.81,-1.0,0.0,1.0,1.0,1,3273,-170.9,0.2,-0.07,-1.03,-31.79,838,136,2446,-0.0214,-0.001,0.105,0.005,-47.11,39.94,261,835,-2578,5850,0,4427,0.0091,-0.011,-0.225,0.125,-37.11,29.95,259,-996,-4716,1755,1,3808,-0.007,-0.007,-0.104,0.004,-6.11,-1.05,368,1120,-3575,3150,0,6400,0.0235,-0.017,-0.096,-0.004,-5.75,-1.41,358,-1439,-5661,3150,0
157.5,4,13042.3,621.17,0.01,13081.37,56.3,-0.71,-0.76,-1.0,0.5,0.0,0.96,1,2808,-146.2,0.2,-0.01,-1.01,-28.66,826,134,2477,-0.0209,0.024,-0.294,0.194,-47.41,40.25,190,-527,-2679,1755,1,4454,0.0095,0.021,-0.261,0.161,-37.49,30.33,241,-1586,-4600,1755,1,3765,-0.0075,-0.025,-0.178,0.078,-5.83,-1.33,358,-2742,-3035,945,1,6351,0.0229,-0.028,-0.156,0.056,-5.56,-1.6,351,-5413,-4287,945,1
157.52,4,13042.6,620.9,0.01,13081.52,55.7,-0.94,-0.67,-1.0,1.0,0.0,0.93,1,2996,197.5,0.63,0.09,-0.98,-26.3,815,131,2598,-0.019,0.094,-0.087,-0.013,-47.66,40.5,229,-561,-2804,0,0,4542,0.0109,0.067,-0.083,-0.017,-37.6,30.44,285,-1134,-4805,0,0,3668,-0.0087,-0.057,-0.093,-0.007,-5.68,-1.48,331,-2921,-2797,0,0,6210,0.0212,-0.083,-0.121,0.021,-5.43,-1.74,317,-5654,-3877,0,0
157.54,4,13042.9,620.63,0.01,13081.67,55.0,-0.85,-0.75,-1.0,1.0,0.0,1.0,1,3395,467.1,1.13,0.21,-0.94,-24.8,808,128,2802,-0.0159,0.156,0.159,0.059,-47.81,40.65,305,201,-3060,0,0,4675,0.0129,0.102,0.043,-0.057,-37.72,30.56,334,-40,-5053,0,0,3513,-0.0105,-0.091,-0.013,-0.087,-5.62,-1.54,399,-1363,-3141,0,0,5963,0.0183,-0.145,-0.059,-0.041,-5.3,-1.87,405,-3622,-4689,0,0
157.56,4,13043.2,620.36,0.02,13081.8,54.8,-0.3,-0.91,-1.0,1.0,0.0,1.0,1,3877,900.4,1.72,0.31,-0.94,-24.18,811,127,3030,-0.0124,0.176,0.391,0.291,-47.59,40.43,359,1274,-3091,0,0,4837,0.0154,0.125,0.152,0.052,-37.53,30.37,364,1019,-5129,0,0,3305,-0.0129,-0.123,0.042,-0.058,-5.25,-1.91,427,2350,-2609,0,0,5667,0.0148,-0.174,0.03,-0.07,-5.06,-2.1,408,1792,-4723,0,0
157.58,4,13043.5,620.09,0.02,13081.94,54.9,0.21,-0.86,-1.0,0.5,0.0,1.0,1,4456,970.1,1.83,0.38,-0.96,-26.13,821,127,3187,-0.01,0.121,0.635,0.535,-47.27,40.11,420,2102,-2885,0,0,4992,0.0178,0.119,0.32,0.22,-37.24,30.08,421,2148,-4988,0,0,3073,-0.0157,-0.136,0.334,0.234,-5.24,-1.92,495,3455,-1270,0,0,5433,0.0121,-0.138,0.207,0.107,-5.01,-2.15,507,5401,-2930,0,0
157.6,4,13043.8,619.81,0.02,13082.08,55.2,0.43,-0.75,-1.0,0.5,0.0,1.0,1,4604,562.5,1.32,0.4,-0.98,-30.0,829,129,3249,-0.009,0.048,0.705,0.605,-46.96,39.8,434,2499,-2693,0,0,5095,0.0194,0.08,0.369,0.269,-36.91,29.74,433,2892,-4774,0,0,2880,-0.0179,-0.114,0.334,0.234,-5.69,-1.48,492,3374,-890,0,0,5294,0.0104,-0.082,0.243,0.143,-5.38,-1.78,493,5842,-1988,0,0
157.62,4,13044.1,619.53,0.02,13082.21,55.5,0.45,-0.73,-1.0,0.5,0.0,1.0,1,4479,332.2,1.02,0.37,-0.99,-33.45,833,130,3235,-0.0092,-0.011,0.676,0.576,-46.82,39.66,417,2478,-2690,0,0,5124,0.0198,0.022,0.341,0.241,-36.8,29.64,416,2832,-4839,0,0,2784,-0.0191,-0.057,0.255,0.155,-6.19,-0.97,442,3154,-1152,0,0,5254,0.01,-0.023,0.207,0.107,-5.84,-1.32,419,5334,-2804,0,0
157.64,4,13044.4,619.25,0.02,13082.34,55.7,0.39,-0.82,-1.0,0.5,0.0,1.0,1,4305,322.9,1.0,0.32,-1.01,-35.11,834,131,3170,-0.0102,-0.05,0.621,0.521,-46.8,39.64,405,2314,-2725,0,0,5077,0.0191,-0.036,0.296,0.196,-36.79,29.63,404,2517,-4936,0,0,2811,-0.0188,0.016,0.244,0.144,-6.5,-0.66,409,2916,-1633,0,0,5305,0.0106,0.03,0.106,0.006,-6.1,-1.06,416,4000,-4070,0,0
157.66,4,13044.7,618.97,0.02,13082.47,55.9,0.31,-0.89,-1.0,0.5,0.0,1.0,1,4268,322.8,0.99,0.25,-1.03,-35.51,832,132,3066,-0.0118,-0.08,0.593,0.493,-46.86,39.7,399,2144,-2706,0,0,4997,0.0179,-0.061,0.271,0.171,-36.83,29.66,399,2234,-4966,0,0,2901,-0.0177,0.053,0.187,0.087,-6.57,-0.59,421,2855,-1879,0,0,5426,0.012,0.071,0.152,0.052,-6.2,-0.96,405,3727,-4381,0,0
157.68,4,13045.1,618.68,0.02,13082.6,56.1,0.3,-0.91,-1.0,0.5,0.0,1.0,1,4277,322.9,0.99,0.17,-1.07,-35.38,828,133,2930,-0.0139,-0.105,0.597,0.497,-46.92,39.76,402,2041,-2597,0,0,4907,0.0165,-0.069,0.273,0.173,-36.89,29.72,401,2159,-4896,0,0,3017,-0.0163,0.069,0.234,0.134,-6.63,-0.53,409,2934,-1993,0,0,5603,0.0141,0.104,0.102,0.002,-6.25,-0.91,418,3594,-4648,0,0
157.7,4,13045.4,618.4,0.02,13082.72,56.3,0.31,-0.92,-1.0,0.5,0.0,1.0,1,4284,322.9,1.0,0.09,-1.1,-34.89,828,134,2778,-0.0163,-0.117,0.599,0.499,-46.94,39.78,403,1939,-2467,0,0,4824,0.0152,-0.064,0.276,0.176,-36.96,29.8,403,2134,-4815,0,0,3157,-0.0147,0.082,0.177,0.077,-6.55,-0.61,420,3005,-2141,0,0,5833,0.0168,0.135,0.146,0.046,-6.19,-0.97,405,3774,-4797,0,0
157.72,4,13045.7,618.11,0.02,13082.84,56.5,0.31,-0.92,-1.0,0.5,0.0,1.0,1,4296,322.9,1.0,0.03,-1.13,-34.15,832,135,2631,-0.0185,-0.113,0.602,0.502,-47.03,39.87,406,1849,-2335,0,0,4744,0.014,-0.061,0.284,0.184,-37.01,29.85,406,2136,-4726,0,0,3283,-0.0132,0.075,0.224,0.124,-6.51,-0.65,408,3125,-2217,0,0,6047,0.0193,0.126,0.095,-0.005,-6.14,-1.02,417,3696,-5029,0,0
157.74,4,13046.0,617.81,0.02,13082.95,56.6,0.32,-0.91,-1.0,0.0,1.0,1.0,1,4313,322.9,1.0,-0.03,-1.16,-33.28,832,135,2494,-0.0206,-0.105,0.613,0.513,-47.11,39.95,409,1771,-2207,0,0,4671,0.0129,-0.057,0.289,0.189,-37.08,29.92,408,2148,-4640,0,0,3372,-0.0122,0.052,0.167,0.067,-6.35,-0.81,420,3158,-2312,0,0,6218,0.0213,0.101,0.141,0.041,-6.05,-1.11,405,3882,-5102,0,0
157.76,4,13046.3,617.52,0.02,13083.07,56.7,0.17,-0.93,-1.0,0.0,1.0,1.0,1,3629,39.0,0.44,-0.06,-1.18,-31.4,833,136,2371,-0.0225,-0.094,0.335,0.235,-47.25,40.09,345,1297,-2323,1755,1,4606,0.0119,-0.05,-0.18,0.08,-37.28,30.11,272,320,-4978,1755,1,3456,-0.0112,0.049,0.108,0.008,-6.18,-0.98,408,2535,-2848,3150,0,6378,0.0232,0.094,0.008,-0.092,-5.91,-1.25,427,1524,-5731,3150,0
157.78,4,13046.6,617.23,0.02,13083.18,56.5,-0.34,-0.86,-1.0,0.0,1.0,0.99,1,2974,-154.9,0.2,-0.06,-1.19,-27.72,824,135,2294,-0.0237,-0.059,-0.197,0.097,-47.5,40.34,214,196,-2521,1755,1,4565,0.0112,-0.032,-0.197,0.097,-37.6,30.43,262,-1276,-4798,1755,1,3505,-0.0106,0.029,-0.115,0.015,-5.76,-1.4,373,-1517,-3175,3150,0,6474,0.0243,0.057,-0.06,-0.04,-5.52,-1.64,367,-3855,-5209,3150,0
157.8,4,13046.9,616.94,0.02,13083.28,55.8,-0.88,-0.68,-1.0,0.5,0.0,0.91,1,2664,-138.4,0.2,0.0,-1.15,-24.45,810,131,2305,-0.0235,0.008,-0.355,0.255,-47.81,40.65,172,-737,-2446,1755,1,4585,0.0115,0.016,-0.32,0.22,-37.75,30.58,220,-2001,-4599,1755,1,3496,-0.0107,-0.005,-0.218,0.118,-5.51,-1.65,345,-3052,-2490,945,1,6478,0.0244,0.002,-0.147,0.047,-5.31,-1.85,343,-5800,-4081,945,1
157.82,4,13047.2,616.65,0.02,13083.39,55.1,-1.0,-0.59,-1.0,1.0,0.0,0.84,1,2875,195.5,0.62,0.1,-1.08,-22.14,796,128,2451,-0.0213,0.112,-0.09,-0.01,-48.15,40.99,225,-631,-2630,0,0,4662,0.0127,0.059,-0.091,-0.009,-38.03,30.86,278,-1338,-4882,0,0,3438,-0.0114,-0.034,-0.16,0.06,-5.35,-1.82,307,-3220,-2249,0,0,6330,0.0226,-0.087,-0.141,0.041,-5.13,-2.03,308,-6141,-3501,0,0
157.84,4,13047.5,616.36,0.02,13083.49,54.4,-0.96,-0.65,-1.0,1.0,0.0,0.94,1,3087,430.6,1.09,0.22,-0.99,-21.15,787,125,2698,-0.0175,0.19,0.055,-0.045,-48.17,41.01,275,-79,-2954,0,0,4766,0.0143,0.08,-0.011,-0.089,-38.08,30.91,311,-366,-5131,0,0,3352,-0.0124,-0.051,-0.099,-0.001,-5.32,-1.84,367,-3004,-2293,0,0,6057,0.0194,-0.161,-0.135,0.035,-5.07,-2.09,374,-5705,-3539,0,0
157.86,4,13047.8,616.08,0.02,13083.58,53.9,-0.58,-0.84,-1.0,1.0,0.0,1.0,1,3672,870.0,1.67,0.33,-0.93,-20.48,786,123,2990,-0.013,0.225,0.314,0.214,-47.99,40.82,335,888,-3159,0,0,4890,0.0162,0.095,0.113,0.013,-37.88,30.72,346,611,-5237,0,0,3222,-0.0139,-0.076,0.03,-0.07,-4.98,-2.18,421,1174,-2753,0,0,5706,0.0153,-0.206,0.035,-0.065,-4.86,-2.3,404,677,-4726,0,0
157.88,4,13048.1,615.8,0.02,13083.67,54.0,0.15,-0.85,-1.0,0.5,0.0,1.0,1,4256,957.7,1.81,0.41,-0.89,-22.32,796,123,3233,-0.0093,0.187,0.551,0.451,-47.6,40.44,391,1977,-3013,0,0,5014,0.0181,0.095,0.263,0.163,-37.49,30.33,392,1922,-5089,0,0,3049,-0.016,-0.102,0.182,0.082,-5.14,-2.03,434,3292,-1493,0,0,5378,0.0114,-0.193,0.074,-0.026,-4.71,-2.45,448,5102,-3096,0,0
157.9,4,13048.4,615.51,0.02,13083.76,54.3,0.39,-0.76,-1.0,0.5,0.0,1.0,1,4511,562.2,1.31,0.43,-0.87,-26.18,803,124,3372,-0.0071,0.106,0.689,0.589,-47.17,40.01,424,2518,-2843,0,0,5075,0.0191,0.046,0.368,0.268,-37.2,30.03,422,2799,-4796,0,0,2921,-0.0175,-0.076,0.32,0.22,-5.2,-1.97,487,3423,-883,0,0,5148,0.0087,-0.135,0.257,0.157,-5.02,-2.15,482,5707,-1878,0,0
157.92,4,13048.7,615.22,0.02,13083.85,54.6,0.44,-0.74,-1.0,0.5,0.0,1.0,1,4316,328.7,1.01,0.41,-0.87,-29.88,807,126,3412,-0.0065,0.031,0.631,0.531,-46.87,39.71,416,2539,-2883,0,0,5083,0.0192,0.006,0.311,0.211,-36.81,29.65,417,2717,-4848,0,0,2874,-0.018,-0.028,0.249,0.149,-5.75,-1.42,458,3269,-1139,0,0,5058,0.0077,-0.052,0.105,0.005,-5.34,-1.83,471,5117,-2684,0,0
157.94,4,13049.1,614.93,0.02,13083.94,54.8,0.39,-0.81,-1.0,1.0,0.0,1.0,1,4131,322.7,0.99,0.36,-0.88,-31.76,808,127,3372,-0.0071,-0.031,0.574,0.474,-46.77,39.61,406,2392,-2934,0,0,5039,0.0185,-0.034,0.267,0.167,-36.7,29.54,404,2400,-4944,0,0,2912,-0.0176,0.022,0.119,0.019,-5.9,-1.26,455,2931,-1761,0,0,5093,0.0081,0.02,0.102,0.002,-5.66,-1.5,434,3826,-3811,0,0
157.96,4,13049.4,614.63,0.02,13084.02,55.0,0.31,-0.88,-1.0,1.0,0.0,1.0,1,4257,763.6,1.54,0.29,-0.91,-32.46,807,128,3284,-0.0085,-0.068,0.549,0.449,-46.68,39.52,400,2247,-2918,0,0,4966,0.0174,-0.056,0.246,0.146,-36.65,29.49,401,2182,-4953,0,0,3005,-0.0165,0.054,0.156,0.056,-5.89,-1.27,433,3041,-1797,0,0,5205,0.0094,0.066,0.044,-0.056,-5.66,-1.51,451,3887,-3928,0,0
157.98,4,13049.7,614.33,0.02,13084.1,55.3,0.47,-0.79,-1.0,0.5,0.0,1.0,1,4839,997.1,1.91,0.21,-0.95,-34.15,811,129,3137,-0.0107,-0.113,0.749,0.649,-46.59,39.43,455,2426,-2597,0,0,4891,0.0162,-0.058,0.398,0.298,-36.6,29.44,455,2769,-4606,0,0,3113,-0.0152,0.064,0.399,0.299,-6.15,-1.01,554,3605,-1056,0,0,5407,0.0118,0.119,0.338,0.238,-5.8,-1.36,530,5824,-2335,0,0
158.0,4,13050.0,614.03,0.02,13084.17,55.7,0.64,-0.67,-1.0,0.5,0.0,1.0,1,5022,562.2,1.39,0.11,-0.97,-37.15,818,131,2959,-0.0135,-0.137,0.856,0.756,-46.64,39.48,478,2563,-2221,0,0,4787,0.0146,-0.08,0.468,0.368,-36.6,29.44,474,3315,-4156,0,0,3237,-0.0137,0.073,0.449,0.349,-6.65,-0.51,534,3814,-873,0,0,5626,0.0144,0.129,0.315,0.215,-6.29,-0.88,533,6295,-1869,0,0
158.02,4,13050.3,613.73,0.02,13084.25,56.2,0.69,-0.67,-1.0,0.0,1.0,1.0,1,4950,334.8,1.08,0.0,-0.98,-39.82,825,133,2765,-0.0165,-0.15,0.857,0.757,-46.74,39.58,485,2431,-2051,0,0,4632,0.0123,-0.119,0.46,0.36,-36.72,29.56,481,3254,-4002,0,0,3399,-0.0118,0.095,0.375,0.275,-7.28,0.12,522,3917,-1173,0,0,5841,0.0169,0.126,0.252,0.152,-6.77,-0.39,537,6277,-2512,0,0
158.04,4,13050.6,613.42,0.02,13084.32,56.6,0.63,-0.71,-1.0,0.0,1.0,1.0,1,4457,27.4,0.48,-0.1,-0.97,-41.39,829,135,2565,-0.0195,-0.154,0.499,0.399,-46.96,39.79,388,1845,-2252,1755,1,4446,0.0094,-0.143,0.186,0.086,-37.0,29.84,387,2015,-4445,1755,1,3585,-0.0096,0.109,0.343,0.243,-7.79,0.63,499,4064,-1391,945,1,6045,0.0193,0.12,0.183,0.083,-7.22,0.06,509,6165,-3180,945,1
158.06,4,13050.9,613.11,0.02,13084.39,56.9,0.49,-0.74,-1.0,0.0,1.0,1.0,1,3775,-193.8,0.2,-0.19,-0.96,-41.26,834,137,2378,-0.0224,-0.144,0.315,0.215,-47.28,40.12,339,1241,-2356,1755,1,4247,0.0063,-0.153,-0.179,0.079,-37.25,30.09,277,-35,-4621,1755,1,3781,-0.0073,0.115,0.152,0.052,-8.04,0.88,459,3768,-2380,945,1,6225,0.0214,0.106,0.075,-0.025,-7.51,0.35,425,4316,-5230,3150,0
158.08,4,13051.2,612.81,0.02,13084.46,56.8,-0.07,-0.9,-1.0,0.0,1.0,0.99,1,3103,-161.9,0.2,-0.23,-0.96,-36.98,828,136,2214,-0.0249,-0.126,-0.113,0.013,-47.77,40.61,207,454,-2406,5850,0,4062,0.0035,-0.142,-0.205,0.105,-37.86,30.69,261,-1059,-4316,1755,1,3938,-0.0055,0.092,-0.028,-0.072,-7.74,0.58,363,-328,-4151,3150,0,6353,0.0229,0.075,-0.111,0.011,-7.3,0.13,388,-2881,-5966,3150,0
158.1,4,13051.5,612.5,0.02,13084.52,56.3,-0.72,-0.79,-1.0,0.0,1.0,0.93,1,2701,-139.0,0.2,-0.21,-0.97,-32.4,812,134,2113,-0.0265,-0.078,-0.303,0.203,-48.3,41.14,184,-536,-2280,1755,1,3964,0.002,-0.075,-0.301,0.201,-38.13,30.97,228,-1673,-4034,1755,1,3984,-0.005,0.027,-0.125,0.025,-7.38,0.22,371,-2754,-3529,945,1,6404,0.0235,0.03,-0.131,0.031,-7.0,-0.16,363,-5318,-4723,945,1
158.12,4,13051.9,612.2,0.02,13084.58,55.6,-0.91,-0.61,-1.0,1.0,0.0,0.83,1,2493,-125.2,0.2,-0.12,-0.94,-28.75,796,130,2142,-0.0261,0.022,-0.389,0.289,-48.78,41.61,138,-968,-2188,1755,1,3996,0.0025,0.024,-0.371,0.271,-38.59,31.43,184,-2198,-3845,1755,1,3912,-0.0058,-0.042,-0.111,0.011,-7.24,0.08,282,-3415,-2955,3150,0,6336,0.0227,-0.04,-0.162,0.062,-6.95,-0.21,323,-5717,-4248,945,1
158.14,4,13052.2,611.9,0.02,13084.64,54.9,-1.01,-0.57,-1.0,0.5,0.0,0.76,1,2737,193.9,0.62,0.01,-0.9,-25.99,785,127,2313,-0.0234,0.132,-0.115,0.015,-49.13,41.97,229,-695,-2463,0,0,4120,0.0044,0.096,-0.129,0.029,-38.96,31.8,277,-1448,-4272,0,0,3779,-0.0074,-0.078,-0.183,0.083,-7.15,-0.01,340,-3502,-2664,0,0,6142,0.0204,-0.114,-0.219,0.119,-6.79,-0.37,330,-5953,-3656,0,0
158.16,4,13052.5,611.6,0.02,13084.7,54.2,-0.91,-0.69,-1.0,1.0,0.0,0.86,1,3112,306.3,0.86,0.16,-0.86,-24.35,778,124,2581,-0.0193,0.206,0.116,0.016,-49.26,42.1,263,-58,-2828,0,0,4300,0.0072,0.138,0.024,-0.076,-39.08,31.92,302,-363,-4650,0,0,3590,-0.0096,-0.111,-0.013,-0.087,-7.0,-0.16,351,-2600,-3094,0,0,5838,0.0169,-0.179,-0.044,-0.056,-6.72,-0.44,337,-4873,-4309,0,0
158.18,4,13052.8,611.31,0.02,13084.75,53.7,-0.64,-0.86,-1.0,1.0,0.0,0.96,1,3487,654.3,1.37,0.3,-0.85,-22.98,778,122,2875,-0.0148,0.226,0.301,0.201,-49.29,42.13,301,737,-3064,0,0,4518,0.0105,0.168,0.102,0.002,-39.04,31.88,319,385,-4870,0,0,3340,-0.0125,-0.147,0.084,-0.016,-6.68,-0.48,347,-35,-3401,0,0,5489,0.0127,-0.206,0.001,-0.099,-6.39,-0.77,368,-1982,-5145,0,0
158.2,4,13053.1,611.02,0.02,13084.79,53.6,-0.06,-0.92,-1.0,0.5,0.0,1.0,1,4077,925.6,1.76,0.41,-0.88,-23.29,785,121,3120,-0.011,0.188,0.552,0.452,-48.85,41.68,381,1738,-2997,0,0,4749,0.0141,0.178,0.258,0.158,-38.78,31.61,380,1536,-4915,0,0,3038,-0.0161,-0.178,0.177,0.077,-6.41,-0.75,465,2936,-2028,0,0,5169,0.009,-0.188,0.166,0.066,-6.15,-1.02,443,4217,-3876,0,0
158.22,4,13053.4,610.72,0.02,13084.84,53.8,0.32,-0.8,-1.0,0.5,0.0,1.0,1,4506,562.3,1.31,0.46,-0.92,-26.48,794,122,3251,-0.009,0.101,0.684,0.584,-48.44,41.28,412,2390,-2772,0,0,4936,0.0169,0.144,0.347,0.247,-38.31,31.15,413,2579,-4738,0,0,2757,-0.0194,-0.165,0.29,0.19,-6.58,-0.58,469,3154,-1083,0,0,4960,0.0065,-0.123,0.163,0.063,-6.32,-0.85,482,5259,-2405,0,0
158.24,4,13053.7,610.43,0.02,13084.88,54.0,0.38,-0.77,-1.0,1.0,0.0,1.0,1,4301,328.2,1.01,0.46,-0.97,-29.9,797,123,3276,-0.0086,0.019,0.637,0.537,-48.14,40.98,404,2451,-2762,0,0,5046,0.0186,0.084,0.308,0.208,-38.07,30.9,403,2667,-4822,0,0,2573,-0.0216,-0.108,0.165,0.065,-6.96,-0.2,459,2857,-1220,0,0,4887,0.0057,-0.043,0.104,0.004,-6.59,-0.57,431,4778,-2976,0,0
158.26,4,13054.0,610.13,0.02,13084.92,54.2,0.35,-0.82,-1.0,0.5,0.0,1.0,1,4380,766.6,1.55,0.43,-1.01,-32.29,796,124,3232,-0.0093,-0.034,0.672,0.572,-48.0,40.84,416,2393,-2747,0,0,5093,0.0194,0.036,0.334,0.234,-37.86,30.69,417,2580,-4917,0,0,2503,-0.0224,-0.041,0.323,0.223,-7.27,0.11,483,2734,-1283,0,0,4936,0.0062,0.029,0.178,0.078,-6.86,-0.3,496,4559,-3324,0,0
158.28,4,13054.3,609.83,0.02,13084.95,54.5,0.44,-0.79,-1.0,0.5,0.0,1.0,1,4343,328.6,1.01,0.36,-1.04,-34.78,797,125,3146,-0.0106,-0.066,0.684,0.584,-47.87,40.71,413,2420,-2611,0,0,5088,0.0193,-0.004,0.336,0.236,-37.82,30.66,412,2773,-4821,0,0,2544,-0.0219,0.024,0.27,0.17,-7.61,0.45,459,2833,-1203,0,0,5083,0.008,0.087,0.17,0.07,-7.14,-0.02,458,5011,-3059,0,0
158.3,4,13054.6,609.52,0.02,13084.98,54.7,0.42,-0.85,-1.0,0.5,0.0,1.0,1,4260,322.8,0.99,0.27,-1.07,-36.02,797,127,3020,-0.0125,-0.097,0.66,0.56,-47.86,40.7,399,2253,-2567,0,0,5023,0.0183,-0.05,0.314,0.214,-37.77,30.61,398,2536,-4861,0,0,2676,-0.0203,0.077,0.262,0.162,-7.84,0.68,407,2706,-1704,0,0,5295,0.0105,0.124,0.119,0.019,-7.35,0.19,414,3926,-4367,0,0
158.32,4,13054.9,609.22,0.02,13085.01,54.9,0.33,-0.93,-1.0,0.0,1.0,1.0,1,4224,322.7,0.99,0.18,-1.1,-35.86,795,127,2874,-0.0148,-0.113,0.637,0.537,-47.89,40.73,394,2075,-2499,0,0,4928,0.0168,-0.074,0.292,0.192,-37.79,30.63,394,2289,-4861,0,0,2851,-0.0183,0.103,0.201,0.101,-7.81,0.65,418,2717,-2007,0,0,5536,0.0133,0.142,0.163,0.063,-7.37,0.21,402,3671,-4808,0,0
158.34,4,13055.2,608.91,0.02,13085.04,55.0,0.23,-0.94,-1.0,0.0,1.0,1.0,1,3631,38.7,0.44,0.09,-1.14,-34.66,792,128,2711,-0.0173,-0.125,0.311,0.211,-47.99,40.83,323,1485,-2638,1755,1,4832,0.0153,-0.074,-0.135,0.035,-37.91,30.75,277,380,-5198,1755,1,3028,-0.0162,0.104,0.187,0.087,-7.71,0.55,424,2926,-2073,945,1,5801,0.0164,0.156,0.001,-0.099,-7.23,0.07,422,2556,-5497,3150,0
158.36,4,13055.5,608.61,0.02,13085.06,54.9,-0.08,-0.9,-1.0,0.0,1.0,1.0,1,3033,-155.6,0.2,0.03,-1.17,-31.34,784,127,2554,-0.0197,-0.121,-0.18,0.08,-48.35,41.18,209,528,-2759,1755,1,4746,0.014,-0.066,-0.125,0.025,-38.14,30.98,276,-1090,-5021,1755,1,3185,-0.0144,0.093,0.02,-0.08,-7.45,0.29,367,665,-3329,3150,0,6053,0.0194,0.148,-0.066,-0.034,-7.0,-0.16,391,-1885,-5852,3150,0
158.38,4,13055.8,608.31,0.02,13085.08,54.4,-0.71,-0.8,-1.0,1.0,0.0,0.91,1,2670,-132.2,0.2,0.02,-1.17,-27.12,769,125,2446,-0.0214,-0.083,-0.265,0.165,-48.6,41.44,165,-596,-2630,1755,1,4693,0.0132,-0.041,-0.271,0.171,-38.49,31.33,210,-1925,-4740,1755,1,3310,-0.0129,0.073,-0.04,-0.06,-6.92,-0.24,294,-2227,-2963,3150,0,6249,0.0217,0.115,-0.106,0.006,-6.58,-0.58,321,-5139,-4618,3150,0
158.4,4,13056.1,608.01,0.02,13085.09,53.7,-0.93,-0.69,-1.0,1.0,0.0,0.83,1,2847,194.2,0.62,0.07,-1.14,-23.76,753,122,2455,-0.0212,0.007,-0.041,-0.059,-48.92,41.76,227,-495,-2657,0,0,4709,0.0134,0.012,-0.057,-0.043,-38.95,31.79,278,-1193,-4957,0,0,3353,-0.0124,0.025,-0.049,-0.051,-6.69,-0.47,312,-2646,-2745,0,0,6301,0.0223,0.031,-0.118,0.018,-6.4,-0.76,334,-5646,-4211,0,0
158.42,4,13056.4,607.72,0.01,13085.11,53.1,-0.88,-0.75,-1.0,1.0,0.0,0.93,1,3087,432.8,1.09,0.15,-1.09,-22.03,741,119,2593,-0.0191,0.106,0.099,-0.001,-49.02,41.86,274,54,-2841,0,0,4774,0.0144,0.05,0.011,-0.089,-38.86,31.69,307,-214,-5141,0,0,3340,-0.0125,-0.008,-0.104,0.004,-6.39,-0.77,373,-2304,-2887,0,0,6192,0.021,-0.064,-0.088,-0.012,-6.11,-1.05,362,-4839,-4670,0,0
158.44,4,13056.7,607.42,0.01,13085.12,52.7,-0.49,-0.92,-1.0,1.0,0.0,1.0,1,3608,860.5,1.66,0.23,-1.06,-20.71,738,117,2791,-0.0161,0.153,0.341,0.241,-48.82,41.66,328,951,-2923,0,0,4881,0.0161,0.083,0.12,0.02,-38.71,31.55,335,736,-5208,0,0,3273,-0.0133,-0.039,0.037,-0.063,-5.96,-1.21,382,1258,-3082,0,0,6007,0.0188,-0.109,-0.029,-0.071,-5.73,-1.44,404,636,-5509,0,0
158.46,4,13057.0,607.13,0.01,13085.12,52.7,0.13,-0.92,-1.0,1.0,0.0,1.0,1,4140,940.0,1.78,0.28,-1.04,-21.72,746,117,2969,-0.0133,0.137,0.568,0.468,-48.42,41.26,381,1837,-2766,0,0,4997,0.0179,0.089,0.278,0.178,-38.44,31.28,380,1963,-5050,0,0,3167,-0.0146,-0.063,0.143,0.043,-5.71,-1.45,443,3300,-1767,0,0,5819,0.0166,-0.11,0.106,0.006,-5.49,-1.67,417,5095,-3891,0,0
158.48,4,13057.3,606.84,0.01,13085.12,53.0,0.43,-0.78,-1.0,0.5,0.0,1.0,1,4523,991.7,1.86,0.29,-1.02,-25.12,756,119,3069,-0.0118,0.077,0.759,0.659,-48.04,40.88,424,2378,-2537,0,0,5061,0.0189,0.049,0.413,0.313,-37.92,30.76,423,2927,-4708,0,0,3081,-0.0156,-0.051,0.393,0.293,-6.03,-1.14,492,3593,-977,0,0,5685,0.0151,-0.078,0.274,0.174,-5.67,-1.49,493,6227,-2186,0,0
158.5,4,13057.5,606.54,0.01,13085.12,53.3,0.55,-0.68,-1.0,0.5,0.0,1.0,1,4718,562.6,1.34,0.26,-0.99,-28.98,761,120,3091,-0.0114,0.017,0.834,0.734,-47.72,40.55,445,2609,-2373,0,0,5047,0.0186,-0.011,0.457,0.357,-37.61,30.45,441,3371,-4432,0,0,3059,-0.0158,-0.013,0.429,0.329,-6.48,-0.68,506,3607,-846,0,0,5615,0.0142,-0.041,0.31,0.21,-6.08,-1.08,505,6302,-1809,0,0
158.52,4,13057.8,606.24,0.01,13085.12,53.7,0.61,-0.7,-1.0,0.0,1.0,1.0,1,4574,335.5,1.04,0.21,-0.96,-32.06,766,122,3070,-0.0118,-0.017,0.753,0.653,-47.55,40.39,433,2562,-2385,0,0,4970,0.0175,-0.059,0.393,0.293,-37.49,30.33,431,3218,-4438,0,0,3145,-0.0148,0.051,0.229,0.129,-6.83,-0.33,466,3605,-1171,0,0,5630,0.0144,0.009,0.156,0.056,-6.52,-0.65,461,5956,-2635,0,0
158.54,4,13058.1,605.94,0.01,13085.11,54.1,0.57,-0.74,-1.0,0.0,1.0,1.0,1,4163,32.6,0.46,0.14,-0.93,-34.23,773,124,3012,-0.0127,-0.044,0.446,0.346,-47.51,40.35,356,2010,-2721,1755,1,4859,0.0158,-0.085,0.152,0.052,-37.46,30.3,355,1952,-4915,1755,1,3299,-0.013,0.09,0.305,0.205,-7.18,0.02,499,3755,-1275,945,1,5714,0.0154,0.049,0.246,0.146,-6.76,-0.4,475,5956,-2832,945,1
158.56,4,13058.4,605.64,0.01,13085.1,54.4,0.4,-0.74,-1.0,0.0,1.0,1.0,1,3543,-180.1,0.2,0.07,-0.9,-34.63,776,125,2924,-0.014,-0.068,0.242,0.142,-47.78,40.62,292,1315,-2957,1755,1,4714,0.0135,-0.112,-0.097,-0.003,-37.56,30.4,248,-544,-5069,5850,0,3472,-0.011,0.102,0.202,0.102,-7.4,0.24,424,3604,-1993,945,1,5813,0.0166,0.058,0.03,-0.07,-6.93,-0.24,373,4365,-4634,3150,0
158.58,4,13058.7,605.34,0.02,13085.09,54.2,-0.2,-0.87,-1.0,0.0,1.0,0.95,1,2780,-144.1,0.2,0.03,-0.9,-31.01,769,124,2827,-0.0155,-0.075,-0.201,0.101,-47.87,40.71,202,-65,-3092,1755,1,4564,0.0112,-0.116,-0.184,0.084,-37.81,30.65,255,-1280,-4794,1755,1,3643,-0.009,0.101,-0.08,-0.02,-7.01,-0.15,328,-832,-3698,3150,0,5914,0.0177,0.059,-0.168,0.068,-6.63,-0.53,366,-4143,-4866,945,1
158.6,4,13059.0,605.04,0.02,13085.08,53.5,-0.87,-0.72,-1.0,0.0,1.0,0.85,1,2500,-129.3,0.2,0.05,-0.9,-27.5,752,121,2753,-0.0166,-0.057,-0.353,0.253,-48.29,41.13,164,-915,-2894,1755,1,4487,0.01,-0.059,-0.325,0.225,-38.17,31.01,209,-1994,-4492,1755,1,3712,-0.0082,0.04,-0.151,0.051,-6.79,-0.37,344,-3006,-2968,945,1,5979,0.0185,0.038,-0.143,0.043,-6.49,-0.67,338,-5356,-4041,945,1
158.62,4,13059.3,604.75,0.02,13085.06,52.8,-0.98,-0.56,-1.0,1.0,0.0,0.75,1,2353,-117.1,0.2,0.11,-0.87,-24.71,733,118,2782,-0.0162,0.022,-0.412,0.312,-48.61,41.45,127,-1361,-2774,1755,1,4500,0.0102,0.01,-0.378,0.278,-38.44,31.28,173,-2540,-4261,1755,1,3677,-0.0086,-0.021,-0.1,0.0,-6.65,-0.51,273,-3379,-2595,3150,0,5924,0.0179,-0.033,-0.146,0.046,-6.28,-0.88,313,-5573,-3709,945,1
158.64,4,13059.6,604.46,0.01,13085.04,52.0,-1.05,-0.54,-1.0,1.0,0.0,0.67,1,2664,190.9,0.6,0.21,-0.83,-22.57,720,114,2921,-0.0141,0.107,-0.071,-0.029,-48.86,41.7,215,-955,-3066,0,0,4594,0.0117,0.072,-0.085,-0.015,-38.7,31.54,264,-1620,-4730,0,0,3589,-0.0096,-0.052,-0.076,-0.024,-6.43,-0.73,301,-3336,-2486,0,0,5776,0.0161,-0.087,-0.141,0.041,-6.18,-0.98,318,-5660,-3357,0,0
158.66,4,13059.9,604.18,0.01,13085.02,51.3,-0.94,-0.69,-1.0,1.0,0.0,0.77,1,2966,416.0,1.07,0.32,-0.79,-21.69,710,111,3131,-0.0108,0.161,0.095,-0.005,-48.83,41.67,263,-40,-3407,0,0,4720,0.0136,0.097,0.011,-0.089,-38.69,31.53,297,-311,-5083,0,0,3457,-0.0112,-0.078,-0.076,-0.024,-6.28,-0.88,350,-2718,-2773,0,0,5535,0.0133,-0.142,-0.117,0.017,-6.02,-1.14,355,-4890,-3787,0,0
158.68,4,13060.2,603.9,0.02,13085.0,50.9,-0.52,-0.9,-1.0,1.0,0.0,0.87,1,3604,841.2,1.62,0.42,-0.8,-21.11,708,110,3350,-0.0075,0.168,0.394,0.294,-48.56,41.4,312,1084,-3496,0,0,4875,0.016,0.119,0.172,0.072,-38.44,31.28,325,753,-5200,0,0,3269,-0.0134,-0.111,0.16,0.06,-5.98,-1.18,380,1914,-2903,0,0,5263,0.0101,-0.16,0.159,0.059,-5.68,-1.48,371,1766,-4729,0,0
158.7,4,13060.5,603.61,0.02,13084.97,51.0,0.14,-0.88,-1.0,0.5,0.0,0.97,1,4024,909.9,1.73,0.47,-0.83,-23.04,715,110,3495,-0.0052,0.112,0.604,0.504,-48.09,40.93,378,2144,-3236,0,0,5035,0.0185,0.123,0.292,0.192,-37.96,30.8,378,1952,-5097,0,0,3040,-0.0161,-0.135,0.29,0.19,-5.91,-1.25,445,3268,-1564,0,0,5053,0.0076,-0.124,0.17,0.07,-5.61,-1.56,458,4789,-3136,0,0
158.72,4,13060.8,603.33,0.02,13084.94,51.2,0.38,-0.77,-1.0,0.5,0.0,1.0,1,4284,544.2,1.27,0.48,-0.88,-26.84,722,111,3534,-0.0046,0.03,0.707,0.607,-47.62,40.46,399,2663,-2949,0,0,5137,0.02,0.078,0.371,0.271,-37.5,30.34,399,2844,-4841,0,0,2853,-0.0183,-0.11,0.342,0.242,-6.09,-1.07,466,3328,-934,0,0,4949,0.0064,-0.061,0.27,0.17,-5.8,-1.36,460,5466,-1943,0,0
158.74,4,13061.0,603.05,0.02,13084.91,51.5,0.44,-0.75,-1.0,0.5,0.0,1.0,1,4155,322.6,0.98,0.44,-0.92,-30.36,722,112,3482,-0.0054,-0.04,0.669,0.569,-47.41,40.24,380,2633,-2903,0,0,5164,0.0205,0.021,0.337,0.237,-37.33,30.17,381,2779,-4907,0,0,2755,-0.0194,-0.058,0.32,0.22,-6.51,-0.66,401,3120,-1153,0,0,4956,0.0065,0.004,0.173,0.073,-6.22,-0.94,403,5064,-2684,0,0
158.76,4,13061.3,602.76,0.02,13084.87,51.8,0.38,-0.84,-1.0,0.5,0.0,1.0,1,3978,322.2,0.96,0.37,-0.97,-32.23,721,113,3371,-0.0071,-0.085,0.614,0.514,-47.25,40.09,370,2419,-2913,0,0,5139,0.0201,-0.019,0.28,0.18,-37.05,29.89,369,2416,-5045,0,0,2772,-0.0192,0.01,0.195,0.095,-6.69,-0.47,391,2840,-1673,0,0,5085,0.008,0.076,0.162,0.062,-6.31,-0.85,374,3905,-3951,0,0
158.78,4,13061.6,602.48,0.02,13084.83,51.9,0.29,-0.91,-1.0,0.0,1.0,1.0,1,3960,322.1,0.96,0.29,-1.04,-32.72,720,114,3215,-0.0095,-0.12,0.591,0.491,-47.06,39.9,368,2228,-2841,0,0,5081,0.0192,-0.045,0.265,0.165,-36.95,29.79,367,2200,-5067,0,0,2857,-0.0182,0.05,0.25,0.15,-6.72,-0.45,378,2824,-1852,0,0,5297,0.0105,0.125,0.108,0.008,-6.29,-0.87,388,3474,-4410,0,0
158.8,4,13061.9,602.19,0.02,13084.78,52.0,0.13,-0.92,-1.0,0.0,1.0,1.0,1,3245,43.1,0.43,0.21,-1.11,-31.9,718,114,3021,-0.0125,-0.149,0.238,0.138,-46.96,39.8,293,1495,-2999,1755,1,5018,0.0182,-0.048,-0.137,0.037,-36.98,29.82,263,-41,-5404,1755,1,2946,-0.0172,0.052,0.077,-0.023,-6.5,-0.66,360,2216,-2463,3150,0,5557,0.0135,0.153,-0.04,-0.06,-6.12,-1.04,381,1009,-5169,3150,0
158.82,4,13062.2,601.91,0.02,13084.73,51.7,-0.41,-0.85,-1.0,0.0,1.0,0.94,1,2645,-136.4,0.2,0.16,-1.16,-28.86,707,113,2825,-0.0155,-0.151,-0.257,0.157,-47.19,40.02,183,-130,-3089,1755,1,4953,0.0172,-0.05,-0.199,0.099,-37.22,30.05,241,-1364,-5184,1755,1,3024,-0.0162,0.046,-0.062,-0.038,-6.16,-1.0,320,-1295,-2842,3150,0,5808,0.0165,0.147,-0.148,0.048,-5.8,-1.36,357,-4195,-4517,945,1
158.84,4,13062.5,601.63,0.02,13084.69,51.0,-0.89,-0.65,-1.0,1.0,0.0,0.84,1,2394,-120.3,0.2,0.16,-1.16,-25.68,688,110,2690,-0.0176,-0.104,-0.382,0.282,-47.53,40.37,135,-1091,-2772,1755,1,4917,0.0166,-0.028,-0.318,0.218,-37.42,30.26,191,-2292,-4851,1755,1,3059,-0.0158,0.02,-0.092,-0.008,-5.89,-1.27,290,-2595,-2304,3150,0,5971,0.0184,0.096,-0.153,0.053,-5.6,-1.56,313,-5526,-3721,945,1
158.86,4,13062.8,601.35,0.02,13084.64,50.3,-0.98,-0.57,-1.0,1.0,0.0,0.74,1,2625,190.6,0.6,0.2,-1.12,-23.03,670,107,2692,-0.0176,0.002,-0.098,-0.002,-47.94,40.78,204,-835,-2849,0,0,4926,0.0168,0.007,-0.073,-0.027,-37.92,30.76,261,-1429,-5137,0,0,3064,-0.0158,0.003,-0.164,0.064,-5.71,-1.45,279,-2872,-2068,0,0,5985,0.0186,0.008,-0.145,0.045,-5.44,-1.72,283,-5822,-3397,0,0
158.88,4,13063.0,601.08,0.02,13084.58,49.6,-0.92,-0.66,-1.0,1.0,0.0,0.79,1,2905,409.4,1.06,0.27,-1.05,-22.05,655,104,2815,-0.0157,0.095,0.078,-0.022,-47.89,40.73,256,-91,-3078,0,0,4956,0.0172,0.023,0.009,-0.091,-37.79,30.63,291,-284,-5329,0,0,3065,-0.0158,0.001,-0.067,-0.033,-5.58,-1.58,352,-2411,-2374,0,0,5865,0.0172,-0.071,-0.102,0.002,-5.35,-1.81,341,-5053,-3920,0,0
158.9,4,13063.3,600.81,0.01,13084.53,49.3,-0.48,-0.86,-1.0,0.5,0.0,0.89,1,3526,826.2,1.61,0.33,-1.0,-21.38,650,102,3002,-0.0128,0.144,0.397,0.297,-47.69,40.52,308,975,-3151,0,0,5019,0.0182,0.049,0.17,0.07,-37.57,30.41,318,770,-5352,0,0,3041,-0.0161,-0.014,0.212,0.112,-5.27,-1.9,356,2105,-2449,0,0,5678,0.015,-0.109,0.115,0.015,-5.03,-2.13,369,2142,-4709,0,0
158.92,4,13063.6,600.55,0.01,13084.47,49.3,0.17,-0.86,-1.0,1.0,0.0,0.99,1,3744,502.3,1.19,0.35,-0.97,-23.14,654,103,3163,-0.0103,0.124,0.52,0.42,-47.22,40.06,352,1914,-2963,0,0,5088,0.0193,0.053,0.233,0.133,-37.13,29.97,352,1887,-5180,0,0,2996,-0.0166,-0.027,0.081,-0.019,-5.32,-1.84,396,3116,-1654,0,0,5513,0.013,-0.097,0.039,-0.061,-4.9,-2.27,370,4517,-3732,0,0
158.94,4,13063.9,600.28,0.01,13084.41,49.6,0.34,-0.83,-1.0,0.5,0.0,1.0,1,4178,925.2,1.76,0.34,-0.95,-25.66,658,104,3249,-0.009,0.066,0.672,0.572,-46.78,39.61,374,2292,-2843,0,0,5108,0.0196,0.015,0.357,0.257,-36.71,29.55,373,2492,-4979,0,0,3005,-0.0165,0.005,0.402,0.302,-5.28,-1.88,412,3437,-1122,0,0,5436,0.0121,-0.045,0.257,0.157,-4.95,-2.21,414,5664,-2578,0,0
158.96,4,13064.1,600.01,0.01,13084.34,49.9,0.52,-0.73,-1.0,0.5,0.0,1.0,1,4137,532.1,1.25,0.3,-0.93,-28.94,665,105,3259,-0.0089,0.008,0.691,0.591,-46.45,39.29,393,2522,-2689,0,0,5080,0.0192,-0.021,0.359,0.259,-36.5,29.33,391,2925,-4742,0,0,3069,-0.0157,0.038,0.313,0.213,-5.54,-1.62,446,3582,-957,0,0,5450,0.0123,0.009,0.235,0.135,-5.22,-1.95,433,5962,-2114,0,0
158.98,4,13064.4,599.74,0.01,13084.28,50.3,0.55,-0.74,-1.0,0.5,0.0,1.0,1,3971,322.4,0.97,0.24,-0.92,-31.6,672,107,3214,-0.0095,-0.034,0.646,0.546,-46.23,39.07,389,2473,-2668,0,0,5008,0.018,-0.055,0.31,0.21,-36.21,29.05,389,2763,-4745,0,0,3173,-0.0145,0.061,0.232,0.132,-5.85,-1.31,415,3549,-1354,0,0,5518,0.0131,0.04,0.075,-0.025,-5.51,-1.65,429,5220,-3300,0,0
159.0,4,13064.7,599.47,0.01,13084.2,50.6,0.45,-0.85,-1.0,0.0,1.0,1.0,1,3697,321.7,0.94,0.17,-0.93,-32.67,677,108,3126,-0.0109,-0.068,0.532,0.432,-46.09,38.93,360,2201,-2747,0,0,4897,0.0163,-0.085,0.226,0.126,-36.09,28.93,360,2222,-4866,0,0,3307,-0.0129,0.079,0.136,0.036,-5.92,-1.24,380,3307,-2001,0,0,5624,0.0143,0.062,0.042,-0.058,-5.59,-1.57,384,3696,-4391,0,0
159.02,4,13065.0,599.2,0.01,13084.13,50.6,0.09,-0.91,-1.0,0.0,1.0,1.0,1,3047,44.8,0.42,0.11,-0.95,-31.2,675,108,2989,-0.013,-0.106,0.156,0.056,-46.09,38.92,271,1336,-3027,1755,1,4777,0.0145,-0.093,-0.222,0.122,-36.09,28.93,235,-428,-5153,1755,1,3434,-0.0114,0.075,-0.023,-0.077,-5.79,-1.37,322,1866,-2994,3150,0,5773,0.0161,0.088,-0.097,-0.003,-5.42,-1.75,349,-835,-5022,3150,0
159.04,4,13065.3,598.93,0.01,13084.05,50.1,-0.62,-0.79,-1.0,0.0,1.0,0.9,1,2495,-129.5,0.2,0.09,-0.98,-28.09,661,106,2850,-0.0152,-0.106,-0.314,0.214,-46.3,39.14,166,-380,-3102,1755,1,4681,0.013,-0.074,-0.27,0.17,-36.3,29.14,215,-1666,-4826,1755,1,3515,-0.0105,0.048,-0.19,0.09,-5.26,-1.91,318,-2491,-2775,945,1,5910,0.0177,0.08,-0.154,0.054,-4.98,-2.18,313,-5299,-3700,945,1
159.06,4,13065.5,598.66,0.02,13083.97,49.5,-0.96,-0.58,-1.0,1.0,0.0,0.8,1,2284,-115.3,0.2,0.12,-0.96,-25.17,644,103,2789,-0.0161,-0.047,-0.413,0.313,-46.62,39.45,123,-1285,-2818,1755,1,4664,0.0128,-0.013,-0.35,0.25,-36.69,29.53,174,-2477,-4492,1755,1,3509,-0.0105,-0.004,-0.083,-0.017,-5.07,-2.1,255,-3120,-2375,3150,0,5961,0.0183,0.03,-0.146,0.046,-4.84,-2.32,294,-5695,-3362,945,1
159.08,4,13065.8,598.41,0.01,13083.89,48.7,-1.03,-0.51,-1.0,0.5,0.0,0.7,1,2563,190.5,0.6,0.19,-0.91,-23.23,628,100,2863,-0.015,0.057,-0.1,0.0,-46.93,39.76,216,-914,-3019,0,0,4699,0.0133,0.027,-0.089,-0.011,-36.87,29.71,265,-1543,-4876,0,0,3465,-0.0111,-0.026,-0.149,0.049,-5.06,-2.1,316,-3300,-2163,0,0,5866,0.0172,-0.056,-0.187,0.087,-4.75,-2.41,307,-5892,-2982,0,0
159.1,4,13066.1,598.15,0.01,13083.81,48.0,-0.93,-0.66,-1.0,1.0,0.0,0.76,1,2883,299.1,0.83,0.29,-0.85,-22.55,619,97,3039,-0.0122,0.136,0.12,0.02,-46.98,39.81,245,-7,-3318,0,0,4779,0.0145,0.062,0.035,-0.065,-36.85,29.69,279,-222,-5160,0,0,3389,-0.012,-0.045,-0.019,-0.081,-4.86,-2.3,312,-2472,-2529,0,0,5664,0.0148,-0.119,-0.003,-0.097,-4.79,-2.37,313,-4785,-3671,0,0
159.12,4,13066.3,597.9,0.02,13083.73,47.7,-0.49,-0.84,-0.98,1.0,0.0,0.86,1,3309,628.6,1.34,0.38,-0.83,-22.29,616,96,3244,-0.0091,0.158,0.335,0.235,-46.6,39.44,307,972,-3418,0,0,4882,0.0161,0.079,0.134,0.034,-36.57,29.41,318,667,-5232,0,0,3258,-0.0135,-0.077,0.092,-0.008,-4.64,-2.52,390,1763,-2568,0,0,5399,0.0117,-0.156,0.1,0.0,-4.4,-2.76,376,1261,-4204,0,0
159.14,4,13066.6,597.65,0.02,13083.64,47.8,0.14,-0.84,-0.95,0.5,0.0,0.96,1,3734,878.8,1.68,0.42,-0.83,-24.39,622,96,3398,-0.0067,0.118,0.517,0.417,-45.17,38.0,353,1957,-3228,0,0,4992,0.0178,0.085,0.248,0.148,-35.38,28.21,353,1790,-5121,0,0,3091,-0.0155,-0.098,0.24,0.14,-4.59,-2.57,398,3413,-1346,0,0,5176,0.0091,-0.131,0.101,0.001,-4.27,-2.89,412,4746,-2992,0,0
159.16,4,13066.9,597.4,0.02,13083.55,48.0,0.39,-0.75,-0.92,0.5,0.0,1.0,1,4062,528.6,1.24,0.42,-0.85,-28.13,626,97,3455,-0.0059,0.044,0.573,0.473,-43.57,36.41,375,2442,-3016,0,0,5056,0.0188,0.049,0.295,0.195,-34.0,26.84,374,2571,-4905,0,0,2965,-0.0169,-0.074,0.245,0.145,-4.88,-2.28,436,3482,-857,0,0,5059,0.0077,-0.069,0.178,0.078,-4.63,-2.53,408,5548,-1938,0,0
159.18,4,13067.1,597.15,0.02,13083.46,48.3,0.46,-0.73,-0.89,1.0,0.0,1.0,1,3810,322.0,0.95,0.38,-0.88,-31.53,628,99,3420,-0.0064,-0.026,0.487,0.387,-41.79,34.63,364,2397,-3009,0,0,5058,0.0188,0.001,0.224,0.124,-32.58,25.41,365,2469,-4965,0,0,2936,-0.0173,-0.017,0.151,0.051,-5.21,-1.95,375,3329,-1154,0,0,5077,0.0079,0.01,0.014,-0.086,-5.0,-2.16,392,4873,-2894,0,0
159.2,4,13067.4,596.9,0.02,13083.36,48.6,0.47,-0.78,-0.85,0.5,0.0,1.0,1,4008,733.9,1.49,0.31,-0.91,-33.83,631,100,3325,-0.0078,-0.073,0.475,0.375,-39.98,32.82,375,2282,-2969,0,0,5013,0.0181,-0.034,0.227,0.127,-31.14,23.98,375,2358,-4976,0,0,2996,-0.0166,0.035,0.193,0.093,-5.57,-1.59,424,3398,-1185,0,0,5203,0.0094,0.074,0.121,0.021,-5.14,-2.02,397,5111,-2879,0,0
159.22,4,13067.7,596.64,0.02,13083.26,49.0,0.55,-0.76,-0.81,0.5,0.0,1.0,1,3856,322.1,0.96,0.22,-0.93,-36.26,637,101,3190,-0.0099,-0.104,0.456,0.356,-38.08,30.91,375,2229,-2837,0,0,4930,0.0168,-0.064,0.217,0.117,-29.74,22.58,374,2384,-4886,0,0,3108,-0.0153,0.066,0.236,0.136,-5.85,-1.31,398,3511,-1259,0,0,5384,0.0115,0.106,0.115,0.015,-5.45,-1.71,398,5297,-3000,0,0
159.24,4,13068.0,596.39,0.02,13083.16,49.3,0.46,-0.84,-0.77,0.5,0.0,1.0,1,3793,321.7,0.94,0.13,-0.97,-37.22,641,103,3019,-0.0125,-0.131,0.381,0.281,-36.15,28.99,358,1872,-2848,0,0,4809,0.015,-0.093,0.165,0.065,-28.22,21.05,358,1782,-4996,0,0,3245,-0.0136,0.081,0.246,0.146,-5.99,-1.17,353,3350,-1839,0,0,5586,0.0139,0.119,0.092,-0.008,-5.6,-1.57,363,3756,-4305,0,0
159.26,4,13068.2,596.14,0.02,13083.05,49.5,0.36,-0.89,-0.73,0.5,0.0,1.0,1,3829,321.8,0.94,0.04,-1.02,-37.04,642,104,2818,-0.0156,-0.155,0.351,0.251,-34.29,27.13,361,1649,-2730,0,0,4684,0.0131,-0.097,0.161,0.061,-26.66,19.5,362,1606,-4931,0,0,3370,-0.0122,0.073,0.196,0.096,-5.95,-1.21,370,3388,-2017,0,0,5809,0.0165,0.131,0.157,0.057,-5.59,-1.58,356,3868,-4504,0,0
159.28,4,13068.5,595.88,0.02,13082.94,49.8,0.39,-0.88,-0.69,0.5,0.0,1.0,1,3868,321.9,0.95,-0.04,-1.08,-36.75,645,105,2606,-0.0189,-0.163,0.339,0.239,-32.36,25.2,368,1535,-2536,0,0,4568,0.0113,-0.089,0.158,0.058,-25.22,18.05,367,1610,-4821,0,0,3467,-0.011,0.057,0.255,0.155,-5.89,-1.27,359,3545,-1992,0,0,6033,0.0191,0.131,0.101,0.001,-5.52,-1.64,369,4052,-4632,0,0
159.3,4,13068.8,595.63,0.02,13082.82,50.1,0.41,-0.86,-0.65,0.5,0.0,1.0,1,3893,321.9,0.95,-0.11,-1.12,-36.36,648,106,2397,-0.0221,-0.161,0.308,0.208,-30.62,23.46,369,1396,-2357,0,0,4463,0.0097,-0.081,0.138,0.038,-23.8,16.63,369,1512,-4754,0,0,3535,-0.0102,0.04,0.203,0.103,-5.98,-1.18,376,3605,-2041,0,0,6237,0.0215,0.12,0.16,0.06,-5.49,-1.67,360,4383,-4680,0,0
159.32,4,13069.1,595.38,0.02,13082.7,50.3,0.43,-0.86,-0.61,0.5,0.0,1.0,1,3918,322.0,0.95,-0.17,-1.14,-35.77,650,107,2217,-0.0249,-0.138,0.291,0.191,-28.76,21.6,374,1294,-2193,0,0,4362,0.0081,-0.078,0.135,0.035,-22.49,15.33,373,1518,-4658,0,0,3602,-0.0095,0.04,0.255,0.155,-5.98,-1.18,364,3658,-2096,0,0,6407,0.0235,0.1,0.105,0.005,-5.45,-1.71,373,4333,-4847,0,0
159.34,4,13069.3,595.12,0.02,13082.58,50.6,0.45,-0.85,-0.57,0.5,0.0,1.0,1,3938,322.0,0.95,-0.21,-1.15,-35.05,656,108,2078,-0.027,-0.107,0.272,0.172,-26.99,19.82,377,1213,-2069,0,0,4269,0.0067,-0.071,0.13,0.03,-21.06,13.9,377,1490,-4581,0,0,3673,-0.0086,0.042,0.191,0.091,-5.71,-1.45,377,3699,-2153,0,0,6538,0.0251,0.077,0.156,0.056,-5.35,-1.81,361,4500,-4871,0,0
159.36,4,13069.6,594.87,0.02,13082.45,50.9,0.46,-0.84,-0.53,0.5,0.0,1.0,1,3963,322.1,0.96,-0.23,-1.15,-34.35,662,110,1985,-0.0285,-0.072,0.259,0.159,-25.15,17.99,381,1170,-1982,0,0,4196,0.0056,-0.056,0.122,0.022,-19.65,12.49,380,1485,-4520,0,0,3721,-0.0081,0.028,0.244,0.144,-5.64,-1.52,366,3767,-2142,0,0,6611,0.026,0.043,0.101,0.001,-5.28,-1.88,375,4477,-4916,0,0
159.38,4,13069.9,594.62,0.02,13082.32,51.3,0.48,-0.82,-0.49,0.5,0.0,1.0,1,3991,322.2,0.96,-0.23,-1.14,-33.75,667,111,1942,-0.0291,-0.033,0.241,0.141,-23.34,16.18,384,1158,-1942,0,0,4151,0.0049,-0.035,0.12,0.02,-18.18,11.02,383,1539,-4471,0,0,3745,-0.0078,0.014,0.186,0.086,-5.59,-1.57,380,3774,-2169,0,0,6634,0.0262,0.013,0.153,0.053,-5.28,-1.88,365,4586,-4887,0,0
159.4,4,13070.2,594.36,0.02,13082.19,51.6,0.49,-0.83,-0.45,0.5,0.0,1.0,1,4003,322.2,0.96,-0.22,-1.12,-33.37,675,112,1943,-0.0291,0.001,0.222,0.122,-21.61,14.45,386,1151,-1957,0,0,4133,0.0046,-0.014,0.109,0.009,-16.89,9.73,385,1498,-4480,0,0,3766,-0.0075,0.012,0.235,0.135,-5.55,-1.61,369,3792,-2178,0,0,6629,0.0262,-0.003,0.099,-0.001,-5.17,-1.99,378,4578,-4845,0,0
159.42,4,13070.5,594.11,0.02,13082.05,51.9,0.49,-0.84,-0.41,0.5,0.0,1.0,1,4019,322.2,0.96,-0.2,-1.1,-33.27,684,114,1987,-0.0284,0.034,0.202,0.102,-19.69,12.52,387,1160,-2020,0,0,4135,0.0046,0.002,0.096,-0.004,-15.36,8.2,386,1401,-4527,0,0,3782,-0.0073,0.009,0.18,0.08,-5.47,-1.69,383,3802,-2185,0,0,6591,0.0257,-0.023,0.149,0.049,-5.15,-2.01,368,4584,-4790,0,0
159.44,4,13070.8,593.86,0.02,13081.91,52.2,0.49,-0.85,-0.37,0.5,0.0,1.0,1,4042,322.3,0.97,-0.19,-1.08,-33.32,692,115,2047,-0.0275,0.046,0.189,0.089,-17.77,10.61,389,1205,-2085,0,0,4157,0.005,0.017,0.086,-0.014,-13.89,6.73,388,1357,-4574,0,0,3785,-0.0073,0.002,0.234,0.134,-5.55,-1.61,374,3815,-2178,0,0,6544,0.0252,-0.028,0.097,-0.003,-5.17,-1.99,383,4467,-4794,0,0
159.46,4,13071.1,593.6,0.02,13081.76,52.6,0.51,-0.87,-0.33,0.5,0.0,1.0,1,4057,322.3,0.97,-0.17,-1.07,-33.43,702,117,2112,-0.0265,0.05,0.169,0.069,-15.91,8.75,389,1242,-2161,0,0,4191,0.0055,0.026,0.078,-0.022,-12.34,5.18,390,1325,-4617,0,0,3798,-0.0071,0.008,0.176,0.076,-5.43,-1.74,388,3799,-2208,0,0,6516,0.0248,-0.016,0.148,0.048,-5.09,-2.07,373,4536,-4713,0,0
159.48,4,13071.4,593.35,0.02,13081.61,52.9,0.52,-0.87,-0.28,0.5,0.0,1.0,1,4075,322.4,0.97,-0.15,-1.07,-33.61,713,118,2174,-0.0256,0.048,0.156,0.056,-13.89,6.73,391,1303,-2219,0,0,4232,0.0061,0.031,0.068,-0.032,-10.76,3.6,391,1317,-4634,0,0,3799,-0.0071,0.001,0.228,0.128,-5.4,-1.76,378,3817,-2184,0,0,6490,0.0245,-0.015,0.096,-0.004,-5.09,-2.07,388,4414,-4728,0,0
159.5,4,13071.7,593.1,0.02,13081.46,53.3,0.53,-0.87,-0.24,0.5,0.0,1.0,1,4096,322.4,0.97,-0.14,-1.06,-33.71,723,120,2227,-0.0247,0.041,0.147,0.047,-12.1,4.94,392,1405,-2235,0,0,4273,0.0067,0.032,0.059,-0.041,-9.24,2.08,392,1279,-4608,0,0,3795,-0.0072,-0.002,0.175,0.075,-5.43,-1.73,393,3793,-2208,0,0,6470,0.0243,-0.012,0.146,0.046,-5.14,-2.03,378,4466,-4706,0,0
159.52,4,13072.0,592.85,0.02,13081.3,53.7,0.56,-0.87,-0.2,0.5,0.0,1.0,1,4102,322.4,0.97,-0.13,-1.06,-33.66,736,122,2272,-0.024,0.035,0.133,0.033,-9.88,2.72,392,1507,-2221,0,0,4312,0.0073,0.03,0.049,-0.051,-7.81,0.65,392,1267,-4492,0,0,3803,-0.0071,0.005,0.224,0.124,-5.36,-1.8,382,3803,-2203,0,0,6471,0.0243,0.001,0.094,-0.006,-5.06,-2.11,392,4361,-4717,0,0
159.54,4,13072.3,592.59,0.02,13081.14,54.0,0.56,-0.84,-0.15,0.5,0.0,1.0,1,4127,322.5,0.98,-0.12,-1.07,-33.4,747,123,2303,-0.0236,0.024,0.114,0.014,-8.03,0.87,393,1561,-2179,0,0,4346,0.0079,0.026,0.045,-0.055,-6.22,-0.94,394,1238,-4202,0,0,3795,-0.0072,-0.005,0.175,0.075,-5.35,-1.82,397,3801,-2190,0,0,6467,0.0243,-0.002,0.142,0.042,-5.04,-2.13,383,4382,-4693,0,0
159.56,4,13072.6,592.34,0.02,13080.97,54.4,0.59,-0.79,-0.11,0.5,0.0,1.0,1,4143,322.5,0.98,-0.12,-1.06,-32.69,758,125,2324,-0.0232,0.016,0.107,0.007,-6.04,-1.12,393,1758,-1961,0,0,4375,0.0083,0.022,0.036,-0.064,-4.63,-2.53,395,1265,-3625,0,0,3786,-0.0073,-0.005,0.22,0.12,-5.39,-1.77,388,3755,-2231,0,0,6467,0.0243,0.0,0.092,-0.008,-5.05,-2.11,398,4252,-4745,0,0
159.58,4,13072.9,592.09,0.02,13080.8,54.8,0.61,-0.73,-0.07,1.0,0.0,1.0,1,4150,322.6,0.98,-0.12,-1.03,-31.18,770,127,2340,-0.023,0.012,0.095,-0.005,-4.33,-2.83,395,1847,-1675,0,0,4376,0.0083,0.001,0.034,-0.066,-3.34,-3.82,397,1178,-2845,0,0,3816,-0.0069,0.017,0.155,0.055,-5.2,-1.96,400,3687,-2325,0,0,6478,0.0244,0.006,0.138,0.038,-4.95,-2.22,385,4333,-4691,0,0
159.6,4,13073.2,591.83,0.02,13080.63,55.3,0.61,-0.64,-0.03,0.5,0.0,1.0,1,4200,744.2,1.51,-0.13,-0.99,-28.82,782,129,2369,-0.0225,0.023,0.085,-0.015,-2.65,-4.51,414,1935,-1210,0,0,4355,0.008,-0.016,0.035,-0.065,-2.07,-5.09,416,1370,-1856,0,0,3860,-0.0064,0.026,0.196,0.096,-5.1,-2.06,448,3688,-2374,0,0,6457,0.0241,-0.012,0.08,-0.02,-4.83,-2.33,466,3960,-4738,0,0
159.62,4,13073.5,591.58,0.01,13080.46,55.9,0.87,-0.46,0.01,1.0,0.0,1.0,1,4335,329.9,1.02,-0.15,-0.91,-26.72,797,132,2411,-0.0219,0.032,0.097,-0.003,-1.12,-6.04,421,2546,-496,0,0,4308,0.0073,-0.036,0.04,-0.06,-0.94,-6.22,419,2935,-805,0,0,3941,-0.0055,0.047,0.155,0.055,-5.02,-2.15,474,4205,-1890,0,0,6421,0.0237,-0.021,0.136,0.036,-4.77,-2.39,450,5913,-3709,0,0
159.64,4,13073.8,591.32,0.01,13080.28,56.4,0.86,-0.37,0.05,1.0,0.0,1.0,1,4208,752.6,1.52,-0.18,-0.81,-23.36,812,135,2454,-0.0212,0.033,0.062,-0.038,0.02,-7.15,410,2275,6,0,0,4203,0.0057,-0.081,0.021,-0.079,0.12,-7.05,412,1705,130,0,0,4087,-0.0037,0.086,0.154,0.054,-4.87,-2.3,437,4120,-2243,0,0,6374,0.0232,-0.028,0.076,-0.024,-4.68,-2.48,443,4985,-4221,0,0
159.66,4,13074.1,591.06,0.01,13080.1,57.1,0.9,-0.26,0.08,0.5,0.0,1.0,1,4518,991.7,1.86,-0.22,-0.67,-19.59,828,138,2505,-0.0205,0.039,0.106,0.006,0.84,-6.32,433,2617,394,0,0,4050,0.0033,-0.117,0.063,-0.037,1.29,-5.88,432,3111,1013,0,0,4293,-0.0013,0.121,0.248,0.148,-4.63,-2.53,479,4730,-1736,0,0,6314,0.0224,-0.036,0.164,0.064,-4.47,-2.69,484,6332,-3090,0,0
159.68,4,13074.4,590.8,0.02,13079.91,57.8,1.03,-0.11,0.11,0.5,0.0,1.0,1,4500,562.2,1.31,-0.28,-0.51,-16.09,845,141,2558,-0.0196,0.041,0.093,-0.007,1.48,-5.68,432,2675,674,0,0,3851,0.0002,-0.153,0.059,-0.041,2.32,-4.85,431,3134,1639,0,0,4539,0.0016,0.145,0.211,0.111,-4.52,-2.65,470,5033,-1723,0,0,6230,0.0215,-0.049,0.145,0.045,-4.38,-2.78,473,6453,-2775,0,0
159.7,4,13074.8,590.53,0.02,13079.73,58.5,0.93,-0.13,0.14,0.5,0.0,1.0,1,4445,330.6,1.02,-0.34,-0.34,-11.31,861,144,2606,-0.0189,0.037,0.078,-0.022,2.06,-5.1,423,2336,1021,0,0,3588,-0.0038,-0.202,0.059,-0.041,3.16,-4.01,423,2371,2087,0,0,4846,0.0052,0.181,0.174,0.074,-4.13,-3.03,411,4839,-2501,0,0,6130,0.0203,-0.058,0.096,-0.004,-4.04,-3.12,420,5467,-3500,0,0
159.72,4,13075.1,590.26,0.02,13079.54,59.0,0.73,-0.17,0.15,1.0,0.0,1.0,1,4275,325.4,1.01,-0.38,-0.19,-5.38,874,147,2658,-0.0181,0.039,0.025,-0.075,2.56,-4.6,426,1495,1365,0,0,3315,-0.008,-0.21,0.018,-0.082,3.92,-3.25,427,1277,2392,0,0,5141,0.0087,0.173,0.029,-0.071,-3.49,-3.67,463,3673,-3211,0,0,6001,0.0188,-0.076,0.082,-0.018,-3.47,-3.69,444,3992,-3733,0,0
159.74,4,13075.4,589.99,0.02,13079.35,59.4,0.57,-0.15,0.17,1.0,0.0,1.0,1,4497,789.5,1.59,-0.4,-0.06,0.5,883,149,2702,-0.0174,0.034,0.041,-0.059,2.96,-4.21,437,1460,1545,0,0,3069,-0.0118,-0.19,0.046,-0.054,4.47,-2.69,438,1466,2389,0,0,5381,0.0115,0.141,0.06,-0.04,-2.73,-4.43,440,4491,-2742,0,0,5861,0.0171,-0.082,0.027,-0.073,-2.74,-4.43,461,4802,-2975,0,0
159.76,4,13075.7,589.72,0.02,13079.15,60.0,0.88,-0.01,0.17,0.5,0.0,1.0,1,4732,996.7,1.91,-0.42,0.04,5.14,899,152,2757,-0.0166,0.042,0.1,0.0,3.26,-3.9,463,2518,1452,0,0,2877,-0.0147,-0.148,0.112,0.012,4.84,-2.32,463,2481,1985,0,0,5553,0.0135,0.101,0.16,0.06,-2.09,-5.07,500,6044,-1588,0,0,5709,0.0153,-0.089,0.199,0.099,-2.1,-5.06,488,6281,-1531,0,0
159.78,4,13076.1,589.45,0.02,13078.96,60.7,1.02,0.07,0.18,1.0,0.0,1.0,1,4712,562.6,1.34,-0.44,0.14,8.9,916,156,2790,-0.0161,0.026,0.091,-0.009,3.47,-3.69,464,2634,1480,0,0,2712,-0.0173,-0.126,0.114,0.014,5.13,-2.03,465,2527,1792,0,0,5688,0.0151,0.08,0.147,0.047,-1.53,-5.63,478,6264,-1246,0,0,5586,0.0139,-0.073,0.144,0.044,-1.57,-5.59,486,6233,-1159,0,0
159.8,4,13076.4,589.17,0.02,13078.76,61.4,0.96,0.08,0.18,1.0,0.0,1.0,1,4705,996.2,1.9,-0.46,0.21,12.66,933,159,2828,-0.0155,0.029,0.074,-0.026,3.63,-3.53,466,2279,1696,0,0,2567,-0.0195,-0.112,0.103,0.003,5.32,-1.84,467,2200,1858,0,0,5823,0.0167,0.08,0.129,0.029,-0.96,-6.21,480,6078,-1130,0,0,5482,0.0127,-0.061,0.128,0.028,-0.98,-6.18,491,5959,-983,0,0
159.82,4,13076.8,588.89,0.02,13078.56,62.1,0.99,0.13,0.18,0.5,0.0,1.0,1,4938,1000.6,1.96,-0.47,0.27,15.87,953,163,2858,-0.015,0.023,0.105,0.005,3.74,-3.42,485,2669,1582,0,0,2450,-0.0213,-0.089,0.14,0.04,5.41,-1.75,486,2354,1596,0,0,5938,0.018,0.067,0.181,0.081,-0.38,-6.78,506,6631,-520,0,0,5405,0.0118,-0.045,0.186,0.086,-0.4,-6.76,519,6179,-429,0,0
159.84,4,13077.1,588.6,0.02,13078.36,62.8,1.03,0.17,0.17,1.0,0.0,1.0,1,4913,562.5,1.37,-0.48,0.31,18.55,971,167,2886,-0.0146,0.022,0.095,-0.005,3.76,-3.4,485,2718,1583,0,0,2372,-0.0225,-0.06,0.137,0.037,5.41,-1.76,487,2372,1456,0,0,6009,0.0189,0.042,0.141,0.041,0.19,-6.98,495,6684,-130,0,0,5337,0.011,-0.04,0.159,0.059,0.13,-7.03,505,6121,-125,0,0
159.86,4,13077.5,588.31,0.02,13078.16,63.6,1.04,0.2,0.17,0.5,0.0,1.0,1,5660,1003.0,2.11,-0.48,0.35,20.86,994,171,2913,-0.0142,0.021,0.182,0.082,3.77,-3.4,538,3101,1315,0,0,2310,-0.0235,-0.048,0.228,0.128,5.36,-1.8,540,2503,1175,0,0,6092,0.0198,0.049,0.36,0.26,0.65,-6.51,606,7056,143,0,0,5304,0.0106,-0.02,0.384,0.284,0.59,-6.57,626,6239,82,0,0
159.88,4,13077.8,588.02,0.02,13077.95,64.4,1.13,0.15,0.16,0.5,0.0,1.0,1,6299,527.4,1.59,-0.49,0.36,22.63,1017,175,2946,-0.0137,0.025,0.304,0.204,3.79,-3.37,601,3487,722,0,0,2271,-0.0241,-0.03,0.363,0.263,5.29,-1.87,604,2697,653,0,0,6148,0.0205,0.033,0.445,0.345,1.19,-5.98,685,7174,222,0,0,5265,0.0101,-0.023,0.525,0.425,1.2,-5.96,668,6220,166,0,0
159.9,4,13078.2,587.72,0.02,13077.74,65.2,1.16,0.14,0.15,0.5,0.0,1.0,1,6117,305.7,1.23,-0.49,0.36,23.92,1042,179,2963,-0.0134,0.013,0.267,0.167,3.79,-3.37,589,3507,723,0,0,2265,-0.0241,-0.004,0.33,0.23,5.22,-1.94,594,2697,631,0,0,6178,0.0209,0.017,0.286,0.186,1.69,-5.47,593,7176,463,0,0,5266,0.0101,0.0,0.323,0.223,1.74,-5.43,618,6207,342,0,0
159.92,4,13078.6,587.42,0.02,13077.53,66.0,1.16,0.18,0.13,0.5,0.0,1.0,1,5843,320.9,1.18,-0.49,0.35,24.87,1067,184,2967,-0.0134,0.003,0.216,0.116,3.76,-3.4,556,3430,922,0,0,2281,-0.0239,0.012,0.274,0.174,5.06,-2.1,560,2667,768,0,0,6192,0.021,0.008,0.272,0.172,2.14,-5.02,561,7113,813,0,0,5294,0.0105,0.017,0.378,0.278,2.16,-5.0,554,6208,552,0,0
159.94,4,13078.9,587.12,0.02,13077.32,66.8,1.14,0.26,0.12,0.5,0.0,1.0,1,5492,331.9,1.15,-0.49,0.36,25.54,1094,188,2978,-0.0132,0.008,0.13,0.03,3.59,-3.57,540,3199,1263,0,0,2298,-0.0236,0.014,0.183,0.083,4.84,-2.33,541,2564,1017,0,0,6214,0.0213,0.013,0.205,0.105,2.52,-4.64,567,6890,1417,0,0,5325,0.0108,0.018,0.223,0.123,2.55,-4.61,588,6134,951,0,0
159.96,4,13079.3,586.81,0.02,13077.11,67.5,1.07,0.35,0.11,1.0,0.0,1.0,1,5282,332.9,1.13,-0.49,0.37,25.71,1118,193,2992,-0.013,0.011,0.066,-0.034,3.38,-3.79,510,2731,1537,0,0,2308,-0.0235,0.007,0.112,0.012,4.54,-2.62,511,2357,1271,0,0,6241,0.0216,0.016,0.038,-0.062,2.83,-4.33,536,6337,2184,0,0,5346,0.0111,0.012,0.107,0.007,2.89,-4.27,512,5888,1534,0,0
159.98,4,13079.7,586.49,0.02,13076.9,68.2,0.96,0.45,0.09,1.0,0.0,1.0,1,5123,792.7,1.7,-0.49,0.4,25.09,1139,197,3023,-0.0125,0.024,0.051,-0.049,3.21,-3.95,510,2092,1661,0,0,2308,-0.0235,0.0,0.095,-0.005,4.19,-2.97,510,2122,1391,0,0,6291,0.0222,0.029,0.09,-0.01,2.96,-4.2,520,5586,2746,0,0,5356,0.0112,0.006,0.114,0.014,3.08,-4.09,529,5544,2016,0,0
160.0,4,13080.1,586.18,0.02,13076.68,68.9,0.94,0.47,0.08,0.5,0.0,1.0,1,5348,1005.1,2.05,-0.48,0.44,24.3,1165,200,3080,-0.0116,0.044,0.075,-0.025,2.89,-4.27,526,2510,1490,0,0,2311,-0.0234,0.003,0.116,0.016,3.79,-3.37,527,2267,1231,0,0,6351,0.0229,0.036,0.119,0.019,3.05,-4.11,560,6288,2523,0,0,5346,0.0111,-0.005,0.19,0.09,3.13,-4.04,550,5825,1739,0,0
160.02,4,13080.5,585.85,0.02,13076.47,69.6,1.02,0.41,0.07,1.0,0.0,1.0,1,5339,560.3,1.44,-0.47,0.47,23.93,1190,205,3155,-0.0105,0.057,0.069,-0.031,2.74,-4.42,526,2704,1412,0,0,2314,-0.0234,0.002,0.111,0.011,3.42,-3.74,527,2373,1085,0,0,6399,0.0235,0.028,0.117,0.017,3.24,-3.92,541,6396,2586,0,0,5300,0.0105,-0.027,0.146,0.046,3.35,-3.81,551,5762,1810,0,0
160.04,4,13080.8,585.53,0.01,13076.25,70.3,1.05,0.39,0.05,0.5,0.0,1.0,1,6095,982.3,2.21,-0.46,0.5,23.47,1218,209,3225,-0.0094,0.054,0.153,0.053,2.38,-4.78,578,3445,1034,0,0,2322,-0.0233,0.006,0.193,0.093,3.07,-4.09,580,2612,805,0,0,6449,0.024,0.03,0.324,0.224,3.41,-3.75,653,7234,1587,0,0,5268,0.0101,-0.018,0.345,0.245,3.44,-3.72,674,6080,1115,0,0
160.06,4,13081.2,585.2,0.01,13076.04,71.2,1.2,0.2,0.04,0.5,0.0,0.93,1,6613,-221.0,1.65,-0.46,0.49,23.92,1249,214,3274,-0.0086,0.038,0.226,0.126,2.32,-4.84,621,3872,583,0,0,2323,-0.0233,0.001,0.283,0.183,2.81,-4.36,627,2802,420,0,0,6489,0.0245,0.023,0.314,0.214,3.76,-3.4,688,7445,1085,0,0,5246,0.0099,-0.013,0.402,0.302,3.87,-3.29,675,6141,786,0,0
160.08,4,13081.6,584.86,0.01,13075.82,72.0,1.21,0.18,0.02,0.5,0.0,0.8,1,6560,288.1,1.27,-0.47,0.45,23.82,1276,219,3285,-0.0085,0.009,0.233,0.133,2.14,-5.02,626,3892,536,0,0,2352,-0.0228,0.022,0.298,0.198,2.47,-4.69,637,2846,362,0,0,6490,0.0245,0.001,0.363,0.263,4.15,-3.01,677,7396,1324,0,0,5269,0.0102,0.014,0.384,0.284,4.26,-2.9,684,6126,1011,0,0
160.1,4,13082.0,584.52,0.01,13075.6,72.9,1.21,0.21,0.01,0.5,0.0,0.66,1,6371,295.8,1.25,-0.49,0.42,23.1,1305,224,3252,-0.009,-0.026,0.202,0.102,2.01,-5.15,615,3833,544,0,0,2379,-0.0224,0.021,0.262,0.162,2.17,-4.99,627,2873,350,0,0,6497,0.0246,0.004,0.262,0.162,4.36,-2.8,654,7269,1783,0,0,5355,0.0112,0.05,0.341,0.241,4.5,-2.66,653,6162,1261,0,0
160.12,4,13082.5,584.18,0.01,13075.38,73.7,1.2,0.26,-0.01,0.5,0.0,0.53,1,6233,302.4,1.23,-0.5,0.37,21.81,1336,229,3209,-0.0096,-0.033,0.159,0.059,1.77,-5.39,603,3712,578,0,0,2410,-0.0219,0.024,0.212,0.112,1.83,-5.33,611,2884,361,0,0,6498,0.0246,0.001,0.24,0.14,4.45,-2.71,634,7135,2133,0,0,5452,0.0123,0.057,0.264,0.164,4.65,-2.51,646,6156,1628,0,0
160.14,4,13082.9,583.83,0.01,13075.15,74.5,1.15,0.32,-0.02,0.5,0.0,0.4,1,5983,313.1,1.21,-0.5,0.34,19.8,1367,234,3155,-0.0105,-0.042,0.09,-0.01,1.51,-5.65,571,3392,646,0,0,2437,-0.0215,0.021,0.136,0.036,1.59,-5.57,577,2823,425,0,0,6477,0.0244,-0.012,0.121,0.021,4.49,-2.68,592,6494,3134,0,0,5538,0.0133,0.05,0.171,0.071,4.64,-2.52,586,5900,2367,0,0
160.16,4,13083.3,583.48,0.01,13074.93,75.1,0.89,0.49,-0.03,1.0,0.0,0.26,1,5866,318.1,1.19,-0.5,0.35,16.01,1389,238,3112,-0.0111,-0.033,0.013,-0.087,1.18,-5.98,535,1575,656,0,0,2462,-0.0211,0.019,0.034,-0.066,1.34,-5.82,533,2002,569,0,0,6443,0.024,-0.02,0.022,-0.078,4.28,-2.88,545,3249,4612,0,0,5593,0.014,0.032,0.053,-0.047,4.37,-2.79,538,3968,3841,0,0
160.18,4,13083.7,583.12,0.01,13074.71,75.3,0.37,0.58,-0.03,1.0,0.0,0.13,1,6054,770.2,1.88,-0.47,0.39,11.33,1402,240,3129,-0.0109,0.013,0.009,-0.091,0.88,-6.28,534,551,511,0,0,2466,-0.0211,0.003,0.013,-0.087,1.16,-6.01,527,702,537,0,0,6447,0.024,0.002,0.016,-0.084,3.82,-3.34,534,1348,4531,0,0,5580,0.0138,-0.008,0.022,-0.078,3.86,-3.31,534,2098,3945,0,0
160.2,4,13084.1,582.77,0.01,13074.49,75.4,0.12,0.53,-0.04,1.0,0.0,0.0,1,6621,946.0,2.35,-0.4,0.44,7.21,1414,240,3232,-0.0093,0.08,-0.001,-0.099,0.62,-6.54,527,38,383,0,0,2492,-0.0207,0.02,-0.002,-0.098,0.99,-6.17,522,106,482,0,0,6443,0.024,-0.002,-0.006,-0.094,3.27,-3.89,524,-139,4104,0,0,5475,0.0126,-0.062,-0.001,-0.099,3.34,-3.82,521,447,3593,0,0
160.22,4,13084.5,582.41,0.01,13074.27,75.4,0.06,0.46,-0.04,1.0,0.0,0.3,2,6675,940.5,2.37,-0.32,0.49,3.65,1429,240,3398,-0.0067,0.128,0.014,-0.086,0.53,-6.63,535,619,348,0,0,2555,-0.0197,0.048,0.02,-0.08,0.89,-6.27,533,640,457,0,0,6396,0.0234,-0.027,0.026,-0.074,2.85,-4.31,545,1792,3621,0,0,5293,0.0104,-0.107,0.037,-0.063,2.85,-4.32,541,1966,3031,0,0
160.24,4,13085.0,582.05,0.01,13074.05,75.8,0.47,0.38,-0.04,1.0,0.0,0.6,2,6633,942.1,2.36,-0.25,0.54,1.0,1454,242,3595,-0.0037,0.151,0.03,-0.07,0.44,-6.72,545,1624,328,0,0,2647,-0.0183,0.071,0.037,-0.063,0.74,-6.43,546,1445,409,0,0,6306,0.0224,-0.053,0.068,-0.032,2.45,-4.72,556,4296,2960,0,0,5067,0.0078,-0.133,0.056,-0.044,2.43,-4.74,566,3578,2400,0,0
160.26,4,13085.4,581.69,0.01,13073.83,76.3,0.79,0.29,-0.03,1.0,0.0,0.9,2,6499,950.4,2.33,-0.2,0.55,-0.62,1484,246,3761,-0.0011,0.128,0.055,-0.045,0.45,-6.72,563,2782,343,0,0,2726,-0.0171,0.061,0.059,-0.041,0.77,-6.39,564,2130,423,0,0,6214,0.0213,-0.054,0.108,0.008,2.1,-5.06,602,6101,2102,0,0,4861,0.0054,-0.121,0.136,0.036,2.15,-5.02,595,5000,1619,0,0
160.28,4,13085.8,581.32,0.01,13073.61,77.0,1.03,0.19,-0.03,0.5,0.0,1.0,2,6146,973.1,2.25,-0.19,0.53,-1.12,1512,250,3848,0.0002,0.067,0.088,-0.012,0.46,-6.7,585,3752,338,0,0,2790,-0.0161,0.049,0.092,-0.008,0.77,-6.39,589,2790,397,0,0,6127,0.0202,-0.051,0.217,0.117,1.94,-5.22,644,6878,1204,0,0,4743,0.004,-0.069,0.202,0.102,1.94,-5.23,660,5433,935,0,0
160.3,4,13086.2,580.95,0.01,13073.39,77.8,1.13,0.13,-0.03,0.5,0.0,1.0,2,5640,552.8,1.49,-0.2,0.46,-1.25,1537,256,3855,0.0003,0.005,0.109,0.009,0.5,-6.66,602,4109,325,0,0,2835,-0.0154,0.035,0.118,0.018,0.81,-6.35,608,3104,368,0,0,6069,0.0196,-0.034,0.249,0.149,1.76,-5.41,687,6965,841,0,0,4736,0.0039,-0.004,0.276,0.176,1.83,-5.34,680,5541,666,0,0
160.32,4,13086.7,580.58,0.01,13073.16,78.7,1.19,0.12,-0.03,0.5,0.0,1.0,2,4876,334.9,1.08,-0.24,0.39,-1.56,1567,261,3777,-0.0009,-0.06,0.131,0.031,0.44,-6.72,618,4217,259,0,0,2888,-0.0146,0.04,0.133,0.033,0.76,-6.4,623,3255,331,0,0,6024,0.019,-0.027,0.262,0.162,1.72,-5.44,704,6940,768,0,0,4862,0.0054,0.074,0.294,0.194,1.68,-5.49,697,5703,585,0,0
160.34,4,13087.1,580.2,0.01,13072.94,79.5,1.2,0.11,-0.03,0.5,0.0,1.0,2,4370,329.4,1.02,-0.3,0.3,-1.89,1589,267,3637,-0.003,-0.107,0.124,0.024,0.42,-6.75,623,4097,230,0,0,2897,-0.0144,0.007,0.128,0.028,0.7,-6.46,626,3293,299,0,0,6005,0.0188,-0.012,0.227,0.127,1.6,-5.56,690,6907,758,0,0,5036,0.0074,0.103,0.236,0.136,1.59,-5.57,680,5866,647,0,0
160.36,4,13087.6,579.81,0.01,13072.71,80.3,1.17,0.13,-0.03,1.0,0.0,1.0,2,4167,322.8,0.99,-0.36,0.21,-2.43,1615,273,3446,-0.006,-0.147,0.08,-0.02,0.39,-6.77,605,3590,251,0,0,2876,-0.0148,-0.016,0.081,-0.019,0.64,-6.52,607,3009,337,0,0,6018,0.019,0.008,0.14,0.04,1.4,-5.77,649,6702,999,0,0,5273,0.0102,0.139,0.147,0.047,1.43,-5.73,638,5898,933,0,0
160.38,4,13088.0,579.42,0.01,13072.48,81.1,1.05,0.17,-0.03,1.0,0.0,1.0,2,3961,726.0,1.48,-0.43,0.13,-3.47,1632,278,3241,-0.0091,-0.157,0.042,-0.058,0.28,-6.88,587,2647,220,0,0,2843,-0.0153,-0.025,0.039,-0.061,0.53,-6.63,588,2249,336,0,0,6021,0.019,0.002,0.062,-0.038,1.19,-5.97,605,5760,1309,0,0,5500,0.0129,0.134,0.073,-0.027,1.18,-5.98,598,5346,1192,0,0
160.4,4,13088.5,579.03,0.01,13072.25,81.6,0.75,0.18,-0.03,1.0,0.0,1.0,2,3927,903.3,1.72,-0.47,0.08,-4.67,1647,281,3046,-0.0121,-0.15,0.031,-0.069,0.16,-7.0,586,1693,152,0,0,2800,-0.0159,-0.033,0.027,-0.073,0.39,-6.77,587,1400,276,0,0,6043,0.0193,0.013,0.044,-0.056,0.89,-6.27,601,4351,1186,0,0,5720,0.0155,0.129,0.058,-0.042,0.78,-6.38,593,4280,1017,0,0
160.42,4,13088.9,578.64,0.01,13072.02,82.1,0.69,0.14,-0.03,1.0,0.0,1.0,2,3964,909.1,1.73,-0.49,0.04,-5.58,1660,285,2915,-0.0142,-0.101,0.036,-0.064,0.03,-7.13,591,1819,74,0,0,2759,-0.0165,-0.031,0.031,-0.069,0.26,-6.91,593,1507,198,0,0,6054,0.0194,0.007,0.062,-0.038,0.61,-6.55,598,4758,851,0,0,5851,0.017,0.077,0.043,-0.057,0.58,-6.58,607,4235,797,0,0
160.44,4,13089.4,578.24,0.01,13071.78,82.6,0.71,0.1,-0.03,1.0,0.0,1.0,2,3988,912.8,1.74,-0.5,0.03,-6.17,1676,288,2835,-0.0154,-0.061,0.037,-0.063,-0.09,-7.07,595,1811,5,0,0,2750,-0.0167,-0.007,0.032,-0.068,0.11,-7.05,597,1554,119,0,0,6048,0.0193,-0.003,0.049,-0.051,0.36,-6.8,609,4762,559,0,0,5937,0.018,0.05,0.055,-0.045,0.36,-6.8,603,4380,553,0,0
160.46,4,13089.9,577.85,0.01,13071.55,83.1,0.72,0.06,-0.03,1.0,0.0,1.0,2,4008,915.9,1.74,-0.49,0.03,-6.42,1694,292,2814,-0.0157,-0.016,0.039,-0.061,-0.21,-6.95,599,1863,-65,0,0,2758,-0.0166,0.006,0.03,-0.07,-0.03,-7.14,600,1497,43,0,0,6044,0.0193,-0.002,0.064,-0.036,0.13,-7.03,604,4949,285,0,0,5971,0.0184,0.02,0.04,-0.06,0.16,-7.0,613,4244,318,0,0
160.48,4,13090.3,577.45,0.01,13071.32,83.6,0.72,0.02,-0.03,1.0,0.0,1.0,2,4031,919.3,1.75,-0.47,0.03,-6.52,1721,295,2849,-0.0152,0.027,0.037,-0.063,-0.37,-6.79,602,1773,-159,0,0,2785,-0.0162,0.021,0.031,-0.069,-0.17,-6.99,604,1499,-41,0,0,6053,0.0194,0.005,0.047,-0.053,0.03,-7.13,615,4725,143,0,0,5969,0.0184,-0.001,0.054,-0.046,0.0,-7.16,609,4392,112,0,0
160.5,4,13090.8,577.04,0.01,13071.08,84.1,0.72,-0.01,-0.03,1.0,0.0,1.0,2,4058,923.4,1.75,-0.44,0.03,-6.6,1745,299,2904,-0.0143,0.042,0.037,-0.063,-0.52,-6.64,606,1776,-255,0,0,2838,-0.0153,0.04,0.033,-0.067,-0.35,-6.81,607,1601,-149,0,0,6021,0.019,-0.019,0.061,-0.039,-0.11,-7.05,612,4814,-18,0,0,5934,0.018,-0.021,0.041,-0.059,-0.11,-7.05,621,4297,-25,0,0
160.52,4,13091.3,576.64,0.01,13070.84,84.6,0.73,-0.04,-0.03,1.0,0.0,1.0,2,4079,926.6,1.76,-0.41,0.01,-6.57,1775,302,2963,-0.0134,0.046,0.038,-0.062,-0.69,-6.47,609,1859,-362,0,0,2912,-0.0142,0.058,0.03,-0.07,-0.46,-6.7,611,1509,-227,0,0,5979,0.0185,-0.025,0.05,-0.05,-0.24,-6.92,623,4823,-175,0,0,5912,0.0177,-0.013,0.054,-0.046,-0.22,-6.94,616,4394,-161,0,0
160.54,4,13091.7,576.23,0.01,13070.6,85.1,0.72,-0.07,-0.03,1.0,0.0,1.0,2,4105,930.5,1.77,-0.38,-0.02,-6.57,1801,306,3013,-0.0126,0.038,0.037,-0.063,-0.89,-6.27,613,1835,-489,0,0,2997,-0.0129,0.065,0.03,-0.07,-0.63,-6.54,615,1544,-335,0,0,5907,0.0177,-0.042,0.064,-0.036,-0.35,-6.81,619,4894,-307,0,0,5886,0.0174,-0.015,0.042,-0.058,-0.29,-6.87,628,4364,-255,0,0
160.56,4,13092.2,575.82,0.01,13070.36,85.6,0.72,-0.1,-0.04,1.0,0.0,1.0,2,4132,934.6,1.77,-0.35,-0.05,-6.64,1828,310,3047,-0.0121,0.026,0.037,-0.063,-1.09,-6.07,617,1836,-621,0,0,3093,-0.0114,0.074,0.03,-0.07,-0.81,-6.36,618,1572,-458,0,0,5827,0.0167,-0.047,0.05,-0.05,-0.4,-6.76,632,4706,-368,0,0,5887,0.0174,0.001,0.057,-0.043,-0.46,-6.71,624,4526,-424,0,0
160.58,4,13092.7,575.41,0.01,13070.12,86.2,0.73,-0.13,-0.04,1.0,0.0,1.0,2,4160,938.9,1.78,-0.33,-0.07,-6.76,1855,313,3085,-0.0115,0.029,0.04,-0.06,-1.33,-5.83,620,1950,-771,0,0,3173,-0.0102,0.062,0.029,-0.071,-0.99,-6.17,621,1559,-593,0,0,5768,0.016,-0.034,0.057,-0.043,-0.47,-6.69,633,4714,-440,0,0,5884,0.0174,-0.002,0.051,-0.049,-0.5,-6.67,634,4473,-488,0,0
160.6,4,13093.2,574.99,0.01,13069.87,86.7,0.73,-0.16,-0.04,1.0,0.0,1.0,2,4190,943.4,1.79,-0.32,-0.11,-6.99,1878,317,3106,-0.0112,0.016,0.04,-0.06,-1.61,-5.55,624,1915,-946,0,0,3244,-0.0091,0.055,0.029,-0.071,-1.18,-5.99,626,1607,-729,0,0,5710,0.0153,-0.034,0.052,-0.048,-0.54,-6.62,642,4678,-515,0,0,5891,0.0175,0.004,0.058,-0.042,-0.56,-6.6,634,4574,-558,0,0
160.62,4,13093.6,574.58,0.01,13069.63,87.2,0.73,-0.19,-0.05,1.0,0.0,1.0,2,4218,947.8,1.79,-0.31,-0.15,-7.28,1903,321,3106,-0.0112,0.0,0.038,-0.062,-1.78,-5.38,629,1852,-1056,0,0,3310,-0.0081,0.051,0.03,-0.07,-1.37,-5.79,630,1666,-872,0,0,5666,0.0148,-0.026,0.055,-0.045,-0.66,-6.5,646,4739,-624,0,0,5934,0.018,0.025,0.058,-0.042,-0.61,-6.55,639,4542,-623,0,0
160.64,4,13094.1,574.16,0.01,13069.38,87.7,0.74,-0.21,-0.05,1.0,0.0,1.0,2,4244,951.8,1.8,-0.3,-0.18,-7.69,1929,325,3096,-0.0114,-0.008,0.039,-0.061,-2.03,-5.13,633,1850,-1193,0,0,3377,-0.007,0.052,0.031,-0.069,-1.59,-5.57,633,1714,-1033,0,0,5616,0.0142,-0.03,0.054,-0.046,-0.71,-6.46,650,4695,-671,0,0,5984,0.0186,0.03,0.06,-0.04,-0.7,-6.46,642,4693,-716,0,0
160.66,4,13094.6,573.74,0.01,13069.12,88.2,0.73,-0.24,-0.06,1.0,0.0,1.0,2,4276,956.6,1.81,-0.3,-0.22,-8.16,1951,329,3085,-0.0115,-0.008,0.041,-0.059,-2.29,-4.87,637,1849,-1334,0,0,3438,-0.0061,0.047,0.031,-0.069,-1.8,-5.36,638,1724,-1188,0,0,5563,0.0136,-0.031,0.056,-0.044,-0.78,-6.38,655,4684,-739,0,0,6025,0.0191,0.024,0.059,-0.041,-0.78,-6.38,647,4675,-810,0,0
160.68,4,13095.1,573.31,0.01,13068.87,88.7,0.74,-0.27,-0.06,1.0,0.0,1.0,2,4302,960.7,1.81,-0.3,-0.26,-8.68,1975,333,3068,-0.0118,-0.013,0.041,-0.059,-2.57,-4.59,641,1828,-1474,0,0,3494,-0.0052,0.043,0.033,-0.067,-2.02,-5.14,641,1800,-1349,0,0,5527,0.0132,-0.021,0.058,-0.042,-0.87,-6.29,659,4724,-816,0,0,6083,0.0197,0.034,0.059,-0.041,-0.86,-6.3,651,4700,-902,0,0
160.7,4,13095.6,572.89,0.01,13068.61,89.3,0.74,-0.29,-0.07,1.0,0.0,1.0,2,4332,965.2,1.82,-0.3,-0.29,-9.19,1996,336,3045,-0.0121,-0.017,0.044,-0.056,-2.87,-4.29,646,1855,-1610,0,0,3540,-0.0045,0.036,0.032,-0.068,-2.24,-4.92,646,1758,-1511,0,0,5493,0.0128,-0.02,0.059,-0.041,-0.96,-6.2,663,4739,-893,0,0,6141,0.0204,0.034,0.059,-0.041,-0.95,-6.21,656,4728,-1012,0,0
160.72,4,13096.1,572.46,0.01,13068.35,89.8,0.74,-0.32,-0.07,1.0,0.0,1.0,2,4359,969.5,1.83,-0.3,-0.32,-9.74,2022,340,3027,-0.0124,-0.014,0.045,-0.055,-3.13,-4.04,650,1814,-1726,0,0,3580,-0.0039,0.031,0.033,-0.067,-2.46,-4.7,651,1763,-1668,0,0,5484,0.0127,-0.005,0.073,-0.027,-1.04,-6.12,659,4816,-959,0,0,6207,0.0212,0.039,0.046,-0.054,-1.03,-6.14,668,4649,-1111,0,0
160.74,4,13096.6,572.04,0.01,13068.09,90.3,0.75,-0.35,-0.08,1.0,0.0,1.0,2,4384,973.4,1.83,-0.3,-0.36,-10.36,2050,344,3003,-0.0128,-0.019,0.048,-0.052,-3.42,-3.74,654,1866,-1834,0,0,3622,-0.0033,0.032,0.033,-0.067,-2.68,-4.48,655,1771,-1823,0,0,5455,0.0124,-0.017,0.062,-0.038,-1.13,-6.03,671,4793,-1035,0,0,6265,0.0219,0.034,0.061,-0.039,-1.12,-6.05,663,4862,-1209,0,0
160.76,4,13097.1,571.61,0.01,13067.83,90.8,0.74,-0.37,-0.09,1.0,0.0,1.0,2,4421,979.0,1.84,-0.3,-0.39,-11.08,2074,348,2973,-0.0133,-0.024,0.049,-0.051,-3.69,-3.47,659,1803,-1934,0,0,3661,-0.0027,0.03,0.035,-0.065,-2.92,-4.24,660,1816,-1983,0,0,5406,0.0118,-0.029,0.062,-0.038,-1.22,-5.94,677,4719,-1115,0,0,6306,0.0224,0.024,0.061,-0.039,-1.2,-5.96,668,4891,-1308,0,0
160.78,4,13097.6,571.18,0.01,13067.56,91.4,0.74,-0.4,-0.09,1.0,0.0,1.0,2,4454,984.2,1.85,-0.3,-0.42,-11.82,2098,352,2943,-0.0137,-0.023,0.052,-0.048,-3.99,-3.17,665,1816,-2021,0,0,3694,-0.0022,0.025,0.036,-0.064,-3.16,-4.0,664,1852,-2138,0,0,5361,0.0112,-0.026,0.064,-0.036,-1.33,-5.84,682,4747,-1187,0,0,6343,0.0228,0.022,0.062,-0.038,-1.31,-5.85,673,4960,-1431,0,0
160.8,4,13098.1,570.74,0.01,13067.29,91.9,0.76,-0.42,-0.1,1.0,0.0,1.0,2,4480,988.3,1.85,-0.3,-0.46,-12.51,2121,357,2917,-0.0141,-0.02,0.056,-0.044,-4.28,-2.88,668,1859,-2090,0,0,3726,-0.0017,0.024,0.037,-0.063,-3.37,-3.79,669,1860,-2276,0,0,5324,0.0108,-0.022,0.068,-0.032,-1.43,-5.73,686,4831,-1257,0,0,6382,0.0233,0.023,0.063,-0.037,-1.43,-5.73,677,4998,-1570,0,0
160.82,4,13098.7,570.31,0.01,13067.02,92.4,0.75,-0.45,-0.1,1.0,0.0,1.0,2,4514,992.0,1.86,-0.3,-0.49,-13.26,2145,361,2883,-0.0146,-0.026,0.056,-0.044,-4.57,-2.59,674,1782,-2169,0,0,3763,-0.0011,0.029,0.038,-0.062,-3.63,-3.53,674,1850,-2437,0,0,5287,0.0104,-0.022,0.066,-0.034,-1.56,-5.6,691,4707,-1367,0,0,6437,0.0239,0.032,0.064,-0.036,-1.54,-5.62,682,5045,-1694,0,0
160.84,4,13099.2,569.87,0.01,13066.74,92.9,0.75,-0.48,-0.11,1.0,0.0,1.0,2,4543,992.7,1.87,-0.31,-0.51,-13.96,2166,365,2855,-0.0151,-0.022,0.058,-0.042,-4.88,-2.28,678,1755,-2239,0,0,3790,-0.0007,0.021,0.042,-0.058,-3.83,-3.33,677,1980,-2544,0,0,5261,0.0101,-0.015,0.077,-0.023,-1.69,-5.47,692,4792,-1450,0,0,6484,0.0244,0.027,0.057,-0.043,-1.65,-5.51,691,4974,-1830,0,0
160.86,4,13099.7,569.43,0.01,13066.46,93.5,0.75,-0.5,-0.11,1.0,0.0,1.0,2,4576,993.5,1.88,-0.32,-0.54,-14.56,2189,369,2828,-0.0155,-0.021,0.061,-0.039,-5.17,-1.99,684,1746,-2290,0,0,3808,-0.0004,0.014,0.041,-0.059,-4.11,-3.05,683,1876,-2709,0,0,5258,0.01,-0.002,0.069,-0.031,-1.77,-5.39,700,4716,-1532,0,0,6540,0.0251,0.033,0.063,-0.037,-1.76,-5.41,691,5032,-1964,0,0
160.88,4,13100.2,569.0,0.01,13066.17,94.0,0.75,-0.53,-0.12,1.0,0.0,1.0,2,4606,994.2,1.88,-0.33,-0.57,-15.13,2212,373,2796,-0.016,-0.025,0.064,-0.036,-5.44,-1.72,689,1754,-2320,0,0,3831,-0.0001,0.017,0.042,-0.058,-4.37,-2.79,687,1892,-2843,0,0,5251,0.0099,-0.004,0.078,-0.022,-1.87,-5.29,700,4765,-1599,0,0,6604,0.0259,0.038,0.057,-0.043,-1.86,-5.31,700,5015,-2098,0,0
160.9,4,13100.7,568.56,0.01,13065.89,94.5,0.75,-0.55,-0.12,1.0,0.0,1.0,2,4633,994.9,1.89,-0.34,-0.6,-15.69,2232,377,2758,-0.0166,-0.029,0.069,-0.031,-5.83,-1.33,692,1758,-2355,0,0,3857,0.0003,0.021,0.043,-0.057,-4.61,-2.55,692,1900,-2968,0,0,5233,0.0097,-0.011,0.072,-0.028,-2.03,-5.13,709,4731,-1720,0,0,6670,0.0266,0.039,0.065,-0.035,-1.98,-5.18,699,5136,-2238,0,0
160.92,4,13101.3,568.12,0.01,13065.6,95.0,0.75,-0.58,-0.13,1.0,0.0,1.0,2,4660,995.5,1.9,-0.35,-0.64,-16.19,2257,381,2723,-0.0171,-0.027,0.071,-0.029,-6.08,-1.08,696,1741,-2370,0,0,3882,0.0007,0.019,0.045,-0.055,-4.84,-2.33,695,1932,-3076,0,0,5233,0.0097,0.0,0.085,-0.015,-2.09,-5.07,705,4744,-1771,0,0,6749,0.0276,0.046,0.051,-0.049,-2.05,-5.11,712,4996,-2364,0,0
160.94,4,13101.8,567.67,0.01,13065.3,95.5,0.74,-0.6,-0.14,1.0,0.0,1.0,2,4692,996.2,1.9,-0.36,-0.67,-16.68,2281,385,2683,-0.0177,-0.031,0.07,-0.03,-6.4,-0.76,702,1640,-2411,0,0,3904,0.0011,0.017,0.048,-0.052,-5.15,-2.01,701,1941,-3210,0,0,5222,0.0096,-0.006,0.073,-0.027,-2.2,-4.96,717,4690,-1859,0,0,6820,0.0284,0.042,0.064,-0.036,-2.16,-5.0,708,5132,-2497,0,0
160.96,4,13102.3,567.23,0.01,13065.01,96.1,0.74,-0.62,-0.14,1.0,0.0,1.0,2,4724,996.8,1.91,-0.36,-0.7,-17.13,2302,390,2644,-0.0183,-0.03,0.074,-0.026,-6.74,-0.42,707,1638,-2415,0,0,3925,0.0014,0.016,0.048,-0.052,-5.4,-1.76,706,1925,-3324,0,0,5208,0.0094,-0.008,0.087,-0.013,-2.3,-4.86,713,4732,-1916,0,0,6885,0.0292,0.038,0.053,-0.047,-2.3,-4.86,720,5117,-2675,0,0
160.98,4,13102.9,566.79,0.01,13064.71,96.6,0.74,-0.64,-0.15,1.0,0.0,1.0,2,4752,997.4,1.92,-0.37,-0.74,-17.57,2331,394,2603,-0.019,-0.031,0.076,-0.024,-7.09,-0.07,713,1606,-2422,0,0,3953,0.0018,0.021,0.051,-0.049,-5.7,-1.46,710,1971,-3434,0,0,5192,0.0093,-0.009,0.078,-0.022,-2.42,-4.74,726,4733,-1991,0,0,6958,0.03,0.043,0.065,-0.035,-2.34,-4.83,716,5217,-2737,0,0
161.0,4,13103.4,566.34,0.01,13064.4,97.1,0.74,-0.65,-0.15,1.0,0.0,1.0,2,4783,998.0,1.92,-0.37,-0.76,-18.09,2358,398,2563,-0.0196,-0.03,0.08,-0.02,-7.44,0.27,718,1597,-2413,0,0,3980,0.0022,0.021,0.052,-0.048,-5.97,-1.19,715,1951,-3544,0,0,5152,0.0088,-0.024,0.076,-0.024,-2.53,-4.63,730,4638,-2066,0,0,7004,0.0306,0.027,0.068,-0.032,-2.46,-4.7,720,5382,-2851,0,0
161.02,4,13103.9,565.9,0.01,13064.09,97.6,0.73,-0.66,-0.16,1.0,0.0,1.0,2,4818,998.7,1.93,-0.36,-0.78,-18.45,2382,402,2540,-0.0199,-0.018,0.089,-0.011,-7.83,0.67,722,1657,-2388,0,0,3998,0.0025,0.014,0.054,-0.046,-6.32,-0.85,721,1949,-3651,0,0,5113,0.0083,-0.023,0.08,-0.02,-2.67,-4.5,736,4668,-2124,0,0,7020,0.0308,0.009,0.068,-0.032,-2.58,-4.58,726,5309,-3003,0,0
161.04,4,13104.5,565.45,0.01,13063.78,98.1,0.73,-0.68,-0.17,1.0,0.0,1.0,2,4851,999.3,1.94,-0.36,-0.79,-18.81,2406,406,2523,-0.0202,-0.013,0.087,-0.013,-8.18,1.02,728,1567,-2434,0,0,4015,0.0028,0.013,0.056,-0.044,-6.63,-0.53,725,1960,-3741,0,0,5087,0.008,-0.015,0.094,-0.006,-2.74,-4.42,732,4687,-2150,0,0,7038,0.031,0.011,0.056,-0.044,-2.66,-4.5,739,5257,-3105,0,0
161.06,4,13105.0,565.0,0.01,13063.46,98.6,0.74,-0.7,-0.17,1.0,0.0,1.0,2,4877,999.7,1.95,-0.35,-0.81,-19.18,2436,410,2513,-0.0203,-0.007,0.091,-0.009,-8.52,1.36,733,1569,-2441,0,0,4037,0.0031,0.017,0.059,-0.041,-6.98,-0.18,728,2002,-3823,0,0,5061,0.0077,-0.015,0.087,-0.013,-2.8,-4.36,744,4742,-2146,0,0,7053,0.0312,0.009,0.07,-0.03,-2.79,-4.37,734,5377,-3214,0,0
161.08,4,13105.6,564.56,0.01,13063.14,99.1,0.72,-0.72,-0.18,1.0,0.0,1.0,2,4915,1000.4,1.96,-0.35,-0.83,-19.6,2458,414,2507,-0.0204,-0.005,0.093,-0.007,-8.98,1.82,739,1540,-2469,0,0,4072,0.0036,0.027,0.059,-0.041,-7.26,0.1,734,1943,-3929,0,0,5009,0.0071,-0.03,0.086,-0.014,-3.01,-4.15,750,4630,-2270,0,0,7055,0.0312,0.001,0.071,-0.029,-2.92,-4.25,739,5377,-3335,0,0
161.1,4,13106.1,564.11,0.01,13062.82,99.6,0.72,-0.75,-0.19,1.0,0.0,1.0,2,4945,1000.8,1.96,-0.35,-0.85,-19.93,2480,419,2506,-0.0204,-0.001,0.097,-0.003,-9.38,2.21,744,1533,-2485,0,0,4102,0.0041,0.023,0.061,-0.039,-7.55,0.38,739,1967,-4002,0,0,4986,0.0068,-0.014,0.098,-0.002,-3.07,-4.09,746,4620,-2294,0,0,7073,0.0314,0.011,0.061,-0.039,-3.05,-4.11,752,5362,-3475,0,0
161.12,4,13106.7,563.66,0.01,13062.49,100.1,0.73,-0.77,-0.19,1.0,0.0,1.0,2,4972,1001.2,1.97,-0.35,-0.88,-20.12,2500,423,2497,-0.0206,-0.007,0.103,0.003,-9.84,2.67,748,1553,-2478,0,0,4138,0.0047,0.028,0.062,-0.038,-7.92,0.76,743,1949,-4101,0,0,4972,0.0067,-0.008,0.09,-0.01,-3.25,-3.92,758,4594,-2388,0,0,7118,0.0319,0.027,0.074,-0.026,-3.16,-4.0,747,5466,-3581,0,0
161.14,4,13107.3,563.21,0.01,13062.15,100.6,0.73,-0.79,-0.2,1.0,0.0,1.0,2,4996,1001.6,1.97,-0.35,-0.9,-20.26,2531,427,2488,-0.0207,-0.007,0.102,0.002,-10.19,3.03,753,1505,-2500,0,0,4172,0.0052,0.026,0.064,-0.036,-8.21,1.05,746,1950,-4176,0,0,4985,0.0068,0.008,0.102,0.002,-3.21,-3.95,753,4651,-2361,0,0,7187,0.0327,0.041,0.06,-0.04,-3.13,-4.03,759,5340,-3635,0,0
161.16,4,13107.8,562.76,0.01,13061.82,101.0,0.71,-0.79,-0.21,1.0,0.0,1.0,2,5031,1002.1,1.98,-0.34,-0.93,-20.43,2558,431,2477,-0.0209,-0.009,0.107,0.007,-10.64,3.47,758,1500,-2496,0,0,4209,0.0058,0.028,0.066,-0.034,-8.62,1.46,751,1935,-4267,0,0,4962,0.0065,-0.014,0.089,-0.011,-3.3,-3.86,767,4541,-2438,0,0,7227,0.0332,0.024,0.074,-0.026,-3.25,-3.91,756,5464,-3737,0,0
161.18,4,13108.4,562.32,0.01,13061.48,101.5,0.72,-0.8,-0.22,1.0,0.0,1.0,2,5060,1002.5,1.99,-0.34,-0.94,-20.7,2589,435,2471,-0.021,-0.005,0.111,0.011,-11.05,3.88,763,1500,-2493,0,0,4247,0.0063,0.029,0.068,-0.032,-8.98,1.81,755,1956,-4336,0,0,4934,0.0062,-0.017,0.091,-0.009,-3.39,-3.77,771,4542,-2457,0,0,7257,0.0335,0.017,0.077,-0.023,-3.33,-3.83,760,5602,-3790,0,0
161.2,4,13108.9,561.87,0.01,13061.13,102.0,0.71,-0.81,-0.22,1.0,0.0,1.0,2,5094,1002.9,2.0,-0.33,-0.96,-20.93,2615,439,2469,-0.021,-0.001,0.117,0.017,-11.57,4.41,768,1507,-2492,0,0,4278,0.0068,0.024,0.071,-0.029,-9.29,2.13,759,1993,-4383,0,0,4895,0.0058,-0.022,0.093,-0.007,-3.48,-3.68,777,4533,-2473,0,0,7261,0.0336,0.003,0.077,-0.023,-3.45,-3.71,765,5549,-3906,0,0
161.22,4,13109.5,561.42,0.01,13060.78,102.5,0.71,-0.82,-0.23,1.0,0.0,1.0,2,5121,1003.2,2.0,-0.32,-0.97,-21.18,2645,443,2467,-0.0211,-0.002,0.119,0.019,-11.96,4.79,773,1490,-2500,0,0,4307,0.0073,0.022,0.073,-0.027,-9.68,2.52,763,2002,-4438,0,0,4863,0.0054,-0.019,0.107,0.007,-3.59,-3.58,772,4547,-2480,0,0,7270,0.0337,0.005,0.067,-0.033,-3.53,-3.63,778,5570,-3974,0,0
161.24,4,13110.1,560.97,0.01,13060.43,102.9,0.7,-0.83,-0.24,1.0,0.0,1.0,2,5156,1003.6,2.01,-0.32,-0.98,-21.34,2667,447,2467,-0.021,0.001,0.123,0.023,-12.45,5.29,778,1485,-2506,0,0,4328,0.0076,0.016,0.075,-0.025,-10.13,2.97,769,1981,-4495,0,0,4828,0.005,-0.021,0.096,-0.004,-3.69,-3.47,786,4474,-2536,0,0,7261,0.0336,-0.005,0.081,-0.019,-3.67,-3.49,774,5644,-4058,0,0
161.26,4,13110.7,560.52,0.01,13060.07,103.4,0.7,-0.84,-0.25,1.0,0.0,1.0,2,5189,1003.9,2.02,-0.32,-1.0,-21.35,2690,451,2459,-0.0212,-0.006,0.128,0.028,-13.0,5.83,784,1474,-2502,0,0,4350,0.0079,0.017,0.078,-0.022,-10.54,3.38,773,1992,-4534,0,0,4807,0.0047,-0.012,0.11,0.01,-3.81,-3.35,783,4486,-2559,0,0,7279,0.0338,0.011,0.069,-0.031,-3.74,-3.43,788,5535,-4163,0,0
161.28,4,13111.2,560.07,0.01,13059.71,103.9,0.7,-0.86,-0.26,1.0,0.0,1.0,2,5218,1004.2,2.03,-0.32,-1.01,-21.28,2714,456,2453,-0.0213,-0.005,0.134,0.034,-13.41,6.24,788,1495,-2481,0,0,4366,0.0082,0.012,0.081,-0.019,-10.96,3.79,777,1997,-4564,0,0,4804,0.0047,-0.002,0.099,-0.001,-3.87,-3.29,796,4445,-2605,0,0,7305,0.0341,0.015,0.082,-0.018,-3.79,-3.37,784,5653,-4185,0,0
161.3,4,13111.8,559.62,0.01,13059.34,104.3,0.7,-0.86,-0.27,1.0,0.0,1.0,2,5244,1004.4,2.03,-0.33,-1.02,-21.12,2735,460,2445,-0.0214,-0.006,0.136,0.036,-14.03,6.86,794,1454,-2492,0,0,4379,0.0084,0.011,0.085,-0.015,-11.43,4.27,781,2019,-4584,0,0,4805,0.0047,0.001,0.111,0.011,-3.93,-3.23,791,4470,-2618,0,0,7334,0.0345,0.017,0.072,-0.028,-3.91,-3.25,796,5621,-4308,0,0
161.32,4,13112.4,559.17,0.01,13058.97,104.8,0.7,-0.88,-0.28,1.0,0.0,1.0,2,5271,1004.6,2.04,-0.33,-1.04,-20.9,2759,464,2433,-0.0216,-0.009,0.141,0.041,-14.53,7.37,798,1450,-2477,0,0,4397,0.0087,0.014,0.087,-0.013,-11.77,4.61,784,2016,-4613,0,0,4813,0.0048,0.005,0.099,-0.001,-3.98,-3.18,803,4429,-2672,0,0,7382,0.035,0.028,0.083,-0.017,-3.92,-3.25,791,5688,-4335,0,0
161.34,4,13113.0,558.73,0.01,13058.59,105.3,0.7,-0.88,-0.29,1.0,0.0,1.0,2,5297,1004.8,2.05,-0.34,-1.05,-20.62,2783,468,2423,-0.0217,-0.008,0.149,0.049,-15.18,8.02,803,1458,-2457,0,0,4414,0.0089,0.012,0.09,-0.01,-12.35,5.19,788,2013,-4640,0,0,4822,0.0049,0.005,0.112,0.012,-4.0,-3.16,798,4475,-2663,0,0,7424,0.0355,0.025,0.072,-0.028,-3.95,-3.22,803,5631,-4412,0,0
161.36,4,13113.6,558.28,0.01,13058.21,105.7,0.69,-0.89,-0.3,1.0,0.0,1.0,2,5321,1005.0,2.05,-0.34,-1.06,-20.33,2805,472,2418,-0.0218,-0.004,0.15,0.05,-15.65,8.49,807,1430,-2462,0,0,4432,0.0092,0.014,0.094,-0.006,-12.88,5.71,791,2024,-4661,0,0,4826,0.005,0.003,0.101,0.001,-4.08,-3.08,811,4445,-2719,0,0,7460,0.0359,0.021,0.084,-0.016,-4.0,-3.16,798,5738,-4442,0,0
161.38,4,13114.2,557.83,0.01,13057.82,106.2,0.69,-0.9,-0.32,1.0,0.0,1.0,2,5347,1005.2,2.06,-0.34,-1.07,-20.02,2830,476,2414,-0.0219,-0.003,0.157,0.057,-16.25,9.09,811,1436,-2450,0,0,4451,0.0095,0.015,0.093,-0.007,-13.24,6.08,796,1966,-4707,0,0,4840,0.0051,0.008,0.111,0.011,-4.06,-3.11,805,4466,-2713,0,0,7504,0.0365,0.026,0.072,-0.028,-3.99,-3.17,810,5674,-4502,0,0
161.4,4,13114.8,557.39,0.01,13057.44,106.6,0.68,-0.9,-0.33,1.0,0.0,1.0,2,5372,1005.3,2.06,-0.34,-1.08,-19.74,2858,480,2408,-0.022,-0.005,0.158,0.058,-16.91,9.75,815,1393,-2461,0,0,4469,0.0098,0.014,0.097,-0.003,-13.76,6.6,800,1980,-4722,0,0,4844,0.0052,0.002,0.099,-0.001,-4.09,-3.08,818,4424,-2755,0,0,7539,0.0369,0.021,0.085,-0.015,-3.99,-3.18,805,5841,-4464,0,0
161.42,4,13115.4,556.94,0.01,13057.04,107.1,0.68,-0.9,-0.34,1.0,0.0,1.0,2,5396,1005.4,2.07,-0.34,-1.09,-19.51,2880,484,2411,-0.0219,0.003,0.164,0.064,-17.6,10.44,819,1395,-2460,0,0,4487,0.01,0.014,0.1,0.0,-14.27,7.1,804,1986,-4739,0,0,4837,0.0051,-0.004,0.111,0.011,-4.13,-3.03,812,4448,-2749,0,0,7551,0.037,0.007,0.076,-0.024,-4.09,-3.08,817,5850,-4539,0,0
161.44,4,13115.9,556.49,0.01,13056.64,107.5,0.68,-0.91,-0.35,1.0,0.0,1.0,2,5417,1005.5,2.07,-0.34,-1.09,-19.26,2908,488,2408,-0.022,-0.003,0.169,0.069,-18.13,10.97,823,1396,-2451,0,0,4500,0.0102,0.01,0.105,0.005,-14.71,7.55,806,2019,-4738,0,0,4844,0.0052,0.004,0.099,-0.001,-4.11,-3.06,824,4411,-2773,0,0,7579,0.0373,0.017,0.086,-0.014,-3.99,-3.18,811,5923,-4470,0,0
161.46,4,13116.5,556.05,0.01,13056.24,108.0,0.67,-0.9,-0.37,1.0,0.0,1.0,2,5444,1005.6,2.08,-0.33,-1.09,-19.04,2936,492,2413,-0.0219,0.004,0.173,0.073,-18.87,11.7,827,1376,-2462,0,0,4506,0.0103,0.004,0.107,0.007,-15.26,8.1,810,1994,-4750,0,0,4840,0.0051,-0.002,0.112,0.012,-4.12,-3.04,819,4454,-2749,0,0,7577,0.0373,-0.002,0.075,-0.025,-4.01,-3.15,824,5829,-4520,0,0
161.48,4,13117.1,555.61,0.01,13055.83,108.4,0.66,-0.9,-0.38,1.0,0.0,1.0,2,5473,1005.7,2.09,-0.33,-1.09,-18.81,2958,496,2423,-0.0217,0.008,0.178,0.078,-19.6,12.44,831,1374,-2471,0,0,4510,0.0104,0.003,0.111,0.011,-15.89,8.72,815,1988,-4751,0,0,4829,0.005,-0.006,0.101,0.001,-4.15,-3.01,832,4420,-2768,0,0,7558,0.0371,-0.011,0.088,-0.012,-4.1,-3.06,819,5926,-4530,0,0
161.5,4,13117.8,555.16,0.01,13055.42,108.8,0.67,-0.9,-0.4,1.0,0.0,1.0,2,5494,1005.8,2.09,-0.33,-1.09,-18.65,2987,500,2428,-0.0216,0.003,0.185,0.085,-20.29,13.13,835,1380,-2468,0,0,4518,0.0105,0.006,0.114,0.014,-16.41,9.25,819,1996,-4751,0,0,4825,0.0049,-0.002,0.113,0.013,-4.11,-3.06,826,4476,-2713,0,0,7559,0.0371,0.0,0.077,-0.023,-4.01,-3.15,831,5935,-4470,0,0
161.52,4,13118.4,554.72,0.01,13055.01,109.2,0.66,-0.9,-0.41,1.0,0.0,1.0,2,5516,1005.3,2.1,-0.32,-1.07,-18.55,3010,504,2438,-0.0215,0.008,0.191,0.091,-21.01,13.84,838,1383,-2474,0,0,4524,0.0106,0.004,0.118,0.018,-17.01,9.85,822,1998,-4750,0,0,4808,0.0047,-0.01,0.107,0.007,-4.3,-2.86,838,4479,-2755,0,0,7536,0.0368,-0.013,0.09,-0.01,-4.04,-3.13,825,6044,-4418,0,0
161.54,4,13119.0,554.28,0.01,13054.59,109.7,0.65,-0.9,-0.43,1.0,0.0,1.0,2,5541,1004.3,2.1,-0.32,-1.06,-18.32,3035,508,2461,-0.0211,0.018,0.195,0.095,-21.77,14.61,841,1380,-2499,0,0,4515,0.0105,-0.007,0.123,0.023,-17.63,10.47,826,2007,-4728,0,0,4819,0.0049,0.007,0.113,0.013,-4.17,-2.99,834,4443,-2756,0,0,7505,0.0365,-0.018,0.077,-0.023,-4.05,-3.12,838,5868,-4477,0,0
161.56,4,13119.6,553.84,0.01,13054.17,110.1,0.65,-0.91,-0.44,1.0,0.0,1.0,2,5563,1003.4,2.11,-0.32,-1.06,-18.07,3054,512,2480,-0.0209,0.015,0.203,0.103,-22.57,15.41,844,1395,-2510,0,0,4511,0.0104,-0.003,0.13,0.03,-18.27,11.1,829,2037,-4703,0,0,4823,0.0049,0.002,0.102,0.002,-4.18,-2.98,846,4415,-2779,0,0,7479,0.0362,-0.015,0.091,-0.009,-4.15,-3.01,833,5976,-4480,0,0
161.58,4,13120.2,553.4,0.01,13053.74,110.5,0.64,-0.92,-0.46,1.0,0.0,1.0,2,5585,1002.6,2.11,-0.32,-1.06,-17.74,3076,516,2483,-0.0208,0.003,0.209,0.109,-23.29,16.13,848,1393,-2511,0,0,4517,0.0105,0.004,0.131,0.031,-18.83,11.67,832,1994,-4719,0,0,4834,0.005,0.007,0.113,0.013,-4.16,-3.0,841,4458,-2761,0,0,7493,0.0363,0.008,0.077,-0.023,-4.08,-3.09,845,5807,-4521,0,0
161.6,4,13120.8,552.96,0.01,13053.3,110.9,0.64,-0.92,-0.48,1.0,0.0,1.0,2,5604,1001.8,2.12,-0.32,-1.07,-17.41,3096,519,2485,-0.0208,0.002,0.216,0.116,-24.09,16.93,851,1394,-2507,0,0,4525,0.0106,0.006,0.136,0.036,-19.39,12.23,835,2015,-4712,0,0,4847,0.0052,0.008,0.101,0.001,-4.15,-3.01,852,4434,-2786,0,0,7514,0.0366,0.012,0.088,-0.012,-4.07,-3.09,839,5907,-4494,0,0
161.62,4,13121.4,552.52,0.01,13052.87,111.3,0.64,-0.92,-0.5,1.0,0.0,1.0,2,5620,1001.1,2.12,-0.33,-1.07,-17.03,3116,523,2487,-0.0207,0.001,0.223,0.123,-24.95,17.79,854,1392,-2505,0,0,4536,0.0108,0.009,0.14,0.04,-20.12,12.96,837,1999,-4722,0,0,4865,0.0054,0.01,0.113,0.013,-4.12,-3.04,846,4497,-2756,0,0,7545,0.0369,0.018,0.076,-0.024,-4.06,-3.1,850,5848,-4536,0,0
161.64,4,13122.0,552.08,0.01,13052.43,111.7,0.63,-0.93,-0.51,1.0,0.0,1.0,2,5634,1000.5,2.13,-0.34,-1.08,-16.62,3138,527,2486,-0.0208,-0.001,0.23,0.13,-25.72,18.55,856,1393,-2499,0,0,4546,0.0109,0.008,0.143,0.043,-20.74,13.58,840,1986,-4730,0,0,4891,0.0057,0.016,0.098,-0.002,-4.02,-3.15,856,4439,-2784,0,0,7585,0.0374,0.024,0.087,-0.013,-4.03,-3.14,843,5941,-4514,0,0
161.66,4,13122.7,551.65,0.01,13051.98,112.1,0.62,-0.92,-0.53,1.0,0.0,1.0,2,5651,999.8,2.13,-0.34,-1.1,-16.23,3160,531,2480,-0.0209,-0.005,0.238,0.138,-26.6,19.44,859,1389,-2487,0,0,4562,0.0112,0.012,0.147,0.047,-21.36,14.2,841,2000,-4733,0,0,4906,0.0059,0.009,0.108,0.008,-3.99,-3.18,850,4474,-2766,0,0,7629,0.0379,0.026,0.074,-0.026,-3.95,-3.21,855,5845,-4537,0,0
161.68,4,13123.3,551.21,0.01,13051.53,112.5,0.62,-0.92,-0.55,1.0,0.0,1.0,2,5665,999.2,2.13,-0.34,-1.1,-15.92,3185,535,2475,-0.0209,-0.003,0.247,0.147,-27.42,20.25,862,1397,-2473,0,0,4578,0.0114,0.013,0.151,0.051,-22.08,14.92,844,1992,-4746,0,0,4915,0.006,0.005,0.096,-0.004,-3.98,-3.18,861,4431,-2799,0,0,7665,0.0383,0.021,0.085,-0.015,-3.83,-3.33,847,5999,-4416,0,0
161.7,4,13123.9,550.78,0.01,13051.08,112.9,0.61,-0.92,-0.57,1.0,0.0,1.0,2,5681,998.5,2.14,-0.34,-1.1,-15.58,3208,539,2481,-0.0208,0.004,0.255,0.155,-28.36,21.2,864,1395,-2475,0,0,4586,0.0116,0.006,0.157,0.057,-22.78,15.62,846,2005,-4740,0,0,4924,0.0061,0.006,0.106,0.006,-3.84,-3.33,854,4497,-2714,0,0,7678,0.0385,0.008,0.073,-0.027,-3.88,-3.29,859,5855,-4513,0,0
161.72,4,13124.6,550.35,0.01,13050.62,113.3,0.61,-0.91,-0.59,1.0,0.0,1.0,2,5692,998.0,2.14,-0.33,-1.1,-15.43,3236,542,2484,-0.0208,0.002,0.265,0.165,-29.22,22.06,866,1405,-2470,0,0,4599,0.0118,0.01,0.162,0.062,-23.43,16.27,848,2025,-4739,0,0,4923,0.0061,-0.001,0.093,-0.007,-3.81,-3.35,865,4430,-2736,0,0,7689,0.0386,0.007,0.084,-0.016,-3.69,-3.47,851,6072,-4307,0,0
161.74,4,13125.2,549.92,0.01,13050.16,113.7,0.59,-0.91,-0.61,1.0,0.0,1.0,2,5710,997.2,2.14,-0.32,-1.1,-15.29,3258,546,2497,-0.0206,0.01,0.274,0.174,-30.18,23.01,867,1415,-2476,0,0,4609,0.0119,0.008,0.168,0.068,-24.11,16.95,850,2040,-4735,0,0,4909,0.0059,-0.008,0.104,0.004,-3.79,-3.37,860,4467,-2695,0,0,7671,0.0384,-0.011,0.072,-0.028,-3.81,-3.35,864,5877,-4449,0,0
161.76,4,13125.8,549.49,0.01,13049.69,114.1,0.59,-0.91,-0.63,0.0,1.0,1.0,2,5724,996.6,2.15,-0.32,-1.1,-15.1,3277,550,2506,-0.0204,0.007,0.287,0.187,-31.14,23.97,869,1437,-2471,0,0,4626,0.0122,0.013,0.173,0.073,-24.89,17.73,853,2039,-4745,0,0,4894,0.0058,-0.008,0.096,-0.004,-3.82,-3.34,870,4472,-2690,0,0,7667,0.0384,-0.002,0.083,-0.017,-3.77,-3.4,857,5969,-4383,0,0
161.78,4,13126.5,549.06,0.01,13049.23,114.1,0.05,-0.95,-0.66,0.0,1.0,1.0,2,5254,560.8,1.43,-0.3,-1.11,-13.32,3285,550,2516,-0.0203,0.008,0.114,0.014,-32.03,24.87,715,748,-2735,5850,0,4637,0.0123,0.008,-0.135,0.035,-25.7,18.54,630,-1267,-4987,1755,1,4906,0.0059,0.007,-0.014,-0.086,-3.59,-3.57,767,-872,-3276,3150,0,7679,0.0385,0.007,-0.035,-0.065,-3.63,-3.53,783,-2380,-4919,3150,0
161.8,4,13127.1,548.64,0.01,13048.76,113.6,-0.67,-0.85,-0.68,0.0,1.0,1.0,2,4524,208.1,0.76,-0.23,-1.1,-10.81,3280,545,2565,-0.0195,0.037,-0.117,0.017,-33.2,26.04,547,-650,-2805,5850,0,4687,0.0131,0.039,-0.129,0.029,-26.56,19.4,613,-1559,-4955,1755,1,4866,0.0054,-0.023,-0.041,-0.059,-3.42,-3.74,740,-2236,-3058,3150,0,7642,0.0381,-0.022,-0.034,-0.066,-3.36,-3.8,753,-3719,-4521,3150,0
161.82,4,13127.7,548.22,0.01,13048.29,112.9,-1.01,-0.77,-0.71,0.0,1.0,1.0,2,4169,-209.7,0.2,-0.12,-1.08,-9.16,3278,538,2696,-0.0175,0.101,-0.165,0.065,-34.48,27.31,545,-807,-2909,1755,1,4803,0.0149,0.089,-0.179,0.079,-27.57,20.41,579,-1905,-4960,1755,1,4750,0.0041,-0.069,-0.12,0.02,-3.25,-3.91,702,-4476,-2320,3150,0,7506,0.0365,-0.08,-0.118,0.018,-3.18,-3.98,698,-6990,-3375,3150,0
161.84,4,13128.3,547.8,0.01,13047.83,112.0,-1.18,-0.66,-0.75,0.0,1.0,1.0,2,3978,-197.7,0.2,0.03,-1.03,-8.16,3284,529,2906,-0.0143,0.162,-0.2,0.1,-35.82,28.66,491,-1054,-3070,1755,1,4975,0.0175,0.132,-0.212,0.112,-28.62,21.46,532,-2273,-5000,1755,1,4551,0.0017,-0.117,-0.125,0.025,-3.12,-4.04,673,-4721,-1874,945,1,7257,0.0335,-0.146,-0.112,0.012,-3.12,-4.04,658,-7286,-2854,3150,0
161.86,4,13128.9,547.4,0.01,13047.37,111.1,-1.21,-0.6,-0.78,0.0,1.0,1.0,2,3807,-194.1,0.2,0.19,-0.95,-7.4,3291,521,3204,-0.0097,0.229,-0.24,0.14,-37.4,30.23,474,-1273,-3327,1755,1,5172,0.0206,0.152,-0.242,0.142,-29.87,22.71,516,-2492,-5114,1755,1,4291,-0.0013,-0.153,-0.14,0.04,-2.92,-4.24,667,-4544,-1633,945,1,6864,0.0289,-0.231,-0.167,0.067,-2.93,-4.23,681,-7157,-2392,945,1
161.88,4,13129.6,546.99,0.01,13046.91,110.3,-1.21,-0.58,-0.81,0.0,1.0,1.0,2,3798,-189.9,0.2,0.37,-0.85,-6.88,3301,514,3527,-0.0047,0.248,-0.225,0.125,-38.87,31.71,449,-1364,-3649,1755,1,5343,0.0232,0.131,-0.237,0.137,-31.0,23.84,494,-2560,-5263,1755,1,4027,-0.0045,-0.155,-0.128,0.028,-2.96,-4.2,659,-4272,-1556,945,1,6403,0.0235,-0.272,-0.114,0.014,-2.97,-4.19,644,-6559,-2420,3150,0
161.9,4,13130.2,546.59,0.01,13046.45,109.4,-1.19,-0.57,-0.85,0.0,1.0,1.0,2,3687,-188.6,0.2,0.54,-0.76,-6.75,3310,506,3873,0.0006,0.267,-0.239,0.139,-40.55,33.38,448,-1434,-3998,1755,1,5510,0.0258,0.128,-0.252,0.152,-32.27,25.11,491,-2587,-5421,1755,1,3733,-0.0079,-0.173,-0.147,0.047,-2.84,-4.32,656,-4032,-1358,945,1,5873,0.0173,-0.311,-0.159,0.059,-2.89,-4.27,671,-6202,-2059,945,1
161.92,4,13130.8,546.2,0.01,13046.0,108.6,-1.17,-0.55,-0.89,0.0,1.0,1.0,2,3656,-184.0,0.2,0.68,-0.66,-7.02,3304,499,4188,0.0054,0.242,-0.215,0.115,-42.13,34.97,428,-1442,-4327,1755,1,5639,0.0278,0.099,-0.242,0.142,-33.51,26.35,471,-2560,-5560,1755,1,3437,-0.0114,-0.174,-0.141,0.041,-2.79,-4.37,636,-3771,-1191,945,1,5335,0.0109,-0.317,-0.131,0.031,-2.82,-4.34,633,-5690,-1835,945,1
161.94,4,13131.4,545.81,0.01,13045.54,107.7,-1.15,-0.53,-0.92,0.0,1.0,1.0,2,3509,-181.1,0.2,0.81,-0.59,-7.66,3288,492,4463,0.0097,0.212,-0.229,0.129,-43.7,36.54,425,-1454,-4607,1755,1,5739,0.0293,0.077,-0.259,0.159,-34.78,27.61,466,-2568,-5653,1755,1,3170,-0.0145,-0.157,-0.174,0.074,-2.84,-4.32,625,-3573,-1011,945,1,4839,0.0051,-0.292,-0.184,0.084,-2.78,-4.38,639,-5343,-1480,945,1
161.96,4,13132.0,545.42,0.01,13045.09,106.9,-1.14,-0.5,-0.96,0.0,1.0,1.0,2,3410,-172.5,0.2,0.9,-0.52,-8.58,3261,484,4687,0.0131,0.173,-0.213,0.113,-45.41,38.25,399,-1466,-4831,1755,1,5816,0.0305,0.059,-0.256,0.156,-36.05,28.89,441,-2585,-5718,1755,1,2946,-0.0172,-0.132,-0.191,0.091,-2.9,-4.27,590,-3396,-846,945,1,4422,0.0002,-0.246,-0.178,0.078,-2.86,-4.3,586,-4993,-1249,945,1
161.98,4,13132.5,545.04,0.01,13044.64,106.1,-1.12,-0.47,-0.99,0.0,1.0,1.0,2,3210,-166.1,0.2,0.96,-0.47,-9.68,3219,477,4868,0.0159,0.138,-0.239,0.139,-47.12,39.96,389,-1509,-4998,1755,1,5863,0.0312,0.036,-0.283,0.183,-37.32,30.16,430,-2652,-5730,1755,1,2779,-0.0191,-0.098,-0.235,0.135,-2.94,-4.22,569,-3264,-703,945,1,4081,-0.0038,-0.201,-0.251,0.151,-2.97,-4.19,583,-4722,-998,945,1
162.0,4,13133.1,544.66,0.01,13044.2,105.3,-1.12,-0.43,-1.0,0.0,1.0,0.88,2,3077,-155.3,0.2,0.98,-0.43,-10.84,3165,470,4989,0.0177,0.093,-0.236,0.136,-48.81,41.65,357,-1569,-5099,1755,1,5894,0.0317,0.024,-0.289,0.189,-38.67,31.51,401,-2720,-5725,1755,1,2686,-0.0202,-0.055,-0.259,0.159,-3.12,-4.04,531,-3188,-624,945,1,3870,-0.0063,-0.124,-0.252,0.152,-3.09,-4.07,527,-4527,-873,945,1
162.02,4,13133.7,544.29,0.01,13043.75,104.5,-1.13,-0.4,-1.0,0.0,1.0,0.75,2,2897,-149.1,0.2,0.97,-0.4,-11.97,3098,462,5059,0.0188,0.054,-0.286,0.186,-49.16,42.0,344,-1784,-5109,1755,1,5892,0.0316,-0.002,-0.328,0.228,-39.01,31.84,388,-2922,-5633,1755,1,2692,-0.0202,0.004,-0.296,0.196,-3.31,-3.85,515,-3212,-593,945,1,3782,-0.0073,-0.052,-0.309,0.209,-3.26,-3.9,525,-4455,-795,945,1
162.04,4,13134.3,543.92,0.01,13043.31,103.6,-1.19,-0.38,-1.0,0.0,1.0,0.62,2,2787,-142.9,0.2,0.95,-0.4,-12.86,3028,455,5105,0.0195,0.036,-0.323,0.223,-49.27,42.11,324,-2042,-5076,1755,1,5880,0.0315,-0.009,-0.351,0.251,-39.05,31.89,371,-3104,-5536,1755,1,2792,-0.019,0.059,-0.308,0.208,-3.49,-3.67,501,-3329,-618,945,1,3806,-0.0071,0.014,-0.321,0.221,-3.41,-3.75,508,-4488,-794,945,1
162.06,4,13134.9,543.56,0.01,13042.87,102.7,-1.25,-0.37,-1.0,0.0,1.0,0.48,2,2733,-139.6,0.2,0.91,-0.4,-13.38,2958,447,5129,0.0199,0.018,-0.345,0.245,-49.38,42.22,310,-2198,-5045,1755,1,5896,0.0317,0.012,-0.364,0.264,-39.19,32.03,361,-3216,-5497,1755,1,2926,-0.0174,0.079,-0.308,0.208,-3.61,-3.55,498,-3478,-670,945,1,3929,-0.0056,0.073,-0.314,0.214,-3.6,-3.57,499,-4618,-859,945,1
162.08,4,13135.4,543.19,0.01,13042.44,101.8,-1.3,-0.37,-1.0,0.0,1.0,0.35,2,2628,-133.8,0.2,0.88,-0.41,-13.66,2896,439,5147,0.0202,0.014,-0.402,0.302,-49.53,42.37,268,-2485,-4952,1755,1,5914,0.032,0.014,-0.394,0.294,-39.34,32.18,332,-3405,-5419,1755,1,3103,-0.0153,0.104,-0.309,0.209,-3.86,-3.3,480,-3674,-744,945,1,4107,-0.0035,0.104,-0.32,0.22,-3.81,-3.36,487,-4808,-936,945,1
162.1,4,13136.0,542.84,0.01,13042.0,100.9,-1.33,-0.35,-1.0,0.0,1.0,0.22,2,2552,-129.8,0.2,0.85,-0.4,-13.59,2838,430,5156,0.0203,0.007,-0.47,0.37,-49.69,42.53,244,-2776,-4829,1755,1,5935,0.0323,0.016,-0.428,0.328,-39.45,32.29,315,-3596,-5335,1755,1,3268,-0.0134,0.097,-0.294,0.194,-4.0,-3.17,494,-3844,-843,945,1,4287,-0.0014,0.106,-0.304,0.204,-3.97,-3.19,497,-4986,-1056,945,1
162.12,4,13136.5,542.48,0.01,13041.58,99.9,-1.36,-0.34,-1.0,0.0,1.0,0.08,2,2518,-127.3,0.2,0.83,-0.4,-13.1,2783,422,5182,0.0207,0.02,-0.573,0.473,-49.84,42.68,187,-3226,-4620,1755,1,5958,0.0327,0.017,-0.479,0.379,-39.69,32.53,279,-3891,-5181,1755,1,3419,-0.0116,0.088,-0.242,0.142,-4.18,-2.99,526,-3944,-1077,945,1,4433,0.0003,0.086,-0.248,0.148,-4.09,-3.07,529,-5066,-1321,945,1
162.14,4,13137.1,542.14,0.0,13041.15,98.9,-1.35,-0.34,-1.0,0.0,1.0,0.03,1,2460,-124.5,0.2,0.81,-0.4,-11.74,2731,414,5208,0.0211,0.02,-0.635,0.535,-50.05,42.89,160,-3534,-4458,1755,1,5970,0.0328,0.009,-0.526,0.426,-39.81,32.65,251,-4157,-5016,1755,1,3548,-0.0101,0.076,-0.144,0.044,-4.25,-2.91,590,-3778,-1660,945,1,4544,0.0016,0.065,-0.139,0.039,-4.18,-2.98,600,-4751,-2112,945,1
162.16,4,13137.6,541.79,0.0,13040.73,98.0,-1.31,-0.38,-1.0,0.0,1.0,0.13,1,2458,-124.0,0.2,0.8,-0.4,-9.5,2677,406,5234,0.0215,0.02,-0.671,0.571,-50.16,43.0,141,-3690,-4383,1755,1,5994,0.0332,0.018,-0.557,0.457,-39.96,32.8,232,-4337,-4915,1755,1,3634,-0.0091,0.05,-0.131,0.031,-4.07,-3.1,588,-3658,-1897,945,1,4627,0.0026,0.049,-0.138,0.038,-4.1,-3.07,589,-4658,-2331,945,1
162.18,4,13138.2,541.45,0.0,13040.31,97.0,-1.33,-0.36,-1.0,0.0,1.0,0.23,1,2556,-128.6,0.2,0.8,-0.41,-7.13,2627,398,5259,0.0219,0.019,-0.74,0.64,-50.31,43.15,110,-3909,-4252,1755,1,6027,0.0337,0.025,-0.575,0.475,-40.08,32.92,219,-4437,-4879,1755,1,3706,-0.0082,0.043,-0.17,0.07,-3.98,-3.18,557,-3953,-1678,945,1,4710,0.0036,0.049,-0.173,0.073,-3.95,-3.21,553,-4980,-2069,945,1
162.2,4,13138.7,541.11,0.0,13039.9,96.0,-1.38,-0.27,-1.0,0.0,1.0,0.33,1,2751,-138.6,0.2,0.79,-0.41,-5.09,2580,390,5266,0.022,0.005,-0.815,0.715,-50.39,43.23,76,-4130,-4083,1755,1,6061,0.0342,0.027,-0.608,0.508,-40.23,33.07,199,-4583,-4807,1755,1,3752,-0.0077,0.027,-0.258,0.158,-3.87,-3.29,481,-4301,-1178,945,1,4792,0.0045,0.048,-0.271,0.171,-3.88,-3.28,490,-5434,-1448,945,1
162.22,4,13139.2,540.78,0.0,13039.49,95.0,-1.4,-0.18,-1.0,0.0,1.0,0.28,1,2830,-144.2,0.2,0.78,-0.39,-3.6,2534,382,5271,0.0221,0.004,-0.794,0.694,-50.48,43.31,84,-4184,-4043,1755,1,6060,0.0342,-0.001,-0.602,0.502,-40.32,33.16,200,-4623,-4773,1755,1,3790,-0.0072,0.022,-0.361,0.261,-3.85,-3.32,422,-4470,-825,945,1,4822,0.0049,0.018,-0.349,0.249,-3.8,-3.36,423,-5612,-1031,945,1
162.24,4,13139.8,540.45,0.0,13039.08,94.1,-1.37,-0.16,-1.0,0.0,1.0,0.18,1,2789,-141.9,0.2,0.78,-0.37,-2.61,2482,375,5270,0.0221,0.0,-0.754,0.654,-50.57,43.41,100,-4020,-4179,1755,1,6020,0.0336,-0.031,-0.595,0.495,-40.33,33.17,202,-4528,-4797,1755,1,3821,-0.0069,0.018,-0.372,0.272,-3.77,-3.39,409,-4524,-754,945,1,4800,0.0046,-0.013,-0.374,0.274,-3.74,-3.43,411,-5611,-932,945,1
162.26,4,13140.3,540.13,0.0,13038.68,93.1,-1.36,-0.16,-1.0,0.0,1.0,0.08,1,2775,-140.7,0.2,0.78,-0.33,-1.72,2438,367,5277,0.0222,0.005,-0.786,0.686,-50.62,43.45,87,-4070,-4147,1755,1,5981,0.033,-0.029,-0.614,0.514,-40.44,33.28,191,-4568,-4714,1755,1,3845,-0.0066,0.014,-0.341,0.241,-3.75,-3.41,429,-4541,-798,945,1,4766,0.0042,-0.02,-0.339,0.239,-3.7,-3.47,432,-5562,-972,945,1
162.28,4,13140.8,539.81,0.0,13038.28,92.2,-1.34,-0.16,-1.0,0.0,1.0,0.01,1,2711,-137.6,0.2,0.8,-0.27,-0.71,2392,359,5307,0.0226,0.023,-0.795,0.695,-50.57,43.41,83,-4137,-4130,1755,1,5934,0.0323,-0.037,-0.643,0.543,-40.46,33.29,174,-4649,-4584,1755,1,3850,-0.0065,0.003,-0.252,0.152,-3.67,-3.49,485,-4481,-1009,945,1,4670,0.0031,-0.056,-0.235,0.135,-3.67,-3.49,497,-5362,-1250,945,1
162.3,4,13141.3,539.49,0.0,13037.89,91.2,-1.32,-0.19,-1.0,0.0,1.0,0.11,1,2679,-135.6,0.2,0.81,-0.22,0.7,2346,352,5353,0.0234,0.036,-0.779,0.679,-50.64,43.48,88,-4144,-4186,1755,1,5874,0.0314,-0.046,-0.674,0.574,-40.49,33.33,158,-4716,-4444,1755,1,3861,-0.0064,0.006,-0.176,0.076,-3.46,-3.7,524,-4303,-1389,945,1,4542,0.0016,-0.075,-0.176,0.076,-3.52,-3.65,523,-5013,-1635,945,1
162.32,4,13141.8,539.17,0.01,13037.5,90.3,-1.31,-0.2,-1.0,0.0,1.0,0.21,1,2750,-138.9,0.2,0.82,-0.19,2.22,2305,345,5395,0.024,0.033,-0.81,0.71,-50.54,43.37,75,-4226,-4174,1755,1,5814,0.0304,-0.046,-0.693,0.593,-40.45,33.29,147,-4746,-4334,1755,1,3867,-0.0063,0.004,-0.205,0.105,-3.29,-3.87,501,-4364,-1274,945,1,4415,0.0001,-0.075,-0.2,0.1,-3.3,-3.86,497,-4933,-1468,945,1
162.34,4,13142.3,538.86,0.01,13037.11,89.4,-1.29,-0.14,-1.0,0.0,1.0,0.13,1,2775,-140.9,0.2,0.83,-0.16,3.52,2255,338,5402,0.0241,0.005,-0.851,0.751,-50.54,43.38,58,-4349,-4076,1755,1,5760,0.0296,-0.042,-0.715,0.615,-40.31,33.15,134,-4789,-4219,1755,1,3835,-0.0067,-0.019,-0.258,0.158,-3.04,-4.12,464,-4467,-938,945,1,4303,-0.0012,-0.066,-0.25,0.15,-3.1,-4.07,464,-4974,-1073,945,1
162.36,4,13142.8,538.55,0.01,13036.73,88.5,-1.3,-0.12,-1.0,0.0,1.0,0.03,1,2739,-139.0,0.2,0.83,-0.14,4.68,2207,331,5421,0.0244,0.015,-0.825,0.725,-50.48,43.32,70,-4347,-4104,1755,1,5730,0.0292,-0.023,-0.721,0.621,-40.33,33.17,131,-4781,-4185,1755,1,3810,-0.007,-0.015,-0.221,0.121,-2.86,-4.3,484,-4424,-945,945,1,4214,-0.0023,-0.052,-0.214,0.114,-2.87,-4.29,485,-4853,-1075,945,1
162.38,4,13143.3,538.25,0.01,13036.35,87.5,-1.28,-0.14,-1.0,0.0,1.0,0.05,1,2663,-134.9,0.2,0.83,-0.14,6.06,2162,324,5426,0.0245,0.004,-0.813,0.713,-50.35,43.19,74,-4321,-4134,1755,1,5702,0.0287,-0.021,-0.733,0.633,-40.25,33.08,124,-4802,-4125,1755,1,3798,-0.0072,-0.007,-0.133,0.033,-2.62,-4.55,532,-4174,-1275,945,1,4159,-0.0029,-0.033,-0.125,0.025,-2.63,-4.53,534,-4492,-1458,945,1
162.4,4,13143.8,537.95,0.01,13035.97,86.7,-1.24,-0.16,-1.0,0.0,1.0,0.15,1,2674,-135.1,0.2,0.83,-0.14,7.76,2116,318,5405,0.0242,-0.016,-0.818,0.718,-50.23,43.07,70,-4296,-4127,1755,1,5679,0.0284,-0.018,-0.742,0.642,-40.11,32.95,119,-4823,-4071,1755,1,3773,-0.0074,-0.014,-0.143,0.043,-2.28,-4.88,516,-4126,-1198,945,1,4132,-0.0032,-0.016,-0.138,0.038,-2.29,-4.87,519,-4438,-1365,945,1
162.42,4,13144.2,537.65,0.01,13035.6,85.8,-1.26,-0.13,-1.0,0.0,1.0,0.07,1,2703,-136.9,0.2,0.82,-0.14,9.29,2070,311,5379,0.0238,-0.02,-0.845,0.745,-50.08,42.92,60,-4359,-4037,1755,1,5657,0.028,-0.017,-0.745,0.645,-39.99,32.83,116,-4820,-4043,1755,1,3759,-0.0076,-0.008,-0.159,0.059,-1.93,-5.24,506,-4248,-936,945,1,4121,-0.0033,-0.006,-0.15,0.05,-1.97,-5.2,508,-4591,-1086,945,1
162.44,4,13144.7,537.35,0.01,13035.23,84.9,-1.26,-0.11,-1.0,0.0,1.0,0.05,1,2655,-134.5,0.2,0.82,-0.13,10.63,2021,305,5371,0.0236,-0.007,-0.818,0.718,-49.9,42.74,70,-4318,-4063,1755,1,5631,0.0276,-0.02,-0.755,0.655,-39.79,32.63,111,-4837,-3989,1755,1,3764,-0.0075,0.003,-0.141,0.041,-1.54,-5.63,512,-4148,-898,945,1,4104,-0.0036,-0.01,-0.127,0.027,-1.57,-5.59,513,-4461,-1021,945,1
162.46,4,13145.2,537.06,0.01,13034.87,84.0,-1.28,-0.1,-1.0,0.0,1.0,0.06,1,2617,-132.4,0.2,0.82,-0.12,11.88,1976,298,5375,0.0237,0.003,-0.799,0.699,-49.69,42.53,77,-4267,-4114,1755,1,5621,0.0275,-0.008,-0.752,0.652,-39.61,32.45,111,-4835,-3977,1755,1,3786,-0.0073,0.013,-0.126,0.026,-1.22,-5.94,514,-4173,-764,945,1,4107,-0.0035,0.002,-0.134,0.034,-1.26,-5.9,507,-4482,-861,945,1
162.48,4,13145.6,536.77,0.01,13034.51,83.0,-1.33,-0.04,-1.0,0.0,1.0,0.0,1,2531,-128.1,0.2,0.82,-0.11,12.49,1936,292,5393,0.024,0.014,-0.799,0.699,-49.5,42.34,75,-4254,-4151,1755,1,5632,0.0276,0.009,-0.736,0.636,-39.41,32.25,117,-4813,-4016,1755,1,3797,-0.0072,0.006,-0.795,0.695,-0.9,-6.26,93,-4571,-125,6000,0,4109,-0.0035,0.001,-0.777,0.677,-0.9,-6.26,101,-4927,-140,6000,0
162.5,4,13146.1,536.49,0.01,13034.15,82.1,-1.33,0.0,-1.0,0.0,1.0,0.0,1,2445,-123.8,0.2,0.82,-0.09,12.74,1893,285,5394,0.024,0.001,-0.836,0.736,-49.31,42.15,61,-4351,-4068,1755,1,5614,0.0274,-0.014,-0.734,0.634,-39.2,32.04,118,-4800,-4004,1755,1,3813,-0.007,0.01,-0.965,0.865,-0.64,-6.52,-7,-4572,-61,6000,0,4100,-0.0036,-0.005,-0.937,0.837,-0.67,-6.49,9,-4898,-69,6000,0
162.52,4,13146.5,536.21,0.01,13033.8,81.2,-1.31,0.01,-1.0,0.0,1.0,0.0,1,2362,-119.9,0.2,0.82,-0.07,12.88,1850,279,5410,0.0242,0.012,-0.859,0.759,-49.09,41.92,52,-4442,-4007,1755,1,5583,0.0269,-0.023,-0.738,0.638,-38.98,31.82,115,-4797,-3964,1755,1,3839,-0.0067,0.015,-1.002,0.902,-0.41,-6.76,48,-4599,-43,6000,0,4065,-0.004,-0.021,-0.977,0.877,-0.39,-6.78,-14,-4858,-46,6000,0
162.54,4,13147.0,535.93,0.01,13033.45,80.2,-1.31,0.02,-1.0,0.0,1.0,0.0,1,2281,-116.0,0.2,0.82,-0.06,13.04,1809,272,5429,0.0245,0.015,-0.874,0.774,-48.84,41.68,46,-4511,-3970,1755,1,5558,0.0265,-0.019,-0.738,0.638,-38.67,31.51,113,-4796,-3930,1755,1,3860,-0.0064,0.013,-1.039,0.939,-0.12,-7.04,27,-4624,-24,6000,0,4029,-0.0044,-0.021,-1.021,0.921,-0.1,-7.07,38,-4816,-23,6000,0
162.56,4,13147.4,535.65,0.01,13033.11,79.3,-1.31,0.03,-1.0,0.0,1.0,0.0,1,2204,-112.3,0.2,0.84,-0.05,13.34,1771,266,5435,0.0246,0.005,-0.887,0.787,-48.65,41.49,41,-4562,-3931,1755,1,5553,0.0264,-0.004,-0.731,0.631,-38.51,31.35,115,-4782,-3937,1755,1,3851,-0.0065,-0.005,-0.949,0.849,0.14,-7.02,1,-4614,-5,6000,0,4005,-0.0047,-0.014,-0.971,0.871,0.16,-7.0,-11,-4790,-4,6000,0
162.58,4,13147.9,535.38,0.01,13032.77,78.4,-1.3,0.03,-1.0,0.0,1.0,0.0,1,2128,-108.7,0.2,0.85,-0.03,13.58,1734,260,5455,0.0249,0.015,-0.891,0.791,-48.45,41.29,40,-4601,-3923,1755,1,5555,0.0265,0.001,-0.723,0.623,-38.32,31.16,118,-4770,-3954,1755,1,3827,-0.0068,-0.014,-1.003,0.903,0.4,-6.77,48,-4586,14,6000,0,3958,-0.0053,-0.028,-1.024,0.924,0.41,-6.75,37,-4735,15,6000,0
162.6,4,13148.3,535.11,0.01,13032.43,77.5,-1.29,0.04,-1.0,0.0,1.0,0.0,1,2055,-105.3,0.2,0.86,0.0,13.76,1695,254,5480,0.0253,0.019,-0.889,0.789,-48.2,41.04,40,-4631,-3930,1755,1,5540,0.0262,-0.012,-0.722,0.622,-38.09,30.93,118,-4766,-3937,1755,1,3809,-0.007,-0.011,-0.917,0.817,0.67,-6.49,18,-4567,33,6000,0,3887,-0.0061,-0.041,-0.94,0.84,0.67,-6.49,5,-4656,34,6000,0
162.62,4,13148.7,534.84,0.01,13032.1,76.6,-1.29,0.04,-1.0,0.0,1.0,0.0,1,1985,-101.9,0.2,0.87,0.02,13.87,1659,248,5508,0.0257,0.022,-0.884,0.784,-47.99,40.82,42,-4654,-3949,1755,1,5517,0.0259,-0.017,-0.725,0.625,-37.85,30.69,115,-4768,-3903,1755,1,3801,-0.0071,-0.005,-1.02,0.92,0.94,-6.23,39,-4557,52,6000,0,3813,-0.007,-0.044,-1.004,0.904,0.98,-6.18,47,-4569,54,6000,0
162.64,4,13149.1,534.58,0.01,13031.78,75.7,-1.27,0.05,-1.0,0.0,1.0,0.0,1,1917,-98.6,0.2,0.87,0.06,13.94,1621,242,5529,0.0261,0.016,-0.88,0.78,-47.76,40.59,43,-4670,-3963,1755,1,5487,0.0254,-0.023,-0.73,0.63,-37.57,30.41,112,-4777,-3851,1755,1,3788,-0.0073,-0.007,-0.931,0.831,1.22,-5.94,9,-4543,73,6000,0,3733,-0.0079,-0.047,-0.981,0.881,1.22,-5.94,-17,-4480,72,6000,0
162.66,4,13149.5,534.32,0.01,13031.45,74.8,-1.27,0.05,-1.0,0.0,1.0,0.0,1,1851,-95.5,0.2,0.88,0.08,13.9,1582,237,5551,0.0264,0.017,-0.873,0.773,-47.52,40.36,45,-4684,-3983,1755,1,5438,0.0247,-0.038,-0.744,0.644,-37.36,30.2,105,-4785,-3769,1755,1,3797,-0.0072,0.005,-1.03,0.93,1.47,-5.69,33,-4552,90,6000,0,3649,-0.0089,-0.049,-0.911,0.811,1.49,-5.67,18,-4383,89,6000,0
162.68,4,13150.0,534.06,0.01,13031.13,73.9,-1.26,0.06,-1.0,0.0,1.0,0.0,1,1787,-92.4,0.2,0.88,0.1,13.92,1543,231,5564,0.0266,0.01,-0.869,0.769,-47.24,40.08,46,-4695,-3991,1755,1,5407,0.0242,-0.024,-0.75,0.65,-37.12,29.96,102,-4791,-3716,1755,1,3794,-0.0072,-0.002,-0.988,0.888,1.75,-5.41,-21,-4548,111,6000,0,3588,-0.0096,-0.036,-0.995,0.895,1.76,-5.4,-25,-4313,105,6000,0
162.7,4,13150.4,533.81,0.01,13030.82,73.0,-1.27,0.06,-1.0,0.0,1.0,0.0,1,1725,-89.5,0.2,0.88,0.11,13.89,1505,225,5578,0.0268,0.011,-0.863,0.763,-47.01,39.85,48,-4704,-4003,1755,1,5380,0.0238,-0.02,-0.752,0.652,-36.82,29.66,100,-4792,-3676,1755,1,3805,-0.0071,0.007,-1.036,0.936,2.01,-5.15,31,-4559,129,6000,0,3547,-0.0101,-0.024,-0.988,0.888,2.08,-5.09,-22,-4265,125,6000,0
162.72,4,13150.8,533.56,0.01,13030.51,72.1,-1.27,0.07,-1.0,0.0,1.0,0.0,1,1665,-86.6,0.2,0.88,0.11,13.95,1469,220,5581,0.0269,0.003,-0.86,0.76,-46.77,39.61,49,-4711,-4003,1755,1,5374,0.0237,-0.005,-0.746,0.646,-36.62,29.46,102,-4784,-3677,1755,1,3795,-0.0072,-0.006,-0.942,0.842,2.28,-4.89,2,-4548,149,6000,0,3524,-0.0104,-0.014,-0.92,0.82,2.32,-4.84,12,-4238,143,6000,0
162.74,4,13151.2,533.31,0.01,13030.2,71.2,-1.27,0.07,-1.0,0.0,1.0,0.0,1,1607,-83.8,0.2,0.88,0.11,14.01,1430,215,5573,0.0267,-0.007,-0.862,0.762,-46.53,39.37,48,-4721,-3982,1755,1,5362,0.0235,-0.009,-0.742,0.642,-36.37,29.21,102,-4777,-3668,1755,1,3790,-0.0072,-0.003,-0.997,0.897,2.57,-4.59,-26,-4541,168,6000,0,3515,-0.0105,-0.006,-1.0,0.9,2.61,-4.55,20,-4226,159,6000,0
162.76,4,13151.5,533.06,0.01,13029.9,70.3,-1.27,0.07,-1.0,0.0,1.0,0.0,1,1550,-81.1,0.2,0.87,0.1,14.12,1394,209,5559,0.0265,-0.011,-0.867,0.767,-46.29,39.13,46,-4733,-3951,1755,1,5355,0.0234,-0.006,-0.736,0.636,-36.12,28.96,104,-4770,-3665,1755,1,3791,-0.0072,0.001,-1.051,0.951,2.84,-4.32,24,-4540,185,6000,0,3525,-0.0104,0.006,-1.031,0.931,2.89,-4.27,33,-4236,178,6000,0
162.78,4,13151.9,532.82,0.01,13029.6,69.4,-1.27,0.08,-1.0,0.0,1.0,0.0,1,1496,-78.5,0.2,0.86,0.1,14.24,1355,204,5541,0.0262,-0.014,-0.872,0.772,-46.05,38.89,43,-4744,-3915,1755,1,5343,0.0232,-0.009,-0.733,0.633,-35.88,28.72,104,-4766,-3654,1755,1,3797,-0.0072,0.003,-0.947,0.847,3.16,-4.0,-2,-4546,210,6000,0,3539,-0.0102,0.008,-1.004,0.904,3.18,-3.98,47,-4251,197,6000,0
162.8,4,13152.3,532.58,0.01,13029.3,68.5,-1.28,0.08,-1.0,0.0,1.0,0.0,1,1444,-75.2,0.2,0.86,0.1,14.32,1322,198,5526,0.026,-0.011,-0.875,0.775,-45.81,38.65,42,-4752,-3887,1755,1,5332,0.023,-0.009,-0.731,0.631,-35.64,28.48,104,-4762,-3642,1755,1,3817,-0.0069,0.012,-0.995,0.895,3.42,-3.75,-25,-4568,231,6000,0,3563,-0.0099,0.014,-0.972,0.872,3.47,-3.69,-15,-4278,221,6000,0
162.82,4,13152.7,532.34,0.01,13029.01,67.6,-1.27,0.09,-1.0,0.0,1.0,0.0,1,1393,-72.0,0.2,0.86,0.09,14.45,1288,193,5513,0.0258,-0.01,-0.876,0.776,-45.56,38.4,42,-4756,-3864,1755,1,5329,0.023,-0.002,-0.723,0.623,-35.35,28.19,105,-4756,-3645,1755,1,3811,-0.007,-0.003,-1.052,0.952,3.7,-3.47,25,-4560,246,6000,0,3571,-0.0098,0.005,-0.942,0.842,3.77,-3.39,0,-4286,240,6000,0
162.84,4,13153.1,532.11,0.01,13028.72,66.7,-1.27,0.09,-1.0,0.0,1.0,0.0,1,1345,-68.9,0.2,0.86,0.08,14.63,1255,188,5498,0.0256,-0.012,-0.878,0.778,-45.31,38.15,41,-4760,-3838,1755,1,5333,0.0231,0.003,-0.714,0.614,-35.13,27.96,108,-4749,-3663,1755,1,3792,-0.0072,-0.011,-0.955,0.855,4.02,-3.14,-6,-4537,275,6000,0,3577,-0.0097,0.004,-0.907,0.807,4.08,-3.08,15,-4292,261,6000,0
162.86,4,13153.4,531.88,0.01,13028.44,65.8,-1.26,0.09,-1.0,0.0,1.0,0.0,1,1300,-66.0,0.2,0.86,0.07,14.77,1220,183,5491,0.0255,-0.005,-0.875,0.775,-45.07,37.91,41,-4760,-3830,1755,1,5339,0.0231,0.004,-0.704,0.604,-34.86,27.69,110,-4740,-3682,1755,1,3767,-0.0075,-0.014,-1.026,0.926,4.29,-2.87,37,-4507,291,6000,0,3568,-0.0098,-0.005,-0.99,0.89,4.43,-2.73,-23,-4280,284,6000,0
162.88,4,13153.8,531.65,0.01,13028.16,64.9,-1.27,0.1,-1.0,0.0,1.0,0.0,1,1256,-63.2,0.2,0.86,0.07,14.88,1188,178,5484,0.0254,-0.005,-0.871,0.771,-44.81,37.65,42,-4759,-3822,1755,1,5347,0.0233,0.006,-0.695,0.595,-34.59,27.43,112,-4735,-3702,1755,1,3752,-0.0077,-0.009,-0.99,0.89,4.59,-2.57,-23,-4489,310,6000,0,3573,-0.0098,0.003,-0.897,0.797,4.8,-2.36,18,-4283,311,6000,0
162.9,4,13154.1,531.43,0.01,13027.88,64.0,-1.26,0.1,-1.0,0.0,1.0,0.0,1,1213,-60.5,0.2,0.85,0.07,14.97,1156,173,5464,0.0251,-0.016,-0.876,0.776,-44.57,37.41,40,-4763,-3789,1755,1,5336,0.0231,-0.008,-0.694,0.594,-34.34,27.17,111,-4736,-3685,1755,1,3748,-0.0077,-0.002,-1.056,0.956,4.89,-2.27,24,-4481,325,6000,0,3581,-0.0097,0.005,-0.975,0.875,5.0,-2.16,-17,-4291,328,6000,0
162.92,4,13154.5,531.21,0.01,13027.61,63.1,-1.25,0.11,-1.0,0.0,1.0,0.0,1,1173,-57.9,0.2,0.85,0.08,14.99,1125,169,5454,0.0249,-0.008,-0.874,0.774,-44.31,37.14,40,-4765,-3774,1755,1,5314,0.0228,-0.017,-0.699,0.599,-34.08,26.91,108,-4746,-3643,1755,1,3754,-0.0077,0.003,-0.948,0.848,5.22,-1.95,-4,-4486,350,6000,0,3571,-0.0098,-0.006,-0.952,0.852,5.32,-1.84,-7,-4277,344,6000,0
162.94,4,13154.8,530.99,0.01,13027.34,62.2,-1.24,0.11,-1.0,0.0,1.0,0.0,1,1135,-55.4,0.2,0.85,0.08,14.97,1093,164,5443,0.0247,-0.008,-0.872,0.772,-44.01,36.85,41,-4765,-3759,1755,1,5286,0.0223,-0.022,-0.706,0.606,-33.81,26.65,104,-4757,-3587,1755,1,3753,-0.0077,0.0,-0.901,0.801,5.49,-1.67,16,-4484,377,6000,0,3547,-0.0101,-0.014,-0.939,0.839,5.61,-1.55,-2,-4248,360,6000,0
162.96,4,13155.2,530.77,0.01,13027.07,61.4,-1.24,0.12,-1.0,0.0,1.0,0.0,1,1098,-53.1,0.2,0.84,0.09,15.03,1062,159,5429,0.0245,-0.011,-0.872,0.772,-43.78,36.62,40,-4766,-3737,1755,1,5272,0.0221,-0.011,-0.706,0.606,-33.54,26.38,104,-4763,-3560,1755,1,3744,-0.0078,-0.006,-0.972,0.872,5.79,-1.37,-15,-4471,397,6000,0,3538,-0.0102,-0.005,-1.032,0.932,5.94,-1.22,35,-4235,379,6000,0
162.98,4,13155.5,530.56,0.01,13026.81,60.5,-1.24,0.12,-1.0,0.0,1.0,0.0,1,1062,-50.8,0.2,0.84,0.09,15.03,1031,155,5419,0.0244,-0.008,-0.87,0.77,-43.51,36.35,40,-4766,-3723,1755,1,5246,0.0217,-0.019,-0.709,0.609,-33.25,26.09,101,-4767,-3517,1755,1,3750,-0.0077,0.004,-1.038,0.938,6.09,-1.07,33,-4475,413,6000,0,3525,-0.0104,-0.008,-0.948,0.848,6.24,-0.92,-6,-4217,397,6000,0
163.0,4,13155.8,530.35,0.01,13026.56,59.6,-1.24,0.13,-1.0,0.0,1.0,0.0,1,1028,-48.6,0.2,0.85,0.08,15.09,1000,150,5417,0.0243,-0.001,-0.862,0.762,-43.24,36.08,42,-4762,-3728,1755,1,5243,0.0217,-0.002,-0.7,0.6,-32.95,25.79,103,-4760,-3522,1755,1,3740,-0.0078,-0.006,-0.932,0.832,6.41,-0.75,1,-4461,437,6000,0,3512,-0.0105,-0.007,-1.049,0.949,6.59,-0.57,28,-4200,418,6000,0
163.02,4,13156.2,530.15,0.01,13026.3,58.7,-1.25,0.13,-1.0,0.0,1.0,0.0,1,996,-46.6,0.2,0.85,0.08,15.17,969,146,5418,0.0244,0.001,-0.854,0.754,-42.98,35.82,45,-4755,-3737,1755,1,5259,0.0219,0.012,-0.684,0.584,-32.66,25.5,107,-4750,-3561,1755,1,3724,-0.008,-0.01,-0.896,0.796,6.74,-0.42,15,-4439,460,6000,0,3516,-0.0105,0.002,-1.027,0.927,6.92,-0.24,38,-4201,443,6000,0
163.04,4,13156.5,529.94,0.01,13026.06,57.8,-1.26,0.13,-1.0,0.0,1.0,0.0,1,965,-44.6,0.2,0.86,0.08,15.2,940,141,5423,0.0244,0.004,-0.843,0.743,-42.72,35.56,47,-4748,-3754,1755,1,5277,0.0222,0.014,-0.668,0.568,-32.44,25.28,111,-4735,-3608,1755,1,3720,-0.0081,-0.002,-0.972,0.872,7.05,-0.12,-16,-4432,482,6000,0,3529,-0.0103,0.008,-0.927,0.827,7.21,0.05,0,-4214,466,6000,0
163.06,4,13156.8,529.74,0.01,13025.81,56.9,-1.26,0.13,-1.0,0.0,1.0,0.0,1,935,-42.7,0.2,0.86,0.1,15.15,913,137,5437,0.0246,0.011,-0.829,0.729,-42.42,35.25,51,-4739,-3785,1755,1,5290,0.0224,0.01,-0.656,0.556,-32.17,25.01,114,-4723,-3644,1755,1,3718,-0.0081,-0.001,-1.049,0.949,7.33,0.17,29,-4428,496,6000,0,3526,-0.0103,-0.001,-0.905,0.805,7.52,0.36,9,-4208,490,6000,0
163.08,4,13157.1,529.55,0.01,13025.57,56.0,-1.25,0.13,-1.0,0.0,1.0,0.0,1,907,-40.9,0.2,0.87,0.11,14.93,887,133,5468,0.0251,0.024,-0.809,0.709,-42.14,34.98,56,-4731,-3843,1755,1,5285,0.0223,-0.004,-0.652,0.552,-31.86,24.7,114,-4722,-3639,1755,1,3732,-0.0079,0.008,-0.928,0.828,7.63,0.47,0,-4441,521,6000,0,3493,-0.0107,-0.02,-1.027,0.927,7.84,0.67,38,-4167,502,6000,0
163.1,4,13157.4,529.35,0.01,13025.33,55.1,-1.24,0.13,-1.0,0.0,1.0,0.0,1,880,-39.1,0.2,0.88,0.13,14.64,860,129,5489,0.0254,0.016,-0.794,0.694,-41.84,34.68,60,-4719,-3887,1755,1,5274,0.0221,-0.008,-0.652,0.552,-31.56,24.4,112,-4728,-3617,1755,1,3735,-0.0079,0.001,-0.879,0.779,7.91,0.75,19,-4440,546,6000,0,3454,-0.0112,-0.023,-0.957,0.857,8.13,0.97,-12,-4120,520,6000,0
163.12,4,13157.7,529.16,0.01,13025.1,54.3,-1.25,0.13,-1.0,0.0,1.0,0.0,1,853,-37.5,0.2,0.89,0.14,14.31,835,125,5518,0.0259,0.023,-0.776,0.676,-41.53,34.36,64,-4711,-3940,1755,1,5271,0.0221,-0.002,-0.646,0.546,-31.25,24.08,113,-4730,-3613,1755,1,3734,-0.0079,0.0,-1.032,0.932,8.23,1.07,37,-4436,563,6000,0,3411,-0.0117,-0.025,-0.965,0.865,8.42,1.26,-15,-4068,530,6000,0
163.14,4,13158.0,528.97,0.01,13024.87,53.4,-1.23,0.12,-1.0,0.0,1.0,0.0,1,838,-8.7,0.25,0.9,0.16,13.98,809,121,5541,0.0263,0.018,-0.761,0.661,-41.2,34.04,67,-4703,-3983,1755,1,5265,0.022,-0.005,-0.642,0.542,-30.93,23.77,113,-4732,-3602,1755,1,3718,-0.0081,-0.009,-0.993,0.893,8.48,1.31,-25,-4415,579,6000,0,3356,-0.0123,-0.032,-0.902,0.802,8.71,1.55,7,-4002,545,6000,0
163.16,4,13158.3,528.79,0.01,13024.64,52.5,-1.23,0.13,-1.0,0.0,1.0,0.0,1,836,-1.4,0.26,0.9,0.17,13.57,784,117,5563,0.0266,0.016,-0.749,0.649,-40.94,33.77,70,-4699,-4020,1755,1,5249,0.0217,-0.012,-0.643,0.543,-30.61,23.45,111,-4742,-3568,1755,1,3715,-0.0081,-0.002,-0.873,0.773,8.76,1.6,19,-4408,603,6000,0,3304,-0.013,-0.031,-0.92,0.82,9.02,1.86,0,-3939,549,6000,0
163.18,4,13158.6,528.61,0.01,13024.42,51.6,-1.22,0.13,-1.0,0.5,0.0,0.0,1,835,-0.2,0.26,0.9,0.18,13.14,759,113,5565,0.0266,0.002,-0.746,0.646,-40.63,33.47,70,-4702,-4023,1755,1,5231,0.0215,-0.013,-0.645,0.545,-30.32,23.16,109,-4752,-3532,1755,1,3707,-0.0082,-0.005,-0.963,0.863,9.02,1.86,-14,-4396,625,6000,0,3270,-0.0134,-0.02,-0.966,0.866,9.27,2.1,-17,-3898,561,6000,0
163.2,4,13158.9,528.43,0.01,13024.2,50.8,-1.2,0.06,-1.0,0.5,0.0,0.0,1,894,159.0,0.53,0.9,0.16,12.11,735,109,5559,0.0265,-0.005,-0.222,0.122,-40.18,33.02,221,-3504,-4943,0,0,5213,0.0212,-0.014,-0.172,0.072,-29.88,22.71,259,-3506,-4604,0,0,3694,-0.0084,-0.008,-0.636,0.536,9.29,2.13,140,-4360,789,0,0,3241,-0.0137,-0.017,-0.692,0.592,9.59,2.42,116,-3849,679,0,0
163.22,4,13159.2,528.26,0.01,13023.98,50.1,-1.07,-0.19,-1.0,0.5,0.0,0.0,1,1032,210.7,0.62,0.89,0.1,8.22,713,106,5520,0.0259,-0.029,0.049,-0.051,-39.37,32.21,287,-790,-5831,0,0,5206,0.0211,-0.005,0.06,-0.04,-29.06,21.9,320,-366,-5653,0,0,3651,-0.0089,-0.025,-0.216,0.116,9.44,2.28,283,-4065,1584,0,0,3240,-0.0137,-0.001,-0.292,0.192,9.61,2.45,251,-3693,1248,0,0
163.24,4,13159.4,528.09,0.01,13023.77,49.5,-0.8,-0.19,-1.0,1.0,0.0,0.07,1,1205,223.3,0.64,0.87,0.03,1.09,696,104,5434,0.0246,-0.067,0.043,-0.057,-38.35,31.19,282,326,-5791,0,0,5232,0.0215,0.02,0.015,-0.085,-28.15,20.99,307,349,-5691,0,0,3571,-0.0098,-0.047,0.044,-0.056,9.08,1.92,359,-1073,3870,0,0,3308,-0.0129,0.04,0.054,-0.046,9.12,1.96,358,-1296,3531,0,0
163.26,4,13159.7,527.92,0.01,13023.55,49.2,-0.48,-0.02,-1.0,1.0,0.0,0.13,1,1527,356.6,0.99,0.82,-0.04,-7.38,684,102,5297,0.0225,-0.105,-0.022,-0.078,-37.53,30.37,264,53,-5670,0,0,5249,0.0218,0.013,-0.046,-0.054,-27.54,20.38,293,-305,-5720,0,0,3488,-0.0108,-0.049,-0.082,-0.018,8.1,0.94,308,-924,3764,0,0,3425,-0.0115,0.069,-0.089,-0.011,7.99,0.83,308,-1006,3680,0,0
163.28,4,13160.0,527.75,0.01,13023.34,48.7,-0.67,0.02,-1.0,1.0,0.0,0.05,1,1919,518.9,1.25,0.76,-0.08,-15.01,666,100,5124,0.0198,-0.133,-0.027,-0.073,-37.0,29.84,262,-233,-5500,0,0,5201,0.021,-0.037,-0.031,-0.069,-27.19,20.02,300,-490,-5667,0,0,3473,-0.011,-0.009,-0.016,-0.084,7.04,-0.12,327,-1264,3588,0,0,3573,-0.0098,0.087,-0.044,-0.056,6.81,-0.36,328,-1829,3513,0,0
163.3,4,13160.3,527.58,0.01,13023.13,48.3,-0.59,0.05,-1.0,1.0,0.0,0.15,1,2419,628.3,1.36,0.69,-0.1,-22.63,652,99,4954,0.0172,-0.131,-0.022,-0.078,-36.61,29.45,260,-207,-5334,0,0,5116,0.0197,-0.065,-0.027,-0.073,-26.98,19.82,302,-351,-5595,0,0,3506,-0.0106,0.019,-0.045,-0.055,5.68,-1.48,310,-674,3533,0,0,3719,-0.0081,0.086,-0.081,-0.019,5.39,-1.77,312,-1839,3472,0,0
163.32,4,13160.5,527.42,0.01,13022.92,47.8,-0.71,0.01,-1.0,1.0,0.0,0.25,1,3015,739.1,1.5,0.63,-0.11,-29.52,635,97,4791,0.0147,-0.125,0.019,-0.081,-36.37,29.21,267,-153,-5175,0,0,4991,0.0178,-0.096,-0.017,-0.083,-26.92,19.75,304,-397,-5468,0,0,3579,-0.0097,0.043,0.003,-0.097,4.29,-2.87,321,-1425,3178,0,0,3841,-0.0066,0.072,-0.038,-0.062,4.03,-3.13,323,-2934,2891,0,0
163.34,4,13160.8,527.26,0.01,13022.71,47.5,-0.39,-0.06,-1.0,0.5,0.0,0.35,1,3535,840.1,1.62,0.56,-0.11,-35.98,624,96,4649,0.0125,-0.109,0.22,0.12,-36.27,29.11,322,1016,-4945,0,0,4863,0.0158,-0.098,0.098,-0.002,-27.02,19.86,344,516,-5327,0,0,3657,-0.0088,0.045,0.185,0.085,2.85,-4.31,372,3481,2084,0,0,3937,-0.0055,0.056,0.089,-0.011,2.58,-4.58,382,1971,2690,0,0
163.36,4,13161.1,527.09,0.01,13022.5,47.7,0.24,-0.28,-1.0,0.5,0.0,0.45,1,3691,494.6,1.18,0.46,-0.14,-42.22,623,96,4502,0.0103,-0.113,0.341,0.241,-36.24,29.08,349,2295,-4393,0,0,4715,0.0135,-0.114,0.162,0.062,-27.07,19.91,365,1635,-4958,0,0,3753,-0.0077,0.057,0.231,0.131,1.47,-5.69,382,4323,958,0,0,4032,-0.0044,0.056,0.106,0.006,1.28,-5.88,389,4057,1499,0,0
163.38,4,13161.3,526.93,0.01,13022.29,48.0,0.36,-0.37,-1.0,1.0,0.0,0.55,1,3460,320.4,0.91,0.35,-0.2,-47.7,623,97,4281,0.0069,-0.17,0.283,0.183,-36.21,29.05,332,2256,-4160,0,0,4549,0.011,-0.128,0.11,0.01,-27.33,20.17,352,1452,-4830,0,0,3868,-0.0063,0.067,0.105,0.005,0.12,-7.05,353,4354,679,0,0,4219,-0.0022,0.11,0.02,-0.08,0.05,-7.11,353,2723,1005,0,0
163.4,4,13161.6,526.77,0.02,13022.07,48.2,0.18,-0.4,-1.0,1.0,0.0,0.65,1,3526,671.7,1.39,0.22,-0.28,-51.37,622,98,3992,0.0024,-0.222,0.274,0.174,-36.59,29.43,332,1879,-3996,0,0,4367,0.0082,-0.14,0.106,0.006,-27.7,20.53,354,1093,-4719,0,0,3997,-0.0048,0.076,0.165,0.065,-0.98,-6.18,368,4505,101,0,0,4488,0.001,0.158,0.041,-0.059,-1.01,-6.15,374,1923,87,0,0
163.42,4,13161.9,526.61,0.02,13021.86,48.5,0.42,-0.48,-1.0,0.5,0.0,0.75,1,4351,959.3,1.81,0.09,-0.38,-54.86,622,99,3659,-0.0027,-0.257,0.547,0.447,-36.97,29.81,405,2527,-3254,0,0,4190,0.0055,-0.136,0.274,0.174,-28.02,20.86,413,2044,-4218,0,0,4081,-0.0038,0.049,0.491,0.391,-2.17,-5.0,468,4884,-238,0,0,4776,0.0044,0.17,0.279,0.179,-2.02,-5.14,479,5554,-461,0,0
163.44,4,13162.1,526.45,0.02,13021.64,49.0,0.68,-0.5,-1.0,0.5,0.0,0.85,1,5172,561.9,1.4,-0.04,-0.5,-58.77,629,101,3285,-0.0085,-0.287,0.837,0.737,-37.34,30.18,463,3009,-2308,0,0,4018,0.0028,-0.132,0.468,0.368,-28.56,21.39,463,3084,-3374,0,0,4145,-0.0031,0.038,0.756,0.656,-3.34,-3.82,533,4958,-274,0,0,5104,0.0082,0.193,0.578,0.478,-3.07,-4.1,516,6025,-440,0,0
163.46,4,13162.4,526.29,0.02,13021.41,49.5,0.77,-0.48,-1.0,0.5,0.0,0.95,1,4964,334.6,1.09,-0.18,-0.59,-62.4,638,104,2883,-0.0147,-0.31,0.818,0.718,-37.79,30.63,472,2760,-1910,0,0,3834,0.0,-0.141,0.433,0.333,-29.15,21.99,470,3108,-3093,0,0,4191,-0.0025,0.027,0.531,0.431,-4.71,-2.45,491,4993,-486,0,0,5435,0.0121,0.195,0.298,0.198,-4.18,-2.98,507,6340,-832,0,0
163.48,4,13162.7,526.12,0.02,13021.18,50.1,0.77,-0.49,-1.0,0.5,0.0,1.0,1,4751,335.2,1.07,-0.3,-0.68,-65.28,644,106,2486,-0.0208,-0.305,0.795,0.695,-38.72,31.56,467,2344,-1711,0,0,3628,-0.0032,-0.159,0.407,0.307,-29.84,22.68,467,2804,-3051,0,0,4234,-0.002,0.025,0.442,0.342,-5.94,-1.22,506,5000,-787,0,0,5727,0.0156,0.172,0.305,0.205,-5.36,-1.8,482,6509,-1509,0,0
163.5,4,13163.0,525.96,0.02,13020.95,50.6,0.75,-0.52,-1.0,0.5,0.0,1.0,1,4683,335.5,1.05,-0.41,-0.75,-67.19,651,108,2109,-0.0266,-0.29,0.804,0.704,-39.64,32.48,451,1968,-1492,0,0,3423,-0.0063,-0.157,0.403,0.303,-30.69,23.53,450,2524,-2982,0,0,4276,-0.0015,0.025,0.505,0.405,-7.21,0.05,432,4980,-1098,0,0,5995,0.0187,0.158,0.247,0.147,-6.34,-0.82,436,6528,-2312,0,0
163.52,4,13163.3,525.8,0.02,13020.72,51.1,0.71,-0.58,-1.0,0.5,0.0,1.0,1,4517,334.1,1.03,-0.5,-0.81,-67.81,655,110,1786,-0.0315,-0.248,0.762,0.662,-40.61,33.45,437,1615,-1330,0,0,3231,-0.0093,-0.148,0.358,0.258,-31.58,24.42,435,2155,-2977,0,0,4313,-0.0011,0.022,0.382,0.282,-8.2,1.04,427,4897,-1514,0,0,6204,0.0212,0.123,0.239,0.139,-7.33,0.17,408,6104,-3535,0,0
163.54,4,13163.5,525.64,0.02,13020.48,51.6,0.64,-0.66,-1.0,0.5,0.0,1.0,1,4279,326.6,1.01,-0.55,-0.87,-67.1,659,112,1525,-0.0355,-0.201,0.696,0.596,-41.6,34.43,430,1332,-1189,0,0,3082,-0.0116,-0.115,0.3,0.2,-32.44,25.28,427,1863,-2956,0,0,4343,-0.0007,0.017,0.316,0.216,-8.84,1.68,437,4716,-2026,0,0,6378,0.0232,0.102,0.07,-0.03,-7.99,0.82,458,4920,-5030,0,0
163.56,4,13163.8,525.48,0.02,13020.24,51.9,0.51,-0.75,-1.0,0.5,0.0,1.0,1,4161,322.8,0.99,-0.57,-0.92,-64.94,661,114,1338,-0.0384,-0.144,0.66,0.56,-42.44,35.28,422,1119,-1091,0,0,3004,-0.0128,-0.06,0.274,0.174,-33.2,26.04,420,1617,-2984,0,0,4336,-0.0008,-0.004,0.196,0.096,-9.38,2.22,445,4338,-2663,0,0,6515,0.0248,0.081,0.117,0.017,-8.39,1.23,427,3962,-5841,0,0
163.58,4,13164.1,525.33,0.02,13020.0,52.2,0.43,-0.8,-1.0,0.5,0.0,1.0,1,4172,322.8,0.99,-0.56,-0.97,-62.34,663,115,1245,-0.0399,-0.072,0.675,0.575,-43.43,36.27,422,1033,-1023,0,0,3018,-0.0126,0.01,0.282,0.182,-33.95,26.79,419,1599,-3004,0,0,4294,-0.0013,-0.025,0.202,0.102,-9.75,2.59,449,4194,-2787,0,0,6612,0.026,0.057,0.125,0.025,-8.71,1.55,431,3911,-6037,0,0
163.6,4,13164.4,525.17,0.02,13019.75,52.5,0.42,-0.84,-1.0,0.5,0.0,1.0,1,4167,322.8,0.99,-0.51,-1.01,-60.02,669,116,1250,-0.0398,0.004,0.686,0.586,-44.35,37.19,421,1033,-1030,0,0,3118,-0.011,0.078,0.279,0.179,-34.84,27.68,415,1589,-3123,0,0,4233,-0.002,-0.035,0.234,0.134,-10.01,2.84,441,4094,-2812,0,0,6677,0.0267,0.038,0.095,-0.005,-9.04,1.88,442,3844,-6191,0,0
163.62,4,13164.7,525.02,0.02,13019.5,52.7,0.4,-0.89,-1.0,0.5,0.0,1.0,1,4152,322.8,0.99,-0.45,-1.05,-58.02,677,117,1334,-0.0385,0.064,0.673,0.573,-44.92,37.76,415,1079,-1114,0,0,3280,-0.0085,0.124,0.282,0.182,-35.3,28.13,414,1657,-3280,0,0,4163,-0.0029,-0.042,0.195,0.095,-10.22,3.06,452,3931,-2893,0,0,6708,0.0271,0.018,0.127,0.027,-9.2,2.04,434,3866,-6243,0,0
163.64,4,13165.0,524.87,0.02,13019.25,52.9,0.37,-0.93,-1.0,0.5,0.0,1.0,1,4138,322.7,0.99,-0.38,-1.09,-56.25,688,118,1468,-0.0364,0.103,0.669,0.569,-45.65,38.49,412,1168,-1237,0,0,3487,-0.0054,0.159,0.277,0.177,-35.88,28.72,410,1720,-3490,0,0,4074,-0.0039,-0.052,0.262,0.162,-10.38,3.21,434,3837,-2854,0,0,6714,0.0272,0.004,0.062,-0.038,-9.39,2.23,454,3472,-6455,0,0
163.66,4,13165.3,524.72,0.02,13018.99,53.1,0.35,-0.95,-1.0,0.5,0.0,1.0,1,4127,322.7,0.99,-0.3,-1.13,-54.76,701,119,1622,-0.034,0.119,0.672,0.572,-46.19,39.03,410,1275,-1375,0,0,3714,-0.0019,0.175,0.282,0.182,-36.35,29.18,409,1798,-3715,0,0,3967,-0.0052,-0.063,0.182,0.082,-10.49,3.33,452,3621,-2926,0,0,6703,0.027,-0.006,0.12,0.02,-9.44,2.28,433,3683,-6362,0,0
163.68,4,13165.6,524.58,0.02,13018.74,53.3,0.33,-0.97,-1.0,0.5,0.0,1.0,1,4125,322.7,0.99,-0.23,-1.17,-53.45,713,120,1776,-0.0317,0.118,0.682,0.582,-46.74,39.58,410,1393,-1501,0,0,3945,0.0017,0.178,0.287,0.187,-36.71,29.55,409,1908,-3930,0,0,3846,-0.0066,-0.072,0.243,0.143,-10.67,3.51,433,3503,-2855,0,0,6682,0.0268,-0.012,0.056,-0.044,-9.61,2.45,453,3260,-6538,0,0
163.7,4,13165.9,524.43,0.02,13018.48,53.4,0.32,-0.99,-1.0,0.5,0.0,1.0,1,4129,322.7,0.99,-0.16,-1.22,-52.28,725,121,1917,-0.0295,0.109,0.684,0.584,-47.13,39.97,409,1495,-1621,0,0,4169,0.0051,0.172,0.292,0.192,-37.05,29.89,409,2016,-4137,0,0,3716,-0.0081,-0.076,0.177,0.077,-10.84,3.68,454,3305,-2857,0,0,6661,0.0265,-0.012,0.117,0.017,-9.84,2.68,435,3475,-6447,0,0
163.72,4,13166.2,524.3,0.02,13018.21,53.6,0.31,-1.0,-1.0,0.5,0.0,1.0,1,4128,322.7,0.99,-0.1,-1.25,-51.36,736,121,2043,-0.0276,0.097,0.692,0.592,-47.53,40.36,409,1587,-1727,0,0,4378,0.0083,0.16,0.295,0.195,-37.43,30.27,409,2089,-4338,0,0,3591,-0.0096,-0.074,0.234,0.134,-10.95,3.79,435,3232,-2731,0,0,6644,0.0263,-0.01,0.057,-0.043,-9.85,2.69,453,3279,-6517,0,0
163.74,4,13166.5,524.16,0.02,13017.95,53.7,0.3,-1.01,-1.0,0.5,0.0,1.0,1,4135,322.7,0.99,-0.05,-1.28,-50.56,747,122,2150,-0.0259,0.082,0.69,0.59,-47.8,40.64,409,1662,-1818,0,0,4558,0.0111,0.139,0.296,0.196,-37.82,30.66,407,2167,-4504,0,0,3475,-0.011,-0.069,0.176,0.076,-11.04,3.88,456,3065,-2718,0,0,6623,0.0261,-0.012,0.115,0.015,-10.02,2.86,436,3505,-6411,0,0
163.76,4,13166.8,524.03,0.01,13017.68,53.9,0.29,-1.01,-1.0,0.5,0.0,1.0,1,4142,322.7,0.99,-0.01,-1.31,-49.93,755,122,2236,-0.0246,0.066,0.691,0.591,-48.08,40.92,408,1723,-1891,0,0,4702,0.0133,0.111,0.296,0.196,-37.98,30.82,406,2224,-4639,0,0,3374,-0.0121,-0.059,0.239,0.139,-11.15,3.99,439,3045,-2574,0,0,6599,0.0258,-0.014,0.063,-0.037,-10.17,3.01,457,3306,-6484,0,0
163.78,4,13167.1,523.9,0.01,13017.41,54.0,0.29,-1.02,-1.0,0.5,0.0,1.0,1,4146,322.8,0.99,0.02,-1.32,-49.37,763,123,2308,-0.0235,0.056,0.696,0.596,-48.47,41.31,407,1777,-1949,0,0,4820,0.0152,0.091,0.297,0.197,-38.36,31.2,405,2269,-4749,0,0,3295,-0.0131,-0.046,0.18,0.08,-11.34,4.18,460,2910,-2587,0,0,6580,0.0256,-0.011,0.121,0.021,-10.38,3.22,439,3579,-6352,0,0
163.8,4,13167.4,523.77,0.01,13017.14,54.1,0.29,-1.01,-1.0,0.5,0.0,1.0,1,4157,322.8,0.99,0.04,-1.32,-48.79,769,124,2361,-0.0227,0.041,0.699,0.599,-48.73,41.57,407,1816,-1993,0,0,4895,0.0163,0.058,0.3,0.2,-38.64,31.48,405,2314,-4811,0,0,3246,-0.0136,-0.029,0.242,0.142,-11.48,4.31,443,2917,-2500,0,0,6559,0.0253,-0.012,0.068,-0.032,-10.56,3.4,460,3348,-6447,0,0
163.82,4,13167.7,523.65,0.01,13016.86,54.2,0.29,-1.01,-1.0,0.5,0.0,1.0,1,4166,322.8,0.99,0.05,-1.31,-48.16,773,124,2406,-0.022,0.034,0.707,0.607,-49.05,41.89,408,1856,-2024,0,0,4934,0.0169,0.03,0.303,0.203,-38.73,31.57,406,2352,-4837,0,0,3230,-0.0138,-0.009,0.184,0.084,-11.51,4.35,464,2848,-2546,0,0,6537,0.0251,-0.013,0.123,0.023,-10.64,3.47,442,3552,-6333,0,0
163.84,4,13168.0,523.53,0.01,13016.58,54.4,0.3,-1.02,-1.0,0.5,0.0,1.0,1,4167,322.8,0.99,0.05,-1.31,-47.42,778,125,2439,-0.0215,0.025,0.712,0.612,-49.3,42.14,407,1885,-2046,0,0,4961,0.0173,0.02,0.304,0.204,-38.99,31.82,407,2369,-4857,0,0,3232,-0.0138,0.001,0.243,0.143,-11.53,4.37,445,2891,-2504,0,0,6530,0.025,-0.004,0.069,-0.031,-10.62,3.46,462,3315,-6437,0,0
163.86,4,13168.3,523.42,0.01,13016.3,54.5,0.3,-1.02,-1.0,0.5,0.0,1.0,1,4174,322.8,0.99,0.05,-1.31,-46.56,783,125,2459,-0.0212,0.015,0.713,0.613,-49.52,42.35,408,1899,-2063,0,0,4977,0.0176,0.013,0.309,0.209,-39.25,32.08,406,2394,-4863,0,0,3241,-0.0137,0.005,0.18,0.08,-11.61,4.45,465,2807,-2604,0,0,6534,0.025,0.002,0.124,0.024,-10.78,3.61,444,3492,-6366,0,0
163.88,4,13168.6,523.31,0.01,13016.02,54.6,0.3,-1.02,-1.0,0.5,0.0,1.0,1,4182,322.8,0.99,0.05,-1.3,-45.63,787,126,2475,-0.0209,0.012,0.717,0.617,-49.73,42.57,408,1913,-2074,0,0,4982,0.0176,0.004,0.314,0.214,-39.53,32.37,407,2414,-4858,0,0,3257,-0.0135,0.01,0.237,0.137,-11.71,4.55,447,2848,-2590,0,0,6536,0.0251,0.001,0.071,-0.029,-10.81,3.65,464,3289,-6465,0,0
163.9,4,13168.9,523.2,0.01,13015.74,54.7,0.31,-1.02,-1.0,0.5,0.0,1.0,1,4186,322.9,0.99,0.04,-1.29,-44.69,790,126,2486,-0.0208,0.009,0.724,0.624,-49.94,42.78,408,1927,-2079,0,0,4975,0.0175,-0.005,0.316,0.216,-39.65,32.49,408,2425,-4845,0,0,3283,-0.0132,0.015,0.176,0.076,-11.61,4.45,466,2805,-2673,0,0,6537,0.0251,0.0,0.125,0.025,-10.73,3.57,445,3532,-6352,0,0
163.92,4,13169.2,523.09,0.01,13015.45,54.9,0.31,-1.03,-1.0,0.5,0.0,1.0,1,4189,322.9,0.99,0.04,-1.28,-43.63,794,127,2491,-0.0207,0.004,0.725,0.625,-50.11,42.94,408,1929,-2083,0,0,4965,0.0174,-0.007,0.321,0.221,-39.92,32.76,408,2448,-4823,0,0,3310,-0.0129,0.016,0.234,0.134,-11.47,4.3,447,2892,-2629,0,0,6545,0.0252,0.005,0.07,-0.03,-10.83,3.67,464,3268,-6487,0,0
163.94,4,13169.5,522.99,0.01,13015.16,55.0,0.31,-1.02,-1.0,0.5,0.0,1.0,1,4196,322.9,1.0,0.03,-1.26,-42.46,799,128,2492,-0.0207,0.001,0.731,0.631,-50.38,43.22,409,1934,-2080,0,0,4943,0.0171,-0.017,0.326,0.226,-40.11,32.95,409,2459,-4792,0,0,3340,-0.0125,0.018,0.17,0.07,-11.53,4.37,467,2816,-2751,0,0,6545,0.0252,0.0,0.125,0.025,-10.81,3.65,446,3506,-6378,0,0
163.96,4,13169.8,522.9,0.01,13014.87,55.1,0.31,-1.01,-1.0,0.5,0.0,1.0,1,4208,322.9,1.0,0.02,-1.25,-41.25,801,128,2487,-0.0207,-0.004,0.735,0.635,-50.4,43.24,411,1936,-2072,0,0,4912,0.0166,-0.024,0.33,0.23,-40.27,33.11,410,2467,-4753,0,0,3369,-0.0122,0.017,0.225,0.125,-11.53,4.37,449,2874,-2741,0,0,6540,0.0251,-0.003,0.071,-0.029,-10.69,3.53,466,3308,-6460,0,0
163.98,4,13170.1,522.8,0.01,13014.58,55.3,0.32,-1.02,-1.0,1.0,0.0,1.0,1,4209,322.9,1.0,0.01,-1.25,-40.11,804,129,2485,-0.0208,-0.001,0.737,0.637,-50.69,43.53,411,1934,-2070,0,0,4889,0.0162,-0.018,0.332,0.232,-40.36,33.2,411,2466,-4727,0,0,3399,-0.0118,0.018,0.163,0.063,-11.44,4.27,468,2817,-2841,0,0,6542,0.0251,0.001,0.125,0.025,-10.48,3.31,446,3587,-6323,0,0
164.0,4,13170.4,522.71,0.01,13014.29,55.4,0.33,-1.02,-1.0,0.5,0.0,1.0,1,4381,778.6,1.57,0.0,-1.24,-38.98,807,130,2477,-0.0209,-0.006,0.744,0.644,-50.8,43.64,413,1943,-2052,0,0,4871,0.0159,-0.014,0.337,0.237,-40.51,33.34,412,2516,-4682,0,0,3425,-0.0115,0.015,0.2,0.1,-11.31,4.15,445,3019,-2685,0,0,6555,0.0253,0.007,0.071,-0.029,-10.35,3.19,462,4077,-6068,0,0
164.02,4,13170.7,522.63,0.01,13013.99,55.6,0.46,-0.94,-1.0,0.5,0.0,1.0,1,4437,334.8,1.03,-0.01,-1.23,-38.86,813,131,2468,-0.021,-0.007,0.822,0.722,-50.89,43.73,432,2033,-1964,0,0,4856,0.0157,-0.011,0.397,0.297,-40.58,33.42,430,2806,-4522,0,0,3452,-0.0112,0.016,0.214,0.114,-11.29,4.13,487,3329,-2374,0,0,6574,0.0255,0.011,0.162,0.062,-10.54,3.38,463,4959,-5483,0,0
164.04,4,13171.0,522.54,0.01,13013.69,55.8,0.41,-0.98,-1.0,0.5,0.0,1.0,1,4292,326.3,1.01,-0.02,-1.22,-37.94,817,132,2456,-0.0212,-0.009,0.778,0.678,-50.92,43.76,423,1985,-1987,0,0,4819,0.0151,-0.029,0.367,0.267,-40.67,33.51,422,2681,-4543,0,0,3502,-0.0106,0.029,0.214,0.114,-11.14,3.97,452,3014,-2812,0,0,6591,0.0257,0.01,0.068,-0.032,-10.49,3.33,469,3506,-6416,0,0
164.06,4,13171.3,522.46,0.01,13013.39,56.0,0.34,-1.02,-1.0,1.0,0.0,1.0,1,4266,324.7,1.0,-0.03,-1.21,-36.53,821,132,2448,-0.0213,-0.007,0.751,0.651,-51.03,43.87,419,1932,-2019,0,0,4788,0.0147,-0.024,0.353,0.253,-40.77,33.61,417,2547,-4573,0,0,3543,-0.0101,0.025,0.153,0.053,-10.99,3.83,471,2886,-2995,0,0,6603,0.0259,0.008,0.122,0.022,-10.33,3.16,450,3546,-6406,0,0
164.08,4,13171.7,522.39,0.01,13013.09,56.1,0.34,-1.02,-1.0,0.5,0.0,1.0,1,4430,784.5,1.57,-0.04,-1.22,-35.22,825,133,2440,-0.0215,-0.006,0.752,0.652,-51.12,43.96,419,1923,-2015,0,0,4772,0.0144,-0.012,0.349,0.249,-40.83,33.66,417,2536,-4560,0,0,3567,-0.0099,0.014,0.188,0.088,-10.76,3.6,448,3115,-2814,0,0,6616,0.026,0.008,0.068,-0.032,-10.07,2.91,466,4093,-6121,0,0
164.1,4,13172.0,522.32,0.01,13012.78,56.4,0.48,-0.92,-1.0,0.5,0.0,1.0,1,4627,335.5,1.05,-0.05,-1.2,-35.12,831,134,2423,-0.0217,-0.013,0.832,0.732,-50.94,43.78,440,2021,-1907,0,0,4757,0.0142,-0.011,0.414,0.314,-40.83,33.67,437,2885,-4362,0,0,3580,-0.0097,0.008,0.199,0.099,-10.76,3.59,485,3590,-2265,0,0,6633,0.0262,0.01,0.127,0.027,-10.13,2.96,457,5514,-5061,0,0
164.12,4,13172.3,522.25,0.01,13012.48,56.6,0.47,-0.95,-1.0,1.0,0.0,1.0,1,4399,333.2,1.02,-0.06,-1.19,-34.56,837,135,2412,-0.0219,-0.008,0.773,0.673,-51.15,43.99,427,1976,-1931,0,0,4721,0.0136,-0.028,0.361,0.261,-40.79,33.63,422,2725,-4407,0,0,3622,-0.0092,0.024,0.145,0.045,-10.66,3.5,437,3188,-2827,0,0,6641,0.0263,0.005,0.028,-0.072,-9.96,2.8,455,3996,-6196,0,0
164.14,4,13172.6,522.18,0.01,13012.17,56.8,0.38,-1.01,-1.0,0.5,0.0,1.0,1,4533,784.9,1.58,-0.07,-1.19,-33.3,841,136,2405,-0.022,-0.006,0.802,0.702,-51.06,43.9,438,1925,-1963,0,0,4696,0.0132,-0.02,0.401,0.301,-40.88,33.72,438,2624,-4429,0,0,3660,-0.0088,0.023,0.241,0.141,-10.39,3.23,509,3331,-2737,0,0,6656,0.0265,0.009,0.203,0.103,-9.83,2.67,487,4565,-5861,0,0
164.16,4,13172.9,522.12,0.01,13011.86,57.1,0.51,-0.92,-1.0,0.5,0.0,1.0,1,4659,335.5,1.04,-0.08,-1.19,-33.36,849,138,2402,-0.022,-0.003,0.868,0.768,-51.14,43.97,439,2006,-1889,0,0,4691,0.0132,-0.004,0.449,0.349,-40.9,33.74,435,2882,-4285,0,0,3678,-0.0086,0.01,0.316,0.216,-10.34,3.18,444,3703,-2296,0,0,6672,0.0267,0.009,0.176,0.076,-9.61,2.45,447,5552,-5070,0,0
164.18,4,13173.2,522.07,0.01,13011.54,57.3,0.45,-0.97,-1.0,0.5,0.0,1.0,1,4454,330.1,1.02,-0.08,-1.19,-32.68,855,139,2399,-0.0221,-0.002,0.8,0.7,-51.17,44.01,424,1942,-1940,0,0,4677,0.0129,-0.011,0.392,0.292,-40.76,33.6,420,2663,-4388,0,0,3704,-0.0082,0.016,0.195,0.095,-10.15,2.99,432,3239,-2905,0,0,6683,0.0268,0.006,0.165,0.065,-9.64,2.48,416,4179,-6122,0,0
164.2,4,13173.6,522.01,0.01,13011.23,57.5,0.35,-1.03,-1.0,0.5,0.0,1.0,1,4409,327.5,1.01,-0.08,-1.19,-31.3,860,139,2396,-0.0221,-0.003,0.757,0.657,-51.06,43.9,417,1873,-1992,0,0,4675,0.0129,-0.002,0.376,0.276,-40.86,33.7,415,2521,-4456,0,0,3717,-0.0081,0.007,0.237,0.137,-9.9,2.73,419,3108,-3047,0,0,6697,0.027,0.008,0.114,0.014,-9.31,2.15,428,3729,-6358,0,0
164.22,4,13173.9,521.96,0.01,13010.91,57.6,0.33,-1.03,-1.0,0.5,0.0,1.0,1,4403,327.1,1.01,-0.08,-1.2,-29.86,864,140,2389,-0.0222,-0.005,0.742,0.642,-50.93,43.77,415,1838,-2010,0,0,4678,0.013,0.003,0.366,0.266,-40.74,33.58,414,2456,-4491,0,0,3717,-0.0081,0.0,0.183,0.083,-9.44,2.28,431,3096,-3052,0,0,6710,0.0271,0.008,0.16,0.06,-9.13,1.97,416,3850,-6297,0,0
164.24,4,13174.2,521.92,0.01,13010.59,57.8,0.32,-1.03,-1.0,0.5,0.0,1.0,1,4398,326.9,1.01,-0.07,-1.22,-28.63,869,141,2394,-0.0222,0.003,0.729,0.629,-50.88,43.72,415,1820,-2030,0,0,4705,0.0134,0.02,0.361,0.261,-40.75,33.59,413,2427,-4534,0,0,3696,-0.0083,-0.012,0.226,0.126,-9.26,2.09,419,3093,-3019,0,0,6718,0.0272,0.005,0.11,0.01,-8.85,1.68,428,3791,-6310,0,0
164.26,4,13174.5,521.88,0.01,13010.28,57.9,0.31,-1.03,-1.0,0.5,0.0,1.0,1,4396,326.8,1.01,-0.06,-1.23,-27.52,874,141,2401,-0.0221,0.006,0.718,0.618,-50.92,43.76,414,1808,-2049,0,0,4741,0.0139,0.028,0.357,0.257,-40.7,33.54,412,2418,-4579,0,0,3665,-0.0087,-0.019,0.172,0.072,-8.88,1.72,432,3052,-3000,0,0,6724,0.0273,0.003,0.156,0.056,-8.56,1.39,416,3921,-6221,0,0
164.28,4,13174.8,521.84,0.01,13009.96,58.0,0.31,-1.02,-1.0,0.5,0.0,1.0,1,4399,326.9,1.01,-0.05,-1.24,-26.49,880,142,2406,-0.022,0.004,0.713,0.613,-50.8,43.64,415,1799,-2062,0,0,4770,0.0144,0.022,0.351,0.251,-40.55,33.39,412,2418,-4612,0,0,3631,-0.0091,-0.02,0.217,0.117,-8.62,1.46,420,3059,-2937,0,0,6722,0.0273,-0.001,0.106,0.006,-8.25,1.09,428,3851,-6214,0,0
164.3,4,13175.2,521.8,0.01,13009.63,58.2,0.31,-1.01,-1.0,1.0,0.0,1.0,1,4405,327.2,1.01,-0.05,-1.24,-25.46,884,143,2407,-0.022,0.001,0.705,0.605,-50.66,43.5,416,1792,-2069,0,0,4779,0.0145,0.007,0.348,0.248,-40.47,33.3,413,2415,-4625,0,0,3609,-0.0094,-0.013,0.164,0.064,-8.28,1.12,432,3016,-2930,0,0,6711,0.0271,-0.007,0.152,0.052,-7.94,0.78,416,3983,-6094,0,0
164.32,4,13175.5,521.77,0.01,13009.31,58.3,0.32,-1.0,-1.0,0.5,0.0,1.0,1,4492,789.2,1.58,-0.04,-1.23,-24.63,889,144,2412,-0.0219,0.004,0.699,0.599,-50.45,43.28,435,1801,-2070,0,0,4789,0.0147,0.007,0.349,0.249,-40.27,33.11,433,2461,-4616,0,0,3589,-0.0096,-0.012,0.203,0.103,-7.98,0.82,475,3248,-2671,0,0,6697,0.027,-0.008,0.089,-0.011,-7.56,0.4,490,4318,-5848,0,0
164.34,4,13175.8,521.75,0.01,13008.99,58.6,0.49,-0.89,-1.0,0.5,0.0,1.0,1,4646,335.4,1.05,-0.05,-1.21,-25.11,897,145,2416,-0.0218,0.003,0.768,0.668,-50.34,43.18,455,1922,-1983,0,0,4783,0.0146,-0.004,0.402,0.302,-40.16,33.0,452,2797,-4443,0,0,3584,-0.0097,-0.003,0.177,0.077,-7.85,0.69,505,3652,-2164,0,0,6679,0.0267,-0.011,0.158,0.058,-7.55,0.38,479,5763,-4762,0,0
164.36,4,13176.1,521.73,0.01,13008.66,58.9,0.45,-0.92,-1.0,1.0,0.0,1.0,1,4431,333.7,1.03,-0.06,-1.19,-24.89,903,146,2422,-0.0217,0.004,0.696,0.596,-50.21,43.04,439,1866,-2035,0,0,4748,0.014,-0.027,0.338,0.238,-40.04,32.88,435,2564,-4523,0,0,3613,-0.0093,0.017,0.166,0.066,-7.52,0.36,464,3238,-2696,0,0,6655,0.0265,-0.014,0.048,-0.052,-7.24,0.08,480,3919,-5921,0,0
164.38,4,13176.5,521.71,0.01,13008.33,59.1,0.38,-0.96,-1.0,0.5,0.0,1.0,1,4705,790.2,1.6,-0.06,-1.18,-24.04,908,147,2416,-0.0218,-0.004,0.736,0.636,-50.11,42.94,437,1832,-2052,0,0,4710,0.0135,-0.03,0.388,0.288,-39.9,32.74,435,2525,-4499,0,0,3649,-0.0089,0.021,0.236,0.136,-7.39,0.22,468,3516,-2450,0,0,6648,0.0264,-0.004,0.218,0.118,-7.08,-0.08,448,5384,-5007,0,0
164.4,4,13176.8,521.69,0.01,13008.01,59.4,0.53,-0.86,-1.0,0.5,0.0,1.0,1,4823,335.3,1.06,-0.07,-1.16,-24.63,915,149,2418,-0.0218,0.002,0.794,0.694,-49.84,42.68,456,1943,-1969,0,0,4683,0.013,-0.02,0.431,0.331,-39.68,32.52,453,2826,-4313,0,0,3678,-0.0086,0.017,0.29,0.19,-7.19,0.03,460,3899,-1961,0,0,6640,0.0263,-0.005,0.172,0.072,-6.9,-0.26,461,6128,-4260,0,0
164.42,4,13177.1,521.68,0.01,13007.67,59.7,0.48,-0.91,-1.0,1.0,0.0,1.0,1,4562,335.6,1.03,-0.08,-1.14,-24.56,923,150,2430,-0.0216,0.009,0.705,0.605,-49.84,42.68,436,1871,-2043,0,0,4654,0.0126,-0.022,0.352,0.252,-39.66,32.49,430,2531,-4434,0,0,3723,-0.008,0.027,0.161,0.061,-7.15,-0.01,443,3444,-2638,0,0,6632,0.0262,-0.004,0.148,0.048,-6.81,-0.35,425,4641,-5429,0,0
164.44,4,13177.5,521.67,0.01,13007.34,59.9,0.37,-0.97,-1.0,0.5,0.0,1.0,1,4586,790.2,1.6,-0.09,-1.13,-23.55,929,151,2436,-0.0215,0.005,0.668,0.568,-49.7,42.53,446,1799,-2105,0,0,4626,0.0122,-0.022,0.337,0.237,-39.51,32.35,446,2376,-4476,0,0,3769,-0.0075,0.027,0.184,0.084,-6.67,-0.49,481,3478,-2649,0,0,6633,0.0262,0.0,0.076,-0.024,-6.57,-0.59,497,4246,-5586,0,0
164.46,4,13177.8,521.67,0.01,13007.01,60.2,0.5,-0.87,-1.0,1.0,0.0,1.0,1,4723,335.3,1.06,-0.09,-1.12,-23.84,937,153,2437,-0.0215,0.001,0.73,0.63,-49.48,42.32,466,1905,-2027,0,0,4608,0.0119,-0.014,0.385,0.285,-39.33,32.17,464,2662,-4316,0,0,3792,-0.0072,0.014,0.15,0.05,-6.65,-0.51,509,3866,-2224,0,0,6630,0.0262,-0.001,0.138,0.038,-6.42,-0.74,484,5720,-4589,0,0
164.48,4,13178.1,521.67,0.01,13006.67,60.5,0.52,-0.87,-1.0,0.5,0.0,1.0,1,4864,792.2,1.66,-0.1,-1.11,-24.28,947,155,2444,-0.0214,0.005,0.745,0.645,-49.39,42.23,473,1933,-2015,0,0,4591,0.0116,-0.013,0.4,0.3,-39.23,32.07,472,2723,-4265,0,0,3817,-0.0069,0.015,0.228,0.128,-6.57,-0.59,502,4002,-2070,0,0,6625,0.0261,-0.003,0.112,0.012,-6.27,-0.89,515,5767,-4510,0,0
164.5,4,13178.5,521.67,0.01,13006.33,60.9,0.58,-0.82,-1.0,0.5,0.0,1.0,1,4754,335.3,1.06,-0.11,-1.09,-25.15,957,156,2444,-0.0214,0.0,0.746,0.646,-49.19,42.03,478,1965,-1990,0,0,4566,0.0112,-0.02,0.374,0.274,-39.11,31.94,467,2706,-4244,0,0,3845,-0.0066,0.016,0.171,0.071,-6.59,-0.57,517,3980,-2157,0,0,6619,0.026,-0.004,0.124,0.024,-6.35,-0.82,489,5906,-4376,0,0
164.52,4,13178.8,521.67,0.01,13005.99,61.1,0.46,-0.9,-1.0,1.0,0.0,1.0,1,4562,335.6,1.04,-0.11,-1.08,-24.76,965,158,2446,-0.0214,0.001,0.64,0.54,-49.14,41.98,452,1826,-2100,0,0,4532,0.0107,-0.026,0.31,0.21,-39.02,31.85,449,2337,-4390,0,0,3888,-0.0061,0.026,0.149,0.049,-6.43,-0.73,477,3489,-2785,0,0,6616,0.026,-0.002,0.04,-0.06,-6.17,-1.0,494,3838,-5585,0,0
164.54,4,13179.1,521.68,0.01,13005.65,61.4,0.38,-0.93,-1.0,0.5,0.0,1.0,1,4834,791.3,1.63,-0.11,-1.09,-23.99,970,159,2438,-0.0215,-0.006,0.688,0.588,-49.02,41.86,453,1794,-2113,0,0,4514,0.0104,-0.014,0.361,0.261,-38.86,31.7,451,2334,-4372,0,0,3912,-0.0058,0.014,0.211,0.111,-6.17,-0.99,478,3792,-2499,0,0,6626,0.0261,0.006,0.198,0.098,-5.77,-1.39,458,5463,-4660,0,0
164.56,4,13179.5,521.7,0.01,13005.31,61.7,0.53,-0.85,-1.0,0.5,0.0,1.0,1,4939,335.0,1.08,-0.12,-1.09,-24.63,981,161,2437,-0.0215,-0.001,0.746,0.646,-48.92,41.75,471,1909,-2025,0,0,4528,0.0107,0.011,0.404,0.304,-38.8,31.64,468,2650,-4231,0,0,3910,-0.0058,-0.001,0.258,0.158,-6.09,-1.07,468,4148,-2008,0,0,6644,0.0263,0.011,0.147,0.047,-5.88,-1.28,470,6102,-4137,0,0
164.58,4,13179.8,521.72,0.01,13004.97,62.0,0.48,-0.88,-1.0,1.0,0.0,1.0,1,4688,335.5,1.04,-0.12,-1.1,-24.69,990,162,2429,-0.0216,-0.006,0.645,0.545,-48.83,41.66,447,1803,-2094,0,0,4525,0.0106,-0.002,0.319,0.219,-38.64,31.48,443,2341,-4383,0,0,3915,-0.0058,0.003,0.148,0.048,-5.88,-1.29,456,3675,-2588,0,0,6656,0.0265,0.007,0.137,0.037,-5.64,-1.52,439,4690,-5076,0,0
164.6,4,13180.2,521.74,0.01,13004.62,62.2,0.35,-0.94,-1.0,1.0,0.0,1.0,1,4724,791.4,1.63,-0.12,-1.1,-23.9,997,163,2424,-0.0217,-0.004,0.624,0.524,-48.61,41.44,462,1733,-2137,0,0,4530,0.0107,0.004,0.317,0.217,-38.63,31.47,460,2233,-4437,0,0,3915,-0.0058,0.0,0.166,0.066,-5.82,-1.34,493,3622,-2631,0,0,6668,0.0266,0.008,0.065,-0.035,-5.6,-1.56,510,4235,-5261,0,0
164.62,4,13180.5,521.76,0.01,13004.28,62.5,0.55,-0.8,-1.0,0.5,0.0,1.0,1,5666,1003.2,2.11,-0.12,-1.09,-25.08,1008,165,2429,-0.0216,0.004,0.869,0.769,-48.55,41.38,535,2003,-1938,0,0,4538,0.0108,0.006,0.509,0.409,-38.51,31.34,533,2957,-4068,0,0,3909,-0.0058,-0.004,0.432,0.332,-5.72,-1.45,639,4530,-1157,0,0,6666,0.0266,-0.002,0.393,0.293,-5.57,-1.59,613,7313,-2269,0,0
164.64,4,13180.9,521.79,0.01,13003.93,63.1,0.76,-0.61,-1.0,0.5,0.0,1.0,1,6243,531.9,1.57,-0.13,-1.05,-28.45,1024,168,2443,-0.0214,0.011,1.095,0.995,-48.59,41.43,600,2303,-1657,0,0,4529,0.0107,-0.006,0.66,0.56,-38.45,31.29,591,3686,-3515,0,0,3927,-0.0056,0.011,0.592,0.492,-6.2,-0.96,676,4642,-805,0,0,6655,0.0265,-0.006,0.459,0.359,-5.96,-1.2,685,7539,-1527,0,0
164.66,4,13181.2,521.82,0.01,13003.57,63.6,0.8,-0.6,-1.0,0.5,0.0,1.0,1,6103,310.6,1.21,-0.15,-0.98,-31.47,1039,171,2463,-0.0211,0.015,1.109,1.009,-48.64,41.48,589,2358,-1625,0,0,4472,0.0098,-0.044,0.647,0.547,-38.44,31.28,571,3694,-3426,0,0,3998,-0.0048,0.042,0.467,0.367,-6.83,-0.33,601,4673,-1030,0,0,6625,0.0261,-0.018,0.425,0.325,-6.53,-0.64,579,7406,-1898,0,0
164.68,4,13181.6,521.85,0.01,13003.22,64.1,0.79,-0.65,-1.0,0.5,0.0,1.0,1,5844,317.0,1.19,-0.18,-0.92,-33.75,1053,173,2478,-0.0209,0.012,1.007,0.907,-48.73,41.57,576,2324,-1692,0,0,4369,0.0082,-0.079,0.547,0.447,-38.58,31.42,556,3407,-3530,0,0,4123,-0.0033,0.073,0.326,0.226,-7.29,0.12,574,4708,-1404,0,0,6595,0.0258,-0.018,0.209,0.109,-6.92,-0.24,590,7104,-2627,0,0
164.7,4,13181.9,521.89,0.01,13002.86,64.6,0.76,-0.71,-1.0,0.5,0.0,1.0,1,5650,324.5,1.17,-0.21,-0.88,-35.3,1067,176,2482,-0.0208,0.003,0.93,0.83,-48.84,41.68,554,2255,-1775,0,0,4256,0.0065,-0.087,0.488,0.388,-38.65,31.49,537,3101,-3616,0,0,4258,-0.0017,0.08,0.272,0.172,-7.51,0.35,556,4740,-1745,0,0,6579,0.0256,-0.009,0.159,0.059,-7.17,0.01,574,6785,-3233,0,0
164.72,4,13182.3,521.93,0.01,13002.5,65.1,0.71,-0.75,-1.0,0.5,0.0,1.0,1,5520,329.3,1.16,-0.24,-0.85,-36.11,1079,179,2466,-0.0211,-0.012,0.874,0.774,-49.05,41.89,540,2175,-1832,0,0,4155,0.0049,-0.078,0.453,0.353,-38.88,31.72,527,2861,-3653,0,0,4369,-0.0004,0.065,0.234,0.134,-7.73,0.57,543,4724,-2070,0,0,6577,0.0255,-0.001,0.125,0.025,-7.44,0.27,563,6431,-3798,0,0
164.74,4,13182.7,521.97,0.01,13002.14,65.5,0.67,-0.8,-1.0,0.5,0.0,1.0,1,5388,332.6,1.13,-0.25,-0.84,-36.18,1091,181,2445,-0.0214,-0.016,0.845,0.745,-49.27,42.11,537,2098,-1874,0,0,4079,0.0038,-0.058,0.443,0.343,-39.07,31.91,531,2694,-3665,0,0,4448,0.0005,0.047,0.252,0.152,-8.11,0.94,569,4647,-2398,0,0,6586,0.0256,0.005,0.178,0.078,-7.66,0.5,566,5982,-4389,0,0
164.76,4,13183.0,522.02,0.01,13001.78,65.9,0.6,-0.86,-1.0,1.0,0.0,1.0,1,5228,333.3,1.12,-0.26,-0.86,-35.59,1103,183,2419,-0.0218,-0.02,0.752,0.652,-49.43,42.27,507,1988,-1935,0,0,4040,0.0031,-0.031,0.384,0.284,-39.3,32.13,505,2493,-3736,0,0,4485,0.0009,0.022,0.149,0.049,-8.18,1.02,513,4365,-2889,0,0,6604,0.0259,0.011,0.048,-0.052,-7.74,0.58,535,5111,-5221,0,0
164.78,4,13183.4,522.07,0.01,13001.42,66.2,0.53,-0.91,-1.0,1.0,0.0,1.0,1,5385,791.7,1.76,-0.25,-0.9,-34.7,1113,185,2397,-0.0221,-0.017,0.776,0.676,-49.63,42.47,519,1953,-1931,0,0,4046,0.0032,0.005,0.401,0.301,-39.4,32.24,518,2464,-3759,0,0,4472,0.0008,-0.008,0.16,0.06,-8.17,1.01,552,4446,-2756,0,0,6628,0.0262,0.015,0.112,0.012,-7.78,0.61,527,5447,-4992,0,0
164.8,4,13183.8,522.12,0.01,13001.05,66.5,0.61,-0.84,-1.0,0.5,0.0,1.0,1,5613,1002.2,2.12,-0.25,-0.94,-34.98,1128,187,2372,-0.0225,-0.019,0.887,0.787,-49.74,42.58,550,2037,-1820,0,0,4097,0.004,0.04,0.479,0.379,-39.58,32.42,544,2724,-3667,0,0,4415,0.0001,-0.034,0.325,0.225,-8.23,1.07,586,4763,-2112,0,0,6670,0.0266,0.025,0.219,0.119,-7.91,0.74,591,6487,-3912,0,0
164.82,4,13184.1,522.18,0.01,13000.68,67.0,0.7,-0.74,-1.0,0.5,0.0,1.0,1,6120,538.6,1.55,-0.25,-0.95,-36.36,1144,189,2342,-0.023,-0.023,1.034,0.934,-49.9,42.74,581,2139,-1668,0,0,4138,0.0047,0.031,0.588,0.488,-39.73,32.57,572,3088,-3465,0,0,4357,-0.0006,-0.034,0.426,0.326,-8.61,1.45,611,4893,-1664,0,0,6706,0.0271,0.021,0.369,0.269,-8.14,0.98,588,7074,-2992,0,0
164.84,4,13184.5,522.24,0.01,13000.31,67.4,0.72,-0.73,-1.0,0.5,0.0,1.0,1,5987,315.6,1.2,-0.25,-0.95,-37.69,1159,192,2324,-0.0232,-0.013,1.047,0.947,-50.13,42.96,585,2156,-1620,0,0,4149,0.0048,0.008,0.571,0.471,-39.99,32.83,568,3118,-3456,0,0,4335,-0.0008,-0.013,0.35,0.25,-9.02,1.86,582,4749,-1942,0,0,6721,0.0272,0.009,0.308,0.208,-8.57,1.41,563,6842,-3469,0,0
164.86,4,13184.9,522.31,0.01,12999.94,67.9,0.69,-0.79,-1.0,0.5,0.0,1.0,1,5846,317.0,1.19,-0.25,-0.96,-38.39,1174,194,2320,-0.0233,-0.004,0.971,0.871,-50.4,43.24,578,2110,-1662,0,0,4149,0.0048,0.0,0.5,0.4,-40.21,33.05,561,2951,-3578,0,0,4337,-0.0008,0.001,0.271,0.171,-9.4,2.24,578,4602,-2238,0,0,6729,0.0273,0.005,0.152,0.052,-8.88,1.72,593,6403,-4162,0,0
164.88,4,13185.3,522.38,0.01,12999.57,68.2,0.64,-0.85,-1.0,0.5,0.0,1.0,1,5669,323.8,1.17,-0.25,-0.96,-38.37,1187,197,2315,-0.0234,-0.003,0.902,0.802,-50.49,43.33,560,2043,-1724,0,0,4152,0.0049,0.002,0.452,0.352,-40.43,33.27,544,2762,-3706,0,0,4341,-0.0008,0.002,0.201,0.101,-9.61,2.45,583,4394,-2594,0,0,6742,0.0275,0.007,0.14,0.04,-9.07,1.91,557,5819,-4880,0,0
164.9,4,13185.7,522.45,0.01,12999.2,68.5,0.54,-0.94,-1.0,1.0,0.0,1.0,1,5371,332.4,1.14,-0.24,-0.99,-37.52,1200,198,2319,-0.0233,0.003,0.801,0.701,-50.89,43.73,527,1941,-1825,0,0,4167,0.0051,0.012,0.379,0.279,-40.64,33.47,516,2483,-3887,0,0,4334,-0.0008,-0.004,0.146,0.046,-9.7,2.54,531,3903,-3212,0,0,6750,0.0276,0.005,0.046,-0.054,-9.18,2.02,552,4481,-5978,0,0
164.92,4,13186.0,522.53,0.01,12998.82,68.8,0.44,-0.99,-1.0,0.5,0.0,1.0,1,5474,790.9,1.78,-0.22,-1.02,-36.21,1211,200,2321,-0.0233,0.001,0.818,0.718,-51.07,43.91,536,1902,-1860,0,0,4212,0.0058,0.035,0.416,0.316,-40.84,33.68,533,2483,-3940,0,0,4290,-0.0014,-0.026,0.188,0.088,-9.69,2.52,587,3918,-3123,0,0,6764,0.0277,0.008,0.159,0.059,-9.18,2.01,565,5070,-5591,0,0
164.94,4,13186.4,522.61,0.01,12998.45,69.1,0.53,-0.93,-1.0,0.5,0.0,1.0,1,5431,332.1,1.14,-0.21,-1.06,-35.91,1225,201,2327,-0.0232,0.005,0.85,0.75,-51.28,44.12,538,1952,-1825,0,0,4287,0.0069,0.057,0.425,0.325,-41.0,33.84,528,2642,-3940,0,0,4216,-0.0022,-0.044,0.217,0.117,-9.73,2.57,556,4070,-2812,0,0,6779,0.0279,0.009,0.13,0.03,-9.28,2.12,558,5354,-5383,0,0
164.96,4,13186.8,522.7,0.01,12998.07,69.3,0.44,-0.99,-1.0,1.0,0.0,1.0,1,5312,332.7,1.13,-0.19,-1.1,-34.73,1235,203,2320,-0.0233,-0.005,0.777,0.677,-51.44,44.28,523,1888,-1871,0,0,4346,0.0079,0.046,0.365,0.265,-41.16,34.0,513,2454,-4110,0,0,4149,-0.003,-0.039,0.124,0.024,-9.7,2.54,527,3461,-3366,0,0,6800,0.0282,0.012,0.032,-0.068,-9.28,2.11,547,3854,-6394,0,0
164.98,4,13187.2,522.79,0.01,12997.7,69.5,0.37,-1.04,-1.0,0.5,0.0,1.0,1,5455,791.8,1.76,-0.17,-1.15,-33.14,1244,204,2312,-0.0234,-0.006,0.812,0.712,-51.56,44.4,536,1862,-1881,0,0,4422,0.009,0.058,0.407,0.307,-41.24,34.07,530,2481,-4184,0,0,4067,-0.004,-0.048,0.201,0.101,-9.62,2.45,600,3556,-3150,0,0,6826,0.0285,0.015,0.175,0.075,-9.13,1.97,578,4599,-5999,0,0
165.0,4,13187.6,522.88,0.01,12997.32,69.7,0.5,-0.96,-1.0,0.5,0.0,1.0,1,5577,330.6,1.15,-0.14,-1.19,-32.87,1257,205,2310,-0.0235,-0.002,0.867,0.767,-51.67,44.51,535,1927,-1822,0,0,4522,0.0106,0.077,0.446,0.346,-41.32,34.16,527,2751,-4156,0,0,3964,-0.0052,-0.06,0.224,0.124,-9.53,2.36,547,3832,-2662,0,0,6857,0.0288,0.018,0.191,0.091,-9.21,2.05,526,5492,-5365,0,0
165.02,4,13188.0,522.98,0.01,12996.95,69.9,0.42,-1.02,-1.0,0.5,0.0,1.0,1,5387,333.0,1.13,-0.12,-1.23,-31.94,1267,206,2314,-0.0234,0.003,0.82,0.72,-51.77,44.61,522,1887,-1863,0,0,4607,0.0119,0.066,0.398,0.298,-41.38,34.22,510,2604,-4335,0,0,3882,-0.0062,-0.048,0.215,0.115,-9.49,2.32,514,3309,-3102,0,0,6881,0.0291,0.014,0.112,0.012,-9.17,2.01,522,4151,-6326,0,0
165.04,4,13188.4,523.09,0.01,12996.57,70.1,0.33,-1.06,-1.0,1.0,0.0,1.0,1,5333,333.4,1.12,-0.1,-1.26,-30.55,1276,207,2322,-0.0233,0.006,0.786,0.686,-51.82,44.66,514,1841,-1912,0,0,4692,0.0132,0.065,0.381,0.281,-41.58,34.42,503,2516,-4474,0,0,3802,-0.0071,-0.047,0.164,0.064,-9.4,2.24,525,3051,-3210,0,0,6900,0.0294,0.011,0.145,0.045,-9.04,1.88,509,3964,-6435,0,0
165.06,4,13188.7,523.19,0.01,12996.2,70.2,0.32,-1.06,-1.0,0.5,0.0,1.0,1,5399,791.7,1.76,-0.08,-1.29,-29.25,1285,208,2336,-0.0231,0.01,0.769,0.669,-51.88,44.72,527,1830,-1939,0,0,4763,0.0143,0.055,0.378,0.278,-41.62,34.46,521,2546,-4540,0,0,3732,-0.0079,-0.041,0.197,0.097,-9.27,2.11,568,3209,-2964,0,0,6906,0.0294,0.004,0.094,-0.006,-8.87,1.71,583,4203,-6303,0,0
165.08,4,13189.1,523.31,0.01,12995.82,70.5,0.47,-0.96,-1.0,0.5,0.0,1.0,1,5554,328.1,1.16,-0.08,-1.31,-29.25,1295,210,2343,-0.023,0.005,0.831,0.731,-51.91,44.74,546,1917,-1878,0,0,4827,0.0153,0.049,0.424,0.324,-41.65,34.49,538,2856,-4455,0,0,3663,-0.0087,-0.04,0.182,0.082,-9.25,2.09,600,3524,-2507,0,0,6912,0.0295,0.003,0.157,0.057,-8.86,1.7,575,5547,-5376,0,0
165.1,4,13189.5,523.42,0.01,12995.45,70.7,0.42,-1.0,-1.0,1.0,0.0,1.0,1,5357,332.6,1.13,-0.08,-1.31,-28.64,1301,211,2350,-0.0229,0.005,0.792,0.692,-51.92,44.76,536,1891,-1910,0,0,4857,0.0157,0.023,0.385,0.285,-41.67,34.5,525,2726,-4558,0,0,3637,-0.009,-0.016,0.12,0.02,-9.12,1.96,577,2940,-3058,0,0,6916,0.0295,0.002,0.108,0.008,-8.78,1.62,554,4095,-6358,0,0
165.12,4,13189.9,523.54,0.01,12995.07,70.9,0.36,-1.05,-1.0,0.5,0.0,1.0,1,5620,790.5,1.78,-0.07,-1.3,-27.35,1308,212,2362,-0.0227,0.009,0.818,0.718,-51.87,44.71,530,1885,-1932,0,0,4868,0.0159,0.009,0.42,0.32,-41.7,34.54,521,2734,-4567,0,0,3653,-0.0089,0.009,0.269,0.169,-9.0,1.84,551,3396,-2639,0,0,6931,0.0297,0.009,0.171,0.071,-8.67,1.51,555,5069,-5773,0,0
165.14,4,13190.3,523.67,0.01,12994.7,71.1,0.5,-0.95,-1.0,0.5,0.0,1.0,1,5741,324.8,1.17,-0.08,-1.28,-27.33,1318,214,2378,-0.0224,0.012,0.867,0.767,-51.92,44.76,546,1968,-1885,0,0,4873,0.016,0.003,0.46,0.36,-41.69,34.53,537,2995,-4430,0,0,3664,-0.0087,0.007,0.242,0.142,-8.96,1.8,571,3686,-2289,0,0,6927,0.0297,-0.002,0.216,0.116,-8.65,1.48,547,5993,-4960,0,0
165.16,4,13190.7,523.8,0.01,12994.33,71.4,0.47,-0.98,-1.0,0.5,0.0,1.0,1,5496,332.3,1.14,-0.09,-1.26,-26.62,1326,215,2388,-0.0223,0.008,0.807,0.707,-51.95,44.79,531,1930,-1934,0,0,4847,0.0156,-0.02,0.41,0.31,-41.72,34.56,520,2823,-4495,0,0,3704,-0.0083,0.024,0.208,0.108,-8.87,1.71,527,3218,-2904,0,0,6919,0.0296,-0.005,0.115,0.015,-8.52,1.36,533,4507,-6109,0,0
165.18,4,13191.1,523.93,0.01,12993.95,71.5,0.36,-1.04,-1.0,1.0,0.0,1.0,1,5420,332.8,1.13,-0.09,-1.26,-25.01,1331,216,2397,-0.0221,0.007,0.766,0.666,-51.91,44.74,521,1871,-1993,0,0,4815,0.0151,-0.025,0.39,0.29,-41.61,34.45,515,2654,-4545,0,0,3751,-0.0077,0.027,0.15,0.05,-8.58,1.42,533,2973,-3176,0,0,6912,0.0295,-0.004,0.141,0.041,-8.3,1.14,516,4044,-6327,0,0
165.2,4,13191.5,524.07,0.01,12993.58,71.7,0.34,-1.05,-1.0,0.0,1.0,1.0,1,5477,791.1,1.78,-0.09,-1.27,-23.51,1337,217,2400,-0.0221,0.002,0.743,0.643,-51.83,44.67,534,1845,-2018,0,0,4813,0.015,-0.002,0.382,0.282,-41.64,34.48,531,2618,-4560,0,0,3764,-0.0075,0.008,0.179,0.079,-8.28,1.12,575,3206,-2988,0,0,6919,0.0296,0.004,0.089,-0.011,-7.94,0.78,590,4284,-6166,0,0
165.22,4,13191.9,524.21,0.01,12993.2,71.6,0.01,-1.08,-1.0,1.0,0.0,1.0,1,4926,334.7,1.09,-0.08,-1.28,-21.21,1335,216,2391,-0.0222,-0.007,0.426,0.326,-51.79,44.62,428,1448,-2261,1755,1,4823,0.0152,0.008,0.14,0.04,-41.59,34.43,427,1571,-4965,1755,1,3756,-0.0076,-0.005,-0.126,0.026,-7.9,0.74,445,-1672,-3799,6000,0,6936,0.0298,0.01,-0.1,0.0,-7.57,0.41,432,-3894,-6310,6000,0
165.24,4,13192.3,524.35,0.01,12992.83,71.5,-0.12,-1.08,-1.0,1.0,0.0,1.0,1,5091,792.6,1.7,-0.05,-1.29,-18.61,1334,215,2399,-0.0221,0.006,0.537,0.437,-51.7,44.54,476,1461,-2264,0,0,4862,0.0158,0.03,0.235,0.135,-41.5,34.34,475,1678,-4976,0,0,3721,-0.008,-0.02,0.055,-0.045,-7.46,0.3,552,2477,-3389,0,0,6941,0.0298,0.003,0.043,-0.057,-7.21,0.05,530,2993,-6552,0,0
165.26,4,13192.7,524.5,0.01,12992.47,71.6,0.36,-0.95,-1.0,0.5,0.0,1.0,1,5780,992.8,2.17,-0.03,-1.29,-18.74,1344,217,2452,-0.0213,0.04,0.73,0.63,-51.52,44.36,536,1828,-2102,0,0,4928,0.0168,0.051,0.388,0.288,-41.33,34.17,534,2629,-4687,0,0,3642,-0.009,-0.047,0.218,0.118,-7.23,0.07,594,3790,-2063,0,0,6880,0.0291,-0.036,0.132,0.032,-7.02,-0.14,604,6373,-4367,0,0
165.28,4,13193.1,524.65,0.01,12992.1,72.0,0.56,-0.83,-1.0,0.0,1.0,1.0,1,5790,548.3,1.51,-0.02,-1.26,-20.53,1354,219,2489,-0.0207,0.028,0.834,0.734,-51.33,44.17,566,2039,-1986,0,0,4956,0.0172,0.022,0.448,0.348,-41.05,33.89,554,3086,-4479,0,0,3601,-0.0095,-0.024,0.241,0.141,-7.28,0.12,604,3859,-1858,0,0,6828,0.0285,-0.031,0.19,0.09,-7.1,-0.06,604,6684,-3878,0,0
165.3,4,13193.5,524.81,0.01,12991.73,71.9,0.07,-1.02,-1.0,0.0,1.0,1.0,1,5020,182.6,0.8,-0.01,-1.24,-19.19,1352,218,2523,-0.0202,0.027,0.402,0.302,-51.2,44.04,428,1519,-2386,1755,1,4941,0.017,-0.011,0.125,0.025,-40.96,33.8,428,1581,-5089,1755,1,3633,-0.0091,0.019,-0.091,-0.009,-7.04,-0.12,426,-1744,-3520,6000,0,6795,0.0281,-0.019,-0.143,0.043,-6.88,-0.28,454,-4314,-5810,6000,0
165.32,4,13193.9,524.97,0.01,12991.37,71.3,-0.79,-0.9,-1.0,1.0,0.0,1.0,1,3998,-203.4,0.2,0.04,-1.21,-16.94,1337,215,2573,-0.0194,0.039,0.212,0.112,-51.24,44.08,370,901,-2690,1755,1,4961,0.0173,0.016,-0.159,0.059,-41.06,33.9,326,-849,-5258,1755,1,3641,-0.009,0.005,-0.157,0.057,-6.75,-0.42,430,-3189,-2733,6000,0,6764,0.0277,-0.018,-0.126,0.026,-6.58,-0.58,420,-5825,-4716,6000,0
165.34,4,13194.3,525.13,0.01,12991.01,70.7,-0.82,-0.88,-1.0,1.0,0.0,1.0,1,4093,209.1,0.71,0.12,-1.18,-14.76,1321,211,2695,-0.0175,0.093,0.205,0.105,-51.2,44.04,361,691,-2873,0,0,5025,0.0183,0.049,0.005,-0.095,-40.94,33.77,372,-305,-5373,0,0,3589,-0.0096,-0.03,-0.065,-0.035,-6.41,-0.75,441,-2352,-3156,0,0,6637,0.0263,-0.075,-0.037,-0.063,-6.19,-0.97,438,-4564,-5352,0,0
165.36,4,13194.7,525.29,0.01,12990.65,70.2,-0.62,-0.97,-1.0,1.0,0.0,1.0,1,4386,556.0,1.29,0.2,-1.16,-13.07,1315,208,2867,-0.0149,0.132,0.292,0.192,-51.02,43.86,405,995,-2988,0,0,5139,0.0201,0.088,0.078,-0.022,-40.87,33.7,413,513,-5473,0,0,3491,-0.0108,-0.058,-0.033,-0.067,-5.97,-1.19,482,-956,-3340,0,0,6463,0.0242,-0.102,-0.068,-0.032,-5.86,-1.3,505,-2046,-5832,0,0
165.38,4,13195.1,525.45,0.01,12990.3,70.0,-0.21,-1.02,-1.0,1.0,0.0,1.0,1,4919,1000.8,1.96,0.27,-1.14,-12.32,1320,207,3034,-0.0123,0.129,0.45,0.35,-50.64,43.47,454,1551,-2978,0,0,5261,0.0219,0.094,0.19,0.09,-40.56,33.4,453,1388,-5468,0,0,3356,-0.0123,-0.08,0.04,-0.06,-5.57,-1.59,538,2244,-2801,0,0,6268,0.0219,-0.114,0.04,-0.06,-5.45,-1.71,516,2770,-5347,0,0
165.4,4,13195.5,525.62,0.01,12989.95,70.2,0.3,-0.91,-1.0,0.5,0.0,1.0,1,5732,1000.9,2.12,0.29,-1.13,-14.33,1332,208,3154,-0.0105,0.092,0.708,0.608,-50.33,43.17,516,2210,-2764,0,0,5348,0.0233,0.067,0.396,0.296,-40.15,32.99,515,2687,-5134,0,0,3222,-0.0139,-0.079,0.328,0.228,-5.42,-1.75,581,3613,-1348,0,0,6092,0.0198,-0.104,0.249,0.149,-5.31,-1.85,582,6367,-2825,0,0
165.42,4,13195.9,525.79,0.01,12989.6,70.5,0.5,-0.77,-1.0,0.5,0.0,1.0,1,5725,550.8,1.5,0.28,-1.09,-17.71,1340,210,3186,-0.01,0.025,0.759,0.659,-50.02,42.86,548,2494,-2601,0,0,5347,0.0233,0.0,0.424,0.324,-39.83,32.67,544,3240,-4856,0,0,3156,-0.0147,-0.039,0.259,0.159,-5.6,-1.56,605,3595,-1206,0,0,5982,0.0185,-0.065,0.222,0.122,-5.38,-1.78,606,6426,-2481,0,0
165.44,4,13196.2,525.97,0.01,12989.24,70.8,0.54,-0.78,-1.0,0.5,0.0,1.0,1,5733,326.2,1.17,0.23,-1.04,-20.16,1343,212,3165,-0.0103,-0.016,0.764,0.664,-49.85,42.69,541,2486,-2579,0,0,5258,0.0219,-0.069,0.427,0.327,-39.66,32.49,537,3198,-4777,0,0,3205,-0.0141,0.029,0.282,0.182,-5.75,-1.41,563,3538,-1458,0,0,5941,0.0181,-0.024,0.193,0.093,-5.6,-1.56,564,6010,-3096,0,0
165.46,4,13196.6,526.15,0.01,12988.89,71.1,0.5,-0.87,-1.0,1.0,0.0,1.0,1,5429,332.7,1.13,0.16,-1.0,-21.25,1344,214,3117,-0.011,-0.037,0.683,0.583,-49.69,42.53,520,2338,-2629,0,0,5113,0.0197,-0.112,0.366,0.266,-39.5,32.34,518,2846,-4801,0,0,3345,-0.0125,0.083,0.144,0.044,-5.79,-1.37,531,3215,-2163,0,0,5955,0.0182,0.008,0.139,0.039,-5.62,-1.54,512,4689,-4323,0,0
165.48,4,13197.0,526.33,0.01,12988.54,71.4,0.39,-0.94,-1.0,1.0,0.0,1.0,1,5529,789.0,1.79,0.09,-0.99,-21.16,1343,215,3031,-0.0124,-0.066,0.638,0.538,-49.55,42.38,525,2197,-2617,0,0,4955,0.0172,-0.121,0.33,0.23,-39.39,32.23,525,2591,-4747,0,0,3511,-0.0105,0.098,0.138,0.038,-5.63,-1.53,558,3430,-2189,0,0,6027,0.0191,0.042,0.063,-0.037,-5.47,-1.69,573,4913,-4235,0,0
165.5,4,13197.4,526.52,0.01,12988.19,71.7,0.58,-0.82,-1.0,0.5,0.0,1.0,1,6340,969.0,2.27,0.0,-0.98,-22.39,1346,217,2900,-0.0144,-0.101,0.847,0.747,-49.42,42.26,600,2361,-2310,0,0,4798,0.0148,-0.121,0.501,0.401,-39.27,32.1,598,3123,-4277,0,0,3662,-0.0087,0.089,0.386,0.286,-5.65,-1.51,711,4231,-1169,0,0,6144,0.0205,0.069,0.361,0.261,-5.5,-1.67,686,6757,-2180,0,0
165.52,4,13197.8,526.71,0.01,12987.83,72.2,0.77,-0.64,-1.0,0.0,1.0,0.89,1,6642,-221.2,1.65,-0.09,-0.96,-25.3,1354,220,2748,-0.0167,-0.117,0.97,0.87,-49.38,42.22,638,2496,-1949,0,0,4630,0.0122,-0.129,0.579,0.479,-39.25,32.08,631,3609,-3716,0,0,3818,-0.0069,0.091,0.378,0.278,-6.02,-1.15,676,4474,-981,0,0,6279,0.022,0.079,0.285,0.185,-5.8,-1.36,686,7060,-1774,0,0
165.54,4,13198.2,526.9,0.01,12987.48,72.4,0.37,-0.84,-1.0,0.0,1.0,0.76,1,5995,129.5,0.87,-0.17,-0.94,-25.03,1353,222,2583,-0.0193,-0.127,0.424,0.324,-49.45,42.29,447,1768,-2320,1755,1,4421,0.009,-0.16,0.118,0.018,-39.31,32.15,408,1842,-4467,5850,0,4009,-0.0047,0.113,-0.177,0.077,-6.1,-1.06,424,-2298,-3507,6000,0,6414,0.0236,0.079,-0.154,0.054,-5.89,-1.28,414,-4753,-4856,6000,0
165.56,4,13198.6,527.1,0.01,12987.13,71.8,-0.92,-0.73,-1.0,0.0,1.0,0.63,1,5257,-256.0,0.2,-0.18,-0.93,-23.08,1327,217,2429,-0.0216,-0.118,-0.094,-0.006,-49.63,42.47,260,536,-2620,5850,0,4239,0.0062,-0.141,-0.161,0.061,-39.42,32.26,327,-873,-4524,1755,1,4153,-0.003,0.085,-0.286,0.186,-6.01,-1.15,332,-4565,-1810,6000,0,6519,0.0249,0.062,-0.319,0.219,-5.82,-1.34,351,-7044,-2527,6000,0
165.58,4,13199.0,527.29,0.01,12986.79,71.0,-1.07,-0.42,-1.0,0.5,0.0,0.49,1,4526,-224.4,0.2,-0.11,-0.88,-22.24,1301,213,2412,-0.0219,-0.013,-0.315,0.215,-49.95,42.78,209,-688,-2570,1755,1,4194,0.0055,-0.035,-0.311,0.211,-39.78,32.61,261,-1722,-4258,1755,1,4141,-0.0031,-0.007,-0.531,0.431,-6.21,-0.95,233,-4847,-1003,6000,0,6471,0.0243,-0.028,-0.509,0.409,-6.02,-1.14,229,-7355,-1464,6000,0
165.6,4,13199.4,527.48,0.01,12986.45,70.2,-1.07,-0.52,-1.0,1.0,0.0,0.36,1,4261,209.6,0.73,0.0,-0.8,-21.0,1286,208,2576,-0.0194,0.126,0.108,0.008,-50.23,43.07,341,-100,-2818,0,0,4255,0.0065,0.047,-0.003,-0.097,-40.07,32.91,381,-675,-4567,0,0,4073,-0.0039,-0.04,0.028,-0.072,-6.39,-0.77,499,-2253,-3646,0,0,6270,0.0219,-0.119,0.019,-0.081,-6.19,-0.97,512,-4239,-5048,0,0
165.62,4,13199.8,527.68,0.01,12986.12,69.9,-0.38,-0.94,-1.0,1.0,0.0,0.23,1,4587,562.3,1.31,0.12,-0.78,-18.87,1290,206,2841,-0.0153,0.204,0.325,0.225,-50.11,42.94,412,876,-2993,0,0,4384,0.0084,0.099,0.141,0.041,-39.99,32.83,434,647,-4702,0,0,3936,-0.0055,-0.081,0.047,-0.053,-6.02,-1.14,503,1295,-3694,0,0,5954,0.0182,-0.186,0.021,-0.079,-5.83,-1.33,503,436,-5482,0,0
165.64,4,13200.2,527.88,0.01,12985.79,69.8,-0.12,-0.99,-1.0,1.0,0.0,0.09,1,4999,1001.1,1.97,0.22,-0.81,-18.08,1299,205,3065,-0.0118,0.172,0.409,0.309,-49.96,42.8,434,1506,-3035,0,0,4558,0.0111,0.134,0.175,0.075,-39.77,32.61,444,1281,-4772,0,0,3727,-0.008,-0.123,0.021,-0.079,-5.67,-1.5,486,1215,-3417,0,0,5680,0.015,-0.161,-0.004,-0.096,-5.52,-1.64,488,321,-5114,0,0
165.66,4,13200.6,528.08,0.01,12985.46,69.5,-0.24,-0.99,-1.0,1.0,0.0,0.08,2,5640,1001.9,2.12,0.3,-0.88,-17.71,1299,204,3198,-0.0098,0.103,0.3,0.2,-49.71,42.55,401,1374,-3237,0,0,4748,0.0141,0.146,0.096,-0.004,-39.55,32.39,414,952,-5035,0,0,3479,-0.0109,-0.146,-0.005,-0.095,-5.4,-1.76,475,-80,-3185,0,0,5506,0.0129,-0.103,-0.002,-0.098,-5.26,-1.9,488,-323,-4828,0,0
165.68,4,13201.0,528.28,0.01,12985.13,69.3,-0.27,-0.94,-1.0,1.0,0.0,0.38,2,6070,980.0,2.22,0.36,-0.98,-17.46,1298,203,3261,-0.0088,0.048,0.373,0.273,-49.49,42.33,427,1444,-3283,0,0,4953,0.0172,0.158,0.146,0.046,-39.35,32.18,436,1041,-5230,0,0,3222,-0.0139,-0.151,0.055,-0.045,-5.09,-2.07,501,1200,-2784,0,0,5435,0.0121,-0.042,0.023,-0.077,-5.01,-2.16,505,584,-4619,0,0
165.7,4,13201.4,528.49,0.01,12984.8,69.3,0.04,-0.91,-1.0,1.0,0.0,0.68,2,6182,972.3,2.26,0.39,-1.08,-17.98,1298,203,3265,-0.0088,0.003,0.509,0.409,-49.3,42.14,472,1883,-3096,0,0,5150,0.0202,0.152,0.236,0.136,-39.09,31.93,472,1746,-5274,0,0,2973,-0.0169,-0.147,0.121,0.021,-4.96,-2.2,543,2653,-2015,0,0,5438,0.0122,0.002,0.098,-0.002,-4.82,-2.34,533,3849,-3949,0,0
165.72,4,13201.7,528.7,0.01,12984.48,69.5,0.33,-0.84,-1.0,0.5,0.0,0.98,2,5988,982.2,2.21,0.38,-1.16,-20.15,1303,204,3224,-0.0094,-0.032,0.658,0.558,-49.05,41.89,522,2266,-2822,0,0,5306,0.0226,0.12,0.351,0.251,-38.87,31.71,522,2640,-5118,0,0,2802,-0.0189,-0.101,0.246,0.146,-5.03,-2.13,610,3150,-1172,0,0,5524,0.0132,0.051,0.215,0.115,-4.9,-2.26,591,5723,-2652,0,0
165.74,4,13202.1,528.91,0.01,12984.16,69.8,0.52,-0.74,-1.0,0.5,0.0,1.0,2,5486,558.1,1.47,0.34,-1.18,-24.01,1308,206,3156,-0.0104,-0.052,0.825,0.725,-48.86,41.7,577,2580,-2491,0,0,5386,0.0239,0.062,0.476,0.376,-38.73,31.57,574,3483,-4765,0,0,2737,-0.0196,-0.038,0.395,0.295,-5.43,-1.73,681,3247,-731,0,0,5653,0.0147,0.075,0.347,0.247,-5.23,-1.93,661,6376,-1690,0,0
165.76,4,13202.5,529.13,0.01,12983.83,70.2,0.66,-0.67,-1.0,0.5,0.0,1.0,2,4723,335.3,1.06,0.26,-1.16,-27.96,1313,208,3076,-0.0117,-0.062,0.973,0.873,-48.85,41.69,626,2748,-2209,0,0,5348,0.0233,-0.029,0.572,0.472,-38.68,31.52,616,3992,-4364,0,0,2833,-0.0185,0.057,0.514,0.414,-5.93,-1.23,719,3387,-637,0,0,5805,0.0165,0.09,0.412,0.312,-5.7,-1.46,720,6627,-1445,0,0
165.78,4,13202.9,529.35,0.01,12983.51,70.7,0.74,-0.65,-1.0,0.5,0.0,1.0,2,4458,333.6,1.02,0.15,-1.11,-31.73,1320,211,2983,-0.0131,-0.071,1.032,0.932,-48.9,41.73,645,2768,-2036,0,0,5215,0.0212,-0.103,0.581,0.481,-38.73,31.56,624,4046,-4146,0,0,3053,-0.0159,0.129,0.469,0.369,-6.56,-0.6,704,3622,-761,0,0,5972,0.0184,0.098,0.378,0.278,-6.24,-0.92,708,6762,-1634,0,0
165.8,4,13203.3,529.58,0.01,12983.18,71.2,0.75,-0.67,-1.0,0.5,0.0,1.0,2,4353,328.3,1.01,0.03,-1.03,-34.88,1325,214,2871,-0.0148,-0.086,1.02,0.92,-49.04,41.88,642,2662,-1970,0,0,4995,0.0178,-0.169,0.547,0.447,-38.87,31.71,615,3762,-4082,0,0,3360,-0.0123,0.18,0.41,0.31,-7.11,-0.05,678,3915,-1035,0,0,6137,0.0204,0.097,0.316,0.216,-6.77,-0.39,683,6781,-2139,0,0
165.82,4,13203.7,529.81,0.01,12982.85,71.7,0.74,-0.71,-1.0,0.0,0.8,1.0,2,4233,322.9,1.0,-0.09,-0.95,-37.07,1332,217,2742,-0.0168,-0.099,0.99,0.89,-49.28,42.12,629,2510,-1924,0,0,4721,0.0136,-0.211,0.517,0.417,-39.1,31.94,602,3420,-3984,0,0,3706,-0.0082,0.203,0.346,0.246,-7.69,0.53,656,4199,-1423,0,0,6294,0.0222,0.092,0.287,0.187,-7.31,0.14,645,6701,-2757,0,0
165.84,4,13204.1,530.04,0.01,12982.53,72.2,0.69,-0.76,-1.0,0.0,0.72,1.0,2,3869,36.2,0.45,-0.2,-0.89,-38.13,1336,220,2604,-0.0189,-0.106,0.704,0.604,-49.5,42.34,536,2096,-2109,1410,1,4428,0.0091,-0.226,0.325,0.225,-39.32,32.16,527,2482,-4201,1410,1,4034,-0.0044,0.193,0.298,0.198,-8.07,0.91,621,4401,-1884,759,1,6419,0.0237,0.074,0.194,0.094,-7.67,0.51,625,6331,-3667,759,1
165.86,4,13204.5,530.28,0.01,12982.2,72.5,0.53,-0.87,-1.0,0.0,0.78,1.0,2,3352,-173.3,0.2,-0.29,-0.86,-37.11,1339,222,2458,-0.0212,-0.112,0.508,0.408,-49.82,42.65,475,1629,-2246,1269,1,4159,0.005,-0.207,0.194,0.094,-39.64,32.47,474,1614,-4258,1269,1,4313,-0.0011,0.164,0.064,-0.036,-8.24,1.08,528,3524,-3488,2277,0,6537,0.0251,0.069,0.03,-0.07,-7.8,0.63,517,3351,-6092,2277,0
165.88,4,13204.9,530.52,0.01,12981.88,72.3,-0.1,-1.07,-1.0,0.0,1.0,1.0,2,2842,-145.6,0.2,-0.33,-0.88,-32.52,1331,221,2304,-0.0235,-0.118,0.304,0.204,-50.09,42.93,409,1102,-2322,1365,1,3950,0.0018,-0.161,-0.167,0.067,-39.93,32.77,336,-287,-4290,1365,1,4491,0.001,0.105,-0.009,-0.091,-7.88,0.72,478,-85,-4749,2450,0,6643,0.0263,0.062,-0.065,-0.035,-7.54,0.38,494,-2170,-6507,2450,0
165.9,4,13205.3,530.76,0.02,12981.56,71.8,-0.67,-0.89,-1.0,0.0,1.0,1.0,2,2330,-121.6,0.2,-0.31,-0.92,-27.83,1310,218,2177,-0.0255,-0.098,-0.243,0.143,-50.44,43.28,241,-65,-2395,1755,1,3873,0.0006,-0.06,-0.237,0.137,-40.29,33.13,299,-1215,-4062,1755,1,4491,0.001,0.0,-0.145,0.045,-7.54,0.38,425,-3197,-3907,945,1,6709,0.0271,0.038,-0.19,0.09,-7.22,0.06,440,-5427,-5063,945,1
165.92,4,13205.7,531.0,0.02,12981.25,71.1,-0.95,-0.68,-1.0,0.0,1.0,1.0,2,2131,-107.1,0.2,-0.22,-0.94,-23.95,1294,213,2165,-0.0257,-0.01,-0.35,0.25,-50.81,43.65,187,-837,-2255,1755,1,3938,0.0016,0.05,-0.337,0.237,-40.67,33.5,243,-1894,-3905,1755,1,4372,-0.0004,-0.07,-0.14,0.04,-7.38,0.22,407,-3845,-3249,945,1,6691,0.0269,-0.01,-0.141,0.041,-7.15,-0.01,406,-6077,-4415,945,1
165.94,4,13206.1,531.24,0.02,12980.94,70.3,-1.06,-0.59,-1.0,0.5,0.0,1.0,2,2002,-104.6,0.2,-0.07,-0.93,-20.65,1285,209,2303,-0.0236,0.107,-0.429,0.329,-51.14,43.98,182,-1122,-2311,1755,1,4106,0.0042,0.129,-0.403,0.303,-41.02,33.86,231,-2296,-3912,1755,1,4167,-0.0028,-0.121,-0.166,0.066,-7.24,0.07,409,-3840,-2932,945,1,6524,0.0249,-0.098,-0.196,0.096,-7.04,-0.12,424,-6122,-4097,945,1
165.96,4,13206.5,531.47,0.02,12980.64,69.5,-1.05,-0.59,-1.0,0.5,0.0,1.0,2,2288,181.8,0.58,0.1,-0.9,-17.73,1281,204,2550,-0.0198,0.19,-0.17,0.07,-51.38,44.21,264,-841,-2682,0,0,4334,0.0077,0.175,-0.168,0.068,-41.23,34.07,320,-1596,-4443,0,0,3889,-0.0061,-0.163,-0.147,0.047,-7.1,-0.06,429,-3541,-2797,0,0,6222,0.0214,-0.178,-0.17,0.07,-6.95,-0.21,434,-5645,-4162,0,0
165.98,4,13206.9,531.71,0.02,12980.34,68.8,-0.9,-0.74,-1.0,1.0,0.0,1.0,2,2689,292.7,0.81,0.28,-0.88,-15.76,1284,200,2859,-0.015,0.237,0.117,0.017,-51.46,44.3,326,-60,-3114,0,0,4585,0.0115,0.193,0.024,-0.076,-41.28,34.12,369,-375,-4924,0,0,3562,-0.0099,-0.192,-0.006,-0.094,-6.83,-0.33,440,-2111,-3285,0,0,5820,0.0166,-0.236,-0.04,-0.06,-6.68,-0.48,459,-3770,-4986,0,0
166.0,4,13207.2,531.95,0.02,12980.04,68.4,-0.51,-0.93,-1.0,1.0,0.0,1.0,2,2986,593.1,1.29,0.44,-0.89,-14.6,1292,198,3154,-0.0105,0.227,0.315,0.215,-51.27,44.11,396,979,-3304,0,0,4837,0.0154,0.194,0.125,0.025,-41.09,33.93,415,705,-5149,0,0,3181,-0.0144,-0.224,0.016,-0.084,-6.49,-0.67,503,550,-3195,0,0,5381,0.0115,-0.258,0.019,-0.081,-6.35,-0.81,493,220,-5230,0,0
166.02,4,13207.6,532.19,0.02,12979.75,68.3,-0.09,-0.96,-1.0,1.0,0.0,1.0,2,3145,770.9,1.54,0.55,-0.92,-15.05,1302,197,3364,-0.0072,0.161,0.478,0.378,-50.92,43.76,440,1760,-3266,0,0,5064,0.0189,0.175,0.216,0.116,-40.78,33.62,444,1557,-5224,0,0,2786,-0.0191,-0.233,0.081,-0.019,-6.2,-0.96,511,1822,-2454,0,0,5009,0.0071,-0.219,0.061,-0.039,-6.06,-1.1,506,2308,-4526,0,0
166.04,4,13208.0,532.43,0.02,12979.46,68.3,0.07,-0.93,-1.0,1.0,0.0,1.0,2,3241,789.7,1.56,0.61,-0.99,-16.65,1304,197,3470,-0.0056,0.082,0.529,0.429,-50.57,43.41,457,2084,-3232,0,0,5237,0.0216,0.133,0.245,0.145,-40.39,33.22,457,1923,-5302,0,0,2446,-0.0231,-0.2,0.119,0.019,-6.06,-1.11,520,2062,-1895,0,0,4756,0.0041,-0.149,0.074,-0.026,-5.93,-1.23,521,3069,-3980,0,0
166.06,4,13208.4,532.68,0.02,12979.17,68.3,0.14,-0.88,-1.0,1.0,0.0,1.0,2,3315,803.9,1.58,0.61,-1.05,-18.63,1298,198,3465,-0.0057,-0.004,0.559,0.459,-50.26,43.1,468,2205,-3159,0,0,5357,0.0234,0.093,0.267,0.167,-40.11,32.95,469,2180,-5346,0,0,2195,-0.026,-0.148,0.133,0.033,-6.1,-1.06,533,2040,-1560,0,0,4669,0.0031,-0.051,0.101,0.001,-5.94,-1.22,529,3566,-3634,0,0
166.08,4,13208.8,532.93,0.02,12978.88,68.4,0.21,-0.86,-1.0,1.0,0.0,1.0,2,3366,813.8,1.59,0.57,-1.1,-20.68,1286,198,3404,-0.0066,-0.047,0.581,0.481,-50.08,42.92,477,2250,-3057,0,0,5415,0.0243,0.044,0.28,0.18,-39.86,32.7,476,2333,-5354,0,0,2097,-0.0272,-0.058,0.147,0.047,-6.16,-1.0,540,2029,-1421,0,0,4726,0.0038,0.033,0.112,0.012,-5.97,-1.19,536,3851,-3526,0,0
166.1,4,13209.1,533.18,0.02,12978.6,68.6,0.26,-0.88,-1.0,1.0,0.0,1.0,2,3393,819.1,1.6,0.49,-1.14,-22.31,1274,199,3307,-0.0081,-0.075,0.593,0.493,-49.9,42.74,483,2233,-2947,0,0,5414,0.0243,0.0,0.286,0.186,-39.7,32.54,482,2416,-5323,0,0,2154,-0.0265,0.033,0.15,0.05,-6.27,-0.89,543,2098,-1447,0,0,4909,0.0059,0.108,0.113,0.013,-6.06,-1.1,538,3959,-3686,0,0
166.12,4,13209.5,533.44,0.02,12978.32,68.8,0.32,-0.88,-1.0,1.0,0.0,1.0,2,3428,826.0,1.61,0.4,-1.16,-23.49,1269,200,3194,-0.0099,-0.087,0.609,0.509,-49.76,42.6,490,2209,-2820,0,0,5375,0.0237,-0.03,0.298,0.198,-39.57,32.41,488,2502,-5248,0,0,2323,-0.0245,0.099,0.156,0.056,-6.31,-0.85,546,2289,-1525,0,0,5175,0.0091,0.156,0.115,0.015,-6.13,-1.03,541,4199,-3858,0,0
166.14,4,13209.9,533.7,0.02,12978.03,69.0,0.36,-0.89,-1.0,1.0,0.0,1.0,2,3449,830.2,1.61,0.28,-1.17,-24.38,1261,201,3059,-0.0119,-0.104,0.62,0.52,-49.66,42.5,495,2151,-2683,0,0,5276,0.0222,-0.076,0.305,0.205,-39.49,32.32,494,2525,-5131,0,0,2562,-0.0217,0.141,0.166,0.066,-6.29,-0.87,544,2519,-1674,0,0,5462,0.0124,0.169,0.1,0.0,-6.12,-1.04,545,4339,-4106,0,0
166.16,4,13210.3,533.96,0.01,12977.75,69.2,0.38,-0.9,-1.0,1.0,0.0,1.0,2,3461,832.6,1.61,0.17,-1.18,-24.83,1258,202,2908,-0.0143,-0.116,0.628,0.528,-49.6,42.43,500,2070,-2542,0,0,5148,0.0202,-0.098,0.312,0.212,-39.46,32.3,498,2517,-4996,0,0,2849,-0.0183,0.169,0.161,0.061,-6.37,-0.8,543,2759,-1894,0,0,5779,0.0162,0.187,0.095,-0.005,-6.13,-1.03,544,4450,-4405,0,0
166.18,4,13210.7,534.23,0.01,12977.47,69.4,0.4,-0.91,-1.0,1.0,0.0,1.0,2,3470,834.4,1.62,0.06,-1.18,-24.82,1256,203,2744,-0.0168,-0.126,0.638,0.538,-49.57,42.4,505,1977,-2391,0,0,5002,0.018,-0.113,0.314,0.214,-39.44,32.28,501,2473,-4853,0,0,3126,-0.0151,0.163,0.154,0.054,-6.28,-0.88,542,2982,-2101,0,0,6078,0.0197,0.175,0.089,-0.011,-6.09,-1.07,543,4486,-4708,0,0
166.2,4,13211.1,534.5,0.01,12977.2,69.7,0.42,-0.92,-1.0,1.0,0.0,1.0,2,3478,836.0,1.62,-0.04,-1.19,-24.39,1255,205,2585,-0.0192,-0.122,0.647,0.547,-49.59,42.43,509,1883,-2246,0,0,4850,0.0156,-0.117,0.317,0.217,-39.41,32.25,504,2423,-4707,0,0,3384,-0.012,0.152,0.134,0.034,-6.21,-0.95,547,3151,-2328,0,0,6346,0.0228,0.158,0.096,-0.004,-5.97,-1.19,536,4583,-4915,0,0
166.22,4,13211.5,534.78,0.01,12976.92,69.9,0.43,-0.92,-1.0,1.0,0.0,1.0,2,3487,837.9,1.62,-0.13,-1.19,-23.57,1254,206,2437,-0.0215,-0.114,0.654,0.554,-49.53,42.37,514,1791,-2112,0,0,4712,0.0135,-0.107,0.319,0.219,-39.4,32.24,506,2372,-4575,0,0,3607,-0.0094,0.131,0.141,0.041,-6.02,-1.14,539,3329,-2477,0,0,6582,0.0256,0.139,0.079,-0.021,-5.85,-1.32,542,4586,-5120,0,0
166.24,4,13211.8,535.05,0.01,12976.65,70.2,0.44,-0.93,-1.0,0.0,1.0,1.0,2,3497,839.7,1.62,-0.19,-1.18,-22.5,1257,208,2315,-0.0234,-0.094,0.66,0.56,-49.51,42.35,519,1716,-2001,0,0,4595,0.0117,-0.09,0.321,0.221,-39.37,32.21,508,2328,-4463,0,0,3798,-0.0071,0.112,0.12,0.02,-5.86,-1.3,545,3431,-2639,0,0,6779,0.0279,0.116,0.089,-0.011,-5.67,-1.49,535,4694,-5210,0,0
166.26,4,13212.2,535.33,0.01,12976.38,70.1,0.01,-0.98,-1.0,0.0,1.0,0.96,2,2943,418.7,1.07,-0.22,-1.19,-19.73,1251,208,2222,-0.0248,-0.071,0.304,0.204,-49.48,42.32,402,1154,-2205,1755,1,4494,0.0101,-0.077,-0.121,0.021,-39.42,32.26,337,652,-4819,1755,1,3955,-0.0053,0.093,-0.042,-0.058,-5.5,-1.66,470,-715,-3611,3150,0,6927,0.0297,0.087,-0.037,-0.063,-5.34,-1.83,466,-2608,-5813,3150,0
166.28,4,13212.6,535.61,0.01,12976.11,69.7,-0.6,-0.88,-1.0,1.0,0.0,0.82,2,2608,191.5,0.61,-0.19,-1.17,-15.83,1238,205,2183,-0.0254,-0.03,0.021,-0.079,-49.62,42.46,292,504,-2358,5850,0,4464,0.0097,-0.024,-0.145,0.045,-39.46,32.3,326,-996,-4736,1755,1,4031,-0.0044,0.045,-0.052,-0.048,-5.0,-2.16,445,-2072,-3334,3150,0,7014,0.0307,0.051,-0.078,-0.022,-4.86,-2.3,459,-4286,-5267,3150,0
166.3,4,13213.0,535.9,0.01,12975.85,69.2,-0.61,-0.84,-1.0,1.0,0.0,0.69,2,2900,402.1,1.05,-0.12,-1.14,-13.04,1230,202,2271,-0.0241,0.068,0.173,0.073,-49.53,42.37,360,308,-2481,0,0,4516,0.0105,0.04,0.059,-0.041,-39.46,32.3,395,-82,-4877,0,0,4013,-0.0046,-0.011,0.028,-0.072,-4.53,-2.63,482,-155,-3322,0,0,6948,0.0299,-0.039,0.028,-0.072,-4.45,-2.71,479,-992,-5429,0,0
166.32,4,13213.4,536.18,0.01,12975.59,69.0,-0.23,-0.9,-1.0,1.0,0.0,0.56,2,3086,758.9,1.52,-0.04,-1.12,-11.85,1235,201,2439,-0.0215,0.129,0.377,0.277,-49.32,42.16,431,1007,-2511,0,0,4631,0.0122,0.088,0.168,0.068,-39.2,32.04,441,1057,-4898,0,0,3923,-0.0057,-0.052,0.039,-0.061,-4.19,-2.98,499,1526,-2996,0,0,6790,0.0281,-0.093,0.028,-0.072,-4.05,-3.12,496,1324,-4971,0,0
166.34,4,13213.8,536.46,0.01,12975.33,69.0,0.06,-0.91,-1.0,1.0,0.0,0.42,2,3261,793.0,1.57,0.03,-1.11,-12.0,1246,201,2607,-0.0189,0.129,0.472,0.372,-48.99,41.83,461,1459,-2522,0,0,4755,0.0142,0.096,0.217,0.117,-38.91,31.75,460,1588,-4906,0,0,3800,-0.0071,-0.072,0.067,-0.033,-3.79,-3.37,503,2634,-2519,0,0,6610,0.0259,-0.106,0.034,-0.066,-3.77,-3.39,506,3053,-4431,0,0
166.36,4,13214.2,536.75,0.01,12975.08,69.1,0.1,-0.9,-1.0,1.0,0.0,0.29,2,3454,827.9,1.61,0.09,-1.1,-12.7,1256,201,2732,-0.017,0.097,0.452,0.352,-48.66,41.5,457,1564,-2622,0,0,4868,0.0159,0.086,0.2,0.1,-38.55,31.39,456,1661,-5006,0,0,3665,-0.0087,-0.079,0.031,-0.069,-3.64,-3.52,494,1972,-2444,0,0,6458,0.0241,-0.09,0.018,-0.082,-3.51,-3.66,491,1857,-4182,0,0
166.38,4,13214.5,537.04,0.01,12974.83,69.0,-0.06,-0.87,-1.0,1.0,0.0,0.16,2,3815,882.6,1.69,0.14,-1.09,-13.2,1259,201,2824,-0.0156,0.07,0.403,0.303,-48.51,41.35,441,1503,-2760,0,0,4942,0.017,0.057,0.16,0.06,-38.29,31.12,442,1431,-5146,0,0,3550,-0.0101,-0.068,0.017,-0.083,-3.44,-3.73,483,1110,-2336,0,0,6320,0.0225,-0.081,-0.002,-0.098,-3.31,-3.85,484,271,-3942,0,0
166.4,4,13214.9,537.33,0.01,12974.58,68.8,-0.22,-0.84,-1.0,1.0,0.0,0.02,2,4358,963.1,1.82,0.19,-1.07,-13.73,1256,200,2912,-0.0142,0.068,0.33,0.23,-48.2,41.04,418,1359,-2924,0,0,4998,0.0179,0.043,0.108,0.008,-38.06,30.9,421,1090,-5277,0,0,3459,-0.0111,-0.053,-0.004,-0.096,-3.18,-3.98,472,-37,-2167,0,0,6187,0.021,-0.078,-0.005,-0.095,-3.16,-4.0,483,-504,-3693,0,0
166.42,4,13215.3,537.62,0.01,12974.33,68.6,-0.3,-0.81,-1.0,1.0,0.0,0.08,1,4998,1001.1,1.97,0.23,-1.05,-14.45,1252,199,3005,-0.0128,0.072,0.25,0.15,-47.91,40.75,398,1058,-3130,0,0,5058,0.0188,0.046,0.066,-0.034,-37.84,30.68,409,593,-5407,0,0,3378,-0.0121,-0.048,0.004,-0.096,-3.08,-4.08,474,124,-2038,0,0,6062,0.0195,-0.074,-0.01,-0.09,-3.1,-4.06,479,-529,-3528,0,0
166.44,4,13215.7,537.91,0.01,12974.09,68.4,-0.28,-0.79,-1.0,1.0,0.0,0.18,1,5547,1005.3,2.1,0.26,-1.03,-15.14,1248,197,3081,-0.0116,0.058,0.332,0.232,-47.72,40.55,424,1273,-3147,0,0,5103,0.0195,0.035,0.127,0.027,-37.64,30.47,432,976,-5406,0,0,3310,-0.0129,-0.04,0.034,-0.066,-3.01,-4.15,487,1153,-1917,0,0,5955,0.0182,-0.063,0.011,-0.089,-2.95,-4.22,489,397,-3321,0,0
166.46,4,13216.1,538.21,0.01,12973.85,68.3,-0.06,-0.79,-1.0,1.0,0.0,0.28,1,5986,984.9,2.2,0.28,-1.0,-16.37,1245,197,3156,-0.0104,0.058,0.4,0.3,-47.51,40.35,447,1572,-3120,0,0,5128,0.0199,0.019,0.166,0.066,-37.41,30.24,448,1378,-5357,0,0,3265,-0.0134,-0.027,0.052,-0.048,-2.96,-4.21,500,2149,-1762,0,0,5843,0.0169,-0.066,0.035,-0.065,-2.9,-4.26,496,2149,-3137,0,0
166.48,4,13216.4,538.5,0.01,12973.62,68.4,0.12,-0.78,-1.0,1.0,0.0,0.38,1,6310,965.6,2.28,0.27,-0.99,-18.02,1244,197,3208,-0.0096,0.04,0.457,0.357,-47.32,40.16,467,1815,-3069,0,0,5137,0.02,0.007,0.209,0.109,-37.21,30.05,467,1732,-5278,0,0,3259,-0.0135,-0.004,0.098,-0.002,-2.98,-4.18,511,2945,-1569,0,0,5780,0.0162,-0.037,0.05,-0.05,-2.95,-4.22,515,3654,-2972,0,0
166.5,4,13216.8,538.8,0.01,12973.38,68.6,0.3,-0.78,-1.0,0.0,1.0,0.48,1,6520,951.0,2.33,0.25,-0.97,-20.06,1249,198,3228,-0.0093,0.015,0.52,0.42,-47.07,39.91,489,2023,-2982,0,0,5133,0.02,-0.003,0.254,0.154,-36.99,29.83,489,2107,-5156,0,0,3295,-0.0131,0.021,0.13,0.03,-3.12,-4.04,543,3449,-1359,0,0,5786,0.0162,0.003,0.103,0.003,-3.03,-4.14,529,5093,-2675,0,0
166.52,4,13217.2,539.1,0.01,12973.15,68.4,-0.19,-0.75,-1.0,0.0,1.0,0.58,1,6470,517.8,1.62,0.23,-0.95,-20.42,1240,198,3209,-0.0096,-0.014,0.138,0.038,-47.06,39.89,359,1170,-3325,1755,1,5078,0.0191,-0.042,-0.151,0.051,-36.95,29.79,331,-505,-5444,1755,1,3382,-0.012,0.051,-0.086,-0.014,-3.13,-4.03,441,-2553,-1815,3150,0,5826,0.0167,0.024,-0.08,-0.02,-3.04,-4.12,440,-4938,-2784,3150,0
166.54,4,13217.6,539.4,0.01,12972.92,67.8,-0.82,-0.64,-1.0,1.0,0.0,0.68,1,6018,128.4,0.88,0.25,-0.92,-19.51,1221,194,3213,-0.0096,0.003,-0.155,0.055,-47.16,40.0,274,-422,-3477,1755,1,5041,0.0186,-0.028,-0.147,0.047,-37.05,29.89,330,-1289,-5292,1755,1,3459,-0.0111,0.045,-0.021,-0.079,-3.12,-4.04,447,-1733,-1974,3150,0,5850,0.017,0.014,-0.056,-0.044,-3.03,-4.13,463,-3928,-3028,3150,0
166.56,4,13218.0,539.7,0.01,12972.69,67.8,-0.05,-0.66,-1.0,0.5,0.0,0.78,1,5499,558.2,1.47,0.25,-0.89,-20.76,1220,194,3291,-0.0084,0.06,0.518,0.418,-47.05,39.89,491,1528,-3293,0,0,5050,0.0187,0.007,0.283,0.183,-36.96,29.79,499,1587,-5230,0,0,3486,-0.0108,0.016,0.264,0.164,-3.19,-3.97,607,4047,-917,0,0,5786,0.0162,-0.037,0.236,0.136,-3.13,-4.03,587,6349,-1765,0,0
166.58,4,13218.3,540.01,0.01,12972.47,68.1,0.5,-0.69,-1.0,0.0,1.0,0.88,1,5300,332.9,1.13,0.22,-0.86,-24.25,1230,196,3338,-0.0077,0.036,0.602,0.502,-46.86,39.7,514,2365,-2908,0,0,5037,0.0185,-0.01,0.314,0.214,-36.79,29.63,514,2627,-4841,0,0,3531,-0.0103,0.026,0.146,0.046,-3.55,-3.61,565,3997,-1160,0,0,5754,0.0159,-0.019,0.128,0.028,-3.42,-3.74,542,6040,-2185,0,0
166.6,4,13218.7,540.31,0.01,12972.24,68.4,0.46,-0.75,-1.0,0.0,1.0,0.98,1,4839,9.9,0.49,0.18,-0.85,-26.12,1236,198,3316,-0.008,-0.017,0.372,0.272,-46.82,39.66,437,1886,-3163,1755,1,4969,0.0174,-0.053,0.126,0.026,-36.8,29.64,437,1592,-5146,1755,1,3627,-0.0092,0.057,0.135,0.035,-3.81,-3.35,520,3907,-1520,945,1,5789,0.0163,0.021,0.032,-0.068,-3.68,-3.49,519,4825,-3140,3150,0
166.62,4,13219.1,540.62,0.01,12972.02,68.4,-0.02,-0.78,-1.0,0.0,1.0,1.0,1,4014,-199.9,0.2,0.14,-0.85,-25.23,1229,197,3258,-0.0089,-0.044,0.166,0.066,-47.03,39.87,358,1136,-3389,1755,1,4889,0.0162,-0.062,-0.165,0.065,-36.86,29.7,317,-1086,-5177,1755,1,3736,-0.0079,0.064,-0.007,-0.093,-3.86,-3.3,438,-43,-2602,3150,0,5868,0.0172,0.047,-0.065,-0.035,-3.73,-3.44,441,-2796,-3726,3150,0
166.64,4,13219.5,540.93,0.01,12971.8,67.8,-0.82,-0.68,-1.0,0.0,1.0,1.0,1,3477,-177.5,0.2,0.15,-0.85,-23.27,1210,194,3206,-0.0097,-0.04,-0.189,0.089,-47.11,39.95,246,-525,-3459,1755,1,4837,0.0154,-0.04,-0.203,0.103,-37.06,29.9,298,-1558,-5016,1755,1,3825,-0.0068,0.052,-0.086,-0.014,-3.71,-3.45,401,-3493,-2096,3150,0,5957,0.0183,0.053,-0.14,0.04,-3.66,-3.5,419,-5781,-2830,945,1
166.66,4,13219.8,541.24,0.01,12971.59,67.0,-1.1,-0.52,-1.0,0.5,0.0,1.0,1,3088,-161.1,0.2,0.2,-0.82,-22.02,1190,190,3228,-0.0093,0.017,-0.322,0.222,-47.35,40.19,221,-1168,-3346,1755,1,4859,0.0157,0.017,-0.329,0.229,-37.25,30.09,262,-2315,-4778,1755,1,3819,-0.0069,-0.003,-0.223,0.123,-3.78,-3.38,406,-4189,-1493,945,1,5951,0.0182,-0.004,-0.191,0.091,-3.73,-3.43,397,-6321,-2279,945,1
166.68,4,13220.2,541.54,0.01,12971.38,66.2,-1.14,-0.48,-1.0,0.5,0.0,1.0,1,3345,203.4,0.66,0.29,-0.78,-21.47,1172,185,3345,-0.0075,0.09,-0.041,-0.059,-47.6,40.44,290,-680,-3581,0,0,4929,0.0168,0.054,-0.104,0.004,-37.44,30.28,331,-1510,-5122,0,0,3751,-0.0077,-0.04,-0.13,0.03,-3.98,-3.18,355,-4164,-1426,0,0,5822,0.0167,-0.076,-0.184,0.084,-3.88,-3.28,379,-6350,-2024,0,0
166.7,4,13220.6,541.84,0.01,12971.18,65.4,-1.07,-0.58,-1.0,0.5,0.0,1.0,1,3516,321.3,0.92,0.39,-0.73,-22.01,1160,181,3530,-0.0047,0.142,0.014,-0.086,-47.63,40.46,320,-60,-3826,0,0,5024,0.0183,0.073,-0.055,-0.045,-37.5,30.34,359,-614,-5376,0,0,3642,-0.009,-0.064,-0.158,0.058,-4.1,-3.06,395,-3917,-1597,0,0,5596,0.014,-0.133,-0.23,0.13,-4.06,-3.1,419,-6081,-2058,0,0
166.72,4,13220.9,542.13,0.01,12970.98,64.8,-0.94,-0.72,-1.0,1.0,0.0,1.0,1,3880,321.9,0.95,0.49,-0.72,-22.66,1150,177,3732,-0.0016,0.155,0.158,0.058,-47.6,40.44,339,503,-4007,0,0,5141,0.0201,0.09,0.027,-0.073,-37.48,30.32,368,-63,-5523,0,0,3479,-0.0109,-0.096,-0.026,-0.074,-4.31,-2.85,419,-2678,-2309,0,0,5322,0.0108,-0.161,-0.005,-0.095,-4.09,-3.07,417,-4558,-3126,0,0
166.74,4,13221.3,542.43,0.01,12970.78,64.3,-0.55,-0.86,-1.0,1.0,0.0,1.0,1,4357,760.7,1.54,0.57,-0.74,-23.3,1146,175,3896,0.0009,0.127,0.315,0.215,-47.45,40.29,382,1287,-4033,0,0,5276,0.0222,0.103,0.119,0.019,-37.3,30.14,398,700,-5621,0,0,3263,-0.0134,-0.127,0.112,0.012,-4.2,-2.96,435,1512,-2388,0,0,5067,0.0078,-0.15,0.035,-0.065,-4.1,-3.06,452,437,-3667,0,0
166.76,4,13221.6,542.73,0.01,12970.59,64.3,0.01,-0.87,-1.0,0.5,0.0,1.0,1,4851,998.0,1.92,0.6,-0.81,-25.22,1150,175,3974,0.0021,0.06,0.503,0.403,-47.25,40.09,457,2183,-3785,0,0,5402,0.0241,0.097,0.23,0.13,-37.1,29.94,457,1742,-5553,0,0,3029,-0.0162,-0.138,0.177,0.077,-4.24,-2.92,552,3185,-1487,0,0,4896,0.0058,-0.101,0.163,0.063,-4.09,-3.07,531,4337,-2839,0,0
166.78,4,13222.0,543.04,0.01,12970.39,64.5,0.34,-0.77,-1.0,0.5,0.0,1.0,1,5171,561.5,1.41,0.59,-0.87,-28.91,1152,176,3938,0.0016,-0.028,0.626,0.526,-47.13,39.97,486,2780,-3396,0,0,5488,0.0254,0.066,0.321,0.221,-36.97,29.81,486,2747,-5286,0,0,2831,-0.0185,-0.116,0.264,0.164,-4.7,-2.46,560,3295,-906,0,0,4858,0.0053,-0.022,0.209,0.109,-4.44,-2.72,548,5338,-1845,0,0
166.8,4,13222.4,543.34,0.01,12970.2,64.8,0.41,-0.79,-1.0,0.5,0.0,1.0,1,4977,334.5,1.09,0.53,-0.94,-32.49,1151,178,3827,-0.0001,-0.085,0.584,0.484,-46.99,39.83,481,2692,-3315,0,0,5505,0.0257,0.013,0.279,0.179,-36.86,29.7,481,2663,-5343,0,0,2756,-0.0194,-0.044,0.204,0.104,-5.16,-2.0,528,3059,-1220,0,0,4950,0.0064,0.054,0.083,-0.017,-4.93,-2.24,542,4680,-2876,0,0
166.82,4,13222.7,543.65,0.01,12970.02,65.0,0.33,-0.86,-1.0,1.0,0.0,1.0,1,4829,335.1,1.07,0.44,-1.02,-34.3,1148,179,3652,-0.0028,-0.135,0.545,0.445,-46.93,39.76,471,2461,-3246,0,0,5463,0.025,-0.032,0.248,0.148,-36.86,29.7,472,2389,-5409,0,0,2787,-0.019,0.019,0.111,0.011,-5.47,-1.69,531,2708,-1748,0,0,5155,0.0088,0.121,0.09,-0.01,-5.22,-1.95,509,3518,-3834,0,0
166.84,4,13223.1,543.96,0.01,12969.83,65.2,0.27,-0.91,-1.0,1.0,0.0,1.0,1,4987,792.6,1.68,0.33,-1.09,-35.05,1144,179,3425,-0.0063,-0.175,0.545,0.445,-47.02,39.86,471,2303,-3060,0,0,5374,0.0237,-0.068,0.246,0.146,-37.11,29.95,471,2311,-5342,0,0,2871,-0.018,0.05,0.144,0.044,-5.67,-1.49,508,2867,-1744,0,0,5421,0.0119,0.156,0.043,-0.057,-5.43,-1.74,525,3919,-4025,0,0
166.86,4,13223.4,544.28,0.01,12969.65,65.5,0.45,-0.82,-1.0,0.5,0.0,1.0,1,5498,1005.6,2.08,0.21,-1.15,-36.78,1143,181,3171,-0.0102,-0.195,0.709,0.609,-47.14,39.98,522,2419,-2649,0,0,5264,0.022,-0.085,0.369,0.269,-37.06,29.9,522,2896,-4965,0,0,2973,-0.0169,0.06,0.324,0.224,-6.06,-1.1,605,3416,-1094,0,0,5709,0.0153,0.17,0.246,0.146,-5.77,-1.39,599,6001,-2665,0,0
166.88,4,13223.8,544.6,0.01,12969.47,65.9,0.65,-0.7,-1.0,0.0,0.84,1.0,1,5827,546.8,1.52,0.08,-1.18,-39.69,1145,183,2892,-0.0145,-0.215,0.849,0.749,-47.29,40.13,559,2482,-2195,0,0,5106,0.0196,-0.122,0.466,0.366,-37.39,30.23,552,3475,-4441,0,0,3118,-0.0151,0.086,0.399,0.299,-6.63,-0.53,617,3655,-928,0,0,6014,0.0189,0.179,0.297,0.197,-6.3,-0.87,616,6627,-2159,0,0
166.9,4,13224.2,544.92,0.01,12969.29,66.3,0.67,-0.69,-1.0,0.0,0.68,1.0,1,5436,162.9,0.83,-0.05,-1.17,-42.13,1151,186,2617,-0.0187,-0.211,0.629,0.529,-47.6,40.44,490,2034,-2183,1469,1,4889,0.0162,-0.167,0.288,0.188,-37.53,30.37,489,2642,-4662,1469,1,3324,-0.0127,0.121,0.339,0.239,-7.36,0.19,596,3821,-1185,791,1,6294,0.0222,0.165,0.236,0.136,-6.91,-0.26,608,6723,-2696,791,1
166.92,4,13224.6,545.24,0.02,12969.11,66.7,0.56,-0.76,-1.0,0.0,0.62,1.0,1,4865,-240.3,0.2,-0.18,-1.14,-42.72,1151,188,2363,-0.0227,-0.196,0.499,0.399,-48.0,40.84,451,1573,-2162,1195,1,4614,0.012,-0.211,0.184,0.084,-37.94,30.78,452,1748,-4718,1195,1,3559,-0.01,0.138,0.164,0.064,-7.82,0.66,536,3651,-2107,644,1,6503,0.0247,0.123,0.087,-0.013,-7.36,0.19,523,5299,-4868,2146,0
166.94,4,13224.9,545.57,0.02,12968.93,66.7,0.13,-0.96,-1.0,0.0,0.82,1.0,1,4264,-210.8,0.2,-0.27,-1.12,-39.46,1142,188,2134,-0.0262,-0.176,0.391,0.291,-48.51,41.35,399,1161,-2099,1094,1,4330,0.0076,-0.219,-0.098,-0.002,-38.35,31.19,310,262,-4692,3648,0,3795,-0.0072,0.139,0.095,-0.005,-7.85,0.69,426,1742,-3769,1964,0,6666,0.0266,0.096,0.005,-0.095,-7.34,0.18,451,-453,-6613,1964,0
166.96,4,13225.3,545.9,0.02,12968.76,66.3,-0.48,-0.94,-1.0,0.0,1.0,1.0,1,3651,-188.5,0.2,-0.3,-1.1,-34.3,1126,186,1956,-0.0289,-0.137,0.09,-0.01,-48.9,41.74,303,562,-2100,4816,0,4103,0.0041,-0.175,-0.159,0.059,-38.82,31.65,321,-1022,-4360,1445,1,3964,-0.0052,0.099,-0.096,-0.004,-7.45,0.29,434,-1992,-3839,2593,0,6771,0.0278,0.061,-0.126,0.026,-7.07,-0.09,433,-4735,-5571,778,1
166.98,4,13225.7,546.22,0.02,12968.59,65.8,-0.78,-0.76,-1.0,0.0,1.0,1.0,1,3259,-166.1,0.2,-0.26,-1.07,-29.93,1105,182,1885,-0.03,-0.055,-0.234,0.134,-49.38,42.22,212,-415,-2049,1755,1,4002,0.0026,-0.077,-0.234,0.134,-39.24,32.08,269,-1408,-4155,1755,1,3986,-0.0049,0.013,-0.113,0.013,-7.29,0.13,380,-2833,-3470,3150,0,6754,0.0276,-0.01,-0.108,0.008,-6.91,-0.25,399,-5559,-4957,3150,0
167.0,4,13226.0,546.54,0.02,12968.43,65.0,-0.96,-0.61,-1.0,0.0,1.0,0.97,1,2835,-147.7,0.2,-0.16,-1.01,-26.66,1088,179,1973,-0.0287,0.067,-0.386,0.286,-49.78,42.62,185,-811,-2047,1755,1,4027,0.0029,0.019,-0.376,0.276,-39.67,32.51,230,-2055,-3942,1755,1,3922,-0.0057,-0.037,-0.23,0.13,-7.15,-0.01,386,-3828,-2534,945,1,6608,0.0259,-0.086,-0.203,0.103,-6.9,-0.26,380,-6364,-3915,945,1
167.02,4,13226.4,546.86,0.02,12968.27,64.3,-1.06,-0.52,-1.0,0.5,0.0,0.87,1,2765,-137.3,0.2,-0.01,-0.91,-23.74,1078,174,2213,-0.0249,0.185,-0.399,0.299,-50.22,43.06,155,-1099,-2217,1755,1,4143,0.0047,0.089,-0.393,0.293,-40.07,32.91,201,-2416,-3898,1755,1,3799,-0.0071,-0.073,-0.132,0.032,-7.15,-0.01,339,-3698,-2477,945,1,6322,0.0225,-0.168,-0.175,0.075,-6.87,-0.3,366,-6162,-3693,945,1
167.04,4,13226.7,547.18,0.02,12968.11,63.5,-1.06,-0.51,-1.0,0.5,0.0,0.88,1,3016,198.1,0.63,0.17,-0.8,-21.45,1073,170,2560,-0.0196,0.267,-0.123,0.023,-50.55,43.38,239,-810,-2703,0,0,4308,0.0073,0.127,-0.154,0.054,-40.39,33.22,288,-1633,-4409,0,0,3623,-0.0092,-0.104,-0.231,0.131,-7.1,-0.06,325,-3705,-2142,0,0,5909,0.0177,-0.243,-0.208,0.108,-6.87,-0.29,325,-6032,-3119,0,0
167.06,4,13227.1,547.49,0.02,12967.96,62.8,-0.98,-0.6,-1.0,0.5,0.0,0.98,1,3232,312.7,0.88,0.35,-0.7,-20.8,1071,166,2956,-0.0135,0.305,0.028,-0.072,-50.68,43.52,293,-188,-3215,0,0,4493,0.0101,0.142,-0.047,-0.053,-40.49,33.32,333,-637,-4813,0,0,3398,-0.0119,-0.132,-0.187,0.087,-7.18,0.01,370,-3447,-2070,0,0,5407,0.0118,-0.295,-0.223,0.123,-6.89,-0.27,397,-5531,-2915,0,0
167.08,4,13227.4,547.8,0.02,12967.81,62.1,-0.82,-0.75,-1.0,1.0,0.0,1.0,1,3714,321.5,0.93,0.52,-0.65,-20.66,1069,163,3336,-0.0077,0.292,0.24,0.14,-50.64,43.48,327,623,-3569,0,0,4686,0.0131,0.148,0.067,-0.033,-40.42,33.26,350,117,-5043,0,0,3122,-0.0151,-0.162,-0.021,-0.079,-7.07,-0.09,401,-2088,-2811,0,0,4887,0.0057,-0.306,0.002,-0.098,-6.84,-0.32,397,-3410,-4146,0,0
167.1,4,13227.8,548.11,0.02,12967.67,61.7,-0.49,-0.92,-1.0,1.0,0.0,1.0,1,4115,731.0,1.49,0.65,-0.67,-20.71,1068,161,3641,-0.003,0.235,0.372,0.272,-50.38,43.22,360,1378,-3721,0,0,4889,0.0162,0.156,0.142,0.042,-40.22,33.06,372,787,-5197,0,0,2806,-0.0188,-0.186,0.107,0.007,-6.86,-0.31,414,554,-2870,0,0,4437,0.0004,-0.265,0.03,-0.07,-6.79,-0.37,430,-306,-4451,0,0
167.12,4,13228.1,548.42,0.02,12967.52,61.7,-0.04,-0.91,-1.0,0.5,0.0,1.0,1,4795,996.0,1.9,0.72,-0.73,-22.33,1070,161,3815,-0.0003,0.134,0.599,0.499,-50.03,42.87,421,2242,-3560,0,0,5094,0.0194,0.158,0.294,0.194,-39.91,32.74,422,1825,-5186,0,0,2478,-0.0227,-0.192,0.261,0.161,-6.78,-0.38,504,2541,-1524,0,0,4151,-0.003,-0.168,0.246,0.146,-6.53,-0.63,484,3837,-2857,0,0
167.14,4,13228.4,548.73,0.02,12967.38,61.8,0.25,-0.8,-1.0,0.5,0.0,1.0,1,5164,561.9,1.4,0.72,-0.81,-25.96,1068,162,3843,0.0001,0.021,0.73,0.63,-49.82,42.66,477,2818,-3237,0,0,5246,0.0217,0.116,0.385,0.285,-39.52,32.36,477,2757,-4993,0,0,2223,-0.0257,-0.15,0.389,0.289,-7.14,-0.03,583,2560,-886,0,0,4057,-0.0041,-0.055,0.276,0.176,-6.79,-0.37,594,4411,-1900,0,0
167.16,4,13228.8,549.05,0.02,12967.25,62.0,0.37,-0.78,-1.0,0.5,0.0,1.0,1,5030,334.3,1.1,0.65,-0.89,-29.86,1062,163,3766,-0.0011,-0.059,0.704,0.604,-49.51,42.35,473,2861,-3104,0,0,5322,0.0229,0.058,0.362,0.262,-39.3,32.14,471,2941,-4991,0,0,2121,-0.0269,-0.06,0.263,0.163,-7.54,0.37,568,2394,-968,0,0,4156,-0.0029,0.058,0.229,0.129,-7.18,0.02,544,4338,-2258,0,0
167.18,4,13229.1,549.37,0.02,12967.11,62.2,0.37,-0.82,-1.0,0.5,0.0,1.0,1,4853,335.0,1.07,0.55,-0.96,-32.6,1055,164,3607,-0.0035,-0.122,0.671,0.571,-49.49,42.33,463,2678,-3031,0,0,5316,0.0228,-0.004,0.324,0.224,-39.22,32.06,463,2743,-5081,0,0,2181,-0.0262,0.035,0.198,0.098,-7.9,0.74,544,2294,-1293,0,0,4415,0.0001,0.153,0.166,0.066,-7.51,0.35,520,3975,-3179,0,0
167.2,4,13229.5,549.69,0.02,12966.98,62.4,0.34,-0.89,-1.0,0.5,0.0,1.0,1,4746,335.3,1.06,0.42,-1.04,-33.83,1049,164,3399,-0.0067,-0.161,0.644,0.544,-49.49,42.32,458,2466,-2910,0,0,5251,0.0218,-0.05,0.304,0.204,-39.23,32.06,456,2549,-5096,0,0,2355,-0.0241,0.102,0.211,0.111,-8.18,1.02,511,2300,-1629,0,0,4777,0.0044,0.213,0.086,-0.014,-7.74,0.58,526,3382,-4135,0,0
167.22,4,13229.8,550.01,0.02,12966.85,62.5,0.3,-0.93,-1.0,1.0,0.0,1.0,1,4716,335.4,1.06,0.29,-1.13,-34.11,1042,165,3154,-0.0105,-0.188,0.636,0.536,-49.46,42.3,457,2265,-2731,0,0,5155,0.0203,-0.074,0.298,0.198,-39.27,32.11,457,2432,-5040,0,0,2563,-0.0217,0.122,0.147,0.047,-8.24,1.08,525,2328,-1955,0,0,5180,0.0091,0.237,0.12,0.02,-7.81,0.64,503,3386,-4622,0,0
167.24,4,13230.2,550.34,0.02,12966.73,62.7,0.31,-0.95,-1.0,0.5,0.0,1.0,1,4882,792.3,1.66,0.15,-1.21,-33.76,1035,166,2877,-0.0147,-0.213,0.65,0.55,-49.57,42.41,461,2104,-2479,0,0,5042,0.0186,-0.087,0.307,0.207,-39.49,32.33,459,2460,-4903,0,0,2780,-0.0191,0.127,0.174,0.074,-8.32,1.15,501,2617,-2013,0,0,5610,0.0142,0.253,0.066,-0.034,-7.8,0.63,517,3910,-4834,0,0
167.26,4,13230.5,550.67,0.02,12966.61,63.0,0.46,-0.89,-1.0,0.0,1.0,1.0,1,5001,334.4,1.09,0.03,-1.26,-33.99,1035,167,2606,-0.0189,-0.209,0.729,0.629,-49.86,42.7,479,2053,-2147,0,0,4920,0.0167,-0.093,0.355,0.255,-39.48,32.32,477,2748,-4632,0,0,3000,-0.0165,0.129,0.151,0.051,-8.36,1.2,524,3054,-1867,0,0,6026,0.0191,0.245,0.091,-0.009,-7.92,0.76,496,4949,-4622,0,0
167.28,4,13230.9,551.0,0.02,12966.49,63.2,0.43,-0.9,-1.0,0.0,1.0,1.0,1,4535,23.9,0.48,-0.09,-1.29,-33.35,1034,169,2360,-0.0227,-0.189,0.422,0.322,-49.83,42.67,389,1521,-2185,1755,1,4777,0.0145,-0.11,0.125,0.025,-39.72,32.56,390,1711,-4890,1755,1,3216,-0.014,0.127,0.086,-0.014,-8.42,1.26,449,3029,-2298,3150,0,6377,0.0232,0.207,0.006,-0.094,-7.96,0.8,466,4016,-5674,3150,0
167.3,4,13231.2,551.33,0.02,12966.38,63.1,-0.04,-0.98,-1.0,0.0,1.0,1.0,1,3680,-188.1,0.2,-0.16,-1.3,-29.42,1024,168,2153,-0.0259,-0.159,0.23,0.13,-50.11,42.95,337,920,-2216,1755,1,4625,0.0122,-0.117,-0.135,0.035,-39.86,32.7,307,-797,-4932,1755,1,3423,-0.0116,0.122,-0.047,-0.053,-8.12,0.96,432,512,-3685,3150,0,6655,0.0265,0.164,-0.038,-0.062,-7.73,0.57,421,-1436,-6701,3150,0
167.32,4,13231.6,551.66,0.02,12966.26,62.6,-0.63,-0.9,-1.0,0.0,1.0,0.99,1,3134,-160.9,0.2,-0.17,-1.29,-24.42,1008,165,2018,-0.0279,-0.104,-0.193,0.093,-50.46,43.29,227,-149,-2221,1755,1,4518,0.0105,-0.082,-0.199,0.099,-40.27,33.11,278,-1370,-4708,1755,1,3574,-0.0098,0.089,-0.086,-0.014,-7.62,0.46,385,-2275,-3328,3150,0,6843,0.0287,0.11,-0.143,0.043,-7.31,0.15,423,-5016,-5556,945,1
167.34,4,13231.9,551.99,0.02,12966.16,61.9,-0.89,-0.72,-1.0,0.0,1.0,0.97,1,2870,-145.2,0.2,-0.12,-1.23,-20.32,991,162,2024,-0.0279,0.004,-0.297,0.197,-50.79,43.62,174,-647,-2151,1755,1,4493,0.0101,-0.02,-0.301,0.201,-40.52,33.36,221,-1928,-4508,1755,1,3622,-0.0092,0.028,-0.117,0.017,-7.15,-0.01,313,-3144,-2779,3150,0,6849,0.0288,0.004,-0.156,0.056,-6.93,-0.23,358,-5922,-4793,945,1
167.36,4,13232.3,552.31,0.01,12966.05,61.2,-1.02,-0.6,-1.0,0.5,0.0,0.87,1,2633,-136.6,0.2,-0.01,-1.13,-17.12,976,158,2190,-0.0253,0.128,-0.425,0.325,-50.95,43.79,161,-988,-2232,1755,1,4548,0.011,0.042,-0.393,0.293,-40.77,33.61,206,-2408,-4367,1755,1,3596,-0.0095,-0.015,-0.219,0.119,-7.0,-0.16,366,-3483,-2384,945,1,6679,0.0267,-0.1,-0.177,0.077,-6.88,-0.28,363,-6163,-4284,945,1
167.38,4,13232.6,552.63,0.01,12965.95,60.4,-1.05,-0.57,-1.0,1.0,0.0,0.86,1,2960,196.3,0.63,0.13,-1.0,-14.55,967,154,2480,-0.0208,0.223,-0.077,-0.023,-51.12,43.96,237,-708,-2638,0,0,4647,0.0125,0.076,-0.1,0.0,-40.96,33.79,287,-1502,-4804,0,0,3522,-0.0104,-0.043,-0.125,0.025,-6.65,-0.51,328,-3462,-2265,0,0,6356,0.0229,-0.19,-0.165,0.065,-6.49,-0.67,352,-6203,-3682,0,0
167.4,4,13232.9,552.94,0.02,12965.85,59.7,-0.98,-0.66,-1.0,1.0,0.0,0.96,1,3287,446.5,1.11,0.28,-0.87,-13.55,962,150,2840,-0.0153,0.277,0.081,-0.019,-51.13,43.97,273,-63,-3095,0,0,4760,0.0142,0.087,-0.003,-0.097,-40.91,33.75,311,-410,-5101,0,0,3406,-0.0118,-0.068,-0.092,-0.008,-6.53,-0.64,331,-3120,-2431,0,0,5917,0.0178,-0.258,-0.135,0.035,-6.32,-0.84,357,-5610,-3676,0,0
167.42,4,13233.3,553.26,0.02,12965.76,59.1,-0.73,-0.84,-1.0,1.0,0.0,1.0,1,3754,882.0,1.69,0.43,-0.79,-12.91,960,148,3206,-0.0097,0.282,0.259,0.159,-50.82,43.65,336,798,-3401,0,0,4885,0.0161,0.096,0.078,-0.022,-40.68,33.52,350,412,-5227,0,0,3231,-0.0138,-0.103,-0.051,-0.049,-6.08,-1.08,433,-964,-3120,0,0,5425,0.012,-0.289,-0.026,-0.074,-5.94,-1.22,418,-2200,-4923,0,0
167.44,4,13233.6,553.57,0.02,12965.67,59.0,-0.04,-0.93,-1.0,0.5,0.0,1.0,1,4419,979.7,1.84,0.53,-0.76,-13.85,969,147,3501,-0.0051,0.226,0.55,0.45,-50.35,43.18,410,1945,-3339,0,0,5021,0.0182,0.105,0.264,0.164,-40.14,32.98,411,1671,-5152,0,0,2993,-0.0166,-0.14,0.198,0.098,-5.71,-1.46,485,2944,-1903,0,0,4981,0.0068,-0.261,0.112,0.012,-5.59,-1.58,499,4102,-3633,0,0
167.46,4,13233.9,553.89,0.02,12965.58,59.2,0.3,-0.83,-1.0,0.5,0.0,1.0,1,4831,562.6,1.36,0.57,-0.78,-17.3,973,148,3654,-0.0028,0.118,0.66,0.56,-49.85,42.69,440,2592,-3151,0,0,5121,0.0198,0.077,0.35,0.25,-39.72,32.55,440,2640,-4907,0,0,2762,-0.0193,-0.136,0.219,0.119,-5.88,-1.28,526,3139,-1124,0,0,4681,0.0032,-0.177,0.191,0.091,-5.67,-1.5,500,5010,-2194,0,0
167.48,4,13234.2,554.21,0.02,12965.49,59.4,0.36,-0.79,-1.0,0.5,0.0,1.0,1,4634,335.4,1.05,0.56,-0.81,-20.89,972,149,3686,-0.0023,0.025,0.619,0.519,-49.37,42.21,433,2646,-3156,0,0,5174,0.0206,0.041,0.307,0.207,-39.16,32.0,432,2663,-4959,0,0,2624,-0.021,-0.081,0.169,0.069,-6.0,-1.17,476,2886,-1270,0,0,4570,0.0019,-0.065,0.075,-0.025,-5.81,-1.36,490,4526,-2682,0,0
167.5,4,13234.6,554.53,0.02,12965.41,59.6,0.33,-0.83,-1.0,1.0,0.0,1.0,1,4500,335.6,1.04,0.5,-0.87,-23.32,965,150,3626,-0.0032,-0.047,0.577,0.477,-49.01,41.85,426,2519,-3167,0,0,5181,0.0207,0.006,0.277,0.177,-39.05,31.89,425,2488,-5046,0,0,2605,-0.0212,-0.011,0.123,0.023,-6.17,-0.99,459,2633,-1609,0,0,4640,0.0028,0.041,0.031,-0.069,-5.88,-1.28,476,3760,-3454,0,0
167.52,4,13234.9,554.85,0.02,12965.33,59.8,0.31,-0.89,-1.0,0.5,0.0,1.0,1,4649,790.0,1.6,0.42,-0.95,-24.65,959,151,3499,-0.0052,-0.097,0.623,0.523,-48.76,41.59,442,2418,-3074,0,0,5163,0.0204,-0.014,0.313,0.213,-38.82,31.66,443,2431,-5051,0,0,2689,-0.0202,0.049,0.208,0.108,-6.04,-1.12,530,2765,-1592,0,0,4864,0.0054,0.132,0.191,0.091,-5.88,-1.28,507,4188,-3438,0,0
167.54,4,13235.2,555.18,0.02,12965.26,60.0,0.43,-0.83,-1.0,0.0,1.0,1.0,1,4612,335.5,1.04,0.31,-1.03,-26.56,959,152,3316,-0.008,-0.141,0.637,0.537,-48.55,41.39,442,2412,-2843,0,0,5136,0.02,-0.021,0.315,0.215,-38.42,31.25,441,2621,-4942,0,0,2815,-0.0187,0.074,0.198,0.098,-6.18,-0.98,484,3035,-1455,0,0,5194,0.0093,0.194,0.132,0.032,-5.91,-1.25,484,4920,-3236,0,0
167.56,4,13235.6,555.51,0.01,12965.19,60.2,0.34,-0.87,-1.0,0.0,1.0,1.0,1,4051,33.4,0.46,0.19,-1.1,-27.02,957,153,3093,-0.0114,-0.172,0.335,0.235,-48.47,41.31,360,1697,-2987,1755,1,5065,0.0189,-0.054,-0.063,-0.037,-38.44,31.28,293,1127,-5337,5850,0,2979,-0.0168,0.096,0.108,0.008,-6.26,-0.9,441,2858,-1990,3150,0,5557,0.0135,0.214,0.049,-0.051,-5.92,-1.25,461,2834,-4770,3150,0
167.58,4,13235.9,555.83,0.01,12965.12,60.1,-0.16,-0.89,-1.0,0.0,1.0,1.0,1,3336,-174.2,0.2,0.11,-1.17,-24.39,947,152,2861,-0.015,-0.179,-0.028,-0.072,-48.58,41.42,241,776,-3043,5850,0,4972,0.0175,-0.072,-0.154,0.054,-38.45,31.29,288,-1126,-5243,1755,1,3154,-0.0147,0.103,-0.109,0.009,-5.91,-1.25,394,-972,-2967,3150,0,5915,0.0178,0.211,-0.086,-0.014,-5.72,-1.45,384,-3236,-4956,3150,0
167.6,4,13236.2,556.16,0.01,12965.05,59.5,-0.81,-0.75,-1.0,0.0,1.0,0.98,1,2909,-147.0,0.2,0.07,-1.2,-21.12,927,149,2660,-0.0181,-0.154,-0.279,0.179,-48.79,41.63,179,-694,-2843,1755,1,4904,0.0164,-0.052,-0.236,0.136,-38.67,31.5,239,-1669,-5043,1755,1,3266,-0.0134,0.066,-0.087,-0.013,-5.58,-1.58,310,-2753,-2420,3150,0,6201,0.0211,0.168,-0.138,0.038,-5.49,-1.67,351,-5570,-3972,945,1
167.62,4,13236.6,556.48,0.01,12964.99,58.7,-1.05,-0.54,-1.0,0.5,0.0,0.88,1,2559,-132.8,0.2,0.1,-1.16,-18.16,906,146,2585,-0.0192,-0.058,-0.444,0.344,-49.09,41.93,157,-1227,-2599,1755,1,4885,0.0162,-0.015,-0.383,0.283,-39.04,31.88,207,-2539,-4697,1755,1,3307,-0.0129,0.024,-0.182,0.082,-5.35,-1.81,350,-3371,-1898,945,1,6315,0.0225,0.068,-0.21,0.11,-5.23,-1.93,358,-6410,-3164,945,1
167.64,4,13236.9,556.79,0.01,12964.93,57.9,-1.07,-0.51,-1.0,1.0,0.0,0.85,1,2923,195.6,0.62,0.17,-1.08,-16.0,888,142,2676,-0.0178,0.071,-0.082,-0.018,-49.32,42.16,236,-827,-2829,0,0,4901,0.0164,0.012,-0.093,-0.007,-39.21,32.05,286,-1616,-5051,0,0,3319,-0.0128,0.007,-0.097,-0.003,-5.38,-1.78,324,-3340,-1953,0,0,6228,0.0214,-0.051,-0.151,0.051,-5.06,-2.1,346,-6306,-3128,0,0
167.66,4,13237.2,557.1,0.01,12964.87,57.2,-1.0,-0.62,-1.0,1.0,0.0,0.95,1,3203,433.6,1.09,0.26,-0.97,-15.23,876,138,2882,-0.0147,0.158,0.079,-0.021,-49.32,42.16,271,-110,-3144,0,0,4946,0.0171,0.035,0.001,-0.099,-39.16,32.0,308,-459,-5298,0,0,3302,-0.013,-0.01,-0.093,-0.007,-5.08,-2.08,346,-3196,-2046,0,0,6001,0.0188,-0.134,-0.056,-0.044,-5.03,-2.13,346,-5768,-3400,0,0
167.68,4,13237.5,557.41,0.01,12964.82,56.7,-0.66,-0.82,-1.0,1.0,0.0,1.0,1,3850,876.2,1.68,0.35,-0.9,-14.8,870,136,3143,-0.0106,0.2,0.343,0.243,-49.04,41.88,335,872,-3323,0,0,5011,0.0181,0.05,0.139,0.039,-38.89,31.73,347,553,-5356,0,0,3241,-0.0137,-0.036,0.159,0.059,-4.79,-2.37,399,795,-2759,0,0,5684,0.015,-0.186,0.087,-0.013,-4.78,-2.39,414,485,-4701,0,0
167.7,4,13237.8,557.72,0.01,12964.76,56.8,0.11,-0.87,-1.0,0.5,0.0,1.0,1,4432,965.1,1.82,0.41,-0.86,-16.45,876,136,3365,-0.0072,0.171,0.588,0.488,-48.64,41.47,418,1987,-3163,0,0,5089,0.0193,0.06,0.304,0.204,-38.51,31.35,416,1914,-5163,0,0,3137,-0.0149,-0.062,0.23,0.13,-4.54,-2.62,513,3347,-1544,0,0,5392,0.0116,-0.172,0.226,0.126,-4.5,-2.66,489,5230,-2969,0,0
167.72,4,13238.2,558.04,0.01,12964.72,57.0,0.41,-0.76,-1.0,0.5,0.0,1.0,1,4700,562.6,1.34,0.41,-0.85,-20.37,883,137,3474,-0.0056,0.084,0.699,0.599,-48.09,40.93,441,2589,-2924,0,0,5134,0.02,0.034,0.381,0.281,-38.01,30.85,441,2878,-4817,0,0,3051,-0.0159,-0.05,0.299,0.199,-4.84,-2.33,511,3572,-904,0,0,5221,0.0096,-0.1,0.253,0.153,-4.58,-2.58,498,5836,-1753,0,0
167.74,4,13238.5,558.35,0.01,12964.67,57.3,0.47,-0.74,-1.0,0.5,0.0,1.0,1,4472,335.6,1.03,0.38,-0.85,-23.83,885,139,3485,-0.0054,0.008,0.636,0.536,-47.81,40.65,433,2580,-2946,0,0,5115,0.0197,-0.014,0.322,0.222,-37.61,30.45,434,2780,-4848,0,0,3047,-0.016,-0.002,0.211,0.111,-5.03,-2.13,471,3422,-1250,0,0,5178,0.0091,-0.025,0.091,-0.009,-4.89,-2.27,484,5163,-2754,0,0
167.76,4,13238.8,558.67,0.01,12964.63,57.6,0.44,-0.81,-1.0,0.0,1.0,1.0,1,4364,331.4,1.02,0.31,-0.88,-25.78,886,140,3423,-0.0063,-0.048,0.564,0.464,-47.54,40.38,419,2417,-2981,0,0,5060,0.0188,-0.042,0.269,0.169,-37.44,30.27,419,2491,-4922,0,0,3123,-0.0151,0.045,0.07,-0.03,-5.2,-1.96,456,3200,-1748,0,0,5263,0.0101,0.05,0.035,-0.065,-4.97,-2.19,431,4238,-3590,0,0
167.78,4,13239.1,558.99,0.01,12964.59,57.8,0.3,-0.86,-1.0,0.0,1.0,1.0,1,3812,36.8,0.45,0.24,-0.93,-26.24,886,141,3307,-0.0081,-0.089,0.31,0.21,-47.33,40.17,347,1730,-3225,1755,1,4989,0.0178,-0.055,-0.17,0.07,-37.24,30.08,280,415,-5358,1755,1,3246,-0.0136,0.072,0.149,0.049,-5.12,-2.04,452,3289,-1848,945,1,5444,0.0122,0.107,0.091,-0.009,-4.92,-2.24,456,3527,-4050,3150,0
167.8,4,13239.4,559.31,0.01,12964.55,57.6,-0.18,-0.82,-1.0,0.0,1.0,1.0,1,3121,-159.8,0.2,0.18,-0.98,-24.32,877,140,3142,-0.0107,-0.127,-0.188,0.088,-47.4,40.24,204,314,-3411,1755,1,4919,0.0167,-0.054,-0.134,0.034,-37.32,30.16,274,-1095,-5202,1755,1,3349,-0.0124,0.061,-0.022,-0.078,-4.87,-2.29,359,-589,-2842,3150,0,5673,0.0149,0.134,-0.091,-0.009,-4.7,-2.47,360,-2998,-4308,3150,0
167.82,4,13239.8,559.62,0.01,12964.52,57.0,-0.89,-0.66,-1.0,0.0,1.0,0.93,1,2770,-137.4,0.2,0.17,-1.0,-21.86,859,137,2996,-0.0129,-0.112,-0.304,0.204,-47.58,40.42,169,-972,-3146,1755,1,4871,0.0159,-0.036,-0.269,0.169,-37.52,30.35,223,-1947,-4930,1755,1,3414,-0.0117,0.038,-0.051,-0.049,-4.65,-2.51,311,-3134,-2160,3150,0,5865,0.0172,0.113,-0.108,0.008,-4.59,-2.57,336,-5580,-3266,3150,0
167.84,4,13240.1,559.93,0.01,12964.49,56.2,-1.07,-0.48,-1.0,0.5,0.0,0.83,1,2441,-126.4,0.2,0.21,-0.97,-19.62,838,133,2961,-0.0134,-0.027,-0.45,0.35,-47.92,40.76,151,-1478,-2934,1755,1,4879,0.0161,0.006,-0.394,0.294,-37.78,30.61,199,-2698,-4622,1755,1,3406,-0.0118,-0.005,-0.22,0.12,-4.57,-2.59,339,-3665,-1596,945,1,5914,0.0177,0.028,-0.184,0.084,-4.5,-2.66,335,-6162,-2654,945,1
167.86,4,13240.4,560.24,0.01,12964.46,55.4,-1.09,-0.46,-1.0,1.0,0.0,0.79,1,2862,194.5,0.62,0.28,-0.9,-18.21,820,130,3070,-0.0118,0.084,-0.064,-0.036,-48.09,40.93,235,-945,-3231,0,0,4923,0.0167,0.034,-0.082,-0.018,-37.98,30.82,283,-1651,-5074,0,0,3373,-0.0121,-0.019,-0.082,-0.018,-4.55,-2.61,317,-3488,-1760,0,0,5797,0.0164,-0.069,-0.139,0.039,-4.44,-2.73,337,-6013,-2645,0,0
167.88,4,13240.7,560.54,0.01,12964.44,54.7,-0.99,-0.62,-1.0,1.0,0.0,0.89,1,3166,429.7,1.08,0.37,-0.83,-18.04,808,126,3264,-0.0088,0.149,0.098,-0.002,-48.04,40.88,270,-45,-3548,0,0,4993,0.0178,0.054,0.014,-0.086,-37.92,30.76,305,-369,-5360,0,0,3321,-0.0128,-0.031,-0.064,-0.036,-4.56,-2.61,341,-3066,-2062,0,0,5583,0.0138,-0.126,-0.038,-0.062,-4.43,-2.73,340,-5348,-3052,0,0
167.9,4,13241.0,560.84,0.01,12964.41,54.3,-0.59,-0.82,-1.0,1.0,0.0,0.99,1,3759,866.0,1.66,0.45,-0.8,-18.2,804,124,3479,-0.0055,0.165,0.336,0.236,-47.76,40.6,346,1030,-3651,0,0,5080,0.0192,0.067,0.138,0.038,-37.72,30.56,356,668,-5423,0,0,3221,-0.0139,-0.059,0.095,-0.005,-4.25,-2.91,447,1644,-2421,0,0,5315,0.0107,-0.158,0.114,0.014,-4.22,-2.95,431,1633,-3965,0,0
167.92,4,13241.3,561.14,0.01,12964.39,54.4,0.16,-0.83,-1.0,0.5,0.0,1.0,1,4243,955.7,1.8,0.49,-0.81,-20.7,810,125,3635,-0.0031,0.12,0.558,0.458,-47.37,40.2,397,2193,-3380,0,0,5170,0.0205,0.069,0.273,0.173,-37.32,30.16,399,2009,-5226,0,0,3084,-0.0155,-0.081,0.232,0.132,-4.23,-2.94,454,3445,-1241,0,0,5091,0.0081,-0.131,0.116,0.016,-4.11,-3.05,468,4967,-2663,0,0
167.94,4,13241.6,561.45,0.01,12964.38,54.6,0.39,-0.75,-1.0,0.5,0.0,1.0,1,4421,555.9,1.29,0.47,-0.83,-24.62,814,126,3670,-0.0025,0.027,0.638,0.538,-46.88,39.72,417,2642,-3147,0,0,5217,0.0213,0.036,0.331,0.231,-36.76,29.6,416,2724,-4996,0,0,2978,-0.0168,-0.062,0.276,0.176,-4.5,-2.66,479,3486,-876,0,0,5000,0.007,-0.054,0.221,0.121,-4.38,-2.78,467,5538,-1794,0,0
167.96,4,13241.9,561.75,0.01,12964.36,54.9,0.45,-0.74,-1.0,0.0,1.0,1.0,1,4287,322.9,1.0,0.41,-0.86,-28.02,816,127,3609,-0.0035,-0.047,0.603,0.503,-46.55,39.39,399,2576,-3115,0,0,5201,0.021,-0.012,0.297,0.197,-36.48,29.32,398,2606,-5035,0,0,2963,-0.017,-0.009,0.203,0.103,-4.87,-2.29,421,3324,-1211,0,0,5045,0.0075,0.026,0.175,0.075,-4.71,-2.45,400,5031,-2639,0,0
167.98,4,13242.2,562.06,0.01,12964.35,55.1,0.26,-0.84,-1.0,0.0,1.0,1.0,1,3587,39.2,0.44,0.34,-0.91,-29.01,814,128,3480,-0.0055,-0.099,0.274,0.174,-46.57,39.41,323,1815,-3389,1755,1,5135,0.02,-0.051,-0.138,0.038,-36.37,29.2,279,397,-5514,1755,1,3035,-0.0161,0.043,0.146,0.046,-5.04,-2.12,413,3013,-1782,945,1,5200,0.0093,0.091,-0.026,-0.074,-4.73,-2.44,413,2194,-3988,3150,0
168.0,4,13242.5,562.36,0.01,12964.35,54.9,-0.22,-0.8,-1.0,0.0,1.0,0.99,1,2912,-151.5,0.2,0.27,-0.95,-27.25,804,127,3312,-0.008,-0.129,-0.219,0.119,-46.58,39.42,207,179,-3600,1755,1,5050,0.0187,-0.065,-0.185,0.085,-36.48,29.32,263,-1342,-5295,1755,1,3138,-0.0149,0.061,-0.051,-0.049,-4.76,-2.41,347,-600,-2607,3150,0,5411,0.0118,0.124,-0.123,0.023,-4.57,-2.59,386,-3471,-3879,945,1
168.02,4,13242.8,562.66,0.01,12964.34,54.3,-0.88,-0.64,-1.0,0.0,1.0,0.89,1,2622,-135.8,0.2,0.25,-0.97,-24.88,785,124,3155,-0.0105,-0.121,-0.342,0.242,-46.77,39.61,175,-1055,-3300,1755,1,4983,0.0177,-0.051,-0.299,0.199,-36.73,29.57,224,-2152,-4984,1755,1,3209,-0.0141,0.042,-0.136,0.036,-4.62,-2.54,358,-2802,-2113,945,1,5600,0.0141,0.111,-0.124,0.024,-4.54,-2.62,351,-5252,-3177,945,1
168.04,4,13243.1,562.96,0.01,12964.34,53.5,-1.03,-0.49,-1.0,0.5,0.0,0.79,1,2397,-119.8,0.2,0.27,-0.94,-22.55,765,121,3096,-0.0114,-0.045,-0.398,0.298,-47.27,40.11,137,-1507,-3080,1755,1,4958,0.0173,-0.019,-0.357,0.257,-37.13,29.97,186,-2718,-4708,1755,1,3229,-0.0138,0.011,-0.126,0.026,-4.53,-2.63,282,-3392,-1626,945,1,5664,0.0148,0.037,-0.174,0.074,-4.34,-2.82,307,-5866,-2589,945,1
168.06,4,13243.4,563.25,0.01,12964.34,52.8,-1.07,-0.45,-1.0,1.0,0.0,0.72,1,2726,192.0,0.61,0.32,-0.88,-21.15,747,118,3155,-0.0105,0.045,-0.079,-0.021,-47.38,40.21,223,-1053,-3298,0,0,4965,0.0174,0.006,-0.082,-0.018,-37.38,30.22,273,-1731,-5101,0,0,3228,-0.0139,0.0,-0.081,-0.019,-4.57,-2.59,303,-3351,-1673,0,0,5596,0.014,-0.04,-0.141,0.041,-4.64,-2.52,322,-5853,-2528,0,0
168.08,4,13243.7,563.54,0.01,12964.34,52.1,-0.98,-0.6,-1.0,1.0,0.0,0.82,1,3030,423.0,1.07,0.39,-0.81,-21.08,732,114,3307,-0.0081,0.117,0.08,-0.02,-47.33,40.17,272,-72,-3595,0,0,4990,0.0178,0.019,0.001,-0.099,-37.24,30.08,305,-392,-5362,0,0,3210,-0.0141,-0.011,-0.078,-0.022,-4.58,-2.58,357,-2923,-2019,0,0,5412,0.0118,-0.108,-0.117,0.017,-4.4,-2.77,362,-5255,-2902,0,0
168.1,4,13244.0,563.83,0.01,12964.34,51.7,-0.51,-0.81,-1.0,1.0,0.0,0.92,1,3700,854.8,1.65,0.44,-0.78,-21.3,725,113,3487,-0.0054,0.139,0.379,0.279,-47.1,39.93,322,1124,-3639,0,0,5042,0.0186,0.04,0.166,0.066,-37.03,29.87,334,768,-5379,0,0,3159,-0.0147,-0.03,0.162,0.062,-4.48,-2.68,386,2327,-2252,0,0,5193,0.0093,-0.129,0.162,0.062,-4.3,-2.86,374,2536,-3793,0,0
168.12,4,13244.3,564.12,0.01,12964.35,51.8,0.18,-0.82,-1.0,0.5,0.0,1.0,1,4102,921.5,1.75,0.46,-0.78,-23.86,730,113,3613,-0.0034,0.097,0.57,0.47,-46.61,39.45,388,2197,-3355,0,0,5104,0.0195,0.047,0.287,0.187,-36.68,29.52,388,2015,-5159,0,0,3085,-0.0155,-0.044,0.287,0.187,-4.44,-2.72,451,3455,-1243,0,0,5034,0.0074,-0.094,0.16,0.06,-4.22,-2.94,464,5020,-2558,0,0
168.14,4,13244.5,564.41,0.01,12964.36,52.1,0.42,-0.73,-0.98,0.5,0.0,1.0,1,4337,548.9,1.28,0.43,-0.81,-27.79,733,114,3628,-0.0032,0.011,0.671,0.571,-46.28,39.12,407,2708,-3046,0,0,5134,0.02,0.023,0.348,0.248,-36.15,28.99,406,2824,-4858,0,0,3035,-0.0161,-0.03,0.322,0.222,-4.78,-2.38,471,3580,-812,0,0,5004,0.007,-0.017,0.254,0.154,-4.55,-2.61,459,5621,-1642,0,0
168.16,4,13244.8,564.7,0.01,12964.37,52.4,0.52,-0.72,-0.94,0.5,0.0,1.0,1,4192,323.0,1.0,0.37,-0.83,-31.28,738,116,3562,-0.0042,-0.05,0.598,0.498,-44.8,37.63,407,2640,-3014,0,0,5109,0.0196,-0.019,0.297,0.197,-35.04,27.88,406,2756,-4871,0,0,3073,-0.0157,0.022,0.195,0.095,-5.21,-1.95,461,3518,-1118,0,0,5095,0.0081,0.053,0.161,0.061,-4.93,-2.23,436,5318,-2409,0,0
168.18,4,13245.1,564.99,0.01,12964.39,52.7,0.48,-0.8,-0.91,0.5,0.0,1.0,1,4089,322.5,0.97,0.28,-0.87,-33.41,742,117,3437,-0.0061,-0.097,0.531,0.431,-43.08,35.92,385,2377,-3039,0,0,5032,0.0184,-0.059,0.252,0.152,-33.66,26.5,385,2349,-4980,0,0,3175,-0.0145,0.06,0.242,0.142,-5.54,-1.62,383,3416,-1572,0,0,5261,0.0101,0.098,0.101,0.001,-5.18,-1.98,390,4424,-3505,0,0
168.2,4,13245.4,565.28,0.01,12964.41,53.0,0.35,-0.89,-0.87,1.0,0.0,1.0,1,4014,322.2,0.96,0.18,-0.93,-33.91,743,118,3250,-0.009,-0.144,0.446,0.346,-41.31,34.15,377,2016,-3032,0,0,4921,0.0167,-0.085,0.198,0.098,-32.26,25.1,377,1849,-5054,0,0,3305,-0.0129,0.077,0.168,0.068,-5.54,-1.62,390,3252,-2019,0,0,5491,0.0128,0.135,0.142,0.042,-5.21,-1.96,377,3644,-4130,0,0
168.22,4,13245.7,565.58,0.01,12964.43,53.2,0.31,-0.9,-0.83,0.5,0.0,1.0,1,4087,730.4,1.49,0.09,-1.0,-33.83,744,119,3024,-0.0125,-0.173,0.429,0.329,-39.6,32.44,402,1843,-2858,0,0,4809,0.015,-0.086,0.199,0.099,-30.93,23.77,402,1779,-4970,0,0,3414,-0.0117,0.064,0.223,0.123,-5.48,-1.68,439,3354,-2082,0,0,5748,0.0158,0.151,0.09,-0.01,-5.14,-2.02,457,3579,-4375,0,0
168.24,4,13246.0,565.88,0.02,12964.46,53.5,0.47,-0.83,-0.79,1.0,0.0,1.0,1,4152,322.9,0.99,0.0,-1.08,-34.56,748,121,2779,-0.0162,-0.189,0.402,0.302,-37.9,30.74,400,1811,-2576,0,0,4706,0.0134,-0.08,0.184,0.084,-29.58,22.42,399,2030,-4783,0,0,3483,-0.0109,0.04,0.092,-0.008,-5.6,-1.57,434,3643,-1860,0,0,6002,0.0188,0.15,0.034,-0.066,-5.28,-1.89,406,4648,-4216,0,0
168.26,4,13246.3,566.17,0.02,12964.49,53.8,0.45,-0.84,-0.75,0.5,0.0,1.0,1,4266,752.3,1.52,-0.08,-1.13,-34.67,753,122,2530,-0.0201,-0.192,0.405,0.305,-36.07,28.91,420,1583,-2401,0,0,4595,0.0117,-0.085,0.207,0.107,-28.36,21.2,418,1891,-4725,0,0,3540,-0.0102,0.034,0.265,0.165,-5.63,-1.53,457,3731,-1852,0,0,6241,0.0216,0.14,0.122,0.022,-5.32,-1.84,472,5018,-4288,0,0
168.28,4,13246.6,566.47,0.02,12964.53,54.2,0.59,-0.76,-0.71,0.5,0.0,1.0,1,4404,328.5,1.01,-0.15,-1.17,-35.62,757,124,2305,-0.0235,-0.173,0.439,0.339,-34.34,27.17,423,1620,-2093,0,0,4480,0.0099,-0.088,0.241,0.141,-27.0,19.84,421,2320,-4432,0,0,3584,-0.0097,0.025,0.235,0.135,-5.84,-1.32,421,3950,-1594,0,0,6428,0.0238,0.11,0.185,0.085,-5.57,-1.59,399,5920,-3900,0,0
168.3,4,13246.9,566.77,0.02,12964.56,54.5,0.53,-0.82,-0.67,0.5,0.0,1.0,1,4229,322.8,0.99,-0.22,-1.19,-35.49,761,125,2109,-0.0266,-0.151,0.348,0.248,-32.54,25.38,407,1349,-2011,0,0,4357,0.008,-0.095,0.171,0.071,-25.59,18.43,405,1831,-4511,0,0,3650,-0.0089,0.039,0.232,0.132,-6.07,-1.09,392,3681,-2154,0,0,6590,0.0257,0.095,0.094,-0.006,-5.64,-1.52,401,4467,-5020,0,0
168.32,4,13247.2,567.07,0.02,12964.6,54.8,0.44,-0.87,-0.63,0.5,0.0,1.0,1,4240,322.8,0.99,-0.27,-1.2,-34.34,765,127,1955,-0.0289,-0.118,0.312,0.212,-30.8,23.64,407,1170,-1920,0,0,4236,0.0062,-0.093,0.153,0.053,-24.2,17.03,406,1587,-4476,0,0,3735,-0.0079,0.05,0.181,0.081,-5.85,-1.31,408,3659,-2313,0,0,6717,0.0272,0.075,0.149,0.049,-5.55,-1.61,393,4445,-5145,0,0
168.34,4,13247.5,567.38,0.02,12964.65,55.1,0.45,-0.85,-0.6,0.5,0.0,1.0,1,4267,322.8,0.99,-0.29,-1.19,-33.21,769,128,1848,-0.0306,-0.082,0.299,0.199,-29.28,22.12,412,1104,-1826,0,0,4145,0.0048,-0.07,0.148,0.048,-22.85,15.69,410,1560,-4399,0,0,3791,-0.0072,0.033,0.228,0.128,-5.77,-1.39,397,3739,-2307,0,0,6793,0.0281,0.045,0.099,-0.001,-5.45,-1.71,406,4506,-5157,0,0
168.36,4,13247.8,567.68,0.02,12964.7,55.4,0.46,-0.83,-0.56,0.5,0.0,1.0,1,4293,322.9,1.0,-0.3,-1.16,-32.15,774,129,1803,-0.0313,-0.035,0.284,0.184,-27.66,20.5,415,1082,-1786,0,0,4083,0.0038,-0.047,0.143,0.043,-21.56,14.4,413,1573,-4342,0,0,3833,-0.0067,0.025,0.175,0.075,-5.79,-1.38,410,3756,-2356,0,0,6814,0.0283,0.012,0.147,0.047,-5.38,-1.78,395,4639,-5096,0,0
168.38,4,13248.1,567.99,0.02,12964.75,55.7,0.47,-0.84,-0.52,0.5,0.0,1.0,1,4303,322.9,1.0,-0.29,-1.13,-31.3,778,131,1826,-0.0309,0.017,0.26,0.16,-25.82,18.66,416,1074,-1826,0,0,4051,0.0033,-0.025,0.133,0.033,-20.24,13.08,415,1545,-4330,0,0,3883,-0.0061,0.029,0.22,0.12,-5.68,-1.48,399,3799,-2381,0,0,6793,0.0281,-0.013,0.099,-0.001,-5.51,-1.66,407,4568,-5149,0,0
168.4,4,13248.5,568.29,0.02,12964.8,56.0,0.47,-0.88,-0.48,1.0,0.0,1.0,1,4314,322.9,1.0,-0.28,-1.11,-30.56,785,132,1876,-0.0301,0.039,0.233,0.133,-24.07,16.91,418,1056,-1908,0,0,4052,0.0033,0.002,0.118,0.018,-18.91,11.75,416,1452,-4379,0,0,3940,-0.0055,0.034,0.166,0.066,-5.54,-1.62,412,3803,-2450,0,0,6787,0.028,-0.003,0.144,0.044,-5.22,-1.94,398,4546,-5058,0,0
168.42,4,13248.8,568.6,0.02,12964.86,56.3,0.48,-0.89,-0.45,0.5,0.0,1.0,1,4362,763.7,1.54,-0.27,-1.09,-30.06,796,134,1948,-0.029,0.055,0.213,0.113,-22.32,15.16,435,1071,-2000,0,0,4081,0.0038,0.022,0.107,0.007,-17.53,10.36,435,1399,-4444,0,0,3989,-0.0049,0.029,0.212,0.112,-5.4,-1.76,461,3862,-2444,0,0,6778,0.0279,-0.005,0.093,-0.007,-5.03,-2.13,479,4455,-4986,0,0
168.44,4,13249.1,568.91,0.02,12964.93,56.7,0.65,-0.82,-0.41,0.5,0.0,1.0,1,4539,335.3,1.03,-0.25,-1.07,-30.88,811,136,2030,-0.0278,0.063,0.252,0.152,-20.57,13.41,440,1362,-1953,0,0,4122,0.0044,0.032,0.145,0.045,-16.14,8.98,437,2069,-4256,0,0,4020,-0.0045,0.018,0.202,0.102,-5.36,-1.8,431,4317,-1909,0,0,6757,0.0277,-0.012,0.168,0.068,-5.09,-2.08,411,6060,-4089,0,0
168.46,4,13249.4,569.22,0.02,12964.99,57.1,0.59,-0.87,-0.37,0.5,0.0,1.0,1,4376,325.9,1.01,-0.23,-1.05,-31.05,823,138,2107,-0.0266,0.06,0.185,0.085,-18.78,11.62,424,1249,-2134,0,0,4156,0.0049,0.026,0.093,-0.007,-14.68,7.51,423,1574,-4504,0,0,4048,-0.0042,0.016,0.202,0.102,-5.41,-1.75,404,3927,-2457,0,0,6727,0.0273,-0.018,0.084,-0.016,-5.11,-2.05,415,4337,-4976,0,0
168.48,4,13249.7,569.53,0.01,12965.06,57.5,0.5,-0.91,-0.33,1.0,0.0,1.0,1,4391,326.3,1.01,-0.22,-1.05,-30.73,836,139,2174,-0.0256,0.051,0.161,0.061,-16.89,9.73,423,1188,-2263,0,0,4190,0.0055,0.026,0.079,-0.021,-13.21,6.05,424,1313,-4623,0,0,4074,-0.0039,0.015,0.157,0.057,-5.21,-1.95,421,3909,-2492,0,0,6710,0.0271,-0.01,0.137,0.037,-5.03,-2.13,407,4420,-4916,0,0
168.5,4,13250.0,569.84,0.01,12965.14,57.8,0.52,-0.9,-0.29,0.5,0.0,1.0,1,4498,789.2,1.58,-0.2,-1.06,-30.73,848,141,2221,-0.0248,0.036,0.159,0.059,-14.94,7.78,445,1304,-2276,0,0,4240,0.0062,0.039,0.077,-0.023,-11.74,4.57,445,1500,-4616,0,0,4062,-0.004,-0.007,0.196,0.096,-5.18,-1.98,465,4124,-2236,0,0,6702,0.027,-0.005,0.067,-0.033,-4.96,-2.21,482,4735,-4751,0,0
168.52,4,13250.4,570.15,0.01,12965.22,58.3,0.75,-0.79,-0.25,1.0,0.0,1.0,1,4619,335.5,1.05,-0.19,-1.06,-31.93,866,144,2255,-0.0243,0.026,0.18,0.08,-13.07,5.91,458,1731,-2049,0,0,4292,0.007,0.04,0.091,-0.009,-10.34,3.18,454,2468,-4260,0,0,4039,-0.0043,-0.014,0.156,0.056,-5.34,-1.82,494,4355,-1876,0,0,6703,0.027,0.001,0.136,0.036,-5.07,-2.1,470,6067,-3999,0,0
168.54,4,13250.7,570.47,0.01,12965.3,58.9,0.83,-0.74,-0.2,0.5,0.0,1.0,1,4744,791.4,1.63,-0.2,-1.05,-33.09,880,146,2276,-0.024,0.016,0.198,0.098,-11.18,4.02,469,1913,-1931,0,0,4316,0.0074,0.019,0.111,0.011,-8.97,1.81,462,2809,-4048,0,0,4030,-0.0044,-0.005,0.258,0.158,-5.7,-1.46,490,4438,-1731,0,0,6698,0.027,-0.003,0.146,0.046,-5.33,-1.83,494,6357,-3788,0,0
168.56,4,13251.0,570.79,0.01,12965.39,59.5,0.88,-0.72,-0.16,1.0,0.0,1.0,1,4591,335.6,1.04,-0.21,-1.03,-33.79,898,149,2291,-0.0238,0.012,0.158,0.058,-9.26,2.09,464,2005,-1860,0,0,4313,0.0074,-0.002,0.057,-0.043,-7.29,0.13,454,2418,-4073,0,0,4075,-0.0039,0.026,0.161,0.061,-5.79,-1.37,497,4317,-2048,0,0,6719,0.0272,0.012,0.096,-0.004,-5.53,-1.63,470,5773,-4379,0,0
168.58,4,13251.4,571.11,0.01,12965.48,60.0,0.81,-0.76,-0.11,0.5,0.0,1.0,1,4762,791.7,1.64,-0.23,-1.02,-33.19,914,152,2289,-0.0238,-0.002,0.142,0.042,-7.36,0.2,465,2010,-1809,0,0,4275,0.0068,-0.029,0.07,-0.03,-5.85,-1.31,464,2580,-3673,0,0,4145,-0.0031,0.041,0.214,0.114,-5.82,-1.34,488,4390,-2084,0,0,6743,0.0275,0.014,0.083,-0.017,-5.57,-1.6,504,5528,-4608,0,0
168.6,4,13251.7,571.43,0.01,12965.57,60.6,0.9,-0.67,-0.07,1.0,0.0,1.0,1,4612,335.5,1.04,-0.26,-0.99,-32.54,928,155,2285,-0.0238,-0.003,0.12,0.02,-5.52,-1.64,462,2183,-1538,0,0,4239,0.0062,-0.028,0.037,-0.063,-4.48,-2.68,454,2471,-3181,0,0,4207,-0.0023,0.036,0.151,0.051,-6.06,-1.1,502,4328,-2313,0,0,6762,0.0277,0.012,0.091,-0.009,-5.77,-1.4,476,5528,-4688,0,0
168.62,4,13252.0,571.76,0.01,12965.67,61.2,0.83,-0.69,-0.02,0.5,0.0,1.0,1,4774,791.8,1.64,-0.28,-0.97,-30.45,943,158,2287,-0.0238,0.001,0.109,0.009,-3.78,-3.38,464,2232,-1278,0,0,4189,0.0054,-0.039,0.051,-0.049,-3.09,-4.07,463,2649,-2375,0,0,4313,-0.0011,0.063,0.192,0.092,-5.83,-1.34,491,4398,-2404,0,0,6801,0.0282,0.023,0.077,-0.023,-5.74,-1.42,507,5252,-4921,0,0
168.64,4,13252.4,572.09,0.01,12965.77,61.8,0.93,-0.58,0.02,1.0,0.0,1.0,1,4591,335.5,1.04,-0.3,-0.92,-28.04,962,161,2288,-0.0238,0.001,0.079,-0.021,-2.1,-5.06,451,2317,-815,0,0,4145,0.0048,-0.034,0.021,-0.079,-1.8,-5.37,449,2232,-1458,0,0,4413,0.0001,0.059,0.125,0.025,-5.77,-1.39,475,4344,-2634,0,0,6841,0.0287,0.024,0.078,-0.022,-5.52,-1.64,466,5219,-4921,0,0
168.66,4,13252.7,572.42,0.01,12965.87,62.3,0.66,-0.58,0.05,0.5,0.0,1.0,1,4655,790.0,1.6,-0.32,-0.86,-23.26,975,164,2306,-0.0235,0.014,0.055,-0.045,-0.75,-6.41,457,1749,-353,0,0,4072,0.0036,-0.056,0.026,-0.074,-0.55,-6.61,462,987,-440,0,0,4533,0.0015,0.071,0.168,0.068,-5.48,-1.68,496,3747,-3282,0,0,6843,0.0287,0.001,0.079,-0.021,-5.23,-1.93,515,3676,-5432,0,0
168.68,4,13253.1,572.75,0.01,12965.98,62.8,0.85,-0.42,0.09,0.5,0.0,1.0,1,4813,335.1,1.07,-0.33,-0.77,-18.86,993,167,2349,-0.0229,0.033,0.083,-0.017,0.18,-6.99,472,2387,100,0,0,3994,0.0024,-0.06,0.047,-0.053,0.75,-6.42,470,2910,588,0,0,4654,0.0029,0.071,0.169,0.069,-5.02,-2.14,499,4704,-2529,0,0,6805,0.0282,-0.022,0.075,-0.025,-4.87,-2.29,515,5621,-4451,0,0
168.7,4,13253.4,573.09,0.01,12966.08,63.4,0.82,-0.33,0.11,1.0,0.0,1.0,1,4664,335.6,1.04,-0.34,-0.66,-13.66,1014,170,2408,-0.022,0.045,0.043,-0.057,0.95,-6.21,445,1796,496,0,0,3887,0.0008,-0.082,0.023,-0.077,1.77,-5.39,447,1551,1404,0,0,4794,0.0046,0.082,0.141,0.041,-4.56,-2.61,438,4033,-3178,0,0,6729,0.0273,-0.045,0.072,-0.028,-4.47,-2.69,448,4344,-4768,0,0
168.72,4,13253.8,573.42,0.01,12966.19,63.8,0.56,-0.31,0.13,1.0,0.0,1.0,1,4760,791.0,1.62,-0.34,-0.54,-7.5,1026,172,2487,-0.0207,0.061,0.049,-0.051,1.58,-5.58,471,1364,829,0,0,3761,-0.0011,-0.097,0.039,-0.061,2.71,-4.46,472,1287,1991,0,0,4925,0.0061,0.077,0.102,0.002,-4.01,-3.15,524,3888,-3208,0,0,6591,0.0257,-0.081,0.129,0.029,-3.91,-3.26,503,4444,-4341,0,0
168.74,4,13254.1,573.76,0.01,12966.31,64.4,0.92,-0.11,0.15,0.5,0.0,1.0,1,5544,1005.7,2.08,-0.34,-0.4,-2.84,1049,175,2590,-0.0192,0.079,0.159,0.059,2.08,-5.08,524,2793,809,0,0,3634,-0.0031,-0.098,0.15,0.05,3.42,-3.74,523,3584,1787,0,0,5054,0.0076,0.076,0.357,0.257,-3.41,-3.75,600,5772,-1337,0,0,6419,0.0237,-0.101,0.301,0.201,-3.39,-3.77,614,7148,-1783,0,0
168.76,4,13254.5,574.11,0.01,12966.42,65.3,1.2,0.06,0.17,0.5,0.0,1.0,1,6256,529.5,1.58,-0.36,-0.23,-0.39,1075,180,2701,-0.0174,0.086,0.278,0.178,2.55,-4.61,582,3221,539,0,0,3463,-0.0057,-0.131,0.278,0.178,4.06,-3.11,580,4003,1064,0,0,5208,0.0094,0.091,0.519,0.419,-3.18,-3.98,673,6118,-656,0,0,6205,0.0212,-0.126,0.473,0.373,-3.19,-3.97,674,7188,-799,0,0
168.78,4,13254.9,574.46,0.02,12966.53,66.1,1.2,0.05,0.18,0.5,0.0,1.0,1,6001,312.0,1.21,-0.39,-0.06,1.93,1100,185,2790,-0.0161,0.069,0.25,0.15,2.99,-4.17,579,3305,649,0,0,3235,-0.0092,-0.176,0.255,0.155,4.6,-2.56,579,3727,1088,0,0,5411,0.0118,0.119,0.38,0.28,-2.94,-4.22,630,6309,-839,0,0,5993,0.0187,-0.125,0.34,0.24,-2.94,-4.22,646,6931,-929,0,0
168.8,4,13255.2,574.81,0.02,12966.65,67.0,1.17,0.05,0.19,0.5,0.0,1.0,1,5778,319.6,1.19,-0.43,0.11,4.91,1122,189,2870,-0.0149,0.061,0.177,0.077,3.44,-3.72,554,3292,937,0,0,2975,-0.0132,-0.2,0.189,0.089,5.2,-1.96,554,3297,1331,0,0,5641,0.0145,0.135,0.212,0.112,-2.6,-4.56,564,6480,-1100,0,0,5779,0.0162,-0.126,0.191,0.091,-2.58,-4.58,584,6638,-1090,0,0
168.82,4,13255.6,575.17,0.02,12966.77,67.7,1.11,0.05,0.2,0.5,0.0,1.0,1,5542,331.9,1.15,-0.47,0.24,8.56,1143,194,2918,-0.0141,0.037,0.14,0.04,3.82,-3.34,528,3082,1368,0,0,2702,-0.0174,-0.21,0.159,0.059,5.66,-1.51,530,2763,1596,0,0,5883,0.0174,0.142,0.235,0.135,-2.08,-5.08,520,6607,-1313,0,0,5601,0.0141,-0.105,0.212,0.112,-2.11,-5.05,533,6333,-1229,0,0
168.84,4,13256.0,575.53,0.02,12966.88,68.5,1.0,0.05,0.2,1.0,0.0,1.0,1,5325,333.3,1.12,-0.51,0.33,12.63,1162,198,2923,-0.014,0.004,0.091,-0.009,4.11,-3.05,513,2549,1811,0,0,2464,-0.0211,-0.184,0.117,0.017,5.99,-1.17,514,2176,1819,0,0,6074,0.0196,0.112,0.166,0.066,-1.44,-5.72,496,6454,-1450,0,0,5473,0.0126,-0.075,0.142,0.042,-1.46,-5.71,507,5973,-1243,0,0
168.86,4,13256.4,575.9,0.02,12967.0,69.1,0.89,0.08,0.2,1.0,0.0,1.0,1,5199,792.6,1.72,-0.53,0.38,16.55,1175,202,2912,-0.0142,-0.009,0.067,-0.033,4.31,-2.85,520,2129,2012,0,0,2282,-0.0239,-0.139,0.101,0.001,6.18,-0.98,521,1844,1825,0,0,6197,0.0211,0.073,0.072,-0.028,-0.74,-6.42,533,5924,-1179,0,0,5374,0.0114,-0.058,0.121,0.021,-0.78,-6.39,524,5688,-926,0,0
168.88,4,13256.8,576.27,0.02,12967.12,69.7,0.9,0.14,0.19,1.0,0.0,1.0,1,5439,1005.6,2.08,-0.54,0.41,19.82,1189,205,2907,-0.0143,-0.004,0.094,-0.006,4.39,-2.77,540,2439,1907,0,0,2169,-0.0256,-0.087,0.132,0.032,6.27,-0.89,542,1941,1612,0,0,6281,0.0221,0.05,0.14,0.04,-0.12,-7.04,552,6666,-460,0,0,5316,0.0107,-0.034,0.153,0.053,-0.12,-7.04,566,5957,-341,0,0
168.9,4,13257.2,576.64,0.02,12967.24,70.4,1.01,0.19,0.19,0.5,0.0,1.0,1,5655,1000.1,2.13,-0.55,0.41,22.4,1208,210,2909,-0.0142,0.001,0.117,0.017,4.48,-2.69,558,2757,1738,0,0,2118,-0.0264,-0.039,0.17,0.07,6.24,-0.93,562,2138,1338,0,0,6341,0.0228,0.035,0.148,0.048,0.45,-6.71,587,7027,61,0,0,5306,0.0106,-0.006,0.219,0.119,0.47,-6.69,578,6123,50,0,0
168.92,4,13257.6,577.02,0.02,12967.37,71.2,1.06,0.23,0.18,1.0,0.0,1.0,1,5591,555.3,1.48,-0.55,0.4,24.43,1228,214,2914,-0.0142,0.004,0.103,0.003,4.48,-2.68,555,2745,1751,0,0,2128,-0.0263,0.008,0.16,0.06,6.2,-0.97,561,2159,1328,0,0,6367,0.0231,0.015,0.133,0.033,0.97,-6.2,559,6966,495,0,0,5339,0.011,0.019,0.16,0.06,1.02,-6.14,570,6109,366,0,0
168.94,4,13258.0,577.4,0.02,12967.49,72.0,1.08,0.28,0.17,0.5,0.0,1.0,1,6268,972.5,2.25,-0.55,0.39,26.08,1253,219,2934,-0.0139,0.016,0.17,0.07,4.4,-2.77,604,3035,1516,0,0,2167,-0.0257,0.03,0.226,0.126,5.99,-1.17,605,2323,1176,0,0,6409,0.0236,0.025,0.277,0.177,1.49,-5.68,681,7328,605,0,0,5406,0.0118,0.039,0.368,0.268,1.53,-5.63,666,6321,429,0,0
168.96,4,13258.4,577.78,0.02,12967.61,72.8,1.19,0.22,0.15,0.5,0.0,0.91,1,6693,-221.0,1.65,-0.56,0.38,27.6,1282,224,2971,-0.0133,0.028,0.253,0.153,4.34,-2.82,634,3436,970,0,0,2213,-0.025,0.035,0.315,0.215,5.82,-1.35,639,2581,786,0,0,6461,0.0242,0.03,0.339,0.239,2.03,-5.13,659,7471,578,0,0,5470,0.0125,0.037,0.442,0.342,2.09,-5.08,654,6427,422,0,0
168.98,4,13258.8,578.17,0.01,12967.73,73.6,1.21,0.22,0.14,0.5,0.0,0.78,1,6538,289.1,1.27,-0.56,0.36,28.52,1315,229,2986,-0.0131,0.012,0.224,0.124,4.22,-2.94,637,3430,1014,0,0,2263,-0.0242,0.038,0.287,0.187,5.56,-1.6,643,2633,811,0,0,6503,0.0247,0.025,0.302,0.202,2.53,-4.63,665,7453,921,0,0,5557,0.0135,0.051,0.329,0.229,2.58,-4.58,672,6479,704,0,0
169.0,4,13259.2,578.57,0.01,12967.86,74.5,1.21,0.27,0.12,0.5,0.0,0.64,1,6324,298.9,1.24,-0.56,0.34,29.05,1348,235,3002,-0.0128,0.012,0.175,0.075,4.05,-3.12,622,3357,1167,0,0,2307,-0.0235,0.034,0.24,0.14,5.3,-1.86,628,2645,904,0,0,6539,0.0251,0.021,0.202,0.102,2.93,-4.23,651,7325,1452,0,0,5630,0.0144,0.043,0.284,0.184,3.09,-4.07,642,6491,1031,0,0
169.02,4,13259.6,578.97,0.01,12967.98,75.3,1.17,0.34,0.1,0.5,0.0,0.51,1,6178,304.8,1.23,-0.56,0.34,29.02,1378,240,3009,-0.0127,0.005,0.136,0.036,3.85,-3.31,607,3210,1341,0,0,2351,-0.0228,0.034,0.193,0.093,4.95,-2.21,610,2624,1040,0,0,6551,0.0252,0.007,0.183,0.083,3.32,-3.84,621,7131,1968,0,0,5691,0.0151,0.036,0.216,0.116,3.45,-3.71,633,6429,1453,0,0
169.04,4,13260.0,579.37,0.01,12968.1,76.1,1.1,0.45,0.09,1.0,0.0,0.38,1,5945,314.7,1.2,-0.56,0.36,28.18,1407,245,3030,-0.0124,0.017,0.067,-0.033,3.58,-3.58,573,2659,1658,0,0,2378,-0.0224,0.021,0.115,0.015,4.58,-2.58,576,2414,1322,0,0,6588,0.0257,0.022,0.065,-0.035,3.56,-3.6,580,5834,3280,0,0,5735,0.0156,0.026,0.123,0.023,3.69,-3.47,573,5907,2405,0,0
169.06,4,13260.5,579.78,0.01,12968.22,76.6,0.73,0.63,0.07,1.0,0.0,0.24,1,6014,771.7,1.88,-0.54,0.42,25.64,1430,248,3082,-0.0116,0.04,0.015,-0.085,3.34,-3.82,551,947,1857,0,0,2386,-0.0223,0.007,0.046,-0.054,4.09,-3.07,544,1624,1618,0,0,6651,0.0264,0.037,0.018,-0.082,3.52,-3.64,551,2136,4088,0,0,5742,0.0157,0.004,0.049,-0.051,3.64,-3.52,551,3864,3432,0,0
169.08,4,13260.9,580.19,0.01,12968.34,76.8,0.33,0.67,0.06,1.0,0.0,0.11,1,6467,956.4,2.31,-0.49,0.49,22.59,1448,249,3193,-0.0099,0.086,0.008,-0.092,3.06,-4.1,547,460,1809,0,0,2394,-0.0222,0.005,0.019,-0.081,3.76,-3.4,535,788,1629,0,0,6712,0.0271,0.036,0.001,-0.099,3.37,-3.8,544,440,4091,0,0,5667,0.0148,-0.044,0.03,-0.07,3.45,-3.71,540,2663,3476,0,0
169.1,4,13261.3,580.6,0.01,12968.46,76.9,0.08,0.65,0.05,1.0,0.0,0.04,2,6744,-221.6,2.39,-0.42,0.58,19.76,1467,249,3367,-0.0072,0.134,-0.001,-0.099,2.81,-4.36,541,-18,1772,0,0,2423,-0.0217,0.023,0.0,-0.1,3.38,-3.78,526,165,1539,0,0,6737,0.0274,0.014,-0.002,-0.098,3.19,-3.97,542,-420,3951,0,0,5502,0.0129,-0.097,-0.006,-0.094,3.22,-3.94,526,368,3319,0,0
169.12,4,13261.7,581.01,0.01,12968.57,76.9,0.09,0.61,0.04,1.0,0.0,0.34,2,6704,-221.4,2.39,-0.32,0.66,17.34,1489,250,3588,-0.0038,0.17,0.016,-0.084,2.61,-4.56,551,634,1763,0,0,2481,-0.0208,0.045,0.028,-0.072,3.09,-4.08,543,752,1446,0,0,6696,0.0269,-0.024,0.025,-0.075,3.03,-4.13,554,1546,3756,0,0,5249,0.0099,-0.149,0.047,-0.053,3.05,-4.11,556,2824,2924,0,0
169.14,4,13262.2,581.42,0.01,12968.68,77.2,0.5,0.55,0.04,1.0,0.0,0.64,2,6727,934.7,2.38,-0.24,0.74,15.65,1520,252,3826,-0.0001,0.183,0.03,-0.07,2.41,-4.75,560,1518,1732,0,0,2554,-0.0197,0.055,0.053,-0.047,2.8,-4.36,559,1649,1312,0,0,6607,0.0259,-0.052,0.051,-0.049,2.86,-4.3,581,4156,3337,0,0,4943,0.0063,-0.18,0.09,-0.01,2.94,-4.23,574,4108,2422,0,0
169.16,4,13262.6,581.84,0.01,12968.79,77.8,0.81,0.47,0.03,1.0,0.0,0.94,2,6549,946.6,2.35,-0.18,0.78,14.97,1553,256,4023,0.0029,0.151,0.057,-0.043,2.28,-4.88,581,2770,1654,0,0,2608,-0.0189,0.042,0.082,-0.018,2.65,-4.52,581,2277,1174,0,0,6503,0.0247,-0.061,0.134,0.034,2.87,-4.29,613,6344,2592,0,0,4653,0.0029,-0.171,0.144,0.044,2.9,-4.26,628,4941,1694,0,0
169.18,4,13263.0,582.26,0.01,12968.9,78.5,1.03,0.35,0.02,0.5,0.0,1.0,2,6185,970.8,2.26,-0.16,0.79,15.39,1583,260,4143,0.0047,0.092,0.089,-0.011,2.14,-5.03,603,3839,1442,0,0,2638,-0.0184,0.023,0.121,0.021,2.4,-4.76,608,2780,921,0,0,6410,0.0236,-0.055,0.203,0.103,3.0,-4.16,677,7086,1719,0,0,4442,0.0004,-0.124,0.257,0.157,3.04,-4.12,671,5124,1062,0,0
169.2,4,13263.5,582.69,0.01,12969.02,79.3,1.11,0.26,0.02,0.5,0.0,1.0,2,5677,551.4,1.5,-0.17,0.75,16.02,1608,265,4167,0.0051,0.019,0.109,0.009,2.01,-5.15,620,4279,1224,0,0,2642,-0.0184,0.003,0.16,0.06,2.3,-4.87,635,2997,716,0,0,6357,0.023,-0.031,0.272,0.172,3.25,-3.91,701,7179,1443,0,0,4362,-0.0005,-0.047,0.291,0.191,3.33,-3.84,719,5098,914,0,0
169.22,4,13263.9,583.12,0.01,12969.13,80.1,1.16,0.23,0.01,0.5,0.0,1.0,2,4912,334.7,1.08,-0.21,0.67,16.16,1631,271,4091,0.0039,-0.059,0.132,0.032,1.97,-5.19,639,4458,1031,0,0,2653,-0.0182,0.009,0.185,0.085,2.12,-5.05,656,3093,578,0,0,6319,0.0225,-0.022,0.278,0.178,3.47,-3.69,734,7165,1405,0,0,4439,0.0004,0.045,0.338,0.238,3.49,-3.67,729,5202,883,0,0
169.24,4,13264.4,583.56,0.01,12969.24,81.0,1.19,0.22,0.0,0.5,0.0,1.0,2,4521,335.6,1.03,-0.27,0.57,15.93,1651,277,3956,0.0019,-0.104,0.118,0.018,1.86,-5.3,638,4323,948,0,0,2666,-0.018,0.01,0.175,0.075,1.85,-5.32,656,3124,500,0,0,6303,0.0223,-0.01,0.234,0.134,3.62,-3.54,713,7086,1597,0,0,4616,0.0025,0.105,0.275,0.175,3.72,-3.45,705,5347,1101,0,0
169.26,4,13264.8,584.0,0.01,12969.35,81.8,1.17,0.29,-0.01,0.5,0.0,1.0,2,4322,326.9,1.01,-0.35,0.47,14.94,1670,282,3760,-0.0012,-0.15,0.077,-0.023,1.66,-5.5,619,3743,972,0,0,2663,-0.018,-0.003,0.125,0.025,1.65,-5.51,634,3009,553,0,0,6323,0.0226,0.012,0.153,0.053,3.7,-3.46,675,6745,2331,0,0,4887,0.0057,0.159,0.187,0.087,3.78,-3.38,665,5411,1699,0,0
169.28,4,13265.3,584.44,0.01,12969.46,82.5,1.06,0.39,-0.02,1.0,0.0,1.0,2,4175,322.8,0.99,-0.42,0.38,12.85,1690,287,3547,-0.0044,-0.164,0.053,-0.047,1.45,-5.71,609,2856,909,0,0,2637,-0.0184,-0.019,0.079,-0.021,1.55,-5.61,613,2655,652,0,0,6369,0.0231,0.028,0.098,-0.002,3.55,-3.61,638,5989,3117,0,0,5180,0.0091,0.172,0.144,0.044,3.67,-3.49,637,5292,2343,0,0
169.3,4,13265.7,584.89,0.01,12969.57,83.1,0.85,0.47,-0.02,1.0,0.0,1.0,2,3993,728.5,1.48,-0.48,0.33,9.61,1705,292,3341,-0.0076,-0.158,0.021,-0.079,1.2,-5.97,596,1648,763,0,0,2603,-0.0189,-0.026,0.036,-0.064,1.33,-5.83,594,1873,649,0,0,6404,0.0235,0.02,0.036,-0.064,3.31,-3.85,611,3825,3753,0,0,5439,0.0122,0.152,0.06,-0.04,3.34,-3.82,604,4022,3115,0,0
169.32,4,13266.2,585.34,0.01,12969.68,83.5,0.62,0.49,-0.03,1.0,0.0,1.0,2,4049,921.6,1.75,-0.5,0.3,6.03,1716,295,3191,-0.0099,-0.115,0.03,-0.07,0.95,-6.21,603,1572,598,0,0,2567,-0.0195,-0.028,0.039,-0.061,1.17,-6.0,603,1610,585,0,0,6433,0.0239,0.017,0.051,-0.049,2.87,-4.29,621,4225,3375,0,0,5617,0.0143,0.104,0.073,-0.027,2.89,-4.27,614,4221,2911,0,0
169.34,4,13266.7,585.8,0.01,12969.79,84.0,0.71,0.43,-0.03,1.0,0.0,1.0,2,4082,927.1,1.76,-0.51,0.31,3.04,1733,298,3122,-0.011,-0.053,0.035,-0.065,0.77,-6.39,608,1843,488,0,0,2544,-0.0199,-0.018,0.041,-0.059,1.03,-6.13,609,1704,525,0,0,6460,0.0242,0.016,0.067,-0.033,2.48,-4.69,618,4771,2948,0,0,5704,0.0153,0.051,0.058,-0.042,2.49,-4.67,626,4388,2619,0,0
169.36,4,13267.1,586.25,0.01,12969.89,84.5,0.74,0.37,-0.03,1.0,0.0,1.0,2,4098,929.6,1.76,-0.5,0.32,0.56,1753,302,3122,-0.011,0.0,0.035,-0.065,0.62,-6.54,611,1891,406,0,0,2537,-0.02,-0.006,0.04,-0.06,0.87,-6.29,611,1693,458,0,0,6487,0.0245,0.016,0.051,-0.049,2.11,-5.05,627,4779,2607,0,0,5721,0.0155,0.01,0.068,-0.032,2.11,-5.05,621,4490,2290,0,0
169.38,4,13267.6,586.71,0.01,12970.0,85.0,0.74,0.32,-0.03,1.0,0.0,1.0,2,4117,932.3,1.77,-0.48,0.33,-1.44,1777,305,3169,-0.0102,0.036,0.036,-0.064,0.52,-6.64,614,1874,362,0,0,2553,-0.0197,0.013,0.037,-0.063,0.76,-6.4,615,1604,416,0,0,6508,0.0247,0.013,0.063,-0.037,1.76,-5.41,622,4904,2236,0,0,5703,0.0153,-0.011,0.05,-0.05,1.76,-5.4,631,4341,1984,0,0
169.4,4,13268.1,587.18,0.01,12970.1,85.5,0.74,0.27,-0.03,1.0,0.0,1.0,2,4135,935.1,1.77,-0.46,0.34,-2.98,1804,309,3232,-0.0093,0.049,0.036,-0.064,0.39,-6.77,616,1954,295,0,0,2592,-0.0191,0.03,0.035,-0.065,0.63,-6.53,617,1557,366,0,0,6508,0.0247,0.0,0.049,-0.051,1.44,-5.72,632,4884,1893,0,0,5671,0.0149,-0.019,0.061,-0.039,1.4,-5.76,626,4390,1621,0,0
169.42,4,13268.6,587.64,0.01,12970.21,86.1,0.74,0.23,-0.03,1.0,0.0,1.0,2,4155,938.2,1.78,-0.43,0.34,-4.11,1829,313,3304,-0.0082,0.056,0.035,-0.065,0.35,-6.81,620,1945,276,0,0,2647,-0.0183,0.043,0.033,-0.067,0.53,-6.63,622,1504,326,0,0,6492,0.0245,-0.01,0.062,-0.038,1.13,-6.03,626,5063,1520,0,0,5633,0.0144,-0.023,0.046,-0.054,1.13,-6.03,637,4252,1339,0,0
169.44,4,13269.0,588.11,0.01,12970.31,86.6,0.74,0.19,-0.02,1.0,0.0,1.0,2,4180,941.9,1.78,-0.41,0.33,-5.0,1855,317,3366,-0.0072,0.048,0.034,-0.066,0.25,-6.91,623,1955,224,0,0,2710,-0.0173,0.048,0.033,-0.067,0.47,-6.69,626,1501,304,0,0,6473,0.0243,-0.011,0.047,-0.053,0.91,-6.25,639,4897,1249,0,0,5615,0.0142,-0.011,0.06,-0.04,0.85,-6.31,632,4375,1038,0,0
169.46,4,13269.5,588.59,0.01,12970.42,87.1,0.74,0.15,-0.02,1.0,0.0,1.0,2,4204,945.6,1.79,-0.39,0.3,-5.66,1882,320,3411,-0.0065,0.035,0.034,-0.066,0.18,-6.99,626,1970,179,0,0,2785,-0.0162,0.058,0.032,-0.068,0.32,-6.84,628,1536,234,0,0,6438,0.0239,-0.021,0.061,-0.039,0.67,-6.49,634,5049,950,0,0,5619,0.0143,0.002,0.045,-0.055,0.66,-6.5,645,4247,829,0,0
169.48,4,13270.0,589.06,0.01,12970.52,87.6,0.74,0.11,-0.02,1.0,0.0,1.0,2,4229,949.4,1.79,-0.37,0.26,-6.11,1908,324,3439,-0.0061,0.021,0.034,-0.066,0.06,-7.1,630,1982,108,0,0,2868,-0.0149,0.064,0.031,-0.069,0.24,-6.92,632,1551,194,0,0,6388,0.0233,-0.029,0.048,-0.052,0.46,-6.7,646,4978,687,0,0,5641,0.0145,0.013,0.058,-0.042,0.45,-6.72,641,4344,601,0,0
169.5,4,13270.5,589.54,0.01,12970.63,88.1,0.74,0.08,-0.02,1.0,0.0,1.0,2,4254,953.2,1.8,-0.36,0.22,-6.39,1934,328,3451,-0.0059,0.01,0.034,-0.066,-0.15,-7.01,633,2002,-36,0,0,2950,-0.0136,0.064,0.03,-0.07,0.13,-7.03,636,1562,136,0,0,6333,0.0227,-0.032,0.049,-0.051,0.27,-6.89,650,4983,450,0,0,5678,0.015,0.022,0.057,-0.043,0.25,-6.91,644,4379,385,0,0
169.52,4,13271.0,590.02,0.01,12970.73,88.7,0.75,0.04,-0.02,1.0,0.0,1.0,2,4276,956.7,1.81,-0.35,0.18,-6.51,1960,332,3444,-0.006,-0.006,0.034,-0.066,-0.23,-6.93,637,2008,-99,0,0,3027,-0.0124,0.059,0.03,-0.07,-0.03,-7.14,640,1580,44,0,0,6277,0.022,-0.033,0.05,-0.05,0.02,-7.14,654,5046,150,0,0,5731,0.0156,0.031,0.057,-0.043,0.06,-7.1,648,4415,175,0,0
169.54,4,13271.5,590.5,0.01,12970.84,89.2,0.75,0.0,-0.02,1.0,0.0,1.0,2,4304,961.0,1.81,-0.34,0.14,-6.53,1988,336,3436,-0.0061,-0.006,0.034,-0.066,-0.38,-6.78,641,2006,-201,0,0,3089,-0.0115,0.048,0.029,-0.071,-0.18,-6.98,642,1608,-59,0,0,6230,0.0215,-0.027,0.049,-0.051,-0.03,-7.14,659,4923,60,0,0,5776,0.0161,0.027,0.058,-0.042,-0.11,-7.06,652,4483,-22,0,0
169.56,4,13272.0,590.99,0.01,12970.95,89.7,0.75,-0.03,-0.03,1.0,0.0,1.0,2,4333,965.5,1.82,-0.34,0.1,-6.53,2012,340,3417,-0.0064,-0.015,0.035,-0.065,-0.55,-6.61,645,2019,-322,0,0,3151,-0.0105,0.048,0.029,-0.071,-0.32,-6.84,647,1630,-153,0,0,6165,0.0207,-0.038,0.051,-0.049,-0.2,-6.96,663,5012,-135,0,0,5817,0.0166,0.024,0.058,-0.042,-0.15,-7.02,657,4501,-83,0,0
169.58,4,13272.5,591.48,0.01,12971.06,90.3,0.75,-0.05,-0.03,1.0,0.0,1.0,2,4362,970.0,1.83,-0.34,0.05,-6.56,2037,344,3388,-0.0069,-0.022,0.035,-0.065,-0.74,-6.42,649,2018,-450,0,0,3205,-0.0097,0.041,0.029,-0.071,-0.49,-6.67,651,1655,-266,0,0,6114,0.0201,-0.03,0.051,-0.049,-0.25,-6.91,668,4943,-212,0,0,5874,0.0173,0.034,0.058,-0.042,-0.25,-6.91,661,4570,-204,0,0
169.6,4,13273.0,591.97,0.01,12971.16,90.8,0.76,-0.09,-0.03,1.0,0.0,1.0,2,4387,973.8,1.83,-0.34,0.01,-6.6,2063,348,3354,-0.0074,-0.026,0.037,-0.063,-0.98,-6.18,653,2044,-607,0,0,3253,-0.009,0.037,0.029,-0.071,-0.71,-6.45,654,1680,-416,0,0,6061,0.0195,-0.031,0.052,-0.048,-0.35,-6.81,672,4941,-323,0,0,5929,0.0179,0.032,0.06,-0.04,-0.41,-6.76,665,4678,-376,0,0
169.62,4,13273.5,592.47,0.01,12971.27,91.3,0.76,-0.12,-0.04,1.0,0.0,1.0,2,4417,978.5,1.84,-0.33,-0.04,-6.67,2088,352,3318,-0.008,-0.028,0.036,-0.064,-1.17,-5.99,658,1985,-733,0,0,3295,-0.0083,0.032,0.03,-0.07,-0.9,-6.27,659,1726,-552,0,0,6007,0.0188,-0.031,0.053,-0.047,-0.46,-6.7,676,4955,-443,0,0,5977,0.0185,0.029,0.059,-0.041,-0.42,-6.74,669,4654,-417,0,0
169.64,4,13274.0,592.97,0.01,12971.39,91.9,0.77,-0.15,-0.04,1.0,0.0,1.0,2,4443,982.5,1.84,-0.34,-0.09,-6.88,2109,356,3274,-0.0086,-0.033,0.039,-0.061,-1.51,-5.65,661,2046,-932,0,0,3343,-0.0076,0.037,0.03,-0.07,-1.09,-6.07,663,1716,-692,0,0,5942,0.0181,-0.039,0.053,-0.047,-0.51,-6.65,681,4884,-503,0,0,6032,0.0191,0.032,0.061,-0.039,-0.6,-6.56,673,4824,-605,0,0
169.66,4,13274.5,593.47,0.01,12971.5,92.4,0.76,-0.18,-0.05,1.0,0.0,1.0,2,4472,987.0,1.85,-0.34,-0.13,-7.09,2131,361,3228,-0.0093,-0.035,0.039,-0.061,-1.72,-5.44,666,1971,-1055,0,0,3393,-0.0068,0.039,0.03,-0.07,-1.3,-5.86,667,1734,-842,0,0,5894,0.0175,-0.028,0.056,-0.044,-0.66,-6.5,685,4946,-650,0,0,6110,0.0201,0.046,0.059,-0.041,-0.59,-6.57,677,4727,-621,0,0
169.68,4,13275.0,593.97,0.01,12971.61,92.9,0.77,-0.21,-0.05,1.0,0.0,1.0,2,4499,991.2,1.86,-0.35,-0.17,-7.38,2154,365,3186,-0.01,-0.032,0.042,-0.058,-2.07,-5.1,669,2026,-1235,0,0,3433,-0.0062,0.03,0.031,-0.069,-1.56,-5.6,671,1756,-1028,0,0,5869,0.0172,-0.015,0.055,-0.045,-0.69,-6.47,690,4894,-685,0,0,6191,0.021,0.048,0.059,-0.041,-0.66,-6.5,682,4791,-697,0,0
169.7,4,13275.6,594.48,0.01,12971.73,93.5,0.76,-0.24,-0.06,1.0,0.0,1.0,2,4531,992.4,1.87,-0.35,-0.2,-7.74,2181,369,3153,-0.0105,-0.025,0.041,-0.059,-2.26,-4.9,675,1924,-1348,0,0,3473,-0.0056,0.031,0.031,-0.069,-1.75,-5.41,676,1772,-1174,0,0,5849,0.017,-0.012,0.062,-0.038,-0.73,-6.43,690,4906,-730,0,0,6266,0.0219,0.044,0.053,-0.047,-0.74,-6.43,690,4773,-796,0,0
169.72,4,13276.1,594.99,0.01,12971.85,94.0,0.77,-0.26,-0.06,1.0,0.0,1.0,2,4557,993.1,1.87,-0.35,-0.24,-8.21,2209,373,3116,-0.0111,-0.029,0.043,-0.057,-2.58,-4.58,680,1913,-1497,0,0,3508,-0.005,0.027,0.034,-0.066,-2.04,-5.13,680,1842,-1363,0,0,5820,0.0166,-0.017,0.056,-0.044,-0.82,-6.34,698,4885,-816,0,0,6333,0.0227,0.039,0.06,-0.04,-0.84,-6.33,690,4925,-913,0,0
169.74,4,13276.6,595.5,0.01,12971.96,94.6,0.76,-0.29,-0.07,1.0,0.0,1.0,2,4589,993.8,1.88,-0.35,-0.27,-8.74,2234,378,3085,-0.0115,-0.024,0.046,-0.054,-2.88,-4.28,684,1926,-1633,0,0,3548,-0.0044,0.031,0.033,-0.067,-2.23,-4.93,685,1808,-1511,0,0,5771,0.0161,-0.029,0.057,-0.043,-0.91,-6.25,702,4884,-896,0,0,6377,0.0232,0.026,0.059,-0.041,-0.9,-6.27,694,4917,-990,0,0
169.76,4,13277.1,596.01,0.01,12972.09,95.1,0.76,-0.32,-0.07,1.0,0.0,1.0,2,4619,994.5,1.89,-0.35,-0.31,-9.34,2259,382,3060,-0.0119,-0.019,0.046,-0.054,-3.16,-4.0,689,1874,-1757,0,0,3584,-0.0039,0.027,0.034,-0.066,-2.48,-4.68,690,1837,-1682,0,0,5734,0.0156,-0.022,0.058,-0.042,-0.98,-6.18,707,4860,-962,0,0,6419,0.0237,0.025,0.06,-0.04,-1.0,-6.16,698,4969,-1111,0,0
169.78,4,13277.7,596.53,0.01,12972.21,95.6,0.76,-0.35,-0.08,1.0,0.0,1.0,2,4648,995.2,1.89,-0.36,-0.35,-9.98,2281,386,3025,-0.0125,-0.027,0.048,-0.052,-3.46,-3.7,694,1854,-1870,0,0,3620,-0.0033,0.028,0.035,-0.065,-2.74,-4.42,694,1849,-1854,0,0,5696,0.0152,-0.022,0.059,-0.041,-1.1,-6.06,711,4865,-1063,0,0,6473,0.0243,0.032,0.06,-0.04,-1.09,-6.07,702,4993,-1224,0,0
169.8,4,13278.2,597.05,0.01,12972.33,96.2,0.76,-0.38,-0.09,1.0,0.0,1.0,2,4678,995.9,1.9,-0.36,-0.39,-10.65,2308,391,2990,-0.013,-0.027,0.049,-0.051,-3.76,-3.4,699,1814,-1974,0,0,3656,-0.0028,0.028,0.036,-0.064,-2.98,-4.18,698,1848,-2019,0,0,5668,0.0148,-0.016,0.06,-0.04,-1.17,-5.99,715,4847,-1127,0,0,6539,0.0251,0.038,0.059,-0.041,-1.15,-6.01,707,4980,-1312,0,0
169.82,4,13278.7,597.57,0.01,12972.46,96.7,0.76,-0.41,-0.09,1.0,0.0,1.0,2,4705,996.5,1.91,-0.36,-0.43,-11.39,2335,395,2952,-0.0136,-0.029,0.052,-0.048,-4.1,-3.06,703,1819,-2069,0,0,3695,-0.0022,0.03,0.038,-0.062,-3.27,-3.89,703,1867,-2205,0,0,5627,0.0144,-0.024,0.061,-0.039,-1.28,-5.89,719,4852,-1216,0,0,6597,0.0258,0.035,0.061,-0.039,-1.33,-5.83,710,5074,-1510,0,0
169.84,4,13279.3,598.09,0.01,12972.59,97.2,0.75,-0.44,-0.1,1.0,0.0,1.0,2,4738,997.1,1.91,-0.37,-0.48,-12.16,2360,399,2899,-0.0144,-0.041,0.054,-0.046,-4.43,-2.74,708,1770,-2144,0,0,3731,-0.0016,0.028,0.039,-0.061,-3.53,-3.63,708,1875,-2367,0,0,5577,0.0138,-0.029,0.063,-0.037,-1.37,-5.8,724,4844,-1284,0,0,6665,0.0266,0.04,0.06,-0.04,-1.36,-5.8,715,5035,-1573,0,0
169.86,4,13279.8,598.62,0.01,12972.73,97.8,0.75,-0.46,-0.11,1.0,0.0,1.0,2,4768,997.7,1.92,-0.36,-0.52,-12.97,2389,403,2850,-0.0152,-0.038,0.058,-0.042,-4.8,-2.36,714,1759,-2212,0,0,3772,-0.001,0.032,0.04,-0.06,-3.79,-3.37,712,1887,-2527,0,0,5520,0.0131,-0.034,0.064,-0.036,-1.52,-5.65,729,4834,-1399,0,0,6726,0.0273,0.036,0.061,-0.039,-1.47,-5.7,719,5128,-1696,0,0
169.88,4,13280.4,599.15,0.01,12972.86,98.3,0.74,-0.49,-0.11,1.0,0.0,1.0,2,4803,998.4,1.93,-0.36,-0.55,-13.78,2415,408,2812,-0.0157,-0.029,0.06,-0.04,-5.09,-2.07,719,1725,-2263,0,0,3812,-0.0004,0.03,0.041,-0.059,-4.05,-3.11,718,1910,-2682,0,0,5455,0.0123,-0.038,0.066,-0.034,-1.62,-5.55,734,4804,-1468,0,0,6761,0.0277,0.021,0.061,-0.039,-1.59,-5.57,725,5135,-1845,0,0
169.9,4,13280.9,599.68,0.01,12973.0,98.8,0.75,-0.51,-0.12,1.0,0.0,1.0,2,4834,999.0,1.94,-0.36,-0.59,-14.55,2439,412,2781,-0.0162,-0.024,0.064,-0.036,-5.44,-1.72,723,1731,-2312,0,0,3845,0.0002,0.026,0.043,-0.057,-4.39,-2.77,722,1949,-2855,0,0,5402,0.0117,-0.031,0.067,-0.033,-1.74,-5.42,739,4794,-1552,0,0,6793,0.0281,0.019,0.062,-0.038,-1.74,-5.43,729,5195,-2011,0,0
169.92,4,13281.5,600.21,0.01,12973.14,99.3,0.75,-0.54,-0.12,1.0,0.0,1.0,2,4864,999.5,1.94,-0.36,-0.62,-15.27,2463,417,2749,-0.0167,-0.025,0.067,-0.033,-5.87,-1.29,728,1711,-2370,0,0,3882,0.0007,0.029,0.045,-0.055,-4.63,-2.53,727,1939,-2992,0,0,5357,0.0112,-0.026,0.069,-0.031,-1.88,-5.29,743,4768,-1650,0,0,6839,0.0286,0.027,0.062,-0.038,-1.85,-5.31,734,5180,-2160,0,0
169.94,4,13282.0,600.75,0.01,12973.28,99.8,0.75,-0.57,-0.13,1.0,0.0,1.0,2,4893,1000.0,1.95,-0.36,-0.64,-15.89,2486,421,2726,-0.0171,-0.018,0.07,-0.03,-6.21,-0.95,732,1691,-2411,0,0,3912,0.0012,0.023,0.046,-0.054,-4.97,-2.19,731,1954,-3150,0,0,5332,0.0109,-0.015,0.072,-0.028,-2.08,-5.08,748,4771,-1797,0,0,6882,0.0291,0.025,0.062,-0.038,-1.97,-5.19,738,5177,-2305,0,0
169.96,4,13282.6,601.29,0.01,12973.43,100.4,0.74,-0.61,-0.14,1.0,0.0,1.0,2,4923,1000.5,1.96,-0.36,-0.66,-16.48,2512,425,2715,-0.0172,-0.008,0.069,-0.031,-6.5,-0.66,737,1621,-2469,0,0,3944,0.0017,0.025,0.048,-0.052,-5.24,-1.92,736,1954,-3279,0,0,5324,0.0108,-0.005,0.083,-0.017,-2.13,-5.03,743,4784,-1839,0,0,6930,0.0297,0.028,0.051,-0.049,-2.09,-5.08,751,5063,-2466,0,0
169.98,4,13283.1,601.83,0.01,12973.58,100.9,0.74,-0.63,-0.14,1.0,0.0,1.0,2,4955,1001.0,1.97,-0.37,-0.69,-16.99,2539,430,2700,-0.0175,-0.012,0.072,-0.028,-6.85,-0.31,743,1617,-2501,0,0,3968,0.002,0.019,0.048,-0.052,-5.5,-1.66,741,1925,-3395,0,0,5318,0.0107,-0.003,0.072,-0.028,-2.22,-4.94,756,4727,-1917,0,0,6976,0.0302,0.027,0.063,-0.037,-2.19,-4.97,747,5200,-2588,0,0
170.0,4,13283.7,602.37,0.01,12973.73,101.4,0.74,-0.64,-0.15,1.0,0.0,1.0,2,4986,1001.5,1.97,-0.36,-0.72,-17.47,2568,434,2680,-0.0178,-0.015,0.076,-0.024,-7.31,0.15,747,1623,-2526,0,0,3997,0.0025,0.022,0.051,-0.049,-5.83,-1.34,746,1945,-3519,0,0,5299,0.0105,-0.011,0.076,-0.024,-2.37,-4.79,761,4777,-2008,0,0,7020,0.0308,0.026,0.064,-0.036,-2.29,-4.87,751,5233,-2713,0,0
170.02,4,13284.3,602.91,0.01,12973.89,101.9,0.73,-0.67,-0.16,1.0,0.0,1.0,2,5016,1001.9,1.98,-0.36,-0.74,-17.98,2591,438,2664,-0.018,-0.012,0.081,-0.019,-7.64,0.48,752,1633,-2535,0,0,4039,0.0031,0.033,0.052,-0.048,-6.12,-1.04,751,1942,-3645,0,0,5255,0.01,-0.026,0.08,-0.02,-2.64,-4.52,765,4783,-2160,0,0,7052,0.0311,0.019,0.065,-0.035,-2.43,-4.73,755,5266,-2866,0,0
170.04,4,13284.8,603.46,0.01,12974.05,102.4,0.73,-0.69,-0.16,1.0,0.0,1.0,2,5048,1002.3,1.99,-0.37,-0.77,-18.32,2614,443,2643,-0.0183,-0.017,0.082,-0.018,-8.04,0.88,758,1581,-2563,0,0,4066,0.0036,0.021,0.053,-0.047,-6.46,-0.71,755,1934,-3759,0,0,5240,0.0098,-0.009,0.09,-0.01,-2.65,-4.51,761,4759,-2177,0,0,7101,0.0317,0.029,0.054,-0.046,-2.55,-4.61,768,5174,-3033,0,0
170.06,4,13285.4,604.01,0.01,12974.21,102.9,0.73,-0.71,-0.17,1.0,0.0,1.0,2,5076,1002.7,1.99,-0.37,-0.79,-18.63,2643,447,2625,-0.0186,-0.014,0.085,-0.015,-8.39,1.23,763,1576,-2567,0,0,4094,0.004,0.021,0.056,-0.044,-6.85,-0.31,759,1959,-3868,0,0,5238,0.0098,-0.001,0.077,-0.023,-2.66,-4.51,774,4676,-2208,0,0,7159,0.0324,0.034,0.066,-0.034,-2.6,-4.56,764,5335,-3098,0,0
170.08,4,13286.0,604.56,0.01,12974.38,103.4,0.72,-0.73,-0.18,1.0,0.0,1.0,2,5109,1003.1,2.0,-0.37,-0.82,-18.98,2668,451,2608,-0.0189,-0.013,0.089,-0.011,-8.85,1.69,768,1560,-2578,0,0,4129,0.0045,0.027,0.057,-0.043,-7.14,-0.02,764,1932,-3972,0,0,5212,0.0095,-0.016,0.079,-0.021,-2.76,-4.4,779,4672,-2260,0,0,7201,0.0329,0.025,0.067,-0.033,-2.75,-4.42,768,5364,-3257,0,0
170.1,4,13286.6,605.11,0.01,12974.55,103.9,0.72,-0.75,-0.19,1.0,0.0,1.0,2,5140,1003.4,2.01,-0.36,-0.85,-19.31,2696,456,2589,-0.0192,-0.014,0.093,-0.007,-9.27,2.11,774,1548,-2579,0,0,4169,0.0051,0.03,0.06,-0.04,-7.56,0.39,768,1954,-4078,0,0,5184,0.0092,-0.016,0.08,-0.02,-2.86,-4.3,784,4660,-2310,0,0,7249,0.0335,0.028,0.068,-0.032,-2.82,-4.35,773,5398,-3351,0,0
170.12,4,13287.1,605.66,0.01,12974.73,104.4,0.72,-0.77,-0.19,1.0,0.0,1.0,2,5170,1003.7,2.02,-0.36,-0.88,-19.64,2720,460,2576,-0.0194,-0.01,0.098,-0.002,-9.79,2.62,778,1548,-2579,0,0,4213,0.0058,0.034,0.06,-0.04,-7.82,0.66,773,1937,-4173,0,0,5150,0.0088,-0.02,0.082,-0.018,-3.02,-4.14,788,4629,-2390,0,0,7290,0.0339,0.024,0.07,-0.03,-3.0,-4.17,777,5485,-3529,0,0
170.14,4,13287.7,606.21,0.01,12974.9,104.8,0.72,-0.79,-0.2,1.0,0.0,1.0,2,5198,1004.0,2.02,-0.37,-0.91,-19.8,2743,464,2562,-0.0196,-0.011,0.101,0.001,-10.19,3.03,783,1527,-2582,0,0,4251,0.0064,0.029,0.062,-0.038,-8.21,1.05,777,1934,-4267,0,0,5135,0.0086,-0.008,0.095,-0.005,-3.13,-4.03,783,4664,-2433,0,0,7344,0.0346,0.032,0.058,-0.042,-3.07,-4.09,790,5359,-3671,0,0
170.16,4,13288.3,606.77,0.01,12975.09,105.3,0.72,-0.81,-0.21,1.0,0.0,1.0,2,5227,1004.3,2.03,-0.37,-0.93,-19.89,2770,469,2547,-0.0198,-0.012,0.103,0.003,-10.63,3.47,788,1503,-2584,0,0,4286,0.0069,0.027,0.064,-0.036,-8.57,1.41,781,1930,-4349,0,0,5133,0.0086,-0.002,0.083,-0.017,-3.13,-4.03,796,4596,-2465,0,0,7407,0.0353,0.037,0.071,-0.029,-3.13,-4.03,785,5490,-3738,0,0
170.18,4,13288.9,607.33,0.01,12975.27,105.8,0.71,-0.82,-0.22,1.0,0.0,1.0,2,5258,1004.5,2.04,-0.37,-0.96,-19.97,2799,473,2527,-0.0201,-0.015,0.107,0.007,-11.09,3.92,794,1488,-2573,0,0,4322,0.0075,0.028,0.066,-0.034,-9.0,1.84,785,1937,-4429,0,0,5118,0.0084,-0.008,0.084,-0.016,-3.22,-3.94,801,4589,-2506,0,0,7465,0.036,0.034,0.071,-0.029,-3.18,-3.99,789,5514,-3812,0,0
170.2,4,13289.5,607.89,0.01,12975.46,106.3,0.71,-0.83,-0.23,1.0,0.0,1.0,2,5289,1004.8,2.04,-0.37,-0.98,-20.06,2825,477,2510,-0.0204,-0.014,0.112,0.012,-11.57,4.41,799,1488,-2555,0,0,4358,0.008,0.027,0.068,-0.032,-9.39,2.23,790,1940,-4499,0,0,5093,0.0081,-0.015,0.086,-0.014,-3.34,-3.82,805,4585,-2555,0,0,7510,0.0365,0.026,0.072,-0.028,-3.26,-3.91,794,5574,-3900,0,0
170.22,4,13290.1,608.45,0.01,12975.66,106.8,0.7,-0.84,-0.24,1.0,0.0,1.0,2,5319,1005.0,2.05,-0.37,-1.0,-20.08,2851,481,2495,-0.0206,-0.011,0.116,0.016,-12.11,4.94,804,1465,-2551,0,0,4384,0.0084,0.02,0.071,-0.029,-9.79,2.63,794,1949,-4552,0,0,5075,0.0079,-0.011,0.099,-0.001,-3.4,-3.76,801,4613,-2558,0,0,7545,0.0369,0.021,0.061,-0.039,-3.34,-3.82,807,5516,-4020,0,0
170.24,4,13290.7,609.01,0.01,12975.86,107.2,0.7,-0.85,-0.25,1.0,0.0,1.0,2,5347,1005.2,2.06,-0.37,-1.01,-20.01,2874,486,2483,-0.0208,-0.009,0.12,0.02,-12.63,5.46,809,1450,-2546,0,0,4404,0.0088,0.015,0.074,-0.026,-10.3,3.14,798,1969,-4594,0,0,5062,0.0077,-0.008,0.091,-0.009,-3.59,-3.57,814,4596,-2650,0,0,7573,0.0373,0.016,0.074,-0.026,-3.41,-3.75,802,5652,-4071,0,0
170.26,4,13291.3,609.57,0.01,12976.06,107.7,0.7,-0.86,-0.26,1.0,0.0,1.0,2,5373,1005.3,2.06,-0.37,-1.02,-19.89,2906,490,2477,-0.0209,-0.005,0.124,0.024,-13.22,6.05,814,1436,-2545,0,0,4418,0.009,0.011,0.076,-0.024,-10.73,3.57,802,1952,-4635,0,0,5067,0.0078,0.003,0.1,0.0,-3.49,-3.67,809,4595,-2617,0,0,7605,0.0376,0.019,0.063,-0.037,-3.43,-3.73,814,5567,-4137,0,0
170.28,4,13291.9,610.14,0.01,12976.27,108.2,0.69,-0.86,-0.27,1.0,0.0,1.0,2,5402,1005.5,2.07,-0.36,-1.04,-19.87,2933,494,2478,-0.0209,0.001,0.129,0.029,-13.78,6.62,818,1428,-2550,0,0,4437,0.0093,0.014,0.08,-0.02,-11.19,4.03,806,1968,-4665,0,0,5045,0.0075,-0.013,0.09,-0.01,-3.54,-3.62,822,4565,-2633,0,0,7606,0.0377,0.001,0.076,-0.024,-3.56,-3.6,810,5728,-4206,0,0
170.3,4,13292.5,610.7,0.01,12976.48,108.6,0.69,-0.87,-0.28,1.0,0.0,1.0,2,5431,1005.6,2.08,-0.36,-1.04,-19.86,2959,498,2473,-0.021,-0.004,0.132,0.032,-14.33,7.17,823,1415,-2548,0,0,4464,0.0097,0.021,0.082,-0.018,-11.59,4.42,810,1966,-4705,0,0,5014,0.0072,-0.018,0.106,0.006,-3.77,-3.39,817,4612,-2680,0,0,7617,0.0378,0.007,0.064,-0.036,-3.55,-3.61,823,5616,-4240,0,0
170.32,4,13293.1,611.27,0.01,12976.69,109.1,0.69,-0.88,-0.29,1.0,0.0,1.0,2,5460,1005.7,2.08,-0.36,-1.04,-19.71,2984,502,2476,-0.0209,0.003,0.139,0.039,-15.0,7.84,827,1420,-2547,0,0,4468,0.0097,0.004,0.084,-0.016,-12.09,4.92,815,1955,-4723,0,0,5010,0.0071,-0.002,0.092,-0.008,-3.72,-3.45,830,4530,-2704,0,0,7615,0.0378,-0.001,0.077,-0.023,-3.6,-3.57,818,5735,-4243,0,0
170.34,4,13293.7,611.83,0.01,12976.91,109.5,0.69,-0.89,-0.3,1.0,0.0,1.0,2,5484,1005.8,2.09,-0.36,-1.05,-19.56,3009,507,2484,-0.0208,0.006,0.142,0.042,-15.55,8.38,831,1413,-2557,0,0,4472,0.0098,0.003,0.088,-0.012,-12.56,5.4,818,1980,-4723,0,0,5011,0.0071,0.001,0.103,0.003,-3.69,-3.47,825,4558,-2681,0,0,7611,0.0377,-0.002,0.069,-0.031,-3.78,-3.39,830,5722,-4391,0,0
170.36,4,13294.3,612.4,0.01,12977.14,110.0,0.68,-0.88,-0.32,1.0,0.0,1.0,2,5513,1005.4,2.1,-0.36,-1.05,-19.27,3032,511,2469,-0.021,-0.011,0.147,0.047,-16.22,9.06,837,1398,-2541,0,0,4480,0.0099,0.006,0.092,-0.008,-13.17,6.01,822,1971,-4738,0,0,5004,0.007,-0.004,0.094,-0.006,-3.83,-3.33,838,4530,-2750,0,0,7633,0.038,0.013,0.078,-0.022,-3.67,-3.49,826,5765,-4321,0,0
170.38,4,13294.9,612.97,0.01,12977.36,110.4,0.68,-0.89,-0.33,1.0,0.0,1.0,2,5536,1004.5,2.1,-0.37,-1.05,-19.02,3055,515,2467,-0.021,-0.001,0.153,0.053,-16.83,9.67,840,1402,-2533,0,0,4485,0.01,0.004,0.096,-0.004,-13.62,6.45,825,1991,-4737,0,0,5010,0.0071,0.003,0.105,0.005,-3.8,-3.36,833,4568,-2727,0,0,7649,0.0382,0.009,0.068,-0.032,-3.74,-3.43,838,5712,-4399,0,0
170.4,4,13295.5,613.54,0.01,12977.6,110.9,0.68,-0.89,-0.34,1.0,0.0,1.0,2,5559,1003.6,2.11,-0.37,-1.05,-18.67,3080,519,2457,-0.0212,-0.008,0.155,0.055,-17.52,10.36,844,1362,-2536,0,0,4483,0.01,-0.002,0.095,-0.005,-14.17,7.01,829,1913,-4762,0,0,5023,0.0073,0.008,0.098,-0.002,-3.92,-3.24,844,4586,-2779,0,0,7671,0.0384,0.013,0.08,-0.02,-3.68,-3.48,832,5863,-4331,0,0
170.42,4,13296.2,614.11,0.01,12977.83,111.3,0.67,-0.9,-0.36,1.0,0.0,1.0,2,5583,1002.6,2.11,-0.37,-1.04,-18.33,3108,523,2463,-0.0211,0.005,0.159,0.059,-18.22,11.06,847,1349,-2545,0,0,4472,0.0098,-0.008,0.1,0.0,-14.77,7.61,833,1928,-4741,0,0,5045,0.0075,0.013,0.103,0.003,-3.78,-3.38,840,4564,-2759,0,0,7671,0.0384,0.0,0.069,-0.031,-3.69,-3.47,844,5789,-4363,0,0
170.44,4,13296.8,614.69,0.01,12978.07,111.8,0.66,-0.9,-0.37,1.0,0.0,1.0,2,5608,1001.6,2.12,-0.36,-1.03,-18.1,3136,527,2476,-0.0209,0.009,0.166,0.066,-18.96,11.79,852,1359,-2550,0,0,4470,0.0098,-0.002,0.107,0.007,-15.33,8.17,837,1979,-4714,0,0,5044,0.0075,0.0,0.092,-0.008,-3.79,-3.37,852,4526,-2781,0,0,7652,0.0382,-0.011,0.08,-0.02,-3.71,-3.45,839,5845,-4345,0,0
170.46,4,13297.4,615.26,0.01,12978.32,112.2,0.65,-0.89,-0.39,1.0,0.0,1.0,2,5635,1000.5,2.13,-0.36,-1.03,-17.85,3158,531,2486,-0.0208,0.008,0.17,0.07,-19.67,12.51,855,1356,-2558,0,0,4465,0.0097,-0.004,0.108,0.008,-15.9,8.74,841,1929,-4723,0,0,5035,0.0074,-0.005,0.108,0.008,-3.89,-3.27,848,4617,-2764,0,0,7623,0.0379,-0.017,0.07,-0.03,-3.74,-3.42,853,5774,-4375,0,0
170.48,4,13298.0,615.83,0.01,12978.57,112.6,0.65,-0.9,-0.41,1.0,0.0,1.0,2,5656,999.6,2.13,-0.36,-1.02,-17.61,3185,536,2494,-0.0206,0.006,0.178,0.078,-20.5,13.33,858,1366,-2558,0,0,4466,0.0097,0.0,0.112,0.012,-16.49,9.33,845,1927,-4717,0,0,5037,0.0074,0.001,0.093,-0.007,-3.81,-3.35,859,4538,-2781,0,0,7616,0.0378,-0.004,0.082,-0.018,-3.71,-3.45,846,5917,-4297,0,0
170.5,4,13298.7,616.41,0.01,12978.82,113.0,0.64,-0.9,-0.42,1.0,0.0,1.0,2,5679,998.6,2.14,-0.36,-1.03,-17.39,3207,540,2507,-0.0204,0.01,0.183,0.083,-21.19,14.03,861,1366,-2568,0,0,4467,0.0097,0.001,0.116,0.016,-17.11,9.95,848,1931,-4710,0,0,5032,0.0074,-0.003,0.105,0.005,-3.8,-3.36,854,4578,-2750,0,0,7596,0.0375,-0.012,0.072,-0.028,-3.77,-3.39,859,5820,-4366,0,0
170.52,4,13299.3,616.98,0.01,12979.08,113.5,0.64,-0.9,-0.44,1.0,0.0,1.0,2,5700,997.7,2.14,-0.35,-1.04,-17.14,3230,544,2507,-0.0204,0.0,0.189,0.089,-22.02,14.86,865,1361,-2565,0,0,4479,0.0099,0.009,0.122,0.022,-17.81,10.65,850,1953,-4706,0,0,5027,0.0073,-0.003,0.093,-0.007,-3.76,-3.4,866,4531,-2753,0,0,7606,0.0377,0.006,0.082,-0.018,-3.73,-3.43,853,5885,-4326,0,0
170.54,4,13299.9,617.56,0.01,12979.34,113.9,0.64,-0.91,-0.46,1.0,0.0,1.0,2,5715,997.0,2.14,-0.35,-1.07,-16.98,3255,548,2506,-0.0204,-0.001,0.195,0.095,-22.78,15.62,868,1354,-2562,0,0,4502,0.0103,0.018,0.122,0.022,-18.31,11.15,852,1916,-4740,0,0,5015,0.0072,-0.007,0.106,0.006,-3.74,-3.42,859,4621,-2685,0,0,7625,0.0379,0.011,0.073,-0.027,-3.83,-3.33,864,5878,-4419,0,0
170.56,4,13300.5,618.13,0.01,12979.61,114.3,0.62,-0.91,-0.47,1.0,0.0,1.0,2,5737,996.0,2.15,-0.35,-1.08,-16.75,3277,552,2492,-0.0207,-0.011,0.204,0.104,-23.66,16.5,872,1361,-2535,0,0,4537,0.0108,0.027,0.125,0.025,-19.03,11.87,855,1914,-4771,0,0,4990,0.0069,-0.015,0.096,-0.004,-3.88,-3.28,872,4523,-2774,0,0,7664,0.0383,0.023,0.081,-0.019,-3.69,-3.47,859,5892,-4340,0,0
170.58,4,13301.2,618.71,0.01,12979.88,114.7,0.63,-0.91,-0.49,1.0,0.0,1.0,2,5752,995.3,2.15,-0.34,-1.08,-16.57,3309,556,2494,-0.0206,0.001,0.209,0.109,-24.45,17.29,874,1350,-2538,0,0,4558,0.0111,0.016,0.129,0.029,-19.67,12.51,858,1914,-4786,0,0,4992,0.0069,0.001,0.103,0.003,-3.71,-3.46,865,4547,-2691,0,0,7691,0.0387,0.016,0.071,-0.029,-3.66,-3.5,870,5887,-4334,0,0
170.6,4,13301.8,619.29,0.01,12980.16,115.1,0.61,-0.9,-0.51,1.0,0.0,1.0,2,5775,994.3,2.16,-0.34,-1.08,-16.45,3331,559,2501,-0.0205,0.005,0.219,0.119,-25.34,18.17,878,1363,-2534,0,0,4577,0.0114,0.014,0.137,0.037,-20.34,13.17,861,1965,-4778,0,0,4969,0.0066,-0.014,0.094,-0.006,-3.83,-3.33,877,4482,-2754,0,0,7683,0.0386,-0.005,0.08,-0.02,-3.68,-3.48,864,5880,-4344,0,0
170.62,4,13302.5,619.87,0.01,12980.43,115.5,0.61,-0.91,-0.53,1.0,0.0,1.0,2,5793,993.4,2.16,-0.34,-1.07,-16.2,3351,563,2512,-0.0204,0.008,0.227,0.127,-26.17,19.01,880,1371,-2538,0,0,4582,0.0115,0.004,0.144,0.044,-21.13,13.97,864,1988,-4765,0,0,4971,0.0067,0.001,0.104,0.004,-3.83,-3.33,871,4513,-2743,0,0,7678,0.0385,-0.003,0.069,-0.031,-3.67,-3.5,876,5781,-4366,0,0
170.64,4,13303.1,620.44,0.01,12980.72,115.9,0.61,-0.91,-0.55,1.0,0.0,1.0,2,5807,992.7,2.17,-0.34,-1.07,-16.02,3379,567,2526,-0.0201,0.011,0.234,0.134,-27.09,19.93,882,1377,-2548,0,0,4588,0.0116,0.004,0.147,0.047,-21.71,14.55,866,1982,-4765,0,0,4989,0.0069,0.011,0.09,-0.01,-3.67,-3.49,882,4451,-2725,0,0,7685,0.0386,0.004,0.079,-0.021,-3.61,-3.56,869,5906,-4282,0,0
170.66,4,13303.8,621.02,0.01,12981.01,116.3,0.59,-0.9,-0.57,1.0,0.0,1.0,2,5826,991.8,2.17,-0.33,-1.07,-15.84,3404,571,2539,-0.0199,0.01,0.244,0.144,-27.97,20.81,884,1393,-2550,0,0,4593,0.0117,0.004,0.151,0.051,-22.45,15.29,869,1970,-4766,0,0,4988,0.0068,-0.001,0.1,0.0,-3.64,-3.52,876,4501,-2680,0,0,7674,0.0385,-0.006,0.068,-0.032,-3.62,-3.54,881,5770,-4328,0,0
170.68,4,13304.4,621.6,0.01,12981.3,116.7,0.59,-0.9,-0.59,1.0,0.0,1.0,2,5842,991.0,2.17,-0.33,-1.06,-15.66,3425,575,2548,-0.0198,0.007,0.256,0.156,-28.97,21.81,886,1410,-2547,0,0,4602,0.0118,0.007,0.157,0.057,-23.2,16.03,872,1987,-4760,0,0,4979,0.0067,-0.005,0.093,-0.007,-3.77,-3.39,887,4499,-2732,0,0,7665,0.0384,-0.005,0.079,-0.021,-3.58,-3.58,875,5868,-4263,0,0
170.7,4,13305.1,622.18,0.01,12981.59,117.1,0.58,-0.91,-0.61,0.0,1.0,1.0,2,5856,990.3,2.18,-0.33,-1.06,-15.45,3449,578,2563,-0.0196,0.012,0.267,0.167,-29.96,22.8,888,1431,-2551,0,0,4603,0.0118,0.001,0.164,0.064,-23.97,16.8,874,2010,-4742,0,0,4992,0.0069,0.008,0.099,-0.001,-3.61,-3.56,881,4481,-2684,0,0,7659,0.0383,-0.003,0.068,-0.032,-3.54,-3.62,886,5770,-4259,0,0
170.72,4,13305.7,622.76,0.01,12981.89,117.0,0.03,-0.93,-0.63,0.0,1.0,1.0,2,5387,559.7,1.45,-0.3,-1.06,-13.82,3457,578,2579,-0.0193,0.012,0.028,-0.072,-30.84,23.68,687,568,-2849,5850,0,4609,0.0119,0.005,-0.13,0.03,-24.69,17.53,656,-1358,-4948,1755,1,4994,0.0069,0.001,-0.026,-0.074,-3.53,-3.63,798,-974,-3274,3150,0,7649,0.0382,-0.006,-0.022,-0.078,-3.46,-3.7,791,-2237,-4719,3150,0
170.74,4,13306.4,623.33,0.01,12982.2,116.5,-0.69,-0.84,-0.66,0.0,1.0,1.0,2,4655,201.8,0.77,-0.23,-1.05,-11.43,3452,573,2628,-0.0186,0.038,-0.12,0.02,-32.12,24.96,589,-694,-2872,1755,1,4660,0.0127,0.039,-0.129,0.029,-25.6,18.43,635,-1599,-4926,1755,1,4949,0.0064,-0.027,-0.028,-0.072,-3.33,-3.84,766,-2168,-3038,3150,0,7606,0.0377,-0.025,-0.044,-0.056,-3.36,-3.81,768,-3762,-4472,3150,0
170.76,4,13307.0,623.9,0.01,12982.5,115.8,-1.02,-0.77,-0.69,0.0,1.0,1.0,2,4344,-214.0,0.2,-0.12,-1.03,-9.93,3451,566,2758,-0.0166,0.1,-0.168,0.068,-33.26,26.1,549,-929,-2952,1755,1,4778,0.0145,0.091,-0.153,0.053,-26.59,19.43,606,-1744,-4998,1755,1,4822,0.0049,-0.075,-0.098,-0.002,-3.13,-4.03,703,-4522,-2296,3150,0,7464,0.036,-0.084,-0.111,0.011,-3.17,-3.99,712,-6944,-3352,3150,0
170.78,4,13307.6,624.46,0.01,12982.8,114.9,-1.18,-0.66,-0.72,0.0,1.0,1.0,2,4063,-205.6,0.2,0.03,-0.97,-9.1,3456,557,2973,-0.0133,0.166,-0.22,0.12,-34.65,27.49,518,-1163,-3117,1755,1,4943,0.0171,0.127,-0.212,0.112,-27.75,20.58,564,-2230,-4992,1755,1,4624,0.0026,-0.116,-0.139,0.039,-3.05,-4.11,695,-4837,-1832,945,1,7200,0.0329,-0.155,-0.162,0.062,-3.05,-4.11,709,-7307,-2725,945,1
170.8,4,13308.3,625.02,0.01,12983.1,114.1,-1.21,-0.61,-0.75,0.0,1.0,1.0,2,4001,-198.6,0.2,0.19,-0.9,-8.37,3465,549,3251,-0.009,0.214,-0.222,0.122,-36.19,29.02,485,-1317,-3371,1755,1,5119,0.0198,0.135,-0.226,0.126,-28.81,21.65,532,-2495,-5064,1755,1,4381,-0.0003,-0.143,-0.124,0.024,-2.99,-4.17,684,-4557,-1755,945,1,6824,0.0285,-0.222,-0.117,0.017,-3.01,-4.15,667,-6961,-2571,3150,0
170.82,4,13308.9,625.57,0.01,12983.4,113.2,-1.21,-0.6,-0.79,0.0,1.0,1.0,2,3864,-196.5,0.2,0.36,-0.82,-7.86,3483,541,3563,-0.0042,0.24,-0.242,0.142,-37.68,30.52,479,-1431,-3673,1755,1,5295,0.0225,0.135,-0.246,0.146,-30.0,22.84,524,-2593,-5205,1755,1,4102,-0.0036,-0.164,-0.144,0.044,-2.96,-4.21,678,-4397,-1531,945,1,6367,0.0231,-0.269,-0.164,0.064,-3.12,-4.04,691,-6618,-2381,945,1
170.84,4,13309.5,626.11,0.01,12983.7,112.3,-1.19,-0.57,-0.82,0.0,1.0,1.0,2,3854,-192.5,0.2,0.53,-0.74,-7.76,3491,534,3880,0.0007,0.244,-0.222,0.122,-39.2,32.04,459,-1474,-4001,1755,1,5454,0.0249,0.122,-0.236,0.136,-31.25,24.09,503,-2587,-5370,1755,1,3777,-0.0074,-0.191,-0.135,0.035,-2.9,-4.26,665,-4053,-1411,945,1,5834,0.0168,-0.314,-0.126,0.026,-2.9,-4.26,661,-6110,-2103,945,1
170.86,4,13310.1,626.66,0.01,12984.0,111.5,-1.16,-0.56,-0.86,0.0,1.0,1.0,2,3745,-191.1,0.2,0.68,-0.67,-8.1,3483,526,4172,0.0052,0.224,-0.231,0.131,-40.73,33.56,459,-1488,-4304,1755,1,5585,0.0269,0.101,-0.251,0.151,-32.41,25.25,500,-2600,-5497,1755,1,3450,-0.0112,-0.192,-0.154,0.054,-2.9,-4.26,663,-3789,-1218,945,1,5298,0.0105,-0.315,-0.163,0.063,-2.84,-4.33,677,-5684,-1793,945,1
170.88,4,13310.7,627.19,0.01,12984.29,110.7,-1.14,-0.54,-0.89,0.0,1.0,1.0,2,3677,-185.0,0.2,0.81,-0.62,-8.72,3470,519,4430,0.0092,0.199,-0.211,0.111,-42.37,35.21,437,-1482,-4572,1755,1,5707,0.0288,0.094,-0.242,0.142,-33.62,26.46,478,-2577,-5627,1755,1,3152,-0.0147,-0.175,-0.158,0.058,-3.04,-4.13,634,-3513,-1097,945,1,4823,0.0049,-0.28,-0.151,0.051,-2.9,-4.26,630,-5291,-1556,945,1
170.9,4,13311.4,627.72,0.01,12984.59,109.9,-1.13,-0.52,-0.93,0.0,1.0,1.0,2,3500,-180.9,0.2,0.9,-0.58,-9.63,3444,511,4638,0.0124,0.16,-0.229,0.129,-44.08,36.92,430,-1491,-4780,1755,1,5823,0.0306,0.089,-0.263,0.163,-34.97,27.81,471,-2626,-5719,1755,1,2877,-0.018,-0.162,-0.201,0.101,-2.98,-4.19,617,-3315,-848,945,1,4426,0.0002,-0.233,-0.214,0.114,-2.96,-4.21,630,-5011,-1249,945,1
170.92,4,13312.0,628.25,0.01,12984.89,109.1,-1.12,-0.48,-0.96,0.0,1.0,1.0,2,3380,-171.0,0.2,0.96,-0.56,-10.7,3399,504,4785,0.0146,0.113,-0.222,0.122,-45.66,38.5,400,-1531,-4914,1755,1,5892,0.0317,0.053,-0.265,0.165,-36.19,29.03,445,-2679,-5760,1755,1,2676,-0.0203,-0.118,-0.22,0.12,-3.14,-4.02,577,-3133,-731,945,1,4124,-0.0033,-0.178,-0.209,0.109,-3.05,-4.11,574,-4741,-1081,945,1
170.94,4,13312.6,628.77,0.01,12985.19,108.3,-1.11,-0.45,-0.99,0.0,1.0,0.98,2,3173,-164.1,0.2,0.98,-0.54,-11.78,3344,497,4879,0.0161,0.072,-0.253,0.153,-47.27,40.1,388,-1597,-4985,1755,1,5946,0.0325,0.041,-0.293,0.193,-37.52,30.35,432,-2761,-5774,1755,1,2558,-0.0217,-0.07,-0.266,0.166,-3.35,-3.81,556,-3030,-643,945,1,3954,-0.0053,-0.1,-0.282,0.182,-3.23,-3.93,570,-4615,-921,945,1
170.96,4,13313.2,629.29,0.01,12985.48,107.5,-1.12,-0.42,-1.0,0.0,1.0,0.85,2,3043,-153.5,0.2,0.98,-0.52,-12.76,3280,489,4948,0.0171,0.054,-0.254,0.154,-49.01,41.85,355,-1659,-5033,1755,1,5980,0.033,0.026,-0.299,0.199,-38.89,31.73,404,-2824,-5772,1755,1,2537,-0.022,-0.012,-0.287,0.187,-3.47,-3.69,521,-3027,-588,945,1,3886,-0.0061,-0.04,-0.28,0.18,-3.43,-3.74,519,-4559,-871,945,1
170.98,4,13313.8,629.81,0.01,12985.78,106.6,-1.18,-0.4,-1.0,0.0,1.0,0.72,2,2915,-149.9,0.2,0.95,-0.51,-13.53,3210,481,4992,0.0178,0.034,-0.299,0.199,-49.38,42.22,344,-1851,-5019,1755,1,5986,0.0331,0.004,-0.331,0.231,-39.19,32.03,393,-2987,-5704,1755,1,2619,-0.021,0.048,-0.304,0.204,-3.65,-3.51,518,-3121,-615,945,1,3918,-0.0057,0.019,-0.318,0.218,-3.57,-3.59,528,-4601,-867,945,1
171.0,4,13314.3,630.32,0.01,12986.07,105.7,-1.23,-0.39,-1.0,0.0,1.0,0.58,2,2837,-145.4,0.2,0.92,-0.49,-13.99,3138,473,5016,0.0182,0.018,-0.329,0.229,-49.5,42.34,326,-2052,-4977,1755,1,5993,0.0332,0.006,-0.35,0.25,-39.32,32.16,379,-3144,-5639,1755,1,2754,-0.0194,0.08,-0.306,0.206,-3.81,-3.36,511,-3274,-665,945,1,4032,-0.0044,0.067,-0.32,0.22,-3.77,-3.39,518,-4724,-921,945,1
171.02,4,13314.9,630.82,0.01,12986.37,104.8,-1.28,-0.39,-1.0,0.0,1.0,0.45,2,2804,-143.4,0.2,0.87,-0.48,-14.24,3074,465,5043,0.0186,0.021,-0.344,0.244,-49.7,42.53,301,-2162,-4966,1755,1,5991,0.0332,-0.002,-0.357,0.257,-39.54,32.37,360,-3199,-5608,1755,1,2947,-0.0172,0.113,-0.298,0.198,-4.02,-3.15,501,-3481,-761,945,1,4186,-0.0026,0.091,-0.311,0.211,-3.96,-3.2,509,-4879,-1019,945,1
171.04,4,13315.5,631.32,0.01,12986.66,103.9,-1.3,-0.38,-1.0,0.0,1.0,0.32,2,2697,-136.1,0.2,0.84,-0.47,-14.23,3012,456,5053,0.0187,0.008,-0.396,0.296,-49.85,42.69,274,-2455,-4861,1755,1,5970,0.0328,-0.016,-0.389,0.289,-39.63,32.46,339,-3428,-5466,1755,1,3145,-0.0148,0.117,-0.3,0.2,-4.19,-2.97,502,-3700,-837,945,1,4344,-0.0007,0.092,-0.304,0.204,-4.16,-3.01,503,-5039,-1111,945,1
171.06,4,13316.1,631.81,0.01,12986.94,102.9,-1.33,-0.36,-1.0,0.0,1.0,0.18,2,2611,-132.7,0.2,0.8,-0.46,-13.85,2955,448,5062,0.0189,0.007,-0.494,0.394,-50.05,42.89,227,-2816,-4703,1755,1,5961,0.0327,-0.006,-0.442,0.342,-39.83,32.67,307,-3676,-5316,1755,1,3312,-0.0129,0.098,-0.275,0.175,-4.36,-2.81,515,-3857,-980,945,1,4488,0.001,0.085,-0.285,0.185,-4.28,-2.88,518,-5164,-1252,945,1
171.08,4,13316.6,632.3,0.01,12987.23,102.0,-1.34,-0.33,-1.0,0.0,1.0,0.05,2,2576,-130.3,0.2,0.78,-0.44,-12.85,2899,440,5063,0.0189,0.001,-0.602,0.502,-50.2,43.04,178,-3287,-4441,1755,1,5940,0.0324,-0.017,-0.504,0.404,-40.03,32.87,270,-4000,-5086,1755,1,3453,-0.0112,0.083,-0.216,0.116,-4.47,-2.69,556,-3908,-1274,945,1,4600,0.0023,0.066,-0.22,0.12,-4.4,-2.76,561,-5154,-1611,945,1
171.1,4,13317.2,632.78,0.01,12987.52,101.0,-1.31,-0.36,-1.0,0.0,1.0,0.05,1,2512,-127.0,0.2,0.76,-0.42,-10.93,2847,432,5074,0.0191,0.008,-0.655,0.555,-50.4,43.23,153,-3528,-4296,1755,1,5915,0.032,-0.019,-0.555,0.455,-40.26,33.1,239,-4239,-4887,1755,1,3570,-0.0098,0.069,-0.123,0.023,-4.46,-2.7,615,-3586,-1949,945,1,4670,0.0031,0.041,-0.124,0.024,-4.41,-2.75,621,-4612,-2509,945,1
171.12,4,13317.8,633.26,0.01,12987.8,100.1,-1.26,-0.38,-1.0,0.0,1.0,0.15,1,2535,-127.8,0.2,0.75,-0.41,-8.36,2794,424,5075,0.0191,0.001,-0.708,0.608,-50.51,43.35,127,-3681,-4189,1755,1,5887,0.0316,-0.022,-0.592,0.492,-40.34,33.17,217,-4408,-4722,1755,1,3652,-0.0089,0.048,-0.134,0.034,-4.33,-2.83,598,-3630,-2007,945,1,4713,0.0036,0.025,-0.142,0.042,-4.31,-2.85,600,-4704,-2465,945,1
171.14,4,13318.3,633.74,0.0,12988.08,99.2,-1.3,-0.33,-1.0,0.0,1.0,0.25,1,2657,-133.9,0.2,0.75,-0.42,-5.94,2747,416,5094,0.0194,0.014,-0.781,0.681,-50.69,43.53,93,-3896,-4047,1755,1,5886,0.0316,0.0,-0.617,0.517,-40.42,33.26,201,-4498,-4648,1755,1,3704,-0.0083,0.03,-0.199,0.099,-4.23,-2.93,550,-4036,-1599,945,1,4740,0.0039,0.016,-0.195,0.095,-4.17,-2.99,550,-5120,-1968,945,1
171.16,4,13318.9,634.2,0.01,12988.36,98.2,-1.34,-0.22,-1.0,0.0,1.0,0.34,1,2875,-145.1,0.2,0.76,-0.4,-3.98,2702,408,5097,0.0194,0.003,-0.863,0.763,-50.71,43.55,57,-4115,-3866,1755,1,5897,0.0317,0.009,-0.655,0.555,-40.56,33.4,178,-4634,-4547,1755,1,3708,-0.0082,0.003,-0.317,0.217,-4.13,-3.03,462,-4313,-1037,945,1,4754,0.0041,0.008,-0.31,0.21,-4.06,-3.1,462,-5462,-1280,945,1
171.18,4,13319.4,634.67,0.01,12988.64,97.3,-1.34,-0.15,-1.0,0.0,1.0,0.24,1,2837,-143.4,0.2,0.77,-0.37,-2.7,2655,400,5119,0.0198,0.016,-0.762,0.662,-50.83,43.67,99,-3995,-3998,1755,1,5884,0.0315,-0.01,-0.608,0.508,-40.62,33.46,200,-4522,-4624,1755,1,3708,-0.0082,0.0,-0.369,0.269,-4.03,-3.13,418,-4384,-795,945,1,4709,0.0036,-0.026,-0.375,0.275,-4.03,-3.13,426,-5496,-992,945,1
171.2,4,13319.9,635.13,0.01,12988.91,96.3,-1.33,-0.16,-1.0,0.0,1.0,0.14,1,2755,-140.1,0.2,0.79,-0.32,-1.79,2609,393,5151,0.0203,0.025,-0.767,0.667,-50.84,43.68,97,-3919,-4103,1755,1,5865,0.0312,-0.015,-0.617,0.517,-40.69,33.52,195,-4473,-4639,1755,1,3700,-0.0083,-0.005,-0.388,0.288,-4.01,-3.15,409,-4388,-741,945,1,4633,0.0027,-0.045,-0.391,0.291,-3.98,-3.19,411,-5430,-906,945,1
171.22,4,13320.5,635.58,0.01,12989.19,95.4,-1.33,-0.15,-1.0,0.0,1.0,0.04,1,2723,-138.1,0.2,0.81,-0.28,-1.01,2558,385,5210,0.0212,0.045,-0.782,0.682,-50.86,43.7,91,-4013,-4104,1755,1,5833,0.0307,-0.025,-0.636,0.536,-40.72,33.55,183,-4526,-4552,1755,1,3703,-0.0083,0.002,-0.346,0.246,-3.9,-3.26,438,-4379,-787,945,1,4517,0.0013,-0.069,-0.344,0.244,-3.91,-3.25,439,-5283,-954,945,1
171.24,4,13321.0,636.03,0.01,12989.45,94.4,-1.33,-0.16,-1.0,0.0,1.0,0.03,1,2644,-134.0,0.2,0.82,-0.23,-0.01,2513,378,5272,0.0221,0.048,-0.787,0.687,-50.87,43.71,89,-4087,-4125,1755,1,5807,0.0303,-0.019,-0.661,0.561,-40.74,33.57,169,-4601,-4455,1755,1,3715,-0.0081,0.007,-0.248,0.148,-3.82,-3.34,498,-4314,-1036,945,1,4415,0.0001,-0.06,-0.237,0.137,-3.82,-3.34,505,-5059,-1273,945,1
171.26,4,13321.5,636.48,0.01,12989.72,93.5,-1.3,-0.19,-1.0,0.0,1.0,0.13,1,2642,-133.5,0.2,0.83,-0.19,1.29,2464,370,5321,0.0229,0.037,-0.785,0.685,-50.93,43.77,87,-4104,-4175,1755,1,5771,0.0298,-0.028,-0.686,0.586,-40.73,33.57,155,-4671,-4343,1755,1,3720,-0.0081,0.003,-0.21,0.11,-3.66,-3.5,511,-4225,-1242,945,1,4309,-0.0011,-0.062,-0.21,0.11,-3.66,-3.51,516,-4847,-1444,945,1
171.28,4,13322.0,636.92,0.01,12989.99,92.6,-1.3,-0.17,-1.0,0.0,1.0,0.18,1,2731,-138.0,0.2,0.84,-0.17,2.54,2416,363,5369,0.0236,0.037,-0.824,0.724,-50.81,43.65,71,-4229,-4134,1755,1,5739,0.0293,-0.025,-0.706,0.606,-40.67,33.51,144,-4713,-4259,1755,1,3735,-0.0079,0.009,-0.26,0.16,-3.46,-3.7,479,-4324,-1043,945,1,4219,-0.0022,-0.053,-0.251,0.151,-3.47,-3.69,478,-4845,-1191,945,1
171.3,4,13322.5,637.36,0.01,12990.25,91.7,-1.31,-0.13,-1.0,0.0,1.0,0.08,1,2765,-140.2,0.2,0.85,-0.15,3.69,2368,356,5405,0.0242,0.028,-0.842,0.742,-50.75,43.59,64,-4334,-4092,1755,1,5727,0.0291,-0.009,-0.711,0.611,-40.61,33.45,140,-4736,-4222,1755,1,3737,-0.0079,0.001,-0.265,0.165,-3.32,-3.84,472,-4366,-927,945,1,4158,-0.0029,-0.036,-0.262,0.162,-3.29,-3.87,471,-4829,-1027,945,1
171.32,4,13323.0,637.79,0.01,12990.51,90.7,-1.31,-0.13,-1.0,0.0,1.0,0.01,1,2702,-137.1,0.2,0.86,-0.14,4.89,2326,349,5442,0.0247,0.029,-0.819,0.719,-50.68,43.52,73,-4321,-4154,1755,1,5732,0.0292,0.004,-0.716,0.616,-40.55,33.39,136,-4756,-4209,1755,1,3730,-0.0079,-0.004,-0.197,0.097,-3.07,-4.09,513,-4288,-1062,945,1,4108,-0.0035,-0.029,-0.189,0.089,-3.08,-4.08,515,-4683,-1198,945,1
171.34,4,13323.5,638.22,0.01,12990.77,89.8,-1.27,-0.16,-1.0,0.0,1.0,0.11,1,2677,-135.5,0.2,0.85,-0.14,6.39,2278,342,5439,0.0247,-0.003,-0.801,0.701,-50.57,43.41,79,-4276,-4188,1755,1,5710,0.0288,-0.017,-0.732,0.632,-40.44,33.28,127,-4792,-4144,1755,1,3715,-0.0081,-0.009,-0.161,0.061,-2.79,-4.38,528,-4129,-1245,945,1,4070,-0.004,-0.023,-0.153,0.053,-2.83,-4.33,526,-4463,-1419,945,1
171.36,4,13324.0,638.64,0.01,12991.02,88.9,-1.27,-0.15,-1.0,0.0,1.0,0.16,1,2745,-138.9,0.2,0.85,-0.15,7.87,2229,335,5424,0.0244,-0.011,-0.839,0.739,-50.45,43.28,63,-4335,-4118,1755,1,5684,0.0284,-0.02,-0.738,0.638,-40.33,33.16,123,-4799,-4100,1755,1,3712,-0.0082,-0.002,-0.206,0.106,-2.46,-4.7,496,-4256,-979,945,1,4052,-0.0042,-0.011,-0.19,0.09,-2.48,-4.68,495,-4588,-1130,945,1
171.38,4,13324.5,639.06,0.01,12991.28,88.0,-1.29,-0.11,-1.0,0.0,1.0,0.06,1,2759,-140.0,0.2,0.83,-0.16,9.3,2182,328,5392,0.024,-0.024,-0.86,0.76,-50.35,43.19,56,-4402,-4014,1755,1,5678,0.0284,-0.004,-0.737,0.637,-40.18,33.02,122,-4799,-4093,1755,1,3702,-0.0083,-0.006,-0.197,0.097,-2.15,-5.01,497,-4288,-833,945,1,4075,-0.0039,0.014,-0.187,0.087,-2.2,-4.96,498,-4669,-975,945,1
171.4,4,13325.0,639.47,0.01,12991.53,87.1,-1.26,-0.11,-1.0,0.0,1.0,0.04,1,2691,-136.4,0.2,0.82,-0.16,10.8,2138,321,5343,0.0232,-0.038,-0.852,0.752,-50.14,42.98,59,-4370,-3976,1755,1,5644,0.0278,-0.026,-0.756,0.656,-40.0,32.84,113,-4834,-4009,1755,1,3708,-0.0082,0.004,-0.123,0.023,-1.81,-5.35,536,-4073,-1004,945,1,4101,-0.0036,0.015,-0.118,0.018,-1.83,-5.33,522,-4443,-1145,3150,0
171.42,4,13325.5,639.88,0.01,12991.77,86.2,-1.27,-0.05,-1.0,0.0,1.0,0.0,1,2600,-131.8,0.2,0.8,-0.15,11.75,2093,315,5299,0.0225,-0.034,-0.854,0.754,-49.98,42.81,56,-4322,-3961,1755,1,5605,0.0272,-0.03,-0.763,0.663,-39.85,32.69,109,-4840,-3947,1755,1,3704,-0.0083,-0.002,-0.78,0.68,-1.48,-5.68,106,-4462,-186,6000,0,4104,-0.0035,0.002,-0.76,0.66,-1.5,-5.66,117,-4918,-214,6000,0
171.44,4,13326.0,640.29,0.01,12992.02,85.3,-1.27,0.01,-1.0,0.0,1.0,0.0,1,2512,-127.1,0.2,0.8,-0.12,12.23,2045,308,5265,0.022,-0.027,-0.903,0.803,-49.79,42.63,37,-4401,-3838,1755,1,5549,0.0264,-0.043,-0.771,0.671,-39.66,32.5,104,-4829,-3877,1755,1,3714,-0.0081,0.006,-0.952,0.852,-1.23,-5.93,1,-4456,-101,6000,0,4086,-0.0038,-0.011,-0.918,0.818,-1.26,-5.91,22,-4880,-113,6000,0
171.46,4,13326.4,640.69,0.01,12992.26,84.4,-1.28,0.02,-1.0,0.0,1.0,0.0,1,2426,-123.0,0.2,0.79,-0.08,12.59,1996,302,5272,0.0221,0.005,-0.924,0.824,-49.57,42.41,29,-4475,-3777,1755,1,5497,0.0256,-0.04,-0.78,0.68,-39.47,32.31,100,-4821,-3807,1755,1,3741,-0.0078,0.016,-1.039,0.939,-0.98,-6.18,26,-4487,-82,6000,0,4036,-0.0044,-0.03,-1.006,0.906,-1.02,-6.15,47,-4822,-91,6000,0
171.48,4,13326.9,641.09,0.01,12992.5,83.5,-1.3,0.03,-1.0,0.0,1.0,0.0,1,2344,-119.0,0.2,0.79,-0.04,12.87,1952,295,5291,0.0224,0.015,-0.936,0.836,-49.38,42.22,24,-4529,-3752,1755,1,5442,0.0247,-0.042,-0.79,0.69,-39.27,32.11,94,-4812,-3735,1755,1,3801,-0.0071,0.036,-0.94,0.84,-0.73,-6.43,8,-4557,-67,6000,0,3999,-0.0048,-0.022,-0.918,0.818,-0.75,-6.41,21,-4782,-72,6000,0
171.5,4,13327.3,641.48,0.01,12992.74,82.6,-1.3,0.04,-1.0,0.0,1.0,0.0,1,2264,-115.2,0.2,0.79,0.0,13.09,1914,289,5331,0.023,0.03,-0.935,0.835,-49.18,42.02,24,-4573,-3766,1755,1,5401,0.0241,-0.032,-0.799,0.699,-39.06,31.9,90,-4810,-3674,1755,1,3852,-0.0065,0.029,-1.017,0.917,-0.48,-6.68,40,-4614,-49,6000,0,3943,-0.0054,-0.033,-1.014,0.914,-0.48,-6.68,42,-4718,-51,6000,0
171.52,4,13327.8,641.87,0.01,12992.97,81.7,-1.28,0.05,-1.0,0.0,1.0,0.0,1,2187,-111.5,0.2,0.8,0.02,13.32,1872,282,5353,0.0234,0.017,-0.937,0.837,-48.95,41.79,23,-4607,-3766,1755,1,5353,0.0234,-0.036,-0.809,0.709,-38.86,31.69,84,-4806,-3606,1755,1,3879,-0.0062,0.016,-0.917,0.817,-0.22,-6.95,21,-4647,-31,6000,0,3879,-0.0062,-0.038,-0.935,0.835,-0.22,-6.94,10,-4647,-32,6000,0
171.54,4,13328.2,642.25,0.01,12993.2,80.8,-1.28,0.05,-1.0,0.0,1.0,0.0,1,2112,-108.0,0.2,0.8,0.04,13.63,1834,276,5374,0.0237,0.016,-0.937,0.837,-48.77,41.61,23,-4633,-3770,1755,1,5332,0.023,-0.017,-0.809,0.709,-38.64,31.48,83,-4801,-3579,1755,1,3883,-0.0061,0.002,-0.956,0.856,0.05,-7.11,-2,-4650,-11,6000,0,3828,-0.0068,-0.03,-0.995,0.895,0.05,-7.11,-24,-4588,-11,6000,0
171.56,4,13328.7,642.63,0.01,12993.43,79.9,-1.26,0.06,-1.0,0.0,1.0,0.0,1,2040,-104.5,0.2,0.8,0.05,13.92,1793,270,5373,0.0237,-0.001,-0.943,0.843,-48.52,41.36,21,-4655,-3747,1755,1,5295,0.0225,-0.028,-0.818,0.718,-38.4,31.24,79,-4800,-3524,1755,1,3881,-0.0062,-0.001,-0.997,0.897,0.33,-6.83,-25,-4648,9,6000,0,3780,-0.0074,-0.028,-0.97,0.87,0.35,-6.81,-11,-4534,9,6000,0
171.58,4,13329.1,643.01,0.01,12993.65,79.0,-1.26,0.07,-1.0,0.0,1.0,0.0,1,1970,-101.2,0.2,0.81,0.06,14.24,1753,264,5380,0.0238,0.006,-0.943,0.843,-48.3,41.14,21,-4673,-3740,1755,1,5277,0.0222,-0.014,-0.816,0.716,-38.2,31.04,79,-4793,-3504,1755,1,3870,-0.0063,-0.007,-1.043,0.943,0.6,-6.56,26,-4634,28,6000,0,3735,-0.0079,-0.027,-1.039,0.939,0.62,-6.54,28,-4481,28,6000,0
171.6,4,13329.6,643.38,0.01,12993.88,78.1,-1.26,0.07,-1.0,0.0,1.0,0.0,1,1902,-97.9,0.2,0.82,0.07,14.59,1716,258,5386,0.0239,0.004,-0.943,0.843,-48.08,40.92,21,-4687,-3734,1755,1,5272,0.0221,-0.004,-0.81,0.71,-37.95,30.79,81,-4787,-3505,1755,1,3850,-0.0065,-0.012,-0.956,0.856,0.9,-6.26,-3,-4611,49,6000,0,3701,-0.0083,-0.02,-0.967,0.867,0.88,-6.28,-10,-4443,47,6000,0
171.62,4,13330.0,643.75,0.01,12994.09,77.2,-1.25,0.07,-1.0,0.0,1.0,0.0,1,1836,-94.8,0.2,0.81,0.08,14.9,1675,252,5391,0.0239,0.004,-0.941,0.841,-47.86,40.7,22,-4699,-3732,1755,1,5263,0.022,-0.007,-0.805,0.705,-37.72,30.56,82,-4780,-3501,1755,1,3829,-0.0068,-0.012,-0.918,0.818,1.17,-5.99,17,-4589,70,6000,0,3661,-0.0088,-0.024,-1.042,0.942,1.19,-5.97,26,-4396,66,6000,0
171.64,4,13330.4,644.12,0.01,12994.31,76.3,-1.26,0.08,-1.0,0.0,1.0,0.0,1,1773,-91.8,0.2,0.81,0.09,15.17,1636,247,5389,0.0239,-0.002,-0.942,0.842,-47.61,40.45,21,-4709,-3719,1755,1,5241,0.0216,-0.017,-0.808,0.708,-37.49,30.33,81,-4777,-3469,1755,1,3836,-0.0067,0.005,-0.962,0.862,1.48,-5.68,-7,-4597,92,6000,0,3643,-0.009,-0.011,-0.967,0.867,1.46,-5.7,-10,-4376,86,6000,0
171.66,4,13330.8,644.48,0.01,12994.53,75.4,-1.26,0.08,-1.0,0.0,1.0,0.0,1,1711,-88.8,0.2,0.82,0.1,15.43,1598,241,5393,0.024,0.003,-0.938,0.838,-47.44,40.27,22,-4714,-3720,1755,1,5226,0.0214,-0.012,-0.807,0.707,-37.25,30.09,80,-4775,-3449,1755,1,3838,-0.0067,0.001,-1.007,0.907,1.78,-5.38,45,-4597,111,6000,0,3619,-0.0092,-0.014,-0.945,0.845,1.79,-5.37,0,-4348,107,6000,0
171.68,4,13331.3,644.83,0.01,12994.74,74.5,-1.27,0.09,-1.0,0.0,1.0,0.0,1,1652,-86.0,0.2,0.82,0.1,15.66,1562,235,5421,0.0244,0.022,-0.925,0.825,-47.16,40.0,27,-4723,-3754,1755,1,5227,0.0214,0.001,-0.798,0.698,-36.99,29.83,83,-4770,-3458,1755,1,3840,-0.0067,0.001,-0.909,0.809,2.1,-5.06,21,-4599,137,6000,0,3585,-0.0096,-0.02,-1.0,0.9,2.09,-5.07,21,-4308,125,6000,0
171.7,4,13331.7,645.19,0.01,12994.95,73.7,-1.26,0.09,-1.0,0.0,1.0,0.0,1,1594,-83.2,0.2,0.82,0.1,15.9,1525,230,5413,0.0243,-0.007,-0.927,0.827,-46.86,39.7,26,-4730,-3735,1755,1,5216,0.0213,-0.008,-0.796,0.696,-36.72,29.56,83,-4768,-3445,1755,1,3836,-0.0067,-0.002,-1.01,0.91,2.42,-4.74,44,-4593,157,6000,0,3579,-0.0097,-0.004,-0.977,0.877,2.43,-4.73,-16,-4301,150,6000,0
171.72,4,13332.1,645.53,0.01,12995.15,72.8,-1.25,0.09,-1.0,0.0,1.0,0.0,1,1538,-80.6,0.2,0.82,0.08,16.21,1489,224,5395,0.024,-0.014,-0.934,0.834,-46.6,39.44,24,-4740,-3699,1755,1,5208,0.0211,-0.006,-0.792,0.692,-36.45,29.29,84,-4766,-3435,1755,1,3822,-0.0069,-0.008,-0.967,0.867,2.75,-4.41,-10,-4577,183,6000,0,3578,-0.0097,0.0,-1.048,0.948,2.8,-4.37,25,-4297,170,6000,0
171.74,4,13332.5,645.88,0.01,12995.35,71.9,-1.25,0.1,-1.0,0.0,1.0,0.0,1,1484,-77.8,0.2,0.83,0.08,16.61,1454,219,5378,0.0237,-0.013,-0.939,0.839,-46.34,39.18,22,-4748,-3665,1755,1,5218,0.0213,0.007,-0.781,0.681,-36.17,29.01,88,-4763,-3456,1755,1,3788,-0.0073,-0.02,-1.034,0.934,3.07,-4.09,32,-4537,202,6000,0,3579,-0.0097,0.001,-0.965,0.865,3.15,-4.01,-11,-4299,198,6000,0
171.76,4,13332.9,646.22,0.01,12995.55,71.0,-1.24,0.1,-1.0,0.0,1.0,0.0,1,1432,-74.5,0.2,0.83,0.08,16.95,1420,213,5369,0.0236,-0.007,-0.938,0.838,-46.09,38.93,22,-4753,-3648,1755,1,5222,0.0213,0.003,-0.772,0.672,-35.91,28.74,91,-4758,-3470,1755,1,3756,-0.0076,-0.019,-0.951,0.851,3.42,-3.74,-3,-4499,223,6000,0,3564,-0.0099,-0.009,-0.945,0.845,3.51,-3.65,-1,-4279,219,6000,0
171.78,4,13333.2,646.55,0.01,12995.75,70.1,-1.23,0.11,-1.0,0.0,1.0,0.0,1,1383,-71.3,0.2,0.83,0.09,17.2,1387,208,5364,0.0235,-0.004,-0.935,0.835,-45.81,38.65,23,-4755,-3639,1755,1,5209,0.0211,-0.01,-0.771,0.671,-35.66,28.5,90,-4756,-3453,1755,1,3739,-0.0078,-0.01,-1.017,0.917,3.75,-3.41,41,-4478,247,6000,0,3536,-0.0102,-0.016,-1.034,0.934,3.83,-3.33,32,-4246,239,6000,0
171.8,4,13333.6,646.88,0.01,12995.95,69.3,-1.22,0.11,-1.0,0.0,1.0,0.0,1,1335,-68.3,0.2,0.83,0.09,17.33,1352,203,5359,0.0235,-0.003,-0.931,0.831,-45.53,38.37,24,-4756,-3632,1755,1,5180,0.0207,-0.022,-0.779,0.679,-35.34,28.18,86,-4766,-3397,1755,1,3734,-0.0079,-0.003,-0.98,0.88,4.05,-3.11,-18,-4471,271,6000,0,3500,-0.0107,-0.022,-1.033,0.933,4.19,-2.97,33,-4202,259,6000,0
171.82,4,13334.0,647.21,0.01,12996.14,68.4,-1.22,0.12,-1.0,0.0,1.0,0.0,1,1290,-65.4,0.2,0.83,0.1,17.57,1316,198,5343,0.0232,-0.012,-0.934,0.834,-45.24,38.08,23,-4760,-3605,1755,1,5164,0.0204,-0.012,-0.779,0.679,-35.05,27.89,85,-4769,-3368,1755,1,3718,-0.0081,-0.01,-0.948,0.848,4.44,-2.72,-3,-4450,292,6000,0,3483,-0.0109,-0.01,-0.962,0.862,4.55,-2.61,-10,-4182,285,6000,0
171.84,4,13334.4,647.54,0.01,12996.33,67.5,-1.23,0.12,-1.0,0.0,1.0,0.0,1,1246,-62.6,0.2,0.82,0.1,17.78,1281,193,5338,0.0231,-0.004,-0.93,0.83,-44.95,37.79,24,-4763,-3595,1755,1,5152,0.0203,-0.009,-0.777,0.677,-34.76,27.6,85,-4769,-3351,1755,1,3714,-0.0081,-0.002,-0.91,0.81,4.8,-2.37,15,-4444,321,6000,0,3471,-0.011,-0.007,-0.948,0.848,4.87,-2.29,-4,-4166,301,6000,0
171.86,4,13334.8,647.86,0.01,12996.52,66.7,-1.24,0.13,-1.0,0.0,1.0,0.0,1,1204,-59.9,0.2,0.82,0.11,17.97,1249,188,5332,0.023,-0.004,-0.926,0.826,-44.67,37.51,25,-4762,-3588,1755,1,5138,0.02,-0.011,-0.776,0.676,-34.46,27.29,85,-4770,-3328,1755,1,3729,-0.008,0.009,-1.025,0.925,5.15,-2.01,37,-4458,343,6000,0,3475,-0.0109,0.002,-0.929,0.829,5.32,-1.85,4,-4168,332,6000,0
171.88,4,13335.1,648.17,0.01,12996.7,65.8,-1.23,0.13,-1.0,0.0,1.0,0.0,1,1165,-57.3,0.2,0.82,0.1,18.15,1215,183,5327,0.023,-0.004,-0.922,0.822,-44.36,37.19,26,-4763,-3580,1755,1,5123,0.0198,-0.012,-0.775,0.675,-34.14,26.97,84,-4772,-3302,1755,1,3734,-0.0079,0.003,-0.923,0.823,5.53,-1.63,8,-4461,375,6000,0,3467,-0.011,-0.005,-1.023,0.923,5.63,-1.53,38,-4156,351,6000,0
171.9,4,13335.5,648.48,0.01,12996.88,64.9,-1.23,0.14,-1.0,0.0,1.0,0.0,1,1126,-54.9,0.2,0.82,0.09,18.39,1185,178,5316,0.0228,-0.008,-0.921,0.821,-44.09,36.92,26,-4764,-3565,1755,1,5118,0.0197,-0.004,-0.768,0.668,-33.85,26.68,86,-4769,-3300,1755,1,3731,-0.0079,-0.001,-0.988,0.888,5.89,-1.27,-22,-4456,396,6000,0,3472,-0.011,0.003,-0.94,0.84,6.07,-1.09,-2,-4159,378,6000,0
171.92,4,13335.8,648.79,0.01,12997.06,64.0,-1.22,0.14,-1.0,0.0,1.0,0.0,1,1090,-52.6,0.2,0.82,0.1,18.67,1153,174,5301,0.0226,-0.012,-0.922,0.822,-43.76,36.6,26,-4768,-3538,1755,1,5123,0.0198,0.004,-0.757,0.657,-33.52,26.36,89,-4766,-3315,1755,1,3700,-0.0083,-0.018,-0.902,0.802,6.27,-0.89,16,-4418,419,6000,0,3467,-0.011,-0.003,-1.035,0.935,6.44,-0.72,33,-4150,400,6000,0
171.94,4,13336.2,649.09,0.01,12997.24,63.2,-1.22,0.15,-1.0,0.0,1.0,0.0,1,1055,-50.3,0.2,0.83,0.1,18.82,1124,169,5309,0.0227,0.006,-0.911,0.811,-43.43,36.27,29,-4768,-3552,1755,1,5122,0.0198,-0.001,-0.748,0.648,-33.19,26.03,91,-4761,-3321,1755,1,3692,-0.0084,-0.005,-0.976,0.876,6.63,-0.54,-17,-4405,445,6000,0,3447,-0.0113,-0.012,-1.031,0.931,6.85,-0.31,35,-4124,425,6000,0
171.96,4,13336.5,649.39,0.01,12997.41,62.3,-1.21,0.15,-1.0,0.0,1.0,0.0,1,1021,-48.2,0.2,0.83,0.1,19.0,1096,164,5312,0.0227,0.003,-0.901,0.801,-43.16,35.99,32,-4763,-3564,1755,1,5126,0.0199,0.004,-0.738,0.638,-32.88,25.72,94,-4757,-3335,1755,1,3665,-0.0087,-0.016,-0.952,0.852,7.02,-0.15,-7,-4371,466,6000,0,3422,-0.0116,-0.015,-0.965,0.865,7.26,0.1,-14,-4092,452,6000,0
171.98,4,13336.9,649.69,0.01,12997.58,61.5,-1.19,0.15,-1.0,0.0,1.0,0.0,1,989,-46.1,0.2,0.84,0.11,19.13,1064,160,5301,0.0226,-0.008,-0.9,0.8,-42.83,35.67,32,-4764,-3548,1755,1,5113,0.0197,-0.01,-0.737,0.637,-32.53,25.37,94,-4759,-3312,1755,1,3637,-0.009,-0.017,-1.044,0.944,7.41,0.25,30,-4335,484,6000,0,3390,-0.0119,-0.019,-0.97,0.87,7.65,0.49,-16,-4052,472,6000,0
172.0,4,13337.2,649.98,0.01,12997.75,60.6,-1.21,0.15,-1.0,0.0,1.0,0.0,1,958,-44.2,0.2,0.85,0.12,19.19,1032,155,5319,0.0228,0.013,-0.884,0.784,-42.49,35.33,37,-4764,-3577,1755,1,5112,0.0197,0.0,-0.728,0.628,-32.2,25.04,96,-4758,-3316,1755,1,3629,-0.0091,-0.005,-0.902,0.802,7.76,0.59,14,-4322,515,6000,0,3359,-0.0123,-0.018,-0.911,0.811,8.05,0.88,8,-4013,497,6000,0
172.02,4,13337.5,650.26,0.01,12997.92,59.7,-1.23,0.16,-1.0,0.0,1.0,0.0,1,929,-42.3,0.2,0.85,0.15,19.15,1004,151,5351,0.0233,0.025,-0.861,0.761,-42.15,34.99,44,-4759,-3634,1755,1,5114,0.0197,0.001,-0.718,0.618,-31.88,24.72,98,-4754,-3324,1755,1,3647,-0.0089,0.011,-0.975,0.875,8.15,0.99,-17,-4339,544,6000,0,3337,-0.0126,-0.013,-1.037,0.937,8.42,1.26,33,-3984,509,6000,0
172.04,4,13337.9,650.55,0.01,12998.09,58.9,-1.22,0.16,-1.0,0.0,1.0,0.0,1,901,-40.5,0.2,0.84,0.17,18.91,977,147,5382,0.0238,0.024,-0.839,0.739,-41.81,34.65,50,-4749,-3695,1755,1,5093,0.0194,-0.016,-0.721,0.621,-31.48,24.32,96,-4762,-3284,1755,1,3682,-0.0085,0.021,-1.042,0.942,8.52,1.36,31,-4375,567,6000,0,3305,-0.013,-0.019,-0.983,0.883,8.8,1.64,-22,-3943,535,6000,0
172.06,4,13338.2,650.83,0.01,12998.25,58.0,-1.21,0.16,-1.0,0.0,1.0,0.0,1,874,-38.7,0.2,0.83,0.18,18.7,950,142,5377,0.0237,-0.004,-0.835,0.735,-41.49,34.33,51,-4746,-3693,1755,1,5058,0.0188,-0.027,-0.734,0.634,-31.12,23.96,91,-4778,-3206,1755,1,3710,-0.0082,0.016,-0.924,0.824,8.89,1.72,3,-4402,601,6000,0,3293,-0.0131,-0.007,-0.92,0.82,9.19,2.03,3,-3925,554,6000,0
172.08,4,13338.5,651.1,0.01,12998.41,57.2,-1.19,0.17,-1.0,0.0,1.0,0.0,1,848,-36.2,0.2,0.83,0.18,18.55,922,138,5355,0.0234,-0.017,-0.843,0.743,-41.1,33.94,48,-4759,-3646,1755,1,5017,0.0182,-0.031,-0.749,0.649,-30.74,23.57,85,-4796,-3115,1755,1,3727,-0.008,0.01,-1.062,0.962,9.19,2.03,24,-4418,615,6000,0,3286,-0.0132,-0.004,-0.928,0.828,9.58,2.42,0,-3913,575,6000,0
172.1,4,13338.8,651.37,0.01,12998.56,56.3,-1.2,0.18,-1.0,0.0,1.0,0.0,1,837,-5.9,0.25,0.83,0.17,18.47,894,134,5353,0.0233,-0.002,-0.836,0.736,-40.7,33.53,50,-4765,-3638,1755,1,5005,0.018,-0.009,-0.742,0.642,-30.43,23.26,86,-4794,-3098,1755,1,3720,-0.0081,-0.004,-0.953,0.853,9.63,2.46,-9,-4404,657,6000,0,3266,-0.0134,-0.012,-1.03,0.93,9.98,2.82,36,-3886,596,6000,0
172.12,4,13339.1,651.64,0.01,12998.72,55.4,-1.2,0.18,-1.0,0.0,1.0,0.0,1,836,-1.0,0.26,0.84,0.17,18.55,867,130,5342,0.0232,-0.008,-0.834,0.734,-40.4,33.24,50,-4767,-3621,1755,1,5017,0.0182,0.009,-0.723,0.623,-30.03,22.87,91,-4789,-3129,1755,1,3687,-0.0085,-0.02,-1.056,0.956,10.03,2.87,27,-4362,668,6000,0,3263,-0.0134,-0.002,-0.963,0.863,10.36,3.2,-15,-3877,623,6000,0
172.14,4,13339.4,651.9,0.01,12998.87,54.6,-1.2,0.18,-1.0,0.0,1.0,0.0,1,835,-0.2,0.26,0.84,0.18,18.49,841,126,5347,0.0233,0.004,-0.821,0.721,-40.09,32.92,53,-4762,-3637,1755,1,5021,0.0183,0.003,-0.707,0.607,-29.7,22.54,95,-4775,-3157,1755,1,3671,-0.0086,-0.009,-0.954,0.854,10.39,3.23,-10,-4339,702,6000,0,3246,-0.0136,-0.01,-0.983,0.883,10.76,3.6,-23,-3853,644,6000,0
172.16,4,13339.7,652.16,0.01,12999.02,53.7,-1.19,0.18,-1.0,0.0,1.0,0.0,1,835,0.0,0.26,0.84,0.19,18.27,817,122,5344,0.0232,-0.002,-0.814,0.714,-39.75,32.59,55,-4757,-3640,1755,1,4998,0.0179,-0.018,-0.712,0.612,-29.31,22.15,93,-4779,-3114,1755,1,3681,-0.0085,0.006,-1.039,0.939,10.75,3.59,34,-4345,723,6000,0,3229,-0.0138,-0.01,-1.007,0.907,11.15,3.99,45,-3830,655,6000,0
172.18,4,13340.0,652.41,0.01,12999.17,52.9,-1.17,0.19,-1.0,0.5,0.0,0.0,1,835,0.0,0.26,0.84,0.2,18.05,790,118,5336,0.0231,-0.006,-0.81,0.71,-39.37,32.21,55,-4759,-3628,1755,1,4973,0.0175,-0.019,-0.716,0.616,-28.96,21.8,90,-4785,-3063,1755,1,3675,-0.0086,-0.004,-0.929,0.829,11.12,3.96,-1,-4333,746,6000,0,3200,-0.0142,-0.017,-1.039,0.939,11.52,4.36,34,-3792,674,6000,0
172.2,4,13340.3,652.66,0.01,12999.31,52.1,-1.18,0.14,-1.0,0.5,0.0,0.0,1,894,159.2,0.53,0.84,0.2,17.24,766,115,5336,0.0231,0.0,-0.293,0.193,-38.96,31.8,211,-3751,-4521,0,0,4957,0.0173,-0.012,-0.243,0.143,-28.51,21.35,245,-3829,-4045,0,0,3675,-0.0086,0.0,-0.607,0.507,11.46,4.3,153,-4286,997,0,0,3180,-0.0144,-0.012,-0.56,0.46,11.86,4.69,163,-3708,957,0,0
172.22,4,13340.6,652.91,0.01,12999.46,51.3,-1.07,-0.08,-1.0,0.5,0.0,0.0,1,1032,210.7,0.62,0.83,0.18,13.31,743,112,5334,0.0231,-0.001,0.024,-0.076,-38.1,30.94,294,-1089,-5612,0,0,4943,0.017,-0.011,0.037,-0.063,-27.75,20.58,324,-872,-5348,0,0,3673,-0.0086,-0.001,-0.184,0.084,11.65,4.49,301,-3838,2068,0,0,3161,-0.0146,-0.011,-0.198,0.098,11.98,4.81,286,-3294,1840,0,0
172.24,4,13340.9,653.15,0.01,12999.6,50.8,-0.73,-0.09,-1.0,1.0,0.0,0.09,1,1221,224.4,0.64,0.81,0.13,5.74,726,109,5294,0.0224,-0.031,0.038,-0.062,-37.02,29.86,294,223,-5666,0,0,4949,0.0171,0.005,0.017,-0.083,-26.77,19.61,318,276,-5422,0,0,3646,-0.0089,-0.016,0.015,-0.085,11.29,4.13,354,-974,4071,0,0,3195,-0.0142,0.02,0.026,-0.074,11.44,4.28,355,-667,3630,0,0
172.26,4,13341.2,653.39,0.01,12999.75,50.5,-0.52,0.01,-1.0,1.0,0.0,0.17,1,1570,360.3,1.0,0.76,0.07,-2.87,712,108,5204,0.0211,-0.069,-0.025,-0.075,-36.16,29.0,276,1,-5588,0,0,4962,0.0173,0.009,-0.047,-0.053,-26.08,18.92,302,-296,-5445,0,0,3623,-0.0092,-0.014,-0.113,0.013,10.45,3.29,307,-1412,3919,0,0,3306,-0.0129,0.065,-0.112,0.012,10.4,3.24,303,-1265,3602,0,0
172.28,4,13341.4,653.63,0.01,12999.89,50.0,-0.72,0.04,-1.0,1.0,0.0,0.11,1,2023,540.0,1.27,0.72,0.04,-10.63,695,106,5083,0.0192,-0.093,-0.039,-0.061,-35.52,28.36,272,-316,-5466,0,0,4939,0.017,-0.017,-0.044,-0.056,-25.62,18.46,306,-602,-5407,0,0,3641,-0.009,0.011,-0.083,-0.017,9.49,2.33,314,-2059,3662,0,0,3453,-0.0112,0.087,-0.097,-0.003,9.29,2.12,313,-2172,3368,0,0
172.3,4,13341.7,653.86,0.01,13000.03,49.5,-0.71,0.07,-1.0,1.0,0.0,0.21,1,2606,667.3,1.4,0.67,0.0,-18.24,678,103,4961,0.0173,-0.094,-0.039,-0.061,-35.06,27.9,268,-347,-5347,0,0,4893,0.0163,-0.035,-0.043,-0.057,-25.36,18.2,306,-546,-5372,0,0,3680,-0.0085,0.023,-0.099,-0.001,8.32,1.16,301,-1832,3765,0,0,3591,-0.0096,0.081,-0.121,0.021,8.02,0.86,300,-2300,3430,0,0
172.32,4,13342.0,654.1,0.01,13000.17,48.9,-0.75,0.06,-1.0,1.0,0.0,0.31,1,3125,758.3,1.52,0.63,-0.01,-25.48,662,101,4842,0.0155,-0.091,0.03,-0.07,-34.74,27.58,283,-122,-5241,0,0,4834,0.0154,-0.046,-0.012,-0.088,-25.25,18.09,315,-424,-5324,0,0,3724,-0.008,0.026,0.006,-0.094,7.06,-0.11,327,-1329,3875,0,0,3713,-0.0081,0.071,-0.031,-0.069,6.65,-0.51,326,-2299,3487,0,0
172.34,4,13342.3,654.33,0.01,13000.31,48.6,-0.43,0.05,-1.0,1.0,0.0,0.41,1,3530,833.5,1.62,0.58,-0.02,-33.09,650,100,4741,0.0139,-0.078,0.175,0.075,-34.51,27.35,326,915,-5070,0,0,4762,0.0143,-0.055,0.072,-0.028,-25.28,18.12,349,377,-5255,0,0,3779,-0.0074,0.033,0.16,0.06,5.52,-1.64,375,2524,3335,0,0,3807,-0.007,0.055,0.075,-0.025,5.1,-2.06,387,956,3701,0,0
172.36,4,13342.5,654.56,0.01,13000.45,48.8,0.19,-0.18,-1.0,0.5,0.0,0.51,1,4049,918.5,1.75,0.5,-0.05,-40.26,648,101,4638,0.0124,-0.079,0.361,0.261,-34.42,27.26,374,2454,-4487,0,0,4671,0.0129,-0.07,0.187,0.087,-25.43,18.27,387,1815,-4873,0,0,3860,-0.0064,0.047,0.308,0.208,3.97,-3.19,434,4374,1408,0,0,3903,-0.0059,0.057,0.225,0.125,3.58,-3.58,425,4135,1906,0,0
172.38,4,13342.8,654.8,0.01,13000.59,49.1,0.47,-0.36,-1.0,0.5,0.0,0.61,1,4104,529.2,1.25,0.38,-0.11,-46.56,650,102,4464,0.0097,-0.134,0.413,0.313,-34.46,27.3,387,2976,-3991,0,0,4552,0.011,-0.092,0.203,0.103,-25.56,18.39,397,2263,-4561,0,0,3974,-0.0051,0.067,0.36,0.26,2.46,-4.7,430,4690,799,0,0,4089,-0.0037,0.109,0.205,0.105,2.27,-4.89,437,4663,1217,0,0
172.4,4,13343.1,655.03,0.01,13000.74,49.5,0.53,-0.38,-1.0,0.5,0.0,0.71,1,4109,322.5,0.98,0.25,-0.21,-52.3,656,104,4195,0.0055,-0.207,0.417,0.317,-34.63,27.47,379,2805,-3764,0,0,4409,0.0088,-0.11,0.194,0.094,-25.88,18.72,389,2055,-4486,0,0,4108,-0.0035,0.079,0.319,0.219,1.18,-5.98,404,4863,613,0,0,4388,-0.0002,0.176,0.214,0.114,0.96,-6.21,394,4945,1036,0,0
172.42,4,13343.4,655.27,0.01,13000.89,50.0,0.54,-0.39,-1.0,0.5,0.0,0.81,1,3939,322.2,0.96,0.1,-0.32,-57.37,658,105,3844,0.0001,-0.27,0.384,0.284,-34.97,27.81,384,2526,-3500,0,0,4245,0.0063,-0.126,0.155,0.055,-26.34,19.18,393,1748,-4416,0,0,4218,-0.0022,0.065,0.245,0.145,-0.39,-6.77,406,4986,304,0,0,4743,0.004,0.208,0.09,-0.01,-0.41,-6.75,425,4960,590,0,0
172.44,4,13343.6,655.5,0.02,13001.04,50.3,0.48,-0.42,-1.0,1.0,0.0,0.91,1,3710,321.7,0.94,-0.05,-0.43,-61.03,661,107,3443,-0.006,-0.308,0.343,0.243,-35.68,28.52,364,2116,-3243,0,0,4058,0.0034,-0.144,0.123,0.023,-27.07,19.9,378,1359,-4327,0,0,4326,-0.0009,0.064,0.132,0.032,-1.76,-5.4,374,4993,-219,0,0,5130,0.0085,0.228,0.02,-0.08,-1.62,-5.54,374,3271,-421,0,0
172.46,4,13343.9,655.74,0.02,13001.19,50.5,0.27,-0.49,-1.0,0.5,0.0,1.0,1,3871,704.3,1.44,-0.17,-0.54,-62.34,661,108,3031,-0.0124,-0.317,0.361,0.261,-36.34,29.18,359,1729,-2944,0,0,3857,0.0003,-0.154,0.125,0.025,-27.79,20.63,370,1027,-4186,0,0,4415,0.0001,0.052,0.195,0.095,-2.73,-4.43,363,4983,-832,0,0,5496,0.0128,0.215,0.121,0.021,-2.57,-4.59,363,2985,-1607,0,0
172.48,4,13344.2,655.98,0.02,13001.35,50.8,0.33,-0.56,-1.0,0.5,0.0,1.0,1,3890,321.9,0.95,-0.28,-0.66,-62.8,661,109,2640,-0.0184,-0.301,0.413,0.313,-37.24,30.08,369,1643,-2505,0,0,3684,-0.0023,-0.133,0.138,0.038,-28.49,21.33,374,1051,-3985,0,0,4430,0.0003,0.009,0.255,0.155,-3.71,-3.45,353,4948,-1286,0,0,5795,0.0163,0.176,0.066,-0.034,-3.45,-3.71,374,3445,-2649,0,0
172.5,4,13344.5,656.21,0.02,13001.5,51.0,0.34,-0.62,-1.0,0.5,0.0,1.0,1,3937,322.0,0.95,-0.36,-0.75,-62.42,660,110,2286,-0.0238,-0.272,0.452,0.352,-38.12,30.96,377,1516,-2126,0,0,3544,-0.0045,-0.107,0.157,0.057,-29.31,22.14,378,1119,-3808,0,0,4407,0.0,-0.013,0.206,0.106,-4.58,-2.58,370,4822,-1669,0,0,6052,0.0194,0.151,0.121,0.021,-4.08,-3.08,366,3558,-3444,0,0
172.52,4,13344.8,656.45,0.02,13001.66,51.3,0.37,-0.66,-1.0,0.5,0.0,1.0,1,3980,322.2,0.96,-0.41,-0.85,-61.49,660,111,1996,-0.0283,-0.223,0.489,0.389,-39.01,31.85,383,1390,-1822,0,0,3443,-0.006,-0.078,0.18,0.08,-30.06,22.9,384,1220,-3662,0,0,4365,-0.0005,-0.025,0.262,0.162,-5.14,-2.02,361,4708,-1888,0,0,6258,0.0218,0.121,0.075,-0.025,-4.77,-2.39,379,3706,-4141,0,0
172.54,4,13345.1,656.68,0.02,13001.83,51.6,0.38,-0.69,-1.0,0.5,0.0,1.0,1,4029,322.3,0.97,-0.44,-0.92,-60.1,662,112,1774,-0.0317,-0.171,0.523,0.423,-39.93,32.77,388,1283,-1592,0,0,3398,-0.0067,-0.035,0.207,0.107,-30.86,23.7,388,1347,-3564,0,0,4306,-0.0012,-0.035,0.214,0.114,-5.68,-1.48,379,4584,-2044,0,0,6430,0.0238,0.101,0.131,0.031,-5.13,-2.03,372,3889,-4562,0,0
172.56,4,13345.4,656.92,0.02,13001.99,51.9,0.38,-0.73,-1.0,0.5,0.0,1.0,1,4063,322.4,0.97,-0.44,-0.98,-58.6,665,114,1637,-0.0338,-0.106,0.546,0.446,-40.7,33.54,392,1202,-1459,0,0,3407,-0.0066,0.007,0.216,0.116,-31.5,24.34,391,1403,-3550,0,0,4235,-0.002,-0.042,0.275,0.175,-6.15,-1.01,371,4478,-2120,0,0,6550,0.0252,0.071,0.084,-0.016,-5.55,-1.61,386,3931,-4930,0,0
172.58,4,13345.6,657.15,0.02,13002.16,52.1,0.38,-0.77,-1.0,0.5,0.0,1.0,1,4085,322.4,0.97,-0.41,-1.01,-57.09,671,115,1584,-0.0346,-0.041,0.562,0.462,-41.46,34.3,394,1174,-1404,0,0,3466,-0.0057,0.046,0.234,0.134,-32.26,25.1,393,1501,-3577,0,0,4164,-0.0028,-0.042,0.22,0.12,-6.55,-0.61,387,4343,-2219,0,0,6626,0.0261,0.045,0.139,0.039,-5.87,-1.29,377,4104,-5140,0,0
172.6,4,13345.9,657.39,0.02,13002.34,52.4,0.37,-0.8,-1.0,0.5,0.0,1.0,1,4091,322.4,0.97,-0.37,-1.03,-55.82,678,116,1614,-0.0342,0.024,0.564,0.464,-42.18,35.02,392,1186,-1437,0,0,3559,-0.0042,0.071,0.231,0.131,-32.79,25.62,391,1493,-3681,0,0,4098,-0.0036,-0.039,0.277,0.177,-6.97,-0.2,377,4243,-2265,0,0,6641,0.0263,0.009,0.09,-0.01,-6.21,-0.95,391,4022,-5349,0,0
172.62,4,13346.2,657.62,0.02,13002.51,52.6,0.35,-0.85,-1.0,0.5,0.0,1.0,1,4093,322.4,0.97,-0.32,-1.04,-54.74,686,117,1706,-0.0328,0.071,0.567,0.467,-42.76,35.6,391,1243,-1521,0,0,3679,-0.0024,0.092,0.237,0.137,-33.37,26.21,390,1544,-3793,0,0,4040,-0.0043,-0.034,0.217,0.117,-7.15,-0.01,392,4096,-2378,0,0,6619,0.026,-0.013,0.144,0.044,-6.59,-0.57,381,4019,-5489,0,0
172.64,4,13346.5,657.85,0.02,13002.69,52.8,0.33,-0.88,-1.0,0.5,0.0,1.0,1,4096,322.4,0.97,-0.27,-1.06,-53.76,695,118,1819,-0.031,0.087,0.571,0.471,-43.31,36.15,390,1316,-1624,0,0,3822,-0.0002,0.11,0.235,0.135,-33.79,26.63,389,1572,-3941,0,0,3974,-0.0051,-0.039,0.274,0.174,-7.56,0.4,381,3993,-2415,0,0,6594,0.0257,-0.015,0.096,-0.004,-6.86,-0.3,395,3857,-5637,0,0
172.66,4,13346.8,658.08,0.02,13002.88,53.0,0.31,-0.91,-1.0,0.5,0.0,1.0,1,4107,322.4,0.97,-0.22,-1.08,-52.79,706,119,1940,-0.0292,0.093,0.589,0.489,-43.84,36.68,391,1406,-1724,0,0,3975,0.0022,0.118,0.241,0.141,-34.19,27.03,391,1640,-4084,0,0,3917,-0.0057,-0.034,0.211,0.111,-7.62,0.46,395,3858,-2494,0,0,6578,0.0256,-0.009,0.142,0.042,-6.99,-0.17,384,3796,-5707,0,0
172.68,4,13347.1,658.31,0.02,13003.06,53.2,0.31,-0.93,-1.0,0.5,0.0,1.0,1,4118,322.5,0.98,-0.17,-1.11,-51.95,715,120,2055,-0.0274,0.089,0.588,0.488,-44.24,37.08,390,1485,-1825,0,0,4131,0.0046,0.12,0.242,0.142,-34.49,27.33,390,1721,-4226,0,0,3842,-0.0066,-0.044,0.273,0.173,-7.97,0.81,386,3784,-2466,0,0,6557,0.0253,-0.012,0.097,-0.003,-7.24,0.08,399,3705,-5793,0,0
172.7,4,13347.4,658.54,0.02,13003.25,53.4,0.3,-0.95,-1.0,0.5,0.0,1.0,1,4129,322.5,0.98,-0.13,-1.13,-51.12,724,120,2160,-0.0258,0.081,0.601,0.501,-44.65,37.48,392,1569,-1907,0,0,4282,0.0069,0.116,0.25,0.15,-34.92,27.76,392,1809,-4358,0,0,3772,-0.0074,-0.041,0.214,0.114,-8.18,1.02,398,3648,-2519,0,0,6547,0.0252,-0.006,0.147,0.047,-7.49,0.33,387,3747,-5836,0,0
172.72,4,13347.7,658.76,0.01,13003.45,53.6,0.29,-0.97,-1.0,0.5,0.0,1.0,1,4140,322.5,0.98,-0.09,-1.15,-50.31,732,121,2248,-0.0244,0.067,0.608,0.508,-45.01,37.85,393,1635,-1979,0,0,4419,0.009,0.105,0.257,0.157,-35.24,28.07,392,1885,-4479,0,0,3715,-0.0081,-0.034,0.266,0.166,-8.27,1.11,388,3581,-2505,0,0,6554,0.0253,0.004,0.096,-0.004,-7.57,0.41,400,3585,-5938,0,0
172.74,4,13348.0,658.99,0.01,13003.64,53.7,0.28,-0.99,-1.0,0.5,0.0,1.0,1,4157,322.6,0.98,-0.06,-1.18,-49.55,741,122,2322,-0.0233,0.057,0.612,0.512,-45.35,38.19,393,1695,-2036,0,0,4538,0.0108,0.092,0.264,0.164,-35.47,28.3,393,1969,-4577,0,0,3665,-0.0087,-0.03,0.211,0.111,-8.35,1.19,403,3487,-2533,0,0,6563,0.0254,0.005,0.148,0.048,-7.67,0.51,391,3682,-5938,0,0
172.76,4,13348.3,659.21,0.01,13003.84,53.9,0.29,-0.99,-1.0,0.5,0.0,1.0,1,4166,322.6,0.98,-0.04,-1.2,-48.86,750,123,2382,-0.0224,0.046,0.625,0.525,-45.59,38.43,395,1746,-2080,0,0,4643,0.0124,0.081,0.271,0.171,-35.84,28.68,395,2033,-4666,0,0,3614,-0.0093,-0.03,0.261,0.161,-8.5,1.34,391,3439,-2505,0,0,6571,0.0255,0.005,0.095,-0.005,-7.8,0.64,402,3565,-6021,0,0
172.78,4,13348.6,659.43,0.01,13004.05,54.1,0.29,-0.99,-1.0,0.5,0.0,1.0,1,4172,322.6,0.98,-0.02,-1.22,-48.16,758,123,2426,-0.0217,0.034,0.629,0.529,-45.94,38.78,396,1783,-2113,0,0,4725,0.0137,0.063,0.276,0.176,-36.14,28.97,395,2103,-4726,0,0,3568,-0.0099,-0.027,0.206,0.106,-8.49,1.33,404,3370,-2507,0,0,6574,0.0255,0.002,0.149,0.049,-8.05,0.89,391,3765,-5989,0,0
172.8,4,13348.9,659.64,0.01,13004.26,54.2,0.29,-0.99,-1.0,0.5,0.0,1.0,1,4186,322.6,0.98,-0.01,-1.23,-47.4,764,124,2451,-0.0213,0.019,0.635,0.535,-46.25,39.09,397,1806,-2129,0,0,4790,0.0147,0.049,0.279,0.179,-36.36,29.2,396,2141,-4780,0,0,3526,-0.0103,-0.025,0.259,0.159,-8.72,1.56,394,3311,-2509,0,0,6584,0.0256,0.006,0.101,0.001,-8.15,0.99,404,3655,-6073,0,0
172.82,4,13349.2,659.86,0.01,13004.47,54.4,0.29,-1.0,-1.0,0.5,0.0,1.0,1,4204,322.7,0.99,0.0,-1.24,-46.53,770,125,2464,-0.0211,0.01,0.643,0.543,-46.49,39.33,398,1822,-2134,0,0,4833,0.0153,0.033,0.283,0.183,-36.52,29.36,397,2187,-4808,0,0,3502,-0.0106,-0.014,0.208,0.108,-8.79,1.63,409,3259,-2530,0,0,6600,0.0258,0.009,0.15,0.05,-8.1,0.94,395,3725,-6061,0,0
172.84,4,13349.5,660.07,0.01,13004.68,54.5,0.3,-1.0,-1.0,0.5,0.0,1.0,1,4214,322.7,0.99,0.0,-1.25,-45.66,776,125,2475,-0.0209,0.008,0.65,0.55,-46.82,39.66,399,1835,-2138,0,0,4862,0.0158,0.023,0.286,0.186,-36.83,29.67,398,2221,-4825,0,0,3488,-0.0108,-0.008,0.262,0.162,-8.75,1.59,398,3279,-2484,0,0,6611,0.0259,0.006,0.101,0.001,-8.16,0.99,408,3644,-6116,0,0
172.86,4,13349.8,660.29,0.01,13004.9,54.7,0.3,-0.99,-1.0,0.5,0.0,1.0,1,4225,322.7,0.99,0.0,-1.25,-44.75,782,126,2480,-0.0208,0.005,0.657,0.557,-47.1,39.94,399,1845,-2138,0,0,4879,0.0161,0.013,0.293,0.193,-37.11,29.94,398,2263,-4825,0,0,3473,-0.011,-0.009,0.206,0.106,-8.92,1.75,411,3209,-2539,0,0,6610,0.0259,0.0,0.152,0.052,-8.27,1.11,397,3785,-6073,0,0
172.88,4,13350.1,660.49,0.01,13005.12,54.8,0.3,-1.0,-1.0,0.5,0.0,1.0,1,4233,322.8,0.99,0.0,-1.25,-43.76,787,127,2482,-0.0208,0.001,0.659,0.559,-47.3,40.14,400,1846,-2139,0,0,4879,0.0161,0.0,0.298,0.198,-37.32,30.15,399,2295,-4810,0,0,3474,-0.011,0.0,0.257,0.157,-8.82,1.66,400,3221,-2527,0,0,6609,0.0259,-0.001,0.103,0.003,-8.26,1.1,410,3665,-6130,0,0
172.9,4,13350.4,660.7,0.01,13005.35,55.0,0.31,-0.99,-1.0,0.5,0.0,1.0,1,4245,322.8,0.99,0.0,-1.24,-42.75,793,128,2476,-0.0209,-0.005,0.669,0.569,-47.55,40.39,401,1854,-2124,0,0,4868,0.0159,-0.009,0.302,0.202,-37.52,30.35,400,2314,-4788,0,0,3474,-0.011,0.0,0.202,0.102,-8.88,1.72,413,3175,-2578,0,0,6603,0.0259,-0.004,0.153,0.053,-8.17,1.01,399,3823,-6043,0,0
172.92,4,13350.7,660.91,0.01,13005.57,55.2,0.31,-0.98,-1.0,0.5,0.0,1.0,1,4259,322.8,0.99,0.0,-1.23,-41.72,797,128,2470,-0.021,-0.004,0.673,0.573,-47.74,40.58,403,1852,-2118,0,0,4846,0.0156,-0.017,0.304,0.204,-37.68,30.52,401,2309,-4764,0,0,3479,-0.0109,0.003,0.253,0.153,-8.82,1.66,403,3198,-2562,0,0,6586,0.0257,-0.01,0.104,0.004,-8.19,1.03,412,3715,-6075,0,0
172.94,4,13351.0,661.11,0.01,13005.81,55.3,0.31,-0.98,-1.0,0.5,0.0,1.0,1,4271,322.8,0.99,-0.01,-1.22,-40.68,801,129,2467,-0.0211,-0.003,0.675,0.575,-47.89,40.72,404,1851,-2114,0,0,4825,0.0152,-0.016,0.309,0.209,-37.82,30.66,403,2322,-4735,0,0,3484,-0.0108,0.003,0.199,0.099,-8.82,1.66,416,3165,-2605,0,0,6569,0.0254,-0.01,0.154,0.054,-8.24,1.07,401,3834,-6011,0,0
172.96,4,13351.3,661.31,0.01,13006.04,55.5,0.32,-0.98,-1.0,0.5,0.0,1.0,1,4271,322.9,0.99,-0.01,-1.22,-39.68,805,130,2466,-0.0211,-0.001,0.673,0.573,-47.97,40.81,404,1851,-2112,0,0,4812,0.015,-0.011,0.312,0.212,-37.97,30.81,403,2318,-4721,0,0,3492,-0.0107,0.005,0.246,0.146,-8.75,1.59,404,3170,-2611,0,0,6560,0.0253,-0.005,0.106,0.006,-8.21,1.04,413,3789,-6022,0,0
172.98,4,13351.6,661.5,0.01,13006.28,55.7,0.31,-0.99,-1.0,0.5,0.0,1.0,1,4275,322.9,0.99,-0.01,-1.21,-38.65,810,131,2464,-0.0211,-0.001,0.674,0.574,-48.21,41.05,405,1840,-2118,0,0,4801,0.0149,-0.008,0.311,0.211,-38.14,30.97,403,2317,-4708,0,0,3504,-0.0106,0.007,0.194,0.094,-8.69,1.52,416,3151,-2649,0,0,6560,0.0253,0.0,0.153,0.053,-7.99,0.83,402,3834,-5974,0,0
173.0,4,13352.0,661.7,0.01,13006.52,55.8,0.31,-0.99,-1.0,0.5,0.0,1.0,1,4284,322.9,1.0,-0.01,-1.21,-37.62,814,132,2464,-0.0211,0.0,0.678,0.578,-48.35,41.18,405,1844,-2114,0,0,4786,0.0146,-0.012,0.312,0.212,-38.18,31.01,404,2309,-4694,0,0,3519,-0.0104,0.009,0.24,0.14,-8.5,1.34,405,3168,-2651,0,0,6555,0.0253,-0.003,0.103,0.003,-7.9,0.74,415,3741,-5995,0,0
173.02,4,13352.3,661.89,0.01,13006.76,56.0,0.31,-0.99,-1.0,0.5,0.0,1.0,1,4293,322.9,1.0,-0.02,-1.2,-36.58,819,132,2461,-0.0211,-0.002,0.672,0.572,-48.46,41.29,406,1833,-2118,0,0,4779,0.0145,-0.006,0.318,0.218,-38.35,31.19,405,2318,-4682,0,0,3521,-0.0104,0.002,0.192,0.092,-8.49,1.33,418,3178,-2644,0,0,6552,0.0253,-0.002,0.151,0.051,-7.89,0.73,404,3822,-5952,0,0
173.04,4,13352.6,662.08,0.01,13007.01,56.2,0.31,-0.99,-1.0,0.5,0.0,1.0,1,4302,322.9,1.0,-0.02,-1.2,-35.53,822,133,2460,-0.0212,-0.001,0.673,0.573,-48.46,41.3,407,1827,-2120,0,0,4766,0.0143,-0.01,0.316,0.216,-38.29,31.12,405,2318,-4667,0,0,3533,-0.0103,0.007,0.235,0.135,-8.28,1.12,407,3173,-2663,0,0,6549,0.0252,-0.002,0.102,0.002,-7.78,0.62,417,3734,-5973,0,0
173.06,4,13352.9,662.27,0.01,13007.26,56.3,0.31,-0.99,-1.0,0.5,0.0,1.0,1,4303,322.9,1.0,-0.02,-1.2,-34.61,827,134,2462,-0.0211,0.002,0.669,0.569,-48.57,41.4,407,1821,-2128,0,0,4767,0.0143,0.001,0.315,0.215,-38.34,31.18,406,2312,-4670,0,0,3539,-0.0102,0.004,0.179,0.079,-8.11,0.94,419,3139,-2700,0,0,6553,0.0253,0.002,0.15,0.05,-7.53,0.37,404,3900,-5863,0,0
173.08,4,13353.2,662.45,0.01,13007.52,56.5,0.31,-0.99,-1.0,0.5,0.0,1.0,1,4305,322.9,1.0,-0.02,-1.2,-33.74,833,135,2465,-0.0211,0.002,0.664,0.564,-48.53,41.37,408,1814,-2136,0,0,4775,0.0145,0.006,0.316,0.216,-38.49,31.32,406,2315,-4676,0,0,3538,-0.0102,-0.001,0.227,0.127,-7.88,0.71,408,3175,-2653,0,0,6558,0.0253,0.003,0.1,0.0,-7.41,0.25,417,3777,-5893,0,0
173.1,4,13353.5,662.64,0.01,13007.77,56.6,0.31,-0.98,-1.0,0.5,0.0,1.0,1,4314,322.9,1.0,-0.02,-1.21,-32.86,837,135,2464,-0.0211,-0.001,0.663,0.563,-48.61,41.45,409,1809,-2138,0,0,4775,0.0145,0.001,0.313,0.213,-38.43,31.27,407,2298,-4684,0,0,3532,-0.0103,-0.003,0.172,0.072,-7.75,0.59,421,3130,-2682,0,0,6554,0.0253,-0.002,0.149,0.049,-7.38,0.22,406,3911,-5824,0,0
173.12,4,13353.8,662.81,0.01,13008.03,56.8,0.31,-0.98,-1.0,0.5,0.0,1.0,1,4325,323.2,1.0,-0.02,-1.21,-31.99,842,136,2460,-0.0211,-0.003,0.662,0.562,-48.64,41.48,410,1804,-2137,0,0,4779,0.0145,0.003,0.314,0.214,-38.47,31.3,408,2305,-4686,0,0,3526,-0.0103,-0.004,0.221,0.121,-7.59,0.43,410,3160,-2636,0,0,6559,0.0253,0.003,0.098,-0.002,-7.16,-0.01,419,3795,-5835,0,0
173.14,4,13354.2,662.99,0.01,13008.29,57.0,0.31,-0.97,-1.0,0.5,0.0,1.0,1,4332,323.5,1.0,-0.02,-1.21,-31.18,846,137,2457,-0.0212,-0.003,0.658,0.558,-48.62,41.45,411,1796,-2138,0,0,4784,0.0146,0.003,0.314,0.214,-38.41,31.25,409,2309,-4689,0,0,3520,-0.0104,-0.004,0.17,0.07,-7.45,0.28,422,3147,-2632,0,0,6562,0.0254,0.002,0.145,0.045,-6.98,-0.18,407,3938,-5736,0,0
173.16,4,13354.5,663.16,0.01,13008.56,57.1,0.31,-0.98,-1.0,0.5,0.0,1.0,1,4337,323.8,1.0,-0.02,-1.21,-30.38,851,138,2460,-0.0212,0.002,0.65,0.55,-48.59,41.43,411,1790,-2145,0,0,4787,0.0147,0.003,0.315,0.215,-38.44,31.28,410,2302,-4696,0,0,3521,-0.0104,0.001,0.215,0.115,-7.22,0.06,411,3155,-2614,0,0,6565,0.0254,0.002,0.096,-0.004,-6.82,-0.34,420,3812,-5749,0,0
173.18,4,13354.8,663.34,0.01,13008.83,57.3,0.31,-0.97,-1.0,1.0,0.0,1.0,1,4344,324.1,1.0,-0.02,-1.2,-29.6,856,139,2462,-0.0211,0.002,0.647,0.547,-48.46,41.3,412,1782,-2154,0,0,4788,0.0147,0.0,0.313,0.213,-38.44,31.27,410,2307,-4694,0,0,3525,-0.0104,0.002,0.162,0.062,-7.03,-0.13,423,3133,-2627,0,0,6566,0.0254,0.001,0.143,0.043,-6.66,-0.51,408,3945,-5651,0,0
173.2,4,13355.1,663.5,0.01,13009.1,57.5,0.32,-0.96,-1.0,0.5,0.0,1.0,1,4432,782.4,1.57,-0.02,-1.19,-28.94,860,139,2468,-0.021,0.005,0.644,0.544,-48.31,41.15,430,1800,-2150,0,0,4780,0.0145,-0.006,0.316,0.216,-38.38,31.22,430,2341,-4671,0,0,3535,-0.0102,0.006,0.202,0.102,-6.83,-0.34,466,3373,-2392,0,0,6558,0.0253,-0.005,0.079,-0.021,-6.52,-0.65,482,4278,-5456,0,0
173.22,4,13355.4,663.67,0.01,13009.38,57.8,0.49,-0.86,-1.0,0.5,0.0,1.0,1,4576,335.5,1.04,-0.03,-1.17,-29.66,869,141,2477,-0.0209,0.007,0.716,0.616,-48.43,41.27,450,1936,-2062,0,0,4770,0.0144,-0.008,0.364,0.264,-38.31,31.15,448,2682,-4499,0,0,3555,-0.01,0.012,0.172,0.072,-6.86,-0.3,495,3736,-1949,0,0,6552,0.0253,-0.003,0.144,0.044,-6.51,-0.66,470,5759,-4445,0,0
173.24,4,13355.8,663.83,0.01,13009.65,58.0,0.45,-0.89,-1.0,1.0,0.0,1.0,1,4354,329.7,1.02,-0.04,-1.15,-29.57,874,142,2481,-0.0208,0.003,0.636,0.536,-48.4,41.24,431,1848,-2133,0,0,4732,0.0138,-0.029,0.303,0.203,-38.15,30.99,431,2403,-4592,0,0,3605,-0.0094,0.029,0.162,0.062,-6.8,-0.36,454,3376,-2493,0,0,6549,0.0252,-0.002,0.037,-0.063,-6.47,-0.7,472,3798,-5609,0,0
173.26,4,13356.1,664.0,0.01,13009.93,58.2,0.35,-0.95,-1.0,1.0,0.0,1.0,1,4485,789.3,1.59,-0.05,-1.14,-28.72,881,143,2483,-0.0208,0.002,0.617,0.517,-48.37,41.21,429,1799,-2171,0,0,4698,0.0133,-0.026,0.291,0.191,-38.24,31.08,428,2276,-4609,0,0,3663,-0.0087,0.034,0.098,-0.002,-6.54,-0.62,470,3354,-2589,0,0,6560,0.0253,0.006,0.064,-0.036,-6.13,-1.03,445,4253,-5355,0,0
173.28,4,13356.4,664.15,0.01,13010.22,58.6,0.53,-0.82,-1.0,0.5,0.0,1.0,1,5408,1004.9,2.05,-0.06,-1.12,-29.66,890,145,2482,-0.0208,-0.001,0.896,0.796,-48.29,41.12,507,2074,-1953,0,0,4675,0.0129,-0.018,0.515,0.415,-38.19,31.03,505,3051,-4180,0,0,3695,-0.0084,0.018,0.525,0.425,-6.64,-0.53,599,4288,-1126,0,0,6563,0.0254,0.002,0.38,0.28,-6.29,-0.87,607,7153,-2410,0,0
173.3,4,13356.7,664.31,0.01,13010.5,59.1,0.76,-0.6,-1.0,0.5,0.0,1.0,1,6002,542.4,1.53,-0.09,-1.06,-32.89,904,147,2479,-0.0209,-0.002,1.137,1.037,-48.3,41.14,574,2370,-1638,0,0,4623,0.0121,-0.04,0.678,0.578,-38.19,31.03,564,3821,-3527,0,0,3753,-0.0077,0.035,0.609,0.509,-7.12,-0.04,672,4438,-801,0,0,6558,0.0253,-0.003,0.538,0.438,-6.77,-0.4,645,7424,-1563,0,0
173.32,4,13357.1,664.47,0.01,13010.8,59.6,0.8,-0.6,-1.0,0.5,0.0,1.0,1,5865,320.2,1.18,-0.13,-0.99,-35.9,916,150,2484,-0.0208,0.004,1.159,1.059,-48.42,41.25,563,2418,-1587,0,0,4518,0.0105,-0.081,0.658,0.558,-38.19,31.03,543,3776,-3418,0,0,3868,-0.0063,0.067,0.521,0.421,-7.76,0.6,580,4523,-1012,0,0,6528,0.025,-0.018,0.462,0.362,-7.35,0.19,558,7296,-1915,0,0
173.34,4,13357.4,664.63,0.01,13011.09,60.1,0.79,-0.65,-1.0,0.5,0.0,1.0,1,5608,326.1,1.17,-0.17,-0.91,-38.12,928,153,2482,-0.0208,-0.001,1.061,0.961,-48.58,41.42,554,2379,-1635,0,0,4384,0.0084,-0.103,0.561,0.461,-38.41,31.25,532,3484,-3488,0,0,4026,-0.0045,0.093,0.373,0.273,-8.23,1.07,550,4610,-1354,0,0,6513,0.0248,-0.009,0.229,0.129,-7.78,0.62,564,7002,-2663,0,0
173.36,4,13357.7,664.78,0.01,13011.39,60.6,0.76,-0.7,-1.0,0.5,0.0,1.0,1,5421,332.0,1.14,-0.22,-0.84,-39.57,942,155,2474,-0.0209,-0.007,0.982,0.882,-48.75,41.59,534,2304,-1708,0,0,4222,0.006,-0.124,0.502,0.402,-38.61,31.45,514,3141,-3542,0,0,4216,-0.0022,0.111,0.308,0.208,-8.63,1.47,532,4689,-1746,0,0,6502,0.0247,-0.006,0.178,0.078,-8.09,0.93,549,6697,-3254,0,0
173.38,4,13358.1,664.94,0.01,13011.69,61.1,0.72,-0.75,-1.0,0.5,0.0,1.0,1,5296,332.8,1.13,-0.26,-0.8,-40.17,952,158,2451,-0.0213,-0.017,0.926,0.826,-49.0,41.84,519,2224,-1759,0,0,4071,0.0036,-0.116,0.47,0.37,-38.86,31.7,506,2882,-3532,0,0,4367,-0.0005,0.089,0.268,0.168,-9.0,1.84,520,4710,-2102,0,0,6486,0.0245,-0.01,0.144,0.044,-8.44,1.28,538,6348,-3792,0,0
173.4,4,13358.4,665.09,0.01,13012.0,61.5,0.68,-0.8,-1.0,0.5,0.0,1.0,1,5163,333.9,1.11,-0.29,-0.78,-40.08,962,160,2412,-0.0219,-0.03,0.886,0.786,-49.19,42.03,514,2122,-1800,0,0,3947,0.0017,-0.096,0.463,0.363,-39.08,31.92,507,2700,-3496,0,0,4487,0.001,0.071,0.287,0.187,-9.19,2.03,548,4702,-2399,0,0,6495,0.0246,0.005,0.199,0.099,-8.63,1.47,545,5912,-4382,0,0
173.42,4,13358.8,665.24,0.01,13012.31,61.9,0.62,-0.85,-1.0,0.5,0.0,1.0,1,4992,334.4,1.09,-0.31,-0.79,-39.33,971,162,2365,-0.0226,-0.036,0.787,0.687,-49.42,42.26,483,1995,-1847,0,0,3861,0.0004,-0.066,0.4,0.3,-39.34,32.18,482,2461,-3536,0,0,4558,0.0018,0.042,0.175,0.075,-9.26,2.1,489,4481,-2887,0,0,6514,0.0248,0.012,0.056,-0.044,-8.68,1.52,511,5072,-5229,0,0
173.44,4,13359.1,665.38,0.01,13012.62,62.2,0.49,-0.94,-1.0,1.0,0.0,1.0,1,4777,335.1,1.07,-0.31,-0.83,-37.54,979,163,2317,-0.0233,-0.036,0.706,0.606,-49.69,42.53,464,1839,-1911,0,0,3828,-0.0001,-0.025,0.338,0.238,-39.43,32.27,464,2169,-3657,0,0,4578,0.002,0.012,0.09,-0.01,-9.17,2.0,495,3885,-3598,0,0,6554,0.0253,0.023,0.05,-0.05,-8.53,1.37,471,3929,-6002,0,0
173.46,4,13359.4,665.53,0.01,13012.94,62.4,0.4,-0.99,-1.0,0.5,0.0,1.0,1,4922,792.1,1.65,-0.29,-0.91,-35.61,987,164,2274,-0.024,-0.033,0.763,0.663,-49.88,42.72,483,1790,-1889,0,0,3876,0.0006,0.036,0.383,0.283,-39.59,32.43,482,2145,-3724,0,0,4515,0.0013,-0.037,0.253,0.153,-8.94,1.78,523,4108,-3270,0,0,6609,0.0259,0.032,0.13,0.03,-8.5,1.33,541,4460,-5769,0,0
173.48,4,13359.8,665.66,0.01,13013.26,62.7,0.52,-0.92,-1.0,0.5,0.0,1.0,1,5044,334.6,1.09,-0.27,-0.99,-34.97,1000,166,2234,-0.0246,-0.031,0.825,0.725,-50.04,42.88,483,1852,-1779,0,0,3982,0.0023,0.082,0.43,0.33,-39.84,32.68,481,2435,-3696,0,0,4393,-0.0001,-0.072,0.226,0.126,-8.98,1.81,486,4314,-2805,0,0,6679,0.0267,0.041,0.188,0.088,-8.48,1.32,469,5412,-5154,0,0
173.5,4,13360.1,665.8,0.01,13013.58,62.9,0.45,-0.97,-1.0,0.5,0.0,1.0,1,4850,335.2,1.06,-0.24,-1.07,-33.77,1012,167,2195,-0.0252,-0.029,0.752,0.652,-50.17,43.01,466,1750,-1808,0,0,4098,0.004,0.089,0.36,0.26,-39.98,32.82,458,2230,-3939,0,0,4255,-0.0018,-0.081,0.229,0.129,-8.84,1.68,459,3797,-3183,0,0,6743,0.0275,0.038,0.111,0.011,-8.4,1.24,470,4232,-6043,0,0
173.52,4,13360.5,665.93,0.01,13013.9,63.1,0.35,-1.01,-1.0,1.0,0.0,1.0,1,4810,335.4,1.06,-0.21,-1.15,-32.08,1022,168,2165,-0.0257,-0.023,0.735,0.635,-50.27,43.11,462,1686,-1815,0,0,4212,0.0058,0.088,0.352,0.252,-39.88,32.72,455,2184,-4093,0,0,4108,-0.0035,-0.087,0.167,0.067,-8.66,1.5,469,3420,-3315,0,0,6786,0.028,0.025,0.147,0.047,-8.25,1.09,455,3951,-6217,0,0
173.54,4,13360.8,666.06,0.01,13014.23,63.3,0.33,-1.01,-1.0,0.5,0.0,1.0,1,4899,792.3,1.66,-0.17,-1.21,-30.5,1032,169,2150,-0.0259,-0.011,0.74,0.64,-50.33,43.17,482,1677,-1802,0,0,4349,0.0079,0.105,0.36,0.26,-40.14,32.98,476,2286,-4200,0,0,3940,-0.0055,-0.099,0.204,0.104,-8.45,1.29,512,3531,-2951,0,0,6816,0.0284,0.018,0.086,-0.014,-8.06,0.9,529,4155,-6124,0,0
173.56,4,13361.2,666.19,0.01,13014.56,63.6,0.49,-0.91,-1.0,0.5,0.0,1.0,1,5057,334.1,1.1,-0.14,-1.25,-30.61,1046,170,2151,-0.0259,0.001,0.808,0.708,-50.2,43.04,502,1768,-1728,0,0,4477,0.0099,0.098,0.41,0.31,-40.18,33.02,493,2656,-4161,0,0,3779,-0.0074,-0.095,0.181,0.081,-8.43,1.26,544,3773,-2384,0,0,6821,0.0284,0.003,0.154,0.054,-8.03,0.86,519,5678,-5075,0,0
173.58,4,13361.6,666.32,0.01,13014.89,63.8,0.43,-0.95,-1.0,1.0,0.0,1.0,1,4859,335.0,1.08,-0.11,-1.27,-30.35,1056,172,2166,-0.0257,0.012,0.754,0.654,-50.13,42.97,489,1741,-1774,0,0,4565,0.0112,0.068,0.35,0.25,-40.19,33.03,475,2470,-4359,0,0,3661,-0.0088,-0.07,0.124,0.024,-8.42,1.26,525,3186,-2853,0,0,6797,0.0281,-0.014,0.109,0.009,-8.05,0.89,502,4313,-6009,0,0
173.6,4,13361.9,666.44,0.01,13015.22,64.0,0.37,-0.97,-1.0,0.5,0.0,1.0,1,5128,792.6,1.69,-0.09,-1.27,-29.72,1063,173,2195,-0.0252,0.022,0.789,0.689,-50.24,43.08,484,1747,-1811,0,0,4628,0.0122,0.049,0.401,0.301,-40.24,33.08,475,2538,-4398,0,0,3581,-0.0097,-0.047,0.288,0.188,-8.35,1.19,498,3493,-2385,0,0,6763,0.0277,-0.021,0.177,0.077,-7.94,0.78,502,5244,-5359,0,0
173.62,4,13362.3,666.56,0.01,13015.56,64.3,0.5,-0.87,-1.0,0.5,0.0,1.0,1,5261,333.6,1.11,-0.08,-1.25,-30.6,1073,174,2235,-0.0246,0.03,0.845,0.745,-50.43,43.27,501,1851,-1780,0,0,4671,0.0129,0.033,0.443,0.343,-40.19,33.03,493,2853,-4281,0,0,3541,-0.0102,-0.024,0.256,0.156,-8.43,1.27,518,3689,-2027,0,0,6727,0.0273,-0.021,0.234,0.134,-7.71,0.55,496,6326,-4219,0,0
173.64,4,13362.6,666.67,0.01,13015.9,64.5,0.47,-0.92,-1.0,0.5,0.0,1.0,1,5006,334.8,1.08,-0.07,-1.22,-30.7,1081,176,2285,-0.0238,0.039,0.77,0.67,-50.45,43.29,482,1828,-1872,0,0,4679,0.013,0.006,0.382,0.282,-40.24,33.08,474,2654,-4397,0,0,3555,-0.01,0.008,0.226,0.126,-8.46,1.3,476,3312,-2556,0,0,6685,0.0268,-0.025,0.114,0.014,-8.09,0.92,481,4623,-5700,0,0
173.66,4,13363.0,666.78,0.01,13016.24,64.7,0.36,-0.99,-1.0,1.0,0.0,1.0,1,4923,335.1,1.07,-0.07,-1.2,-29.7,1088,177,2326,-0.0232,0.032,0.719,0.619,-50.35,43.19,470,1779,-1969,0,0,4671,0.0129,-0.006,0.363,0.263,-40.27,33.11,468,2487,-4471,0,0,3594,-0.0095,0.023,0.163,0.063,-8.17,1.01,482,3075,-2846,0,0,6660,0.0265,-0.015,0.146,0.046,-7.9,0.74,466,4057,-5973,0,0
173.68,4,13363.3,666.89,0.01,13016.59,64.9,0.33,-1.01,-1.0,0.5,0.0,1.0,1,4993,792.6,1.68,-0.07,-1.19,-28.58,1093,178,2363,-0.0226,0.028,0.707,0.607,-50.36,43.19,485,1787,-2014,0,0,4670,0.0128,-0.001,0.357,0.257,-40.25,33.09,484,2462,-4482,0,0,3624,-0.0092,0.018,0.198,0.098,-8.13,0.97,525,3259,-2715,0,0,6641,0.0263,-0.011,0.088,-0.012,-7.77,0.61,541,4148,-5888,0,0
173.7,4,13363.7,667.0,0.01,13016.93,65.2,0.48,-0.91,-1.0,0.5,0.0,1.0,1,5143,333.7,1.11,-0.07,-1.17,-28.76,1101,179,2396,-0.0221,0.025,0.769,0.669,-50.3,43.14,505,1910,-1963,0,0,4671,0.0129,0.001,0.403,0.303,-40.13,32.97,503,2742,-4342,0,0,3651,-0.0089,0.016,0.174,0.074,-8.1,0.94,556,3643,-2311,0,0,6626,0.0261,-0.009,0.152,0.052,-7.76,0.59,531,5560,-4892,0,0
173.72,4,13364.1,667.1,0.01,13017.28,65.4,0.43,-0.97,-1.0,1.0,0.0,1.0,1,4928,334.8,1.08,-0.07,-1.16,-28.24,1110,181,2426,-0.0217,0.024,0.712,0.612,-50.43,43.27,490,1874,-2035,0,0,4669,0.0128,-0.001,0.355,0.255,-40.24,33.08,487,2551,-4438,0,0,3694,-0.0084,0.026,0.158,0.058,-7.92,0.76,513,3192,-2877,0,0,6627,0.0261,0.001,0.052,-0.048,-7.64,0.48,530,3704,-6050,0,0
173.74,4,13364.4,667.2,0.01,13017.63,65.6,0.37,-1.0,-1.0,0.5,0.0,1.0,1,5201,792.7,1.7,-0.07,-1.16,-27.2,1116,182,2438,-0.0215,0.009,0.751,0.651,-50.41,43.25,487,1867,-2056,0,0,4662,0.0127,-0.006,0.393,0.293,-40.23,33.07,484,2547,-4432,0,0,3728,-0.008,0.02,0.229,0.129,-7.77,0.6,519,3535,-2576,0,0,6635,0.0262,0.005,0.206,0.106,-7.46,0.3,499,5230,-5157,0,0
173.76,4,13364.8,667.29,0.01,13017.99,65.9,0.52,-0.9,-1.0,0.5,0.0,1.0,1,5319,333.3,1.12,-0.08,-1.15,-27.47,1125,183,2442,-0.0214,0.003,0.808,0.708,-50.3,43.13,505,1974,-1976,0,0,4661,0.0127,0.0,0.433,0.333,-40.09,32.93,501,2816,-4291,0,0,3747,-0.0077,0.011,0.279,0.179,-7.73,0.57,511,3892,-2131,0,0,6649,0.0264,0.008,0.168,0.068,-7.43,0.27,513,5947,-4517,0,0
173.78,4,13365.2,667.38,0.01,13018.34,66.2,0.48,-0.94,-1.0,1.0,0.0,1.0,1,5068,334.6,1.09,-0.09,-1.15,-27.07,1134,185,2436,-0.0215,-0.004,0.73,0.63,-50.33,43.17,486,1898,-2030,0,0,4650,0.0125,-0.009,0.37,0.27,-40.15,32.98,481,2585,-4400,0,0,3780,-0.0074,0.019,0.163,0.063,-7.62,0.46,495,3413,-2782,0,0,6674,0.0267,0.015,0.146,0.046,-7.31,0.14,477,4556,-5620,0,0
173.8,4,13365.5,667.47,0.01,13018.7,66.4,0.37,-0.99,-1.0,0.5,0.0,1.0,1,5091,792.7,1.7,-0.1,-1.15,-25.81,1140,186,2425,-0.0217,-0.009,0.699,0.599,-50.32,43.16,496,1829,-2067,0,0,4630,0.0122,-0.016,0.357,0.257,-40.14,32.98,496,2461,-4437,0,0,3813,-0.007,0.02,0.182,0.082,-7.33,0.16,532,3441,-2793,0,0,6696,0.0269,0.013,0.081,-0.019,-7.12,-0.04,548,4260,-5770,0,0
173.82,4,13365.9,667.55,0.01,13019.06,66.7,0.5,-0.9,-1.0,1.0,0.0,1.0,1,5224,333.3,1.12,-0.11,-1.15,-25.82,1150,188,2416,-0.0218,-0.007,0.757,0.657,-50.26,43.1,515,1915,-1988,0,0,4628,0.0122,-0.002,0.402,0.302,-40.1,32.93,513,2726,-4301,0,0,3824,-0.0068,0.007,0.154,0.054,-7.28,0.12,561,3795,-2407,0,0,6716,0.0272,0.012,0.14,0.04,-6.97,-0.19,536,5638,-4855,0,0
173.84,4,13366.3,667.64,0.01,13019.42,67.0,0.5,-0.91,-1.0,0.5,0.0,1.0,1,5303,792.3,1.74,-0.12,-1.14,-25.62,1160,189,2409,-0.0219,-0.005,0.768,0.668,-50.21,43.05,517,1905,-1987,0,0,4616,0.012,-0.009,0.409,0.309,-40.02,32.86,514,2691,-4306,0,0,3841,-0.0066,0.01,0.245,0.145,-7.24,0.08,556,3841,-2377,0,0,6728,0.0273,0.007,0.143,0.043,-6.95,-0.22,556,5626,-4876,0,0
173.86,4,13366.7,667.71,0.01,13019.79,67.3,0.56,-0.86,-1.0,1.0,0.0,1.0,1,5189,333.6,1.11,-0.13,-1.13,-25.88,1170,191,2397,-0.0221,-0.01,0.766,0.666,-50.2,43.04,517,1930,-1949,0,0,4590,0.0116,-0.02,0.384,0.284,-40.02,32.86,505,2703,-4270,0,0,3869,-0.0063,0.016,0.165,0.065,-7.22,0.06,536,3836,-2432,0,0,6737,0.0274,0.006,0.121,0.021,-6.82,-0.34,525,5703,-4802,0,0
173.88,4,13367.0,667.79,0.01,13020.16,67.6,0.49,-0.91,-1.0,0.5,0.0,1.0,1,5311,792.1,1.75,-0.14,-1.11,-25.32,1178,193,2392,-0.0222,-0.004,0.741,0.641,-50.05,42.89,520,1878,-1984,0,0,4552,0.011,-0.029,0.386,0.286,-40.01,32.85,516,2590,-4285,0,0,3914,-0.0058,0.026,0.204,0.104,-7.01,-0.15,550,3863,-2471,0,0,6738,0.0274,0.001,0.1,0.0,-6.86,-0.3,565,5216,-5191,0,0
173.9,4,13367.4,667.86,0.01,13020.53,67.9,0.55,-0.87,-1.0,1.0,0.0,1.0,1,5246,333.3,1.12,-0.14,-1.1,-25.45,1187,195,2394,-0.0222,0.001,0.762,0.662,-50.12,42.96,522,1922,-1951,0,0,4529,0.0107,-0.018,0.388,0.288,-39.76,32.6,512,2692,-4205,0,0,3947,-0.0054,0.02,0.168,0.068,-7.05,-0.11,538,3945,-2424,0,0,6739,0.0275,0.0,0.122,0.022,-6.77,-0.4,534,5737,-4766,0,0
173.92,4,13367.8,667.93,0.01,13020.9,68.2,0.52,-0.91,-1.0,1.0,0.0,1.0,1,5469,791.1,1.78,-0.15,-1.1,-25.29,1197,196,2397,-0.0221,0.002,0.749,0.649,-50.09,42.92,527,1911,-1964,0,0,4517,0.0105,-0.009,0.394,0.294,-39.91,32.74,523,2676,-4199,0,0,3979,-0.005,0.019,0.167,0.067,-6.98,-0.18,542,3981,-2434,0,0,6752,0.0276,0.008,0.077,-0.023,-6.74,-0.42,557,5703,-4809,0,0
173.94,4,13368.2,668.0,0.01,13021.28,68.6,0.61,-0.83,-1.0,0.5,0.0,1.0,1,5687,999.1,2.13,-0.16,-1.09,-25.91,1209,199,2393,-0.0222,-0.003,0.85,0.75,-50.04,42.88,557,2003,-1880,0,0,4501,0.0103,-0.012,0.463,0.363,-39.89,32.73,549,2909,-4046,0,0,4011,-0.0046,0.018,0.27,0.17,-6.98,-0.18,606,4363,-1887,0,0,6768,0.0278,0.009,0.23,0.13,-6.73,-0.43,588,6746,-3650,0,0
173.96,4,13368.5,668.06,0.01,13021.65,69.0,0.68,-0.76,-1.0,0.5,0.0,1.0,1,5728,550.6,1.5,-0.18,-1.07,-27.07,1221,201,2384,-0.0223,-0.006,0.887,0.787,-50.02,42.85,570,2062,-1813,0,0,4475,0.0098,-0.02,0.475,0.375,-39.9,32.74,554,3022,-3942,0,0,4053,-0.0041,0.025,0.267,0.167,-7.19,0.03,588,4431,-1861,0,0,6787,0.028,0.011,0.204,0.104,-6.92,-0.24,590,6801,-3612,0,0
173.98,4,13368.9,668.12,0.01,13022.03,69.5,0.66,-0.81,-1.0,0.5,0.0,1.0,1,5686,326.6,1.16,-0.2,-1.04,-27.62,1234,204,2384,-0.0223,0.0,0.859,0.759,-50.05,42.89,553,2026,-1847,0,0,4431,0.0092,-0.034,0.459,0.359,-39.94,32.77,540,2882,-3977,0,0,4124,-0.0033,0.042,0.274,0.174,-7.25,0.08,540,4350,-2179,0,0,6801,0.0282,0.008,0.168,0.068,-7.01,-0.16,542,6333,-4271,0,0
174.0,4,13369.3,668.17,0.01,13022.42,69.8,0.58,-0.89,-1.0,1.0,0.0,1.0,1,5410,332.1,1.14,-0.21,-1.03,-27.25,1247,206,2387,-0.0223,0.002,0.737,0.637,-50.08,42.92,530,1926,-1938,0,0,4387,0.0085,-0.034,0.366,0.266,-39.96,32.8,520,2591,-4092,0,0,4195,-0.0025,0.042,0.09,-0.01,-7.24,0.08,558,3899,-2911,0,0,6811,0.0283,0.006,0.057,-0.043,-6.96,-0.2,529,5016,-5423,0,0
174.02,4,13369.7,668.23,0.01,13022.8,70.1,0.47,-0.94,-1.0,0.5,0.0,1.0,1,5474,790.9,1.78,-0.21,-1.04,-26.08,1256,207,2379,-0.0224,-0.007,0.729,0.629,-50.12,42.96,535,1847,-1989,0,0,4360,0.0081,-0.021,0.385,0.285,-39.95,32.79,534,2469,-4124,0,0,4230,-0.0021,0.021,0.193,0.093,-7.07,-0.09,566,4066,-2775,0,0,6822,0.0284,0.006,0.095,-0.005,-6.8,-0.36,582,5152,-5325,0,0
174.04,4,13370.1,668.28,0.01,13023.19,70.4,0.55,-0.89,-1.0,1.0,0.0,1.0,1,5412,332.3,1.14,-0.2,-1.05,-25.98,1269,209,2374,-0.0225,-0.003,0.754,0.654,-50.13,42.97,539,1894,-1947,0,0,4371,0.0082,0.008,0.389,0.289,-39.92,32.76,530,2589,-4074,0,0,4221,-0.0022,-0.005,0.156,0.056,-6.97,-0.19,557,4138,-2665,0,0,6832,0.0285,0.006,0.114,0.014,-6.75,-0.41,546,5615,-4985,0,0
174.06,4,13370.5,668.32,0.01,13023.58,70.7,0.48,-0.93,-1.0,0.5,0.0,1.0,1,5528,789.0,1.79,-0.2,-1.07,-25.38,1280,211,2370,-0.0225,-0.003,0.738,0.638,-50.15,42.99,543,1854,-1972,0,0,4390,0.0085,0.015,0.385,0.285,-39.98,32.82,539,2493,-4147,0,0,4198,-0.0024,-0.014,0.192,0.092,-6.9,-0.26,570,4088,-2683,0,0,6839,0.0286,0.005,0.094,-0.006,-6.66,-0.5,586,5229,-5261,0,0
174.08,4,13370.9,668.37,0.01,13023.97,71.0,0.54,-0.89,-1.0,1.0,0.0,1.0,1,5427,332.2,1.14,-0.19,-1.07,-25.48,1294,213,2369,-0.0226,-0.001,0.747,0.647,-50.03,42.87,542,1885,-1946,0,0,4420,0.009,0.023,0.378,0.278,-39.94,32.78,530,2561,-4147,0,0,4166,-0.0028,-0.019,0.149,0.049,-6.92,-0.24,558,4041,-2683,0,0,6849,0.0287,0.006,0.108,0.008,-6.58,-0.58,548,5553,-5021,0,0
174.1,4,13371.3,668.4,0.01,13024.37,71.3,0.47,-0.93,-1.0,0.5,0.0,1.0,1,5556,788.1,1.8,-0.18,-1.08,-24.87,1305,215,2373,-0.0225,0.003,0.729,0.629,-50.1,42.94,546,1844,-1984,0,0,4431,0.0092,0.008,0.381,0.281,-39.94,32.77,541,2489,-4196,0,0,4151,-0.003,-0.009,0.187,0.087,-6.79,-0.37,574,4016,-2682,0,0,6842,0.0287,-0.004,0.093,-0.007,-6.55,-0.61,589,5219,-5246,0,0
174.12,4,13371.7,668.44,0.01,13024.76,71.6,0.54,-0.88,-1.0,1.0,0.0,1.0,1,5498,331.1,1.15,-0.18,-1.08,-25.0,1317,217,2377,-0.0224,0.003,0.75,0.65,-50.08,42.92,548,1891,-1952,0,0,4441,0.0093,0.008,0.385,0.285,-39.93,32.77,538,2607,-4147,0,0,4130,-0.0032,-0.012,0.154,0.054,-6.75,-0.41,562,4065,-2581,0,0,6829,0.0285,-0.007,0.113,0.013,-6.52,-0.64,558,5694,-4875,0,0
174.14,4,13372.1,668.47,0.01,13025.16,71.9,0.48,-0.92,-1.0,0.5,0.0,1.0,1,5612,786.1,1.81,-0.18,-1.08,-24.55,1329,218,2375,-0.0225,-0.001,0.733,0.633,-50.09,42.93,552,1852,-1981,0,0,4449,0.0094,0.006,0.384,0.284,-39.81,32.64,546,2530,-4197,0,0,4113,-0.0034,-0.01,0.188,0.088,-6.64,-0.52,579,4022,-2600,0,0,6825,0.0285,-0.003,0.093,-0.007,-6.4,-0.76,594,5283,-5151,0,0
174.16,4,13372.5,668.5,0.01,13025.56,72.2,0.54,-0.86,-1.0,1.0,0.0,1.0,1,5511,330.6,1.15,-0.18,-1.08,-24.71,1341,220,2368,-0.0226,-0.005,0.745,0.645,-50.03,42.87,551,1881,-1948,0,0,4447,0.0094,-0.001,0.376,0.276,-39.89,32.73,539,2571,-4174,0,0,4099,-0.0036,-0.008,0.144,0.044,-6.64,-0.52,563,3975,-2630,0,0,6818,0.0284,-0.004,0.106,0.006,-6.2,-0.96,559,5645,-4835,0,0
174.18,4,13372.9,668.52,0.01,13025.96,72.5,0.47,-0.92,-1.0,0.5,0.0,1.0,1,5645,784.8,1.81,-0.18,-1.09,-24.17,1351,222,2364,-0.0226,-0.004,0.727,0.627,-49.97,42.81,555,1838,-1976,0,0,4444,0.0094,-0.003,0.378,0.278,-39.88,32.72,550,2488,-4212,0,0,4091,-0.0037,-0.005,0.184,0.084,-6.55,-0.61,583,3972,-2615,0,0,6811,0.0283,-0.004,0.091,-0.009,-6.28,-0.88,598,5239,-5128,0,0
174.2,4,13373.3,668.55,0.01,13026.37,72.9,0.54,-0.86,-1.0,1.0,0.0,1.0,1,5609,328.0,1.16,-0.18,-1.1,-24.3,1362,224,2356,-0.0228,-0.006,0.748,0.648,-50.03,42.86,564,1875,-1935,0,0,4451,0.0095,0.006,0.383,0.283,-39.85,32.69,554,2605,-4160,0,0,4075,-0.0039,-0.009,0.15,0.05,-6.52,-0.64,591,4016,-2530,0,0,6815,0.0283,0.003,0.113,0.013,-6.23,-0.93,587,5774,-4732,0,0
174.22,4,13373.7,668.56,0.01,13026.78,73.2,0.5,-0.91,-1.0,0.5,0.0,1.0,1,5751,784.0,1.82,-0.18,-1.1,-23.94,1374,226,2353,-0.0228,-0.002,0.75,0.65,-49.95,42.79,568,1848,-1954,0,0,4457,0.0096,0.004,0.398,0.298,-39.85,32.68,563,2556,-4193,0,0,4070,-0.0039,-0.003,0.215,0.115,-6.47,-0.69,605,4005,-2533,0,0,6821,0.0284,0.003,0.127,0.027,-6.23,-0.93,619,5649,-4840,0,0
174.24,4,13374.1,668.58,0.01,13027.18,73.5,0.55,-0.86,-1.0,1.0,0.0,1.0,1,5631,326.3,1.17,-0.18,-1.09,-24.01,1386,228,2347,-0.0229,-0.005,0.75,0.65,-49.97,42.81,564,1874,-1924,0,0,4453,0.0095,-0.003,0.383,0.283,-39.87,32.71,551,2614,-4158,0,0,4070,-0.004,0.0,0.147,0.047,-6.44,-0.72,575,3995,-2541,0,0,6824,0.0285,0.002,0.109,0.009,-6.23,-0.94,571,5687,-4811,0,0
174.26,4,13374.5,668.59,0.01,13027.59,73.8,0.49,-0.91,-1.0,0.5,0.0,1.0,1,5744,781.0,1.83,-0.18,-1.1,-23.5,1396,230,2344,-0.0229,-0.002,0.729,0.629,-49.95,42.79,567,1827,-1957,0,0,4446,0.0094,-0.005,0.38,0.28,-39.71,32.55,560,2513,-4203,0,0,4077,-0.0039,0.004,0.18,0.08,-6.26,-0.91,592,3987,-2550,0,0,6825,0.0285,0.001,0.091,-0.009,-6.08,-1.08,607,5329,-5039,0,0
174.28,4,13374.9,668.6,0.01,13028.01,74.1,0.54,-0.87,-1.0,1.0,0.0,1.0,1,5670,324.9,1.17,-0.18,-1.1,-23.65,1409,232,2346,-0.0229,0.001,0.743,0.643,-49.92,42.75,567,1862,-1932,0,0,4458,0.0096,0.009,0.381,0.281,-39.82,32.65,555,2603,-4169,0,0,4070,-0.0039,-0.004,0.145,0.045,-6.28,-0.89,579,4009,-2512,0,0,6832,0.0285,0.004,0.107,0.007,-6.11,-1.05,575,5696,-4788,0,0
174.3,4,13375.3,668.6,0.01,13028.42,74.4,0.48,-0.91,-1.0,0.5,0.0,1.0,1,5784,779.4,1.84,-0.18,-1.1,-23.16,1420,234,2345,-0.0229,-0.001,0.722,0.622,-49.9,42.74,571,1818,-1965,0,0,4458,0.0096,0.001,0.378,0.278,-39.8,32.64,564,2504,-4221,0,0,4072,-0.0039,0.001,0.178,0.078,-6.22,-0.94,596,3977,-2550,0,0,6836,0.0286,0.003,0.089,-0.011,-6.02,-1.15,611,5300,-5050,0,0
174.32,4,13375.8,668.6,0.01,13028.83,74.7,0.55,-0.87,-1.0,1.0,0.0,1.0,1,5732,323.4,1.17,-0.18,-1.09,-23.32,1432,236,2354,-0.0228,0.007,0.735,0.635,-49.91,42.75,577,1858,-1947,0,0,4461,0.0096,0.002,0.379,0.279,-39.76,32.59,567,2599,-4175,0,0,4076,-0.0039,0.002,0.142,0.042,-6.18,-0.98,603,4007,-2516,0,0,6831,0.0285,-0.003,0.106,0.006,-5.94,-1.22,599,5735,-4718,0,0
174.34,4,13376.2,668.6,0.01,13029.25,75.0,0.49,-0.91,-1.0,0.5,0.0,1.0,1,5872,779.2,1.84,-0.18,-1.09,-23.05,1444,238,2366,-0.0226,0.009,0.733,0.633,-49.88,42.71,580,1834,-1983,0,0,4461,0.0096,0.0,0.394,0.294,-39.74,32.58,576,2543,-4205,0,0,4086,-0.0038,0.006,0.207,0.107,-6.1,-1.06,617,4023,-2509,0,0,6825,0.0285,-0.003,0.122,0.022,-5.86,-1.31,631,5654,-4753,0,0
174.36,4,13376.6,668.59,0.01,13029.67,75.4,0.55,-0.87,-1.0,1.0,0.0,1.0,1,5766,322.2,1.18,-0.18,-1.08,-23.23,1457,240,2372,-0.0225,0.004,0.728,0.628,-49.8,42.64,581,1864,-1967,0,0,4462,0.0097,0.001,0.377,0.277,-39.71,32.55,571,2597,-4178,0,0,4090,-0.0037,0.003,0.138,0.038,-6.11,-1.05,607,3993,-2549,0,0,6824,0.0285,-0.001,0.103,0.003,-5.88,-1.28,602,5673,-4737,0,0
174.38,4,13377.0,668.58,0.01,13030.09,75.7,0.49,-0.9,-1.0,0.5,0.0,1.0,1,5910,777.6,1.85,-0.18,-1.07,-22.85,1468,242,2382,-0.0223,0.008,0.723,0.623,-49.69,42.53,583,1836,-2004,0,0,4453,0.0095,-0.007,0.393,0.293,-39.72,32.56,580,2539,-4198,0,0,4110,-0.0035,0.012,0.203,0.103,-5.95,-1.21,620,4044,-2511,0,0,6818,0.0284,-0.004,0.121,0.021,-5.77,-1.39,634,5650,-4724,0,0
174.4,4,13377.4,668.56,0.01,13030.51,76.0,0.55,-0.87,-1.0,1.0,0.0,1.0,1,5800,320.9,1.18,-0.17,-1.06,-23.02,1479,244,2401,-0.0221,0.015,0.719,0.619,-49.71,42.55,584,1875,-2000,0,0,4453,0.0095,0.0,0.374,0.274,-39.66,32.49,575,2576,-4179,0,0,4126,-0.0033,0.009,0.135,0.035,-5.96,-1.21,621,4029,-2551,0,0,6808,0.0283,-0.006,0.101,0.001,-5.81,-1.35,594,5620,-4737,0,0
174.42,4,13377.9,668.54,0.01,13030.93,76.3,0.48,-0.92,-1.0,0.5,0.0,1.0,1,5942,776.3,1.86,-0.17,-1.06,-22.63,1491,246,2424,-0.0217,0.017,0.712,0.612,-49.68,42.52,585,1850,-2051,0,0,4457,0.0096,0.003,0.389,0.289,-39.66,32.5,584,2518,-4214,0,0,4147,-0.003,0.013,0.2,0.1,-5.88,-1.29,624,4074,-2529,0,0,6806,0.0282,-0.001,0.118,0.018,-5.71,-1.45,638,5593,-4734,0,0
174.44,4,13378.3,668.52,0.01,13031.36,76.6,0.54,-0.88,-1.0,1.0,0.0,1.0,1,5803,319.8,1.19,-0.17,-1.05,-22.86,1506,248,2446,-0.0214,0.017,0.71,0.61,-49.76,42.6,579,1894,-2048,0,0,4474,0.0098,0.012,0.369,0.269,-39.61,32.45,570,2564,-4209,0,0,4154,-0.003,0.004,0.131,0.031,-5.87,-1.3,595,4040,-2574,0,0,6805,0.0282,-0.001,0.097,-0.003,-5.71,-1.45,585,5525,-4771,0,0
174.46,4,13378.7,668.5,0.01,13031.79,76.9,0.47,-0.92,-1.0,1.0,0.0,1.0,1,5917,773.7,1.87,-0.16,-1.07,-22.42,1518,250,2455,-0.0212,0.006,0.688,0.588,-49.7,42.54,581,1851,-2093,0,0,4478,0.0099,0.003,0.366,0.266,-39.44,32.28,580,2468,-4264,0,0,4163,-0.0029,0.005,0.165,0.065,-5.74,-1.43,610,4031,-2586,0,0,6808,0.0283,0.002,0.083,-0.017,-5.49,-1.68,625,5273,-4870,0,0
174.48,4,13379.1,668.47,0.01,13032.21,77.3,0.59,-0.83,-1.0,0.5,0.0,1.0,1,6257,968.9,2.27,-0.16,-1.07,-23.28,1532,252,2457,-0.0212,0.002,0.783,0.683,-49.68,42.52,613,1976,-1997,0,0,4502,0.0103,0.018,0.438,0.338,-39.52,32.35,609,2818,-4103,0,0,4148,-0.003,-0.009,0.229,0.129,-5.83,-1.33,662,4506,-1900,0,0,6822,0.0284,0.008,0.197,0.097,-5.66,-1.5,645,6799,-3551,0,0
174.5,4,13379.6,668.43,0.01,13032.65,77.7,0.66,-0.78,-1.0,0.5,0.0,1.0,1,6266,527.8,1.59,-0.17,-1.06,-24.63,1549,255,2457,-0.0212,0.001,0.814,0.714,-49.69,42.53,624,2042,-1942,0,0,4510,0.0104,0.006,0.442,0.342,-39.55,32.39,611,2912,-4056,0,0,4152,-0.003,0.003,0.218,0.118,-5.96,-1.2,641,4504,-1920,0,0,6836,0.0286,0.008,0.168,0.068,-5.82,-1.34,643,6762,-3646,0,0
174.52,4,13380.0,668.4,0.01,13033.08,78.1,0.61,-0.83,-1.0,1.0,0.0,1.0,1,6089,306.9,1.22,-0.18,-1.05,-25.09,1562,258,2457,-0.0212,0.0,0.73,0.63,-49.59,42.43,599,1972,-2002,0,0,4490,0.0101,-0.015,0.374,0.274,-39.52,32.36,587,2683,-4165,0,0,4186,-0.0026,0.02,0.12,0.02,-6.01,-1.16,599,4159,-2501,0,0,6844,0.0287,0.005,0.043,-0.057,-5.9,-1.26,619,5556,-4836,0,0
174.54,4,13380.4,668.36,0.01,13033.51,78.5,0.56,-0.89,-1.0,0.5,0.0,1.0,1,6193,762.4,1.91,-0.19,-1.05,-25.02,1576,260,2466,-0.0211,0.007,0.763,0.663,-49.77,42.6,612,1966,-2018,0,0,4478,0.0099,-0.009,0.417,0.317,-39.63,32.47,607,2714,-4133,0,0,4222,-0.0022,0.021,0.19,0.09,-6.1,-1.06,647,4294,-2401,0,0,6853,0.0288,0.005,0.152,0.052,-5.89,-1.28,632,6075,-4443,0,0
174.56,4,13380.9,668.31,0.01,13033.95,78.8,0.58,-0.87,-1.0,0.5,0.0,1.0,1,6132,310.1,1.21,-0.19,-1.05,-25.09,1589,262,2461,-0.0211,-0.004,0.758,0.658,-49.81,42.65,601,1963,-2014,0,0,4468,0.0097,-0.008,0.398,0.298,-39.63,32.47,589,2652,-4156,0,0,4244,-0.0019,0.013,0.202,0.102,-6.13,-1.04,586,4263,-2484,0,0,6868,0.029,0.009,0.112,0.012,-5.95,-1.21,588,5682,-4794,0,0
174.58,4,13381.3,668.26,0.01,13034.38,79.1,0.44,-0.95,-1.0,1.0,0.0,1.0,1,5931,318.1,1.19,-0.19,-1.06,-24.04,1602,264,2455,-0.0212,-0.005,0.679,0.579,-49.81,42.65,576,1837,-2103,0,0,4463,0.0097,-0.004,0.348,0.248,-39.71,32.55,569,2352,-4301,0,0,4262,-0.0017,0.011,0.122,0.022,-5.97,-1.19,579,3627,-3114,0,0,6888,0.0292,0.011,0.118,0.018,-5.84,-1.32,564,4491,-5457,0,0
174.6,4,13381.8,668.21,0.01,13034.82,79.3,0.35,-0.98,-1.0,0.0,1.0,1.0,1,5965,772.2,1.87,-0.18,-1.07,-22.65,1611,265,2444,-0.0214,-0.008,0.652,0.552,-49.77,42.6,586,1779,-2130,0,0,4474,0.0098,0.008,0.341,0.241,-39.72,32.56,585,2316,-4330,0,0,4249,-0.0018,-0.008,0.142,0.042,-5.85,-1.32,619,3706,-3020,0,0,6903,0.0294,0.009,0.065,-0.035,-5.67,-1.49,636,4317,-5483,0,0
174.62,4,13382.2,668.16,0.01,13035.26,79.2,-0.07,-0.99,-1.0,1.0,0.0,1.0,1,5406,332.1,1.14,-0.15,-1.1,-20.75,1609,265,2448,-0.0213,0.003,0.392,0.292,-49.82,42.65,485,1382,-2368,1755,1,4502,0.0103,0.022,0.133,0.033,-39.65,32.49,484,1368,-4694,1755,1,4215,-0.0022,-0.02,-0.102,0.002,-5.62,-1.54,508,-2299,-3610,6000,0,6901,0.0294,-0.001,-0.078,-0.022,-5.32,-1.85,494,-4448,-5297,6000,0
174.64,4,13382.6,668.1,0.01,13035.69,79.1,-0.09,-1.0,-1.0,1.0,0.0,1.0,1,5595,786.7,1.8,-0.11,-1.13,-18.87,1613,264,2483,-0.0208,0.026,0.485,0.385,-49.77,42.61,530,1445,-2378,0,0,4594,0.0117,0.071,0.214,0.114,-39.68,32.52,529,1546,-4743,0,0,4131,-0.0032,-0.049,0.034,-0.066,-5.27,-1.89,597,2795,-3274,0,0,6892,0.0293,-0.005,0.023,-0.077,-5.17,-1.99,576,3036,-5584,0,0
174.66,4,13383.1,668.03,0.01,13036.13,79.3,0.37,-0.92,-1.0,0.5,0.0,1.0,1,6251,966.6,2.28,-0.07,-1.16,-19.14,1631,265,2536,-0.02,0.041,0.65,0.55,-49.68,42.52,588,1807,-2233,0,0,4712,0.0135,0.091,0.344,0.244,-39.57,32.4,587,2395,-4564,0,0,4003,-0.0047,-0.075,0.172,0.072,-5.2,-1.96,635,4219,-2022,0,0,6849,0.0287,-0.026,0.099,-0.001,-5.07,-2.09,647,6440,-3910,0,0
174.68,4,13383.5,667.97,0.01,13036.56,79.6,0.56,-0.81,-1.0,0.0,1.0,1.0,1,6228,529.7,1.58,-0.06,-1.16,-20.95,1649,268,2565,-0.0195,0.022,0.728,0.628,-49.57,42.41,613,1993,-2136,0,0,4790,0.0147,0.06,0.395,0.295,-39.44,32.28,605,2817,-4445,0,0,3899,-0.006,-0.061,0.188,0.088,-5.24,-1.92,642,4200,-1837,0,0,6808,0.0283,-0.024,0.144,0.044,-5.2,-1.96,644,6634,-3654,0,0
174.7,4,13384.0,667.9,0.01,13037.0,79.6,-0.03,-0.94,-1.0,0.0,1.0,1.0,1,5445,162.2,0.83,-0.03,-1.15,-20.0,1647,267,2579,-0.0193,0.011,0.376,0.276,-49.54,42.37,484,1447,-2494,1755,1,4799,0.0148,0.007,0.125,0.025,-39.43,32.27,484,1413,-4995,1755,1,3865,-0.0064,-0.02,-0.108,0.008,-5.23,-1.93,507,-2368,-3121,6000,0,6768,0.0278,-0.024,-0.083,-0.017,-5.11,-2.05,495,-4664,-4966,6000,0
174.72,4,13384.4,667.82,0.01,13037.43,79.0,-0.81,-0.83,-1.0,1.0,0.0,1.0,1,4446,-221.0,0.2,0.03,-1.12,-18.27,1631,263,2625,-0.0186,0.035,0.224,0.124,-49.56,42.4,429,923,-2746,1755,1,4835,0.0154,0.028,-0.107,0.007,-39.48,32.32,364,-860,-5139,5850,0,3820,-0.0069,-0.027,-0.095,-0.005,-5.09,-2.07,473,-3317,-2617,6000,0,6710,0.0271,-0.034,-0.136,0.036,-4.98,-2.18,499,-5970,-4123,6000,0
174.74,4,13384.8,667.75,0.01,13037.86,78.3,-0.84,-0.83,-1.0,1.0,0.0,1.0,1,4642,207.2,0.76,0.12,-1.08,-16.56,1621,259,2757,-0.0166,0.102,0.22,0.12,-49.65,42.49,419,753,-2932,0,0,4910,0.0165,0.058,0.019,-0.081,-39.54,32.38,428,-221,-5272,0,0,3739,-0.0078,-0.048,-0.005,-0.095,-4.91,-2.25,492,-2360,-2920,0,0,6554,0.0253,-0.092,-0.048,-0.052,-4.77,-2.39,516,-4696,-4611,0,0
174.76,4,13385.3,667.67,0.01,13038.29,77.9,-0.58,-0.91,-1.0,1.0,0.0,1.0,1,4947,562.3,1.38,0.21,-1.07,-15.39,1619,256,2948,-0.0137,0.147,0.291,0.191,-49.56,42.4,461,1078,-3057,0,0,5026,0.0183,0.089,0.077,-0.023,-39.38,32.22,466,573,-5366,0,0,3598,-0.0095,-0.083,-0.054,-0.046,-4.63,-2.53,555,-707,-2968,0,0,6315,0.0225,-0.141,-0.038,-0.062,-4.47,-2.69,540,-2077,-4838,0,0
174.78,4,13385.7,667.59,0.01,13038.71,77.8,-0.14,-0.94,-1.0,0.5,0.0,1.0,1,5631,1005.2,2.1,0.28,-1.08,-15.43,1627,255,3110,-0.0111,0.125,0.495,0.395,-49.35,42.19,512,1664,-3020,0,0,5164,0.0205,0.107,0.231,0.131,-39.21,32.05,512,1518,-5349,0,0,3410,-0.0117,-0.11,0.172,0.072,-4.41,-2.75,570,3035,-2176,0,0,6096,0.0199,-0.129,0.11,0.01,-4.29,-2.87,578,4260,-4120,0,0
174.8,4,13386.1,667.5,0.01,13039.13,77.9,0.31,-0.87,-1.0,1.0,0.0,1.0,1,5935,545.1,1.52,0.31,-1.09,-17.62,1639,257,3202,-0.0097,0.071,0.604,0.504,-49.14,41.97,571,2139,-2876,0,0,5274,0.0221,0.084,0.32,0.22,-38.99,31.82,571,2440,-5167,0,0,3231,-0.0138,-0.105,0.168,0.068,-4.41,-2.75,660,3447,-1550,0,0,5940,0.0181,-0.092,0.161,0.061,-4.34,-2.83,635,5648,-3213,0,0
174.82,4,13386.6,667.41,0.01,13039.56,78.2,0.43,-0.8,-1.0,0.5,0.0,1.0,1,6174,974.0,2.25,0.3,-1.09,-20.45,1644,258,3222,-0.0094,0.015,0.675,0.575,-48.98,41.81,593,2366,-2750,0,0,5314,0.0228,0.031,0.368,0.268,-38.83,31.67,591,2909,-5001,0,0,3135,-0.015,-0.057,0.234,0.134,-4.66,-2.5,656,3528,-1239,0,0,5870,0.0172,-0.041,0.169,0.069,-4.53,-2.63,658,6096,-2664,0,0
174.84,4,13387.0,667.32,0.01,13039.99,78.6,0.54,-0.74,-1.0,0.5,0.0,1.0,1,6328,525.0,1.59,0.25,-1.07,-23.34,1648,261,3190,-0.0099,-0.025,0.727,0.627,-48.9,41.74,612,2488,-2614,0,0,5284,0.0223,-0.023,0.404,0.304,-38.73,31.56,608,3198,-4814,0,0,3147,-0.0148,0.008,0.247,0.147,-4.9,-2.26,663,3593,-1154,0,0,5886,0.0174,0.009,0.183,0.083,-4.83,-2.33,662,6262,-2487,0,0
174.86,4,13387.4,667.23,0.01,13040.41,78.9,0.56,-0.8,-1.0,1.0,0.0,1.0,1,6126,305.3,1.23,0.18,-1.04,-25.33,1650,263,3126,-0.0109,-0.049,0.691,0.591,-48.9,41.74,606,2400,-2596,0,0,5179,0.0207,-0.08,0.373,0.273,-38.76,31.59,604,3023,-4789,0,0,3270,-0.0134,0.072,0.135,0.035,-5.23,-1.93,652,3402,-1757,0,0,5955,0.0182,0.041,0.123,0.023,-5.08,-2.08,627,5491,-3562,0,0
174.88,4,13387.9,667.13,0.01,13040.84,79.2,0.49,-0.88,-1.0,1.0,0.0,1.0,1,6030,770.5,1.88,0.09,-1.02,-26.0,1651,265,3031,-0.0124,-0.073,0.655,0.555,-48.92,41.76,591,2241,-2587,0,0,5033,0.0184,-0.112,0.34,0.24,-38.8,31.63,588,2704,-4786,0,0,3452,-0.0112,0.107,0.167,0.067,-5.35,-1.81,627,3496,-1975,0,0,6071,0.0196,0.068,0.103,0.003,-5.17,-1.99,630,5104,-4024,0,0
174.9,4,13388.3,667.02,0.01,13041.27,79.6,0.55,-0.85,-1.0,0.0,1.0,1.0,1,6352,963.0,2.29,0.01,-1.02,-26.81,1651,267,2906,-0.0143,-0.096,0.72,0.62,-48.96,41.8,617,2240,-2418,0,0,4873,0.016,-0.124,0.393,0.293,-38.69,31.53,615,2848,-4529,0,0,3639,-0.009,0.11,0.22,0.12,-5.44,-1.72,676,3976,-1660,0,0,6211,0.0212,0.083,0.182,0.082,-5.28,-1.88,660,6163,-3292,0,0
174.92,4,13388.8,666.91,0.01,13041.7,79.6,0.09,-0.93,-1.0,0.0,1.0,1.0,1,5883,543.4,1.53,-0.06,-1.03,-25.55,1644,267,2765,-0.0165,-0.109,0.381,0.281,-49.03,41.87,489,1576,-2655,1755,1,4720,0.0136,-0.117,0.124,0.024,-38.94,31.78,490,1445,-4908,1755,1,3819,-0.0069,0.105,-0.065,-0.035,-5.42,-1.74,489,-1829,-3254,6000,0,6376,0.0232,0.097,-0.12,0.02,-5.21,-1.95,516,-4446,-4708,6000,0
174.94,4,13389.2,666.8,0.01,13042.13,79.0,-0.78,-0.85,-1.0,1.0,0.0,1.0,1,5080,179.7,0.8,-0.07,-1.05,-22.82,1622,264,2624,-0.0186,-0.108,0.241,0.141,-49.24,42.07,437,988,-2726,1755,1,4606,0.0119,-0.087,-0.154,0.054,-39.12,31.96,375,-871,-4907,1755,1,3930,-0.0056,0.066,-0.121,0.021,-5.28,-1.88,493,-3252,-2820,6000,0,6523,0.0249,0.087,-0.102,0.002,-5.13,-2.04,483,-5596,-4216,6000,0
174.96,4,13389.6,666.69,0.01,13042.55,78.7,-0.35,-0.87,-1.0,1.0,0.0,1.0,1,5257,561.5,1.41,-0.04,-1.05,-20.05,1611,262,2587,-0.0192,-0.028,0.389,0.289,-49.38,42.21,481,1171,-2622,0,0,4593,0.0117,-0.01,0.137,0.037,-39.23,32.07,483,632,-4924,0,0,3907,-0.0059,-0.014,0.073,-0.027,-5.06,-2.1,526,1582,-3285,0,0,6530,0.025,0.004,0.014,-0.086,-4.88,-2.28,542,729,-5336,0,0
174.98,4,13390.1,666.58,0.01,13042.97,78.7,0.04,-0.92,-1.0,1.0,0.0,1.0,1,5785,998.8,2.13,-0.01,-1.07,-19.01,1613,262,2626,-0.0186,0.03,0.544,0.444,-49.29,42.13,535,1572,-2488,0,0,4643,0.0124,0.038,0.265,0.165,-39.12,31.95,535,1671,-4763,0,0,3837,-0.0067,-0.041,0.139,0.039,-4.8,-2.36,589,3248,-2619,0,0,6476,0.0244,-0.032,0.138,0.038,-4.72,-2.44,571,4587,-4548,0,0
175.0,4,13390.5,666.46,0.01,13043.39,79.0,0.43,-0.83,-1.0,0.5,0.0,1.0,1,6345,964.0,2.29,0.0,-1.08,-20.39,1625,263,2667,-0.018,0.032,0.698,0.598,-49.2,42.04,609,1970,-2295,0,0,4719,0.0136,0.058,0.387,0.287,-39.08,31.92,608,2595,-4481,0,0,3757,-0.0076,-0.047,0.253,0.153,-4.88,-2.28,675,4169,-1546,0,0,6441,0.0239,-0.021,0.173,0.073,-4.77,-2.39,686,6563,-3064,0,0
175.02,4,13391.0,666.33,0.01,13043.82,79.4,0.62,-0.72,-1.0,0.5,0.0,0.89,1,6757,-222.2,1.67,-0.01,-1.07,-23.1,1638,266,2682,-0.0177,0.011,0.801,0.701,-49.15,41.99,646,2218,-2119,0,0,4747,0.014,0.022,0.462,0.362,-38.98,31.82,642,3173,-4186,0,0,3736,-0.0079,-0.013,0.251,0.151,-5.17,-1.99,685,4304,-1197,0,0,6437,0.0239,-0.002,0.211,0.111,-5.0,-2.17,698,7009,-2322,0,0
175.04,4,13391.4,666.21,0.01,13044.24,79.8,0.66,-0.74,-1.0,0.0,1.0,0.76,1,6599,288.2,1.27,-0.04,-1.04,-25.16,1651,269,2683,-0.0177,0.001,0.817,0.717,-49.19,42.03,639,2229,-2110,0,0,4728,0.0137,-0.015,0.46,0.36,-39.04,31.88,630,3119,-4196,0,0,3787,-0.0073,0.03,0.277,0.177,-5.35,-1.81,648,4244,-1497,0,0,6461,0.0242,0.014,0.196,0.096,-5.25,-1.91,646,6688,-2992,0,0
175.06,4,13391.8,666.08,0.01,13044.67,79.7,-0.12,-0.88,-1.0,0.0,1.0,0.63,1,5967,-42.1,0.54,-0.04,-1.03,-24.11,1643,268,2671,-0.0179,-0.009,0.282,0.182,-49.28,42.12,448,1409,-2622,1755,1,4664,0.0128,-0.049,-0.129,0.029,-39.08,31.92,379,502,-5010,1755,1,3895,-0.006,0.064,-0.192,0.092,-5.45,-1.71,421,-3805,-2362,6000,0,6501,0.0247,0.024,-0.226,0.126,-5.29,-1.87,441,-6470,-3389,6000,0
175.08,4,13392.3,665.95,0.01,13045.08,78.9,-1.06,-0.6,-1.0,0.5,0.0,0.49,1,5251,-255.4,0.2,0.01,-0.99,-23.45,1622,263,2693,-0.0176,0.017,-0.209,0.109,-49.52,42.36,274,-216,-2939,1755,1,4669,0.0128,0.004,-0.221,0.121,-39.36,32.2,332,-1410,-4862,1755,1,3937,-0.0055,0.025,-0.433,0.333,-5.6,-1.56,307,-4579,-1106,6000,0,6521,0.0249,0.012,-0.419,0.319,-5.47,-1.69,305,-7345,-1702,6000,0
175.1,4,13392.7,665.82,0.01,13045.5,78.2,-1.02,-0.63,-1.0,1.0,0.0,0.36,1,4912,191.7,0.78,0.1,-0.93,-22.4,1608,258,2841,-0.0153,0.114,0.155,0.055,-49.77,42.61,397,229,-3094,0,0,4736,0.0139,0.051,0.037,-0.063,-39.62,32.45,440,-237,-5096,0,0,3901,-0.0059,-0.021,0.062,-0.038,-5.77,-1.4,563,-631,-3585,0,0,6379,0.0232,-0.084,0.036,-0.064,-5.59,-1.58,560,-2593,-5391,0,0
175.12,4,13393.2,665.68,0.01,13045.91,77.9,-0.29,-0.97,-1.0,1.0,0.0,0.23,1,5141,561.9,1.4,0.19,-0.91,-20.91,1614,256,3062,-0.0119,0.17,0.351,0.251,-49.73,42.56,471,1167,-3156,0,0,4840,0.0155,0.08,0.15,0.05,-39.54,32.38,490,957,-5128,0,0,3809,-0.007,-0.054,0.037,-0.063,-5.52,-1.65,556,1218,-3413,0,0,6133,0.0203,-0.144,0.011,-0.089,-5.4,-1.76,556,311,-5366,0,0
175.14,4,13393.6,665.55,0.01,13046.32,77.8,-0.14,-1.01,-1.0,1.0,0.0,0.09,1,5547,1005.5,2.1,0.25,-0.95,-20.38,1620,255,3214,-0.0095,0.117,0.407,0.307,-49.61,42.44,487,1607,-3165,0,0,4968,0.0174,0.099,0.168,0.068,-39.46,32.29,495,1377,-5179,0,0,3651,-0.0089,-0.093,0.021,-0.079,-5.31,-1.85,543,1157,-3213,0,0,5944,0.0181,-0.111,-0.004,-0.096,-5.11,-2.05,545,203,-5062,0,0
175.16,4,13394.0,665.41,0.01,13046.73,77.6,-0.25,-0.99,-1.0,1.0,0.0,0.08,2,6179,974.9,2.24,0.3,-1.01,-19.89,1618,254,3279,-0.0086,0.05,0.315,0.215,-49.49,42.32,455,1452,-3300,0,0,5094,0.0194,0.097,0.098,-0.002,-39.29,32.13,465,1004,-5381,0,0,3476,-0.0109,-0.103,-0.003,-0.097,-5.12,-2.04,531,-34,-3061,0,0,5850,0.017,-0.055,-0.002,-0.098,-5.03,-2.13,545,-274,-4923,0,0
175.18,4,13394.4,665.26,0.01,13047.13,77.3,-0.27,-0.96,-1.0,1.0,0.0,0.38,2,6587,946.6,2.35,0.34,-1.07,-19.33,1615,253,3298,-0.0083,0.015,0.382,0.282,-49.33,42.17,482,1520,-3296,0,0,5238,0.0216,0.111,0.146,0.046,-39.24,32.08,487,1127,-5507,0,0,3283,-0.0132,-0.114,0.048,-0.052,-4.99,-2.17,556,1175,-2778,0,0,5820,0.0166,-0.018,0.018,-0.082,-4.87,-2.29,561,503,-4795,0,0
175.2,4,13394.9,665.11,0.01,13047.53,77.3,0.03,-0.94,-1.0,1.0,0.0,0.68,2,6676,938.5,2.37,0.35,-1.14,-19.61,1614,252,3300,-0.0082,0.002,0.502,0.402,-49.25,42.08,524,1909,-3125,0,0,5350,0.0233,0.086,0.23,0.13,-39.02,31.86,525,1810,-5465,0,0,3121,-0.0151,-0.095,0.108,0.008,-4.89,-2.27,598,2665,-2161,0,0,5802,0.0164,-0.011,0.085,-0.015,-4.77,-2.39,588,3793,-4246,0,0
175.22,4,13395.3,664.96,0.01,13047.94,77.5,0.33,-0.88,-1.0,0.5,0.0,0.98,2,6461,952.8,2.33,0.33,-1.18,-21.42,1619,254,3256,-0.0089,-0.034,0.64,0.54,-49.14,41.98,575,2261,-2866,0,0,5438,0.0247,0.067,0.339,0.239,-38.99,31.83,574,2651,-5258,0,0,3004,-0.0165,-0.068,0.215,0.115,-4.98,-2.18,662,3302,-1368,0,0,5858,0.0171,0.033,0.186,0.086,-4.87,-2.3,644,5849,-3035,0,0
175.24,4,13395.7,664.81,0.01,13048.34,77.8,0.54,-0.76,-1.0,0.5,0.0,1.0,2,5944,540.9,1.54,0.27,-1.18,-24.6,1623,256,3178,-0.0101,-0.06,0.793,0.693,-49.07,41.91,630,2546,-2550,0,0,5437,0.0246,0.0,0.455,0.355,-38.92,31.76,628,3431,-4856,0,0,2998,-0.0166,-0.004,0.338,0.238,-5.34,-1.82,728,3509,-912,0,0,5952,0.0182,0.055,0.297,0.197,-5.17,-2.0,708,6588,-2028,0,0
175.26,4,13396.2,664.65,0.01,13048.75,78.3,0.67,-0.7,-1.0,0.5,0.0,1.0,2,5176,333.6,1.12,0.19,-1.15,-28.02,1627,259,3077,-0.0117,-0.078,0.922,0.822,-49.1,41.94,677,2684,-2276,0,0,5345,0.0232,-0.071,0.54,0.44,-38.95,31.79,669,3849,-4466,0,0,3112,-0.0152,0.067,0.438,0.338,-5.79,-1.38,761,3683,-798,0,0,6077,0.0197,0.074,0.347,0.247,-5.56,-1.6,763,6838,-1755,0,0
175.28,4,13396.6,664.49,0.01,13049.15,78.8,0.74,-0.68,-1.0,0.5,0.0,1.0,2,4812,335.2,1.07,0.08,-1.1,-31.31,1632,262,2964,-0.0134,-0.087,0.987,0.887,-49.21,42.05,700,2694,-2087,0,0,5179,0.0207,-0.128,0.562,0.462,-39.06,31.9,682,3914,-4202,0,0,3326,-0.0127,0.126,0.41,0.31,-6.36,-0.8,754,3907,-921,0,0,6223,0.0214,0.086,0.331,0.231,-6.13,-1.04,758,6956,-1906,0,0
175.3,4,13397.1,664.32,0.01,13049.56,79.3,0.76,-0.7,-1.0,0.5,0.0,1.0,2,4701,335.4,1.05,-0.04,-1.02,-33.95,1638,265,2843,-0.0153,-0.093,0.977,0.877,-49.33,42.17,696,2583,-2010,0,0,4946,0.0171,-0.179,0.532,0.432,-39.24,32.07,672,3639,-4110,0,0,3611,-0.0093,0.168,0.354,0.254,-6.85,-0.31,727,4149,-1243,0,0,6361,0.023,0.081,0.274,0.174,-6.58,-0.58,732,6899,-2474,0,0
175.32,4,13397.5,664.15,0.01,13049.97,79.8,0.74,-0.74,-1.0,0.0,0.64,1.0,2,4584,335.6,1.04,-0.16,-0.95,-35.59,1643,268,2694,-0.0176,-0.115,0.953,0.853,-49.65,42.49,684,2418,-1944,0,0,4659,0.0127,-0.221,0.506,0.406,-39.49,32.33,659,3302,-3986,0,0,3920,-0.0057,0.181,0.298,0.198,-7.32,0.15,706,4361,-1658,0,0,6489,0.0245,0.075,0.25,0.15,-7.03,-0.13,695,6737,-3121,0,0
175.34,4,13397.9,663.98,0.01,13050.38,79.8,0.11,-0.96,-1.0,0.0,0.78,1.0,2,3742,37.3,0.45,-0.24,-0.92,-33.68,1632,269,2527,-0.0201,-0.128,0.51,0.41,-49.91,42.74,518,1788,-2234,1115,1,4356,0.008,-0.233,0.149,0.049,-39.78,32.62,493,1701,-4442,1115,1,4214,-0.0023,0.173,-0.148,0.048,-7.4,0.24,443,-3158,-3553,6000,0,6605,0.0259,0.068,-0.203,0.103,-7.06,-0.1,468,-5757,-4595,6000,0
175.36,4,13398.4,663.81,0.01,13050.78,79.1,-0.92,-0.78,-1.0,0.5,0.0,1.0,2,2643,-137.5,0.2,-0.24,-0.89,-31.31,1605,264,2377,-0.0224,-0.115,0.203,0.103,-50.32,43.15,409,902,-2475,1368,1,4143,0.0047,-0.164,-0.164,0.064,-40.14,32.98,361,-753,-4440,1368,1,4382,-0.0003,0.099,-0.28,0.18,-7.49,0.33,397,-4591,-2338,6000,0,6691,0.0269,0.05,-0.271,0.171,-7.16,-0.01,391,-6967,-3145,6000,0
175.38,4,13398.8,663.63,0.01,13051.18,78.4,-0.95,-0.66,-1.0,1.0,0.0,1.0,2,2862,196.0,0.63,-0.18,-0.85,-29.23,1582,259,2369,-0.0226,-0.007,0.141,0.041,-50.7,43.54,385,502,-2558,0,0,4072,0.0036,-0.055,-0.067,-0.033,-40.53,33.37,396,-632,-4381,0,0,4377,-0.0003,-0.003,-0.116,0.016,-7.65,0.49,478,-3837,-3269,0,0,6604,0.0259,-0.051,-0.149,0.049,-7.38,0.21,484,-6110,-4254,0,0
175.4,4,13399.2,663.46,0.01,13051.58,77.8,-0.72,-0.9,-1.0,1.0,0.0,1.0,2,3233,440.5,1.1,-0.08,-0.85,-26.34,1574,255,2496,-0.0206,0.098,0.264,0.164,-50.93,43.76,418,697,-2658,0,0,4133,0.0046,0.047,0.059,-0.041,-40.76,33.6,437,89,-4480,0,0,4266,-0.0016,-0.065,0.008,-0.092,-7.52,0.36,523,-659,-4423,0,0,6406,0.0235,-0.117,0.0,-0.1,-7.28,0.11,521,-2442,-6144,0,0
175.42,4,13399.7,663.28,0.01,13051.97,77.6,-0.22,-1.04,-1.0,1.0,0.0,1.0,2,3493,836.1,1.62,0.02,-0.91,-23.91,1582,254,2658,-0.0181,0.124,0.447,0.347,-50.94,43.77,487,1297,-2650,0,0,4297,0.0071,0.126,0.186,0.086,-40.78,33.62,495,1053,-4543,0,0,4041,-0.0043,-0.132,0.068,-0.032,-7.2,0.04,563,1880,-3931,0,0,6185,0.0209,-0.13,0.03,-0.07,-6.95,-0.21,568,1320,-6060,0,0
175.44,4,13400.1,663.09,0.01,13052.36,77.6,0.07,-1.02,-1.0,1.0,0.0,1.0,2,3658,862.3,1.66,0.11,-0.99,-22.74,1596,254,2759,-0.0165,0.078,0.555,0.455,-50.89,43.73,523,1707,-2574,0,0,4511,0.0104,0.165,0.257,0.157,-40.74,33.58,523,1692,-4605,0,0,3745,-0.0078,-0.174,0.093,-0.007,-7.01,-0.15,584,2587,-3291,0,0,6036,0.0192,-0.087,0.067,-0.033,-6.75,-0.42,578,2905,-5533,0,0
175.46,4,13400.5,662.91,0.02,13052.75,77.6,0.2,-0.98,-1.0,1.0,0.0,1.0,2,3755,877.2,1.68,0.17,-1.07,-22.48,1610,254,2814,-0.0157,0.042,0.606,0.506,-50.86,43.7,540,1890,-2536,0,0,4710,0.0135,0.153,0.293,0.193,-40.68,33.52,539,2064,-4692,0,0,3454,-0.0112,-0.171,0.125,0.025,-6.92,-0.24,591,2824,-2769,0,0,5933,0.018,-0.061,0.075,-0.025,-6.66,-0.5,595,3636,-5137,0,0
175.48,4,13401.0,662.71,0.02,13053.13,77.8,0.26,-0.94,-1.0,1.0,0.0,1.0,2,3824,887.8,1.7,0.2,-1.14,-22.7,1616,255,2817,-0.0157,0.002,0.635,0.535,-50.79,43.63,551,1969,-2489,0,0,4862,0.0158,0.117,0.316,0.216,-40.61,33.45,550,2300,-4764,0,0,3214,-0.014,-0.141,0.131,0.031,-6.84,-0.33,607,2837,-2416,0,0,5887,0.0174,-0.027,0.1,0.0,-6.64,-0.52,597,4133,-4841,0,0
175.5,4,13401.4,662.52,0.02,13053.52,77.9,0.31,-0.93,-1.0,1.0,0.0,1.0,2,3875,895.6,1.71,0.2,-1.18,-23.18,1622,256,2793,-0.016,-0.018,0.659,0.559,-50.73,43.57,561,2013,-2429,0,0,4979,0.0176,0.091,0.327,0.227,-40.54,33.38,557,2436,-4837,0,0,3049,-0.016,-0.097,0.142,0.042,-6.85,-0.32,615,2804,-2200,0,0,5908,0.0177,0.012,0.109,0.009,-6.61,-0.55,604,4413,-4694,0,0
175.52,4,13401.8,662.32,0.02,13053.9,78.1,0.34,-0.91,-1.0,1.0,0.0,1.0,2,3917,902.0,1.72,0.18,-1.21,-23.73,1622,258,2752,-0.0167,-0.032,0.679,0.579,-50.71,43.55,569,2024,-2366,0,0,5026,0.0183,0.036,0.337,0.237,-40.52,33.36,562,2530,-4848,0,0,2985,-0.0167,-0.038,0.151,0.051,-6.85,-0.31,621,2820,-2083,0,0,5959,0.0183,0.03,0.115,0.015,-6.68,-0.48,609,4597,-4646,0,0
175.54,4,13402.3,662.12,0.01,13054.29,78.3,0.38,-0.91,-1.0,1.0,0.0,1.0,2,3946,906.4,1.73,0.14,-1.22,-24.01,1619,259,2700,-0.0175,-0.04,0.693,0.593,-50.71,43.55,576,2015,-2303,0,0,5020,0.0182,-0.005,0.344,0.244,-40.52,33.36,567,2587,-4815,0,0,3013,-0.0164,0.016,0.151,0.051,-6.91,-0.25,624,2840,-2110,0,0,6047,0.0193,0.052,0.118,0.018,-6.65,-0.52,612,4741,-4649,0,0
175.56,4,13402.7,661.91,0.01,13054.67,78.5,0.41,-0.92,-1.0,1.0,0.0,1.0,2,3964,909.2,1.73,0.08,-1.22,-23.85,1617,260,2640,-0.0184,-0.046,0.701,0.601,-50.71,43.55,580,1988,-2242,0,0,4982,0.0176,-0.029,0.35,0.25,-40.53,33.37,571,2615,-4760,0,0,3119,-0.0151,0.063,0.164,0.064,-6.84,-0.32,619,2954,-2160,0,0,6182,0.0209,0.079,0.104,0.004,-6.68,-0.48,620,4710,-4835,0,0
175.58,4,13403.1,661.7,0.01,13055.06,78.8,0.44,-0.93,-1.0,1.0,0.0,1.0,2,3995,914.0,1.74,0.03,-1.21,-23.52,1617,262,2589,-0.0192,-0.039,0.714,0.614,-50.71,43.55,587,1974,-2183,0,0,4926,0.0168,-0.043,0.359,0.259,-40.53,33.37,576,2643,-4684,0,0,3271,-0.0133,0.089,0.153,0.053,-6.84,-0.32,629,3101,-2251,0,0,6327,0.0226,0.086,0.119,0.019,-6.62,-0.55,616,4955,-4833,0,0
175.6,4,13403.6,661.49,0.01,13055.44,79.1,0.47,-0.93,-1.0,0.0,1.0,1.0,2,4015,917.1,1.74,-0.03,-1.19,-22.99,1621,264,2532,-0.02,-0.044,0.724,0.624,-50.7,43.54,592,1948,-2124,0,0,4855,0.0157,-0.054,0.364,0.264,-40.56,33.4,580,2641,-4604,0,0,3444,-0.0113,0.102,0.164,0.064,-6.77,-0.4,623,3268,-2350,0,0,6482,0.0244,0.091,0.105,0.005,-6.57,-0.59,624,5029,-4958,0,0
175.62,4,13404.0,661.28,0.01,13055.82,78.8,-0.28,-0.95,-1.0,0.0,1.0,1.0,2,3494,482.1,1.16,-0.04,-1.17,-20.82,1605,262,2495,-0.0206,-0.029,0.249,0.149,-50.77,43.61,419,1189,-2506,1755,1,4783,0.0146,-0.056,-0.151,0.051,-40.62,33.45,358,76,-5140,1755,1,3614,-0.0093,0.1,-0.245,0.145,-6.53,-0.63,414,-3604,-2238,6000,0,6606,0.0259,0.073,-0.228,0.128,-6.34,-0.82,410,-6500,-3687,6000,0
175.64,4,13404.5,661.06,0.01,13056.2,78.0,-1.07,-0.63,-1.0,0.5,0.0,1.0,2,2679,193.4,0.61,0.0,-1.11,-19.59,1584,257,2523,-0.0202,0.022,-0.163,0.063,-50.97,43.81,281,-165,-2758,1755,1,4775,0.0145,-0.006,-0.19,0.09,-40.79,33.63,336,-1287,-4991,1755,1,3723,-0.008,0.064,-0.37,0.27,-6.57,-0.6,319,-4256,-1320,6000,0,6668,0.0266,0.036,-0.393,0.293,-6.43,-0.73,341,-7357,-2192,6000,0
175.66,4,13404.9,660.85,0.01,13056.57,77.2,-1.06,-0.65,-1.0,1.0,0.0,0.97,2,2829,298.4,0.83,0.09,-1.04,-18.41,1566,252,2691,-0.0176,0.129,0.023,-0.077,-51.12,43.96,355,-50,-2939,0,0,4824,0.0152,0.038,-0.045,-0.055,-40.84,33.68,404,-606,-5150,0,0,3746,-0.0078,0.014,-0.09,-0.01,-6.63,-0.54,513,-3278,-2781,0,0,6536,0.0251,-0.078,-0.101,0.001,-6.48,-0.68,508,-5772,-4416,0,0
175.68,4,13405.3,660.63,0.01,13056.94,76.7,-0.63,-0.95,-1.0,1.0,0.0,0.84,2,3329,632.6,1.34,0.18,-1.0,-16.37,1563,248,2933,-0.0139,0.186,0.29,0.19,-51.09,43.93,438,748,-3119,0,0,4938,0.017,0.087,0.116,0.016,-40.92,33.75,463,502,-5273,0,0,3689,-0.0084,-0.034,0.068,-0.032,-6.31,-0.85,565,555,-3628,0,0,6310,0.0224,-0.133,0.032,-0.068,-6.18,-0.98,575,-104,-5960,0,0
175.7,4,13405.7,660.41,0.01,13057.3,76.7,0.1,-0.99,-1.0,1.0,0.0,0.71,2,3630,858.8,1.65,0.24,-0.99,-16.45,1578,249,3141,-0.0107,0.16,0.544,0.444,-50.86,43.69,517,1844,-2964,0,0,5070,0.019,0.101,0.257,0.157,-40.68,33.52,517,1871,-5141,0,0,3568,-0.0098,-0.071,0.096,-0.004,-6.07,-1.1,582,2886,-2782,0,0,6090,0.0198,-0.129,0.075,-0.025,-5.92,-1.24,574,3907,-4991,0,0
175.72,4,13406.2,660.18,0.01,13057.67,76.8,0.21,-1.0,-1.0,1.0,0.0,0.57,2,3686,867.3,1.67,0.27,-1.0,-17.16,1589,249,3251,-0.009,0.084,0.574,0.474,-50.59,43.43,528,2101,-2955,0,0,5152,0.0203,0.063,0.279,0.179,-40.43,33.26,528,2176,-5127,0,0,3454,-0.0112,-0.067,0.113,0.013,-5.9,-1.26,582,2874,-2619,0,0,5940,0.0181,-0.088,0.07,-0.03,-5.77,-1.39,584,3825,-4814,0,0
175.74,4,13406.6,659.96,0.01,13058.03,76.9,0.25,-0.96,-1.0,1.0,0.0,0.44,2,3846,890.0,1.7,0.27,-1.04,-17.79,1593,250,3262,-0.0088,0.009,0.574,0.474,-50.36,43.2,531,2148,-2941,0,0,5188,0.0208,0.028,0.28,0.18,-40.21,33.05,530,2272,-5132,0,0,3364,-0.0123,-0.053,0.093,-0.007,-5.73,-1.43,581,2783,-2538,0,0,5883,0.0174,-0.034,0.069,-0.031,-5.64,-1.52,574,3750,-4734,0,0
175.76,4,13407.0,659.73,0.01,13058.39,77.0,0.19,-0.97,-1.0,1.0,0.0,0.31,2,4087,924.8,1.76,0.24,-1.08,-17.76,1588,250,3205,-0.0097,-0.044,0.53,0.43,-50.17,43.01,518,2036,-2938,0,0,5197,0.021,0.007,0.246,0.146,-40.03,32.87,517,2108,-5203,0,0,3306,-0.0129,-0.034,0.057,-0.043,-5.64,-1.52,561,2109,-2778,0,0,5911,0.0177,0.016,0.035,-0.065,-5.48,-1.68,558,2373,-5056,0,0
175.78,4,13407.4,659.49,0.01,13058.75,77.0,0.03,-1.0,-1.0,1.0,0.0,0.17,2,4497,986.1,1.85,0.2,-1.14,-16.86,1580,250,3109,-0.0112,-0.074,0.469,0.369,-50.03,42.87,499,1826,-2937,0,0,5186,0.0208,-0.009,0.2,0.1,-39.89,32.73,499,1784,-5295,0,0,3297,-0.013,-0.005,0.029,-0.071,-5.33,-1.83,544,1229,-2912,0,0,6013,0.0189,0.06,0.004,-0.096,-5.19,-1.97,545,711,-5173,0,0
175.8,4,13407.9,659.25,0.01,13059.1,76.8,-0.15,-0.99,-1.0,1.0,0.0,0.04,2,5073,1002.1,1.98,0.17,-1.18,-15.55,1569,249,2988,-0.013,-0.093,0.404,0.304,-49.93,42.77,477,1587,-2911,0,0,5172,0.0206,-0.011,0.153,0.053,-39.77,32.61,478,1433,-5372,0,0,3294,-0.0131,-0.002,-0.001,-0.099,-5.02,-2.15,529,207,-2892,0,0,6149,0.0205,0.08,-0.009,-0.091,-4.92,-2.24,537,-477,-5129,0,0
175.82,4,13408.3,659.01,0.01,13059.45,76.6,-0.25,-0.95,-1.0,1.0,0.0,0.07,1,5727,998.2,2.14,0.15,-1.22,-14.19,1556,248,2885,-0.0146,-0.079,0.316,0.216,-49.78,42.62,450,1248,-2931,0,0,5159,0.0204,-0.01,0.09,-0.01,-39.65,32.49,453,863,-5464,0,0,3289,-0.0131,-0.002,0.002,-0.098,-4.7,-2.46,530,19,-2779,0,0,6263,0.0218,0.067,-0.008,-0.092,-4.65,-2.51,534,-315,-5034,0,0
175.84,4,13408.7,658.77,0.01,13059.8,76.4,-0.26,-0.92,-1.0,1.0,0.0,0.17,1,6275,968.7,2.27,0.14,-1.23,-12.85,1542,246,2824,-0.0156,-0.047,0.385,0.285,-49.68,42.52,474,1333,-2830,0,0,5158,0.0204,0.0,0.142,0.042,-39.52,32.36,476,1103,-5427,0,0,3279,-0.0132,-0.006,0.024,-0.076,-4.39,-2.77,542,637,-2634,0,0,6333,0.0227,0.041,0.008,-0.092,-4.34,-2.82,542,83,-4871,0,0
175.86,4,13409.1,658.53,0.01,13060.15,76.3,-0.07,-0.91,-1.0,1.0,0.0,0.27,1,6700,938.8,2.37,0.14,-1.22,-12.08,1536,246,2803,-0.0159,-0.016,0.445,0.345,-49.46,42.3,497,1512,-2729,0,0,5161,0.0204,0.002,0.195,0.095,-39.34,32.18,497,1552,-5335,0,0,3295,-0.0131,0.009,0.05,-0.05,-4.11,-3.06,555,1731,-2416,0,0,6378,0.0232,0.027,0.031,-0.069,-4.02,-3.14,554,2018,-4568,0,0
175.88,4,13409.6,658.28,0.01,13060.49,76.4,0.12,-0.89,-1.0,1.0,0.0,0.37,1,6695,938.6,2.37,0.12,-1.21,-12.08,1535,246,2803,-0.0159,0.0,0.5,0.4,-49.23,42.07,518,1668,-2653,0,0,5151,0.0202,-0.007,0.238,0.138,-39.12,31.95,518,1907,-5226,0,0,3333,-0.0126,0.022,0.085,-0.015,-3.87,-3.29,568,2573,-2153,0,0,6403,0.0235,0.015,0.05,-0.05,-3.79,-3.38,570,3588,-4184,0,0
175.9,4,13410.0,658.03,0.01,13060.84,76.5,0.3,-0.86,-1.0,1.0,0.0,0.47,1,6693,938.3,2.37,0.1,-1.19,-12.81,1536,247,2807,-0.0158,0.003,0.557,0.457,-48.99,41.82,542,1819,-2574,0,0,5131,0.0199,-0.015,0.285,0.185,-38.87,31.71,541,2256,-5086,0,0,3388,-0.012,0.032,0.109,0.009,-3.73,-3.43,597,3223,-1849,0,0,6427,0.0238,0.014,0.094,-0.006,-3.66,-3.51,583,5126,-3685,0,0
175.92,4,13410.4,657.78,0.01,13061.18,76.8,0.47,-0.8,-1.0,0.5,0.0,0.57,1,6797,929.5,2.4,0.07,-1.15,-14.21,1544,249,2804,-0.0159,-0.002,0.626,0.526,-48.76,41.6,571,1976,-2472,0,0,5087,0.0193,-0.034,0.342,0.242,-38.66,31.49,569,2625,-4884,0,0,3483,-0.0108,0.056,0.178,0.078,-3.67,-3.49,618,3759,-1476,0,0,6469,0.0243,0.024,0.123,0.023,-3.59,-3.57,620,6224,-3071,0,0
175.94,4,13410.9,657.52,0.01,13061.52,77.2,0.6,-0.74,-1.0,0.5,0.0,0.67,1,6649,508.0,1.65,0.02,-1.09,-16.35,1554,252,2795,-0.016,-0.007,0.719,0.619,-48.62,41.46,609,2149,-2336,0,0,5001,0.0179,-0.067,0.412,0.312,-38.48,31.31,605,3002,-4595,0,0,3617,-0.0093,0.079,0.235,0.135,-3.78,-3.39,674,4142,-1143,0,0,6502,0.0247,0.02,0.213,0.113,-3.68,-3.49,653,6990,-2274,0,0
175.96,4,13411.3,657.26,0.01,13061.87,77.7,0.7,-0.67,-1.0,0.0,1.0,0.77,1,6505,291.4,1.26,-0.04,-1.0,-19.07,1564,255,2781,-0.0162,-0.011,0.793,0.693,-48.47,41.31,635,2286,-2205,0,0,4864,0.0158,-0.105,0.458,0.358,-38.38,31.22,626,3234,-4293,0,0,3798,-0.0071,0.106,0.262,0.162,-4.03,-3.14,679,4400,-1073,0,0,6522,0.0249,0.012,0.244,0.144,-3.92,-3.24,667,7198,-1970,0,0
175.98,4,13411.7,656.99,0.01,13062.21,77.7,0.06,-0.81,-1.0,0.0,1.0,0.87,1,5774,-33.6,0.53,-0.08,-0.93,-19.11,1560,255,2765,-0.0165,-0.013,0.315,0.215,-48.46,41.3,460,1546,-2670,1755,1,4682,0.013,-0.14,-0.047,-0.053,-38.36,31.2,383,1135,-4942,5850,0,4026,-0.0045,0.134,-0.112,0.012,-4.0,-3.16,457,-3499,-2406,6000,0,6533,0.025,0.006,-0.152,0.052,-3.94,-3.22,481,-6014,-3442,6000,0
176.0,4,13412.1,656.73,0.01,13062.55,77.0,-0.97,-0.69,-1.0,1.0,0.0,0.97,1,4695,-233.0,0.2,-0.05,-0.86,-17.94,1536,250,2763,-0.0165,-0.001,0.145,0.045,-48.55,41.39,400,738,-2945,1755,1,4542,0.0109,-0.108,-0.142,0.042,-38.44,31.28,372,-983,-4826,1755,1,4192,-0.0025,0.098,-0.149,0.049,-3.98,-3.18,469,-4275,-2051,6000,0,6519,0.0249,-0.009,-0.126,0.026,-3.88,-3.28,459,-6551,-2948,6000,0
176.02,4,13412.6,656.46,0.01,13062.88,76.6,-0.63,-0.78,-1.0,1.0,0.0,1.0,1,4765,198.0,0.77,0.01,-0.82,-16.77,1530,247,2867,-0.0149,0.08,0.169,0.069,-48.54,41.37,412,661,-3072,0,0,4517,0.0105,-0.02,0.013,-0.087,-38.44,31.28,432,-125,-4884,0,0,4220,-0.0022,0.017,0.021,-0.079,-3.79,-3.37,537,421,-2974,0,0,6378,0.0232,-0.083,0.012,-0.088,-3.7,-3.46,543,343,-4283,0,0
176.04,4,13413.0,656.2,0.01,13063.21,76.3,-0.29,-0.84,-1.0,1.0,0.0,1.0,1,5019,562.1,1.39,0.08,-0.82,-16.25,1532,246,2999,-0.0129,0.102,0.311,0.211,-48.41,41.25,468,1151,-3095,0,0,4574,0.0114,0.044,0.115,0.015,-38.3,31.14,480,811,-4886,0,0,4127,-0.0033,-0.055,-0.038,-0.062,-3.56,-3.6,550,816,-2779,0,0,6186,0.0209,-0.113,-0.026,-0.074,-3.58,-3.58,534,-412,-4058,0,0
176.06,4,13413.4,655.93,0.01,13063.54,76.3,0.06,-0.86,-1.0,1.0,0.0,1.0,1,5581,1005.6,2.1,0.13,-0.85,-17.01,1544,246,3099,-0.0113,0.077,0.501,0.401,-48.23,41.06,536,1759,-2965,0,0,4681,0.013,0.082,0.243,0.143,-38.11,30.95,534,1621,-4824,0,0,3960,-0.0052,-0.098,0.151,0.051,-3.51,-3.65,604,3686,-2081,0,0,6028,0.0191,-0.093,0.085,-0.015,-3.43,-3.73,619,4564,-3385,0,0
176.08,4,13413.8,655.66,0.01,13063.86,76.6,0.46,-0.74,-1.0,0.5,0.0,1.0,1,6471,960.5,2.3,0.16,-0.89,-19.86,1559,248,3140,-0.0107,0.031,0.715,0.615,-48.03,40.86,613,2333,-2668,0,0,4777,0.0145,0.074,0.416,0.316,-37.91,30.74,612,2740,-4480,0,0,3781,-0.0073,-0.105,0.317,0.217,-3.7,-3.46,724,4414,-950,0,0,5922,0.0178,-0.062,0.302,0.202,-3.6,-3.56,700,6633,-1648,0,0
176.1,4,13414.3,655.38,0.01,13064.19,77.1,0.61,-0.65,-1.0,0.0,1.0,1.0,1,6536,514.2,1.63,0.14,-0.9,-23.6,1570,251,3120,-0.011,-0.016,0.787,0.687,-47.93,40.77,633,2571,-2449,0,0,4826,0.0152,0.037,0.458,0.358,-37.86,30.7,628,3250,-4239,0,0,3659,-0.0088,-0.071,0.298,0.198,-4.12,-3.04,690,4303,-873,0,0,5890,0.0175,-0.019,0.259,0.159,-4.0,-3.16,677,6654,-1557,0,0
176.12,4,13414.7,655.1,0.01,13064.51,77.2,0.24,-0.8,-1.0,0.0,1.0,1.0,1,5739,144.2,0.85,0.12,-0.91,-24.59,1571,252,3076,-0.0117,-0.033,0.362,0.262,-47.99,40.83,478,1826,-2904,1755,1,4805,0.0149,-0.016,0.118,0.018,-37.9,30.74,451,1651,-4948,5850,0,3650,-0.0089,-0.005,-0.1,0.0,-4.33,-2.83,494,-1414,-2713,6000,0,5910,0.0177,0.012,-0.08,-0.02,-4.2,-2.97,481,-3676,-3947,6000,0
176.14,4,13415.1,654.82,0.01,13064.84,76.6,-0.79,-0.75,-1.0,0.0,1.0,1.0,1,4695,-233.1,0.2,0.14,-0.93,-23.22,1548,248,3022,-0.0125,-0.042,0.2,0.1,-48.17,41.01,418,1031,-3156,1755,1,4776,0.0145,-0.022,-0.106,0.006,-38.05,30.89,363,-891,-5085,5850,0,3669,-0.0087,0.011,-0.089,-0.011,-4.31,-2.85,460,-3280,-2245,6000,0,5963,0.0183,0.031,-0.139,0.039,-4.21,-2.95,485,-5650,-3168,6000,0
176.16,4,13415.5,654.54,0.01,13065.15,75.9,-0.97,-0.64,-1.0,0.5,0.0,1.0,1,3726,-191.7,0.2,0.19,-0.92,-22.35,1526,243,3041,-0.0122,0.015,-0.167,0.067,-48.34,41.18,293,-94,-3314,1755,1,4824,0.0152,0.037,-0.146,0.046,-38.23,31.07,363,-1205,-5077,1755,1,3617,-0.0093,-0.03,-0.255,0.155,-4.41,-2.76,405,-3973,-1521,6000,0,5949,0.0182,-0.008,-0.242,0.142,-4.27,-2.89,393,-6387,-2313,6000,0
176.18,4,13416.0,654.27,0.01,13065.46,75.1,-1.06,-0.56,-1.0,0.5,0.0,1.0,1,3843,208.6,0.7,0.27,-0.89,-22.48,1507,238,3148,-0.0106,0.082,-0.046,-0.054,-48.51,41.35,321,-306,-3415,0,0,4913,0.0166,0.068,-0.07,-0.03,-38.39,31.23,383,-755,-5241,0,0,3535,-0.0102,-0.049,-0.19,0.09,-4.62,-2.54,407,-3943,-1408,0,0,5842,0.0169,-0.063,-0.204,0.104,-4.52,-2.64,390,-6369,-2151,0,0
176.2,4,13416.4,653.99,0.01,13065.77,74.4,-1.0,-0.65,-1.0,1.0,0.0,1.0,1,4161,322.8,0.99,0.36,-0.86,-22.76,1492,234,3321,-0.0079,0.133,0.069,-0.031,-48.64,41.48,375,160,-3603,0,0,5026,0.0183,0.087,-0.02,-0.08,-38.45,31.29,416,-282,-5395,0,0,3432,-0.0115,-0.06,-0.116,0.016,-4.8,-2.36,474,-3364,-1994,0,0,5662,0.0148,-0.106,-0.15,0.05,-4.65,-2.51,500,-5671,-2873,0,0
176.22,4,13416.8,653.72,0.01,13066.08,73.9,-0.71,-0.84,-1.0,1.0,0.0,1.0,1,4763,791.0,1.62,0.45,-0.85,-22.64,1484,231,3514,-0.0049,0.148,0.265,0.165,-48.64,41.47,437,967,-3700,0,0,5163,0.0204,0.105,0.086,-0.014,-38.48,31.32,456,473,-5520,0,0,3294,-0.0131,-0.081,0.014,-0.086,-4.86,-2.3,560,-552,-2749,0,0,5451,0.0123,-0.124,0.027,-0.073,-4.67,-2.49,546,-1462,-4275,0,0
176.24,4,13417.2,653.44,0.01,13066.38,73.8,-0.02,-0.92,-1.0,0.5,0.0,1.0,1,5452,1005.4,2.07,0.49,-0.89,-23.81,1490,230,3663,-0.0026,0.115,0.506,0.406,-48.5,41.34,513,1998,-3510,0,0,5304,0.0226,0.108,0.231,0.131,-38.38,31.22,514,1686,-5457,0,0,3137,-0.0149,-0.092,0.188,0.088,-4.83,-2.33,600,3087,-1848,0,0,5283,0.0103,-0.099,0.108,0.008,-4.69,-2.47,614,4241,-3522,0,0
176.26,4,13417.6,653.16,0.01,13066.67,74.0,0.31,-0.85,-1.0,0.5,0.0,1.0,1,5753,548.7,1.51,0.48,-0.94,-26.66,1497,232,3700,-0.0021,0.028,0.606,0.506,-48.36,41.2,547,2521,-3262,0,0,5405,0.0242,0.078,0.309,0.209,-38.23,31.07,547,2554,-5269,0,0,3004,-0.0165,-0.078,0.184,0.084,-5.09,-2.07,634,3307,-1360,0,0,5234,0.0098,-0.029,0.164,0.064,-4.92,-2.24,610,5254,-2748,0,0
176.28,4,13418.0,652.87,0.01,13066.97,74.3,0.4,-0.84,-1.0,1.0,0.0,1.0,1,5646,324.6,1.17,0.42,-0.98,-29.31,1499,233,3627,-0.0032,-0.056,0.591,0.491,-48.33,41.17,541,2559,-3145,0,0,5423,0.0244,0.014,0.29,0.19,-38.18,31.02,541,2683,-5234,0,0,2958,-0.017,-0.027,0.098,-0.002,-5.44,-1.73,591,3060,-1650,0,0,5308,0.0106,0.043,0.061,-0.039,-5.24,-1.93,565,4523,-3539,0,0
176.3,4,13418.4,652.58,0.01,13067.27,74.5,0.34,-0.91,-1.0,0.5,0.0,1.0,1,5717,785.8,1.81,0.34,-1.02,-30.36,1496,234,3483,-0.0054,-0.111,0.618,0.518,-48.38,41.22,553,2437,-3042,0,0,5361,0.0235,-0.048,0.311,0.211,-38.24,31.08,553,2585,-5208,0,0,3011,-0.0164,0.031,0.21,0.11,-5.64,-1.52,615,3037,-1789,0,0,5467,0.0125,0.094,0.116,0.016,-5.44,-1.72,629,4390,-3866,0,0
176.32,4,13418.8,652.29,0.01,13067.56,74.7,0.44,-0.87,-1.0,1.0,0.0,1.0,1,5654,325.6,1.17,0.23,-1.07,-31.67,1495,236,3283,-0.0085,-0.153,0.627,0.527,-48.42,41.26,549,2374,-2827,0,0,5250,0.0218,-0.085,0.312,0.212,-38.33,31.17,548,2668,-5050,0,0,3108,-0.0153,0.057,0.158,0.058,-5.9,-1.26,589,3211,-1768,0,0,5681,0.015,0.126,0.108,0.008,-5.66,-1.5,585,4929,-3815,0,0
176.34,4,13419.3,651.99,0.01,13067.86,75.0,0.4,-0.91,-1.0,1.0,0.0,1.0,1,5834,777.3,1.85,0.11,-1.11,-31.92,1491,237,3035,-0.0123,-0.191,0.631,0.531,-48.61,41.45,556,2204,-2620,0,0,5092,0.0193,-0.122,0.313,0.213,-38.48,31.32,556,2588,-4909,0,0,3241,-0.0137,0.078,0.152,0.052,-6.08,-1.08,590,3244,-1978,0,0,5931,0.0179,0.147,0.063,-0.037,-5.86,-1.3,605,4732,-4300,0,0
176.36,4,13419.7,651.69,0.01,13068.15,75.3,0.55,-0.82,-1.0,0.0,0.93,1.0,1,6341,964.1,2.29,-0.01,-1.13,-32.97,1490,240,2777,-0.0163,-0.199,0.781,0.681,-48.81,41.65,608,2228,-2248,0,0,4906,0.0165,-0.143,0.43,0.33,-38.63,31.47,607,3010,-4480,0,0,3384,-0.012,0.084,0.283,0.183,-6.35,-0.81,693,3799,-1409,0,0,6169,0.0207,0.14,0.252,0.152,-6.06,-1.1,667,6411,-2956,0,0
176.38,4,13420.1,651.39,0.02,13068.44,75.8,0.67,-0.68,-1.0,0.0,0.81,1.0,1,6445,518.9,1.61,-0.13,-1.11,-35.03,1491,242,2520,-0.0202,-0.198,0.709,0.609,-48.99,41.82,573,1985,-2082,1632,1,4680,0.013,-0.174,0.372,0.272,-38.88,31.72,571,2744,-4360,1632,1,3561,-0.0099,0.104,0.424,0.324,-6.83,-0.33,712,4136,-1101,879,1,6385,0.0233,0.127,0.311,0.211,-6.55,-0.61,704,7007,-2277,879,1
176.4,4,13420.5,651.08,0.02,13068.74,76.2,0.66,-0.68,-1.0,0.0,0.7,1.0,1,5973,132.9,0.87,-0.24,-1.07,-36.39,1492,245,2286,-0.0238,-0.18,0.622,0.522,-49.31,42.15,541,1675,-1992,1415,1,4418,0.009,-0.201,0.296,0.196,-39.17,32.01,540,2205,-4321,1415,1,3776,-0.0074,0.127,0.257,0.157,-7.35,0.19,642,4153,-1722,762,1,6565,0.0254,0.106,0.219,0.119,-7.01,-0.15,640,6701,-3337,762,1
176.42,4,13421.0,650.77,0.02,13069.03,76.5,0.55,-0.8,-1.0,0.0,0.74,1.0,1,5528,-267.7,0.2,-0.34,-1.02,-35.67,1492,247,2088,-0.0269,-0.152,0.511,0.411,-49.65,42.49,510,1390,-1917,1233,1,4139,0.0047,-0.214,0.205,0.105,-39.51,32.35,509,1661,-4222,1233,1,4004,-0.0047,0.134,0.081,-0.019,-7.59,0.43,550,3782,-2739,2212,0,6687,0.0268,0.072,0.005,-0.095,-7.25,0.09,568,4334,-5698,2212,0
176.44,4,13421.4,650.46,0.02,13069.31,76.5,0.03,-1.0,-1.0,0.0,0.97,1.0,1,4852,-235.7,0.2,-0.38,-1.01,-31.54,1482,247,1927,-0.0294,-0.124,0.396,0.296,-49.98,42.82,457,1044,-1900,1303,1,3893,0.0009,-0.19,-0.001,-0.099,-39.86,32.69,388,701,-4188,4343,0,4195,-0.0025,0.112,0.04,-0.06,-7.38,0.22,519,309,-4342,2338,0,6765,0.0278,0.046,-0.027,-0.073,-7.07,-0.1,518,-1993,-6496,2338,0
176.46,4,13421.8,650.14,0.02,13069.6,76.1,-0.49,-0.92,-1.0,0.0,1.0,1.0,1,4188,-211.0,0.2,-0.37,-1.02,-26.49,1463,245,1820,-0.031,-0.082,0.136,0.036,-50.3,43.14,378,548,-1948,1710,1,3767,-0.001,-0.096,-0.193,0.093,-40.18,33.02,342,-932,-4015,1710,1,4252,-0.0018,0.034,-0.096,-0.004,-7.0,-0.16,500,-2465,-3917,3070,0,6799,0.0282,0.02,-0.082,-0.018,-6.76,-0.4,491,-4607,-5619,3070,0
176.48,4,13422.2,649.83,0.02,13069.88,75.5,-0.78,-0.76,-1.0,0.0,1.0,1.0,1,3801,-189.1,0.2,-0.28,-1.01,-22.46,1445,241,1833,-0.0308,0.01,-0.173,0.073,-50.63,43.46,256,-288,-2008,1755,1,3786,-0.0008,0.014,-0.214,0.114,-40.47,33.31,305,-1262,-3955,1755,1,4190,-0.0025,-0.036,-0.047,-0.053,-6.75,-0.41,429,-2948,-3587,3150,0,6744,0.0275,-0.032,-0.095,-0.005,-6.56,-0.61,455,-5255,-5122,3150,0
176.5,4,13422.6,649.52,0.02,13070.15,74.8,-0.97,-0.66,-1.0,0.0,1.0,1.0,1,3386,-176.8,0.2,-0.15,-0.98,-19.38,1435,236,1994,-0.0283,0.124,-0.304,0.204,-50.85,43.69,236,-645,-2117,1755,1,3931,0.0015,0.112,-0.333,0.233,-40.72,33.56,275,-1788,-3939,1755,1,4051,-0.0042,-0.082,-0.21,0.11,-6.57,-0.59,450,-3918,-2616,945,1,6585,0.0256,-0.094,-0.18,0.08,-6.43,-0.74,443,-6205,-4034,945,1
176.52,4,13423.1,649.21,0.02,13070.42,74.0,-1.05,-0.55,-1.0,0.5,0.0,1.0,1,3276,-163.9,0.2,0.02,-0.93,-16.7,1430,231,2267,-0.0241,0.21,-0.317,0.217,-51.1,43.94,204,-917,-2344,1755,1,4155,0.0049,0.172,-0.354,0.254,-40.98,33.82,242,-2195,-4017,1755,1,3843,-0.0066,-0.123,-0.134,0.034,-6.47,-0.69,393,-3811,-2380,945,1,6312,0.0224,-0.161,-0.168,0.068,-6.43,-0.73,421,-6130,-3682,945,1
176.54,4,13423.5,648.9,0.02,13070.69,73.2,-1.06,-0.52,-1.0,0.5,0.0,1.0,1,3364,206.3,0.67,0.2,-0.85,-14.76,1429,226,2620,-0.0187,0.272,-0.139,0.039,-51.27,44.11,289,-678,-2796,0,0,4404,0.0087,0.191,-0.181,0.081,-41.18,34.01,332,-1578,-4523,0,0,3594,-0.0095,-0.146,-0.243,0.143,-6.37,-0.79,399,-3862,-1814,0,0,5926,0.0179,-0.227,-0.291,0.191,-6.26,-0.9,423,-6247,-2762,0,0
176.56,4,13423.9,648.6,0.02,13070.95,72.5,-1.0,-0.59,-1.0,1.0,0.0,1.0,1,3744,321.6,0.93,0.39,-0.77,-14.24,1429,222,3010,-0.0127,0.3,0.05,-0.05,-51.3,44.14,323,-125,-3272,0,0,4646,0.0125,0.187,-0.04,-0.06,-41.16,34.0,363,-675,-4959,0,0,3323,-0.0127,-0.159,-0.166,0.066,-6.37,-0.79,405,-3469,-1863,0,0,5462,0.0124,-0.273,-0.136,0.036,-6.27,-0.89,402,-5587,-2903,0,0
176.58,4,13424.3,648.3,0.02,13071.21,71.9,-0.81,-0.77,-1.0,1.0,0.0,1.0,1,4327,772.1,1.55,0.55,-0.73,-14.13,1431,218,3388,-0.0069,0.29,0.222,0.122,-51.23,44.07,392,745,-3602,0,0,4874,0.016,0.175,0.055,-0.045,-41.03,33.87,413,231,-5224,0,0,3034,-0.0161,-0.17,-0.052,-0.048,-6.21,-0.95,486,-1892,-2689,0,0,4977,0.0067,-0.285,-0.083,-0.017,-6.07,-1.09,509,-3153,-4211,0,0
176.6,4,13424.7,647.99,0.02,13071.46,71.6,-0.3,-0.93,-1.0,1.0,0.0,1.0,1,5019,1002.3,1.99,0.66,-0.74,-14.56,1436,217,3684,-0.0023,0.227,0.43,0.33,-50.9,43.74,455,1723,-3644,0,0,5084,0.0192,0.162,0.182,0.082,-40.71,33.54,460,1271,-5311,0,0,2722,-0.0198,-0.184,0.056,-0.044,-6.02,-1.14,556,1911,-2312,0,0,4554,0.0017,-0.249,0.055,-0.045,-5.85,-1.31,536,2267,-4028,0,0
176.62,4,13425.1,647.68,0.02,13071.71,71.7,0.17,-0.86,-1.0,0.5,0.0,1.0,1,5716,999.7,2.13,0.71,-0.8,-17.48,1442,217,3836,0.0,0.117,0.658,0.558,-50.51,43.35,529,2574,-3391,0,0,5262,0.022,0.137,0.351,0.251,-40.37,33.21,528,2461,-5136,0,0,2437,-0.0232,-0.168,0.297,0.197,-5.98,-1.18,637,2726,-1113,0,0,4302,-0.0012,-0.148,0.219,0.119,-5.85,-1.32,649,4507,-2236,0,0
176.64,4,13425.5,647.37,0.02,13071.96,71.9,0.34,-0.77,-1.0,0.5,0.0,1.0,1,6128,532.9,1.57,0.69,-0.87,-21.66,1437,219,3844,0.0001,0.006,0.744,0.644,-50.22,43.06,557,2964,-3125,0,0,5381,0.0238,0.091,0.411,0.311,-40.05,32.89,556,3202,-4915,0,0,2244,-0.0254,-0.113,0.3,0.2,-6.3,-0.86,671,2631,-765,0,0,4254,-0.0018,-0.028,0.266,0.166,-6.12,-1.04,646,4775,-1625,0,0
176.66,4,13425.9,647.06,0.02,13072.21,72.1,0.44,-0.76,-1.0,0.5,0.0,1.0,1,6012,314.4,1.2,0.61,-0.93,-25.8,1430,220,3751,-0.0013,-0.071,0.779,0.679,-50.07,42.9,550,2968,-2997,0,0,5428,0.0245,0.036,0.43,0.33,-39.85,32.69,549,3326,-4901,0,0,2211,-0.0258,-0.019,0.311,0.211,-6.74,-0.42,620,2546,-879,0,0,4404,0.0,0.088,0.284,0.184,-6.53,-0.64,595,4797,-1985,0,0
176.68,4,13426.3,646.74,0.02,13072.46,72.4,0.46,-0.8,-1.0,0.5,0.0,1.0,1,5800,318.8,1.19,0.49,-0.99,-28.62,1422,222,3593,-0.0037,-0.122,0.713,0.613,-50.02,42.86,548,2789,-2925,0,0,5385,0.0238,-0.033,0.37,0.27,-39.79,32.63,548,3139,-4957,0,0,2343,-0.0243,0.078,0.178,0.078,-7.11,-0.05,616,2552,-1224,0,0,4687,0.0033,0.167,0.134,0.034,-6.84,-0.32,589,4582,-2901,0,0
176.7,4,13426.7,646.42,0.02,13072.7,72.7,0.44,-0.86,-1.0,0.5,0.0,1.0,1,5511,330.8,1.15,0.35,-1.05,-30.28,1416,223,3374,-0.0071,-0.168,0.678,0.578,-50.07,42.91,532,2534,-2826,0,0,5284,0.0223,-0.078,0.339,0.239,-39.85,32.69,531,2842,-4995,0,0,2567,-0.0216,0.132,0.168,0.068,-7.43,0.27,578,2562,-1678,0,0,5065,0.0078,0.222,0.117,0.017,-7.1,-0.07,574,4257,-3815,0,0
176.72,4,13427.1,646.09,0.02,13072.95,72.9,0.34,-0.95,-1.0,0.0,1.0,1.0,1,5508,332.3,1.14,0.2,-1.11,-30.32,1409,224,3114,-0.0111,-0.2,0.669,0.569,-50.11,42.94,520,2262,-2679,0,0,5133,0.02,-0.116,0.333,0.233,-39.91,32.75,519,2568,-4954,0,0,2833,-0.0185,0.156,0.2,0.1,-7.48,0.32,538,2556,-2133,0,0,5473,0.0126,0.24,0.107,0.007,-7.24,0.08,546,3581,-4766,0,0
176.74,4,13427.5,645.77,0.02,13073.19,72.9,0.2,-1.0,-1.0,0.0,1.0,1.0,1,4965,6.4,0.5,0.07,-1.16,-28.93,1398,224,2831,-0.0154,-0.218,0.444,0.344,-50.21,43.05,459,1688,-2675,1755,1,4958,0.0173,-0.135,0.16,0.06,-40.03,32.86,458,1591,-5111,1755,1,3079,-0.0156,0.145,0.064,-0.036,-7.4,0.24,548,2008,-2828,3150,0,5860,0.0171,0.227,0.054,-0.046,-7.14,-0.02,530,2239,-5617,3150,0
176.76,4,13427.9,645.44,0.02,13073.42,72.8,-0.1,-1.0,-1.0,0.0,1.0,1.0,1,4293,-214.5,0.2,-0.03,-1.21,-25.6,1381,224,2555,-0.0197,-0.212,0.261,0.161,-50.47,43.31,398,1099,-2610,1755,1,4780,0.0145,-0.137,-0.129,0.029,-40.28,33.12,352,-696,-5100,1755,1,3295,-0.0131,0.127,-0.036,-0.064,-7.1,-0.06,502,447,-3405,3150,0,6204,0.0212,0.203,-0.028,-0.072,-6.86,-0.3,490,-1004,-6065,3150,0
176.78,4,13428.3,645.11,0.02,13073.66,72.3,-0.65,-0.88,-1.0,0.0,1.0,1.0,1,3661,-189.0,0.2,-0.08,-1.23,-21.36,1356,221,2337,-0.023,-0.168,-0.244,0.144,-50.6,43.44,246,-158,-2562,1755,1,4653,0.0126,-0.098,-0.179,0.079,-40.43,33.27,325,-1191,-4888,1755,1,3441,-0.0113,0.086,-0.182,0.082,-6.75,-0.41,449,-2535,-2929,945,1,6469,0.0243,0.156,-0.155,0.055,-6.51,-0.65,441,-4950,-5004,945,1
176.8,4,13428.7,644.78,0.02,13073.88,71.6,-0.92,-0.7,-1.0,1.0,0.0,1.0,1,3330,-172.1,0.2,-0.06,-1.21,-17.64,1330,216,2237,-0.0246,-0.078,-0.302,0.202,-50.85,43.69,228,-716,-2369,1755,1,4600,0.0118,-0.041,-0.283,0.183,-40.7,33.54,283,-1773,-4675,1755,1,3508,-0.0106,0.039,-0.151,0.051,-6.48,-0.68,454,-3303,-2402,945,1,6598,0.0258,0.076,-0.155,0.055,-6.29,-0.87,445,-6012,-4253,945,1
176.82,4,13429.1,644.46,0.01,13074.11,70.9,-0.98,-0.65,-1.0,0.5,0.0,1.0,1,3582,208.1,0.68,0.01,-1.15,-14.78,1308,212,2301,-0.0236,0.049,-0.074,-0.026,-51.04,43.88,285,-447,-2492,0,0,4621,0.0121,0.017,-0.11,0.01,-40.87,33.7,339,-1179,-4855,0,0,3516,-0.0105,0.005,-0.138,0.038,-6.21,-0.95,423,-3300,-2398,0,0,6551,0.0252,-0.028,-0.189,0.089,-6.08,-1.08,419,-6125,-4035,0,0
176.84,4,13429.5,644.14,0.01,13074.33,70.2,-0.93,-0.72,-1.0,1.0,0.0,1.0,1,3942,322.0,0.95,0.11,-1.07,-13.06,1295,208,2499,-0.0206,0.152,0.111,0.011,-51.04,43.88,332,91,-2734,0,0,4703,0.0134,0.063,0.003,-0.097,-40.87,33.71,368,-314,-5050,0,0,3486,-0.0108,-0.018,-0.041,-0.059,-6.07,-1.09,420,-2862,-2696,0,0,6369,0.0231,-0.107,-0.092,-0.008,-5.86,-1.3,440,-5275,-4521,0,0
176.86,4,13429.8,643.82,0.01,13074.54,69.6,-0.66,-0.89,-1.0,1.0,0.0,1.0,1,4388,779.4,1.57,0.21,-1.01,-11.6,1291,205,2768,-0.0164,0.207,0.269,0.169,-50.85,43.69,398,803,-2929,0,0,4821,0.0152,0.09,0.078,-0.022,-40.71,33.55,410,474,-5158,0,0,3413,-0.0117,-0.043,-0.057,-0.043,-5.6,-1.56,500,-884,-3175,0,0,6097,0.0199,-0.16,-0.035,-0.065,-5.49,-1.67,485,-2033,-5344,0,0
176.88,4,13430.2,643.49,0.01,13074.75,69.6,-0.04,-0.95,-1.0,1.0,0.0,1.0,1,5075,1002.8,2.0,0.29,-0.97,-11.68,1301,204,3021,-0.0125,0.195,0.527,0.427,-50.5,43.34,475,1689,-2900,0,0,4951,0.0172,0.1,0.253,0.153,-40.35,33.18,476,1635,-5088,0,0,3293,-0.0131,-0.07,0.152,0.052,-5.22,-1.94,551,2995,-2240,0,0,5817,0.0166,-0.165,0.082,-0.018,-5.13,-2.03,565,4233,-4327,0,0
176.9,4,13430.6,643.17,0.01,13074.96,69.8,0.39,-0.82,-1.0,0.5,0.0,1.0,1,5890,993.5,2.16,0.32,-0.97,-14.73,1313,206,3185,-0.01,0.126,0.761,0.661,-50.1,42.94,551,2382,-2686,0,0,5052,0.0187,0.077,0.44,0.34,-39.92,32.76,550,2877,-4711,0,0,3170,-0.0145,-0.072,0.326,0.226,-5.22,-1.94,669,3657,-1090,0,0,5611,0.0142,-0.121,0.325,0.225,-5.2,-1.96,645,6184,-2064,0,0
176.92,4,13431.0,642.84,0.01,13075.17,70.1,0.53,-0.72,-1.0,0.5,0.0,1.0,1,6017,539.1,1.55,0.3,-0.95,-18.8,1321,208,3242,-0.0091,0.044,0.834,0.734,-49.76,42.6,571,2679,-2525,0,0,5096,0.0194,0.034,0.487,0.387,-39.61,32.45,568,3433,-4439,0,0,3113,-0.0152,-0.033,0.338,0.238,-5.52,-1.65,644,3652,-908,0,0,5537,0.0133,-0.043,0.3,0.2,-5.36,-1.8,638,6232,-1735,0,0
176.94,4,13431.4,642.51,0.01,13075.38,70.5,0.59,-0.72,-1.0,0.5,0.0,1.0,1,5828,317.6,1.19,0.25,-0.93,-21.89,1326,210,3226,-0.0094,-0.012,0.79,0.69,-49.59,42.42,565,2641,-2535,0,0,5057,0.0188,-0.03,0.448,0.348,-39.43,32.27,564,3325,-4463,0,0,3169,-0.0146,0.032,0.226,0.126,-5.81,-1.35,629,3578,-1285,0,0,5563,0.0136,0.015,0.214,0.114,-5.67,-1.49,603,5934,-2477,0,0
176.96,4,13431.8,642.17,0.01,13075.58,70.9,0.6,-0.78,-1.0,0.0,1.0,1.0,1,5755,320.9,1.18,0.18,-0.93,-24.04,1329,212,3172,-0.0102,-0.041,0.771,0.671,-49.48,42.31,563,2563,-2526,0,0,4963,0.0173,-0.072,0.43,0.33,-39.34,32.18,562,3167,-4448,0,0,3308,-0.0129,0.082,0.247,0.147,-5.99,-1.17,602,3654,-1499,0,0,5650,0.0146,0.051,0.147,0.047,-5.8,-1.36,614,5614,-3144,0,0
176.98,4,13432.2,641.83,0.01,13075.79,71.2,0.51,-0.84,-1.0,0.0,1.0,1.0,1,5280,-6.3,0.51,0.1,-0.94,-25.01,1330,214,3068,-0.0118,-0.08,0.481,0.381,-49.42,42.26,461,1972,-2809,1755,1,4848,0.0156,-0.088,0.206,0.106,-39.36,32.2,462,1966,-4884,1755,1,3486,-0.0108,0.104,0.242,0.142,-6.1,-1.06,588,3731,-1777,945,1,5813,0.0166,0.096,0.153,0.053,-5.87,-1.29,563,5496,-3551,945,1
177.0,4,13432.6,641.49,0.01,13075.99,71.3,0.21,-0.9,-1.0,0.0,1.0,1.0,1,4384,-219.8,0.2,0.03,-0.96,-23.85,1328,215,2935,-0.0138,-0.103,0.288,0.188,-49.45,42.28,407,1341,-2954,1755,1,4732,0.0138,-0.089,-0.15,0.05,-39.29,32.13,340,6,-5099,1755,1,3665,-0.0087,0.105,0.01,-0.09,-5.97,-1.19,481,765,-3458,3150,0,6016,0.0189,0.119,-0.049,-0.051,-5.81,-1.35,504,-1222,-5417,3150,0
177.02,4,13433.0,641.15,0.01,13076.18,70.9,-0.54,-0.9,-1.0,0.0,1.0,1.0,1,3830,-191.7,0.2,0.0,-1.0,-20.23,1311,212,2797,-0.016,-0.106,-0.166,0.066,-49.57,42.4,247,76,-3054,1755,1,4641,0.0124,-0.07,-0.12,0.02,-39.45,32.29,326,-1067,-4907,1755,1,3780,-0.0074,0.068,-0.041,-0.059,-5.57,-1.59,431,-1523,-3378,3150,0,6192,0.021,0.104,-0.027,-0.073,-5.41,-1.75,426,-3540,-5013,3150,0
177.04,4,13433.4,640.81,0.01,13076.38,70.2,-0.9,-0.72,-1.0,0.0,1.0,1.0,1,3440,-179.5,0.2,0.03,-1.01,-17.23,1289,208,2720,-0.0171,-0.059,-0.245,0.145,-49.75,42.59,245,-675,-2909,1755,1,4633,0.0123,-0.006,-0.245,0.145,-39.59,32.43,295,-1529,-4791,1755,1,3784,-0.0073,0.003,-0.187,0.087,-5.33,-1.83,438,-3438,-2544,945,1,6286,0.0221,0.055,-0.156,0.056,-5.19,-1.97,430,-5716,-3885,945,1
177.06,4,13433.8,640.47,0.01,13076.56,69.5,-1.04,-0.58,-1.0,1.0,0.0,1.0,1,3204,-161.6,0.2,0.1,-0.98,-15.04,1269,204,2763,-0.0165,0.033,-0.285,0.185,-49.87,42.71,207,-986,-2880,1755,1,4696,0.0133,0.048,-0.307,0.207,-39.73,32.57,249,-2147,-4651,1755,1,3721,-0.0081,-0.037,-0.132,0.032,-5.13,-2.03,369,-3828,-2029,945,1,6249,0.0217,-0.022,-0.163,0.063,-5.02,-2.15,398,-6196,-3296,945,1
177.08,4,13434.1,640.14,0.01,13076.75,68.7,-1.11,-0.52,-1.0,0.5,0.0,1.0,1,3295,205.0,0.66,0.21,-0.93,-13.74,1254,199,2917,-0.0141,0.118,-0.115,0.015,-49.99,42.83,286,-668,-3120,0,0,4804,0.0149,0.083,-0.147,0.047,-39.82,32.66,331,-1500,-4976,0,0,3621,-0.0092,-0.059,-0.27,0.17,-5.07,-2.09,405,-3980,-1597,0,0,6089,0.0198,-0.094,-0.224,0.124,-4.95,-2.21,395,-6505,-2531,0,0
177.1,4,13434.5,639.81,0.01,13076.93,67.9,-1.05,-0.6,-1.0,1.0,0.0,1.0,1,3656,321.4,0.92,0.33,-0.86,-13.58,1243,195,3150,-0.0105,0.18,0.071,-0.029,-49.95,42.79,317,-82,-3423,0,0,4932,0.0169,0.099,-0.016,-0.084,-39.79,32.62,356,-571,-5269,0,0,3490,-0.0108,-0.077,-0.117,0.017,-5.01,-2.15,403,-3659,-1816,0,0,5820,0.0166,-0.158,-0.079,-0.021,-4.9,-2.26,403,-5934,-2895,0,0
177.12,4,13434.9,639.48,0.01,13077.11,67.3,-0.84,-0.78,-1.0,1.0,0.0,1.0,1,4223,743.2,1.51,0.44,-0.82,-13.55,1239,191,3410,-0.0065,0.2,0.238,0.138,-49.78,42.62,363,687,-3639,0,0,5070,0.019,0.106,0.076,-0.024,-39.62,32.46,385,240,-5430,0,0,3318,-0.0128,-0.101,0.012,-0.088,-4.87,-2.3,453,-1580,-2722,0,0,5490,0.0128,-0.194,0.04,-0.06,-4.75,-2.42,446,-2356,-4338,0,0
177.14,4,13435.3,639.15,0.01,13077.28,67.1,-0.19,-0.91,-1.0,1.0,0.0,1.0,1,4763,997.5,1.92,0.53,-0.82,-14.3,1245,190,3627,-0.0032,0.167,0.448,0.348,-49.46,42.3,445,1728,-3584,0,0,5207,0.0211,0.105,0.198,0.098,-39.29,32.13,446,1366,-5426,0,0,3101,-0.0153,-0.128,0.126,0.026,-4.61,-2.55,521,2620,-2125,0,0,5166,0.009,-0.19,0.056,-0.044,-4.5,-2.66,537,2971,-3847,0,0
177.16,4,13435.6,638.82,0.01,13077.45,67.3,0.27,-0.83,-1.0,0.5,0.0,1.0,1,5408,1005.5,2.07,0.55,-0.85,-17.55,1251,191,3728,-0.0016,0.077,0.652,0.552,-49.08,41.92,503,2546,-3279,0,0,5307,0.0226,0.077,0.353,0.253,-38.84,31.68,504,2590,-5141,0,0,2887,-0.0179,-0.126,0.266,0.166,-4.74,-2.42,599,3315,-1041,0,0,4952,0.0064,-0.126,0.254,0.154,-4.57,-2.59,586,5393,-2000,0,0
177.18,4,13436.0,638.48,0.01,13077.62,67.5,0.42,-0.74,-1.0,0.5,0.0,1.0,1,5572,556.4,1.48,0.52,-0.88,-21.61,1253,193,3720,-0.0018,-0.006,0.715,0.615,-48.71,41.55,524,2837,-3063,0,0,5344,0.0232,0.028,0.4,0.3,-38.59,31.43,523,3157,-4906,0,0,2770,-0.0192,-0.069,0.297,0.197,-5.02,-2.14,600,3247,-848,0,0,4893,0.0057,-0.035,0.254,0.154,-4.84,-2.32,595,5492,-1670,0,0
177.2,4,13436.4,638.14,0.01,13077.78,67.8,0.48,-0.74,-1.0,0.5,0.0,1.0,1,5410,332.7,1.13,0.44,-0.92,-25.0,1250,194,3621,-0.0033,-0.076,0.685,0.585,-48.54,41.38,505,2731,-3012,0,0,5301,0.0226,-0.033,0.369,0.269,-38.38,31.22,505,3017,-4935,0,0,2777,-0.0192,0.004,0.226,0.126,-5.39,-1.77,541,3122,-1176,0,0,4974,0.0067,0.048,0.204,0.104,-5.2,-1.96,518,5153,-2483,0,0
177.22,4,13436.8,637.8,0.01,13077.95,68.1,0.44,-0.83,-1.0,1.0,0.0,1.0,1,5063,334.3,1.1,0.34,-0.96,-26.99,1248,196,3449,-0.0059,-0.132,0.599,0.499,-48.46,41.3,491,2461,-2982,0,0,5209,0.0211,-0.071,0.294,0.194,-38.36,31.19,491,2625,-5023,0,0,2880,-0.0179,0.061,0.135,0.035,-5.6,-1.56,528,2915,-1706,0,0,5181,0.0091,0.122,0.088,-0.012,-5.36,-1.8,524,4298,-3588,0,0
177.24,4,13437.1,637.46,0.01,13078.11,68.3,0.33,-0.9,-1.0,0.5,0.0,1.0,1,5174,792.6,1.72,0.22,-1.02,-27.41,1242,197,3223,-0.0094,-0.174,0.592,0.492,-48.42,41.26,500,2216,-2856,0,0,5071,0.019,-0.106,0.288,0.188,-38.29,31.13,498,2347,-4990,0,0,3033,-0.0161,0.09,0.176,0.076,-5.62,-1.54,548,2954,-1918,0,0,5450,0.0123,0.158,0.078,-0.022,-5.4,-1.76,564,3847,-4123,0,0
177.26,4,13437.5,637.11,0.02,13078.27,68.6,0.49,-0.82,-1.0,0.0,1.0,1.0,1,5457,331.5,1.15,0.1,-1.06,-28.63,1240,199,2971,-0.0133,-0.194,0.666,0.566,-48.42,41.26,522,2244,-2506,0,0,4922,0.0167,-0.115,0.344,0.244,-38.32,31.16,521,2728,-4651,0,0,3196,-0.0142,0.096,0.147,0.047,-5.85,-1.31,570,3465,-1568,0,0,5747,0.0158,0.175,0.101,0.001,-5.57,-1.59,542,5498,-3384,0,0
177.28,4,13437.9,636.76,0.02,13078.43,68.9,0.51,-0.8,-1.0,0.0,1.0,1.0,1,5073,-0.9,0.5,-0.03,-1.09,-29.46,1239,201,2715,-0.0172,-0.197,0.446,0.346,-48.48,41.32,450,1707,-2526,1755,1,4742,0.0139,-0.138,0.168,0.068,-38.44,31.28,449,1774,-4841,1755,1,3387,-0.012,0.112,0.221,0.121,-5.97,-1.19,563,3692,-1613,945,1,6037,0.0192,0.17,0.111,0.011,-5.73,-1.43,559,5611,-3716,3150,0
177.3,4,13438.3,636.41,0.02,13078.58,69.1,0.33,-0.83,-1.0,0.0,1.0,1.0,1,4340,-215.7,0.2,-0.13,-1.1,-28.39,1237,202,2463,-0.0211,-0.194,0.343,0.243,-48.76,41.6,415,1219,-2461,1755,1,4549,0.011,-0.148,-0.138,0.038,-38.57,31.4,340,-199,-4915,1755,1,3573,-0.0098,0.109,0.078,-0.022,-6.03,-1.13,489,2818,-2790,3150,0,6301,0.0223,0.156,-0.002,-0.098,-5.78,-1.38,507,2309,-5461,3150,0
177.32,4,13438.7,636.06,0.02,13078.73,68.8,-0.42,-0.86,-1.0,0.0,1.0,1.0,1,3683,-189.9,0.2,-0.18,-1.11,-24.43,1218,200,2247,-0.0244,-0.165,-0.198,0.098,-48.95,41.79,256,344,-2454,1755,1,4365,0.0082,-0.141,-0.17,0.07,-38.83,31.67,321,-1106,-4617,1755,1,3721,-0.008,0.088,-0.112,0.012,-5.69,-1.47,449,-2503,-3066,3150,0,6491,0.0245,0.112,-0.081,-0.019,-5.56,-1.6,442,-4677,-4886,3150,0
177.34,4,13439.1,635.71,0.02,13078.88,68.2,-0.86,-0.7,-1.0,0.0,1.0,1.0,1,3392,-172.1,0.2,-0.16,-1.09,-20.78,1195,196,2133,-0.0262,-0.088,-0.224,0.124,-49.19,42.02,222,-514,-2303,1755,1,4267,0.0066,-0.076,-0.239,0.139,-39.08,31.92,271,-1541,-4401,1755,1,3785,-0.0073,0.037,-0.075,-0.025,-5.41,-1.76,370,-3125,-2770,3150,0,6575,0.0255,0.049,-0.121,0.021,-5.26,-1.91,412,-5802,-4187,945,1
177.36,4,13439.4,635.36,0.02,13079.02,67.4,-0.99,-0.55,-1.0,0.0,1.0,1.0,1,3014,-157.2,0.2,-0.08,-1.03,-18.08,1173,192,2181,-0.0255,0.036,-0.356,0.256,-49.44,42.28,204,-858,-2269,1755,1,4271,0.0067,0.003,-0.359,0.259,-39.34,32.17,244,-2135,-4185,1755,1,3765,-0.0075,-0.012,-0.225,0.125,-5.3,-1.86,406,-3911,-2013,945,1,6498,0.0246,-0.045,-0.184,0.084,-5.14,-2.02,400,-6456,-3389,945,1
177.38,4,13439.8,635.02,0.02,13079.16,66.6,-1.09,-0.47,-1.0,1.0,0.0,0.99,1,2943,-146.3,0.2,0.04,-0.93,-15.81,1159,187,2384,-0.0223,0.157,-0.358,0.258,-49.69,42.53,177,-1102,-2415,1755,1,4358,0.008,0.067,-0.368,0.268,-39.64,32.48,217,-2443,-4137,1755,1,3701,-0.0083,-0.037,-0.128,0.028,-5.21,-1.95,353,-3875,-1936,945,1,6282,0.0221,-0.127,-0.164,0.064,-5.09,-2.08,382,-6378,-3117,945,1
177.4,4,13440.2,634.68,0.02,13079.3,65.9,-1.1,-0.47,-1.0,0.5,0.0,1.0,1,3128,199.3,0.64,0.19,-0.81,-14.2,1150,183,2703,-0.0174,0.245,-0.096,-0.004,-49.88,42.72,261,-788,-2865,0,0,4484,0.01,0.097,-0.138,0.038,-39.76,32.6,305,-1639,-4599,0,0,3604,-0.0094,-0.057,-0.159,0.059,-5.14,-2.02,340,-3945,-1623,0,0,5933,0.018,-0.205,-0.211,0.111,-4.99,-2.17,361,-6372,-2437,0,0
177.42,4,13440.5,634.35,0.02,13079.43,65.1,-1.04,-0.54,-1.0,0.5,0.0,1.0,1,3303,316.5,0.89,0.35,-0.69,-14.14,1144,179,3076,-0.0117,0.287,-0.012,-0.088,-49.84,42.68,299,-225,-3340,0,0,4625,0.0122,0.109,-0.069,-0.031,-39.75,32.59,339,-701,-4944,0,0,3469,-0.011,-0.079,-0.207,0.107,-5.09,-2.08,373,-3798,-1573,0,0,5495,0.0128,-0.257,-0.268,0.168,-5.04,-2.12,397,-5970,-2209,0,0
177.44,4,13440.9,634.02,0.02,13079.57,64.4,-0.92,-0.67,-1.0,1.0,0.0,1.0,1,3677,321.4,0.92,0.5,-0.61,-14.72,1141,175,3447,-0.006,0.285,0.151,0.051,-49.7,42.54,323,366,-3717,0,0,4777,0.0145,0.117,0.02,-0.08,-39.57,32.4,350,-143,-5139,0,0,3284,-0.0132,-0.109,-0.075,-0.025,-5.1,-2.06,398,-3105,-2091,0,0,5024,0.0073,-0.277,-0.041,-0.059,-4.93,-2.23,395,-4772,-2977,0,0
177.46,4,13441.2,633.68,0.02,13079.69,63.9,-0.65,-0.83,-1.0,1.0,0.0,1.0,1,4081,742.6,1.51,0.62,-0.59,-15.33,1139,173,3758,-0.0012,0.239,0.254,0.154,-49.41,42.25,370,1104,-3925,0,0,4936,0.0169,0.122,0.073,-0.027,-39.27,32.11,384,499,-5281,0,0,3049,-0.016,-0.138,-0.025,-0.075,-4.87,-2.29,443,-817,-2594,0,0,4589,0.0022,-0.256,-0.067,-0.033,-4.77,-2.39,466,-1667,-3725,0,0
177.48,4,13441.6,633.35,0.02,13079.82,63.8,-0.07,-0.87,-1.0,1.0,0.0,1.0,1,4739,997.2,1.92,0.69,-0.63,-17.22,1143,172,3957,0.0019,0.153,0.499,0.399,-49.01,41.85,440,2102,-3797,0,0,5093,0.0193,0.121,0.232,0.132,-38.84,31.68,441,1609,-5253,0,0,2780,-0.0191,-0.158,0.142,0.042,-4.75,-2.41,537,2744,-1653,0,0,4265,-0.0016,-0.19,0.145,0.045,-4.63,-2.54,516,3816,-2704,0,0
177.5,4,13441.9,633.02,0.02,13079.94,64.0,0.27,-0.78,-1.0,0.5,0.0,1.0,1,5374,1005.3,2.06,0.69,-0.7,-21.19,1145,173,4002,0.0026,0.035,0.692,0.592,-48.61,41.44,493,2860,-3416,0,0,5212,0.0212,0.092,0.383,0.283,-38.52,31.36,493,2766,-4958,0,0,2548,-0.0219,-0.137,0.381,0.281,-4.98,-2.18,595,3009,-743,0,0,4131,-0.0032,-0.079,0.284,0.184,-4.82,-2.34,597,4694,-1400,0,0
177.52,4,13442.3,632.68,0.02,13080.05,64.3,0.43,-0.71,-1.0,0.5,0.0,1.0,1,5630,554.4,1.48,0.63,-0.78,-25.72,1140,175,3914,0.0012,-0.068,0.787,0.687,-48.38,41.22,520,3148,-3076,0,0,5255,0.0219,0.033,0.444,0.344,-38.21,31.04,520,3381,-4675,0,0,2432,-0.0232,-0.068,0.408,0.308,-5.45,-1.71,613,2911,-596,0,0,4186,-0.0026,0.033,0.339,0.239,-5.35,-1.81,613,4848,-1178,0,0
177.54,4,13442.7,632.34,0.02,13080.17,64.6,0.49,-0.71,-1.0,0.5,0.0,1.0,1,5431,332.6,1.13,0.53,-0.86,-29.79,1135,176,3743,-0.0014,-0.131,0.754,0.654,-48.32,41.15,499,2982,-2980,0,0,5243,0.0217,-0.01,0.406,0.306,-38.06,30.9,498,3242,-4745,0,0,2463,-0.0229,0.018,0.316,0.216,-5.97,-1.19,552,2877,-838,0,0,4423,0.0002,0.139,0.28,0.18,-5.71,-1.46,529,4893,-1796,0,0
177.56,4,13443.0,632.0,0.02,13080.28,64.9,0.49,-0.77,-1.0,1.0,0.0,1.0,1,5189,333.5,1.12,0.39,-0.93,-32.56,1133,178,3523,-0.0048,-0.17,0.666,0.566,-48.16,41.0,493,2707,-2900,0,0,5164,0.0204,-0.06,0.333,0.233,-38.02,30.86,493,2934,-4825,0,0,2615,-0.0211,0.09,0.162,0.062,-6.5,-0.66,546,2883,-1266,0,0,4762,0.0042,0.199,0.108,0.008,-6.12,-1.04,519,4644,-2872,0,0
177.58,4,13443.4,631.65,0.02,13080.39,65.2,0.47,-0.82,-1.0,0.0,1.0,1.0,1,5140,792.6,1.71,0.24,-1.01,-34.23,1126,179,3248,-0.009,-0.211,0.677,0.577,-48.29,41.13,494,2458,-2719,0,0,5038,0.0185,-0.097,0.338,0.238,-38.12,30.95,493,2725,-4786,0,0,2815,-0.0187,0.118,0.244,0.144,-6.8,-0.36,544,3042,-1462,0,0,5156,0.0088,0.232,0.148,0.048,-6.45,-0.71,547,4790,-3368,0,0
177.6,4,13443.8,631.3,0.02,13080.5,65.5,0.47,-0.79,-1.0,0.0,1.0,1.0,1,4984,334.5,1.09,0.09,-1.08,-35.5,1125,181,2946,-0.0137,-0.232,0.463,0.363,-48.34,41.17,431,1873,-2718,1755,1,4881,0.0161,-0.12,0.17,0.07,-38.22,31.05,432,1770,-4992,1755,1,3061,-0.0158,0.145,0.286,0.186,-7.19,0.02,563,3415,-1372,945,1,5592,0.014,0.257,0.178,0.078,-6.73,-0.43,574,5579,-3172,945,1
177.62,4,13444.1,630.95,0.02,13080.61,65.7,0.41,-0.75,-1.0,0.0,1.0,1.0,1,4556,25.9,0.48,-0.05,-1.13,-35.79,1123,182,2625,-0.0186,-0.246,0.369,0.269,-48.59,41.43,394,1369,-2588,1755,1,4699,0.0133,-0.14,-0.103,0.003,-38.45,31.29,304,-267,-5067,5850,0,3296,-0.0131,0.138,0.246,0.146,-7.41,0.24,537,3544,-1710,945,1,6008,0.0189,0.245,0.163,0.063,-6.96,-0.21,528,5666,-3784,945,1
177.64,4,13444.5,630.6,0.02,13080.71,65.8,0.08,-0.83,-1.0,0.0,1.0,1.0,1,3800,-191.7,0.2,-0.16,-1.15,-32.72,1116,182,2333,-0.0231,-0.225,0.188,0.088,-48.99,41.83,334,809,-2455,1755,1,4500,0.0102,-0.153,-0.159,0.059,-38.87,31.71,300,-1152,-4749,1755,1,3510,-0.0105,0.126,-0.044,-0.056,-7.31,0.15,405,605,-3619,3150,0,6343,0.0228,0.197,-0.043,-0.057,-7.0,-0.17,426,-1552,-6125,3150,0
177.66,4,13444.8,630.25,0.02,13080.81,65.2,-0.68,-0.85,-1.0,0.0,1.0,1.0,1,3319,-173.3,0.2,-0.19,-1.15,-28.04,1095,180,2113,-0.0265,-0.169,-0.2,0.1,-49.46,42.3,238,-263,-2316,1755,1,4320,0.0075,-0.138,-0.207,0.107,-39.27,32.1,290,-1306,-4522,1755,1,3670,-0.0086,0.095,-0.156,0.056,-6.95,-0.21,413,-2634,-3167,945,1,6557,0.0253,0.126,-0.175,0.075,-6.68,-0.48,401,-5156,-4988,945,1
177.68,4,13445.2,629.91,0.02,13080.91,64.6,-0.91,-0.66,-1.0,0.0,1.0,0.99,1,2977,-149.7,0.2,-0.16,-1.12,-24.15,1072,176,2028,-0.0278,-0.065,-0.295,0.195,-49.79,42.62,186,-681,-2148,1755,1,4241,0.0063,-0.061,-0.31,0.21,-39.66,32.5,231,-1903,-4246,1755,1,3714,-0.0081,0.026,-0.116,0.016,-6.75,-0.41,328,-3449,-2591,3150,0,6609,0.0259,0.03,-0.167,0.067,-6.49,-0.67,370,-6164,-4123,945,1
177.7,4,13445.6,629.57,0.02,13081.0,63.8,-1.03,-0.51,-1.0,0.0,1.0,0.91,1,2708,-140.7,0.2,-0.07,-1.04,-21.27,1052,172,2118,-0.0264,0.07,-0.429,0.329,-50.19,43.03,170,-999,-2146,1755,1,4265,0.0066,0.018,-0.414,0.314,-39.99,32.83,212,-2430,-4035,1755,1,3686,-0.0085,-0.017,-0.226,0.126,-6.67,-0.49,379,-3725,-2217,945,1,6493,0.0246,-0.068,-0.191,0.091,-6.48,-0.68,375,-6379,-3664,945,1
177.72,4,13445.9,629.23,0.02,13081.09,63.0,-1.08,-0.48,-1.0,0.5,0.0,0.81,1,2671,-132.6,0.2,0.06,-0.92,-18.45,1039,168,2368,-0.0226,0.192,-0.421,0.321,-50.55,43.39,146,-1237,-2339,1755,1,4362,0.0081,0.074,-0.402,0.302,-40.4,33.24,193,-2602,-4055,1755,1,3626,-0.0092,-0.035,-0.139,0.039,-6.58,-0.58,333,-3641,-2214,945,1,6233,0.0215,-0.153,-0.172,0.072,-6.4,-0.77,360,-6128,-3548,945,1
177.74,4,13446.3,628.9,0.02,13081.18,62.2,-1.07,-0.5,-1.0,0.5,0.0,0.83,1,2999,197.7,0.63,0.21,-0.8,-16.3,1030,163,2719,-0.0172,0.27,-0.12,0.02,-50.84,43.67,235,-884,-2857,0,0,4490,0.0101,0.099,-0.14,0.04,-40.56,33.4,285,-1659,-4595,0,0,3537,-0.0102,-0.052,-0.213,0.113,-6.45,-0.71,329,-3641,-2041,0,0,5853,0.017,-0.224,-0.191,0.091,-6.31,-0.85,327,-5961,-3090,0,0
177.76,4,13446.6,628.57,0.02,13081.26,61.5,-0.99,-0.61,-1.0,0.5,0.0,0.93,1,3250,313.2,0.88,0.37,-0.69,-15.75,1025,160,3109,-0.0112,0.3,0.038,-0.062,-50.68,43.52,291,-177,-3374,0,0,4638,0.0124,0.114,-0.032,-0.068,-40.51,33.35,330,-552,-4969,0,0,3399,-0.0118,-0.081,-0.16,0.06,-6.48,-0.69,375,-3373,-2139,0,0,5400,0.0117,-0.267,-0.189,0.089,-6.24,-0.92,400,-5426,-3020,0,0
177.78,4,13446.9,628.24,0.02,13081.35,60.9,-0.8,-0.79,-1.0,1.0,0.0,1.0,1,3709,321.5,0.93,0.52,-0.64,-15.7,1022,157,3473,-0.0056,0.28,0.249,0.149,-50.49,43.32,325,690,-3703,0,0,4800,0.0148,0.125,0.077,-0.023,-40.3,33.14,346,214,-5155,0,0,3205,-0.0141,-0.114,-0.004,-0.096,-6.15,-1.01,401,-1858,-2880,0,0,4941,0.0063,-0.27,0.026,-0.074,-6.12,-1.05,395,-2839,-4303,0,0
177.8,4,13447.3,627.91,0.02,13081.42,60.5,-0.44,-0.93,-1.0,1.0,0.0,1.0,1,4023,729.6,1.49,0.63,-0.65,-16.02,1022,155,3753,-0.0013,0.215,0.37,0.27,-50.15,42.98,367,1460,-3817,0,0,4973,0.0175,0.133,0.142,0.042,-39.95,32.79,377,868,-5273,0,0,2957,-0.017,-0.146,0.089,-0.011,-5.83,-1.33,445,870,-2798,0,0,4553,0.0017,-0.228,0.016,-0.084,-5.68,-1.49,449,49,-4246,0,0
177.82,4,13447.6,627.58,0.02,13081.5,60.5,0.04,-0.9,-1.0,1.0,0.0,1.0,1,4684,996.5,1.91,0.68,-0.71,-18.07,1026,155,3895,0.0009,0.11,0.543,0.443,-49.64,42.48,423,2304,-3622,0,0,5144,0.0201,0.132,0.259,0.159,-39.46,32.3,423,1903,-5218,0,0,2680,-0.0203,-0.163,0.152,0.052,-5.72,-1.44,511,2817,-1493,0,0,4314,-0.0011,-0.141,0.136,0.036,-5.6,-1.56,488,4077,-2757,0,0
177.84,4,13447.9,627.26,0.02,13081.57,60.7,0.3,-0.77,-1.0,0.5,0.0,1.0,1,5298,1005.0,2.05,0.66,-0.8,-21.96,1027,156,3897,0.001,0.001,0.717,0.617,-49.24,42.07,471,2912,-3240,0,0,5263,0.022,0.091,0.39,0.29,-39.08,31.92,471,2961,-4914,0,0,2459,-0.0229,-0.13,0.357,0.257,-5.99,-1.17,562,2898,-766,0,0,4246,-0.0019,-0.04,0.257,0.157,-5.76,-1.4,574,4810,-1503,0,0
177.86,4,13448.3,626.92,0.02,13081.64,61.0,0.46,-0.72,-1.0,0.5,0.0,1.0,1,5468,559.3,1.46,0.59,-0.87,-26.53,1025,157,3778,-0.0009,-0.091,0.844,0.744,-48.93,41.77,503,3135,-2894,0,0,5306,0.0226,0.033,0.479,0.379,-38.75,31.59,502,3553,-4623,0,0,2365,-0.024,-0.056,0.453,0.353,-6.42,-0.74,598,2824,-619,0,0,4362,-0.0005,0.068,0.375,0.275,-6.14,-1.02,598,5032,-1269,0,0
177.88,4,13448.6,626.59,0.02,13081.7,61.3,0.54,-0.7,-1.0,0.5,0.0,1.0,1,5314,332.7,1.13,0.48,-0.93,-30.51,1024,159,3587,-0.0038,-0.147,0.81,0.71,-48.79,41.62,502,2994,-2745,0,0,5258,0.0219,-0.037,0.448,0.348,-38.64,31.48,500,3505,-4597,0,0,2424,-0.0233,0.035,0.339,0.239,-7.0,-0.16,592,2841,-810,0,0,4609,0.0024,0.145,0.297,0.197,-6.68,-0.48,567,5133,-1802,0,0
177.9,4,13449.0,626.25,0.02,13081.77,61.7,0.54,-0.75,-1.0,0.0,1.0,1.0,1,5124,334.3,1.1,0.34,-0.97,-33.41,1023,161,3342,-0.0076,-0.188,0.783,0.683,-48.86,41.7,476,2720,-2636,0,0,5129,0.0199,-0.099,0.411,0.311,-38.6,31.44,475,3186,-4640,0,0,2591,-0.0213,0.098,0.338,0.238,-7.45,0.28,500,2921,-1144,0,0,4927,0.0061,0.187,0.207,0.107,-7.09,-0.08,503,5033,-2735,0,0
177.92,4,13449.3,625.91,0.02,13081.83,61.9,0.46,-0.8,-1.0,0.0,1.0,1.0,1,4517,24.7,0.48,0.18,-1.01,-34.97,1018,162,3067,-0.0118,-0.212,0.421,0.321,-48.8,41.64,392,1949,-2822,1755,1,4937,0.017,-0.148,0.131,0.031,-38.78,31.61,392,1769,-5048,1755,1,2827,-0.0186,0.139,0.204,0.104,-7.78,0.62,528,3032,-1527,945,1,5273,0.0102,0.203,0.147,0.047,-7.34,0.17,504,4948,-3470,945,1
177.94,4,13449.7,625.57,0.02,13081.88,62.0,0.19,-0.83,-1.0,0.0,1.0,1.0,1,3683,-189.2,0.2,0.05,-1.06,-33.58,1009,162,2775,-0.0163,-0.225,0.187,0.087,-49.06,41.89,325,1095,-2862,1755,1,4723,0.0137,-0.165,-0.131,0.031,-38.9,31.74,309,-870,-5028,1755,1,3085,-0.0155,0.152,-0.015,-0.085,-7.84,0.67,431,2037,-2852,3150,0,5632,0.0144,0.211,-0.027,-0.073,-7.45,0.29,418,699,-5684,3150,0
177.96,4,13450.0,625.23,0.02,13081.93,61.6,-0.53,-0.87,-1.0,0.0,1.0,1.0,1,3185,-159.3,0.2,-0.04,-1.1,-29.43,989,160,2493,-0.0206,-0.217,-0.199,0.099,-49.4,42.24,203,-232,-2726,1755,1,4528,0.0107,-0.15,-0.167,0.067,-39.24,32.07,270,-1272,-4748,1755,1,3305,-0.0129,0.129,-0.083,-0.017,-7.47,0.31,351,-1931,-3139,3150,0,5966,0.0184,0.196,-0.043,-0.057,-7.21,0.05,357,-4102,-5058,3150,0
177.98,4,13450.3,624.9,0.02,13081.99,60.9,-0.88,-0.7,-1.0,0.0,1.0,0.96,1,2798,-145.7,0.2,-0.06,-1.1,-25.54,966,157,2305,-0.0235,-0.144,-0.355,0.255,-49.78,42.62,182,-837,-2415,1755,1,4412,0.0089,-0.089,-0.322,0.222,-39.76,32.59,233,-1915,-4429,1755,1,3419,-0.0116,0.067,-0.216,0.116,-7.33,0.16,374,-2972,-2633,945,1,6174,0.0208,0.122,-0.156,0.056,-7.04,-0.12,370,-5444,-4302,945,1
178.0,4,13450.7,624.57,0.02,13082.03,60.2,-0.98,-0.55,-1.0,0.5,0.0,0.86,1,2578,-127.9,0.2,-0.01,-1.06,-22.01,942,153,2271,-0.0241,-0.026,-0.419,0.319,-50.22,43.05,140,-1132,-2271,1755,1,4381,0.0084,-0.023,-0.392,0.292,-40.06,32.9,188,-2480,-4145,1755,1,3451,-0.0112,0.019,-0.136,0.036,-7.12,-0.05,314,-3365,-2273,945,1,6210,0.0212,0.021,-0.179,0.079,-6.81,-0.35,341,-6018,-3692,945,1
178.02,4,13451.0,624.24,0.02,13082.08,59.5,-1.05,-0.51,-1.0,0.5,0.0,0.8,1,2851,194.8,0.62,0.08,-0.97,-19.56,924,149,2411,-0.0219,0.107,-0.132,0.032,-50.51,43.35,222,-812,-2538,0,0,4437,0.0093,0.043,-0.145,0.045,-40.39,33.22,273,-1686,-4531,0,0,3441,-0.0113,-0.005,-0.216,0.116,-7.04,-0.13,311,-3493,-2089,0,0,6091,0.0198,-0.07,-0.195,0.095,-6.77,-0.4,312,-6160,-3271,0,0
178.04,4,13451.3,623.92,0.02,13082.13,58.7,-0.98,-0.62,-1.0,0.5,0.0,0.9,1,3118,309.5,0.87,0.19,-0.88,-18.38,911,146,2670,-0.0179,0.199,0.037,-0.063,-50.62,43.46,265,-184,-2914,0,0,4539,0.0108,0.078,-0.027,-0.073,-40.44,33.28,309,-550,-4869,0,0,3407,-0.0118,-0.021,-0.125,0.025,-6.92,-0.24,357,-3229,-2343,0,0,5850,0.017,-0.141,-0.19,0.09,-6.68,-0.48,349,-5664,-3528,0,0
178.06,4,13451.6,623.6,0.02,13082.17,58.1,-0.82,-0.79,-1.0,1.0,0.0,1.0,1,3480,317.9,0.9,0.31,-0.82,-17.55,904,143,2979,-0.0132,0.237,0.223,0.123,-50.55,43.39,302,477,-3213,0,0,4673,0.0129,0.103,0.062,-0.038,-40.31,33.15,326,101,-5031,0,0,3333,-0.0126,-0.043,-0.015,-0.085,-6.71,-0.46,377,-2102,-3015,0,0,5549,0.0135,-0.177,0.015,-0.085,-6.61,-0.55,373,-3455,-4815,0,0
178.08,4,13452.0,623.28,0.02,13082.2,57.7,-0.48,-0.95,-1.0,1.0,0.0,1.0,1,3885,704.1,1.44,0.41,-0.81,-16.97,903,141,3260,-0.0088,0.216,0.384,0.284,-50.19,43.03,341,1230,-3352,0,0,4833,0.0154,0.123,0.146,0.046,-40.02,32.85,349,769,-5144,0,0,3198,-0.0142,-0.079,0.118,0.018,-6.28,-0.89,389,840,-3144,0,0,5255,0.01,-0.173,0.042,-0.058,-6.1,-1.06,404,174,-5042,0,0
178.1,4,13452.3,622.96,0.02,13082.24,57.7,0.02,-0.94,-1.0,0.5,0.0,1.0,1,4408,965.4,1.82,0.47,-0.84,-17.93,908,141,3451,-0.0059,0.147,0.583,0.483,-49.77,42.61,411,2036,-3236,0,0,4997,0.0179,0.126,0.284,0.184,-39.62,32.46,412,1775,-5101,0,0,3020,-0.0163,-0.105,0.204,0.104,-5.95,-1.21,510,3017,-1881,0,0,5042,0.0075,-0.126,0.201,0.101,-5.85,-1.31,488,4336,-3585,0,0
178.12,4,13452.6,622.64,0.02,13082.27,57.9,0.34,-0.82,-1.0,0.5,0.0,1.0,1,4707,562.6,1.34,0.47,-0.9,-21.12,913,141,3513,-0.005,0.048,0.686,0.586,-49.31,42.15,441,2538,-3008,0,0,5129,0.0199,0.101,0.36,0.26,-39.12,31.96,440,2666,-4907,0,0,2860,-0.0182,-0.094,0.302,0.202,-6.06,-1.1,511,3253,-1149,0,0,4973,0.0067,-0.041,0.187,0.087,-5.87,-1.29,523,5214,-2482,0,0
178.14,4,13452.9,622.32,0.02,13082.29,58.1,0.44,-0.79,-1.0,0.5,0.0,1.0,1,4581,335.5,1.05,0.43,-0.95,-24.4,916,143,3473,-0.0056,-0.031,0.647,0.547,-49.01,41.84,432,2597,-2914,0,0,5192,0.0209,0.049,0.323,0.223,-38.79,31.63,431,2810,-4912,0,0,2790,-0.019,-0.041,0.171,0.071,-6.3,-0.86,464,3065,-1352,0,0,5038,0.0074,0.038,0.065,-0.035,-6.06,-1.1,478,4877,-3060,0,0
178.16,4,13453.3,622.0,0.02,13082.31,58.4,0.42,-0.85,-1.0,0.5,0.0,1.0,1,4516,333.5,1.02,0.36,-1.0,-26.44,916,144,3365,-0.0072,-0.083,0.651,0.551,-48.72,41.56,421,2458,-2873,0,0,5179,0.0207,-0.01,0.331,0.231,-38.67,31.5,421,2676,-4963,0,0,2825,-0.0186,0.021,0.192,0.092,-6.43,-0.73,447,2928,-1649,0,0,5198,0.0093,0.094,0.171,0.071,-6.18,-0.98,427,4452,-3704,0,0
178.18,4,13453.6,621.67,0.01,13082.33,58.6,0.33,-0.92,-1.0,0.0,1.0,1.0,1,4427,328.3,1.01,0.27,-1.06,-27.02,914,145,3210,-0.0096,-0.119,0.616,0.516,-48.56,41.39,414,2255,-2813,0,0,5130,0.0199,-0.038,0.296,0.196,-38.42,31.25,414,2418,-5024,0,0,2924,-0.0174,0.058,0.211,0.111,-6.41,-0.75,425,2757,-2018,0,0,5434,0.0121,0.139,0.102,0.002,-6.13,-1.03,434,3609,-4467,0,0
178.2,4,13453.9,621.35,0.01,13082.35,58.6,0.15,-0.96,-1.0,0.0,1.0,1.0,1,3719,37.6,0.45,0.19,-1.13,-26.17,911,145,3021,-0.0125,-0.145,0.325,0.225,-48.57,41.41,347,1597,-2949,1755,1,5059,0.0188,-0.054,-0.176,0.076,-38.35,31.19,277,377,-5423,1755,1,3044,-0.016,0.071,0.054,-0.046,-6.21,-0.96,437,2032,-2632,3150,0,5709,0.0153,0.162,0.047,-0.053,-5.92,-1.24,422,1803,-5155,3150,0
178.22,4,13454.2,621.02,0.01,13082.36,58.4,-0.31,-0.88,-1.0,0.0,1.0,1.0,1,3203,-161.5,0.2,0.13,-1.18,-23.29,900,144,2828,-0.0155,-0.149,-0.164,0.064,-48.59,41.43,203,407,-3068,1755,1,4995,0.0178,-0.05,-0.112,0.012,-38.55,31.39,248,-1091,-5272,5850,0,3136,-0.0149,0.054,0.012,-0.088,-5.89,-1.27,335,-779,-2977,3150,0,5969,0.0184,0.153,-0.053,-0.047,-5.58,-1.58,361,-3173,-4995,3150,0
178.24,4,13454.6,620.7,0.01,13082.37,57.7,-0.85,-0.71,-1.0,0.0,1.0,0.94,1,2768,-144.0,0.2,0.13,-1.18,-20.11,880,141,2692,-0.0176,-0.105,-0.315,0.215,-48.81,41.65,186,-734,-2869,1755,1,4951,0.0172,-0.034,-0.306,0.206,-38.8,31.64,228,-2057,-4968,1755,1,3193,-0.0143,0.033,-0.195,0.095,-5.46,-1.7,361,-2806,-2280,945,1,6146,0.0205,0.104,-0.159,0.059,-5.38,-1.78,354,-5487,-3951,945,1
178.26,4,13454.9,620.38,0.01,13082.38,57.0,-1.02,-0.54,-1.0,0.5,0.0,0.84,1,2524,-126.3,0.2,0.18,-1.13,-17.34,860,137,2686,-0.0177,-0.005,-0.391,0.291,-49.07,41.91,143,-1222,-2717,1755,1,4949,0.0171,-0.001,-0.355,0.255,-38.93,31.77,192,-2605,-4739,1755,1,3204,-0.0141,0.007,-0.14,0.04,-5.36,-1.8,308,-3309,-1793,945,1,6164,0.0207,0.01,-0.169,0.069,-5.22,-1.94,314,-6107,-3307,945,1
178.28,4,13455.2,620.07,0.01,13082.39,56.2,-1.08,-0.49,-1.0,1.0,0.0,0.78,1,2808,193.5,0.62,0.26,-1.03,-15.7,842,133,2827,-0.0155,0.109,-0.089,-0.011,-49.24,42.08,228,-890,-2978,0,0,4988,0.0177,0.03,-0.089,-0.011,-39.2,32.04,278,-1655,-5132,0,0,3190,-0.0143,-0.009,-0.15,0.05,-5.16,-2.0,322,-3358,-1685,0,0,6016,0.0189,-0.087,-0.121,0.021,-5.06,-2.11,324,-6217,-2875,0,0
178.3,4,13455.5,619.76,0.01,13082.39,55.5,-0.99,-0.61,-1.0,1.0,0.0,0.88,1,3128,425.6,1.08,0.35,-0.93,-15.28,829,130,3066,-0.0118,0.184,0.085,-0.015,-49.26,42.1,264,-117,-3336,0,0,5051,0.0187,0.049,0.009,-0.091,-39.08,31.92,302,-420,-5407,0,0,3165,-0.0146,-0.015,-0.084,-0.016,-5.09,-2.08,339,-3042,-1984,0,0,5761,0.016,-0.15,-0.053,-0.047,-4.92,-2.25,340,-5569,-3240,0,0
178.32,4,13455.8,619.46,0.01,13082.39,55.0,-0.65,-0.82,-1.0,1.0,0.0,0.98,1,3745,860.9,1.66,0.44,-0.85,-15.14,824,128,3339,-0.0076,0.21,0.338,0.238,-48.89,41.73,324,904,-3526,0,0,5121,0.0198,0.053,0.139,0.039,-38.74,31.58,337,575,-5465,0,0,3117,-0.0152,-0.029,0.161,0.061,-4.78,-2.39,386,941,-2635,0,0,5447,0.0122,-0.185,0.089,-0.011,-4.63,-2.53,402,427,-4436,0,0
178.34,4,13456.1,619.15,0.01,13082.39,55.0,0.1,-0.87,-1.0,0.5,0.0,1.0,1,4320,947.7,1.79,0.49,-0.81,-17.14,831,128,3556,-0.0043,0.167,0.587,0.487,-48.38,41.21,386,2073,-3347,0,0,5193,0.0209,0.056,0.297,0.197,-38.23,31.07,386,1918,-5273,0,0,3028,-0.0162,-0.052,0.241,0.141,-4.57,-2.59,440,3263,-1454,0,0,5169,0.009,-0.163,0.236,0.136,-4.47,-2.7,419,5110,-2756,0,0
178.36,4,13456.4,618.85,0.01,13082.38,55.3,0.36,-0.78,-1.0,0.5,0.0,1.0,1,4421,555.8,1.29,0.48,-0.8,-20.88,835,129,3655,-0.0028,0.076,0.641,0.541,-47.85,40.69,416,2588,-3162,0,0,5216,0.0213,0.018,0.336,0.236,-37.73,30.57,415,2671,-5012,0,0,2957,-0.017,-0.041,0.278,0.178,-4.85,-2.32,474,3419,-1004,0,0,4999,0.007,-0.1,0.196,0.096,-4.62,-2.54,474,5449,-2002,0,0
178.38,4,13456.7,618.54,0.01,13082.37,55.5,0.43,-0.75,-1.0,0.5,0.0,1.0,1,4304,323.2,1.0,0.43,-0.8,-24.0,836,130,3644,-0.0029,-0.009,0.611,0.511,-47.5,40.34,399,2579,-3155,0,0,5177,0.0207,-0.03,0.306,0.206,-37.45,30.29,399,2600,-5004,0,0,2974,-0.0168,0.01,0.244,0.144,-5.09,-2.07,412,3284,-1332,0,0,4980,0.0068,-0.011,0.127,0.027,-4.78,-2.38,416,4891,-2728,0,0
178.4,4,13457.0,618.23,0.01,13082.36,55.8,0.35,-0.86,-1.0,0.0,1.0,1.0,1,4161,322.6,0.98,0.36,-0.83,-25.46,836,131,3564,-0.0042,-0.061,0.548,0.448,-47.22,40.06,388,2361,-3197,0,0,5105,0.0195,-0.056,0.26,0.16,-37.15,29.99,388,2214,-5086,0,0,3069,-0.0157,0.056,0.145,0.045,-4.99,-2.17,409,2964,-1885,0,0,5085,0.008,0.062,0.137,0.037,-4.81,-2.36,394,3603,-3641,0,0
178.42,4,13457.3,617.92,0.01,13082.34,55.8,0.13,-0.89,-1.0,0.0,1.0,1.0,1,3547,40.3,0.44,0.29,-0.89,-25.39,833,132,3422,-0.0064,-0.109,0.274,0.174,-47.09,39.93,318,1647,-3393,1755,1,5022,0.0183,-0.064,-0.144,0.044,-37.0,29.84,268,-81,-5407,1755,1,3176,-0.0145,0.063,0.109,0.009,-4.84,-2.32,393,2598,-2240,3150,0,5269,0.0102,0.109,0.017,-0.083,-4.64,-2.52,381,2233,-4066,3150,0
178.44,4,13457.6,617.61,0.01,13082.33,55.5,-0.42,-0.8,-1.0,0.0,1.0,0.98,1,2898,-151.0,0.2,0.24,-0.94,-23.42,821,130,3245,-0.0091,-0.136,-0.288,0.188,-47.11,39.95,190,-59,-3531,1755,1,4945,0.0171,-0.059,-0.209,0.109,-37.15,29.99,254,-1377,-5172,1755,1,3261,-0.0135,0.05,-0.154,0.054,-4.57,-2.6,357,-2035,-2469,945,1,5485,0.0127,0.127,-0.174,0.074,-4.4,-2.76,343,-4167,-3669,945,1
178.46,4,13458.0,617.31,0.01,13082.3,54.8,-0.94,-0.59,-1.0,0.5,0.0,0.88,1,2539,-131.3,0.2,0.23,-0.97,-21.3,800,127,3099,-0.0113,-0.112,-0.382,0.282,-47.31,40.15,166,-1196,-3196,1755,1,4906,0.0165,-0.03,-0.322,0.222,-37.23,30.07,217,-2212,-4872,1755,1,3291,-0.0131,0.017,-0.172,0.072,-4.4,-2.76,350,-3274,-1836,945,1,5653,0.0147,0.099,-0.147,0.047,-4.23,-2.93,344,-5670,-2788,945,1
178.48,4,13458.3,617.01,0.01,13082.28,54.1,-1.01,-0.53,-1.0,1.0,0.0,0.83,1,2858,194.4,0.62,0.26,-0.94,-19.42,780,124,3067,-0.0118,-0.025,-0.054,-0.046,-47.53,40.37,234,-827,-3258,0,0,4921,0.0167,0.012,-0.064,-0.036,-37.48,30.31,283,-1379,-5146,0,0,3270,-0.0134,-0.012,-0.062,-0.038,-4.4,-2.76,312,-3138,-1914,0,0,5695,0.0152,0.024,-0.132,0.032,-4.16,-3.01,331,-5768,-2713,0,0
178.5,4,13458.5,616.71,0.01,13082.26,53.4,-0.94,-0.62,-1.0,1.0,0.0,0.93,1,3129,436.3,1.09,0.32,-0.9,-19.12,763,120,3155,-0.0105,0.067,0.091,-0.009,-47.5,40.34,273,-16,-3437,0,0,4960,0.0173,0.03,0.009,-0.091,-37.4,30.24,307,-296,-5335,0,0,3248,-0.0136,-0.013,-0.035,-0.065,-4.29,-2.87,356,-2655,-2147,0,0,5608,0.0141,-0.051,-0.112,0.012,-4.1,-3.06,350,-5223,-3070,0,0
178.52,4,13458.8,616.42,0.01,13082.23,53.0,-0.62,-0.79,-1.0,1.0,0.0,1.0,1,3606,860.3,1.66,0.37,-0.88,-19.2,754,118,3294,-0.0083,0.106,0.295,0.195,-47.29,40.13,329,932,-3477,0,0,5029,0.0184,0.053,0.103,0.003,-37.16,30.0,340,553,-5388,0,0,3205,-0.0141,-0.025,0.071,-0.029,-4.04,-3.12,398,1374,-2353,0,0,5475,0.0126,-0.078,0.011,-0.089,-3.91,-3.25,420,446,-3899,0,0
178.54,4,13459.1,616.13,0.01,13082.2,53.1,0.17,-0.82,-1.0,0.5,0.0,1.0,1,4315,945.9,1.79,0.39,-0.88,-21.53,759,119,3415,-0.0065,0.093,0.603,0.503,-46.84,39.68,386,2080,-3179,0,0,5113,0.0197,0.065,0.321,0.221,-36.92,29.75,387,2032,-5162,0,0,3138,-0.0149,-0.039,0.295,0.195,-4.11,-3.05,440,3566,-1133,0,0,5359,0.0112,-0.068,0.277,0.177,-3.94,-3.22,418,5600,-2326,0,0
178.56,4,13459.4,615.83,0.01,13082.17,53.4,0.45,-0.72,-0.99,0.5,0.0,1.0,1,4456,559.1,1.3,0.36,-0.88,-25.54,766,120,3454,-0.0059,0.03,0.687,0.587,-46.48,39.32,421,2617,-2881,0,0,5142,0.0201,0.022,0.365,0.265,-36.37,29.21,419,2909,-4822,0,0,3114,-0.0152,-0.014,0.327,0.227,-4.4,-2.76,476,3685,-770,0,0,5322,0.0108,-0.022,0.246,0.146,-4.2,-2.96,477,6000,-1590,0,0
178.58,4,13459.7,615.53,0.01,13082.13,53.7,0.56,-0.7,-0.96,0.0,1.0,1.0,1,4421,334.3,1.03,0.3,-0.9,-28.98,771,122,3409,-0.0066,-0.034,0.629,0.529,-45.63,38.47,419,2604,-2833,0,0,5103,0.0195,-0.03,0.322,0.222,-35.74,28.58,418,2917,-4778,0,0,3167,-0.0146,0.031,0.193,0.093,-4.83,-2.33,467,3672,-1011,0,0,5383,0.0115,0.035,0.131,0.031,-4.67,-2.49,438,5738,-2284,0,0
178.6,4,13460.0,615.24,0.01,13082.09,54.1,0.52,-0.72,-0.92,0.0,1.0,1.0,1,3936,34.8,0.46,0.23,-0.91,-31.63,778,124,3304,-0.0082,-0.081,0.308,0.208,-44.01,36.85,343,1847,-3176,1755,1,5024,0.0183,-0.061,-0.134,0.034,-34.44,27.28,285,987,-5349,1755,1,3278,-0.0133,0.065,0.32,0.22,-5.17,-1.99,472,3797,-1054,945,1,5527,0.0132,0.085,0.184,0.084,-4.92,-2.24,481,5860,-2417,945,1
178.62,4,13460.3,614.94,0.01,13082.05,54.3,0.29,-0.7,-0.89,1.0,0.0,1.0,1,3199,-165.8,0.2,0.15,-0.91,-32.02,780,124,3164,-0.0103,-0.107,-0.123,0.023,-42.49,35.33,243,514,-3430,1755,1,4903,0.0164,-0.093,-0.168,0.068,-33.24,26.08,277,-1250,-5186,1755,1,3409,-0.0117,0.077,0.028,-0.072,-5.38,-1.78,390,3188,-2195,3150,0,5682,0.015,0.091,0.005,-0.095,-5.09,-2.07,374,2851,-4414,3150,0
178.64,4,13460.6,614.64,0.01,13082.0,54.0,-0.39,-0.82,-0.86,1.0,0.0,1.0,1,3356,203.6,0.66,0.11,-0.93,-29.4,769,123,3015,-0.0126,-0.115,0.117,0.017,-41.06,33.9,302,212,-3306,0,0,4769,0.0144,-0.103,0.036,-0.064,-32.24,25.07,334,-370,-5179,0,0,3535,-0.0102,0.074,0.048,-0.052,-5.11,-2.06,336,-720,-3049,0,0,5828,0.0167,0.086,-0.04,-0.06,-4.86,-2.31,362,-3865,-4257,0,0
178.66,4,13460.9,614.35,0.01,13081.95,53.7,-0.41,-0.88,-0.83,1.0,0.0,1.0,1,3601,490.7,1.17,0.1,-0.96,-27.47,759,122,2905,-0.0143,-0.084,0.205,0.105,-39.74,32.58,346,833,-3107,0,0,4693,0.0132,-0.058,0.061,-0.039,-31.18,24.02,356,528,-5100,0,0,3579,-0.0097,0.026,-0.061,-0.039,-4.8,-2.36,391,435,-3014,0,0,5917,0.0178,0.052,-0.051,-0.049,-4.55,-2.61,378,-2050,-4562,0,0
178.68,4,13461.2,614.05,0.01,13081.9,53.7,0.06,-0.86,-0.8,0.5,0.0,1.0,1,4106,918.2,1.75,0.09,-1.0,-27.03,758,122,2838,-0.0153,-0.052,0.373,0.273,-38.35,31.18,400,1425,-2843,0,0,4687,0.0131,-0.005,0.181,0.081,-30.03,22.87,401,1318,-4975,0,0,3543,-0.0101,-0.021,0.218,0.118,-4.57,-2.59,444,3394,-2109,0,0,5962,0.0183,0.026,0.099,-0.001,-4.38,-2.78,460,4103,-4070,0,0
178.7,4,13461.5,613.76,0.01,13081.85,54.0,0.49,-0.76,-0.77,0.5,0.0,1.0,1,4410,558.1,1.3,0.07,-1.02,-29.01,765,123,2779,-0.0162,-0.045,0.461,0.361,-36.83,29.67,434,1884,-2535,0,0,4700,0.0133,0.01,0.256,0.156,-28.82,21.66,432,2343,-4655,0,0,3498,-0.0107,-0.026,0.201,0.101,-4.77,-2.39,477,3933,-1352,0,0,6010,0.0189,0.029,0.172,0.072,-4.5,-2.66,451,6084,-2884,0,0
178.72,4,13461.8,613.46,0.01,13081.79,54.4,0.59,-0.74,-0.73,1.0,0.0,1.0,1,4250,325.7,1.01,0.03,-1.03,-31.03,771,125,2716,-0.0172,-0.049,0.364,0.264,-35.16,28.0,411,1806,-2508,0,0,4671,0.0129,-0.023,0.179,0.079,-27.51,20.35,410,2231,-4684,0,0,3509,-0.0105,0.006,0.122,0.022,-5.07,-2.09,416,3812,-1609,0,0,6066,0.0195,0.033,0.003,-0.097,-4.85,-2.31,436,5186,-3792,0,0
178.74,4,13462.1,613.16,0.01,13081.72,54.8,0.55,-0.79,-0.7,1.0,0.0,1.0,1,4450,787.0,1.58,-0.02,-1.04,-32.13,777,127,2641,-0.0184,-0.057,0.37,0.27,-33.44,26.28,428,1723,-2470,0,0,4614,0.012,-0.044,0.194,0.094,-26.21,19.05,427,2166,-4661,0,0,3576,-0.0098,0.039,0.148,0.048,-5.21,-1.96,459,3924,-1583,0,0,6156,0.0206,0.053,0.09,-0.01,-5.02,-2.14,431,5589,-3690,0,0
178.76,4,13462.4,612.86,0.01,13081.66,55.3,0.68,-0.73,-0.66,0.5,0.0,1.0,1,4756,997.1,1.91,-0.08,-1.03,-33.93,787,129,2553,-0.0197,-0.068,0.465,0.365,-31.78,24.61,466,1930,-2219,0,0,4542,0.0109,-0.055,0.273,0.173,-24.77,17.61,461,2747,-4306,0,0,3668,-0.0087,0.054,0.358,0.258,-5.49,-1.67,498,4241,-1152,0,0,6270,0.0219,0.068,0.227,0.127,-5.21,-1.95,501,6674,-2611,0,0
178.78,4,13462.8,612.56,0.01,13081.59,55.8,0.82,-0.63,-0.61,0.5,0.0,1.0,1,5231,561.7,1.41,-0.14,-1.01,-36.47,798,131,2463,-0.0211,-0.069,0.55,0.45,-29.94,22.78,494,2103,-1951,0,0,4447,0.0094,-0.073,0.347,0.247,-23.42,16.26,485,3256,-3863,0,0,3788,-0.0073,0.07,0.465,0.365,-6.01,-1.15,520,4442,-968,0,0,6382,0.0233,0.066,0.396,0.296,-5.75,-1.42,495,7099,-1989,0,0
178.8,4,13463.1,612.26,0.02,13081.52,56.4,0.88,-0.62,-0.57,0.5,0.0,1.0,1,5017,334.3,1.1,-0.21,-0.96,-38.72,814,134,2376,-0.0225,-0.067,0.467,0.367,-28.06,20.9,491,2056,-1868,0,0,4314,0.0074,-0.102,0.252,0.152,-22.01,14.85,473,3052,-3851,0,0,3954,-0.0053,0.098,0.298,0.198,-6.56,-0.6,493,4549,-1272,0,0,6489,0.0245,0.063,0.159,0.059,-6.17,-0.99,510,6964,-2626,0,0
178.82,4,13463.4,611.95,0.02,13081.44,57.0,0.84,-0.67,-0.52,0.5,0.0,1.0,1,4889,334.8,1.08,-0.26,-0.9,-40.04,827,137,2302,-0.0236,-0.056,0.404,0.304,-26.17,19.01,482,1928,-1882,0,0,4149,0.0048,-0.127,0.206,0.106,-20.54,13.38,465,2665,-3915,0,0,4122,-0.0033,0.099,0.254,0.154,-7.07,-0.1,479,4595,-1685,0,0,6537,0.0251,0.028,0.111,0.011,-6.56,-0.6,498,6562,-3458,0,0
178.84,4,13463.7,611.64,0.02,13081.36,57.5,0.78,-0.74,-0.47,0.5,0.0,1.0,1,4777,335.4,1.06,-0.31,-0.85,-40.34,839,140,2242,-0.0245,-0.047,0.351,0.251,-24.18,17.01,465,1777,-1930,0,0,3968,0.002,-0.139,0.184,0.084,-19.09,11.93,454,2307,-3915,0,0,4291,-0.0014,0.099,0.263,0.163,-7.28,0.12,456,4626,-2060,0,0,6548,0.0252,0.007,0.207,0.107,-6.81,-0.35,437,6017,-4195,0,0
178.86,4,13464.0,611.33,0.02,13081.28,58.0,0.7,-0.81,-0.42,0.5,0.0,1.0,1,4543,335.6,1.04,-0.35,-0.84,-39.65,850,142,2181,-0.0254,-0.046,0.252,0.152,-22.19,15.03,457,1547,-2028,0,0,3818,-0.0003,-0.115,0.124,0.024,-17.53,10.37,455,1895,-3957,0,0,4415,0.0001,0.073,0.207,0.107,-7.37,0.21,464,4402,-2680,0,0,6556,0.0253,0.005,0.054,-0.046,-6.91,-0.25,482,4569,-5349,0,0
178.88,4,13464.4,611.01,0.02,13081.19,58.3,0.56,-0.89,-0.38,1.0,0.0,1.0,1,4460,334.5,1.03,-0.35,-0.85,-37.92,860,144,2115,-0.0265,-0.051,0.197,0.097,-20.23,13.07,448,1313,-2100,0,0,3718,-0.0018,-0.077,0.088,-0.012,-16.02,8.86,447,1453,-4030,0,0,4474,0.0008,0.035,0.12,0.02,-7.27,0.11,480,3988,-3246,0,0,6571,0.0255,0.009,0.107,0.007,-6.84,-0.32,462,3961,-5662,0,0
178.9,4,13464.7,610.7,0.02,13081.1,58.7,0.53,-0.88,-0.33,1.0,0.0,1.0,1,4660,791.0,1.62,-0.34,-0.88,-36.37,868,145,2062,-0.0273,-0.041,0.196,0.096,-18.38,11.22,452,1320,-2036,0,0,3695,-0.0022,-0.018,0.098,-0.002,-14.53,7.36,452,1562,-3975,0,0,4441,0.0004,-0.02,0.152,0.052,-7.16,-0.01,457,4224,-2942,0,0,6576,0.0255,0.003,0.046,-0.054,-6.75,-0.41,479,4641,-5324,0,0
178.92,4,13465.0,610.39,0.02,13081.0,59.2,0.76,-0.72,-0.29,0.5,0.0,1.0,1,5668,1003.1,2.11,-0.33,-0.89,-36.9,882,148,2037,-0.0277,-0.019,0.395,0.295,-16.48,9.32,539,1885,-1543,0,0,3730,-0.0016,0.027,0.281,0.181,-13.09,5.93,536,3108,-3070,0,0,4364,-0.0005,-0.045,0.527,0.427,-7.53,0.37,634,5022,-1314,0,0,6577,0.0256,0.001,0.453,0.353,-6.94,-0.22,610,7214,-2311,0,0
178.94,4,13465.3,610.07,0.02,13080.91,59.9,1.02,-0.43,-0.24,0.5,0.0,1.0,1,6251,529.0,1.58,-0.33,-0.85,-38.99,903,151,2047,-0.0275,0.007,0.537,0.437,-14.63,7.47,604,2258,-1029,0,0,3755,-0.0012,0.019,0.373,0.273,-11.74,4.58,585,3935,-2084,0,0,4328,-0.0009,-0.021,0.683,0.583,-8.01,0.85,669,5073,-928,0,0,6563,0.0254,-0.009,0.513,0.413,-7.54,0.38,679,7416,-1609,0,0
178.96,4,13465.7,609.75,0.02,13080.81,60.6,1.07,-0.38,-0.19,0.5,0.0,1.0,1,6159,308.1,1.22,-0.34,-0.8,-40.22,922,155,2089,-0.0269,0.032,0.535,0.435,-12.8,5.64,596,2371,-913,0,0,3729,-0.0016,-0.02,0.358,0.258,-10.36,3.2,567,4027,-1864,0,0,4368,-0.0004,0.023,0.582,0.482,-8.63,1.47,609,5076,-1118,0,0,6513,0.0248,-0.029,0.507,0.407,-8.19,1.02,588,7281,-1904,0,0
178.98,4,13466.0,609.42,0.02,13080.7,61.3,1.09,-0.42,-0.14,0.5,0.0,1.0,1,5824,317.8,1.19,-0.36,-0.73,-40.6,942,159,2132,-0.0262,0.033,0.443,0.343,-10.95,3.79,586,2427,-923,0,0,3670,-0.0025,-0.045,0.269,0.169,-9.0,1.84,556,3905,-1952,0,0,4468,0.0007,0.059,0.404,0.304,-9.16,2.0,612,5064,-1555,0,0,6480,0.0244,-0.02,0.344,0.244,-8.58,1.42,586,6993,-2601,0,0
179.0,4,13466.4,609.1,0.02,13080.59,62.1,1.08,-0.49,-0.09,0.5,0.0,1.0,1,5560,329.3,1.16,-0.38,-0.67,-40.08,961,163,2180,-0.0255,0.037,0.36,0.26,-9.02,1.86,557,2470,-974,0,0,3581,-0.0039,-0.069,0.206,0.106,-7.56,0.4,530,3684,-2103,0,0,4612,0.0024,0.085,0.412,0.312,-9.49,2.33,570,5080,-1952,0,0,6444,0.024,-0.021,0.263,0.163,-8.94,1.78,569,6595,-3324,0,0
179.02,4,13466.7,608.77,0.02,13080.48,62.8,1.06,-0.54,-0.04,0.5,0.0,1.0,1,5402,332.1,1.14,-0.42,-0.62,-38.78,981,166,2209,-0.025,0.023,0.288,0.188,-7.13,-0.03,540,2513,-958,0,0,3491,-0.0053,-0.069,0.156,0.056,-6.14,-1.02,520,3550,-2053,0,0,4761,0.0042,0.088,0.318,0.218,-9.7,2.54,550,5045,-2404,0,0,6438,0.0239,-0.004,0.182,0.082,-9.14,1.97,566,6188,-3950,0,0
179.04,4,13467.1,608.43,0.02,13080.37,63.4,1.01,-0.6,0.01,0.5,0.0,1.0,1,5208,333.4,1.12,-0.44,-0.6,-36.46,1000,170,2214,-0.0249,0.003,0.212,0.112,-5.25,-1.91,518,2506,-949,0,0,3403,-0.0066,-0.068,0.105,0.005,-4.73,-2.43,504,3244,-2061,0,0,4900,0.0058,0.081,0.26,0.16,-9.7,2.53,534,4895,-2949,0,0,6455,0.0241,0.01,0.137,0.037,-9.18,2.02,551,5596,-4693,0,0
179.06,4,13467.4,608.1,0.02,13080.25,64.1,0.96,-0.64,0.06,0.5,0.0,1.0,1,5167,334.1,1.1,-0.46,-0.6,-33.29,1018,173,2195,-0.0252,-0.014,0.174,0.074,-3.52,-3.64,494,2492,-813,0,0,3344,-0.0075,-0.045,0.093,-0.007,-3.26,-3.9,486,3106,-1686,0,0,4993,0.0069,0.055,0.276,0.176,-9.55,2.39,488,4817,-3234,0,0,6496,0.0246,0.024,0.16,0.06,-9.06,1.9,497,5364,-4981,0,0
179.08,4,13467.8,607.76,0.02,13080.13,64.6,0.86,-0.66,0.1,1.0,0.0,1.0,1,4876,334.9,1.08,-0.47,-0.61,-28.89,1035,176,2172,-0.0256,-0.018,0.087,-0.013,-2.27,-4.89,480,2318,-721,0,0,3322,-0.0079,-0.017,0.034,-0.066,-1.58,-5.58,481,2476,-1002,0,0,5035,0.0074,0.025,0.109,0.009,-9.25,2.09,524,3983,-4175,0,0,6540,0.0251,0.026,0.108,0.008,-8.79,1.63,505,4028,-5979,0,0
179.1,4,13468.1,607.42,0.02,13080.0,65.0,0.66,-0.68,0.13,1.0,0.0,1.0,1,4975,792.6,1.68,-0.45,-0.64,-23.02,1048,178,2161,-0.0258,-0.008,0.071,-0.029,-1.29,-5.87,479,2103,-467,0,0,3336,-0.0077,0.011,0.028,-0.072,-0.06,-7.1,479,1811,-45,0,0,5041,0.0075,0.003,0.116,0.016,-8.6,1.44,496,3830,-4282,0,0,6578,0.0256,0.022,0.048,-0.052,-8.37,1.21,517,3834,-6087,0,0
179.12,4,13468.5,607.08,0.02,13079.87,65.6,0.86,-0.46,0.16,0.5,0.0,1.0,1,5265,1004.5,2.03,-0.43,-0.64,-18.08,1069,182,2175,-0.0255,0.011,0.123,0.023,-0.25,-6.91,506,2415,-63,0,0,3406,-0.0066,0.054,0.088,-0.012,1.21,-5.96,504,3205,751,0,0,4998,0.007,-0.026,0.241,0.141,-8.18,1.02,567,4999,-2973,0,0,6608,0.0259,0.018,0.219,0.119,-7.93,0.76,553,6102,-4324,0,0
179.14,4,13468.9,606.74,0.02,13079.74,66.3,1.01,-0.27,0.19,0.5,0.0,1.0,1,5259,560.9,1.43,-0.42,-0.6,-13.73,1097,185,2221,-0.0248,0.036,0.12,0.02,0.52,-6.64,510,2505,199,0,0,3444,-0.006,0.029,0.084,-0.016,2.26,-4.91,504,3288,1320,0,0,4988,0.0069,-0.005,0.236,0.136,-7.79,0.63,548,5123,-2755,0,0,6588,0.0257,-0.012,0.181,0.081,-7.64,0.47,551,6295,-4032,0,0
179.16,4,13469.2,606.39,0.02,13079.61,66.9,0.91,-0.28,0.21,1.0,0.0,1.0,1,5068,334.1,1.1,-0.4,-0.54,-8.05,1118,189,2290,-0.0238,0.053,0.071,-0.029,1.19,-5.97,500,2258,511,0,0,3437,-0.0061,-0.006,0.056,-0.044,3.18,-3.98,499,2572,1942,0,0,5004,0.007,0.009,0.141,0.041,-7.19,0.03,522,4386,-3674,0,0,6504,0.0247,-0.05,0.072,-0.028,-7.11,-0.06,539,4972,-5170,0,0
179.18,4,13469.6,606.04,0.02,13079.47,67.4,0.78,-0.31,0.23,1.0,0.0,1.0,1,5222,792.4,1.73,-0.38,-0.48,-1.43,1138,192,2371,-0.0225,0.062,0.073,-0.027,1.77,-5.39,508,2164,769,0,0,3409,-0.0066,-0.022,0.074,-0.026,3.84,-3.32,507,2596,2185,0,0,5049,0.0076,0.027,0.113,0.013,-6.37,-0.79,556,4385,-3672,0,0,6406,0.0235,-0.057,0.149,0.049,-6.36,-0.81,534,5472,-4558,0,0
179.2,4,13470.0,605.69,0.02,13079.33,68.0,0.91,-0.17,0.24,0.5,0.0,1.0,1,5441,1005.6,2.08,-0.37,-0.4,4.23,1158,195,2465,-0.0211,0.072,0.104,0.004,2.2,-4.96,526,2486,877,0,0,3380,-0.007,-0.022,0.11,0.01,4.43,-2.73,525,3012,2146,0,0,5092,0.0081,0.025,0.225,0.125,-5.61,-1.55,571,5297,-2605,0,0,6288,0.0222,-0.069,0.202,0.102,-5.64,-1.53,578,6397,-3228,0,0
179.22,4,13470.4,605.34,0.02,13079.19,68.7,1.01,-0.08,0.24,0.5,0.0,1.0,1,5421,559.6,1.45,-0.36,-0.3,9.25,1183,200,2565,-0.0195,0.076,0.095,-0.005,2.56,-4.6,528,2572,1019,0,0,3330,-0.0078,-0.039,0.109,0.009,4.82,-2.34,526,3073,2126,0,0,5173,0.009,0.047,0.188,0.088,-4.87,-2.29,560,5455,-2448,0,0,6173,0.0208,-0.068,0.182,0.082,-4.96,-2.2,564,6463,-2825,0,0
179.24,4,13470.8,604.98,0.02,13079.05,69.4,0.93,-0.11,0.24,1.0,0.0,1.0,1,5325,333.2,1.12,-0.36,-0.2,14.86,1207,203,2670,-0.0179,0.081,0.071,-0.029,2.83,-4.33,513,2198,1294,0,0,3247,-0.009,-0.063,0.094,-0.006,5.07,-2.09,511,2649,2337,0,0,5279,0.0103,0.063,0.152,0.052,-3.99,-3.18,499,4979,-3015,0,0,6034,0.0192,-0.082,0.131,0.031,-4.09,-3.07,506,5877,-3219,0,0
179.26,4,13471.2,604.62,0.02,13078.91,69.9,0.78,-0.13,0.23,1.0,0.0,1.0,1,5188,792.6,1.72,-0.35,-0.12,20.66,1225,206,2766,-0.0164,0.073,0.042,-0.058,2.99,-4.17,517,1581,1488,0,0,3156,-0.0104,-0.07,0.068,-0.032,5.19,-1.98,513,2119,2482,0,0,5382,0.0115,0.06,0.07,-0.03,-2.95,-4.21,539,4395,-3038,0,0,5893,0.0175,-0.083,0.116,0.016,-3.06,-4.11,527,5491,-3015,0,0
179.28,4,13471.5,604.25,0.02,13078.76,70.5,0.84,-0.04,0.22,1.0,0.0,1.0,1,5468,1005.7,2.08,-0.36,-0.04,25.51,1242,210,2852,-0.0151,0.066,0.07,-0.03,3.03,-4.13,537,2206,1452,0,0,3077,-0.0117,-0.061,0.109,0.009,5.12,-2.04,536,2635,2145,0,0,5473,0.0126,0.053,0.149,0.049,-1.99,-5.17,564,5691,-1888,0,0,5767,0.016,-0.074,0.164,0.064,-2.05,-5.11,574,6253,-1741,0,0
179.3,4,13471.9,603.88,0.02,13078.61,71.2,1.01,0.07,0.21,0.5,0.0,1.0,1,5677,999.1,2.13,-0.36,0.04,29.26,1266,214,2928,-0.014,0.058,0.087,-0.013,3.02,-4.15,554,2660,1363,0,0,3001,-0.0128,-0.059,0.135,0.035,4.96,-2.21,553,2940,1790,0,0,5581,0.0138,0.064,0.179,0.079,-1.06,-6.1,588,6227,-1022,0,0,5677,0.015,-0.053,0.21,0.11,-1.21,-5.95,598,6483,-897,0,0
179.32,4,13472.3,603.51,0.02,13078.47,72.0,1.06,0.12,0.19,0.5,0.0,1.0,1,5605,554.8,1.48,-0.38,0.12,32.25,1290,219,2994,-0.0129,0.051,0.072,-0.028,2.92,-4.24,551,2668,1354,0,0,2912,-0.0142,-0.068,0.123,0.023,4.7,-2.46,550,2908,1647,0,0,5699,0.0152,0.069,0.134,0.034,-0.23,-6.93,571,6302,-551,0,0,5592,0.014,-0.05,0.172,0.072,-0.28,-6.88,579,6405,-458,0,0
179.34,4,13472.7,603.14,0.02,13078.32,72.7,0.97,0.16,0.17,1.0,0.0,1.0,1,5420,332.0,1.14,-0.4,0.18,34.51,1310,223,3041,-0.0122,0.036,0.026,-0.074,2.78,-4.38,540,1674,1450,0,0,2814,-0.0157,-0.076,0.075,-0.025,4.38,-2.79,537,2436,1772,0,0,5828,0.0167,0.076,0.076,-0.024,0.55,-6.61,552,5396,11,0,0,5532,0.0132,-0.036,0.077,-0.023,0.55,-6.61,569,5921,-16,0,0
179.36,4,13473.2,602.76,0.01,13078.17,73.3,0.88,0.22,0.14,1.0,0.0,1.0,1,5521,790.5,1.78,-0.42,0.24,35.57,1328,227,3066,-0.0118,0.02,0.042,-0.058,2.53,-4.63,549,1728,1320,0,0,2727,-0.017,-0.066,0.089,-0.011,3.91,-3.25,544,2396,1581,0,0,5955,0.0182,0.075,0.076,-0.024,1.25,-5.91,573,5527,771,0,0,5512,0.013,-0.012,0.148,0.048,1.28,-5.89,562,6001,574,0,0
179.38,4,13473.6,602.38,0.01,13078.02,74.0,0.97,0.26,0.12,1.0,0.0,1.0,1,5711,997.8,2.14,-0.44,0.29,35.96,1350,231,3102,-0.0113,0.028,0.061,-0.039,2.18,-4.98,562,2411,1089,0,0,2648,-0.0183,-0.061,0.114,0.014,3.46,-3.7,562,2662,1236,0,0,6089,0.0198,0.078,0.125,0.025,1.84,-5.32,586,6221,1278,0,0,5494,0.0128,-0.01,0.163,0.063,1.92,-5.24,598,6143,916,0,0
179.4,4,13474.0,601.99,0.01,13077.87,74.8,1.12,0.22,0.1,0.5,0.0,0.98,1,6752,938.7,2.37,-0.47,0.32,36.35,1376,236,3131,-0.0108,0.022,0.178,0.078,1.98,-5.19,637,3552,652,0,0,2583,-0.0193,-0.05,0.243,0.143,2.97,-4.19,637,3031,647,0,0,6207,0.0212,0.07,0.371,0.271,2.45,-4.72,725,7162,780,0,0,5491,0.0128,-0.002,0.414,0.314,2.55,-4.61,745,6428,591,0,0
179.42,4,13474.4,601.6,0.01,13077.71,75.6,1.21,0.16,0.07,0.5,0.0,0.85,1,6683,-220.9,1.65,-0.5,0.33,36.64,1404,242,3135,-0.0108,0.004,0.2,0.1,1.7,-5.46,634,3693,428,0,0,2523,-0.0202,-0.046,0.262,0.162,2.58,-4.58,636,3028,436,0,0,6314,0.0225,0.063,0.315,0.215,3.1,-4.06,651,7233,1068,0,0,5514,0.013,0.013,0.357,0.257,3.22,-3.94,666,6426,800,0,0
179.44,4,13474.8,601.2,0.01,13077.56,76.5,1.2,0.2,0.05,0.5,0.0,0.72,1,6427,293.6,1.26,-0.53,0.34,36.05,1431,247,3109,-0.0112,-0.02,0.15,0.05,1.57,-5.6,629,3597,444,0,0,2467,-0.0211,-0.043,0.216,0.116,2.21,-4.95,633,2949,405,0,0,6415,0.0236,0.059,0.197,0.097,3.64,-3.52,668,7108,1790,0,0,5575,0.0138,0.036,0.272,0.172,3.8,-3.36,655,6371,1301,0,0
179.46,4,13475.3,600.8,0.01,13077.41,77.3,1.17,0.27,0.03,0.5,0.0,0.58,1,6207,303.9,1.23,-0.55,0.35,34.53,1460,253,3072,-0.0117,-0.029,0.106,0.006,1.34,-5.82,609,3383,451,0,0,2425,-0.0217,-0.032,0.168,0.068,1.82,-5.34,613,2857,392,0,0,6495,0.0246,0.047,0.16,0.06,4.06,-3.1,628,6754,2645,0,0,5649,0.0146,0.044,0.198,0.098,4.08,-3.08,640,6260,1824,0,0
179.48,4,13475.7,600.39,0.01,13077.25,78.1,1.1,0.35,0.01,1.0,0.0,0.45,1,6052,310.1,1.21,-0.56,0.36,32.03,1486,258,3052,-0.0121,-0.016,0.071,-0.029,1.22,-5.94,594,3013,465,0,0,2384,-0.0223,-0.031,0.126,0.026,1.45,-5.72,595,2729,359,0,0,6568,0.0254,0.043,0.098,-0.002,4.28,-2.88,617,6121,3471,0,0,5696,0.0152,0.028,0.166,0.066,4.45,-2.71,609,5994,2451,0,0
179.5,4,13476.1,599.98,0.01,13077.1,78.7,0.91,0.47,0.0,1.0,0.0,0.32,1,6046,770.0,1.88,-0.56,0.38,28.06,1511,262,3055,-0.012,0.003,0.023,-0.077,1.0,-6.17,570,1731,419,0,0,2365,-0.0226,-0.015,0.058,-0.042,1.1,-6.06,568,2261,344,0,0,6630,0.0262,0.036,0.046,-0.054,4.28,-2.88,577,3811,4509,0,0,5728,0.0156,0.019,0.07,-0.03,4.43,-2.73,580,4738,3580,0,0
179.52,4,13476.6,599.57,0.01,13076.95,79.1,0.52,0.53,-0.02,1.0,0.0,0.18,1,6426,958.9,2.3,-0.53,0.43,22.93,1532,264,3096,-0.0114,0.032,0.011,-0.089,0.85,-6.32,565,728,363,0,0,2359,-0.0227,-0.005,0.02,-0.08,0.87,-6.29,553,1156,289,0,0,6677,0.0267,0.028,0.01,-0.09,4.04,-3.12,565,1414,4705,0,0,5712,0.0154,-0.009,0.045,-0.055,4.0,-3.16,561,3302,3852,0,0
179.54,4,13477.0,599.16,0.01,13076.79,79.2,0.21,0.52,-0.02,1.0,0.0,0.05,1,6745,-221.6,2.39,-0.47,0.48,17.88,1549,265,3205,-0.0097,0.083,0.003,-0.097,0.6,-6.56,560,260,260,0,0,2381,-0.0224,0.017,0.007,-0.093,0.78,-6.38,548,451,273,0,0,6684,0.0268,0.004,-0.003,-0.097,3.76,-3.4,556,5,4545,0,0,5607,0.0141,-0.062,0.016,-0.084,3.85,-3.31,553,1620,3888,0,0
179.56,4,13477.4,598.75,0.01,13076.65,79.2,0.01,0.48,-0.03,1.0,0.0,0.18,2,6788,-222.1,2.4,-0.38,0.53,13.43,1565,265,3365,-0.0072,0.123,0.005,-0.095,0.44,-6.73,560,115,190,0,0,2449,-0.0213,0.052,0.008,-0.092,0.71,-6.45,552,144,274,0,0,6631,0.0262,-0.031,0.009,-0.091,3.41,-3.75,562,96,4222,0,0,5433,0.0121,-0.102,0.023,-0.077,3.49,-3.67,562,1069,3570,0,0
179.58,4,13477.9,598.33,0.01,13076.5,79.4,0.3,0.43,-0.03,1.0,0.0,0.48,2,6763,932.7,2.39,-0.29,0.56,9.62,1591,266,3566,-0.0041,0.154,0.02,-0.08,0.44,-6.72,568,1136,227,0,0,2558,-0.0197,0.083,0.033,-0.067,0.74,-6.42,567,1272,318,0,0,6522,0.0249,-0.064,0.048,-0.052,3.07,-4.1,578,3119,3713,0,0,5204,0.0094,-0.135,0.049,-0.051,3.14,-4.02,584,3123,3012,0,0
179.6,4,13478.3,597.91,0.01,13076.35,79.8,0.66,0.36,-0.03,1.0,0.0,0.78,2,6743,932.7,2.39,-0.22,0.58,6.77,1623,269,3753,-0.0013,0.144,0.04,-0.06,0.47,-6.69,583,2211,286,0,0,2671,-0.0179,0.087,0.053,-0.047,0.79,-6.37,584,1950,370,0,0,6383,0.0233,-0.082,0.077,-0.023,2.82,-4.34,614,5236,3048,0,0,4969,0.0066,-0.139,0.112,0.012,2.86,-4.3,606,4624,2272,0,0
179.62,4,13478.8,597.49,0.01,13076.2,80.5,0.95,0.27,-0.03,0.5,0.0,1.0,2,6438,954.2,2.32,-0.19,0.56,5.32,1657,274,3876,0.0006,0.095,0.075,-0.025,0.47,-6.69,605,3458,297,0,0,2765,-0.0165,0.072,0.081,-0.019,0.86,-6.3,606,2608,405,0,0,6251,0.0217,-0.078,0.18,0.08,2.62,-4.54,655,6705,1920,0,0,4798,0.0046,-0.1,0.174,0.074,2.69,-4.47,671,5305,1453,0,0
179.64,4,13479.2,597.06,0.01,13076.06,81.3,1.09,0.19,-0.03,0.5,0.0,1.0,2,5922,541.8,1.54,-0.18,0.5,4.79,1684,279,3902,0.001,0.02,0.1,0.0,0.7,-6.46,624,4027,413,0,0,2830,-0.0155,0.05,0.112,0.012,0.98,-6.18,628,3043,421,0,0,6132,0.0203,-0.07,0.222,0.122,2.59,-4.57,707,6914,1350,0,0,4730,0.0038,-0.04,0.258,0.158,2.64,-4.52,700,5468,998,0,0
179.66,4,13479.7,596.63,0.01,13075.91,82.1,1.16,0.17,-0.02,0.5,0.0,1.0,2,5155,333.7,1.11,-0.21,0.43,4.25,1712,284,3854,0.0003,-0.036,0.119,0.019,0.81,-6.35,643,4194,445,0,0,2891,-0.0145,0.047,0.132,0.032,1.08,-6.08,647,3238,432,0,0,6052,0.0194,-0.047,0.253,0.153,2.54,-4.62,731,6907,1142,0,0,4792,0.0045,0.036,0.286,0.186,2.58,-4.59,724,5580,877,0,0
179.68,4,13480.1,596.2,0.01,13075.76,82.9,1.19,0.17,-0.02,0.5,0.0,1.0,2,4594,335.6,1.04,-0.25,0.35,3.67,1734,290,3745,-0.0014,-0.085,0.126,0.026,0.91,-6.26,652,4186,456,0,0,2922,-0.014,0.024,0.135,0.035,1.17,-6.0,655,3320,449,0,0,6010,0.0189,-0.025,0.239,0.139,2.49,-4.67,728,6870,1107,0,0,4934,0.0062,0.084,0.256,0.156,2.51,-4.65,718,5732,900,0,0
179.7,4,13480.6,595.76,0.01,13075.61,83.8,1.18,0.21,-0.02,1.0,0.0,1.0,2,4383,330.0,1.02,-0.31,0.27,2.89,1760,296,3599,-0.0036,-0.112,0.081,-0.019,1.01,-6.15,634,3693,598,0,0,2928,-0.0139,0.005,0.092,-0.008,1.17,-5.99,636,3117,548,0,0,6020,0.019,0.006,0.153,0.053,2.29,-4.87,685,6658,1477,0,0,5143,0.0087,0.123,0.166,0.066,2.39,-4.77,674,5747,1322,0,0
179.72,4,13481.1,595.31,0.01,13075.46,84.5,1.07,0.28,-0.02,1.0,0.0,1.0,2,4169,750.8,1.52,-0.37,0.21,1.59,1783,302,3424,-0.0063,-0.134,0.044,-0.056,1.05,-6.11,615,2774,693,0,0,2903,-0.0143,-0.02,0.05,-0.05,1.2,-5.96,616,2487,666,0,0,6050,0.0193,0.017,0.078,-0.022,2.07,-5.09,639,5909,1994,0,0,5368,0.0113,0.132,0.092,-0.008,2.17,-4.99,633,5357,1821,0,0
179.74,4,13481.5,594.86,0.01,13075.31,85.1,0.84,0.34,-0.01,1.0,0.0,1.0,2,4129,934.3,1.77,-0.42,0.18,-0.2,1798,306,3259,-0.0089,-0.127,0.035,-0.065,0.97,-6.2,613,1991,657,0,0,2856,-0.0151,-0.036,0.035,-0.065,1.16,-6.0,614,1782,687,0,0,6085,0.0198,0.021,0.054,-0.046,1.84,-5.32,634,4772,2131,0,0,5557,0.0135,0.112,0.069,-0.031,1.83,-5.33,627,4546,1942,0,0
179.76,4,13482.0,594.41,0.01,13075.16,85.6,0.74,0.32,-0.01,1.0,0.0,1.0,2,4151,937.6,1.78,-0.45,0.18,-1.79,1814,309,3140,-0.0107,-0.092,0.036,-0.064,1.03,-6.13,618,1869,679,0,0,2797,-0.016,-0.045,0.035,-0.065,1.13,-6.03,619,1650,671,0,0,6136,0.0204,0.03,0.065,-0.035,1.49,-5.67,628,4795,1823,0,0,5687,0.0151,0.077,0.051,-0.049,1.49,-5.67,637,4385,1706,0,0
179.78,4,13482.5,593.96,0.01,13075.01,86.1,0.74,0.28,-0.01,1.0,0.0,1.0,2,4172,940.8,1.78,-0.47,0.2,-2.9,1830,313,3080,-0.0116,-0.046,0.037,-0.063,1.01,-6.15,622,1904,666,0,0,2743,-0.0168,-0.042,0.036,-0.064,1.06,-6.1,623,1665,629,0,0,6189,0.021,0.031,0.052,-0.048,1.15,-6.01,638,4858,1472,0,0,5748,0.0158,0.036,0.063,-0.037,1.16,-6.01,631,4532,1375,0,0
179.8,4,13483.0,593.5,0.01,13074.86,86.6,0.74,0.24,0.0,1.0,0.0,1.0,2,4195,944.3,1.79,-0.46,0.22,-3.56,1852,317,3079,-0.0116,-0.001,0.037,-0.063,1.02,-6.14,626,1900,675,0,0,2705,-0.0174,-0.029,0.035,-0.065,1.05,-6.11,627,1606,615,0,0,6246,0.0217,0.034,0.063,-0.037,0.94,-6.22,633,4928,1222,0,0,5757,0.0159,0.005,0.049,-0.051,0.88,-6.28,642,4467,1085,0,0
179.82,4,13483.5,593.04,0.01,13074.71,87.2,0.74,0.21,0.0,1.0,0.0,1.0,2,4217,947.6,1.79,-0.45,0.23,-3.84,1874,321,3118,-0.011,0.03,0.037,-0.063,1.01,-6.16,629,1898,677,0,0,2694,-0.0175,-0.008,0.035,-0.065,0.95,-6.21,630,1617,564,0,0,6282,0.0221,0.021,0.049,-0.051,0.73,-6.43,644,4913,980,0,0,5729,0.0156,-0.017,0.061,-0.039,0.7,-6.46,637,4542,867,0,0
179.84,4,13484.0,592.57,0.01,13074.56,87.7,0.74,0.18,0.0,1.0,0.0,1.0,2,4243,951.5,1.8,-0.44,0.24,-3.86,1898,325,3164,-0.0103,0.035,0.037,-0.063,0.97,-6.19,633,1920,670,0,0,2715,-0.0172,0.016,0.034,-0.066,0.94,-6.22,634,1562,562,0,0,6293,0.0222,0.006,0.062,-0.038,0.58,-6.58,640,5018,786,0,0,5706,0.0153,-0.013,0.046,-0.054,0.58,-6.58,650,4368,721,0,0
179.86,4,13484.4,592.11,0.01,13074.41,88.2,0.75,0.16,0.0,1.0,0.0,1.0,2,4262,954.5,1.8,-0.42,0.25,-3.67,1921,329,3218,-0.0095,0.042,0.037,-0.063,0.86,-6.3,636,1973,614,0,0,2753,-0.0167,0.029,0.033,-0.067,0.86,-6.3,638,1556,526,0,0,6298,0.0223,0.003,0.049,-0.051,0.4,-6.76,651,4966,570,0,0,5689,0.0151,-0.01,0.06,-0.04,0.42,-6.74,645,4501,536,0,0
179.88,4,13484.9,591.64,0.01,13074.26,88.7,0.75,0.13,0.0,1.0,0.0,1.0,2,4283,957.8,1.81,-0.41,0.24,-3.39,1945,333,3272,-0.0087,0.041,0.036,-0.064,0.78,-6.38,639,1956,566,0,0,2801,-0.0159,0.037,0.033,-0.067,0.76,-6.41,640,1562,476,0,0,6307,0.0224,0.006,0.061,-0.039,0.31,-6.85,647,5017,446,0,0,5691,0.0151,0.002,0.046,-0.054,0.31,-6.85,656,4381,409,0,0
179.9,4,13485.4,591.17,0.01,13074.11,89.3,0.75,0.11,0.0,1.0,0.0,1.0,2,4310,961.9,1.81,-0.39,0.23,-3.04,1974,337,3320,-0.0079,0.037,0.034,-0.066,0.66,-6.51,643,1903,491,0,0,2861,-0.015,0.046,0.032,-0.068,0.65,-6.52,644,1574,419,0,0,6315,0.0225,0.004,0.047,-0.053,0.22,-6.94,659,4875,331,0,0,5714,0.0154,0.013,0.06,-0.04,0.16,-7.01,652,4511,233,0,0
179.92,4,13485.9,590.69,0.01,13073.96,89.8,0.75,0.09,0.0,1.0,0.0,1.0,2,4339,966.4,1.82,-0.38,0.21,-2.7,2000,341,3361,-0.0073,0.031,0.034,-0.066,0.53,-6.63,647,1925,406,0,0,2917,-0.0141,0.043,0.033,-0.067,0.51,-6.66,648,1623,341,0,0,6307,0.0224,-0.004,0.061,-0.039,0.16,-7.0,655,5028,238,0,0,5726,0.0155,0.007,0.046,-0.054,0.19,-6.98,665,4406,242,0,0
179.94,4,13486.4,590.21,0.01,13073.8,90.3,0.77,0.06,0.0,1.0,0.0,1.0,2,4356,969.0,1.82,-0.37,0.19,-2.41,2033,345,3387,-0.0069,0.02,0.035,-0.065,0.27,-6.89,649,2038,231,0,0,2975,-0.0132,0.045,0.031,-0.069,0.34,-6.82,651,1615,244,0,0,6292,0.0222,-0.009,0.047,-0.053,0.09,-7.07,667,4849,154,0,0,5754,0.0159,0.016,0.063,-0.037,0.0,-7.16,659,4717,43,0,0
179.96,4,13486.9,589.73,0.01,13073.65,90.9,0.74,0.04,-0.01,1.0,0.0,1.0,2,4391,974.4,1.83,-0.35,0.17,-2.22,2062,349,3407,-0.0066,0.016,0.033,-0.067,0.17,-6.99,654,1931,148,0,0,3033,-0.0123,0.045,0.033,-0.067,0.17,-6.99,655,1686,139,0,0,6248,0.0217,-0.026,0.062,-0.038,0.07,-7.09,664,5006,113,0,0,5758,0.0159,0.003,0.047,-0.053,0.09,-7.08,673,4467,114,0,0
179.98,4,13487.5,589.25,0.01,13073.5,91.4,0.76,0.02,-0.01,1.0,0.0,1.0,2,4420,979.0,1.84,-0.34,0.14,-2.18,2088,353,3411,-0.0065,0.002,0.034,-0.066,-0.06,-7.1,658,1996,-10,0,0,3094,-0.0114,0.046,0.032,-0.068,-0.01,-7.16,659,1727,25,0,0,6188,0.021,-0.035,0.05,-0.05,0.04,-7.12,677,4937,74,0,0,5774,0.0161,0.009,0.062,-0.038,0.03,-7.13,670,4669,66,0,0
180.0,4,13488.0,588.76,0.01,13073.34,91.9,0.77,-0.01,-0.02,1.0,0.0,1.0,2,4447,983.1,1.85,-0.34,0.1,-2.29,2112,357,3406,-0.0066,-0.003,0.033,-0.067,-0.3,-6.86,662,1957,-177,0,0,3147,-0.0106,0.041,0.033,-0.067,-0.23,-6.93,663,1783,-119,0,0,6139,0.0204,-0.029,0.063,-0.037,0.0,-7.16,673,5001,24,0,0,5800,0.0164,0.015,0.05,-0.05,-0.03,-7.13,682,4655,-2,0,0
180.02,4,13488.5,588.27,0.01,13073.19,92.5,0.77,-0.04,-0.02,1.0,0.0,1.0,2,4472,987.1,1.85,-0.33,0.06,-2.51,2141,361,3386,-0.0069,-0.016,0.035,-0.065,-0.61,-6.55,666,2022,-387,0,0,3201,-0.0098,0.042,0.031,-0.069,-0.42,-6.75,666,1758,-248,0,0,6096,0.0199,-0.026,0.051,-0.049,-0.06,-7.1,685,4913,-43,0,0,5854,0.017,0.032,0.062,-0.038,-0.08,-7.08,678,4744,-58,0,0
180.04,4,13489.0,587.78,0.01,13073.03,93.0,0.77,-0.06,-0.03,1.0,0.0,1.0,2,4500,991.4,1.86,-0.34,0.02,-2.87,2164,365,3354,-0.0074,-0.024,0.036,-0.064,-0.9,-6.26,670,2011,-583,0,0,3248,-0.009,0.036,0.032,-0.068,-0.65,-6.51,671,1806,-407,0,0,6043,0.0193,-0.031,0.052,-0.048,-0.13,-7.03,690,4949,-117,0,0,5904,0.0176,0.029,0.062,-0.038,-0.11,-7.05,682,4771,-90,0,0
180.06,4,13489.5,587.28,0.01,13072.88,93.6,0.77,-0.09,-0.03,1.0,0.0,1.0,2,4530,992.4,1.87,-0.34,-0.03,-3.37,2188,370,3319,-0.0079,-0.027,0.035,-0.065,-1.12,-6.05,675,1939,-724,0,0,3288,-0.0084,0.031,0.033,-0.067,-0.86,-6.31,675,1821,-549,0,0,6005,0.0188,-0.022,0.052,-0.048,-0.17,-6.99,694,4891,-160,0,0,5965,0.0183,0.036,0.062,-0.038,-0.17,-6.99,686,4835,-159,0,0
180.08,4,13490.0,586.78,0.01,13072.71,94.1,0.77,-0.12,-0.04,1.0,0.0,1.0,2,4558,993.1,1.87,-0.34,-0.08,-3.98,2212,374,3278,-0.0086,-0.031,0.036,-0.064,-1.4,-5.76,679,1934,-895,0,0,3333,-0.0077,0.034,0.032,-0.068,-1.08,-6.08,680,1824,-707,0,0,5966,0.0184,-0.023,0.052,-0.048,-0.24,-6.92,698,4870,-225,0,0,6037,0.0192,0.042,0.062,-0.038,-0.26,-6.9,690,4890,-250,0,0
180.1,4,13490.6,586.28,0.01,13072.55,94.7,0.78,-0.15,-0.05,1.0,0.0,1.0,2,4579,993.6,1.88,-0.35,-0.12,-4.72,2238,378,3231,-0.0093,-0.037,0.036,-0.064,-1.72,-5.44,683,1879,-1079,0,0,3377,-0.007,0.034,0.035,-0.065,-1.44,-5.72,682,1938,-941,0,0,5928,0.0179,-0.022,0.053,-0.047,-0.34,-6.82,702,4873,-326,0,0,6120,0.0202,0.049,0.061,-0.039,-0.35,-6.81,694,4911,-355,0,0
180.12,4,13491.1,585.78,0.01,13072.39,95.2,0.76,-0.18,-0.05,1.0,0.0,1.0,2,4612,994.4,1.88,-0.35,-0.16,-5.46,2262,383,3190,-0.0099,-0.031,0.04,-0.06,-2.05,-5.11,687,1925,-1253,0,0,3416,-0.0065,0.03,0.033,-0.067,-1.58,-5.58,688,1811,-1057,0,0,5894,0.0175,-0.02,0.053,-0.047,-0.4,-6.77,706,4843,-383,0,0,6189,0.021,0.041,0.06,-0.04,-0.39,-6.77,698,4863,-401,0,0
180.14,4,13491.6,585.27,0.01,13072.23,95.8,0.76,-0.21,-0.06,1.0,0.0,1.0,2,4643,995.1,1.89,-0.36,-0.19,-6.28,2288,387,3156,-0.0104,-0.026,0.04,-0.06,-2.33,-4.83,692,1883,-1398,0,0,3455,-0.0058,0.03,0.033,-0.067,-1.81,-5.35,693,1840,-1215,0,0,5864,0.0172,-0.018,0.054,-0.046,-0.49,-6.68,711,4864,-470,0,0,6255,0.0218,0.039,0.06,-0.04,-0.48,-6.68,702,4908,-500,0,0
180.16,4,13492.2,584.77,0.01,13072.06,96.3,0.77,-0.24,-0.07,1.0,0.0,1.0,2,4670,995.7,1.9,-0.36,-0.23,-7.14,2316,392,3122,-0.011,-0.027,0.042,-0.058,-2.64,-4.52,697,1867,-1547,0,0,3491,-0.0053,0.028,0.034,-0.066,-2.1,-5.07,697,1871,-1404,0,0,5833,0.0168,-0.018,0.055,-0.045,-0.6,-6.56,715,4879,-582,0,0,6316,0.0225,0.036,0.06,-0.04,-0.6,-6.56,706,4958,-636,0,0
180.18,4,13492.7,584.25,0.01,13071.89,96.8,0.77,-0.27,-0.07,1.0,0.0,1.0,2,4699,996.3,1.91,-0.36,-0.26,-8.05,2340,396,3090,-0.0115,-0.024,0.044,-0.056,-3.0,-4.16,701,1871,-1704,0,0,3529,-0.0047,0.029,0.035,-0.065,-2.33,-4.83,701,1894,-1564,0,0,5789,0.0163,-0.026,0.057,-0.043,-0.73,-6.44,719,4896,-698,0,0,6363,0.023,0.028,0.059,-0.041,-0.69,-6.47,711,4953,-740,0,0
180.2,4,13493.2,583.74,0.01,13071.72,97.4,0.76,-0.3,-0.08,1.0,0.0,1.0,2,4730,997.0,1.91,-0.36,-0.28,-8.94,2367,400,3064,-0.0119,-0.02,0.046,-0.054,-3.29,-3.88,706,1842,-1825,0,0,3558,-0.0043,0.022,0.035,-0.065,-2.57,-4.59,706,1844,-1729,0,0,5763,0.016,-0.016,0.063,-0.037,-0.8,-6.36,719,4904,-775,0,0,6408,0.0236,0.027,0.053,-0.047,-0.8,-6.36,719,4921,-874,0,0
180.22,4,13493.8,583.23,0.01,13071.55,97.9,0.76,-0.34,-0.09,1.0,0.0,1.0,2,4757,997.5,1.92,-0.36,-0.32,-9.88,2395,405,3040,-0.0122,-0.019,0.047,-0.053,-3.61,-3.56,710,1812,-1949,0,0,3586,-0.0038,0.022,0.038,-0.062,-2.91,-4.25,710,1945,-1933,0,0,5730,0.0156,-0.019,0.059,-0.041,-0.95,-6.21,728,4928,-911,0,0,6445,0.024,0.021,0.059,-0.041,-0.92,-6.24,719,4971,-1008,0,0
180.24,4,13494.3,582.71,0.01,13071.38,98.4,0.75,-0.37,-0.09,1.0,0.0,1.0,2,4790,998.2,1.93,-0.36,-0.35,-10.82,2422,409,3008,-0.0127,-0.025,0.051,-0.049,-3.93,-3.23,716,1822,-2052,0,0,3615,-0.0034,0.022,0.037,-0.063,-3.1,-4.06,715,1854,-2070,0,0,5688,0.0151,-0.025,0.06,-0.04,-1.04,-6.12,732,4887,-990,0,0,6482,0.0244,0.022,0.059,-0.041,-1.04,-6.12,724,4985,-1149,0,0
180.26,4,13494.9,582.19,0.01,13071.2,99.0,0.75,-0.4,-0.1,1.0,0.0,1.0,2,4821,998.7,1.93,-0.36,-0.38,-11.72,2445,414,2971,-0.0133,-0.028,0.053,-0.047,-4.26,-2.91,721,1804,-2141,0,0,3645,-0.0029,0.023,0.039,-0.061,-3.37,-3.79,720,1881,-2227,0,0,5640,0.0145,-0.028,0.063,-0.037,-1.22,-5.94,736,4954,-1143,0,0,6521,0.0249,0.023,0.059,-0.041,-1.16,-6.0,728,5000,-1296,0,0
180.28,4,13495.4,581.66,0.01,13071.02,99.5,0.76,-0.43,-0.1,1.0,0.0,1.0,2,4846,999.2,1.94,-0.37,-0.41,-12.61,2472,418,2936,-0.0138,-0.027,0.054,-0.046,-4.59,-2.57,724,1769,-2226,0,0,3669,-0.0026,0.018,0.042,-0.058,-3.74,-3.42,724,1954,-2422,0,0,5613,0.0142,-0.015,0.068,-0.032,-1.32,-5.85,737,4893,-1231,0,0,6572,0.0255,0.03,0.055,-0.045,-1.3,-5.86,736,5016,-1462,0,0
180.3,4,13496.0,581.14,0.01,13070.84,100.0,0.74,-0.46,-0.11,1.0,0.0,1.0,2,4882,999.8,1.95,-0.37,-0.45,-13.41,2497,422,2898,-0.0144,-0.029,0.058,-0.042,-4.93,-2.23,730,1756,-2293,0,0,3685,-0.0023,0.012,0.041,-0.059,-3.93,-3.24,730,1861,-2540,0,0,5584,0.0139,-0.017,0.064,-0.036,-1.43,-5.73,745,4880,-1329,0,0,6613,0.026,0.024,0.06,-0.04,-1.42,-5.75,737,5020,-1608,0,0
180.32,4,13496.5,580.61,0.01,13070.65,100.5,0.75,-0.49,-0.12,1.0,0.0,1.0,2,4913,1000.3,1.96,-0.37,-0.5,-14.23,2522,427,2860,-0.015,-0.03,0.061,-0.039,-5.31,-1.86,735,1752,-2352,0,0,3721,-0.0018,0.028,0.042,-0.058,-4.18,-2.98,735,1868,-2681,0,0,5537,0.0133,-0.027,0.066,-0.034,-1.57,-5.59,750,4888,-1437,0,0,6663,0.0266,0.03,0.061,-0.039,-1.58,-5.59,741,5106,-1791,0,0
180.34,4,13497.1,580.08,0.01,13070.46,101.1,0.75,-0.52,-0.12,1.0,0.0,1.0,2,4939,1000.7,1.96,-0.37,-0.53,-15.03,2549,431,2819,-0.0156,-0.032,0.063,-0.037,-5.61,-1.55,740,1715,-2390,0,0,3770,-0.001,0.038,0.044,-0.056,-4.48,-2.69,739,1899,-2842,0,0,5485,0.0127,-0.031,0.069,-0.031,-1.86,-5.3,753,4873,-1663,0,0,6729,0.0273,0.039,0.063,-0.037,-1.76,-5.4,744,5201,-2007,0,0
180.36,4,13497.7,579.55,0.01,13070.27,101.6,0.74,-0.55,-0.13,1.0,0.0,1.0,2,4969,1001.2,1.97,-0.38,-0.57,-15.66,2567,436,2788,-0.0161,-0.024,0.066,-0.034,-5.98,-1.18,745,1689,-2438,0,0,3801,-0.0005,0.024,0.044,-0.056,-4.75,-2.41,744,1862,-2989,0,0,5452,0.0123,-0.019,0.069,-0.031,-1.9,-5.27,758,4830,-1701,0,0,6777,0.0279,0.028,0.064,-0.036,-1.93,-5.23,748,5184,-2217,0,0
180.38,4,13498.2,579.02,0.01,13070.08,102.1,0.74,-0.58,-0.13,1.0,0.0,1.0,2,5002,1001.7,1.98,-0.38,-0.6,-16.25,2595,440,2753,-0.0166,-0.027,0.067,-0.033,-6.32,-0.85,749,1647,-2473,0,0,3839,0.0001,0.029,0.048,-0.052,-5.09,-2.07,748,1926,-3137,0,0,5443,0.0122,-0.006,0.074,-0.026,-1.97,-5.2,759,4803,-1758,0,0,6863,0.0289,0.05,0.055,-0.045,-1.92,-5.24,758,5048,-2265,0,0
180.4,4,13498.8,578.48,0.01,13069.88,102.6,0.74,-0.6,-0.14,1.0,0.0,1.0,2,5033,1002.1,1.98,-0.39,-0.63,-16.82,2623,445,2717,-0.0172,-0.028,0.071,-0.029,-6.71,-0.45,754,1642,-2492,0,0,3872,0.0006,0.026,0.049,-0.051,-5.38,-1.78,753,1915,-3270,0,0,5422,0.012,-0.012,0.07,-0.03,-2.12,-5.04,768,4779,-1876,0,0,6933,0.0297,0.041,0.063,-0.037,-2.08,-5.08,758,5201,-2441,0,0
180.42,4,13499.4,577.95,0.01,13069.68,103.1,0.73,-0.62,-0.15,1.0,0.0,1.0,2,5066,1002.6,1.99,-0.39,-0.67,-17.33,2649,449,2685,-0.0177,-0.025,0.075,-0.025,-7.08,-0.09,760,1633,-2503,0,0,3899,0.001,0.02,0.051,-0.049,-5.75,-1.41,758,1938,-3405,0,0,5395,0.0116,-0.016,0.072,-0.028,-2.21,-4.95,773,4779,-1937,0,0,6983,0.0303,0.029,0.063,-0.037,-2.19,-4.97,763,5201,-2584,0,0
180.44,4,13500.0,577.41,0.01,13069.48,103.6,0.73,-0.65,-0.15,1.0,0.0,1.0,2,5100,1003.0,2.0,-0.39,-0.7,-17.89,2676,454,2651,-0.0182,-0.026,0.077,-0.023,-7.46,0.3,765,1591,-2520,0,0,3942,0.0016,0.033,0.052,-0.048,-6.01,-1.15,763,1933,-3524,0,0,5352,0.0111,-0.025,0.074,-0.026,-2.39,-4.78,778,4772,-2045,0,0,7041,0.031,0.034,0.064,-0.036,-2.3,-4.86,768,5255,-2723,0,0
180.46,4,13500.5,576.87,0.01,13069.27,104.1,0.73,-0.67,-0.16,1.0,0.0,1.0,2,5131,1003.3,2.01,-0.39,-0.74,-18.32,2701,458,2624,-0.0186,-0.02,0.081,-0.019,-7.85,0.69,771,1592,-2523,0,0,3977,0.0022,0.027,0.054,-0.046,-6.32,-0.84,768,1935,-3638,0,0,5319,0.0108,-0.019,0.075,-0.025,-2.47,-4.7,782,4742,-2100,0,0,7088,0.0316,0.028,0.066,-0.034,-2.49,-4.67,772,5328,-2937,0,0
180.48,4,13501.1,576.33,0.01,13069.06,104.6,0.73,-0.69,-0.17,1.0,0.0,1.0,2,5159,1003.6,2.01,-0.38,-0.78,-18.73,2733,462,2591,-0.0191,-0.026,0.085,-0.015,-8.27,1.11,776,1565,-2523,0,0,4017,0.0028,0.031,0.057,-0.043,-6.75,-0.41,771,1964,-3767,0,0,5283,0.0103,-0.022,0.078,-0.022,-2.6,-4.56,786,4751,-2166,0,0,7147,0.0323,0.035,0.066,-0.034,-2.56,-4.6,776,5361,-3039,0,0
180.5,4,13501.7,575.78,0.01,13068.84,105.1,0.72,-0.71,-0.18,1.0,0.0,1.0,2,5196,1004.0,2.02,-0.38,-0.81,-19.13,2758,467,2569,-0.0195,-0.017,0.089,-0.011,-8.7,1.54,782,1554,-2525,0,0,4067,0.0036,0.038,0.057,-0.043,-7.01,-0.15,777,1911,-3888,0,0,5222,0.0096,-0.036,0.081,-0.019,-2.79,-4.37,792,4726,-2262,0,0,7181,0.0326,0.02,0.067,-0.033,-2.67,-4.49,781,5354,-3172,0,0
180.52,4,13502.3,575.24,0.01,13068.62,105.6,0.72,-0.74,-0.18,1.0,0.0,1.0,2,5227,1004.3,2.03,-0.37,-0.84,-19.48,2788,471,2559,-0.0196,-0.007,0.092,-0.008,-9.1,1.94,787,1540,-2539,0,0,4109,0.0042,0.032,0.059,-0.041,-7.34,0.18,782,1941,-3983,0,0,5187,0.0092,-0.021,0.083,-0.017,-2.86,-4.31,796,4727,-2282,0,0,7213,0.033,0.019,0.068,-0.032,-2.81,-4.35,786,5388,-3323,0,0
180.54,4,13502.9,574.69,0.01,13068.4,106.1,0.72,-0.75,-0.19,1.0,0.0,1.0,2,5260,1004.6,2.04,-0.36,-0.87,-19.86,2816,476,2543,-0.0199,-0.012,0.097,-0.003,-9.54,2.37,792,1545,-2532,0,0,4158,0.005,0.038,0.061,-0.039,-7.73,0.57,786,1951,-4096,0,0,5136,0.0086,-0.03,0.082,-0.018,-2.97,-4.2,802,4641,-2343,0,0,7249,0.0335,0.021,0.07,-0.03,-2.9,-4.26,791,5461,-3415,0,0
180.56,4,13503.5,574.15,0.01,13068.17,106.6,0.71,-0.77,-0.2,1.0,0.0,1.0,2,5294,1004.8,2.04,-0.36,-0.89,-20.11,2841,480,2532,-0.0201,-0.009,0.1,0.0,-10.03,2.87,798,1520,-2543,0,0,4195,0.0055,0.028,0.063,-0.037,-8.12,0.96,791,1952,-4189,0,0,5100,0.0082,-0.021,0.084,-0.016,-3.09,-4.07,807,4619,-2401,0,0,7275,0.0338,0.016,0.071,-0.029,-3.04,-4.12,796,5479,-3561,0,0
180.58,4,13504.1,573.6,0.01,13067.94,107.1,0.72,-0.79,-0.21,1.0,0.0,1.0,2,5319,1005.0,2.05,-0.36,-0.9,-20.36,2872,484,2525,-0.0202,-0.005,0.104,0.004,-10.49,3.32,802,1508,-2550,0,0,4231,0.0061,0.028,0.065,-0.035,-8.49,1.32,794,1971,-4265,0,0,5076,0.0079,-0.014,0.096,-0.004,-3.23,-3.93,802,4619,-2458,0,0,7308,0.0341,0.019,0.062,-0.038,-3.15,-4.01,807,5504,-3684,0,0
180.6,4,13504.7,573.05,0.01,13067.71,107.6,0.71,-0.81,-0.21,1.0,0.0,1.0,2,5350,1005.2,2.06,-0.35,-0.91,-20.49,2901,489,2524,-0.0202,0.0,0.107,0.007,-11.0,3.83,807,1489,-2567,0,0,4252,0.0064,0.016,0.067,-0.033,-8.88,1.72,799,1962,-4331,0,0,5058,0.0077,-0.011,0.086,-0.014,-3.32,-3.84,815,4560,-2519,0,0,7317,0.0343,0.005,0.074,-0.026,-3.24,-3.92,804,5563,-3763,0,0
180.62,4,13505.3,572.5,0.01,13067.47,108.1,0.71,-0.82,-0.22,1.0,0.0,1.0,2,5378,1005.4,2.07,-0.34,-0.91,-20.63,2933,493,2528,-0.0201,0.003,0.111,0.011,-11.45,4.29,811,1493,-2575,0,0,4269,0.0067,0.013,0.07,-0.03,-9.29,2.13,804,1963,-4383,0,0,5039,0.0074,-0.011,0.099,-0.001,-3.4,-3.76,811,4585,-2536,0,0,7315,0.0342,-0.001,0.066,-0.034,-3.37,-3.79,816,5576,-3870,0,0
180.64,4,13505.9,571.95,0.01,13067.23,108.5,0.7,-0.82,-0.23,1.0,0.0,1.0,2,5414,1005.5,2.07,-0.34,-0.93,-20.68,2959,497,2532,-0.02,0.003,0.116,0.016,-12.08,4.92,816,1488,-2587,0,0,4283,0.0069,0.011,0.073,-0.027,-9.73,2.57,809,1970,-4426,0,0,5010,0.0071,-0.017,0.092,-0.008,-3.48,-3.69,825,4589,-2549,0,0,7299,0.034,-0.01,0.075,-0.025,-3.44,-3.72,813,5539,-3934,0,0
180.66,4,13506.5,571.39,0.01,13066.98,109.0,0.7,-0.84,-0.24,1.0,0.0,1.0,2,5447,1005.7,2.08,-0.33,-0.94,-20.79,2987,502,2531,-0.0201,-0.001,0.119,0.019,-12.53,5.37,822,1471,-2596,0,0,4309,0.0073,0.02,0.075,-0.025,-10.17,3.01,813,1973,-4479,0,0,4976,0.0067,-0.02,0.103,0.003,-3.58,-3.58,821,4578,-2575,0,0,7302,0.0341,0.001,0.066,-0.034,-3.53,-3.64,827,5521,-4014,0,0
180.68,4,13507.1,570.84,0.01,13066.73,109.5,0.7,-0.85,-0.25,1.0,0.0,1.0,2,5479,1005.8,2.09,-0.33,-0.96,-20.82,3011,506,2528,-0.0201,-0.002,0.126,0.026,-13.16,6.0,827,1489,-2583,0,0,4335,0.0077,0.02,0.079,-0.021,-10.65,3.49,817,1988,-4523,0,0,4946,0.0064,-0.018,0.094,-0.006,-3.7,-3.46,835,4518,-2632,0,0,7309,0.0342,0.004,0.079,-0.021,-3.6,-3.56,823,5629,-4052,0,0
180.7,4,13507.7,570.29,0.01,13066.47,109.9,0.7,-0.87,-0.26,1.0,0.0,1.0,2,5505,1005.7,2.09,-0.33,-0.98,-20.79,3034,510,2527,-0.0201,-0.001,0.13,0.03,-13.61,6.44,832,1481,-2585,0,0,4364,0.0081,0.022,0.082,-0.018,-11.05,3.89,821,2009,-4562,0,0,4931,0.0062,-0.009,0.106,0.006,-3.75,-3.41,830,4539,-2630,0,0,7333,0.0344,0.014,0.07,-0.03,-3.76,-3.4,835,5577,-4214,0,0
180.72,4,13508.3,569.73,0.01,13066.21,110.4,0.69,-0.88,-0.27,1.0,0.0,1.0,2,5534,1004.6,2.1,-0.34,-1.01,-20.56,3055,514,2506,-0.0204,-0.016,0.134,0.034,-14.18,7.02,837,1464,-2566,0,0,4392,0.0086,0.021,0.083,-0.017,-11.52,4.36,825,1963,-4622,0,0,4923,0.0061,-0.005,0.095,-0.005,-3.84,-3.32,842,4464,-2708,0,0,7389,0.0351,0.033,0.081,-0.019,-3.82,-3.34,830,5680,-4275,0,0
180.74,4,13508.9,569.17,0.01,13065.95,110.8,0.69,-0.89,-0.29,1.0,0.0,1.0,2,5559,1003.6,2.11,-0.35,-1.03,-20.24,3080,519,2481,-0.0208,-0.019,0.139,0.039,-14.85,7.68,843,1441,-2542,0,0,4420,0.009,0.022,0.086,-0.014,-11.99,4.83,828,1984,-4655,0,0,4930,0.0062,0.004,0.106,0.006,-3.85,-3.31,838,4503,-2701,0,0,7465,0.036,0.045,0.069,-0.031,-3.8,-3.36,843,5573,-4355,0,0
180.76,4,13509.5,568.62,0.01,13065.68,111.3,0.69,-0.89,-0.3,1.0,0.0,1.0,2,5583,1002.6,2.11,-0.35,-1.04,-19.9,3108,523,2462,-0.0211,-0.014,0.146,0.046,-15.42,8.26,847,1441,-2515,0,0,4444,0.0094,0.019,0.088,-0.012,-12.52,5.36,832,1962,-4697,0,0,4933,0.0062,0.002,0.095,-0.005,-3.96,-3.2,849,4446,-2781,0,0,7525,0.0367,0.035,0.082,-0.018,-3.85,-3.31,837,5786,-4368,0,0
180.78,4,13510.2,568.06,0.01,13065.41,111.7,0.68,-0.9,-0.31,1.0,0.0,1.0,2,5610,1001.5,2.12,-0.35,-1.05,-19.52,3136,527,2455,-0.0212,-0.005,0.148,0.048,-16.04,8.88,851,1410,-2519,0,0,4453,0.0095,0.007,0.091,-0.009,-13.06,5.9,837,1958,-4712,0,0,4939,0.0063,0.004,0.106,0.006,-3.92,-3.24,845,4498,-2747,0,0,7552,0.037,0.016,0.07,-0.03,-3.86,-3.3,849,5658,-4443,0,0
180.8,4,13510.8,567.5,0.01,13065.13,112.2,0.68,-0.9,-0.32,1.0,0.0,1.0,2,5633,1000.6,2.13,-0.35,-1.05,-19.27,3167,531,2451,-0.0213,-0.003,0.152,0.052,-16.73,9.57,855,1389,-2520,0,0,4466,0.0097,0.01,0.096,-0.004,-13.59,6.43,839,1998,-4712,0,0,4932,0.0062,-0.005,0.095,-0.005,-3.95,-3.21,857,4448,-2779,0,0,7567,0.0372,0.009,0.084,-0.016,-3.9,-3.26,844,5868,-4413,0,0
180.82,4,13511.4,566.94,0.01,13064.85,112.6,0.67,-0.9,-0.34,1.0,0.0,1.0,2,5662,999.3,2.13,-0.34,-1.05,-19.01,3193,536,2454,-0.0212,0.002,0.158,0.058,-17.47,10.3,859,1389,-2519,0,0,4471,0.0098,0.004,0.1,0.0,-14.15,6.99,844,1990,-4719,0,0,4914,0.006,-0.01,0.107,0.007,-4.0,-3.16,852,4478,-2764,0,0,7551,0.037,-0.009,0.072,-0.028,-3.91,-3.25,857,5736,-4459,0,0
180.84,4,13512.0,566.38,0.01,13064.56,113.1,0.66,-0.9,-0.35,1.0,0.0,1.0,2,5691,998.1,2.14,-0.34,-1.05,-18.7,3216,540,2461,-0.0211,0.005,0.164,0.064,-18.19,11.03,863,1388,-2522,0,0,4472,0.0098,0.001,0.103,0.003,-14.71,7.55,849,1970,-4725,0,0,4903,0.0058,-0.007,0.097,-0.003,-4.02,-3.14,865,4440,-2787,0,0,7533,0.0368,-0.011,0.084,-0.016,-3.96,-3.2,853,5814,-4457,0,0
180.86,4,13512.7,565.82,0.01,13064.27,113.5,0.67,-0.9,-0.37,1.0,0.0,1.0,2,5711,997.2,2.14,-0.33,-1.05,-18.46,3246,544,2468,-0.021,0.005,0.168,0.068,-18.86,11.7,867,1375,-2533,0,0,4479,0.0099,0.005,0.106,0.006,-15.26,8.1,852,1975,-4726,0,0,4900,0.0058,-0.001,0.108,0.008,-4.0,-3.16,859,4481,-2753,0,0,7530,0.0368,-0.002,0.075,-0.025,-3.95,-3.21,863,5851,-4435,0,0
180.88,4,13513.3,565.26,0.01,13063.98,113.9,0.65,-0.91,-0.38,1.0,0.0,1.0,2,5738,996.0,2.15,-0.33,-1.05,-18.2,3268,548,2481,-0.0208,0.01,0.173,0.073,-19.59,12.43,871,1374,-2544,0,0,4488,0.01,0.007,0.112,0.012,-15.94,8.78,855,1996,-4722,0,0,4885,0.0056,-0.009,0.098,-0.002,-4.07,-3.09,872,4423,-2798,0,0,7510,0.0365,-0.012,0.084,-0.016,-3.99,-3.17,860,5821,-4461,0,0
180.9,4,13513.9,564.7,0.01,13063.68,114.4,0.65,-0.92,-0.4,1.0,0.0,1.0,2,5759,995.0,2.15,-0.32,-1.05,-17.89,3291,552,2492,-0.0207,0.008,0.182,0.082,-20.41,13.25,874,1390,-2543,0,0,4502,0.0103,0.011,0.116,0.016,-16.54,9.38,858,1995,-4732,0,0,4882,0.0056,-0.002,0.108,0.008,-4.04,-3.12,867,4460,-2764,0,0,7512,0.0365,0.001,0.074,-0.026,-3.98,-3.18,872,5744,-4491,0,0
180.92,4,13514.6,564.14,0.01,13063.38,114.8,0.65,-0.92,-0.41,1.0,0.0,1.0,2,5780,994.0,2.16,-0.32,-1.07,-17.61,3314,556,2498,-0.0206,0.005,0.185,0.085,-21.1,13.93,877,1378,-2553,0,0,4523,0.0106,0.016,0.118,0.018,-17.06,9.89,861,1979,-4755,0,0,4881,0.0056,-0.001,0.097,-0.003,-4.04,-3.12,879,4405,-2796,0,0,7528,0.0367,0.01,0.085,-0.015,-4.0,-3.16,866,5836,-4482,0,0
180.94,4,13515.2,563.58,0.01,13063.07,115.2,0.64,-0.92,-0.43,1.0,0.0,1.0,2,5799,993.1,2.16,-0.32,-1.08,-17.28,3339,560,2497,-0.0206,-0.001,0.192,0.092,-21.89,14.73,881,1377,-2546,0,0,4544,0.0109,0.016,0.121,0.021,-17.75,10.59,864,1965,-4776,0,0,4885,0.0056,0.002,0.107,0.007,-4.01,-3.15,872,4440,-2768,0,0,7561,0.0371,0.019,0.073,-0.027,-3.93,-3.23,877,5774,-4486,0,0
180.96,4,13515.8,563.02,0.01,13062.75,115.6,0.64,-0.93,-0.45,1.0,0.0,1.0,2,5816,992.3,2.17,-0.33,-1.09,-16.95,3358,564,2497,-0.0206,0.0,0.198,0.098,-22.71,15.55,884,1371,-2543,0,0,4567,0.0113,0.017,0.126,0.026,-18.32,11.16,866,1991,-4785,0,0,4884,0.0056,-0.001,0.098,-0.002,-4.1,-3.07,884,4410,-2820,0,0,7590,0.0375,0.017,0.084,-0.016,-3.99,-3.17,871,5869,-4514,0,0
180.98,4,13516.5,562.46,0.01,13062.44,116.0,0.64,-0.93,-0.47,1.0,0.0,1.0,2,5829,991.7,2.17,-0.33,-1.09,-16.58,3386,568,2495,-0.0206,-0.001,0.204,0.104,-23.54,16.38,886,1364,-2538,0,0,4581,0.0115,0.011,0.128,0.028,-19.0,11.84,868,1965,-4802,0,0,4909,0.0059,0.015,0.104,0.004,-3.97,-3.19,877,4419,-2795,0,0,7637,0.038,0.028,0.073,-0.027,-3.89,-3.28,881,5856,-4485,0,0
181.0,4,13517.1,561.9,0.01,13062.12,116.4,0.62,-0.93,-0.49,1.0,0.0,1.0,2,5846,990.9,2.18,-0.34,-1.1,-16.19,3408,572,2500,-0.0205,0.003,0.21,0.11,-24.41,17.25,888,1359,-2540,0,0,4589,0.0116,0.006,0.131,0.031,-19.69,12.53,872,1951,-4806,0,0,4920,0.0061,0.006,0.094,-0.006,-3.89,-3.27,888,4415,-2777,0,0,7653,0.0382,0.009,0.084,-0.016,-3.97,-3.19,875,5907,-4543,0,0
181.02,4,13517.8,561.34,0.01,13061.79,116.8,0.62,-0.92,-0.5,1.0,0.0,1.0,2,5862,990.0,2.18,-0.33,-1.1,-15.83,3435,576,2492,-0.0207,-0.006,0.219,0.119,-25.3,18.14,892,1361,-2524,0,0,4605,0.0119,0.012,0.136,0.036,-20.34,13.18,874,1962,-4811,0,0,4924,0.0061,0.002,0.102,0.002,-3.9,-3.27,882,4405,-2786,0,0,7688,0.0386,0.021,0.072,-0.028,-3.81,-3.35,886,5868,-4467,0,0
181.04,4,13518.4,560.77,0.01,13061.46,117.2,0.6,-0.92,-0.52,1.0,0.0,1.0,2,5883,989.0,2.18,-0.33,-1.11,-15.49,3458,580,2498,-0.0206,0.004,0.228,0.128,-26.15,18.99,894,1370,-2521,0,0,4616,0.012,0.008,0.141,0.041,-21.07,13.9,877,1970,-4810,0,0,4921,0.0061,-0.002,0.091,-0.009,-3.85,-3.31,894,4374,-2785,0,0,7691,0.0387,0.002,0.081,-0.019,-3.82,-3.34,881,5879,-4476,0,0
181.06,4,13519.1,560.21,0.01,13061.13,117.6,0.6,-0.92,-0.54,1.0,0.0,1.0,2,5899,988.2,2.19,-0.33,-1.11,-15.19,3485,584,2503,-0.0205,0.004,0.239,0.139,-27.06,19.9,896,1388,-2514,0,0,4628,0.0122,0.01,0.146,0.046,-21.78,14.62,880,1983,-4809,0,0,4920,0.0061,0.0,0.103,0.003,-3.8,-3.36,888,4446,-2723,0,0,7699,0.0388,0.005,0.07,-0.03,-3.75,-3.41,892,5804,-4457,0,0
181.08,4,13519.7,559.65,0.01,13060.79,118.0,0.59,-0.92,-0.56,1.0,0.0,1.0,2,5915,987.3,2.19,-0.33,-1.11,-14.94,3503,588,2509,-0.0204,0.004,0.246,0.146,-27.98,20.82,899,1387,-2516,0,0,4641,0.0124,0.01,0.154,0.054,-22.49,15.33,881,2023,-4799,0,0,4909,0.0059,-0.007,0.094,-0.006,-3.89,-3.27,899,4407,-2770,0,0,7697,0.0387,-0.001,0.081,-0.019,-3.75,-3.41,886,5906,-4414,0,0
181.1,4,13520.4,559.09,0.01,13060.45,118.4,0.59,-0.92,-0.59,1.0,0.0,1.0,2,5926,986.8,2.19,-0.33,-1.1,-14.65,3529,592,2519,-0.0202,0.008,0.257,0.157,-28.92,21.75,900,1402,-2517,0,0,4642,0.0124,0.001,0.157,0.057,-23.26,16.1,884,1999,-4799,0,0,4929,0.0062,0.012,0.099,-0.001,-3.73,-3.44,892,4397,-2728,0,0,7706,0.0388,0.005,0.07,-0.03,-3.65,-3.52,896,5869,-4355,0,0
181.12,4,13521.1,558.53,0.01,13060.1,118.7,0.58,-0.91,-0.61,0.0,1.0,1.0,2,5939,986.1,2.2,-0.32,-1.09,-14.46,3556,595,2538,-0.02,0.015,0.266,0.166,-29.87,22.71,901,1414,-2529,0,0,4643,0.0124,0.0,0.164,0.064,-24.03,16.87,886,2017,-4783,0,0,4941,0.0063,0.007,0.088,-0.012,-3.64,-3.53,903,4386,-2701,0,0,7693,0.0387,-0.008,0.08,-0.02,-3.6,-3.57,889,5923,-4285,0,0
181.14,4,13521.7,557.97,0.01,13059.75,118.7,0.05,-0.93,-0.63,0.0,1.0,1.0,2,5470,558.6,1.46,-0.29,-1.09,-12.8,3567,595,2559,-0.0196,0.016,0.07,-0.03,-30.88,23.72,722,684,-2804,5850,0,4647,0.0125,0.003,-0.125,0.025,-24.76,17.59,668,-1358,-4987,1755,1,4938,0.0063,-0.001,-0.011,-0.089,-3.52,-3.64,797,-686,-3248,3150,0,7668,0.0384,-0.015,-0.036,-0.064,-3.48,-3.68,812,-2478,-4751,3150,0
181.16,4,13522.4,557.42,0.01,13059.4,118.2,-0.69,-0.84,-0.66,0.0,1.0,1.0,2,4748,197.2,0.77,-0.22,-1.07,-10.5,3557,590,2614,-0.0188,0.042,-0.141,0.041,-32.04,24.88,604,-697,-2855,1755,1,4698,0.0133,0.039,-0.121,0.021,-25.66,18.5,661,-1549,-4980,1755,1,4881,0.0056,-0.034,-0.039,-0.061,-3.29,-3.88,796,-2238,-2967,3150,0,7606,0.0376,-0.037,-0.033,-0.067,-3.31,-3.85,792,-3642,-4453,3150,0
181.18,4,13523.0,556.87,0.01,13059.05,117.5,-1.0,-0.77,-0.69,0.0,1.0,1.0,2,4355,-217.7,0.2,-0.1,-1.04,-8.95,3557,583,2758,-0.0166,0.111,-0.176,0.076,-33.31,26.15,567,-923,-2954,1755,1,4815,0.0151,0.09,-0.17,0.07,-26.69,19.53,614,-1873,-4994,1755,1,4769,0.0043,-0.066,-0.122,0.022,-3.18,-3.98,744,-4567,-2247,945,1,7458,0.0359,-0.087,-0.117,0.017,-3.22,-3.95,726,-6943,-3381,3150,0
181.2,4,13523.7,556.32,0.01,13058.7,116.6,-1.19,-0.66,-0.72,0.0,1.0,1.0,2,4161,-205.5,0.2,0.04,-0.98,-8.1,3561,574,2989,-0.013,0.177,-0.206,0.106,-34.74,27.58,517,-1154,-3137,1755,1,4976,0.0176,0.124,-0.207,0.107,-27.81,20.65,563,-2286,-5004,1755,1,4591,0.0022,-0.105,-0.126,0.026,-3.07,-4.09,701,-4777,-1855,945,1,7190,0.0328,-0.158,-0.115,0.015,-3.08,-4.08,685,-7261,-2774,3150,0
181.22,4,13524.3,555.78,0.01,13058.35,115.8,-1.21,-0.62,-0.75,0.0,1.0,1.0,2,4021,-203.2,0.2,0.21,-0.9,-7.4,3574,566,3284,-0.0085,0.227,-0.236,0.136,-36.22,29.06,504,-1333,-3402,1755,1,5156,0.0203,0.139,-0.236,0.136,-28.93,21.77,547,-2508,-5099,1755,1,4363,-0.0005,-0.134,-0.134,0.034,-3.01,-4.15,702,-4575,-1726,945,1,6812,0.0283,-0.222,-0.16,0.06,-3.0,-4.16,714,-7025,-2494,945,1
181.24,4,13525.0,555.25,0.01,13058.0,114.9,-1.21,-0.59,-0.79,0.0,1.0,1.0,2,3992,-198.1,0.2,0.38,-0.82,-7.04,3581,558,3617,-0.0034,0.256,-0.222,0.122,-37.74,30.58,480,-1416,-3738,1755,1,5341,0.0232,0.142,-0.23,0.13,-30.1,22.94,524,-2551,-5274,1755,1,4087,-0.0037,-0.162,-0.127,0.027,-2.92,-4.25,687,-4335,-1561,945,1,6342,0.0228,-0.276,-0.115,0.015,-2.88,-4.28,672,-6522,-2337,3150,0
181.26,4,13525.6,554.72,0.01,13057.66,114.0,-1.19,-0.58,-0.82,0.0,1.0,1.0,2,3884,-196.9,0.2,0.54,-0.75,-7.02,3587,550,3950,0.0018,0.256,-0.233,0.133,-39.35,32.19,479,-1468,-4078,1755,1,5525,0.026,0.142,-0.244,0.144,-31.32,24.16,520,-2590,-5447,1755,1,3796,-0.0072,-0.171,-0.145,0.045,-2.86,-4.3,686,-4099,-1382,945,1,5856,0.0171,-0.286,-0.155,0.055,-2.87,-4.29,701,-6179,-2048,945,1
181.28,4,13526.2,554.2,0.01,13057.31,113.2,-1.17,-0.57,-0.86,0.0,1.0,1.0,2,3861,-192.7,0.2,0.69,-0.68,-7.3,3586,542,4254,0.0065,0.234,-0.208,0.108,-40.92,33.75,459,-1460,-4399,1755,1,5690,0.0285,0.127,-0.235,0.135,-32.55,25.39,501,-2588,-5614,1755,1,3501,-0.0106,-0.174,-0.138,0.038,-2.87,-4.29,667,-3810,-1263,945,1,5379,0.0115,-0.281,-0.127,0.027,-2.82,-4.34,664,-5699,-1884,945,1
181.3,4,13526.8,553.68,0.01,13056.97,112.4,-1.16,-0.55,-0.89,0.0,1.0,1.0,2,3722,-190.2,0.2,0.81,-0.63,-7.91,3572,535,4511,0.0104,0.198,-0.221,0.121,-42.53,35.37,457,-1464,-4662,1755,1,5824,0.0306,0.103,-0.25,0.15,-33.8,26.63,497,-2590,-5745,1755,1,3222,-0.0139,-0.164,-0.168,0.068,-2.85,-4.31,658,-3606,-1059,945,1,4939,0.0063,-0.258,-0.178,0.078,-2.87,-4.29,671,-5409,-1588,945,1
181.32,4,13527.5,553.16,0.01,13056.62,111.5,-1.15,-0.53,-0.93,0.0,1.0,1.0,2,3630,-183.0,0.2,0.9,-0.58,-8.79,3544,527,4718,0.0136,0.159,-0.204,0.104,-44.17,37.0,431,-1454,-4872,1755,1,5924,0.0321,0.077,-0.243,0.143,-35.12,27.96,474,-2576,-5845,1755,1,2984,-0.0167,-0.14,-0.179,0.079,-2.95,-4.21,624,-3407,-920,945,1,4562,0.0018,-0.222,-0.17,0.07,-2.87,-4.29,620,-5108,-1345,945,1
181.34,4,13528.1,552.65,0.01,13056.28,110.7,-1.14,-0.5,-0.97,0.0,1.0,1.0,2,3440,-178.2,0.2,0.95,-0.54,-9.85,3496,519,4870,0.0159,0.117,-0.227,0.127,-45.82,38.66,422,-1484,-5013,1755,1,5987,0.0331,0.048,-0.268,0.168,-36.38,29.22,463,-2639,-5875,1755,1,2810,-0.0188,-0.103,-0.22,0.12,-2.98,-4.18,606,-3275,-764,945,1,4271,-0.0016,-0.171,-0.234,0.134,-2.96,-4.21,619,-4898,-1106,945,1
181.36,4,13528.7,552.15,0.01,13055.94,109.9,-1.13,-0.47,-1.0,0.0,1.0,1.0,2,3317,-167.6,0.2,0.96,-0.51,-11.02,3437,512,4980,0.0176,0.085,-0.219,0.119,-47.53,40.37,391,-1510,-5111,1755,1,6010,0.0335,0.018,-0.271,0.171,-37.67,30.5,434,-2685,-5871,1755,1,2742,-0.0196,-0.04,-0.239,0.139,-3.1,-4.06,568,-3234,-683,945,1,4090,-0.0037,-0.107,-0.23,0.13,-3.13,-4.04,564,-4738,-1005,945,1
181.38,4,13529.3,551.65,0.01,13055.59,109.1,-1.15,-0.44,-1.0,0.0,1.0,0.95,2,3134,-162.0,0.2,0.96,-0.48,-12.11,3369,504,5050,0.0187,0.054,-0.248,0.148,-49.16,41.99,378,-1560,-5162,1755,1,6024,0.0337,0.011,-0.3,0.2,-39.03,31.87,422,-2768,-5841,1755,1,2756,-0.0194,0.008,-0.276,0.176,-3.29,-3.87,555,-3269,-651,945,1,4030,-0.0044,-0.035,-0.289,0.189,-3.3,-3.86,568,-4706,-928,945,1
181.4,4,13529.9,551.15,0.01,13055.25,108.2,-1.21,-0.43,-1.0,0.0,1.0,0.81,2,3088,-155.8,0.2,0.93,-0.46,-13.01,3302,496,5109,0.0196,0.046,-0.257,0.157,-49.31,42.15,354,-1736,-5174,1755,1,6025,0.0337,0.001,-0.307,0.207,-39.11,31.95,401,-2905,-5783,1755,1,2858,-0.0182,0.06,-0.269,0.169,-3.46,-3.7,539,-3381,-699,945,1,4056,-0.0041,0.015,-0.265,0.165,-3.46,-3.7,535,-4729,-964,945,1
181.42,4,13530.5,550.66,0.01,13054.91,107.3,-1.25,-0.42,-1.0,0.0,1.0,0.68,2,3030,-152.9,0.2,0.89,-0.45,-13.61,3234,487,5139,0.0201,0.023,-0.281,0.181,-49.42,42.25,339,-1910,-5153,1755,1,6019,0.0336,-0.005,-0.32,0.22,-39.24,32.08,389,-3016,-5726,1755,1,2999,-0.0165,0.083,-0.263,0.163,-3.65,-3.51,535,-3532,-774,945,1,4150,-0.003,0.055,-0.27,0.17,-3.59,-3.57,538,-4822,-1029,945,1
181.44,4,13531.1,550.18,0.01,13054.58,106.4,-1.27,-0.42,-1.0,0.0,1.0,0.55,2,3010,-152.0,0.2,0.86,-0.44,-13.87,3162,479,5135,0.02,-0.003,-0.292,0.192,-49.52,42.35,329,-1988,-5123,1755,1,5998,0.0333,-0.016,-0.329,0.229,-39.34,32.17,382,-3080,-5674,1755,1,3163,-0.0146,0.096,-0.254,0.154,-3.81,-3.36,545,-3691,-896,945,1,4291,-0.0013,0.083,-0.26,0.16,-3.77,-3.4,541,-4954,-1142,945,1
181.46,4,13531.7,549.7,0.01,13054.24,105.4,-1.31,-0.43,-1.0,0.0,1.0,0.41,2,2905,-148.8,0.2,0.82,-0.45,-13.98,3094,470,5148,0.0202,0.01,-0.358,0.258,-49.65,42.49,311,-2196,-5065,1755,1,5998,0.0333,0.0,-0.363,0.263,-39.45,32.29,369,-3201,-5615,1755,1,3336,-0.0126,0.102,-0.259,0.159,-3.98,-3.18,542,-3872,-990,945,1,4448,0.0005,0.092,-0.267,0.167,-3.94,-3.22,547,-5105,-1250,945,1
181.48,4,13532.2,549.22,0.0,13053.91,104.5,-1.35,-0.42,-1.0,0.0,1.0,0.28,2,2842,-144.7,0.2,0.8,-0.46,-13.8,3033,462,5164,0.0205,0.013,-0.403,0.303,-49.8,42.64,273,-2490,-4967,1755,1,6019,0.0336,0.016,-0.385,0.285,-39.58,32.42,343,-3384,-5545,1755,1,3498,-0.0107,0.095,-0.248,0.148,-4.11,-3.05,541,-4033,-1092,945,1,4616,0.0025,0.099,-0.255,0.155,-4.05,-3.11,544,-5262,-1369,945,1
181.5,4,13532.8,548.75,0.0,13053.58,103.5,-1.37,-0.41,-1.0,0.0,1.0,0.15,2,2732,-138.8,0.2,0.78,-0.47,-13.09,2974,453,5173,0.0206,0.007,-0.531,0.431,-49.97,42.81,212,-3000,-4735,1755,1,6060,0.0342,0.032,-0.446,0.346,-39.74,32.58,307,-3744,-5391,1755,1,3621,-0.0092,0.072,-0.214,0.114,-4.2,-2.96,563,-4093,-1300,945,1,4781,0.0044,0.097,-0.224,0.124,-4.16,-3.0,564,-5361,-1605,945,1
181.52,4,13533.4,548.28,0.0,13053.25,102.5,-1.39,-0.4,-1.0,0.0,1.0,0.01,2,2705,-137.3,0.2,0.77,-0.48,-11.5,2923,444,5198,0.021,0.019,-0.601,0.501,-50.13,42.97,180,-3402,-4531,1755,1,6101,0.0349,0.032,-0.496,0.396,-39.92,32.76,276,-4062,-5239,1755,1,3729,-0.008,0.064,-0.139,0.039,-4.24,-2.92,615,-3905,-1810,945,1,4910,0.0059,0.076,-0.139,0.039,-4.19,-2.97,623,-5094,-2295,945,1
181.54,4,13534.0,547.82,0.0,13052.92,101.5,-1.34,-0.43,-1.0,0.0,1.0,0.08,1,2648,-134.0,0.2,0.77,-0.47,-9.08,2877,436,5218,0.0213,0.015,-0.644,0.544,-50.28,43.12,158,-3592,-4431,1755,1,6136,0.0354,0.026,-0.531,0.431,-40.09,32.93,254,-4278,-5132,1755,1,3795,-0.0072,0.039,-0.127,0.027,-4.15,-3.02,616,-3775,-2029,945,1,4995,0.0069,0.05,-0.131,0.031,-4.14,-3.02,618,-4930,-2589,945,1
181.56,4,13534.5,547.37,0.0,13052.6,100.6,-1.33,-0.39,-1.0,0.0,1.0,0.18,1,2693,-136.0,0.2,0.78,-0.46,-6.62,2833,428,5247,0.0217,0.022,-0.702,0.602,-50.35,43.18,130,-3781,-4334,1755,1,6149,0.0356,0.01,-0.552,0.452,-40.18,33.01,240,-4409,-5053,1755,1,3836,-0.0067,0.024,-0.138,0.038,-4.02,-3.15,598,-3892,-1955,945,1,5015,0.0072,0.012,-0.146,0.046,-3.99,-3.18,600,-5083,-2434,945,1
181.58,4,13535.1,546.92,0.0,13052.28,99.6,-1.35,-0.31,-1.0,0.0,1.0,0.28,1,2837,-143.2,0.2,0.78,-0.44,-4.52,2781,420,5271,0.0221,0.018,-0.771,0.671,-50.43,43.26,99,-4008,-4189,1755,1,6156,0.0357,0.005,-0.581,0.481,-40.26,33.1,222,-4531,-4968,1755,1,3838,-0.0067,0.001,-0.203,0.103,-3.82,-3.34,538,-4265,-1454,945,1,4996,0.0069,-0.012,-0.216,0.116,-3.83,-3.33,546,-5495,-1814,945,1
181.6,4,13535.6,546.47,0.0,13051.96,98.6,-1.38,-0.21,-1.0,0.0,1.0,0.37,1,2995,-151.3,0.2,0.79,-0.4,-3.0,2730,412,5293,0.0224,0.017,-0.788,0.688,-50.52,43.36,90,-4194,-4064,1755,1,6137,0.0354,-0.014,-0.598,0.498,-40.31,33.15,209,-4684,-4822,1755,1,3858,-0.0064,0.011,-0.32,0.22,-3.76,-3.4,464,-4521,-923,945,1,4962,0.0066,-0.02,-0.318,0.218,-3.75,-3.41,458,-5730,-1170,945,1
181.62,4,13536.2,546.03,0.0,13051.64,97.6,-1.39,-0.17,-1.0,0.0,1.0,0.4,1,3004,-151.6,0.2,0.8,-0.36,-2.11,2681,403,5342,0.0232,0.038,-0.64,0.54,-50.54,43.37,152,-3862,-4391,1755,1,6116,0.0351,-0.016,-0.535,0.435,-40.36,33.2,239,-4420,-5002,1755,1,3876,-0.0062,0.011,-0.381,0.281,-3.7,-3.46,417,-4592,-736,945,1,4889,0.0057,-0.043,-0.376,0.276,-3.7,-3.46,412,-5712,-930,945,1
181.64,4,13536.7,545.6,0.0,13051.33,96.7,-1.38,-0.21,-1.0,0.0,1.0,0.46,1,3044,-153.5,0.2,0.82,-0.31,-1.81,2634,395,5397,0.024,0.042,-0.559,0.459,-50.54,43.37,184,-3527,-4686,1755,1,6091,0.0347,-0.019,-0.505,0.405,-40.37,33.21,251,-4218,-5117,1755,1,3887,-0.0061,0.006,-0.399,0.299,-3.67,-3.49,400,-4616,-687,945,1,4795,0.0046,-0.055,-0.391,0.291,-3.66,-3.5,395,-5625,-837,945,1
181.66,4,13537.2,545.17,0.0,13051.02,95.7,-1.36,-0.23,-1.0,0.0,1.0,0.49,1,3032,-152.8,0.2,0.84,-0.29,-1.91,2586,388,5451,0.0249,0.041,-0.519,0.419,-50.51,43.35,199,-3338,-4862,1755,1,6055,0.0341,-0.028,-0.493,0.393,-40.36,33.2,253,-4112,-5146,1755,1,3887,-0.0061,0.0,-0.401,0.301,-3.64,-3.52,379,-4621,-658,945,1,4677,0.0032,-0.069,-0.407,0.307,-3.63,-3.53,393,-5501,-790,945,1
181.68,4,13537.8,544.74,0.0,13050.71,94.7,-1.34,-0.24,-1.0,0.0,1.0,0.53,1,3020,-153.7,0.2,0.86,-0.25,-2.08,2544,380,5484,0.0254,0.026,-0.509,0.409,-50.46,43.3,201,-3223,-4965,1755,1,6032,0.0338,-0.017,-0.496,0.396,-40.3,33.14,252,-4056,-5157,1755,1,3865,-0.0064,-0.013,-0.435,0.335,-3.64,-3.52,372,-4599,-640,945,1,4581,0.0021,-0.056,-0.415,0.315,-3.69,-3.47,376,-5396,-777,945,1
181.7,4,13538.3,544.32,0.0,13050.4,93.8,-1.32,-0.25,-1.0,0.0,1.0,0.51,1,2940,-150.9,0.2,0.87,-0.24,-2.37,2494,373,5511,0.0258,0.021,-0.513,0.413,-50.42,43.26,212,-3193,-5012,1755,1,6001,0.0333,-0.024,-0.502,0.402,-40.26,33.09,257,-4039,-5131,1755,1,3817,-0.0069,-0.028,-0.444,0.344,-3.62,-3.54,382,-4549,-611,945,1,4457,0.0006,-0.073,-0.439,0.339,-3.57,-3.59,377,-5266,-711,945,1
181.72,4,13538.8,543.9,0.0,13050.1,92.9,-1.3,-0.24,-1.0,0.0,1.0,0.46,1,2902,-146.1,0.2,0.88,-0.23,-2.68,2446,365,5519,0.0259,0.006,-0.495,0.395,-50.39,43.23,203,-3202,-5016,1755,1,5971,0.0329,-0.023,-0.49,0.39,-40.19,33.03,247,-4025,-5105,1755,1,3780,-0.0074,-0.022,-0.424,0.324,-3.62,-3.54,354,-4508,-600,945,1,4370,-0.0004,-0.051,-0.433,0.333,-3.62,-3.54,365,-5171,-689,945,1
181.74,4,13539.3,543.49,0.0,13049.8,91.9,-1.3,-0.24,-1.0,0.0,1.0,0.36,1,2832,-143.6,0.2,0.89,-0.23,-2.94,2401,358,5517,0.0259,-0.002,-0.52,0.42,-50.36,43.2,192,-3256,-4985,1755,1,5952,0.0326,-0.014,-0.504,0.404,-40.18,33.01,240,-4045,-5069,1755,1,3736,-0.0079,-0.026,-0.458,0.358,-3.63,-3.53,346,-4461,-578,945,1,4305,-0.0012,-0.039,-0.444,0.344,-3.65,-3.52,348,-5100,-672,945,1
181.76,4,13539.8,543.08,0.01,13049.5,91.0,-1.29,-0.22,-1.0,0.0,1.0,0.26,1,2756,-139.9,0.2,0.89,-0.23,-3.15,2350,351,5503,0.0257,-0.011,-0.539,0.439,-50.36,43.2,181,-3338,-4923,1755,1,5940,0.0324,-0.01,-0.511,0.411,-40.17,33.0,235,-4076,-5032,1755,1,3676,-0.0086,-0.035,-0.455,0.355,-3.63,-3.53,344,-4393,-566,945,1,4248,-0.0019,-0.034,-0.455,0.355,-3.62,-3.54,339,-5039,-646,945,1
181.78,4,13540.3,542.68,0.01,13049.2,90.1,-1.29,-0.22,-1.0,0.0,1.0,0.16,1,2693,-136.1,0.2,0.89,-0.22,-3.33,2301,344,5494,0.0255,-0.006,-0.555,0.455,-50.35,43.19,174,-3426,-4863,1755,1,5927,0.0322,-0.01,-0.515,0.415,-40.16,33.0,231,-4106,-4996,1755,1,3646,-0.0089,-0.017,-0.448,0.348,-3.64,-3.52,346,-4359,-563,945,1,4212,-0.0023,-0.021,-0.447,0.347,-3.67,-3.49,344,-4998,-651,945,1
181.8,4,13540.8,542.28,0.01,13048.91,89.2,-1.3,-0.2,-1.0,0.0,1.0,0.06,1,2633,-133.3,0.2,0.89,-0.21,-3.4,2253,337,5493,0.0255,-0.001,-0.645,0.545,-50.36,43.19,138,-3685,-4701,1755,1,5911,0.0319,-0.012,-0.559,0.459,-40.16,33.0,209,-4253,-4872,1755,1,3635,-0.0091,-0.007,-0.422,0.322,-3.66,-3.51,361,-4341,-593,945,1,4182,-0.0026,-0.018,-0.422,0.322,-3.66,-3.5,362,-4958,-677,945,1
181.82,4,13541.3,541.88,0.01,13048.62,88.2,-1.3,-0.18,-1.0,0.0,1.0,0.0,1,2559,-129.6,0.2,0.88,-0.21,-3.06,2200,330,5484,0.0254,-0.007,-0.711,0.611,-50.37,43.21,111,-3955,-4503,1755,1,5891,0.0316,-0.015,-0.593,0.493,-40.2,33.03,191,-4409,-4727,1755,1,3630,-0.0091,-0.003,-0.327,0.227,-3.7,-3.46,416,-4301,-746,945,1,4162,-0.0029,-0.012,-0.309,0.209,-3.69,-3.47,429,-4890,-876,945,1
181.84,4,13541.8,541.49,0.01,13048.33,87.3,-1.33,-0.14,-1.0,0.0,1.0,0.0,1,2473,-125.2,0.2,0.87,-0.22,-2.61,2154,323,5475,0.0252,-0.007,-0.772,0.672,-50.39,43.23,87,-4163,-4332,1755,1,5882,0.0315,-0.007,-0.612,0.512,-40.24,33.07,180,-4497,-4644,1755,1,3647,-0.0089,0.01,-0.951,0.851,-3.65,-3.51,2,-4379,-309,6000,0,4179,-0.0027,0.01,-0.897,0.797,-3.67,-3.49,36,-4984,-376,6000,0
181.86,4,13542.3,541.1,0.01,13048.05,86.4,-1.32,-0.08,-1.0,0.0,1.0,0.0,1,2389,-121.2,0.2,0.86,-0.21,-2.26,2107,316,5439,0.0247,-0.028,-0.83,0.73,-50.49,43.33,64,-4316,-4156,1755,1,5855,0.0311,-0.021,-0.632,0.532,-40.31,33.15,169,-4558,-4558,1755,1,3659,-0.0088,0.007,-1.0,0.9,-3.68,-3.48,21,-4386,-254,6000,0,4202,-0.0024,0.014,-1.035,0.935,-3.67,-3.49,29,-5000,-286,6000,0
181.88,4,13542.7,540.72,0.01,13047.77,85.4,-1.31,-0.06,-1.0,0.0,1.0,0.0,1,2307,-117.3,0.2,0.85,-0.2,-1.92,2059,309,5416,0.0243,-0.018,-0.871,0.771,-50.55,43.39,48,-4418,-4033,1755,1,5816,0.0305,-0.03,-0.651,0.551,-40.37,33.21,158,-4603,-4466,1755,1,3676,-0.0086,0.01,-0.967,0.867,-3.71,-3.46,-8,-4405,-260,6000,0,4199,-0.0024,-0.002,-0.97,0.87,-3.7,-3.46,-8,-4998,-296,6000,0
181.9,4,13543.2,540.34,0.01,13047.49,84.5,-1.32,-0.05,-1.0,0.0,1.0,0.0,1,2229,-113.5,0.2,0.85,-0.17,-1.5,2017,302,5408,0.0242,-0.006,-0.897,0.797,-50.62,43.45,38,-4483,-3960,1755,1,5785,0.03,-0.024,-0.668,0.568,-40.45,33.29,149,-4641,-4390,1755,1,3698,-0.0083,0.013,-1.014,0.914,-3.74,-3.43,41,-4430,-261,6000,0,4191,-0.0025,-0.005,-0.991,0.891,-3.74,-3.42,-21,-4987,-294,6000,0
181.92,4,13543.7,539.97,0.01,13047.22,83.6,-1.3,-0.04,-1.0,0.0,1.0,0.0,1,2153,-109.9,0.2,0.84,-0.14,-1.11,1975,296,5405,0.0242,-0.002,-0.917,0.817,-50.69,43.53,30,-4528,-3912,1755,1,5740,0.0293,-0.035,-0.687,0.587,-40.53,33.37,139,-4670,-4302,1755,1,3712,-0.0082,0.008,-0.931,0.831,-3.76,-3.41,12,-4446,-267,6000,0,4149,-0.003,-0.024,-1.027,0.927,-3.75,-3.41,35,-4941,-291,6000,0
181.94,4,13544.1,539.6,0.01,13046.94,82.7,-1.29,-0.03,-1.0,0.0,1.0,0.0,1,2079,-106.4,0.2,0.84,-0.11,-0.68,1931,289,5399,0.0241,-0.005,-0.934,0.834,-50.75,43.58,24,-4563,-3869,1755,1,5675,0.0283,-0.049,-0.706,0.606,-40.59,33.43,129,-4683,-4201,1755,1,3725,-0.008,0.008,-0.979,0.879,-3.78,-3.38,-16,-4461,-269,6000,0,4087,-0.0037,-0.037,-0.936,0.836,-3.77,-3.39,10,-4871,-294,6000,0
181.96,4,13544.6,539.23,0.01,13046.68,81.8,-1.29,-0.02,-1.0,0.0,1.0,0.0,1,2008,-103.0,0.2,0.85,-0.06,-0.3,1889,283,5414,0.0243,0.011,-0.94,0.84,-50.82,43.66,21,-4590,-3864,1755,1,5617,0.0274,-0.045,-0.724,0.624,-40.65,33.49,119,-4693,-4107,1755,1,3744,-0.0078,0.011,-1.025,0.925,-3.78,-3.39,35,-4482,-268,6000,0,4010,-0.0047,-0.045,-0.982,0.882,-3.8,-3.36,-17,-4783,-290,6000,0
181.98,4,13545.0,538.87,0.01,13046.41,80.9,-1.28,-0.02,-1.0,0.0,1.0,0.0,1,1939,-99.7,0.2,0.84,-0.04,0.06,1849,277,5437,0.0246,0.018,-0.941,0.841,-50.88,43.72,21,-4609,-3877,1755,1,5561,0.0265,-0.043,-0.743,0.643,-40.7,33.54,110,-4703,-4017,1755,1,3758,-0.0076,0.008,-0.937,0.837,-3.78,-3.38,8,-4498,-273,6000,0,3920,-0.0057,-0.053,-1.037,0.937,-3.79,-3.37,29,-4681,-279,6000,0
182.0,4,13545.5,538.51,0.01,13046.15,80.0,-1.26,-0.01,-1.0,0.0,1.0,0.0,1,1872,-96.5,0.2,0.85,0.0,0.48,1806,271,5430,0.0245,-0.005,-0.952,0.852,-50.95,43.79,17,-4624,-3852,1755,1,5505,0.0257,-0.043,-0.76,0.66,-40.75,33.59,101,-4709,-3930,1755,1,3757,-0.0076,0.0,-0.987,0.887,-3.78,-3.38,-20,-4497,-271,6000,0,3856,-0.0065,-0.038,-1.009,0.909,-3.78,-3.38,45,-4608,-275,6000,0
182.02,4,13545.9,538.16,0.01,13045.89,79.1,-1.27,0.0,-1.0,0.0,1.0,0.0,1,1807,-93.4,0.2,0.85,0.03,0.86,1766,265,5450,0.0249,0.015,-0.951,0.851,-50.94,43.78,17,-4641,-3865,1755,1,5456,0.0249,-0.038,-0.778,0.678,-40.8,33.64,93,-4716,-3850,1755,1,3767,-0.0075,0.006,-1.035,0.935,-3.77,-3.39,30,-4508,-268,6000,0,3775,-0.0074,-0.047,-0.935,0.835,-3.77,-3.39,8,-4518,-274,6000,0
182.04,4,13546.3,537.81,0.01,13045.63,78.2,-1.26,0.0,-1.0,0.0,1.0,0.0,1,1745,-90.4,0.2,0.86,0.04,1.25,1725,259,5471,0.0252,0.016,-0.948,0.848,-50.97,43.81,18,-4650,-3885,1755,1,5419,0.0244,-0.028,-0.792,0.692,-40.84,33.67,86,-4721,-3790,1755,1,3770,-0.0075,0.002,-0.945,0.845,-3.75,-3.41,2,-4512,-271,6000,0,3702,-0.0083,-0.043,-1.006,0.906,-3.75,-3.41,46,-4434,-263,6000,0
182.06,4,13546.8,537.46,0.01,13045.38,77.3,-1.27,0.0,-1.0,0.0,1.0,0.0,1,1684,-87.5,0.2,0.86,0.04,1.65,1687,253,5493,0.0255,0.017,-0.944,0.844,-50.97,43.81,19,-4658,-3909,1755,1,5409,0.0242,-0.008,-0.793,0.693,-40.85,33.69,84,-4717,-3778,1755,1,3762,-0.0076,-0.005,-1.0,0.9,-3.7,-3.46,22,-4502,-265,6000,0,3652,-0.0089,-0.03,-0.94,0.84,-3.72,-3.45,5,-4377,-262,6000,0
182.08,4,13547.2,537.11,0.01,13045.13,76.4,-1.25,0.0,-1.0,0.0,1.0,0.0,1,1625,-84.7,0.2,0.86,0.04,2.16,1647,247,5479,0.0253,-0.011,-0.955,0.855,-51.01,43.85,15,-4668,-3879,1755,1,5394,0.024,-0.011,-0.796,0.696,-40.88,33.72,82,-4711,-3763,1755,1,3743,-0.0078,-0.011,-1.022,0.922,-3.67,-3.5,38,-4481,-263,6000,0,3632,-0.0091,-0.012,-1.01,0.91,-3.67,-3.49,44,-4354,-253,6000,0
182.1,4,13547.6,536.77,0.01,13044.89,75.5,-1.26,0.0,-1.0,0.0,1.0,0.0,1,1568,-82.0,0.2,0.85,0.04,2.71,1609,241,5462,0.025,-0.013,-0.968,0.868,-51.04,43.88,11,-4680,-3842,1755,1,5378,0.0237,-0.013,-0.801,0.701,-40.93,33.77,79,-4706,-3742,1755,1,3735,-0.0079,-0.005,-0.935,0.835,-3.64,-3.53,7,-4472,-263,6000,0,3624,-0.0092,-0.005,-0.986,0.886,-3.62,-3.55,-20,-4346,-254,6000,0
182.12,4,13548.0,536.44,0.01,13044.64,74.6,-1.25,0.01,-1.0,0.0,1.0,0.0,1,1513,-79.4,0.2,0.84,0.02,3.32,1570,236,5435,0.0246,-0.02,-0.985,0.885,-51.02,43.86,5,-4694,-3787,1755,1,5358,0.0234,-0.015,-0.808,0.708,-40.91,33.75,75,-4708,-3711,1755,1,3724,-0.008,-0.007,-0.996,0.896,-3.52,-3.64,-26,-4460,-254,6000,0,3623,-0.0092,-0.001,-1.013,0.913,-3.58,-3.58,42,-4344,-249,6000,0
182.14,4,13548.4,536.11,0.01,13044.4,73.8,-1.25,0.0,-1.0,0.0,1.0,0.0,1,1460,-76.3,0.2,0.83,0.02,4.04,1530,230,5389,0.0239,-0.036,-0.95,0.85,-51.06,43.9,16,-4594,-3822,1755,1,5348,0.0233,-0.008,-0.81,0.71,-40.94,33.78,74,-4704,-3699,1755,1,3707,-0.0082,-0.01,-0.913,0.813,-3.44,-3.73,17,-4441,-248,6000,0,3653,-0.0089,0.018,-0.919,0.819,-3.45,-3.71,14,-4380,-249,6000,0
182.16,4,13548.8,535.78,0.01,13044.17,72.9,-1.25,0.01,-1.0,0.0,1.0,0.0,1,1410,-73.0,0.2,0.83,0.01,4.64,1491,225,5360,0.0235,-0.022,-0.979,0.879,-51.05,43.89,7,-4612,-3762,1755,1,5328,0.023,-0.015,-0.817,0.717,-40.95,33.79,70,-4702,-3671,1755,1,3711,-0.0082,0.002,-1.024,0.924,-3.32,-3.84,37,-4446,-240,6000,0,3669,-0.0087,0.009,-0.977,0.877,-3.34,-3.82,-16,-4399,-242,6000,0
182.18,4,13549.2,535.45,0.01,13043.93,72.0,-1.27,0.01,-1.0,0.0,1.0,0.0,1,1361,-69.9,0.2,0.84,0.0,5.35,1454,219,5351,0.0233,-0.007,-0.992,0.892,-51.07,43.91,2,-4636,-3723,1755,1,5341,0.0232,0.01,-0.81,0.71,-40.92,33.76,72,-4700,-3693,1755,1,3701,-0.0083,-0.006,-0.937,0.837,-3.23,-3.94,4,-4436,-235,6000,0,3688,-0.0084,0.011,-1.034,0.934,-3.24,-3.92,32,-4420,-232,6000,0
182.2,4,13549.6,535.13,0.01,13043.7,71.1,-1.28,0.02,-1.0,0.0,1.0,0.0,1,1314,-66.9,0.2,0.84,0.0,6.03,1418,214,5364,0.0235,0.01,-0.993,0.893,-51.02,43.86,2,-4653,-3723,1755,1,5366,0.0235,0.019,-0.799,0.699,-40.9,33.73,75,-4693,-3737,1755,1,3694,-0.0084,-0.004,-1.0,0.9,-3.08,-4.09,21,-4428,-223,6000,0,3697,-0.0083,0.005,-0.994,0.894,-3.11,-4.05,-25,-4431,-226,6000,0
182.22,4,13550.0,534.82,0.01,13043.48,70.2,-1.28,0.01,-1.0,0.0,1.0,0.0,1,1270,-64.1,0.2,0.85,-0.01,6.69,1387,208,5377,0.0237,0.01,-0.992,0.892,-50.99,43.83,2,-4664,-3732,1755,1,5386,0.0239,0.016,-0.79,0.69,-40.87,33.71,77,-4687,-3775,1755,1,3693,-0.0084,-0.001,-0.964,0.864,-2.94,-4.22,-10,-4428,-217,6000,0,3705,-0.0082,0.005,-1.054,0.954,-2.99,-4.18,23,-4440,-215,6000,0
182.24,4,13550.4,534.5,0.01,13043.25,69.3,-1.26,0.02,-1.0,0.0,1.0,0.0,1,1227,-61.3,0.2,0.86,0.0,7.27,1351,203,5382,0.0238,0.004,-0.993,0.893,-50.98,43.82,2,-4671,-3733,1755,1,5393,0.024,0.006,-0.786,0.686,-40.84,33.67,78,-4682,-3791,1755,1,3672,-0.0086,-0.013,-0.938,0.838,-2.8,-4.36,2,-4404,-205,6000,0,3686,-0.0085,-0.011,-1.026,0.926,-2.84,-4.32,37,-4419,-208,6000,0
182.26,4,13550.8,534.19,0.01,13043.03,68.4,-1.27,0.02,-1.0,0.0,1.0,0.0,1,1186,-58.7,0.2,0.85,0.0,7.76,1317,198,5402,0.0241,0.015,-0.987,0.887,-50.87,43.71,4,-4680,-3753,1755,1,5394,0.024,0.001,-0.785,0.685,-40.76,33.6,77,-4681,-3793,1755,1,3676,-0.0086,0.003,-1.002,0.902,-2.65,-4.52,48,-4409,-194,6000,0,3666,-0.0087,-0.012,-0.941,0.841,-2.67,-4.49,0,-4398,-197,6000,0
182.28,4,13551.2,533.89,0.01,13042.81,67.5,-1.27,0.02,-1.0,0.0,1.0,0.0,1,1147,-56.2,0.2,0.85,0.01,8.32,1283,193,5399,0.0241,-0.002,-0.991,0.891,-50.79,43.63,3,-4686,-3743,1755,1,5392,0.024,-0.002,-0.785,0.685,-40.69,33.53,76,-4683,-3788,1755,1,3674,-0.0086,-0.001,-0.968,0.868,-2.48,-4.68,-13,-4408,-186,6000,0,3665,-0.0087,-0.001,-0.906,0.806,-2.5,-4.66,16,-4397,-186,6000,0
182.3,4,13551.5,533.59,0.01,13042.6,66.6,-1.26,0.02,-1.0,0.0,1.0,0.0,1,1109,-53.8,0.2,0.85,0.0,8.81,1249,188,5388,0.0239,-0.008,-0.933,0.833,-50.68,43.51,20,-4576,-3840,1755,1,5377,0.0237,-0.011,-0.791,0.691,-40.61,33.45,73,-4689,-3761,1755,1,3681,-0.0085,0.004,-1.033,0.933,-2.31,-4.86,34,-4416,-173,6000,0,3666,-0.0087,0.001,-0.974,0.874,-2.32,-4.85,-15,-4400,-176,6000,0
182.32,4,13551.9,533.29,0.01,13042.39,65.7,-1.26,0.02,-1.0,0.0,1.0,0.0,1,1074,-51.5,0.2,0.84,-0.01,9.37,1218,183,5373,0.0237,-0.012,-0.958,0.858,-50.62,43.46,12,-4590,-3804,1755,1,5376,0.0237,-0.001,-0.792,0.692,-40.51,33.35,72,-4695,-3753,1755,1,3676,-0.0086,-0.003,-0.938,0.838,-2.06,-5.1,1,-4411,-158,6000,0,3680,-0.0085,0.008,-1.038,0.938,-2.12,-5.05,32,-4416,-160,6000,0
182.34,4,13552.3,532.99,0.01,13042.18,64.8,-1.24,0.02,-1.0,0.0,1.0,0.0,1,1039,-49.3,0.2,0.85,0.0,9.96,1185,178,5347,0.0233,-0.02,-0.986,0.886,-50.52,43.36,4,-4630,-3724,1755,1,5366,0.0236,-0.007,-0.795,0.695,-40.43,33.27,70,-4699,-3735,1755,1,3652,-0.0089,-0.014,-1.019,0.919,-1.89,-5.27,40,-4385,-144,6000,0,3678,-0.0086,-0.001,-0.939,0.839,-1.93,-5.23,0,-4414,-148,6000,0
182.36,4,13552.6,532.7,0.01,13041.98,64.0,-1.24,0.03,-1.0,0.0,1.0,0.0,1,1006,-47.2,0.2,0.85,0.0,10.45,1154,173,5346,0.0233,0.0,-0.993,0.893,-50.4,43.24,2,-4657,-3696,1755,1,5353,0.0234,-0.01,-0.799,0.699,-40.31,33.15,68,-4705,-3709,1755,1,3644,-0.009,-0.005,-0.926,0.826,-1.67,-5.5,5,-4376,-131,6000,0,3653,-0.0089,-0.015,-0.925,0.825,-1.7,-5.46,6,-4386,-134,6000,0
182.38,4,13553.0,532.42,0.01,13041.77,63.1,-1.24,0.03,-1.0,0.0,1.0,0.0,1,975,-45.2,0.2,0.85,-0.01,10.97,1124,169,5336,0.0231,-0.008,-0.933,0.833,-50.26,43.09,19,-4551,-3791,1755,1,5344,0.0232,-0.007,-0.801,0.701,-40.2,33.04,66,-4709,-3692,1755,1,3625,-0.0092,-0.011,-1.01,0.91,-1.44,-5.72,45,-4354,-113,6000,0,3636,-0.0091,-0.01,-1.007,0.907,-1.47,-5.7,46,-4367,-116,6000,0
182.4,4,13553.3,532.14,0.01,13041.57,62.2,-1.23,0.03,-1.0,0.0,1.0,0.0,1,945,-43.3,0.2,0.86,-0.01,11.51,1092,164,5326,0.0229,-0.008,-0.958,0.858,-50.17,43.01,12,-4568,-3759,1755,1,5344,0.0232,0.0,-0.798,0.698,-40.07,32.91,67,-4709,-3693,1755,1,3589,-0.0096,-0.021,-0.932,0.832,-1.2,-5.96,2,-4314,-98,6000,0,3614,-0.0093,-0.013,-0.983,0.883,-1.24,-5.92,-20,-4343,-101,6000,0
182.42,4,13553.7,531.86,0.01,13041.38,61.4,-1.24,0.04,-1.0,0.0,1.0,0.0,1,916,-41.4,0.2,0.86,0.0,12.0,1060,159,5331,0.023,0.004,-0.97,0.87,-50.04,42.88,8,-4604,-3730,1755,1,5347,0.0233,0.002,-0.793,0.693,-39.93,32.77,67,-4706,-3700,1755,1,3571,-0.0098,-0.011,-1.023,0.923,-0.99,-6.17,39,-4294,-83,6000,0,3592,-0.0096,-0.013,-0.895,0.795,-0.99,-6.17,17,-4318,-85,6000,0
182.44,4,13554.0,531.58,0.01,13041.19,60.5,-1.25,0.04,-1.0,0.0,1.0,0.0,1,888,-39.7,0.2,0.87,0.03,12.44,1032,155,5348,0.0233,0.013,-0.971,0.871,-49.93,42.77,8,-4632,-3727,1755,1,5352,0.0233,0.004,-0.788,0.688,-39.83,32.67,68,-4703,-3712,1755,1,3577,-0.0098,0.003,-0.925,0.825,-0.74,-6.43,4,-4301,-67,6000,0,3582,-0.0097,-0.006,-1.051,0.951,-0.74,-6.43,28,-4306,-66,6000,0
182.46,4,13554.3,531.31,0.01,13041.0,59.6,-1.24,0.04,-1.0,0.0,1.0,0.0,1,862,-38.0,0.2,0.88,0.04,12.71,1001,150,5380,0.0238,0.025,-0.962,0.862,-49.76,42.6,10,-4652,-3755,1755,1,5332,0.023,-0.015,-0.797,0.697,-39.68,32.52,64,-4710,-3674,1755,1,3592,-0.0096,0.009,-0.95,0.85,-0.48,-6.68,-7,-4319,-50,6000,0,3529,-0.0103,-0.031,-0.976,0.876,-0.5,-6.66,-18,-4247,-51,6000,0
182.48,4,13554.7,531.04,0.01,13040.81,58.7,-1.25,0.05,-1.0,0.0,1.0,0.0,1,841,-15.8,0.23,0.89,0.06,13.01,972,146,5419,0.0244,0.03,-0.948,0.848,-49.57,42.41,14,-4664,-3800,1755,1,5339,0.0231,0.006,-0.79,0.69,-39.49,32.32,66,-4713,-3683,1755,1,3599,-0.0095,0.004,-1.031,0.931,-0.27,-6.89,36,-4326,-35,6000,0,3496,-0.0107,-0.02,-0.969,0.869,-0.24,-6.92,-16,-4209,-34,6000,0
182.5,4,13555.0,530.78,0.01,13040.63,57.8,-1.26,0.05,-1.0,0.0,1.0,0.0,1,836,-2.6,0.26,0.89,0.07,13.27,946,142,5454,0.0249,0.028,-0.934,0.834,-49.39,42.23,17,-4670,-3847,1755,1,5345,0.0232,0.004,-0.784,0.684,-39.29,32.13,67,-4712,-3694,1755,1,3613,-0.0093,0.008,-0.922,0.822,0.03,-7.14,4,-4343,-16,6000,0,3469,-0.011,-0.016,-0.891,0.791,0.03,-7.13,15,-4178,-16,6000,0
182.52,4,13555.3,530.52,0.01,13040.45,57.0,-1.24,0.05,-1.0,0.0,1.0,0.0,1,835,-0.4,0.26,0.9,0.08,13.47,919,137,5479,0.0253,0.019,-0.925,0.825,-49.21,42.05,20,-4674,-3879,1755,1,5342,0.0232,-0.002,-0.781,0.681,-39.11,31.95,67,-4711,-3692,1755,1,3611,-0.0093,-0.001,-1.007,0.907,0.28,-6.88,46,-4340,1,6000,0,3432,-0.0114,-0.022,-0.889,0.789,0.29,-6.87,15,-4136,1,6000,0
182.54,4,13555.6,530.26,0.01,13040.27,56.1,-1.23,0.05,-1.0,0.0,1.0,0.0,1,835,-0.1,0.26,0.89,0.09,13.62,892,133,5492,0.0255,0.01,-0.921,0.821,-49.01,41.84,21,-4681,-3892,1755,1,5334,0.0231,-0.007,-0.782,0.682,-38.91,31.75,66,-4714,-3676,1755,1,3606,-0.0094,-0.003,-0.903,0.803,0.53,-6.64,11,-4335,19,6000,0,3399,-0.0118,-0.02,-0.89,0.79,0.52,-6.64,14,-4097,17,6000,0
182.56,4,13555.9,530.01,0.01,13040.09,55.2,-1.22,0.05,-1.0,0.0,1.0,0.0,1,835,0.0,0.26,0.89,0.1,13.81,864,129,5475,0.0252,-0.013,-0.934,0.834,-48.82,41.66,17,-4700,-3849,1755,1,5302,0.0226,-0.024,-0.799,0.699,-38.72,31.56,60,-4735,-3606,1755,1,3613,-0.0093,0.005,-0.986,0.886,0.75,-6.42,-22,-4344,34,6000,0,3387,-0.012,-0.007,-1.009,0.909,0.83,-6.33,45,-4083,35,6000,0
182.58,4,13556.2,529.76,0.01,13039.92,54.4,-1.22,0.06,-1.0,0.0,1.0,0.0,1,835,0.0,0.26,0.89,0.11,13.99,839,125,5470,0.0252,-0.004,-0.937,0.837,-48.63,41.47,16,-4714,-3828,1755,1,5272,0.0221,-0.023,-0.812,0.712,-38.52,31.36,55,-4753,-3541,1755,1,3625,-0.0092,0.007,-1.017,0.917,1.09,-6.07,42,-4356,55,6000,0,3367,-0.0122,-0.012,-0.934,0.834,1.08,-6.08,-4,-4060,52,6000,0
182.6,4,13556.5,529.52,0.01,13039.75,53.5,-1.2,0.07,-1.0,0.5,0.0,0.0,1,835,0.0,0.26,0.89,0.12,14.23,812,121,5460,0.025,-0.008,-0.941,0.841,-48.45,41.29,15,-4725,-3802,1755,1,5247,0.0217,-0.019,-0.82,0.72,-38.34,31.18,52,-4763,-3490,1755,1,3612,-0.0093,-0.008,-0.912,0.812,1.33,-5.83,5,-4342,74,6000,0,3334,-0.0126,-0.019,-0.944,0.844,1.37,-5.8,-8,-4021,68,6000,0
182.62,4,13556.8,529.28,0.01,13039.59,52.7,-1.2,0.02,-1.0,0.5,0.0,0.0,1,894,159.2,0.53,0.88,0.12,13.96,786,117,5457,0.0249,-0.002,-0.35,0.25,-48.18,41.02,171,-3808,-4582,0,0,5223,0.0214,-0.018,-0.314,0.214,-38.06,30.9,205,-3839,-4320,0,0,3610,-0.0094,-0.001,-0.597,0.497,1.62,-5.55,161,-4352,123,0,0,3305,-0.0129,-0.017,-0.67,0.57,1.64,-5.52,129,-3997,105,0,0
182.64,4,13557.1,529.04,0.01,13039.42,51.9,-1.12,-0.22,-1.0,0.5,0.0,0.0,1,1032,210.7,0.62,0.87,0.07,11.5,759,114,5425,0.0245,-0.024,0.024,-0.076,-47.55,40.39,256,-1370,-5590,0,0,5200,0.021,-0.018,0.015,-0.085,-37.48,30.32,290,-1245,-5454,0,0,3601,-0.0095,-0.005,-0.17,0.07,1.82,-5.34,314,-4321,336,0,0,3307,-0.0129,0.001,-0.263,0.163,1.88,-5.28,273,-3999,250,0,0
182.66,4,13557.4,528.81,0.01,13039.26,51.3,-0.85,-0.38,-1.0,1.0,0.0,0.07,1,1205,223.3,0.64,0.85,-0.02,6.79,739,111,5369,0.0236,-0.043,0.072,-0.028,-46.68,39.51,264,220,-5675,0,0,5233,0.0215,0.025,0.044,-0.056,-36.53,29.37,296,244,-5610,0,0,3557,-0.01,-0.026,0.083,-0.017,1.87,-5.29,386,1185,1260,0,0,3379,-0.0121,0.043,0.111,0.011,1.88,-5.28,389,567,1223,0,0
182.68,4,13557.7,528.58,0.01,13039.09,51.0,-0.45,-0.36,-1.0,1.0,0.0,0.09,1,1513,355.6,0.99,0.81,-0.13,0.93,729,110,5254,0.0218,-0.088,-0.007,-0.093,-45.76,38.6,246,158,-5568,0,0,5287,0.0223,0.042,-0.03,-0.07,-35.61,28.45,279,-42,-5677,0,0,3492,-0.0107,-0.039,-0.064,-0.036,1.56,-5.6,336,-2545,1110,0,0,3535,-0.0102,0.092,-0.065,-0.035,1.58,-5.58,336,-2532,1145,0,0
182.7,4,13557.9,528.35,0.01,13038.93,50.5,-0.68,-0.33,-1.0,1.0,0.0,0.13,1,1941,522.2,1.25,0.75,-0.25,-4.2,714,108,5059,0.0188,-0.15,-0.039,-0.061,-45.06,37.9,238,-140,-5380,0,0,5311,0.0227,0.018,-0.048,-0.052,-34.94,27.78,277,-385,-5696,0,0,3437,-0.0114,-0.032,-0.032,-0.068,1.2,-5.96,339,-1266,993,0,0,3767,-0.0075,0.136,-0.037,-0.063,1.21,-5.96,340,-1515,1089,0,0
