Time_s,TestPhase,Distance_m,PosX,PosY,PosZ,Speed_Kmh,Accel_Long_G,Accel_Lat_G,Raw_Steer,Raw_Throttle,Raw_Brake,Clutch,Gear,RPM,Torque_Nm,Boost_Bar,Pitch,Roll,YawRate,Aero_DownN,Aero_DragN,FL_Load_N,FL_Travel_m,FL_DamperVel_ms,FL_Slip,FL_SlipDelta,FL_SlipAng_deg,FL_LatDelta,FL_WheelRPM,FL_LongForce_N,FL_LatForce_N,FL_ActBrakeTrq_Nm,FL_ABS_Active,FR_Load_N,FR_Travel_m,FR_DamperVel_ms,FR_Slip,FR_SlipDelta,FR_SlipAng_deg,FR_LatDelta,FR_WheelRPM,FR_LongForce_N,FR_LatForce_N,FR_ActBrakeTrq_Nm,FR_ABS_Active,RL_Load_N,RL_Travel_m,RL_DamperVel_ms,RL_Slip,RL_SlipDelta,RL_SlipAng_deg,RL_LatDelta,RL_WheelRPM,RL_LongForce_N,RL_LatForce_N,RL_ActBrakeTrq_Nm,RL_ABS_Active,RR_Load_N,RR_Travel_m,RR_DamperVel_ms,RR_Slip,RR_SlipDelta,RR_SlipAng_deg,RR_LatDelta,RR_WheelRPM,RR_LongForce_N,RR_LatForce_N,RR_ActBrakeTrq_Nm,RR_ABS_Active
133.5,3,12624.8,619.82,0.01,12699.49,0.8,-0.66,0.0,1.0,0.5,0.0,0.0,1,835,0.0,0.26,0.77,0.02,0.05,0,0,4977,0.0176,-0.051,0.712,0.612,-0.85,-6.32,10,-2571,-38,1755,1,4935,0.0169,-0.044,-0.103,0.003,-0.17,-6.99,-28,-1976,45,5850,0,3320,-0.0128,0.038,-0.956,0.856,-0.07,-7.09,8,-3327,-40,945,1,3265,-0.0134,0.045,-0.056,-0.044,-0.24,-6.92,-8,-2840,-39,3150,0
133.52,3,12624.8,619.82,0.01,12699.49,0.8,0.0,0.06,1.0,0.5,0.0,0.0,1,894,159.2,0.53,0.69,0.02,0.78,0,0,4904,0.0164,-0.056,0.016,-0.084,13.68,6.52,11,-2059,1173,0,0,4865,0.0158,-0.053,-2.49,2.39,15.97,8.81,-32,2080,1587,0,0,3402,-0.0118,0.049,-2.283,2.183,0.73,-6.43,-16,-2489,28,0,0,3351,-0.0124,0.051,-1.952,1.852,0.26,-6.9,-18,-297,13,0,0
133.54,3,12624.8,619.82,0.01,12699.5,0.7,-0.16,0.13,1.0,0.5,0.0,0.0,1,1032,210.7,0.62,0.61,0.04,2.18,0,0,4782,0.0146,-0.094,-0.094,-0.006,7.51,0.34,9,-1669,1865,0,0,4735,0.0139,-0.1,-1.324,1.224,7.17,0.01,-20,3603,2167,0,0,3550,-0.0101,0.087,-1.883,1.783,0.91,-6.25,-16,-484,97,0,0,3489,-0.0108,0.081,-0.918,0.818,0.76,-6.4,-10,1251,71,0,0
133.56,3,12624.8,619.83,0.02,12699.5,0.6,-0.21,0.15,1.0,0.5,0.0,0.0,1,1179,221.7,0.64,0.52,0.08,3.64,0,0,4640,0.0124,-0.109,-0.31,0.21,-0.23,-6.93,6,-1311,1907,0,0,4558,0.0111,-0.137,0.508,0.408,-3.62,-3.55,3,3448,2007,0,0,3734,-0.0079,0.108,-1.075,0.975,0.69,-6.47,-9,457,129,0,0,3625,-0.0092,0.08,-0.237,0.137,0.73,-6.43,-5,1999,103,0,0
133.58,3,12624.8,619.83,0.02,12699.5,0.5,-0.16,0.13,1.0,0.5,0.0,0.0,1,1335,233.3,0.66,0.42,0.11,4.72,0,0,4494,0.0101,-0.113,-0.511,0.411,-6.98,-0.18,3,-922,1367,0,0,4350,0.0079,-0.16,1.555,1.455,-12.41,5.25,21,1740,1264,0,0,3929,-0.0056,0.115,-0.659,0.559,0.51,-6.65,-5,738,125,0,0,3740,-0.0078,0.068,0.257,0.157,0.61,-6.55,-1,2371,104,0,0
133.6,3,12624.8,619.83,0.02,12699.51,0.5,-0.07,0.06,1.0,0.5,0.0,0.0,1,1498,245.5,0.67,0.33,0.14,5.07,0,0,4339,0.0078,-0.119,-0.614,0.514,-9.45,2.29,1,-584,558,0,0,4127,0.0045,-0.172,1.449,1.349,-15.94,8.78,26,-1023,46,0,0,4117,-0.0034,0.111,-0.489,0.389,0.41,-6.75,-3,752,105,0,0,3838,-0.0067,0.058,0.586,0.486,0.26,-6.9,3,2416,74,0,0
133.62,3,12624.8,619.83,0.02,12699.51,0.5,0.02,-0.01,1.0,0.5,0.0,0.0,1,1669,253.1,0.69,0.25,0.14,4.68,0,0,4171,0.0052,-0.13,-0.642,0.542,-8.79,1.63,0,-256,-218,0,0,3907,0.0011,-0.169,0.615,0.515,-14.02,6.86,18,-2316,-963,0,0,4280,-0.0015,0.096,-0.433,0.333,-0.17,-6.99,-2,581,47,0,0,3935,-0.0055,0.057,0.689,0.589,-0.15,-7.01,4,2356,25,0,0
133.64,3,12624.8,619.83,0.02,12699.51,0.5,0.08,-0.06,1.0,0.5,0.0,0.02,1,1841,260.4,0.72,0.16,0.13,3.78,0,0,3983,0.0023,-0.144,-0.541,0.441,-4.41,-2.75,0,142,-625,0,0,3707,-0.002,-0.154,-0.417,0.317,-8.84,1.68,5,-1821,-1520,0,0,4407,0.0,0.074,-0.378,0.278,-0.36,-6.8,1,279,-8,0,0,4046,-0.0042,0.065,0.583,0.483,-0.28,-6.88,3,2338,-16,0,0
133.66,3,12624.8,619.84,0.02,12699.51,0.6,0.22,-0.08,1.0,0.5,0.0,0.12,1,1946,265.2,0.73,0.09,0.08,2.45,0,0,3780,-0.0008,-0.156,-0.242,0.142,2.49,-4.67,1,1096,-584,0,0,3540,-0.0045,-0.129,-0.568,0.468,1.2,-5.96,-2,711,-1542,0,0,4488,0.001,0.048,-0.208,0.108,-1.08,-6.08,0,1782,-65,0,0,4174,-0.0027,0.076,-0.205,0.105,-1.27,-5.89,0,2619,-80,0,0
133.68,3,12624.8,619.84,0.02,12699.52,0.8,0.3,-0.06,1.0,0.5,0.0,0.15,1,1985,266.9,0.73,0.01,0.03,1.74,0,0,3566,-0.0041,-0.165,-0.143,0.043,8.64,1.48,3,1316,-141,0,0,3402,-0.0067,-0.106,-0.125,0.025,9.68,2.52,1,1453,-1009,0,0,4537,0.0015,0.028,-0.346,0.246,-1.34,-5.82,4,2630,-172,0,0,4323,-0.001,0.088,-0.051,-0.049,-1.49,-5.67,-1,3087,-190,0,0
133.7,3,12624.8,619.84,0.02,12699.52,1.0,0.28,-0.01,1.0,0.5,0.0,0.17,1,2002,267.7,0.74,-0.05,-0.01,1.82,0,0,3356,-0.0074,-0.161,0.075,-0.025,12.49,5.32,6,1364,535,0,0,3291,-0.0084,-0.086,0.089,-0.011,13.86,6.69,5,1455,-190,0,0,4567,0.0019,0.018,-0.227,0.127,-1.0,-6.16,7,2985,-261,0,0,4482,0.0009,0.093,0.141,0.041,-0.97,-6.19,2,3355,-276,0,0
133.72,3,12624.8,619.84,0.02,12699.53,1.2,0.24,0.05,1.0,0.5,0.0,0.17,1,2009,268.0,0.74,-0.09,-0.04,2.63,0,0,3178,-0.0101,-0.137,0.283,0.183,12.91,5.75,11,1116,1170,0,0,3203,-0.0097,-0.068,0.257,0.157,14.01,6.85,8,1329,649,0,0,4590,0.0022,0.014,-0.095,-0.005,-0.3,-6.86,10,3034,-295,0,0,4623,0.0026,0.083,0.299,0.199,-0.54,-6.62,5,3530,-335,0,0
133.74,3,12624.9,619.84,0.02,12699.54,1.3,0.2,0.1,1.0,0.5,0.0,0.18,1,2012,268.1,0.74,-0.11,-0.05,3.93,0,0,3054,-0.012,-0.095,0.383,0.283,11.4,4.24,15,622,1659,0,0,3138,-0.0107,-0.05,0.396,0.296,10.68,3.52,12,1020,1260,0,0,4617,0.0025,0.016,0.004,-0.096,0.14,-7.02,13,2696,-288,0,0,4728,0.0038,0.062,0.42,0.32,0.08,-7.08,7,3469,-333,0,0
133.76,3,12624.9,619.84,0.02,12699.55,1.5,0.18,0.14,1.0,0.5,0.0,0.18,1,2014,268.2,0.74,-0.12,-0.03,5.4,0,0,3003,-0.0128,-0.039,0.173,0.073,7.69,0.53,16,240,1943,0,0,3101,-0.0113,-0.028,0.321,0.221,5.6,-1.56,14,568,1563,0,0,4649,0.0029,0.019,0.32,0.22,0.19,-6.98,13,1840,-252,0,0,4778,0.0044,0.029,0.287,0.187,0.19,-6.97,13,3493,-291,0,0
133.78,3,12624.9,619.85,0.02,12699.55,1.6,0.17,0.16,1.0,0.5,0.0,0.18,1,2014,268.2,0.74,-0.1,0.01,6.6,1,0,3030,-0.0124,0.02,0.018,-0.082,4.16,-3.0,16,131,2056,0,0,3092,-0.0114,-0.007,0.147,0.047,1.04,-6.12,14,93,1587,0,0,4694,0.0034,0.026,0.151,0.051,-0.65,-6.51,15,811,-246,0,0,4775,0.0043,-0.001,0.28,0.18,-0.96,-6.2,12,3880,-286,0,0
133.8,3,12624.9,619.85,0.02,12699.56,1.8,0.17,0.17,1.0,1.0,0.0,0.18,1,2014,268.2,0.74,-0.08,0.05,7.68,1,0,3115,-0.0111,0.066,-0.087,-0.013,1.75,-5.41,16,159,2072,0,0,3101,-0.0113,0.007,-0.157,0.057,-2.59,-4.57,12,-86,1397,0,0,4743,0.004,0.029,0.032,-0.068,-1.66,-5.51,16,76,-323,0,0,4724,0.0037,-0.03,0.032,-0.068,-1.66,-5.5,10,3996,-336,0,0
133.82,3,12624.9,619.86,0.02,12699.57,1.9,0.19,0.15,1.0,1.0,0.0,0.21,1,2059,439.6,1.1,-0.05,0.1,8.62,1,0,3231,-0.0093,0.089,-0.015,-0.085,0.77,-6.39,19,359,2033,0,0,3126,-0.0109,0.02,-0.238,0.138,-4.23,-2.93,12,327,1084,0,0,4795,0.0046,0.031,-0.039,-0.061,-2.0,-5.16,16,557,-448,0,0,4658,0.003,-0.039,0.089,-0.011,-2.33,-4.84,11,4551,-415,0,0
133.84,3,12624.9,619.86,0.02,12699.58,2.2,0.32,0.14,1.0,0.5,0.0,0.3,1,2165,577.2,1.31,-0.03,0.14,9.75,1,0,3354,-0.0074,0.095,0.094,-0.006,1.06,-6.1,23,640,1977,0,0,3164,-0.0103,0.029,-0.052,-0.048,-4.09,-3.07,15,1042,736,0,0,4840,0.0051,0.026,0.413,0.313,-1.52,-5.65,18,3064,-540,0,0,4591,0.0022,-0.04,0.1,0.0,-1.82,-5.34,18,5186,-366,0,0
133.86,3,12624.9,619.87,0.02,12699.6,2.5,0.46,0.13,1.0,0.5,0.0,0.3,1,2155,349.9,0.94,-0.02,0.16,11.17,1,0,3461,-0.0058,0.082,-0.023,-0.077,2.21,-4.95,24,441,1962,0,0,3199,-0.0098,0.028,-0.01,-0.09,-2.54,-4.62,18,786,474,0,0,4889,0.0057,0.029,0.192,0.092,-0.47,-6.69,16,3694,-558,0,0,4548,0.0017,-0.025,0.011,-0.089,-0.77,-6.39,19,5289,-309,0,0
133.88,3,12624.9,619.87,0.02,12699.61,2.8,0.38,0.09,1.0,0.5,0.0,0.24,1,2081,271.2,0.75,-0.01,0.18,11.71,2,0,3537,-0.0046,0.059,0.055,-0.045,3.64,-3.53,29,243,2008,0,0,3223,-0.0094,0.018,0.064,-0.036,0.02,-7.15,22,464,364,0,0,4948,0.0064,0.035,-0.086,-0.014,-0.21,-6.95,22,842,-560,0,0,4537,0.0016,-0.006,0.186,0.086,-0.57,-6.59,17,5225,-332,0,0
133.9,3,12624.9,619.88,0.02,12699.63,3.0,0.3,0.1,1.0,1.0,0.0,0.2,1,2043,269.5,0.74,0.0,0.19,11.87,2,0,3591,-0.0037,0.042,-0.031,-0.069,4.61,-2.55,28,257,2109,0,0,3246,-0.0091,0.018,-0.039,-0.061,2.01,-5.15,21,432,393,0,0,4984,0.0068,0.021,-0.078,-0.022,-0.82,-6.35,22,774,-568,0,0,4532,0.0015,-0.003,0.067,-0.033,-1.47,-5.69,16,5250,-330,0,0
133.92,3,12625.0,619.89,0.02,12699.64,3.2,0.24,0.09,1.0,0.5,0.0,0.22,1,2072,441.8,1.11,0.01,0.19,11.86,3,0,3633,-0.0031,0.032,0.062,-0.038,5.44,-1.72,31,291,2255,0,0,3272,-0.0087,0.02,0.071,-0.029,3.67,-3.49,24,569,528,0,0,4995,0.0069,0.007,0.095,-0.005,-1.29,-5.88,28,589,-617,0,0,4523,0.0014,-0.005,0.277,0.177,-2.39,-4.78,22,5202,-408,0,0
133.94,3,12625.0,619.89,0.02,12699.66,3.4,0.31,0.12,1.0,0.5,0.0,0.23,1,2068,270.6,0.74,0.02,0.19,12.55,3,0,3664,-0.0026,0.024,-0.056,-0.044,5.74,-1.42,30,347,2418,0,0,3304,-0.0082,0.025,-0.053,-0.047,4.37,-2.8,23,568,726,0,0,4982,0.0068,-0.008,-0.05,-0.05,-1.52,-5.64,25,1390,-709,0,0,4511,0.0012,-0.007,0.251,0.151,-2.49,-4.67,22,5259,-411,0,0
133.96,3,12625.0,619.9,0.02,12699.68,3.6,0.24,0.1,1.0,1.0,0.0,0.2,1,2038,269.3,0.74,0.03,0.18,13.07,3,1,3687,-0.0023,0.018,0.041,-0.059,5.98,-1.18,34,196,2581,0,0,3329,-0.0078,0.019,0.045,-0.055,4.84,-2.32,26,453,941,0,0,4966,0.0066,-0.009,-0.031,-0.069,-1.55,-5.62,28,295,-798,0,0,4498,0.0011,-0.007,0.066,-0.034,-2.46,-4.7,20,5217,-494,0,0
133.98,3,12625.0,619.91,0.02,12699.7,3.8,0.21,0.12,1.0,0.5,0.0,0.22,1,2069,441.4,1.1,0.04,0.17,13.79,4,1,3701,-0.0021,0.011,-0.001,-0.099,5.84,-1.32,35,217,2723,0,0,3358,-0.0073,0.022,0.032,-0.068,4.53,-2.64,28,454,1144,0,0,4942,0.0063,-0.014,0.049,-0.051,-1.43,-5.74,32,590,-873,0,0,4493,0.001,-0.003,0.26,0.16,-2.52,-4.64,25,5194,-566,0,0
134.0,3,12625.0,619.92,0.02,12699.72,4.0,0.26,0.14,1.0,0.5,0.0,0.23,1,2067,270.6,0.74,0.05,0.17,15.05,4,1,3717,-0.0018,0.012,-0.007,-0.093,5.47,-1.69,37,389,2831,0,0,3387,-0.0069,0.023,-0.023,-0.077,3.72,-3.45,27,653,1302,0,0,4915,0.006,-0.016,-0.029,-0.071,-1.05,-6.11,30,1493,-919,0,0,4483,0.0009,-0.006,0.338,0.238,-1.77,-5.39,27,5250,-508,0,0
134.02,3,12625.1,619.93,0.02,12699.74,4.2,0.2,0.13,1.0,1.0,0.0,0.2,1,2037,269.2,0.74,0.06,0.16,16.09,4,1,3729,-0.0016,0.009,0.013,-0.087,5.15,-2.01,40,57,2908,0,0,3410,-0.0065,0.018,0.049,-0.051,2.94,-4.22,31,353,1393,0,0,4900,0.0058,-0.009,-0.016,-0.084,-0.73,-6.43,33,164,-928,0,0,4482,0.0009,-0.001,0.158,0.058,-0.99,-6.17,25,5238,-524,0,0
134.04,3,12625.1,619.94,0.02,12699.76,4.3,0.18,0.14,1.0,0.5,0.0,0.22,1,2069,441.3,1.1,0.06,0.16,17.05,5,1,3735,-0.0015,0.005,0.005,-0.095,4.79,-2.37,41,275,2951,0,0,3433,-0.0062,0.018,0.008,-0.092,2.12,-5.04,31,477,1429,0,0,4889,0.0057,-0.006,0.055,-0.045,-0.75,-6.41,37,595,-920,0,0,4494,0.001,0.007,0.354,0.254,-1.41,-5.75,30,5254,-526,0,0
134.06,3,12625.1,619.95,0.02,12699.78,4.5,0.25,0.15,1.0,0.5,0.0,0.23,1,2067,270.6,0.74,0.07,0.16,18.37,5,1,3750,-0.0013,0.011,-0.003,-0.097,4.43,-2.73,43,320,2966,0,0,3448,-0.006,0.012,-0.016,-0.084,1.43,-5.73,32,674,1401,0,0,4878,0.0056,-0.006,-0.021,-0.079,-0.19,-6.97,35,1422,-862,0,0,4484,0.0009,-0.006,0.41,0.31,-0.76,-6.4,31,5294,-423,0,0
134.08,3,12625.1,619.96,0.02,12699.81,4.7,0.21,0.14,1.0,0.5,0.0,0.2,1,2037,269.2,0.74,0.07,0.17,19.34,6,1,3764,-0.0011,0.011,0.002,-0.098,4.2,-2.97,45,62,2959,0,0,3452,-0.0059,0.003,0.023,-0.077,0.95,-6.22,35,324,1323,0,0,4876,0.0055,-0.001,-0.037,-0.063,-0.11,-7.05,37,143,-798,0,0,4468,0.0007,-0.009,0.207,0.107,-0.42,-6.75,28,5279,-401,0,0
134.1,3,12625.2,619.98,0.02,12699.83,4.8,0.18,0.15,1.0,0.5,0.0,0.19,1,2024,268.7,0.74,0.07,0.17,20.02,6,1,3773,-0.0009,0.008,-0.006,-0.094,4.15,-3.01,46,206,2943,0,0,3453,-0.0059,0.001,-0.024,-0.076,0.69,-6.47,34,438,1219,0,0,4874,0.0055,-0.001,-0.026,-0.074,-0.24,-6.92,38,237,-743,0,0,4455,0.0006,-0.008,0.229,0.129,-0.49,-6.67,29,5268,-375,0,0
134.12,3,12625.2,619.99,0.02,12699.86,5.0,0.16,0.14,1.0,0.5,0.0,0.18,1,2019,268.4,0.74,0.08,0.17,20.47,6,1,3783,-0.0008,0.007,0.014,-0.086,4.07,-3.09,49,67,2920,0,0,3458,-0.0058,0.004,0.027,-0.073,0.68,-6.48,37,404,1115,0,0,4873,0.0055,0.0,0.003,-0.097,-0.31,-6.85,40,-77,-698,0,0,4449,0.0005,-0.004,0.231,0.131,-0.74,-6.42,31,5255,-375,0,0
134.14,3,12625.2,620.0,0.02,12699.88,5.1,0.17,0.14,1.0,0.5,0.0,0.18,1,2016,268.3,0.74,0.08,0.17,20.86,7,1,3790,-0.0007,0.005,-0.009,-0.091,4.09,-3.08,49,119,2897,0,0,3468,-0.0056,0.007,0.001,-0.099,0.97,-6.19,37,337,1045,0,0,4869,0.0055,-0.003,-0.009,-0.091,-0.71,-6.45,41,-79,-709,0,0,4448,0.0005,-0.001,0.215,0.115,-1.38,-5.79,31,5247,-394,0,0
134.16,3,12625.3,620.02,0.02,12699.91,5.3,0.17,0.13,1.0,0.5,0.0,0.18,1,2015,268.3,0.74,0.09,0.17,21.21,7,1,3798,-0.0006,0.006,0.009,-0.091,4.16,-3.0,51,110,2882,0,0,3475,-0.0055,0.006,0.004,-0.096,1.16,-6.0,38,407,992,0,0,4861,0.0054,-0.005,-0.007,-0.093,-0.87,-6.29,42,-68,-746,0,0,4440,0.0004,-0.005,0.225,0.125,-1.66,-5.5,32,5233,-421,0,0
134.18,3,12625.3,620.03,0.02,12699.93,5.4,0.17,0.12,1.0,0.5,0.0,0.18,1,2015,268.2,0.74,0.09,0.16,21.6,8,1,3803,-0.0005,0.004,-0.003,-0.097,4.24,-2.92,51,89,2874,0,0,3483,-0.0054,0.006,0.009,-0.091,1.33,-5.84,39,370,960,0,0,4849,0.0052,-0.007,-0.01,-0.09,-0.99,-6.17,43,-93,-802,0,0,4430,0.0003,-0.005,0.223,0.123,-1.74,-5.42,33,5218,-451,0,0
134.2,3,12625.3,620.05,0.02,12699.96,5.6,0.17,0.11,1.0,0.5,0.0,0.18,1,2015,268.2,0.74,0.09,0.15,21.98,8,1,3804,-0.0005,0.001,0.006,-0.094,4.49,-2.67,53,113,2884,0,0,3491,-0.0053,0.006,0.008,-0.092,1.85,-5.31,40,387,979,0,0,4837,0.0051,-0.007,0.0,-0.1,-0.9,-6.26,44,-79,-844,0,0,4428,0.0003,-0.002,0.242,0.142,-1.62,-5.54,35,5210,-478,0,0
134.22,3,12625.4,620.06,0.02,12699.99,5.7,0.17,0.11,1.0,0.5,0.0,0.18,1,2015,268.2,0.74,0.09,0.15,22.4,8,1,3800,-0.0005,-0.003,0.0,-0.1,4.61,-2.56,54,74,2902,0,0,3504,-0.0051,0.01,0.013,-0.087,2.13,-5.03,41,377,1029,0,0,4823,0.0049,-0.008,0.005,-0.095,-1.0,-6.16,46,-126,-895,0,0,4436,0.0004,0.005,0.245,0.145,-1.83,-5.33,36,5212,-517,0,0
134.24,3,12625.4,620.08,0.02,12700.02,5.8,0.17,0.11,1.0,0.5,0.0,0.18,1,2015,268.2,0.74,0.1,0.14,22.9,9,1,3797,-0.0006,-0.003,0.003,-0.097,4.74,-2.43,55,104,2929,0,0,3514,-0.0049,0.007,0.007,-0.093,2.26,-4.9,42,379,1089,0,0,4809,0.0047,-0.008,-0.001,-0.099,-0.85,-6.31,47,-96,-922,0,0,4439,0.0004,0.002,0.248,0.148,-1.63,-5.53,37,5212,-538,0,0
134.26,3,12625.4,620.09,0.02,12700.05,6.0,0.16,0.11,1.0,0.5,0.0,0.18,1,2015,268.2,0.74,0.1,0.13,23.48,9,2,3795,-0.0006,-0.001,0.002,-0.098,4.86,-2.3,57,75,2964,0,0,3523,-0.0048,0.007,0.007,-0.093,2.42,-4.74,43,386,1159,0,0,4796,0.0046,-0.008,0.0,-0.1,-0.75,-6.41,48,-116,-935,0,0,4441,0.0004,0.001,0.255,0.155,-1.24,-5.92,38,5214,-540,0,0
134.28,3,12625.5,620.11,0.02,12700.08,6.1,0.16,0.12,1.0,0.5,0.0,0.18,1,2015,268.2,0.74,0.1,0.13,24.07,10,2,3792,-0.0007,-0.002,0.001,-0.099,5.02,-2.14,58,86,3008,0,0,3534,-0.0046,0.008,0.013,-0.087,2.46,-4.7,44,396,1229,0,0,4788,0.0045,-0.005,0.005,-0.095,-0.6,-6.56,49,-126,-923,0,0,4450,0.0005,0.005,0.267,0.167,-1.01,-6.16,39,5226,-531,0,0
134.3,3,12625.5,620.13,0.02,12700.11,6.2,0.15,0.12,1.0,0.5,0.0,0.18,1,2015,268.2,0.74,0.1,0.13,24.66,10,2,3791,-0.0007,-0.001,0.006,-0.094,4.92,-2.24,59,74,3038,0,0,3545,-0.0045,0.008,0.011,-0.089,2.22,-4.94,45,371,1269,0,0,4787,0.0045,-0.001,0.007,-0.093,-0.48,-6.68,50,-156,-890,0,0,4465,0.0007,0.009,0.276,0.176,-1.03,-6.13,40,5244,-522,0,0
134.32,3,12625.5,620.15,0.02,12700.14,6.4,0.15,0.13,0.97,0.5,0.0,0.18,1,2015,268.2,0.74,0.1,0.13,25.31,10,2,3794,-0.0006,0.003,-0.006,-0.094,5.09,-2.08,60,75,3080,0,0,3551,-0.0044,0.005,0.005,-0.095,2.28,-4.88,46,388,1309,0,0,4786,0.0045,0.0,-0.005,-0.095,-0.38,-6.78,51,-150,-846,0,0,4468,0.0007,0.002,0.268,0.168,-0.74,-6.42,41,5255,-491,0,0
134.34,3,12625.6,620.17,0.02,12700.17,6.5,0.15,0.13,0.95,0.5,0.0,0.18,1,2015,268.2,0.74,0.1,0.13,25.87,11,2,3799,-0.0006,0.004,0.01,-0.09,4.09,-3.07,62,86,3020,0,0,3554,-0.0043,0.003,0.008,-0.092,1.1,-6.06,47,394,1210,0,0,4789,0.0045,0.002,0.002,-0.098,-0.29,-6.87,52,-135,-791,0,0,4469,0.0007,0.001,0.286,0.186,-0.6,-6.56,42,5264,-453,0,0
134.36,3,12625.6,620.19,0.02,12700.2,6.6,0.17,0.13,0.92,0.5,0.0,0.18,1,2015,268.2,0.74,0.1,0.14,26.31,12,2,3806,-0.0005,0.005,-0.002,-0.098,3.08,-4.08,63,47,2863,0,0,3557,-0.0043,0.002,0.006,-0.094,-0.04,-7.12,48,379,985,0,0,4795,0.0046,0.003,-0.003,-0.097,-0.38,-6.79,53,-163,-751,0,0,4470,0.0008,0.001,0.283,0.183,-0.91,-6.26,43,5272,-429,0,0
134.38,3,12625.6,620.21,0.02,12700.23,6.8,0.2,0.12,0.89,0.5,0.0,0.18,1,2015,268.2,0.74,0.1,0.15,26.6,12,2,3817,-0.0003,0.009,-0.005,-0.095,2.51,-4.65,64,92,2651,0,0,3550,-0.0044,-0.006,-0.012,-0.088,-1.01,-6.15,48,375,651,0,0,4797,0.0046,0.001,-0.024,-0.076,-0.34,-6.82,53,-106,-716,0,0,4448,0.0005,-0.013,0.253,0.153,-0.71,-6.45,43,5257,-392,0,0
134.4,3,12625.7,620.23,0.02,12700.26,7.0,0.21,0.09,0.86,0.5,0.0,0.18,1,2015,268.2,0.74,0.1,0.14,26.51,13,2,3820,-0.0002,0.003,0.008,-0.092,2.03,-5.13,66,92,2386,0,0,3542,-0.0045,-0.006,0.01,-0.09,-1.03,-6.13,50,461,333,0,0,4803,0.0047,0.003,0.0,-0.1,-0.36,-6.81,56,-103,-685,0,0,4438,0.0004,-0.006,0.274,0.174,-0.77,-6.39,46,5248,-377,0,0
134.42,3,12625.7,620.25,0.02,12700.3,7.2,0.24,0.07,0.84,0.5,0.0,0.18,1,2015,268.2,0.74,0.1,0.14,26.15,13,2,3815,-0.0003,-0.004,0.0,-0.1,1.7,-5.46,66,57,2095,0,0,3537,-0.0046,-0.004,0.008,-0.092,-0.84,-6.32,51,361,67,0,0,4806,0.0047,0.002,0.0,-0.1,-0.35,-6.81,57,-194,-655,0,0,4442,0.0004,0.002,0.252,0.152,-0.93,-6.23,47,5249,-381,0,0
134.44,3,12625.8,620.27,0.02,12700.33,7.3,0.27,0.04,0.81,0.5,0.0,0.18,1,2015,268.2,0.74,0.09,0.13,25.55,14,2,3801,-0.0005,-0.011,0.0,-0.1,1.74,-5.42,67,101,1841,0,0,3534,-0.0046,-0.002,0.001,-0.099,-0.49,-6.68,51,411,-130,0,0,4800,0.0046,-0.004,-0.001,-0.099,-0.5,-6.67,58,-165,-653,0,0,4451,0.0005,0.005,0.228,0.128,-1.06,-6.1,48,5250,-398,0,0
134.46,3,12625.8,620.29,0.02,12700.37,7.5,0.28,0.02,0.78,0.5,0.0,0.18,1,2015,268.2,0.74,0.09,0.11,24.8,15,2,3781,-0.0008,-0.015,0.003,-0.097,1.89,-5.27,68,96,1642,0,0,3529,-0.0047,-0.004,0.009,-0.091,0.29,-6.87,53,423,-209,0,0,4790,0.0045,-0.006,0.004,-0.096,-0.38,-6.78,60,-201,-635,0,0,4461,0.0006,0.006,0.206,0.106,-0.96,-6.2,49,5247,-423,0,0
134.48,3,12625.8,620.31,0.02,12700.41,7.7,0.28,0.01,0.76,0.5,0.0,0.18,1,2015,268.2,0.74,0.08,0.09,23.96,16,3,3747,-0.0013,-0.026,0.002,-0.098,2.21,-4.95,68,92,1525,0,0,3533,-0.0046,0.003,0.015,-0.085,1.13,-6.03,54,415,-168,0,0,4776,0.0044,-0.008,0.015,-0.085,-0.62,-6.54,62,-275,-667,0,0,4496,0.0011,0.021,0.191,0.091,-1.09,-6.07,51,5257,-477,0,0
134.5,3,12625.9,620.34,0.02,12700.44,7.9,0.29,0.01,0.74,1.0,0.0,0.18,1,2015,268.2,0.74,0.07,0.07,23.19,16,3,3710,-0.0019,-0.029,0.001,-0.099,2.52,-4.65,69,106,1480,0,0,3541,-0.0045,0.006,0.011,-0.089,1.98,-5.19,55,407,-15,0,0,4762,0.0042,-0.008,0.013,-0.087,-0.62,-6.54,63,-316,-699,0,0,4541,0.0016,0.027,0.167,0.067,-1.02,-6.14,52,5265,-541,0,0
134.52,3,12625.9,620.36,0.02,12700.48,8.1,0.29,0.01,0.71,0.5,0.0,0.21,1,2059,439.6,1.1,0.06,0.05,22.63,17,3,3675,-0.0025,-0.027,0.013,-0.087,2.48,-4.68,71,206,1446,0,0,3547,-0.0044,0.005,0.023,-0.077,2.4,-4.76,56,525,186,0,0,4747,0.004,-0.009,0.047,-0.053,-0.6,-6.56,66,113,-729,0,0,4580,0.002,0.023,0.233,0.133,-0.96,-6.2,58,5276,-585,0,0
134.54,3,12626.0,620.38,0.02,12700.52,8.4,0.37,0.03,0.69,0.5,0.0,0.22,1,2063,270.4,0.74,0.05,0.03,22.62,18,3,3642,-0.003,-0.026,-0.004,-0.096,2.47,-4.7,71,374,1429,0,0,3551,-0.0044,0.003,0.003,-0.097,2.66,-4.5,57,791,417,0,0,4739,0.0039,-0.005,0.01,-0.09,-0.41,-6.75,65,967,-727,0,0,4620,0.0025,0.024,0.245,0.145,-0.66,-6.5,59,5365,-524,0,0
134.56,3,12626.0,620.41,0.02,12700.56,8.6,0.32,0.04,0.66,1.0,0.0,0.2,1,2035,269.2,0.74,0.04,0.03,22.47,19,3,3610,-0.0035,-0.025,0.006,-0.094,2.41,-4.75,73,53,1413,0,0,3545,-0.0045,-0.004,0.023,-0.077,2.68,-4.48,60,363,613,0,0,4746,0.004,0.004,0.006,-0.094,-0.23,-6.93,67,-45,-678,0,0,4661,0.003,0.024,0.15,0.05,-0.53,-6.63,58,5365,-551,0,0
134.58,3,12626.1,620.43,0.02,12700.61,8.8,0.31,0.05,0.64,0.5,0.0,0.22,1,2068,441.2,1.1,0.03,0.03,22.39,20,3,3590,-0.0038,-0.015,0.006,-0.094,2.09,-5.07,74,253,1356,0,0,3535,-0.0046,-0.008,0.009,-0.091,2.52,-4.64,60,558,762,0,0,4757,0.0041,0.007,0.025,-0.075,-0.16,-7.0,70,274,-624,0,0,4685,0.0033,0.014,0.188,0.088,-0.25,-6.91,62,5368,-525,0,0
134.6,3,12626.1,620.46,0.02,12700.65,9.1,0.37,0.07,0.62,0.5,0.0,0.22,1,2067,270.6,0.74,0.02,0.03,22.57,21,3,3575,-0.004,-0.011,0.006,-0.094,1.81,-5.36,76,466,1271,0,0,3525,-0.0048,-0.008,0.007,-0.093,2.34,-4.82,60,880,867,0,0,4775,0.0044,0.01,0.005,-0.095,0.0,-7.16,70,910,-544,0,0,4709,0.0036,0.014,0.204,0.104,-0.05,-7.11,64,5438,-427,0,0
134.62,3,12626.2,620.48,0.02,12700.7,9.3,0.32,0.07,0.59,1.0,0.0,0.2,1,2037,269.2,0.74,0.01,0.03,22.46,22,4,3564,-0.0042,-0.009,0.009,-0.091,1.58,-5.59,78,36,1164,0,0,3510,-0.005,-0.011,0.016,-0.084,2.13,-5.03,64,339,915,0,0,4803,0.0047,0.016,0.001,-0.099,0.07,-7.09,72,-33,-457,0,0,4733,0.0039,0.014,0.133,0.033,0.14,-7.02,63,5416,-387,0,0
134.64,3,12626.2,620.51,0.02,12700.74,9.5,0.31,0.07,0.57,0.5,0.0,0.22,1,2069,441.3,1.1,0.01,0.03,22.19,23,4,3556,-0.0043,-0.006,0.004,-0.096,1.28,-5.88,80,267,1030,0,0,3499,-0.0052,-0.008,0.009,-0.091,1.96,-5.2,65,617,929,0,0,4833,0.005,0.018,0.024,-0.076,0.07,-7.09,75,233,-376,0,0,4759,0.0042,0.015,0.171,0.071,0.01,-7.15,67,5400,-348,0,0
134.66,3,12626.3,620.54,0.02,12700.79,9.8,0.38,0.08,0.55,0.5,0.0,0.22,1,2067,270.6,0.74,0.0,0.05,22.1,25,4,3556,-0.0043,-0.001,0.002,-0.098,0.99,-6.17,81,493,880,0,0,3490,-0.0053,-0.008,0.006,-0.094,1.63,-5.53,66,897,895,0,0,4860,0.0053,0.016,0.001,-0.099,0.01,-7.15,75,829,-326,0,0,4774,0.0043,0.009,0.17,0.07,-0.09,-7.07,68,5461,-289,0,0
134.68,3,12626.3,620.57,0.02,12700.84,10.1,0.34,0.07,0.52,1.0,0.0,0.2,1,2037,269.2,0.74,0.0,0.06,21.71,26,4,3560,-0.0042,0.003,0.009,-0.091,0.81,-6.35,83,77,720,0,0,3468,-0.0056,-0.017,0.001,-0.099,1.56,-5.6,68,320,843,0,0,4887,0.0057,0.016,-0.01,-0.09,0.05,-7.11,76,29,-274,0,0,4767,0.0043,-0.004,0.101,0.001,0.05,-7.12,67,5394,-258,0,0
134.7,3,12626.4,620.59,0.02,12700.89,10.3,0.33,0.06,0.5,1.0,0.0,0.22,1,2069,441.3,1.1,-0.01,0.06,21.13,27,4,3559,-0.0042,0.0,0.008,-0.092,0.75,-6.41,84,289,583,0,0,3453,-0.0059,-0.012,0.016,-0.084,1.68,-5.48,70,693,815,0,0,4909,0.0059,0.013,0.016,-0.084,-0.04,-7.12,80,282,-252,0,0,4770,0.0043,0.002,0.138,0.038,-0.06,-7.1,72,5338,-240,0,0
134.72,3,12626.5,620.62,0.02,12700.94,10.6,0.42,0.07,0.48,0.5,0.0,0.3,1,2169,578.4,1.31,-0.01,0.06,20.83,29,5,3558,-0.0043,-0.001,0.037,-0.063,0.55,-6.61,88,958,446,0,0,3447,-0.006,-0.005,0.062,-0.038,1.59,-5.57,75,1392,786,0,0,4924,0.0061,0.008,0.055,-0.045,-0.07,-7.09,85,1637,-247,0,0,4779,0.0044,0.005,0.26,0.16,-0.18,-6.98,83,5462,-206,0,0
134.74,3,12626.5,620.65,0.02,12700.99,11.0,0.58,0.09,0.46,0.5,0.0,0.3,1,2158,350.0,0.94,-0.02,0.07,20.95,31,5,3553,-0.0043,-0.004,-0.001,-0.099,0.38,-6.79,88,906,309,0,0,3433,-0.0062,-0.011,-0.014,-0.086,1.58,-5.58,72,1466,765,0,0,4940,0.0063,0.01,-0.012,-0.088,0.16,-7.01,82,2260,-202,0,0,4784,0.0045,0.003,0.186,0.086,0.02,-7.14,80,5548,-161,0,0
134.76,3,12626.6,620.69,0.02,12701.05,11.4,0.47,0.05,0.43,1.0,0.0,0.24,1,2082,271.2,0.75,-0.03,0.08,20.45,34,5,3540,-0.0045,-0.009,0.009,-0.091,0.33,-6.83,91,399,185,0,0,3402,-0.0067,-0.024,0.007,-0.093,1.49,-5.67,76,703,720,0,0,4971,0.0067,0.018,-0.004,-0.096,0.14,-7.02,86,699,-158,0,0,4791,0.0045,0.004,0.118,0.018,0.03,-7.13,79,5492,-156,0,0
134.78,3,12626.6,620.72,0.02,12701.1,11.6,0.4,0.04,0.41,1.0,0.0,0.24,1,2089,444.7,1.11,-0.04,0.09,19.61,35,6,3527,-0.0047,-0.01,0.009,-0.091,0.33,-6.83,92,397,91,0,0,3372,-0.0071,-0.024,0.009,-0.091,1.68,-5.48,78,763,707,0,0,4996,0.0069,0.014,0.006,-0.094,0.08,-7.08,88,470,-127,0,0,4793,0.0046,0.001,0.107,0.007,-0.06,-7.1,81,5395,-159,0,0
134.8,3,12626.7,620.75,0.02,12701.16,12.0,0.47,0.05,0.39,0.5,0.0,0.31,1,2179,580.6,1.31,-0.04,0.09,19.07,37,6,3518,-0.0049,-0.007,0.026,-0.074,0.5,-6.66,95,1046,66,0,0,3347,-0.0075,-0.019,0.05,-0.05,1.83,-5.33,83,1538,730,0,0,5002,0.007,0.004,0.041,-0.059,-0.02,-7.14,94,1722,-147,0,0,4778,0.0044,-0.008,0.206,0.106,0.0,-7.16,92,5438,-136,0,0
134.82,3,12626.8,620.79,0.02,12701.22,12.4,0.6,0.07,0.37,1.0,0.0,0.31,1,2162,350.3,0.94,-0.06,0.09,18.9,40,6,3504,-0.0051,-0.011,0.002,-0.098,0.31,-6.85,96,968,18,0,0,3336,-0.0077,-0.008,-0.001,-0.099,1.71,-5.45,82,1472,746,0,0,5007,0.0071,0.003,0.029,-0.071,0.12,-7.05,92,2389,-129,0,0,4787,0.0045,0.005,0.118,0.018,0.09,-7.07,90,5494,-110,0,0
134.84,3,12626.9,620.82,0.02,12701.28,12.8,0.51,0.05,0.35,0.5,0.0,0.31,1,2176,579.9,1.31,-0.07,0.08,18.3,42,7,3479,-0.0055,-0.02,0.033,-0.067,0.21,-6.95,102,772,-43,0,0,3315,-0.008,-0.016,0.051,-0.049,1.76,-5.4,90,1144,762,0,0,5032,0.0074,0.015,0.041,-0.059,0.06,-7.1,100,1348,-119,0,0,4819,0.0049,0.019,0.171,0.071,0.01,-7.15,96,5450,-112,0,0
134.86,3,12626.9,620.86,0.02,12701.35,13.2,0.61,0.06,0.33,1.0,0.0,0.3,1,2161,350.2,0.94,-0.08,0.08,17.98,45,7,3455,-0.0058,-0.018,-0.007,-0.093,0.14,-7.03,100,1045,-92,0,0,3302,-0.0082,-0.011,0.0,-0.1,1.66,-5.5,87,1646,759,0,0,5050,0.0076,0.01,0.031,-0.069,0.08,-7.08,97,2507,-111,0,0,4849,0.0052,0.018,0.107,0.007,0.04,-7.12,96,5531,-98,0,0
134.88,3,12627.0,620.89,0.02,12701.41,13.5,0.5,0.04,0.31,1.0,0.0,0.31,1,2175,579.8,1.31,-0.09,0.07,17.28,47,8,3428,-0.0063,-0.021,0.04,-0.06,0.14,-7.02,107,802,-133,0,0,3280,-0.0085,-0.016,0.053,-0.047,1.77,-5.39,96,1063,780,0,0,5071,0.0078,0.013,0.037,-0.063,0.07,-7.09,105,1192,-98,0,0,4879,0.0056,0.017,0.145,0.045,0.1,-7.07,101,5424,-87,0,0
134.9,3,12627.1,620.93,0.02,12701.48,14.0,0.62,0.06,0.29,1.0,0.0,0.36,1,2231,593.1,1.32,-0.1,0.06,16.93,50,8,3404,-0.0066,-0.018,0.005,-0.095,0.08,-7.08,106,1194,-163,0,0,3276,-0.0086,-0.004,0.029,-0.071,1.66,-5.51,96,1857,770,0,0,5083,0.008,0.007,0.068,-0.032,0.11,-7.05,106,3128,-87,0,0,4915,0.006,0.021,0.152,0.052,0.12,-7.05,108,5575,-66,0,0
134.92,3,12627.2,620.97,0.02,12701.55,14.5,0.68,0.05,0.28,1.0,0.0,0.38,1,2258,599.6,1.33,-0.12,0.06,16.74,53,9,3383,-0.007,-0.017,0.021,-0.079,-0.02,-7.14,111,1230,-202,0,0,3261,-0.0088,-0.012,0.028,-0.072,1.47,-5.69,100,1634,745,0,0,5095,0.0081,0.007,0.025,-0.075,0.32,-6.84,112,3239,-17,0,0,4935,0.0062,0.012,0.167,0.067,0.27,-6.89,107,5537,-35,0,0
134.94,3,12627.2,621.01,0.02,12701.62,15.0,0.71,0.05,0.26,1.0,0.0,0.39,1,2272,602.9,1.33,-0.13,0.07,16.52,57,9,3357,-0.0073,-0.02,0.02,-0.08,-0.19,-6.98,114,1296,-260,0,0,3243,-0.0091,-0.014,0.037,-0.063,1.2,-5.96,104,1887,669,0,0,5130,0.0085,0.021,0.101,0.001,0.34,-6.82,113,3877,49,0,0,4980,0.0068,0.026,0.104,0.004,0.26,-6.9,116,5571,-4,0,0
134.96,3,12627.3,621.05,0.02,12701.7,15.5,0.74,0.05,0.24,1.0,0.0,0.4,1,2278,604.4,1.34,-0.15,0.08,16.26,61,10,3340,-0.0076,-0.013,0.023,-0.077,-0.33,-6.83,118,1295,-338,0,0,3208,-0.0096,-0.027,0.023,-0.077,1.04,-6.13,106,1778,579,0,0,5175,0.0091,0.027,0.015,-0.085,0.37,-6.8,124,3754,100,0,0,5002,0.007,0.013,0.162,0.062,0.34,-6.82,110,5538,34,0,0
134.98,3,12627.4,621.1,0.02,12701.77,16.0,0.74,0.04,0.22,1.0,0.0,0.4,1,2282,605.2,1.34,-0.17,0.09,15.87,66,11,3318,-0.008,-0.017,0.021,-0.079,-0.45,-6.71,122,1319,-418,0,0,3170,-0.0102,-0.029,0.033,-0.067,0.87,-6.29,111,1878,477,0,0,5223,0.0096,0.028,0.091,-0.009,0.43,-6.73,120,3978,167,0,0,5030,0.0073,0.016,0.093,-0.007,0.44,-6.72,123,5518,96,0,0
135.0,3,12627.5,621.14,0.02,12701.85,16.6,0.75,0.04,0.2,1.0,0.0,0.4,1,2283,605.6,1.34,-0.19,0.09,15.35,69,12,3298,-0.0083,-0.015,0.018,-0.082,-0.44,-6.72,125,1334,-472,0,0,3128,-0.0109,-0.032,0.023,-0.077,0.78,-6.38,114,1860,384,0,0,5265,0.0101,0.025,0.019,-0.081,0.49,-6.67,131,3939,237,0,0,5042,0.0075,0.007,0.156,0.056,0.52,-6.64,119,5516,160,0,0
135.02,3,12627.6,621.19,0.02,12701.94,17.1,0.75,0.04,0.18,1.0,0.0,0.4,1,2284,605.8,1.34,-0.2,0.1,14.65,74,12,3272,-0.0087,-0.021,0.023,-0.077,-0.51,-6.65,129,1343,-521,0,0,3095,-0.0114,-0.026,0.035,-0.065,0.71,-6.45,119,1842,306,0,0,5310,0.0106,0.026,0.09,-0.01,0.54,-6.63,127,4043,308,0,0,5078,0.0079,0.021,0.081,-0.019,0.48,-6.68,131,5451,207,0,0
135.04,3,12627.7,621.24,0.02,12702.02,17.6,0.76,0.03,0.17,1.0,0.0,0.4,1,2284,605.9,1.34,-0.22,0.09,13.84,79,13,3246,-0.0091,-0.019,0.02,-0.08,-0.52,-6.64,132,1353,-551,0,0,3064,-0.0119,-0.024,0.029,-0.071,0.66,-6.5,122,1862,243,0,0,5350,0.0111,0.024,0.023,-0.077,0.41,-6.75,139,4013,312,0,0,5112,0.0083,0.02,0.146,0.046,0.45,-6.71,127,5471,230,0,0
135.06,3,12627.8,621.28,0.02,12702.11,18.2,0.76,0.03,0.15,1.0,0.0,0.4,1,2285,605.9,1.34,-0.23,0.08,13.02,83,14,3222,-0.0094,-0.019,0.018,-0.082,-0.45,-6.71,135,1358,-552,0,0,3042,-0.0122,-0.017,0.028,-0.072,0.67,-6.49,126,1853,207,0,0,5370,0.0113,0.011,0.082,-0.018,0.46,-6.7,134,4143,326,0,0,5134,0.0086,0.013,0.07,-0.03,0.56,-6.61,138,5418,281,0,0
135.08,3,12627.9,621.34,0.02,12702.2,18.7,0.75,0.03,0.14,1.0,0.0,0.4,1,2285,606.0,1.34,-0.23,0.06,12.13,89,15,3188,-0.01,-0.026,0.019,-0.081,-0.49,-6.68,138,1378,-546,0,0,3044,-0.0122,0.001,0.042,-0.058,0.55,-6.61,132,1833,170,0,0,5366,0.0113,-0.002,0.029,-0.071,0.33,-6.83,147,4028,298,0,0,5177,0.0091,0.025,0.136,0.036,0.34,-6.83,135,5369,260,0,0
135.1,3,12628.0,621.39,0.02,12702.29,19.2,0.76,0.02,0.12,1.0,0.0,0.4,1,2285,606.0,1.34,-0.24,0.05,11.29,94,16,3159,-0.0104,-0.023,0.017,-0.083,-0.53,-6.63,141,1398,-547,0,0,3046,-0.0121,0.002,0.032,-0.068,0.45,-6.71,135,1860,129,0,0,5352,0.0111,-0.008,0.022,-0.078,0.27,-6.9,149,4163,252,0,0,5205,0.0094,0.017,0.123,0.023,0.26,-6.9,138,5396,218,0,0
135.12,3,12628.1,621.44,0.02,12702.39,19.8,0.75,0.01,0.11,1.0,0.0,0.4,1,2285,606.0,1.34,-0.24,0.04,10.47,99,16,3133,-0.0108,-0.02,0.018,-0.082,-0.47,-6.69,144,1399,-529,0,0,3043,-0.0122,-0.003,0.036,-0.064,0.4,-6.76,139,1840,93,0,0,5346,0.0111,-0.004,0.085,-0.015,0.23,-6.93,146,4213,206,0,0,5229,0.0097,0.014,0.061,-0.039,0.23,-6.93,150,5303,183,0,0
135.14,3,12628.2,621.49,0.02,12702.49,20.3,0.76,0.01,0.1,1.0,0.0,0.4,1,2285,606.0,1.34,-0.24,0.02,9.69,104,17,3110,-0.0112,-0.017,0.021,-0.079,-0.5,-6.66,148,1413,-521,0,0,3043,-0.0122,0.0,0.034,-0.066,0.4,-6.76,143,1850,76,0,0,5333,0.0109,-0.007,0.025,-0.075,0.27,-6.89,156,4233,193,0,0,5245,0.0099,0.01,0.113,0.013,0.23,-6.93,145,5281,158,0,0
135.16,3,12628.4,621.55,0.02,12702.59,20.8,0.75,0.0,0.08,1.0,0.0,0.4,1,2285,606.0,1.34,-0.25,0.0,8.92,109,18,3090,-0.0115,-0.015,0.02,-0.08,-0.54,-6.62,152,1411,-518,0,0,3055,-0.012,0.01,0.04,-0.06,0.21,-6.96,148,1834,23,0,0,5304,0.0106,-0.017,0.081,-0.019,0.25,-6.91,152,4346,182,0,0,5258,0.01,0.008,0.055,-0.045,0.29,-6.87,157,5261,171,0,0
135.18,3,12628.5,621.61,0.02,12702.7,21.4,0.75,0.0,0.07,1.0,0.0,0.4,1,2285,606.0,1.34,-0.25,-0.01,8.13,115,19,3073,-0.0117,-0.014,0.022,-0.078,-0.52,-6.64,156,1412,-505,0,0,3065,-0.0118,0.008,0.037,-0.063,0.11,-7.06,152,1811,-30,0,0,5299,0.0105,-0.003,0.034,-0.066,0.16,-7.0,165,4209,145,0,0,5289,0.0104,0.018,0.114,0.014,0.19,-6.97,155,5185,147,0,0
135.2,3,12628.6,621.66,0.02,12702.8,21.9,0.76,-0.01,0.06,1.0,0.0,0.4,1,2285,606.0,1.34,-0.25,-0.02,7.38,121,20,3061,-0.0119,-0.009,0.023,-0.077,-0.47,-6.69,159,1436,-481,0,0,3075,-0.0117,0.007,0.037,-0.063,0.02,-7.14,156,1836,-80,0,0,5299,0.0105,0.0,0.086,-0.014,0.19,-6.98,160,4406,130,0,0,5317,0.0107,0.016,0.054,-0.046,0.15,-7.01,166,5115,115,0,0
135.22,3,12628.7,621.72,0.02,12702.91,22.4,0.76,-0.02,0.05,1.0,0.0,0.4,1,2285,606.0,1.34,-0.25,-0.03,6.65,127,21,3045,-0.0122,-0.013,0.023,-0.077,-0.58,-6.58,163,1433,-490,0,0,3084,-0.0116,0.007,0.036,-0.064,-0.09,-7.08,160,1828,-132,0,0,5282,0.0103,-0.01,0.031,-0.069,0.14,-7.03,172,4354,106,0,0,5332,0.0109,0.009,0.103,0.003,0.12,-7.04,162,5143,88,0,0
135.24,3,12628.8,621.78,0.02,12703.02,23.0,0.76,-0.02,0.04,1.0,0.0,0.4,1,2285,606.0,1.34,-0.25,-0.03,5.94,133,22,3035,-0.0123,-0.008,0.021,-0.079,-0.48,-6.69,165,1451,-463,0,0,3088,-0.0115,0.003,0.035,-0.065,-0.15,-7.01,164,1829,-178,0,0,5273,0.0102,-0.005,0.084,-0.016,0.18,-6.98,168,4462,110,0,0,5343,0.011,0.006,0.049,-0.051,0.12,-7.04,174,5032,75,0,0
135.26,3,12629.0,621.85,0.02,12703.14,23.5,0.75,-0.03,0.03,1.0,0.0,0.4,1,2285,606.0,1.34,-0.25,-0.04,5.2,139,23,3031,-0.0124,-0.003,0.029,-0.071,-0.51,-6.65,170,1471,-453,0,0,3097,-0.0114,0.007,0.035,-0.065,-0.23,-6.93,168,1835,-223,0,0,5253,0.01,-0.012,0.033,-0.067,0.13,-7.04,179,4441,94,0,0,5339,0.011,-0.002,0.097,-0.003,0.13,-7.03,169,5098,77,0,0
135.28,3,12629.1,621.91,0.02,12703.26,24.0,0.75,-0.03,0.03,1.0,0.0,0.4,1,2285,606.0,1.34,-0.25,-0.05,4.47,146,24,3024,-0.0125,-0.006,0.025,-0.075,-0.56,-6.6,174,1435,-459,0,0,3102,-0.0113,0.004,0.035,-0.065,-0.31,-6.86,172,1818,-265,0,0,5246,0.0099,-0.004,0.086,-0.014,0.07,-7.09,176,4500,64,0,0,5348,0.0111,0.005,0.05,-0.05,0.08,-7.08,182,4964,59,0,0
135.3,3,12629.2,621.97,0.02,12703.38,24.6,0.76,-0.04,0.02,1.0,0.0,0.4,1,2285,606.0,1.34,-0.25,-0.05,3.76,152,25,3017,-0.0126,-0.006,0.025,-0.075,-0.56,-6.6,177,1468,-456,0,0,3105,-0.0112,0.003,0.032,-0.068,-0.28,-6.88,175,1844,-277,0,0,5235,0.0098,-0.007,0.036,-0.064,0.07,-7.1,187,4480,47,0,0,5351,0.0111,0.002,0.094,-0.006,0.11,-7.05,177,5036,63,0,0
135.32,3,12629.4,622.04,0.02,12703.5,25.1,0.75,-0.04,0.01,1.0,0.0,0.4,1,2285,606.0,1.34,-0.24,-0.06,3.05,159,27,3011,-0.0127,-0.005,0.029,-0.071,-0.57,-6.59,181,1475,-449,0,0,3115,-0.0111,0.008,0.037,-0.063,-0.4,-6.76,180,1794,-312,0,0,5231,0.0097,-0.002,0.088,-0.012,0.02,-7.14,184,4531,25,0,0,5368,0.0113,0.01,0.051,-0.049,0.1,-7.06,190,4921,70,0,0
135.34,3,12629.5,622.11,0.02,12703.63,25.6,0.76,-0.04,0.0,1.0,0.0,0.4,1,2285,606.0,1.34,-0.24,-0.06,2.39,166,28,3012,-0.0127,0.001,0.027,-0.073,-0.55,-6.62,184,1518,-437,0,0,3121,-0.011,0.005,0.031,-0.069,-0.47,-6.69,183,1810,-350,0,0,5215,0.0095,-0.009,0.038,-0.062,0.0,-7.16,194,4572,4,0,0,5358,0.0112,-0.006,0.088,-0.012,0.01,-7.15,185,4974,31,0,0
135.36,3,12629.7,622.18,0.02,12703.75,26.1,0.75,-0.05,0.0,1.0,0.0,0.4,1,2285,606.0,1.34,-0.24,-0.07,1.76,173,29,3013,-0.0126,0.001,0.032,-0.068,-0.49,-6.67,189,1565,-410,0,0,3128,-0.0109,0.005,0.033,-0.067,-0.55,-6.61,188,1725,-392,0,0,5206,0.0094,-0.005,0.088,-0.012,0.0,-7.16,191,4615,-7,0,0,5356,0.0112,-0.001,0.047,-0.053,0.0,-7.16,198,4831,4,0,0
135.38,3,12629.8,622.24,0.02,12703.88,26.7,0.76,-0.05,-0.01,1.0,0.0,0.4,1,2285,606.0,1.34,-0.24,-0.07,1.18,180,30,3007,-0.0127,-0.005,0.029,-0.071,-0.58,-6.58,192,1586,-417,0,0,3133,-0.0108,0.004,0.03,-0.07,-0.57,-6.59,191,1732,-414,0,0,5195,0.0093,-0.006,0.044,-0.056,-0.02,-7.15,203,4605,-18,0,0,5360,0.0112,0.002,0.089,-0.011,-0.02,-7.15,194,4888,-13,0,0
135.4,3,12630.0,622.32,0.02,12704.02,27.2,0.75,-0.05,-0.01,1.0,0.0,0.4,1,2285,606.0,1.34,-0.24,-0.08,0.62,187,31,3002,-0.0128,-0.004,0.031,-0.069,-0.62,-6.54,196,1605,-428,0,0,3139,-0.0107,0.004,0.031,-0.069,-0.57,-6.6,195,1699,-421,0,0,5186,0.0092,-0.005,0.087,-0.013,-0.03,-7.13,199,4661,-30,0,0,5365,0.0113,0.003,0.046,-0.054,-0.02,-7.14,206,4798,-21,0,0
135.42,3,12630.1,622.39,0.02,12704.16,27.7,0.75,-0.06,-0.02,1.0,0.0,0.4,1,2285,606.0,1.34,-0.24,-0.08,0.07,194,32,2998,-0.0129,-0.003,0.032,-0.068,-0.71,-6.45,200,1615,-457,0,0,3146,-0.0106,0.006,0.032,-0.068,-0.55,-6.61,199,1695,-414,0,0,5189,0.0092,0.001,0.049,-0.051,-0.05,-7.11,211,4604,-41,0,0,5383,0.0115,0.01,0.09,-0.01,-0.04,-7.12,203,4818,-32,0,0
135.44,3,12630.3,622.46,0.02,12704.29,28.3,0.76,-0.06,-0.02,1.0,0.0,0.4,1,2285,606.0,1.34,-0.24,-0.09,-0.45,201,34,2998,-0.0129,0.0,0.032,-0.068,-0.74,-6.42,203,1672,-478,0,0,3152,-0.0105,0.004,0.03,-0.07,-0.6,-6.56,203,1637,-428,0,0,5185,0.0092,-0.002,0.086,-0.014,-0.06,-7.1,206,4688,-51,0,0,5386,0.0115,0.002,0.045,-0.055,0.04,-7.12,214,4801,7,0,0
135.46,3,12630.4,622.53,0.02,12704.44,28.8,0.75,-0.06,-0.03,1.0,0.0,0.4,1,2285,606.0,1.34,-0.24,-0.09,-0.96,209,35,2994,-0.0129,-0.003,0.033,-0.067,-0.75,-6.42,207,1689,-487,0,0,3159,-0.0104,0.006,0.03,-0.07,-0.59,-6.58,207,1620,-425,0,0,5190,0.0092,0.003,0.051,-0.049,-0.08,-7.08,219,4623,-63,0,0,5406,0.0118,0.012,0.087,-0.013,-0.06,-7.1,211,4770,-24,0,0
135.48,3,12630.6,622.61,0.02,12704.58,29.3,0.75,-0.07,-0.03,1.0,0.0,0.4,1,2285,606.0,1.34,-0.25,-0.1,-1.47,217,36,2991,-0.013,-0.002,0.033,-0.067,-0.85,-6.31,211,1665,-522,0,0,3171,-0.0102,0.009,0.031,-0.069,-0.55,-6.61,211,1667,-407,0,0,5192,0.0092,0.001,0.09,-0.01,-0.11,-7.05,215,4741,-79,0,0,5426,0.012,0.012,0.045,-0.055,-0.12,-7.04,223,4685,-69,0,0
135.5,3,12630.8,622.68,0.02,12704.73,29.9,0.75,-0.07,-0.03,1.0,0.0,0.4,1,2285,606.0,1.34,-0.25,-0.11,-1.95,225,38,2985,-0.0131,-0.005,0.033,-0.067,-0.9,-6.26,215,1689,-551,0,0,3174,-0.0102,0.002,0.028,-0.072,-0.63,-6.53,215,1621,-427,0,0,5188,0.0092,-0.002,0.049,-0.051,-0.11,-7.05,226,4695,-85,0,0,5435,0.0121,0.005,0.082,-0.018,-0.07,-7.09,218,4777,-62,0,0
135.52,3,12630.9,622.76,0.02,12704.88,30.4,0.75,-0.07,-0.04,1.0,0.0,0.4,1,2285,606.0,1.34,-0.25,-0.11,-2.4,233,39,2972,-0.0133,-0.01,0.034,-0.066,-0.92,-6.25,218,1733,-561,0,0,3181,-0.0101,0.005,0.027,-0.073,-0.66,-6.5,219,1598,-440,0,0,5178,0.0091,-0.006,0.091,-0.009,-0.15,-7.01,222,4787,-102,0,0,5452,0.0123,0.01,0.043,-0.057,-0.18,-6.98,230,4641,-117,0,0
135.54,3,12631.1,622.84,0.02,12705.03,30.9,0.75,-0.08,-0.04,1.0,0.0,0.4,1,2288,606.2,1.34,-0.25,-0.11,-2.79,241,40,2966,-0.0134,-0.004,0.034,-0.066,-1.01,-6.15,222,1718,-595,0,0,3179,-0.0101,-0.002,0.028,-0.072,-0.67,-6.49,223,1606,-447,0,0,5183,0.0091,0.002,0.053,-0.047,-0.18,-6.99,234,4745,-126,0,0,5460,0.0124,0.005,0.08,-0.02,-0.19,-6.97,226,4693,-149,0,0
135.56,3,12631.3,622.92,0.02,12705.19,31.5,0.76,-0.09,-0.04,1.0,0.0,0.46,1,2366,622.8,1.35,-0.26,-0.11,-3.17,249,42,2968,-0.0133,0.001,0.046,-0.054,-1.05,-6.11,229,1891,-618,0,0,3176,-0.0101,-0.002,0.039,-0.061,-0.68,-6.48,229,1746,-450,0,0,5199,0.0093,0.009,0.12,0.02,-0.21,-6.95,236,5043,-150,0,0,5471,0.0125,0.006,0.068,-0.032,-0.21,-6.95,246,4954,-167,0,0
135.58,3,12631.5,623.0,0.02,12705.35,32.1,0.9,-0.09,-0.05,0.5,0.0,0.56,1,2514,657.2,1.39,-0.27,-0.11,-3.63,259,44,2969,-0.0133,0.001,0.071,-0.029,-1.04,-6.13,238,2474,-597,0,0,3178,-0.0101,0.001,0.058,-0.042,-0.71,-6.45,239,2342,-450,0,0,5211,0.0095,0.007,0.147,0.047,-0.23,-6.93,268,5735,-134,0,0,5483,0.0127,0.007,0.179,0.079,-0.23,-6.93,256,5920,-148,0,0
135.6,3,12631.7,623.08,0.02,12705.51,32.8,1.02,-0.08,-0.05,1.0,0.0,0.56,1,2432,366.1,0.98,-0.29,-0.12,-4.16,270,45,2952,-0.0136,-0.013,0.035,-0.065,-1.12,-6.04,234,2451,-623,0,0,3165,-0.0103,-0.01,0.026,-0.074,-0.69,-6.48,235,2359,-442,0,0,5233,0.0097,0.013,0.148,0.048,-0.28,-6.88,247,5887,-139,0,0,5511,0.013,0.016,0.081,-0.019,-0.25,-6.91,252,6031,-149,0,0
135.62,3,12631.8,623.17,0.02,12705.68,33.4,0.83,-0.09,-0.05,1.0,0.0,0.46,1,2324,612.8,1.34,-0.3,-0.13,-4.46,279,47,2919,-0.0141,-0.026,0.006,-0.094,-1.18,-5.99,234,1230,-685,0,0,3145,-0.0106,-0.016,-0.001,-0.099,-0.76,-6.4,236,822,-481,0,0,5280,0.0103,0.028,-0.006,-0.094,-0.31,-6.85,239,4140,-256,0,0,5576,0.0138,0.038,0.021,-0.079,-0.29,-6.88,233,3626,-254,0,0
135.64,3,12632.0,623.25,0.02,12705.84,33.8,0.61,-0.1,-0.05,1.0,0.0,0.53,1,2497,655.1,1.39,-0.3,-0.13,-4.6,287,48,2887,-0.0146,-0.024,0.054,-0.046,-1.25,-5.92,247,1869,-693,0,0,3134,-0.0108,-0.008,0.041,-0.059,-0.77,-6.39,248,1652,-480,0,0,5310,0.0106,0.017,0.11,0.01,-0.31,-6.86,252,4847,-256,0,0,5633,0.0144,0.033,0.063,-0.037,-0.28,-6.88,261,4617,-259,0,0
135.66,3,12632.2,623.34,0.02,12706.02,34.4,0.82,-0.11,-0.06,1.0,0.0,0.59,1,2507,657.8,1.39,-0.3,-0.14,-4.97,298,50,2885,-0.0146,-0.001,0.039,-0.061,-1.31,-5.85,248,1959,-723,0,0,3142,-0.0107,0.006,0.029,-0.071,-0.83,-6.33,249,1717,-507,0,0,5306,0.0106,-0.002,0.062,-0.038,-0.33,-6.83,261,5167,-258,0,0,5641,0.0145,0.005,0.082,-0.018,-0.33,-6.83,253,5106,-276,0,0
135.68,3,12632.4,623.42,0.02,12706.19,35.0,0.8,-0.11,-0.06,1.0,0.0,0.61,1,2538,662.8,1.4,-0.3,-0.14,-5.29,307,52,2884,-0.0146,-0.001,0.04,-0.06,-1.32,-5.84,251,1850,-743,0,0,3144,-0.0106,0.002,0.029,-0.071,-0.81,-6.35,253,1633,-511,0,0,5299,0.0105,-0.004,0.095,-0.005,-0.25,-6.91,255,5126,-216,0,0,5639,0.0145,-0.001,0.042,-0.058,-0.35,-6.81,265,4754,-307,0,0
135.7,3,12632.6,623.51,0.02,12706.37,35.5,0.78,-0.12,-0.06,1.0,0.0,0.66,1,2592,672.1,1.41,-0.3,-0.13,-5.57,317,53,2886,-0.0146,0.001,0.044,-0.056,-1.38,-5.78,257,1928,-764,0,0,3145,-0.0106,0.001,0.031,-0.069,-0.88,-6.28,258,1607,-536,0,0,5307,0.0106,0.005,0.064,-0.036,-0.36,-6.8,270,5030,-266,0,0,5646,0.0146,0.004,0.082,-0.018,-0.38,-6.79,262,4864,-330,0,0
135.72,3,12632.8,623.6,0.02,12706.55,36.1,0.8,-0.12,-0.06,1.0,0.0,0.7,1,2637,680.1,1.42,-0.3,-0.13,-5.84,327,55,2892,-0.0145,0.005,0.045,-0.055,-1.4,-5.76,260,2009,-780,0,0,3147,-0.0106,0.001,0.032,-0.068,-0.88,-6.29,262,1671,-544,0,0,5312,0.0107,0.003,0.101,0.001,-0.39,-6.78,266,5193,-293,0,0,5644,0.0146,-0.001,0.05,-0.05,-0.38,-6.78,276,4954,-342,0,0
135.74,3,12633.0,623.69,0.02,12706.73,36.7,0.81,-0.13,-0.06,1.0,0.0,0.73,1,2682,687.9,1.43,-0.3,-0.13,-6.17,339,57,2897,-0.0144,0.004,0.045,-0.055,-1.49,-5.67,265,1982,-819,0,0,3153,-0.0105,0.005,0.032,-0.068,-0.89,-6.27,266,1703,-551,0,0,5307,0.0106,-0.003,0.067,-0.033,-0.41,-6.75,280,5189,-316,0,0,5642,0.0145,-0.002,0.085,-0.015,-0.4,-6.76,271,5066,-352,0,0
135.76,3,12633.2,623.78,0.02,12706.92,37.3,0.82,-0.13,-0.06,1.0,0.0,0.77,1,2727,695.9,1.44,-0.29,-0.14,-6.5,349,59,2899,-0.0144,0.002,0.046,-0.054,-1.48,-5.68,269,2066,-826,0,0,3155,-0.0105,0.001,0.032,-0.068,-0.94,-6.22,270,1740,-572,0,0,5298,0.0105,-0.006,0.105,0.005,-0.43,-6.73,276,5299,-325,0,0,5632,0.0144,-0.006,0.054,-0.046,-0.41,-6.76,285,5092,-358,0,0
135.78,3,12633.4,623.87,0.02,12707.11,37.9,0.84,-0.13,-0.07,1.0,0.0,0.81,1,2771,703.6,1.45,-0.3,-0.15,-6.91,359,61,2896,-0.0144,-0.003,0.046,-0.054,-1.56,-5.6,273,2023,-858,0,0,3166,-0.0103,0.009,0.034,-0.066,-0.91,-6.25,275,1810,-569,0,0,5279,0.0103,-0.011,0.072,-0.028,-0.46,-6.7,289,5281,-346,0,0,5632,0.0144,0.0,0.09,-0.01,-0.39,-6.78,281,5264,-335,0,0
135.8,3,12633.6,623.96,0.02,12707.3,38.4,0.84,-0.14,-0.07,1.0,0.0,0.85,1,2822,712.7,1.46,-0.3,-0.17,-7.29,371,62,2884,-0.0146,-0.009,0.047,-0.053,-1.62,-5.54,278,2062,-879,0,0,3181,-0.0101,0.011,0.034,-0.066,-0.99,-6.17,280,1772,-601,0,0,5272,0.0102,-0.004,0.11,0.01,-0.52,-6.64,286,5319,-382,0,0,5660,0.0148,0.017,0.056,-0.044,-0.51,-6.65,295,5105,-421,0,0
135.82,3,12633.9,624.05,0.02,12707.49,39.0,0.85,-0.15,-0.07,1.0,0.0,0.89,1,2873,721.9,1.48,-0.3,-0.17,-7.65,383,64,2874,-0.0148,-0.008,0.05,-0.05,-1.67,-5.49,283,2128,-895,0,0,3193,-0.0099,0.009,0.034,-0.066,-1.02,-6.14,284,1834,-622,0,0,5266,0.0101,-0.004,0.081,-0.019,-0.57,-6.59,300,5364,-414,0,0,5683,0.015,0.013,0.093,-0.007,-0.5,-6.66,292,5327,-425,0,0
135.84,3,12634.1,624.15,0.02,12707.69,39.7,0.86,-0.15,-0.07,1.0,0.0,0.93,1,2924,731.2,1.49,-0.3,-0.17,-7.97,395,66,2872,-0.0148,-0.002,0.053,-0.047,-1.72,-5.45,288,2161,-915,0,0,3198,-0.0098,0.004,0.034,-0.066,-1.1,-6.06,290,1821,-660,0,0,5262,0.0101,-0.002,0.118,0.018,-0.6,-6.56,297,5460,-430,0,0,5688,0.0151,0.003,0.061,-0.039,-0.61,-6.55,306,5306,-505,0,0
135.86,3,12634.3,624.24,0.02,12707.9,40.3,0.88,-0.16,-0.07,1.0,0.0,0.97,1,2972,739.9,1.5,-0.3,-0.18,-8.28,407,68,2866,-0.0149,-0.005,0.052,-0.048,-1.77,-5.39,292,2167,-940,0,0,3193,-0.0099,-0.004,0.035,-0.065,-1.01,-6.15,293,1968,-633,0,0,5267,0.0101,0.003,0.088,-0.012,-0.65,-6.51,312,5463,-472,0,0,5695,0.0152,0.004,0.097,-0.003,-0.65,-6.52,303,5443,-546,0,0
135.88,3,12634.5,624.34,0.02,12708.1,40.9,0.88,-0.17,-0.07,1.0,0.0,1.0,1,3028,750.2,1.51,-0.31,-0.18,-8.59,420,71,2855,-0.0151,-0.009,0.056,-0.044,-1.82,-5.34,298,2221,-956,0,0,3193,-0.0099,0.0,0.036,-0.064,-1.17,-5.99,299,1892,-693,0,0,5266,0.0101,-0.001,0.123,0.023,-0.69,-6.47,308,5529,-493,0,0,5708,0.0153,0.008,0.067,-0.033,-0.68,-6.48,317,5446,-585,0,0
135.9,3,12634.8,624.43,0.02,12708.31,41.5,0.9,-0.17,-0.07,1.0,0.0,1.0,1,3079,759.7,1.52,-0.32,-0.19,-8.91,432,73,2836,-0.0154,-0.014,0.055,-0.045,-1.88,-5.28,302,2251,-971,0,0,3191,-0.0099,-0.001,0.038,-0.062,-1.09,-6.07,303,2070,-671,0,0,5262,0.0101,-0.002,0.097,-0.003,-0.71,-6.45,323,5571,-504,0,0,5726,0.0155,0.011,0.103,0.003,-0.72,-6.44,314,5602,-611,0,0
135.92,3,12635.0,624.53,0.02,12708.53,42.2,0.91,-0.18,-0.07,1.0,0.0,1.0,1,3135,769.9,1.54,-0.32,-0.2,-9.23,446,75,2822,-0.0156,-0.011,0.059,-0.041,-1.94,-5.22,308,2273,-991,0,0,3190,-0.0099,-0.001,0.038,-0.062,-1.27,-5.89,309,1970,-744,0,0,5269,0.0102,0.004,0.13,0.03,-0.78,-6.38,319,5607,-542,0,0,5751,0.0158,0.014,0.071,-0.029,-0.75,-6.41,329,5588,-647,0,0
135.94,3,12635.2,624.63,0.02,12708.74,42.8,0.92,-0.18,-0.08,1.0,0.0,1.0,1,3194,781.0,1.55,-0.32,-0.2,-9.58,461,77,2805,-0.0158,-0.013,0.061,-0.039,-2.01,-5.15,314,2337,-1005,0,0,3186,-0.01,-0.003,0.04,-0.06,-1.33,-5.83,314,2057,-785,0,0,5273,0.0102,0.002,0.103,0.003,-0.81,-6.35,336,5638,-560,0,0,5770,0.0161,0.011,0.109,0.009,-0.77,-6.39,326,5759,-649,0,0
135.96,3,12635.5,624.73,0.02,12708.96,43.5,0.93,-0.19,-0.08,1.0,0.0,1.0,1,3252,792.1,1.56,-0.33,-0.21,-9.94,474,80,2790,-0.0161,-0.012,0.064,-0.036,-1.97,-5.19,319,2403,-982,0,0,3182,-0.01,-0.003,0.043,-0.057,-1.32,-5.84,319,2149,-787,0,0,5262,0.0101,-0.006,0.146,0.046,-0.84,-6.32,333,5748,-542,0,0,5775,0.0161,0.003,0.081,-0.019,-0.88,-6.28,342,5814,-717,0,0
135.98,3,12635.7,624.83,0.02,12709.19,44.2,0.95,-0.19,-0.08,1.0,0.0,1.0,1,3312,803.2,1.58,-0.34,-0.22,-10.25,488,82,2769,-0.0164,-0.016,0.066,-0.034,-2.15,-5.02,324,2391,-1029,0,0,3165,-0.0103,-0.013,0.043,-0.057,-1.43,-5.74,326,2183,-829,0,0,5277,0.0103,0.009,0.113,0.013,-0.9,-6.26,349,5733,-595,0,0,5795,0.0164,0.012,0.116,0.016,-0.92,-6.24,338,5897,-758,0,0
136.0,3,12636.0,624.93,0.02,12709.42,44.8,0.96,-0.2,-0.08,1.0,0.0,1.0,1,3372,814.8,1.59,-0.35,-0.23,-10.61,501,85,2746,-0.0168,-0.018,0.07,-0.03,-2.17,-4.99,330,2444,-1029,0,0,3160,-0.0104,-0.004,0.046,-0.054,-1.47,-5.69,331,2260,-855,0,0,5277,0.0103,0.0,0.151,0.051,-0.99,-6.17,346,5792,-627,0,0,5819,0.0166,0.014,0.091,-0.009,-0.92,-6.24,355,5998,-754,0,0
136.02,3,12636.2,625.03,0.02,12709.65,45.5,0.98,-0.21,-0.08,1.0,0.0,1.0,1,3430,825.9,1.61,-0.36,-0.23,-10.99,517,88,2724,-0.0171,-0.017,0.074,-0.026,-2.18,-4.98,336,2482,-1014,0,0,3164,-0.0103,0.003,0.046,-0.054,-1.58,-5.58,336,2222,-910,0,0,5291,0.0104,0.008,0.121,0.021,-1.06,-6.1,362,5802,-672,0,0,5866,0.0172,0.028,0.122,0.022,-1.0,-6.16,351,6066,-802,0,0
136.04,3,12636.5,625.13,0.02,12709.88,46.2,0.98,-0.22,-0.08,1.0,0.0,1.0,1,3498,839.1,1.62,-0.37,-0.24,-11.3,531,90,2704,-0.0174,-0.015,0.079,-0.021,-2.36,-4.8,342,2502,-1051,0,0,3154,-0.0105,-0.007,0.048,-0.052,-1.66,-5.5,343,2312,-950,0,0,5309,0.0106,0.01,0.159,0.059,-1.13,-6.03,359,5866,-701,0,0,5897,0.0176,0.018,0.095,-0.005,-1.12,-6.04,368,6095,-895,0,0
136.06,3,12636.7,625.23,0.02,12710.12,46.9,1.0,-0.23,-0.08,1.0,0.0,1.0,1,3565,849.1,1.64,-0.38,-0.25,-11.66,547,93,2689,-0.0176,-0.011,0.08,-0.02,-2.49,-4.67,349,2472,-1103,0,0,3148,-0.0106,-0.005,0.052,-0.048,-1.7,-5.46,349,2417,-969,0,0,5331,0.0109,0.013,0.132,0.032,-1.19,-5.97,376,5902,-736,0,0,5930,0.0179,0.019,0.131,0.031,-1.16,-6.0,365,6224,-922,0,0
136.08,3,12637.0,625.34,0.02,12710.37,47.6,1.01,-0.24,-0.09,0.5,0.0,1.0,1,3632,859.1,1.65,-0.39,-0.26,-12.08,564,96,2675,-0.0178,-0.011,0.084,-0.016,-2.56,-4.6,355,2499,-1119,0,0,3146,-0.0106,-0.001,0.054,-0.046,-1.79,-5.37,355,2446,-1010,0,0,5346,0.0111,0.009,0.169,0.069,-1.23,-5.93,373,5963,-735,0,0,5962,0.0183,0.018,0.105,0.005,-1.21,-5.95,383,6284,-954,0,0
136.1,3,12637.3,625.44,0.02,12710.61,48.3,0.99,-0.25,-0.09,1.0,0.0,1.0,1,3527,482.4,1.16,-0.39,-0.29,-12.46,580,99,2650,-0.0182,-0.02,0.054,-0.046,-2.64,-4.52,349,2291,-1191,0,0,3149,-0.0106,0.002,0.03,-0.07,-1.78,-5.38,350,2122,-1046,0,0,5347,0.0111,0.001,0.074,-0.026,-1.28,-5.88,362,5678,-916,0,0,6000,0.0188,0.023,0.067,-0.033,-1.27,-5.89,354,5782,-1159,0,0
136.12,3,12637.5,625.55,0.02,12710.86,48.9,0.75,-0.29,-0.09,1.0,0.0,1.0,1,3587,850.4,1.64,-0.39,-0.31,-12.28,594,101,2618,-0.0187,-0.025,0.054,-0.046,-2.76,-4.4,356,1750,-1305,0,0,3166,-0.0103,0.013,0.034,-0.066,-1.96,-5.2,358,1391,-1160,0,0,5332,0.0109,-0.009,0.105,0.005,-1.29,-5.87,365,4945,-1134,0,0,6049,0.0193,0.029,0.054,-0.046,-1.26,-5.91,376,4408,-1353,0,0
136.14,3,12637.8,625.65,0.02,12711.12,49.5,0.92,-0.27,-0.09,1.0,0.0,1.0,1,3842,890.2,1.7,-0.38,-0.33,-12.74,611,104,2602,-0.019,-0.012,0.102,0.002,-2.84,-4.32,375,2488,-1164,0,0,3202,-0.0097,0.028,0.07,-0.03,-1.97,-5.2,374,2642,-1114,0,0,5294,0.0105,-0.023,0.162,0.062,-1.33,-5.83,407,5950,-759,0,0,6078,0.0197,0.017,0.156,0.056,-1.31,-5.85,395,6532,-997,0,0
136.16,3,12638.1,625.76,0.02,12711.38,50.2,1.04,-0.25,-0.09,0.5,0.0,1.0,1,3926,902.9,1.72,-0.39,-0.34,-13.57,627,107,2594,-0.0191,-0.006,0.106,0.006,-2.89,-4.27,381,2610,-1117,0,0,3231,-0.0093,0.022,0.07,-0.03,-2.11,-5.05,381,2811,-1161,0,0,5255,0.01,-0.023,0.211,0.111,-1.46,-5.7,407,6017,-687,0,0,6089,0.0198,0.006,0.139,0.039,-1.45,-5.72,415,6703,-959,0,0
136.18,3,12638.4,625.86,0.02,12711.64,51.0,1.06,-0.26,-0.09,1.0,0.0,1.0,1,3804,505.2,1.2,-0.39,-0.35,-14.22,647,110,2580,-0.0193,-0.011,0.075,-0.025,-3.06,-4.1,374,2442,-1225,0,0,3238,-0.0092,0.006,0.042,-0.058,-2.13,-5.03,374,2532,-1228,0,0,5263,0.0101,0.004,0.107,0.007,-1.63,-5.54,393,5842,-943,0,0,6124,0.0202,0.021,0.093,-0.007,-1.58,-5.58,383,6362,-1270,0,0
136.2,3,12638.7,625.97,0.02,12711.91,51.6,0.86,-0.33,-0.1,1.0,0.0,1.0,1,3799,882.1,1.69,-0.39,-0.35,-14.11,662,112,2569,-0.0195,-0.009,0.064,-0.036,-3.1,-4.06,377,1986,-1375,0,0,3239,-0.0092,0.0,0.033,-0.067,-2.33,-4.83,378,1543,-1392,0,0,5267,0.0101,0.003,0.112,0.012,-1.65,-5.51,387,5199,-1322,0,0,6144,0.0204,0.012,0.055,-0.045,-1.56,-5.6,397,4900,-1639,0,0
136.22,3,12639.0,626.08,0.02,12712.17,52.2,0.9,-0.33,-0.1,1.0,0.0,1.0,1,4010,914.7,1.74,-0.39,-0.36,-14.28,679,115,2571,-0.0194,0.002,0.097,-0.003,-3.2,-3.96,394,2375,-1293,0,0,3249,-0.009,0.008,0.063,-0.037,-2.41,-4.76,393,2433,-1384,0,0,5257,0.01,-0.006,0.147,0.047,-1.62,-5.54,423,5794,-1018,0,0,6144,0.0205,0.0,0.137,0.037,-1.62,-5.54,410,6311,-1380,0,0
136.24,3,12639.3,626.18,0.02,12712.45,53.0,1.02,-0.3,-0.1,0.5,0.0,1.0,1,4140,935.0,1.77,-0.39,-0.36,-14.91,697,118,2573,-0.0194,0.001,0.11,0.01,-3.41,-3.75,404,2537,-1265,0,0,3260,-0.0088,0.009,0.073,-0.027,-2.51,-4.65,403,2780,-1383,0,0,5248,0.0099,-0.006,0.211,0.111,-1.7,-5.46,429,5978,-836,0,0,6147,0.0205,0.002,0.135,0.035,-1.75,-5.42,437,6651,-1251,0,0
136.26,3,12639.6,626.29,0.02,12712.73,53.7,1.05,-0.31,-0.1,1.0,0.0,1.0,1,4050,525.5,1.24,-0.4,-0.37,-15.53,716,122,2569,-0.0195,-0.003,0.087,-0.013,-3.54,-3.62,399,2456,-1343,0,0,3256,-0.0089,-0.003,0.051,-0.049,-2.61,-4.55,398,2600,-1467,0,0,5267,0.0101,0.011,0.123,0.023,-1.84,-5.33,419,5874,-1035,0,0,6166,0.0207,0.011,0.106,0.006,-1.82,-5.34,409,6461,-1448,0,0
136.28,3,12639.9,626.4,0.02,12713.01,54.3,0.9,-0.37,-0.1,1.0,0.0,1.0,1,4041,918.6,1.75,-0.4,-0.38,-15.55,734,125,2546,-0.0198,-0.017,0.072,-0.028,-3.68,-3.48,400,2051,-1526,0,0,3256,-0.0089,0.0,0.041,-0.059,-2.74,-4.43,402,1848,-1621,0,0,5270,0.0102,0.002,0.127,0.027,-1.91,-5.25,412,5399,-1426,0,0,6199,0.0211,0.019,0.066,-0.034,-1.84,-5.32,423,5312,-1880,0,0
136.3,3,12640.2,626.5,0.02,12713.3,55.0,0.94,-0.37,-0.11,1.0,0.0,1.0,1,4262,953.0,1.8,-0.4,-0.41,-15.84,752,128,2532,-0.02,-0.011,0.109,0.009,-3.72,-3.44,418,2394,-1389,0,0,3268,-0.0087,0.009,0.07,-0.03,-2.83,-4.34,418,2581,-1584,0,0,5259,0.01,-0.007,0.16,0.06,-1.88,-5.28,450,5844,-1105,0,0,6220,0.0213,0.013,0.148,0.048,-1.91,-5.25,437,6494,-1554,0,0
136.32,3,12640.5,626.61,0.01,12713.59,55.7,1.04,-0.33,-0.11,0.5,0.0,1.0,1,4425,978.5,1.84,-0.41,-0.42,-16.64,770,131,2511,-0.0204,-0.016,0.127,0.027,-3.95,-3.21,431,2545,-1302,0,0,3291,-0.0084,0.018,0.09,-0.01,-2.91,-4.25,429,3021,-1514,0,0,5226,0.0097,-0.019,0.236,0.136,-2.0,-5.16,460,5996,-881,0,0,6246,0.0216,0.015,0.155,0.055,-2.05,-5.11,468,6841,-1364,0,0
136.34,3,12640.8,626.72,0.01,12713.88,56.5,1.08,-0.33,-0.11,1.0,0.0,1.0,1,4351,551.0,1.29,-0.41,-0.42,-17.4,791,135,2498,-0.0206,-0.01,0.11,0.01,-4.13,-3.03,427,2502,-1351,0,0,3298,-0.0083,0.006,0.069,-0.031,-3.1,-4.06,426,2890,-1635,0,0,5236,0.0098,0.006,0.152,0.052,-2.28,-4.88,451,5910,-1121,0,0,6283,0.0221,0.022,0.129,0.029,-2.22,-4.95,441,6732,-1600,0,0
136.36,3,12641.1,626.82,0.01,12714.18,57.2,1.06,-0.35,-0.11,0.5,0.0,1.0,1,5092,1001.8,1.98,-0.42,-0.43,-18.07,813,138,2486,-0.0208,-0.009,0.209,0.109,-4.28,-2.88,480,2697,-1155,0,0,3298,-0.0083,-0.001,0.167,0.067,-3.24,-3.93,477,3407,-1425,0,0,5250,0.0099,0.008,0.432,0.332,-2.33,-4.83,554,6136,-692,0,0,6312,0.0224,0.017,0.331,0.231,-2.34,-4.82,568,7211,-1003,0,0
136.38,3,12641.4,626.93,0.01,12714.48,58.1,1.18,-0.19,-0.11,0.5,0.0,1.0,1,5841,547.2,1.51,-0.43,-0.41,-19.23,835,142,2471,-0.021,-0.011,0.372,0.272,-4.57,-2.59,545,2951,-616,0,0,3300,-0.0082,0.002,0.321,0.221,-3.52,-3.64,543,3903,-738,0,0,5248,0.0099,-0.001,0.578,0.478,-2.77,-4.39,632,6184,-431,0,0,6332,0.0227,0.012,0.556,0.456,-2.68,-4.48,623,7351,-557,0,0
136.4,3,12641.8,627.04,0.01,12714.79,58.9,1.2,-0.17,-0.12,0.5,0.0,1.0,1,5714,323.3,1.17,-0.45,-0.38,-19.96,860,147,2472,-0.021,0.001,0.373,0.273,-4.86,-2.31,555,2959,-595,0,0,3265,-0.0088,-0.027,0.314,0.214,-3.85,-3.31,552,3871,-727,0,0,5297,0.0105,0.029,0.5,0.4,-3.11,-4.05,598,6224,-582,0,0,6333,0.0227,0.001,0.393,0.293,-3.03,-4.13,613,7326,-772,0,0
136.42,3,12642.1,627.15,0.01,12715.11,59.7,1.19,-0.2,-0.12,0.5,0.0,1.0,1,5604,330.3,1.15,-0.46,-0.35,-20.4,883,151,2472,-0.021,0.0,0.342,0.242,-5.28,-1.88,533,2927,-711,0,0,3205,-0.0097,-0.046,0.287,0.187,-4.16,-3.0,530,3761,-862,0,0,5362,0.0113,0.039,0.418,0.318,-3.37,-3.79,545,6267,-787,0,0,6321,0.0225,-0.007,0.407,0.307,-3.28,-3.88,528,7265,-1029,0,0
136.44,3,12642.4,627.26,0.01,12715.42,60.6,1.17,-0.27,-0.12,0.5,0.0,1.0,1,5230,333.5,1.12,-0.48,-0.34,-20.61,906,155,2465,-0.0211,-0.005,0.238,0.138,-5.59,-1.57,514,2823,-972,0,0,3140,-0.0107,-0.049,0.185,0.085,-4.45,-2.71,512,3535,-1216,0,0,5435,0.0121,0.043,0.326,0.226,-3.45,-3.71,541,6268,-1114,0,0,6318,0.0225,-0.002,0.228,0.128,-3.42,-3.74,558,7114,-1521,0,0
136.46,3,12642.8,627.37,0.02,12715.75,61.3,1.11,-0.37,-0.12,1.0,0.0,1.0,1,4955,334.6,1.09,-0.49,-0.35,-20.6,928,159,2443,-0.0214,-0.017,0.149,0.049,-5.88,-1.28,483,2567,-1374,0,0,3097,-0.0113,-0.033,0.106,0.006,-4.65,-2.51,483,3115,-1721,0,0,5478,0.0126,0.025,0.155,0.055,-3.72,-3.44,520,6071,-1758,0,0,6334,0.0227,0.009,0.167,0.067,-3.56,-3.61,500,6778,-2234,0,0
136.48,3,12643.1,627.48,0.01,12716.08,62.1,1.03,-0.48,-0.13,0.5,0.0,1.0,1,5027,792.5,1.67,-0.5,-0.38,-20.37,947,163,2419,-0.0218,-0.018,0.159,0.059,-6.04,-1.12,493,2371,-1578,0,0,3083,-0.0116,-0.011,0.112,0.012,-4.9,-2.26,494,2719,-2055,0,0,5484,0.0127,0.004,0.251,0.151,-3.72,-3.44,526,6038,-1848,0,0,6353,0.0229,0.011,0.165,0.065,-3.51,-3.66,543,6617,-2482,0,0
136.5,3,12643.5,627.59,0.01,12716.41,62.8,1.06,-0.46,-0.13,0.5,0.0,1.0,1,5127,334.0,1.11,-0.5,-0.42,-20.69,970,167,2381,-0.0224,-0.029,0.185,0.085,-6.29,-0.87,504,2465,-1414,0,0,3114,-0.0111,0.024,0.138,0.038,-5.07,-2.09,501,3042,-1883,0,0,5456,0.0124,-0.017,0.258,0.158,-3.81,-3.35,522,6115,-1642,0,0,6415,0.0236,0.036,0.165,0.065,-3.61,-3.55,524,6875,-2259,0,0
136.52,3,12643.8,627.69,0.01,12716.74,63.5,1.02,-0.52,-0.14,0.5,0.0,1.0,1,4916,334.9,1.08,-0.5,-0.47,-20.68,992,170,2347,-0.0229,-0.026,0.127,0.027,-6.61,-0.55,486,2181,-1688,0,0,3157,-0.0104,0.033,0.08,-0.02,-5.2,-1.96,482,2450,-2350,0,0,5416,0.0119,-0.023,0.186,0.086,-3.86,-3.3,499,5709,-2253,0,0,6475,0.0243,0.035,0.101,0.001,-3.74,-3.42,501,6180,-3137,0,0
136.54,3,12644.2,627.8,0.01,12717.08,64.1,0.85,-0.65,-0.14,1.0,0.0,1.0,1,4780,335.4,1.06,-0.48,-0.54,-20.07,1012,173,2306,-0.0235,-0.032,0.091,-0.009,-6.77,-0.39,464,1735,-1970,0,0,3216,-0.0095,0.045,0.05,-0.05,-5.51,-1.65,464,1666,-2741,0,0,5357,0.0112,-0.035,0.14,0.04,-3.75,-3.41,438,4959,-2835,0,0,6547,0.0252,0.043,0.061,-0.039,-3.65,-3.51,452,4642,-3870,0,0
136.56,3,12644.5,627.9,0.01,12717.42,64.5,0.59,-0.74,-0.15,1.0,0.0,1.0,1,4856,792.1,1.65,-0.46,-0.63,-18.96,1030,176,2263,-0.0242,-0.033,0.078,-0.022,-7.03,-0.13,480,1382,-2113,0,0,3308,-0.0081,0.071,0.044,-0.056,-5.65,-1.51,481,1298,-2948,0,0,5257,0.01,-0.059,0.084,-0.016,-3.41,-3.75,519,4607,-2797,0,0,6623,0.0261,0.045,0.105,0.005,-3.37,-3.8,499,4974,-3672,0,0
136.58,3,12644.9,628.0,0.01,12717.77,65.1,0.86,-0.63,-0.15,0.5,0.0,1.0,1,5164,1003.5,2.01,-0.43,-0.71,-19.36,1054,179,2228,-0.0247,-0.027,0.15,0.05,-7.25,0.09,510,1976,-1729,0,0,3443,-0.006,0.104,0.107,0.007,-5.82,-1.34,508,2689,-2680,0,0,5088,0.008,-0.099,0.213,0.113,-3.48,-3.68,531,5606,-1721,0,0,6677,0.0267,0.031,0.141,0.041,-3.39,-3.78,539,6784,-2707,0,0
136.6,3,12645.2,628.1,0.01,12718.12,65.8,0.99,-0.55,-0.16,0.5,0.0,1.0,1,5165,561.5,1.41,-0.4,-0.77,-20.53,1079,183,2200,-0.0252,-0.022,0.164,0.064,-7.57,0.41,519,2100,-1573,0,0,3564,-0.0042,0.093,0.09,-0.01,-6.03,-1.13,504,2708,-2843,0,0,4924,0.0061,-0.096,0.17,0.07,-3.68,-3.49,532,5452,-1672,0,0,6709,0.0271,0.019,0.14,0.04,-3.56,-3.6,520,6896,-2677,0,0
136.62,3,12645.6,628.2,0.01,12718.48,66.4,0.88,-0.62,-0.17,1.0,0.0,1.0,1,5037,334.6,1.09,-0.39,-0.81,-20.97,1101,186,2177,-0.0255,-0.017,0.121,0.021,-7.87,0.7,494,1817,-1810,0,0,3647,-0.0029,0.064,0.06,-0.04,-6.29,-0.87,485,1913,-3295,0,0,4804,0.0047,-0.071,0.116,0.016,-3.74,-3.43,477,4807,-2288,0,0,6726,0.0273,0.01,0.115,0.015,-3.62,-3.54,461,5566,-3631,0,0
136.64,3,12646.0,628.3,0.01,12718.83,66.8,0.62,-0.73,-0.17,1.0,0.0,1.0,1,5042,792.6,1.69,-0.36,-0.85,-20.46,1116,188,2166,-0.0257,-0.008,0.089,-0.011,-8.08,0.92,499,1397,-2070,0,0,3714,-0.0019,0.051,0.046,-0.054,-6.44,-0.73,499,1500,-3502,0,0,4711,0.0036,-0.055,0.144,0.044,-3.61,-3.55,519,4498,-2393,0,0,6734,0.0274,0.005,0.052,-0.048,-3.53,-3.63,537,4521,-3922,0,0
136.66,3,12646.4,628.4,0.01,12719.2,67.4,0.84,-0.65,-0.18,0.5,0.0,1.0,1,5369,1005.2,2.06,-0.34,-0.88,-21.49,1137,192,2174,-0.0255,0.006,0.16,0.06,-8.34,1.18,531,1863,-1784,0,0,3799,-0.0006,0.066,0.106,0.006,-6.66,-0.5,525,2784,-3180,0,0,4609,0.0024,-0.06,0.199,0.099,-3.65,-3.51,566,5126,-1570,0,0,6734,0.0274,0.0,0.174,0.074,-3.56,-3.6,549,6949,-2662,0,0
136.68,3,12646.7,628.49,0.01,12719.56,68.0,0.96,-0.57,-0.18,0.5,0.0,1.0,1,5388,560.0,1.45,-0.33,-0.88,-23.06,1160,195,2184,-0.0254,0.007,0.176,0.076,-8.73,1.57,540,2026,-1651,0,0,3868,0.0005,0.053,0.094,-0.006,-7.0,-0.16,524,2825,-3283,0,0,4538,0.0016,-0.042,0.187,0.087,-3.96,-3.2,558,5075,-1544,0,0,6741,0.0275,0.004,0.151,0.051,-3.84,-3.32,544,6976,-2718,0,0
136.7,3,12647.1,628.58,0.01,12719.93,68.6,0.9,-0.65,-0.19,0.5,0.0,1.0,1,5345,333.1,1.12,-0.33,-0.88,-23.82,1180,199,2197,-0.0252,0.01,0.146,0.046,-9.07,1.91,520,1830,-1862,0,0,3895,0.0009,0.021,0.079,-0.021,-7.26,0.1,510,2297,-3606,0,0,4527,0.0014,-0.006,0.201,0.101,-4.13,-3.03,502,4811,-1974,0,0,6749,0.0276,0.005,0.111,0.011,-3.98,-3.18,507,6282,-3453,0,0
136.72,3,12647.5,628.67,0.01,12720.31,69.2,0.75,-0.74,-0.19,1.0,0.0,1.0,1,5119,333.9,1.11,-0.33,-0.89,-23.67,1198,202,2210,-0.025,0.01,0.089,-0.011,-9.3,2.14,514,1437,-2154,0,0,3902,0.001,0.005,0.041,-0.059,-7.5,0.34,513,1635,-3869,0,0,4550,0.0017,0.014,0.062,-0.038,-4.1,-3.06,544,4013,-2680,0,0,6763,0.0277,0.009,0.077,-0.023,-3.95,-3.21,524,4487,-4244,0,0
136.74,3,12647.9,628.76,0.01,12720.68,69.5,0.57,-0.81,-0.2,1.0,0.0,1.0,1,5286,792.2,1.74,-0.32,-0.9,-23.01,1213,204,2218,-0.0249,0.006,0.09,-0.01,-9.65,2.49,516,1274,-2256,0,0,3920,0.0013,0.014,0.047,-0.053,-7.69,0.53,515,1458,-3964,0,0,4559,0.0018,0.005,0.09,-0.01,-4.01,-3.15,521,4202,-2561,0,0,6785,0.028,0.013,0.022,-0.078,-3.85,-3.31,543,4753,-4140,0,0
136.76,3,12648.3,628.84,0.01,12721.06,70.1,0.81,-0.71,-0.21,0.5,0.0,1.0,1,5586,1003.2,2.11,-0.32,-0.91,-23.8,1232,207,2233,-0.0246,0.012,0.167,0.067,-9.9,2.74,553,1812,-1945,0,0,3957,0.0019,0.029,0.11,0.01,-7.93,0.77,548,2715,-3562,0,0,4536,0.0015,-0.013,0.198,0.098,-4.12,-3.04,588,4984,-1739,0,0,6791,0.0281,0.004,0.171,0.071,-3.91,-3.26,571,6876,-2956,0,0
136.78,3,12648.7,628.93,0.01,12721.45,70.7,0.95,-0.62,-0.21,0.5,0.0,1.0,1,5597,555.3,1.48,-0.32,-0.9,-25.16,1257,211,2242,-0.0245,0.007,0.183,0.083,-10.1,2.94,562,1985,-1803,0,0,3981,0.0023,0.019,0.102,0.002,-8.23,1.06,547,2803,-3564,0,0,4538,0.0016,0.001,0.204,0.104,-4.13,-3.03,570,5054,-1615,0,0,6813,0.0283,0.013,0.129,0.029,-4.07,-3.09,572,6885,-3018,0,0
136.8,3,12649.1,629.01,0.01,12721.83,71.3,0.86,-0.7,-0.22,1.0,0.0,1.0,1,5424,332.0,1.14,-0.33,-0.89,-25.58,1278,215,2252,-0.0243,0.008,0.121,0.021,-10.6,3.44,537,1701,-2066,0,0,3977,0.0022,-0.003,0.053,-0.047,-8.52,1.36,529,2043,-3953,0,0,4556,0.0018,0.011,0.073,-0.027,-4.49,-2.67,526,4451,-2483,0,0,6812,0.0283,-0.001,-0.002,-0.098,-4.25,-2.91,549,5079,-4268,0,0
136.82,3,12649.5,629.09,0.01,12722.22,71.7,0.62,-0.83,-0.22,1.0,0.0,1.0,1,5511,791.5,1.77,-0.32,-0.9,-24.85,1293,217,2261,-0.0242,0.007,0.12,0.02,-10.97,3.81,547,1370,-2290,0,0,3968,0.0021,-0.007,0.069,-0.031,-8.79,1.63,547,1669,-4097,0,0,4580,0.0021,0.014,0.143,0.043,-4.43,-2.73,597,4409,-2559,0,0,6812,0.0283,0.0,0.136,0.036,-4.28,-2.88,576,5210,-4283,0,0
136.84,3,12649.9,629.16,0.01,12722.62,72.3,0.82,-0.74,-0.23,0.5,0.0,1.0,1,5794,994.2,2.16,-0.32,-0.9,-25.49,1313,221,2269,-0.0241,0.006,0.183,0.083,-11.22,4.06,573,1826,-1995,0,0,3991,0.0024,0.018,0.119,0.019,-9.05,1.89,569,2701,-3693,0,0,4568,0.0019,-0.007,0.229,0.129,-4.48,-2.69,598,5031,-1776,0,0,6820,0.0284,0.005,0.151,0.051,-4.39,-2.78,603,6793,-3252,0,0
136.86,3,12650.3,629.24,0.01,12723.02,72.9,0.94,-0.66,-0.23,0.5,0.0,1.0,1,5804,547.7,1.51,-0.33,-0.9,-26.59,1335,225,2269,-0.0241,0.0,0.198,0.098,-11.59,4.42,583,1960,-1876,0,0,4005,0.0026,0.01,0.112,0.012,-9.34,2.18,568,2785,-3673,0,0,4570,0.0019,0.002,0.19,0.09,-4.76,-2.4,598,5014,-1840,0,0,6841,0.0287,0.012,0.149,0.049,-4.58,-2.58,584,6835,-3283,0,0
136.88,3,12650.7,629.31,0.01,12723.42,73.5,0.85,-0.74,-0.24,1.0,0.0,1.0,1,5629,325.3,1.17,-0.34,-0.9,-26.7,1356,228,2269,-0.0241,0.0,0.138,0.038,-11.93,4.77,559,1703,-2094,0,0,3993,0.0024,-0.009,0.064,-0.036,-9.61,2.45,549,2111,-4026,0,0,4605,0.0023,0.02,0.083,-0.017,-4.72,-2.44,546,4519,-2556,0,0,6859,0.0289,0.011,0.008,-0.092,-4.7,-2.46,569,5105,-4579,0,0
136.9,3,12651.1,629.38,0.01,12723.83,73.9,0.64,-0.86,-0.24,1.0,0.0,1.0,1,5688,786.9,1.8,-0.33,-0.91,-25.8,1373,231,2262,-0.0242,-0.005,0.128,0.028,-12.24,5.08,565,1365,-2302,0,0,3987,0.0023,-0.004,0.079,-0.021,-9.86,2.69,565,1721,-4182,0,0,4627,0.0026,0.013,0.147,0.047,-4.54,-2.62,614,4498,-2579,0,0,6884,0.0292,0.014,0.136,0.036,-4.64,-2.52,593,5202,-4565,0,0
136.92,3,12651.5,629.44,0.01,12724.23,74.5,0.84,-0.73,-0.25,0.5,0.0,1.0,1,6501,958.0,2.31,-0.33,-0.93,-26.55,1393,234,2256,-0.0243,-0.004,0.252,0.152,-12.56,5.39,629,1952,-1861,0,0,4012,0.0027,0.019,0.189,0.089,-10.11,2.94,626,3177,-3420,0,0,4606,0.0024,-0.013,0.377,0.277,-4.93,-2.24,694,5267,-1386,0,0,6902,0.0294,0.011,0.282,0.182,-4.7,-2.46,705,7479,-2414,0,0
136.94,3,12651.9,629.51,0.01,12724.65,75.2,1.06,-0.51,-0.25,0.5,0.0,0.88,1,6538,515.6,1.62,-0.34,-0.9,-28.54,1421,239,2251,-0.0244,-0.004,0.302,0.202,-12.94,5.78,655,2227,-1536,0,0,4030,0.003,0.014,0.195,0.095,-10.47,3.31,631,3609,-3043,0,0,4601,0.0023,-0.003,0.308,0.208,-5.36,-1.8,683,5284,-1337,0,0,6928,0.0297,0.015,0.258,0.158,-5.09,-2.08,678,7594,-2251,0,0
136.96,3,12652.3,629.57,0.01,12725.06,75.9,1.04,-0.55,-0.25,0.5,0.0,0.74,1,6549,288.8,1.27,-0.36,-0.86,-29.67,1443,243,2260,-0.0242,0.007,0.306,0.206,-13.38,6.22,656,2218,-1565,0,0,3992,0.0024,-0.029,0.189,0.089,-10.84,3.68,628,3428,-3171,0,0,4656,0.0029,0.032,0.3,0.2,-5.7,-1.46,674,5277,-1553,0,0,6922,0.0296,-0.004,0.263,0.163,-5.51,-1.66,664,7458,-2588,0,0
136.98,3,12652.8,629.63,0.01,12725.48,76.6,1.03,-0.61,-0.26,0.5,0.0,0.61,1,6403,294.9,1.25,-0.39,-0.83,-30.31,1466,248,2275,-0.024,0.011,0.277,0.177,-13.74,6.58,649,2148,-1678,0,0,3931,0.0015,-0.048,0.162,0.062,-11.2,4.04,621,3122,-3361,0,0,4757,0.0041,0.06,0.256,0.156,-6.03,-1.13,649,5247,-1928,0,0,6923,0.0296,0.001,0.188,0.088,-5.69,-1.47,656,7175,-3153,0,0
137.0,3,12653.2,629.69,0.01,12725.91,77.3,0.96,-0.71,-0.26,0.5,0.0,0.48,1,6260,301.7,1.24,-0.41,-0.8,-30.1,1488,252,2279,-0.0239,0.004,0.242,0.142,-14.07,6.91,634,2003,-1843,0,0,3864,0.0004,-0.051,0.138,0.038,-11.47,4.31,611,2715,-3582,0,0,4867,0.0054,0.065,0.218,0.118,-6.2,-0.96,631,5125,-2424,0,0,6939,0.0298,0.01,0.142,0.042,-5.98,-1.18,636,6525,-4113,0,0
137.02,3,12653.6,629.75,0.01,12726.34,77.8,0.86,-0.81,-0.26,1.0,0.0,0.34,1,6095,308.5,1.22,-0.42,-0.8,-29.08,1509,256,2273,-0.024,-0.005,0.198,0.098,-14.41,7.25,613,1803,-2014,0,0,3810,-0.0004,-0.042,0.104,0.004,-11.84,4.68,596,2224,-3814,0,0,4953,0.0064,0.051,0.14,0.04,-6.22,-0.94,609,4769,-3071,0,0,6963,0.0301,0.014,0.104,0.004,-6.01,-1.15,600,5598,-4971,0,0
137.04,3,12654.1,629.8,0.01,12726.77,78.2,0.63,-0.94,-0.27,1.0,0.0,0.21,1,6195,763.1,1.91,-0.42,-0.84,-26.99,1527,258,2253,-0.0243,-0.016,0.126,0.026,-14.84,7.68,580,1339,-2301,0,0,3795,-0.0006,-0.011,0.052,-0.048,-12.11,4.95,569,1296,-4170,0,0,4980,0.0068,0.015,0.081,-0.019,-6.08,-1.08,571,3680,-3949,0,0,6996,0.0305,0.02,0.035,-0.065,-5.86,-1.3,577,3313,-5942,0,0
137.06,3,12654.5,629.85,0.01,12727.2,78.4,0.29,-1.03,-0.28,1.0,0.0,0.08,1,6677,941.5,2.36,-0.39,-0.9,-24.31,1539,259,2230,-0.0247,-0.017,0.072,-0.028,-15.21,8.05,554,842,-2485,0,0,3834,0.0,0.03,0.022,-0.078,-12.37,5.21,553,574,-4361,0,0,4932,0.0062,-0.028,0.03,-0.07,-5.75,-1.41,552,2009,-4382,0,0,7030,0.0309,0.019,0.004,-0.096,-5.56,-1.6,553,811,-6174,0,0
137.08,3,12654.9,629.89,0.01,12727.63,78.3,-0.01,-1.06,-0.29,1.0,0.0,0.12,2,6688,-221.2,2.38,-0.32,-1.0,-21.78,1547,259,2227,-0.0247,-0.002,0.039,-0.061,-15.58,8.41,538,443,-2576,0,0,3953,0.0018,0.091,0.006,-0.094,-12.75,5.59,543,136,-4527,0,0,4790,0.0045,-0.084,0.018,-0.082,-5.4,-1.76,547,602,-4287,0,0,7046,0.0311,0.01,-0.008,-0.092,-5.05,-2.11,549,-486,-5899,0,0
137.1,3,12655.4,629.93,0.01,12728.07,78.3,0.07,-1.04,-0.3,1.0,0.0,0.42,2,6671,940.2,2.37,-0.25,-1.1,-19.77,1565,259,2242,-0.0245,0.011,0.08,-0.02,-16.06,8.89,560,649,-2549,0,0,4154,0.0049,0.155,0.039,-0.061,-13.12,5.96,561,642,-4711,0,0,4550,0.0017,-0.141,0.074,-0.026,-5.05,-2.11,572,2695,-3630,0,0,7050,0.0311,0.003,0.036,-0.064,-4.97,-2.19,578,2303,-5688,0,0
137.12,3,12655.8,629.96,0.01,12728.5,78.6,0.42,-0.97,-0.32,1.0,0.0,0.72,2,6716,935.1,2.38,-0.17,-1.19,-19.38,1590,261,2267,-0.0241,0.019,0.138,0.038,-16.48,9.31,591,1107,-2424,0,0,4373,0.0083,0.169,0.088,-0.012,-13.46,6.3,589,1607,-4744,0,0,4249,-0.0018,-0.177,0.119,0.019,-4.9,-2.26,615,3826,-2747,0,0,7003,0.0306,-0.028,0.1,0.0,-4.79,-2.37,602,5138,-4836,0,0
137.14,3,12656.2,630.0,0.01,12728.94,79.0,0.7,-0.83,-0.33,0.5,0.0,1.0,2,6460,952.7,2.33,-0.13,-1.26,-20.86,1617,264,2281,-0.0239,0.011,0.219,0.119,-17.03,9.87,635,1573,-2183,0,0,4566,0.0112,0.148,0.148,0.048,-13.79,6.63,625,2627,-4535,0,0,3962,-0.0052,-0.169,0.246,0.146,-4.9,-2.27,667,4374,-1649,0,0,6949,0.0299,-0.032,0.177,0.077,-4.74,-2.42,671,7015,-3303,0,0
137.16,3,12656.7,630.03,0.01,12729.38,79.6,0.86,-0.68,-0.34,0.5,0.0,1.0,2,5943,540.9,1.54,-0.11,-1.27,-23.62,1642,267,2277,-0.024,-0.003,0.315,0.215,-17.45,10.29,685,1966,-1854,0,0,4689,0.0131,0.095,0.203,0.103,-14.26,7.1,659,3404,-4186,0,0,3753,-0.0077,-0.123,0.332,0.232,-5.32,-1.85,741,4352,-1121,0,0,6907,0.0294,-0.025,0.295,0.195,-5.18,-1.99,719,7557,-2298,0,0
137.18,3,12657.1,630.05,0.01,12729.83,80.2,0.93,-0.58,-0.34,0.5,0.0,1.0,2,5175,333.6,1.12,-0.12,-1.23,-26.61,1661,272,2272,-0.024,-0.004,0.393,0.293,-18.13,10.97,730,2155,-1638,0,0,4712,0.0135,0.018,0.25,0.15,-14.7,7.54,690,3858,-3831,0,0,3680,-0.0085,-0.043,0.436,0.336,-5.65,-1.51,777,4330,-911,0,0,6872,0.029,-0.021,0.347,0.247,-5.58,-1.58,778,7657,-1937,0,0
137.2,3,12657.6,630.08,0.01,12730.27,80.9,0.98,-0.55,-0.35,0.5,0.0,1.0,2,4913,334.9,1.08,-0.16,-1.14,-29.03,1680,276,2287,-0.0238,0.012,0.414,0.314,-18.66,11.5,738,2217,-1588,0,0,4649,0.0125,-0.049,0.251,0.151,-15.15,7.98,691,3875,-3715,0,0,3752,-0.0077,0.042,0.378,0.278,-6.27,-0.89,762,4367,-1088,0,0,6841,0.0287,-0.018,0.334,0.234,-6.07,-1.09,749,7556,-2158,0,0
137.22,3,12658.0,630.1,0.01,12730.73,81.6,0.98,-0.61,-0.35,0.5,0.0,1.0,2,4801,335.2,1.07,-0.21,-1.03,-30.8,1698,281,2316,-0.0234,0.023,0.388,0.288,-19.05,11.89,727,2177,-1688,0,0,4513,0.0104,-0.105,0.226,0.126,-15.55,8.39,682,3518,-3837,0,0,3937,-0.0055,0.109,0.326,0.226,-6.71,-0.45,738,4482,-1408,0,0,6809,0.0283,-0.019,0.285,0.185,-6.3,-0.86,726,7345,-2611,0,0
137.24,3,12658.5,630.12,0.01,12731.18,82.2,0.94,-0.67,-0.35,0.5,0.0,1.0,2,4716,335.4,1.06,-0.26,-0.92,-31.88,1714,285,2349,-0.0229,0.025,0.355,0.255,-19.52,12.36,714,2103,-1822,0,0,4329,0.0076,-0.141,0.21,0.11,-15.86,8.7,677,3188,-3845,0,0,4184,-0.0026,0.145,0.285,0.185,-7.08,-0.08,722,4631,-1779,0,0,6773,0.0279,-0.021,0.248,0.148,-6.79,-0.37,711,7042,-3168,0,0
137.26,3,12659.0,630.14,0.01,12731.64,82.8,0.91,-0.72,-0.36,0.5,0.0,1.0,2,4657,335.5,1.05,-0.32,-0.83,-32.24,1728,289,2358,-0.0227,0.007,0.331,0.231,-19.91,12.75,704,2018,-1919,0,0,4131,0.0045,-0.153,0.199,0.099,-16.18,9.02,675,2901,-3786,0,0,4442,0.0004,0.152,0.254,0.154,-7.37,0.21,709,4763,-2167,0,0,6760,0.0277,-0.008,0.221,0.121,-7.05,-0.12,700,6765,-3622,0,0
137.28,3,12659.4,630.16,0.01,12732.11,83.3,0.86,-0.78,-0.36,0.5,0.0,1.0,2,4591,335.6,1.04,-0.38,-0.77,-31.77,1742,293,2343,-0.023,-0.012,0.308,0.208,-20.22,13.06,694,1913,-1989,0,0,3941,0.0016,-0.146,0.185,0.085,-16.59,9.43,671,2580,-3750,0,0,4683,0.0033,0.141,0.223,0.123,-7.51,0.35,696,4819,-2598,0,0,6773,0.0279,0.008,0.191,0.091,-7.25,0.08,688,6383,-4186,0,0
137.3,3,12659.9,630.17,0.01,12732.57,83.9,0.82,-0.83,-0.36,0.5,0.0,1.0,2,4557,335.6,1.04,-0.42,-0.75,-30.66,1756,297,2311,-0.0234,-0.024,0.286,0.186,-20.52,13.35,687,1788,-2045,0,0,3792,-0.0007,-0.115,0.178,0.078,-16.76,9.6,669,2377,-3682,0,0,4867,0.0054,0.108,0.216,0.116,-7.6,0.43,686,4888,-2861,0,0,6803,0.0282,0.017,0.164,0.064,-7.32,0.16,688,6055,-4613,0,0
137.32,3,12660.4,630.17,0.01,12733.04,84.4,0.79,-0.86,-0.37,0.5,0.0,1.0,2,4545,335.6,1.03,-0.44,-0.76,-29.19,1773,301,2272,-0.024,-0.03,0.276,0.176,-20.98,13.82,685,1689,-2062,0,0,3707,-0.002,-0.065,0.176,0.076,-17.2,10.03,670,2261,-3639,0,0,4977,0.0067,0.065,0.191,0.091,-7.58,0.42,688,4830,-3143,0,0,6854,0.0288,0.03,0.168,0.068,-7.32,0.16,681,6040,-4705,0,0
137.34,3,12660.8,630.18,0.01,12733.51,84.8,0.77,-0.87,-0.37,0.5,0.0,1.0,2,4552,335.6,1.03,-0.45,-0.8,-27.68,1791,304,2223,-0.0248,-0.038,0.272,0.172,-21.37,14.21,686,1614,-2046,0,0,3679,-0.0024,-0.022,0.177,0.077,-17.51,10.35,671,2214,-3626,0,0,5018,0.0072,0.024,0.197,0.097,-7.53,0.37,684,4872,-3159,0,0,6922,0.0296,0.04,0.152,0.052,-7.22,0.06,687,5912,-4915,0,0
137.36,3,12661.3,630.18,0.01,12733.99,85.3,0.75,-0.9,-0.38,0.5,0.0,1.0,2,4567,335.6,1.04,-0.45,-0.86,-26.36,1812,307,2171,-0.0256,-0.04,0.276,0.176,-21.75,14.59,690,1574,-2000,0,0,3704,-0.002,0.02,0.176,0.076,-17.9,10.74,673,2171,-3678,0,0,5000,0.007,-0.011,0.193,0.093,-7.47,0.31,686,4823,-3187,0,0,7005,0.0306,0.049,0.149,0.049,-7.25,0.09,688,5904,-5040,0,0
137.38,3,12661.8,630.17,0.01,12734.46,85.7,0.69,-0.94,-0.39,1.0,0.0,1.0,2,4340,328.4,1.01,-0.45,-0.93,-24.92,1832,310,2119,-0.0264,-0.04,0.228,0.128,-22.16,15.0,665,1395,-2046,0,0,3764,-0.0011,0.046,0.119,0.019,-18.27,11.11,641,1758,-3947,0,0,4938,0.0063,-0.036,0.12,0.02,-7.38,0.22,647,4108,-3818,0,0,7090,0.0316,0.05,0.072,-0.028,-7.15,-0.02,651,4620,-6008,0,0
137.4,3,12662.3,630.16,0.01,12734.94,86.0,0.45,-1.06,-0.4,1.0,0.0,1.0,2,4247,757.9,1.53,-0.42,-1.01,-22.28,1848,312,2078,-0.027,-0.032,0.188,0.088,-22.59,15.42,647,1131,-2137,0,0,3854,0.0003,0.069,0.093,-0.007,-18.63,11.47,630,1266,-4218,0,0,4848,0.0052,-0.053,0.086,-0.014,-7.05,-0.11,646,3255,-4234,0,0,7171,0.0325,0.047,0.065,-0.035,-6.92,-0.24,639,3425,-6526,0,0
137.42,3,12662.7,630.15,0.01,12735.42,86.2,0.45,-1.06,-0.41,1.0,0.0,1.0,2,4352,967.6,1.82,-0.38,-1.09,-20.03,1870,314,2050,-0.0275,-0.022,0.204,0.104,-23.05,15.89,657,1134,-2097,0,0,3990,0.0024,0.104,0.12,0.02,-18.97,11.81,645,1553,-4278,0,0,4706,0.0035,-0.084,0.115,0.015,-6.81,-0.35,667,3753,-3728,0,0,7243,0.0334,0.042,0.096,-0.004,-6.62,-0.55,657,4706,-6011,0,0
137.44,3,12663.2,630.13,0.01,12735.9,86.5,0.56,-0.99,-0.42,1.0,0.0,1.0,2,4430,980.2,1.84,-0.34,-1.17,-18.76,1893,316,2037,-0.0277,-0.01,0.229,0.129,-23.53,16.37,672,1215,-2035,0,0,4139,0.0047,0.115,0.137,0.037,-19.3,12.14,655,1825,-4345,0,0,4526,0.0014,-0.106,0.129,0.029,-6.58,-0.58,679,3959,-3298,0,0,7275,0.0338,0.019,0.109,0.009,-6.39,-0.77,666,5361,-5624,0,0
137.46,3,12663.7,630.11,0.01,12736.38,86.9,0.61,-0.96,-0.43,1.0,0.0,1.0,2,4482,988.4,1.85,-0.3,-1.23,-18.09,1919,319,2035,-0.0277,-0.001,0.248,0.148,-24.02,16.86,682,1272,-1999,0,0,4289,0.007,0.115,0.146,0.046,-19.72,12.56,660,1971,-4454,0,0,4348,-0.0007,-0.105,0.137,0.037,-6.3,-0.86,687,3992,-2980,0,0,7295,0.034,0.012,0.117,0.017,-6.25,-0.91,673,5718,-5375,0,0
137.48,3,12664.2,630.08,0.01,12736.86,87.3,0.62,-0.94,-0.45,1.0,0.0,1.0,2,4525,992.2,1.86,-0.27,-1.26,-17.81,1942,321,2045,-0.0275,0.008,0.261,0.161,-24.52,17.36,690,1309,-1987,0,0,4402,0.0087,0.087,0.151,0.051,-20.09,12.93,665,2057,-4544,0,0,4202,-0.0024,-0.085,0.143,0.043,-6.29,-0.87,694,3946,-2803,0,0,7285,0.0339,-0.006,0.123,0.023,-6.16,-1.0,679,5907,-5203,0,0
137.5,3,12664.7,630.05,0.01,12737.35,87.7,0.63,-0.92,-0.46,1.0,0.0,1.0,2,4562,993.2,1.87,-0.25,-1.27,-17.79,1963,324,2066,-0.0272,0.016,0.272,0.172,-24.91,17.75,696,1349,-1989,0,0,4479,0.0099,0.059,0.156,0.056,-20.44,13.28,669,2130,-4598,0,0,4100,-0.0036,-0.06,0.148,0.048,-6.21,-0.96,700,3928,-2653,0,0,7256,0.0335,-0.017,0.127,0.027,-6.07,-1.09,685,6036,-5047,0,0
137.52,3,12665.2,630.02,0.01,12737.84,88.0,0.63,-0.9,-0.47,1.0,0.0,1.0,2,4595,994.0,1.88,-0.24,-1.25,-17.93,1980,327,2096,-0.0268,0.023,0.278,0.178,-25.48,18.32,700,1367,-2014,0,0,4525,0.0106,0.035,0.162,0.062,-20.81,13.65,674,2189,-4619,0,0,4045,-0.0042,-0.032,0.166,0.066,-6.13,-1.03,697,3951,-2531,0,0,7221,0.0331,-0.02,0.116,0.016,-6.01,-1.15,699,6063,-4966,0,0
137.54,3,12665.6,629.98,0.01,12738.33,88.5,0.65,-0.9,-0.48,1.0,0.0,1.0,2,4617,994.5,1.89,-0.23,-1.23,-17.97,1995,330,2137,-0.0261,0.031,0.282,0.182,-25.9,18.73,703,1392,-2051,0,0,4536,0.0108,0.009,0.166,0.066,-21.06,13.9,678,2231,-4611,0,0,4046,-0.0042,0.001,0.152,0.052,-6.07,-1.09,708,3944,-2535,0,0,7184,0.0327,-0.022,0.13,0.03,-5.92,-1.24,693,6133,-4842,0,0
137.56,3,12666.1,629.94,0.01,12738.82,88.9,0.66,-0.91,-0.49,1.0,0.0,1.0,2,4632,994.9,1.89,-0.23,-1.2,-17.91,2012,333,2180,-0.0255,0.033,0.284,0.184,-26.36,19.2,705,1409,-2096,0,0,4536,0.0108,0.0,0.169,0.069,-21.49,14.33,681,2231,-4605,0,0,4082,-0.0038,0.021,0.163,0.063,-5.98,-1.18,702,3982,-2542,0,0,7163,0.0324,-0.012,0.115,0.015,-5.82,-1.35,704,6070,-4839,0,0
137.58,3,12666.6,629.9,0.01,12739.31,89.3,0.65,-0.91,-0.5,1.0,0.0,1.0,2,4646,995.2,1.89,-0.24,-1.17,-17.73,2027,336,2224,-0.0248,0.034,0.284,0.184,-26.73,19.57,706,1423,-2142,0,0,4526,0.0106,-0.008,0.171,0.071,-21.75,14.59,684,2227,-4591,0,0,4140,-0.0031,0.034,0.146,0.046,-5.88,-1.28,712,4004,-2600,0,0,7150,0.0323,-0.008,0.125,0.025,-5.77,-1.4,698,6041,-4833,0,0
137.6,3,12667.1,629.85,0.01,12739.81,89.7,0.66,-0.92,-0.51,1.0,0.0,1.0,2,4657,995.4,1.9,-0.24,-1.14,-17.46,2044,339,2265,-0.0242,0.032,0.285,0.185,-27.14,19.98,707,1435,-2187,0,0,4514,0.0104,-0.009,0.173,0.073,-22.05,14.89,686,2218,-4578,0,0,4209,-0.0023,0.041,0.156,0.056,-5.73,-1.43,705,4080,-2610,0,0,7150,0.0323,0.0,0.109,0.009,-5.65,-1.51,708,5958,-4865,0,0
137.62,3,12667.6,629.8,0.01,12740.31,90.1,0.65,-0.92,-0.52,1.0,0.0,1.0,2,4668,995.7,1.9,-0.25,-1.12,-17.09,2061,343,2295,-0.0237,0.023,0.285,0.185,-27.49,20.33,709,1443,-2219,0,0,4492,0.0101,-0.017,0.175,0.075,-22.32,15.16,689,2206,-4554,0,0,4281,-0.0015,0.042,0.139,0.039,-5.64,-1.52,715,4104,-2684,0,0,7155,0.0323,0.003,0.12,0.02,-5.52,-1.65,701,5995,-4804,0,0
137.64,3,12668.1,629.74,0.01,12740.81,90.5,0.65,-0.92,-0.53,1.0,0.0,1.0,2,4680,995.9,1.9,-0.26,-1.1,-16.65,2077,346,2317,-0.0233,0.017,0.287,0.187,-27.87,20.71,711,1448,-2244,0,0,4467,0.0097,-0.019,0.176,0.076,-22.61,15.45,692,2186,-4530,0,0,4352,-0.0006,0.042,0.15,0.05,-5.43,-1.73,707,4203,-2661,0,0,7163,0.0324,0.005,0.104,0.004,-5.38,-1.78,710,5924,-4819,0,0
137.66,3,12668.6,629.68,0.01,12741.31,90.9,0.65,-0.91,-0.54,1.0,0.0,1.0,2,4690,996.1,1.9,-0.27,-1.09,-16.23,2094,349,2330,-0.0231,0.01,0.288,0.188,-28.21,21.04,713,1448,-2259,0,0,4449,0.0095,-0.014,0.177,0.077,-22.8,15.63,694,2165,-4516,0,0,4411,0.0001,0.035,0.133,0.033,-5.25,-1.91,717,4234,-2691,0,0,7182,0.0327,0.011,0.115,0.015,-5.23,-1.93,703,5987,-4746,0,0
137.68,3,12669.1,629.62,0.01,12741.81,91.3,0.64,-0.92,-0.54,1.0,0.0,1.0,2,4701,996.4,1.91,-0.27,-1.1,-15.95,2111,352,2345,-0.0229,0.011,0.29,0.19,-28.53,21.37,714,1449,-2275,0,0,4447,0.0094,-0.002,0.176,0.076,-23.03,15.86,696,2140,-4521,0,0,4452,0.0006,0.024,0.141,0.041,-5.2,-1.97,710,4253,-2721,0,0,7201,0.0329,0.011,0.098,-0.002,-5.07,-2.09,713,5927,-4748,0,0
137.7,3,12669.7,629.55,0.01,12742.32,91.7,0.64,-0.92,-0.55,1.0,0.0,1.0,2,4711,996.6,1.91,-0.28,-1.09,-15.69,2132,355,2354,-0.0228,0.007,0.29,0.19,-28.82,21.65,716,1447,-2285,0,0,4457,0.0096,0.008,0.177,0.077,-23.3,16.14,697,2124,-4537,0,0,4479,0.0009,0.015,0.127,0.027,-4.93,-2.23,720,4298,-2668,0,0,7229,0.0332,0.017,0.109,0.009,-4.97,-2.2,706,5990,-4692,0,0
137.72,3,12670.2,629.47,0.01,12742.82,92.1,0.63,-0.91,-0.56,1.0,0.0,1.0,2,4725,996.9,1.91,-0.28,-1.09,-15.41,2150,358,2358,-0.0227,0.003,0.292,0.192,-29.06,21.9,719,1445,-2291,0,0,4459,0.0096,0.001,0.177,0.077,-23.51,16.34,699,2115,-4540,0,0,4499,0.0011,0.012,0.137,0.037,-4.89,-2.27,713,4311,-2673,0,0,7245,0.0334,0.009,0.094,-0.006,-4.86,-2.3,716,5922,-4705,0,0
137.74,3,12670.7,629.4,0.01,12743.33,92.5,0.63,-0.9,-0.57,1.0,0.0,1.0,2,4737,997.1,1.91,-0.28,-1.09,-15.28,2167,361,2365,-0.0226,0.005,0.293,0.193,-29.39,22.23,721,1444,-2299,0,0,4452,0.0095,-0.005,0.178,0.078,-23.73,16.57,702,2107,-4533,0,0,4520,0.0014,0.013,0.119,0.019,-4.72,-2.44,723,4294,-2679,0,0,7250,0.0335,0.003,0.106,0.006,-4.53,-2.63,709,6073,-4471,0,0
137.76,3,12671.2,629.32,0.01,12743.84,92.9,0.63,-0.9,-0.57,1.0,0.0,1.0,2,4751,997.4,1.92,-0.29,-1.08,-15.07,2187,364,2366,-0.0226,0.001,0.295,0.195,-29.64,22.48,723,1442,-2301,0,0,4453,0.0095,0.0,0.179,0.079,-23.91,16.75,704,2097,-4536,0,0,4537,0.0015,0.01,0.131,0.031,-4.69,-2.47,717,4312,-2679,0,0,7265,0.0336,0.009,0.091,-0.009,-4.58,-2.58,720,5952,-4567,0,0
137.78,3,12671.7,629.23,0.01,12744.35,93.3,0.62,-0.89,-0.58,1.0,0.0,1.0,2,4768,997.7,1.92,-0.29,-1.08,-14.95,2206,368,2366,-0.0226,0.0,0.297,0.197,-29.86,22.7,725,1439,-2301,0,0,4449,0.0094,-0.003,0.18,0.08,-24.05,16.89,707,2094,-4532,0,0,4546,0.0016,0.005,0.116,0.016,-4.57,-2.59,728,4300,-2670,0,0,7269,0.0337,0.002,0.102,0.002,-4.41,-2.75,714,6046,-4436,0,0
137.8,3,12672.2,629.14,0.01,12744.87,93.7,0.62,-0.87,-0.59,1.0,0.0,1.0,2,4784,998.1,1.93,-0.29,-1.08,-14.92,2223,371,2361,-0.0227,-0.004,0.299,0.199,-30.12,22.96,728,1436,-2295,0,0,4439,0.0093,-0.008,0.181,0.081,-24.23,17.07,710,2089,-4520,0,0,4552,0.0017,0.004,0.127,0.027,-4.41,-2.75,721,4351,-2593,0,0,7269,0.0337,0.0,0.088,-0.012,-4.2,-2.96,724,6031,-4330,0,0
137.82,3,12672.8,629.05,0.01,12745.38,94.1,0.62,-0.87,-0.59,1.0,0.0,1.0,2,4801,998.4,1.93,-0.29,-1.07,-14.8,2243,374,2361,-0.0227,0.0,0.3,0.2,-30.29,23.13,730,1433,-2296,0,0,4429,0.0091,-0.007,0.182,0.082,-24.32,17.16,712,2091,-4507,0,0,4565,0.0019,0.008,0.113,0.013,-4.33,-2.83,732,4337,-2600,0,0,7271,0.0337,0.001,0.1,0.0,-4.3,-2.87,718,6013,-4384,0,0
137.84,3,12673.3,628.95,0.01,12745.9,94.5,0.62,-0.86,-0.6,1.0,0.0,1.0,2,4820,998.7,1.93,-0.29,-1.06,-14.71,2262,377,2360,-0.0227,-0.001,0.301,0.201,-30.49,23.33,733,1429,-2295,0,0,4415,0.0089,-0.011,0.183,0.083,-24.48,17.32,715,2082,-4492,0,0,4573,0.002,0.005,0.125,0.025,-4.26,-2.9,726,4380,-2554,0,0,7261,0.0336,-0.006,0.086,-0.014,-4.18,-2.98,730,5973,-4339,0,0
137.86,3,12673.8,628.85,0.01,12746.41,94.9,0.61,-0.85,-0.6,1.0,0.0,1.0,2,4838,999.1,1.94,-0.29,-1.06,-14.79,2279,380,2366,-0.0226,0.005,0.303,0.203,-30.62,23.46,736,1431,-2301,0,0,4402,0.0087,-0.01,0.184,0.084,-24.57,17.41,719,2078,-4478,0,0,4577,0.002,0.002,0.111,0.011,-4.15,-3.01,737,4374,-2528,0,0,7239,0.0333,-0.013,0.099,-0.001,-4.05,-3.11,724,6068,-4189,0,0
137.88,3,12674.3,628.75,0.01,12746.93,95.3,0.61,-0.86,-0.61,1.0,0.0,1.0,2,4854,999.4,1.94,-0.29,-1.05,-14.94,2298,383,2371,-0.0225,0.004,0.303,0.203,-30.77,23.61,738,1431,-2307,0,0,4402,0.0087,0.0,0.184,0.084,-24.68,17.52,721,2067,-4482,0,0,4576,0.002,0.0,0.124,0.024,-4.09,-3.08,731,4405,-2483,0,0,7233,0.0333,-0.004,0.085,-0.015,-4.02,-3.15,735,5983,-4199,0,0
137.9,3,12674.9,628.64,0.01,12747.45,95.7,0.61,-0.86,-0.61,1.0,0.0,1.0,2,4871,999.6,1.95,-0.28,-1.05,-15.15,2316,387,2382,-0.0224,0.009,0.303,0.203,-30.82,23.66,740,1433,-2320,0,0,4406,0.0088,0.003,0.183,0.083,-24.72,17.55,724,2061,-4489,0,0,4575,0.002,-0.001,0.11,0.01,-4.04,-3.13,742,4375,-2486,0,0,7222,0.0331,-0.006,0.097,-0.003,-3.98,-3.19,729,6030,-4138,0,0
137.92,3,12675.4,628.53,0.01,12747.98,96.1,0.61,-0.86,-0.61,1.0,0.0,1.0,2,4885,999.9,1.95,-0.28,-1.04,-15.41,2338,390,2404,-0.022,0.017,0.302,0.202,-30.93,23.77,742,1440,-2343,0,0,4422,0.009,0.012,0.183,0.083,-24.72,17.56,726,2063,-4505,0,0,4576,0.002,0.001,0.122,0.022,-3.99,-3.18,736,4407,-2446,0,0,7215,0.0331,-0.004,0.082,-0.018,-3.91,-3.25,740,5942,-4133,0,0
137.94,3,12675.9,628.42,0.01,12748.5,96.5,0.61,-0.85,-0.61,1.0,0.0,1.0,2,4903,1000.2,1.95,-0.28,-1.04,-15.62,2355,393,2413,-0.0219,0.007,0.301,0.201,-30.97,23.81,744,1442,-2354,0,0,4419,0.009,-0.002,0.183,0.083,-24.78,17.62,729,2055,-4505,0,0,4582,0.0021,0.004,0.108,0.008,-3.91,-3.25,747,4386,-2442,0,0,7205,0.0329,-0.006,0.095,-0.005,-3.88,-3.29,734,5994,-4074,0,0
137.96,3,12676.5,628.3,0.01,12749.02,96.9,0.61,-0.85,-0.61,1.0,0.0,1.0,2,4918,1000.4,1.96,-0.27,-1.05,-15.87,2373,396,2421,-0.0218,0.006,0.3,0.2,-30.95,23.79,747,1442,-2363,0,0,4427,0.0091,0.006,0.181,0.081,-24.72,17.56,731,2050,-4517,0,0,4587,0.0021,0.003,0.12,0.02,-3.89,-3.28,741,4414,-2417,0,0,7210,0.033,0.003,0.081,-0.019,-3.82,-3.34,745,5923,-4073,0,0
137.98,3,12677.0,628.17,0.01,12749.55,97.3,0.61,-0.86,-0.61,1.0,0.0,1.0,2,4932,1000.7,1.96,-0.27,-1.04,-16.2,2394,400,2440,-0.0215,0.015,0.298,0.198,-30.98,23.82,749,1445,-2386,0,0,4448,0.0094,0.016,0.18,0.08,-24.78,17.62,734,2041,-4544,0,0,4592,0.0022,0.003,0.107,0.007,-3.78,-3.39,752,4417,-2382,0,0,7218,0.0331,0.004,0.092,-0.008,-3.79,-3.37,738,5968,-4032,0,0
138.0,3,12677.6,628.05,0.01,12750.08,97.7,0.6,-0.86,-0.61,1.0,0.0,1.0,2,4948,1000.9,1.96,-0.27,-1.05,-16.53,2415,403,2460,-0.0211,0.016,0.296,0.196,-30.92,23.76,750,1450,-2409,0,0,4466,0.0097,0.014,0.179,0.079,-24.74,17.57,736,2038,-4566,0,0,4599,0.0023,0.004,0.118,0.018,-3.84,-3.32,746,4413,-2410,0,0,7222,0.0331,0.002,0.079,-0.021,-3.79,-3.38,750,5858,-4077,0,0
138.02,3,12678.1,627.91,0.01,12750.61,98.1,0.6,-0.86,-0.61,1.0,0.0,1.0,2,4966,1001.2,1.97,-0.27,-1.05,-16.88,2434,406,2470,-0.021,0.007,0.294,0.194,-30.81,23.64,753,1451,-2421,0,0,4478,0.0099,0.009,0.177,0.077,-24.66,17.5,739,2037,-4581,0,0,4603,0.0023,0.002,0.105,0.005,-3.83,-3.33,757,4378,-2437,0,0,7230,0.0332,0.005,0.091,-0.009,-3.72,-3.44,744,5944,-3997,0,0
138.04,3,12678.7,627.78,0.01,12751.14,98.5,0.6,-0.86,-0.61,1.0,0.0,1.0,2,4984,1001.4,1.97,-0.27,-1.04,-17.18,2455,409,2481,-0.0208,0.009,0.292,0.192,-30.74,23.58,756,1453,-2434,0,0,4489,0.0101,0.008,0.176,0.076,-24.57,17.41,742,2035,-4595,0,0,4613,0.0024,0.006,0.117,0.017,-3.83,-3.33,751,4414,-2421,0,0,7239,0.0333,0.005,0.077,-0.023,-3.76,-3.4,755,5842,-4071,0,0
138.06,3,12679.2,627.64,0.01,12751.67,98.9,0.6,-0.86,-0.61,0.0,1.0,1.0,2,5003,1001.7,1.98,-0.27,-1.04,-17.44,2476,413,2489,-0.0207,0.006,0.29,0.19,-30.61,23.45,758,1455,-2443,0,0,4491,0.0101,0.002,0.175,0.075,-24.46,17.3,745,2038,-4598,0,0,4622,0.0026,0.005,0.105,0.005,-3.81,-3.35,763,4400,-2433,0,0,7241,0.0334,0.001,0.09,-0.01,-3.76,-3.4,749,5908,-4047,0,0
138.08,3,12679.8,627.5,0.01,12752.2,98.9,0.04,-0.89,-0.61,0.0,1.0,1.0,2,4540,562.4,1.32,-0.24,-1.04,-15.97,2483,413,2492,-0.0207,0.002,-0.043,-0.057,-30.48,23.32,536,394,-2781,5850,0,4489,0.0101,-0.002,-0.13,0.03,-24.36,17.2,557,-1367,-4820,1755,1,4628,0.0026,0.004,-0.018,-0.082,-3.71,-3.45,660,-978,-3162,3150,0,7240,0.0334,0.0,-0.043,-0.057,-3.64,-3.52,675,-2783,-4619,3150,0
138.1,3,12680.3,627.35,0.01,12752.73,98.4,-0.66,-0.81,-0.61,0.0,1.0,1.0,2,3913,208.8,0.71,-0.17,-1.02,-13.83,2478,408,2532,-0.02,0.031,-0.139,0.039,-30.53,23.37,510,-759,-2758,1755,1,4529,0.0107,0.031,-0.142,0.042,-24.38,17.22,543,-1707,-4763,1755,1,4578,0.002,-0.029,-0.04,-0.06,-3.54,-3.62,645,-2181,-2942,3150,0,7190,0.0328,-0.029,-0.062,-0.038,-3.45,-3.72,659,-3935,-4294,3150,0
138.12,3,12680.8,627.21,0.01,12753.25,97.7,-0.98,-0.73,-0.62,0.0,1.0,1.0,2,3633,-183.5,0.2,-0.06,-0.99,-12.59,2474,402,2658,-0.0181,0.097,-0.187,0.087,-30.75,23.59,460,-1013,-2828,1755,1,4622,0.0121,0.071,-0.182,0.082,-24.58,17.42,499,-2069,-4733,1755,1,4458,0.0006,-0.071,-0.092,-0.008,-3.4,-3.76,571,-4227,-2229,3150,0,7026,0.0308,-0.097,-0.108,0.008,-3.36,-3.8,593,-6658,-3224,3150,0
138.14,3,12681.4,627.06,0.01,12753.76,96.8,-1.13,-0.63,-0.62,0.0,1.0,1.0,2,3391,-175.8,0.2,0.08,-0.93,-11.85,2474,396,2869,-0.0149,0.162,-0.264,0.164,-31.09,23.93,429,-1437,-2911,1755,1,4767,0.0143,0.112,-0.245,0.145,-24.86,17.7,471,-2667,-4622,1755,1,4253,-0.0018,-0.12,-0.162,0.062,-3.39,-3.77,594,-4509,-1750,945,1,6736,0.0274,-0.17,-0.144,0.044,-3.32,-3.84,592,-6798,-2765,945,1
138.16,3,12681.9,626.91,0.01,12754.28,96.0,-1.16,-0.58,-0.63,0.0,1.0,1.0,2,3345,-168.8,0.2,0.25,-0.86,-11.23,2479,389,3141,-0.0107,0.209,-0.273,0.173,-31.47,24.3,402,-1702,-3112,1755,1,4935,0.0169,0.129,-0.249,0.149,-25.16,18.0,449,-2909,-4687,1755,1,3988,-0.0049,-0.156,-0.122,0.022,-3.35,-3.81,573,-4236,-1645,945,1,6335,0.0227,-0.236,-0.131,0.031,-3.29,-3.87,561,-6454,-2574,945,1
138.18,3,12682.4,626.77,0.01,12754.78,95.2,-1.14,-0.56,-0.64,0.0,1.0,1.0,2,3263,-169.1,0.2,0.42,-0.78,-10.88,2482,383,3439,-0.0061,0.23,-0.292,0.192,-31.88,24.72,404,-1883,-3379,1755,1,5099,0.0195,0.126,-0.264,0.164,-25.46,18.3,450,-3026,-4813,1755,1,3678,-0.0086,-0.182,-0.143,0.043,-3.28,-3.88,570,-3900,-1526,945,1,5849,0.017,-0.286,-0.175,0.075,-3.15,-4.01,584,-6156,-2175,945,1
138.2,3,12683.0,626.62,0.01,12755.29,94.4,-1.12,-0.55,-0.65,0.0,1.0,1.0,2,3263,-164.4,0.2,0.59,-0.7,-10.93,2481,377,3756,-0.0012,0.244,-0.273,0.173,-32.25,25.09,392,-2011,-3690,1755,1,5253,0.0218,0.118,-0.253,0.153,-25.71,18.55,437,-3083,-4960,1755,1,3353,-0.0124,-0.191,-0.138,0.038,-3.33,-3.83,553,-3602,-1377,945,1,5311,0.0106,-0.317,-0.125,0.025,-3.25,-3.91,552,-5593,-2054,945,1
138.22,3,12683.5,626.47,0.01,12755.78,93.6,-1.09,-0.54,-0.65,0.0,1.0,0.95,2,3182,-164.2,0.2,0.73,-0.63,-11.37,2471,371,4036,0.0031,0.215,-0.285,0.185,-32.57,25.41,398,-2121,-3963,1755,1,5380,0.0238,0.098,-0.265,0.165,-25.97,18.81,440,-3146,-5072,1755,1,3035,-0.0161,-0.187,-0.161,0.061,-3.36,-3.8,553,-3330,-1190,945,1,4793,0.0046,-0.304,-0.174,0.074,-3.36,-3.8,567,-5158,-1808,945,1
138.24,3,12684.0,626.32,0.01,12756.27,92.8,-1.07,-0.53,-0.66,0.0,1.0,0.81,2,3143,-158.6,0.2,0.85,-0.58,-12.18,2452,365,4275,0.0068,0.184,-0.272,0.172,-32.87,25.71,384,-2218,-4193,1755,1,5486,0.0254,0.081,-0.258,0.158,-26.18,19.02,427,-3202,-5162,1755,1,2745,-0.0195,-0.171,-0.163,0.063,-3.45,-3.72,528,-3060,-1043,945,1,4328,-0.0009,-0.274,-0.157,0.057,-3.42,-3.74,526,-4757,-1560,945,1
138.26,3,12684.5,626.17,0.02,12756.76,92.1,-1.05,-0.52,-0.66,0.0,1.0,0.68,2,3021,-155.4,0.2,0.93,-0.55,-13.27,2423,359,4470,0.0098,0.15,-0.295,0.195,-33.1,25.94,382,-2362,-4348,1755,1,5584,0.0269,0.075,-0.276,0.176,-26.39,19.23,424,-3311,-5213,1755,1,2497,-0.0225,-0.146,-0.195,0.095,-3.58,-3.58,516,-2848,-882,945,1,3953,-0.0053,-0.22,-0.216,0.116,-3.53,-3.63,526,-4464,-1292,945,1
138.28,3,12685.0,626.02,0.02,12757.25,91.3,-1.04,-0.5,-0.67,0.0,1.0,0.55,2,2944,-148.8,0.2,0.98,-0.53,-14.55,2384,353,4607,0.0119,0.105,-0.297,0.197,-33.33,26.17,364,-2496,-4439,1755,1,5663,0.0281,0.061,-0.278,0.178,-26.55,19.39,409,-3427,-5238,1755,1,2317,-0.0246,-0.106,-0.213,0.113,-3.77,-3.39,490,-2683,-774,945,1,3698,-0.0083,-0.15,-0.214,0.114,-3.68,-3.49,490,-4234,-1143,945,1
138.3,3,12685.5,625.87,0.01,12757.73,90.5,-1.04,-0.47,-0.67,0.0,1.0,0.41,2,2825,-144.5,0.2,0.99,-0.52,-15.84,2336,347,4702,0.0133,0.073,-0.325,0.225,-33.5,26.34,356,-2654,-4469,1755,1,5717,0.029,0.042,-0.297,0.197,-26.68,19.52,403,-3568,-5217,1755,1,2232,-0.0256,-0.05,-0.246,0.146,-4.0,-3.16,479,-2610,-711,945,1,3560,-0.01,-0.082,-0.254,0.154,-3.91,-3.25,480,-4117,-1049,945,1
138.32,3,12686.0,625.72,0.01,12758.2,89.8,-1.06,-0.45,-0.67,0.0,1.0,0.28,2,2753,-140.4,0.2,0.97,-0.51,-16.92,2281,341,4753,0.0141,0.039,-0.346,0.246,-33.63,26.46,341,-2831,-4434,1755,1,5746,0.0294,0.022,-0.31,0.21,-26.82,19.66,392,-3699,-5168,1755,1,2250,-0.0254,0.011,-0.249,0.149,-4.22,-2.94,467,-2632,-726,945,1,3548,-0.0101,-0.006,-0.263,0.163,-4.16,-3.0,471,-4107,-1060,945,1
138.34,3,12686.5,625.56,0.01,12758.67,89.0,-1.12,-0.45,-0.67,0.0,1.0,0.15,2,2647,-133.9,0.2,0.94,-0.51,-17.55,2225,335,4770,0.0144,0.013,-0.392,0.292,-33.71,26.55,306,-3100,-4295,1755,1,5754,0.0295,0.006,-0.335,0.235,-26.97,19.81,370,-3896,-5046,1755,1,2360,-0.0241,0.064,-0.255,0.155,-4.47,-2.7,456,-2752,-783,945,1,3646,-0.0089,0.057,-0.264,0.164,-4.38,-2.78,460,-4206,-1126,945,1
138.36,3,12687.0,625.41,0.01,12759.14,88.1,-1.18,-0.44,-0.67,0.0,1.0,0.01,2,2603,-131.9,0.2,0.91,-0.51,-17.76,2173,329,4793,0.0147,0.018,-0.476,0.376,-33.95,26.78,262,-3492,-4055,1755,1,5769,0.0298,0.012,-0.374,0.274,-27.11,19.95,345,-4158,-4875,1755,1,2519,-0.0222,0.094,-0.213,0.113,-4.69,-2.48,480,-2865,-992,945,1,3796,-0.0072,0.088,-0.213,0.113,-4.54,-2.62,491,-4267,-1414,945,1
138.38,3,12687.5,625.26,0.01,12759.6,87.2,-1.2,-0.47,-0.66,0.0,1.0,0.08,1,2550,-128.9,0.2,0.87,-0.51,-17.14,2123,322,4815,0.0151,0.017,-0.525,0.425,-34.08,26.92,235,-3738,-3891,1755,1,5785,0.03,0.012,-0.398,0.298,-27.27,20.11,328,-4340,-4753,1755,1,2694,-0.0201,0.103,-0.143,0.043,-4.83,-2.34,515,-2780,-1477,945,1,3963,-0.0052,0.098,-0.149,0.049,-4.69,-2.47,521,-4054,-2079,945,1
138.4,3,12688.0,625.11,0.01,12760.05,86.4,-1.2,-0.49,-0.66,0.0,1.0,0.18,1,2598,-131.0,0.2,0.83,-0.52,-15.94,2077,316,4828,0.0153,0.01,-0.583,0.483,-34.22,27.06,204,-3953,-3722,1755,1,5807,0.0303,0.017,-0.417,0.317,-27.4,20.23,314,-4456,-4685,1755,1,2864,-0.0181,0.1,-0.172,0.072,-4.87,-2.29,488,-3001,-1516,945,1,4145,-0.0031,0.107,-0.188,0.088,-4.76,-2.4,491,-4381,-1996,945,1
138.42,3,12688.4,624.96,0.01,12760.5,85.5,-1.26,-0.43,-0.67,0.5,0.0,0.28,1,2745,-138.4,0.2,0.81,-0.52,-14.79,2032,309,4824,0.0152,-0.003,-0.648,0.548,-34.37,27.2,170,-4151,-3525,1755,1,5825,0.0306,0.014,-0.447,0.347,-27.59,20.43,293,-4615,-4572,1755,1,3014,-0.0164,0.088,-0.261,0.161,-4.9,-2.27,432,-3415,-1178,945,1,4324,-0.001,0.105,-0.269,0.169,-4.84,-2.32,431,-4847,-1590,945,1
138.44,3,12688.9,624.81,0.01,12760.95,84.5,-1.28,-0.42,-0.67,0.5,0.0,0.38,1,3124,200.0,0.64,0.79,-0.51,-14.4,1993,302,4839,0.0154,0.011,-0.409,0.309,-34.62,27.45,291,-3551,-4065,0,0,5834,0.0308,0.007,-0.228,0.128,-27.72,20.56,412,-3436,-5420,0,0,3151,-0.0148,0.081,-0.274,0.174,-4.98,-2.19,425,-3609,-1136,0,0,4453,0.0006,0.076,-0.269,0.169,-4.92,-2.24,427,-5037,-1519,0,0
138.46,3,12689.4,624.66,0.01,12761.39,83.7,-1.18,-0.56,-0.67,0.5,0.0,0.48,1,3767,321.7,0.94,0.77,-0.52,-15.58,1953,296,4851,0.0156,0.009,-0.252,0.152,-34.65,27.49,357,-2471,-4719,0,0,5831,0.0307,-0.003,-0.136,0.036,-27.83,20.66,450,-2005,-6024,0,0,3247,-0.0136,0.056,-0.33,0.23,-5.19,-1.97,375,-3782,-1000,0,0,4528,0.0014,0.044,-0.351,0.251,-5.08,-2.08,386,-5209,-1300,0,0
138.48,3,12689.8,624.5,0.01,12761.82,82.9,-1.11,-0.64,-0.66,0.5,0.0,0.58,1,4341,324.9,1.0,0.75,-0.55,-17.33,1917,291,4832,0.0153,-0.014,-0.144,0.044,-34.61,27.44,403,-1619,-5012,0,0,5839,0.0308,0.007,-0.097,-0.003,-27.7,20.54,467,-1515,-6162,0,0,3299,-0.013,0.031,-0.217,0.117,-5.35,-1.81,427,-3730,-1293,0,0,4615,0.0025,0.051,-0.25,0.15,-5.29,-1.87,439,-5171,-1681,0,0
138.5,3,12690.3,624.35,0.01,12762.25,82.1,-0.99,-0.77,-0.66,1.0,0.0,0.68,1,4779,335.4,1.06,0.73,-0.61,-18.67,1884,285,4783,0.0146,-0.038,-0.032,-0.068,-34.38,27.21,450,-684,-5148,0,0,5842,0.0309,0.002,-0.038,-0.062,-27.57,20.4,492,-819,-6285,0,0,3324,-0.0127,0.015,-0.118,0.018,-5.52,-1.64,494,-3296,-2011,0,0,4709,0.0036,0.055,-0.107,0.007,-5.39,-1.77,494,-4708,-2642,0,0
138.52,3,12690.7,624.19,0.01,12762.68,81.5,-0.79,-0.94,-0.65,1.0,0.0,0.78,1,5226,792.5,1.73,0.71,-0.71,-19.28,1856,281,4697,0.0133,-0.066,0.043,-0.057,-33.99,26.83,496,180,-5101,0,0,5871,0.0313,0.022,-0.002,-0.098,-27.17,20.01,520,-178,-6365,0,0,3286,-0.0132,-0.022,-0.033,-0.067,-5.53,-1.63,558,-1698,-2833,0,0,4821,0.0049,0.066,-0.063,-0.037,-5.36,-1.8,577,-2889,-3890,0,0
138.54,3,12691.2,624.04,0.01,12763.1,81.4,-0.16,-1.07,-0.63,0.5,0.0,0.88,1,6040,986.2,2.2,0.65,-0.83,-19.9,1844,280,4560,0.0112,-0.105,0.217,0.117,-33.36,26.2,561,1500,-4765,0,0,5924,0.0321,0.041,0.116,0.016,-26.68,19.52,564,1204,-6324,0,0,3196,-0.0142,-0.053,0.172,0.072,-5.38,-1.78,604,2804,-2253,0,0,4979,0.0067,0.093,0.112,0.012,-5.31,-1.85,613,3402,-3855,0,0
138.56,3,12691.7,623.87,0.01,12763.53,81.6,0.36,-1.0,-0.61,0.5,0.0,0.98,1,6347,527.3,1.59,0.54,-0.97,-22.15,1842,281,4323,0.0075,-0.183,0.289,0.189,-32.49,25.32,617,2207,-4254,0,0,5923,0.0321,-0.001,0.175,0.075,-25.95,18.79,616,2272,-6060,0,0,3131,-0.015,-0.038,0.183,0.083,-5.48,-1.68,698,3270,-1710,0,0,5224,0.0096,0.144,0.172,0.072,-5.38,-1.78,675,4875,-3237,0,0
138.58,3,12692.1,623.7,0.01,12763.95,81.9,0.49,-0.95,-0.59,1.0,0.0,1.0,1,6212,302.6,1.23,0.4,-1.09,-24.28,1835,283,3975,0.0021,-0.268,0.272,0.172,-31.36,24.2,616,2137,-3892,0,0,5828,0.0307,-0.073,0.16,0.06,-25.06,17.9,616,2391,-5930,0,0,3132,-0.015,0.001,0.111,0.011,-5.69,-1.47,665,2961,-2069,0,0,5555,0.0135,0.195,0.106,0.006,-5.49,-1.67,641,4374,-4016,0,0
138.6,3,12692.6,623.53,0.01,12764.37,82.1,0.43,-1.0,-0.56,1.0,0.0,1.0,1,6319,753.8,1.95,0.23,-1.22,-25.14,1826,285,3544,-0.0045,-0.331,0.246,0.146,-30.08,22.92,613,1838,-3535,0,0,5645,0.0279,-0.14,0.141,0.041,-24.07,16.91,613,2166,-5829,0,0,3198,-0.0142,0.039,0.124,0.024,-5.76,-1.4,635,3023,-2118,0,0,5946,0.0181,0.23,0.054,-0.046,-5.61,-1.55,652,4451,-4427,0,0
138.62,3,12693.0,623.35,0.01,12764.8,82.5,0.59,-0.9,-0.53,0.5,0.0,1.0,1,6706,938.0,2.37,0.05,-1.31,-26.54,1818,287,3067,-0.0118,-0.367,0.32,0.22,-28.89,21.73,656,1937,-2911,0,0,5409,0.0242,-0.182,0.207,0.107,-23.13,15.97,651,2799,-5323,0,0,3275,-0.0133,0.045,0.236,0.136,-5.94,-1.23,711,3590,-1538,0,0,6338,0.0227,0.23,0.197,0.097,-5.76,-1.4,693,6330,-3368,0,0
138.64,3,12693.5,623.17,0.01,12765.22,83.0,0.73,-0.81,-0.5,0.5,0.0,1.0,1,6737,501.8,1.66,-0.14,-1.35,-27.96,1809,290,2578,-0.0193,-0.376,0.311,0.211,-27.6,20.44,666,1747,-2402,0,0,5090,0.0193,-0.246,0.186,0.086,-22.1,14.94,652,2758,-4989,0,0,3407,-0.0117,0.078,0.183,0.083,-6.23,-0.93,670,3623,-1786,0,0,6691,0.0269,0.208,0.098,-0.002,-6.02,-1.14,683,6238,-4070,0,0
138.66,3,12694.0,622.99,0.02,12765.65,83.4,0.69,-0.85,-0.47,1.0,0.0,1.0,1,6524,287.7,1.27,-0.31,-1.36,-28.05,1800,294,2119,-0.0264,-0.353,0.289,0.189,-26.25,19.08,666,1424,-2005,0,0,4719,0.0136,-0.285,0.154,0.054,-21.16,14.0,644,2311,-4785,0,0,3587,-0.0096,0.106,0.132,0.032,-6.42,-0.74,687,3425,-2378,0,0,6987,0.0304,0.174,0.124,0.024,-6.21,-0.96,661,5649,-5009,0,0
138.68,3,12694.4,622.8,0.02,12766.07,83.8,0.57,-0.9,-0.43,1.0,0.0,1.0,1,6569,739.4,1.99,-0.47,-1.34,-26.52,1786,296,1701,-0.0328,-0.322,0.254,0.154,-24.9,17.74,656,1076,-1668,0,0,4310,0.0073,-0.315,0.133,0.033,-20.17,13.01,635,1854,-4518,0,0,3795,-0.0072,0.122,0.13,0.03,-6.41,-0.75,652,3519,-2609,0,0,7207,0.033,0.129,0.057,-0.043,-6.18,-0.98,671,5247,-5514,0,0
138.7,3,12694.9,622.61,0.02,12766.5,84.2,0.7,-0.8,-0.4,0.5,0.0,1.0,1,6761,-221.2,2.38,-0.6,-1.28,-25.46,1776,299,1354,-0.0382,-0.266,0.303,0.203,-23.58,16.42,681,979,-1263,0,0,3919,0.0013,-0.301,0.181,0.081,-19.23,12.07,655,2173,-3926,0,0,3992,-0.0049,0.116,0.193,0.093,-6.43,-0.73,659,4085,-2283,0,0,7346,0.0346,0.082,0.183,0.083,-6.16,-1.0,638,6739,-4520,0,0
138.72,3,12695.4,622.41,0.02,12766.93,84.6,0.69,-0.79,-0.37,1.0,0.0,1.0,1,6651,507.2,1.65,-0.69,-1.21,-23.67,1769,303,1092,-0.0422,-0.202,0.264,0.164,-22.36,15.19,685,775,-1037,0,0,3556,-0.0043,-0.279,0.137,0.037,-18.26,11.1,652,1775,-3690,0,0,4194,-0.0025,0.119,0.148,0.048,-6.4,-0.76,674,3964,-2775,0,0,7417,0.0354,0.042,0.107,0.007,-6.23,-0.93,694,5741,-5464,0,0
138.74,3,12695.8,622.21,0.02,12767.36,85.1,0.67,-0.76,-0.34,0.5,0.0,1.0,1,6742,-221.0,2.37,-0.75,-1.11,-21.53,1766,306,929,-0.0447,-0.125,0.274,0.174,-21.08,13.92,687,689,-867,0,0,3243,-0.0091,-0.241,0.154,0.054,-17.33,10.17,653,1757,-3324,0,0,4390,-0.0002,0.115,0.211,0.111,-6.27,-0.89,645,4337,-2663,0,0,7415,0.0354,-0.001,0.132,0.032,-6.08,-1.08,645,6234,-5076,0,0
138.76,3,12696.3,622.01,0.02,12767.79,85.5,0.65,-0.75,-0.32,0.5,0.0,1.0,1,6690,510.1,1.64,-0.76,-1.01,-19.08,1765,309,879,-0.0455,-0.039,0.241,0.141,-19.89,12.73,679,629,-840,0,0,3014,-0.0126,-0.176,0.124,0.024,-16.42,9.26,641,1465,-3188,0,0,4556,0.0018,0.097,0.182,0.082,-6.07,-1.1,633,4175,-3077,0,0,7348,0.0346,-0.039,0.109,0.009,-5.96,-1.2,635,5687,-5366,0,0
138.78,3,12696.8,621.8,0.02,12768.22,85.9,0.59,-0.8,-0.29,1.0,0.0,1.0,1,6612,288.8,1.27,-0.74,-0.94,-16.32,1770,312,942,-0.0445,0.048,0.2,0.1,-18.67,11.51,665,608,-945,0,0,2884,-0.0146,-0.1,0.114,0.014,-15.49,8.33,640,1311,-3101,0,0,4701,0.0035,0.086,0.131,0.031,-5.8,-1.36,639,4075,-3327,0,0,7241,0.0334,-0.063,0.141,0.041,-5.7,-1.46,625,5352,-5381,0,0
138.8,3,12697.3,621.59,0.02,12768.65,86.2,0.58,-0.83,-0.27,1.0,0.0,1.0,1,6663,735.1,2.01,-0.69,-0.89,-13.98,1784,314,1081,-0.0424,0.107,0.174,0.074,-17.44,10.28,674,654,-1112,0,0,2880,-0.0147,-0.003,0.119,0.019,-14.53,7.37,664,1429,-3051,0,0,4790,0.0045,0.052,0.15,0.05,-5.46,-1.7,679,4350,-3163,0,0,7142,0.0322,-0.059,0.081,-0.019,-5.36,-1.8,694,5229,-5224,0,0
138.82,3,12697.7,621.38,0.02,12769.08,86.7,0.72,-0.79,-0.24,1.0,0.0,1.0,1,6684,942.6,2.36,-0.63,-0.87,-13.09,1810,318,1265,-0.0395,0.142,0.173,0.073,-16.23,9.06,682,827,-1266,0,0,2977,-0.0132,0.074,0.12,0.02,-13.55,6.39,670,1698,-3046,0,0,4820,0.0049,0.018,0.12,0.02,-5.21,-1.95,703,4471,-3047,0,0,7058,0.0312,-0.049,0.112,0.012,-5.14,-2.02,677,5608,-4837,0,0
138.84,3,12698.2,621.16,0.02,12769.51,87.2,0.75,-0.79,-0.22,1.0,0.0,1.0,1,6749,941.6,2.36,-0.57,-0.86,-12.62,1841,321,1460,-0.0365,0.15,0.168,0.068,-14.96,7.8,671,971,-1449,0,0,3127,-0.0109,0.115,0.117,0.017,-12.5,5.34,658,1784,-3193,0,0,4819,0.0049,-0.001,0.166,0.066,-5.02,-2.14,639,4551,-2933,0,0,6999,0.0305,-0.035,0.107,0.007,-4.9,-2.26,644,5825,-4545,0,0
138.86,3,12698.7,620.93,0.02,12769.94,87.7,0.74,-0.82,-0.19,1.0,0.0,1.0,1,6724,-220.9,2.37,-0.51,-0.88,-12.28,1873,325,1647,-0.0337,0.144,0.156,0.056,-13.63,6.46,671,1104,-1628,0,0,3304,-0.0082,0.137,0.111,0.011,-11.44,4.28,660,1926,-3337,0,0,4796,0.0046,-0.013,0.13,0.03,-4.77,-2.39,653,4543,-2856,0,0,6964,0.0301,-0.02,0.143,0.043,-4.75,-2.41,637,5906,-4391,0,0
138.88,3,12699.2,620.71,0.02,12770.37,88.1,0.75,-0.84,-0.17,1.0,0.0,0.89,1,6832,934.3,2.38,-0.46,-0.9,-12.1,1906,328,1807,-0.0312,0.123,0.145,0.045,-12.28,5.12,688,1192,-1796,0,0,3493,-0.0053,0.145,0.106,0.006,-10.31,3.15,679,1995,-3519,0,0,4760,0.0042,-0.021,0.167,0.067,-4.6,-2.57,706,4589,-2722,0,0,6965,0.0301,0.0,0.115,0.015,-4.56,-2.61,719,5819,-4360,0,0
138.9,3,12699.7,620.47,0.01,12770.81,88.6,0.77,-0.84,-0.14,1.0,0.0,0.76,1,6704,942.3,2.36,-0.42,-0.93,-12.0,1937,332,1930,-0.0293,0.094,0.119,0.019,-10.92,3.76,678,1253,-1921,0,0,3664,-0.0026,0.131,0.079,-0.021,-9.21,2.05,667,1939,-3707,0,0,4724,0.0038,-0.021,0.099,-0.001,-4.41,-2.75,699,4249,-2888,0,0,6992,0.0304,0.016,0.104,0.004,-4.35,-2.82,681,5469,-4459,0,0
138.92,3,12700.2,620.24,0.01,12771.24,89.1,0.77,-0.84,-0.11,1.0,0.0,0.63,1,6768,936.1,2.38,-0.39,-0.95,-11.89,1970,336,2038,-0.0276,0.083,0.112,0.012,-9.5,2.34,679,1337,-1998,0,0,3823,-0.0002,0.123,0.073,-0.027,-8.07,0.9,668,1939,-3803,0,0,4694,0.0034,-0.018,0.112,0.012,-4.25,-2.91,702,4275,-2786,0,0,7029,0.0309,0.022,0.105,0.005,-4.21,-2.96,685,5576,-4359,0,0
138.94,3,12700.7,619.99,0.01,12771.68,89.7,0.78,-0.83,-0.09,1.0,0.0,0.49,1,6795,931.2,2.39,-0.37,-0.97,-11.78,2002,339,2118,-0.0264,0.061,0.104,0.004,-8.08,0.91,680,1465,-1986,0,0,3949,0.0017,0.096,0.066,-0.034,-6.92,-0.24,667,2042,-3747,0,0,4671,0.0031,-0.014,0.102,0.002,-4.09,-3.07,695,4185,-2760,0,0,7066,0.0313,0.022,0.096,-0.004,-4.0,-3.16,681,5604,-4255,0,0
138.96,3,12701.2,619.75,0.01,12772.11,90.1,0.73,-0.82,-0.06,1.0,0.0,0.36,1,6743,935.0,2.38,-0.35,-0.99,-11.23,2030,343,2179,-0.0255,0.047,0.076,-0.024,-6.59,-0.57,667,1412,-1989,0,0,4045,0.0032,0.074,0.042,-0.058,-5.73,-1.43,656,1703,-3652,0,0,4656,0.0029,-0.009,0.082,-0.018,-3.89,-3.28,668,3676,-2905,0,0,7095,0.0316,0.018,0.052,-0.048,-3.83,-3.33,672,4469,-4508,0,0
138.98,3,12701.7,619.5,0.01,12772.55,90.5,0.6,-0.8,-0.03,1.0,0.0,0.23,1,6822,929.4,2.4,-0.33,-0.99,-10.02,2054,346,2223,-0.0248,0.033,0.048,-0.052,-5.18,-1.98,654,1214,-1903,0,0,4120,0.0044,0.058,0.026,-0.074,-4.57,-2.59,649,1389,-3318,0,0,4643,0.0028,-0.007,0.044,-0.056,-3.64,-3.52,658,2968,-2968,0,0,7124,0.032,0.017,0.036,-0.064,-3.61,-3.55,652,3418,-4524,0,0
139.0,3,12702.2,619.25,0.01,12772.98,90.7,0.34,-0.75,0.0,1.0,0.0,0.09,1,6775,-221.9,2.4,-0.3,-0.99,-8.21,2071,348,2279,-0.0239,0.043,0.017,-0.083,-3.72,-3.44,638,652,-1650,0,0,4186,0.0054,0.051,0.007,-0.093,-3.48,-3.68,639,550,-2811,0,0,4626,0.0026,-0.01,0.02,-0.08,-3.32,-3.84,639,1501,-2939,0,0,7120,0.0319,-0.003,0.007,-0.093,-3.3,-3.86,641,1220,-4387,0,0
139.02,3,12702.7,618.99,0.01,12773.42,90.8,0.06,-0.65,0.02,1.0,0.0,0.08,2,6791,-222.0,2.4,-0.25,-0.96,-6.03,2085,348,2363,-0.0226,0.064,0.0,-0.1,-2.47,-4.7,630,51,-1231,0,0,4259,0.0065,0.056,-0.001,-0.099,-2.39,-4.77,634,-39,-2091,0,0,4598,0.0023,-0.016,0.004,-0.096,-2.97,-4.19,634,253,-2717,0,0,7078,0.0314,-0.025,-0.002,-0.098,-2.99,-4.18,634,-256,-4053,0,0
139.04,3,12703.2,618.73,0.01,12773.85,90.8,0.15,-0.53,0.04,1.0,0.0,0.38,2,6815,929.2,2.4,-0.2,-0.9,-3.83,2100,348,2494,-0.0206,0.101,0.022,-0.078,-1.48,-5.68,647,786,-809,0,0,4328,0.0076,0.053,0.016,-0.084,-1.25,-5.91,646,956,-1186,0,0,4556,0.0018,-0.025,0.035,-0.065,-2.73,-4.43,660,2114,-2439,0,0,6955,0.03,-0.072,0.036,-0.064,-2.73,-4.43,654,2646,-3636,0,0
139.06,3,12703.7,618.48,0.01,12774.29,91.2,0.55,-0.38,0.07,1.0,0.0,0.68,2,6640,941.2,2.36,-0.16,-0.8,-1.55,2125,351,2648,-0.0183,0.119,0.037,-0.063,-0.53,-6.63,660,1509,-334,0,0,4371,0.0082,0.033,0.031,-0.069,-0.11,-7.05,658,2113,-187,0,0,4544,0.0016,-0.007,0.08,-0.02,-2.41,-4.75,680,3713,-2007,0,0,6798,0.0281,-0.093,0.059,-0.041,-2.42,-4.74,685,4883,-3017,0,0
139.08,3,12704.2,618.21,0.01,12774.73,91.8,0.86,-0.2,0.09,1.0,0.0,0.98,2,6427,955.1,2.32,-0.15,-0.68,0.82,2155,356,2806,-0.0158,0.122,0.061,-0.039,0.36,-6.8,682,2302,156,0,0,4348,0.0079,-0.018,0.053,-0.047,1.04,-6.12,676,3173,798,0,0,4603,0.0023,0.035,0.141,0.041,-2.15,-5.01,723,4846,-1453,0,0,6620,0.026,-0.105,0.115,0.015,-2.16,-5.0,729,6607,-2149,0,0
139.1,3,12704.7,617.95,0.01,12775.17,92.6,1.08,-0.04,0.12,0.5,0.0,1.0,2,6063,978.0,2.23,-0.18,-0.52,3.3,2187,362,2948,-0.0136,0.109,0.084,-0.016,1.21,-5.95,703,2860,600,0,0,4246,0.0063,-0.078,0.08,-0.02,2.17,-4.99,697,3804,1533,0,0,4751,0.0041,0.087,0.194,0.094,-1.92,-5.24,763,5385,-1013,0,0,6448,0.024,-0.101,0.172,0.072,-1.9,-5.26,769,7111,-1381,0,0
139.12,3,12705.3,617.69,0.01,12775.62,93.4,1.14,0.08,0.14,0.5,0.0,1.0,2,5559,555.6,1.48,-0.23,-0.33,6.02,2215,368,3064,-0.0119,0.089,0.098,-0.002,2.08,-5.08,719,3069,1007,0,0,4053,0.0034,-0.149,0.103,0.003,3.25,-3.91,717,3859,1948,0,0,4993,0.0069,0.143,0.215,0.115,-1.64,-5.53,784,5737,-821,0,0,6287,0.0221,-0.095,0.199,0.099,-1.59,-5.57,792,7098,-1001,0,0
139.14,3,12705.8,617.42,0.01,12776.07,94.2,1.15,0.14,0.16,0.5,0.0,1.0,2,5046,334.4,1.09,-0.3,-0.12,8.96,2241,375,3151,-0.0105,0.067,0.104,0.004,2.92,-4.25,729,3164,1350,0,0,3775,-0.0009,-0.213,0.113,0.013,4.28,-2.88,728,3624,2140,0,0,5316,0.0107,0.19,0.19,0.09,-1.26,-5.9,779,6093,-717,0,0,6133,0.0203,-0.091,0.192,0.092,-1.31,-5.85,790,6976,-803,0,0
139.16,3,12706.3,617.15,0.01,12776.52,95.0,1.08,0.17,0.18,1.0,0.0,1.0,2,4857,335.0,1.07,-0.38,0.09,12.4,2260,381,3202,-0.0097,0.039,0.077,-0.023,3.73,-3.43,716,2699,1886,0,0,3427,-0.0063,-0.268,0.093,-0.007,5.31,-1.85,715,2828,2486,0,0,5687,0.0151,0.218,0.128,0.028,-0.9,-6.26,737,6163,-836,0,0,5982,0.0185,-0.089,0.12,0.02,-0.92,-6.24,739,6482,-879,0,0
139.18,3,12706.8,616.88,0.01,12776.98,95.6,0.93,0.2,0.2,1.0,0.0,1.0,2,4704,791.2,1.62,-0.46,0.28,16.06,2274,386,3226,-0.0094,0.019,0.052,-0.048,4.55,-2.61,706,2041,2379,0,0,3055,-0.012,-0.286,0.074,-0.026,6.28,-0.89,706,2078,2618,0,0,6067,0.0195,0.223,0.061,-0.039,-0.41,-6.75,705,5323,-697,0,0,5843,0.0169,-0.082,0.066,-0.034,-0.42,-6.74,712,5643,-646,0,0
139.2,3,12707.4,616.61,0.01,12777.44,96.1,0.71,0.25,0.21,1.0,0.0,1.0,2,4712,996.6,1.91,-0.52,0.45,19.23,2281,390,3231,-0.0093,0.004,0.047,-0.053,5.4,-1.77,708,1583,2742,0,0,2692,-0.0176,-0.279,0.074,-0.026,7.3,0.13,708,1579,2549,0,0,6412,0.0236,0.203,0.056,-0.044,0.1,-7.06,708,4799,-182,0,0,5707,0.0153,-0.08,0.064,-0.036,0.15,-7.01,716,5117,-113,0,0
139.22,3,12707.9,616.34,0.01,12777.9,96.6,0.7,0.33,0.23,1.0,0.0,1.0,2,4758,997.5,1.92,-0.56,0.58,21.86,2294,395,3253,-0.0089,0.017,0.054,-0.046,6.14,-1.02,716,1630,2938,0,0,2394,-0.0222,-0.229,0.085,-0.015,8.18,1.02,717,1458,2323,0,0,6690,0.0269,0.164,0.057,-0.043,0.61,-6.55,713,5085,429,0,0,5567,0.0137,-0.083,0.069,-0.031,0.62,-6.55,722,5175,347,0,0
139.24,3,12708.4,616.06,0.01,12778.37,97.1,0.7,0.39,0.24,1.0,0.0,1.0,2,4799,998.3,1.93,-0.57,0.69,23.99,2311,399,3283,-0.0085,0.023,0.057,-0.043,6.93,-0.24,722,1609,3125,0,0,2163,-0.0257,-0.178,0.094,-0.006,9.09,1.93,723,1336,2139,0,0,6894,0.0293,0.12,0.06,-0.04,1.06,-6.1,719,5286,1019,0,0,5429,0.012,-0.081,0.075,-0.025,1.1,-6.06,728,5163,780,0,0
139.26,3,12709.0,615.79,0.01,12778.84,97.6,0.7,0.46,0.25,1.0,0.0,1.0,2,4840,999.1,1.94,-0.57,0.76,25.65,2329,403,3328,-0.0078,0.035,0.061,-0.039,7.74,0.58,726,1584,3298,0,0,2005,-0.0282,-0.121,0.105,0.005,10.02,2.86,731,1256,2003,0,0,7029,0.0309,0.079,0.062,-0.038,1.53,-5.63,725,5391,1620,0,0,5299,0.0105,-0.076,0.08,-0.02,1.57,-5.59,735,5110,1160,0,0
139.28,3,12709.5,615.52,0.01,12779.31,98.1,0.69,0.52,0.27,1.0,0.0,1.0,2,4881,999.8,1.95,-0.56,0.81,26.91,2352,407,3391,-0.0068,0.048,0.064,-0.036,8.5,1.33,732,1575,3453,0,0,1926,-0.0294,-0.061,0.115,0.015,10.94,3.78,739,1222,1931,0,0,7105,0.0318,0.045,0.065,-0.035,1.95,-5.21,731,5504,2147,0,0,5190,0.0092,-0.064,0.085,-0.015,1.99,-5.17,740,5027,1470,0,0
139.3,3,12710.1,615.25,0.01,12779.79,98.6,0.69,0.59,0.28,1.0,0.0,1.0,2,4922,1000.5,1.96,-0.52,0.83,27.89,2379,411,3470,-0.0056,0.061,0.069,-0.031,9.28,2.11,737,1596,3597,0,0,1920,-0.0295,-0.005,0.124,0.024,11.86,4.69,746,1220,1930,0,0,7133,0.0321,0.017,0.069,-0.031,2.34,-4.82,737,5561,2607,0,0,5107,0.0082,-0.049,0.09,-0.01,2.38,-4.78,747,4967,1729,0,0
139.32,3,12710.6,614.98,0.01,12780.27,99.1,0.69,0.66,0.29,1.0,0.0,1.0,2,4958,1001.0,1.97,-0.49,0.85,28.85,2407,415,3571,-0.0041,0.077,0.074,-0.026,10.04,2.88,743,1649,3737,0,0,1972,-0.0287,0.04,0.13,0.03,12.78,5.62,750,1224,2000,0,0,7128,0.032,-0.003,0.071,-0.029,2.68,-4.48,742,5532,2979,0,0,5038,0.0074,-0.04,0.094,-0.006,2.8,-4.36,753,4879,1980,0,0
139.34,3,12711.2,614.71,0.01,12780.75,99.5,0.68,0.72,0.31,1.0,0.0,1.0,2,4991,1001.5,1.97,-0.45,0.87,29.65,2433,419,3681,-0.0024,0.085,0.079,-0.021,10.83,3.66,748,1693,3878,0,0,2049,-0.0275,0.059,0.136,0.036,13.75,6.59,754,1245,2089,0,0,7125,0.032,-0.002,0.073,-0.027,3.05,-4.11,748,5468,3365,0,0,4991,0.0069,-0.027,0.097,-0.003,3.16,-4.01,758,4807,2181,0,0
139.36,3,12711.7,614.45,0.01,12781.24,100.0,0.68,0.79,0.32,1.0,0.0,1.0,2,5020,1001.9,1.98,-0.42,0.88,30.26,2465,423,3811,-0.0004,0.1,0.085,-0.015,11.59,4.43,753,1739,4032,0,0,2142,-0.026,0.072,0.142,0.042,14.66,7.5,758,1275,2192,0,0,7147,0.0323,0.013,0.06,-0.04,3.34,-3.82,762,5287,3701,0,0,4965,0.0066,-0.016,0.111,0.011,3.5,-3.66,754,4758,2358,0,0
139.38,3,12712.3,614.18,0.01,12781.73,100.5,0.69,0.83,0.34,1.0,0.0,1.0,2,5061,1002.5,1.99,-0.4,0.9,30.74,2498,426,3932,0.0015,0.093,0.091,-0.009,12.39,5.23,759,1809,4158,0,0,2234,-0.0246,0.07,0.15,0.05,15.56,8.4,764,1324,2281,0,0,7172,0.0326,0.015,0.077,-0.023,3.63,-3.53,758,5499,3918,0,0,4951,0.0064,-0.008,0.104,0.004,3.78,-3.38,769,4735,2488,0,0
139.4,3,12712.9,613.92,0.01,12782.22,100.9,0.69,0.86,0.35,0.0,0.0,1.0,2,5098,1002.9,2.0,-0.37,0.93,31.0,2530,430,4039,0.0031,0.082,0.096,-0.004,13.21,6.05,764,1855,4270,0,0,2308,-0.0235,0.057,0.159,0.059,16.54,9.38,770,1369,2348,0,0,7207,0.033,0.02,0.068,-0.032,3.91,-3.26,773,5447,4181,0,0,4944,0.0063,-0.004,0.12,0.02,4.01,-3.15,767,4756,2559,0,0
139.42,3,12713.4,613.66,0.01,12782.72,101.4,0.64,0.91,0.37,0.0,0.0,1.0,2,5030,562.2,1.39,-0.35,0.96,30.96,2563,434,4153,0.0049,0.088,0.081,-0.019,14.02,6.86,752,1633,4484,0,0,2364,-0.0226,0.043,0.149,0.049,17.56,10.39,760,1305,2447,0,0,7257,0.0335,0.03,0.06,-0.04,4.15,-3.01,753,4696,4630,0,0,4918,0.006,-0.015,0.087,-0.013,4.26,-2.9,760,4314,2913,0,0
139.44,3,12714.0,613.4,0.01,12783.23,101.6,0.42,0.98,0.39,1.0,0.0,1.0,2,4850,193.1,0.78,-0.33,0.99,30.0,2589,436,4254,0.0064,0.078,0.046,-0.054,14.89,7.72,726,998,4765,0,0,2408,-0.0219,0.034,0.111,0.011,18.58,11.42,732,1019,2618,0,0,7295,0.034,0.022,0.019,-0.081,4.29,-2.87,728,2006,5185,0,0,4882,0.0056,-0.021,0.043,-0.057,4.45,-2.71,729,2872,3480,0,0
139.46,3,12714.6,613.14,0.01,12783.73,101.7,0.14,1.02,0.41,1.0,0.0,1.0,2,4820,562.6,1.36,-0.29,1.03,28.38,2606,437,4352,0.008,0.075,0.041,-0.059,15.76,8.6,722,750,4909,0,0,2448,-0.0213,0.03,0.096,-0.004,19.65,12.48,721,819,2722,0,0,7316,0.0342,0.012,0.018,-0.082,4.35,-2.81,731,1256,5322,0,0,4826,0.005,-0.032,0.045,-0.055,4.52,-2.64,733,2397,3584,0,0
139.48,3,12715.1,612.89,0.01,12784.24,101.8,0.25,1.02,0.43,1.0,0.0,1.0,2,4955,1000.9,1.96,-0.24,1.08,27.28,2627,438,4480,0.0099,0.099,0.07,-0.03,16.69,9.53,739,1149,4967,0,0,2502,-0.0205,0.042,0.129,0.029,20.73,13.57,740,990,2724,0,0,7313,0.0342,-0.002,0.044,-0.056,4.4,-2.76,760,3497,5166,0,0,4728,0.0038,-0.058,0.085,-0.015,4.54,-2.62,753,3505,3244,0,0
139.5,3,12715.7,612.64,0.01,12784.75,102.1,0.46,0.99,0.45,1.0,0.0,1.0,2,5082,1002.7,1.99,-0.2,1.13,26.98,2658,440,4622,0.0121,0.109,0.102,0.002,17.62,10.46,759,1665,4974,0,0,2549,-0.0198,0.036,0.166,0.066,21.89,14.73,760,1223,2682,0,0,7315,0.0342,0.001,0.075,-0.025,4.51,-2.65,768,4945,4919,0,0,4605,0.0023,-0.072,0.098,-0.002,4.62,-2.54,778,4020,2911,0,0
139.52,3,12716.3,612.4,0.01,12785.26,102.5,0.54,0.98,0.47,1.0,0.0,1.0,2,5154,1003.5,2.01,-0.18,1.16,27.08,2683,443,4747,0.014,0.096,0.117,0.017,18.53,11.37,768,1893,5025,0,0,2579,-0.0193,0.023,0.194,0.094,23.17,16.01,774,1359,2648,0,0,7314,0.0342,-0.001,0.085,-0.015,4.66,-2.5,777,5371,4858,0,0,4479,0.0009,-0.074,0.11,0.01,4.89,-2.27,789,4087,2797,0,0
139.54,3,12716.8,612.15,0.01,12785.78,102.8,0.57,0.97,0.49,1.0,0.0,1.0,2,5206,1004.1,2.02,-0.18,1.18,27.26,2705,446,4829,0.0153,0.063,0.128,0.028,19.52,12.36,773,2005,5061,0,0,2595,-0.0191,0.013,0.216,0.116,24.31,17.15,783,1437,2622,0,0,7326,0.0344,0.007,0.091,-0.009,4.81,-2.35,784,5580,4865,0,0,4406,0.0,-0.043,0.118,0.018,5.05,-2.11,797,4100,2733,0,0
139.56,3,12717.4,611.91,0.01,12786.3,103.2,0.59,0.96,0.52,1.0,0.0,1.0,2,5246,1004.4,2.03,-0.18,1.18,27.15,2726,450,4859,0.0158,0.024,0.139,0.039,20.55,13.39,778,2078,5053,0,0,2593,-0.0191,-0.002,0.236,0.136,25.6,18.44,791,1483,2587,0,0,7353,0.0347,0.016,0.095,-0.005,4.97,-2.19,790,5678,4931,0,0,4389,-0.0002,-0.01,0.121,0.021,5.12,-2.04,803,4115,2718,0,0
139.58,3,12718.0,611.67,0.01,12786.82,103.6,0.6,0.97,0.54,1.0,0.0,1.0,2,5278,1004.7,2.04,-0.19,1.18,26.83,2745,453,4860,0.0158,0.001,0.15,0.05,21.62,14.45,783,2130,5018,0,0,2598,-0.019,0.004,0.253,0.153,26.89,19.73,796,1511,2570,0,0,7364,0.0348,0.006,0.086,-0.014,5.08,-2.08,803,5649,5014,0,0,4405,0.0,0.009,0.135,0.035,5.21,-1.95,799,4164,2714,0,0
139.6,3,12718.6,611.44,0.01,12787.35,104.0,0.6,0.96,0.57,1.0,0.0,1.0,2,5306,1004.9,2.05,-0.2,1.17,26.32,2764,456,4849,0.0156,-0.009,0.16,0.06,22.7,15.54,786,2165,4976,0,0,2593,-0.0191,-0.004,0.271,0.171,28.23,21.06,801,1533,2545,0,0,7383,0.035,0.011,0.1,0.0,5.19,-1.98,799,5757,5028,0,0,4432,0.0003,0.016,0.125,0.025,5.31,-1.85,812,4156,2780,0,0
139.62,3,12719.1,611.21,0.01,12787.88,104.4,0.6,0.97,0.6,1.0,0.0,1.0,2,5330,1005.1,2.05,-0.21,1.17,25.79,2779,460,4839,0.0155,-0.007,0.17,0.07,23.73,16.57,790,2190,4941,0,0,2589,-0.0192,-0.003,0.288,0.188,29.55,22.39,805,1551,2523,0,0,7400,0.0352,0.01,0.09,-0.01,5.29,-1.87,811,5713,5118,0,0,4456,0.0006,0.014,0.138,0.038,5.51,-1.65,807,4180,2829,0,0
139.64,3,12719.7,610.98,0.01,12788.41,104.7,0.6,0.97,0.62,1.0,0.0,1.0,2,5352,1005.2,2.06,-0.23,1.17,24.93,2795,463,4813,0.015,-0.02,0.182,0.082,24.89,17.73,793,2217,4886,0,0,2568,-0.0195,-0.016,0.308,0.208,30.91,23.75,809,1564,2483,0,0,7443,0.0357,0.025,0.102,0.002,5.32,-1.84,805,5805,5130,0,0,4507,0.0012,0.03,0.125,0.025,5.44,-1.72,819,4191,2882,0,0
139.66,3,12720.3,610.75,0.01,12788.95,105.1,0.6,0.98,0.65,1.0,0.0,1.0,2,5369,1005.3,2.06,-0.24,1.17,24.06,2813,466,4800,0.0148,-0.01,0.192,0.092,26.0,18.84,795,2231,4852,0,0,2555,-0.0197,-0.01,0.328,0.228,32.33,25.17,812,1575,2454,0,0,7481,0.0362,0.023,0.091,-0.009,5.39,-1.77,817,5756,5229,0,0,4546,0.0017,0.023,0.137,0.037,5.48,-1.68,813,4237,2903,0,0
139.68,3,12720.9,610.52,0.01,12789.49,105.5,0.59,0.97,0.68,1.0,0.0,1.0,2,5387,1005.4,2.07,-0.26,1.17,23.07,2824,470,4776,0.0145,-0.018,0.204,0.104,27.17,20.01,797,2255,4801,0,0,2539,-0.0199,-0.013,0.348,0.248,33.74,26.57,815,1587,2421,0,0,7514,0.0366,0.019,0.103,0.003,5.42,-1.75,811,5841,5232,0,0,4588,0.0021,0.025,0.124,0.024,5.52,-1.65,824,4222,2982,0,0
139.7,3,12721.5,610.3,0.01,12790.04,105.8,0.59,0.99,0.71,1.0,0.0,1.0,2,5398,1005.5,2.07,-0.27,1.17,21.99,2845,473,4766,0.0143,-0.008,0.215,0.115,28.3,21.14,798,2268,4771,0,0,2520,-0.0202,-0.015,0.371,0.271,35.21,28.05,817,1599,2383,0,0,7573,0.0373,0.035,0.09,-0.01,5.35,-1.82,821,5802,5291,0,0,4635,0.0027,0.028,0.133,0.033,5.45,-1.71,817,4274,2993,0,0
139.72,3,12722.1,610.08,0.01,12790.58,106.2,0.58,0.98,0.74,1.0,0.0,1.0,2,5409,1005.5,2.07,-0.27,1.17,20.96,2861,476,4756,0.0142,-0.008,0.229,0.129,29.56,22.4,799,2299,4734,0,0,2509,-0.0204,-0.008,0.395,0.295,36.75,29.59,819,1615,2355,0,0,7601,0.0376,0.017,0.101,0.001,5.31,-1.85,814,5901,5252,0,0,4663,0.003,0.016,0.12,0.02,5.46,-1.71,828,4248,3054,0,0
139.74,3,12722.7,609.87,0.01,12791.14,106.5,0.57,1.0,0.77,0.0,1.0,1.0,2,5415,1005.5,2.07,-0.28,1.17,20.04,2880,479,4756,0.0142,0.0,0.239,0.139,30.63,23.47,800,2314,4717,0,0,2518,-0.0203,0.007,0.417,0.317,38.21,31.05,818,1636,2349,0,0,7616,0.0378,0.009,0.089,-0.011,5.28,-1.88,824,5821,5301,0,0,4690,0.0033,0.016,0.13,0.03,5.34,-1.82,821,4295,3031,0,0
139.76,3,12723.2,609.66,0.01,12791.69,106.6,0.14,1.08,0.8,0.0,1.0,1.0,2,4947,562.3,1.38,-0.26,1.17,17.49,2890,479,4758,0.0142,0.001,-0.068,-0.032,31.83,24.67,569,347,5178,5850,0,2519,-0.0202,0.001,0.225,0.125,39.67,32.51,688,1086,2604,1755,1,7634,0.038,0.011,-0.017,-0.083,5.09,-2.08,722,-1295,6290,3150,0,4707,0.0036,0.01,-0.02,-0.08,5.19,-1.97,730,-160,4110,3150,0
139.78,3,12723.8,609.45,0.01,12792.24,106.1,-0.54,1.0,0.84,0.0,1.0,1.0,2,4311,209.8,0.74,-0.2,1.17,13.71,2883,476,4798,0.0148,0.031,-0.12,0.02,33.14,25.98,515,-1221,5088,5850,0,2550,-0.0198,0.023,0.123,0.023,41.29,34.13,607,610,2762,1755,1,7605,0.0376,-0.017,-0.044,-0.056,4.79,-2.38,699,-3089,5889,3150,0,4665,0.0031,-0.025,-0.022,-0.078,4.92,-2.24,699,-1408,3896,3150,0
139.8,3,12724.4,609.25,0.01,12792.79,105.5,-0.84,0.9,0.89,0.0,1.0,1.0,2,3797,-191.3,0.2,-0.11,1.16,10.71,2880,470,4905,0.0165,0.082,-0.144,0.044,34.57,27.41,512,-1318,5166,1755,1,2650,-0.0182,0.077,-0.152,0.052,43.11,35.94,442,-553,2875,1755,1,7499,0.0364,-0.063,-0.113,0.013,4.48,-2.68,646,-6138,4680,3150,0,4550,0.0017,-0.068,-0.098,-0.002,4.61,-2.55,637,-3647,3119,3150,0
139.82,3,12725.0,609.05,0.01,12793.33,104.7,-1.13,0.73,0.93,0.0,1.0,1.0,2,3501,-181.4,0.2,0.03,1.12,8.66,2876,463,5047,0.0186,0.109,-0.223,0.123,36.18,29.01,465,-1827,5166,1755,1,2818,-0.0156,0.129,-0.209,0.109,45.17,38.01,413,-785,3006,1755,1,7286,0.0339,-0.125,-0.17,0.07,4.37,-2.79,642,-7117,3617,945,1,4371,-0.0004,-0.105,-0.14,0.04,4.44,-2.72,628,-4304,2414,945,1
139.84,3,12725.6,608.85,0.01,12793.88,103.8,-1.18,0.65,0.98,0.0,1.0,1.0,2,3424,-173.3,0.2,0.18,1.05,6.8,2879,455,5219,0.0213,0.133,-0.238,0.138,37.84,30.68,427,-2080,5254,1755,1,3067,-0.0118,0.191,-0.203,0.103,47.23,40.07,378,-893,3244,1755,1,6950,0.0299,-0.198,-0.125,0.025,4.13,-3.03,610,-6820,3392,945,1,4135,-0.0032,-0.139,-0.135,0.035,4.3,-2.87,613,-4131,2215,945,1
139.86,3,12726.1,608.66,0.01,12794.42,103.0,-1.18,0.61,1.0,0.0,1.0,1.0,2,3310,-171.1,0.2,0.35,0.96,5.28,2885,448,5388,0.0239,0.13,-0.263,0.163,39.51,32.35,417,-2175,5387,1755,1,3364,-0.0072,0.229,-0.224,0.124,49.38,42.22,372,-948,3544,1755,1,6508,0.0247,-0.26,-0.156,0.056,3.89,-3.27,631,-6535,3000,945,1,3861,-0.0064,-0.161,-0.148,0.048,4.1,-3.06,617,-3986,1921,945,1
139.88,3,12726.7,608.47,0.01,12794.95,102.1,-1.18,0.57,1.0,0.0,1.0,1.0,2,3255,-164.2,0.2,0.52,0.86,4.25,2887,441,5536,0.0262,0.114,-0.257,0.157,40.24,33.08,395,-2262,5507,1755,1,3684,-0.0023,0.246,-0.206,0.106,50.33,43.17,348,-1036,3859,1755,1,5989,0.0186,-0.305,-0.135,0.035,3.72,-3.45,590,-6165,2601,945,1,3567,-0.0099,-0.173,-0.151,0.051,3.74,-3.42,593,-3822,1571,945,1
139.9,3,12727.3,608.29,0.01,12795.48,101.3,-1.17,0.53,1.0,0.0,1.0,0.89,2,3112,-160.5,0.2,0.67,0.75,3.77,2884,434,5654,0.028,0.091,-0.288,0.188,40.12,32.96,393,-2435,5569,1755,1,4000,0.0025,0.243,-0.249,0.149,50.27,43.11,347,-1221,4148,1755,1,5436,0.0121,-0.325,-0.192,0.092,3.61,-3.55,592,-5869,2040,945,1,3272,-0.0133,-0.173,-0.186,0.086,3.7,-3.46,580,-3636,1275,945,1
139.92,3,12727.8,608.11,0.01,12796.0,100.4,-1.16,0.48,1.0,0.0,1.0,0.76,2,3025,-152.6,0.2,0.81,0.64,3.85,2870,427,5735,0.0292,0.062,-0.289,0.189,40.01,32.85,374,-2574,5602,1755,1,4296,0.0071,0.228,-0.25,0.15,50.17,43.01,326,-1409,4412,1755,1,4881,0.0056,-0.326,-0.193,0.093,3.47,-3.69,546,-5440,1599,945,1,3000,-0.0165,-0.16,-0.204,0.104,3.51,-3.65,548,-3433,1002,945,1
139.94,3,12728.4,607.93,0.01,12796.53,99.6,-1.13,0.44,1.0,0.0,1.0,0.63,2,2863,-147.0,0.2,0.91,0.53,4.28,2844,421,5777,0.0299,0.032,-0.32,0.22,39.96,32.79,368,-2747,5577,1755,1,4555,0.0111,0.199,-0.294,0.194,50.08,42.91,321,-1630,4623,1755,1,4370,-0.0004,-0.301,-0.252,0.152,3.44,-3.72,533,-5009,1216,945,1,2772,-0.0192,-0.134,-0.246,0.146,3.52,-3.65,526,-3240,802,945,1
139.96,3,12728.9,607.75,0.01,12797.05,98.8,-1.12,0.4,1.0,0.0,1.0,0.49,2,2739,-138.2,0.2,0.99,0.44,4.95,2808,414,5793,0.0301,0.012,-0.332,0.232,39.9,32.74,348,-2910,5523,1755,1,4770,0.0144,0.166,-0.305,0.205,50.03,42.87,299,-1843,4784,1755,1,3942,-0.0055,-0.252,-0.272,0.172,3.55,-3.61,491,-4591,991,945,1,2605,-0.0212,-0.098,-0.276,0.176,3.47,-3.69,492,-3091,653,945,1
139.98,3,12729.5,607.58,0.01,12797.56,98.0,-1.1,0.37,1.0,0.0,1.0,0.36,2,2643,-135.1,0.2,1.02,0.37,5.84,2758,407,5784,0.03,-0.007,-0.358,0.258,39.78,32.62,342,-3058,5446,1755,1,4939,0.017,0.13,-0.339,0.239,49.96,42.8,295,-2038,4898,1755,1,3620,-0.0092,-0.189,-0.299,0.199,3.55,-3.61,484,-4257,846,945,1,2515,-0.0222,-0.053,-0.295,0.195,3.52,-3.64,481,-3001,594,945,1
140.0,3,12730.0,607.4,0.01,12798.07,97.2,-1.11,0.35,1.0,0.0,1.0,0.23,2,2536,-128.0,0.2,1.03,0.31,6.78,2700,400,5766,0.0297,-0.014,-0.372,0.272,39.74,32.58,324,-3178,5366,1755,1,5063,0.0189,0.095,-0.351,0.251,49.91,42.75,276,-2200,4972,1755,1,3434,-0.0114,-0.11,-0.32,0.22,3.58,-3.58,458,-4066,748,945,1,2516,-0.0222,0.0,-0.318,0.218,3.57,-3.59,458,-3013,558,945,1
140.02,3,12730.6,607.23,0.01,12798.58,96.4,-1.14,0.32,1.0,0.0,1.0,0.09,2,2389,-121.5,0.2,1.01,0.28,7.66,2637,394,5746,0.0294,-0.015,-0.438,0.338,39.74,32.57,291,-3496,5173,1755,1,5147,0.0202,0.064,-0.453,0.353,49.97,42.8,235,-2614,4893,1755,1,3383,-0.012,-0.03,-0.325,0.225,3.67,-3.49,459,-4010,735,945,1,2600,-0.0212,0.049,-0.321,0.221,3.67,-3.5,456,-3111,576,945,1
140.04,3,12731.1,607.07,0.01,12799.09,95.5,-1.21,0.28,1.0,0.0,1.0,0.02,1,2336,-118.6,0.2,0.98,0.27,7.86,2574,386,5734,0.0292,-0.009,-0.51,0.41,39.79,32.63,250,-3889,4914,1755,1,5189,0.0208,0.033,-0.562,0.462,50.03,42.87,184,-3153,4668,1755,1,3455,-0.0112,0.042,-0.255,0.155,3.74,-3.42,499,-4034,930,945,1,2742,-0.0196,0.084,-0.262,0.162,3.76,-3.4,491,-3235,734,945,1
140.06,3,12731.6,606.9,0.01,12799.58,94.6,-1.26,0.27,1.0,0.0,1.0,0.12,1,2331,-118.0,0.2,0.94,0.27,7.2,2513,379,5732,0.0292,-0.002,-0.56,0.46,39.88,32.71,223,-4162,4717,1755,1,5213,0.0212,0.019,-0.641,0.541,50.04,42.88,149,-3520,4473,1755,1,3596,-0.0095,0.083,-0.225,0.125,3.74,-3.43,511,-4113,1152,945,1,2918,-0.0175,0.103,-0.221,0.121,3.79,-3.37,511,-3354,973,945,1
140.08,3,12732.1,606.74,0.01,12800.08,93.7,-1.29,0.25,1.0,0.0,1.0,0.22,1,2426,-122.2,0.2,0.9,0.27,6.08,2456,371,5734,0.0292,0.002,-0.599,0.499,40.0,32.83,200,-4327,4592,1755,1,5225,0.0214,0.009,-0.729,0.629,50.18,43.02,111,-3833,4268,1755,1,3767,-0.0075,0.101,-0.262,0.162,3.72,-3.44,484,-4342,1108,945,1,3101,-0.0153,0.108,-0.252,0.152,3.74,-3.42,478,-3596,945,945,1
140.1,3,12732.6,606.58,0.01,12800.57,92.8,-1.33,0.19,1.0,0.0,1.0,0.24,1,2600,-130.9,0.2,0.87,0.26,4.85,2403,364,5742,0.0293,0.006,-0.644,0.544,40.06,32.9,176,-4507,4452,1755,1,5229,0.0214,0.003,-0.813,0.713,50.23,43.07,75,-4096,4063,1755,1,3943,-0.0054,0.104,-0.345,0.245,3.79,-3.37,417,-4630,895,945,1,3272,-0.0133,0.1,-0.343,0.243,3.71,-3.46,422,-3877,740,945,1
140.12,3,12733.2,606.42,0.01,12801.06,91.8,-1.36,0.14,1.0,0.0,1.0,0.14,1,2603,-132.1,0.2,0.84,0.24,3.72,2353,356,5742,0.0293,0.0,-0.658,0.558,40.16,33.0,167,-4588,4381,1755,1,5248,0.0217,0.015,-0.835,0.735,50.53,43.37,66,-4212,3988,1755,1,4078,-0.0038,0.079,-0.361,0.261,3.68,-3.48,407,-4810,809,945,1,3432,-0.0114,0.094,-0.365,0.265,3.68,-3.48,406,-4082,687,945,1
140.14,3,12733.7,606.27,0.01,12801.54,90.8,-1.36,0.13,1.0,0.0,1.0,0.04,1,2589,-131.1,0.2,0.82,0.22,2.58,2303,349,5726,0.0291,-0.012,-0.673,0.573,40.24,33.08,158,-4623,4328,1755,1,5261,0.0219,0.01,-0.853,0.753,50.42,43.26,60,-4284,3941,1755,1,4175,-0.0027,0.057,-0.309,0.209,3.65,-3.52,441,-4892,921,945,1,3567,-0.0099,0.079,-0.309,0.209,3.66,-3.51,440,-4212,797,945,1
140.16,3,12734.2,606.11,0.01,12802.01,89.9,-1.35,0.15,1.0,0.0,1.0,0.02,1,2511,-127.0,0.2,0.81,0.2,1.14,2256,342,5710,0.0288,-0.013,-0.687,0.587,40.35,33.19,149,-4657,4273,1755,1,5289,0.0224,0.022,-0.854,0.754,50.47,43.31,59,-4299,3965,1755,1,4231,-0.0021,0.033,-0.174,0.074,3.54,-3.62,520,-4739,1441,945,1,3681,-0.0085,0.067,-0.19,0.09,3.59,-3.57,512,-4188,1204,945,1
140.18,3,12734.7,605.96,0.01,12802.48,88.9,-1.31,0.22,1.0,0.0,1.0,0.12,1,2500,-126.1,0.2,0.8,0.19,-0.87,2212,335,5693,0.0286,-0.012,-0.708,0.608,40.32,33.16,138,-4710,4201,1755,1,5315,0.0228,0.02,-0.823,0.723,50.46,43.3,70,-4259,4038,1755,1,4259,-0.0017,0.017,-0.136,0.036,3.31,-3.85,538,-4444,1844,945,1,3765,-0.0075,0.05,-0.134,0.034,3.34,-3.83,533,-3954,1648,945,1
140.2,3,12735.1,605.81,0.01,12802.94,88.0,-1.3,0.22,1.0,0.0,1.0,0.21,1,2589,-130.4,0.2,0.8,0.19,-2.98,2169,328,5692,0.0286,-0.001,-0.711,0.611,40.28,33.12,135,-4724,4185,1755,1,5327,0.023,0.009,-0.855,0.755,50.45,43.29,56,-4308,4011,1755,1,4283,-0.0014,0.014,-0.179,0.079,3.05,-4.11,504,-4690,1534,945,1,3807,-0.007,0.024,-0.178,0.078,3.08,-4.08,498,-4203,1366,945,1
140.22,3,12735.6,605.66,0.01,12803.4,87.1,-1.32,0.16,1.0,0.0,1.0,0.11,1,2655,-134.3,0.2,0.8,0.19,-4.73,2128,321,5696,0.0286,0.003,-0.712,0.612,40.23,33.07,133,-4737,4178,1755,1,5331,0.023,0.003,-0.884,0.784,50.45,43.29,45,-4394,3937,1755,1,4296,-0.0013,0.008,-0.198,0.098,2.85,-4.32,484,-4875,1226,945,1,3820,-0.0069,0.008,-0.208,0.108,2.84,-4.33,484,-4377,1068,945,1
140.24,3,12736.1,605.51,0.01,12803.86,86.2,-1.3,0.13,1.0,0.0,1.0,0.01,1,2618,-132.7,0.2,0.81,0.19,-6.37,2086,314,5695,0.0286,0.0,-0.722,0.622,40.16,33.0,127,-4759,4157,1755,1,5325,0.0229,-0.005,-0.859,0.759,50.29,43.12,54,-4380,3941,1755,1,4288,-0.0014,-0.005,-0.143,0.043,2.52,-4.64,517,-4749,1326,945,1,3804,-0.0071,-0.01,-0.152,0.052,2.49,-4.68,516,-4277,1126,945,1
140.26,3,12736.6,605.37,0.01,12804.31,85.3,-1.26,0.15,1.0,0.0,1.0,0.09,1,2577,-130.2,0.2,0.81,0.19,-8.17,2044,308,5688,0.0285,-0.005,-0.732,0.632,40.04,32.88,121,-4795,4113,1755,1,5320,0.0229,-0.004,-0.835,0.735,50.17,43.0,64,-4316,3994,1755,1,4262,-0.0017,-0.015,-0.122,0.022,2.24,-4.92,522,-4508,1435,945,1,3781,-0.0073,-0.014,-0.128,0.028,2.19,-4.97,518,-4088,1213,945,1
140.28,3,12737.0,605.22,0.01,12804.76,84.4,-1.26,0.13,1.0,0.0,1.0,0.05,1,2562,-129.6,0.2,0.81,0.18,-9.78,2002,301,5675,0.0283,-0.01,-0.741,0.641,39.97,32.81,116,-4817,4072,1755,1,5312,0.0227,-0.007,-0.823,0.723,50.01,42.84,68,-4279,4016,1755,1,4236,-0.002,-0.016,-0.124,0.024,1.81,-5.35,516,-4574,1180,945,1,3760,-0.0076,-0.012,-0.129,0.029,1.81,-5.35,516,-4107,1038,945,1
140.3,3,12737.5,605.08,0.01,12805.2,83.5,-1.25,0.11,1.0,0.0,1.0,0.0,1,2498,-126.4,0.2,0.81,0.17,-11.15,1960,295,5649,0.0279,-0.02,-0.748,0.648,39.73,32.57,113,-4838,4015,1755,1,5301,0.0226,-0.008,-0.826,0.726,49.83,42.67,65,-4252,4026,1755,1,4203,-0.0024,-0.019,-0.113,0.013,1.43,-5.73,504,-4538,996,3150,0,3747,-0.0077,-0.008,-0.137,0.037,1.41,-5.75,510,-4108,859,945,1
140.32,3,12738.0,604.94,0.01,12805.64,82.6,-1.25,0.08,1.0,0.0,1.0,0.0,1,2414,-122.3,0.2,0.81,0.16,-12.33,1919,289,5621,0.0275,-0.022,-0.748,0.648,39.51,32.35,112,-4830,3982,1755,1,5294,0.0224,-0.005,-0.868,0.768,49.63,42.46,49,-4343,3935,1755,1,4166,-0.0028,-0.021,-0.113,0.013,1.08,-6.08,498,-4524,792,3150,0,3739,-0.0078,-0.005,-0.13,0.03,1.06,-6.1,509,-4106,692,945,1
140.34,3,12738.4,604.81,0.01,12806.07,81.7,-1.28,0.01,1.0,0.0,1.0,0.0,1,2332,-118.4,0.2,0.81,0.13,-13.0,1878,282,5588,0.027,-0.025,-0.75,0.65,39.31,32.14,110,-4822,3944,1755,1,5290,0.0224,-0.003,-0.899,0.799,49.43,42.26,37,-4431,3847,1755,1,4124,-0.0033,-0.025,-0.792,0.692,0.8,-6.36,91,-4944,125,6000,0,3735,-0.0079,-0.003,-0.79,0.69,0.76,-6.4,93,-4500,110,6000,0
140.36,3,12738.9,604.67,0.01,12806.5,80.8,-1.28,-0.03,1.0,0.0,1.0,0.0,1,2252,-114.6,0.2,0.82,0.1,-13.39,1838,276,5553,0.0264,-0.027,-0.755,0.655,39.11,31.95,107,-4817,3897,1755,1,5297,0.0225,0.005,-0.919,0.819,49.22,42.06,30,-4498,3792,1755,1,4067,-0.004,-0.034,-1.016,0.916,0.57,-6.59,41,-4860,60,6000,0,3733,-0.0079,-0.001,-0.974,0.874,0.49,-6.67,-13,-4480,50,6000,0
140.38,3,12739.3,604.53,0.01,12806.92,79.9,-1.28,-0.04,1.0,0.0,1.0,0.0,1,2175,-111.0,0.2,0.82,0.06,-13.73,1799,270,5513,0.0258,-0.031,-0.762,0.662,38.95,31.79,102,-4813,3842,1755,1,5319,0.0228,0.017,-0.928,0.828,49.02,41.86,26,-4550,3774,1755,1,3989,-0.0049,-0.046,-0.927,0.827,0.28,-6.88,13,-4771,38,6000,0,3736,-0.0079,0.002,-1.024,0.924,0.22,-6.94,36,-4483,30,6000,0
140.4,3,12739.8,604.4,0.01,12807.34,79.0,-1.28,-0.04,1.0,0.0,1.0,0.0,1,2101,-107.4,0.2,0.83,0.02,-14.03,1760,264,5467,0.0251,-0.035,-0.773,0.673,38.73,31.57,97,-4815,3774,1755,1,5354,0.0234,0.027,-0.927,0.827,48.8,41.64,26,-4590,3785,1755,1,3891,-0.0061,-0.058,-1.033,0.933,-0.09,-7.07,32,-4659,10,6000,0,3743,-0.0078,0.004,-0.937,0.837,0.03,-7.13,8,-4491,17,6000,0
140.42,3,12740.2,604.26,0.01,12807.75,78.1,-1.27,-0.05,1.0,0.0,1.0,0.0,1,2029,-104.0,0.2,0.84,-0.01,-14.26,1721,258,5423,0.0244,-0.035,-0.783,0.683,38.45,31.29,92,-4819,3702,1755,1,5383,0.0238,0.022,-0.925,0.825,48.57,41.41,27,-4622,3796,1755,1,3794,-0.0072,-0.057,-0.956,0.856,-0.37,-6.79,-4,-4549,-10,6000,0,3742,-0.0078,0.0,-0.988,0.888,-0.32,-6.85,-21,-4491,-7,6000,0
140.44,3,12740.6,604.13,0.01,12808.16,77.2,-1.26,-0.06,1.0,0.0,1.0,0.0,1,1959,-100.7,0.2,0.85,-0.04,-14.49,1682,252,5386,0.0239,-0.028,-0.789,0.689,38.21,31.05,89,-4817,3648,1755,1,5411,0.0242,0.022,-0.921,0.821,48.37,41.21,28,-4645,3814,1755,1,3708,-0.0082,-0.051,-1.028,0.928,-0.67,-6.5,34,-4450,-31,6000,0,3740,-0.0078,-0.001,-0.952,0.852,-0.61,-6.56,-1,-4488,-27,6000,0
140.46,3,12741.0,604.0,0.01,12808.56,76.3,-1.25,-0.06,1.0,0.0,1.0,0.0,1,1892,-97.4,0.2,0.85,-0.05,-14.74,1643,247,5358,0.0234,-0.022,-0.791,0.691,38.04,30.88,87,-4810,3613,1755,1,5425,0.0245,0.011,-0.92,0.82,48.14,40.97,29,-4664,3816,1755,1,3644,-0.009,-0.037,-1.012,0.912,-0.97,-6.19,42,-4378,-50,6000,0,3732,-0.0079,-0.005,-1.009,0.909,-0.95,-6.21,44,-4478,-50,6000,0
140.48,3,12741.5,603.87,0.01,12808.96,75.4,-1.25,-0.07,1.0,0.0,1.0,0.0,1,1826,-94.3,0.2,0.85,-0.07,-14.94,1603,241,5323,0.0229,-0.027,-0.798,0.698,37.71,30.55,84,-4812,3559,1755,1,5427,0.0245,0.001,-0.922,0.822,47.85,40.69,28,-4682,3802,1755,1,3601,-0.0095,-0.026,-1.0,0.9,-1.25,-5.91,21,-4328,-69,6000,0,3737,-0.0079,0.002,-0.97,0.87,-1.24,-5.92,-12,-4484,-72,6000,0
140.5,3,12741.9,603.74,0.01,12809.35,74.5,-1.25,-0.07,1.0,0.0,1.0,0.0,1,1763,-91.3,0.2,0.85,-0.07,-15.15,1565,235,5301,0.0226,-0.017,-0.798,0.698,37.49,30.33,83,-4806,3532,1755,1,5431,0.0246,0.003,-0.921,0.821,47.6,40.44,28,-4696,3795,1755,1,3572,-0.0098,-0.017,-1.042,0.942,-1.58,-5.59,27,-4294,-90,6000,0,3743,-0.0078,0.004,-0.928,0.828,-1.51,-5.65,10,-4490,-92,6000,0
140.52,3,12742.3,603.62,0.01,12809.74,73.7,-1.26,-0.08,1.0,0.0,1.0,0.0,1,1702,-88.4,0.2,0.85,-0.08,-15.41,1527,230,5290,0.0224,-0.009,-0.793,0.693,37.22,30.06,84,-4798,3524,1755,1,5432,0.0246,0.001,-0.92,0.82,47.36,40.19,28,-4706,3786,1755,1,3559,-0.01,-0.008,-0.968,0.868,-1.89,-5.27,-12,-4279,-112,6000,0,3745,-0.0078,0.001,-1.033,0.933,-1.86,-5.3,32,-4491,-114,6000,0
140.54,3,12742.7,603.49,0.01,12810.13,72.8,-1.26,-0.08,1.0,0.0,1.0,0.0,1,1643,-85.6,0.2,0.85,-0.08,-15.7,1492,224,5279,0.0222,-0.008,-0.788,0.688,36.96,29.8,85,-4791,3518,1755,1,5429,0.0245,-0.002,-0.92,0.82,47.18,40.02,28,-4713,3777,1755,1,3552,-0.01,-0.004,-0.947,0.847,-2.15,-5.01,-1,-4270,-129,6000,0,3748,-0.0077,0.002,-0.991,0.891,-2.09,-5.07,-23,-4495,-132,6000,0
140.56,3,12743.1,603.37,0.01,12810.51,71.9,-1.25,-0.08,1.0,0.0,1.0,0.0,1,1585,-82.8,0.2,0.84,-0.08,-15.97,1454,219,5270,0.0221,-0.007,-0.782,0.682,36.71,29.55,87,-4783,3513,1755,1,5418,0.0244,-0.009,-0.924,0.824,46.89,39.72,27,-4725,3749,1755,1,3544,-0.0101,-0.004,-1.024,0.924,-2.54,-4.63,37,-4260,-153,6000,0,3738,-0.0079,-0.006,-1.052,0.952,-2.4,-4.77,23,-4481,-150,6000,0
140.58,3,12743.5,603.24,0.01,12810.88,71.0,-1.26,-0.09,1.0,0.0,1.0,0.0,1,1530,-80.2,0.2,0.84,-0.08,-16.21,1418,213,5263,0.022,-0.006,-0.777,0.677,36.44,29.28,88,-4777,3510,1755,1,5421,0.0244,0.002,-0.919,0.819,46.64,39.48,28,-4731,3748,1755,1,3537,-0.0102,-0.004,-1.004,0.904,-2.87,-4.3,47,-4251,-174,6000,0,3745,-0.0078,0.004,-1.011,0.911,-2.8,-4.36,43,-4488,-179,6000,0
140.6,3,12743.9,603.12,0.01,12811.25,70.1,-1.26,-0.09,1.0,0.0,1.0,0.0,1,1476,-77.3,0.2,0.84,-0.09,-16.44,1382,208,5254,0.0218,-0.007,-0.772,0.672,36.17,29.01,89,-4773,3504,1755,1,5417,0.0243,-0.004,-0.918,0.818,46.33,39.17,28,-4737,3736,1755,1,3537,-0.0102,0.0,-0.923,0.823,-3.19,-3.97,9,-4250,-199,6000,0,3750,-0.0077,0.003,-0.968,0.868,-3.12,-4.05,-11,-4493,-205,6000,0
140.62,3,12744.3,603.0,0.01,12811.62,69.2,-1.26,-0.1,1.0,0.0,1.0,0.0,1,1425,-74.0,0.2,0.84,-0.09,-16.67,1348,203,5246,0.0217,-0.006,-0.767,0.667,35.89,28.73,90,-4769,3497,1755,1,5411,0.0242,-0.004,-0.916,0.816,46.07,38.91,28,-4742,3724,1755,1,3536,-0.0102,-0.001,-1.0,0.9,-3.51,-3.66,21,-4247,-217,6000,0,3751,-0.0077,0.001,-0.923,0.823,-3.46,-3.7,10,-4494,-230,6000,0
140.64,3,12744.6,602.88,0.01,12811.98,68.3,-1.25,-0.1,1.0,0.0,1.0,0.0,1,1375,-70.8,0.2,0.84,-0.09,-16.85,1314,198,5236,0.0216,-0.008,-0.764,0.664,35.62,28.46,90,-4766,3485,1755,1,5408,0.0242,-0.003,-0.913,0.813,45.79,38.63,29,-4745,3717,1755,1,3527,-0.0103,-0.005,-0.981,0.881,-3.89,-3.28,-19,-4235,-243,6000,0,3752,-0.0077,0.0,-0.981,0.881,-3.78,-3.38,-18,-4493,-253,6000,0
140.66,3,12745.0,602.77,0.01,12812.33,67.4,-1.25,-0.11,1.0,0.0,1.0,0.0,1,1328,-67.8,0.2,0.84,-0.1,-17.03,1281,192,5224,0.0214,-0.009,-0.762,0.662,35.33,28.16,90,-4766,3468,1755,1,5406,0.0242,-0.001,-0.909,0.809,45.56,38.39,31,-4746,3715,1755,1,3516,-0.0105,-0.006,-0.903,0.803,-4.12,-3.04,17,-4222,-261,6000,0,3754,-0.0077,0.001,-1.04,0.94,-4.12,-3.04,30,-4493,-273,6000,0
140.68,3,12745.4,602.65,0.01,12812.68,66.6,-1.24,-0.11,1.0,0.0,1.0,0.0,1,1283,-64.9,0.2,0.84,-0.11,-17.2,1248,188,5214,0.0212,-0.007,-0.758,0.658,35.04,27.88,91,-4765,3456,1755,1,5402,0.0241,-0.003,-0.905,0.805,45.26,38.1,31,-4748,3708,1755,1,3499,-0.0107,-0.01,-0.995,0.895,-4.37,-2.79,-26,-4200,-274,6000,0,3744,-0.0078,-0.006,-1.003,0.903,-4.45,-2.71,48,-4480,-295,6000,0
140.7,3,12745.7,602.54,0.01,12813.03,65.7,-1.24,-0.11,1.0,0.0,1.0,0.0,1,1240,-62.2,0.2,0.85,-0.12,-17.29,1216,183,5205,0.0211,-0.007,-0.755,0.655,34.76,27.6,91,-4763,3445,1755,1,5412,0.0243,0.008,-0.895,0.795,44.94,37.78,35,-4749,3723,1755,1,3470,-0.011,-0.017,-0.991,0.891,-4.93,-2.23,-24,-4165,-304,6000,0,3741,-0.0078,-0.002,-0.903,0.803,-4.8,-2.37,18,-4474,-322,6000,0
140.72,3,12746.1,602.42,0.01,12813.37,64.8,-1.24,-0.12,1.0,0.0,1.0,0.0,1,1198,-59.5,0.2,0.85,-0.12,-17.35,1184,178,5194,0.0209,-0.009,-0.752,0.652,34.44,27.28,91,-4764,3428,1755,1,5418,0.0244,0.005,-0.886,0.786,44.64,37.48,37,-4748,3736,1755,1,3445,-0.0113,-0.015,-0.924,0.824,-5.28,-1.88,5,-4134,-327,6000,0,3738,-0.0078,-0.001,-1.026,0.926,-5.1,-2.06,37,-4469,-341,6000,0
140.74,3,12746.5,602.31,0.01,12813.71,63.9,-1.24,-0.12,1.0,0.0,1.0,0.0,1,1159,-57.0,0.2,0.85,-0.12,-17.41,1152,173,5190,0.0209,-0.003,-0.745,0.645,34.12,26.96,93,-4763,3426,1755,1,5424,0.0245,0.005,-0.878,0.778,44.36,37.2,40,-4746,3748,1755,1,3424,-0.0116,-0.013,-1.03,0.93,-5.64,-1.52,35,-4106,-346,6000,0,3730,-0.008,-0.005,-0.927,0.827,-5.49,-1.67,6,-4457,-370,6000,0
140.76,3,12746.8,602.2,0.01,12814.04,63.0,-1.23,-0.12,1.0,0.5,0.0,0.0,1,1121,-54.5,0.2,0.85,-0.12,-17.51,1122,168,5187,0.0208,-0.002,-0.738,0.638,33.8,26.64,94,-4760,3426,1755,1,5420,0.0244,-0.003,-0.874,0.774,44.04,36.88,41,-4748,3742,1755,1,3414,-0.0117,-0.006,-0.958,0.858,-5.93,-1.23,-10,-4093,-372,6000,0,3718,-0.0081,-0.007,-1.0,0.9,-5.82,-1.34,21,-4441,-389,6000,0
140.78,3,12747.2,602.09,0.01,12814.37,62.2,-1.22,-0.07,1.0,0.5,0.0,0.0,1,1155,137.7,0.49,0.85,-0.12,-17.05,1091,164,5180,0.0207,-0.006,-0.324,0.224,33.46,26.3,250,-3825,4305,0,0,5416,0.0243,-0.003,-0.409,0.309,43.68,36.52,197,-3879,4503,0,0,3397,-0.0119,-0.01,-0.712,0.612,-6.37,-0.79,133,-4070,-475,0,0,3706,-0.0082,-0.007,-0.62,0.52,-6.19,-0.97,178,-4421,-563,0,0
140.8,3,12747.5,601.98,0.01,12814.69,61.4,-1.15,0.13,1.0,0.5,0.0,0.0,1,1297,230.5,0.65,0.85,-0.09,-14.26,1062,159,5172,0.0206,-0.006,-0.05,-0.05,32.82,25.65,341,-1482,5414,0,0,5401,0.0241,-0.011,-0.087,-0.013,43.04,35.87,293,-1763,5498,0,0,3393,-0.0119,-0.002,-0.366,0.266,-6.59,-0.57,277,-4005,-853,0,0,3692,-0.0084,-0.008,-0.258,0.158,-6.44,-0.72,331,-4275,-1157,0,0
140.82,3,12747.8,601.88,0.01,12815.01,60.7,-0.97,0.21,1.0,1.0,0.0,0.1,1,1514,246.1,0.68,0.84,-0.03,-8.73,1038,156,5193,0.0209,0.016,0.0,-0.1,32.05,24.89,356,-162,5616,0,0,5358,0.0234,-0.033,0.0,-0.1,42.28,35.11,316,-332,5688,0,0,3434,-0.0114,0.024,-0.032,-0.068,-6.49,-0.67,408,-2949,-2606,0,0,3650,-0.0089,-0.025,-0.049,-0.051,-6.39,-0.78,408,-3004,-2836,0,0
140.84,3,12748.2,601.78,0.01,12815.33,60.2,-0.68,0.07,1.0,1.0,0.0,0.2,1,1894,408.8,1.07,0.8,0.02,-1.09,1017,154,5216,0.0212,0.018,-0.036,-0.064,31.37,24.21,345,-256,5644,0,0,5279,0.0222,-0.061,-0.02,-0.08,41.51,34.35,308,-116,5622,0,0,3515,-0.0105,0.048,-0.071,-0.029,-5.83,-1.33,388,-1519,-3265,0,0,3598,-0.0095,-0.031,-0.062,-0.038,-5.83,-1.33,387,-1655,-3303,0,0
140.86,3,12748.5,601.68,0.01,12815.65,59.7,-0.8,0.07,1.0,1.0,0.0,0.3,1,2533,652.6,1.38,0.76,0.06,5.96,996,151,5207,0.0211,-0.007,-0.068,-0.032,30.92,23.76,335,-632,5615,0,0,5168,0.0205,-0.085,-0.057,-0.043,40.98,33.82,295,-349,5509,0,0,3645,-0.0089,0.076,-0.158,0.058,-5.07,-2.1,354,-3351,-2449,0,0,3595,-0.0095,-0.002,-0.141,0.041,-5.14,-2.02,348,-3231,-2483,0,0
140.88,3,12748.8,601.58,0.01,12815.96,59.0,-0.96,0.13,1.0,1.0,0.0,0.4,1,3259,782.0,1.55,0.73,0.11,11.63,970,147,5168,0.0205,-0.03,-0.069,-0.031,30.64,23.48,334,-875,5551,0,0,5046,0.0186,-0.094,-0.051,-0.049,40.61,33.45,294,-551,5376,0,0,3765,-0.0075,0.071,-0.163,0.063,-4.4,-2.76,349,-4015,-1826,0,0,3606,-0.0094,0.007,-0.143,0.043,-4.51,-2.66,338,-3801,-1836,0,0
140.9,3,12749.2,601.48,0.01,12816.27,58.4,-0.84,0.13,1.0,1.0,0.0,0.5,1,3927,892.6,1.71,0.7,0.16,17.59,949,144,5148,0.0202,-0.015,0.035,-0.065,30.37,23.21,378,-131,5595,0,0,4928,0.0168,-0.09,0.116,0.016,40.29,33.13,352,309,5278,0,0,3886,-0.0061,0.071,0.039,-0.061,-3.56,-3.6,450,-1196,-2906,0,0,3599,-0.0095,-0.005,0.085,-0.015,-3.67,-3.49,439,-21,-2793,0,0
140.92,3,12749.5,601.38,0.01,12816.58,58.5,0.03,0.26,1.0,0.5,0.0,0.6,1,4665,994.2,1.88,0.63,0.21,24.32,945,145,5124,0.0198,-0.019,0.213,0.113,30.22,23.06,443,1761,5321,0,0,4818,0.0151,-0.085,0.394,0.294,40.04,32.88,433,2297,4719,0,0,3982,-0.005,0.056,0.212,0.112,-2.61,-4.55,499,4369,-1455,0,0,3582,-0.0097,-0.01,0.246,0.146,-2.76,-4.4,511,4093,-1111,0,0
140.94,3,12749.8,601.29,0.01,12816.89,58.8,0.44,0.45,1.0,0.5,0.0,0.7,1,4816,562.6,1.36,0.52,0.3,30.61,946,146,5046,0.0186,-0.06,0.248,0.148,30.11,22.95,458,2535,4949,0,0,4634,0.0123,-0.142,0.48,0.38,39.85,32.69,456,3061,4112,0,0,4161,-0.0029,0.105,0.225,0.125,-1.71,-5.45,508,4828,-857,0,0,3622,-0.0092,0.024,0.281,0.181,-1.83,-5.33,516,4300,-610,0,0
140.96,3,12750.1,601.19,0.01,12817.21,59.2,0.51,0.46,1.0,0.5,0.0,0.8,1,4703,335.3,1.06,0.38,0.41,36.47,948,148,4924,0.0168,-0.093,0.211,0.111,30.15,22.99,453,2330,4904,0,0,4348,0.0079,-0.219,0.449,0.349,39.75,32.58,452,2884,3874,0,0,4456,0.0006,0.174,0.137,0.037,-0.75,-6.41,481,5006,-788,0,0,3703,-0.0083,0.047,0.179,0.079,-0.83,-6.33,498,4365,-504,0,0
140.98,3,12750.5,601.1,0.01,12817.53,59.6,0.51,0.45,1.0,0.5,0.0,0.9,1,4665,335.5,1.04,0.23,0.52,41.71,948,150,4754,0.0141,-0.131,0.212,0.112,30.4,23.24,443,2096,4808,0,0,3969,0.0021,-0.292,0.463,0.363,39.94,32.78,442,2610,3576,0,0,4828,0.005,0.219,0.107,0.007,0.33,-6.84,449,5055,-343,0,0,3801,-0.0071,0.058,0.247,0.147,0.26,-6.9,443,4467,-205,0,0
141.0,3,12750.8,601.01,0.01,12817.85,59.9,0.45,0.47,1.0,1.0,0.0,1.0,1,4433,334.9,1.03,0.06,0.62,45.65,947,151,4538,0.0108,-0.166,0.138,0.038,30.73,23.57,430,1599,4741,0,0,3540,-0.0045,-0.329,0.38,0.28,40.22,33.05,428,2167,3310,0,0,5220,0.0096,0.23,-0.009,-0.091,1.31,-5.85,438,3289,524,0,0,3915,-0.0058,0.067,0.036,-0.064,1.35,-5.81,460,4295,289,0,0
141.02,3,12751.1,600.92,0.02,12818.17,60.1,0.3,0.52,1.0,0.5,0.0,1.0,1,4613,789.2,1.58,-0.1,0.71,47.68,944,153,4284,0.0069,-0.195,0.182,0.082,31.23,24.07,436,1388,4524,0,0,3089,-0.0115,-0.347,0.447,0.347,40.75,33.59,434,1868,2923,0,0,5596,0.014,0.221,0.099,-0.001,2.06,-5.11,452,4112,1399,0,0,4033,-0.0044,0.069,0.236,0.136,2.17,-4.99,437,4483,752,0,0
141.04,3,12751.5,600.83,0.02,12818.5,60.5,0.48,0.55,1.0,1.0,0.0,1.0,1,4654,335.4,1.05,-0.24,0.79,49.38,942,154,4027,0.003,-0.198,0.204,0.104,31.82,24.66,455,1742,4123,0,0,2661,-0.0181,-0.33,0.479,0.379,41.24,34.07,454,1829,2405,0,0,5910,0.0177,0.185,0.009,-0.091,2.81,-4.35,450,4650,2210,0,0,4123,-0.0033,0.053,0.076,-0.024,3.04,-4.12,476,4607,1111,0,0
141.06,3,12751.8,600.74,0.02,12818.83,60.8,0.51,0.59,1.0,1.0,0.0,1.0,1,4863,792.2,1.66,-0.36,0.85,50.17,941,156,3776,-0.0009,-0.194,0.238,0.138,32.39,25.22,468,1785,3816,0,0,2262,-0.0242,-0.307,0.538,0.438,41.99,34.83,468,1640,2001,0,0,6184,0.0209,0.161,0.029,-0.071,3.48,-3.68,497,5446,2779,0,0,4205,-0.0024,0.048,0.162,0.062,3.73,-3.44,475,4715,1318,0,0
141.08,3,12752.2,600.66,0.02,12819.16,61.3,0.66,0.55,1.0,0.5,0.0,1.0,1,5670,1003.2,2.11,-0.46,0.89,51.35,942,159,3551,-0.0044,-0.173,0.431,0.331,33.02,25.86,547,2332,3263,0,0,1923,-0.0294,-0.261,0.791,0.691,42.65,35.49,548,1633,1523,0,0,6406,0.0235,0.13,0.361,0.261,4.22,-2.94,602,7179,1675,0,0,4277,-0.0015,0.043,0.458,0.358,4.48,-2.68,627,5039,823,0,0
141.1,3,12752.5,600.57,0.02,12819.49,61.9,0.81,0.43,1.0,0.5,0.0,1.0,1,6281,531.4,1.57,-0.54,0.89,53.59,949,162,3362,-0.0073,-0.145,0.609,0.509,33.62,26.45,595,2854,2603,0,0,1654,-0.0336,-0.207,1.041,0.941,43.26,36.1,604,1617,1093,0,0,6580,0.0256,0.103,0.428,0.328,5.14,-2.02,609,7493,1357,0,0,4346,-0.0007,0.041,0.629,0.529,5.54,-1.62,608,5141,706,0,0
141.12,3,12752.8,600.49,0.02,12819.83,62.5,0.85,0.44,1.0,0.5,0.0,1.0,1,6071,307.7,1.22,-0.6,0.86,55.32,957,165,3186,-0.01,-0.136,0.552,0.452,34.35,27.19,586,2689,2489,0,0,1475,-0.0363,-0.138,1.037,0.937,44.03,36.86,611,1467,947,0,0,6685,0.0268,0.061,0.248,0.148,6.07,-1.1,607,7435,1991,0,0,4448,0.0005,0.06,0.418,0.318,6.62,-0.54,589,5193,1041,0,0
141.14,3,12753.2,600.41,0.02,12820.17,63.0,0.82,0.48,1.0,0.5,0.0,1.0,1,5951,317.1,1.19,-0.62,0.8,56.18,968,168,3029,-0.0124,-0.121,0.529,0.429,35.11,27.94,566,2407,2503,0,0,1386,-0.0377,-0.069,1.043,0.943,44.81,37.65,598,1362,912,0,0,6728,0.0273,0.025,0.347,0.247,6.87,-0.29,552,7311,2482,0,0,4579,0.002,0.077,0.439,0.339,7.46,0.3,569,5266,1338,0,0
141.16,3,12753.6,600.33,0.02,12820.51,63.6,0.78,0.54,1.0,0.5,0.0,1.0,1,5742,323.8,1.17,-0.62,0.75,56.32,978,171,2927,-0.014,-0.078,0.481,0.381,35.94,28.78,556,2212,2511,0,0,1385,-0.0377,-0.001,0.992,0.892,45.77,38.61,586,1336,941,0,0,6714,0.0272,-0.008,0.29,0.19,7.59,0.43,577,6945,3237,0,0,4697,0.0034,0.069,0.365,0.265,8.22,1.06,584,5261,1761,0,0
141.18,3,12753.9,600.25,0.02,12820.86,64.1,0.74,0.64,1.0,0.5,0.0,1.0,1,5621,325.6,1.17,-0.6,0.73,56.04,990,174,2908,-0.0143,-0.015,0.453,0.353,36.62,29.46,545,2105,2561,0,0,1464,-0.0365,0.061,0.912,0.812,46.43,39.26,562,1363,1049,0,0,6680,0.0268,-0.02,0.162,0.062,8.23,1.06,544,6403,4042,0,0,4792,0.0045,0.056,0.263,0.163,8.92,1.76,574,5213,2141,0,0
141.2,3,12754.3,600.17,0.02,12821.21,64.5,0.68,0.76,1.0,0.5,0.0,1.0,1,5365,332.4,1.14,-0.55,0.75,55.44,1006,176,2978,-0.0132,0.054,0.408,0.308,37.22,30.06,527,2010,2714,0,0,1580,-0.0347,0.089,0.833,0.733,47.13,39.96,535,1409,1192,0,0,6667,0.0266,-0.007,0.063,-0.037,8.75,1.59,540,5343,5189,0,0,4839,0.0051,0.028,0.203,0.103,9.44,2.28,516,4956,2730,0,0
141.22,3,12754.6,600.1,0.02,12821.56,64.9,0.57,0.88,1.0,0.0,0.0,1.0,1,5187,333.5,1.12,-0.5,0.81,54.29,1023,178,3136,-0.0108,0.121,0.366,0.266,37.75,30.58,510,1915,2967,0,0,1697,-0.0329,0.09,0.761,0.661,47.71,40.55,511,1433,1350,0,0,6688,0.0269,0.012,0.062,-0.038,9.05,1.88,504,4529,5841,0,0,4807,0.0047,-0.019,0.136,0.036,9.76,2.6,530,4551,3247,0,0
141.24,3,12755.0,600.03,0.02,12821.91,65.1,0.49,0.95,1.0,0.5,0.0,1.0,1,5131,2.3,0.5,-0.43,0.89,52.62,1043,179,3348,-0.0075,0.164,0.37,0.27,38.28,31.11,497,1933,3213,0,0,1802,-0.0313,0.081,0.77,0.67,48.41,41.25,498,1483,1463,0,0,6737,0.0274,0.029,0.118,0.018,9.31,2.15,497,4329,6050,0,0,4716,0.0037,-0.053,0.263,0.163,10.01,2.84,484,4379,3304,0,0
141.26,3,12755.3,599.96,0.02,12822.27,65.3,0.4,1.01,1.0,0.5,0.0,1.0,1,5063,334.6,1.09,-0.36,0.99,50.47,1061,180,3604,-0.0036,0.197,0.347,0.247,38.73,31.56,486,1920,3520,0,0,1894,-0.0299,0.071,0.738,0.638,48.9,41.74,487,1502,1580,0,0,6796,0.0281,0.034,0.147,0.047,9.46,2.3,480,3813,6409,0,0,4560,0.0018,-0.092,0.199,0.099,10.14,2.97,491,3935,3540,0,0
141.28,3,12755.7,599.9,0.01,12822.63,65.5,0.34,1.04,1.0,0.5,0.0,1.0,1,5045,334.7,1.08,-0.29,1.12,48.24,1079,181,3875,0.0006,0.208,0.344,0.244,39.2,32.04,481,2019,3786,0,0,1969,-0.0287,0.057,0.734,0.634,49.33,42.17,483,1544,1652,0,0,6855,0.0288,0.035,0.106,0.006,9.62,2.45,493,3572,6603,0,0,4363,-0.0005,-0.116,0.239,0.139,10.18,3.02,480,3682,3486,0,0
141.3,3,12756.1,599.84,0.01,12822.99,65.7,0.32,1.06,1.0,0.5,0.0,1.0,1,5047,334.7,1.09,-0.22,1.23,46.12,1099,182,4162,0.005,0.221,0.355,0.255,39.52,32.36,483,2172,4045,0,0,2020,-0.0279,0.039,0.747,0.647,49.75,42.58,485,1582,1694,0,0,6921,0.0296,0.039,0.143,0.043,9.63,2.47,479,3633,6652,0,0,4119,-0.0034,-0.143,0.188,0.088,10.22,3.06,492,3417,3369,0,0
141.32,3,12756.4,599.79,0.01,12823.35,65.8,0.31,1.06,1.0,0.5,0.0,1.0,1,5058,334.7,1.09,-0.15,1.32,44.27,1120,183,4427,0.0091,0.204,0.361,0.261,39.92,32.76,482,2322,4275,0,0,2056,-0.0274,0.028,0.755,0.655,50.15,42.99,484,1616,1718,0,0,6959,0.03,0.022,0.106,0.006,9.66,2.5,493,3652,6689,0,0,3859,-0.0064,-0.153,0.235,0.135,10.3,3.13,483,3253,3131,0,0
141.34,3,12756.8,599.74,0.01,12823.71,65.9,0.3,1.04,1.0,0.5,0.0,1.0,1,5066,334.6,1.09,-0.08,1.4,42.87,1133,183,4639,0.0124,0.163,0.365,0.265,40.46,33.3,479,2431,4462,0,0,2098,-0.0267,0.032,0.758,0.658,50.42,43.25,484,1645,1753,0,0,6930,0.0297,-0.017,0.151,0.051,9.77,2.61,483,3866,6567,0,0,3607,-0.0094,-0.148,0.195,0.095,10.42,3.26,499,3049,2939,0,0
141.36,3,12757.2,599.7,0.01,12824.07,66.0,0.3,1.03,1.0,0.5,0.0,1.0,1,5070,334.6,1.09,-0.03,1.45,41.8,1145,184,4822,0.0152,0.141,0.36,0.26,40.59,33.43,477,2479,4645,0,0,2141,-0.0261,0.034,0.765,0.665,50.73,43.57,483,1681,1786,0,0,6895,0.0293,-0.021,0.113,0.013,9.87,2.7,497,3829,6554,0,0,3389,-0.012,-0.128,0.242,0.142,10.58,3.42,490,2912,2732,0,0
141.38,3,12757.5,599.65,0.01,12824.44,66.2,0.29,1.03,1.0,0.5,0.0,1.0,1,5078,334.6,1.09,0.01,1.47,40.95,1152,185,4959,0.0173,0.106,0.358,0.258,40.77,33.61,476,2520,4778,0,0,2183,-0.0254,0.032,0.765,0.665,50.96,43.8,482,1708,1824,0,0,6857,0.0288,-0.022,0.157,0.057,9.98,2.82,487,3967,6450,0,0,3227,-0.0139,-0.095,0.201,0.101,10.65,3.49,505,2760,2625,0,0
141.4,3,12757.9,599.62,0.01,12824.8,66.3,0.29,1.03,1.0,0.5,0.0,1.0,1,5081,334.6,1.09,0.03,1.46,40.29,1157,185,5054,0.0188,0.073,0.358,0.258,40.94,33.78,475,2561,4864,0,0,2232,-0.0247,0.038,0.774,0.674,51.39,44.23,481,1748,1860,0,0,6822,0.0284,-0.02,0.118,0.018,10.05,2.89,501,3888,6458,0,0,3132,-0.015,-0.056,0.245,0.145,10.8,3.64,494,2704,2531,0,0
141.42,3,12758.3,599.58,0.01,12825.17,66.4,0.29,1.03,1.0,0.5,0.0,1.0,1,5082,334.6,1.09,0.03,1.44,39.55,1160,186,5093,0.0193,0.03,0.365,0.265,41.16,34.0,476,2614,4881,0,0,2289,-0.0238,0.043,0.761,0.661,51.43,44.27,479,1772,1920,0,0,6785,0.028,-0.022,0.16,0.06,10.25,3.09,489,3946,6397,0,0,3119,-0.0151,-0.008,0.201,0.101,10.74,3.57,508,2656,2556,0,0
141.44,3,12758.6,599.55,0.01,12825.54,66.5,0.3,1.05,1.0,0.5,0.0,1.0,1,5079,334.6,1.09,0.03,1.4,38.48,1165,187,5093,0.0193,0.0,0.365,0.265,41.32,34.16,476,2613,4881,0,0,2336,-0.0231,0.036,0.766,0.666,51.72,44.56,478,1810,1956,0,0,6768,0.0278,-0.01,0.118,0.018,10.17,3.01,502,3769,6467,0,0,3163,-0.0146,0.026,0.239,0.139,10.76,3.6,495,2672,2610,0,0
141.46,3,12759.0,599.53,0.01,12825.91,66.6,0.3,1.05,1.0,0.5,0.0,1.0,1,5080,334.6,1.09,0.03,1.37,37.28,1169,187,5073,0.019,-0.015,0.367,0.267,41.48,34.32,476,2606,4861,0,0,2386,-0.0223,0.038,0.765,0.665,51.8,44.64,478,1845,1998,0,0,6743,0.0275,-0.015,0.158,0.058,10.17,3.01,490,3831,6408,0,0,3229,-0.0138,0.039,0.194,0.094,10.75,3.59,507,2673,2709,0,0
141.48,3,12759.4,599.5,0.01,12826.28,66.7,0.3,1.05,1.0,0.5,0.0,1.0,1,5081,334.6,1.09,0.02,1.33,36.02,1172,188,5051,0.0187,-0.017,0.37,0.27,41.64,34.48,476,2610,4834,0,0,2423,-0.0217,0.029,0.773,0.673,52.12,44.95,478,1879,2023,0,0,6724,0.0273,-0.011,0.117,0.017,10.11,2.94,502,3731,6436,0,0,3288,-0.0131,0.035,0.233,0.133,10.69,3.52,495,2722,2755,0,0
141.5,3,12759.8,599.49,0.01,12826.65,66.8,0.3,1.06,1.0,0.5,0.0,1.0,1,5080,334.6,1.09,0.01,1.31,34.66,1172,189,5022,0.0183,-0.022,0.372,0.272,41.77,34.61,476,2601,4805,0,0,2460,-0.0212,0.028,0.769,0.669,52.21,45.05,478,1901,2057,0,0,6709,0.0271,-0.009,0.156,0.056,10.07,2.91,490,3795,6386,0,0,3358,-0.0123,0.041,0.186,0.086,10.6,3.44,507,2720,2862,0,0
141.52,3,12760.1,599.47,0.01,12827.02,66.9,0.31,1.08,1.0,0.5,0.0,1.0,1,5073,334.6,1.09,0.01,1.29,33.18,1178,189,5000,0.0179,-0.017,0.373,0.273,41.88,34.72,475,2589,4785,0,0,2489,-0.0207,0.022,0.759,0.659,52.18,45.01,478,1909,2092,0,0,6721,0.0272,0.007,0.114,0.014,9.91,2.74,501,3681,6448,0,0,3438,-0.0114,0.047,0.223,0.123,10.4,3.24,493,2778,2928,0,0
141.54,3,12760.5,599.46,0.01,12827.39,67.1,0.3,1.07,1.0,0.5,0.0,1.0,1,5074,334.6,1.09,0.0,1.28,31.72,1182,190,4979,0.0176,-0.016,0.372,0.272,41.93,34.77,476,2577,4767,0,0,2510,-0.0204,0.016,0.758,0.658,52.24,45.08,478,1921,2111,0,0,6723,0.0273,0.001,0.153,0.053,9.76,2.6,489,3776,6394,0,0,3494,-0.0107,0.033,0.178,0.078,10.22,3.06,506,2789,2999,0,0
141.56,3,12760.9,599.46,0.01,12827.77,67.2,0.3,1.07,1.0,0.5,0.0,1.0,1,5077,334.6,1.09,-0.01,1.28,30.23,1183,190,4963,0.0174,-0.012,0.377,0.277,42.03,34.87,476,2590,4742,0,0,2509,-0.0204,-0.001,0.758,0.658,52.3,45.13,478,1922,2109,0,0,6737,0.0274,0.009,0.113,0.013,9.7,2.54,501,3724,6432,0,0,3528,-0.0103,0.02,0.214,0.114,10.01,2.85,493,2829,3013,0,0
141.58,3,12761.2,599.46,0.01,12828.14,67.3,0.31,1.07,1.0,0.5,0.0,1.0,1,5081,334.6,1.09,-0.02,1.3,28.61,1187,191,4957,0.0173,-0.005,0.376,0.276,41.99,34.83,477,2588,4736,0,0,2491,-0.0207,-0.014,0.756,0.656,52.33,45.17,479,1905,2097,0,0,6785,0.028,0.028,0.151,0.051,9.36,2.2,489,3828,6411,0,0,3560,-0.0099,0.019,0.17,0.07,9.79,2.63,505,2820,3064,0,0
141.6,3,12761.6,599.46,0.01,12828.51,67.4,0.31,1.07,1.0,0.5,0.0,1.0,1,5085,334.5,1.09,-0.03,1.31,27.04,1191,192,4961,0.0173,0.003,0.377,0.277,41.99,34.83,478,2594,4737,0,0,2472,-0.021,-0.015,0.751,0.651,52.26,45.1,480,1885,2086,0,0,6825,0.0285,0.024,0.109,0.009,9.17,2.01,501,3796,6454,0,0,3571,-0.0098,0.006,0.206,0.106,9.47,2.31,493,2852,3047,0,0
141.62,3,12762.0,599.47,0.01,12828.89,67.5,0.31,1.06,1.0,1.0,0.0,1.0,1,5088,334.5,1.09,-0.04,1.31,25.45,1194,193,4957,0.0173,-0.003,0.376,0.276,41.96,34.8,479,2594,4733,0,0,2448,-0.0213,-0.019,0.754,0.654,52.35,45.19,481,1871,2063,0,0,6862,0.0289,0.021,0.148,0.048,8.83,1.67,488,3940,6393,0,0,3581,-0.0097,0.006,0.161,0.061,9.31,2.15,505,2816,3086,0,0
141.64,3,12762.4,599.48,0.01,12829.26,67.7,0.32,1.06,1.0,0.5,0.0,1.0,1,5169,792.6,1.72,-0.05,1.31,23.97,1197,193,4947,0.0171,-0.008,0.377,0.277,41.91,34.75,498,2634,4703,0,0,2440,-0.0215,-0.006,0.746,0.646,52.22,45.06,500,1863,2059,0,0,6882,0.0291,0.012,0.095,-0.005,8.69,1.52,561,4216,6258,0,0,3604,-0.0094,0.014,0.191,0.091,8.84,1.68,547,3069,2894,0,0
141.66,3,12762.7,599.5,0.01,12829.64,67.9,0.48,0.97,1.0,0.5,0.0,1.0,1,5320,332.7,1.13,-0.06,1.3,23.8,1203,195,4948,0.0171,0.001,0.423,0.323,41.79,34.63,516,2924,4557,0,0,2431,-0.0216,-0.007,0.806,0.706,52.02,44.86,521,1952,1975,0,0,6912,0.0295,0.017,0.155,0.055,8.48,1.31,551,5568,5340,0,0,3621,-0.0092,0.01,0.169,0.069,8.74,1.58,577,3470,2493,0,0
141.68,3,12763.1,599.52,0.01,12830.02,68.2,0.43,1.01,1.0,1.0,0.0,1.0,1,5116,334.0,1.11,-0.07,1.28,22.75,1211,196,4915,0.0166,-0.025,0.381,0.281,41.79,34.62,502,2754,4608,0,0,2420,-0.0218,-0.009,0.765,0.665,52.04,44.88,510,1910,1993,0,0,6942,0.0298,0.018,0.057,-0.043,8.19,1.03,550,3761,6476,0,0,3679,-0.0085,0.034,0.15,0.05,8.49,1.33,533,2962,3081,0,0
141.7,3,12763.5,599.55,0.01,12830.4,68.3,0.37,1.03,1.0,0.5,0.0,1.0,1,5384,792.3,1.74,-0.08,1.27,21.44,1216,197,4877,0.016,-0.029,0.417,0.317,41.57,34.41,501,2729,4579,0,0,2428,-0.0216,0.007,0.784,0.684,51.85,44.69,504,1887,2024,0,0,6935,0.0298,-0.005,0.208,0.108,7.98,0.81,518,5367,5498,0,0,3732,-0.0079,0.031,0.218,0.118,8.1,0.94,539,3411,2735,0,0
141.72,3,12763.9,599.58,0.01,12830.78,68.6,0.52,0.93,1.0,0.5,0.0,1.0,1,5491,332.2,1.14,-0.09,1.24,21.48,1226,199,4862,0.0158,-0.012,0.454,0.354,41.52,34.36,516,2975,4429,0,0,2426,-0.0217,-0.002,0.831,0.731,51.68,44.51,522,1967,1957,0,0,6942,0.0298,0.004,0.167,0.067,7.68,0.52,531,6072,4846,0,0,3756,-0.0076,0.014,0.263,0.163,8.01,0.84,530,3792,2306,0,0
141.74,3,12764.3,599.61,0.01,12831.16,68.9,0.47,0.97,1.0,1.0,0.0,1.0,1,5245,333.8,1.11,-0.1,1.22,20.85,1232,200,4823,0.0152,-0.03,0.393,0.293,41.33,34.16,498,2736,4514,0,0,2436,-0.0215,0.008,0.764,0.664,51.59,44.43,506,1914,2015,0,0,6921,0.0296,-0.012,0.143,0.043,7.5,0.34,494,4611,5917,0,0,3800,-0.0071,0.026,0.148,0.048,7.78,0.62,512,3245,2983,0,0
141.76,3,12764.7,599.65,0.01,12831.54,69.1,0.39,1.01,1.0,1.0,0.0,1.0,1,5390,791.6,1.76,-0.1,1.2,19.69,1238,201,4784,0.0146,-0.03,0.378,0.278,41.23,34.07,512,2661,4508,0,0,2446,-0.0214,0.008,0.721,0.621,51.37,44.21,514,1874,2059,0,0,6910,0.0295,-0.007,0.069,-0.031,7.15,-0.01,557,5185,5494,0,0,3852,-0.0065,0.031,0.147,0.047,7.38,0.21,542,3525,2778,0,0
141.78,3,12765.0,599.69,0.01,12831.92,69.4,0.57,0.88,1.0,0.5,0.0,1.0,1,5711,998.0,2.14,-0.11,1.19,20.27,1247,203,4763,0.0143,-0.016,0.479,0.379,41.18,34.02,547,3054,4267,0,0,2451,-0.0213,0.004,0.858,0.758,51.25,44.09,555,2026,1943,0,0,6907,0.0294,-0.002,0.233,0.133,7.1,-0.06,595,6804,3849,0,0,3883,-0.0061,0.018,0.266,0.166,7.23,0.07,613,4183,1930,0,0
141.8,3,12765.4,599.73,0.01,12832.31,69.8,0.67,0.8,1.0,0.5,0.0,1.0,1,5744,550.0,1.5,-0.13,1.14,21.6,1261,206,4736,0.0139,-0.021,0.483,0.383,40.93,33.77,552,3166,4165,0,0,2452,-0.0213,0.001,0.9,0.8,51.15,43.98,569,2108,1871,0,0,6919,0.0296,0.007,0.196,0.096,7.12,-0.04,594,6877,3760,0,0,3933,-0.0056,0.029,0.269,0.169,7.47,0.31,594,4253,1920,0,0
141.82,3,12765.8,599.78,0.01,12832.7,70.2,0.63,0.85,1.0,0.5,0.0,1.0,1,5704,326.0,1.17,-0.15,1.11,22.3,1271,208,4670,0.0128,-0.051,0.471,0.371,40.83,33.67,541,3043,4163,0,0,2474,-0.0209,0.016,0.869,0.769,50.95,43.79,554,2091,1919,0,0,6889,0.0292,-0.018,0.166,0.066,7.14,-0.02,544,6314,4450,0,0,4017,-0.0046,0.05,0.26,0.16,7.27,0.11,543,4161,2261,0,0
141.84,3,12766.2,599.83,0.01,12833.08,70.6,0.57,0.92,1.0,1.0,0.0,1.0,1,5427,332.0,1.14,-0.17,1.08,21.99,1280,210,4605,0.0118,-0.049,0.369,0.269,40.74,33.58,520,2693,4288,0,0,2474,-0.0209,0.0,0.747,0.647,51.06,43.9,532,1989,2008,0,0,6890,0.0292,0.001,0.057,-0.043,6.92,-0.24,532,5047,5503,0,0,4103,-0.0036,0.05,0.084,-0.016,7.24,0.08,560,3731,2944,0,0
141.86,3,12766.6,599.89,0.01,12833.47,70.8,0.46,0.98,1.0,0.5,0.0,1.0,1,5486,790.5,1.78,-0.18,1.08,20.82,1290,212,4552,0.011,-0.041,0.388,0.288,40.62,33.46,534,2564,4294,0,0,2474,-0.0209,0.0,0.723,0.623,50.76,43.6,535,1897,2082,0,0,6894,0.0293,0.002,0.094,-0.006,6.72,-0.44,584,5149,5409,0,0,4177,-0.0027,0.044,0.182,0.082,6.84,-0.32,570,3946,2815,0,0
141.88,3,12767.0,599.95,0.01,12833.87,71.2,0.55,0.9,1.0,1.0,0.0,1.0,1,5427,332.2,1.14,-0.19,1.08,20.52,1298,214,4528,0.0107,-0.019,0.391,0.291,40.48,33.31,531,2667,4213,0,0,2453,-0.0213,-0.016,0.75,0.65,50.66,43.5,540,1937,2021,0,0,6911,0.0295,0.01,0.112,0.012,6.55,-0.61,548,5667,5020,0,0,4198,-0.0024,0.012,0.144,0.044,6.8,-0.36,559,4024,2754,0,0
141.9,3,12767.4,600.01,0.01,12834.26,71.4,0.49,0.95,1.0,0.5,0.0,1.0,1,5541,788.6,1.79,-0.2,1.08,19.61,1308,215,4508,0.0104,-0.015,0.387,0.287,40.39,33.23,539,2554,4250,0,0,2433,-0.0216,-0.015,0.737,0.637,50.66,43.5,544,1892,2030,0,0,6941,0.0298,0.018,0.089,-0.011,6.24,-0.92,587,5253,5286,0,0,4228,-0.0021,0.018,0.178,0.078,6.57,-0.59,572,4021,2792,0,0
141.92,3,12767.8,600.08,0.01,12834.65,71.8,0.55,0.9,1.0,1.0,0.0,1.0,1,5431,332.2,1.14,-0.2,1.09,19.42,1319,217,4497,0.0102,-0.009,0.378,0.278,40.28,33.12,531,2596,4215,0,0,2425,-0.0217,-0.007,0.74,0.64,50.51,43.35,543,1909,2004,0,0,6955,0.03,0.008,0.101,0.001,6.2,-0.97,548,5555,5079,0,0,4245,-0.0019,0.01,0.13,0.03,6.24,-0.93,558,4038,2773,0,0
141.94,3,12768.2,600.15,0.01,12835.04,72.1,0.47,0.95,1.0,1.0,0.0,1.0,1,5561,787.9,1.8,-0.2,1.1,18.63,1329,219,4499,0.0102,0.002,0.374,0.274,40.12,32.96,541,2483,4276,0,0,2408,-0.022,-0.013,0.715,0.615,50.27,43.11,548,1847,2030,0,0,6980,0.0303,0.015,0.084,-0.016,5.86,-1.3,589,5274,5208,0,0,4246,-0.0019,0.0,0.167,0.067,6.0,-1.16,574,4045,2742,0,0
141.96,3,12768.6,600.23,0.01,12835.44,72.4,0.59,0.84,1.0,0.5,0.0,1.0,1,5840,992.0,2.17,-0.2,1.1,19.13,1345,221,4510,0.0104,0.009,0.443,0.343,40.17,33.01,564,2799,4120,0,0,2392,-0.0222,-0.012,0.81,0.71,50.29,43.13,576,1948,1926,0,0,6998,0.0305,0.011,0.197,0.097,5.73,-1.43,602,6886,3757,0,0,4228,-0.0021,-0.01,0.223,0.123,5.89,-1.27,620,4536,2038,0,0
141.98,3,12769.0,600.31,0.01,12835.83,72.9,0.68,0.75,1.0,0.5,0.0,1.0,1,6330,529.1,1.58,-0.2,1.08,20.86,1360,224,4509,0.0104,-0.001,0.533,0.433,39.89,32.73,593,3149,3900,0,0,2398,-0.0221,0.005,0.919,0.819,50.08,42.92,604,2072,1824,0,0,6978,0.0303,-0.012,0.273,0.173,5.86,-1.31,619,7415,2854,0,0,4217,-0.0022,-0.007,0.366,0.266,6.05,-1.11,619,4774,1516,0,0
142.0,3,12769.4,600.39,0.01,12836.23,73.3,0.72,0.74,1.0,0.5,0.0,1.0,1,6171,308.0,1.22,-0.21,1.05,22.44,1377,227,4478,0.0099,-0.024,0.504,0.404,39.81,32.64,587,3127,3876,0,0,2411,-0.0219,0.01,0.899,0.799,50.03,42.87,601,2093,1825,0,0,6953,0.03,-0.015,0.252,0.152,5.97,-1.19,582,7178,3251,0,0,4250,-0.0018,0.019,0.262,0.162,6.16,-1.0,602,4682,1822,0,0
142.02,3,12769.8,600.48,0.01,12836.63,73.8,0.68,0.78,1.0,0.5,0.0,1.0,1,6070,311.4,1.21,-0.21,1.03,23.47,1393,230,4433,0.0092,-0.035,0.479,0.379,39.8,32.64,599,2987,3912,0,0,2424,-0.0217,0.01,0.859,0.759,49.93,42.77,609,2062,1875,0,0,6915,0.0295,-0.022,0.173,0.073,6.07,-1.09,646,6766,3810,0,0,4288,-0.0014,0.023,0.266,0.166,6.26,-0.9,633,4628,2025,0,0
142.04,3,12770.2,600.57,0.01,12837.04,74.2,0.64,0.81,1.0,0.5,0.0,1.0,1,5935,313.5,1.2,-0.22,1.02,24.04,1409,232,4393,0.0086,-0.03,0.437,0.337,39.8,32.64,585,2817,3971,0,0,2425,-0.0217,0.001,0.802,0.702,49.91,42.75,593,2007,1925,0,0,6888,0.0292,-0.016,0.157,0.057,6.12,-1.05,603,6402,4213,0,0,4314,-0.0011,0.015,0.171,0.071,6.33,-0.83,629,4460,2359,0,0
142.06,3,12770.6,600.67,0.01,12837.44,74.5,0.53,0.89,1.0,1.0,0.0,1.0,1,5623,325.9,1.17,-0.21,1.02,23.54,1420,234,4370,0.0082,-0.018,0.352,0.252,39.8,32.63,554,2470,4136,0,0,2416,-0.0218,-0.007,0.697,0.597,49.95,42.79,562,1878,2017,0,0,6871,0.029,-0.01,0.054,-0.046,6.04,-1.12,597,4429,5544,0,0,4315,-0.0011,0.001,0.146,0.046,6.23,-0.93,580,3873,3026,0,0
142.08,3,12771.1,600.77,0.01,12837.84,74.7,0.42,0.95,1.0,0.5,0.0,1.0,1,5821,783.0,1.82,-0.2,1.03,22.49,1430,236,4370,0.0082,0.0,0.383,0.283,39.75,32.59,550,2382,4181,0,0,2409,-0.0219,-0.005,0.714,0.614,50.04,42.87,552,1819,2053,0,0,6864,0.0289,-0.004,0.175,0.075,5.87,-1.29,557,5607,4846,0,0,4298,-0.0013,-0.01,0.183,0.083,6.07,-1.09,576,4065,2804,0,0
142.1,3,12771.5,600.87,0.01,12838.25,75.1,0.53,0.87,1.0,0.5,0.0,1.0,1,5912,318.2,1.19,-0.2,1.05,22.63,1439,238,4395,0.0086,0.019,0.425,0.325,39.88,32.72,567,2654,4067,0,0,2409,-0.0219,0.0,0.751,0.651,49.84,42.68,569,1889,2000,0,0,6856,0.0288,-0.004,0.135,0.035,5.95,-1.21,568,6073,4470,0,0,4259,-0.0017,-0.023,0.218,0.118,6.06,-1.1,564,4341,2407,0,0
142.12,3,12771.9,600.97,0.01,12838.65,75.3,0.47,0.93,1.0,1.0,0.0,1.0,1,5660,328.2,1.16,-0.2,1.08,22.05,1450,240,4426,0.0091,0.024,0.349,0.249,39.73,32.57,541,2358,4256,0,0,2403,-0.022,-0.004,0.671,0.571,49.78,42.62,546,1790,2067,0,0,6884,0.0292,0.017,0.123,0.023,5.73,-1.43,536,4665,5351,0,0,4239,-0.002,-0.012,0.126,0.026,5.9,-1.27,553,3701,3021,0,0
142.14,3,12772.3,601.09,0.01,12839.06,75.5,0.35,0.98,1.0,1.0,0.0,1.0,1,5682,784.0,1.82,-0.18,1.11,20.93,1462,241,4468,0.0097,0.032,0.338,0.238,39.6,32.44,557,2293,4334,0,0,2401,-0.0221,-0.002,0.653,0.553,49.78,42.62,558,1749,2093,0,0,6915,0.0295,0.018,0.063,-0.037,5.52,-1.64,606,4309,5446,0,0,4212,-0.0023,-0.016,0.142,0.042,5.66,-1.5,589,3693,2957,0,0
142.16,3,12772.7,601.2,0.01,12839.46,75.9,0.52,0.87,1.0,0.5,0.0,1.0,1,6027,982.4,2.21,-0.17,1.13,21.37,1475,243,4526,0.0106,0.044,0.409,0.309,39.54,32.38,585,2662,4219,0,0,2396,-0.0221,-0.004,0.747,0.647,49.67,42.5,591,1873,1995,0,0,6934,0.0298,0.011,0.178,0.078,5.47,-1.69,622,6689,3849,0,0,4150,-0.003,-0.036,0.207,0.107,5.63,-1.54,640,4421,2041,0,0
142.18,3,12773.2,601.32,0.01,12839.87,76.3,0.62,0.8,1.0,0.5,0.0,1.0,1,6071,536.7,1.55,-0.17,1.13,22.73,1489,246,4562,0.0112,0.028,0.421,0.321,39.54,32.38,590,2834,4166,0,0,2399,-0.0221,0.002,0.799,0.699,49.8,42.64,605,1971,1919,0,0,6944,0.0299,0.006,0.163,0.063,5.64,-1.52,616,6787,3765,0,0,4115,-0.0034,-0.02,0.196,0.096,5.75,-1.41,630,4420,1974,0,0
142.2,3,12773.6,601.44,0.01,12840.28,76.6,0.59,0.86,1.0,1.0,0.0,1.0,1,5906,314.5,1.2,-0.19,1.12,23.24,1500,248,4571,0.0113,0.006,0.356,0.256,39.47,32.31,568,2629,4289,0,0,2409,-0.0219,0.008,0.712,0.612,49.59,42.43,583,1907,1987,0,0,6959,0.03,0.009,0.032,-0.068,5.77,-1.39,601,5405,5025,0,0,4132,-0.0032,0.01,0.105,0.005,5.88,-1.28,581,4003,2578,0,0
142.22,3,12774.0,601.57,0.01,12840.68,77.0,0.55,0.9,1.0,0.5,0.0,1.0,1,6030,770.3,1.88,-0.19,1.12,23.09,1515,250,4566,0.0112,-0.004,0.399,0.299,39.45,32.29,589,2671,4262,0,0,2410,-0.0219,0.0,0.752,0.652,49.63,42.47,597,1907,1987,0,0,6999,0.0305,0.024,0.146,0.046,5.56,-1.6,621,6133,4509,0,0,4179,-0.0027,0.028,0.181,0.081,5.71,-1.45,626,4241,2363,0,0
142.24,3,12774.4,601.7,0.01,12841.09,77.3,0.58,0.87,1.0,1.0,0.0,1.0,1,5888,317.4,1.19,-0.2,1.12,23.19,1529,253,4554,0.0111,-0.009,0.365,0.265,39.44,32.28,583,2607,4282,0,0,2404,-0.022,-0.005,0.723,0.623,49.58,42.41,597,1892,1991,0,0,7022,0.0308,0.014,0.082,-0.018,5.6,-1.56,624,5582,4937,0,0,4210,-0.0023,0.018,0.138,0.038,5.7,-1.46,606,4100,2577,0,0
142.26,3,12774.9,601.83,0.01,12841.5,77.6,0.49,0.92,1.0,1.0,0.0,1.0,1,6035,772.2,1.87,-0.21,1.12,22.53,1540,254,4541,0.0109,-0.01,0.381,0.281,39.45,32.29,592,2536,4303,0,0,2395,-0.0222,-0.007,0.72,0.62,49.57,42.4,599,1846,2014,0,0,7041,0.031,0.011,0.149,0.049,5.53,-1.63,627,5731,4849,0,0,4235,-0.002,0.015,0.156,0.056,5.59,-1.57,651,4122,2583,0,0
142.28,3,12775.3,601.97,0.01,12841.91,78.0,0.59,0.84,1.0,0.5,0.0,1.0,1,6257,968.9,2.27,-0.22,1.12,22.85,1554,257,4535,0.0108,-0.004,0.423,0.323,39.43,32.26,608,2777,4167,0,0,2381,-0.0224,-0.01,0.778,0.678,49.53,42.37,619,1919,1937,0,0,7060,0.0312,0.011,0.162,0.062,5.5,-1.66,653,6820,3887,0,0,4243,-0.0019,0.005,0.231,0.131,5.61,-1.55,649,4563,2002,0,0
142.3,3,12775.7,602.12,0.01,12842.33,78.5,0.66,0.79,1.0,0.5,0.0,1.0,1,6266,527.8,1.59,-0.22,1.1,23.82,1570,260,4525,0.0106,-0.008,0.428,0.328,39.41,32.25,611,2864,4104,0,0,2375,-0.0225,-0.005,0.81,0.71,49.65,42.49,629,1974,1881,0,0,7074,0.0314,0.008,0.158,0.058,5.58,-1.58,637,6845,3886,0,0,4263,-0.0017,0.011,0.195,0.095,5.72,-1.44,642,4572,2034,0,0
142.32,3,12776.2,602.26,0.01,12842.74,78.8,0.58,0.87,1.0,0.5,0.0,1.0,1,6044,313.0,1.21,-0.23,1.09,23.71,1582,262,4495,0.0102,-0.023,0.373,0.273,39.52,32.36,579,2584,4225,0,0,2378,-0.0224,0.002,0.736,0.636,49.68,42.52,595,1887,1958,0,0,7069,0.0313,-0.003,0.095,-0.005,5.62,-1.54,579,5281,5163,0,0,4300,-0.0012,0.022,0.174,0.074,5.81,-1.36,573,4055,2772,0,0
142.34,3,12776.6,602.41,0.01,12843.15,79.1,0.41,0.97,1.0,1.0,0.0,1.0,1,5886,320.0,1.18,-0.22,1.09,22.38,1594,264,4477,0.0099,-0.014,0.332,0.232,39.45,32.29,564,2280,4352,0,0,2387,-0.0223,0.007,0.653,0.553,49.58,42.42,570,1751,2074,0,0,7071,0.0314,0.001,0.113,0.013,5.42,-1.74,561,4385,5495,0,0,4338,-0.0008,0.023,0.115,0.015,5.57,-1.59,576,3589,3163,0,0
142.36,3,12777.1,602.57,0.01,12843.56,79.3,0.34,0.98,1.0,1.0,0.0,1.0,1,5936,773.5,1.87,-0.21,1.11,21.07,1603,265,4488,0.01,0.009,0.337,0.237,39.53,32.37,583,2304,4353,0,0,2397,-0.0221,0.007,0.636,0.536,49.54,42.38,585,1720,2108,0,0,7063,0.0313,-0.004,0.059,-0.041,5.29,-1.87,632,4323,5451,0,0,4328,-0.0009,-0.006,0.134,0.034,5.36,-1.8,615,3746,3006,0,0
142.38,3,12777.5,602.73,0.01,12843.98,79.6,0.53,0.87,1.0,0.0,1.0,1.0,1,6266,968.4,2.27,-0.2,1.12,21.44,1618,267,4529,0.0107,0.031,0.402,0.302,39.44,32.28,611,2649,4230,0,0,2407,-0.022,0.008,0.728,0.628,49.51,42.35,615,1859,2021,0,0,7062,0.0312,-0.001,0.165,0.065,5.26,-1.9,645,6719,3956,0,0,4287,-0.0014,-0.024,0.192,0.092,5.29,-1.87,662,4540,2105,0,0
142.4,3,12777.9,602.89,0.01,12844.39,80.0,0.63,0.76,1.0,0.0,1.0,1.0,1,6372,521.7,1.61,-0.21,1.11,23.06,1633,270,4561,0.0112,0.025,0.304,0.204,39.38,32.22,571,2307,4434,1755,1,2409,-0.0219,0.002,0.605,0.505,49.53,42.37,570,1725,2121,1755,1,7067,0.0313,0.003,0.235,0.135,5.43,-1.73,709,7526,2794,945,1,4253,-0.0018,-0.02,0.284,0.184,5.55,-1.61,698,4828,1473,945,1
142.42,3,12778.4,603.05,0.01,12844.8,80.4,0.62,0.73,1.0,0.0,1.0,1.0,1,6007,131.3,0.87,-0.21,1.09,24.45,1650,273,4556,0.0111,-0.004,0.234,0.134,39.5,32.34,533,1846,4610,1755,1,2421,-0.0217,0.009,0.516,0.416,49.59,42.43,534,1553,2244,1755,1,7069,0.0313,0.001,0.157,0.057,5.57,-1.59,640,7017,3653,945,1,4278,-0.0015,0.014,0.239,0.139,5.72,-1.44,662,4684,1863,945,1
142.44,3,12778.8,603.22,0.01,12845.22,80.7,0.44,0.86,1.0,0.0,1.0,1.0,1,5397,-260.8,0.2,-0.21,1.07,23.82,1659,275,4529,0.0107,-0.021,0.153,0.053,39.69,32.53,485,1278,4744,1755,1,2445,-0.0214,0.018,0.412,0.312,49.62,42.46,485,1329,2390,1755,1,7048,0.0311,-0.012,0.006,-0.094,5.66,-1.5,526,3302,5869,3150,0,4323,-0.001,0.027,0.074,-0.026,5.83,-1.33,514,3340,3331,3150,0
142.46,3,12779.3,603.4,0.01,12845.63,80.3,-0.44,0.97,1.0,0.0,1.0,1.0,1,4545,-223.5,0.2,-0.17,1.06,20.13,1653,272,4518,0.0105,-0.008,-0.161,0.061,39.7,32.54,356,-996,4790,1755,1,2469,-0.021,0.018,0.177,0.077,49.85,42.68,404,798,2606,1755,1,7040,0.031,-0.005,-0.055,-0.045,5.37,-1.8,514,-4465,5437,3150,0,4360,-0.0005,0.022,-0.067,-0.033,5.45,-1.71,497,-2258,3708,3150,0
142.48,3,12779.7,603.57,0.01,12846.04,79.6,-0.87,0.81,1.0,0.0,1.0,1.0,1,4089,-202.2,0.2,-0.08,1.05,17.13,1642,268,4591,0.0116,0.056,-0.164,0.064,39.73,32.57,346,-1227,4820,1755,1,2548,-0.0198,0.061,-0.165,0.065,49.83,42.67,280,-426,2764,1755,1,6958,0.03,-0.048,-0.097,-0.003,5.05,-2.12,451,-5738,4611,3150,0,4286,-0.0014,-0.044,-0.078,-0.022,5.22,-1.94,471,-3358,3165,3150,0
142.5,3,12780.2,603.74,0.01,12846.44,78.9,-1.06,0.68,1.0,0.0,1.0,1.0,1,3755,-192.9,0.2,0.05,1.02,14.88,1638,262,4731,0.0138,0.108,-0.274,0.174,39.84,32.68,316,-1812,4808,1755,1,2711,-0.0173,0.125,-0.255,0.155,50.0,42.84,270,-780,2875,1755,1,6765,0.0278,-0.113,-0.153,0.053,5.05,-2.11,473,-6340,3892,945,1,4124,-0.0033,-0.095,-0.218,0.118,4.97,-2.19,478,-4159,2289,945,1
142.52,3,12780.6,603.92,0.01,12846.84,78.0,-1.14,0.56,1.0,0.0,1.0,1.0,1,3592,-180.2,0.2,0.21,0.95,13.13,1635,257,4904,0.0165,0.133,-0.304,0.204,39.92,32.76,280,-2307,4813,1755,1,2952,-0.0136,0.185,-0.268,0.168,50.09,42.92,239,-1048,3069,1755,1,6429,0.0238,-0.198,-0.148,0.048,4.78,-2.38,455,-6462,3204,945,1,3877,-0.0062,-0.145,-0.12,0.02,4.83,-2.33,413,-4024,2014,3150,0
142.54,3,12781.0,604.09,0.01,12847.23,77.2,-1.15,0.51,1.0,0.0,1.0,1.0,1,3398,-177.3,0.2,0.39,0.86,11.59,1637,252,5076,0.0191,0.132,-0.345,0.245,40.04,32.88,281,-2549,4898,1755,1,3250,-0.009,0.229,-0.318,0.218,50.32,43.16,243,-1242,3338,1755,1,5975,0.0185,-0.267,-0.185,0.085,4.82,-2.34,451,-6178,2814,945,1,3587,-0.0096,-0.17,-0.225,0.125,4.84,-2.32,458,-3876,1675,945,1
142.56,3,12781.4,604.26,0.01,12847.61,76.4,-1.14,0.47,1.0,0.0,1.0,1.0,1,3352,-167.9,0.2,0.57,0.76,10.51,1636,247,5222,0.0213,0.113,-0.326,0.226,40.15,32.99,265,-2649,5015,1755,1,3567,-0.0041,0.244,-0.291,0.191,50.25,43.09,226,-1399,3635,1755,1,5419,0.0119,-0.327,-0.188,0.088,4.7,-2.46,421,-5788,2336,945,1,3254,-0.0135,-0.196,-0.161,0.061,4.78,-2.39,394,-3576,1451,945,1
142.58,3,12781.9,604.43,0.02,12848.0,75.6,-1.12,0.43,1.0,0.0,1.0,1.0,1,3170,-165.4,0.2,0.73,0.64,10.02,1630,242,5333,0.0231,0.085,-0.361,0.261,40.14,32.97,268,-2771,5081,1755,1,3884,0.0007,0.244,-0.335,0.235,50.33,43.17,233,-1554,3928,1755,1,4805,0.0047,-0.361,-0.251,0.151,4.64,-2.52,407,-5346,1759,945,1,2909,-0.0176,-0.203,-0.288,0.188,4.7,-2.47,416,-3328,1074,945,1
142.6,3,12782.3,604.6,0.02,12848.37,74.8,-1.08,0.39,1.0,0.0,1.0,0.99,1,3044,-152.1,0.2,0.88,0.54,10.13,1615,237,5406,0.0242,0.056,-0.351,0.251,40.27,33.11,247,-2867,5116,1755,1,4170,0.0052,0.22,-0.317,0.217,50.34,43.18,213,-1717,4183,1755,1,4193,-0.0025,-0.36,-0.281,0.181,4.61,-2.55,362,-4809,1291,945,1,2576,-0.0215,-0.196,-0.249,0.149,4.66,-2.5,340,-3012,827,945,1
142.62,3,12782.7,604.77,0.02,12848.75,74.0,-1.06,0.35,1.0,0.0,1.0,0.93,1,2756,-143.3,0.2,1.0,0.45,10.58,1593,233,5466,0.0251,0.046,-0.404,0.304,40.16,32.99,244,-3088,5074,1755,1,4422,0.009,0.194,-0.377,0.277,50.34,43.17,213,-1932,4379,1755,1,3647,-0.0089,-0.321,-0.369,0.269,4.7,-2.46,337,-4279,936,945,1,2281,-0.025,-0.174,-0.4,0.3,4.78,-2.38,349,-2723,602,945,1
142.64,3,12783.1,604.94,0.02,12849.12,73.3,-1.03,0.31,1.0,0.0,1.0,0.83,1,2541,-126.8,0.2,1.08,0.36,11.23,1564,228,5492,0.0255,0.02,-0.417,0.317,40.26,33.09,220,-3282,4999,1755,1,4631,0.0123,0.161,-0.387,0.287,50.41,43.25,187,-2174,4514,1755,1,3189,-0.0143,-0.269,-0.416,0.316,4.89,-2.27,287,-3794,713,945,1,2063,-0.0276,-0.128,-0.384,0.284,4.97,-2.19,270,-2487,484,945,1
142.66,3,12783.5,605.11,0.02,12849.48,72.6,-1.01,0.26,1.0,0.0,1.0,0.73,1,2225,-115.7,0.2,1.11,0.27,11.96,1526,223,5486,0.0254,-0.005,-0.478,0.378,40.31,33.15,209,-3518,4852,1755,1,4803,0.0149,0.132,-0.462,0.362,50.46,43.3,178,-2476,4574,1755,1,2841,-0.0184,-0.205,-0.506,0.406,5.03,-2.13,260,-3413,556,945,1,1948,-0.0289,-0.068,-0.526,0.426,5.14,-2.02,270,-2366,396,945,1
142.68,3,12783.9,605.28,0.02,12849.85,71.8,-1.01,0.23,1.0,0.0,1.0,0.63,1,2015,-102.2,0.2,1.11,0.21,12.69,1483,219,5452,0.0249,-0.026,-0.508,0.408,40.4,33.23,183,-3728,4675,1755,1,4926,0.0168,0.094,-0.485,0.385,50.6,43.44,154,-2735,4588,1755,1,2642,-0.0207,-0.117,-0.545,0.445,5.24,-1.92,219,-3190,478,945,1,1954,-0.0288,0.003,-0.517,0.417,5.34,-1.83,207,-2378,370,945,1
142.7,3,12784.3,605.45,0.02,12850.2,71.1,-1.04,0.2,1.0,0.0,1.0,0.53,1,1808,-95.2,0.2,1.08,0.18,13.35,1437,214,5406,0.0242,-0.035,-0.561,0.461,40.5,33.34,171,-3895,4500,1755,1,5000,0.0179,0.057,-0.545,0.445,50.74,43.58,146,-2967,4551,1755,1,2597,-0.0213,-0.027,-0.607,0.507,5.49,-1.67,219,-3138,460,945,1,2066,-0.0275,0.066,-0.592,0.492,5.62,-1.54,207,-2512,378,945,1
142.72,3,12784.7,605.61,0.02,12850.56,70.3,-1.11,0.18,1.0,0.0,1.0,0.43,1,1680,-88.7,0.2,1.03,0.18,13.59,1391,209,5381,0.0238,-0.019,-0.589,0.489,40.68,33.52,158,-4010,4380,1755,1,5032,0.0184,0.024,-0.591,0.491,50.89,43.73,129,-3191,4459,1755,1,2696,-0.0201,0.058,-0.606,0.506,5.7,-1.47,200,-3253,479,945,1,2239,-0.0255,0.102,-0.616,0.516,5.81,-1.35,205,-2716,411,945,1
142.74,3,12785.1,605.78,0.02,12850.91,69.5,-1.16,0.18,1.0,0.5,0.0,0.33,1,1636,-86.3,0.2,0.98,0.16,13.49,1350,204,5380,0.0238,-0.001,-0.599,0.499,40.98,33.82,151,-4054,4344,1755,1,5040,0.0185,0.006,-0.62,0.52,51.1,43.94,118,-3338,4378,1755,1,2891,-0.0178,0.114,-0.606,0.506,5.98,-1.18,206,-3474,539,945,1,2445,-0.0231,0.121,-0.591,0.491,6.13,-1.03,199,-2953,475,945,1
142.76,3,12785.5,605.94,0.01,12851.25,68.6,-1.17,0.22,1.0,0.5,0.0,0.23,1,1959,168.6,0.55,0.92,0.15,13.66,1310,199,5360,0.0235,-0.015,-0.332,0.232,41.1,33.94,248,-3215,4879,0,0,5049,0.0187,0.007,-0.329,0.229,51.28,44.12,203,-2636,4770,0,0,3096,-0.0154,0.121,-0.575,0.475,6.14,-1.02,210,-3705,612,0,0,2690,-0.0202,0.144,-0.558,0.458,6.26,-0.9,206,-3231,553,0,0
142.78,3,12785.8,606.1,0.01,12851.59,67.8,-1.15,0.38,1.0,0.5,0.0,0.28,1,2375,282.2,0.78,0.87,0.18,14.83,1276,194,5348,0.0233,-0.009,-0.182,0.082,41.15,33.99,295,-1955,5405,0,0,5052,0.0187,0.002,-0.171,0.071,51.29,44.13,243,-1559,5154,0,0,3312,-0.0129,0.127,-0.471,0.371,6.35,-0.81,257,-3920,803,0,0,2925,-0.0174,0.138,-0.454,0.354,6.52,-0.64,251,-3472,746,0,0
142.8,3,12786.2,606.26,0.01,12851.93,67.0,-1.1,0.5,1.0,0.5,0.0,0.38,1,2835,298.4,0.83,0.83,0.23,16.43,1244,190,5361,0.0235,0.01,-0.122,0.022,41.0,33.84,314,-1317,5582,0,0,5022,0.0183,-0.023,-0.115,0.015,51.32,44.16,255,-1006,5238,0,0,3539,-0.0102,0.134,-0.372,0.272,6.68,-0.48,286,-4120,1065,0,0,3096,-0.0154,0.101,-0.376,0.276,6.8,-0.36,288,-3616,968,0,0
142.82,3,12786.6,606.42,0.01,12852.26,66.2,-1.07,0.59,1.0,0.5,0.0,0.48,1,3134,307.8,0.86,0.8,0.32,17.96,1215,185,5403,0.0241,0.032,-0.061,-0.039,40.93,33.76,331,-792,5708,0,0,4961,0.0173,-0.047,-0.048,-0.052,51.18,44.02,270,-637,5225,0,0,3780,-0.0074,0.142,-0.248,0.148,6.74,-0.42,337,-4252,1508,0,0,3202,-0.0142,0.063,-0.251,0.151,6.96,-0.21,340,-3595,1368,0,0
142.84,3,12786.9,606.58,0.01,12852.59,65.5,-0.99,0.71,1.0,1.0,0.0,0.58,1,3535,320.6,0.91,0.76,0.44,19.01,1189,181,5480,0.0253,0.059,-0.01,-0.09,40.82,33.66,343,-335,5824,0,0,4865,0.0159,-0.073,0.068,-0.032,51.06,43.9,298,-1,5164,0,0,4032,-0.0044,0.148,-0.117,0.017,6.83,-0.34,388,-3973,2527,0,0,3228,-0.0138,0.015,-0.118,0.018,7.01,-0.15,392,-3098,2191,0,0
142.86,3,12787.3,606.75,0.01,12852.91,64.8,-0.83,0.88,1.0,1.0,0.0,0.68,1,3883,716.6,1.46,0.72,0.59,19.08,1168,178,5576,0.0268,0.074,0.035,-0.065,40.64,33.48,369,127,5927,0,0,4730,0.0138,-0.104,0.167,0.067,50.91,43.74,337,741,4983,0,0,4301,-0.0012,0.158,-0.08,-0.02,6.72,-0.44,453,-2795,3775,0,0,3194,-0.0142,-0.02,-0.039,-0.061,7.03,-0.13,438,-1665,3055,0,0
142.88,3,12787.7,606.91,0.01,12853.22,64.5,-0.32,1.03,1.0,1.0,0.0,0.78,1,4528,985.7,1.85,0.66,0.78,18.89,1158,176,5680,0.0284,0.08,0.194,0.094,40.45,33.29,422,1295,5910,0,0,4540,0.0108,-0.146,0.42,0.32,50.61,43.45,408,1884,4522,0,0,4598,0.0023,0.174,0.083,-0.017,6.43,-0.73,521,2213,4247,0,0,3107,-0.0153,-0.052,0.149,0.049,6.61,-0.55,508,2169,2714,0,0
142.9,3,12788.0,607.08,0.01,12853.54,64.7,0.32,0.9,1.0,0.5,0.0,0.88,1,5845,994.6,2.16,0.56,0.97,21.93,1161,177,5751,0.0295,0.055,0.475,0.375,40.0,32.84,525,3334,5267,0,0,4251,0.0064,-0.222,0.834,0.734,50.25,43.09,526,3230,3463,0,0,4955,0.0065,0.21,0.438,0.338,6.45,-0.71,655,5616,1606,0,0,2993,-0.0166,-0.067,0.476,0.376,6.7,-0.47,675,3516,887,0,0
142.92,3,12788.4,607.26,0.01,12853.86,65.1,0.62,0.73,1.0,0.0,1.0,0.96,1,6543,512.6,1.63,0.41,1.11,26.73,1165,179,5724,0.0291,-0.021,0.612,0.512,39.76,32.6,580,4446,4482,0,0,3865,0.0005,-0.297,1.023,0.923,49.99,42.83,582,3497,2658,0,0,5362,0.0112,0.239,0.496,0.396,6.95,-0.21,691,6182,1240,0,0,2931,-0.0174,-0.037,0.56,0.46,7.32,0.16,717,3501,632,0,0
142.94,3,12788.7,607.43,0.01,12854.18,65.5,0.69,0.69,0.98,0.0,1.0,0.83,1,6209,117.9,0.89,0.23,1.2,31.08,1169,181,5559,0.0265,-0.127,0.465,0.365,39.71,32.55,526,3828,4742,1755,1,3428,-0.0063,-0.336,0.853,0.753,50.0,42.84,527,2944,2553,1755,1,5776,0.0161,0.244,0.512,0.412,7.48,0.32,717,6596,1435,945,1,2988,-0.0167,0.034,0.641,0.541,7.83,0.67,715,3561,670,945,1
142.96,3,12789.1,607.61,0.01,12854.5,66.0,0.67,0.67,0.93,0.0,1.0,0.7,1,5665,-270.9,0.2,0.04,1.25,34.5,1168,184,5280,0.0222,-0.215,0.329,0.229,39.16,32.0,484,2944,4943,1755,1,2971,-0.0133,-0.352,0.671,0.571,49.15,41.98,485,2295,2463,1755,1,6150,0.0205,0.22,0.382,0.282,8.08,0.92,643,6810,2111,945,1,3130,-0.015,0.083,0.462,0.362,8.47,1.31,651,3660,955,945,1
142.98,3,12789.5,607.8,0.02,12854.82,66.3,0.59,0.73,0.87,0.0,0.99,0.56,1,4902,-240.7,0.2,-0.14,1.25,36.09,1166,186,4908,0.0165,-0.286,0.148,0.048,37.37,30.21,428,1672,5053,1755,1,2517,-0.0203,-0.349,0.406,0.306,46.73,39.57,429,1521,2387,1755,1,6469,0.0243,0.188,0.145,0.045,8.47,1.3,545,6064,4148,945,1,3343,-0.0125,0.125,0.25,0.15,8.92,1.76,545,3582,1768,945,1
143.0,3,12789.8,607.98,0.02,12855.14,66.3,0.0,0.93,0.82,0.0,1.0,0.43,1,4244,-212.2,0.2,-0.28,1.23,32.72,1149,185,4487,0.01,-0.324,-0.164,0.064,35.42,28.26,322,-1091,4768,1731,1,2095,-0.0268,-0.325,-0.085,-0.015,44.46,37.3,265,491,2275,5769,0,6697,0.027,0.134,-0.114,0.014,8.38,1.22,405,-3920,6145,3106,0,3569,-0.0098,0.133,-0.112,0.012,8.82,1.66,402,-1264,3778,3106,0
143.02,3,12790.2,608.17,0.02,12855.45,65.7,-0.76,0.85,0.77,1.0,0.0,0.3,1,3740,-190.3,0.2,-0.35,1.2,27.93,1119,182,4119,0.0044,-0.283,-0.213,0.113,33.94,26.78,304,-1596,4254,1755,1,1749,-0.0321,-0.266,-0.203,0.103,42.37,35.2,263,-472,1900,1755,1,6821,0.0284,0.073,-0.133,0.033,8.15,0.99,409,-5094,5570,945,1,3722,-0.008,0.09,-0.11,0.01,8.47,1.31,391,-2538,3425,3150,0
143.04,3,12790.6,608.36,0.02,12855.76,65.2,-0.6,0.83,0.74,1.0,0.0,0.16,1,3806,208.6,0.7,-0.35,1.15,23.19,1095,179,3876,0.0006,-0.187,-0.085,-0.015,32.87,25.71,356,-952,4170,0,0,1568,-0.0349,-0.139,-0.112,0.012,40.77,33.61,302,-348,1726,0,0,6779,0.0279,-0.025,-0.033,-0.067,7.96,0.8,449,-2309,6737,0,0,3761,-0.0076,0.023,-0.013,-0.087,8.06,0.89,440,-718,4020,0,0
143.06,3,12790.9,608.55,0.02,12856.07,64.9,-0.36,0.87,0.7,1.0,0.0,0.03,1,4063,523.2,1.23,-0.3,1.09,18.95,1078,178,3753,-0.0013,-0.094,-0.009,-0.091,31.52,24.36,388,-339,4134,0,0,1544,-0.0352,-0.019,-0.002,-0.098,39.1,31.94,346,-149,1727,0,0,6622,0.0261,-0.092,-0.007,-0.093,7.33,0.17,456,-1051,6663,0,0,3732,-0.0079,-0.017,0.002,-0.098,7.53,0.37,444,-147,3967,0,0
143.08,3,12791.3,608.74,0.02,12856.37,64.6,-0.24,0.92,0.66,1.0,0.0,0.16,2,4541,991.8,1.86,-0.22,1.05,16.08,1069,176,3753,-0.0013,0.0,0.022,-0.078,30.09,22.93,406,-14,4157,0,0,1651,-0.0336,0.082,0.067,-0.033,37.22,30.06,380,63,1854,0,0,6414,0.0236,-0.122,-0.008,-0.092,6.79,-0.37,450,-124,6357,0,0,3665,-0.0087,-0.039,0.004,-0.096,6.99,-0.17,446,99,3814,0,0
143.1,3,12791.7,608.94,0.02,12856.67,64.5,-0.1,0.96,0.63,1.0,0.0,0.46,2,4893,999.8,1.95,-0.12,1.04,14.21,1068,176,3858,0.0004,0.081,0.11,0.01,28.61,21.45,444,723,4225,0,0,1834,-0.0308,0.141,0.21,0.11,35.36,28.2,442,548,1998,0,0,6207,0.0212,-0.122,0.067,-0.033,6.33,-0.83,480,2256,5788,0,0,3560,-0.0099,-0.062,0.083,-0.017,6.44,-0.72,486,1951,3306,0,0
143.12,3,12792.0,609.13,0.02,12856.97,64.7,0.29,0.9,0.59,0.5,0.0,0.76,2,4942,1000.9,1.96,-0.05,1.03,14.37,1078,176,4027,0.0029,0.13,0.196,0.096,27.0,19.83,488,1567,4218,0,0,2032,-0.0277,0.152,0.312,0.212,33.43,26.27,490,1052,2063,0,0,6036,0.0192,-0.101,0.133,0.033,5.96,-1.2,526,5045,4323,0,0,3428,-0.0115,-0.078,0.191,0.091,6.11,-1.06,522,3326,2228,0,0
143.14,3,12792.4,609.34,0.02,12857.27,65.0,0.56,0.76,0.55,0.5,0.0,1.0,2,4537,562.4,1.32,0.0,1.02,16.7,1090,178,4191,0.0055,0.126,0.295,0.195,25.25,18.09,541,2533,3992,0,0,2204,-0.0251,0.132,0.42,0.32,31.34,24.18,545,1530,2027,0,0,5921,0.0178,-0.067,0.306,0.206,5.98,-1.19,591,6394,2448,0,0,3323,-0.0127,-0.061,0.334,0.234,6.18,-0.98,611,3792,1249,0,0
143.16,3,12792.7,609.54,0.02,12857.57,65.5,0.74,0.66,0.5,0.5,0.0,1.0,2,4050,322.5,0.98,0.0,1.0,20.19,1101,181,4305,0.0072,0.088,0.355,0.255,23.54,16.38,570,3277,3651,0,0,2338,-0.023,0.103,0.493,0.393,28.94,21.78,586,1942,1911,0,0,5889,0.0174,-0.019,0.393,0.293,6.23,-0.93,629,6640,1730,0,0,3316,-0.0128,-0.004,0.431,0.331,6.52,-0.64,639,3897,914,0,0
143.18,3,12793.1,609.75,0.02,12857.87,66.1,0.86,0.65,0.44,0.5,0.0,1.0,2,3980,322.3,0.97,-0.03,0.97,23.27,1115,184,4359,0.0081,0.041,0.297,0.197,21.38,14.22,564,3246,3771,0,0,2437,-0.0215,0.077,0.457,0.357,26.46,19.3,587,2080,1948,0,0,5943,0.0181,0.032,0.337,0.237,6.56,-0.61,610,6586,2072,0,0,3431,-0.0115,0.068,0.373,0.273,6.7,-0.47,620,3979,1100,0,0
143.2,3,12793.5,609.97,0.02,12858.17,66.6,0.89,0.67,0.39,0.5,0.0,1.0,2,3905,322.1,0.96,-0.08,0.94,25.55,1130,187,4360,0.0081,0.001,0.249,0.149,19.26,12.1,556,3125,3889,0,0,2491,-0.0207,0.041,0.409,0.309,23.83,16.67,581,2131,1995,0,0,6062,0.0195,0.07,0.289,0.189,6.74,-0.42,595,6534,2527,0,0,3618,-0.0093,0.11,0.33,0.23,7.1,-0.07,605,4109,1374,0,0
143.22,3,12793.8,610.19,0.01,12858.47,67.2,0.89,0.7,0.32,0.5,0.0,1.0,2,3849,322.0,0.95,-0.14,0.91,27.02,1146,191,4313,0.0074,-0.036,0.213,0.113,17.12,9.96,552,3018,3930,0,0,2509,-0.0204,0.014,0.35,0.25,21.07,13.91,574,2119,2050,0,0,6215,0.0213,0.09,0.253,0.153,6.92,-0.24,583,6482,2990,0,0,3856,-0.0065,0.14,0.291,0.191,7.19,0.03,593,4278,1667,0,0
143.24,3,12794.2,610.41,0.01,12858.78,67.8,0.9,0.73,0.26,0.5,0.0,1.0,2,3804,321.9,0.95,-0.2,0.88,27.8,1161,194,4248,0.0063,-0.05,0.181,0.081,14.97,7.81,547,2917,3939,0,0,2499,-0.0206,-0.007,0.302,0.202,18.27,11.11,569,2107,2064,0,0,6376,0.0232,0.094,0.225,0.125,7.05,-0.11,575,6405,3450,0,0,4089,-0.0037,0.137,0.262,0.162,7.39,0.23,584,4419,1978,0,0
143.26,3,12794.6,610.64,0.01,12859.08,68.4,0.91,0.76,0.2,0.5,0.0,1.0,2,3768,321.8,0.94,-0.25,0.87,27.96,1180,198,4176,0.0053,-0.055,0.15,0.05,12.61,5.44,544,2822,3927,0,0,2477,-0.0209,-0.017,0.261,0.161,15.37,8.2,564,2118,2039,0,0,6533,0.025,0.092,0.202,0.102,7.1,-0.06,569,6309,3874,0,0,4311,-0.0011,0.131,0.237,0.137,7.4,0.24,577,4540,2269,0,0
143.28,3,12795.0,610.87,0.01,12859.38,69.0,0.91,0.78,0.13,0.5,0.0,1.0,2,3739,321.8,0.94,-0.3,0.88,27.53,1196,201,4111,0.0043,-0.05,0.125,0.025,10.32,3.16,540,2793,3848,0,0,2437,-0.0215,-0.031,0.22,0.12,12.35,5.19,558,2132,1977,0,0,6670,0.0266,0.081,0.187,0.087,7.22,0.06,565,6211,4231,0,0,4481,0.0009,0.1,0.214,0.114,7.35,0.19,572,4587,2547,0,0
143.3,3,12795.4,611.11,0.01,12859.69,69.6,0.93,0.79,0.06,0.5,0.0,1.0,2,3715,321.7,0.94,-0.35,0.9,26.49,1213,205,4064,0.0035,-0.037,0.1,0.0,7.94,0.78,537,2800,3678,0,0,2371,-0.0225,-0.051,0.186,0.086,9.36,2.2,553,2166,1831,0,0,6829,0.0285,0.093,0.169,0.069,7.02,-0.14,562,6111,4569,0,0,4616,0.0025,0.079,0.2,0.1,7.37,0.21,569,4623,2757,0,0
143.32,3,12795.8,611.35,0.01,12860.0,70.2,0.92,0.8,0.0,0.5,0.0,1.0,2,3666,321.6,0.93,-0.39,0.93,24.65,1230,208,4021,0.0029,-0.033,0.074,-0.026,5.66,-1.51,529,2721,3336,0,0,2301,-0.0236,-0.054,0.146,0.046,6.3,-0.87,544,2197,1610,0,0,6976,0.0302,0.087,0.141,0.041,7.0,-0.16,561,5781,5080,0,0,4728,0.0038,0.066,0.185,0.085,7.09,-0.08,559,4573,3013,0,0
143.34,3,12796.2,611.6,0.01,12860.3,70.8,0.9,0.76,-0.07,1.0,0.0,1.0,2,3635,321.5,0.93,-0.43,0.95,21.95,1247,212,3999,0.0025,-0.016,0.054,-0.046,3.26,-3.9,525,2649,2455,0,0,2219,-0.0249,-0.063,0.113,0.013,3.41,-3.75,536,2253,1144,0,0,7130,0.0321,0.09,0.139,0.039,6.68,-0.48,553,5792,5221,0,0,4802,0.0047,0.043,0.154,0.054,6.86,-0.3,560,4422,3290,0,0
143.36,3,12796.6,611.85,0.01,12860.61,71.3,0.82,0.66,-0.13,1.0,0.0,1.0,2,3463,665.3,1.38,-0.44,0.95,17.54,1268,215,3980,0.0022,-0.015,0.015,-0.085,0.4,-6.76,511,1635,554,0,0,2151,-0.0259,-0.053,0.056,-0.044,1.26,-5.9,514,2027,566,0,0,7254,0.0335,0.073,0.047,-0.053,6.22,-0.94,532,3920,6229,0,0,4862,0.0054,0.035,0.09,-0.01,6.39,-0.77,527,3660,3927,0,0
143.38,3,12797.0,612.1,0.01,12860.92,71.7,0.58,0.55,-0.19,1.0,0.0,1.0,2,3497,839.1,1.62,-0.44,0.91,10.97,1284,217,3951,0.0018,-0.022,0.027,-0.073,-2.19,-4.98,518,1575,-1523,0,0,2125,-0.0263,-0.02,0.044,-0.056,-0.78,-6.39,517,1551,-263,0,0,7292,0.034,0.022,0.073,-0.027,5.63,-1.54,533,4041,6018,0,0,4905,0.0059,0.025,0.082,-0.018,5.74,-1.42,541,3449,3972,0,0
143.4,3,12797.4,612.36,0.01,12861.22,72.1,0.61,0.33,-0.24,1.0,0.0,1.0,2,3530,844.5,1.63,-0.41,0.83,3.93,1302,220,3923,0.0014,-0.021,0.04,-0.06,-4.43,-2.73,523,1773,-2909,0,0,2173,-0.0256,0.036,0.048,-0.052,-2.54,-4.62,525,1459,-1005,0,0,7225,0.0332,-0.039,0.063,-0.037,4.97,-2.19,542,4557,5497,0,0,4936,0.0062,0.018,0.09,-0.01,5.01,-2.15,538,3689,3702,0,0
143.42,3,12797.8,612.62,0.01,12861.53,72.5,0.62,0.19,-0.28,1.0,0.0,1.0,2,3544,846.6,1.63,-0.39,0.7,-3.48,1321,222,3871,0.0005,-0.041,0.05,-0.05,-6.45,-0.71,527,1734,-3590,0,0,2285,-0.0238,0.087,0.049,-0.051,-4.11,-3.05,530,1324,-1613,0,0,7062,0.0312,-0.096,0.066,-0.034,4.33,-2.83,541,4899,4918,0,0,4988,0.0069,0.031,0.078,-0.022,4.2,-2.97,538,3650,3496,0,0
143.44,3,12798.2,612.88,0.01,12861.84,72.9,0.59,0.08,-0.32,1.0,0.0,1.0,2,3562,849.3,1.64,-0.35,0.53,-10.92,1344,225,3787,-0.0007,-0.064,0.061,-0.039,-8.26,1.1,531,1686,-3831,0,0,2447,-0.0213,0.125,0.049,-0.051,-5.51,-1.65,536,1214,-2118,0,0,6829,0.0285,-0.137,0.062,-0.038,3.37,-3.79,542,4928,4158,0,0,5077,0.0079,0.052,0.07,-0.03,3.32,-3.84,539,3694,3152,0,0
143.46,3,12798.6,613.14,0.01,12862.16,73.3,0.57,-0.03,-0.35,1.0,0.0,1.0,2,3582,852.2,1.64,-0.31,0.33,-17.89,1365,227,3665,-0.0026,-0.094,0.072,-0.028,-9.89,2.73,535,1677,-3827,0,0,2645,-0.0183,0.152,0.05,-0.05,-6.85,-0.31,541,1145,-2564,0,0,6510,0.0248,-0.188,0.063,-0.037,2.46,-4.7,543,5114,3208,0,0,5175,0.0091,0.058,0.062,-0.038,2.43,-4.73,540,3703,2669,0,0
143.48,3,12799.0,613.4,0.01,12862.47,73.7,0.56,-0.13,-0.37,1.0,0.0,1.0,2,3602,855.1,1.65,-0.28,0.1,-24.1,1385,230,3496,-0.0052,-0.13,0.084,-0.016,-11.36,4.2,539,1641,-3693,0,0,2869,-0.0149,0.173,0.05,-0.05,-8.09,0.93,545,1113,-2963,0,0,6127,0.0203,-0.225,0.066,-0.034,1.57,-5.59,545,5256,2205,0,0,5307,0.0106,0.078,0.054,-0.046,1.49,-5.67,542,3671,2003,0,0
143.5,3,12799.4,613.66,0.01,12862.79,74.1,0.54,-0.24,-0.39,1.0,0.0,1.0,2,3628,859.0,1.65,-0.25,-0.14,-29.36,1405,232,3290,-0.0084,-0.158,0.096,-0.004,-12.76,5.6,543,1595,-3482,0,0,3098,-0.0113,0.176,0.05,-0.05,-9.25,2.09,549,1077,-3321,0,0,5716,0.0154,-0.242,0.07,-0.03,0.62,-6.54,549,5243,1183,0,0,5464,0.0124,0.092,0.051,-0.049,0.58,-6.58,546,3740,1190,0,0
143.52,3,12799.8,613.92,0.02,12863.11,74.5,0.53,-0.35,-0.41,1.0,0.0,1.0,2,3659,863.5,1.66,-0.22,-0.38,-33.66,1425,234,3054,-0.012,-0.182,0.112,0.012,-14.06,6.9,549,1543,-3218,0,0,3320,-0.0079,0.171,0.054,-0.046,-10.37,3.2,552,1139,-3617,0,0,5282,0.0103,-0.255,0.077,-0.023,-0.25,-6.91,554,5137,292,0,0,5631,0.0144,0.099,0.049,-0.051,-0.27,-6.9,550,3810,313,0,0
143.54,3,12800.2,614.19,0.02,12863.43,74.9,0.53,-0.45,-0.43,1.0,0.0,1.0,2,3696,868.8,1.67,-0.2,-0.6,-37.06,1442,237,2800,-0.0159,-0.195,0.133,0.033,-15.31,8.15,556,1524,-2906,0,0,3523,-0.0048,0.156,0.059,-0.041,-11.34,4.17,557,1184,-3870,0,0,4849,0.0052,-0.255,0.086,-0.014,-1.07,-6.1,560,4903,-406,0,0,5794,0.0163,0.096,0.05,-0.05,-1.04,-6.12,555,3920,-557,0,0
143.56,3,12800.6,614.45,0.02,12863.76,75.3,0.52,-0.53,-0.45,1.0,0.0,1.0,2,3739,875.1,1.68,-0.19,-0.8,-39.72,1457,239,2549,-0.0198,-0.194,0.148,0.048,-16.55,9.39,562,1423,-2631,0,0,3702,-0.002,0.138,0.066,-0.034,-12.51,5.34,563,1267,-4074,0,0,4443,0.0004,-0.239,0.098,-0.002,-1.84,-5.32,567,4614,-901,0,0,5951,0.0182,0.092,0.054,-0.046,-1.76,-5.4,561,4138,-1384,0,0
143.58,3,12801.1,614.71,0.02,12864.08,75.6,0.52,-0.6,-0.47,0.0,0.0,1.0,2,3786,882.1,1.69,-0.19,-0.96,-41.81,1468,242,2316,-0.0234,-0.179,0.165,0.065,-17.73,10.57,570,1343,-2366,0,0,3847,0.0002,0.112,0.076,-0.024,-13.56,6.4,569,1383,-4214,0,0,4090,-0.0037,-0.208,0.109,0.009,-2.57,-4.59,576,4289,-1230,0,0,6093,0.0199,0.083,0.061,-0.039,-2.48,-4.68,568,4406,-2177,0,0
143.6,3,12801.5,614.97,0.02,12864.42,76.0,0.49,-0.65,-0.48,0.0,0.0,1.0,2,3760,500.4,1.19,-0.19,-1.09,-43.31,1478,244,2112,-0.0265,-0.157,0.166,0.066,-19.07,11.91,566,1210,-2165,0,0,3963,0.002,0.089,0.067,-0.033,-14.63,7.47,564,1281,-4376,0,0,3811,-0.007,-0.164,0.098,-0.002,-3.17,-3.99,568,3865,-1505,0,0,6232,0.0215,0.082,0.043,-0.057,-3.08,-4.08,563,3688,-2933,0,0
143.62,3,12801.9,615.23,0.02,12864.75,76.2,0.3,-0.72,-0.5,0.0,0.0,1.0,2,3641,208.2,0.69,-0.18,-1.18,-43.5,1480,245,1958,-0.0289,-0.119,0.135,0.035,-20.32,13.16,548,928,-2095,0,0,4056,0.0034,0.071,0.037,-0.063,-15.73,8.57,547,754,-4587,0,0,3600,-0.0095,-0.124,0.062,-0.038,-3.87,-3.29,546,2908,-2039,0,0,6344,0.0228,0.066,0.007,-0.093,-3.71,-3.45,548,1114,-3789,0,0
143.64,3,12802.3,615.49,0.02,12865.09,76.2,0.04,-0.78,-0.52,0.0,0.0,1.0,2,3515,-179.9,0.2,-0.16,-1.22,-42.52,1478,245,1876,-0.0301,-0.063,0.101,0.001,-21.69,14.53,526,670,-2080,0,0,4139,0.0047,0.064,0.014,-0.086,-16.78,9.61,531,345,-4715,0,0,3470,-0.011,-0.077,0.007,-0.093,-4.26,-2.91,517,1240,-2436,0,0,6429,0.0238,0.05,-0.008,-0.092,-4.11,-3.05,538,-542,-4292,0,0
143.66,3,12802.8,615.74,0.02,12865.42,76.0,-0.23,-0.82,-0.54,0.0,0.0,1.0,2,3428,-175.2,0.2,-0.11,-1.24,-41.36,1471,244,1891,-0.0299,0.012,0.06,-0.04,-23.01,15.85,501,407,-2153,0,0,4242,0.0063,0.079,-0.003,-0.097,-17.99,10.82,517,-12,-4826,0,0,3389,-0.012,-0.047,0.0,-0.1,-4.53,-2.63,514,20,-2579,0,0,6463,0.0242,0.02,-0.025,-0.075,-4.25,-2.91,530,-2042,-4437,0,0
143.68,3,12803.2,616.0,0.02,12865.76,75.8,-0.31,-0.87,-0.56,1.0,0.0,1.0,2,3379,-172.6,0.2,-0.05,-1.23,-40.26,1468,243,2002,-0.0282,0.085,0.033,-0.067,-24.4,17.24,480,233,-2294,0,0,4377,0.0083,0.104,-0.005,-0.095,-19.1,11.94,511,-82,-4955,0,0,3342,-0.0125,-0.028,0.002,-0.098,-4.86,-2.3,514,73,-2699,0,0,6447,0.024,-0.009,-0.025,-0.075,-4.63,-2.53,529,-1965,-4743,0,0
143.7,3,12803.6,616.24,0.02,12866.1,75.6,-0.28,-0.91,-0.58,1.0,0.0,1.0,2,3410,206.0,0.67,0.01,-1.22,-39.46,1468,241,2168,-0.0256,0.128,0.048,-0.052,-25.74,18.58,486,206,-2474,0,0,4532,0.0107,0.119,0.009,-0.091,-20.22,13.06,514,36,-5105,0,0,3305,-0.0129,-0.021,0.003,-0.097,-5.14,-2.03,514,163,-2789,0,0,6397,0.0234,-0.03,0.007,-0.093,-4.89,-2.28,544,49,-5009,0,0
143.72,3,12804.0,616.49,0.02,12866.44,75.5,-0.15,-0.95,-0.61,1.0,0.0,1.0,2,3507,478.7,1.15,0.07,-1.2,-38.89,1472,240,2359,-0.0227,0.147,0.116,0.016,-27.17,20.01,510,604,-2621,0,0,4696,0.0132,0.126,0.04,-0.06,-21.36,14.2,524,484,-5240,0,0,3279,-0.0133,-0.016,0.058,-0.042,-5.36,-1.8,542,1645,-2720,0,0,6336,0.0227,-0.036,0.008,-0.092,-5.15,-2.01,543,99,-5172,0,0
143.74,3,12804.4,616.73,0.01,12866.78,75.5,0.06,-0.98,-0.63,1.0,0.0,1.0,2,3659,862.1,1.66,0.11,-1.2,-38.62,1480,240,2536,-0.02,0.137,0.193,0.093,-28.64,21.47,537,1027,-2697,0,0,4848,0.0156,0.117,0.079,-0.021,-22.55,15.39,540,1004,-5314,0,0,3264,-0.0134,-0.009,0.112,0.012,-5.61,-1.56,564,2661,-2415,0,0,6287,0.0221,-0.029,0.043,-0.057,-5.31,-1.85,570,2517,-5085,0,0
143.76,3,12804.8,616.97,0.01,12867.13,75.6,0.29,-0.98,-0.66,1.0,0.0,1.0,2,3773,879.8,1.69,0.12,-1.19,-39.17,1493,241,2668,-0.018,0.101,0.254,0.154,-30.1,22.94,557,1376,-2706,0,0,4967,0.0174,0.092,0.121,0.021,-23.82,16.66,556,1547,-5301,0,0,3275,-0.0133,0.007,0.134,0.034,-5.77,-1.39,587,3113,-2128,0,0,6282,0.0221,-0.003,0.079,-0.021,-5.52,-1.64,578,4032,-4823,0,0
143.78,3,12805.3,617.2,0.01,12867.48,75.9,0.39,-0.98,-0.69,1.0,0.0,1.0,2,3831,888.8,1.7,0.11,-1.19,-39.75,1505,243,2746,-0.0168,0.06,0.292,0.192,-31.67,24.51,565,1549,-2710,0,0,5039,0.0185,0.055,0.145,0.045,-25.08,17.92,564,1842,-5274,0,0,3318,-0.0128,0.025,0.16,0.06,-6.16,-1.0,589,3236,-2111,0,0,6316,0.0225,0.02,0.077,-0.023,-5.89,-1.27,593,4325,-4887,0,0
143.8,3,12805.7,617.44,0.01,12867.83,76.2,0.46,-0.96,-0.72,1.0,0.0,1.0,2,3883,896.8,1.71,0.08,-1.19,-40.21,1513,245,2778,-0.0163,0.024,0.329,0.229,-33.38,26.22,573,1665,-2680,0,0,5061,0.0189,0.017,0.168,0.068,-26.38,19.22,571,2045,-5213,0,0,3394,-0.0119,0.045,0.16,0.06,-6.53,-0.63,604,3355,-2135,0,0,6381,0.0232,0.038,0.104,0.004,-6.21,-0.95,592,4813,-4821,0,0
143.82,3,12806.1,617.67,0.01,12868.19,76.5,0.49,-0.96,-0.75,0.5,0.0,1.0,2,3919,902.4,1.72,0.04,-1.18,-40.21,1521,247,2769,-0.0164,-0.007,0.365,0.265,-35.08,27.92,579,1735,-2622,0,0,5048,0.0187,-0.01,0.191,0.091,-27.8,20.64,576,2202,-5122,0,0,3508,-0.0106,0.067,0.179,0.079,-6.82,-0.34,602,3465,-2222,0,0,6489,0.0245,0.064,0.092,-0.008,-6.41,-0.75,605,4784,-5020,0,0
143.84,3,12806.5,617.9,0.01,12868.55,76.8,0.49,-0.97,-0.78,1.0,0.0,1.0,2,3866,509.4,1.21,0.0,-1.17,-39.68,1530,249,2739,-0.0169,-0.023,0.386,0.286,-36.81,29.65,575,1751,-2568,0,0,5003,0.018,-0.034,0.191,0.091,-29.2,22.04,570,2171,-5069,0,0,3642,-0.009,0.078,0.138,0.038,-7.03,-0.13,593,3385,-2545,0,0,6603,0.0258,0.067,0.079,-0.021,-6.66,-0.51,585,4287,-5466,0,0
143.86,3,12807.0,618.13,0.01,12868.91,77.0,0.41,-1.02,-0.82,1.0,0.0,1.0,2,3851,891.9,1.71,-0.05,-1.17,-38.31,1535,250,2693,-0.0176,-0.035,0.398,0.298,-38.6,31.44,570,1688,-2541,0,0,4941,0.017,-0.048,0.195,0.095,-30.65,23.49,566,2035,-5036,0,0,3776,-0.0074,0.079,0.144,0.044,-7.13,-0.03,591,3298,-2837,0,0,6715,0.0272,0.066,0.071,-0.029,-6.82,-0.34,595,3907,-5802,0,0
143.88,3,12807.4,618.35,0.01,12869.28,77.2,0.41,-1.02,-0.85,1.0,0.0,1.0,2,3895,898.5,1.72,-0.08,-1.18,-36.9,1543,252,2638,-0.0184,-0.042,0.44,0.34,-40.46,33.3,575,1705,-2455,0,0,4891,0.0162,-0.039,0.224,0.124,-32.17,25.01,571,2148,-4924,0,0,3882,-0.0062,0.063,0.143,0.043,-7.16,0.0,606,3491,-2824,0,0,6827,0.0285,0.066,0.094,-0.006,-6.79,-0.37,596,4445,-5687,0,0
143.9,3,12807.8,618.57,0.01,12869.65,77.5,0.44,-1.0,-0.89,1.0,0.0,1.0,2,3920,902.5,1.72,-0.11,-1.19,-35.59,1551,253,2579,-0.0193,-0.046,0.489,0.389,-42.35,35.19,580,1739,-2352,0,0,4845,0.0155,-0.035,0.249,0.149,-33.7,26.54,575,2251,-4818,0,0,3956,-0.0053,0.043,0.16,0.06,-7.22,0.06,602,3616,-2820,0,0,6918,0.0296,0.054,0.086,-0.014,-6.93,-0.23,606,4592,-5749,0,0
143.92,3,12808.3,618.79,0.01,12870.02,77.8,0.45,-0.99,-0.92,1.0,0.0,1.0,2,3936,905.0,1.73,-0.14,-1.2,-34.29,1559,255,2518,-0.0203,-0.047,0.541,0.441,-44.12,36.95,583,1770,-2248,0,0,4804,0.0149,-0.032,0.274,0.174,-35.27,28.1,576,2334,-4725,0,0,4007,-0.0047,0.03,0.148,0.048,-7.27,0.11,612,3657,-2863,0,0,6997,0.0305,0.046,0.101,0.001,-6.96,-0.2,601,4774,-5753,0,0
143.94,3,12808.7,619.0,0.01,12870.39,78.0,0.45,-0.99,-0.96,1.0,0.0,1.0,2,3950,907.2,1.73,-0.15,-1.21,-32.94,1568,257,2465,-0.0211,-0.04,0.596,0.496,-46.21,39.04,586,1791,-2159,0,0,4763,0.0143,-0.031,0.298,0.198,-36.74,29.58,576,2397,-4641,0,0,4050,-0.0042,0.025,0.159,0.059,-7.26,0.1,607,3682,-2904,0,0,7055,0.0312,0.034,0.089,-0.011,-7.0,-0.16,611,4763,-5835,0,0
143.96,3,12809.1,619.22,0.01,12870.77,78.3,0.45,-0.98,-1.0,0.0,0.93,1.0,2,3959,908.6,1.73,-0.17,-1.21,-31.65,1577,259,2425,-0.0217,-0.031,0.659,0.559,-48.3,41.14,588,1824,-2075,0,0,4742,0.014,-0.016,0.321,0.221,-38.43,31.27,576,2445,-4584,0,0,4068,-0.004,0.011,0.147,0.047,-7.3,0.13,616,3695,-2923,0,0,7098,0.0317,0.025,0.102,0.002,-6.98,-0.18,605,4884,-5817,0,0
143.98,3,12809.6,619.43,0.01,12871.15,78.3,0.15,-1.06,-1.0,0.0,1.0,1.0,2,3464,479.7,1.15,-0.16,-1.22,-28.94,1582,259,2396,-0.0221,-0.022,0.412,0.312,-50.18,43.02,478,1426,-2282,1640,1,4728,0.0137,-0.011,0.133,0.033,-40.02,32.85,477,1425,-4916,1640,1,4080,-0.0038,0.007,0.007,-0.093,-7.11,-0.05,524,657,-4155,2943,0,7130,0.032,0.018,-0.045,-0.055,-6.86,-0.31,542,-1250,-6849,2943,0
144.0,3,12810.0,619.63,0.01,12871.54,77.9,-0.46,-1.01,-1.0,0.0,1.0,0.92,2,2991,198.7,0.64,-0.11,-1.22,-24.94,1575,256,2393,-0.0222,-0.002,0.204,0.104,-50.39,43.23,406,840,-2510,1755,1,4738,0.0139,0.008,-0.169,0.069,-40.12,32.96,355,-906,-5030,1755,1,4048,-0.0042,-0.019,-0.054,-0.046,-6.8,-0.36,510,-1342,-3981,3150,0,7114,0.0319,-0.009,-0.057,-0.043,-6.58,-0.59,508,-3436,-6347,3150,0
144.02,3,12810.4,619.83,0.01,12871.91,77.3,-0.81,-0.88,-1.0,0.0,1.0,0.79,2,2560,-132.4,0.2,-0.02,-1.2,-21.57,1567,252,2467,-0.021,0.057,-0.204,0.104,-50.59,43.43,272,-262,-2693,1755,1,4816,0.0151,0.06,-0.208,0.108,-40.44,33.28,331,-1305,-5033,1755,1,3932,-0.0056,-0.068,-0.127,0.027,-6.51,-0.65,477,-2979,-3230,945,1,7005,0.0306,-0.064,-0.141,0.041,-6.36,-0.8,478,-5694,-5076,945,1
144.04,3,12810.9,620.03,0.01,12872.29,76.5,-1.03,-0.7,-1.0,0.0,1.0,0.65,2,2363,-118.8,0.2,0.1,-1.14,-18.8,1561,247,2620,-0.0187,0.118,-0.307,0.207,-50.79,43.63,219,-917,-2739,1755,1,4923,0.0167,0.082,-0.296,0.196,-40.64,33.48,279,-2104,-4909,1755,1,3759,-0.0076,-0.102,-0.134,0.034,-6.4,-0.76,448,-3396,-2680,945,1,6771,0.0278,-0.137,-0.138,0.038,-6.23,-0.93,450,-6223,-4268,945,1
144.06,3,12811.3,620.22,0.01,12872.66,75.7,-1.09,-0.6,-1.0,0.0,1.0,0.52,2,2236,-114.8,0.2,0.25,-1.03,-16.12,1556,242,2858,-0.015,0.183,-0.389,0.289,-51.03,43.86,207,-1274,-2888,1755,1,5037,0.0185,0.088,-0.35,0.25,-40.87,33.7,267,-2515,-4866,1755,1,3537,-0.0102,-0.131,-0.155,0.055,-6.26,-0.9,444,-3373,-2353,945,1,6387,0.0233,-0.226,-0.171,0.071,-6.13,-1.03,449,-6101,-3809,945,1
144.08,3,12811.7,620.41,0.01,12873.03,74.9,-1.1,-0.53,-1.0,0.0,1.0,0.39,2,2168,-109.9,0.2,0.42,-0.91,-13.87,1550,237,3156,-0.0104,0.23,-0.392,0.292,-51.16,44.0,188,-1520,-3131,1755,1,5143,0.0201,0.081,-0.352,0.252,-40.97,33.81,251,-2683,-4905,1755,1,3287,-0.0132,-0.147,-0.172,0.072,-6.12,-1.04,423,-3308,-2000,945,1,5884,0.0174,-0.296,-0.17,0.07,-6.0,-1.16,430,-5807,-3336,945,1
144.1,3,12812.1,620.6,0.01,12873.4,74.1,-1.1,-0.49,-1.0,0.0,1.0,0.25,2,2092,-107.6,0.2,0.59,-0.78,-12.15,1545,232,3494,-0.0052,0.26,-0.439,0.339,-51.33,44.17,182,-1755,-3417,1755,1,5245,0.0217,0.079,-0.381,0.281,-41.13,33.97,244,-2813,-4957,1755,1,3014,-0.0164,-0.161,-0.187,0.087,-6.01,-1.15,416,-3141,-1707,945,1,5304,0.0106,-0.341,-0.181,0.081,-5.87,-1.3,427,-5349,-2919,945,1
144.12,3,12812.5,620.78,0.02,12873.76,73.3,-1.08,-0.44,-1.0,0.0,1.0,0.12,2,1981,-102.1,0.2,0.75,-0.63,-10.8,1534,228,3831,-0.0001,0.259,-0.537,0.437,-51.42,44.26,146,-2161,-3615,1755,1,5320,0.0228,0.057,-0.447,0.347,-41.25,34.08,212,-3143,-4870,1755,1,2738,-0.0196,-0.163,-0.188,0.088,-5.95,-1.21,412,-2891,-1513,945,1,4685,0.0033,-0.364,-0.179,0.079,-5.84,-1.32,424,-4788,-2563,945,1
144.14,3,12812.9,620.96,0.02,12874.12,72.6,-1.05,-0.37,-1.0,0.0,1.0,0.0,1,1881,-96.9,0.2,0.88,-0.49,-9.41,1514,223,4147,0.0048,0.244,-0.662,0.562,-51.45,44.29,101,-2729,-3676,1755,1,5355,0.0234,0.028,-0.549,0.449,-41.36,34.2,170,-3647,-4606,1755,1,2495,-0.0225,-0.143,-0.174,0.074,-5.84,-1.32,413,-2605,-1432,945,1,4074,-0.0039,-0.359,-0.132,0.032,-5.75,-1.41,443,-3976,-2514,945,1
144.16,3,12813.3,621.14,0.02,12874.48,71.8,-1.02,-0.3,-1.0,0.0,1.0,0.0,1,1816,-93.8,0.2,0.98,-0.35,-7.78,1490,219,4437,0.0093,0.223,-0.813,0.713,-51.58,44.42,54,-3348,-3612,1755,1,5370,0.0236,0.011,-0.621,0.521,-41.48,34.32,141,-4018,-4355,1755,1,2319,-0.0245,-0.103,-0.182,0.082,-5.76,-1.4,406,-2443,-1309,945,1,3539,-0.0102,-0.315,-0.131,0.031,-5.65,-1.51,437,-3286,-2380,945,1
144.18,3,12813.7,621.31,0.02,12874.83,71.1,-1.01,-0.23,-1.0,0.0,1.0,0.0,1,1753,-90.8,0.2,1.05,-0.23,-6.17,1460,214,4695,0.0132,0.199,-0.9,0.8,-51.79,44.62,28,-3802,-3584,1755,1,5364,0.0235,-0.005,-0.675,0.575,-41.6,34.44,120,-4234,-4170,1755,1,2220,-0.0257,-0.059,-0.195,0.095,-5.64,-1.52,396,-2388,-1182,945,1,3094,-0.0154,-0.262,-0.134,0.034,-5.6,-1.57,431,-2921,-2058,945,1
144.2,3,12814.1,621.49,0.02,12875.18,70.4,-1.0,-0.18,-1.0,0.0,1.0,0.0,1,1692,-87.9,0.2,1.07,-0.13,-4.63,1423,210,4896,0.0163,0.155,-0.944,0.844,-51.88,44.72,15,-4090,-3602,1755,1,5332,0.023,-0.024,-0.725,0.625,-41.7,34.54,100,-4382,-3993,1755,1,2207,-0.0259,-0.008,-0.202,0.102,-5.52,-1.64,389,-2407,-1121,945,1,2776,-0.0192,-0.187,-0.123,0.023,-5.44,-1.72,430,-2599,-1870,945,1
144.22,3,12814.5,621.66,0.02,12875.53,69.7,-1.02,-0.17,-1.0,0.0,1.0,0.0,1,1633,-85.1,0.2,1.06,-0.07,-3.09,1384,206,5032,0.0184,0.104,-0.964,0.864,-51.95,44.79,10,-4258,-3635,1755,1,5283,0.0223,-0.038,-0.771,0.671,-41.79,34.63,83,-4483,-3826,1755,1,2286,-0.0249,0.047,-0.179,0.079,-5.33,-1.83,396,-2437,-1233,945,1,2614,-0.0211,-0.095,-0.128,0.028,-5.34,-1.82,424,-2483,-1729,945,1
144.24,3,12814.9,621.83,0.02,12875.87,68.9,-1.03,-0.18,-1.0,0.0,1.0,0.0,1,1576,-82.4,0.2,1.03,-0.05,-1.32,1342,201,5111,0.0196,0.061,-0.977,0.877,-52.0,44.84,6,-4355,-3653,1755,1,5247,0.0217,-0.027,-0.806,0.706,-41.77,34.61,69,-4553,-3703,1755,1,2418,-0.0234,0.077,-0.144,0.044,-5.15,-2.01,410,-2427,-1469,945,1,2596,-0.0213,-0.011,-0.127,0.027,-5.12,-2.04,419,-2480,-1686,945,1
144.26,3,12815.2,621.99,0.02,12876.21,68.2,-1.07,-0.21,-1.0,0.0,1.0,0.0,1,1521,-79.7,0.2,0.98,-0.05,1.04,1302,197,5136,0.02,0.02,-0.929,0.829,-52.01,44.85,20,-4393,-3651,1755,1,5225,0.0214,-0.017,-0.829,0.729,-41.88,34.72,60,-4592,-3628,1755,1,2595,-0.0213,0.104,-0.126,0.026,-4.79,-2.37,415,-2512,-1624,945,1,2711,-0.0199,0.067,-0.147,0.047,-4.84,-2.32,405,-2641,-1680,945,1
144.28,3,12815.6,622.16,0.01,12876.55,67.4,-1.11,-0.21,-1.0,0.0,1.0,0.0,1,1468,-76.7,0.2,0.94,-0.07,3.63,1266,192,5133,0.02,-0.002,-0.972,0.872,-52.02,44.85,7,-4368,-3672,1755,1,5229,0.0214,0.003,-0.835,0.735,-41.9,34.74,57,-4612,-3611,1755,1,2778,-0.0191,0.108,-0.126,0.026,-4.39,-2.77,412,-2754,-1623,945,1,2903,-0.0177,0.113,-0.134,0.034,-4.42,-2.74,406,-2906,-1665,945,1
144.3,3,12816.0,622.32,0.01,12876.88,66.6,-1.13,-0.21,-1.0,0.0,1.0,0.0,1,1417,-73.5,0.2,0.89,-0.11,6.3,1230,187,5109,0.0196,-0.019,-0.956,0.856,-51.97,44.81,12,-4331,-3674,1755,1,5250,0.0218,0.016,-0.832,0.732,-41.85,34.69,58,-4626,-3629,1755,1,2941,-0.0172,0.096,-0.143,0.043,-3.96,-3.2,401,-2975,-1592,945,1,3125,-0.0151,0.131,-0.129,0.029,-3.94,-3.23,402,-3158,-1680,945,1
144.32,3,12816.3,622.48,0.01,12877.21,65.7,-1.15,-0.2,-1.0,0.0,1.0,0.0,1,1368,-70.3,0.2,0.84,-0.15,8.96,1197,183,5069,0.019,-0.03,-0.956,0.856,-51.78,44.62,12,-4303,-3645,1755,1,5278,0.0222,0.022,-0.826,0.726,-41.81,34.64,59,-4635,-3662,1755,1,3096,-0.0154,0.091,-0.142,0.042,-3.45,-3.71,398,-3208,-1507,945,1,3369,-0.0122,0.144,-0.14,0.04,-3.49,-3.67,393,-3423,-1692,945,1
144.34,3,12816.7,622.64,0.01,12877.53,64.9,-1.18,-0.19,-1.0,0.0,1.0,0.0,1,1321,-67.3,0.2,0.81,-0.19,11.53,1165,178,5020,0.0182,-0.038,-0.963,0.863,-51.76,44.6,9,-4268,-3607,1755,1,5311,0.0227,0.025,-0.816,0.716,-41.7,34.54,62,-4643,-3703,1755,1,3223,-0.0139,0.075,-0.13,0.03,-2.92,-4.25,399,-3402,-1389,945,1,3604,-0.0094,0.138,-0.124,0.024,-2.95,-4.21,395,-3732,-1605,945,1
144.36,3,12817.1,622.79,0.01,12877.85,64.0,-1.2,-0.17,-1.0,0.0,1.0,0.0,1,1276,-64.5,0.2,0.79,-0.21,13.94,1139,173,4985,0.0177,-0.027,-0.969,0.869,-51.54,44.38,8,-4250,-3573,1755,1,5345,0.0232,0.026,-0.806,0.706,-41.53,34.36,64,-4651,-3747,1755,1,3330,-0.0127,0.063,-0.138,0.038,-2.3,-4.86,391,-3582,-1210,945,1,3802,-0.0071,0.116,-0.118,0.018,-2.38,-4.79,379,-3991,-1461,3150,0
144.38,3,12817.4,622.95,0.01,12878.17,63.2,-1.21,-0.13,-1.0,0.0,1.0,0.0,1,1233,-61.7,0.2,0.77,-0.23,16.1,1111,169,4958,0.0173,-0.02,-0.971,0.871,-51.34,44.18,7,-4237,-3549,1755,1,5365,0.0235,0.015,-0.8,0.7,-41.39,34.23,65,-4656,-3772,1755,1,3391,-0.0119,0.036,-0.118,0.018,-1.77,-5.39,383,-3665,-1043,3150,0,3923,-0.0057,0.072,-0.134,0.034,-1.83,-5.33,381,-4206,-1231,945,1
144.4,3,12817.8,623.1,0.01,12878.48,62.3,-1.21,-0.09,-1.0,0.0,1.0,0.0,1,1192,-59.1,0.2,0.77,-0.21,17.89,1083,164,4941,0.017,-0.013,-0.967,0.867,-51.18,44.02,8,-4227,-3534,1755,1,5376,0.0237,0.008,-0.797,0.697,-41.17,34.01,65,-4666,-3778,1755,1,3429,-0.0115,0.022,-0.124,0.024,-1.23,-5.93,390,-3779,-796,945,1,3997,-0.0048,0.044,-0.114,0.014,-1.18,-5.98,368,-4331,-940,3150,0
144.42,3,12818.1,623.24,0.01,12878.79,61.5,-1.21,-0.05,-1.0,0.0,1.0,0.0,1,1152,-56.6,0.2,0.77,-0.18,19.22,1056,160,4962,0.0173,0.016,-0.936,0.836,-50.93,43.77,17,-4259,-3534,1755,1,5369,0.0236,-0.005,-0.803,0.703,-40.94,33.78,63,-4682,-3752,1755,1,3463,-0.0111,0.02,-0.125,0.025,-0.68,-6.49,384,-3855,-547,945,1,3995,-0.0048,-0.001,-0.114,0.014,-0.75,-6.42,364,-4386,-675,3150,0
144.44,3,12818.4,623.39,0.01,12879.09,60.6,-1.21,-0.02,-1.0,0.0,1.0,0.0,1,1115,-54.2,0.2,0.78,-0.15,20.14,1028,155,4997,0.0179,0.027,-0.975,0.875,-50.62,43.45,6,-4294,-3551,1755,1,5350,0.0233,-0.014,-0.813,0.713,-40.64,33.48,59,-4706,-3700,1755,1,3495,-0.0107,0.019,-0.122,0.022,-0.24,-6.92,382,-3903,-333,945,1,3957,-0.0053,-0.023,-0.127,0.027,-0.26,-6.9,367,-4405,-391,945,1
144.46,3,12818.8,623.54,0.01,12879.39,59.8,-1.2,0.02,-1.0,0.0,1.0,0.0,1,1079,-51.8,0.2,0.78,-0.11,20.79,1001,151,5030,0.0184,0.026,-0.928,0.828,-50.31,43.15,19,-4342,-3553,1755,1,5320,0.0229,-0.023,-0.829,0.729,-40.34,33.18,54,-4732,-3627,1755,1,3524,-0.0104,0.017,-0.113,0.013,0.22,-6.94,366,-3940,-100,3150,0,3904,-0.0059,-0.031,-0.11,0.01,0.24,-6.92,355,-4320,-118,3150,0
144.48,3,12819.1,623.68,0.01,12879.69,58.9,-1.2,0.06,-1.0,0.0,1.0,0.0,1,1044,-49.6,0.2,0.79,-0.07,21.12,975,147,5070,0.019,0.03,-0.957,0.857,-50.05,42.89,11,-4348,-3606,1755,1,5290,0.0224,-0.024,-0.843,0.743,-40.02,32.86,49,-4756,-3554,1755,1,3546,-0.0101,0.013,-0.135,0.035,0.72,-6.45,365,-3989,147,945,1,3833,-0.0067,-0.041,-0.134,0.034,0.68,-6.48,353,-4263,138,945,1
144.5,3,12819.4,623.82,0.01,12879.98,58.1,-1.19,0.09,-1.0,0.0,1.0,0.0,1,1011,-47.5,0.2,0.8,-0.03,21.22,948,143,5116,0.0197,0.035,-0.975,0.875,-49.74,42.58,6,-4428,-3594,1755,1,5257,0.0219,-0.025,-0.855,0.755,-39.73,32.56,44,-4774,-3485,1755,1,3561,-0.0099,0.009,-0.128,0.028,1.01,-6.15,364,-3983,323,945,1,3746,-0.0078,-0.051,-0.134,0.034,1.05,-6.12,348,-4191,338,945,1
144.52,3,12819.7,623.96,0.01,12880.26,57.2,-1.22,0.09,-1.0,0.0,1.0,0.0,1,979,-45.5,0.2,0.82,0.02,21.36,922,139,5167,0.0205,0.039,-0.981,0.881,-49.45,42.29,4,-4501,-3594,1755,1,5218,0.0213,-0.03,-0.872,0.772,-39.36,32.2,39,-4791,-3403,1755,1,3587,-0.0096,0.015,-1.063,0.963,1.41,-5.75,23,-4326,92,6000,0,3655,-0.0088,-0.054,-0.93,0.83,1.45,-5.71,0,-4403,94,6000,0
144.54,3,12820.1,624.1,0.01,12880.54,56.4,-1.22,0.09,-1.0,0.0,1.0,0.0,1,949,-43.6,0.2,0.83,0.07,21.57,896,134,5220,0.0213,0.041,-0.977,0.877,-49.14,41.98,6,-4558,-3616,1755,1,5174,0.0206,-0.034,-0.889,0.789,-39.1,31.94,33,-4802,-3318,1755,1,3605,-0.0094,0.011,-0.951,0.851,1.79,-5.37,-8,-4335,99,6000,0,3545,-0.0101,-0.065,-0.939,0.839,1.84,-5.32,-4,-4264,98,6000,0
144.56,3,12820.4,624.23,0.01,12880.82,55.5,-1.21,0.09,-1.0,0.0,1.0,0.0,1,920,-41.7,0.2,0.84,0.1,21.78,870,130,5269,0.0221,0.038,-0.968,0.868,-48.78,41.61,8,-4599,-3647,1755,1,5138,0.0201,-0.027,-0.901,0.801,-38.76,31.6,30,-4811,-3250,1755,1,3612,-0.0093,0.004,-0.911,0.811,2.27,-4.9,7,-4340,128,6000,0,3441,-0.0113,-0.061,-0.938,0.838,2.29,-4.87,-5,-4143,121,6000,0
144.58,3,12820.7,624.37,0.01,12881.09,54.7,-1.2,0.1,-1.0,0.0,1.0,0.0,1,892,-39.9,0.2,0.85,0.11,22.05,844,126,5302,0.0226,0.026,-0.962,0.862,-48.46,41.3,10,-4629,-3667,1755,1,5118,0.0197,-0.015,-0.901,0.801,-38.42,31.26,29,-4812,-3216,1755,1,3597,-0.0095,-0.009,-1.007,0.907,2.66,-4.5,46,-4321,153,6000,0,3356,-0.0123,-0.05,-0.948,0.848,2.76,-4.41,-9,-4045,148,6000,0
144.6,3,12821.0,624.5,0.01,12881.36,53.8,-1.19,0.1,-1.0,0.0,1.0,0.0,1,865,-38.2,0.2,0.86,0.14,22.32,817,123,5325,0.0229,0.018,-0.957,0.857,-48.15,40.98,11,-4653,-3678,1755,1,5105,0.0195,-0.01,-0.895,0.795,-38.09,30.93,31,-4807,-3202,1755,1,3580,-0.0097,-0.01,-0.983,0.883,3.11,-4.05,-21,-4300,184,6000,0,3292,-0.0131,-0.038,-0.888,0.788,3.27,-3.89,12,-3968,177,6000,0
144.62,3,12821.3,624.63,0.01,12881.62,53.0,-1.2,0.11,-1.0,0.0,1.0,0.0,1,842,-20.4,0.23,0.87,0.15,22.47,793,119,5360,0.0235,0.027,-0.943,0.843,-47.83,40.66,14,-4672,-3712,1755,1,5096,0.0194,-0.007,-0.887,0.787,-37.65,30.49,33,-4802,-3196,1755,1,3583,-0.0097,0.002,-1.019,0.919,3.6,-3.57,42,-4301,214,6000,0,3238,-0.0137,-0.031,-1.044,0.944,3.68,-3.48,32,-3905,199,6000,0
144.64,3,12821.5,624.76,0.01,12881.88,52.1,-1.19,0.11,-1.0,0.0,1.0,0.0,1,836,-3.3,0.25,0.86,0.15,22.62,767,115,5365,0.0235,0.004,-0.943,0.843,-47.48,40.32,14,-4686,-3706,1755,1,5078,0.0191,-0.014,-0.887,0.787,-37.37,30.21,32,-4798,-3172,1755,1,3581,-0.0097,-0.001,-0.91,0.81,3.97,-3.2,5,-4298,245,6000,0,3205,-0.0141,-0.019,-0.993,0.893,4.14,-3.02,-27,-3865,226,6000,0
144.66,3,12821.8,624.89,0.01,12882.14,51.3,-1.2,0.12,-1.0,0.0,1.0,0.0,1,835,-0.5,0.26,0.86,0.14,22.84,742,111,5359,0.0235,-0.004,-0.948,0.848,-47.11,39.95,13,-4705,-3679,1755,1,5070,0.019,-0.006,-0.879,0.779,-37.02,29.86,34,-4793,-3166,1755,1,3579,-0.0097,-0.001,-1.007,0.907,4.46,-2.7,46,-4293,271,6000,0,3200,-0.0142,-0.003,-1.006,0.906,4.61,-2.56,46,-3857,251,6000,0
144.68,3,12822.1,625.01,0.01,12882.39,50.4,-1.2,0.12,-1.0,0.0,1.0,0.0,1,835,-0.1,0.26,0.86,0.13,23.14,718,108,5344,0.0232,-0.012,-0.957,0.857,-46.79,39.63,11,-4726,-3635,1755,1,5073,0.019,0.002,-0.863,0.763,-36.65,29.49,38,-4786,-3183,1755,1,3566,-0.0099,-0.008,-0.983,0.883,4.88,-2.28,-22,-4276,303,6000,0,3211,-0.014,0.006,-0.927,0.827,5.09,-2.08,-4,-3867,283,6000,0
144.7,3,12822.4,625.14,0.01,12882.63,49.6,-1.19,0.13,-1.0,0.0,1.0,0.0,1,835,0.0,0.26,0.85,0.13,23.43,695,104,5320,0.0228,-0.019,-0.972,0.872,-46.44,39.28,7,-4749,-3573,1755,1,5065,0.0189,-0.006,-0.856,0.756,-36.27,29.11,39,-4780,-3179,1755,1,3557,-0.01,-0.005,-0.876,0.776,5.32,-1.84,16,-4263,332,6000,0,3223,-0.0139,0.007,-1.071,0.971,5.64,-1.53,24,-3878,313,6000,0
144.72,3,12822.7,625.26,0.01,12882.88,48.8,-1.17,0.14,-1.0,0.0,1.0,0.0,1,835,0.0,0.26,0.85,0.14,23.66,672,101,5295,0.0225,-0.019,-0.985,0.885,-46.15,38.99,4,-4768,-3514,1755,1,5037,0.0185,-0.021,-0.865,0.765,-35.92,28.76,36,-4783,-3130,1755,1,3558,-0.01,0.0,-0.98,0.88,5.81,-1.35,-21,-4260,363,6000,0,3221,-0.0139,-0.001,-0.996,0.896,6.1,-1.06,-28,-3873,344,6000,0
144.74,3,12822.9,625.38,0.01,12883.11,47.9,-1.16,0.15,-1.0,0.0,1.0,0.0,1,835,0.0,0.26,0.85,0.15,23.83,649,97,5281,0.0223,-0.01,-0.985,0.885,-45.8,38.63,4,-4778,-3483,1755,1,5006,0.018,-0.024,-0.878,0.778,-35.64,28.48,33,-4791,-3066,1755,1,3560,-0.01,0.001,-0.944,0.844,6.36,-0.8,-9,-4259,402,6000,0,3199,-0.0142,-0.013,-0.935,0.835,6.66,-0.5,-8,-3843,371,6000,0
144.76,3,12823.2,625.5,0.01,12883.35,47.1,-1.17,0.15,-1.0,0.0,1.0,0.0,1,835,0.0,0.26,0.86,0.16,24.0,628,94,5291,0.0224,0.007,-0.967,0.867,-45.46,38.3,8,-4775,-3502,1755,1,4994,0.0178,-0.009,-0.872,0.772,-35.26,28.1,34,-4793,-3045,1755,1,3551,-0.0101,-0.005,-1.06,0.96,6.83,-0.33,28,-4245,425,6000,0,3164,-0.0146,-0.021,-0.976,0.876,7.16,0.0,-21,-3798,402,6000,0
144.78,3,12823.4,625.61,0.01,12883.58,46.3,-1.16,0.16,-1.0,0.5,0.0,0.0,1,835,0.0,0.26,0.85,0.17,24.17,605,91,5294,0.0225,0.003,-0.953,0.853,-45.1,37.94,11,-4766,-3521,1755,1,4983,0.0177,-0.009,-0.867,0.767,-34.83,27.67,35,-4792,-3029,1755,1,3531,-0.0103,-0.012,-0.958,0.858,7.19,0.03,-14,-4218,454,6000,0,3124,-0.0151,-0.023,-0.931,0.831,7.56,0.39,-8,-3749,419,6000,0
144.8,3,12823.7,625.73,0.01,12883.8,45.4,-1.16,0.11,-1.0,0.5,0.0,0.0,1,894,159.2,0.53,0.85,0.18,23.76,583,87,5290,0.0224,-0.003,-0.31,0.21,-44.68,37.52,169,-3871,-4344,0,0,4957,0.0173,-0.02,-0.291,0.191,-34.43,27.27,189,-3983,-3869,0,0,3537,-0.0102,0.003,-0.605,0.505,7.68,0.52,138,-4213,612,0,0,3100,-0.0154,-0.014,-0.633,0.533,8.22,1.05,121,-3710,554,0,0
144.82,3,12823.9,625.84,0.01,12884.02,44.7,-1.09,-0.11,-1.0,0.5,0.0,0.0,1,1032,210.7,0.62,0.84,0.15,20.55,564,85,5287,0.0223,-0.002,0.098,-0.002,-43.73,36.57,255,-1057,-5529,0,0,4935,0.0169,-0.017,0.081,-0.019,-33.48,26.32,276,-1066,-5246,0,0,3547,-0.0101,0.006,-0.122,0.022,8.12,0.96,288,-3964,1517,0,0,3086,-0.0155,-0.008,-0.207,0.107,8.37,1.21,249,-3548,1136,0,0
144.84,3,12824.2,625.95,0.01,12884.24,44.2,-0.68,-0.16,-1.0,1.0,0.0,0.03,1,1184,221.9,0.64,0.82,0.09,13.68,549,83,5234,0.0215,-0.041,0.09,-0.01,-42.51,35.34,250,538,-5546,0,0,4955,0.0172,0.016,0.06,-0.04,-32.23,25.07,270,563,-5345,0,0,3500,-0.0106,-0.027,0.103,0.003,7.8,0.64,340,1185,3621,0,0,3136,-0.0149,0.029,0.129,0.029,8.06,0.9,340,276,3398,0,0
144.86,3,12824.4,626.06,0.01,12884.46,44.0,-0.27,-0.06,-1.0,1.0,0.0,0.0,1,1388,344.9,0.97,0.77,0.03,5.27,540,82,5141,0.0201,-0.072,0.0,-0.1,-41.4,34.23,231,313,-5475,0,0,4974,0.0175,0.014,-0.027,-0.073,-31.18,24.02,254,76,-5400,0,0,3476,-0.0109,-0.015,-0.027,-0.073,7.06,-0.1,299,164,3660,0,0,3258,-0.0135,0.072,-0.024,-0.076,7.14,-0.03,295,467,3453,0,0
144.88,3,12824.7,626.16,0.01,12884.68,43.7,-0.46,0.03,-1.0,1.0,0.0,0.0,1,1677,469.9,1.19,0.7,-0.01,-2.81,530,81,4993,0.0178,-0.113,-0.026,-0.074,-40.53,33.37,226,-62,-5342,0,0,4940,0.017,-0.026,-0.03,-0.07,-30.37,23.2,257,-265,-5371,0,0,3520,-0.0104,0.026,0.009,-0.091,6.01,-1.16,306,-104,3564,0,0,3451,-0.0112,0.114,-0.003,-0.097,5.97,-1.19,305,-494,3495,0,0
144.9,3,12824.9,626.27,0.01,12884.9,43.4,-0.43,0.05,-1.0,1.0,0.0,0.06,1,2044,545.3,1.27,0.62,-0.04,-10.57,519,80,4833,0.0154,-0.123,-0.015,-0.085,-39.84,32.68,227,-133,-5187,0,0,4859,0.0158,-0.063,-0.019,-0.081,-29.91,22.75,262,-242,-5297,0,0,3607,-0.0094,0.051,-0.015,-0.085,4.79,-2.37,293,34,3387,0,0,3641,-0.009,0.111,-0.034,-0.066,4.68,-2.48,293,-424,3395,0,0
144.92,3,12825.2,626.38,0.01,12885.11,43.0,-0.57,0.02,-1.0,1.0,0.0,0.16,1,2572,662.1,1.4,0.55,-0.04,-17.7,507,78,4678,0.013,-0.12,-0.027,-0.073,-39.28,32.12,222,-161,-5035,0,0,4749,0.0141,-0.084,-0.036,-0.064,-29.55,22.39,258,-305,-5188,0,0,3720,-0.0081,0.067,-0.05,-0.05,3.52,-3.64,277,-1617,2958,0,0,3814,-0.007,0.102,-0.088,-0.012,3.41,-3.76,279,-2603,2781,0,0
144.94,3,12825.4,626.48,0.01,12885.33,42.7,-0.41,-0.06,-1.0,1.0,0.0,0.26,1,3100,761.0,1.53,0.49,-0.04,-24.0,498,77,4547,0.011,-0.1,0.225,0.125,-38.92,31.76,281,817,-4850,0,0,4632,0.0123,-0.09,0.105,0.005,-29.28,22.12,300,434,-5064,0,0,3833,-0.0067,0.066,0.137,0.037,2.28,-4.88,325,3396,2084,0,0,3943,-0.0054,0.076,0.07,-0.03,2.14,-5.02,329,1944,2403,0,0
144.96,3,12825.6,626.58,0.01,12885.54,42.8,0.15,-0.24,-1.0,1.0,0.0,0.36,1,3314,802.2,1.58,0.4,-0.07,-29.97,497,78,4421,0.009,-0.097,0.307,0.207,-38.61,31.45,298,1919,-4440,0,0,4507,0.0103,-0.096,0.146,0.046,-29.01,21.85,313,1298,-4801,0,0,3943,-0.0054,0.065,0.145,0.045,1.14,-6.02,324,4120,1308,0,0,4056,-0.0041,0.066,0.055,-0.045,1.01,-6.15,334,2963,1604,0,0
144.98,3,12825.9,626.69,0.01,12885.76,43.1,0.32,-0.34,-1.0,0.5,0.0,0.46,1,3449,829.2,1.61,0.3,-0.13,-35.24,500,78,4227,0.006,-0.149,0.357,0.257,-38.27,31.11,311,2228,-4096,0,0,4360,0.0081,-0.113,0.169,0.069,-29.0,21.84,325,1530,-4582,0,0,4068,-0.004,0.073,0.187,0.087,0.18,-6.99,351,4647,584,0,0,4242,-0.0019,0.109,0.118,0.018,0.01,-7.15,344,4067,763,0,0
145.0,3,12826.1,626.79,0.02,12885.98,43.4,0.46,-0.44,-1.0,0.5,0.0,0.56,1,3411,469.5,1.14,0.19,-0.23,-39.81,503,80,3966,0.002,-0.201,0.42,0.32,-38.2,31.03,326,2457,-3671,0,0,4223,0.006,-0.106,0.201,0.101,-28.97,21.8,337,1819,-4334,0,0,4149,-0.003,0.048,0.245,0.145,-0.9,-6.26,350,4899,39,0,0,4485,0.0009,0.143,0.109,0.009,-0.85,-6.31,357,4888,46,0,0
145.02,3,12826.4,626.89,0.02,12886.2,43.8,0.46,-0.49,-1.0,1.0,0.0,0.66,1,3114,309.2,0.87,0.07,-0.34,-43.38,507,81,3642,-0.003,-0.249,0.323,0.223,-38.16,31.0,304,2127,-3463,0,0,4078,0.0037,-0.111,0.123,0.023,-28.99,21.83,318,1458,-4297,0,0,4214,-0.0023,0.038,0.08,-0.02,-1.78,-5.38,314,4671,-468,0,0,4784,0.0045,0.176,-0.01,-0.09,-1.59,-5.57,314,2338,-673,0,0
145.04,3,12826.6,626.99,0.02,12886.42,43.9,0.13,-0.53,-1.0,1.0,0.0,0.76,1,3181,616.5,1.32,-0.03,-0.48,-44.64,507,81,3283,-0.0085,-0.276,0.302,0.202,-38.39,31.23,301,1652,-3269,0,0,3945,0.0017,-0.102,0.11,0.01,-29.31,22.15,317,1000,-4269,0,0,4234,-0.002,0.012,0.149,0.049,-2.33,-4.83,335,4526,-947,0,0,5100,0.0082,0.186,0.036,-0.064,-2.21,-4.95,336,1289,-1457,0,0
145.06,3,12826.9,627.09,0.02,12886.65,44.1,0.34,-0.55,-1.0,0.5,0.0,0.86,1,3484,833.9,1.62,-0.12,-0.61,-46.27,507,82,2923,-0.014,-0.278,0.461,0.361,-38.7,31.54,338,1823,-2749,0,0,3845,0.0002,-0.077,0.201,0.101,-29.57,22.41,345,1439,-4042,0,0,4185,-0.0026,-0.029,0.233,0.133,-3.0,-4.17,369,4839,-863,0,0,5392,0.0116,0.172,0.128,0.028,-2.73,-4.43,359,5110,-1771,0,0
145.08,3,12827.1,627.18,0.02,12886.88,44.5,0.54,-0.55,-1.0,0.5,0.0,0.96,1,3534,482.5,1.16,-0.2,-0.73,-48.31,510,84,2588,-0.0192,-0.257,0.536,0.436,-38.96,31.8,352,1926,-2249,0,0,3764,-0.0011,-0.063,0.228,0.128,-29.91,22.74,353,1801,-3814,0,0,4129,-0.0033,-0.033,0.219,0.119,-3.75,-3.41,362,4792,-972,0,0,5666,0.0148,0.161,0.101,0.001,-3.45,-3.71,353,5490,-2267,0,0
145.1,3,12827.4,627.28,0.02,12887.11,44.9,0.46,-0.62,-1.0,1.0,0.0,1.0,1,3286,314.6,0.89,-0.28,-0.83,-49.01,512,85,2280,-0.0239,-0.237,0.432,0.332,-39.4,32.24,329,1586,-2069,0,0,3688,-0.0023,-0.058,0.147,0.047,-30.33,23.17,330,1428,-3865,0,0,4089,-0.0037,-0.023,0.111,0.011,-4.36,-2.8,331,4414,-1663,0,0,5930,0.0179,0.156,0.016,-0.084,-4.0,-3.16,331,2627,-3529,0,0
145.12,3,12827.6,627.37,0.02,12887.34,45.0,0.22,-0.68,-1.0,0.5,0.0,1.0,1,3361,645.1,1.36,-0.32,-0.91,-47.71,511,86,2028,-0.0278,-0.194,0.435,0.335,-39.97,32.81,331,1313,-1908,0,0,3627,-0.0032,-0.047,0.151,0.051,-30.84,23.67,332,1149,-3877,0,0,4066,-0.004,-0.014,0.177,0.077,-4.6,-2.57,343,4228,-1943,0,0,6157,0.0206,0.134,0.045,-0.055,-4.2,-2.97,356,2171,-4033,0,0
145.14,3,12827.9,627.47,0.02,12887.57,45.3,0.37,-0.67,-1.0,0.5,0.0,1.0,1,3530,319.9,0.91,-0.34,-0.97,-47.1,513,87,1862,-0.0304,-0.128,0.512,0.412,-40.51,33.35,337,1294,-1701,0,0,3612,-0.0034,-0.012,0.205,0.105,-31.25,24.09,337,1365,-3793,0,0,4026,-0.0045,-0.024,0.209,0.109,-4.85,-2.31,331,4359,-1757,0,0,6314,0.0225,0.092,0.143,0.043,-4.36,-2.8,320,4286,-3997,0,0
145.16,3,12828.1,627.56,0.02,12887.81,45.6,0.38,-0.71,-1.0,0.5,0.0,1.0,1,3545,320.3,0.91,-0.33,-1.0,-46.4,517,88,1777,-0.0317,-0.065,0.53,0.43,-40.92,33.76,339,1267,-1605,0,0,3631,-0.0031,0.015,0.21,0.11,-31.64,24.48,338,1433,-3789,0,0,3992,-0.0049,-0.02,0.269,0.169,-5.0,-2.17,321,4283,-1833,0,0,6416,0.0237,0.06,0.087,-0.013,-4.64,-2.52,334,4081,-4323,0,0
145.18,3,12828.4,627.64,0.02,12888.05,45.8,0.37,-0.73,-1.0,0.5,0.0,1.0,1,3564,320.9,0.91,-0.31,-1.01,-45.75,522,89,1763,-0.0319,-0.011,0.531,0.431,-41.38,34.22,340,1252,-1595,0,0,3684,-0.0023,0.041,0.214,0.114,-32.0,24.84,339,1464,-3836,0,0,3956,-0.0053,-0.021,0.207,0.107,-5.17,-1.99,336,4220,-1882,0,0,6468,0.0243,0.031,0.146,0.046,-4.77,-2.39,325,4239,-4445,0,0
145.2,3,12828.6,627.73,0.02,12888.29,46.1,0.36,-0.77,-1.0,0.5,0.0,1.0,1,3560,320.8,0.91,-0.27,-1.02,-45.37,528,90,1819,-0.031,0.043,0.52,0.42,-41.71,34.54,338,1262,-1661,0,0,3766,-0.0011,0.063,0.207,0.107,-32.25,25.09,337,1428,-3937,0,0,3925,-0.0057,-0.019,0.267,0.167,-5.44,-1.73,325,4160,-1939,0,0,6471,0.0243,0.002,0.088,-0.012,-4.98,-2.18,338,4105,-4617,0,0
145.22,3,12828.9,627.81,0.02,12888.53,46.3,0.33,-0.8,-1.0,0.5,0.0,1.0,1,3569,321.0,0.91,-0.23,-1.02,-45.05,535,91,1914,-0.0296,0.073,0.518,0.418,-41.98,34.82,338,1312,-1755,0,0,3867,0.0005,0.078,0.206,0.106,-32.46,25.29,337,1439,-4043,0,0,3896,-0.006,-0.017,0.204,0.104,-5.59,-1.57,340,4068,-2034,0,0,6451,0.0241,-0.012,0.147,0.047,-5.13,-2.03,328,4060,-4715,0,0
145.24,3,12829.1,627.89,0.02,12888.78,46.5,0.31,-0.83,-1.0,0.5,0.0,1.0,1,3575,321.2,0.91,-0.19,-1.03,-44.9,543,91,2029,-0.0278,0.089,0.521,0.421,-42.17,35.01,337,1393,-1855,0,0,3990,0.0024,0.094,0.207,0.107,-32.75,25.58,338,1463,-4168,0,0,3858,-0.0064,-0.022,0.266,0.166,-5.74,-1.43,328,4020,-2047,0,0,6421,0.0237,-0.017,0.09,-0.01,-5.29,-1.88,342,3903,-4829,0,0
145.26,3,12829.4,627.97,0.02,12889.03,46.7,0.3,-0.85,-1.0,0.5,0.0,1.0,1,3590,321.2,0.91,-0.15,-1.03,-44.7,551,92,2136,-0.0261,0.082,0.524,0.424,-42.47,35.31,339,1460,-1953,0,0,4109,0.0042,0.092,0.207,0.107,-32.94,25.77,338,1512,-4282,0,0,3822,-0.0069,-0.021,0.21,0.11,-5.77,-1.39,343,3976,-2048,0,0,6402,0.0235,-0.012,0.146,0.046,-5.37,-1.79,332,3861,-4886,0,0
145.28,3,12829.7,628.04,0.02,12889.28,46.9,0.3,-0.87,-1.0,0.5,0.0,1.0,1,3602,321.2,0.92,-0.11,-1.03,-44.54,559,93,2235,-0.0246,0.076,0.519,0.419,-42.6,35.44,339,1513,-2047,0,0,4213,0.0058,0.08,0.205,0.105,-33.1,25.93,338,1539,-4386,0,0,3795,-0.0072,-0.016,0.265,0.165,-5.96,-1.2,333,3908,-2105,0,0,6382,0.0232,-0.012,0.092,-0.008,-5.45,-1.71,346,3791,-4938,0,0
145.3,3,12829.9,628.11,0.02,12889.53,47.1,0.29,-0.88,-1.0,0.5,0.0,1.0,1,3620,321.3,0.92,-0.09,-1.04,-44.42,566,94,2323,-0.0233,0.068,0.53,0.43,-42.8,35.64,341,1581,-2119,0,0,4307,0.0073,0.073,0.214,0.114,-33.24,26.07,342,1608,-4466,0,0,3765,-0.0075,-0.018,0.2,0.1,-6.03,-1.13,346,3838,-2151,0,0,6360,0.023,-0.013,0.144,0.044,-5.51,-1.65,335,3844,-4943,0,0
145.32,3,12830.2,628.18,0.02,12889.78,47.3,0.29,-0.88,-1.0,0.5,0.0,1.0,1,3633,321.3,0.92,-0.06,-1.06,-44.34,574,95,2391,-0.0222,0.052,0.529,0.429,-42.95,35.79,342,1625,-2179,0,0,4396,0.0086,0.068,0.213,0.113,-33.36,26.2,342,1633,-4553,0,0,3730,-0.0079,-0.021,0.262,0.162,-6.07,-1.09,336,3827,-2107,0,0,6351,0.0229,-0.005,0.089,-0.011,-5.61,-1.55,349,3764,-5006,0,0
145.34,3,12830.4,628.25,0.01,12890.04,47.5,0.29,-0.88,-1.0,0.5,0.0,1.0,1,3652,321.4,0.92,-0.04,-1.07,-44.3,580,95,2445,-0.0214,0.041,0.541,0.441,-42.99,35.83,346,1676,-2216,0,0,4473,0.0098,0.059,0.221,0.121,-33.42,26.26,345,1699,-4614,0,0,3689,-0.0084,-0.024,0.197,0.097,-6.24,-0.92,348,3739,-2159,0,0,6341,0.0228,-0.006,0.142,0.042,-5.62,-1.55,337,3874,-4977,0,0
145.36,3,12830.7,628.31,0.01,12890.3,47.7,0.29,-0.9,-1.0,0.5,0.0,1.0,1,3664,321.4,0.92,-0.02,-1.08,-44.24,587,96,2496,-0.0206,0.039,0.542,0.442,-43.28,36.12,346,1709,-2261,0,0,4547,0.011,0.057,0.222,0.122,-33.67,26.51,345,1731,-4683,0,0,3655,-0.0088,-0.02,0.261,0.161,-6.34,-0.82,339,3728,-2119,0,0,6337,0.0227,-0.002,0.087,-0.013,-5.79,-1.37,351,3687,-5093,0,0
145.38,3,12831.0,628.37,0.01,12890.56,47.9,0.29,-0.9,-1.0,0.5,0.0,1.0,1,3685,321.5,0.92,-0.01,-1.09,-44.05,593,97,2526,-0.0201,0.023,0.549,0.449,-43.45,36.29,347,1743,-2278,0,0,4599,0.0118,0.04,0.224,0.124,-33.82,26.66,347,1774,-4724,0,0,3627,-0.0092,-0.016,0.199,0.099,-6.42,-0.75,353,3654,-2170,0,0,6338,0.0227,0.001,0.145,0.045,-5.86,-1.3,341,3876,-5073,0,0
145.4,3,12831.2,628.42,0.01,12890.82,48.1,0.29,-0.9,-1.0,0.5,0.0,1.0,1,3700,321.5,0.93,0.0,-1.1,-43.84,600,98,2547,-0.0198,0.016,0.545,0.445,-43.64,36.48,347,1763,-2291,0,0,4641,0.0124,0.032,0.221,0.121,-33.96,26.8,346,1808,-4757,0,0,3601,-0.0095,-0.015,0.268,0.168,-6.49,-0.67,344,3659,-2123,0,0,6340,0.0228,0.001,0.096,-0.004,-5.97,-1.19,357,3791,-5149,0,0
145.42,3,12831.5,628.48,0.01,12891.08,48.3,0.3,-0.9,-1.0,0.5,0.0,1.0,1,3713,321.5,0.93,0.01,-1.1,-43.55,605,98,2560,-0.0196,0.01,0.554,0.454,-43.69,36.53,351,1774,-2301,0,0,4667,0.0128,0.02,0.231,0.131,-34.11,26.94,350,1844,-4772,0,0,3584,-0.0097,-0.01,0.198,0.098,-6.54,-0.62,356,3596,-2177,0,0,6339,0.0228,0.0,0.146,0.046,-6.02,-1.14,344,3865,-5152,0,0
145.44,3,12831.8,628.53,0.01,12891.34,48.5,0.29,-0.91,-1.0,0.5,0.0,1.0,1,3729,321.6,0.93,0.01,-1.11,-43.22,610,99,2573,-0.0194,0.01,0.557,0.457,-43.89,36.72,351,1796,-2303,0,0,4684,0.0131,0.013,0.231,0.131,-34.11,26.95,351,1866,-4782,0,0,3576,-0.0098,-0.005,0.261,0.161,-6.58,-0.59,346,3590,-2174,0,0,6336,0.0227,-0.002,0.092,-0.008,-6.03,-1.13,358,3703,-5219,0,0
145.46,3,12832.0,628.57,0.01,12891.61,48.7,0.3,-0.91,-1.0,0.5,0.0,1.0,1,3743,321.6,0.93,0.01,-1.12,-42.93,616,100,2574,-0.0194,0.001,0.564,0.464,-44.07,36.9,354,1798,-2302,0,0,4704,0.0134,0.016,0.237,0.137,-34.35,27.19,353,1900,-4791,0,0,3560,-0.0099,-0.009,0.2,0.1,-6.29,-0.87,359,3603,-2116,0,0,6347,0.0228,0.006,0.144,0.044,-6.08,-1.08,347,3824,-5207,0,0
145.48,3,12832.3,628.61,0.01,12891.88,48.9,0.3,-0.9,-1.0,0.5,0.0,1.0,1,3760,321.6,0.93,0.01,-1.12,-42.6,622,101,2571,-0.0194,-0.002,0.565,0.465,-44.24,37.08,354,1802,-2296,0,0,4716,0.0136,0.009,0.236,0.136,-34.49,27.33,353,1924,-4794,0,0,3544,-0.0101,-0.01,0.26,0.16,-6.66,-0.5,350,3555,-2163,0,0,6349,0.0229,0.001,0.093,-0.007,-6.14,-1.02,361,3748,-5260,0,0
145.5,3,12832.6,628.65,0.01,12892.15,49.1,0.3,-0.9,-1.0,0.5,0.0,1.0,1,3776,321.7,0.94,0.01,-1.12,-42.15,627,102,2561,-0.0196,-0.008,0.57,0.47,-44.39,37.23,356,1799,-2284,0,0,4715,0.0135,-0.001,0.246,0.146,-34.6,27.44,356,1964,-4778,0,0,3538,-0.0102,-0.003,0.199,0.099,-6.64,-0.52,362,3527,-2191,0,0,6355,0.0229,0.003,0.146,0.046,-6.17,-0.99,350,3858,-5243,0,0
145.52,3,12832.9,628.69,0.01,12892.42,49.2,0.31,-0.9,-1.0,0.5,0.0,1.0,1,3790,321.7,0.94,0.01,-1.12,-41.65,631,102,2552,-0.0197,-0.007,0.575,0.475,-44.51,37.35,358,1796,-2273,0,0,4697,0.0133,-0.014,0.245,0.145,-34.58,27.42,357,1956,-4761,0,0,3547,-0.0101,0.005,0.255,0.155,-6.63,-0.53,352,3540,-2191,0,0,6353,0.0229,-0.001,0.091,-0.009,-6.16,-1.0,363,3738,-5288,0,0
145.54,3,12833.1,628.72,0.01,12892.69,49.4,0.3,-0.91,-1.0,0.5,0.0,1.0,1,3800,321.7,0.94,0.0,-1.12,-41.17,637,103,2552,-0.0197,0.0,0.573,0.473,-44.69,37.52,358,1797,-2273,0,0,4701,0.0133,0.003,0.245,0.145,-34.91,27.75,357,1967,-4759,0,0,3546,-0.0101,0.0,0.199,0.099,-6.68,-0.48,366,3516,-2222,0,0,6356,0.0229,0.002,0.149,0.049,-6.19,-0.97,354,3853,-5259,0,0
145.56,3,12833.4,628.75,0.01,12892.97,49.6,0.31,-0.9,-1.0,0.5,0.0,1.0,1,3814,321.8,0.94,0.0,-1.12,-40.62,641,104,2541,-0.0199,-0.008,0.582,0.482,-44.89,37.73,360,1795,-2260,0,0,4689,0.0131,-0.009,0.25,0.15,-35.05,27.89,360,1979,-4741,0,0,3548,-0.0101,0.001,0.25,0.15,-6.7,-0.46,355,3507,-2238,0,0,6357,0.023,0.0,0.093,-0.007,-6.18,-0.99,365,3784,-5283,0,0
145.58,3,12833.7,628.77,0.01,12893.24,49.8,0.31,-0.9,-1.0,0.5,0.0,1.0,1,3826,321.8,0.94,0.0,-1.12,-40.08,646,105,2533,-0.02,-0.006,0.581,0.481,-44.98,37.81,361,1788,-2253,0,0,4674,0.0129,-0.011,0.253,0.153,-35.16,27.99,361,1978,-4724,0,0,3554,-0.01,0.003,0.191,0.091,-6.51,-0.65,368,3505,-2241,0,0,6353,0.0229,-0.002,0.146,0.046,-6.17,-0.99,355,3891,-5242,0,0
145.6,3,12834.0,628.8,0.01,12893.52,50.0,0.31,-0.9,-1.0,0.5,0.0,1.0,1,3840,321.8,0.94,0.0,-1.12,-39.55,651,106,2522,-0.0202,-0.008,0.579,0.479,-45.02,37.86,362,1780,-2244,0,0,4667,0.0128,-0.005,0.251,0.151,-35.27,28.1,361,1989,-4711,0,0,3553,-0.01,0.0,0.25,0.15,-6.55,-0.61,358,3508,-2237,0,0,6358,0.023,0.003,0.095,-0.005,-6.16,-1.0,369,3789,-5282,0,0
145.62,3,12834.2,628.81,0.01,12893.8,50.2,0.31,-0.91,-1.0,0.5,0.0,1.0,1,3852,321.8,0.94,0.0,-1.12,-39.06,655,106,2520,-0.0202,-0.002,0.581,0.481,-45.23,38.07,364,1777,-2242,0,0,4664,0.0127,-0.003,0.258,0.158,-35.26,28.09,364,1991,-4706,0,0,3554,-0.01,0.001,0.187,0.087,-6.57,-0.59,371,3466,-2289,0,0,6358,0.023,0.0,0.146,0.046,-6.11,-1.05,358,3899,-5232,0,0
145.64,3,12834.5,628.83,0.01,12894.08,50.4,0.3,-0.92,-1.0,0.5,0.0,1.0,1,3862,321.9,0.95,0.0,-1.12,-38.63,661,107,2522,-0.0202,0.002,0.585,0.485,-45.29,38.13,365,1776,-2245,0,0,4674,0.0129,0.008,0.257,0.157,-35.42,28.26,364,2000,-4713,0,0,3550,-0.0101,-0.003,0.243,0.143,-6.54,-0.62,360,3477,-2268,0,0,6364,0.023,0.003,0.091,-0.009,-6.07,-1.09,371,3734,-5282,0,0
145.66,3,12834.8,628.84,0.01,12894.36,50.6,0.31,-0.91,-1.0,0.5,0.0,1.0,1,3870,321.9,0.95,0.0,-1.12,-38.19,666,108,2520,-0.0202,-0.001,0.58,0.48,-45.37,38.21,365,1771,-2246,0,0,4672,0.0129,-0.001,0.253,0.153,-35.46,28.3,364,1993,-4713,0,0,3551,-0.01,0.001,0.186,0.086,-6.47,-0.69,374,3457,-2289,0,0,6366,0.0231,0.001,0.148,0.048,-5.98,-1.18,360,3968,-5171,0,0
145.68,3,12835.1,628.85,0.01,12894.64,50.8,0.31,-0.91,-1.0,0.5,0.0,1.0,1,3882,321.9,0.95,0.0,-1.12,-37.75,671,109,2516,-0.0203,-0.003,0.584,0.484,-45.47,38.31,367,1767,-2244,0,0,4674,0.0129,0.002,0.257,0.157,-35.58,28.42,366,1996,-4714,0,0,3546,-0.0101,-0.003,0.242,0.142,-6.41,-0.75,362,3490,-2240,0,0,6368,0.0231,0.001,0.091,-0.009,-5.97,-1.19,373,3791,-5229,0,0
145.7,3,12835.4,628.85,0.01,12894.92,51.0,0.31,-0.9,-1.0,0.5,0.0,1.0,1,3897,322.0,0.95,0.0,-1.13,-37.32,675,110,2514,-0.0203,-0.002,0.578,0.478,-45.52,38.35,367,1765,-2241,0,0,4667,0.0128,-0.005,0.257,0.157,-35.55,28.39,367,1996,-4706,0,0,3547,-0.0101,0.0,0.184,0.084,-6.38,-0.78,377,3449,-2285,0,0,6363,0.023,-0.003,0.147,0.047,-5.88,-1.28,363,3935,-5146,0,0
145.72,3,12835.7,628.85,0.01,12895.21,51.2,0.31,-0.91,-1.0,0.5,0.0,1.0,1,3908,322.0,0.95,-0.01,-1.13,-36.91,681,110,2509,-0.0204,-0.004,0.583,0.483,-45.6,38.44,370,1759,-2239,0,0,4675,0.0129,0.006,0.261,0.161,-35.7,28.53,368,2010,-4708,0,0,3541,-0.0102,-0.003,0.237,0.137,-6.29,-0.87,365,3475,-2240,0,0,6374,0.0232,0.006,0.09,-0.01,-5.93,-1.24,375,3805,-5210,0,0
145.74,3,12835.9,628.85,0.01,12895.49,51.4,0.31,-0.9,-1.0,0.5,0.0,1.0,1,3921,322.0,0.95,-0.01,-1.13,-36.51,686,111,2505,-0.0205,-0.003,0.578,0.478,-45.68,38.52,370,1756,-2236,0,0,4671,0.0129,-0.003,0.26,0.16,-35.75,28.59,369,2012,-4702,0,0,3540,-0.0102,0.0,0.182,0.082,-6.28,-0.88,379,3444,-2272,0,0,6372,0.0231,-0.001,0.146,0.046,-5.81,-1.35,365,3955,-5123,0,0
145.76,3,12836.2,628.84,0.01,12895.78,51.5,0.31,-0.9,-1.0,0.5,0.0,1.0,1,3934,322.0,0.95,-0.01,-1.12,-36.03,691,112,2500,-0.0205,-0.004,0.585,0.485,-45.75,38.58,372,1754,-2231,0,0,4662,0.0127,-0.006,0.264,0.164,-35.85,28.68,371,2024,-4688,0,0,3546,-0.0101,0.003,0.234,0.134,-6.24,-0.93,367,3470,-2248,0,0,6373,0.0231,0.0,0.09,-0.01,-5.85,-1.31,378,3796,-5184,0,0
145.78,3,12836.5,628.83,0.01,12896.06,51.7,0.31,-0.89,-1.0,0.5,0.0,1.0,1,3945,322.1,0.96,-0.02,-1.12,-35.55,695,113,2495,-0.0206,-0.004,0.58,0.48,-45.82,38.66,372,1750,-2226,0,0,4650,0.0125,-0.009,0.263,0.163,-35.89,28.73,372,2023,-4675,0,0,3556,-0.01,0.006,0.178,0.078,-6.15,-1.02,381,3444,-2287,0,0,6375,0.0232,0.001,0.145,0.045,-5.65,-1.51,368,3971,-5063,0,0
145.8,3,12836.8,628.82,0.01,12896.35,51.9,0.31,-0.9,-1.0,0.5,0.0,1.0,1,3953,322.1,0.96,-0.02,-1.12,-35.07,700,114,2488,-0.0207,-0.005,0.577,0.477,-45.89,38.73,373,1736,-2226,0,0,4646,0.0125,-0.003,0.264,0.164,-35.93,28.77,373,2018,-4672,0,0,3565,-0.0099,0.005,0.23,0.13,-6.09,-1.07,370,3466,-2271,0,0,6387,0.0233,0.008,0.091,-0.009,-5.7,-1.46,381,3850,-5118,0,0
145.82,3,12837.1,628.8,0.01,12896.64,52.1,0.31,-0.89,-1.0,0.5,0.0,1.0,1,3963,322.1,0.96,-0.02,-1.12,-34.56,705,115,2485,-0.0208,-0.002,0.58,0.48,-45.89,38.73,375,1732,-2225,0,0,4635,0.0123,-0.009,0.26,0.16,-35.98,28.82,374,2004,-4664,0,0,3577,-0.0097,0.007,0.173,0.073,-5.97,-1.19,383,3457,-2291,0,0,6389,0.0233,0.001,0.142,0.042,-5.65,-1.51,370,3924,-5083,0,0
145.84,3,12837.4,628.78,0.01,12896.93,52.3,0.31,-0.89,-1.0,0.5,0.0,1.0,1,3979,322.2,0.96,-0.02,-1.12,-34.06,710,116,2481,-0.0208,-0.003,0.582,0.482,-45.94,38.78,377,1733,-2218,0,0,4628,0.0122,-0.005,0.266,0.166,-35.93,28.77,376,2013,-4653,0,0,3587,-0.0096,0.006,0.224,0.124,-5.87,-1.29,372,3487,-2265,0,0,6394,0.0234,0.003,0.088,-0.012,-5.56,-1.6,382,3808,-5094,0,0
145.86,3,12837.7,628.76,0.01,12897.22,52.5,0.31,-0.9,-1.0,0.5,0.0,1.0,1,3988,322.2,0.96,-0.03,-1.13,-33.68,715,116,2481,-0.0208,0.0,0.574,0.474,-45.9,38.74,377,1725,-2223,0,0,4635,0.0123,0.005,0.263,0.163,-36.0,28.84,376,2012,-4661,0,0,3588,-0.0096,0.0,0.169,0.069,-5.81,-1.35,386,3455,-2291,0,0,6404,0.0235,0.006,0.141,0.041,-5.43,-1.73,372,3975,-4994,0,0
145.88,3,12838.0,628.73,0.01,12897.51,52.7,0.31,-0.89,-1.0,0.5,0.0,1.0,1,3997,322.2,0.96,-0.02,-1.14,-33.35,719,117,2475,-0.0209,-0.004,0.577,0.477,-45.97,38.81,379,1718,-2221,0,0,4641,0.0124,0.005,0.266,0.166,-35.95,28.79,378,2016,-4667,0,0,3584,-0.0097,-0.002,0.22,0.12,-5.64,-1.52,373,3498,-2226,0,0,6418,0.0237,0.008,0.085,-0.015,-5.29,-1.87,384,3853,-4977,0,0
145.9,3,12838.3,628.7,0.01,12897.81,52.9,0.3,-0.9,-1.0,1.0,0.0,1.0,1,4006,322.2,0.96,-0.02,-1.13,-33.04,725,118,2479,-0.0209,0.003,0.57,0.47,-45.95,38.78,379,1710,-2231,0,0,4659,0.0127,0.013,0.26,0.16,-36.03,28.87,378,2008,-4688,0,0,3584,-0.0097,0.0,0.165,0.065,-5.61,-1.56,388,3455,-2261,0,0,6434,0.0239,0.01,0.139,0.039,-5.31,-1.85,374,3960,-4952,0,0
145.92,3,12838.6,628.66,0.01,12898.1,53.1,0.3,-0.89,-1.0,0.5,0.0,1.0,1,4051,726.6,1.48,-0.02,-1.13,-32.78,730,119,2488,-0.0207,0.007,0.571,0.471,-46.0,38.84,398,1713,-2240,0,0,4662,0.0127,0.002,0.264,0.164,-35.97,28.81,398,2004,-4693,0,0,3589,-0.0096,0.003,0.214,0.114,-5.58,-1.59,435,3470,-2250,0,0,6432,0.0238,-0.001,0.084,-0.016,-5.18,-1.99,453,3841,-4933,0,0
145.94,3,12838.9,628.62,0.01,12898.39,53.4,0.46,-0.83,-1.0,0.5,0.0,1.0,1,4230,322.8,0.99,-0.03,-1.12,-33.71,739,120,2500,-0.0205,0.009,0.656,0.556,-45.96,38.8,403,1870,-2148,0,0,4673,0.0129,0.009,0.324,0.224,-36.01,28.85,401,2413,-4536,0,0,3596,-0.0095,0.004,0.208,0.108,-5.65,-1.51,405,3893,-1717,0,0,6438,0.0239,0.004,0.166,0.066,-5.36,-1.8,385,5672,-4079,0,0
145.96,3,12839.2,628.58,0.01,12898.69,53.7,0.41,-0.86,-1.0,0.5,0.0,1.0,1,4063,322.4,0.97,-0.03,-1.1,-33.92,746,122,2508,-0.0204,0.007,0.574,0.474,-46.01,38.84,385,1770,-2230,0,0,4654,0.0126,-0.015,0.264,0.164,-36.05,28.89,384,2102,-4647,0,0,3629,-0.0091,0.019,0.214,0.114,-5.53,-1.63,379,3636,-2127,0,0,6435,0.0239,-0.002,0.081,-0.019,-5.39,-1.77,389,4056,-4936,0,0
145.98,3,12839.5,628.53,0.01,12898.98,53.9,0.32,-0.88,-1.0,1.0,0.0,1.0,1,4056,322.3,0.97,-0.04,-1.09,-33.52,751,122,2518,-0.0203,0.007,0.562,0.462,-46.04,38.88,384,1723,-2272,0,0,4629,0.0122,-0.019,0.256,0.156,-36.07,28.91,383,1965,-4672,0,0,3664,-0.0087,0.02,0.157,0.057,-5.57,-1.59,392,3470,-2354,0,0,6425,0.0238,-0.006,0.134,0.034,-5.12,-2.04,379,3852,-4903,0,0
146.0,3,12839.8,628.48,0.01,12899.28,54.0,0.31,-0.89,-1.0,0.5,0.0,1.0,1,4110,733.7,1.49,-0.04,-1.09,-33.05,755,123,2518,-0.0203,0.0,0.568,0.468,-46.05,38.88,403,1723,-2273,0,0,4612,0.012,-0.014,0.257,0.157,-36.1,28.94,403,1963,-4653,0,0,3691,-0.0084,0.016,0.211,0.111,-5.56,-1.61,441,3521,-2347,0,0,6429,0.0238,0.002,0.085,-0.015,-5.07,-2.09,460,3827,-4871,0,0
146.02,3,12840.1,628.43,0.01,12899.58,54.4,0.46,-0.82,-1.0,0.5,0.0,1.0,1,4288,323.0,1.0,-0.05,-1.08,-33.8,764,125,2523,-0.0202,0.004,0.644,0.544,-46.07,38.91,408,1878,-2174,0,0,4609,0.0119,-0.002,0.32,0.22,-36.11,28.95,406,2359,-4487,0,0,3709,-0.0082,0.011,0.204,0.104,-5.69,-1.47,412,3978,-1822,0,0,6437,0.0239,0.005,0.165,0.065,-5.29,-1.87,392,5653,-4071,0,0
146.04,3,12840.4,628.37,0.01,12899.87,54.6,0.41,-0.86,-1.0,0.5,0.0,1.0,1,4125,322.5,0.98,-0.06,-1.07,-33.83,772,126,2524,-0.0202,0.001,0.574,0.474,-46.05,38.89,392,1773,-2249,0,0,4590,0.0116,-0.015,0.263,0.163,-36.13,28.97,390,2065,-4590,0,0,3740,-0.0078,0.018,0.208,0.108,-5.73,-1.43,385,3663,-2297,0,0,6441,0.0239,0.002,0.08,-0.02,-5.38,-1.78,396,3995,-4952,0,0
146.06,3,12840.7,628.31,0.01,12900.17,54.8,0.32,-0.88,-1.0,1.0,0.0,1.0,1,4128,322.5,0.98,-0.06,-1.06,-33.2,777,127,2514,-0.0203,-0.008,0.572,0.472,-46.15,38.99,392,1728,-2264,0,0,4558,0.0111,-0.024,0.261,0.161,-36.21,29.04,391,1961,-4595,0,0,3766,-0.0075,0.015,0.152,0.052,-5.63,-1.53,398,3520,-2469,0,0,6440,0.0239,-0.001,0.131,0.031,-5.13,-2.03,386,3918,-4898,0,0
146.08,3,12841.0,628.25,0.01,12900.47,55.0,0.32,-0.88,-1.0,0.5,0.0,1.0,1,4232,758.0,1.53,-0.07,-1.07,-32.62,783,128,2498,-0.0206,-0.012,0.579,0.479,-46.23,39.07,413,1743,-2233,0,0,4540,0.0109,-0.014,0.273,0.173,-36.26,29.1,413,2035,-4546,0,0,3777,-0.0074,0.007,0.199,0.099,-5.52,-1.64,444,3786,-2205,0,0,6448,0.024,0.005,0.066,-0.034,-5.25,-1.91,461,4263,-4824,0,0
146.1,3,12841.3,628.18,0.01,12900.77,55.4,0.51,-0.79,-1.0,1.0,0.0,1.0,1,4377,332.0,1.02,-0.08,-1.05,-33.57,792,129,2487,-0.0207,-0.008,0.648,0.548,-46.26,39.1,431,1900,-2108,0,0,4535,0.0108,-0.004,0.319,0.219,-36.22,29.06,430,2462,-4353,0,0,3775,-0.0074,-0.001,0.164,0.064,-5.68,-1.48,473,4082,-1791,0,0,6453,0.0241,0.003,0.139,0.039,-5.26,-1.91,449,5850,-3931,0,0
146.12,3,12841.6,628.11,0.01,12901.07,55.7,0.51,-0.8,-1.0,0.5,0.0,1.0,1,4477,780.3,1.57,-0.09,-1.04,-34.09,800,131,2476,-0.0209,-0.009,0.672,0.572,-46.3,39.14,440,1888,-2102,0,0,4499,0.0102,-0.027,0.34,0.24,-36.31,29.15,439,2421,-4332,0,0,3802,-0.0071,0.015,0.27,0.17,-5.82,-1.34,474,4090,-1845,0,0,6448,0.024,-0.003,0.129,0.029,-5.52,-1.64,488,5642,-4156,0,0
146.14,3,12841.9,628.03,0.01,12901.37,56.1,0.56,-0.78,-1.0,0.5,0.0,1.0,1,4365,330.0,1.02,-0.1,-1.03,-35.04,810,133,2467,-0.021,-0.007,0.674,0.574,-46.41,39.25,435,1940,-2049,0,0,4473,0.0098,-0.02,0.322,0.222,-36.41,29.24,428,2502,-4261,0,0,3828,-0.0068,0.015,0.182,0.081,-6.05,-1.12,449,4117,-1868,0,0,6451,0.0241,0.002,0.111,0.011,-5.72,-1.44,438,5763,-4110,0,0
146.16,3,12842.2,627.95,0.01,12901.68,56.4,0.45,-0.85,-1.0,1.0,0.0,1.0,1,4237,325.0,1.0,-0.1,-1.02,-34.82,819,134,2460,-0.0212,-0.006,0.558,0.458,-46.53,39.36,410,1785,-2154,0,0,4443,0.0094,-0.023,0.246,0.146,-36.49,29.33,410,2129,-4399,0,0,3864,-0.0064,0.021,0.092,-0.008,-6.11,-1.06,419,3653,-2538,0,0,6458,0.0241,0.004,-0.013,-0.087,-5.76,-1.4,442,3644,-5253,0,0
146.18,3,12842.5,627.87,0.01,12901.98,56.6,0.34,-0.89,-1.0,0.5,0.0,1.0,1,4406,765.2,1.54,-0.1,-1.03,-33.89,824,135,2450,-0.0213,-0.008,0.617,0.517,-46.64,39.48,414,1734,-2175,0,0,4414,0.0089,-0.022,0.297,0.197,-36.64,29.48,413,2030,-4406,0,0,3888,-0.0061,0.014,0.206,0.106,-5.98,-1.19,431,3762,-2459,0,0,6457,0.0241,0.0,0.177,0.077,-5.68,-1.48,417,4572,-4903,0,0
146.2,3,12842.8,627.79,0.01,12902.28,56.9,0.47,-0.83,-1.0,1.0,0.0,1.0,1,4444,335.5,1.03,-0.1,-1.04,-34.35,832,137,2448,-0.0213,-0.001,0.628,0.528,-46.67,39.51,429,1849,-2092,0,0,4419,0.009,0.003,0.299,0.199,-36.6,29.44,427,2324,-4284,0,0,3879,-0.0062,-0.005,0.127,0.027,-5.98,-1.18,435,4040,-2093,0,0,6456,0.0241,-0.001,0.01,-0.09,-5.6,-1.57,456,5138,-4558,0,0
146.22,3,12843.2,627.7,0.01,12902.59,57.2,0.45,-0.86,-1.0,1.0,0.0,1.0,1,4507,789.6,1.59,-0.1,-1.04,-34.49,842,138,2448,-0.0213,-0.001,0.64,0.54,-46.75,39.59,440,1819,-2113,0,0,4435,0.0092,0.012,0.315,0.215,-36.69,29.53,439,2264,-4329,0,0,3872,-0.0063,-0.004,0.167,0.067,-6.15,-1.02,487,3994,-2156,0,0,6471,0.0243,0.009,0.135,0.035,-5.83,-1.33,464,5385,-4470,0,0
146.24,3,12843.5,627.6,0.01,12902.89,57.5,0.56,-0.78,-1.0,0.5,0.0,1.0,1,4818,998.3,1.93,-0.11,-1.03,-35.6,853,140,2443,-0.0214,-0.003,0.756,0.656,-46.83,39.67,468,1974,-1986,0,0,4433,0.0092,-0.001,0.401,0.301,-36.83,29.67,466,2680,-4117,0,0,3873,-0.0063,0.0,0.33,0.23,-6.39,-0.77,507,4361,-1509,0,0,6476,0.0244,0.002,0.203,0.103,-6.04,-1.12,510,6556,-3311,0,0
146.26,3,12843.8,627.51,0.01,12903.2,58.0,0.65,-0.7,-1.0,0.5,0.0,1.0,1,4892,562.5,1.37,-0.12,-1.0,-37.44,865,142,2440,-0.0215,-0.003,0.812,0.712,-46.97,39.81,482,2079,-1888,0,0,4411,0.0089,-0.017,0.422,0.322,-36.94,29.78,474,2892,-3964,0,0,3894,-0.006,0.013,0.303,0.203,-6.79,-0.37,508,4415,-1448,0,0,6473,0.0243,-0.002,0.218,0.118,-6.41,-0.75,503,6701,-3105,0,0
146.28,3,12844.1,627.41,0.01,12903.51,58.4,0.62,-0.76,-1.0,0.5,0.0,1.0,1,4745,335.2,1.06,-0.14,-0.98,-38.45,874,144,2440,-0.0215,0.001,0.722,0.622,-47.11,39.95,462,2011,-1950,0,0,4364,0.0081,-0.037,0.352,0.252,-37.13,29.97,456,2636,-4056,0,0,3949,-0.0054,0.032,0.194,0.094,-7.16,0.0,469,4206,-2030,0,0,6464,0.0242,-0.005,0.064,-0.036,-6.71,-0.45,486,5756,-4326,0,0
146.3,3,12844.4,627.3,0.01,12903.82,58.7,0.5,-0.87,-1.0,1.0,0.0,1.0,1,4489,335.6,1.03,-0.15,-0.97,-38.07,885,145,2445,-0.0214,0.003,0.617,0.517,-47.31,40.15,433,1861,-2077,0,0,4319,0.0075,-0.034,0.281,0.181,-37.25,30.09,432,2257,-4198,0,0,4013,-0.0046,0.038,0.081,-0.019,-7.23,0.07,468,3786,-2730,0,0,6465,0.0242,0.0,0.031,-0.069,-6.79,-0.37,442,4126,-5444,0,0
146.32,3,12844.8,627.19,0.01,12904.13,58.9,0.39,-0.91,-1.0,0.5,0.0,1.0,1,4621,789.7,1.59,-0.15,-0.97,-36.87,893,147,2434,-0.0216,-0.009,0.657,0.557,-47.49,40.32,452,1797,-2108,0,0,4286,0.0069,-0.025,0.318,0.218,-37.45,30.29,450,2116,-4222,0,0,4042,-0.0043,0.017,0.251,0.151,-7.18,0.02,494,3939,-2604,0,0,6465,0.0242,0.0,0.12,0.02,-6.77,-0.39,511,4658,-5187,0,0
146.34,3,12845.1,627.08,0.01,12904.43,59.2,0.51,-0.83,-1.0,0.0,1.0,1.0,1,4757,335.4,1.05,-0.15,-0.98,-36.98,903,148,2414,-0.0219,-0.015,0.732,0.632,-47.65,40.49,455,1915,-1991,0,0,4283,0.0069,-0.003,0.376,0.276,-37.61,30.45,452,2466,-4050,0,0,4026,-0.0045,-0.009,0.223,0.123,-7.31,0.15,458,4197,-2218,0,0,6470,0.0243,0.003,0.179,0.079,-6.88,-0.29,439,5578,-4540,0,0
146.36,3,12845.4,626.96,0.01,12904.74,59.5,0.44,-0.86,-1.0,0.0,1.0,1.0,1,4253,31.1,0.47,-0.14,-0.99,-36.54,912,149,2404,-0.022,-0.008,0.421,0.321,-47.85,40.69,381,1511,-2250,1755,1,4279,0.0068,-0.003,0.129,0.029,-37.78,30.62,381,1437,-4453,1755,1,4010,-0.0046,-0.009,0.17,0.07,-7.38,0.21,478,4082,-2363,945,1,6463,0.0242,-0.004,0.094,-0.006,-6.97,-0.19,463,4680,-5209,3150,0
146.38,3,12845.8,626.84,0.01,12905.05,59.6,0.18,-0.87,-1.0,0.0,1.0,1.0,1,3529,-182.5,0.2,-0.13,-1.0,-34.46,914,150,2396,-0.0221,-0.006,0.213,0.113,-48.12,40.96,324,1007,-2468,1755,1,4288,0.007,0.007,-0.136,0.036,-38.01,30.85,298,-765,-4603,1755,1,3985,-0.005,-0.015,-0.041,-0.059,-7.31,0.14,407,2050,-3807,3150,0,6459,0.0242,-0.003,-0.042,-0.058,-6.9,-0.26,396,-172,-6302,3150,0
146.4,3,12846.1,626.72,0.01,12905.36,59.1,-0.63,-0.86,-1.0,0.0,1.0,0.99,1,2989,-155.9,0.2,-0.07,-1.0,-30.66,904,147,2418,-0.0218,0.016,-0.269,0.169,-48.45,41.29,201,-291,-2644,1755,1,4331,0.0076,0.033,-0.241,0.141,-38.37,31.21,256,-1454,-4501,1755,1,3943,-0.0054,-0.025,-0.146,0.046,-7.01,-0.15,379,-2478,-3566,945,1,6445,0.024,-0.008,-0.174,0.074,-6.64,-0.52,366,-4865,-5042,945,1
146.42,3,12846.4,626.6,0.01,12905.66,58.4,-0.94,-0.69,-1.0,0.0,1.0,0.91,1,2734,-137.5,0.2,0.03,-0.98,-27.66,894,144,2526,-0.0201,0.083,-0.329,0.229,-48.82,41.66,161,-964,-2626,1755,1,4437,0.0093,0.081,-0.308,0.208,-38.7,31.53,213,-2053,-4410,1755,1,3832,-0.0067,-0.065,-0.091,-0.009,-6.75,-0.42,302,-3167,-3004,3150,0,6331,0.0227,-0.067,-0.152,0.052,-6.54,-0.62,342,-5684,-4224,945,1
146.44,3,12846.7,626.48,0.01,12905.95,57.6,-1.05,-0.57,-1.0,0.5,0.0,0.81,1,2484,-128.6,0.2,0.17,-0.93,-25.04,886,140,2710,-0.0173,0.141,-0.434,0.334,-49.19,42.03,154,-1310,-2710,1755,1,4598,0.0117,0.124,-0.394,0.294,-38.99,31.83,200,-2529,-4377,1755,1,3641,-0.009,-0.112,-0.219,0.119,-6.78,-0.38,343,-3575,-2331,945,1,6111,0.0201,-0.13,-0.194,0.094,-6.46,-0.7,339,-5958,-3564,945,1
146.46,3,12847.0,626.36,0.02,12906.24,56.9,-1.06,-0.54,-1.0,1.0,0.0,0.79,1,2860,194.5,0.62,0.32,-0.86,-23.07,881,137,2964,-0.0134,0.196,-0.056,-0.044,-49.5,42.34,235,-857,-3135,0,0,4759,0.0142,0.124,-0.087,-0.013,-39.33,32.16,284,-1554,-4919,0,0,3411,-0.0117,-0.135,-0.104,0.004,-6.69,-0.47,315,-3294,-2261,0,0,5758,0.0159,-0.207,-0.168,0.068,-6.36,-0.8,334,-5754,-3216,0,0
146.48,3,12847.4,626.24,0.02,12906.53,56.2,-0.95,-0.66,-1.0,1.0,0.0,0.89,1,3174,433.8,1.09,0.48,-0.8,-22.63,876,133,3256,-0.0089,0.224,0.104,0.004,-49.54,42.38,269,5,-3535,0,0,4915,0.0166,0.12,0.011,-0.089,-39.36,32.2,306,-339,-5274,0,0,3132,-0.015,-0.164,-0.077,-0.023,-6.76,-0.41,315,-2720,-2385,0,0,5302,0.0105,-0.269,-0.134,0.034,-6.49,-0.67,339,-5061,-3326,0,0
146.5,3,12847.7,626.11,0.02,12906.81,55.6,-0.69,-0.83,-1.0,1.0,0.0,0.99,1,3708,855.4,1.65,0.61,-0.77,-22.57,874,131,3522,-0.0048,0.205,0.334,0.234,-49.38,42.22,321,958,-3708,0,0,5053,0.0187,0.106,0.13,0.03,-39.16,32.0,338,506,-5401,0,0,2828,-0.0186,-0.179,0.108,0.008,-6.57,-0.59,400,59,-2860,0,0,4830,0.005,-0.278,0.119,0.019,-6.39,-0.77,394,-1163,-4624,0,0
146.52,3,12848.0,625.99,0.02,12907.09,55.6,0.0,-0.88,-1.0,0.5,0.0,1.0,1,4403,980.3,1.84,0.69,-0.79,-24.46,877,131,3696,-0.0021,0.134,0.569,0.469,-49.02,41.86,396,2194,-3447,0,0,5177,0.0206,0.096,0.26,0.16,-38.81,31.65,396,1879,-5265,0,0,2500,-0.0224,-0.193,0.228,0.128,-6.58,-0.58,464,2688,-1346,0,0,4437,0.0004,-0.231,0.119,0.019,-6.26,-0.9,478,4235,-2855,0,0
146.54,3,12848.3,625.85,0.02,12907.37,55.7,0.29,-0.77,-1.0,0.5,0.0,1.0,1,4858,562.7,1.35,0.7,-0.82,-28.45,877,132,3748,-0.0013,0.04,0.759,0.659,-48.62,41.46,426,2816,-3117,0,0,5259,0.0219,0.063,0.407,0.307,-38.45,31.29,426,2878,-4957,0,0,2232,-0.0256,-0.158,0.431,0.331,-6.91,-0.25,513,2621,-753,0,0,4208,-0.0023,-0.135,0.383,0.283,-6.59,-0.57,489,4709,-1661,0,0
146.56,3,12848.6,625.72,0.02,12907.65,56.0,0.35,-0.72,-1.0,0.5,0.0,1.0,1,4724,335.5,1.05,0.65,-0.87,-32.45,872,132,3696,-0.0021,-0.04,0.735,0.635,-48.37,41.21,423,2874,-3004,0,0,5279,0.0222,0.015,0.382,0.282,-38.24,31.08,423,3020,-4909,0,0,2096,-0.0272,-0.08,0.408,0.308,-7.43,0.27,475,2442,-777,0,0,4166,-0.0028,-0.025,0.263,0.163,-7.07,-0.09,478,4525,-1948,0,0
146.58,3,12848.9,625.58,0.02,12907.93,56.2,0.39,-0.76,-1.0,0.0,1.0,1.0,1,4555,335.4,1.03,0.56,-0.91,-35.5,865,133,3563,-0.0042,-0.103,0.699,0.599,-48.32,41.16,415,2712,-2950,0,0,5224,0.0214,-0.042,0.341,0.241,-38.16,31.0,414,2796,-4962,0,0,2125,-0.0268,0.017,0.291,0.191,-7.92,0.76,463,2362,-1046,0,0,4298,-0.0013,0.078,0.238,0.138,-7.49,0.32,441,4207,-2724,0,0
146.6,3,12849.2,625.44,0.02,12908.21,56.4,0.33,-0.8,-0.96,0.0,1.0,1.0,1,4077,33.7,0.46,0.44,-0.96,-37.27,858,134,3382,-0.007,-0.139,0.391,0.291,-48.31,41.15,350,1984,-3188,1755,1,5133,0.02,-0.07,-0.162,0.062,-38.17,31.01,277,773,-5463,1755,1,2275,-0.0251,0.088,0.372,0.272,-8.29,1.12,512,2538,-1091,945,1,4564,0.0019,0.157,0.228,0.128,-7.81,0.64,520,4465,-2883,945,1
146.62,3,12849.5,625.3,0.02,12908.49,56.4,0.12,-0.77,-0.91,0.0,1.0,1.0,1,3310,-172.8,0.2,0.32,-0.99,-36.78,851,134,3167,-0.0103,-0.166,-0.104,0.004,-46.49,39.33,214,730,-3385,5850,0,5004,0.018,-0.099,-0.174,0.074,-36.81,29.65,275,-1261,-5259,1755,1,2497,-0.0225,0.13,0.057,-0.043,-8.5,1.34,384,1857,-2244,3150,0,4899,0.0058,0.197,-0.052,-0.048,-7.99,0.82,402,1168,-5036,3150,0
146.64,3,12849.8,625.15,0.02,12908.77,56.0,-0.49,-0.83,-0.86,1.0,0.0,0.97,1,2917,-145.0,0.2,0.23,-1.03,-33.59,831,132,2949,-0.0136,-0.168,-0.188,0.088,-44.48,37.31,204,-648,-3173,1755,1,4859,0.0157,-0.112,-0.197,0.097,-35.26,28.1,251,-1673,-5016,1755,1,2733,-0.0197,0.139,-0.102,0.002,-8.28,1.12,307,-1648,-2654,3150,0,5230,0.0097,0.194,-0.065,-0.035,-7.83,0.67,315,-3971,-4337,3150,0
146.66,3,12850.2,625.01,0.02,12909.04,55.4,-0.83,-0.74,-0.82,0.5,0.0,0.97,1,3043,198.9,0.64,0.19,-1.04,-30.85,810,129,2791,-0.0161,-0.122,-0.044,-0.056,-42.76,35.6,264,-521,-3030,0,0,4768,0.0144,-0.069,-0.068,-0.032,-33.99,26.82,310,-1170,-5057,0,0,2908,-0.0176,0.103,-0.101,0.001,-8.15,0.99,338,-2187,-2568,0,0,5493,0.0128,0.155,-0.191,0.091,-7.75,0.59,333,-4877,-3928,0,0
146.68,3,12850.5,624.86,0.02,12909.31,54.8,-0.74,-0.83,-0.78,1.0,0.0,1.0,1,3433,316.3,0.89,0.2,-1.04,-28.48,791,127,2745,-0.0168,-0.035,0.128,0.028,-41.07,33.91,310,102,-3024,0,0,4738,0.0139,-0.023,0.037,-0.063,-32.64,25.48,336,-231,-5150,0,0,3019,-0.0163,0.065,0.06,-0.04,-7.97,0.81,346,-1115,-3138,0,0,5624,0.0143,0.077,-0.03,-0.07,-7.58,0.41,369,-3561,-5024,0,0
146.7,3,12850.8,624.71,0.02,12909.57,54.5,-0.37,-1.01,-0.74,1.0,0.0,1.0,1,3862,701.9,1.44,0.21,-1.06,-26.58,783,125,2787,-0.0161,0.032,0.27,0.17,-39.24,32.08,356,877,-2968,0,0,4793,0.0147,0.043,0.108,0.008,-31.26,24.1,360,638,-5190,0,0,3057,-0.0159,0.023,0.091,-0.009,-7.57,0.41,381,1193,-3132,0,0,5680,0.015,0.033,0.099,-0.001,-7.22,0.06,375,635,-5748,0,0
146.72,3,12851.1,624.56,0.02,12909.83,54.6,0.16,-0.99,-0.7,0.5,0.0,1.0,1,4382,961.4,1.81,0.21,-1.09,-26.65,784,126,2834,-0.0154,0.036,0.404,0.304,-37.15,29.99,422,1558,-2782,0,0,4875,0.016,0.063,0.221,0.121,-29.58,22.42,422,1730,-5067,0,0,3058,-0.0158,0.001,0.293,0.193,-7.29,0.13,477,3067,-1947,0,0,5727,0.0156,0.028,0.167,0.067,-6.93,-0.23,491,4741,-4313,0,0
146.74,3,12851.4,624.4,0.01,12910.09,54.9,0.54,-0.85,-0.65,0.5,0.0,1.0,1,4542,562.3,1.31,0.19,-1.12,-28.86,791,127,2843,-0.0153,0.007,0.441,0.341,-34.8,27.63,440,1958,-2578,0,0,4944,0.0171,0.054,0.255,0.155,-27.68,20.52,436,2600,-4824,0,0,3074,-0.0157,0.009,0.289,0.189,-7.43,0.27,479,3416,-1409,0,0,5822,0.0167,0.055,0.217,0.117,-7.07,-0.1,473,5851,-3238,0,0
146.76,3,12851.7,624.24,0.01,12910.35,55.3,0.6,-0.87,-0.6,0.5,0.0,1.0,1,4396,327.5,1.01,0.15,-1.12,-30.64,802,129,2832,-0.0154,-0.009,0.36,0.26,-32.42,25.26,417,1863,-2634,0,0,4974,0.0175,0.023,0.192,0.092,-25.76,18.6,414,2334,-5000,0,0,3147,-0.0148,0.043,0.222,0.122,-7.59,0.43,429,3247,-1870,0,0,5948,0.0182,0.075,0.186,0.086,-7.17,0.01,407,5036,-4364,0,0
146.78,3,12852.0,624.07,0.01,12910.61,55.5,0.48,-0.95,-0.55,0.5,0.0,1.0,1,4317,323.0,1.0,0.09,-1.13,-30.63,809,130,2784,-0.0162,-0.037,0.294,0.194,-29.86,22.7,411,1612,-2728,0,0,4934,0.0169,-0.031,0.154,0.054,-23.78,16.62,410,1904,-5144,0,0,3265,-0.0134,0.07,0.242,0.142,-7.49,0.33,408,3132,-2238,0,0,6077,0.0197,0.076,0.115,0.015,-7.1,-0.07,415,4140,-5132,0,0
146.8,3,12852.3,623.9,0.01,12910.87,55.8,0.44,-0.98,-0.5,0.5,0.0,1.0,1,4337,323.6,1.0,0.05,-1.14,-30.15,816,131,2703,-0.0174,-0.062,0.264,0.164,-27.4,20.24,413,1506,-2696,0,0,4873,0.016,-0.047,0.137,0.037,-21.8,14.64,413,1774,-5148,0,0,3376,-0.0121,0.065,0.191,0.091,-7.27,0.11,422,3180,-2362,0,0,6213,0.0213,0.08,0.166,0.066,-6.91,-0.25,405,4265,-5188,0,0
146.82,3,12852.6,623.73,0.01,12911.13,56.1,0.46,-0.97,-0.45,0.5,0.0,1.0,1,4359,324.8,1.0,0.0,-1.15,-29.7,819,133,2611,-0.0188,-0.071,0.233,0.133,-24.94,17.78,415,1432,-2635,0,0,4802,0.0149,-0.055,0.124,0.024,-19.84,12.68,414,1714,-5117,0,0,3460,-0.0111,0.049,0.24,0.14,-6.98,-0.18,412,3313,-2342,0,0,6325,0.0226,0.065,0.119,0.019,-6.73,-0.43,420,4359,-5222,0,0
146.84,3,12852.9,623.55,0.01,12911.39,56.4,0.48,-0.97,-0.39,0.5,0.0,1.0,1,4375,325.5,1.01,-0.05,-1.17,-29.1,826,134,2520,-0.0202,-0.07,0.207,0.107,-22.33,15.16,417,1375,-2567,0,0,4736,0.0139,-0.051,0.11,0.01,-17.83,10.67,416,1677,-5086,0,0,3550,-0.0101,0.053,0.188,0.088,-6.88,-0.28,426,3361,-2429,0,0,6448,0.024,0.073,0.164,0.064,-6.54,-0.62,409,4481,-5248,0,0
146.86,3,12853.2,623.37,0.01,12911.65,56.7,0.5,-0.95,-0.34,0.5,0.0,1.0,1,4390,326.4,1.01,-0.1,-1.18,-28.44,833,136,2417,-0.0218,-0.079,0.188,0.088,-19.8,12.64,420,1319,-2484,0,0,4660,0.0127,-0.059,0.097,-0.003,-15.78,8.62,419,1627,-5043,0,0,3622,-0.0092,0.043,0.231,0.131,-6.64,-0.52,414,3457,-2430,0,0,6556,0.0253,0.063,0.113,0.013,-6.33,-0.83,421,4488,-5303,0,0
146.88,3,12853.6,623.18,0.01,12911.9,57.0,0.52,-0.94,-0.29,0.5,0.0,1.0,1,4405,327.1,1.01,-0.14,-1.19,-27.77,839,137,2316,-0.0234,-0.078,0.169,0.069,-17.22,10.06,422,1281,-2394,0,0,4578,0.0114,-0.063,0.087,-0.013,-13.79,6.63,421,1594,-4977,0,0,3684,-0.0085,0.036,0.175,0.075,-6.38,-0.78,427,3492,-2472,0,0,6642,0.0263,0.05,0.156,0.056,-6.13,-1.03,410,4603,-5275,0,0
146.9,3,12853.9,622.99,0.01,12912.16,57.3,0.54,-0.92,-0.23,0.5,0.0,1.0,1,4420,327.9,1.01,-0.18,-1.19,-27.0,845,139,2221,-0.0248,-0.073,0.149,0.049,-14.62,7.46,424,1265,-2296,0,0,4497,0.0102,-0.062,0.08,-0.02,-11.73,4.57,423,1614,-4873,0,0,3742,-0.0078,0.034,0.218,0.118,-6.19,-0.97,415,3549,-2487,0,0,6719,0.0272,0.045,0.106,0.006,-5.89,-1.27,423,4543,-5308,0,0
146.92,3,12854.2,622.8,0.02,12912.42,57.7,0.56,-0.91,-0.18,1.0,0.0,1.0,1,4431,328.4,1.01,-0.21,-1.19,-26.14,852,140,2138,-0.0261,-0.064,0.131,0.031,-12.04,4.88,425,1272,-2192,0,0,4419,0.009,-0.06,0.07,-0.03,-9.69,2.53,424,1627,-4719,0,0,3801,-0.0071,0.034,0.163,0.063,-5.94,-1.23,428,3567,-2535,0,0,6783,0.028,0.038,0.149,0.049,-5.67,-1.49,412,4625,-5253,0,0
146.94,3,12854.5,622.6,0.02,12912.67,58.1,0.6,-0.87,-0.12,0.5,0.0,1.0,1,4521,789.5,1.59,-0.24,-1.19,-25.25,860,142,2069,-0.0272,-0.053,0.127,0.027,-9.43,2.26,447,1393,-2013,0,0,4353,0.008,-0.05,0.069,-0.031,-7.65,0.49,445,1885,-4390,0,0,3846,-0.0066,0.027,0.191,0.091,-5.7,-1.46,468,3799,-2337,0,0,6833,0.0286,0.03,0.074,-0.026,-5.47,-1.69,484,4841,-5124,0,0
146.96,3,12854.8,622.4,0.02,12912.93,58.6,0.84,-0.7,-0.07,1.0,0.0,1.0,1,4739,335.2,1.06,-0.27,-1.15,-25.23,873,145,2022,-0.0279,-0.036,0.157,0.057,-6.9,-0.27,463,1912,-1473,0,0,4307,0.0073,-0.036,0.076,-0.024,-5.66,-1.5,451,3147,-3480,0,0,3889,-0.0061,0.025,0.147,0.047,-5.68,-1.49,490,4205,-1840,0,0,6877,0.0291,0.025,0.099,-0.001,-5.45,-1.71,461,6350,-4114,0,0
146.98,3,12855.2,622.19,0.02,12913.18,59.3,0.95,-0.59,-0.01,0.5,0.0,1.0,1,4656,790.7,1.61,-0.3,-1.07,-24.73,890,148,2007,-0.0281,-0.011,0.156,0.056,-4.34,-2.82,466,2135,-1061,0,0,4216,0.0059,-0.07,0.051,-0.049,-3.67,-3.49,443,2922,-2797,0,0,3992,-0.0049,0.061,0.219,0.119,-5.71,-1.46,484,4303,-1900,0,0,6881,0.0291,0.003,0.129,0.029,-5.48,-1.68,486,6399,-4072,0,0
147.0,3,12855.5,621.98,0.02,12913.44,59.9,0.93,-0.53,0.05,1.0,0.0,1.0,1,4479,335.6,1.03,-0.33,-0.97,-22.84,904,152,2027,-0.0278,0.015,0.098,-0.002,-1.81,-5.36,447,2190,-655,0,0,4084,0.0038,-0.101,0.022,-0.078,-1.75,-5.42,434,2294,-1588,0,0,4146,-0.003,0.091,0.141,0.041,-5.61,-1.55,457,4163,-2392,0,0,6837,0.0286,-0.026,0.07,-0.03,-5.43,-1.73,458,5477,-4740,0,0
147.02,3,12855.8,621.77,0.02,12913.7,60.4,0.7,-0.5,0.11,1.0,0.0,1.0,1,4555,789.8,1.59,-0.35,-0.85,-18.27,916,154,2070,-0.0272,0.033,0.063,-0.037,0.03,-7.14,447,1760,-82,0,0,3924,0.0014,-0.124,0.03,-0.07,0.57,-6.59,448,1454,218,0,0,4347,-0.0007,0.118,0.15,0.05,-5.2,-1.97,474,3941,-2868,0,0,6770,0.0278,-0.039,0.059,-0.041,-5.05,-2.11,492,4282,-5128,0,0
147.04,3,12856.2,621.55,0.02,12913.96,61.0,0.95,-0.23,0.16,0.5,0.0,1.0,1,4900,999.9,1.95,-0.38,-0.7,-14.22,934,157,2137,-0.0261,0.052,0.126,0.026,1.58,-5.58,475,2337,483,0,0,3771,-0.001,-0.118,0.086,-0.014,2.66,-4.5,468,3350,1583,0,0,4539,0.0016,0.113,0.253,0.153,-4.87,-2.29,517,4996,-1838,0,0,6674,0.0267,-0.056,0.183,0.083,-4.75,-2.42,522,6833,-3114,0,0
147.06,3,12856.5,621.33,0.02,12914.23,61.8,1.04,-0.05,0.21,0.5,0.0,1.0,1,4867,562.6,1.37,-0.4,-0.51,-9.98,955,161,2234,-0.0246,0.074,0.119,0.019,3.04,-4.12,476,2355,945,0,0,3579,-0.0039,-0.147,0.088,-0.012,4.65,-2.51,470,3038,2364,0,0,4770,0.0043,0.136,0.204,0.104,-4.6,-2.56,503,5233,-1902,0,0,6529,0.025,-0.086,0.154,0.054,-4.49,-2.67,506,6774,-2890,0,0
147.08,3,12856.9,621.11,0.02,12914.49,62.4,0.95,-0.02,0.26,1.0,0.0,1.0,1,4841,335.0,1.08,-0.43,-0.3,-4.51,973,165,2360,-0.0227,0.097,0.08,-0.02,4.47,-2.69,468,2098,1533,0,0,3338,-0.0076,-0.185,0.074,-0.026,6.54,-0.63,467,2397,2823,0,0,5042,0.0075,0.16,0.085,-0.015,-4.13,-3.03,472,5080,-2554,0,0,6320,0.0225,-0.123,0.042,-0.058,-4.14,-3.02,494,6101,-3298,0,0
147.1,3,12857.2,620.89,0.02,12914.76,63.0,0.81,-0.03,0.3,1.0,0.0,1.0,1,4713,791.1,1.62,-0.44,-0.1,1.98,993,168,2493,-0.0207,0.102,0.074,-0.026,5.79,-1.37,472,1641,2108,0,0,3074,-0.0117,-0.203,0.081,-0.019,8.3,1.14,471,1807,2987,0,0,5326,0.0108,0.167,0.104,0.004,-3.46,-3.71,478,4811,-2924,0,0,6086,0.0198,-0.138,0.082,-0.018,-3.42,-3.75,485,5309,-3354,0,0
147.12,3,12857.6,620.66,0.02,12915.03,63.6,0.81,0.05,0.33,0.5,0.0,1.0,1,5056,1002.2,1.99,-0.45,0.09,8.05,1009,171,2630,-0.0185,0.106,0.123,0.023,7.03,-0.13,500,2047,2215,0,0,2818,-0.0156,-0.197,0.145,0.045,9.91,2.75,499,2045,2602,0,0,5559,0.0136,0.137,0.184,0.084,-2.65,-4.51,518,5962,-1936,0,0,5805,0.0165,-0.165,0.172,0.072,-2.73,-4.43,528,6251,-1975,0,0
147.14,3,12857.9,620.44,0.02,12915.31,64.2,0.95,0.16,0.36,0.5,0.0,1.0,1,5439,560.1,1.44,-0.46,0.26,13.06,1029,174,2762,-0.0165,0.101,0.186,0.086,8.24,1.07,537,2518,2086,0,0,2582,-0.0193,-0.181,0.222,0.122,11.44,4.28,538,2264,2084,0,0,5763,0.016,0.12,0.266,0.166,-1.98,-5.18,566,6538,-1187,0,0,5529,0.0132,-0.162,0.25,0.15,-2.03,-5.14,586,6328,-1079,0,0
147.16,3,12858.3,620.21,0.02,12915.59,64.9,0.96,0.19,0.39,0.5,0.0,1.0,1,5341,333.2,1.12,-0.46,0.41,17.68,1049,178,2875,-0.0148,0.087,0.159,0.059,9.4,2.24,515,2382,2415,0,0,2369,-0.0226,-0.164,0.221,0.121,12.91,5.75,521,2040,1957,0,0,5937,0.018,0.102,0.221,0.121,-1.28,-5.89,494,6669,-1033,0,0,5274,0.0102,-0.15,0.208,0.108,-1.33,-5.83,506,6054,-837,0,0
147.18,3,12858.7,619.98,0.02,12915.87,65.6,0.88,0.23,0.42,1.0,0.0,1.0,1,5187,333.5,1.12,-0.46,0.52,22.25,1065,182,2977,-0.0132,0.078,0.1,0.0,10.59,3.43,506,1898,2918,0,0,2195,-0.0252,-0.134,0.173,0.073,14.32,7.16,512,1662,2013,0,0,6078,0.0197,0.083,0.071,-0.029,-0.53,-6.63,500,6446,-865,0,0,5055,0.0076,-0.129,0.091,-0.009,-0.58,-6.58,528,5701,-631,0,0
147.2,3,12859.0,619.74,0.02,12916.15,66.1,0.82,0.28,0.44,1.0,0.0,1.0,1,5206,792.6,1.72,-0.45,0.59,26.38,1081,185,3056,-0.012,0.061,0.128,0.028,11.7,4.54,523,1922,3021,0,0,2066,-0.0272,-0.099,0.207,0.107,15.68,8.52,527,1533,1918,0,0,6187,0.021,0.065,0.124,0.024,0.22,-6.94,519,6572,-240,0,0,4892,0.0057,-0.096,0.157,0.057,0.21,-6.95,532,5587,-162,0,0
147.22,3,12859.4,619.51,0.02,12916.44,66.7,0.82,0.34,0.46,0.5,0.0,1.0,1,5450,1005.6,2.08,-0.44,0.64,29.95,1097,188,3134,-0.0108,0.06,0.161,0.061,12.78,5.62,543,2142,2992,0,0,1998,-0.0283,-0.052,0.259,0.159,16.95,9.78,550,1602,1756,0,0,6260,0.0218,0.043,0.171,0.071,0.96,-6.2,548,6912,365,0,0,4775,0.0043,-0.069,0.211,0.111,0.97,-6.19,564,5559,213,0,0
147.24,3,12859.8,619.27,0.02,12916.73,67.3,0.86,0.4,0.48,0.5,0.0,1.0,1,5498,558.7,1.46,-0.42,0.66,33.19,1114,192,3216,-0.0095,0.063,0.167,0.067,13.81,6.65,546,2254,3024,0,0,1992,-0.0284,-0.005,0.288,0.188,18.2,11.03,560,1669,1680,0,0,6305,0.0223,0.026,0.154,0.054,1.69,-5.47,546,6977,880,0,0,4704,0.0035,-0.041,0.208,0.108,1.73,-5.43,559,5492,499,0,0
147.26,3,12860.1,619.04,0.02,12917.03,67.9,0.82,0.49,0.5,0.5,0.0,1.0,1,5422,332.9,1.13,-0.41,0.67,35.84,1132,195,3294,-0.0083,0.06,0.13,0.03,14.79,7.63,524,1767,3407,0,0,2031,-0.0277,0.03,0.243,0.143,19.39,12.23,531,1483,1884,0,0,6341,0.0228,0.021,0.17,0.07,2.33,-4.83,504,6568,1645,0,0,4689,0.0033,-0.009,0.203,0.103,2.41,-4.75,522,5333,950,0,0
147.28,3,12860.5,618.8,0.02,12917.33,68.4,0.71,0.61,0.51,1.0,0.0,1.0,1,5180,333.5,1.12,-0.39,0.7,37.61,1151,198,3383,-0.007,0.068,0.078,-0.022,15.76,8.6,512,1407,3661,0,0,2090,-0.0268,0.045,0.175,0.075,20.52,13.36,513,1272,2093,0,0,6387,0.0233,0.027,-0.012,-0.088,2.81,-4.36,527,4463,2701,0,0,4696,0.0034,0.004,0.069,-0.031,2.97,-4.2,500,4890,1637,0,0
147.3,3,12860.9,618.57,0.02,12917.63,68.9,0.61,0.7,0.53,1.0,0.0,1.0,1,5413,791.5,1.77,-0.36,0.73,38.71,1171,200,3488,-0.0053,0.081,0.109,0.009,16.66,9.5,529,1479,3751,0,0,2154,-0.0259,0.049,0.216,0.116,21.62,14.45,529,1318,2144,0,0,6438,0.0239,0.03,0.054,-0.046,3.27,-3.89,524,5444,2970,0,0,4693,0.0034,-0.002,0.098,-0.002,3.42,-3.74,551,5053,1685,0,0
147.32,3,12861.3,618.33,0.02,12917.93,69.4,0.73,0.68,0.55,0.5,0.0,1.0,1,5711,998.0,2.14,-0.34,0.77,40.7,1192,203,3614,-0.0034,0.097,0.188,0.088,17.54,10.38,568,2166,3574,0,0,2218,-0.0249,0.049,0.309,0.209,22.66,15.5,569,1635,2018,0,0,6482,0.0244,0.026,0.157,0.057,3.78,-3.38,590,6778,2458,0,0,4656,0.0029,-0.022,0.266,0.166,3.98,-3.18,584,5313,1308,0,0
147.34,3,12861.7,618.1,0.01,12918.24,70.0,0.85,0.63,0.56,0.5,0.0,1.0,1,6169,536.5,1.56,-0.32,0.81,43.22,1213,207,3735,-0.0015,0.093,0.262,0.162,18.52,11.36,592,2703,3371,0,0,2256,-0.0243,0.029,0.399,0.299,23.82,16.66,594,1870,1877,0,0,6555,0.0253,0.043,0.29,0.19,4.43,-2.73,582,7199,2082,0,0,4621,0.0025,-0.02,0.348,0.248,4.71,-2.45,603,5351,1158,0,0
147.36,3,12862.1,617.87,0.01,12918.56,70.6,0.87,0.67,0.58,0.5,0.0,1.0,1,5938,313.2,1.2,-0.32,0.84,45.47,1239,210,3844,0.0001,0.084,0.202,0.102,19.45,12.29,577,2524,3631,0,0,2297,-0.0237,0.032,0.359,0.259,24.95,17.79,586,1855,1946,0,0,6638,0.0263,0.049,0.102,0.002,5.06,-2.1,599,6857,2972,0,0,4615,0.0025,-0.004,0.215,0.115,5.4,-1.76,578,5200,1597,0,0
147.38,3,12862.5,617.63,0.01,12918.88,71.1,0.8,0.76,0.59,0.0,0.0,1.0,1,5801,318.7,1.19,-0.32,0.87,46.63,1261,213,3922,0.0013,0.06,0.178,0.078,20.47,13.3,567,2239,3887,0,0,2313,-0.0234,0.012,0.335,0.235,26.15,18.99,574,1748,2050,0,0,6726,0.0273,0.052,0.09,-0.01,5.64,-1.52,563,6133,4070,0,0,4621,0.0025,0.004,0.159,0.059,6.0,-1.16,592,5001,2070,0,0
147.4,3,12862.9,617.4,0.01,12919.2,71.6,0.68,0.86,0.61,0.0,0.0,1.0,1,5532,-22.3,0.52,-0.31,0.93,46.58,1281,216,3992,0.0024,0.054,0.14,0.04,21.49,14.33,549,1879,4130,0,0,2314,-0.0234,0.001,0.292,0.192,27.31,20.15,553,1585,2161,0,0,6815,0.0283,0.052,0.012,-0.088,6.05,-1.11,566,4528,5312,0,0,4620,0.0025,-0.001,0.115,0.015,6.38,-0.79,540,4566,2751,0,0
147.42,3,12863.3,617.17,0.01,12919.53,71.9,0.47,0.97,0.62,0.0,0.0,1.0,1,5313,-255.1,0.2,-0.3,0.99,45.22,1300,218,4090,0.0039,0.075,0.112,0.012,22.49,15.33,529,1433,4392,0,0,2299,-0.0236,-0.012,0.251,0.151,28.49,21.33,529,1348,2275,0,0,6915,0.0295,0.059,0.02,-0.08,6.31,-0.86,521,2715,6078,0,0,4572,0.002,-0.028,0.14,0.04,6.68,-0.48,541,3835,3423,0,0
147.44,3,12863.7,616.95,0.01,12919.85,71.9,0.18,1.05,0.64,1.0,0.0,1.0,1,4958,-244.4,0.2,-0.26,1.06,42.69,1313,218,4183,0.0053,0.071,0.047,-0.053,23.45,16.29,500,857,4617,0,0,2289,-0.0238,-0.008,0.177,0.077,29.66,22.5,499,1057,2391,0,0,6965,0.0301,0.03,-0.051,-0.049,6.34,-0.83,505,-1074,6394,0,0,4489,0.001,-0.049,-0.029,-0.071,6.68,-0.48,522,1890,4207,0,0
147.46,3,12864.1,616.72,0.01,12920.19,71.8,-0.2,1.07,0.66,1.0,0.0,1.0,1,4912,193.5,0.78,-0.19,1.13,39.42,1320,217,4323,0.0075,0.108,0.035,-0.065,24.45,17.29,477,363,4814,0,0,2292,-0.0237,0.002,0.162,0.062,30.91,23.75,476,800,2475,0,0,6982,0.0303,0.01,-0.018,-0.082,6.29,-0.87,490,-1971,6325,0,0,4326,-0.0009,-0.096,0.071,-0.029,6.62,-0.55,467,1095,4186,0,0
147.48,3,12864.5,616.51,0.01,12920.52,71.5,-0.25,1.05,0.68,1.0,0.0,1.0,1,5025,562.5,1.37,-0.1,1.22,36.55,1326,216,4508,0.0104,0.142,0.069,-0.031,25.48,18.32,486,512,4983,0,0,2331,-0.0231,0.03,0.202,0.102,32.14,24.98,485,853,2498,0,0,6932,0.0297,-0.03,0.083,-0.017,6.22,-0.94,503,-332,6390,0,0,4084,-0.0038,-0.142,0.088,-0.012,6.49,-0.67,505,1419,3888,0,0
147.5,3,12864.9,616.29,0.01,12920.85,71.6,0.13,1.02,0.71,1.0,0.0,1.0,1,5506,1004.7,2.1,-0.01,1.3,35.33,1340,216,4740,0.0139,0.178,0.141,0.041,26.4,19.23,531,1483,5039,0,0,2397,-0.0221,0.051,0.292,0.192,33.3,26.14,530,1255,2418,0,0,6843,0.0287,-0.052,0.071,-0.029,6.21,-0.95,550,4357,5566,0,0,3779,-0.0074,-0.18,0.111,0.011,6.54,-0.62,574,3464,2645,0,0
147.52,3,12865.3,616.08,0.01,12921.19,71.9,0.52,0.86,0.74,0.5,0.0,1.0,1,6022,982.8,2.21,0.03,1.35,36.99,1361,218,4949,0.0171,0.161,0.273,0.173,27.54,20.38,582,2725,4778,0,0,2445,-0.0214,0.037,0.458,0.358,34.77,27.61,586,1734,2203,0,0,6767,0.0278,-0.044,0.225,0.125,6.57,-0.59,636,6820,3507,0,0,3492,-0.0107,-0.169,0.309,0.209,6.87,-0.29,632,3909,1477,0,0
147.54,3,12865.7,615.87,0.01,12921.53,72.3,0.66,0.77,0.76,0.5,0.0,1.0,1,6171,532.3,1.57,0.05,1.34,39.91,1378,221,5052,0.0187,0.079,0.304,0.204,28.79,21.63,591,3120,4670,0,0,2468,-0.021,0.018,0.549,0.449,36.26,29.09,610,1968,2057,0,0,6702,0.027,-0.038,0.234,0.134,7.1,-0.06,639,6966,3164,0,0,3323,-0.0127,-0.099,0.326,0.226,7.48,0.31,640,3770,1316,0,0
147.56,3,12866.1,615.66,0.01,12921.87,72.7,0.63,0.79,0.78,0.5,0.0,1.0,1,6044,308.8,1.22,0.04,1.31,42.11,1388,223,5064,0.0189,0.009,0.275,0.175,29.96,22.8,576,2963,4761,0,0,2488,-0.0207,0.015,0.542,0.442,37.69,30.53,599,1980,2071,0,0,6655,0.0265,-0.028,0.119,0.019,7.64,0.47,616,6157,4283,0,0,3286,-0.0132,-0.022,0.193,0.093,8.07,0.91,595,3539,1705,0,0
147.58,3,12866.5,615.45,0.01,12922.22,73.1,0.59,0.88,0.8,0.5,0.0,1.0,1,5880,319.7,1.19,0.01,1.26,42.84,1397,225,5017,0.0182,-0.036,0.269,0.169,31.1,23.94,558,2670,4848,0,0,2511,-0.0204,0.017,0.53,0.43,39.09,31.92,574,1895,2165,0,0,6638,0.0263,-0.01,0.177,0.077,8.04,0.88,554,5446,5013,0,0,3360,-0.0123,0.043,0.228,0.128,8.51,1.35,576,3414,2070,0,0
147.6,3,12866.9,615.24,0.01,12922.57,73.4,0.47,0.97,0.83,0.5,0.0,1.0,1,5716,326.4,1.16,-0.03,1.22,42.06,1400,227,4933,0.0169,-0.065,0.249,0.149,32.26,25.1,544,2351,4888,0,0,2509,-0.0204,-0.001,0.495,0.395,40.45,33.29,552,1766,2249,0,0,6654,0.0265,0.01,0.116,0.016,8.27,1.11,557,4388,5812,0,0,3484,-0.0108,0.073,0.232,0.132,8.8,1.63,550,3226,2536,0,0
147.62,3,12867.3,615.04,0.01,12922.93,73.6,0.4,1.03,0.85,0.5,0.0,1.0,1,5658,328.7,1.16,-0.06,1.2,40.52,1404,228,4857,0.0157,-0.059,0.262,0.162,33.38,26.22,544,2286,4820,0,0,2508,-0.0204,0.0,0.502,0.402,41.84,34.68,546,1714,2278,0,0,6698,0.027,0.026,0.139,0.039,8.35,1.19,539,4008,6083,0,0,3627,-0.0092,0.084,0.173,0.073,8.8,1.64,555,3135,2857,0,0
147.64,3,12867.7,614.84,0.01,12923.29,73.8,0.37,1.05,0.88,0.5,0.0,1.0,1,5649,329.1,1.16,-0.08,1.2,38.63,1409,230,4803,0.0149,-0.041,0.276,0.176,34.56,27.4,543,2293,4748,0,0,2499,-0.0206,-0.007,0.529,0.429,43.27,36.11,544,1727,2253,0,0,6756,0.0277,0.034,0.1,0.0,8.39,1.23,551,3799,6257,0,0,3743,-0.0078,0.069,0.206,0.106,8.81,1.64,542,3177,2995,0,0
147.66,3,12868.1,614.64,0.01,12923.65,73.9,0.36,1.05,0.91,1.0,0.0,1.0,1,5646,329.2,1.16,-0.09,1.2,36.72,1415,231,4779,0.0145,-0.019,0.293,0.193,35.81,28.65,542,2333,4694,0,0,2479,-0.0209,-0.015,0.561,0.461,44.82,37.66,544,1739,2216,0,0,6818,0.0284,0.036,0.137,0.037,8.36,1.2,539,3936,6259,0,0,3811,-0.007,0.04,0.163,0.063,8.75,1.58,554,3162,3106,0,0
147.68,3,12868.5,614.45,0.01,12924.01,74.1,0.35,1.06,0.94,0.5,0.0,1.0,1,5719,782.8,1.82,-0.1,1.22,35.01,1419,232,4783,0.0146,0.003,0.31,0.21,37.08,29.92,559,2413,4655,0,0,2472,-0.021,-0.006,0.599,0.499,46.38,39.22,560,1780,2175,0,0,6872,0.029,0.032,0.087,-0.013,8.35,1.18,613,4132,6224,0,0,3849,-0.0065,0.023,0.193,0.093,8.75,1.59,597,3370,2974,0,0
147.7,3,12868.9,614.26,0.01,12924.38,74.4,0.5,0.98,0.97,0.0,0.88,1.0,1,5860,316.5,1.2,-0.12,1.24,34.4,1429,233,4800,0.0148,0.013,0.372,0.272,38.38,31.22,576,2765,4493,0,0,2456,-0.0212,-0.012,0.699,0.599,47.95,40.79,579,1915,2050,0,0,6946,0.0299,0.044,0.143,0.043,8.39,1.23,602,5412,5495,0,0,3881,-0.0062,0.019,0.171,0.071,8.76,1.59,627,3709,2657,0,0
147.72,3,12869.3,614.07,0.01,12924.75,74.6,0.41,1.03,1.0,0.0,0.95,1.0,1,5294,-11.1,0.51,-0.13,1.24,32.9,1438,235,4809,0.015,0.007,0.201,0.101,39.68,32.52,489,1890,4869,1543,1,2437,-0.0215,-0.015,0.498,0.398,49.63,42.47,490,1607,2233,1543,1,7020,0.0308,0.043,0.059,-0.041,8.34,1.17,544,3340,6718,2769,0,3917,-0.0057,0.021,0.077,-0.023,8.72,1.56,564,2950,3419,2769,0
147.74,3,12869.8,613.89,0.01,12925.12,74.5,0.02,1.11,1.0,0.0,1.0,1.0,1,4593,-227.0,0.2,-0.12,1.26,29.5,1437,234,4811,0.015,0.001,-0.076,-0.024,41.0,33.83,351,600,5138,5552,0,2421,-0.0218,-0.012,0.363,0.263,51.24,44.07,432,1243,2397,1666,1,7067,0.0313,0.028,0.011,-0.089,8.14,0.98,522,-498,7275,2990,0,3941,-0.0055,0.014,0.012,-0.088,8.44,1.28,534,855,4223,2990,0
147.76,3,12870.2,613.71,0.01,12925.49,74.1,-0.55,1.03,1.0,0.0,1.0,1.0,1,3960,-201.7,0.2,-0.07,1.27,25.13,1426,231,4851,0.0156,0.031,-0.197,0.097,41.25,34.08,323,-1174,5091,1755,1,2428,-0.0216,0.006,-0.004,-0.096,51.5,44.34,293,564,2610,5850,0,7087,0.0315,0.012,-0.123,0.023,7.79,0.62,502,-4742,6074,945,1,3919,-0.0057,-0.013,-0.064,-0.036,8.06,0.9,466,-2134,3828,3150,0
147.78,3,12870.6,613.54,0.01,12925.85,73.4,-0.86,0.88,1.0,0.0,1.0,1.0,1,3644,-182.4,0.2,0.01,1.25,21.42,1415,227,4948,0.0171,0.075,-0.208,0.108,41.51,34.34,294,-1562,5100,1755,1,2510,-0.0204,0.063,-0.184,0.084,51.75,44.58,239,-472,2713,1755,1,7019,0.0307,-0.04,-0.099,-0.001,7.53,0.37,438,-5226,5649,3150,0,3831,-0.0068,-0.052,-0.053,-0.047,7.77,0.61,411,-2590,3481,3150,0
147.8,3,12871.0,613.37,0.01,12926.22,72.6,-1.03,0.74,1.0,0.0,1.0,1.0,1,3267,-170.6,0.2,0.13,1.2,18.38,1406,223,5081,0.0192,0.102,-0.314,0.214,41.67,34.5,271,-2125,5064,1755,1,2675,-0.0178,0.127,-0.303,0.203,51.91,44.75,225,-851,2814,1755,1,6832,0.0285,-0.11,-0.183,0.083,7.4,0.24,428,-6167,4558,945,1,3686,-0.0085,-0.085,-0.219,0.119,7.54,0.37,434,-3459,2585,945,1
147.82,3,12871.4,613.2,0.01,12926.58,71.8,-1.1,0.63,1.0,0.0,1.0,1.0,1,3163,-157.9,0.2,0.27,1.11,15.76,1398,218,5219,0.0213,0.106,-0.325,0.225,41.87,34.7,243,-2505,5063,1755,1,2910,-0.0142,0.181,-0.308,0.208,52.08,44.92,196,-1125,2994,1755,1,6517,0.0248,-0.185,-0.178,0.078,7.27,0.11,403,-6181,4035,945,1,3497,-0.0107,-0.111,-0.146,0.046,7.38,0.21,373,-3427,2292,945,1
147.84,3,12871.8,613.04,0.01,12926.94,71.0,-1.12,0.56,1.0,0.0,1.0,1.0,1,2971,-155.0,0.2,0.42,1.0,13.56,1391,213,5340,0.0232,0.093,-0.365,0.265,42.03,34.87,245,-2688,5116,1755,1,3200,-0.0098,0.223,-0.365,0.265,52.24,45.08,201,-1335,3247,1755,1,6083,0.0197,-0.255,-0.22,0.12,7.16,0.0,398,-6043,3458,945,1,3285,-0.0132,-0.125,-0.263,0.163,7.21,0.05,405,-3415,1898,945,1
147.86,3,12872.2,612.88,0.01,12927.29,70.1,-1.12,0.52,1.0,0.0,1.0,0.98,1,2929,-145.6,0.2,0.58,0.86,11.97,1383,208,5437,0.0247,0.075,-0.347,0.247,42.18,35.01,228,-2771,5183,1755,1,3520,-0.0049,0.246,-0.333,0.233,52.35,45.19,184,-1493,3545,1755,1,5560,0.0136,-0.308,-0.225,0.125,6.96,-0.2,368,-5748,2886,945,1,3052,-0.0159,-0.137,-0.195,0.095,7.19,0.03,341,-3247,1668,945,1
147.88,3,12872.5,612.72,0.01,12927.64,69.3,-1.11,0.46,1.0,0.0,1.0,0.88,1,2717,-141.1,0.2,0.72,0.72,10.98,1370,204,5498,0.0256,0.047,-0.392,0.292,42.22,35.06,227,-2912,5184,1755,1,3841,0.0001,0.248,-0.388,0.288,52.43,45.27,188,-1679,3832,1755,1,4985,0.0068,-0.338,-0.285,0.185,6.96,-0.2,356,-5369,2289,945,1,2818,-0.0187,-0.138,-0.324,0.224,7.08,-0.08,362,-3131,1317,945,1
147.9,3,12872.9,612.56,0.02,12927.99,68.5,-1.09,0.41,1.0,0.0,1.0,0.78,1,2594,-129.1,0.2,0.85,0.58,10.49,1354,199,5528,0.026,0.022,-0.394,0.294,42.31,35.15,207,-3060,5143,1755,1,4145,0.0048,0.233,-0.379,0.279,52.48,45.32,168,-1888,4086,1755,1,4408,0.0,-0.34,-0.31,0.21,6.93,-0.23,320,-4898,1794,945,1,2599,-0.0212,-0.129,-0.286,0.186,7.15,-0.02,299,-2949,1106,945,1
147.92,3,12873.3,612.41,0.02,12928.33,67.8,-1.06,0.36,1.0,0.0,1.0,0.68,1,2350,-121.5,0.2,0.95,0.45,10.4,1332,195,5528,0.026,0.0,-0.446,0.346,42.33,35.17,201,-3248,5045,1755,1,4418,0.009,0.21,-0.443,0.343,52.56,45.4,166,-2137,4287,1755,1,3864,-0.0064,-0.32,-0.381,0.281,7.04,-0.13,299,-4407,1378,945,1,2412,-0.0235,-0.11,-0.411,0.311,7.09,-0.07,305,-2804,873,945,1
147.94,3,12873.7,612.26,0.02,12928.67,67.0,-1.04,0.31,1.0,0.0,1.0,0.58,1,2168,-109.4,0.2,1.03,0.33,10.64,1304,191,5502,0.0256,-0.02,-0.467,0.367,42.39,35.23,179,-3435,4909,1755,1,4647,0.0125,0.176,-0.453,0.353,52.61,45.44,145,-2387,4432,1755,1,3394,-0.0119,-0.276,-0.425,0.325,7.07,-0.09,261,-3946,1066,945,1,2276,-0.0251,-0.08,-0.404,0.304,7.2,0.03,246,-2681,739,945,1
147.96,3,12874.0,612.12,0.02,12929.01,66.3,-1.02,0.28,1.0,0.0,1.0,0.48,1,1998,-104.1,0.2,1.07,0.23,11.0,1271,186,5461,0.025,-0.032,-0.513,0.413,42.49,35.33,172,-3578,4772,1755,1,4830,0.0153,0.14,-0.502,0.402,52.67,45.51,143,-2599,4537,1755,1,3031,-0.0162,-0.214,-0.488,0.388,7.25,0.08,256,-3559,895,945,1,2206,-0.0259,-0.041,-0.473,0.373,7.33,0.17,246,-2614,672,945,1
147.98,3,12874.4,611.97,0.02,12929.35,65.5,-1.03,0.26,1.0,0.0,1.0,0.38,1,1902,-97.1,0.2,1.08,0.17,11.47,1234,182,5413,0.0243,-0.037,-0.526,0.426,42.51,35.35,156,-3688,4642,1755,1,4966,0.0174,0.105,-0.505,0.405,52.81,45.65,129,-2774,4604,1755,1,2797,-0.0189,-0.138,-0.483,0.383,7.36,0.2,231,-3304,794,945,1,2212,-0.0258,0.004,-0.467,0.367,7.5,0.34,222,-2628,652,945,1
148.0,3,12874.8,611.83,0.02,12929.68,64.8,-1.05,0.24,1.0,0.0,1.0,0.28,1,1813,-94.6,0.2,1.06,0.13,11.92,1195,178,5375,0.0237,-0.029,-0.556,0.456,42.67,35.51,152,-3763,4544,1755,1,5050,0.0187,0.065,-0.545,0.445,52.84,45.68,126,-2930,4620,1755,1,2706,-0.02,-0.053,-0.51,0.41,7.6,0.44,232,-3202,763,945,1,2282,-0.025,0.041,-0.492,0.392,7.71,0.55,228,-2708,671,945,1
148.02,3,12875.1,611.69,0.02,12930.0,64.0,-1.09,0.24,1.0,0.0,1.0,0.18,1,1726,-90.1,0.2,1.02,0.13,12.13,1156,173,5350,0.0233,-0.019,-0.577,0.477,42.7,35.54,143,-3830,4464,1755,1,5091,0.0193,0.031,-0.581,0.481,52.96,45.8,115,-3097,4575,1755,1,2745,-0.0195,0.023,-0.52,0.42,7.73,0.57,220,-3245,779,945,1,2407,-0.0235,0.073,-0.503,0.403,7.86,0.7,219,-2850,713,945,1
148.04,3,12875.5,611.55,0.02,12930.32,63.2,-1.14,0.24,1.0,0.0,1.0,0.08,1,1658,-86.2,0.2,0.98,0.14,11.94,1119,169,5343,0.0232,-0.005,-0.591,0.491,42.86,35.69,131,-3895,4407,1755,1,5097,0.0194,0.004,-0.617,0.517,53.12,45.96,97,-3278,4475,1755,1,2884,-0.0179,0.081,-0.505,0.405,7.85,0.69,217,-3398,833,945,1,2562,-0.0217,0.091,-0.498,0.398,8.01,0.85,217,-3024,770,945,1
148.06,3,12875.8,611.41,0.01,12930.64,62.3,-1.17,0.23,1.0,0.0,1.0,0.0,1,1620,-84.5,0.2,0.94,0.16,11.31,1085,164,5354,0.0234,0.008,-0.661,0.561,43.06,35.89,107,-4062,4291,1755,1,5083,0.0192,-0.011,-0.773,0.673,53.31,46.15,56,-3608,4240,1755,1,3075,-0.0157,0.113,-0.42,0.32,8.02,0.86,256,-3572,1027,945,1,2721,-0.0198,0.094,-0.419,0.319,8.13,0.97,250,-3167,936,945,1
148.08,3,12876.2,611.28,0.01,12930.96,61.5,-1.19,0.23,1.0,0.0,1.0,0.0,1,1563,-81.8,0.2,0.9,0.18,9.9,1053,160,5375,0.0237,0.016,-0.708,0.608,43.39,36.23,91,-4249,4163,1755,1,5064,0.0189,-0.015,-0.91,0.81,53.54,46.38,21,-3986,3922,1755,1,3279,-0.0133,0.12,-0.265,0.165,8.03,0.86,318,-3603,1567,945,1,2872,-0.018,0.089,-0.303,0.203,8.17,1.01,296,-3212,1299,945,1
148.1,3,12876.5,611.15,0.01,12931.27,60.6,-1.17,0.28,1.0,0.0,1.0,0.0,1,1508,-79.1,0.2,0.87,0.22,7.46,1023,155,5395,0.024,0.015,-0.74,0.64,43.55,36.39,79,-4375,4078,1755,1,5041,0.0186,-0.017,-0.923,0.823,53.76,46.6,18,-4193,3704,1755,1,3470,-0.011,0.112,-0.127,0.027,7.88,0.72,371,-3103,2623,945,1,3007,-0.0164,0.08,-0.195,0.095,7.98,0.82,337,-3059,1875,945,1
148.12,3,12876.8,611.02,0.01,12931.58,59.8,-1.11,0.36,1.0,0.0,1.0,0.0,1,1455,-75.9,0.2,0.84,0.26,4.04,996,151,5426,0.0245,0.024,-0.756,0.656,43.73,36.57,73,-4453,4049,1755,1,5012,0.0181,-0.023,-0.931,0.831,53.92,46.76,16,-4189,3665,1755,1,3657,-0.0088,0.11,-0.134,0.034,7.53,0.37,362,-3071,2920,945,1,3116,-0.0152,0.064,-0.125,0.025,7.59,0.43,362,-2646,2501,945,1
148.14,3,12877.1,610.89,0.01,12931.88,59.0,-1.09,0.38,1.0,0.0,1.0,0.0,1,1405,-72.7,0.2,0.81,0.3,0.18,970,147,5463,0.025,0.028,-0.763,0.663,43.87,36.71,70,-4501,4055,1755,1,4971,0.0175,-0.032,-0.954,0.854,54.03,46.87,10,-4147,3646,1755,1,3835,-0.0067,0.104,-0.134,0.034,7.02,-0.14,356,-3268,2981,945,1,3191,-0.0143,0.044,-0.122,0.022,7.04,-0.12,360,-2650,2579,945,1
148.16,3,12877.5,610.77,0.01,12932.18,58.2,-1.1,0.37,1.0,0.0,1.0,0.0,1,1356,-69.6,0.2,0.79,0.35,-3.7,946,143,5501,0.0256,0.029,-0.765,0.665,43.96,36.8,68,-4533,4078,1755,1,4916,0.0166,-0.042,-0.989,0.889,54.04,46.88,1,-4120,3593,1755,1,3999,-0.0048,0.097,-0.115,0.015,6.42,-0.75,344,-3410,3050,3150,0,3235,-0.0138,0.026,-0.118,0.018,6.4,-0.77,344,-2760,2512,3150,0
148.18,3,12877.8,610.65,0.01,12932.47,57.4,-1.11,0.35,1.0,0.0,1.0,0.0,1,1310,-66.6,0.2,0.77,0.39,-7.43,921,139,5531,0.0261,0.023,-0.767,0.667,43.97,36.8,67,-4560,4094,1755,1,4858,0.0157,-0.045,-0.929,0.829,54.04,46.88,15,-4072,3555,1755,1,4129,-0.0032,0.077,-0.119,0.019,5.76,-1.4,338,-3626,2985,3150,0,3249,-0.0136,0.008,-0.144,0.044,5.69,-1.48,345,-2986,2284,945,1
148.2,3,12878.1,610.53,0.01,12932.76,56.6,-1.13,0.32,1.0,0.0,1.0,0.0,1,1265,-63.8,0.2,0.77,0.41,-10.96,897,135,5556,0.0265,0.019,-0.768,0.668,43.96,36.79,65,-4582,4108,1755,1,4813,0.015,-0.035,-0.971,0.871,53.96,46.8,5,-4029,3532,1755,1,4224,-0.0021,0.055,-0.144,0.044,5.15,-2.01,336,-3885,2815,945,1,3251,-0.0136,0.002,-0.124,0.024,5.04,-2.13,349,-3070,2146,945,1
148.22,3,12878.4,610.41,0.01,12933.05,55.8,-1.13,0.29,1.0,0.0,1.0,0.0,1,1223,-61.1,0.2,0.76,0.42,-14.25,873,132,5564,0.0266,0.006,-0.775,0.675,43.83,36.66,62,-4609,4093,1755,1,4777,0.0145,-0.028,-0.924,0.824,53.89,46.73,16,-4003,3505,1755,1,4269,-0.0016,0.027,-0.13,0.03,4.33,-2.83,337,-4067,2588,945,1,3239,-0.0137,-0.007,-0.139,0.039,4.19,-2.97,340,-3202,1901,945,1
148.24,3,12878.7,610.3,0.01,12933.33,55.0,-1.14,0.24,1.0,0.0,1.0,0.0,1,1182,-58.5,0.2,0.76,0.41,-17.19,848,128,5559,0.0265,-0.004,-0.786,0.686,43.69,36.53,59,-4640,4058,1755,1,4750,0.0141,-0.02,-0.968,0.868,53.6,46.44,6,-3982,3487,1755,1,4283,-0.0014,0.009,-0.144,0.044,3.59,-3.58,326,-4243,2288,945,1,3225,-0.0139,-0.008,-0.144,0.044,3.43,-3.73,335,-3303,1656,945,1
148.26,3,12879.0,610.19,0.01,12933.61,54.1,-1.15,0.2,1.0,0.0,1.0,0.0,1,1143,-56.0,0.2,0.77,0.39,-19.7,824,124,5543,0.0263,-0.012,-0.8,0.7,43.49,36.33,54,-4675,4001,1755,1,4749,0.0141,-0.001,-0.99,0.89,53.37,46.21,0,-4001,3467,1755,1,4259,-0.0017,-0.014,-0.124,0.024,2.82,-4.34,328,-4321,1978,945,1,3220,-0.0139,-0.003,-0.134,0.034,2.8,-4.36,335,-3382,1436,945,1
148.28,3,12879.3,610.08,0.01,12933.89,53.3,-1.15,0.16,1.0,0.0,1.0,0.0,1,1106,-53.6,0.2,0.77,0.36,-21.8,800,120,5521,0.0259,-0.017,-0.816,0.716,43.22,36.06,49,-4711,3934,1755,1,4768,0.0144,0.015,-0.994,0.894,53.2,46.04,0,-4016,3481,1755,1,4206,-0.0023,-0.031,-0.107,0.007,2.06,-5.1,315,-4360,1622,3150,0,3221,-0.0139,0.001,-0.114,0.014,1.97,-5.2,325,-3446,1174,3150,0
148.3,3,12879.6,609.97,0.01,12934.16,52.5,-1.16,0.11,1.0,0.0,1.0,0.0,1,1070,-51.3,0.2,0.78,0.32,-23.52,776,117,5486,0.0254,-0.026,-0.836,0.736,42.94,35.77,43,-4748,3847,1755,1,4791,0.0147,0.017,-0.989,0.889,52.77,45.61,1,-4037,3494,1755,1,4134,-0.0032,-0.042,-0.124,0.024,1.32,-5.84,318,-4454,1164,945,1,3224,-0.0139,0.001,-0.12,0.02,1.24,-5.92,318,-3551,852,3150,0
148.32,3,12879.9,609.86,0.01,12934.42,51.7,-1.17,0.06,1.0,0.0,1.0,0.0,1,1036,-49.1,0.2,0.8,0.27,-24.84,752,113,5449,0.0248,-0.029,-0.855,0.755,42.64,35.47,38,-4781,3757,1755,1,4834,0.0154,0.033,-0.971,0.871,52.47,45.31,5,-4081,3515,1755,1,4041,-0.0043,-0.054,-0.139,0.039,0.68,-6.49,307,-4449,765,945,1,3237,-0.0137,0.008,-0.113,0.013,0.64,-6.52,316,-3597,586,3150,0
148.34,3,12880.2,609.75,0.01,12934.68,50.8,-1.17,0.01,1.0,0.0,1.0,0.0,1,1003,-47.0,0.2,0.81,0.2,-25.8,729,109,5404,0.0241,-0.034,-0.876,0.776,42.29,35.13,32,-4810,3660,1755,1,4894,0.0163,0.046,-0.934,0.834,52.13,44.96,14,-4134,3553,1755,1,3927,-0.0056,-0.067,-0.122,0.022,0.04,-7.12,307,-4336,405,945,1,3259,-0.0135,0.013,-0.135,0.035,0.01,-7.15,318,-3675,292,945,1
148.36,3,12880.5,609.65,0.01,12934.94,50.0,-1.18,-0.03,1.0,0.0,1.0,0.0,1,972,-45.0,0.2,0.83,0.13,-26.37,707,106,5353,0.0234,-0.04,-0.894,0.794,41.92,34.75,27,-4826,3562,1755,1,4968,0.0174,0.057,-0.978,0.878,51.76,44.6,4,-4202,3594,1755,1,3792,-0.0072,-0.08,-0.115,0.015,-0.58,-6.58,290,-4224,49,3150,0,3288,-0.0131,0.017,-0.149,0.049,-0.5,-6.67,308,-3723,45,945,1
148.38,3,12880.7,609.54,0.01,12935.19,49.2,-1.17,-0.07,1.0,0.0,1.0,0.0,1,942,-43.1,0.2,0.84,0.06,-26.63,685,102,5295,0.0225,-0.044,-0.912,0.812,41.54,34.38,22,-4833,3465,1755,1,5043,0.0186,0.058,-0.91,0.81,51.43,44.27,19,-4293,3616,1755,1,3646,-0.0089,-0.085,-0.121,0.021,-1.1,-6.06,297,-4086,-246,945,1,3317,-0.0128,0.017,-0.121,0.021,-1.02,-6.14,313,-3739,-209,945,1
148.4,3,12881.0,609.44,0.01,12935.44,48.4,-1.16,-0.1,1.0,0.0,1.0,0.0,1,913,-41.3,0.2,0.86,-0.01,-26.53,663,99,5229,0.0214,-0.051,-0.931,0.831,41.17,34.01,17,-4829,3364,1755,1,5112,0.0197,0.053,-0.938,0.838,51.06,43.9,13,-4289,3721,1755,1,3499,-0.0107,-0.087,-0.144,0.044,-1.57,-5.59,284,-3916,-480,945,1,3346,-0.0125,0.017,-0.13,0.03,-1.51,-5.65,305,-3758,-448,945,1
148.42,3,12881.3,609.34,0.01,12935.69,47.5,-1.19,-0.09,1.0,0.0,1.0,0.0,1,886,-39.5,0.2,0.86,-0.08,-26.49,641,96,5156,0.0203,-0.057,-0.952,0.852,40.78,33.62,12,-4818,3257,1755,1,5182,0.0207,0.054,-0.957,0.857,50.66,43.5,9,-4381,3733,1755,1,3352,-0.0124,-0.086,-0.91,0.81,-2.04,-5.12,0,-4054,-122,6000,0,3387,-0.012,0.024,-1.037,0.937,-1.96,-5.2,35,-4095,-123,6000,0
148.44,3,12881.5,609.24,0.01,12935.93,46.7,-1.18,-0.09,1.0,0.0,1.0,0.0,1,859,-37.8,0.2,0.87,-0.14,-26.58,619,92,5082,0.0192,-0.056,-0.974,0.874,40.41,33.25,6,-4806,3149,1755,1,5240,0.0216,0.045,-0.967,0.867,50.28,43.12,7,-4473,3728,1755,1,3219,-0.014,-0.078,-0.964,0.864,-2.51,-4.65,-18,-3889,-122,6000,0,3426,-0.0115,0.023,-0.918,0.818,-2.43,-4.73,0,-4128,-127,6000,0
148.46,3,12881.8,609.14,0.01,12936.16,45.9,-1.17,-0.09,1.0,0.0,1.0,0.0,1,840,-13.3,0.24,0.88,-0.18,-26.6,597,89,5017,0.0182,-0.05,-0.912,0.812,40.0,32.83,21,-4688,3190,1755,1,5286,0.0223,0.035,-0.971,0.871,49.89,42.73,6,-4545,3724,1755,1,3100,-0.0154,-0.07,-1.013,0.913,-3.1,-4.07,43,-3748,-146,6000,0,3452,-0.0112,0.016,-0.952,0.852,-2.95,-4.22,-13,-4156,-159,6000,0
148.48,3,12882.0,609.05,0.01,12936.39,45.1,-1.15,-0.1,1.0,0.5,0.0,0.0,1,836,-2.2,0.26,0.88,-0.21,-26.57,575,86,4961,0.0173,-0.043,-0.952,0.852,39.53,32.36,11,-4687,3099,1755,1,5311,0.0227,0.019,-0.976,0.876,49.5,42.34,5,-4599,3706,1755,1,3014,-0.0164,-0.051,-1.078,0.978,-3.64,-3.52,23,-3646,-173,6000,0,3472,-0.011,0.011,-1.066,0.966,-3.48,-3.68,27,-4175,-191,6000,0
148.5,3,12882.3,608.95,0.01,12936.62,44.2,-1.15,-0.06,1.0,0.5,0.0,0.0,1,894,157.3,0.53,0.87,-0.21,-26.14,553,83,4926,0.0168,-0.027,-0.345,0.245,39.01,31.84,162,-3985,3797,0,0,5328,0.023,0.013,-0.278,0.178,49.02,41.85,160,-3702,4491,0,0,2964,-0.017,-0.03,-0.543,0.443,-4.22,-2.94,145,-3592,-278,0,0,3489,-0.0108,0.01,-0.467,0.367,-3.99,-3.17,180,-4201,-342,0,0
148.52,3,12882.5,608.86,0.01,12936.84,43.5,-1.08,0.16,1.0,1.0,0.0,0.0,1,1031,210.7,0.62,0.87,-0.16,-23.33,533,80,4918,0.0167,-0.007,0.089,-0.011,38.06,30.9,256,-1288,5147,0,0,5319,0.0228,-0.007,0.137,0.037,48.12,40.96,239,-899,5559,0,0,2964,-0.017,0.0,-0.101,0.001,-4.61,-2.55,273,-3504,-763,0,0,3489,-0.0108,0.0,0.021,-0.079,-4.32,-2.84,328,-3907,-1300,0,0
148.54,3,12882.8,608.77,0.01,12937.07,43.1,-0.48,0.24,1.0,1.0,0.0,0.0,1,1223,330.1,0.94,0.83,-0.09,-17.42,521,79,4951,0.0172,0.026,0.084,-0.016,36.75,29.58,254,580,5299,0,0,5267,0.022,-0.04,0.1,0.0,46.92,39.76,230,604,5546,0,0,3032,-0.0162,0.04,0.104,0.004,-4.51,-2.65,319,2254,-2118,0,0,3445,-0.0113,-0.026,0.031,-0.069,-4.38,-2.79,311,2354,-2389,0,0
148.56,3,12883.0,608.68,0.01,12937.29,42.9,-0.33,0.19,1.0,1.0,0.0,0.0,1,1490,433.1,1.15,0.78,0.0,-9.96,513,78,4978,0.0176,0.021,-0.022,-0.078,35.52,28.36,235,183,5360,0,0,5147,0.0202,-0.092,-0.008,-0.092,45.66,38.5,210,308,5454,0,0,3208,-0.0141,0.104,-0.035,-0.065,-4.0,-3.17,288,-1173,-2407,0,0,3429,-0.0115,-0.009,-0.013,-0.087,-3.85,-3.32,302,-870,-2512,0,0
148.58,3,12883.2,608.6,0.01,12937.51,42.6,-0.44,0.14,1.0,1.0,0.0,0.0,1,1808,496.4,1.22,0.71,0.09,-3.19,505,77,4976,0.0176,-0.001,-0.04,-0.06,34.54,27.38,235,-246,5365,0,0,4968,0.0174,-0.137,-0.037,-0.063,44.69,37.53,205,-86,5290,0,0,3447,-0.0113,0.141,0.002,-0.098,-3.27,-3.89,296,447,-2395,0,0,3437,-0.0114,0.005,0.005,-0.095,-3.23,-3.93,299,433,-2339,0,0
148.6,3,12883.5,608.51,0.01,12937.72,42.3,-0.48,0.12,1.0,1.0,0.0,0.1,1,2231,586.0,1.32,0.64,0.17,3.09,494,76,4937,0.017,-0.03,-0.032,-0.068,33.79,26.63,239,-300,5332,0,0,4758,0.0142,-0.162,-0.03,-0.07,43.93,36.77,206,-183,5083,0,0,3692,-0.0084,0.144,-0.041,-0.059,-2.5,-4.66,284,-1442,-2164,0,0,3457,-0.0112,0.012,-0.037,-0.063,-2.5,-4.66,283,-1291,-2015,0,0
148.62,3,12883.7,608.42,0.01,12937.94,41.9,-0.58,0.16,1.0,1.0,0.0,0.2,1,2791,700.3,1.45,0.57,0.24,8.68,482,74,4876,0.016,-0.047,0.048,-0.052,33.2,26.04,264,-69,5285,0,0,4547,0.011,-0.162,0.12,0.02,43.24,36.08,242,118,4878,0,0,3920,-0.0057,0.134,0.049,-0.051,-1.68,-5.48,312,-158,-1835,0,0,3490,-0.0108,0.019,0.065,-0.035,-1.72,-5.44,312,556,-1646,0,0
148.64,3,12883.9,608.34,0.01,12938.16,41.9,-0.02,0.28,1.0,1.0,0.0,0.3,1,3087,759.2,1.52,0.49,0.31,14.22,478,74,4808,0.015,-0.052,0.16,0.06,32.7,25.54,292,1137,5112,0,0,4344,0.0078,-0.156,0.325,0.225,42.76,35.6,281,1565,4449,0,0,4123,-0.0033,0.12,0.041,-0.059,-0.97,-6.19,315,2832,-1301,0,0,3517,-0.0105,0.016,0.093,-0.007,-0.91,-6.25,309,3244,-1002,0,0
148.66,3,12884.2,608.26,0.01,12938.38,42.0,0.21,0.38,1.0,1.0,0.0,0.4,1,3257,791.9,1.56,0.39,0.39,19.5,478,75,4721,0.0136,-0.067,0.172,0.072,32.12,24.96,301,1525,4936,0,0,4122,0.0044,-0.17,0.367,0.267,41.97,34.81,293,2032,4043,0,0,4352,-0.0006,0.135,0.098,-0.002,-0.2,-6.96,324,3809,-721,0,0,3570,-0.0098,0.031,0.126,0.026,-0.26,-6.9,331,3812,-523,0,0
148.68,3,12884.4,608.18,0.02,12938.6,42.3,0.38,0.44,1.0,0.5,0.0,0.5,1,3340,808.9,1.59,0.27,0.47,24.26,480,76,4599,0.0118,-0.094,0.211,0.111,31.73,24.56,316,1789,4731,0,0,3855,0.0003,-0.206,0.448,0.348,41.56,34.4,314,2265,3626,0,0,4619,0.0025,0.157,0.122,0.022,0.41,-6.75,353,4867,-170,0,0,3646,-0.0089,0.045,0.23,0.13,0.45,-6.71,346,4248,-92,0,0
148.7,3,12884.6,608.1,0.02,12938.82,42.7,0.51,0.48,1.0,0.5,0.0,0.6,1,3305,456.9,1.12,0.14,0.55,28.62,484,77,4451,0.0095,-0.114,0.221,0.121,31.44,24.28,322,2017,4488,0,0,3553,-0.0043,-0.232,0.477,0.377,41.08,33.92,322,2355,3209,0,0,4911,0.0059,0.172,0.117,0.017,1.07,-6.09,336,5348,301,0,0,3737,-0.0079,0.054,0.186,0.086,1.12,-6.04,346,4410,163,0,0
148.72,3,12884.9,608.02,0.02,12939.05,43.0,0.45,0.51,1.0,1.0,0.0,0.7,1,3025,306.2,0.86,0.02,0.63,31.78,487,78,4266,0.0066,-0.142,0.133,0.033,31.42,24.26,302,1534,4456,0,0,3213,-0.0096,-0.262,0.372,0.272,40.93,33.77,300,1965,3017,0,0,5217,0.0096,0.18,-0.018,-0.082,1.68,-5.48,309,2085,1070,0,0,3839,-0.0067,0.06,0.063,-0.037,1.72,-5.44,304,4050,641,0,0
148.74,3,12885.1,607.94,0.02,12939.28,43.1,0.13,0.54,1.0,1.0,0.0,0.8,1,3177,608.1,1.31,-0.09,0.7,32.83,485,78,4080,0.0038,-0.143,0.133,0.033,31.38,24.22,312,1047,4382,0,0,2873,-0.0148,-0.261,0.387,0.287,41.03,33.87,310,1584,2805,0,0,5507,0.013,0.17,0.108,0.008,2.0,-5.17,346,2033,1614,0,0,3929,-0.0056,0.053,0.12,0.02,2.07,-5.09,356,3795,1029,0,0
148.76,3,12885.4,607.86,0.02,12939.51,43.4,0.41,0.54,1.0,0.5,0.0,0.9,1,3439,825.6,1.61,-0.17,0.75,34.5,486,79,3920,0.0013,-0.124,0.245,0.145,31.53,24.37,339,1649,4035,0,0,2583,-0.0193,-0.223,0.524,0.424,41.0,33.84,338,1737,2362,0,0,5729,0.0156,0.13,0.109,0.009,2.31,-4.85,361,5593,1654,0,0,3981,-0.005,0.031,0.248,0.148,2.47,-4.69,355,4598,781,0,0
148.78,3,12885.6,607.79,0.02,12939.74,43.8,0.59,0.53,1.0,0.5,0.0,1.0,1,3444,473.5,1.14,-0.25,0.79,36.62,490,81,3779,-0.0009,-0.108,0.262,0.162,31.57,24.41,345,1955,3749,0,0,2335,-0.0231,-0.191,0.564,0.464,41.15,33.98,346,1755,2020,0,0,5913,0.0177,0.108,0.095,-0.005,2.81,-4.35,341,5754,2036,0,0,4025,-0.0045,0.026,0.184,0.084,3.05,-4.11,352,4650,912,0,0
148.8,3,12885.8,607.71,0.02,12939.97,44.2,0.5,0.58,1.0,0.5,0.0,1.0,1,3367,314.7,0.89,-0.3,0.81,37.47,493,82,3647,-0.0029,-0.101,0.205,0.105,31.86,24.7,322,1568,3756,0,0,2131,-0.0262,-0.157,0.493,0.393,41.3,34.13,323,1489,1928,0,0,6070,0.0196,0.092,0.065,-0.035,3.18,-3.98,315,3742,2937,0,0,4087,-0.0038,0.036,0.221,0.121,3.43,-3.73,299,4412,1474,0,0
148.82,3,12886.1,607.64,0.02,12940.21,44.5,0.37,0.63,1.0,0.5,0.0,1.0,1,3396,315.4,0.89,-0.33,0.83,37.17,495,83,3550,-0.0044,-0.074,0.199,0.099,31.98,24.82,322,1340,3725,0,0,1992,-0.0284,-0.107,0.487,0.387,41.54,34.38,323,1327,1848,0,0,6176,0.0208,0.063,0.143,0.043,3.27,-3.89,310,4071,3157,0,0,4139,-0.0031,0.031,0.175,0.075,3.51,-3.66,319,4380,1651,0,0
148.84,3,12886.3,607.57,0.02,12940.45,44.7,0.38,0.63,1.0,0.5,0.0,1.0,1,3423,316.3,0.89,-0.33,0.84,36.82,498,84,3512,-0.005,-0.03,0.213,0.113,32.22,25.06,326,1372,3671,0,0,1923,-0.0294,-0.054,0.502,0.402,41.84,34.68,326,1296,1777,0,0,6241,0.0216,0.038,0.081,-0.019,3.37,-3.8,323,3997,3332,0,0,4163,-0.0029,0.014,0.236,0.136,3.61,-3.55,308,4412,1698,0,0
148.86,3,12886.6,607.51,0.02,12940.69,45.0,0.37,0.66,1.0,0.5,0.0,1.0,1,3435,316.7,0.9,-0.31,0.84,36.66,502,86,3531,-0.0047,0.015,0.212,0.112,32.41,25.25,327,1376,3690,0,0,1925,-0.0294,0.002,0.501,0.401,42.03,34.87,327,1293,1781,0,0,6265,0.0219,0.014,0.14,0.04,3.48,-3.68,312,4118,3443,0,0,4164,-0.0028,0.001,0.17,0.07,3.74,-3.42,322,4379,1776,0,0
148.88,3,12886.8,607.44,0.02,12940.93,45.2,0.35,0.7,1.0,0.5,0.0,1.0,1,3434,316.7,0.9,-0.27,0.84,36.79,507,86,3603,-0.0036,0.055,0.2,0.1,32.52,25.36,325,1314,3788,0,0,1989,-0.0284,0.049,0.492,0.392,42.16,35.0,326,1309,1854,0,0,6265,0.0219,0.0,0.079,-0.021,3.58,-3.58,326,3945,3563,0,0,4155,-0.003,-0.006,0.232,0.132,3.92,-3.24,311,4361,1827,0,0
148.9,3,12887.1,607.38,0.02,12941.17,45.5,0.32,0.74,1.0,0.5,0.0,1.0,1,3447,317.0,0.9,-0.23,0.85,37.03,515,87,3707,-0.002,0.08,0.199,0.099,32.61,25.45,326,1327,3898,0,0,2086,-0.0269,0.075,0.486,0.386,42.18,35.02,326,1353,1953,0,0,6254,0.0217,-0.007,0.14,0.04,3.69,-3.48,317,3957,3644,0,0,4135,-0.0032,-0.012,0.17,0.07,4.04,-3.13,326,4284,1912,0,0
148.92,3,12887.4,607.32,0.02,12941.42,45.7,0.31,0.76,1.0,0.5,0.0,1.0,1,3455,317.4,0.9,-0.19,0.87,37.46,522,88,3828,-0.0001,0.093,0.196,0.096,32.67,25.51,326,1335,4029,0,0,2195,-0.0252,0.083,0.48,0.38,42.25,35.09,325,1410,2058,0,0,6236,0.0215,-0.011,0.079,-0.021,3.79,-3.37,330,3844,3741,0,0,4100,-0.0036,-0.021,0.233,0.133,4.04,-3.12,315,4278,1878,0,0
148.94,3,12887.6,607.26,0.02,12941.67,45.9,0.3,0.77,1.0,0.5,0.0,1.0,1,3469,317.8,0.9,-0.14,0.9,37.92,530,89,3969,0.0021,0.108,0.191,0.091,32.71,25.55,327,1352,4177,0,0,2290,-0.0238,0.073,0.476,0.376,42.28,35.12,326,1456,2152,0,0,6234,0.0215,-0.001,0.139,0.039,3.86,-3.3,320,3990,3775,0,0,4038,-0.0043,-0.036,0.174,0.074,4.15,-3.01,330,4215,1875,0,0
148.96,3,12887.9,607.21,0.02,12941.92,46.1,0.29,0.79,1.0,0.5,0.0,1.0,1,3484,318.3,0.9,-0.1,0.94,38.45,541,90,4114,0.0043,0.111,0.191,0.091,32.7,25.54,328,1396,4322,0,0,2379,-0.0224,0.069,0.475,0.375,42.27,35.1,328,1511,2234,0,0,6231,0.0215,-0.002,0.081,-0.019,3.98,-3.18,334,3784,3895,0,0,3963,-0.0052,-0.044,0.237,0.137,4.32,-2.84,319,4135,1882,0,0
148.98,3,12888.1,607.16,0.02,12942.17,46.3,0.28,0.8,1.0,0.5,0.0,1.0,1,3509,319.1,0.9,-0.05,0.97,39.04,548,91,4253,0.0064,0.107,0.2,0.1,32.85,25.69,331,1483,4447,0,0,2456,-0.0212,0.059,0.486,0.386,42.31,35.15,330,1576,2293,0,0,6210,0.0212,-0.012,0.137,0.037,4.09,-3.07,323,3914,3935,0,0,3860,-0.0064,-0.06,0.175,0.075,4.43,-2.74,334,4013,1879,0,0
149.0,3,12888.4,607.11,0.02,12942.42,46.5,0.28,0.81,1.0,0.5,0.0,1.0,1,3530,319.8,0.91,-0.02,1.01,39.69,556,91,4385,0.0085,0.102,0.19,0.09,32.76,25.59,331,1519,4580,0,0,2519,-0.0203,0.048,0.487,0.387,42.37,35.21,331,1625,2344,0,0,6199,0.0211,-0.006,0.086,-0.014,4.31,-2.86,339,3810,4082,0,0,3758,-0.0076,-0.06,0.245,0.145,4.55,-2.62,326,3944,1817,0,0
149.02,3,12888.6,607.06,0.02,12942.68,46.7,0.27,0.82,1.0,0.5,0.0,1.0,1,3556,320.6,0.91,0.01,1.05,40.26,563,92,4494,0.0101,0.084,0.199,0.099,32.87,25.71,334,1595,4674,0,0,2552,-0.0197,0.026,0.495,0.395,42.4,35.24,334,1667,2361,0,0,6206,0.0212,0.004,0.143,0.043,4.37,-2.8,329,3903,4130,0,0,3666,-0.0087,-0.054,0.187,0.087,4.7,-2.46,340,3843,1809,0,0
149.04,3,12888.9,607.02,0.01,12942.94,46.9,0.28,0.83,1.0,0.5,0.0,1.0,1,3575,321.2,0.91,0.03,1.08,40.88,569,93,4589,0.0116,0.073,0.203,0.103,32.88,25.72,337,1648,4760,0,0,2577,-0.0194,0.019,0.505,0.405,42.59,35.42,336,1698,2374,0,0,6217,0.0213,0.006,0.082,-0.018,4.55,-2.61,342,3810,4259,0,0,3586,-0.0096,-0.047,0.248,0.148,4.88,-2.29,329,3777,1777,0,0
149.06,3,12889.2,606.98,0.01,12943.19,47.1,0.28,0.83,1.0,0.5,0.0,1.0,1,3595,321.2,0.91,0.04,1.09,41.41,574,94,4661,0.0127,0.056,0.21,0.11,33.07,25.9,339,1696,4822,0,0,2596,-0.0191,0.015,0.51,0.41,42.65,35.48,339,1716,2387,0,0,6228,0.0214,0.006,0.138,0.038,4.72,-2.45,331,3955,4332,0,0,3527,-0.0103,-0.034,0.185,0.085,5.09,-2.07,343,3687,1815,0,0
149.08,3,12889.4,606.94,0.01,12943.45,47.3,0.28,0.84,1.0,0.5,0.0,1.0,1,3615,321.3,0.92,0.04,1.11,41.86,579,94,4717,0.0136,0.043,0.209,0.109,33.07,25.91,341,1719,4875,0,0,2615,-0.0188,0.015,0.516,0.416,42.77,35.61,341,1741,2396,0,0,6241,0.0216,0.008,0.084,-0.016,5.08,-2.09,346,3759,4584,0,0,3493,-0.0107,-0.02,0.253,0.153,5.29,-1.87,334,3671,1799,0,0
149.1,3,12889.7,606.91,0.01,12943.72,47.5,0.28,0.86,1.0,0.5,0.0,1.0,1,3633,321.3,0.92,0.05,1.12,42.08,585,95,4761,0.0142,0.034,0.205,0.105,33.21,26.04,340,1751,4911,0,0,2621,-0.0187,0.004,0.513,0.413,42.93,35.77,340,1752,2396,0,0,6277,0.022,0.021,0.146,0.046,4.97,-2.19,337,3921,4572,0,0,3478,-0.0109,-0.009,0.198,0.098,5.39,-1.77,350,3624,1849,0,0
149.12,3,12889.9,606.88,0.01,12943.98,47.7,0.29,0.86,1.0,0.5,0.0,1.0,1,3648,321.4,0.92,0.05,1.11,42.24,591,96,4780,0.0145,0.014,0.212,0.112,33.32,26.16,343,1768,4925,0,0,2634,-0.0185,0.01,0.521,0.421,42.96,35.8,343,1765,2405,0,0,6288,0.0221,0.006,0.086,-0.014,5.11,-2.05,349,3786,4678,0,0,3482,-0.0109,0.002,0.254,0.154,5.61,-1.55,338,3616,1886,0,0
149.14,3,12890.2,606.85,0.01,12944.24,47.9,0.29,0.86,1.0,0.5,0.0,1.0,1,3666,321.4,0.92,0.05,1.1,42.27,597,97,4773,0.0144,-0.005,0.212,0.112,33.47,26.31,344,1780,4913,0,0,2645,-0.0183,0.009,0.524,0.424,43.09,35.93,345,1783,2408,0,0,6280,0.022,-0.005,0.144,0.044,5.18,-1.98,340,3906,4684,0,0,3497,-0.0107,0.009,0.195,0.095,5.6,-1.56,352,3607,1931,0,0
149.16,3,12890.5,606.83,0.01,12944.51,48.1,0.29,0.86,1.0,0.5,0.0,1.0,1,3680,321.4,0.92,0.05,1.09,42.29,603,98,4765,0.0143,-0.006,0.221,0.121,33.66,26.5,347,1821,4889,0,0,2652,-0.0182,0.005,0.532,0.432,43.24,36.08,348,1795,2408,0,0,6271,0.0219,-0.005,0.084,-0.016,5.29,-1.88,352,3736,4781,0,0,3507,-0.0106,0.006,0.252,0.152,5.73,-1.43,340,3622,1939,0,0
149.18,3,12890.7,606.81,0.01,12944.78,48.3,0.29,0.86,1.0,0.5,0.0,1.0,1,3698,321.5,0.93,0.05,1.09,42.38,608,98,4760,0.0142,-0.005,0.219,0.119,33.67,26.5,348,1817,4884,0,0,2659,-0.0181,0.006,0.533,0.433,43.34,36.18,348,1803,2412,0,0,6247,0.0217,-0.014,0.143,0.043,5.43,-1.73,343,3948,4767,0,0,3501,-0.0106,-0.004,0.194,0.094,5.81,-1.35,355,3589,1979,0,0
149.2,3,12891.0,606.79,0.01,12945.04,48.5,0.3,0.86,1.0,0.5,0.0,1.0,1,3718,321.5,0.93,0.04,1.09,42.25,612,99,4746,0.014,-0.011,0.22,0.12,33.78,26.62,350,1826,4865,0,0,2647,-0.0183,-0.009,0.54,0.44,43.51,36.35,350,1806,2395,0,0,6249,0.0217,0.001,0.089,-0.011,5.46,-1.7,357,3789,4847,0,0,3504,-0.0106,0.002,0.255,0.155,5.89,-1.27,345,3607,1969,0,0
149.22,3,12891.3,606.78,0.01,12945.31,48.7,0.3,0.87,1.0,0.5,0.0,1.0,1,3732,321.6,0.93,0.03,1.09,42.06,614,100,4735,0.0138,-0.009,0.234,0.134,34.09,26.93,352,1883,4832,0,0,2636,-0.0184,-0.009,0.55,0.45,43.85,36.69,352,1821,2370,0,0,6257,0.0218,0.005,0.142,0.042,5.61,-1.55,345,3871,4894,0,0,3512,-0.0105,0.005,0.192,0.092,6.12,-1.05,358,3549,2074,0,0
149.24,3,12891.6,606.76,0.01,12945.59,48.9,0.3,0.89,1.0,0.5,0.0,1.0,1,3740,321.6,0.93,0.03,1.1,41.73,619,101,4731,0.0138,-0.002,0.224,0.124,34.11,26.95,351,1849,4839,0,0,2630,-0.0185,-0.004,0.548,0.448,43.94,36.78,353,1808,2370,0,0,6293,0.0222,0.021,0.089,-0.011,5.53,-1.63,360,3691,4973,0,0,3545,-0.0101,0.019,0.25,0.15,5.99,-1.17,348,3579,2092,0,0
149.26,3,12891.8,606.76,0.01,12945.86,49.1,0.3,0.9,1.0,0.5,0.0,1.0,1,3753,321.6,0.93,0.02,1.1,41.38,626,102,4732,0.0138,0.001,0.229,0.129,34.23,27.07,354,1855,4838,0,0,2626,-0.0186,-0.004,0.548,0.448,43.95,36.79,355,1797,2371,0,0,6320,0.0225,0.016,0.141,0.041,5.61,-1.55,348,3843,4975,0,0,3565,-0.0099,0.012,0.189,0.089,6.06,-1.1,360,3569,2143,0,0
149.28,3,12892.1,606.75,0.01,12946.13,49.2,0.3,0.89,1.0,0.5,0.0,1.0,1,3772,321.7,0.94,0.01,1.1,41.04,631,102,4732,0.0138,0.0,0.239,0.139,34.38,27.22,356,1903,4820,0,0,2613,-0.0188,-0.01,0.552,0.452,44.16,36.99,356,1801,2351,0,0,6339,0.0227,0.011,0.086,-0.014,5.65,-1.52,362,3703,5054,0,0,3567,-0.0099,0.001,0.247,0.147,6.12,-1.04,350,3584,2132,0,0
149.3,3,12892.4,606.75,0.01,12946.41,49.4,0.31,0.89,1.0,0.5,0.0,1.0,1,3784,321.7,0.94,0.01,1.1,40.6,635,103,4718,0.0136,-0.011,0.229,0.129,34.5,27.33,354,1887,4809,0,0,2600,-0.019,-0.01,0.552,0.452,44.46,37.29,355,1800,2334,0,0,6354,0.0229,0.009,0.147,0.047,5.65,-1.52,353,3901,5013,0,0,3583,-0.0097,0.01,0.194,0.094,6.09,-1.07,366,3585,2159,0,0
149.32,3,12892.7,606.76,0.01,12946.68,49.6,0.3,0.9,1.0,0.5,0.0,1.0,1,3794,321.7,0.94,0.0,1.11,40.16,639,104,4710,0.0135,-0.006,0.239,0.139,34.68,27.52,358,1909,4792,0,0,2596,-0.0191,-0.003,0.561,0.461,44.47,37.31,358,1794,2333,0,0,6365,0.0231,0.007,0.086,-0.014,5.71,-1.46,364,3670,5125,0,0,3600,-0.0095,0.01,0.242,0.142,6.06,-1.1,352,3589,2181,0,0
149.34,3,12892.9,606.77,0.01,12946.96,49.8,0.3,0.91,1.0,0.5,0.0,1.0,1,3805,321.7,0.94,0.0,1.12,39.73,643,105,4718,0.0136,0.006,0.242,0.142,34.8,27.64,359,1922,4795,0,0,2591,-0.0191,-0.004,0.554,0.454,44.47,37.3,359,1781,2335,0,0,6391,0.0234,0.015,0.141,0.041,5.77,-1.39,353,3851,5123,0,0,3609,-0.0094,0.005,0.181,0.081,6.06,-1.11,365,3556,2234,0,0
149.36,3,12893.2,606.78,0.01,12947.24,50.0,0.3,0.91,1.0,0.5,0.0,1.0,1,3818,321.8,0.94,-0.01,1.14,39.22,647,106,4735,0.0139,0.013,0.243,0.143,34.8,27.63,361,1923,4812,0,0,2577,-0.0194,-0.011,0.556,0.456,44.56,37.4,361,1774,2320,0,0,6439,0.0239,0.029,0.086,-0.014,5.7,-1.47,366,3696,5201,0,0,3617,-0.0093,0.005,0.238,0.138,5.99,-1.17,355,3583,2213,0,0
149.38,3,12893.5,606.79,0.01,12947.51,50.2,0.3,0.91,1.0,0.5,0.0,1.0,1,3832,321.8,0.94,-0.02,1.15,38.68,653,106,4752,0.0141,0.013,0.243,0.143,34.85,27.69,362,1945,4822,0,0,2555,-0.0197,-0.016,0.56,0.46,44.68,37.52,363,1763,2300,0,0,6495,0.0246,0.033,0.139,0.039,5.55,-1.61,355,3890,5136,0,0,3623,-0.0092,0.004,0.177,0.077,5.97,-1.19,368,3550,2258,0,0
149.4,3,12893.8,606.81,0.01,12947.79,50.4,0.3,0.91,1.0,0.5,0.0,1.0,1,3843,321.8,0.94,-0.02,1.16,38.17,658,107,4755,0.0142,0.002,0.243,0.143,34.94,27.77,363,1952,4823,0,0,2543,-0.0199,-0.01,0.567,0.467,44.89,37.72,364,1762,2283,0,0,6524,0.0249,0.017,0.085,-0.015,5.59,-1.57,368,3742,5210,0,0,3631,-0.0091,0.005,0.233,0.133,5.9,-1.26,357,3582,2229,0,0
149.42,3,12894.0,606.83,0.01,12948.07,50.6,0.31,0.91,1.0,0.5,0.0,1.0,1,3851,321.8,0.94,-0.02,1.16,37.66,664,108,4756,0.0142,0.001,0.247,0.147,35.15,27.98,364,1975,4814,0,0,2533,-0.02,-0.008,0.561,0.461,44.9,37.74,364,1745,2281,0,0,6549,0.0252,0.015,0.138,0.038,5.46,-1.71,357,3915,5133,0,0,3641,-0.009,0.006,0.172,0.072,5.85,-1.31,370,3549,2277,0,0
149.44,3,12894.3,606.86,0.01,12948.35,50.8,0.3,0.91,1.0,0.5,0.0,1.0,1,3862,321.9,0.95,-0.02,1.16,37.29,670,109,4756,0.0142,0.0,0.243,0.143,35.16,28.0,364,1967,4816,0,0,2536,-0.02,0.002,0.556,0.456,44.92,37.76,365,1742,2287,0,0,6544,0.0252,-0.003,0.086,-0.014,5.47,-1.69,371,3782,5165,0,0,3641,-0.009,0.0,0.232,0.132,5.8,-1.37,360,3576,2243,0,0
149.46,3,12894.6,606.89,0.01,12948.64,51.0,0.3,0.9,1.0,0.5,0.0,1.0,1,3877,321.9,0.95,-0.02,1.15,36.97,675,110,4758,0.0142,0.002,0.251,0.151,35.17,28.01,367,1983,4813,0,0,2532,-0.02,-0.003,0.56,0.46,45.05,37.89,367,1744,2281,0,0,6539,0.0251,-0.003,0.137,0.037,5.49,-1.67,360,3934,5120,0,0,3628,-0.0091,-0.007,0.172,0.072,5.9,-1.26,372,3532,2277,0,0
149.48,3,12894.9,606.92,0.01,12948.92,51.2,0.31,0.9,1.0,0.5,0.0,1.0,1,3887,321.9,0.95,-0.02,1.14,36.51,681,111,4743,0.014,-0.011,0.247,0.147,35.27,28.11,367,1971,4800,0,0,2529,-0.0201,-0.002,0.57,0.47,45.27,38.11,368,1751,2272,0,0,6536,0.0251,-0.002,0.083,-0.017,5.37,-1.79,373,3778,5122,0,0,3641,-0.009,0.007,0.225,0.125,5.72,-1.44,362,3567,2246,0,0
149.5,3,12895.2,606.95,0.01,12949.2,51.4,0.3,0.89,1.0,0.5,0.0,1.0,1,3899,322.0,0.95,-0.02,1.14,36.23,685,111,4732,0.0138,-0.009,0.25,0.15,35.42,28.26,367,1986,4781,0,0,2542,-0.0199,0.01,0.557,0.457,45.14,37.97,368,1746,2292,0,0,6503,0.0247,-0.02,0.139,0.039,5.42,-1.74,363,3934,5059,0,0,3638,-0.009,-0.001,0.171,0.071,5.69,-1.47,376,3549,2256,0,0
149.52,3,12895.5,606.99,0.01,12949.48,51.6,0.3,0.9,1.0,0.5,0.0,1.0,1,3912,322.0,0.95,-0.02,1.13,35.92,689,112,4729,0.0138,-0.002,0.251,0.151,35.29,28.13,370,1966,4786,0,0,2545,-0.0198,0.003,0.566,0.466,45.39,38.23,370,1757,2288,0,0,6491,0.0245,-0.007,0.083,-0.017,5.38,-1.78,376,3764,5087,0,0,3635,-0.0091,-0.002,0.225,0.125,5.83,-1.34,364,3557,2253,0,0
149.54,3,12895.8,607.04,0.01,12949.77,51.8,0.3,0.9,1.0,1.0,0.0,1.0,1,3920,322.0,0.95,-0.02,1.13,35.52,693,113,4720,0.0136,-0.007,0.249,0.149,35.44,28.28,370,1964,4776,0,0,2552,-0.0197,0.005,0.558,0.458,45.21,38.05,371,1741,2308,0,0,6491,0.0245,0.0,0.135,0.035,5.32,-1.84,365,3905,5023,0,0,3656,-0.0088,0.012,0.165,0.065,5.7,-1.46,377,3524,2310,0,0
149.56,3,12896.0,607.09,0.01,12950.05,52.0,0.3,0.91,1.0,0.5,0.0,1.0,1,3962,716.2,1.46,-0.03,1.12,35.08,698,114,4716,0.0136,-0.003,0.251,0.151,35.46,28.3,389,1952,4776,0,0,2555,-0.0197,0.003,0.557,0.457,45.4,38.23,389,1743,2310,0,0,6507,0.0247,0.009,0.081,-0.019,5.16,-2.0,444,3728,5016,0,0,3681,-0.0085,0.015,0.22,0.12,5.62,-1.54,426,3571,2292,0,0
149.58,3,12896.3,607.14,0.01,12950.34,52.3,0.46,0.83,1.0,0.5,0.0,1.0,1,4135,322.6,0.98,-0.03,1.1,35.93,708,115,4712,0.0135,-0.003,0.308,0.208,35.42,28.26,391,2362,4608,0,0,2567,-0.0195,0.009,0.63,0.53,45.3,38.14,392,1901,2218,0,0,6510,0.0248,0.002,0.165,0.065,5.28,-1.88,376,5684,4128,0,0,3704,-0.0083,0.013,0.213,0.113,5.71,-1.45,396,4008,1762,0,0
149.6,3,12896.6,607.19,0.01,12950.63,52.5,0.4,0.86,1.0,0.5,0.0,1.0,1,3970,322.1,0.96,-0.04,1.08,36.02,713,116,4683,0.0131,-0.022,0.252,0.152,35.64,28.48,375,2058,4700,0,0,2578,-0.0193,0.009,0.557,0.457,45.37,38.21,376,1794,2307,0,0,6491,0.0245,-0.011,0.078,-0.022,5.44,-1.72,380,3945,5021,0,0,3738,-0.0079,0.02,0.218,0.118,5.91,-1.25,369,3711,2252,0,0
149.62,3,12896.9,607.25,0.01,12950.91,52.7,0.3,0.91,1.0,1.0,0.0,1.0,1,3972,322.1,0.96,-0.04,1.08,35.32,719,117,4659,0.0127,-0.019,0.242,0.142,35.57,28.41,375,1903,4730,0,0,2582,-0.0193,0.003,0.554,0.454,45.53,38.37,375,1751,2339,0,0,6499,0.0246,0.005,0.134,0.034,5.27,-1.89,372,3722,5057,0,0,3782,-0.0073,0.026,0.16,0.06,5.62,-1.54,384,3569,2449,0,0
149.64,3,12897.2,607.31,0.01,12951.2,52.9,0.29,0.91,1.0,0.5,0.0,1.0,1,4027,723.8,1.48,-0.04,1.08,34.73,723,118,4651,0.0125,-0.006,0.255,0.155,35.68,28.52,396,1940,4707,0,0,2587,-0.0192,0.004,0.558,0.458,45.57,38.41,396,1762,2339,0,0,6497,0.0246,-0.001,0.081,-0.019,5.3,-1.86,451,3704,5067,0,0,3798,-0.0071,0.009,0.214,0.114,5.65,-1.51,432,3637,2406,0,0
149.66,3,12897.5,607.38,0.01,12951.49,53.2,0.46,0.84,1.0,0.5,0.0,1.0,1,4200,322.7,0.99,-0.05,1.08,35.43,733,119,4656,0.0126,0.004,0.307,0.207,35.57,28.41,397,2339,4553,0,0,2588,-0.0192,0.001,0.636,0.536,45.5,38.34,399,1920,2234,0,0,6512,0.0248,0.009,0.162,0.062,5.27,-1.89,383,5617,4188,0,0,3808,-0.007,0.006,0.206,0.106,5.6,-1.57,402,4097,1832,0,0
149.68,3,12897.8,607.45,0.01,12951.78,53.5,0.4,0.87,1.0,0.5,0.0,1.0,1,4038,322.3,0.97,-0.05,1.08,35.45,740,121,4647,0.0125,-0.007,0.254,0.154,35.69,28.53,382,2042,4665,0,0,2577,-0.0193,-0.009,0.56,0.46,45.58,38.42,383,1798,2303,0,0,6521,0.0249,0.006,0.077,-0.023,5.33,-1.83,387,3935,5015,0,0,3815,-0.007,0.004,0.211,0.111,5.65,-1.51,376,3766,2291,0,0
149.7,3,12898.1,607.52,0.01,12952.07,53.7,0.31,0.9,1.0,1.0,0.0,1.0,1,4043,322.3,0.97,-0.05,1.08,34.84,747,122,4638,0.0124,-0.007,0.252,0.152,35.73,28.57,382,1950,4690,0,0,2562,-0.0196,-0.012,0.553,0.453,45.64,38.48,382,1746,2316,0,0,6530,0.025,0.005,0.133,0.033,5.24,-1.92,378,3819,5036,0,0,3815,-0.0069,0.0,0.158,0.058,5.62,-1.54,390,3603,2456,0,0
149.72,3,12898.4,607.6,0.01,12952.36,53.9,0.31,0.89,1.0,0.5,0.0,1.0,1,4145,747.7,1.52,-0.05,1.08,34.42,751,122,4629,0.0122,-0.007,0.261,0.161,35.81,28.64,403,2022,4652,0,0,2555,-0.0197,-0.005,0.572,0.472,45.78,38.62,405,1774,2290,0,0,6514,0.0248,-0.01,0.064,-0.036,5.3,-1.87,452,4271,4896,0,0,3802,-0.0071,-0.007,0.204,0.104,5.66,-1.5,435,3833,2199,0,0
149.74,3,12898.7,607.68,0.01,12952.64,54.2,0.5,0.81,1.0,1.0,0.0,1.0,1,4283,327.3,1.01,-0.05,1.07,35.43,762,124,4628,0.0122,-0.001,0.305,0.205,35.83,28.67,420,2446,4470,0,0,2552,-0.0197,-0.002,0.634,0.534,45.75,38.59,421,1937,2172,0,0,6513,0.0248,-0.001,0.137,0.037,5.39,-1.77,439,5837,4044,0,0,3799,-0.0071,-0.002,0.166,0.066,5.7,-1.46,463,4120,1779,0,0
149.76,3,12899.0,607.76,0.01,12952.94,54.5,0.49,0.81,1.0,0.5,0.0,1.0,1,4358,769.0,1.55,-0.06,1.05,36.15,770,125,4600,0.0118,-0.021,0.327,0.227,35.99,28.83,423,2418,4451,0,0,2550,-0.0198,-0.002,0.659,0.559,45.87,38.7,425,1925,2178,0,0,6483,0.0244,-0.017,0.128,0.028,5.55,-1.61,457,5666,4186,0,0,3803,-0.0071,0.002,0.277,0.177,5.92,-1.24,456,4110,1818,0,0
149.78,3,12899.3,607.85,0.01,12953.23,54.9,0.54,0.79,1.0,0.5,0.0,1.0,1,4236,323.4,1.0,-0.07,1.04,37.21,777,127,4571,0.0113,-0.022,0.3,0.2,35.95,28.78,415,2446,4405,0,0,2549,-0.0198,-0.001,0.645,0.545,45.95,38.79,420,1968,2143,0,0,6469,0.0243,-0.008,0.098,-0.002,5.86,-1.3,426,5540,4338,0,0,3824,-0.0068,0.013,0.178,0.078,6.22,-0.94,436,4097,1901,0,0
149.8,3,12899.6,607.94,0.01,12953.52,55.2,0.43,0.88,1.0,1.0,0.0,1.0,1,4130,322.8,0.99,-0.08,1.04,36.82,784,128,4533,0.0107,-0.029,0.233,0.133,36.34,29.18,399,2098,4514,0,0,2539,-0.0199,-0.008,0.535,0.435,46.02,38.86,401,1808,2244,0,0,6484,0.0245,0.009,-0.016,-0.084,5.77,-1.39,430,3432,5346,0,0,3876,-0.0062,0.031,0.093,-0.007,6.18,-0.98,409,3641,2577,0,0
149.82,3,12899.9,608.04,0.01,12953.81,55.4,0.33,0.92,1.0,0.5,0.0,1.0,1,4311,753.8,1.53,-0.08,1.04,35.88,791,129,4518,0.0105,-0.012,0.284,0.184,36.24,29.08,403,1998,4536,0,0,2529,-0.0201,-0.008,0.604,0.504,46.27,39.1,402,1775,2252,0,0,6502,0.0247,0.01,0.18,0.08,5.72,-1.45,409,4547,4966,0,0,3901,-0.0059,0.014,0.212,0.112,6.07,-1.09,423,3766,2483,0,0
149.84,3,12900.2,608.13,0.01,12954.11,55.7,0.46,0.85,1.0,1.0,0.0,1.0,1,4351,330.7,1.02,-0.08,1.05,36.33,799,131,4525,0.0106,0.006,0.296,0.196,36.38,29.22,419,2351,4394,0,0,2526,-0.0201,-0.002,0.621,0.521,46.22,39.06,420,1898,2163,0,0,6502,0.0247,0.0,0.004,-0.096,5.88,-1.29,446,5041,4736,0,0,3887,-0.0061,-0.008,0.127,0.027,6.26,-0.9,424,4039,2127,0,0
149.86,3,12900.5,608.24,0.01,12954.4,56.0,0.45,0.87,1.0,0.5,0.0,1.0,1,4418,783.1,1.57,-0.09,1.05,36.36,808,132,4528,0.0107,0.002,0.309,0.209,36.46,29.3,430,2287,4427,0,0,2514,-0.0203,-0.009,0.632,0.532,46.33,39.17,431,1864,2171,0,0,6522,0.0249,0.012,0.135,0.035,5.89,-1.27,455,5372,4562,0,0,3888,-0.0061,0.001,0.172,0.072,6.35,-0.81,478,4005,2185,0,0
149.88,3,12900.9,608.34,0.01,12954.69,56.3,0.54,0.82,1.0,0.5,0.0,1.0,1,4371,330.2,1.02,-0.09,1.05,37.19,819,134,4525,0.0106,-0.002,0.316,0.216,36.45,29.28,429,2463,4341,0,0,2507,-0.0204,-0.005,0.664,0.564,46.42,39.26,433,1945,2101,0,0,6530,0.025,0.004,0.092,-0.008,6.07,-1.09,446,5602,4433,0,0,3891,-0.0061,0.001,0.203,0.103,6.47,-0.7,445,4155,1963,0,0
149.9,3,12901.2,608.45,0.01,12954.99,56.6,0.43,0.88,1.0,1.0,0.0,1.0,1,4260,326.1,1.01,-0.09,1.06,36.93,827,135,4516,0.0105,-0.007,0.251,0.151,36.73,29.56,411,2153,4469,0,0,2493,-0.0206,-0.01,0.564,0.464,46.55,39.39,413,1810,2181,0,0,6533,0.025,0.002,0.017,-0.083,6.12,-1.04,420,3742,5442,0,0,3888,-0.0061,-0.001,0.063,-0.037,6.54,-0.63,444,3642,2630,0,0
149.92,3,12901.5,608.57,0.01,12955.28,56.8,0.34,0.92,1.0,0.5,0.0,1.0,1,4442,773.6,1.56,-0.09,1.06,36.21,833,136,4518,0.0105,0.002,0.301,0.201,36.7,29.54,434,2128,4482,0,0,2483,-0.0208,-0.008,0.631,0.531,46.69,39.53,435,1794,2179,0,0,6535,0.0251,0.001,0.114,0.014,6.11,-1.05,492,4663,5076,0,0,3874,-0.0062,-0.008,0.25,0.15,6.62,-0.54,476,3832,2407,0,0
149.94,3,12901.8,608.69,0.01,12955.58,57.1,0.51,0.83,1.0,0.5,0.0,1.0,1,4620,335.5,1.05,-0.09,1.06,36.99,841,138,4526,0.0106,0.006,0.362,0.262,36.86,29.7,453,2563,4288,0,0,2484,-0.0208,0.001,0.706,0.606,46.77,39.6,455,1951,2064,0,0,6526,0.0249,-0.006,0.164,0.064,6.32,-0.84,475,6036,4081,0,0,3856,-0.0065,-0.011,0.212,0.112,6.86,-0.3,500,4151,1908,0,0
149.96,3,12902.1,608.81,0.01,12955.87,57.4,0.49,0.87,1.0,0.5,0.0,1.0,1,4350,329.8,1.02,-0.1,1.06,37.13,849,139,4518,0.0105,-0.006,0.279,0.179,36.96,29.8,429,2275,4417,0,0,2483,-0.0208,0.0,0.619,0.519,47.12,39.95,429,1869,2124,0,0,6535,0.0251,0.005,0.04,-0.06,6.44,-0.72,471,4050,5442,0,0,3874,-0.0063,0.011,0.18,0.08,6.82,-0.34,454,3787,2473,0,0
149.98,3,12902.4,608.94,0.01,12956.17,57.6,0.35,0.95,1.0,1.0,0.0,1.0,1,4288,325.7,1.01,-0.1,1.07,36.12,855,140,4514,0.0105,-0.003,0.26,0.16,37.03,29.87,424,2042,4510,0,0,2478,-0.0209,-0.004,0.589,0.489,47.18,40.02,425,1774,2185,0,0,6555,0.0253,0.012,0.088,-0.012,6.39,-0.77,450,3421,5694,0,0,3892,-0.006,0.011,0.102,0.002,6.74,-0.42,469,3345,2932,0,0
150.0,3,12902.8,609.07,0.01,12956.46,57.8,0.32,0.96,1.0,1.0,0.0,1.0,1,4471,789.2,1.58,-0.09,1.09,35.08,863,141,4531,0.0107,0.013,0.279,0.179,37.35,30.18,427,2137,4488,0,0,2470,-0.021,-0.006,0.603,0.503,47.34,40.18,427,1779,2170,0,0,6581,0.0256,0.015,0.032,-0.068,6.27,-0.89,465,4220,5400,0,0,3886,-0.0061,-0.004,0.138,0.038,6.62,-0.54,446,3639,2648,0,0
150.02,3,12903.1,609.2,0.01,12956.75,58.2,0.53,0.8,1.0,0.5,0.0,1.0,1,5473,1005.3,2.06,-0.09,1.09,36.35,871,143,4560,0.0112,0.022,0.507,0.407,37.2,30.03,511,2984,4088,0,0,2473,-0.021,0.002,0.902,0.802,47.29,40.13,513,2088,1930,0,0,6581,0.0256,0.0,0.45,0.35,6.69,-0.47,597,7232,2269,0,0,3851,-0.0065,-0.021,0.518,0.418,6.89,-0.27,623,4479,1108,0,0
150.04,3,12903.4,609.34,0.01,12957.05,58.7,0.78,0.61,1.0,0.5,0.0,1.0,1,6069,537.4,1.55,-0.11,1.07,39.83,887,145,4569,0.0113,0.007,0.677,0.577,37.43,30.27,569,3840,3437,0,0,2469,-0.021,-0.003,1.144,1.044,47.33,40.17,579,2392,1596,0,0,6612,0.026,0.019,0.499,0.399,7.05,-0.11,663,7481,1567,0,0,3865,-0.0064,0.008,0.68,0.58,7.54,0.38,655,4568,788,0,0
150.06,3,12903.7,609.48,0.01,12957.35,59.2,0.82,0.6,1.0,0.5,0.0,1.0,1,5913,316.1,1.2,-0.13,1.01,42.99,905,148,4524,0.0106,-0.035,0.657,0.557,37.53,30.37,567,3848,3362,0,0,2474,-0.0209,0.004,1.175,1.075,47.59,40.43,586,2444,1537,0,0,6611,0.026,0.0,0.43,0.33,7.75,0.59,635,7373,1961,0,0,3931,-0.0056,0.039,0.557,0.457,8.3,1.14,620,4601,993,0,0
150.08,3,12904.1,609.62,0.01,12957.64,59.8,0.8,0.65,1.0,0.5,0.0,1.0,1,5671,325.4,1.17,-0.16,0.95,45.39,919,151,4427,0.0091,-0.075,0.601,0.501,37.99,30.82,548,3603,3447,0,0,2483,-0.0208,0.007,1.121,1.021,47.88,40.72,571,2419,1587,0,0,6575,0.0255,-0.021,0.34,0.24,8.36,1.2,604,7083,2644,0,0,4033,-0.0044,0.06,0.464,0.364,9.02,1.86,587,4624,1334,0,0
150.1,3,12904.4,609.77,0.01,12957.95,60.2,0.76,0.71,1.0,0.5,0.0,1.0,1,5474,332.0,1.14,-0.19,0.89,46.99,931,153,4313,0.0074,-0.088,0.534,0.434,38.19,31.03,531,3268,3569,0,0,2486,-0.0208,0.002,1.056,0.956,48.42,41.25,550,2363,1661,0,0,6547,0.0252,-0.017,0.284,0.184,8.89,1.72,585,6742,3279,0,0,4158,-0.0029,0.073,0.405,0.305,9.64,2.48,568,4648,1672,0,0
150.12,3,12904.7,609.92,0.01,12958.25,60.7,0.72,0.76,1.0,0.5,0.0,1.0,1,5330,332.9,1.13,-0.22,0.86,47.77,944,156,4197,0.0056,-0.089,0.505,0.405,38.63,31.47,520,3037,3587,0,0,2482,-0.0208,-0.003,0.982,0.882,48.67,41.51,533,2286,1743,0,0,6530,0.025,-0.01,0.243,0.143,9.33,2.17,571,6351,3885,0,0,4288,-0.0014,0.076,0.359,0.259,10.08,2.92,553,4651,2023,0,0
150.14,3,12905.1,610.08,0.01,12958.55,61.1,0.67,0.81,1.0,0.0,0.53,1.0,1,5175,333.6,1.12,-0.24,0.85,47.87,956,158,4106,0.0042,-0.07,0.456,0.356,38.9,31.74,507,2811,3625,0,0,2460,-0.0212,-0.017,0.92,0.82,49.08,41.91,514,2211,1786,0,0,6522,0.0249,-0.004,0.209,0.109,9.68,2.52,529,5885,4485,0,0,4370,-0.0004,0.049,0.268,0.168,10.42,3.25,552,4528,2442,0,0
150.16,3,12905.4,610.24,0.01,12958.85,61.5,0.59,0.85,0.97,0.0,0.55,1.0,1,4927,9.6,0.49,-0.24,0.85,47.29,968,159,4048,0.0033,-0.045,0.336,0.236,39.28,32.12,443,2272,3865,930,1,2421,-0.0218,-0.03,0.736,0.636,49.51,42.35,444,1964,1958,930,1,6533,0.025,0.006,0.181,0.081,9.96,2.8,487,5712,4702,501,1,4406,0.0,0.021,0.341,0.241,10.69,3.53,482,4501,2560,501,1
150.18,3,12905.8,610.4,0.01,12959.15,61.7,0.37,0.96,0.92,0.0,0.69,1.0,1,4265,-212.0,0.2,-0.24,0.89,45.18,971,160,4026,0.0029,-0.017,0.176,0.076,38.45,31.28,401,1442,4174,973,1,2387,-0.0223,-0.026,0.5,0.4,48.32,41.16,400,1584,2186,973,1,6535,0.025,0.001,-0.002,-0.098,10.09,2.92,427,1573,6930,1747,0,4392,-0.0002,-0.008,0.122,0.022,10.88,3.72,447,3085,4020,524,1
150.2,3,12906.1,610.57,0.01,12959.45,61.5,-0.12,1.07,0.87,0.0,0.91,1.0,1,3656,-184.4,0.2,-0.2,0.96,40.89,970,160,4069,0.0036,0.033,-0.142,0.042,36.91,29.75,292,-813,4371,1211,1,2356,-0.0228,-0.024,0.225,0.125,46.32,39.16,331,980,2434,1211,1,6574,0.0255,0.023,-0.063,-0.037,9.74,2.58,384,-1892,6890,2174,0,4334,-0.0008,-0.034,0.03,-0.07,10.41,3.25,358,373,4857,2174,0
150.22,3,12906.4,610.74,0.01,12959.74,61.0,-0.63,0.97,0.83,1.0,0.0,1.0,1,3152,-163.8,0.2,-0.12,1.03,36.49,963,157,4198,0.0056,0.1,-0.203,0.103,35.62,28.46,289,-1329,4407,1597,1,2353,-0.0228,-0.002,-0.195,0.095,44.53,37.37,243,-325,2580,1597,1,6591,0.0257,0.01,-0.137,0.037,9.52,2.36,391,-4528,5790,860,1,4179,-0.0027,-0.092,-0.108,0.008,10.08,2.92,391,-2087,4283,2866,0
150.24,3,12906.8,610.91,0.01,12960.03,60.3,-0.79,0.88,0.79,1.0,0.0,1.0,1,3375,204.0,0.66,-0.01,1.09,33.17,959,154,4404,0.0087,0.158,-0.039,-0.061,34.54,27.38,337,-886,4726,0,0,2419,-0.0218,0.051,0.0,-0.1,43.03,35.86,292,-331,2654,0,0,6518,0.0249,-0.043,-0.102,0.002,9.56,2.4,376,-4787,5515,0,0,3923,-0.0057,-0.15,-0.021,-0.079,9.93,2.76,352,-2247,3901,0,0
150.26,3,12907.1,611.08,0.01,12960.31,59.8,-0.68,0.96,0.76,1.0,0.0,1.0,1,3808,496.4,1.18,0.13,1.16,30.74,958,151,4649,0.0125,0.188,0.052,-0.048,33.33,26.17,368,-17,5059,0,0,2547,-0.0198,0.098,0.157,0.057,41.51,34.35,343,257,2803,0,0,6344,0.0228,-0.102,0.0,-0.1,9.26,2.09,382,-2716,6381,0,0,3595,-0.0095,-0.193,0.05,-0.05,9.94,2.78,401,-642,4010,0,0
150.28,3,12907.4,611.26,0.02,12960.59,59.5,-0.25,1.07,0.72,0.5,0.0,1.0,1,4283,954.9,1.8,0.24,1.23,29.08,964,150,4909,0.0165,0.2,0.133,0.033,32.12,24.96,409,921,5264,0,0,2686,-0.0177,0.107,0.312,0.212,39.93,32.77,409,1034,2808,0,0,6121,0.0202,-0.131,0.063,-0.037,8.97,1.81,468,1457,6438,0,0,3213,-0.014,-0.225,0.174,0.074,9.64,2.47,462,2002,3145,0,0
150.3,3,12907.8,611.43,0.02,12960.87,59.6,0.25,0.98,0.68,0.5,0.0,1.0,1,4752,562.6,1.34,0.32,1.29,29.92,974,150,5138,0.02,0.176,0.236,0.136,30.58,23.42,441,2059,5234,0,0,2778,-0.0163,0.071,0.427,0.327,38.05,30.88,442,1658,2661,0,0,5923,0.0179,-0.116,0.212,0.112,8.97,1.81,452,4748,4737,0,0,2837,-0.0185,-0.221,0.246,0.146,9.39,2.23,474,2780,1937,0,0
150.32,3,12908.1,611.62,0.02,12961.15,59.8,0.37,0.93,0.64,0.5,0.0,1.0,1,4738,335.5,1.05,0.35,1.34,31.55,981,151,5287,0.0223,0.115,0.226,0.126,29.06,21.9,446,2358,5301,0,0,2803,-0.0159,0.019,0.41,0.31,36.04,28.88,448,1778,2632,0,0,5801,0.0164,-0.072,0.152,0.052,9.1,1.94,460,4384,4869,0,0,2552,-0.0218,-0.168,0.279,0.179,9.46,2.3,458,2499,1761,0,0
150.34,3,12908.4,611.8,0.02,12961.42,60.0,0.38,0.92,0.6,0.5,0.0,1.0,1,4777,335.4,1.05,0.34,1.36,33.0,982,152,5357,0.0234,0.053,0.214,0.114,27.36,20.2,450,2384,5387,0,0,2777,-0.0163,-0.02,0.382,0.282,34.04,26.88,452,1769,2613,0,0,5763,0.016,-0.022,0.198,0.098,9.17,2.01,452,4357,4843,0,0,2389,-0.0237,-0.096,0.238,0.138,9.68,2.51,474,2325,1678,0,0
150.36,3,12908.8,611.99,0.02,12961.7,60.2,0.41,0.92,0.55,0.5,0.0,1.0,1,4816,335.3,1.06,0.3,1.35,34.16,979,153,5349,0.0233,-0.006,0.208,0.108,25.95,18.79,454,2461,5366,0,0,2732,-0.017,-0.035,0.362,0.262,32.12,24.96,457,1748,2577,0,0,5787,0.0163,0.015,0.156,0.056,9.29,2.13,468,4312,4915,0,0,2364,-0.024,-0.015,0.291,0.191,9.95,2.79,465,2315,1646,0,0
150.38,3,12909.1,612.18,0.02,12961.97,60.4,0.45,0.94,0.51,0.5,0.0,1.0,1,4820,335.3,1.06,0.24,1.33,34.63,976,154,5285,0.0223,-0.049,0.187,0.087,24.07,16.9,457,2350,5365,0,0,2691,-0.0176,-0.032,0.328,0.228,29.9,22.73,459,1685,2572,0,0,5866,0.0172,0.046,0.197,0.097,9.56,2.4,455,4276,5055,0,0,2473,-0.0227,0.064,0.239,0.139,9.91,2.75,476,2374,1774,0,0
150.4,3,12909.4,612.38,0.02,12962.25,60.7,0.47,0.98,0.46,0.5,0.0,1.0,1,4824,335.3,1.06,0.17,1.3,34.54,975,155,5190,0.0209,-0.073,0.171,0.071,22.45,15.28,459,2266,5317,0,0,2634,-0.0185,-0.043,0.301,0.201,27.74,20.58,461,1633,2542,0,0,6001,0.0188,0.08,0.143,0.043,9.38,2.22,467,4095,5342,0,0,2659,-0.0205,0.109,0.277,0.177,10.1,2.94,462,2492,1967,0,0
150.42,3,12909.8,612.58,0.02,12962.52,61.0,0.48,0.99,0.41,0.5,0.0,1.0,1,4832,335.3,1.06,0.09,1.27,34.11,977,157,5065,0.0189,-0.097,0.152,0.052,20.72,13.56,460,2140,5251,0,0,2576,-0.0194,-0.045,0.276,0.176,25.5,18.34,462,1580,2510,0,0,6149,0.0205,0.087,0.185,0.085,9.37,2.21,456,4229,5436,0,0,2894,-0.0178,0.139,0.224,0.124,9.87,2.71,475,2678,2163,0,0
150.44,3,12910.1,612.79,0.01,12962.79,61.2,0.5,1.0,0.36,0.5,0.0,1.0,1,4837,335.3,1.06,0.01,1.24,33.33,979,158,4932,0.0169,-0.102,0.143,0.043,19.01,11.84,463,2086,5148,0,0,2499,-0.0206,-0.059,0.254,0.154,23.44,16.28,464,1538,2449,0,0,6306,0.0224,0.092,0.134,0.034,9.24,2.08,467,4159,5662,0,0,3124,-0.0151,0.135,0.26,0.16,9.85,2.69,461,2845,2369,0,0
150.46,3,12910.5,613.0,0.01,12963.06,61.5,0.52,1.01,0.32,0.5,0.0,1.0,1,4842,335.3,1.06,-0.06,1.21,32.25,983,160,4794,0.0148,-0.106,0.128,0.028,17.25,10.09,463,2007,5048,0,0,2422,-0.0217,-0.059,0.223,0.123,21.07,13.91,465,1466,2406,0,0,6452,0.0241,0.086,0.176,0.076,9.07,1.91,456,4256,5767,0,0,3351,-0.0124,0.133,0.208,0.108,9.54,2.37,473,3002,2573,0,0
150.48,3,12910.8,613.21,0.01,12963.33,61.8,0.54,1.01,0.27,0.5,0.0,1.0,1,4844,335.3,1.06,-0.12,1.2,30.89,987,161,4665,0.0128,-0.099,0.122,0.022,15.61,8.45,464,1992,4927,0,0,2333,-0.0231,-0.068,0.202,0.102,18.92,11.76,466,1407,2340,0,0,6588,0.0257,0.08,0.125,0.025,8.91,1.75,466,4208,5942,0,0,3539,-0.0102,0.111,0.242,0.142,9.38,2.21,460,3136,2737,0,0
150.5,3,12911.2,613.43,0.01,12963.6,62.1,0.55,1.02,0.22,0.5,0.0,1.0,1,4845,335.3,1.06,-0.18,1.2,29.28,991,163,4551,0.011,-0.088,0.104,0.004,13.85,6.69,465,1868,4857,0,0,2245,-0.0245,-0.068,0.181,0.081,16.66,9.5,467,1351,2271,0,0,6719,0.0272,0.077,0.169,0.069,8.72,1.56,454,4423,5952,0,0,3703,-0.0083,0.097,0.187,0.087,9.04,1.87,471,3216,2910,0,0
150.52,3,12911.5,613.65,0.01,12963.86,62.4,0.57,1.01,0.18,0.5,0.0,1.0,1,4849,335.3,1.06,-0.23,1.2,27.49,997,164,4461,0.0096,-0.069,0.099,-0.001,12.21,5.05,466,1899,4740,0,0,2157,-0.0258,-0.068,0.163,0.063,14.59,7.42,467,1325,2181,0,0,6846,0.0287,0.075,0.117,0.017,8.31,1.15,466,4295,6132,0,0,3833,-0.0067,0.076,0.225,0.125,8.74,1.58,459,3337,2987,0,0
150.54,3,12911.9,613.88,0.01,12964.13,62.8,0.58,1.0,0.13,0.5,0.0,1.0,1,4854,335.3,1.06,-0.26,1.2,25.58,1004,166,4395,0.0086,-0.051,0.084,-0.016,10.49,3.33,465,1843,4651,0,0,2086,-0.0269,-0.055,0.144,0.044,12.45,5.29,467,1313,2100,0,0,6949,0.0299,0.06,0.16,0.06,7.98,0.82,456,4502,6090,0,0,3929,-0.0056,0.057,0.176,0.076,8.38,1.22,473,3381,3081,0,0
150.56,3,12912.2,614.11,0.01,12964.39,63.1,0.6,0.98,0.09,0.5,0.0,1.0,1,4847,335.3,1.06,-0.27,1.2,23.69,1015,168,4352,0.008,-0.033,0.077,-0.023,8.88,1.72,464,1914,4490,0,0,2040,-0.0276,-0.036,0.124,0.024,10.3,3.14,466,1302,2036,0,0,7022,0.0308,0.043,0.113,0.013,7.62,0.46,467,4492,6123,0,0,3997,-0.0048,0.04,0.208,0.108,7.9,0.74,460,3442,3107,0,0
150.58,3,12912.6,614.35,0.01,12964.66,63.5,0.6,0.95,0.05,1.0,0.0,1.0,1,4853,335.3,1.06,-0.27,1.19,21.79,1025,170,4331,0.0076,-0.016,0.063,-0.037,7.16,0.0,464,1852,4279,0,0,2024,-0.0279,-0.012,0.107,0.007,8.15,0.99,466,1346,1944,0,0,7049,0.0311,0.016,0.152,0.052,7.27,0.11,456,4532,6067,0,0,4031,-0.0044,0.02,0.16,0.06,7.59,0.42,473,3435,3145,0,0
150.6,3,12912.9,614.59,0.01,12964.92,63.9,0.64,0.91,0.01,0.5,0.0,1.0,1,4925,792.4,1.67,-0.27,1.17,19.9,1038,172,4322,0.0075,-0.007,0.061,-0.039,5.66,-1.5,482,2158,3832,0,0,2033,-0.0277,0.007,0.099,-0.001,6.11,-1.05,484,1495,1754,0,0,7052,0.0311,0.002,0.086,-0.014,6.87,-0.29,528,4753,5872,0,0,4059,-0.0041,0.016,0.181,0.081,7.17,0.01,512,3660,2953,0,0
150.62,3,12913.3,614.83,0.01,12965.18,64.4,0.87,0.73,-0.03,1.0,0.0,1.0,1,5131,333.8,1.11,-0.27,1.13,18.78,1054,175,4316,0.0074,-0.004,0.062,-0.038,4.02,-3.14,486,3284,2891,0,0,2065,-0.0272,0.025,0.12,0.02,4.21,-2.95,497,2053,1216,0,0,7025,0.0308,-0.016,0.109,0.009,6.67,-0.49,506,6151,4775,0,0,4082,-0.0038,0.013,0.141,0.041,6.92,-0.24,534,4147,2401,0,0
150.64,3,12913.6,615.08,0.01,12965.44,65.1,0.96,0.59,-0.07,0.5,0.0,1.0,1,5040,792.6,1.69,-0.29,1.04,17.04,1073,179,4273,0.0067,-0.033,0.045,-0.055,2.24,-4.92,480,3084,1936,0,0,2111,-0.0265,0.035,0.116,0.016,2.61,-4.55,498,2233,859,0,0,6987,0.0304,-0.023,0.136,0.036,6.43,-0.73,529,6238,4600,0,0,4159,-0.0029,0.046,0.206,0.106,6.79,-0.38,526,4236,2416,0,0
150.66,3,12914.0,615.33,0.01,12965.71,65.7,0.93,0.51,-0.11,1.0,0.0,1.0,1,4865,335.0,1.08,-0.3,0.93,13.89,1094,182,4178,0.0053,-0.073,0.022,-0.078,0.41,-6.75,472,2350,529,0,0,2181,-0.0255,0.054,0.065,-0.035,1.26,-5.9,480,2103,548,0,0,6915,0.0295,-0.042,0.08,-0.02,6.14,-1.02,501,5398,5148,0,0,4303,-0.0012,0.084,0.13,0.03,6.25,-0.92,499,4026,2885,0,0
150.68,3,12914.4,615.59,0.01,12965.97,66.1,0.68,0.51,-0.15,1.0,0.0,1.0,1,4965,792.5,1.67,-0.31,0.82,8.52,1107,185,4047,0.0033,-0.101,0.037,-0.063,-1.16,-6.0,487,1931,-802,0,0,2258,-0.0243,0.06,0.053,-0.047,-0.03,-7.14,489,1657,47,0,0,6803,0.0282,-0.066,0.067,-0.033,5.56,-1.6,534,4293,5462,0,0,4463,0.0007,0.094,0.135,0.035,5.61,-1.55,517,3669,3327,0,0
150.7,3,12914.7,615.84,0.01,12966.24,66.8,0.94,0.26,-0.18,0.5,0.0,1.0,1,5308,1004.8,2.05,-0.33,0.67,4.08,1124,188,3912,0.0012,-0.104,0.083,-0.017,-2.55,-4.61,506,3463,-1623,0,0,2347,-0.0229,0.068,0.106,0.006,-1.05,-6.12,513,2474,-376,0,0,6666,0.0266,-0.081,0.191,0.091,5.11,-2.05,565,6790,3252,0,0,4618,0.0025,0.091,0.231,0.131,5.09,-2.07,560,4949,2138,0,0
150.72,3,12915.1,616.11,0.01,12966.5,67.5,1.04,0.1,-0.21,0.5,0.0,1.0,1,5265,560.9,1.43,-0.36,0.5,-0.28,1144,192,3739,-0.0015,-0.133,0.081,-0.019,-3.82,-3.34,507,3239,-2169,0,0,2447,-0.0214,0.077,0.092,-0.008,-2.09,-5.07,513,2483,-801,0,0,6521,0.0249,-0.085,0.16,0.06,4.63,-2.53,549,6733,2997,0,0,4831,0.005,0.125,0.186,0.086,4.6,-2.56,546,5181,2146,0,0
150.74,3,12915.5,616.37,0.01,12966.78,68.2,0.97,0.08,-0.23,1.0,0.0,1.0,1,5228,333.3,1.12,-0.39,0.31,-5.59,1164,196,3516,-0.0049,-0.172,0.065,-0.035,-5.02,-2.14,503,2672,-2581,0,0,2549,-0.0198,0.078,0.058,-0.042,-3.0,-4.17,505,2178,-1279,0,0,6363,0.023,-0.093,0.049,-0.051,4.0,-3.17,534,6137,3325,0,0,5098,0.0082,0.157,0.076,-0.024,3.97,-3.2,513,4961,2743,0,0
150.76,3,12915.9,616.64,0.01,12967.05,68.8,0.82,0.08,-0.25,1.0,0.0,1.0,1,5094,792.7,1.7,-0.42,0.12,-11.67,1182,200,3256,-0.0089,-0.2,0.068,-0.032,-6.05,-1.12,507,2013,-2811,0,0,2662,-0.018,0.087,0.05,-0.05,-3.82,-3.34,508,1636,-1750,0,0,6165,0.0207,-0.116,0.084,-0.016,3.16,-4.0,525,5429,3287,0,0,5388,0.0116,0.17,0.09,-0.01,3.11,-4.06,519,4589,2974,0,0
150.78,3,12916.3,616.91,0.02,12967.32,69.3,0.83,0.0,-0.26,1.0,0.0,1.0,1,5374,1005.2,2.06,-0.44,-0.04,-17.3,1200,203,2999,-0.0129,-0.197,0.113,0.013,-6.95,-0.22,530,2286,-2524,0,0,2769,-0.0164,0.082,0.087,-0.013,-4.6,-2.56,531,2140,-1931,0,0,5943,0.0181,-0.13,0.155,0.055,2.29,-4.87,561,6332,1960,0,0,5642,0.0145,0.149,0.149,0.049,2.26,-4.91,551,5816,2058,0,0
150.8,3,12916.6,617.18,0.02,12967.6,70.1,1.02,-0.13,-0.28,0.5,0.0,1.0,1,6495,957.6,2.31,-0.46,-0.18,-21.44,1221,207,2776,-0.0163,-0.172,0.274,0.174,-7.73,0.57,616,2938,-1569,0,0,2854,-0.0151,0.066,0.228,0.128,-5.29,-1.87,614,3088,-1404,0,0,5732,0.0156,-0.124,0.447,0.347,1.41,-5.75,717,6704,491,0,0,5835,0.0168,0.113,0.426,0.326,1.45,-5.72,699,6799,577,0,0
150.82,3,12917.0,617.46,0.02,12967.88,70.9,1.13,-0.16,-0.29,0.5,0.0,0.88,1,6605,512.1,1.63,-0.49,-0.3,-24.34,1242,212,2574,-0.0194,-0.156,0.332,0.232,-8.56,1.4,640,2879,-1193,0,0,2913,-0.0142,0.045,0.277,0.177,-6.01,-1.16,640,3311,-1165,0,0,5565,0.0136,-0.098,0.443,0.343,0.81,-6.35,683,6539,284,0,0,6008,0.0189,0.102,0.358,0.258,0.77,-6.4,687,7008,343,0,0
150.84,3,12917.4,617.73,0.02,12968.17,71.7,1.12,-0.17,-0.29,0.5,0.0,0.74,1,6595,285.6,1.28,-0.52,-0.4,-27.14,1262,217,2376,-0.0225,-0.152,0.343,0.243,-9.4,2.24,652,2649,-1135,0,0,2957,-0.0135,0.034,0.266,0.166,-6.76,-0.4,642,3305,-1318,0,0,5428,0.012,-0.08,0.393,0.293,0.06,-7.1,675,6392,119,0,0,6189,0.021,0.106,0.322,0.222,0.05,-7.11,688,7201,148,0,0
150.86,3,12917.8,618.01,0.02,12968.46,72.4,1.1,-0.2,-0.3,0.5,0.0,0.61,1,6403,295.3,1.25,-0.55,-0.46,-29.85,1284,222,2218,-0.0249,-0.121,0.323,0.223,-10.19,3.03,645,2416,-1182,0,0,2981,-0.0131,0.018,0.221,0.121,-7.47,0.31,626,3160,-1653,0,0,5351,0.0111,-0.046,0.305,0.205,-0.68,-6.48,659,6291,-80,0,0,6349,0.0229,0.094,0.269,0.169,-0.68,-6.48,644,7334,-117,0,0
150.88,3,12918.2,618.3,0.02,12968.75,73.2,1.07,-0.25,-0.3,0.5,0.0,0.48,1,6265,300.9,1.24,-0.57,-0.5,-32.34,1308,226,2103,-0.0266,-0.089,0.297,0.197,-10.86,3.7,635,2215,-1256,0,0,2989,-0.013,0.006,0.184,0.084,-8.04,0.88,613,2945,-1985,0,0,5314,0.0107,-0.022,0.26,0.16,-1.38,-5.78,634,6219,-345,0,0,6472,0.0243,0.073,0.212,0.112,-1.4,-5.77,621,7371,-546,0,0
150.9,3,12918.7,618.58,0.02,12969.04,73.9,1.01,-0.34,-0.3,1.0,0.0,0.34,1,6060,310.0,1.21,-0.57,-0.53,-34.28,1329,231,2032,-0.0277,-0.055,0.215,0.115,-11.43,4.27,595,1934,-1500,0,0,2993,-0.013,0.003,0.096,-0.004,-8.6,1.44,570,2240,-2658,0,0,5297,0.0105,-0.01,0.154,0.054,-2.11,-5.05,584,6018,-894,0,0,6554,0.0253,0.048,0.108,0.008,-2.05,-5.11,573,6901,-1434,0,0
150.92,3,12919.1,618.87,0.02,12969.34,74.4,0.72,-0.52,-0.31,1.0,0.0,0.21,1,6161,764.8,1.9,-0.56,-0.56,-34.72,1346,234,2006,-0.0281,-0.02,0.108,0.008,-11.92,4.76,546,1345,-1971,0,0,3017,-0.0126,0.018,0.024,-0.076,-9.03,1.87,538,818,-3270,0,0,5291,0.0104,-0.004,0.047,-0.053,-2.58,-4.58,532,4391,-2026,0,0,6612,0.026,0.034,0.007,-0.093,-2.51,-4.65,532,2242,-2682,0,0
150.94,3,12919.5,619.15,0.02,12969.65,74.6,0.22,-0.67,-0.31,1.0,0.0,0.08,1,6644,944.0,2.35,-0.51,-0.61,-33.91,1358,235,2019,-0.0279,0.01,0.055,-0.045,-12.36,5.2,521,727,-2265,0,0,3101,-0.0113,0.065,0.01,-0.09,-9.48,2.31,530,257,-3461,0,0,5245,0.0099,-0.027,0.03,-0.07,-2.86,-4.31,522,2785,-2496,0,0,6660,0.0265,0.028,-0.007,-0.093,-2.75,-4.41,528,-260,-3106,0,0
150.96,3,12919.9,619.43,0.02,12969.95,74.6,-0.03,-0.74,-0.31,1.0,0.0,0.12,2,6707,-221.3,2.38,-0.42,-0.69,-33.49,1370,235,2087,-0.0269,0.052,0.026,-0.074,-12.72,5.56,509,337,-2427,0,0,3266,-0.0088,0.126,0.001,-0.099,-9.7,2.54,525,22,-3665,0,0,5122,0.0084,-0.072,0.016,-0.084,-3.08,-4.08,520,390,-2739,0,0,6663,0.0266,0.002,-0.007,-0.093,-2.97,-4.19,527,-315,-3379,0,0
150.98,3,12920.3,619.71,0.01,12970.25,74.6,0.09,-0.79,-0.31,1.0,0.0,0.42,2,6638,-220.9,2.37,-0.32,-0.78,-33.18,1390,235,2194,-0.0252,0.083,0.073,-0.027,-13.09,5.93,532,675,-2491,0,0,3510,-0.005,0.188,0.032,-0.068,-10.1,2.94,542,543,-3924,0,0,4904,0.0059,-0.128,0.069,-0.031,-3.24,-3.92,546,3632,-2546,0,0,6624,0.0261,-0.023,0.029,-0.071,-3.17,-3.99,545,1773,-3580,0,0
151.0,3,12920.7,619.99,0.01,12970.56,74.9,0.44,-0.79,-0.32,1.0,0.0,0.72,2,6684,937.6,2.37,-0.24,-0.87,-33.78,1419,237,2298,-0.0236,0.08,0.134,0.034,-13.48,6.32,563,1279,-2395,0,0,3788,-0.0007,0.214,0.066,-0.034,-10.43,3.26,563,1333,-4099,0,0,4619,0.0025,-0.167,0.135,0.035,-3.53,-3.63,571,4562,-2118,0,0,6568,0.0254,-0.033,0.064,-0.036,-3.4,-3.76,580,4630,-3487,0,0
151.02,3,12921.1,620.27,0.01,12970.88,75.4,0.72,-0.73,-0.32,0.5,0.0,1.0,2,6430,954.8,2.32,-0.17,-0.97,-35.6,1450,240,2362,-0.0227,0.05,0.2,0.1,-13.9,6.74,601,1753,-2188,0,0,4042,0.0032,0.195,0.126,0.026,-10.79,3.62,598,2434,-3971,0,0,4334,-0.0008,-0.168,0.224,0.124,-3.92,-3.24,644,4887,-1400,0,0,6530,0.025,-0.022,0.178,0.078,-3.81,-3.35,626,6704,-2666,0,0
151.04,3,12921.6,620.55,0.01,12971.19,76.0,0.9,-0.62,-0.33,0.5,0.0,1.0,2,5914,542.1,1.53,-0.15,-1.02,-38.42,1479,244,2384,-0.0223,0.016,0.281,0.181,-14.39,7.23,642,2141,-1872,0,0,4239,0.0062,0.152,0.177,0.077,-11.19,4.02,629,3294,-3658,0,0,4098,-0.0036,-0.139,0.333,0.233,-4.62,-2.54,702,4784,-1016,0,0,6524,0.0249,-0.004,0.273,0.173,-4.44,-2.73,682,7224,-1959,0,0
151.06,3,12922.0,620.83,0.01,12971.52,76.7,0.97,-0.56,-0.33,0.5,0.0,1.0,2,5147,333.7,1.11,-0.15,-1.04,-41.43,1505,248,2378,-0.0224,-0.004,0.354,0.254,-15.02,7.85,682,2335,-1630,0,0,4345,0.0078,0.082,0.213,0.113,-11.86,4.7,654,3670,-3479,0,0,3973,-0.0051,-0.074,0.412,0.312,-5.35,-1.81,745,4672,-909,0,0,6544,0.0252,0.012,0.337,0.237,-5.17,-2.0,726,7331,-1803,0,0
151.08,3,12922.4,621.11,0.01,12971.84,77.4,1.0,-0.52,-0.33,0.5,0.0,1.0,2,4722,335.4,1.06,-0.17,-1.02,-44.05,1527,253,2372,-0.0225,-0.005,0.396,0.296,-15.58,8.42,701,2414,-1507,0,0,4371,0.0082,0.02,0.225,0.125,-12.4,5.24,662,3812,-3375,0,0,3958,-0.0053,-0.009,0.409,0.309,-6.24,-0.92,737,4629,-1022,0,0,6572,0.0255,0.016,0.336,0.236,-5.95,-1.21,726,7320,-1967,0,0
151.1,3,12922.9,621.39,0.01,12972.17,78.1,1.01,-0.56,-0.33,0.5,0.0,1.0,2,4600,335.5,1.04,-0.21,-0.96,-45.69,1547,257,2373,-0.0225,0.0,0.374,0.274,-16.3,9.14,692,2349,-1594,0,0,4323,0.0075,-0.037,0.202,0.102,-13.0,5.83,653,3538,-3567,0,0,4062,-0.004,0.061,0.346,0.246,-7.03,-0.13,709,4639,-1392,0,0,6613,0.026,0.024,0.277,0.177,-6.55,-0.61,698,7112,-2635,0,0
151.12,3,12923.3,621.67,0.01,12972.51,78.7,0.97,-0.66,-0.33,0.5,0.0,1.0,2,4500,335.6,1.03,-0.25,-0.9,-46.52,1565,262,2390,-0.0222,0.013,0.338,0.238,-16.78,9.62,677,2252,-1745,0,0,4228,0.0061,-0.073,0.18,0.08,-13.57,6.4,646,3147,-3761,0,0,4240,-0.0019,0.104,0.297,0.197,-7.67,0.5,690,4682,-1824,0,0,6644,0.0263,0.018,0.233,0.133,-7.25,0.09,680,6764,-3398,0,0
151.14,3,12923.7,621.95,0.01,12972.85,79.3,0.92,-0.74,-0.33,0.5,0.0,1.0,2,4437,332.6,1.02,-0.3,-0.85,-46.55,1585,266,2389,-0.0222,-0.001,0.314,0.214,-17.52,10.36,666,2137,-1867,0,0,4120,0.0044,-0.083,0.169,0.069,-14.12,6.95,643,2856,-3826,0,0,4440,0.0004,0.118,0.264,0.164,-8.16,1.0,678,4721,-2251,0,0,6704,0.027,0.036,0.205,0.105,-7.65,0.49,669,6442,-4011,0,0
151.16,3,12924.2,622.23,0.01,12973.19,79.9,0.87,-0.8,-0.34,0.5,0.0,1.0,2,4412,331.1,1.02,-0.34,-0.83,-45.87,1601,270,2376,-0.0224,-0.01,0.295,0.195,-18.15,10.99,661,2020,-1958,0,0,4016,0.0028,-0.08,0.165,0.065,-14.71,7.55,644,2654,-3820,0,0,4620,0.0025,0.106,0.247,0.147,-8.57,1.41,672,4755,-2590,0,0,6765,0.0278,0.036,0.191,0.091,-8.12,0.96,665,6170,-4478,0,0
151.18,3,12924.6,622.51,0.01,12973.54,80.4,0.85,-0.85,-0.35,0.5,0.0,1.0,2,4410,330.9,1.02,-0.38,-0.83,-44.63,1620,273,2343,-0.0229,-0.025,0.296,0.196,-18.9,11.74,660,1948,-1969,0,0,3939,0.0016,-0.059,0.167,0.067,-15.25,8.08,646,2551,-3781,0,0,4768,0.0043,0.087,0.26,0.16,-8.86,1.69,668,4817,-2798,0,0,6854,0.0288,0.052,0.156,0.056,-8.4,1.23,667,5863,-4959,0,0
151.2,3,12925.1,622.79,0.01,12973.89,80.9,0.8,-0.89,-0.35,0.5,0.0,1.0,2,4395,330.1,1.02,-0.4,-0.86,-43.07,1639,277,2302,-0.0236,-0.032,0.282,0.182,-19.64,12.48,659,1819,-2013,0,0,3903,0.001,-0.028,0.165,0.065,-16.07,8.91,645,2407,-3815,0,0,4851,0.0052,0.049,0.219,0.119,-9.09,1.93,668,4690,-3139,0,0,6945,0.0299,0.053,0.172,0.072,-8.58,1.41,661,5826,-5138,0,0
151.22,3,12925.5,623.06,0.01,12974.25,81.4,0.76,-0.93,-0.36,0.5,0.0,1.0,2,4404,330.4,1.02,-0.41,-0.91,-41.5,1659,280,2257,-0.0243,-0.035,0.285,0.185,-20.48,13.32,660,1743,-2004,0,0,3909,0.0011,0.005,0.165,0.065,-16.69,9.53,646,2314,-3870,0,0,4875,0.0055,0.014,0.228,0.128,-9.26,2.1,665,4692,-3183,0,0,7035,0.0309,0.053,0.158,0.058,-8.82,1.66,668,5633,-5454,0,0
151.24,3,12926.0,623.34,0.01,12974.62,81.8,0.69,-0.98,-0.38,0.0,0.0,1.0,2,4175,322.8,0.99,-0.41,-0.97,-39.63,1679,283,2206,-0.0251,-0.039,0.244,0.144,-21.4,14.24,636,1566,-2058,0,0,3947,0.0017,0.029,0.114,0.014,-17.55,10.38,617,1853,-4134,0,0,4852,0.0052,-0.014,0.145,0.045,-9.32,2.16,624,4037,-3862,0,0,7128,0.032,0.055,0.076,-0.024,-8.97,1.8,628,4251,-6517,0,0
151.26,3,12926.4,623.61,0.01,12974.98,82.0,0.4,-1.13,-0.39,1.0,0.0,1.0,2,3941,35.4,0.46,-0.39,-1.06,-36.38,1693,284,2153,-0.0259,-0.041,0.169,0.069,-22.31,15.15,599,1155,-2223,0,0,4019,0.0028,0.055,0.06,-0.04,-18.29,11.13,585,1035,-4467,0,0,4778,0.0044,-0.043,0.073,-0.027,-9.31,2.15,591,2664,-4678,0,0,7217,0.0331,0.052,0.022,-0.078,-8.84,1.67,591,1713,-7423,0,0
151.28,3,12926.9,623.87,0.01,12975.35,82.0,0.12,-1.2,-0.41,1.0,0.0,1.0,2,3860,322.0,0.95,-0.34,-1.16,-32.39,1706,284,2111,-0.0265,-0.033,0.133,0.033,-23.32,16.16,578,857,-2288,0,0,4140,0.0047,0.093,0.047,-0.053,-19.23,12.07,575,685,-4651,0,0,4641,0.0028,-0.081,0.053,-0.047,-9.0,1.84,586,1726,-4846,0,0,7294,0.034,0.045,0.015,-0.085,-8.69,1.53,586,671,-7597,0,0
151.3,3,12927.3,624.14,0.01,12975.72,82.0,0.12,-1.18,-0.44,1.0,0.0,1.0,2,3944,721.1,1.47,-0.27,-1.26,-28.8,1722,284,2090,-0.0268,-0.016,0.149,0.049,-24.43,17.27,586,830,-2265,0,0,4312,0.0073,0.133,0.071,-0.029,-20.11,12.95,585,924,-4787,0,0,4418,0.0002,-0.131,0.081,-0.019,-8.7,1.53,608,2293,-4387,0,0,7325,0.0343,0.018,0.051,-0.049,-8.39,1.23,604,2041,-7403,0,0
151.32,3,12927.8,624.4,0.01,12976.09,82.1,0.31,-1.12,-0.47,1.0,0.0,1.0,2,4105,929.5,1.76,-0.21,-1.35,-26.55,1743,284,2092,-0.0268,0.002,0.202,0.102,-25.64,18.48,609,1026,-2186,0,0,4512,0.0104,0.153,0.118,0.018,-21.09,13.93,607,1524,-4847,0,0,4142,-0.0031,-0.163,0.137,0.037,-8.41,1.25,629,3137,-3576,0,0,7306,0.0341,-0.011,0.082,-0.018,-8.16,1.0,633,3949,-6763,0,0
151.34,3,12928.3,624.65,0.01,12976.47,82.3,0.46,-1.04,-0.5,1.0,0.0,1.0,2,4209,945.9,1.79,-0.15,-1.42,-25.52,1764,286,2099,-0.0267,0.005,0.253,0.153,-26.94,19.78,630,1206,-2102,0,0,4693,0.0132,0.14,0.146,0.046,-22.1,14.94,618,1922,-4904,0,0,3867,-0.0063,-0.162,0.153,0.053,-8.39,1.22,651,3342,-3019,0,0,7260,0.0336,-0.027,0.117,0.017,-8.1,0.94,639,4947,-6184,0,0
151.36,3,12928.7,624.91,0.01,12976.85,82.6,0.51,-1.0,-0.53,0.5,0.0,1.0,2,4283,957.4,1.81,-0.12,-1.44,-25.16,1782,288,2111,-0.0265,0.01,0.294,0.194,-28.34,21.18,645,1320,-2049,0,0,4828,0.0153,0.104,0.164,0.064,-23.25,16.09,625,2122,-4963,0,0,3652,-0.0089,-0.127,0.182,0.082,-8.33,1.17,656,3353,-2669,0,0,7205,0.0329,-0.032,0.117,0.017,-8.04,0.87,657,5293,-5881,0,0
151.38,3,12929.2,625.16,0.01,12977.24,82.9,0.52,-0.97,-0.56,1.0,0.0,1.0,2,4250,541.5,1.27,-0.09,-1.44,-25.07,1794,290,2132,-0.0262,0.016,0.312,0.212,-29.8,22.64,645,1362,-2046,0,0,4903,0.0164,0.058,0.163,0.063,-24.27,17.1,619,2135,-5029,0,0,3518,-0.0104,-0.079,0.15,0.05,-8.34,1.18,648,3127,-2687,0,0,7142,0.0322,-0.038,0.11,0.01,-8.07,0.9,643,5115,-5930,0,0
151.4,3,12929.6,625.41,0.01,12977.63,83.1,0.45,-1.01,-0.59,1.0,0.0,1.0,2,4236,949.9,1.8,-0.08,-1.42,-24.48,1801,292,2168,-0.0256,0.028,0.315,0.215,-31.27,24.1,640,1338,-2100,0,0,4934,0.0169,0.024,0.162,0.062,-25.55,18.38,617,1999,-5097,0,0,3472,-0.011,-0.027,0.157,0.057,-8.26,1.1,648,2961,-2769,0,0,7089,0.0316,-0.031,0.097,-0.003,-8.02,0.86,650,4609,-6176,0,0
151.42,3,12930.1,625.66,0.01,12978.02,83.4,0.48,-1.0,-0.62,1.0,0.0,1.0,2,4312,961.8,1.81,-0.09,-1.38,-23.9,1809,293,2215,-0.0249,0.036,0.347,0.247,-32.84,25.68,647,1403,-2118,0,0,4933,0.0169,-0.001,0.191,0.091,-26.77,19.6,627,2196,-5007,0,0,3496,-0.0107,0.014,0.163,0.063,-8.14,0.97,670,3171,-2602,0,0,7050,0.0311,-0.023,0.13,0.03,-7.91,0.75,656,5247,-5712,0,0
151.44,3,12930.6,625.9,0.01,12978.41,83.7,0.53,-0.98,-0.66,0.5,0.0,1.0,2,4359,969.2,1.82,-0.1,-1.33,-23.41,1816,296,2264,-0.0242,0.038,0.38,0.28,-34.4,27.24,654,1482,-2128,0,0,4909,0.0165,-0.019,0.216,0.116,-28.01,20.84,634,2359,-4898,0,0,3564,-0.0099,0.04,0.187,0.087,-8.15,0.98,669,3345,-2527,0,0,7022,0.0308,-0.016,0.125,0.025,-7.9,0.73,670,5420,-5547,0,0
151.46,3,12931.0,626.15,0.01,12978.81,84.0,0.54,-0.99,-0.69,1.0,0.0,1.0,2,4293,545.2,1.27,-0.12,-1.28,-22.67,1822,298,2309,-0.0235,0.034,0.391,0.291,-35.94,28.78,648,1513,-2162,0,0,4864,0.0158,-0.035,0.216,0.116,-29.26,22.1,628,2320,-4850,0,0,3676,-0.0086,0.066,0.144,0.044,-8.03,0.86,658,3246,-2805,0,0,7017,0.0307,-0.003,0.11,0.01,-7.8,0.64,647,5065,-5785,0,0
151.48,3,12931.5,626.39,0.01,12979.21,84.2,0.48,-1.04,-0.73,1.0,0.0,1.0,2,4277,956.5,1.81,-0.14,-1.25,-21.29,1831,300,2347,-0.0229,0.029,0.404,0.304,-37.59,30.43,642,1516,-2204,0,0,4810,0.015,-0.041,0.221,0.121,-30.53,23.37,625,2213,-4822,0,0,3809,-0.007,0.079,0.147,0.047,-7.72,0.56,655,3223,-3011,0,0,7031,0.0309,0.008,0.096,-0.004,-7.58,0.42,658,4673,-6014,0,0
151.5,3,12932.0,626.62,0.01,12979.62,84.5,0.49,-1.02,-0.77,1.0,0.0,1.0,2,4327,964.2,1.82,-0.15,-1.23,-20.01,1839,301,2369,-0.0225,0.017,0.438,0.338,-39.17,32.01,647,1565,-2198,0,0,4767,0.0143,-0.034,0.247,0.147,-31.77,24.6,632,2307,-4722,0,0,3917,-0.0058,0.063,0.146,0.046,-7.55,0.38,671,3456,-2949,0,0,7052,0.0311,0.012,0.122,0.022,-7.37,0.21,659,5214,-5669,0,0
151.52,3,12932.4,626.86,0.01,12980.03,84.8,0.52,-1.0,-0.81,1.0,0.0,1.0,2,4352,968.4,1.82,-0.16,-1.2,-19.0,1848,304,2389,-0.0222,0.015,0.48,0.38,-40.79,33.63,651,1634,-2176,0,0,4742,0.014,-0.019,0.271,0.171,-33.21,26.04,636,2395,-4644,0,0,4001,-0.0048,0.049,0.167,0.067,-7.37,0.21,667,3674,-2853,0,0,7078,0.0314,0.015,0.111,0.011,-7.15,-0.01,670,5344,-5574,0,0
151.54,3,12932.9,627.09,0.01,12980.44,85.1,0.53,-1.0,-0.85,1.0,0.0,1.0,2,4364,970.3,1.83,-0.17,-1.18,-18.16,1862,306,2410,-0.0219,0.016,0.518,0.418,-42.76,35.6,653,1681,-2167,0,0,4717,0.0136,-0.019,0.291,0.191,-34.53,27.37,638,2448,-4580,0,0,4086,-0.0038,0.05,0.146,0.046,-6.98,-0.18,676,3728,-2908,0,0,7103,0.0317,0.015,0.125,0.025,-6.85,-0.31,663,5562,-5397,0,0
151.56,3,12933.4,627.32,0.01,12980.86,85.4,0.53,-0.98,-0.89,0.0,1.0,1.0,2,4370,971.4,1.83,-0.19,-1.18,-17.34,1871,308,2421,-0.0217,0.009,0.565,0.465,-44.55,37.39,654,1741,-2138,0,0,4696,0.0132,-0.016,0.31,0.21,-35.88,28.72,638,2490,-4527,0,0,4143,-0.0031,0.033,0.156,0.056,-6.93,-0.24,669,3776,-2941,0,0,7117,0.0319,0.008,0.113,0.013,-6.76,-0.41,671,5612,-5358,0,0
151.58,3,12933.9,627.54,0.01,12981.27,85.5,0.2,-1.08,-0.93,0.0,1.0,1.0,2,3904,515.5,1.22,-0.18,-1.18,-14.98,1877,308,2420,-0.0218,-0.001,0.316,0.216,-46.35,39.19,529,1266,-2397,1755,1,4684,0.0131,-0.01,0.118,0.018,-37.32,30.16,499,1380,-4898,5850,0,4193,-0.0025,0.029,-0.012,-0.088,-6.52,-0.64,568,14,-4185,3150,0,7153,0.0323,0.021,-0.046,-0.054,-6.42,-0.74,584,-1312,-6751,3150,0
151.6,3,12934.3,627.76,0.01,12981.69,85.1,-0.5,-1.03,-0.98,0.0,1.0,1.0,2,3268,204.6,0.66,-0.14,-1.18,-11.05,1870,305,2428,-0.0216,0.006,0.158,0.058,-48.41,41.24,448,756,-2577,1755,1,4695,0.0132,0.009,-0.189,0.089,-38.95,31.79,382,-1005,-4978,1755,1,4192,-0.0025,0.0,-0.06,-0.04,-6.0,-1.16,542,-1635,-3906,3150,0,7156,0.0324,0.002,-0.078,-0.022,-5.91,-1.25,558,-3481,-6174,3150,0
151.62,3,12934.8,627.98,0.01,12982.11,84.4,-0.84,-0.86,-1.0,0.0,1.0,0.9,2,2810,-145.5,0.2,-0.06,-1.18,-7.96,1855,301,2494,-0.0206,0.051,-0.198,0.098,-50.67,43.51,303,-230,-2725,1755,1,4769,0.0144,0.057,-0.174,0.074,-40.74,33.58,373,-1228,-4999,1755,1,4094,-0.0037,-0.058,-0.142,0.042,-5.52,-1.64,521,-3464,-2980,945,1,7068,0.0313,-0.052,-0.136,0.036,-5.37,-1.8,520,-5823,-4838,945,1
151.64,3,12935.3,628.19,0.01,12982.52,83.6,-1.07,-0.69,-1.0,0.0,1.0,0.77,2,2628,-132.0,0.2,0.07,-1.14,-5.63,1848,295,2637,-0.0184,0.11,-0.266,0.166,-51.48,44.31,254,-820,-2782,1755,1,4902,0.0164,0.103,-0.261,0.161,-41.38,34.22,314,-1835,-4973,1755,1,3934,-0.0055,-0.094,-0.138,0.038,-5.2,-1.97,492,-3767,-2460,945,1,6896,0.0293,-0.101,-0.128,0.028,-5.16,-2.0,491,-6411,-4067,945,1
151.66,3,12935.7,628.4,0.01,12982.93,82.8,-1.12,-0.59,-1.0,0.0,1.0,0.64,2,2504,-127.9,0.2,0.22,-1.06,-3.41,1843,289,2872,-0.0148,0.18,-0.341,0.241,-51.43,44.27,244,-1132,-2951,1755,1,5054,0.0188,0.117,-0.325,0.225,-41.21,34.05,299,-2320,-4962,1755,1,3716,-0.0081,-0.128,-0.151,0.051,-4.87,-2.29,493,-3735,-2115,945,1,6570,0.0255,-0.192,-0.156,0.056,-4.85,-2.32,499,-6371,-3573,945,1
151.68,3,12936.2,628.6,0.01,12983.33,82.0,-1.14,-0.53,-1.0,0.0,1.0,0.5,2,2454,-123.2,0.2,0.38,-0.96,-1.49,1840,284,3167,-0.0103,0.228,-0.342,0.242,-51.36,44.19,225,-1355,-3205,1755,1,5211,0.0212,0.121,-0.327,0.227,-41.24,34.08,282,-2537,-5043,1755,1,3458,-0.0112,-0.152,-0.155,0.055,-4.5,-2.66,476,-3610,-1783,945,1,6130,0.0203,-0.259,-0.147,0.047,-4.52,-2.64,477,-6134,-3105,945,1
151.7,3,12936.6,628.8,0.01,12983.74,81.1,-1.14,-0.48,-1.0,0.0,1.0,0.37,2,2354,-118.8,0.2,0.54,-0.81,-0.14,1835,278,3498,-0.0052,0.254,-0.378,0.278,-51.2,44.04,212,-1587,-3489,1755,1,5331,0.023,0.093,-0.347,0.247,-41.08,33.92,271,-2688,-5110,1755,1,3196,-0.0142,-0.154,-0.177,0.077,-4.07,-3.09,459,-3488,-1412,945,1,5594,0.014,-0.316,-0.169,0.069,-4.24,-2.92,463,-5852,-2517,945,1
151.72,3,12937.1,629.0,0.01,12984.14,80.3,-1.13,-0.41,-1.0,0.0,1.0,0.24,2,2261,-114.6,0.2,0.69,-0.65,0.69,1829,273,3843,0.0001,0.265,-0.428,0.328,-51.12,43.96,194,-1926,-3739,1755,1,5390,0.0239,0.045,-0.386,0.286,-41.01,33.85,255,-2947,-5053,1755,1,2969,-0.0169,-0.133,-0.191,0.091,-3.91,-3.26,449,-3331,-1168,945,1,4992,0.0069,-0.354,-0.175,0.075,-3.96,-3.2,457,-5379,-2044,945,1
151.74,3,12937.5,629.2,0.02,12984.53,79.5,-1.11,-0.35,-1.0,0.0,1.0,0.1,2,2118,-108.6,0.2,0.83,-0.5,1.29,1812,268,4162,0.005,0.246,-0.556,0.456,-50.89,43.73,150,-2429,-3865,1755,1,5415,0.0243,0.019,-0.471,0.371,-40.87,33.7,218,-3353,-4863,1755,1,2734,-0.0197,-0.138,-0.193,0.093,-3.71,-3.45,446,-3100,-1019,945,1,4373,-0.0004,-0.364,-0.178,0.078,-3.79,-3.37,455,-4784,-1719,945,1
151.76,3,12938.0,629.39,0.02,12984.92,78.7,-1.09,-0.28,-1.0,0.0,1.0,0.01,1,2022,-103.6,0.2,0.95,-0.36,2.0,1788,263,4461,0.0096,0.23,-0.672,0.572,-50.88,43.71,111,-3012,-3882,1755,1,5417,0.0243,0.002,-0.564,0.464,-40.66,33.49,178,-3827,-4561,1755,1,2542,-0.0219,-0.113,-0.172,0.072,-3.57,-3.59,456,-2857,-987,945,1,3793,-0.0072,-0.341,-0.133,0.033,-3.56,-3.61,475,-4044,-1651,945,1
151.78,3,12938.4,629.58,0.02,12985.31,78.0,-1.06,-0.22,-1.0,0.0,1.0,0.0,1,1962,-100.8,0.2,1.03,-0.24,2.94,1758,258,4726,0.0137,0.204,-0.756,0.656,-50.77,43.61,81,-3484,-3887,1755,1,5414,0.0243,-0.002,-0.634,0.534,-40.64,33.48,150,-4159,-4304,1755,1,2399,-0.0236,-0.084,-0.156,0.056,-3.29,-3.87,459,-2660,-959,945,1,3299,-0.013,-0.29,-0.139,0.039,-3.32,-3.84,468,-3453,-1490,945,1
151.8,3,12938.8,629.77,0.02,12985.7,77.2,-1.04,-0.17,-1.0,0.0,1.0,0.0,1,1894,-97.6,0.2,1.07,-0.14,3.91,1723,253,4931,0.0169,0.158,-0.827,0.727,-50.64,43.48,57,-3865,-3855,1755,1,5397,0.024,-0.014,-0.678,0.578,-40.51,33.35,131,-4338,-4129,1755,1,2325,-0.0245,-0.043,-0.154,0.054,-3.06,-4.1,457,-2587,-890,945,1,2934,-0.0173,-0.215,-0.129,0.029,-3.1,-4.06,469,-3103,-1267,945,1
151.82,3,12939.2,629.96,0.02,12986.08,76.5,-1.04,-0.13,-1.0,0.0,1.0,0.0,1,1829,-94.4,0.2,1.07,-0.07,4.85,1678,248,5072,0.019,0.109,-0.866,0.766,-50.58,43.41,44,-4105,-3840,1755,1,5347,0.0233,-0.038,-0.723,0.623,-40.46,33.29,112,-4459,-3949,1755,1,2338,-0.0243,0.007,-0.14,0.04,-2.87,-4.29,460,-2566,-902,945,1,2697,-0.0201,-0.139,-0.132,0.032,-2.87,-4.29,462,-2898,-1086,945,1
151.84,3,12939.7,630.14,0.02,12986.46,75.7,-1.06,-0.12,-1.0,0.0,1.0,0.0,1,1766,-91.4,0.2,1.05,-0.03,5.79,1630,243,5169,0.0205,0.075,-0.886,0.786,-50.43,43.27,37,-4252,-3842,1755,1,5298,0.0225,-0.038,-0.76,0.66,-40.33,33.17,96,-4541,-3798,1755,1,2442,-0.0231,0.061,-0.126,0.026,-2.6,-4.56,464,-2640,-926,945,1,2610,-0.0211,-0.051,-0.138,0.038,-2.54,-4.62,453,-2841,-954,945,1
151.86,3,12940.1,630.32,0.02,12986.83,75.0,-1.1,-0.11,-1.0,0.0,1.0,0.0,1,1704,-88.5,0.2,1.01,-0.02,7.03,1584,238,5209,0.0211,0.031,-0.913,0.813,-50.31,43.15,29,-4357,-3800,1755,1,5266,0.022,-0.025,-0.786,0.686,-40.2,33.04,85,-4596,-3694,1755,1,2602,-0.0212,0.094,-0.118,0.018,-2.31,-4.85,450,-2799,-923,3150,0,2676,-0.0203,0.039,-0.143,0.043,-2.3,-4.86,447,-2911,-916,945,1
151.88,3,12940.5,630.5,0.01,12987.21,74.2,-1.14,-0.1,-1.0,0.0,1.0,0.0,1,1645,-85.7,0.2,0.96,-0.02,8.44,1540,233,5214,0.0212,0.004,-0.943,0.843,-50.16,43.0,18,-4438,-3728,1755,1,5245,0.0217,-0.016,-0.802,0.702,-40.09,32.93,78,-4629,-3627,1755,1,2788,-0.019,0.109,-0.119,0.019,-1.98,-5.18,446,-3036,-864,3150,0,2828,-0.0186,0.09,-0.14,0.04,-1.85,-5.31,443,-3121,-810,945,1
151.9,3,12940.9,630.68,0.01,12987.57,73.3,-1.18,-0.08,-1.0,0.0,1.0,0.0,1,1588,-82.9,0.2,0.92,-0.03,9.92,1499,227,5207,0.0211,-0.006,-0.972,0.872,-50.07,42.91,9,-4502,-3653,1755,1,5242,0.0217,-0.002,-0.807,0.707,-39.97,32.81,75,-4648,-3603,1755,1,2973,-0.0169,0.109,-0.13,0.03,-1.61,-5.56,450,-3295,-756,945,1,3019,-0.0163,0.112,-0.121,0.021,-1.66,-5.5,449,-3325,-792,945,1
151.92,3,12941.3,630.86,0.01,12987.93,72.5,-1.21,-0.06,-1.0,0.0,1.0,0.0,1,1532,-80.3,0.2,0.88,-0.05,11.41,1461,222,5193,0.0209,-0.011,-0.933,0.833,-49.92,42.76,22,-4536,-3596,1755,1,5256,0.0219,0.011,-0.804,0.704,-39.8,32.64,75,-4662,-3610,1755,1,3142,-0.0149,0.099,-0.128,0.028,-1.23,-5.94,447,-3487,-655,945,1,3225,-0.0139,0.121,-0.14,0.04,-1.28,-5.88,434,-3572,-697,945,1
151.94,3,12941.7,631.03,0.01,12988.29,71.6,-1.23,-0.04,-1.0,0.0,1.0,0.0,1,1478,-77.4,0.2,0.84,-0.05,12.75,1425,217,5178,0.0207,-0.011,-0.964,0.864,-49.76,42.6,11,-4486,-3627,1755,1,5269,0.0221,0.01,-0.8,0.7,-39.66,32.5,76,-4670,-3622,1755,1,3292,-0.0131,0.088,-0.118,0.018,-0.89,-6.27,434,-3657,-540,3150,0,3411,-0.0117,0.11,-0.114,0.014,-0.88,-6.28,428,-3778,-565,3150,0
151.96,3,12942.1,631.2,0.01,12988.65,70.7,-1.24,-0.02,-1.0,0.0,1.0,0.0,1,1427,-74.1,0.2,0.82,-0.04,13.84,1390,212,5177,0.0207,-0.001,-0.986,0.886,-49.55,42.38,4,-4529,-3582,1755,1,5274,0.0221,0.004,-0.799,0.699,-39.44,32.28,76,-4680,-3620,1755,1,3426,-0.0115,0.079,-0.122,0.022,-0.45,-6.72,440,-3820,-358,945,1,3553,-0.01,0.084,-0.138,0.038,-0.55,-6.61,425,-3964,-412,945,1
151.98,3,12942.5,631.37,0.01,12989.0,69.8,-1.25,0.01,-1.0,0.0,1.0,0.0,1,1377,-70.9,0.2,0.8,-0.03,14.71,1355,206,5179,0.0207,0.001,-0.935,0.835,-49.38,42.22,20,-4513,-3601,1755,1,5263,0.022,-0.009,-0.804,0.704,-39.3,32.14,73,-4690,-3592,1755,1,3552,-0.01,0.074,-0.121,0.021,-0.14,-7.02,437,-3969,-207,945,1,3662,-0.0087,0.064,-0.13,0.03,-0.17,-6.99,424,-4093,-238,945,1
152.0,3,12942.9,631.54,0.01,12989.34,69.0,-1.25,0.03,-1.0,0.0,1.0,0.0,1,1330,-67.9,0.2,0.78,-0.01,15.33,1322,201,5190,0.0208,0.009,-0.953,0.853,-49.17,42.01,15,-4494,-3639,1755,1,5253,0.0218,-0.007,-0.807,0.707,-39.04,31.88,71,-4702,-3565,1755,1,3652,-0.0089,0.059,-0.117,0.017,0.16,-7.0,420,-4064,-56,3150,0,3735,-0.0079,0.043,-0.124,0.024,0.15,-7.01,421,-4162,-68,945,1
152.02,3,12943.2,631.7,0.01,12989.68,68.1,-1.25,0.06,-1.0,0.0,1.0,0.0,1,1285,-65.0,0.2,0.78,0.01,15.66,1293,196,5211,0.0212,0.017,-0.964,0.864,-48.95,41.79,11,-4538,-3626,1755,1,5238,0.0216,-0.012,-0.813,0.713,-38.8,31.64,68,-4715,-3527,1755,1,3736,-0.0079,0.049,-0.138,0.038,0.5,-6.66,419,-4168,125,945,1,3770,-0.0075,0.021,-0.124,0.024,0.5,-6.66,415,-4202,122,945,1
152.04,3,12943.6,631.87,0.01,12990.02,67.2,-1.23,0.09,-1.0,0.0,1.0,0.0,1,1241,-62.3,0.2,0.78,0.05,15.76,1262,191,5238,0.0216,0.021,-0.968,0.868,-48.73,41.56,10,-4581,-3622,1755,1,5214,0.0212,-0.018,-0.823,0.723,-38.54,31.38,64,-4729,-3474,1755,1,3786,-0.0073,0.03,-0.131,0.031,0.81,-6.35,415,-4230,296,945,1,3754,-0.0077,-0.01,-0.111,0.011,0.77,-6.39,402,-4168,279,3150,0
152.06,3,12944.0,632.03,0.01,12990.35,66.4,-1.21,0.11,-1.0,0.0,1.0,0.0,1,1200,-59.6,0.2,0.78,0.08,15.64,1232,186,5269,0.0221,0.024,-0.966,0.866,-48.47,41.31,11,-4616,-3632,1755,1,5172,0.0206,-0.032,-0.842,0.742,-38.38,31.22,57,-4744,-3392,1755,1,3839,-0.0067,0.031,-0.127,0.027,0.98,-6.18,414,-4257,413,945,1,3713,-0.0081,-0.024,-0.113,0.013,1.01,-6.16,396,-4121,405,3150,0
152.08,3,12944.4,632.19,0.01,12990.67,65.5,-1.21,0.13,-1.0,0.0,1.0,0.0,1,1160,-57.1,0.2,0.79,0.1,15.42,1203,182,5298,0.0225,0.022,-0.961,0.861,-48.26,41.1,12,-4642,-3649,1755,1,5149,0.0202,-0.018,-0.85,0.75,-38.14,30.97,54,-4754,-3343,1755,1,3861,-0.0064,0.013,-0.124,0.024,1.3,-5.86,409,-4251,588,945,1,3667,-0.0087,-0.027,-0.118,0.018,1.27,-5.9,388,-4063,538,3150,0
152.1,3,12944.7,632.35,0.01,12990.99,64.6,-1.23,0.11,-1.0,0.0,1.0,0.0,1,1122,-54.6,0.2,0.8,0.12,15.51,1170,177,5323,0.0229,0.019,-0.954,0.854,-47.96,40.79,14,-4663,-3666,1755,1,5126,0.0199,-0.018,-0.856,0.756,-37.87,30.7,51,-4760,-3299,1755,1,3860,-0.0064,-0.001,-0.943,0.843,1.47,-5.7,-1,-4640,129,6000,0,3603,-0.0094,-0.038,-1.026,0.926,1.49,-5.68,37,-4343,111,6000,0
152.12,3,12945.1,632.51,0.01,12991.31,63.7,-1.26,0.09,-1.0,0.0,1.0,0.0,1,1086,-52.3,0.2,0.82,0.14,15.73,1143,172,5372,0.0237,0.038,-0.935,0.835,-47.79,40.63,20,-4677,-3727,1755,1,5133,0.02,0.005,-0.845,0.745,-37.66,30.5,54,-4758,-3314,1755,1,3858,-0.0064,-0.001,-0.996,0.896,1.8,-5.36,-25,-4622,114,6000,0,3545,-0.0101,-0.034,-1.017,0.917,1.81,-5.36,41,-4263,104,6000,0
152.14,3,12945.4,632.66,0.01,12991.63,62.9,-1.24,0.09,-1.0,0.0,1.0,0.0,1,1051,-50.1,0.2,0.83,0.14,15.99,1112,167,5395,0.024,0.017,-0.927,0.827,-47.57,40.41,22,-4683,-3754,1755,1,5133,0.02,0.001,-0.837,0.737,-37.46,30.3,56,-4751,-3325,1755,1,3830,-0.0068,-0.017,-0.893,0.793,2.08,-5.08,20,-4589,133,6000,0,3488,-0.0108,-0.033,-0.949,0.849,2.13,-5.03,-6,-4197,122,6000,0
152.16,3,12945.8,632.81,0.01,12991.93,62.0,-1.23,0.09,-1.0,0.0,1.0,0.0,1,1017,-47.9,0.2,0.84,0.15,16.21,1085,163,5416,0.0243,0.016,-0.918,0.818,-47.34,40.18,24,-4691,-3779,1755,1,5142,0.0201,0.006,-0.826,0.726,-37.09,29.93,59,-4751,-3341,1755,1,3799,-0.0071,-0.018,-0.967,0.867,2.44,-4.72,-13,-4553,158,6000,0,3441,-0.0113,-0.028,-1.063,0.963,2.45,-4.71,21,-4141,140,6000,0
152.18,3,12946.1,632.96,0.01,12992.24,61.1,-1.22,0.09,-1.0,0.0,1.0,0.0,1,985,-45.9,0.2,0.85,0.15,16.42,1055,158,5418,0.0243,0.001,-0.917,0.817,-47.07,39.91,24,-4699,-3774,1755,1,5139,0.0201,-0.002,-0.82,0.72,-36.91,29.75,61,-4745,-3344,1755,1,3763,-0.0076,-0.021,-1.049,0.949,2.73,-4.43,28,-4509,174,6000,0,3398,-0.0119,-0.025,-1.003,0.903,2.79,-4.37,47,-4092,161,6000,0
152.2,3,12946.4,633.11,0.01,12992.54,60.3,-1.21,0.09,-1.0,0.0,1.0,0.0,1,955,-43.9,0.2,0.85,0.14,16.6,1026,154,5419,0.0244,0.001,-0.915,0.815,-46.82,39.66,25,-4708,-3768,1755,1,5132,0.02,-0.005,-0.817,0.717,-36.67,29.5,61,-4744,-3336,1755,1,3736,-0.0079,-0.016,-0.952,0.852,3.11,-4.05,-7,-4478,202,6000,0,3359,-0.0123,-0.023,-0.944,0.844,3.12,-4.04,-5,-4046,180,6000,0
152.22,3,12946.8,633.26,0.01,12992.83,59.4,-1.21,0.1,-1.0,0.0,1.0,0.0,1,926,-42.1,0.2,0.85,0.14,16.85,995,149,5414,0.0243,-0.004,-0.917,0.817,-46.58,39.42,24,-4718,-3751,1755,1,5140,0.0201,0.007,-0.806,0.706,-36.43,29.26,64,-4742,-3354,1755,1,3694,-0.0084,-0.025,-0.927,0.827,3.41,-3.75,3,-4429,220,6000,0,3336,-0.0126,-0.014,-0.949,0.849,3.5,-3.66,-8,-4018,201,6000,0
152.24,3,12947.1,633.41,0.01,12993.12,58.5,-1.23,0.1,-1.0,0.0,1.0,0.0,1,898,-40.3,0.2,0.86,0.13,17.1,966,145,5406,0.0242,-0.006,-0.919,0.819,-46.29,39.13,23,-4728,-3730,1755,1,5145,0.0202,0.004,-0.797,0.697,-36.16,29.0,66,-4737,-3369,1755,1,3682,-0.0085,-0.007,-1.008,0.908,3.75,-3.41,46,-4413,239,6000,0,3341,-0.0125,0.003,-1.06,0.96,3.84,-3.32,24,-4022,222,6000,0
152.26,3,12947.4,633.55,0.01,12993.41,57.7,-1.23,0.11,-1.0,0.0,1.0,0.0,1,871,-38.6,0.2,0.86,0.13,17.31,940,141,5408,0.0242,0.001,-0.913,0.813,-46.0,38.84,25,-4734,-3728,1755,1,5158,0.0204,0.01,-0.784,0.684,-35.84,28.68,69,-4736,-3393,1755,1,3663,-0.0087,-0.011,-0.909,0.809,4.06,-3.1,9,-4391,264,6000,0,3337,-0.0126,-0.003,-0.986,0.886,4.23,-2.93,-23,-4016,249,6000,0
152.28,3,12947.7,633.69,0.01,12993.69,56.8,-1.2,0.11,-1.0,0.0,1.0,0.0,1,846,-29.3,0.21,0.86,0.12,17.48,913,137,5393,0.024,-0.011,-0.918,0.818,-45.65,38.49,23,-4744,-3696,1755,1,5147,0.0202,-0.008,-0.784,0.684,-35.57,28.41,68,-4736,-3377,1755,1,3644,-0.009,-0.011,-1.0,0.9,4.46,-2.7,21,-4367,286,6000,0,3323,-0.0127,-0.008,-0.916,0.816,4.62,-2.55,4,-3998,272,6000,0
152.3,3,12948.0,633.83,0.01,12993.97,56.0,-1.2,0.11,-1.0,0.0,1.0,0.0,1,837,-4.8,0.25,0.86,0.1,17.77,886,133,5370,0.0236,-0.018,-0.928,0.828,-45.48,38.32,20,-4755,-3650,1755,1,5149,0.0202,0.001,-0.777,0.677,-35.33,28.16,70,-4736,-3381,1755,1,3606,-0.0094,-0.023,-0.985,0.885,4.81,-2.35,-22,-4321,310,6000,0,3317,-0.0128,-0.004,-1.04,0.94,4.93,-2.23,33,-3988,289,6000,0
152.32,3,12948.3,633.97,0.01,12994.24,55.1,-1.19,0.12,-1.0,0.0,1.0,0.0,1,835,-0.8,0.26,0.86,0.11,18.07,859,129,5345,0.0232,-0.019,-0.938,0.838,-45.25,38.09,17,-4766,-3600,1755,1,5147,0.0202,-0.001,-0.77,0.67,-34.96,27.8,71,-4736,-3381,1755,1,3575,-0.0098,-0.018,-0.898,0.798,5.14,-2.03,12,-4284,333,6000,0,3316,-0.0128,0.0,-0.962,0.862,5.3,-1.86,-14,-3986,316,6000,0
152.34,3,12948.6,634.1,0.01,12994.51,54.3,-1.19,0.13,-1.0,0.0,1.0,0.0,1,835,-0.1,0.26,0.86,0.11,18.23,832,125,5330,0.023,-0.012,-0.94,0.84,-44.97,37.81,17,-4772,-3572,1755,1,5121,0.0198,-0.02,-0.78,0.68,-34.73,27.57,67,-4746,-3328,1755,1,3574,-0.0098,-0.001,-0.991,0.891,5.57,-1.59,-25,-4279,356,6000,0,3301,-0.013,-0.009,-0.892,0.792,5.73,-1.44,11,-3966,337,6000,0
152.36,3,12948.9,634.24,0.01,12994.78,53.4,-1.19,0.13,-1.0,0.0,1.0,0.0,1,835,0.0,0.26,0.86,0.12,18.43,806,121,5327,0.023,-0.002,-0.931,0.831,-44.68,37.51,19,-4769,-3572,1755,1,5116,0.0197,-0.004,-0.775,0.675,-34.49,27.33,68,-4748,-3317,1755,1,3558,-0.01,-0.009,-0.895,0.795,5.86,-1.31,12,-4260,380,6000,0,3282,-0.0132,-0.012,-1.034,0.934,6.11,-1.06,35,-3941,360,6000,0
152.38,3,12949.2,634.37,0.01,12995.04,52.6,-1.2,0.14,-1.0,0.0,1.0,0.0,1,835,0.0,0.26,0.86,0.13,18.51,782,117,5341,0.0232,0.011,-0.914,0.814,-44.4,37.23,23,-4762,-3604,1755,1,5108,0.0196,-0.006,-0.772,0.672,-34.11,26.95,68,-4751,-3303,1755,1,3563,-0.0099,0.003,-0.99,0.89,6.24,-0.92,-24,-4262,402,6000,0,3258,-0.0135,-0.014,-1.055,0.955,6.47,-0.69,28,-3910,377,6000,0
152.4,3,12949.5,634.5,0.01,12995.29,51.7,-1.18,0.14,-1.0,0.0,1.0,0.0,1,835,0.0,0.26,0.86,0.14,18.53,758,113,5344,0.0232,0.002,-0.904,0.804,-44.04,36.88,26,-4754,-3618,1755,1,5084,0.0192,-0.018,-0.779,0.679,-33.78,26.61,65,-4760,-3255,1755,1,3567,-0.0099,0.002,-0.88,0.78,6.66,-0.5,16,-4263,429,6000,0,3228,-0.0139,-0.018,-1.0,0.9,6.89,-0.28,19,-3873,398,6000,0
152.42,3,12949.8,634.63,0.01,12995.55,50.9,-1.17,0.14,-1.0,0.0,1.0,0.0,1,835,0.0,0.26,0.85,0.14,18.61,733,110,5320,0.0228,-0.018,-0.913,0.813,-43.79,36.62,23,-4759,-3577,1755,1,5053,0.0187,-0.024,-0.791,0.691,-33.47,26.31,61,-4773,-3188,1755,1,3568,-0.0099,0.001,-0.98,0.88,6.96,-0.2,-21,-4261,450,6000,0,3219,-0.014,-0.005,-1.016,0.916,7.2,0.04,42,-3860,417,6000,0
152.44,3,12950.1,634.75,0.01,12995.79,50.1,-1.16,0.15,-1.0,0.0,1.0,0.0,1,835,0.0,0.26,0.84,0.15,18.71,707,106,5293,0.0224,-0.021,-0.925,0.825,-43.52,36.36,20,-4772,-3522,1755,1,5015,0.0182,-0.029,-0.807,0.707,-33.21,26.05,55,-4786,-3106,1755,1,3573,-0.0098,0.003,-0.946,0.846,7.32,0.16,-9,-4264,480,6000,0,3209,-0.0141,-0.006,-1.037,0.937,7.6,0.44,35,-3846,443,6000,0
152.46,3,12950.4,634.88,0.01,12996.04,49.2,-1.18,0.16,-1.0,0.5,0.0,0.0,1,835,0.0,0.26,0.84,0.17,18.86,682,103,5287,0.0223,-0.005,-0.919,0.819,-43.19,36.03,21,-4775,-3510,1755,1,4999,0.0179,-0.013,-0.806,0.706,-32.87,25.71,55,-4790,-3074,1755,1,3583,-0.0097,0.006,-1.046,0.946,7.68,0.52,33,-4272,500,6000,0,3206,-0.0141,-0.002,-0.966,0.866,7.99,0.82,-18,-3839,467,6000,0
152.48,3,12950.6,635.0,0.01,12996.28,48.4,-1.19,0.12,-1.0,0.5,0.0,0.0,1,894,159.2,0.53,0.84,0.17,18.35,658,99,5296,0.0225,0.007,-0.319,0.219,-42.84,35.68,181,-3861,-4369,0,0,4975,0.0175,-0.019,-0.281,0.181,-32.54,25.38,210,-3926,-3957,0,0,3613,-0.0093,0.018,-0.473,0.373,8.08,0.92,191,-4270,805,0,0,3193,-0.0143,-0.008,-0.672,0.572,8.41,1.25,117,-3813,583,0,0
152.5,3,12950.9,635.12,0.01,12996.51,47.6,-1.11,-0.09,-1.0,0.5,0.0,0.0,1,1032,210.7,0.62,0.84,0.14,14.88,638,96,5303,0.0226,0.006,0.062,-0.038,-42.04,34.88,269,-1118,-5547,0,0,4969,0.0174,-0.004,0.059,-0.041,-31.68,24.52,295,-979,-5315,0,0,3629,-0.0091,0.01,-0.014,-0.086,8.33,1.17,339,-3535,2413,0,0,3193,-0.0143,0.0,-0.251,0.151,8.57,1.41,252,-3673,1151,0,0
152.52,3,12951.1,635.24,0.01,12996.75,47.2,-0.66,-0.13,-1.0,1.0,0.0,0.07,1,1210,223.6,0.64,0.82,0.09,8.11,624,94,5277,0.0222,-0.02,0.069,-0.031,-40.97,33.81,266,417,-5609,0,0,5009,0.0181,0.031,0.04,-0.06,-30.72,23.56,290,443,-5428,0,0,3584,-0.0097,-0.027,0.023,-0.077,8.05,0.89,334,771,3823,0,0,3234,-0.0138,0.024,0.073,-0.027,8.12,0.96,344,-689,3485,0,0
152.54,3,12951.4,635.35,0.01,12996.98,46.9,-0.45,-0.03,-1.0,1.0,0.0,0.03,1,1484,353.4,0.99,0.78,0.04,-0.29,612,93,5201,0.021,-0.058,-0.008,-0.092,-39.97,32.8,248,186,-5551,0,0,5031,0.0184,0.017,-0.034,-0.066,-29.88,22.72,274,-99,-5475,0,0,3562,-0.0099,-0.012,-0.048,-0.052,7.16,-0.01,310,-1005,3702,0,0,3340,-0.0125,0.063,-0.05,-0.05,7.13,-0.04,310,-937,3492,0,0
152.56,3,12951.7,635.47,0.01,12997.21,46.5,-0.51,0.03,-1.0,1.0,0.0,0.0,1,1790,492.7,1.22,0.72,0.01,-8.41,601,91,5094,0.0194,-0.082,-0.019,-0.081,-39.29,32.12,245,-87,-5454,0,0,5010,0.0181,-0.016,-0.024,-0.076,-29.29,22.13,280,-291,-5456,0,0,3599,-0.0095,0.022,0.023,-0.077,6.04,-1.12,326,262,3661,0,0,3489,-0.0108,0.087,0.014,-0.086,5.93,-1.24,330,38,3550,0,0
152.58,3,12951.9,635.58,0.01,12997.44,46.2,-0.44,0.04,-1.0,1.0,0.0,0.09,1,2203,579.8,1.31,0.66,-0.02,-16.21,589,90,4967,0.0174,-0.098,-0.014,-0.086,-38.73,31.57,245,-114,-5332,0,0,4955,0.0172,-0.042,-0.02,-0.08,-28.92,21.76,283,-230,-5410,0,0,3662,-0.0087,0.037,-0.035,-0.065,4.84,-2.32,303,-430,3453,0,0,3646,-0.0089,0.092,-0.064,-0.036,4.61,-2.56,304,-1337,3293,0,0
152.6,3,12952.2,635.69,0.01,12997.67,45.7,-0.65,0.0,-1.0,1.0,0.0,0.19,1,2793,700.0,1.45,0.6,-0.03,-23.19,576,88,4836,0.0154,-0.101,-0.01,-0.09,-38.39,31.22,243,-179,-5203,0,0,4866,0.0159,-0.069,-0.03,-0.07,-28.71,21.54,280,-361,-5316,0,0,3761,-0.0076,0.058,-0.025,-0.075,3.48,-3.68,302,-1671,2982,0,0,3799,-0.0071,0.09,-0.066,-0.034,3.3,-3.86,302,-2889,2634,0,0
152.62,3,12952.4,635.8,0.01,12997.9,45.5,-0.38,-0.09,-1.0,1.0,0.0,0.29,1,3331,804.1,1.58,0.54,-0.06,-29.42,567,87,4710,0.0135,-0.097,0.232,0.132,-38.05,30.88,303,989,-4998,0,0,4773,0.0144,-0.071,0.107,0.007,-28.55,21.39,324,522,-5213,0,0,3842,-0.0066,0.048,0.145,0.045,2.31,-4.86,351,3665,1956,0,0,3925,-0.0057,0.074,0.079,-0.021,2.05,-5.11,350,2187,2297,0,0
152.64,3,12952.7,635.91,0.01,12998.13,45.6,0.19,-0.28,-1.0,0.5,0.0,0.39,1,3540,844.6,1.63,0.45,-0.11,-35.47,567,88,4559,0.0111,-0.116,0.316,0.216,-37.85,30.68,322,2094,-4531,0,0,4675,0.0129,-0.076,0.148,0.048,-28.5,21.34,339,1417,-4957,0,0,3916,-0.0058,0.043,0.172,0.072,1.01,-6.15,351,4304,1099,0,0,4067,-0.004,0.084,0.067,-0.033,0.89,-6.28,361,3355,1461,0,0
152.66,3,12952.9,636.02,0.01,12998.36,45.9,0.35,-0.39,-1.0,0.5,0.0,0.49,1,3540,482.7,1.16,0.34,-0.2,-40.81,569,89,4333,0.0077,-0.174,0.367,0.267,-37.75,30.59,334,2397,-4141,0,0,4553,0.011,-0.094,0.172,0.072,-28.53,21.37,349,1687,-4749,0,0,3996,-0.0048,0.047,0.207,0.107,-0.14,-7.02,372,4660,391,0,0,4284,-0.0014,0.128,0.121,0.021,-0.14,-7.02,367,4407,614,0,0
152.68,3,12953.2,636.13,0.01,12998.59,46.2,0.4,-0.46,-1.0,1.0,0.0,0.59,1,3303,315.3,0.89,0.21,-0.31,-45.12,572,90,4030,0.003,-0.233,0.306,0.206,-37.78,30.62,319,2206,-3884,0,0,4407,0.0088,-0.112,0.12,0.02,-28.65,21.49,336,1472,-4656,0,0,4070,-0.004,0.043,0.094,-0.006,-1.19,-5.97,336,4560,-67,0,0,4563,0.0019,0.164,-0.001,-0.099,-1.16,-6.0,336,2431,-132,0,0
152.7,3,12953.5,636.24,0.02,12998.83,46.4,0.22,-0.51,-1.0,1.0,0.0,0.69,1,3406,653.2,1.37,0.09,-0.43,-47.58,571,91,3661,-0.0027,-0.284,0.316,0.216,-38.01,30.85,323,1859,-3616,0,0,4248,0.0064,-0.123,0.124,0.024,-28.92,21.76,340,1171,-4560,0,0,4122,-0.0033,0.031,0.142,0.042,-2.03,-5.13,358,4599,-588,0,0,4890,0.0057,0.192,0.062,-0.038,-1.92,-5.24,356,2761,-983,0,0
